{
	"pack_name": "{maid_pack.tlmpack_by_lianyebing.name}",
	"author": ["lianyebing"],
	"description": ["{maid_pack.tlmpack_by_lianyebing.desc}"],
	"date": "2022-02-13",
	"icon": "tlmpack_by_lianyebing:textures/maid_icon.png",
	"version": "1.0.0",
	"model_list": [
		{
			"model_id": "tlmpack_by_lianyebing:zacamusume202112",
			"description": ["{model.tlmpack_by_lianyebing.zacamusume202112.desc}"],
			"animation": ["touhou_little_maid:animation/maid/default/head/default.js", "touhou_little_maid:animation/maid/default/head/beg.js", "touhou_little_maid:animation/maid/default/head/music_shake.js", "touhou_little_maid:animation/maid/default/head/blink.js", "touhou_little_maid:animation/maid/default/arm/default.js", "touhou_little_maid:animation/maid/default/arm/swing.js", "touhou_little_maid:animation/maid/default/leg/default.js", "touhou_little_maid:animation/maid/default/sit/skirt_rotation.js", "touhou_little_maid:animation/maid/default/sit/default.js"]
		},
		{
			"model_id": "tlmpack_by_lianyebing:iakrus202112",
			"animation": ["touhou_little_maid:animation/maid/default/head/default.js", "touhou_little_maid:animation/maid/default/head/beg.js", "touhou_little_maid:animation/maid/default/head/music_shake.js", "touhou_little_maid:animation/maid/default/head/blink.js", "touhou_little_maid:animation/maid/default/task/danmaku_attack.js", "touhou_little_maid:animation/maid/default/armor/default.js", "touhou_little_maid:animation/maid/default/task/melon.js", "touhou_little_maid:animation/maid/default/arm/default.js", "touhou_little_maid:animation/maid/default/arm/swing.js", "touhou_little_maid:animation/maid/default/leg/default.js", "touhou_little_maid:animation/maid/default/sit/skirt_rotation.js", "touhou_little_maid:animation/maid/default/sit/default.js", "touhou_little_maid:animation/maid/default/wing/default.js"],
			"description": ["{model.tlmpack_by_lianyebing.iakrus202112.desc}"]
		},
		{
			"model_id": "tlmpack_by_lianyebing:moaistatue202112",
			"animation": ["touhou_little_maid:animation/maid/default/head/default.js", "touhou_little_maid:animation/maid/default/head/beg.js", "touhou_little_maid:animation/maid/default/head/music_shake.js", "touhou_little_maid:animation/maid/default/armor/default.js"],
			"description": ["{model.tlmpack_by_lianyebing.moaistatue202112.desc}"],
			"render_item_scale": 0.7
		},
		{
			"model_id": "tlmpack_by_lianyebing:shamare202112",
			"animation": ["touhou_little_maid:animation/maid/default/head/default.js", "touhou_little_maid:animation/maid/default/head/beg.js", "touhou_little_maid:animation/maid/default/head/music_shake.js", "touhou_little_maid:animation/maid/default/head/blink.js", "touhou_little_maid:animation/maid/default/arm/default.js", "touhou_little_maid:animation/maid/default/arm/swing.js", "touhou_little_maid:animation/maid/default/leg/default.js", "touhou_little_maid:animation/maid/default/sit/skirt_rotation.js", "touhou_little_maid:animation/maid/default/task/danmaku_attack.js", "touhou_little_maid:animation/base/float/default.js", "touhou_little_maid:animation/maid/default/sit/default.js", "touhou_little_maid:animation/maid/default/tail/default.js"],
			"description": ["{model.tlmpack_by_lianyebing.shamare202112.desc}"]
		},
		{
			"model_id": "tlmpack_by_lianyebing:sussurro202112",
			"animation": ["touhou_little_maid:animation/maid/default/head/default.js", "touhou_little_maid:animation/maid/default/head/beg.js", "touhou_little_maid:animation/maid/default/head/music_shake.js", "touhou_little_maid:animation/maid/default/head/blink.js", "touhou_little_maid:animation/maid/default/armor/reverse.js", "touhou_little_maid:animation/maid/default/arm/default.js", "touhou_little_maid:animation/maid/default/arm/swing.js", "touhou_little_maid:animation/maid/default/leg/default.js", "touhou_little_maid:animation/maid/default/armor/default.js", "touhou_little_maid:animation/maid/default/sit/default.js", "touhou_little_maid:animation/maid/default/tail/default.js"],
			"description": ["{model.tlmpack_by_lianyebing.sussurro202112.desc}"]
		},
		{
			"model_id": "tlmpack_by_lianyebing:suzuran202112",
			"animation": ["touhou_little_maid:animation/maid/default/head/default.js", "touhou_little_maid:animation/maid/default/head/beg.js", "touhou_little_maid:animation/maid/default/head/music_shake.js", "touhou_little_maid:animation/maid/default/head/blink.js", "touhou_little_maid:animation/maid/default/arm/default.js", "touhou_little_maid:animation/maid/default/arm/swing.js", "touhou_little_maid:animation/maid/default/leg/default.js", "touhou_little_maid:animation/maid/default/sit/skirt_rotation.js", "touhou_little_maid:animation/maid/default/sit/default.js", "touhou_little_maid:animation/maid/default/tail/default.js"],
			"description": ["{model.tlmpack_by_lianyebing.suzuran202112.desc}"]
		},
		{
			"model_id": "tlmpack_by_lianyebing:christmastree202112",
			"render_entity_scale": 1.25,
			"description": ["{model.tlmpack_by_lianyebing.christmastree202112.desc}"],
			"render_item_scale": 0.9,
			"animation": ["touhou_little_maid:animation/maid/default/armor/default.js", "touhou_little_maid:animation/maid/default/arm/default.js", "touhou_little_maid:animation/maid/default/arm/swing.js", "touhou_little_maid:animation/maid/default/sit/default.js"]
		}
	]
}