{
	"pack_name": "{chair_pack.tlmpack_by_lianyebing.name}",
	"author": ["lianyebing"],
	"description": ["{chair_pack.tlmpack_by_lianyebing.desc}"],
	"date": "2022-02-13",
	"icon": "tlmpack_by_lianyebing:textures/chair_icon.png",
	"version": "1.0.0",
	"model_list": [
		{
			"model_id": "tlmpack_by_lianyebing:cushioninvisible202112",
			"description": ["{model.tlmpack_by_lianyebing.cushioninvisible202112.desc}"],
			"mounted_height": 1,
			"animation": []
		},
		{
			"model_id": "tlmpack_by_lianyebing:mariotube202112",
			"render_item_scale": 0.65,
			"mounted_height": 18,
			"animation": [],
			"description": ["{model.tlmpack_by_lianyebing.mariotube202112.desc}"]
		},
		{
			"model_id": "tlmpack_by_lianyebing:christmasgift202112",
			"mounted_height": 6,
			"animation": [],
			"render_entity_scale": 1.3,
			"render_item_scale": 0.65,
			"description": ["{model.tlmpack_by_lianyebing.christmasgift202112.desc}"]
		}
	]
}