{
  "maid.mode.idle": {
    "category": "neutral",
    "subtitle": "subtitle.touhou_little_maid.maid.mode.idle",
    "replace": true,
    "sounds": [
      "usa_sound:maid/mode/idle1",
      "usa_sound:maid/mode/idle2",
      "usa_sound:maid/mode/idle3",
      "usa_sound:maid/mode/idle4",
      "usa_sound:maid/mode/idle5",
      "usa_sound:maid/mode/idle6",
      "usa_sound:maid/mode/idle7",
      "usa_sound:maid/mode/idle8",
      "usa_sound:maid/mode/idle9"
    ]
  },
  "maid.mode.attack": {
    "category": "neutral",
    "subtitle": "subtitle.touhou_little_maid.maid.mode.attack",
    "replace": true,
    "sounds": [
      "usa_sound:maid/mode/attack1",
      "usa_sound:maid/mode/attack2",
      "usa_sound:maid/mode/attack3",
      "usa_sound:maid/mode/attack4",
      "usa_sound:maid/mode/attack5",
      "usa_sound:maid/mode/attack6",
      "usa_sound:maid/mode/attack7",
      "usa_sound:maid/mode/attack8"
    ]
  },
  "maid.mode.range_attack": {
    "category": "neutral",
    "subtitle": "subtitle.touhou_little_maid.maid.mode.range_attack",
    "replace": true,
    "sounds": [
      "usa_sound:maid/mode/range_attack1",
      "usa_sound:maid/mode/range_attack2",
      "usa_sound:maid/mode/range_attack3",
      "usa_sound:maid/mode/range_attack4",
      "usa_sound:maid/mode/range_attack5",
      "usa_sound:maid/mode/range_attack6",
      "usa_sound:maid/mode/range_attack7"
    ]
  },
  "maid.mode.danmaku_attack": {
    "category": "neutral",
    "subtitle": "subtitle.touhou_little_maid.maid.mode.danmaku_attack",
    "replace": true,
    "sounds": [{
        "name": "maid.mode.range_attack",
        "type": "event"
      },
      "usa_sound:maid/mode/danmaku_attack1",
      "usa_sound:maid/mode/danmaku_attack2",
      "usa_sound:maid/mode/danmaku_attack3",
      "usa_sound:maid/mode/danmaku_attack4",
      "usa_sound:maid/mode/danmaku_attack5",
      "usa_sound:maid/mode/danmaku_attack6",
      "usa_sound:maid/mode/danmaku_attack7",
      "usa_sound:maid/mode/danmaku_attack8",
      "usa_sound:maid/mode/danmaku_attack9",
      "usa_sound:maid/mode/danmaku_attack10"
    ]
  },
  "maid.mode.farm": {
    "category": "neutral",
    "subtitle": "subtitle.touhou_little_maid.maid.mode.farm",
    "replace": true,
    "sounds": [{
        "name": "maid.mode.idle",
        "type": "event"
      },
      "usa_sound:maid/mode/farm1",
      "usa_sound:maid/mode/farm2",
      "usa_sound:maid/mode/farm3",
      "usa_sound:maid/mode/farm4"
    ]
  },
  "maid.mode.feed": {
    "category": "neutral",
    "subtitle": "subtitle.touhou_little_maid.maid.mode.feed",
    "replace": true,
    "sounds": [{
        "name": "maid.mode.idle",
        "type": "event",
        "weight": 2
      },
      "usa_sound:maid/mode/feed1",
      "usa_sound:maid/mode/feed2",
      "usa_sound:maid/mode/feed3",
      "usa_sound:maid/mode/feed4",
      "usa_sound:maid/mode/feed5",
      "usa_sound:maid/mode/feed6"
    ]
  },
  "maid.mode.shears": {
    "category": "neutral",
    "subtitle": "subtitle.touhou_little_maid.maid.mode.shears",
    "replace": true,
    "sounds": [{
        "name": "maid.mode.idle",
        "type": "event",
        "weight": 2
      },
      "usa_sound:maid/mode/shears1",
      "usa_sound:maid/mode/shears2",
      "usa_sound:maid/mode/shears3",
      "usa_sound:maid/mode/shears4",
      "usa_sound:maid/mode/shears5"
    ]
  },
  "maid.mode.milk": {
    "category": "neutral",
    "subtitle": "subtitle.touhou_little_maid.maid.mode.milk",
    "replace": true,
    "sounds": [{
        "name": "maid.mode.idle",
        "type": "event"
      },
      "usa_sound:maid/mode/milk1",
      "usa_sound:maid/mode/milk2"
    ]
  },
  "maid.mode.torch": {
    "category": "neutral",
    "subtitle": "subtitle.touhou_little_maid.maid.mode.torch",
    "replace": true,
    "sounds": [{
        "name": "maid.mode.idle",
        "type": "event"
      },
      "usa_sound:maid/mode/torch1",
      "usa_sound:maid/mode/torch2",
      "usa_sound:maid/mode/torch3"
    ]
  },
  "maid.mode.feed_animal": {
    "category": "neutral",
    "subtitle": "subtitle.touhou_little_maid.maid.mode.feed_animal",
    "replace": true,
    "sounds": [{
        "name": "maid.mode.idle",
        "type": "event"
      },
      "usa_sound:maid/mode/feed_animal1"
    ]
  },
  "maid.ai.find_target": {
    "category": "neutral",
    "subtitle": "subtitle.touhou_little_maid.maid.ai.find_target",
    "replace": true,
    "sounds": [
      "usa_sound:maid/ai/find_target1",
      "usa_sound:maid/ai/find_target2",
      "usa_sound:maid/ai/find_target3",
      "usa_sound:maid/ai/find_target4"
    ]
  },
  "maid.ai.hurt": {
    "category": "neutral",
    "subtitle": "subtitle.touhou_little_maid.maid.ai.hurt",
    "replace": true,
    "sounds": [
      "usa_sound:maid/ai/hurt1",
      "usa_sound:maid/ai/hurt2",
      "usa_sound:maid/ai/hurt3",
      "usa_sound:maid/ai/hurt4"
    ]
  },
  "maid.ai.hurt_fire": {
    "category": "neutral",
    "subtitle": "subtitle.touhou_little_maid.maid.ai.hurt_fire",
    "replace": true,
    "sounds": [{
        "name": "maid.ai.hurt",
        "type": "event"
      },
      "usa_sound:maid/ai/hurt_fire1",
      "usa_sound:maid/ai/hurt_fire2",
      "usa_sound:maid/ai/hurt_fire3"
    ]
  },
  "maid.ai.hurt_player": {
    "category": "neutral",
    "subtitle": "subtitle.touhou_little_maid.maid.ai.hurt_player",
    "replace": true,
    "sounds": [
      "usa_sound:maid/ai/hurt_player1",
      "usa_sound:maid/ai/hurt_player2"
    ]
  },
  "maid.ai.tamed": {
    "category": "neutral",
    "subtitle": "subtitle.touhou_little_maid.maid.ai.tamed",
    "replace": true,
    "sounds": [
      "usa_sound:maid/ai/tamed1",
      "usa_sound:maid/ai/tamed2",
      "usa_sound:maid/ai/tamed3",
      "usa_sound:maid/ai/tamed4",
      "usa_sound:maid/ai/tamed5"
    ]
  },
  "maid.ai.item_get": {
    "category": "neutral",
    "subtitle": "subtitle.touhou_little_maid.maid.ai.item_get",
    "replace": true,
    "sounds": [
      "usa_sound:maid/ai/item_get1",
      "usa_sound:maid/ai/item_get2",
      "usa_sound:maid/ai/item_get3",
      "usa_sound:maid/ai/item_get4"
    ]
  },
  "maid.ai.death": {
    "category": "neutral",
    "subtitle": "subtitle.touhou_little_maid.maid.ai.death",
    "replace": true,
    "sounds": [
      "usa_sound:maid/ai/death1",
      "usa_sound:maid/ai/death2"
    ]
  },
  "maid.environment.hot": {
    "category": "neutral",
    "subtitle": "subtitle.touhou_little_maid.maid.environment.hot",
    "replace": true,
    "sounds": [
      "usa_sound:maid/environment/hot1",
      "usa_sound:maid/environment/hot2",
      "usa_sound:maid/environment/hot3",
      "usa_sound:maid/environment/hot4"
    ]
  },
  "maid.environment.cold": {
    "category": "neutral",
    "subtitle": "subtitle.touhou_little_maid.maid.environment.cold",
    "replace": true,
    "sounds": [
      "usa_sound:maid/environment/cold1",
      "usa_sound:maid/environment/cold2",
      "usa_sound:maid/environment/cold3",
      "usa_sound:maid/environment/cold4"
    ]
  },
  "maid.environment.rain": {
    "category": "neutral",
    "subtitle": "subtitle.touhou_little_maid.maid.environment.rain",
    "replace": true,
    "sounds": [
      "usa_sound:maid/environment/rain1",
      "usa_sound:maid/environment/rain2",
      "usa_sound:maid/environment/rain3"
    ]
  },
  "maid.environment.snow": {
    "category": "neutral",
    "subtitle": "subtitle.touhou_little_maid.maid.environment.snow",
    "replace": true,
    "sounds": [
      "usa_sound:maid/environment/snow1",
      "usa_sound:maid/environment/snow2",
      "usa_sound:maid/environment/snow3"
    ]
  },
  "maid.environment.morning": {
    "category": "neutral",
    "subtitle": "subtitle.touhou_little_maid.maid.environment.morning",
    "replace": true,
    "sounds": [
      "usa_sound:maid/environment/morning1",
      "usa_sound:maid/environment/morning2",
      "usa_sound:maid/environment/morning3",
      "usa_sound:maid/environment/morning4"
    ]
  },
  "maid.environment.night": {
    "category": "neutral",
    "subtitle": "subtitle.touhou_little_maid.maid.environment.night",
    "replace": true,
    "sounds": [
      "usa_sound:maid/environment/night1",
      "usa_sound:maid/environment/night2",
      "usa_sound:maid/environment/night3",
      "usa_sound:maid/environment/night4"
    ]
  },
  "other.credit": {
    "category": "voice",
    "subtitle": "subtitle.touhou_little_maid.other.credit",
    "sounds": [{
      "name": "yezi_sound:credit",
      "stream": true,
      "replace": true
    }]
  }
}
