{
	"format_version": "1.10.0",
	"geometry.model": {
		"texturewidth": 32,
		"textureheight": 32,
		"visible_bounds_width": 3,
		"visible_bounds_height": 4.5,
		"visible_bounds_offset": [0, 1.75, 0],
		"bones": [
			{
				"name": "drone",
				"pivot": [0, 20, 0]
			},
			{
				"name": "main",
				"parent": "drone",
				"pivot": [0, 20, 0],
				"cubes": [
					{"origin": [-4, 16, -4], "size": [8, 8, 8], "uv": [0, 0]}
				]
			},
			{
				"name": "sphere",
				"parent": "drone",
				"pivot": [0, 20, 0],
				"cubes": [
					{"origin": [-1.5, 18.5, -4.5], "size": [3, 3, 1], "uv": [0, 0]},
					{"origin": [-1.5, 18.5, 3.5], "size": [3, 3, 1], "uv": [0, 0]}
				]
			},
			{
				"name": "teacon",
				"parent": "drone",
				"pivot": [0, 26, 0],
				"cubes": [
					{"origin": [-8.5, 26, 0], "size": [16, 16, 0], "uv": [0, 16]}
				]
			}
		]
	}
}