{
	"format_version": "1.10.0",
	"geometry.model": {
		"texturewidth": 32,
		"textureheight": 32,
		"visible_bounds_width": 2,
		"visible_bounds_height": 2,
		"visible_bounds_offset": [0, 1, 0],
		"bones": [
			{
				"name": "drone",
				"pivot": [0, 21, 0]
			},
			{
				"name": "main",
				"parent": "drone",
				"pivot": [0, 0, 0],
				"cubes": [
					{"origin": [-3, 20.5, -3], "size": [6, 1, 6], "uv": [0, 0]},
					{"origin": [-2, 19.8, -3], "size": [4, 1, 6], "uv": [0, 7], "inflate": -0.001}
				]
			},
			{
				"name": "bone14",
				"parent": "main",
				"pivot": [0, 0, 0],
				"rotation": [0, 180, 0],
				"cubes": [
					{"origin": [-1, 19.3, -1], "size": [2, 1, 2], "uv": [8, 17]}
				]
			},
			{
				"name": "bone15",
				"parent": "bone14",
				"pivot": [0, 19.05, 0],
				"rotation": [-70, 0, 0],
				"cubes": [
					{"origin": [-0.5, 16.5, -1], "size": [1, 3, 1], "uv": [0, 7], "inflate": -0.2},
					{"origin": [-0.5, 16.5, -1], "size": [1, 1, 1], "uv": [0, 16], "inflate": -0.05}
				]
			},
			{
				"name": "bone16",
				"parent": "bone14",
				"pivot": [0, 18.05, -1.5],
				"rotation": [-20, 0, 0],
				"cubes": [
					{"origin": [-0.5, 17.8, -2.5], "size": [1, 1, 2], "uv": [18, 0], "inflate": -0.2},
					{"origin": [-1, 17.3, -1.2], "size": [2, 2, 3], "uv": [14, 7], "inflate": -0.5}
				]
			},
			{
				"name": "bone5",
				"parent": "main",
				"pivot": [1.5, 0, 0],
				"rotation": [0, 0, -5]
			},
			{
				"name": "bone7",
				"parent": "bone5",
				"pivot": [1.5, 0, 0],
				"rotation": [5, 0, 0],
				"cubes": [
					{"origin": [3.8, 16.2, 3.4], "size": [1, 4, 1], "uv": [0, 0], "inflate": -0.201}
				]
			},
			{
				"name": "bone9",
				"parent": "bone5",
				"pivot": [1.5, 0, 0],
				"cubes": [
					{"origin": [3.8, 16, -3], "size": [1, 1, 6], "uv": [14, 14], "inflate": -0.2}
				]
			},
			{
				"name": "bone6",
				"parent": "main",
				"pivot": [-1.5, 0, 0],
				"rotation": [0, 180, 5]
			},
			{
				"name": "bone11",
				"parent": "bone6",
				"pivot": [-1.5, 0, 0],
				"rotation": [-5, 0, 0],
				"cubes": [
					{"origin": [0.8, 16.2, -4.4], "size": [1, 4, 1], "uv": [24, 0], "inflate": -0.201}
				]
			},
			{
				"name": "bone12",
				"parent": "bone6",
				"pivot": [-1.5, 0, 0],
				"cubes": [
					{"origin": [0.8, 16, -3], "size": [1, 1, 6], "uv": [18, 6], "inflate": -0.2}
				]
			},
			{
				"name": "bone13",
				"parent": "drone",
				"pivot": [0, 0, 0],
				"rotation": [0, -45, 0]
			},
			{
				"name": "1",
				"parent": "bone13",
				"pivot": [0, 0, -1],
				"cubes": [
					{"origin": [-0.5, 20.5, 1.8], "size": [1, 1, 6], "uv": [0, 14], "inflate": -0.2}
				]
			},
			{
				"name": "bone",
				"parent": "1",
				"pivot": [0, 0, -1],
				"cubes": [
					{"origin": [-0.5, 20.5, 7], "size": [1, 1, 1], "uv": [0, 14]},
					{"origin": [-0.5, 21.3, 7], "size": [1, 1, 1], "uv": [0, 11], "inflate": -0.2},
					{"origin": [-0.5, 20.1, 7], "size": [1, 1, 1], "uv": [0, 18], "inflate": -0.3}
				]
			},
			{
				"name": "fan",
				"parent": "1",
				"pivot": [0, 22, 7.5]
			},
			{
				"name": "fanL",
				"parent": "fan",
				"pivot": [-1.6, 22, 7.4],
				"rotation": [10, 0, 0],
				"cubes": [
					{"origin": [-3.6, 21.5, 6.4], "size": [4, 1, 2], "uv": [8, 14], "inflate": -0.45}
				]
			},
			{
				"name": "fanR",
				"parent": "fan",
				"pivot": [1.6, 22, 7.6],
				"rotation": [-10, 180, 0],
				"cubes": [
					{"origin": [-0.4, 21.5, 6.6], "size": [4, 1, 2], "uv": [8, 14], "inflate": -0.45}
				]
			},
			{
				"name": "2",
				"parent": "bone13",
				"pivot": [1, 0, 0],
				"rotation": [0, -90, 0],
				"cubes": [
					{"origin": [0.5, 20.5, 2.8], "size": [1, 1, 6], "uv": [0, 14], "inflate": -0.2}
				]
			},
			{
				"name": "bone2",
				"parent": "2",
				"pivot": [1, 0, 0],
				"cubes": [
					{"origin": [0.5, 20.5, 8], "size": [1, 1, 1], "uv": [0, 14]},
					{"origin": [0.5, 21.3, 8], "size": [1, 1, 1], "uv": [0, 11], "inflate": -0.2},
					{"origin": [0.5, 20.1, 8], "size": [1, 1, 1], "uv": [0, 18], "inflate": -0.3}
				]
			},
			{
				"name": "fan2",
				"parent": "2",
				"pivot": [1, 22, 8.5]
			},
			{
				"name": "fanL2",
				"parent": "fan2",
				"pivot": [-0.6, 22, 8.4],
				"rotation": [10, 0, 0],
				"cubes": [
					{"origin": [-2.6, 21.5, 7.4], "size": [4, 1, 2], "uv": [8, 14], "inflate": -0.45}
				]
			},
			{
				"name": "fanR2",
				"parent": "fan2",
				"pivot": [2.6, 22, 8.6],
				"rotation": [-10, 180, 0],
				"cubes": [
					{"origin": [0.6, 21.5, 7.6], "size": [4, 1, 2], "uv": [8, 14], "inflate": -0.45}
				]
			},
			{
				"name": "3",
				"parent": "bone13",
				"pivot": [0, 0, 1],
				"rotation": [0, 180, 0],
				"cubes": [
					{"origin": [-0.5, 20.5, 3.8], "size": [1, 1, 6], "uv": [0, 14], "inflate": -0.2}
				]
			},
			{
				"name": "bone3",
				"parent": "3",
				"pivot": [0, 0, 1],
				"cubes": [
					{"origin": [-0.5, 20.5, 9], "size": [1, 1, 1], "uv": [0, 14]},
					{"origin": [-0.5, 21.3, 9], "size": [1, 1, 1], "uv": [0, 11], "inflate": -0.2},
					{"origin": [-0.5, 20.1, 9], "size": [1, 1, 1], "uv": [0, 18], "inflate": -0.3}
				]
			},
			{
				"name": "fan3",
				"parent": "3",
				"pivot": [0, 22, 9.5]
			},
			{
				"name": "fanL3",
				"parent": "fan3",
				"pivot": [-1.6, 22, 9.4],
				"rotation": [10, 0, 0],
				"cubes": [
					{"origin": [-3.6, 21.5, 8.4], "size": [4, 1, 2], "uv": [8, 14], "inflate": -0.45}
				]
			},
			{
				"name": "fanR3",
				"parent": "fan3",
				"pivot": [1.6, 22, 9.6],
				"rotation": [-10, 180, 0],
				"cubes": [
					{"origin": [-0.4, 21.5, 8.6], "size": [4, 1, 2], "uv": [8, 14], "inflate": -0.45}
				]
			},
			{
				"name": "4",
				"parent": "bone13",
				"pivot": [-1, 0, 0],
				"rotation": [0, 90, 0],
				"cubes": [
					{"origin": [-1.5, 20.5, 2.8], "size": [1, 1, 6], "uv": [0, 14], "inflate": -0.2}
				]
			},
			{
				"name": "bone4",
				"parent": "4",
				"pivot": [-1, 0, 0],
				"cubes": [
					{"origin": [-1.5, 20.5, 8], "size": [1, 1, 1], "uv": [0, 14]},
					{"origin": [-1.5, 21.3, 8], "size": [1, 1, 1], "uv": [0, 11], "inflate": -0.2},
					{"origin": [-1.5, 20.1, 8], "size": [1, 1, 1], "uv": [0, 18], "inflate": -0.3}
				]
			},
			{
				"name": "fan4",
				"parent": "4",
				"pivot": [-1, 22, 8.5]
			},
			{
				"name": "fanL4",
				"parent": "fan4",
				"pivot": [-2.6, 22, 8.4],
				"rotation": [10, 0, 0],
				"cubes": [
					{"origin": [-4.6, 21.5, 7.4], "size": [4, 1, 2], "uv": [8, 14], "inflate": -0.45}
				]
			},
			{
				"name": "fanR4",
				"parent": "fan4",
				"pivot": [0.6, 22, 8.6],
				"rotation": [-10, 180, 0],
				"cubes": [
					{"origin": [-1.4, 21.5, 7.6], "size": [4, 1, 2], "uv": [8, 14], "inflate": -0.45}
				]
			},
			{
				"name": "armRight",
				"pivot": [0, 0, 0]
			},
			{
				"name": "armRightPositioningBone",
				"parent": "armRight",
				"pivot": [0, 12, -4],
				"cubes": [
					{"origin": [-1, 0, 0], "size": [1, 1, 1], "uv": [28, 0]}
				]
			}
		]
	}
}