{
	"format_version": "1.10.0",
	"geometry.model": {
		"texturewidth": 16,
		"textureheight": 16,
		"visible_bounds_width": 2,
		"visible_bounds_height": 1,
		"visible_bounds_offset": [0, 0.5, 0],
		"bones": [
			{
				"name": "drone",
				"pivot": [0, -4.25, 0]
			},
			{
				"name": "main",
				"parent": "drone",
				"pivot": [0, -4.75, 0]
			},
			{
				"name": "bone53",
				"parent": "main",
				"pivot": [0, -4.75, 0],
				"cubes": [
					{"origin": [-0.5, 15.75, -0.13397], "size": [1, 1.5, 2], "uv": [0, 0], "inflate": 0.01}
				]
			},
			{
				"name": "bone54",
				"parent": "main",
				"pivot": [0, -4.75, 0],
				"rotation": [0, -30, 0],
				"cubes": [
					{"origin": [-0.5, 15.75, -0.13397], "size": [1, 1.5, 2], "uv": [0, 0], "inflate": 0.01}
				]
			},
			{
				"name": "bone55",
				"parent": "main",
				"pivot": [0, -4.75, 0],
				"rotation": [0, -60, 0],
				"cubes": [
					{"origin": [-0.5, 15.75, -0.13397], "size": [1, 1.5, 2], "uv": [0, 0], "inflate": 0.01}
				]
			},
			{
				"name": "bone56",
				"parent": "main",
				"pivot": [0, -4.75, 0],
				"rotation": [0, -90, 0],
				"cubes": [
					{"origin": [-0.5, 15.75, -0.13397], "size": [1, 1.5, 2], "uv": [0, 0], "inflate": 0.01}
				]
			},
			{
				"name": "bone57",
				"parent": "main",
				"pivot": [0, -4.75, 0],
				"rotation": [0, -120, 0],
				"cubes": [
					{"origin": [-0.5, 15.75, -0.13397], "size": [1, 1.5, 2], "uv": [0, 0], "inflate": 0.01}
				]
			},
			{
				"name": "bone58",
				"parent": "main",
				"pivot": [0, -4.75, 0],
				"rotation": [0, -150, 0],
				"cubes": [
					{"origin": [-0.5, 15.75, -0.13397], "size": [1, 1.5, 2], "uv": [0, 0], "inflate": 0.01}
				]
			},
			{
				"name": "bone59",
				"parent": "main",
				"pivot": [0, -4.75, 0],
				"rotation": [0, -180, 0],
				"cubes": [
					{"origin": [-0.5, 15.75, -0.13397], "size": [1, 1.5, 2], "uv": [0, 0], "inflate": 0.01}
				]
			},
			{
				"name": "bone60",
				"parent": "main",
				"pivot": [0, -4.75, 0],
				"rotation": [0, -210, 0],
				"cubes": [
					{"origin": [-0.5, 15.75, -0.13397], "size": [1, 1.5, 2], "uv": [0, 0], "inflate": 0.01}
				]
			},
			{
				"name": "bone61",
				"parent": "main",
				"pivot": [0, -4.75, 0],
				"rotation": [0, -240, 0],
				"cubes": [
					{"origin": [-0.5, 15.75, -0.13397], "size": [1, 1.5, 2], "uv": [0, 0], "inflate": 0.01}
				]
			},
			{
				"name": "bone62",
				"parent": "main",
				"pivot": [0, -4.75, 0],
				"rotation": [0, -270, 0],
				"cubes": [
					{"origin": [-0.5, 15.75, -0.13397], "size": [1, 1.5, 2], "uv": [0, 0], "inflate": 0.01}
				]
			},
			{
				"name": "bone63",
				"parent": "main",
				"pivot": [0, -4.75, 0],
				"rotation": [0, -300, 0],
				"cubes": [
					{"origin": [-0.5, 15.75, -0.13397], "size": [1, 1.5, 2], "uv": [0, 0], "inflate": 0.01}
				]
			},
			{
				"name": "bone64",
				"parent": "main",
				"pivot": [0, -4.75, 0],
				"rotation": [0, -330, 0],
				"cubes": [
					{"origin": [-0.5, 15.75, -0.13397], "size": [1, 1.5, 2], "uv": [0, 0], "inflate": 0.01}
				]
			},
			{
				"name": "fan",
				"parent": "drone",
				"pivot": [0, -4.25, 0]
			},
			{
				"name": "ring",
				"parent": "fan",
				"pivot": [0, -4.25, 0]
			},
			{
				"name": "ring1",
				"parent": "ring",
				"pivot": [0, -4.25, 0]
			},
			{
				"name": "bone19",
				"parent": "ring1",
				"pivot": [0, -4.25, 1]
			},
			{
				"name": "bone20",
				"parent": "bone19",
				"pivot": [-5, -4.25, -3.5],
				"cubes": [
					{"origin": [-0.5, 16, -2.98633], "size": [1, 1, 1], "uv": [0, 8]}
				]
			},
			{
				"name": "bone21",
				"parent": "bone19",
				"pivot": [-5, -4.25, -3.5],
				"rotation": [0, -22.5, 0],
				"cubes": [
					{"origin": [-1.26329, 16, -4.82363], "size": [1, 1, 1], "uv": [0, 8]}
				]
			},
			{
				"name": "bone22",
				"parent": "bone19",
				"pivot": [-5, -4.25, -3.5],
				"rotation": [0, -45, 0],
				"cubes": [
					{"origin": [-2.67157, 16, -6.22897], "size": [1, 1, 1], "uv": [0, 8]}
				]
			},
			{
				"name": "bone23",
				"parent": "bone19",
				"pivot": [-5, -4.25, -3.5],
				"rotation": [0, -67.5, 0],
				"cubes": [
					{"origin": [-4.51046, 16, -6.98841], "size": [1, 1, 1], "uv": [0, 8]}
				]
			},
			{
				"name": "bone24",
				"parent": "bone19",
				"pivot": [-5, -4.25, -3.5],
				"rotation": [0, -90, 0],
				"cubes": [
					{"origin": [-6.5, 16, -6.98633], "size": [1, 1, 1], "uv": [0, 8]}
				]
			},
			{
				"name": "bone25",
				"parent": "bone19",
				"pivot": [-5, -4.25, -3.5],
				"rotation": [0, -112.5, 0],
				"cubes": [
					{"origin": [-8.3373, 16, -6.22304], "size": [1, 1, 1], "uv": [0, 8]}
				]
			},
			{
				"name": "bone26",
				"parent": "bone19",
				"pivot": [-5, -4.25, -3.5],
				"rotation": [0, -135, 0],
				"cubes": [
					{"origin": [-9.74264, 16, -4.81476], "size": [1, 1, 1], "uv": [0, 8]}
				]
			},
			{
				"name": "bone27",
				"parent": "bone19",
				"pivot": [-5, -4.25, -3.5],
				"rotation": [0, -157.5, 0],
				"cubes": [
					{"origin": [-10.50208, 16, -2.97587], "size": [1, 1, 1], "uv": [0, 8]}
				]
			},
			{
				"name": "bone28",
				"parent": "bone19",
				"pivot": [-5, -4.25, -3.5],
				"rotation": [0, -180, 0],
				"cubes": [
					{"origin": [-10.5, 16, -0.98633], "size": [1, 1, 1], "uv": [0, 8]}
				]
			},
			{
				"name": "bone29",
				"parent": "bone19",
				"pivot": [-5, -4.25, -3.5],
				"rotation": [0, -202.5, 0],
				"cubes": [
					{"origin": [-9.73671, 16, 0.85097], "size": [1, 1, 1], "uv": [0, 8]}
				]
			},
			{
				"name": "bone30",
				"parent": "bone19",
				"pivot": [-5, -4.25, -3.5],
				"rotation": [0, -225, 0],
				"cubes": [
					{"origin": [-8.32843, 16, 2.25631], "size": [1, 1, 1], "uv": [0, 8]}
				]
			},
			{
				"name": "bone31",
				"parent": "bone19",
				"pivot": [-5, -4.25, -3.5],
				"rotation": [0, -247.5, 0],
				"cubes": [
					{"origin": [-6.48954, 16, 3.01575], "size": [1, 1, 1], "uv": [0, 8]}
				]
			},
			{
				"name": "bone32",
				"parent": "bone19",
				"pivot": [-5, -4.25, -3.5],
				"rotation": [0, -270, 0],
				"cubes": [
					{"origin": [-4.5, 16, 3.01367], "size": [1, 1, 1], "uv": [0, 8]}
				]
			},
			{
				"name": "bone33",
				"parent": "bone19",
				"pivot": [-5, -4.25, -3.5],
				"rotation": [0, -292.5, 0],
				"cubes": [
					{"origin": [-2.6627, 16, 2.25038], "size": [1, 1, 1], "uv": [0, 8]}
				]
			},
			{
				"name": "bone34",
				"parent": "bone19",
				"pivot": [-5, -4.25, -3.5],
				"rotation": [0, -315, 0],
				"cubes": [
					{"origin": [-1.25736, 16, 0.8421], "size": [1, 1, 1], "uv": [0, 8]}
				]
			},
			{
				"name": "bone35",
				"parent": "bone19",
				"pivot": [-5, -4.25, -3.5],
				"rotation": [0, -337.5, 0],
				"cubes": [
					{"origin": [-0.49792, 16, -0.99679], "size": [1, 1, 1], "uv": [0, 8]}
				]
			},
			{
				"name": "bone126",
				"parent": "ring1",
				"pivot": [0, -4.25, 1]
			},
			{
				"name": "bone127",
				"parent": "bone126",
				"pivot": [-5, -4.25, -3.5],
				"cubes": [
					{"origin": [-0.5, 16, -3.48633], "size": [1, 1, 1], "uv": [6, 6], "inflate": -0.1}
				]
			},
			{
				"name": "bone128",
				"parent": "bone126",
				"pivot": [-5, -4.25, -3.5],
				"rotation": [0, -22.5, 0],
				"cubes": [
					{"origin": [-1.26329, 16, -5.32363], "size": [1, 1, 1], "uv": [6, 6], "inflate": -0.1}
				]
			},
			{
				"name": "bone129",
				"parent": "bone126",
				"pivot": [-5, -4.25, -3.5],
				"rotation": [0, -45, 0],
				"cubes": [
					{"origin": [-2.67157, 16, -6.72897], "size": [1, 1, 1], "uv": [6, 6], "inflate": -0.1}
				]
			},
			{
				"name": "bone130",
				"parent": "bone126",
				"pivot": [-5, -4.25, -3.5],
				"rotation": [0, -67.5, 0],
				"cubes": [
					{"origin": [-4.51046, 16, -7.48841], "size": [1, 1, 1], "uv": [6, 6], "inflate": -0.1}
				]
			},
			{
				"name": "bone131",
				"parent": "bone126",
				"pivot": [-5, -4.25, -3.5],
				"rotation": [0, -90, 0],
				"cubes": [
					{"origin": [-6.5, 16, -7.48633], "size": [1, 1, 1], "uv": [6, 6], "inflate": -0.1}
				]
			},
			{
				"name": "bone132",
				"parent": "bone126",
				"pivot": [-5, -4.25, -3.5],
				"rotation": [0, -112.5, 0],
				"cubes": [
					{"origin": [-8.3373, 16, -6.72304], "size": [1, 1, 1], "uv": [6, 6], "inflate": -0.1}
				]
			},
			{
				"name": "bone133",
				"parent": "bone126",
				"pivot": [-5, -4.25, -3.5],
				"rotation": [0, -135, 0],
				"cubes": [
					{"origin": [-9.74264, 16, -5.31476], "size": [1, 1, 1], "uv": [6, 6], "inflate": -0.1}
				]
			},
			{
				"name": "bone134",
				"parent": "bone126",
				"pivot": [-5, -4.25, -3.5],
				"rotation": [0, -157.5, 0],
				"cubes": [
					{"origin": [-10.50208, 16, -3.47587], "size": [1, 1, 1], "uv": [6, 6], "inflate": -0.1}
				]
			},
			{
				"name": "bone135",
				"parent": "bone126",
				"pivot": [-5, -4.25, -3.5],
				"rotation": [0, -180, 0],
				"cubes": [
					{"origin": [-10.5, 16, -1.48633], "size": [1, 1, 1], "uv": [6, 6], "inflate": -0.1}
				]
			},
			{
				"name": "bone136",
				"parent": "bone126",
				"pivot": [-5, -4.25, -3.5],
				"rotation": [0, -202.5, 0],
				"cubes": [
					{"origin": [-9.73671, 16, 0.35097], "size": [1, 1, 1], "uv": [6, 6], "inflate": -0.1}
				]
			},
			{
				"name": "bone137",
				"parent": "bone126",
				"pivot": [-5, -4.25, -3.5],
				"rotation": [0, -225, 0],
				"cubes": [
					{"origin": [-8.32843, 16, 1.75631], "size": [1, 1, 1], "uv": [6, 6], "inflate": -0.1}
				]
			},
			{
				"name": "bone138",
				"parent": "bone126",
				"pivot": [-5, -4.25, -3.5],
				"rotation": [0, -247.5, 0],
				"cubes": [
					{"origin": [-6.48954, 16, 2.51575], "size": [1, 1, 1], "uv": [6, 6], "inflate": -0.1}
				]
			},
			{
				"name": "bone139",
				"parent": "bone126",
				"pivot": [-5, -4.25, -3.5],
				"rotation": [0, -270, 0],
				"cubes": [
					{"origin": [-4.5, 16, 2.51367], "size": [1, 1, 1], "uv": [6, 6], "inflate": -0.1}
				]
			},
			{
				"name": "bone140",
				"parent": "bone126",
				"pivot": [-5, -4.25, -3.5],
				"rotation": [0, -292.5, 0],
				"cubes": [
					{"origin": [-2.6627, 16, 1.75038], "size": [1, 1, 1], "uv": [6, 6], "inflate": -0.1}
				]
			},
			{
				"name": "bone141",
				"parent": "bone126",
				"pivot": [-5, -4.25, -3.5],
				"rotation": [0, -315, 0],
				"cubes": [
					{"origin": [-1.25736, 16, 0.3421], "size": [1, 1, 1], "uv": [6, 6], "inflate": -0.1}
				]
			},
			{
				"name": "bone142",
				"parent": "bone126",
				"pivot": [-5, -4.25, -3.5],
				"rotation": [0, -337.5, 0],
				"cubes": [
					{"origin": [-0.49792, 16, -1.49679], "size": [1, 1, 1], "uv": [6, 6], "inflate": -0.1}
				]
			},
			{
				"name": "ring2",
				"parent": "ring",
				"pivot": [0, -4.25, 0],
				"rotation": [0, -120, 0]
			},
			{
				"name": "bone15",
				"parent": "ring2",
				"pivot": [0, -4.25, 1]
			},
			{
				"name": "bone16",
				"parent": "bone15",
				"pivot": [-5, -4.25, -3.5],
				"cubes": [
					{"origin": [-0.5, 16, -2.98633], "size": [1, 1, 1], "uv": [0, 12]}
				]
			},
			{
				"name": "bone17",
				"parent": "bone15",
				"pivot": [-5, -4.25, -3.5],
				"rotation": [0, -22.5, 0],
				"cubes": [
					{"origin": [-1.26329, 16, -4.82363], "size": [1, 1, 1], "uv": [0, 8]}
				]
			},
			{
				"name": "bone18",
				"parent": "bone15",
				"pivot": [-5, -4.25, -3.5],
				"rotation": [0, -45, 0],
				"cubes": [
					{"origin": [-2.67157, 16, -6.22897], "size": [1, 1, 1], "uv": [0, 8]}
				]
			},
			{
				"name": "bone36",
				"parent": "bone15",
				"pivot": [-5, -4.25, -3.5],
				"rotation": [0, -67.5, 0],
				"cubes": [
					{"origin": [-4.51046, 16, -6.98841], "size": [1, 1, 1], "uv": [0, 8]}
				]
			},
			{
				"name": "bone37",
				"parent": "bone15",
				"pivot": [-5, -4.25, -3.5],
				"rotation": [0, -90, 0],
				"cubes": [
					{"origin": [-6.5, 16, -6.98633], "size": [1, 1, 1], "uv": [0, 8]}
				]
			},
			{
				"name": "bone38",
				"parent": "bone15",
				"pivot": [-5, -4.25, -3.5],
				"rotation": [0, -112.5, 0],
				"cubes": [
					{"origin": [-8.3373, 16, -6.22304], "size": [1, 1, 1], "uv": [0, 8]}
				]
			},
			{
				"name": "bone39",
				"parent": "bone15",
				"pivot": [-5, -4.25, -3.5],
				"rotation": [0, -135, 0],
				"cubes": [
					{"origin": [-9.74264, 16, -4.81476], "size": [1, 1, 1], "uv": [0, 8]}
				]
			},
			{
				"name": "bone40",
				"parent": "bone15",
				"pivot": [-5, -4.25, -3.5],
				"rotation": [0, -157.5, 0],
				"cubes": [
					{"origin": [-10.50208, 16, -2.97587], "size": [1, 1, 1], "uv": [0, 8]}
				]
			},
			{
				"name": "bone41",
				"parent": "bone15",
				"pivot": [-5, -4.25, -3.5],
				"rotation": [0, -180, 0],
				"cubes": [
					{"origin": [-10.5, 16, -0.98633], "size": [1, 1, 1], "uv": [0, 8]}
				]
			},
			{
				"name": "bone42",
				"parent": "bone15",
				"pivot": [-5, -4.25, -3.5],
				"rotation": [0, -202.5, 0],
				"cubes": [
					{"origin": [-9.73671, 16, 0.85097], "size": [1, 1, 1], "uv": [0, 8]}
				]
			},
			{
				"name": "bone43",
				"parent": "bone15",
				"pivot": [-5, -4.25, -3.5],
				"rotation": [0, -225, 0],
				"cubes": [
					{"origin": [-8.32843, 16, 2.25631], "size": [1, 1, 1], "uv": [0, 8]}
				]
			},
			{
				"name": "bone44",
				"parent": "bone15",
				"pivot": [-5, -4.25, -3.5],
				"rotation": [0, -247.5, 0],
				"cubes": [
					{"origin": [-6.48954, 16, 3.01575], "size": [1, 1, 1], "uv": [0, 8]}
				]
			},
			{
				"name": "bone45",
				"parent": "bone15",
				"pivot": [-5, -4.25, -3.5],
				"rotation": [0, -270, 0],
				"cubes": [
					{"origin": [-4.5, 16, 3.01367], "size": [1, 1, 1], "uv": [0, 8]}
				]
			},
			{
				"name": "bone46",
				"parent": "bone15",
				"pivot": [-5, -4.25, -3.5],
				"rotation": [0, -292.5, 0],
				"cubes": [
					{"origin": [-2.6627, 16, 2.25038], "size": [1, 1, 1], "uv": [0, 8]}
				]
			},
			{
				"name": "bone47",
				"parent": "bone15",
				"pivot": [-5, -4.25, -3.5],
				"rotation": [0, -315, 0],
				"cubes": [
					{"origin": [-1.25736, 16, 0.8421], "size": [1, 1, 1], "uv": [0, 8]}
				]
			},
			{
				"name": "bone48",
				"parent": "bone15",
				"pivot": [-5, -4.25, -3.5],
				"rotation": [0, -337.5, 0],
				"cubes": [
					{"origin": [-0.49792, 16, -0.99679], "size": [1, 1, 1], "uv": [0, 8]}
				]
			},
			{
				"name": "bone49",
				"parent": "ring2",
				"pivot": [0, -4.25, 1]
			},
			{
				"name": "bone50",
				"parent": "bone49",
				"pivot": [-5, -4.25, -3.5],
				"cubes": [
					{"origin": [-0.5, 16, -3.48633], "size": [1, 1, 1], "uv": [6, 6], "inflate": -0.1}
				]
			},
			{
				"name": "bone51",
				"parent": "bone49",
				"pivot": [-5, -4.25, -3.5],
				"rotation": [0, -22.5, 0],
				"cubes": [
					{"origin": [-1.26329, 16, -5.32363], "size": [1, 1, 1], "uv": [6, 6], "inflate": -0.1}
				]
			},
			{
				"name": "bone52",
				"parent": "bone49",
				"pivot": [-5, -4.25, -3.5],
				"rotation": [0, -45, 0],
				"cubes": [
					{"origin": [-2.67157, 16, -6.72897], "size": [1, 1, 1], "uv": [6, 6], "inflate": -0.1}
				]
			},
			{
				"name": "bone65",
				"parent": "bone49",
				"pivot": [-5, -4.25, -3.5],
				"rotation": [0, -67.5, 0],
				"cubes": [
					{"origin": [-4.51046, 16, -7.48841], "size": [1, 1, 1], "uv": [6, 6], "inflate": -0.1}
				]
			},
			{
				"name": "bone66",
				"parent": "bone49",
				"pivot": [-5, -4.25, -3.5],
				"rotation": [0, -90, 0],
				"cubes": [
					{"origin": [-6.5, 16, -7.48633], "size": [1, 1, 1], "uv": [6, 6], "inflate": -0.1}
				]
			},
			{
				"name": "bone67",
				"parent": "bone49",
				"pivot": [-5, -4.25, -3.5],
				"rotation": [0, -112.5, 0],
				"cubes": [
					{"origin": [-8.3373, 16, -6.72304], "size": [1, 1, 1], "uv": [6, 6], "inflate": -0.1}
				]
			},
			{
				"name": "bone68",
				"parent": "bone49",
				"pivot": [-5, -4.25, -3.5],
				"rotation": [0, -135, 0],
				"cubes": [
					{"origin": [-9.74264, 16, -5.31476], "size": [1, 1, 1], "uv": [6, 6], "inflate": -0.1}
				]
			},
			{
				"name": "bone69",
				"parent": "bone49",
				"pivot": [-5, -4.25, -3.5],
				"rotation": [0, -157.5, 0],
				"cubes": [
					{"origin": [-10.50208, 16, -3.47587], "size": [1, 1, 1], "uv": [6, 6], "inflate": -0.1}
				]
			},
			{
				"name": "bone70",
				"parent": "bone49",
				"pivot": [-5, -4.25, -3.5],
				"rotation": [0, -180, 0],
				"cubes": [
					{"origin": [-10.5, 16, -1.48633], "size": [1, 1, 1], "uv": [6, 6], "inflate": -0.1}
				]
			},
			{
				"name": "bone71",
				"parent": "bone49",
				"pivot": [-5, -4.25, -3.5],
				"rotation": [0, -202.5, 0],
				"cubes": [
					{"origin": [-9.73671, 16, 0.35097], "size": [1, 1, 1], "uv": [6, 6], "inflate": -0.1}
				]
			},
			{
				"name": "bone72",
				"parent": "bone49",
				"pivot": [-5, -4.25, -3.5],
				"rotation": [0, -225, 0],
				"cubes": [
					{"origin": [-8.32843, 16, 1.75631], "size": [1, 1, 1], "uv": [6, 6], "inflate": -0.1}
				]
			},
			{
				"name": "bone73",
				"parent": "bone49",
				"pivot": [-5, -4.25, -3.5],
				"rotation": [0, -247.5, 0],
				"cubes": [
					{"origin": [-6.48954, 16, 2.51575], "size": [1, 1, 1], "uv": [6, 6], "inflate": -0.1}
				]
			},
			{
				"name": "bone74",
				"parent": "bone49",
				"pivot": [-5, -4.25, -3.5],
				"rotation": [0, -270, 0],
				"cubes": [
					{"origin": [-4.5, 16, 2.51367], "size": [1, 1, 1], "uv": [6, 6], "inflate": -0.1}
				]
			},
			{
				"name": "bone75",
				"parent": "bone49",
				"pivot": [-5, -4.25, -3.5],
				"rotation": [0, -292.5, 0],
				"cubes": [
					{"origin": [-2.6627, 16, 1.75038], "size": [1, 1, 1], "uv": [6, 6], "inflate": -0.1}
				]
			},
			{
				"name": "bone76",
				"parent": "bone49",
				"pivot": [-5, -4.25, -3.5],
				"rotation": [0, -315, 0],
				"cubes": [
					{"origin": [-1.25736, 16, 0.3421], "size": [1, 1, 1], "uv": [6, 6], "inflate": -0.1}
				]
			},
			{
				"name": "bone77",
				"parent": "bone49",
				"pivot": [-5, -4.25, -3.5],
				"rotation": [0, -337.5, 0],
				"cubes": [
					{"origin": [-0.49792, 16, -1.49679], "size": [1, 1, 1], "uv": [6, 6], "inflate": -0.1}
				]
			},
			{
				"name": "ring3",
				"parent": "ring",
				"pivot": [0, -4.25, 0],
				"rotation": [0, 120, 0]
			},
			{
				"name": "bone78",
				"parent": "ring3",
				"pivot": [0, -4.25, 1]
			},
			{
				"name": "bone79",
				"parent": "bone78",
				"pivot": [-5, -4.25, -3.5],
				"cubes": [
					{"origin": [-0.5, 16, -2.98633], "size": [1, 1, 1], "uv": [0, 8]}
				]
			},
			{
				"name": "bone80",
				"parent": "bone78",
				"pivot": [-5, -4.25, -3.5],
				"rotation": [0, -22.5, 0],
				"cubes": [
					{"origin": [-1.26329, 16, -4.82363], "size": [1, 1, 1], "uv": [0, 8]}
				]
			},
			{
				"name": "bone81",
				"parent": "bone78",
				"pivot": [-5, -4.25, -3.5],
				"rotation": [0, -45, 0],
				"cubes": [
					{"origin": [-2.67157, 16, -6.22897], "size": [1, 1, 1], "uv": [0, 8]}
				]
			},
			{
				"name": "bone82",
				"parent": "bone78",
				"pivot": [-5, -4.25, -3.5],
				"rotation": [0, -67.5, 0],
				"cubes": [
					{"origin": [-4.51046, 16, -6.98841], "size": [1, 1, 1], "uv": [0, 8]}
				]
			},
			{
				"name": "bone83",
				"parent": "bone78",
				"pivot": [-5, -4.25, -3.5],
				"rotation": [0, -90, 0],
				"cubes": [
					{"origin": [-6.5, 16, -6.98633], "size": [1, 1, 1], "uv": [0, 8]}
				]
			},
			{
				"name": "bone84",
				"parent": "bone78",
				"pivot": [-5, -4.25, -3.5],
				"rotation": [0, -112.5, 0],
				"cubes": [
					{"origin": [-8.3373, 16, -6.22304], "size": [1, 1, 1], "uv": [0, 8]}
				]
			},
			{
				"name": "bone85",
				"parent": "bone78",
				"pivot": [-5, -4.25, -3.5],
				"rotation": [0, -135, 0],
				"cubes": [
					{"origin": [-9.74264, 16, -4.81476], "size": [1, 1, 1], "uv": [0, 8]}
				]
			},
			{
				"name": "bone86",
				"parent": "bone78",
				"pivot": [-5, -4.25, -3.5],
				"rotation": [0, -157.5, 0],
				"cubes": [
					{"origin": [-10.50208, 16, -2.97587], "size": [1, 1, 1], "uv": [0, 8]}
				]
			},
			{
				"name": "bone87",
				"parent": "bone78",
				"pivot": [-5, -4.25, -3.5],
				"rotation": [0, -180, 0],
				"cubes": [
					{"origin": [-10.5, 16, -0.98633], "size": [1, 1, 1], "uv": [0, 8]}
				]
			},
			{
				"name": "bone88",
				"parent": "bone78",
				"pivot": [-5, -4.25, -3.5],
				"rotation": [0, -202.5, 0],
				"cubes": [
					{"origin": [-9.73671, 16, 0.85097], "size": [1, 1, 1], "uv": [0, 8]}
				]
			},
			{
				"name": "bone89",
				"parent": "bone78",
				"pivot": [-5, -4.25, -3.5],
				"rotation": [0, -225, 0],
				"cubes": [
					{"origin": [-8.32843, 16, 2.25631], "size": [1, 1, 1], "uv": [0, 8]}
				]
			},
			{
				"name": "bone90",
				"parent": "bone78",
				"pivot": [-5, -4.25, -3.5],
				"rotation": [0, -247.5, 0],
				"cubes": [
					{"origin": [-6.48954, 16, 3.01575], "size": [1, 1, 1], "uv": [0, 8]}
				]
			},
			{
				"name": "bone91",
				"parent": "bone78",
				"pivot": [-5, -4.25, -3.5],
				"rotation": [0, -270, 0],
				"cubes": [
					{"origin": [-4.5, 16, 3.01367], "size": [1, 1, 1], "uv": [0, 8]}
				]
			},
			{
				"name": "bone92",
				"parent": "bone78",
				"pivot": [-5, -4.25, -3.5],
				"rotation": [0, -292.5, 0],
				"cubes": [
					{"origin": [-2.6627, 16, 2.25038], "size": [1, 1, 1], "uv": [0, 8]}
				]
			},
			{
				"name": "bone93",
				"parent": "bone78",
				"pivot": [-5, -4.25, -3.5],
				"rotation": [0, -315, 0],
				"cubes": [
					{"origin": [-1.25736, 16, 0.8421], "size": [1, 1, 1], "uv": [0, 8]}
				]
			},
			{
				"name": "bone94",
				"parent": "bone78",
				"pivot": [-5, -4.25, -3.5],
				"rotation": [0, -337.5, 0],
				"cubes": [
					{"origin": [-0.49792, 16, -0.99679], "size": [1, 1, 1], "uv": [0, 8]}
				]
			},
			{
				"name": "bone95",
				"parent": "ring3",
				"pivot": [0, -4.25, 1]
			},
			{
				"name": "bone96",
				"parent": "bone95",
				"pivot": [-5, -4.25, -3.5],
				"cubes": [
					{"origin": [-0.5, 16, -3.48633], "size": [1, 1, 1], "uv": [6, 6], "inflate": -0.1}
				]
			},
			{
				"name": "bone97",
				"parent": "bone95",
				"pivot": [-5, -4.25, -3.5],
				"rotation": [0, -22.5, 0],
				"cubes": [
					{"origin": [-1.26329, 16, -5.32363], "size": [1, 1, 1], "uv": [6, 6], "inflate": -0.1}
				]
			},
			{
				"name": "bone98",
				"parent": "bone95",
				"pivot": [-5, -4.25, -3.5],
				"rotation": [0, -45, 0],
				"cubes": [
					{"origin": [-2.67157, 16, -6.72897], "size": [1, 1, 1], "uv": [6, 6], "inflate": -0.1}
				]
			},
			{
				"name": "bone99",
				"parent": "bone95",
				"pivot": [-5, -4.25, -3.5],
				"rotation": [0, -67.5, 0],
				"cubes": [
					{"origin": [-4.51046, 16, -7.48841], "size": [1, 1, 1], "uv": [6, 6], "inflate": -0.1}
				]
			},
			{
				"name": "bone100",
				"parent": "bone95",
				"pivot": [-5, -4.25, -3.5],
				"rotation": [0, -90, 0],
				"cubes": [
					{"origin": [-6.5, 16, -7.48633], "size": [1, 1, 1], "uv": [6, 6], "inflate": -0.1}
				]
			},
			{
				"name": "bone101",
				"parent": "bone95",
				"pivot": [-5, -4.25, -3.5],
				"rotation": [0, -112.5, 0],
				"cubes": [
					{"origin": [-8.3373, 16, -6.72304], "size": [1, 1, 1], "uv": [6, 6], "inflate": -0.1}
				]
			},
			{
				"name": "bone102",
				"parent": "bone95",
				"pivot": [-5, -4.25, -3.5],
				"rotation": [0, -135, 0],
				"cubes": [
					{"origin": [-9.74264, 16, -5.31476], "size": [1, 1, 1], "uv": [6, 6], "inflate": -0.1}
				]
			},
			{
				"name": "bone103",
				"parent": "bone95",
				"pivot": [-5, -4.25, -3.5],
				"rotation": [0, -157.5, 0],
				"cubes": [
					{"origin": [-10.50208, 16, -3.47587], "size": [1, 1, 1], "uv": [6, 6], "inflate": -0.1}
				]
			},
			{
				"name": "bone104",
				"parent": "bone95",
				"pivot": [-5, -4.25, -3.5],
				"rotation": [0, -180, 0],
				"cubes": [
					{"origin": [-10.5, 16, -1.48633], "size": [1, 1, 1], "uv": [6, 6], "inflate": -0.1}
				]
			},
			{
				"name": "bone105",
				"parent": "bone95",
				"pivot": [-5, -4.25, -3.5],
				"rotation": [0, -202.5, 0],
				"cubes": [
					{"origin": [-9.73671, 16, 0.35097], "size": [1, 1, 1], "uv": [6, 6], "inflate": -0.1}
				]
			},
			{
				"name": "bone106",
				"parent": "bone95",
				"pivot": [-5, -4.25, -3.5],
				"rotation": [0, -225, 0],
				"cubes": [
					{"origin": [-8.32843, 16, 1.75631], "size": [1, 1, 1], "uv": [6, 6], "inflate": -0.1}
				]
			},
			{
				"name": "bone107",
				"parent": "bone95",
				"pivot": [-5, -4.25, -3.5],
				"rotation": [0, -247.5, 0],
				"cubes": [
					{"origin": [-6.48954, 16, 2.51575], "size": [1, 1, 1], "uv": [6, 6], "inflate": -0.1}
				]
			},
			{
				"name": "bone108",
				"parent": "bone95",
				"pivot": [-5, -4.25, -3.5],
				"rotation": [0, -270, 0],
				"cubes": [
					{"origin": [-4.5, 16, 2.51367], "size": [1, 1, 1], "uv": [6, 6], "inflate": -0.1}
				]
			},
			{
				"name": "bone109",
				"parent": "bone95",
				"pivot": [-5, -4.25, -3.5],
				"rotation": [0, -292.5, 0],
				"cubes": [
					{"origin": [-2.6627, 16, 1.75038], "size": [1, 1, 1], "uv": [6, 6], "inflate": -0.1}
				]
			},
			{
				"name": "bone110",
				"parent": "bone95",
				"pivot": [-5, -4.25, -3.5],
				"rotation": [0, -315, 0],
				"cubes": [
					{"origin": [-1.25736, 16, 0.3421], "size": [1, 1, 1], "uv": [6, 6], "inflate": -0.1}
				]
			},
			{
				"name": "bone111",
				"parent": "bone95",
				"pivot": [-5, -4.25, -3.5],
				"rotation": [0, -337.5, 0],
				"cubes": [
					{"origin": [-0.49792, 16, -1.49679], "size": [1, 1, 1], "uv": [6, 6], "inflate": -0.1}
				]
			},
			{
				"name": "bone2",
				"parent": "fan",
				"pivot": [0, -4.25, 0]
			},
			{
				"name": "bone119",
				"parent": "bone2",
				"pivot": [0, -4.25, 0],
				"cubes": [
					{"origin": [-1.25, 16, -3], "size": [2.5, 1, 3], "uv": [0, 8]}
				]
			},
			{
				"name": "bone120",
				"parent": "bone2",
				"pivot": [0, -4.25, 0],
				"rotation": [0, -120, 0],
				"cubes": [
					{"origin": [-1.25, 16, -3], "size": [2.5, 1, 3], "uv": [0, 12]}
				]
			},
			{
				"name": "bone121",
				"parent": "bone2",
				"pivot": [0, -4.25, 0],
				"rotation": [0, 120, 0],
				"cubes": [
					{"origin": [-1.25, 16, -3], "size": [2.5, 1, 3], "uv": [0, 12]}
				]
			},
			{
				"name": "bone122",
				"parent": "bone2",
				"pivot": [0, -4.25, 0],
				"rotation": [0, -60, 0],
				"cubes": [
					{"origin": [-1.25, 16, -2.2], "size": [2.5, 1, 1], "uv": [0, 5]}
				]
			},
			{
				"name": "bone123",
				"parent": "bone2",
				"pivot": [0, -4.25, 0],
				"rotation": [0, 180, 0],
				"cubes": [
					{"origin": [-1.25, 16, -2.2], "size": [2.5, 1, 1], "uv": [0, 5]}
				]
			},
			{
				"name": "bone124",
				"parent": "bone2",
				"pivot": [0, -4.25, 0],
				"rotation": [0, 60, 0],
				"cubes": [
					{"origin": [-1.25, 16, -2.2], "size": [2.5, 1, 1], "uv": [0, 5]}
				]
			},
			{
				"name": "bone7",
				"parent": "bone2",
				"pivot": [0, -4.25, 0]
			},
			{
				"name": "bone6",
				"parent": "bone7",
				"pivot": [0, -4.25, 0],
				"rotation": [0, -22.5, 0],
				"cubes": [
					{"origin": [0.86156, 16, 0.83134], "size": [2, 1, 1], "uv": [0, 5]}
				]
			},
			{
				"name": "bone5",
				"parent": "bone7",
				"pivot": [0, -4.25, 0],
				"rotation": [0, 22.5, 0],
				"cubes": [
					{"origin": [-2.86156, 16, 0.83134], "size": [2, 1, 1], "uv": [10, 0]}
				]
			},
			{
				"name": "bone8",
				"parent": "bone2",
				"pivot": [0, -4.25, 0],
				"rotation": [0, 120, 0]
			},
			{
				"name": "bone9",
				"parent": "bone8",
				"pivot": [0, -4.25, 0],
				"rotation": [0, -22.5, 0],
				"cubes": [
					{"origin": [0.86156, 16, 0.83134], "size": [2, 1, 1], "uv": [0, 5]}
				]
			},
			{
				"name": "bone10",
				"parent": "bone8",
				"pivot": [0, -4.25, 0],
				"rotation": [0, 22.5, 0],
				"cubes": [
					{"origin": [-2.86156, 16, 0.83134], "size": [2, 1, 1], "uv": [0, 5]}
				]
			},
			{
				"name": "bone11",
				"parent": "bone2",
				"pivot": [0, -4.25, 0],
				"rotation": [0, -120, 0]
			},
			{
				"name": "bone12",
				"parent": "bone11",
				"pivot": [0, -4.25, 0],
				"rotation": [0, -22.5, 0],
				"cubes": [
					{"origin": [0.86156, 16, 0.83134], "size": [2, 1, 1], "uv": [0, 5]}
				]
			},
			{
				"name": "bone13",
				"parent": "bone11",
				"pivot": [0, -4.25, 0],
				"rotation": [0, 22.5, 0],
				"cubes": [
					{"origin": [-2.86156, 16, 0.83134], "size": [2, 1, 1], "uv": [0, 5]}
				]
			}
		]
	}
}