{
    "pack_name": "{chair_pack.godzilla_random_thing.name}",
    "author": [
        "Godzilla"
    ],
    "description": [
        "{chair_pack.godzilla_random_thing.desc}"
    ],
    "date": "2020-06-09",
    "icon": "godzilla_random_thing:textures/maid_icon.png",
    "version": "1.0.0",
    "model_list": [
        {
            "model_id": "godzilla_random_thing:katyusha",
            "description": [
                "{model.godzilla_random_thing.katyusha.desc}"
            ],
            "mounted_height": 6
        }
    ]
}