{
	"pack_name": "{maid_pack.godzilla_random_thing.name}",
	"author": ["Godzilla"],
	"description": ["{maid_pack.godzilla_random_thing.desc}"],
	"date": "2020-06-09",
	"icon": "godzilla_random_thing:textures/maid_icon.png",
	"version": "1.0.1",
	"model_list": [
		{
			"model_id": "godzilla_random_thing:rima",
			"description": ["{model.godzilla_random_thing.rima.desc}"]
		},
		{
			"model_id": "godzilla_random_thing:the_lady_in_yellow",
			"description": ["{model.godzilla_random_thing.the_lady_in_yellow.desc}"]
		},
		{
			"model_id": "godzilla_random_thing:indian_tricycle",
			"render_item_scale": 0.7,
			"show_backpack": false,
			"show_custom_head": false,
			"can_hold_trolley": false,
			"show_hata": false,
			"can_hold_vehicle": false,
			"can_riding_broom": false,
			"animation": []
		},
		{
			"model_id": "godzilla_random_thing:quin_neko",
			"animation": ["touhou_little_maid:animation/maid/default/head/default.js", "touhou_little_maid:animation/maid/default/head/beg.js", "touhou_little_maid:animation/maid/default/head/music_shake.js", "touhou_little_maid:animation/maid/default/arm/default.js", "touhou_little_maid:animation/maid/default/arm/swing.js", "touhou_little_maid:animation/maid/default/leg/default.js", "", "touhou_little_maid:animation/maid/default/sit/default.js"],
			"render_entity_scale": 0.75
		},
		{
			"model_id": "godzilla_random_thing:maid_fairy_a",
			"animation": ["touhou_little_maid:animation/maid/default/head/default.js", "touhou_little_maid:animation/maid/default/head/beg.js", "touhou_little_maid:animation/maid/default/head/music_shake.js", "touhou_little_maid:animation/maid/default/head/blink.js", "touhou_little_maid:animation/maid/default/arm/default.js", "touhou_little_maid:animation/maid/default/arm/swing.js", "touhou_little_maid:animation/maid/default/leg/default.js", "touhou_little_maid:animation/maid/default/sit/default.js"],
			"render_entity_scale": 0.75
		},
		{
			"model_id": "godzilla_random_thing:maid_fairy_b",
			"render_entity_scale": 0.75,
			"animation": ["touhou_little_maid:animation/maid/default/head/default.js", "touhou_little_maid:animation/maid/default/head/beg.js", "touhou_little_maid:animation/maid/default/head/music_shake.js", "touhou_little_maid:animation/maid/default/head/blink.js", "touhou_little_maid:animation/maid/default/arm/default.js", "touhou_little_maid:animation/maid/default/arm/swing.js", "touhou_little_maid:animation/maid/default/leg/default.js", "touhou_little_maid:animation/maid/default/sit/default.js"]
		}
	]
}