{
	"format_version": "1.12.0",
	"minecraft:geometry": [
		{
			"description": {
				"identifier": "geometry.model",
				"texture_width": 128,
				"texture_height": 128,
				"visible_bounds_width": 3,
				"visible_bounds_height": 5,
				"visible_bounds_offset": [0, 1.5, 0]
			},
			"bones": [
				{
					"name": "armRight",
					"pivot": [-3.75, 25.75, 0]
				},
				{
					"name": "bone22",
					"parent": "armRight",
					"pivot": [-2.75, 25.75, 0],
					"cubes": [
						{
							"origin": [-5.25, 18.75, -1.5],
							"size": [3, 7, 3],
							"inflate": -0.1,
							"uv": {
								"north": {"uv": [65, 49], "uv_size": [3, 7]},
								"east": {"uv": [62, 49], "uv_size": [3, 7]},
								"south": {"uv": [71, 49], "uv_size": [3, 7]},
								"west": {"uv": [68, 49], "uv_size": [3, 7]},
								"up": {"uv": [65, 46], "uv_size": [3, 3]},
								"down": {"uv": [68, 49], "uv_size": [3, -3]}
							}
						},
						{
							"origin": [-5.25, 24.96, -1.5],
							"size": [3, 1, 3],
							"uv": {
								"north": {"uv": [9, 28], "uv_size": [3, 1]},
								"east": {"uv": [9, 30], "uv_size": [3, 1]},
								"south": {"uv": [9, 30], "uv_size": [3, 1]},
								"west": {"uv": [9, 28], "uv_size": [3, 1]},
								"up": {"uv": [9, 28], "uv_size": [3, 3]},
								"down": {"uv": [9, 31], "uv_size": [3, -3]}
							}
						},
						{
							"origin": [-5.6, 18.75, -1.5],
							"size": [1, 7, 3],
							"uv": {
								"north": {"uv": [9, 16], "uv_size": [1, 7]},
								"east": {"uv": [9, 16], "uv_size": [3, 7]},
								"south": {"uv": [9, 16], "uv_size": [1, 7]},
								"west": {"uv": [9, 47], "uv_size": [3, 7]},
								"up": {"uv": [9, 16], "uv_size": [1, 3]},
								"down": {"uv": [9, 19], "uv_size": [1, -3]}
							}
						},
						{
							"origin": [-5.601, 18.75, -1.5],
							"size": [1, 7, 3],
							"pivot": [-3.75, 21, 0],
							"rotation": [0, -90, 0],
							"uv": {
								"north": {"uv": [9, 16], "uv_size": [1, 7]},
								"east": {"uv": [9, 16], "uv_size": [3, 7]},
								"south": {"uv": [9, 16], "uv_size": [1, 7]},
								"west": {"uv": [9, 47], "uv_size": [3, 7]},
								"up": {"uv": [9, 16], "uv_size": [1, 3]},
								"down": {"uv": [9, 19], "uv_size": [1, -3]}
							}
						},
						{
							"origin": [-5.6, 18.75, -1.5],
							"size": [1, 7, 3],
							"pivot": [-3.75, 21, 0],
							"rotation": [0, 180, 0],
							"uv": {
								"north": {"uv": [9, 16], "uv_size": [1, 7]},
								"east": {"uv": [9, 16], "uv_size": [3, 7]},
								"south": {"uv": [9, 16], "uv_size": [1, 7]},
								"west": {"uv": [9, 47], "uv_size": [3, 7]},
								"up": {"uv": [9, 16], "uv_size": [1, 3]},
								"down": {"uv": [9, 19], "uv_size": [1, -3]}
							}
						},
						{
							"origin": [-5.601, 18.75, -1.5],
							"size": [1, 7, 3],
							"pivot": [-3.75, 21, 0],
							"rotation": [0, 90, 0],
							"uv": {
								"north": {"uv": [9, 16], "uv_size": [1, 7]},
								"east": {"uv": [9, 16], "uv_size": [3, 7]},
								"south": {"uv": [9, 16], "uv_size": [1, 7]},
								"west": {"uv": [9, 47], "uv_size": [3, 7]},
								"up": {"uv": [9, 16], "uv_size": [1, 3]},
								"down": {"uv": [9, 19], "uv_size": [1, -3]}
							}
						},
						{
							"origin": [-5.25, 18.55, -1.5],
							"size": [3, 1, 3],
							"uv": {
								"north": {"uv": [9, 28], "uv_size": [3, 1]},
								"east": {"uv": [9, 30], "uv_size": [3, 1]},
								"south": {"uv": [9, 30], "uv_size": [3, 1]},
								"west": {"uv": [9, 28], "uv_size": [3, 1]},
								"up": {"uv": [9, 28], "uv_size": [3, 3]},
								"down": {"uv": [9, 31], "uv_size": [3, -3]}
							}
						}
					]
				},
				{
					"name": "bone21",
					"parent": "armRight",
					"pivot": [-3.75, 18.751, 0]
				},
				{
					"name": "bone",
					"parent": "bone21",
					"pivot": [0, 0, 0],
					"cubes": [
						{
							"origin": [-5.47, 15.75, -1.5],
							"size": [1, 3, 3],
							"uv": {
								"north": {"uv": [9, 23], "uv_size": [1, 3]},
								"east": {"uv": [9, 23], "uv_size": [3, 3]},
								"south": {"uv": [9, 23], "uv_size": [1, 3]},
								"west": {"uv": [9, 23], "uv_size": [3, 3]},
								"up": {"uv": [9, 28], "uv_size": [1, 3]},
								"down": {"uv": [9, 31], "uv_size": [1, -3]}
							}
						},
						{
							"origin": [-5.47, 15.75, -1.5],
							"size": [1, 3, 3],
							"pivot": [-3.75, 21, 0],
							"rotation": [0, -90, 0],
							"uv": {
								"north": {"uv": [9, 23], "uv_size": [1, 3]},
								"east": {"uv": [9, 23], "uv_size": [3, 3]},
								"south": {"uv": [9, 23], "uv_size": [1, 3]},
								"west": {"uv": [9, 23], "uv_size": [3, 3]},
								"up": {"uv": [9, 28], "uv_size": [1, 3]},
								"down": {"uv": [9, 31], "uv_size": [1, -3]}
							}
						},
						{
							"origin": [-5.47, 15.75, -1.5],
							"size": [1, 3, 3],
							"pivot": [-3.75, 21, 0],
							"rotation": [0, 180, 0],
							"uv": {
								"north": {"uv": [9, 23], "uv_size": [1, 3]},
								"east": {"uv": [9, 23], "uv_size": [3, 3]},
								"south": {"uv": [9, 23], "uv_size": [1, 3]},
								"west": {"uv": [9, 23], "uv_size": [3, 3]},
								"up": {"uv": [9, 28], "uv_size": [1, 3]},
								"down": {"uv": [9, 31], "uv_size": [1, -3]}
							}
						},
						{
							"origin": [-5.47, 15.75, -1.5],
							"size": [1, 3, 3],
							"pivot": [-3.75, 21, 0],
							"rotation": [0, 90, 0],
							"uv": {
								"north": {"uv": [9, 23], "uv_size": [1, 3]},
								"east": {"uv": [9, 23], "uv_size": [3, 3]},
								"south": {"uv": [9, 23], "uv_size": [1, 3]},
								"west": {"uv": [9, 23], "uv_size": [3, 3]},
								"up": {"uv": [9, 28], "uv_size": [1, 3]},
								"down": {"uv": [9, 31], "uv_size": [1, -3]}
							}
						},
						{
							"origin": [-5.25, 17.851, -1.5],
							"size": [3, 1, 3],
							"uv": {
								"north": {"uv": [9, 28], "uv_size": [3, 1]},
								"east": {"uv": [9, 30], "uv_size": [3, 1]},
								"south": {"uv": [9, 30], "uv_size": [3, 1]},
								"west": {"uv": [9, 28], "uv_size": [3, 1]},
								"up": {"uv": [9, 28], "uv_size": [3, 3]},
								"down": {"uv": [9, 31], "uv_size": [3, -3]}
							}
						}
					]
				},
				{
					"name": "handRight",
					"parent": "bone21",
					"pivot": [-3.75, 15.95, 0],
					"cubes": [
						{
							"origin": [-5.25, 12.95, -1.5],
							"size": [3, 3, 3],
							"inflate": -0.1,
							"uv": {
								"north": {"uv": [9, 38], "uv_size": [3, 3]},
								"east": {"uv": [9, 38], "uv_size": [3, 3]},
								"south": {"uv": [9, 38], "uv_size": [3, 3]},
								"west": {"uv": [9, 38], "uv_size": [3, 3]},
								"up": {"uv": [9, 31], "uv_size": [3, 3]},
								"down": {"uv": [9, 34], "uv_size": [3, -3]}
							}
						},
						{
							"origin": [-5.25, 14.75, 0.53],
							"size": [3, 1, 1],
							"uv": {
								"north": {"uv": [9, 27], "uv_size": [1, 1]},
								"east": {"uv": [9, 27], "uv_size": [1, 1]},
								"south": {"uv": [9, 27], "uv_size": [1, 1]},
								"west": {"uv": [9, 27], "uv_size": [1, 1]},
								"up": {"uv": [10, 28], "uv_size": [-1, -1]},
								"down": {"uv": [10, 28], "uv_size": [-1, -1]}
							}
						},
						{
							"origin": [-5.27, 14.75, -1.5],
							"size": [1, 1, 3],
							"uv": {
								"north": {"uv": [9, 27], "uv_size": [3, 1]},
								"east": {"uv": [9, 27], "uv_size": [3, 1]},
								"south": {"uv": [9, 27], "uv_size": [3, 1]},
								"west": {"uv": [9, 27], "uv_size": [3, 1]},
								"up": {"uv": [12, 28], "uv_size": [-3, -1]},
								"down": {"uv": [12, 28], "uv_size": [-3, -1]}
							}
						},
						{
							"origin": [-3.25, 14.75, -1.5],
							"size": [1, 1, 3],
							"uv": {
								"north": {"uv": [9, 27], "uv_size": [3, 1]},
								"east": {"uv": [9, 27], "uv_size": [3, 1]},
								"south": {"uv": [9, 27], "uv_size": [3, 1]},
								"west": {"uv": [9, 27], "uv_size": [3, 1]},
								"up": {"uv": [12, 28], "uv_size": [-3, -1]},
								"down": {"uv": [12, 28], "uv_size": [-3, -1]}
							}
						},
						{
							"origin": [-5.25, 14.75, -1.53],
							"size": [3, 1, 1],
							"uv": {
								"north": {"uv": [9, 27], "uv_size": [1, 1]},
								"east": {"uv": [9, 27], "uv_size": [1, 1]},
								"south": {"uv": [9, 27], "uv_size": [1, 1]},
								"west": {"uv": [9, 27], "uv_size": [1, 1]},
								"up": {"uv": [10, 28], "uv_size": [-1, -1]},
								"down": {"uv": [10, 28], "uv_size": [-1, -1]}
							}
						},
						{
							"origin": [-5.25, 14.851, -1.5],
							"size": [3, 1, 3],
							"uv": {
								"north": {"uv": [9, 28], "uv_size": [3, 1]},
								"east": {"uv": [9, 30], "uv_size": [3, 1]},
								"south": {"uv": [9, 30], "uv_size": [3, 1]},
								"west": {"uv": [9, 28], "uv_size": [3, 1]},
								"up": {"uv": [9, 28], "uv_size": [3, 3]},
								"down": {"uv": [9, 31], "uv_size": [3, -3]}
							}
						}
					]
				},
				{
					"name": "armRightPositioningBone",
					"parent": "armRight",
					"pivot": [-3.75, 12.5, -0.5]
				},
				{
					"name": "armLeft",
					"pivot": [3.75, 25.75, 0]
				},
				{
					"name": "bone77",
					"parent": "armLeft",
					"pivot": [2.75, 25.75, 0],
					"cubes": [
						{
							"origin": [2.25, 18.75, -1.5],
							"size": [3, 7, 3],
							"inflate": -0.1,
							"uv": {
								"north": {"uv": [68, 49], "uv_size": [-3, 7]},
								"east": {"uv": [71, 49], "uv_size": [-3, 7]},
								"south": {"uv": [74, 49], "uv_size": [-3, 7]},
								"west": {"uv": [65, 49], "uv_size": [-3, 7]},
								"up": {"uv": [68, 46], "uv_size": [-3, 3]},
								"down": {"uv": [71, 49], "uv_size": [-3, -3]}
							}
						},
						{
							"origin": [2.25, 24.96, -1.5],
							"size": [3, 1, 3],
							"uv": {
								"north": {"uv": [12, 28], "uv_size": [-3, 1]},
								"east": {"uv": [12, 28], "uv_size": [-3, 1]},
								"south": {"uv": [12, 30], "uv_size": [-3, 1]},
								"west": {"uv": [12, 30], "uv_size": [-3, 1]},
								"up": {"uv": [12, 28], "uv_size": [-3, 3]},
								"down": {"uv": [12, 31], "uv_size": [-3, -3]}
							}
						},
						{
							"origin": [4.6, 18.75, -1.5],
							"size": [1, 7, 3],
							"uv": {
								"north": {"uv": [10, 16], "uv_size": [-1, 7]},
								"east": {"uv": [12, 47], "uv_size": [-3, 7]},
								"south": {"uv": [10, 16], "uv_size": [-1, 7]},
								"west": {"uv": [12, 16], "uv_size": [-3, 7]},
								"up": {"uv": [10, 16], "uv_size": [-1, 3]},
								"down": {"uv": [10, 19], "uv_size": [-1, -3]}
							}
						},
						{
							"origin": [4.601, 18.75, -1.5],
							"size": [1, 7, 3],
							"pivot": [3.75, 21, 0],
							"rotation": [0, 90, 0],
							"uv": {
								"north": {"uv": [10, 16], "uv_size": [-1, 7]},
								"east": {"uv": [12, 47], "uv_size": [-3, 7]},
								"south": {"uv": [10, 16], "uv_size": [-1, 7]},
								"west": {"uv": [12, 16], "uv_size": [-3, 7]},
								"up": {"uv": [10, 16], "uv_size": [-1, 3]},
								"down": {"uv": [10, 19], "uv_size": [-1, -3]}
							}
						},
						{
							"origin": [4.6, 18.75, -1.5],
							"size": [1, 7, 3],
							"pivot": [3.75, 21, 0],
							"rotation": [0, -180, 0],
							"uv": {
								"north": {"uv": [10, 16], "uv_size": [-1, 7]},
								"east": {"uv": [12, 47], "uv_size": [-3, 7]},
								"south": {"uv": [10, 16], "uv_size": [-1, 7]},
								"west": {"uv": [12, 16], "uv_size": [-3, 7]},
								"up": {"uv": [10, 16], "uv_size": [-1, 3]},
								"down": {"uv": [10, 19], "uv_size": [-1, -3]}
							}
						},
						{
							"origin": [4.601, 18.75, -1.5],
							"size": [1, 7, 3],
							"pivot": [3.75, 21, 0],
							"rotation": [0, -90, 0],
							"uv": {
								"north": {"uv": [10, 16], "uv_size": [-1, 7]},
								"east": {"uv": [12, 47], "uv_size": [-3, 7]},
								"south": {"uv": [10, 16], "uv_size": [-1, 7]},
								"west": {"uv": [12, 16], "uv_size": [-3, 7]},
								"up": {"uv": [10, 16], "uv_size": [-1, 3]},
								"down": {"uv": [10, 19], "uv_size": [-1, -3]}
							}
						},
						{
							"origin": [2.25, 18.55, -1.5],
							"size": [3, 1, 3],
							"uv": {
								"north": {"uv": [12, 28], "uv_size": [-3, 1]},
								"east": {"uv": [12, 28], "uv_size": [-3, 1]},
								"south": {"uv": [12, 30], "uv_size": [-3, 1]},
								"west": {"uv": [12, 30], "uv_size": [-3, 1]},
								"up": {"uv": [12, 28], "uv_size": [-3, 3]},
								"down": {"uv": [12, 31], "uv_size": [-3, -3]}
							}
						}
					]
				},
				{
					"name": "bone78",
					"parent": "armLeft",
					"pivot": [3.75, 18.751, 0]
				},
				{
					"name": "bone79",
					"parent": "bone78",
					"pivot": [0, 0, 0],
					"cubes": [
						{
							"origin": [4.47, 15.75, -1.5],
							"size": [1, 3, 3],
							"uv": {
								"north": {"uv": [10, 23], "uv_size": [-1, 3]},
								"east": {"uv": [12, 23], "uv_size": [-3, 3]},
								"south": {"uv": [10, 23], "uv_size": [-1, 3]},
								"west": {"uv": [12, 23], "uv_size": [-3, 3]},
								"up": {"uv": [10, 28], "uv_size": [-1, 3]},
								"down": {"uv": [10, 31], "uv_size": [-1, -3]}
							}
						},
						{
							"origin": [4.47, 15.75, -1.5],
							"size": [1, 3, 3],
							"pivot": [3.75, 21, 0],
							"rotation": [0, 90, 0],
							"uv": {
								"north": {"uv": [10, 23], "uv_size": [-1, 3]},
								"east": {"uv": [12, 23], "uv_size": [-3, 3]},
								"south": {"uv": [10, 23], "uv_size": [-1, 3]},
								"west": {"uv": [12, 23], "uv_size": [-3, 3]},
								"up": {"uv": [10, 28], "uv_size": [-1, 3]},
								"down": {"uv": [10, 31], "uv_size": [-1, -3]}
							}
						},
						{
							"origin": [4.47, 15.75, -1.5],
							"size": [1, 3, 3],
							"pivot": [3.75, 21, 0],
							"rotation": [0, -180, 0],
							"uv": {
								"north": {"uv": [10, 23], "uv_size": [-1, 3]},
								"east": {"uv": [12, 23], "uv_size": [-3, 3]},
								"south": {"uv": [10, 23], "uv_size": [-1, 3]},
								"west": {"uv": [12, 23], "uv_size": [-3, 3]},
								"up": {"uv": [10, 28], "uv_size": [-1, 3]},
								"down": {"uv": [10, 31], "uv_size": [-1, -3]}
							}
						},
						{
							"origin": [4.47, 15.75, -1.5],
							"size": [1, 3, 3],
							"pivot": [3.75, 21, 0],
							"rotation": [0, -90, 0],
							"uv": {
								"north": {"uv": [10, 23], "uv_size": [-1, 3]},
								"east": {"uv": [12, 23], "uv_size": [-3, 3]},
								"south": {"uv": [10, 23], "uv_size": [-1, 3]},
								"west": {"uv": [12, 23], "uv_size": [-3, 3]},
								"up": {"uv": [10, 28], "uv_size": [-1, 3]},
								"down": {"uv": [10, 31], "uv_size": [-1, -3]}
							}
						},
						{
							"origin": [2.25, 17.851, -1.5],
							"size": [3, 1, 3],
							"uv": {
								"north": {"uv": [12, 28], "uv_size": [-3, 1]},
								"east": {"uv": [12, 28], "uv_size": [-3, 1]},
								"south": {"uv": [12, 30], "uv_size": [-3, 1]},
								"west": {"uv": [12, 30], "uv_size": [-3, 1]},
								"up": {"uv": [12, 28], "uv_size": [-3, 3]},
								"down": {"uv": [12, 31], "uv_size": [-3, -3]}
							}
						}
					]
				},
				{
					"name": "handLeft",
					"parent": "bone78",
					"pivot": [3.75, 15.95, 0],
					"cubes": [
						{
							"origin": [2.25, 12.95, -1.5],
							"size": [3, 3, 3],
							"inflate": -0.1,
							"uv": {
								"north": {"uv": [12, 38], "uv_size": [-3, 3]},
								"east": {"uv": [12, 38], "uv_size": [-3, 3]},
								"south": {"uv": [12, 38], "uv_size": [-3, 3]},
								"west": {"uv": [12, 38], "uv_size": [-3, 3]},
								"up": {"uv": [12, 31], "uv_size": [-3, 3]},
								"down": {"uv": [12, 34], "uv_size": [-3, -3]}
							}
						},
						{
							"origin": [2.25, 14.75, 0.53],
							"size": [3, 1, 1],
							"uv": {
								"north": {"uv": [10, 27], "uv_size": [-1, 1]},
								"east": {"uv": [10, 27], "uv_size": [-1, 1]},
								"south": {"uv": [10, 27], "uv_size": [-1, 1]},
								"west": {"uv": [10, 27], "uv_size": [-1, 1]},
								"up": {"uv": [9, 28], "uv_size": [1, -1]},
								"down": {"uv": [9, 28], "uv_size": [1, -1]}
							}
						},
						{
							"origin": [4.27, 14.75, -1.5],
							"size": [1, 1, 3],
							"uv": {
								"north": {"uv": [12, 27], "uv_size": [-3, 1]},
								"east": {"uv": [12, 27], "uv_size": [-3, 1]},
								"south": {"uv": [12, 27], "uv_size": [-3, 1]},
								"west": {"uv": [12, 27], "uv_size": [-3, 1]},
								"up": {"uv": [9, 28], "uv_size": [3, -1]},
								"down": {"uv": [9, 28], "uv_size": [3, -1]}
							}
						},
						{
							"origin": [2.25, 14.75, -1.5],
							"size": [1, 1, 3],
							"uv": {
								"north": {"uv": [12, 27], "uv_size": [-3, 1]},
								"east": {"uv": [12, 27], "uv_size": [-3, 1]},
								"south": {"uv": [12, 27], "uv_size": [-3, 1]},
								"west": {"uv": [12, 27], "uv_size": [-3, 1]},
								"up": {"uv": [9, 28], "uv_size": [3, -1]},
								"down": {"uv": [9, 28], "uv_size": [3, -1]}
							}
						},
						{
							"origin": [2.25, 14.75, -1.53],
							"size": [3, 1, 1],
							"uv": {
								"north": {"uv": [10, 27], "uv_size": [-1, 1]},
								"east": {"uv": [10, 27], "uv_size": [-1, 1]},
								"south": {"uv": [10, 27], "uv_size": [-1, 1]},
								"west": {"uv": [10, 27], "uv_size": [-1, 1]},
								"up": {"uv": [9, 28], "uv_size": [1, -1]},
								"down": {"uv": [9, 28], "uv_size": [1, -1]}
							}
						},
						{
							"origin": [2.25, 14.851, -1.5],
							"size": [3, 1, 3],
							"uv": {
								"north": {"uv": [12, 28], "uv_size": [-3, 1]},
								"east": {"uv": [12, 28], "uv_size": [-3, 1]},
								"south": {"uv": [12, 30], "uv_size": [-3, 1]},
								"west": {"uv": [12, 30], "uv_size": [-3, 1]},
								"up": {"uv": [12, 28], "uv_size": [-3, 3]},
								"down": {"uv": [12, 31], "uv_size": [-3, -3]}
							}
						}
					]
				},
				{
					"name": "armLeftPositioningBone",
					"parent": "armLeft",
					"pivot": [3.75, 12.5, -0.5]
				}
			]
		}
	]
}