{
	"format_version": "1.10.0",
	"geometry.model": {
		"texturewidth": 64,
		"textureheight": 32,
		"visible_bounds_width": 2,
		"visible_bounds_height": 2.5,
		"visible_bounds_offset": [0, 0.75, 0],
		"bones": [
			{
				"name": "head",
				"pivot": [0, 16, 0],
				"cubes": [
					{"origin": [-4, 16, -4], "size": [8, 8, 8], "uv": [0, 0]},
					{"origin": [-4, 12, 1], "size": [8, 4, 3], "uv": [24, 0]},
					{"origin": [-5, 20, 0.2], "size": [1, 3, 3], "uv": [24, 18]},
					{"origin": [4, 20, 0.2], "size": [1, 3, 3], "uv": [24, 18]},
					{"origin": [-2, 19.2, 4], "size": [4, 4, 2], "uv": [52, 10]},
					{"origin": [-1.5, 13.8, 4], "size": [3, 9, 3], "uv": [46, 20]},
					{"origin": [-5.5, 14.8, 0.9], "size": [1, 8, 2], "uv": [58, 21]},
					{"origin": [4.5, 14.8, 0.9], "size": [1, 8, 2], "uv": [58, 21], "mirror": true}
				]
			},
			{
				"name": "blink",
				"parent": "head",
				"pivot": [0, 16, 0],
				"cubes": [
					{"origin": [0, 17, -4.001], "size": [4, 4, 0], "uv": [42, 19], "inflate": 0.001},
					{"origin": [-4, 17, -4.001], "size": [4, 4, 0], "uv": [32, 19], "inflate": 0.001}
				]
			},
			{
				"name": "body",
				"pivot": [0, 16, 0],
				"cubes": [
					{"origin": [-3, 9, -2], "size": [6, 7, 4], "uv": [32, 8]}
				]
			},
			{
				"name": "sittingRotationSkirt",
				"parent": "body",
				"pivot": [0, 11, 0]
			},
			{
				"name": "skirt",
				"parent": "sittingRotationSkirt",
				"pivot": [0, 9, 0],
				"cubes": [
					{"origin": [-4, 3, -4], "size": [8, 8, 8], "uv": [0, 16]}
				]
			},
			{
				"name": "armLeft",
				"pivot": [3, 15, 0],
				"rotation": [0, 0, -25],
				"cubes": [
					{"origin": [2.78869, 7.54685, -1], "size": [2, 8, 2], "uv": [56, 0]}
				]
			},
			{
				"name": "armRight",
				"pivot": [-3, 15, 0],
				"rotation": [0, 0, 25],
				"cubes": [
					{"origin": [-4.78869, 7.54685, -1], "size": [2, 8, 2], "uv": [48, 0]}
				]
			},
			{
				"name": "legLeft",
				"pivot": [1, 9, 0],
				"cubes": [
					{"origin": [0, 0, -2], "size": [3, 9, 4], "uv": [32, 19], "mirror": true}
				]
			},
			{
				"name": "legRight",
				"pivot": [-1, 9, 0],
				"cubes": [
					{"origin": [-3, 0, -2], "size": [3, 9, 4], "uv": [32, 19]}
				]
			},
			{
				"name": "backpackPositioningBone",
				"pivot": [0, 15, 0]
			}
		]
	}
}