{
	"format_version": "1.10.0",
	"geometry.model": {
		"texturewidth": 64,
		"textureheight": 64,
		"visible_bounds_width": 3,
		"visible_bounds_height": 3,
		"visible_bounds_offset": [0, 1.5, 0],
		"bones": [
			{
				"name": "head",
				"pivot": [-0.064, 18.21875, 0],
				"cubes": [
					{"origin": [-4.064, 18.21875, -4], "size": [8, 8, 8], "uv": [0, 0]}
				]
			},
			{
				"name": "blink",
				"parent": "head",
				"pivot": [-0.064, 0.21875, 0],
				"cubes": [
					{"origin": [-4.064, 18.21875, -4.001], "size": [8, 8, 0], "uv": [32, 8]}
				]
			},
			{
				"name": "headleave3",
				"parent": "head",
				"pivot": [5.18478, 17.06905, -2.5],
				"rotation": [0, 0, 15],
				"cubes": [
					{"origin": [2.68478, 13.88105, -4], "size": [1, 4, 1], "uv": [59, 21]}
				]
			},
			{
				"name": "headleave4",
				"parent": "head",
				"pivot": [5.18478, 17.06905, -2.5],
				"rotation": [0, 0, -15],
				"cubes": [
					{"origin": [-3.44722, 16.58905, -3.89844], "size": [1, 4, 1], "uv": [59, 21]}
				]
			},
			{
				"name": "headleave5",
				"parent": "head",
				"pivot": [-2.41522, 15.76905, -3.5],
				"rotation": [0, 0, -25],
				"cubes": [
					{"origin": [-3.21522, 14.26905, -4], "size": [1, 3, 1], "uv": [59, 21]},
					{"origin": [-3.21522, 13.07705, -3.67578], "size": [1, 3, 1], "uv": [59, 21]}
				]
			},
			{
				"name": "headleave6",
				"parent": "head",
				"pivot": [-2.91522, 17.86905, -3.5],
				"rotation": [0, 0, -15],
				"cubes": [
					{"origin": [1.58478, 11.80105, -3.67578], "size": [1, 3, 1], "uv": [59, 21]}
				]
			},
			{
				"name": "headleave7",
				"parent": "head",
				"pivot": [-2.41522, 15.76905, -3.5],
				"rotation": [0, 0, 25],
				"cubes": [
					{"origin": [1.68478, 15.73305, -3.67578], "size": [1, 3, 1], "uv": [59, 21]},
					{"origin": [1.68478, 15.23705, -3.88281], "size": [1, 3, 1], "uv": [59, 21]}
				]
			},
			{
				"name": "headleave8",
				"parent": "head",
				"pivot": [-2.91522, 17.86905, -3.5],
				"rotation": [0, 0, 15],
				"cubes": [
					{"origin": [-2.91522, 13.18105, -3.67578], "size": [1, 3, 1], "uv": [59, 21]}
				]
			},
			{
				"name": "headleave16",
				"parent": "head",
				"pivot": [-2.41522, 15.76905, -3.5],
				"rotation": [-26, 0, 0],
				"cubes": [
					{"origin": [-1.05322, 26.59639, -4.28841], "size": [2, 3, 3.488], "uv": [0, 47]}
				]
			},
			{
				"name": "headleave33",
				"parent": "head",
				"pivot": [3.09078, 28.18108, -4.3522],
				"rotation": [-21, 25, 0],
				"cubes": [
					{"origin": [-2.57884, 27.57587, -0.1369], "size": [4, 2, 2], "uv": [0, 47]},
					{"origin": [-7.12884, 27.16957, -0.11165], "size": [4, 2, 2], "uv": [0, 47]}
				]
			},
			{
				"name": "headleave34",
				"parent": "head",
				"pivot": [3.09078, 28.18108, -4.3522],
				"rotation": [-21, -25, 0],
				"cubes": [
					{"origin": [-0.8976, 28.44957, 2.51235], "size": [4, 2, 2], "uv": [0, 47]},
					{"origin": [3.49239, 28.17126, 2.5376], "size": [4, 2, 2], "uv": [0, 47]}
				]
			},
			{
				"name": "headleave",
				"parent": "head",
				"pivot": [0, 17.85038, -0.48048],
				"rotation": [-5, 0, 0],
				"cubes": [
					{"origin": [-3.54955, 24.69723, -4.74074], "size": [7, 1, 1], "uv": [16, 10]}
				]
			},
			{
				"name": "headleave2",
				"parent": "headleave",
				"pivot": [-2.69069, 18.49102, 0.67267],
				"rotation": [0, 0, 9]
			},
			{
				"name": "headleave22",
				"parent": "headleave2",
				"pivot": [-2.69069, 18.49102, 0.67267],
				"cubes": [
					{"origin": [-4.66627, 22.72841, -4.74074], "size": [1.27227, 2.74575, 1], "uv": [19, 10]}
				]
			},
			{
				"name": "headleave23",
				"parent": "headleave2",
				"pivot": [-3.86336, 23.51555, -4.28879],
				"rotation": [0, 0, 13],
				"cubes": [
					{"origin": [-4.12276, 21.79056, -4.74074], "size": [1.06406, 3.56256, 1], "uv": [19, 10]}
				]
			},
			{
				"name": "headleave18",
				"parent": "headleave2",
				"pivot": [-3.86336, 23.51555, -4.28879],
				"rotation": [0, 0, 13],
				"cubes": [
					{"origin": [-3.70634, 21.16593, -4.74074], "size": [1.06406, 3.56256, 1], "uv": [19, 10]}
				]
			},
			{
				"name": "headleave24",
				"parent": "headleave2",
				"pivot": [-3.86336, 23.51555, -4.28879],
				"rotation": [0, 0, -27],
				"cubes": [
					{"origin": [-2.04068, 20.06083, -4.74074], "size": [1.27227, 4.28328, 1], "uv": [4, 11]}
				]
			},
			{
				"name": "headleave25",
				"parent": "headleave2",
				"pivot": [-3.86336, 23.51555, -4.28879],
				"rotation": [0, 0, -32],
				"cubes": [
					{"origin": [-0.95159, 19.4362, -4.74074], "size": [1.27227, 4.28328, 1], "uv": [26, 10]}
				]
			},
			{
				"name": "headleave26",
				"parent": "headleave2",
				"pivot": [-3.86336, 23.51555, -4.28879],
				"rotation": [0, 0, -37],
				"cubes": [
					{"origin": [1.09846, 19.96473, -4.74074], "size": [0.87187, 2.21722, 1], "uv": [26, 10]}
				]
			},
			{
				"name": "headleave21",
				"parent": "headleave2",
				"pivot": [-3.86336, 23.51555, -4.28879],
				"rotation": [0, 0, -37],
				"cubes": [
					{"origin": [1.98288, 21.38877, -4.74074], "size": [0.87187, 0.88789, 1], "uv": [26, 10]}
				]
			},
			{
				"name": "headleave11",
				"parent": "headleave2",
				"pivot": [-3.86336, 23.51555, -4.28879],
				"rotation": [0, 0, -37],
				"cubes": [
					{"origin": [0.15352, 18.44321, -4.74074], "size": [1.11211, 4.36336, 1], "uv": [26, 10]}
				]
			},
			{
				"name": "headleave12",
				"parent": "headleave2",
				"pivot": [-3.86336, 23.51555, -4.28879],
				"rotation": [0, 0, -37],
				"cubes": [
					{"origin": [0.36173, 18.44321, -4.88489], "size": [0.31131, 2.32933, 0.04805], "uv": [62, 11]}
				]
			},
			{
				"name": "headleave14",
				"parent": "headleave2",
				"pivot": [-3.86336, 23.51555, -4.28879],
				"rotation": [0, 0, -31],
				"cubes": [
					{"origin": [-0.77211, 19.46155, -4.86954], "size": [0.31131, 2.32933, 0.04805], "uv": [62, 11]}
				]
			},
			{
				"name": "headleave27",
				"parent": "headleave2",
				"pivot": [-3.86336, 23.51555, -4.28879],
				"rotation": [0, 0, -28],
				"cubes": [
					{"origin": [-2.0444, 20.05448, -4.87372], "size": [0.31131, 2.15315, 0.04805], "uv": [62, 11]}
				]
			},
			{
				"name": "headleave19",
				"parent": "headleave2",
				"pivot": [-3.86336, 23.51555, -4.28879],
				"rotation": [0, 0, -18],
				"cubes": [
					{"origin": [-1.84492, 22.54337, -4.87372], "size": [0.31131, 1.32032, 0.04805], "uv": [62, 11]}
				]
			},
			{
				"name": "headleave15",
				"parent": "headleave2",
				"pivot": [-3.86336, 23.51555, -4.28879],
				"rotation": [0, 0, -21],
				"cubes": [
					{"origin": [-0.5196, 22.35387, -4.86954], "size": [0.31131, 1.75275, 0.04805], "uv": [62, 11]}
				]
			},
			{
				"name": "headleave13",
				"parent": "headleave2",
				"pivot": [-3.86336, 23.51555, -4.28879],
				"rotation": [0, 0, -27],
				"cubes": [
					{"origin": [0.77386, 21.54789, -4.88489], "size": [0.31131, 2.53754, 0.04805], "uv": [62, 11]}
				]
			},
			{
				"name": "headleave28",
				"parent": "headleave2",
				"pivot": [-3.86336, 23.51555, -4.28879],
				"rotation": [0, 0, -22],
				"cubes": [
					{"origin": [-2.71335, 20.57334, -4.74074], "size": [1.09609, 4.28328, 1], "uv": [19, 10]}
				]
			},
			{
				"name": "tf",
				"parent": "head",
				"pivot": [-0.064, 18.21875, 0]
			},
			{
				"name": "headleave17",
				"parent": "tf",
				"pivot": [-1.35007, 17.13673, 0],
				"rotation": [0, 90, 0]
			},
			{
				"name": "headleave20",
				"parent": "headleave17",
				"pivot": [-1.35007, 17.13673, 0]
			},
			{
				"name": "headleave29",
				"parent": "headleave20",
				"pivot": [-1.35007, 17.13673, 0]
			},
			{
				"name": "headleave30",
				"parent": "headleave29",
				"pivot": [-1.35007, 17.13673, 0]
			},
			{
				"name": "headleave31",
				"parent": "headleave30",
				"pivot": [-1.35007, 17.13673, 0],
				"rotation": [0, 0, 55],
				"cubes": [
					{"origin": [-11.8047, 17.87632, 0.8522], "size": [0.82422, 2.50391, 0.68359], "uv": [1, 56], "mirror": true},
					{"origin": [-11.24273, 18.21578, 0.35447], "size": [0.82422, 2.50391, 0.68359], "uv": [1, 56], "mirror": true},
					{"origin": [-11.00594, 18.17461, 1.50572], "size": [0.55859, 2.02734, 0.68359], "uv": [1, 56], "mirror": true},
					{"origin": [-11.03587, 17.8784, -0.05602], "size": [2.51172, 2.50391, 0.68359], "uv": [1, 56], "mirror": true}
				]
			},
			{
				"name": "headleave55",
				"parent": "headleave30",
				"pivot": [-1.35007, 17.13673, 0],
				"rotation": [0, 0, 147.5],
				"cubes": [
					{"origin": [-5.16746, 8.93621, 0.42478], "size": [0.82422, 2.50391, 0.68359], "uv": [1, 56], "mirror": true},
					{"origin": [-4.60549, 9.27568, -0.07294], "size": [0.82422, 2.50391, 0.68359], "uv": [1, 56], "mirror": true},
					{"origin": [-4.63432, 9.2345, 1.07831], "size": [0.82422, 2.50391, 0.68359], "uv": [1, 56], "mirror": true},
					{"origin": [-4.39863, 9.5711, -0.48344], "size": [0.82422, 2.50391, 0.68359], "uv": [1, 56], "mirror": true}
				]
			},
			{
				"name": "headleave32",
				"parent": "headleave30",
				"pivot": [-1.35007, 17.13673, 0],
				"rotation": [0, 0, 12.5],
				"cubes": [
					{"origin": [-8.55837, 22.24115, 0.8522], "size": [0.82422, 2.50391, 0.68359], "uv": [1, 56], "mirror": true},
					{"origin": [-7.91471, 22.11177, 0.35447], "size": [0.82422, 2.50391, 0.68359], "uv": [1, 56], "mirror": true},
					{"origin": [-7.96378, 22.10089, 1.50572], "size": [0.82422, 2.50391, 0.68359], "uv": [1, 56], "mirror": true},
					{"origin": [-7.56261, 22.18983, -0.11462], "size": [0.82422, 2.50391, 0.68359], "uv": [1, 56], "mirror": true}
				]
			},
			{
				"name": "headleave35",
				"parent": "headleave29",
				"pivot": [-1.35007, 17.13673, 0]
			},
			{
				"name": "headleave36",
				"parent": "headleave35",
				"pivot": [-1.35007, 17.13673, 0],
				"rotation": [0, 0, 40]
			},
			{
				"name": "headleave37",
				"parent": "headleave29",
				"pivot": [-1.35007, 17.13673, 0]
			},
			{
				"name": "headleave38",
				"parent": "headleave37",
				"pivot": [-1.35007, 17.13673, 0],
				"rotation": [0, 0, 37.5],
				"cubes": [
					{"origin": [-10.34549, 22.45981, 0.9225], "size": [3.93751, 0.91406, 0.63282], "uv": [6, 55], "mirror": true},
					{"origin": [-9.70745, 22.61458, 0.42478], "size": [1.95704, 0.91406, 0.63282], "uv": [6, 55], "mirror": true},
					{"origin": [-9.74733, 22.26367, 1.57603], "size": [2.92969, 0.74609, 0.63282], "uv": [6, 55], "mirror": true},
					{"origin": [-8.64136, 21.81764, -0.04431], "size": [1.95704, 0.91406, 0.63282], "uv": [6, 55], "mirror": true},
					{"origin": [-10.22995, 22.26781, 1.50008], "size": [3.93751, 0.91406, 0.63282], "uv": [6, 55], "mirror": true},
					{"origin": [-9.59191, 22.42258, 1.00236], "size": [1.95704, 0.91406, 0.63282], "uv": [6, 55], "mirror": true},
					{"origin": [-9.63179, 22.07167, 2.1536], "size": [2.92969, 0.74609, 0.63282], "uv": [6, 55], "mirror": true},
					{"origin": [-8.52582, 21.62565, 0.53327], "size": [1.95704, 0.91406, 0.63282], "uv": [6, 55], "mirror": true}
				]
			},
			{
				"name": "headleave76",
				"parent": "headleave37",
				"pivot": [-1.35007, 17.13673, 0],
				"rotation": [0, 0, -50],
				"cubes": [
					{"origin": [0.62324, 25.23222, 0.9225], "size": [3.93751, 0.91406, 0.63282], "uv": [6, 55], "mirror": true},
					{"origin": [1.26127, 25.38699, 0.42478], "size": [1.95704, 0.91406, 0.63282], "uv": [6, 55], "mirror": true},
					{"origin": [1.22139, 25.03608, 1.57603], "size": [2.92969, 0.74609, 0.63282], "uv": [6, 55], "mirror": true},
					{"origin": [2.32737, 24.59005, -0.04431], "size": [1.95704, 0.91406, 0.63282], "uv": [6, 55], "mirror": true},
					{"origin": [0.43646, 25.10842, 1.50008], "size": [3.93751, 0.91406, 0.63282], "uv": [6, 55], "mirror": true},
					{"origin": [1.0745, 25.26319, 1.00236], "size": [1.95704, 0.91406, 0.63282], "uv": [6, 55], "mirror": true},
					{"origin": [1.03462, 24.91227, 2.1536], "size": [2.92969, 0.74609, 0.63282], "uv": [6, 55], "mirror": true},
					{"origin": [2.1406, 24.46625, 0.53327], "size": [1.95704, 0.91406, 0.63282], "uv": [6, 55], "mirror": true}
				]
			},
			{
				"name": "headleave39",
				"parent": "headleave37",
				"pivot": [-1.35007, 17.13673, 0],
				"rotation": [0, 0, 40]
			},
			{
				"name": "headleave40",
				"parent": "headleave37",
				"pivot": [-1.35007, 17.13673, 0],
				"rotation": [0, 0, 40]
			},
			{
				"name": "headleave41",
				"parent": "headleave37",
				"pivot": [-1.35007, 17.13673, 0],
				"rotation": [0, 0, 40]
			},
			{
				"name": "headleave42",
				"parent": "headleave37",
				"pivot": [-1.35007, 17.13673, 0],
				"rotation": [0, 0, 40]
			},
			{
				"name": "headleave43",
				"parent": "headleave29",
				"pivot": [-1.35007, 17.13673, 0]
			},
			{
				"name": "headleave44",
				"parent": "headleave43",
				"pivot": [-1.35007, 17.13673, 0],
				"rotation": [0, 0, 40]
			},
			{
				"name": "headleave45",
				"parent": "headleave17",
				"pivot": [-1.35007, 17.13673, 0]
			},
			{
				"name": "headleave46",
				"parent": "headleave45",
				"pivot": [-2.40867, 18.84767, 0]
			},
			{
				"name": "headleave47",
				"parent": "headleave46",
				"pivot": [-2.40867, 18.84767, 0]
			},
			{
				"name": "headleave48",
				"parent": "headleave47",
				"pivot": [-8.90867, 17.84767, 0.5],
				"rotation": [10, 0, 20],
				"cubes": [
					{"origin": [-9.20555, 20.1758, 2.40625], "size": [1, 4, 1], "uv": [5, 56], "mirror": true}
				]
			},
			{
				"name": "headleave49",
				"parent": "headleave47",
				"pivot": [-8.90867, 17.84767, 0.5],
				"rotation": [-5, 0, 10],
				"cubes": [
					{"origin": [-7.97996, 20.33537, 0.44498], "size": [1, 4, 1], "uv": [4, 56], "mirror": true}
				]
			},
			{
				"name": "headleave51",
				"parent": "headleave47",
				"pivot": [-8.90867, 17.84767, 0.5],
				"rotation": [-15, 0, 25],
				"cubes": [
					{"origin": [-9.82372, 21.33537, -1.22689], "size": [1, 3, 1], "uv": [4, 56], "mirror": true}
				]
			},
			{
				"name": "headleave52",
				"parent": "headleave47",
				"pivot": [-8.90867, 17.84767, 0.5],
				"rotation": [5, 0, 15],
				"cubes": [
					{"origin": [-9.14721, 18.81621, 0.07891], "size": [1, 3, 1], "uv": [5, 56], "mirror": true}
				]
			},
			{
				"name": "headleave54",
				"parent": "headleave47",
				"pivot": [-8.90867, 17.84767, 0.5],
				"rotation": [5, 0, 15],
				"cubes": [
					{"origin": [-8.43033, 13.39175, -0.39566], "size": [1, 3, 1], "uv": [5, 56], "mirror": true},
					{"origin": [-8.49673, 13.28628, -0.4855], "size": [1.16016, 2.52734, 1.16797], "uv": [58, 2], "mirror": true}
				]
			},
			{
				"name": "headleave53",
				"parent": "headleave47",
				"pivot": [-8.90867, 17.84767, 0.5],
				"rotation": [-5, 0, 0],
				"cubes": [
					{"origin": [-8.8763, 15.92906, -0.10043], "size": [1, 3, 1], "uv": [5, 56], "mirror": true}
				]
			},
			{
				"name": "headleave50",
				"parent": "headleave47",
				"pivot": [-8.90867, 17.84767, 0.5],
				"rotation": [5, 0, 0],
				"cubes": [
					{"origin": [-7.5629, 16.10889, 0.86046], "size": [1, 4, 1], "uv": [5, 57], "mirror": true}
				]
			},
			{
				"name": "headleave56",
				"parent": "headleave47",
				"pivot": [-8.90867, 17.84767, 0.5],
				"rotation": [-5, 0, 5],
				"cubes": [
					{"origin": [-7.42739, 12.49451, 1.13097], "size": [1, 4, 1], "uv": [5, 57], "mirror": true},
					{"origin": [-7.49379, 12.38904, 1.04113], "size": [1.16016, 2.09766, 1.16797], "uv": [58, 3], "mirror": true}
				]
			},
			{
				"name": "headleave57",
				"parent": "headleave47",
				"pivot": [-8.90867, 17.84767, 0.5],
				"rotation": [-5, 0, 10],
				"cubes": [
					{"origin": [-8.71527, 16.85768, 1.70387], "size": [1, 4, 1], "uv": [5, 57], "mirror": true}
				]
			},
			{
				"name": "headleave58",
				"parent": "headleave47",
				"pivot": [-8.90867, 17.84767, 0.5],
				"rotation": [5, 0, -5],
				"cubes": [
					{"origin": [-9.00427, 12.65084, 1.51255], "size": [1, 4, 1], "uv": [4, 54], "mirror": true},
					{"origin": [-9.07067, 12.54537, 1.42271], "size": [1.16016, 2.09766, 1.16797], "uv": [57, 0], "mirror": true}
				]
			},
			{
				"name": "headleave59",
				"parent": "headleave45",
				"pivot": [-1.7446, 18.84767, -0.375]
			},
			{
				"name": "headleave60",
				"parent": "headleave59",
				"pivot": [-1.7446, 18.84767, -0.375]
			},
			{
				"name": "headleave61",
				"parent": "headleave60",
				"pivot": [-8.2446, 17.84767, 0.125],
				"rotation": [10, 0, 20],
				"cubes": [
					{"origin": [-8.54148, 20.1758, 2.03125], "size": [1, 4, 1], "uv": [5, 56], "mirror": true}
				]
			},
			{
				"name": "headleave62",
				"parent": "headleave60",
				"pivot": [-8.2446, 17.84767, 0.125],
				"rotation": [-5, 0, 10],
				"cubes": [
					{"origin": [-7.31589, 20.33537, 0.06998], "size": [1, 4, 1], "uv": [4, 56], "mirror": true}
				]
			},
			{
				"name": "headleave63",
				"parent": "headleave60",
				"pivot": [-8.2446, 17.84767, 0.125],
				"rotation": [-15, 0, 25],
				"cubes": [
					{"origin": [-9.15965, 21.33537, -1.60189], "size": [1, 3, 1], "uv": [4, 56], "mirror": true}
				]
			},
			{
				"name": "headleave64",
				"parent": "headleave60",
				"pivot": [-8.2446, 17.84767, 0.125],
				"rotation": [5, 0, 15],
				"cubes": [
					{"origin": [-8.48314, 18.81621, -0.29609], "size": [1, 3, 1], "uv": [5, 56], "mirror": true}
				]
			},
			{
				"name": "headleave65",
				"parent": "headleave60",
				"pivot": [-8.2446, 17.84767, 0.125],
				"rotation": [5, 0, 15],
				"cubes": [
					{"origin": [-7.76626, 13.39175, -0.77066], "size": [1, 3, 1], "uv": [5, 56], "mirror": true},
					{"origin": [-7.83267, 13.28628, -0.8605], "size": [1.16016, 1.64453, 1.16797], "uv": [58, 2], "mirror": true}
				]
			},
			{
				"name": "headleave66",
				"parent": "headleave60",
				"pivot": [-8.2446, 17.84767, 0.125],
				"rotation": [-5, 0, 0],
				"cubes": [
					{"origin": [-8.21223, 15.92906, -0.47543], "size": [1, 3, 1], "uv": [5, 56], "mirror": true}
				]
			},
			{
				"name": "headleave67",
				"parent": "headleave60",
				"pivot": [-8.2446, 17.84767, 0.125],
				"rotation": [5, 0, 0],
				"cubes": [
					{"origin": [-6.89883, 16.10889, 0.48546], "size": [1, 4, 1], "uv": [5, 57], "mirror": true}
				]
			},
			{
				"name": "headleave68",
				"parent": "headleave60",
				"pivot": [-8.2446, 17.84767, 0.125],
				"rotation": [-5, 0, 5],
				"cubes": [
					{"origin": [-6.76332, 12.49451, 0.75597], "size": [1, 4, 1], "uv": [5, 57], "mirror": true},
					{"origin": [-6.82973, 12.38904, 0.66613], "size": [1.16016, 1.53516, 1.16797], "uv": [58, 3], "mirror": true}
				]
			},
			{
				"name": "headleave69",
				"parent": "headleave60",
				"pivot": [-8.2446, 17.84767, 0.125],
				"rotation": [-5, 0, 10],
				"cubes": [
					{"origin": [-8.0512, 16.85768, 1.32887], "size": [1, 4, 1], "uv": [5, 57], "mirror": true}
				]
			},
			{
				"name": "headleave70",
				"parent": "headleave60",
				"pivot": [-8.2446, 17.84767, 0.125],
				"rotation": [5, 0, -5],
				"cubes": [
					{"origin": [-8.3402, 12.65084, 1.13755], "size": [1, 4, 1], "uv": [4, 54], "mirror": true},
					{"origin": [-8.40661, 12.54537, 1.04771], "size": [1.16016, 2.41016, 1.16797], "uv": [57, 0], "mirror": true}
				]
			},
			{
				"name": "armRight",
				"pivot": [-1.64062, 17.19141, 0],
				"rotation": [0, 0, 25],
				"cubes": [
					{"origin": [-3.96284, 8.64873, -1], "size": [2, 8, 2], "uv": [39, 37]}
				]
			},
			{
				"name": "armRight2",
				"parent": "armRight",
				"pivot": [-1.64062, 17.19141, 0]
			},
			{
				"name": "armRight3",
				"parent": "armRight2",
				"pivot": [-1.64062, 17.19141, 0],
				"cubes": [
					{"origin": [-4.49884, 13.64073, -1.576], "size": [3, 1, 3], "uv": [25, 53]}
				]
			},
			{
				"name": "armRight4",
				"parent": "armRight2",
				"pivot": [-1.64062, 17.19141, 0],
				"rotation": [25, 0, 20],
				"cubes": [
					{"origin": [-3.45408, 10.53133, -1.13551], "size": [1, 3, 1], "uv": [25, 53]}
				]
			},
			{
				"name": "armRight6",
				"parent": "armRight2",
				"pivot": [-1.64062, 17.19141, 0],
				"rotation": [5, 0, 20],
				"cubes": [
					{"origin": [-3.45408, 10.37097, -0.77396], "size": [1, 3, 1], "uv": [25, 53]}
				]
			},
			{
				"name": "armRight5",
				"parent": "armRight2",
				"pivot": [-1.64062, 17.19141, 0],
				"rotation": [-5, 0, 20],
				"cubes": [
					{"origin": [-3.45408, 10.35772, -0.37746], "size": [1, 3, 1], "uv": [25, 53]}
				]
			},
			{
				"name": "armRight9",
				"parent": "armRight2",
				"pivot": [-1.64062, 17.19141, 0],
				"rotation": [-25, 0, 20],
				"cubes": [
					{"origin": [-3.45408, 10.46709, -0.00225], "size": [1, 3, 1], "uv": [25, 53]}
				]
			},
			{
				"name": "armRight10",
				"parent": "armRight2",
				"pivot": [-1.64062, 17.19141, 0],
				"rotation": [-25, 0, 10],
				"cubes": [
					{"origin": [-3.49983, 10.67901, -0.10107], "size": [1, 3, 1], "uv": [25, 53]}
				]
			},
			{
				"name": "armRight11",
				"parent": "armRight2",
				"pivot": [-1.64062, 17.19141, 0],
				"rotation": [-25, 0, 0],
				"cubes": [
					{"origin": [-3.50427, 10.89491, -0.20174], "size": [1, 3, 1], "uv": [25, 53]}
				]
			},
			{
				"name": "armRight13",
				"parent": "armRight2",
				"pivot": [-1.64062, 17.19141, 0],
				"rotation": [-25, 0, -20],
				"cubes": [
					{"origin": [-3.37978, 11.30912, -0.39489], "size": [1, 3, 1], "uv": [25, 53]}
				]
			},
			{
				"name": "armRight14",
				"parent": "armRight2",
				"pivot": [-1.64062, 17.19141, 0],
				"rotation": [-15, 0, -20],
				"cubes": [
					{"origin": [-3.37978, 11.29341, -0.42554], "size": [1, 3, 1], "uv": [25, 53]}
				]
			},
			{
				"name": "armRight15",
				"parent": "armRight2",
				"pivot": [-1.64062, 17.19141, 0],
				"rotation": [-5, 0, -20],
				"cubes": [
					{"origin": [-3.37978, 11.28326, -0.45844], "size": [1, 3, 1], "uv": [25, 53]}
				]
			},
			{
				"name": "armRight16",
				"parent": "armRight2",
				"pivot": [-1.64062, 17.19141, 0],
				"rotation": [5, 0, -20],
				"cubes": [
					{"origin": [-3.37978, 11.27898, -0.4926], "size": [1, 3, 1], "uv": [25, 53]}
				]
			},
			{
				"name": "armRight18",
				"parent": "armRight2",
				"pivot": [-1.64062, 17.19141, 0],
				"rotation": [25, 0, -20],
				"cubes": [
					{"origin": [-3.37978, 11.28835, -0.56056], "size": [1, 3, 1], "uv": [25, 53]}
				]
			},
			{
				"name": "armRight19",
				"parent": "armRight2",
				"pivot": [-1.64062, 17.19141, 0],
				"rotation": [25, 0, -10],
				"cubes": [
					{"origin": [-3.45659, 11.08575, -0.65504], "size": [1, 3, 1], "uv": [25, 53]}
				]
			},
			{
				"name": "armRight20",
				"parent": "armRight2",
				"pivot": [-1.64062, 17.19141, 0],
				"rotation": [25, 0, 10],
				"cubes": [
					{"origin": [-3.48914, 10.65995, -0.85359], "size": [1, 3, 1], "uv": [25, 53]}
				]
			},
			{
				"name": "armRight22",
				"parent": "armRight2",
				"pivot": [-1.64062, 17.19141, 0],
				"rotation": [25, 0, 20],
				"cubes": [
					{"origin": [-3.44389, 10.44968, -0.95164], "size": [1, 3, 1], "uv": [25, 53]}
				]
			},
			{
				"name": "armRight21",
				"parent": "armRight2",
				"pivot": [-1.64062, 17.19141, 0],
				"rotation": [25, 0, 0],
				"cubes": [
					{"origin": [-3.49341, 10.87414, -0.75372], "size": [1, 3, 1], "uv": [25, 53]}
				]
			},
			{
				"name": "armRight17",
				"parent": "armRight2",
				"pivot": [-1.64062, 17.19141, 0],
				"rotation": [15, 0, -20],
				"cubes": [
					{"origin": [-3.37978, 11.28069, -0.52699], "size": [1, 3, 1], "uv": [25, 53]}
				]
			},
			{
				"name": "armRight12",
				"parent": "armRight2",
				"pivot": [-1.64062, 17.19141, 0],
				"rotation": [-25, 0, -10],
				"cubes": [
					{"origin": [-3.46727, 11.10823, -0.30121], "size": [1, 3, 1], "uv": [25, 53]}
				]
			},
			{
				"name": "armRight8",
				"parent": "armRight2",
				"pivot": [-1.64062, 17.19141, 0],
				"rotation": [-15, 0, 20],
				"cubes": [
					{"origin": [-3.45408, 10.39599, -0.18507], "size": [1, 3, 1], "uv": [25, 53]}
				]
			},
			{
				"name": "armRight7",
				"parent": "armRight2",
				"pivot": [-1.64062, 17.19141, 0],
				"rotation": [15, 0, 20],
				"cubes": [
					{"origin": [-3.45408, 10.43533, -0.96175], "size": [1, 3, 1], "uv": [25, 53]}
				]
			},
			{
				"name": "shoubi",
				"parent": "armRight",
				"pivot": [-14.4918, 11.21223, 0.48438],
				"rotation": [0, 0, -25],
				"cubes": [
					{"origin": [-2.65176, 9.68964, -1], "size": [2.16875, 2, 2.04688], "uv": [22, 28]}
				]
			},
			{
				"name": "armLeft",
				"pivot": [1.82813, 16.93359, 0],
				"rotation": [0, 0, -25],
				"cubes": [
					{"origin": [2.09714, 8.70018, -1], "size": [2, 8, 2], "uv": [0, 35]}
				]
			},
			{
				"name": "armLeft2",
				"parent": "armLeft",
				"pivot": [1.82813, 16.93359, 0]
			},
			{
				"name": "armRight24",
				"parent": "armLeft2",
				"pivot": [1.82813, 16.93359, 0],
				"cubes": [
					{"origin": [1.63314, 13.69218, -1.576], "size": [3, 1, 3], "uv": [25, 53], "mirror": true}
				]
			},
			{
				"name": "armRight25",
				"parent": "armLeft2",
				"pivot": [1.82813, 16.93359, 0],
				"rotation": [25, 0, -20],
				"cubes": [
					{"origin": [2.69737, 10.5534, -1.005], "size": [1, 3, 1], "uv": [25, 53], "mirror": true}
				]
			},
			{
				"name": "armRight26",
				"parent": "armLeft2",
				"pivot": [1.82813, 16.93359, 0],
				"rotation": [5, 0, -20],
				"cubes": [
					{"origin": [2.69737, 10.42079, -0.74705], "size": [1, 3, 1], "uv": [25, 53], "mirror": true}
				]
			},
			{
				"name": "armRight27",
				"parent": "armLeft2",
				"pivot": [1.82813, 16.93359, 0],
				"rotation": [-5, 0, -20],
				"cubes": [
					{"origin": [2.69737, 10.40754, -0.40437], "size": [1, 3, 1], "uv": [25, 53], "mirror": true}
				]
			},
			{
				"name": "armRight28",
				"parent": "armLeft2",
				"pivot": [1.82813, 16.93359, 0],
				"rotation": [-25, 0, -20],
				"cubes": [
					{"origin": [2.69737, 10.48916, -0.13276], "size": [1, 3, 1], "uv": [25, 53], "mirror": true}
				]
			},
			{
				"name": "armRight29",
				"parent": "armLeft2",
				"pivot": [1.82813, 16.93359, 0],
				"rotation": [-25, 0, -10],
				"cubes": [
					{"origin": [2.68865, 10.70561, -0.23369], "size": [1, 3, 1], "uv": [25, 53], "mirror": true}
				]
			},
			{
				"name": "armRight30",
				"parent": "armLeft2",
				"pivot": [1.82813, 16.93359, 0],
				"rotation": [-25, 0, 0],
				"cubes": [
					{"origin": [2.63857, 10.91739, -0.33245], "size": [1, 3, 1], "uv": [25, 53], "mirror": true}
				]
			},
			{
				"name": "armRight31",
				"parent": "armLeft2",
				"pivot": [1.82813, 16.93359, 0],
				"rotation": [-25, 0, 20],
				"cubes": [
					{"origin": [2.41151, 11.29821, -0.51002], "size": [1, 3, 1], "uv": [25, 53], "mirror": true}
				]
			},
			{
				"name": "armRight32",
				"parent": "armLeft2",
				"pivot": [1.82813, 16.93359, 0],
				"rotation": [-15, 0, 20],
				"cubes": [
					{"origin": [2.41151, 11.29874, -0.49605], "size": [1, 3, 1], "uv": [25, 53], "mirror": true}
				]
			},
			{
				"name": "armRight33",
				"parent": "armLeft2",
				"pivot": [1.82813, 16.93359, 0],
				"rotation": [-5, 0, 20],
				"cubes": [
					{"origin": [2.41151, 11.29683, -0.48218], "size": [1, 3, 1], "uv": [25, 53], "mirror": true}
				]
			},
			{
				"name": "armRight34",
				"parent": "armLeft2",
				"pivot": [1.82813, 16.93359, 0],
				"rotation": [5, 0, 20],
				"cubes": [
					{"origin": [2.41151, 11.29255, -0.46886], "size": [1, 3, 1], "uv": [25, 53], "mirror": true}
				]
			},
			{
				"name": "armRight35",
				"parent": "armLeft2",
				"pivot": [1.82813, 16.93359, 0],
				"rotation": [25, 0, 20],
				"cubes": [
					{"origin": [2.41151, 11.27744, -0.44543], "size": [1, 3, 1], "uv": [25, 53], "mirror": true}
				]
			},
			{
				"name": "armRight36",
				"parent": "armLeft2",
				"pivot": [1.82813, 16.93359, 0],
				"rotation": [25, 0, 10],
				"cubes": [
					{"origin": [2.538, 11.0956, -0.53022], "size": [1, 3, 1], "uv": [25, 53], "mirror": true}
				]
			},
			{
				"name": "armRight37",
				"parent": "armLeft2",
				"pivot": [1.82813, 16.93359, 0],
				"rotation": [25, 0, -10],
				"cubes": [
					{"origin": [2.67796, 10.68655, -0.72097], "size": [1, 3, 1], "uv": [25, 53], "mirror": true}
				]
			},
			{
				"name": "armRight38",
				"parent": "armLeft2",
				"pivot": [1.82813, 16.93359, 0],
				"rotation": [25, 0, -20],
				"cubes": [
					{"origin": [2.68718, 10.47175, -0.82113], "size": [1, 3, 1], "uv": [25, 53], "mirror": true}
				]
			},
			{
				"name": "armRight39",
				"parent": "armLeft2",
				"pivot": [1.82813, 16.93359, 0],
				"rotation": [25, 0, 0],
				"cubes": [
					{"origin": [2.62771, 10.89662, -0.62301], "size": [1, 3, 1], "uv": [25, 53], "mirror": true}
				]
			},
			{
				"name": "armRight40",
				"parent": "armLeft2",
				"pivot": [1.82813, 16.93359, 0],
				"rotation": [15, 0, 20],
				"cubes": [
					{"origin": [2.41151, 11.28602, -0.45648], "size": [1, 3, 1], "uv": [25, 53], "mirror": true}
				]
			},
			{
				"name": "armRight41",
				"parent": "armLeft2",
				"pivot": [1.82813, 16.93359, 0],
				"rotation": [-25, 0, 10],
				"cubes": [
					{"origin": [2.54868, 11.11808, -0.42603], "size": [1, 3, 1], "uv": [25, 53], "mirror": true}
				]
			},
			{
				"name": "armRight42",
				"parent": "armLeft2",
				"pivot": [1.82813, 16.93359, 0],
				"rotation": [-15, 0, -20],
				"cubes": [
					{"origin": [2.69737, 10.43647, -0.265], "size": [1, 3, 1], "uv": [25, 53], "mirror": true}
				]
			},
			{
				"name": "armRight43",
				"parent": "armLeft2",
				"pivot": [1.82813, 16.93359, 0],
				"rotation": [15, 0, -20],
				"cubes": [
					{"origin": [2.69737, 10.47581, -0.88182], "size": [1, 3, 1], "uv": [25, 53], "mirror": true}
				]
			},
			{
				"name": "shoubi2",
				"parent": "armLeft",
				"pivot": [7.80044, 11.98421, 0.02344],
				"rotation": [0, 0, 25],
				"cubes": [
					{"origin": [0.94247, 12.69325, -1], "size": [1.50859, 2, 2.04688], "uv": [22, 28], "mirror": true}
				]
			},
			{
				"name": "body",
				"pivot": [0, 10.5, 0],
				"cubes": [
					{"origin": [-3.25, 11, -2.5], "size": [6.4, 1.25, 5], "uv": [19, 27]},
					{"origin": [-3.75, 8.088, -2.724], "size": [7.5, 2.9, 5.576], "uv": [18, 48]},
					{"origin": [-2.9, 11, -2.5], "size": [5.7, 7, 5], "uv": [19, 22]},
					{"origin": [-1.09062, 12.79688, -1.01562], "size": [2, 7.65625, 2], "uv": [25, 24]}
				]
			},
			{
				"name": "collar",
				"parent": "body",
				"pivot": [0, 11.5, 0]
			},
			{
				"name": "bone5",
				"parent": "collar",
				"pivot": [-2, 18, 0],
				"rotation": [0, 0, 25]
			},
			{
				"name": "bone6",
				"parent": "collar",
				"pivot": [2, 18, 0],
				"rotation": [0, 0, -25]
			},
			{
				"name": "suit",
				"parent": "body",
				"pivot": [0, 10.5, 0]
			},
			{
				"name": "bone7",
				"parent": "suit",
				"pivot": [-3, 13, 0],
				"rotation": [0, 0, 20]
			},
			{
				"name": "bone4",
				"parent": "suit",
				"pivot": [3, 13, 0],
				"rotation": [0, 0, -20]
			},
			{
				"name": "skirt",
				"parent": "body",
				"pivot": [0, 0, 0]
			},
			{
				"name": "bone17",
				"parent": "skirt",
				"pivot": [0, 12, 0],
				"rotation": [0, 0, -10]
			},
			{
				"name": "bone18",
				"parent": "bone17",
				"pivot": [0, 12, 0],
				"rotation": [0, 0, 20]
			},
			{
				"name": "button",
				"parent": "body",
				"pivot": [0, 10.5, 0],
				"rotation": [0, 180, 0]
			},
			{
				"name": "bone",
				"parent": "body",
				"pivot": [0, 10.5, 0]
			},
			{
				"name": "bone30",
				"parent": "bone",
				"pivot": [0, 10.5, 0],
				"cubes": [
					{"origin": [-3.264, 10.972, -2.534], "size": [6.52, 4.776, 5.104], "uv": [18, 52]}
				]
			},
			{
				"name": "bone3",
				"parent": "body",
				"pivot": [0, 10.5, 0]
			},
			{
				"name": "bone8",
				"parent": "body",
				"pivot": [0, 10.5, 0],
				"rotation": [0, -20, 0]
			},
			{
				"name": "bone9",
				"parent": "body",
				"pivot": [0, 10.5, 0],
				"rotation": [0, -60, 0],
				"cubes": [
					{"origin": [-4.41678, 8.564, -0.81807], "size": [1, 2, 3], "uv": [18, 52]},
					{"origin": [3.56408, 8.564, -2.09706], "size": [1, 2, 3], "uv": [18, 52]}
				]
			},
			{
				"name": "bone10",
				"parent": "body",
				"pivot": [0, 10.5, 0],
				"rotation": [0, -90, 0],
				"cubes": [
					{"origin": [-4.23408, 8.564, -1.50008], "size": [1, 2, 3], "uv": [18, 52]},
					{"origin": [3.40408, 8.564, -1.50008], "size": [1, 2, 3], "uv": [18, 52]}
				]
			},
			{
				"name": "bone14",
				"parent": "body",
				"pivot": [-15.09592, 9.564, -0.00008],
				"rotation": [-30, 0, 0],
				"cubes": [
					{"origin": [-1.49992, 8.31303, -4.16683], "size": [3, 2, 1], "uv": [18, 52]}
				]
			},
			{
				"name": "bone15",
				"parent": "body",
				"pivot": [-3.64792, 9.31303, -3.66683],
				"rotation": [-30, 30, 0],
				"cubes": [
					{"origin": [-4.50408, 10.68778, -3.78764], "size": [3, 2, 1], "uv": [18, 52]}
				]
			},
			{
				"name": "bone22",
				"parent": "body",
				"pivot": [-3.64792, 9.31303, -3.66683],
				"rotation": [-30, 70, 0]
			},
			{
				"name": "bone28",
				"parent": "body",
				"pivot": [-3.64792, 9.31303, -3.66683],
				"rotation": [15, 90, 0],
				"cubes": [
					{"origin": [-9.86236, 10.37644, -2.27031], "size": [5.128, 5, 0.648], "uv": [18, 52]}
				]
			},
			{
				"name": "bone29",
				"parent": "body",
				"pivot": [-3.64792, 9.31303, -3.66683],
				"rotation": [-15, 90, 0],
				"cubes": [
					{"origin": [-9.86236, 12.28044, 1.34569], "size": [5.128, 5, 0.712], "uv": [18, 52]}
				]
			},
			{
				"name": "bone19",
				"parent": "body",
				"pivot": [-3.64792, 9.31303, -3.66683],
				"rotation": [-30, -30, 0],
				"cubes": [
					{"origin": [0.49904, 8.87178, -6.93304], "size": [3, 2, 1], "uv": [18, 52]}
				]
			},
			{
				"name": "bone20",
				"parent": "body",
				"pivot": [-3.64792, 9.31303, -3.66683],
				"rotation": [-30, -70, 0]
			},
			{
				"name": "bone23",
				"parent": "body",
				"pivot": [-3.64792, 9.31303, -3.66683],
				"rotation": [-30, -110, 0]
			},
			{
				"name": "bone24",
				"parent": "body",
				"pivot": [-3.64792, 9.31303, -3.66683],
				"rotation": [-30, -150, 0],
				"cubes": [
					{"origin": [-7.07077, 5.6146, -12.57464], "size": [3, 2, 1], "uv": [18, 52]}
				]
			},
			{
				"name": "bone25",
				"parent": "body",
				"pivot": [-3.64792, 9.31303, -3.66683],
				"rotation": [-30, 150, 0],
				"cubes": [
					{"origin": [-9.5436, 7.4386, -9.41538], "size": [3, 2, 1], "uv": [18, 52]}
				]
			},
			{
				"name": "bone27",
				"parent": "body",
				"pivot": [-3.64792, 9.31303, -3.66683],
				"rotation": [-30, 110, 0]
			},
			{
				"name": "bone26",
				"parent": "body",
				"pivot": [-3.64792, 9.31303, -3.66683],
				"rotation": [-30, 180, 0],
				"cubes": [
					{"origin": [-8.79592, 6.36095, -11.28193], "size": [3, 2, 1], "uv": [18, 52]}
				]
			},
			{
				"name": "bone32",
				"parent": "body",
				"pivot": [-3.64792, 9.31303, -3.66683],
				"rotation": [-30, 150, 0],
				"cubes": [
					{"origin": [-9.5436, 7.4386, -9.41538], "size": [3, 2, 1], "uv": [18, 52]}
				]
			},
			{
				"name": "bone33",
				"parent": "body",
				"pivot": [-3.64792, 9.31303, -3.66683],
				"rotation": [-30, 90, -5],
				"cubes": [
					{"origin": [-9.83483, 10.17136, -4.68209], "size": [4.712, 2, 1], "uv": [18, 52]}
				]
			},
			{
				"name": "bone12",
				"parent": "body",
				"pivot": [-3.64792, 9.31303, -3.66683],
				"rotation": [15, 90, -5],
				"cubes": [
					{"origin": [-9.83483, 7.70736, 2.93391], "size": [4.712, 2, 1], "uv": [18, 52]}
				]
			},
			{
				"name": "bone34",
				"parent": "body",
				"pivot": [-3.64792, 9.31303, -3.66683],
				"rotation": [0, 90, 0],
				"cubes": [
					{"origin": [-10.21883, 8.60608, -4.18047], "size": [5.576, 2, 1], "uv": [18, 52]},
					{"origin": [-10.15668, 8.564, 3.04725], "size": [5.576, 2, 1], "uv": [18, 52]}
				]
			},
			{
				"name": "bone16",
				"parent": "body",
				"pivot": [-3.64792, 9.31303, -3.66683],
				"rotation": [-30, 30, 0],
				"cubes": [
					{"origin": [-4.50408, 10.68778, -3.78764], "size": [3, 2, 1], "uv": [18, 52]}
				]
			},
			{
				"name": "bone11",
				"parent": "body",
				"pivot": [0, 10.5, 0],
				"rotation": [0, -120, 0],
				"cubes": [
					{"origin": [-4.40086, 8.564, -2.15435], "size": [1, 2, 3], "uv": [18, 52]},
					{"origin": [3.56401, 8.564, -0.90307], "size": [1, 2, 3], "uv": [18, 52]}
				]
			},
			{
				"name": "bone13",
				"parent": "body",
				"pivot": [0, 10.5, 0],
				"rotation": [0, -160, 0]
			},
			{
				"name": "bone21",
				"parent": "body",
				"pivot": [0, 10.5, 0],
				"rotation": [-20, 0, 0],
				"cubes": [
					{"origin": [-1.59592, -0.888, -4.00062], "size": [3, 10, 1], "uv": [26, 53]}
				]
			},
			{
				"name": "bone46",
				"parent": "body",
				"pivot": [0, 10.5, 0],
				"rotation": [-20, 20, 0],
				"cubes": [
					{"origin": [-1.88176, -0.91681, -4.07977], "size": [3, 10, 1], "uv": [26, 53]}
				]
			},
			{
				"name": "bone48",
				"parent": "body",
				"pivot": [0, 10.5, 0],
				"rotation": [-20, 20, 0],
				"cubes": [
					{"origin": [-1.88176, -0.91681, -4.07977], "size": [3, 10, 1], "uv": [26, 53]}
				]
			},
			{
				"name": "bone47",
				"parent": "body",
				"pivot": [0, 10.5, 0],
				"rotation": [-20, 40, 0],
				"cubes": [
					{"origin": [-2.12155, -0.97731, -4.24601], "size": [3, 10, 1], "uv": [26, 53]}
				]
			},
			{
				"name": "bone49",
				"parent": "body",
				"pivot": [0, 10.5, 0],
				"rotation": [-20, 70, 0],
				"cubes": [
					{"origin": [-0.87961, -0.97742, -4.2463], "size": [3, 10, 1], "uv": [26, 53]}
				]
			},
			{
				"name": "bone31",
				"parent": "body",
				"pivot": [0, 10.5, 0],
				"rotation": [-20, -20, 0],
				"cubes": [
					{"origin": [-1.29852, -0.89437, -4.01811], "size": [3, 10, 1], "uv": [26, 53]}
				]
			},
			{
				"name": "bone35",
				"parent": "body",
				"pivot": [0, 10.5, 0],
				"rotation": [-20, -40, 0],
				"cubes": [
					{"origin": [-1.02541, -0.93514, -4.13013], "size": [3, 10, 1], "uv": [26, 53]}
				]
			},
			{
				"name": "bone36",
				"parent": "body",
				"pivot": [0, 10.5, 0],
				"rotation": [-20, -90, 0]
			},
			{
				"name": "bone45",
				"parent": "body",
				"pivot": [0, 10.5, 0],
				"rotation": [20, -90, 0],
				"cubes": [
					{"origin": [-2.07992, -0.84146, 3.00075], "size": [4.44, 10, 1], "uv": [26, 53]}
				]
			},
			{
				"name": "bone2",
				"parent": "body",
				"pivot": [0, 10.5, 0],
				"rotation": [20, 90, 0],
				"cubes": [
					{"origin": [-2.36008, -0.84146, 3.00075], "size": [4.44, 10, 1], "uv": [26, 53], "mirror": true}
				]
			},
			{
				"name": "bone37",
				"parent": "body",
				"pivot": [0, 10.5, 0],
				"rotation": [-20, -70, 0],
				"cubes": [
					{"origin": [-2.11266, -0.92033, -4.08946], "size": [3, 10, 1], "uv": [26, 53]}
				]
			},
			{
				"name": "bone38",
				"parent": "body",
				"pivot": [0, 10.5, 0],
				"rotation": [-20, -110, 0],
				"cubes": [
					{"origin": [-0.38299, -0.92033, -4.15346], "size": [3, 10, 1], "uv": [26, 53]}
				]
			},
			{
				"name": "bone40",
				"parent": "body",
				"pivot": [0, 10.5, 0],
				"rotation": [-20, -130, 0],
				"cubes": [
					{"origin": [-0.35412, -0.92603, -4.16912], "size": [3, 10, 1], "uv": [26, 53]}
				]
			},
			{
				"name": "bone39",
				"parent": "body",
				"pivot": [0, 10.5, 0],
				"rotation": [-20, -160, 0],
				"cubes": [
					{"origin": [-1.62141, -1.01992, -4.42707], "size": [3, 10, 1], "uv": [26, 53]}
				]
			},
			{
				"name": "bone41",
				"parent": "body",
				"pivot": [0, 10.5, 0],
				"rotation": [-20, 180, 0],
				"cubes": [
					{"origin": [-1.47496, -1.01411, -4.4111], "size": [3, 10, 1], "uv": [26, 53]}
				]
			},
			{
				"name": "bone42",
				"parent": "body",
				"pivot": [0, 10.5, 0],
				"rotation": [-20, 130, 0],
				"cubes": [
					{"origin": [-2.61369, -0.93916, -4.20517], "size": [3, 10, 1], "uv": [26, 53]}
				]
			},
			{
				"name": "bone44",
				"parent": "body",
				"pivot": [0, 10.5, 0],
				"rotation": [-20, 110, 0],
				"cubes": [
					{"origin": [-2.64256, -0.94486, -4.22083], "size": [3, 10, 1], "uv": [26, 53]}
				]
			},
			{
				"name": "bone43",
				"parent": "body",
				"pivot": [0, 10.5, 0],
				"rotation": [-20, 160, 0],
				"cubes": [
					{"origin": [-1.33153, -1.02578, -4.44317], "size": [3, 10, 1], "uv": [26, 53]}
				]
			},
			{
				"name": "bone50",
				"parent": "body",
				"pivot": [0, 10.5, 0],
				"rotation": [0, 0, -50],
				"cubes": [
					{"origin": [3.90847, 14.38022, -2.68317], "size": [0.25, 2.826, 0.25], "uv": [56, 31]}
				]
			},
			{
				"name": "bone52",
				"parent": "body",
				"pivot": [0, 10.5, 0],
				"rotation": [0, 0, -45],
				"cubes": [
					{"origin": [3.47247, 14.03622, -2.76317], "size": [1, 1, 3], "uv": [52, 43]}
				]
			},
			{
				"name": "bone51",
				"parent": "body",
				"pivot": [0, 10.5, 0],
				"rotation": [0, 0, 50],
				"cubes": [
					{"origin": [-4.18753, 14.34822, -2.68317], "size": [0.25, 2.858, 0.25], "uv": [56, 31]}
				]
			},
			{
				"name": "legLeft",
				"pivot": [2, 9, 0],
				"cubes": [
					{"origin": [0.5, 0, -1.5], "size": [3, 9, 3], "uv": [27, 34]}
				]
			},
			{
				"name": "legRight",
				"pivot": [-2, 9, 0],
				"cubes": [
					{"origin": [-3.5, 0, -1.5], "size": [3, 9, 3], "uv": [15, 34]}
				]
			}
		]
	}
}