{
	"format_version": "1.10.0",
	"geometry.model": {
		"texturewidth": 128,
		"textureheight": 128,
		"visible_bounds_width": 4,
		"visible_bounds_height": 3.5,
		"visible_bounds_offset": [0, 1.25, 0],
		"bones": [
			{
				"name": "head",
				"pivot": [0, 18, 0],
				"cubes": [
					{"origin": [-4, 18, -4], "size": [8, 8, 8], "uv": [0, 16]},
					{"origin": [-4, 18, -4], "size": [8, 8, 8], "uv": [0, 0], "inflate": 0.25}
				]
			},
			{
				"name": "blink",
				"parent": "head",
				"pivot": [0, 18, 0],
				"cubes": [
					{"origin": [-3, 19, -4.001], "size": [6, 2, 0], "uv": [24, 21]}
				]
			},
			{
				"name": "hair",
				"parent": "head",
				"pivot": [0, 20, 0],
				"cubes": [
					{"origin": [-4, 15, -4], "size": [1, 3, 1], "uv": [4, 57]},
					{"origin": [3, 15, -4], "size": [1, 3, 1], "uv": [52, 21]}
				]
			},
			{
				"name": "hat",
				"parent": "head",
				"pivot": [0, 22, 0],
				"rotation": [-22.5, 0, 0]
			},
			{
				"name": "level1",
				"parent": "hat",
				"pivot": [0, 22, 0],
				"rotation": [0, -22.5, 0]
			},
			{
				"name": "bone30",
				"parent": "level1",
				"pivot": [0, 22, 0]
			},
			{
				"name": "bone35",
				"parent": "bone30",
				"pivot": [0, 22, -11.9472],
				"rotation": [-53.5849, 0, 0],
				"cubes": [
					{"origin": [-4, 21.6838, -11.9472], "size": [8, 10, 1], "uv": [56, 0]}
				]
			},
			{
				"name": "bone36",
				"parent": "bone35",
				"pivot": [4, 21.6838, -11.9472],
				"rotation": [0, 0, -18.4349],
				"cubes": [
					{"origin": [4, 21.6838, -11.9472], "size": [1, 11, 1], "uv": [20, 69], "inflate": -0.001}
				]
			},
			{
				"name": "bone31",
				"parent": "bone35",
				"pivot": [-4, 21.6838, -11.9472],
				"rotation": [0, 0, 18.4349],
				"cubes": [
					{"origin": [-5, 21.6838, -11.9472], "size": [1, 11, 1], "uv": [20, 69], "inflate": -0.001, "mirror": true}
				]
			},
			{
				"name": "bone32",
				"parent": "level1",
				"pivot": [0, 22, 0],
				"rotation": [0, -45, 0]
			},
			{
				"name": "bone33",
				"parent": "bone32",
				"pivot": [0, 22, -11.9472],
				"rotation": [-53.5849, 0, 0],
				"cubes": [
					{"origin": [-4, 21.6838, -11.9472], "size": [8, 10, 1], "uv": [56, 0]}
				]
			},
			{
				"name": "bone34",
				"parent": "bone33",
				"pivot": [4, 21.6838, -11.9472],
				"rotation": [0, 0, -18.4349],
				"cubes": [
					{"origin": [4, 21.6838, -11.9472], "size": [1, 11, 1], "uv": [20, 69], "inflate": -0.001}
				]
			},
			{
				"name": "bone37",
				"parent": "bone33",
				"pivot": [-4, 21.6838, -11.9472],
				"rotation": [0, 0, 18.4349],
				"cubes": [
					{"origin": [-5, 21.6838, -11.9472], "size": [1, 11, 1], "uv": [20, 69], "inflate": -0.001, "mirror": true}
				]
			},
			{
				"name": "bone38",
				"parent": "level1",
				"pivot": [0, 22, 0],
				"rotation": [0, -90, 0]
			},
			{
				"name": "bone39",
				"parent": "bone38",
				"pivot": [0, 22, -11.9472],
				"rotation": [-53.5849, 0, 0],
				"cubes": [
					{"origin": [-4, 21.6838, -11.9472], "size": [8, 10, 1], "uv": [56, 0]}
				]
			},
			{
				"name": "bone40",
				"parent": "bone39",
				"pivot": [4, 21.6838, -11.9472],
				"rotation": [0, 0, -18.4349],
				"cubes": [
					{"origin": [4, 21.6838, -11.9472], "size": [1, 11, 1], "uv": [20, 69], "inflate": -0.001}
				]
			},
			{
				"name": "bone41",
				"parent": "bone39",
				"pivot": [-4, 21.6838, -11.9472],
				"rotation": [0, 0, 18.4349],
				"cubes": [
					{"origin": [-5, 21.6838, -11.9472], "size": [1, 11, 1], "uv": [20, 69], "inflate": -0.001, "mirror": true}
				]
			},
			{
				"name": "bone42",
				"parent": "level1",
				"pivot": [0, 22, 0],
				"rotation": [0, -135, 0]
			},
			{
				"name": "bone43",
				"parent": "bone42",
				"pivot": [0, 22, -11.9472],
				"rotation": [-53.5849, 0, 0],
				"cubes": [
					{"origin": [-4, 21.6838, -11.9472], "size": [8, 10, 1], "uv": [56, 0]}
				]
			},
			{
				"name": "bone44",
				"parent": "bone43",
				"pivot": [4, 21.6838, -11.9472],
				"rotation": [0, 0, -18.4349],
				"cubes": [
					{"origin": [4, 21.6838, -11.9472], "size": [1, 11, 1], "uv": [20, 69], "inflate": -0.001}
				]
			},
			{
				"name": "bone45",
				"parent": "bone43",
				"pivot": [-4, 21.6838, -11.9472],
				"rotation": [0, 0, 18.4349],
				"cubes": [
					{"origin": [-5, 21.6838, -11.9472], "size": [1, 11, 1], "uv": [20, 69], "inflate": -0.001, "mirror": true}
				]
			},
			{
				"name": "bone46",
				"parent": "level1",
				"pivot": [0, 22, 0],
				"rotation": [0, 180, 0]
			},
			{
				"name": "bone47",
				"parent": "bone46",
				"pivot": [0, 22, -11.9472],
				"rotation": [-53.5849, 0, 0],
				"cubes": [
					{"origin": [-4, 21.6838, -11.9472], "size": [8, 10, 1], "uv": [56, 0]}
				]
			},
			{
				"name": "bone48",
				"parent": "bone47",
				"pivot": [4, 21.6838, -11.9472],
				"rotation": [0, 0, -18.4349],
				"cubes": [
					{"origin": [4, 21.6838, -11.9472], "size": [1, 11, 1], "uv": [20, 69], "inflate": -0.001}
				]
			},
			{
				"name": "bone49",
				"parent": "bone47",
				"pivot": [-4, 21.6838, -11.9472],
				"rotation": [0, 0, 18.4349],
				"cubes": [
					{"origin": [-5, 21.6838, -11.9472], "size": [1, 11, 1], "uv": [20, 69], "inflate": -0.001, "mirror": true}
				]
			},
			{
				"name": "bone50",
				"parent": "level1",
				"pivot": [0, 22, 0],
				"rotation": [0, 135, 0]
			},
			{
				"name": "bone51",
				"parent": "bone50",
				"pivot": [0, 22, -11.9472],
				"rotation": [-53.5849, 0, 0],
				"cubes": [
					{"origin": [-4, 21.6838, -11.9472], "size": [8, 10, 1], "uv": [56, 0]}
				]
			},
			{
				"name": "bone52",
				"parent": "bone51",
				"pivot": [4, 21.6838, -11.9472],
				"rotation": [0, 0, -18.4349],
				"cubes": [
					{"origin": [4, 21.6838, -11.9472], "size": [1, 11, 1], "uv": [20, 69], "inflate": -0.001}
				]
			},
			{
				"name": "bone53",
				"parent": "bone51",
				"pivot": [-4, 21.6838, -11.9472],
				"rotation": [0, 0, 18.4349],
				"cubes": [
					{"origin": [-5, 21.6838, -11.9472], "size": [1, 11, 1], "uv": [20, 69], "inflate": -0.001, "mirror": true}
				]
			},
			{
				"name": "bone54",
				"parent": "level1",
				"pivot": [0, 22, 0],
				"rotation": [0, 90, 0]
			},
			{
				"name": "bone55",
				"parent": "bone54",
				"pivot": [0, 22, -11.9472],
				"rotation": [-53.5849, 0, 0],
				"cubes": [
					{"origin": [-4, 21.6838, -11.9472], "size": [8, 10, 1], "uv": [56, 0]}
				]
			},
			{
				"name": "bone56",
				"parent": "bone55",
				"pivot": [4, 21.6838, -11.9472],
				"rotation": [0, 0, -18.4349],
				"cubes": [
					{"origin": [4, 21.6838, -11.9472], "size": [1, 11, 1], "uv": [20, 69], "inflate": -0.001}
				]
			},
			{
				"name": "bone57",
				"parent": "bone55",
				"pivot": [-4, 21.6838, -11.9472],
				"rotation": [0, 0, 18.4349],
				"cubes": [
					{"origin": [-5, 21.6838, -11.9472], "size": [1, 11, 1], "uv": [20, 69], "inflate": -0.001, "mirror": true}
				]
			},
			{
				"name": "bone58",
				"parent": "level1",
				"pivot": [0, 22, 0],
				"rotation": [0, 45, 0]
			},
			{
				"name": "bone59",
				"parent": "bone58",
				"pivot": [0, 22, -11.9472],
				"rotation": [-53.5849, 0, 0],
				"cubes": [
					{"origin": [-4, 21.6838, -11.9472], "size": [8, 10, 1], "uv": [56, 0]}
				]
			},
			{
				"name": "bone60",
				"parent": "bone59",
				"pivot": [4, 21.6838, -11.9472],
				"rotation": [0, 0, -18.4349],
				"cubes": [
					{"origin": [4, 21.6838, -11.9472], "size": [1, 11, 1], "uv": [20, 69], "inflate": -0.001}
				]
			},
			{
				"name": "bone61",
				"parent": "bone59",
				"pivot": [-4, 21.6838, -11.9472],
				"rotation": [0, 0, 18.4349],
				"cubes": [
					{"origin": [-5, 21.6838, -11.9472], "size": [1, 11, 1], "uv": [20, 69], "inflate": -0.001, "mirror": true}
				]
			},
			{
				"name": "level2",
				"parent": "hat",
				"pivot": [0, 26, 0]
			},
			{
				"name": "bone89",
				"parent": "level2",
				"pivot": [0, 26, 0]
			},
			{
				"name": "bone90",
				"parent": "bone89",
				"pivot": [0, 26, -4.9701],
				"rotation": [-14.4775, 0, 0],
				"cubes": [
					{"origin": [-4, 25.7575, -4.9701], "size": [8, 8, 1], "uv": [56, 21]},
					{"origin": [-5, 27.3075, -5.5701], "size": [10, 1, 1], "uv": [32, 8], "inflate": -0.4},
					{"origin": [-4.5, 29.3075, -5.5701], "size": [9, 1, 1], "uv": [56, 30], "inflate": -0.4}
				]
			},
			{
				"name": "bone94",
				"parent": "bone90",
				"pivot": [0, 26, -5],
				"rotation": [0, 0, -75],
				"cubes": [
					{"origin": [2.14912, 22.75409, -5.5701], "size": [3, 1, 1], "uv": [68, 61], "inflate": -0.4, "mirror": true},
					{"origin": [0.49268, 28.93602, -5.5701], "size": [3, 1, 1], "uv": [68, 61], "inflate": -0.4, "mirror": true},
					{"origin": [1.73501, 24.29957, -5.5701], "size": [3, 1, 1], "uv": [68, 61], "inflate": -0.4, "mirror": true},
					{"origin": [0.90679, 27.39054, -5.5701], "size": [3, 1, 1], "uv": [68, 61], "inflate": -0.4, "mirror": true},
					{"origin": [1.3209, 25.84506, -5.5701], "size": [3, 1, 1], "uv": [68, 61], "inflate": -0.4, "mirror": true}
				]
			},
			{
				"name": "bone93",
				"parent": "bone90",
				"pivot": [0, 26, -5],
				"rotation": [0, 0, 75],
				"cubes": [
					{"origin": [-5.14912, 22.75409, -5.5701], "size": [3, 1, 1], "uv": [68, 61], "inflate": -0.4},
					{"origin": [-3.49268, 28.93602, -5.5701], "size": [3, 1, 1], "uv": [68, 61], "inflate": -0.4},
					{"origin": [-4.73501, 24.29957, -5.5701], "size": [3, 1, 1], "uv": [68, 61], "inflate": -0.4},
					{"origin": [-3.90679, 27.39054, -5.5701], "size": [3, 1, 1], "uv": [68, 61], "inflate": -0.4},
					{"origin": [-4.3209, 25.84506, -5.5701], "size": [3, 1, 1], "uv": [68, 61], "inflate": -0.4}
				]
			},
			{
				"name": "bone91",
				"parent": "bone90",
				"pivot": [4, 25.7575, -4.9701],
				"rotation": [0, 0, -14.0362],
				"cubes": [
					{"origin": [4, 25.7575, -4.9701], "size": [1, 8, 1], "uv": [72, 73], "inflate": -0.001}
				]
			},
			{
				"name": "bone92",
				"parent": "bone90",
				"pivot": [-4, 25.7575, -4.9701],
				"rotation": [0, 0, 14.0362],
				"cubes": [
					{"origin": [-5, 25.7575, -4.9701], "size": [1, 8, 1], "uv": [72, 73], "inflate": -0.001, "mirror": true}
				]
			},
			{
				"name": "button",
				"parent": "bone90",
				"pivot": [3, 31.75, -5],
				"cubes": [
					{"origin": [2.5, 31.25, -5.0171], "size": [1, 1, 0], "uv": [0, 0], "inflate": 0.01716}
				]
			},
			{
				"name": "bone62",
				"parent": "button",
				"pivot": [3, 31.75, -5],
				"cubes": [
					{"origin": [2.5, 31.98137, -5.01716], "size": [1, 1, 0], "uv": [0, 0], "inflate": 0.01716},
					{"origin": [2, 32.59853, -5.6], "size": [2, 1, 1], "uv": [67, 32], "inflate": -0.4}
				]
			},
			{
				"name": "bone63",
				"parent": "button",
				"pivot": [3, 31.75, -5],
				"rotation": [0, 0, 45],
				"cubes": [
					{"origin": [2.5, 31.98137, -5.01716], "size": [1, 1, 0], "uv": [0, 0], "inflate": 0.01716},
					{"origin": [2, 32.59853, -5.6], "size": [2, 1, 1], "uv": [67, 32], "inflate": -0.4}
				]
			},
			{
				"name": "bone64",
				"parent": "button",
				"pivot": [3, 31.75, -5],
				"rotation": [0, 0, 90],
				"cubes": [
					{"origin": [2.5, 31.98137, -5.01716], "size": [1, 1, 0], "uv": [0, 0], "inflate": 0.01716},
					{"origin": [2, 32.59853, -5.6], "size": [2, 1, 1], "uv": [67, 32], "inflate": -0.4}
				]
			},
			{
				"name": "bone65",
				"parent": "button",
				"pivot": [3, 31.75, -5],
				"rotation": [0, 0, 135],
				"cubes": [
					{"origin": [2.5, 31.98137, -5.01716], "size": [1, 1, 0], "uv": [0, 0], "inflate": 0.01716},
					{"origin": [2, 32.59853, -5.6], "size": [2, 1, 1], "uv": [67, 32], "inflate": -0.4}
				]
			},
			{
				"name": "bone66",
				"parent": "button",
				"pivot": [3, 31.75, -5],
				"rotation": [0, 0, -180],
				"cubes": [
					{"origin": [2.5, 31.98137, -5.01716], "size": [1, 1, 0], "uv": [0, 0], "inflate": 0.01716},
					{"origin": [2, 32.59853, -5.6], "size": [2, 1, 1], "uv": [67, 32], "inflate": -0.4}
				]
			},
			{
				"name": "bone67",
				"parent": "button",
				"pivot": [3, 31.75, -5],
				"rotation": [0, 0, -135],
				"cubes": [
					{"origin": [2.5, 31.98137, -5.01716], "size": [1, 1, 0], "uv": [0, 0], "inflate": 0.01716},
					{"origin": [2, 32.59853, -5.6], "size": [2, 1, 1], "uv": [67, 32], "inflate": -0.4}
				]
			},
			{
				"name": "bone68",
				"parent": "button",
				"pivot": [3, 31.75, -5],
				"rotation": [0, 0, -90],
				"cubes": [
					{"origin": [2.5, 31.98137, -5.01716], "size": [1, 1, 0], "uv": [0, 0], "inflate": 0.01716},
					{"origin": [2, 32.59853, -5.6], "size": [2, 1, 1], "uv": [67, 32], "inflate": -0.4}
				]
			},
			{
				"name": "bone69",
				"parent": "button",
				"pivot": [3, 31.75, -5],
				"rotation": [0, 0, -45],
				"cubes": [
					{"origin": [2.5, 31.98137, -5.01716], "size": [1, 1, 0], "uv": [0, 0], "inflate": 0.01716},
					{"origin": [2, 32.59853, -5.6], "size": [2, 1, 1], "uv": [67, 32], "inflate": -0.4}
				]
			},
			{
				"name": "X",
				"parent": "button",
				"pivot": [3, 31.75, -5],
				"rotation": [0, 0, 45],
				"cubes": [
					{"origin": [1.5, 31.25, -5.63431], "size": [3, 1, 1], "uv": [52, 14], "inflate": -0.4}
				]
			},
			{
				"name": "X2",
				"parent": "button",
				"pivot": [3, 31.75, -5],
				"rotation": [0, 0, -45],
				"cubes": [
					{"origin": [1.5, 31.25, -5.63431], "size": [3, 1, 1], "uv": [52, 14], "inflate": -0.4}
				]
			},
			{
				"name": "button2",
				"parent": "bone90",
				"pivot": [-3, 31.75, -5],
				"cubes": [
					{"origin": [-3.5, 31.25, -5.0171], "size": [1, 1, 0], "uv": [0, 0], "inflate": 0.01716}
				]
			},
			{
				"name": "bone70",
				"parent": "button2",
				"pivot": [-3, 31.75, -5],
				"cubes": [
					{"origin": [-3.5, 31.98137, -5.01716], "size": [1, 1, 0], "uv": [0, 0], "inflate": 0.01716},
					{"origin": [-4, 32.59853, -5.6], "size": [2, 1, 1], "uv": [67, 32], "inflate": -0.4}
				]
			},
			{
				"name": "bone71",
				"parent": "button2",
				"pivot": [-3, 31.75, -5],
				"rotation": [0, 0, 45],
				"cubes": [
					{"origin": [-3.5, 31.98137, -5.01716], "size": [1, 1, 0], "uv": [0, 0], "inflate": 0.01716},
					{"origin": [-4, 32.59853, -5.6], "size": [2, 1, 1], "uv": [67, 32], "inflate": -0.4}
				]
			},
			{
				"name": "bone72",
				"parent": "button2",
				"pivot": [-3, 31.75, -5],
				"rotation": [0, 0, 90],
				"cubes": [
					{"origin": [-3.5, 31.98137, -5.01716], "size": [1, 1, 0], "uv": [0, 0], "inflate": 0.01716},
					{"origin": [-4, 32.59853, -5.6], "size": [2, 1, 1], "uv": [67, 32], "inflate": -0.4}
				]
			},
			{
				"name": "bone73",
				"parent": "button2",
				"pivot": [-3, 31.75, -5],
				"rotation": [0, 0, 135],
				"cubes": [
					{"origin": [-3.5, 31.98137, -5.01716], "size": [1, 1, 0], "uv": [0, 0], "inflate": 0.01716},
					{"origin": [-4, 32.59853, -5.6], "size": [2, 1, 1], "uv": [67, 32], "inflate": -0.4}
				]
			},
			{
				"name": "bone74",
				"parent": "button2",
				"pivot": [-3, 31.75, -5],
				"rotation": [0, 0, -180],
				"cubes": [
					{"origin": [-3.5, 31.98137, -5.01716], "size": [1, 1, 0], "uv": [0, 0], "inflate": 0.01716},
					{"origin": [-4, 32.59853, -5.6], "size": [2, 1, 1], "uv": [67, 32], "inflate": -0.4}
				]
			},
			{
				"name": "bone75",
				"parent": "button2",
				"pivot": [-3, 31.75, -5],
				"rotation": [0, 0, -135],
				"cubes": [
					{"origin": [-3.5, 31.98137, -5.01716], "size": [1, 1, 0], "uv": [0, 0], "inflate": 0.01716},
					{"origin": [-4, 32.59853, -5.6], "size": [2, 1, 1], "uv": [67, 32], "inflate": -0.4}
				]
			},
			{
				"name": "bone76",
				"parent": "button2",
				"pivot": [-3, 31.75, -5],
				"rotation": [0, 0, -90],
				"cubes": [
					{"origin": [-3.5, 31.98137, -5.01716], "size": [1, 1, 0], "uv": [0, 0], "inflate": 0.01716},
					{"origin": [-4, 32.59853, -5.6], "size": [2, 1, 1], "uv": [67, 32], "inflate": -0.4}
				]
			},
			{
				"name": "bone77",
				"parent": "button2",
				"pivot": [-3, 31.75, -5],
				"rotation": [0, 0, -45],
				"cubes": [
					{"origin": [-3.5, 31.98137, -5.01716], "size": [1, 1, 0], "uv": [0, 0], "inflate": 0.01716},
					{"origin": [-4, 32.59853, -5.6], "size": [2, 1, 1], "uv": [67, 32], "inflate": -0.4}
				]
			},
			{
				"name": "X3",
				"parent": "button2",
				"pivot": [-3, 31.75, -5],
				"rotation": [0, 0, 45],
				"cubes": [
					{"origin": [-4.5, 31.25, -5.63431], "size": [3, 1, 1], "uv": [52, 14], "inflate": -0.4}
				]
			},
			{
				"name": "X4",
				"parent": "button2",
				"pivot": [-3, 31.75, -5],
				"rotation": [0, 0, -45],
				"cubes": [
					{"origin": [-4.5, 31.25, -5.63431], "size": [3, 1, 1], "uv": [52, 14], "inflate": -0.4}
				]
			},
			{
				"name": "bone95",
				"parent": "level2",
				"pivot": [0, 26, 0],
				"rotation": [0, -90, 0]
			},
			{
				"name": "bone96",
				"parent": "bone95",
				"pivot": [0, 26, -4.9701],
				"rotation": [-14.4775, 0, 0],
				"cubes": [
					{"origin": [-4, 25.7575, -4.9701], "size": [8, 8, 1], "uv": [56, 21]},
					{"origin": [-5, 27.3075, -5.5701], "size": [10, 1, 1], "uv": [32, 8], "inflate": -0.4},
					{"origin": [-4.5, 29.3075, -5.5701], "size": [9, 1, 1], "uv": [56, 30], "inflate": -0.4}
				]
			},
			{
				"name": "bone97",
				"parent": "bone96",
				"pivot": [0, 26, -5],
				"rotation": [0, 0, -75],
				"cubes": [
					{"origin": [2.14912, 22.75409, -5.5701], "size": [3, 1, 1], "uv": [68, 61], "inflate": -0.4, "mirror": true},
					{"origin": [0.49268, 28.93602, -5.5701], "size": [3, 1, 1], "uv": [68, 61], "inflate": -0.4, "mirror": true},
					{"origin": [1.73501, 24.29957, -5.5701], "size": [3, 1, 1], "uv": [68, 61], "inflate": -0.4, "mirror": true},
					{"origin": [0.90679, 27.39054, -5.5701], "size": [3, 1, 1], "uv": [68, 61], "inflate": -0.4, "mirror": true},
					{"origin": [1.3209, 25.84506, -5.5701], "size": [3, 1, 1], "uv": [68, 61], "inflate": -0.4, "mirror": true}
				]
			},
			{
				"name": "bone98",
				"parent": "bone96",
				"pivot": [0, 26, -5],
				"rotation": [0, 0, 75],
				"cubes": [
					{"origin": [-5.14912, 22.75409, -5.5701], "size": [3, 1, 1], "uv": [68, 61], "inflate": -0.4},
					{"origin": [-3.49268, 28.93602, -5.5701], "size": [3, 1, 1], "uv": [68, 61], "inflate": -0.4},
					{"origin": [-4.73501, 24.29957, -5.5701], "size": [3, 1, 1], "uv": [68, 61], "inflate": -0.4},
					{"origin": [-3.90679, 27.39054, -5.5701], "size": [3, 1, 1], "uv": [68, 61], "inflate": -0.4},
					{"origin": [-4.3209, 25.84506, -5.5701], "size": [3, 1, 1], "uv": [68, 61], "inflate": -0.4}
				]
			},
			{
				"name": "bone99",
				"parent": "bone96",
				"pivot": [4, 25.7575, -4.9701],
				"rotation": [0, 0, -14.0362],
				"cubes": [
					{"origin": [4, 25.7575, -4.9701], "size": [1, 8, 1], "uv": [72, 73], "inflate": -0.001}
				]
			},
			{
				"name": "bone100",
				"parent": "bone96",
				"pivot": [-4, 25.7575, -4.9701],
				"rotation": [0, 0, 14.0362],
				"cubes": [
					{"origin": [-5, 25.7575, -4.9701], "size": [1, 8, 1], "uv": [72, 73], "inflate": -0.001, "mirror": true}
				]
			},
			{
				"name": "bone101",
				"parent": "level2",
				"pivot": [0, 26, 0],
				"rotation": [0, 180, 0]
			},
			{
				"name": "bone102",
				"parent": "bone101",
				"pivot": [0, 26, -4.9701],
				"rotation": [-14.4775, 0, 0],
				"cubes": [
					{"origin": [-4, 25.7575, -4.9701], "size": [8, 8, 1], "uv": [56, 21]},
					{"origin": [-5, 27.3075, -5.5701], "size": [10, 1, 1], "uv": [32, 8], "inflate": -0.4},
					{"origin": [-4.5, 29.3075, -5.5701], "size": [9, 1, 1], "uv": [56, 30], "inflate": -0.4}
				]
			},
			{
				"name": "bone103",
				"parent": "bone102",
				"pivot": [0, 26, -5],
				"rotation": [0, 0, -75],
				"cubes": [
					{"origin": [2.14912, 22.75409, -5.5701], "size": [3, 1, 1], "uv": [68, 61], "inflate": -0.4, "mirror": true},
					{"origin": [0.49268, 28.93602, -5.5701], "size": [3, 1, 1], "uv": [68, 61], "inflate": -0.4, "mirror": true},
					{"origin": [1.73501, 24.29957, -5.5701], "size": [3, 1, 1], "uv": [68, 61], "inflate": -0.4, "mirror": true},
					{"origin": [0.90679, 27.39054, -5.5701], "size": [3, 1, 1], "uv": [68, 61], "inflate": -0.4, "mirror": true},
					{"origin": [1.3209, 25.84506, -5.5701], "size": [3, 1, 1], "uv": [68, 61], "inflate": -0.4, "mirror": true}
				]
			},
			{
				"name": "bone104",
				"parent": "bone102",
				"pivot": [0, 26, -5],
				"rotation": [0, 0, 75],
				"cubes": [
					{"origin": [-5.14912, 22.75409, -5.5701], "size": [3, 1, 1], "uv": [68, 61], "inflate": -0.4},
					{"origin": [-3.49268, 28.93602, -5.5701], "size": [3, 1, 1], "uv": [68, 61], "inflate": -0.4},
					{"origin": [-4.73501, 24.29957, -5.5701], "size": [3, 1, 1], "uv": [68, 61], "inflate": -0.4},
					{"origin": [-3.90679, 27.39054, -5.5701], "size": [3, 1, 1], "uv": [68, 61], "inflate": -0.4},
					{"origin": [-4.3209, 25.84506, -5.5701], "size": [3, 1, 1], "uv": [68, 61], "inflate": -0.4}
				]
			},
			{
				"name": "bone105",
				"parent": "bone102",
				"pivot": [4, 25.7575, -4.9701],
				"rotation": [0, 0, -14.0362],
				"cubes": [
					{"origin": [4, 25.7575, -4.9701], "size": [1, 8, 1], "uv": [72, 73], "inflate": -0.001}
				]
			},
			{
				"name": "bone106",
				"parent": "bone102",
				"pivot": [-4, 25.7575, -4.9701],
				"rotation": [0, 0, 14.0362],
				"cubes": [
					{"origin": [-5, 25.7575, -4.9701], "size": [1, 8, 1], "uv": [72, 73], "inflate": -0.001, "mirror": true}
				]
			},
			{
				"name": "bone107",
				"parent": "level2",
				"pivot": [0, 26, 0],
				"rotation": [0, 90, 0]
			},
			{
				"name": "bone108",
				"parent": "bone107",
				"pivot": [0, 26, -4.9701],
				"rotation": [-14.4775, 0, 0],
				"cubes": [
					{"origin": [-4, 25.7575, -4.9701], "size": [8, 8, 1], "uv": [56, 21]},
					{"origin": [-5, 27.3075, -5.5701], "size": [10, 1, 1], "uv": [32, 8], "inflate": -0.4},
					{"origin": [-4.5, 29.3075, -5.5701], "size": [9, 1, 1], "uv": [56, 30], "inflate": -0.4}
				]
			},
			{
				"name": "bone109",
				"parent": "bone108",
				"pivot": [0, 26, -5],
				"rotation": [0, 0, -75],
				"cubes": [
					{"origin": [2.14912, 22.75409, -5.5701], "size": [3, 1, 1], "uv": [68, 61], "inflate": -0.4, "mirror": true},
					{"origin": [0.49268, 28.93602, -5.5701], "size": [3, 1, 1], "uv": [68, 61], "inflate": -0.4, "mirror": true},
					{"origin": [1.73501, 24.29957, -5.5701], "size": [3, 1, 1], "uv": [68, 61], "inflate": -0.4, "mirror": true},
					{"origin": [0.90679, 27.39054, -5.5701], "size": [3, 1, 1], "uv": [68, 61], "inflate": -0.4, "mirror": true},
					{"origin": [1.3209, 25.84506, -5.5701], "size": [3, 1, 1], "uv": [68, 61], "inflate": -0.4, "mirror": true}
				]
			},
			{
				"name": "bone110",
				"parent": "bone108",
				"pivot": [0, 26, -5],
				"rotation": [0, 0, 75],
				"cubes": [
					{"origin": [-5.14912, 22.75409, -5.5701], "size": [3, 1, 1], "uv": [68, 61], "inflate": -0.4},
					{"origin": [-3.49268, 28.93602, -5.5701], "size": [3, 1, 1], "uv": [68, 61], "inflate": -0.4},
					{"origin": [-4.73501, 24.29957, -5.5701], "size": [3, 1, 1], "uv": [68, 61], "inflate": -0.4},
					{"origin": [-3.90679, 27.39054, -5.5701], "size": [3, 1, 1], "uv": [68, 61], "inflate": -0.4},
					{"origin": [-4.3209, 25.84506, -5.5701], "size": [3, 1, 1], "uv": [68, 61], "inflate": -0.4}
				]
			},
			{
				"name": "bone111",
				"parent": "bone108",
				"pivot": [4, 25.7575, -4.9701],
				"rotation": [0, 0, -14.0362],
				"cubes": [
					{"origin": [4, 25.7575, -4.9701], "size": [1, 8, 1], "uv": [72, 73], "inflate": -0.001}
				]
			},
			{
				"name": "bone112",
				"parent": "bone108",
				"pivot": [-4, 25.7575, -4.9701],
				"rotation": [0, 0, 14.0362],
				"cubes": [
					{"origin": [-5, 25.7575, -4.9701], "size": [1, 8, 1], "uv": [72, 73], "inflate": -0.001, "mirror": true}
				]
			},
			{
				"name": "level3",
				"parent": "hat",
				"pivot": [0, 33.5, 0]
			},
			{
				"name": "a_side",
				"parent": "level3",
				"pivot": [0, 33.5, -3],
				"rotation": [-54, 0, 0],
				"cubes": [
					{"origin": [-2, 33.5, -3], "size": [4, 13, 0], "uv": [4, 65]}
				]
			},
			{
				"name": "bone78",
				"parent": "a_side",
				"pivot": [3, 33.5, -3],
				"rotation": [0, 0, -8.9731],
				"cubes": [
					{"origin": [2, 33.5, -3], "size": [1, 16, 0], "uv": [50, 67]},
					{"origin": [2.23, 49.27, -3.23], "size": [1, 2, 1], "uv": [76, 16], "inflate": -0.23},
					{"origin": [2.32, 50.72, -3.32], "size": [1, 1, 1], "uv": [76, 36], "inflate": -0.32}
				]
			},
			{
				"name": "bone79",
				"parent": "a_side",
				"pivot": [-3, 33.5, -3],
				"rotation": [0, 0, 8.9731],
				"cubes": [
					{"origin": [-3, 33.5, -3], "size": [1, 16, 0], "uv": [50, 67]},
					{"origin": [-3.23, 49.27, -3.23], "size": [1, 2, 1], "uv": [76, 16], "inflate": -0.23},
					{"origin": [-3.3, 50.74, -3.3], "size": [1, 1, 1], "uv": [76, 36], "inflate": -0.3}
				]
			},
			{
				"name": "b_side",
				"parent": "level3",
				"pivot": [0, 33.5, 3],
				"rotation": [-40, 0, 0],
				"cubes": [
					{"origin": [-2, 33.5, 3], "size": [4, 10, 0], "uv": [52, 67]}
				]
			},
			{
				"name": "bone80",
				"parent": "b_side",
				"pivot": [3, 33.5, 3],
				"rotation": [0, 0, -11.6286],
				"cubes": [
					{"origin": [2, 33.5, 3], "size": [1, 12, 0], "uv": [30, 69]},
					{"origin": [2.22, 45.28, 2.781], "size": [1, 2, 1], "uv": [74, 51], "inflate": -0.22}
				]
			},
			{
				"name": "bone81",
				"parent": "b_side",
				"pivot": [-3, 33.5, 3],
				"rotation": [0, 0, 11.6286],
				"cubes": [
					{"origin": [-3, 33.5, 3], "size": [1, 12, 0], "uv": [30, 69]},
					{"origin": [-3.22, 45.28, 2.781], "size": [1, 2, 1], "uv": [74, 51], "inflate": -0.22}
				]
			},
			{
				"name": "c_side",
				"parent": "level3",
				"pivot": [-3, 33.5, 0],
				"rotation": [0, 0, 15.037],
				"cubes": [
					{"origin": [-3, 33.499, -1.5], "size": [0, 6, 8], "uv": [16, 43]},
					{"origin": [-3, 33.501, -2], "size": [0, 6, 8], "uv": [0, 43]}
				]
			},
			{
				"name": "bone83",
				"parent": "c_side",
				"pivot": [-3, 33.5, 3],
				"rotation": [-39.0202, 0, 0],
				"cubes": [
					{"origin": [-3, 33.5, 2], "size": [0, 11, 1], "uv": [28, 68]},
					{"origin": [-3.211, 44.29, 2.21], "size": [1, 2, 1], "uv": [74, 8], "inflate": -0.21},
					{"origin": [-3.271, 45.81, 2.27], "size": [1, 1, 1], "uv": [36, 76], "inflate": -0.27},
					{"origin": [-3.321, 46.22, 2.32], "size": [1, 1, 1], "uv": [36, 76], "inflate": -0.32},
					{"origin": [-3.351, 46.55, 2.35], "size": [1, 1, 1], "uv": [36, 76], "inflate": -0.35}
				]
			},
			{
				"name": "bone82",
				"parent": "c_side",
				"pivot": [-3, 33.5, -3],
				"rotation": [-53.0458, 0, 0],
				"cubes": [
					{"origin": [-3, 33.5, -3], "size": [0, 15, 1], "uv": [48, 66]},
					{"origin": [-3.181, 48.32, -3.18], "size": [1, 2, 1], "uv": [74, 8], "inflate": -0.18},
					{"origin": [-3.351, 49.79, -3.35], "size": [1, 2, 1], "uv": [74, 8], "inflate": -0.35}
				]
			},
			{
				"name": "c_side2",
				"parent": "level3",
				"pivot": [3, 33.5, 0],
				"rotation": [0, 0, -15.037],
				"cubes": [
					{"origin": [3, 33.499, -1.5], "size": [0, 6, 8], "uv": [16, 43], "mirror": true},
					{"origin": [3, 33.501, -2], "size": [0, 6, 8], "uv": [0, 43], "mirror": true}
				]
			},
			{
				"name": "bone84",
				"parent": "c_side2",
				"pivot": [3, 33.5, 3],
				"rotation": [-39.0202, 0, 0],
				"cubes": [
					{"origin": [3, 33.5, 2], "size": [0, 11, 1], "uv": [28, 68], "mirror": true},
					{"origin": [2.211, 44.29, 2.21], "size": [1, 2, 1], "uv": [74, 8], "inflate": -0.21, "mirror": true},
					{"origin": [2.271, 45.81, 2.27], "size": [1, 1, 1], "uv": [36, 76], "inflate": -0.27, "mirror": true},
					{"origin": [2.321, 46.22, 2.32], "size": [1, 1, 1], "uv": [36, 76], "inflate": -0.32, "mirror": true},
					{"origin": [2.351, 46.55, 2.35], "size": [1, 1, 1], "uv": [36, 76], "inflate": -0.35, "mirror": true}
				]
			},
			{
				"name": "bone85",
				"parent": "c_side2",
				"pivot": [3, 33.5, -3],
				"rotation": [-53.0458, 0, 0],
				"cubes": [
					{"origin": [3, 33.5, -3], "size": [0, 15, 1], "uv": [48, 66], "mirror": true},
					{"origin": [2.181, 48.32, -3.18], "size": [1, 2, 1], "uv": [74, 8], "inflate": -0.18, "mirror": true},
					{"origin": [2.351, 49.79, -3.35], "size": [1, 2, 1], "uv": [74, 8], "inflate": -0.35, "mirror": true}
				]
			},
			{
				"name": "level4",
				"parent": "hat",
				"pivot": [0, 43.9, 11.25],
				"rotation": [45, 0, 0],
				"cubes": [
					{"origin": [-0.5, 42.9, 11.25], "size": [1, 1, 1], "uv": [75, 29]},
					{"origin": [-0.5, 40.88633, 13.26367], "size": [1, 1, 1], "uv": [75, 29]}
				]
			},
			{
				"name": "bone86",
				"parent": "level4",
				"pivot": [0.5, 43.9, 12.25],
				"rotation": [-22.5, 0, 0],
				"cubes": [
					{"origin": [-0.5, 42.9, 12.25], "size": [1, 1, 1], "uv": [75, 29]},
					{"origin": [-0.5, 41.50365, 13.33979], "size": [1, 1, 1], "uv": [75, 29]}
				]
			},
			{
				"name": "bone87",
				"parent": "level4",
				"pivot": [0.5, 43.9, 12.25],
				"rotation": [-45, 0, 0],
				"cubes": [
					{"origin": [-0.5, 43.28268, 13.17388], "size": [1, 1, 1], "uv": [75, 29]},
					{"origin": [-0.5, 42.1031, 13.17388], "size": [1, 1, 1], "uv": [75, 29]},
					{"origin": [-0.5, 42.6929, 13.17388], "size": [1, 1, 1], "uv": [75, 29]}
				]
			},
			{
				"name": "bone88",
				"parent": "level4",
				"pivot": [0.5, 43.9, 12.25],
				"rotation": [-67.5, 0, 0],
				"cubes": [
					{"origin": [-0.5, 43.98979, 13.88099], "size": [1, 1, 1], "uv": [75, 29]},
					{"origin": [-0.5, 42.59344, 12.7912], "size": [1, 1, 1], "uv": [75, 29]}
				]
			},
			{
				"name": "body",
				"pivot": [0, 10.5, 0],
				"cubes": [
					{"origin": [-3.5, 9, -1.5], "size": [7, 9, 3], "uv": [50, 32]},
					{"origin": [-5, 7.5, -3], "size": [10, 5, 6], "uv": [26, 10], "inflate": -1.4}
				]
			},
			{
				"name": "cloth",
				"parent": "body",
				"pivot": [0, 15, 0],
				"cubes": [
					{"origin": [-4, 10.5, -2], "size": [8, 7, 4], "uv": [32, 21]},
					{"origin": [-1.5, 13, -1.999], "size": [3, 4, 0], "uv": [74, 25]}
				]
			},
			{
				"name": "belt",
				"parent": "cloth",
				"pivot": [0, 10.5, 0],
				"cubes": [
					{"origin": [-1, 10.5, -2.1], "size": [2, 1, 0], "uv": [28, 23]},
					{"origin": [-1, 10.5, -1.875], "size": [2, 1, 0], "uv": [24, 23], "inflate": 0.2},
					{"origin": [-4, 10.5, -2], "size": [8, 1, 4], "uv": [50, 44], "inflate": 0.05},
					{"origin": [-1.6, 10.5, -2.55], "size": [2, 1, 1], "uv": [72, 49], "inflate": -0.4}
				]
			},
			{
				"name": "V",
				"parent": "cloth",
				"pivot": [0, 15.5, -2],
				"rotation": [0, 0, 45],
				"cubes": [
					{"origin": [-2.56066, 15.06066, -2.4392], "size": [3, 3, 1], "uv": [70, 42], "inflate": -0.43934}
				]
			},
			{
				"name": "XX",
				"parent": "cloth",
				"pivot": [0, 15.85, -2]
			},
			{
				"name": "bone28",
				"parent": "XX",
				"pivot": [0, 15.35, -2],
				"rotation": [0, 0, 45],
				"cubes": [
					{"origin": [-1.5, 14.85, -2.5], "size": [3, 1, 1], "uv": [70, 46], "inflate": -0.4},
					{"origin": [-0.5, 13.85, -2.5], "size": [3, 1, 1], "uv": [70, 46], "inflate": -0.4}
				]
			},
			{
				"name": "bone29",
				"parent": "XX",
				"pivot": [0, 15.35, -2],
				"rotation": [0, 0, -45],
				"cubes": [
					{"origin": [-1.5, 14.85, -2.5], "size": [3, 1, 1], "uv": [70, 46], "inflate": -0.4},
					{"origin": [-2.5, 13.85, -2.5], "size": [3, 1, 1], "uv": [70, 46], "inflate": -0.4}
				]
			},
			{
				"name": "sittingRotationSkirt",
				"parent": "cloth",
				"pivot": [0, 10.5, 0]
			},
			{
				"name": "skirt",
				"parent": "sittingRotationSkirt",
				"pivot": [0, 7, 0]
			},
			{
				"name": "bone4",
				"parent": "skirt",
				"pivot": [0, 7, 0]
			},
			{
				"name": "bone",
				"parent": "bone4",
				"pivot": [0, 7, -2.9682],
				"rotation": [-14.9632, 0, 0],
				"cubes": [
					{"origin": [-4, 6.75, -2.9682], "size": [8, 4, 0], "uv": [32, 51]}
				]
			},
			{
				"name": "bone2",
				"parent": "bone",
				"pivot": [-4, 6.75, -2.9682],
				"rotation": [0, 0, 14.4775],
				"cubes": [
					{"origin": [-5, 6.75, -2.9682], "size": [1, 4, 0], "uv": [24, 16]}
				]
			},
			{
				"name": "bone3",
				"parent": "bone",
				"pivot": [4, 6.75, -2.9682],
				"rotation": [0, 0, -14.4775],
				"cubes": [
					{"origin": [4, 6.75, -2.9682], "size": [1, 4, 0], "uv": [24, 16]}
				]
			},
			{
				"name": "bone5",
				"parent": "skirt",
				"pivot": [0, 7, 0],
				"rotation": [0, -90, 0]
			},
			{
				"name": "bone6",
				"parent": "bone5",
				"pivot": [0, 7, -4.9682],
				"rotation": [-14.9632, 0, 0],
				"cubes": [
					{"origin": [-2, 6.75, -4.9682], "size": [4, 4, 0], "uv": [74, 21]}
				]
			},
			{
				"name": "bone7",
				"parent": "bone6",
				"pivot": [-2, 6.75, -4.9682],
				"rotation": [0, 0, 14.4775],
				"cubes": [
					{"origin": [-3, 6.75, -4.9682], "size": [1, 4, 0], "uv": [24, 16]}
				]
			},
			{
				"name": "bone8",
				"parent": "bone6",
				"pivot": [2, 6.75, -4.9682],
				"rotation": [0, 0, -14.4775],
				"cubes": [
					{"origin": [2, 6.75, -4.9682], "size": [1, 4, 0], "uv": [24, 16]}
				]
			},
			{
				"name": "bone9",
				"parent": "skirt",
				"pivot": [0, 7, 0],
				"rotation": [0, 180, 0]
			},
			{
				"name": "bone10",
				"parent": "bone9",
				"pivot": [0, 7, -2.9682],
				"rotation": [-14.9632, 0, 0],
				"cubes": [
					{"origin": [-4, 6.75, -2.9682], "size": [8, 4, 0], "uv": [32, 51]}
				]
			},
			{
				"name": "bone11",
				"parent": "bone10",
				"pivot": [-4, 6.75, -2.9682],
				"rotation": [0, 0, 14.4775],
				"cubes": [
					{"origin": [-5, 6.75, -2.9682], "size": [1, 4, 0], "uv": [24, 16]}
				]
			},
			{
				"name": "bone12",
				"parent": "bone10",
				"pivot": [4, 6.75, -2.9682],
				"rotation": [0, 0, -14.4775],
				"cubes": [
					{"origin": [4, 6.75, -2.9682], "size": [1, 4, 0], "uv": [24, 16]}
				]
			},
			{
				"name": "bone13",
				"parent": "skirt",
				"pivot": [0, 7, 0],
				"rotation": [0, 90, 0]
			},
			{
				"name": "bone14",
				"parent": "bone13",
				"pivot": [0, 7, -4.9682],
				"rotation": [-14.9632, 0, 0],
				"cubes": [
					{"origin": [-2, 6.75, -4.9682], "size": [4, 4, 0], "uv": [74, 21]}
				]
			},
			{
				"name": "bone15",
				"parent": "bone14",
				"pivot": [-2, 6.75, -4.9682],
				"rotation": [0, 0, 14.4775],
				"cubes": [
					{"origin": [-3, 6.75, -4.9682], "size": [1, 4, 0], "uv": [24, 16]}
				]
			},
			{
				"name": "bone16",
				"parent": "bone14",
				"pivot": [2, 6.75, -4.9682],
				"rotation": [0, 0, -14.4775],
				"cubes": [
					{"origin": [2, 6.75, -4.9682], "size": [1, 4, 0], "uv": [24, 16]}
				]
			},
			{
				"name": "chestPlate",
				"parent": "body",
				"pivot": [0, 11.25, -1]
			},
			{
				"name": "piece1",
				"parent": "chestPlate",
				"pivot": [-1, 0.75, -1],
				"rotation": [0, 90, 0]
			},
			{
				"name": "base17",
				"parent": "piece1",
				"pivot": [-1, 0.75, 12.2453],
				"rotation": [23.7264, 0, 0],
				"cubes": [
					{"origin": [-5.5, 0.5856, 12.2453], "size": [9, 12, 0], "uv": [50, 55], "inflate": 0.002}
				]
			},
			{
				"name": "base19",
				"parent": "base17",
				"pivot": [-5.5, 0.5856, 12.2453],
				"rotation": [0, 0, 9.4623],
				"cubes": [
					{"origin": [-6.5, 0.5856, 12.2453], "size": [1, 12, 0], "uv": [70, 73], "inflate": 0.001}
				]
			},
			{
				"name": "piece2",
				"parent": "chestPlate",
				"pivot": [-1, 0.75, -1],
				"rotation": [0, 45, 0]
			},
			{
				"name": "base13",
				"parent": "piece2",
				"pivot": [-1, 0.75, 12.2453],
				"rotation": [23.7264, 0, 0],
				"cubes": [
					{"origin": [-5.5, 0.5856, 12.2453], "size": [9, 19, 0], "uv": [18, 32], "inflate": 0.002}
				]
			},
			{
				"name": "base14",
				"parent": "base13",
				"pivot": [3.5, 0.5856, 12.2453],
				"rotation": [0, 0, -9.4623],
				"cubes": [
					{"origin": [3.5, 0.5856, 12.2453], "size": [1, 19, 0], "uv": [34, 67], "inflate": 0.003}
				]
			},
			{
				"name": "base15",
				"parent": "base13",
				"pivot": [-5.5, 0.5856, 12.2453],
				"rotation": [0, 0, 9.4623],
				"cubes": [
					{"origin": [-6.5, 0.5856, 12.2453], "size": [1, 19, 0], "uv": [32, 67], "inflate": 0.001}
				]
			},
			{
				"name": "piece3",
				"parent": "chestPlate",
				"pivot": [0, 0.75, -1]
			},
			{
				"name": "base",
				"parent": "piece3",
				"pivot": [0, 0.75, 12.2453],
				"rotation": [23.7264, 0, 0],
				"cubes": [
					{"origin": [-3.5, 0.5856, 12.2453], "size": [7, 19, 0], "uv": [36, 32], "inflate": 0.002}
				]
			},
			{
				"name": "base6",
				"parent": "base",
				"pivot": [3.5, 0.5856, 12.2453],
				"rotation": [0, 0, -9.4623],
				"cubes": [
					{"origin": [3.5, 0.5856, 12.2453], "size": [1, 19, 0], "uv": [18, 65], "inflate": 0.001}
				]
			},
			{
				"name": "base7",
				"parent": "base",
				"pivot": [-3.5, 0.5856, 12.2453],
				"rotation": [0, 0, 9.4623],
				"cubes": [
					{"origin": [-4.5, 0.5856, 12.2453], "size": [1, 19, 0], "uv": [16, 65], "inflate": 0.001}
				]
			},
			{
				"name": "piece4",
				"parent": "chestPlate",
				"pivot": [1, 0.75, -1],
				"rotation": [0, -45, 0]
			},
			{
				"name": "base2",
				"parent": "piece4",
				"pivot": [1, 0.75, 12.2453],
				"rotation": [23.7264, 0, 0],
				"cubes": [
					{"origin": [-3.5, 0.5856, 12.2453], "size": [9, 19, 0], "uv": [0, 32], "inflate": 0.002}
				]
			},
			{
				"name": "base8",
				"parent": "base2",
				"pivot": [-3.5, 0.5856, 12.2453],
				"rotation": [0, 0, 9.4623],
				"cubes": [
					{"origin": [-4.5, 0.5856, 12.2453], "size": [1, 19, 0], "uv": [14, 65], "inflate": 0.003}
				]
			},
			{
				"name": "base9",
				"parent": "base2",
				"pivot": [5.5, 0.5856, 12.2453],
				"rotation": [0, 0, -9.4623],
				"cubes": [
					{"origin": [5.5, 0.5856, 12.2453], "size": [1, 19, 0], "uv": [12, 65], "inflate": 0.001}
				]
			},
			{
				"name": "piece5",
				"parent": "chestPlate",
				"pivot": [1, 0.75, -1],
				"rotation": [0, -90, 0]
			},
			{
				"name": "base10",
				"parent": "piece5",
				"pivot": [1, 0.75, 12.2453],
				"rotation": [23.7264, 0, 0],
				"cubes": [
					{"origin": [-3.5, 0.5856, 12.2453], "size": [9, 12, 0], "uv": [32, 55], "inflate": 0.002}
				]
			},
			{
				"name": "base11",
				"parent": "base10",
				"pivot": [5.5, 0.5856, 12.2453],
				"rotation": [0, 0, -9.4623],
				"cubes": [
					{"origin": [5.5, 0.5856, 12.2453], "size": [1, 12, 0], "uv": [68, 73], "inflate": 0.001}
				]
			},
			{
				"name": "piece6",
				"parent": "chestPlate",
				"pivot": [0, 11.25, -1],
				"cubes": [
					{"origin": [-5.5, 17.1321, 0.73375], "size": [11, 3, 5], "uv": [24, 0], "inflate": -0.62825},
					{"origin": [-6.2435, 16.1321, 0.73375], "size": [2, 4, 5], "uv": [58, 11], "inflate": -0.62825},
					{"origin": [-6.2435, 16.1321, 4.47725], "size": [2, 4, 2], "uv": [70, 36], "inflate": -0.62825},
					{"origin": [4.2435, 16.1321, 4.47725], "size": [2, 4, 2], "uv": [70, 36], "inflate": -0.62825, "mirror": true},
					{"origin": [4.2435, 16.1321, 0.73375], "size": [2, 4, 5], "uv": [58, 11], "inflate": -0.62825, "mirror": true},
					{"origin": [-5.5, 16.1321, 4.47725], "size": [11, 4, 2], "uv": [48, 49], "inflate": -0.62825}
				]
			},
			{
				"name": "_chestPlate",
				"parent": "body",
				"pivot": [0, 12, 2.25],
				"rotation": [0, 0, -70]
			},
			{
				"name": "wandHead",
				"parent": "_chestPlate",
				"pivot": [0, 24, 2.25]
			},
			{
				"name": "bone113",
				"parent": "wandHead",
				"pivot": [0, 24, 2.25],
				"rotation": [0, 0, 30],
				"cubes": [
					{"origin": [1.73205, 23, 1.75], "size": [2, 2, 1], "uv": [16, 57], "inflate": 0.001},
					{"origin": [1.23205, 24.4, 1.25], "size": [3, 1, 2], "uv": [52, 11], "inflate": -0.4},
					{"origin": [1.23205, 22.6, 1.25], "size": [3, 1, 2], "uv": [52, 11], "inflate": -0.4}
				]
			},
			{
				"name": "bone114",
				"parent": "wandHead",
				"pivot": [0, 24, 2.25],
				"cubes": [
					{"origin": [2.73205, 23, 1.75], "size": [1, 2, 1], "uv": [67, 11]},
					{"origin": [2, 23, 1.75], "size": [1, 2, 1], "uv": [67, 11], "inflate": -0.001}
				]
			},
			{
				"name": "bone125",
				"parent": "wandHead",
				"pivot": [0, 24, 2.25],
				"rotation": [0, 0, 60],
				"cubes": [
					{"origin": [2.73205, 23, 1.75], "size": [1, 2, 1], "uv": [67, 11]},
					{"origin": [2, 23, 1.75], "size": [1, 2, 1], "uv": [67, 11], "inflate": -0.004}
				]
			},
			{
				"name": "bone129",
				"parent": "wandHead",
				"pivot": [0, 24, 2.25],
				"rotation": [0, 0, 30],
				"cubes": [
					{"origin": [1.73205, 20.26795, 1.75], "size": [1, 1, 1], "uv": [66, 68]}
				]
			},
			{
				"name": "bone130",
				"parent": "wandHead",
				"pivot": [0, 24, 2.25],
				"rotation": [0, 0, -30],
				"cubes": [
					{"origin": [-2.73205, 20.26795, 1.75], "size": [1, 1, 1], "uv": [66, 68], "inflate": -0.001}
				]
			},
			{
				"name": "bone115",
				"parent": "wandHead",
				"pivot": [0, 24, 2.25],
				"rotation": [0, 0, -30],
				"cubes": [
					{"origin": [2.73205, 23, 1.75], "size": [1, 2, 1], "uv": [67, 11], "inflate": -0.001},
					{"origin": [2.23205, 22.86603, 1.75], "size": [1, 3, 1], "uv": [50, 44], "inflate": -0.003}
				]
			},
			{
				"name": "bone126",
				"parent": "wandHead",
				"pivot": [0, 24, 2.25],
				"rotation": [0, 0, 90],
				"cubes": [
					{"origin": [2.73205, 23, 1.75], "size": [1, 2, 1], "uv": [67, 11], "inflate": -0.002},
					{"origin": [3.60008, 23.502, 1.748], "size": [1, 1, 1], "uv": [66, 68], "inflate": 0.001},
					{"origin": [2.23205, 22.13397, 1.75], "size": [1, 3, 1], "uv": [50, 44], "inflate": -0.003}
				]
			},
			{
				"name": "bone116",
				"parent": "wandHead",
				"pivot": [0, 24, 2.25],
				"rotation": [0, 0, -60],
				"cubes": [
					{"origin": [2.73205, 23, 1.75], "size": [1, 2, 1], "uv": [67, 11], "inflate": -0.002},
					{"origin": [-3.73205, 23, 1.75], "size": [1, 2, 1], "uv": [67, 11], "inflate": -0.001}
				]
			},
			{
				"name": "bone117",
				"parent": "wandHead",
				"pivot": [0, 24, 2.25],
				"rotation": [0, 0, -90],
				"cubes": [
					{"origin": [2.73205, 23, 1.75], "size": [1, 2, 1], "uv": [67, 11], "inflate": -0.003}
				]
			},
			{
				"name": "bone127",
				"parent": "wandHead",
				"pivot": [0, 24, 2.25],
				"rotation": [0, 0, -120],
				"cubes": [
					{"origin": [2.73205, 23, 1.75], "size": [1, 2, 1], "uv": [67, 11], "inflate": -0.004}
				]
			},
			{
				"name": "bone118",
				"parent": "wandHead",
				"pivot": [0, 24, 2.25],
				"rotation": [0, 0, -150],
				"cubes": [
					{"origin": [2.73205, 18, 1.75], "size": [1, 7, 1], "uv": [74, 0], "inflate": -0.001}
				]
			},
			{
				"name": "bone124",
				"parent": "wandHead",
				"pivot": [0, 24, 2.25],
				"rotation": [0, 0, -158],
				"cubes": [
					{"origin": [2.86069, 17.53899, 1.75], "size": [1, 7, 1], "uv": [74, 0]}
				]
			},
			{
				"name": "ball",
				"parent": "wandHead",
				"pivot": [-0.5, 24, 2.25],
				"rotation": [45, 35, 0],
				"cubes": [
					{"origin": [-2.5, 22, 0.25], "size": [4, 4, 4], "uv": [4, 57], "inflate": -1}
				]
			},
			{
				"name": "pick",
				"parent": "_chestPlate",
				"pivot": [0, 19.4, 2.25]
			},
			{
				"name": "bone133",
				"parent": "pick",
				"pivot": [0, 19.4, 2.7487],
				"rotation": [-4.1172, 0, 0]
			},
			{
				"name": "bone134",
				"parent": "bone133",
				"pivot": [0, 19.4358, 2.7487],
				"rotation": [0, 0, 4.1066],
				"cubes": [
					{"origin": [-0.25, 15.6858, 1.9987], "size": [1, 4, 1], "uv": [51, 0], "inflate": -0.25}
				]
			},
			{
				"name": "bone135",
				"parent": "bone133",
				"pivot": [0, 19.4358, 2.7487],
				"rotation": [0, 0, -4.1066],
				"cubes": [
					{"origin": [-0.75, 15.6858, 1.9987], "size": [1, 4, 1], "uv": [51, 0], "inflate": -0.25}
				]
			},
			{
				"name": "bone132",
				"parent": "pick",
				"pivot": [0, 19.4, 1.7513],
				"rotation": [4.1172, 0, 0]
			},
			{
				"name": "bone131",
				"parent": "bone132",
				"pivot": [0, 19.4358, 1.7513],
				"rotation": [0, 0, 4.1066],
				"cubes": [
					{"origin": [-0.25, 15.6858, 1.5013], "size": [1, 4, 1], "uv": [51, 0], "inflate": -0.25}
				]
			},
			{
				"name": "bone128",
				"parent": "bone132",
				"pivot": [0, 19.4358, 1.7513],
				"rotation": [0, 0, -4.1066],
				"cubes": [
					{"origin": [-0.75, 15.6858, 1.5013], "size": [1, 4, 1], "uv": [51, 0], "inflate": -0.25}
				]
			},
			{
				"name": "rod",
				"parent": "_chestPlate",
				"pivot": [-0.5, -3, 1.75],
				"cubes": [
					{"origin": [-0.5, -3, 1.75], "size": [1, 20, 1], "uv": [0, 57], "inflate": -0.25},
					{"origin": [-0.5, 7, 1.75], "size": [1, 9, 1], "uv": [24, 69], "inflate": -0.249},
					{"origin": [-0.5, 14.9, 1.75], "size": [1, 1, 1], "uv": [32, 23], "inflate": -0.248},
					{"origin": [-0.5, 14.3, 1.75], "size": [1, 1, 1], "uv": [32, 23], "inflate": -0.248},
					{"origin": [-0.5, 13.7, 1.75], "size": [1, 1, 1], "uv": [32, 23], "inflate": -0.248},
					{"origin": [-0.5, 13.1, 1.75], "size": [1, 1, 1], "uv": [32, 23], "inflate": -0.248},
					{"origin": [-0.5, 11.3, 1.75], "size": [1, 1, 1], "uv": [32, 23], "inflate": -0.248},
					{"origin": [-0.5, 10.7, 1.75], "size": [1, 1, 1], "uv": [32, 23], "inflate": -0.248},
					{"origin": [-0.5, 12.5, 1.75], "size": [1, 1, 1], "uv": [32, 23], "inflate": -0.248},
					{"origin": [-0.5, 11.9, 1.75], "size": [1, 1, 1], "uv": [32, 23], "inflate": -0.248},
					{"origin": [-0.5, 7.7, 1.75], "size": [1, 1, 1], "uv": [32, 23], "inflate": -0.248},
					{"origin": [-0.5, 7.1, 1.75], "size": [1, 1, 1], "uv": [32, 23], "inflate": -0.248},
					{"origin": [-0.5, 10.1, 1.75], "size": [1, 1, 1], "uv": [32, 23], "inflate": -0.248},
					{"origin": [-0.5, 9.5, 1.75], "size": [1, 1, 1], "uv": [32, 23], "inflate": -0.248},
					{"origin": [-0.5, 8.9, 1.75], "size": [1, 1, 1], "uv": [32, 23], "inflate": -0.248},
					{"origin": [-0.5, 8.3, 1.75], "size": [1, 1, 1], "uv": [32, 23], "inflate": -0.248}
				]
			},
			{
				"name": "bone137",
				"parent": "rod",
				"pivot": [-0.25, -2.75, 2.25],
				"rotation": [0, 0, 8.2],
				"cubes": [
					{"origin": [-1, -3, 1.75], "size": [1, 4, 1], "uv": [24, 0], "inflate": -0.2501}
				]
			},
			{
				"name": "bone138",
				"parent": "rod",
				"pivot": [-0.74513, -2.68041, 2.25],
				"rotation": [0, 0, 16.5],
				"cubes": [
					{"origin": [-1.49513, -2.93041, 1.75], "size": [1, 4, 1], "uv": [24, 0], "inflate": -0.2502}
				]
			},
			{
				"name": "armRight",
				"pivot": [-3, 17.5, 0],
				"rotation": [0, 0, 20],
				"cubes": [
					{"origin": [-5, 9.5, -1], "size": [2, 8, 2], "uv": [60, 68]}
				]
			},
			{
				"name": "bone19",
				"parent": "armRight",
				"pivot": [-3, 17.5, 0],
				"cubes": [
					{"origin": [-6, 10, -2], "size": [4, 1, 4], "uv": [67, 11], "inflate": -0.1, "mirror": true}
				]
			},
			{
				"name": "bone20",
				"parent": "bone19",
				"pivot": [-4, 17.5, 0],
				"rotation": [8.1301, 0, -8.1301],
				"cubes": [
					{"origin": [-5, 10.5, -1], "size": [2, 6, 2], "uv": [0, 16], "inflate": 0.001}
				]
			},
			{
				"name": "bone21",
				"parent": "bone19",
				"pivot": [-4, 17.5, 0],
				"rotation": [8.1301, 0, 8.1301],
				"cubes": [
					{"origin": [-5, 10.5, -1], "size": [2, 6, 2], "uv": [0, 16], "mirror": true}
				]
			},
			{
				"name": "bone22",
				"parent": "bone19",
				"pivot": [-4, 17.5, 0],
				"rotation": [-8.1301, 0, -8.1301],
				"cubes": [
					{"origin": [-5, 10.5, -1], "size": [2, 6, 2], "uv": [0, 0]}
				]
			},
			{
				"name": "bone23",
				"parent": "bone19",
				"pivot": [-4, 17.5, 0],
				"rotation": [-8.1301, 0, 8.1301],
				"cubes": [
					{"origin": [-5, 10.5, -1], "size": [2, 6, 2], "uv": [0, 0], "inflate": 0.001, "mirror": true}
				]
			},
			{
				"name": "armLeft",
				"pivot": [3, 17.5, 0],
				"rotation": [0, 0, -20],
				"cubes": [
					{"origin": [3, 9.5, -1], "size": [2, 8, 2], "uv": [60, 68]}
				]
			},
			{
				"name": "bone119",
				"parent": "armLeft",
				"pivot": [3, 17.5, 0],
				"cubes": [
					{"origin": [2, 10, -2], "size": [4, 1, 4], "uv": [67, 11], "inflate": -0.1}
				]
			},
			{
				"name": "bone120",
				"parent": "bone119",
				"pivot": [4, 17.5, 0],
				"rotation": [8.1301, 0, 8.1301],
				"cubes": [
					{"origin": [3, 10.5, -1], "size": [2, 6, 2], "uv": [0, 16], "inflate": 0.001, "mirror": true}
				]
			},
			{
				"name": "bone121",
				"parent": "bone119",
				"pivot": [4, 17.5, 0],
				"rotation": [8.1301, 0, -8.1301],
				"cubes": [
					{"origin": [3, 10.5, -1], "size": [2, 6, 2], "uv": [0, 16]}
				]
			},
			{
				"name": "bone122",
				"parent": "bone119",
				"pivot": [4, 17.5, 0],
				"rotation": [-8.1301, 0, 8.1301],
				"cubes": [
					{"origin": [3, 10.5, -1], "size": [2, 6, 2], "uv": [0, 0], "mirror": true}
				]
			},
			{
				"name": "bone123",
				"parent": "bone119",
				"pivot": [4, 17.5, 0],
				"rotation": [-8.1301, 0, -8.1301],
				"cubes": [
					{"origin": [3, 10.5, -1], "size": [2, 6, 2], "uv": [0, 0], "inflate": 0.001}
				]
			},
			{
				"name": "legLeft",
				"pivot": [2, 9, 0],
				"cubes": [
					{"origin": [0.499, 0, -1.5], "size": [3, 9, 3], "uv": [20, 57]},
					{"origin": [0.499, 0, -1.5], "size": [3, 6, 3], "uv": [36, 67], "inflate": 0.01}
				]
			},
			{
				"name": "bootLeft",
				"parent": "legLeft",
				"pivot": [2, 9, 0],
				"cubes": [
					{"origin": [0.5, 0, -1.5], "size": [3, 3, 3], "uv": [68, 55], "inflate": 0.02},
					{"origin": [1.5, 0.10132, -2.27736], "size": [1, 1, 1], "uv": [40, 76], "inflate": 0.12132}
				]
			},
			{
				"name": "bone24",
				"parent": "bootLeft",
				"pivot": [2, 0, 0],
				"rotation": [0, -45, 0],
				"cubes": [
					{"origin": [-0.01414, 0.10132, -1.13546], "size": [1, 1, 1], "uv": [40, 76], "inflate": 0.12132},
					{"origin": [0.86454, 0.10132, -2.01414], "size": [1, 1, 1], "uv": [40, 76], "inflate": 0.12132}
				]
			},
			{
				"name": "bone17",
				"parent": "bootLeft",
				"pivot": [2, 2.02, 0],
				"rotation": [0, 0, 15],
				"cubes": [
					{"origin": [-0.05882, 2.18593, -2], "size": [2, 1, 4], "uv": [68, 16], "inflate": -0.2}
				]
			},
			{
				"name": "bone18",
				"parent": "bootLeft",
				"pivot": [2, 2.02, 0],
				"rotation": [0, 0, -15],
				"cubes": [
					{"origin": [2.05882, 2.18593, -2], "size": [2, 1, 4], "uv": [68, 16], "inflate": -0.2, "mirror": true}
				]
			},
			{
				"name": "legRight",
				"pivot": [-2, 9, 0],
				"cubes": [
					{"origin": [-3.499, 0, -1.5], "size": [3, 9, 3], "uv": [20, 57]}
				]
			},
			{
				"name": "bootRight",
				"parent": "legRight",
				"pivot": [-2, 9, 0],
				"cubes": [
					{"origin": [-3.5, 0, -1.5], "size": [3, 3, 3], "uv": [68, 55], "inflate": 0.02},
					{"origin": [-2.5, 0.10132, -2.27736], "size": [1, 1, 1], "uv": [40, 76], "inflate": 0.12132}
				]
			},
			{
				"name": "bone25",
				"parent": "bootRight",
				"pivot": [-2, 0, 0],
				"rotation": [0, -45, 0],
				"cubes": [
					{"origin": [-4.01414, 0.10132, -1.13546], "size": [1, 1, 1], "uv": [40, 76], "inflate": 0.12132},
					{"origin": [-3.13546, 0.10132, -2.01414], "size": [1, 1, 1], "uv": [40, 76], "inflate": 0.12132}
				]
			},
			{
				"name": "bone26",
				"parent": "bootRight",
				"pivot": [-2, 2.02, 0],
				"rotation": [0, 0, 15],
				"cubes": [
					{"origin": [-4.05882, 2.18593, -2], "size": [2, 1, 4], "uv": [68, 16], "inflate": -0.2}
				]
			},
			{
				"name": "bone27",
				"parent": "bootRight",
				"pivot": [-2, 2.02, 0],
				"rotation": [0, 0, -15],
				"cubes": [
					{"origin": [-1.94118, 2.18593, -2], "size": [2, 1, 4], "uv": [68, 16], "inflate": -0.2, "mirror": true}
				]
			},
			{
				"name": "sockRight",
				"parent": "legRight",
				"pivot": [-2, 9, 0],
				"cubes": [
					{"origin": [-3.501, 4, -1.5], "size": [3, 2, 3], "uv": [68, 68], "inflate": 0.028},
					{"origin": [-3.501, 4.9, -1.5], "size": [3, 1, 3], "uv": [70, 32], "inflate": 0.029},
					{"origin": [-3.501, 4.1, -1.5], "size": [3, 1, 3], "uv": [70, 32], "inflate": 0.029},
					{"origin": [-4, 5, -2], "size": [4, 1, 4], "uv": [64, 63], "inflate": -0.47},
					{"origin": [-4, 4.5, -2], "size": [4, 1, 4], "uv": [64, 63], "inflate": -0.47},
					{"origin": [-4, 4, -2], "size": [4, 1, 4], "uv": [64, 63], "inflate": -0.47}
				]
			}
		]
	}
}