{
	"format_version": "1.10.0",
	"geometry.model": {
		"texturewidth": 64,
		"textureheight": 64,
		"visible_bounds_width": 3,
		"visible_bounds_height": 4,
		"visible_bounds_offset": [0, 1, 0],
		"bones": [
			{
				"name": "head",
				"pivot": [-0.5, 18, 0.4],
				"cubes": [
					{"origin": [-3.5, 18, -3.5], "size": [7, 6.8, 7], "uv": [0, 0]}
				]
			},
			{
				"name": "ahoge",
				"parent": "head",
				"pivot": [-0.5, 26, 0.4],
				"cubes": [
					{"origin": [-3, 24.8, 0.4], "size": [6, 5.8, 0], "uv": [32, 16]}
				]
			},
			{
				"name": "hair",
				"parent": "head",
				"pivot": [0, 21, -4],
				"cubes": [
					{"origin": [-1.15, 20.35, -3.7], "size": [1, 5.05, 2.3], "uv": [0, 39]},
					{"origin": [-2.55, 21.4, -3.7], "size": [1.4, 4, 2.3], "uv": [38, 0]},
					{"origin": [1.1, 20.1, -3.7], "size": [1.4, 4.8, 2.3], "uv": [35, 38]},
					{"origin": [2.5, 19.4, -3.7], "size": [1.4, 5.6, 2.3], "uv": [37, 24]},
					{"origin": [-4.1, 19.3, -3.7], "size": [1.6, 5.7, 2.3], "uv": [0, 0]},
					{"origin": [-0.15, 19.7, -3.7], "size": [1.3, 5.7, 2.3], "uv": [37, 31]}
				]
			},
			{
				"name": "bone",
				"parent": "hair",
				"pivot": [3.3, 21.5, -4],
				"rotation": [-3.5, 0, 5],
				"cubes": [
					{"origin": [2.85, 17.4, -3.7], "size": [1.1, 3.9, 2.3], "uv": [41, 40]}
				]
			},
			{
				"name": "bone8",
				"parent": "bone",
				"pivot": [-3.5, 20.8, -4],
				"rotation": [-3.33838, -1.05187, -12.46935],
				"cubes": [
					{"origin": [-3.95, 16.7, -3.7], "size": [1.1, 4.2, 2.3], "uv": [29, 0]}
				]
			},
			{
				"name": "armRight",
				"pivot": [-3, 17.5, 0],
				"rotation": [0, 0, 25],
				"cubes": [
					{"origin": [-4.5, 8.75, -1], "size": [2, 8.3, 2], "uv": [18, 35]},
					{"origin": [-4.6, 9.9, -1.1], "size": [2.2, 1, 2.2], "uv": [7, 27]}
				]
			},
			{
				"name": "chestPlateLeft",
				"parent": "armRight",
				"pivot": [-3.75, 16.25, 0],
				"rotation": [0, 0, -37.5]
			},
			{
				"name": "pifeng",
				"parent": "chestPlateLeft",
				"pivot": [-4.65, 17.05, 0],
				"rotation": [0, 0, 35]
			},
			{
				"name": "bone2",
				"parent": "pifeng",
				"pivot": [-3.9, 16.8, 1.6],
				"rotation": [0, -32.5, 0],
				"cubes": [
					{"origin": [-4.5, 14.95, 1.85], "size": [1.8, 4.15, 0], "uv": [2, 13]},
					{"origin": [-2.75, 15.55, 1.85], "size": [1.5, 3.55, 0], "uv": [25, 3]}
				]
			},
			{
				"name": "bone3",
				"parent": "pifeng",
				"pivot": [-3.9, 16.8, 0],
				"rotation": [0, -90, 0],
				"cubes": [
					{"origin": [-5.45, 13.6, 0.6], "size": [3.1, 5.5, 0], "uv": [26, 43]}
				]
			},
			{
				"name": "bone4",
				"parent": "pifeng",
				"pivot": [-4.5, 17.8, -2.45],
				"rotation": [0, -142.5, 0],
				"cubes": [
					{"origin": [-5.4, 15.05, -3.2], "size": [1.5, 4.05, 0], "uv": [0, 13]},
					{"origin": [-6.9, 15.65, -3.2], "size": [1.5, 3.45, 0], "uv": [0, 27]}
				]
			},
			{
				"name": "bone5",
				"parent": "bone4",
				"pivot": [-3.5, 17.1, -5.45],
				"rotation": [0, -37.5, 0],
				"cubes": [
					{"origin": [-6.1, 19.1, -6.45], "size": [3.6, 0, 3.1], "uv": [18, 0]}
				]
			},
			{
				"name": "bone6",
				"parent": "bone5",
				"pivot": [-4.9, 18, -4.15],
				"rotation": [0, 37.5, 0],
				"cubes": [
					{"origin": [-6.3, 19, -4.05], "size": [2.9, 0, 2], "uv": [19, 3]}
				]
			},
			{
				"name": "bone7",
				"parent": "bone6",
				"pivot": [-2.65, 17, -4.9],
				"rotation": [0, 20, 0],
				"cubes": [
					{"origin": [-4.69962, 19, -7.27731], "size": [2.9, 0, 3.15], "uv": [14, 13]}
				]
			},
			{
				"name": "bonearm2",
				"parent": "chestPlateLeft",
				"pivot": [-3.75, 16.25, 0],
				"rotation": [0, 0, 37.5],
				"cubes": [
					{"origin": [-4.6, 15.45, -1.2], "size": [2.2, 2.2, 2.4], "uv": [41, 21]},
					{"origin": [-3.9, 15.15, -1.3], "size": [1.7, 1.1, 2.6], "uv": [42, 13]}
				]
			},
			{
				"name": "armLeft",
				"pivot": [3, 17.3, 0],
				"rotation": [0, 0, -25],
				"cubes": [
					{"origin": [2.58452, 8.73126, -1], "size": [2, 8.2, 2], "uv": [10, 35]},
					{"origin": [2.4562, 9.89174, -1.1], "size": [2.2, 1, 2.2], "uv": [22, 18]}
				]
			},
			{
				"name": "chestPlateRight",
				"parent": "armLeft",
				"pivot": [-4.0438, 16.39174, 0]
			},
			{
				"name": "bonearm",
				"parent": "chestPlateRight",
				"pivot": [0.08452, -0.01874, 0],
				"cubes": [
					{"origin": [2.48452, 15.43126, -1.2], "size": [2.2, 2.2, 2.4], "uv": [26, 39]},
					{"origin": [2.3062, 15.09174, -1.3], "size": [1.7, 1.1, 2.6], "uv": [42, 4]}
				]
			},
			{
				"name": "body",
				"pivot": [0, 10.5, 0],
				"cubes": [
					{"origin": [-3, 8.999, -2.6], "size": [6, 9, 5.25], "uv": [0, 13]}
				]
			},
			{
				"name": "chestPlate",
				"parent": "body",
				"pivot": [0, 17.5, -3.25]
			},
			{
				"name": "pifeng2",
				"parent": "chestPlate",
				"pivot": [0, 17.5, -3.25],
				"cubes": [
					{"origin": [-3.65, 15.15, -3.25], "size": [1, 3.1, 6.4], "uv": [16, 21]},
					{"origin": [-2.65, 15.05, -3.25], "size": [1.05, 3.2, 6.4], "uv": [22, 7]},
					{"origin": [-1.65, 15.85, -3.25], "size": [1.05, 2.4, 6.4], "uv": [24, 16]},
					{"origin": [-0.6, 16.75, -3.25], "size": [1.25, 1.5, 6.4], "uv": [21, 0]},
					{"origin": [0.65, 17.25, -3.05], "size": [1.95, 1.3, 6], "uv": [30, 1]}
				]
			},
			{
				"name": "armour",
				"parent": "chestPlate",
				"pivot": [0, 17.5, -3.25],
				"cubes": [
					{"origin": [-3.1, 13.7, -2.85], "size": [6.2, 3.45, 2.15], "uv": [10, 30]},
					{"origin": [-2.6, 12.6, -2.7], "size": [5.2, 1.1, 1.1], "uv": [17, 16]},
					{"origin": [-1.9, 11.5, -2.7], "size": [3.7, 1.1, 1], "uv": [36, 13]},
					{"origin": [-3.3, 15.4, -2.9], "size": [2.15, 2.75, 2.2], "uv": [41, 36]},
					{"origin": [1.2, 15.4, -2.9], "size": [2.15, 2.75, 2.2], "uv": [41, 29]},
					{"origin": [-3.1, 14.3, 0.7], "size": [6.2, 3.35, 2.1], "uv": [30, 8]},
					{"origin": [-3.2, 14.6, -0.8], "size": [6.4, 1.25, 1.5], "uv": [24, 24]}
				]
			},
			{
				"name": "legLeft",
				"pivot": [2, 9, 0],
				"cubes": [
					{"origin": [0.499, 0, -1.5], "size": [2.6, 9.45, 3], "uv": [27, 27]},
					{"origin": [0.5, 0, -2.5], "size": [2.6, 1, 1], "uv": [4, 39]}
				]
			},
			{
				"name": "legRight",
				"pivot": [-2, 9, 0],
				"cubes": [
					{"origin": [-3.099, 0, -1.5], "size": [2.6, 9.45, 3], "uv": [0, 27]},
					{"origin": [-3.1, 0, -2.5], "size": [2.6, 1, 1], "uv": [42, 0]}
				]
			}
		]
	}
}