{
	"format_version": "1.10.0",
	"geometry.model": {
		"texturewidth": 64,
		"textureheight": 64,
		"visible_bounds_width": 3,
		"visible_bounds_height": 4,
		"visible_bounds_offset": [0, 1, 0],
		"bones": [
			{
				"name": "head",
				"pivot": [-0.7, 18, 0.6],
				"cubes": [
					{"origin": [-3.7, 17.5, -3.9], "size": [7.5, 7.6, 7.6], "uv": [0, 0]}
				]
			},
			{
				"name": "nose",
				"parent": "head",
				"pivot": [-2.5, 24.2, 0],
				"cubes": [
					{"origin": [-0.4, 18.9, -4], "size": [0.9, 0.4, 2.1], "uv": [61, 61]},
					{"origin": [0, 18.1, -4], "size": [0.1, 0.8, 2.1], "uv": [57, 61]}
				]
			},
			{
				"name": "ear",
				"parent": "head",
				"pivot": [-0.7, 21, 0.6],
				"rotation": [-5, 0, 0],
				"cubes": [
					{"origin": [-5.7, 20.6, -0.7], "size": [11.4, 1.1, 1.4], "uv": [16, 17]}
				]
			},
			{
				"name": "bone71",
				"parent": "ear",
				"pivot": [-4.7, 20.8, 0.6],
				"rotation": [0, 0, 22.5],
				"cubes": [
					{"origin": [-5.33308, 20.35815, -0.3], "size": [4.8, 1, 1], "uv": [40, 12]}
				]
			},
			{
				"name": "bone72",
				"parent": "bone71",
				"pivot": [4.26692, 24.75815, 0.6],
				"rotation": [0, 0, -37.5],
				"cubes": [
					{"origin": [-0.32618, 24.26288, -0.3], "size": [4.8, 1, 1], "uv": [36, 27]}
				]
			},
			{
				"name": "blink",
				"parent": "head",
				"pivot": [-0.7, 18, 0.6],
				"cubes": [
					{"origin": [-3.7, 17.5, -3.901], "size": [7.5, 7.6, 0], "uv": [21, 0]}
				]
			},
			{
				"name": "hair",
				"parent": "head",
				"pivot": [0, 17.5, 3.8],
				"rotation": [6.5, 0, 0]
			},
			{
				"name": "back",
				"parent": "hair",
				"pivot": [0, 17.5, 3.8],
				"cubes": [
					{"origin": [-3.8, 15.25, 3.6], "size": [7.7, 2.95, 0.3], "uv": [34, 31]},
					{"origin": [-3.1, 12.25, 4.1], "size": [6.5, 3.05, 0], "uv": [0, 38]},
					{"origin": [-3.4, 11.95, 3.6], "size": [7, 2.75, 0.3], "uv": [44, 60]},
					{"origin": [-2.2, 10.85, 3.6], "size": [4.5, 1.35, 0], "uv": [16, 19]}
				]
			},
			{
				"name": "bone66",
				"parent": "back",
				"pivot": [0.1, 17.5, -0.2],
				"rotation": [0, -90, 5]
			},
			{
				"name": "hairRightSwing",
				"parent": "bone66",
				"pivot": [0, 0, 0],
				"cubes": [
					{"origin": [3, 13.15, 3.7], "size": [1, 4.45, 0], "uv": [24, 19]}
				]
			},
			{
				"name": "bone67",
				"parent": "bone66",
				"pivot": [0.1, 17.2, -3.8],
				"rotation": [-10, 0, 0]
			},
			{
				"name": "hairLeftSwing",
				"parent": "bone67",
				"pivot": [0, 0, 0],
				"cubes": [
					{"origin": [3, 13.65, -4.1], "size": [1, 4.55, 0], "uv": [4, 14]}
				]
			},
			{
				"name": "fronthair",
				"parent": "head",
				"pivot": [-0.7, 18, 0.6],
				"cubes": [
					{"origin": [1.6, 22.6, -4.1], "size": [2.4, 2.7, 2.8], "uv": [40, 33]},
					{"origin": [-3.9, 22.6, -4.1], "size": [1.9, 2.7, 2.8], "uv": [47, 7]},
					{"origin": [-3.9, 17.1, -4.1], "size": [1, 5.5, 1.2], "uv": [4, 50]},
					{"origin": [-2, 23, -4.1], "size": [3.6, 2.2, 2.6], "uv": [10, 39]},
					{"origin": [0.6, 21.3, -4.1], "size": [1, 1.7, 2], "uv": [17, 29]},
					{"origin": [-0.4, 22, -4.1], "size": [1, 1, 2], "uv": [16, 14]},
					{"origin": [1.6, 21.6, -4.1], "size": [1.4, 1, 2], "uv": [7, 29]},
					{"origin": [3, 16.9, -4.1], "size": [1, 5.7, 1.2], "uv": [0, 14]}
				]
			},
			{
				"name": "bone70",
				"parent": "fronthair",
				"pivot": [-0.7, 18, 0.6],
				"rotation": [0, 0, 2.5],
				"cubes": [
					{"origin": [-4.1, 17.9, -2.9], "size": [1.1, 4.7, 1.2], "uv": [50, 44]}
				]
			},
			{
				"name": "bone68",
				"parent": "fronthair",
				"pivot": [-0.7, 18, 0.6],
				"rotation": [0, 0, -2.5],
				"cubes": [
					{"origin": [3, 17.9, -2.9], "size": [1.2, 4.7, 1.2], "uv": [49, 50]}
				]
			},
			{
				"name": "jiaoleft",
				"parent": "head",
				"pivot": [1.9, 25.1, 0],
				"rotation": [0, 0, 19.5],
				"cubes": [
					{"origin": [2.29319, 24.6772, -0.8], "size": [1.6, 5.1, 1], "uv": [50, 11]}
				]
			},
			{
				"name": "bone62",
				"parent": "jiaoleft",
				"pivot": [3.49319, 29.8772, 0],
				"rotation": [0, 0, -47.5],
				"cubes": [
					{"origin": [2.56347, 29.5148, -0.9], "size": [1.4, 1.4, 1.2], "uv": [22, 24]}
				]
			},
			{
				"name": "bone63",
				"parent": "jiaoleft",
				"pivot": [3.69319, 27.9772, 0],
				"rotation": [0, 0, -84.5],
				"cubes": [
					{"origin": [3.04761, 27.12569, -0.7], "size": [1.1, 3, 0.8], "uv": [17, 4]}
				]
			},
			{
				"name": "bone64",
				"parent": "bone63",
				"pivot": [4.93721, 29.77671, 0],
				"rotation": [0, 0, -45],
				"cubes": [
					{"origin": [1.14102, 27.80223, -0.6], "size": [1.4, 1.4, 0.6], "uv": [17, 6]}
				]
			},
			{
				"name": "bone65",
				"parent": "bone64",
				"pivot": [7.43721, 30.47671, 0],
				"rotation": [0, 0, -90],
				"cubes": [
					{"origin": [7.56274, 32.68711, -0.6], "size": [1.4, 1.4, 0.6], "uv": [17, 6]}
				]
			},
			{
				"name": "jiaoright",
				"parent": "head",
				"pivot": [-2.5, 24.2, 0],
				"rotation": [0, 0, -17.5],
				"cubes": [
					{"origin": [-3.60681, 24.5772, -0.8], "size": [1.6, 5, 1], "uv": [50, 17]}
				]
			},
			{
				"name": "bone59",
				"parent": "jiaoright",
				"pivot": [-2.50681, 29.8772, 0],
				"rotation": [0, 0, -45],
				"cubes": [
					{"origin": [-3.50681, 29.2772, -0.9], "size": [1.4, 1.4, 1.2], "uv": [22, 26]}
				]
			},
			{
				"name": "bone52",
				"parent": "jiaoright",
				"pivot": [-0.60681, 28.2772, 0],
				"rotation": [0, 0, -87.5],
				"cubes": [
					{"origin": [-1.69405, 28.9753, -0.7], "size": [1.1, 3, 0.8], "uv": [18, 4]}
				]
			},
			{
				"name": "bone60",
				"parent": "bone52",
				"pivot": [-2.50681, 29.6772, 0],
				"rotation": [0, 0, -45],
				"cubes": [
					{"origin": [-3.00681, 27.1772, -0.6], "size": [1.4, 1.4, 0.6], "uv": [18, 6]}
				]
			},
			{
				"name": "bone61",
				"parent": "bone60",
				"pivot": [-0.00681, 30.3772, 0],
				"rotation": [0, 0, -90],
				"cubes": [
					{"origin": [-0.50681, 29.29142, -0.6], "size": [1.4, 1.4, 0.6], "uv": [18, 6]}
				]
			},
			{
				"name": "armRight",
				"pivot": [-2.4, 17.6, 0],
				"rotation": [0, 0, 25],
				"cubes": [
					{"origin": [-3.9, 8.6, -1], "size": [1.5, 8, 1.8], "uv": [0, 41]}
				]
			},
			{
				"name": "bone18",
				"parent": "armRight",
				"pivot": [-3.15, 11.1, 0],
				"cubes": [
					{"origin": [-4.1, 15.9, -1], "size": [1.9, 1, 2], "uv": [22, 41]}
				]
			},
			{
				"name": "bone19",
				"parent": "bone18",
				"pivot": [-3.15, 11.1, 0]
			},
			{
				"name": "bone20",
				"parent": "bone19",
				"pivot": [-3.15, 11.1, 1.98526],
				"rotation": [10, 0, 0],
				"cubes": [
					{"origin": [-4.15, 9.62891, 1.98526], "size": [2, 7.3, 0], "uv": [42, 46]}
				]
			},
			{
				"name": "bone21",
				"parent": "bone20",
				"pivot": [-4.15, 10.92891, 1.98526],
				"rotation": [0, 0, 9.85108],
				"cubes": [
					{"origin": [-5.15, 9.62891, 1.98426], "size": [1.3, 7.3, 0], "uv": [20, 53]}
				]
			},
			{
				"name": "bone22",
				"parent": "bone20",
				"pivot": [-2.15, 10.92891, 1.98526],
				"rotation": [0, 0, -9.85108],
				"cubes": [
					{"origin": [-2.45, 9.62891, 1.98626], "size": [1.3, 7.3, 0], "uv": [18, 53]}
				]
			},
			{
				"name": "bone23",
				"parent": "bone18",
				"pivot": [-3.15, 11.1, 0],
				"rotation": [0, -90, 0]
			},
			{
				"name": "bone24",
				"parent": "bone23",
				"pivot": [-3.15, 11.1, 1.98526],
				"rotation": [10, 0, 0],
				"cubes": [
					{"origin": [-4.15, 9.62891, 1.98526], "size": [2, 7.3, 0], "uv": [38, 46]}
				]
			},
			{
				"name": "bone25",
				"parent": "bone24",
				"pivot": [-4.15, 10.92891, 1.98526],
				"rotation": [0, 0, 9.85108],
				"cubes": [
					{"origin": [-5.15, 9.62891, 1.98426], "size": [1.3, 7.3, 0], "uv": [16, 53]}
				]
			},
			{
				"name": "bone26",
				"parent": "bone24",
				"pivot": [-2.15, 10.92891, 1.98526],
				"rotation": [0, 0, -9.85108],
				"cubes": [
					{"origin": [-2.45, 9.62891, 1.98626], "size": [1.3, 7.3, 0], "uv": [53, 0]}
				]
			},
			{
				"name": "bone27",
				"parent": "bone18",
				"pivot": [-3.15, 11.1, 0],
				"rotation": [0, -180, 0]
			},
			{
				"name": "bone28",
				"parent": "bone27",
				"pivot": [-3.15, 11.1, 1.98526],
				"rotation": [10, 0, 0],
				"cubes": [
					{"origin": [-4.15, 9.62891, 1.98526], "size": [2, 7.3, 0], "uv": [34, 46]}
				]
			},
			{
				"name": "bone29",
				"parent": "bone28",
				"pivot": [-4.15, 10.92891, 1.98526],
				"rotation": [0, 0, 9.85108],
				"cubes": [
					{"origin": [-5.15, 9.62891, 1.98426], "size": [1.3, 7.3, 0], "uv": [52, 23]}
				]
			},
			{
				"name": "bone30",
				"parent": "bone28",
				"pivot": [-2.15, 10.92891, 1.98526],
				"rotation": [0, 0, -9.85108],
				"cubes": [
					{"origin": [-2.45, 9.62891, 1.98626], "size": [1.3, 7.3, 0], "uv": [46, 51]}
				]
			},
			{
				"name": "bone31",
				"parent": "bone18",
				"pivot": [-3.15, 11.1, 0],
				"rotation": [0, -270, 0]
			},
			{
				"name": "bone32",
				"parent": "bone31",
				"pivot": [-3.15, 11.1, 1.98526],
				"rotation": [10, 0, 0],
				"cubes": [
					{"origin": [-4.15, 9.62891, 1.98526], "size": [2, 7.3, 0], "uv": [0, 0]}
				]
			},
			{
				"name": "bone33",
				"parent": "bone32",
				"pivot": [-4.15, 10.92891, 1.98526],
				"rotation": [0, 0, 9.85108],
				"cubes": [
					{"origin": [-5.15, 9.62891, 1.98426], "size": [1.3, 7.3, 0], "uv": [16, 46]}
				]
			},
			{
				"name": "bone34",
				"parent": "bone32",
				"pivot": [-2.15, 10.92891, 1.98526],
				"rotation": [0, 0, -9.85108],
				"cubes": [
					{"origin": [-2.45, 9.62891, 1.98626], "size": [1.3, 7.3, 0], "uv": [4, 0]}
				]
			},
			{
				"name": "armLeft",
				"pivot": [2, 17.3, 0],
				"rotation": [0, 0, -25],
				"cubes": [
					{"origin": [2.2, 8.3, -1], "size": [1.5, 8, 1.8], "uv": [4, 41]}
				]
			},
			{
				"name": "bone",
				"parent": "armLeft",
				"pivot": [3.05, 10.8, 0],
				"cubes": [
					{"origin": [2.1, 15.6, -1], "size": [1.9, 1, 2], "uv": [35, 42]}
				]
			},
			{
				"name": "bone2",
				"parent": "bone",
				"pivot": [3.05, 10.8, 0]
			},
			{
				"name": "bone3",
				"parent": "bone2",
				"pivot": [3.05, 10.8, 1.98526],
				"rotation": [10, 0, 0],
				"cubes": [
					{"origin": [2.05, 9.32891, 1.98526], "size": [2, 7.3, 0], "uv": [0, 50]}
				]
			},
			{
				"name": "bone4",
				"parent": "bone3",
				"pivot": [2.05, 10.62891, 1.98526],
				"rotation": [0, 0, 9.85108],
				"cubes": [
					{"origin": [1.05, 9.32891, 1.98426], "size": [1.3, 7.3, 0], "uv": [40, 53]}
				]
			},
			{
				"name": "bone5",
				"parent": "bone3",
				"pivot": [4.05, 10.62891, 1.98526],
				"rotation": [0, 0, -9.85108],
				"cubes": [
					{"origin": [3.75, 9.32891, 1.98626], "size": [1.3, 7.3, 0], "uv": [38, 53]}
				]
			},
			{
				"name": "bone6",
				"parent": "bone",
				"pivot": [3.05, 10.8, 0],
				"rotation": [0, -90, 0]
			},
			{
				"name": "bone7",
				"parent": "bone6",
				"pivot": [3.05, 10.8, 1.98526],
				"rotation": [10, 0, 0],
				"cubes": [
					{"origin": [2.05, 9.32891, 1.98526], "size": [2, 7.3, 0], "uv": [49, 0]}
				]
			},
			{
				"name": "bone8",
				"parent": "bone7",
				"pivot": [2.05, 10.62891, 1.98526],
				"rotation": [0, 0, 9.85108],
				"cubes": [
					{"origin": [1.05, 9.32891, 1.98426], "size": [1.3, 7.3, 0], "uv": [36, 53]}
				]
			},
			{
				"name": "bone9",
				"parent": "bone7",
				"pivot": [4.05, 10.62891, 1.98526],
				"rotation": [0, 0, -9.85108],
				"cubes": [
					{"origin": [3.75, 9.32891, 1.98626], "size": [1.3, 7.3, 0], "uv": [34, 53]}
				]
			},
			{
				"name": "bone10",
				"parent": "bone",
				"pivot": [3.05, 10.8, 0],
				"rotation": [0, -180, 0]
			},
			{
				"name": "bone11",
				"parent": "bone10",
				"pivot": [3.05, 10.8, 1.98526],
				"rotation": [10, 0, 0],
				"cubes": [
					{"origin": [2.05, 9.32891, 1.98526], "size": [2, 7.3, 0], "uv": [48, 27]}
				]
			},
			{
				"name": "bone12",
				"parent": "bone11",
				"pivot": [2.05, 10.62891, 1.98526],
				"rotation": [0, 0, 9.85108],
				"cubes": [
					{"origin": [1.05, 9.32891, 1.98426], "size": [1.3, 7.3, 0], "uv": [28, 53]}
				]
			},
			{
				"name": "bone13",
				"parent": "bone11",
				"pivot": [4.05, 10.62891, 1.98526],
				"rotation": [0, 0, -9.85108],
				"cubes": [
					{"origin": [3.75, 9.32891, 1.98626], "size": [1.3, 7.3, 0], "uv": [26, 53]}
				]
			},
			{
				"name": "bone14",
				"parent": "bone",
				"pivot": [3.05, 10.8, 0],
				"rotation": [0, -270, 0]
			},
			{
				"name": "bone15",
				"parent": "bone14",
				"pivot": [3.05, 10.8, 1.98526],
				"rotation": [10, 0, 0],
				"cubes": [
					{"origin": [2.05, 9.32891, 1.98526], "size": [2, 7.3, 0], "uv": [46, 44]}
				]
			},
			{
				"name": "bone16",
				"parent": "bone15",
				"pivot": [2.05, 10.62891, 1.98526],
				"rotation": [0, 0, 9.85108],
				"cubes": [
					{"origin": [1.05, 9.32891, 1.98426], "size": [1.3, 7.3, 0], "uv": [24, 53]}
				]
			},
			{
				"name": "bone17",
				"parent": "bone15",
				"pivot": [4.05, 10.62891, 1.98526],
				"rotation": [0, 0, -9.85108],
				"cubes": [
					{"origin": [3.75, 9.32891, 1.98626], "size": [1.3, 7.3, 0], "uv": [22, 53]}
				]
			},
			{
				"name": "body",
				"pivot": [0, 14.5, -2],
				"cubes": [
					{"origin": [-2.8, 8.999, -3], "size": [5.5, 9, 6], "uv": [0, 14]}
				]
			},
			{
				"name": "hatfront",
				"parent": "body",
				"pivot": [-0.2, 17.5, 0],
				"rotation": [0, 0, -12.5],
				"cubes": [
					{"origin": [-3.3, 17.1, -3.1], "size": [3.3, 1, 4.3], "uv": [22, 24]}
				]
			},
			{
				"name": "bone69",
				"parent": "hatfront",
				"pivot": [0.5, 17.3, 0],
				"rotation": [0, 0, 26.5],
				"cubes": [
					{"origin": [0.1, 16.9, -3.1], "size": [3.3, 1, 4.3], "uv": [22, 19]}
				]
			},
			{
				"name": "hat",
				"parent": "body",
				"pivot": [0, 16.5, 1.2],
				"rotation": [-10, 0, 0]
			},
			{
				"name": "bone53",
				"parent": "hat",
				"pivot": [0, 16.5, 1.2],
				"cubes": [
					{"origin": [-2, 16.5, 4.4641], "size": [4, 1, 1], "uv": [44, 37]},
					{"origin": [-2, 15.4, 4.0641], "size": [4, 1, 1], "uv": [40, 17]},
					{"origin": [-2.4, 14.8, 1.1641], "size": [4.8, 1, 3], "uv": [20, 29]}
				]
			},
			{
				"name": "bone54",
				"parent": "hat",
				"pivot": [0, 16.5, 1.2],
				"rotation": [0, -60, 0],
				"cubes": [
					{"origin": [-2, 16.5, 3.9641], "size": [4, 1, 1], "uv": [8, 44]},
					{"origin": [-1.9, 15.4, 3.5641], "size": [3.9, 1, 1], "uv": [48, 34]}
				]
			},
			{
				"name": "bone55",
				"parent": "hat",
				"pivot": [0, 16.5, 1.2],
				"rotation": [0, -120, 0]
			},
			{
				"name": "bone56",
				"parent": "hat",
				"pivot": [0, 16.5, 1.2],
				"rotation": [0, -180, 0]
			},
			{
				"name": "bone57",
				"parent": "hat",
				"pivot": [0, 16.5, 1.2],
				"rotation": [0, -240, 0]
			},
			{
				"name": "bone58",
				"parent": "hat",
				"pivot": [0, 16.5, 1.2],
				"rotation": [0, -300, 0],
				"cubes": [
					{"origin": [-2, 16.5, 4.0641], "size": [4, 1, 1], "uv": [43, 42]},
					{"origin": [-2, 15.4, 3.5641], "size": [3.9, 1, 1], "uv": [44, 39]}
				]
			},
			{
				"name": "sittingRotationSkirt",
				"parent": "body",
				"pivot": [0, 10.5, 0],
				"cubes": [
					{"origin": [-3.2, 6.7, -3.2], "size": [6.35, 3.5, 6.4], "uv": [22, 8]}
				]
			},
			{
				"name": "bone35",
				"parent": "sittingRotationSkirt",
				"pivot": [0, 3, 0]
			},
			{
				"name": "bone36",
				"parent": "bone35",
				"pivot": [0, 3, 0]
			},
			{
				"name": "bone37",
				"parent": "bone36",
				"pivot": [0, 3, 4.47051],
				"rotation": [10, 0, 0],
				"cubes": [
					{"origin": [-2.5, 2.65782, 4.47051], "size": [5, 8.8, 0], "uv": [36, 19]}
				]
			},
			{
				"name": "bone38",
				"parent": "bone37",
				"pivot": [-2.5, 2.65782, 4.47051],
				"rotation": [0, 0, 9.85108],
				"cubes": [
					{"origin": [-4.5, 2.65782, 4.46951], "size": [2, 8.8, 0], "uv": [30, 46]}
				]
			},
			{
				"name": "bone39",
				"parent": "bone37",
				"pivot": [2.5, 2.65782, 4.47051],
				"rotation": [0, 0, -9.85108],
				"cubes": [
					{"origin": [2.5, 2.65782, 4.47151], "size": [2, 8.8, 0], "uv": [46, 19]}
				]
			},
			{
				"name": "bone40",
				"parent": "bone35",
				"pivot": [0, 3, 0],
				"rotation": [0, -90, 0]
			},
			{
				"name": "bone41",
				"parent": "bone40",
				"pivot": [0, 3, 4.47051],
				"rotation": [10, 0, 0],
				"cubes": [
					{"origin": [-2.5, 2.65782, 4.47051], "size": [5, 8.8, 0], "uv": [35, 0]}
				]
			},
			{
				"name": "bone42",
				"parent": "bone41",
				"pivot": [-2.5, 2.65782, 4.47051],
				"rotation": [0, 0, 9.85108],
				"cubes": [
					{"origin": [-4.5, 2.65782, 4.46951], "size": [2, 8.8, 0], "uv": [12, 46]}
				]
			},
			{
				"name": "bone43",
				"parent": "bone41",
				"pivot": [2.5, 2.65782, 4.47051],
				"rotation": [0, 0, -9.85108],
				"cubes": [
					{"origin": [2.5, 2.65782, 4.47151], "size": [2, 8.8, 0], "uv": [8, 46]}
				]
			},
			{
				"name": "bone44",
				"parent": "bone35",
				"pivot": [0, 3, 0],
				"rotation": [0, -180, 0]
			},
			{
				"name": "bone45",
				"parent": "bone44",
				"pivot": [0, 3, 4.47051],
				"rotation": [10, 0, 0],
				"cubes": [
					{"origin": [-2.5, 2.65782, 4.47051], "size": [5, 8.8, 0], "uv": [30, 33]}
				]
			},
			{
				"name": "bone46",
				"parent": "bone45",
				"pivot": [-2.5, 2.65782, 4.47051],
				"rotation": [0, 0, 9.85108],
				"cubes": [
					{"origin": [-4.5, 2.65782, 4.46951], "size": [2, 8.8, 0], "uv": [26, 45]}
				]
			},
			{
				"name": "bone47",
				"parent": "bone45",
				"pivot": [2.5, 2.65782, 4.47051],
				"rotation": [0, 0, -9.85108],
				"cubes": [
					{"origin": [2.5, 2.65782, 4.47151], "size": [2, 8.8, 0], "uv": [22, 45]}
				]
			},
			{
				"name": "bone48",
				"parent": "bone35",
				"pivot": [0, 3, 0],
				"rotation": [0, -270, 0]
			},
			{
				"name": "bone49",
				"parent": "bone48",
				"pivot": [0, 3, 4.47051],
				"rotation": [10, 0, 0],
				"cubes": [
					{"origin": [-2.5, 2.65782, 4.47051], "size": [5, 8.8, 0], "uv": [20, 33]}
				]
			},
			{
				"name": "bone50",
				"parent": "bone49",
				"pivot": [-2.5, 2.65782, 4.47051],
				"rotation": [0, 0, 9.85108],
				"cubes": [
					{"origin": [-4.5, 2.65782, 4.46951], "size": [2, 8.8, 0], "uv": [18, 45]}
				]
			},
			{
				"name": "bone51",
				"parent": "bone49",
				"pivot": [2.5, 2.65782, 4.47051],
				"rotation": [0, 0, -9.85108],
				"cubes": [
					{"origin": [2.5, 2.65782, 4.47151], "size": [2, 8.8, 0], "uv": [45, 0]}
				]
			},
			{
				"name": "legLeft",
				"pivot": [2, 9, 0],
				"cubes": [
					{"origin": [0.499, 1.9, -1.5], "size": [2.1, 6.1, 3], "uv": [10, 29]}
				]
			},
			{
				"name": "tizi",
				"parent": "legLeft",
				"pivot": [0, 0, 0],
				"cubes": [
					{"origin": [0.4, 0, -1.6], "size": [1, 1.8, 3.2], "uv": [38, 42]},
					{"origin": [1.7, 0, -1.6], "size": [1, 1.8, 3.2], "uv": [30, 42]},
					{"origin": [0.499, 0.3, -1.5], "size": [2.1, 1.6, 3], "uv": [40, 8]}
				]
			},
			{
				"name": "legRight",
				"pivot": [-2, 9, 0]
			},
			{
				"name": "legRight2",
				"parent": "legRight",
				"pivot": [-1.1, 9, 0],
				"cubes": [
					{"origin": [-2.601, 1.9, -1.5], "size": [2.1, 6.1, 3], "uv": [0, 29]}
				]
			},
			{
				"name": "tizi2",
				"parent": "legRight2",
				"pivot": [-3.1, 0, 0],
				"cubes": [
					{"origin": [-2.7, 0, -1.6], "size": [1, 1.8, 3.2], "uv": [25, 41]},
					{"origin": [-1.4, 0, -1.6], "size": [1, 1.8, 3.2], "uv": [17, 41]},
					{"origin": [-2.601, 0.3, -1.5], "size": [2.1, 1.6, 3], "uv": [37, 38]}
				]
			}
		]
	}
}