{
	"format_version": "1.10.0",
	"geometry.model": {
		"texturewidth": 128,
		"textureheight": 128,
		"visible_bounds_width": 3,
		"visible_bounds_height": 4,
		"visible_bounds_offset": [0, 1, 0],
		"bones": [
			{
				"name": "head",
				"pivot": [0, 18, 0],
				"cubes": [
					{"origin": [-4, 18, -4], "size": [8, 7.7, 8], "uv": [0, 0]}
				]
			},
			{
				"name": "blink",
				"parent": "head",
				"pivot": [0, 18, 0],
				"cubes": [
					{"origin": [-4, 18, -4.001], "size": [8, 7.7, 0], "uv": [88, 84]}
				]
			},
			{
				"name": "hat",
				"parent": "head",
				"pivot": [0, 23.9, 0.7],
				"rotation": [-10, 0, 0]
			},
			{
				"name": "layer1",
				"parent": "hat",
				"pivot": [0, 22.9, 0.7]
			},
			{
				"name": "sector1",
				"parent": "layer1",
				"pivot": [0, 22.9, 0.7],
				"cubes": [
					{"origin": [-3, 22.9, 7.7], "size": [6, 1, 4], "uv": [74, 79]},
					{"origin": [-5, 22.9, 5.7], "size": [2, 1, 5], "uv": [93, 24]},
					{"origin": [3, 22.9, 5.7], "size": [2, 1, 5], "uv": [92, 55]},
					{"origin": [-7, 22.9, 5.7], "size": [2, 1, 4], "uv": [1, 95]},
					{"origin": [-9, 22.9, 7.7], "size": [2, 1, 1], "uv": [99, 6]},
					{"origin": [-9, 22.9, 5.7], "size": [2, 1, 2], "uv": [97, 51]}
				]
			},
			{
				"name": "sector9",
				"parent": "layer1",
				"pivot": [0, 24.9, 0.7],
				"cubes": [
					{"origin": [-3, 23.9, 6.7], "size": [6, 1, 1], "uv": [54, 27]},
					{"origin": [-4, 23.9, 5.7], "size": [2, 1, 1], "uv": [82, 98]},
					{"origin": [2, 23.9, 5.7], "size": [2, 1, 1], "uv": [48, 98]},
					{"origin": [-5, 23.9, 4.7], "size": [1, 1, 1], "uv": [0, 53]}
				]
			},
			{
				"name": "sector13",
				"parent": "layer1",
				"pivot": [0, 25.9, 0.7],
				"cubes": [
					{"origin": [-2, 24.9, 5.7], "size": [4, 1, 1], "uv": [38, 98]},
					{"origin": [-4, 24.9, 4.7], "size": [2, 1, 1], "uv": [38, 95]},
					{"origin": [2, 24.9, 4.7], "size": [2, 1, 1], "uv": [40, 92]}
				]
			},
			{
				"name": "layer3",
				"parent": "hat",
				"pivot": [0, 22.9, 0.7],
				"rotation": [0, -90, 0]
			},
			{
				"name": "sector11",
				"parent": "layer3",
				"pivot": [0, 22.9, 0.7],
				"cubes": [
					{"origin": [-3, 22.9, 7.7], "size": [6, 1, 4], "uv": [19, 77]},
					{"origin": [-5, 22.9, 5.7], "size": [2, 1, 5], "uv": [91, 77]},
					{"origin": [3, 22.9, 5.7], "size": [2, 1, 5], "uv": [91, 70]},
					{"origin": [-7, 22.9, 5.7], "size": [2, 1, 4], "uv": [93, 94]},
					{"origin": [-9, 22.9, 5.7], "size": [2, 1, 2], "uv": [97, 13]}
				]
			},
			{
				"name": "sector12",
				"parent": "layer3",
				"pivot": [0, 24.9, 0.7],
				"cubes": [
					{"origin": [-3, 23.9, 6.7], "size": [6, 1, 1], "uv": [48, 25]},
					{"origin": [-4, 23.9, 5.7], "size": [2, 1, 1], "uv": [90, 78]},
					{"origin": [2, 23.9, 5.7], "size": [2, 1, 1], "uv": [90, 76]},
					{"origin": [-5, 23.9, 4.7], "size": [1, 1, 1], "uv": [0, 49]}
				]
			},
			{
				"name": "sector14",
				"parent": "layer3",
				"pivot": [0, 25.9, 0.7],
				"cubes": [
					{"origin": [-2, 24.9, 5.7], "size": [4, 1, 1], "uv": [92, 33]},
					{"origin": [-4, 24.9, 4.7], "size": [2, 1, 1], "uv": [90, 72]},
					{"origin": [2, 24.9, 4.7], "size": [2, 1, 1], "uv": [89, 25]}
				]
			},
			{
				"name": "layer4",
				"parent": "hat",
				"pivot": [0, 22.9, 0.7],
				"rotation": [0, 180, 0]
			},
			{
				"name": "sector15",
				"parent": "layer4",
				"pivot": [0, 22.9, 0.7],
				"cubes": [
					{"origin": [-3, 22.9, 7.7], "size": [6, 1, 4], "uv": [71, 17]},
					{"origin": [-5, 22.9, 5.7], "size": [2, 1, 5], "uv": [90, 17]},
					{"origin": [3, 22.9, 5.7], "size": [2, 1, 5], "uv": [31, 89]},
					{"origin": [-7, 22.9, 5.7], "size": [2, 1, 4], "uv": [84, 93]},
					{"origin": [-9, 22.9, 5.7], "size": [2, 1, 2], "uv": [73, 96]}
				]
			},
			{
				"name": "sector16",
				"parent": "layer4",
				"pivot": [0, 24.9, 0.7],
				"cubes": [
					{"origin": [-3, 23.9, 6.7], "size": [6, 1, 1], "uv": [30, 47]},
					{"origin": [-4, 23.9, 5.7], "size": [2, 1, 1], "uv": [87, 19]},
					{"origin": [2, 23.9, 5.7], "size": [2, 1, 1], "uv": [85, 60]},
					{"origin": [-5, 23.9, 4.7], "size": [1, 1, 1], "uv": [5, 33]}
				]
			},
			{
				"name": "sector19",
				"parent": "layer4",
				"pivot": [0, 25.9, 0.7],
				"cubes": [
					{"origin": [-2, 24.9, 5.7], "size": [4, 1, 1], "uv": [66, 46]},
					{"origin": [-4, 24.9, 4.7], "size": [2, 1, 1], "uv": [80, 8]},
					{"origin": [2, 24.9, 4.7], "size": [2, 1, 1], "uv": [80, 6]}
				]
			},
			{
				"name": "layer11",
				"parent": "hat",
				"pivot": [0, 22.9, 0.7],
				"rotation": [0, 90, 0]
			},
			{
				"name": "sector20",
				"parent": "layer11",
				"pivot": [0, 22.9, 0.7],
				"cubes": [
					{"origin": [-3, 22.9, 7.7], "size": [6, 1, 4], "uv": [69, 1]},
					{"origin": [-5, 22.9, 5.7], "size": [2, 1, 5], "uv": [86, 63]},
					{"origin": [3, 22.9, 5.7], "size": [2, 1, 5], "uv": [80, 23]},
					{"origin": [-7, 22.9, 5.7], "size": [2, 1, 4], "uv": [42, 93]},
					{"origin": [-9, 22.9, 5.7], "size": [2, 1, 2], "uv": [96, 3]}
				]
			},
			{
				"name": "sector23",
				"parent": "layer11",
				"pivot": [0, 24.9, 0.7],
				"cubes": [
					{"origin": [-3, 23.9, 6.7], "size": [6, 1, 1], "uv": [24, 6]},
					{"origin": [-4, 23.9, 5.7], "size": [2, 1, 1], "uv": [76, 46]},
					{"origin": [2, 23.9, 5.7], "size": [2, 1, 1], "uv": [50, 72]},
					{"origin": [-5, 23.9, 4.7], "size": [1, 1, 1], "uv": [24, 3]}
				]
			},
			{
				"name": "sector24",
				"parent": "layer11",
				"pivot": [0, 25.9, 0.7],
				"cubes": [
					{"origin": [-2, 24.9, 5.7], "size": [4, 1, 1], "uv": [50, 63]},
					{"origin": [-4, 24.9, 4.7], "size": [2, 1, 1], "uv": [30, 69]},
					{"origin": [2, 24.9, 4.7], "size": [2, 1, 1], "uv": [62, 25]}
				]
			},
			{
				"name": "layer5",
				"parent": "hat",
				"pivot": [0, 26.9, 0.7]
			},
			{
				"name": "sector17",
				"parent": "layer5",
				"pivot": [0, 26.9, 0.7],
				"cubes": [
					{"origin": [-2, 25.9, 4.7], "size": [4, 1, 1], "uv": [54, 29]},
					{"origin": [-4.001, 25.9, 2.701], "size": [2, 2, 2], "uv": [87, 15]}
				]
			},
			{
				"name": "sector18",
				"parent": "layer5",
				"pivot": [0, 26.9, 0.7],
				"rotation": [0, -90, 0],
				"cubes": [
					{"origin": [-2, 25.9, 4.7], "size": [4, 2, 1], "uv": [95, 0]},
					{"origin": [-4.001, 25.9, 2.701], "size": [2, 2, 2], "uv": [27, 20]}
				]
			},
			{
				"name": "sector2",
				"parent": "layer5",
				"pivot": [0, 26.9, 0.7],
				"rotation": [0, 180, 0],
				"cubes": [
					{"origin": [-2, 25.9, 4.7], "size": [4, 2, 1], "uv": [94, 48]},
					{"origin": [-4.001, 25.9, 2.701], "size": [2, 2, 2], "uv": [0, 21]}
				]
			},
			{
				"name": "sector3",
				"parent": "layer5",
				"pivot": [0, 26.9, 0.7],
				"rotation": [0, 90, 0],
				"cubes": [
					{"origin": [-2, 25.9, 4.7], "size": [4, 2, 1], "uv": [92, 30]},
					{"origin": [-4.001, 25.9, 2.701], "size": [2, 2, 2], "uv": [120, 114]}
				]
			},
			{
				"name": "layer6",
				"parent": "hat",
				"pivot": [0, 28.9, 0.7]
			},
			{
				"name": "sector21",
				"parent": "layer6",
				"pivot": [0, 28.9, 0.7],
				"cubes": [
					{"origin": [-2, 26.9, 3.7], "size": [4, 2, 1], "uv": [85, 69]},
					{"origin": [-3, 27.9, 2.7], "size": [5, 2, 1], "uv": [70, 22]}
				]
			},
			{
				"name": "sector22",
				"parent": "layer6",
				"pivot": [0, 28.9, 0.7],
				"rotation": [0, -90, 0],
				"cubes": [
					{"origin": [-2, 27.9, 3.7], "size": [4, 2, 1], "uv": [85, 0]},
					{"origin": [-3, 27.9, 2.7], "size": [1, 2, 1], "uv": [41, 0]}
				]
			},
			{
				"name": "sector4",
				"parent": "layer6",
				"pivot": [0, 28.9, 0.7],
				"rotation": [0, 180, 0],
				"cubes": [
					{"origin": [-2, 27.9, 3.7], "size": [4, 2, 1], "uv": [65, 16]},
					{"origin": [-3, 27.9, 2.7], "size": [1, 2, 1], "uv": [15, 38]}
				]
			},
			{
				"name": "sector10",
				"parent": "layer6",
				"pivot": [0, 28.9, 0.7],
				"rotation": [0, 90, 0],
				"cubes": [
					{"origin": [-2, 27.9, 3.7], "size": [4, 2, 1], "uv": [38, 6]},
					{"origin": [-3, 27.9, 2.7], "size": [1, 2, 1], "uv": [0, 38]}
				]
			},
			{
				"name": "layer7",
				"parent": "hat",
				"pivot": [0, 29.9, 0.7],
				"cubes": [
					{"origin": [-2, 29.9, -2.3], "size": [4, 1, 1], "uv": [45, 53]},
					{"origin": [-3, 29.9, -1.3], "size": [6, 1, 5], "uv": [24, 0]}
				]
			},
			{
				"name": "layer2",
				"parent": "hat",
				"pivot": [0, 29.9, 0.7],
				"cubes": [
					{"origin": [-2, 30.9, -1.3], "size": [4, 1, 6], "uv": [78, 29]},
					{"origin": [2, 30.9, -0.3], "size": [1, 1, 4], "uv": [63, 0]},
					{"origin": [-3, 30.9, -0.3], "size": [1, 1, 4], "uv": [41, 0]}
				]
			},
			{
				"name": "layer8",
				"parent": "hat",
				"pivot": [0, 30.9, 0.7],
				"cubes": [
					{"origin": [-1, 31.9, 4.7], "size": [2, 1, 1], "uv": [59, 11]},
					{"origin": [-1, 31.9, -0.3], "size": [2, 1, 1], "uv": [47, 2]},
					{"origin": [-2, 31.9, 0.7], "size": [4, 1, 4], "uv": [15, 38]}
				]
			},
			{
				"name": "layer10",
				"parent": "hat",
				"pivot": [0, 30.9, 0.7],
				"cubes": [
					{"origin": [-1, 32.9, 5.7], "size": [2, 1, 1], "uv": [47, 0]},
					{"origin": [-1, 32.9, 1.7], "size": [2, 1, 1], "uv": [0, 34]},
					{"origin": [-2, 32.9, 2.7], "size": [4, 1, 3], "uv": [48, 11]}
				]
			},
			{
				"name": "layer9",
				"parent": "hat",
				"pivot": [0, 31.9, 0.7]
			},
			{
				"name": "layer_1",
				"parent": "hat",
				"pivot": [0, -5.1, 0.7]
			},
			{
				"name": "sector6",
				"parent": "layer_1",
				"pivot": [0, -5.1, 0.7]
			},
			{
				"name": "sector5",
				"parent": "sector6",
				"pivot": [0, -5.1, 0.7]
			},
			{
				"name": "sector",
				"parent": "sector5",
				"pivot": [0, 22.9, 0.7]
			},
			{
				"name": "bone59",
				"parent": "sector",
				"pivot": [0, 22.9, 0.7],
				"rotation": [6, 0, 0]
			},
			{
				"name": "bone58",
				"parent": "sector",
				"pivot": [0, 22.9, 0.7],
				"rotation": [6, -10, 0]
			},
			{
				"name": "sector7",
				"parent": "sector5",
				"pivot": [0, 22.9, 0.7],
				"rotation": [0, -20, 0]
			},
			{
				"name": "bone98",
				"parent": "sector7",
				"pivot": [0, 22.9, 0.7],
				"rotation": [6, 0, 0]
			},
			{
				"name": "bone99",
				"parent": "sector7",
				"pivot": [0, 22.9, 0.7],
				"rotation": [6, -10, 0]
			},
			{
				"name": "sector8",
				"parent": "sector6",
				"pivot": [0, -5.1, 0.7],
				"rotation": [0, -40, 0]
			},
			{
				"name": "sector25",
				"parent": "sector8",
				"pivot": [0, 22.9, 0.7]
			},
			{
				"name": "bone100",
				"parent": "sector25",
				"pivot": [0, 22.9, 0.7],
				"rotation": [6, 0, 0]
			},
			{
				"name": "bone101",
				"parent": "sector25",
				"pivot": [0, 22.9, 0.7],
				"rotation": [6, -10, 0]
			},
			{
				"name": "sector26",
				"parent": "sector8",
				"pivot": [0, 22.9, 0.7],
				"rotation": [0, -20, 0]
			},
			{
				"name": "bone102",
				"parent": "sector26",
				"pivot": [0, 22.9, 0.7],
				"rotation": [6, 0, 0]
			},
			{
				"name": "bone103",
				"parent": "sector26",
				"pivot": [0, 22.9, 0.7],
				"rotation": [6, -10, 0]
			},
			{
				"name": "sector27",
				"parent": "sector6",
				"pivot": [0, -5.1, 0.7],
				"rotation": [0, -80, 0]
			},
			{
				"name": "sector28",
				"parent": "sector27",
				"pivot": [0, 22.9, 0.7]
			},
			{
				"name": "bone104",
				"parent": "sector28",
				"pivot": [0, 22.9, 0.7],
				"rotation": [6, 0, 0]
			},
			{
				"name": "bone105",
				"parent": "sector28",
				"pivot": [0, 22.9, 0.7],
				"rotation": [6, -10, 0]
			},
			{
				"name": "sector29",
				"parent": "sector27",
				"pivot": [0, 22.9, 0.7],
				"rotation": [0, -20, 0]
			},
			{
				"name": "bone106",
				"parent": "sector29",
				"pivot": [0, 22.9, 0.7],
				"rotation": [6, 0, 0]
			},
			{
				"name": "bone107",
				"parent": "sector29",
				"pivot": [0, 22.9, 0.7],
				"rotation": [6, -10, 0]
			},
			{
				"name": "sector30",
				"parent": "layer_1",
				"pivot": [0, -5.1, 0.7],
				"rotation": [0, -120, 0]
			},
			{
				"name": "sector31",
				"parent": "sector30",
				"pivot": [0, -5.1, 0.7]
			},
			{
				"name": "sector32",
				"parent": "sector31",
				"pivot": [0, 22.9, 0.7]
			},
			{
				"name": "bone108",
				"parent": "sector32",
				"pivot": [0, 22.9, 0.7],
				"rotation": [6, 0, 0]
			},
			{
				"name": "bone109",
				"parent": "sector32",
				"pivot": [0, 22.9, 0.7],
				"rotation": [6, -10, 0]
			},
			{
				"name": "sector33",
				"parent": "sector31",
				"pivot": [0, 22.9, 0.7],
				"rotation": [0, -20, 0]
			},
			{
				"name": "bone110",
				"parent": "sector33",
				"pivot": [0, 22.9, 0.7],
				"rotation": [6, 0, 0]
			},
			{
				"name": "bone111",
				"parent": "sector33",
				"pivot": [0, 22.9, 0.7],
				"rotation": [6, -10, 0]
			},
			{
				"name": "sector34",
				"parent": "sector30",
				"pivot": [0, -5.1, 0.7],
				"rotation": [0, -40, 0]
			},
			{
				"name": "sector35",
				"parent": "sector34",
				"pivot": [0, 22.9, 0.7]
			},
			{
				"name": "bone112",
				"parent": "sector35",
				"pivot": [0, 22.9, 0.7],
				"rotation": [6, 0, 0]
			},
			{
				"name": "bone113",
				"parent": "sector35",
				"pivot": [0, 22.9, 0.7],
				"rotation": [6, -10, 0]
			},
			{
				"name": "sector36",
				"parent": "sector34",
				"pivot": [0, 22.9, 0.7],
				"rotation": [0, -20, 0]
			},
			{
				"name": "bone114",
				"parent": "sector36",
				"pivot": [0, 22.9, 0.7],
				"rotation": [6, 0, 0]
			},
			{
				"name": "bone115",
				"parent": "sector36",
				"pivot": [0, 22.9, 0.7],
				"rotation": [6, -10, 0]
			},
			{
				"name": "sector37",
				"parent": "sector30",
				"pivot": [0, -5.1, 0.7],
				"rotation": [0, -80, 0]
			},
			{
				"name": "sector38",
				"parent": "sector37",
				"pivot": [0, 22.9, 0.7]
			},
			{
				"name": "bone116",
				"parent": "sector38",
				"pivot": [0, 22.9, 0.7],
				"rotation": [6, 0, 0]
			},
			{
				"name": "bone117",
				"parent": "sector38",
				"pivot": [0, 22.9, 0.7],
				"rotation": [6, -10, 0]
			},
			{
				"name": "sector39",
				"parent": "sector37",
				"pivot": [0, 22.9, 0.7],
				"rotation": [0, -20, 0]
			},
			{
				"name": "bone118",
				"parent": "sector39",
				"pivot": [0, 22.9, 0.7],
				"rotation": [6, 0, 0]
			},
			{
				"name": "bone119",
				"parent": "sector39",
				"pivot": [0, 22.9, 0.7],
				"rotation": [6, -10, 0]
			},
			{
				"name": "sector40",
				"parent": "layer_1",
				"pivot": [0, -5.1, 0.7],
				"rotation": [0, 120, 0]
			},
			{
				"name": "sector41",
				"parent": "sector40",
				"pivot": [0, -5.1, 0.7]
			},
			{
				"name": "sector42",
				"parent": "sector41",
				"pivot": [0, 22.9, 0.7]
			},
			{
				"name": "bone120",
				"parent": "sector42",
				"pivot": [0, 22.9, 0.7],
				"rotation": [6, 0, 0]
			},
			{
				"name": "bone121",
				"parent": "sector42",
				"pivot": [0, 22.9, 0.7],
				"rotation": [6, -10, 0]
			},
			{
				"name": "sector43",
				"parent": "sector41",
				"pivot": [0, 22.9, 0.7],
				"rotation": [0, -20, 0]
			},
			{
				"name": "bone122",
				"parent": "sector43",
				"pivot": [0, 22.9, 0.7],
				"rotation": [6, 0, 0]
			},
			{
				"name": "bone123",
				"parent": "sector43",
				"pivot": [0, 22.9, 0.7],
				"rotation": [6, -10, 0]
			},
			{
				"name": "sector44",
				"parent": "sector40",
				"pivot": [0, -5.1, 0.7],
				"rotation": [0, -40, 0]
			},
			{
				"name": "sector45",
				"parent": "sector44",
				"pivot": [0, 22.9, 0.7]
			},
			{
				"name": "bone124",
				"parent": "sector45",
				"pivot": [0, 22.9, 0.7],
				"rotation": [6, 0, 0]
			},
			{
				"name": "bone125",
				"parent": "sector45",
				"pivot": [0, 22.9, 0.7],
				"rotation": [6, -10, 0]
			},
			{
				"name": "sector46",
				"parent": "sector44",
				"pivot": [0, 22.9, 0.7],
				"rotation": [0, -20, 0]
			},
			{
				"name": "bone126",
				"parent": "sector46",
				"pivot": [0, 22.9, 0.7],
				"rotation": [6, 0, 0]
			},
			{
				"name": "bone127",
				"parent": "sector46",
				"pivot": [0, 22.9, 0.7],
				"rotation": [6, -10, 0]
			},
			{
				"name": "sector47",
				"parent": "sector40",
				"pivot": [0, -5.1, 0.7],
				"rotation": [0, -80, 0]
			},
			{
				"name": "sector48",
				"parent": "sector47",
				"pivot": [0, 22.9, 0.7]
			},
			{
				"name": "bone128",
				"parent": "sector48",
				"pivot": [0, 22.9, 0.7],
				"rotation": [6, 0, 0]
			},
			{
				"name": "bone129",
				"parent": "sector48",
				"pivot": [0, 22.9, 0.7],
				"rotation": [6, -10, 0]
			},
			{
				"name": "sector49",
				"parent": "sector47",
				"pivot": [0, 22.9, 0.7],
				"rotation": [0, -20, 0]
			},
			{
				"name": "bone130",
				"parent": "sector49",
				"pivot": [0, 22.9, 0.7],
				"rotation": [6, 0, 0]
			},
			{
				"name": "bone131",
				"parent": "sector49",
				"pivot": [0, 22.9, 0.7],
				"rotation": [6, -10, 0]
			},
			{
				"name": "hatDecoration",
				"parent": "hat",
				"pivot": [0, 26.9, 0.7],
				"rotation": [0, -45, 0]
			},
			{
				"name": "bone57",
				"parent": "hatDecoration",
				"pivot": [2.25, 33.65, 2.95],
				"rotation": [-65.42068, 46.36581, 2.01412],
				"cubes": [
					{"origin": [1.6, 32.65, 2.35], "size": [1.15, 2.5, 1.85], "uv": [24, 0]}
				]
			},
			{
				"name": "bone56",
				"parent": "hatDecoration",
				"pivot": [0, 26.9, -4.3],
				"rotation": [0, -25, -20]
			},
			{
				"name": "bone55",
				"parent": "hatDecoration",
				"pivot": [0, 26.9, -4.3],
				"rotation": [0, -25, 20]
			},
			{
				"name": "bone54",
				"parent": "hatDecoration",
				"pivot": [0, 26.9, -4.3],
				"rotation": [0, 25, 20]
			},
			{
				"name": "bone53",
				"parent": "hatDecoration",
				"pivot": [0, 26.9, -4.3],
				"rotation": [0, 25, -20]
			},
			{
				"name": "jiao",
				"parent": "hat",
				"pivot": [-5, 23.9, -4.8],
				"rotation": [0, 0, -10]
			},
			{
				"name": "bone25",
				"parent": "jiao",
				"pivot": [-4, 24, -4.3]
			},
			{
				"name": "bone26",
				"parent": "bone25",
				"pivot": [-4, 24, -4.3]
			},
			{
				"name": "bone27",
				"parent": "bone26",
				"pivot": [-4, 24, -5.99142],
				"rotation": [-21.34738, 0, 0]
			},
			{
				"name": "bone28",
				"parent": "bone27",
				"pivot": [-4, 23.38429, -5.99142],
				"rotation": [0, 0, -20.0026],
				"cubes": [
					{"origin": [-5.18933, 24.17362, -8.00209], "size": [5, 5, 5], "uv": [70, 68], "inflate": -2.01067}
				]
			},
			{
				"name": "bone29",
				"parent": "bone27",
				"pivot": [-4, 23.38429, -5.99142],
				"rotation": [0, 0, 20.0026],
				"cubes": [
					{"origin": [-7.81067, 24.17362, -8.00209], "size": [5, 5, 5], "uv": [70, 58], "inflate": -2.01067}
				]
			},
			{
				"name": "bone30",
				"parent": "bone25",
				"pivot": [-4, 24, -4.3],
				"rotation": [0, -90, 0]
			},
			{
				"name": "bone31",
				"parent": "bone30",
				"pivot": [-4, 24, -5.99142],
				"rotation": [-21.34738, 0, 0]
			},
			{
				"name": "bone32",
				"parent": "bone31",
				"pivot": [-4, 23.38429, -5.99142],
				"rotation": [0, 0, -20.0026],
				"cubes": [
					{"origin": [-5.6, 21.78429, -7.59142], "size": [5, 6, 5], "uv": [0, 50], "inflate": -1.6},
					{"origin": [-5.18933, 24.17362, -8.00209], "size": [5, 5, 5], "uv": [35, 70], "inflate": -2.01067}
				]
			},
			{
				"name": "bone33",
				"parent": "bone31",
				"pivot": [-4, 23.38429, -5.99142],
				"rotation": [0, 0, 20.0026],
				"cubes": [
					{"origin": [-7.4, 21.78429, -7.59142], "size": [5, 6, 5], "uv": [48, 0], "inflate": -1.6},
					{"origin": [-7.81067, 24.17362, -8.00209], "size": [5, 5, 5], "uv": [15, 66], "inflate": -2.01067}
				]
			},
			{
				"name": "bone34",
				"parent": "bone25",
				"pivot": [-4, 24, -4.3],
				"rotation": [0, -180, 0]
			},
			{
				"name": "bone35",
				"parent": "bone34",
				"pivot": [-4, 24, -5.99142],
				"rotation": [-21.34738, 0, 0]
			},
			{
				"name": "bone36",
				"parent": "bone35",
				"pivot": [-4, 23.38429, -5.99142],
				"rotation": [0, 0, -20.0026],
				"cubes": [
					{"origin": [-5.18933, 24.17362, -8.00209], "size": [5, 5, 5], "uv": [65, 48], "inflate": -2.01067}
				]
			},
			{
				"name": "bone37",
				"parent": "bone35",
				"pivot": [-4, 23.38429, -5.99142],
				"rotation": [0, 0, 20.0026],
				"cubes": [
					{"origin": [-7.81067, 24.17362, -8.00209], "size": [5, 5, 5], "uv": [65, 6], "inflate": -2.01067}
				]
			},
			{
				"name": "bone38",
				"parent": "bone25",
				"pivot": [-4, 24, -4.3],
				"rotation": [0, -270, 0]
			},
			{
				"name": "bone39",
				"parent": "bone38",
				"pivot": [-4, 24, -5.99142],
				"rotation": [-21.34738, 0, 0]
			},
			{
				"name": "bone40",
				"parent": "bone39",
				"pivot": [-4, 23.38429, -5.99142],
				"rotation": [0, 0, -20.0026],
				"cubes": [
					{"origin": [-5.6, 21.78429, -7.49142], "size": [5, 6, 4.9], "uv": [55, 74], "inflate": -1.6},
					{"origin": [-5.18933, 24.17362, -8.00209], "size": [5, 5, 5], "uv": [64, 36], "inflate": -2.01067}
				]
			},
			{
				"name": "bone41",
				"parent": "bone39",
				"pivot": [-4, 23.38429, -5.99142],
				"rotation": [0, 0, 20.0026],
				"cubes": [
					{"origin": [-7.4, 21.78429, -7.59142], "size": [5, 6, 5], "uv": [46, 42], "inflate": -1.6},
					{"origin": [-7.81067, 24.17362, -8.00209], "size": [5, 5, 5], "uv": [64, 25], "inflate": -2.01067}
				]
			},
			{
				"name": "jiao2",
				"parent": "jiao",
				"pivot": [3, 22.9, -4.8],
				"rotation": [0, 0, 25]
			},
			{
				"name": "bone52",
				"parent": "jiao2",
				"pivot": [-3.70481, 25.37399, -4.3]
			},
			{
				"name": "bone51",
				"parent": "bone52",
				"pivot": [-3.70481, 25.37399, -4.3]
			},
			{
				"name": "bone50",
				"parent": "bone51",
				"pivot": [-3.70481, 25.37399, -5.99142],
				"rotation": [-21.34738, 0, 0]
			},
			{
				"name": "bone49",
				"parent": "bone50",
				"pivot": [-3.70481, 24.75828, -5.99142],
				"rotation": [0, 0, -20.0026],
				"cubes": [
					{"origin": [1.29819, 20.58143, -7.00607], "size": [5, 5, 5], "uv": [55, 63], "inflate": -2.01067}
				]
			},
			{
				"name": "bone48",
				"parent": "bone50",
				"pivot": [-3.70481, 24.75828, -5.99142],
				"rotation": [0, 0, 20.0026],
				"cubes": [
					{"origin": [0.4203, 25.72437, -7.00607], "size": [5, 5, 5], "uv": [0, 61], "inflate": -2.01067}
				]
			},
			{
				"name": "bone47",
				"parent": "bone52",
				"pivot": [-3.70481, 25.37399, -4.3],
				"rotation": [0, -90, 0]
			},
			{
				"name": "bone46",
				"parent": "bone47",
				"pivot": [-3.70481, 25.37399, -5.99142],
				"rotation": [-21.34738, 0, 0]
			},
			{
				"name": "bone45",
				"parent": "bone46",
				"pivot": [-3.70481, 24.75828, -5.99142],
				"rotation": [0, 0, -20.0026],
				"cubes": [
					{"origin": [-7.11261, 18.1921, -13.59716], "size": [5, 6, 5], "uv": [15, 44], "inflate": -1.6},
					{"origin": [-6.70194, 20.58143, -14.00783], "size": [5, 5, 5], "uv": [35, 60], "inflate": -2.01067}
				]
			},
			{
				"name": "bone44",
				"parent": "bone46",
				"pivot": [-3.70481, 24.75828, -5.99142],
				"rotation": [0, 0, 20.0026],
				"cubes": [
					{"origin": [-5.29702, 18.1921, -13.59716], "size": [5, 6, 5], "uv": [31, 36], "inflate": -1.6},
					{"origin": [-5.70769, 20.58143, -14.00783], "size": [5, 5, 5], "uv": [15, 56], "inflate": -2.01067}
				]
			},
			{
				"name": "bone43",
				"parent": "bone52",
				"pivot": [-3.70481, 25.37399, -4.3],
				"rotation": [0, -180, 0]
			},
			{
				"name": "bone42",
				"parent": "bone43",
				"pivot": [-3.70481, 25.37399, -5.99142],
				"rotation": [-21.34738, 0, 0]
			},
			{
				"name": "bone19",
				"parent": "bone42",
				"pivot": [-3.70481, 24.75828, -5.99142],
				"rotation": [0, 0, -20.0026],
				"cubes": [
					{"origin": [-12.82993, 25.72437, -7.00607], "size": [5, 5, 5], "uv": [50, 53], "inflate": -2.01067}
				]
			},
			{
				"name": "bone20",
				"parent": "bone42",
				"pivot": [-3.70481, 24.75828, -5.99142],
				"rotation": [0, 0, 20.0026],
				"cubes": [
					{"origin": [-13.70782, 20.58143, -7.00607], "size": [5, 5, 5], "uv": [30, 50], "inflate": -2.01067}
				]
			},
			{
				"name": "bone21",
				"parent": "bone52",
				"pivot": [-3.70481, 25.37399, -4.3],
				"rotation": [0, -270, 0]
			},
			{
				"name": "bone22",
				"parent": "bone21",
				"pivot": [-3.70481, 25.37399, -5.99142],
				"rotation": [-21.34738, 0, 0]
			},
			{
				"name": "bone23",
				"parent": "bone22",
				"pivot": [-3.70481, 24.75828, -5.99142],
				"rotation": [0, 0, -20.0026],
				"cubes": [
					{"origin": [-5.24047, 23.33505, 0.50637], "size": [5, 6, 4.9], "uv": [0, 72], "inflate": -1.6},
					{"origin": [-4.8298, 25.72437, -0.0043], "size": [5, 5, 5], "uv": [50, 15], "inflate": -2.01067}
				]
			},
			{
				"name": "bone24",
				"parent": "bone22",
				"pivot": [-3.70481, 24.75828, -5.99142],
				"rotation": [0, 0, 20.0026],
				"cubes": [
					{"origin": [-7.16916, 23.33505, 0.40637], "size": [5, 6, 5], "uv": [0, 38], "inflate": -1.6},
					{"origin": [-7.57983, 25.72437, -0.0043], "size": [5, 5, 5], "uv": [49, 31], "inflate": -2.01067}
				]
			},
			{
				"name": "ear",
				"parent": "head",
				"pivot": [-3.3, 24, 1],
				"rotation": [-11.83918, 15.95403, 14.50347],
				"cubes": [
					{"origin": [-4.4, 18.0237, -0.78356], "size": [1.1, 5.8, 2], "uv": [67, 96]}
				]
			},
			{
				"name": "ear2",
				"parent": "ear",
				"pivot": [1.7, 23.4237, 1.51644],
				"rotation": [20, 0, 0],
				"cubes": [
					{"origin": [-4.4, 18.4237, -0.58356], "size": [1.1, 5.8, 2.1], "uv": [61, 96]}
				]
			},
			{
				"name": "ear3",
				"parent": "ear",
				"pivot": [3.75, 26.6, 2.25],
				"rotation": [19.34125, -23.12242, -44.48627],
				"cubes": [
					{"origin": [2.65, 20.6237, 0.46644], "size": [1.1, 5.8, 2], "uv": [95, 61]}
				]
			},
			{
				"name": "ear4",
				"parent": "ear3",
				"pivot": [8.75, 26.0237, 2.76644],
				"rotation": [20, 0, 0],
				"cubes": [
					{"origin": [2.65, 21.0237, 0.66644], "size": [1.1, 5.8, 2.1], "uv": [0, 27]}
				]
			},
			{
				"name": "nose",
				"parent": "head",
				"pivot": [0, 17.4, 0]
			},
			{
				"name": "bone60",
				"parent": "nose",
				"pivot": [0, 17.5, 0.7],
				"rotation": [0, 0, -35],
				"cubes": [
					{"origin": [1, 19.7, -4.1], "size": [0, 0.4, 2], "uv": [122, 125]}
				]
			},
			{
				"name": "bone61",
				"parent": "bone60",
				"pivot": [-0.8, 19.1, 0.7],
				"rotation": [0, 0, 65],
				"cubes": [
					{"origin": [0, 21.3, -4.1], "size": [0, 0.4, 2], "uv": [121, 125]}
				]
			},
			{
				"name": "glasses",
				"parent": "head",
				"pivot": [0, 17.2, 0],
				"cubes": [
					{"origin": [-0.5, 21.3, -4.2], "size": [0.9, 0.3, 2], "uv": [126, 117]},
					{"origin": [-4.4, 21.1, -4.2], "size": [0.9, 0.3, 3.1], "uv": [125, 110]},
					{"origin": [3.5, 21.1, -4.2], "size": [0.9, 0.3, 3.1], "uv": [124, 113]}
				]
			},
			{
				"name": "bone65",
				"parent": "glasses",
				"pivot": [4.8, 17.2, 0],
				"cubes": [
					{"origin": [2.9, 20.4, -4.2], "size": [0.6, 2.3, 2], "uv": [120, 114]},
					{"origin": [0.4, 20.4, -4.2], "size": [0.5, 2.3, 2], "uv": [124, 112]},
					{"origin": [0.9, 22.7, -4.2], "size": [2, 0.4, 2], "uv": [122, 113]},
					{"origin": [0.9, 20.1, -4.2], "size": [2, 0.3, 2], "uv": [122, 121]}
				]
			},
			{
				"name": "bone64",
				"parent": "glasses",
				"pivot": [0, 17.2, 0],
				"cubes": [
					{"origin": [-1, 20.4, -4.2], "size": [0.5, 2.3, 2], "uv": [124, 113]},
					{"origin": [-3.6, 20.4, -4.2], "size": [0.6, 2.3, 2], "uv": [124, 114]},
					{"origin": [-3, 22.7, -4.2], "size": [2, 0.4, 2], "uv": [122, 116]},
					{"origin": [-3, 20.1, -4.2], "size": [2, 0.3, 2], "uv": [122, 121]}
				]
			},
			{
				"name": "body",
				"pivot": [0, 10.5, 0],
				"cubes": [
					{"origin": [-3, 8.999, -3], "size": [6, 9, 6], "uv": [30, 21]}
				]
			},
			{
				"name": "weijin",
				"parent": "body",
				"pivot": [0, 17, 0],
				"rotation": [0, 0, -5],
				"cubes": [
					{"origin": [-4.6, 16.2, -4.8], "size": [9.3, 2.5, 9.6], "uv": [0, 27]}
				]
			},
			{
				"name": "weijin2",
				"parent": "weijin",
				"pivot": [0, 17, 0],
				"rotation": [0, 0, 12.5],
				"cubes": [
					{"origin": [-4.7, 16.2, -4.7], "size": [9.4, 2.5, 9.3], "uv": [0, 16]}
				]
			},
			{
				"name": "xReciprocate",
				"parent": "weijin2",
				"pivot": [-3.8, 15.5, -0.7],
				"rotation": [0, 0, 30],
				"cubes": [
					{"origin": [-3.90981, 10.89019, -2.8], "size": [0, 4.6, 4.3], "uv": [0, 0]}
				]
			},
			{
				"name": "bone62",
				"parent": "xReciprocate",
				"pivot": [-4.30981, 10.49019, 0.5],
				"rotation": [0, 0, 45],
				"cubes": [
					{"origin": [-4.30981, 9.09019, -2.8], "size": [0, 2, 4.2], "uv": [0, 15]}
				]
			},
			{
				"name": "bone63",
				"parent": "bone62",
				"pivot": [-4.30981, 9.19019, 0.5],
				"rotation": [0, 0, -35],
				"cubes": [
					{"origin": [-4.3391, 5.7538, -2.8], "size": [0, 3.4, 4.2], "uv": [0, 12]}
				]
			},
			{
				"name": "sittingRotationSkirt",
				"parent": "body",
				"pivot": [0, 10.5, 0],
				"cubes": [
					{"origin": [-3.5, 8, -3.5], "size": [7, 4, 7], "uv": [27, 9]}
				]
			},
			{
				"name": "bone",
				"parent": "sittingRotationSkirt",
				"pivot": [0, 7, 0]
			},
			{
				"name": "bone2",
				"parent": "bone",
				"pivot": [0, 7, 0]
			},
			{
				"name": "bone3",
				"parent": "bone2",
				"pivot": [0, 7, 7.14826],
				"rotation": [21, 0, 0],
				"cubes": [
					{"origin": [-1.5, 4.97585, 7.14826], "size": [3, 12.6, 0], "uv": [55, 96]}
				]
			},
			{
				"name": "bone4",
				"parent": "bone3",
				"pivot": [-1.5, 4.97585, 7.14826],
				"rotation": [0, 0, 19.71605],
				"cubes": [
					{"origin": [-7.5, 4.97585, 7.14726], "size": [6, 12.6, 0], "uv": [76, 84]}
				]
			},
			{
				"name": "bone5",
				"parent": "bone3",
				"pivot": [1.5, 4.97585, 7.14826],
				"rotation": [0, 0, -19.71605],
				"cubes": [
					{"origin": [1.5, 4.97585, 7.14926], "size": [6, 12.6, 0], "uv": [64, 84]}
				]
			},
			{
				"name": "bone6",
				"parent": "bone",
				"pivot": [0, 7, 0],
				"rotation": [0, -90, 0]
			},
			{
				"name": "bone7",
				"parent": "bone6",
				"pivot": [0, 7, 7.14826],
				"rotation": [21, 0, 0],
				"cubes": [
					{"origin": [-1.5, 4.97585, 7.14826], "size": [3, 12.6, 0], "uv": [96, 36]}
				]
			},
			{
				"name": "bone8",
				"parent": "bone7",
				"pivot": [-1.5, 4.97585, 7.14826],
				"rotation": [0, 0, 19.71605],
				"cubes": [
					{"origin": [-7.5, 4.97585, 7.14726], "size": [6, 12.6, 0], "uv": [52, 84]}
				]
			},
			{
				"name": "bone9",
				"parent": "bone7",
				"pivot": [1.5, 4.97585, 7.14826],
				"rotation": [0, 0, -19.71605],
				"cubes": [
					{"origin": [1.5, 4.97585, 7.14926], "size": [6, 12.6, 0], "uv": [84, 36]}
				]
			},
			{
				"name": "bone10",
				"parent": "bone",
				"pivot": [0, 7, 0],
				"rotation": [0, -180, 0]
			},
			{
				"name": "bone11",
				"parent": "bone10",
				"pivot": [0, 7, 7.14826],
				"rotation": [21, 0, 0],
				"cubes": [
					{"origin": [-1.5, 4.97585, 7.14826], "size": [3, 12.6, 0], "uv": [32, 95]}
				]
			},
			{
				"name": "bone12",
				"parent": "bone11",
				"pivot": [-1.5, 4.97585, 7.14826],
				"rotation": [0, 0, 19.71605],
				"cubes": [
					{"origin": [-7.5, 4.97585, 7.14726], "size": [6, 12.6, 0], "uv": [24, 82]}
				]
			},
			{
				"name": "bone13",
				"parent": "bone11",
				"pivot": [1.5, 4.97585, 7.14826],
				"rotation": [0, 0, -19.71605],
				"cubes": [
					{"origin": [1.5, 4.97585, 7.14926], "size": [6, 12.6, 0], "uv": [12, 82]}
				]
			},
			{
				"name": "bone18",
				"parent": "bone13",
				"pivot": [2.3, 11.72585, 7.24826],
				"rotation": [0, 0, 20],
				"cubes": [
					{"origin": [-0.78866, 10.11691, 7.24926], "size": [6, 8.6, 0], "uv": [14, 94]}
				]
			},
			{
				"name": "bone14",
				"parent": "bone",
				"pivot": [0, 7, 0],
				"rotation": [0, -270, 0]
			},
			{
				"name": "bone15",
				"parent": "bone14",
				"pivot": [0, 7, 7.14826],
				"rotation": [21, 0, 0],
				"cubes": [
					{"origin": [-1.5, 4.97585, 7.14826], "size": [3, 12.6, 0], "uv": [26, 95]}
				]
			},
			{
				"name": "bone16",
				"parent": "bone15",
				"pivot": [-1.5, 4.97585, 7.14826],
				"rotation": [0, 0, 19.71605],
				"cubes": [
					{"origin": [-7.5, 4.97585, 7.14726], "size": [6, 12.6, 0], "uv": [0, 82]}
				]
			},
			{
				"name": "bone17",
				"parent": "bone15",
				"pivot": [1.5, 4.97585, 7.14826],
				"rotation": [0, 0, -19.71605],
				"cubes": [
					{"origin": [1.5, 4.97585, 7.14926], "size": [6, 12.6, 0], "uv": [40, 80]}
				]
			},
			{
				"name": "legLeft",
				"pivot": [2, 9, 0],
				"cubes": [
					{"origin": [0.499, 0, -1.5], "size": [3, 9, 3], "uv": [87, 3]},
					{"origin": [0.5, 0, -2.5], "size": [3, 2, 1], "uv": [80, 48]}
				]
			},
			{
				"name": "legRight",
				"pivot": [-2, 9, 0],
				"cubes": [
					{"origin": [-3.499, 0, -1.5], "size": [3, 9, 3], "uv": [85, 48]},
					{"origin": [-3.5, 0, -2.5], "size": [3, 2, 1], "uv": [27, 38]}
				]
			}
		]
	}
}