{
	"format_version": "1.10.0",
	"geometry.model": {
		"texturewidth": 128,
		"textureheight": 128,
		"visible_bounds_width": 3,
		"visible_bounds_height": 4,
		"visible_bounds_offset": [0, 1, 0],
		"bones": [
			{
				"name": "head",
				"pivot": [0, 19.5, 0],
				"cubes": [
					{"origin": [-3.5, 19.5, -4], "size": [7, 7, 7], "uv": [0, 0]}
				]
			},
			{
				"name": "blink",
				"parent": "head",
				"pivot": [0, 19.5, 0],
				"cubes": [
					{"origin": [-3.5, 19.5, -4.001], "size": [7, 6.95, 0], "uv": [50, 24]}
				]
			},
			{
				"name": "hair",
				"parent": "head",
				"pivot": [0, 24.5, 0.75],
				"cubes": [
					{"origin": [-3.75, 22.9, -4.25], "size": [2.45, 3.85, 2.25], "uv": [77, 58]},
					{"origin": [-4, 21.5, -4.15], "size": [1.45, 2, 2.15], "uv": [26, 89]},
					{"origin": [0, 22.75, -4.15], "size": [1.25, 2, 2.15], "uv": [62, 0]},
					{"origin": [1.75, 23.8, -4.15], "size": [2, 2.95, 2.15], "uv": [88, 34]},
					{"origin": [2.7, 21.5, -4.15], "size": [1.3, 2.5, 2.15], "uv": [57, 47]},
					{"origin": [-1.5, 24.75, -4.15], "size": [3.25, 1.85, 2.15], "uv": [21, 0]},
					{"origin": [-1.25, 22.25, -4.15], "size": [1.25, 2.6, 2.15], "uv": [32, 89]}
				]
			},
			{
				"name": "hair5",
				"parent": "hair",
				"pivot": [3.25, 18.25, 1.25],
				"rotation": [-8.5, 0, 10]
			},
			{
				"name": "hairRightSwing2",
				"parent": "hair5",
				"pivot": [-3.1, 18, 4.25],
				"rotation": [-2.5, 0, -17.5],
				"cubes": [
					{"origin": [-4.00743, 16.10141, -4.75], "size": [1.25, 4.25, 1.25], "uv": [60, 19]},
					{"origin": [-4.00743, 17.60141, -3.4], "size": [1.2, 2.65, 1.4], "uv": [46, 16]}
				]
			},
			{
				"name": "hairLeftSwing2",
				"parent": "hair5",
				"pivot": [3.25, 18.25, 1.25],
				"cubes": [
					{"origin": [2.25, 19, -3.6], "size": [1.25, 2.5, 1.6], "uv": [49, 0]},
					{"origin": [2.25, 17.25, -4.9], "size": [1.25, 4.25, 1.15], "uv": [69, 14]}
				]
			},
			{
				"name": "bone174",
				"parent": "hair",
				"pivot": [5.2, 21.75, -2.5],
				"rotation": [0, 0, -40],
				"cubes": [
					{"origin": [4.2, 21.75, -3.15], "size": [1, 2.75, 2.15], "uv": [0, 14]}
				]
			},
			{
				"name": "hair4",
				"parent": "hair",
				"pivot": [-4.6, 21.25, -2.25],
				"rotation": [0, 0, 40],
				"cubes": [
					{"origin": [-5.6, 21.25, -3.15], "size": [1, 2.75, 2.15], "uv": [0, 28]}
				]
			},
			{
				"name": "bone173",
				"parent": "hair",
				"pivot": [-0.25, 23.5, -0.5],
				"rotation": [0, 7.5, 25],
				"cubes": [
					{"origin": [-6.1, 23.5, -1.4], "size": [6.85, 1.9, 1], "uv": [48, 43]}
				]
			},
			{
				"name": "bone172",
				"parent": "bone173",
				"pivot": [-3, 26.5, -0.5],
				"rotation": [0, 2.5, -55],
				"cubes": [
					{"origin": [-6.57111, 23.85068, -1.25], "size": [1.25, 3.4, 1.05], "uv": [42, 8]}
				]
			},
			{
				"name": "hairback",
				"parent": "head",
				"pivot": [0, 0.5, 0]
			},
			{
				"name": "bone171",
				"parent": "hairback",
				"pivot": [0, 15.5, -2.3]
			},
			{
				"name": "bone170",
				"parent": "bone171",
				"pivot": [0, 15.5, 1.67771],
				"rotation": [15, 0, 0],
				"cubes": [
					{"origin": [-1.3, 14.30221, 3.58959], "size": [2, 6.9, 1], "uv": [0, 0]}
				]
			},
			{
				"name": "bone169",
				"parent": "bone170",
				"pivot": [-2, 15.20221, 1.67771],
				"rotation": [0, 0, 8.56299],
				"cubes": [
					{"origin": [-2.9, 14.40221, 3.58859], "size": [1.2, 6.8, 1], "uv": [22, 89]}
				]
			},
			{
				"name": "bone168",
				"parent": "bone169",
				"pivot": [-2.3, 15.20221, 1.67771],
				"rotation": [0, 0, 5],
				"cubes": [
					{"origin": [-4.4, 14.90221, 3.58859], "size": [1.2, 6.3, 1], "uv": [0, 89]}
				]
			},
			{
				"name": "bone167",
				"parent": "bone170",
				"pivot": [2, 15.20221, 1.67771],
				"rotation": [0, 0, -8.56299],
				"cubes": [
					{"origin": [1, 14.70221, 3.59059], "size": [1.3, 6.5, 1], "uv": [88, 84]}
				]
			},
			{
				"name": "bone166",
				"parent": "bone167",
				"pivot": [2.15, 15.20221, 1.67771],
				"rotation": [0, 0, -5],
				"cubes": [
					{"origin": [2.7, 15.20221, 3.59059], "size": [1.3, 6, 1], "uv": [72, 87]}
				]
			},
			{
				"name": "bone165",
				"parent": "hairback",
				"pivot": [0, 0.5, 0],
				"rotation": [0, -60, 0]
			},
			{
				"name": "bone164",
				"parent": "bone165",
				"pivot": [0, 0.5, 3.97771],
				"rotation": [15, 0, 0]
			},
			{
				"name": "bone163",
				"parent": "bone164",
				"pivot": [-2, 0.20221, 3.97771],
				"rotation": [0, 0, 8.56299]
			},
			{
				"name": "bone162",
				"parent": "bone164",
				"pivot": [1.3, 21.40221, 9.27771],
				"rotation": [9.89904, -1.88037, -2.87758],
				"cubes": [
					{"origin": [-0.22309, 15.58629, 8.19059], "size": [1.4, 6, 1], "uv": [18, 89]}
				]
			},
			{
				"name": "bone161",
				"parent": "hairback",
				"pivot": [0, 0.5, 0],
				"rotation": [0, -120, 0]
			},
			{
				"name": "bone160",
				"parent": "bone161",
				"pivot": [0, 0.5, 3.97771],
				"rotation": [15, 0, 0]
			},
			{
				"name": "bone159",
				"parent": "bone160",
				"pivot": [-2, 0.20221, 3.97771],
				"rotation": [0, 0, 8.56299]
			},
			{
				"name": "bone158",
				"parent": "bone160",
				"pivot": [2, 0.20221, 3.97771],
				"rotation": [0, 0, -8.56299]
			},
			{
				"name": "bone157",
				"parent": "hairback",
				"pivot": [0, 0.5, 0],
				"rotation": [0, -180, 0]
			},
			{
				"name": "bone156",
				"parent": "bone157",
				"pivot": [0, 0.5, 3.97771],
				"rotation": [15, 0, 0]
			},
			{
				"name": "bone155",
				"parent": "bone156",
				"pivot": [-2, 0.20221, 3.97771],
				"rotation": [0, 0, 8.56299]
			},
			{
				"name": "bone154",
				"parent": "bone156",
				"pivot": [2, 0.20221, 3.97771],
				"rotation": [0, 0, -8.56299]
			},
			{
				"name": "bone153",
				"parent": "hairback",
				"pivot": [0, 0.5, 0],
				"rotation": [0, -240, 0]
			},
			{
				"name": "bone152",
				"parent": "bone153",
				"pivot": [0, 0.5, 3.97771],
				"rotation": [15, 0, 0]
			},
			{
				"name": "bone151",
				"parent": "bone152",
				"pivot": [-2, 0.20221, 3.97771],
				"rotation": [0, 0, 8.56299]
			},
			{
				"name": "bone150",
				"parent": "bone152",
				"pivot": [2, 0.20221, 3.97771],
				"rotation": [0, 0, -8.56299]
			},
			{
				"name": "bone149",
				"parent": "hairback",
				"pivot": [0, 0.5, 0],
				"rotation": [0, -300, 0]
			},
			{
				"name": "bone148",
				"parent": "bone149",
				"pivot": [0, 0.5, 3.97771],
				"rotation": [15, 0, 0]
			},
			{
				"name": "bone147",
				"parent": "bone148",
				"pivot": [-2, 21.40221, 10.37771],
				"rotation": [15.06019, -5.265, 6.92309],
				"cubes": [
					{"origin": [-1.32207, 15.62515, 7.78859], "size": [1.4, 6, 1], "uv": [4, 89]}
				]
			},
			{
				"name": "bone146",
				"parent": "bone148",
				"pivot": [2, 0.20221, 3.97771],
				"rotation": [0, 0, -8.56299]
			},
			{
				"name": "nose",
				"parent": "head",
				"pivot": [0, 20.5, 0],
				"rotation": [2.5, 0, 0],
				"cubes": [
					{"origin": [-3.4, 19.4, -4.4], "size": [6.8, 2, 6.8], "uv": [103, 1]}
				]
			},
			{
				"name": "bone145",
				"parent": "nose",
				"pivot": [-0.6, 21.9, -4.6],
				"rotation": [0, 0, 35],
				"cubes": [
					{"origin": [-0.1, 21.3, -4.5], "size": [0.3, 0.15, 2.2], "uv": [121, 19]}
				]
			},
			{
				"name": "bone144",
				"parent": "bone145",
				"pivot": [0.3, 20.9, 3.6],
				"rotation": [0, 0, -65],
				"cubes": [
					{"origin": [1.1, 20.9, -4.5], "size": [0.3, 0.15, 2.2], "uv": [121, 19]}
				]
			},
			{
				"name": "armRight",
				"pivot": [-3, 18.5, 0],
				"rotation": [1.16977, -0.09247, 27.2066],
				"cubes": [
					{"origin": [-5.25, 10.4, -1], "size": [2.5, 8.1, 2.25], "uv": [10, 87]}
				]
			},
			{
				"name": "bone",
				"parent": "armRight",
				"pivot": [-4, 14.5, 0],
				"rotation": [0.16289, -0.56426, -1.91264],
				"cubes": [
					{"origin": [-5.5, 16.5, -1.5], "size": [3, 1, 3.25], "uv": [63, 118]},
					{"origin": [-5.5, 12.25, -1.25], "size": [3, 0.75, 2.75], "uv": [65, 120]}
				]
			},
			{
				"name": "ci3",
				"parent": "bone",
				"pivot": [-4.25, 13.75, 0],
				"rotation": [0, 0, -37.5],
				"cubes": [
					{"origin": [-6, 13.25, -1.1], "size": [0.5, 0.5, 0.5], "uv": [21, 122]},
					{"origin": [-6, 13.25, -0.1], "size": [0.5, 0.5, 0.5], "uv": [14, 122]},
					{"origin": [-6, 13.25, 0.9], "size": [0.5, 0.5, 0.5], "uv": [14, 122]}
				]
			},
			{
				"name": "bone2",
				"parent": "ci3",
				"pivot": [-4.5, 12.75, -0.95],
				"rotation": [42.38002, -4.31003, -48.71471],
				"cubes": [
					{"origin": [-4.91073, 13.26778, -0.67843], "size": [0.5, 0.5, 0.5], "uv": [12, 122]},
					{"origin": [-4.91073, 12.11778, -1.72843], "size": [0.5, 0.5, 0.5], "uv": [33, 125]}
				]
			},
			{
				"name": "ci",
				"parent": "bone",
				"pivot": [-4.25, 18, 0],
				"rotation": [0, 0, -37.5],
				"cubes": [
					{"origin": [-6, 17.75, -1], "size": [0.5, 0.5, 0.4], "uv": [16, 125]},
					{"origin": [-6, 17.75, 0], "size": [0.5, 0.5, 0.5], "uv": [24, 123]},
					{"origin": [-6, 17.75, 1], "size": [0.5, 0.5, 0.5], "uv": [16, 122]}
				]
			},
			{
				"name": "bone3",
				"parent": "ci",
				"pivot": [-6, 18, -1.25],
				"rotation": [44.15367, -5.48505, -53.39489],
				"cubes": [
					{"origin": [-6.25, 17.25, -2.25], "size": [0.5, 0.5, 0.5], "uv": [15, 125]},
					{"origin": [-6.25, 16.1, -3.3], "size": [0.5, 0.5, 0.5], "uv": [17, 123]}
				]
			},
			{
				"name": "ci4",
				"parent": "bone",
				"pivot": [-5.6, 17, 1.95],
				"rotation": [42.09769, 1.60158, -89.61844],
				"cubes": [
					{"origin": [-10.2, 16.55, 0.55], "size": [0.5, 0.5, 0.5], "uv": [30, 124]},
					{"origin": [-10.2, 15.4, -0.5], "size": [0.5, 0.5, 0.5], "uv": [23, 122]}
				]
			},
			{
				"name": "ci2",
				"parent": "bone",
				"pivot": [-5.6, 17, 1.95],
				"rotation": [42.09769, 1.60158, -89.61844],
				"cubes": [
					{"origin": [-5.85, 16.25, 0.95], "size": [0.5, 0.5, 0.5], "uv": [16, 123]},
					{"origin": [-5.85, 15.1, -0.1], "size": [0.5, 0.5, 0.5], "uv": [21, 123]}
				]
			},
			{
				"name": "armLeft",
				"pivot": [3, 18.5, 0],
				"rotation": [0, 0, -25]
			},
			{
				"name": "armLeft2",
				"parent": "armLeft",
				"pivot": [3, 18.5, 0.25],
				"rotation": [-179.96929, 0.70219, 179.66804],
				"cubes": [
					{"origin": [0.75, 10.4, -0.75], "size": [2.5, 8.1, 2.25], "uv": [42, 86]}
				]
			},
			{
				"name": "bone4",
				"parent": "armLeft2",
				"pivot": [2, 14.5, 0.25],
				"rotation": [0.16289, -0.56426, -1.91264],
				"cubes": [
					{"origin": [0.5, 16.5, -1.25], "size": [3, 1, 3.25], "uv": [10, 30]},
					{"origin": [0.5, 12.25, -1], "size": [3, 0.75, 2.75], "uv": [65, 119]}
				]
			},
			{
				"name": "ci5",
				"parent": "bone4",
				"pivot": [1.75, 13.75, 0.25],
				"rotation": [0, 0, -37.5],
				"cubes": [
					{"origin": [0, 13.25, -0.85], "size": [0.5, 0.5, 0.5], "uv": [13, 124]},
					{"origin": [0, 13.25, 0.15], "size": [0.5, 0.5, 0.5], "uv": [21, 124]},
					{"origin": [0, 13.25, 1.15], "size": [0.5, 0.5, 0.5], "uv": [11, 121]}
				]
			},
			{
				"name": "bone5",
				"parent": "ci5",
				"pivot": [1.5, 12.75, -0.7],
				"rotation": [42.38002, -4.31003, -48.71471],
				"cubes": [
					{"origin": [1.08927, 13.26778, -0.42843], "size": [0.5, 0.5, 0.5], "uv": [23, 125]},
					{"origin": [1.08927, 12.11778, -1.47843], "size": [0.5, 0.5, 0.5], "uv": [32, 125]}
				]
			},
			{
				"name": "ci6",
				"parent": "bone4",
				"pivot": [1.75, 18, 0.25],
				"rotation": [0, 0, -37.5],
				"cubes": [
					{"origin": [0, 17.75, -0.75], "size": [0.5, 0.5, 0.5], "uv": [8, 124]},
					{"origin": [0, 17.75, 0.25], "size": [0.5, 0.5, 0.5], "uv": [9, 124]},
					{"origin": [0, 17.75, 1.25], "size": [0.5, 0.5, 0.5], "uv": [8, 125]}
				]
			},
			{
				"name": "bone6",
				"parent": "ci6",
				"pivot": [0, 18, -1],
				"rotation": [44.15367, -5.48505, -53.39489],
				"cubes": [
					{"origin": [-0.25, 17.25, -2], "size": [0.5, 0.5, 0.5], "uv": [16, 118]},
					{"origin": [-0.25, 16.1, -3.05], "size": [0.5, 0.5, 0.5], "uv": [15, 124]}
				]
			},
			{
				"name": "ci7",
				"parent": "bone4",
				"pivot": [0.4, 17, 2.2],
				"rotation": [42.09769, 1.60158, -89.61844],
				"cubes": [
					{"origin": [-4.2, 16.55, 0.8], "size": [0.5, 0.5, 0.5], "uv": [10, 126]},
					{"origin": [-4.2, 15.4, -0.25], "size": [0.5, 0.5, 0.5], "uv": [8, 122]}
				]
			},
			{
				"name": "ci8",
				"parent": "bone4",
				"pivot": [0.4, 17, 2.2],
				"rotation": [42.09769, 1.60158, -89.61844],
				"cubes": [
					{"origin": [0.15, 16.25, 1.2], "size": [0.5, 0.5, 0.5], "uv": [7, 125]},
					{"origin": [0.15, 15.1, 0.15], "size": [0.5, 0.5, 0.5], "uv": [14, 125]}
				]
			},
			{
				"name": "body",
				"pivot": [0, 10.8, 0],
				"cubes": [
					{"origin": [-3, 10.799, -3], "size": [6, 8.5, 6], "uv": [0, 14]}
				]
			},
			{
				"name": "bone7",
				"parent": "body",
				"pivot": [12, 17.1, 3],
				"rotation": [0, 90, 0],
				"cubes": [
					{"origin": [12, 10.95, -12], "size": [0, 8.35, 6], "uv": [12, 14]}
				]
			},
			{
				"name": "kudai2",
				"parent": "body",
				"pivot": [0, 10.8, 0],
				"cubes": [
					{"origin": [-3.1, 10.85, -3.1], "size": [6.2, 1, 6.25], "uv": [87, 108]},
					{"origin": [-0.75, 10.6, -3.4], "size": [1.5, 1.1, 0.3], "uv": [32, 127]},
					{"origin": [0.4, 11.15, -3.4], "size": [0.75, 1.15, 1.4], "uv": [32, 121]},
					{"origin": [-1.15, 11.15, -3.4], "size": [0.75, 1.15, 1.4], "uv": [32, 123]}
				]
			},
			{
				"name": "chestPlate",
				"parent": "body",
				"pivot": [0, 10.8, 0]
			},
			{
				"name": "jacket",
				"parent": "chestPlate",
				"pivot": [0, 10.8, 0],
				"cubes": [
					{"origin": [-3.2, 13.3, -3.1], "size": [2.1, 5.9, 6.2], "uv": [16, 30]},
					{"origin": [1.15, 13.3, -3.1], "size": [2.1, 5.9, 6.2], "uv": [0, 28]},
					{"origin": [-3.2, 11.8, -3.1], "size": [1.6, 1.5, 3.1], "uv": [50, 87]},
					{"origin": [1.6, 11.8, -3.1], "size": [1.6, 1.5, 3.1], "uv": [87, 6]}
				]
			},
			{
				"name": "bone137",
				"parent": "jacket",
				"pivot": [0, 13.3, -0.2],
				"rotation": [5, 0, 0],
				"cubes": [
					{"origin": [-1.25, 12.3, -1.5], "size": [2.55, 6.7, 5.05], "uv": [32, 30]},
					{"origin": [-3.3, 12, -2.8], "size": [6.6, 2.6, 6.25], "uv": [18, 22]},
					{"origin": [-3.55, 11.1, -1.65], "size": [7.1, 3, 5.35], "uv": [23, 9]},
					{"origin": [-3.55, 8.4, 3.7], "size": [7.1, 2.7, 0], "uv": [112, 126]},
					{"origin": [-3.55, 9.4, 1.25], "size": [0, 1.7, 2.45], "uv": [107, 125]},
					{"origin": [3.55, 9.4, 1.25], "size": [0, 1.7, 2.45], "uv": [99, 114]}
				]
			},
			{
				"name": "legLeft",
				"pivot": [2, 9, 0]
			},
			{
				"name": "legleft2",
				"parent": "legLeft",
				"pivot": [2, 9, 0],
				"rotation": [0, 180, 0]
			},
			{
				"name": "legRight2",
				"parent": "legleft2",
				"pivot": [2, 9, 0],
				"cubes": [
					{"origin": [0.501, 0.1, -1.5], "size": [3, 9.9, 3], "uv": [0, 39]},
					{"origin": [0.35, 0.1, -1.65], "size": [3.3, 4.35, 3.3], "uv": [0, 52]}
				]
			},
			{
				"name": "bone18",
				"parent": "legRight2",
				"pivot": [1.8, 6, 0],
				"rotation": [-180, 0, -177.5]
			},
			{
				"name": "bone19",
				"parent": "bone18",
				"pivot": [1.8, 6, 0],
				"rotation": [0, -90, 0]
			},
			{
				"name": "bone20",
				"parent": "bone19",
				"pivot": [1.8, 6, -2.84605],
				"rotation": [-19.47122, 0, 0]
			},
			{
				"name": "bone21",
				"parent": "bone20",
				"pivot": [1.8, 5.05132, -2.84605],
				"rotation": [0, 0, -18.43495],
				"cubes": [
					{"origin": [1.8, 5.05132, -2.84605], "size": [3, 5, 3], "uv": [36, 41]}
				]
			},
			{
				"name": "bone34",
				"parent": "bone20",
				"pivot": [1.8, 5.05132, -2.84605],
				"rotation": [0, 0, 18.43495],
				"cubes": [
					{"origin": [-1.2, 5.05132, -2.84605], "size": [3, 5, 3], "uv": [41, 27]}
				]
			},
			{
				"name": "bone35",
				"parent": "bone18",
				"pivot": [1.8, 6, 0],
				"rotation": [0, -180, 0]
			},
			{
				"name": "bone36",
				"parent": "bone35",
				"pivot": [1.8, 6, -2.84605],
				"rotation": [-19.47122, 0, 0]
			},
			{
				"name": "bone37",
				"parent": "bone36",
				"pivot": [1.8, 5.05132, -2.84605],
				"rotation": [0, 0, -18.43495],
				"cubes": [
					{"origin": [1.8, 5.05132, -2.84605], "size": [3, 5, 3], "uv": [24, 41]}
				]
			},
			{
				"name": "bone38",
				"parent": "bone36",
				"pivot": [1.8, 5.05132, -2.84605],
				"rotation": [0, 0, 18.43495],
				"cubes": [
					{"origin": [-1.2, 5.05132, -2.84605], "size": [3, 5, 3], "uv": [40, 0]}
				]
			},
			{
				"name": "bone39",
				"parent": "bone18",
				"pivot": [1.8, 6, 0],
				"rotation": [0, -270, 0]
			},
			{
				"name": "bone40",
				"parent": "bone39",
				"pivot": [1.8, 6, -2.84605],
				"rotation": [-19.47122, 0, 0]
			},
			{
				"name": "bone41",
				"parent": "bone40",
				"pivot": [1.8, 5.05132, -2.84605],
				"rotation": [0, 0, -18.43495],
				"cubes": [
					{"origin": [1.8, 5.05132, -2.84605], "size": [3, 5, 3], "uv": [36, 17]}
				]
			},
			{
				"name": "bone42",
				"parent": "bone40",
				"pivot": [1.8, 5.05132, -2.84605],
				"rotation": [0, 0, 18.43495],
				"cubes": [
					{"origin": [-1.2, 5.05132, -2.84605], "size": [3, 5, 3], "uv": [28, 0]}
				]
			},
			{
				"name": "xuezi3",
				"parent": "legRight2",
				"pivot": [5.25, 8.75, -0.5],
				"cubes": [
					{"origin": [0.3, 0.05, -1.5], "size": [3.45, 1.6, 4], "uv": [52, 0]}
				]
			},
			{
				"name": "kuzi3",
				"parent": "legRight2",
				"pivot": [2.5, 11.25, 0],
				"rotation": [0, 0, 17.5],
				"cubes": [
					{"origin": [0.751, 5.85, -1.8], "size": [2.1, 5.1, 3.7], "uv": [24, 57]}
				]
			},
			{
				"name": "bone43",
				"parent": "kuzi3",
				"pivot": [7.8, 5.95, 0],
				"rotation": [0, 0, -26],
				"cubes": [
					{"origin": [4.301, 7.55, -1.8], "size": [2.1, 5.1, 3.7], "uv": [48, 54]}
				]
			},
			{
				"name": "bone44",
				"parent": "bone43",
				"pivot": [4.55, 6.45, 0.5],
				"rotation": [0, 0, 25],
				"cubes": [
					{"origin": [3.55, 6.45, -1.75], "size": [2, 2, 3.5], "uv": [85, 23]}
				]
			},
			{
				"name": "bone45",
				"parent": "bone44",
				"pivot": [3.45, 6.45, 0.5],
				"rotation": [0, 0, -45],
				"cubes": [
					{"origin": [2.15, 6.6, -1.65], "size": [2.25, 2.5, 3.5], "uv": [74, 0]},
					{"origin": [3.7, 6.7, -1.7], "size": [2, 2, 3.5], "uv": [26, 30]}
				]
			},
			{
				"name": "legRight",
				"pivot": [-2, 9, 0],
				"cubes": [
					{"origin": [-3.499, 0.4, -1.5], "size": [3, 9.6, 3], "uv": [12, 41]},
					{"origin": [-3.65, 0.2, -1.65], "size": [3.3, 4.25, 3.3], "uv": [12, 54]}
				]
			},
			{
				"name": "bone17",
				"parent": "legRight",
				"pivot": [-2.2, 6, 0],
				"rotation": [0, 0, 2.5]
			},
			{
				"name": "bone22",
				"parent": "bone17",
				"pivot": [-2.2, 6, 0],
				"rotation": [0, -90, 0]
			},
			{
				"name": "bone23",
				"parent": "bone22",
				"pivot": [-2.2, 6, -2.84605],
				"rotation": [-19.47122, 0, 0]
			},
			{
				"name": "bone24",
				"parent": "bone23",
				"pivot": [-2.2, 5.05132, -2.84605],
				"rotation": [0, 0, -18.43495],
				"cubes": [
					{"origin": [-2.2, 5.05132, -2.84605], "size": [3, 5, 3], "uv": [36, 51]}
				]
			},
			{
				"name": "bone25",
				"parent": "bone23",
				"pivot": [-2.2, 5.05132, -2.84605],
				"rotation": [0, 0, 18.43495],
				"cubes": [
					{"origin": [-5.2, 5.05132, -2.84605], "size": [3, 5, 3], "uv": [24, 49]}
				]
			},
			{
				"name": "bone26",
				"parent": "bone17",
				"pivot": [-2.2, 6, 0],
				"rotation": [0, -180, 0]
			},
			{
				"name": "bone27",
				"parent": "bone26",
				"pivot": [-2.2, 6, -2.84605],
				"rotation": [-19.47122, 0, 0]
			},
			{
				"name": "bone28",
				"parent": "bone27",
				"pivot": [-2.2, 5.05132, -2.84605],
				"rotation": [0, 0, -18.43495],
				"cubes": [
					{"origin": [-2.2, 5.05132, -2.84605], "size": [3, 5, 3], "uv": [48, 16]}
				]
			},
			{
				"name": "bone29",
				"parent": "bone27",
				"pivot": [-2.2, 5.05132, -2.84605],
				"rotation": [0, 0, 18.43495],
				"cubes": [
					{"origin": [-5.2, 5.05132, -2.84605], "size": [3, 5, 3], "uv": [47, 8]}
				]
			},
			{
				"name": "bone30",
				"parent": "bone17",
				"pivot": [-2.2, 6, 0],
				"rotation": [0, -270, 0]
			},
			{
				"name": "bone31",
				"parent": "bone30",
				"pivot": [-2.2, 6, -2.84605],
				"rotation": [-19.47122, 0, 0]
			},
			{
				"name": "bone32",
				"parent": "bone31",
				"pivot": [-2.2, 5.05132, -2.84605],
				"rotation": [0, 0, -18.43495],
				"cubes": [
					{"origin": [-2.2, 5.05132, -2.84605], "size": [3, 5, 3], "uv": [45, 46]}
				]
			},
			{
				"name": "bone33",
				"parent": "bone31",
				"pivot": [-2.2, 5.05132, -2.84605],
				"rotation": [0, 0, 18.43495],
				"cubes": [
					{"origin": [-5.2, 5.05132, -2.84605], "size": [3, 5, 3], "uv": [46, 35]}
				]
			},
			{
				"name": "xuezi2",
				"parent": "legRight",
				"pivot": [1.25, 8.75, -0.5],
				"cubes": [
					{"origin": [-3.7, 0.05, -2.5], "size": [3.45, 1.6, 4], "uv": [53, 30]}
				]
			},
			{
				"name": "kuzi",
				"parent": "legRight",
				"pivot": [-1.5, 11.25, 0],
				"rotation": [0, 0, 17.5],
				"cubes": [
					{"origin": [-3.249, 5.85, -1.8], "size": [2.1, 5.1, 3.7], "uv": [85, 55]}
				]
			},
			{
				"name": "bone11",
				"parent": "kuzi",
				"pivot": [3.8, 5.95, 0],
				"rotation": [0, 0, -26],
				"cubes": [
					{"origin": [0.301, 7.55, -1.8], "size": [2.1, 5.1, 3.7], "uv": [78, 84]}
				]
			},
			{
				"name": "bone12",
				"parent": "bone11",
				"pivot": [0.55, 6.45, 0.5],
				"rotation": [0, 0, 25],
				"cubes": [
					{"origin": [-0.45, 6.45, -1.75], "size": [2, 2, 3.5], "uv": [85, 66]}
				]
			},
			{
				"name": "bone13",
				"parent": "bone12",
				"pivot": [-0.55, 6.45, 0.5],
				"rotation": [0, 0, -45],
				"cubes": [
					{"origin": [-1.85, 6.6, -1.65], "size": [2.25, 2.5, 3.5], "uv": [85, 48]},
					{"origin": [-0.3, 6.7, -1.7], "size": [2, 2, 3.5], "uv": [85, 42]}
				]
			},
			{
				"name": "tail",
				"pivot": [0, 13, 4],
				"rotation": [20, 0, 0]
			},
			{
				"name": "bone15",
				"parent": "tail",
				"pivot": [0, 12.25, 2.2],
				"rotation": [-77.21922, -3.67299, -0.36713]
			},
			{
				"name": "bone72",
				"parent": "bone15",
				"pivot": [0, 12.25, 2.2]
			},
			{
				"name": "bone73",
				"parent": "bone72",
				"pivot": [0, 12.25, 1.23407],
				"rotation": [-15.54227, 0, 0]
			},
			{
				"name": "bone74",
				"parent": "bone73",
				"pivot": [0, 11.99118, 1.23407],
				"rotation": [0, 0, -15],
				"cubes": [
					{"origin": [0, 11.99118, 1.23407], "size": [1, 2, 1], "uv": [46, 8]},
					{"origin": [0.18301, 13.80817, 1.05106], "size": [1, 1, 1], "uv": [66, 50], "inflate": -0.18301},
					{"origin": [0.29904, 14.32612, 0.93504], "size": [1, 1, 1], "uv": [9, 66], "inflate": -0.29904},
					{"origin": [0.3726, 14.65448, 0.86148], "size": [1, 1, 1], "uv": [30, 65], "inflate": -0.3726},
					{"origin": [0.41923, 14.86266, 0.81485], "size": [1, 1, 1], "uv": [63, 49], "inflate": -0.41923}
				]
			},
			{
				"name": "bone75",
				"parent": "bone73",
				"pivot": [0, 11.99118, 1.23407],
				"rotation": [0, 0, 15],
				"cubes": [
					{"origin": [-1, 11.99118, 1.23407], "size": [1, 2, 1], "uv": [33, 41]},
					{"origin": [-1.18301, 13.80817, 1.05106], "size": [1, 1, 1], "uv": [66, 41], "inflate": -0.18301},
					{"origin": [-1.29904, 14.32612, 0.93504], "size": [1, 1, 1], "uv": [66, 0], "inflate": -0.29904},
					{"origin": [-1.3726, 14.65448, 0.86148], "size": [1, 1, 1], "uv": [64, 25], "inflate": -0.3726},
					{"origin": [-1.41923, 14.86266, 0.81485], "size": [1, 1, 1], "uv": [52, 62], "inflate": -0.41923}
				]
			},
			{
				"name": "bone76",
				"parent": "bone15",
				"pivot": [0, 12.25, 2.2],
				"rotation": [0, -90, 0]
			},
			{
				"name": "bone77",
				"parent": "bone76",
				"pivot": [0, 12.25, 1.23407],
				"rotation": [-15.54227, 0, 0]
			},
			{
				"name": "bone78",
				"parent": "bone77",
				"pivot": [0, 11.99118, 1.23407],
				"rotation": [0, 0, -15],
				"cubes": [
					{"origin": [0, 11.99118, 1.23407], "size": [1, 2, 1], "uv": [21, 41]},
					{"origin": [0.18301, 13.80817, 1.05106], "size": [1, 1, 1], "uv": [62, 41], "inflate": -0.18301},
					{"origin": [0.29904, 14.32612, 0.93504], "size": [1, 1, 1], "uv": [43, 59], "inflate": -0.29904},
					{"origin": [0.3726, 14.65448, 0.86148], "size": [1, 1, 1], "uv": [58, 41], "inflate": -0.3726},
					{"origin": [0.41923, 14.86266, 0.81485], "size": [1, 1, 1], "uv": [55, 35], "inflate": -0.41923}
				]
			},
			{
				"name": "bone79",
				"parent": "bone77",
				"pivot": [0, 11.99118, 1.23407],
				"rotation": [0, 0, 15],
				"cubes": [
					{"origin": [-1, 11.99118, 1.23407], "size": [1, 2, 1], "uv": [9, 39]},
					{"origin": [-1.18301, 13.80817, 1.05106], "size": [1, 1, 1], "uv": [9, 60], "inflate": -0.18301},
					{"origin": [-1.29904, 14.32612, 0.93504], "size": [1, 1, 1], "uv": [59, 11], "inflate": -0.29904},
					{"origin": [-1.3726, 14.65448, 0.86148], "size": [1, 1, 1], "uv": [31, 57], "inflate": -0.3726},
					{"origin": [-1.41923, 14.86266, 0.81485], "size": [1, 1, 1], "uv": [55, 6], "inflate": -0.41923}
				]
			},
			{
				"name": "bone80",
				"parent": "bone15",
				"pivot": [0, 12.25, 2.2],
				"rotation": [0, -180, 0]
			},
			{
				"name": "bone81",
				"parent": "bone80",
				"pivot": [0, 12.25, 1.23407],
				"rotation": [-15.54227, 0, 0]
			},
			{
				"name": "bone82",
				"parent": "bone81",
				"pivot": [0, 11.99118, 1.23407],
				"rotation": [0, 0, -15],
				"cubes": [
					{"origin": [0, 11.99118, 1.23407], "size": [1, 2, 1], "uv": [37, 0]},
					{"origin": [0.18301, 13.80817, 1.05106], "size": [1, 1, 1], "uv": [54, 46], "inflate": -0.18301},
					{"origin": [0.29904, 14.32612, 0.93504], "size": [1, 1, 1], "uv": [53, 30], "inflate": -0.29904, "mirror": true},
					{"origin": [0.3726, 14.65448, 0.86148], "size": [1, 1, 1], "uv": [52, 5], "inflate": -0.3726},
					{"origin": [0.41923, 14.86266, 0.81485], "size": [1, 1, 1], "uv": [41, 49], "inflate": -0.41923}
				]
			},
			{
				"name": "bone83",
				"parent": "bone81",
				"pivot": [0, 11.99118, 1.23407],
				"rotation": [0, 0, 15],
				"cubes": [
					{"origin": [-1, 11.99118, 1.23407], "size": [1, 2, 1], "uv": [34, 17]},
					{"origin": [-1.18301, 13.80817, 1.05106], "size": [1, 1, 1], "uv": [53, 32], "inflate": -0.18301},
					{"origin": [-1.29904, 14.32612, 0.93504], "size": [1, 1, 1], "uv": [9, 53], "inflate": -0.29904},
					{"origin": [-1.3726, 14.65448, 0.86148], "size": [1, 1, 1], "uv": [52, 2], "inflate": -0.3726},
					{"origin": [-1.41923, 14.86266, 0.81485], "size": [1, 1, 1], "uv": [37, 49], "inflate": -0.41923}
				]
			},
			{
				"name": "bone84",
				"parent": "bone15",
				"pivot": [0, 12.25, 2.2],
				"rotation": [0, -270, 0]
			},
			{
				"name": "bone85",
				"parent": "bone84",
				"pivot": [0, 12.25, 1.23407],
				"rotation": [-15.54227, 0, 0]
			},
			{
				"name": "bone86",
				"parent": "bone85",
				"pivot": [0, 11.99118, 1.23407],
				"rotation": [0, 0, -15],
				"cubes": [
					{"origin": [0, 11.99118, 1.23407], "size": [1, 2, 1], "uv": [33, 30]},
					{"origin": [0.18301, 13.80817, 1.05106], "size": [1, 1, 1], "uv": [33, 49], "inflate": -0.18301},
					{"origin": [0.29904, 14.32612, 0.93504], "size": [1, 1, 1], "uv": [32, 20], "inflate": -0.29904},
					{"origin": [0.3726, 14.65448, 0.86148], "size": [1, 1, 1], "uv": [28, 20], "inflate": -0.3726},
					{"origin": [0.41923, 14.86266, 0.81485], "size": [1, 1, 1], "uv": [10, 28], "inflate": -0.41923}
				]
			},
			{
				"name": "bone87",
				"parent": "bone85",
				"pivot": [0, 11.99118, 1.23407],
				"rotation": [0, 0, 15],
				"cubes": [
					{"origin": [-1, 11.99118, 1.23407], "size": [1, 2, 1], "uv": [18, 14]},
					{"origin": [-1.18301, 13.80817, 1.05106], "size": [1, 1, 1], "uv": [16, 34], "inflate": -0.18301},
					{"origin": [-1.29904, 14.32612, 0.93504], "size": [1, 1, 1], "uv": [0, 32], "inflate": -0.29904},
					{"origin": [-1.3726, 14.65448, 0.86148], "size": [1, 1, 1], "uv": [14, 28], "inflate": -0.3726},
					{"origin": [-1.41923, 14.86266, 0.81485], "size": [1, 1, 1], "uv": [24, 20], "inflate": -0.41923}
				]
			}
		]
	}
}