{
	"format_version": "1.10.0",
	"geometry.model": {
		"texturewidth": 64,
		"textureheight": 64,
		"visible_bounds_width": 3,
		"visible_bounds_height": 3,
		"visible_bounds_offset": [0, 0.5, 0],
		"bones": [
			{
				"name": "dog",
				"pivot": [0, 0, 0]
			},
			{
				"name": "head",
				"parent": "dog",
				"pivot": [0, 9.5, -9.25],
				"rotation": [-5, 0, 0],
				"cubes": [
					{"origin": [-3, 5.5, -9.3], "size": [6, 5.75, 4.5], "uv": [18, 19]}
				]
			},
			{
				"name": "bone",
				"parent": "head",
				"pivot": [0, 9.2, -9.25],
				"rotation": [5, 0, 0],
				"cubes": [
					{"origin": [-2.85, 10.5, -5.95], "size": [2, 2.25, 1], "uv": [12, 26]},
					{"origin": [0.85, 10.5, -5.95], "size": [2, 2.25, 1], "uv": [12, 23]}
				]
			},
			{
				"name": "body",
				"parent": "dog",
				"pivot": [0, 5.5, -2.25],
				"rotation": [-2.5, 0, 0],
				"cubes": [
					{"origin": [-3.6, 3.75, -3.75], "size": [6.95, 5, 8.75], "uv": [0, 0]},
					{"origin": [-3.9, 3.5, -8.5], "size": [7.55, 6.5, 4.4], "uv": [0, 13]},
					{"origin": [-3.8, 3.25, -6.5], "size": [7.35, 5.85, 3.4], "uv": [20, 0]}
				]
			},
			{
				"name": "tail",
				"parent": "dog",
				"pivot": [-0.4, 8, 3.5],
				"rotation": [-27.5, 0, 0],
				"cubes": [
					{"origin": [-0.9, 8.2, 3.7], "size": [1.4, 3.1, 1.7], "uv": [0, 13]}
				]
			},
			{
				"name": "zhuazi",
				"parent": "dog",
				"pivot": [2.25, 3.25, -3.85],
				"rotation": [-15, 0, 0],
				"cubes": [
					{"origin": [1, -0.25, -6.85], "size": [2.25, 4, 1.75], "uv": [6, 23]},
					{"origin": [-3.5, -0.25, -6.85], "size": [2.25, 4, 1.75], "uv": [0, 23]}
				]
			},
			{
				"name": "leg",
				"parent": "dog",
				"pivot": [-2.5, 5, 3.7],
				"rotation": [4.98107, -0.43523, 4.98107],
				"cubes": [
					{"origin": [-3.5, 0.15, 2.95], "size": [2.25, 4.6, 2], "uv": [22, 13]}
				]
			},
			{
				"name": "leg2",
				"parent": "leg",
				"pivot": [5.95, 1.1, -1.3],
				"rotation": [0, 0, -12.5],
				"cubes": [
					{"origin": [1.95, 1.25, 2.95], "size": [2.25, 4.6, 2], "uv": [0, 0]}
				]
			}
		]
	}
}