{
	"pack_name": "{maid_pack.xuyeshe_model_pack.name}",
	"model_list": [
		{
			"model_id": "xuyeshe_model_pack:xiaotao",
			"description": ["{model.xuyeshe_model_pack.xiaotao.desc}"],
			"animation": [
				"touhou_little_maid:animation/maid/default/head/default.js",
				"touhou_little_maid:animation/maid/default/head/beg.js",
				"touhou_little_maid:animation/maid/default/head/music_shake.js",
				"touhou_little_maid:animation/maid/default/head/blink.js",
				"touhou_little_maid:animation/maid/default/head/ear_shake.js",
				"touhou_little_maid:animation/maid/default/head/ear_beg_shake.js",
				"touhou_little_maid:animation/maid/default/arm/default.js",
				"touhou_little_maid:animation/maid/default/arm/swing.js",
				"touhou_little_maid:animation/maid/default/leg/default.js",
				"touhou_little_maid:animation/maid/default/sit/skirt_rotation.js",
				"touhou_little_maid:animation/maid/default/sit/default.js"
			]
		}
	],
	"version": "1.0.0",
	"author": ["gyhgyj88"],
	"description": ["{maid_pack.xuyeshe_model_pack.desc}"],
	"date": "2022-12-28",
	"icon": "xuyeshe_model_pack:textures/maid_icon.png"
}