{
	"format_version": "1.12.0",
	"minecraft:geometry": [
		{
			"description": {
				"identifier": "geometry.default",
				"texture_width": 64,
				"texture_height": 64,
				"visible_bounds_width": 5,
				"visible_bounds_height": 4.5,
				"visible_bounds_offset": [0, 1.75, 0]
			},
			"bones": [
				{
					"name": "Root",
					"pivot": [0, -28.95, 0],
					"cubes": [
						{
							"origin": [-5, 0.05, -3.2],
							"size": [10, 10, 9.2],
							"uv": {
								"north": {"uv": [0, 26], "uv_size": [10, 10]},
								"east": {"uv": [26, 10], "uv_size": [9, 10]},
								"south": {"uv": [26, 0], "uv_size": [10, 10]},
								"west": {"uv": [26, 20], "uv_size": [9, 10]},
								"up": {"uv": [26, 30], "uv_size": [10, 9]},
								"down": {"uv": [10, 41], "uv_size": [10, -9]}
							}
						},
						{
							"origin": [-0.525, 1.55, -3.3],
							"size": [1.25, 0.25, 1.3],
							"uv": {
								"north": {"uv": [41, 20], "uv_size": [1, 1]},
								"east": {"uv": [21, 41], "uv_size": [1, 1]},
								"south": {"uv": [41, 21], "uv_size": [1, 1]},
								"west": {"uv": [22, 41], "uv_size": [1, 1]},
								"up": {"uv": [41, 22], "uv_size": [1, 1]},
								"down": {"uv": [23, 42], "uv_size": [1, -1]}
							}
						},
						{
							"origin": [-0.075, 0.8, -3.3],
							"size": [0.35, 0.25, 1.3],
							"pivot": [0.1, 1.675, -2.65],
							"rotation": [0, 0, 90],
							"uv": {
								"north": {"uv": [41, 23], "uv_size": [1, 1]},
								"east": {"uv": [24, 41], "uv_size": [1, 1]},
								"south": {"uv": [41, 24], "uv_size": [1, 1]},
								"west": {"uv": [25, 41], "uv_size": [1, 1]},
								"up": {"uv": [41, 25], "uv_size": [1, 1]},
								"down": {"uv": [26, 42], "uv_size": [1, -1]}
							}
						},
						{
							"origin": [-0.87184, 1.85431, -3.3],
							"size": [0.35, 0.25, 1.3],
							"pivot": [-0.69684, 1.97931, -2.65],
							"rotation": [0, 0, 72.5],
							"uv": {
								"north": {"uv": [41, 26], "uv_size": [1, 1]},
								"east": {"uv": [27, 41], "uv_size": [1, 1]},
								"south": {"uv": [41, 27], "uv_size": [1, 1]},
								"west": {"uv": [28, 41], "uv_size": [1, 1]},
								"up": {"uv": [41, 28], "uv_size": [1, 1]},
								"down": {"uv": [29, 42], "uv_size": [1, -1]}
							}
						},
						{
							"origin": [-0.87184, 1.24569, -3.3],
							"size": [0.35, 0.25, 1.3],
							"pivot": [-0.69684, 1.37069, -2.65],
							"rotation": [0, 0, -72.5],
							"uv": {
								"north": {"uv": [41, 29], "uv_size": [1, 1]},
								"east": {"uv": [30, 41], "uv_size": [1, 1]},
								"south": {"uv": [41, 30], "uv_size": [1, 1]},
								"west": {"uv": [31, 41], "uv_size": [1, 1]},
								"up": {"uv": [41, 31], "uv_size": [1, 1]},
								"down": {"uv": [32, 42], "uv_size": [1, -1]}
							}
						},
						{
							"origin": [-6.25, 6.45, -5.2],
							"size": [12.5, 7.6, 13.2],
							"uv": {
								"north": {"uv": [13, 0], "uv_size": [13, 8]},
								"east": {"uv": [13, 8], "uv_size": [13, 8]},
								"south": {"uv": [13, 16], "uv_size": [13, 8]},
								"west": {"uv": [13, 24], "uv_size": [13, 8]},
								"up": {"uv": [0, 0], "uv_size": [13, 13]},
								"down": {"uv": [0, 26], "uv_size": [13, -13]}
							}
						},
						{
							"origin": [-1.75, 8, -7.2],
							"size": [3.5, 3.35, 6.2],
							"uv": {
								"north": {"uv": [0, 36], "uv_size": [4, 3]},
								"east": {"uv": [35, 24], "uv_size": [6, 3]},
								"south": {"uv": [36, 0], "uv_size": [4, 3]},
								"west": {"uv": [35, 27], "uv_size": [6, 3]},
								"up": {"uv": [20, 32], "uv_size": [4, 6]},
								"down": {"uv": [35, 16], "uv_size": [4, -6]}
							}
						},
						{
							"origin": [-2.25, 7.5, -8.45],
							"size": [4.5, 4.35, 1.95],
							"uv": {
								"north": {"uv": [35, 16], "uv_size": [5, 4]},
								"east": {"uv": [24, 32], "uv_size": [2, 4]},
								"south": {"uv": [35, 20], "uv_size": [5, 4]},
								"west": {"uv": [24, 36], "uv_size": [2, 4]},
								"up": {"uv": [36, 3], "uv_size": [5, 2]},
								"down": {"uv": [4, 38], "uv_size": [5, -2]}
							}
						}
					]
				},
				{
					"name": "Eyes",
					"parent": "Root",
					"pivot": [0, 14.5339, 1.51246]
				},
				{
					"name": "Eyelid",
					"parent": "Eyes",
					"pivot": [0, 14.96991, 1.55108]
				},
				{
					"name": "RightEyelid",
					"parent": "Eyelid",
					"pivot": [-3.01315, 13.9091, -2.46013],
					"cubes": [
						{
							"origin": [-4.33917, 2.3303, -3.30335],
							"size": [2.65204, 2.79576, 1.32602],
							"uv": {
								"north": {"uv": [10, 26], "uv_size": [3, 3]},
								"east": {"uv": [9, 36], "uv_size": [1, 3]},
								"south": {"uv": [10, 29], "uv_size": [3, 3]},
								"west": {"uv": [4, 38], "uv_size": [1, 3]},
								"up": {"uv": [5, 38], "uv_size": [3, 1]},
								"down": {"uv": [38, 9], "uv_size": [3, -1]}
							}
						},
						{
							"origin": [-4.39632, 1.76782, -3.52162],
							"size": [0.412, 0.38625, 0.84975],
							"pivot": [-4.16457, 2.26994, -3.09675],
							"rotation": [0, 0, -87.5],
							"uv": {
								"north": {"uv": [41, 10], "uv_size": [1, 1]},
								"east": {"uv": [11, 41], "uv_size": [1, 1]},
								"south": {"uv": [41, 11], "uv_size": [1, 1]},
								"west": {"uv": [12, 41], "uv_size": [1, 1]},
								"up": {"uv": [41, 12], "uv_size": [1, 1]},
								"down": {"uv": [13, 42], "uv_size": [1, -1]}
							}
						},
						{
							"origin": [-4.48734, 1.80087, -3.52162],
							"size": [0.412, 0.43775, 0.84975],
							"pivot": [-4.46159, 2.22574, -3.09675],
							"rotation": [0, 0, -67.5],
							"uv": {
								"north": {"uv": [41, 13], "uv_size": [1, 1]},
								"east": {"uv": [14, 41], "uv_size": [1, 1]},
								"south": {"uv": [41, 14], "uv_size": [1, 1]},
								"west": {"uv": [15, 41], "uv_size": [1, 1]},
								"up": {"uv": [41, 15], "uv_size": [1, 1]},
								"down": {"uv": [16, 42], "uv_size": [1, -1]}
							}
						}
					]
				},
				{
					"name": "RightEyelidBase",
					"parent": "RightEyelid",
					"pivot": [-2.7811, 14.96991, -2.52643],
					"cubes": [
						{
							"origin": [-3.81231, 2.47616, -3.36965],
							"size": [1.95943, 2.22463, 1.32602],
							"uv": {
								"north": {"uv": [36, 8], "uv_size": [2, 2]},
								"east": {"uv": [38, 33], "uv_size": [1, 2]},
								"south": {"uv": [36, 33], "uv_size": [2, 2]},
								"west": {"uv": [38, 35], "uv_size": [1, 2]},
								"up": {"uv": [38, 37], "uv_size": [2, 1]},
								"down": {"uv": [38, 39], "uv_size": [2, -1]}
							}
						},
						{
							"origin": [-3.09131, 3.04266, -3.3954],
							"size": [0.62043, 0.93713, 1.35177],
							"uv": {
								"north": {"uv": [35, 40], "uv_size": [1, 1]},
								"east": {"uv": [36, 40], "uv_size": [1, 1]},
								"south": {"uv": [37, 40], "uv_size": [1, 1]},
								"west": {"uv": [40, 37], "uv_size": [1, 1]},
								"up": {"uv": [38, 40], "uv_size": [1, 1]},
								"down": {"uv": [40, 39], "uv_size": [1, -1]}
							}
						}
					]
				},
				{
					"name": "RightPupil",
					"parent": "RightEyelidBase",
					"pivot": [-2.78441, 14.95334, -2.56953]
				},
				{
					"name": "RightEyesDot",
					"parent": "RightEyelidBase",
					"pivot": [-6.08952, 14.76106, -3.08004],
					"cubes": [
						{
							"origin": [-2.35014, 3.32388, -3.4028],
							"size": [0.63572, 0.43451, 0.2652],
							"uv": {
								"north": {"uv": [7, 39], "uv_size": [1, 1]},
								"east": {"uv": [9, 39], "uv_size": [1, 1]},
								"south": {"uv": [23, 39], "uv_size": [1, 1]},
								"west": {"uv": [40, 0], "uv_size": [1, 1]},
								"up": {"uv": [40, 1], "uv_size": [1, 1]},
								"down": {"uv": [2, 41], "uv_size": [1, -1]}
							}
						}
					]
				},
				{
					"name": "LeftEyelid",
					"parent": "Eyelid",
					"pivot": [3.01315, 13.9091, -2.46013],
					"cubes": [
						{
							"origin": [4.07534, 1.80087, -3.52162],
							"size": [0.412, 0.43775, 0.84975],
							"pivot": [4.46159, 2.22574, -3.09675],
							"rotation": [0, 0, 67.5],
							"uv": {
								"north": {"uv": [39, 40], "uv_size": [1, 1]},
								"east": {"uv": [40, 39], "uv_size": [1, 1]},
								"south": {"uv": [40, 40], "uv_size": [1, 1]},
								"west": {"uv": [0, 41], "uv_size": [1, 1]},
								"up": {"uv": [41, 0], "uv_size": [1, 1]},
								"down": {"uv": [1, 42], "uv_size": [1, -1]}
							}
						},
						{
							"origin": [3.98432, 1.76782, -3.52162],
							"size": [0.412, 0.38625, 0.84975],
							"pivot": [4.16457, 2.26994, -3.09675],
							"rotation": [0, 0, 87.5],
							"uv": {
								"north": {"uv": [41, 1], "uv_size": [1, 1]},
								"east": {"uv": [2, 41], "uv_size": [1, 1]},
								"south": {"uv": [41, 2], "uv_size": [1, 1]},
								"west": {"uv": [3, 41], "uv_size": [1, 1]},
								"up": {"uv": [41, 3], "uv_size": [1, 1]},
								"down": {"uv": [4, 42], "uv_size": [1, -1]}
							}
						},
						{
							"origin": [1.68713, 2.3303, -3.30335],
							"size": [2.65204, 2.79576, 1.32602],
							"uv": {
								"north": {"uv": [36, 5], "uv_size": [3, 3]},
								"east": {"uv": [8, 38], "uv_size": [1, 3]},
								"south": {"uv": [36, 30], "uv_size": [3, 3]},
								"west": {"uv": [20, 38], "uv_size": [1, 3]},
								"up": {"uv": [38, 9], "uv_size": [3, 1]},
								"down": {"uv": [21, 39], "uv_size": [3, -1]}
							}
						}
					]
				},
				{
					"name": "LeftEyelidBase",
					"parent": "LeftEyelid",
					"pivot": [2.7811, 14.96991, -2.52643],
					"cubes": [
						{
							"origin": [1.85288, 2.47616, -3.36965],
							"size": [1.85643, 2.22463, 1.32602],
							"uv": {
								"north": {"uv": [36, 35], "uv_size": [2, 2]},
								"east": {"uv": [0, 39], "uv_size": [1, 2]},
								"south": {"uv": [36, 37], "uv_size": [2, 2]},
								"west": {"uv": [1, 39], "uv_size": [1, 2]},
								"up": {"uv": [2, 39], "uv_size": [2, 1]},
								"down": {"uv": [5, 40], "uv_size": [2, -1]}
							}
						},
						{
							"origin": [2.47088, 3.04266, -3.3954],
							"size": [0.62043, 0.93713, 1.35177],
							"uv": {
								"north": {"uv": [29, 40], "uv_size": [1, 1]},
								"east": {"uv": [30, 40], "uv_size": [1, 1]},
								"south": {"uv": [31, 40], "uv_size": [1, 1]},
								"west": {"uv": [32, 40], "uv_size": [1, 1]},
								"up": {"uv": [33, 40], "uv_size": [1, 1]},
								"down": {"uv": [34, 41], "uv_size": [1, -1]}
							}
						}
					]
				},
				{
					"name": "LeftPupil",
					"parent": "LeftEyelidBase",
					"pivot": [2.78441, 14.95334, -2.56953]
				},
				{
					"name": "LeftEyesDot",
					"parent": "LeftEyelidBase",
					"pivot": [3.10266, 14.76106, -3.08004],
					"cubes": [
						{
							"origin": [3.1789, 3.32388, -3.4028],
							"size": [0.63572, 0.43451, 0.2652],
							"uv": {
								"north": {"uv": [40, 2], "uv_size": [1, 1]},
								"east": {"uv": [3, 40], "uv_size": [1, 1]},
								"south": {"uv": [5, 40], "uv_size": [1, 1]},
								"west": {"uv": [6, 40], "uv_size": [1, 1]},
								"up": {"uv": [7, 40], "uv_size": [1, 1]},
								"down": {"uv": [9, 41], "uv_size": [1, -1]}
							}
						}
					]
				},
				{
					"name": "LeftEyebrow",
					"parent": "Eyes",
					"pivot": [3.68025, 4.58381, -2.94668],
					"rotation": [0, 0, -5],
					"cubes": [
						{
							"origin": [1.31538, 4.38409, -3.56115],
							"size": [1.76235, 1.06852, 1.32602],
							"pivot": [2.19655, 4.91835, -2.87239],
							"rotation": [0, 0, -10],
							"uv": {
								"north": {"uv": [30, 39], "uv_size": [2, 1]},
								"east": {"uv": [41, 17], "uv_size": [1, 1]},
								"south": {"uv": [39, 30], "uv_size": [2, 1]},
								"west": {"uv": [18, 41], "uv_size": [1, 1]},
								"up": {"uv": [39, 31], "uv_size": [2, 1]},
								"down": {"uv": [32, 40], "uv_size": [2, -1]}
							}
						},
						{
							"origin": [2.8654, 4.38409, -3.5354],
							"size": [1.76235, 1.06852, 1.32602],
							"pivot": [3.74658, 4.91835, -2.87239],
							"rotation": [0, 0, 10],
							"uv": {
								"north": {"uv": [39, 15], "uv_size": [2, 1]},
								"east": {"uv": [41, 16], "uv_size": [1, 1]},
								"south": {"uv": [21, 39], "uv_size": [2, 1]},
								"west": {"uv": [17, 41], "uv_size": [1, 1]},
								"up": {"uv": [26, 39], "uv_size": [2, 1]},
								"down": {"uv": [28, 40], "uv_size": [2, -1]}
							}
						},
						{
							"origin": [2.10154, 4.72839, -3.45815],
							"size": [1.76235, 0.96552, 1.32602],
							"pivot": [3.03422, 5.31415, -2.89814],
							"rotation": [0, 0, 23.5],
							"uv": {
								"north": {"uv": [39, 5], "uv_size": [2, 1]},
								"east": {"uv": [25, 40], "uv_size": [1, 1]},
								"south": {"uv": [39, 6], "uv_size": [2, 1]},
								"west": {"uv": [26, 40], "uv_size": [1, 1]},
								"up": {"uv": [39, 7], "uv_size": [2, 1]},
								"down": {"uv": [39, 11], "uv_size": [2, -1]}
							}
						},
						{
							"origin": [4.18531, 3.07187, -3.49587],
							"size": [0.7725, 0.84975, 0.84975],
							"pivot": [4.62306, 3.39375, -3.09675],
							"rotation": [0, 0, 12.5],
							"uv": {
								"north": {"uv": [40, 21], "uv_size": [1, 1]},
								"east": {"uv": [22, 40], "uv_size": [1, 1]},
								"south": {"uv": [40, 22], "uv_size": [1, 1]},
								"west": {"uv": [23, 40], "uv_size": [1, 1]},
								"up": {"uv": [40, 23], "uv_size": [1, 1]},
								"down": {"uv": [24, 41], "uv_size": [1, -1]}
							}
						},
						{
							"origin": [4.326, 3.81273, -3.52162],
							"size": [1.1845, 1.0815, 0.84975],
							"pivot": [4.7895, 4.35348, -3.09675],
							"rotation": [0, 0, 7.5],
							"uv": {
								"north": {"uv": [40, 16], "uv_size": [1, 1]},
								"east": {"uv": [40, 17], "uv_size": [1, 1]},
								"south": {"uv": [40, 18], "uv_size": [1, 1]},
								"west": {"uv": [40, 19], "uv_size": [1, 1]},
								"up": {"uv": [40, 20], "uv_size": [1, 1]},
								"down": {"uv": [21, 41], "uv_size": [1, -1]}
							}
						}
					]
				},
				{
					"name": "RightEyebrow",
					"parent": "Eyes",
					"pivot": [-3.67615, 4.57437, -2.94668],
					"rotation": [0, 0, 5],
					"cubes": [
						{
							"origin": [-4.95781, 3.07187, -3.49587],
							"size": [0.7725, 0.84975, 0.84975],
							"pivot": [-4.62306, 3.39375, -3.09675],
							"rotation": [0, 0, -12.5],
							"uv": {
								"north": {"uv": [41, 7], "uv_size": [1, 1]},
								"east": {"uv": [8, 41], "uv_size": [1, 1]},
								"south": {"uv": [41, 8], "uv_size": [1, 1]},
								"west": {"uv": [9, 41], "uv_size": [1, 1]},
								"up": {"uv": [41, 9], "uv_size": [1, 1]},
								"down": {"uv": [10, 42], "uv_size": [1, -1]}
							}
						},
						{
							"origin": [-5.5105, 3.81273, -3.52162],
							"size": [1.1845, 1.0815, 0.84975],
							"pivot": [-4.7895, 4.35348, -3.09675],
							"rotation": [0, 0, -7.5],
							"uv": {
								"north": {"uv": [41, 4], "uv_size": [1, 1]},
								"east": {"uv": [5, 41], "uv_size": [1, 1]},
								"south": {"uv": [41, 5], "uv_size": [1, 1]},
								"west": {"uv": [6, 41], "uv_size": [1, 1]},
								"up": {"uv": [41, 6], "uv_size": [1, 1]},
								"down": {"uv": [7, 42], "uv_size": [1, -1]}
							}
						},
						{
							"origin": [-3.86389, 4.62539, -3.45815],
							"size": [1.76235, 1.06852, 1.32602],
							"pivot": [-3.03422, 5.31415, -2.89814],
							"rotation": [0, 0, -23.5],
							"uv": {
								"north": {"uv": [39, 11], "uv_size": [2, 1]},
								"east": {"uv": [27, 40], "uv_size": [1, 1]},
								"south": {"uv": [39, 12], "uv_size": [2, 1]},
								"west": {"uv": [28, 40], "uv_size": [1, 1]},
								"up": {"uv": [39, 13], "uv_size": [2, 1]},
								"down": {"uv": [39, 15], "uv_size": [2, -1]}
							}
						},
						{
							"origin": [-4.62775, 4.38409, -3.5354],
							"size": [1.76235, 1.06852, 1.32602],
							"pivot": [-3.74658, 4.91835, -2.87239],
							"rotation": [0, 0, -10],
							"uv": {
								"north": {"uv": [39, 35], "uv_size": [2, 1]},
								"east": {"uv": [41, 19], "uv_size": [1, 1]},
								"south": {"uv": [36, 39], "uv_size": [2, 1]},
								"west": {"uv": [20, 41], "uv_size": [1, 1]},
								"up": {"uv": [39, 36], "uv_size": [2, 1]},
								"down": {"uv": [38, 40], "uv_size": [2, -1]}
							}
						},
						{
							"origin": [-3.07772, 4.38409, -3.56115],
							"size": [1.76235, 1.06852, 1.32602],
							"pivot": [-2.19655, 4.91835, -2.87239],
							"rotation": [0, 0, 10],
							"uv": {
								"north": {"uv": [39, 32], "uv_size": [2, 1]},
								"east": {"uv": [41, 18], "uv_size": [1, 1]},
								"south": {"uv": [39, 33], "uv_size": [2, 1]},
								"west": {"uv": [19, 41], "uv_size": [1, 1]},
								"up": {"uv": [34, 39], "uv_size": [2, 1]},
								"down": {"uv": [39, 35], "uv_size": [2, -1]}
							}
						}
					]
				}
			]
		}
	]
}