{
	"format_version": "1.12.0",
	"minecraft:geometry": [
		{
			"description": {
				"identifier": "geometry.default",
				"texture_width": 64,
				"texture_height": 64,
				"visible_bounds_width": 5,
				"visible_bounds_height": 4.5,
				"visible_bounds_offset": [0, 1.75, 0]
			},
			"bones": [
				{
					"name": "Root",
					"pivot": [0, -1.95, 0],
					"cubes": [
						{
							"origin": [-8, 0.05, -4],
							"size": [16, 19, 8],
							"uv": {
								"north": {"uv": [0, 0], "uv_size": [16, 19]},
								"east": {"uv": [0, 19], "uv_size": [8, 19]},
								"south": {"uv": [16, 0], "uv_size": [16, 19]},
								"west": {"uv": [8, 19], "uv_size": [8, 19]},
								"up": {"uv": [32, 0], "uv_size": [16, 8]},
								"down": {"uv": [32, 16], "uv_size": [16, -8]}
							}
						},
						{
							"origin": [-7.8, 0.55, -3.5],
							"size": [3, 21, 3],
							"uv": {
								"north": {"uv": [16, 35], "uv_size": [3, 21]},
								"east": {"uv": [19, 35], "uv_size": [3, 21]},
								"south": {"uv": [22, 35], "uv_size": [3, 21]},
								"west": {"uv": [25, 35], "uv_size": [3, 21]},
								"up": {"uv": [28, 35], "uv_size": [3, 3]},
								"down": {"uv": [0, 41], "uv_size": [3, -3]}
							}
						},
						{
							"origin": [-4.7, 0.55, -3.5],
							"size": [3, 21, 3],
							"uv": {
								"north": {"uv": [16, 35], "uv_size": [3, 21]},
								"east": {"uv": [19, 35], "uv_size": [3, 21]},
								"south": {"uv": [22, 35], "uv_size": [3, 21]},
								"west": {"uv": [25, 35], "uv_size": [3, 21]},
								"up": {"uv": [28, 35], "uv_size": [3, 3]},
								"down": {"uv": [0, 41], "uv_size": [3, -3]}
							}
						},
						{
							"origin": [-1.5, 0.55, -3.5],
							"size": [3, 21, 3],
							"uv": {
								"north": {"uv": [16, 35], "uv_size": [3, 21]},
								"east": {"uv": [19, 35], "uv_size": [3, 21]},
								"south": {"uv": [22, 35], "uv_size": [3, 21]},
								"west": {"uv": [25, 35], "uv_size": [3, 21]},
								"up": {"uv": [28, 35], "uv_size": [3, 3]},
								"down": {"uv": [0, 41], "uv_size": [3, -3]}
							}
						},
						{
							"origin": [1.6, 0.55, -3.5],
							"size": [3, 21, 3],
							"uv": {
								"north": {"uv": [16, 35], "uv_size": [3, 21]},
								"east": {"uv": [19, 35], "uv_size": [3, 21]},
								"south": {"uv": [22, 35], "uv_size": [3, 21]},
								"west": {"uv": [25, 35], "uv_size": [3, 21]},
								"up": {"uv": [28, 35], "uv_size": [3, 3]},
								"down": {"uv": [0, 41], "uv_size": [3, -3]}
							}
						},
						{
							"origin": [4.8, 0.55, -3.5],
							"size": [3, 21, 3],
							"uv": {
								"north": {"uv": [16, 35], "uv_size": [3, 21]},
								"east": {"uv": [19, 35], "uv_size": [3, 21]},
								"south": {"uv": [22, 35], "uv_size": [3, 21]},
								"west": {"uv": [25, 35], "uv_size": [3, 21]},
								"up": {"uv": [28, 35], "uv_size": [3, 3]},
								"down": {"uv": [0, 41], "uv_size": [3, -3]}
							}
						},
						{
							"origin": [-4.7, 0.55, -0.1],
							"size": [3, 21, 3],
							"uv": {
								"north": {"uv": [16, 35], "uv_size": [3, 21]},
								"east": {"uv": [19, 35], "uv_size": [3, 21]},
								"south": {"uv": [22, 35], "uv_size": [3, 21]},
								"west": {"uv": [25, 35], "uv_size": [3, 21]},
								"up": {"uv": [28, 35], "uv_size": [3, 3]},
								"down": {"uv": [0, 41], "uv_size": [3, -3]}
							}
						},
						{
							"origin": [-7.7, 0.55, -0.1],
							"size": [3, 21, 3],
							"uv": {
								"north": {"uv": [16, 35], "uv_size": [3, 21]},
								"east": {"uv": [19, 35], "uv_size": [3, 21]},
								"south": {"uv": [22, 35], "uv_size": [3, 21]},
								"west": {"uv": [25, 35], "uv_size": [3, 21]},
								"up": {"uv": [28, 35], "uv_size": [3, 3]},
								"down": {"uv": [0, 41], "uv_size": [3, -3]}
							}
						},
						{
							"origin": [-1.5, 0.55, -0.1],
							"size": [3, 21, 3],
							"uv": {
								"north": {"uv": [16, 35], "uv_size": [3, 21]},
								"east": {"uv": [19, 35], "uv_size": [3, 21]},
								"south": {"uv": [22, 35], "uv_size": [3, 21]},
								"west": {"uv": [25, 35], "uv_size": [3, 21]},
								"up": {"uv": [28, 35], "uv_size": [3, 3]},
								"down": {"uv": [0, 41], "uv_size": [3, -3]}
							}
						},
						{
							"origin": [1.6, 0.55, -0.1],
							"size": [3, 21, 3],
							"uv": {
								"north": {"uv": [16, 35], "uv_size": [3, 21]},
								"east": {"uv": [19, 35], "uv_size": [3, 21]},
								"south": {"uv": [22, 35], "uv_size": [3, 21]},
								"west": {"uv": [25, 35], "uv_size": [3, 21]},
								"up": {"uv": [28, 35], "uv_size": [3, 3]},
								"down": {"uv": [0, 41], "uv_size": [3, -3]}
							}
						},
						{
							"origin": [4.8, 0.55, -0.1],
							"size": [3, 21, 3],
							"uv": {
								"north": {"uv": [16, 35], "uv_size": [3, 21]},
								"east": {"uv": [19, 35], "uv_size": [3, 21]},
								"south": {"uv": [22, 35], "uv_size": [3, 21]},
								"west": {"uv": [25, 35], "uv_size": [3, 21]},
								"up": {"uv": [28, 35], "uv_size": [3, 3]},
								"down": {"uv": [0, 41], "uv_size": [3, -3]}
							}
						}
					]
				},
				{
					"name": "bone",
					"parent": "Root",
					"pivot": [0, 19.15, 3.8],
					"cubes": [
						{
							"origin": [-8, 19.05, -4],
							"size": [16, 6, 8],
							"uv": {
								"north": {"uv": [32, 16], "uv_size": [16, 6]},
								"east": {"uv": [32, 28], "uv_size": [8, 6]},
								"south": {"uv": [32, 22], "uv_size": [16, 6]},
								"west": {"uv": [32, 34], "uv_size": [8, 6]},
								"up": {"uv": [16, 19], "uv_size": [16, 8]},
								"down": {"uv": [16, 35], "uv_size": [16, -8]}
							}
						}
					]
				}
			]
		}
	]
}