{
	"pack_name": "{pack.hina_suzuki.name}",
	"author": ["光影", "黄金哥布林"],
	"description": ["{pack.hina_suzuki.desc}"],
	"version": "2.2.0",
	"date": "2019-01-05",
	"icon": "hina_suzuki:textures/hina_xs.png",
	"model_list": [
		{
			"model_id": "hina_suzuki:hina_suzuki",
			"description": ["{model.hina_suzuki.hina_suzuki.desc}"],
			"animation": ["touhou_little_maid:animation/maid/default/head/default.js", "touhou_little_maid:animation/maid/default/head/beg.js", "touhou_little_maid:animation/maid/default/head/music_shake.js", "touhou_little_maid:animation/maid/default/arm/default.js", "touhou_little_maid:animation/maid/default/arm/swing.js", "touhou_little_maid:animation/maid/default/leg/default.js", "touhou_little_maid:animation/maid/default/sit/default.js", "touhou_little_maid:animation/maid/default/head/blink.js", "touhou_little_maid:animation/maid/default/armor/default.js"]
		},
		{
			"model_id": "hina_suzuki:hina_suzuki_b",
			"description": ["{model.hina_suzuki.hina_suzuki_b.desc}"],
			"animation": ["touhou_little_maid:animation/maid/default/head/default.js", "touhou_little_maid:animation/maid/default/head/beg.js", "touhou_little_maid:animation/maid/default/head/music_shake.js", "touhou_little_maid:animation/maid/default/arm/default.js", "touhou_little_maid:animation/maid/default/arm/swing.js", "touhou_little_maid:animation/maid/default/leg/default.js", "touhou_little_maid:animation/maid/default/sit/default.js", "touhou_little_maid:animation/maid/default/head/blink.js", "touhou_little_maid:animation/maid/default/armor/default.js"]
		},
		{
			"model_id": "hina_suzuki:hina_suzuki_h",
			"description": ["{model.hina_suzuki.hina_suzuki_h.desc}"],
			"animation": ["touhou_little_maid:animation/maid/default/head/default.js", "touhou_little_maid:animation/maid/default/head/beg.js", "touhou_little_maid:animation/maid/default/head/music_shake.js", "touhou_little_maid:animation/maid/default/arm/default.js", "touhou_little_maid:animation/maid/default/arm/swing.js", "touhou_little_maid:animation/maid/default/leg/default.js", "touhou_little_maid:animation/maid/default/sit/default.js", "touhou_little_maid:animation/maid/default/head/blink.js"]
		},
		{
			"model_id": "hina_suzuki:hina_suzuki_r",
			"description": ["{model.hina_suzuki.hina_suzuki_r.desc}"],
			"animation": ["touhou_little_maid:animation/maid/default/head/default.js", "touhou_little_maid:animation/maid/default/head/beg.js", "touhou_little_maid:animation/maid/default/head/music_shake.js", "touhou_little_maid:animation/maid/default/arm/default.js", "touhou_little_maid:animation/maid/default/arm/swing.js", "touhou_little_maid:animation/maid/default/leg/default.js", "touhou_little_maid:animation/maid/default/sit/default.js", "touhou_little_maid:animation/maid/default/head/blink.js"]
		},
		{
			"model_id": "hina_suzuki:hina_suzuki_2nd",
			"description": ["{model.hina_suzuki.hina_suzuki_2nd.desc}"],
			"animation": ["touhou_little_maid:animation/maid/default/head/default.js", "touhou_little_maid:animation/maid/default/head/beg.js", "touhou_little_maid:animation/maid/default/head/music_shake.js", "touhou_little_maid:animation/maid/default/arm/default.js", "touhou_little_maid:animation/maid/default/arm/swing.js", "touhou_little_maid:animation/maid/default/leg/default.js", "touhou_little_maid:animation/maid/default/sit/default.js", "touhou_little_maid:animation/maid/default/head/blink.js", "touhou_little_maid:animation/maid/default/armor/default.js"]
		},
		{
			"model_id": "hina_suzuki:hina_suzuki_h_3d",
			"description": ["{model.hina_suzuki.hina_suzuki_h_3d.desc}"],
			"animation": ["touhou_little_maid:animation/maid/default/head/default.js", "touhou_little_maid:animation/maid/default/head/beg.js", "touhou_little_maid:animation/maid/default/head/music_shake.js", "touhou_little_maid:animation/maid/default/arm/default.js", "touhou_little_maid:animation/maid/default/arm/swing.js", "touhou_little_maid:animation/maid/default/leg/default.js", "touhou_little_maid:animation/maid/default/sit/default.js", "touhou_little_maid:animation/maid/default/head/blink.js"]
		},
		{
			"model_id": "hina_suzuki:hina_suzuki_mv",
			"description": ["{model.hina_suzuki.hina_suzuki_mv.desc}"],
			"animation": ["touhou_little_maid:animation/maid/default/head/default.js", "touhou_little_maid:animation/maid/default/head/beg.js", "touhou_little_maid:animation/maid/default/head/music_shake.js", "touhou_little_maid:animation/maid/default/arm/default.js", "touhou_little_maid:animation/maid/default/arm/swing.js", "touhou_little_maid:animation/maid/default/leg/default.js", "touhou_little_maid:animation/maid/default/sit/default.js", "touhou_little_maid:animation/maid/default/head/blink.js"]
		},
		{
			"model_id": "hina_suzuki:hina_suzuki_hina",
			"description": ["{model.hina_suzuki.hina_suzuki_hina.desc}"],
			"animation": ["touhou_little_maid:animation/maid/default/head/default.js", "touhou_little_maid:animation/maid/default/head/beg.js", "touhou_little_maid:animation/maid/default/head/music_shake.js", "touhou_little_maid:animation/maid/default/arm/default.js", "touhou_little_maid:animation/maid/default/arm/swing.js", "touhou_little_maid:animation/maid/default/leg/default.js", "touhou_little_maid:animation/maid/default/sit/default.js", "touhou_little_maid:animation/maid/default/head/blink.js"]
		},
		{
			"model_id": "hina_suzuki:hina_suzuki_3rd",
			"description": ["{model.hina_suzuki.hina_suzuki_3rd.desc}"],
			"animation": ["touhou_little_maid:animation/maid/default/head/default.js", "touhou_little_maid:animation/maid/default/head/beg.js", "touhou_little_maid:animation/maid/default/head/music_shake.js", "touhou_little_maid:animation/maid/default/arm/default.js", "touhou_little_maid:animation/maid/default/arm/swing.js", "touhou_little_maid:animation/maid/default/leg/default.js", "touhou_little_maid:animation/maid/default/sit/default.js", "touhou_little_maid:animation/maid/default/head/blink.js"]
		},
		{
			"model_id": "hina_suzuki:hina_suzuki_3rd_red",
			"description": ["{model.hina_suzuki.hina_suzuki_3rd_red.desc}"],
			"animation": ["touhou_little_maid:animation/maid/default/head/default.js", "touhou_little_maid:animation/maid/default/head/beg.js", "touhou_little_maid:animation/maid/default/head/music_shake.js", "touhou_little_maid:animation/maid/default/arm/default.js", "touhou_little_maid:animation/maid/default/arm/swing.js", "touhou_little_maid:animation/maid/default/leg/default.js", "touhou_little_maid:animation/maid/default/sit/default.js", "touhou_little_maid:animation/maid/default/head/blink.js"]
		},
		{
			"model_id": "hina_suzuki:hina_suzuki_3rd_white",
			"description": ["{model.hina_suzuki.hina_suzuki_3rd_white.desc}"],
			"animation": ["touhou_little_maid:animation/maid/default/head/default.js", "touhou_little_maid:animation/maid/default/head/beg.js", "touhou_little_maid:animation/maid/default/head/music_shake.js", "touhou_little_maid:animation/maid/default/arm/default.js", "touhou_little_maid:animation/maid/default/arm/swing.js", "touhou_little_maid:animation/maid/default/leg/default.js", "touhou_little_maid:animation/maid/default/sit/default.js", "touhou_little_maid:animation/maid/default/head/blink.js"]
		},
		{
			"model_id": "hina_suzuki:hina_suzuki_3time",
			"description": ["{model.hina_suzuki.hina_suzuki_3time.desc}"],
			"animation": ["touhou_little_maid:animation/maid/default/head/default.js", "touhou_little_maid:animation/maid/default/head/beg.js", "touhou_little_maid:animation/maid/default/head/music_shake.js", "touhou_little_maid:animation/maid/default/arm/default.js", "touhou_little_maid:animation/maid/default/arm/swing.js", "touhou_little_maid:animation/maid/default/leg/default.js", "touhou_little_maid:animation/maid/default/sit/default.js", "touhou_little_maid:animation/maid/default/head/blink.js", "touhou_little_maid:animation/maid/default/armor/default.js", "touhou_little_maid:animation/maid/default/armor/reverse.js"]
		}
	]
}