{
	"format_version": "1.10.0",
	"geometry.model": {
		"texturewidth": 128,
		"textureheight": 128,
		"visible_bounds_width": 4,
		"visible_bounds_height": 4,
		"visible_bounds_offset": [0, 1, 0],
		"bones": [
			{
				"name": "head",
				"pivot": [0, 18, 0],
				"cubes": [
					{"origin": [-4, 18, -4], "size": [8, 8, 8], "uv": [0, 16]},
					{"origin": [-4, 18, -4], "size": [8, 8, 8], "uv": [0, 0], "inflate": 0.1},
					{"origin": [-4, 24, -2], "size": [8, 2, 1.5], "uv": [24, 20], "inflate": 0.15}
				]
			},
			{
				"name": "bone99",
				"parent": "head",
				"pivot": [0, 0, 0],
				"rotation": [0, 0, 15],
				"cubes": [
					{"origin": [-13.33444, 23.11384, -2], "size": [3, 1, 2], "uv": [39, 35]}
				]
			},
			{
				"name": "bone98",
				"parent": "head",
				"pivot": [0, 0, 0],
				"rotation": [0, 0, -15],
				"cubes": [
					{"origin": [2.83152, 25.89053, -2], "size": [1, 3, 2], "uv": [24, 0]}
				]
			},
			{
				"name": "ahoge",
				"parent": "head",
				"pivot": [0, 26, 0],
				"cubes": [
					{"origin": [-3, 26, 0], "size": [6, 6, 0], "uv": [70, 51]}
				]
			},
			{
				"name": "blink",
				"parent": "head",
				"pivot": [0, 18, 0],
				"cubes": [
					{"origin": [-4, 18, -4.001], "size": [8, 8, 0], "uv": [70, 30]}
				]
			},
			{
				"name": "wj",
				"parent": "head",
				"pivot": [0, 15, 0],
				"cubes": [
					{"origin": [-4, 15.7, -4], "size": [8, 3, 8], "uv": [24, 24], "inflate": -0.2}
				]
			},
			{
				"name": "bone81",
				"parent": "wj",
				"pivot": [0, 12, 1],
				"rotation": [20, 10, -20],
				"cubes": [
					{"origin": [1, 4, 5], "size": [2, 11, 0], "uv": [22, 88]}
				]
			},
			{
				"name": "bone82",
				"parent": "wj",
				"pivot": [0, 12, 1],
				"rotation": [20, -10, 20],
				"cubes": [
					{"origin": [-3, 4, 5], "size": [2, 11, 0], "uv": [79, 87]}
				]
			},
			{
				"name": "armRight",
				"pivot": [-3, 17.5, 0],
				"rotation": [0, 0, 25],
				"cubes": [
					{"origin": [-5, 8.5, -1], "size": [2, 8, 2], "uv": [37, 74]},
					{"origin": [-5.5, 9.5, -1.5], "size": [3, 8, 3], "uv": [67, 69]}
				]
			},
			{
				"name": "armLeft",
				"pivot": [3, 17.5, 0],
				"rotation": [0, 0, -25],
				"cubes": [
					{"origin": [2.5, 9.5, -1.5], "size": [3, 8, 3], "uv": [30, 35]},
					{"origin": [3, 8.5, -1], "size": [2, 8, 2], "uv": [59, 72]}
				]
			},
			{
				"name": "body",
				"pivot": [0, 10.5, 0],
				"cubes": [
					{"origin": [-3, 8.999, -3], "size": [6, 9, 6], "uv": [50, 15]},
					{"origin": [-3, 8.999, -3], "size": [6, 9, 6], "uv": [0, 49], "inflate": 0.1},
					{"origin": [-3, 10.999, -3], "size": [6, 7, 6], "uv": [48, 0], "inflate": 0.13}
				]
			},
			{
				"name": "sittingRotationSkirt",
				"parent": "body",
				"pivot": [0, 10.5, 0]
			},
			{
				"name": "bone",
				"parent": "sittingRotationSkirt",
				"pivot": [0, 15.5, 0]
			},
			{
				"name": "bone2",
				"parent": "bone",
				"pivot": [0, 5, 0]
			},
			{
				"name": "bone3",
				"parent": "bone2",
				"pivot": [0, 5, 5.73769],
				"rotation": [31, 0, 0]
			},
			{
				"name": "bone4",
				"parent": "bone3",
				"pivot": [0, 5, 5.73769],
				"rotation": [0, -45, 0],
				"cubes": [
					{"origin": [-1, 5, 4.73769], "size": [2, 7, 2], "uv": [90, 39]}
				]
			},
			{
				"name": "bone5",
				"parent": "bone",
				"pivot": [0, 5, 0],
				"rotation": [0, -27.69231, 0]
			},
			{
				"name": "bone6",
				"parent": "bone5",
				"pivot": [0, 5, 5.73769],
				"rotation": [31, 0, 0]
			},
			{
				"name": "bone7",
				"parent": "bone6",
				"pivot": [0, 5, 5.73769],
				"rotation": [0, -45, 0],
				"cubes": [
					{"origin": [-1, 5, 4.73769], "size": [2, 7, 2], "uv": [0, 90]}
				]
			},
			{
				"name": "bone8",
				"parent": "bone",
				"pivot": [0, 5, 0],
				"rotation": [0, -55.38462, 0]
			},
			{
				"name": "bone9",
				"parent": "bone8",
				"pivot": [0, 5, 5.73769],
				"rotation": [31, 0, 0]
			},
			{
				"name": "bone10",
				"parent": "bone9",
				"pivot": [0, 5, 5.73769],
				"rotation": [0, -45, 0],
				"cubes": [
					{"origin": [-1, 5, 4.73769], "size": [2, 7, 2], "uv": [63, 89]}
				]
			},
			{
				"name": "bone11",
				"parent": "bone",
				"pivot": [0, 5, 0],
				"rotation": [0, -83.07692, 0]
			},
			{
				"name": "bone12",
				"parent": "bone11",
				"pivot": [0, 5, 5.73769],
				"rotation": [31, 0, 0]
			},
			{
				"name": "bone13",
				"parent": "bone12",
				"pivot": [0, 5, 5.73769],
				"rotation": [0, -45, 0],
				"cubes": [
					{"origin": [-1, 5, 4.73769], "size": [2, 7, 2], "uv": [49, 89]}
				]
			},
			{
				"name": "bone14",
				"parent": "bone",
				"pivot": [0, 5, 0],
				"rotation": [0, -110.76923, 0]
			},
			{
				"name": "bone15",
				"parent": "bone14",
				"pivot": [0, 5, 5.73769],
				"rotation": [31, 0, 0]
			},
			{
				"name": "bone16",
				"parent": "bone15",
				"pivot": [0, 5, 5.73769],
				"rotation": [0, -45, 0],
				"cubes": [
					{"origin": [-1, 5, 4.73769], "size": [2, 7, 2], "uv": [14, 88]}
				]
			},
			{
				"name": "bone17",
				"parent": "bone",
				"pivot": [0, 5, 0],
				"rotation": [0, -138.46154, 0]
			},
			{
				"name": "bone18",
				"parent": "bone17",
				"pivot": [0, 5, 5.73769],
				"rotation": [31, 0, 0]
			},
			{
				"name": "bone19",
				"parent": "bone18",
				"pivot": [0, 5, 5.73769],
				"rotation": [0, -45, 0],
				"cubes": [
					{"origin": [-1, 5, 4.73769], "size": [2, 7, 2], "uv": [88, 0]}
				]
			},
			{
				"name": "bone20",
				"parent": "bone",
				"pivot": [0, 5, 0],
				"rotation": [0, -166.15385, 0]
			},
			{
				"name": "bone21",
				"parent": "bone20",
				"pivot": [0, 5, 5.73769],
				"rotation": [31, 0, 0]
			},
			{
				"name": "bone22",
				"parent": "bone21",
				"pivot": [0, 5, 5.73769],
				"rotation": [0, -45, 0],
				"cubes": [
					{"origin": [-1, 5, 4.73769], "size": [2, 7, 2], "uv": [71, 87]}
				]
			},
			{
				"name": "bone23",
				"parent": "bone",
				"pivot": [0, 5, 0],
				"rotation": [0, -193.84615, 0]
			},
			{
				"name": "bone24",
				"parent": "bone23",
				"pivot": [0, 5, 5.73769],
				"rotation": [31, 0, 0]
			},
			{
				"name": "bone25",
				"parent": "bone24",
				"pivot": [0, 5, 5.73769],
				"rotation": [0, -45, 0],
				"cubes": [
					{"origin": [-1, 5, 4.73769], "size": [2, 7, 2], "uv": [87, 63]}
				]
			},
			{
				"name": "bone26",
				"parent": "bone",
				"pivot": [0, 5, 0],
				"rotation": [0, -221.53846, 0]
			},
			{
				"name": "bone27",
				"parent": "bone26",
				"pivot": [0, 5, 5.73769],
				"rotation": [31, 0, 0]
			},
			{
				"name": "bone28",
				"parent": "bone27",
				"pivot": [0, 5, 5.73769],
				"rotation": [0, -45, 0],
				"cubes": [
					{"origin": [-1, 5, 4.73769], "size": [2, 7, 2], "uv": [86, 30]}
				]
			},
			{
				"name": "bone29",
				"parent": "bone",
				"pivot": [0, 5, 0],
				"rotation": [0, -249.23077, 0]
			},
			{
				"name": "bone30",
				"parent": "bone29",
				"pivot": [0, 5, 5.73769],
				"rotation": [31, 0, 0]
			},
			{
				"name": "bone31",
				"parent": "bone30",
				"pivot": [0, 5, 5.73769],
				"rotation": [0, -45, 0],
				"cubes": [
					{"origin": [-1, 5, 4.73769], "size": [2, 7, 2], "uv": [83, 85]}
				]
			},
			{
				"name": "bone32",
				"parent": "bone",
				"pivot": [0, 5, 0],
				"rotation": [0, -276.92308, 0]
			},
			{
				"name": "bone33",
				"parent": "bone32",
				"pivot": [0, 5, 5.73769],
				"rotation": [31, 0, 0]
			},
			{
				"name": "bone34",
				"parent": "bone33",
				"pivot": [0, 5, 5.73769],
				"rotation": [0, -45, 0],
				"cubes": [
					{"origin": [-1, 5, 4.73769], "size": [2, 7, 2], "uv": [85, 74]}
				]
			},
			{
				"name": "bone35",
				"parent": "bone",
				"pivot": [0, 5, 0],
				"rotation": [0, -304.61538, 0]
			},
			{
				"name": "bone36",
				"parent": "bone35",
				"pivot": [0, 5, 5.73769],
				"rotation": [31, 0, 0]
			},
			{
				"name": "bone37",
				"parent": "bone36",
				"pivot": [0, 5, 5.73769],
				"rotation": [0, -45, 0],
				"cubes": [
					{"origin": [-1, 5, 4.73769], "size": [2, 7, 2], "uv": [34, 84]}
				]
			},
			{
				"name": "bone38",
				"parent": "bone",
				"pivot": [0, 5, 0],
				"rotation": [0, -332.30769, 0]
			},
			{
				"name": "bone39",
				"parent": "bone38",
				"pivot": [0, 5, 5.73769],
				"rotation": [31, 0, 0]
			},
			{
				"name": "bone40",
				"parent": "bone39",
				"pivot": [0, 5, 5.73769],
				"rotation": [0, -45, 0],
				"cubes": [
					{"origin": [-1, 5, 4.73769], "size": [2, 7, 2], "uv": [84, 21]}
				]
			},
			{
				"name": "bone41",
				"parent": "sittingRotationSkirt",
				"pivot": [0, 14.5, 0]
			},
			{
				"name": "bone42",
				"parent": "bone41",
				"pivot": [0, 4, 0]
			},
			{
				"name": "bone43",
				"parent": "bone42",
				"pivot": [0, 4, 5.73769],
				"rotation": [31, 0, 0]
			},
			{
				"name": "bone44",
				"parent": "bone43",
				"pivot": [0, 4, 5.73769],
				"rotation": [0, -45, 0],
				"cubes": [
					{"origin": [-1, 4, 4.73769], "size": [2, 7, 2], "uv": [84, 12]}
				]
			},
			{
				"name": "bone45",
				"parent": "bone41",
				"pivot": [0, 4, 0],
				"rotation": [0, -27.69231, 0]
			},
			{
				"name": "bone46",
				"parent": "bone45",
				"pivot": [0, 4, 5.73769],
				"rotation": [31, 0, 0]
			},
			{
				"name": "bone47",
				"parent": "bone46",
				"pivot": [0, 4, 5.73769],
				"rotation": [0, -45, 0],
				"cubes": [
					{"origin": [-1, 4, 4.73769], "size": [2, 7, 2], "uv": [57, 82]}
				]
			},
			{
				"name": "bone48",
				"parent": "bone41",
				"pivot": [0, 4, 0],
				"rotation": [0, -55.38462, 0]
			},
			{
				"name": "bone49",
				"parent": "bone48",
				"pivot": [0, 4, 5.73769],
				"rotation": [31, 0, 0]
			},
			{
				"name": "bone50",
				"parent": "bone49",
				"pivot": [0, 4, 5.73769],
				"rotation": [0, -45, 0],
				"cubes": [
					{"origin": [-1, 4, 4.73769], "size": [2, 7, 2], "uv": [82, 54]}
				]
			},
			{
				"name": "bone51",
				"parent": "bone41",
				"pivot": [0, 4, 0],
				"rotation": [0, -83.07692, 0]
			},
			{
				"name": "bone52",
				"parent": "bone51",
				"pivot": [0, 4, 5.73769],
				"rotation": [31, 0, 0]
			},
			{
				"name": "bone53",
				"parent": "bone52",
				"pivot": [0, 4, 5.73769],
				"rotation": [0, -45, 0],
				"cubes": [
					{"origin": [-1, 4, 4.73769], "size": [2, 7, 2], "uv": [82, 45]}
				]
			},
			{
				"name": "bone54",
				"parent": "bone41",
				"pivot": [0, 4, 0],
				"rotation": [0, -110.76923, 0]
			},
			{
				"name": "bone55",
				"parent": "bone54",
				"pivot": [0, 4, 5.73769],
				"rotation": [31, 0, 0]
			},
			{
				"name": "bone56",
				"parent": "bone55",
				"pivot": [0, 4, 5.73769],
				"rotation": [0, -45, 0],
				"cubes": [
					{"origin": [-1, 4, 4.73769], "size": [2, 7, 2], "uv": [43, 82]}
				]
			},
			{
				"name": "bone57",
				"parent": "bone41",
				"pivot": [0, 4, 0],
				"rotation": [0, -138.46154, 0]
			},
			{
				"name": "bone58",
				"parent": "bone57",
				"pivot": [0, 4, 5.73769],
				"rotation": [31, 0, 0]
			},
			{
				"name": "bone59",
				"parent": "bone58",
				"pivot": [0, 4, 5.73769],
				"rotation": [0, -45, 0],
				"cubes": [
					{"origin": [-1, 4, 4.73769], "size": [2, 7, 2], "uv": [26, 82]}
				]
			},
			{
				"name": "bone60",
				"parent": "bone41",
				"pivot": [0, 4, 0],
				"rotation": [0, -166.15385, 0]
			},
			{
				"name": "bone61",
				"parent": "bone60",
				"pivot": [0, 4, 5.73769],
				"rotation": [31, 0, 0]
			},
			{
				"name": "bone62",
				"parent": "bone61",
				"pivot": [0, 4, 5.73769],
				"rotation": [0, -45, 0],
				"cubes": [
					{"origin": [-1, 4, 4.73769], "size": [2, 7, 2], "uv": [8, 81]}
				]
			},
			{
				"name": "bone63",
				"parent": "bone41",
				"pivot": [0, 4, 0],
				"rotation": [0, -193.84615, 0]
			},
			{
				"name": "bone64",
				"parent": "bone63",
				"pivot": [0, 4, 5.73769],
				"rotation": [31, 0, 0]
			},
			{
				"name": "bone65",
				"parent": "bone64",
				"pivot": [0, 4, 5.73769],
				"rotation": [0, -45, 0],
				"cubes": [
					{"origin": [-1, 4, 4.73769], "size": [2, 7, 2], "uv": [0, 81]}
				]
			},
			{
				"name": "bone66",
				"parent": "bone41",
				"pivot": [0, 4, 0],
				"rotation": [0, -221.53846, 0]
			},
			{
				"name": "bone67",
				"parent": "bone66",
				"pivot": [0, 4, 5.73769],
				"rotation": [31, 0, 0]
			},
			{
				"name": "bone68",
				"parent": "bone67",
				"pivot": [0, 4, 5.73769],
				"rotation": [0, -45, 0],
				"cubes": [
					{"origin": [-1, 4, 4.73769], "size": [2, 7, 2], "uv": [65, 80]}
				]
			},
			{
				"name": "bone69",
				"parent": "bone41",
				"pivot": [0, 4, 0],
				"rotation": [0, -249.23077, 0]
			},
			{
				"name": "bone70",
				"parent": "bone69",
				"pivot": [0, 4, 5.73769],
				"rotation": [31, 0, 0]
			},
			{
				"name": "bone71",
				"parent": "bone70",
				"pivot": [0, 4, 5.73769],
				"rotation": [0, -45, 0],
				"cubes": [
					{"origin": [-1, 4, 4.73769], "size": [2, 7, 2], "uv": [80, 3]}
				]
			},
			{
				"name": "bone72",
				"parent": "bone41",
				"pivot": [0, 4, 0],
				"rotation": [0, -276.92308, 0]
			},
			{
				"name": "bone73",
				"parent": "bone72",
				"pivot": [0, 4, 5.73769],
				"rotation": [31, 0, 0]
			},
			{
				"name": "bone74",
				"parent": "bone73",
				"pivot": [0, 4, 5.73769],
				"rotation": [0, -45, 0],
				"cubes": [
					{"origin": [-1, 4, 4.73769], "size": [2, 7, 2], "uv": [79, 67]}
				]
			},
			{
				"name": "bone75",
				"parent": "bone41",
				"pivot": [0, 4, 0],
				"rotation": [0, -304.61538, 0]
			},
			{
				"name": "bone76",
				"parent": "bone75",
				"pivot": [0, 4, 5.73769],
				"rotation": [31, 0, 0]
			},
			{
				"name": "bone77",
				"parent": "bone76",
				"pivot": [0, 4, 5.73769],
				"rotation": [0, -45, 0],
				"cubes": [
					{"origin": [-1, 4, 4.73769], "size": [2, 7, 2], "uv": [18, 79]}
				]
			},
			{
				"name": "bone78",
				"parent": "bone41",
				"pivot": [0, 4, 0],
				"rotation": [0, -332.30769, 0]
			},
			{
				"name": "bone79",
				"parent": "bone78",
				"pivot": [0, 4, 5.73769],
				"rotation": [31, 0, 0]
			},
			{
				"name": "bone80",
				"parent": "bone79",
				"pivot": [0, 4, 5.73769],
				"rotation": [0, -45, 0],
				"cubes": [
					{"origin": [-1, 4, 4.73769], "size": [2, 7, 2], "uv": [77, 78]}
				]
			},
			{
				"name": "chestPlate",
				"parent": "body",
				"pivot": [0, 10.5, 0]
			},
			{
				"name": "sinFloat",
				"parent": "chestPlate",
				"pivot": [0, 15, 10],
				"rotation": [17.5, 90, 0],
				"cubes": [
					{"origin": [-3, 12, 12], "size": [6, 6, 6], "uv": [52, 51]},
					{"origin": [-4, 11, 13], "size": [8, 8, 4], "uv": [50, 35]},
					{"origin": [-2, 11, 11], "size": [4, 8, 8], "uv": [34, 41]},
					{"origin": [-4, 13, 11], "size": [8, 4, 8], "uv": [24, 8]},
					{"origin": [-2, 10, 13], "size": [4, 10, 4], "uv": [24, 57]},
					{"origin": [-2, 13, 10], "size": [4, 4, 10], "uv": [0, 32]},
					{"origin": [4, 13, 13], "size": [1, 4, 4], "uv": [10, 73]},
					{"origin": [-10, 14, 8], "size": [1, 2, 4], "uv": [88, 50]},
					{"origin": [-7, 14, 3], "size": [1, 1, 3], "uv": [46, 35]},
					{"origin": [-6, 14, 2], "size": [2, 1, 1], "uv": [48, 30]},
					{"origin": [-6, 14, 3], "size": [1, 1, 1], "uv": [18, 49]},
					{"origin": [-4, 14, 1], "size": [2, 1, 1], "uv": [42, 39]},
					{"origin": [-2, 14, 0], "size": [4, 1, 1], "uv": [18, 40]}
				]
			},
			{
				"name": "group1",
				"parent": "sinFloat",
				"pivot": [-1, -10, -19],
				"cubes": [
					{"origin": [-6, 13, 13], "size": [2, 4, 4], "uv": [72, 59]},
					{"origin": [-6, 14, 12], "size": [2, 2, 6], "uv": [24, 0]},
					{"origin": [-6, 12, 14], "size": [2, 6, 2], "uv": [0, 0]}
				]
			},
			{
				"name": "group3",
				"parent": "sinFloat",
				"pivot": [-1, -10, -19],
				"cubes": [
					{"origin": [-7, 13, 12], "size": [1, 4, 4], "uv": [0, 73]},
					{"origin": [-7, 14, 11], "size": [1, 2, 6], "uv": [16, 65]},
					{"origin": [-7, 12, 13], "size": [1, 6, 2], "uv": [0, 16]}
				]
			},
			{
				"name": "group2",
				"parent": "sinFloat",
				"pivot": [-1, -10, -19],
				"cubes": [
					{"origin": [-8, 14, 4], "size": [1, 2, 12], "uv": [16, 35]},
					{"origin": [-8, 13, 11], "size": [1, 4, 4], "uv": [18, 32]}
				]
			},
			{
				"name": "group4",
				"parent": "sinFloat",
				"pivot": [-1, -10, -19],
				"cubes": [
					{"origin": [-9, 14, 6], "size": [1, 2, 8], "uv": [40, 57]},
					{"origin": [-9, 13, 8], "size": [1, 4, 5], "uv": [69, 42]}
				]
			},
			{
				"name": "dxrhd",
				"parent": "sinFloat",
				"pivot": [0, 15, 10],
				"rotation": [-17.5, 0, 0]
			},
			{
				"name": "bone83",
				"parent": "dxrhd",
				"pivot": [0, 15, 10],
				"cubes": [
					{"origin": [10, 14, -4], "size": [4, 5, 4], "uv": [0, 64]},
					{"origin": [10, 14, -4], "size": [4, 5, 4], "uv": [54, 63], "inflate": -0.2},
					{"origin": [10, 13, -4], "size": [4, 1, 4], "uv": [68, 11], "inflate": 0.1},
					{"origin": [10, 10, -4], "size": [4, 3, 4], "uv": [36, 67], "inflate": 0.2},
					{"origin": [10, 19, -4], "size": [4, 1, 4], "uv": [68, 16], "inflate": 0.1},
					{"origin": [11.5, 20, -4], "size": [1, 5, 4], "uv": [0, 32]},
					{"origin": [10, 20, -4], "size": [4, 1, 4], "uv": [34, 0]},
					{"origin": [10, 20.8, -4], "size": [4, 1, 4], "uv": [66, 0], "inflate": -0.1},
					{"origin": [10, 21.3, -4], "size": [4, 1, 4], "uv": [18, 49], "inflate": -0.2},
					{"origin": [11.5, 22, -2.5], "size": [1, 1, 1], "uv": [49, 4], "inflate": -0.12},
					{"origin": [11.5, 22.5, -2.5], "size": [1, 1, 1], "uv": [6, 46]}
				]
			},
			{
				"name": "yl",
				"parent": "sinFloat",
				"pivot": [0, 19, 10],
				"rotation": [10, 0, 0]
			},
			{
				"name": "bone84",
				"parent": "yl",
				"pivot": [0, 19, 10],
				"cubes": [
					{"origin": [18, 14, -1], "size": [2, 2, 2], "uv": [40, 61]}
				]
			},
			{
				"name": "bone97",
				"parent": "yl",
				"pivot": [0, 18, 10],
				"rotation": [0, 0, 2.5],
				"cubes": [
					{"origin": [18.2, 14, -1], "size": [2, 1.2, 2], "uv": [78, 0], "inflate": -0.1}
				]
			},
			{
				"name": "bone100",
				"parent": "yl",
				"pivot": [0, 18, 10],
				"rotation": [0, 0, 5],
				"cubes": [
					{"origin": [18.3, 14, -1], "size": [2, 1.2, 2], "uv": [16, 73], "inflate": -0.12}
				]
			},
			{
				"name": "bone101",
				"parent": "yl",
				"pivot": [0, 17, 10],
				"rotation": [0, 0, 12.5],
				"cubes": [
					{"origin": [18.3, 16, -1], "size": [2, 1.2, 2], "uv": [6, 73], "inflate": -0.2}
				]
			},
			{
				"name": "bone102",
				"parent": "yl",
				"pivot": [0, 17, 10],
				"rotation": [0, 0, 22.5],
				"cubes": [
					{"origin": [17.3, 19, -1], "size": [2, 1.2, 2], "uv": [72, 8], "inflate": -0.25},
					{"origin": [16.3, 19, -1], "size": [2, 1.2, 2], "uv": [72, 5], "inflate": -0.25}
				]
			},
			{
				"name": "jie",
				"parent": "yl",
				"pivot": [0, 19, 10],
				"cubes": [
					{"origin": [16, 12, -0.5], "size": [1, 3, 1], "uv": [6, 32], "inflate": -0.2}
				]
			},
			{
				"name": "bone104",
				"parent": "jie",
				"pivot": [0, 19, 10],
				"cubes": [
					{"origin": [15.5, 14, -1], "size": [2, 2, 2], "uv": [58, 47], "inflate": -0.23}
				]
			},
			{
				"name": "bone103",
				"parent": "jie",
				"pivot": [0, 19, 11],
				"rotation": [-17.5, 0, 0],
				"cubes": [
					{"origin": [16, 12, 0.5], "size": [1, 4, 1.5], "uv": [42, 91], "inflate": -0.23}
				]
			},
			{
				"name": "bone105",
				"parent": "jie",
				"pivot": [0, 20, 11],
				"rotation": [-30, 0, 0],
				"cubes": [
					{"origin": [16, 13, 2], "size": [1, 4, 1.5], "uv": [30, 91], "inflate": -0.23}
				]
			},
			{
				"name": "bone106",
				"parent": "jie",
				"pivot": [0, 23, 12],
				"rotation": [-40, 0, 0],
				"cubes": [
					{"origin": [16, 14, 5], "size": [1, 4, 1.5], "uv": [26, 91], "inflate": -0.23}
				]
			},
			{
				"name": "yl2",
				"parent": "sinFloat",
				"pivot": [0, 7, 29],
				"rotation": [-37.5, -5, 5]
			},
			{
				"name": "bone107",
				"parent": "yl2",
				"pivot": [0, 7, 29],
				"cubes": [
					{"origin": [18, 2, 18], "size": [2, 2, 2], "uv": [36, 57]}
				]
			},
			{
				"name": "bone108",
				"parent": "yl2",
				"pivot": [0, 6, 29],
				"rotation": [0, 0, 2.5],
				"cubes": [
					{"origin": [18.2, 2, 18], "size": [2, 1.2, 2], "uv": [12, 64], "inflate": -0.1}
				]
			},
			{
				"name": "bone109",
				"parent": "yl2",
				"pivot": [0, 6, 29],
				"rotation": [0, 0, 5],
				"cubes": [
					{"origin": [18.3, 2, 18], "size": [2, 1.2, 2], "uv": [24, 54], "inflate": -0.12}
				]
			},
			{
				"name": "bone110",
				"parent": "yl2",
				"pivot": [0, 5, 29],
				"rotation": [0, 0, 12.5],
				"cubes": [
					{"origin": [18.3, 4, 18], "size": [2, 1.2, 2], "uv": [8, 46], "inflate": -0.2}
				]
			},
			{
				"name": "bone111",
				"parent": "yl2",
				"pivot": [0, 5, 29],
				"rotation": [0, 0, 22.5],
				"cubes": [
					{"origin": [17.3, 7, 18], "size": [2, 1.2, 2], "uv": [0, 46], "inflate": -0.25},
					{"origin": [16.3, 7, 18], "size": [2, 1.2, 2], "uv": [40, 5], "inflate": -0.25}
				]
			},
			{
				"name": "jie2",
				"parent": "yl2",
				"pivot": [0, 7, 9],
				"cubes": [
					{"origin": [16, 0, 18.5], "size": [1, 3, 1], "uv": [0, 32], "inflate": -0.2}
				]
			},
			{
				"name": "bone112",
				"parent": "jie2",
				"pivot": [0, 7, 9],
				"cubes": [
					{"origin": [15.5, 2, 18], "size": [2, 2, 2], "uv": [46, 0], "inflate": -0.23}
				]
			},
			{
				"name": "bone113",
				"parent": "jie2",
				"pivot": [0, 7, 8],
				"rotation": [17.5, 0, 0],
				"cubes": [
					{"origin": [16, 0, 17], "size": [1, 4, 1.5], "uv": [86, 39], "inflate": -0.23}
				]
			},
			{
				"name": "bone114",
				"parent": "jie2",
				"pivot": [0, 8, 8],
				"rotation": [30, 0, 0],
				"cubes": [
					{"origin": [16, 1, 15.5], "size": [1, 4, 1.5], "uv": [73, 80], "inflate": -0.23}
				]
			},
			{
				"name": "bone115",
				"parent": "jie2",
				"pivot": [0, 11, 7],
				"rotation": [40, 0, 0],
				"cubes": [
					{"origin": [16, 2, 12.5], "size": [1, 4, 1.5], "uv": [66, 30], "inflate": -0.23}
				]
			},
			{
				"name": "dachi",
				"parent": "body",
				"pivot": [-10, 11, 5],
				"rotation": [0, 0, 95],
				"cubes": [
					{"origin": [-11.13397, 8.76795, 4], "size": [1, 3, 1], "uv": [34, 0]}
				]
			},
			{
				"name": "bone85",
				"parent": "dachi",
				"pivot": [-10, 11, 5],
				"rotation": [0, 0, 7],
				"cubes": [
					{"origin": [-10.85775, 8.80221, 4], "size": [1, 6, 1], "uv": [45, 74]}
				]
			},
			{
				"name": "bone86",
				"parent": "dachi",
				"pivot": [-10, 11, 5],
				"rotation": [0, 0, -5],
				"cubes": [
					{"origin": [-11.07034, 11.68955, 4], "size": [1, 3, 1], "uv": [18, 32]}
				]
			},
			{
				"name": "bone87",
				"parent": "dachi",
				"pivot": [-10, 11, 5],
				"rotation": [0, 0, -10],
				"cubes": [
					{"origin": [-10.75231, 14.59448, 4], "size": [2, 3, 1], "uv": [90, 56]}
				]
			},
			{
				"name": "bone88",
				"parent": "dachi",
				"pivot": [-10, 11, 5],
				"rotation": [0, 0, -15],
				"cubes": [
					{"origin": [-10.18231, 17.46065, 4], "size": [2, 3, 1], "uv": [8, 90]}
				]
			},
			{
				"name": "bone89",
				"parent": "dachi",
				"pivot": [-10, 11, 5],
				"rotation": [0, 0, -20],
				"cubes": [
					{"origin": [-9.36468, 20.26622, 4], "size": [2, 3, 1], "uv": [89, 83]}
				]
			},
			{
				"name": "bone90",
				"parent": "dachi",
				"pivot": [-10, 11, 5],
				"rotation": [0, 0, -25],
				"cubes": [
					{"origin": [-8.30564, 22.98986, 4], "size": [2, 3, 1], "uv": [51, 83]}
				]
			},
			{
				"name": "bone91",
				"parent": "dachi",
				"pivot": [-10, 11, 5],
				"rotation": [0, 0, -30],
				"cubes": [
					{"origin": [-7.01324, 25.61084, 4], "size": [2, 3, 1], "uv": [48, 67]}
				]
			},
			{
				"name": "bone92",
				"parent": "dachi",
				"pivot": [-10, 11, 5],
				"rotation": [0, 0, -35],
				"cubes": [
					{"origin": [-5.49733, 28.1092, 4], "size": [2, 3, 1], "uv": [16, 67]}
				]
			},
			{
				"name": "bone93",
				"parent": "dachi",
				"pivot": [-10, 11, 5],
				"rotation": [0, 0, -40],
				"cubes": [
					{"origin": [-3.76944, 30.46593, 4], "size": [2, 3, 1], "uv": [66, 63]},
					{"origin": [-4.26947, 33.46593, 3.5], "size": [3, 1, 2], "uv": [40, 21]},
					{"origin": [-3.26947, 34.46593, 4], "size": [1, 5, 1], "uv": [0, 49]}
				]
			},
			{
				"name": "bone94",
				"parent": "dachi",
				"pivot": [-10, 11, 5],
				"rotation": [0, 0, -97.5],
				"cubes": [
					{"origin": [17.31621, 12.22584, 4], "size": [0, 8, 1], "uv": [6, 15]}
				]
			},
			{
				"name": "bone95",
				"parent": "dachi",
				"pivot": [-16, 38, 5],
				"rotation": [0, 0, -20],
				"cubes": [
					{"origin": [-17, 38, 4], "size": [2, 0, 1], "uv": [23, 23]}
				]
			},
			{
				"name": "bone96",
				"parent": "dachi",
				"pivot": [-16, 37, 4],
				"rotation": [0, 0, 17.5],
				"cubes": [
					{"origin": [-17, 37.5, 4], "size": [2, 0, 1], "uv": [23, 5]}
				]
			},
			{
				"name": "legLeft",
				"pivot": [2, 9, 0],
				"cubes": [
					{"origin": [0.499, 0.1, -1.5], "size": [2.75, 8.9, 3], "uv": [49, 72]},
					{"origin": [0.499, 0.1, -1.5], "size": [2.75, 4, 3], "uv": [74, 21], "inflate": 0.1},
					{"origin": [0.499, 0.1, -1.5], "size": [2.75, 2, 3], "uv": [56, 30], "inflate": 0.2}
				]
			},
			{
				"name": "legRight",
				"pivot": [-2, 9, 0],
				"cubes": [
					{"origin": [-3.249, 0.2, -1.5], "size": [2.75, 8.8, 3], "uv": [27, 71]},
					{"origin": [-3.249, 0.2, -1.5], "size": [2.75, 4.5, 3], "uv": [76, 38], "inflate": 0.1},
					{"origin": [-3.249, 0.2, -1.5], "size": [2.75, 2, 3], "uv": [90, 9], "inflate": 0.2}
				]
			}
		]
	}
}