{
	"format_version": "1.10.0",
	"geometry.model": {
		"texturewidth": 64,
		"textureheight": 64,
		"visible_bounds_width": 3,
		"visible_bounds_height": 2.5,
		"visible_bounds_offset": [0, 0.75, 0],
		"bones": [
			{
				"name": "cube",
				"pivot": [0, 8, 0]
			},
			{
				"name": "_sittingHiddenSkirt",
				"parent": "cube",
				"pivot": [0, 0, 0],
				"cubes": [
					{"origin": [-7, 1, -7], "size": [14, 14, 14], "uv": [8, 36]}
				]
			},
			{
				"name": "sitShow",
				"parent": "_sittingHiddenSkirt",
				"pivot": [0, 8, -7]
			},
			{
				"name": "31",
				"parent": "sitShow",
				"pivot": [0, 0, 0],
				"cubes": [
					{"origin": [-2.5, 5.5, -7.5], "size": [5, 5, 1], "uv": [0, 0], "inflate": -0.35},
					{"origin": [-2.5, 5.5, 6.5], "size": [5, 5, 1], "uv": [0, 0], "inflate": -0.35}
				]
			},
			{
				"name": "32",
				"parent": "sitShow",
				"pivot": [0, 8, 0],
				"rotation": [0, -90, 0],
				"cubes": [
					{"origin": [-2.5, 5.5, -7.5], "size": [5, 5, 1], "uv": [0, 0], "inflate": -0.35},
					{"origin": [-2.5, 5.5, 6.5], "size": [5, 5, 1], "uv": [0, 0], "inflate": -0.35}
				]
			},
			{
				"name": "33",
				"parent": "sitShow",
				"pivot": [0, 8, 0],
				"rotation": [-90, 0, 0],
				"cubes": [
					{"origin": [-2.5, 5.5, -7.5], "size": [5, 5, 1], "uv": [0, 0], "inflate": -0.35},
					{"origin": [-2.5, 5.5, 6.5], "size": [5, 5, 1], "uv": [0, 0], "inflate": -0.35}
				]
			},
			{
				"name": "sittingHiddenSkirt",
				"parent": "cube",
				"pivot": [0, 0, 0],
				"cubes": [
					{"origin": [-7, 1, -7], "size": [14, 14, 14], "uv": [0, 0]}
				]
			},
			{
				"name": "sitHidden",
				"parent": "sittingHiddenSkirt",
				"pivot": [0, 8, -7]
			},
			{
				"name": "3",
				"parent": "sitHidden",
				"pivot": [0, 0, 0],
				"cubes": [
					{"origin": [-2.5, 5.5, -7.5], "size": [5, 5, 1], "uv": [0, 6], "inflate": -0.35},
					{"origin": [-2.5, 5.5, 6.5], "size": [5, 5, 1], "uv": [0, 6], "inflate": -0.35}
				]
			},
			{
				"name": "4",
				"parent": "sitHidden",
				"pivot": [0, 8, 0],
				"rotation": [0, -90, 0],
				"cubes": [
					{"origin": [-2.5, 5.5, -7.5], "size": [5, 5, 1], "uv": [0, 6], "inflate": -0.35},
					{"origin": [-2.5, 5.5, 6.5], "size": [5, 5, 1], "uv": [0, 6], "inflate": -0.35}
				]
			},
			{
				"name": "5",
				"parent": "sitHidden",
				"pivot": [0, 8, 0],
				"rotation": [-90, 0, 0],
				"cubes": [
					{"origin": [-2.5, 5.5, -7.5], "size": [5, 5, 1], "uv": [0, 6], "inflate": -0.35},
					{"origin": [-2.5, 5.5, 6.5], "size": [5, 5, 1], "uv": [0, 6], "inflate": -0.35}
				]
			},
			{
				"name": "1",
				"parent": "cube",
				"pivot": [0, 8, 0]
			},
			{
				"name": "11",
				"parent": "1",
				"pivot": [0, 8, 0],
				"rotation": [90, 0, 0],
				"cubes": [
					{"origin": [-7.5, 12.5, -2.5], "size": [3, 3, 5], "uv": [20, 28]}
				]
			},
			{
				"name": "111",
				"parent": "11",
				"pivot": [6, 14, 0],
				"rotation": [0, 0, 90],
				"cubes": [
					{"origin": [4.5, 12.5, -2.5], "size": [3, 3, 5], "uv": [20, 28]}
				]
			},
			{
				"name": "112",
				"parent": "11",
				"pivot": [6, 2, 0],
				"rotation": [0, 0, -180],
				"cubes": [
					{"origin": [4.5, 0.5, -2.5], "size": [3, 3, 5], "uv": [20, 28]}
				]
			},
			{
				"name": "113",
				"parent": "11",
				"pivot": [-6, 2, 0],
				"rotation": [0, 0, -90],
				"cubes": [
					{"origin": [-7.5, 0.5, -2.5], "size": [3, 3, 5], "uv": [20, 28]}
				]
			},
			{
				"name": "12",
				"parent": "1",
				"pivot": [0, 8, 0],
				"cubes": [
					{"origin": [-7.5, 12.5, -2.5], "size": [3, 3, 5], "uv": [20, 28]}
				]
			},
			{
				"name": "121",
				"parent": "12",
				"pivot": [6, 14, 0],
				"rotation": [0, 0, 90],
				"cubes": [
					{"origin": [4.5, 12.5, -2.5], "size": [3, 3, 5], "uv": [20, 28]}
				]
			},
			{
				"name": "122",
				"parent": "12",
				"pivot": [6, 2, 0],
				"rotation": [0, 0, -180],
				"cubes": [
					{"origin": [4.5, 0.5, -2.5], "size": [3, 3, 5], "uv": [20, 28]}
				]
			},
			{
				"name": "123",
				"parent": "12",
				"pivot": [-6, 2, 0],
				"rotation": [0, 0, -90],
				"cubes": [
					{"origin": [-7.5, 0.5, -2.5], "size": [3, 3, 5], "uv": [20, 28]}
				]
			},
			{
				"name": "13",
				"parent": "1",
				"pivot": [0, 8, 0],
				"rotation": [0, -90, 0],
				"cubes": [
					{"origin": [-7.5, 12.5, -2.5], "size": [3, 3, 5], "uv": [20, 28]}
				]
			},
			{
				"name": "131",
				"parent": "13",
				"pivot": [6, 14, 0],
				"rotation": [0, 0, 90],
				"cubes": [
					{"origin": [4.5, 12.5, -2.5], "size": [3, 3, 5], "uv": [20, 28]}
				]
			},
			{
				"name": "132",
				"parent": "13",
				"pivot": [6, 2, 0],
				"rotation": [0, 0, -180],
				"cubes": [
					{"origin": [4.5, 0.5, -2.5], "size": [3, 3, 5], "uv": [20, 28]}
				]
			},
			{
				"name": "133",
				"parent": "13",
				"pivot": [-6, 2, 0],
				"rotation": [0, 0, -90],
				"cubes": [
					{"origin": [-7.5, 0.5, -2.5], "size": [3, 3, 5], "uv": [20, 28]}
				]
			},
			{
				"name": "2",
				"parent": "cube",
				"pivot": [0, -1, 0]
			},
			{
				"name": "21",
				"parent": "2",
				"pivot": [0, -1, 0],
				"cubes": [
					{"origin": [-8, 11, -8], "size": [5, 5, 5], "uv": [0, 28]}
				]
			},
			{
				"name": "211",
				"parent": "21",
				"pivot": [5.5, 13.5, -5.5],
				"rotation": [0, 0, 90],
				"cubes": [
					{"origin": [3, 11, -8], "size": [5, 5, 5], "uv": [0, 28]}
				]
			},
			{
				"name": "212",
				"parent": "21",
				"pivot": [-5.5, 2.5, -5.5],
				"rotation": [0, 0, -90],
				"cubes": [
					{"origin": [-8, 0, -8], "size": [5, 5, 5], "uv": [0, 28]}
				]
			},
			{
				"name": "213",
				"parent": "21",
				"pivot": [5.5, 2.5, -5.5],
				"rotation": [0, 0, -180],
				"cubes": [
					{"origin": [3, 0, -8], "size": [5, 5, 5], "uv": [0, 28]}
				]
			},
			{
				"name": "22",
				"parent": "2",
				"pivot": [0, 8, 0],
				"rotation": [-180, 0, 180],
				"cubes": [
					{"origin": [-8, 11, -8], "size": [5, 5, 5], "uv": [0, 28]}
				]
			},
			{
				"name": "221",
				"parent": "22",
				"pivot": [5.5, 13.5, -5.5],
				"rotation": [0, 0, 90],
				"cubes": [
					{"origin": [3, 11, -8], "size": [5, 5, 5], "uv": [0, 28]}
				]
			},
			{
				"name": "222",
				"parent": "22",
				"pivot": [-5.5, 2.5, -5.5],
				"rotation": [0, 0, -90],
				"cubes": [
					{"origin": [-8, 0, -8], "size": [5, 5, 5], "uv": [0, 28]}
				]
			},
			{
				"name": "223",
				"parent": "22",
				"pivot": [5.5, 2.5, -5.5],
				"rotation": [0, 0, -180],
				"cubes": [
					{"origin": [3, 0, -8], "size": [5, 5, 5], "uv": [0, 28]}
				]
			}
		]
	}
}