{
	"format_version": "1.12.0",
	"minecraft:geometry": [
		{
			"description": {
				"identifier": "geometry.npc.alex",
				"texture_width": 128,
				"texture_height": 128,
				"visible_bounds_width": 14,
				"visible_bounds_height": 11,
				"visible_bounds_offset": [0, 3.5, 0]
			},
			"bones": [
				{
					"name": "Root",
					"pivot": [0, 0, 0]
				},
				{
					"name": "AllBody",
					"parent": "Root",
					"pivot": [0, 9, 0]
				},
				{
					"name": "UpBody",
					"parent": "AllBody",
					"pivot": [0, 9, 0],
					"cubes": [
						{
							"origin": [-3, 7, -2],
							"size": [6, 7, 4],
							"uv": {
								"north": {"uv": [21, 8], "uv_size": [6, 7]},
								"east": {"uv": [0, 30], "uv_size": [4, 7]},
								"south": {"uv": [13, 21], "uv_size": [6, 7]},
								"west": {"uv": [4, 31], "uv_size": [4, 7]},
								"up": {"uv": [32, 7], "uv_size": [6, 4]},
								"down": {"uv": [32, 15], "uv_size": [6, -4]}
							}
						},
						{
							"origin": [-0.5, 12.7, -2.25],
							"size": [1, 1, 0.25],
							"uv": {
								"north": {"uv": [6, 23], "uv_size": [1, 1]},
								"east": {"uv": [16, 34], "uv_size": [1, 1]},
								"south": {"uv": [38, 41], "uv_size": [1, 1]},
								"west": {"uv": [51, 41], "uv_size": [1, 1]},
								"up": {"uv": [53, 36], "uv_size": [1, 1]},
								"down": {"uv": [59, 30], "uv_size": [1, -1]}
							}
						},
						{
							"origin": [-0.7, 11, -2.15],
							"size": [0.4, 2, 0.25],
							"pivot": [-0.5, 12, -2.025],
							"rotation": [-1.95263, 0.4328, 12.49262],
							"uv": {
								"north": {"uv": [52, 9], "uv_size": [1, 2]},
								"east": {"uv": [53, 39], "uv_size": [1, 2]},
								"south": {"uv": [60, 39], "uv_size": [1, 2]},
								"west": {"uv": [45, 60], "uv_size": [1, 2]},
								"up": {"uv": [23, 63], "uv_size": [1, 1]},
								"down": {"uv": [63, 24], "uv_size": [1, -1]}
							}
						},
						{
							"origin": [0.3, 11, -2.15],
							"size": [0.4, 2, 0.25],
							"pivot": [0.5, 12, -2.025],
							"rotation": [-1.95263, -0.4328, -12.49262],
							"uv": {
								"north": {"uv": [46, 60], "uv_size": [1, 2]},
								"east": {"uv": [60, 46], "uv_size": [1, 2]},
								"south": {"uv": [60, 48], "uv_size": [1, 2]},
								"west": {"uv": [60, 50], "uv_size": [1, 2]},
								"up": {"uv": [24, 63], "uv_size": [1, 1]},
								"down": {"uv": [63, 25], "uv_size": [1, -1]}
							}
						},
						{
							"origin": [-1.2, 12.7, -2.25],
							"size": [1, 1, 0.25],
							"pivot": [-0.7, 13.2, -2.125],
							"rotation": [-7.10708, -7.05302, 45.43855],
							"uv": {
								"north": {"uv": [25, 63], "uv_size": [1, 1]},
								"east": {"uv": [63, 25], "uv_size": [1, 1]},
								"south": {"uv": [26, 63], "uv_size": [1, 1]},
								"west": {"uv": [63, 26], "uv_size": [1, 1]},
								"up": {"uv": [27, 63], "uv_size": [1, 1]},
								"down": {"uv": [63, 28], "uv_size": [1, -1]}
							}
						},
						{
							"origin": [0.2, 12.7, -2.25],
							"size": [1, 1, 0.25],
							"pivot": [0.7, 13.2, -2.125],
							"rotation": [-7.10708, 7.05302, -45.43855],
							"uv": {
								"north": {"uv": [28, 63], "uv_size": [1, 1]},
								"east": {"uv": [63, 28], "uv_size": [1, 1]},
								"south": {"uv": [29, 63], "uv_size": [1, 1]},
								"west": {"uv": [63, 29], "uv_size": [1, 1]},
								"up": {"uv": [30, 63], "uv_size": [1, 1]},
								"down": {"uv": [63, 31], "uv_size": [1, -1]}
							}
						},
						{
							"origin": [-1.5, 13.45, -1.525],
							"size": [3, 2, 3],
							"uv": {
								"north": {"uv": [31, 27], "uv_size": [3, 2]},
								"east": {"uv": [40, 47], "uv_size": [3, 2]},
								"south": {"uv": [43, 47], "uv_size": [3, 2]},
								"west": {"uv": [46, 47], "uv_size": [3, 2]},
								"up": {"uv": [27, 19], "uv_size": [3, 3]},
								"down": {"uv": [43, 41], "uv_size": [3, -3]}
							}
						},
						{
							"origin": [1, 5, -3],
							"size": [3, 5, 1],
							"pivot": [3.5, 7.5, -1],
							"rotation": [-20, 0, -18.5],
							"uv": {
								"north": {"uv": [32, 41], "uv_size": [3, 5]},
								"east": {"uv": [13, 16], "uv_size": [1, 5]},
								"south": {"uv": [35, 41], "uv_size": [3, 5]},
								"west": {"uv": [37, 53], "uv_size": [1, 5]},
								"up": {"uv": [58, 22], "uv_size": [3, 1]},
								"down": {"uv": [59, 15], "uv_size": [3, -1]}
							}
						},
						{
							"origin": [1, 5, 2],
							"size": [3, 5, 1],
							"pivot": [3.5, 7.5, 1],
							"rotation": [20, 0, -18.5],
							"uv": {
								"north": {"uv": [0, 42], "uv_size": [3, 5]},
								"east": {"uv": [19, 54], "uv_size": [1, 5]},
								"south": {"uv": [3, 42], "uv_size": [3, 5]},
								"west": {"uv": [28, 54], "uv_size": [1, 5]},
								"up": {"uv": [59, 15], "uv_size": [3, 1]},
								"down": {"uv": [59, 17], "uv_size": [3, -1]}
							}
						},
						{
							"origin": [-4, 5, -3],
							"size": [3, 5, 1],
							"pivot": [-3.5, 7.5, -1],
							"rotation": [-20, 0, 18.5],
							"uv": {
								"north": {"uv": [6, 42], "uv_size": [3, 5]},
								"east": {"uv": [29, 54], "uv_size": [1, 5]},
								"south": {"uv": [9, 42], "uv_size": [3, 5]},
								"west": {"uv": [30, 54], "uv_size": [1, 5]},
								"up": {"uv": [59, 17], "uv_size": [3, 1]},
								"down": {"uv": [59, 19], "uv_size": [3, -1]}
							}
						},
						{
							"origin": [-4, 5, 2],
							"size": [3, 5, 1],
							"pivot": [-3.5, 7.5, 1],
							"rotation": [20, 0, 18.5],
							"uv": {
								"north": {"uv": [42, 15], "uv_size": [3, 5]},
								"east": {"uv": [54, 36], "uv_size": [1, 5]},
								"south": {"uv": [42, 20], "uv_size": [3, 5]},
								"west": {"uv": [38, 54], "uv_size": [1, 5]},
								"up": {"uv": [59, 19], "uv_size": [3, 1]},
								"down": {"uv": [28, 60], "uv_size": [3, -1]}
							}
						}
					]
				},
				{
					"name": "hua",
					"parent": "UpBody",
					"pivot": [0, 13.2, -2.425],
					"cubes": [
						{
							"origin": [-0.5, 12.7, -2.55],
							"size": [1, 1, 0.25],
							"pivot": [0, 13.2, -2.425],
							"rotation": [0, 0, -20],
							"uv": {
								"north": {"uv": [31, 63], "uv_size": [1, 1]},
								"east": {"uv": [63, 31], "uv_size": [1, 1]},
								"south": {"uv": [32, 63], "uv_size": [1, 1]},
								"west": {"uv": [63, 32], "uv_size": [1, 1]},
								"up": {"uv": [33, 63], "uv_size": [1, 1]},
								"down": {"uv": [63, 34], "uv_size": [1, -1]}
							}
						},
						{
							"origin": [-0.5, 12.95, -2.65],
							"size": [1, 0.5, 0.35],
							"pivot": [0, 13.2, -2.425],
							"rotation": [0, 0, -20],
							"uv": {
								"north": {"uv": [34, 63], "uv_size": [1, 1]},
								"east": {"uv": [63, 34], "uv_size": [1, 1]},
								"south": {"uv": [35, 63], "uv_size": [1, 1]},
								"west": {"uv": [63, 35], "uv_size": [1, 1]},
								"up": {"uv": [36, 63], "uv_size": [1, 1]},
								"down": {"uv": [63, 37], "uv_size": [1, -1]}
							}
						},
						{
							"origin": [-0.25, 12.7, -2.65],
							"size": [0.5, 1, 0.35],
							"pivot": [0, 13.2, -2.425],
							"rotation": [0, 0, -20],
							"uv": {
								"north": {"uv": [37, 63], "uv_size": [1, 1]},
								"east": {"uv": [63, 37], "uv_size": [1, 1]},
								"south": {"uv": [38, 63], "uv_size": [1, 1]},
								"west": {"uv": [63, 38], "uv_size": [1, 1]},
								"up": {"uv": [39, 63], "uv_size": [1, 1]},
								"down": {"uv": [63, 40], "uv_size": [1, -1]}
							}
						},
						{
							"origin": [-0.25, 12.45, -2.55],
							"size": [0.5, 0.25, 0.25],
							"pivot": [0, 13.2, -2.425],
							"rotation": [0, 0, -20],
							"uv": {
								"north": {"uv": [40, 63], "uv_size": [1, 1]},
								"east": {"uv": [63, 40], "uv_size": [1, 1]},
								"south": {"uv": [41, 63], "uv_size": [1, 1]},
								"west": {"uv": [42, 63], "uv_size": [1, 1]},
								"up": {"uv": [43, 63], "uv_size": [1, 1]},
								"down": {"uv": [63, 44], "uv_size": [1, -1]}
							}
						},
						{
							"origin": [-0.25, 13.7, -2.55],
							"size": [0.5, 0.25, 0.25],
							"pivot": [0, 13.2, -2.425],
							"rotation": [0, 0, -20],
							"uv": {
								"north": {"uv": [44, 63], "uv_size": [1, 1]},
								"east": {"uv": [63, 44], "uv_size": [1, 1]},
								"south": {"uv": [63, 45], "uv_size": [1, 1]},
								"west": {"uv": [63, 46], "uv_size": [1, 1]},
								"up": {"uv": [47, 63], "uv_size": [1, 1]},
								"down": {"uv": [63, 48], "uv_size": [1, -1]}
							}
						},
						{
							"origin": [-0.75, 12.95, -2.55],
							"size": [0.25, 0.5, 0.25],
							"pivot": [0, 13.2, -2.425],
							"rotation": [0, 0, -20],
							"uv": {
								"north": {"uv": [48, 63], "uv_size": [1, 1]},
								"east": {"uv": [63, 48], "uv_size": [1, 1]},
								"south": {"uv": [63, 49], "uv_size": [1, 1]},
								"west": {"uv": [63, 50], "uv_size": [1, 1]},
								"up": {"uv": [63, 51], "uv_size": [1, 1]},
								"down": {"uv": [63, 53], "uv_size": [1, -1]}
							}
						},
						{
							"origin": [0.5, 12.95, -2.55],
							"size": [0.25, 0.5, 0.25],
							"pivot": [0, 13.2, -2.425],
							"rotation": [0, 0, -20],
							"uv": {
								"north": {"uv": [63, 53], "uv_size": [1, 1]},
								"east": {"uv": [63, 54], "uv_size": [1, 1]},
								"south": {"uv": [63, 55], "uv_size": [1, 1]},
								"west": {"uv": [63, 56], "uv_size": [1, 1]},
								"up": {"uv": [63, 57], "uv_size": [1, 1]},
								"down": {"uv": [63, 59], "uv_size": [1, -1]}
							}
						}
					]
				},
				{
					"name": "ysmGlowbing",
					"parent": "UpBody",
					"pivot": [7, 10.5, 6.5],
					"rotation": [-5, 0, 0],
					"cubes": [
						{
							"origin": [6, 11, 6],
							"size": [2, 1, 1],
							"pivot": [7, 10.5, 6.5],
							"rotation": [0, -32.5, 0],
							"uv": {
								"north": {"uv": [19, 21], "uv_size": [2, 1]},
								"east": {"uv": [59, 63], "uv_size": [1, 1]},
								"south": {"uv": [17, 28], "uv_size": [2, 1]},
								"west": {"uv": [63, 59], "uv_size": [1, 1]},
								"up": {"uv": [4, 30], "uv_size": [2, 1]},
								"down": {"uv": [60, 53], "uv_size": [2, -1]}
							}
						},
						{
							"origin": [6, 15, 6],
							"size": [2, 1, 1],
							"pivot": [7, 16.5, 6.5],
							"rotation": [0, -32.5, -40],
							"uv": {
								"north": {"uv": [60, 53], "uv_size": [2, 1]},
								"east": {"uv": [60, 63], "uv_size": [1, 1]},
								"south": {"uv": [60, 54], "uv_size": [2, 1]},
								"west": {"uv": [61, 63], "uv_size": [1, 1]},
								"up": {"uv": [60, 55], "uv_size": [2, 1]},
								"down": {"uv": [60, 57], "uv_size": [2, -1]}
							}
						},
						{
							"origin": [4, 16, 6],
							"size": [6, 1, 1],
							"pivot": [7, 16.5, 6.5],
							"rotation": [0, -32.5, -40],
							"uv": {
								"north": {"uv": [32, 18], "uv_size": [6, 1]},
								"east": {"uv": [63, 61], "uv_size": [1, 1]},
								"south": {"uv": [47, 30], "uv_size": [6, 1]},
								"west": {"uv": [62, 63], "uv_size": [1, 1]},
								"up": {"uv": [48, 0], "uv_size": [6, 1]},
								"down": {"uv": [48, 2], "uv_size": [6, -1]}
							}
						},
						{
							"origin": [6, 17, 6],
							"size": [2, 1, 1],
							"pivot": [7, 16.5, 6.5],
							"rotation": [0, -32.5, -40],
							"uv": {
								"north": {"uv": [57, 60], "uv_size": [2, 1]},
								"east": {"uv": [63, 62], "uv_size": [1, 1]},
								"south": {"uv": [60, 57], "uv_size": [2, 1]},
								"west": {"uv": [63, 63], "uv_size": [1, 1]},
								"up": {"uv": [60, 58], "uv_size": [2, 1]},
								"down": {"uv": [60, 60], "uv_size": [2, -1]}
							}
						},
						{
							"origin": [4, 10, 6],
							"size": [6, 1, 1],
							"pivot": [7, 10.5, 6.5],
							"rotation": [0, -32.5, 0],
							"uv": {
								"north": {"uv": [48, 2], "uv_size": [6, 1]},
								"east": {"uv": [0, 64], "uv_size": [1, 1]},
								"south": {"uv": [48, 3], "uv_size": [6, 1]},
								"west": {"uv": [1, 64], "uv_size": [1, 1]},
								"up": {"uv": [48, 4], "uv_size": [6, 1]},
								"down": {"uv": [48, 6], "uv_size": [6, -1]}
							}
						},
						{
							"origin": [6, 4, 6],
							"size": [2, 1, 1],
							"pivot": [7, 5.5, 6.5],
							"rotation": [0, -32.5, 47.5],
							"uv": {
								"north": {"uv": [60, 60], "uv_size": [2, 1]},
								"east": {"uv": [2, 64], "uv_size": [1, 1]},
								"south": {"uv": [0, 61], "uv_size": [2, 1]},
								"west": {"uv": [3, 64], "uv_size": [1, 1]},
								"up": {"uv": [61, 0], "uv_size": [2, 1]},
								"down": {"uv": [61, 2], "uv_size": [2, -1]}
							}
						},
						{
							"origin": [6, 6, 6],
							"size": [2, 1, 1],
							"pivot": [7, 5.5, 6.5],
							"rotation": [0, -32.5, 47.5],
							"uv": {
								"north": {"uv": [2, 61], "uv_size": [2, 1]},
								"east": {"uv": [4, 64], "uv_size": [1, 1]},
								"south": {"uv": [61, 2], "uv_size": [2, 1]},
								"west": {"uv": [5, 64], "uv_size": [1, 1]},
								"up": {"uv": [61, 3], "uv_size": [2, 1]},
								"down": {"uv": [4, 62], "uv_size": [2, -1]}
							}
						},
						{
							"origin": [4, 5, 6],
							"size": [6, 1, 1],
							"pivot": [7, 5.5, 6.5],
							"rotation": [0, -32.5, 47.5],
							"uv": {
								"north": {"uv": [48, 6], "uv_size": [6, 1]},
								"east": {"uv": [6, 64], "uv_size": [1, 1]},
								"south": {"uv": [48, 7], "uv_size": [6, 1]},
								"west": {"uv": [7, 64], "uv_size": [1, 1]},
								"up": {"uv": [48, 11], "uv_size": [6, 1]},
								"down": {"uv": [48, 13], "uv_size": [6, -1]}
							}
						},
						{
							"origin": [6, 9, 6],
							"size": [2, 1, 1],
							"pivot": [7, 10.5, 6.5],
							"rotation": [0, -32.5, 0],
							"uv": {
								"north": {"uv": [6, 61], "uv_size": [2, 1]},
								"east": {"uv": [64, 7], "uv_size": [1, 1]},
								"south": {"uv": [61, 6], "uv_size": [2, 1]},
								"west": {"uv": [64, 8], "uv_size": [1, 1]},
								"up": {"uv": [61, 7], "uv_size": [2, 1]},
								"down": {"uv": [8, 62], "uv_size": [2, -1]}
							}
						}
					]
				},
				{
					"name": "ysmGlowbing2",
					"parent": "ysmGlowbing",
					"pivot": [-7, 10.5, 6.5],
					"cubes": [
						{
							"origin": [-8, 11, 6],
							"size": [2, 1, 1],
							"pivot": [-7, 10.5, 6.5],
							"rotation": [0, 32.5, 0],
							"uv": {
								"north": {"uv": [61, 8], "uv_size": [2, 1]},
								"east": {"uv": [9, 64], "uv_size": [1, 1]},
								"south": {"uv": [61, 9], "uv_size": [2, 1]},
								"west": {"uv": [10, 64], "uv_size": [1, 1]},
								"up": {"uv": [10, 61], "uv_size": [2, 1]},
								"down": {"uv": [61, 11], "uv_size": [2, -1]}
							}
						},
						{
							"origin": [-8, 15, 6],
							"size": [2, 1, 1],
							"pivot": [-7, 16.5, 6.5],
							"rotation": [0, 32.5, 40],
							"uv": {
								"north": {"uv": [12, 61], "uv_size": [2, 1]},
								"east": {"uv": [64, 11], "uv_size": [1, 1]},
								"south": {"uv": [61, 12], "uv_size": [2, 1]},
								"west": {"uv": [13, 64], "uv_size": [1, 1]},
								"up": {"uv": [61, 13], "uv_size": [2, 1]},
								"down": {"uv": [14, 62], "uv_size": [2, -1]}
							}
						},
						{
							"origin": [-10, 16, 6],
							"size": [6, 1, 1],
							"pivot": [-7, 16.5, 6.5],
							"rotation": [0, 32.5, 40],
							"uv": {
								"north": {"uv": [48, 13], "uv_size": [6, 1]},
								"east": {"uv": [14, 64], "uv_size": [1, 1]},
								"south": {"uv": [48, 14], "uv_size": [6, 1]},
								"west": {"uv": [64, 14], "uv_size": [1, 1]},
								"up": {"uv": [48, 15], "uv_size": [6, 1]},
								"down": {"uv": [48, 17], "uv_size": [6, -1]}
							}
						},
						{
							"origin": [-8, 17, 6],
							"size": [2, 1, 1],
							"pivot": [-7, 16.5, 6.5],
							"rotation": [0, 32.5, 40],
							"uv": {
								"north": {"uv": [16, 61], "uv_size": [2, 1]},
								"east": {"uv": [15, 64], "uv_size": [1, 1]},
								"south": {"uv": [61, 22], "uv_size": [2, 1]},
								"west": {"uv": [64, 15], "uv_size": [1, 1]},
								"up": {"uv": [61, 23], "uv_size": [2, 1]},
								"down": {"uv": [61, 25], "uv_size": [2, -1]}
							}
						},
						{
							"origin": [-10, 10, 6],
							"size": [6, 1, 1],
							"pivot": [-7, 10.5, 6.5],
							"rotation": [0, 32.5, 0],
							"uv": {
								"north": {"uv": [48, 17], "uv_size": [6, 1]},
								"east": {"uv": [16, 64], "uv_size": [1, 1]},
								"south": {"uv": [48, 18], "uv_size": [6, 1]},
								"west": {"uv": [17, 64], "uv_size": [1, 1]},
								"up": {"uv": [48, 19], "uv_size": [6, 1]},
								"down": {"uv": [48, 21], "uv_size": [6, -1]}
							}
						},
						{
							"origin": [-8, 4, 6],
							"size": [2, 1, 1],
							"pivot": [-7, 5.5, 6.5],
							"rotation": [0, 32.5, -47.5],
							"uv": {
								"north": {"uv": [61, 25], "uv_size": [2, 1]},
								"east": {"uv": [18, 64], "uv_size": [1, 1]},
								"south": {"uv": [61, 26], "uv_size": [2, 1]},
								"west": {"uv": [64, 18], "uv_size": [1, 1]},
								"up": {"uv": [61, 27], "uv_size": [2, 1]},
								"down": {"uv": [61, 29], "uv_size": [2, -1]}
							}
						},
						{
							"origin": [-8, 6, 6],
							"size": [2, 1, 1],
							"pivot": [-7, 5.5, 6.5],
							"rotation": [0, 32.5, -47.5],
							"uv": {
								"north": {"uv": [61, 29], "uv_size": [2, 1]},
								"east": {"uv": [19, 64], "uv_size": [1, 1]},
								"south": {"uv": [61, 30], "uv_size": [2, 1]},
								"west": {"uv": [64, 19], "uv_size": [1, 1]},
								"up": {"uv": [61, 31], "uv_size": [2, 1]},
								"down": {"uv": [61, 33], "uv_size": [2, -1]}
							}
						},
						{
							"origin": [-10, 5, 6],
							"size": [6, 1, 1],
							"pivot": [-7, 5.5, 6.5],
							"rotation": [0, 32.5, -47.5],
							"uv": {
								"north": {"uv": [48, 21], "uv_size": [6, 1]},
								"east": {"uv": [20, 64], "uv_size": [1, 1]},
								"south": {"uv": [48, 22], "uv_size": [6, 1]},
								"west": {"uv": [21, 64], "uv_size": [1, 1]},
								"up": {"uv": [48, 23], "uv_size": [6, 1]},
								"down": {"uv": [48, 25], "uv_size": [6, -1]}
							}
						},
						{
							"origin": [-8, 9, 6],
							"size": [2, 1, 1],
							"pivot": [-7, 10.5, 6.5],
							"rotation": [0, 32.5, 0],
							"uv": {
								"north": {"uv": [61, 33], "uv_size": [2, 1]},
								"east": {"uv": [64, 21], "uv_size": [1, 1]},
								"south": {"uv": [61, 34], "uv_size": [2, 1]},
								"west": {"uv": [64, 22], "uv_size": [1, 1]},
								"up": {"uv": [61, 35], "uv_size": [2, 1]},
								"down": {"uv": [61, 37], "uv_size": [2, -1]}
							}
						}
					]
				},
				{
					"name": "qunzi",
					"parent": "UpBody",
					"pivot": [3.5, 7.5, 1],
					"cubes": [
						{
							"origin": [3, 5, -3],
							"size": [1, 5, 4],
							"pivot": [3.5, 7.5, -1],
							"rotation": [-20, 0, -18.5],
							"uv": {
								"north": {"uv": [39, 54], "uv_size": [1, 5]},
								"east": {"uv": [22, 34], "uv_size": [4, 5]},
								"south": {"uv": [47, 54], "uv_size": [1, 5]},
								"west": {"uv": [26, 34], "uv_size": [4, 5]},
								"up": {"uv": [12, 24], "uv_size": [1, 4]},
								"down": {"uv": [48, 47], "uv_size": [1, -4]}
							}
						},
						{
							"origin": [-2.5, 4.15, -3.2],
							"size": [5, 5.75, 1],
							"pivot": [-1, 7.4, -1.2],
							"rotation": [-25, 0, 0],
							"uv": {
								"north": {"uv": [27, 7], "uv_size": [5, 6]},
								"east": {"uv": [18, 48], "uv_size": [1, 6]},
								"south": {"uv": [27, 13], "uv_size": [5, 6]},
								"west": {"uv": [19, 48], "uv_size": [1, 6]},
								"up": {"uv": [54, 6], "uv_size": [5, 1]},
								"down": {"uv": [54, 8], "uv_size": [5, -1]}
							}
						},
						{
							"origin": [-4, 5, -3],
							"size": [1, 5, 4],
							"pivot": [-3.5, 7.5, -1],
							"rotation": [-20, 0, 18.5],
							"uv": {
								"north": {"uv": [48, 54], "uv_size": [1, 5]},
								"east": {"uv": [34, 27], "uv_size": [4, 5]},
								"south": {"uv": [49, 54], "uv_size": [1, 5]},
								"west": {"uv": [30, 34], "uv_size": [4, 5]},
								"up": {"uv": [53, 55], "uv_size": [1, 4]},
								"down": {"uv": [54, 59], "uv_size": [1, -4]}
							}
						},
						{
							"origin": [-4, 5, -1],
							"size": [1, 5, 4],
							"pivot": [-3.5, 7.5, 1],
							"rotation": [20, 0, 18.5],
							"uv": {
								"north": {"uv": [50, 54], "uv_size": [1, 5]},
								"east": {"uv": [34, 32], "uv_size": [4, 5]},
								"south": {"uv": [51, 54], "uv_size": [1, 5]},
								"west": {"uv": [16, 35], "uv_size": [4, 5]},
								"up": {"uv": [55, 55], "uv_size": [1, 4]},
								"down": {"uv": [56, 4], "uv_size": [1, -4]}
							}
						},
						{
							"origin": [-2.5, 4.15, 2.2],
							"size": [5, 5.75, 1],
							"pivot": [1, 7.4, 1.2],
							"rotation": [25, 0, 0],
							"uv": {
								"north": {"uv": [12, 28], "uv_size": [5, 6]},
								"east": {"uv": [48, 31], "uv_size": [1, 6]},
								"south": {"uv": [17, 29], "uv_size": [5, 6]},
								"west": {"uv": [49, 31], "uv_size": [1, 6]},
								"up": {"uv": [54, 29], "uv_size": [5, 1]},
								"down": {"uv": [52, 55], "uv_size": [5, -1]}
							}
						},
						{
							"origin": [3, 5, -1],
							"size": [1, 5, 4],
							"pivot": [3.5, 7.5, 1],
							"rotation": [20, 0, -18.5],
							"uv": {
								"north": {"uv": [20, 55], "uv_size": [1, 5]},
								"east": {"uv": [0, 37], "uv_size": [4, 5]},
								"south": {"uv": [21, 55], "uv_size": [1, 5]},
								"west": {"uv": [8, 37], "uv_size": [4, 5]},
								"up": {"uv": [56, 11], "uv_size": [1, 4]},
								"down": {"uv": [56, 19], "uv_size": [1, -4]}
							}
						}
					]
				},
				{
					"name": "AllHead",
					"parent": "UpBody",
					"pivot": [0, 14, 0]
				},
				{
					"name": "Head",
					"parent": "AllHead",
					"pivot": [0, 18, 0],
					"cubes": [
						{
							"origin": [-3.5, 14.5, -3.5],
							"size": [7, 7, 7],
							"uv": {
								"north": {"uv": [0, 9], "uv_size": [7, 7]},
								"east": {"uv": [7, 9], "uv_size": [7, 7]},
								"south": {"uv": [14, 0], "uv_size": [7, 7]},
								"west": {"uv": [14, 7], "uv_size": [7, 7]},
								"up": {"uv": [14, 14], "uv_size": [7, 7]},
								"down": {"uv": [0, 23], "uv_size": [7, -7]}
							}
						}
					]
				},
				{
					"name": "Face",
					"parent": "Head",
					"pivot": [0, 0.5, 0.5]
				},
				{
					"name": "Eyes",
					"parent": "Face",
					"pivot": [0, 0.1, 0.5]
				},
				{
					"name": "Eyebrow",
					"parent": "Eyes",
					"pivot": [1.7, 20.05, -3.15],
					"cubes": [
						{
							"origin": [0.7, 19.15, -3.7],
							"size": [2, 0.2, 1.1],
							"pivot": [1.7, 19.2, -3.15],
							"rotation": [0, 0, -7.5],
							"uv": {
								"north": {"uv": [61, 37], "uv_size": [2, 1]},
								"east": {"uv": [23, 64], "uv_size": [1, 1]},
								"south": {"uv": [61, 38], "uv_size": [2, 1]},
								"west": {"uv": [64, 23], "uv_size": [1, 1]},
								"up": {"uv": [61, 39], "uv_size": [2, 1]},
								"down": {"uv": [61, 41], "uv_size": [2, -1]}
							}
						},
						{
							"origin": [-2.7, 19.15, -3.7],
							"size": [2, 0.2, 1.1],
							"pivot": [-1.7, 19.2, -3.15],
							"rotation": [0, 0, 7.5],
							"uv": {
								"north": {"uv": [61, 43], "uv_size": [2, 1]},
								"east": {"uv": [24, 64], "uv_size": [1, 1]},
								"south": {"uv": [61, 44], "uv_size": [2, 1]},
								"west": {"uv": [64, 24], "uv_size": [1, 1]},
								"up": {"uv": [61, 45], "uv_size": [2, 1]},
								"down": {"uv": [61, 47], "uv_size": [2, -1]}
							}
						}
					]
				},
				{
					"name": "eyebow2",
					"parent": "Eyebrow",
					"pivot": [0, 18.925, -3.15],
					"cubes": [
						{
							"origin": [0.9, 18.75, -3.7],
							"size": [0.6, 0.1, 1.1],
							"pivot": [1.2, 18.8, -3.15],
							"rotation": [0, 0, -5],
							"uv": {
								"north": {"uv": [25, 64], "uv_size": [1, 1]},
								"east": {"uv": [64, 25], "uv_size": [1, 1]},
								"south": {"uv": [26, 64], "uv_size": [1, 1]},
								"west": {"uv": [64, 26], "uv_size": [1, 1]},
								"up": {"uv": [27, 64], "uv_size": [1, 1]},
								"down": {"uv": [64, 28], "uv_size": [1, -1]}
							}
						},
						{
							"origin": [-1.5, 18.75, -3.7],
							"size": [0.6, 0.1, 1.1],
							"pivot": [-1.2, 18.8, -3.15],
							"rotation": [0, 0, 5],
							"uv": {
								"north": {"uv": [28, 64], "uv_size": [1, 1]},
								"east": {"uv": [64, 28], "uv_size": [1, 1]},
								"south": {"uv": [29, 64], "uv_size": [1, 1]},
								"west": {"uv": [64, 29], "uv_size": [1, 1]},
								"up": {"uv": [30, 64], "uv_size": [1, 1]},
								"down": {"uv": [64, 31], "uv_size": [1, -1]}
							}
						},
						{
							"origin": [-2.7, 18.45, -3.7],
							"size": [2, 0.2, 1.1],
							"pivot": [-1.7, 18.55, -3.15],
							"rotation": [0, 0, 5],
							"uv": {
								"north": {"uv": [61, 47], "uv_size": [2, 1]},
								"east": {"uv": [31, 64], "uv_size": [1, 1]},
								"south": {"uv": [61, 48], "uv_size": [2, 1]},
								"west": {"uv": [64, 31], "uv_size": [1, 1]},
								"up": {"uv": [61, 49], "uv_size": [2, 1]},
								"down": {"uv": [61, 51], "uv_size": [2, -1]}
							}
						},
						{
							"origin": [0.7, 18.45, -3.7],
							"size": [2, 0.2, 1.1],
							"pivot": [1.7, 18.55, -3.15],
							"rotation": [0, 0, -5],
							"uv": {
								"north": {"uv": [61, 51], "uv_size": [2, 1]},
								"east": {"uv": [32, 64], "uv_size": [1, 1]},
								"south": {"uv": [57, 61], "uv_size": [2, 1]},
								"west": {"uv": [64, 32], "uv_size": [1, 1]},
								"up": {"uv": [59, 61], "uv_size": [2, 1]},
								"down": {"uv": [61, 62], "uv_size": [2, -1]}
							}
						}
					]
				},
				{
					"name": "RightEyelid",
					"parent": "Eyes",
					"pivot": [-3.4, 0.1, 0.5],
					"cubes": [
						{
							"origin": [-2.1, 16.7, -3.7],
							"size": [0.8, 0.2, 1.1],
							"uv": {
								"north": {"uv": [33, 64], "uv_size": [1, 1]},
								"east": {"uv": [64, 33], "uv_size": [1, 1]},
								"south": {"uv": [34, 64], "uv_size": [1, 1]},
								"west": {"uv": [64, 34], "uv_size": [1, 1]},
								"up": {"uv": [35, 64], "uv_size": [1, 1]},
								"down": {"uv": [64, 36], "uv_size": [1, -1]}
							}
						},
						{
							"origin": [-2.78683, 16.44896, -3.7],
							"size": [0.7, 0.2, 1.1],
							"pivot": [-1.78683, 16.59896, -3.1],
							"rotation": [0, 0, 45],
							"uv": {
								"north": {"uv": [36, 64], "uv_size": [1, 1]},
								"east": {"uv": [64, 36], "uv_size": [1, 1]},
								"south": {"uv": [37, 64], "uv_size": [1, 1]},
								"west": {"uv": [64, 37], "uv_size": [1, 1]},
								"up": {"uv": [38, 64], "uv_size": [1, 1]},
								"down": {"uv": [64, 39], "uv_size": [1, -1]}
							}
						},
						{
							"origin": [-1.31317, 16.44896, -3.7],
							"size": [0.7, 0.2, 1.1],
							"pivot": [-1.61317, 16.59896, -3.1],
							"rotation": [0, 0, -45],
							"uv": {
								"north": {"uv": [39, 64], "uv_size": [1, 1]},
								"east": {"uv": [64, 39], "uv_size": [1, 1]},
								"south": {"uv": [40, 64], "uv_size": [1, 1]},
								"west": {"uv": [64, 40], "uv_size": [1, 1]},
								"up": {"uv": [41, 64], "uv_size": [1, 1]},
								"down": {"uv": [64, 42], "uv_size": [1, -1]}
							}
						},
						{
							"origin": [-2.6, 17.2, -3.7],
							"size": [0.2, 1.35, 1.1],
							"uv": {
								"north": {"uv": [42, 64], "uv_size": [1, 1]},
								"east": {"uv": [64, 42], "uv_size": [1, 1]},
								"south": {"uv": [43, 64], "uv_size": [1, 1]},
								"west": {"uv": [64, 43], "uv_size": [1, 1]},
								"up": {"uv": [44, 64], "uv_size": [1, 1]},
								"down": {"uv": [64, 45], "uv_size": [1, -1]}
							}
						},
						{
							"origin": [-1, 17.2, -3.7],
							"size": [0.2, 1.35, 1.1],
							"uv": {
								"north": {"uv": [45, 64], "uv_size": [1, 1]},
								"east": {"uv": [64, 45], "uv_size": [1, 1]},
								"south": {"uv": [46, 64], "uv_size": [1, 1]},
								"west": {"uv": [64, 46], "uv_size": [1, 1]},
								"up": {"uv": [47, 64], "uv_size": [1, 1]},
								"down": {"uv": [64, 48], "uv_size": [1, -1]}
							}
						}
					]
				},
				{
					"name": "ysmGlow",
					"parent": "RightEyelid",
					"pivot": [0, 1, 0],
					"cubes": [
						{
							"origin": [-2.4, 18.05, -3.8],
							"size": [0.4, 0.4, 1.1],
							"uv": {
								"north": {"uv": [48, 64], "uv_size": [1, 1]},
								"east": {"uv": [64, 48], "uv_size": [1, 1]},
								"south": {"uv": [49, 64], "uv_size": [1, 1]},
								"west": {"uv": [64, 49], "uv_size": [1, 1]},
								"up": {"uv": [50, 64], "uv_size": [1, 1]},
								"down": {"uv": [64, 51], "uv_size": [1, -1]}
							}
						},
						{
							"origin": [-2.4, 17.8, -3.7],
							"size": [0.65, 0.65, 2.05],
							"uv": {
								"north": {"uv": [65, 58], "uv_size": [1, 1]},
								"east": {"uv": [20, 63], "uv_size": [2, 1]},
								"south": {"uv": [59, 65], "uv_size": [1, 1]},
								"west": {"uv": [63, 20], "uv_size": [2, 1]},
								"up": {"uv": [63, 21], "uv_size": [1, 2]},
								"down": {"uv": [22, 65], "uv_size": [1, -2]}
							}
						},
						{
							"origin": [-2.5, 17.2, -3.65],
							"size": [1.6, 1.35, 1],
							"uv": {
								"north": {"uv": [0, 62], "uv_size": [2, 1]},
								"east": {"uv": [51, 64], "uv_size": [1, 1]},
								"south": {"uv": [2, 62], "uv_size": [2, 1]},
								"west": {"uv": [64, 51], "uv_size": [1, 1]},
								"up": {"uv": [4, 62], "uv_size": [2, 1]},
								"down": {"uv": [6, 63], "uv_size": [2, -1]}
							}
						},
						{
							"origin": [-2.78683, 16.44896, -3.6],
							"size": [0.7, 0.7, 1],
							"pivot": [-1.78683, 16.59896, -3.1],
							"rotation": [0, 0, 45],
							"uv": {
								"north": {"uv": [52, 64], "uv_size": [1, 1]},
								"east": {"uv": [64, 52], "uv_size": [1, 1]},
								"south": {"uv": [53, 64], "uv_size": [1, 1]},
								"west": {"uv": [64, 53], "uv_size": [1, 1]},
								"up": {"uv": [54, 64], "uv_size": [1, 1]},
								"down": {"uv": [64, 55], "uv_size": [1, -1]}
							}
						},
						{
							"origin": [-1.31317, 16.44896, -3.6],
							"size": [0.7, 0.8, 1],
							"pivot": [-1.61317, 16.59896, -3.1],
							"rotation": [0, 0, -45],
							"uv": {
								"north": {"uv": [55, 64], "uv_size": [1, 1]},
								"east": {"uv": [64, 55], "uv_size": [1, 1]},
								"south": {"uv": [56, 64], "uv_size": [1, 1]},
								"west": {"uv": [64, 56], "uv_size": [1, 1]},
								"up": {"uv": [57, 64], "uv_size": [1, 1]},
								"down": {"uv": [64, 58], "uv_size": [1, -1]}
							}
						},
						{
							"origin": [-2.1, 16.7, -3.6],
							"size": [0.8, 0.5, 1],
							"uv": {
								"north": {"uv": [58, 64], "uv_size": [1, 1]},
								"east": {"uv": [64, 58], "uv_size": [1, 1]},
								"south": {"uv": [59, 64], "uv_size": [1, 1]},
								"west": {"uv": [64, 59], "uv_size": [1, 1]},
								"up": {"uv": [60, 64], "uv_size": [1, 1]},
								"down": {"uv": [64, 61], "uv_size": [1, -1]}
							}
						}
					]
				},
				{
					"name": "LeftEyelid",
					"parent": "Eyes",
					"pivot": [0, 1.3, 0.5],
					"cubes": [
						{
							"origin": [1.3, 16.7, -3.7],
							"size": [0.8, 0.2, 1.1],
							"uv": {
								"north": {"uv": [61, 64], "uv_size": [1, 1]},
								"east": {"uv": [64, 61], "uv_size": [1, 1]},
								"south": {"uv": [62, 64], "uv_size": [1, 1]},
								"west": {"uv": [64, 62], "uv_size": [1, 1]},
								"up": {"uv": [63, 64], "uv_size": [1, 1]},
								"down": {"uv": [64, 64], "uv_size": [1, -1]}
							}
						},
						{
							"origin": [0.61317, 16.44896, -3.7],
							"size": [0.7, 0.2, 1.1],
							"pivot": [1.61317, 16.59896, -3.1],
							"rotation": [0, 0, 45],
							"uv": {
								"north": {"uv": [64, 64], "uv_size": [1, 1]},
								"east": {"uv": [0, 65], "uv_size": [1, 1]},
								"south": {"uv": [65, 0], "uv_size": [1, 1]},
								"west": {"uv": [1, 65], "uv_size": [1, 1]},
								"up": {"uv": [65, 1], "uv_size": [1, 1]},
								"down": {"uv": [2, 66], "uv_size": [1, -1]}
							}
						},
						{
							"origin": [2.08683, 16.44896, -3.7],
							"size": [0.7, 0.2, 1.1],
							"pivot": [1.78683, 16.59896, -3.1],
							"rotation": [0, 0, -45],
							"uv": {
								"north": {"uv": [65, 2], "uv_size": [1, 1]},
								"east": {"uv": [3, 65], "uv_size": [1, 1]},
								"south": {"uv": [65, 3], "uv_size": [1, 1]},
								"west": {"uv": [4, 65], "uv_size": [1, 1]},
								"up": {"uv": [65, 4], "uv_size": [1, 1]},
								"down": {"uv": [5, 66], "uv_size": [1, -1]}
							}
						},
						{
							"origin": [0.8, 17.2, -3.7],
							"size": [0.2, 1.35, 1.1],
							"uv": {
								"north": {"uv": [65, 5], "uv_size": [1, 1]},
								"east": {"uv": [6, 65], "uv_size": [1, 1]},
								"south": {"uv": [65, 6], "uv_size": [1, 1]},
								"west": {"uv": [7, 65], "uv_size": [1, 1]},
								"up": {"uv": [65, 7], "uv_size": [1, 1]},
								"down": {"uv": [8, 66], "uv_size": [1, -1]}
							}
						},
						{
							"origin": [2.4, 17.2, -3.7],
							"size": [0.2, 1.35, 1.1],
							"uv": {
								"north": {"uv": [65, 8], "uv_size": [1, 1]},
								"east": {"uv": [9, 65], "uv_size": [1, 1]},
								"south": {"uv": [65, 9], "uv_size": [1, 1]},
								"west": {"uv": [10, 65], "uv_size": [1, 1]},
								"up": {"uv": [65, 10], "uv_size": [1, 1]},
								"down": {"uv": [11, 66], "uv_size": [1, -1]}
							}
						}
					]
				},
				{
					"name": "ysmGlowbone5",
					"parent": "LeftEyelid",
					"pivot": [0, 1, 0],
					"cubes": [
						{
							"origin": [0.9, 17.2, -3.65],
							"size": [1.6, 1.35, 1],
							"uv": {
								"north": {"uv": [8, 62], "uv_size": [2, 1]},
								"east": {"uv": [65, 11], "uv_size": [1, 1]},
								"south": {"uv": [10, 62], "uv_size": [2, 1]},
								"west": {"uv": [12, 65], "uv_size": [1, 1]},
								"up": {"uv": [62, 11], "uv_size": [2, 1]},
								"down": {"uv": [12, 63], "uv_size": [2, -1]}
							}
						},
						{
							"origin": [1, 18.05, -3.8],
							"size": [0.4, 0.4, 1.1],
							"uv": {
								"north": {"uv": [65, 12], "uv_size": [1, 1]},
								"east": {"uv": [13, 65], "uv_size": [1, 1]},
								"south": {"uv": [65, 13], "uv_size": [1, 1]},
								"west": {"uv": [14, 65], "uv_size": [1, 1]},
								"up": {"uv": [65, 14], "uv_size": [1, 1]},
								"down": {"uv": [15, 66], "uv_size": [1, -1]}
							}
						},
						{
							"origin": [1, 17.8, -3.7],
							"size": [0.65, 0.65, 1],
							"uv": {
								"north": {"uv": [65, 59], "uv_size": [1, 1]},
								"east": {"uv": [60, 65], "uv_size": [1, 1]},
								"south": {"uv": [65, 60], "uv_size": [1, 1]},
								"west": {"uv": [61, 65], "uv_size": [1, 1]},
								"up": {"uv": [65, 61], "uv_size": [1, 1]},
								"down": {"uv": [62, 66], "uv_size": [1, -1]}
							}
						},
						{
							"origin": [0.61317, 16.44896, -3.6],
							"size": [0.7, 0.7, 1],
							"pivot": [1.61317, 16.59896, -3.1],
							"rotation": [0, 0, 45],
							"uv": {
								"north": {"uv": [65, 15], "uv_size": [1, 1]},
								"east": {"uv": [16, 65], "uv_size": [1, 1]},
								"south": {"uv": [65, 16], "uv_size": [1, 1]},
								"west": {"uv": [17, 65], "uv_size": [1, 1]},
								"up": {"uv": [65, 17], "uv_size": [1, 1]},
								"down": {"uv": [18, 66], "uv_size": [1, -1]}
							}
						},
						{
							"origin": [2.08683, 16.44896, -3.6],
							"size": [0.7, 0.8, 1],
							"pivot": [1.78683, 16.59896, -3.1],
							"rotation": [0, 0, -45],
							"uv": {
								"north": {"uv": [65, 18], "uv_size": [1, 1]},
								"east": {"uv": [19, 65], "uv_size": [1, 1]},
								"south": {"uv": [65, 19], "uv_size": [1, 1]},
								"west": {"uv": [20, 65], "uv_size": [1, 1]},
								"up": {"uv": [65, 20], "uv_size": [1, 1]},
								"down": {"uv": [21, 66], "uv_size": [1, -1]}
							}
						},
						{
							"origin": [1.3, 16.7, -3.6],
							"size": [0.8, 0.5, 1],
							"uv": {
								"north": {"uv": [65, 21], "uv_size": [1, 1]},
								"east": {"uv": [22, 65], "uv_size": [1, 1]},
								"south": {"uv": [65, 22], "uv_size": [1, 1]},
								"west": {"uv": [23, 65], "uv_size": [1, 1]},
								"up": {"uv": [65, 23], "uv_size": [1, 1]},
								"down": {"uv": [24, 66], "uv_size": [1, -1]}
							}
						}
					]
				},
				{
					"name": "mouse",
					"parent": "Face",
					"pivot": [0, 0.3, 0.5],
					"cubes": [
						{
							"origin": [-0.3, 15.2, -3.6],
							"size": [0.6, 0.2, 2],
							"uv": {
								"north": {"uv": [65, 24], "uv_size": [1, 1]},
								"east": {"uv": [14, 62], "uv_size": [2, 1]},
								"south": {"uv": [25, 65], "uv_size": [1, 1]},
								"west": {"uv": [62, 14], "uv_size": [2, 1]},
								"up": {"uv": [52, 60], "uv_size": [1, 2]},
								"down": {"uv": [18, 63], "uv_size": [1, -2]}
							}
						},
						{
							"origin": [-0.75153, 15.12631, -3.6],
							"size": [0.5, 0.2, 2],
							"pivot": [0.00409, 15.44723, -2.6],
							"rotation": [0, 0, 15],
							"uv": {
								"north": {"uv": [65, 25], "uv_size": [1, 1]},
								"east": {"uv": [62, 15], "uv_size": [2, 1]},
								"south": {"uv": [26, 65], "uv_size": [1, 1]},
								"west": {"uv": [16, 62], "uv_size": [2, 1]},
								"up": {"uv": [37, 61], "uv_size": [1, 2]},
								"down": {"uv": [62, 18], "uv_size": [1, -2]}
							}
						},
						{
							"origin": [-0.93984, 14.7781, -3.6],
							"size": [0.4, 0.2, 2],
							"pivot": [0.00409, 15.44723, -2.6],
							"rotation": [0, 0, 45],
							"uv": {
								"north": {"uv": [65, 26], "uv_size": [1, 1]},
								"east": {"uv": [62, 18], "uv_size": [2, 1]},
								"south": {"uv": [27, 65], "uv_size": [1, 1]},
								"west": {"uv": [62, 19], "uv_size": [2, 1]},
								"up": {"uv": [19, 62], "uv_size": [1, 2]},
								"down": {"uv": [62, 22], "uv_size": [1, -2]}
							}
						},
						{
							"origin": [0.53984, 14.7781, -3.6],
							"size": [0.4, 0.2, 2],
							"pivot": [-0.00409, 15.44723, -2.6],
							"rotation": [0, 0, -45],
							"uv": {
								"north": {"uv": [65, 27], "uv_size": [1, 1]},
								"east": {"uv": [38, 62], "uv_size": [2, 1]},
								"south": {"uv": [28, 65], "uv_size": [1, 1]},
								"west": {"uv": [62, 41], "uv_size": [2, 1]},
								"up": {"uv": [45, 62], "uv_size": [1, 2]},
								"down": {"uv": [46, 64], "uv_size": [1, -2]}
							}
						},
						{
							"origin": [0.25153, 15.12631, -3.6],
							"size": [0.5, 0.2, 2],
							"pivot": [-0.00409, 15.44723, -2.6],
							"rotation": [0, 0, -15],
							"uv": {
								"north": {"uv": [65, 28], "uv_size": [1, 1]},
								"east": {"uv": [62, 42], "uv_size": [2, 1]},
								"south": {"uv": [29, 65], "uv_size": [1, 1]},
								"west": {"uv": [47, 62], "uv_size": [2, 1]},
								"up": {"uv": [49, 62], "uv_size": [1, 2]},
								"down": {"uv": [50, 64], "uv_size": [1, -2]}
							}
						}
					]
				},
				{
					"name": "Hair",
					"parent": "Head",
					"pivot": [0, 1, 0]
				},
				{
					"name": "Head_TouFa",
					"parent": "Hair",
					"pivot": [-0.14783, 25.76957, 1.72174],
					"cubes": [
						{
							"origin": [-4, 15.525, 4.2],
							"size": [1, 6, 1],
							"uv": {
								"north": {"uv": [40, 49], "uv_size": [1, 6]},
								"east": {"uv": [41, 49], "uv_size": [1, 6]},
								"south": {"uv": [42, 49], "uv_size": [1, 6]},
								"west": {"uv": [43, 49], "uv_size": [1, 6]},
								"up": {"uv": [65, 29], "uv_size": [1, 1]},
								"down": {"uv": [30, 66], "uv_size": [1, -1]}
							}
						},
						{
							"origin": [-3, 14.525, 4.15],
							"size": [6, 7, 1],
							"uv": {
								"north": {"uv": [21, 15], "uv_size": [6, 7]},
								"east": {"uv": [37, 46], "uv_size": [1, 7]},
								"south": {"uv": [19, 22], "uv_size": [6, 7]},
								"west": {"uv": [8, 47], "uv_size": [1, 7]},
								"up": {"uv": [48, 25], "uv_size": [6, 1]},
								"down": {"uv": [48, 27], "uv_size": [6, -1]}
							}
						},
						{
							"origin": [-3, 16.5, 5.1],
							"size": [6, 5, 1],
							"pivot": [0, 19, 5.6],
							"rotation": [5, 0, 0],
							"uv": {
								"north": {"uv": [22, 29], "uv_size": [6, 5]},
								"east": {"uv": [22, 55], "uv_size": [1, 5]},
								"south": {"uv": [28, 29], "uv_size": [6, 5]},
								"west": {"uv": [23, 55], "uv_size": [1, 5]},
								"up": {"uv": [48, 27], "uv_size": [6, 1]},
								"down": {"uv": [48, 29], "uv_size": [6, -1]}
							}
						},
						{
							"origin": [3, 15.55, 4.15],
							"size": [1, 6, 1],
							"uv": {
								"north": {"uv": [49, 43], "uv_size": [1, 6]},
								"east": {"uv": [44, 49], "uv_size": [1, 6]},
								"south": {"uv": [45, 49], "uv_size": [1, 6]},
								"west": {"uv": [46, 49], "uv_size": [1, 6]},
								"up": {"uv": [65, 30], "uv_size": [1, 1]},
								"down": {"uv": [31, 66], "uv_size": [1, -1]}
							}
						},
						{
							"origin": [4.2, 15.3, 3.1],
							"size": [1, 5, 1],
							"pivot": [4.7, 18.3, 1.6],
							"rotation": [0, 0, -5],
							"uv": {
								"north": {"uv": [24, 55], "uv_size": [1, 5]},
								"east": {"uv": [25, 55], "uv_size": [1, 5]},
								"south": {"uv": [55, 30], "uv_size": [1, 5]},
								"west": {"uv": [55, 35], "uv_size": [1, 5]},
								"up": {"uv": [65, 31], "uv_size": [1, 1]},
								"down": {"uv": [32, 66], "uv_size": [1, -1]}
							}
						},
						{
							"origin": [4.2, 14.3, 2.1],
							"size": [1, 7, 1],
							"pivot": [4.7, 18.3, 1.6],
							"rotation": [0, 0, -5],
							"uv": {
								"north": {"uv": [9, 47], "uv_size": [1, 7]},
								"east": {"uv": [10, 47], "uv_size": [1, 7]},
								"south": {"uv": [11, 47], "uv_size": [1, 7]},
								"west": {"uv": [12, 47], "uv_size": [1, 7]},
								"up": {"uv": [65, 32], "uv_size": [1, 1]},
								"down": {"uv": [33, 66], "uv_size": [1, -1]}
							}
						},
						{
							"origin": [4.2, 14.3, 0.1],
							"size": [1, 7, 2],
							"pivot": [4.7, 18.3, 1.6],
							"rotation": [0, 0, -5],
							"uv": {
								"north": {"uv": [13, 47], "uv_size": [1, 7]},
								"east": {"uv": [20, 43], "uv_size": [2, 7]},
								"south": {"uv": [14, 47], "uv_size": [1, 7]},
								"west": {"uv": [22, 43], "uv_size": [2, 7]},
								"up": {"uv": [51, 62], "uv_size": [1, 2]},
								"down": {"uv": [52, 64], "uv_size": [1, -2]}
							}
						},
						{
							"origin": [3.2, 15.3, 0.1],
							"size": [1, 2, 3],
							"uv": {
								"north": {"uv": [62, 52], "uv_size": [1, 2]},
								"east": {"uv": [48, 37], "uv_size": [3, 2]},
								"south": {"uv": [53, 62], "uv_size": [1, 2]},
								"west": {"uv": [47, 49], "uv_size": [3, 2]},
								"up": {"uv": [30, 19], "uv_size": [1, 3]},
								"down": {"uv": [38, 37], "uv_size": [1, -3]}
							}
						},
						{
							"origin": [-4.2, 15.3, 0.1],
							"size": [1, 2, 3],
							"uv": {
								"north": {"uv": [54, 62], "uv_size": [1, 2]},
								"east": {"uv": [20, 50], "uv_size": [3, 2]},
								"south": {"uv": [62, 54], "uv_size": [1, 2]},
								"west": {"uv": [23, 50], "uv_size": [3, 2]},
								"up": {"uv": [31, 43], "uv_size": [1, 3]},
								"down": {"uv": [45, 34], "uv_size": [1, -3]}
							}
						},
						{
							"origin": [-4, 14.425, 2.2],
							"size": [8, 3, 2],
							"uv": {
								"north": {"uv": [32, 15], "uv_size": [8, 3]},
								"east": {"uv": [40, 15], "uv_size": [2, 3]},
								"south": {"uv": [33, 0], "uv_size": [8, 3]},
								"west": {"uv": [41, 0], "uv_size": [2, 3]},
								"up": {"uv": [38, 11], "uv_size": [8, 2]},
								"down": {"uv": [38, 15], "uv_size": [8, -2]}
							}
						},
						{
							"origin": [4.2, 17.3, -0.9],
							"size": [1, 3, 1],
							"pivot": [4.7, 18.3, 1.6],
							"rotation": [0, 0, -5],
							"uv": {
								"north": {"uv": [7, 51], "uv_size": [1, 3]},
								"east": {"uv": [37, 58], "uv_size": [1, 3]},
								"south": {"uv": [19, 59], "uv_size": [1, 3]},
								"west": {"uv": [38, 59], "uv_size": [1, 3]},
								"up": {"uv": [65, 33], "uv_size": [1, 1]},
								"down": {"uv": [34, 66], "uv_size": [1, -1]}
							}
						},
						{
							"origin": [-5.2, 14.3, 2.1],
							"size": [1, 7, 1],
							"pivot": [-4.7, 18.3, 1.6],
							"rotation": [0, 0, 5],
							"uv": {
								"north": {"uv": [15, 47], "uv_size": [1, 7]},
								"east": {"uv": [47, 15], "uv_size": [1, 7]},
								"south": {"uv": [16, 47], "uv_size": [1, 7]},
								"west": {"uv": [17, 47], "uv_size": [1, 7]},
								"up": {"uv": [65, 34], "uv_size": [1, 1]},
								"down": {"uv": [35, 66], "uv_size": [1, -1]}
							}
						},
						{
							"origin": [-5.2, 14.3, 0.1],
							"size": [1, 7, 2],
							"pivot": [-4.7, 18.3, 1.6],
							"rotation": [0, 0, 5],
							"uv": {
								"north": {"uv": [47, 22], "uv_size": [1, 7]},
								"east": {"uv": [24, 43], "uv_size": [2, 7]},
								"south": {"uv": [28, 47], "uv_size": [1, 7]},
								"west": {"uv": [26, 43], "uv_size": [2, 7]},
								"up": {"uv": [55, 62], "uv_size": [1, 2]},
								"down": {"uv": [56, 64], "uv_size": [1, -2]}
							}
						},
						{
							"origin": [-5.2, 17.3, -0.9],
							"size": [1, 3, 1],
							"pivot": [-4.7, 18.3, 1.6],
							"rotation": [0, 0, 5],
							"uv": {
								"north": {"uv": [39, 59], "uv_size": [1, 3]},
								"east": {"uv": [47, 59], "uv_size": [1, 3]},
								"south": {"uv": [48, 59], "uv_size": [1, 3]},
								"west": {"uv": [49, 59], "uv_size": [1, 3]},
								"up": {"uv": [65, 35], "uv_size": [1, 1]},
								"down": {"uv": [36, 66], "uv_size": [1, -1]}
							}
						},
						{
							"origin": [-5.2, 15.3, 3.1],
							"size": [1, 5, 1],
							"pivot": [-4.7, 18.3, 1.6],
							"rotation": [0, 0, 5],
							"uv": {
								"north": {"uv": [40, 55], "uv_size": [1, 5]},
								"east": {"uv": [41, 55], "uv_size": [1, 5]},
								"south": {"uv": [42, 55], "uv_size": [1, 5]},
								"west": {"uv": [43, 55], "uv_size": [1, 5]},
								"up": {"uv": [65, 36], "uv_size": [1, 1]},
								"down": {"uv": [37, 66], "uv_size": [1, -1]}
							}
						},
						{
							"origin": [0.65, 19.3, -4.9],
							"size": [1, 3, 1],
							"pivot": [0.15, 20.55, -4.4],
							"rotation": [-5, 0, 0],
							"uv": {
								"north": {"uv": [50, 59], "uv_size": [1, 3]},
								"east": {"uv": [51, 59], "uv_size": [1, 3]},
								"south": {"uv": [59, 51], "uv_size": [1, 3]},
								"west": {"uv": [53, 59], "uv_size": [1, 3]},
								"up": {"uv": [65, 37], "uv_size": [1, 1]},
								"down": {"uv": [38, 66], "uv_size": [1, -1]}
							}
						},
						{
							"origin": [-0.35, 19.3, -4.9],
							"size": [1, 3, 1],
							"pivot": [0.15, 20.55, -4.4],
							"rotation": [-5, 0, 0],
							"uv": {
								"north": {"uv": [54, 59], "uv_size": [1, 3]},
								"east": {"uv": [55, 59], "uv_size": [1, 3]},
								"south": {"uv": [56, 59], "uv_size": [1, 3]},
								"west": {"uv": [59, 58], "uv_size": [1, 3]},
								"up": {"uv": [65, 38], "uv_size": [1, 1]},
								"down": {"uv": [39, 66], "uv_size": [1, -1]}
							}
						},
						{
							"origin": [3.91857, 17.41975, -4.51519],
							"size": [1, 3, 1],
							"pivot": [4.24357, 19.04475, -3.96519],
							"rotation": [-4.92442, -0.86717, 2.53729],
							"uv": {
								"north": {"uv": [60, 8], "uv_size": [1, 3]},
								"east": {"uv": [20, 60], "uv_size": [1, 3]},
								"south": {"uv": [21, 60], "uv_size": [1, 3]},
								"west": {"uv": [22, 60], "uv_size": [1, 3]},
								"up": {"uv": [65, 39], "uv_size": [1, 1]},
								"down": {"uv": [40, 66], "uv_size": [1, -1]}
							}
						},
						{
							"origin": [2.89487, 16.40331, -4.51519],
							"size": [1, 4, 1],
							"pivot": [4.21987, 19.02831, -3.96519],
							"rotation": [-4.92442, -0.86717, 2.53729],
							"uv": {
								"north": {"uv": [56, 19], "uv_size": [1, 4]},
								"east": {"uv": [56, 23], "uv_size": [1, 4]},
								"south": {"uv": [26, 56], "uv_size": [1, 4]},
								"west": {"uv": [27, 56], "uv_size": [1, 4]},
								"up": {"uv": [65, 40], "uv_size": [1, 1]},
								"down": {"uv": [41, 66], "uv_size": [1, -1]}
							}
						},
						{
							"origin": [-4.90727, 17.2729, -4.51519],
							"size": [1, 3, 1],
							"pivot": [-4.23227, 18.8979, -3.96519],
							"rotation": [-4.92442, 0.86717, -2.53729],
							"uv": {
								"north": {"uv": [23, 60], "uv_size": [1, 3]},
								"east": {"uv": [24, 60], "uv_size": [1, 3]},
								"south": {"uv": [25, 60], "uv_size": [1, 3]},
								"west": {"uv": [26, 60], "uv_size": [1, 3]},
								"up": {"uv": [65, 41], "uv_size": [1, 1]},
								"down": {"uv": [42, 66], "uv_size": [1, -1]}
							}
						},
						{
							"origin": [-3.88356, 16.35646, -4.51519],
							"size": [1, 4, 1],
							"pivot": [-4.20856, 18.98146, -3.96519],
							"rotation": [-4.92442, 0.86717, -2.53729],
							"uv": {
								"north": {"uv": [56, 30], "uv_size": [1, 4]},
								"east": {"uv": [31, 56], "uv_size": [1, 4]},
								"south": {"uv": [32, 56], "uv_size": [1, 4]},
								"west": {"uv": [33, 56], "uv_size": [1, 4]},
								"up": {"uv": [65, 42], "uv_size": [1, 1]},
								"down": {"uv": [43, 66], "uv_size": [1, -1]}
							}
						},
						{
							"origin": [0.0329, 19.24031, -5.12807],
							"size": [1, 2, 1],
							"pivot": [0.0329, 19.99031, -4.62807],
							"rotation": [-2.41492, -0.64686, -27.48637],
							"uv": {
								"north": {"uv": [62, 56], "uv_size": [1, 2]},
								"east": {"uv": [57, 62], "uv_size": [1, 2]},
								"south": {"uv": [58, 62], "uv_size": [1, 2]},
								"west": {"uv": [62, 58], "uv_size": [1, 2]},
								"up": {"uv": [65, 43], "uv_size": [1, 1]},
								"down": {"uv": [44, 66], "uv_size": [1, -1]}
							}
						},
						{
							"origin": [-0.9671, 18.24031, -5.12807],
							"size": [1, 3, 1],
							"pivot": [0.0329, 19.99031, -4.62807],
							"rotation": [-2.41492, -0.64686, -27.48637],
							"uv": {
								"north": {"uv": [27, 60], "uv_size": [1, 3]},
								"east": {"uv": [60, 27], "uv_size": [1, 3]},
								"south": {"uv": [28, 60], "uv_size": [1, 3]},
								"west": {"uv": [29, 60], "uv_size": [1, 3]},
								"up": {"uv": [65, 44], "uv_size": [1, 1]},
								"down": {"uv": [45, 66], "uv_size": [1, -1]}
							}
						},
						{
							"origin": [-1.35, 19.3, -4.9],
							"size": [1, 3, 1],
							"pivot": [0.15, 20.55, -4.4],
							"rotation": [-5, 0, 0],
							"uv": {
								"north": {"uv": [30, 60], "uv_size": [1, 3]},
								"east": {"uv": [60, 30], "uv_size": [1, 3]},
								"south": {"uv": [31, 60], "uv_size": [1, 3]},
								"west": {"uv": [32, 60], "uv_size": [1, 3]},
								"up": {"uv": [65, 45], "uv_size": [1, 1]},
								"down": {"uv": [46, 66], "uv_size": [1, -1]}
							}
						},
						{
							"origin": [-4.4625, 18.35, -3.6],
							"size": [1, 4, 3],
							"uv": {
								"north": {"uv": [34, 56], "uv_size": [1, 4]},
								"east": {"uv": [42, 30], "uv_size": [3, 4]},
								"south": {"uv": [56, 34], "uv_size": [1, 4]},
								"west": {"uv": [43, 5], "uv_size": [3, 4]},
								"up": {"uv": [33, 60], "uv_size": [1, 3]},
								"down": {"uv": [60, 36], "uv_size": [1, -3]}
							}
						},
						{
							"origin": [3.4625, 18.35, -3.6],
							"size": [1, 4, 3],
							"uv": {
								"north": {"uv": [35, 56], "uv_size": [1, 4]},
								"east": {"uv": [28, 43], "uv_size": [3, 4]},
								"south": {"uv": [36, 56], "uv_size": [1, 4]},
								"west": {"uv": [43, 34], "uv_size": [3, 4]},
								"up": {"uv": [34, 60], "uv_size": [1, 3]},
								"down": {"uv": [35, 63], "uv_size": [1, -3]}
							}
						},
						{
							"origin": [-4.5, 15.4, -1.725],
							"size": [1, 7, 6],
							"uv": {
								"north": {"uv": [29, 47], "uv_size": [1, 7]},
								"east": {"uv": [0, 23], "uv_size": [6, 7]},
								"south": {"uv": [30, 47], "uv_size": [1, 7]},
								"west": {"uv": [6, 24], "uv_size": [6, 7]},
								"up": {"uv": [26, 50], "uv_size": [1, 6]},
								"down": {"uv": [27, 56], "uv_size": [1, -6]}
							}
						},
						{
							"origin": [3.5, 15.4, -1.725],
							"size": [1, 7, 6],
							"uv": {
								"north": {"uv": [38, 47], "uv_size": [1, 7]},
								"east": {"uv": [25, 22], "uv_size": [6, 7]},
								"south": {"uv": [39, 47], "uv_size": [1, 7]},
								"west": {"uv": [27, 0], "uv_size": [6, 7]},
								"up": {"uv": [31, 50], "uv_size": [1, 6]},
								"down": {"uv": [50, 37], "uv_size": [1, -6]}
							}
						},
						{
							"origin": [-3, 22.3, -3.5],
							"size": [6, 1, 8],
							"uv": {
								"north": {"uv": [50, 43], "uv_size": [6, 1]},
								"east": {"uv": [43, 41], "uv_size": [8, 1]},
								"south": {"uv": [50, 44], "uv_size": [6, 1]},
								"west": {"uv": [44, 42], "uv_size": [8, 1]},
								"up": {"uv": [7, 16], "uv_size": [6, 8]},
								"down": {"uv": [21, 8], "uv_size": [6, -8]}
							}
						},
						{
							"origin": [-3.45, 21.5, -3.875],
							"size": [6.9, 1, 9],
							"uv": {
								"north": {"uv": [46, 8], "uv_size": [7, 1]},
								"east": {"uv": [43, 9], "uv_size": [9, 1]},
								"south": {"uv": [46, 39], "uv_size": [7, 1]},
								"west": {"uv": [43, 10], "uv_size": [9, 1]},
								"up": {"uv": [0, 0], "uv_size": [7, 9]},
								"down": {"uv": [7, 9], "uv_size": [7, -9]}
							}
						},
						{
							"origin": [-2, 23.3, -2.5],
							"size": [4, 1, 6],
							"uv": {
								"north": {"uv": [55, 41], "uv_size": [4, 1]},
								"east": {"uv": [50, 45], "uv_size": [6, 1]},
								"south": {"uv": [55, 42], "uv_size": [4, 1]},
								"west": {"uv": [50, 46], "uv_size": [6, 1]},
								"up": {"uv": [8, 31], "uv_size": [4, 6]},
								"down": {"uv": [12, 40], "uv_size": [4, -6]}
							}
						},
						{
							"origin": [-3, 23.3, -1.5],
							"size": [1, 1, 4],
							"uv": {
								"north": {"uv": [65, 46], "uv_size": [1, 1]},
								"east": {"uv": [55, 51], "uv_size": [4, 1]},
								"south": {"uv": [47, 65], "uv_size": [1, 1]},
								"west": {"uv": [55, 52], "uv_size": [4, 1]},
								"up": {"uv": [56, 43], "uv_size": [1, 4]},
								"down": {"uv": [56, 51], "uv_size": [1, -4]}
							}
						},
						{
							"origin": [2, 23.3, -1.5],
							"size": [1, 1, 4],
							"uv": {
								"north": {"uv": [65, 47], "uv_size": [1, 1]},
								"east": {"uv": [55, 53], "uv_size": [4, 1]},
								"south": {"uv": [48, 65], "uv_size": [1, 1]},
								"west": {"uv": [56, 4], "uv_size": [4, 1]},
								"up": {"uv": [56, 55], "uv_size": [1, 4]},
								"down": {"uv": [0, 61], "uv_size": [1, -4]}
							}
						},
						{
							"origin": [-4, 22.3, -2.5],
							"size": [1, 1, 6],
							"uv": {
								"north": {"uv": [65, 48], "uv_size": [1, 1]},
								"east": {"uv": [50, 47], "uv_size": [6, 1]},
								"south": {"uv": [49, 65], "uv_size": [1, 1]},
								"west": {"uv": [50, 48], "uv_size": [6, 1]},
								"up": {"uv": [32, 50], "uv_size": [1, 6]},
								"down": {"uv": [33, 56], "uv_size": [1, -6]}
							}
						},
						{
							"origin": [3, 22.3, -2.5],
							"size": [1, 1, 6],
							"uv": {
								"north": {"uv": [65, 49], "uv_size": [1, 1]},
								"east": {"uv": [50, 49], "uv_size": [6, 1]},
								"south": {"uv": [50, 65], "uv_size": [1, 1]},
								"west": {"uv": [50, 50], "uv_size": [6, 1]},
								"up": {"uv": [34, 50], "uv_size": [1, 6]},
								"down": {"uv": [35, 56], "uv_size": [1, -6]}
							}
						},
						{
							"origin": [1.8, 18.2, -4.4],
							"size": [2, 4, 1],
							"pivot": [3.3, 20.7, -3.9],
							"rotation": [0, 0, -25],
							"uv": {
								"north": {"uv": [20, 35], "uv_size": [2, 4]},
								"east": {"uv": [57, 0], "uv_size": [1, 4]},
								"south": {"uv": [18, 44], "uv_size": [2, 4]},
								"west": {"uv": [1, 57], "uv_size": [1, 4]},
								"up": {"uv": [59, 62], "uv_size": [2, 1]},
								"down": {"uv": [62, 61], "uv_size": [2, -1]}
							}
						},
						{
							"origin": [-4, 18.2, -4.4],
							"size": [2, 4, 1],
							"pivot": [-3.5, 20.2, -3.9],
							"rotation": [0, 0, 25],
							"uv": {
								"north": {"uv": [44, 43], "uv_size": [2, 4]},
								"east": {"uv": [2, 57], "uv_size": [1, 4]},
								"south": {"uv": [45, 15], "uv_size": [2, 4]},
								"west": {"uv": [3, 57], "uv_size": [1, 4]},
								"up": {"uv": [61, 62], "uv_size": [2, 1]},
								"down": {"uv": [0, 64], "uv_size": [2, -1]}
							}
						}
					]
				},
				{
					"name": "QianFaR",
					"parent": "Head_TouFa",
					"pivot": [-3.9125, 27.01167, -0.74979],
					"rotation": [-0.5, 0, 0],
					"cubes": [
						{
							"origin": [-5.425, 15.60321, -3.71367],
							"size": [1.025, 4, 1],
							"pivot": [-4.9125, 17.60321, -2.71367],
							"rotation": [0, 0, 5],
							"uv": {
								"north": {"uv": [4, 57], "uv_size": [1, 4]},
								"east": {"uv": [5, 57], "uv_size": [1, 4]},
								"south": {"uv": [6, 57], "uv_size": [1, 4]},
								"west": {"uv": [7, 57], "uv_size": [1, 4]},
								"up": {"uv": [65, 50], "uv_size": [1, 1]},
								"down": {"uv": [51, 66], "uv_size": [1, -1]}
							}
						},
						{
							"origin": [-5.425, 14.60321, -2.71367],
							"size": [1.025, 6, 1],
							"pivot": [-4.9125, 17.60321, -2.71367],
							"rotation": [0, 0, 5],
							"uv": {
								"north": {"uv": [36, 50], "uv_size": [1, 6]},
								"east": {"uv": [0, 51], "uv_size": [1, 6]},
								"south": {"uv": [1, 51], "uv_size": [1, 6]},
								"west": {"uv": [2, 51], "uv_size": [1, 6]},
								"up": {"uv": [65, 51], "uv_size": [1, 1]},
								"down": {"uv": [52, 66], "uv_size": [1, -1]}
							}
						}
					]
				},
				{
					"name": "Xu1_QianFaR3",
					"parent": "QianFaR",
					"pivot": [-4.51182, 23.16275, -1.76408],
					"rotation": [-9.90175, -2.11519, -4.54729]
				},
				{
					"name": "QianFaL",
					"parent": "Head_TouFa",
					"pivot": [3.9125, 27.33667, -0.69979],
					"rotation": [-0.5, 0, 0],
					"cubes": [
						{
							"origin": [4.4, 15.60321, -3.71367],
							"size": [1.025, 4, 1],
							"pivot": [4.9125, 17.60321, -2.71367],
							"rotation": [0, 0, -5],
							"uv": {
								"north": {"uv": [8, 57], "uv_size": [1, 4]},
								"east": {"uv": [9, 57], "uv_size": [1, 4]},
								"south": {"uv": [10, 57], "uv_size": [1, 4]},
								"west": {"uv": [11, 57], "uv_size": [1, 4]},
								"up": {"uv": [65, 52], "uv_size": [1, 1]},
								"down": {"uv": [53, 66], "uv_size": [1, -1]}
							}
						},
						{
							"origin": [4.4, 14.60321, -2.71367],
							"size": [1.025, 6, 1],
							"pivot": [4.9125, 17.60321, -2.71367],
							"rotation": [0, 0, -5],
							"uv": {
								"north": {"uv": [3, 51], "uv_size": [1, 6]},
								"east": {"uv": [4, 51], "uv_size": [1, 6]},
								"south": {"uv": [5, 51], "uv_size": [1, 6]},
								"west": {"uv": [6, 51], "uv_size": [1, 6]},
								"up": {"uv": [65, 53], "uv_size": [1, 1]},
								"down": {"uv": [54, 66], "uv_size": [1, -1]}
							}
						}
					]
				},
				{
					"name": "Xu1_QianFaR2",
					"parent": "QianFaL",
					"pivot": [4.48682, 23.16275, -1.73908],
					"rotation": [-9.90175, 2.11519, 4.54729]
				},
				{
					"name": "TouFa_Chang",
					"parent": "Head_TouFa",
					"pivot": [0, 24.15, 5.80833],
					"rotation": [10, 0, 0],
					"cubes": [
						{
							"origin": [-3.5, 13.72999, 3.77466],
							"size": [7, 4, 1],
							"uv": {
								"north": {"uv": [31, 19], "uv_size": [7, 4]},
								"east": {"uv": [57, 11], "uv_size": [1, 4]},
								"south": {"uv": [31, 23], "uv_size": [7, 4]},
								"west": {"uv": [12, 57], "uv_size": [1, 4]},
								"up": {"uv": [46, 40], "uv_size": [7, 1]},
								"down": {"uv": [47, 30], "uv_size": [7, -1]}
							}
						},
						{
							"origin": [1.5, 14.72999, 3.17466],
							"size": [3, 5, 1],
							"uv": {
								"north": {"uv": [42, 25], "uv_size": [3, 5]},
								"east": {"uv": [44, 55], "uv_size": [1, 5]},
								"south": {"uv": [38, 42], "uv_size": [3, 5]},
								"west": {"uv": [45, 55], "uv_size": [1, 5]},
								"up": {"uv": [59, 41], "uv_size": [3, 1]},
								"down": {"uv": [59, 43], "uv_size": [3, -1]}
							}
						},
						{
							"origin": [-4.5, 14.72999, 3.17466],
							"size": [3, 5, 1],
							"uv": {
								"north": {"uv": [41, 42], "uv_size": [3, 5]},
								"east": {"uv": [46, 55], "uv_size": [1, 5]},
								"south": {"uv": [43, 0], "uv_size": [3, 5]},
								"west": {"uv": [52, 55], "uv_size": [1, 5]},
								"up": {"uv": [60, 4], "uv_size": [3, 1]},
								"down": {"uv": [60, 6], "uv_size": [3, -1]}
							}
						}
					]
				},
				{
					"name": "TouFa_Chang2",
					"parent": "TouFa_Chang",
					"pivot": [0, 19.15, 6.00833],
					"rotation": [-5, 0, 0]
				},
				{
					"name": "MaWei_A3",
					"parent": "Head_TouFa",
					"pivot": [4.9, 26.275, 4.725],
					"rotation": [3.13728, 55.14639, 1.29654],
					"cubes": [
						{
							"origin": [4.81113, 16.48644, 3.80115],
							"size": [2, 3, 1],
							"uv": {
								"north": {"uv": [51, 31], "uv_size": [2, 3]},
								"east": {"uv": [36, 60], "uv_size": [1, 3]},
								"south": {"uv": [51, 34], "uv_size": [2, 3]},
								"west": {"uv": [60, 36], "uv_size": [1, 3]},
								"up": {"uv": [63, 0], "uv_size": [2, 1]},
								"down": {"uv": [63, 2], "uv_size": [2, -1]}
							}
						}
					]
				},
				{
					"name": "MaWei11",
					"parent": "MaWei_A3",
					"pivot": [4.74167, 22.08333, 4.93333],
					"rotation": [12.45392, -1.08089, 4.88206]
				},
				{
					"name": "MaWei_A4",
					"parent": "Head_TouFa",
					"pivot": [-4.9, 26.275, 4.725],
					"rotation": [3.13728, -55.14639, -1.29654],
					"cubes": [
						{
							"origin": [-6.81113, 16.48644, 3.80115],
							"size": [2, 3, 1],
							"uv": {
								"north": {"uv": [47, 51], "uv_size": [2, 3]},
								"east": {"uv": [40, 60], "uv_size": [1, 3]},
								"south": {"uv": [49, 51], "uv_size": [2, 3]},
								"west": {"uv": [41, 60], "uv_size": [1, 3]},
								"up": {"uv": [2, 63], "uv_size": [2, 1]},
								"down": {"uv": [63, 3], "uv_size": [2, -1]}
							}
						}
					]
				},
				{
					"name": "MaWei2",
					"parent": "MaWei_A4",
					"pivot": [-4.74167, 22.08333, 4.93333],
					"rotation": [12.45392, 1.08089, -4.88206]
				},
				{
					"name": "MaWei_A2",
					"parent": "Head_TouFa",
					"pivot": [4.975, 25.925, 3.225],
					"rotation": [42.78411, 87.07391, 36.46912],
					"cubes": [
						{
							"origin": [5.18609, 16.18083, 2.31359],
							"size": [2, 3, 1],
							"uv": {
								"north": {"uv": [51, 51], "uv_size": [2, 3]},
								"east": {"uv": [42, 60], "uv_size": [1, 3]},
								"south": {"uv": [20, 52], "uv_size": [2, 3]},
								"west": {"uv": [43, 60], "uv_size": [1, 3]},
								"up": {"uv": [63, 3], "uv_size": [2, 1]},
								"down": {"uv": [4, 64], "uv_size": [2, -1]}
							}
						}
					]
				},
				{
					"name": "MaWei3",
					"parent": "MaWei_A2",
					"pivot": [4.81667, 21.73333, 3.43333],
					"rotation": [12.29526, -2.78166, 9.58676]
				},
				{
					"name": "MaWei_A5",
					"parent": "Head_TouFa",
					"pivot": [-4.975, 25.925, 3.225],
					"rotation": [42.78411, -87.07391, -36.46912],
					"cubes": [
						{
							"origin": [-7.18609, 16.18083, 2.31359],
							"size": [2, 3, 1],
							"uv": {
								"north": {"uv": [22, 52], "uv_size": [2, 3]},
								"east": {"uv": [60, 43], "uv_size": [1, 3]},
								"south": {"uv": [24, 52], "uv_size": [2, 3]},
								"west": {"uv": [44, 60], "uv_size": [1, 3]},
								"up": {"uv": [63, 4], "uv_size": [2, 1]},
								"down": {"uv": [63, 6], "uv_size": [2, -1]}
							}
						}
					]
				},
				{
					"name": "MaWei6",
					"parent": "MaWei_A5",
					"pivot": [-4.81667, 21.73333, 3.43333],
					"rotation": [12.29526, 2.78166, -9.58676]
				},
				{
					"name": "hdj",
					"parent": "Hair",
					"pivot": [-3.91584, 16.35782, 5.51953],
					"rotation": [10, 0, 0],
					"cubes": [
						{
							"origin": [-1.404, 20.60095, 11.48556],
							"size": [2.808, 2.708, 2.108],
							"inflate": 0.04,
							"pivot": [0, 15.47582, 7.37862],
							"rotation": [42.5, 0, 0],
							"uv": {
								"north": {"uv": [12, 44], "uv_size": [3, 3]},
								"east": {"uv": [53, 8], "uv_size": [2, 3]},
								"south": {"uv": [15, 44], "uv_size": [3, 3]},
								"west": {"uv": [53, 30], "uv_size": [2, 3]},
								"up": {"uv": [51, 37], "uv_size": [3, 2]},
								"down": {"uv": [52, 43], "uv_size": [3, -2]}
							}
						}
					]
				},
				{
					"name": "bone2",
					"parent": "hdj",
					"pivot": [1.06085, 16.01327, 5.52153],
					"cubes": [
						{
							"origin": [2.61556, 23.2545, 6.11923],
							"size": [4.25, 4, 1.1],
							"inflate": 0.002,
							"pivot": [-1.47401, 16.81609, 5.64453],
							"rotation": [0, 0, 4],
							"uv": {
								"north": {"uv": [4, 38], "uv_size": [4, 4]},
								"east": {"uv": [13, 57], "uv_size": [1, 4]},
								"south": {"uv": [38, 18], "uv_size": [4, 4]},
								"west": {"uv": [14, 57], "uv_size": [1, 4]},
								"up": {"uv": [56, 5], "uv_size": [4, 1]},
								"down": {"uv": [56, 28], "uv_size": [4, -1]}
							}
						},
						{
							"origin": [5.50275, 17.97409, 6.12123],
							"size": [5, 4, 1.1],
							"pivot": [1.06085, 16.01327, 5.52153],
							"rotation": [0, 0, -46],
							"uv": {
								"north": {"uv": [33, 3], "uv_size": [5, 4]},
								"east": {"uv": [15, 57], "uv_size": [1, 4]},
								"south": {"uv": [34, 37], "uv_size": [5, 4]},
								"west": {"uv": [57, 15], "uv_size": [1, 4]},
								"up": {"uv": [55, 8], "uv_size": [5, 1]},
								"down": {"uv": [55, 10], "uv_size": [5, -1]}
							}
						}
					]
				},
				{
					"name": "bone",
					"parent": "bone2",
					"pivot": [4.40059, 22.02328, 6.47123],
					"rotation": [5, 0, 0],
					"cubes": [
						{
							"origin": [2.81459, 18.9986, 5.92123],
							"size": [4, 4, 1.1],
							"pivot": [4.40059, 22.02328, 6.47123],
							"rotation": [0, 0, -46],
							"uv": {
								"north": {"uv": [38, 22], "uv_size": [4, 4]},
								"east": {"uv": [16, 57], "uv_size": [1, 4]},
								"south": {"uv": [38, 26], "uv_size": [4, 4]},
								"west": {"uv": [17, 57], "uv_size": [1, 4]},
								"up": {"uv": [56, 28], "uv_size": [4, 1]},
								"down": {"uv": [56, 39], "uv_size": [4, -1]}
							}
						},
						{
							"origin": [2.81459, 21.04796, 5.92123],
							"size": [4, 4, 1.1],
							"pivot": [4.40059, 22.02328, 6.47123],
							"rotation": [0, 0, -90],
							"uv": {
								"north": {"uv": [38, 30], "uv_size": [4, 4]},
								"east": {"uv": [18, 57], "uv_size": [1, 4]},
								"south": {"uv": [20, 39], "uv_size": [4, 4]},
								"west": {"uv": [57, 19], "uv_size": [1, 4]},
								"up": {"uv": [56, 39], "uv_size": [4, 1]},
								"down": {"uv": [57, 24], "uv_size": [4, -1]}
							}
						}
					]
				},
				{
					"name": "bone3",
					"parent": "hdj",
					"pivot": [1.06085, 16.01327, 5.52153],
					"cubes": [
						{
							"origin": [-6.86556, 23.2545, 6.11923],
							"size": [4.25, 4, 1.1],
							"inflate": 0.002,
							"pivot": [1.47401, 16.81609, 5.64453],
							"rotation": [0, 0, -4],
							"uv": {
								"north": {"uv": [24, 39], "uv_size": [4, 4]},
								"east": {"uv": [57, 30], "uv_size": [1, 4]},
								"south": {"uv": [28, 39], "uv_size": [4, 4]},
								"west": {"uv": [57, 34], "uv_size": [1, 4]},
								"up": {"uv": [57, 24], "uv_size": [4, 1]},
								"down": {"uv": [57, 26], "uv_size": [4, -1]}
							}
						},
						{
							"origin": [-10.50275, 17.97409, 6.12123],
							"size": [5, 4, 1.1],
							"pivot": [-1.06085, 16.01327, 5.52153],
							"rotation": [0, 0, 46],
							"uv": {
								"north": {"uv": [38, 3], "uv_size": [5, 4]},
								"east": {"uv": [57, 43], "uv_size": [1, 4]},
								"south": {"uv": [38, 7], "uv_size": [5, 4]},
								"west": {"uv": [57, 47], "uv_size": [1, 4]},
								"up": {"uv": [55, 10], "uv_size": [5, 1]},
								"down": {"uv": [55, 41], "uv_size": [5, -1]}
							}
						}
					]
				},
				{
					"name": "bone4",
					"parent": "bone3",
					"pivot": [4.40059, 22.02328, 6.47123],
					"rotation": [5, 0, 0],
					"cubes": [
						{
							"origin": [-6.81459, 18.9986, 5.92123],
							"size": [4, 4, 1.1],
							"pivot": [-4.40059, 22.02328, 6.47123],
							"rotation": [0, 0, 46],
							"uv": {
								"north": {"uv": [39, 34], "uv_size": [4, 4]},
								"east": {"uv": [57, 54], "uv_size": [1, 4]},
								"south": {"uv": [39, 38], "uv_size": [4, 4]},
								"west": {"uv": [58, 0], "uv_size": [1, 4]},
								"up": {"uv": [57, 26], "uv_size": [4, 1]},
								"down": {"uv": [58, 12], "uv_size": [4, -1]}
							}
						},
						{
							"origin": [-6.81459, 21.04796, 5.92123],
							"size": [4, 4, 1.1],
							"pivot": [-4.40059, 22.02328, 6.47123],
							"rotation": [0, 0, 90],
							"uv": {
								"north": {"uv": [12, 40], "uv_size": [4, 4]},
								"east": {"uv": [58, 12], "uv_size": [1, 4]},
								"south": {"uv": [16, 40], "uv_size": [4, 4]},
								"west": {"uv": [58, 16], "uv_size": [1, 4]},
								"up": {"uv": [58, 20], "uv_size": [4, 1]},
								"down": {"uv": [58, 22], "uv_size": [4, -1]}
							}
						}
					]
				},
				{
					"name": "Arm",
					"parent": "UpBody",
					"pivot": [0, 13, 0]
				},
				{
					"name": "Right",
					"parent": "Arm",
					"pivot": [-2.75, 12.8, 0]
				},
				{
					"name": "RightArm",
					"parent": "Right",
					"pivot": [-2.75, 12.8, 0],
					"rotation": [0, 0, 52.5],
					"cubes": [
						{
							"origin": [-3.7176, 10.19955, -1],
							"size": [2, 3, 2],
							"uv": {
								"north": {"uv": [53, 33], "uv_size": [2, 3]},
								"east": {"uv": [53, 51], "uv_size": [2, 3]},
								"south": {"uv": [54, 0], "uv_size": [2, 3]},
								"west": {"uv": [54, 3], "uv_size": [2, 3]},
								"up": {"uv": [32, 39], "uv_size": [2, 2]},
								"down": {"uv": [58, 32], "uv_size": [2, -2]}
							}
						},
						{
							"origin": [-3.12797, 9.62395, -0.75],
							"size": [1.4, 1.4, 1.5],
							"pivot": [-2.72797, 10.6235, 0],
							"rotation": [90, 45, 90],
							"uv": {
								"north": {"uv": [65, 54], "uv_size": [1, 1]},
								"east": {"uv": [6, 63], "uv_size": [2, 1]},
								"south": {"uv": [55, 65], "uv_size": [1, 1]},
								"west": {"uv": [63, 6], "uv_size": [2, 1]},
								"up": {"uv": [63, 7], "uv_size": [1, 2]},
								"down": {"uv": [8, 65], "uv_size": [1, -2]}
							}
						}
					]
				},
				{
					"name": "RightForeArm",
					"parent": "RightArm",
					"pivot": [-2.7176, 10.19955, 0],
					"cubes": [
						{
							"origin": [-3.7176, 6.19955, -1],
							"size": [2, 4, 2],
							"uv": {
								"north": {"uv": [45, 19], "uv_size": [2, 4]},
								"east": {"uv": [45, 23], "uv_size": [2, 4]},
								"south": {"uv": [45, 27], "uv_size": [2, 4]},
								"west": {"uv": [46, 0], "uv_size": [2, 4]},
								"up": {"uv": [58, 32], "uv_size": [2, 2]},
								"down": {"uv": [58, 36], "uv_size": [2, -2]}
							}
						}
					]
				},
				{
					"name": "RightHandLocator",
					"parent": "RightForeArm",
					"pivot": [-2.6426, 7.27455, 0.125]
				},
				{
					"name": "Left",
					"parent": "Arm",
					"pivot": [2.75, 12.8, 0]
				},
				{
					"name": "LeftArm",
					"parent": "Left",
					"pivot": [2.75, 12.8, 0],
					"rotation": [0, 0, -52.5],
					"cubes": [
						{
							"origin": [1.7176, 10.19955, -1],
							"size": [2, 3, 2],
							"uv": {
								"north": {"uv": [7, 54], "uv_size": [2, 3]},
								"east": {"uv": [9, 54], "uv_size": [2, 3]},
								"south": {"uv": [11, 54], "uv_size": [2, 3]},
								"west": {"uv": [54, 11], "uv_size": [2, 3]},
								"up": {"uv": [58, 36], "uv_size": [2, 2]},
								"down": {"uv": [58, 45], "uv_size": [2, -2]}
							}
						},
						{
							"origin": [1.82765, 9.58239, -0.75],
							"size": [1.4, 1.4, 1.5],
							"pivot": [2.72765, 10.48239, 0],
							"rotation": [90, -45, -90],
							"uv": {
								"north": {"uv": [65, 55], "uv_size": [1, 1]},
								"east": {"uv": [9, 63], "uv_size": [2, 1]},
								"south": {"uv": [56, 65], "uv_size": [1, 1]},
								"west": {"uv": [63, 9], "uv_size": [2, 1]},
								"up": {"uv": [11, 63], "uv_size": [1, 2]},
								"down": {"uv": [12, 65], "uv_size": [1, -2]}
							}
						}
					]
				},
				{
					"name": "LeftForeArm",
					"parent": "LeftArm",
					"pivot": [2.7176, 10.19955, 0],
					"cubes": [
						{
							"origin": [1.7176, 6.19955, -1],
							"size": [2, 4, 2],
							"uv": {
								"north": {"uv": [46, 4], "uv_size": [2, 4]},
								"east": {"uv": [46, 11], "uv_size": [2, 4]},
								"south": {"uv": [31, 46], "uv_size": [2, 4]},
								"west": {"uv": [46, 31], "uv_size": [2, 4]},
								"up": {"uv": [58, 45], "uv_size": [2, 2]},
								"down": {"uv": [58, 49], "uv_size": [2, -2]}
							}
						}
					]
				},
				{
					"name": "LeftHandLocator",
					"parent": "LeftForeArm",
					"pivot": [3.07263, 7.2105, -0.175]
				},
				{
					"name": "Breast",
					"parent": "UpBody",
					"pivot": [0, 1, 0]
				},
				{
					"name": "BackpackLocator",
					"parent": "UpBody",
					"pivot": [0, 13, 0]
				},
				{
					"name": "LeftWaistLocator",
					"parent": "UpBody",
					"pivot": [2.5, 10, 0],
					"rotation": [-5, 0, 0]
				},
				{
					"name": "RightWaistLocator",
					"parent": "UpBody",
					"pivot": [-2.5, 10, 0],
					"rotation": [-25, 0, 0]
				},
				{
					"name": "DownBody",
					"parent": "AllBody",
					"pivot": [0, 7, 0]
				},
				{
					"name": "Leg",
					"parent": "DownBody",
					"pivot": [0, 6.5, 0]
				},
				{
					"name": "LeftLeg",
					"parent": "Leg",
					"pivot": [2, 6.75, 0],
					"cubes": [
						{
							"origin": [0.9, 4, -1],
							"size": [2, 3, 2],
							"uv": {
								"north": {"uv": [13, 54], "uv_size": [2, 3]},
								"east": {"uv": [54, 14], "uv_size": [2, 3]},
								"south": {"uv": [15, 54], "uv_size": [2, 3]},
								"west": {"uv": [17, 54], "uv_size": [2, 3]},
								"up": {"uv": [58, 49], "uv_size": [2, 2]},
								"down": {"uv": [58, 56], "uv_size": [2, -2]}
							}
						},
						{
							"origin": [1.15, 3.32071, -0.76005],
							"size": [1.5, 1.4, 1.4],
							"pivot": [1.9, 4.07071, -0.01005],
							"rotation": [45, 0, 0],
							"uv": {
								"north": {"uv": [63, 10], "uv_size": [2, 1]},
								"east": {"uv": [65, 56], "uv_size": [1, 1]},
								"south": {"uv": [63, 12], "uv_size": [2, 1]},
								"west": {"uv": [57, 65], "uv_size": [1, 1]},
								"up": {"uv": [13, 63], "uv_size": [2, 1]},
								"down": {"uv": [63, 14], "uv_size": [2, -1]}
							}
						}
					]
				},
				{
					"name": "LeftLowerLeg",
					"parent": "LeftLeg",
					"pivot": [2, 4, 0],
					"cubes": [
						{
							"origin": [0.9, 0, -1],
							"size": [2, 4, 2],
							"uv": {
								"north": {"uv": [33, 46], "uv_size": [2, 4]},
								"east": {"uv": [35, 46], "uv_size": [2, 4]},
								"south": {"uv": [46, 35], "uv_size": [2, 4]},
								"west": {"uv": [46, 43], "uv_size": [2, 4]},
								"up": {"uv": [58, 56], "uv_size": [2, 2]},
								"down": {"uv": [57, 60], "uv_size": [2, -2]}
							}
						}
					]
				},
				{
					"name": "RightLeg",
					"parent": "Leg",
					"pivot": [-2, 6.5, 0],
					"cubes": [
						{
							"origin": [-2.9, 4, -1],
							"size": [2, 3, 2],
							"uv": {
								"north": {"uv": [54, 17], "uv_size": [2, 3]},
								"east": {"uv": [54, 20], "uv_size": [2, 3]},
								"south": {"uv": [54, 23], "uv_size": [2, 3]},
								"west": {"uv": [54, 26], "uv_size": [2, 3]},
								"up": {"uv": [59, 0], "uv_size": [2, 2]},
								"down": {"uv": [59, 4], "uv_size": [2, -2]}
							}
						},
						{
							"origin": [-2.65, 3.32071, -0.76005],
							"size": [1.5, 1.4, 1.4],
							"pivot": [-1.9, 4.07071, -0.01005],
							"rotation": [45, 0, 0],
							"uv": {
								"north": {"uv": [15, 63], "uv_size": [2, 1]},
								"east": {"uv": [65, 57], "uv_size": [1, 1]},
								"south": {"uv": [63, 16], "uv_size": [2, 1]},
								"west": {"uv": [58, 65], "uv_size": [1, 1]},
								"up": {"uv": [17, 63], "uv_size": [2, 1]},
								"down": {"uv": [63, 18], "uv_size": [2, -1]}
							}
						}
					]
				},
				{
					"name": "RightLowerLeg",
					"parent": "RightLeg",
					"pivot": [-2, 4, 0],
					"cubes": [
						{
							"origin": [-2.9, 0, -1],
							"size": [2, 4, 2],
							"uv": {
								"north": {"uv": [0, 47], "uv_size": [2, 4]},
								"east": {"uv": [2, 47], "uv_size": [2, 4]},
								"south": {"uv": [4, 47], "uv_size": [2, 4]},
								"west": {"uv": [6, 47], "uv_size": [2, 4]},
								"up": {"uv": [59, 6], "uv_size": [2, 2]},
								"down": {"uv": [59, 14], "uv_size": [2, -2]}
							}
						}
					]
				}
			]
		}
	]
}