{
	"pack_name": "{maid_pack.tall_maid.name}",
	"author": ["JojoLuwinski"],
	"description": ["{maid_pack.tall_maid.desc}"],
	"icon": "tall_maid:textures/tall_maid_icon.png",
	"date": "2022-01-14",
	"version": "1.0.0",
	"model_list": [
		{
			"model_id": "tall_maid:default",
			"model": "tall_maid:models/entity/tall_maid_one.json",
			"texture": "tall_maid:textures/entity/tall_maid_1.png",
			"name": "{model.tall_maid.mob_tallmaid0.desc}",
			"description": ["{maid_pack.tall_maid.desc}"],
			"animation": ["touhou_little_maid:animation/maid/default/head/default.js", "touhou_little_maid:animation/maid/default/head/beg.js", "touhou_little_maid:animation/maid/default/head/music_shake.js", "touhou_little_maid:animation/maid/default/sit/skirt_hidden.js", "touhou_little_maid:animation/maid/default/sit/skirt_rotation.js", "touhou_little_maid:animation/maid/default/arm/default.js", "touhou_little_maid:animation/maid/default/arm/swing.js", "touhou_little_maid:animation/maid/default/leg/default.js", "touhou_little_maid:animation/maid/default/sit/default.js"]
		},
		{
			"model_id": "tall_maid:brown_hair_maid",
			"model": "tall_maid:models/entity/tall_maid_one.json",
			"texture": "tall_maid:textures/entity/tall_maid_2.png",
			"name": "{model.tall_maid.mob_tallmaid1.desc}",
			"description": ["{maid_pack.tall_maid.desc}"],
			"animation": ["touhou_little_maid:animation/maid/default/head/default.js", "touhou_little_maid:animation/maid/default/head/beg.js", "touhou_little_maid:animation/maid/default/head/music_shake.js", "touhou_little_maid:animation/maid/default/sit/skirt_hidden.js", "touhou_little_maid:animation/maid/default/sit/skirt_rotation.js", "touhou_little_maid:animation/maid/default/arm/default.js", "touhou_little_maid:animation/maid/default/arm/swing.js", "touhou_little_maid:animation/maid/default/leg/default.js", "touhou_little_maid:animation/maid/default/sit/default.js"]
		},
		{
			"model_id": "tall_maid:blonde_hair_maid",
			"model": "tall_maid:models/entity/tall_maid_one.json",
			"texture": "tall_maid:textures/entity/tall_maid_3.png",
			"name": "{model.tall_maid.mob_tallmaid2.desc}",
			"description": ["{maid_pack.tall_maid.desc}"],
			"animation": ["touhou_little_maid:animation/maid/default/head/default.js", "touhou_little_maid:animation/maid/default/head/beg.js", "touhou_little_maid:animation/maid/default/head/music_shake.js", "touhou_little_maid:animation/maid/default/sit/skirt_hidden.js", "touhou_little_maid:animation/maid/default/sit/skirt_rotation.js", "touhou_little_maid:animation/maid/default/arm/default.js", "touhou_little_maid:animation/maid/default/arm/swing.js", "touhou_little_maid:animation/maid/default/leg/default.js", "touhou_little_maid:animation/maid/default/sit/default.js"]
		}
	]
}