{
	"format_version": "1.8.0",
	"animations": {
		"death": {
			"loop": "hold_on_last_frame",
			"animation_length": 1,
			"bones": {
				"Root": {
					"rotation": {
						"0.0": {
							"post": [0, 0, 0],
							"lerp_mode": "catmullrom"
						}
					},
					"position": {
						"0.0": {
							"post": [0, 0, 0],
							"lerp_mode": "catmullrom"
						},
						"0.2083": {
							"post": [0, -3, 0],
							"lerp_mode": "catmullrom"
						},
						"1.0": {
							"post": [0, -7, 0],
							"lerp_mode": "catmullrom"
						}
					},
					"scale": {
						"0.0": {
							"post": [1, 1, 1],
							"lerp_mode": "catmullrom"
						}
					}
				},
				"UpBody": {
					"rotation": {
						"0.0": {
							"post": [0, 0, 0],
							"lerp_mode": "catmullrom"
						},
						"0.0833": {
							"post": [5, 0, 0],
							"lerp_mode": "catmullrom"
						},
						"0.1667": {
							"post": [-24.83417, -7.76009, -1.50304],
							"lerp_mode": "catmullrom"
						},
						"0.2083": {
							"post": [-9.90252, -7.71304, -1.49392],
							"lerp_mode": "catmullrom"
						},
						"0.25": {
							"post": [30.72512, -12.43469, -3.14489],
							"lerp_mode": "catmullrom"
						},
						"0.2917": {
							"post": [30.00228, -3.80058, 1.95635],
							"lerp_mode": "catmullrom"
						},
						"0.4167": {
							"post": [33.75667, -6.05763, -2.54723],
							"lerp_mode": "catmullrom"
						},
						"0.625": {
							"post": [35.52425, -9.92737, -2.40285],
							"lerp_mode": "catmullrom"
						},
						"0.7083": {
							"post": [-4.38559, 3.22137, 6.32168],
							"lerp_mode": "catmullrom"
						},
						"0.8333": {
							"post": [-50.64045, -8.07988, 12.37047],
							"lerp_mode": "catmullrom"
						},
						"0.9167": {
							"post": [0, 0, 0],
							"lerp_mode": "catmullrom"
						},
						"1.0": {
							"post": [0, 0, 0],
							"lerp_mode": "catmullrom"
						}
					},
					"position": {
						"0.0": {
							"post": [0, 0, 0],
							"lerp_mode": "catmullrom"
						}
					}
				},
				"UpperBody": {
					"rotation": {
						"0.0": {
							"post": [0, 0, 0],
							"lerp_mode": "catmullrom"
						}
					},
					"position": {
						"0.0": {
							"post": [0, 0, 0],
							"lerp_mode": "catmullrom"
						}
					}
				},
				"LeftArm": {
					"rotation": {
						"0.0": {
							"post": [0, 0, 0],
							"lerp_mode": "catmullrom"
						},
						"0.0833": {
							"post": [12.66, 0, 0],
							"lerp_mode": "catmullrom"
						},
						"0.1667": {
							"post": [50, 0, 0],
							"lerp_mode": "catmullrom"
						},
						"0.25": {
							"post": [15, 0, 0],
							"lerp_mode": "catmullrom"
						},
						"0.2917": {
							"post": [-45, 0, 0],
							"lerp_mode": "catmullrom"
						},
						"0.4167": {
							"post": [-27.20276, 0.2671, 2.05803],
							"lerp_mode": "catmullrom"
						},
						"0.5417": {
							"post": [-35, 0, 0],
							"lerp_mode": "catmullrom"
						},
						"0.7083": {
							"post": [-65, 0, 0],
							"lerp_mode": "catmullrom"
						},
						"0.7917": {
							"post": [-95, 0, 0],
							"lerp_mode": "catmullrom"
						},
						"0.8333": {
							"post": [-70.31272, 12.04265, -11.74902],
							"lerp_mode": "catmullrom"
						},
						"0.875": {
							"post": [-67.34001, -41.14298, -35.64199],
							"lerp_mode": "catmullrom"
						},
						"0.9167": {
							"post": [-30.55376, -82.04275, -64.99123],
							"lerp_mode": "catmullrom"
						},
						"1.0": {
							"post": [-30.55376, -82.04275, -64.99123],
							"lerp_mode": "catmullrom"
						}
					},
					"position": {
						"0.0": {
							"post": [0, 0, 0],
							"lerp_mode": "catmullrom"
						}
					}
				},
				"LeftForeArm": {
					"rotation": {
						"0.0417": {
							"pre": [0, 0, 0],
							"post": [0, 0, 0],
							"lerp_mode": "catmullrom"
						},
						"0.2083": {
							"post": [12.5, 0, 0],
							"lerp_mode": "catmullrom"
						},
						"0.25": {
							"post": [-37.5, 0, 0],
							"lerp_mode": "catmullrom"
						},
						"0.3333": {
							"post": [-22.5, 0, 0],
							"lerp_mode": "catmullrom"
						},
						"0.4583": {
							"post": [2.5, 0, 0],
							"lerp_mode": "catmullrom"
						},
						"0.6667": {
							"post": [-39.64, 0, 0],
							"lerp_mode": "catmullrom"
						},
						"0.7917": {
							"post": [-55, 0, 0],
							"lerp_mode": "catmullrom"
						},
						"0.875": {
							"post": [0, 0, 0],
							"lerp_mode": "catmullrom"
						},
						"1.0": {
							"post": [0, 0, 0],
							"lerp_mode": "catmullrom"
						}
					}
				},
				"RightArm": {
					"rotation": {
						"0.0": {
							"post": [0, 0, 0],
							"lerp_mode": "catmullrom"
						},
						"0.0833": {
							"post": [12.66, 0, 0],
							"lerp_mode": "catmullrom"
						},
						"0.1667": {
							"post": [50, 0, 0],
							"lerp_mode": "catmullrom"
						},
						"0.25": {
							"post": [15, 0, 0],
							"lerp_mode": "catmullrom"
						},
						"0.2917": {
							"post": [-45, 0, 0],
							"lerp_mode": "catmullrom"
						},
						"0.5": {
							"post": [-25, 0, 0],
							"lerp_mode": "catmullrom"
						},
						"0.625": {
							"post": [-27.5, 0, 0],
							"lerp_mode": "catmullrom"
						},
						"0.7083": {
							"post": [-27.5, 0, 0],
							"lerp_mode": "catmullrom"
						},
						"0.7917": {
							"post": [35, 0, 0],
							"lerp_mode": "catmullrom"
						},
						"0.875": {
							"post": [12.5, 0, 0],
							"lerp_mode": "catmullrom"
						},
						"0.9167": {
							"post": [2.34, 0, 0],
							"lerp_mode": "catmullrom"
						},
						"0.9583": {
							"post": [3.03, 0, 0],
							"lerp_mode": "catmullrom"
						},
						"1.0": {
							"post": [0, 0, 0],
							"lerp_mode": "catmullrom"
						}
					},
					"position": {
						"0.0": {
							"post": [0, 0, 0],
							"lerp_mode": "catmullrom"
						}
					}
				},
				"RightForeArm": {
					"rotation": {
						"0.0417": {
							"pre": [0, 0, 0],
							"post": [0, 0, 0],
							"lerp_mode": "catmullrom"
						},
						"0.2083": {
							"post": [12.5, 0, 0],
							"lerp_mode": "catmullrom"
						},
						"0.25": {
							"post": [-37.5, 0, 0],
							"lerp_mode": "catmullrom"
						},
						"0.3333": {
							"post": [-22.5, 0, 0],
							"lerp_mode": "catmullrom"
						},
						"0.5417": {
							"post": [2.5, 0, 0],
							"lerp_mode": "catmullrom"
						},
						"0.6667": {
							"post": [-4.64, 0, 0],
							"lerp_mode": "catmullrom"
						},
						"0.7917": {
							"post": [10, 0, 0],
							"lerp_mode": "catmullrom"
						},
						"0.875": {
							"post": [0, 0, 0],
							"lerp_mode": "catmullrom"
						},
						"1.0": {
							"post": [0, 0, 0],
							"lerp_mode": "catmullrom"
						}
					},
					"position": {
						"0.0": {
							"post": [0, 0, 0],
							"lerp_mode": "catmullrom"
						}
					}
				},
				"LeftLeg": {
					"rotation": {
						"0.0": {
							"post": [0, 0, 0],
							"lerp_mode": "catmullrom"
						},
						"0.125": {
							"post": [-25, 0, 0],
							"lerp_mode": "catmullrom"
						},
						"0.2083": {
							"post": [-57.60889, -20.45451, -9.82134],
							"lerp_mode": "catmullrom"
						},
						"0.25": {
							"post": [-56.90483, -21.58105, -10.36225],
							"lerp_mode": "catmullrom"
						},
						"0.4583": {
							"post": [-47.93354, -21.20318, -12.20191],
							"lerp_mode": "catmullrom"
						},
						"0.7083": {
							"post": [-47.66887, -25.04508, -9.47576],
							"lerp_mode": "catmullrom"
						},
						"0.75": {
							"post": [-27.28171, -30.55147, -1.05229],
							"lerp_mode": "catmullrom"
						},
						"0.8333": {
							"post": [-2.49753, -17.31941, -3.12638],
							"lerp_mode": "catmullrom"
						},
						"0.9167": {
							"post": [-1.69457, -14.91244, -5.82147],
							"lerp_mode": "catmullrom"
						},
						"1.0": {
							"post": [-1.69457, -14.91244, -5.82147],
							"lerp_mode": "catmullrom"
						}
					},
					"position": {
						"0.0": {
							"post": [0, 0, 0],
							"lerp_mode": "catmullrom"
						}
					}
				},
				"LeftLowerLeg": {
					"rotation": {
						"0.0": {
							"post": [0, 0, 0],
							"lerp_mode": "catmullrom"
						},
						"0.125": {
							"post": [62.5, 0, 0],
							"lerp_mode": "catmullrom"
						},
						"0.2083": {
							"post": [150, 0, 0],
							"lerp_mode": "catmullrom"
						},
						"0.25": {
							"post": [149.82, 0, 0],
							"lerp_mode": "catmullrom"
						},
						"0.4583": {
							"post": [145.34, 0, 0],
							"lerp_mode": "catmullrom"
						},
						"0.7083": {
							"post": [129.75, 0, 0],
							"lerp_mode": "catmullrom"
						},
						"0.75": {
							"post": [77.53, 0, 0],
							"lerp_mode": "catmullrom"
						},
						"0.8333": {
							"post": [2.25, 0, 0],
							"lerp_mode": "catmullrom"
						},
						"0.9167": {
							"post": [2.25, 0, 0],
							"lerp_mode": "catmullrom"
						},
						"1.0": {
							"post": [2.25, 0, 0],
							"lerp_mode": "catmullrom"
						}
					},
					"position": {
						"0.0": {
							"post": [0, 0, 0],
							"lerp_mode": "catmullrom"
						}
					}
				},
				"LeftFoot": {
					"rotation": {
						"0.0": {
							"post": [0, 0, 0],
							"lerp_mode": "catmullrom"
						},
						"0.0833": {
							"post": [27.5, 0, 0],
							"lerp_mode": "catmullrom"
						},
						"0.2083": {
							"post": [60.21271, -3.74196, -6.50446],
							"lerp_mode": "catmullrom"
						},
						"0.25": {
							"post": [60.21271, -3.74196, -6.50446],
							"lerp_mode": "catmullrom"
						},
						"0.7083": {
							"post": [60.21271, -3.74196, -6.50446],
							"lerp_mode": "catmullrom"
						}
					},
					"position": {
						"0.0": {
							"post": [0, 0, 0],
							"lerp_mode": "catmullrom"
						}
					}
				},
				"RightLeg": {
					"rotation": {
						"0.0": {
							"post": [0, 0, 0],
							"lerp_mode": "catmullrom"
						},
						"0.125": {
							"post": [-6.61955, 9.96156, 5.07673],
							"lerp_mode": "catmullrom"
						},
						"0.2083": {
							"post": [-59.30953, -2.92881, 10.87865],
							"lerp_mode": "catmullrom"
						},
						"0.25": {
							"post": [-59.71144, -3.63875, 11.19819],
							"lerp_mode": "catmullrom"
						},
						"0.4583": {
							"post": [-51.67332, -4.51315, 10.85223],
							"lerp_mode": "catmullrom"
						},
						"0.7083": {
							"post": [-49.41814, -3.13239, 11.2312],
							"lerp_mode": "catmullrom"
						},
						"0.75": {
							"post": [-22.93159, 6.93068, 12.25452],
							"lerp_mode": "catmullrom"
						},
						"0.8333": {
							"post": [-1.94044, 0.9156, 17.30341],
							"lerp_mode": "catmullrom"
						},
						"0.9167": {
							"post": [-1.94044, 0.9156, 17.30341],
							"lerp_mode": "catmullrom"
						},
						"1.0": {
							"post": [-1.94044, 0.9156, 17.30341],
							"lerp_mode": "catmullrom"
						}
					},
					"position": {
						"0.0": {
							"post": [0, 0, 0],
							"lerp_mode": "catmullrom"
						}
					}
				},
				"RightLowerLeg": {
					"rotation": {
						"0.0": {
							"post": [0, 0, 0],
							"lerp_mode": "catmullrom"
						},
						"0.125": {
							"post": [42.5, 0, 0],
							"lerp_mode": "catmullrom"
						},
						"0.2083": {
							"post": [150, 0, 0],
							"lerp_mode": "catmullrom"
						},
						"0.25": {
							"post": [153.42, 0, 0],
							"lerp_mode": "catmullrom"
						},
						"0.4583": {
							"post": [148.37, 0, 0],
							"lerp_mode": "catmullrom"
						},
						"0.7083": {
							"post": [127, 0, 0],
							"lerp_mode": "catmullrom"
						},
						"0.8333": {
							"post": [2, 0, 0],
							"lerp_mode": "catmullrom"
						},
						"0.9167": {
							"post": [2, 0, 0],
							"lerp_mode": "catmullrom"
						},
						"1.0": {
							"post": [2, 0, 0],
							"lerp_mode": "catmullrom"
						}
					},
					"position": {
						"0.0": {
							"post": [0, 0, 0],
							"lerp_mode": "catmullrom"
						}
					}
				},
				"RightFoot": {
					"rotation": {
						"0.0": {
							"post": [0, 0, 0],
							"lerp_mode": "catmullrom"
						},
						"0.125": {
							"post": [-22.5, 0, 0],
							"lerp_mode": "catmullrom"
						},
						"0.2083": {
							"post": [55, 0, 0],
							"lerp_mode": "catmullrom"
						},
						"0.25": {
							"post": [55, 0, 0],
							"lerp_mode": "catmullrom"
						},
						"0.7083": {
							"post": [55, 0, 0],
							"lerp_mode": "catmullrom"
						}
					},
					"position": {
						"0.0": {
							"post": [0, 0, 0],
							"lerp_mode": "catmullrom"
						}
					}
				},
				"AllBody": {
					"rotation": {
						"0.0": {
							"post": [0, 0, 0],
							"lerp_mode": "catmullrom"
						},
						"0.0417": [-0.06619, 0, 0],
						"0.0833": [-0.35199, 0, 0],
						"0.125": [-0.98057, 0, 0],
						"0.1667": [-1.9204, 0, 0],
						"0.25": [-4.16, 0, 0],
						"0.2917": [-5.19423, 0, 0],
						"0.3333": [-6.02893, 0, 0],
						"0.375": [-6.67508, 0, 0],
						"0.4167": [-7.12217, 0, 0],
						"0.4583": [-7.34235, 0, 0],
						"0.5": [-7.28629, 0, 0],
						"0.5417": [-6.86874, 0, 0],
						"0.5833": [-5.92952, 0, 0],
						"0.625": [-4.10317, 0, 0],
						"0.6667": [0, 0, 0],
						"0.7083": [15.36757, 0, 0],
						"0.75": [42.35391, 0, 0],
						"0.7917": [72.12795, 0, 0],
						"0.8333": {
							"pre": [90, 0, 0],
							"post": [90, 0, 0],
							"lerp_mode": "catmullrom"
						},
						"0.9167": {
							"post": [90, 0, 0],
							"lerp_mode": "catmullrom"
						},
						"1.0": {
							"post": [90, 0, 0],
							"lerp_mode": "catmullrom"
						}
					},
					"position": {
						"0.0": {
							"post": [0, 0, 0],
							"lerp_mode": "catmullrom"
						}
					},
					"scale": {
						"0.0": {
							"post": [1, 1, 1],
							"lerp_mode": "catmullrom"
						}
					}
				},
				"AllHead": {
					"rotation": {
						"0.0": {
							"post": [0, 0, 0],
							"lerp_mode": "catmullrom"
						}
					},
					"position": {
						"0.0": {
							"post": [0, 0, 0],
							"lerp_mode": "catmullrom"
						}
					}
				},
				"Head": {
					"rotation": {
						"0.0": {
							"post": [0, 0, 0],
							"lerp_mode": "catmullrom"
						},
						"0.0833": {
							"post": [13.34, 0, 0],
							"lerp_mode": "catmullrom"
						},
						"0.2083": {
							"post": [-32.5, 0, 0],
							"lerp_mode": "catmullrom"
						},
						"0.25": {
							"post": [60, 0, 0],
							"lerp_mode": "catmullrom"
						},
						"0.4167": {
							"post": [52.56874, 3.50447, 0.46365],
							"lerp_mode": "catmullrom"
						},
						"0.6667": {
							"post": [54.92064, 0.63499, -3.63409],
							"lerp_mode": "catmullrom"
						},
						"0.7917": {
							"post": [-0.07936, 0.63499, -3.63409],
							"lerp_mode": "catmullrom"
						},
						"0.9167": {
							"post": [0, 0, 0],
							"lerp_mode": "catmullrom"
						},
						"1.0": {
							"post": [0, 0, 0],
							"lerp_mode": "catmullrom"
						}
					},
					"position": {
						"0.0": {
							"post": [0, 0, 0],
							"lerp_mode": "catmullrom"
						}
					}
				}
			}
		},
		"idle": {
			"loop": true,
			"animation_length": 1,
			"bones": {
				"Root": {
					"rotation": [0, 0, 0]
				},
				"UpBody": {
					"rotation": [-10, 0, 0],
					"position": {
						"0.0": [-0.1, 0, 0],
						"0.0833": [0, 0.1, 0],
						"0.1667": [0.1, 0, 0],
						"0.5": [0.1, 0, 0],
						"0.5833": [0, 0.1, 0],
						"0.6667": [-0.1, 0, 0]
					}
				},
				"LeftForeArm": {
					"rotation": ["(ysm.has_offhand) ? 0 : 90", 0, "(ysm.has_offhand) ? 0 : 90"],
					"position": [0, 0, 0]
				},
				"RightArm": {
					"rotation": [0, 90, 0],
					"position": [0, 0, 0]
				},
				"RightForeArm": {
					"rotation": ["(ysm.has_mainhand) ? 0 : 90", 0, "(ysm.has_mainhand) ? 0 : -90"],
					"position": [0, 0, 0]
				},
				"LeftLeg": {
					"rotation": [0, 0, -20],
					"position": [0, 0, 0]
				},
				"LeftLowerLeg": {
					"rotation": [0, 0, 0],
					"position": [0, 0, 0]
				},
				"LeftFoot": {
					"rotation": [0, 0, 0],
					"position": [0, 0, 0]
				},
				"RightLeg": {
					"rotation": [0, 0, 20],
					"position": [0, 0, 0]
				},
				"RightLowerLeg": {
					"rotation": [0, 0, 0],
					"position": [0, 0, 0]
				},
				"RightFoot": {
					"rotation": [0, 0, 0],
					"position": [0, 0, 0]
				},
				"AllBody": {
					"rotation": [0, 0, 0],
					"position": [0, 0, 0]
				},
				"AllHead": {
					"rotation": [0, 0, 0],
					"position": [0, 0, 0]
				},
				"Head": {
					"rotation": [0, 0, 0],
					"position": [0, 0, 0]
				},
				"Leg": {
					"rotation": [10, 0, 0]
				},
				"LeftArm": {
					"rotation": [0, -90, 0]
				}
			}
		},
		"walk": {
			"loop": true,
			"animation_length": 0.6667,
			"bones": {
				"LeftFoot": {
					"rotation": {
						"0.0": [-2.5, 0, 0],
						"0.0417": [-11.72, 0, 0],
						"0.0833": [-15, 0, 0],
						"0.125": [-5.99, 0, 0],
						"0.1667": [8.6, 0, 0],
						"0.2083": [23.26, 0, 0],
						"0.25": [32.5, 0, 0],
						"0.2917": [30.78, 0, 0],
						"0.3333": [22.5, 0, 0],
						"0.375": [18.91, 0, 0],
						"0.4167": [17.5, 0, 0],
						"0.4583": [19.32, 0, 0],
						"0.5": [22.66, 0, 0],
						"0.5417": [25.29, 0, 0],
						"0.5833": [25, 0, 0],
						"0.625": [11.72, 0, 0],
						"0.6667": [-2.5, 0, 0]
					}
				},
				"RightFoot": {
					"rotation": {
						"0.0": [22.5, 0, 0],
						"0.0417": [19.53, 0, 0],
						"0.0833": [17.5, 0, 0],
						"0.125": [19.32, 0, 0],
						"0.1667": [22.66, 0, 0],
						"0.2083": [25.29, 0, 0],
						"0.25": [25, 0, 0],
						"0.2917": [12.49, 0, 0],
						"0.3333": [-2.5, 0, 0],
						"0.375": [-13.44, 0, 0],
						"0.4167": [-15, 0, 0],
						"0.4583": [-6, 0, 0],
						"0.5": [8.59, 0, 0],
						"0.5417": [23.27, 0, 0],
						"0.5833": [32.5, 0, 0],
						"0.625": [30.47, 0, 0],
						"0.6667": [22.5, 0, 0]
					}
				},
				"bing": {
					"scale": "query.actor_count<1"
				},
				"qingwa2": {
					"scale": "query.actor_count<1"
				},
				"Root": {
					"rotation": {
						"0.0": [-12.5, 0, 0],
						"0.0833": [-17.5, 0, 0],
						"0.1667": [-12.5, 0, 0],
						"0.25": [-17.5, 0, 0],
						"0.3333": [-12.5, 0, 0],
						"0.4167": [-17.5, 0, 0],
						"0.5": [-12.5, 0, 0],
						"0.5833": [-17.5, 0, 0],
						"0.6667": [-12.5, 0, 0]
					},
					"position": [0, 0, -3]
				},
				"Head": {
					"rotation": [-17.5, 0, 0],
					"position": [0, -0.33664, 0.79163]
				},
				"Arm": {
					"rotation": [120, 0, 0],
					"position": [0, -0.34911, 0.20511]
				},
				"LeftLeg": {
					"rotation": {
						"0.0": [50, 0, -10],
						"0.0417": [-25, 0, -10],
						"0.0833": [50, 0, -10],
						"0.125": [-25, 0, -10],
						"0.1667": [50, 0, -10],
						"0.2083": [-25, 0, -10],
						"0.25": [50, 0, -10],
						"0.2917": [-25, 0, -10],
						"0.3333": [50, 0, -10],
						"0.375": [-25, 0, -10],
						"0.4167": [50, 0, -10],
						"0.4583": [-25, 0, -10],
						"0.5": [50, 0, -10],
						"0.5417": [-25, 0, -10],
						"0.5833": [50, 0, -10],
						"0.625": [-25, 0, -10],
						"0.6667": [50, 0, -10]
					}
				},
				"RightLeg": {
					"rotation": {
						"0.0": [-25, 0, 10],
						"0.0417": [50, 0, 10],
						"0.0833": [-25, 0, 10],
						"0.125": [50, 0, 10],
						"0.1667": [-25, 0, 10],
						"0.2083": [50, 0, 10],
						"0.25": [-25, 0, 10],
						"0.2917": [50, 0, 10],
						"0.3333": [-25, 0, 10],
						"0.375": [50, 0, 10],
						"0.4167": [-25, 0, 10],
						"0.4583": [50, 0, 10],
						"0.5": [-25, 0, 10],
						"0.5417": [50, 0, 10],
						"0.5833": [-25, 0, 10],
						"0.625": [50, 0, 10],
						"0.6667": [-25, 0, 10]
					}
				}
			}
		},
		"jump": {
			"loop": true,
			"animation_length": 0.75,
			"bones": {
				"UpBody": {
					"rotation": [0, 0, 0]
				},
				"LeftArm": {
					"rotation": {
						"0.0": [-6.8, 3.16, -40.19],
						"0.0417": [-6.89, 3.15, -40.32],
						"0.0833": [-7.03, 3.12, -40.52],
						"0.125": [-7.2, 3.09, -40.76],
						"0.1667": [-7.36, 3.06, -41.01],
						"0.2083": [-7.5, 3.04, -41.22],
						"0.25": [-7.6, 3.02, -41.37],
						"0.2917": [-7.62, 3.01, -41.43],
						"0.3333": [-7.54, 3.02, -41.35],
						"0.375": [-7.36, 3.05, -41.15],
						"0.4167": [-7.12, 3.08, -40.89],
						"0.4583": [-6.88, 3.11, -40.6],
						"0.5": [-6.68, 3.14, -40.35],
						"0.5417": [-6.55, 3.16, -40.19],
						"0.5833": [-6.52, 3.17, -40.11],
						"0.625": [-6.57, 3.17, -40.1],
						"0.6667": [-6.66, 3.17, -40.13],
						"0.7083": [-6.75, 3.16, -40.17],
						"0.75": [-6.8, 3.16, -40.19]
					}
				},
				"LeftForeArm": {
					"rotation": {
						"0.0": [-35, 0, 0],
						"0.0417": [-35.04, 0, 0],
						"0.0833": [-35.1, 0, 0],
						"0.125": [-35.17, 0, 0],
						"0.1667": [-35.24, 0, 0],
						"0.2083": [-35.32, 0, 0],
						"0.25": [-35.39, 0, 0],
						"0.2917": [-35.45, 0, 0],
						"0.3333": [-35.49, 0, 0],
						"0.375": [-35.5, 0, 0],
						"0.4167": [-35.48, 0, 0],
						"0.4583": [-35.44, 0, 0],
						"0.5": [-35.38, 0, 0],
						"0.5417": [-35.3, 0, 0],
						"0.5833": [-35.22, 0, 0],
						"0.625": [-35.14, 0, 0],
						"0.6667": [-35.07, 0, 0],
						"0.7083": [-35.02, 0, 0],
						"0.75": [-35, 0, 0]
					}
				},
				"RightArm": {
					"rotation": {
						"0.0": [-6.8, -3.16, 40.19],
						"0.0417": [-6.87, -3.15, 40.29],
						"0.0833": [-6.96, -3.13, 40.43],
						"0.125": [-7.08, -3.11, 40.6],
						"0.1667": [-7.2, -3.09, 40.79],
						"0.2083": [-7.33, -3.07, 40.98],
						"0.25": [-7.44, -3.05, 41.15],
						"0.2917": [-7.53, -3.03, 41.3],
						"0.3333": [-7.6, -3.02, 41.4],
						"0.375": [-7.62, -3.01, 41.43],
						"0.4167": [-7.59, -3.02, 41.39],
						"0.4583": [-7.52, -3.03, 41.27],
						"0.5": [-7.41, -3.05, 41.11],
						"0.5417": [-7.28, -3.08, 40.91],
						"0.5833": [-7.15, -3.1, 40.71],
						"0.625": [-7.02, -3.12, 40.51],
						"0.6667": [-6.91, -3.14, 40.35],
						"0.7083": [-6.83, -3.16, 40.23],
						"0.75": [-6.8, -3.16, 40.19]
					}
				},
				"RightForeArm": {
					"rotation": {
						"0.0": [-35, 0, 0],
						"0.0417": [-35.04, 0, 0],
						"0.0833": [-35.1, 0, 0],
						"0.125": [-35.17, 0, 0],
						"0.1667": [-35.24, 0, 0],
						"0.2083": [-35.32, 0, 0],
						"0.25": [-35.39, 0, 0],
						"0.2917": [-35.45, 0, 0],
						"0.3333": [-35.49, 0, 0],
						"0.375": [-35.5, 0, 0],
						"0.4167": [-35.48, 0, 0],
						"0.4583": [-35.44, 0, 0],
						"0.5": [-35.38, 0, 0],
						"0.5417": [-35.3, 0, 0],
						"0.5833": [-35.22, 0, 0],
						"0.625": [-35.14, 0, 0],
						"0.6667": [-35.07, 0, 0],
						"0.7083": [-35.02, 0, 0],
						"0.75": [-35, 0, 0]
					}
				},
				"LeftLeg": {
					"rotation": {
						"0.0833": [-9, 0, 0],
						"0.125": [-8.98, -0.09, -0.01],
						"0.1667": [-8.95, -0.23, -0.02],
						"0.2083": [-8.91, -0.39, -0.04],
						"0.25": [-8.87, -0.56, -0.06],
						"0.2917": [-8.83, -0.73, -0.08],
						"0.3333": [-8.8, -0.87, -0.09],
						"0.375": [-8.78, -0.96, -0.1],
						"0.4167": [-8.77, -1, -0.11],
						"0.4583": [-8.78, -0.96, -0.1],
						"0.5": [-8.8, -0.87, -0.09],
						"0.5417": [-8.83, -0.73, -0.08],
						"0.5833": [-8.87, -0.56, -0.06],
						"0.625": [-8.91, -0.39, -0.04],
						"0.6667": [-8.95, -0.23, -0.02],
						"0.7083": [-8.98, -0.09, -0.01],
						"0.75": [-9, 0, 0]
					}
				},
				"LeftLowerLeg": {
					"rotation": {
						"0.125": [22.5, 0, 0],
						"0.1667": [22.73, 0, 0],
						"0.2083": [23.07, 0, 0],
						"0.25": [23.47, 0, 0],
						"0.2917": [23.91, 0, 0],
						"0.3333": [24.32, 0, 0],
						"0.375": [24.67, 0, 0],
						"0.4167": [24.91, 0, 0],
						"0.4583": [25, 0, 0],
						"0.5": [24.88, 0, 0],
						"0.5417": [24.58, 0, 0],
						"0.5833": [24.15, 0, 0],
						"0.625": [23.66, 0, 0],
						"0.6667": [23.18, 0, 0],
						"0.7083": [22.77, 0, 0],
						"0.75": [22.5, 0, 0]
					}
				},
				"LeftFoot": {
					"rotation": [43, 0, 0]
				},
				"RightLeg": {
					"rotation": {
						"0.0": [-66.5, 0, 0],
						"0.0417": [-66.34, 0, 0],
						"0.0833": [-66.11, 0, 0],
						"0.125": [-65.83, 0, 0],
						"0.1667": [-65.53, 0, 0],
						"0.2083": [-65.22, 0, 0],
						"0.25": [-64.94, 0, 0],
						"0.2917": [-64.71, 0, 0],
						"0.3333": [-64.56, 0, 0],
						"0.375": [-64.5, 0, 0],
						"0.4167": [-64.56, 0, 0],
						"0.4583": [-64.71, 0, 0],
						"0.5": [-64.94, 0, 0],
						"0.5417": [-65.22, 0, 0],
						"0.5833": [-65.53, 0, 0],
						"0.625": [-65.83, 0, 0],
						"0.6667": [-66.11, 0, 0],
						"0.7083": [-66.34, 0, 0],
						"0.75": [-66.5, 0, 0]
					}
				},
				"RightLowerLeg": {
					"rotation": {
						"0.0833": [120, 0, 0],
						"0.125": [119.61, 0, 0],
						"0.1667": [119.03, 0, 0],
						"0.2083": [118.33, 0, 0],
						"0.25": [117.57, 0, 0],
						"0.2917": [116.81, 0, 0],
						"0.3333": [116.11, 0, 0],
						"0.375": [115.53, 0, 0],
						"0.4167": [115.14, 0, 0],
						"0.4583": [115, 0, 0],
						"0.5": [115.23, 0, 0],
						"0.5417": [115.85, 0, 0],
						"0.5833": [116.71, 0, 0],
						"0.625": [117.68, 0, 0],
						"0.6667": [118.64, 0, 0],
						"0.7083": [119.46, 0, 0],
						"0.75": [120, 0, 0]
					}
				},
				"RightFoot": {
					"rotation": {
						"0.0": [-2, 0, 0],
						"0.0417": [-1.8, 0, 0],
						"0.0833": [-1.52, 0, 0],
						"0.125": [-1.17, 0, 0],
						"0.1667": [-0.79, 0, 0],
						"0.2083": [-0.41, 0, 0],
						"0.25": [-0.06, 0, 0],
						"0.2917": [0.23, 0, 0],
						"0.3333": [0.43, 0, 0],
						"0.375": [0.5, 0, 0],
						"0.4167": [0.43, 0, 0],
						"0.4583": [0.23, 0, 0],
						"0.5": [-0.06, 0, 0],
						"0.5417": [-0.41, 0, 0],
						"0.5833": [-0.79, 0, 0],
						"0.625": [-1.17, 0, 0],
						"0.6667": [-1.52, 0, 0],
						"0.7083": [-1.8, 0, 0],
						"0.75": [-2, 0, 0]
					}
				},
				"Head": {
					"rotation": {
						"0.0": [0, 0, 0],
						"0.0417": [-0.08, 0, 0],
						"0.0833": [-0.19, 0, 0],
						"0.125": [-0.33, 0, 0],
						"0.1667": [-0.49, 0, 0],
						"0.2083": [-0.64, 0, 0],
						"0.25": [-0.78, 0, 0],
						"0.2917": [-0.89, 0, 0],
						"0.3333": [-0.97, 0, 0],
						"0.375": [-1, 0, 0],
						"0.4167": [-0.97, 0, 0],
						"0.4583": [-0.89, 0, 0],
						"0.5": [-0.78, 0, 0],
						"0.5417": [-0.64, 0, 0],
						"0.5833": [-0.49, 0, 0],
						"0.625": [-0.33, 0, 0],
						"0.6667": [-0.19, 0, 0],
						"0.7083": [-0.08, 0, 0],
						"0.75": [0, 0, 0]
					}
				},
				"DownBody": {
					"rotation": [0, 0, 0]
				},
				"AllBody": {
					"rotation": [0, 0, 0],
					"position": [0, 0, 0]
				}
			}
		},
		"attacked": {
			"animation_length": 0.45833,
			"bones": {
				"Root": {
					"rotation": {
						"0.0": [0, 0, 0],
						"0.0417": [0, 2.96, 0],
						"0.0833": [0, 7.04, 0],
						"0.125": [0, 10, 0],
						"0.1667": [0, 11.25, 0],
						"0.2083": [0, 10, 0],
						"0.25": [0, 8.48, 0],
						"0.2917": [0, 6.24, 0],
						"0.3333": [0, 3.76, 0],
						"0.375": [0, 1.52, 0],
						"0.4167": [0, 0, 0],
						"0.4583": [0, 0, 0]
					},
					"position": {
						"0.0": [0, -1, 0],
						"0.0417": [0, -1.94, 2.17],
						"0.0833": [0, -3.71, 4.63],
						"0.125": [0, -5.8, 7],
						"0.1667": [0, -5.98, 7.27],
						"0.2083": [0, -5.8, 7],
						"0.25": [0, -5.43, 6.31],
						"0.2917": [0, -4.8, 5],
						"0.3333": [0, -4.13, 3.37],
						"0.375": [0, -1.56, 1.41],
						"0.4167": [0, -1, 0],
						"0.4583": [0, -1, 0]
					}
				},
				"UpBody": {
					"rotation": {
						"0.0": [0, 0, 0],
						"0.0417": [22.52, 2.31, 0.96],
						"0.0833": [20.37, 4.23, 1.12],
						"0.125": [14.05, 6.46, 1.18],
						"0.1667": [7.56, 7.44, 0.98],
						"0.2083": [-2.13, 4.74, -0.23],
						"0.25": [-8.85, 1.24, -1.28],
						"0.2917": [-8.21, 0.55, -1.18],
						"0.3333": [-5.45, 0.23, -0.78],
						"0.375": [-2.18, 0.11, -0.31],
						"0.4167": [0, 0, 0],
						"0.4583": [0, 0, 0]
					},
					"position": [0, 0, 0]
				},
				"LeftArm": {
					"rotation": {
						"0.0": [0, 0, 0],
						"0.0417": [-24.89, -3.96, -3.05],
						"0.0833": [-67.5, 0, 0],
						"0.125": [-40.78, -1.78, -11.04],
						"0.1667": [-4.42, -3.41, -22.14],
						"0.2083": [10.29, -2.17, -23.44],
						"0.25": [21.86, 0.02, -21.99],
						"0.2917": [30.14, 1.69, -19.52],
						"0.3333": [37.01, 2.36, -13.95],
						"0.375": [35.16, 2.13, -7.73],
						"0.4167": [17.89, 1.09, -3.13],
						"0.4583": [0, 0, 0]
					},
					"position": [0, 0, 0]
				},
				"LeftForeArm": {
					"rotation": {
						"0.0": [0, 0, 0],
						"0.0417": [-42.5, 0, 0],
						"0.0833": [-17.5, 0, 0],
						"0.125": [-43.5, 3.91, -6.97],
						"0.1667": [-65.75, 6.28, -13.65],
						"0.2083": [-53.39, 2.96, -14.55],
						"0.25": [-29.54, -2.42, -13.67],
						"0.2917": [-10.75, -6, -11.32],
						"0.3333": [-2.74, -4.93, -3.14],
						"0.375": [-1.43, -2.06, 4.23],
						"0.4167": [-0.13, -0.79, 3.09],
						"0.4583": [0, 0, 0]
					},
					"position": [0, 0, 0]
				},
				"RightArm": {
					"rotation": {
						"0.0": [0, 0, 0],
						"0.0417": [-67.42, -4.62, -1.92],
						"0.0833": [-87.42, -4.62, -1.92],
						"0.125": [-85.46, -12.41, 20.41],
						"0.1667": [-76.62, -20.2, 42.74],
						"0.2083": [-67, -22.1, 47.63],
						"0.25": [-54.68, -22.27, 47.56],
						"0.2917": [-41.62, -20.2, 42.74],
						"0.3333": [-26.71, -14.22, 30.09],
						"0.375": [-11.05, -5.99, 12.68],
						"0.4167": [0, 0, 0],
						"0.4583": [0, 0, 0]
					},
					"position": [0, 0, 0]
				},
				"RightForeArm": {
					"rotation": {
						"0.0": [0, 0, 0],
						"0.0417": [0, 0, 0],
						"0.0833": [0, 0, -1.26],
						"0.125": [0, 0, -3.18],
						"0.1667": [0, 0, -5.22],
						"0.2083": [0, 0, -6.84],
						"0.25": [0, 0, -7.5],
						"0.2917": [0, 0, -6.5],
						"0.3333": [0, 0, -4.22],
						"0.375": [0, 0, -1.7],
						"0.4167": [0, 0, 0],
						"0.4583": [0, 0, 0]
					},
					"position": [0, 0, 0]
				},
				"LeftLeg": {
					"rotation": {
						"0.0": [0, 0, 0],
						"0.0417": [-20, -5, 0],
						"0.0833": [-31.4, -7.38, -1.83],
						"0.125": [-40.15, -9.22, -3.6],
						"0.1667": [-38.86, -9.84, -3.08],
						"0.2083": [-38.69, -9.08, -1.7],
						"0.25": [-37.76, -7.76, -0.34],
						"0.2917": [-35.86, -5.95, 0.04],
						"0.3333": [-30.31, -3.91, 0.07],
						"0.375": [-14.69, -1.71, 0.06],
						"0.4167": [0, 0, 0],
						"0.4583": [0, 0, 0]
					},
					"position": {
						"0.0": [0, 0, 0],
						"0.0417": [0, 0, 0],
						"0.0833": [0, 0, 0],
						"0.125": [0, 0, 0],
						"0.1667": [0, 0, 0],
						"0.2083": [0, 0, 0],
						"0.25": [0, 0, 0],
						"0.2917": [0, 0, 0],
						"0.3333": [0, 0, 0],
						"0.375": [0, 0, 0],
						"0.4167": [0, 0, 0],
						"0.4583": [0, 0, 0]
					}
				},
				"LeftLowerLeg": {
					"rotation": {
						"0.0": [0, 0, 0],
						"0.0417": [35, 0, 0],
						"0.0833": [50.73, -0.09, 0.12],
						"0.125": [62.15, -0.18, 0.24],
						"0.1667": [62.5, -0.26, 0.27],
						"0.2083": [63.16, -0.29, 0.28],
						"0.25": [62.5, -0.26, 0.27],
						"0.2917": [60.64, -0.06, 0.22],
						"0.3333": [52.25, 0.13, 0.15],
						"0.375": [25.48, 0.09, 0.07],
						"0.4167": [0, 0, 0],
						"0.4583": [0, 0, 0]
					},
					"position": {
						"0.0": [0, 0, 0],
						"0.0417": [0, 0, 0],
						"0.0833": [0, 0, 0],
						"0.125": [0, 0, 0],
						"0.1667": [0, 0, 0],
						"0.2083": [0, 0, 0],
						"0.25": [0, 0, 0],
						"0.2917": [0, 0, 0],
						"0.3333": [0, 0, 0],
						"0.375": [0, 0, 0],
						"0.4167": [0, 0, 0],
						"0.4583": [0, 0, 0]
					}
				},
				"LeftFoot": {
					"rotation": {
						"0.0": [0, 0, 0],
						"0.0417": [-10, 0, 0],
						"0.0833": [-9.26, 0, 0.02],
						"0.125": [-6.85, 0, 0.05],
						"0.1667": [-5, 0, 0.07],
						"0.2083": [-4.15, 0.01, 0.07],
						"0.25": [-5, 0, 0.07],
						"0.2917": [-10.12, -0.06, 0.11],
						"0.3333": [-13.55, -0.1, 0.13],
						"0.375": [-7.31, -0.06, 0.07],
						"0.4167": [0, 0, 0],
						"0.4583": [0, 0, 0]
					},
					"position": {
						"0.0": [0, 0, 0],
						"0.0417": [0, 0, 0],
						"0.0833": [0, 0, 0],
						"0.125": [0, 0, 0],
						"0.1667": [0, 0, 0],
						"0.2083": [0, 0, 0],
						"0.25": [0, 0, 0],
						"0.2917": [0, 0, 0],
						"0.3333": [0, 0, 0],
						"0.375": [0, 0, 0],
						"0.4167": [0, 0, 0],
						"0.4583": [0, 0, 0]
					}
				},
				"RightLeg": {
					"rotation": {
						"0.0": [0, 0, 0],
						"0.0417": [-25.14, -7.15, 2.27],
						"0.0833": [-20.22, -9.1, 0.23],
						"0.125": [22.99, -9.7, -1.47],
						"0.1667": [27.18, -8.8, -0.07],
						"0.2083": [26.71, -7.43, 2.07],
						"0.25": [24.21, -6.11, 3.49],
						"0.2917": [16.21, -4.42, 3.21],
						"0.3333": [7.18, -2.83, 2.06],
						"0.375": [2.53, -1.21, 0.94],
						"0.4167": [0, 0, 0],
						"0.4583": [0, 0, 0]
					},
					"position": {
						"0.0": [0, 0, 0],
						"0.0417": [0, 0, 0],
						"0.0833": [0, 0, 0],
						"0.125": [0, 0, 0],
						"0.1667": [0, 0, 0],
						"0.2083": [0, 0, 0],
						"0.25": [0, 0, 0],
						"0.2917": [0, 0, 0],
						"0.3333": [0, 0, 0],
						"0.375": [0, 0, 0],
						"0.4167": [0, 0, 0],
						"0.4583": [0, 0, 0]
					}
				},
				"RightLowerLeg": {
					"rotation": {
						"0.0": [0, 0, 0],
						"0.0417": [15, 0, 0],
						"0.0833": [7.12, -0.3, 0.03],
						"0.125": [37.49, -0.6, 0.06],
						"0.1667": [39.73, -0.65, 0.08],
						"0.2083": [38.7, -0.67, 0.1],
						"0.25": [38.49, -0.65, 0.11],
						"0.2917": [45.64, -0.51, 0.09],
						"0.3333": [46.81, -0.33, 0.06],
						"0.375": [23.92, -0.14, 0.03],
						"0.4167": [0, 0, 0],
						"0.4583": [0, 0, 0]
					},
					"position": {
						"0.0": [0, 0, 0],
						"0.0417": [0, 0, 0],
						"0.0833": [0, 0, 0],
						"0.125": [0, 0, 0],
						"0.1667": [0, 0, 0],
						"0.2083": [0, 0, 0],
						"0.25": [0, 0, 0],
						"0.2917": [0, 0, 0],
						"0.3333": [0, 0, 0],
						"0.375": [0, 0, 0],
						"0.4167": [0, 0, 0],
						"0.4583": [0, 0, 0]
					}
				},
				"RightFoot": {
					"rotation": {
						"0.0": [0, 0, 0],
						"0.0417": [0, 0, 0],
						"0.0833": [-29.31, 0.33, -0.49],
						"0.125": [-42.49, 0.67, -0.9],
						"0.1667": [-42.56, 0.72, -0.74],
						"0.2083": [-40.16, 0.74, -0.46],
						"0.25": [-33.51, 0.71, -0.23],
						"0.2917": [-8.41, 0.56, -0.11],
						"0.3333": [13.81, 0.36, -0.07],
						"0.375": [9.86, 0.16, -0.03],
						"0.4167": [0, 0, 0],
						"0.4583": [0, 0, 0]
					},
					"position": {
						"0.0": [0, 0, 0],
						"0.0417": [0, 0, 0],
						"0.0833": [0, 0, 0],
						"0.125": [0, 0, 0],
						"0.1667": [0, 0, 0],
						"0.2083": [0, 0, 0],
						"0.25": [0, 0, 0],
						"0.2917": [0, 0, 0],
						"0.3333": [0, 0, 0],
						"0.375": [0, 0, 0],
						"0.4167": [0, 0, 0],
						"0.4583": [0, 0, 0]
					}
				},
				"AllBody": {
					"rotation": [0, 0, 0],
					"position": [0, 0, 0],
					"scale": 1
				},
				"AllHead": {
					"rotation": {
						"0.0": [0, 0, 0],
						"0.0417": [17.5, 0, 0],
						"0.0833": [0, 0, 0]
					},
					"position": [0, 0, 0]
				},
				"Head": {
					"rotation": {
						"0.0": [0, 0, 0],
						"0.0417": [-30.09, -4.33, 2.5],
						"0.0833": [9.88, -7.24, 1.95],
						"0.125": [26.71, -6.52, 1.68],
						"0.1667": [37.9, -4.87, 1.36],
						"0.2083": [39.33, -3.37, 1.05],
						"0.25": [37.07, -1.63, 0.7],
						"0.2917": [32.7, -0.34, 0.42],
						"0.3333": [20.82, 0.17, 0.24],
						"0.375": [8.52, 0.11, 0.15],
						"0.4167": [2.75, 0.08, 0.06],
						"0.4583": [0, 0, 0]
					}
				},
				"DownBody": {
					"rotation": {
						"0.0": [0, 0, 0],
						"0.0417": [-5.19, 0.03, 0.09],
						"0.0833": [-12.32, 0.06, 0.18],
						"0.125": [-17.5, 0, 0],
						"0.1667": [-19.44, -0.25, -0.79],
						"0.2083": [-19.43, -0.58, -1.85],
						"0.25": [-17.48, -0.75, -2.38],
						"0.2917": [-13.93, -0.65, -2.07],
						"0.3333": [-8.74, -0.42, -1.34],
						"0.375": [-3.55, -0.17, -0.54],
						"0.4167": [0, 0, 0],
						"0.4583": [0, 0, 0]
					}
				}
			}
		},
		"sit": {
			"animation_length": 0.375,
			"bones": {
				"LeftFoot": {
					"rotation": [37.5, 0, 0],
					"position": [0, 0, 0]
				},
				"RightFoot": {
					"rotation": [55, 0, 0],
					"position": [0, 0, 0]
				},
				"LongHair": {
					"rotation": [15, 0, 0]
				},
				"Skirt": {
					"rotation": [-123.71393, -4.07256, -8.03263],
					"position": [0.3, -3.45, 1.8]
				},
				"Root": {
					"position": [0, -5, 0]
				},
				"AllBody": {
					"rotation": [0, 0, 0],
					"position": [0, 0, 0],
					"scale": [1, 1, 1]
				},
				"DownBody": {
					"rotation": [-90, 0, 0],
					"position": [0, -1, 0]
				},
				"LeftLeg": {
					"rotation": {
						"0.0": [0, 0, -20],
						"0.0417": [0, 0, -20]
					}
				},
				"RightLeg": {
					"rotation": {
						"0.0": [0, 0, 25],
						"0.0417": [0, 0, 25]
					}
				}
			}
		},
		"chair": {
			"animation_length": 0.375,
			"bones": {
				"LeftFoot": {
					"rotation": [20, 0, 0],
					"position": [0, 0, 0]
				},
				"RightFoot": {
					"rotation": [20, 0, 0],
					"position": [0, 0, 0]
				},
				"LongHead": {
					"rotation": [17.5, 0, 0]
				},
				"Skirt": {
					"rotation": [17.5, 0, 0]
				},
				"Root": {
					"position": [0, -5, 0]
				},
				"DownBody": {
					"rotation": [-90, 0, 0],
					"position": [0, -1, 0]
				},
				"LeftLeg": {
					"rotation": [0, 0, -20]
				},
				"RightLeg": {
					"rotation": [0, 0, 25]
				}
			}
		},
		"sleep": {
			"animation_length": 0.375,
			"bones": {
				"Root": {
					"rotation": [-13.25506, -77.79629, 23.76148],
					"position": [-10, 0, -3],
					"scale": [1, 1, 1]
				},
				"UpBody": {
					"rotation": [9.41388, -20.06196, -12.39768],
					"position": [0, 0, 0]
				},
				"LeftArm": {
					"rotation": [-54.66535, 11.22664, 27.74797],
					"position": [0, 0, 0]
				},
				"LeftForeArm": {
					"rotation": [-130, 0, 0],
					"position": [0, 0, 0]
				},
				"RightArm": {
					"rotation": [-40.90645, -40.70616, 3.31228],
					"position": [0, 0, 0]
				},
				"RightForeArm": {
					"rotation": [-120, 0, 0],
					"position": [0, 0, 0]
				},
				"LeftLeg": {
					"rotation": [-9.17477, -9.65456, -3.96222],
					"position": [0, 0, 1]
				},
				"LeftLowerLeg": {
					"rotation": [50, 0, 0],
					"position": [0, 0, 0]
				},
				"LeftFoot": {
					"rotation": [40.09907, -4.21541, -2.69136],
					"position": [0, 0, 0]
				},
				"RightLeg": {
					"rotation": [-34.58491, -30.36568, -6.61237],
					"position": [0, 0, 1]
				},
				"RightLowerLeg": {
					"rotation": [97.52832, 4.95712, 0.65426],
					"position": [0, 0, 0]
				},
				"RightFoot": {
					"rotation": [15.53761, -1.28421, -15.29695],
					"position": [0, 0, 0]
				},
				"AllBody": {
					"rotation": [0, 0, 0],
					"position": [0, 0, 0],
					"scale": [1, 1, 1]
				},
				"AllHead": {
					"rotation": [0, 0, 0],
					"position": [0, 0, 0]
				},
				"Head": {
					"rotation": {
						"0.0": {
							"post": [5.16524, 27.0478, 11.24314],
							"lerp_mode": "catmullrom"
						}
					},
					"position": {
						"0.0": {
							"post": [0, 0, 0],
							"lerp_mode": "catmullrom"
						}
					}
				},
				"RightEyelid": {
					"scale": [0, 0, 0]
				},
				"LeftEyelid": {
					"scale": [0, 0, 0]
				},
				"DownBody": {
					"rotation": [-30, 0, 0]
				},
				"eyebow2": {
					"position": [-0.12682, -1.14011, -0.15513]
				}
			}
		},
		"swim_stand": {
			"loop": true,
			"animation_length": 1,
			"bones": {
				"Root": {
					"rotation": [0, 0, 0],
					"scale": [1, 1, 1]
				},
				"UpBody": {
					"rotation": [0, 0, 0],
					"position": [0, 0, 0]
				},
				"LeftArm": {
					"rotation": {
						"0.0": [0, 0, 0],
						"0.0417": [0, 0, -80],
						"0.0833": [0, 0, 0],
						"0.125": [0, 0, -80],
						"0.1667": [0, 0, 0],
						"0.2083": [0, 0, -80],
						"0.25": [0, 0, 0],
						"0.2917": [0, 0, -80],
						"0.3333": [0, 0, 0],
						"0.375": [0, 0, -80],
						"0.4167": [0, 0, 0],
						"0.4583": [0, 0, -80],
						"0.5": [0, 0, 0],
						"0.5417": [0, 0, -80],
						"0.5833": [0, 0, 0],
						"0.625": [0, 0, -80],
						"0.6667": [0, 0, 0],
						"0.7083": [0, 0, -80],
						"0.75": [0, 0, 0],
						"0.7917": [0, 0, -80],
						"0.8333": [0, 0, 0],
						"0.875": [0, 0, -80],
						"0.9167": [0, 0, 0],
						"0.9583": [0, 0, -80],
						"1.0": [0, 0, 0]
					}
				},
				"RightArm": {
					"rotation": {
						"0.0": [0, 0, 0],
						"0.0417": [0, 0, 82.5],
						"0.0833": [0, 0, 0],
						"0.125": [0, 0, 82.5],
						"0.1667": [0, 0, 0],
						"0.2083": [0, 0, 82.5],
						"0.25": [0, 0, 0],
						"0.2917": [0, 0, 82.5],
						"0.3333": [0, 0, 0],
						"0.375": [0, 0, 82.5],
						"0.4167": [0, 0, 0],
						"0.4583": [0, 0, 82.5],
						"0.5": [0, 0, 0],
						"0.5417": [0, 0, 82.5],
						"0.5833": [0, 0, 0],
						"0.625": [0, 0, 82.5],
						"0.6667": [0, 0, 0],
						"0.7083": [0, 0, 82.5],
						"0.75": [0, 0, 0],
						"0.7917": [0, 0, 82.5],
						"0.8333": [0, 0, 0],
						"0.875": [0, 0, 82.5],
						"0.9167": [0, 0, 0],
						"0.9583": [0, 0, 82.5],
						"1.0": [0, 0, 0]
					}
				},
				"LeftLeg": {
					"rotation": {
						"0.0": [-10, 0, 0],
						"0.0417": [-8.69, 0, 0],
						"0.0833": [-6.81, 0, 0],
						"0.125": [-4.67, 0, 0],
						"0.1667": [-2.56, 0, 0],
						"0.2083": [-0.79, 0, 0],
						"0.25": [0.33, 0, 0],
						"0.2917": [1.49, 0, 0],
						"0.3333": [2.61, 0, 0],
						"0.375": [3.6, 0, 0],
						"0.4167": [4.39, 0, 0],
						"0.4583": [4.88, 0, 0],
						"0.5": [5, 0, 0],
						"0.5417": [4.57, 0, 0],
						"0.5833": [3.6, 0, 0],
						"0.625": [2.28, 0, 0],
						"0.6667": [0.77, 0, 0],
						"0.7083": [-0.76, 0, 0],
						"0.75": [-2.14, 0, 0],
						"0.7917": [-3.71, 0, 0],
						"0.8333": [-5.66, 0, 0],
						"0.875": [-7.63, 0, 0],
						"0.9167": [-9.26, 0, 0],
						"0.9583": [-10.17, 0, 0],
						"1.0": [-10, 0, 0]
					},
					"position": {
						"0.0": [0, 0, 0],
						"0.0417": [0, 0, 0],
						"0.0833": [0, 0, 0],
						"0.125": [0, 0, 0],
						"0.1667": [0, 0, 0],
						"0.2083": [0, 0, 0],
						"0.25": [0, 0, 0],
						"0.2917": [0, 0, 0],
						"0.3333": [0, 0, 0],
						"0.375": [0, 0, 0],
						"0.4167": [0, 0, 0],
						"0.4583": [0, 0, 0],
						"0.5": [0, 0, 0],
						"0.5417": [0, 0, 0],
						"0.5833": [0, 0, 0],
						"0.625": [0, 0, 0],
						"0.6667": [0, 0, 0],
						"0.7083": [0, 0, 0],
						"0.75": [0, 0, 0],
						"0.7917": [0, 0, 0],
						"0.8333": [0, 0, 0],
						"0.875": [0, 0, 0],
						"0.9167": [0, 0, 0],
						"0.9583": [0, 0, 0],
						"1.0": [0, 0, 0]
					}
				},
				"LeftLowerLeg": {
					"rotation": {
						"0.0": [10, 0, 0],
						"0.0417": [8.17, 0, 0],
						"0.0833": [5.4, 0, 0],
						"0.125": [2.44, 0, 0],
						"0.1667": [0.02, 0, 0],
						"0.2083": [-1.12, 0, 0],
						"0.25": [-0.91, 0, 0],
						"0.2917": [-0.04, 0, 0],
						"0.3333": [1.29, 0, 0],
						"0.375": [2.9, 0, 0],
						"0.4167": [4.6, 0, 0],
						"0.4583": [6.19, 0, 0],
						"0.5": [7.5, 0, 0],
						"0.5417": [8.87, 0, 0],
						"0.5833": [10.31, 0, 0],
						"0.625": [11.7, 0, 0],
						"0.6667": [12.92, 0, 0],
						"0.7083": [13.82, 0, 0],
						"0.75": [14.29, 0, 0],
						"0.7917": [14.17, 0, 0],
						"0.8333": [13.52, 0, 0],
						"0.875": [12.57, 0, 0],
						"0.9167": [11.52, 0, 0],
						"0.9583": [10.59, 0, 0],
						"1.0": [10, 0, 0]
					},
					"position": {
						"0.0": [0, 0, 0],
						"0.0417": [0, 0, 0],
						"0.0833": [0, 0, 0],
						"0.125": [0, 0, 0],
						"0.1667": [0, 0, 0],
						"0.2083": [0, 0, 0],
						"0.25": [0, 0, 0],
						"0.2917": [0, 0, 0],
						"0.3333": [0, 0, 0],
						"0.375": [0, 0, 0],
						"0.4167": [0, 0, 0],
						"0.4583": [0, 0, 0],
						"0.5": [0, 0, 0],
						"0.5417": [0, 0, 0],
						"0.5833": [0, 0, 0],
						"0.625": [0, 0, 0],
						"0.6667": [0, 0, 0],
						"0.7083": [0, 0, 0],
						"0.75": [0, 0, 0],
						"0.7917": [0, 0, 0],
						"0.8333": [0, 0, 0],
						"0.875": [0, 0, 0],
						"0.9167": [0, 0, 0],
						"0.9583": [0, 0, 0],
						"1.0": [0, 0, 0]
					}
				},
				"LeftFoot": {
					"rotation": {
						"0.0": [30, 0, 0],
						"0.0417": [29.31, 0, 0],
						"0.0833": [28.34, 0, 0],
						"0.125": [27.14, 0, 0],
						"0.1667": [25.79, 0, 0],
						"0.2083": [24.35, 0, 0],
						"0.25": [22.89, 0, 0],
						"0.2917": [21.48, 0, 0],
						"0.3333": [20.18, 0, 0],
						"0.375": [19.07, 0, 0],
						"0.4167": [18.21, 0, 0],
						"0.4583": [17.66, 0, 0],
						"0.5": [17.5, 0, 0],
						"0.5417": [18.22, 0, 0],
						"0.5833": [19.97, 0, 0],
						"0.625": [22.37, 0, 0],
						"0.6667": [25.06, 0, 0],
						"0.7083": [27.69, 0, 0],
						"0.75": [29.89, 0, 0],
						"0.7917": [31.3, 0, 0],
						"0.8333": [31.99, 0, 0],
						"0.875": [31.81, 0, 0],
						"0.9167": [31.15, 0, 0],
						"0.9583": [30.42, 0, 0],
						"1.0": [30, 0, 0]
					},
					"position": {
						"0.0": [0, 0, 0],
						"0.0417": [0, 0, 0],
						"0.0833": [0, 0, 0],
						"0.125": [0, 0, 0],
						"0.1667": [0, 0, 0],
						"0.2083": [0, 0, 0],
						"0.25": [0, 0, 0],
						"0.2917": [0, 0, 0],
						"0.3333": [0, 0, 0],
						"0.375": [0, 0, 0],
						"0.4167": [0, 0, 0],
						"0.4583": [0, 0, 0],
						"0.5": [0, 0, 0],
						"0.5417": [0, 0, 0],
						"0.5833": [0, 0, 0],
						"0.625": [0, 0, 0],
						"0.6667": [0, 0, 0],
						"0.7083": [0, 0, 0],
						"0.75": [0, 0, 0],
						"0.7917": [0, 0, 0],
						"0.8333": [0, 0, 0],
						"0.875": [0, 0, 0],
						"0.9167": [0, 0, 0],
						"0.9583": [0, 0, 0],
						"1.0": [0, 0, 0]
					}
				},
				"RightLeg": {
					"rotation": {
						"0.0": [5, 0, 0],
						"0.0417": [4.23, 0, 0],
						"0.0833": [3.18, 0, 0],
						"0.125": [1.92, 0, 0],
						"0.1667": [0.56, 0, 0],
						"0.2083": [-0.83, 0, 0],
						"0.25": [-2.14, 0, 0],
						"0.2917": [-3.61, 0, 0],
						"0.3333": [-5.34, 0, 0],
						"0.375": [-7.09, 0, 0],
						"0.4167": [-8.62, 0, 0],
						"0.4583": [-9.67, 0, 0],
						"0.5": [-10, 0, 0],
						"0.5417": [-9.2, 0, 0],
						"0.5833": [-7.38, 0, 0],
						"0.625": [-5.05, 0, 0],
						"0.6667": [-2.68, 0, 0],
						"0.7083": [-0.79, 0, 0],
						"0.75": [0.4, 0, 0],
						"0.7917": [1.72, 0, 0],
						"0.8333": [3.02, 0, 0],
						"0.875": [4.16, 0, 0],
						"0.9167": [4.96, 0, 0],
						"0.9583": [5.3, 0, 0],
						"1.0": [5, 0, 0]
					},
					"position": {
						"0.0": [0, 0, 0],
						"0.0417": [0, 0, 0],
						"0.0833": [0, 0, 0],
						"0.125": [0, 0, 0],
						"0.1667": [0, 0, 0],
						"0.2083": [0, 0, 0],
						"0.25": [0, 0, 0],
						"0.2917": [0, 0, 0],
						"0.3333": [0, 0, 0],
						"0.375": [0, 0, 0],
						"0.4167": [0, 0, 0],
						"0.4583": [0, 0, 0],
						"0.5": [0, 0, 0],
						"0.5417": [0, 0, 0],
						"0.5833": [0, 0, 0],
						"0.625": [0, 0, 0],
						"0.6667": [0, 0, 0],
						"0.7083": [0, 0, 0],
						"0.75": [0, 0, 0],
						"0.7917": [0, 0, 0],
						"0.8333": [0, 0, 0],
						"0.875": [0, 0, 0],
						"0.9167": [0, 0, 0],
						"0.9583": [0, 0, 0],
						"1.0": [0, 0, 0]
					}
				},
				"RightLowerLeg": {
					"rotation": {
						"0.0": [7.5, 0, 0],
						"0.0417": [8.37, 0, 0],
						"0.0833": [9.67, 0, 0],
						"0.125": [11.16, 0, 0],
						"0.1667": [12.6, 0, 0],
						"0.2083": [13.72, 0, 0],
						"0.25": [14.29, 0, 0],
						"0.2917": [14.3, 0, 0],
						"0.3333": [13.93, 0, 0],
						"0.375": [13.26, 0, 0],
						"0.4167": [12.35, 0, 0],
						"0.4583": [11.24, 0, 0],
						"0.5": [10, 0, 0],
						"0.5417": [7.9, 0, 0],
						"0.5833": [5.1, 0, 0],
						"0.625": [2.23, 0, 0],
						"0.6667": [-0.05, 0, 0],
						"0.7083": [-1.12, 0, 0],
						"0.75": [-0.85, 0, 0],
						"0.7917": [0.16, 0, 0],
						"0.8333": [1.65, 0, 0],
						"0.875": [3.37, 0, 0],
						"0.9167": [5.09, 0, 0],
						"0.9583": [6.55, 0, 0],
						"1.0": [7.5, 0, 0]
					},
					"position": {
						"0.0": [0, 0, 0],
						"0.0417": [0, 0, 0],
						"0.0833": [0, 0, 0],
						"0.125": [0, 0, 0],
						"0.1667": [0, 0, 0],
						"0.2083": [0, 0, 0],
						"0.25": [0, 0, 0],
						"0.2917": [0, 0, 0],
						"0.3333": [0, 0, 0],
						"0.375": [0, 0, 0],
						"0.4167": [0, 0, 0],
						"0.4583": [0, 0, 0],
						"0.5": [0, 0, 0],
						"0.5417": [0, 0, 0],
						"0.5833": [0, 0, 0],
						"0.625": [0, 0, 0],
						"0.6667": [0, 0, 0],
						"0.7083": [0, 0, 0],
						"0.75": [0, 0, 0],
						"0.7917": [0, 0, 0],
						"0.8333": [0, 0, 0],
						"0.875": [0, 0, 0],
						"0.9167": [0, 0, 0],
						"0.9583": [0, 0, 0],
						"1.0": [0, 0, 0]
					}
				},
				"RightFoot": {
					"rotation": {
						"0.0": [17.5, 0, 0],
						"0.0417": [18.88, 0, 0],
						"0.0833": [20.88, 0, 0],
						"0.125": [23.24, 0, 0],
						"0.1667": [25.72, 0, 0],
						"0.2083": [28.05, 0, 0],
						"0.25": [30, 0, 0],
						"0.2917": [31.3, 0, 0],
						"0.3333": [32.19, 0, 0],
						"0.375": [32.4, 0, 0],
						"0.4167": [32.05, 0, 0],
						"0.4583": [31.22, 0, 0],
						"0.5": [30, 0, 0],
						"0.5417": [29.31, 0, 0],
						"0.5833": [28.42, 0, 0],
						"0.625": [27.37, 0, 0],
						"0.6667": [26.2, 0, 0],
						"0.7083": [24.95, 0, 0],
						"0.75": [23.67, 0, 0],
						"0.7917": [22.39, 0, 0],
						"0.8333": [21.16, 0, 0],
						"0.875": [20.01, 0, 0],
						"0.9167": [18.99, 0, 0],
						"0.9583": [18.14, 0, 0],
						"1.0": [17.5, 0, 0]
					},
					"position": {
						"0.0": [0, 0, 0],
						"0.0417": [0, 0, 0],
						"0.0833": [0, 0, 0],
						"0.125": [0, 0, 0],
						"0.1667": [0, 0, 0],
						"0.2083": [0, 0, 0],
						"0.25": [0, 0, 0],
						"0.2917": [0, 0, 0],
						"0.3333": [0, 0, 0],
						"0.375": [0, 0, 0],
						"0.4167": [0, 0, 0],
						"0.4583": [0, 0, 0],
						"0.5": [0, 0, 0],
						"0.5417": [0, 0, 0],
						"0.5833": [0, 0, 0],
						"0.625": [0, 0, 0],
						"0.6667": [0, 0, 0],
						"0.7083": [0, 0, 0],
						"0.75": [0, 0, 0],
						"0.7917": [0, 0, 0],
						"0.8333": [0, 0, 0],
						"0.875": [0, 0, 0],
						"0.9167": [0, 0, 0],
						"0.9583": [0, 0, 0],
						"1.0": [0, 0, 0]
					}
				},
				"AllBody": {
					"rotation": [0, 0, 0],
					"position": [0, 0, 0],
					"scale": [1, 1, 1]
				},
				"AllHead": {
					"rotation": [0, 0, 0],
					"position": [0, 0, 0]
				},
				"Head": {
					"rotation": {
						"0.0": [0, 0, 0],
						"0.0417": [0.14, 0, 0],
						"0.0833": [0.33, 0, 0],
						"0.125": [0.57, 0, 0],
						"0.1667": [0.83, 0, 0],
						"0.2083": [1.12, 0, 0],
						"0.25": [1.41, 0, 0],
						"0.2917": [1.69, 0, 0],
						"0.3333": [1.94, 0, 0],
						"0.375": [2.17, 0, 0],
						"0.4167": [2.34, 0, 0],
						"0.4583": [2.46, 0, 0],
						"0.5": [2.5, 0, 0],
						"0.5417": [2.46, 0, 0],
						"0.5833": [2.34, 0, 0],
						"0.625": [2.17, 0, 0],
						"0.6667": [1.94, 0, 0],
						"0.7083": [1.69, 0, 0],
						"0.75": [1.41, 0, 0],
						"0.7917": [1.12, 0, 0],
						"0.8333": [0.83, 0, 0],
						"0.875": [0.57, 0, 0],
						"0.9167": [0.33, 0, 0],
						"0.9583": [0.14, 0, 0],
						"1.0": [0, 0, 0]
					},
					"position": [0, 0, 0]
				}
			}
		},
		"boat": {
			"animation_length": 0.375,
			"bones": {
				"LeftFoot": {
					"rotation": [35, 0, 0],
					"position": [0, 0, 0]
				},
				"RightFoot": {
					"rotation": [40, 0, 0],
					"position": [0, 0, 0]
				},
				"Skirt": {
					"position": [0, 0.9, -2.1]
				},
				"LongHair": {
					"rotation": [12.5, 0, 0]
				},
				"Root": {
					"position": [0, -5, 0]
				},
				"DownBody": {
					"rotation": [-90, 0, 0],
					"position": [0, -1, 0]
				},
				"LeftLeg": {
					"rotation": {
						"0.0": [0, 0, -20],
						"0.0417": [0, 0, -20]
					}
				},
				"RightLeg": {
					"rotation": {
						"0.0": [0, 0, 25],
						"0.0417": [0, 0, 25]
					}
				}
			}
		},
		"use_mainhand": {
			"animation_length": 0.375,
			"bones": {
				"RightArm": {
					"rotation": {
						"0.0": [0, 0, 0],
						"0.125": [-104.31106, 18.12526, -46.99874],
						"0.375": [0, 0, 0]
					},
					"position": {
						"0.0": [0, 0, 0],
						"0.125": [-0.36235, 0, 0.1477],
						"0.375": [0, 0, 0]
					}
				},
				"RightForeArm": {
					"rotation": [0, 0, 0],
					"position": [0, 0, 0]
				}
			}
		},
		"use_offhand": {
			"animation_length": 0.375,
			"bones": {
				"LeftArm": {
					"rotation": {
						"0.0": [0, 0, 0],
						"0.125": [-104.31106, -18.12526, 46.99874],
						"0.375": [0, 0, 0]
					},
					"position": {
						"0.0": [0, 0, 0],
						"0.125": [0.36235, 0, 0.1477],
						"0.375": [0, 0, 0]
					}
				},
				"LeftForeArm": {
					"rotation": [0, 0, 0],
					"position": [0, 0, 0]
				}
			}
		},
		"swing_hand": {
			"animation_length": 0.375,
			"bones": {
				"RightArm": {
					"rotation": {
						"0.0": [0, 0, 0],
						"0.125": [-104.31106, 18.12526, -46.99874],
						"0.375": [0, 0, 0]
					},
					"position": {
						"0.0": [0, 0, 0],
						"0.125": [-0.36235, 0, 0.1477],
						"0.375": [0, 0, 0]
					}
				},
				"RightForeArm": {
					"rotation": [0, 0, 0],
					"position": [0, 0, 0]
				}
			}
		},
		"parallel0": {
			"loop": true,
			"animation_length": 2,
			"bones": {
				"LeftEyebrow": {
					"position": [0, "ysm.is_close_eyes ? -1 : 0", 0]
				},
				"RightEyebrow": {
					"position": [0, "ysm.is_close_eyes ? -1 : 0", 0]
				},
				"Eyelid": {
					"scale": "ysm.is_close_eyes ? 0 : 1"
				},
				"long_h1": {
					"rotation": ["(ysm.head_pitch>0)?(0.9*ysm.head_pitch):(0.2*ysm.head_pitch)", 0, 0]
				},
				"ysmGlowbing": {
					"position": {
						"0.0": [0, 0, 0],
						"1.0": [0, 0.75, 0],
						"2.0": [0, 0, 0]
					}
				},
				"BackpackLocator": {
					"scale": 0.9
				},
				"LeftWaistLocator": {
					"scale": 0.5
				},
				"RightWaistLocator": {
					"scale": 0.5
				}
			}
		},
		"parallel1": {
			"loop": true,
			"bones": {
				"RightEyesBase": {
					"position": ["ysm.head_yaw/180", "ysm.head_pitch/360", 0]
				},
				"LeftEyesBase": {
					"position": ["ysm.head_yaw/180", "ysm.head_pitch/360", 0]
				},
				"LongHair": {
					"rotation": ["(ysm.head_pitch > 0) ? ysm.head_pitch : ((ysm.head_pitch < -55)?-55:ysm.head_pitch)", 0, 0]
				},
				"RightHandLocator": {
					"scale": [0.9, 0.9, 0.9]
				},
				"LeftHandLocator": {
					"scale": [0.9, 0.9, 0.9]
				}
			}
		},
		"parallel2": {
			"loop": true,
			"bones": {
				"Root": {
					"scale": [
						"(query.player_level > 30) ? 2 : (1+(query.player_level / 30))",
						"(query.player_level > 30) ? 2 : (1+(query.player_level / 30))",
						"(query.player_level > 30) ? 2 : (1+(query.player_level / 30))"
					]
				}
			}
		},
		"parallel3": {
			"loop": true,
			"bones": {
				"LongHead": {
					"rotation": [0, 0, 0]
				}
			}
		},
		"parallel4": {
			"loop": true
		},
		"parallel5": {
			"loop": true
		},
		"parallel6": {
			"loop": true
		},
		"parallel7": {
			"loop": true
		},
		"pre_parallel0": {
			"loop": true
		},
		"pre_parallel1": {
			"loop": true
		},
		"pre_parallel2": {
			"loop": true
		},
		"pre_parallel3": {
			"loop": true
		},
		"pre_parallel4": {
			"loop": true
		},
		"pre_parallel5": {
			"loop": true
		},
		"pre_parallel6": {
			"loop": true
		},
		"pre_parallel7": {
			"loop": true
		},
		"gomoku": {
			"animation_length": 0.375,
			"bones": {
				"LeftFoot": {
					"rotation": [37.5, 0, 0],
					"position": [0, 0, 0]
				},
				"RightFoot": {
					"rotation": [55, 0, 0],
					"position": [0, 0, 0]
				},
				"LongHair": {
					"rotation": [15, 0, 0]
				},
				"Skirt": {
					"rotation": [-123.71393, -4.07256, -8.03263],
					"position": [0.3, -3.45, 1.8]
				},
				"Root": {
					"position": [0, -5, 0]
				},
				"AllBody": {
					"rotation": [0, 0, 0],
					"position": [0, 0, 0],
					"scale": 1
				},
				"DownBody": {
					"rotation": [-90, 0, 0],
					"position": [0, -1, 0]
				},
				"LeftLeg": {
					"rotation": {
						"0.0": [0, 0, -20],
						"0.0417": [0, 0, -20]
					}
				},
				"RightLeg": {
					"rotation": {
						"0.0": [0, 0, 25],
						"0.0417": [0, 0, 25]
					}
				}
			}
		},
		"computer": {
			"animation_length": 0.375,
			"bones": {
				"LeftFoot": {
					"rotation": [37.5, 0, 0],
					"position": [0, 0, 0]
				},
				"RightFoot": {
					"rotation": [55, 0, 0],
					"position": [0, 0, 0]
				},
				"LongHair": {
					"rotation": [15, 0, 0]
				},
				"Skirt": {
					"rotation": [-123.71393, -4.07256, -8.03263],
					"position": [0.3, -3.45, 1.8]
				},
				"Root": {
					"position": [0, -5, 0]
				},
				"AllBody": {
					"rotation": [0, 0, 0],
					"position": [0, 0, 0],
					"scale": 1
				},
				"DownBody": {
					"rotation": [-90, 0, 0],
					"position": [0, -1, 0]
				},
				"LeftLeg": {
					"rotation": {
						"0.0": [0, 0, -20],
						"0.0417": [0, 0, -20]
					}
				},
				"RightLeg": {
					"rotation": {
						"0.0": [0, 0, 25],
						"0.0417": [0, 0, 25]
					}
				}
			}
		},
		"bookshelf": {
			"animation_length": 0.375,
			"bones": {
				"LeftFoot": {
					"rotation": [37.5, 0, 0],
					"position": [0, 0, 0]
				},
				"RightFoot": {
					"rotation": [55, 0, 0],
					"position": [0, 0, 0]
				},
				"LongHair": {
					"rotation": [15, 0, 0]
				},
				"Skirt": {
					"rotation": [-123.71393, -4.07256, -8.03263],
					"position": [0.3, -3.45, 1.8]
				},
				"Root": {
					"position": [0, -5, 0]
				},
				"AllBody": {
					"rotation": [0, 0, 0],
					"position": [0, 0, 0],
					"scale": 1
				},
				"DownBody": {
					"rotation": [-90, 0, 0],
					"position": [0, -1, 0]
				},
				"LeftLeg": {
					"rotation": {
						"0.0": [0, 0, -20],
						"0.0417": [0, 0, -20]
					}
				},
				"RightLeg": {
					"rotation": {
						"0.0": [0, 0, 25],
						"0.0417": [0, 0, 25]
					}
				}
			}
		},
		"keyboard": {
			"animation_length": 0.375,
			"bones": {
				"LeftFoot": {
					"rotation": [37.5, 0, 0],
					"position": [0, 0, 0]
				},
				"RightFoot": {
					"rotation": [55, 0, 0],
					"position": [0, 0, 0]
				},
				"LongHair": {
					"rotation": [15, 0, 0]
				},
				"Skirt": {
					"rotation": [-123.71393, -4.07256, -8.03263],
					"position": [0.3, -3.45, 1.8]
				},
				"Root": {
					"position": [0, -5, 0]
				},
				"AllBody": {
					"rotation": [0, 0, 0],
					"position": [0, 0, 0],
					"scale": 1
				},
				"DownBody": {
					"rotation": [-90, 0, 0],
					"position": [0, -1, 0]
				},
				"LeftLeg": {
					"rotation": {
						"0.0": [0, 0, -20],
						"0.0417": [0, 0, -20]
					}
				},
				"RightLeg": {
					"rotation": {
						"0.0": [0, 0, 25],
						"0.0417": [0, 0, 25]
					}
				}
			}
		}
	},
	"geckolib_format_version": 2,
	"geometry.animations": {
		"texturewidth": 64,
		"textureheight": 64
	}
}