{
	"format_version": "1.12.0",
	"minecraft:geometry": [
		{
			"description": {
				"identifier": "geometry.unknown",
				"texture_width": 256,
				"texture_height": 256,
				"visible_bounds_width": 5,
				"visible_bounds_height": 3.5,
				"visible_bounds_offset": [0, 1.25, 0]
			},
			"bones": [
				{
					"name": "sanlun",
					"pivot": [0, 0, 0]
				},
				{
					"name": "Cheti2",
					"parent": "sanlun",
					"pivot": [18, 8, -24],
					"cubes": [
						{"origin": [-8.5, 5.81251, -17.5756], "size": [17, 12, 2], "pivot": [0, 6.31251, -13.0756], "rotation": [20, 0, 0], "uv": [109, 82]},
						{"origin": [-10.4, 4.31251, -17.0756], "size": [2, 15, 4], "uv": [38, 126]},
						{"origin": [-8.4, 28.12029, -13.97152], "size": [17, 1, 2], "pivot": [0.1, 28.62029, -13.97152], "rotation": [-7.5, 0, 0], "uv": [0, 99]},
						{"origin": [-6.4, 28.12029, -15.97152], "size": [13, 1, 2], "pivot": [0.1, 28.62029, -13.97152], "rotation": [-7.5, 0, 0], "uv": [0, 27]},
						{"origin": [-6.6, 27.77029, -15.39652], "size": [13.5, 3.6, 1.2], "pivot": [0.1, 28.62029, -13.97152], "rotation": [-57.5, 0, 0], "uv": [0, 82]},
						{"origin": [-10.4, 10.31251, -19.0756], "size": [2, 9, 2], "uv": [19, 0]},
						{"origin": [-9.5, 15.31251, -21.2756], "size": [19, 4, 2], "uv": [42, 120]},
						{"origin": [-8.5, 16.31251, -19.8756], "size": [17, 2, 4], "pivot": [0, 16.81251, -18.2756], "rotation": [-20, 0, 0], "uv": [109, 96]},
						{"origin": [-9.4, 18.81251, -20.9756], "size": [18.8, 2, 2], "pivot": [0, 21.31251, -20.2756], "rotation": [-5, 0, 0], "uv": [124, 8]},
						{"origin": [-10.425, 18.81251, -18.9756], "size": [1.8, 2, 4], "pivot": [0, 21.31251, -20.2756], "rotation": [-5, 0, 0], "uv": [12, 31]},
						{"origin": [8.625, 18.81251, -18.9756], "size": [1.8, 2, 4], "pivot": [0, 21.31251, -20.2756], "rotation": [-5, 0, 0], "uv": [0, 31]},
						{"origin": [8.4, 4.31251, -17.0756], "size": [2, 15, 4], "uv": [124, 33]},
						{"origin": [-9.5, 3.91251, -17.2756], "size": [19, 1, 16], "pivot": [0, 6.31251, -13.0756], "rotation": [2.5, 0, 0], "uv": [0, 102]},
						{"origin": [-9.5, 3.91251, -1.2756], "size": [19, 2, 1], "pivot": [0, 6.31251, -13.0756], "rotation": [2.5, 0, 0], "uv": [68, 27]},
						{"origin": [-10.5, 5.31251, -4.2756], "size": [21, 7, 4], "pivot": [0, 6.31251, -13.0756], "rotation": [2.5, 0, 0], "uv": [68, 0]},
						{"origin": [-10.5, 12.31251, -1.6756], "size": [21, 5, 1.4], "pivot": [0, 6.31251, -13.0756], "rotation": [2.5, 0, 0], "uv": [0, 93]},
						{"origin": [-10.8, 16.21251, -1.5756], "size": [1, 1, 12], "pivot": [0, 6.31251, -13.0756], "rotation": [2.5, 0, 0], "uv": [0, 14]},
						{"origin": [-10.8, 11.01251, -1.5756], "size": [1, 1, 10], "pivot": [0, 6.31251, -13.0756], "rotation": [2.5, 0, 0], "uv": [0, 31]},
						{"origin": [-9.7, 17.8246, -2.20684], "size": [1, 11, 1], "pivot": [-8.8, 23.3246, -1.70684], "rotation": [2.49762, -0.10901, 2.49762], "uv": [83, 31]},
						{"origin": [8.7, 17.8246, -2.20684], "size": [1, 11, 1], "pivot": [8.8, 23.3246, -1.70684], "rotation": [2.49762, 0.10901, -2.49762], "uv": [30, 56]},
						{"origin": [-9.1, 27.81251, -1.4506], "size": [18, 1, 1], "pivot": [0, 6.31251, -13.0756], "rotation": [2.5, 0, 0], "uv": [124, 16]},
						{"origin": [-10.5, 5.31251, -0.2756], "size": [21, 2, 23], "pivot": [0, 6.31251, -13.0756], "rotation": [2.5, 0, 0], "uv": [0, 31]},
						{"origin": [-9.5, 5.81251, 22.7244], "size": [19, 3, 2], "pivot": [0, 6.31251, -13.0756], "rotation": [2.5, 0, 0], "uv": [121, 113]},
						{"origin": [-7.5, 4.81251, 25.5244], "size": [15, 1, 1], "pivot": [0, 6.31251, -13.0756], "rotation": [2.5, 0, 0], "uv": [0, 80]},
						{"origin": [-7.5, 4.81251, 19.5244], "size": [1, 1, 6], "pivot": [0, 6.31251, -13.0756], "rotation": [2.5, 0, 0], "uv": [0, 56]},
						{"origin": [6.5, 4.81251, 19.5244], "size": [1, 1, 6], "pivot": [0, 6.31251, -13.0756], "rotation": [2.5, 0, 0], "uv": [14, 14]},
						{"origin": [-10.5, 7.31251, 8.7244], "size": [2, 10, 14], "pivot": [0, 6.31251, -13.0756], "rotation": [2.5, 0, 0], "uv": [74, 68]},
						{"origin": [-10.425, 7.14594, 7.26564], "size": [1, 11, 4], "pivot": [-9, 12.67094, 6.46564], "rotation": [-10, 0, 0], "uv": [50, 126]},
						{"origin": [8.5, 7.31251, 8.7244], "size": [2, 10, 14], "pivot": [0, 6.31251, -13.0756], "rotation": [2.5, 0, 0], "uv": [0, 56]},
						{"origin": [-8.5, 5.31251, 21.7244], "size": [17, 12, 2], "pivot": [0, 6.31251, -13.0756], "rotation": [2.5, 0, 0], "uv": [109, 68]},
						{"origin": [-8.5, 28.06041, -13.50537], "size": [17, 3, 1], "pivot": [-6.2, 29.36041, -12.48037], "rotation": [-35, 0, 0], "uv": [124, 12]},
						{"origin": [-9.5, 30.31251, -11.2756], "size": [19, 1, 30], "pivot": [0, 6.31251, -13.0756], "rotation": [2.5, 0, 0], "uv": [0, 0]},
						{"origin": [-9.5, 19.31251, 22.3244], "size": [1, 6, 1], "pivot": [0.5, 6.31251, -13.0756], "rotation": [2.5, 0, 0], "uv": [210, 244]},
						{"origin": [8.5, 19.31251, 22.3244], "size": [1, 6, 1], "pivot": [0.5, 6.31251, -13.0756], "rotation": [2.5, 0, 0], "uv": [210, 244]},
						{"origin": [-7.5, 18.31251, 22.3244], "size": [15, 1, 1], "pivot": [0.5, 6.31251, -13.0756], "rotation": [2.5, 0, 0], "uv": [133, 251]},
						{"origin": [7, 18.81251, 22.3244], "size": [2, 1, 1], "pivot": [0.5, 6.31251, -13.0756], "rotation": [2.5, 0, 0], "uv": [150, 250]},
						{"origin": [-9, 18.81251, 22.3244], "size": [2, 1, 1], "pivot": [0.5, 6.31251, -13.0756], "rotation": [2.5, 0, 0], "uv": [150, 250]},
						{"origin": [-9, 24.81251, 22.3244], "size": [2, 1, 1], "pivot": [0.5, 6.31251, -13.0756], "rotation": [2.5, 0, 0], "uv": [240, 192]},
						{"origin": [7, 24.81251, 22.3244], "size": [2, 1, 1], "pivot": [0.5, 6.31251, -13.0756], "rotation": [2.5, 0, 0], "uv": [240, 192]},
						{"origin": [-10, 17.31251, 22.3244], "size": [20, 8, 1], "pivot": [0.5, 6.31251, -13.0756], "rotation": [2.5, 0, 0], "uv": [0, 119]},
						{"origin": [-10, 26.55655, 21.38698], "size": [20, 4, 1], "pivot": [0.5, 26.85655, 21.78698], "rotation": [22.5, 0, 0], "uv": [121, 108]},
						{"origin": [-10, 29.55655, 23.48698], "size": [20, 4, 1], "pivot": [0.5, 26.85655, 21.78698], "rotation": [57.5, 0, 0], "uv": [121, 103]},
						{"origin": [9.425, 7.14594, 7.26564], "size": [1, 11, 4], "pivot": [9, 12.67094, 6.46564], "rotation": [-10, 0, 0], "uv": [110, 49]},
						{"origin": [-7.5, 6.61251, -8.2756], "size": [15, 5, 4], "pivot": [0, 6.31251, -13.0756], "rotation": [2.5, 0, 0], "uv": [122, 120]},
						{"origin": [-7.4, 4.61251, -8.1756], "size": [1, 3, 1], "pivot": [0, 6.31251, -13.0756], "rotation": [2.5, 0, 0], "uv": [8, 14]},
						{"origin": [6.4, 4.61251, -8.1756], "size": [1, 3, 1], "pivot": [0, 6.31251, -13.0756], "rotation": [2.5, 0, 0], "uv": [0, 14]},
						{"origin": [8.4, 10.31251, -19.0756], "size": [2, 9, 2], "uv": [0, 0]}
					]
				},
				{
					"name": "Yizi",
					"parent": "Cheti2",
					"pivot": [0, 6.31251, -13.0756],
					"cubes": [
						{"origin": [8, 8.46251, 15.9244], "size": [1, 14, 1], "pivot": [0, 15.81251, 13.9244], "rotation": [2.5, 0, 0], "uv": [244, 173]},
						{"origin": [-9, 8.46251, 15.9244], "size": [1, 14, 1], "pivot": [0, 15.81251, 13.9244], "rotation": [2.5, 0, 0], "uv": [244, 173], "mirror": true},
						{"origin": [-9, 8.46251, 7.9244], "size": [1, 5, 9], "pivot": [0, 15.81251, 13.9244], "rotation": [2.5, 0, 0], "uv": [223, 10], "mirror": true},
						{"origin": [8, 8.46251, 7.9244], "size": [1, 5, 9], "pivot": [0, 15.81251, 13.9244], "rotation": [2.5, 0, 0], "uv": [223, 10]},
						{"origin": [-0.4, 8.46251, 7.9244], "size": [1, 5, 9], "pivot": [0, 15.81251, 13.9244], "rotation": [2.5, 0, 0], "uv": [223, 10], "mirror": true},
						{"origin": [-9, 12.71251, -9.5756], "size": [18, 2, 7], "pivot": [0, 15.81251, 13.9244], "rotation": [2.5, 0, 0], "uv": [37, 56]},
						{"origin": [-9, 13.11251, 7.4244], "size": [18, 2, 7], "pivot": [0, 15.81251, 13.9244], "rotation": [2.5, 0, 0], "uv": [37, 56]},
						{"origin": [-9, 15.41251, -2.8756], "size": [18, 7, 1], "pivot": [0, 15.81251, 13.9244], "rotation": [2.5, 0, 0], "uv": [124, 0]},
						{"origin": [-9, 15.41251, 14.9244], "size": [18, 7, 1], "pivot": [0, 15.81251, 13.9244], "rotation": [2.5, 0, 0], "uv": [124, 0]},
						{"origin": [-3, 5.31251, -16.0756], "size": [7, 2, 14], "pivot": [0, 15.81251, 13.9244], "rotation": [2.5, 0, 0], "uv": [68, 11]},
						{"origin": [-1.9, 3.88316, -19.83276], "size": [4.8, 3, 11], "pivot": [0.5, 9.68316, -11.83276], "rotation": [-62.5, 0, 0], "uv": [0, 0]},
						{"origin": [4.1, 4.38316, -11.83276], "size": [1.8, 1, 3], "pivot": [0.5, 9.68316, -11.83276], "rotation": [-62.5, 0, 0], "uv": [0, 42]},
						{"origin": [6.3, 4.38316, -11.83276], "size": [1.8, 1, 3], "pivot": [0.5, 9.68316, -11.83276], "rotation": [-62.5, 0, 0], "uv": [21, 22]}
					]
				},
				{
					"name": "bone10",
					"parent": "Cheti2",
					"pivot": [0, 6.31251, -13.0756],
					"cubes": [
						{"origin": [-10.4, 19.03254, -15.3327], "size": [1, 9, 2], "pivot": [-9.9, 19.53254, -14.3327], "rotation": [-7.43656, 0.9762, 7.43656], "uv": [65, 74]}
					]
				},
				{
					"name": "bone11",
					"parent": "Cheti2",
					"pivot": [0, 6.31251, -13.0756],
					"cubes": [
						{"origin": [9.4, 19.03254, -15.3327], "size": [1, 9, 2], "pivot": [9.9, 19.53254, -14.3327], "rotation": [-7.43656, -0.9762, -7.43656], "uv": [37, 65]}
					]
				},
				{
					"name": "bone12",
					"parent": "Cheti2",
					"pivot": [-8.685, 26.7342, -13.31671],
					"rotation": [0, -2.5, 0],
					"cubes": [
						{"origin": [-9.2, 17.31251, 11.4244], "size": [1, 9, 11], "pivot": [0, 6.31251, -13.0756], "rotation": [2.5, 0, 0], "uv": [37, 65]},
						{"origin": [-9.2, 26.31251, -12.9756], "size": [1, 2, 35], "pivot": [0, 6.31251, -13.0756], "rotation": [2.5, 0, 0], "uv": [0, 56]},
						{"origin": [-9.2, 28.31251, -11.9756], "size": [1, 1, 33], "pivot": [0, 6.31251, -13.0756], "rotation": [2.5, 0, 0], "uv": [74, 69]},
						{"origin": [-9.2, 29.31251, -11.9756], "size": [1, 1, 32], "pivot": [0, 6.31251, -13.0756], "rotation": [2.5, 0, 0], "uv": [90, 33]},
						{"origin": [-9.125, 17.14594, 9.66564], "size": [1, 11, 4], "pivot": [-9, 12.67094, 6.46564], "rotation": [-2.5, 0, 0], "uv": [0, 102]}
					]
				},
				{
					"name": "bone13",
					"parent": "Cheti2",
					"pivot": [8.645, 26.7342, -13.3167],
					"rotation": [0, 2.5, 0],
					"cubes": [
						{"origin": [8.2, 26.31251, -12.9756], "size": [1, 2, 35], "pivot": [0, 6.31251, -13.0756], "rotation": [2.5, 0, 0], "uv": [53, 31]},
						{"origin": [8.2, 28.31251, -11.9756], "size": [1, 1, 33], "pivot": [0, 6.31251, -13.0756], "rotation": [2.5, 0, 0], "uv": [39, 68]},
						{"origin": [8.025, 17.14594, 9.66564], "size": [1, 11, 4], "pivot": [9, 12.67094, 6.46564], "rotation": [-2.5, 0, 0], "uv": [72, 103]},
						{"origin": [8.1, 17.31251, 11.4244], "size": [1, 9, 11], "pivot": [0, 6.31251, -13.0756], "rotation": [2.5, 0, 0], "uv": [90, 33]},
						{"origin": [8.2, 29.31251, -11.9756], "size": [1, 1, 32], "pivot": [0, 6.31251, -13.0756], "rotation": [2.5, 0, 0], "uv": [90, 0]}
					]
				},
				{
					"name": "Chetou",
					"parent": "sanlun",
					"pivot": [65.9, 15, -22.5]
				},
				{
					"name": "Chelun",
					"parent": "Chetou",
					"pivot": [65.9, 15, -22.5]
				},
				{
					"name": "Chetou2",
					"parent": "Chelun",
					"pivot": [2.3699, 18.21251, -13.9756]
				},
				{
					"name": "Chezhaunba",
					"parent": "Chetou2",
					"pivot": [65.9, 15, -21.5],
					"cubes": [
						{"origin": [-1.5301, 4.31251, -24.5756], "size": [1, 3, 3], "uv": [22, 14]},
						{"origin": [-3.5301, 5.31251, -23.5756], "size": [2, 1, 1], "uv": [0, 48]},
						{"origin": [-2.5301, 5.31251, -25.2256], "size": [1, 1, 2], "pivot": [-0.5301, 6.81251, -23.0756], "rotation": [-12.5, 0, 0], "uv": [65, 31]},
						{"origin": [-2.9301, 5.31251, -22.5756], "size": [1, 5, 1], "uv": [37, 56]},
						{"origin": [-2.9301, 5.31251, -25.5756], "size": [1, 5, 1], "pivot": [-0.5301, 6.81251, -23.0756], "rotation": [-20, 0, 0], "uv": [8, 56]}
					]
				},
				{
					"name": "bone8",
					"parent": "Chezhaunba",
					"pivot": [64, 23, -20.5],
					"cubes": [
						{"origin": [-4.0301, 11.31251, -26.3006], "size": [1, 1, 5], "uv": [74, 74]},
						{"origin": [-1.1301, 15.11251, -26.3006], "size": [3, 1, 1], "uv": [0, 46]},
						{"origin": [-2.1301, 11.61251, -26.2756], "size": [1, 5, 1], "pivot": [-2.4301, 14.81251, -22.0756], "rotation": [0, 0, 35], "uv": [0, 56]}
					]
				},
				{
					"name": "bone9",
					"parent": "Chezhaunba",
					"pivot": [69.6, 23, -20.5],
					"cubes": [
						{"origin": [3.7699, 11.31251, -26.3006], "size": [1, 1, 5], "uv": [74, 68]},
						{"origin": [1.8699, 11.61251, -26.2756], "size": [1, 5, 1], "pivot": [3.1699, 14.81251, -22.0756], "rotation": [0, 0, -35], "uv": [14, 14]}
					]
				},
				{
					"name": "dangniban",
					"parent": "Chetou2",
					"pivot": [65.9, 15, -21.5],
					"cubes": [
						{"origin": [-3.1301, 0.91251, -24.9756], "size": [7, 3, 3.2], "pivot": [-0.6301, 6.91251, -23.3756], "rotation": [-150, 0, 0], "uv": [50, 68]},
						{"origin": [-3.1551, 0.91251, -24.9756], "size": [7.05, 3, 3.2], "pivot": [-0.6301, 6.91251, -23.3756], "rotation": [180, 0, 0], "uv": [37, 85]},
						{"origin": [-1.1551, -4.08749, -26.9756], "size": [3.05, 6, 3.2], "pivot": [-0.6301, 6.91251, -23.3756], "rotation": [170, 0, 0], "uv": [18, 56]},
						{"origin": [-0.5551, -5.08749, -28.9756], "size": [2.05, 7, 4.2], "pivot": [-0.6301, 6.91251, -23.3756], "rotation": [170, 0, 0], "uv": [0, 14]},
						{"origin": [-1.0301, -1.48749, -24.7006], "size": [3, 3, 4.2], "pivot": [-0.5301, 6.91251, -23.3756], "rotation": [180, 0, 0], "uv": [0, 63]},
						{"origin": [-3.1801, 0.91251, -25.9756], "size": [7.1, 3, 4.2], "pivot": [-0.6301, 6.91251, -23.3756], "rotation": [150, 0, 0], "uv": [65, 45]},
						{"origin": [-3.1301, 0.41251, -25.7756], "size": [7, 3, 3.2], "pivot": [-0.6301, 6.91251, -23.3756], "rotation": [120, 0, 0], "uv": [85, 92]}
					]
				},
				{
					"name": "lunbenti",
					"parent": "Chetou2",
					"pivot": [0.4909, 5.81251, -23.0756],
					"cubes": [
						{"origin": [-0.4301, 2.31251, -26.6756], "size": [2, 7, 7.2], "uv": [54, 102]},
						{"origin": [-1.0181, 0.81251, -24.4756], "size": [3, 2.5, 2.7], "pivot": [0.4699, 5.81251, -23.0756], "rotation": [30, 0, 0], "uv": [124, 52]},
						{"origin": [-1.0051, 0.81251, -24.4756], "size": [3, 2.5, 2.7], "pivot": [0.4699, 5.81251, -23.0756], "rotation": [60, 0, 0], "uv": [124, 26]},
						{"origin": [-1.0301, 0.81251, -24.4756], "size": [3, 2.5, 2.7], "pivot": [0.4699, 5.81251, -23.0756], "rotation": [-90, 0, 0], "uv": [56, 126]},
						{"origin": [-1.0301, 0.81251, -24.4756], "size": [3, 2.5, 2.7], "pivot": [0.4699, 5.81251, -23.0756], "rotation": [90, 0, 0], "uv": [124, 22]},
						{"origin": [-0.9801, 0.81251, -24.4756], "size": [3, 2.5, 2.7], "pivot": [0.4699, 5.81251, -23.0756], "rotation": [-120, 0, 0], "uv": [124, 18]},
						{"origin": [-1.0181, 0.81251, -24.4756], "size": [3, 2.5, 2.7], "pivot": [0.4699, 5.81251, -23.0756], "rotation": [-150, 0, 0], "uv": [112, 23]},
						{"origin": [-1.0301, 0.81251, -24.4756], "size": [3, 2.5, 2.7], "pivot": [0.4699, 5.81251, -23.0756], "rotation": [180, 0, 0], "uv": [111, 39]},
						{"origin": [-1.0301, 0.81251, -24.4756], "size": [3, 2.5, 2.7], "uv": [106, 28]},
						{"origin": [-1.0181, 0.81251, -24.4756], "size": [3, 2.5, 2.7], "pivot": [0.4699, 5.81251, -23.0756], "rotation": [120, 0, 0], "uv": [111, 35]},
						{"origin": [-1.0051, 0.81251, -24.4756], "size": [3, 2.5, 2.7], "pivot": [0.4699, 5.81251, -23.0756], "rotation": [150, 0, 0], "uv": [107, 11]},
						{"origin": [-1.0051, 0.81251, -24.4756], "size": [3, 2.5, 2.7], "pivot": [0.4699, 5.81251, -23.0756], "rotation": [-30, 0, 0], "uv": [124, 60]},
						{"origin": [-1.0181, 0.81251, -24.4756], "size": [3, 2.5, 2.7], "pivot": [0.4699, 5.81251, -23.0756], "rotation": [-60, 0, 0], "uv": [124, 56]}
					]
				},
				{
					"name": "Fangx",
					"parent": "Chelun",
					"pivot": [2.3699, 18.21251, -14.9756],
					"rotation": [25, 0, 0]
				},
				{
					"name": "fangxiangpan",
					"parent": "Fangx",
					"pivot": [2.3699, 18.21251, -14.9756],
					"rotation": [0, 90, 0],
					"cubes": [
						{"origin": [0.5699, 15.11251, -15.8256], "size": [0.7, 0.6, 1.7], "uv": [250, 250]},
						{"origin": [0.5949, 15.11251, -15.8256], "size": [0.7, 0.6, 1.7], "pivot": [2.3699, 18.21251, -14.9756], "rotation": [-30, 0, 0], "uv": [250, 250]},
						{"origin": [0.5819, 15.11251, -15.8256], "size": [0.7, 0.6, 1.7], "pivot": [2.3699, 18.21251, -14.9756], "rotation": [-60, 0, 0], "uv": [250, 250]},
						{"origin": [0.5699, 15.11251, -15.8256], "size": [0.7, 0.6, 1.7], "pivot": [2.3699, 18.21251, -14.9756], "rotation": [-90, 0, 0], "uv": [250, 250]},
						{"origin": [0.5949, 15.11251, -15.8256], "size": [0.7, 0.6, 1.7], "pivot": [2.3699, 18.21251, -14.9756], "rotation": [-120, 0, 0], "uv": [250, 250]},
						{"origin": [0.5819, 15.11251, -15.8256], "size": [0.7, 0.6, 1.7], "pivot": [2.3699, 18.21251, -14.9756], "rotation": [-150, 0, 0], "uv": [250, 250]},
						{"origin": [0.5699, 15.11251, -15.8256], "size": [0.7, 0.6, 1.7], "pivot": [2.3699, 18.21251, -14.9756], "rotation": [180, 0, 0], "uv": [250, 250]},
						{"origin": [0.5949, 15.11251, -15.8256], "size": [0.7, 0.6, 1.7], "pivot": [2.3699, 18.21251, -14.9756], "rotation": [150, 0, 0], "uv": [250, 250]},
						{"origin": [0.5819, 15.11251, -15.8256], "size": [0.7, 0.6, 1.7], "pivot": [2.3699, 18.21251, -14.9756], "rotation": [120, 0, 0], "uv": [250, 250]},
						{"origin": [0.5699, 15.11251, -15.8256], "size": [0.7, 0.6, 1.7], "pivot": [2.3699, 18.21251, -14.9756], "rotation": [90, 0, 0], "uv": [250, 250]},
						{"origin": [1.1699, 17.91251, -15.4256], "size": [3.3, 0.9, 0.9], "pivot": [2.3699, 18.21251, -14.9756], "rotation": [90, 0, 0], "uv": [242, 245]},
						{"origin": [0.8699, 15.71251, -15.7256], "size": [0.3, 5, 1.5], "pivot": [2.3699, 18.21251, -14.9756], "rotation": [90, 0, 0], "uv": [250, 245]},
						{"origin": [0.5949, 15.11251, -15.8256], "size": [0.7, 0.6, 1.7], "pivot": [2.3699, 18.21251, -14.9756], "rotation": [60, 0, 0], "uv": [250, 250]},
						{"origin": [0.5819, 15.11251, -15.8256], "size": [0.7, 0.6, 1.7], "pivot": [2.3699, 18.21251, -14.9756], "rotation": [30, 0, 0], "uv": [250, 250]}
					]
				},
				{
					"name": "dangniban2",
					"parent": "Chelun",
					"pivot": [-10.9301, 6.81251, 15.5244],
					"rotation": [2.5, 0, 0],
					"cubes": [
						{"origin": [-11.2801, -0.88749, 11.0744], "size": [2, 2.4, 4.7], "pivot": [-9.8301, 6.61251, 15.5244], "rotation": [-120, 0, 0], "uv": [68, 17]},
						{"origin": [-11.3301, -1.78749, 11.1244], "size": [2, 3.4, 8.7], "pivot": [-9.8301, 6.21251, 15.5244], "rotation": [180, 0, 0], "uv": [90, 53]},
						{"origin": [-11.3181, -0.98749, 12.1244], "size": [2, 2.4, 7.7], "pivot": [-9.8301, 6.61251, 15.5244], "rotation": [120, 0, 0], "uv": [74, 92]}
					]
				},
				{
					"name": "Houlun",
					"parent": "Chelun",
					"pivot": [-10.4168, 5.81251, 15.5244],
					"cubes": [
						{"origin": [-11.8301, 2.31251, 11.9244], "size": [2, 7, 7.2], "uv": [96, 11]},
						{"origin": [-12.4181, 0.81251, 14.1244], "size": [3, 2.4, 2.7], "pivot": [-10.9301, 5.81251, 15.5244], "rotation": [30, 0, 0], "uv": [179, 155]},
						{"origin": [-12.4051, 0.81251, 14.1244], "size": [3, 2.4, 2.7], "pivot": [-10.9301, 5.81251, 15.5244], "rotation": [60, 0, 0], "uv": [179, 151]},
						{"origin": [-12.4301, 0.81251, 14.1244], "size": [3, 2.4, 2.7], "pivot": [-10.9301, 5.81251, 15.5244], "rotation": [-90, 0, 0], "uv": [141, 220]},
						{"origin": [-12.4301, 0.81251, 14.1244], "size": [3, 2.4, 2.7], "pivot": [-10.9301, 5.81251, 15.5244], "rotation": [90, 0, 0], "uv": [82, 220]},
						{"origin": [-12.3801, 0.81251, 14.1244], "size": [3, 2.4, 2.7], "pivot": [-10.9301, 5.81251, 15.5244], "rotation": [-120, 0, 0], "uv": [128, 215]},
						{"origin": [-12.4181, 0.81251, 14.1244], "size": [3, 2.4, 2.7], "pivot": [-10.9301, 5.81251, 15.5244], "rotation": [-150, 0, 0], "uv": [118, 215]},
						{"origin": [-12.4301, 0.81251, 14.1244], "size": [3, 2.4, 2.7], "pivot": [-10.9301, 5.81251, 15.5244], "rotation": [180, 0, 0], "uv": [138, 213]},
						{"origin": [-12.4301, 0.81251, 14.1244], "size": [3, 2.4, 2.7], "uv": [130, 211]},
						{"origin": [-12.4181, 0.81251, 14.1244], "size": [3, 2.4, 2.7], "pivot": [-10.9301, 5.81251, 15.5244], "rotation": [120, 0, 0], "uv": [120, 211]},
						{"origin": [-12.4051, 0.81251, 14.1244], "size": [3, 2.4, 2.7], "pivot": [-10.9301, 5.81251, 15.5244], "rotation": [150, 0, 0], "uv": [168, 194]},
						{"origin": [-12.4051, 0.81251, 14.1244], "size": [3, 2.4, 2.7], "pivot": [-10.9301, 5.81251, 15.5244], "rotation": [-30, 0, 0], "uv": [168, 190]},
						{"origin": [-12.4181, 0.81251, 14.1244], "size": [3, 2.4, 2.7], "pivot": [-10.9301, 5.81251, 15.5244], "rotation": [-60, 0, 0], "uv": [168, 186]}
					]
				},
				{
					"name": "dangniban3",
					"parent": "Chelun",
					"pivot": [10.9301, 6.81251, 15.5244],
					"cubes": [
						{"origin": [9.2801, -0.88749, 11.0744], "size": [2, 2.4, 4.7], "pivot": [9.8301, 6.61251, 15.5244], "rotation": [-120, 0, 0], "uv": [68, 11]},
						{"origin": [9.3301, -1.78749, 11.1244], "size": [2, 3.4, 8.7], "pivot": [9.8301, 6.21251, 15.5244], "rotation": [180, 0, 0], "uv": [0, 42]},
						{"origin": [9.3181, -0.98749, 12.1244], "size": [2, 2.4, 7.7], "pivot": [9.8301, 6.61251, 15.5244], "rotation": [120, 0, 0], "uv": [54, 78]}
					]
				},
				{
					"name": "Houlun2",
					"parent": "Chelun",
					"pivot": [10.4168, 5.81251, 15.5244],
					"cubes": [
						{"origin": [9.8301, 2.31251, 11.9244], "size": [2, 7, 7.2], "uv": [96, 11], "mirror": true},
						{"origin": [9.4181, 0.81251, 14.1244], "size": [3, 2.4, 2.7], "pivot": [10.9301, 5.81251, 15.5244], "rotation": [30, 0, 0], "uv": [166, 155]},
						{"origin": [9.4051, 0.81251, 14.1244], "size": [3, 2.4, 2.7], "pivot": [10.9301, 5.81251, 15.5244], "rotation": [60, 0, 0], "uv": [166, 151]},
						{"origin": [9.4301, 0.81251, 14.1244], "size": [3, 2.4, 2.7], "pivot": [10.9301, 5.81251, 15.5244], "rotation": [-90, 0, 0], "uv": [133, 205]},
						{"origin": [9.4301, 0.81251, 14.1244], "size": [3, 2.4, 2.7], "pivot": [10.9301, 5.81251, 15.5244], "rotation": [90, 0, 0], "uv": [96, 204]},
						{"origin": [9.3801, 0.81251, 14.1244], "size": [3, 2.4, 2.7], "pivot": [10.9301, 5.81251, 15.5244], "rotation": [-120, 0, 0], "uv": [86, 204]},
						{"origin": [9.4181, 0.81251, 14.1244], "size": [3, 2.4, 2.7], "pivot": [10.9301, 5.81251, 15.5244], "rotation": [-150, 0, 0], "uv": [76, 204]},
						{"origin": [9.4301, 0.81251, 14.1244], "size": [3, 2.4, 2.7], "pivot": [10.9301, 5.81251, 15.5244], "rotation": [180, 0, 0], "uv": [94, 183]},
						{"origin": [9.4301, 0.81251, 14.1244], "size": [3, 2.4, 2.7], "uv": [174, 12]},
						{"origin": [9.4181, 0.81251, 14.1244], "size": [3, 2.4, 2.7], "pivot": [10.9301, 5.81251, 15.5244], "rotation": [120, 0, 0], "uv": [174, 8]},
						{"origin": [9.4051, 0.81251, 14.1244], "size": [3, 2.4, 2.7], "pivot": [10.9301, 5.81251, 15.5244], "rotation": [150, 0, 0], "uv": [174, 3]},
						{"origin": [9.4051, 0.81251, 14.1244], "size": [3, 2.4, 2.7], "pivot": [10.9301, 5.81251, 15.5244], "rotation": [-30, 0, 0], "uv": [76, 155]},
						{"origin": [9.4181, 0.81251, 14.1244], "size": [3, 2.4, 2.7], "pivot": [10.9301, 5.81251, 15.5244], "rotation": [-60, 0, 0], "uv": [90, 139]}
					]
				}
			]
		}
	]
}