{"format_version":"1.10.0","geometry.model":{"texturewidth":128,"textureheight":128,"visible_bounds_width":5,"visible_bounds_height":2,"visible_bounds_offset":[0,0,0],"bones":[{"name":"none11","pivot":[0,6,-6]},{"name":"none","parent":"none11","pivot":[0,6,-6]},{"name":"none2","parent":"none","pivot":[0,9,7],"cubes":[{"origin":[5,5,2],"size":[3,4,6],"uv":[63,6]},{"origin":[-8,5,2],"size":[3,4,6],"uv":[63,6]}]},{"name":"none3","parent":"none","pivot":[-5,9,20],"rotation":[-60,0,0],"cubes":[{"origin":[4,11.59613,20.94924],"size":[5,1,5],"uv":[0,63]},{"origin":[-9,11.59613,20.94924],"size":[5,1,5],"uv":[0,63]}]},{"name":"none4","parent":"none","pivot":[0,6,-6]},{"name":"none20","parent":"none4","pivot":[0,6,-6],"cubes":[{"origin":[6,2,-13],"size":[2,5,1],"uv":[0,25]},{"origin":[6,3,-14],"size":[2,3,1],"uv":[33,38]},{"origin":[6,7,-12],"size":[2,1,3],"uv":[21,20]},{"origin":[6,6,-12],"size":[2,1,3],"uv":[21,20]},{"origin":[6,2,-9],"size":[2,5,1],"uv":[0,25]},{"origin":[6,3,-8],"size":[2,3,1],"uv":[33,38]},{"origin":[6,2,-12],"size":[2,1,3],"uv":[21,20]},{"origin":[6,1,-12],"size":[2,1,3],"uv":[21,20]},{"origin":[6,3,-12],"size":[1,3,3],"uv":[26,25]}]},{"name":"none21","parent":"none4","pivot":[-14,6,-6],"cubes":[{"origin":[-8,2,-13],"size":[2,5,1],"uv":[0,25]},{"origin":[-8,3,-14],"size":[2,3,1],"uv":[33,38]},{"origin":[-8,7,-12],"size":[2,1,3],"uv":[21,20]},{"origin":[-8,6,-12],"size":[2,1,3],"uv":[21,20]},{"origin":[-8,2,-9],"size":[2,5,1],"uv":[0,25]},{"origin":[-8,3,-8],"size":[2,3,1],"uv":[33,38]},{"origin":[-8,2,-12],"size":[2,1,3],"uv":[21,20]},{"origin":[-8,1,-12],"size":[2,1,3],"uv":[21,20]},{"origin":[-7,3,-12],"size":[1,3,3],"uv":[26,25]}]},{"name":"none22","parent":"none4","pivot":[-2,6,17],"cubes":[{"origin":[4,2,10],"size":[2,5,1],"uv":[0,25]},{"origin":[4,3,9],"size":[2,3,1],"uv":[33,38]},{"origin":[4,7,11],"size":[2,1,3],"uv":[21,20]},{"origin":[4,6,11],"size":[2,1,3],"uv":[21,20]},{"origin":[4,2,14],"size":[2,5,1],"uv":[0,25]},{"origin":[4,3,15],"size":[2,3,1],"uv":[33,38]},{"origin":[4,2,11],"size":[2,1,3],"uv":[21,20]},{"origin":[4,1,11],"size":[2,1,3],"uv":[21,20]},{"origin":[5,3,11],"size":[1,3,3],"uv":[26,25]}]},{"name":"none23","parent":"none22","pivot":[1,6,17],"cubes":[{"origin":[7,2,10],"size":[2,5,1],"uv":[0,25]},{"origin":[7,3,9],"size":[2,3,1],"uv":[33,38]},{"origin":[7,7,11],"size":[2,1,3],"uv":[21,20]},{"origin":[7,6,11],"size":[2,1,3],"uv":[21,20]},{"origin":[7,2,14],"size":[2,5,1],"uv":[0,25]},{"origin":[7,3,15],"size":[2,3,1],"uv":[33,38]},{"origin":[7,2,11],"size":[2,1,3],"uv":[21,20]},{"origin":[7,1,11],"size":[2,1,3],"uv":[21,20]},{"origin":[7,3,11],"size":[1,3,3],"uv":[26,25]}]},{"name":"none24","parent":"none4","pivot":[-2,6,25],"cubes":[{"origin":[4,2,18],"size":[2,5,1],"uv":[0,25]},{"origin":[4,3,17],"size":[2,3,1],"uv":[33,38]},{"origin":[4,7,19],"size":[2,1,3],"uv":[21,20]},{"origin":[4,6,19],"size":[2,1,3],"uv":[21,20]},{"origin":[4,2,22],"size":[2,5,1],"uv":[0,25]},{"origin":[4,3,23],"size":[2,3,1],"uv":[33,38]},{"origin":[4,2,19],"size":[2,1,3],"uv":[21,20]},{"origin":[4,1,19],"size":[2,1,3],"uv":[21,20]},{"origin":[5,3,19],"size":[1,3,3],"uv":[26,25]}]},{"name":"none25","parent":"none24","pivot":[1,6,25],"cubes":[{"origin":[7,2,18],"size":[2,5,1],"uv":[0,25]},{"origin":[7,3,17],"size":[2,3,1],"uv":[33,38]},{"origin":[7,7,19],"size":[2,1,3],"uv":[21,20]},{"origin":[7,6,19],"size":[2,1,3],"uv":[21,20]},{"origin":[7,2,22],"size":[2,5,1],"uv":[0,25]},{"origin":[7,3,23],"size":[2,3,1],"uv":[33,38]},{"origin":[7,2,19],"size":[2,1,3],"uv":[21,20]},{"origin":[7,1,19],"size":[2,1,3],"uv":[21,20]},{"origin":[7,3,19],"size":[1,3,3],"uv":[26,25]}]},{"name":"none26","parent":"none4","pivot":[-15,6,25],"cubes":[{"origin":[-9,2,18],"size":[2,5,1],"uv":[0,25]},{"origin":[-9,3,17],"size":[2,3,1],"uv":[33,38]},{"origin":[-9,7,19],"size":[2,1,3],"uv":[21,20]},{"origin":[-9,6,19],"size":[2,1,3],"uv":[21,20]},{"origin":[-9,2,22],"size":[2,5,1],"uv":[0,25]},{"origin":[-9,3,23],"size":[2,3,1],"uv":[33,38]},{"origin":[-9,2,19],"size":[2,1,3],"uv":[21,20]},{"origin":[-9,1,19],"size":[2,1,3],"uv":[21,20]},{"origin":[-8,3,19],"size":[1,3,3],"uv":[26,25]}]},{"name":"none27","parent":"none26","pivot":[-12,6,25],"cubes":[{"origin":[-6,2,18],"size":[2,5,1],"uv":[0,25]},{"origin":[-6,3,17],"size":[2,3,1],"uv":[33,38]},{"origin":[-6,7,19],"size":[2,1,3],"uv":[21,20]},{"origin":[-6,6,19],"size":[2,1,3],"uv":[21,20]},{"origin":[-6,2,22],"size":[2,5,1],"uv":[0,25]},{"origin":[-6,3,23],"size":[2,3,1],"uv":[33,38]},{"origin":[-6,2,19],"size":[2,1,3],"uv":[21,20]},{"origin":[-6,1,19],"size":[2,1,3],"uv":[21,20]},{"origin":[-6,3,19],"size":[1,3,3],"uv":[26,25]}]},{"name":"none28","parent":"none4","pivot":[-15,6,17],"cubes":[{"origin":[-9,2,10],"size":[2,5,1],"uv":[0,25]},{"origin":[-9,3,9],"size":[2,3,1],"uv":[33,38]},{"origin":[-9,7,11],"size":[2,1,3],"uv":[21,20]},{"origin":[-9,6,11],"size":[2,1,3],"uv":[21,20]},{"origin":[-9,2,14],"size":[2,5,1],"uv":[0,25]},{"origin":[-9,3,15],"size":[2,3,1],"uv":[33,38]},{"origin":[-9,2,11],"size":[2,1,3],"uv":[21,20]},{"origin":[-9,1,11],"size":[2,1,3],"uv":[21,20]},{"origin":[-8,3,11],"size":[1,3,3],"uv":[26,25]}]},{"name":"none29","parent":"none28","pivot":[-12,6,17],"cubes":[{"origin":[-6,2,10],"size":[2,5,1],"uv":[0,25]},{"origin":[-6,3,9],"size":[2,3,1],"uv":[33,38]},{"origin":[-6,7,11],"size":[2,1,3],"uv":[21,20]},{"origin":[-6,6,11],"size":[2,1,3],"uv":[21,20]},{"origin":[-6,2,14],"size":[2,5,1],"uv":[0,25]},{"origin":[-6,3,15],"size":[2,3,1],"uv":[33,38]},{"origin":[-6,2,11],"size":[2,1,3],"uv":[21,20]},{"origin":[-6,1,11],"size":[2,1,3],"uv":[21,20]},{"origin":[-6,3,11],"size":[1,3,3],"uv":[26,25]}]},{"name":"none30","parent":"none4","pivot":[0,6,-6],"cubes":[{"origin":[-8,4,-11],"size":[16,1,1],"uv":[0,32]},{"origin":[-9,4,12],"size":[18,1,1],"uv":[51,0]},{"origin":[-9,4,20],"size":[18,1,1],"uv":[51,0]},{"origin":[-1,3,-12],"size":[2,2,3],"uv":[24,0]},{"origin":[-1,3,11],"size":[2,2,3],"uv":[24,0]},{"origin":[-1,3,19],"size":[2,2,3],"uv":[24,0]},{"origin":[6,3,11],"size":[1,3,3],"uv":[26,25]},{"origin":[6,3,19],"size":[1,3,3],"uv":[26,25]},{"origin":[-7,3,19],"size":[1,3,3],"uv":[26,25]},{"origin":[-7,3,11],"size":[1,3,3],"uv":[26,25]}]},{"name":"none5","parent":"none","pivot":[4,8,-6],"cubes":[{"origin":[-6,9,3],"size":[12,5,2],"uv":[0,38]},{"origin":[-6,10,5],"size":[12,1,3],"uv":[51,2]},{"origin":[-4,9,5],"size":[8,1,1],"uv":[33,67]}]},{"name":"none6","parent":"none","pivot":[0,8,-6],"cubes":[{"origin":[4,5,-7],"size":[1,7,3],"uv":[0,13]},{"origin":[-5,5,-7],"size":[1,7,3],"uv":[0,13]},{"origin":[-3,6,-14],"size":[6,6,2],"uv":[0,71]},{"origin":[-4,8,-13],"size":[8,5,8],"uv":[0,0]},{"origin":[-4,5,-12],"size":[8,3,35],"uv":[0,0]}]},{"name":"none31","parent":"none6","pivot":[0,16,6],"cubes":[{"origin":[-5,15,-4],"size":[10,1,6],"uv":[0,25]},{"origin":[-4,6,-4],"size":[8,1,6],"uv":[0,45]},{"origin":[-5,7,2],"size":[10,8,1],"uv":[51,25]},{"origin":[-5,8,2],"size":[10,1,21],"uv":[33,38]},{"origin":[-4,5,23],"size":[8,3,2],"uv":[66,66]},{"origin":[-3,5,25],"size":[6,2,3],"uv":[66,60]},{"origin":[4,5,-4],"size":[1,10,6],"uv":[33,38]},{"origin":[-5,5,-4],"size":[1,10,6],"uv":[33,38]}]},{"name":"none32","parent":"none6","pivot":[0,11,0],"rotation":[-15,0,0],"cubes":[{"origin":[-1,9.32697,-6.51644],"size":[2,5,2],"uv":[0,0]}]},{"name":"none33","parent":"none6","pivot":[0,8,-6]},{"name":"none34","parent":"none33","pivot":[-2,8,-4],"rotation":[-15,5,0],"cubes":[{"origin":[-5,10.29289,-6.77526],"size":[5,5,2],"uv":[21,13]}]},{"name":"none35","parent":"none33","pivot":[2,8,-4],"rotation":[-15,-5,0],"cubes":[{"origin":[0,10.29289,-6.77526],"size":[5,5,2],"uv":[21,13]}]},{"name":"none36","parent":"none33","pivot":[5,9,-9],"rotation":[0,10,0],"cubes":[{"origin":[3.82635,7,-14.01519],"size":[1,5,7],"uv":[57,64]}]},{"name":"none37","parent":"none33","pivot":[3,9,-8],"rotation":[0,-10,0],"cubes":[{"origin":[-4.86327,7,-12.43717],"size":[1,5,7],"uv":[57,64]}]},{"name":"none38","parent":"none33","pivot":[0,8,-6],"cubes":[{"origin":[-8,4,-5],"size":[4,1,7],"uv":[0,52]},{"origin":[4,4,-5],"size":[4,1,7],"uv":[0,52]},{"origin":[-8,9,-14],"size":[5,1,7],"uv":[51,17]},{"origin":[3,9,-14],"size":[5,1,7],"uv":[51,17]}]},{"name":"none40","parent":"none38","pivot":[-12,3,-4],"rotation":[-55,0,0],"cubes":[{"origin":[-8,3.18085,-11.57358],"size":[4,1,6],"uv":[33,60]},{"origin":[4,3.18085,-11.57358],"size":[4,1,6],"uv":[33,60]}]},{"name":"bone","parent":"none38","pivot":[8,10,10],"rotation":[5,0,0],"cubes":[{"origin":[4,8.73853,5.98858],"size":[5,1,7],"uv":[51,17]},{"origin":[-9,8.73853,5.98858],"size":[5,1,7],"uv":[51,17]}]},{"name":"none41","parent":"none33","pivot":[7,9,14],"cubes":[{"origin":[4,9,13],"size":[5,1,11],"uv":[0,13]},{"origin":[-9,9,13],"size":[5,1,11],"uv":[0,13]},{"origin":[-6,6,-15],"size":[12,2,1],"uv":[0,60]}]},{"name":"none42","parent":"none41","pivot":[0,6,-6],"cubes":[{"origin":[4,10,-13],"size":[2,2,1],"uv":[5,13]},{"origin":[-6,10,-13],"size":[2,2,1],"uv":[5,13]}]},{"name":"none7","parent":"none11","pivot":[0,0,0]},{"name":"none8","parent":"none7","pivot":[-7,18,12]},{"name":"none12","parent":"none8","pivot":[-7,18,12],"rotation":[-10,0,0],"cubes":[{"origin":[-8,18,-2],"size":[1,2,31],"uv":[0,38]}]},{"name":"none13","parent":"none8","pivot":[-5,18,12],"rotation":[-10,0,0],"cubes":[{"origin":[-6,18,-2],"size":[1,2,31],"uv":[0,38]}]},{"name":"none14","parent":"none8","pivot":[-3,18,12],"rotation":[-10,0,0],"cubes":[{"origin":[-4,18,-2],"size":[1,2,31],"uv":[0,38]}]},{"name":"none15","parent":"none8","pivot":[-1,18,12],"rotation":[-10,0,0],"cubes":[{"origin":[-2,18,-2],"size":[1,2,31],"uv":[0,38]}]},{"name":"none16","parent":"none8","pivot":[1,18,12],"rotation":[-10,0,0],"cubes":[{"origin":[1,18,-2],"size":[1,2,31],"uv":[0,38]}]},{"name":"none17","parent":"none8","pivot":[3,18,12],"rotation":[-10,0,0],"cubes":[{"origin":[3,18,-2],"size":[1,2,31],"uv":[0,38]}]},{"name":"none18","parent":"none8","pivot":[5,18,12],"rotation":[-10,0,0],"cubes":[{"origin":[5,18,-2],"size":[1,2,31],"uv":[0,38]}]},{"name":"none19","parent":"none8","pivot":[7,18,12],"rotation":[-10,0,0],"cubes":[{"origin":[7,18,-2],"size":[1,2,31],"uv":[0,38]}]},{"name":"none9","parent":"none7","pivot":[0,0,0]},{"name":"none10","parent":"none9","pivot":[0,0,0],"cubes":[{"origin":[-3,9,17],"size":[6,1,4],"uv":[33,54]},{"origin":[-3,10,18],"size":[1,1,3],"uv":[22,45]},{"origin":[-2,11,20],"size":[4,1,1],"uv":[24,5]},{"origin":[-2,16,7],"size":[4,1,1],"uv":[24,5]},{"origin":[-5,15,22],"size":[10,2,1],"uv":[47,60]},{"origin":[-5,17,9],"size":[10,2,1],"uv":[47,60]},{"origin":[-5,18,5],"size":[10,2,1],"uv":[47,60]},{"origin":[2,10,18],"size":[1,1,3],"uv":[22,45]},{"origin":[2,11,11],"size":[1,1,10],"uv":[51,6]},{"origin":[-3,11,11],"size":[1,1,10],"uv":[51,6]},{"origin":[-2,9,9],"size":[4,2,4],"uv":[15,52]}]},{"name":"bone4","parent":"none10","pivot":[0,11,21],"rotation":[-25,0,0],"cubes":[{"origin":[3,10,20],"size":[1,6,1],"uv":[49,50]}]},{"name":"bone6","parent":"none10","pivot":[-1,11,12],"rotation":[15,0,0],"cubes":[{"origin":[1,10,11],"size":[1,10,1],"uv":[26,58]},{"origin":[-2,10,11],"size":[1,10,1],"uv":[26,58]}]},{"name":"bone7","parent":"none10","pivot":[-1,11,11],"rotation":[30,0,0],"cubes":[{"origin":[2,10,10],"size":[1,11,1],"uv":[47,38]},{"origin":[-3,10,10],"size":[1,11,1],"uv":[47,38]}]},{"name":"bone5","parent":"none10","pivot":[-7,11,21],"rotation":[-25,0,0],"cubes":[{"origin":[-4,10,20],"size":[1,6,1],"uv":[49,50]}]},{"name":"bone3","parent":"none10","pivot":[0,0,0],"rotation":[0,-10,0],"cubes":[{"origin":[0,9,11],"size":[1,1,7],"uv":[66,27]}]},{"name":"bone2","parent":"none10","pivot":[0,0,0],"rotation":[0,10,0],"cubes":[{"origin":[-1,9,11],"size":[1,1,7],"uv":[66,27]}]}]}}