{
	"format_version": "1.10.0",
	"geometry.model": {
		"texturewidth": 128,
		"textureheight": 128,
		"visible_bounds_width": 3,
		"visible_bounds_height": 3.5,
		"visible_bounds_offset": [0, 1.25, 0],
		"bones": [
			{
				"name": "head",
				"pivot": [0, 27, 0]
			},
			{
				"name": "toufa",
				"parent": "head",
				"pivot": [0, 10, 0],
				"cubes": [
					{"origin": [-1, 31, -5], "size": [1, 4, 1], "uv": [74, 0]},
					{"origin": [1, 31, -5], "size": [1, 4, 1], "uv": [74, 0]},
					{"origin": [4.2, 26, 3], "size": [1, 4, 1], "uv": [74, 0]},
					{"origin": [4.2, 27, 2], "size": [1, 4, 1], "uv": [74, 0]},
					{"origin": [4.2, 28, 0], "size": [1, 4, 1], "uv": [74, 0]},
					{"origin": [4.2, 27, -1], "size": [1, 4, 1], "uv": [74, 0]},
					{"origin": [4.2, 27, -2], "size": [1, 4, 1], "uv": [74, 0]},
					{"origin": [-5.2, 27, -2], "size": [1, 4, 1], "uv": [74, 0]},
					{"origin": [-5.2, 27, -1], "size": [1, 4, 1], "uv": [74, 0]},
					{"origin": [-5.2, 28, 0], "size": [1, 4, 1], "uv": [74, 0]},
					{"origin": [-5.2, 27, 2], "size": [1, 4, 1], "uv": [74, 0]},
					{"origin": [4.2, 26, 4], "size": [1, 4, 1], "uv": [74, 0]},
					{"origin": [-5.2, 26, 4], "size": [1, 4, 1], "uv": [74, 0]},
					{"origin": [-2.5, 26, 5], "size": [1, 4, 1], "uv": [74, 0]},
					{"origin": [-1.5, 27, 5], "size": [1, 4, 1], "uv": [74, 0]},
					{"origin": [1.5, 26.1, 5], "size": [1, 4, 1], "uv": [74, 0]},
					{"origin": [0.5, 27.1, 5], "size": [1, 4, 1], "uv": [74, 0]},
					{"origin": [-0.5, 26.1, 5], "size": [1, 4, 1], "uv": [74, 0]},
					{"origin": [-5.2, 26, 3], "size": [1, 4, 1], "uv": [74, 0]},
					{"origin": [0, 32, -5], "size": [1, 3, 1], "uv": [38, 97]},
					{"origin": [-2, 32, -5], "size": [1, 3, 1], "uv": [38, 97]},
					{"origin": [-2.9, 30.9, -4.5], "size": [1, 4, 1], "uv": [62, 0]},
					{"origin": [-4.7, 30.9, -3.7], "size": [1, 4, 3], "uv": [76, 85]},
					{"origin": [3.6, 30.9, -4], "size": [1, 4, 3], "uv": [68, 85]},
					{"origin": [-4.5, 30.1, -1.5], "size": [1, 5, 6], "uv": [14, 74]},
					{"origin": [-3.5, 27.1, 1.5], "size": [7, 8, 3], "uv": [103, 113]},
					{"origin": [3.5, 30.1, -1.5], "size": [1, 5, 6], "uv": [0, 74]},
					{"origin": [-4.5, 27.1, 4.5], "size": [9, 5, 1], "uv": [70, 31]},
					{"origin": [-2.5, 32.1, 4.5], "size": [5, 2, 1], "uv": [0, 44]},
					{"origin": [-5.5, 28.1, 0.5], "size": [1, 5, 4], "uv": [84, 81]},
					{"origin": [4.5, 28.1, 0.5], "size": [1, 5, 4], "uv": [0, 30]},
					{"origin": [-5.5, 33.1, 0.5], "size": [1, 1, 3], "uv": [76, 72]},
					{"origin": [4.5, 33.1, 0.5], "size": [1, 1, 4], "uv": [37, 34]},
					{"origin": [-4.4, 26.7, -3.6], "size": [1, 7, 2], "uv": [24, 86]},
					{"origin": [-5, 28.8, -3.1], "size": [1, 3, 1], "uv": [54, 107]},
					{"origin": [3.4, 26.7, -3.7], "size": [1, 6, 2], "uv": [62, 7]},
					{"origin": [-3.8, 31.4, -4.3], "size": [1, 3, 1], "uv": [0, 30]},
					{"origin": [-2, 32.7, -4.2], "size": [4, 3, 1], "uv": [22, 56]},
					{"origin": [-2.9, 35, -3.6], "size": [6, 1, 8], "uv": [61, 7]},
					{"origin": [-3.8, 34.3, -3.9], "size": [8, 1, 9], "uv": [53, 21]},
					{"origin": [-1.9, 36, -2.6], "size": [4, 1, 6], "uv": [7, 102]},
					{"origin": [-2.9, 36, -1.6], "size": [1, 1, 4], "uv": [93, 1]},
					{"origin": [2.1, 36, -1.6], "size": [1, 1, 4], "uv": [109, 1]},
					{"origin": [-3.9, 35, -2.6], "size": [1, 1, 6], "uv": [82, 66]},
					{"origin": [3.1, 35, -2.6], "size": [1, 1, 6], "uv": [53, 57]},
					{"origin": [1.5, 30.9, -4.5], "size": [2, 4, 1], "uv": [61, 57]}
				]
			},
			{
				"name": "bone",
				"parent": "toufa",
				"pivot": [5.2, 33.8, -5.1],
				"rotation": [0, 155, 0]
			},
			{
				"name": "tou",
				"parent": "head",
				"pivot": [0, 10, 0],
				"cubes": [
					{"origin": [-3.95, 27, -3.5], "size": [7.9, 8, 7], "uv": [60, 57]}
				]
			},
			{
				"name": "bone9",
				"parent": "tou",
				"pivot": [-2.05, 10, -4.5],
				"cubes": [
					{"origin": [0.85, 37, -0.5], "size": [1, 1, 1], "uv": [99, 31]},
					{"origin": [1.85, 33.5, -0.5], "size": [2, 5.4, 1], "uv": [109, 32]},
					{"origin": [2.85, 38.9, -0.5], "size": [1, 1, 1], "uv": [99, 31]},
					{"origin": [3.85, 34.5, -0.5], "size": [1, 3.4, 1], "uv": [99, 31]}
				]
			},
			{
				"name": "bone10",
				"parent": "tou",
				"pivot": [-5.05, 10, -4.5],
				"cubes": [
					{"origin": [-2.15, 37, -0.5], "size": [1, 1, 1], "uv": [99, 31]},
					{"origin": [-4.15, 33.5, -0.5], "size": [2, 5.4, 1], "uv": [109, 32]},
					{"origin": [-4.15, 38.9, -0.5], "size": [1, 1, 1], "uv": [99, 31]},
					{"origin": [-5.15, 34.5, -0.5], "size": [1, 3.4, 1], "uv": [99, 31]}
				]
			},
			{
				"name": "body",
				"pivot": [0, 7, 0]
			},
			{
				"name": "benti",
				"parent": "body",
				"pivot": [0, 7, 0],
				"cubes": [
					{"origin": [-3.5, 14.1, -3], "size": [7, 12, 6], "uv": [0, 56]},
					{"origin": [-4.5, 13.6, -3.5], "size": [9, 5, 7], "uv": [28, 57]},
					{"origin": [-3.3, 25.6, -3.3], "size": [3, 1, 6], "uv": [79, 41]},
					{"origin": [-1.5, 25.1, -4], "size": [3, 1, 6], "uv": [4, 120]},
					{"origin": [-0.5, 24.1, -4], "size": [1, 1, 2], "uv": [4, 120]},
					{"origin": [0.3, 25.6, -3.3], "size": [3, 1, 6], "uv": [62, 0]},
					{"origin": [-4.5, 25.7, 1.4], "size": [9, 1, 2], "uv": [37, 31]},
					{"origin": [-2, 26.1, -2], "size": [4, 2, 4], "uv": [81, 56]},
					{"origin": [-1, 20.1, -3.6], "size": [2, 5, 1], "uv": [53, 57]}
				]
			},
			{
				"name": "bone3",
				"parent": "benti",
				"pivot": [-4.9, 16.6, 0.075]
			},
			{
				"name": "bone4",
				"parent": "benti",
				"pivot": [-5.05, 16.6, 0.075],
				"cubes": [
					{"origin": [-5.5, 11.6, -4.525], "size": [11, 4, 9.1], "uv": [39, 35]}
				]
			},
			{
				"name": "bone2",
				"parent": "benti",
				"pivot": [0, 17.5, -3.4],
				"rotation": [15, 0, 0]
			},
			{
				"name": "armRight",
				"pivot": [-3.4, 24.35, 0],
				"rotation": [0, 0, 7.5],
				"cubes": [
					{"origin": [-7.4, 21, -2], "size": [4, 5, 4], "uv": [78, 16], "mirror": true},
					{"origin": [-6.9, 13.4, -1.5], "size": [3, 9, 3], "uv": [0, 85], "mirror": true}
				]
			},
			{
				"name": "armRightPositioningBone",
				"parent": "armRight",
				"pivot": [-5.4, 14.85, 0]
			},
			{
				"name": "armLeft",
				"pivot": [3.4, 24.35, 0],
				"rotation": [0, 0, -7.5],
				"cubes": [
					{"origin": [3.4, 21, -2], "size": [4, 5, 4], "uv": [78, 16]},
					{"origin": [3.9, 13.4, -1.5], "size": [3, 9, 3], "uv": [0, 85]}
				]
			},
			{
				"name": "armLeftPositioningBone",
				"parent": "armLeft",
				"pivot": [5.4, 14.85, 0]
			},
			{
				"name": "legLeft",
				"pivot": [2.4, 12.5, -1],
				"cubes": [
					{"origin": [0.4, 0, -4], "size": [3.6, 3, 6], "uv": [98, 15]},
					{"origin": [0.4, 3, -2], "size": [3.6, 15, 4], "uv": [28, 69]}
				]
			},
			{
				"name": "legRight",
				"pivot": [-2.4, 12.5, -1],
				"cubes": [
					{"origin": [-4, 0, -4], "size": [3.6, 3, 6], "uv": [98, 15]},
					{"origin": [-4, 3, -2], "size": [3.6, 15, 4], "uv": [42, 69]}
				]
			},
			{
				"name": "backpackPositioningBone",
				"pivot": [0, 25.25, 0]
			}
		]
	}
}