{
	"format_version": "1.10.0",
	"geometry.model": {
		"texturewidth": 128,
		"textureheight": 128,
		"visible_bounds_width": 3,
		"visible_bounds_height": 4,
		"visible_bounds_offset": [0, 1, 0],
		"bones": [
			{
				"name": "head",
				"pivot": [0, 18, 0],
				"cubes": [
					{"origin": [-4, 18, -4], "size": [8, 8, 8], "uv": [24, 8]},
					{"origin": [-4, 18, -4], "size": [8, 8, 8], "uv": [0, 16], "inflate": 0.1}
				]
			},
			{
				"name": "blink",
				"parent": "head",
				"pivot": [0, 18, 0],
				"cubes": [
					{"origin": [-4, 18, -4.001], "size": [8, 8, 0], "uv": [24, 41]}
				]
			},
			{
				"name": "bz",
				"parent": "head",
				"pivot": [0, 18, 0]
			},
			{
				"name": "bone18",
				"parent": "bz",
				"pivot": [0, 18, 0],
				"rotation": [0, 0, -10],
				"cubes": [
					{"origin": [-3, 26, 0], "size": [2, 2, 1], "uv": [0, 3]}
				]
			},
			{
				"name": "bz2",
				"parent": "head",
				"pivot": [0, 18, 0]
			},
			{
				"name": "bone19",
				"parent": "bz2",
				"pivot": [0, 18, 0],
				"rotation": [0, 0, 10],
				"cubes": [
					{"origin": [1, 26, 0], "size": [2, 2, 1], "uv": [0, 0]}
				]
			},
			{
				"name": "hair",
				"parent": "head",
				"pivot": [0, 18, 0],
				"rotation": [22.5, 0, 0],
				"cubes": [
					{"origin": [-4, 10, -4], "size": [8, 8, 8], "uv": [0, 0]}
				]
			},
			{
				"name": "jiao",
				"parent": "head",
				"pivot": [-2, 17, 1],
				"rotation": [0, 0, 15]
			},
			{
				"name": "bone20",
				"parent": "jiao",
				"pivot": [-2, 17, 1],
				"rotation": [0, 0, -12.5],
				"cubes": [
					{"origin": [-4, 25, -2], "size": [1, 2, 1], "uv": [44, 24]}
				]
			},
			{
				"name": "bone21",
				"parent": "bone20",
				"pivot": [-4, 27, -1],
				"rotation": [0, 0, 25],
				"cubes": [
					{"origin": [-4, 27, -2], "size": [1, 1, 1], "uv": [32, 6]}
				]
			},
			{
				"name": "bone22",
				"parent": "bone21",
				"pivot": [-4, 28, -1],
				"rotation": [0, 0, 12.5],
				"cubes": [
					{"origin": [-4, 28, -2], "size": [1, 1, 1], "uv": [28, 6]}
				]
			},
			{
				"name": "bone23",
				"parent": "bone22",
				"pivot": [-3, 29, -1],
				"rotation": [0, 0, -35],
				"cubes": [
					{"origin": [-4, 29, -2], "size": [1, 2, 1], "uv": [43, 5]}
				]
			},
			{
				"name": "jiao2",
				"parent": "head",
				"pivot": [2, 17, 1],
				"rotation": [0, 0, -15]
			},
			{
				"name": "bone24",
				"parent": "jiao2",
				"pivot": [2, 17, 1],
				"rotation": [0, 0, 12.5],
				"cubes": [
					{"origin": [3, 25, -2], "size": [1, 2, 1], "uv": [4, 21]}
				]
			},
			{
				"name": "bone25",
				"parent": "bone24",
				"pivot": [4, 27, -1],
				"rotation": [0, 0, -25],
				"cubes": [
					{"origin": [3, 27, -2], "size": [1, 1, 1], "uv": [24, 6]}
				]
			},
			{
				"name": "bone26",
				"parent": "bone25",
				"pivot": [4, 28, -1],
				"rotation": [0, 0, -12.5],
				"cubes": [
					{"origin": [3, 28, -2], "size": [1, 1, 1], "uv": [4, 6]}
				]
			},
			{
				"name": "bone27",
				"parent": "bone26",
				"pivot": [3, 29, -1],
				"rotation": [0, 0, 35],
				"cubes": [
					{"origin": [3, 29, -2], "size": [1, 2, 1], "uv": [0, 21]}
				]
			},
			{
				"name": "fs",
				"parent": "head",
				"pivot": [-6, 20, 1]
			},
			{
				"name": "pd1",
				"parent": "head",
				"pivot": [6, 38, -3],
				"rotation": [-37.5, 87.5, 0]
			},
			{
				"name": "bone51",
				"parent": "pd1",
				"pivot": [6, 22, -3],
				"rotation": [0, 0, -37.10443],
				"cubes": [
					{"origin": [5, 22, -3], "size": [1, 0, 1], "uv": [35, 25]}
				]
			},
			{
				"name": "bone52",
				"parent": "pd1",
				"pivot": [5.20215, 21.39649, -3],
				"rotation": [0, 0, -59.77069],
				"cubes": [
					{"origin": [4.20215, 21.39649, -3], "size": [1, 0, 1], "uv": [35, 24]}
				]
			},
			{
				"name": "bone53",
				"parent": "pd1",
				"pivot": [4.69873, 20.53255, -3],
				"rotation": [0, 0, -63.21767],
				"cubes": [
					{"origin": [3.69873, 20.53255, -3], "size": [1, 0, 1], "uv": [35, 7]}
				]
			},
			{
				"name": "bone54",
				"parent": "pd1",
				"pivot": [4.24805, 19.63966, -3],
				"rotation": [0, 0, -61.02179],
				"cubes": [
					{"origin": [3.24805, 19.63966, -3], "size": [1, 0, 1], "uv": [3, 35]}
				]
			},
			{
				"name": "bone55",
				"parent": "pd1",
				"pivot": [3.76367, 18.76504, -3],
				"rotation": [0, 0, -46.09213],
				"cubes": [
					{"origin": [2.76367, 18.76504, -3], "size": [1, 0, 1], "uv": [34, 6]}
				]
			},
			{
				"name": "bone56",
				"parent": "pd1",
				"pivot": [3.07031, 18.04474, -3],
				"rotation": [0, 0, 24.81929],
				"cubes": [
					{"origin": [2.07031, 18.04474, -3], "size": [1, 0, 1], "uv": [3, 34]}
				]
			},
			{
				"name": "bone57",
				"parent": "pd1",
				"pivot": [2.16309, 18.4643, -3],
				"rotation": [0, 0, 58.27557],
				"cubes": [
					{"origin": [1.16309, 18.4643, -3], "size": [1, 0, 1], "uv": [33, 25]}
				]
			},
			{
				"name": "bone58",
				"parent": "pd1",
				"pivot": [1.63721, 19.31496, -3],
				"rotation": [0, 0, 63.06285],
				"cubes": [
					{"origin": [0.63721, 19.31496, -3], "size": [1, 0, 1], "uv": [33, 24]}
				]
			},
			{
				"name": "bone59",
				"parent": "pd1",
				"pivot": [1.18408, 20.20669, -3],
				"rotation": [0, 0, 61.84476],
				"cubes": [
					{"origin": [0.18408, 20.20669, -3], "size": [1, 0, 1], "uv": [3, 33]}
				]
			},
			{
				"name": "bone60",
				"parent": "pd1",
				"pivot": [0.7124, 21.08802, -3],
				"rotation": [0, 0, 51.10438],
				"cubes": [
					{"origin": [-0.2876, 21.08802, -3], "size": [1, 0, 1], "uv": [3, 32]}
				]
			},
			{
				"name": "bone61",
				"parent": "pd1",
				"pivot": [0.08447, 21.86634, -3],
				"rotation": [0, 0, -12.91937],
				"cubes": [
					{"origin": [-0.91553, 21.86634, -3], "size": [1, 0, 1], "uv": [31, 25]}
				]
			},
			{
				"name": "pd2",
				"parent": "head",
				"pivot": [-6, 38, -3],
				"rotation": [-37.5, -87.5, 0]
			},
			{
				"name": "bone29",
				"parent": "pd2",
				"pivot": [-6, 22, -3],
				"rotation": [0, 0, 37.10443],
				"cubes": [
					{"origin": [-6, 22, -3], "size": [1, 0, 1], "uv": [31, 24]}
				]
			},
			{
				"name": "bone30",
				"parent": "pd2",
				"pivot": [-5.20215, 21.39649, -3],
				"rotation": [0, 0, 59.77069],
				"cubes": [
					{"origin": [-5.20215, 21.39649, -3], "size": [1, 0, 1], "uv": [30, 6]}
				]
			},
			{
				"name": "bone31",
				"parent": "pd2",
				"pivot": [-4.69873, 20.53255, -3],
				"rotation": [0, 0, 63.21767],
				"cubes": [
					{"origin": [-4.69873, 20.53255, -3], "size": [1, 0, 1], "uv": [26, 6]}
				]
			},
			{
				"name": "bone32",
				"parent": "pd2",
				"pivot": [-4.24805, 19.63966, -3],
				"rotation": [0, 0, 61.02179],
				"cubes": [
					{"origin": [-4.24805, 19.63966, -3], "size": [1, 0, 1], "uv": [2, 21]}
				]
			},
			{
				"name": "bone33",
				"parent": "pd2",
				"pivot": [-3.76367, 18.76504, -3],
				"rotation": [0, 0, 46.09213],
				"cubes": [
					{"origin": [-3.76367, 18.76504, -3], "size": [1, 0, 1], "uv": [2, 6]}
				]
			},
			{
				"name": "bone34",
				"parent": "pd2",
				"pivot": [-3.07031, 18.04474, -3],
				"rotation": [0, 0, -24.81929],
				"cubes": [
					{"origin": [-3.07031, 18.04474, -3], "size": [1, 0, 1], "uv": [5, 5]}
				]
			},
			{
				"name": "bone35",
				"parent": "pd2",
				"pivot": [-2.16309, 18.4643, -3],
				"rotation": [0, 0, -58.27557],
				"cubes": [
					{"origin": [-2.16309, 18.4643, -3], "size": [1, 0, 1], "uv": [5, 4]}
				]
			},
			{
				"name": "bone36",
				"parent": "pd2",
				"pivot": [-1.63721, 19.31496, -3],
				"rotation": [0, 0, -63.06285],
				"cubes": [
					{"origin": [-1.63721, 19.31496, -3], "size": [1, 0, 1], "uv": [5, 2]}
				]
			},
			{
				"name": "bone37",
				"parent": "pd2",
				"pivot": [-1.18408, 20.20669, -3],
				"rotation": [0, 0, -61.84476],
				"cubes": [
					{"origin": [-1.18408, 20.20669, -3], "size": [1, 0, 1], "uv": [5, 1]}
				]
			},
			{
				"name": "bone38",
				"parent": "pd2",
				"pivot": [-0.7124, 21.08802, -3],
				"rotation": [0, 0, -51.10438],
				"cubes": [
					{"origin": [-0.7124, 21.08802, -3], "size": [1, 0, 1], "uv": [4, 3]}
				]
			},
			{
				"name": "bone39",
				"parent": "pd2",
				"pivot": [-0.08447, 21.86634, -3],
				"rotation": [0, 0, 12.91937],
				"cubes": [
					{"origin": [-0.08447, 21.86634, -3], "size": [1, 0, 1], "uv": [4, 0]}
				]
			},
			{
				"name": "armRight",
				"pivot": [-3, 17.5, 0],
				"rotation": [0, 0, 25],
				"cubes": [
					{"origin": [-5, 8.5, -1], "size": [2, 8, 2], "uv": [50, 24]},
					{"origin": [-5.5, 9.5, -1.5], "size": [3, 8, 3], "uv": [0, 47]}
				]
			},
			{
				"name": "armLeft",
				"pivot": [3, 17.5, 0],
				"rotation": [0, 0, -25],
				"cubes": [
					{"origin": [2.5, 9.5, -1.5], "size": [3, 8, 3], "uv": [40, 41]},
					{"origin": [3, 8.5, -1], "size": [2, 8, 2], "uv": [32, 49]}
				]
			},
			{
				"name": "chestPlate",
				"parent": "armLeft",
				"pivot": [3, 17.5, 0]
			},
			{
				"name": "sz",
				"parent": "chestPlate",
				"pivot": [3, 17.5, 0]
			},
			{
				"name": "bone28",
				"parent": "sz",
				"pivot": [3, 17.5, 0],
				"cubes": [
					{"origin": [3.5, 8.5, -4], "size": [1, 1, 4], "uv": [50, 52], "inflate": -0.3},
					{"origin": [3.5, 8.5, -3.5], "size": [1, 1, 1], "uv": [0, 6], "inflate": -0.1},
					{"origin": [1.5, 8.5, -8], "size": [5, 1, 5], "uv": [24, 0], "inflate": -0.3}
				]
			},
			{
				"name": "body",
				"pivot": [0, 10.5, 0],
				"cubes": [
					{"origin": [-3, 8.999, -3], "size": [6, 9, 6], "uv": [0, 32]},
					{"origin": [-3, 8.999, -3], "size": [6, 9, 6], "uv": [26, 26], "inflate": 0.1}
				]
			},
			{
				"name": "sittingRotationSkirt",
				"parent": "body",
				"pivot": [0, 10.5, 0]
			},
			{
				"name": "bone",
				"parent": "sittingRotationSkirt",
				"pivot": [0, 17.5, 0]
			},
			{
				"name": "bone2",
				"parent": "bone",
				"pivot": [0, 7, 0]
			},
			{
				"name": "bone3",
				"parent": "bone2",
				"pivot": [0, 7, 4.41085],
				"rotation": [18, 0, 0],
				"cubes": [
					{"origin": [-2.5, 6.40952, 4.41085], "size": [5, 6, 0], "uv": [52, 46]}
				]
			},
			{
				"name": "bone4",
				"parent": "bone3",
				"pivot": [-2.5, 6.40952, 4.41085],
				"rotation": [0, 0, 17.17204],
				"cubes": [
					{"origin": [-4.5, 7.40952, 4.40985], "size": [2, 5, 0], "uv": [43, 0]}
				]
			},
			{
				"name": "bone5",
				"parent": "bone3",
				"pivot": [2.5, 6.40952, 4.41085],
				"rotation": [0, 0, -17.17204],
				"cubes": [
					{"origin": [2.5, 7.40952, 4.41185], "size": [2, 5, 0], "uv": [39, 0]}
				]
			},
			{
				"name": "bone6",
				"parent": "bone",
				"pivot": [0, 7, 0],
				"rotation": [0, -90, 0]
			},
			{
				"name": "bone7",
				"parent": "bone6",
				"pivot": [0, 7, 4.41085],
				"rotation": [18, 0, 0],
				"cubes": [
					{"origin": [-2.5, 6.40952, 4.41085], "size": [5, 6, 0], "uv": [52, 40]}
				]
			},
			{
				"name": "bone8",
				"parent": "bone7",
				"pivot": [-2.5, 6.40952, 4.41085],
				"rotation": [0, 0, 17.17204],
				"cubes": [
					{"origin": [-4.5, 7.40952, 4.40985], "size": [2, 5, 0], "uv": [22, 32]}
				]
			},
			{
				"name": "bone9",
				"parent": "bone7",
				"pivot": [2.5, 6.40952, 4.41085],
				"rotation": [0, 0, -17.17204],
				"cubes": [
					{"origin": [2.5, 7.40952, 4.41185], "size": [2, 5, 0], "uv": [18, 32]}
				]
			},
			{
				"name": "bone10",
				"parent": "bone",
				"pivot": [0, 7, 0],
				"rotation": [0, -180, 0]
			},
			{
				"name": "bone11",
				"parent": "bone10",
				"pivot": [0, 7, 4.41085],
				"rotation": [18, 0, 0],
				"cubes": [
					{"origin": [-2.5, 6.40952, 4.41085], "size": [5, 6, 0], "uv": [40, 52]}
				]
			},
			{
				"name": "bone12",
				"parent": "bone11",
				"pivot": [-2.5, 6.40952, 4.41085],
				"rotation": [0, 0, 17.17204],
				"cubes": [
					{"origin": [-4.5, 7.40952, 4.40985], "size": [2, 5, 0], "uv": [0, 32]}
				]
			},
			{
				"name": "bone13",
				"parent": "bone11",
				"pivot": [2.5, 6.40952, 4.41085],
				"rotation": [0, 0, -17.17204],
				"cubes": [
					{"origin": [2.5, 7.40952, 4.41185], "size": [2, 5, 0], "uv": [24, 0]}
				]
			},
			{
				"name": "bone14",
				"parent": "bone",
				"pivot": [0, 7, 0],
				"rotation": [0, -270, 0]
			},
			{
				"name": "bone15",
				"parent": "bone14",
				"pivot": [0, 7, 4.41085],
				"rotation": [18, 0, 0],
				"cubes": [
					{"origin": [-2.5, 6.40952, 4.41085], "size": [5, 6, 0], "uv": [50, 34]}
				]
			},
			{
				"name": "bone16",
				"parent": "bone15",
				"pivot": [-2.5, 6.40952, 4.41085],
				"rotation": [0, 0, 17.17204],
				"cubes": [
					{"origin": [-4.5, 7.40952, 4.40985], "size": [2, 5, 0], "uv": [4, 16]}
				]
			},
			{
				"name": "bone17",
				"parent": "bone15",
				"pivot": [2.5, 6.40952, 4.41085],
				"rotation": [0, 0, -17.17204],
				"cubes": [
					{"origin": [2.5, 7.40952, 4.41185], "size": [2, 5, 0], "uv": [0, 16]}
				]
			},
			{
				"name": "legLeft",
				"pivot": [2, 9, 0],
				"cubes": [
					{"origin": [0.499, 0.1, -1.5], "size": [2.75, 9, 3], "uv": [48, 0]},
					{"origin": [0.499, 3, -1.5], "size": [2.75, 1, 3], "uv": [48, 12], "inflate": 0.1},
					{"origin": [0.499, 0.1, -1.5], "size": [2.75, 2, 3], "uv": [55, 9], "inflate": 0.2}
				]
			},
			{
				"name": "legRight",
				"pivot": [-2, 9, 0],
				"cubes": [
					{"origin": [-3.249, 0.2, -1.5], "size": [2.75, 9, 3], "uv": [12, 47]},
					{"origin": [-3.249, 0.2, -1.5], "size": [2.75, 6, 3], "uv": [22, 49], "inflate": 0.1},
					{"origin": [-3.249, 0.2, -1.5], "size": [2.75, 2, 3], "uv": [56, 14], "inflate": 0.2}
				]
			}
		]
	}
}