{
	"format_version": "1.10.0",
	"geometry.model": {
		"texturewidth": 128,
		"textureheight": 128,
		"visible_bounds_width": 3,
		"visible_bounds_height": 4,
		"visible_bounds_offset": [0, 1, 0],
		"bones": [
			{
				"name": "head",
				"pivot": [0, 18, 0],
				"cubes": [
					{"origin": [-4, 18, -4], "size": [8, 8, 8], "uv": [0, 0]}
				]
			},
			{
				"name": "blink",
				"parent": "head",
				"pivot": [0, 18, 0],
				"cubes": [
					{"origin": [-4, 18, -4.001], "size": [8, 8, 0], "uv": [35, 40]}
				]
			},
			{
				"name": "earLeftShake",
				"parent": "head",
				"pivot": [0, 18, 0]
			},
			{
				"name": "bone75",
				"parent": "earLeftShake",
				"pivot": [-1, 18, 0],
				"rotation": [0, 0, 10],
				"cubes": [
					{"origin": [0, 26, -3], "size": [1, 3, 1], "uv": [40, 29]}
				]
			},
			{
				"name": "bone76",
				"parent": "earLeftShake",
				"pivot": [0, 18, 0],
				"rotation": [0, 0, -5],
				"cubes": [
					{"origin": [3, 25, -3], "size": [1, 3.2, 1], "uv": [40, 0]}
				]
			},
			{
				"name": "earRightShake",
				"parent": "head",
				"pivot": [0, 18, 0]
			},
			{
				"name": "bone77",
				"parent": "earRightShake",
				"pivot": [1, 18, 0],
				"rotation": [0, 0, -10],
				"cubes": [
					{"origin": [-1, 26, -3], "size": [1, 3, 1], "uv": [14, 35]}
				]
			},
			{
				"name": "bone78",
				"parent": "earRightShake",
				"pivot": [0, 18, 0],
				"rotation": [0, 0, 5],
				"cubes": [
					{"origin": [-4, 25, -3], "size": [1, 3.2, 1], "uv": [26, 16]}
				]
			},
			{
				"name": "hair",
				"parent": "head",
				"pivot": [0, 18, 0]
			},
			{
				"name": "bone79",
				"parent": "hair",
				"pivot": [0, 18, 0],
				"rotation": [7.5, 0, 0],
				"cubes": [
					{"origin": [-4, 13, 4], "size": [8, 5, 0], "uv": [32, 11]}
				]
			},
			{
				"name": "bone81",
				"parent": "head",
				"pivot": [-4, 26, -1],
				"rotation": [0, 0, -50],
				"cubes": [
					{"origin": [-4.5, 25.5, -1.5], "size": [1, 1, 1], "uv": [26, 20]}
				]
			},
			{
				"name": "bone82",
				"parent": "bone81",
				"pivot": [-4, 26, -1],
				"rotation": [0, 60, 0]
			},
			{
				"name": "bone83",
				"parent": "bone82",
				"pivot": [-4, 26, -1],
				"rotation": [20, -60, 0],
				"cubes": [
					{"origin": [-4.5, 26, -1], "size": [1, 0, 2], "uv": [22, 0]}
				]
			},
			{
				"name": "bone84",
				"parent": "bone81",
				"pivot": [-4, 26, -1],
				"rotation": [0, -60, 0]
			},
			{
				"name": "bone85",
				"parent": "bone84",
				"pivot": [-4, 26, -1],
				"rotation": [20, 0, 0],
				"cubes": [
					{"origin": [-4.5, 26, -1], "size": [1, 0, 2], "uv": [4, 6]}
				]
			},
			{
				"name": "bone86",
				"parent": "bone81",
				"pivot": [-4, 26, -1],
				"rotation": [0, -120, 0]
			},
			{
				"name": "bone87",
				"parent": "bone86",
				"pivot": [-4, 26, -1],
				"rotation": [20, 0, 0],
				"cubes": [
					{"origin": [-4.5, 26, -1], "size": [1, 0, 2], "uv": [2, 6]}
				]
			},
			{
				"name": "bone88",
				"parent": "bone81",
				"pivot": [-4, 26, -1],
				"rotation": [0, 180, 0]
			},
			{
				"name": "bone89",
				"parent": "bone88",
				"pivot": [-4, 26, -1],
				"rotation": [20, 0, 0],
				"cubes": [
					{"origin": [-4.5, 26, -1], "size": [1, 0, 2], "uv": [0, 6]}
				]
			},
			{
				"name": "bone90",
				"parent": "bone81",
				"pivot": [-4, 26, -1],
				"rotation": [0, 120, 0]
			},
			{
				"name": "bone91",
				"parent": "bone90",
				"pivot": [-4, 26, -1],
				"rotation": [20, 0, 0],
				"cubes": [
					{"origin": [-4.5, 26, -1], "size": [1, 0, 2], "uv": [4, 3]}
				]
			},
			{
				"name": "bone92",
				"parent": "bone81",
				"pivot": [-4, 26, -1],
				"rotation": [0, 60, 0]
			},
			{
				"name": "bone93",
				"parent": "bone92",
				"pivot": [-4, 26, -1],
				"rotation": [20, 0, 0],
				"cubes": [
					{"origin": [-4.5, 26, -1], "size": [1, 0, 2], "uv": [4, 0]}
				]
			},
			{
				"name": "bone94",
				"parent": "bone81",
				"pivot": [-4.5, 26, -1],
				"rotation": [0, 0, -35]
			},
			{
				"name": "bone95",
				"parent": "bone94",
				"pivot": [-4.5, 26, -1],
				"rotation": [0, -25, 0]
			},
			{
				"name": "bone96",
				"parent": "bone95",
				"pivot": [-4.5, 26, -1],
				"rotation": [0, 0, 5],
				"cubes": [
					{"origin": [-8.5, 26, -2.5], "size": [4, 0, 3], "uv": [15, 19]}
				]
			},
			{
				"name": "bone97",
				"parent": "bone94",
				"pivot": [-4.5, 26, -1],
				"rotation": [0, 20, 0]
			},
			{
				"name": "bone98",
				"parent": "bone97",
				"pivot": [-4.5, 26, -1],
				"rotation": [0, 0, 5],
				"cubes": [
					{"origin": [-8.5, 26, -2.5], "size": [4, 0, 3], "uv": [15, 16]}
				]
			},
			{
				"name": "armRight",
				"pivot": [-3, 17.5, 0],
				"rotation": [0, 0, 25],
				"cubes": [
					{"origin": [-5, 9.5, -1], "size": [2, 8, 2], "uv": [59, 29]},
					{"origin": [-5.5, 12.5, -1.5], "size": [3, 4, 3], "uv": [35, 48]}
				]
			},
			{
				"name": "bone101",
				"parent": "armRight",
				"pivot": [-3, 17.5, 0],
				"cubes": [
					{"origin": [-5, 10.5, -1], "size": [2, 1, 2], "uv": [0, 3], "inflate": 0.1}
				]
			},
			{
				"name": "armLeft",
				"pivot": [3, 17.5, 0],
				"rotation": [0, 0, -25],
				"cubes": [
					{"origin": [2.5, 12.5, -1.5], "size": [3, 4, 3], "uv": [46, 0]},
					{"origin": [3, 9.5, -1], "size": [2, 8, 2], "uv": [40, 56]}
				]
			},
			{
				"name": "bone102",
				"parent": "armLeft",
				"pivot": [3, 17.5, 0],
				"cubes": [
					{"origin": [3, 10.5, -1], "size": [2, 1, 2], "uv": [0, 0], "inflate": 0.1}
				]
			},
			{
				"name": "body",
				"pivot": [0, 10.5, 0],
				"cubes": [
					{"origin": [-3, 8.999, -3], "size": [6, 9, 6], "uv": [0, 16]}
				]
			},
			{
				"name": "sittingRotationSkirt",
				"parent": "body",
				"pivot": [0, 10.5, 0]
			},
			{
				"name": "bone",
				"parent": "sittingRotationSkirt",
				"pivot": [0, 14.5, 0]
			},
			{
				"name": "bone2",
				"parent": "bone",
				"pivot": [0, 4, 0]
			},
			{
				"name": "bone3",
				"parent": "bone2",
				"pivot": [0, 4, 5.27792],
				"rotation": [28, 0, 0]
			},
			{
				"name": "bone4",
				"parent": "bone3",
				"pivot": [0, 4, 5.27792],
				"rotation": [0, -45, 0],
				"cubes": [
					{"origin": [-1, 4, 4.27792], "size": [2, 7, 2], "uv": [65, 22]}
				]
			},
			{
				"name": "bone5",
				"parent": "bone",
				"pivot": [0, 4, 0],
				"rotation": [0, -30, 0]
			},
			{
				"name": "bone6",
				"parent": "bone5",
				"pivot": [0, 4, 5.27792],
				"rotation": [28, 0, 0]
			},
			{
				"name": "bone7",
				"parent": "bone6",
				"pivot": [0, 4, 5.27792],
				"rotation": [0, -45, 0],
				"cubes": [
					{"origin": [-1, 4, 4.27792], "size": [2, 7, 2], "uv": [64, 0]}
				]
			},
			{
				"name": "bone8",
				"parent": "bone",
				"pivot": [0, 4, 0],
				"rotation": [0, -60, 0]
			},
			{
				"name": "bone9",
				"parent": "bone8",
				"pivot": [0, 4, 5.27792],
				"rotation": [28, 0, 0]
			},
			{
				"name": "bone10",
				"parent": "bone9",
				"pivot": [0, 4, 5.27792],
				"rotation": [0, -45, 0],
				"cubes": [
					{"origin": [-1, 4, 4.27792], "size": [2, 7, 2], "uv": [63, 48]}
				]
			},
			{
				"name": "bone11",
				"parent": "bone",
				"pivot": [0, 4, 0],
				"rotation": [0, -90, 0]
			},
			{
				"name": "bone12",
				"parent": "bone11",
				"pivot": [0, 4, 5.27792],
				"rotation": [28, 0, 0]
			},
			{
				"name": "bone13",
				"parent": "bone12",
				"pivot": [0, 4, 5.27792],
				"rotation": [0, -45, 0],
				"cubes": [
					{"origin": [-1, 4, 4.27792], "size": [2, 7, 2], "uv": [63, 39]}
				]
			},
			{
				"name": "bone14",
				"parent": "bone",
				"pivot": [0, 4, 0],
				"rotation": [0, -120, 0]
			},
			{
				"name": "bone15",
				"parent": "bone14",
				"pivot": [0, 4, 5.27792],
				"rotation": [28, 0, 0]
			},
			{
				"name": "bone16",
				"parent": "bone15",
				"pivot": [0, 4, 5.27792],
				"rotation": [0, -45, 0],
				"cubes": [
					{"origin": [-1, 4, 4.27792], "size": [2, 7, 2], "uv": [63, 13]}
				]
			},
			{
				"name": "bone17",
				"parent": "bone",
				"pivot": [0, 4, 0],
				"rotation": [0, -150, 0]
			},
			{
				"name": "bone18",
				"parent": "bone17",
				"pivot": [0, 4, 5.27792],
				"rotation": [28, 0, 0]
			},
			{
				"name": "bone19",
				"parent": "bone18",
				"pivot": [0, 4, 5.27792],
				"rotation": [0, -45, 0],
				"cubes": [
					{"origin": [-1, 4, 4.27792], "size": [2, 7, 2], "uv": [61, 62]}
				]
			},
			{
				"name": "bone20",
				"parent": "bone",
				"pivot": [0, 4, 0],
				"rotation": [0, -180, 0]
			},
			{
				"name": "bone21",
				"parent": "bone20",
				"pivot": [0, 4, 5.27792],
				"rotation": [28, 0, 0]
			},
			{
				"name": "bone22",
				"parent": "bone21",
				"pivot": [0, 4, 5.27792],
				"rotation": [0, -45, 0]
			},
			{
				"name": "bone23",
				"parent": "bone",
				"pivot": [0, 4, 0],
				"rotation": [0, -210, 0]
			},
			{
				"name": "bone24",
				"parent": "bone23",
				"pivot": [0, 4, 5.27792],
				"rotation": [28, 0, 0]
			},
			{
				"name": "bone25",
				"parent": "bone24",
				"pivot": [0, 4, 5.27792],
				"rotation": [0, -45, 0],
				"cubes": [
					{"origin": [-1, 4, 4.27792], "size": [2, 7, 2], "uv": [48, 62]}
				]
			},
			{
				"name": "bone26",
				"parent": "bone",
				"pivot": [0, 4, 0],
				"rotation": [0, -240, 0]
			},
			{
				"name": "bone27",
				"parent": "bone26",
				"pivot": [0, 4, 5.27792],
				"rotation": [28, 0, 0]
			},
			{
				"name": "bone28",
				"parent": "bone27",
				"pivot": [0, 4, 5.27792],
				"rotation": [0, -45, 0],
				"cubes": [
					{"origin": [-1, 4, 4.27792], "size": [2, 7, 2], "uv": [24, 62]}
				]
			},
			{
				"name": "bone29",
				"parent": "bone",
				"pivot": [0, 4, 0],
				"rotation": [0, -270, 0]
			},
			{
				"name": "bone30",
				"parent": "bone29",
				"pivot": [0, 4, 5.27792],
				"rotation": [28, 0, 0]
			},
			{
				"name": "bone31",
				"parent": "bone30",
				"pivot": [0, 4, 5.27792],
				"rotation": [0, -45, 0],
				"cubes": [
					{"origin": [-1, 4, 4.27792], "size": [2, 7, 2], "uv": [16, 62]}
				]
			},
			{
				"name": "bone32",
				"parent": "bone",
				"pivot": [0, 4, 0],
				"rotation": [0, -300, 0]
			},
			{
				"name": "bone33",
				"parent": "bone32",
				"pivot": [0, 4, 5.27792],
				"rotation": [28, 0, 0]
			},
			{
				"name": "bone34",
				"parent": "bone33",
				"pivot": [0, 4, 5.27792],
				"rotation": [0, -45, 0],
				"cubes": [
					{"origin": [-1, 4, 4.27792], "size": [2, 7, 2], "uv": [8, 62]}
				]
			},
			{
				"name": "bone35",
				"parent": "bone",
				"pivot": [0, 4, 0],
				"rotation": [0, -330, 0]
			},
			{
				"name": "bone36",
				"parent": "bone35",
				"pivot": [0, 4, 5.27792],
				"rotation": [28, 0, 0]
			},
			{
				"name": "bone37",
				"parent": "bone36",
				"pivot": [0, 4, 5.27792],
				"rotation": [0, -45, 0],
				"cubes": [
					{"origin": [-1, 4, 4.27792], "size": [2, 7, 2], "uv": [0, 62]}
				]
			},
			{
				"name": "bone38",
				"parent": "sittingRotationSkirt",
				"pivot": [0, 13.5, 0]
			},
			{
				"name": "bone39",
				"parent": "bone38",
				"pivot": [0, 3, 0]
			},
			{
				"name": "bone40",
				"parent": "bone39",
				"pivot": [0, 3, 5.27792],
				"rotation": [26, 0, 0]
			},
			{
				"name": "bone41",
				"parent": "bone40",
				"pivot": [0, 3, 5.27792],
				"rotation": [0, -45, 0],
				"cubes": [
					{"origin": [-1, 3, 4.27792], "size": [2, 8, 2], "uv": [56, 5]}
				]
			},
			{
				"name": "bone42",
				"parent": "bone38",
				"pivot": [0, 3, 0],
				"rotation": [0, -30, 0]
			},
			{
				"name": "bone43",
				"parent": "bone42",
				"pivot": [0, 3, 5.27792],
				"rotation": [26, 0, 0]
			},
			{
				"name": "bone44",
				"parent": "bone43",
				"pivot": [0, 3, 5.27792],
				"rotation": [0, -45, 0],
				"cubes": [
					{"origin": [-1, 3, 4.27792], "size": [2, 8, 2], "uv": [55, 54]}
				]
			},
			{
				"name": "bone45",
				"parent": "bone38",
				"pivot": [0, 3, 0],
				"rotation": [0, -60, 0]
			},
			{
				"name": "bone46",
				"parent": "bone45",
				"pivot": [0, 3, 5.27792],
				"rotation": [26, 0, 0]
			},
			{
				"name": "bone47",
				"parent": "bone46",
				"pivot": [0, 3, 5.27792],
				"rotation": [0, -45, 0],
				"cubes": [
					{"origin": [-1, 3, 4.27792], "size": [2, 8, 2], "uv": [55, 44]}
				]
			},
			{
				"name": "bone48",
				"parent": "bone38",
				"pivot": [0, 3, 0],
				"rotation": [0, -90, 0]
			},
			{
				"name": "bone49",
				"parent": "bone48",
				"pivot": [0, 3, 5.27792],
				"rotation": [26, 0, 0]
			},
			{
				"name": "bone50",
				"parent": "bone49",
				"pivot": [0, 3, 5.27792],
				"rotation": [0, -45, 0],
				"cubes": [
					{"origin": [-1, 3, 4.27792], "size": [2, 8, 2], "uv": [32, 55]}
				]
			},
			{
				"name": "bone51",
				"parent": "bone38",
				"pivot": [0, 3, 0],
				"rotation": [0, -120, 0]
			},
			{
				"name": "bone52",
				"parent": "bone51",
				"pivot": [0, 3, 5.27792],
				"rotation": [26, 0, 0]
			},
			{
				"name": "bone53",
				"parent": "bone52",
				"pivot": [0, 3, 5.27792],
				"rotation": [0, -45, 0],
				"cubes": [
					{"origin": [-1, 3, 4.27792], "size": [2, 8, 2], "uv": [55, 19]}
				]
			},
			{
				"name": "bone54",
				"parent": "bone38",
				"pivot": [0, 3, 0],
				"rotation": [0, -150, 0]
			},
			{
				"name": "bone55",
				"parent": "bone54",
				"pivot": [0, 3, 5.27792],
				"rotation": [26, 0, 0]
			},
			{
				"name": "bone56",
				"parent": "bone55",
				"pivot": [0, 3, 5.27792],
				"rotation": [0, -45, 0],
				"cubes": [
					{"origin": [-1, 3, 4.27792], "size": [2, 8, 2], "uv": [24, 52]}
				]
			},
			{
				"name": "bone57",
				"parent": "bone38",
				"pivot": [0, 3, 0],
				"rotation": [0, -180, 0]
			},
			{
				"name": "bone58",
				"parent": "bone57",
				"pivot": [0, 3, 5.27792],
				"rotation": [26, 0, 0]
			},
			{
				"name": "bone59",
				"parent": "bone58",
				"pivot": [0, 3, 5.27792],
				"rotation": [0, -45, 0],
				"cubes": [
					{"origin": [-1, 3, 4.27792], "size": [2, 8, 2], "uv": [16, 52]}
				]
			},
			{
				"name": "bone60",
				"parent": "bone38",
				"pivot": [0, 3, 0],
				"rotation": [0, -210, 0]
			},
			{
				"name": "bone61",
				"parent": "bone60",
				"pivot": [0, 3, 5.27792],
				"rotation": [26, 0, 0]
			},
			{
				"name": "bone62",
				"parent": "bone61",
				"pivot": [0, 3, 5.27792],
				"rotation": [0, -45, 0],
				"cubes": [
					{"origin": [-1, 3, 4.27792], "size": [2, 8, 2], "uv": [8, 52]}
				]
			},
			{
				"name": "bone63",
				"parent": "bone38",
				"pivot": [0, 3, 0],
				"rotation": [0, -240, 0]
			},
			{
				"name": "bone64",
				"parent": "bone63",
				"pivot": [0, 3, 5.27792],
				"rotation": [26, 0, 0]
			},
			{
				"name": "bone65",
				"parent": "bone64",
				"pivot": [0, 3, 5.27792],
				"rotation": [0, -45, 0],
				"cubes": [
					{"origin": [-1, 3, 4.27792], "size": [2, 8, 2], "uv": [0, 52]}
				]
			},
			{
				"name": "bone66",
				"parent": "bone38",
				"pivot": [0, 3, 0],
				"rotation": [0, -270, 0]
			},
			{
				"name": "bone67",
				"parent": "bone66",
				"pivot": [0, 3, 5.27792],
				"rotation": [26, 0, 0]
			},
			{
				"name": "bone68",
				"parent": "bone67",
				"pivot": [0, 3, 5.27792],
				"rotation": [0, -45, 0],
				"cubes": [
					{"origin": [-1, 3, 4.27792], "size": [2, 8, 2], "uv": [51, 34]}
				]
			},
			{
				"name": "bone69",
				"parent": "bone38",
				"pivot": [0, 3, 0],
				"rotation": [0, -300, 0]
			},
			{
				"name": "bone70",
				"parent": "bone69",
				"pivot": [0, 3, 5.27792],
				"rotation": [26, 0, 0]
			},
			{
				"name": "bone71",
				"parent": "bone70",
				"pivot": [0, 3, 5.27792],
				"rotation": [0, -45, 0],
				"cubes": [
					{"origin": [-1, 3, 4.27792], "size": [2, 8, 2], "uv": [47, 48]}
				]
			},
			{
				"name": "bone72",
				"parent": "bone38",
				"pivot": [0, 3, 0],
				"rotation": [0, -330, 0]
			},
			{
				"name": "bone73",
				"parent": "bone72",
				"pivot": [0, 3, 5.27792],
				"rotation": [26, 0, 0]
			},
			{
				"name": "bone74",
				"parent": "bone73",
				"pivot": [0, 3, 5.27792],
				"rotation": [0, -45, 0],
				"cubes": [
					{"origin": [-1, 3, 4.27792], "size": [2, 8, 2], "uv": [0, 42]}
				]
			},
			{
				"name": "bone80",
				"parent": "body",
				"pivot": [0, 10.5, 0],
				"cubes": [
					{"origin": [-3, 8.999, -3], "size": [6, 7, 6], "uv": [24, 16], "inflate": 0.1}
				]
			},
			{
				"name": "bone99",
				"parent": "body",
				"pivot": [0, 10.5, 0],
				"rotation": [0, 0, -45],
				"cubes": [
					{"origin": [4, 12.5, -3], "size": [1, 5, 6], "uv": [32, 29], "inflate": 0.08}
				]
			},
			{
				"name": "bone100",
				"parent": "body",
				"pivot": [-1, 10.5, 0],
				"rotation": [0, 0, 45],
				"cubes": [
					{"origin": [-5, 13.5, -3], "size": [1, 5, 6], "uv": [32, 0], "inflate": 0.08}
				]
			},
			{
				"name": "bone103",
				"parent": "body",
				"pivot": [-1, 8.5, 0],
				"rotation": [0, 0, 30],
				"cubes": [
					{"origin": [-4, 4.5, -3], "size": [1, 5, 6], "uv": [0, 31]}
				]
			},
			{
				"name": "bone104",
				"parent": "body",
				"pivot": [1, 8.5, 0],
				"rotation": [0, 0, -30],
				"cubes": [
					{"origin": [3, 4.5, -3], "size": [1, 5, 6], "uv": [18, 29]}
				]
			},
			{
				"name": "chestPlate",
				"parent": "body",
				"pivot": [0, 10.5, 0]
			},
			{
				"name": "sinFloat",
				"parent": "chestPlate",
				"pivot": [0, 10.5, 0]
			},
			{
				"name": "bone110",
				"parent": "sinFloat",
				"pivot": [0, 10.5, 0],
				"cubes": [
					{"origin": [-10, 19.5, 4], "size": [3, 3, 0], "uv": [0, 34]},
					{"origin": [7, 10.5, 3], "size": [3, 3, 0], "uv": [17, 31]},
					{"origin": [8, 16.5, 3], "size": [3, 3, 0], "uv": [0, 19]},
					{"origin": [-2, 24.5, 6], "size": [3, 3, 0], "uv": [0, 31]},
					{"origin": [-6, 7.5, 6], "size": [3, 3, 0], "uv": [0, 16]}
				]
			},
			{
				"name": "legLeft",
				"pivot": [2, 9, 0],
				"cubes": [
					{"origin": [0.499, 0, -1.5], "size": [3, 9, 3], "uv": [23, 40]}
				]
			},
			{
				"name": "bone105",
				"parent": "legLeft",
				"pivot": [2, 9, 0],
				"cubes": [
					{"origin": [0.499, 6, -1.5], "size": [3, 1, 3], "uv": [8, 31], "inflate": 0.1}
				]
			},
			{
				"name": "bone106",
				"parent": "legLeft",
				"pivot": [2, 3, 0],
				"cubes": [
					{"origin": [0.499, 0, -1.5], "size": [3, 5, 3], "uv": [45, 26], "inflate": 0.1}
				]
			},
			{
				"name": "bone107",
				"parent": "legLeft",
				"pivot": [2, 3, 0],
				"cubes": [
					{"origin": [0.499, 0, -1.5], "size": [3, 2, 3], "uv": [26, 29], "inflate": 0.2}
				]
			},
			{
				"name": "legRight",
				"pivot": [-2, 9, 0],
				"cubes": [
					{"origin": [-3.499, 0, -1.5], "size": [3, 9, 3], "uv": [11, 40]}
				]
			},
			{
				"name": "bone108",
				"parent": "legRight",
				"pivot": [-2, 9, 0],
				"cubes": [
					{"origin": [-3.499, 0, -1.5], "size": [3, 5, 3], "uv": [45, 13], "inflate": 0.1}
				]
			},
			{
				"name": "bone109",
				"parent": "legRight",
				"pivot": [-2, 9, 0],
				"cubes": [
					{"origin": [-3.499, 0, -1.5], "size": [3, 2, 3], "uv": [24, 0], "inflate": 0.2}
				]
			}
		]
	}
}