{
	"format_version": "1.10.0",
	"geometry.model": {
		"texturewidth": 64,
		"textureheight": 64,
		"visible_bounds_width": 3,
		"visible_bounds_height": 4,
		"visible_bounds_offset": [0, 1, 0],
		"bones": [
			{
				"name": "head",
				"pivot": [0, 18, 0],
				"cubes": [
					{"origin": [-4, 18, -4], "size": [8, 8, 8], "uv": [0, 11]},
					{"origin": [3, 28, -2], "size": [1, 1, 1], "uv": [6, 0]}
				]
			},
			{
				"name": "blink",
				"parent": "head",
				"pivot": [0, 18, 0],
				"cubes": [
					{"origin": [-4, 18, -4.001], "size": [8, 8, 0], "uv": [30, 0]}
				]
			},
			{
				"name": "hat",
				"parent": "head",
				"pivot": [0, 18, 0],
				"rotation": [0, 0, 2.5],
				"cubes": [
					{"origin": [-5, 26, -5], "size": [10, 1, 10], "uv": [0, 0]},
					{"origin": [-3, 27, -3], "size": [6, 5, 6], "uv": [0, 27]}
				]
			},
			{
				"name": "hd",
				"parent": "hat",
				"pivot": [5, 18, 1],
				"rotation": [0, 0, -22.5]
			},
			{
				"name": "bone18",
				"parent": "hd",
				"pivot": [5, 18, 1],
				"cubes": [
					{"origin": [8, 28, -2], "size": [1, 1, 1], "uv": [18, 30]}
				]
			},
			{
				"name": "bone19",
				"parent": "hd",
				"pivot": [4, 17, -5],
				"rotation": [-15, 0, 0],
				"cubes": [
					{"origin": [8.5, 29, -8], "size": [0.5, 1, 3], "uv": [0, 24]}
				]
			},
			{
				"name": "bone20",
				"parent": "hd",
				"pivot": [5, 25, 0],
				"rotation": [15, 0, 0],
				"cubes": [
					{"origin": [8.5, 29, 0], "size": [0.5, 1, 3], "uv": [0, 15]}
				]
			},
			{
				"name": "bone21",
				"parent": "hd",
				"pivot": [6, 18, -2],
				"rotation": [-17.5, -2.5, -5],
				"cubes": [
					{"origin": [9.5, 25, -6], "size": [0.5, 3, 1], "uv": [8, 4]}
				]
			},
			{
				"name": "bone22",
				"parent": "hd",
				"pivot": [10, 28, 0],
				"rotation": [17.5, -2.5, -5],
				"cubes": [
					{"origin": [8.5, 26, -1], "size": [0.5, 3, 1], "uv": [8, 1]}
				]
			},
			{
				"name": "bone23",
				"parent": "hat",
				"pivot": [0, 22, 0],
				"cubes": [
					{"origin": [-4, 28, -4], "size": [8, 1, 0.5], "uv": [46, 12]},
					{"origin": [-4.5, 28, -4], "size": [0.5, 1, 8], "uv": [24, 4]},
					{"origin": [-4, 28, 4], "size": [8, 1, 0.5], "uv": [46, 11]},
					{"origin": [3.5, 28, -4], "size": [0.5, 1, 8], "uv": [24, 3]}
				]
			},
			{
				"name": "hair",
				"parent": "head",
				"pivot": [0, 18, 0],
				"cubes": [
					{"origin": [-4, 16, 4], "size": [8, 2, 0], "uv": [30, 8]}
				]
			},
			{
				"name": "bz",
				"parent": "head",
				"pivot": [0, 18, 0],
				"cubes": [
					{"origin": [-6, 23, -2], "size": [2, 3, 2], "uv": [24, 13]},
					{"origin": [-5, 20, -1], "size": [1, 3, 0], "uv": [30, 36]}
				]
			},
			{
				"name": "cf",
				"parent": "head",
				"pivot": [0, 18, 0],
				"cubes": [
					{"origin": [3, 15, -4], "size": [1, 3, 0], "uv": [22, 30]},
					{"origin": [-4, 15, -4], "size": [1, 3, 0], "uv": [24, 27]}
				]
			},
			{
				"name": "armRight",
				"pivot": [-3, 17.5, 0],
				"rotation": [0, 0, 25],
				"cubes": [
					{"origin": [-5, 8.5, -1], "size": [2, 8, 2], "uv": [12, 38]},
					{"origin": [-5.5, 9.5, -1.5], "size": [3, 8, 3], "uv": [0, 38]}
				]
			},
			{
				"name": "armLeft",
				"pivot": [3, 17.5, 0],
				"rotation": [0, 0, -25],
				"cubes": [
					{"origin": [2.5, 9.5, -1.5], "size": [3, 8, 3], "uv": [37, 10]},
					{"origin": [3, 8.5, -1], "size": [2, 8, 2], "uv": [0, 0]}
				]
			},
			{
				"name": "body",
				"pivot": [0, 10.5, 0],
				"cubes": [
					{"origin": [-3, 8.999, -3], "size": [6, 9, 6], "uv": [26, 21]}
				]
			},
			{
				"name": "sittingRotationSkirt",
				"parent": "body",
				"pivot": [0, 10.5, 0]
			},
			{
				"name": "bone",
				"parent": "sittingRotationSkirt",
				"pivot": [0, 16.5, 0]
			},
			{
				"name": "bone2",
				"parent": "bone",
				"pivot": [0, 6, 0]
			},
			{
				"name": "bone3",
				"parent": "bone2",
				"pivot": [0, 6, 3.97051],
				"rotation": [10, 0, 0],
				"cubes": [
					{"origin": [-2, 5.65782, 3.97051], "size": [4, 7, 0], "uv": [20, 48]}
				]
			},
			{
				"name": "bone4",
				"parent": "bone3",
				"pivot": [-2, 5.65782, 3.97051],
				"rotation": [0, 0, 9.85108],
				"cubes": [
					{"origin": [-4, 5.65782, 3.96951], "size": [2, 7, 0], "uv": [8, 49]}
				]
			},
			{
				"name": "bone5",
				"parent": "bone3",
				"pivot": [2, 5.65782, 3.97051],
				"rotation": [0, 0, -9.85108],
				"cubes": [
					{"origin": [2, 5.65782, 3.97151], "size": [2, 7, 0], "uv": [4, 49]}
				]
			},
			{
				"name": "bone6",
				"parent": "bone",
				"pivot": [0, 6, 0],
				"rotation": [0, -90, 0]
			},
			{
				"name": "bone7",
				"parent": "bone6",
				"pivot": [0, 6, 3.97051],
				"rotation": [10, 0, 0],
				"cubes": [
					{"origin": [-2, 5.65782, 3.97051], "size": [4, 7, 0], "uv": [12, 48]}
				]
			},
			{
				"name": "bone8",
				"parent": "bone7",
				"pivot": [-2, 5.65782, 3.97051],
				"rotation": [0, 0, 9.85108],
				"cubes": [
					{"origin": [-4, 5.65782, 3.96951], "size": [2, 7, 0], "uv": [0, 49]}
				]
			},
			{
				"name": "bone9",
				"parent": "bone7",
				"pivot": [2, 5.65782, 3.97051],
				"rotation": [0, 0, -9.85108],
				"cubes": [
					{"origin": [2, 5.65782, 3.97151], "size": [2, 7, 0], "uv": [40, 48]}
				]
			},
			{
				"name": "bone10",
				"parent": "bone",
				"pivot": [0, 6, 0],
				"rotation": [0, -180, 0]
			},
			{
				"name": "bone11",
				"parent": "bone10",
				"pivot": [0, 6, 3.97051],
				"rotation": [10, 0, 0],
				"cubes": [
					{"origin": [-2, 5.65782, 3.97051], "size": [4, 7, 0], "uv": [45, 47]}
				]
			},
			{
				"name": "bone12",
				"parent": "bone11",
				"pivot": [-2, 5.65782, 3.97051],
				"rotation": [0, 0, 9.85108],
				"cubes": [
					{"origin": [-4, 5.65782, 3.96951], "size": [2, 7, 0], "uv": [36, 48]}
				]
			},
			{
				"name": "bone13",
				"parent": "bone11",
				"pivot": [2, 5.65782, 3.97051],
				"rotation": [0, 0, -9.85108],
				"cubes": [
					{"origin": [2, 5.65782, 3.97151], "size": [2, 7, 0], "uv": [32, 48]}
				]
			},
			{
				"name": "bone14",
				"parent": "bone",
				"pivot": [0, 6, 0],
				"rotation": [0, -270, 0]
			},
			{
				"name": "bone15",
				"parent": "bone14",
				"pivot": [0, 6, 3.97051],
				"rotation": [10, 0, 0],
				"cubes": [
					{"origin": [-2, 5.65782, 3.97051], "size": [4, 7, 0], "uv": [0, 11]}
				]
			},
			{
				"name": "bone16",
				"parent": "bone15",
				"pivot": [-2, 5.65782, 3.97051],
				"rotation": [0, 0, 9.85108],
				"cubes": [
					{"origin": [-4, 5.65782, 3.96951], "size": [2, 7, 0], "uv": [28, 48]}
				]
			},
			{
				"name": "bone17",
				"parent": "bone15",
				"pivot": [2, 5.65782, 3.97051],
				"rotation": [0, 0, -9.85108],
				"cubes": [
					{"origin": [2, 5.65782, 3.97151], "size": [2, 7, 0], "uv": [32, 13]}
				]
			},
			{
				"name": "hu2",
				"parent": "body",
				"pivot": [0, 10.5, 0],
				"cubes": [
					{"origin": [-1, 16.5, -4], "size": [2, 1, 1], "uv": [0, 28]}
				]
			},
			{
				"name": "bone24",
				"parent": "hu2",
				"pivot": [4, 11.5, 0],
				"rotation": [0, 0, -32.5],
				"cubes": [
					{"origin": [0, 18.5, -4], "size": [3, 1, 0.5], "uv": [0, 30]}
				]
			},
			{
				"name": "bone25",
				"parent": "hu2",
				"pivot": [-4, 11.5, 0],
				"rotation": [0, 0, 32.5],
				"cubes": [
					{"origin": [-3, 18.5, -4], "size": [3, 1, 0.5], "uv": [24, 18]}
				]
			},
			{
				"name": "bone26",
				"parent": "hu2",
				"pivot": [1, 10.5, 0],
				"cubes": [
					{"origin": [-2, 13.5, -4], "size": [1, 3, 0.5], "uv": [24, 33]}
				]
			},
			{
				"name": "bone27",
				"parent": "hu2",
				"pivot": [1, 10.5, 0],
				"cubes": [
					{"origin": [1, 13.5, -4], "size": [1, 3, 0.5], "uv": [24, 30]}
				]
			},
			{
				"name": "hu3",
				"parent": "body",
				"pivot": [0, 10.5, 0]
			},
			{
				"name": "bone28",
				"parent": "hu3",
				"pivot": [0, 10.5, 0],
				"cubes": [
					{"origin": [-1, 12.5, 3], "size": [2, 2, 1], "uv": [18, 27]}
				]
			},
			{
				"name": "bone29",
				"parent": "hu3",
				"pivot": [2, 10.5, 0],
				"rotation": [0, -10, -15],
				"cubes": [
					{"origin": [2, 13.5, 3], "size": [6, 2, 1], "uv": [44, 24]}
				]
			},
			{
				"name": "bone30",
				"parent": "hu3",
				"pivot": [-1, 10.5, 0],
				"rotation": [0, 10, 15],
				"cubes": [
					{"origin": [-8, 13.5, 3], "size": [6, 2, 1], "uv": [44, 21]}
				]
			},
			{
				"name": "bone31",
				"parent": "hu3",
				"pivot": [-3, 11.5, 2],
				"rotation": [0, 25, 20],
				"cubes": [
					{"origin": [-4, 4.5, 4], "size": [2, 10, 1], "uv": [46, 0]}
				]
			},
			{
				"name": "bone32",
				"parent": "hu3",
				"pivot": [1, 10.5, 0],
				"rotation": [0, -25, -20],
				"cubes": [
					{"origin": [3, 3.5, 3], "size": [2, 10, 1], "uv": [45, 36]}
				]
			},
			{
				"name": "legLeft",
				"pivot": [2, 9, 0],
				"cubes": [
					{"origin": [0.499, 0, -1.5], "size": [3, 9, 3], "uv": [33, 36]}
				]
			},
			{
				"name": "legRight",
				"pivot": [-2, 9, 0],
				"cubes": [
					{"origin": [-3.499, 0, -1.5], "size": [3, 9, 3], "uv": [21, 36]}
				]
			}
		]
	}
}