{
	"format_version": "1.10.0",
	"geometry.model": {
		"texturewidth": 64,
		"textureheight": 64,
		"visible_bounds_width": 3,
		"visible_bounds_height": 4,
		"visible_bounds_offset": [0, 1, 0],
		"bones": [
			{
				"name": "head",
				"pivot": [0, 18, 0],
				"cubes": [
					{"origin": [-4, 18, -4], "size": [8, 8, 8], "uv": [0, 18]}
				]
			},
			{
				"name": "ahoge",
				"parent": "head",
				"pivot": [0, 26, 0],
				"cubes": [
					{"origin": [-3, 26, -3], "size": [6, 6, 0], "uv": [24, 0]}
				]
			},
			{
				"name": "blink",
				"parent": "head",
				"pivot": [0, 18, 0],
				"cubes": [
					{"origin": [-4, 18, -4.001], "size": [8, 8, 0], "uv": [24, 18]}
				]
			},
			{
				"name": "bz",
				"parent": "head",
				"pivot": [-2, 17, -1],
				"rotation": [0, 0, 17.5]
			},
			{
				"name": "bone38",
				"parent": "bz",
				"pivot": [-2, 17, -1],
				"cubes": [
					{"origin": [-7, 23, -3], "size": [1, 1, 1], "uv": [28, 6]}
				]
			},
			{
				"name": "bone39",
				"parent": "bz",
				"pivot": [-2, 17, -1],
				"cubes": [
					{"origin": [-8, 16, -3], "size": [1, 7, 1], "uv": [56, 5]}
				]
			},
			{
				"name": "bz2",
				"parent": "head",
				"pivot": [2, 17, -1],
				"rotation": [0, 0, -17.5]
			},
			{
				"name": "bone40",
				"parent": "bz2",
				"pivot": [2, 17, -1],
				"cubes": [
					{"origin": [6, 23, -3], "size": [1, 1, 1], "uv": [24, 6]}
				]
			},
			{
				"name": "bone41",
				"parent": "bz2",
				"pivot": [2, 17, -1],
				"cubes": [
					{"origin": [7, 16, -3], "size": [1, 7, 1], "uv": [0, 55]}
				]
			},
			{
				"name": "hair",
				"parent": "head",
				"pivot": [0, 9, 5],
				"rotation": [30, 0, 0],
				"cubes": [
					{"origin": [-4, 8, 1], "size": [8, 10, 8], "uv": [0, 0]}
				]
			},
			{
				"name": "armRight",
				"pivot": [-3, 17.5, 0],
				"rotation": [0, 0, 25],
				"cubes": [
					{"origin": [-5, 8.5, -1], "size": [2, 8, 2], "uv": [0, 45]},
					{"origin": [-5.5, 9.5, -1.5], "size": [3, 8, 3], "uv": [12, 34]}
				]
			},
			{
				"name": "armLeft",
				"pivot": [3, 17.5, 0],
				"rotation": [0, 0, -25],
				"cubes": [
					{"origin": [2.5, 9.5, -1.5], "size": [3, 8, 3], "uv": [0, 34]},
					{"origin": [3, 8.5, -1], "size": [2, 8, 2], "uv": [41, 43]}
				]
			},
			{
				"name": "body",
				"pivot": [0, 10.5, 0],
				"cubes": [
					{"origin": [-3, 8.999, -3], "size": [6, 9, 6], "uv": [32, 0]},
					{"origin": [-3, 8.999, -3], "size": [6, 9, 6], "uv": [26, 28], "inflate": 0.1}
				]
			},
			{
				"name": "sittingRotationSkirt",
				"parent": "body",
				"pivot": [0, 10.5, 0]
			},
			{
				"name": "bone",
				"parent": "sittingRotationSkirt",
				"pivot": [0, 15.5, 0]
			},
			{
				"name": "bone2",
				"parent": "bone",
				"pivot": [0, 5, 0]
			},
			{
				"name": "bone3",
				"parent": "bone2",
				"pivot": [0, 5, 5.27792],
				"rotation": [30, 0, 0]
			},
			{
				"name": "bone4",
				"parent": "bone3",
				"pivot": [0, 5, 5.27792],
				"rotation": [0, -45, 0],
				"cubes": [
					{"origin": [-1, 5, 4.27792], "size": [2, 6, 2], "uv": [22, 54]}
				]
			},
			{
				"name": "bone5",
				"parent": "bone",
				"pivot": [0, 5, 0],
				"rotation": [0, -30, 0]
			},
			{
				"name": "bone6",
				"parent": "bone5",
				"pivot": [0, 5, 5.27792],
				"rotation": [30, 0, 0]
			},
			{
				"name": "bone7",
				"parent": "bone6",
				"pivot": [0, 5, 5.27792],
				"rotation": [0, -45, 0],
				"cubes": [
					{"origin": [-1, 5, 4.27792], "size": [2, 6, 2], "uv": [39, 53]}
				]
			},
			{
				"name": "bone8",
				"parent": "bone",
				"pivot": [0, 5, 0],
				"rotation": [0, -60, 0]
			},
			{
				"name": "bone9",
				"parent": "bone8",
				"pivot": [0, 5, 5.27792],
				"rotation": [30, 0, 0]
			},
			{
				"name": "bone10",
				"parent": "bone9",
				"pivot": [0, 5, 5.27792],
				"rotation": [0, -45, 0],
				"cubes": [
					{"origin": [-1, 5, 4.27792], "size": [2, 6, 2], "uv": [6, 53]}
				]
			},
			{
				"name": "bone11",
				"parent": "bone",
				"pivot": [0, 5, 0],
				"rotation": [0, -90, 0]
			},
			{
				"name": "bone12",
				"parent": "bone11",
				"pivot": [0, 5, 5.27792],
				"rotation": [30, 0, 0]
			},
			{
				"name": "bone13",
				"parent": "bone12",
				"pivot": [0, 5, 5.27792],
				"rotation": [0, -45, 0],
				"cubes": [
					{"origin": [-1, 5, 4.27792], "size": [2, 6, 2], "uv": [14, 52]}
				]
			},
			{
				"name": "bone14",
				"parent": "bone",
				"pivot": [0, 5, 0],
				"rotation": [0, -120, 0]
			},
			{
				"name": "bone15",
				"parent": "bone14",
				"pivot": [0, 5, 5.27792],
				"rotation": [30, 0, 0]
			},
			{
				"name": "bone16",
				"parent": "bone15",
				"pivot": [0, 5, 5.27792],
				"rotation": [0, -45, 0],
				"cubes": [
					{"origin": [-1, 5, 4.27792], "size": [2, 6, 2], "uv": [31, 51]}
				]
			},
			{
				"name": "bone17",
				"parent": "bone",
				"pivot": [0, 5, 0],
				"rotation": [0, -150, 0]
			},
			{
				"name": "bone18",
				"parent": "bone17",
				"pivot": [0, 5, 5.27792],
				"rotation": [30, 0, 0]
			},
			{
				"name": "bone19",
				"parent": "bone18",
				"pivot": [0, 5, 5.27792],
				"rotation": [0, -45, 0],
				"cubes": [
					{"origin": [-1, 5, 4.27792], "size": [2, 6, 2], "uv": [50, 33]}
				]
			},
			{
				"name": "bone20",
				"parent": "bone",
				"pivot": [0, 5, 0],
				"rotation": [0, -180, 0]
			},
			{
				"name": "bone21",
				"parent": "bone20",
				"pivot": [0, 5, 5.27792],
				"rotation": [30, 0, 0]
			},
			{
				"name": "bone22",
				"parent": "bone21",
				"pivot": [0, 5, 5.27792],
				"rotation": [0, -45, 0],
				"cubes": [
					{"origin": [-1, 5, 4.27792], "size": [2, 6, 2], "uv": [50, 15]}
				]
			},
			{
				"name": "bone23",
				"parent": "bone",
				"pivot": [0, 5, 0],
				"rotation": [0, -210, 0]
			},
			{
				"name": "bone24",
				"parent": "bone23",
				"pivot": [0, 5, 5.27792],
				"rotation": [30, 0, 0]
			},
			{
				"name": "bone25",
				"parent": "bone24",
				"pivot": [0, 5, 5.27792],
				"rotation": [0, -45, 0],
				"cubes": [
					{"origin": [-1, 5, 4.27792], "size": [2, 6, 2], "uv": [49, 49]}
				]
			},
			{
				"name": "bone26",
				"parent": "bone",
				"pivot": [0, 5, 0],
				"rotation": [0, -240, 0]
			},
			{
				"name": "bone27",
				"parent": "bone26",
				"pivot": [0, 5, 5.27792],
				"rotation": [30, 0, 0]
			},
			{
				"name": "bone28",
				"parent": "bone27",
				"pivot": [0, 5, 5.27792],
				"rotation": [0, -45, 0],
				"cubes": [
					{"origin": [-1, 5, 4.27792], "size": [2, 6, 2], "uv": [49, 41]}
				]
			},
			{
				"name": "bone29",
				"parent": "bone",
				"pivot": [0, 5, 0],
				"rotation": [0, -270, 0]
			},
			{
				"name": "bone30",
				"parent": "bone29",
				"pivot": [0, 5, 5.27792],
				"rotation": [30, 0, 0]
			},
			{
				"name": "bone31",
				"parent": "bone30",
				"pivot": [0, 5, 5.27792],
				"rotation": [0, -45, 0],
				"cubes": [
					{"origin": [-1, 5, 4.27792], "size": [2, 6, 2], "uv": [8, 45]}
				]
			},
			{
				"name": "bone32",
				"parent": "bone",
				"pivot": [0, 5, 0],
				"rotation": [0, -300, 0]
			},
			{
				"name": "bone33",
				"parent": "bone32",
				"pivot": [0, 5, 5.27792],
				"rotation": [30, 0, 0]
			},
			{
				"name": "bone34",
				"parent": "bone33",
				"pivot": [0, 5, 5.27792],
				"rotation": [0, -45, 0],
				"cubes": [
					{"origin": [-1, 5, 4.27792], "size": [2, 6, 2], "uv": [0, 18]}
				]
			},
			{
				"name": "bone35",
				"parent": "bone",
				"pivot": [0, 5, 0],
				"rotation": [0, -330, 0]
			},
			{
				"name": "bone36",
				"parent": "bone35",
				"pivot": [0, 5, 5.27792],
				"rotation": [30, 0, 0]
			},
			{
				"name": "bone37",
				"parent": "bone36",
				"pivot": [0, 5, 5.27792],
				"rotation": [0, -45, 0],
				"cubes": [
					{"origin": [-1, 5, 4.27792], "size": [2, 6, 2], "uv": [0, 0]}
				]
			},
			{
				"name": "legLeft",
				"pivot": [2, 9, 0],
				"cubes": [
					{"origin": [0.499, 0.1, -1.5], "size": [2.75, 8.9, 3], "uv": [21, 43]},
					{"origin": [0.499, 0.1, -1.5], "size": [2.75, 5.9, 3], "uv": [31, 43], "inflate": 0.1},
					{"origin": [0.499, 0.1, -1.5], "size": [2.75, 2, 3], "uv": [51, 23], "inflate": 0.2}
				]
			},
			{
				"name": "legRight",
				"pivot": [-2, 9, 0],
				"cubes": [
					{"origin": [-3.249, 0.2, -1.5], "size": [2.75, 8.8, 3], "uv": [40, 15]},
					{"origin": [-3.249, 0.2, -1.5], "size": [2.75, 4, 3], "uv": [44, 26], "inflate": 0.1},
					{"origin": [-3.249, 0.2, -1.5], "size": [2.75, 2, 3], "uv": [50, 0], "inflate": 0.2}
				]
			}
		]
	}
}