{
	"format_version": "1.10.0",
	"geometry.model": {
		"texturewidth": 128,
		"textureheight": 128,
		"visible_bounds_width": 3,
		"visible_bounds_height": 4,
		"visible_bounds_offset": [0, 1, 0],
		"bones": [
			{
				"name": "head",
				"pivot": [0, 18, 0],
				"cubes": [
					{"origin": [-4, 18, -4], "size": [8, 8, 8], "uv": [0, 0]}
				]
			},
			{
				"name": "blink",
				"parent": "head",
				"pivot": [0, 18, 0],
				"cubes": [
					{"origin": [-4, 18, -4.001], "size": [8, 8, 0], "uv": [24, 0]}
				]
			},
			{
				"name": "hairLeft",
				"parent": "head",
				"pivot": [0, 18, 0]
			},
			{
				"name": "braidLeft",
				"parent": "hairLeft",
				"pivot": [4, 25, -4],
				"rotation": [25, -45, 0]
			},
			{
				"name": "bone38",
				"parent": "braidLeft",
				"pivot": [4, 2.09571, -13.13201],
				"rotation": [0, 45, 0],
				"cubes": [
					{"origin": [0.6513, 16.91717, -10.78331], "size": [1, 0.5, 0.5], "uv": [0, 0]},
					{"origin": [-1.3487, 20.91717, -8.78331], "size": [1, 0.5, 0.5], "uv": [0, 0]},
					{"origin": [-0.3487, 18.91717, -9.78331], "size": [1, 0.5, 0.5], "uv": [0, 0]},
					{"origin": [-2.3487, 22.91717, -7.78331], "size": [1, 0.5, 0.5], "uv": [0, 0]},
					{"origin": [0.1513, 17.91717, -10.28331], "size": [1, 0.5, 0.5], "uv": [0, 0]},
					{"origin": [-1.8487, 21.91717, -8.28331], "size": [1, 0.5, 0.5], "uv": [0, 0]},
					{"origin": [-0.8487, 19.91717, -9.28331], "size": [1, 0.5, 0.5], "uv": [0, 0]},
					{"origin": [-2.8487, 23.91717, -7.28331], "size": [1, 0.5, 0.5], "uv": [0, 0]},
					{"origin": [0.4013, 17.41717, -10.53331], "size": [1, 0.5, 0.5], "uv": [0, 0]},
					{"origin": [-1.5987, 21.41717, -8.53331], "size": [1, 0.5, 0.5], "uv": [0, 0]},
					{"origin": [-0.5987, 19.41717, -9.53331], "size": [1, 0.5, 0.5], "uv": [0, 0]},
					{"origin": [-2.5987, 23.41717, -7.53331], "size": [1, 0.5, 0.5], "uv": [0, 0]},
					{"origin": [-0.0987, 18.41717, -10.03331], "size": [1, 0.5, 0.5], "uv": [0, 0]},
					{"origin": [-2.0987, 22.41717, -8.03331], "size": [1, 0.5, 0.5], "uv": [0, 0]},
					{"origin": [-1.0987, 20.41717, -9.03331], "size": [1, 0.5, 0.5], "uv": [0, 0]},
					{"origin": [-3.0987, 24.41717, -7.03331], "size": [1, 0.5, 0.5], "uv": [0, 0]},
					{"origin": [1.1513, 16.91717, -10.28331], "size": [0.5, 0.5, 0.5], "uv": [0, 0]},
					{"origin": [-0.8487, 20.91717, -8.28331], "size": [0.5, 0.5, 0.5], "uv": [0, 0]},
					{"origin": [0.1513, 18.91717, -9.28331], "size": [0.5, 0.5, 0.5], "uv": [0, 0]},
					{"origin": [-1.8487, 22.91717, -7.28331], "size": [0.5, 0.5, 0.5], "uv": [0, 0]},
					{"origin": [0.6513, 17.91717, -9.78331], "size": [0.5, 0.5, 0.5], "uv": [0, 0]},
					{"origin": [-1.3487, 21.91717, -7.78331], "size": [0.5, 0.5, 0.5], "uv": [0, 0]},
					{"origin": [-0.3487, 19.91717, -8.78331], "size": [0.5, 0.5, 0.5], "uv": [0, 0]},
					{"origin": [-2.3487, 23.91717, -6.78331], "size": [0.5, 0.5, 0.5], "uv": [0, 0]},
					{"origin": [0.9013, 17.41717, -10.03331], "size": [0.5, 0.5, 0.5], "uv": [0, 0]},
					{"origin": [-1.0987, 21.41717, -8.03331], "size": [0.5, 0.5, 0.5], "uv": [0, 0]},
					{"origin": [-0.0987, 19.41717, -9.03331], "size": [0.5, 0.5, 0.5], "uv": [0, 0]},
					{"origin": [-2.0987, 23.41717, -7.03331], "size": [0.5, 0.5, 0.5], "uv": [0, 0]},
					{"origin": [0.4013, 18.41717, -9.53331], "size": [0.5, 0.5, 0.5], "uv": [0, 0]},
					{"origin": [-1.5987, 22.41717, -7.53331], "size": [0.5, 0.5, 0.5], "uv": [0, 0]},
					{"origin": [-0.5987, 20.41717, -8.53331], "size": [0.5, 0.5, 0.5], "uv": [0, 0]},
					{"origin": [-2.5987, 24.41717, -6.53331], "size": [0.5, 0.5, 0.5], "uv": [0, 0]}
				]
			},
			{
				"name": "braidRight",
				"parent": "hairLeft",
				"pivot": [-4, 25, -4],
				"rotation": [25, 45, 0]
			},
			{
				"name": "bone39",
				"parent": "braidRight",
				"pivot": [-4, 2.09571, -13.13201],
				"rotation": [0, -45, 0],
				"cubes": [
					{"origin": [-1.6513, 16.91717, -10.78331], "size": [1, 0.5, 0.5], "uv": [0, 0]},
					{"origin": [0.3487, 20.91717, -8.78331], "size": [1, 0.5, 0.5], "uv": [0, 0]},
					{"origin": [-0.6513, 18.91717, -9.78331], "size": [1, 0.5, 0.5], "uv": [0, 0]},
					{"origin": [1.3487, 22.91717, -7.78331], "size": [1, 0.5, 0.5], "uv": [0, 0]},
					{"origin": [-1.1513, 17.91717, -10.28331], "size": [1, 0.5, 0.5], "uv": [0, 0]},
					{"origin": [0.8487, 21.91717, -8.28331], "size": [1, 0.5, 0.5], "uv": [0, 0]},
					{"origin": [-0.1513, 19.91717, -9.28331], "size": [1, 0.5, 0.5], "uv": [0, 0]},
					{"origin": [1.8487, 23.91717, -7.28331], "size": [1, 0.5, 0.5], "uv": [0, 0]},
					{"origin": [-1.4013, 17.41717, -10.53331], "size": [1, 0.5, 0.5], "uv": [0, 0]},
					{"origin": [0.5987, 21.41717, -8.53331], "size": [1, 0.5, 0.5], "uv": [0, 0]},
					{"origin": [-0.4013, 19.41717, -9.53331], "size": [1, 0.5, 0.5], "uv": [0, 0]},
					{"origin": [1.5987, 23.41717, -7.53331], "size": [1, 0.5, 0.5], "uv": [0, 0]},
					{"origin": [-0.9013, 18.41717, -10.03331], "size": [1, 0.5, 0.5], "uv": [0, 0]},
					{"origin": [1.0987, 22.41717, -8.03331], "size": [1, 0.5, 0.5], "uv": [0, 0]},
					{"origin": [0.0987, 20.41717, -9.03331], "size": [1, 0.5, 0.5], "uv": [0, 0]},
					{"origin": [2.0987, 24.41717, -7.03331], "size": [1, 0.5, 0.5], "uv": [0, 0]},
					{"origin": [-1.6513, 16.91717, -10.28331], "size": [0.5, 0.5, 0.5], "uv": [0, 0]},
					{"origin": [0.3487, 20.91717, -8.28331], "size": [0.5, 0.5, 0.5], "uv": [0, 0]},
					{"origin": [-0.6513, 18.91717, -9.28331], "size": [0.5, 0.5, 0.5], "uv": [0, 0]},
					{"origin": [1.3487, 22.91717, -7.28331], "size": [0.5, 0.5, 0.5], "uv": [0, 0]},
					{"origin": [-1.1513, 17.91717, -9.78331], "size": [0.5, 0.5, 0.5], "uv": [0, 0]},
					{"origin": [0.8487, 21.91717, -7.78331], "size": [0.5, 0.5, 0.5], "uv": [0, 0]},
					{"origin": [-0.1513, 19.91717, -8.78331], "size": [0.5, 0.5, 0.5], "uv": [0, 0]},
					{"origin": [1.8487, 23.91717, -6.78331], "size": [0.5, 0.5, 0.5], "uv": [0, 0]},
					{"origin": [-1.4013, 17.41717, -10.03331], "size": [0.5, 0.5, 0.5], "uv": [0, 0]},
					{"origin": [0.5987, 21.41717, -8.03331], "size": [0.5, 0.5, 0.5], "uv": [0, 0]},
					{"origin": [-0.4013, 19.41717, -9.03331], "size": [0.5, 0.5, 0.5], "uv": [0, 0]},
					{"origin": [1.5987, 23.41717, -7.03331], "size": [0.5, 0.5, 0.5], "uv": [0, 0]},
					{"origin": [-0.9013, 18.41717, -9.53331], "size": [0.5, 0.5, 0.5], "uv": [0, 0]},
					{"origin": [1.0987, 22.41717, -7.53331], "size": [0.5, 0.5, 0.5], "uv": [0, 0]},
					{"origin": [0.0987, 20.41717, -8.53331], "size": [0.5, 0.5, 0.5], "uv": [0, 0]},
					{"origin": [2.0987, 24.41717, -6.53331], "size": [0.5, 0.5, 0.5], "uv": [0, 0]}
				]
			},
			{
				"name": "fb",
				"parent": "head",
				"pivot": [0, 18, 0]
			},
			{
				"name": "bone40",
				"parent": "fb",
				"pivot": [0, 18, 0],
				"rotation": [0, 0, 20],
				"cubes": [
					{"origin": [-7.5, 23, -3], "size": [1.5, 2, 2], "uv": [54, 36]}
				]
			},
			{
				"name": "bone75",
				"parent": "bone40",
				"pivot": [0, 18, 0],
				"cubes": [
					{"origin": [-7.5, 16, -2], "size": [1, 7, 0], "uv": [44, 31]},
					{"origin": [-8, 14, -3], "size": [2, 2, 2], "uv": [0, 4]},
					{"origin": [-7, 12, -2.5], "size": [0, 2.2, 1], "uv": [6, 3]}
				]
			},
			{
				"name": "bone76",
				"parent": "bone75",
				"pivot": [0, 18, 0],
				"rotation": [37.5, 0, 0],
				"cubes": [
					{"origin": [-7, 14, -4], "size": [0, 3, 1], "uv": [7, 30]}
				]
			},
			{
				"name": "bone77",
				"parent": "bone75",
				"pivot": [0, 18, 0],
				"rotation": [-37.5, 0, 0],
				"cubes": [
					{"origin": [-7, 12, 0], "size": [0, 3, 1], "uv": [0, 30]}
				]
			},
			{
				"name": "bone41",
				"parent": "fb",
				"pivot": [0, 18, 0],
				"rotation": [0, 0, -20],
				"cubes": [
					{"origin": [6, 23, -3], "size": [1.5, 2, 2], "uv": [0, 16]}
				]
			},
			{
				"name": "bone74",
				"parent": "bone41",
				"pivot": [0, 18, 0],
				"cubes": [
					{"origin": [6.5, 16, -2], "size": [1, 7, 0], "uv": [16, 42]},
					{"origin": [6, 14, -3], "size": [2, 2, 2], "uv": [0, 0]},
					{"origin": [7, 12, -2.5], "size": [0, 2.2, 1], "uv": [0, 3]}
				]
			},
			{
				"name": "bone78",
				"parent": "bone74",
				"pivot": [0, 18, 0],
				"rotation": [37.5, 0, 0],
				"cubes": [
					{"origin": [7, 14, -4], "size": [0, 3, 1], "uv": [25, 15]}
				]
			},
			{
				"name": "bone79",
				"parent": "bone74",
				"pivot": [0, 18, 0],
				"rotation": [-37.5, 0, 0],
				"cubes": [
					{"origin": [7, 12, 0], "size": [0, 3, 1], "uv": [18, 15]}
				]
			},
			{
				"name": "armRight",
				"pivot": [-3, 17.5, 0],
				"rotation": [0, 0, 25],
				"cubes": [
					{"origin": [-4.6, 9, -1], "size": [2, 8, 2], "uv": [26, 40]},
					{"origin": [-5, 9.5, -1.5], "size": [3, 6, 3], "uv": [32, 31]}
				]
			},
			{
				"name": "bone42",
				"parent": "armRight",
				"pivot": [-7, 32.5, 0]
			},
			{
				"name": "bone43",
				"parent": "bone42",
				"pivot": [-4, 15, 0]
			},
			{
				"name": "bone44",
				"parent": "bone43",
				"pivot": [-4, 15, 1.64159],
				"rotation": [38, 0, 0]
			},
			{
				"name": "bone45",
				"parent": "bone44",
				"pivot": [-4, 15, 1.64159],
				"rotation": [0, -56.97613, 0],
				"cubes": [
					{"origin": [-4.65, 15, 0.64159], "size": [1.3, 2, 2], "uv": [54, 32]}
				]
			},
			{
				"name": "bone46",
				"parent": "bone42",
				"pivot": [-4, 15, 0],
				"rotation": [0, -72, 0]
			},
			{
				"name": "bone47",
				"parent": "bone46",
				"pivot": [-4, 15, 1.64159],
				"rotation": [38, 0, 0]
			},
			{
				"name": "bone48",
				"parent": "bone47",
				"pivot": [-4, 15, 1.64159],
				"rotation": [0, -56.97613, 0],
				"cubes": [
					{"origin": [-4.65, 15, 0.64159], "size": [1.3, 2, 2], "uv": [54, 28]}
				]
			},
			{
				"name": "bone49",
				"parent": "bone42",
				"pivot": [-4, 15, 0],
				"rotation": [0, -144, 0]
			},
			{
				"name": "bone50",
				"parent": "bone49",
				"pivot": [-4, 15, 1.64159],
				"rotation": [38, 0, 0]
			},
			{
				"name": "bone51",
				"parent": "bone50",
				"pivot": [-4, 15, 1.64159],
				"rotation": [0, -56.97613, 0],
				"cubes": [
					{"origin": [-4.65, 15, 0.64159], "size": [1.3, 2, 2], "uv": [22, 54]}
				]
			},
			{
				"name": "bone52",
				"parent": "bone42",
				"pivot": [-4, 15, 0],
				"rotation": [0, -216, 0]
			},
			{
				"name": "bone53",
				"parent": "bone52",
				"pivot": [-4, 15, 1.64159],
				"rotation": [38, 0, 0]
			},
			{
				"name": "bone54",
				"parent": "bone53",
				"pivot": [-4, 15, 1.64159],
				"rotation": [0, -56.97613, 0],
				"cubes": [
					{"origin": [-4.65, 15, 0.64159], "size": [1.3, 2, 2], "uv": [54, 13]}
				]
			},
			{
				"name": "bone55",
				"parent": "bone42",
				"pivot": [-4, 15, 0],
				"rotation": [0, -288, 0]
			},
			{
				"name": "bone56",
				"parent": "bone55",
				"pivot": [-4, 15, 1.64159],
				"rotation": [38, 0, 0]
			},
			{
				"name": "bone57",
				"parent": "bone56",
				"pivot": [-4, 15, 1.64159],
				"rotation": [0, -56.97613, 0],
				"cubes": [
					{"origin": [-4.65, 15, 0.64159], "size": [1.3, 2, 2], "uv": [26, 52]}
				]
			},
			{
				"name": "armLeft",
				"pivot": [3, 17.5, 0],
				"rotation": [0, 0, -25],
				"cubes": [
					{"origin": [2.4, 9.5, -1.5], "size": [3, 6, 3], "uv": [20, 31]},
					{"origin": [2.6, 9, -1], "size": [2, 8, 2], "uv": [18, 40]}
				]
			},
			{
				"name": "bone58",
				"parent": "armLeft",
				"pivot": [7, 31.5, 0]
			},
			{
				"name": "bone59",
				"parent": "bone58",
				"pivot": [4, 14, 0]
			},
			{
				"name": "bone60",
				"parent": "bone59",
				"pivot": [4, 14, 1.64159],
				"rotation": [32, 0, 0]
			},
			{
				"name": "bone61",
				"parent": "bone60",
				"pivot": [4, 14, 1.64159],
				"rotation": [0, -56.97613, 0],
				"cubes": [
					{"origin": [3.35, 14, 0.64159], "size": [1.3, 2, 2], "uv": [6, 51]}
				]
			},
			{
				"name": "bone62",
				"parent": "bone58",
				"pivot": [4, 14, 0],
				"rotation": [0, -72, 0]
			},
			{
				"name": "bone63",
				"parent": "bone62",
				"pivot": [4, 14, 1.64159],
				"rotation": [32, 0, 0]
			},
			{
				"name": "bone64",
				"parent": "bone63",
				"pivot": [4, 14, 1.64159],
				"rotation": [0, -56.97613, 0],
				"cubes": [
					{"origin": [3.35, 14, 0.64159], "size": [1.3, 2, 2], "uv": [0, 51]}
				]
			},
			{
				"name": "bone65",
				"parent": "bone58",
				"pivot": [4, 14, 0],
				"rotation": [0, -144, 0]
			},
			{
				"name": "bone66",
				"parent": "bone65",
				"pivot": [4, 14, 1.64159],
				"rotation": [32, 0, 0]
			},
			{
				"name": "bone67",
				"parent": "bone66",
				"pivot": [4, 14, 1.64159],
				"rotation": [0, -56.97613, 0],
				"cubes": [
					{"origin": [3.35, 14, 0.64159], "size": [1.3, 2, 2], "uv": [50, 38]}
				]
			},
			{
				"name": "bone68",
				"parent": "bone58",
				"pivot": [4, 14, 0],
				"rotation": [0, -216, 0]
			},
			{
				"name": "bone69",
				"parent": "bone68",
				"pivot": [4, 14, 1.64159],
				"rotation": [32, 0, 0]
			},
			{
				"name": "bone70",
				"parent": "bone69",
				"pivot": [4, 14, 1.64159],
				"rotation": [0, -56.97613, 0],
				"cubes": [
					{"origin": [3.35, 14, 0.64159], "size": [1.3, 2, 2], "uv": [22, 50]}
				]
			},
			{
				"name": "bone71",
				"parent": "bone58",
				"pivot": [4, 14, 0],
				"rotation": [0, -288, 0]
			},
			{
				"name": "bone72",
				"parent": "bone71",
				"pivot": [4, 14, 1.64159],
				"rotation": [32, 0, 0]
			},
			{
				"name": "bone73",
				"parent": "bone72",
				"pivot": [4, 14, 1.64159],
				"rotation": [0, -56.97613, 0],
				"cubes": [
					{"origin": [3.35, 14, 0.64159], "size": [1.3, 2, 2], "uv": [42, 17]}
				]
			},
			{
				"name": "body",
				"pivot": [0, 10.5, 0],
				"cubes": [
					{"origin": [-3, 8.999, -3], "size": [6, 9, 6], "uv": [24, 16]},
					{"origin": [-3, 8.999, -3], "size": [6, 9, 6], "uv": [0, 16], "inflate": 0.1}
				]
			},
			{
				"name": "sittingRotationSkirt",
				"parent": "body",
				"pivot": [0, 10.5, 0]
			},
			{
				"name": "bone",
				"parent": "sittingRotationSkirt",
				"pivot": [0, 16.5, 0]
			},
			{
				"name": "bone2",
				"parent": "bone",
				"pivot": [0, 6, 0]
			},
			{
				"name": "bone3",
				"parent": "bone2",
				"pivot": [0, 6, 5.27792],
				"rotation": [34, 0, 0]
			},
			{
				"name": "bone4",
				"parent": "bone3",
				"pivot": [0, 6, 5.27792],
				"rotation": [0, -45, 0],
				"cubes": [
					{"origin": [-1, 6, 4.27792], "size": [2, 7, 2], "uv": [14, 50]}
				]
			},
			{
				"name": "bone5",
				"parent": "bone",
				"pivot": [0, 6, 0],
				"rotation": [0, -30, 0]
			},
			{
				"name": "bone6",
				"parent": "bone5",
				"pivot": [0, 6, 5.27792],
				"rotation": [34, 0, 0]
			},
			{
				"name": "bone7",
				"parent": "bone6",
				"pivot": [0, 6, 5.27792],
				"rotation": [0, -45, 0],
				"cubes": [
					{"origin": [-1, 6, 4.27792], "size": [2, 7, 2], "uv": [50, 0]}
				]
			},
			{
				"name": "bone8",
				"parent": "bone",
				"pivot": [0, 6, 0],
				"rotation": [0, -60, 0]
			},
			{
				"name": "bone9",
				"parent": "bone8",
				"pivot": [0, 6, 5.27792],
				"rotation": [34, 0, 0]
			},
			{
				"name": "bone10",
				"parent": "bone9",
				"pivot": [0, 6, 5.27792],
				"rotation": [0, -45, 0],
				"cubes": [
					{"origin": [-1, 6, 4.27792], "size": [2, 7, 2], "uv": [32, 49]}
				]
			},
			{
				"name": "bone11",
				"parent": "bone",
				"pivot": [0, 6, 0],
				"rotation": [0, -90, 0]
			},
			{
				"name": "bone12",
				"parent": "bone11",
				"pivot": [0, 6, 5.27792],
				"rotation": [34, 0, 0]
			},
			{
				"name": "bone13",
				"parent": "bone12",
				"pivot": [0, 6, 5.27792],
				"rotation": [0, -45, 0],
				"cubes": [
					{"origin": [-1, 6, 4.27792], "size": [2, 7, 2], "uv": [48, 45]}
				]
			},
			{
				"name": "bone14",
				"parent": "bone",
				"pivot": [0, 6, 0],
				"rotation": [0, -120, 0]
			},
			{
				"name": "bone15",
				"parent": "bone14",
				"pivot": [0, 6, 5.27792],
				"rotation": [34, 0, 0]
			},
			{
				"name": "bone16",
				"parent": "bone15",
				"pivot": [0, 6, 5.27792],
				"rotation": [0, -45, 0],
				"cubes": [
					{"origin": [-1, 6, 4.27792], "size": [2, 7, 2], "uv": [48, 15]}
				]
			},
			{
				"name": "bone17",
				"parent": "bone",
				"pivot": [0, 6, 0],
				"rotation": [0, -150, 0]
			},
			{
				"name": "bone18",
				"parent": "bone17",
				"pivot": [0, 6, 5.27792],
				"rotation": [34, 0, 0]
			},
			{
				"name": "bone19",
				"parent": "bone18",
				"pivot": [0, 6, 5.27792],
				"rotation": [0, -45, 0],
				"cubes": [
					{"origin": [-1, 6, 4.27792], "size": [2, 7, 2], "uv": [40, 47]}
				]
			},
			{
				"name": "bone20",
				"parent": "bone",
				"pivot": [0, 6, 0],
				"rotation": [0, -180, 0]
			},
			{
				"name": "bone21",
				"parent": "bone20",
				"pivot": [0, 6, 5.27792],
				"rotation": [34, 0, 0]
			},
			{
				"name": "bone22",
				"parent": "bone21",
				"pivot": [0, 6, 5.27792],
				"rotation": [0, -45, 0],
				"cubes": [
					{"origin": [-1, 6, 4.27792], "size": [2, 7, 2], "uv": [46, 29]}
				]
			},
			{
				"name": "bone23",
				"parent": "bone",
				"pivot": [0, 6, 0],
				"rotation": [0, -210, 0]
			},
			{
				"name": "bone24",
				"parent": "bone23",
				"pivot": [0, 6, 5.27792],
				"rotation": [34, 0, 0]
			},
			{
				"name": "bone25",
				"parent": "bone24",
				"pivot": [0, 6, 5.27792],
				"rotation": [0, -45, 0],
				"cubes": [
					{"origin": [-1, 6, 4.27792], "size": [2, 7, 2], "uv": [42, 38]}
				]
			},
			{
				"name": "bone26",
				"parent": "bone",
				"pivot": [0, 6, 0],
				"rotation": [0, -240, 0]
			},
			{
				"name": "bone27",
				"parent": "bone26",
				"pivot": [0, 6, 5.27792],
				"rotation": [34, 0, 0]
			},
			{
				"name": "bone28",
				"parent": "bone27",
				"pivot": [0, 6, 5.27792],
				"rotation": [0, -45, 0],
				"cubes": [
					{"origin": [-1, 6, 4.27792], "size": [2, 7, 2], "uv": [42, 8]}
				]
			},
			{
				"name": "bone29",
				"parent": "bone",
				"pivot": [0, 6, 0],
				"rotation": [0, -270, 0]
			},
			{
				"name": "bone30",
				"parent": "bone29",
				"pivot": [0, 6, 5.27792],
				"rotation": [34, 0, 0]
			},
			{
				"name": "bone31",
				"parent": "bone30",
				"pivot": [0, 6, 5.27792],
				"rotation": [0, -45, 0],
				"cubes": [
					{"origin": [-1, 6, 4.27792], "size": [2, 7, 2], "uv": [8, 42]}
				]
			},
			{
				"name": "bone32",
				"parent": "bone",
				"pivot": [0, 6, 0],
				"rotation": [0, -300, 0]
			},
			{
				"name": "bone33",
				"parent": "bone32",
				"pivot": [0, 6, 5.27792],
				"rotation": [34, 0, 0]
			},
			{
				"name": "bone34",
				"parent": "bone33",
				"pivot": [0, 6, 5.27792],
				"rotation": [0, -45, 0],
				"cubes": [
					{"origin": [-1, 6, 4.27792], "size": [2, 7, 2], "uv": [0, 42]}
				]
			},
			{
				"name": "bone35",
				"parent": "bone",
				"pivot": [0, 6, 0],
				"rotation": [0, -330, 0]
			},
			{
				"name": "bone36",
				"parent": "bone35",
				"pivot": [0, 6, 5.27792],
				"rotation": [34, 0, 0]
			},
			{
				"name": "bone37",
				"parent": "bone36",
				"pivot": [0, 6, 5.27792],
				"rotation": [0, -45, 0],
				"cubes": [
					{"origin": [-1, 6, 4.27792], "size": [2, 7, 2], "uv": [34, 40]}
				]
			},
			{
				"name": "bone87",
				"parent": "body",
				"pivot": [0, 17.6, -1.9],
				"rotation": [-24, 0, 0]
			},
			{
				"name": "bone90",
				"parent": "bone87",
				"pivot": [1.2, 17, 6.1]
			},
			{
				"name": "bone89",
				"parent": "bone90",
				"pivot": [-0.3, 17.8, -2.1],
				"rotation": [0, 0, 5],
				"cubes": [
					{"origin": [-0.36959, 7.88035, -1.31783], "size": [1, 5, 0], "uv": [12, 51]}
				]
			},
			{
				"name": "bone88",
				"parent": "bone89",
				"pivot": [-0.3, 17.9, -2.4],
				"rotation": [0, 0, 35],
				"cubes": [
					{"origin": [2.37437, 11.21693, -2.11783], "size": [1, 3, 1], "uv": [48, 54]}
				]
			},
			{
				"name": "bone91",
				"parent": "bone87",
				"pivot": [-1.2, 17, 6.1]
			},
			{
				"name": "bone92",
				"parent": "bone91",
				"pivot": [0.3, 17.8, -2.1],
				"rotation": [0, 0, -5],
				"cubes": [
					{"origin": [-0.63041, 7.88035, -1.31783], "size": [1, 5, 0], "uv": [28, 16]}
				]
			},
			{
				"name": "bone93",
				"parent": "bone92",
				"pivot": [0.3, 17.9, -2.4],
				"rotation": [0, 0, -35],
				"cubes": [
					{"origin": [-3.37437, 11.21693, -2.11783], "size": [1, 3, 1], "uv": [54, 42]}
				]
			},
			{
				"name": "legLeft",
				"pivot": [2, 9, 0],
				"cubes": [
					{"origin": [0.499, 0.1, -1.5], "size": [2.75, 8.9, 3], "uv": [10, 31]},
					{"origin": [0.499, 0.1, -1.5], "size": [2.75, 5.8, 3], "uv": [32, 8], "inflate": 0.1},
					{"origin": [0.499, 0.1, -1.5], "size": [2.75, 1.5, 3], "uv": [48, 24], "inflate": 0.2}
				]
			},
			{
				"name": "legRight",
				"pivot": [-2, 9, 0],
				"cubes": [
					{"origin": [-3.249, 0.2, -1.5], "size": [2.75, 8.8, 3], "uv": [0, 31]},
					{"origin": [-3.249, 0.2, -1.5], "size": [2.75, 5.6, 3], "uv": [40, 0], "inflate": 0.1},
					{"origin": [-3.249, 0.2, -1.5], "size": [2.75, 1.4, 3], "uv": [18, 16], "inflate": 0.2},
					{"origin": [-3.249, 6.426, -1.5], "size": [2.75, 1, 3], "uv": [50, 9], "inflate": 0.1}
				]
			}
		]
	}
}