{
	"format_version": "1.10.0",
	"geometry.model": {
		"texturewidth": 128,
		"textureheight": 128,
		"visible_bounds_width": 3,
		"visible_bounds_height": 4,
		"visible_bounds_offset": [0, 1, 0],
		"bones": [
			{
				"name": "head",
				"pivot": [0, 18, 0],
				"cubes": [
					{"origin": [-4, 18, -4], "size": [8, 8, 8], "uv": [0, 16]},
					{"origin": [-4, 18, -4], "size": [8, 8, 8], "uv": [0, 0], "inflate": 0.1}
				]
			},
			{
				"name": "ahoge",
				"parent": "head",
				"pivot": [0, 26, 0],
				"cubes": [
					{"origin": [-3, 26, 0], "size": [6, 6, 0], "uv": [44, 26]}
				]
			},
			{
				"name": "blink",
				"parent": "head",
				"pivot": [0, 18, 0],
				"cubes": [
					{"origin": [-4, 18, -4.001], "size": [8, 8, 0], "uv": [24, 41]}
				]
			},
			{
				"name": "armRight",
				"pivot": [-3, 17.5, 0],
				"rotation": [0, 0, 25],
				"cubes": [
					{"origin": [-5, 8.5, -1], "size": [2, 8, 2], "uv": [50, 0]},
					{"origin": [-5, 9.5, -1], "size": [2, 7, 2], "uv": [50, 32], "inflate": 0.1},
					{"origin": [-5.5, 12.5, -1.5], "size": [3, 5, 3], "uv": [0, 47]}
				]
			},
			{
				"name": "armLeft",
				"pivot": [3, 17.5, 0],
				"rotation": [0, 0, -25],
				"cubes": [
					{"origin": [2.5, 12.5, -1.5], "size": [3, 5, 3], "uv": [24, 0]},
					{"origin": [3, 8.5, -1], "size": [2, 8, 2], "uv": [32, 49]},
					{"origin": [3, 9.5, -1], "size": [2, 4, 2], "uv": [18, 32], "inflate": 0.1}
				]
			},
			{
				"name": "body",
				"pivot": [0, 10.5, 0],
				"cubes": [
					{"origin": [-3, 8.999, -3], "size": [6, 9, 6], "uv": [0, 32]},
					{"origin": [-3, 8.999, -3], "size": [6, 9, 6], "uv": [26, 26], "inflate": 0.1}
				]
			},
			{
				"name": "sittingRotationSkirt",
				"parent": "body",
				"pivot": [0, 10.5, 0]
			},
			{
				"name": "bone",
				"parent": "sittingRotationSkirt",
				"pivot": [0, 15.5, 0]
			},
			{
				"name": "bone2",
				"parent": "bone",
				"pivot": [0, 5, 0]
			},
			{
				"name": "bone3",
				"parent": "bone2",
				"pivot": [0, 5, 5.73769],
				"rotation": [31, 0, 0]
			},
			{
				"name": "bone4",
				"parent": "bone3",
				"pivot": [0, 5, 5.73769],
				"rotation": [0, -45, 0],
				"cubes": [
					{"origin": [-1, 5, 4.73769], "size": [2, 6, 2], "uv": [40, 64]}
				]
			},
			{
				"name": "bone5",
				"parent": "bone",
				"pivot": [0, 5, 0],
				"rotation": [0, -27.69231, 0]
			},
			{
				"name": "bone6",
				"parent": "bone5",
				"pivot": [0, 5, 5.73769],
				"rotation": [31, 0, 0]
			},
			{
				"name": "bone7",
				"parent": "bone6",
				"pivot": [0, 5, 5.73769],
				"rotation": [0, -45, 0],
				"cubes": [
					{"origin": [-1, 5, 4.73769], "size": [2, 6, 2], "uv": [64, 20]}
				]
			},
			{
				"name": "bone8",
				"parent": "bone",
				"pivot": [0, 5, 0],
				"rotation": [0, -55.38462, 0]
			},
			{
				"name": "bone9",
				"parent": "bone8",
				"pivot": [0, 5, 5.73769],
				"rotation": [31, 0, 0]
			},
			{
				"name": "bone10",
				"parent": "bone9",
				"pivot": [0, 5, 5.73769],
				"rotation": [0, -45, 0],
				"cubes": [
					{"origin": [-1, 5, 4.73769], "size": [2, 6, 2], "uv": [16, 63]}
				]
			},
			{
				"name": "bone11",
				"parent": "bone",
				"pivot": [0, 5, 0],
				"rotation": [0, -83.07692, 0]
			},
			{
				"name": "bone12",
				"parent": "bone11",
				"pivot": [0, 5, 5.73769],
				"rotation": [31, 0, 0]
			},
			{
				"name": "bone13",
				"parent": "bone12",
				"pivot": [0, 5, 5.73769],
				"rotation": [0, -45, 0],
				"cubes": [
					{"origin": [-1, 5, 4.73769], "size": [2, 6, 2], "uv": [8, 63]}
				]
			},
			{
				"name": "bone14",
				"parent": "bone",
				"pivot": [0, 5, 0],
				"rotation": [0, -110.76923, 0]
			},
			{
				"name": "bone15",
				"parent": "bone14",
				"pivot": [0, 5, 5.73769],
				"rotation": [31, 0, 0]
			},
			{
				"name": "bone16",
				"parent": "bone15",
				"pivot": [0, 5, 5.73769],
				"rotation": [0, -45, 0],
				"cubes": [
					{"origin": [-1, 5, 4.73769], "size": [2, 6, 2], "uv": [0, 63]}
				]
			},
			{
				"name": "bone17",
				"parent": "bone",
				"pivot": [0, 5, 0],
				"rotation": [0, -138.46154, 0]
			},
			{
				"name": "bone18",
				"parent": "bone17",
				"pivot": [0, 5, 5.73769],
				"rotation": [31, 0, 0]
			},
			{
				"name": "bone19",
				"parent": "bone18",
				"pivot": [0, 5, 5.73769],
				"rotation": [0, -45, 0],
				"cubes": [
					{"origin": [-1, 5, 4.73769], "size": [2, 6, 2], "uv": [60, 62]}
				]
			},
			{
				"name": "bone20",
				"parent": "bone",
				"pivot": [0, 5, 0],
				"rotation": [0, -166.15385, 0]
			},
			{
				"name": "bone21",
				"parent": "bone20",
				"pivot": [0, 5, 5.73769],
				"rotation": [31, 0, 0]
			},
			{
				"name": "bone22",
				"parent": "bone21",
				"pivot": [0, 5, 5.73769],
				"rotation": [0, -45, 0],
				"cubes": [
					{"origin": [-1, 5, 4.73769], "size": [2, 6, 2], "uv": [62, 53]}
				]
			},
			{
				"name": "bone23",
				"parent": "bone",
				"pivot": [0, 5, 0],
				"rotation": [0, -193.84615, 0]
			},
			{
				"name": "bone24",
				"parent": "bone23",
				"pivot": [0, 5, 5.73769],
				"rotation": [31, 0, 0]
			},
			{
				"name": "bone25",
				"parent": "bone24",
				"pivot": [0, 5, 5.73769],
				"rotation": [0, -45, 0],
				"cubes": [
					{"origin": [-1, 5, 4.73769], "size": [2, 6, 2], "uv": [60, 12]}
				]
			},
			{
				"name": "bone26",
				"parent": "bone",
				"pivot": [0, 5, 0],
				"rotation": [0, -221.53846, 0]
			},
			{
				"name": "bone27",
				"parent": "bone26",
				"pivot": [0, 5, 5.73769],
				"rotation": [31, 0, 0]
			},
			{
				"name": "bone28",
				"parent": "bone27",
				"pivot": [0, 5, 5.73769],
				"rotation": [0, -45, 0],
				"cubes": [
					{"origin": [-1, 5, 4.73769], "size": [2, 6, 2], "uv": [32, 59]}
				]
			},
			{
				"name": "bone29",
				"parent": "bone",
				"pivot": [0, 5, 0],
				"rotation": [0, -249.23077, 0]
			},
			{
				"name": "bone30",
				"parent": "bone29",
				"pivot": [0, 5, 5.73769],
				"rotation": [31, 0, 0]
			},
			{
				"name": "bone31",
				"parent": "bone30",
				"pivot": [0, 5, 5.73769],
				"rotation": [0, -45, 0],
				"cubes": [
					{"origin": [-1, 5, 4.73769], "size": [2, 6, 2], "uv": [46, 58]}
				]
			},
			{
				"name": "bone32",
				"parent": "bone",
				"pivot": [0, 5, 0],
				"rotation": [0, -276.92308, 0]
			},
			{
				"name": "bone33",
				"parent": "bone32",
				"pivot": [0, 5, 5.73769],
				"rotation": [31, 0, 0]
			},
			{
				"name": "bone34",
				"parent": "bone33",
				"pivot": [0, 5, 5.73769],
				"rotation": [0, -45, 0],
				"cubes": [
					{"origin": [-1, 5, 4.73769], "size": [2, 6, 2], "uv": [58, 38]}
				]
			},
			{
				"name": "bone35",
				"parent": "bone",
				"pivot": [0, 5, 0],
				"rotation": [0, -304.61538, 0]
			},
			{
				"name": "bone36",
				"parent": "bone35",
				"pivot": [0, 5, 5.73769],
				"rotation": [31, 0, 0]
			},
			{
				"name": "bone37",
				"parent": "bone36",
				"pivot": [0, 5, 5.73769],
				"rotation": [0, -45, 0],
				"cubes": [
					{"origin": [-1, 5, 4.73769], "size": [2, 6, 2], "uv": [58, 30]}
				]
			},
			{
				"name": "bone38",
				"parent": "bone",
				"pivot": [0, 5, 0],
				"rotation": [0, -332.30769, 0]
			},
			{
				"name": "bone39",
				"parent": "bone38",
				"pivot": [0, 5, 5.73769],
				"rotation": [31, 0, 0]
			},
			{
				"name": "bone40",
				"parent": "bone39",
				"pivot": [0, 5, 5.73769],
				"rotation": [0, -45, 0],
				"cubes": [
					{"origin": [-1, 5, 4.73769], "size": [2, 6, 2], "uv": [58, 0]}
				]
			},
			{
				"name": "bone41",
				"parent": "sittingRotationSkirt",
				"pivot": [0, 16.5, 0]
			},
			{
				"name": "bone42",
				"parent": "bone41",
				"pivot": [0, 6, 0]
			},
			{
				"name": "bone43",
				"parent": "bone42",
				"pivot": [0, 6, 5.73769],
				"rotation": [31, 0, 0]
			},
			{
				"name": "bone44",
				"parent": "bone43",
				"pivot": [0, 6, 5.73769],
				"rotation": [0, -45, 0],
				"cubes": [
					{"origin": [-1, 6, 4.73769], "size": [2, 6, 2], "uv": [24, 57]}
				]
			},
			{
				"name": "bone45",
				"parent": "bone41",
				"pivot": [0, 6, 0],
				"rotation": [0, -27.69231, 0]
			},
			{
				"name": "bone46",
				"parent": "bone45",
				"pivot": [0, 6, 5.73769],
				"rotation": [31, 0, 0]
			},
			{
				"name": "bone47",
				"parent": "bone46",
				"pivot": [0, 6, 5.73769],
				"rotation": [0, -45, 0],
				"cubes": [
					{"origin": [-1, 6, 4.73769], "size": [2, 6, 2], "uv": [54, 56]}
				]
			},
			{
				"name": "bone48",
				"parent": "bone41",
				"pivot": [0, 6, 0],
				"rotation": [0, -55.38462, 0]
			},
			{
				"name": "bone49",
				"parent": "bone48",
				"pivot": [0, 6, 5.73769],
				"rotation": [31, 0, 0]
			},
			{
				"name": "bone50",
				"parent": "bone49",
				"pivot": [0, 6, 5.73769],
				"rotation": [0, -45, 0],
				"cubes": [
					{"origin": [-1, 6, 4.73769], "size": [2, 6, 2], "uv": [56, 47]}
				]
			},
			{
				"name": "bone51",
				"parent": "bone41",
				"pivot": [0, 6, 0],
				"rotation": [0, -83.07692, 0]
			},
			{
				"name": "bone52",
				"parent": "bone51",
				"pivot": [0, 6, 5.73769],
				"rotation": [31, 0, 0]
			},
			{
				"name": "bone53",
				"parent": "bone52",
				"pivot": [0, 6, 5.73769],
				"rotation": [0, -45, 0],
				"cubes": [
					{"origin": [-1, 6, 4.73769], "size": [2, 6, 2], "uv": [56, 22]}
				]
			},
			{
				"name": "bone54",
				"parent": "bone41",
				"pivot": [0, 6, 0],
				"rotation": [0, -110.76923, 0]
			},
			{
				"name": "bone55",
				"parent": "bone54",
				"pivot": [0, 6, 5.73769],
				"rotation": [31, 0, 0]
			},
			{
				"name": "bone56",
				"parent": "bone55",
				"pivot": [0, 6, 5.73769],
				"rotation": [0, -45, 0],
				"cubes": [
					{"origin": [-1, 6, 4.73769], "size": [2, 6, 2], "uv": [16, 55]}
				]
			},
			{
				"name": "bone57",
				"parent": "bone41",
				"pivot": [0, 6, 0],
				"rotation": [0, -138.46154, 0]
			},
			{
				"name": "bone58",
				"parent": "bone57",
				"pivot": [0, 6, 5.73769],
				"rotation": [31, 0, 0]
			},
			{
				"name": "bone59",
				"parent": "bone58",
				"pivot": [0, 6, 5.73769],
				"rotation": [0, -45, 0],
				"cubes": [
					{"origin": [-1, 6, 4.73769], "size": [2, 6, 2], "uv": [8, 55]}
				]
			},
			{
				"name": "bone60",
				"parent": "bone41",
				"pivot": [0, 6, 0],
				"rotation": [0, -166.15385, 0]
			},
			{
				"name": "bone61",
				"parent": "bone60",
				"pivot": [0, 6, 5.73769],
				"rotation": [31, 0, 0]
			},
			{
				"name": "bone62",
				"parent": "bone61",
				"pivot": [0, 6, 5.73769],
				"rotation": [0, -45, 0],
				"cubes": [
					{"origin": [-1, 6, 4.73769], "size": [2, 6, 2], "uv": [0, 55]}
				]
			},
			{
				"name": "bone63",
				"parent": "bone41",
				"pivot": [0, 6, 0],
				"rotation": [0, -193.84615, 0]
			},
			{
				"name": "bone64",
				"parent": "bone63",
				"pivot": [0, 6, 5.73769],
				"rotation": [31, 0, 0]
			},
			{
				"name": "bone65",
				"parent": "bone64",
				"pivot": [0, 6, 5.73769],
				"rotation": [0, -45, 0],
				"cubes": [
					{"origin": [-1, 6, 4.73769], "size": [2, 6, 2], "uv": [40, 52]}
				]
			},
			{
				"name": "bone66",
				"parent": "bone41",
				"pivot": [0, 6, 0],
				"rotation": [0, -221.53846, 0]
			},
			{
				"name": "bone67",
				"parent": "bone66",
				"pivot": [0, 6, 5.73769],
				"rotation": [31, 0, 0]
			},
			{
				"name": "bone68",
				"parent": "bone67",
				"pivot": [0, 6, 5.73769],
				"rotation": [0, -45, 0],
				"cubes": [
					{"origin": [-1, 6, 4.73769], "size": [2, 6, 2], "uv": [52, 14]}
				]
			},
			{
				"name": "bone72",
				"parent": "bone41",
				"pivot": [0, 6, 0],
				"rotation": [0, -249.23077, 0]
			},
			{
				"name": "bone73",
				"parent": "bone72",
				"pivot": [0, 6, 5.73769],
				"rotation": [31, 0, 0]
			},
			{
				"name": "bone74",
				"parent": "bone73",
				"pivot": [0, 6, 5.73769],
				"rotation": [0, -45, 0],
				"cubes": [
					{"origin": [-1, 6, 4.73769], "size": [2, 6, 2], "uv": [48, 50]}
				]
			},
			{
				"name": "bone81",
				"parent": "bone41",
				"pivot": [0, 6, 0],
				"rotation": [0, -276.92308, 0]
			},
			{
				"name": "bone82",
				"parent": "bone81",
				"pivot": [0, 6, 5.73769],
				"rotation": [31, 0, 0]
			},
			{
				"name": "bone83",
				"parent": "bone82",
				"pivot": [0, 6, 5.73769],
				"rotation": [0, -45, 0],
				"cubes": [
					{"origin": [-1, 6, 4.73769], "size": [2, 6, 2], "uv": [50, 41]}
				]
			},
			{
				"name": "bone84",
				"parent": "bone41",
				"pivot": [0, 6, 0],
				"rotation": [0, -304.61538, 0]
			},
			{
				"name": "bone85",
				"parent": "bone84",
				"pivot": [0, 6, 5.73769],
				"rotation": [31, 0, 0]
			},
			{
				"name": "bone86",
				"parent": "bone85",
				"pivot": [0, 6, 5.73769],
				"rotation": [0, -45, 0],
				"cubes": [
					{"origin": [-1, 6, 4.73769], "size": [2, 6, 2], "uv": [0, 16]}
				]
			},
			{
				"name": "bone87",
				"parent": "bone41",
				"pivot": [0, 6, 0],
				"rotation": [0, -332.30769, 0]
			},
			{
				"name": "bone88",
				"parent": "bone87",
				"pivot": [0, 6, 5.73769],
				"rotation": [31, 0, 0]
			},
			{
				"name": "bone89",
				"parent": "bone88",
				"pivot": [0, 6, 5.73769],
				"rotation": [0, -45, 0],
				"cubes": [
					{"origin": [-1, 6, 4.73769], "size": [2, 6, 2], "uv": [0, 0]}
				]
			},
			{
				"name": "deco",
				"parent": "body",
				"pivot": [0, 26.25, -4.05],
				"rotation": [-6, 0, 0]
			},
			{
				"name": "bone71",
				"parent": "deco",
				"pivot": [0, 13.75, 1.95]
			},
			{
				"name": "bone69",
				"parent": "bone71",
				"pivot": [0, 26.25, -4.55],
				"rotation": [0, 0, 5],
				"cubes": [
					{"origin": [-2.2191, 16.88128, -3.11472], "size": [3, 1, 1], "uv": [62, 10]}
				]
			},
			{
				"name": "bone70",
				"parent": "bone71",
				"pivot": [0, 26.25, -4.55],
				"rotation": [0, 0, -15],
				"cubes": [
					{"origin": [-5.28956, 17.20526, -3.11472], "size": [3, 1, 1], "uv": [44, 0]}
				]
			},
			{
				"name": "bone75",
				"parent": "deco",
				"pivot": [0, 13.75, 1.95]
			},
			{
				"name": "bone76",
				"parent": "bone75",
				"pivot": [0, 26.25, -4.55],
				"rotation": [0, 0, -5],
				"cubes": [
					{"origin": [-0.7809, 16.88128, -3.11472], "size": [3, 1, 1], "uv": [33, 0]}
				]
			},
			{
				"name": "bone77",
				"parent": "bone75",
				"pivot": [0, 26.25, -4.55],
				"rotation": [0, 0, 15],
				"cubes": [
					{"origin": [2.28956, 17.20526, -3.11472], "size": [3, 1, 1], "uv": [32, 23]}
				]
			},
			{
				"name": "bone78",
				"parent": "deco",
				"pivot": [0, 13.75, 1.95],
				"cubes": [
					{"origin": [-0.5, 16.90383, -3.11472], "size": [1, 1, 1], "uv": [0, 36], "inflate": 0.1}
				]
			},
			{
				"name": "bone79",
				"parent": "deco",
				"pivot": [-0.5, 26.21527, -4.24696],
				"rotation": [0, 0, 20],
				"cubes": [
					{"origin": [2.02557, 14.90259, -2.31168], "size": [1, 3, 0], "uv": [24, 20]}
				]
			},
			{
				"name": "bone80",
				"parent": "deco",
				"pivot": [0.5, 26.21527, -4.24696],
				"rotation": [0, 0, -20],
				"cubes": [
					{"origin": [-3.02557, 14.90259, -2.31168], "size": [1, 3, 0], "uv": [24, 0]}
				]
			},
			{
				"name": "bb",
				"parent": "body",
				"pivot": [0, 10.5, 0]
			},
			{
				"name": "bone90",
				"parent": "bb",
				"pivot": [0, 10.5, 0],
				"rotation": [0, 0, -37.5],
				"cubes": [
					{"origin": [3, 8.999, -3], "size": [1, 9, 6], "uv": [36, 0], "inflate": 0.2},
					{"origin": [3.5, 1.8, -0.5], "size": [1, 1, 1], "uv": [32, 8], "inflate": -0.2},
					{"origin": [4, -2, -0.5], "size": [0, 4, 1], "uv": [24, 15]}
				]
			},
			{
				"name": "bone91",
				"parent": "bone90",
				"pivot": [0, 10.5, 0],
				"cubes": [
					{"origin": [3, 2.5, -3], "size": [2, 7, 6], "uv": [26, 10]}
				]
			},
			{
				"name": "bone92",
				"parent": "body",
				"pivot": [-3.05, 11.75, -3],
				"rotation": [-20, 55, 10]
			},
			{
				"name": "bone93",
				"parent": "bone92",
				"pivot": [-3.3, 11, -3.4],
				"rotation": [0, 0, -15],
				"cubes": [
					{"origin": [-3.3, 9, -3.4], "size": [1, 3, 1], "uv": [36, 2], "inflate": -0.3}
				]
			},
			{
				"name": "bone94",
				"parent": "bone92",
				"pivot": [-2.7, 11, -3.4],
				"rotation": [0, 0, 15],
				"cubes": [
					{"origin": [-3.7, 9, -3.4], "size": [1, 3, 1], "uv": [0, 32], "inflate": -0.3}
				]
			},
			{
				"name": "chestPlate",
				"parent": "body",
				"pivot": [0, 10.5, 0]
			},
			{
				"name": "bone95",
				"parent": "chestPlate",
				"pivot": [14, 13.5, 0],
				"cubes": [
					{"origin": [11, 13.5, -1], "size": [4, 4, 1], "uv": [66, 0]}
				]
			},
			{
				"name": "bone96",
				"parent": "chestPlate",
				"pivot": [12, 13.5, 0],
				"rotation": [0, 0, 45],
				"cubes": [
					{"origin": [9.5, 13.5, -1], "size": [4, 4, 1], "uv": [64, 48]}
				]
			},
			{
				"name": "pj",
				"parent": "body",
				"pivot": [0, 9.5, 1],
				"rotation": [12.5, 0, 0],
				"cubes": [
					{"origin": [-3, 13.5, 5], "size": [6, 4, 0], "uv": [50, 10]}
				]
			},
			{
				"name": "legLeft",
				"pivot": [2, 9, 0],
				"cubes": [
					{"origin": [0.499, 0.1, -1.5], "size": [2.75, 8.9, 3], "uv": [42, 15]},
					{"origin": [0.499, 0.1, -1.5], "size": [2.75, 5.9, 3], "uv": [22, 49], "inflate": 0.1},
					{"origin": [0.499, 0.1, -1.5], "size": [2.75, 2, 3], "uv": [63, 5], "inflate": 0.2}
				]
			},
			{
				"name": "legRight",
				"pivot": [-2, 9, 0],
				"cubes": [
					{"origin": [-3.249, 0.2, -1.5], "size": [2.75, 8.8, 3], "uv": [40, 41]},
					{"origin": [-3.249, 0.2, -1.5], "size": [2.75, 5.8, 3], "uv": [12, 47], "inflate": 0.1},
					{"origin": [-3.249, 0.2, -1.5], "size": [2.75, 2, 3], "uv": [63, 43], "inflate": 0.2}
				]
			}
		]
	}
}