{
	"format_version": "1.10.0",
	"geometry.model": {
		"texturewidth": 64,
		"textureheight": 64,
		"visible_bounds_width": 3,
		"visible_bounds_height": 4,
		"visible_bounds_offset": [0, 1, 0],
		"bones": [
			{
				"name": "head",
				"pivot": [0, 18, 0],
				"cubes": [
					{"origin": [-4, 18, -4], "size": [8, 8, 8], "uv": [0, 0]}
				]
			},
			{
				"name": "blink",
				"parent": "head",
				"pivot": [0, 18, 0],
				"cubes": [
					{"origin": [-4, 18, -4.001], "size": [8, 8, 0], "uv": [24, 0]}
				]
			},
			{
				"name": "hair",
				"parent": "head",
				"pivot": [0, 18, 0]
			},
			{
				"name": "bone35",
				"parent": "hair",
				"pivot": [0, 18, 0],
				"rotation": [5, 0, 7.5],
				"cubes": [
					{"origin": [-4, 12, 3], "size": [1, 6, 1], "uv": [19, 50]}
				]
			},
			{
				"name": "bone39",
				"parent": "hair",
				"pivot": [0, 18, 0],
				"rotation": [10, 0, -5],
				"cubes": [
					{"origin": [1, 10, 3], "size": [1, 8, 1], "uv": [16, 31]}
				]
			},
			{
				"name": "bone40",
				"parent": "hair",
				"pivot": [0, 18, 0],
				"rotation": [10, 0, 7.5],
				"cubes": [
					{"origin": [-2, 10, 3], "size": [1, 8, 1], "uv": [12, 31]}
				]
			},
			{
				"name": "bone37",
				"parent": "hair",
				"pivot": [0, 18, 0],
				"rotation": [5, 0, -7.5],
				"cubes": [
					{"origin": [3, 12, 3], "size": [1, 6, 1], "uv": [15, 50]}
				]
			},
			{
				"name": "bone36",
				"parent": "hair",
				"pivot": [0, 18, 0],
				"rotation": [7.5, 0, -5],
				"cubes": [
					{"origin": [2, 11, 3], "size": [1, 7, 1], "uv": [7, 50]}
				]
			},
			{
				"name": "bone38",
				"parent": "hair",
				"pivot": [0, 18, 0],
				"rotation": [7.5, 0, 7.5],
				"cubes": [
					{"origin": [-3, 11, 3], "size": [1, 7, 1], "uv": [48, 16]}
				]
			},
			{
				"name": "bone41",
				"parent": "hair",
				"pivot": [0, 18, 0],
				"rotation": [12.5, 0, 0],
				"cubes": [
					{"origin": [-1, 9, 3], "size": [2, 9, 1], "uv": [45, 6]}
				]
			},
			{
				"name": "bz",
				"parent": "head",
				"pivot": [-2, 17, 0],
				"rotation": [0, 0, 17.5]
			},
			{
				"name": "bone42",
				"parent": "bz",
				"pivot": [-2, 17, 0],
				"cubes": [
					{"origin": [-7, 23, -3], "size": [1, 1, 1], "uv": [20, 46]}
				]
			},
			{
				"name": "bone43",
				"parent": "bz",
				"pivot": [-2, 17, 0],
				"cubes": [
					{"origin": [-8, 14, -3], "size": [1, 9, 1], "uv": [11, 46]}
				]
			},
			{
				"name": "hu",
				"parent": "head",
				"pivot": [-2, 15, 0],
				"rotation": [0, 0, 12.5]
			},
			{
				"name": "bone44",
				"parent": "hu",
				"pivot": [-2, 16, 0],
				"rotation": [25, 0, 0],
				"cubes": [
					{"origin": [-7, 24.5, 2], "size": [1, 1.5, 3], "uv": [0, 47]}
				]
			},
			{
				"name": "bone45",
				"parent": "hu",
				"pivot": [-2, 15, 0],
				"rotation": [-25, 0, 0],
				"cubes": [
					{"origin": [-7, 22.5, -9], "size": [1, 1.5, 3], "uv": [15, 46]}
				]
			},
			{
				"name": "bone46",
				"parent": "hu",
				"pivot": [-2, 15, 0],
				"cubes": [
					{"origin": [-7, 24, -3], "size": [1, 1, 2], "uv": [5, 47]}
				]
			},
			{
				"name": "bone47",
				"parent": "hu",
				"pivot": [-2, 15, 0],
				"rotation": [15, 0, 0],
				"cubes": [
					{"origin": [-7, 22, 1], "size": [1, 3, 1], "uv": [51, 53]}
				]
			},
			{
				"name": "bone48",
				"parent": "hu",
				"pivot": [-2, 15, 0],
				"rotation": [-15, 0, 0],
				"cubes": [
					{"origin": [-7, 21, -6], "size": [1, 3, 1], "uv": [47, 53]}
				]
			},
			{
				"name": "hu2",
				"parent": "head",
				"pivot": [2, 15, 0],
				"rotation": [0, 0, -12.5]
			},
			{
				"name": "bone49",
				"parent": "hu2",
				"pivot": [2, 16, 0],
				"rotation": [25, 0, 0],
				"cubes": [
					{"origin": [6, 24.5, 2], "size": [1, 1.5, 3], "uv": [0, 4]}
				]
			},
			{
				"name": "bone50",
				"parent": "hu2",
				"pivot": [2, 15, 0],
				"rotation": [-25, 0, 0],
				"cubes": [
					{"origin": [6, 22.5, -9], "size": [1, 1.5, 3], "uv": [0, 0]}
				]
			},
			{
				"name": "bone51",
				"parent": "hu2",
				"pivot": [2, 15, 0],
				"cubes": [
					{"origin": [6, 24, -3], "size": [1, 1, 2], "uv": [18, 19]}
				]
			},
			{
				"name": "bone52",
				"parent": "hu2",
				"pivot": [2, 15, 0],
				"rotation": [15, 0, 0],
				"cubes": [
					{"origin": [6, 22, 1], "size": [1, 3, 1], "uv": [43, 53]}
				]
			},
			{
				"name": "bone53",
				"parent": "hu2",
				"pivot": [2, 15, 0],
				"rotation": [-15, 0, 0],
				"cubes": [
					{"origin": [6, 21, -6], "size": [1, 3, 1], "uv": [52, 20]}
				]
			},
			{
				"name": "armRight",
				"pivot": [-3, 17.5, 0],
				"rotation": [0, 0, 25],
				"cubes": [
					{"origin": [-5, 8.5, -1], "size": [2, 8, 2], "uv": [43, 43]},
					{"origin": [-5.5, 10.5, -1.5], "size": [3, 7, 3], "uv": [33, 35]}
				]
			},
			{
				"name": "bone64",
				"parent": "armRight",
				"pivot": [-3, 17.5, 0],
				"cubes": [
					{"origin": [-5, 9.5, -1], "size": [2, 1, 2], "uv": [49, 42], "inflate": 0.3}
				]
			},
			{
				"name": "armLeft",
				"pivot": [3, 17.5, 0],
				"rotation": [0, 0, -25],
				"cubes": [
					{"origin": [2.5, 10.5, -1.5], "size": [3, 7, 3], "uv": [33, 25]},
					{"origin": [3, 8.5, -1], "size": [2, 8, 2], "uv": [24, 40]}
				]
			},
			{
				"name": "bone65",
				"parent": "armLeft",
				"pivot": [3, 17.5, 0],
				"cubes": [
					{"origin": [3, 9.5, -1], "size": [2, 1, 2], "uv": [18, 16], "inflate": 0.3}
				]
			},
			{
				"name": "body",
				"pivot": [0, 10.5, 0],
				"cubes": [
					{"origin": [-3, 8.999, -3], "size": [6, 9, 6], "uv": [0, 16]}
				]
			},
			{
				"name": "sittingRotationSkirt",
				"parent": "body",
				"pivot": [0, 10.5, 0]
			},
			{
				"name": "bone",
				"parent": "sittingRotationSkirt",
				"pivot": [0, 15.5, 0]
			},
			{
				"name": "bone2",
				"parent": "bone",
				"pivot": [0, 5, 0]
			},
			{
				"name": "bone3",
				"parent": "bone2",
				"pivot": [0, 5, 3.98526],
				"rotation": [10, 0, 0],
				"cubes": [
					{"origin": [-3, 4.82891, 3.98526], "size": [6, 6, 0], "uv": [0, 41]}
				]
			},
			{
				"name": "bone4",
				"parent": "bone3",
				"pivot": [-3, 4.82891, 3.98526],
				"rotation": [0, 0, 9.85108],
				"cubes": [
					{"origin": [-4, 4.82891, 3.98426], "size": [1, 6, 0], "uv": [55, 53]}
				]
			},
			{
				"name": "bone5",
				"parent": "bone3",
				"pivot": [3, 4.82891, 3.98526],
				"rotation": [0, 0, -9.85108],
				"cubes": [
					{"origin": [3, 4.82891, 3.98626], "size": [1, 6, 0], "uv": [55, 36]}
				]
			},
			{
				"name": "bone6",
				"parent": "bone",
				"pivot": [0, 5, 0],
				"rotation": [0, -90, 0]
			},
			{
				"name": "bone7",
				"parent": "bone6",
				"pivot": [0, 5, 3.98526],
				"rotation": [10, 0, 0],
				"cubes": [
					{"origin": [-3, 4.82891, 3.98526], "size": [6, 6, 0], "uv": [12, 40]}
				]
			},
			{
				"name": "bone8",
				"parent": "bone7",
				"pivot": [-3, 4.82891, 3.98526],
				"rotation": [0, 0, 9.85108],
				"cubes": [
					{"origin": [-4, 4.82891, 3.98426], "size": [1, 6, 0], "uv": [55, 30]}
				]
			},
			{
				"name": "bone9",
				"parent": "bone7",
				"pivot": [3, 4.82891, 3.98526],
				"rotation": [0, 0, -9.85108],
				"cubes": [
					{"origin": [3, 4.82891, 3.98626], "size": [1, 6, 0], "uv": [55, 24]}
				]
			},
			{
				"name": "bone10",
				"parent": "bone",
				"pivot": [0, 5, 0],
				"rotation": [0, -180, 0]
			},
			{
				"name": "bone11",
				"parent": "bone10",
				"pivot": [0, 5, 3.98526],
				"rotation": [10, 0, 0],
				"cubes": [
					{"origin": [-3, 4.82891, 3.98526], "size": [6, 6, 0], "uv": [40, 0]}
				]
			},
			{
				"name": "bone12",
				"parent": "bone11",
				"pivot": [-3, 4.82891, 3.98526],
				"rotation": [0, 0, 9.85108],
				"cubes": [
					{"origin": [-4, 4.82891, 3.98426], "size": [1, 6, 0], "uv": [55, 10]}
				]
			},
			{
				"name": "bone13",
				"parent": "bone11",
				"pivot": [3, 4.82891, 3.98526],
				"rotation": [0, 0, -9.85108],
				"cubes": [
					{"origin": [3, 4.82891, 3.98626], "size": [1, 6, 0], "uv": [55, 4]}
				]
			},
			{
				"name": "bone14",
				"parent": "bone",
				"pivot": [0, 5, 0],
				"rotation": [0, -270, 0]
			},
			{
				"name": "bone15",
				"parent": "bone14",
				"pivot": [0, 5, 3.98526],
				"rotation": [10, 0, 0],
				"cubes": [
					{"origin": [-3, 4.82891, 3.98526], "size": [6, 6, 0], "uv": [36, 18]}
				]
			},
			{
				"name": "bone16",
				"parent": "bone15",
				"pivot": [-3, 4.82891, 3.98526],
				"rotation": [0, 0, 9.85108],
				"cubes": [
					{"origin": [-4, 4.82891, 3.98426], "size": [1, 6, 0], "uv": [4, 51]}
				]
			},
			{
				"name": "bone17",
				"parent": "bone15",
				"pivot": [3, 4.82891, 3.98526],
				"rotation": [0, 0, -9.85108],
				"cubes": [
					{"origin": [3, 4.82891, 3.98626], "size": [1, 6, 0], "uv": [4, 16]}
				]
			},
			{
				"name": "bone18",
				"parent": "sittingRotationSkirt",
				"pivot": [0, 16.5, 0]
			},
			{
				"name": "bone19",
				"parent": "bone18",
				"pivot": [0, 6, 0]
			},
			{
				"name": "bone20",
				"parent": "bone19",
				"pivot": [0, 6, 4.45813],
				"rotation": [12, 0, 0],
				"cubes": [
					{"origin": [-2.5, 5.59288, 4.45813], "size": [5, 6, 0], "uv": [45, 36]}
				]
			},
			{
				"name": "bone21",
				"parent": "bone20",
				"pivot": [-2.5, 5.59288, 4.45813],
				"rotation": [0, 0, 11.74513],
				"cubes": [
					{"origin": [-4.5, 5.59288, 4.45713], "size": [2, 6, 0], "uv": [39, 51]}
				]
			},
			{
				"name": "bone22",
				"parent": "bone20",
				"pivot": [2.5, 5.59288, 4.45813],
				"rotation": [0, 0, -11.74513],
				"cubes": [
					{"origin": [2.5, 5.59288, 4.45913], "size": [2, 6, 0], "uv": [35, 51]}
				]
			},
			{
				"name": "bone23",
				"parent": "bone18",
				"pivot": [0, 6, 0],
				"rotation": [0, -90, 0]
			},
			{
				"name": "bone24",
				"parent": "bone23",
				"pivot": [0, 6, 4.45813],
				"rotation": [12, 0, 0],
				"cubes": [
					{"origin": [-2.5, 5.59288, 4.45813], "size": [5, 6, 0], "uv": [32, 45]}
				]
			},
			{
				"name": "bone25",
				"parent": "bone24",
				"pivot": [-2.5, 5.59288, 4.45813],
				"rotation": [0, 0, 11.74513],
				"cubes": [
					{"origin": [-4.5, 5.59288, 4.45713], "size": [2, 6, 0], "uv": [31, 51]}
				]
			},
			{
				"name": "bone26",
				"parent": "bone24",
				"pivot": [2.5, 5.59288, 4.45813],
				"rotation": [0, 0, -11.74513],
				"cubes": [
					{"origin": [2.5, 5.59288, 4.45913], "size": [2, 6, 0], "uv": [51, 6]}
				]
			},
			{
				"name": "bone27",
				"parent": "bone18",
				"pivot": [0, 6, 0],
				"rotation": [0, -180, 0]
			},
			{
				"name": "bone28",
				"parent": "bone27",
				"pivot": [0, 6, 4.45813],
				"rotation": [12, 0, 0],
				"cubes": [
					{"origin": [-2.5, 5.59288, 4.45813], "size": [5, 6, 0], "uv": [45, 30]}
				]
			},
			{
				"name": "bone29",
				"parent": "bone28",
				"pivot": [-2.5, 5.59288, 4.45813],
				"rotation": [0, 0, 11.74513],
				"cubes": [
					{"origin": [-4.5, 5.59288, 4.45713], "size": [2, 6, 0], "uv": [0, 51]}
				]
			},
			{
				"name": "bone30",
				"parent": "bone28",
				"pivot": [2.5, 5.59288, 4.45813],
				"rotation": [0, 0, -11.74513],
				"cubes": [
					{"origin": [2.5, 5.59288, 4.45913], "size": [2, 6, 0], "uv": [27, 50]}
				]
			},
			{
				"name": "bone31",
				"parent": "bone18",
				"pivot": [0, 6, 0],
				"rotation": [0, -270, 0]
			},
			{
				"name": "bone32",
				"parent": "bone31",
				"pivot": [0, 6, 4.45813],
				"rotation": [12, 0, 0],
				"cubes": [
					{"origin": [-2.5, 5.59288, 4.45813], "size": [5, 6, 0], "uv": [45, 24]}
				]
			},
			{
				"name": "bone33",
				"parent": "bone32",
				"pivot": [-2.5, 5.59288, 4.45813],
				"rotation": [0, 0, 11.74513],
				"cubes": [
					{"origin": [-4.5, 5.59288, 4.45713], "size": [2, 6, 0], "uv": [23, 50]}
				]
			},
			{
				"name": "bone34",
				"parent": "bone32",
				"pivot": [2.5, 5.59288, 4.45813],
				"rotation": [0, 0, -11.74513],
				"cubes": [
					{"origin": [2.5, 5.59288, 4.45913], "size": [2, 6, 0], "uv": [0, 16]}
				]
			},
			{
				"name": "hu3",
				"parent": "body",
				"pivot": [0, 10.5, 0]
			},
			{
				"name": "bone54",
				"parent": "hu3",
				"pivot": [0, 10.5, 0],
				"cubes": [
					{"origin": [-0.5, 16.5, -4], "size": [1, 1, 1], "uv": [40, 6]}
				]
			},
			{
				"name": "bone55",
				"parent": "hu3",
				"pivot": [0, 10.5, 0],
				"rotation": [0, 0, 15],
				"cubes": [
					{"origin": [-3, 13.5, -4], "size": [1, 3, 1], "uv": [52, 16]}
				]
			},
			{
				"name": "bone56",
				"parent": "hu3",
				"pivot": [0, 10.5, 0],
				"rotation": [0, 0, -15],
				"cubes": [
					{"origin": [2, 13.5, -4], "size": [1, 3, 1], "uv": [52, 0]}
				]
			},
			{
				"name": "hu4",
				"parent": "body",
				"pivot": [-6, 7.5, 3],
				"rotation": [0, 0, -17.5]
			},
			{
				"name": "bone59",
				"parent": "hu4",
				"pivot": [-6, 7.5, 3],
				"cubes": [
					{"origin": [5, 13.5, -4], "size": [1, 1, 1], "uv": [32, 8], "inflate": -0.15}
				]
			},
			{
				"name": "bone60",
				"parent": "hu4",
				"pivot": [-6, 7.5, 3],
				"rotation": [0, 0, 5],
				"cubes": [
					{"origin": [3, 14.5, -4], "size": [2, 1, 1], "uv": [51, 51], "inflate": -0.15}
				]
			},
			{
				"name": "bone61",
				"parent": "hu4",
				"pivot": [-6, 7.5, 3],
				"rotation": [0, 0, -7.5],
				"cubes": [
					{"origin": [6.5, 12, -4], "size": [2, 1, 1], "uv": [51, 49], "inflate": -0.15}
				]
			},
			{
				"name": "bone62",
				"parent": "hu4",
				"pivot": [-6, 7.5, 3],
				"rotation": [0, 0, 10],
				"cubes": [
					{"origin": [3.5, 13, -4], "size": [1, 3, 1], "uv": [51, 45], "inflate": -0.15}
				]
			},
			{
				"name": "bone63",
				"parent": "hu4",
				"pivot": [-6, 7.5, 3],
				"rotation": [0, 0, -10],
				"cubes": [
					{"origin": [6, 9, -4], "size": [1, 3, 1], "uv": [51, 12], "inflate": -0.15}
				]
			},
			{
				"name": "legLeft",
				"pivot": [2, 9, 0],
				"cubes": [
					{"origin": [0.499, 0, -1.5], "size": [3, 9, 3], "uv": [21, 28]}
				]
			},
			{
				"name": "bone57",
				"parent": "legLeft",
				"pivot": [2, 9, 0],
				"cubes": [
					{"origin": [0.499, 0, -1.5], "size": [3, 7, 3], "uv": [33, 8], "inflate": 0.1}
				]
			},
			{
				"name": "legRight",
				"pivot": [-2, 9, 0],
				"cubes": [
					{"origin": [-3.499, 0, -1.5], "size": [3, 9, 3], "uv": [24, 16]}
				]
			},
			{
				"name": "bone58",
				"parent": "legRight",
				"pivot": [-2, 9, 0],
				"cubes": [
					{"origin": [-3.499, 0, -1.5], "size": [3, 7, 3], "uv": [0, 31], "inflate": 0.1}
				]
			}
		]
	}
}