{
	"format_version": "1.10.0",
	"geometry.model": {
		"texturewidth": 128,
		"textureheight": 128,
		"visible_bounds_width": 3,
		"visible_bounds_height": 4,
		"visible_bounds_offset": [0, 1, 0],
		"bones": [
			{
				"name": "head",
				"pivot": [0, 18, 0],
				"cubes": [
					{"origin": [-4, 18, -4], "size": [8, 8, 8], "uv": [26, 0]}
				]
			},
			{
				"name": "ahoge",
				"parent": "head",
				"pivot": [0, 26, 0],
				"cubes": [
					{"origin": [-3, 26, 0], "size": [6, 6, 0], "uv": [54, 41]}
				]
			},
			{
				"name": "bone18",
				"parent": "ahoge",
				"pivot": [0, 26, 0],
				"rotation": [-12.5, 0, 0],
				"cubes": [
					{"origin": [-4, 33, -3], "size": [8, 0, 8], "uv": [0, 0]}
				]
			},
			{
				"name": "blink",
				"parent": "head",
				"pivot": [0, 18, 0],
				"cubes": [
					{"origin": [-4, 18, -4.001], "size": [8, 8, 0], "uv": [26, 43]}
				]
			},
			{
				"name": "hair",
				"parent": "head",
				"pivot": [0, 18, 0]
			},
			{
				"name": "bone19",
				"parent": "hair",
				"pivot": [0, 18, 0],
				"rotation": [22.5, 0, 0],
				"cubes": [
					{"origin": [-4, 11.5, 3.65], "size": [8, 5, 0], "uv": [0, 8]}
				]
			},
			{
				"name": "bz",
				"parent": "head",
				"pivot": [-2, 16, 0],
				"rotation": [0, 0, 20]
			},
			{
				"name": "bone31",
				"parent": "bz",
				"pivot": [-2, 16, 0],
				"cubes": [
					{"origin": [-7, 22, -3], "size": [1, 1, 1], "uv": [35, 31]}
				]
			},
			{
				"name": "bone32",
				"parent": "bz",
				"pivot": [-2, 16, 0],
				"cubes": [
					{"origin": [-8, 13, -3], "size": [1, 9, 1], "uv": [42, 57]}
				]
			},
			{
				"name": "bz2",
				"parent": "head",
				"pivot": [2, 16, 0],
				"rotation": [0, 0, -20]
			},
			{
				"name": "bone33",
				"parent": "bz2",
				"pivot": [2, 16, 0],
				"cubes": [
					{"origin": [6, 22, -3], "size": [1, 1, 1], "uv": [30, 5]}
				]
			},
			{
				"name": "bone34",
				"parent": "bz2",
				"pivot": [2, 16, 0],
				"cubes": [
					{"origin": [7, 13, -3], "size": [1, 9, 1], "uv": [54, 47]}
				]
			},
			{
				"name": "fs",
				"parent": "head",
				"pivot": [0, 18, 0]
			},
			{
				"name": "bone35",
				"parent": "fs",
				"pivot": [0, 18, 0],
				"cubes": [
					{"origin": [-4, 26, -3], "size": [8, 1, 1], "uv": [47, 31]}
				]
			},
			{
				"name": "bone36",
				"parent": "fs",
				"pivot": [0, 18, 0],
				"cubes": [
					{"origin": [-5, 25, -3], "size": [1, 1, 1], "uv": [27, 6]}
				]
			},
			{
				"name": "bone37",
				"parent": "fs",
				"pivot": [0, 18, 0],
				"cubes": [
					{"origin": [4, 25, -3], "size": [1, 1, 1], "uv": [24, 5]}
				]
			},
			{
				"name": "hu3",
				"parent": "fs",
				"pivot": [-1, 18, 0],
				"rotation": [0, 0, 7.5]
			},
			{
				"name": "bone38",
				"parent": "hu3",
				"pivot": [-1, 18, 0],
				"rotation": [30, 0, 0],
				"cubes": [
					{"origin": [-6, 23, 1], "size": [0, 2.5, 1], "uv": [30, 15]}
				]
			},
			{
				"name": "bone39",
				"parent": "hu3",
				"pivot": [-1, 18, 0],
				"rotation": [-30, 0, 0],
				"cubes": [
					{"origin": [-6, 20.5, -6.5], "size": [0, 2.5, 1], "uv": [24, 10]}
				]
			},
			{
				"name": "bone40",
				"parent": "hu3",
				"pivot": [-1, 18, 0],
				"rotation": [5, 0, 0],
				"cubes": [
					{"origin": [-6, 22, -2], "size": [0, 3, 1], "uv": [6, 4]}
				]
			},
			{
				"name": "bone41",
				"parent": "hu3",
				"pivot": [-1, 18, 0],
				"rotation": [-5, 0, 0],
				"cubes": [
					{"origin": [-6, 22, -4], "size": [0, 3, 1], "uv": [4, 4]}
				]
			},
			{
				"name": "hu4",
				"parent": "fs",
				"pivot": [1, 18, 0],
				"rotation": [0, 0, -7.5]
			},
			{
				"name": "bone42",
				"parent": "hu4",
				"pivot": [1, 18, 0],
				"rotation": [30, 0, 0],
				"cubes": [
					{"origin": [6, 23, 1], "size": [0, 2.5, 1], "uv": [24, 8]}
				]
			},
			{
				"name": "bone43",
				"parent": "hu4",
				"pivot": [1, 18, 0],
				"rotation": [-30, 0, 0],
				"cubes": [
					{"origin": [6, 20.5, -6.5], "size": [0, 2.5, 1], "uv": [24, 6]}
				]
			},
			{
				"name": "bone44",
				"parent": "hu4",
				"pivot": [1, 18, 0],
				"rotation": [5, 0, 0],
				"cubes": [
					{"origin": [6, 22, -2], "size": [0, 3, 1], "uv": [2, 4]}
				]
			},
			{
				"name": "bone45",
				"parent": "hu4",
				"pivot": [1, 18, 0],
				"rotation": [-5, 0, 0],
				"cubes": [
					{"origin": [6, 22, -4], "size": [0, 3, 1], "uv": [0, 4]}
				]
			},
			{
				"name": "armRight",
				"pivot": [-3, 17.5, 0],
				"rotation": [0, 0, 25],
				"cubes": [
					{"origin": [-5, 8.5, -1], "size": [2, 8, 2], "uv": [34, 51]},
					{"origin": [-5.5, 9.5, -1.5], "size": [3, 8, 3], "uv": [50, 16]}
				]
			},
			{
				"name": "armLeft",
				"pivot": [3, 17.5, 0],
				"rotation": [0, 0, -25],
				"cubes": [
					{"origin": [2.5, 9.5, -1.5], "size": [3, 8, 3], "uv": [42, 43]},
					{"origin": [3, 8.5, -1], "size": [2, 8, 2], "uv": [26, 51]}
				]
			},
			{
				"name": "body",
				"pivot": [0, 10.5, 0],
				"cubes": [
					{"origin": [-3, 8.999, -3], "size": [6, 9, 6], "uv": [26, 16]}
				]
			},
			{
				"name": "sittingRotationSkirt",
				"parent": "body",
				"pivot": [0, 10.5, 0]
			},
			{
				"name": "bone",
				"parent": "sittingRotationSkirt",
				"pivot": [0, 16.5, 0]
			},
			{
				"name": "bone2",
				"parent": "bone",
				"pivot": [0, 6, 0]
			},
			{
				"name": "bone3",
				"parent": "bone2",
				"pivot": [0, 6, 3.97051],
				"rotation": [10, 0, 0],
				"cubes": [
					{"origin": [-2, 5.65782, 3.97051], "size": [4, 5, 0], "uv": [46, 57]}
				]
			},
			{
				"name": "bone4",
				"parent": "bone3",
				"pivot": [-2, 5.65782, 3.97051],
				"rotation": [0, 0, 9.85108],
				"cubes": [
					{"origin": [-4, 5.65782, 3.96951], "size": [2, 5, 0], "uv": [59, 13]}
				]
			},
			{
				"name": "bone5",
				"parent": "bone3",
				"pivot": [2, 5.65782, 3.97051],
				"rotation": [0, 0, -9.85108],
				"cubes": [
					{"origin": [2, 5.65782, 3.97151], "size": [2, 5, 0], "uv": [58, 57]}
				]
			},
			{
				"name": "bone6",
				"parent": "bone",
				"pivot": [0, 6, 0],
				"rotation": [0, -90, 0]
			},
			{
				"name": "bone7",
				"parent": "bone6",
				"pivot": [0, 6, 3.97051],
				"rotation": [10, 0, 0],
				"cubes": [
					{"origin": [-2, 5.65782, 3.97051], "size": [4, 5, 0], "uv": [24, 0]}
				]
			},
			{
				"name": "bone8",
				"parent": "bone7",
				"pivot": [-2, 5.65782, 3.97051],
				"rotation": [0, 0, 9.85108],
				"cubes": [
					{"origin": [-4, 5.65782, 3.96951], "size": [2, 5, 0], "uv": [58, 52]}
				]
			},
			{
				"name": "bone9",
				"parent": "bone7",
				"pivot": [2, 5.65782, 3.97051],
				"rotation": [0, 0, -9.85108],
				"cubes": [
					{"origin": [2, 5.65782, 3.97151], "size": [2, 5, 0], "uv": [58, 47]}
				]
			},
			{
				"name": "bone10",
				"parent": "bone",
				"pivot": [0, 6, 0],
				"rotation": [0, -180, 0]
			},
			{
				"name": "bone11",
				"parent": "bone10",
				"pivot": [0, 6, 3.97051],
				"rotation": [10, 0, 0],
				"cubes": [
					{"origin": [-2, 5.65782, 3.97051], "size": [4, 5, 0], "uv": [16, 8]}
				]
			},
			{
				"name": "bone12",
				"parent": "bone11",
				"pivot": [-2, 5.65782, 3.97051],
				"rotation": [0, 0, 9.85108],
				"cubes": [
					{"origin": [-4, 5.65782, 3.96951], "size": [2, 5, 0], "uv": [58, 8]}
				]
			},
			{
				"name": "bone13",
				"parent": "bone11",
				"pivot": [2, 5.65782, 3.97051],
				"rotation": [0, 0, -9.85108],
				"cubes": [
					{"origin": [2, 5.65782, 3.97151], "size": [2, 5, 0], "uv": [54, 57]}
				]
			},
			{
				"name": "bone14",
				"parent": "bone",
				"pivot": [0, 6, 0],
				"rotation": [0, -270, 0]
			},
			{
				"name": "bone15",
				"parent": "bone14",
				"pivot": [0, 6, 3.97051],
				"rotation": [10, 0, 0],
				"cubes": [
					{"origin": [-2, 5.65782, 3.97051], "size": [4, 5, 0], "uv": [0, 0]}
				]
			},
			{
				"name": "bone16",
				"parent": "bone15",
				"pivot": [-2, 5.65782, 3.97051],
				"rotation": [0, 0, 9.85108],
				"cubes": [
					{"origin": [-4, 5.65782, 3.96951], "size": [2, 5, 0], "uv": [44, 16]}
				]
			},
			{
				"name": "bone17",
				"parent": "bone15",
				"pivot": [2, 5.65782, 3.97051],
				"rotation": [0, 0, -9.85108],
				"cubes": [
					{"origin": [2, 5.65782, 3.97151], "size": [2, 5, 0], "uv": [26, 16]}
				]
			},
			{
				"name": "pd",
				"parent": "body",
				"pivot": [0, 10.5, 0],
				"rotation": [12.5, 0, 0],
				"cubes": [
					{"origin": [-3, 14.5, 4.63], "size": [6, 3, 0], "uv": [42, 54]}
				]
			},
			{
				"name": "hu",
				"parent": "body",
				"pivot": [0, 10.5, 0]
			},
			{
				"name": "bone20",
				"parent": "hu",
				"pivot": [0, 10.5, 0],
				"cubes": [
					{"origin": [-0.5, 16, -4], "size": [1, 1, 1], "uv": [50, 41]}
				]
			},
			{
				"name": "bone21",
				"parent": "hu",
				"pivot": [0, 10.5, 0],
				"rotation": [0, 0, -30],
				"cubes": [
					{"origin": [0.5, 15.5, -4], "size": [2, 1, 0], "uv": [44, 21]}
				]
			},
			{
				"name": "bone22",
				"parent": "hu",
				"pivot": [0, 10.5, 0],
				"rotation": [0, 0, 30],
				"cubes": [
					{"origin": [-2.5, 15.5, -4], "size": [2, 1, 0], "uv": [35, 33]}
				]
			},
			{
				"name": "bone23",
				"parent": "hu",
				"pivot": [0, 10.5, 0],
				"rotation": [0, 0, 10],
				"cubes": [
					{"origin": [-2, 13, -4], "size": [1, 3, 0], "uv": [26, 31]}
				]
			},
			{
				"name": "bone24",
				"parent": "hu",
				"pivot": [0, 10.5, 0],
				"rotation": [0, 0, -10],
				"cubes": [
					{"origin": [1, 13, -4], "size": [1, 3, 0], "uv": [30, 18]}
				]
			},
			{
				"name": "legLeft",
				"pivot": [2, 9, 0],
				"cubes": [
					{"origin": [0.499, 0, -1.5], "size": [3, 9, 3], "uv": [38, 31]}
				]
			},
			{
				"name": "bone25",
				"parent": "legLeft",
				"pivot": [2, 9, 0],
				"cubes": [
					{"origin": [0.499, 0, -1.5], "size": [3, 5, 3], "uv": [50, 33], "inflate": 0.1}
				]
			},
			{
				"name": "legRight",
				"pivot": [-2, 9, 0],
				"cubes": [
					{"origin": [-3.499, 0, -1.5], "size": [3, 9, 3], "uv": [26, 31]}
				]
			},
			{
				"name": "bone26",
				"parent": "legRight",
				"pivot": [-2, 9, 0],
				"cubes": [
					{"origin": [-3.499, 0, -1.5], "size": [3, 5, 3], "uv": [50, 0], "inflate": 0.1}
				]
			},
			{
				"name": "bone27",
				"parent": "legRight",
				"pivot": [-2, 9, 0],
				"cubes": [
					{"origin": [-3.499, 6, -1.5], "size": [3, 1, 3], "uv": [50, 27], "inflate": 0.1}
				]
			},
			{
				"name": "hu2",
				"parent": "legRight",
				"pivot": [-2, 9, 0]
			},
			{
				"name": "bone28",
				"parent": "hu2",
				"pivot": [-2, 9, 0],
				"cubes": [
					{"origin": [-2.499, 6, -2], "size": [1, 1, 1], "uv": [48, 16]}
				]
			},
			{
				"name": "bone29",
				"parent": "hu2",
				"pivot": [-2, 9, 0],
				"rotation": [0, 0, -47.5],
				"cubes": [
					{"origin": [-6.5, 7, -2], "size": [2, 1, 0], "uv": [27, 5]}
				]
			},
			{
				"name": "bone30",
				"parent": "hu2",
				"pivot": [2, 9, 0],
				"rotation": [0, 0, 47.5],
				"cubes": [
					{"origin": [1.5, 4, -2], "size": [2, 1, 0], "uv": [26, 21]}
				]
			},
			{
				"name": "wingLeft",
				"pivot": [0.5, 15, 3.25],
				"rotation": [0, 60, 0],
				"cubes": [
					{"origin": [0.5, 3, 3.5], "size": [0, 24, 13], "uv": [0, 24]}
				]
			},
			{
				"name": "wingRight",
				"pivot": [-0.5, 15, 3.75],
				"rotation": [0, -60, 0],
				"cubes": [
					{"origin": [-0.5, 3, 3.5], "size": [0, 24, 13], "uv": [0, 0]}
				]
			}
		]
	}
}