{
	"format_version": "1.10.0",
	"geometry.model": {
		"texturewidth": 128,
		"textureheight": 128,
		"visible_bounds_width": 3,
		"visible_bounds_height": 4,
		"visible_bounds_offset": [0, 1, 0],
		"bones": [
			{
				"name": "head",
				"pivot": [0, 18, 0],
				"cubes": [
					{"origin": [-4, 18, -4], "size": [8, 8, 8], "uv": [0, 16]},
					{"origin": [-4, 18, -4], "size": [8, 8, 8], "uv": [0, 0], "inflate": 0.1}
				]
			},
			{
				"name": "blink",
				"parent": "head",
				"pivot": [0, 18, 0],
				"cubes": [
					{"origin": [-4, 18, -4.001], "size": [8, 8, 0], "uv": [24, 0]}
				]
			},
			{
				"name": "fb",
				"parent": "head",
				"pivot": [0, 18, 0]
			},
			{
				"name": "bone52",
				"parent": "fb",
				"pivot": [0, 18, 0],
				"rotation": [5, -17.5, -27.5],
				"cubes": [
					{"origin": [4, 17, 2], "size": [1, 1, 1], "uv": [60, 39]},
					{"origin": [4, 16, 2.1], "size": [1, 1, 1], "uv": [60, 37]},
					{"origin": [4, 15, 2.3], "size": [1, 1, 1], "uv": [30, 60]},
					{"origin": [4, 14, 2.4], "size": [1, 1, 1], "uv": [22, 59]},
					{"origin": [4, 13, 2.5], "size": [1, 1, 1], "uv": [57, 19]},
					{"origin": [4, 12, 2.6], "size": [1, 1, 1], "uv": [56, 31]},
					{"origin": [4, 11, 2.7], "size": [1, 1, 1], "uv": [11, 55]}
				]
			},
			{
				"name": "bone53",
				"parent": "fb",
				"pivot": [0, 18, 0],
				"rotation": [5, 17.5, 27.5],
				"cubes": [
					{"origin": [-5, 17, 2], "size": [1, 1, 1], "uv": [54, 50]},
					{"origin": [-5, 16, 2.1], "size": [1, 1, 1], "uv": [54, 29]},
					{"origin": [-5, 15, 2.3], "size": [1, 1, 1], "uv": [8, 54]},
					{"origin": [-5, 14, 2.4], "size": [1, 1, 1], "uv": [54, 0]},
					{"origin": [-5, 13, 2.5], "size": [1, 1, 1], "uv": [10, 52]},
					{"origin": [-5, 12, 2.6], "size": [1, 1, 1], "uv": [6, 52]},
					{"origin": [-5, 11, 2.7], "size": [1, 1, 1], "uv": [51, 30]}
				]
			},
			{
				"name": "bone114",
				"parent": "head",
				"pivot": [0, 18, 0]
			},
			{
				"name": "bone115",
				"parent": "bone114",
				"pivot": [0, 18, 0],
				"rotation": [-10, 30, 0],
				"cubes": [
					{"origin": [-1, 23.8, -8], "size": [1, 1, 3], "uv": [42, 34]}
				]
			},
			{
				"name": "bone116",
				"parent": "bone114",
				"pivot": [0, 18, 0],
				"rotation": [-10, -30, 0],
				"cubes": [
					{"origin": [0, 23.8, -8], "size": [1, 1, 3], "uv": [39, 20]}
				]
			},
			{
				"name": "hat",
				"parent": "head",
				"pivot": [0, 18, 0],
				"rotation": [-5, 0, 0]
			},
			{
				"name": "bone117",
				"parent": "hat",
				"pivot": [0, 18, 0],
				"cubes": [
					{"origin": [-4, 25.8, -4], "size": [8, 2, 8], "uv": [24, 24], "inflate": -0.2}
				]
			},
			{
				"name": "bone118",
				"parent": "hat",
				"pivot": [0, 19, 0],
				"cubes": [
					{"origin": [-4, 26.8, -4], "size": [8, 2, 8], "uv": [24, 8], "inflate": 0.2}
				]
			},
			{
				"name": "armRight",
				"pivot": [-3, 17.5, 0],
				"rotation": [0, 0, 25],
				"cubes": [
					{"origin": [-5, 8.5, -1], "size": [2, 8, 2], "uv": [52, 62]},
					{"origin": [-5.5, 10.5, -1.5], "size": [3, 7, 3], "uv": [15, 49]}
				]
			},
			{
				"name": "bone109",
				"parent": "armRight",
				"pivot": [-3, 17.5, 0],
				"rotation": [0, 0, 7.5],
				"cubes": [
					{"origin": [-5.5, 14.5, -1.5], "size": [3, 3, 3], "uv": [32, 61], "inflate": 0.1}
				]
			},
			{
				"name": "bone110",
				"parent": "bone109",
				"pivot": [-3, 18.5, 0],
				"rotation": [0, 0, -22.5],
				"cubes": [
					{"origin": [-5.5, 15.5, -1.5], "size": [3, 3, 3], "uv": [58, 12], "inflate": 0.1}
				]
			},
			{
				"name": "armLeft",
				"pivot": [3, 17.5, 0],
				"rotation": [0, 0, -25],
				"cubes": [
					{"origin": [2.5, 10.5, -1.5], "size": [3, 7, 3], "uv": [48, 19]},
					{"origin": [3, 8.5, -1], "size": [2, 8, 2], "uv": [44, 61]}
				]
			},
			{
				"name": "bone119",
				"parent": "armLeft",
				"pivot": [3, 21.5, 0],
				"rotation": [0, 0, -7.5],
				"cubes": [
					{"origin": [2.5, 14.3, -1.5], "size": [3, 3, 3], "uv": [57, 42], "inflate": 0.1}
				]
			},
			{
				"name": "bone120",
				"parent": "bone119",
				"pivot": [3, 21.5, 0],
				"rotation": [0, 0, 22.5],
				"cubes": [
					{"origin": [3.5, 15.5, -1.5], "size": [3, 3, 3], "uv": [57, 31], "inflate": 0.1}
				]
			},
			{
				"name": "body",
				"pivot": [0, 10.5, 0],
				"cubes": [
					{"origin": [-3, 8.999, -3], "size": [6, 9, 6], "uv": [24, 34]},
					{"origin": [-3, 8.999, -3], "size": [6, 9, 6], "uv": [0, 32], "inflate": 0.1}
				]
			},
			{
				"name": "sittingRotationSkirt",
				"parent": "body",
				"pivot": [0, 10.5, 0]
			},
			{
				"name": "bone",
				"parent": "sittingRotationSkirt",
				"pivot": [0, 16.5, 0]
			},
			{
				"name": "bone2",
				"parent": "bone",
				"pivot": [0, 6, 0]
			},
			{
				"name": "bone3",
				"parent": "bone2",
				"pivot": [0, 6, 5.27792],
				"rotation": [36, 0, 0]
			},
			{
				"name": "bone4",
				"parent": "bone3",
				"pivot": [0, 6, 5.27792],
				"rotation": [0, -45, 0],
				"cubes": [
					{"origin": [-1, 2, 4.27792], "size": [2, 10, 2], "uv": [24, 60]}
				]
			},
			{
				"name": "bone5",
				"parent": "bone",
				"pivot": [0, 6, 0],
				"rotation": [0, -30, 0]
			},
			{
				"name": "bone6",
				"parent": "bone5",
				"pivot": [0, 6, 5.27792],
				"rotation": [36, 0, 0]
			},
			{
				"name": "bone7",
				"parent": "bone6",
				"pivot": [0, 6, 5.27792],
				"rotation": [0, -45, 0],
				"cubes": [
					{"origin": [-1, 2, 4.27792], "size": [2, 10, 2], "uv": [60, 19]}
				]
			},
			{
				"name": "bone8",
				"parent": "bone",
				"pivot": [0, 6, 0],
				"rotation": [0, -60, 0]
			},
			{
				"name": "bone9",
				"parent": "bone8",
				"pivot": [0, 6, 5.27792],
				"rotation": [36, 0, 0]
			},
			{
				"name": "bone10",
				"parent": "bone9",
				"pivot": [0, 6, 5.27792],
				"rotation": [0, -45, 0],
				"cubes": [
					{"origin": [-1, 2, 4.27792], "size": [2, 10, 2], "uv": [16, 59]}
				]
			},
			{
				"name": "bone11",
				"parent": "bone",
				"pivot": [0, 6, 0],
				"rotation": [0, -90, 0]
			},
			{
				"name": "bone12",
				"parent": "bone11",
				"pivot": [0, 6, 5.27792],
				"rotation": [36, 0, 0]
			},
			{
				"name": "bone13",
				"parent": "bone12",
				"pivot": [0, 6, 5.27792],
				"rotation": [0, -45, 0],
				"cubes": [
					{"origin": [-1, 2, 4.27792], "size": [2, 10, 2], "uv": [58, 0]}
				]
			},
			{
				"name": "bone14",
				"parent": "bone",
				"pivot": [0, 6, 0],
				"rotation": [0, -120, 0]
			},
			{
				"name": "bone15",
				"parent": "bone14",
				"pivot": [0, 6, 5.27792],
				"rotation": [36, 0, 0]
			},
			{
				"name": "bone16",
				"parent": "bone15",
				"pivot": [0, 6, 5.27792],
				"rotation": [0, -45, 0],
				"cubes": [
					{"origin": [-1, 1, 4.27792], "size": [2, 11, 2], "uv": [48, 0]}
				]
			},
			{
				"name": "bone17",
				"parent": "bone",
				"pivot": [0, 6, 0],
				"rotation": [0, -150, 0]
			},
			{
				"name": "bone18",
				"parent": "bone17",
				"pivot": [0, 6, 5.27792],
				"rotation": [36, 0, 0]
			},
			{
				"name": "bone19",
				"parent": "bone18",
				"pivot": [0, 6, 5.27792],
				"rotation": [0, -45, 0],
				"cubes": [
					{"origin": [-1, 6, 4.27792], "size": [2, 6, 2], "uv": [58, 70]}
				]
			},
			{
				"name": "bone20",
				"parent": "bone",
				"pivot": [0, 6, 0],
				"rotation": [0, -180, 0]
			},
			{
				"name": "bone21",
				"parent": "bone20",
				"pivot": [0, 6, 5.27792],
				"rotation": [36, 0, 0]
			},
			{
				"name": "bone22",
				"parent": "bone21",
				"pivot": [0, 6, 5.27792],
				"rotation": [0, -45, 0],
				"cubes": [
					{"origin": [-1, 6, 4.27792], "size": [2, 6, 2], "uv": [70, 8]}
				]
			},
			{
				"name": "bone23",
				"parent": "bone",
				"pivot": [0, 6, 0],
				"rotation": [0, -210, 0]
			},
			{
				"name": "bone24",
				"parent": "bone23",
				"pivot": [0, 6, 5.27792],
				"rotation": [36, 0, 0]
			},
			{
				"name": "bone25",
				"parent": "bone24",
				"pivot": [0, 6, 5.27792],
				"rotation": [0, -45, 0],
				"cubes": [
					{"origin": [-1, 6, 4.27792], "size": [2, 6, 2], "uv": [8, 69]}
				]
			},
			{
				"name": "bone26",
				"parent": "bone",
				"pivot": [0, 6, 0],
				"rotation": [0, -240, 0]
			},
			{
				"name": "bone27",
				"parent": "bone26",
				"pivot": [0, 6, 5.27792],
				"rotation": [36, 0, 0]
			},
			{
				"name": "bone28",
				"parent": "bone27",
				"pivot": [0, 6, 5.27792],
				"rotation": [0, -45, 0],
				"cubes": [
					{"origin": [-1, 6, 4.27792], "size": [2, 6, 2], "uv": [68, 64]}
				]
			},
			{
				"name": "bone29",
				"parent": "bone",
				"pivot": [0, 6, 0],
				"rotation": [0, -270, 0]
			},
			{
				"name": "bone30",
				"parent": "bone29",
				"pivot": [0, 6, 5.27792],
				"rotation": [36, 0, 0]
			},
			{
				"name": "bone31",
				"parent": "bone30",
				"pivot": [0, 6, 5.27792],
				"rotation": [0, -45, 0],
				"cubes": [
					{"origin": [-1, 2, 4.27792], "size": [2, 10, 2], "uv": [57, 50]}
				]
			},
			{
				"name": "bone32",
				"parent": "bone",
				"pivot": [0, 6, 0],
				"rotation": [0, -300, 0]
			},
			{
				"name": "bone33",
				"parent": "bone32",
				"pivot": [0, 6, 5.27792],
				"rotation": [36, 0, 0]
			},
			{
				"name": "bone34",
				"parent": "bone33",
				"pivot": [0, 6, 5.27792],
				"rotation": [0, -45, 0],
				"cubes": [
					{"origin": [-1, 2, 4.27792], "size": [2, 10, 2], "uv": [8, 57]}
				]
			},
			{
				"name": "bone35",
				"parent": "bone",
				"pivot": [0, 6, 0],
				"rotation": [0, -330, 0]
			},
			{
				"name": "bone36",
				"parent": "bone35",
				"pivot": [0, 6, 5.27792],
				"rotation": [36, 0, 0]
			},
			{
				"name": "bone37",
				"parent": "bone36",
				"pivot": [0, 6, 5.27792],
				"rotation": [0, -45, 0],
				"cubes": [
					{"origin": [-1, 2, 4.27792], "size": [2, 10, 2], "uv": [0, 52]}
				]
			},
			{
				"name": "bone54",
				"parent": "sittingRotationSkirt",
				"pivot": [0, 15.5, 0]
			},
			{
				"name": "bone55",
				"parent": "bone54",
				"pivot": [0, 5, 0]
			},
			{
				"name": "bone56",
				"parent": "bone55",
				"pivot": [0, 5, 5.27792],
				"rotation": [36, 0, 0]
			},
			{
				"name": "bone57",
				"parent": "bone56",
				"pivot": [0, 5, 5.27792],
				"rotation": [0, -45, 0],
				"cubes": [
					{"origin": [-1, 5, 4.27792], "size": [2, 6, 2], "uv": [68, 24]}
				]
			},
			{
				"name": "bone58",
				"parent": "bone54",
				"pivot": [0, 5, 0],
				"rotation": [0, -30, 0]
			},
			{
				"name": "bone59",
				"parent": "bone58",
				"pivot": [0, 5, 5.27792],
				"rotation": [36, 0, 0]
			},
			{
				"name": "bone60",
				"parent": "bone59",
				"pivot": [0, 5, 5.27792],
				"rotation": [0, -45, 0],
				"cubes": [
					{"origin": [-1, 5, 4.27792], "size": [2, 6, 2], "uv": [68, 16]}
				]
			},
			{
				"name": "bone61",
				"parent": "bone54",
				"pivot": [0, 5, 0],
				"rotation": [0, -60, 0]
			},
			{
				"name": "bone62",
				"parent": "bone61",
				"pivot": [0, 5, 5.27792],
				"rotation": [36, 0, 0]
			},
			{
				"name": "bone63",
				"parent": "bone62",
				"pivot": [0, 5, 5.27792],
				"rotation": [0, -45, 0],
				"cubes": [
					{"origin": [-1, 5, 4.27792], "size": [2, 6, 2], "uv": [32, 67]}
				]
			},
			{
				"name": "bone64",
				"parent": "bone54",
				"pivot": [0, 5, 0],
				"rotation": [0, -90, 0]
			},
			{
				"name": "bone65",
				"parent": "bone64",
				"pivot": [0, 5, 5.27792],
				"rotation": [36, 0, 0]
			},
			{
				"name": "bone66",
				"parent": "bone65",
				"pivot": [0, 5, 5.27792],
				"rotation": [0, -45, 0],
				"cubes": [
					{"origin": [-1, 5, 4.27792], "size": [2, 6, 2], "uv": [66, 56]}
				]
			},
			{
				"name": "bone67",
				"parent": "bone54",
				"pivot": [0, 5, 0],
				"rotation": [0, -120, 0]
			},
			{
				"name": "bone68",
				"parent": "bone67",
				"pivot": [0, 5, 5.27792],
				"rotation": [36, 0, 0]
			},
			{
				"name": "bone69",
				"parent": "bone68",
				"pivot": [0, 5, 5.27792],
				"rotation": [0, -45, 0],
				"cubes": [
					{"origin": [-1, 5, 4.27792], "size": [2, 6, 2], "uv": [66, 37]}
				]
			},
			{
				"name": "bone70",
				"parent": "bone54",
				"pivot": [0, 5, 0],
				"rotation": [0, -150, 0]
			},
			{
				"name": "bone71",
				"parent": "bone70",
				"pivot": [0, 5, 5.27792],
				"rotation": [36, 0, 0]
			},
			{
				"name": "bone72",
				"parent": "bone71",
				"pivot": [0, 5, 5.27792],
				"rotation": [0, -45, 0],
				"cubes": [
					{"origin": [-1, 5, 4.27792], "size": [2, 6, 2], "uv": [66, 0]}
				]
			},
			{
				"name": "bone73",
				"parent": "bone54",
				"pivot": [0, 5, 0],
				"rotation": [0, -180, 0]
			},
			{
				"name": "bone74",
				"parent": "bone73",
				"pivot": [0, 5, 5.27792],
				"rotation": [36, 0, 0]
			},
			{
				"name": "bone75",
				"parent": "bone74",
				"pivot": [0, 5, 5.27792],
				"rotation": [0, -45, 0],
				"cubes": [
					{"origin": [-1, 5, 4.27792], "size": [2, 6, 2], "uv": [65, 48]}
				]
			},
			{
				"name": "bone76",
				"parent": "bone54",
				"pivot": [0, 5, 0],
				"rotation": [0, -210, 0]
			},
			{
				"name": "bone77",
				"parent": "bone76",
				"pivot": [0, 5, 5.27792],
				"rotation": [36, 0, 0]
			},
			{
				"name": "bone78",
				"parent": "bone77",
				"pivot": [0, 5, 5.27792],
				"rotation": [0, -45, 0],
				"cubes": [
					{"origin": [-1, 5, 4.27792], "size": [2, 6, 2], "uv": [0, 64]}
				]
			},
			{
				"name": "bone79",
				"parent": "bone54",
				"pivot": [0, 5, 0],
				"rotation": [0, -240, 0]
			},
			{
				"name": "bone80",
				"parent": "bone79",
				"pivot": [0, 5, 5.27792],
				"rotation": [36, 0, 0]
			},
			{
				"name": "bone81",
				"parent": "bone80",
				"pivot": [0, 5, 5.27792],
				"rotation": [0, -45, 0],
				"cubes": [
					{"origin": [-1, 5, 4.27792], "size": [2, 6, 2], "uv": [60, 62]}
				]
			},
			{
				"name": "bone82",
				"parent": "bone54",
				"pivot": [0, 5, 0],
				"rotation": [0, -270, 0]
			},
			{
				"name": "bone83",
				"parent": "bone82",
				"pivot": [0, 5, 5.27792],
				"rotation": [36, 0, 0]
			},
			{
				"name": "bone84",
				"parent": "bone83",
				"pivot": [0, 5, 5.27792],
				"rotation": [0, -45, 0],
				"cubes": [
					{"origin": [-1, 5, 4.27792], "size": [2, 6, 2], "uv": [40, 0]}
				]
			},
			{
				"name": "bone85",
				"parent": "bone54",
				"pivot": [0, 5, 0],
				"rotation": [0, -300, 0]
			},
			{
				"name": "bone86",
				"parent": "bone85",
				"pivot": [0, 5, 5.27792],
				"rotation": [36, 0, 0]
			},
			{
				"name": "bone87",
				"parent": "bone86",
				"pivot": [0, 5, 5.27792],
				"rotation": [0, -45, 0],
				"cubes": [
					{"origin": [-1, 5, 4.27792], "size": [2, 6, 2], "uv": [0, 16]}
				]
			},
			{
				"name": "bone88",
				"parent": "bone54",
				"pivot": [0, 5, 0],
				"rotation": [0, -330, 0]
			},
			{
				"name": "bone89",
				"parent": "bone88",
				"pivot": [0, 5, 5.27792],
				"rotation": [36, 0, 0]
			},
			{
				"name": "bone90",
				"parent": "bone89",
				"pivot": [0, 5, 5.27792],
				"rotation": [0, -45, 0],
				"cubes": [
					{"origin": [-1, 5, 4.27792], "size": [2, 6, 2], "uv": [0, 0]}
				]
			},
			{
				"name": "hu",
				"parent": "body",
				"pivot": [0, 10.5, 0]
			},
			{
				"name": "bone108",
				"parent": "hu",
				"pivot": [0, 10.5, 0],
				"cubes": [
					{"origin": [-0.5, 16.5, -4], "size": [1, 1, 1], "uv": [47, 34]}
				]
			},
			{
				"name": "bone113",
				"parent": "bone108",
				"pivot": [0, 10.5, 0],
				"cubes": [
					{"origin": [-0.5, 14.5, -4], "size": [1, 2, 1], "uv": [18, 32]}
				]
			},
			{
				"name": "bone111",
				"parent": "hu",
				"pivot": [0, 10.5, 0],
				"rotation": [0, 0, 10],
				"cubes": [
					{"origin": [-2, 14.5, -4], "size": [1, 2, 1], "uv": [44, 19]}
				]
			},
			{
				"name": "bone112",
				"parent": "hu",
				"pivot": [0, 10.5, 0],
				"rotation": [0, 0, -10],
				"cubes": [
					{"origin": [1, 14.5, -4], "size": [1, 2, 1], "uv": [24, 37]}
				]
			},
			{
				"name": "legLeft",
				"pivot": [2, 9, 0],
				"cubes": [
					{"origin": [0.499, 0.1, -1.5], "size": [2.75, 8.9, 3], "uv": [47, 50]},
					{"origin": [0.499, 0.1, -1.5], "size": [2.75, 8.9, 3], "uv": [50, 34], "inflate": 0.1},
					{"origin": [0.499, 3.1, -1.5], "size": [2.75, 1, 3], "uv": [50, 45], "inflate": 0.14},
					{"origin": [0.499, 0.1, -1.5], "size": [2.75, 2.21, 3], "uv": [16, 71], "inflate": 0.2}
				]
			},
			{
				"name": "bone91",
				"parent": "legLeft",
				"pivot": [4, 10, 0]
			},
			{
				"name": "bone92",
				"parent": "bone91",
				"pivot": [2, 1, 0]
			},
			{
				"name": "bone93",
				"parent": "bone92",
				"pivot": [2, 1, 2.16635],
				"rotation": [14, 0, 0],
				"cubes": [
					{"origin": [1, 0.71783, 2.16635], "size": [2, 2, 0], "uv": [44, 50]}
				]
			},
			{
				"name": "bone94",
				"parent": "bone93",
				"pivot": [1, 0.71783, 2.16635],
				"rotation": [0, 0, 13.59981],
				"cubes": [
					{"origin": [-0.2, 0.71783, 2.16535], "size": [1.2, 2, 0], "uv": [48, 13]}
				]
			},
			{
				"name": "bone95",
				"parent": "bone93",
				"pivot": [3, 0.71783, 2.16635],
				"rotation": [0, 0, -13.59981],
				"cubes": [
					{"origin": [3, 0.71783, 2.16735], "size": [1.2, 2, 0], "uv": [22, 47]}
				]
			},
			{
				"name": "bone96",
				"parent": "bone91",
				"pivot": [2, 1, 0],
				"rotation": [0, -90, 0]
			},
			{
				"name": "bone97",
				"parent": "bone96",
				"pivot": [2, 1, 2.16635],
				"rotation": [14, 0, 0],
				"cubes": [
					{"origin": [1, 0.71783, 2.16635], "size": [2, 2, 0], "uv": [34, 50]}
				]
			},
			{
				"name": "bone98",
				"parent": "bone97",
				"pivot": [1, 0.71783, 2.16635],
				"rotation": [0, 0, 13.59981],
				"cubes": [
					{"origin": [-0.2, 0.71783, 2.16535], "size": [1.2, 2, 0], "uv": [46, 38]}
				]
			},
			{
				"name": "bone99",
				"parent": "bone97",
				"pivot": [3, 0.71783, 2.16635],
				"rotation": [0, 0, -13.59981],
				"cubes": [
					{"origin": [3, 0.71783, 2.16735], "size": [1.2, 2, 0], "uv": [42, 34]}
				]
			},
			{
				"name": "bone100",
				"parent": "bone91",
				"pivot": [2, 1, 0],
				"rotation": [0, -180, 0]
			},
			{
				"name": "bone101",
				"parent": "bone100",
				"pivot": [2, 1, 2.16635],
				"rotation": [14, 0, 0],
				"cubes": [
					{"origin": [1, 0.71783, 2.16635], "size": [2, 2, 0], "uv": [24, 49]}
				]
			},
			{
				"name": "bone102",
				"parent": "bone101",
				"pivot": [1, 0.71783, 2.16635],
				"rotation": [0, 0, 13.59981],
				"cubes": [
					{"origin": [-0.2, 0.71783, 2.16535], "size": [1.2, 2, 0], "uv": [42, 18]}
				]
			},
			{
				"name": "bone103",
				"parent": "bone101",
				"pivot": [3, 0.71783, 2.16635],
				"rotation": [0, 0, -13.59981],
				"cubes": [
					{"origin": [3, 0.71783, 2.16735], "size": [1.2, 2, 0], "uv": [40, 0]}
				]
			},
			{
				"name": "bone104",
				"parent": "bone91",
				"pivot": [2, 1, 0],
				"rotation": [0, -270, 0]
			},
			{
				"name": "bone105",
				"parent": "bone104",
				"pivot": [2, 1, 2.16635],
				"rotation": [14, 0, 0],
				"cubes": [
					{"origin": [1, 0.71783, 2.16635], "size": [2, 2, 0], "uv": [48, 29]}
				]
			},
			{
				"name": "bone106",
				"parent": "bone105",
				"pivot": [1, 0.71783, 2.16635],
				"rotation": [0, 0, 13.59981],
				"cubes": [
					{"origin": [-0.2, 0.71783, 2.16535], "size": [1.2, 2, 0], "uv": [28, 38]}
				]
			},
			{
				"name": "bone107",
				"parent": "bone105",
				"pivot": [3, 0.71783, 2.16635],
				"rotation": [0, 0, -13.59981],
				"cubes": [
					{"origin": [3, 0.71783, 2.16735], "size": [1.2, 2, 0], "uv": [28, 36]}
				]
			},
			{
				"name": "legRight",
				"pivot": [-2, 9, 0],
				"cubes": [
					{"origin": [-3.249, 0.2, -1.5], "size": [2.75, 8.8, 3], "uv": [37, 50]},
					{"origin": [-3.249, 0.2, -1.5], "size": [2.75, 8.8, 3], "uv": [27, 49], "inflate": 0.1},
					{"origin": [-3.249, 0.2, -1.5], "size": [2.75, 2.21, 3], "uv": [69, 32], "inflate": 0.2}
				]
			},
			{
				"name": "bone121",
				"parent": "legRight",
				"pivot": [4, 10, 0]
			},
			{
				"name": "bone122",
				"parent": "bone121",
				"pivot": [2, 1, 0]
			},
			{
				"name": "bone123",
				"parent": "bone122",
				"pivot": [2, 1, 2.16635],
				"rotation": [14, 0, 0],
				"cubes": [
					{"origin": [-3, 0.71783, 2.16635], "size": [2, 2, 0], "uv": [18, 47]}
				]
			},
			{
				"name": "bone124",
				"parent": "bone123",
				"pivot": [1, 0.71783, 2.16635],
				"rotation": [0, 0, 13.59981],
				"cubes": [
					{"origin": [-4.08785, -0.22272, 2.16535], "size": [1.2, 2, 0], "uv": [4, 36]}
				]
			},
			{
				"name": "bone125",
				"parent": "bone123",
				"pivot": [3, 0.71783, 2.16635],
				"rotation": [0, 0, -13.59981],
				"cubes": [
					{"origin": [-0.88785, 1.65839, 2.16735], "size": [1.2, 2, 0], "uv": [28, 34]}
				]
			},
			{
				"name": "bone126",
				"parent": "bone121",
				"pivot": [2, 1, 0],
				"rotation": [0, -90, 0]
			},
			{
				"name": "bone127",
				"parent": "bone126",
				"pivot": [2, 1, 2.16635],
				"rotation": [14, 0, 0],
				"cubes": [
					{"origin": [1, -0.24985, 6.04754], "size": [2, 2, 0], "uv": [46, 0]}
				]
			},
			{
				"name": "bone128",
				"parent": "bone127",
				"pivot": [1, 0.71783, 2.16635],
				"rotation": [0, 0, 13.59981],
				"cubes": [
					{"origin": [0.02754, -0.22272, 6.04654], "size": [1.2, 2, 0], "uv": [4, 34]}
				]
			},
			{
				"name": "bone129",
				"parent": "bone127",
				"pivot": [3, 0.71783, 2.16635],
				"rotation": [0, 0, -13.59981],
				"cubes": [
					{"origin": [2.77246, -0.22272, 6.04854], "size": [1.2, 2, 0], "uv": [4, 32]}
				]
			},
			{
				"name": "bone130",
				"parent": "bone121",
				"pivot": [2, 1, 0],
				"rotation": [0, -180, 0]
			},
			{
				"name": "bone131",
				"parent": "bone130",
				"pivot": [2, 1, 2.16635],
				"rotation": [14, 0, 0],
				"cubes": [
					{"origin": [5, 0.71783, 2.16635], "size": [2, 2, 0], "uv": [42, 38]}
				]
			},
			{
				"name": "bone132",
				"parent": "bone131",
				"pivot": [1, 0.71783, 2.16635],
				"rotation": [0, 0, 13.59981],
				"cubes": [
					{"origin": [3.68785, 1.65839, 2.16535], "size": [1.2, 2, 0], "uv": [6, 16]}
				]
			},
			{
				"name": "bone133",
				"parent": "bone131",
				"pivot": [3, 0.71783, 2.16635],
				"rotation": [0, 0, -13.59981],
				"cubes": [
					{"origin": [6.88785, -0.22272, 2.16735], "size": [1.2, 2, 0], "uv": [0, 16]}
				]
			},
			{
				"name": "bone134",
				"parent": "bone121",
				"pivot": [2, 1, 0],
				"rotation": [0, -270, 0]
			},
			{
				"name": "bone135",
				"parent": "bone134",
				"pivot": [2, 1, 2.16635],
				"rotation": [14, 0, 0],
				"cubes": [
					{"origin": [1, 1.68552, -1.71483], "size": [2, 2, 0], "uv": [24, 34]}
				]
			},
			{
				"name": "bone136",
				"parent": "bone135",
				"pivot": [1, 0.71783, 2.16635],
				"rotation": [0, 0, 13.59981],
				"cubes": [
					{"origin": [-0.42754, 1.65839, -1.71583], "size": [1.2, 2, 0], "uv": [6, 0]}
				]
			},
			{
				"name": "bone137",
				"parent": "bone135",
				"pivot": [3, 0.71783, 2.16635],
				"rotation": [0, 0, -13.59981],
				"cubes": [
					{"origin": [3.22754, 1.65839, -1.71383], "size": [1.2, 2, 0], "uv": [0, 0]}
				]
			},
			{
				"name": "wingLeft",
				"pivot": [0.5, 15, 3.25],
				"rotation": [0, 60, 0]
			},
			{
				"name": "bone39",
				"parent": "wingLeft",
				"pivot": [0.5, 15, 3.25],
				"rotation": [25, 0, 0],
				"cubes": [
					{"origin": [0.5, 15, 2.25], "size": [1, 1, 10], "uv": [46, 8]}
				]
			},
			{
				"name": "bone44",
				"parent": "bone39",
				"pivot": [0.5, 15, 3.25],
				"rotation": [20, 0, 0],
				"cubes": [
					{"origin": [0.5, 8, 10.75], "size": [1, 5, 1], "uv": [0, 72]}
				]
			},
			{
				"name": "bone45",
				"parent": "bone39",
				"pivot": [0.5, 15, 0.25],
				"rotation": [20, 0, 0],
				"cubes": [
					{"origin": [0.5, 8, 7.75], "size": [1, 5, 1], "uv": [48, 71]}
				]
			},
			{
				"name": "bone46",
				"parent": "bone39",
				"pivot": [0.5, 15, -3.75],
				"rotation": [20, 0, 0],
				"cubes": [
					{"origin": [0.5, 8, 3.75], "size": [1, 5, 1], "uv": [0, 32]}
				]
			},
			{
				"name": "bone47",
				"parent": "bone39",
				"pivot": [0.5, 15, 3.25],
				"rotation": [7, 0, 0],
				"cubes": [
					{"origin": [1, 10, 3.25], "size": [0, 5, 9.3], "uv": [24, 9]}
				]
			},
			{
				"name": "wingRight",
				"pivot": [-0.5, 15, 3.75],
				"rotation": [0, -60, 0]
			},
			{
				"name": "bone38",
				"parent": "wingRight",
				"pivot": [-0.5, 15, 3.75],
				"rotation": [25, 0, 0],
				"cubes": [
					{"origin": [-1.5, 15.3, 2.75], "size": [1, 1, 11], "uv": [37, 38]}
				]
			},
			{
				"name": "bone40",
				"parent": "bone38",
				"pivot": [-0.5, 15, 3.75],
				"rotation": [20, 0, 0],
				"cubes": [
					{"origin": [-1.5, 8, 12], "size": [1, 5, 1], "uv": [52, 72]}
				]
			},
			{
				"name": "bone41",
				"parent": "bone38",
				"pivot": [-0.5, 15, -0.25],
				"rotation": [20, 0, 0],
				"cubes": [
					{"origin": [-1.5, 8, 8], "size": [1, 5, 1], "uv": [26, 72]}
				]
			},
			{
				"name": "bone42",
				"parent": "bone38",
				"pivot": [-0.5, 15, -4.25],
				"rotation": [20, 0, 0],
				"cubes": [
					{"origin": [-1.5, 8, 4], "size": [1, 5, 1], "uv": [4, 72]}
				]
			},
			{
				"name": "bone43",
				"parent": "bone38",
				"pivot": [-0.5, 15, 3.75],
				"rotation": [7.5, 0, 0],
				"cubes": [
					{"origin": [-1, 10, 4], "size": [0, 5, 9.3], "uv": [0, 38]}
				]
			},
			{
				"name": "tail",
				"pivot": [0, 9, 4]
			},
			{
				"name": "bone48",
				"parent": "tail",
				"pivot": [0, 9, 4],
				"rotation": [32.5, 0, 0],
				"cubes": [
					{"origin": [-1, 9, 3], "size": [1, 1, 4], "uv": [18, 32], "inflate": -0.2}
				]
			},
			{
				"name": "bone49",
				"parent": "bone48",
				"pivot": [0, 9, 4],
				"rotation": [0, -20, 0],
				"cubes": [
					{"origin": [0, 9, 6], "size": [1, 1, 3], "uv": [71, 42], "inflate": -0.2}
				]
			},
			{
				"name": "bone50",
				"parent": "bone49",
				"pivot": [-1, 9, 4],
				"rotation": [0, -17.5, 0],
				"cubes": [
					{"origin": [1.24, 9, 8], "size": [1, 1, 3], "uv": [40, 71], "inflate": -0.2}
				]
			},
			{
				"name": "bone51",
				"parent": "bone48",
				"pivot": [0, 9, 4],
				"cubes": [
					{"origin": [-4, 9, 10], "size": [2, 1, 2], "uv": [48, 13], "inflate": -0.2}
				]
			}
		]
	}
}