{
	"format_version": "1.10.0",
	"geometry.model": {
		"texturewidth": 64,
		"textureheight": 64,
		"visible_bounds_width": 3,
		"visible_bounds_height": 4,
		"visible_bounds_offset": [0, 1, 0],
		"bones": [
			{
				"name": "head",
				"pivot": [0, 18, 0],
				"cubes": [
					{"origin": [-4, 18, -4], "size": [8, 8, 8], "uv": [0, 0]}
				]
			},
			{
				"name": "ahoge",
				"parent": "head",
				"pivot": [0, 26, 0],
				"cubes": [
					{"origin": [-3, 26, 0], "size": [6, 6, 0], "uv": [18, 16]}
				]
			},
			{
				"name": "blink",
				"parent": "head",
				"pivot": [0, 18, 0],
				"cubes": [
					{"origin": [-4, 18, -4.001], "size": [8, 8, 0], "uv": [32, 7]}
				]
			},
			{
				"name": "bz",
				"parent": "head",
				"pivot": [-2, 17, 1],
				"rotation": [0, 0, 17.5]
			},
			{
				"name": "bone41",
				"parent": "bz",
				"pivot": [-2, 17, 1],
				"cubes": [
					{"origin": [-7, 23, -2], "size": [1, 1, 1], "uv": [14, 36]}
				]
			},
			{
				"name": "bone42",
				"parent": "bz",
				"pivot": [-2, 17, 1],
				"cubes": [
					{"origin": [-8, 10, -2], "size": [1, 13, 1], "uv": [4, 42]}
				]
			},
			{
				"name": "bone45",
				"parent": "bz",
				"pivot": [-2, 17, 1],
				"rotation": [0, 0, -7.5],
				"cubes": [
					{"origin": [-7, 24, -2], "size": [1, 1, 1], "uv": [0, 35]}
				]
			},
			{
				"name": "bone46",
				"parent": "bz",
				"pivot": [-2, 17, 1],
				"rotation": [15, 0, 0],
				"cubes": [
					{"origin": [-8, 24, -0.195], "size": [1, 3, 1], "uv": [0, 31], "inflate": -0.3}
				]
			},
			{
				"name": "bone47",
				"parent": "bz",
				"pivot": [-2, 17, -1],
				"rotation": [-15, 0, 0],
				"cubes": [
					{"origin": [-8, 23, -3.805], "size": [1, 3, 1], "uv": [26, 30], "inflate": -0.3}
				]
			},
			{
				"name": "bz2",
				"parent": "head",
				"pivot": [2, 17, 1],
				"rotation": [0, 0, -17.5]
			},
			{
				"name": "bone43",
				"parent": "bz2",
				"pivot": [2, 17, 1],
				"cubes": [
					{"origin": [6, 23, -2], "size": [1, 1, 1], "uv": [20, 31]}
				]
			},
			{
				"name": "bone44",
				"parent": "bz2",
				"pivot": [2, 17, 1],
				"cubes": [
					{"origin": [7, 10, -2], "size": [1, 13, 1], "uv": [0, 42]}
				]
			},
			{
				"name": "bone48",
				"parent": "bz2",
				"pivot": [2, 17, 1],
				"rotation": [0, 0, 7.5],
				"cubes": [
					{"origin": [6, 24, -2], "size": [1, 1, 1], "uv": [24, 4]}
				]
			},
			{
				"name": "bone49",
				"parent": "bz2",
				"pivot": [2, 17, 1],
				"rotation": [15, 0, 0],
				"cubes": [
					{"origin": [7, 24, -0.195], "size": [1, 3, 1], "uv": [24, 0], "inflate": -0.3}
				]
			},
			{
				"name": "bone50",
				"parent": "bz2",
				"pivot": [2, 17, -1],
				"rotation": [-15, 0, 0],
				"cubes": [
					{"origin": [7, 23, -3.805], "size": [1, 3, 1], "uv": [0, 16], "inflate": -0.3}
				]
			},
			{
				"name": "bone57",
				"parent": "head",
				"pivot": [0, 18, 0],
				"rotation": [17.5, 0, 0],
				"cubes": [
					{"origin": [-4, 14, 4], "size": [8, 4, 0], "uv": [42, 0]}
				]
			},
			{
				"name": "armRight",
				"pivot": [-3, 17.5, 0],
				"rotation": [0, 0, 25],
				"cubes": [
					{"origin": [-5, 9.19, -1], "size": [2, 8, 2], "uv": [47, 38]}
				]
			},
			{
				"name": "armLeft",
				"pivot": [3, 17.5, 0],
				"rotation": [0, 0, -25],
				"cubes": [
					{"origin": [3, 9.19, -1], "size": [2, 8, 2], "uv": [44, 28]}
				]
			},
			{
				"name": "body",
				"pivot": [0, 10.5, 0],
				"cubes": [
					{"origin": [-3, 8.999, -3], "size": [6, 9, 6], "uv": [0, 16]}
				]
			},
			{
				"name": "sittingRotationSkirt",
				"parent": "body",
				"pivot": [0, 10.5, 0]
			},
			{
				"name": "bone",
				"parent": "sittingRotationSkirt",
				"pivot": [0, 15.5, 0]
			},
			{
				"name": "bone2",
				"parent": "bone",
				"pivot": [0, 5, 0]
			},
			{
				"name": "bone3",
				"parent": "bone2",
				"pivot": [0, 5, 5.27792],
				"rotation": [35, 0, 0]
			},
			{
				"name": "bone4",
				"parent": "bone3",
				"pivot": [0, 5, 5.27792],
				"rotation": [0, -45, 0],
				"cubes": [
					{"origin": [-1, 5, 4.27792], "size": [2, 6, 2], "uv": [55, 36]}
				]
			},
			{
				"name": "bone5",
				"parent": "bone",
				"pivot": [0, 5, 0],
				"rotation": [0, -30, 0]
			},
			{
				"name": "bone6",
				"parent": "bone5",
				"pivot": [0, 5, 5.27792],
				"rotation": [35, 0, 0]
			},
			{
				"name": "bone7",
				"parent": "bone6",
				"pivot": [0, 5, 5.27792],
				"rotation": [0, -45, 0],
				"cubes": [
					{"origin": [-1, 5, 4.27792], "size": [2, 6, 2], "uv": [51, 54]}
				]
			},
			{
				"name": "bone8",
				"parent": "bone",
				"pivot": [0, 5, 0],
				"rotation": [0, -60, 0]
			},
			{
				"name": "bone9",
				"parent": "bone8",
				"pivot": [0, 5, 5.27792],
				"rotation": [35, 0, 0]
			},
			{
				"name": "bone10",
				"parent": "bone9",
				"pivot": [0, 5, 5.27792],
				"rotation": [0, -45, 0],
				"cubes": [
					{"origin": [-1, 5, 4.27792], "size": [2, 6, 2], "uv": [53, 46]}
				]
			},
			{
				"name": "bone11",
				"parent": "bone",
				"pivot": [0, 5, 0],
				"rotation": [0, -90, 0]
			},
			{
				"name": "bone12",
				"parent": "bone11",
				"pivot": [0, 5, 5.27792],
				"rotation": [35, 0, 0]
			},
			{
				"name": "bone13",
				"parent": "bone12",
				"pivot": [0, 5, 5.27792],
				"rotation": [0, -45, 0],
				"cubes": [
					{"origin": [-1, 5, 4.27792], "size": [2, 6, 2], "uv": [52, 28]}
				]
			},
			{
				"name": "bone14",
				"parent": "bone",
				"pivot": [0, 5, 0],
				"rotation": [0, -120, 0]
			},
			{
				"name": "bone15",
				"parent": "bone14",
				"pivot": [0, 5, 5.27792],
				"rotation": [35, 0, 0]
			},
			{
				"name": "bone16",
				"parent": "bone15",
				"pivot": [0, 5, 5.27792],
				"rotation": [0, -45, 0],
				"cubes": [
					{"origin": [-1, 5, 4.27792], "size": [2, 6, 2], "uv": [51, 9]}
				]
			},
			{
				"name": "bone17",
				"parent": "bone",
				"pivot": [0, 5, 0],
				"rotation": [0, -150, 0]
			},
			{
				"name": "bone18",
				"parent": "bone17",
				"pivot": [0, 5, 5.27792],
				"rotation": [35, 0, 0]
			},
			{
				"name": "bone19",
				"parent": "bone18",
				"pivot": [0, 5, 5.27792],
				"rotation": [0, -45, 0],
				"cubes": [
					{"origin": [-1, 5, 4.27792], "size": [2, 6, 2], "uv": [8, 51]}
				]
			},
			{
				"name": "bone20",
				"parent": "bone",
				"pivot": [0, 5, 0],
				"rotation": [0, -180, 0]
			},
			{
				"name": "bone21",
				"parent": "bone20",
				"pivot": [0, 5, 5.27792],
				"rotation": [35, 0, 0]
			},
			{
				"name": "bone22",
				"parent": "bone21",
				"pivot": [0, 5, 5.27792],
				"rotation": [0, -45, 0],
				"cubes": [
					{"origin": [-1, 5, 4.27792], "size": [2, 6, 2], "uv": [37, 50]}
				]
			},
			{
				"name": "bone23",
				"parent": "bone",
				"pivot": [0, 5, 0],
				"rotation": [0, -210, 0]
			},
			{
				"name": "bone24",
				"parent": "bone23",
				"pivot": [0, 5, 5.27792],
				"rotation": [35, 0, 0]
			},
			{
				"name": "bone25",
				"parent": "bone24",
				"pivot": [0, 5, 5.27792],
				"rotation": [0, -45, 0],
				"cubes": [
					{"origin": [-1, 5, 4.27792], "size": [2, 6, 2], "uv": [29, 49]}
				]
			},
			{
				"name": "bone26",
				"parent": "bone",
				"pivot": [0, 5, 0],
				"rotation": [0, -240, 0]
			},
			{
				"name": "bone27",
				"parent": "bone26",
				"pivot": [0, 5, 5.27792],
				"rotation": [35, 0, 0]
			},
			{
				"name": "bone28",
				"parent": "bone27",
				"pivot": [0, 5, 5.27792],
				"rotation": [0, -45, 0],
				"cubes": [
					{"origin": [-1, 5, 4.27792], "size": [2, 6, 2], "uv": [21, 49]}
				]
			},
			{
				"name": "bone29",
				"parent": "bone",
				"pivot": [0, 5, 0],
				"rotation": [0, -270, 0]
			},
			{
				"name": "bone30",
				"parent": "bone29",
				"pivot": [0, 5, 5.27792],
				"rotation": [35, 0, 0]
			},
			{
				"name": "bone31",
				"parent": "bone30",
				"pivot": [0, 5, 5.27792],
				"rotation": [0, -45, 0],
				"cubes": [
					{"origin": [-1, 5, 4.27792], "size": [2, 6, 2], "uv": [45, 48]}
				]
			},
			{
				"name": "bone32",
				"parent": "bone",
				"pivot": [0, 5, 0],
				"rotation": [0, -300, 0]
			},
			{
				"name": "bone33",
				"parent": "bone32",
				"pivot": [0, 5, 5.27792],
				"rotation": [35, 0, 0]
			},
			{
				"name": "bone34",
				"parent": "bone33",
				"pivot": [0, 5, 5.27792],
				"rotation": [0, -45, 0],
				"cubes": [
					{"origin": [-1, 5, 4.27792], "size": [2, 6, 2], "uv": [48, 20]}
				]
			},
			{
				"name": "bone35",
				"parent": "bone",
				"pivot": [0, 5, 0],
				"rotation": [0, -330, 0]
			},
			{
				"name": "bone36",
				"parent": "bone35",
				"pivot": [0, 5, 5.27792],
				"rotation": [35, 0, 0]
			},
			{
				"name": "bone37",
				"parent": "bone36",
				"pivot": [0, 5, 5.27792],
				"rotation": [0, -45, 0],
				"cubes": [
					{"origin": [-1, 5, 4.27792], "size": [2, 6, 2], "uv": [0, 0]}
				]
			},
			{
				"name": "bone38",
				"parent": "body",
				"pivot": [0, 10.5, 0],
				"cubes": [
					{"origin": [-3, 12.5, -3], "size": [6, 6, 6], "uv": [24, 16], "inflate": 0.1}
				]
			},
			{
				"name": "bone40",
				"parent": "body",
				"pivot": [0, 9.5, 0],
				"rotation": [0, 0, 25]
			},
			{
				"name": "bone39",
				"parent": "body",
				"pivot": [0, 9.5, 0],
				"rotation": [0, 0, -25]
			},
			{
				"name": "deco3",
				"parent": "body",
				"pivot": [0, 26.25, -4.05],
				"rotation": [-6, 0, 0]
			},
			{
				"name": "bone174",
				"parent": "deco3",
				"pivot": [0, 13.75, 1.95]
			},
			{
				"name": "bone175",
				"parent": "bone174",
				"pivot": [0, 26.25, -4.55],
				"rotation": [0, 0, 5],
				"cubes": [
					{"origin": [-2.13242, 15.89055, -3.01019], "size": [3, 1, 1], "uv": [42, 20]}
				]
			},
			{
				"name": "bone176",
				"parent": "bone174",
				"pivot": [0, 26.25, -4.55],
				"rotation": [0, 0, -15],
				"cubes": [
					{"origin": [-5.54696, 16.24462, -3.01019], "size": [3, 1, 1], "uv": [42, 4]}
				]
			},
			{
				"name": "bone177",
				"parent": "deco3",
				"pivot": [0, 13.75, 1.95]
			},
			{
				"name": "bone178",
				"parent": "bone177",
				"pivot": [0, 26.25, -4.55],
				"rotation": [0, 0, -5],
				"cubes": [
					{"origin": [-0.86758, 15.89055, -3.01019], "size": [3, 1, 1], "uv": [8, 34]}
				]
			},
			{
				"name": "bone179",
				"parent": "bone177",
				"pivot": [0, 26.25, -4.55],
				"rotation": [0, 0, 15],
				"cubes": [
					{"origin": [2.54696, 16.24462, -3.01019], "size": [3, 1, 1], "uv": [26, 28]}
				]
			},
			{
				"name": "bone180",
				"parent": "deco3",
				"pivot": [0, 13.75, 1.95],
				"cubes": [
					{"origin": [-0.5, 15.90931, -3.01019], "size": [1, 1, 1], "uv": [0, 20], "inflate": 0.1}
				]
			},
			{
				"name": "bone181",
				"parent": "deco3",
				"pivot": [-0.5, 26.21527, -4.24696],
				"rotation": [0, 0, 20],
				"cubes": [
					{"origin": [2.36571, 13.96805, -2.20715], "size": [1, 3, 0], "uv": [4, 19]}
				]
			},
			{
				"name": "bone182",
				"parent": "deco3",
				"pivot": [0.5, 26.21527, -4.24696],
				"rotation": [0, 0, -20],
				"cubes": [
					{"origin": [-3.36571, 13.96805, -2.20715], "size": [1, 3, 0], "uv": [4, 16]}
				]
			},
			{
				"name": "bone55",
				"parent": "body",
				"pivot": [0, 10.5, 0],
				"rotation": [7.5, 0, 0],
				"cubes": [
					{"origin": [-3, 14.5, 4.125], "size": [6, 3, 0], "uv": [8, 31]}
				]
			},
			{
				"name": "bone56",
				"parent": "body",
				"pivot": [0, 10.5, 0],
				"cubes": [
					{"origin": [-3, 8.999, -3], "size": [6, 1, 6], "uv": [24, 0], "inflate": 0.1}
				]
			},
			{
				"name": "legLeft",
				"pivot": [2, 9, 0],
				"cubes": [
					{"origin": [0.499, 0, -1.5], "size": [3, 9, 3], "uv": [11, 39]}
				]
			},
			{
				"name": "bone51",
				"parent": "legLeft",
				"pivot": [2, 9, 0],
				"cubes": [
					{"origin": [0.499, 0, -1.5], "size": [3, 7, 3], "uv": [35, 40], "inflate": 0.1}
				]
			},
			{
				"name": "bone52",
				"parent": "legLeft",
				"pivot": [2, 9, 0],
				"cubes": [
					{"origin": [0.499, 0, -1.5], "size": [3, 2, 3], "uv": [48, 4], "inflate": 0.2}
				]
			},
			{
				"name": "legRight",
				"pivot": [-2, 9, 0],
				"cubes": [
					{"origin": [-3.499, 0, -1.5], "size": [3, 9, 3], "uv": [32, 28]}
				]
			},
			{
				"name": "bone53",
				"parent": "legRight",
				"pivot": [-2, 9, 0],
				"cubes": [
					{"origin": [-3.499, 0, -1.5], "size": [3, 7, 3], "uv": [23, 39], "inflate": 0.1}
				]
			},
			{
				"name": "bone54",
				"parent": "legRight",
				"pivot": [-2, 9, 0],
				"cubes": [
					{"origin": [-3.499, 0, -1.5], "size": [3, 2, 3], "uv": [42, 15], "inflate": 0.2}
				]
			}
		]
	}
}