{
	"format_version": "1.10.0",
	"geometry.model": {
		"texturewidth": 128,
		"textureheight": 128,
		"visible_bounds_width": 3,
		"visible_bounds_height": 4,
		"visible_bounds_offset": [0, 1, 0],
		"bones": [
			{
				"name": "head",
				"pivot": [0, 18, 0],
				"cubes": [
					{"origin": [-4, 18, -4], "size": [8, 8, 8], "uv": [0, 11]}
				]
			},
			{
				"name": "blink",
				"parent": "head",
				"pivot": [0, 18, 0],
				"cubes": [
					{"origin": [-4, 18, -4.001], "size": [8, 8, 0], "uv": [24, 11]}
				]
			},
			{
				"name": "hair",
				"parent": "head",
				"pivot": [0, 18, 0]
			},
			{
				"name": "bone74",
				"parent": "hair",
				"pivot": [0, 18, 0],
				"rotation": [12.5, 0, -7.5],
				"cubes": [
					{"origin": [3, 13, 3], "size": [1, 5, 1], "uv": [44, 50]}
				]
			},
			{
				"name": "bone75",
				"parent": "hair",
				"pivot": [0, 18, 0],
				"rotation": [12.5, 0, 7.5],
				"cubes": [
					{"origin": [-4, 13, 3], "size": [1, 5, 1], "uv": [0, 27]}
				]
			},
			{
				"name": "bone76",
				"parent": "hair",
				"pivot": [0, 18, 0],
				"rotation": [17.5, 0, -5],
				"cubes": [
					{"origin": [2, 11, 3], "size": [1, 7, 1], "uv": [60, 0]}
				]
			},
			{
				"name": "bone77",
				"parent": "hair",
				"pivot": [0, 18, 0],
				"rotation": [17.5, 0, 5],
				"cubes": [
					{"origin": [-3, 11, 3], "size": [1, 7, 1], "uv": [38, 58]}
				]
			},
			{
				"name": "bone78",
				"parent": "hair",
				"pivot": [0, 18, 0],
				"rotation": [20, 0, -7.5],
				"cubes": [
					{"origin": [1, 10, 3], "size": [1, 8, 1], "uv": [16, 57]}
				]
			},
			{
				"name": "bone79",
				"parent": "hair",
				"pivot": [0, 18, 0],
				"rotation": [20, 0, 7.5],
				"cubes": [
					{"origin": [-2, 10, 3], "size": [1, 8, 1], "uv": [50, 56]}
				]
			},
			{
				"name": "bone80",
				"parent": "hair",
				"pivot": [0, 18, 0],
				"rotation": [25, 0, 0],
				"cubes": [
					{"origin": [-1, 9, 3], "size": [2, 9, 1], "uv": [0, 0]}
				]
			},
			{
				"name": "hu",
				"parent": "head",
				"pivot": [0, 18, 0]
			},
			{
				"name": "bone85",
				"parent": "hu",
				"pivot": [0, 18, 0],
				"cubes": [
					{"origin": [-0.5, 25, -4.5], "size": [1, 1, 1], "uv": [15, 42]}
				]
			},
			{
				"name": "bone86",
				"parent": "hu",
				"pivot": [-1, 18, 0],
				"rotation": [0, 0, 7.5],
				"cubes": [
					{"origin": [-3.5, 25, -4.5], "size": [2, 1, 1], "uv": [9, 42]}
				]
			},
			{
				"name": "bone87",
				"parent": "hu",
				"pivot": [1, 18, 0],
				"rotation": [0, 0, -7.5],
				"cubes": [
					{"origin": [1.5, 25, -4.5], "size": [2, 1, 1], "uv": [18, 31]}
				]
			},
			{
				"name": "hat",
				"parent": "head",
				"pivot": [0, 18, 0]
			},
			{
				"name": "bone88",
				"parent": "hat",
				"pivot": [0, 18, 0],
				"cubes": [
					{"origin": [-5, 26, -5], "size": [10, 1, 10], "uv": [0, 0]}
				]
			},
			{
				"name": "bone89",
				"parent": "hat",
				"pivot": [0, 18, 0],
				"cubes": [
					{"origin": [-4, 27, -4], "size": [8, 3, 8], "uv": [24, 19]}
				]
			},
			{
				"name": "armRight",
				"pivot": [-3, 17.5, 0],
				"rotation": [0, 0, 25],
				"cubes": [
					{"origin": [-5, 8.5, -1], "size": [2, 8, 2], "uv": [22, 41]},
					{"origin": [-5.5, 13.5, -1.5], "size": [3, 4, 3], "uv": [40, 12]}
				]
			},
			{
				"name": "armLeft",
				"pivot": [3, 17.5, 0],
				"rotation": [0, 0, -25],
				"cubes": [
					{"origin": [2.5, 13.5, -1.5], "size": [3, 4, 3], "uv": [34, 30]},
					{"origin": [3, 8.5, -1], "size": [2, 8, 2], "uv": [30, 0]}
				]
			},
			{
				"name": "bone72",
				"parent": "armLeft",
				"pivot": [3, 17.5, 0]
			},
			{
				"name": "bone73",
				"parent": "bone72",
				"pivot": [3, 17.5, 0],
				"cubes": [
					{"origin": [3, 9.5, -1], "size": [2, 1, 2], "uv": [18, 28], "inflate": 0.1}
				]
			},
			{
				"name": "body",
				"pivot": [0, 10.5, 0],
				"cubes": [
					{"origin": [-3, 8.999, -3], "size": [6, 9, 6], "uv": [0, 27]}
				]
			},
			{
				"name": "sittingRotationSkirt",
				"parent": "body",
				"pivot": [0, 10.5, 0]
			},
			{
				"name": "bone",
				"parent": "sittingRotationSkirt",
				"pivot": [0, 14.5, 0]
			},
			{
				"name": "bone2",
				"parent": "bone",
				"pivot": [0, 4, 0]
			},
			{
				"name": "bone3",
				"parent": "bone2",
				"pivot": [0, 4, 5.27792],
				"rotation": [26, 0, 0]
			},
			{
				"name": "bone4",
				"parent": "bone3",
				"pivot": [0, 4, 5.27792],
				"rotation": [0, -45, 0],
				"cubes": [
					{"origin": [-1, 4, 4.27792], "size": [2, 6, 2], "uv": [59, 36]}
				]
			},
			{
				"name": "bone5",
				"parent": "bone",
				"pivot": [0, 4, 0],
				"rotation": [0, -30, 0]
			},
			{
				"name": "bone6",
				"parent": "bone5",
				"pivot": [0, 4, 5.27792],
				"rotation": [26, 0, 0]
			},
			{
				"name": "bone7",
				"parent": "bone6",
				"pivot": [0, 4, 5.27792],
				"rotation": [0, -45, 0],
				"cubes": [
					{"origin": [-1, 4, 4.27792], "size": [2, 6, 2], "uv": [57, 44]}
				]
			},
			{
				"name": "bone8",
				"parent": "bone",
				"pivot": [0, 4, 0],
				"rotation": [0, -60, 0]
			},
			{
				"name": "bone9",
				"parent": "bone8",
				"pivot": [0, 4, 5.27792],
				"rotation": [26, 0, 0]
			},
			{
				"name": "bone10",
				"parent": "bone9",
				"pivot": [0, 4, 5.27792],
				"rotation": [0, -45, 0],
				"cubes": [
					{"origin": [-1, 4, 4.27792], "size": [2, 6, 2], "uv": [30, 57]}
				]
			},
			{
				"name": "bone11",
				"parent": "bone",
				"pivot": [0, 4, 0],
				"rotation": [0, -90, 0]
			},
			{
				"name": "bone12",
				"parent": "bone11",
				"pivot": [0, 4, 5.27792],
				"rotation": [26, 0, 0]
			},
			{
				"name": "bone13",
				"parent": "bone12",
				"pivot": [0, 4, 5.27792],
				"rotation": [0, -45, 0],
				"cubes": [
					{"origin": [-1, 4, 4.27792], "size": [2, 6, 2], "uv": [8, 57]}
				]
			},
			{
				"name": "bone14",
				"parent": "bone",
				"pivot": [0, 4, 0],
				"rotation": [0, -120, 0]
			},
			{
				"name": "bone15",
				"parent": "bone14",
				"pivot": [0, 4, 5.27792],
				"rotation": [26, 0, 0]
			},
			{
				"name": "bone16",
				"parent": "bone15",
				"pivot": [0, 4, 5.27792],
				"rotation": [0, -45, 0],
				"cubes": [
					{"origin": [-1, 4, 4.27792], "size": [2, 6, 2], "uv": [42, 56]}
				]
			},
			{
				"name": "bone17",
				"parent": "bone",
				"pivot": [0, 4, 0],
				"rotation": [0, -150, 0]
			},
			{
				"name": "bone18",
				"parent": "bone17",
				"pivot": [0, 4, 5.27792],
				"rotation": [26, 0, 0]
			},
			{
				"name": "bone19",
				"parent": "bone18",
				"pivot": [0, 4, 5.27792],
				"rotation": [0, -45, 0],
				"cubes": [
					{"origin": [-1, 4, 4.27792], "size": [2, 6, 2], "uv": [56, 16]}
				]
			},
			{
				"name": "bone20",
				"parent": "bone",
				"pivot": [0, 4, 0],
				"rotation": [0, -180, 0]
			},
			{
				"name": "bone21",
				"parent": "bone20",
				"pivot": [0, 4, 5.27792],
				"rotation": [26, 0, 0]
			},
			{
				"name": "bone22",
				"parent": "bone21",
				"pivot": [0, 4, 5.27792],
				"rotation": [0, -45, 0],
				"cubes": [
					{"origin": [-1, 4, 4.27792], "size": [2, 6, 2], "uv": [55, 54]}
				]
			},
			{
				"name": "bone23",
				"parent": "bone",
				"pivot": [0, 4, 0],
				"rotation": [0, -210, 0]
			},
			{
				"name": "bone24",
				"parent": "bone23",
				"pivot": [0, 4, 5.27792],
				"rotation": [26, 0, 0]
			},
			{
				"name": "bone25",
				"parent": "bone24",
				"pivot": [0, 4, 5.27792],
				"rotation": [0, -45, 0],
				"cubes": [
					{"origin": [-1, 4, 4.27792], "size": [2, 6, 2], "uv": [22, 55]}
				]
			},
			{
				"name": "bone26",
				"parent": "bone",
				"pivot": [0, 4, 0],
				"rotation": [0, -240, 0]
			},
			{
				"name": "bone27",
				"parent": "bone26",
				"pivot": [0, 4, 5.27792],
				"rotation": [26, 0, 0]
			},
			{
				"name": "bone28",
				"parent": "bone27",
				"pivot": [0, 4, 5.27792],
				"rotation": [0, -45, 0],
				"cubes": [
					{"origin": [-1, 4, 4.27792], "size": [2, 6, 2], "uv": [0, 55]}
				]
			},
			{
				"name": "bone29",
				"parent": "bone",
				"pivot": [0, 4, 0],
				"rotation": [0, -270, 0]
			},
			{
				"name": "bone30",
				"parent": "bone29",
				"pivot": [0, 4, 5.27792],
				"rotation": [26, 0, 0]
			},
			{
				"name": "bone31",
				"parent": "bone30",
				"pivot": [0, 4, 5.27792],
				"rotation": [0, -45, 0],
				"cubes": [
					{"origin": [-1, 4, 4.27792], "size": [2, 6, 2], "uv": [54, 28]}
				]
			},
			{
				"name": "bone32",
				"parent": "bone",
				"pivot": [0, 4, 0],
				"rotation": [0, -300, 0]
			},
			{
				"name": "bone33",
				"parent": "bone32",
				"pivot": [0, 4, 5.27792],
				"rotation": [26, 0, 0]
			},
			{
				"name": "bone34",
				"parent": "bone33",
				"pivot": [0, 4, 5.27792],
				"rotation": [0, -45, 0],
				"cubes": [
					{"origin": [-1, 4, 4.27792], "size": [2, 6, 2], "uv": [52, 8]}
				]
			},
			{
				"name": "bone35",
				"parent": "bone",
				"pivot": [0, 4, 0],
				"rotation": [0, -330, 0]
			},
			{
				"name": "bone36",
				"parent": "bone35",
				"pivot": [0, 4, 5.27792],
				"rotation": [26, 0, 0]
			},
			{
				"name": "bone37",
				"parent": "bone36",
				"pivot": [0, 4, 5.27792],
				"rotation": [0, -45, 0],
				"cubes": [
					{"origin": [-1, 4, 4.27792], "size": [2, 6, 2], "uv": [52, 0]}
				]
			},
			{
				"name": "bone38",
				"parent": "sittingRotationSkirt",
				"pivot": [0, 13.5, 0]
			},
			{
				"name": "bone39",
				"parent": "bone38",
				"pivot": [0, 3, 0]
			},
			{
				"name": "bone40",
				"parent": "bone39",
				"pivot": [0, 3, 4.81637],
				"rotation": [28, 0, 0]
			},
			{
				"name": "bone41",
				"parent": "bone40",
				"pivot": [0, 3, 4.81637],
				"rotation": [0, -45, 0],
				"cubes": [
					{"origin": [-1, 3, 3.81637], "size": [2, 6, 2], "uv": [51, 38]}
				]
			},
			{
				"name": "bone42",
				"parent": "bone38",
				"pivot": [0, 3, 0],
				"rotation": [0, -32.72727, 0]
			},
			{
				"name": "bone43",
				"parent": "bone42",
				"pivot": [0, 3, 4.81637],
				"rotation": [28, 0, 0]
			},
			{
				"name": "bone44",
				"parent": "bone43",
				"pivot": [0, 3, 4.81637],
				"rotation": [0, -45, 0],
				"cubes": [
					{"origin": [-1, 3, 3.81637], "size": [2, 6, 2], "uv": [36, 50]}
				]
			},
			{
				"name": "bone45",
				"parent": "bone38",
				"pivot": [0, 3, 0],
				"rotation": [0, -65.45455, 0]
			},
			{
				"name": "bone46",
				"parent": "bone45",
				"pivot": [0, 3, 4.81637],
				"rotation": [28, 0, 0]
			},
			{
				"name": "bone47",
				"parent": "bone46",
				"pivot": [0, 3, 4.81637],
				"rotation": [0, -45, 0],
				"cubes": [
					{"origin": [-1, 3, 3.81637], "size": [2, 6, 2], "uv": [49, 48]}
				]
			},
			{
				"name": "bone48",
				"parent": "bone38",
				"pivot": [0, 3, 0],
				"rotation": [0, -98.18182, 0]
			},
			{
				"name": "bone49",
				"parent": "bone48",
				"pivot": [0, 3, 4.81637],
				"rotation": [28, 0, 0]
			},
			{
				"name": "bone50",
				"parent": "bone49",
				"pivot": [0, 3, 4.81637],
				"rotation": [0, -45, 0],
				"cubes": [
					{"origin": [-1, 3, 3.81637], "size": [2, 6, 2], "uv": [28, 49]}
				]
			},
			{
				"name": "bone51",
				"parent": "bone38",
				"pivot": [0, 3, 0],
				"rotation": [0, -130.90909, 0]
			},
			{
				"name": "bone52",
				"parent": "bone51",
				"pivot": [0, 3, 4.81637],
				"rotation": [28, 0, 0]
			},
			{
				"name": "bone53",
				"parent": "bone52",
				"pivot": [0, 3, 4.81637],
				"rotation": [0, -45, 0],
				"cubes": [
					{"origin": [-1, 3, 3.81637], "size": [2, 6, 2], "uv": [16, 49]}
				]
			},
			{
				"name": "bone54",
				"parent": "bone38",
				"pivot": [0, 3, 0],
				"rotation": [0, -163.63636, 0]
			},
			{
				"name": "bone55",
				"parent": "bone54",
				"pivot": [0, 3, 4.81637],
				"rotation": [28, 0, 0]
			},
			{
				"name": "bone56",
				"parent": "bone55",
				"pivot": [0, 3, 4.81637],
				"rotation": [0, -45, 0],
				"cubes": [
					{"origin": [-1, 3, 3.81637], "size": [2, 6, 2], "uv": [8, 49]}
				]
			},
			{
				"name": "bone57",
				"parent": "bone38",
				"pivot": [0, 3, 0],
				"rotation": [0, -196.36364, 0]
			},
			{
				"name": "bone58",
				"parent": "bone57",
				"pivot": [0, 3, 4.81637],
				"rotation": [28, 0, 0]
			},
			{
				"name": "bone59",
				"parent": "bone58",
				"pivot": [0, 3, 4.81637],
				"rotation": [0, -45, 0],
				"cubes": [
					{"origin": [-1, 3, 3.81637], "size": [2, 6, 2], "uv": [48, 19]}
				]
			},
			{
				"name": "bone60",
				"parent": "bone38",
				"pivot": [0, 3, 0],
				"rotation": [0, -229.09091, 0]
			},
			{
				"name": "bone61",
				"parent": "bone60",
				"pivot": [0, 3, 4.81637],
				"rotation": [28, 0, 0]
			},
			{
				"name": "bone62",
				"parent": "bone61",
				"pivot": [0, 3, 4.81637],
				"rotation": [0, -45, 0],
				"cubes": [
					{"origin": [-1, 3, 3.81637], "size": [2, 6, 2], "uv": [0, 47]}
				]
			},
			{
				"name": "bone63",
				"parent": "bone38",
				"pivot": [0, 3, 0],
				"rotation": [0, -261.81818, 0]
			},
			{
				"name": "bone64",
				"parent": "bone63",
				"pivot": [0, 3, 4.81637],
				"rotation": [28, 0, 0]
			},
			{
				"name": "bone65",
				"parent": "bone64",
				"pivot": [0, 3, 4.81637],
				"rotation": [0, -45, 0],
				"cubes": [
					{"origin": [-1, 3, 3.81637], "size": [2, 6, 2], "uv": [30, 41]}
				]
			},
			{
				"name": "bone66",
				"parent": "bone38",
				"pivot": [0, 3, 0],
				"rotation": [0, -294.54545, 0]
			},
			{
				"name": "bone67",
				"parent": "bone66",
				"pivot": [0, 3, 4.81637],
				"rotation": [28, 0, 0]
			},
			{
				"name": "bone68",
				"parent": "bone67",
				"pivot": [0, 3, 4.81637],
				"rotation": [0, -45, 0],
				"cubes": [
					{"origin": [-1, 3, 3.81637], "size": [2, 6, 2], "uv": [24, 30]}
				]
			},
			{
				"name": "bone69",
				"parent": "bone38",
				"pivot": [0, 3, 0],
				"rotation": [0, -327.27273, 0]
			},
			{
				"name": "bone70",
				"parent": "bone69",
				"pivot": [0, 3, 4.81637],
				"rotation": [28, 0, 0]
			},
			{
				"name": "bone71",
				"parent": "bone70",
				"pivot": [0, 3, 4.81637],
				"rotation": [0, -45, 0],
				"cubes": [
					{"origin": [-1, 3, 3.81637], "size": [2, 6, 2], "uv": [0, 11]}
				]
			},
			{
				"name": "beibao",
				"parent": "body",
				"pivot": [-5, 14.5, 0],
				"rotation": [0, 0, 40]
			},
			{
				"name": "bone81",
				"parent": "beibao",
				"pivot": [-5, 14.5, 0],
				"cubes": [
					{"origin": [-2, 22.5, -3], "size": [1, 0, 6], "uv": [0, 0]}
				]
			},
			{
				"name": "bone82",
				"parent": "beibao",
				"pivot": [-5, 14.5, 0],
				"rotation": [-5, 0, 0],
				"cubes": [
					{"origin": [-2, 12.36, -3.656], "size": [1, 10, 0], "uv": [38, 0]}
				]
			},
			{
				"name": "bone83",
				"parent": "beibao",
				"pivot": [-5, 14.5, 0],
				"rotation": [5, 0, 0],
				"cubes": [
					{"origin": [-2, 12.36, 3.656], "size": [1, 10, 0], "uv": [8, 0]}
				]
			},
			{
				"name": "bone84",
				"parent": "beibao",
				"pivot": [-5, 14.5, 0],
				"cubes": [
					{"origin": [-2, 10.5, -4], "size": [1, 3, 8], "uv": [24, 30]}
				]
			},
			{
				"name": "legLeft",
				"pivot": [2, 9, 0],
				"cubes": [
					{"origin": [0.499, 0, -1.5], "size": [3, 9, 3], "uv": [40, 0]}
				]
			},
			{
				"name": "bone90",
				"parent": "legLeft",
				"pivot": [2, 9, 0],
				"cubes": [
					{"origin": [0.499, 0, -1.5], "size": [3, 2, 3], "uv": [9, 44], "inflate": 0.2}
				]
			},
			{
				"name": "bone92",
				"parent": "legLeft",
				"pivot": [2, 15, 0],
				"cubes": [
					{"origin": [0.499, 6, -1.5], "size": [3, 1, 3], "uv": [43, 34], "inflate": 0.1}
				]
			},
			{
				"name": "legRight",
				"pivot": [-2, 9, 0],
				"cubes": [
					{"origin": [-3.499, 0, -1.5], "size": [3, 9, 3], "uv": [39, 38]}
				]
			},
			{
				"name": "bone91",
				"parent": "legRight",
				"pivot": [-2, 9, 0],
				"cubes": [
					{"origin": [-3.499, 0, -1.5], "size": [3, 2, 3], "uv": [0, 42], "inflate": 0.1}
				]
			}
		]
	}
}