{
	"format_version": "1.10.0",
	"geometry.model": {
		"texturewidth": 64,
		"textureheight": 64,
		"visible_bounds_width": 3,
		"visible_bounds_height": 4,
		"visible_bounds_offset": [0, 1, 0],
		"bones": [
			{
				"name": "head",
				"pivot": [0, 18, 0],
				"cubes": [
					{"origin": [-4, 18, -4], "size": [8, 8, 8], "uv": [0, 0]},
					{"origin": [4, 24, 0], "size": [1, 1, 1], "uv": [18, 20]},
					{"origin": [-5, 24, 0], "size": [1, 1, 1], "uv": [0, 20]}
				]
			},
			{
				"name": "blink",
				"parent": "head",
				"pivot": [0, 18, 0],
				"cubes": [
					{"origin": [-4, 18, -4.001], "size": [8, 8, 0], "uv": [24, 0]}
				]
			},
			{
				"name": "bone18",
				"parent": "head",
				"pivot": [0, 18, 0]
			},
			{
				"name": "bone19",
				"parent": "head",
				"pivot": [0, 18, 0],
				"rotation": [0, 0, 10],
				"cubes": [
					{"origin": [-5, 24, -3], "size": [1, 4, 1], "uv": [45, 28]}
				]
			},
			{
				"name": "bone20",
				"parent": "bone19",
				"pivot": [1, 18, 0],
				"rotation": [0, 0, -15],
				"cubes": [
					{"origin": [-2, 25, -3], "size": [1, 4, 1], "uv": [44, 7]}
				]
			},
			{
				"name": "bone21",
				"parent": "head",
				"pivot": [0, 18, 0],
				"rotation": [0, 0, 10],
				"cubes": [
					{"origin": [-0.07596, 24.86824, -3], "size": [1, 4, 1], "uv": [43, 41]}
				]
			},
			{
				"name": "bone22",
				"parent": "bone21",
				"pivot": [1, 18, 0],
				"rotation": [0, 0, -15],
				"cubes": [
					{"origin": [2.98097, 24.56422, -3], "size": [1, 4, 1], "uv": [43, 36]}
				]
			},
			{
				"name": "bone23",
				"parent": "head",
				"pivot": [0, 18, 0],
				"cubes": [
					{"origin": [-4, 17, 4], "size": [8, 1, 0], "uv": [33, 18]},
					{"origin": [-4, 16, 4], "size": [8, 1, 0], "uv": [33, 17]},
					{"origin": [-4, 15, 4], "size": [8, 1, 0], "uv": [33, 16]}
				]
			},
			{
				"name": "bone24",
				"parent": "head",
				"pivot": [0, 18, 0],
				"cubes": [
					{"origin": [-4, 26, -4], "size": [8, 0.5, 1], "uv": [29, 28]},
					{"origin": [-3, 26, -4], "size": [6, 1, 1], "uv": [36, 26]}
				]
			},
			{
				"name": "bone25",
				"parent": "head",
				"pivot": [0, 18, 0],
				"cubes": [
					{"origin": [-0.3, 26, -1], "size": [0.3, 2, 0.2], "uv": [0, 0]}
				]
			},
			{
				"name": "bone26",
				"parent": "head",
				"pivot": [2, 17, 1],
				"rotation": [0, 0, 20],
				"cubes": [
					{"origin": [-7, 19, 1], "size": [2, 3, 1], "uv": [18, 16]}
				]
			},
			{
				"name": "bone27",
				"parent": "head",
				"pivot": [13, 23, 1],
				"rotation": [0, 0, -20],
				"cubes": [
					{"origin": [4, 25, 1], "size": [2, 3, 1], "uv": [0, 16]}
				]
			},
			{
				"name": "armRight",
				"pivot": [-3, 17.5, 0],
				"rotation": [0, 0, 25],
				"cubes": [
					{"origin": [-5, 8.5, -1], "size": [2, 8, 2], "uv": [33, 29]},
					{"origin": [-5.5, 12.5, -1.5], "size": [3, 5, 3], "uv": [32, 8]}
				]
			},
			{
				"name": "armLeft",
				"pivot": [3, 17.5, 0],
				"rotation": [0, 0, -25],
				"cubes": [
					{"origin": [2.5, 12.5, -1.5], "size": [3, 5, 3], "uv": [0, 31]},
					{"origin": [3, 8.5, -1], "size": [2, 8, 2], "uv": [12, 31]}
				]
			},
			{
				"name": "body",
				"pivot": [0, 10.5, 0],
				"cubes": [
					{"origin": [-3, 8.999, -3], "size": [6, 9, 6], "uv": [0, 16]}
				]
			},
			{
				"name": "sittingRotationSkirt",
				"parent": "body",
				"pivot": [0, 15.5, 0]
			},
			{
				"name": "bone",
				"parent": "sittingRotationSkirt",
				"pivot": [0, 15.5, 0]
			},
			{
				"name": "bone2",
				"parent": "bone",
				"pivot": [0, 5, 0]
			},
			{
				"name": "bone3",
				"parent": "bone2",
				"pivot": [0, 5, 4.45813],
				"rotation": [12, 0, 0],
				"cubes": [
					{"origin": [-2.5, 4.59288, 4.45813], "size": [5, 7, 0], "uv": [40, 0]}
				]
			},
			{
				"name": "bone4",
				"parent": "bone3",
				"pivot": [-2.5, 4.59288, 4.45813],
				"rotation": [0, 0, 11.74513],
				"cubes": [
					{"origin": [-4.5, 4.59288, 4.45713], "size": [2, 7, 0], "uv": [41, 29]}
				]
			},
			{
				"name": "bone5",
				"parent": "bone3",
				"pivot": [2.5, 4.59288, 4.45813],
				"rotation": [0, 0, -11.74513],
				"cubes": [
					{"origin": [2.5, 4.59288, 4.45913], "size": [2, 7, 0], "uv": [14, 41]}
				]
			},
			{
				"name": "bone6",
				"parent": "bone",
				"pivot": [0, 5, 0],
				"rotation": [0, -90, 0]
			},
			{
				"name": "bone7",
				"parent": "bone6",
				"pivot": [0, 5, 4.45813],
				"rotation": [12, 0, 0],
				"cubes": [
					{"origin": [-2.5, 4.59288, 4.45813], "size": [5, 7, 0], "uv": [33, 39]}
				]
			},
			{
				"name": "bone8",
				"parent": "bone7",
				"pivot": [-2.5, 4.59288, 4.45813],
				"rotation": [0, 0, 11.74513],
				"cubes": [
					{"origin": [-4.5, 4.59288, 4.45713], "size": [2, 7, 0], "uv": [10, 41]}
				]
			},
			{
				"name": "bone9",
				"parent": "bone7",
				"pivot": [2.5, 4.59288, 4.45813],
				"rotation": [0, 0, -11.74513],
				"cubes": [
					{"origin": [2.5, 4.59288, 4.45913], "size": [2, 7, 0], "uv": [28, 40]}
				]
			},
			{
				"name": "bone10",
				"parent": "bone",
				"pivot": [0, 5, 0],
				"rotation": [0, -180, 0]
			},
			{
				"name": "bone11",
				"parent": "bone10",
				"pivot": [0, 5, 4.45813],
				"rotation": [12, 0, 0],
				"cubes": [
					{"origin": [-2.5, 4.59288, 4.45813], "size": [5, 7, 0], "uv": [0, 39]}
				]
			},
			{
				"name": "bone12",
				"parent": "bone11",
				"pivot": [-2.5, 4.59288, 4.45813],
				"rotation": [0, 0, 11.74513],
				"cubes": [
					{"origin": [-4.5, 4.59288, 4.45713], "size": [2, 7, 0], "uv": [24, 40]}
				]
			},
			{
				"name": "bone13",
				"parent": "bone11",
				"pivot": [2.5, 4.59288, 4.45813],
				"rotation": [0, 0, -11.74513],
				"cubes": [
					{"origin": [2.5, 4.59288, 4.45913], "size": [2, 7, 0], "uv": [20, 40]}
				]
			},
			{
				"name": "bone14",
				"parent": "bone",
				"pivot": [0, 5, 0],
				"rotation": [0, -270, 0]
			},
			{
				"name": "bone15",
				"parent": "bone14",
				"pivot": [0, 5, 4.45813],
				"rotation": [12, 0, 0],
				"cubes": [
					{"origin": [-2.5, 4.59288, 4.45813], "size": [5, 7, 0], "uv": [36, 19]}
				]
			},
			{
				"name": "bone16",
				"parent": "bone15",
				"pivot": [-2.5, 4.59288, 4.45813],
				"rotation": [0, 0, 11.74513],
				"cubes": [
					{"origin": [-4.5, 4.59288, 4.45713], "size": [2, 7, 0], "uv": [4, 0]}
				]
			},
			{
				"name": "bone17",
				"parent": "bone15",
				"pivot": [2.5, 4.59288, 4.45813],
				"rotation": [0, 0, -11.74513],
				"cubes": [
					{"origin": [2.5, 4.59288, 4.45913], "size": [2, 7, 0], "uv": [0, 0]}
				]
			},
			{
				"name": "legLeft",
				"pivot": [2, 9, 0],
				"cubes": [
					{"origin": [0.499, 0, -1.5], "size": [3, 9, 3], "uv": [21, 28]}
				]
			},
			{
				"name": "legRight",
				"pivot": [-2, 9, 0],
				"cubes": [
					{"origin": [-3.499, 0, -1.5], "size": [3, 9, 3], "uv": [24, 16]}
				]
			}
		]
	}
}