{
	"pack_name": "{chair_pack.droneeee.name}",
	"author": ["goumo_g"],
	"icon": "droneeee:maid_icon.png",
	"date": "2021-08-04",
	"version": "1.0.1",
	"model_list": [
		{
			"model_id": "droneeee:holographic_solar_system",
			"mounted_height": 1,
			"tameable_can_ride": false,
			"no_gravity": true,
			"animation": ["droneeee:animation/holographic_solar_system.js"]
		},
		{
			"model_id": "droneeee:teacon",
			"mounted_height": 0,
			"no_gravity": true,
			"animation": ["droneeee:animation/teacon.js"]
		}
	]
}