{
	"format_version": "1.8.0",
	"animations": {
		"walk": {
			"loop": true,
			"animation_length": 1.5,
			"bones": {
				"qianzuo": {
					"rotation": {
						"0.0": [0, 0, 0],
						"0.375": [-22.5, 0, 0],
						"0.75": [0, 0, 0],
						"1.125": [22.5, 0, 0],
						"1.5": [0, 0, 0]
					}
				},
				"qianyou": {
					"rotation": {
						"0.0": [0, 0, 0],
						"0.375": [22.5, 0, 0],
						"0.75": [0, 0, 0],
						"1.125": [-22.5, 0, 0],
						"1.5": [0, 0, 0]
					}
				},
				"houzuo": {
					"rotation": {
						"0.0": [0, 0, 0],
						"0.375": [22.5, 0, 0],
						"0.75": [0, 0, 0],
						"1.125": [-22.5, 0, 0],
						"1.5": [0, 0, 0]
					}
				},
				"houyou": {
					"rotation": {
						"0.0": [0, 0, 0],
						"0.375": [-22.5, 0, 0],
						"0.75": [0, 0, 0],
						"1.125": [22.5, 0, 0],
						"1.5": [0, 0, 0]
					}
				}
			}
		},
		"run": {
			"loop": true,
			"animation_length": 0.70833,
			"bones": {
				"qianzuo": {
					"rotation": {
						"0.0": [0, 0, 0],
						"0.1667": [-22.5, 0, 0],
						"0.3333": [0, 0, 0],
						"0.5": [22.5, 0, 0],
						"0.7083": [0, 0, 0]
					}
				},
				"qianyou": {
					"rotation": {
						"0.0": [0, 0, 0],
						"0.1667": [22.5, 0, 0],
						"0.3333": [0, 0, 0],
						"0.5": [-22.5, 0, 0],
						"0.7083": [0, 0, 0]
					}
				},
				"houzuo": {
					"rotation": {
						"0.0": [0, 0, 0],
						"0.1667": [22.5, 0, 0],
						"0.3333": [0, 0, 0],
						"0.5": [-22.5, 0, 0],
						"0.7083": [0, 0, 0]
					}
				},
				"houyou": {
					"rotation": {
						"0.0": [0, 0, 0],
						"0.1667": [-22.5, 0, 0],
						"0.3333": [0, 0, 0],
						"0.5": [22.5, 0, 0],
						"0.7083": [0, 0, 0]
					}
				}
			}
		},
		"pre_parallel0": {
			"loop": true,
			"bones": {
				"LeftHandLocator": {
					"scale": 0
				},
				"RightHandLocator": {
					"scale": 0
				}
			}
		},
		"sneak": {
			"loop": true,
			"bones": {
				"Head": {
					"position": [0, -16, 0]
				},
				"jio": {
					"scale": 0
				},
				"shen": {
					"scale": 0
				}
			}
		},
		"sneaking": {
			"loop": true,
			"bones": {
				"Head": {
					"position": [0, -16, 0]
				},
				"jio": {
					"scale": 0
				},
				"shen": {
					"scale": 0
				}
			}
		}
	}
}