{
	"format_version": "1.12.0",
	"minecraft:geometry": [
		{
			"description": {
				"identifier": "geometry.unknown",
				"texture_width": 64,
				"texture_height": 64,
				"visible_bounds_width": 2,
				"visible_bounds_height": 3.5,
				"visible_bounds_offset": [0, 1.25, 0],
				"ysm_height_scale": 1,
				"ysm_width_scale": 1,
				"ysm_extra_info": {
					"name": "苦↓力↑怕↓",
					"tips": "见识艺术 理解艺术 成为艺术",
					"authors": ["每天都睡不醒的秋风"],
					"license": "CC BY-NC-SA 4.0"
				}
			},
			"bones": [
				{
					"name": "Root",
					"pivot": [0, 12, 0]
				},
				{
					"name": "Head",
					"parent": "Root",
					"pivot": [0, 18, 0],
					"cubes": [
						{"origin": [-4, 18, -4], "size": [8, 8, 8], "uv": [0, 0]}
					]
				},
				{
					"name": "jio",
					"parent": "Root",
					"pivot": [2, 0, 1]
				},
				{
					"name": "qianzuo",
					"parent": "jio",
					"pivot": [2, 6, -2],
					"cubes": [
						{"origin": [0, 0, -6], "size": [4, 6, 4], "uv": [32, 0]}
					]
				},
				{
					"name": "qianyou",
					"parent": "jio",
					"pivot": [-2, 6, -2],
					"cubes": [
						{"origin": [-4, 0, -6], "size": [4, 6, 4], "uv": [32, 0]}
					]
				},
				{
					"name": "houzuo",
					"parent": "jio",
					"pivot": [2, 6, 2],
					"cubes": [
						{"origin": [0, 0, 2], "size": [4, 6, 4], "uv": [32, 0]}
					]
				},
				{
					"name": "houyou",
					"parent": "jio",
					"pivot": [-2, 6, 2],
					"cubes": [
						{"origin": [-4, 0, 2], "size": [4, 6, 4], "uv": [32, 0]}
					]
				},
				{
					"name": "shen",
					"parent": "Root",
					"pivot": [0, 12, 0],
					"cubes": [
						{"origin": [-4, 6, -2], "size": [8, 12, 4], "uv": [0, 16]}
					]
				},
				{
					"name": "LeftHandLocator",
					"pivot": [4.125, 19.575, 0.025]
				},
				{
					"name": "RightHandLocator",
					"pivot": [-4.125, 19.575, 0.025]
				}
			]
		}
	]
}