{
	"format_version": "1.8.0",
	"animations": {
		"jump": {
			"loop": true,
			"animation_length": 0.75,
			"bones": {
				"UpBody": {
					"rotation": [0, 0, 0]
				},
				"UpperBody": {
					"rotation": {
						"0.0": [0, 0, 0],
						"0.0417": [0.08, 0, 0],
						"0.0833": [0.19, 0, 0],
						"0.125": [0.33, 0, 0],
						"0.1667": [0.49, 0, 0],
						"0.2083": [0.64, 0, 0],
						"0.25": [0.78, 0, 0],
						"0.2917": [0.89, 0, 0],
						"0.3333": [0.97, 0, 0],
						"0.375": [1, 0, 0],
						"0.4167": [0.97, 0, 0],
						"0.4583": [0.9, 0, 0],
						"0.5": [0.78, 0, 0],
						"0.5417": [0.64, 0, 0],
						"0.5833": [0.49, 0, 0],
						"0.625": [0.34, 0, 0],
						"0.6667": [0.2, 0, 0],
						"0.7083": [0.08, 0, 0],
						"0.75": [0, 0, 0]
					}
				},
				"LeftArm": {
					"rotation": {
						"0.0": [-6.8, 3.16, -40.19],
						"0.0417": [-6.89, 3.15, -40.32],
						"0.0833": [-7.03, 3.12, -40.52],
						"0.125": [-7.2, 3.09, -40.76],
						"0.1667": [-7.36, 3.06, -41.01],
						"0.2083": [-7.5, 3.04, -41.22],
						"0.25": [-7.6, 3.02, -41.37],
						"0.2917": [-7.62, 3.01, -41.43],
						"0.3333": [-7.54, 3.02, -41.35],
						"0.375": [-7.36, 3.05, -41.15],
						"0.4167": [-7.12, 3.08, -40.89],
						"0.4583": [-6.88, 3.11, -40.6],
						"0.5": [-6.68, 3.14, -40.35],
						"0.5417": [-6.55, 3.16, -40.19],
						"0.5833": [-6.52, 3.17, -40.11],
						"0.625": [-6.57, 3.17, -40.1],
						"0.6667": [-6.66, 3.17, -40.13],
						"0.7083": [-6.75, 3.16, -40.17],
						"0.75": [-6.8, 3.16, -40.19]
					}
				},
				"LeftForeArm": {
					"rotation": {
						"0.0": [-35, 0, 0],
						"0.0417": [-35.04, 0, 0],
						"0.0833": [-35.1, 0, 0],
						"0.125": [-35.17, 0, 0],
						"0.1667": [-35.24, 0, 0],
						"0.2083": [-35.32, 0, 0],
						"0.25": [-35.39, 0, 0],
						"0.2917": [-35.45, 0, 0],
						"0.3333": [-35.49, 0, 0],
						"0.375": [-35.5, 0, 0],
						"0.4167": [-35.48, 0, 0],
						"0.4583": [-35.44, 0, 0],
						"0.5": [-35.38, 0, 0],
						"0.5417": [-35.3, 0, 0],
						"0.5833": [-35.22, 0, 0],
						"0.625": [-35.14, 0, 0],
						"0.6667": [-35.07, 0, 0],
						"0.7083": [-35.02, 0, 0],
						"0.75": [-35, 0, 0]
					}
				},
				"RightArm": {
					"rotation": {
						"0.0": [-6.8, -3.16, 40.19],
						"0.0417": [-6.87, -3.15, 40.29],
						"0.0833": [-6.96, -3.13, 40.43],
						"0.125": [-7.08, -3.11, 40.6],
						"0.1667": [-7.2, -3.09, 40.79],
						"0.2083": [-7.33, -3.07, 40.98],
						"0.25": [-7.44, -3.05, 41.15],
						"0.2917": [-7.53, -3.03, 41.3],
						"0.3333": [-7.6, -3.02, 41.4],
						"0.375": [-7.62, -3.01, 41.43],
						"0.4167": [-7.59, -3.02, 41.39],
						"0.4583": [-7.52, -3.03, 41.27],
						"0.5": [-7.41, -3.05, 41.11],
						"0.5417": [-7.28, -3.08, 40.91],
						"0.5833": [-7.15, -3.1, 40.71],
						"0.625": [-7.02, -3.12, 40.51],
						"0.6667": [-6.91, -3.14, 40.35],
						"0.7083": [-6.83, -3.16, 40.23],
						"0.75": [-6.8, -3.16, 40.19]
					}
				},
				"RightForeArm": {
					"rotation": {
						"0.0": [-35, 0, 0],
						"0.0417": [-35.04, 0, 0],
						"0.0833": [-35.1, 0, 0],
						"0.125": [-35.17, 0, 0],
						"0.1667": [-35.24, 0, 0],
						"0.2083": [-35.32, 0, 0],
						"0.25": [-35.39, 0, 0],
						"0.2917": [-35.45, 0, 0],
						"0.3333": [-35.49, 0, 0],
						"0.375": [-35.5, 0, 0],
						"0.4167": [-35.48, 0, 0],
						"0.4583": [-35.44, 0, 0],
						"0.5": [-35.38, 0, 0],
						"0.5417": [-35.3, 0, 0],
						"0.5833": [-35.22, 0, 0],
						"0.625": [-35.14, 0, 0],
						"0.6667": [-35.07, 0, 0],
						"0.7083": [-35.02, 0, 0],
						"0.75": [-35, 0, 0]
					}
				},
				"LeftLeg": {
					"rotation": {
						"0.0833": [-9, 0, 0],
						"0.125": [-8.98, -0.09, -0.01],
						"0.1667": [-8.95, -0.23, -0.02],
						"0.2083": [-8.91, -0.39, -0.04],
						"0.25": [-8.87, -0.56, -0.06],
						"0.2917": [-8.83, -0.73, -0.08],
						"0.3333": [-8.8, -0.87, -0.09],
						"0.375": [-8.78, -0.96, -0.1],
						"0.4167": [-8.77, -1, -0.11],
						"0.4583": [-8.78, -0.96, -0.1],
						"0.5": [-8.8, -0.87, -0.09],
						"0.5417": [-8.83, -0.73, -0.08],
						"0.5833": [-8.87, -0.56, -0.06],
						"0.625": [-8.91, -0.39, -0.04],
						"0.6667": [-8.95, -0.23, -0.02],
						"0.7083": [-8.98, -0.09, -0.01],
						"0.75": [-9, 0, 0]
					}
				},
				"LeftLowerLeg": {
					"rotation": {
						"0.125": [22.5, 0, 0],
						"0.1667": [22.73, 0, 0],
						"0.2083": [23.07, 0, 0],
						"0.25": [23.47, 0, 0],
						"0.2917": [23.91, 0, 0],
						"0.3333": [24.32, 0, 0],
						"0.375": [24.67, 0, 0],
						"0.4167": [24.91, 0, 0],
						"0.4583": [25, 0, 0],
						"0.5": [24.88, 0, 0],
						"0.5417": [24.58, 0, 0],
						"0.5833": [24.15, 0, 0],
						"0.625": [23.66, 0, 0],
						"0.6667": [23.18, 0, 0],
						"0.7083": [22.77, 0, 0],
						"0.75": [22.5, 0, 0]
					}
				},
				"LeftFoot": {
					"rotation": [43, 0, 0]
				},
				"RightLeg": {
					"rotation": {
						"0.0": [-66.5, 0, 0],
						"0.0417": [-66.34, 0, 0],
						"0.0833": [-66.11, 0, 0],
						"0.125": [-65.83, 0, 0],
						"0.1667": [-65.53, 0, 0],
						"0.2083": [-65.22, 0, 0],
						"0.25": [-64.94, 0, 0],
						"0.2917": [-64.71, 0, 0],
						"0.3333": [-64.56, 0, 0],
						"0.375": [-64.5, 0, 0],
						"0.4167": [-64.56, 0, 0],
						"0.4583": [-64.71, 0, 0],
						"0.5": [-64.94, 0, 0],
						"0.5417": [-65.22, 0, 0],
						"0.5833": [-65.53, 0, 0],
						"0.625": [-65.83, 0, 0],
						"0.6667": [-66.11, 0, 0],
						"0.7083": [-66.34, 0, 0],
						"0.75": [-66.5, 0, 0]
					}
				},
				"RightLowerLeg": {
					"rotation": {
						"0.0833": [120, 0, 0],
						"0.125": [119.61, 0, 0],
						"0.1667": [119.03, 0, 0],
						"0.2083": [118.33, 0, 0],
						"0.25": [117.57, 0, 0],
						"0.2917": [116.81, 0, 0],
						"0.3333": [116.11, 0, 0],
						"0.375": [115.53, 0, 0],
						"0.4167": [115.14, 0, 0],
						"0.4583": [115, 0, 0],
						"0.5": [115.23, 0, 0],
						"0.5417": [115.85, 0, 0],
						"0.5833": [116.71, 0, 0],
						"0.625": [117.68, 0, 0],
						"0.6667": [118.64, 0, 0],
						"0.7083": [119.46, 0, 0],
						"0.75": [120, 0, 0]
					}
				},
				"RightFoot": {
					"rotation": {
						"0.0": [-2, 0, 0],
						"0.0417": [-1.8, 0, 0],
						"0.0833": [-1.52, 0, 0],
						"0.125": [-1.17, 0, 0],
						"0.1667": [-0.79, 0, 0],
						"0.2083": [-0.41, 0, 0],
						"0.25": [-0.06, 0, 0],
						"0.2917": [0.23, 0, 0],
						"0.3333": [0.43, 0, 0],
						"0.375": [0.5, 0, 0],
						"0.4167": [0.43, 0, 0],
						"0.4583": [0.23, 0, 0],
						"0.5": [-0.06, 0, 0],
						"0.5417": [-0.41, 0, 0],
						"0.5833": [-0.79, 0, 0],
						"0.625": [-1.17, 0, 0],
						"0.6667": [-1.52, 0, 0],
						"0.7083": [-1.8, 0, 0],
						"0.75": [-2, 0, 0]
					}
				},
				"Head": {
					"rotation": {
						"0.0": [0, 0, 0],
						"0.0417": [-0.08, 0, 0],
						"0.0833": [-0.19, 0, 0],
						"0.125": [-0.33, 0, 0],
						"0.1667": [-0.49, 0, 0],
						"0.2083": [-0.64, 0, 0],
						"0.25": [-0.78, 0, 0],
						"0.2917": [-0.89, 0, 0],
						"0.3333": [-0.97, 0, 0],
						"0.375": [-1, 0, 0],
						"0.4167": [-0.97, 0, 0],
						"0.4583": [-0.89, 0, 0],
						"0.5": [-0.78, 0, 0],
						"0.5417": [-0.64, 0, 0],
						"0.5833": [-0.49, 0, 0],
						"0.625": [-0.33, 0, 0],
						"0.6667": [-0.19, 0, 0],
						"0.7083": [-0.08, 0, 0],
						"0.75": [0, 0, 0]
					}
				},
				"DownBody": {
					"rotation": [0, 0, 0]
				},
				"bone36": {
					"scale": 0
				},
				"bone34": {
					"rotation": [-57.5, 0, 0],
					"position": [-5, 0.45, -1]
				},
				"bone35": {
					"rotation": [52.5, 0, 0],
					"position": [5, 0.7, 1.45]
				}
			}
		},
		"walk": {
			"loop": true,
			"animation_length": 1,
			"bones": {
				"Root": {
					"rotation": {
						"0.0": [0, 0, 0],
						"0.0833": [0, 0, 0],
						"0.1667": [0, 0, 0],
						"0.25": [0, 0, 0],
						"0.3333": [0, 0, 0],
						"0.4167": [0, 0, 0],
						"0.5": [0, 0, 0]
					},
					"position": {
						"0.0": [0, -0.5, 0],
						"0.0833": [0.06, -0.66, 0],
						"0.125": [0.1, -0.7, 0],
						"0.1667": [0.16, -0.63, 0],
						"0.25": [0.27, -0.39, 0],
						"0.3333": [0.24, -0.22, 0],
						"0.375": [0.2, -0.2, 0],
						"0.4167": [0.14, -0.27, 0],
						"0.5": [0, -0.5, 0],
						"0.5833": [-0.07, -0.67, 0],
						"0.625": [-0.1, -0.7, 0],
						"0.6667": [-0.16, -0.63, 0],
						"0.75": [-0.27, -0.39, 0],
						"0.8333": [-0.24, -0.22, 0],
						"0.875": [-0.2, -0.2, 0],
						"0.9167": [-0.14, -0.28, 0],
						"1.0": [0, -0.5, 0]
					},
					"scale": 1
				},
				"UpBody": {
					"rotation": {
						"0.0": [1, 0, -0.04],
						"0.0833": [1.03, -1.79, -0.29],
						"0.125": [1.03, -2.3, -0.36],
						"0.1667": [1.03, -2.25, -0.34],
						"0.25": [1.03, -1.87, -0.27],
						"0.3333": [1.01, -1.27, -0.17],
						"0.4167": [1, -0.6, -0.05],
						"0.5": [1, 0, 0.04],
						"0.5833": [1.03, 1.87, 0.31],
						"0.625": [1.03, 2.3, 0.36],
						"0.6667": [1.03, 2.24, 0.34],
						"0.75": [1.03, 1.82, 0.26],
						"0.8333": [1.02, 1.17, 0.15],
						"0.9167": [1, 0.5, 0.04],
						"1.0": [1, 0, -0.04]
					},
					"position": [0, 0, 0]
				},
				"UpperBody": {
					"rotation": {
						"0.0": [0, -2, 0],
						"0.0833": [0.02, -1.13, 0.78],
						"0.125": [0.02, -0.5, 1],
						"0.1667": [0.02, -0.24, 0.97],
						"0.25": [0.02, 0.41, 0.81],
						"0.3333": [0.01, 1.11, 0.55],
						"0.4167": [0, 1.69, 0.26],
						"0.5": [0, 2, 0],
						"0.5833": [0.02, 1.22, -0.81],
						"0.625": [0.02, 0.5, -1],
						"0.6667": [0.02, 0.24, -0.97],
						"0.75": [0.02, -0.47, -0.79],
						"0.8333": [0.01, -1.22, -0.51],
						"0.9167": [0, -1.81, -0.22],
						"1.0": [0, -2, 0]
					},
					"position": [0, 0, 0]
				},
				"LeftArm": {
					"rotation": {
						"0.0": [15, 0, 0],
						"0.0833": [11.04, 0, 0],
						"0.1667": [5, 0, 0],
						"0.25": [-1.87, 0, 0],
						"0.3333": [-8.33, 0, 0],
						"0.4167": [-13.12, 0, 0],
						"0.5": [-15, 0, 0],
						"0.5833": [-13.13, 0, 0],
						"0.6667": [-8.33, 0, 0],
						"0.75": [-1.87, 0, 0],
						"0.8333": [5, 0, 0],
						"0.9167": [11.04, 0, 0],
						"1.0": [15, 0, 0]
					},
					"position": [0, 0, 0]
				},
				"LeftForeArm": {
					"rotation": {
						"0.0": [-7.5, 0, 0],
						"0.0833": [-11.31, 0, 0],
						"0.1667": [-16.9, 0, 0],
						"0.25": [-22.31, 0, 0],
						"0.3333": [-25.59, 0, 0],
						"0.4167": [-24.71, 0, 0],
						"0.5": [-20, 0, 0],
						"0.5833": [-18.09, 0, 0],
						"0.6667": [-15.61, 0, 0],
						"0.75": [-12.94, 0, 0],
						"0.8333": [-10.46, 0, 0],
						"0.9167": [-8.52, 0, 0],
						"1.0": [-7.5, 0, 0]
					},
					"position": [0, 0, 0]
				},
				"RightArm": {
					"rotation": {
						"0.0": [-15, 0, 0],
						"0.0833": [-11.04, 0, 0],
						"0.1667": [-5, 0, 0],
						"0.25": [1.88, 0, 0],
						"0.3333": [8.33, 0, 0],
						"0.4167": [13.13, 0, 0],
						"0.5": [15, 0, 0],
						"0.5833": [12.84, 0, 0],
						"0.6667": [7.41, 0, 0],
						"0.75": [0.31, 0, 0],
						"0.8333": [-6.85, 0, 0],
						"0.9167": [-12.49, 0, 0],
						"1.0": [-15, 0, 0]
					},
					"position": [0, 0, 0]
				},
				"RightForeArm": {
					"rotation": {
						"0.0": [-7.5, 0, 0],
						"0.0833": [-8.94, 0, 0],
						"0.1667": [-11, 0, 0],
						"0.25": [-13.4, 0, 0],
						"0.3333": [-15.88, 0, 0],
						"0.4167": [-18.17, 0, 0],
						"0.5": [-20, 0, 0],
						"0.5833": [-24.71, 0, 0],
						"0.6667": [-25.59, 0, 0],
						"0.75": [-22.31, 0, 0],
						"0.8333": [-16.9, 0, 0],
						"0.9167": [-11.31, 0, 0],
						"1.0": [-7.5, 0, 0]
					},
					"position": [0, 0, 0]
				},
				"LeftLeg": {
					"rotation": {
						"0.0": [-30, -2, 0],
						"0.0833": [-28.65, -2.26, -0.45],
						"0.125": [-25.97, -2.36, -0.66],
						"0.1667": [-20.58, -2.4, -0.73],
						"0.25": [-5.97, -2.36, -0.87],
						"0.3333": [10.25, -2.1, -1.6],
						"0.375": [16.55, -1.96, -1.94],
						"0.4167": [20.33, -1.96, -2.25],
						"0.5": [21.55, -1.68, -2.41],
						"0.5833": [11.4, 0.38, -0.69],
						"0.625": [4.5, 1.21, 0.09],
						"0.6667": [-3.24, 1.36, 0.35],
						"0.75": [-17.99, 1, 0.35],
						"0.8333": [-21.82, 1.2, 0.36],
						"0.875": [-22.99, 0.98, 0.32],
						"0.9167": [-27.28, 0.09, 0.31],
						"1.0": [-30, -2, 0]
					},
					"position": {
						"0.0": [0, 0, 0],
						"0.0833": [0, 0, 0],
						"0.1667": [0, 0, 0],
						"0.25": [0, 0, 0],
						"0.3333": [0, 0, 0],
						"0.4167": [0, 0, 0],
						"0.5": [0, 0, 0],
						"0.5833": [0, 0, 0],
						"0.6667": [0, 0, 0],
						"0.75": [0, 0, 0],
						"0.8333": [0, 0, 0],
						"0.9167": [0, 0, 0],
						"1.0": [0, 0, 0]
					}
				},
				"LeftLowerLeg": {
					"rotation": {
						"0.0": [10, -0.19, -0.46],
						"0.0833": [17.57, -0.01, -0.17],
						"0.125": [20.5, 0.04, 0],
						"0.1667": [21.19, 0, 0.15],
						"0.25": [18, -0.17, 0.48],
						"0.3333": [5.05, -0.24, 0.92],
						"0.375": [0.51, -0.25, 1.03],
						"0.4167": [-0.12, -0.26, 0.99],
						"0.5": [8, -0.21, 0.64],
						"0.5833": [38.57, 0.12, -0.13],
						"0.625": [49.99, 0.24, -0.42],
						"0.6667": [51.25, 0.23, -0.47],
						"0.75": [40, 0.06, -0.34],
						"0.8333": [18.52, -0.12, -0.42],
						"0.875": [10, -0.19, -0.46],
						"0.9167": [7.78, -0.21, -0.47],
						"1.0": [10, -0.19, -0.46]
					},
					"position": {
						"0.0": [0, 0, 0],
						"0.0833": [0, 0, 0],
						"0.1667": [0, 0, 0],
						"0.25": [0, 0, 0],
						"0.3333": [0, 0, 0],
						"0.4167": [0, 0, 0],
						"0.5": [0, 0, 0],
						"0.5833": [0, 0, 0],
						"0.6667": [0, 0, 0],
						"0.75": [0, 0, 0],
						"0.8333": [0, 0, 0],
						"0.9167": [0, 0, 0],
						"1.0": [0, 0, 0]
					}
				},
				"LeftFoot": {
					"rotation": {
						"0.0": [-7.5, -0.25, -0.03],
						"0.0833": [2.94, -0.07, -0.03],
						"0.125": [5.5, 0.03, -0.01],
						"0.1667": [0.63, 0.1, 0.06],
						"0.25": [-12, 0.21, 0.15],
						"0.3333": [-0.48, 0.24, -0.14],
						"0.375": [5.49, 0.23, -0.34],
						"0.4167": [7, 0.23, -0.62],
						"0.5": [7.46, 0.2, -1.09],
						"0.5833": [16.45, 0.12, -0.76],
						"0.625": [17.49, 0.05, -0.53],
						"0.6667": [10.83, -0.05, -0.34],
						"0.75": [-7.5, -0.25, -0.03],
						"0.8333": [-9.35, -0.27, 0],
						"0.9167": [-8.43, -0.26, -0.01],
						"1.0": [-7.5, -0.25, -0.03]
					},
					"position": {
						"0.0": [0, 0, 0],
						"0.0833": [0, 0, 0],
						"0.1667": [0, 0, 0],
						"0.25": [0, 0, 0],
						"0.3333": [0, 0, 0],
						"0.4167": [0, 0, 0],
						"0.5": [0, 0, 0],
						"0.5833": [0, 0, 0],
						"0.6667": [0, 0, 0],
						"0.75": [0, 0, 0],
						"0.8333": [0, 0, 0],
						"0.9167": [0, 0, 0],
						"1.0": [0, 0, 0]
					}
				},
				"RightLeg": {
					"rotation": {
						"0.0": [21.55, 1.68, 2.41],
						"0.0833": [11.22, -0.37, 0.67],
						"0.125": [4.5, -1.21, -0.09],
						"0.1667": [-3.24, -1.36, -0.35],
						"0.25": [-17.99, -1, -0.35],
						"0.3333": [-21.82, -1.2, -0.36],
						"0.375": [-22.99, -0.98, -0.32],
						"0.4167": [-25.59, -0.11, -0.25],
						"0.5": [-30, 2, 0],
						"0.5833": [-28.91, 2.37, 0.46],
						"0.625": [-25.97, 2.36, 0.66],
						"0.6667": [-20.58, 2.4, 0.73],
						"0.75": [-5.97, 2.36, 0.87],
						"0.8333": [10.25, 2.1, 1.6],
						"0.875": [16.55, 1.96, 1.94],
						"0.9167": [19.7, 1.85, 2.16],
						"1.0": [21.55, 1.68, 2.41]
					},
					"position": {
						"0.0": [0, 0, 0],
						"0.0833": [0, 0, 0],
						"0.1667": [0, 0, 0],
						"0.25": [0, 0, 0],
						"0.3333": [0, 0, 0],
						"0.4167": [0, 0, 0],
						"0.5": [0, 0, 0],
						"0.5833": [0, 0, 0],
						"0.6667": [0, 0, 0],
						"0.75": [0, 0, 0],
						"0.8333": [0, 0, 0],
						"0.9167": [0, 0, 0],
						"1.0": [0, 0, 0]
					}
				},
				"RightLowerLeg": {
					"rotation": {
						"0.0": [3.01, -0.25, 0.95],
						"0.0833": [36.81, -0.26, 0.58],
						"0.125": [49.99, -0.24, 0.42],
						"0.1667": [51.62, -0.2, 0.35],
						"0.25": [40, -0.06, 0.34],
						"0.3333": [18.52, 0.12, 0.42],
						"0.375": [10, 0.19, 0.46],
						"0.4167": [7.39, 0.22, 0.49],
						"0.5": [10, 0.19, 0.46],
						"0.5833": [17.57, 0.01, 0.17],
						"0.625": [20.5, -0.04, 0],
						"0.6667": [21.19, 0, -0.15],
						"0.75": [18, 0.17, -0.48],
						"0.8333": [5.42, 0.27, -1.03],
						"0.875": [0.51, 0.25, -1.03],
						"0.9167": [-0.04, 0.11, -0.49],
						"1.0": [3.01, -0.25, 0.95]
					},
					"position": {
						"0.0": [0, 0, 0],
						"0.0833": [0, 0, 0],
						"0.1667": [0, 0, 0],
						"0.25": [0, 0, 0],
						"0.3333": [0, 0, 0],
						"0.4167": [0, 0, 0],
						"0.5": [0, 0, 0],
						"0.5833": [0, 0, 0],
						"0.6667": [0, 0, 0],
						"0.75": [0, 0, 0],
						"0.8333": [0, 0, 0],
						"0.9167": [0, 0, 0],
						"1.0": [0, 0, 0]
					}
				},
				"RightFoot": {
					"rotation": {
						"0.0": [7.46, -0.2, 1.09],
						"0.0833": [16.37, -0.12, 0.73],
						"0.125": [17.49, -0.05, 0.53],
						"0.1667": [10.83, 0.05, 0.34],
						"0.25": [-7.5, 0.25, 0.03],
						"0.3333": [-9.83, 0.28, 0],
						"0.4167": [-9.39, 0.28, 0.01],
						"0.5": [-7.5, 0.25, 0.03],
						"0.5833": [2.94, 0.07, 0.02],
						"0.625": [5.5, -0.03, 0.01],
						"0.6667": [0.63, -0.1, -0.06],
						"0.75": [-12, -0.21, -0.15],
						"0.8333": [-0.48, -0.24, 0.14],
						"0.875": [5.49, -0.23, 0.34],
						"0.9167": [7.37, -0.23, 0.6],
						"1.0": [7.46, -0.2, 1.09]
					},
					"position": {
						"0.0": [0, 0, 0],
						"0.0833": [0, 0, 0],
						"0.1667": [0, 0, 0],
						"0.25": [0, 0, 0],
						"0.3333": [0, 0, 0],
						"0.4167": [0, 0, 0],
						"0.5": [0, 0, 0],
						"0.5833": [0, 0, 0],
						"0.6667": [0, 0, 0],
						"0.75": [0, 0, 0],
						"0.8333": [0, 0, 0],
						"0.9167": [0, 0, 0],
						"1.0": [0, 0, 0]
					}
				},
				"AllBody": {
					"rotation": [0, 0, 0],
					"position": [0, 0, 0],
					"scale": 1
				},
				"AllHead": {
					"rotation": {
						"0.0": [0, 0, 0],
						"0.0833": [-0.07, -0.04, -2.13],
						"0.125": [-0.12, -0.05, -2.5],
						"0.1667": [-0.14, -0.04, -2.24],
						"0.25": [-0.19, -0.02, -1.2],
						"0.3333": [-0.24, 0, 0.21],
						"0.4167": [-0.28, 0.02, 1.58],
						"0.5": [-0.3, 0.04, 2.5],
						"0.5833": [-0.19, 0.05, 2.87],
						"0.625": [-0.12, 0.05, 2.5],
						"0.6667": [-0.11, 0.04, 2.31],
						"0.75": [-0.07, 0.03, 1.76],
						"0.8333": [-0.04, 0.02, 1.08],
						"0.9167": [-0.02, 0.01, 0.43],
						"1.0": [0, 0, 0]
					},
					"position": [0, 0, 0]
				},
				"Head": {
					"rotation": {
						"0.0": [0, 2, -0.03],
						"0.0833": [0.04, 3.1, 1.67],
						"0.125": [0.06, 3.03, 1.95],
						"0.1667": [0.07, 2.72, 1.73],
						"0.25": [0.07, 1.65, 0.83],
						"0.3333": [0.08, 0.28, -0.37],
						"0.4167": [0.08, -1.06, -1.5],
						"0.5": [0.08, -2.03, -2.22],
						"0.5833": [0.05, -3.29, -1.94],
						"0.625": [0.04, -3.02, -1.45],
						"0.6667": [0.03, -2.7, -1.31],
						"0.75": [0.02, -1.61, -0.97],
						"0.8333": [0.01, -0.22, -0.6],
						"0.9167": [0, 1.11, -0.27],
						"1.0": [0, 2, -0.03]
					}
				},
				"DownBody": {
					"rotation": {
						"0.0": [0, 1, 0],
						"0.0833": [0, 1.92, 0.33],
						"0.125": [0, 2.25, 0.5],
						"0.1667": [0, 2.23, 0.62],
						"0.25": [0, 1.75, 0.75],
						"0.3333": [0, 1.16, 0.62],
						"0.375": [0, 0.75, 0.5],
						"0.4167": [0, 0.2, 0.35],
						"0.5": [0, -1, 0],
						"0.5833": [0, -1.98, -0.35],
						"0.625": [0, -2.25, -0.5],
						"0.6667": [0, -2.23, -0.62],
						"0.75": [0, -1.75, -0.75],
						"0.8333": [0, -1.16, -0.62],
						"0.875": [0, -0.75, -0.5],
						"0.9167": [0, -0.15, -0.35],
						"1.0": [0, 1, 0]
					}
				},
				"bone34": {
					"rotation": [-179.93452, -2.49914, 178.49857],
					"position": [-2.4, 0.375, 0]
				},
				"bone35": {
					"rotation": [0, -182.5, 0],
					"position": [2.9, 0, -0.2]
				},
				"bone36": {
					"scale": 0
				}
			}
		},
		"attacked": {
			"animation_length": 0.45833,
			"bones": {
				"Root": {
					"rotation": {
						"0.0": [0, 0, 0],
						"0.0417": [0, 2.96, 0],
						"0.0833": [0, 7.04, 0],
						"0.125": [0, 10, 0],
						"0.1667": [0, 11.25, 0],
						"0.2083": [0, 10, 0],
						"0.25": [0, 8.48, 0],
						"0.2917": [0, 6.24, 0],
						"0.3333": [0, 3.76, 0],
						"0.375": [0, 1.52, 0],
						"0.4167": [0, 0, 0],
						"0.4583": [0, 0, 0]
					},
					"position": {
						"0.0": [0, -1, 0],
						"0.0417": [0, -1.44, 2.17],
						"0.0833": [0, -2.11, 4.63],
						"0.125": [0, -4, 7],
						"0.1667": [0, -4.18, 7.27],
						"0.2083": [0, -4, 7],
						"0.25": [0, -3.63, 6.31],
						"0.2917": [0, -3, 5],
						"0.3333": [0, -2.33, 3.37],
						"0.375": [0, -1.56, 1.41],
						"0.4167": [0, -1, 0],
						"0.4583": [0, -1, 0]
					}
				},
				"UpBody": {
					"rotation": {
						"0.0": [0, 0, 0],
						"0.0417": [22.52, 2.31, 0.96],
						"0.0833": [20.37, 4.23, 1.12],
						"0.125": [14.05, 6.46, 1.18],
						"0.1667": [7.56, 7.44, 0.98],
						"0.2083": [-2.13, 4.74, -0.23],
						"0.25": [-8.85, 1.24, -1.28],
						"0.2917": [-8.21, 0.55, -1.18],
						"0.3333": [-5.45, 0.23, -0.78],
						"0.375": [-2.18, 0.11, -0.31],
						"0.4167": [0, 0, 0],
						"0.4583": [0, 0, 0]
					},
					"position": [0, 0, 0]
				},
				"UpperBody": {
					"rotation": {
						"0.0": [0, 0, 0],
						"0.0417": [15.01, 2.41, 0.65],
						"0.0833": [12.61, 1.95, 0.67],
						"0.125": [7.15, 0.93, 0.6],
						"0.1667": [2.51, -0.08, 0.54],
						"0.2083": [0.17, -1.49, 0.48],
						"0.25": [-2.49, -2.58, 0.43],
						"0.2917": [-11.4, -2.9, 0.45],
						"0.3333": [-17.49, -2.58, 0.43],
						"0.375": [-9.68, -1.29, 0.21],
						"0.4167": [0, 0, 0],
						"0.4583": [0, 0, 0]
					},
					"position": [0, 0, 0]
				},
				"LeftArm": {
					"rotation": {
						"0.0": [0, 0, 0],
						"0.0417": [-24.89, -3.96, -3.05],
						"0.0833": [-67.5, 0, 0],
						"0.125": [-40.78, -1.78, -11.04],
						"0.1667": [-4.42, -3.41, -22.14],
						"0.2083": [10.29, -2.17, -23.44],
						"0.25": [21.86, 0.02, -21.99],
						"0.2917": [30.14, 1.69, -19.52],
						"0.3333": [37.01, 2.36, -13.95],
						"0.375": [35.16, 2.13, -7.73],
						"0.4167": [17.89, 1.09, -3.13],
						"0.4583": [0, 0, 0]
					},
					"position": [0, 0, 0]
				},
				"LeftForeArm": {
					"rotation": {
						"0.0": [0, 0, 0],
						"0.0417": [-42.5, 0, 0],
						"0.0833": [-17.5, 0, 0],
						"0.125": [-43.5, 3.91, -6.97],
						"0.1667": [-65.75, 6.28, -13.65],
						"0.2083": [-53.39, 2.96, -14.55],
						"0.25": [-29.54, -2.42, -13.67],
						"0.2917": [-10.75, -6, -11.32],
						"0.3333": [-2.74, -4.93, -3.14],
						"0.375": [-1.43, -2.06, 4.23],
						"0.4167": [-0.13, -0.79, 3.09],
						"0.4583": [0, 0, 0]
					},
					"position": [0, 0, 0]
				},
				"RightArm": {
					"rotation": {
						"0.0": [0, 0, 0],
						"0.0417": [-67.42, -4.62, -1.92],
						"0.0833": [-87.42, -4.62, -1.92],
						"0.125": [-85.46, -12.41, 20.41],
						"0.1667": [-76.62, -20.2, 42.74],
						"0.2083": [-67, -22.1, 47.63],
						"0.25": [-54.68, -22.27, 47.56],
						"0.2917": [-41.62, -20.2, 42.74],
						"0.3333": [-26.71, -14.22, 30.09],
						"0.375": [-11.05, -5.99, 12.68],
						"0.4167": [0, 0, 0],
						"0.4583": [0, 0, 0]
					},
					"position": [0, 0, 0]
				},
				"RightForeArm": {
					"rotation": {
						"0.0": [0, 0, 0],
						"0.0417": [0, 0, 0],
						"0.0833": [0, 0, -1.26],
						"0.125": [0, 0, -3.18],
						"0.1667": [0, 0, -5.22],
						"0.2083": [0, 0, -6.84],
						"0.25": [0, 0, -7.5],
						"0.2917": [0, 0, -6.5],
						"0.3333": [0, 0, -4.22],
						"0.375": [0, 0, -1.7],
						"0.4167": [0, 0, 0],
						"0.4583": [0, 0, 0]
					},
					"position": [0, 0, 0]
				},
				"LeftLeg": {
					"rotation": {
						"0.0": [0, 0, 0],
						"0.0417": [-20, -5, 0],
						"0.0833": [-31.4, -7.38, -1.83],
						"0.125": [-40.15, -9.22, -3.6],
						"0.1667": [-38.86, -9.84, -3.08],
						"0.2083": [-38.69, -9.08, -1.7],
						"0.25": [-37.76, -7.76, -0.34],
						"0.2917": [-35.86, -5.95, 0.04],
						"0.3333": [-30.31, -3.91, 0.07],
						"0.375": [-14.69, -1.71, 0.06],
						"0.4167": [0, 0, 0],
						"0.4583": [0, 0, 0]
					},
					"position": {
						"0.0": [0, 0, 0],
						"0.0417": [0, 0, 0],
						"0.0833": [0, 0, 0],
						"0.125": [0, 0, 0],
						"0.1667": [0, 0, 0],
						"0.2083": [0, 0, 0],
						"0.25": [0, 0, 0],
						"0.2917": [0, 0, 0],
						"0.3333": [0, 0, 0],
						"0.375": [0, 0, 0],
						"0.4167": [0, 0, 0],
						"0.4583": [0, 0, 0]
					}
				},
				"LeftLowerLeg": {
					"rotation": {
						"0.0": [0, 0, 0],
						"0.0417": [35, 0, 0],
						"0.0833": [50.73, -0.09, 0.12],
						"0.125": [62.15, -0.18, 0.24],
						"0.1667": [62.5, -0.26, 0.27],
						"0.2083": [63.16, -0.29, 0.28],
						"0.25": [62.5, -0.26, 0.27],
						"0.2917": [60.64, -0.06, 0.22],
						"0.3333": [52.25, 0.13, 0.15],
						"0.375": [25.48, 0.09, 0.07],
						"0.4167": [0, 0, 0],
						"0.4583": [0, 0, 0]
					},
					"position": {
						"0.0": [0, 0, 0],
						"0.0417": [0, 0, 0],
						"0.0833": [0, 0, 0],
						"0.125": [0, 0, 0],
						"0.1667": [0, 0, 0],
						"0.2083": [0, 0, 0],
						"0.25": [0, 0, 0],
						"0.2917": [0, 0, 0],
						"0.3333": [0, 0, 0],
						"0.375": [0, 0, 0],
						"0.4167": [0, 0, 0],
						"0.4583": [0, 0, 0]
					}
				},
				"LeftFoot": {
					"rotation": {
						"0.0": [0, 0, 0],
						"0.0417": [-10, 0, 0],
						"0.0833": [-9.26, 0, 0.02],
						"0.125": [-6.85, 0, 0.05],
						"0.1667": [-5, 0, 0.07],
						"0.2083": [-4.15, 0.01, 0.07],
						"0.25": [-5, 0, 0.07],
						"0.2917": [-10.12, -0.06, 0.11],
						"0.3333": [-13.55, -0.1, 0.13],
						"0.375": [-7.31, -0.06, 0.07],
						"0.4167": [0, 0, 0],
						"0.4583": [0, 0, 0]
					},
					"position": {
						"0.0": [0, 0, 0],
						"0.0417": [0, 0, 0],
						"0.0833": [0, 0, 0],
						"0.125": [0, 0, 0],
						"0.1667": [0, 0, 0],
						"0.2083": [0, 0, 0],
						"0.25": [0, 0, 0],
						"0.2917": [0, 0, 0],
						"0.3333": [0, 0, 0],
						"0.375": [0, 0, 0],
						"0.4167": [0, 0, 0],
						"0.4583": [0, 0, 0]
					}
				},
				"RightLeg": {
					"rotation": {
						"0.0": [0, 0, 0],
						"0.0417": [-25.14, -7.15, 2.27],
						"0.0833": [-20.22, -9.1, 0.23],
						"0.125": [22.99, -9.7, -1.47],
						"0.1667": [27.18, -8.8, -0.07],
						"0.2083": [26.71, -7.43, 2.07],
						"0.25": [24.21, -6.11, 3.49],
						"0.2917": [16.21, -4.42, 3.21],
						"0.3333": [7.18, -2.83, 2.06],
						"0.375": [2.53, -1.21, 0.94],
						"0.4167": [0, 0, 0],
						"0.4583": [0, 0, 0]
					},
					"position": {
						"0.0": [0, 0, 0],
						"0.0417": [0, 0, 0],
						"0.0833": [0, 0, 0],
						"0.125": [0, 0, 0],
						"0.1667": [0, 0, 0],
						"0.2083": [0, 0, 0],
						"0.25": [0, 0, 0],
						"0.2917": [0, 0, 0],
						"0.3333": [0, 0, 0],
						"0.375": [0, 0, 0],
						"0.4167": [0, 0, 0],
						"0.4583": [0, 0, 0]
					}
				},
				"RightLowerLeg": {
					"rotation": {
						"0.0": [0, 0, 0],
						"0.0417": [15, 0, 0],
						"0.0833": [7.12, -0.3, 0.03],
						"0.125": [37.49, -0.6, 0.06],
						"0.1667": [39.73, -0.65, 0.08],
						"0.2083": [38.7, -0.67, 0.1],
						"0.25": [38.49, -0.65, 0.11],
						"0.2917": [45.64, -0.51, 0.09],
						"0.3333": [46.81, -0.33, 0.06],
						"0.375": [23.92, -0.14, 0.03],
						"0.4167": [0, 0, 0],
						"0.4583": [0, 0, 0]
					},
					"position": {
						"0.0": [0, 0, 0],
						"0.0417": [0, 0, 0],
						"0.0833": [0, 0, 0],
						"0.125": [0, 0, 0],
						"0.1667": [0, 0, 0],
						"0.2083": [0, 0, 0],
						"0.25": [0, 0, 0],
						"0.2917": [0, 0, 0],
						"0.3333": [0, 0, 0],
						"0.375": [0, 0, 0],
						"0.4167": [0, 0, 0],
						"0.4583": [0, 0, 0]
					}
				},
				"RightFoot": {
					"rotation": {
						"0.0": [0, 0, 0],
						"0.0417": [0, 0, 0],
						"0.0833": [-29.31, 0.33, -0.49],
						"0.125": [-42.49, 0.67, -0.9],
						"0.1667": [-42.56, 0.72, -0.74],
						"0.2083": [-40.16, 0.74, -0.46],
						"0.25": [-33.51, 0.71, -0.23],
						"0.2917": [-8.41, 0.56, -0.11],
						"0.3333": [13.81, 0.36, -0.07],
						"0.375": [9.86, 0.16, -0.03],
						"0.4167": [0, 0, 0],
						"0.4583": [0, 0, 0]
					},
					"position": {
						"0.0": [0, 0, 0],
						"0.0417": [0, 0, 0],
						"0.0833": [0, 0, 0],
						"0.125": [0, 0, 0],
						"0.1667": [0, 0, 0],
						"0.2083": [0, 0, 0],
						"0.25": [0, 0, 0],
						"0.2917": [0, 0, 0],
						"0.3333": [0, 0, 0],
						"0.375": [0, 0, 0],
						"0.4167": [0, 0, 0],
						"0.4583": [0, 0, 0]
					}
				},
				"AllBody": {
					"rotation": [0, 0, 0],
					"position": [0, 0, 0],
					"scale": 1
				},
				"AllHead": {
					"rotation": {
						"0.0": [0, 0, 0],
						"0.0417": [17.5, 0, 0],
						"0.0833": [0, 0, 0]
					},
					"position": [0, 0, 0]
				},
				"Head": {
					"rotation": {
						"0.0": [0, 0, 0],
						"0.0417": [-30.09, -4.33, 2.5],
						"0.0833": [9.88, -7.24, 1.95],
						"0.125": [26.71, -6.52, 1.68],
						"0.1667": [37.9, -4.87, 1.36],
						"0.2083": [39.33, -3.37, 1.05],
						"0.25": [37.07, -1.63, 0.7],
						"0.2917": [32.7, -0.34, 0.42],
						"0.3333": [20.82, 0.17, 0.24],
						"0.375": [8.52, 0.11, 0.15],
						"0.4167": [2.75, 0.08, 0.06],
						"0.4583": [0, 0, 0]
					}
				},
				"DownBody": {
					"rotation": {
						"0.0": [0, 0, 0],
						"0.0417": [-5.19, 0.03, 0.09],
						"0.0833": [-12.32, 0.06, 0.18],
						"0.125": [-17.5, 0, 0],
						"0.1667": [-19.44, -0.25, -0.79],
						"0.2083": [-19.43, -0.58, -1.85],
						"0.25": [-17.48, -0.75, -2.38],
						"0.2917": [-13.93, -0.65, -2.07],
						"0.3333": [-8.74, -0.42, -1.34],
						"0.375": [-3.55, -0.17, -0.54],
						"0.4167": [0, 0, 0],
						"0.4583": [0, 0, 0]
					}
				},
				"bone36": {
					"scale": 0
				},
				"bone34": {
					"position": [-5.025, 0, 0]
				},
				"bone35": {
					"position": [4.775, 0, 0]
				}
			}
		},
		"chair": {
			"loop": true,
			"animation_length": 5.58333,
			"bones": {
				"Root": {
					"rotation": [0, 0, 0],
					"position": [0, -5, -2],
					"scale": 1
				},
				"UpBody": {
					"rotation": [15, 0, 0],
					"position": [0, 0, 0]
				},
				"UpperBody": {
					"rotation": {
						"0.0": [0, 0, 0],
						"3.625": [0, 0, 0],
						"3.7083": [7.25, 0, 0],
						"4.5": [7.25, 0, 0],
						"5.5833": [0, 0, 0]
					},
					"position": {
						"0.0": [0, 0, 0],
						"3.625": [0, 0, 0],
						"5.5833": [0, 0, 0]
					}
				},
				"LeftArm": {
					"rotation": [-38.70037, 21.01157, -36.1898],
					"position": [0, 0, 0]
				},
				"LeftForeArm": {
					"rotation": {
						"0.0": [-76.42644, -7.66807, -15.96568],
						"3.625": [-76.43, -7.67, -15.97],
						"3.75": [-89.10744, -31.87767, -22.67585],
						"5.125": [-89.10744, -31.87767, -22.67585],
						"5.4583": [-76.43, -7.67, -15.97],
						"5.5833": [-76.42644, -7.66807, -15.96568]
					},
					"position": {
						"0.0": [0, 0, 0],
						"3.625": [0, 0, 0],
						"5.4583": [0, 0, 0],
						"5.5833": [0, 0, 0]
					}
				},
				"RightArm": {
					"rotation": [-49.64176, -25.49996, 53.99861],
					"position": [0, 0, 0]
				},
				"RightForeArm": {
					"rotation": {
						"0.0": [-67.47521, 22.3556, 8.96401],
						"3.625": [-67.48, 22.36, 8.96],
						"3.75": [-101.23455, 34.64878, 6.34662],
						"5.125": [-101.23455, 34.64878, 6.34662],
						"5.4583": [-67.48, 22.36, 8.96]
					},
					"position": {
						"0.0": [0, 0, 0],
						"3.625": [0, 0, 0],
						"5.4583": [0, 0, 0]
					}
				},
				"LeftLeg": {
					"rotation": [-87.5095, 0.21782, -4.99527],
					"position": [0, 0, 0]
				},
				"LeftLowerLeg": {
					"rotation": {
						"0.0": [105, 0, 0],
						"0.5": [105, 0, 0],
						"1.3333": [85, 0, 0],
						"2.0833": [105, 0, 0],
						"2.9167": [87.5, 0, 0],
						"3.5": [105, 0, 0]
					},
					"position": [0, 0, 0]
				},
				"LeftFoot": {
					"rotation": [37.5, 0, 0],
					"position": [0, 0, 0]
				},
				"RightLeg": {
					"rotation": [-80.03729, -0.86717, 4.92442],
					"position": [0, 0, 0]
				},
				"RightLowerLeg": {
					"rotation": {
						"0.0": [75, 0, 0],
						"0.5833": [70, 0, 0],
						"1.2083": [75, 0, 0],
						"2.1667": [85, 0, 0],
						"2.9583": [75, 0, 0]
					},
					"position": [0, 0, 0]
				},
				"RightFoot": {
					"rotation": [55, 0, 0],
					"position": [0, 0, 0]
				},
				"AllBody": {
					"rotation": [0, 0, 0],
					"position": [0, -12, 0],
					"scale": 1
				},
				"AllHead": {
					"rotation": [0, 0, 0],
					"position": [0, 0, 0]
				},
				"Head": {
					"rotation": {
						"0.0": [-15, 0, 0],
						"1.7083": [-15, 0, 0],
						"1.75": [-21.25, 0, 0],
						"2.25": [-21.25, 0, 0],
						"2.7917": [-22.02581, 14.88597, -5.9333],
						"3.375": [-24.39549, -22.7059, 9.93888],
						"3.5833": [-15, 0, 0],
						"3.75": [-5.5, 0, 0],
						"5.125": [-5.5, 0, 0],
						"5.3333": [-15, 0, 0]
					},
					"position": [0, 0, 0]
				},
				"baodai": {
					"rotation": [13.75, 0, 0],
					"position": [0, 0.375, 0]
				},
				"bone21": {
					"rotation": [-60, 0, 0],
					"scale": [1, 1, 1.3275]
				},
				"bao": {
					"rotation": [77.5, 0, 0],
					"position": [0, 3.15, 1.8]
				},
				"bone22": {
					"rotation": [0, 0, 22.5]
				},
				"bone28": {
					"position": [1.4, 0.175, 0.45],
					"scale": [1, 0.835, 1]
				},
				"RightEyelidBase": {
					"position": {
						"2.2917": [0, 0, 0],
						"2.7917": [-0.4, 0, 0],
						"3.1667": [0, 0, 0],
						"3.5417": [-0.025, 0, 0],
						"3.7917": [0, 0, 0]
					}
				},
				"RightPupil": {
					"position": {
						"2.2917": [0, 0, 0],
						"2.6667": [-0.175, 0, 0],
						"2.9583": [0, 0, 0],
						"3.5417": [0.225, 0, 0],
						"3.7917": [0, 0, 0]
					}
				},
				"LeftEyelidBase": {
					"position": {
						"2.25": [0, 0, 0],
						"2.7917": [-0.05, 0, 0],
						"3.0417": [0, 0, 0],
						"3.5417": [0.325, 0, 0],
						"3.7917": [0, 0, 0]
					}
				},
				"LeftPupil": {
					"position": {
						"2.3333": [0, 0, 0],
						"2.7083": [-0.1, 0, 0],
						"3.0417": [0, 0, 0],
						"3.5417": [0.275, 0, 0],
						"3.7917": [0, 0, 0]
					}
				},
				"Mouth1": {
					"position": {
						"1.6667": [0, 0, 0],
						"1.7083": [0, 0, -0.95],
						"2.1667": [0, 0, 0],
						"2.2083": [0, 0, -0.95],
						"5.1667": [0, 0, 0],
						"5.2083": [0, 0, -0.775]
					}
				},
				"nu": {
					"position": {
						"1.75": [0, 0, 0],
						"1.7917": [0, 0, -1.925],
						"2.75": [0, 0, -1.925],
						"2.7917": [0, 0, 0]
					}
				},
				"bone20": {
					"scale": [1, 0.5825, 1]
				},
				"bone6": {
					"position": [0, 0, 0.6]
				},
				"bone7": {
					"rotation": [0, 3.5, 0],
					"position": [0, 0, -0.325]
				},
				"bone36": {
					"rotation": {
						"0.0": [154.75, -158, 180],
						"3.625": [154.75, -158, 180],
						"5.4583": [154.75, -158, 180],
						"5.5833": [154.75, -158, 180]
					},
					"position": {
						"0.0": [-19.5, -12, -12.955],
						"3.625": [-19.5, -12, -12.955],
						"3.75": [-19.5, -8, -11.96],
						"5.125": [-19.5, -8, -11.96],
						"5.4583": [-19.5, -12, -12.955],
						"5.5833": [-19.5, -12, -12.955]
					}
				},
				"bone14": {
					"rotation": {
						"0.0": [0, 0, 0],
						"3.75": [0, 0, 0]
					},
					"position": {
						"0.0": [0, 0, 0],
						"3.7083": [0, 0, 0],
						"3.75": [-1.125, 1.1, -6.325],
						"5.125": [-1.125, 1.1, -6.325],
						"5.25": [0, 0, 0]
					}
				}
			}
		},
		"sit": {
			"loop": true,
			"animation_length": 2.1667,
			"bones": {
				"Root": {
					"rotation": [-84, 0, 0],
					"position": [0, -13, 0]
				},
				"UpBody": {
					"rotation": [93.75, 0, 0],
					"position": [0, 0, 0]
				},
				"UpperBody": {
					"rotation": [15, 0, 0],
					"position": [0, 0, 0]
				},
				"LeftArm": {
					"rotation": [-44.78415, 18.74774, 16.70777],
					"position": [0, 0, 0]
				},
				"LeftForeArm": {
					"rotation": [-47.17929, -0.95461, -3.57887],
					"position": [0, 0, 0]
				},
				"RightArm": {
					"rotation": [-47.20016, -18.95449, -10.72718],
					"position": [0, 0, 0]
				},
				"RightForeArm": {
					"rotation": [-42.78683, -1.93094, -6.18273],
					"position": [0, 0, 0]
				},
				"LeftLeg": {
					"rotation": [-82.78273, 12.391, 268.69171],
					"position": [0, 0, 0]
				},
				"LeftLowerLeg": {
					"rotation": [141.98447, -3.35528, 8.11925],
					"position": [0, 0, 0]
				},
				"LeftFoot": {
					"rotation": [35, 0, 0],
					"position": [0, 0, 0]
				},
				"RightLeg": {
					"rotation": [-76.05941, -12.94783, 91.55874],
					"position": [0, 0, 0]
				},
				"RightLowerLeg": {
					"rotation": [144.02687, -1.91486, -1.60757],
					"position": [0, 0, 0]
				},
				"RightFoot": {
					"rotation": [40, 0, 0],
					"position": [0, 0, 0]
				},
				"AllBody": {
					"rotation": [0, 0, 0],
					"position": [0, -20, -18],
					"scale": 1
				},
				"AllHead": {
					"rotation": [0, 0, 0],
					"position": [0, 0, 0]
				},
				"Head": {
					"rotation": {
						"0.0": [-22.5, 0, 0],
						"0.5417": [-27.31206, -3.34064, -6.43814],
						"1.0833": [-27.5, 0, 0],
						"1.625": [-27.31206, -3.34064, -6.43814],
						"2.1667": [-22.5, 0, 0]
					}
				},
				"DownBody": {
					"rotation": [70, 0, 0]
				},
				"RightSole": {
					"rotation": [0, 0, 0]
				},
				"baodai": {
					"position": [0, 1.5, -1.9]
				},
				"bao": {
					"rotation": [67.04893, -11.07451, 4.65031],
					"position": [0, 2.5, 1.1]
				},
				"bone5": {
					"scale": [1, 0.3, 1]
				},
				"bone11": {
					"rotation": [0, -89, 0],
					"position": [0.9, 0, -3.2]
				},
				"bone36": {
					"scale": 0
				}
			}
		},
		"sleep": {
			"loop": true,
			"animation_length": 0.125,
			"bones": {
				"Root": {
					"rotation": [-13.25506, -77.79629, 23.76148],
					"position": [-10, 0, 0],
					"scale": 1
				},
				"UpBody": {
					"rotation": [1.91388, -20.06196, -12.39768],
					"position": [0, 0, 0]
				},
				"UpperBody": {
					"rotation": [10, 0, 0],
					"position": [0, 0, 0]
				},
				"LeftArm": {
					"rotation": [-81.64326, 31.42992, 19.86445],
					"position": [0, 0, 0]
				},
				"LeftForeArm": {
					"rotation": [-47.5, 0, 0],
					"position": [0, 0, 0]
				},
				"RightArm": {
					"rotation": [-65, 0, 0],
					"position": [0, 0, 0]
				},
				"RightForeArm": {
					"rotation": [-47.5, 0, 0],
					"position": [0, 0, 0]
				},
				"LeftLeg": {
					"rotation": [-10, 12.5, 7.5],
					"position": [0, 0, 1]
				},
				"LeftLowerLeg": {
					"rotation": [50, 0, 0],
					"position": [0, 0, 0]
				},
				"LeftFoot": {
					"rotation": [32.59907, -4.21541, -2.69136],
					"position": [0, 0, 0]
				},
				"RightLeg": {
					"rotation": [-72.56255, 1.50179, -4.76968],
					"position": [0, 0, 1]
				},
				"RightLowerLeg": {
					"rotation": [82.5, 0, 0],
					"position": [0, 0, 0]
				},
				"RightFoot": {
					"rotation": [0, 7.5, 0],
					"position": [0, 0, 0]
				},
				"AllBody": {
					"rotation": [0, 0, 0],
					"position": [0, 0, 0],
					"scale": 1
				},
				"AllHead": {
					"rotation": [0, 0, 0],
					"position": [0, 0, 0]
				},
				"Head": {
					"rotation": {
						"0.0": {
							"post": [5.16524, 27.0478, 11.24314],
							"lerp_mode": "catmullrom"
						}
					},
					"position": {
						"0.0": {
							"post": [0, 0, 0],
							"lerp_mode": "catmullrom"
						}
					}
				},
				"Eye_main": {
					"position": [0, 0, 0]
				},
				"RightEyelid": {
					"scale": 0
				},
				"RightEyelidBase": {
					"scale": 0
				},
				"LeftEyelid": {
					"scale": 0
				},
				"LeftEyelidBase": {
					"scale": 0
				},
				"RightPupil2": {
					"scale": 0
				},
				"DownBody": {
					"rotation": [-30, 0, 0]
				},
				"bone36": {
					"position": [-12.425, 2.575, 0]
				},
				"LeftEyebrow": {
					"position": [0, -1, 0]
				},
				"RightEyebrow": {
					"position": [0, -1, 0]
				},
				"bone30": {
					"position": [0, 3.325, 0]
				},
				"bone34": {
					"rotation": [-65.56503, 5.45526, -11.81794],
					"position": [-3.375, 0.275, -2.15]
				},
				"bone29": {
					"rotation": [-1.5, 0, 0],
					"position": [0, 3.575, 0]
				}
			}
		},
		"swim_stand": {
			"loop": true,
			"animation_length": 1,
			"bones": {
				"Root": {
					"rotation": [0, 0, 0],
					"scale": 1
				},
				"UpBody": {
					"rotation": [0, 0, 0],
					"position": [0, 0, 0]
				},
				"UpperBody": {
					"rotation": {
						"0.0": [0, 0, 0],
						"0.0417": [-0.14, 0, 0],
						"0.0833": [-0.33, 0, 0],
						"0.125": [-0.57, 0, 0],
						"0.1667": [-0.83, 0, 0],
						"0.2083": [-1.12, 0, 0],
						"0.25": [-1.41, 0, 0],
						"0.2917": [-1.69, 0, 0],
						"0.3333": [-1.94, 0, 0],
						"0.375": [-2.17, 0, 0],
						"0.4167": [-2.34, 0, 0],
						"0.4583": [-2.46, 0, 0],
						"0.5": [-2.5, 0, 0],
						"0.5417": [-2.45, 0, 0],
						"0.5833": [-2.31, 0, 0],
						"0.625": [-2.09, 0, 0],
						"0.6667": [-1.83, 0, 0],
						"0.7083": [-1.53, 0, 0],
						"0.75": [-1.21, 0, 0],
						"0.7917": [-0.9, 0, 0],
						"0.8333": [-0.6, 0, 0],
						"0.875": [-0.35, 0, 0],
						"0.9167": [-0.15, 0, 0],
						"0.9583": [-0.03, 0, 0],
						"1.0": [0, 0, 0]
					},
					"position": [0, 0, 0]
				},
				"LeftArm": {
					"rotation": {
						"0.0": [-10, 0, -45],
						"0.0417": [-8.09, 0, -45],
						"0.0833": [-5.38, 0, -45],
						"0.125": [-2.07, 0, -45],
						"0.1667": [1.67, 0, -45],
						"0.2083": [5.65, 0, -45],
						"0.25": [9.69, 0, -45],
						"0.2917": [13.61, 0, -45],
						"0.3333": [17.22, 0, -45],
						"0.375": [20.35, 0, -45],
						"0.4167": [22.81, 0, -45],
						"0.4583": [24.42, 0, -45],
						"0.5": [25, 0, -45],
						"0.5417": [24.25, 0, -45],
						"0.5833": [22.17, 0, -45],
						"0.625": [19.04, 0, -45],
						"0.6667": [15.16, 0, -45],
						"0.7083": [10.78, 0, -45],
						"0.75": [6.2, 0, -45],
						"0.7917": [1.69, 0, -45],
						"0.8333": [-2.47, 0, -45],
						"0.875": [-5.99, 0, -45],
						"0.9167": [-8.61, 0, -45],
						"0.9583": [-10.04, 0, -45],
						"1.0": [-10, 0, -45]
					},
					"position": [0, 0, 0]
				},
				"LeftForeArm": {
					"rotation": {
						"0.0": [-52.5, 0, 0],
						"0.0417": [-52.67, 0, 0],
						"0.0833": [-53.28, 0, 0],
						"0.125": [-53.46, 0, 0],
						"0.1667": [-52.32, 0, 0],
						"0.2083": [-48.97, 0, 0],
						"0.25": [-44.34, 0, 0],
						"0.2917": [-37.79, 0, 0],
						"0.3333": [-30.15, 0, 0],
						"0.375": [-22.23, 0, 0],
						"0.4167": [-14.85, 0, 0],
						"0.4583": [-8.83, 0, 0],
						"0.5": [-5, 0, 0],
						"0.5417": [-3.15, 0, 0],
						"0.5833": [-3.13, 0, 0],
						"0.625": [-4.6, 0, 0],
						"0.6667": [-7.2, 0, 0],
						"0.7083": [-10.6, 0, 0],
						"0.75": [-14.45, 0, 0],
						"0.7917": [-19.79, 0, 0],
						"0.8333": [-27.12, 0, 0],
						"0.875": [-35.24, 0, 0],
						"0.9167": [-42.97, 0, 0],
						"0.9583": [-49.12, 0, 0],
						"1.0": [-52.5, 0, 0]
					},
					"position": [0, 0, 0]
				},
				"RightArm": {
					"rotation": {
						"0.0": [-10, 0, 45],
						"0.0417": [-8.09, 0, 45],
						"0.0833": [-5.38, 0, 45],
						"0.125": [-2.07, 0, 45],
						"0.1667": [1.67, 0, 45],
						"0.2083": [5.65, 0, 45],
						"0.25": [9.69, 0, 45],
						"0.2917": [13.61, 0, 45],
						"0.3333": [17.22, 0, 45],
						"0.375": [20.35, 0, 45],
						"0.4167": [22.81, 0, 45],
						"0.4583": [24.42, 0, 45],
						"0.5": [25, 0, 45],
						"0.5417": [24.24, 0, 45],
						"0.5833": [22.15, 0, 45],
						"0.625": [19.01, 0, 45],
						"0.6667": [15.1, 0, 45],
						"0.7083": [10.7, 0, 45],
						"0.75": [6.1, 0, 45],
						"0.7917": [1.58, 0, 45],
						"0.8333": [-2.59, 0, 45],
						"0.875": [-6.11, 0, 45],
						"0.9167": [-8.7, 0, 45],
						"0.9583": [-10.1, 0, 45],
						"1.0": [-10, 0, 45]
					},
					"position": [0, 0, 0]
				},
				"RightForeArm": {
					"rotation": {
						"0.0": [-52.5, 0, 0],
						"0.0417": [-52.67, 0, 0],
						"0.0833": [-53.28, 0, 0],
						"0.125": [-53.46, 0, 0],
						"0.1667": [-52.32, 0, 0],
						"0.2083": [-48.97, 0, 0],
						"0.25": [-44.34, 0, 0],
						"0.2917": [-37.79, 0, 0],
						"0.3333": [-30.15, 0, 0],
						"0.375": [-22.23, 0, 0],
						"0.4167": [-14.85, 0, 0],
						"0.4583": [-8.83, 0, 0],
						"0.5": [-5, 0, 0],
						"0.5417": [-3.15, 0, 0],
						"0.5833": [-3.13, 0, 0],
						"0.625": [-4.6, 0, 0],
						"0.6667": [-7.2, 0, 0],
						"0.7083": [-10.6, 0, 0],
						"0.75": [-14.45, 0, 0],
						"0.7917": [-19.79, 0, 0],
						"0.8333": [-27.12, 0, 0],
						"0.875": [-35.24, 0, 0],
						"0.9167": [-42.97, 0, 0],
						"0.9583": [-49.12, 0, 0],
						"1.0": [-52.5, 0, 0]
					},
					"position": [0, 0, 0]
				},
				"LeftLeg": {
					"rotation": {
						"0.0": [-10, 0, 0],
						"0.0417": [-8.69, 0, 0],
						"0.0833": [-6.81, 0, 0],
						"0.125": [-4.67, 0, 0],
						"0.1667": [-2.56, 0, 0],
						"0.2083": [-0.79, 0, 0],
						"0.25": [0.33, 0, 0],
						"0.2917": [1.49, 0, 0],
						"0.3333": [2.61, 0, 0],
						"0.375": [3.6, 0, 0],
						"0.4167": [4.39, 0, 0],
						"0.4583": [4.88, 0, 0],
						"0.5": [5, 0, 0],
						"0.5417": [4.57, 0, 0],
						"0.5833": [3.6, 0, 0],
						"0.625": [2.28, 0, 0],
						"0.6667": [0.77, 0, 0],
						"0.7083": [-0.76, 0, 0],
						"0.75": [-2.14, 0, 0],
						"0.7917": [-3.71, 0, 0],
						"0.8333": [-5.66, 0, 0],
						"0.875": [-7.63, 0, 0],
						"0.9167": [-9.26, 0, 0],
						"0.9583": [-10.17, 0, 0],
						"1.0": [-10, 0, 0]
					},
					"position": {
						"0.0": [0, 0, 0],
						"0.0417": [0, 0, 0],
						"0.0833": [0, 0, 0],
						"0.125": [0, 0, 0],
						"0.1667": [0, 0, 0],
						"0.2083": [0, 0, 0],
						"0.25": [0, 0, 0],
						"0.2917": [0, 0, 0],
						"0.3333": [0, 0, 0],
						"0.375": [0, 0, 0],
						"0.4167": [0, 0, 0],
						"0.4583": [0, 0, 0],
						"0.5": [0, 0, 0],
						"0.5417": [0, 0, 0],
						"0.5833": [0, 0, 0],
						"0.625": [0, 0, 0],
						"0.6667": [0, 0, 0],
						"0.7083": [0, 0, 0],
						"0.75": [0, 0, 0],
						"0.7917": [0, 0, 0],
						"0.8333": [0, 0, 0],
						"0.875": [0, 0, 0],
						"0.9167": [0, 0, 0],
						"0.9583": [0, 0, 0],
						"1.0": [0, 0, 0]
					}
				},
				"LeftLowerLeg": {
					"rotation": {
						"0.0": [10, 0, 0],
						"0.0417": [8.17, 0, 0],
						"0.0833": [5.4, 0, 0],
						"0.125": [2.44, 0, 0],
						"0.1667": [0.02, 0, 0],
						"0.2083": [-1.12, 0, 0],
						"0.25": [-0.91, 0, 0],
						"0.2917": [-0.04, 0, 0],
						"0.3333": [1.29, 0, 0],
						"0.375": [2.9, 0, 0],
						"0.4167": [4.6, 0, 0],
						"0.4583": [6.19, 0, 0],
						"0.5": [7.5, 0, 0],
						"0.5417": [8.87, 0, 0],
						"0.5833": [10.31, 0, 0],
						"0.625": [11.7, 0, 0],
						"0.6667": [12.92, 0, 0],
						"0.7083": [13.82, 0, 0],
						"0.75": [14.29, 0, 0],
						"0.7917": [14.17, 0, 0],
						"0.8333": [13.52, 0, 0],
						"0.875": [12.57, 0, 0],
						"0.9167": [11.52, 0, 0],
						"0.9583": [10.59, 0, 0],
						"1.0": [10, 0, 0]
					},
					"position": {
						"0.0": [0, 0, 0],
						"0.0417": [0, 0, 0],
						"0.0833": [0, 0, 0],
						"0.125": [0, 0, 0],
						"0.1667": [0, 0, 0],
						"0.2083": [0, 0, 0],
						"0.25": [0, 0, 0],
						"0.2917": [0, 0, 0],
						"0.3333": [0, 0, 0],
						"0.375": [0, 0, 0],
						"0.4167": [0, 0, 0],
						"0.4583": [0, 0, 0],
						"0.5": [0, 0, 0],
						"0.5417": [0, 0, 0],
						"0.5833": [0, 0, 0],
						"0.625": [0, 0, 0],
						"0.6667": [0, 0, 0],
						"0.7083": [0, 0, 0],
						"0.75": [0, 0, 0],
						"0.7917": [0, 0, 0],
						"0.8333": [0, 0, 0],
						"0.875": [0, 0, 0],
						"0.9167": [0, 0, 0],
						"0.9583": [0, 0, 0],
						"1.0": [0, 0, 0]
					}
				},
				"LeftFoot": {
					"rotation": {
						"0.0": [30, 0, 0],
						"0.0417": [29.31, 0, 0],
						"0.0833": [28.34, 0, 0],
						"0.125": [27.14, 0, 0],
						"0.1667": [25.79, 0, 0],
						"0.2083": [24.35, 0, 0],
						"0.25": [22.89, 0, 0],
						"0.2917": [21.48, 0, 0],
						"0.3333": [20.18, 0, 0],
						"0.375": [19.07, 0, 0],
						"0.4167": [18.21, 0, 0],
						"0.4583": [17.66, 0, 0],
						"0.5": [17.5, 0, 0],
						"0.5417": [18.22, 0, 0],
						"0.5833": [19.97, 0, 0],
						"0.625": [22.37, 0, 0],
						"0.6667": [25.06, 0, 0],
						"0.7083": [27.69, 0, 0],
						"0.75": [29.89, 0, 0],
						"0.7917": [31.3, 0, 0],
						"0.8333": [31.99, 0, 0],
						"0.875": [31.81, 0, 0],
						"0.9167": [31.15, 0, 0],
						"0.9583": [30.42, 0, 0],
						"1.0": [30, 0, 0]
					},
					"position": {
						"0.0": [0, 0, 0],
						"0.0417": [0, 0, 0],
						"0.0833": [0, 0, 0],
						"0.125": [0, 0, 0],
						"0.1667": [0, 0, 0],
						"0.2083": [0, 0, 0],
						"0.25": [0, 0, 0],
						"0.2917": [0, 0, 0],
						"0.3333": [0, 0, 0],
						"0.375": [0, 0, 0],
						"0.4167": [0, 0, 0],
						"0.4583": [0, 0, 0],
						"0.5": [0, 0, 0],
						"0.5417": [0, 0, 0],
						"0.5833": [0, 0, 0],
						"0.625": [0, 0, 0],
						"0.6667": [0, 0, 0],
						"0.7083": [0, 0, 0],
						"0.75": [0, 0, 0],
						"0.7917": [0, 0, 0],
						"0.8333": [0, 0, 0],
						"0.875": [0, 0, 0],
						"0.9167": [0, 0, 0],
						"0.9583": [0, 0, 0],
						"1.0": [0, 0, 0]
					}
				},
				"RightLeg": {
					"rotation": {
						"0.0": [5, 0, 0],
						"0.0417": [4.23, 0, 0],
						"0.0833": [3.18, 0, 0],
						"0.125": [1.92, 0, 0],
						"0.1667": [0.56, 0, 0],
						"0.2083": [-0.83, 0, 0],
						"0.25": [-2.14, 0, 0],
						"0.2917": [-3.61, 0, 0],
						"0.3333": [-5.34, 0, 0],
						"0.375": [-7.09, 0, 0],
						"0.4167": [-8.62, 0, 0],
						"0.4583": [-9.67, 0, 0],
						"0.5": [-10, 0, 0],
						"0.5417": [-9.2, 0, 0],
						"0.5833": [-7.38, 0, 0],
						"0.625": [-5.05, 0, 0],
						"0.6667": [-2.68, 0, 0],
						"0.7083": [-0.79, 0, 0],
						"0.75": [0.4, 0, 0],
						"0.7917": [1.72, 0, 0],
						"0.8333": [3.02, 0, 0],
						"0.875": [4.16, 0, 0],
						"0.9167": [4.96, 0, 0],
						"0.9583": [5.3, 0, 0],
						"1.0": [5, 0, 0]
					},
					"position": {
						"0.0": [0, 0, 0],
						"0.0417": [0, 0, 0],
						"0.0833": [0, 0, 0],
						"0.125": [0, 0, 0],
						"0.1667": [0, 0, 0],
						"0.2083": [0, 0, 0],
						"0.25": [0, 0, 0],
						"0.2917": [0, 0, 0],
						"0.3333": [0, 0, 0],
						"0.375": [0, 0, 0],
						"0.4167": [0, 0, 0],
						"0.4583": [0, 0, 0],
						"0.5": [0, 0, 0],
						"0.5417": [0, 0, 0],
						"0.5833": [0, 0, 0],
						"0.625": [0, 0, 0],
						"0.6667": [0, 0, 0],
						"0.7083": [0, 0, 0],
						"0.75": [0, 0, 0],
						"0.7917": [0, 0, 0],
						"0.8333": [0, 0, 0],
						"0.875": [0, 0, 0],
						"0.9167": [0, 0, 0],
						"0.9583": [0, 0, 0],
						"1.0": [0, 0, 0]
					}
				},
				"RightLowerLeg": {
					"rotation": {
						"0.0": [7.5, 0, 0],
						"0.0417": [8.37, 0, 0],
						"0.0833": [9.67, 0, 0],
						"0.125": [11.16, 0, 0],
						"0.1667": [12.6, 0, 0],
						"0.2083": [13.72, 0, 0],
						"0.25": [14.29, 0, 0],
						"0.2917": [14.3, 0, 0],
						"0.3333": [13.93, 0, 0],
						"0.375": [13.26, 0, 0],
						"0.4167": [12.35, 0, 0],
						"0.4583": [11.24, 0, 0],
						"0.5": [10, 0, 0],
						"0.5417": [7.9, 0, 0],
						"0.5833": [5.1, 0, 0],
						"0.625": [2.23, 0, 0],
						"0.6667": [-0.05, 0, 0],
						"0.7083": [-1.12, 0, 0],
						"0.75": [-0.85, 0, 0],
						"0.7917": [0.16, 0, 0],
						"0.8333": [1.65, 0, 0],
						"0.875": [3.37, 0, 0],
						"0.9167": [5.09, 0, 0],
						"0.9583": [6.55, 0, 0],
						"1.0": [7.5, 0, 0]
					},
					"position": {
						"0.0": [0, 0, 0],
						"0.0417": [0, 0, 0],
						"0.0833": [0, 0, 0],
						"0.125": [0, 0, 0],
						"0.1667": [0, 0, 0],
						"0.2083": [0, 0, 0],
						"0.25": [0, 0, 0],
						"0.2917": [0, 0, 0],
						"0.3333": [0, 0, 0],
						"0.375": [0, 0, 0],
						"0.4167": [0, 0, 0],
						"0.4583": [0, 0, 0],
						"0.5": [0, 0, 0],
						"0.5417": [0, 0, 0],
						"0.5833": [0, 0, 0],
						"0.625": [0, 0, 0],
						"0.6667": [0, 0, 0],
						"0.7083": [0, 0, 0],
						"0.75": [0, 0, 0],
						"0.7917": [0, 0, 0],
						"0.8333": [0, 0, 0],
						"0.875": [0, 0, 0],
						"0.9167": [0, 0, 0],
						"0.9583": [0, 0, 0],
						"1.0": [0, 0, 0]
					}
				},
				"RightFoot": {
					"rotation": {
						"0.0": [17.5, 0, 0],
						"0.0417": [18.88, 0, 0],
						"0.0833": [20.88, 0, 0],
						"0.125": [23.24, 0, 0],
						"0.1667": [25.72, 0, 0],
						"0.2083": [28.05, 0, 0],
						"0.25": [30, 0, 0],
						"0.2917": [31.3, 0, 0],
						"0.3333": [32.19, 0, 0],
						"0.375": [32.4, 0, 0],
						"0.4167": [32.05, 0, 0],
						"0.4583": [31.22, 0, 0],
						"0.5": [30, 0, 0],
						"0.5417": [29.31, 0, 0],
						"0.5833": [28.42, 0, 0],
						"0.625": [27.37, 0, 0],
						"0.6667": [26.2, 0, 0],
						"0.7083": [24.95, 0, 0],
						"0.75": [23.67, 0, 0],
						"0.7917": [22.39, 0, 0],
						"0.8333": [21.16, 0, 0],
						"0.875": [20.01, 0, 0],
						"0.9167": [18.99, 0, 0],
						"0.9583": [18.14, 0, 0],
						"1.0": [17.5, 0, 0]
					},
					"position": {
						"0.0": [0, 0, 0],
						"0.0417": [0, 0, 0],
						"0.0833": [0, 0, 0],
						"0.125": [0, 0, 0],
						"0.1667": [0, 0, 0],
						"0.2083": [0, 0, 0],
						"0.25": [0, 0, 0],
						"0.2917": [0, 0, 0],
						"0.3333": [0, 0, 0],
						"0.375": [0, 0, 0],
						"0.4167": [0, 0, 0],
						"0.4583": [0, 0, 0],
						"0.5": [0, 0, 0],
						"0.5417": [0, 0, 0],
						"0.5833": [0, 0, 0],
						"0.625": [0, 0, 0],
						"0.6667": [0, 0, 0],
						"0.7083": [0, 0, 0],
						"0.75": [0, 0, 0],
						"0.7917": [0, 0, 0],
						"0.8333": [0, 0, 0],
						"0.875": [0, 0, 0],
						"0.9167": [0, 0, 0],
						"0.9583": [0, 0, 0],
						"1.0": [0, 0, 0]
					}
				},
				"AllBody": {
					"rotation": [0, 0, 0],
					"position": [0, 0, 0],
					"scale": 1
				},
				"AllHead": {
					"rotation": [0, 0, 0],
					"position": [0, 0, 0]
				},
				"Head": {
					"rotation": {
						"0.0": [0, 0, 0],
						"0.0417": [0.14, 0, 0],
						"0.0833": [0.33, 0, 0],
						"0.125": [0.57, 0, 0],
						"0.1667": [0.83, 0, 0],
						"0.2083": [1.12, 0, 0],
						"0.25": [1.41, 0, 0],
						"0.2917": [1.69, 0, 0],
						"0.3333": [1.94, 0, 0],
						"0.375": [2.17, 0, 0],
						"0.4167": [2.34, 0, 0],
						"0.4583": [2.46, 0, 0],
						"0.5": [2.5, 0, 0],
						"0.5417": [2.46, 0, 0],
						"0.5833": [2.34, 0, 0],
						"0.625": [2.17, 0, 0],
						"0.6667": [1.94, 0, 0],
						"0.7083": [1.69, 0, 0],
						"0.75": [1.41, 0, 0],
						"0.7917": [1.12, 0, 0],
						"0.8333": [0.83, 0, 0],
						"0.875": [0.57, 0, 0],
						"0.9167": [0.33, 0, 0],
						"0.9583": [0.14, 0, 0],
						"1.0": [0, 0, 0]
					},
					"position": [0, 0, 0]
				},
				"bone36": {
					"scale": 0
				},
				"bone34": {
					"rotation": [-174.75, -5, -180],
					"position": [-2.35, -0.1, 0]
				},
				"bone35": {
					"rotation": [-178.25, -360, -180],
					"position": [2.425, 0, 0]
				}
			}
		},
		"use_righthand": {
			"animation_length": 0.25,
			"bones": {
				"RightArm": {
					"rotation": {
						"0.0": [0, 0, 0],
						"0.0417": [3.52, 1.12, 18.13],
						"0.0833": [-7.5, 0, 35],
						"0.125": [-43.79, -17.87, 24.92],
						"0.1667": [-45.07, -31.77, 9.3],
						"0.2083": [-22.62, -16.75, 3.67],
						"0.25": [0, 0, 0]
					}
				},
				"RightForeArm": {
					"rotation": {
						"0.0": [0, 0, 0],
						"0.0417": [-17.97, 0, 0],
						"0.0833": [-122.5, 0, 0],
						"0.125": [-76.22, 0, 0],
						"0.1667": [-15, 0, 0],
						"0.2083": [-0.78, 0, 0],
						"0.25": [0, 0, 0]
					}
				},
				"bone36": {
					"scale": 0
				}
			}
		},
		"use_lefthand": {
			"animation_length": 0.25,
			"bones": {
				"LeftArm": {
					"rotation": {
						"0.0": [0, 0, 0],
						"0.0417": [3.52, -1.12, -18.13],
						"0.0833": [-7.5, 0, -35],
						"0.125": [-43.79, 17.87, -24.92],
						"0.1667": [-45.07, 31.77, -9.3],
						"0.2083": [-22.62, 16.75, -3.67],
						"0.25": [0, 0, 0]
					}
				},
				"LeftForeArm": {
					"rotation": {
						"0.0": [0, 0, 0],
						"0.0417": [-17.97, 0, 0],
						"0.0833": [-122.5, 0, 0],
						"0.125": [-76.22, 0, 0],
						"0.1667": [-15, 0, 0],
						"0.2083": [-0.78, 0, 0],
						"0.25": [0, 0, 0]
					}
				},
				"bone36": {
					"scale": 0
				}
			}
		},
		"idle": {
			"loop": true,
			"animation_length": 0.375,
			"bones": {
				"Root": {
					"rotation": [0, 0, 0],
					"scale": 1
				},
				"UpBody": {
					"rotation": [0, 0, 0],
					"position": [0, 0, 0]
				},
				"UpperBody": {
					"rotation": [0, 0, 0],
					"position": [0, 0, 0]
				},
				"LeftArm": {
					"rotation": [0, 0, 0],
					"position": [0, 0, 0]
				},
				"LeftForeArm": {
					"rotation": [0, 0, 0],
					"position": [0, 0, 0]
				},
				"RightArm": {
					"rotation": [0, 0, 0],
					"position": [0, 0, 0]
				},
				"RightForeArm": {
					"rotation": [0, 0, 0],
					"position": [0, 0, 0]
				},
				"LeftLeg": {
					"rotation": [0, 0, 0],
					"position": [0, 0, 0]
				},
				"LeftLowerLeg": {
					"rotation": [0, 0, 0],
					"position": [0, 0, 0]
				},
				"LeftFoot": {
					"rotation": [0, 0, 0],
					"position": [0, 0, 0]
				},
				"RightLeg": {
					"rotation": [0, 0, 0],
					"position": [0, 0, 0]
				},
				"RightLowerLeg": {
					"rotation": [0, 0, 0],
					"position": [0, 0, 0]
				},
				"RightFoot": {
					"rotation": [0, 0, 0],
					"position": [0, 0, 0]
				},
				"AllBody": {
					"rotation": [0, 0, 0],
					"position": [0, 0, 0],
					"scale": 1
				},
				"AllHead": {
					"rotation": [0, 0, 0],
					"position": [0, 0, 0]
				},
				"Head": {
					"rotation": [0, 0, 0],
					"position": [0, 0, 0]
				},
				"bone36": {
					"scale": 0
				}
			}
		},
		"parallel0": {
			"loop": true,
			"animation_length": 0.375,
			"bones": {
				"Eyelid": {
					"scale": "ysm.is_close_eyes ? 0 : 1"
				},
				"LeftEyebrow": {
					"position": [0, "ysm.is_close_eyes ? -1 : 0", 0]
				},
				"RightEyebrow": {
					"position": [0, "ysm.is_close_eyes ? -1 : 0", 0]
				}
			}
		},
		"parallel1": {
			"loop": true,
			"animation_length": 1.54167,
			"bones": {
				"FrontHair1": {
					"rotation": {
						"0.0": [0, 0, 0],
						"0.6667": [0, 0, 5.25],
						"1.5417": [0, 0, 0]
					},
					"position": [0, 0, 0]
				},
				"bone9": {
					"rotation": {
						"0.0": [0, 0, 0],
						"0.6667": [0, 0, 1.75],
						"1.5417": [0, 0, 0]
					}
				},
				"bone26": {
					"rotation": {
						"0.0": [0, 0, 0],
						"0.6667": [0, 0, 1.75],
						"1.5417": [0, 0, 0]
					}
				},
				"bone27": {
					"rotation": {
						"0.0": [0, 0, 0],
						"0.6667": [0, 0, 3],
						"1.5417": [0, 0, 0]
					}
				},
				"bone8": {
					"rotation": {
						"0.0": [0, 0, 0],
						"0.6667": [0, 0, 1.75],
						"1.5417": [0, 0, 0]
					}
				},
				"bone24": {
					"rotation": {
						"0.0": [0, 0, 0],
						"0.6667": [0, 0, 1.75],
						"1.5417": [0, 0, 0]
					}
				},
				"bone25": {
					"rotation": {
						"0.0": [0, 0, 0],
						"0.6667": [0, 0, 3],
						"1.5417": [0, 0, 0]
					}
				},
				"bone37": {
					"rotation": {
						"0.0": [0, 0, 0],
						"0.6667": [0, 0, 2.75],
						"1.5417": [0, 0, 0]
					}
				},
				"bone40": {
					"rotation": {
						"0.0": [0, 0, 0],
						"0.6667": [0.24111, 3.24105, 4.25682],
						"1.5417": [0, 0, 0]
					},
					"position": [0, 0, 0]
				},
				"bone39": {
					"rotation": {
						"0.0": [0, 0, 0],
						"0.6667": [0, 0, 2.25],
						"1.5417": [0, 0, 0]
					},
					"position": [0, 0, 0]
				},
				"bone38": {
					"rotation": {
						"0.0": [0, 0, 0],
						"0.6667": [0, 0, 5.5],
						"1.5417": [0, 0, 0]
					},
					"position": [0, 0, 0]
				},
				"bone42": {
					"rotation": {
						"0.0": [0, 0, 0],
						"0.6667": [0, 0, 0.5],
						"1.5417": [0, 0, 0]
					},
					"position": [0, 0, 0]
				},
				"bone41": {
					"rotation": {
						"0.0": [0, 0, 0],
						"0.6667": [0, 0, 4],
						"1.5417": [0, 0, 0]
					},
					"position": [0, 0, 0]
				},
				"bone43": {
					"rotation": {
						"0.0": [0, 0, 0],
						"0.6667": [0, 0, 3.25],
						"1.5417": [0, 0, 0]
					}
				}
			}
		},
		"parallel2": {
			"loop": true
		},
		"parallel3": {
			"loop": true
		},
		"parallel4": {
			"loop": true
		},
		"parallel5": {
			"loop": true
		},
		"parallel6": {
			"loop": true
		},
		"parallel7": {
			"loop": true
		}
	}
}