{
	"format_version": "1.8.0",
	"animations": {
		"sleep": {
			"loop": true,
			"bones": {
				"Head": {
					"rotation": [0, 0, 7.5]
				},
				"bone2": {
					"rotation": [0, 0, -5]
				},
				"RightArm": {
					"rotation": [-18.18645, 17.35468, -32.60119]
				},
				"LeftArm": {
					"rotation": [-16.75776, -6.01972, 20.58611]
				},
				"bone63": {
					"rotation": [0, 17.5, 0]
				},
				"bone65": {
					"rotation": [0, -12.5, 0]
				},
				"LeftLeg": {
					"rotation": [-76.83037, 14.98539, -87.41193]
				},
				"LeftLowerLeg": {
					"rotation": [127.5, 0, 0]
				},
				"RightLeg": {
					"rotation": [-65, 0, 87.5]
				},
				"RightLowerLeg": {
					"rotation": [115, 0, 0]
				},
				"LeftForeArm": {
					"rotation": [0, 0, 12.5]
				}
			}
		},
		"death": {
			"loop": "hold_on_last_frame",
			"animation_length": 1,
			"bones": {
				"Root": {
					"rotation": {
						"0.0": {
							"post": [0, 0, 0],
							"lerp_mode": "catmullrom"
						}
					},
					"position": {
						"0.0": {
							"post": [0, 0, 0],
							"lerp_mode": "catmullrom"
						},
						"0.125": {
							"post": [0, -2.14, -3.76],
							"lerp_mode": "catmullrom"
						},
						"0.2083": {
							"post": [0, -15, -5],
							"lerp_mode": "catmullrom"
						},
						"0.25": {
							"post": [0, -15.5, -5.2],
							"lerp_mode": "catmullrom"
						},
						"0.2917": [0, -15.451, -5.21601],
						"0.3333": [0, -15.31807, -5.2822],
						"0.375": [0, -15.1777, -5.40269],
						"0.4167": [0, -15.07194, -5.51621],
						"0.4583": [0, -15, -5.6],
						"0.5": [0, -14.92841, -5.64706],
						"0.5417": [0, -14.81692, -5.68674],
						"0.5833": [0, -14.63961, -5.80499],
						"0.625": [0, -14.35265, -6.13532],
						"0.6667": [0, -13.87231, -6.888],
						"0.7083": [0, -13, -8.4],
						"0.75": {
							"pre": [1.5, -12.6, -15.3],
							"post": [1.5, -12.6, -15.3],
							"lerp_mode": "catmullrom"
						},
						"0.8333": {
							"post": [3, -19.3, -21],
							"lerp_mode": "catmullrom"
						},
						"0.9167": {
							"post": [3, -19.3, -21],
							"lerp_mode": "catmullrom"
						},
						"1.0": {
							"post": [3, -19.3, -21],
							"lerp_mode": "catmullrom"
						}
					},
					"scale": {
						"0.0": {
							"post": [1, 1, 1],
							"lerp_mode": "catmullrom"
						}
					}
				},
				"UpBody": {
					"rotation": {
						"0.0": {
							"post": [0, 0, 0],
							"lerp_mode": "catmullrom"
						},
						"0.0833": {
							"post": [5, 0, 0],
							"lerp_mode": "catmullrom"
						},
						"0.1667": {
							"post": [-24.83417, -7.76009, -1.50304],
							"lerp_mode": "catmullrom"
						},
						"0.2083": {
							"post": [-9.90252, -7.71304, -1.49392],
							"lerp_mode": "catmullrom"
						},
						"0.25": {
							"post": [30.72512, -12.43469, -3.14489],
							"lerp_mode": "catmullrom"
						},
						"0.2917": {
							"post": [30.00228, -3.80058, 1.95635],
							"lerp_mode": "catmullrom"
						},
						"0.4167": {
							"post": [33.75667, -6.05763, -2.54723],
							"lerp_mode": "catmullrom"
						},
						"0.625": {
							"post": [35.52425, -9.92737, -2.40285],
							"lerp_mode": "catmullrom"
						},
						"0.7083": {
							"post": [-4.38559, 3.22137, 6.32168],
							"lerp_mode": "catmullrom"
						},
						"0.8333": {
							"post": [-50.64045, -8.07988, 12.37047],
							"lerp_mode": "catmullrom"
						},
						"0.9167": {
							"post": [0, 0, 0],
							"lerp_mode": "catmullrom"
						},
						"1.0": {
							"post": [0, 0, 0],
							"lerp_mode": "catmullrom"
						}
					},
					"position": {
						"0.0": {
							"post": [0, 0, 0],
							"lerp_mode": "catmullrom"
						}
					}
				},
				"UpperBody": {
					"rotation": {
						"0.0": {
							"post": [0, 0, 0],
							"lerp_mode": "catmullrom"
						}
					},
					"position": {
						"0.0": {
							"post": [0, 0, 0],
							"lerp_mode": "catmullrom"
						}
					}
				},
				"LeftArm": {
					"rotation": {
						"0.0": {
							"post": [0, 0, 0],
							"lerp_mode": "catmullrom"
						},
						"0.0833": {
							"post": [12.66, 0, 0],
							"lerp_mode": "catmullrom"
						},
						"0.1667": {
							"post": [50, 0, 0],
							"lerp_mode": "catmullrom"
						},
						"0.25": {
							"post": [15, 0, 0],
							"lerp_mode": "catmullrom"
						},
						"0.2917": {
							"post": [-45, 0, 0],
							"lerp_mode": "catmullrom"
						},
						"0.4167": {
							"post": [-27.20276, 0.2671, 2.05803],
							"lerp_mode": "catmullrom"
						},
						"0.5417": {
							"post": [-35, 0, 0],
							"lerp_mode": "catmullrom"
						},
						"0.7083": {
							"post": [-65, 0, 0],
							"lerp_mode": "catmullrom"
						},
						"0.7917": {
							"post": [-95, 0, 0],
							"lerp_mode": "catmullrom"
						},
						"0.8333": {
							"post": [-70.31272, 12.04265, -11.74902],
							"lerp_mode": "catmullrom"
						},
						"0.875": {
							"post": [-67.34001, -41.14298, -35.64199],
							"lerp_mode": "catmullrom"
						},
						"0.9167": {
							"post": [-30.55376, -82.04275, -64.99123],
							"lerp_mode": "catmullrom"
						},
						"1.0": {
							"post": [-30.55376, -82.04275, -64.99123],
							"lerp_mode": "catmullrom"
						}
					},
					"position": {
						"0.0": {
							"post": [0, 0, 0],
							"lerp_mode": "catmullrom"
						}
					}
				},
				"LeftForeArm": {
					"rotation": {
						"0.0417": {
							"pre": [0, 0, 0],
							"post": [0, 0, 0],
							"lerp_mode": "catmullrom"
						},
						"0.2083": {
							"post": [12.5, 0, 0],
							"lerp_mode": "catmullrom"
						},
						"0.25": {
							"post": [-37.5, 0, 0],
							"lerp_mode": "catmullrom"
						},
						"0.3333": {
							"post": [-22.5, 0, 0],
							"lerp_mode": "catmullrom"
						},
						"0.4583": {
							"post": [2.5, 0, 0],
							"lerp_mode": "catmullrom"
						},
						"0.6667": {
							"post": [-39.64, 0, 0],
							"lerp_mode": "catmullrom"
						},
						"0.7917": {
							"post": [-55, 0, 0],
							"lerp_mode": "catmullrom"
						},
						"0.875": {
							"post": [0, 0, 0],
							"lerp_mode": "catmullrom"
						},
						"1.0": {
							"post": [0, 0, 0],
							"lerp_mode": "catmullrom"
						}
					}
				},
				"RightArm": {
					"rotation": {
						"0.0": {
							"post": [0, 0, 0],
							"lerp_mode": "catmullrom"
						},
						"0.0833": {
							"post": [12.66, 0, 0],
							"lerp_mode": "catmullrom"
						},
						"0.1667": {
							"post": [50, 0, 0],
							"lerp_mode": "catmullrom"
						},
						"0.25": {
							"post": [15, 0, 0],
							"lerp_mode": "catmullrom"
						},
						"0.2917": {
							"post": [-45, 0, 0],
							"lerp_mode": "catmullrom"
						},
						"0.5": {
							"post": [-25, 0, 0],
							"lerp_mode": "catmullrom"
						},
						"0.625": {
							"post": [-27.5, 0, 0],
							"lerp_mode": "catmullrom"
						},
						"0.7083": {
							"post": [-27.5, 0, 0],
							"lerp_mode": "catmullrom"
						},
						"0.7917": {
							"post": [35, 0, 0],
							"lerp_mode": "catmullrom"
						},
						"0.875": {
							"post": [12.5, 0, 0],
							"lerp_mode": "catmullrom"
						},
						"0.9167": {
							"post": [2.34, 0, 0],
							"lerp_mode": "catmullrom"
						},
						"0.9583": {
							"post": [3.03, 0, 0],
							"lerp_mode": "catmullrom"
						},
						"1.0": {
							"post": [0, 0, 0],
							"lerp_mode": "catmullrom"
						}
					},
					"position": {
						"0.0": {
							"post": [0, 0, 0],
							"lerp_mode": "catmullrom"
						}
					}
				},
				"RightForeArm": {
					"rotation": {
						"0.0417": {
							"pre": [0, 0, 0],
							"post": [0, 0, 0],
							"lerp_mode": "catmullrom"
						},
						"0.2083": {
							"post": [12.5, 0, 0],
							"lerp_mode": "catmullrom"
						},
						"0.25": {
							"post": [-37.5, 0, 0],
							"lerp_mode": "catmullrom"
						},
						"0.3333": {
							"post": [-22.5, 0, 0],
							"lerp_mode": "catmullrom"
						},
						"0.5417": {
							"post": [2.5, 0, 0],
							"lerp_mode": "catmullrom"
						},
						"0.6667": {
							"post": [-4.64, 0, 0],
							"lerp_mode": "catmullrom"
						},
						"0.7917": {
							"post": [10, 0, 0],
							"lerp_mode": "catmullrom"
						},
						"0.875": {
							"post": [0, 0, 0],
							"lerp_mode": "catmullrom"
						},
						"1.0": {
							"post": [0, 0, 0],
							"lerp_mode": "catmullrom"
						}
					},
					"position": {
						"0.0": {
							"post": [0, 0, 0],
							"lerp_mode": "catmullrom"
						}
					}
				},
				"LeftLeg": {
					"rotation": {
						"0.0": {
							"post": [0, 0, 0],
							"lerp_mode": "catmullrom"
						},
						"0.125": {
							"post": [-25, 0, 0],
							"lerp_mode": "catmullrom"
						},
						"0.2083": {
							"post": [-57.60889, -20.45451, -9.82134],
							"lerp_mode": "catmullrom"
						},
						"0.25": {
							"post": [-56.90483, -21.58105, -10.36225],
							"lerp_mode": "catmullrom"
						},
						"0.4583": {
							"post": [-47.93354, -21.20318, -12.20191],
							"lerp_mode": "catmullrom"
						},
						"0.7083": {
							"post": [-47.66887, -25.04508, -9.47576],
							"lerp_mode": "catmullrom"
						},
						"0.75": {
							"post": [-27.28171, -30.55147, -1.05229],
							"lerp_mode": "catmullrom"
						},
						"0.8333": {
							"post": [-2.49753, -17.31941, -3.12638],
							"lerp_mode": "catmullrom"
						},
						"0.9167": {
							"post": [-1.69457, -14.91244, -5.82147],
							"lerp_mode": "catmullrom"
						},
						"1.0": {
							"post": [-1.69457, -14.91244, -5.82147],
							"lerp_mode": "catmullrom"
						}
					},
					"position": {
						"0.0": {
							"post": [0, 0, 0],
							"lerp_mode": "catmullrom"
						}
					}
				},
				"LeftLowerLeg": {
					"rotation": {
						"0.0": {
							"post": [0, 0, 0],
							"lerp_mode": "catmullrom"
						},
						"0.125": {
							"post": [62.5, 0, 0],
							"lerp_mode": "catmullrom"
						},
						"0.2083": {
							"post": [150, 0, 0],
							"lerp_mode": "catmullrom"
						},
						"0.25": {
							"post": [149.82, 0, 0],
							"lerp_mode": "catmullrom"
						},
						"0.4583": {
							"post": [145.34, 0, 0],
							"lerp_mode": "catmullrom"
						},
						"0.7083": {
							"post": [129.75, 0, 0],
							"lerp_mode": "catmullrom"
						},
						"0.75": {
							"post": [77.53, 0, 0],
							"lerp_mode": "catmullrom"
						},
						"0.8333": {
							"post": [2.25, 0, 0],
							"lerp_mode": "catmullrom"
						},
						"0.9167": {
							"post": [2.25, 0, 0],
							"lerp_mode": "catmullrom"
						},
						"1.0": {
							"post": [2.25, 0, 0],
							"lerp_mode": "catmullrom"
						}
					},
					"position": {
						"0.0": {
							"post": [0, 0, 0],
							"lerp_mode": "catmullrom"
						}
					}
				},
				"LeftFoot": {
					"rotation": {
						"0.0": {
							"post": [0, 0, 0],
							"lerp_mode": "catmullrom"
						},
						"0.0833": {
							"post": [27.5, 0, 0],
							"lerp_mode": "catmullrom"
						},
						"0.2083": {
							"post": [60.21271, -3.74196, -6.50446],
							"lerp_mode": "catmullrom"
						},
						"0.25": {
							"post": [60.21271, -3.74196, -6.50446],
							"lerp_mode": "catmullrom"
						},
						"0.7083": {
							"post": [60.21271, -3.74196, -6.50446],
							"lerp_mode": "catmullrom"
						}
					},
					"position": {
						"0.0": {
							"post": [0, 0, 0],
							"lerp_mode": "catmullrom"
						}
					}
				},
				"RightLeg": {
					"rotation": {
						"0.0": {
							"post": [0, 0, 0],
							"lerp_mode": "catmullrom"
						},
						"0.125": {
							"post": [-6.61955, 9.96156, 5.07673],
							"lerp_mode": "catmullrom"
						},
						"0.2083": {
							"post": [-59.30953, -2.92881, 10.87865],
							"lerp_mode": "catmullrom"
						},
						"0.25": {
							"post": [-59.71144, -3.63875, 11.19819],
							"lerp_mode": "catmullrom"
						},
						"0.4583": {
							"post": [-51.67332, -4.51315, 10.85223],
							"lerp_mode": "catmullrom"
						},
						"0.7083": {
							"post": [-49.41814, -3.13239, 11.2312],
							"lerp_mode": "catmullrom"
						},
						"0.75": {
							"post": [-22.93159, 6.93068, 12.25452],
							"lerp_mode": "catmullrom"
						},
						"0.8333": {
							"post": [-1.94044, 0.9156, 17.30341],
							"lerp_mode": "catmullrom"
						},
						"0.9167": {
							"post": [-1.94044, 0.9156, 17.30341],
							"lerp_mode": "catmullrom"
						},
						"1.0": {
							"post": [-1.94044, 0.9156, 17.30341],
							"lerp_mode": "catmullrom"
						}
					},
					"position": {
						"0.0": {
							"post": [0, 0, 0],
							"lerp_mode": "catmullrom"
						}
					}
				},
				"RightLowerLeg": {
					"rotation": {
						"0.0": {
							"post": [0, 0, 0],
							"lerp_mode": "catmullrom"
						},
						"0.125": {
							"post": [42.5, 0, 0],
							"lerp_mode": "catmullrom"
						},
						"0.2083": {
							"post": [150, 0, 0],
							"lerp_mode": "catmullrom"
						},
						"0.25": {
							"post": [153.42, 0, 0],
							"lerp_mode": "catmullrom"
						},
						"0.4583": {
							"post": [148.37, 0, 0],
							"lerp_mode": "catmullrom"
						},
						"0.7083": {
							"post": [127, 0, 0],
							"lerp_mode": "catmullrom"
						},
						"0.8333": {
							"post": [2, 0, 0],
							"lerp_mode": "catmullrom"
						},
						"0.9167": {
							"post": [2, 0, 0],
							"lerp_mode": "catmullrom"
						},
						"1.0": {
							"post": [2, 0, 0],
							"lerp_mode": "catmullrom"
						}
					},
					"position": {
						"0.0": {
							"post": [0, 0, 0],
							"lerp_mode": "catmullrom"
						}
					}
				},
				"AllBody": {
					"rotation": {
						"0.0": {
							"post": [0, 0, 0],
							"lerp_mode": "catmullrom"
						},
						"0.0417": [-0.06619, 0, 0],
						"0.0833": [-0.35199, 0, 0],
						"0.125": [-0.98057, 0, 0],
						"0.1667": [-1.9204, 0, 0],
						"0.25": [-4.16, 0, 0],
						"0.2917": [-5.19423, 0, 0],
						"0.3333": [-6.02893, 0, 0],
						"0.375": [-6.67508, 0, 0],
						"0.4167": [-7.12217, 0, 0],
						"0.4583": [-7.34235, 0, 0],
						"0.5": [-7.28629, 0, 0],
						"0.5417": [-6.86874, 0, 0],
						"0.5833": [-5.92952, 0, 0],
						"0.625": [-4.10317, 0, 0],
						"0.6667": [0, 0, 0],
						"0.7083": [15.36757, 0, 0],
						"0.75": [42.35391, 0, 0],
						"0.7917": [72.12795, 0, 0],
						"0.8333": {
							"pre": [90, 0, 0],
							"post": [90, 0, 0],
							"lerp_mode": "catmullrom"
						},
						"0.9167": {
							"post": [90, 0, 0],
							"lerp_mode": "catmullrom"
						},
						"1.0": {
							"post": [90, 0, 0],
							"lerp_mode": "catmullrom"
						}
					},
					"position": {
						"0.0": {
							"post": [0, 0, 0],
							"lerp_mode": "catmullrom"
						}
					},
					"scale": {
						"0.0": {
							"post": [1, 1, 1],
							"lerp_mode": "catmullrom"
						}
					}
				},
				"AllHead": {
					"rotation": {
						"0.0": {
							"post": [0, 0, 0],
							"lerp_mode": "catmullrom"
						}
					},
					"position": {
						"0.0": {
							"post": [0, 0, 0],
							"lerp_mode": "catmullrom"
						}
					}
				},
				"Head": {
					"rotation": {
						"0.0": {
							"post": [0, 0, 0],
							"lerp_mode": "catmullrom"
						},
						"0.0833": {
							"post": [13.34, 0, 0],
							"lerp_mode": "catmullrom"
						},
						"0.2083": {
							"post": [-32.5, 0, 0],
							"lerp_mode": "catmullrom"
						},
						"0.25": {
							"post": [60, 0, 0],
							"lerp_mode": "catmullrom"
						},
						"0.4167": {
							"post": [52.56874, 3.50447, 0.46365],
							"lerp_mode": "catmullrom"
						},
						"0.6667": {
							"post": [54.92064, 0.63499, -3.63409],
							"lerp_mode": "catmullrom"
						},
						"0.7917": {
							"post": [-0.07936, 0.63499, -3.63409],
							"lerp_mode": "catmullrom"
						},
						"0.9167": {
							"post": [0, 0, 0],
							"lerp_mode": "catmullrom"
						},
						"1.0": {
							"post": [0, 0, 0],
							"lerp_mode": "catmullrom"
						}
					},
					"position": {
						"0.0": {
							"post": [0, 0, 0],
							"lerp_mode": "catmullrom"
						}
					}
				}
			}
		},
		"idle": {
			"animation_length": 10.16667,
			"bones": {
				"Root": {
					"rotation": {
						"2.125": [0, 0, 0],
						"3.4583": [0, 0, 0],
						"3.5": [0, -15, 0]
					},
					"scale": 1
				},
				"UpBody": {
					"rotation": {
						"0.0": [0, 0, 0],
						"2.125": [0, 0, 0],
						"4.5833": [0, 0, 0],
						"4.7083": [-2.5, 0, 0]
					},
					"position": {
						"0.0": [0, 0, 0],
						"2.125": [0, 0, 0],
						"4.5833": [0, 0, 0]
					}
				},
				"LeftArm": {
					"rotation": {
						"2.125": [-13.91175, -9.72746, 10.17593],
						"4.125": [-13.91, -9.73, 10.18],
						"4.2917": {
							"pre": [0, 0, 0],
							"post": [0, 0, 0],
							"lerp_mode": "catmullrom"
						}
					},
					"position": {
						"4.125": [0, 0, 0],
						"4.2917": {
							"pre": [0, 0, 0],
							"post": [0, 0, 0],
							"lerp_mode": "catmullrom"
						}
					}
				},
				"LeftForeArm": {
					"rotation": {
						"2.125": [0, -5, 25],
						"4.125": [0, -5, 25],
						"4.2917": {
							"pre": [0, 0, 0],
							"post": [0, 0, 0],
							"lerp_mode": "catmullrom"
						}
					},
					"position": {
						"2.125": [0, 0, 0],
						"4.125": [0, 0, 0],
						"4.2917": {
							"pre": [0, 0, 0],
							"post": [0, 0, 0],
							"lerp_mode": "catmullrom"
						}
					}
				},
				"RightArm": {
					"rotation": {
						"2.125": [-12.82085, 16.36821, -11.16356],
						"3.8333": [-12.82085, 16.36821, -11.16356],
						"4.0": [0, 0, 0],
						"4.125": {
							"pre": [0, 0, 0],
							"post": [0, 0, 0],
							"lerp_mode": "catmullrom"
						},
						"4.3333": {
							"post": [-17.98, -0.58, -0.35],
							"lerp_mode": "catmullrom"
						},
						"4.7917": {
							"post": [-60, 0, 0],
							"lerp_mode": "catmullrom"
						},
						"5.0": {
							"post": [-10.9333, 17.2294, 10.3141],
							"lerp_mode": "catmullrom"
						}
					},
					"position": {
						"4.0": [0, 0, 0],
						"4.125": [0, 0, 0],
						"4.3333": [0, 0, 0]
					}
				},
				"RightForeArm": {
					"rotation": {
						"2.125": [0, 0, -22.5],
						"4.125": [0, 0, -22.5],
						"4.5833": [0, 0, 0],
						"4.7917": {
							"pre": [-47.5, 0, 0],
							"post": [-47.5, 0, 0],
							"lerp_mode": "catmullrom"
						},
						"5.0": [-100, 0, 0]
					},
					"position": {
						"2.125": [0, 0, 0],
						"4.125": [0, 0, 0],
						"4.5833": [0, 0, 0]
					}
				},
				"LeftLeg": {
					"rotation": [12.60443, -7.32123, -1.63219],
					"position": [0, 0, 0]
				},
				"LeftLowerLeg": {
					"rotation": [0, 0, 0],
					"position": [0, 0, 0]
				},
				"LeftFoot": {
					"rotation": [0, 0, 0],
					"position": [0, 0, 0]
				},
				"RightLeg": {
					"rotation": [0, 0, 0],
					"position": [0, 0, 0]
				},
				"RightLowerLeg": {
					"rotation": [0, 0, 0],
					"position": [0, 0, 0]
				},
				"AllBody": {
					"rotation": [0, 0, 0],
					"position": [0, 0, 0],
					"scale": 1
				},
				"AllHead": {
					"rotation": [0, 0, 0],
					"position": [0, 0, 0]
				},
				"Head": {
					"rotation": {
						"0.0": [0, 0, 0],
						"2.0833": [0, 0, 0],
						"2.125": [0, 0, 0],
						"3.5": [0, 0, 0],
						"3.7083": [-10.99364, 27.25231, 4.60217],
						"4.125": {
							"pre": [-5.99364, 27.25231, 4.60217],
							"post": [-5.99364, 27.25231, 4.60217],
							"lerp_mode": "catmullrom"
						},
						"4.7083": [-5.99364, 27.25231, 4.60217]
					},
					"position": {
						"0.0": [0, 0, 0],
						"2.0833": [0, 0, 0],
						"2.125": [0, 0, 0],
						"3.5": [0, 0, 0]
					}
				},
				"_": {
					"rotation": [0, 0, 0],
					"position": [0, 0, 0]
				},
				"bone70": {
					"rotation": [-241.72491, 8.17773, -144.58682],
					"position": [28.6, -1.1, 0.3],
					"scale": {
						"4.9583": [0, 0, 0],
						"5.0": [1, 1, 1]
					}
				},
				"bone93": {
					"scale": {
						"2.125": [1, 1, 1],
						"4.9583": [1, 1, 1],
						"5.0": [0, 0, 0]
					}
				},
				"guanjiekuia": {
					"scale": 0
				},
				"UpperBody": {
					"rotation": [-2.5, 0, 0]
				},
				"guanjiekuai2": {
					"scale": 0
				},
				"xiangzi2": {
					"rotation": [2.49837, -17.60901, 14.99751],
					"position": [16, -3.9, -2],
					"scale": {
						"4.0417": [1, 1, 1],
						"4.1667": [1, 1, 1],
						"4.2917": [0, 0, 0]
					}
				},
				"guanjiekuia4": {
					"scale": 0
				},
				"DownBody": {
					"rotation": [0, 0, 0]
				},
				"ysmGlow_tiexiao2": {
					"scale": {
						"0.0": [0, 0, 0],
						"3.6667": [1, 1, 1]
					}
				},
				"ysmGlow_7": {
					"position": [27, 7, 12],
					"scale": {
						"5.4583": [0, 0, 0],
						"5.5": [1, 1, 1],
						"5.75": [1.11, 1.11, 1],
						"6.0": [1, 1, 1],
						"6.25": [1.13, 1.07, 1],
						"6.4583": [1, 1, 1],
						"6.6667": [1.13, 1.07, 1],
						"6.875": [1, 1, 1],
						"7.0833": [1.13, 1.07, 1],
						"7.2917": [1, 1, 1],
						"7.5": [1.13, 1.07, 1],
						"7.7083": [1, 1, 1]
					}
				},
				"ysmGlow_8": {
					"rotation": [0, 0, 0],
					"position": {
						"5.0417": [0, 0, 0],
						"5.0833": [39, 5, 13],
						"5.8333": [38.2, 5, 13]
					},
					"scale": {
						"5.0417": [0, 0, 0],
						"5.0833": [1, 1, 1],
						"5.2083": [1, 1, 1],
						"5.4583": [1.11, 1.11, 1],
						"5.7083": [1, 1, 1],
						"5.9583": [1.11, 1.11, 1],
						"6.25": [1.13, 1.07, 1],
						"6.4583": [1, 1, 1],
						"6.6667": [1.13, 1.07, 1],
						"6.875": [1, 1, 1],
						"7.0833": [1.13, 1.07, 1],
						"7.2917": [1, 1, 1],
						"7.5": [1.13, 1.07, 1],
						"7.7083": [1, 1, 1]
					}
				},
				"ysmGlow_11": {
					"position": {
						"5.0": [0, 0, 0],
						"5.0417": [42, 0, 10],
						"5.5833": [41.1, 0, 10]
					},
					"scale": {
						"5.0": [0, 0, 0],
						"5.0417": [1, 1, 1],
						"5.2917": [1.11, 1.11, 1],
						"5.5417": [1, 1, 1],
						"5.7917": [1.11, 1.11, 1],
						"6.0417": [1, 1, 1],
						"6.25": [1.13, 1.07, 1],
						"6.4583": [1, 1, 1],
						"6.6667": [1.13, 1.07, 1],
						"6.875": [1, 1, 1],
						"7.0833": [1.13, 1.07, 1],
						"7.2917": [1, 1, 1],
						"7.5": [1.13, 1.07, 1],
						"7.7083": [1, 1, 1]
					}
				},
				"ysmGlow_12": {
					"position": {
						"5.2083": [0, 0, 0],
						"5.2917": [36, 0, 10],
						"5.7917": [34.1, 0, 10]
					},
					"scale": {
						"5.2083": [0, 0, 0],
						"5.25": [1, 1, 1],
						"5.5": [1.11, 1.11, 1],
						"5.75": [1, 1, 1],
						"6.0": [1.11, 1.11, 1],
						"6.25": [1.13, 1.07, 1],
						"6.4583": [1, 1, 1],
						"6.6667": [1.13, 1.07, 1],
						"6.875": [1, 1, 1],
						"7.125": [1.13, 1.07, 1],
						"7.3333": [1, 1, 1],
						"7.5417": [1.13, 1.07, 1],
						"7.75": [1, 1, 1]
					}
				},
				"ovo": {
					"scale": 0
				}
			}
		},
		"jump": {
			"loop": true,
			"animation_length": 0.75,
			"bones": {
				"UpBody": {
					"rotation": [0, 0, 0]
				},
				"LeftArm": {
					"rotation": {
						"0.0": [-6.8, 3.16, -40.19],
						"0.0417": [-6.89, 3.15, -40.32],
						"0.0833": [-7.03, 3.12, -40.52],
						"0.125": [-7.2, 3.09, -40.76],
						"0.1667": [-7.36, 3.06, -41.01],
						"0.2083": [-7.5, 3.04, -41.22],
						"0.25": [-7.6, 3.02, -41.37],
						"0.2917": [-7.62, 3.01, -41.43],
						"0.3333": [-7.54, 3.02, -41.35],
						"0.375": [-7.36, 3.05, -41.15],
						"0.4167": [-7.12, 3.08, -40.89],
						"0.4583": [-6.88, 3.11, -40.6],
						"0.5": [-6.68, 3.14, -40.35],
						"0.5417": [-6.55, 3.16, -40.19],
						"0.5833": [-6.52, 3.17, -40.11],
						"0.625": [-6.57, 3.17, -40.1],
						"0.6667": [-6.66, 3.17, -40.13],
						"0.7083": [-6.75, 3.16, -40.17],
						"0.75": [-6.8, 3.16, -40.19]
					}
				},
				"LeftForeArm": {
					"rotation": {
						"0.0": [-35, 0, 0],
						"0.0417": [-35.04, 0, 0],
						"0.0833": [-35.1, 0, 0],
						"0.125": [-35.17, 0, 0],
						"0.1667": [-35.24, 0, 0],
						"0.2083": [-35.32, 0, 0],
						"0.25": [-35.39, 0, 0],
						"0.2917": [-35.45, 0, 0],
						"0.3333": [-35.49, 0, 0],
						"0.375": [-35.5, 0, 0],
						"0.4167": [-35.48, 0, 0],
						"0.4583": [-35.44, 0, 0],
						"0.5": [-35.38, 0, 0],
						"0.5417": [-35.3, 0, 0],
						"0.5833": [-35.22, 0, 0],
						"0.625": [-35.14, 0, 0],
						"0.6667": [-35.07, 0, 0],
						"0.7083": [-35.02, 0, 0],
						"0.75": [-35, 0, 0]
					}
				},
				"RightArm": {
					"rotation": {
						"0.0": [-6.8, -3.16, 40.19],
						"0.0417": [-6.87, -3.15, 40.29],
						"0.0833": [-6.96, -3.13, 40.43],
						"0.125": [-7.08, -3.11, 40.6],
						"0.1667": [-7.2, -3.09, 40.79],
						"0.2083": [-7.33, -3.07, 40.98],
						"0.25": [-7.44, -3.05, 41.15],
						"0.2917": [-7.53, -3.03, 41.3],
						"0.3333": [-7.6, -3.02, 41.4],
						"0.375": [-7.62, -3.01, 41.43],
						"0.4167": [-7.59, -3.02, 41.39],
						"0.4583": [-7.52, -3.03, 41.27],
						"0.5": [-7.41, -3.05, 41.11],
						"0.5417": [-7.28, -3.08, 40.91],
						"0.5833": [-7.15, -3.1, 40.71],
						"0.625": [-7.02, -3.12, 40.51],
						"0.6667": [-6.91, -3.14, 40.35],
						"0.7083": [-6.83, -3.16, 40.23],
						"0.75": [-6.8, -3.16, 40.19]
					}
				},
				"RightForeArm": {
					"rotation": {
						"0.0": [-35, 0, 0],
						"0.0417": [-35.04, 0, 0],
						"0.0833": [-35.1, 0, 0],
						"0.125": [-35.17, 0, 0],
						"0.1667": [-35.24, 0, 0],
						"0.2083": [-35.32, 0, 0],
						"0.25": [-35.39, 0, 0],
						"0.2917": [-35.45, 0, 0],
						"0.3333": [-35.49, 0, 0],
						"0.375": [-35.5, 0, 0],
						"0.4167": [-35.48, 0, 0],
						"0.4583": [-35.44, 0, 0],
						"0.5": [-35.38, 0, 0],
						"0.5417": [-35.3, 0, 0],
						"0.5833": [-35.22, 0, 0],
						"0.625": [-35.14, 0, 0],
						"0.6667": [-35.07, 0, 0],
						"0.7083": [-35.02, 0, 0],
						"0.75": [-35, 0, 0]
					}
				},
				"LeftLeg": {
					"rotation": {
						"0.0833": [-9, 0, 0],
						"0.125": [-8.98, -0.09, -0.01],
						"0.1667": [-8.95, -0.23, -0.02],
						"0.2083": [-8.91, -0.39, -0.04],
						"0.25": [-8.87, -0.56, -0.06],
						"0.2917": [-8.83, -0.73, -0.08],
						"0.3333": [-8.8, -0.87, -0.09],
						"0.375": [-8.78, -0.96, -0.1],
						"0.4167": [-8.77, -1, -0.11],
						"0.4583": [-8.78, -0.96, -0.1],
						"0.5": [-8.8, -0.87, -0.09],
						"0.5417": [-8.83, -0.73, -0.08],
						"0.5833": [-8.87, -0.56, -0.06],
						"0.625": [-8.91, -0.39, -0.04],
						"0.6667": [-8.95, -0.23, -0.02],
						"0.7083": [-8.98, -0.09, -0.01],
						"0.75": [-9, 0, 0]
					}
				},
				"LeftLowerLeg": {
					"rotation": {
						"0.125": [22.5, 0, 0],
						"0.1667": [22.73, 0, 0],
						"0.2083": [23.07, 0, 0],
						"0.25": [23.47, 0, 0],
						"0.2917": [23.91, 0, 0],
						"0.3333": [24.32, 0, 0],
						"0.375": [24.67, 0, 0],
						"0.4167": [24.91, 0, 0],
						"0.4583": [25, 0, 0],
						"0.5": [24.88, 0, 0],
						"0.5417": [24.58, 0, 0],
						"0.5833": [24.15, 0, 0],
						"0.625": [23.66, 0, 0],
						"0.6667": [23.18, 0, 0],
						"0.7083": [22.77, 0, 0],
						"0.75": [22.5, 0, 0]
					}
				},
				"LeftFoot": {
					"rotation": [43, 0, 0]
				},
				"RightLeg": {
					"rotation": {
						"0.0": [-66.5, 0, 0],
						"0.0417": [-66.34, 0, 0],
						"0.0833": [-66.11, 0, 0],
						"0.125": [-65.83, 0, 0],
						"0.1667": [-65.53, 0, 0],
						"0.2083": [-65.22, 0, 0],
						"0.25": [-64.94, 0, 0],
						"0.2917": [-64.71, 0, 0],
						"0.3333": [-64.56, 0, 0],
						"0.375": [-64.5, 0, 0],
						"0.4167": [-64.56, 0, 0],
						"0.4583": [-64.71, 0, 0],
						"0.5": [-64.94, 0, 0],
						"0.5417": [-65.22, 0, 0],
						"0.5833": [-65.53, 0, 0],
						"0.625": [-65.83, 0, 0],
						"0.6667": [-66.11, 0, 0],
						"0.7083": [-66.34, 0, 0],
						"0.75": [-66.5, 0, 0]
					}
				},
				"RightLowerLeg": {
					"rotation": {
						"0.0833": [120, 0, 0],
						"0.125": [119.61, 0, 0],
						"0.1667": [119.03, 0, 0],
						"0.2083": [118.33, 0, 0],
						"0.25": [117.57, 0, 0],
						"0.2917": [116.81, 0, 0],
						"0.3333": [116.11, 0, 0],
						"0.375": [115.53, 0, 0],
						"0.4167": [115.14, 0, 0],
						"0.4583": [115, 0, 0],
						"0.5": [115.23, 0, 0],
						"0.5417": [115.85, 0, 0],
						"0.5833": [116.71, 0, 0],
						"0.625": [117.68, 0, 0],
						"0.6667": [118.64, 0, 0],
						"0.7083": [119.46, 0, 0],
						"0.75": [120, 0, 0]
					}
				},
				"Head": {
					"rotation": {
						"0.0": [0, 0, 0],
						"0.0417": [-0.08, 0, 0],
						"0.0833": [-0.19, 0, 0],
						"0.125": [-0.33, 0, 0],
						"0.1667": [-0.49, 0, 0],
						"0.2083": [-0.64, 0, 0],
						"0.25": [-0.78, 0, 0],
						"0.2917": [-0.89, 0, 0],
						"0.3333": [-0.97, 0, 0],
						"0.375": [-1, 0, 0],
						"0.4167": [-0.97, 0, 0],
						"0.4583": [-0.89, 0, 0],
						"0.5": [-0.78, 0, 0],
						"0.5417": [-0.64, 0, 0],
						"0.5833": [-0.49, 0, 0],
						"0.625": [-0.33, 0, 0],
						"0.6667": [-0.19, 0, 0],
						"0.7083": [-0.08, 0, 0],
						"0.75": [0, 0, 0]
					}
				},
				"DownBody": {
					"rotation": [0, 0, 0]
				}
			}
		},
		"walk": {
			"loop": true,
			"animation_length": 1,
			"bones": {
				"Root": {
					"rotation": [0, 0, 0],
					"position": {
						"0.0": [0.2, -0.55, 0],
						"0.0417": [0.15792, -0.71768, 0],
						"0.0833": [0.11678, -0.8328, 0],
						"0.125": [0.06846, -0.87724, 0],
						"0.1667": [0, -0.8, 0],
						"0.2083": [-0.07122, -0.61256, 0],
						"0.25": [-0.12491, -0.43427, 0],
						"0.2917": [-0.16828, -0.30476, 0],
						"0.3333": [-0.2, -0.25, 0],
						"0.375": [-0.21859, -0.26231, 0],
						"0.4167": [-0.22885, -0.31587, 0],
						"0.4583": [-0.22616, -0.4068, 0],
						"0.5": [-0.2, -0.55, 0],
						"0.5417": [-0.15792, -0.71768, 0],
						"0.5833": [-0.11678, -0.8328, 0],
						"0.625": [-0.06846, -0.87724, 0],
						"0.6667": [0, -0.8, 0],
						"0.7083": [0.07122, -0.61256, 0],
						"0.75": [0.12491, -0.43427, 0],
						"0.7917": [0.16828, -0.30476, 0],
						"0.8333": [0.2, -0.25, 0],
						"0.875": [0.21859, -0.26231, 0],
						"0.9167": [0.22885, -0.31587, 0],
						"0.9583": [0.22616, -0.4068, 0],
						"1.0": [0.2, -0.55, 0]
					},
					"scale": 1
				},
				"UpBody": {
					"rotation": {
						"0.0": [-2.55404, -2.48791, -1.43938],
						"0.0417": [-2.03478, -2.43592, -1.75637],
						"0.0833": [-1.67356, -2.3087, -1.95696],
						"0.125": [-1.59012, -1.91916, -1.70376],
						"0.1667": [-1.69923, -1.14076, -0.84132],
						"0.2083": [-1.91033, -0.37961, -0.24383],
						"0.375": [-2.77586, 1.73487, 0.72935],
						"0.4167": [-2.8713, 2.10657, 0.92611],
						"0.4583": [-2.84486, 2.38303, 1.15151],
						"0.5": [-2.55404, 2.48791, 1.43938],
						"0.5417": [-2.03478, 2.43592, 1.75637],
						"0.5833": [-1.67356, 2.3087, 1.95696],
						"0.625": [-1.59012, 1.91916, 1.70376],
						"0.6667": [-1.69923, 1.14076, 0.84132],
						"0.7083": [-1.91033, 0.37961, 0.24383],
						"0.875": [-2.77586, -1.73487, -0.72935],
						"0.9167": [-2.8713, -2.10657, -0.92611],
						"0.9583": [-2.84486, -2.38303, -1.15151],
						"1.0": [-2.55404, -2.48791, -1.43938]
					},
					"position": [0, 0, 0]
				},
				"LeftArm": {
					"rotation": {
						"0.0": [-26.59751, -39.38259, 37.37855],
						"0.25": [-15.57921, -42.18767, 28.19394],
						"0.4583": [-26.59751, -39.38259, 37.37855],
						"0.7083": [-15.57921, -42.18767, 28.19394],
						"1.0": {
							"pre": [-26.59751, -39.38259, 37.37855],
							"post": [-26.59751, -39.38259, 37.37855],
							"lerp_mode": "catmullrom"
						}
					}
				},
				"LeftForeArm": {
					"rotation": [0, 0, 12.5]
				},
				"RightArm": {
					"rotation": {
						"0.0": [-20.57959, 20.63963, -21.10041],
						"0.25": [-15.57959, 20.63963, -21.10041],
						"0.4583": [-20.57959, 20.63963, -21.10041],
						"0.7083": [-15.57959, 20.63963, -21.10041],
						"1.0": {
							"pre": [-20.57959, 20.63963, -21.10041],
							"post": [-20.57959, 20.63963, -21.10041],
							"lerp_mode": "catmullrom"
						}
					}
				},
				"RightForeArm": {
					"rotation": {
						"0.0": [0, 0, -15],
						"0.375": [0, 0, -20],
						"1.0": [0, 0, -15]
					}
				},
				"LeftLeg": {
					"rotation": {
						"0.0": [-27.47911, 1.05627, 1.26603],
						"0.0417": [-27.55693, 0.89687, 1.64028],
						"0.0833": [-26.18492, 0.76592, 1.66156],
						"0.125": [-23.45979, 0.70976, 1.17327],
						"0.1667": [-19.98976, 0.73949, 0.58613],
						"0.2083": [-14.15436, 0.73097, 0.31245],
						"0.25": [-5.88559, 0.59835, 0.09125],
						"0.2917": [2.10836, 0.47075, -0.05684],
						"0.3333": [8.00334, 0.4226, -0.09368],
						"0.375": [13.00256, 0.36094, -0.10131],
						"0.4167": [18.15021, 0.1606, -0.14293],
						"0.4583": [21.39564, -0.01573, -0.13322],
						"0.5": [22.49507, -0.07303, 0.02898],
						"0.5417": [22.50267, -0.0876, 0.28071],
						"0.5833": [21.52366, -0.09837, 0.37898],
						"0.625": [18.92016, -0.12029, 0.26993],
						"0.6667": [14.99471, -0.17369, -0.0152],
						"0.7083": [10.03151, -0.32823, -0.39053],
						"0.75": [3.97397, -0.59048, -0.67433],
						"0.7917": [-2.81424, -0.82035, -0.68091],
						"0.8333": [-9.98673, -0.90794, -0.56815],
						"0.875": [-16.77555, -0.58253, -0.38857],
						"0.9167": [-22.17271, 0.24293, 0.0445],
						"0.9583": [-25.77437, 0.93312, 0.71637],
						"1.0": [-27.47911, 1.05627, 1.26603]
					}
				},
				"LeftLowerLeg": {
					"rotation": {
						"0.0": [10, 0, 0],
						"0.0417": [13.41296, 0, 0],
						"0.0833": [18.57232, 0, 0],
						"0.125": [23.16494, 0, 0],
						"0.1667": [25, 0, 0],
						"0.2083": [22.68505, 0, 0],
						"0.25": [17.08933, 0, 0],
						"0.2917": [11.0242, 0, 0],
						"0.3333": [7.5, 0, 0],
						"0.375": [6.46077, 0, 0],
						"0.4167": [6.43058, 0, 0],
						"0.4583": [7.59, 0, 0],
						"0.5": [10, 0, 0],
						"0.5417": [14.09609, 0, 0],
						"0.5833": [19.42555, 0, 0],
						"0.625": [24.33566, 0, 0],
						"0.6667": [27.5, 0, 0],
						"0.7083": [30.12553, 0, 0],
						"0.75": [33.23371, 0, 0],
						"0.7917": [35.43106, 0, 0],
						"0.8333": [35, 0, 0],
						"0.875": [29.0815, 0, 0],
						"0.9167": [19.73675, 0, 0],
						"0.9583": [12.00834, 0, 0],
						"1.0": [10, 0, 0]
					}
				},
				"LeftFoot": {
					"rotation": {
						"0.0": [-2.5, 0, 0],
						"0.0417": [-1.57849, 0, 0],
						"0.0833": [-2.63983, 0, 0],
						"0.125": [-4.44664, 0, 0],
						"0.1667": [-5, 0, 0],
						"0.2083": [-3.2721, 0, 0],
						"0.25": [0.06873, 0, 0],
						"0.2917": [3.26027, 0, 0],
						"0.3333": [5, 0, 0],
						"0.375": [4.72674, 0, 0],
						"0.4167": [2.72931, 0, 0],
						"0.4583": [0.31505, 0, 0],
						"0.5": [0, 0, 0],
						"0.5417": [3.19702, 0, 0],
						"0.5833": [7.09531, 0, 0],
						"0.625": [10.5432, 0, 0],
						"0.6667": [12.5, 0, 0],
						"0.7083": [8.25657, 0, 0],
						"0.75": [-1.68498, 0, 0],
						"0.7917": [-12.07028, 0, 0],
						"0.8333": [-17.5, 0, 0],
						"0.875": [-15.70058, 0, 0],
						"0.9167": [-10.76614, 0, 0],
						"0.9583": [-5.71536, 0, 0],
						"1.0": [-2.5, 0, 0]
					}
				},
				"RightLeg": {
					"rotation": {
						"0.0": [22.49507, 0.07303, -0.02898],
						"0.0417": [22.50267, 0.0876, -0.28071],
						"0.0833": [21.52366, 0.09837, -0.37898],
						"0.125": [18.92016, 0.12029, -0.26993],
						"0.1667": [14.99471, 0.17369, 0.0152],
						"0.2083": [10.03151, 0.32823, 0.39053],
						"0.25": [3.97397, 0.59048, 0.67433],
						"0.2917": [-2.81424, 0.82035, 0.68091],
						"0.3333": [-9.98673, 0.90794, 0.56815],
						"0.375": [-16.77555, 0.58253, 0.38857],
						"0.4167": [-22.17271, -0.24293, -0.0445],
						"0.4583": [-25.77437, -0.93312, -0.71637],
						"0.5": [-27.47911, -1.05627, -1.26603],
						"0.5417": [-27.55693, -0.89687, -1.64028],
						"0.5833": [-26.18492, -0.76592, -1.66156],
						"0.625": [-23.45979, -0.70976, -1.17327],
						"0.6667": [-19.98976, -0.73949, -0.58613],
						"0.7083": [-14.15436, -0.73097, -0.31245],
						"0.75": [-5.88559, -0.59835, -0.09125],
						"0.7917": [2.10836, -0.47075, 0.05684],
						"0.8333": [8.00334, -0.4226, 0.09368],
						"0.875": [13.00256, -0.36094, 0.10131],
						"0.9167": [18.15021, -0.1606, 0.14293],
						"0.9583": [21.39564, 0.01573, 0.13322],
						"1.0": [22.49507, 0.07303, -0.02898]
					}
				},
				"RightLowerLeg": {
					"rotation": {
						"0.0": [10, 0, 0],
						"0.0417": [14.09609, 0, 0],
						"0.0833": [19.42555, 0, 0],
						"0.125": [24.33566, 0, 0],
						"0.1667": [27.5, 0, 0],
						"0.2083": [30.12553, 0, 0],
						"0.25": [33.23371, 0, 0],
						"0.2917": [35.43106, 0, 0],
						"0.3333": [35, 0, 0],
						"0.375": [29.0815, 0, 0],
						"0.4167": [19.73675, 0, 0],
						"0.4583": [12.00834, 0, 0],
						"0.5": [10, 0, 0],
						"0.5417": [13.41296, 0, 0],
						"0.5833": [18.57232, 0, 0],
						"0.625": [23.16494, 0, 0],
						"0.6667": [25, 0, 0],
						"0.7083": [22.68505, 0, 0],
						"0.75": [17.08933, 0, 0],
						"0.7917": [11.0242, 0, 0],
						"0.8333": [7.5, 0, 0],
						"0.875": [6.46077, 0, 0],
						"0.9167": [6.43058, 0, 0],
						"0.9583": [7.59, 0, 0],
						"1.0": [10, 0, 0]
					}
				},
				"AllBody": {
					"rotation": [0, 0, 0],
					"position": [0, 0, 0],
					"scale": 1
				},
				"AllHead": {
					"rotation": [0, 0, 0],
					"position": [0, 0, 0]
				},
				"Head": {
					"rotation": {
						"0.0": [1.82548, 1.99465, 2.24747],
						"0.0417": [1.39867, 1.61791, 2.1297],
						"0.0833": [1.11263, 1.15236, 1.91928],
						"0.125": [0.99929, 0.59675, 1.58722],
						"0.1667": [1.08903, -0.03657, 1.09688],
						"0.2083": [1.38572, -0.71046, 0.42209],
						"0.25": [1.82548, -1.35733, -0.38742],
						"0.2917": [2.26523, -1.89491, -1.15298],
						"0.3333": [2.56193, -2.26126, -1.7168],
						"0.375": [2.65167, -2.43598, -2.06292],
						"0.4167": [2.53832, -2.43176, -2.23817],
						"0.4583": [2.25228, -2.27537, -2.28869],
						"0.5": [1.82548, -1.99465, -2.24747],
						"0.5417": [1.39867, -1.61791, -2.1297],
						"0.5833": [1.11263, -1.15236, -1.91928],
						"0.625": [0.99929, -0.59675, -1.58722],
						"0.6667": [1.08903, 0.03657, -1.09688],
						"0.7083": [1.38572, 0.71046, -0.42209],
						"0.75": [1.82548, 1.35733, 0.38742],
						"0.7917": [2.26523, 1.89491, 1.15298],
						"0.8333": [2.56193, 2.26126, 1.7168],
						"0.875": [2.65167, 2.43598, 2.06292],
						"0.9167": [2.53832, 2.43176, 2.23817],
						"0.9583": [2.25228, 2.27537, 2.28869],
						"1.0": [1.82548, 1.99465, 2.24747]
					},
					"position": [0, 0, 0]
				},
				"RightHand": {
					"rotation": {
						"0.0": [-10, 0, 0],
						"0.25": [5.48503, -1.96954, 0.34815],
						"0.625": [-15.03742, -4.92385, 0.87038],
						"1.0": [-10, 0, 0]
					}
				},
				"xiangzi2": {
					"rotation": {
						"0.0": [0.78795, -17.48281, 12.37884],
						"0.625": [6.31274, -31.94715, 8.19132],
						"1.0": [0.78795, -17.48281, 12.37884]
					},
					"position": [16, -3.9, -2],
					"scale": 1
				},
				"guanjiekuai2": {
					"scale": 0
				},
				"guanjiekuia4": {
					"scale": 0
				},
				"ysmGlow_huan": {
					"rotation": {
						"0.0833": {
							"pre": [0, 0, 0],
							"post": [0, 0, 0],
							"lerp_mode": "catmullrom"
						},
						"0.3333": {
							"post": [7.5, 0, 0],
							"lerp_mode": "catmullrom"
						},
						"0.5833": {
							"post": [0, 0, 0],
							"lerp_mode": "catmullrom"
						},
						"0.8333": {
							"post": [7.5, 0, 0],
							"lerp_mode": "catmullrom"
						},
						"1.0": {
							"post": [0, 0, 0],
							"lerp_mode": "catmullrom"
						}
					},
					"position": {
						"0.0": {
							"post": [0, 0, 0],
							"lerp_mode": "catmullrom"
						},
						"0.25": {
							"post": [0, 0, 2],
							"lerp_mode": "catmullrom"
						},
						"0.5": {
							"post": [0, 0, 0],
							"lerp_mode": "catmullrom"
						},
						"0.7917": {
							"post": [0, 0, 2],
							"lerp_mode": "catmullrom"
						},
						"1.0": {
							"post": [0, 0, 0],
							"lerp_mode": "catmullrom"
						}
					}
				},
				"qiangxie": {
					"scale": 0
				},
				"zuoxiong": {
					"rotation": {
						"0.0": [0, 0, 0],
						"0.25": [0, 0, 5],
						"0.4583": [0, 0, 0],
						"0.5417": [0, 0, 0],
						"0.7917": [0, 0, 5],
						"1.0": [0, 0, 0]
					},
					"position": {
						"0.0": [0, 0, 0],
						"0.5417": [0, 0, 0]
					},
					"scale": {
						"0.0": [1, 1, 1],
						"0.25": [1.07, 1, 1],
						"0.4583": [1, 1, 1],
						"0.5417": [1, 1, 1],
						"0.7917": [1.07, 1, 1],
						"1.0": [1, 1, 1]
					}
				},
				"bone73": {
					"rotation": {
						"0.0": [0, 0, 0],
						"0.25": [0, 0, -5],
						"0.4583": [0, 0, 0],
						"0.5417": [0, 0, 0],
						"0.7917": [0, 0, -5],
						"1.0": [0, 0, 0]
					},
					"position": {
						"0.0": [0, 0, 0],
						"0.5417": [0, 0, 0]
					},
					"scale": {
						"0.0": [1, 1, 1],
						"0.25": [1.07, 1, 1],
						"0.4583": [1, 1, 1],
						"0.5417": [1, 1, 1],
						"0.7917": [1.07, 1, 1],
						"1.0": [1, 1, 1]
					}
				},
				"bone66": {
					"rotation": {
						"0.0": [0, 0, 0],
						"0.25": [0, 0, -5],
						"0.4583": [0, 0, 0],
						"0.5417": [0, 0, 0],
						"0.7917": [0, 0, -5],
						"1.0": [0, 0, 0]
					},
					"position": {
						"0.0": [0, 0, 0],
						"0.5417": [0, 0, 0]
					},
					"scale": {
						"0.0": [1, 1, 1],
						"0.25": [1.07, 1, 1],
						"0.4583": [1, 1, 1],
						"0.5417": [1, 1, 1],
						"0.7917": [1.07, 1, 1],
						"1.0": [1, 1, 1]
					}
				}
			}
		},
		"attacked": {
			"animation_length": 0.45833,
			"bones": {
				"Root": {
					"rotation": {
						"0.0": [0, 0, 0],
						"0.0417": [0, 2.96, 0],
						"0.0833": [0, 7.04, 0],
						"0.125": [0, 10, 0],
						"0.1667": [0, 11.25, 0],
						"0.2083": [0, 10, 0],
						"0.25": [0, 8.48, 0],
						"0.2917": [0, 6.24, 0],
						"0.3333": [0, 3.76, 0],
						"0.375": [0, 1.52, 0],
						"0.4167": [0, 0, 0],
						"0.4583": [0, 0, 0]
					},
					"position": {
						"0.0": [0, -1, 0],
						"0.0417": [0, -1.94, 2.17],
						"0.0833": [0, -3.71, 4.63],
						"0.125": [0, -5.8, 7],
						"0.1667": [0, -5.98, 7.27],
						"0.2083": [0, -5.8, 7],
						"0.25": [0, -5.43, 6.31],
						"0.2917": [0, -4.8, 5],
						"0.3333": [0, -4.13, 3.37],
						"0.375": [0, -1.56, 1.41],
						"0.4167": [0, -1, 0],
						"0.4583": [0, -1, 0]
					}
				},
				"UpBody": {
					"rotation": {
						"0.0": [0, 0, 0],
						"0.0417": [22.52, 2.31, 0.96],
						"0.0833": [20.37, 4.23, 1.12],
						"0.125": [14.05, 6.46, 1.18],
						"0.1667": [7.56, 7.44, 0.98],
						"0.2083": [-2.13, 4.74, -0.23],
						"0.25": [-8.85, 1.24, -1.28],
						"0.2917": [-8.21, 0.55, -1.18],
						"0.3333": [-5.45, 0.23, -0.78],
						"0.375": [-2.18, 0.11, -0.31],
						"0.4167": [0, 0, 0],
						"0.4583": [0, 0, 0]
					},
					"position": [0, 0, 0]
				},
				"LeftArm": {
					"rotation": {
						"0.0": [0, 0, 0],
						"0.0417": [-24.89, -3.96, -3.05],
						"0.0833": [-67.5, 0, 0],
						"0.125": [-40.78, -1.78, -11.04],
						"0.1667": [-4.42, -3.41, -22.14],
						"0.2083": [10.29, -2.17, -23.44],
						"0.25": [21.86, 0.02, -21.99],
						"0.2917": [30.14, 1.69, -19.52],
						"0.3333": [37.01, 2.36, -13.95],
						"0.375": [35.16, 2.13, -7.73],
						"0.4167": [17.89, 1.09, -3.13],
						"0.4583": [0, 0, 0]
					},
					"position": [0, 0, 0]
				},
				"LeftForeArm": {
					"rotation": {
						"0.0": [0, 0, 0],
						"0.0417": [-42.5, 0, 0],
						"0.0833": [-17.5, 0, 0],
						"0.125": [-43.5, 3.91, -6.97],
						"0.1667": [-65.75, 6.28, -13.65],
						"0.2083": [-53.39, 2.96, -14.55],
						"0.25": [-29.54, -2.42, -13.67],
						"0.2917": [-10.75, -6, -11.32],
						"0.3333": [-2.74, -4.93, -3.14],
						"0.375": [-1.43, -2.06, 4.23],
						"0.4167": [-0.13, -0.79, 3.09],
						"0.4583": [0, 0, 0]
					},
					"position": [0, 0, 0]
				},
				"RightArm": {
					"rotation": {
						"0.0": [0, 0, 0],
						"0.0417": [-67.42, -4.62, -1.92],
						"0.0833": [-87.42, -4.62, -1.92],
						"0.125": [-85.46, -12.41, 20.41],
						"0.1667": [-76.62, -20.2, 42.74],
						"0.2083": [-67, -22.1, 47.63],
						"0.25": [-54.68, -22.27, 47.56],
						"0.2917": [-41.62, -20.2, 42.74],
						"0.3333": [-26.71, -14.22, 30.09],
						"0.375": [-11.05, -5.99, 12.68],
						"0.4167": [0, 0, 0],
						"0.4583": [0, 0, 0]
					},
					"position": [0, 0, 0]
				},
				"RightForeArm": {
					"rotation": {
						"0.0": [0, 0, 0],
						"0.0417": [0, 0, 0],
						"0.0833": [0, 0, -1.26],
						"0.125": [0, 0, -3.18],
						"0.1667": [0, 0, -5.22],
						"0.2083": [0, 0, -6.84],
						"0.25": [0, 0, -7.5],
						"0.2917": [0, 0, -6.5],
						"0.3333": [0, 0, -4.22],
						"0.375": [0, 0, -1.7],
						"0.4167": [0, 0, 0],
						"0.4583": [0, 0, 0]
					},
					"position": [0, 0, 0]
				},
				"LeftLeg": {
					"rotation": {
						"0.0": [0, 0, 0],
						"0.0417": [-20, -5, 0],
						"0.0833": [-31.4, -7.38, -1.83],
						"0.125": [-40.15, -9.22, -3.6],
						"0.1667": [-38.86, -9.84, -3.08],
						"0.2083": [-38.69, -9.08, -1.7],
						"0.25": [-37.76, -7.76, -0.34],
						"0.2917": [-35.86, -5.95, 0.04],
						"0.3333": [-30.31, -3.91, 0.07],
						"0.375": [-14.69, -1.71, 0.06],
						"0.4167": [0, 0, 0],
						"0.4583": [0, 0, 0]
					},
					"position": {
						"0.0": [0, 0, 0],
						"0.0417": [0, 0, 0],
						"0.0833": [0, 0, 0],
						"0.125": [0, 0, 0],
						"0.1667": [0, 0, 0],
						"0.2083": [0, 0, 0],
						"0.25": [0, 0, 0],
						"0.2917": [0, 0, 0],
						"0.3333": [0, 0, 0],
						"0.375": [0, 0, 0],
						"0.4167": [0, 0, 0],
						"0.4583": [0, 0, 0]
					}
				},
				"LeftLowerLeg": {
					"rotation": {
						"0.0": [0, 0, 0],
						"0.0417": [35, 0, 0],
						"0.0833": [50.73, -0.09, 0.12],
						"0.125": [62.15, -0.18, 0.24],
						"0.1667": [62.5, -0.26, 0.27],
						"0.2083": [63.16, -0.29, 0.28],
						"0.25": [62.5, -0.26, 0.27],
						"0.2917": [60.64, -0.06, 0.22],
						"0.3333": [52.25, 0.13, 0.15],
						"0.375": [25.48, 0.09, 0.07],
						"0.4167": [0, 0, 0],
						"0.4583": [0, 0, 0]
					},
					"position": {
						"0.0": [0, 0, 0],
						"0.0417": [0, 0, 0],
						"0.0833": [0, 0, 0],
						"0.125": [0, 0, 0],
						"0.1667": [0, 0, 0],
						"0.2083": [0, 0, 0],
						"0.25": [0, 0, 0],
						"0.2917": [0, 0, 0],
						"0.3333": [0, 0, 0],
						"0.375": [0, 0, 0],
						"0.4167": [0, 0, 0],
						"0.4583": [0, 0, 0]
					}
				},
				"LeftFoot": {
					"rotation": {
						"0.0": [0, 0, 0],
						"0.0417": [-10, 0, 0],
						"0.0833": [-9.26, 0, 0.02],
						"0.125": [-6.85, 0, 0.05],
						"0.1667": [-5, 0, 0.07],
						"0.2083": [-4.15, 0.01, 0.07],
						"0.25": [-5, 0, 0.07],
						"0.2917": [-10.12, -0.06, 0.11],
						"0.3333": [-13.55, -0.1, 0.13],
						"0.375": [-7.31, -0.06, 0.07],
						"0.4167": [0, 0, 0],
						"0.4583": [0, 0, 0]
					},
					"position": {
						"0.0": [0, 0, 0],
						"0.0417": [0, 0, 0],
						"0.0833": [0, 0, 0],
						"0.125": [0, 0, 0],
						"0.1667": [0, 0, 0],
						"0.2083": [0, 0, 0],
						"0.25": [0, 0, 0],
						"0.2917": [0, 0, 0],
						"0.3333": [0, 0, 0],
						"0.375": [0, 0, 0],
						"0.4167": [0, 0, 0],
						"0.4583": [0, 0, 0]
					}
				},
				"RightLeg": {
					"rotation": {
						"0.0": [0, 0, 0],
						"0.0417": [-25.14, -7.15, 2.27],
						"0.0833": [-20.22, -9.1, 0.23],
						"0.125": [22.99, -9.7, -1.47],
						"0.1667": [27.18, -8.8, -0.07],
						"0.2083": [26.71, -7.43, 2.07],
						"0.25": [24.21, -6.11, 3.49],
						"0.2917": [16.21, -4.42, 3.21],
						"0.3333": [7.18, -2.83, 2.06],
						"0.375": [2.53, -1.21, 0.94],
						"0.4167": [0, 0, 0],
						"0.4583": [0, 0, 0]
					},
					"position": {
						"0.0": [0, 0, 0],
						"0.0417": [0, 0, 0],
						"0.0833": [0, 0, 0],
						"0.125": [0, 0, 0],
						"0.1667": [0, 0, 0],
						"0.2083": [0, 0, 0],
						"0.25": [0, 0, 0],
						"0.2917": [0, 0, 0],
						"0.3333": [0, 0, 0],
						"0.375": [0, 0, 0],
						"0.4167": [0, 0, 0],
						"0.4583": [0, 0, 0]
					}
				},
				"RightLowerLeg": {
					"rotation": {
						"0.0": [0, 0, 0],
						"0.0417": [15, 0, 0],
						"0.0833": [7.12, -0.3, 0.03],
						"0.125": [37.49, -0.6, 0.06],
						"0.1667": [39.73, -0.65, 0.08],
						"0.2083": [38.7, -0.67, 0.1],
						"0.25": [38.49, -0.65, 0.11],
						"0.2917": [45.64, -0.51, 0.09],
						"0.3333": [46.81, -0.33, 0.06],
						"0.375": [23.92, -0.14, 0.03],
						"0.4167": [0, 0, 0],
						"0.4583": [0, 0, 0]
					},
					"position": {
						"0.0": [0, 0, 0],
						"0.0417": [0, 0, 0],
						"0.0833": [0, 0, 0],
						"0.125": [0, 0, 0],
						"0.1667": [0, 0, 0],
						"0.2083": [0, 0, 0],
						"0.25": [0, 0, 0],
						"0.2917": [0, 0, 0],
						"0.3333": [0, 0, 0],
						"0.375": [0, 0, 0],
						"0.4167": [0, 0, 0],
						"0.4583": [0, 0, 0]
					}
				},
				"AllBody": {
					"rotation": [0, 0, 0],
					"position": [0, 0, 0],
					"scale": 1
				},
				"AllHead": {
					"rotation": {
						"0.0": [0, 0, 0],
						"0.0417": [17.5, 0, 0],
						"0.0833": [0, 0, 0]
					},
					"position": [0, 0, 0]
				},
				"Head": {
					"rotation": {
						"0.0": [0, 0, 0],
						"0.0417": [-30.09, -4.33, 2.5],
						"0.0833": [9.88, -7.24, 1.95],
						"0.125": [26.71, -6.52, 1.68],
						"0.1667": [37.9, -4.87, 1.36],
						"0.2083": [39.33, -3.37, 1.05],
						"0.25": [37.07, -1.63, 0.7],
						"0.2917": [32.7, -0.34, 0.42],
						"0.3333": [20.82, 0.17, 0.24],
						"0.375": [8.52, 0.11, 0.15],
						"0.4167": [2.75, 0.08, 0.06],
						"0.4583": [0, 0, 0]
					}
				},
				"DownBody": {
					"rotation": {
						"0.0": [0, 0, 0],
						"0.0417": [-5.19, 0.03, 0.09],
						"0.0833": [-12.32, 0.06, 0.18],
						"0.125": [-17.5, 0, 0],
						"0.1667": [-19.44, -0.25, -0.79],
						"0.2083": [-19.43, -0.58, -1.85],
						"0.25": [-17.48, -0.75, -2.38],
						"0.2917": [-13.93, -0.65, -2.07],
						"0.3333": [-8.74, -0.42, -1.34],
						"0.375": [-3.55, -0.17, -0.54],
						"0.4167": [0, 0, 0],
						"0.4583": [0, 0, 0]
					}
				}
			}
		},
		"sit": {
			"animation_length": 0.375,
			"bones": {
				"Root": {
					"rotation": [0, 0, 0],
					"position": [0, -18, 0],
					"scale": 1
				},
				"UpBody": {
					"rotation": [15, 0, 0],
					"position": [0, 0, 0]
				},
				"LeftArm": {
					"rotation": [-68.659, 23.92746, -39.32269],
					"position": [0, 0, 0]
				},
				"LeftForeArm": {
					"rotation": [-60.94031, 19.61291, -8.71337],
					"position": [0, 0, 0]
				},
				"RightArm": {
					"rotation": [-87.59409, -11.75726, 65.47122],
					"position": [0, 0, 0]
				},
				"RightForeArm": {
					"rotation": [-47.5, 0, 0],
					"position": [0, 0, 0]
				},
				"LeftLeg": {
					"rotation": [-142.5, 0, 0],
					"position": [0, 0, 0]
				},
				"LeftLowerLeg": {
					"rotation": [105, 0, 0],
					"position": [0, 0, 0]
				},
				"LeftFoot": {
					"rotation": [37.5, 0, 0],
					"position": [0, 0, 0]
				},
				"RightLeg": {
					"rotation": [-127.5, 0, 0],
					"position": [0, 0, 0]
				},
				"RightLowerLeg": {
					"rotation": [75, 0, 0],
					"position": [0, 0, 0]
				},
				"AllBody": {
					"rotation": [0, 0, 0],
					"position": [0, 0, 0],
					"scale": 1
				},
				"AllHead": {
					"rotation": [0, 0, 0],
					"position": [0, 0, 0]
				},
				"Head": {
					"rotation": [-15, 0, 0],
					"position": [0, 0, 0]
				},
				"Skirt": {
					"rotation": [-123.71393, -4.07256, -8.03263],
					"position": [0.3, -3.45, 1.8]
				},
				"LongHair": {
					"rotation": [15, 0, 0]
				},
				"bone92": {
					"scale": 1
				},
				"xiangzi2": {
					"scale": 0
				}
			}
		},
		"swim_stand": {
			"loop": true,
			"animation_length": 1,
			"bones": {
				"Root": {
					"rotation": [0, 0, 0],
					"scale": 1
				},
				"UpBody": {
					"rotation": [0, 0, 0],
					"position": [0, 0, 0]
				},
				"LeftArm": {
					"rotation": {
						"0.0": [-10, 0, -45],
						"0.0417": [-8.09, 0, -45],
						"0.0833": [-5.38, 0, -45],
						"0.125": [-2.07, 0, -45],
						"0.1667": [1.67, 0, -45],
						"0.2083": [5.65, 0, -45],
						"0.25": [9.69, 0, -45],
						"0.2917": [13.61, 0, -45],
						"0.3333": [17.22, 0, -45],
						"0.375": [20.35, 0, -45],
						"0.4167": [22.81, 0, -45],
						"0.4583": [24.42, 0, -45],
						"0.5": [25, 0, -45],
						"0.5417": [24.25, 0, -45],
						"0.5833": [22.17, 0, -45],
						"0.625": [19.04, 0, -45],
						"0.6667": [15.16, 0, -45],
						"0.7083": [10.78, 0, -45],
						"0.75": [6.2, 0, -45],
						"0.7917": [1.69, 0, -45],
						"0.8333": [-2.47, 0, -45],
						"0.875": [-5.99, 0, -45],
						"0.9167": [-8.61, 0, -45],
						"0.9583": [-10.04, 0, -45],
						"1.0": [-10, 0, -45]
					},
					"position": [0, 0, 0]
				},
				"LeftForeArm": {
					"rotation": {
						"0.0": [-52.5, 0, 0],
						"0.0417": [-52.67, 0, 0],
						"0.0833": [-53.28, 0, 0],
						"0.125": [-53.46, 0, 0],
						"0.1667": [-52.32, 0, 0],
						"0.2083": [-48.97, 0, 0],
						"0.25": [-44.34, 0, 0],
						"0.2917": [-37.79, 0, 0],
						"0.3333": [-30.15, 0, 0],
						"0.375": [-22.23, 0, 0],
						"0.4167": [-14.85, 0, 0],
						"0.4583": [-8.83, 0, 0],
						"0.5": [-5, 0, 0],
						"0.5417": [-3.15, 0, 0],
						"0.5833": [-3.13, 0, 0],
						"0.625": [-4.6, 0, 0],
						"0.6667": [-7.2, 0, 0],
						"0.7083": [-10.6, 0, 0],
						"0.75": [-14.45, 0, 0],
						"0.7917": [-19.79, 0, 0],
						"0.8333": [-27.12, 0, 0],
						"0.875": [-35.24, 0, 0],
						"0.9167": [-42.97, 0, 0],
						"0.9583": [-49.12, 0, 0],
						"1.0": [-52.5, 0, 0]
					},
					"position": [0, 0, 0]
				},
				"RightArm": {
					"rotation": {
						"0.0": [-10, 0, 45],
						"0.0417": [-8.09, 0, 45],
						"0.0833": [-5.38, 0, 45],
						"0.125": [-2.07, 0, 45],
						"0.1667": [1.67, 0, 45],
						"0.2083": [5.65, 0, 45],
						"0.25": [9.69, 0, 45],
						"0.2917": [13.61, 0, 45],
						"0.3333": [17.22, 0, 45],
						"0.375": [20.35, 0, 45],
						"0.4167": [22.81, 0, 45],
						"0.4583": [24.42, 0, 45],
						"0.5": [25, 0, 45],
						"0.5417": [24.24, 0, 45],
						"0.5833": [22.15, 0, 45],
						"0.625": [19.01, 0, 45],
						"0.6667": [15.1, 0, 45],
						"0.7083": [10.7, 0, 45],
						"0.75": [6.1, 0, 45],
						"0.7917": [1.58, 0, 45],
						"0.8333": [-2.59, 0, 45],
						"0.875": [-6.11, 0, 45],
						"0.9167": [-8.7, 0, 45],
						"0.9583": [-10.1, 0, 45],
						"1.0": [-10, 0, 45]
					},
					"position": [0, 0, 0]
				},
				"RightForeArm": {
					"rotation": {
						"0.0": [-52.5, 0, 0],
						"0.0417": [-52.67, 0, 0],
						"0.0833": [-53.28, 0, 0],
						"0.125": [-53.46, 0, 0],
						"0.1667": [-52.32, 0, 0],
						"0.2083": [-48.97, 0, 0],
						"0.25": [-44.34, 0, 0],
						"0.2917": [-37.79, 0, 0],
						"0.3333": [-30.15, 0, 0],
						"0.375": [-22.23, 0, 0],
						"0.4167": [-14.85, 0, 0],
						"0.4583": [-8.83, 0, 0],
						"0.5": [-5, 0, 0],
						"0.5417": [-3.15, 0, 0],
						"0.5833": [-3.13, 0, 0],
						"0.625": [-4.6, 0, 0],
						"0.6667": [-7.2, 0, 0],
						"0.7083": [-10.6, 0, 0],
						"0.75": [-14.45, 0, 0],
						"0.7917": [-19.79, 0, 0],
						"0.8333": [-27.12, 0, 0],
						"0.875": [-35.24, 0, 0],
						"0.9167": [-42.97, 0, 0],
						"0.9583": [-49.12, 0, 0],
						"1.0": [-52.5, 0, 0]
					},
					"position": [0, 0, 0]
				},
				"LeftLeg": {
					"rotation": {
						"0.0": [-10, 0, 0],
						"0.0417": [-8.69, 0, 0],
						"0.0833": [-6.81, 0, 0],
						"0.125": [-4.67, 0, 0],
						"0.1667": [-2.56, 0, 0],
						"0.2083": [-0.79, 0, 0],
						"0.25": [0.33, 0, 0],
						"0.2917": [1.49, 0, 0],
						"0.3333": [2.61, 0, 0],
						"0.375": [3.6, 0, 0],
						"0.4167": [4.39, 0, 0],
						"0.4583": [4.88, 0, 0],
						"0.5": [5, 0, 0],
						"0.5417": [4.57, 0, 0],
						"0.5833": [3.6, 0, 0],
						"0.625": [2.28, 0, 0],
						"0.6667": [0.77, 0, 0],
						"0.7083": [-0.76, 0, 0],
						"0.75": [-2.14, 0, 0],
						"0.7917": [-3.71, 0, 0],
						"0.8333": [-5.66, 0, 0],
						"0.875": [-7.63, 0, 0],
						"0.9167": [-9.26, 0, 0],
						"0.9583": [-10.17, 0, 0],
						"1.0": [-10, 0, 0]
					},
					"position": {
						"0.0": [0, 0, 0],
						"0.0417": [0, 0, 0],
						"0.0833": [0, 0, 0],
						"0.125": [0, 0, 0],
						"0.1667": [0, 0, 0],
						"0.2083": [0, 0, 0],
						"0.25": [0, 0, 0],
						"0.2917": [0, 0, 0],
						"0.3333": [0, 0, 0],
						"0.375": [0, 0, 0],
						"0.4167": [0, 0, 0],
						"0.4583": [0, 0, 0],
						"0.5": [0, 0, 0],
						"0.5417": [0, 0, 0],
						"0.5833": [0, 0, 0],
						"0.625": [0, 0, 0],
						"0.6667": [0, 0, 0],
						"0.7083": [0, 0, 0],
						"0.75": [0, 0, 0],
						"0.7917": [0, 0, 0],
						"0.8333": [0, 0, 0],
						"0.875": [0, 0, 0],
						"0.9167": [0, 0, 0],
						"0.9583": [0, 0, 0],
						"1.0": [0, 0, 0]
					}
				},
				"LeftLowerLeg": {
					"rotation": {
						"0.0": [10, 0, 0],
						"0.0417": [8.17, 0, 0],
						"0.0833": [5.4, 0, 0],
						"0.125": [2.44, 0, 0],
						"0.1667": [0.02, 0, 0],
						"0.2083": [-1.12, 0, 0],
						"0.25": [-0.91, 0, 0],
						"0.2917": [-0.04, 0, 0],
						"0.3333": [1.29, 0, 0],
						"0.375": [2.9, 0, 0],
						"0.4167": [4.6, 0, 0],
						"0.4583": [6.19, 0, 0],
						"0.5": [7.5, 0, 0],
						"0.5417": [8.87, 0, 0],
						"0.5833": [10.31, 0, 0],
						"0.625": [11.7, 0, 0],
						"0.6667": [12.92, 0, 0],
						"0.7083": [13.82, 0, 0],
						"0.75": [14.29, 0, 0],
						"0.7917": [14.17, 0, 0],
						"0.8333": [13.52, 0, 0],
						"0.875": [12.57, 0, 0],
						"0.9167": [11.52, 0, 0],
						"0.9583": [10.59, 0, 0],
						"1.0": [10, 0, 0]
					},
					"position": {
						"0.0": [0, 0, 0],
						"0.0417": [0, 0, 0],
						"0.0833": [0, 0, 0],
						"0.125": [0, 0, 0],
						"0.1667": [0, 0, 0],
						"0.2083": [0, 0, 0],
						"0.25": [0, 0, 0],
						"0.2917": [0, 0, 0],
						"0.3333": [0, 0, 0],
						"0.375": [0, 0, 0],
						"0.4167": [0, 0, 0],
						"0.4583": [0, 0, 0],
						"0.5": [0, 0, 0],
						"0.5417": [0, 0, 0],
						"0.5833": [0, 0, 0],
						"0.625": [0, 0, 0],
						"0.6667": [0, 0, 0],
						"0.7083": [0, 0, 0],
						"0.75": [0, 0, 0],
						"0.7917": [0, 0, 0],
						"0.8333": [0, 0, 0],
						"0.875": [0, 0, 0],
						"0.9167": [0, 0, 0],
						"0.9583": [0, 0, 0],
						"1.0": [0, 0, 0]
					}
				},
				"LeftFoot": {
					"rotation": {
						"0.0": [30, 0, 0],
						"0.0417": [29.31, 0, 0],
						"0.0833": [28.34, 0, 0],
						"0.125": [27.14, 0, 0],
						"0.1667": [25.79, 0, 0],
						"0.2083": [24.35, 0, 0],
						"0.25": [22.89, 0, 0],
						"0.2917": [21.48, 0, 0],
						"0.3333": [20.18, 0, 0],
						"0.375": [19.07, 0, 0],
						"0.4167": [18.21, 0, 0],
						"0.4583": [17.66, 0, 0],
						"0.5": [17.5, 0, 0],
						"0.5417": [18.22, 0, 0],
						"0.5833": [19.97, 0, 0],
						"0.625": [22.37, 0, 0],
						"0.6667": [25.06, 0, 0],
						"0.7083": [27.69, 0, 0],
						"0.75": [29.89, 0, 0],
						"0.7917": [31.3, 0, 0],
						"0.8333": [31.99, 0, 0],
						"0.875": [31.81, 0, 0],
						"0.9167": [31.15, 0, 0],
						"0.9583": [30.42, 0, 0],
						"1.0": [30, 0, 0]
					},
					"position": {
						"0.0": [0, 0, 0],
						"0.0417": [0, 0, 0],
						"0.0833": [0, 0, 0],
						"0.125": [0, 0, 0],
						"0.1667": [0, 0, 0],
						"0.2083": [0, 0, 0],
						"0.25": [0, 0, 0],
						"0.2917": [0, 0, 0],
						"0.3333": [0, 0, 0],
						"0.375": [0, 0, 0],
						"0.4167": [0, 0, 0],
						"0.4583": [0, 0, 0],
						"0.5": [0, 0, 0],
						"0.5417": [0, 0, 0],
						"0.5833": [0, 0, 0],
						"0.625": [0, 0, 0],
						"0.6667": [0, 0, 0],
						"0.7083": [0, 0, 0],
						"0.75": [0, 0, 0],
						"0.7917": [0, 0, 0],
						"0.8333": [0, 0, 0],
						"0.875": [0, 0, 0],
						"0.9167": [0, 0, 0],
						"0.9583": [0, 0, 0],
						"1.0": [0, 0, 0]
					}
				},
				"RightLeg": {
					"rotation": {
						"0.0": [5, 0, 0],
						"0.0417": [4.23, 0, 0],
						"0.0833": [3.18, 0, 0],
						"0.125": [1.92, 0, 0],
						"0.1667": [0.56, 0, 0],
						"0.2083": [-0.83, 0, 0],
						"0.25": [-2.14, 0, 0],
						"0.2917": [-3.61, 0, 0],
						"0.3333": [-5.34, 0, 0],
						"0.375": [-7.09, 0, 0],
						"0.4167": [-8.62, 0, 0],
						"0.4583": [-9.67, 0, 0],
						"0.5": [-10, 0, 0],
						"0.5417": [-9.2, 0, 0],
						"0.5833": [-7.38, 0, 0],
						"0.625": [-5.05, 0, 0],
						"0.6667": [-2.68, 0, 0],
						"0.7083": [-0.79, 0, 0],
						"0.75": [0.4, 0, 0],
						"0.7917": [1.72, 0, 0],
						"0.8333": [3.02, 0, 0],
						"0.875": [4.16, 0, 0],
						"0.9167": [4.96, 0, 0],
						"0.9583": [5.3, 0, 0],
						"1.0": [5, 0, 0]
					},
					"position": {
						"0.0": [0, 0, 0],
						"0.0417": [0, 0, 0],
						"0.0833": [0, 0, 0],
						"0.125": [0, 0, 0],
						"0.1667": [0, 0, 0],
						"0.2083": [0, 0, 0],
						"0.25": [0, 0, 0],
						"0.2917": [0, 0, 0],
						"0.3333": [0, 0, 0],
						"0.375": [0, 0, 0],
						"0.4167": [0, 0, 0],
						"0.4583": [0, 0, 0],
						"0.5": [0, 0, 0],
						"0.5417": [0, 0, 0],
						"0.5833": [0, 0, 0],
						"0.625": [0, 0, 0],
						"0.6667": [0, 0, 0],
						"0.7083": [0, 0, 0],
						"0.75": [0, 0, 0],
						"0.7917": [0, 0, 0],
						"0.8333": [0, 0, 0],
						"0.875": [0, 0, 0],
						"0.9167": [0, 0, 0],
						"0.9583": [0, 0, 0],
						"1.0": [0, 0, 0]
					}
				},
				"RightLowerLeg": {
					"rotation": {
						"0.0": [7.5, 0, 0],
						"0.0417": [8.37, 0, 0],
						"0.0833": [9.67, 0, 0],
						"0.125": [11.16, 0, 0],
						"0.1667": [12.6, 0, 0],
						"0.2083": [13.72, 0, 0],
						"0.25": [14.29, 0, 0],
						"0.2917": [14.3, 0, 0],
						"0.3333": [13.93, 0, 0],
						"0.375": [13.26, 0, 0],
						"0.4167": [12.35, 0, 0],
						"0.4583": [11.24, 0, 0],
						"0.5": [10, 0, 0],
						"0.5417": [7.9, 0, 0],
						"0.5833": [5.1, 0, 0],
						"0.625": [2.23, 0, 0],
						"0.6667": [-0.05, 0, 0],
						"0.7083": [-1.12, 0, 0],
						"0.75": [-0.85, 0, 0],
						"0.7917": [0.16, 0, 0],
						"0.8333": [1.65, 0, 0],
						"0.875": [3.37, 0, 0],
						"0.9167": [5.09, 0, 0],
						"0.9583": [6.55, 0, 0],
						"1.0": [7.5, 0, 0]
					},
					"position": {
						"0.0": [0, 0, 0],
						"0.0417": [0, 0, 0],
						"0.0833": [0, 0, 0],
						"0.125": [0, 0, 0],
						"0.1667": [0, 0, 0],
						"0.2083": [0, 0, 0],
						"0.25": [0, 0, 0],
						"0.2917": [0, 0, 0],
						"0.3333": [0, 0, 0],
						"0.375": [0, 0, 0],
						"0.4167": [0, 0, 0],
						"0.4583": [0, 0, 0],
						"0.5": [0, 0, 0],
						"0.5417": [0, 0, 0],
						"0.5833": [0, 0, 0],
						"0.625": [0, 0, 0],
						"0.6667": [0, 0, 0],
						"0.7083": [0, 0, 0],
						"0.75": [0, 0, 0],
						"0.7917": [0, 0, 0],
						"0.8333": [0, 0, 0],
						"0.875": [0, 0, 0],
						"0.9167": [0, 0, 0],
						"0.9583": [0, 0, 0],
						"1.0": [0, 0, 0]
					}
				},
				"AllBody": {
					"rotation": [0, 0, 0],
					"position": [0, 0, 0],
					"scale": 1
				},
				"AllHead": {
					"rotation": [0, 0, 0],
					"position": [0, 0, 0]
				},
				"Head": {
					"rotation": {
						"0.0": [0, 0, 0],
						"0.0417": [0.14, 0, 0],
						"0.0833": [0.33, 0, 0],
						"0.125": [0.57, 0, 0],
						"0.1667": [0.83, 0, 0],
						"0.2083": [1.12, 0, 0],
						"0.25": [1.41, 0, 0],
						"0.2917": [1.69, 0, 0],
						"0.3333": [1.94, 0, 0],
						"0.375": [2.17, 0, 0],
						"0.4167": [2.34, 0, 0],
						"0.4583": [2.46, 0, 0],
						"0.5": [2.5, 0, 0],
						"0.5417": [2.46, 0, 0],
						"0.5833": [2.34, 0, 0],
						"0.625": [2.17, 0, 0],
						"0.6667": [1.94, 0, 0],
						"0.7083": [1.69, 0, 0],
						"0.75": [1.41, 0, 0],
						"0.7917": [1.12, 0, 0],
						"0.8333": [0.83, 0, 0],
						"0.875": [0.57, 0, 0],
						"0.9167": [0.33, 0, 0],
						"0.9583": [0.14, 0, 0],
						"1.0": [0, 0, 0]
					},
					"position": [0, 0, 0]
				},
				"xiangzi2": {
					"scale": 0
				}
			}
		},
		"use_mainhand": {
			"animation_length": 0.375,
			"bones": {
				"RightArm": {
					"rotation": {
						"0.0": [0, 0, 0],
						"0.0833": [3.52, 1.12, 18.13],
						"0.125": [-7.5, 0, 35],
						"0.2083": [-43.79, -17.87, 24.92],
						"0.25": [-45.07, -31.77, 9.3],
						"0.2917": [-22.62, -16.75, 3.67],
						"0.375": [0, 0, 0]
					}
				},
				"RightForeArm": {
					"rotation": {
						"0.0": [0, 0, 0],
						"0.0417": [-17.97, 0, 0],
						"0.0833": [-122.5, 0, 0],
						"0.2083": [-76.22, 0, 0],
						"0.25": [-15, 0, 0],
						"0.2917": [-0.78, 0, 0],
						"0.375": [0, 0, 0]
					}
				},
				"xiangzi2": {
					"scale": 0
				}
			}
		},
		"use_offhand": {
			"animation_length": 0.375,
			"bones": {
				"LeftArm": {
					"rotation": {
						"0.0": [0, 0, 0],
						"0.0833": [3.52, -1.12, -18.13],
						"0.125": [-7.5, 0, -35],
						"0.2083": [-43.79, 17.87, -24.92],
						"0.25": [-45.07, 31.77, -9.3],
						"0.2917": [-22.62, 16.75, -3.67],
						"0.375": [0, 0, 0]
					}
				},
				"LeftForeArm": {
					"rotation": {
						"0.0": [0, 0, 0],
						"0.0833": [-17.97, 0, 0],
						"0.125": [-122.5, 0, 0],
						"0.2083": [-76.22, 0, 0],
						"0.25": [-15, 0, 0],
						"0.2917": [-0.78, 0, 0],
						"0.375": [0, 0, 0]
					}
				},
				"xiangzi2": {
					"scale": 0
				}
			}
		},
		"swing_hand": {
			"animation_length": 0.375,
			"bones": {
				"RightArm": {
					"rotation": {
						"0.0": [0, 0, 0],
						"0.0833": [3.52, 1.12, 18.13],
						"0.125": [-7.5, 0, 35],
						"0.2083": [-43.79, -17.87, 24.92],
						"0.25": [-45.07, -31.77, 9.3],
						"0.2917": [-22.62, -16.75, 3.67],
						"0.375": [0, 0, 0]
					}
				},
				"RightForeArm": {
					"rotation": {
						"0.0": [0, 0, 0],
						"0.0417": [-17.97, 0, 0],
						"0.0833": [-122.5, 0, 0],
						"0.2083": [-76.22, 0, 0],
						"0.25": [-15, 0, 0],
						"0.2917": [-0.78, 0, 0],
						"0.375": [0, 0, 0]
					}
				},
				"xiangzi2": {
					"scale": 0
				}
			}
		},
		"parallel0": {
			"loop": true,
			"animation_length": 0.375,
			"bones": {
				"LeftEyebrow": {
					"position": [0, "ysm.is_close_eyes ? -1 : 0", 0]
				},
				"RightEyebrow": {
					"position": [0, "ysm.is_close_eyes ? -1 : 0", 0]
				},
				"Eyelid": {
					"scale": "ysm.is_close_eyes ? 0 : 1"
				},
				"long_h1": {
					"rotation": ["(ysm.head_pitch>0)?(0.9*ysm.head_pitch):(0.2*ysm.head_pitch)", 0, 0]
				}
			}
		},
		"parallel1": {
			"loop": true,
			"bones": {
				"RightEyesBase": {
					"position": ["ysm.head_yaw/180", "ysm.head_pitch/360", 0]
				},
				"LeftEyesBase": {
					"position": ["ysm.head_yaw/180", "ysm.head_pitch/360", 0]
				},
				"LongHair": {
					"rotation": ["X=(ysm.head_pitch > 0) ? (1.2*ysm.head_pitch) : (0.35*ysm.head_pitch)", 0, 0]
				}
			}
		},
		"parallel2": {
			"loop": true
		},
		"parallel3": {
			"loop": true,
			"bones": {
				"LongHead": {
					"rotation": [0, 0, 0]
				},
				"baoyizushenqu": {
					"scale": "(query.health/query.max_health)>0.8?0:((query.health/query.max_health)>0.5?1:0)"
				},
				"bujian": {
					"scale": "(query.health/query.max_health)<0.8?0:1"
				},
				"youbujian1": {
					"scale": "(query.health/query.max_health)<0.8?0:1"
				},
				"baoyizu16": {
					"scale": "(query.health/query.max_health)>0.8?0:((query.health/query.max_health)>0.5?1:0)"
				},
				"baoyi19": {
					"scale": "(query.health/query.max_health)>0.8?0:((query.health/query.max_health)>0.5?1:0)"
				},
				"zuobujian1": {
					"scale": "(query.health/query.max_health)<0.8?0:1"
				},
				"zuoxiongbujian": {
					"scale": "(query.health/query.max_health)<0.8?0:1"
				},
				"baoyizuzuoxiong1": {
					"scale": "(query.health/query.max_health)<0.8>0.5?1:0"
				},
				"baoyuzuxiongxia": {
					"scale": "(query.health/query.max_health)<0.8?1:0"
				},
				"xiongxia": {
					"scale": "(query.health/query.max_health)<0.2?0:1"
				},
				"baoyizushenqu3": {
					"scale": "(query.health/query.max_health)<0.2?1:0"
				},
				"baoyizushenqu2": {
					"scale": "(query.health/query.max_health)>0.5?0:((query.health/query.max_health)>0.2?1:0)"
				},
				"baoyizu2": {
					"scale": "(query.health/query.max_health)>0.5?0:((query.health/query.max_health)>0.2?1:0)"
				},
				"baoyi2": {
					"scale": "(query.health/query.max_health)>0.5?0:((query.health/query.max_health)>0.2?1:0)"
				},
				"baoyizuzuoxiong2": {
					"scale": "(query.health/query.max_health)>0.2?0:((query.health/query.max_health)>0.2?1:0)"
				},
				"baoyizuyouxiong3": {
					"scale": "(query.health/query.max_health)<0.2?1:0"
				},
				"baoyizuyouxiong2": {
					"scale": "(query.health/query.max_health)>0.5?0:((query.health/query.max_health)>0.2?1:0)"
				},
				"youxiongbujian": {
					"scale": "(query.health/query.max_health)<0.5?0:1"
				},
				"baoyizu3": {
					"scale": "(query.health/query.max_health)<0.2?1:0"
				},
				"baoyi3": {
					"scale": "(query.health/query.max_health)<0.2?1:0"
				},
				"baoyizuzuoxiong3": {
					"scale": "(query.health/query.max_health)<0.2?1:0"
				},
				"V": {
					"scale": "(query.health/query.max_health)<0.2?1:0"
				},
				"_": {
					"scale": "(query.health/query.max_health)<0.2?0:1"
				},
				"baoyixiaduan3": {
					"scale": "(query.health/query.max_health)<0.2?1:0"
				},
				"xiaduan": {
					"scale": "(query.health/query.max_health)<0.2?0:1"
				},
				"duqi": {
					"scale": "(query.health/query.max_health)<0.2?0:1"
				},
				"baoyiduqi": {
					"scale": "(query.health/query.max_health)<0.2?1:0"
				}
			}
		},
		"parallel4": {
			"loop": true
		},
		"parallel5": {
			"loop": true
		},
		"parallel6": {
			"loop": true
		},
		"parallel7": {
			"loop": true
		},
		"pre_parallel0": {
			"loop": true,
			"bones": {
				"xiangzi2": {
					"scale": 0
				},
				"qiangxie": {
					"position": [0, -68, 0],
					"scale": 0
				},
				"bone70": {
					"scale": 0
				},
				"baoyizushenqu3": {
					"scale": 0
				},
				"baoyizushenqu2": {
					"scale": 0
				},
				"baoyizushenqu": {
					"scale": 0
				},
				"baoyizu3": {
					"scale": 0
				},
				"baoyizu2": {
					"scale": 0
				},
				"baoyizu16": {
					"scale": 0
				},
				"baoyi3": {
					"scale": 0
				},
				"baoyi2": {
					"scale": 0
				},
				"baoyi19": {
					"scale": 0
				},
				"baoyizuzuoxiong3": {
					"scale": 0
				},
				"baoyizuzuoxiong2": {
					"scale": 0
				},
				"baoyizuzuoxiong1": {
					"scale": 0
				},
				"baoyizuyouxiong3": {
					"scale": 0
				},
				"baoyizuyouxiong2": {
					"scale": 0
				},
				"baoyuzuxiongxia": {
					"scale": 0
				},
				"baoyixiaduan3": {
					"scale": 0
				},
				"ysmGlow_tiexiao2": {
					"scale": 0
				}
			}
		},
		"pre_parallel1": {
			"loop": true
		},
		"pre_parallel2": {
			"loop": true
		},
		"pre_parallel3": {
			"loop": true,
			"bones": {
				"ysmGlow_9": {
					"scale": 0
				},
				"ysmGlow_10": {
					"scale": 0
				}
			}
		},
		"pre_parallel4": {
			"loop": true,
			"animation_length": 2.41667,
			"bones": {
				"bone33": {
					"rotation": {
						"0.0": [0, 0, 0],
						"0.875": {
							"pre": [0, 0, -2.5],
							"post": [0, 0, -2.5],
							"lerp_mode": "catmullrom"
						},
						"2.375": [0, 0, 0]
					}
				},
				"bone83": {
					"rotation": {
						"0.8333": [0, 0, 0],
						"1.4583": {
							"pre": [0, 0, -2.5],
							"post": [0, 0, -2.5],
							"lerp_mode": "catmullrom"
						},
						"2.375": [0, 0, 0]
					}
				},
				"bone86": {
					"rotation": {
						"0.0": [0, 0, 0],
						"0.875": {
							"pre": [0, 0, -2.5],
							"post": [0, 0, -2.5],
							"lerp_mode": "catmullrom"
						},
						"2.375": [0, 0, 0]
					}
				},
				"bone85": {
					"rotation": {
						"0.625": [0, 0, 0],
						"1.375": [0, 0, -2.5],
						"2.25": [0, 0, 0]
					}
				},
				"bone92": {
					"rotation": {
						"0.0": [0, 0, 0],
						"0.875": {
							"pre": [0, 0, -2.5],
							"post": [0, 0, -2.5],
							"lerp_mode": "catmullrom"
						},
						"1.8333": {
							"post": [0, 0, 0],
							"lerp_mode": "catmullrom"
						},
						"2.4167": [0, 0, 0]
					}
				},
				"bone87": {
					"rotation": {
						"0.75": [0, 0, 0],
						"1.5": [0, 0, -2.5],
						"2.375": [0, 0, 0]
					}
				},
				"bone88": {
					"rotation": {
						"0.875": [0, 0, 0],
						"1.5": {
							"pre": [0, 0, -5],
							"post": [0, 0, -5],
							"lerp_mode": "catmullrom"
						},
						"2.375": [0, 0, 0]
					},
					"position": [0, 0, 0]
				},
				"bone89": {
					"rotation": {
						"0.5": [0, 0, 0],
						"1.125": {
							"pre": [0, 0, -5],
							"post": [0, 0, -5],
							"lerp_mode": "catmullrom"
						},
						"2.0": [0, 0, 0]
					}
				},
				"bone90": {
					"rotation": {
						"1.25": [0, 0, 0],
						"1.8333": [0, 0, -5],
						"2.375": [0, 0, 0]
					}
				},
				"bone91": {
					"rotation": {
						"0.7917": [0, 0, 0],
						"1.5417": [0, 0, -2.5],
						"2.4167": [0, 0, 0]
					}
				},
				"ovo": {
					"scale": 0
				},
				"bone100": {
					"scale": 0
				}
			}
		},
		"pre_parallel5": {
			"loop": true
		},
		"pre_parallel6": {
			"loop": true
		},
		"pre_parallel7": {
			"loop": true
		},
		"use_mainhand:bow": {
			"loop": "hold_on_last_frame",
			"animation_length": 60,
			"bones": {
				"UpBody": {
					"rotation": {
						"0.0": {
							"post": [10.0698, -64.5813, -11.1234],
							"lerp_mode": "catmullrom"
						},
						"0.5": {
							"post": [-3.3031, "(ysm.head_yaw<0)?(-75-0.5*ysm.head_yaw):(-75)", 0.8413],
							"lerp_mode": "catmullrom"
						},
						"1.0": {
							"post": [-3.9489, "(ysm.head_yaw<0)?(-77.4888-ysm.head_yaw):(-77.4888)", 1.506],
							"lerp_mode": "catmullrom"
						}
					}
				},
				"LeftArm": {
					"rotation": {
						"0.0": {
							"post": [-51.1309, 33.6397, -57.0131],
							"lerp_mode": "catmullrom"
						},
						"0.5": {
							"post": [-42.3116, 14.7367, -66.1183],
							"lerp_mode": "catmullrom"
						},
						"1.0": {
							"post": [20.9526, 11.0157, -62.6916],
							"lerp_mode": "catmullrom"
						}
					}
				},
				"LeftForeArm": {
					"rotation": {
						"0.0": {
							"post": [-72.5, 0, 0],
							"lerp_mode": "catmullrom"
						},
						"0.5": {
							"post": [-105, 0, 0],
							"lerp_mode": "catmullrom"
						},
						"1.0": {
							"post": [-155, 0, 0],
							"lerp_mode": "catmullrom"
						}
					}
				},
				"RightArm": {
					"rotation": {
						"0.0": {
							"post": [-51.4704, 7.4448, -28.9102],
							"lerp_mode": "catmullrom"
						},
						"0.5": {
							"post": [-80.1097, 29.4633, -11.3843],
							"lerp_mode": "catmullrom"
						},
						"1.0": {
							"post": [-77.0228, 61.5595, -5.0828],
							"lerp_mode": "catmullrom"
						}
					}
				},
				"RightForeArm": {
					"rotation": {
						"0.0": {
							"post": [-5, 0, 0],
							"lerp_mode": "catmullrom"
						},
						"0.5": {
							"post": [0, 0, 0],
							"lerp_mode": "catmullrom"
						},
						"1.0": {
							"post": [0, 0, 0],
							"lerp_mode": "catmullrom"
						}
					}
				},
				"Head": {
					"rotation": {
						"0.0": {
							"post": [13.0859, 61.5204, 15.6374],
							"lerp_mode": "catmullrom"
						},
						"0.5": {
							"post": [45.8757, "65.2536+0.5*ysm.head_yaw", 38.7767],
							"lerp_mode": "catmullrom"
						},
						"1.0": {
							"post": [51.2554, "70.4355+ysm.head_yaw", 44.3434],
							"lerp_mode": "catmullrom"
						}
					}
				},
				"RightHandLocator": {
					"rotation": {
						"0.0": [0, 0, 47.5],
						"0.5": [0, 0, 47.5],
						"1.0": [0, 0, 15]
					},
					"scale": {
						"0.0": [1, 1, 1],
						"0.5": [1.5, 1.5, 1.5],
						"1.0": [2, 2, 2]
					}
				},
				"AllBody": {
					"rotation": [0, "(ysm.head_yaw<0)?(0):(-ysm.head_yaw)", 0]
				},
				"Arm": {
					"rotation": {
						"0.0": [0, 0, 0],
						"1.0": [0, "ysm.head_pitch/9", "ysm.head_pitch"]
					}
				},
				"xiangzi2": {
					"scale": 0
				},
				"guanjiekuia2": {
					"scale": 0
				}
			}
		},
		"hold_mainhand:charged_crossbow": {
			"loop": true,
			"animation_length": 2,
			"bones": {
				"UpBody": {
					"rotation": {
						"0.0": {
							"post": ["5.8216-0.25*ysm.head_pitch", "(ysm.head_yaw>0)?(-ysm.head_yaw+42):(42)", 5.93491],
							"lerp_mode": "catmullrom"
						},
						"2.0": {
							"post": ["5.8216-0.25*ysm.head_pitch", "(ysm.head_yaw>0)?(-ysm.head_yaw+42):(42)", 5.93491],
							"lerp_mode": "catmullrom"
						}
					}
				},
				"LeftArm": {
					"rotation": {
						"0.0": [-67.38897, 22.94668, -11.68886],
						"0.5417": [-67.42741, 22.67983, -11.78819],
						"1.0": [-67.45752, 22.47366, -11.86621],
						"1.5417": [-67.41908, 22.7405, -11.76688],
						"2.0": [-67.38897, 22.94668, -11.68886]
					}
				},
				"LeftForeArm": {
					"rotation": {
						"0.0": {
							"post": [-12.5, 0, 0],
							"lerp_mode": "catmullrom"
						},
						"1.0": {
							"post": [-12, 0, 0],
							"lerp_mode": "catmullrom"
						},
						"2.0": {
							"post": [-12.5, 0, 0],
							"lerp_mode": "catmullrom"
						}
					}
				},
				"RightArm": {
					"rotation": {
						"0.0": [-12.45084, -50.38918, 43.09853],
						"0.5417": [-12.95053, -49.73874, 42.82327],
						"1.0": [-13.34018, -49.2346, 42.59466],
						"1.5417": [-12.84049, -49.88504, 42.86991],
						"2.0": [-12.45084, -50.38918, 43.09853]
					}
				},
				"RightForeArm": {
					"rotation": {
						"0.0": [-124.66556, -0.59056, -43.77358],
						"0.5417": [-123.82888, -0.58311, -43.75416],
						"1.0": [-123.1664, -0.57693, -43.73804],
						"1.5417": [-124.00308, -0.58438, -43.75745],
						"2.0": [-124.66556, -0.59056, -43.77358]
					}
				},
				"Head": {
					"rotation": {
						"0.0": {
							"post": ["5.8846+0.3*ysm.head_pitch", "-37.1914+ysm.head_yaw-ysm.head_pitch/5", "-5.6557-ysm.head_pitch/9"],
							"lerp_mode": "catmullrom"
						},
						"2.0": {
							"post": ["5.8846+0.3*ysm.head_pitch", "-37.1914+ysm.head_yaw-ysm.head_pitch/5", "-5.6557-ysm.head_pitch/9"],
							"lerp_mode": "catmullrom"
						}
					}
				},
				"RightHandLocator": {
					"rotation": [0, 0, -10],
					"position": [0, -4, 1]
				},
				"AllBody": {
					"rotation": [0, "(ysm.head_yaw<0)?(-ysm.head_yaw):(0)", 0]
				},
				"Arm": {
					"rotation": ["math.min(-0.75*ysm.head_pitch,20)", "-ysm.head_pitch/4", "-0.5*ysm.head_pitch"],
					"position": [1, -0.4, 0.5]
				}
			}
		},
		"hold_offhand:charged_crossbow": {
			"loop": true,
			"animation_length": 2,
			"bones": {
				"UpBody": {
					"rotation": {
						"0.0": {
							"post": ["5.8216-0.25*ysm.head_pitch", "(ysm.head_yaw<0)?(-ysm.head_yaw-42):(-42)", -5.93491],
							"lerp_mode": "catmullrom"
						},
						"1.9583": {
							"post": ["5.8216-0.25*ysm.head_pitch", "(ysm.head_yaw<0)?(-ysm.head_yaw-42):(-42)", -5.93491],
							"lerp_mode": "catmullrom"
						}
					}
				},
				"LeftArm": {
					"rotation": {
						"0.0": [-12.45084, 50.38918, -43.09853],
						"0.5417": [-12.95053, 49.73874, -42.82327],
						"1.0": [-13.34018, 49.2346, -42.59466],
						"1.5417": [-12.84049, 49.88504, -42.86991],
						"2.0": [-12.45084, 50.38918, -43.09853]
					}
				},
				"LeftForeArm": {
					"rotation": {
						"0.0": [-124.66556, 0.59056, 43.77358],
						"0.5417": [-123.82888, 0.58311, 43.75416],
						"1.0": [-123.1664, 0.57693, 43.73804],
						"1.5417": [-124.00308, 0.58438, 43.75745],
						"2.0": [-124.66556, 0.59056, 43.77358]
					}
				},
				"RightArm": {
					"rotation": {
						"0.0": [-67.38897, -22.94668, 11.68886],
						"0.5417": [-67.42741, -22.67983, 11.78819],
						"1.0": [-67.45752, -22.47366, 11.86621],
						"1.5417": [-67.41908, -22.7405, 11.76688],
						"2.0": [-67.38897, -22.94668, 11.68886]
					}
				},
				"RightForeArm": {
					"rotation": {
						"0.0": {
							"post": [-12.5, 0, 0],
							"lerp_mode": "catmullrom"
						},
						"1.0": {
							"post": [-12, 0, 0],
							"lerp_mode": "catmullrom"
						},
						"2.0": {
							"post": [-12.5, 0, 0],
							"lerp_mode": "catmullrom"
						}
					}
				},
				"Head": {
					"rotation": {
						"0.0": {
							"post": ["5.8846+0.3*ysm.head_pitch", "37.1914+ysm.head_yaw-ysm.head_pitch/5", "5.6557-ysm.head_pitch/9"],
							"lerp_mode": "catmullrom"
						},
						"2.0": {
							"post": ["5.8846+0.3*ysm.head_pitch", "37.1914+ysm.head_yaw-ysm.head_pitch/5", "5.6557-ysm.head_pitch/9"],
							"lerp_mode": "catmullrom"
						}
					}
				},
				"LeftHandLocator": {
					"rotation": [0, 0, 10],
					"position": [0, -4, 1]
				},
				"AllBody": {
					"rotation": [0, "(ysm.head_yaw>0)?(-ysm.head_yaw):(0)", 0]
				},
				"Arm": {
					"rotation": ["math.min(-0.75*ysm.head_pitch,20)", "ysm.head_pitch/4", "0.5*ysm.head_pitch"],
					"position": [-1, -0.4, 0.5]
				}
			}
		}
	}
}