{
	"format_version": "1.8.0",
	"animations": {
		"idle": {
			"loop": "hold_on_last_frame",
			"animation_length": 10,
			"bones": {
				"Root": {
					"rotation": [0, 0, 0],
					"scale": 1
				},
				"UpBody": {
					"rotation": [0, 0, 0],
					"position": [0, 0, 0]
				},
				"LeftArm": {
					"rotation": [0, 0, 0],
					"position": [0, 0, 0]
				},
				"LeftForeArm": {
					"rotation": [0, 0, 0],
					"position": [0, 0, 0]
				},
				"RightArm": {
					"position": [0, 0, 0]
				},
				"RightForeArm": {
					"position": [0, 0, 0]
				},
				"LeftLeg": {
					"rotation": [0, 0, 0],
					"position": [0, 0, 0]
				},
				"LeftLowerLeg": {
					"rotation": [0, 0, 0],
					"position": [0, 0, 0]
				},
				"LeftFoot": {
					"rotation": [0, 0, 0],
					"position": [0, 0, 0]
				},
				"RightLeg": {
					"rotation": [0, 0, 0],
					"position": [0, 0, 0]
				},
				"RightLowerLeg": {
					"rotation": [0, 0, 0],
					"position": [0, 0, 0]
				},
				"RightFoot": {
					"rotation": [0, 0, 0],
					"position": [0, 0, 0]
				},
				"AllBody": {
					"rotation": [0, 0, 0],
					"position": [0, 0, 0],
					"scale": 1
				},
				"AllHead": {
					"rotation": [0, 0, 0],
					"position": [0, 0, 0]
				},
				"Head": {
					"rotation": [0, 0, 0],
					"position": [0, 0, 0]
				},
				"bone24": {
					"scale": 1
				},
				"bone61": {
					"scale": 0
				},
				"bone63": {
					"position": [0, 0, 0]
				}
			}
		},
		"jump": {
			"loop": true,
			"animation_length": 2.5,
			"bones": {
				"Root": {
					"rotation": [20.03893, 0, 0],
					"position": {
						"0.0": [-0.4, 3.2, 1.2],
						"0.25": [-0.4, 5.2, 1.2],
						"0.5417": [-0.4, 0.2, 1.2],
						"0.8333": [-0.4, 3.2, 1.2],
						"1.0833": [-0.4, 5.2, 1.2],
						"1.375": [-0.4, 0.2, 1.2],
						"1.6667": [-0.4, 3.2, 1.2],
						"1.9167": [-0.4, 5.2, 1.2],
						"2.2083": [-0.4, 0.2, 1.2],
						"2.5": [-0.4, 3.2, 1.2]
					}
				},
				"UpperBody": {
					"rotation": [27.5, 0, 0]
				},
				"Head": {
					"rotation": [-40, 0, 0]
				},
				"bone48": {
					"rotation": [22.5, 0, 0]
				},
				"bone54": {
					"rotation": [17.5, 0, 0]
				},
				"bone55": {
					"rotation": [17.5, 0, 0]
				},
				"bone49": {
					"rotation": [15, 0, 0]
				},
				"bone56": {
					"rotation": [17.5, 0, 0]
				},
				"bone57": {
					"rotation": [12.5, 0, 0]
				},
				"Eyes": {
					"scale": {
						"1.2083": [1, 1, 1],
						"1.25": [0, 0, 0],
						"2.125": [1, 1, 1]
					}
				},
				"bone24": {
					"scale": {
						"0.0": [0, 0, 0],
						"1.25": [1, 1, 1]
					}
				},
				"LeftArm": {
					"rotation": [-46.13232, -10.80314, 20.88542]
				},
				"LeftForeArm": {
					"rotation": [-16.83083, -4.66183, 2.06267]
				},
				"RightArm": {
					"rotation": [-54.24754, 11.37073, -22.52057]
				},
				"RightForeArm": {
					"rotation": [-9.58658, 2.74345, -1.03191]
				},
				"bone34": {
					"rotation": [-25, 0, 0]
				},
				"bone32": {
					"rotation": [-27, 0, 0]
				},
				"bone43": {
					"rotation": [37.5, 0, 0]
				},
				"LeftLeg": {
					"rotation": [0.50468, -0.69016, -32.35231]
				},
				"LeftLowerLeg": {
					"rotation": [34.93831, -10.35794, 13.12125]
				},
				"LeftFoot": {
					"rotation": [25.13277, 6.09828, -8.19842]
				},
				"RightLeg": {
					"rotation": [1.3219, 2.19662, 29.57422]
				},
				"RightLowerLeg": {
					"rotation": [24.0332, 10.52972, -13.97251]
				},
				"RightFoot": {
					"rotation": [26.48847, -4.54171, 4.94213]
				},
				"bone61": {
					"position": {
						"0.0": [4, 19, 0],
						"0.25": [4, 21, 0],
						"0.5417": [4, 16, 0],
						"0.8333": [4, 19, 0],
						"1.0833": [4, 21, 0],
						"1.375": [4, 16, 0],
						"1.6667": [4, 19, 0],
						"1.9167": [4, 21, 0],
						"2.2083": [4, 16, 0],
						"2.5": [4, 19, 0]
					}
				},
				"": {
					"position": {
						"1.2083": [0, 0, 0],
						"1.25": [0, 0.23616, -1.78444],
						"2.125": [0, 0.23616, -1.78444],
						"2.1667": [-0.4, 3.2, 1.2]
					},
					"scale": 1
				},
				"bone63": {
					"position": {
						"0.0": [0, 0, -2],
						"1.2083": [0, 0, -2],
						"1.25": [0, 0, 0]
					}
				}
			}
		},
		"walk": {
			"loop": true,
			"animation_length": 1,
			"bones": {
				"Root": {
					"rotation": [0, 0, 0],
					"position": {
						"0.0": [0.2, -0.55, 0],
						"0.0417": [0.15792, -0.71768, 0],
						"0.0833": [0.11678, -0.8328, 0],
						"0.125": [0.06846, -0.87724, 0],
						"0.1667": [0, -0.8, 0],
						"0.2083": [-0.07122, -0.61256, 0],
						"0.25": [-0.12491, -0.43427, 0],
						"0.2917": [-0.16828, -0.30476, 0],
						"0.3333": [-0.2, -0.25, 0],
						"0.375": [-0.21859, -0.26231, 0],
						"0.4167": [-0.22885, -0.31587, 0],
						"0.4583": [-0.22616, -0.4068, 0],
						"0.5": [-0.2, -0.55, 0],
						"0.5417": [-0.15792, -0.71768, 0],
						"0.5833": [-0.11678, -0.8328, 0],
						"0.625": [-0.06846, -0.87724, 0],
						"0.6667": [0, -0.8, 0],
						"0.7083": [0.07122, -0.61256, 0],
						"0.75": [0.12491, -0.43427, 0],
						"0.7917": [0.16828, -0.30476, 0],
						"0.8333": [0.2, -0.25, 0],
						"0.875": [0.21859, -0.26231, 0],
						"0.9167": [0.22885, -0.31587, 0],
						"0.9583": [0.22616, -0.4068, 0],
						"1.0": [0.2, -0.55, 0]
					},
					"scale": 1
				},
				"LeftArm": {
					"rotation": {
						"0.0": [25.29399, -10.2485, -0.75978],
						"0.0417": [23.61938, -10.40962, -0.83907],
						"0.0833": [20.88157, -10.73079, -0.77137],
						"0.125": [17.29793, -11.12229, -0.56332],
						"0.1667": [13.07793, -11.5517, -0.22387],
						"0.2083": [8.42933, -12.00187, 0.23507],
						"0.2917": [-1.29319, -12.92091, 1.44204],
						"0.3333": [-5.8999, -13.37108, 2.13886],
						"0.375": [-9.98153, -13.80049, 2.84663],
						"0.4167": [-13.21799, -14.19199, 3.50582],
						"0.4583": [-15.21975, -14.51316, 4.0278],
						"0.5": [-15.49599, -14.67428, 4.27389],
						"0.5417": [-13.73997, -14.51316, 4.14798],
						"0.5833": [-10.46103, -14.19199, 3.7846],
						"0.625": [-6.16917, -13.80049, 3.28724],
						"0.6667": [-1.27208, -13.37108, 2.72257],
						"0.75": [9.02841, -12.46139, 1.55833],
						"0.7917": [13.87428, -12.00187, 1.01336],
						"0.8333": [18.18318, -11.5517, 0.5177],
						"0.875": [21.71816, -11.12229, 0.08402],
						"0.9167": [24.24401, -10.73079, -0.27808],
						"0.9583": [25.52021, -10.40962, -0.56122],
						"1.0": [25.29399, -10.2485, -0.75978]
					},
					"position": {
						"0.0": [0, 0, 0],
						"1.0": [0, 0, 0]
					}
				},
				"LeftForeArm": {
					"rotation": {
						"0.0": [-14.88733, -1.29876, -9.91615],
						"0.0417": [-16.00415, -1.35571, -9.80762],
						"0.0833": [-17.48843, -1.46923, -9.59128],
						"0.125": [-19.30439, -1.60761, -9.32755],
						"0.1667": [-21.3771, -1.7594, -9.0383],
						"0.25": [-25.76291, -2.08094, -8.42552],
						"0.2917": [-27.7246, -2.24337, -8.11598],
						"0.3333": [-29.29423, -2.40249, -7.81274],
						"0.375": [-30.3387, -2.55427, -7.52348],
						"0.4167": [-30.78279, -2.69265, -7.25976],
						"0.4583": [-30.60582, -2.80618, -7.04341],
						"0.5": [-29.82648, -2.86313, -6.93488],
						"0.5417": [-28.57872, -2.80618, -7.04341],
						"0.5833": [-26.98594, -2.69265, -7.25976],
						"0.625": [-25.09431, -2.55427, -7.52348],
						"0.75": [-18.70163, -2.08094, -8.42552],
						"0.7917": [-16.85204, -1.91852, -8.73506],
						"0.8333": [-15.4033, -1.7594, -9.0383],
						"0.875": [-14.45579, -1.60761, -9.32755],
						"0.9167": [-14.05669, -1.46923, -9.59128],
						"0.9583": [-14.20918, -1.35571, -9.80762],
						"1.0": [-14.88733, -1.29876, -9.91615]
					},
					"position": {
						"0.0": [0, 0, 0],
						"1.0": [0, 0, 0]
					}
				},
				"RightArm": {
					"rotation": {
						"0.0": [-15.49599, 14.67428, -4.27389],
						"0.0417": [-13.73997, 14.51316, -4.14798],
						"0.0833": [-10.46103, 14.19199, -3.7846],
						"0.125": [-6.16917, 13.80049, -3.28724],
						"0.1667": [-1.27208, 13.37108, -2.72257],
						"0.25": [9.02841, 12.46139, -1.55833],
						"0.2917": [13.87428, 12.00187, -1.01336],
						"0.3333": [18.18318, 11.5517, -0.5177],
						"0.375": [21.71816, 11.12229, -0.08402],
						"0.4167": [24.24401, 10.73079, 0.27808],
						"0.4583": [25.52021, 10.40962, 0.56122],
						"0.5": [25.29399, 10.2485, 0.75978],
						"0.5417": [23.61938, 10.40962, 0.83907],
						"0.5833": [20.88157, 10.73079, 0.77137],
						"0.625": [17.29793, 11.12229, 0.56332],
						"0.6667": [13.07793, 11.5517, 0.22387],
						"0.7083": [8.42933, 12.00187, -0.23507],
						"0.7917": [-1.29319, 12.92091, -1.44204],
						"0.8333": [-5.8999, 13.37108, -2.13886],
						"0.875": [-9.98153, 13.80049, -2.84663],
						"0.9167": [-13.21799, 14.19199, -3.50582],
						"0.9583": [-15.21975, 14.51316, -4.0278],
						"1.0": [-15.49599, 14.67428, -4.27389]
					},
					"position": {
						"0.0": [0, 0, 0],
						"0.5": [0, 0, 0],
						"1.0": [0, 0, 0]
					}
				},
				"RightForeArm": {
					"rotation": {
						"0.0": [-29.82648, 2.86313, 6.93488],
						"0.0417": [-28.57872, 2.80618, 7.04341],
						"0.0833": [-26.98594, 2.69265, 7.25976],
						"0.125": [-25.09431, 2.55427, 7.52348],
						"0.25": [-18.70163, 2.08094, 8.42552],
						"0.2917": [-16.85204, 1.91852, 8.73506],
						"0.3333": [-15.4033, 1.7594, 9.0383],
						"0.375": [-14.45579, 1.60761, 9.32755],
						"0.4167": [-14.05669, 1.46923, 9.59128],
						"0.4583": [-14.20918, 1.35571, 9.80762],
						"0.5": [-14.88733, 1.29876, 9.91615],
						"0.5417": [-16.00415, 1.35571, 9.80762],
						"0.5833": [-17.48843, 1.46923, 9.59128],
						"0.625": [-19.30439, 1.60761, 9.32755],
						"0.6667": [-21.3771, 1.7594, 9.0383],
						"0.75": [-25.76291, 2.08094, 8.42552],
						"0.7917": [-27.7246, 2.24337, 8.11598],
						"0.8333": [-29.29423, 2.40249, 7.81274],
						"0.875": [-30.3387, 2.55427, 7.52348],
						"0.9167": [-30.78279, 2.69265, 7.25976],
						"0.9583": [-30.60582, 2.80618, 7.04341],
						"1.0": [-29.82648, 2.86313, 6.93488]
					},
					"position": {
						"0.0": [0, 0, 0],
						"0.5": [0, 0, 0],
						"1.0": [0, 0, 0]
					}
				},
				"LeftLeg": {
					"rotation": {
						"0.0": [-27.47911, 1.05627, 1.26603],
						"0.0417": [-27.55693, 0.89687, 1.64028],
						"0.0833": [-26.18492, 0.76592, 1.66156],
						"0.125": [-23.45979, 0.70976, 1.17327],
						"0.1667": [-19.98976, 0.73949, 0.58613],
						"0.2083": [-14.15436, 0.73097, 0.31245],
						"0.25": [-5.88559, 0.59835, 0.09125],
						"0.2917": [2.10836, 0.47075, -0.05684],
						"0.3333": [8.00334, 0.4226, -0.09368],
						"0.375": [13.00256, 0.36094, -0.10131],
						"0.4167": [18.15021, 0.1606, -0.14293],
						"0.4583": [21.39564, -0.01573, -0.13322],
						"0.5": [22.49507, -0.07303, 0.02898],
						"0.5417": [22.50267, -0.0876, 0.28071],
						"0.5833": [21.52366, -0.09837, 0.37898],
						"0.625": [18.92016, -0.12029, 0.26993],
						"0.6667": [14.99471, -0.17369, -0.0152],
						"0.7083": [10.03151, -0.32823, -0.39053],
						"0.75": [3.97397, -0.59048, -0.67433],
						"0.7917": [-2.81424, -0.82035, -0.68091],
						"0.8333": [-9.98673, -0.90794, -0.56815],
						"0.875": [-16.77555, -0.58253, -0.38857],
						"0.9167": [-22.17271, 0.24293, 0.0445],
						"0.9583": [-25.77437, 0.93312, 0.71637],
						"1.0": [-27.47911, 1.05627, 1.26603]
					}
				},
				"LeftLowerLeg": {
					"rotation": {
						"0.0": [10, 0, 0],
						"0.0417": [13.41296, 0, 0],
						"0.0833": [18.57232, 0, 0],
						"0.125": [23.16494, 0, 0],
						"0.1667": [25, 0, 0],
						"0.2083": [22.68505, 0, 0],
						"0.25": [17.08933, 0, 0],
						"0.2917": [11.0242, 0, 0],
						"0.3333": [7.5, 0, 0],
						"0.375": [6.46077, 0, 0],
						"0.4167": [6.43058, 0, 0],
						"0.4583": [7.59, 0, 0],
						"0.5": [10, 0, 0],
						"0.5417": [14.09609, 0, 0],
						"0.5833": [19.42555, 0, 0],
						"0.625": [24.33566, 0, 0],
						"0.6667": [27.5, 0, 0],
						"0.7083": [30.12553, 0, 0],
						"0.75": [33.23371, 0, 0],
						"0.7917": [35.43106, 0, 0],
						"0.8333": [35, 0, 0],
						"0.875": [29.0815, 0, 0],
						"0.9167": [19.73675, 0, 0],
						"0.9583": [12.00834, 0, 0],
						"1.0": [10, 0, 0]
					}
				},
				"LeftFoot": {
					"rotation": {
						"0.0": [-2.5, 0, 0],
						"0.0417": [-1.57849, 0, 0],
						"0.0833": [-2.63983, 0, 0],
						"0.125": [-4.44664, 0, 0],
						"0.1667": [-5, 0, 0],
						"0.2083": [-3.2721, 0, 0],
						"0.25": [0.06873, 0, 0],
						"0.2917": [3.26027, 0, 0],
						"0.3333": [5, 0, 0],
						"0.375": [4.72674, 0, 0],
						"0.4167": [2.72931, 0, 0],
						"0.4583": [0.31505, 0, 0],
						"0.5": [0, 0, 0],
						"0.5417": [3.19702, 0, 0],
						"0.5833": [7.09531, 0, 0],
						"0.625": [10.5432, 0, 0],
						"0.6667": [12.5, 0, 0],
						"0.7083": [8.25657, 0, 0],
						"0.75": [-1.68498, 0, 0],
						"0.7917": [-12.07028, 0, 0],
						"0.8333": [-17.5, 0, 0],
						"0.875": [-15.70058, 0, 0],
						"0.9167": [-10.76614, 0, 0],
						"0.9583": [-5.71536, 0, 0],
						"1.0": [-2.5, 0, 0]
					}
				},
				"RightLeg": {
					"rotation": {
						"0.0": [22.49507, 0.07303, -0.02898],
						"0.0417": [22.50267, 0.0876, -0.28071],
						"0.0833": [21.52366, 0.09837, -0.37898],
						"0.125": [18.92016, 0.12029, -0.26993],
						"0.1667": [14.99471, 0.17369, 0.0152],
						"0.2083": [10.03151, 0.32823, 0.39053],
						"0.25": [3.97397, 0.59048, 0.67433],
						"0.2917": [-2.81424, 0.82035, 0.68091],
						"0.3333": [-9.98673, 0.90794, 0.56815],
						"0.375": [-16.77555, 0.58253, 0.38857],
						"0.4167": [-22.17271, -0.24293, -0.0445],
						"0.4583": [-25.77437, -0.93312, -0.71637],
						"0.5": [-27.47911, -1.05627, -1.26603],
						"0.5417": [-27.55693, -0.89687, -1.64028],
						"0.5833": [-26.18492, -0.76592, -1.66156],
						"0.625": [-23.45979, -0.70976, -1.17327],
						"0.6667": [-19.98976, -0.73949, -0.58613],
						"0.7083": [-14.15436, -0.73097, -0.31245],
						"0.75": [-5.88559, -0.59835, -0.09125],
						"0.7917": [2.10836, -0.47075, 0.05684],
						"0.8333": [8.00334, -0.4226, 0.09368],
						"0.875": [13.00256, -0.36094, 0.10131],
						"0.9167": [18.15021, -0.1606, 0.14293],
						"0.9583": [21.39564, 0.01573, 0.13322],
						"1.0": [22.49507, 0.07303, -0.02898]
					}
				},
				"RightLowerLeg": {
					"rotation": {
						"0.0": [10, 0, 0],
						"0.0417": [14.09609, 0, 0],
						"0.0833": [19.42555, 0, 0],
						"0.125": [24.33566, 0, 0],
						"0.1667": [27.5, 0, 0],
						"0.2083": [30.12553, 0, 0],
						"0.25": [33.23371, 0, 0],
						"0.2917": [35.43106, 0, 0],
						"0.3333": [35, 0, 0],
						"0.375": [29.0815, 0, 0],
						"0.4167": [19.73675, 0, 0],
						"0.4583": [12.00834, 0, 0],
						"0.5": [10, 0, 0],
						"0.5417": [13.41296, 0, 0],
						"0.5833": [18.57232, 0, 0],
						"0.625": [23.16494, 0, 0],
						"0.6667": [25, 0, 0],
						"0.7083": [22.68505, 0, 0],
						"0.75": [17.08933, 0, 0],
						"0.7917": [11.0242, 0, 0],
						"0.8333": [7.5, 0, 0],
						"0.875": [6.46077, 0, 0],
						"0.9167": [6.43058, 0, 0],
						"0.9583": [7.59, 0, 0],
						"1.0": [10, 0, 0]
					}
				},
				"RightFoot": {
					"rotation": {
						"0.0": [0, 0, 0],
						"0.0417": [3.19702, 0, 0],
						"0.0833": [7.09531, 0, 0],
						"0.125": [10.5432, 0, 0],
						"0.1667": [12.5, 0, 0],
						"0.2083": [8.25657, 0, 0],
						"0.25": [-1.68498, 0, 0],
						"0.2917": [-12.07028, 0, 0],
						"0.3333": [-17.5, 0, 0],
						"0.375": [-15.70058, 0, 0],
						"0.4167": [-10.76614, 0, 0],
						"0.4583": [-5.71536, 0, 0],
						"0.5": [-2.5, 0, 0],
						"0.5417": [-1.57849, 0, 0],
						"0.5833": [-2.63983, 0, 0],
						"0.625": [-4.44664, 0, 0],
						"0.6667": [-5, 0, 0],
						"0.7083": [-3.2721, 0, 0],
						"0.75": [0.06873, 0, 0],
						"0.7917": [3.26027, 0, 0],
						"0.8333": [5, 0, 0],
						"0.875": [4.72674, 0, 0],
						"0.9167": [2.72931, 0, 0],
						"0.9583": [0.31505, 0, 0],
						"1.0": [0, 0, 0]
					}
				},
				"AllBody": {
					"rotation": [0, 0, 0],
					"position": [0, 0, 0],
					"scale": 1
				},
				"AllHead": {
					"rotation": [0, 0, 0],
					"position": [0, 0, 0]
				},
				"Head": {
					"rotation": {
						"0.0": [1.82548, 1.99465, 2.24747],
						"0.0417": [1.39867, 1.61791, 2.1297],
						"0.0833": [1.11263, 1.15236, 1.91928],
						"0.125": [0.99929, 0.59675, 1.58722],
						"0.1667": [1.08903, -0.03657, 1.09688],
						"0.2083": [1.38572, -0.71046, 0.42209],
						"0.25": [1.82548, -1.35733, -0.38742],
						"0.2917": [2.26523, -1.89491, -1.15298],
						"0.3333": [2.56193, -2.26126, -1.7168],
						"0.375": [2.65167, -2.43598, -2.06292],
						"0.4167": [2.53832, -2.43176, -2.23817],
						"0.4583": [2.25228, -2.27537, -2.28869],
						"0.5": [1.82548, -1.99465, -2.24747],
						"0.5417": [1.39867, -1.61791, -2.1297],
						"0.5833": [1.11263, -1.15236, -1.91928],
						"0.625": [0.99929, -0.59675, -1.58722],
						"0.6667": [1.08903, 0.03657, -1.09688],
						"0.7083": [1.38572, 0.71046, -0.42209],
						"0.75": [1.82548, 1.35733, 0.38742],
						"0.7917": [2.26523, 1.89491, 1.15298],
						"0.8333": [2.56193, 2.26126, 1.7168],
						"0.875": [2.65167, 2.43598, 2.06292],
						"0.9167": [2.53832, 2.43176, 2.23817],
						"0.9583": [2.25228, 2.27537, 2.28869],
						"1.0": [1.82548, 1.99465, 2.24747]
					},
					"position": [0, 0, 0]
				},
				"bone61": {
					"scale": 0
				}
			}
		},
		"attacked": {
			"animation_length": 0.45833,
			"bones": {
				"Root": {
					"rotation": {
						"0.0": [0, 0, 0],
						"0.0417": [0, 2.96, 0],
						"0.0833": [0, 7.04, 0],
						"0.125": [0, 10, 0],
						"0.1667": [0, 11.25, 0],
						"0.2083": [0, 10, 0],
						"0.25": [0, 8.48, 0],
						"0.2917": [0, 6.24, 0],
						"0.3333": [0, 3.76, 0],
						"0.375": [0, 1.52, 0],
						"0.4167": [0, 0, 0],
						"0.4583": [0, 0, 0]
					},
					"position": {
						"0.0": [0, -1, 0],
						"0.0417": [0, -1.94, 2.17],
						"0.0833": [0, -3.71, 4.63],
						"0.125": [0, -5.8, 7],
						"0.1667": [0, -5.98, 7.27],
						"0.2083": [0, -5.8, 7],
						"0.25": [0, -5.43, 6.31],
						"0.2917": [0, -4.8, 5],
						"0.3333": [0, -4.13, 3.37],
						"0.375": [0, -1.56, 1.41],
						"0.4167": [0, -1, 0],
						"0.4583": [0, -1, 0]
					}
				},
				"UpBody": {
					"rotation": {
						"0.0": [0, 0, 0],
						"0.0417": [22.52, 2.31, 0.96],
						"0.0833": [20.37, 4.23, 1.12],
						"0.125": [14.05, 6.46, 1.18],
						"0.1667": [7.56, 7.44, 0.98],
						"0.2083": [-2.13, 4.74, -0.23],
						"0.25": [-8.85, 1.24, -1.28],
						"0.2917": [-8.21, 0.55, -1.18],
						"0.3333": [-5.45, 0.23, -0.78],
						"0.375": [-2.18, 0.11, -0.31],
						"0.4167": [0, 0, 0],
						"0.4583": [0, 0, 0]
					},
					"position": [0, 0, 0]
				},
				"LeftArm": {
					"rotation": {
						"0.0": [0, 0, 0],
						"0.0417": [-24.89, -3.96, -3.05],
						"0.0833": [-67.5, 0, 0],
						"0.125": [-40.78, -1.78, -11.04],
						"0.1667": [-4.42, -3.41, -22.14],
						"0.2083": [10.29, -2.17, -23.44],
						"0.25": [21.86, 0.02, -21.99],
						"0.2917": [30.14, 1.69, -19.52],
						"0.3333": [37.01, 2.36, -13.95],
						"0.375": [35.16, 2.13, -7.73],
						"0.4167": [17.89, 1.09, -3.13],
						"0.4583": [0, 0, 0]
					},
					"position": [0, 0, 0]
				},
				"LeftForeArm": {
					"rotation": {
						"0.0": [0, 0, 0],
						"0.0417": [-42.5, 0, 0],
						"0.0833": [-17.5, 0, 0],
						"0.125": [-43.5, 3.91, -6.97],
						"0.1667": [-65.75, 6.28, -13.65],
						"0.2083": [-53.39, 2.96, -14.55],
						"0.25": [-29.54, -2.42, -13.67],
						"0.2917": [-10.75, -6, -11.32],
						"0.3333": [-2.74, -4.93, -3.14],
						"0.375": [-1.43, -2.06, 4.23],
						"0.4167": [-0.13, -0.79, 3.09],
						"0.4583": [0, 0, 0]
					},
					"position": [0, 0, 0]
				},
				"RightArm": {
					"rotation": {
						"0.0": [0, 0, 0],
						"0.0417": [-67.42, -4.62, -1.92],
						"0.0833": [-87.42, -4.62, -1.92],
						"0.125": [-85.46, -12.41, 20.41],
						"0.1667": [-76.62, -20.2, 42.74],
						"0.2083": [-67, -22.1, 47.63],
						"0.25": [-54.68, -22.27, 47.56],
						"0.2917": [-41.62, -20.2, 42.74],
						"0.3333": [-26.71, -14.22, 30.09],
						"0.375": [-11.05, -5.99, 12.68],
						"0.4167": [0, 0, 0],
						"0.4583": [0, 0, 0]
					},
					"position": [0, 0, 0]
				},
				"RightForeArm": {
					"rotation": {
						"0.0": [0, 0, 0],
						"0.0417": [0, 0, 0],
						"0.0833": [0, 0, -1.26],
						"0.125": [0, 0, -3.18],
						"0.1667": [0, 0, -5.22],
						"0.2083": [0, 0, -6.84],
						"0.25": [0, 0, -7.5],
						"0.2917": [0, 0, -6.5],
						"0.3333": [0, 0, -4.22],
						"0.375": [0, 0, -1.7],
						"0.4167": [0, 0, 0],
						"0.4583": [0, 0, 0]
					},
					"position": [0, 0, 0]
				},
				"LeftLeg": {
					"rotation": {
						"0.0": [0, 0, 0],
						"0.0417": [-20, -5, 0],
						"0.0833": [-31.4, -7.38, -1.83],
						"0.125": [-40.15, -9.22, -3.6],
						"0.1667": [-38.86, -9.84, -3.08],
						"0.2083": [-38.69, -9.08, -1.7],
						"0.25": [-37.76, -7.76, -0.34],
						"0.2917": [-35.86, -5.95, 0.04],
						"0.3333": [-30.31, -3.91, 0.07],
						"0.375": [-14.69, -1.71, 0.06],
						"0.4167": [0, 0, 0],
						"0.4583": [0, 0, 0]
					},
					"position": {
						"0.0": [0, 0, 0],
						"0.0417": [0, 0, 0],
						"0.0833": [0, 0, 0],
						"0.125": [0, 0, 0],
						"0.1667": [0, 0, 0],
						"0.2083": [0, 0, 0],
						"0.25": [0, 0, 0],
						"0.2917": [0, 0, 0],
						"0.3333": [0, 0, 0],
						"0.375": [0, 0, 0],
						"0.4167": [0, 0, 0],
						"0.4583": [0, 0, 0]
					}
				},
				"LeftLowerLeg": {
					"rotation": {
						"0.0": [0, 0, 0],
						"0.0417": [35, 0, 0],
						"0.0833": [50.73, -0.09, 0.12],
						"0.125": [62.15, -0.18, 0.24],
						"0.1667": [62.5, -0.26, 0.27],
						"0.2083": [63.16, -0.29, 0.28],
						"0.25": [62.5, -0.26, 0.27],
						"0.2917": [60.64, -0.06, 0.22],
						"0.3333": [52.25, 0.13, 0.15],
						"0.375": [25.48, 0.09, 0.07],
						"0.4167": [0, 0, 0],
						"0.4583": [0, 0, 0]
					},
					"position": {
						"0.0": [0, 0, 0],
						"0.0417": [0, 0, 0],
						"0.0833": [0, 0, 0],
						"0.125": [0, 0, 0],
						"0.1667": [0, 0, 0],
						"0.2083": [0, 0, 0],
						"0.25": [0, 0, 0],
						"0.2917": [0, 0, 0],
						"0.3333": [0, 0, 0],
						"0.375": [0, 0, 0],
						"0.4167": [0, 0, 0],
						"0.4583": [0, 0, 0]
					}
				},
				"LeftFoot": {
					"rotation": {
						"0.0": [0, 0, 0],
						"0.0417": [-10, 0, 0],
						"0.0833": [-9.26, 0, 0.02],
						"0.125": [-6.85, 0, 0.05],
						"0.1667": [-5, 0, 0.07],
						"0.2083": [-4.15, 0.01, 0.07],
						"0.25": [-5, 0, 0.07],
						"0.2917": [-10.12, -0.06, 0.11],
						"0.3333": [-13.55, -0.1, 0.13],
						"0.375": [-7.31, -0.06, 0.07],
						"0.4167": [0, 0, 0],
						"0.4583": [0, 0, 0]
					},
					"position": {
						"0.0": [0, 0, 0],
						"0.0417": [0, 0, 0],
						"0.0833": [0, 0, 0],
						"0.125": [0, 0, 0],
						"0.1667": [0, 0, 0],
						"0.2083": [0, 0, 0],
						"0.25": [0, 0, 0],
						"0.2917": [0, 0, 0],
						"0.3333": [0, 0, 0],
						"0.375": [0, 0, 0],
						"0.4167": [0, 0, 0],
						"0.4583": [0, 0, 0]
					}
				},
				"RightLeg": {
					"rotation": {
						"0.0": [0, 0, 0],
						"0.0417": [-25.14, -7.15, 2.27],
						"0.0833": [-20.22, -9.1, 0.23],
						"0.125": [22.99, -9.7, -1.47],
						"0.1667": [27.18, -8.8, -0.07],
						"0.2083": [26.71, -7.43, 2.07],
						"0.25": [24.21, -6.11, 3.49],
						"0.2917": [16.21, -4.42, 3.21],
						"0.3333": [7.18, -2.83, 2.06],
						"0.375": [2.53, -1.21, 0.94],
						"0.4167": [0, 0, 0],
						"0.4583": [0, 0, 0]
					},
					"position": {
						"0.0": [0, 0, 0],
						"0.0417": [0, 0, 0],
						"0.0833": [0, 0, 0],
						"0.125": [0, 0, 0],
						"0.1667": [0, 0, 0],
						"0.2083": [0, 0, 0],
						"0.25": [0, 0, 0],
						"0.2917": [0, 0, 0],
						"0.3333": [0, 0, 0],
						"0.375": [0, 0, 0],
						"0.4167": [0, 0, 0],
						"0.4583": [0, 0, 0]
					}
				},
				"RightLowerLeg": {
					"rotation": {
						"0.0": [0, 0, 0],
						"0.0417": [15, 0, 0],
						"0.0833": [7.12, -0.3, 0.03],
						"0.125": [37.49, -0.6, 0.06],
						"0.1667": [39.73, -0.65, 0.08],
						"0.2083": [38.7, -0.67, 0.1],
						"0.25": [38.49, -0.65, 0.11],
						"0.2917": [45.64, -0.51, 0.09],
						"0.3333": [46.81, -0.33, 0.06],
						"0.375": [23.92, -0.14, 0.03],
						"0.4167": [0, 0, 0],
						"0.4583": [0, 0, 0]
					},
					"position": {
						"0.0": [0, 0, 0],
						"0.0417": [0, 0, 0],
						"0.0833": [0, 0, 0],
						"0.125": [0, 0, 0],
						"0.1667": [0, 0, 0],
						"0.2083": [0, 0, 0],
						"0.25": [0, 0, 0],
						"0.2917": [0, 0, 0],
						"0.3333": [0, 0, 0],
						"0.375": [0, 0, 0],
						"0.4167": [0, 0, 0],
						"0.4583": [0, 0, 0]
					}
				},
				"RightFoot": {
					"rotation": {
						"0.0": [0, 0, 0],
						"0.0417": [0, 0, 0],
						"0.0833": [-29.31, 0.33, -0.49],
						"0.125": [-42.49, 0.67, -0.9],
						"0.1667": [-42.56, 0.72, -0.74],
						"0.2083": [-40.16, 0.74, -0.46],
						"0.25": [-33.51, 0.71, -0.23],
						"0.2917": [-8.41, 0.56, -0.11],
						"0.3333": [13.81, 0.36, -0.07],
						"0.375": [9.86, 0.16, -0.03],
						"0.4167": [0, 0, 0],
						"0.4583": [0, 0, 0]
					},
					"position": {
						"0.0": [0, 0, 0],
						"0.0417": [0, 0, 0],
						"0.0833": [0, 0, 0],
						"0.125": [0, 0, 0],
						"0.1667": [0, 0, 0],
						"0.2083": [0, 0, 0],
						"0.25": [0, 0, 0],
						"0.2917": [0, 0, 0],
						"0.3333": [0, 0, 0],
						"0.375": [0, 0, 0],
						"0.4167": [0, 0, 0],
						"0.4583": [0, 0, 0]
					}
				},
				"AllBody": {
					"rotation": [0, 0, 0],
					"position": [0, 0, 0],
					"scale": 1
				},
				"AllHead": {
					"rotation": {
						"0.0": [0, 0, 0],
						"0.0417": [17.5, 0, 0],
						"0.0833": [0, 0, 0]
					},
					"position": [0, 0, 0]
				},
				"Head": {
					"rotation": {
						"0.0": [0, 0, 0],
						"0.0417": [-30.09, -4.33, 2.5],
						"0.0833": [9.88, -7.24, 1.95],
						"0.125": [26.71, -6.52, 1.68],
						"0.1667": [37.9, -4.87, 1.36],
						"0.2083": [39.33, -3.37, 1.05],
						"0.25": [37.07, -1.63, 0.7],
						"0.2917": [32.7, -0.34, 0.42],
						"0.3333": [20.82, 0.17, 0.24],
						"0.375": [8.52, 0.11, 0.15],
						"0.4167": [2.75, 0.08, 0.06],
						"0.4583": [0, 0, 0]
					}
				},
				"DownBody": {
					"rotation": {
						"0.0": [0, 0, 0],
						"0.0417": [-5.19, 0.03, 0.09],
						"0.0833": [-12.32, 0.06, 0.18],
						"0.125": [-17.5, 0, 0],
						"0.1667": [-19.44, -0.25, -0.79],
						"0.2083": [-19.43, -0.58, -1.85],
						"0.25": [-17.48, -0.75, -2.38],
						"0.2917": [-13.93, -0.65, -2.07],
						"0.3333": [-8.74, -0.42, -1.34],
						"0.375": [-3.55, -0.17, -0.54],
						"0.4167": [0, 0, 0],
						"0.4583": [0, 0, 0]
					}
				},
				"bone61": {
					"scale": 0
				}
			}
		},
		"sit": {
			"animation_length": 0.375,
			"bones": {
				"Root": {
					"rotation": [0, 0, 0],
					"position": [0, -14, 0],
					"scale": 1
				},
				"UpBody": {
					"rotation": [15, 0, 0],
					"position": [0, 0, 0]
				},
				"LeftArm": {
					"rotation": [-68.659, 23.92746, -39.32269],
					"position": [0, 0, 0]
				},
				"LeftForeArm": {
					"rotation": [-60.94031, 19.61291, -8.71337],
					"position": [0, 0, 0]
				},
				"RightArm": {
					"rotation": [-87.59409, -11.75726, 65.47122],
					"position": [0, 0, 0]
				},
				"RightForeArm": {
					"rotation": [-47.5, 0, 0],
					"position": [0, 0, 0]
				},
				"LeftLeg": {
					"rotation": [-142.5, 0, 0],
					"position": [0, 0, 0]
				},
				"LeftLowerLeg": {
					"rotation": [105, 0, 0],
					"position": [0, 0, 0]
				},
				"LeftFoot": {
					"rotation": [37.5, 0, 0],
					"position": [0, 0, 0]
				},
				"RightLeg": {
					"rotation": [-127.5, 0, 0],
					"position": [0, 0, 0]
				},
				"RightLowerLeg": {
					"rotation": [75, 0, 0],
					"position": [0, 0, 0]
				},
				"RightFoot": {
					"rotation": [55, 0, 0],
					"position": [0, 0, 0]
				},
				"AllBody": {
					"rotation": [0, 0, 0],
					"position": [0, 0, 0],
					"scale": 1
				},
				"AllHead": {
					"rotation": [0, 0, 0],
					"position": [0, 0, 0]
				},
				"Head": {
					"rotation": [-15, 0, 0],
					"position": [0, 0, 0]
				},
				"LongHair": {
					"rotation": [15, 0, 0]
				},
				"bone61": {
					"scale": 0
				}
			}
		},
		"sleep": {
			"animation_length": 0.375,
			"bones": {
				"Root": {
					"rotation": [-13.25506, -77.79629, 23.76148],
					"position": [-10, 0, -3],
					"scale": 1
				},
				"UpBody": {
					"rotation": [9.41388, -20.06196, -12.39768],
					"position": [0, 0, 0]
				},
				"LeftArm": {
					"rotation": [-54.66535, 11.22664, 27.74797],
					"position": [0, 0, 0]
				},
				"LeftForeArm": {
					"rotation": [-130, 0, 0],
					"position": [0, 0, 0]
				},
				"RightArm": {
					"rotation": [-40.90645, -40.70616, 3.31228],
					"position": [0, 0, 0]
				},
				"RightForeArm": {
					"rotation": [-120, 0, 0],
					"position": [0, 0, 0]
				},
				"LeftLeg": {
					"rotation": [-9.17477, -9.65456, -3.96222],
					"position": [0, 0, 1]
				},
				"LeftLowerLeg": {
					"rotation": [50, 0, 0],
					"position": [0, 0, 0]
				},
				"LeftFoot": {
					"rotation": [40.09907, -4.21541, -2.69136],
					"position": [0, 0, 0]
				},
				"RightLeg": {
					"rotation": [-34.58491, -30.36568, -6.61237],
					"position": [0, 0, 1]
				},
				"RightLowerLeg": {
					"rotation": [97.52832, 4.95712, 0.65426],
					"position": [0, 0, 0]
				},
				"RightFoot": {
					"rotation": [15.53761, -1.28421, -15.29695],
					"position": [0, 0, 0]
				},
				"AllBody": {
					"rotation": [0, 0, 0],
					"position": [0, 0, 0],
					"scale": 1
				},
				"AllHead": {
					"rotation": [0, 0, 0],
					"position": [0, 0, 0]
				},
				"Head": {
					"rotation": {
						"0.0": {
							"post": [5.16524, 27.0478, 11.24314],
							"lerp_mode": "catmullrom"
						}
					},
					"position": {
						"0.0": {
							"post": [0, 0, 0],
							"lerp_mode": "catmullrom"
						}
					}
				},
				"RightEyelid": {
					"scale": 0
				},
				"LeftEyelid": {
					"scale": 0
				},
				"DownBody": {
					"rotation": [-30, 0, 0]
				},
				"LeftEyebrow": {
					"position": [0, -0.4, 0]
				},
				"RightEyebrow": {
					"position": [0, -0.4, 0]
				},
				"bone61": {
					"scale": 0
				}
			}
		},
		"swim_stand": {
			"loop": true,
			"animation_length": 1,
			"bones": {
				"Root": {
					"rotation": [0, 0, 0],
					"scale": 1
				},
				"UpBody": {
					"rotation": [0, 0, 0],
					"position": [0, 0, 0]
				},
				"LeftArm": {
					"rotation": {
						"0.0": [-10, 0, -45],
						"0.0417": [-8.09, 0, -45],
						"0.0833": [-5.38, 0, -45],
						"0.125": [-2.07, 0, -45],
						"0.1667": [1.67, 0, -45],
						"0.2083": [5.65, 0, -45],
						"0.25": [9.69, 0, -45],
						"0.2917": [13.61, 0, -45],
						"0.3333": [17.22, 0, -45],
						"0.375": [20.35, 0, -45],
						"0.4167": [22.81, 0, -45],
						"0.4583": [24.42, 0, -45],
						"0.5": [25, 0, -45],
						"0.5417": [24.25, 0, -45],
						"0.5833": [22.17, 0, -45],
						"0.625": [19.04, 0, -45],
						"0.6667": [15.16, 0, -45],
						"0.7083": [10.78, 0, -45],
						"0.75": [6.2, 0, -45],
						"0.7917": [1.69, 0, -45],
						"0.8333": [-2.47, 0, -45],
						"0.875": [-5.99, 0, -45],
						"0.9167": [-8.61, 0, -45],
						"0.9583": [-10.04, 0, -45],
						"1.0": [-10, 0, -45]
					},
					"position": [0, 0, 0]
				},
				"LeftForeArm": {
					"rotation": {
						"0.0": [-52.5, 0, 0],
						"0.0417": [-52.67, 0, 0],
						"0.0833": [-53.28, 0, 0],
						"0.125": [-53.46, 0, 0],
						"0.1667": [-52.32, 0, 0],
						"0.2083": [-48.97, 0, 0],
						"0.25": [-44.34, 0, 0],
						"0.2917": [-37.79, 0, 0],
						"0.3333": [-30.15, 0, 0],
						"0.375": [-22.23, 0, 0],
						"0.4167": [-14.85, 0, 0],
						"0.4583": [-8.83, 0, 0],
						"0.5": [-5, 0, 0],
						"0.5417": [-3.15, 0, 0],
						"0.5833": [-3.13, 0, 0],
						"0.625": [-4.6, 0, 0],
						"0.6667": [-7.2, 0, 0],
						"0.7083": [-10.6, 0, 0],
						"0.75": [-14.45, 0, 0],
						"0.7917": [-19.79, 0, 0],
						"0.8333": [-27.12, 0, 0],
						"0.875": [-35.24, 0, 0],
						"0.9167": [-42.97, 0, 0],
						"0.9583": [-49.12, 0, 0],
						"1.0": [-52.5, 0, 0]
					},
					"position": [0, 0, 0]
				},
				"RightArm": {
					"rotation": {
						"0.0": [-10, 0, 45],
						"0.0417": [-8.09, 0, 45],
						"0.0833": [-5.38, 0, 45],
						"0.125": [-2.07, 0, 45],
						"0.1667": [1.67, 0, 45],
						"0.2083": [5.65, 0, 45],
						"0.25": [9.69, 0, 45],
						"0.2917": [13.61, 0, 45],
						"0.3333": [17.22, 0, 45],
						"0.375": [20.35, 0, 45],
						"0.4167": [22.81, 0, 45],
						"0.4583": [24.42, 0, 45],
						"0.5": [25, 0, 45],
						"0.5417": [24.24, 0, 45],
						"0.5833": [22.15, 0, 45],
						"0.625": [19.01, 0, 45],
						"0.6667": [15.1, 0, 45],
						"0.7083": [10.7, 0, 45],
						"0.75": [6.1, 0, 45],
						"0.7917": [1.58, 0, 45],
						"0.8333": [-2.59, 0, 45],
						"0.875": [-6.11, 0, 45],
						"0.9167": [-8.7, 0, 45],
						"0.9583": [-10.1, 0, 45],
						"1.0": [-10, 0, 45]
					},
					"position": [0, 0, 0]
				},
				"RightForeArm": {
					"rotation": {
						"0.0": [-52.5, 0, 0],
						"0.0417": [-52.67, 0, 0],
						"0.0833": [-53.28, 0, 0],
						"0.125": [-53.46, 0, 0],
						"0.1667": [-52.32, 0, 0],
						"0.2083": [-48.97, 0, 0],
						"0.25": [-44.34, 0, 0],
						"0.2917": [-37.79, 0, 0],
						"0.3333": [-30.15, 0, 0],
						"0.375": [-22.23, 0, 0],
						"0.4167": [-14.85, 0, 0],
						"0.4583": [-8.83, 0, 0],
						"0.5": [-5, 0, 0],
						"0.5417": [-3.15, 0, 0],
						"0.5833": [-3.13, 0, 0],
						"0.625": [-4.6, 0, 0],
						"0.6667": [-7.2, 0, 0],
						"0.7083": [-10.6, 0, 0],
						"0.75": [-14.45, 0, 0],
						"0.7917": [-19.79, 0, 0],
						"0.8333": [-27.12, 0, 0],
						"0.875": [-35.24, 0, 0],
						"0.9167": [-42.97, 0, 0],
						"0.9583": [-49.12, 0, 0],
						"1.0": [-52.5, 0, 0]
					},
					"position": [0, 0, 0]
				},
				"LeftLeg": {
					"rotation": {
						"0.0": [-10, 0, 0],
						"0.0417": [-8.69, 0, 0],
						"0.0833": [-6.81, 0, 0],
						"0.125": [-4.67, 0, 0],
						"0.1667": [-2.56, 0, 0],
						"0.2083": [-0.79, 0, 0],
						"0.25": [0.33, 0, 0],
						"0.2917": [1.49, 0, 0],
						"0.3333": [2.61, 0, 0],
						"0.375": [3.6, 0, 0],
						"0.4167": [4.39, 0, 0],
						"0.4583": [4.88, 0, 0],
						"0.5": [5, 0, 0],
						"0.5417": [4.57, 0, 0],
						"0.5833": [3.6, 0, 0],
						"0.625": [2.28, 0, 0],
						"0.6667": [0.77, 0, 0],
						"0.7083": [-0.76, 0, 0],
						"0.75": [-2.14, 0, 0],
						"0.7917": [-3.71, 0, 0],
						"0.8333": [-5.66, 0, 0],
						"0.875": [-7.63, 0, 0],
						"0.9167": [-9.26, 0, 0],
						"0.9583": [-10.17, 0, 0],
						"1.0": [-10, 0, 0]
					},
					"position": {
						"0.0": [0, 0, 0],
						"0.0417": [0, 0, 0],
						"0.0833": [0, 0, 0],
						"0.125": [0, 0, 0],
						"0.1667": [0, 0, 0],
						"0.2083": [0, 0, 0],
						"0.25": [0, 0, 0],
						"0.2917": [0, 0, 0],
						"0.3333": [0, 0, 0],
						"0.375": [0, 0, 0],
						"0.4167": [0, 0, 0],
						"0.4583": [0, 0, 0],
						"0.5": [0, 0, 0],
						"0.5417": [0, 0, 0],
						"0.5833": [0, 0, 0],
						"0.625": [0, 0, 0],
						"0.6667": [0, 0, 0],
						"0.7083": [0, 0, 0],
						"0.75": [0, 0, 0],
						"0.7917": [0, 0, 0],
						"0.8333": [0, 0, 0],
						"0.875": [0, 0, 0],
						"0.9167": [0, 0, 0],
						"0.9583": [0, 0, 0],
						"1.0": [0, 0, 0]
					}
				},
				"LeftLowerLeg": {
					"rotation": {
						"0.0": [10, 0, 0],
						"0.0417": [8.17, 0, 0],
						"0.0833": [5.4, 0, 0],
						"0.125": [2.44, 0, 0],
						"0.1667": [0.02, 0, 0],
						"0.2083": [-1.12, 0, 0],
						"0.25": [-0.91, 0, 0],
						"0.2917": [-0.04, 0, 0],
						"0.3333": [1.29, 0, 0],
						"0.375": [2.9, 0, 0],
						"0.4167": [4.6, 0, 0],
						"0.4583": [6.19, 0, 0],
						"0.5": [7.5, 0, 0],
						"0.5417": [8.87, 0, 0],
						"0.5833": [10.31, 0, 0],
						"0.625": [11.7, 0, 0],
						"0.6667": [12.92, 0, 0],
						"0.7083": [13.82, 0, 0],
						"0.75": [14.29, 0, 0],
						"0.7917": [14.17, 0, 0],
						"0.8333": [13.52, 0, 0],
						"0.875": [12.57, 0, 0],
						"0.9167": [11.52, 0, 0],
						"0.9583": [10.59, 0, 0],
						"1.0": [10, 0, 0]
					},
					"position": {
						"0.0": [0, 0, 0],
						"0.0417": [0, 0, 0],
						"0.0833": [0, 0, 0],
						"0.125": [0, 0, 0],
						"0.1667": [0, 0, 0],
						"0.2083": [0, 0, 0],
						"0.25": [0, 0, 0],
						"0.2917": [0, 0, 0],
						"0.3333": [0, 0, 0],
						"0.375": [0, 0, 0],
						"0.4167": [0, 0, 0],
						"0.4583": [0, 0, 0],
						"0.5": [0, 0, 0],
						"0.5417": [0, 0, 0],
						"0.5833": [0, 0, 0],
						"0.625": [0, 0, 0],
						"0.6667": [0, 0, 0],
						"0.7083": [0, 0, 0],
						"0.75": [0, 0, 0],
						"0.7917": [0, 0, 0],
						"0.8333": [0, 0, 0],
						"0.875": [0, 0, 0],
						"0.9167": [0, 0, 0],
						"0.9583": [0, 0, 0],
						"1.0": [0, 0, 0]
					}
				},
				"LeftFoot": {
					"rotation": {
						"0.0": [30, 0, 0],
						"0.0417": [29.31, 0, 0],
						"0.0833": [28.34, 0, 0],
						"0.125": [27.14, 0, 0],
						"0.1667": [25.79, 0, 0],
						"0.2083": [24.35, 0, 0],
						"0.25": [22.89, 0, 0],
						"0.2917": [21.48, 0, 0],
						"0.3333": [20.18, 0, 0],
						"0.375": [19.07, 0, 0],
						"0.4167": [18.21, 0, 0],
						"0.4583": [17.66, 0, 0],
						"0.5": [17.5, 0, 0],
						"0.5417": [18.22, 0, 0],
						"0.5833": [19.97, 0, 0],
						"0.625": [22.37, 0, 0],
						"0.6667": [25.06, 0, 0],
						"0.7083": [27.69, 0, 0],
						"0.75": [29.89, 0, 0],
						"0.7917": [31.3, 0, 0],
						"0.8333": [31.99, 0, 0],
						"0.875": [31.81, 0, 0],
						"0.9167": [31.15, 0, 0],
						"0.9583": [30.42, 0, 0],
						"1.0": [30, 0, 0]
					},
					"position": {
						"0.0": [0, 0, 0],
						"0.0417": [0, 0, 0],
						"0.0833": [0, 0, 0],
						"0.125": [0, 0, 0],
						"0.1667": [0, 0, 0],
						"0.2083": [0, 0, 0],
						"0.25": [0, 0, 0],
						"0.2917": [0, 0, 0],
						"0.3333": [0, 0, 0],
						"0.375": [0, 0, 0],
						"0.4167": [0, 0, 0],
						"0.4583": [0, 0, 0],
						"0.5": [0, 0, 0],
						"0.5417": [0, 0, 0],
						"0.5833": [0, 0, 0],
						"0.625": [0, 0, 0],
						"0.6667": [0, 0, 0],
						"0.7083": [0, 0, 0],
						"0.75": [0, 0, 0],
						"0.7917": [0, 0, 0],
						"0.8333": [0, 0, 0],
						"0.875": [0, 0, 0],
						"0.9167": [0, 0, 0],
						"0.9583": [0, 0, 0],
						"1.0": [0, 0, 0]
					}
				},
				"RightLeg": {
					"rotation": {
						"0.0": [5, 0, 0],
						"0.0417": [4.23, 0, 0],
						"0.0833": [3.18, 0, 0],
						"0.125": [1.92, 0, 0],
						"0.1667": [0.56, 0, 0],
						"0.2083": [-0.83, 0, 0],
						"0.25": [-2.14, 0, 0],
						"0.2917": [-3.61, 0, 0],
						"0.3333": [-5.34, 0, 0],
						"0.375": [-7.09, 0, 0],
						"0.4167": [-8.62, 0, 0],
						"0.4583": [-9.67, 0, 0],
						"0.5": [-10, 0, 0],
						"0.5417": [-9.2, 0, 0],
						"0.5833": [-7.38, 0, 0],
						"0.625": [-5.05, 0, 0],
						"0.6667": [-2.68, 0, 0],
						"0.7083": [-0.79, 0, 0],
						"0.75": [0.4, 0, 0],
						"0.7917": [1.72, 0, 0],
						"0.8333": [3.02, 0, 0],
						"0.875": [4.16, 0, 0],
						"0.9167": [4.96, 0, 0],
						"0.9583": [5.3, 0, 0],
						"1.0": [5, 0, 0]
					},
					"position": {
						"0.0": [0, 0, 0],
						"0.0417": [0, 0, 0],
						"0.0833": [0, 0, 0],
						"0.125": [0, 0, 0],
						"0.1667": [0, 0, 0],
						"0.2083": [0, 0, 0],
						"0.25": [0, 0, 0],
						"0.2917": [0, 0, 0],
						"0.3333": [0, 0, 0],
						"0.375": [0, 0, 0],
						"0.4167": [0, 0, 0],
						"0.4583": [0, 0, 0],
						"0.5": [0, 0, 0],
						"0.5417": [0, 0, 0],
						"0.5833": [0, 0, 0],
						"0.625": [0, 0, 0],
						"0.6667": [0, 0, 0],
						"0.7083": [0, 0, 0],
						"0.75": [0, 0, 0],
						"0.7917": [0, 0, 0],
						"0.8333": [0, 0, 0],
						"0.875": [0, 0, 0],
						"0.9167": [0, 0, 0],
						"0.9583": [0, 0, 0],
						"1.0": [0, 0, 0]
					}
				},
				"RightLowerLeg": {
					"rotation": {
						"0.0": [7.5, 0, 0],
						"0.0417": [8.37, 0, 0],
						"0.0833": [9.67, 0, 0],
						"0.125": [11.16, 0, 0],
						"0.1667": [12.6, 0, 0],
						"0.2083": [13.72, 0, 0],
						"0.25": [14.29, 0, 0],
						"0.2917": [14.3, 0, 0],
						"0.3333": [13.93, 0, 0],
						"0.375": [13.26, 0, 0],
						"0.4167": [12.35, 0, 0],
						"0.4583": [11.24, 0, 0],
						"0.5": [10, 0, 0],
						"0.5417": [7.9, 0, 0],
						"0.5833": [5.1, 0, 0],
						"0.625": [2.23, 0, 0],
						"0.6667": [-0.05, 0, 0],
						"0.7083": [-1.12, 0, 0],
						"0.75": [-0.85, 0, 0],
						"0.7917": [0.16, 0, 0],
						"0.8333": [1.65, 0, 0],
						"0.875": [3.37, 0, 0],
						"0.9167": [5.09, 0, 0],
						"0.9583": [6.55, 0, 0],
						"1.0": [7.5, 0, 0]
					},
					"position": {
						"0.0": [0, 0, 0],
						"0.0417": [0, 0, 0],
						"0.0833": [0, 0, 0],
						"0.125": [0, 0, 0],
						"0.1667": [0, 0, 0],
						"0.2083": [0, 0, 0],
						"0.25": [0, 0, 0],
						"0.2917": [0, 0, 0],
						"0.3333": [0, 0, 0],
						"0.375": [0, 0, 0],
						"0.4167": [0, 0, 0],
						"0.4583": [0, 0, 0],
						"0.5": [0, 0, 0],
						"0.5417": [0, 0, 0],
						"0.5833": [0, 0, 0],
						"0.625": [0, 0, 0],
						"0.6667": [0, 0, 0],
						"0.7083": [0, 0, 0],
						"0.75": [0, 0, 0],
						"0.7917": [0, 0, 0],
						"0.8333": [0, 0, 0],
						"0.875": [0, 0, 0],
						"0.9167": [0, 0, 0],
						"0.9583": [0, 0, 0],
						"1.0": [0, 0, 0]
					}
				},
				"RightFoot": {
					"rotation": {
						"0.0": [17.5, 0, 0],
						"0.0417": [18.88, 0, 0],
						"0.0833": [20.88, 0, 0],
						"0.125": [23.24, 0, 0],
						"0.1667": [25.72, 0, 0],
						"0.2083": [28.05, 0, 0],
						"0.25": [30, 0, 0],
						"0.2917": [31.3, 0, 0],
						"0.3333": [32.19, 0, 0],
						"0.375": [32.4, 0, 0],
						"0.4167": [32.05, 0, 0],
						"0.4583": [31.22, 0, 0],
						"0.5": [30, 0, 0],
						"0.5417": [29.31, 0, 0],
						"0.5833": [28.42, 0, 0],
						"0.625": [27.37, 0, 0],
						"0.6667": [26.2, 0, 0],
						"0.7083": [24.95, 0, 0],
						"0.75": [23.67, 0, 0],
						"0.7917": [22.39, 0, 0],
						"0.8333": [21.16, 0, 0],
						"0.875": [20.01, 0, 0],
						"0.9167": [18.99, 0, 0],
						"0.9583": [18.14, 0, 0],
						"1.0": [17.5, 0, 0]
					},
					"position": {
						"0.0": [0, 0, 0],
						"0.0417": [0, 0, 0],
						"0.0833": [0, 0, 0],
						"0.125": [0, 0, 0],
						"0.1667": [0, 0, 0],
						"0.2083": [0, 0, 0],
						"0.25": [0, 0, 0],
						"0.2917": [0, 0, 0],
						"0.3333": [0, 0, 0],
						"0.375": [0, 0, 0],
						"0.4167": [0, 0, 0],
						"0.4583": [0, 0, 0],
						"0.5": [0, 0, 0],
						"0.5417": [0, 0, 0],
						"0.5833": [0, 0, 0],
						"0.625": [0, 0, 0],
						"0.6667": [0, 0, 0],
						"0.7083": [0, 0, 0],
						"0.75": [0, 0, 0],
						"0.7917": [0, 0, 0],
						"0.8333": [0, 0, 0],
						"0.875": [0, 0, 0],
						"0.9167": [0, 0, 0],
						"0.9583": [0, 0, 0],
						"1.0": [0, 0, 0]
					}
				},
				"AllBody": {
					"rotation": [0, 0, 0],
					"position": [0, 0, 0],
					"scale": 1
				},
				"AllHead": {
					"rotation": [0, 0, 0],
					"position": [0, 0, 0]
				},
				"Head": {
					"rotation": {
						"0.0": [0, 0, 0],
						"0.0417": [0.14, 0, 0],
						"0.0833": [0.33, 0, 0],
						"0.125": [0.57, 0, 0],
						"0.1667": [0.83, 0, 0],
						"0.2083": [1.12, 0, 0],
						"0.25": [1.41, 0, 0],
						"0.2917": [1.69, 0, 0],
						"0.3333": [1.94, 0, 0],
						"0.375": [2.17, 0, 0],
						"0.4167": [2.34, 0, 0],
						"0.4583": [2.46, 0, 0],
						"0.5": [2.5, 0, 0],
						"0.5417": [2.46, 0, 0],
						"0.5833": [2.34, 0, 0],
						"0.625": [2.17, 0, 0],
						"0.6667": [1.94, 0, 0],
						"0.7083": [1.69, 0, 0],
						"0.75": [1.41, 0, 0],
						"0.7917": [1.12, 0, 0],
						"0.8333": [0.83, 0, 0],
						"0.875": [0.57, 0, 0],
						"0.9167": [0.33, 0, 0],
						"0.9583": [0.14, 0, 0],
						"1.0": [0, 0, 0]
					},
					"position": [0, 0, 0]
				},
				"bone61": {
					"scale": 0
				}
			}
		},
		"use_righthand": {
			"animation_length": 0.375,
			"bones": {
				"RightArm": {
					"rotation": {
						"0.0": [0, 0, 0],
						"0.0833": [3.52, 1.12, 18.13],
						"0.125": [-7.5, 0, 35],
						"0.2083": [-43.79, -17.87, 24.92],
						"0.25": [-45.07, -31.77, 9.3],
						"0.2917": [-22.62, -16.75, 3.67],
						"0.375": [0, 0, 0]
					}
				},
				"RightForeArm": {
					"rotation": {
						"0.0": [0, 0, 0],
						"0.0417": [-17.97, 0, 0],
						"0.0833": [-122.5, 0, 0],
						"0.2083": [-76.22, 0, 0],
						"0.25": [-15, 0, 0],
						"0.2917": [-0.78, 0, 0],
						"0.375": [0, 0, 0]
					}
				},
				"bone61": {
					"scale": 0
				}
			}
		},
		"use_lefthand": {
			"animation_length": 0.375,
			"bones": {
				"LeftArm": {
					"rotation": {
						"0.0": [0, 0, 0],
						"0.0833": [3.52, -1.12, -18.13],
						"0.125": [-7.5, 0, -35],
						"0.2083": [-43.79, 17.87, -24.92],
						"0.25": [-45.07, 31.77, -9.3],
						"0.2917": [-22.62, 16.75, -3.67],
						"0.375": [0, 0, 0]
					}
				},
				"LeftForeArm": {
					"rotation": {
						"0.0": [0, 0, 0],
						"0.0833": [-17.97, 0, 0],
						"0.125": [-122.5, 0, 0],
						"0.2083": [-76.22, 0, 0],
						"0.25": [-15, 0, 0],
						"0.2917": [-0.78, 0, 0],
						"0.375": [0, 0, 0]
					}
				},
				"bone61": {
					"scale": 0
				}
			}
		},
		"parallel0": {
			"loop": true,
			"animation_length": 0.375,
			"bones": {
				"LeftEyebrow": {
					"position": [0, "ysm.is_close_eyes ? -1 : 0", 0]
				},
				"RightEyebrow": {
					"position": [0, "ysm.is_close_eyes ? -1 : 0", 0]
				},
				"Eyelid": {
					"scale": "ysm.is_close_eyes ? 0 : 1"
				}
			}
		},
		"parallel1": {
			"loop": true,
			"animation_length": 2.125,
			"bones": {
				"RightEyesBase": {
					"position": ["ysm.head_yaw/180", "ysm.head_pitch/360", 0]
				},
				"LeftEyesBase": {
					"position": ["ysm.head_yaw/180", "ysm.head_pitch/360", 0]
				},
				"LongHair": {
					"rotation": ["(ysm.head_pitch > 0) ? ysm.head_pitch : ((ysm.head_pitch < -55)?-55:ysm.head_pitch)", 0, 0]
				},
				"Head": {
					"scale": [0.98, 1, 1]
				},
				"bone12": {
					"rotation": {
						"0.0": [0, 0, 0],
						"1.0417": [-0.0008, 0.01282, -5.00102],
						"2.125": [0, 0, 0]
					}
				},
				"weiba": {
					"rotation": {
						"0.0": [0, 0, 0],
						"0.5": [0, 12, 0],
						"1.0417": [0, 0, 0],
						"1.5833": [0, -12, 0],
						"2.125": [0, 0, 0]
					},
					"position": [0, 0, 0]
				},
				"bone6": {
					"rotation": {
						"0.0": [0, 0, 0],
						"0.5": [14.58154, 0.46566, 13.0378],
						"1.0417": [0, 0, 0],
						"1.5833": [14.5815, -0.4657, -13.0378],
						"2.125": [0, 0, 0]
					},
					"position": [0, 0, 0]
				},
				"bone7": {
					"rotation": {
						"0.0": [0, 0, 0],
						"0.5": [7.53311, 15.58097, 6.18205],
						"1.0417": [0, 0, 0],
						"1.5833": [7.5331, -15.581, -6.1821],
						"2.125": [0, 0, 0]
					},
					"position": [0, 0, 0]
				},
				"bone8": {
					"rotation": {
						"0.0": [0, 0, 0],
						"0.5": [4.22951, 11.71978, 13.17755],
						"1.0417": [0, 0, 0],
						"1.5833": [7.5331, -11.7198, -13.1775],
						"2.125": [0, 0, 0]
					},
					"position": [0, 0, 0]
				},
				"bone9": {
					"rotation": {
						"0.0": [0, 0, 0],
						"0.5": [8.52583, 18.24857, -0.13573],
						"1.0417": [0, 0, 0],
						"1.5833": [8.5258, -18.2486, 0.1357],
						"2.125": [0, 0, 0]
					},
					"position": [0, 0, 0]
				},
				"bone58": {
					"rotation": {
						"0.0": [0, 0, -0.00001],
						"1.0417": [-0.03385, -1.00096, 3.87378],
						"2.125": [0, 0, 0]
					}
				},
				"bone": {
					"rotation": {
						"0.0": [0, 0, 0],
						"0.9583": [0, 0, 5.00102],
						"2.125": [0, 0, 0]
					},
					"position": [0, 0, 0]
				},
				"bone50": {
					"rotation": {
						"0.0": [0, 0, 0],
						"1.0417": [0, 0, 5.00102],
						"2.125": [0, 0, 0]
					},
					"position": [0, 0, 0]
				},
				"bone51": {
					"rotation": {
						"0.0": [0, 0, 0],
						"1.0417": [0, 0, 5.00102],
						"2.125": [0, 0, 0]
					},
					"position": [0, 0, 0]
				},
				"bone60": {
					"rotation": {
						"0.0": [0, 0, 0],
						"1.0417": [0, 0, 7.50153],
						"2.125": [0, 0, 0]
					}
				},
				"bone59": {
					"rotation": {
						"0.0": [0, 0, 0],
						"1.0417": [0, 0, 4.00082],
						"2.125": [0, 0, 0]
					}
				}
			}
		},
		"parallel2": {
			"loop": true
		},
		"parallel3": {
			"loop": true,
			"bones": {
				"LongHead": {
					"rotation": [0, 0, 0]
				}
			}
		},
		"parallel4": {
			"loop": true
		},
		"parallel5": {
			"loop": true
		},
		"parallel6": {
			"loop": true
		},
		"parallel7": {
			"loop": true
		}
	},
	"geckolib_format_version": 2
}