{
	"format_version": "1.12.0",
	"minecraft:geometry": [
		{
			"description": {
				"identifier": "geometry.unknown",
				"texture_width": 128,
				"texture_height": 128,
				"visible_bounds_width": 3,
				"visible_bounds_height": 4.5,
				"visible_bounds_offset": [0, 1.75, 0]
			},
			"bones": [
				{
					"name": "RightArm",
					"pivot": [-3.4, 31.025, 0],
					"cubes": [
						{
							"origin": [-3.4, 22.575, -1.5],
							"size": [3.05, 7, 3],
							"uv": {
								"north": {"uv": [12, 53], "uv_size": [3, 7]},
								"east": {"uv": [15, 53], "uv_size": [3, 7]},
								"south": {"uv": [18, 53], "uv_size": [3, 7]},
								"west": {"uv": [21, 53], "uv_size": [3, 7]},
								"up": {"uv": [69, 60], "uv_size": [3, 3]},
								"down": {"uv": [69, 66], "uv_size": [3, -3]}
							}
						},
						{
							"origin": [-3.45, 22.4, -1.7],
							"size": [3.25, 7.3, 3.4],
							"uv": {
								"north": {"uv": [39, 54], "uv_size": [3, 7]},
								"east": {"uv": [54, 52], "uv_size": [3, 7]},
								"south": {"uv": [24, 55], "uv_size": [3, 7]},
								"west": {"uv": [55, 26], "uv_size": [3, 7]},
								"up": {"uv": [69, 66], "uv_size": [3, 3]},
								"down": {"uv": [67, 72], "uv_size": [3, -3]}
							}
						},
						{
							"origin": [-3.2, 21.675, -1.1],
							"size": [2.55, 2, 2.2],
							"uv": {
								"north": {"uv": [73, 63], "uv_size": [3, 2]},
								"east": {"uv": [79, 78], "uv_size": [2, 2]},
								"south": {"uv": [73, 65], "uv_size": [3, 2]},
								"west": {"uv": [80, 0], "uv_size": [2, 2]},
								"up": {"uv": [73, 67], "uv_size": [3, 2]},
								"down": {"uv": [73, 72], "uv_size": [3, -2]}
							}
						},
						{
							"origin": [-3.25, 21.625, -1.125],
							"size": [2.7, 2.05, 2.3],
							"uv": {
								"north": {"uv": [73, 72], "uv_size": [3, 2]},
								"east": {"uv": [80, 2], "uv_size": [2, 2]},
								"south": {"uv": [3, 74], "uv_size": [3, 2]},
								"west": {"uv": [80, 9], "uv_size": [2, 2]},
								"up": {"uv": [6, 74], "uv_size": [3, 2]},
								"down": {"uv": [9, 76], "uv_size": [3, -2]}
							}
						}
					]
				},
				{
					"name": "RightForeArm",
					"parent": "RightArm",
					"pivot": [-4.125, 25.075, 0.025],
					"cubes": [
						{
							"origin": [-3.475, 17.875, -1.575],
							"size": [3.2, 5, 3.2],
							"uv": {
								"north": {"uv": [63, 34], "uv_size": [3, 5]},
								"east": {"uv": [63, 39], "uv_size": [3, 5]},
								"south": {"uv": [41, 63], "uv_size": [3, 5]},
								"west": {"uv": [44, 63], "uv_size": [3, 5]},
								"up": {"uv": [2, 70], "uv_size": [3, 3]},
								"down": {"uv": [5, 73], "uv_size": [3, -3]}
							}
						},
						{
							"origin": [-3.375, 15.575, -1.475],
							"size": [3, 7, 3],
							"uv": {
								"north": {"uv": [27, 55], "uv_size": [3, 7]},
								"east": {"uv": [56, 9], "uv_size": [3, 7]},
								"south": {"uv": [42, 56], "uv_size": [3, 7]},
								"west": {"uv": [56, 42], "uv_size": [3, 7]},
								"up": {"uv": [8, 70], "uv_size": [3, 3]},
								"down": {"uv": [70, 12], "uv_size": [3, -3]}
							}
						}
					]
				},
				{
					"name": "RightHandLocator",
					"parent": "RightForeArm",
					"pivot": [-4.125, 19.575, 0.025]
				},
				{
					"name": "Arm",
					"pivot": [-0.2, 31.275, 0]
				},
				{
					"name": "LeftArm",
					"parent": "Arm",
					"pivot": [3.4, 31.025, 0],
					"cubes": [
						{
							"origin": [0.2, 22.4, -1.7],
							"size": [3.25, 7.3, 3.4],
							"uv": {
								"north": {"uv": [34, 16], "uv_size": [3, 7]},
								"east": {"uv": [39, 47], "uv_size": [3, 7]},
								"south": {"uv": [30, 50], "uv_size": [3, 7]},
								"west": {"uv": [33, 50], "uv_size": [3, 7]},
								"up": {"uv": [34, 69], "uv_size": [3, 3]},
								"down": {"uv": [69, 40], "uv_size": [3, -3]}
							}
						},
						{
							"origin": [0.35, 22.575, -1.5],
							"size": [3.05, 7, 3],
							"uv": {
								"north": {"uv": [36, 50], "uv_size": [3, 7]},
								"east": {"uv": [0, 52], "uv_size": [3, 7]},
								"south": {"uv": [3, 52], "uv_size": [3, 7]},
								"west": {"uv": [48, 52], "uv_size": [3, 7]},
								"up": {"uv": [49, 69], "uv_size": [3, 3]},
								"down": {"uv": [52, 72], "uv_size": [3, -3]}
							}
						},
						{
							"origin": [0.65, 21.675, -1.1],
							"size": [2.55, 2, 2.2],
							"uv": {
								"north": {"uv": [73, 27], "uv_size": [3, 2]},
								"east": {"uv": [79, 25], "uv_size": [2, 2]},
								"south": {"uv": [73, 29], "uv_size": [3, 2]},
								"west": {"uv": [79, 69], "uv_size": [2, 2]},
								"up": {"uv": [73, 34], "uv_size": [3, 2]},
								"down": {"uv": [50, 75], "uv_size": [3, -2]}
							}
						},
						{
							"origin": [0.55, 21.625, -1.125],
							"size": [2.7, 2.05, 2.3],
							"uv": {
								"north": {"uv": [73, 55], "uv_size": [3, 2]},
								"east": {"uv": [79, 71], "uv_size": [2, 2]},
								"south": {"uv": [73, 57], "uv_size": [3, 2]},
								"west": {"uv": [79, 76], "uv_size": [2, 2]},
								"up": {"uv": [73, 59], "uv_size": [3, 2]},
								"down": {"uv": [73, 63], "uv_size": [3, -2]}
							}
						}
					]
				},
				{
					"name": "LeftForeArm",
					"parent": "LeftArm",
					"pivot": [4.125, 25.075, 0.025],
					"cubes": [
						{
							"origin": [0.375, 15.575, -1.475],
							"size": [3, 7, 3],
							"uv": {
								"north": {"uv": [51, 52], "uv_size": [3, 7]},
								"east": {"uv": [6, 53], "uv_size": [3, 7]},
								"south": {"uv": [9, 53], "uv_size": [3, 7]},
								"west": {"uv": [53, 9], "uv_size": [3, 7]},
								"up": {"uv": [69, 54], "uv_size": [3, 3]},
								"down": {"uv": [55, 72], "uv_size": [3, -3]}
							}
						},
						{
							"origin": [0.275, 17.875, -1.575],
							"size": [3.2, 5, 3.2],
							"uv": {
								"north": {"uv": [30, 62], "uv_size": [3, 5]},
								"east": {"uv": [33, 62], "uv_size": [3, 5]},
								"south": {"uv": [0, 63], "uv_size": [3, 5]},
								"west": {"uv": [63, 9], "uv_size": [3, 5]},
								"up": {"uv": [69, 57], "uv_size": [3, 3]},
								"down": {"uv": [58, 72], "uv_size": [3, -3]}
							}
						}
					]
				},
				{
					"name": "LeftHandLocator",
					"parent": "LeftForeArm",
					"pivot": [4.125, 19.575, 0.025]
				}
			]
		}
	]
}