{
	"format_version": "1.12.0",
	"minecraft:geometry": [
		{
			"description": {
				"identifier": "geometry.unknown",
				"texture_width": 128,
				"texture_height": 128,
				"visible_bounds_width": 7,
				"visible_bounds_height": 5,
				"visible_bounds_offset": [0, 1.5, 0]
			},
			"bones": [
				{
					"name": "Root",
					"pivot": [0, -0.35, 0]
				},
				{
					"name": "AllBody",
					"parent": "Root",
					"pivot": [0, 20.65, 0]
				},
				{
					"name": "UpBody",
					"parent": "AllBody",
					"pivot": [0, 20.65, 0],
					"cubes": [
						{
							"origin": [0.35, 23.82247, -2.15834],
							"size": [0.7, 0.7, 0.7],
							"pivot": [0.5, 24.42247, -1.73334],
							"rotation": [-7.5, 0, 0],
							"uv": {
								"north": {"uv": [45, 29], "uv_size": [2, 2]},
								"east": {"uv": [31, 67], "uv_size": [5, 2]},
								"south": {"uv": [47, 20], "uv_size": [2, 2]},
								"west": {"uv": [67, 46], "uv_size": [5, 2]},
								"up": {"uv": [47, 67], "uv_size": [2, 5]},
								"down": {"uv": [67, 59], "uv_size": [2, -5]}
							}
						},
						{
							"origin": [-2.7, 30.15, -2.125],
							"size": [5.4, 2, 4.2],
							"uv": {
								"north": {"uv": [48, 14], "uv_size": [5, 2]},
								"east": {"uv": [70, 25], "uv_size": [4, 2]},
								"south": {"uv": [63, 44], "uv_size": [5, 2]},
								"west": {"uv": [37, 70], "uv_size": [4, 2]},
								"up": {"uv": [54, 16], "uv_size": [5, 4]},
								"down": {"uv": [57, 4], "uv_size": [5, -4]}
							}
						},
						{
							"origin": [-3.5, 20.75, -2.025],
							"size": [7, 11, 4.05],
							"uv": {
								"north": {"uv": [0, 0], "uv_size": [7, 11]},
								"east": {"uv": [30, 14], "uv_size": [4, 11]},
								"south": {"uv": [7, 0], "uv_size": [7, 11]},
								"west": {"uv": [31, 0], "uv_size": [4, 11]},
								"up": {"uv": [47, 16], "uv_size": [7, 4]},
								"down": {"uv": [47, 33], "uv_size": [7, -4]}
							}
						},
						{
							"origin": [-3.8, 24.6, -2.225],
							"size": [7.5, 1, 4.65],
							"pivot": [0, 24.925, 0],
							"rotation": [0, 0, -5],
							"uv": {
								"north": {"uv": [69, 40], "uv_size": [8, 1]},
								"east": {"uv": [25, 19], "uv_size": [5, 1]},
								"south": {"uv": [70, 12], "uv_size": [8, 1]},
								"west": {"uv": [76, 19], "uv_size": [5, 1]},
								"up": {"uv": [31, 32], "uv_size": [8, 5]},
								"down": {"uv": [34, 16], "uv_size": [8, -5]}
							}
						},
						{
							"origin": [-0.8, 24.35, -2.4],
							"size": [1.5, 1.5, 4.925],
							"pivot": [0, 24.925, 0],
							"rotation": [0, 0, -5],
							"uv": {
								"north": {"uv": [45, 29], "uv_size": [2, 2]},
								"east": {"uv": [31, 67], "uv_size": [5, 2]},
								"south": {"uv": [47, 20], "uv_size": [2, 2]},
								"west": {"uv": [67, 46], "uv_size": [5, 2]},
								"up": {"uv": [47, 67], "uv_size": [2, 5]},
								"down": {"uv": [67, 59], "uv_size": [2, -5]}
							}
						},
						{
							"origin": [-0.55, 24.6, -2.475],
							"size": [1, 1, 5.075],
							"pivot": [0, 24.925, 0],
							"rotation": [0, 0, -5],
							"uv": {
								"north": {"uv": [66, 13], "uv_size": [1, 1]},
								"east": {"uv": [76, 20], "uv_size": [5, 1]},
								"south": {"uv": [66, 54], "uv_size": [1, 1]},
								"west": {"uv": [76, 22], "uv_size": [5, 1]},
								"up": {"uv": [13, 76], "uv_size": [1, 5]},
								"down": {"uv": [14, 81], "uv_size": [1, -5]}
							}
						},
						{
							"origin": [-1.5, 19.75, -2.025],
							"size": [3, 1, 4.05],
							"uv": {
								"north": {"uv": [13, 26], "uv_size": [3, 1]},
								"east": {"uv": [6, 44], "uv_size": [4, 1]},
								"south": {"uv": [10, 34], "uv_size": [3, 1]},
								"west": {"uv": [8, 49], "uv_size": [4, 1]},
								"up": {"uv": [62, 0], "uv_size": [3, 4]},
								"down": {"uv": [47, 67], "uv_size": [3, -4]}
							}
						},
						{
							"origin": [-0.85, 25.97247, -2.08334],
							"size": [0.7, 0.7, 0.7],
							"uv": {
								"north": {"uv": [45, 29], "uv_size": [2, 2]},
								"east": {"uv": [31, 67], "uv_size": [5, 2]},
								"south": {"uv": [47, 20], "uv_size": [2, 2]},
								"west": {"uv": [67, 46], "uv_size": [5, 2]},
								"up": {"uv": [47, 67], "uv_size": [2, 5]},
								"down": {"uv": [67, 59], "uv_size": [2, -5]}
							}
						},
						{
							"origin": [0.35, 25.97247, -2.08334],
							"size": [0.7, 0.7, 0.7],
							"uv": {
								"north": {"uv": [45, 29], "uv_size": [2, 2]},
								"east": {"uv": [31, 67], "uv_size": [5, 2]},
								"south": {"uv": [47, 20], "uv_size": [2, 2]},
								"west": {"uv": [67, 46], "uv_size": [5, 2]},
								"up": {"uv": [47, 67], "uv_size": [2, 5]},
								"down": {"uv": [67, 59], "uv_size": [2, -5]}
							}
						},
						{
							"origin": [-0.95, 23.82247, -2.15834],
							"size": [0.7, 0.7, 0.7],
							"pivot": [-0.4, 24.42247, -1.73334],
							"rotation": [-7.5, 0, 0],
							"uv": {
								"north": {"uv": [45, 29], "uv_size": [2, 2]},
								"east": {"uv": [31, 67], "uv_size": [5, 2]},
								"south": {"uv": [47, 20], "uv_size": [2, 2]},
								"west": {"uv": [67, 46], "uv_size": [5, 2]},
								"up": {"uv": [47, 67], "uv_size": [2, 5]},
								"down": {"uv": [67, 59], "uv_size": [2, -5]}
							}
						},
						{
							"origin": [-4, 31.575, -1.9],
							"size": [8, 1, 4.2],
							"uv": {
								"north": {"uv": [70, 41], "uv_size": [8, 1]},
								"east": {"uv": [76, 66], "uv_size": [4, 1]},
								"south": {"uv": [70, 42], "uv_size": [8, 1]},
								"west": {"uv": [76, 67], "uv_size": [4, 1]},
								"up": {"uv": [41, 22], "uv_size": [8, 4]},
								"down": {"uv": [4, 49], "uv_size": [8, -4]}
							}
						}
					]
				},
				{
					"name": "AllHead",
					"parent": "UpBody",
					"pivot": [0, 32.425, -0.025],
					"cubes": [
						{
							"origin": [-1.5, 31.925, -1.525],
							"size": [3, 2, 3],
							"uv": {
								"north": {"uv": [34, 23], "uv_size": [3, 2]},
								"east": {"uv": [0, 73], "uv_size": [3, 2]},
								"south": {"uv": [73, 0], "uv_size": [3, 2]},
								"west": {"uv": [73, 2], "uv_size": [3, 2]},
								"up": {"uv": [31, 11], "uv_size": [3, 3]},
								"down": {"uv": [45, 59], "uv_size": [3, -3]}
							}
						}
					]
				},
				{
					"name": "Head",
					"parent": "AllHead",
					"pivot": [0, 33.05, 0],
					"cubes": [
						{
							"origin": [-3.5, 33.05, -3.5],
							"size": [7, 7, 7],
							"uv": {
								"north": {"uv": [9, 19], "uv_size": [7, 7]},
								"east": {"uv": [16, 20], "uv_size": [7, 7]},
								"south": {"uv": [22, 0], "uv_size": [7, 7]},
								"west": {"uv": [23, 20], "uv_size": [7, 7]},
								"up": {"uv": [24, 7], "uv_size": [7, 7]},
								"down": {"uv": [0, 32], "uv_size": [7, -7]}
							}
						}
					]
				},
				{
					"name": "Face",
					"parent": "Head",
					"pivot": [-1.05, 16.05, -4.5]
				},
				{
					"name": "Eyes",
					"parent": "Face",
					"pivot": [-1.05, 16.05, -4.5]
				},
				{
					"name": "Eyebrow",
					"parent": "Eyes",
					"pivot": [0, 1, 0]
				},
				{
					"name": "RightEyebrow",
					"parent": "Eyebrow",
					"pivot": [-2.875, 35.85, -3.2],
					"cubes": [
						{
							"origin": [-3.675, 35.85, -3.7],
							"size": [2.3, 1, 1],
							"uv": {
								"north": {"uv": [7, 25], "uv_size": [2, 1]},
								"east": {"uv": [9, 85], "uv_size": [1, 1]},
								"south": {"uv": [29, 6], "uv_size": [2, 1]},
								"west": {"uv": [85, 9], "uv_size": [1, 1]},
								"up": {"uv": [37, 31], "uv_size": [2, 1]},
								"down": {"uv": [6, 53], "uv_size": [2, -1]}
							}
						},
						{
							"origin": [-4.45, 35.575, -3.95],
							"size": [1.1, 1, 1],
							"uv": {
								"north": {"uv": [10, 85], "uv_size": [1, 1]},
								"east": {"uv": [85, 10], "uv_size": [1, 1]},
								"south": {"uv": [11, 85], "uv_size": [1, 1]},
								"west": {"uv": [85, 11], "uv_size": [1, 1]},
								"up": {"uv": [12, 85], "uv_size": [1, 1]},
								"down": {"uv": [85, 13], "uv_size": [1, -1]}
							}
						}
					]
				},
				{
					"name": "LeftEyebrow",
					"parent": "Eyebrow",
					"pivot": [2.875, 35.85, -3.2],
					"cubes": [
						{
							"origin": [1.375, 35.85, -3.7],
							"size": [2.3, 1, 1],
							"uv": {
								"north": {"uv": [22, 52], "uv_size": [2, 1]},
								"east": {"uv": [85, 13], "uv_size": [1, 1]},
								"south": {"uv": [4, 59], "uv_size": [2, 1]},
								"west": {"uv": [85, 14], "uv_size": [1, 1]},
								"up": {"uv": [59, 19], "uv_size": [2, 1]},
								"down": {"uv": [59, 49], "uv_size": [2, -1]}
							}
						},
						{
							"origin": [3.35, 35.575, -3.875],
							"size": [1.1, 1, 1],
							"uv": {
								"north": {"uv": [85, 15], "uv_size": [1, 1]},
								"east": {"uv": [85, 16], "uv_size": [1, 1]},
								"south": {"uv": [85, 17], "uv_size": [1, 1]},
								"west": {"uv": [85, 19], "uv_size": [1, 1]},
								"up": {"uv": [85, 20], "uv_size": [1, 1]},
								"down": {"uv": [85, 23], "uv_size": [1, -1]}
							}
						}
					]
				},
				{
					"name": "RightEyelid",
					"parent": "Eyes",
					"pivot": [-2.325, 34.05, -3.075],
					"cubes": [
						{
							"origin": [-3.5, 34.05, -3.525],
							"size": [2, 2, 1],
							"uv": {
								"north": {"uv": [22, 51], "uv_size": [1, 1]},
								"east": {"uv": [22, 51], "uv_size": [1, 1]},
								"south": {"uv": [22, 51], "uv_size": [1, 1]},
								"west": {"uv": [22, 51], "uv_size": [1, 1]},
								"up": {"uv": [23, 52], "uv_size": [-1, -1]},
								"down": {"uv": [23, 52], "uv_size": [-1, -1]}
							}
						}
					]
				},
				{
					"name": "RightEyesBase",
					"parent": "RightEyelid",
					"pivot": [-1.8, 35.55, -3.1],
					"cubes": [
						{
							"origin": [-3.025, 34.05, -3.575],
							"size": [1.4, 2, 1],
							"uv": {
								"north": {"uv": [30, 35], "uv_size": [1, 2]},
								"east": {"uv": [41, 61], "uv_size": [1, 2]},
								"south": {"uv": [62, 34], "uv_size": [1, 2]},
								"west": {"uv": [60, 63], "uv_size": [1, 2]},
								"up": {"uv": [85, 23], "uv_size": [1, 1]},
								"down": {"uv": [85, 26], "uv_size": [1, -1]}
							}
						},
						{
							"origin": [-1.95, 35.4, -3.6],
							"size": [0.4, 0.3, 1],
							"uv": {
								"north": {"uv": [22, 51], "uv_size": [1, 1]},
								"east": {"uv": [22, 51], "uv_size": [1, 1]},
								"south": {"uv": [22, 51], "uv_size": [1, 1]},
								"west": {"uv": [22, 51], "uv_size": [1, 1]},
								"up": {"uv": [23, 52], "uv_size": [-1, -1]},
								"down": {"uv": [23, 52], "uv_size": [-1, -1]}
							}
						}
					]
				},
				{
					"name": "RightPupil",
					"parent": "RightEyesBase",
					"pivot": [-1.625, 16.55, -3.625],
					"cubes": [
						{
							"origin": [-2.625, 34.55, -3.625],
							"size": [0.6, 1, 1],
							"uv": {
								"north": {"uv": [7, 25], "uv_size": [2, 1]},
								"east": {"uv": [9, 85], "uv_size": [1, 1]},
								"south": {"uv": [29, 6], "uv_size": [2, 1]},
								"west": {"uv": [85, 9], "uv_size": [1, 1]},
								"up": {"uv": [37, 31], "uv_size": [2, 1]},
								"down": {"uv": [6, 53], "uv_size": [2, -1]}
							}
						}
					]
				},
				{
					"name": "LeftEyelid",
					"parent": "Eyes",
					"pivot": [2.325, 34.05, -3.075],
					"cubes": [
						{
							"origin": [1.5, 34.05, -3.525],
							"size": [2, 2, 1],
							"uv": {
								"north": {"uv": [22, 51], "uv_size": [1, 1]},
								"east": {"uv": [22, 51], "uv_size": [1, 1]},
								"south": {"uv": [22, 51], "uv_size": [1, 1]},
								"west": {"uv": [22, 51], "uv_size": [1, 1]},
								"up": {"uv": [23, 52], "uv_size": [-1, -1]},
								"down": {"uv": [23, 52], "uv_size": [-1, -1]}
							}
						}
					]
				},
				{
					"name": "LeftEyesBase",
					"parent": "LeftEyelid",
					"pivot": [2.825, 35.55, -3.1],
					"cubes": [
						{
							"origin": [2.675, 35.4, -3.6],
							"size": [0.4, 0.3, 1],
							"uv": {
								"north": {"uv": [22, 51], "uv_size": [1, 1]},
								"east": {"uv": [22, 51], "uv_size": [1, 1]},
								"south": {"uv": [22, 51], "uv_size": [1, 1]},
								"west": {"uv": [22, 51], "uv_size": [1, 1]},
								"up": {"uv": [23, 52], "uv_size": [-1, -1]},
								"down": {"uv": [23, 52], "uv_size": [-1, -1]}
							}
						},
						{
							"origin": [1.625, 34.05, -3.575],
							"size": [1.4, 2, 1],
							"uv": {
								"north": {"uv": [2, 68], "uv_size": [1, 2]},
								"east": {"uv": [78, 52], "uv_size": [1, 2]},
								"south": {"uv": [81, 34], "uv_size": [1, 2]},
								"west": {"uv": [49, 83], "uv_size": [1, 2]},
								"up": {"uv": [85, 42], "uv_size": [1, 1]},
								"down": {"uv": [85, 46], "uv_size": [1, -1]}
							}
						}
					]
				},
				{
					"name": "LeftPupil",
					"parent": "LeftEyesBase",
					"pivot": [1.625, 16.55, -3.625],
					"cubes": [
						{
							"origin": [2.025, 34.55, -3.625],
							"size": [0.6, 1, 1],
							"uv": {
								"north": {"uv": [7, 25], "uv_size": [2, 1]},
								"east": {"uv": [9, 85], "uv_size": [1, 1]},
								"south": {"uv": [29, 6], "uv_size": [2, 1]},
								"west": {"uv": [85, 9], "uv_size": [1, 1]},
								"up": {"uv": [37, 31], "uv_size": [2, 1]},
								"down": {"uv": [6, 53], "uv_size": [2, -1]}
							}
						}
					]
				},
				{
					"name": "Hair",
					"parent": "Head",
					"pivot": [-0.14783, 37.76957, 0.42174],
					"cubes": [
						{
							"origin": [-2.975, 41.3, -3.8],
							"size": [6, 1, 7],
							"uv": {
								"north": {"uv": [3, 73], "uv_size": [6, 1]},
								"east": {"uv": [35, 10], "uv_size": [7, 1]},
								"south": {"uv": [9, 73], "uv_size": [6, 1]},
								"west": {"uv": [49, 45], "uv_size": [7, 1]},
								"up": {"uv": [31, 25], "uv_size": [6, 7]},
								"down": {"uv": [0, 39], "uv_size": [6, -7]}
							}
						},
						{
							"origin": [-2, 40, -4.4],
							"size": [4, 2, 1],
							"uv": {
								"north": {"uv": [70, 48], "uv_size": [4, 2]},
								"east": {"uv": [83, 49], "uv_size": [1, 2]},
								"south": {"uv": [70, 50], "uv_size": [4, 2]},
								"west": {"uv": [53, 83], "uv_size": [1, 2]},
								"up": {"uv": [76, 68], "uv_size": [4, 1]},
								"down": {"uv": [77, 19], "uv_size": [4, -1]}
							}
						},
						{
							"origin": [-4, 40.6, -4],
							"size": [8, 1, 8],
							"uv": {
								"north": {"uv": [70, 43], "uv_size": [8, 1]},
								"east": {"uv": [70, 52], "uv_size": [8, 1]},
								"south": {"uv": [70, 53], "uv_size": [8, 1]},
								"west": {"uv": [70, 69], "uv_size": [8, 1]},
								"up": {"uv": [0, 11], "uv_size": [8, 8]},
								"down": {"uv": [8, 19], "uv_size": [8, -8]}
							}
						},
						{
							"origin": [-2, 42.3, -2.8],
							"size": [4, 1, 5],
							"uv": {
								"north": {"uv": [77, 40], "uv_size": [4, 1]},
								"east": {"uv": [76, 23], "uv_size": [5, 1]},
								"south": {"uv": [77, 75], "uv_size": [4, 1]},
								"west": {"uv": [76, 27], "uv_size": [5, 1]},
								"up": {"uv": [57, 4], "uv_size": [4, 5]},
								"down": {"uv": [57, 25], "uv_size": [4, -5]}
							}
						},
						{
							"origin": [-3, 42.3, -1.8],
							"size": [1, 1, 3],
							"uv": {
								"north": {"uv": [52, 85], "uv_size": [1, 1]},
								"east": {"uv": [39, 36], "uv_size": [3, 1]},
								"south": {"uv": [85, 52], "uv_size": [1, 1]},
								"west": {"uv": [80, 6], "uv_size": [3, 1]},
								"up": {"uv": [23, 64], "uv_size": [1, 3]},
								"down": {"uv": [80, 63], "uv_size": [1, -3]}
							}
						},
						{
							"origin": [2, 42.3, -1.8],
							"size": [1, 1, 3],
							"uv": {
								"north": {"uv": [53, 85], "uv_size": [1, 1]},
								"east": {"uv": [80, 33], "uv_size": [3, 1]},
								"south": {"uv": [85, 53], "uv_size": [1, 1]},
								"west": {"uv": [80, 66], "uv_size": [3, 1]},
								"up": {"uv": [77, 80], "uv_size": [1, 3]},
								"down": {"uv": [78, 83], "uv_size": [1, -3]}
							}
						},
						{
							"origin": [-3.975, 41.3, -2.8],
							"size": [1, 1, 5],
							"uv": {
								"north": {"uv": [54, 85], "uv_size": [1, 1]},
								"east": {"uv": [76, 28], "uv_size": [5, 1]},
								"south": {"uv": [85, 54], "uv_size": [1, 1]},
								"west": {"uv": [76, 29], "uv_size": [5, 1]},
								"up": {"uv": [31, 76], "uv_size": [1, 5]},
								"down": {"uv": [32, 81], "uv_size": [1, -5]}
							}
						},
						{
							"origin": [3.025, 41.3, -2.8],
							"size": [1, 1, 5],
							"uv": {
								"north": {"uv": [55, 85], "uv_size": [1, 1]},
								"east": {"uv": [76, 30], "uv_size": [5, 1]},
								"south": {"uv": [85, 55], "uv_size": [1, 1]},
								"west": {"uv": [76, 31], "uv_size": [5, 1]},
								"up": {"uv": [33, 76], "uv_size": [1, 5]},
								"down": {"uv": [34, 81], "uv_size": [1, -5]}
							}
						},
						{
							"origin": [-5.5, 34.4, 0.825],
							"size": [1, 6, 2],
							"uv": {
								"north": {"uv": [73, 13], "uv_size": [1, 6]},
								"east": {"uv": [29, 0], "uv_size": [2, 6]},
								"south": {"uv": [15, 73], "uv_size": [1, 6]},
								"west": {"uv": [4, 39], "uv_size": [2, 6]},
								"up": {"uv": [54, 83], "uv_size": [1, 2]},
								"down": {"uv": [55, 85], "uv_size": [1, -2]}
							}
						},
						{
							"origin": [4.5, 34.4, 0.825],
							"size": [1, 6, 2],
							"uv": {
								"north": {"uv": [16, 73], "uv_size": [1, 6]},
								"east": {"uv": [36, 62], "uv_size": [2, 6]},
								"south": {"uv": [17, 73], "uv_size": [1, 6]},
								"west": {"uv": [50, 63], "uv_size": [2, 6]},
								"up": {"uv": [83, 55], "uv_size": [1, 2]},
								"down": {"uv": [56, 85], "uv_size": [1, -2]}
							}
						},
						{
							"origin": [-5.5, 32.4, -0.175],
							"size": [1, 8, 1],
							"uv": {
								"north": {"uv": [61, 69], "uv_size": [1, 8]},
								"east": {"uv": [62, 69], "uv_size": [1, 8]},
								"south": {"uv": [29, 70], "uv_size": [1, 8]},
								"west": {"uv": [30, 70], "uv_size": [1, 8]},
								"up": {"uv": [56, 85], "uv_size": [1, 1]},
								"down": {"uv": [85, 57], "uv_size": [1, -1]}
							}
						},
						{
							"origin": [-5.5, 35.4, -1.175],
							"size": [1, 4, 1],
							"uv": {
								"north": {"uv": [54, 29], "uv_size": [1, 4]},
								"east": {"uv": [77, 76], "uv_size": [1, 4]},
								"south": {"uv": [78, 12], "uv_size": [1, 4]},
								"west": {"uv": [29, 78], "uv_size": [1, 4]},
								"up": {"uv": [57, 85], "uv_size": [1, 1]},
								"down": {"uv": [58, 86], "uv_size": [1, -1]}
							}
						},
						{
							"origin": [3.5, 33.4, -2.65],
							"size": [1, 8, 6],
							"uv": {
								"north": {"uv": [70, 70], "uv_size": [1, 8]},
								"east": {"uv": [7, 26], "uv_size": [6, 8]},
								"south": {"uv": [71, 13], "uv_size": [1, 8]},
								"west": {"uv": [13, 27], "uv_size": [6, 8]},
								"up": {"uv": [18, 73], "uv_size": [1, 6]},
								"down": {"uv": [19, 79], "uv_size": [1, -6]}
							}
						},
						{
							"origin": [4.5, 32.4, -0.175],
							"size": [1, 8, 1],
							"uv": {
								"north": {"uv": [41, 71], "uv_size": [1, 8]},
								"east": {"uv": [42, 71], "uv_size": [1, 8]},
								"south": {"uv": [43, 71], "uv_size": [1, 8]},
								"west": {"uv": [44, 71], "uv_size": [1, 8]},
								"up": {"uv": [59, 85], "uv_size": [1, 1]},
								"down": {"uv": [85, 60], "uv_size": [1, -1]}
							}
						},
						{
							"origin": [4.5, 35.4, -1.175],
							"size": [1, 4, 1],
							"uv": {
								"north": {"uv": [30, 78], "uv_size": [1, 4]},
								"east": {"uv": [78, 41], "uv_size": [1, 4]},
								"south": {"uv": [78, 55], "uv_size": [1, 4]},
								"west": {"uv": [78, 59], "uv_size": [1, 4]},
								"up": {"uv": [60, 85], "uv_size": [1, 1]},
								"down": {"uv": [85, 61], "uv_size": [1, -1]}
							}
						},
						{
							"origin": [-4.4, 36, -3.8],
							"size": [1, 4, 2],
							"uv": {
								"north": {"uv": [78, 69], "uv_size": [1, 4]},
								"east": {"uv": [14, 7], "uv_size": [2, 4]},
								"south": {"uv": [70, 78], "uv_size": [1, 4]},
								"west": {"uv": [45, 71], "uv_size": [2, 4]},
								"up": {"uv": [57, 83], "uv_size": [1, 2]},
								"down": {"uv": [83, 59], "uv_size": [1, -2]}
							}
						},
						{
							"origin": [1.84924, 33.14972, 7.48277],
							"size": [2, 6, 1],
							"pivot": [2.36604, 17.10616, 2.88004],
							"rotation": [49.1895, 86.7138, 42.8839],
							"uv": {
								"north": {"uv": [52, 63], "uv_size": [2, 6]},
								"east": {"uv": [20, 73], "uv_size": [1, 6]},
								"south": {"uv": [54, 63], "uv_size": [2, 6]},
								"west": {"uv": [21, 73], "uv_size": [1, 6]},
								"up": {"uv": [83, 51], "uv_size": [2, 1]},
								"down": {"uv": [58, 84], "uv_size": [2, -1]}
							}
						},
						{
							"origin": [-5.65695, 33.61898, 2.99112],
							"size": [2, 6, 1],
							"pivot": [-4.65695, 36.61898, 3.44112],
							"rotation": [1.2933, -55.2049, 3.0808],
							"uv": {
								"north": {"uv": [56, 63], "uv_size": [2, 6]},
								"east": {"uv": [22, 73], "uv_size": [1, 6]},
								"south": {"uv": [58, 63], "uv_size": [2, 6]},
								"west": {"uv": [23, 73], "uv_size": [1, 6]},
								"up": {"uv": [83, 59], "uv_size": [2, 1]},
								"down": {"uv": [83, 61], "uv_size": [2, -1]}
							}
						},
						{
							"origin": [3.65695, 33.61898, 2.99112],
							"size": [2, 6, 1],
							"pivot": [4.65695, 36.61898, 3.44112],
							"rotation": [1.2933, 55.2049, -3.0808],
							"uv": {
								"north": {"uv": [3, 64], "uv_size": [2, 6]},
								"east": {"uv": [24, 73], "uv_size": [1, 6]},
								"south": {"uv": [5, 64], "uv_size": [2, 6]},
								"west": {"uv": [25, 73], "uv_size": [1, 6]},
								"up": {"uv": [83, 61], "uv_size": [2, 1]},
								"down": {"uv": [83, 63], "uv_size": [2, -1]}
							}
						},
						{
							"origin": [-3.84924, 33.14972, 7.48276],
							"size": [2, 6, 1],
							"pivot": [-2.36604, 17.10616, 2.88003],
							"rotation": [49.1895, -86.7138, -42.8839],
							"uv": {
								"north": {"uv": [7, 64], "uv_size": [2, 6]},
								"east": {"uv": [26, 73], "uv_size": [1, 6]},
								"south": {"uv": [9, 64], "uv_size": [2, 6]},
								"west": {"uv": [27, 73], "uv_size": [1, 6]},
								"up": {"uv": [63, 83], "uv_size": [2, 1]},
								"down": {"uv": [83, 64], "uv_size": [2, -1]}
							}
						},
						{
							"origin": [-4.5, 33.4, -2.65],
							"size": [1, 8, 6],
							"uv": {
								"north": {"uv": [71, 70], "uv_size": [1, 8]},
								"east": {"uv": [19, 27], "uv_size": [6, 8]},
								"south": {"uv": [72, 13], "uv_size": [1, 8]},
								"west": {"uv": [25, 27], "uv_size": [6, 8]},
								"up": {"uv": [28, 73], "uv_size": [1, 6]},
								"down": {"uv": [47, 79], "uv_size": [1, -6]}
							}
						},
						{
							"origin": [-4, 33.6, 3],
							"size": [8, 7, 1],
							"uv": {
								"north": {"uv": [14, 0], "uv_size": [8, 7]},
								"east": {"uv": [39, 72], "uv_size": [1, 7]},
								"south": {"uv": [16, 7], "uv_size": [8, 7]},
								"west": {"uv": [40, 72], "uv_size": [1, 7]},
								"up": {"uv": [71, 21], "uv_size": [8, 1]},
								"down": {"uv": [72, 7], "uv_size": [8, -1]}
							}
						},
						{
							"origin": [-3, 34.6, 4],
							"size": [6, 6, 1],
							"uv": {
								"north": {"uv": [41, 16], "uv_size": [6, 6]},
								"east": {"uv": [48, 73], "uv_size": [1, 6]},
								"south": {"uv": [42, 10], "uv_size": [6, 6]},
								"west": {"uv": [49, 73], "uv_size": [1, 6]},
								"up": {"uv": [73, 9], "uv_size": [6, 1]},
								"down": {"uv": [73, 11], "uv_size": [6, -1]}
							}
						}
					]
				},
				{
					"name": "front_h1",
					"parent": "Hair",
					"pivot": [0, 15.5, -0.2],
					"cubes": [
						{
							"origin": [-4.3375, 36.825, -4.15],
							"size": [1, 4, 3],
							"uv": {
								"north": {"uv": [71, 78], "uv_size": [1, 4]},
								"east": {"uv": [63, 51], "uv_size": [3, 4]},
								"south": {"uv": [78, 76], "uv_size": [1, 4]},
								"west": {"uv": [11, 64], "uv_size": [3, 4]},
								"up": {"uv": [79, 80], "uv_size": [1, 3]},
								"down": {"uv": [80, 83], "uv_size": [1, -3]}
							}
						},
						{
							"origin": [-3.5, 36.925, -4.575],
							"size": [1, 4, 1],
							"uv": {
								"north": {"uv": [79, 0], "uv_size": [1, 4]},
								"east": {"uv": [79, 9], "uv_size": [1, 4]},
								"south": {"uv": [79, 13], "uv_size": [1, 4]},
								"west": {"uv": [15, 79], "uv_size": [1, 4]},
								"up": {"uv": [61, 85], "uv_size": [1, 1]},
								"down": {"uv": [85, 62], "uv_size": [1, -1]}
							}
						},
						{
							"origin": [-2.495, 38.025, -4.675],
							"size": [1, 3, 1],
							"uv": {
								"north": {"uv": [13, 81], "uv_size": [1, 3]},
								"east": {"uv": [14, 81], "uv_size": [1, 3]},
								"south": {"uv": [81, 18], "uv_size": [1, 3]},
								"west": {"uv": [81, 25], "uv_size": [1, 3]},
								"up": {"uv": [62, 85], "uv_size": [1, 1]},
								"down": {"uv": [85, 63], "uv_size": [1, -1]}
							}
						},
						{
							"origin": [-1.5, 39.025, -4.825],
							"size": [3, 2, 1],
							"uv": {
								"north": {"uv": [73, 19], "uv_size": [3, 2]},
								"east": {"uv": [60, 83], "uv_size": [1, 2]},
								"south": {"uv": [73, 22], "uv_size": [3, 2]},
								"west": {"uv": [65, 83], "uv_size": [1, 2]},
								"up": {"uv": [80, 67], "uv_size": [3, 1]},
								"down": {"uv": [80, 69], "uv_size": [3, -1]}
							}
						},
						{
							"origin": [1.499, 38.025, -5],
							"size": [1, 3, 1],
							"uv": {
								"north": {"uv": [81, 28], "uv_size": [1, 3]},
								"east": {"uv": [31, 81], "uv_size": [1, 3]},
								"south": {"uv": [32, 81], "uv_size": [1, 3]},
								"west": {"uv": [33, 81], "uv_size": [1, 3]},
								"up": {"uv": [85, 63], "uv_size": [1, 1]},
								"down": {"uv": [85, 65], "uv_size": [1, -1]}
							}
						},
						{
							"origin": [2.525, 36.925, -4.7],
							"size": [1, 4, 1],
							"uv": {
								"north": {"uv": [16, 79], "uv_size": [1, 4]},
								"east": {"uv": [17, 79], "uv_size": [1, 4]},
								"south": {"uv": [18, 79], "uv_size": [1, 4]},
								"west": {"uv": [19, 79], "uv_size": [1, 4]},
								"up": {"uv": [65, 85], "uv_size": [1, 1]},
								"down": {"uv": [85, 66], "uv_size": [1, -1]}
							}
						},
						{
							"origin": [3.3875, 36.825, -4.2],
							"size": [1, 4, 3],
							"uv": {
								"north": {"uv": [20, 79], "uv_size": [1, 4]},
								"east": {"uv": [14, 64], "uv_size": [3, 4]},
								"south": {"uv": [21, 79], "uv_size": [1, 4]},
								"west": {"uv": [17, 64], "uv_size": [3, 4]},
								"up": {"uv": [34, 81], "uv_size": [1, 3]},
								"down": {"uv": [35, 84], "uv_size": [1, -3]}
							}
						},
						{
							"origin": [1.65, 37, -5.125],
							"size": [1, 3, 1],
							"pivot": [2, 39.275, -4.7],
							"rotation": [0, 0, -22.5],
							"uv": {
								"north": {"uv": [36, 81], "uv_size": [1, 3]},
								"east": {"uv": [37, 81], "uv_size": [1, 3]},
								"south": {"uv": [38, 81], "uv_size": [1, 3]},
								"west": {"uv": [45, 81], "uv_size": [1, 3]},
								"up": {"uv": [66, 85], "uv_size": [1, 1]},
								"down": {"uv": [85, 67], "uv_size": [1, -1]}
							}
						},
						{
							"origin": [0.65, 38, -5.125],
							"size": [1, 3, 1],
							"pivot": [2, 39.275, -4.7],
							"rotation": [0, 0, -22.5],
							"uv": {
								"north": {"uv": [46, 81], "uv_size": [1, 3]},
								"east": {"uv": [81, 48], "uv_size": [1, 3]},
								"south": {"uv": [81, 51], "uv_size": [1, 3]},
								"west": {"uv": [81, 54], "uv_size": [1, 3]},
								"up": {"uv": [67, 85], "uv_size": [1, 1]},
								"down": {"uv": [68, 86], "uv_size": [1, -1]}
							}
						},
						{
							"origin": [-2.775, 36.9, -5.075],
							"size": [1, 3, 1],
							"pivot": [-2, 39.275, -4.575],
							"rotation": [0, 0, 25],
							"uv": {
								"north": {"uv": [81, 57], "uv_size": [1, 3]},
								"east": {"uv": [81, 60], "uv_size": [1, 3]},
								"south": {"uv": [81, 69], "uv_size": [1, 3]},
								"west": {"uv": [73, 81], "uv_size": [1, 3]},
								"up": {"uv": [85, 68], "uv_size": [1, 1]},
								"down": {"uv": [69, 86], "uv_size": [1, -1]}
							}
						},
						{
							"origin": [-2.2, 37.125, -5.2],
							"size": [1, 3, 1],
							"pivot": [0, 38.25, -4.7],
							"rotation": [0, 0, 12.5],
							"uv": {
								"north": {"uv": [74, 81], "uv_size": [1, 3]},
								"east": {"uv": [75, 81], "uv_size": [1, 3]},
								"south": {"uv": [81, 75], "uv_size": [1, 3]},
								"west": {"uv": [81, 78], "uv_size": [1, 3]},
								"up": {"uv": [85, 69], "uv_size": [1, 1]},
								"down": {"uv": [70, 86], "uv_size": [1, -1]}
							}
						},
						{
							"origin": [-0.2, 37.125, -5.2],
							"size": [1, 4, 1],
							"pivot": [0, 38.25, -4.7],
							"rotation": [0, 0, 12.5],
							"uv": {
								"north": {"uv": [22, 79], "uv_size": [1, 4]},
								"east": {"uv": [23, 79], "uv_size": [1, 4]},
								"south": {"uv": [24, 79], "uv_size": [1, 4]},
								"west": {"uv": [25, 79], "uv_size": [1, 4]},
								"up": {"uv": [85, 70], "uv_size": [1, 1]},
								"down": {"uv": [71, 86], "uv_size": [1, -1]}
							}
						},
						{
							"origin": [-1.2, 36.15, -5.2],
							"size": [1, 5, 1],
							"pivot": [0, 38.25, -4.7],
							"rotation": [0, 0, 12.5],
							"uv": {
								"north": {"uv": [35, 76], "uv_size": [1, 5]},
								"east": {"uv": [36, 76], "uv_size": [1, 5]},
								"south": {"uv": [37, 76], "uv_size": [1, 5]},
								"west": {"uv": [38, 76], "uv_size": [1, 5]},
								"up": {"uv": [85, 71], "uv_size": [1, 1]},
								"down": {"uv": [72, 86], "uv_size": [1, -1]}
							}
						}
					]
				},
				{
					"name": "corner_h1",
					"parent": "Hair",
					"pivot": [-4.37735, 36.62243, -2.86577],
					"cubes": [
						{
							"origin": [-4.47485, 36.44593, -3.69748],
							"size": [1.025, 2, 1],
							"pivot": [-4.37735, 36.62243, -2.86577],
							"rotation": [-0.4948, 0.2395, 7.4885],
							"uv": {
								"north": {"uv": [66, 83], "uv_size": [1, 2]},
								"east": {"uv": [83, 66], "uv_size": [1, 2]},
								"south": {"uv": [67, 83], "uv_size": [1, 2]},
								"west": {"uv": [68, 83], "uv_size": [1, 2]},
								"up": {"uv": [85, 73], "uv_size": [1, 1]},
								"down": {"uv": [74, 86], "uv_size": [1, -1]}
							}
						},
						{
							"origin": [3.41137, 32.09775, -3.95436],
							"size": [1.025, 2, 1],
							"pivot": [3.78868, 31.91337, -3.36686],
							"rotation": [-6.0826, -1.7565, 4.4725],
							"uv": {
								"north": {"uv": [69, 83], "uv_size": [1, 2]},
								"east": {"uv": [77, 83], "uv_size": [1, 2]},
								"south": {"uv": [78, 83], "uv_size": [1, 2]},
								"west": {"uv": [79, 83], "uv_size": [1, 2]},
								"up": {"uv": [85, 74], "uv_size": [1, 1]},
								"down": {"uv": [75, 86], "uv_size": [1, -1]}
							}
						},
						{
							"origin": [3.54631, 29.32801, -3.85436],
							"size": [1.025, 3, 1],
							"pivot": [3.78868, 31.91337, -3.36686],
							"rotation": [-6.0826, -1.7565, 4.4725],
							"uv": {
								"north": {"uv": [81, 81], "uv_size": [1, 3]},
								"east": {"uv": [0, 82], "uv_size": [1, 3]},
								"south": {"uv": [82, 0], "uv_size": [1, 3]},
								"west": {"uv": [1, 82], "uv_size": [1, 3]},
								"up": {"uv": [85, 75], "uv_size": [1, 1]},
								"down": {"uv": [76, 86], "uv_size": [1, -1]}
							}
						},
						{
							"origin": [4.41183, 32.91888, -2.9848],
							"size": [1.025, 3, 1],
							"pivot": [4.71154, 32.58917, -2.89858],
							"rotation": [-3.5529, -1.8007, -0.0898],
							"uv": {
								"north": {"uv": [2, 82], "uv_size": [1, 3]},
								"east": {"uv": [3, 82], "uv_size": [1, 3]},
								"south": {"uv": [4, 82], "uv_size": [1, 3]},
								"west": {"uv": [5, 82], "uv_size": [1, 3]},
								"up": {"uv": [85, 76], "uv_size": [1, 1]},
								"down": {"uv": [77, 86], "uv_size": [1, -1]}
							}
						},
						{
							"origin": [4.20269, 31.06569, -2.98457],
							"size": [1.025, 2, 1],
							"pivot": [4.58767, 32.6054, -2.90297],
							"rotation": [-3.8112, -1.1568, 9.8928],
							"uv": {
								"north": {"uv": [80, 83], "uv_size": [1, 2]},
								"east": {"uv": [83, 81], "uv_size": [1, 2]},
								"south": {"uv": [83, 83], "uv_size": [1, 2]},
								"west": {"uv": [84, 0], "uv_size": [1, 2]},
								"up": {"uv": [85, 77], "uv_size": [1, 1]},
								"down": {"uv": [78, 86], "uv_size": [1, -1]}
							}
						},
						{
							"origin": [4.42592, 35.66357, -2.92341],
							"size": [1.025, 2, 1],
							"pivot": [4.92833, 35.99488, -2.83741],
							"rotation": [-0.4995, 0.0219, -4.9792],
							"uv": {
								"north": {"uv": [84, 4], "uv_size": [1, 2]},
								"east": {"uv": [84, 6], "uv_size": [1, 2]},
								"south": {"uv": [84, 8], "uv_size": [1, 2]},
								"west": {"uv": [84, 10], "uv_size": [1, 2]},
								"up": {"uv": [85, 78], "uv_size": [1, 1]},
								"down": {"uv": [79, 86], "uv_size": [1, -1]}
							}
						},
						{
							"origin": [4.52853, 37.45397, -2.92152],
							"size": [1.025, 3, 1],
							"pivot": [4.52187, 36.69327, -2.86585],
							"rotation": [-0.4958, -0.0652, -14.9788],
							"uv": {
								"north": {"uv": [6, 82], "uv_size": [1, 3]},
								"east": {"uv": [7, 82], "uv_size": [1, 3]},
								"south": {"uv": [82, 7], "uv_size": [1, 3]},
								"west": {"uv": [8, 82], "uv_size": [1, 3]},
								"up": {"uv": [85, 79], "uv_size": [1, 1]},
								"down": {"uv": [80, 86], "uv_size": [1, -1]}
							}
						},
						{
							"origin": [3.48618, 33.51399, -3.67248],
							"size": [1.025, 3, 1],
							"pivot": [4.37735, 36.62243, -2.86577],
							"rotation": [-0.5218, -0.1729, 0.0112],
							"uv": {
								"north": {"uv": [9, 82], "uv_size": [1, 3]},
								"east": {"uv": [10, 82], "uv_size": [1, 3]},
								"south": {"uv": [82, 10], "uv_size": [1, 3]},
								"west": {"uv": [11, 82], "uv_size": [1, 3]},
								"up": {"uv": [85, 80], "uv_size": [1, 1]},
								"down": {"uv": [81, 86], "uv_size": [1, -1]}
							}
						},
						{
							"origin": [3.44985, 36.44593, -3.69748],
							"size": [1.025, 2, 1],
							"pivot": [4.37735, 36.62243, -2.86577],
							"rotation": [-0.4948, -0.2395, -7.4885],
							"uv": {
								"north": {"uv": [84, 12], "uv_size": [1, 2]},
								"east": {"uv": [13, 84], "uv_size": [1, 2]},
								"south": {"uv": [14, 84], "uv_size": [1, 2]},
								"west": {"uv": [84, 14], "uv_size": [1, 2]},
								"up": {"uv": [82, 85], "uv_size": [1, 1]},
								"down": {"uv": [83, 86], "uv_size": [1, -1]}
							}
						},
						{
							"origin": [-5.22769, 31.06569, -2.98457],
							"size": [1.025, 2, 1],
							"pivot": [-4.58767, 32.60539, -2.90296],
							"rotation": [-3.8111, 1.1568, -9.8928],
							"uv": {
								"north": {"uv": [84, 16], "uv_size": [1, 2]},
								"east": {"uv": [20, 84], "uv_size": [1, 2]},
								"south": {"uv": [21, 84], "uv_size": [1, 2]},
								"west": {"uv": [22, 84], "uv_size": [1, 2]},
								"up": {"uv": [84, 85], "uv_size": [1, 1]},
								"down": {"uv": [85, 86], "uv_size": [1, -1]}
							}
						},
						{
							"origin": [-5.43683, 32.91888, -2.9848],
							"size": [1.025, 3, 1],
							"pivot": [-4.71154, 32.58917, -2.89858],
							"rotation": [-3.5529, 1.8006, 0.0899],
							"uv": {
								"north": {"uv": [12, 82], "uv_size": [1, 3]},
								"east": {"uv": [82, 13], "uv_size": [1, 3]},
								"south": {"uv": [82, 16], "uv_size": [1, 3]},
								"west": {"uv": [82, 25], "uv_size": [1, 3]},
								"up": {"uv": [0, 86], "uv_size": [1, 1]},
								"down": {"uv": [1, 87], "uv_size": [1, -1]}
							}
						},
						{
							"origin": [-4.57131, 29.32801, -3.85435],
							"size": [1.025, 3, 1],
							"pivot": [-3.78868, 31.91337, -3.36685],
							"rotation": [-6.0826, 1.7564, -4.4725],
							"uv": {
								"north": {"uv": [82, 28], "uv_size": [1, 3]},
								"east": {"uv": [29, 82], "uv_size": [1, 3]},
								"south": {"uv": [30, 82], "uv_size": [1, 3]},
								"west": {"uv": [82, 34], "uv_size": [1, 3]},
								"up": {"uv": [2, 86], "uv_size": [1, 1]},
								"down": {"uv": [86, 3], "uv_size": [1, -1]}
							}
						},
						{
							"origin": [-4.43637, 32.09775, -3.95435],
							"size": [1.025, 2, 1],
							"pivot": [-3.78868, 31.91337, -3.36685],
							"rotation": [-6.0826, 1.7564, -4.4725],
							"uv": {
								"north": {"uv": [84, 22], "uv_size": [1, 2]},
								"east": {"uv": [23, 84], "uv_size": [1, 2]},
								"south": {"uv": [24, 84], "uv_size": [1, 2]},
								"west": {"uv": [25, 84], "uv_size": [1, 2]},
								"up": {"uv": [3, 86], "uv_size": [1, 1]},
								"down": {"uv": [86, 4], "uv_size": [1, -1]}
							}
						},
						{
							"origin": [-5.55353, 37.45397, -2.92152],
							"size": [1.025, 3, 1],
							"pivot": [-4.52187, 36.69327, -2.86585],
							"rotation": [-0.4958, 0.0652, 14.9788],
							"uv": {
								"north": {"uv": [82, 37], "uv_size": [1, 3]},
								"east": {"uv": [82, 40], "uv_size": [1, 3]},
								"south": {"uv": [82, 43], "uv_size": [1, 3]},
								"west": {"uv": [82, 46], "uv_size": [1, 3]},
								"up": {"uv": [4, 86], "uv_size": [1, 1]},
								"down": {"uv": [86, 5], "uv_size": [1, -1]}
							}
						},
						{
							"origin": [-5.45092, 35.66357, -2.92341],
							"size": [1.025, 2, 1],
							"pivot": [-4.92833, 35.99488, -2.83741],
							"rotation": [-0.4996, -0.0219, 4.9792],
							"uv": {
								"north": {"uv": [84, 25], "uv_size": [1, 2]},
								"east": {"uv": [84, 27], "uv_size": [1, 2]},
								"south": {"uv": [84, 29], "uv_size": [1, 2]},
								"west": {"uv": [31, 84], "uv_size": [1, 2]},
								"up": {"uv": [5, 86], "uv_size": [1, 1]},
								"down": {"uv": [86, 6], "uv_size": [1, -1]}
							}
						},
						{
							"origin": [-4.51118, 33.51399, -3.67248],
							"size": [1.025, 3, 1],
							"pivot": [-4.37735, 36.62243, -2.86577],
							"rotation": [-0.5218, 0.1729, -0.0112],
							"uv": {
								"north": {"uv": [82, 49], "uv_size": [1, 3]},
								"east": {"uv": [50, 82], "uv_size": [1, 3]},
								"south": {"uv": [51, 82], "uv_size": [1, 3]},
								"west": {"uv": [52, 82], "uv_size": [1, 3]},
								"up": {"uv": [6, 86], "uv_size": [1, 1]},
								"down": {"uv": [86, 7], "uv_size": [1, -1]}
							}
						}
					]
				},
				{
					"name": "long_h1",
					"parent": "Hair",
					"pivot": [0.325, 34.56866, 4.28289]
				},
				{
					"name": "hl_side",
					"parent": "long_h1",
					"pivot": [-2.44485, 7.61452, 15.87866],
					"cubes": [
						{
							"origin": [4.75602, 29.85383, 2.16344],
							"size": [2, 5, 1],
							"pivot": [5.48102, 32.35383, 2.66344],
							"rotation": [-5.52696, 75.26092, -18.5121],
							"uv": {
								"north": {"uv": [67, 59], "uv_size": [2, 5]},
								"east": {"uv": [76, 55], "uv_size": [1, 5]},
								"south": {"uv": [63, 67], "uv_size": [2, 5]},
								"west": {"uv": [76, 60], "uv_size": [1, 5]},
								"up": {"uv": [83, 68], "uv_size": [2, 1]},
								"down": {"uv": [84, 3], "uv_size": [2, -1]}
							}
						},
						{
							"origin": [-6.75602, 29.85383, 2.16344],
							"size": [2, 5, 1],
							"pivot": [-5.48102, 32.35383, 2.66344],
							"rotation": [-5.52696, -75.26092, 18.5121],
							"uv": {
								"north": {"uv": [67, 64], "uv_size": [2, 5]},
								"east": {"uv": [76, 70], "uv_size": [1, 5]},
								"south": {"uv": [65, 67], "uv_size": [2, 5]},
								"west": {"uv": [73, 76], "uv_size": [1, 5]},
								"up": {"uv": [84, 18], "uv_size": [2, 1]},
								"down": {"uv": [84, 32], "uv_size": [2, -1]}
							}
						},
						{
							"origin": [11.50505, 25.91627, 17.10662],
							"size": [3, 5, 1],
							"pivot": [-3.24919, 15.37844, 14.44856],
							"rotation": [-0.1122, 51.2465, -15.5809],
							"uv": {
								"north": {"uv": [61, 19], "uv_size": [3, 5]},
								"east": {"uv": [74, 76], "uv_size": [1, 5]},
								"south": {"uv": [38, 61], "uv_size": [3, 5]},
								"west": {"uv": [75, 76], "uv_size": [1, 5]},
								"up": {"uv": [81, 22], "uv_size": [3, 1]},
								"down": {"uv": [81, 24], "uv_size": [3, -1]}
							}
						},
						{
							"origin": [11.74434, 19.96115, 13.94924],
							"size": [2, 5, 1],
							"pivot": [-2.78264, 12.41642, 10.43881],
							"rotation": [-19.4775, 49.3157, -30.9666],
							"uv": {
								"north": {"uv": [0, 68], "uv_size": [2, 5]},
								"east": {"uv": [76, 75], "uv_size": [1, 5]},
								"south": {"uv": [11, 68], "uv_size": [2, 5]},
								"west": {"uv": [0, 77], "uv_size": [1, 5]},
								"up": {"uv": [32, 84], "uv_size": [2, 1]},
								"down": {"uv": [84, 33], "uv_size": [2, -1]}
							}
						},
						{
							"origin": [13.3521, 20.80306, 12.9267],
							"size": [1, 4, 1],
							"pivot": [-2.78264, 12.41642, 10.43881],
							"rotation": [-19.4775, 49.3157, -30.9666],
							"uv": {
								"north": {"uv": [26, 79], "uv_size": [1, 4]},
								"east": {"uv": [27, 79], "uv_size": [1, 4]},
								"south": {"uv": [28, 79], "uv_size": [1, 4]},
								"west": {"uv": [39, 79], "uv_size": [1, 4]},
								"up": {"uv": [7, 86], "uv_size": [1, 1]},
								"down": {"uv": [86, 8], "uv_size": [1, -1]}
							}
						},
						{
							"origin": [15.71874, 26.89662, 17.00257],
							"size": [3, 5, 1],
							"pivot": [1.60103, 11.01808, 20.16395],
							"rotation": [11.9446, 52.8785, -3.6717],
							"uv": {
								"north": {"uv": [61, 55], "uv_size": [3, 5]},
								"east": {"uv": [1, 77], "uv_size": [1, 5]},
								"south": {"uv": [61, 60], "uv_size": [3, 5]},
								"west": {"uv": [2, 77], "uv_size": [1, 5]},
								"up": {"uv": [81, 31], "uv_size": [3, 1]},
								"down": {"uv": [81, 33], "uv_size": [3, -1]}
							}
						},
						{
							"origin": [15.88533, 19.7841, 12.91842],
							"size": [2, 5, 1],
							"pivot": [2.44485, 7.61452, 15.87866],
							"rotation": [-8.8434, 52.9314, -20.2885],
							"uv": {
								"north": {"uv": [13, 68], "uv_size": [2, 5]},
								"east": {"uv": [3, 77], "uv_size": [1, 5]},
								"south": {"uv": [15, 68], "uv_size": [2, 5]},
								"west": {"uv": [4, 77], "uv_size": [1, 5]},
								"up": {"uv": [84, 33], "uv_size": [2, 1]},
								"down": {"uv": [34, 85], "uv_size": [2, -1]}
							}
						},
						{
							"origin": [-14.50505, 25.91627, 17.10662],
							"size": [3, 5, 1],
							"pivot": [3.24919, 15.37844, 14.44856],
							"rotation": [-0.1122, -51.2465, 15.5809],
							"uv": {
								"north": {"uv": [24, 62], "uv_size": [3, 5]},
								"east": {"uv": [5, 77], "uv_size": [1, 5]},
								"south": {"uv": [62, 24], "uv_size": [3, 5]},
								"west": {"uv": [6, 77], "uv_size": [1, 5]},
								"up": {"uv": [81, 65], "uv_size": [3, 1]},
								"down": {"uv": [81, 73], "uv_size": [3, -1]}
							}
						},
						{
							"origin": [-13.74434, 19.96115, 13.94924],
							"size": [2, 5, 1],
							"pivot": [2.78264, 12.41642, 10.43881],
							"rotation": [-19.4775, -49.3157, 30.9666],
							"uv": {
								"north": {"uv": [17, 68], "uv_size": [2, 5]},
								"east": {"uv": [7, 77], "uv_size": [1, 5]},
								"south": {"uv": [19, 68], "uv_size": [2, 5]},
								"west": {"uv": [8, 77], "uv_size": [1, 5]},
								"up": {"uv": [84, 34], "uv_size": [2, 1]},
								"down": {"uv": [84, 36], "uv_size": [2, -1]}
							}
						},
						{
							"origin": [-14.3521, 20.80306, 12.9267],
							"size": [1, 4, 1],
							"pivot": [2.78264, 12.41642, 10.43881],
							"rotation": [-19.4775, -49.3157, 30.9666],
							"uv": {
								"north": {"uv": [40, 79], "uv_size": [1, 4]},
								"east": {"uv": [41, 79], "uv_size": [1, 4]},
								"south": {"uv": [79, 41], "uv_size": [1, 4]},
								"west": {"uv": [42, 79], "uv_size": [1, 4]},
								"up": {"uv": [8, 86], "uv_size": [1, 1]},
								"down": {"uv": [86, 9], "uv_size": [1, -1]}
							}
						},
						{
							"origin": [-18.71874, 26.89662, 17.00257],
							"size": [3, 5, 1],
							"pivot": [-1.60103, 11.01808, 20.16395],
							"rotation": [11.9446, -52.8785, 3.6717],
							"uv": {
								"north": {"uv": [27, 62], "uv_size": [3, 5]},
								"east": {"uv": [77, 13], "uv_size": [1, 5]},
								"south": {"uv": [62, 29], "uv_size": [3, 5]},
								"west": {"uv": [50, 77], "uv_size": [1, 5]},
								"up": {"uv": [82, 3], "uv_size": [3, 1]},
								"down": {"uv": [82, 20], "uv_size": [3, -1]}
							}
						},
						{
							"origin": [-17.88533, 19.7841, 12.91842],
							"size": [2, 5, 1],
							"pivot": [-2.44485, 7.61452, 15.87866],
							"rotation": [-8.8434, -52.9314, 20.2885],
							"uv": {
								"north": {"uv": [21, 68], "uv_size": [2, 5]},
								"east": {"uv": [51, 77], "uv_size": [1, 5]},
								"south": {"uv": [68, 22], "uv_size": [2, 5]},
								"west": {"uv": [52, 77], "uv_size": [1, 5]},
								"up": {"uv": [36, 84], "uv_size": [2, 1]},
								"down": {"uv": [84, 37], "uv_size": [2, -1]}
							}
						}
					]
				},
				{
					"name": "hl_m",
					"parent": "long_h1",
					"pivot": [-0.5, 18.12846, 1.81781],
					"cubes": [
						{
							"origin": [-2.5, 33.34601, 6.88558],
							"size": [5, 5, 1],
							"pivot": [0, 19.14601, 1.88558],
							"rotation": [7.5, 0, 0],
							"uv": {
								"north": {"uv": [25, 14], "uv_size": [5, 5]},
								"east": {"uv": [77, 55], "uv_size": [1, 5]},
								"south": {"uv": [48, 9], "uv_size": [5, 5]},
								"west": {"uv": [77, 60], "uv_size": [1, 5]},
								"up": {"uv": [76, 32], "uv_size": [5, 1]},
								"down": {"uv": [76, 35], "uv_size": [5, -1]}
							}
						},
						{
							"origin": [-4, 20.33127, 2.52525],
							"size": [1, 2, 1],
							"pivot": [-0.5, 7.13127, -1.84975],
							"rotation": [-7.5, 0, 0],
							"uv": {
								"north": {"uv": [84, 37], "uv_size": [1, 2]},
								"east": {"uv": [38, 84], "uv_size": [1, 2]},
								"south": {"uv": [84, 39], "uv_size": [1, 2]},
								"west": {"uv": [84, 41], "uv_size": [1, 2]},
								"up": {"uv": [9, 86], "uv_size": [1, 1]},
								"down": {"uv": [86, 10], "uv_size": [1, -1]}
							}
						},
						{
							"origin": [-4.85, 22.33127, 2.52525],
							"size": [2, 4, 1],
							"pivot": [-0.5, 7.13127, -1.84975],
							"rotation": [-7.5, 0, 0],
							"uv": {
								"north": {"uv": [31, 72], "uv_size": [2, 4]},
								"east": {"uv": [43, 79], "uv_size": [1, 4]},
								"south": {"uv": [33, 72], "uv_size": [2, 4]},
								"west": {"uv": [44, 79], "uv_size": [1, 4]},
								"up": {"uv": [84, 43], "uv_size": [2, 1]},
								"down": {"uv": [84, 45], "uv_size": [2, -1]}
							}
						},
						{
							"origin": [3, 20.33127, 2.52525],
							"size": [1, 2, 1],
							"pivot": [0.5, 7.13127, -1.84975],
							"rotation": [-7.5, 0, 0],
							"uv": {
								"north": {"uv": [45, 84], "uv_size": [1, 2]},
								"east": {"uv": [84, 45], "uv_size": [1, 2]},
								"south": {"uv": [46, 84], "uv_size": [1, 2]},
								"west": {"uv": [47, 84], "uv_size": [1, 2]},
								"up": {"uv": [10, 86], "uv_size": [1, 1]},
								"down": {"uv": [86, 11], "uv_size": [1, -1]}
							}
						},
						{
							"origin": [2.85, 22.33127, 2.52525],
							"size": [2, 4, 1],
							"pivot": [0.5, 7.13127, -1.84975],
							"rotation": [-7.5, 0, 0],
							"uv": {
								"north": {"uv": [35, 72], "uv_size": [2, 4]},
								"east": {"uv": [47, 79], "uv_size": [1, 4]},
								"south": {"uv": [37, 72], "uv_size": [2, 4]},
								"west": {"uv": [79, 47], "uv_size": [1, 4]},
								"up": {"uv": [84, 47], "uv_size": [2, 1]},
								"down": {"uv": [84, 50], "uv_size": [2, -1]}
							}
						},
						{
							"origin": [-1.5, 20.25295, 3.49511],
							"size": [3, 1, 1],
							"pivot": [-2, 7.05295, -1.25489],
							"rotation": [-7.5, 0, 0],
							"uv": {
								"north": {"uv": [82, 20], "uv_size": [3, 1]},
								"east": {"uv": [11, 86], "uv_size": [1, 1]},
								"south": {"uv": [82, 52], "uv_size": [3, 1]},
								"west": {"uv": [86, 11], "uv_size": [1, 1]},
								"up": {"uv": [82, 53], "uv_size": [3, 1]},
								"down": {"uv": [82, 55], "uv_size": [3, -1]}
							}
						},
						{
							"origin": [-2, 21.25295, 3.49511],
							"size": [4, 2, 1],
							"pivot": [-2.5, 7.05295, -1.25489],
							"rotation": [-7.5, 0, 0],
							"uv": {
								"north": {"uv": [72, 7], "uv_size": [4, 2]},
								"east": {"uv": [48, 84], "uv_size": [1, 2]},
								"south": {"uv": [72, 31], "uv_size": [4, 2]},
								"west": {"uv": [84, 55], "uv_size": [1, 2]},
								"up": {"uv": [78, 17], "uv_size": [4, 1]},
								"down": {"uv": [78, 46], "uv_size": [4, -1]}
							}
						},
						{
							"origin": [-2.5, 23.25295, 3.49511],
							"size": [5, 3, 1],
							"pivot": [-2, 7.05295, -1.25489],
							"rotation": [-7.5, 0, 0],
							"uv": {
								"north": {"uv": [61, 6], "uv_size": [5, 3]},
								"east": {"uv": [82, 55], "uv_size": [1, 3]},
								"south": {"uv": [61, 48], "uv_size": [5, 3]},
								"west": {"uv": [82, 58], "uv_size": [1, 3]},
								"up": {"uv": [76, 35], "uv_size": [5, 1]},
								"down": {"uv": [76, 66], "uv_size": [5, -1]}
							}
						},
						{
							"origin": [-4.85, 25.58395, 3.2935],
							"size": [3, 3, 1],
							"pivot": [0.5, 11.38395, -1.0815],
							"rotation": [-5, 0, 0],
							"uv": {
								"north": {"uv": [36, 57], "uv_size": [3, 3]},
								"east": {"uv": [61, 82], "uv_size": [1, 3]},
								"south": {"uv": [41, 68], "uv_size": [3, 3]},
								"west": {"uv": [82, 61], "uv_size": [1, 3]},
								"up": {"uv": [82, 64], "uv_size": [3, 1]},
								"down": {"uv": [82, 70], "uv_size": [3, -1]}
							}
						},
						{
							"origin": [-4, 25.53165, 4.26622],
							"size": [8, 3, 1],
							"pivot": [-1.5, 11.33165, -0.48378],
							"rotation": [-5, 0, 0],
							"uv": {
								"north": {"uv": [48, 46], "uv_size": [8, 3]},
								"east": {"uv": [62, 82], "uv_size": [1, 3]},
								"south": {"uv": [0, 49], "uv_size": [8, 3]},
								"west": {"uv": [70, 82], "uv_size": [1, 3]},
								"up": {"uv": [72, 33], "uv_size": [8, 1]},
								"down": {"uv": [72, 38], "uv_size": [8, -1]}
							}
						},
						{
							"origin": [-4.5, 28.00864, 4.67032],
							"size": [3, 4, 1],
							"uv": {
								"north": {"uv": [64, 19], "uv_size": [3, 4]},
								"east": {"uv": [48, 79], "uv_size": [1, 4]},
								"south": {"uv": [20, 64], "uv_size": [3, 4]},
								"west": {"uv": [49, 79], "uv_size": [1, 4]},
								"up": {"uv": [82, 70], "uv_size": [3, 1]},
								"down": {"uv": [82, 72], "uv_size": [3, -1]}
							}
						},
						{
							"origin": [-3.5, 27.00864, 5.64532],
							"size": [7, 5, 1],
							"uv": {
								"north": {"uv": [42, 36], "uv_size": [7, 5]},
								"east": {"uv": [61, 77], "uv_size": [1, 5]},
								"south": {"uv": [42, 41], "uv_size": [7, 5]},
								"west": {"uv": [62, 77], "uv_size": [1, 5]},
								"up": {"uv": [72, 47], "uv_size": [7, 1]},
								"down": {"uv": [72, 55], "uv_size": [7, -1]}
							}
						},
						{
							"origin": [-4, 31.32846, 6.19281],
							"size": [3, 4, 1],
							"pivot": [0.5, 18.12846, 1.81781],
							"rotation": [7.5, 0, 0],
							"uv": {
								"north": {"uv": [64, 55], "uv_size": [3, 4]},
								"east": {"uv": [79, 51], "uv_size": [1, 4]},
								"south": {"uv": [64, 59], "uv_size": [3, 4]},
								"west": {"uv": [53, 79], "uv_size": [1, 4]},
								"up": {"uv": [82, 73], "uv_size": [3, 1]},
								"down": {"uv": [82, 75], "uv_size": [3, -1]}
							}
						},
						{
							"origin": [-3, 30.40677, 7.16268],
							"size": [6, 5, 1],
							"pivot": [0.5, 18.20677, 2.41268],
							"rotation": [7.5, 0, 0],
							"uv": {
								"north": {"uv": [12, 45], "uv_size": [6, 5]},
								"east": {"uv": [77, 70], "uv_size": [1, 5]},
								"south": {"uv": [18, 45], "uv_size": [6, 5]},
								"west": {"uv": [72, 77], "uv_size": [1, 5]},
								"up": {"uv": [73, 11], "uv_size": [6, 1]},
								"down": {"uv": [73, 25], "uv_size": [6, -1]}
							}
						},
						{
							"origin": [3, 24.58395, 3.2935],
							"size": [2, 1, 1],
							"pivot": [0.5, 11.38395, -1.0815],
							"rotation": [-5, 0, 0],
							"uv": {
								"north": {"uv": [84, 50], "uv_size": [2, 1]},
								"east": {"uv": [12, 86], "uv_size": [1, 1]},
								"south": {"uv": [84, 57], "uv_size": [2, 1]},
								"west": {"uv": [86, 12], "uv_size": [1, 1]},
								"up": {"uv": [58, 84], "uv_size": [2, 1]},
								"down": {"uv": [84, 59], "uv_size": [2, -1]}
							}
						},
						{
							"origin": [1.85, 25.58395, 3.2935],
							"size": [3, 3, 1],
							"pivot": [-0.5, 11.38395, -1.0815],
							"rotation": [-5, 0, 0],
							"uv": {
								"north": {"uv": [44, 68], "uv_size": [3, 3]},
								"east": {"uv": [71, 82], "uv_size": [1, 3]},
								"south": {"uv": [69, 6], "uv_size": [3, 3]},
								"west": {"uv": [72, 82], "uv_size": [1, 3]},
								"up": {"uv": [82, 75], "uv_size": [3, 1]},
								"down": {"uv": [82, 77], "uv_size": [3, -1]}
							}
						},
						{
							"origin": [1.5, 28.00864, 4.67032],
							"size": [3, 4, 1],
							"uv": {
								"north": {"uv": [64, 63], "uv_size": [3, 4]},
								"east": {"uv": [54, 79], "uv_size": [1, 4]},
								"south": {"uv": [65, 0], "uv_size": [3, 4]},
								"west": {"uv": [55, 79], "uv_size": [1, 4]},
								"up": {"uv": [82, 77], "uv_size": [3, 1]},
								"down": {"uv": [82, 79], "uv_size": [3, -1]}
							}
						},
						{
							"origin": [1, 31.32846, 6.19281],
							"size": [3, 4, 1],
							"pivot": [-0.5, 18.12846, 1.81781],
							"rotation": [7.5, 0, 0],
							"uv": {
								"north": {"uv": [65, 23], "uv_size": [3, 4]},
								"east": {"uv": [79, 55], "uv_size": [1, 4]},
								"south": {"uv": [65, 27], "uv_size": [3, 4]},
								"west": {"uv": [56, 79], "uv_size": [1, 4]},
								"up": {"uv": [82, 79], "uv_size": [3, 1]},
								"down": {"uv": [82, 81], "uv_size": [3, -1]}
							}
						}
					]
				},
				{
					"name": "Ribbon",
					"parent": "Hair",
					"pivot": [-4.75, 37.95, 3.6],
					"rotation": [-1.82257, 33.0231, 8.40116],
					"cubes": [
						{
							"origin": [-5.875, 37.20128, 2.95542],
							"size": [1, 2, 1],
							"pivot": [-5.375, 38.00128, 3.63042],
							"rotation": [7.5, 0, 0],
							"uv": {
								"north": {"uv": [83, 0], "uv_size": [1, 3]},
								"east": {"uv": [83, 0], "uv_size": [1, 3]},
								"south": {"uv": [83, 0], "uv_size": [1, 3]},
								"west": {"uv": [83, 0], "uv_size": [1, 3]},
								"up": {"uv": [84, 3], "uv_size": [-1, -3]},
								"down": {"uv": [84, 3], "uv_size": [-1, -3]}
							}
						},
						{
							"origin": [-5.875, 33.99748, 3.74167],
							"size": [1, 4, 1],
							"pivot": [-5.375, 36.99748, 4.24167],
							"rotation": [24.65656, -2.24944, 17.35932],
							"uv": {
								"north": {"uv": [83, 0], "uv_size": [1, 3]},
								"east": {"uv": [83, 0], "uv_size": [1, 3]},
								"south": {"uv": [83, 0], "uv_size": [1, 3]},
								"west": {"uv": [83, 0], "uv_size": [1, 3]},
								"up": {"uv": [84, 3], "uv_size": [-1, -3]},
								"down": {"uv": [84, 3], "uv_size": [-1, -3]}
							}
						},
						{
							"origin": [-6.87418, 31.7678, 5.97342],
							"size": [1, 3, 1],
							"pivot": [-6.59918, 32.2928, 6.47342],
							"rotation": [24.5843, 2.97526, 5.99942],
							"uv": {
								"north": {"uv": [83, 0], "uv_size": [1, 3]},
								"east": {"uv": [83, 0], "uv_size": [1, 3]},
								"south": {"uv": [83, 0], "uv_size": [1, 3]},
								"west": {"uv": [83, 0], "uv_size": [1, 3]},
								"up": {"uv": [84, 3], "uv_size": [-1, -3]},
								"down": {"uv": [84, 3], "uv_size": [-1, -3]}
							}
						},
						{
							"origin": [-6.05642, 31.5035, 2.39264],
							"size": [1, 3, 1],
							"pivot": [-5.41523, 34.40076, 2.89632],
							"rotation": [-11.6048, -51.40255, 11.00288],
							"uv": {
								"north": {"uv": [83, 0], "uv_size": [1, 3]},
								"east": {"uv": [83, 0], "uv_size": [1, 3]},
								"south": {"uv": [83, 0], "uv_size": [1, 3]},
								"west": {"uv": [83, 0], "uv_size": [1, 3]},
								"up": {"uv": [84, 3], "uv_size": [-1, -3]},
								"down": {"uv": [84, 3], "uv_size": [-1, -3]}
							}
						},
						{
							"origin": [-6.0798, 34.29546, 2.4],
							"size": [1, 3, 1],
							"pivot": [-5.41523, 34.40076, 2.89632],
							"rotation": [-25.51526, -47.38001, 29.24948],
							"uv": {
								"north": {"uv": [83, 0], "uv_size": [1, 3]},
								"east": {"uv": [83, 0], "uv_size": [1, 3]},
								"south": {"uv": [83, 0], "uv_size": [1, 3]},
								"west": {"uv": [83, 0], "uv_size": [1, 3]},
								"up": {"uv": [84, 3], "uv_size": [-1, -3]},
								"down": {"uv": [84, 3], "uv_size": [-1, -3]}
							}
						},
						{
							"origin": [-6.1, 37.95, -0.4],
							"size": [1, 1, 4],
							"pivot": [-5.60833, 37.70856, 1.10681],
							"rotation": [0, 10, 10],
							"uv": {
								"north": {"uv": [83, 0], "uv_size": [1, 3]},
								"east": {"uv": [83, 0], "uv_size": [1, 3]},
								"south": {"uv": [83, 0], "uv_size": [1, 3]},
								"west": {"uv": [83, 0], "uv_size": [1, 3]},
								"up": {"uv": [84, 3], "uv_size": [-1, -3]},
								"down": {"uv": [84, 3], "uv_size": [-1, -3]}
							}
						},
						{
							"origin": [-6.1, 36.95, -0.4],
							"size": [1, 1, 1],
							"pivot": [-5.60833, 37.70856, 1.10681],
							"rotation": [0, 10, 10],
							"uv": {
								"north": {"uv": [83, 0], "uv_size": [1, 3]},
								"east": {"uv": [83, 0], "uv_size": [1, 3]},
								"south": {"uv": [83, 0], "uv_size": [1, 3]},
								"west": {"uv": [83, 0], "uv_size": [1, 3]},
								"up": {"uv": [84, 3], "uv_size": [-1, -3]},
								"down": {"uv": [84, 3], "uv_size": [-1, -3]}
							}
						},
						{
							"origin": [-6.64609, 38.6713, 3.46941],
							"size": [1, 1, 4],
							"pivot": [-6.12942, 38.43623, 5.9472],
							"rotation": [15.8092, -23.29439, 3.76241],
							"uv": {
								"north": {"uv": [83, 0], "uv_size": [1, 3]},
								"east": {"uv": [83, 0], "uv_size": [1, 3]},
								"south": {"uv": [83, 0], "uv_size": [1, 3]},
								"west": {"uv": [83, 0], "uv_size": [1, 3]},
								"up": {"uv": [84, 3], "uv_size": [-1, -3]},
								"down": {"uv": [84, 3], "uv_size": [-1, -3]}
							}
						},
						{
							"origin": [-6.64609, 37.6713, 6.46941],
							"size": [1, 1, 1],
							"pivot": [-6.12942, 38.43623, 5.9472],
							"rotation": [15.8092, -23.29439, 3.76241],
							"uv": {
								"north": {"uv": [83, 0], "uv_size": [1, 3]},
								"east": {"uv": [83, 0], "uv_size": [1, 3]},
								"south": {"uv": [83, 0], "uv_size": [1, 3]},
								"west": {"uv": [83, 0], "uv_size": [1, 3]},
								"up": {"uv": [84, 3], "uv_size": [-1, -3]},
								"down": {"uv": [84, 3], "uv_size": [-1, -3]}
							}
						},
						{
							"origin": [-6.59609, 37.29355, 3.62413],
							"size": [1, 1, 4],
							"pivot": [-6.12942, 38.43623, 5.9472],
							"rotation": [-6.6908, -23.29439, 3.76241],
							"uv": {
								"north": {"uv": [83, 0], "uv_size": [1, 3]},
								"east": {"uv": [83, 0], "uv_size": [1, 3]},
								"south": {"uv": [83, 0], "uv_size": [1, 3]},
								"west": {"uv": [83, 0], "uv_size": [1, 3]},
								"up": {"uv": [84, 3], "uv_size": [-1, -3]},
								"down": {"uv": [84, 3], "uv_size": [-1, -3]}
							}
						},
						{
							"origin": [-6.125, 36.56587, -0.60345],
							"size": [1, 1, 4],
							"pivot": [-5.60833, 37.70856, 1.10681],
							"rotation": [22.5, 10, 10],
							"uv": {
								"north": {"uv": [83, 0], "uv_size": [1, 3]},
								"east": {"uv": [83, 0], "uv_size": [1, 3]},
								"south": {"uv": [83, 0], "uv_size": [1, 3]},
								"west": {"uv": [83, 0], "uv_size": [1, 3]},
								"up": {"uv": [84, 3], "uv_size": [-1, -3]},
								"down": {"uv": [84, 3], "uv_size": [-1, -3]}
							}
						}
					]
				},
				{
					"name": "Breast",
					"parent": "UpBody",
					"pivot": [-0.0125, 28.74747, -2.15834],
					"rotation": [-32.5, 0, 0],
					"cubes": [
						{
							"origin": [-3.55, 27.24747, -3.15834],
							"size": [7.075, 3, 3],
							"uv": {
								"north": {"uv": [49, 42], "uv_size": [7, 3]},
								"east": {"uv": [31, 69], "uv_size": [3, 3]},
								"south": {"uv": [48, 49], "uv_size": [7, 3]},
								"west": {"uv": [69, 31], "uv_size": [3, 3]},
								"up": {"uv": [8, 50], "uv_size": [7, 3]},
								"down": {"uv": [15, 53], "uv_size": [7, -3]}
							}
						},
						{
							"origin": [1.975, 28.82247, -3.25834],
							"size": [0.325, 0.6, 1],
							"pivot": [2.0625, 29.32247, -2.75834],
							"rotation": [0, 0, -30],
							"uv": {
								"north": {"uv": [45, 29], "uv_size": [2, 2]},
								"east": {"uv": [31, 67], "uv_size": [5, 2]},
								"south": {"uv": [47, 20], "uv_size": [2, 2]},
								"west": {"uv": [67, 46], "uv_size": [5, 2]},
								"up": {"uv": [47, 67], "uv_size": [2, 5]},
								"down": {"uv": [67, 59], "uv_size": [2, -5]}
							}
						},
						{
							"origin": [2.525, 28.82247, -3.28334],
							"size": [0.325, 0.6, 1],
							"pivot": [2.7875, 29.32247, -2.78334],
							"rotation": [0, 0, 30],
							"uv": {
								"north": {"uv": [45, 29], "uv_size": [2, 2]},
								"east": {"uv": [31, 67], "uv_size": [5, 2]},
								"south": {"uv": [47, 20], "uv_size": [2, 2]},
								"west": {"uv": [67, 46], "uv_size": [5, 2]},
								"up": {"uv": [47, 67], "uv_size": [2, 5]},
								"down": {"uv": [67, 59], "uv_size": [2, -5]}
							}
						},
						{
							"origin": [2.25, 28.12247, -3.22834],
							"size": [0.325, 0.9, 1],
							"uv": {
								"north": {"uv": [45, 29], "uv_size": [2, 2]},
								"east": {"uv": [31, 67], "uv_size": [5, 2]},
								"south": {"uv": [47, 20], "uv_size": [2, 2]},
								"west": {"uv": [67, 46], "uv_size": [5, 2]},
								"up": {"uv": [47, 67], "uv_size": [2, 5]},
								"down": {"uv": [67, 59], "uv_size": [2, -5]}
							}
						},
						{
							"origin": [-0.85, 27.17247, -3.23334],
							"size": [0.7, 0.7, 0.7],
							"uv": {
								"north": {"uv": [37, 86], "uv_size": [1, 1]},
								"east": {"uv": [86, 37], "uv_size": [1, 1]},
								"south": {"uv": [38, 86], "uv_size": [1, 1]},
								"west": {"uv": [86, 38], "uv_size": [1, 1]},
								"up": {"uv": [39, 86], "uv_size": [1, 1]},
								"down": {"uv": [86, 40], "uv_size": [1, -1]}
							}
						},
						{
							"origin": [0.35, 27.17247, -3.23334],
							"size": [0.7, 0.7, 0.7],
							"uv": {
								"north": {"uv": [40, 86], "uv_size": [1, 1]},
								"east": {"uv": [86, 40], "uv_size": [1, 1]},
								"south": {"uv": [41, 86], "uv_size": [1, 1]},
								"west": {"uv": [86, 41], "uv_size": [1, 1]},
								"up": {"uv": [42, 86], "uv_size": [1, 1]},
								"down": {"uv": [86, 43], "uv_size": [1, -1]}
							}
						}
					]
				},
				{
					"name": "Arm",
					"parent": "UpBody",
					"pivot": [-0.2, 31.275, 0]
				},
				{
					"name": "LeftArm",
					"parent": "Arm",
					"pivot": [3.4, 31.025, 0],
					"rotation": [0, 0, -18],
					"cubes": [
						{
							"origin": [2.45, 24.9, -1.7],
							"size": [3.25, 7.3, 3.4],
							"uv": {
								"north": {"uv": [34, 16], "uv_size": [3, 7]},
								"east": {"uv": [39, 47], "uv_size": [3, 7]},
								"south": {"uv": [30, 50], "uv_size": [3, 7]},
								"west": {"uv": [33, 50], "uv_size": [3, 7]},
								"up": {"uv": [34, 69], "uv_size": [3, 3]},
								"down": {"uv": [69, 40], "uv_size": [3, -3]}
							}
						},
						{
							"origin": [2.6, 25.075, -1.5],
							"size": [3.05, 7, 3],
							"uv": {
								"north": {"uv": [36, 50], "uv_size": [3, 7]},
								"east": {"uv": [0, 52], "uv_size": [3, 7]},
								"south": {"uv": [3, 52], "uv_size": [3, 7]},
								"west": {"uv": [48, 52], "uv_size": [3, 7]},
								"up": {"uv": [49, 69], "uv_size": [3, 3]},
								"down": {"uv": [52, 72], "uv_size": [3, -3]}
							}
						},
						{
							"origin": [2.9, 24.175, -1.1],
							"size": [2.55, 2, 2.2],
							"uv": {
								"north": {"uv": [73, 27], "uv_size": [3, 2]},
								"east": {"uv": [79, 25], "uv_size": [2, 2]},
								"south": {"uv": [73, 29], "uv_size": [3, 2]},
								"west": {"uv": [79, 69], "uv_size": [2, 2]},
								"up": {"uv": [73, 34], "uv_size": [3, 2]},
								"down": {"uv": [50, 75], "uv_size": [3, -2]}
							}
						},
						{
							"origin": [2.8, 24.125, -1.125],
							"size": [2.7, 2.05, 2.3],
							"uv": {
								"north": {"uv": [73, 55], "uv_size": [3, 2]},
								"east": {"uv": [79, 71], "uv_size": [2, 2]},
								"south": {"uv": [73, 57], "uv_size": [3, 2]},
								"west": {"uv": [79, 76], "uv_size": [2, 2]},
								"up": {"uv": [73, 59], "uv_size": [3, 2]},
								"down": {"uv": [73, 63], "uv_size": [3, -2]}
							}
						}
					]
				},
				{
					"name": "LeftForeArm",
					"parent": "LeftArm",
					"pivot": [4.125, 25.075, 0.025],
					"cubes": [
						{
							"origin": [2.625, 18.075, -1.475],
							"size": [3, 7, 3],
							"uv": {
								"north": {"uv": [51, 52], "uv_size": [3, 7]},
								"east": {"uv": [6, 53], "uv_size": [3, 7]},
								"south": {"uv": [9, 53], "uv_size": [3, 7]},
								"west": {"uv": [53, 9], "uv_size": [3, 7]},
								"up": {"uv": [69, 54], "uv_size": [3, 3]},
								"down": {"uv": [55, 72], "uv_size": [3, -3]}
							}
						},
						{
							"origin": [2.525, 20.375, -1.575],
							"size": [3.2, 5, 3.2],
							"uv": {
								"north": {"uv": [30, 62], "uv_size": [3, 5]},
								"east": {"uv": [33, 62], "uv_size": [3, 5]},
								"south": {"uv": [0, 63], "uv_size": [3, 5]},
								"west": {"uv": [63, 9], "uv_size": [3, 5]},
								"up": {"uv": [69, 57], "uv_size": [3, 3]},
								"down": {"uv": [58, 72], "uv_size": [3, -3]}
							}
						}
					]
				},
				{
					"name": "LeftHandLocator",
					"parent": "LeftForeArm",
					"pivot": [4.125, 19.575, 0.025]
				},
				{
					"name": "RightArm",
					"parent": "Arm",
					"pivot": [-3.4, 31.025, 0],
					"rotation": [0, 0, 18],
					"cubes": [
						{
							"origin": [-5.65, 25.075, -1.5],
							"size": [3.05, 7, 3],
							"uv": {
								"north": {"uv": [12, 53], "uv_size": [3, 7]},
								"east": {"uv": [15, 53], "uv_size": [3, 7]},
								"south": {"uv": [18, 53], "uv_size": [3, 7]},
								"west": {"uv": [21, 53], "uv_size": [3, 7]},
								"up": {"uv": [69, 60], "uv_size": [3, 3]},
								"down": {"uv": [69, 66], "uv_size": [3, -3]}
							}
						},
						{
							"origin": [-5.7, 24.9, -1.7],
							"size": [3.25, 7.3, 3.4],
							"uv": {
								"north": {"uv": [39, 54], "uv_size": [3, 7]},
								"east": {"uv": [54, 52], "uv_size": [3, 7]},
								"south": {"uv": [24, 55], "uv_size": [3, 7]},
								"west": {"uv": [55, 26], "uv_size": [3, 7]},
								"up": {"uv": [69, 66], "uv_size": [3, 3]},
								"down": {"uv": [67, 72], "uv_size": [3, -3]}
							}
						},
						{
							"origin": [-5.45, 24.175, -1.1],
							"size": [2.55, 2, 2.2],
							"uv": {
								"north": {"uv": [73, 63], "uv_size": [3, 2]},
								"east": {"uv": [79, 78], "uv_size": [2, 2]},
								"south": {"uv": [73, 65], "uv_size": [3, 2]},
								"west": {"uv": [80, 0], "uv_size": [2, 2]},
								"up": {"uv": [73, 67], "uv_size": [3, 2]},
								"down": {"uv": [73, 72], "uv_size": [3, -2]}
							}
						},
						{
							"origin": [-5.5, 24.125, -1.125],
							"size": [2.7, 2.05, 2.3],
							"uv": {
								"north": {"uv": [73, 72], "uv_size": [3, 2]},
								"east": {"uv": [80, 2], "uv_size": [2, 2]},
								"south": {"uv": [3, 74], "uv_size": [3, 2]},
								"west": {"uv": [80, 9], "uv_size": [2, 2]},
								"up": {"uv": [6, 74], "uv_size": [3, 2]},
								"down": {"uv": [9, 76], "uv_size": [3, -2]}
							}
						}
					]
				},
				{
					"name": "RightForeArm",
					"parent": "RightArm",
					"pivot": [-4.125, 25.075, 0.025],
					"cubes": [
						{
							"origin": [-5.725, 20.375, -1.575],
							"size": [3.2, 5, 3.2],
							"uv": {
								"north": {"uv": [63, 34], "uv_size": [3, 5]},
								"east": {"uv": [63, 39], "uv_size": [3, 5]},
								"south": {"uv": [41, 63], "uv_size": [3, 5]},
								"west": {"uv": [44, 63], "uv_size": [3, 5]},
								"up": {"uv": [2, 70], "uv_size": [3, 3]},
								"down": {"uv": [5, 73], "uv_size": [3, -3]}
							}
						},
						{
							"origin": [-5.625, 18.075, -1.475],
							"size": [3, 7, 3],
							"uv": {
								"north": {"uv": [27, 55], "uv_size": [3, 7]},
								"east": {"uv": [56, 9], "uv_size": [3, 7]},
								"south": {"uv": [42, 56], "uv_size": [3, 7]},
								"west": {"uv": [56, 42], "uv_size": [3, 7]},
								"up": {"uv": [8, 70], "uv_size": [3, 3]},
								"down": {"uv": [70, 12], "uv_size": [3, -3]}
							}
						}
					]
				},
				{
					"name": "RightHandLocator",
					"parent": "RightForeArm",
					"pivot": [-4.125, 19.575, 0.025]
				},
				{
					"name": "Collar",
					"parent": "UpBody",
					"pivot": [0, 30.925, -0.025],
					"rotation": [-15, 0, 0],
					"cubes": [
						{
							"origin": [0.2, 30.125, -2.9],
							"size": [3.4, 2, 2.2],
							"pivot": [1.5, 31.125, -1.525],
							"rotation": [12.2084, -10.35575, -12.2084],
							"uv": {
								"north": {"uv": [12, 74], "uv_size": [3, 2]},
								"east": {"uv": [80, 11], "uv_size": [2, 2]},
								"south": {"uv": [74, 13], "uv_size": [3, 2]},
								"west": {"uv": [80, 13], "uv_size": [2, 2]},
								"up": {"uv": [74, 15], "uv_size": [3, 2]},
								"down": {"uv": [74, 19], "uv_size": [3, -2]}
							}
						},
						{
							"origin": [-0.96159, 28.99805, -2.8216],
							"size": [2.4, 1, 2.2],
							"pivot": [0.73841, 29.49805, -1.7216],
							"rotation": [15.87952, -1.60065, -46.32119],
							"uv": {
								"north": {"uv": [84, 67], "uv_size": [2, 1]},
								"east": {"uv": [84, 72], "uv_size": [2, 1]},
								"south": {"uv": [74, 84], "uv_size": [2, 1]},
								"west": {"uv": [81, 84], "uv_size": [2, 1]},
								"up": {"uv": [80, 15], "uv_size": [2, 2]},
								"down": {"uv": [80, 38], "uv_size": [2, -2]}
							}
						},
						{
							"origin": [-1.43841, 28.99805, -2.8216],
							"size": [2.4, 1, 2.2],
							"pivot": [-0.73841, 29.49805, -1.7216],
							"rotation": [16.03398, -8.01589, 43.57099],
							"uv": {
								"north": {"uv": [84, 81], "uv_size": [2, 1]},
								"east": {"uv": [84, 82], "uv_size": [2, 1]},
								"south": {"uv": [84, 83], "uv_size": [2, 1]},
								"west": {"uv": [84, 84], "uv_size": [2, 1]},
								"up": {"uv": [80, 38], "uv_size": [2, 2]},
								"down": {"uv": [80, 43], "uv_size": [2, -2]}
							}
						},
						{
							"origin": [-3.6, 30.125, -2.9],
							"size": [3.4, 2, 2.2],
							"pivot": [-1.5, 31.125, -1.525],
							"rotation": [12.2084, 10.35575, 12.2084],
							"uv": {
								"north": {"uv": [74, 25], "uv_size": [3, 2]},
								"east": {"uv": [80, 43], "uv_size": [2, 2]},
								"south": {"uv": [74, 48], "uv_size": [3, 2]},
								"west": {"uv": [80, 46], "uv_size": [2, 2]},
								"up": {"uv": [74, 50], "uv_size": [3, 2]},
								"down": {"uv": [73, 76], "uv_size": [3, -2]}
							}
						},
						{
							"origin": [0.4, 31.45, -3.025],
							"size": [0.5, 0.5, 1],
							"pivot": [1.5, 31.125, -1.525],
							"rotation": [12.2084, -10.35575, -12.2084],
							"uv": {
								"north": {"uv": [7, 25], "uv_size": [2, 1]},
								"east": {"uv": [9, 85], "uv_size": [1, 1]},
								"south": {"uv": [29, 6], "uv_size": [2, 1]},
								"west": {"uv": [85, 9], "uv_size": [1, 1]},
								"up": {"uv": [37, 31], "uv_size": [2, 1]},
								"down": {"uv": [6, 53], "uv_size": [2, -1]}
							}
						}
					]
				},
				{
					"name": "ElytraLocator",
					"parent": "UpBody",
					"pivot": [0, 31.65, 2]
				},
				{
					"name": "RifleLocator",
					"parent": "UpBody",
					"pivot": [0, 25.15, 2.3],
					"rotation": [0, 0, 45]
				},
				{
					"name": "PistolLocator",
					"parent": "UpBody",
					"pivot": [-4, 24.75, -1.6],
					"rotation": [-30, 0, 0]
				},
				{
					"name": "DownBody",
					"parent": "AllBody",
					"pivot": [0, 20.65, 0]
				},
				{
					"name": "Leg",
					"parent": "DownBody",
					"pivot": [0, 21.15, 0]
				},
				{
					"name": "LeftLeg",
					"parent": "Leg",
					"pivot": [2.4, 21.15, 0],
					"cubes": [
						{
							"origin": [0.375, 11.65, -2],
							"size": [3.65, 10, 4],
							"uv": {
								"north": {"uv": [6, 34], "uv_size": [4, 10]},
								"east": {"uv": [35, 0], "uv_size": [4, 10]},
								"south": {"uv": [10, 35], "uv_size": [4, 10]},
								"west": {"uv": [14, 35], "uv_size": [4, 10]},
								"up": {"uv": [57, 55], "uv_size": [4, 4]},
								"down": {"uv": [58, 29], "uv_size": [4, -4]}
							}
						}
					]
				},
				{
					"name": "LeftLowerLeg",
					"parent": "LeftLeg",
					"pivot": [2.2, 11.7, 0],
					"cubes": [
						{
							"origin": [0.5, 2, -1.9],
							"size": [3.4, 10, 4],
							"uv": {
								"north": {"uv": [24, 45], "uv_size": [3, 10]},
								"east": {"uv": [18, 35], "uv_size": [4, 10]},
								"south": {"uv": [27, 45], "uv_size": [3, 10]},
								"west": {"uv": [22, 35], "uv_size": [4, 10]},
								"up": {"uv": [60, 65], "uv_size": [3, 4]},
								"down": {"uv": [66, 10], "uv_size": [3, -4]}
							}
						}
					]
				},
				{
					"name": "LeftFoot",
					"parent": "LeftLowerLeg",
					"pivot": [2.1875, 2.5, 0.1375],
					"cubes": [
						{
							"origin": [0.25, 0, -2.1],
							"size": [3.875, 4, 4.375],
							"uv": {
								"north": {"uv": [58, 29], "uv_size": [4, 4]},
								"east": {"uv": [0, 59], "uv_size": [4, 4]},
								"south": {"uv": [59, 9], "uv_size": [4, 4]},
								"west": {"uv": [59, 13], "uv_size": [4, 4]},
								"up": {"uv": [59, 42], "uv_size": [4, 4]},
								"down": {"uv": [45, 63], "uv_size": [4, -4]}
							}
						},
						{
							"origin": [0.35, 0, -4.4],
							"size": [3.675, 3, 3],
							"uv": {
								"north": {"uv": [63, 14], "uv_size": [4, 3]},
								"east": {"uv": [70, 22], "uv_size": [3, 3]},
								"south": {"uv": [65, 31], "uv_size": [4, 3]},
								"west": {"uv": [23, 70], "uv_size": [3, 3]},
								"up": {"uv": [66, 10], "uv_size": [4, 3]},
								"down": {"uv": [66, 37], "uv_size": [4, -3]}
							}
						},
						{
							"origin": [0.95, 2.575, -3.2],
							"size": [2.675, 1, 2],
							"pivot": [2.6875, 2.5, -2.9],
							"rotation": [22.5, 0, 0],
							"uv": {
								"north": {"uv": [20, 83], "uv_size": [3, 1]},
								"east": {"uv": [0, 85], "uv_size": [2, 1]},
								"south": {"uv": [83, 21], "uv_size": [3, 1]},
								"west": {"uv": [85, 0], "uv_size": [2, 1]},
								"up": {"uv": [0, 75], "uv_size": [3, 2]},
								"down": {"uv": [50, 77], "uv_size": [3, -2]}
							}
						}
					]
				},
				{
					"name": "RightLeg",
					"parent": "Leg",
					"pivot": [-2.4, 21.15, 0],
					"cubes": [
						{
							"origin": [-4.025, 11.65, -2],
							"size": [3.65, 10, 4],
							"uv": {
								"north": {"uv": [26, 35], "uv_size": [4, 10]},
								"east": {"uv": [37, 16], "uv_size": [4, 10]},
								"south": {"uv": [30, 37], "uv_size": [4, 10]},
								"west": {"uv": [34, 37], "uv_size": [4, 10]},
								"up": {"uv": [49, 59], "uv_size": [4, 4]},
								"down": {"uv": [53, 63], "uv_size": [4, -4]}
							}
						}
					]
				},
				{
					"name": "RightLowerLeg",
					"parent": "RightLeg",
					"pivot": [-2.2, 11.7, 0],
					"cubes": [
						{
							"origin": [-3.9, 2, -1.9],
							"size": [3.4, 10, 4],
							"uv": {
								"north": {"uv": [42, 46], "uv_size": [3, 10]},
								"east": {"uv": [38, 37], "uv_size": [4, 10]},
								"south": {"uv": [45, 46], "uv_size": [3, 10]},
								"west": {"uv": [0, 39], "uv_size": [4, 10]},
								"up": {"uv": [66, 37], "uv_size": [3, 4]},
								"down": {"uv": [38, 70], "uv_size": [3, -4]}
							}
						}
					]
				},
				{
					"name": "RightFoot",
					"parent": "RightLowerLeg",
					"pivot": [-2.1875, 2.5, -0.1375],
					"cubes": [
						{
							"origin": [-4.125, 0, -2.1],
							"size": [3.875, 4, 4.375],
							"uv": {
								"north": {"uv": [57, 59], "uv_size": [4, 4]},
								"east": {"uv": [4, 60], "uv_size": [4, 4]},
								"south": {"uv": [8, 60], "uv_size": [4, 4]},
								"west": {"uv": [12, 60], "uv_size": [4, 4]},
								"up": {"uv": [16, 60], "uv_size": [4, 4]},
								"down": {"uv": [20, 64], "uv_size": [4, -4]}
							}
						},
						{
							"origin": [-4.025, 0, -4.4],
							"size": [3.675, 3, 3],
							"uv": {
								"north": {"uv": [66, 41], "uv_size": [4, 3]},
								"east": {"uv": [26, 70], "uv_size": [3, 3]},
								"south": {"uv": [66, 48], "uv_size": [4, 3]},
								"west": {"uv": [70, 34], "uv_size": [3, 3]},
								"up": {"uv": [66, 51], "uv_size": [4, 3]},
								"down": {"uv": [67, 16], "uv_size": [4, -3]}
							}
						},
						{
							"origin": [-3.625, 2.575, -3.2],
							"size": [2.675, 1, 2],
							"pivot": [-2.6875, 2.5, -2.9],
							"rotation": [22.5, 0, 0],
							"uv": {
								"north": {"uv": [23, 83], "uv_size": [3, 1]},
								"east": {"uv": [85, 1], "uv_size": [2, 1]},
								"south": {"uv": [83, 24], "uv_size": [3, 1]},
								"west": {"uv": [2, 85], "uv_size": [2, 1]},
								"up": {"uv": [76, 0], "uv_size": [3, 2]},
								"down": {"uv": [76, 4], "uv_size": [3, -2]}
							}
						}
					]
				},
				{
					"name": "Skirt",
					"parent": "DownBody",
					"pivot": [0, 23.85, 0.1],
					"cubes": [
						{
							"origin": [-3.95, 18.65, -2.5],
							"size": [7.95, 2.2, 5],
							"uv": {
								"north": {"uv": [59, 17], "uv_size": [8, 2]},
								"east": {"uv": [68, 0], "uv_size": [5, 2]},
								"south": {"uv": [59, 46], "uv_size": [8, 2]},
								"west": {"uv": [68, 2], "uv_size": [5, 2]},
								"up": {"uv": [37, 26], "uv_size": [8, 5]},
								"down": {"uv": [39, 5], "uv_size": [8, -5]}
							}
						},
						{
							"origin": [-4.2, 17.6, -2.8],
							"size": [8.4, 2.2, 5.475],
							"uv": {
								"north": {"uv": [30, 60], "uv_size": [8, 2]},
								"east": {"uv": [68, 27], "uv_size": [5, 2]},
								"south": {"uv": [61, 4], "uv_size": [8, 2]},
								"west": {"uv": [68, 29], "uv_size": [5, 2]},
								"up": {"uv": [39, 5], "uv_size": [8, 5]},
								"down": {"uv": [39, 36], "uv_size": [8, -5]}
							}
						},
						{
							"origin": [-4.6, 15.55, -3.1],
							"size": [9.2, 3.2, 6],
							"uv": {
								"north": {"uv": [30, 47], "uv_size": [9, 3]},
								"east": {"uv": [55, 49], "uv_size": [6, 3]},
								"south": {"uv": [47, 33], "uv_size": [9, 3]},
								"west": {"uv": [56, 33], "uv_size": [6, 3]},
								"up": {"uv": [16, 14], "uv_size": [9, 6]},
								"down": {"uv": [0, 25], "uv_size": [9, -6]}
							}
						}
					]
				},
				{
					"name": "RightSkirt",
					"parent": "Skirt",
					"pivot": [-3.525, 23.9, 0.0375],
					"rotation": [0, 0, 17.5],
					"cubes": [
						{
							"origin": [-3.625, 18.175, -2.9625],
							"size": [1, 3, 6],
							"uv": {
								"north": {"uv": [83, 25], "uv_size": [1, 3]},
								"east": {"uv": [30, 57], "uv_size": [6, 3]},
								"south": {"uv": [26, 83], "uv_size": [1, 3]},
								"west": {"uv": [57, 36], "uv_size": [6, 3]},
								"up": {"uv": [53, 73], "uv_size": [1, 6]},
								"down": {"uv": [54, 79], "uv_size": [1, -6]}
							}
						},
						{
							"origin": [-4.9, 19.275, -2.9625],
							"size": [1, 1, 6],
							"pivot": [-4.175, 19.775, 0.0375],
							"rotation": [-2.5, 0, 27.5],
							"uv": {
								"north": {"uv": [46, 86], "uv_size": [1, 1]},
								"east": {"uv": [73, 36], "uv_size": [6, 1]},
								"south": {"uv": [86, 46], "uv_size": [1, 1]},
								"west": {"uv": [3, 76], "uv_size": [6, 1]},
								"up": {"uv": [45, 75], "uv_size": [1, 6]},
								"down": {"uv": [46, 81], "uv_size": [1, -6]}
							}
						},
						{
							"origin": [-3.625, 21.175, -1.9625],
							"size": [1, 3, 4],
							"uv": {
								"north": {"uv": [27, 83], "uv_size": [1, 3]},
								"east": {"uv": [67, 16], "uv_size": [4, 3]},
								"south": {"uv": [28, 83], "uv_size": [1, 3]},
								"west": {"uv": [67, 19], "uv_size": [4, 3]},
								"up": {"uv": [80, 48], "uv_size": [1, 4]},
								"down": {"uv": [80, 56], "uv_size": [1, -4]}
							}
						}
					]
				},
				{
					"name": "LeftSkirt",
					"parent": "Skirt",
					"pivot": [3.6, 23.9, 0.0375],
					"rotation": [0, 0, -17.5],
					"cubes": [
						{
							"origin": [2.7, 18.075, -2.9625],
							"size": [1, 3, 6],
							"uv": {
								"north": {"uv": [83, 28], "uv_size": [1, 3]},
								"east": {"uv": [57, 39], "uv_size": [6, 3]},
								"south": {"uv": [83, 33], "uv_size": [1, 3]},
								"west": {"uv": [57, 52], "uv_size": [6, 3]},
								"up": {"uv": [9, 76], "uv_size": [1, 6]},
								"down": {"uv": [10, 82], "uv_size": [1, -6]}
							}
						},
						{
							"origin": [3.9, 19.275, -2.9625],
							"size": [1, 1, 6],
							"pivot": [4.175, 19.775, 0.0375],
							"rotation": [-2.5, 0, -27.5],
							"uv": {
								"north": {"uv": [47, 86], "uv_size": [1, 1]},
								"east": {"uv": [76, 7], "uv_size": [6, 1]},
								"south": {"uv": [86, 47], "uv_size": [1, 1]},
								"west": {"uv": [76, 8], "uv_size": [6, 1]},
								"up": {"uv": [11, 76], "uv_size": [1, 6]},
								"down": {"uv": [12, 82], "uv_size": [1, -6]}
							}
						},
						{
							"origin": [2.7, 21.075, -1.9625],
							"size": [1, 3, 4],
							"uv": {
								"north": {"uv": [83, 36], "uv_size": [1, 3]},
								"east": {"uv": [23, 67], "uv_size": [4, 3]},
								"south": {"uv": [39, 83], "uv_size": [1, 3]},
								"west": {"uv": [27, 67], "uv_size": [4, 3]},
								"up": {"uv": [80, 56], "uv_size": [1, 4]},
								"down": {"uv": [76, 84], "uv_size": [1, -4]}
							}
						}
					]
				},
				{
					"name": "FrontSkirt",
					"parent": "Skirt",
					"pivot": [0, 24.25, -2.0125],
					"rotation": [-20, 0, 0],
					"cubes": [
						{
							"origin": [-5.25, 18.25, -2.0625],
							"size": [10.475, 3, 1.1],
							"uv": {
								"north": {"uv": [45, 26], "uv_size": [10, 3]},
								"east": {"uv": [83, 39], "uv_size": [1, 3]},
								"south": {"uv": [47, 0], "uv_size": [10, 3]},
								"west": {"uv": [40, 83], "uv_size": [1, 3]},
								"up": {"uv": [68, 44], "uv_size": [10, 1]},
								"down": {"uv": [68, 46], "uv_size": [10, -1]}
							}
						},
						{
							"origin": [-4.25, 21.25, -2.0625],
							"size": [8.475, 3, 1.1],
							"uv": {
								"north": {"uv": [49, 20], "uv_size": [8, 3]},
								"east": {"uv": [41, 83], "uv_size": [1, 3]},
								"south": {"uv": [49, 23], "uv_size": [8, 3]},
								"west": {"uv": [42, 83], "uv_size": [1, 3]},
								"up": {"uv": [72, 38], "uv_size": [8, 1]},
								"down": {"uv": [72, 40], "uv_size": [8, -1]}
							}
						},
						{
							"origin": [-1.3, 18.375, -2.2125],
							"size": [1, 7, 1],
							"pivot": [-1.45, 24.95, -1.7125],
							"rotation": [0, 0, 47.5],
							"uv": {
								"north": {"uv": [55, 72], "uv_size": [1, 7]},
								"east": {"uv": [72, 55], "uv_size": [1, 7]},
								"south": {"uv": [56, 72], "uv_size": [1, 7]},
								"west": {"uv": [57, 72], "uv_size": [1, 7]},
								"up": {"uv": [48, 86], "uv_size": [1, 1]},
								"down": {"uv": [86, 49], "uv_size": [1, -1]}
							}
						},
						{
							"origin": [0.3, 18.375, -2.2125],
							"size": [1, 7, 1],
							"pivot": [1.45, 24.95, -1.7125],
							"rotation": [0, 0, -47.5],
							"uv": {
								"north": {"uv": [58, 72], "uv_size": [1, 7]},
								"east": {"uv": [59, 72], "uv_size": [1, 7]},
								"south": {"uv": [60, 72], "uv_size": [1, 7]},
								"west": {"uv": [72, 62], "uv_size": [1, 7]},
								"up": {"uv": [49, 86], "uv_size": [1, 1]},
								"down": {"uv": [86, 50], "uv_size": [1, -1]}
							}
						},
						{
							"origin": [-1.2, 21.79747, -2.15834],
							"size": [0.7, 0.7, 0.7],
							"uv": {
								"north": {"uv": [45, 29], "uv_size": [2, 2]},
								"east": {"uv": [31, 67], "uv_size": [5, 2]},
								"south": {"uv": [47, 20], "uv_size": [2, 2]},
								"west": {"uv": [67, 46], "uv_size": [5, 2]},
								"up": {"uv": [47, 67], "uv_size": [2, 5]},
								"down": {"uv": [67, 59], "uv_size": [2, -5]}
							}
						},
						{
							"origin": [-1.25, 19.34747, -2.15834],
							"size": [0.7, 0.7, 0.7],
							"uv": {
								"north": {"uv": [45, 29], "uv_size": [2, 2]},
								"east": {"uv": [31, 67], "uv_size": [5, 2]},
								"south": {"uv": [47, 20], "uv_size": [2, 2]},
								"west": {"uv": [67, 46], "uv_size": [5, 2]},
								"up": {"uv": [47, 67], "uv_size": [2, 5]},
								"down": {"uv": [67, 59], "uv_size": [2, -5]}
							}
						},
						{
							"origin": [0.6, 21.79747, -2.15834],
							"size": [0.7, 0.7, 0.7],
							"uv": {
								"north": {"uv": [45, 29], "uv_size": [2, 2]},
								"east": {"uv": [31, 67], "uv_size": [5, 2]},
								"south": {"uv": [47, 20], "uv_size": [2, 2]},
								"west": {"uv": [67, 46], "uv_size": [5, 2]},
								"up": {"uv": [47, 67], "uv_size": [2, 5]},
								"down": {"uv": [67, 59], "uv_size": [2, -5]}
							}
						},
						{
							"origin": [0.65, 19.34747, -2.15834],
							"size": [0.7, 0.7, 0.7],
							"uv": {
								"north": {"uv": [45, 29], "uv_size": [2, 2]},
								"east": {"uv": [31, 67], "uv_size": [5, 2]},
								"south": {"uv": [47, 20], "uv_size": [2, 2]},
								"west": {"uv": [67, 46], "uv_size": [5, 2]},
								"up": {"uv": [47, 67], "uv_size": [2, 5]},
								"down": {"uv": [67, 59], "uv_size": [2, -5]}
							}
						}
					]
				},
				{
					"name": "BackSkirt",
					"parent": "Skirt",
					"pivot": [0, 24.1, 2.4125],
					"rotation": [12.5, 0, 0],
					"cubes": [
						{
							"origin": [-5.15, 18.1, 1.3625],
							"size": [10.275, 3, 1.1],
							"uv": {
								"north": {"uv": [47, 3], "uv_size": [10, 3]},
								"east": {"uv": [83, 42], "uv_size": [1, 3]},
								"south": {"uv": [47, 6], "uv_size": [10, 3]},
								"west": {"uv": [43, 83], "uv_size": [1, 3]},
								"up": {"uv": [69, 4], "uv_size": [10, 1]},
								"down": {"uv": [69, 6], "uv_size": [10, -1]}
							}
						},
						{
							"origin": [-4.25, 21.1, 1.3625],
							"size": [8.475, 3, 1.1],
							"uv": {
								"north": {"uv": [49, 36], "uv_size": [8, 3]},
								"east": {"uv": [44, 83], "uv_size": [1, 3]},
								"south": {"uv": [49, 39], "uv_size": [8, 3]},
								"west": {"uv": [83, 45], "uv_size": [1, 3]},
								"up": {"uv": [72, 46], "uv_size": [8, 1]},
								"down": {"uv": [47, 73], "uv_size": [8, -1]}
							}
						},
						{
							"origin": [-1.3, 18.375, 1.5375],
							"size": [1, 7, 1],
							"pivot": [-1.45, 24.95, 1.7125],
							"rotation": [0, 0, 47.5],
							"uv": {
								"north": {"uv": [63, 72], "uv_size": [1, 7]},
								"east": {"uv": [64, 72], "uv_size": [1, 7]},
								"south": {"uv": [65, 72], "uv_size": [1, 7]},
								"west": {"uv": [66, 72], "uv_size": [1, 7]},
								"up": {"uv": [62, 86], "uv_size": [1, 1]},
								"down": {"uv": [86, 63], "uv_size": [1, -1]}
							}
						},
						{
							"origin": [0.3, 18.375, 1.5375],
							"size": [1, 7, 1],
							"pivot": [1.45, 24.95, 1.7125],
							"rotation": [0, 0, -47.5],
							"uv": {
								"north": {"uv": [67, 72], "uv_size": [1, 7]},
								"east": {"uv": [68, 72], "uv_size": [1, 7]},
								"south": {"uv": [69, 72], "uv_size": [1, 7]},
								"west": {"uv": [72, 70], "uv_size": [1, 7]},
								"up": {"uv": [63, 86], "uv_size": [1, 1]},
								"down": {"uv": [86, 64], "uv_size": [1, -1]}
							}
						}
					]
				}
			]
		}
	]
}