{
	"pack_name": "{maid_pack.chronoir.name}",
	"model_list": [
		{
			"model_id": "chronoir:kanako_u",
			"description": ["{model.chronoir.kanako_u.desc}"],
			"animation": ["touhou_little_maid:animation/maid/default/head/default.js", "touhou_little_maid:animation/maid/default/head/beg.js", "touhou_little_maid:animation/maid/default/head/music_shake.js", "touhou_little_maid:animation/maid/default/head/hair_swing.js", "touhou_little_maid:animation/maid/default/head/blink.js", "touhou_little_maid:animation/maid/default/arm/default.js", "touhou_little_maid:animation/maid/default/arm/swing.js", "touhou_little_maid:animation/maid/default/leg/default.js", "touhou_little_maid:animation/maid/default/sit/skirt_rotation.js", "touhou_little_maid:animation/maid/default/sit/default.js"]
		},
		{
			"model_id": "chronoir:sanya_usuke",
			"description": ["{model.chronoir.sanya_usuke.desc}"],
			"animation": ["touhou_little_maid:animation/maid/default/head/default.js", "touhou_little_maid:animation/maid/default/head/beg.js", "touhou_little_maid:animation/maid/default/head/music_shake.js", "touhou_little_maid:animation/maid/default/head/hair_swing.js", "touhou_little_maid:animation/maid/default/head/blink.js", "touhou_little_maid:animation/maid/default/arm/default.js", "touhou_little_maid:animation/maid/default/arm/swing.js", "touhou_little_maid:animation/maid/default/leg/default.js", "touhou_little_maid:animation/maid/default/sit/skirt_rotation.js", "touhou_little_maid:animation/maid/default/sit/default.js"]
		},
		{
			"model_id": "chronoir:kanako_pajamas",
			"description": ["{model.chronoir.kanako_pajamas.desc}"],
			"animation": ["touhou_little_maid:animation/maid/default/head/default.js", "touhou_little_maid:animation/maid/default/head/beg.js", "touhou_little_maid:animation/maid/default/head/music_shake.js", "touhou_little_maid:animation/maid/default/head/hair_swing.js", "touhou_little_maid:animation/maid/default/head/blink.js", "touhou_little_maid:animation/maid/default/arm/default.js", "touhou_little_maid:animation/maid/default/arm/swing.js", "touhou_little_maid:animation/maid/default/leg/default.js", "touhou_little_maid:animation/maid/default/sit/skirt_rotation.js", "touhou_little_maid:animation/maid/default/sit/default.js", "touhou_little_maid:animation/base/float/default.js", "touhou_little_maid:animation/maid/default/tail/default.js"]
		},
		{
			"model_id": "chronoir:sanya_pajamas",
			"description": ["{model.chronoir.sanya_pajamas.desc}"],
			"animation": ["touhou_little_maid:animation/maid/default/head/default.js", "touhou_little_maid:animation/maid/default/head/beg.js", "touhou_little_maid:animation/maid/default/head/music_shake.js", "touhou_little_maid:animation/maid/default/head/hair_swing.js", "touhou_little_maid:animation/maid/default/head/blink.js", "touhou_little_maid:animation/maid/default/arm/default.js", "touhou_little_maid:animation/maid/default/arm/swing.js", "touhou_little_maid:animation/maid/default/leg/default.js", "touhou_little_maid:animation/maid/default/sit/skirt_rotation.js", "touhou_little_maid:animation/maid/default/wing/default.js", "touhou_little_maid:animation/maid/default/sit/default.js"]
		}
	],
	"version": "1.0.0",
	"author": ["Si_type"],
	"description": ["{maid_pack.chronoir.desc}"],
	"date": "2022-03-10",
	"icon": "chronoir:textures/maid_icon.png"
}