{
	"format_version": "1.10.0",
	"geometry.model": {
		"texturewidth": 64,
		"textureheight": 64,
		"visible_bounds_width": 4,
		"visible_bounds_height": 4,
		"visible_bounds_offset": [0, 1, 0],
		"bones": [
			{
				"name": "head",
				"pivot": [0, 18, 0],
				"cubes": [
					{"origin": [-4, 18, -4], "size": [8, 8, 8], "uv": [0, 0]}
				]
			},
			{
				"name": "blink",
				"parent": "head",
				"pivot": [0, 18, 0],
				"cubes": [
					{"origin": [-4, 18, -4.001], "size": [8, 8, 0], "uv": [24, 0]}
				]
			},
			{
				"name": "armRight",
				"pivot": [-3, 17.5, 0],
				"rotation": [0, 0, 25],
				"cubes": [
					{"origin": [-5, 8.5, -1], "size": [2, 8, 2], "uv": [33, 32]},
					{"origin": [-5.5, 13.5, -1.5], "size": [3, 4, 3], "uv": [33, 25]}
				]
			},
			{
				"name": "armLeft",
				"pivot": [3, 17.5, 0],
				"rotation": [0, 0, -25],
				"cubes": [
					{"origin": [2.5, 13.5, -1.5], "size": [3, 4, 3], "uv": [32, 8]},
					{"origin": [3, 8.5, -1], "size": [2, 8, 2], "uv": [12, 31]}
				]
			},
			{
				"name": "body",
				"pivot": [0, 10.5, 0],
				"cubes": [
					{"origin": [-3, 8.999, -3], "size": [6, 9, 6], "uv": [0, 16]}
				]
			},
			{
				"name": "sittingRotationSkirt",
				"parent": "body",
				"pivot": [0, 10.5, 0]
			},
			{
				"name": "legLeft",
				"pivot": [2, 9, 0],
				"cubes": [
					{"origin": [0.499, 0, -1.5], "size": [3, 9, 3], "uv": [21, 28]}
				]
			},
			{
				"name": "legRight",
				"pivot": [-2, 9, 0],
				"cubes": [
					{"origin": [-3.499, 0, -1.5], "size": [3, 9, 3], "uv": [24, 16]}
				]
			},
			{
				"name": "wingLeft",
				"pivot": [0, 0, 0],
				"rotation": [0, 20, 0]
			},
			{
				"name": "bone36",
				"parent": "wingLeft",
				"pivot": [0, 0, 0],
				"rotation": [0, 0, 0],
				"cubes": [
					{"origin": [-19, 7, 2], "size": [16, 16, 0], "uv": [32, 48]}
				]
			},
			{
				"name": "wingRight",
				"pivot": [0, 0, 0]
			},
			{
				"name": "bone37",
				"parent": "wingRight",
				"pivot": [0, 0, -1],
				"rotation": [0, -20, 0],
				"cubes": [
					{"origin": [3, 7, 2], "size": [16, 16, 0], "uv": [16, 48]}
				]
			},
			{
				"name": "bone",
				"pivot": [0, -5, 0]
			},
			{
				"name": "bone2",
				"parent": "bone",
				"pivot": [0, -5, 0]
			},
			{
				"name": "bone3",
				"parent": "bone2",
				"pivot": [0, -5, 3.98978],
				"rotation": [20, 0, 0],
				"cubes": [
					{"origin": [-3, 3.85739, 9.63218], "size": [6, 7, 0], "uv": [0, 31]}
				]
			},
			{
				"name": "bone4",
				"parent": "bone3",
				"pivot": [-3, -5.14261, 3.98978],
				"rotation": [0, 0, 8.19901],
				"cubes": [
					{"origin": [-4, 3.85739, 9.63118], "size": [1, 7, 0], "uv": [36, 15]}
				]
			},
			{
				"name": "bone5",
				"parent": "bone3",
				"pivot": [3, -5.14261, 3.98978],
				"rotation": [0, 0, -8.19901],
				"cubes": [
					{"origin": [3, 3.85739, 9.63318], "size": [1, 7, 0], "uv": [36, 15]}
				]
			},
			{
				"name": "bone6",
				"parent": "bone",
				"pivot": [0, -5, 0],
				"rotation": [0, -45, 0]
			},
			{
				"name": "bone7",
				"parent": "bone6",
				"pivot": [0, -5, 3.98978],
				"rotation": [20, 0, 0],
				"cubes": [
					{"origin": [-3, 3.85739, 9.63218], "size": [6, 7, 0], "uv": [0, 31]}
				]
			},
			{
				"name": "bone8",
				"parent": "bone7",
				"pivot": [-3, -5.14261, 3.98978],
				"rotation": [0, 0, 8.19901],
				"cubes": [
					{"origin": [-4, 3.85739, 9.63118], "size": [1, 7, 0], "uv": [36, 15]}
				]
			},
			{
				"name": "bone9",
				"parent": "bone7",
				"pivot": [3, -5.14261, 3.98978],
				"rotation": [0, 0, -8.19901],
				"cubes": [
					{"origin": [3, 3.85739, 9.63318], "size": [1, 7, 0], "uv": [36, 15]}
				]
			},
			{
				"name": "bone10",
				"parent": "bone",
				"pivot": [0, -5, 0],
				"rotation": [0, -90, 0]
			},
			{
				"name": "bone11",
				"parent": "bone10",
				"pivot": [0, -5, 3.98978],
				"rotation": [20, 0, 0],
				"cubes": [
					{"origin": [-3, 3.85739, 9.63218], "size": [6, 7, 0], "uv": [0, 31]}
				]
			},
			{
				"name": "bone12",
				"parent": "bone11",
				"pivot": [-3, -5.14261, 3.98978],
				"rotation": [0, 0, 8.19901],
				"cubes": [
					{"origin": [-4, 3.85739, 9.63118], "size": [1, 7, 0], "uv": [36, 15]}
				]
			},
			{
				"name": "bone13",
				"parent": "bone11",
				"pivot": [3, -5.14261, 3.98978],
				"rotation": [0, 0, -8.19901],
				"cubes": [
					{"origin": [3, 3.85739, 9.63318], "size": [1, 7, 0], "uv": [36, 15]}
				]
			},
			{
				"name": "bone14",
				"parent": "bone",
				"pivot": [0, -5, 0],
				"rotation": [0, -135, 0]
			},
			{
				"name": "bone15",
				"parent": "bone14",
				"pivot": [0, -5, 3.98978],
				"rotation": [20, 0, 0],
				"cubes": [
					{"origin": [-3, 3.85739, 9.63218], "size": [6, 7, 0], "uv": [0, 31]}
				]
			},
			{
				"name": "bone16",
				"parent": "bone15",
				"pivot": [-3, -5.14261, 3.98978],
				"rotation": [0, 0, 8.19901],
				"cubes": [
					{"origin": [-4, 3.85739, 9.63118], "size": [1, 7, 0], "uv": [36, 15]}
				]
			},
			{
				"name": "bone17",
				"parent": "bone15",
				"pivot": [3, -5.14261, 3.98978],
				"rotation": [0, 0, -8.19901],
				"cubes": [
					{"origin": [3, 3.85739, 9.63318], "size": [1, 7, 0], "uv": [36, 15]}
				]
			},
			{
				"name": "bone18",
				"parent": "bone",
				"pivot": [0, -5, 0],
				"rotation": [0, -180, 0]
			},
			{
				"name": "bone19",
				"parent": "bone18",
				"pivot": [0, -5, 3.98978],
				"rotation": [20, 0, 0],
				"cubes": [
					{"origin": [-3, 3.85739, 9.63218], "size": [6, 7, 0], "uv": [0, 31]}
				]
			},
			{
				"name": "bone20",
				"parent": "bone19",
				"pivot": [-3, -5.14261, 3.98978],
				"rotation": [0, 0, 8.19901],
				"cubes": [
					{"origin": [-4, 3.85739, 9.63118], "size": [1, 7, 0], "uv": [36, 15]}
				]
			},
			{
				"name": "bone21",
				"parent": "bone19",
				"pivot": [3, -5.14261, 3.98978],
				"rotation": [0, 0, -8.19901],
				"cubes": [
					{"origin": [3, 3.85739, 9.63318], "size": [1, 7, 0], "uv": [36, 15]}
				]
			},
			{
				"name": "bone22",
				"parent": "bone",
				"pivot": [0, -5, 0],
				"rotation": [0, -225, 0]
			},
			{
				"name": "bone23",
				"parent": "bone22",
				"pivot": [0, -5, 3.98978],
				"rotation": [20, 0, 0],
				"cubes": [
					{"origin": [-3, 3.85739, 9.63218], "size": [6, 7, 0], "uv": [0, 31]}
				]
			},
			{
				"name": "bone24",
				"parent": "bone23",
				"pivot": [-3, -5.14261, 3.98978],
				"rotation": [0, 0, 8.19901],
				"cubes": [
					{"origin": [-4, 3.85739, 9.63118], "size": [1, 7, 0], "uv": [36, 15]}
				]
			},
			{
				"name": "bone25",
				"parent": "bone23",
				"pivot": [3, -5.14261, 3.98978],
				"rotation": [0, 0, -8.19901],
				"cubes": [
					{"origin": [3, 3.85739, 9.63318], "size": [1, 7, 0], "uv": [36, 15]}
				]
			},
			{
				"name": "bone26",
				"parent": "bone",
				"pivot": [0, -5, 0],
				"rotation": [0, -270, 0]
			},
			{
				"name": "bone27",
				"parent": "bone26",
				"pivot": [0, -5, 3.98978],
				"rotation": [20, 0, 0],
				"cubes": [
					{"origin": [-3, 3.85739, 9.63218], "size": [6, 7, 0], "uv": [0, 31]}
				]
			},
			{
				"name": "bone28",
				"parent": "bone27",
				"pivot": [-3, -5.14261, 3.98978],
				"rotation": [0, 0, 8.19901],
				"cubes": [
					{"origin": [-4, 3.85739, 9.63118], "size": [1, 7, 0], "uv": [36, 15]}
				]
			},
			{
				"name": "bone29",
				"parent": "bone27",
				"pivot": [3, -5.14261, 3.98978],
				"rotation": [0, 0, -8.19901],
				"cubes": [
					{"origin": [3, 3.85739, 9.63318], "size": [1, 7, 0], "uv": [36, 15]}
				]
			},
			{
				"name": "bone30",
				"parent": "bone",
				"pivot": [0, -5, 0],
				"rotation": [0, -315, 0]
			},
			{
				"name": "bone31",
				"parent": "bone30",
				"pivot": [0, -5, 3.98978],
				"rotation": [20, 0, 0],
				"cubes": [
					{"origin": [-3, 3.85739, 9.63218], "size": [6, 7, 0], "uv": [0, 31]}
				]
			},
			{
				"name": "bone32",
				"parent": "bone31",
				"pivot": [-3, -5.14261, 3.98978],
				"rotation": [0, 0, 8.19901],
				"cubes": [
					{"origin": [-4, 3.85739, 9.63118], "size": [1, 7, 0], "uv": [36, 15]}
				]
			},
			{
				"name": "bone33",
				"parent": "bone31",
				"pivot": [3, -5.14261, 3.98978],
				"rotation": [0, 0, -8.19901],
				"cubes": [
					{"origin": [3, 3.85739, 9.63318], "size": [1, 7, 0], "uv": [36, 15]}
				]
			},
			{
				"name": "bone34",
				"pivot": [-4, 5, 2],
				"rotation": [18.18717, -36.43328, -9.55932],
				"cubes": [
					{"origin": [2, 24, -6], "size": [0, 2, 4], "uv": [51, -2]}
				]
			},
			{
				"name": "bone35",
				"pivot": [-6, -1, -4],
				"rotation": [0, 27.5, 0],
				"cubes": [
					{"origin": [2, 23, 1], "size": [0, 2, 4], "uv": [51, -2]}
				]
			}
		]
	}
}