{
	"format_version": "1.10.0",
	"geometry.model": {
		"texturewidth": 64,
		"textureheight": 64,
		"visible_bounds_width": 3,
		"visible_bounds_height": 4,
		"visible_bounds_offset": [0, 1, 0],
		"bones": [
			{
				"name": "head",
				"pivot": [0, 18, 0],
				"cubes": [
					{"origin": [-4, 18, -4], "size": [8, 8, 8], "uv": [0, 0]}
				]
			},
			{
				"name": "blink",
				"parent": "head",
				"pivot": [0, 18, 0],
				"cubes": [
					{"origin": [-4, 18, -4.001], "size": [8, 8, 0], "uv": [0, 31]}
				]
			},
			{
				"name": "jy",
				"parent": "head",
				"pivot": [0, 18, 0],
				"cubes": [
					{"origin": [-2, 26, -3], "size": [4, 3, 5], "uv": [24, 0]}
				]
			},
			{
				"name": "bone18",
				"parent": "jy",
				"pivot": [-2, 18, 0],
				"rotation": [0, 0, 10],
				"cubes": [
					{"origin": [0, 27, -2], "size": [2, 1, 2], "uv": [0, 3]}
				]
			},
			{
				"name": "bone19",
				"parent": "jy",
				"pivot": [-4, 16, 0],
				"rotation": [0, 0, -10],
				"cubes": [
					{"origin": [-2, 26, -2], "size": [2, 1, 2], "uv": [0, 0]}
				]
			},
			{
				"name": "bone20",
				"parent": "jy",
				"pivot": [0, 18, -2],
				"rotation": [-7.5, 0, 0],
				"cubes": [
					{"origin": [-1, 27, 0], "size": [2, 1, 3], "uv": [45, 33]}
				]
			},
			{
				"name": "bone21",
				"parent": "jy",
				"pivot": [-1, 19, -1],
				"rotation": [-7.5, 12.5, 0],
				"cubes": [
					{"origin": [-1, 27, 3], "size": [1, 1, 2], "uv": [18, 16]}
				]
			},
			{
				"name": "bone22",
				"parent": "jy",
				"pivot": [1, 19, 0],
				"rotation": [-7.5, -12.5, 0],
				"cubes": [
					{"origin": [0, 27, 3], "size": [1, 1, 2], "uv": [0, 16]}
				]
			},
			{
				"name": "hair",
				"parent": "head",
				"pivot": [0, 18, 0],
				"cubes": [
					{"origin": [-4, 13, 4], "size": [8, 5, 0], "uv": [32, 8]}
				]
			},
			{
				"name": "lcf",
				"parent": "hair",
				"pivot": [0, 18, 0],
				"cubes": [
					{"origin": [-4, 15, -4], "size": [1, 3, 0], "uv": [2, 19]},
					{"origin": [-3, 13, -4], "size": [1, 2, 0], "uv": [0, 3]}
				]
			},
			{
				"name": "rcf",
				"parent": "hair",
				"pivot": [0, 18, 0],
				"cubes": [
					{"origin": [3, 15, -4], "size": [1, 3, 0], "uv": [0, 19]},
					{"origin": [2, 13, -4], "size": [1, 2, 0], "uv": [0, 0]}
				]
			},
			{
				"name": "bone23",
				"parent": "hair",
				"pivot": [1, 13, -3],
				"rotation": [0, 0, -10],
				"cubes": [
					{"origin": [6, 13, -3], "size": [0, 11, 1], "uv": [43, 43]}
				]
			},
			{
				"name": "bone24",
				"parent": "hair",
				"pivot": [-2, 18, 0],
				"rotation": [0, 0, 10],
				"cubes": [
					{"origin": [-5, 13, -3], "size": [0, 11, 1], "uv": [43, 32]}
				]
			},
			{
				"name": "armRight",
				"pivot": [-2, 17.5, 0],
				"rotation": [0, 0, 25],
				"cubes": [
					{"origin": [-4, 8.5, -1], "size": [2, 8, 2], "uv": [43, 23]},
					{"origin": [-4.5, 9.5, -1.5], "size": [3, 4, 3], "uv": [12, 39]}
				]
			},
			{
				"name": "armLeft",
				"pivot": [2, 17.5, 0],
				"rotation": [0, 0, -25],
				"cubes": [
					{"origin": [1.5, 9.5, -1.5], "size": [3, 4, 3], "uv": [0, 39]},
					{"origin": [2, 8.5, -1], "size": [2, 8, 2], "uv": [24, 40]}
				]
			},
			{
				"name": "body",
				"pivot": [0, 10.5, 0],
				"cubes": [
					{"origin": [-3, 8.999, -3], "size": [6, 9, 6], "uv": [0, 16]}
				]
			},
			{
				"name": "sittingRotationSkirt",
				"parent": "body",
				"pivot": [0, 10.5, 0]
			},
			{
				"name": "bone",
				"parent": "sittingRotationSkirt",
				"pivot": [0, 13.5, 0]
			},
			{
				"name": "bone2",
				"parent": "bone",
				"pivot": [0, 3, 0]
			},
			{
				"name": "bone3",
				"parent": "bone2",
				"pivot": [0, 3, 4.47597],
				"rotation": [9, 0, 0],
				"cubes": [
					{"origin": [-2.5, 0.69089, 4.47597], "size": [5, 10, 0], "uv": [33, 38]}
				]
			},
			{
				"name": "bone4",
				"parent": "bone3",
				"pivot": [-2.5, 2.69089, 4.47597],
				"rotation": [0, 0, 8.89098],
				"cubes": [
					{"origin": [-4.5, 0.69089, 4.47497], "size": [2, 10, 0], "uv": [20, 46]}
				]
			},
			{
				"name": "bone5",
				"parent": "bone3",
				"pivot": [2.5, 2.69089, 4.47597],
				"rotation": [0, 0, -8.89098],
				"cubes": [
					{"origin": [2.5, 0.69089, 4.47697], "size": [2, 10, 0], "uv": [16, 46]}
				]
			},
			{
				"name": "bone6",
				"parent": "bone",
				"pivot": [0, 3, 0],
				"rotation": [0, -90, 0]
			},
			{
				"name": "bone7",
				"parent": "bone6",
				"pivot": [0, 3, 4.47597],
				"rotation": [9, 0, 0],
				"cubes": [
					{"origin": [-2.5, 0.69089, 4.47597], "size": [5, 10, 0], "uv": [36, 13]}
				]
			},
			{
				"name": "bone8",
				"parent": "bone7",
				"pivot": [-2.5, 2.69089, 4.47597],
				"rotation": [0, 0, 8.89098],
				"cubes": [
					{"origin": [-4.5, 0.69089, 4.47497], "size": [2, 10, 0], "uv": [46, 13]}
				]
			},
			{
				"name": "bone9",
				"parent": "bone7",
				"pivot": [2.5, 2.69089, 4.47597],
				"rotation": [0, 0, -8.89098],
				"cubes": [
					{"origin": [2.5, 0.69089, 4.47697], "size": [2, 10, 0], "uv": [12, 46]}
				]
			},
			{
				"name": "bone10",
				"parent": "bone",
				"pivot": [0, 3, 0],
				"rotation": [0, -180, 0]
			},
			{
				"name": "bone11",
				"parent": "bone10",
				"pivot": [0, 3, 4.47597],
				"rotation": [9, 0, 0],
				"cubes": [
					{"origin": [-2.5, 3.69089, 4.47597], "size": [5, 7, 0], "uv": [42, 0]}
				]
			},
			{
				"name": "bone12",
				"parent": "bone11",
				"pivot": [-2.5, 2.69089, 4.47597],
				"rotation": [0, 0, 8.89098],
				"cubes": [
					{"origin": [-4.5, 0.69089, 4.47497], "size": [2, 10, 0], "uv": [8, 46]}
				]
			},
			{
				"name": "bone13",
				"parent": "bone11",
				"pivot": [2.5, 2.69089, 4.47597],
				"rotation": [0, 0, -8.89098],
				"cubes": [
					{"origin": [2.5, 0.69089, 4.47697], "size": [2, 10, 0], "uv": [4, 46]}
				]
			},
			{
				"name": "bone14",
				"parent": "bone",
				"pivot": [0, 3, 0],
				"rotation": [0, -270, 0]
			},
			{
				"name": "bone15",
				"parent": "bone14",
				"pivot": [0, 3, 4.47597],
				"rotation": [9, 0, 0],
				"cubes": [
					{"origin": [-2.5, 0.69089, 4.47597], "size": [5, 10, 0], "uv": [33, 28]}
				]
			},
			{
				"name": "bone16",
				"parent": "bone15",
				"pivot": [-2.5, 2.69089, 4.47597],
				"rotation": [0, 0, 8.89098],
				"cubes": [
					{"origin": [-4.5, 0.69089, 4.47497], "size": [2, 10, 0], "uv": [0, 46]}
				]
			},
			{
				"name": "bone17",
				"parent": "bone15",
				"pivot": [2.5, 2.69089, 4.47597],
				"rotation": [0, 0, -8.89098],
				"cubes": [
					{"origin": [2.5, 0.69089, 4.47697], "size": [2, 10, 0], "uv": [45, 37]}
				]
			},
			{
				"name": "legLeft",
				"pivot": [2, 9, 0],
				"cubes": [
					{"origin": [0.499, 0, -1.5], "size": [3, 9, 3], "uv": [21, 28]}
				]
			},
			{
				"name": "legRight",
				"pivot": [-2, 9, 0],
				"cubes": [
					{"origin": [-3.499, 0, -1.5], "size": [3, 9, 3], "uv": [24, 16]}
				]
			}
		]
	}
}