{
	"format_version": "1.10.0",
	"geometry.model": {
		"texturewidth": 128,
		"textureheight": 128,
		"visible_bounds_width": 3,
		"visible_bounds_height": 4,
		"visible_bounds_offset": [0, 1, 0],
		"bones": [
			{
				"name": "head",
				"pivot": [0, 18, 0],
				"cubes": [
					{"origin": [-4, 18, -4], "size": [8, 8, 8], "uv": [0, 0]}
				]
			},
			{
				"name": "ahoge",
				"parent": "head",
				"pivot": [0, 26, 0],
				"cubes": [
					{"origin": [-3, 26, 0], "size": [6, 6, 0], "uv": [52, 10]}
				]
			},
			{
				"name": "blink",
				"parent": "head",
				"pivot": [0, 18, 0],
				"cubes": [
					{"origin": [-4, 18, -4.001], "size": [8, 8, 0], "uv": [32, 8]}
				]
			},
			{
				"name": "bz",
				"parent": "head",
				"pivot": [-2, 17, 0],
				"rotation": [0, 0, 15]
			},
			{
				"name": "bone83",
				"parent": "bz",
				"pivot": [-2, 17, 0],
				"cubes": [
					{"origin": [-7.5, 18, -3], "size": [1, 5, 1], "uv": [18, 16]}
				]
			},
			{
				"name": "bone84",
				"parent": "bz",
				"pivot": [-2, 17, 0],
				"cubes": [
					{"origin": [-6.5, 23, -3], "size": [1, 1, 1], "uv": [17, 45]}
				]
			},
			{
				"name": "bz2",
				"parent": "head",
				"pivot": [2, 17, 0],
				"rotation": [0, 0, -15]
			},
			{
				"name": "bone85",
				"parent": "bz2",
				"pivot": [2, 17, 0],
				"cubes": [
					{"origin": [6.5, 18, -3], "size": [1, 5, 1], "uv": [0, 16]}
				]
			},
			{
				"name": "bone86",
				"parent": "bz2",
				"pivot": [2, 17, 0],
				"cubes": [
					{"origin": [5.5, 23, -3], "size": [1, 1, 1], "uv": [14, 44]}
				]
			},
			{
				"name": "hu",
				"parent": "head",
				"pivot": [-2, 17, 0],
				"rotation": [0, 0, 15]
			},
			{
				"name": "bone90",
				"parent": "hu",
				"pivot": [-2, 17, 0],
				"rotation": [15, 0, 0],
				"cubes": [
					{"origin": [-7, 24.5, 0], "size": [0, 1, 2], "uv": [30, 26]}
				]
			},
			{
				"name": "bone91",
				"parent": "hu",
				"pivot": [-2, 17, 0],
				"cubes": [
					{"origin": [-7, 24, -3], "size": [1, 1, 1], "uv": [6, 43]}
				]
			},
			{
				"name": "bone92",
				"parent": "hu",
				"pivot": [-2, 17, 0],
				"rotation": [-15, 0, 0],
				"cubes": [
					{"origin": [-7, 23.5, -7], "size": [0, 1, 2], "uv": [9, 29]}
				]
			},
			{
				"name": "bone93",
				"parent": "hu",
				"pivot": [-2, 17, 0],
				"rotation": [12.5, 0, 0],
				"cubes": [
					{"origin": [-7, 22, -1], "size": [0, 3, 1], "uv": [22, 18]}
				]
			},
			{
				"name": "bone94",
				"parent": "hu",
				"pivot": [-2, 17, 0],
				"rotation": [-12.5, 0, 0],
				"cubes": [
					{"origin": [-7, 21, -5], "size": [0, 3, 1], "uv": [22, 15]}
				]
			},
			{
				"name": "hu2",
				"parent": "head",
				"pivot": [2, 17, 0],
				"rotation": [0, 0, -15]
			},
			{
				"name": "bone95",
				"parent": "hu2",
				"pivot": [2, 17, 0],
				"rotation": [15, 0, 0],
				"cubes": [
					{"origin": [7, 24.5, 0], "size": [0, 1, 2], "uv": [4, 5]}
				]
			},
			{
				"name": "bone96",
				"parent": "hu2",
				"pivot": [2, 17, 0],
				"cubes": [
					{"origin": [6, 24, -3], "size": [1, 1, 1], "uv": [42, 28]}
				]
			},
			{
				"name": "bone97",
				"parent": "hu2",
				"pivot": [2, 17, 0],
				"rotation": [-15, 0, 0],
				"cubes": [
					{"origin": [7, 23.5, -7], "size": [0, 1, 2], "uv": [0, 5]}
				]
			},
			{
				"name": "bone98",
				"parent": "hu2",
				"pivot": [2, 17, 0],
				"rotation": [12.5, 0, 0],
				"cubes": [
					{"origin": [7, 22, -1], "size": [0, 3, 1], "uv": [4, 18]}
				]
			},
			{
				"name": "bone99",
				"parent": "hu2",
				"pivot": [2, 17, 0],
				"rotation": [-12.5, 0, 0],
				"cubes": [
					{"origin": [7, 21, -5], "size": [0, 3, 1], "uv": [4, 15]}
				]
			},
			{
				"name": "hat",
				"parent": "head",
				"pivot": [0, 19, 1],
				"rotation": [0, 0, 5],
				"cubes": [
					{"origin": [2, 26.3, -3.5], "size": [2, 1, 2], "uv": [0, 4]},
					{"origin": [2, 27, -3.5], "size": [2, 2, 2], "uv": [0, 0], "inflate": -0.3}
				]
			},
			{
				"name": "hair",
				"parent": "head",
				"pivot": [0, 18, 0]
			},
			{
				"name": "bone105",
				"parent": "hair",
				"pivot": [0, 18, 0],
				"rotation": [17.5, 0, 0],
				"cubes": [
					{"origin": [-4, 11, 3.5], "size": [8, 6, 0], "uv": [33, 39]}
				]
			},
			{
				"name": "armRight",
				"pivot": [-3, 17.5, 0],
				"rotation": [0, 0, 25],
				"cubes": [
					{"origin": [-5, 8.5, -1], "size": [2, 8, 2], "uv": [53, 22]},
					{"origin": [-5.5, 13.5, -1.5], "size": [3, 4, 3], "uv": [21, 41]}
				]
			},
			{
				"name": "armLeft",
				"pivot": [3, 17.5, 0],
				"rotation": [0, 0, -25],
				"cubes": [
					{"origin": [2.5, 13.5, -1.5], "size": [3, 4, 3], "uv": [12, 37]},
					{"origin": [3, 8.5, -1], "size": [2, 8, 2], "uv": [0, 53]}
				]
			},
			{
				"name": "body",
				"pivot": [0, 10.5, 0],
				"cubes": [
					{"origin": [-3, 8.999, -3], "size": [6, 9, 6], "uv": [0, 16]}
				]
			},
			{
				"name": "sittingRotationSkirt",
				"parent": "body",
				"pivot": [0, 10.5, 0]
			},
			{
				"name": "bone",
				"parent": "sittingRotationSkirt",
				"pivot": [0, 14.5, 0]
			},
			{
				"name": "bone2",
				"parent": "bone",
				"pivot": [0, 4, 0]
			},
			{
				"name": "bone3",
				"parent": "bone2",
				"pivot": [0, 4, 4.81637],
				"rotation": [23, 0, 0]
			},
			{
				"name": "bone4",
				"parent": "bone3",
				"pivot": [0, 4, 4.81637],
				"rotation": [0, -45, 0],
				"cubes": [
					{"origin": [-1, 4, 3.81637], "size": [2, 8, 2], "uv": [49, 48]}
				]
			},
			{
				"name": "bone5",
				"parent": "bone",
				"pivot": [0, 4, 0],
				"rotation": [0, -32.72727, 0]
			},
			{
				"name": "bone6",
				"parent": "bone5",
				"pivot": [0, 4, 4.81637],
				"rotation": [23, 0, 0]
			},
			{
				"name": "bone7",
				"parent": "bone6",
				"pivot": [0, 4, 4.81637],
				"rotation": [0, -45, 0],
				"cubes": [
					{"origin": [-1, 4, 3.81637], "size": [2, 8, 2], "uv": [49, 38]}
				]
			},
			{
				"name": "bone8",
				"parent": "bone",
				"pivot": [0, 4, 0],
				"rotation": [0, -65.45455, 0]
			},
			{
				"name": "bone9",
				"parent": "bone8",
				"pivot": [0, 4, 4.81637],
				"rotation": [23, 0, 0]
			},
			{
				"name": "bone10",
				"parent": "bone9",
				"pivot": [0, 4, 4.81637],
				"rotation": [0, -45, 0],
				"cubes": [
					{"origin": [-1, 4, 3.81637], "size": [2, 8, 2], "uv": [24, 48]}
				]
			},
			{
				"name": "bone11",
				"parent": "bone",
				"pivot": [0, 4, 0],
				"rotation": [0, -98.18182, 0]
			},
			{
				"name": "bone12",
				"parent": "bone11",
				"pivot": [0, 4, 4.81637],
				"rotation": [23, 0, 0]
			},
			{
				"name": "bone13",
				"parent": "bone12",
				"pivot": [0, 4, 4.81637],
				"rotation": [0, -45, 0],
				"cubes": [
					{"origin": [-1, 4, 3.81637], "size": [2, 8, 2], "uv": [16, 48]}
				]
			},
			{
				"name": "bone14",
				"parent": "bone",
				"pivot": [0, 4, 0],
				"rotation": [0, -130.90909, 0]
			},
			{
				"name": "bone15",
				"parent": "bone14",
				"pivot": [0, 4, 4.81637],
				"rotation": [23, 0, 0]
			},
			{
				"name": "bone16",
				"parent": "bone15",
				"pivot": [0, 4, 4.81637],
				"rotation": [0, -45, 0],
				"cubes": [
					{"origin": [-1, 4, 3.81637], "size": [2, 8, 2], "uv": [48, 0]}
				]
			},
			{
				"name": "bone17",
				"parent": "bone",
				"pivot": [0, 4, 0],
				"rotation": [0, -163.63636, 0]
			},
			{
				"name": "bone18",
				"parent": "bone17",
				"pivot": [0, 4, 4.81637],
				"rotation": [23, 0, 0]
			},
			{
				"name": "bone19",
				"parent": "bone18",
				"pivot": [0, 4, 4.81637],
				"rotation": [0, -45, 0],
				"cubes": [
					{"origin": [-1, 4, 3.81637], "size": [2, 8, 2], "uv": [46, 14]}
				]
			},
			{
				"name": "bone20",
				"parent": "bone",
				"pivot": [0, 4, 0],
				"rotation": [0, -196.36364, 0]
			},
			{
				"name": "bone21",
				"parent": "bone20",
				"pivot": [0, 4, 4.81637],
				"rotation": [23, 0, 0]
			},
			{
				"name": "bone22",
				"parent": "bone21",
				"pivot": [0, 4, 4.81637],
				"rotation": [0, -45, 0],
				"cubes": [
					{"origin": [-1, 4, 3.81637], "size": [2, 8, 2], "uv": [41, 45]}
				]
			},
			{
				"name": "bone23",
				"parent": "bone",
				"pivot": [0, 4, 0],
				"rotation": [0, -229.09091, 0]
			},
			{
				"name": "bone24",
				"parent": "bone23",
				"pivot": [0, 4, 4.81637],
				"rotation": [23, 0, 0]
			},
			{
				"name": "bone25",
				"parent": "bone24",
				"pivot": [0, 4, 4.81637],
				"rotation": [0, -45, 0],
				"cubes": [
					{"origin": [-1, 4, 3.81637], "size": [2, 8, 2], "uv": [33, 45]}
				]
			},
			{
				"name": "bone26",
				"parent": "bone",
				"pivot": [0, 4, 0],
				"rotation": [0, -261.81818, 0]
			},
			{
				"name": "bone27",
				"parent": "bone26",
				"pivot": [0, 4, 4.81637],
				"rotation": [23, 0, 0]
			},
			{
				"name": "bone28",
				"parent": "bone27",
				"pivot": [0, 4, 4.81637],
				"rotation": [0, -45, 0],
				"cubes": [
					{"origin": [-1, 4, 3.81637], "size": [2, 8, 2], "uv": [45, 28]}
				]
			},
			{
				"name": "bone29",
				"parent": "bone",
				"pivot": [0, 4, 0],
				"rotation": [0, -294.54545, 0]
			},
			{
				"name": "bone30",
				"parent": "bone29",
				"pivot": [0, 4, 4.81637],
				"rotation": [23, 0, 0]
			},
			{
				"name": "bone31",
				"parent": "bone30",
				"pivot": [0, 4, 4.81637],
				"rotation": [0, -45, 0],
				"cubes": [
					{"origin": [-1, 4, 3.81637], "size": [2, 8, 2], "uv": [8, 44]}
				]
			},
			{
				"name": "bone32",
				"parent": "bone",
				"pivot": [0, 4, 0],
				"rotation": [0, -327.27273, 0]
			},
			{
				"name": "bone33",
				"parent": "bone32",
				"pivot": [0, 4, 4.81637],
				"rotation": [23, 0, 0]
			},
			{
				"name": "bone34",
				"parent": "bone33",
				"pivot": [0, 4, 4.81637],
				"rotation": [0, -45, 0],
				"cubes": [
					{"origin": [-1, 4, 3.81637], "size": [2, 8, 2], "uv": [0, 43]}
				]
			},
			{
				"name": "bone35",
				"parent": "sittingRotationSkirt",
				"pivot": [0, 15.5, 0]
			},
			{
				"name": "bone36",
				"parent": "bone35",
				"pivot": [0, 5, 0]
			},
			{
				"name": "bone37",
				"parent": "bone36",
				"pivot": [0, 5, 5.27792],
				"rotation": [23, 0, 0]
			},
			{
				"name": "bone38",
				"parent": "bone37",
				"pivot": [0, 5, 5.27792],
				"rotation": [0, -45, 0],
				"cubes": [
					{"origin": [-1, 5, 4.27792], "size": [2, 7, 2], "uv": [46, 62]}
				]
			},
			{
				"name": "bone39",
				"parent": "bone35",
				"pivot": [0, 5, 0],
				"rotation": [0, -30, 0]
			},
			{
				"name": "bone40",
				"parent": "bone39",
				"pivot": [0, 5, 5.27792],
				"rotation": [23, 0, 0]
			},
			{
				"name": "bone41",
				"parent": "bone40",
				"pivot": [0, 5, 5.27792],
				"rotation": [0, -45, 0],
				"cubes": [
					{"origin": [-1, 5, 4.27792], "size": [2, 7, 2], "uv": [61, 16]}
				]
			},
			{
				"name": "bone42",
				"parent": "bone35",
				"pivot": [0, 5, 0],
				"rotation": [0, -60, 0]
			},
			{
				"name": "bone43",
				"parent": "bone42",
				"pivot": [0, 5, 5.27792],
				"rotation": [23, 0, 0]
			},
			{
				"name": "bone44",
				"parent": "bone43",
				"pivot": [0, 5, 5.27792],
				"rotation": [0, -45, 0],
				"cubes": [
					{"origin": [-1, 5, 4.27792], "size": [2, 7, 2], "uv": [24, 58]}
				]
			},
			{
				"name": "bone45",
				"parent": "bone35",
				"pivot": [0, 5, 0],
				"rotation": [0, -90, 0]
			},
			{
				"name": "bone46",
				"parent": "bone45",
				"pivot": [0, 5, 5.27792],
				"rotation": [23, 0, 0]
			},
			{
				"name": "bone47",
				"parent": "bone46",
				"pivot": [0, 5, 5.27792],
				"rotation": [0, -45, 0],
				"cubes": [
					{"origin": [-1, 5, 4.27792], "size": [2, 7, 2], "uv": [16, 58]}
				]
			},
			{
				"name": "bone48",
				"parent": "bone35",
				"pivot": [0, 5, 0],
				"rotation": [0, -120, 0]
			},
			{
				"name": "bone49",
				"parent": "bone48",
				"pivot": [0, 5, 5.27792],
				"rotation": [23, 0, 0]
			},
			{
				"name": "bone50",
				"parent": "bone49",
				"pivot": [0, 5, 5.27792],
				"rotation": [0, -45, 0],
				"cubes": [
					{"origin": [-1, 5, 4.27792], "size": [2, 7, 2], "uv": [57, 41]}
				]
			},
			{
				"name": "bone51",
				"parent": "bone35",
				"pivot": [0, 5, 0],
				"rotation": [0, -150, 0]
			},
			{
				"name": "bone52",
				"parent": "bone51",
				"pivot": [0, 5, 5.27792],
				"rotation": [23, 0, 0]
			},
			{
				"name": "bone53",
				"parent": "bone52",
				"pivot": [0, 5, 5.27792],
				"rotation": [0, -45, 0],
				"cubes": [
					{"origin": [-1, 5, 4.27792], "size": [2, 7, 2], "uv": [57, 32]}
				]
			},
			{
				"name": "bone54",
				"parent": "bone35",
				"pivot": [0, 5, 0],
				"rotation": [0, -180, 0]
			},
			{
				"name": "bone55",
				"parent": "bone54",
				"pivot": [0, 5, 5.27792],
				"rotation": [23, 0, 0]
			},
			{
				"name": "bone56",
				"parent": "bone55",
				"pivot": [0, 5, 5.27792],
				"rotation": [0, -45, 0]
			},
			{
				"name": "bone57",
				"parent": "bone35",
				"pivot": [0, 5, 0],
				"rotation": [0, -210, 0]
			},
			{
				"name": "bone58",
				"parent": "bone57",
				"pivot": [0, 5, 5.27792],
				"rotation": [23, 0, 0]
			},
			{
				"name": "bone59",
				"parent": "bone58",
				"pivot": [0, 5, 5.27792],
				"rotation": [0, -45, 0],
				"cubes": [
					{"origin": [-1, 5, 4.27792], "size": [2, 7, 2], "uv": [55, 56]}
				]
			},
			{
				"name": "bone60",
				"parent": "bone35",
				"pivot": [0, 5, 0],
				"rotation": [0, -240, 0]
			},
			{
				"name": "bone61",
				"parent": "bone60",
				"pivot": [0, 5, 5.27792],
				"rotation": [23, 0, 0]
			},
			{
				"name": "bone62",
				"parent": "bone61",
				"pivot": [0, 5, 5.27792],
				"rotation": [0, -45, 0],
				"cubes": [
					{"origin": [-1, 5, 4.27792], "size": [2, 7, 2], "uv": [56, 0]}
				]
			},
			{
				"name": "bone63",
				"parent": "bone35",
				"pivot": [0, 5, 0],
				"rotation": [0, -270, 0]
			},
			{
				"name": "bone64",
				"parent": "bone63",
				"pivot": [0, 5, 5.27792],
				"rotation": [23, 0, 0]
			},
			{
				"name": "bone65",
				"parent": "bone64",
				"pivot": [0, 5, 5.27792],
				"rotation": [0, -45, 0],
				"cubes": [
					{"origin": [-1, 5, 4.27792], "size": [2, 7, 2], "uv": [40, 55]}
				]
			},
			{
				"name": "bone66",
				"parent": "bone35",
				"pivot": [0, 5, 0],
				"rotation": [0, -300, 0]
			},
			{
				"name": "bone67",
				"parent": "bone66",
				"pivot": [0, 5, 5.27792],
				"rotation": [23, 0, 0]
			},
			{
				"name": "bone68",
				"parent": "bone67",
				"pivot": [0, 5, 5.27792],
				"rotation": [0, -45, 0],
				"cubes": [
					{"origin": [-1, 5, 4.27792], "size": [2, 7, 2], "uv": [32, 55]}
				]
			},
			{
				"name": "bone69",
				"parent": "bone35",
				"pivot": [0, 5, 0],
				"rotation": [0, -330, 0]
			},
			{
				"name": "bone70",
				"parent": "bone69",
				"pivot": [0, 5, 5.27792],
				"rotation": [23, 0, 0]
			},
			{
				"name": "bone71",
				"parent": "bone70",
				"pivot": [0, 5, 5.27792],
				"rotation": [0, -45, 0],
				"cubes": [
					{"origin": [-1, 5, 4.27792], "size": [2, 7, 2], "uv": [8, 54]}
				]
			},
			{
				"name": "hu3",
				"parent": "body",
				"pivot": [0, 10.5, 0]
			},
			{
				"name": "bone100",
				"parent": "hu3",
				"pivot": [0, 10.5, 0],
				"cubes": [
					{"origin": [-0.5, 16.5, -3.5], "size": [1, 1, 1], "uv": [30, 29]}
				]
			},
			{
				"name": "bone101",
				"parent": "hu3",
				"pivot": [0, 10.5, 0],
				"rotation": [0, 0, 10],
				"cubes": [
					{"origin": [-3.5, 16.5, -3.5], "size": [2, 1, 0], "uv": [16, 36]}
				]
			},
			{
				"name": "bone102",
				"parent": "hu3",
				"pivot": [0, 10.5, 0],
				"rotation": [0, 0, -10],
				"cubes": [
					{"origin": [1.5, 16.5, -3.5], "size": [2, 1, 0], "uv": [12, 36]}
				]
			},
			{
				"name": "bone103",
				"parent": "hu3",
				"pivot": [0, 10.5, 0],
				"rotation": [0, 0, 50],
				"cubes": [
					{"origin": [-6, 11.5, -3.5], "size": [1, 3, 0], "uv": [34, 28]}
				]
			},
			{
				"name": "bone104",
				"parent": "hu3",
				"pivot": [0, 10.5, 0],
				"rotation": [0, 0, -50],
				"cubes": [
					{"origin": [5, 11.5, -3.5], "size": [1, 3, 0], "uv": [0, 31]}
				]
			},
			{
				"name": "pj",
				"parent": "body",
				"pivot": [0, 10.5, 0]
			},
			{
				"name": "bone106",
				"parent": "pj",
				"pivot": [0, 10.5, 0],
				"rotation": [7.5, 0, 0],
				"cubes": [
					{"origin": [-3, 14.5, 4], "size": [6, 4, 0], "uv": [57, 50]}
				]
			},
			{
				"name": "legLeft",
				"pivot": [2, 9, 0],
				"cubes": [
					{"origin": [0.499, 0, -1.5], "size": [3, 9, 3], "uv": [0, 31]}
				]
			},
			{
				"name": "bone88",
				"parent": "legLeft",
				"pivot": [2, 9, 0],
				"cubes": [
					{"origin": [0.499, -1, -1.5], "size": [3, 1, 3], "uv": [60, 62]}
				]
			},
			{
				"name": "bone89",
				"parent": "legLeft",
				"pivot": [2, 9, 0],
				"cubes": [
					{"origin": [0.499, 2, -1.5], "size": [3, 1, 3], "uv": [61, 54], "inflate": 0.1},
					{"origin": [0.499, 3, -1.5], "size": [3, 1, 3], "uv": [61, 25], "inflate": 0.19},
					{"origin": [0.499, 1, -1.5], "size": [3, 1, 3], "uv": [61, 6], "inflate": 0.19}
				]
			},
			{
				"name": "legRight",
				"pivot": [-2, 9, 0],
				"cubes": [
					{"origin": [-3.499, 0, -1.5], "size": [3, 9, 3], "uv": [21, 28]}
				]
			},
			{
				"name": "bone82",
				"parent": "legRight",
				"pivot": [-2, 9, 0],
				"cubes": [
					{"origin": [-3.499, 0, -1.5], "size": [3, 8, 3], "uv": [33, 28], "inflate": 0.1}
				]
			},
			{
				"name": "bone87",
				"parent": "legRight",
				"pivot": [-2, 9, 0],
				"cubes": [
					{"origin": [-3.499, -1, -1.5], "size": [3, 1, 3], "uv": [0, 63], "inflate": 0.1}
				]
			},
			{
				"name": "wingLeft",
				"pivot": [0.5, 15, 3.25],
				"rotation": [0, 60, 0]
			},
			{
				"name": "bone72",
				"parent": "wingLeft",
				"pivot": [0.5, 15, 3.25],
				"rotation": [0, -10, 25],
				"cubes": [
					{"origin": [-10.5, 15, 0.25], "size": [11, 1, 1], "uv": [24, 26]}
				]
			},
			{
				"name": "bone73",
				"parent": "wingLeft",
				"pivot": [0.5, 15, 3.25],
				"rotation": [0, -12.5, 50],
				"cubes": [
					{"origin": [-9.5, 7, 0.752], "size": [1, 4, 1], "uv": [16, 31]}
				]
			},
			{
				"name": "bone74",
				"parent": "wingLeft",
				"pivot": [0.5, 15, 3.25],
				"rotation": [0, -12.5, 47.5],
				"cubes": [
					{"origin": [-6.5, 7, 0.752], "size": [1, 6, 1], "uv": [36, 64]}
				]
			},
			{
				"name": "bone75",
				"parent": "wingLeft",
				"pivot": [3.5, 13, 3.25],
				"rotation": [0, -12.5, 47.5],
				"cubes": [
					{"origin": [-3.5, 3, 0.752], "size": [1, 8, 1], "uv": [32, 64]}
				]
			},
			{
				"name": "bone76",
				"parent": "wingLeft",
				"pivot": [0.5, 15, 3.25],
				"rotation": [0, -7.5, 25],
				"cubes": [
					{"origin": [-11.5, 7, 0.6], "size": [10, 8, 0], "uv": [24, 16]}
				]
			},
			{
				"name": "wingRight",
				"pivot": [-0.5, 15, 3.75],
				"rotation": [0, -60, 0]
			},
			{
				"name": "bone77",
				"parent": "wingRight",
				"pivot": [-0.5, 15, 3.75],
				"rotation": [0, 10, -25],
				"cubes": [
					{"origin": [-1.5, 15, 0.25], "size": [11, 1, 1], "uv": [24, 24]}
				]
			},
			{
				"name": "bone78",
				"parent": "wingRight",
				"pivot": [-0.5, 15, 3.75],
				"rotation": [0, 12.5, -50],
				"cubes": [
					{"origin": [7.5, 8, 0.752], "size": [1, 4, 1], "uv": [12, 31]}
				]
			},
			{
				"name": "bone79",
				"parent": "wingRight",
				"pivot": [-0.5, 15, 3.75],
				"rotation": [0, 12.5, -47.5],
				"cubes": [
					{"origin": [4.5, 7, 0.752], "size": [1, 6, 1], "uv": [44, 0]}
				]
			},
			{
				"name": "bone80",
				"parent": "wingRight",
				"pivot": [-0.5, 15, 3.75],
				"rotation": [0, 12.5, -47.5],
				"cubes": [
					{"origin": [1.5, 6, 0.752], "size": [1, 8, 1], "uv": [12, 63]}
				]
			},
			{
				"name": "bone81",
				"parent": "wingRight",
				"pivot": [-0.5, 15, 3.75],
				"rotation": [0, 7.5, -25],
				"cubes": [
					{"origin": [0.5, 7, 0.6], "size": [10, 8, 0], "uv": [24, 0]}
				]
			}
		]
	}
}