{
	"format_version": "1.10.0",
	"geometry.model": {
		"texturewidth": 64,
		"textureheight": 64,
		"visible_bounds_width": 3,
		"visible_bounds_height": 4,
		"visible_bounds_offset": [0, 1, 0],
		"bones": [
			{
				"name": "head",
				"pivot": [0, 18, 0],
				"cubes": [
					{"origin": [-4, 18, -4], "size": [8, 8, 8], "uv": [0, 0]}
				]
			},
			{
				"name": "blink",
				"parent": "head",
				"pivot": [0, 18, 0],
				"cubes": [
					{"origin": [-4, 18, -4.001], "size": [8, 8, 0], "uv": [24, 0]}
				]
			},
			{
				"name": "hair",
				"parent": "head",
				"pivot": [0, 17, 1],
				"rotation": [7.5, 0, 0],
				"cubes": [
					{"origin": [-1, 24, 5], "size": [1, 1, 1], "uv": [0, 6]},
					{"origin": [-4, 11, 4], "size": [8, 7, 0], "uv": [0, 31]}
				]
			},
			{
				"name": "bone22",
				"parent": "hair",
				"pivot": [2, 17, 1],
				"rotation": [0, 0, -17.5],
				"cubes": [
					{"origin": [2, 13, 6], "size": [1, 12, 0], "uv": [32, 46]}
				]
			},
			{
				"name": "bone23",
				"parent": "hair",
				"pivot": [2, 17, 1],
				"rotation": [0, 0, -10],
				"cubes": [
					{"origin": [1, 13, 6], "size": [1, 12, 0], "uv": [45, 39]}
				]
			},
			{
				"name": "bone24",
				"parent": "hair",
				"pivot": [0, 17, 1],
				"cubes": [
					{"origin": [-1, 13, 6], "size": [1, 12, 0], "uv": [45, 27]}
				]
			},
			{
				"name": "bone25",
				"parent": "hair",
				"pivot": [-1, 17, 1],
				"rotation": [0, 0, 7.5],
				"cubes": [
					{"origin": [-2, 13, 6], "size": [1, 12, 0], "uv": [43, 36]}
				]
			},
			{
				"name": "bone26",
				"parent": "hair",
				"pivot": [-3, 17, 1],
				"rotation": [0, 0, 17.5],
				"cubes": [
					{"origin": [-4, 13, 6], "size": [1, 12, 0], "uv": [30, 40]}
				]
			},
			{
				"name": "lear",
				"parent": "head",
				"pivot": [3, 19, -4],
				"rotation": [0, 42.5, -27.5],
				"cubes": [
					{"origin": [-3, 25, -7], "size": [2, 1, 2], "uv": [0, 3]}
				]
			},
			{
				"name": "rear",
				"parent": "head",
				"pivot": [-3, 21, -5],
				"rotation": [0, -42.5, 27.5],
				"cubes": [
					{"origin": [2, 25, -8], "size": [2, 1, 2], "uv": [0, 0]}
				]
			},
			{
				"name": "armRight",
				"pivot": [-3, 17.5, 0],
				"rotation": [0, 0, 25],
				"cubes": [
					{"origin": [-5, 8.5, -1], "size": [2, 8, 2], "uv": [43, 17]},
					{"origin": [-5.5, 9.5, -1.5], "size": [3, 8, 3], "uv": [33, 25]}
				]
			},
			{
				"name": "armLeft",
				"pivot": [3, 17.5, 0],
				"rotation": [0, 0, -25],
				"cubes": [
					{"origin": [2.5, 9.5, -1.5], "size": [3, 8, 3], "uv": [33, 8]},
					{"origin": [3, 8.5, -1], "size": [2, 8, 2], "uv": [42, 0]}
				]
			},
			{
				"name": "body",
				"pivot": [0, 10.5, 0],
				"cubes": [
					{"origin": [-3, 8.999, -3], "size": [6, 9, 6], "uv": [0, 16]}
				]
			},
			{
				"name": "hd",
				"parent": "body",
				"pivot": [3, 0, 0],
				"rotation": [0, 0, -10],
				"cubes": [
					{"origin": [4, 13, -4], "size": [1, 1, 1], "uv": [4, 6]}
				]
			},
			{
				"name": "bone19",
				"parent": "hd",
				"pivot": [-2, 1, 0],
				"rotation": [0, -17.5, 17.5],
				"cubes": [
					{"origin": [-3, 14, -4], "size": [2, 1, 0], "uv": [18, 17]}
				]
			},
			{
				"name": "bone18",
				"parent": "hd",
				"pivot": [8, 0, 1],
				"rotation": [0, 17.5, -17.5],
				"cubes": [
					{"origin": [10, 13, -3], "size": [2, 1, 0], "uv": [18, 16]}
				]
			},
			{
				"name": "bone20",
				"parent": "hd",
				"pivot": [3, 0, 0],
				"cubes": [
					{"origin": [3, 9, -4], "size": [1, 4, 0], "uv": [2, 16]}
				]
			},
			{
				"name": "bone21",
				"parent": "hd",
				"pivot": [3, 0, 0],
				"cubes": [
					{"origin": [5, 9, -4], "size": [1, 4, 0], "uv": [0, 16]}
				]
			},
			{
				"name": "sittingRotationSkirt",
				"parent": "body",
				"pivot": [0, 10.5, 0]
			},
			{
				"name": "bone",
				"parent": "sittingRotationSkirt",
				"pivot": [0, 13.5, 0]
			},
			{
				"name": "bone2",
				"parent": "bone",
				"pivot": [0, 3, 0]
			},
			{
				"name": "bone3",
				"parent": "bone2",
				"pivot": [0, 3, 4.47597],
				"rotation": [9, 0, 0],
				"cubes": [
					{"origin": [-2.5, 2.69089, 4.47597], "size": [5, 10, 0], "uv": [20, 40]}
				]
			},
			{
				"name": "bone4",
				"parent": "bone3",
				"pivot": [-2.5, 2.69089, 4.47597],
				"rotation": [0, 0, 8.89098],
				"cubes": [
					{"origin": [-4.5, 2.69089, 4.47497], "size": [2, 10, 0], "uv": [8, 48]}
				]
			},
			{
				"name": "bone5",
				"parent": "bone3",
				"pivot": [2.5, 2.69089, 4.47597],
				"rotation": [0, 0, -8.89098],
				"cubes": [
					{"origin": [2.5, 2.69089, 4.47697], "size": [2, 10, 0], "uv": [4, 48]}
				]
			},
			{
				"name": "bone6",
				"parent": "bone",
				"pivot": [0, 3, 0],
				"rotation": [0, -90, 0]
			},
			{
				"name": "bone7",
				"parent": "bone6",
				"pivot": [0, 3, 4.47597],
				"rotation": [9, 0, 0],
				"cubes": [
					{"origin": [-2.5, 2.69089, 4.47597], "size": [5, 10, 0], "uv": [10, 38]}
				]
			},
			{
				"name": "bone8",
				"parent": "bone7",
				"pivot": [-2.5, 2.69089, 4.47597],
				"rotation": [0, 0, 8.89098],
				"cubes": [
					{"origin": [-4.5, 2.69089, 4.47497], "size": [2, 10, 0], "uv": [0, 48]}
				]
			},
			{
				"name": "bone9",
				"parent": "bone7",
				"pivot": [2.5, 2.69089, 4.47597],
				"rotation": [0, 0, -8.89098],
				"cubes": [
					{"origin": [2.5, 2.69089, 4.47697], "size": [2, 10, 0], "uv": [47, 47]}
				]
			},
			{
				"name": "bone10",
				"parent": "bone",
				"pivot": [0, 3, 0],
				"rotation": [0, -180, 0]
			},
			{
				"name": "bone11",
				"parent": "bone10",
				"pivot": [0, 3, 4.47597],
				"rotation": [9, 0, 0],
				"cubes": [
					{"origin": [-2.5, 2.69089, 4.47597], "size": [5, 10, 0], "uv": [0, 38]}
				]
			},
			{
				"name": "bone12",
				"parent": "bone11",
				"pivot": [-2.5, 2.69089, 4.47597],
				"rotation": [0, 0, 8.89098],
				"cubes": [
					{"origin": [-4.5, 2.69089, 4.47497], "size": [2, 10, 0], "uv": [47, 37]}
				]
			},
			{
				"name": "bone13",
				"parent": "bone11",
				"pivot": [2.5, 2.69089, 4.47597],
				"rotation": [0, 0, -8.89098],
				"cubes": [
					{"origin": [2.5, 2.69089, 4.47697], "size": [2, 10, 0], "uv": [47, 27]}
				]
			},
			{
				"name": "bone14",
				"parent": "bone",
				"pivot": [0, 3, 0],
				"rotation": [0, -270, 0]
			},
			{
				"name": "bone15",
				"parent": "bone14",
				"pivot": [0, 3, 4.47597],
				"rotation": [9, 0, 0],
				"cubes": [
					{"origin": [-2.5, 2.69089, 4.47597], "size": [5, 10, 0], "uv": [33, 36]}
				]
			},
			{
				"name": "bone16",
				"parent": "bone15",
				"pivot": [-2.5, 2.69089, 4.47597],
				"rotation": [0, 0, 8.89098],
				"cubes": [
					{"origin": [-4.5, 2.69089, 4.47497], "size": [2, 10, 0], "uv": [38, 46]}
				]
			},
			{
				"name": "bone17",
				"parent": "bone15",
				"pivot": [2.5, 2.69089, 4.47597],
				"rotation": [0, 0, -8.89098],
				"cubes": [
					{"origin": [2.5, 2.69089, 4.47697], "size": [2, 10, 0], "uv": [34, 46]}
				]
			},
			{
				"name": "legLeft",
				"pivot": [2, 9, 0],
				"cubes": [
					{"origin": [0.499, 0, -1.5], "size": [3, 9, 3], "uv": [21, 28]}
				]
			},
			{
				"name": "legRight",
				"pivot": [-2, 9, 0],
				"cubes": [
					{"origin": [-3.499, 0, -1.5], "size": [3, 9, 3], "uv": [24, 16]}
				]
			}
		]
	}
}