{
	"format_version": "1.10.0",
	"geometry.model": {
		"texturewidth": 64,
		"textureheight": 64,
		"visible_bounds_width": 3,
		"visible_bounds_height": 4,
		"visible_bounds_offset": [0, 1, 0],
		"bones": [
			{
				"name": "head",
				"pivot": [0, 18, 0],
				"cubes": [
					{"origin": [-4, 18, -4], "size": [8, 8, 8], "uv": [0, 0]}
				]
			},
			{
				"name": "blink",
				"parent": "head",
				"pivot": [0, 18, 0],
				"cubes": [
					{"origin": [-4, 18, -4.001], "size": [8, 8, 0], "uv": [24, 0]}
				]
			},
			{
				"name": "hair",
				"parent": "head",
				"pivot": [0, 18, 0]
			},
			{
				"name": "bone18",
				"parent": "hair",
				"pivot": [0, 18, 0],
				"rotation": [10, 0, -7.5],
				"cubes": [
					{"origin": [3, 12, 3], "size": [1, 6, 1], "uv": [4, 43]}
				]
			},
			{
				"name": "bone19",
				"parent": "hair",
				"pivot": [0, 18, 0],
				"rotation": [10, 0, 7.5],
				"cubes": [
					{"origin": [-4, 12, 3], "size": [1, 6, 1], "uv": [26, 16]}
				]
			},
			{
				"name": "bone20",
				"parent": "hair",
				"pivot": [0, 18, 0],
				"rotation": [10, 0, -2.5],
				"cubes": [
					{"origin": [2, 11, 3], "size": [1, 7, 1], "uv": [0, 43]}
				]
			},
			{
				"name": "bone21",
				"parent": "hair",
				"pivot": [0, 18, 0],
				"rotation": [10, 0, 2.5],
				"cubes": [
					{"origin": [-3, 11, 3], "size": [1, 7, 1], "uv": [42, 35]}
				]
			},
			{
				"name": "bone22",
				"parent": "hair",
				"pivot": [0, 18, 0],
				"rotation": [10, 0, -2.5],
				"cubes": [
					{"origin": [1, 10, 3], "size": [1, 8, 1], "uv": [41, 0]}
				]
			},
			{
				"name": "bone23",
				"parent": "hair",
				"pivot": [-3, 18, 0],
				"rotation": [10, 0, 2.5],
				"cubes": [
					{"origin": [-2, 10, 3], "size": [1, 8, 1], "uv": [20, 39]}
				]
			},
			{
				"name": "bone24",
				"parent": "hair",
				"pivot": [0, 18, 0],
				"rotation": [20, 0, 0],
				"cubes": [
					{"origin": [-1, 9, 3], "size": [1, 9, 1], "uv": [28, 37]}
				]
			},
			{
				"name": "bone25",
				"parent": "hair",
				"pivot": [0, 18, 0],
				"rotation": [20, 0, 0],
				"cubes": [
					{"origin": [0, 9, 3], "size": [1, 9, 1], "uv": [24, 37]}
				]
			},
			{
				"name": "lear",
				"parent": "head",
				"pivot": [0, 18, 0]
			},
			{
				"name": "bone26",
				"parent": "lear",
				"pivot": [2, 18, 0],
				"rotation": [0, 0, -10],
				"cubes": [
					{"origin": [-1, 26, -3], "size": [1, 3, 1], "uv": [46, 38]}
				]
			},
			{
				"name": "bone27",
				"parent": "lear",
				"pivot": [0, 17, 0],
				"rotation": [0, 0, 7.5],
				"cubes": [
					{"origin": [-5, 25, -3], "size": [1, 3, 1], "uv": [46, 34]}
				]
			},
			{
				"name": "earLeftShake",
				"parent": "lear",
				"pivot": [-2, 25, -3]
			},
			{
				"name": "lear2",
				"parent": "head",
				"pivot": [0, 18, -5],
				"rotation": [0, 180, 0]
			},
			{
				"name": "bone28",
				"parent": "lear2",
				"pivot": [2, 18, -5],
				"rotation": [0, 0, -10],
				"cubes": [
					{"origin": [-1, 26, -8], "size": [1, 3, 1], "uv": [36, 45]}
				]
			},
			{
				"name": "bone29",
				"parent": "lear2",
				"pivot": [0, 17, -5],
				"rotation": [0, 0, 7.5],
				"cubes": [
					{"origin": [-5, 25, -8], "size": [1, 3, 1], "uv": [32, 45]}
				]
			},
			{
				"name": "earLeftShake2",
				"parent": "lear2",
				"pivot": [-2, 25, -8]
			},
			{
				"name": "cf",
				"parent": "head",
				"pivot": [0, 18, 0],
				"cubes": [
					{"origin": [-4, 15, -4], "size": [1, 3, 0], "uv": [4, 19]},
					{"origin": [3, 15, -4], "size": [1, 3, 0], "uv": [4, 16]}
				]
			},
			{
				"name": "armRight",
				"pivot": [-3, 17.5, 0],
				"rotation": [0, 0, 25],
				"cubes": [
					{"origin": [-5, 8.5, -1], "size": [2, 8, 2], "uv": [36, 25]},
					{"origin": [-5.5, 12.5, -1.5], "size": [3, 5, 3], "uv": [32, 8]}
				]
			},
			{
				"name": "armLeft",
				"pivot": [3, 17.5, 0],
				"rotation": [0, 0, -25],
				"cubes": [
					{"origin": [2.5, 12.5, -1.5], "size": [3, 5, 3], "uv": [12, 31]},
					{"origin": [3, 8.5, -1], "size": [2, 8, 2], "uv": [34, 35]}
				]
			},
			{
				"name": "body",
				"pivot": [0, 10.5, 0],
				"cubes": [
					{"origin": [-3, 8.999, -3], "size": [6, 9, 6], "uv": [0, 16]}
				]
			},
			{
				"name": "sittingRotationSkirt",
				"parent": "body",
				"pivot": [0, 10.5, 0]
			},
			{
				"name": "bone",
				"parent": "sittingRotationSkirt",
				"pivot": [0, 16.5, 0]
			},
			{
				"name": "bone2",
				"parent": "bone",
				"pivot": [0, 6, 0]
			},
			{
				"name": "bone3",
				"parent": "bone2",
				"pivot": [0, 6, 3.97051],
				"rotation": [10, 0, 0],
				"cubes": [
					{"origin": [-2, 5.65782, 3.97051], "size": [4, 6, 0], "uv": [12, 39]}
				]
			},
			{
				"name": "bone4",
				"parent": "bone3",
				"pivot": [-2, 5.65782, 3.97051],
				"rotation": [0, 0, 9.85108],
				"cubes": [
					{"origin": [-4, 5.65782, 3.96951], "size": [2, 6, 0], "uv": [45, 0]}
				]
			},
			{
				"name": "bone5",
				"parent": "bone3",
				"pivot": [2, 5.65782, 3.97051],
				"rotation": [0, 0, -9.85108],
				"cubes": [
					{"origin": [2, 5.65782, 3.97151], "size": [2, 6, 0], "uv": [44, 28]}
				]
			},
			{
				"name": "bone6",
				"parent": "bone",
				"pivot": [0, 6, 0],
				"rotation": [0, -90, 0]
			},
			{
				"name": "bone7",
				"parent": "bone6",
				"pivot": [0, 6, 3.97051],
				"rotation": [10, 0, 0],
				"cubes": [
					{"origin": [-2, 5.65782, 3.97051], "size": [4, 6, 0], "uv": [35, 16]}
				]
			},
			{
				"name": "bone8",
				"parent": "bone7",
				"pivot": [-2, 5.65782, 3.97051],
				"rotation": [0, 0, 9.85108],
				"cubes": [
					{"origin": [-4, 5.65782, 3.96951], "size": [2, 6, 0], "uv": [44, 22]}
				]
			},
			{
				"name": "bone9",
				"parent": "bone7",
				"pivot": [2, 5.65782, 3.97051],
				"rotation": [0, 0, -9.85108],
				"cubes": [
					{"origin": [2, 5.65782, 3.97151], "size": [2, 6, 0], "uv": [44, 9]}
				]
			},
			{
				"name": "bone10",
				"parent": "bone",
				"pivot": [0, 6, 0],
				"rotation": [0, -180, 0]
			},
			{
				"name": "bone11",
				"parent": "bone10",
				"pivot": [0, 6, 3.97051],
				"rotation": [10, 0, 0],
				"cubes": [
					{"origin": [-2, 5.65782, 3.97051], "size": [4, 6, 0], "uv": [18, 16]}
				]
			},
			{
				"name": "bone12",
				"parent": "bone11",
				"pivot": [-2, 5.65782, 3.97051],
				"rotation": [0, 0, 9.85108],
				"cubes": [
					{"origin": [-4, 5.65782, 3.96951], "size": [2, 6, 0], "uv": [42, 43]}
				]
			},
			{
				"name": "bone13",
				"parent": "bone11",
				"pivot": [2, 5.65782, 3.97051],
				"rotation": [0, 0, -9.85108],
				"cubes": [
					{"origin": [2, 5.65782, 3.97151], "size": [2, 6, 0], "uv": [43, 16]}
				]
			},
			{
				"name": "bone14",
				"parent": "bone",
				"pivot": [0, 6, 0],
				"rotation": [0, -270, 0]
			},
			{
				"name": "bone15",
				"parent": "bone14",
				"pivot": [0, 6, 3.97051],
				"rotation": [10, 0, 0],
				"cubes": [
					{"origin": [-2, 5.65782, 3.97051], "size": [4, 6, 0], "uv": [0, 0]}
				]
			},
			{
				"name": "bone16",
				"parent": "bone15",
				"pivot": [-2, 5.65782, 3.97051],
				"rotation": [0, 0, 9.85108],
				"cubes": [
					{"origin": [-4, 5.65782, 3.96951], "size": [2, 6, 0], "uv": [8, 43]}
				]
			},
			{
				"name": "bone17",
				"parent": "bone15",
				"pivot": [2, 5.65782, 3.97051],
				"rotation": [0, 0, -9.85108],
				"cubes": [
					{"origin": [2, 5.65782, 3.97151], "size": [2, 6, 0], "uv": [0, 16]}
				]
			},
			{
				"name": "hu",
				"parent": "body",
				"pivot": [0, 10.5, 0]
			},
			{
				"name": "bone30",
				"parent": "hu",
				"pivot": [0, 10.5, 0],
				"cubes": [
					{"origin": [-1, 15.5, -4], "size": [2, 1, 1], "uv": [45, 6]}
				]
			},
			{
				"name": "bone31",
				"parent": "hu",
				"pivot": [1, 10.5, 0],
				"rotation": [0, 0, -10],
				"cubes": [
					{"origin": [-2, 15.5, -4], "size": [2, 1.2, 1], "uv": [9, 31]}
				]
			},
			{
				"name": "bone32",
				"parent": "hu",
				"pivot": [-1, 10.5, 0],
				"rotation": [0, 0, 10],
				"cubes": [
					{"origin": [0, 15.5, -4], "size": [2, 1.2, 1], "uv": [0, 6]}
				]
			},
			{
				"name": "bone33",
				"parent": "hu",
				"pivot": [-1, 9.5, 0],
				"rotation": [0, 0, 5],
				"cubes": [
					{"origin": [-2, 12.5, -4], "size": [1, 3, 1], "uv": [16, 45]}
				]
			},
			{
				"name": "bone34",
				"parent": "hu",
				"pivot": [1, 10.5, 0],
				"rotation": [0, 0, -5],
				"cubes": [
					{"origin": [1, 12.5, -4], "size": [1, 3, 1], "uv": [12, 45]}
				]
			},
			{
				"name": "legLeft",
				"pivot": [2, 9, 0],
				"cubes": [
					{"origin": [0.499, 0, -1.5], "size": [3, 9, 3], "uv": [0, 31]}
				]
			},
			{
				"name": "legRight",
				"pivot": [-2, 9, 0],
				"cubes": [
					{"origin": [-3.499, 0, -1.5], "size": [3, 9, 3], "uv": [24, 25]}
				]
			},
			{
				"name": "tail",
				"pivot": [0, 8, 4],
				"rotation": [20, 0, 0],
				"cubes": [
					{"origin": [-1, 8, 2], "size": [2, 2, 7], "uv": [24, 16]}
				]
			}
		]
	}
}