{
	"format_version": "1.10.0",
	"geometry.model": {
		"texturewidth": 128,
		"textureheight": 128,
		"visible_bounds_width": 3,
		"visible_bounds_height": 4,
		"visible_bounds_offset": [0, 1, 0],
		"bones": [
			{
				"name": "head",
				"pivot": [0, 18, 0],
				"cubes": [
					{"origin": [-4, 18, -4], "size": [8, 8, 8], "uv": [0, 0]}
				]
			},
			{
				"name": "blink",
				"parent": "head",
				"pivot": [0, 18, 0],
				"cubes": [
					{"origin": [-4, 18, -4.001], "size": [8, 8, 0], "uv": [52, 15]}
				]
			},
			{
				"name": "bone85",
				"parent": "head",
				"pivot": [-4, 26, -1],
				"rotation": [0, 0, -50],
				"cubes": [
					{"origin": [-4.5, 25.5, -1.5], "size": [1, 1, 1], "uv": [4, 4]}
				]
			},
			{
				"name": "bone86",
				"parent": "bone85",
				"pivot": [-4, 26, -1],
				"rotation": [0, 60, 0]
			},
			{
				"name": "bone87",
				"parent": "bone86",
				"pivot": [-4, 26, -1],
				"rotation": [20, -60, 0],
				"cubes": [
					{"origin": [-4.5, 26, -1], "size": [1, 0, 2], "uv": [4, 0]}
				]
			},
			{
				"name": "bone88",
				"parent": "bone85",
				"pivot": [-4, 26, -1],
				"rotation": [0, -60, 0]
			},
			{
				"name": "bone89",
				"parent": "bone88",
				"pivot": [-4, 26, -1],
				"rotation": [20, 0, 0],
				"cubes": [
					{"origin": [-4.5, 26, -1], "size": [1, 0, 2], "uv": [0, 4]}
				]
			},
			{
				"name": "bone90",
				"parent": "bone85",
				"pivot": [-4, 26, -1],
				"rotation": [0, -120, 0]
			},
			{
				"name": "bone91",
				"parent": "bone90",
				"pivot": [-4, 26, -1],
				"rotation": [20, 0, 0],
				"cubes": [
					{"origin": [-4.5, 26, -1], "size": [1, 0, 2], "uv": [2, 2]}
				]
			},
			{
				"name": "bone92",
				"parent": "bone85",
				"pivot": [-4, 26, -1],
				"rotation": [0, 180, 0]
			},
			{
				"name": "bone93",
				"parent": "bone92",
				"pivot": [-4, 26, -1],
				"rotation": [20, 0, 0],
				"cubes": [
					{"origin": [-4.5, 26, -1], "size": [1, 0, 2], "uv": [2, 0]}
				]
			},
			{
				"name": "bone94",
				"parent": "bone85",
				"pivot": [-4, 26, -1],
				"rotation": [0, 120, 0]
			},
			{
				"name": "bone95",
				"parent": "bone94",
				"pivot": [-4, 26, -1],
				"rotation": [20, 0, 0],
				"cubes": [
					{"origin": [-4.5, 26, -1], "size": [1, 0, 2], "uv": [0, 2]}
				]
			},
			{
				"name": "bone96",
				"parent": "bone85",
				"pivot": [-4, 26, -1],
				"rotation": [0, 60, 0]
			},
			{
				"name": "bone97",
				"parent": "bone96",
				"pivot": [-4, 26, -1],
				"rotation": [20, 0, 0],
				"cubes": [
					{"origin": [-4.5, 26, -1], "size": [1, 0, 2], "uv": [0, 0]}
				]
			},
			{
				"name": "bone98",
				"parent": "bone85",
				"pivot": [-4.5, 26, -1],
				"rotation": [0, 0, -35]
			},
			{
				"name": "bone99",
				"parent": "bone98",
				"pivot": [-4.5, 26, -1],
				"rotation": [0, -25, 0]
			},
			{
				"name": "bone101",
				"parent": "bone98",
				"pivot": [-4.5, 26, -1],
				"rotation": [0, 20, 0]
			},
			{
				"name": "armRight",
				"pivot": [-3, 17.5, 0],
				"rotation": [0, 0, 25],
				"cubes": [
					{"origin": [-5, 8.5, -1], "size": [2, 8, 2], "uv": [76, 23]},
					{"origin": [-5.5, 13.5, -1.5], "size": [3, 4, 3], "uv": [74, 73]},
					{"origin": [-5.5, 9.5, -1.5], "size": [3, 5, 3], "uv": [40, 74], "inflate": -0.3}
				]
			},
			{
				"name": "decorationRight",
				"parent": "armRight",
				"pivot": [-5, 13, 0],
				"rotation": [0, 90, 0]
			},
			{
				"name": "bone9",
				"parent": "decorationRight",
				"pivot": [-5, 13, 0],
				"rotation": [0, 0, -15],
				"cubes": [
					{"origin": [-5.87059, 13.48296, -1], "size": [1, 1, 1], "uv": [4, 16]},
					{"origin": [-4.87059, 10.48296, -0.5], "size": [1, 3, 0], "uv": [24, 5]}
				]
			},
			{
				"name": "bone10",
				"parent": "decorationRight",
				"pivot": [-5, 13, 0],
				"rotation": [0, 0, 15],
				"cubes": [
					{"origin": [-5.12941, 13.48296, -1], "size": [1, 1, 1], "uv": [0, 16]},
					{"origin": [-6.12941, 10.48296, -0.5], "size": [1, 3, 0], "uv": [24, 0]}
				]
			},
			{
				"name": "armLeft",
				"pivot": [3, 17.5, 0],
				"rotation": [0, 0, -25],
				"cubes": [
					{"origin": [2.5, 13.5, -1.5], "size": [3, 4, 3], "uv": [74, 66]},
					{"origin": [2.5, 9.5, -1.5], "size": [3, 5, 3], "uv": [72, 44], "inflate": -0.3},
					{"origin": [3, 8.5, -1], "size": [2, 8, 2], "uv": [76, 13]}
				]
			},
			{
				"name": "decorationLeft",
				"parent": "armLeft",
				"pivot": [0, -1, 0],
				"rotation": [0, -90, 0]
			},
			{
				"name": "bone81",
				"parent": "decorationLeft",
				"pivot": [0, -1, 0],
				"rotation": [0, 0, -15],
				"cubes": [
					{"origin": [2.75288, 13.00592, -6], "size": [1, 1, 1], "uv": [4, 6]},
					{"origin": [3.75288, 10.00592, -5.5], "size": [1, 3, 0], "uv": [0, 3]}
				]
			},
			{
				"name": "bone82",
				"parent": "decorationLeft",
				"pivot": [0, -1, 0],
				"rotation": [0, 0, 15],
				"cubes": [
					{"origin": [-3.75288, 13.00592, -6], "size": [1, 1, 1], "uv": [0, 6]},
					{"origin": [-4.75288, 10.00592, -5.5], "size": [1, 3, 0], "uv": [0, 0]}
				]
			},
			{
				"name": "body",
				"pivot": [0, 10.5, 0],
				"cubes": [
					{"origin": [-3, 8.999, -3], "size": [6, 9, 6], "uv": [32, 0]}
				]
			},
			{
				"name": "sittingRotationSkirt",
				"parent": "body",
				"pivot": [0, 10.5, 0]
			},
			{
				"name": "bone",
				"parent": "sittingRotationSkirt",
				"pivot": [0, 15.5, 0]
			},
			{
				"name": "bone2",
				"parent": "bone",
				"pivot": [0, 5, 0]
			},
			{
				"name": "bone3",
				"parent": "bone2",
				"pivot": [0, 5, 5.73769],
				"rotation": [32, 0, 0]
			},
			{
				"name": "bone4",
				"parent": "bone3",
				"pivot": [0, 5, 5.73769],
				"rotation": [0, -45, 0],
				"cubes": [
					{"origin": [-1, -2, 4.73769], "size": [2, 14, 2], "uv": [44, 31]}
				]
			},
			{
				"name": "bone5",
				"parent": "bone",
				"pivot": [0, 5, 0],
				"rotation": [0, -27.69231, 0]
			},
			{
				"name": "bone6",
				"parent": "bone5",
				"pivot": [0, 5, 5.73769],
				"rotation": [32, 0, 0]
			},
			{
				"name": "bone7",
				"parent": "bone6",
				"pivot": [0, 5, 5.73769],
				"rotation": [0, -45, 0],
				"cubes": [
					{"origin": [-1, -2, 4.73769], "size": [2, 14, 2], "uv": [44, 15]}
				]
			},
			{
				"name": "bone8",
				"parent": "bone",
				"pivot": [0, 5, 0],
				"rotation": [0, -55.38462, 0]
			},
			{
				"name": "bone11",
				"parent": "bone8",
				"pivot": [0, 5, 5.73769],
				"rotation": [32, 0, 0]
			},
			{
				"name": "bone12",
				"parent": "bone11",
				"pivot": [0, 5, 5.73769],
				"rotation": [0, -45, 0],
				"cubes": [
					{"origin": [-1, -1, 4.73769], "size": [2, 13, 2], "uv": [68, 15]}
				]
			},
			{
				"name": "bone13",
				"parent": "bone",
				"pivot": [0, 5, 0],
				"rotation": [0, -83.07692, 0]
			},
			{
				"name": "bone14",
				"parent": "bone13",
				"pivot": [0, 5, 5.73769],
				"rotation": [32, 0, 0]
			},
			{
				"name": "bone15",
				"parent": "bone14",
				"pivot": [0, 5, 5.73769],
				"rotation": [0, -45, 0],
				"cubes": [
					{"origin": [-1, -1, 4.73769], "size": [2, 13, 2], "uv": [66, 66]}
				]
			},
			{
				"name": "bone16",
				"parent": "bone",
				"pivot": [0, 5, 0],
				"rotation": [0, -110.76923, 0]
			},
			{
				"name": "bone17",
				"parent": "bone16",
				"pivot": [0, 5, 5.73769],
				"rotation": [32, 0, 0]
			},
			{
				"name": "bone18",
				"parent": "bone17",
				"pivot": [0, 5, 5.73769],
				"rotation": [0, -45, 0],
				"cubes": [
					{"origin": [-1, 0, 4.73769], "size": [2, 12, 2], "uv": [52, 70]}
				]
			},
			{
				"name": "bone19",
				"parent": "bone",
				"pivot": [0, 5, 0],
				"rotation": [0, -138.46154, 0]
			},
			{
				"name": "bone20",
				"parent": "bone19",
				"pivot": [0, 5, 5.73769],
				"rotation": [32, 0, 0]
			},
			{
				"name": "bone21",
				"parent": "bone20",
				"pivot": [0, 5, 5.73769],
				"rotation": [0, -45, 0],
				"cubes": [
					{"origin": [-1, 1, 4.73769], "size": [2, 11, 2], "uv": [32, 74]}
				]
			},
			{
				"name": "bone22",
				"parent": "bone",
				"pivot": [0, 5, 0],
				"rotation": [0, -166.15385, 0]
			},
			{
				"name": "bone23",
				"parent": "bone22",
				"pivot": [0, 5, 5.73769],
				"rotation": [32, 0, 0]
			},
			{
				"name": "bone24",
				"parent": "bone23",
				"pivot": [0, 5, 5.73769],
				"rotation": [0, -45, 0]
			},
			{
				"name": "bone25",
				"parent": "bone",
				"pivot": [0, 5, 0],
				"rotation": [0, -193.84615, 0]
			},
			{
				"name": "bone26",
				"parent": "bone25",
				"pivot": [0, 5, 5.73769],
				"rotation": [32, 0, 0]
			},
			{
				"name": "bone27",
				"parent": "bone26",
				"pivot": [0, 5, 5.73769],
				"rotation": [0, -45, 0]
			},
			{
				"name": "bone28",
				"parent": "bone",
				"pivot": [0, 5, 0],
				"rotation": [0, -221.53846, 0]
			},
			{
				"name": "bone29",
				"parent": "bone28",
				"pivot": [0, 5, 5.73769],
				"rotation": [32, 0, 0]
			},
			{
				"name": "bone30",
				"parent": "bone29",
				"pivot": [0, 5, 5.73769],
				"rotation": [0, -45, 0],
				"cubes": [
					{"origin": [-1, 1, 4.73769], "size": [2, 11, 2], "uv": [72, 0]}
				]
			},
			{
				"name": "bone31",
				"parent": "bone",
				"pivot": [0, 5, 0],
				"rotation": [0, -249.23077, 0]
			},
			{
				"name": "bone32",
				"parent": "bone31",
				"pivot": [0, 5, 5.73769],
				"rotation": [32, 0, 0]
			},
			{
				"name": "bone33",
				"parent": "bone32",
				"pivot": [0, 5, 5.73769],
				"rotation": [0, -45, 0],
				"cubes": [
					{"origin": [-1, 0, 4.73769], "size": [2, 12, 2], "uv": [68, 30]}
				]
			},
			{
				"name": "bone34",
				"parent": "bone",
				"pivot": [0, 5, 0],
				"rotation": [0, -276.92308, 0]
			},
			{
				"name": "bone35",
				"parent": "bone34",
				"pivot": [0, 5, 5.73769],
				"rotation": [32, 0, 0]
			},
			{
				"name": "bone36",
				"parent": "bone35",
				"pivot": [0, 5, 5.73769],
				"rotation": [0, -45, 0],
				"cubes": [
					{"origin": [-1, -1, 4.73769], "size": [2, 13, 2], "uv": [66, 51]}
				]
			},
			{
				"name": "bone37",
				"parent": "bone",
				"pivot": [0, 5, 0],
				"rotation": [0, -304.61538, 0]
			},
			{
				"name": "bone38",
				"parent": "bone37",
				"pivot": [0, 5, 5.73769],
				"rotation": [32, 0, 0]
			},
			{
				"name": "bone39",
				"parent": "bone38",
				"pivot": [0, 5, 5.73769],
				"rotation": [0, -45, 0],
				"cubes": [
					{"origin": [-1, -2, 4.73769], "size": [2, 14, 2], "uv": [36, 31]}
				]
			},
			{
				"name": "bone40",
				"parent": "bone",
				"pivot": [0, 5, 0],
				"rotation": [0, -332.30769, 0]
			},
			{
				"name": "bone41",
				"parent": "bone40",
				"pivot": [0, 5, 5.73769],
				"rotation": [32, 0, 0]
			},
			{
				"name": "bone42",
				"parent": "bone41",
				"pivot": [0, 5, 5.73769],
				"rotation": [0, -45, 0],
				"cubes": [
					{"origin": [-1, -2, 4.73769], "size": [2, 14, 2], "uv": [36, 15]}
				]
			},
			{
				"name": "bone43",
				"parent": "sittingRotationSkirt",
				"pivot": [0, 13.5, 0]
			},
			{
				"name": "bone44",
				"parent": "bone43",
				"pivot": [0, 3, 0]
			},
			{
				"name": "bone45",
				"parent": "bone44",
				"pivot": [0, 3, 5.27792],
				"rotation": [28, 0, 0]
			},
			{
				"name": "bone46",
				"parent": "bone45",
				"pivot": [0, 3, 5.27792],
				"rotation": [0, -45, 0],
				"cubes": [
					{"origin": [-1, 3, 4.27792], "size": [2, 13, 2], "uv": [24, 66]}
				]
			},
			{
				"name": "bone47",
				"parent": "bone43",
				"pivot": [0, 3, 0],
				"rotation": [0, -30, 0]
			},
			{
				"name": "bone48",
				"parent": "bone47",
				"pivot": [0, 3, 5.27792],
				"rotation": [28, 0, 0]
			},
			{
				"name": "bone49",
				"parent": "bone48",
				"pivot": [0, 3, 5.27792],
				"rotation": [0, -45, 0],
				"cubes": [
					{"origin": [-1, 3, 4.27792], "size": [2, 13, 2], "uv": [16, 66]}
				]
			},
			{
				"name": "bone50",
				"parent": "bone43",
				"pivot": [0, 3, 0],
				"rotation": [0, -60, 0]
			},
			{
				"name": "bone51",
				"parent": "bone50",
				"pivot": [0, 3, 5.27792],
				"rotation": [28, 0, 0]
			},
			{
				"name": "bone52",
				"parent": "bone51",
				"pivot": [0, 3, 5.27792],
				"rotation": [0, -45, 0],
				"cubes": [
					{"origin": [-1, 3, 4.27792], "size": [2, 13, 2], "uv": [8, 66]}
				]
			},
			{
				"name": "bone53",
				"parent": "bone43",
				"pivot": [0, 3, 0],
				"rotation": [0, -90, 0]
			},
			{
				"name": "bone54",
				"parent": "bone53",
				"pivot": [0, 3, 5.27792],
				"rotation": [28, 0, 0]
			},
			{
				"name": "bone55",
				"parent": "bone54",
				"pivot": [0, 3, 5.27792],
				"rotation": [0, -45, 0],
				"cubes": [
					{"origin": [-1, 3, 4.27792], "size": [2, 13, 2], "uv": [0, 66]}
				]
			},
			{
				"name": "bone56",
				"parent": "bone43",
				"pivot": [0, 3, 0],
				"rotation": [0, -120, 0]
			},
			{
				"name": "bone57",
				"parent": "bone56",
				"pivot": [0, 3, 5.27792],
				"rotation": [28, 0, 0]
			},
			{
				"name": "bone58",
				"parent": "bone57",
				"pivot": [0, 3, 5.27792],
				"rotation": [0, -45, 0],
				"cubes": [
					{"origin": [-1, 3, 4.27792], "size": [2, 13, 2], "uv": [64, 0]}
				]
			},
			{
				"name": "bone59",
				"parent": "bone43",
				"pivot": [0, 3, 0],
				"rotation": [0, -150, 0]
			},
			{
				"name": "bone60",
				"parent": "bone59",
				"pivot": [0, 3, 5.27792],
				"rotation": [28, 0, 0]
			},
			{
				"name": "bone61",
				"parent": "bone60",
				"pivot": [0, 3, 5.27792],
				"rotation": [0, -45, 0],
				"cubes": [
					{"origin": [-1, 3, 4.27792], "size": [2, 13, 2], "uv": [60, 38]}
				]
			},
			{
				"name": "bone62",
				"parent": "bone43",
				"pivot": [0, 3, 0],
				"rotation": [0, -180, 0]
			},
			{
				"name": "bone63",
				"parent": "bone62",
				"pivot": [0, 3, 5.27792],
				"rotation": [28, 0, 0]
			},
			{
				"name": "bone64",
				"parent": "bone63",
				"pivot": [0, 3, 5.27792],
				"rotation": [0, -45, 0],
				"cubes": [
					{"origin": [-1, 3, 4.27792], "size": [2, 13, 2], "uv": [60, 23]}
				]
			},
			{
				"name": "bone65",
				"parent": "bone43",
				"pivot": [0, 3, 0],
				"rotation": [0, -210, 0]
			},
			{
				"name": "bone66",
				"parent": "bone65",
				"pivot": [0, 3, 5.27792],
				"rotation": [28, 0, 0]
			},
			{
				"name": "bone67",
				"parent": "bone66",
				"pivot": [0, 3, 5.27792],
				"rotation": [0, -45, 0],
				"cubes": [
					{"origin": [-1, 3, 4.27792], "size": [2, 13, 2], "uv": [44, 59]}
				]
			},
			{
				"name": "bone68",
				"parent": "bone43",
				"pivot": [0, 3, 0],
				"rotation": [0, -240, 0]
			},
			{
				"name": "bone69",
				"parent": "bone68",
				"pivot": [0, 3, 5.27792],
				"rotation": [28, 0, 0]
			},
			{
				"name": "bone70",
				"parent": "bone69",
				"pivot": [0, 3, 5.27792],
				"rotation": [0, -45, 0],
				"cubes": [
					{"origin": [-1, 3, 4.27792], "size": [2, 13, 2], "uv": [36, 59]}
				]
			},
			{
				"name": "bone71",
				"parent": "bone43",
				"pivot": [0, 3, 0],
				"rotation": [0, -270, 0]
			},
			{
				"name": "bone72",
				"parent": "bone71",
				"pivot": [0, 3, 5.27792],
				"rotation": [28, 0, 0]
			},
			{
				"name": "bone73",
				"parent": "bone72",
				"pivot": [0, 3, 5.27792],
				"rotation": [0, -45, 0],
				"cubes": [
					{"origin": [-1, 3, 4.27792], "size": [2, 13, 2], "uv": [58, 57]}
				]
			},
			{
				"name": "bone74",
				"parent": "bone43",
				"pivot": [0, 3, 0],
				"rotation": [0, -300, 0]
			},
			{
				"name": "bone75",
				"parent": "bone74",
				"pivot": [0, 3, 5.27792],
				"rotation": [28, 0, 0]
			},
			{
				"name": "bone76",
				"parent": "bone75",
				"pivot": [0, 3, 5.27792],
				"rotation": [0, -45, 0],
				"cubes": [
					{"origin": [-1, 3, 4.27792], "size": [2, 13, 2], "uv": [56, 0]}
				]
			},
			{
				"name": "bone77",
				"parent": "bone43",
				"pivot": [0, 3, 0],
				"rotation": [0, -330, 0]
			},
			{
				"name": "bone78",
				"parent": "bone77",
				"pivot": [0, 3, 5.27792],
				"rotation": [28, 0, 0]
			},
			{
				"name": "bone79",
				"parent": "bone78",
				"pivot": [0, 3, 5.27792],
				"rotation": [0, -45, 0],
				"cubes": [
					{"origin": [-1, 3, 4.27792], "size": [2, 13, 2], "uv": [52, 23]}
				]
			},
			{
				"name": "legLeft",
				"pivot": [2, 9, 0],
				"cubes": [
					{"origin": [0.499, 0, -1.5], "size": [3, 9, 3], "uv": [48, 47]}
				]
			},
			{
				"name": "bone83",
				"parent": "legLeft",
				"pivot": [2, 9, 0],
				"cubes": [
					{"origin": [0.499, 0, -1.5], "size": [3, 4, 3], "uv": [74, 59], "inflate": 0.1}
				]
			},
			{
				"name": "bone100",
				"parent": "legLeft",
				"pivot": [2, 9, 0],
				"cubes": [
					{"origin": [0.499, 0, -1.5], "size": [3, 2, 3], "uv": [76, 33], "inflate": 0.2}
				]
			},
			{
				"name": "legRight",
				"pivot": [-2, 9, 0],
				"cubes": [
					{"origin": [-3.499, 0, -1.5], "size": [3, 9, 3], "uv": [36, 47]}
				]
			},
			{
				"name": "bone84",
				"parent": "legRight",
				"pivot": [-2, 9, 0],
				"cubes": [
					{"origin": [-3.499, 0, -1.5], "size": [3, 4, 3], "uv": [74, 52], "inflate": 0.1}
				]
			},
			{
				"name": "bone102",
				"parent": "legRight",
				"pivot": [-2, 9, 0],
				"cubes": [
					{"origin": [-3.499, 0, -1.5], "size": [3, 2, 3], "uv": [24, 0], "inflate": 0.2}
				]
			},
			{
				"name": "wingLeft",
				"pivot": [0.5, 15, 3.25],
				"rotation": [0, 60, 0],
				"cubes": [
					{"origin": [0.5, 3, 3.5], "size": [0, 24, 18], "uv": [0, 24]}
				]
			},
			{
				"name": "wingRight",
				"pivot": [-0.5, 15, 3.75],
				"rotation": [0, -60, 0]
			},
			{
				"name": "bone80",
				"parent": "wingRight",
				"pivot": [-0.5, 15, 3.75],
				"cubes": [
					{"origin": [-0.5, 3, 2.75], "size": [0, 24, 18], "uv": [0, 0]}
				]
			}
		]
	}
}