{
	"format_version": "1.10.0",
	"geometry.model": {
		"texturewidth": 128,
		"textureheight": 128,
		"visible_bounds_width": 4,
		"visible_bounds_height": 4,
		"visible_bounds_offset": [0, 1, 0],
		"bones": [
			{
				"name": "head",
				"pivot": [0, 18, 0],
				"cubes": [
					{"origin": [-4, 18, -4], "size": [8, 8, 8], "uv": [0, 0]}
				]
			},
			{
				"name": "blink",
				"parent": "head",
				"pivot": [0, 18, 0],
				"cubes": [
					{"origin": [-4, 18, -4.001], "size": [8, 8, 0], "uv": [90, 60]}
				]
			},
			{
				"name": "ear",
				"parent": "head",
				"pivot": [-1.8, 25.8, -1],
				"rotation": [7.5, 0, -11.5]
			},
			{
				"name": "bone113",
				"parent": "ear",
				"pivot": [-1.8, 28.05, -0.5],
				"rotation": [0, 0, -30],
				"cubes": [
					{"origin": [-2.23474, 25.16304, -1.99144], "size": [1, 5, 1], "uv": [0, 46]}
				]
			},
			{
				"name": "bone114",
				"parent": "ear",
				"pivot": [-3.3, 27.8, -0.5],
				"rotation": [0, 0, 5],
				"cubes": [
					{"origin": [-3.81138, 24.93003, -2.00144], "size": [1, 5, 1], "uv": [36, 28]}
				]
			},
			{
				"name": "bone115",
				"parent": "ear",
				"pivot": [-0.8, 16.8, -1],
				"cubes": [
					{"origin": [-3.55, 26.93053, -1.80144], "size": [2, 2, 1], "uv": [64, 63], "inflate": -0.2},
					{"origin": [-3.55, 26.33053, -1.80144], "size": [3, 1, 1], "uv": [68, 15], "inflate": -0.2},
					{"origin": [-3.35, 25.73053, -1.80144], "size": [3, 1, 1], "uv": [66, 27], "inflate": -0.2}
				]
			},
			{
				"name": "ear2",
				"parent": "head",
				"pivot": [1.8, 25.8, -1],
				"rotation": [7.5, 0, 11.5]
			},
			{
				"name": "bone116",
				"parent": "ear2",
				"pivot": [1.8, 28.05, -0.5],
				"rotation": [0, 0, 30],
				"cubes": [
					{"origin": [1.23474, 25.16304, -1.99144], "size": [1, 5, 1], "uv": [0, 34]}
				]
			},
			{
				"name": "bone117",
				"parent": "ear2",
				"pivot": [3.3, 27.8, -0.5],
				"rotation": [0, 0, -5],
				"cubes": [
					{"origin": [2.81138, 24.93003, -2.00144], "size": [1, 5, 1], "uv": [0, 16]}
				]
			},
			{
				"name": "bone118",
				"parent": "ear2",
				"pivot": [0.8, 16.8, -1],
				"cubes": [
					{"origin": [1.55, 26.93053, -1.80144], "size": [2, 2, 1], "uv": [49, 58], "inflate": -0.2},
					{"origin": [0.55, 26.33053, -1.80144], "size": [3, 1, 1], "uv": [61, 39], "inflate": -0.2},
					{"origin": [0.35, 25.73053, -1.80144], "size": [3, 1, 1], "uv": [60, 51], "inflate": -0.2}
				]
			},
			{
				"name": "hair",
				"parent": "head",
				"pivot": [0, 18, 0]
			},
			{
				"name": "bone137",
				"parent": "hair",
				"pivot": [0, 18, 0],
				"rotation": [12.5, 0, 0],
				"cubes": [
					{"origin": [-4, 15, 4], "size": [8, 3, 0], "uv": [0, 31]}
				]
			},
			{
				"name": "armRight",
				"pivot": [-3, 17.5, 0],
				"rotation": [0, 0, 25],
				"cubes": [
					{"origin": [-5, 8.5, -1], "size": [2, 8, 2], "uv": [80, 102]},
					{"origin": [-5.5, 9.5, -1.5], "size": [3, 8, 3], "uv": [13, 92]}
				]
			},
			{
				"name": "armLeft",
				"pivot": [3, 17.5, 0],
				"rotation": [0, 0, -25],
				"cubes": [
					{"origin": [2.5, 9.5, -1.5], "size": [3, 8, 3], "uv": [91, 4]},
					{"origin": [3, 8.5, -1], "size": [2, 8, 2], "uv": [34, 101]}
				]
			},
			{
				"name": "body",
				"pivot": [0, 10.5, 0],
				"cubes": [
					{"origin": [-3, 8.999, -3], "size": [6, 9, 6], "uv": [0, 16]}
				]
			},
			{
				"name": "sittingRotationSkirt",
				"parent": "body",
				"pivot": [0, 10.5, 0]
			},
			{
				"name": "bone",
				"parent": "sittingRotationSkirt",
				"pivot": [0, 14.5, 0]
			},
			{
				"name": "bone2",
				"parent": "bone",
				"pivot": [0, 4, 0]
			},
			{
				"name": "bone3",
				"parent": "bone2",
				"pivot": [0, 4, 6.41493],
				"rotation": [34, 0, 0]
			},
			{
				"name": "bone4",
				"parent": "bone3",
				"pivot": [0, 4, 6.41493],
				"rotation": [0, -18.43495, 0],
				"cubes": [
					{"origin": [-1.5, 4, 5.91493], "size": [3, 6, 1], "uv": [66, 113]}
				]
			},
			{
				"name": "bone5",
				"parent": "bone",
				"pivot": [0, 4, 0],
				"rotation": [0, -27.69231, 0]
			},
			{
				"name": "bone6",
				"parent": "bone5",
				"pivot": [0, 4, 6.41493],
				"rotation": [34, 0, 0]
			},
			{
				"name": "bone7",
				"parent": "bone6",
				"pivot": [0, 4, 6.41493],
				"rotation": [0, -18.43495, 0],
				"cubes": [
					{"origin": [-1.5, 4, 5.91493], "size": [3, 6, 1], "uv": [113, 39]}
				]
			},
			{
				"name": "bone8",
				"parent": "bone",
				"pivot": [0, 4, 0],
				"rotation": [0, -55.38462, 0]
			},
			{
				"name": "bone9",
				"parent": "bone8",
				"pivot": [0, 4, 6.41493],
				"rotation": [34, 0, 0]
			},
			{
				"name": "bone10",
				"parent": "bone9",
				"pivot": [0, 4, 6.41493],
				"rotation": [0, -18.43495, 0],
				"cubes": [
					{"origin": [-1.5, 4, 5.91493], "size": [3, 6, 1], "uv": [107, 112]}
				]
			},
			{
				"name": "bone11",
				"parent": "bone",
				"pivot": [0, 4, 0],
				"rotation": [0, -83.07692, 0]
			},
			{
				"name": "bone12",
				"parent": "bone11",
				"pivot": [0, 4, 6.41493],
				"rotation": [34, 0, 0]
			},
			{
				"name": "bone13",
				"parent": "bone12",
				"pivot": [0, 4, 6.41493],
				"rotation": [0, -18.43495, 0],
				"cubes": [
					{"origin": [-1.5, 4, 5.91493], "size": [3, 6, 1], "uv": [112, 90]}
				]
			},
			{
				"name": "bone14",
				"parent": "bone",
				"pivot": [0, 4, 0],
				"rotation": [0, -110.76923, 0]
			},
			{
				"name": "bone15",
				"parent": "bone14",
				"pivot": [0, 4, 6.41493],
				"rotation": [34, 0, 0]
			},
			{
				"name": "bone16",
				"parent": "bone15",
				"pivot": [0, 4, 6.41493],
				"rotation": [0, -18.43495, 0],
				"cubes": [
					{"origin": [-1.5, 4, 5.91493], "size": [3, 6, 1], "uv": [75, 112]}
				]
			},
			{
				"name": "bone17",
				"parent": "bone",
				"pivot": [0, 4, 0],
				"rotation": [0, -138.46154, 0]
			},
			{
				"name": "bone18",
				"parent": "bone17",
				"pivot": [0, 4, 6.41493],
				"rotation": [34, 0, 0]
			},
			{
				"name": "bone19",
				"parent": "bone18",
				"pivot": [0, 4, 6.41493],
				"rotation": [0, -18.43495, 0],
				"cubes": [
					{"origin": [-1.5, 4, 5.91493], "size": [3, 6, 1], "uv": [112, 26]}
				]
			},
			{
				"name": "bone20",
				"parent": "bone",
				"pivot": [0, 4, 0],
				"rotation": [0, -166.15385, 0]
			},
			{
				"name": "bone21",
				"parent": "bone20",
				"pivot": [0, 4, 6.41493],
				"rotation": [34, 0, 0]
			},
			{
				"name": "bone22",
				"parent": "bone21",
				"pivot": [0, 4, 6.41493],
				"rotation": [0, -18.43495, 0],
				"cubes": [
					{"origin": [-1.5, 4, 5.91493], "size": [3, 6, 1], "uv": [112, 0]}
				]
			},
			{
				"name": "bone23",
				"parent": "bone",
				"pivot": [0, 4, 0],
				"rotation": [0, -193.84615, 0]
			},
			{
				"name": "bone24",
				"parent": "bone23",
				"pivot": [0, 4, 6.41493],
				"rotation": [34, 0, 0]
			},
			{
				"name": "bone25",
				"parent": "bone24",
				"pivot": [0, 4, 6.41493],
				"rotation": [0, -18.43495, 0],
				"cubes": [
					{"origin": [-1.5, 4, 5.91493], "size": [3, 6, 1], "uv": [111, 48]}
				]
			},
			{
				"name": "bone26",
				"parent": "bone",
				"pivot": [0, 4, 0],
				"rotation": [0, -221.53846, 0]
			},
			{
				"name": "bone27",
				"parent": "bone26",
				"pivot": [0, 4, 6.41493],
				"rotation": [34, 0, 0]
			},
			{
				"name": "bone28",
				"parent": "bone27",
				"pivot": [0, 4, 6.41493],
				"rotation": [0, -18.43495, 0],
				"cubes": [
					{"origin": [-1.5, 4, 5.91493], "size": [3, 6, 1], "uv": [29, 111]}
				]
			},
			{
				"name": "bone29",
				"parent": "bone",
				"pivot": [0, 4, 0],
				"rotation": [0, -249.23077, 0]
			},
			{
				"name": "bone30",
				"parent": "bone29",
				"pivot": [0, 4, 6.41493],
				"rotation": [34, 0, 0]
			},
			{
				"name": "bone31",
				"parent": "bone30",
				"pivot": [0, 4, 6.41493],
				"rotation": [0, -18.43495, 0],
				"cubes": [
					{"origin": [-1.5, 4, 5.91493], "size": [3, 6, 1], "uv": [110, 83]}
				]
			},
			{
				"name": "bone32",
				"parent": "bone",
				"pivot": [0, 4, 0],
				"rotation": [0, -276.92308, 0]
			},
			{
				"name": "bone33",
				"parent": "bone32",
				"pivot": [0, 4, 6.41493],
				"rotation": [34, 0, 0]
			},
			{
				"name": "bone34",
				"parent": "bone33",
				"pivot": [0, 4, 6.41493],
				"rotation": [0, -18.43495, 0],
				"cubes": [
					{"origin": [-1.5, 4, 5.91493], "size": [3, 6, 1], "uv": [110, 60]}
				]
			},
			{
				"name": "bone35",
				"parent": "bone",
				"pivot": [0, 4, 0],
				"rotation": [0, -304.61538, 0]
			},
			{
				"name": "bone36",
				"parent": "bone35",
				"pivot": [0, 4, 6.41493],
				"rotation": [34, 0, 0]
			},
			{
				"name": "bone37",
				"parent": "bone36",
				"pivot": [0, 4, 6.41493],
				"rotation": [0, -18.43495, 0],
				"cubes": [
					{"origin": [-1.5, 4, 5.91493], "size": [3, 6, 1], "uv": [41, 110]}
				]
			},
			{
				"name": "bone38",
				"parent": "bone",
				"pivot": [0, 4, 0],
				"rotation": [0, -332.30769, 0]
			},
			{
				"name": "bone39",
				"parent": "bone38",
				"pivot": [0, 4, 6.41493],
				"rotation": [34, 0, 0]
			},
			{
				"name": "bone40",
				"parent": "bone39",
				"pivot": [0, 4, 6.41493],
				"rotation": [0, -18.43495, 0],
				"cubes": [
					{"origin": [-1.5, 4, 5.91493], "size": [3, 6, 1], "uv": [109, 98]}
				]
			},
			{
				"name": "bone138",
				"parent": "sittingRotationSkirt",
				"pivot": [0, 15.5, 0]
			},
			{
				"name": "bone139",
				"parent": "bone138",
				"pivot": [0, 5, 0]
			},
			{
				"name": "bone140",
				"parent": "bone139",
				"pivot": [0, 5, 6.41493],
				"rotation": [34, 0, 0]
			},
			{
				"name": "bone141",
				"parent": "bone140",
				"pivot": [0, 5, 6.41493],
				"rotation": [0, -18.43495, 0],
				"cubes": [
					{"origin": [-1.5, 5, 5.91493], "size": [3, 6, 1], "uv": [109, 18]}
				]
			},
			{
				"name": "bone142",
				"parent": "bone138",
				"pivot": [0, 5, 0],
				"rotation": [0, -27.69231, 0]
			},
			{
				"name": "bone143",
				"parent": "bone142",
				"pivot": [0, 5, 6.41493],
				"rotation": [34, 0, 0]
			},
			{
				"name": "bone144",
				"parent": "bone143",
				"pivot": [0, 5, 6.41493],
				"rotation": [0, -18.43495, 0],
				"cubes": [
					{"origin": [-1.5, 5, 5.91493], "size": [3, 6, 1], "uv": [8, 109]}
				]
			},
			{
				"name": "bone145",
				"parent": "bone138",
				"pivot": [0, 5, 0],
				"rotation": [0, -55.38462, 0]
			},
			{
				"name": "bone146",
				"parent": "bone145",
				"pivot": [0, 5, 6.41493],
				"rotation": [34, 0, 0]
			},
			{
				"name": "bone147",
				"parent": "bone146",
				"pivot": [0, 5, 6.41493],
				"rotation": [0, -18.43495, 0],
				"cubes": [
					{"origin": [-1.5, 5, 5.91493], "size": [3, 6, 1], "uv": [108, 105]}
				]
			},
			{
				"name": "bone148",
				"parent": "bone138",
				"pivot": [0, 5, 0],
				"rotation": [0, -83.07692, 0]
			},
			{
				"name": "bone149",
				"parent": "bone148",
				"pivot": [0, 5, 6.41493],
				"rotation": [34, 0, 0]
			},
			{
				"name": "bone150",
				"parent": "bone149",
				"pivot": [0, 5, 6.41493],
				"rotation": [0, -18.43495, 0],
				"cubes": [
					{"origin": [-1.5, 5, 5.91493], "size": [3, 6, 1], "uv": [88, 108]}
				]
			},
			{
				"name": "bone151",
				"parent": "bone138",
				"pivot": [0, 5, 0],
				"rotation": [0, -110.76923, 0]
			},
			{
				"name": "bone152",
				"parent": "bone151",
				"pivot": [0, 5, 6.41493],
				"rotation": [34, 0, 0]
			},
			{
				"name": "bone153",
				"parent": "bone152",
				"pivot": [0, 5, 6.41493],
				"rotation": [0, -18.43495, 0],
				"cubes": [
					{"origin": [-1.5, 5, 5.91493], "size": [3, 6, 1], "uv": [108, 70]}
				]
			},
			{
				"name": "bone154",
				"parent": "bone138",
				"pivot": [0, 5, 0],
				"rotation": [0, -138.46154, 0]
			},
			{
				"name": "bone155",
				"parent": "bone154",
				"pivot": [0, 5, 6.41493],
				"rotation": [34, 0, 0]
			},
			{
				"name": "bone156",
				"parent": "bone155",
				"pivot": [0, 5, 6.41493],
				"rotation": [0, -18.43495, 0],
				"cubes": [
					{"origin": [-1.5, 5, 5.91493], "size": [3, 6, 1], "uv": [58, 108]}
				]
			},
			{
				"name": "bone157",
				"parent": "bone138",
				"pivot": [0, 5, 0],
				"rotation": [0, -166.15385, 0]
			},
			{
				"name": "bone158",
				"parent": "bone157",
				"pivot": [0, 5, 6.41493],
				"rotation": [34, 0, 0]
			},
			{
				"name": "bone159",
				"parent": "bone158",
				"pivot": [0, 5, 6.41493],
				"rotation": [0, -18.43495, 0],
				"cubes": [
					{"origin": [-1.5, 5, 5.91493], "size": [3, 6, 1], "uv": [50, 107]}
				]
			},
			{
				"name": "bone160",
				"parent": "bone138",
				"pivot": [0, 5, 0],
				"rotation": [0, -193.84615, 0]
			},
			{
				"name": "bone161",
				"parent": "bone160",
				"pivot": [0, 5, 6.41493],
				"rotation": [34, 0, 0]
			},
			{
				"name": "bone162",
				"parent": "bone161",
				"pivot": [0, 5, 6.41493],
				"rotation": [0, -18.43495, 0],
				"cubes": [
					{"origin": [-1.5, 5, 5.91493], "size": [3, 6, 1], "uv": [21, 107]}
				]
			},
			{
				"name": "bone163",
				"parent": "bone138",
				"pivot": [0, 5, 0],
				"rotation": [0, -221.53846, 0]
			},
			{
				"name": "bone164",
				"parent": "bone163",
				"pivot": [0, 5, 6.41493],
				"rotation": [34, 0, 0]
			},
			{
				"name": "bone165",
				"parent": "bone164",
				"pivot": [0, 5, 6.41493],
				"rotation": [0, -18.43495, 0],
				"cubes": [
					{"origin": [-1.5, 5, 5.91493], "size": [3, 6, 1], "uv": [0, 107]}
				]
			},
			{
				"name": "bone166",
				"parent": "bone138",
				"pivot": [0, 5, 0],
				"rotation": [0, -249.23077, 0]
			},
			{
				"name": "bone167",
				"parent": "bone166",
				"pivot": [0, 5, 6.41493],
				"rotation": [34, 0, 0]
			},
			{
				"name": "bone168",
				"parent": "bone167",
				"pivot": [0, 5, 6.41493],
				"rotation": [0, -18.43495, 0],
				"cubes": [
					{"origin": [-1.5, 5, 5.91493], "size": [3, 6, 1], "uv": [100, 106]}
				]
			},
			{
				"name": "bone169",
				"parent": "bone138",
				"pivot": [0, 5, 0],
				"rotation": [0, -276.92308, 0]
			},
			{
				"name": "bone170",
				"parent": "bone169",
				"pivot": [0, 5, 6.41493],
				"rotation": [34, 0, 0]
			},
			{
				"name": "bone171",
				"parent": "bone170",
				"pivot": [0, 5, 6.41493],
				"rotation": [0, -18.43495, 0],
				"cubes": [
					{"origin": [-1.5, 5, 5.91493], "size": [3, 6, 1], "uv": [68, 106]}
				]
			},
			{
				"name": "bone172",
				"parent": "bone138",
				"pivot": [0, 5, 0],
				"rotation": [0, -304.61538, 0]
			},
			{
				"name": "bone173",
				"parent": "bone172",
				"pivot": [0, 5, 6.41493],
				"rotation": [34, 0, 0]
			},
			{
				"name": "bone174",
				"parent": "bone173",
				"pivot": [0, 5, 6.41493],
				"rotation": [0, -18.43495, 0],
				"cubes": [
					{"origin": [-1.5, 5, 5.91493], "size": [3, 6, 1], "uv": [42, 103]}
				]
			},
			{
				"name": "bone175",
				"parent": "bone138",
				"pivot": [0, 5, 0],
				"rotation": [0, -332.30769, 0]
			},
			{
				"name": "bone176",
				"parent": "bone175",
				"pivot": [0, 5, 6.41493],
				"rotation": [34, 0, 0]
			},
			{
				"name": "bone177",
				"parent": "bone176",
				"pivot": [0, 5, 6.41493],
				"rotation": [0, -18.43495, 0],
				"cubes": [
					{"origin": [-1.5, 5, 5.91493], "size": [3, 6, 1], "uv": [0, 0]}
				]
			},
			{
				"name": "dahu",
				"parent": "body",
				"pivot": [0, 10.5, 0]
			},
			{
				"name": "bone119",
				"parent": "dahu",
				"pivot": [0, 10.5, 0],
				"cubes": [
					{"origin": [-1, 11.5, 3], "size": [2, 2, 1], "uv": [54, 34]}
				]
			},
			{
				"name": "bone120",
				"parent": "dahu",
				"pivot": [0, 10.5, 0],
				"rotation": [0, -25, -30],
				"cubes": [
					{"origin": [2, 11.5, 2], "size": [11, 3, 1], "uv": [71, 0]}
				]
			},
			{
				"name": "bone121",
				"parent": "dahu",
				"pivot": [0, 10.5, 0],
				"rotation": [0, 25, 30],
				"cubes": [
					{"origin": [-13, 11.5, 2], "size": [11, 3, 1], "uv": [70, 39]}
				]
			},
			{
				"name": "bone122",
				"parent": "dahu",
				"pivot": [0, 10.5, 0],
				"rotation": [30, 0, -35],
				"cubes": [
					{"origin": [-1, -3.5, 3], "size": [3, 13, 1], "uv": [60, 94]}
				]
			},
			{
				"name": "bone123",
				"parent": "dahu",
				"pivot": [0, 10.5, 0],
				"rotation": [30, 0, 35],
				"cubes": [
					{"origin": [-3, -3.5, 3], "size": [3, 13, 1], "uv": [52, 93]}
				]
			},
			{
				"name": "deco4",
				"parent": "body",
				"pivot": [2, 28.25, -2.05],
				"rotation": [-21, 32.5, 0]
			},
			{
				"name": "bone124",
				"parent": "deco4",
				"pivot": [2, 15.75, 3.95]
			},
			{
				"name": "bone125",
				"parent": "bone124",
				"pivot": [2, 28.25, -2.55],
				"rotation": [0, 0, -5],
				"cubes": [
					{"origin": [-2.37624, 12.20759, -0.38302], "size": [3, 1, 1], "uv": [54, 38]}
				]
			},
			{
				"name": "bone126",
				"parent": "bone124",
				"pivot": [2, 28.25, -2.55],
				"rotation": [0, 0, 15],
				"cubes": [
					{"origin": [3.19359, 11.70436, -0.38302], "size": [3, 1, 1], "uv": [38, 12]}
				]
			},
			{
				"name": "bone127",
				"parent": "deco4",
				"pivot": [2, 15.75, 3.95]
			},
			{
				"name": "bone128",
				"parent": "bone127",
				"pivot": [2, 28.25, -2.55],
				"rotation": [0, 0, 5],
				"cubes": [
					{"origin": [-2.60093, 11.68465, -0.38302], "size": [3, 1, 1], "uv": [16, 31]}
				]
			},
			{
				"name": "bone129",
				"parent": "bone127",
				"pivot": [2, 28.25, -2.55],
				"rotation": [0, 0, -15],
				"cubes": [
					{"origin": [-7.98914, 13.25727, -0.38302], "size": [3, 1, 1], "uv": [24, 6]}
				]
			},
			{
				"name": "bone130",
				"parent": "deco4",
				"pivot": [2, 15.75, 3.95],
				"cubes": [
					{"origin": [-1.5, 11.94218, -0.38302], "size": [1, 1, 1], "uv": [33, 0], "inflate": 0.1}
				]
			},
			{
				"name": "bone131",
				"parent": "deco4",
				"pivot": [2.5, 28.21527, -2.24696],
				"rotation": [0, 0, -20],
				"cubes": [
					{"origin": [-6.22567, 11.38684, 0.42002], "size": [1, 3, 0], "uv": [18, 16]}
				]
			},
			{
				"name": "bone132",
				"parent": "deco4",
				"pivot": [1.5, 28.21527, -2.24696],
				"rotation": [0, 0, 20],
				"cubes": [
					{"origin": [3.58752, 9.33472, 0.42002], "size": [1, 3, 0], "uv": [4, 16]}
				]
			},
			{
				"name": "legLeft",
				"pivot": [2, 9, 0],
				"cubes": [
					{"origin": [0.499, 0, -1.5], "size": [3, 9, 3], "uv": [88, 91]}
				]
			},
			{
				"name": "bone133",
				"parent": "legLeft",
				"pivot": [2, 9, 0],
				"cubes": [
					{"origin": [0.499, 0, -1.5], "size": [3, 3.5, 3], "uv": [24, 0], "inflate": 0.1}
				]
			},
			{
				"name": "bone134",
				"parent": "legLeft",
				"pivot": [2, 9, 0],
				"cubes": [
					{"origin": [0.499, 0, -1.5], "size": [3, 2, 3], "uv": [9, 104], "inflate": 0.2}
				]
			},
			{
				"name": "legRight",
				"pivot": [-2, 9, 0],
				"cubes": [
					{"origin": [-3.499, 0, -1.5], "size": [3, 9, 3], "uv": [40, 91]}
				]
			},
			{
				"name": "bone135",
				"parent": "legRight",
				"pivot": [-2, 9, 0],
				"cubes": [
					{"origin": [-3.499, 0, -1.5], "size": [3, 3.5, 3], "uv": [18, 16], "inflate": 0.1}
				]
			},
			{
				"name": "bone136",
				"parent": "legRight",
				"pivot": [-2, 9, 0],
				"cubes": [
					{"origin": [-3.499, 0, -1.5], "size": [3, 2, 3], "uv": [88, 103], "inflate": 0.2}
				]
			},
			{
				"name": "tail",
				"pivot": [0, 8, 4],
				"rotation": [20, 0, 0]
			},
			{
				"name": "tail2",
				"parent": "tail",
				"pivot": [0, 11, 5]
			},
			{
				"name": "tails",
				"parent": "tail2",
				"pivot": [0, 11, 5],
				"rotation": [20, 0, 0]
			},
			{
				"name": "tail1",
				"parent": "tails",
				"pivot": [0, 11, 5],
				"rotation": [180, 0, 0],
				"cubes": [
					{"origin": [-1, 10, 1], "size": [2, 2, 4], "uv": [102, 64]}
				]
			},
			{
				"name": "bone41",
				"parent": "tail1",
				"pivot": [0, 12, 3],
				"rotation": [45, 0, 0],
				"cubes": [
					{"origin": [-1.5, 12, 0], "size": [3, 3, 3], "uv": [103, 33]}
				]
			},
			{
				"name": "bone42",
				"parent": "bone41",
				"pivot": [0, 15, 3],
				"rotation": [41.4096, 0, 0],
				"cubes": [
					{"origin": [-2, 15, -1], "size": [4, 4, 4], "uv": [87, 82]}
				]
			},
			{
				"name": "bone43",
				"parent": "bone42",
				"pivot": [0, 19, 3],
				"rotation": [36.86989, 0, 0],
				"cubes": [
					{"origin": [-2.5, 19, -2], "size": [5, 5, 5], "uv": [15, 73]}
				]
			},
			{
				"name": "bone44",
				"parent": "bone43",
				"pivot": [0, 24, 3],
				"rotation": [33.55731, 0, 0],
				"cubes": [
					{"origin": [-3, 24, -3], "size": [6, 6, 6], "uv": [36, 46]}
				]
			},
			{
				"name": "bone45",
				"parent": "bone44",
				"pivot": [0, 30, 3],
				"rotation": [33.5573, 0, 0],
				"cubes": [
					{"origin": [-2.5, 30, -2], "size": [5, 5, 5], "uv": [71, 5]}
				]
			},
			{
				"name": "bone46",
				"parent": "bone45",
				"pivot": [0, 35, 3],
				"rotation": [36.86989, 0, 0],
				"cubes": [
					{"origin": [-2, 35, -1], "size": [4, 4, 4], "uv": [24, 87]}
				]
			},
			{
				"name": "bone47",
				"parent": "bone46",
				"pivot": [0, 39, 3],
				"rotation": [41.40962, 0, 0],
				"cubes": [
					{"origin": [-1.5, 39, 0], "size": [3, 3, 3], "uv": [103, 6]}
				]
			},
			{
				"name": "bone48",
				"parent": "bone47",
				"pivot": [0, 42, 3],
				"rotation": [45, 0, 0],
				"cubes": [
					{"origin": [-1, 42, 1], "size": [2, 2, 2], "uv": [96, 68]}
				]
			},
			{
				"name": "tail3",
				"parent": "tails",
				"pivot": [0, 11, 5],
				"rotation": [180, -60, 0],
				"cubes": [
					{"origin": [-1, 10, 1], "size": [2, 2, 4], "uv": [101, 21]}
				]
			},
			{
				"name": "bone49",
				"parent": "tail3",
				"pivot": [0, 12, 3],
				"rotation": [45, 0, 0],
				"cubes": [
					{"origin": [-1.5, 12, 0], "size": [3, 3, 3], "uv": [102, 54]}
				]
			},
			{
				"name": "bone50",
				"parent": "bone49",
				"pivot": [0, 15, 3],
				"rotation": [41.4096, 0, 0],
				"cubes": [
					{"origin": [-2, 15, -1], "size": [4, 4, 4], "uv": [0, 87]}
				]
			},
			{
				"name": "bone51",
				"parent": "bone50",
				"pivot": [0, 19, 3],
				"rotation": [36.86989, 0, 0],
				"cubes": [
					{"origin": [-2.5, 19, -2], "size": [5, 5, 5], "uv": [70, 58]}
				]
			},
			{
				"name": "bone52",
				"parent": "bone51",
				"pivot": [0, 24, 3],
				"rotation": [33.55731, 0, 0],
				"cubes": [
					{"origin": [-3, 24, -3], "size": [6, 6, 6], "uv": [0, 46]}
				]
			},
			{
				"name": "bone53",
				"parent": "bone52",
				"pivot": [0, 30, 3],
				"rotation": [33.5573, 0, 0],
				"cubes": [
					{"origin": [-2.5, 30, -2], "size": [5, 5, 5], "uv": [70, 46]}
				]
			},
			{
				"name": "bone54",
				"parent": "bone53",
				"pivot": [0, 35, 3],
				"rotation": [36.86989, 0, 0],
				"cubes": [
					{"origin": [-2, 35, -1], "size": [4, 4, 4], "uv": [75, 86]}
				]
			},
			{
				"name": "bone55",
				"parent": "bone54",
				"pivot": [0, 39, 3],
				"rotation": [41.40962, 0, 0],
				"cubes": [
					{"origin": [-1.5, 39, 0], "size": [3, 3, 3], "uv": [101, 42]}
				]
			},
			{
				"name": "bone56",
				"parent": "bone55",
				"pivot": [0, 42, 3],
				"rotation": [45, 0, 0],
				"cubes": [
					{"origin": [-1, 42, 1], "size": [2, 2, 2], "uv": [93, 31]}
				]
			},
			{
				"name": "tail4",
				"parent": "tails",
				"pivot": [0, 11, 5],
				"rotation": [180, 60, 0],
				"cubes": [
					{"origin": [-1, 10, 1], "size": [2, 2, 4], "uv": [68, 100]}
				]
			},
			{
				"name": "bone57",
				"parent": "tail4",
				"pivot": [0, 12, 3],
				"rotation": [45, 0, 0],
				"cubes": [
					{"origin": [-1.5, 12, 0], "size": [3, 3, 3], "uv": [22, 101]}
				]
			},
			{
				"name": "bone58",
				"parent": "bone57",
				"pivot": [0, 15, 3],
				"rotation": [41.4096, 0, 0],
				"cubes": [
					{"origin": [-2, 15, -1], "size": [4, 4, 4], "uv": [59, 86]}
				]
			},
			{
				"name": "bone59",
				"parent": "bone58",
				"pivot": [0, 19, 3],
				"rotation": [36.86989, 0, 0],
				"cubes": [
					{"origin": [-2.5, 19, -2], "size": [5, 5, 5], "uv": [64, 68]}
				]
			},
			{
				"name": "bone60",
				"parent": "bone59",
				"pivot": [0, 24, 3],
				"rotation": [33.55731, 0, 0],
				"cubes": [
					{"origin": [-3, 24, -3], "size": [6, 6, 6], "uv": [42, 22]}
				]
			},
			{
				"name": "bone61",
				"parent": "bone60",
				"pivot": [0, 30, 3],
				"rotation": [33.5573, 0, 0],
				"cubes": [
					{"origin": [-2.5, 30, -2], "size": [5, 5, 5], "uv": [30, 68]}
				]
			},
			{
				"name": "bone62",
				"parent": "bone61",
				"pivot": [0, 35, 3],
				"rotation": [36.86989, 0, 0],
				"cubes": [
					{"origin": [-2, 35, -1], "size": [4, 4, 4], "uv": [86, 52]}
				]
			},
			{
				"name": "bone63",
				"parent": "bone62",
				"pivot": [0, 39, 3],
				"rotation": [41.40962, 0, 0],
				"cubes": [
					{"origin": [-1.5, 39, 0], "size": [3, 3, 3], "uv": [0, 101]}
				]
			},
			{
				"name": "bone64",
				"parent": "bone63",
				"pivot": [0, 42, 3],
				"rotation": [45, 0, 0],
				"cubes": [
					{"origin": [-1, 42, 1], "size": [2, 2, 2], "uv": [92, 15]}
				]
			},
			{
				"name": "tail5",
				"parent": "tails",
				"pivot": [0, 11, 5],
				"rotation": [120, -60, 0],
				"cubes": [
					{"origin": [-1, 10, 1], "size": [2, 2, 4], "uv": [100, 27]}
				]
			},
			{
				"name": "bone65",
				"parent": "tail5",
				"pivot": [0, 12, 3],
				"rotation": [45, 0, 0],
				"cubes": [
					{"origin": [-1.5, 12, 0], "size": [3, 3, 3], "uv": [97, 100]}
				]
			},
			{
				"name": "bone66",
				"parent": "bone65",
				"pivot": [0, 15, 3],
				"rotation": [41.4096, 0, 0],
				"cubes": [
					{"origin": [-2, 15, -1], "size": [4, 4, 4], "uv": [85, 43]}
				]
			},
			{
				"name": "bone67",
				"parent": "bone66",
				"pivot": [0, 19, 3],
				"rotation": [36.86989, 0, 0],
				"cubes": [
					{"origin": [-2.5, 19, -2], "size": [5, 5, 5], "uv": [0, 68]}
				]
			},
			{
				"name": "bone68",
				"parent": "bone67",
				"pivot": [0, 24, 3],
				"rotation": [33.55731, 0, 0],
				"cubes": [
					{"origin": [-3, 24, -3], "size": [6, 6, 6], "uv": [18, 40]}
				]
			},
			{
				"name": "bone69",
				"parent": "bone68",
				"pivot": [0, 30, 3],
				"rotation": [33.5573, 0, 0],
				"cubes": [
					{"origin": [-2.5, 30, -2], "size": [5, 5, 5], "uv": [49, 63]}
				]
			},
			{
				"name": "bone70",
				"parent": "bone69",
				"pivot": [0, 35, 3],
				"rotation": [36.86989, 0, 0],
				"cubes": [
					{"origin": [-2, 35, -1], "size": [4, 4, 4], "uv": [84, 68]}
				]
			},
			{
				"name": "bone71",
				"parent": "bone70",
				"pivot": [0, 39, 3],
				"rotation": [41.40962, 0, 0],
				"cubes": [
					{"origin": [-1.5, 39, 0], "size": [3, 3, 3], "uv": [100, 92]}
				]
			},
			{
				"name": "bone72",
				"parent": "bone71",
				"pivot": [0, 42, 3],
				"rotation": [45, 0, 0],
				"cubes": [
					{"origin": [-1, 42, 1], "size": [2, 2, 2], "uv": [71, 86]}
				]
			},
			{
				"name": "tail6",
				"parent": "tails",
				"pivot": [0, 11, 5],
				"rotation": [120, 60, 0],
				"cubes": [
					{"origin": [-1, 10, 1], "size": [2, 2, 4], "uv": [99, 86]}
				]
			},
			{
				"name": "bone73",
				"parent": "tail6",
				"pivot": [0, 12, 3],
				"rotation": [45, 0, 0],
				"cubes": [
					{"origin": [-1.5, 12, 0], "size": [3, 3, 3], "uv": [100, 12]}
				]
			},
			{
				"name": "bone74",
				"parent": "bone73",
				"pivot": [0, 15, 3],
				"rotation": [41.4096, 0, 0],
				"cubes": [
					{"origin": [-2, 15, -1], "size": [4, 4, 4], "uv": [43, 83]}
				]
			},
			{
				"name": "bone75",
				"parent": "bone74",
				"pivot": [0, 19, 3],
				"rotation": [36.86989, 0, 0],
				"cubes": [
					{"origin": [-2.5, 19, -2], "size": [5, 5, 5], "uv": [15, 63]}
				]
			},
			{
				"name": "bone76",
				"parent": "bone75",
				"pivot": [0, 24, 3],
				"rotation": [33.55731, 0, 0],
				"cubes": [
					{"origin": [-3, 24, -3], "size": [6, 6, 6], "uv": [36, 34]}
				]
			},
			{
				"name": "bone77",
				"parent": "bone76",
				"pivot": [0, 30, 3],
				"rotation": [33.5573, 0, 0],
				"cubes": [
					{"origin": [-2.5, 30, -2], "size": [5, 5, 5], "uv": [61, 29]}
				]
			},
			{
				"name": "bone78",
				"parent": "bone77",
				"pivot": [0, 35, 3],
				"rotation": [36.86989, 0, 0],
				"cubes": [
					{"origin": [-2, 35, -1], "size": [4, 4, 4], "uv": [12, 83]}
				]
			},
			{
				"name": "bone79",
				"parent": "bone78",
				"pivot": [0, 39, 3],
				"rotation": [41.40962, 0, 0],
				"cubes": [
					{"origin": [-1.5, 39, 0], "size": [3, 3, 3], "uv": [100, 0]}
				]
			},
			{
				"name": "bone80",
				"parent": "bone79",
				"pivot": [0, 42, 3],
				"rotation": [45, 0, 0],
				"cubes": [
					{"origin": [-1, 42, 1], "size": [2, 2, 2], "uv": [79, 68]}
				]
			},
			{
				"name": "tail7",
				"parent": "tails",
				"pivot": [0, 11, 5],
				"rotation": [150, 90, 0],
				"cubes": [
					{"origin": [-1, 10, 1], "size": [2, 2, 4], "uv": [76, 96]}
				]
			},
			{
				"name": "bone81",
				"parent": "tail7",
				"pivot": [0, 12, 3],
				"rotation": [45, 0, 0],
				"cubes": [
					{"origin": [-1.5, 12, 0], "size": [3, 3, 3], "uv": [99, 78]}
				]
			},
			{
				"name": "bone82",
				"parent": "bone81",
				"pivot": [0, 15, 3],
				"rotation": [41.4096, 0, 0],
				"cubes": [
					{"origin": [-2, 15, -1], "size": [4, 4, 4], "uv": [81, 31]}
				]
			},
			{
				"name": "bone83",
				"parent": "bone82",
				"pivot": [0, 19, 3],
				"rotation": [36.86989, 0, 0],
				"cubes": [
					{"origin": [-2.5, 19, -2], "size": [5, 5, 5], "uv": [60, 17]}
				]
			},
			{
				"name": "bone84",
				"parent": "bone83",
				"pivot": [0, 24, 3],
				"rotation": [33.55731, 0, 0],
				"cubes": [
					{"origin": [-3, 24, -3], "size": [6, 6, 6], "uv": [0, 34]}
				]
			},
			{
				"name": "bone85",
				"parent": "bone84",
				"pivot": [0, 30, 3],
				"rotation": [33.5573, 0, 0],
				"cubes": [
					{"origin": [-2.5, 30, -2], "size": [5, 5, 5], "uv": [34, 58]}
				]
			},
			{
				"name": "bone86",
				"parent": "bone85",
				"pivot": [0, 35, 3],
				"rotation": [36.86989, 0, 0],
				"cubes": [
					{"origin": [-2, 35, -1], "size": [4, 4, 4], "uv": [80, 15]}
				]
			},
			{
				"name": "bone87",
				"parent": "bone86",
				"pivot": [0, 39, 3],
				"rotation": [41.40962, 0, 0],
				"cubes": [
					{"origin": [-1.5, 39, 0], "size": [3, 3, 3], "uv": [98, 48]}
				]
			},
			{
				"name": "bone88",
				"parent": "bone87",
				"pivot": [0, 42, 3],
				"rotation": [45, 0, 0],
				"cubes": [
					{"origin": [-1, 42, 1], "size": [2, 2, 2], "uv": [70, 78]}
				]
			},
			{
				"name": "tail8",
				"parent": "tails",
				"pivot": [0, 11, 5],
				"rotation": [150, 30, 0],
				"cubes": [
					{"origin": [-1, 10, 1], "size": [2, 2, 4], "uv": [96, 72]}
				]
			},
			{
				"name": "bone89",
				"parent": "tail8",
				"pivot": [0, 12, 3],
				"rotation": [45, 0, 0],
				"cubes": [
					{"origin": [-1.5, 12, 0], "size": [3, 3, 3], "uv": [25, 95]}
				]
			},
			{
				"name": "bone90",
				"parent": "bone89",
				"pivot": [0, 15, 3],
				"rotation": [41.4096, 0, 0],
				"cubes": [
					{"origin": [-2, 15, -1], "size": [4, 4, 4], "uv": [31, 79]}
				]
			},
			{
				"name": "bone91",
				"parent": "bone90",
				"pivot": [0, 19, 3],
				"rotation": [36.86989, 0, 0],
				"cubes": [
					{"origin": [-2.5, 19, -2], "size": [5, 5, 5], "uv": [0, 58]}
				]
			},
			{
				"name": "bone92",
				"parent": "bone91",
				"pivot": [0, 24, 3],
				"rotation": [33.55731, 0, 0],
				"cubes": [
					{"origin": [-3, 24, -3], "size": [6, 6, 6], "uv": [32, 0]}
				]
			},
			{
				"name": "bone93",
				"parent": "bone92",
				"pivot": [0, 30, 3],
				"rotation": [33.5573, 0, 0],
				"cubes": [
					{"origin": [-2.5, 30, -2], "size": [5, 5, 5], "uv": [56, 0]}
				]
			},
			{
				"name": "bone94",
				"parent": "bone93",
				"pivot": [0, 35, 3],
				"rotation": [36.86989, 0, 0],
				"cubes": [
					{"origin": [-2, 35, -1], "size": [4, 4, 4], "uv": [0, 79]}
				]
			},
			{
				"name": "bone95",
				"parent": "bone94",
				"pivot": [0, 39, 3],
				"rotation": [41.40962, 0, 0],
				"cubes": [
					{"origin": [-1.5, 39, 0], "size": [3, 3, 3], "uv": [0, 95]}
				]
			},
			{
				"name": "bone96",
				"parent": "bone95",
				"pivot": [0, 42, 3],
				"rotation": [45, 0, 0],
				"cubes": [
					{"origin": [-1, 42, 1], "size": [2, 2, 2], "uv": [75, 15]}
				]
			},
			{
				"name": "tail9",
				"parent": "tails",
				"pivot": [0, 11, 5],
				"rotation": [150, -30, 0],
				"cubes": [
					{"origin": [-1, 10, 1], "size": [2, 2, 4], "uv": [68, 94]}
				]
			},
			{
				"name": "bone97",
				"parent": "tail9",
				"pivot": [0, 12, 3],
				"rotation": [45, 0, 0],
				"cubes": [
					{"origin": [-1.5, 12, 0], "size": [3, 3, 3], "uv": [94, 36]}
				]
			},
			{
				"name": "bone98",
				"parent": "bone97",
				"pivot": [0, 15, 3],
				"rotation": [41.4096, 0, 0],
				"cubes": [
					{"origin": [-2, 15, -1], "size": [4, 4, 4], "uv": [74, 78]}
				]
			},
			{
				"name": "bone99",
				"parent": "bone98",
				"pivot": [0, 19, 3],
				"rotation": [36.86989, 0, 0],
				"cubes": [
					{"origin": [-2.5, 19, -2], "size": [5, 5, 5], "uv": [55, 53]}
				]
			},
			{
				"name": "bone100",
				"parent": "bone99",
				"pivot": [0, 24, 3],
				"rotation": [33.55731, 0, 0],
				"cubes": [
					{"origin": [-3, 24, -3], "size": [6, 6, 6], "uv": [18, 28]}
				]
			},
			{
				"name": "bone101",
				"parent": "bone100",
				"pivot": [0, 30, 3],
				"rotation": [33.5573, 0, 0],
				"cubes": [
					{"origin": [-2.5, 30, -2], "size": [5, 5, 5], "uv": [55, 41]}
				]
			},
			{
				"name": "bone102",
				"parent": "bone101",
				"pivot": [0, 35, 3],
				"rotation": [36.86989, 0, 0],
				"cubes": [
					{"origin": [-2, 35, -1], "size": [4, 4, 4], "uv": [58, 78]}
				]
			},
			{
				"name": "bone103",
				"parent": "bone102",
				"pivot": [0, 39, 3],
				"rotation": [41.40962, 0, 0],
				"cubes": [
					{"origin": [-1.5, 39, 0], "size": [3, 3, 3], "uv": [92, 25]}
				]
			},
			{
				"name": "bone104",
				"parent": "bone103",
				"pivot": [0, 42, 3],
				"rotation": [45, 0, 0],
				"cubes": [
					{"origin": [-1, 42, 1], "size": [2, 2, 2], "uv": [50, 0]}
				]
			},
			{
				"name": "tail10",
				"parent": "tails",
				"pivot": [0, 11, 5],
				"rotation": [150, -90, 0],
				"cubes": [
					{"origin": [-1, 10, 1], "size": [2, 2, 4], "uv": [92, 19]}
				]
			},
			{
				"name": "bone105",
				"parent": "tail10",
				"pivot": [0, 12, 3],
				"rotation": [45, 0, 0],
				"cubes": [
					{"origin": [-1.5, 12, 0], "size": [3, 3, 3], "uv": [86, 76]}
				]
			},
			{
				"name": "bone106",
				"parent": "bone105",
				"pivot": [0, 15, 3],
				"rotation": [41.4096, 0, 0],
				"cubes": [
					{"origin": [-2, 15, -1], "size": [4, 4, 4], "uv": [76, 23]}
				]
			},
			{
				"name": "bone107",
				"parent": "bone106",
				"pivot": [0, 19, 3],
				"rotation": [36.86989, 0, 0],
				"cubes": [
					{"origin": [-2.5, 19, -2], "size": [5, 5, 5], "uv": [19, 53]}
				]
			},
			{
				"name": "bone108",
				"parent": "bone107",
				"pivot": [0, 24, 3],
				"rotation": [33.55731, 0, 0],
				"cubes": [
					{"origin": [-3, 24, -3], "size": [6, 6, 6], "uv": [24, 16]}
				]
			},
			{
				"name": "bone109",
				"parent": "bone108",
				"pivot": [0, 30, 3],
				"rotation": [33.5573, 0, 0],
				"cubes": [
					{"origin": [-2.5, 30, -2], "size": [5, 5, 5], "uv": [42, 12]}
				]
			},
			{
				"name": "bone110",
				"parent": "bone109",
				"pivot": [0, 35, 3],
				"rotation": [36.86989, 0, 0],
				"cubes": [
					{"origin": [-2, 35, -1], "size": [4, 4, 4], "uv": [46, 74]}
				]
			},
			{
				"name": "bone111",
				"parent": "bone110",
				"pivot": [0, 39, 3],
				"rotation": [41.40962, 0, 0],
				"cubes": [
					{"origin": [-1.5, 39, 0], "size": [3, 3, 3], "uv": [57, 10]}
				]
			},
			{
				"name": "bone112",
				"parent": "bone111",
				"pivot": [0, 42, 3],
				"rotation": [45, 0, 0],
				"cubes": [
					{"origin": [-1, 42, 1], "size": [2, 2, 2], "uv": [32, 12]}
				]
			}
		]
	}
}