{
	"pack_name": "{maid_pack.at_least_six_characters.name}",
	"model_list": [
		{
			"model_id": "at_least_six_characters:112",
			"is_gecko": true,
			"animation": ["at_least_six_characters:animation/at_least_six_characters.112.main.animation.json"],
			"render_entity_scale": 0.65
		},
		{
			"model_id": "at_least_six_characters:113",
			"is_gecko": true,
			"render_entity_scale": 0.65,
			"animation": ["at_least_six_characters:animation/at_least_six_characters.113.main.animation.json"]
		},
		{
			"model_id": "at_least_six_characters:111",
			"is_gecko": true,
			"render_entity_scale": 0.65,
			"animation": ["at_least_six_characters:animation/at_least_six_characters.111.main.animation.json"]
		},
		{
			"model_id": "at_least_six_characters:114",
			"is_gecko": true,
			"easter_egg": {
				"encrypt": false,
				"tag": "大喷菇"
			},
			"description": ["{model.at_least_six_characters.114.desc}"]
		},
		{
			"model_id": "at_least_six_characters:115",
			"is_gecko": true,
			"easter_egg": {
				"encrypt": false,
				"tag": "芙蓉王"
			},
			"description": ["{model.at_least_six_characters.115.desc}"]
		}
	],
	"version": "1.0.0",
	"author": ["老杰克qvq"],
	"description": ["{maid_pack.at_least_six_characters.desc}"],
	"date": "2023-12-26",
	"icon": "at_least_six_characters:textures/maid_icon.png"
}