{
	"format_version": "1.12.0",
	"minecraft:geometry": [
		{
			"description": {
				"identifier": "geometry.default",
				"texture_width": 128,
				"texture_height": 128,
				"visible_bounds_width": 6,
				"visible_bounds_height": 6.5,
				"visible_bounds_offset": [0, 2.75, 0]
			},
			"bones": [
				{
					"name": "LeftArm",
					"pivot": [4.15, 29.6, 0],
					"cubes": [
						{
							"origin": [2.75, 24.55, -1.5],
							"size": [2.55, 6.2, 3.05],
							"uv": {
								"north": {"uv": [3, 62], "uv_size": [2.5, 6]},
								"east": {"uv": [40, 52], "uv_size": [3, 6]},
								"south": {"uv": [62, 29], "uv_size": [2.5, 6]},
								"west": {"uv": [3, 56], "uv_size": [3, 6]},
								"up": {"uv": [85, 0], "uv_size": [2.5, 3]},
								"down": {"uv": [7, 88], "uv_size": [2.5, -3]}
							}
						},
						{
							"origin": [2.65, 24.1, -1.75],
							"size": [2.75, 5, 3.5],
							"uv": {
								"north": {"uv": [62, 35], "uv_size": [3, 5]},
								"east": {"uv": [52, 58], "uv_size": [3.5, 5]},
								"south": {"uv": [62, 40], "uv_size": [3, 5]},
								"west": {"uv": [58, 54], "uv_size": [3.5, 5]},
								"up": {"uv": [74, 37], "uv_size": [3, 3.5]},
								"down": {"uv": [74, 48.5], "uv_size": [3, -3.5]}
							}
						},
						{
							"origin": [3.90565, 24.17658, -1.25],
							"size": [1.5, 4.75, 2.5],
							"pivot": [4.15, 29.7, 0],
							"rotation": [0, 0, -5],
							"uv": {
								"north": {"uv": [16, 85], "uv_size": [1.5, 5]},
								"east": {"uv": [15, 66], "uv_size": [2.5, 5]},
								"south": {"uv": [25, 85], "uv_size": [1.5, 5]},
								"west": {"uv": [66, 41], "uv_size": [2.5, 5]},
								"up": {"uv": [102, 12], "uv_size": [1.5, 2.5]},
								"down": {"uv": [102, 17.5], "uv_size": [1.5, -2.5]}
							}
						},
						{
							"origin": [3.65565, 24.07658, -1.7],
							"size": [1.5, 4.75, 2.75],
							"pivot": [3.9, 29.6, -0.2],
							"rotation": [-179.99971, -0.87046, -175.03786],
							"uv": {
								"north": {"uv": [37, 85], "uv_size": [1.5, 5]},
								"east": {"uv": [62, 53], "uv_size": [3, 5]},
								"south": {"uv": [39, 85], "uv_size": [1.5, 5]},
								"west": {"uv": [56, 62], "uv_size": [3, 5]},
								"up": {"uv": [4, 97], "uv_size": [1.5, 3]},
								"down": {"uv": [97, 13], "uv_size": [1.5, -3]}
							}
						},
						{
							"origin": [4.15468, 24.05496, -1.59622],
							"size": [1.5, 4.75, 2.5],
							"pivot": [4.15, 29.6, -0.2],
							"rotation": [-99.92455, 84.96228, -99.96256],
							"uv": {
								"north": {"uv": [52, 85], "uv_size": [1.5, 5]},
								"east": {"uv": [67, 0], "uv_size": [2.5, 5]},
								"south": {"uv": [54, 85], "uv_size": [1.5, 5]},
								"west": {"uv": [6, 67], "uv_size": [2.5, 5]},
								"up": {"uv": [102, 28], "uv_size": [1.5, 2.5]},
								"down": {"uv": [41, 104.5], "uv_size": [1.5, -2.5]}
							}
						},
						{
							"origin": [4.15468, 24.05496, -0.90378],
							"size": [1.5, 4.75, 2.5],
							"pivot": [4.15, 29.6, 0.2],
							"rotation": [99.92455, -84.96228, -99.96256],
							"uv": {
								"north": {"uv": [56, 85], "uv_size": [1.5, 5]},
								"east": {"uv": [9, 67], "uv_size": [2.5, 5]},
								"south": {"uv": [84, 85], "uv_size": [1.5, 5]},
								"west": {"uv": [56, 67], "uv_size": [2.5, 5]},
								"up": {"uv": [43, 102], "uv_size": [1.5, 2.5]},
								"down": {"uv": [45, 104.5], "uv_size": [1.5, -2.5]}
							}
						}
					]
				},
				{
					"name": "LeftForeArm2",
					"parent": "LeftArm",
					"pivot": [3.625, 24.4, 0.025],
					"cubes": [
						{
							"origin": [2.85, 23.57586, -0.85842],
							"size": [2.35, 2.1, 2.1],
							"pivot": [4.025, 24.82586, 0.09158],
							"rotation": [-45, 0, 0],
							"uv": {
								"north": {"uv": [95, 87], "uv_size": [2.5, 2]},
								"east": {"uv": [101, 23], "uv_size": [2, 2]},
								"south": {"uv": [96, 6], "uv_size": [2.5, 2]},
								"west": {"uv": [101, 35], "uv_size": [2, 2]},
								"up": {"uv": [96, 42], "uv_size": [2.5, 2]},
								"down": {"uv": [96, 66], "uv_size": [2.5, -2]}
							}
						},
						{
							"origin": [2.775, 18.65, -1.475],
							"size": [2.5, 6, 3],
							"uv": {
								"north": {"uv": [20, 63], "uv_size": [2.5, 6]},
								"east": {"uv": [36, 57], "uv_size": [3, 6]},
								"south": {"uv": [23, 63], "uv_size": [2.5, 6]},
								"west": {"uv": [43, 57], "uv_size": [3, 6]},
								"up": {"uv": [0, 86], "uv_size": [2.5, 3]},
								"down": {"uv": [86, 21], "uv_size": [2.5, -3]}
							}
						}
					]
				},
				{
					"name": "bone2",
					"parent": "LeftForeArm2",
					"pivot": [3.625, 21.1, 0.025]
				},
				{
					"name": "LeftHand2",
					"parent": "bone2",
					"pivot": [4.125, 18.925, 0.025],
					"cubes": [
						{
							"origin": [3.075, 18.15, -1.275],
							"size": [2.1, 2.1, 2],
							"pivot": [-0.25, 18.65, -0.575],
							"rotation": [-45, 0, 0],
							"uv": {
								"north": {"uv": [101, 42], "uv_size": [2, 2]},
								"east": {"uv": [54, 101], "uv_size": [2, 2]},
								"south": {"uv": [101, 55], "uv_size": [2, 2]},
								"west": {"uv": [56, 101], "uv_size": [2, 2]},
								"up": {"uv": [101, 64], "uv_size": [2, 2]},
								"down": {"uv": [65, 103], "uv_size": [2, -2]}
							}
						},
						{
							"origin": [2.775, 16.65, -1.475],
							"size": [2.5, 2, 3],
							"uv": {
								"north": {"uv": [65, 96], "uv_size": [2.5, 2]},
								"east": {"uv": [3, 92], "uv_size": [3, 2]},
								"south": {"uv": [96, 66], "uv_size": [2.5, 2]},
								"west": {"uv": [92, 10], "uv_size": [3, 2]},
								"up": {"uv": [86, 21], "uv_size": [2.5, 3]},
								"down": {"uv": [86, 27], "uv_size": [2.5, -3]}
							}
						}
					]
				},
				{
					"name": "LeftHandLocator2",
					"parent": "LeftHand2",
					"pivot": [4.125, 17.925, 0.025]
				},
				{
					"name": "RightArm",
					"pivot": [-4.15, 29.6, 0],
					"cubes": [
						{
							"origin": [-5.3, 24.55, -1.5],
							"size": [2.55, 6.2, 3.05],
							"uv": {
								"north": {"uv": [26, 63], "uv_size": [2.5, 6]},
								"east": {"uv": [46, 57], "uv_size": [3, 6]},
								"south": {"uv": [36, 63], "uv_size": [2.5, 6]},
								"west": {"uv": [49, 57], "uv_size": [3, 6]},
								"up": {"uv": [86, 27], "uv_size": [2.5, 3]},
								"down": {"uv": [86, 33], "uv_size": [2.5, -3]}
							}
						},
						{
							"origin": [-5.54413, 24.08363, -1.4569],
							"size": [1.5, 4.75, 2.5],
							"pivot": [-4, 29.15, -0.2],
							"rotation": [-99.92455, -84.96228, 99.96256],
							"uv": {
								"north": {"uv": [33, 86], "uv_size": [1.5, 5]},
								"east": {"uv": [65, 67], "uv_size": [2.5, 5]},
								"south": {"uv": [86, 33], "uv_size": [1.5, 5]},
								"west": {"uv": [3, 68], "uv_size": [2.5, 5]},
								"up": {"uv": [102, 46], "uv_size": [1.5, 2.5]},
								"down": {"uv": [48, 104.5], "uv_size": [1.5, -2.5]}
							}
						},
						{
							"origin": [-4.90904, 24.11725, -1.70147],
							"size": [1.5, 4.75, 2.75],
							"pivot": [-3.75, 29.15, -0.2],
							"rotation": [-179.99971, 0.87046, 175.03786],
							"uv": {
								"north": {"uv": [61, 86], "uv_size": [1.5, 5]},
								"east": {"uv": [39, 63], "uv_size": [3, 5]},
								"south": {"uv": [63, 86], "uv_size": [1.5, 5]},
								"west": {"uv": [42, 63], "uv_size": [3, 5]},
								"up": {"uv": [11, 97], "uv_size": [1.5, 3]},
								"down": {"uv": [97, 16], "uv_size": [1.5, -3]}
							}
						},
						{
							"origin": [-5.4357, 24.19313, -1.25],
							"size": [1.5, 4.75, 2.5],
							"pivot": [-4, 29.25, 0],
							"rotation": [0, 0, 5],
							"uv": {
								"north": {"uv": [65, 86], "uv_size": [1.5, 5]},
								"east": {"uv": [39, 68], "uv_size": [2.5, 5]},
								"south": {"uv": [67, 86], "uv_size": [1.5, 5]},
								"west": {"uv": [42, 68], "uv_size": [2.5, 5]},
								"up": {"uv": [102, 49], "uv_size": [1.5, 2.5]},
								"down": {"uv": [102, 60.5], "uv_size": [1.5, -2.5]}
							}
						},
						{
							"origin": [-5.3887, 24.13047, -1.75],
							"size": [2.75, 5, 3.5],
							"uv": {
								"north": {"uv": [45, 63], "uv_size": [3, 5]},
								"east": {"uv": [6, 59], "uv_size": [3.5, 5]},
								"south": {"uv": [48, 63], "uv_size": [3, 5]},
								"west": {"uv": [10, 59], "uv_size": [3.5, 5]},
								"up": {"uv": [74, 49], "uv_size": [3, 3.5]},
								"down": {"uv": [53, 77.5], "uv_size": [3, -3.5]}
							}
						},
						{
							"origin": [-5.54413, 24.08363, -1.0431],
							"size": [1.5, 4.75, 2.5],
							"pivot": [-4, 29.15, 0.2],
							"rotation": [99.92455, 84.96228, 99.96256],
							"uv": {
								"north": {"uv": [69, 86], "uv_size": [1.5, 5]},
								"east": {"uv": [45, 68], "uv_size": [2.5, 5]},
								"south": {"uv": [76, 86], "uv_size": [1.5, 5]},
								"west": {"uv": [68, 46], "uv_size": [2.5, 5]},
								"up": {"uv": [59, 102], "uv_size": [1.5, 2.5]},
								"down": {"uv": [61, 104.5], "uv_size": [1.5, -2.5]}
							}
						}
					]
				},
				{
					"name": "RightForeArm2",
					"parent": "RightArm",
					"pivot": [-3.625, 24.4, 0.025],
					"cubes": [
						{
							"origin": [-5.2, 23.57586, -0.85842],
							"size": [2.35, 2.1, 2.1],
							"pivot": [-4.025, 24.82586, 0.09158],
							"rotation": [-45, 0, 0],
							"uv": {
								"north": {"uv": [96, 68], "uv_size": [2.5, 2]},
								"east": {"uv": [101, 66], "uv_size": [2, 2]},
								"south": {"uv": [71, 96], "uv_size": [2.5, 2]},
								"west": {"uv": [68, 101], "uv_size": [2, 2]},
								"up": {"uv": [74, 96], "uv_size": [2.5, 2]},
								"down": {"uv": [81, 98], "uv_size": [2.5, -2]}
							}
						},
						{
							"origin": [-5.275, 18.65, -1.475],
							"size": [2.5, 6, 3],
							"uv": {
								"north": {"uv": [51, 63], "uv_size": [2.5, 6]},
								"east": {"uv": [0, 58], "uv_size": [3, 6]},
								"south": {"uv": [0, 64], "uv_size": [2.5, 6]},
								"west": {"uv": [58, 15], "uv_size": [3, 6]},
								"up": {"uv": [86, 42], "uv_size": [2.5, 3]},
								"down": {"uv": [86, 52], "uv_size": [2.5, -3]}
							}
						}
					]
				},
				{
					"name": "RightHand2",
					"parent": "RightForeArm2",
					"pivot": [-4.125, 18.925, 0.025],
					"cubes": [
						{
							"origin": [-5.175, 18.15, -1.275],
							"size": [2.1, 2.1, 2],
							"pivot": [0.25, 18.65, -0.575],
							"rotation": [-45, 0, 0],
							"uv": {
								"north": {"uv": [101, 68], "uv_size": [2, 2]},
								"east": {"uv": [71, 101], "uv_size": [2, 2]},
								"south": {"uv": [73, 101], "uv_size": [2, 2]},
								"west": {"uv": [101, 74], "uv_size": [2, 2]},
								"up": {"uv": [75, 101], "uv_size": [2, 2]},
								"down": {"uv": [77, 103], "uv_size": [2, -2]}
							}
						},
						{
							"origin": [-5.275, 16.65, -1.475],
							"size": [2.5, 2, 3],
							"uv": {
								"north": {"uv": [84, 96], "uv_size": [2.5, 2]},
								"east": {"uv": [92, 12], "uv_size": [3, 2]},
								"south": {"uv": [87, 96], "uv_size": [2.5, 2]},
								"west": {"uv": [92, 33], "uv_size": [3, 2]},
								"up": {"uv": [78, 86], "uv_size": [2.5, 3]},
								"down": {"uv": [86, 83], "uv_size": [2.5, -3]}
							}
						}
					]
				},
				{
					"name": "RightHandLocator2",
					"parent": "RightHand2",
					"pivot": [-4.125, 17.925, 0.025]
				}
			]
		}
	]
}