{
	"format_version": "1.8.0",
	"animations": {
		"extra1": {
			"loop": "hold_on_last_frame",
			"animation_length": 1,
			"bones": {
				"Root": {
					"rotation": [0, 0, 0],
					"position": {
						"0.0": [0, 0, 0],
						"0.0833": [0, -0.07, 0],
						"0.1667": [0, -0.18, 0],
						"0.25": [0, -0.25, 0]
					},
					"scale": 1
				},
				"UpBody": {
					"rotation": {
						"0.0": [0, 0, 0],
						"0.0833": [-0.78, 0, 0],
						"0.1667": [-2.5, 0, 0],
						"0.25": [-8.61, 0, 0],
						"0.3333": [-10, 0, 0],
						"0.4167": [-9, 0, 0],
						"0.5": [-9.06, 0, 0],
						"0.5833": [-9.64, 0, 0],
						"0.6667": [-9.91, 0, 0],
						"0.75": [-10.04, 0, 0],
						"0.8333": [-10.01, 0, 0]
					},
					"position": [0, 0, 0]
				},
				"UpperBody": {
					"rotation": {
						"0.0": [4.35, 0, 0],
						"0.0833": [-1.85, 0, 0],
						"0.1667": [-4.26, 0, 0],
						"0.25": [-3.3, 0, 0],
						"0.3333": [-0.27, 0, 0],
						"0.4167": [5, 0, 0],
						"0.5": [5.49, 0, 0],
						"0.5833": [4.83, 0, 0],
						"0.6667": [5.05, 0, 0],
						"0.75": [5.02, 0, 0],
						"0.8333": [5, 0, 0]
					},
					"position": [0, 0, 0]
				},
				"LeftArm": {
					"rotation": {
						"0.0": [0, 0, 0],
						"0.0833": [-39.45067, 70.8217, -63.16016],
						"0.1667": [-27.7016, 76.94127, -83.27433]
					},
					"position": [0, 0, 0]
				},
				"LeftForeArm": {
					"rotation": {
						"0.0": [0, 0, 0],
						"0.0833": [-31.11, 0, 0],
						"0.1667": [-73.89, 0, 0],
						"0.25": [-105.34721, 12.06754, -3.28396]
					},
					"position": [0, 0, 0]
				},
				"RightArm": {
					"rotation": {
						"0.0": [0, 0, 0],
						"0.0833": [-12.23, -70, 23.19],
						"0.1667": [-6.39, -75, 55.13]
					},
					"position": [0, 0, 0]
				},
				"RightForeArm": {
					"rotation": {
						"0.0": [0, 0, 0],
						"0.0833": [-31.3, 0, 0],
						"0.1667": [-74.26, 0, 0],
						"0.25": [-99.00461, -9.8792, 1.5574]
					},
					"position": [0, 0, 0]
				},
				"LeftLeg": {
					"rotation": {
						"0.0": [0, 0, 0],
						"0.0833": [0, -1.48, -1.48],
						"0.1667": [0, -3.52, -3.52],
						"0.25": [0, -5, -5]
					},
					"position": [0, 0, 0]
				},
				"LeftLowerLeg": {
					"rotation": [0, 0, 0],
					"position": [0, 0, 0]
				},
				"LeftFoot": {
					"rotation": {
						"0.0": [0, 0, 0],
						"0.0833": [0, -1.48, 1.48],
						"0.1667": [0, -3.52, 3.52],
						"0.25": [0, -5, 5]
					},
					"position": [0, 0, 0]
				},
				"RightLeg": {
					"rotation": {
						"0.0": [0, 0, 0],
						"0.0833": [0, 1.48, 1.48],
						"0.1667": [0, 3.52, 3.52],
						"0.25": [0, 5, 5]
					},
					"position": [0, 0, 0]
				},
				"RightLowerLeg": {
					"rotation": [0, 0, 0],
					"position": [0, 0, 0]
				},
				"RightFoot": {
					"rotation": {
						"0.0": [0, 0, 0],
						"0.0833": [0, 1.48, -1.48],
						"0.1667": [0, 3.52, -3.52],
						"0.25": [0, 5, -5]
					},
					"position": [0, 0, 0]
				},
				"AllBody": {
					"rotation": [0, 0, 0],
					"position": [0, 0, 0],
					"scale": 1
				},
				"AllHead": {
					"rotation": [0, 0, 0],
					"position": [0, 0, 0]
				},
				"Head": {
					"rotation": {
						"0.0": [0, 0, 0],
						"0.0833": [1.77, 0, 0],
						"0.1667": [4.02, 0, 0],
						"0.25": [-9.86, 0, 0],
						"0.3333": [-4.92, 0, 0],
						"0.4167": [17.5, 0, 0],
						"0.5": [20.1, 0, 0],
						"0.5833": [5.32, 0, 0],
						"0.6667": [-8.93, 0, 0],
						"0.75": [5.57, 0, 0],
						"0.8333": [23.12, 0, 0],
						"0.9167": [16.37, 0, 0],
						"1.0": [5, 0, 0]
					},
					"position": [0, 0, 0]
				},
				"Eyelid": {
					"position": [0, 0, 1]
				},
				"LeftEyebrow": {
					"position": [0, -1, 0]
				},
				"RightEyebrow": {
					"position": [0, -1, 0]
				}
			}
		},
		"extra2": {
			"loop": "hold_on_last_frame",
			"animation_length": 1,
			"bones": {
				"Root": {
					"rotation": [0, 0, 0],
					"position": {
						"0.0": [0, 0, 0],
						"0.0833": [0, -0.07, 0],
						"0.1667": [0, -0.18, 0],
						"0.25": [0, -0.25, 0]
					},
					"scale": 1
				},
				"UpBody": {
					"rotation": {
						"0.0": [0, 0, 0],
						"0.0833": [-0.78, 0, 0],
						"0.1667": [-2.5, 0, 0],
						"0.25": [-8.61, 0, 0],
						"0.3333": [-10, 0, 0],
						"0.4167": [-9, 0, 0],
						"0.5": [-9.06, 0, 0],
						"0.5833": [-9.4, 0, 0],
						"0.6667": [-9.64, 0, 0],
						"0.75": [-9.91, 0, 0],
						"0.8333": [-10.04, 0, 0],
						"0.9167": [-10.01, 0, 0],
						"1.0": [-10, 0, 0]
					},
					"position": [0, 0, 0]
				},
				"UpperBody": {
					"rotation": {
						"0.0": [0, 0, 0],
						"0.0833": [-1.86, 1.08, -0.11],
						"0.1667": [-4.27, 2.49, -0.26],
						"0.25": [-3.31, 2.03, -0.41],
						"0.3333": [-0.27, 0.29, -0.42],
						"0.4167": [5.01, -2.33, -0.35],
						"0.5": [5.5, -1.55, -0.16],
						"0.5833": [4.42, 0.93, 0.2],
						"0.6667": [4.36, 0.76, 0.19],
						"0.75": [4.83, -1.46, -0.09],
						"0.8333": [5.06, -2.48, -0.23],
						"0.9167": [5.02, -2.32, -0.21],
						"1.0": [5, -2.24, -0.2]
					},
					"position": [0, 0, 0]
				},
				"LeftArm": {
					"rotation": {
						"0.0": [0, 0, 0],
						"0.0833": [-25.64, 0.19, -23.67],
						"0.1667": [-61.03, 0.89, -56.28],
						"0.25": [-96.21, 11.41, -87.23],
						"0.3333": [-98.7, 20.84, -88.13],
						"0.4167": [-98.56, 36.49, -85.68]
					},
					"position": [0, 0, 0]
				},
				"LeftForeArm": {
					"rotation": {
						"0.0": [0, 0, 0],
						"0.0833": [-31.11, 0, 0],
						"0.1667": [-73.89, 0, 0],
						"0.25": [-105, 0, 0]
					},
					"position": [0, 0, 0]
				},
				"RightArm": {
					"rotation": {
						"0.0": [0, 0, 0],
						"0.0833": [-24.73, -7.32, 23.19],
						"0.1667": [-58.89, -17.64, 55.13],
						"0.25": [-93.02, -32.77, 85.08],
						"0.3333": [-95.6, -38.14, 85.62],
						"0.4167": [-95.77, -45.85, 82.65]
					},
					"position": [0, 0, 0]
				},
				"RightForeArm": {
					"rotation": {
						"0.0": [0, 0, 0],
						"0.0833": [-31.3, 0, 0],
						"0.1667": [-74.26, 0, 0],
						"0.25": [-111.37, 0, 0],
						"0.3333": [-109.06, 0, 0],
						"0.4167": [-100, 0, 0]
					},
					"position": [0, 0, 0]
				},
				"LeftLeg": {
					"rotation": {
						"0.0": [0, 0, 0],
						"0.0833": [0, -1.48, -1.48],
						"0.1667": [0, -3.52, -3.52],
						"0.25": [0, -5, -5]
					},
					"position": [0, 0, 0]
				},
				"LeftLowerLeg": {
					"rotation": [0, 0, 0],
					"position": [0, 0, 0]
				},
				"LeftFoot": {
					"rotation": {
						"0.0": [0, 0, 0],
						"0.0833": [0, -1.48, 1.48],
						"0.1667": [0, -3.52, 3.52],
						"0.25": [0, -5, 5]
					},
					"position": [0, 0, 0]
				},
				"RightLeg": {
					"rotation": {
						"0.0": [0, 0, 0],
						"0.0833": [0, 1.48, 1.48],
						"0.1667": [0, 3.52, 3.52],
						"0.25": [0, 5, 5]
					},
					"position": [0, 0, 0]
				},
				"RightLowerLeg": {
					"rotation": [0, 0, 0],
					"position": [0, 0, 0]
				},
				"RightFoot": {
					"rotation": {
						"0.0": [0, 0, 0],
						"0.0833": [0, 1.48, -1.48],
						"0.1667": [0, 3.52, -3.52],
						"0.25": [0, 5, -5]
					},
					"position": [0, 0, 0]
				},
				"AllBody": {
					"rotation": [0, 0, 0],
					"position": [0, 0, 0],
					"scale": 1
				},
				"AllHead": {
					"rotation": [0, 0, 0],
					"position": [0, 0, 0]
				},
				"Head": {
					"rotation": {
						"0.0": [0, 0, 0],
						"0.0833": [12.5, 0, 0],
						"0.1667": [12.79, 13.52, 3.54],
						"0.25": [13.08, 8.24, 2.94],
						"0.3333": [13.03, -0.17, 1.84],
						"0.4167": [12.56, -10.02, -0.08],
						"0.5": [12.5, 0, 0],
						"0.5833": [13.07, 21.7, 4.21],
						"0.6667": [13.07, 11.74, 2.62],
						"0.75": [12.63, -3.38, -1.04],
						"0.8333": [12.6, -9.42, -1.83],
						"0.9167": [12.61, -8.88, -1.8],
						"1.0": [12.6, -7.32, -1.63]
					},
					"position": [0, 0, 0]
				},
				"LeftEyebrow": {
					"rotation": [0, 0, -7.5]
				},
				"RightEyebrow": {
					"rotation": [0, 0, 7.5]
				}
			}
		},
		"extra3": {
			"loop": true,
			"animation_length": 1.25,
			"bones": {
				"UpBody": {
					"rotation": [-5, 0, 0]
				},
				"UpperBody": {
					"rotation": [-5, 0, 0]
				},
				"Head": {
					"rotation": [-5, 0, 0]
				},
				"Eyelid": {
					"position": [0, 0, 1]
				},
				"LeftEyebrow": {
					"position": [0, 0, 0]
				},
				"RightEyebrow": {
					"position": [0, 0, 0]
				},
				"Mouth2": {
					"position": [0, 0, 0]
				},
				"LeftArm": {
					"rotation": [-20.69795, -56.2891, 7.09515]
				},
				"LeftForeArm": {
					"rotation": [-91.6575, -12.39136, -82.32005]
				},
				"LeftHand": {
					"rotation": [-18.37723, -23.95969, -11.50074]
				},
				"RightArm": {
					"rotation": [-11.38835, 57.21513, -0.29286]
				},
				"RightForeArm": {
					"rotation": [-88.90658, 14.9765, 92.54862]
				},
				"RightHand": {
					"rotation": [3.72235, 30.36678, 13.82866]
				},
				"LeftLeg": {
					"rotation": [5, 0, -7.5]
				},
				"LeftFoot": {
					"rotation": [-5, 0, 7.5]
				},
				"RightLeg": {
					"rotation": [5, 0, 7.5]
				},
				"t": {
					"rotation": [-5, 0, -7.5]
				},
				"Eyelid3": {
					"position": [0, 0, -1]
				},
				"ysmGlowStar2": {
					"position": {
						"0.0": [0, -1, 0],
						"0.25": [0, -0.07, 0],
						"0.625": [0, 1, 0],
						"0.875": [0, -0.07, 0],
						"1.25": [0, -1, 0]
					},
					"scale": 1
				}
			}
		},
		"extra4": {
			"loop": "hold_on_last_frame",
			"animation_length": 2.75,
			"bones": {
				"Root": {
					"position": {
						"0.0833": [0, 0, 52],
						"0.2083": [0, 15, "52-7"],
						"0.2917": [0, 18, "52-10"],
						"0.375": [0, 21, "52-18"],
						"0.4583": [0, 18, "52-24"],
						"0.5417": [0, 15, "52-28"],
						"0.6667": [0, -4, "52-35"],
						"0.75": [0, -4, "52-39"],
						"0.9167": [0, -4, "52-42"],
						"1.0417": [0, 3, "52-44"],
						"1.1667": [0, 5, "52-46"],
						"1.2917": [0, 3, "52-48"],
						"1.4167": [0, 0, "52-49"],
						"1.5833": [0, 0, 0]
					},
					"scale": {
						"0.0": [0, 0, 0],
						"0.125": [1, 1, 1]
					}
				},
				"UpBody": {
					"rotation": {
						"0.0": [0, 0, 0],
						"0.0833": [20, 0, 0],
						"0.2083": [30, 0, 0],
						"0.375": [32.5, 0, 0],
						"0.4583": [32.5, 0, 0],
						"0.5417": [32.5, 0, 0],
						"0.9167": [32.5, 0, 0],
						"1.125": [0, 0, 0]
					}
				},
				"Head": {
					"rotation": {
						"0.0": [0, 0, 0],
						"0.0833": [-12.5, 0, 0],
						"0.5833": [-12.5, 0, 0],
						"0.75": [-30, 0, 0],
						"0.9167": [-47.5, 0, 0],
						"1.125": [25, 0, 0],
						"1.4167": [25, 0, 0],
						"1.75": [0, 0, 0],
						"1.7917": [10, -20, 0],
						"1.8333": [10, -15, 0],
						"1.875": [10, 0, 0],
						"1.9167": [10, 15, 0],
						"1.9583": [10, 20, 0],
						"2.0": [10, 15, 0],
						"2.0417": [10, 0, 0],
						"2.0833": [10, 0, 0],
						"2.125": [10, -17.5, 0],
						"2.1667": [0, 0, 0]
					}
				},
				"BackHair": {
					"rotation": {
						"0.0": [0, 0, 0],
						"0.0833": [25, 0, 0],
						"0.3333": [10.94, 0, 0],
						"0.7083": [71.25, 0, 0],
						"0.875": [47.5, 0, 0],
						"1.1667": [12.5, 0, 0],
						"1.375": [40, 0, 0],
						"1.6667": [0, 0, 0],
						"1.7917": [20, 0, 0],
						"2.0833": [0, 0, 0]
					}
				},
				"LeftArm": {
					"rotation": {
						"0.0": [0, 0, 0],
						"0.0833": [-53.80286, 10.54794, -14.04397],
						"0.5417": [-104.15329, -41.52216, -60.8253],
						"0.625": [70.84671, -41.52216, -60.8253],
						"0.9167": [41.21201, -48.58862, -50.77702],
						"1.125": [27.48277, -19.20414, -27.18837],
						"1.2917": [24.74535, -7.88135, -47.23196],
						"1.5": [22.08496, -13.87264, -33.22051],
						"1.7083": [13.57423, -12.10498, -5.75571],
						"2.1667": [0, 0, 0]
					}
				},
				"LeftForeArm": {
					"rotation": {
						"0.0": [0, 0, 0],
						"0.0833": [-65, 0, 0],
						"0.625": [-82.03, 0, 0],
						"0.75": [-27.5, 0, 0],
						"0.9167": [-27.5, 0, 0],
						"1.2917": [-42.5, 0, 0],
						"1.5": [-57.5, 0, 0],
						"1.9583": [10, 0, 0],
						"2.1667": [0, 0, 0]
					}
				},
				"RightArm": {
					"rotation": {
						"0.0": [0, 0, 0],
						"0.0833": [-52.92277, -6.06809, 7.96341],
						"0.625": [-66.05588, 39.26334, 62.15512],
						"0.7083": [66.66723, 46.2374, 70.4923],
						"0.9167": [46.66723, 46.2374, 70.4923],
						"1.2917": [-10.43308, 18.62385, 44.37168],
						"1.5": [-53.36, 21.72543, 28.72805],
						"1.7083": [-45.86, 21.72543, 28.72805],
						"1.9583": [-25.86, 21.72543, 28.72805],
						"2.1667": [0, 0, 0]
					}
				},
				"RightForeArm": {
					"rotation": {
						"0.0": [0, 0, 0],
						"0.0833": [-62.5, 0, 0],
						"0.625": [-90.94, 0, 0],
						"0.75": [-17.5, 0, 0],
						"0.9167": [-40, 0, 0],
						"1.2917": [-60, 0, 0],
						"1.5": [-77.5, 0, 0],
						"1.7083": [-132.5, 0, 0],
						"1.7917": [-157.33333, 42.934, -58.48697],
						"1.9583": [-63.18528, 9.18229, -8.51814],
						"2.1667": [0, 0, 0]
					}
				},
				"LeftLeg": {
					"rotation": {
						"0.0": [0, 0, 0],
						"0.0833": [-16.47407, -15.37446, -4.67829],
						"0.2083": [34.52424, -16.02363, -8.04541],
						"0.4583": [-34.82292, -1.62907, -12.97159],
						"0.75": [-46.14976, -18.83671, -22.63626],
						"1.0": [15.90642, -2.69127, -3.23412],
						"1.25": [0, 0, -3.75],
						"1.2917": [0, 0, 0],
						"1.5": [-2.5, 0, 0],
						"1.5833": [0, 0, 0]
					}
				},
				"LeftLowerLeg": {
					"rotation": {
						"0.0": [0, 0, 0],
						"0.0833": [40, 0, 0],
						"0.2083": [12.5, 0, 0],
						"0.4583": [87.5, 0, 0],
						"0.75": [90, 0, 0],
						"0.875": [72.5, 0, 0],
						"0.9167": [65.83, 0, 0],
						"1.0": [37.5, 0, 0],
						"1.4167": [19.41308, 0, 0],
						"1.5833": [0, 0, 0]
					}
				},
				"LeftFoot": {
					"rotation": {
						"0.0": [0, 0, 0],
						"0.0833": [20, 0, 0],
						"0.2083": [40.31, 0, 0],
						"0.75": [-5, 0, 0],
						"0.9583": [-14.78632, 0.64544, 15.02849],
						"1.0": [12.60684, 0.32272, 7.51425],
						"1.0417": [0, 0, 0]
					}
				},
				"LeftSole": {
					"rotation": {
						"0.0": [0, 0, 0],
						"0.0833": [-10, 0, 0],
						"0.7083": [-10, 0, 0],
						"0.75": [0, 0, 0],
						"0.9167": [-10, 0, 0],
						"1.5833": [0, 0, 0]
					}
				},
				"RightLeg": {
					"rotation": {
						"0.0": [0, 0, 0],
						"0.0833": [-22.5, 0, 0],
						"0.125": [-1.69318, 0.91821, 0.60095],
						"0.2083": [5.84427, -6.54317, -0.16068],
						"0.4583": [-17.57955, 2.75464, 1.80285],
						"0.75": [-13.7576, 14.6914, 9.61518],
						"0.875": [-43.7576, 14.6914, 9.61518],
						"0.9167": [-44.29155, 11.24438, 16.59136],
						"1.0417": [-27.26385, 3.74813, 5.53045],
						"1.1667": [-5.73735, 2.72591, 4.02215],
						"1.4167": [-20, 0, 0],
						"1.5": [-5, 0, 0],
						"1.5833": [0, 0, 0]
					}
				},
				"RightLowerLeg": {
					"rotation": {
						"0.0": [0, 0, 0],
						"0.0833": [32.5, 0, 0],
						"0.125": [30.21, 0, 0],
						"0.2083": [10.21, 0, 0],
						"0.4583": [76.11, 0, 0],
						"0.75": [82.5, 0, 0],
						"0.9167": [72.5, 0, 0],
						"1.1667": [72.5, 0, 0],
						"1.4167": [10, 0, 0],
						"1.5": [15, 0, 0],
						"1.5833": [0, 0, 0]
					}
				},
				"RightSole": {
					"rotation": {
						"0.2083": [2.5, 0, 0],
						"0.75": [-35, 0, 0],
						"0.9167": [0, 0, 0]
					}
				},
				"UpperBody": {
					"rotation": {
						"0.0": [0, 0, 0],
						"0.9167": [27.5, 0, 0],
						"1.125": [-10, 0, 0],
						"1.4167": [0, 0, 0]
					}
				},
				"t": {
					"rotation": {
						"0.0": [0, 0, 0],
						"0.9167": [-24.81197, -3.1622, -6.80423],
						"1.0417": [0, 0, 0]
					}
				},
				"Eyelid": {
					"position": {
						"0.5": [0, 0, 0],
						"0.5833": [0, 0, 1],
						"0.6667": [0, 0, 0],
						"1.75": [0, 0, -0.04],
						"1.7917": [0, 0, 1],
						"2.0417": [0, 0, 1],
						"2.0833": [0, 0, 0]
					}
				},
				"LeftEyebrow": {
					"rotation": {
						"0.0833": [0, 0, -7.5],
						"1.125": [0, 0, 0]
					},
					"position": {
						"0.0833": [0, 0, 0],
						"0.4583": [0, 0, 0],
						"0.5833": [0, -1, 0],
						"0.7083": [0, 0, 0],
						"1.75": [0, 0.04, 0],
						"1.7917": [0, -1, 0],
						"2.0417": [0, -1, 0],
						"2.0833": [0, 0, 0]
					}
				},
				"RightEyebrow": {
					"rotation": {
						"0.0833": [0, 0, 7.5],
						"1.125": [0, 0, 0]
					},
					"position": {
						"0.0833": [0, 0, 0],
						"0.4583": [0, 0, 0],
						"0.5833": [0, -1, 0],
						"0.7083": [0, 0, 0],
						"1.75": [0, 0.04, 0],
						"1.7917": [0, -1, 0],
						"2.0417": [0, -1, 0],
						"2.0833": [0, 0, 0]
					}
				},
				"Mouth2": {
					"position": {
						"0.5833": [0, 0, -0.4],
						"0.625": [0, 0, -1],
						"0.875": [0, 0, -1],
						"0.9167": [0, 0, -0.4],
						"1.7917": [0, 0, -0.4],
						"1.8333": [0, 0, -1],
						"2.0833": [0, 0, -1],
						"2.125": [0, 0, -0.4]
					}
				},
				"tail": {
					"rotation": {
						"0.0": [0, 0, 0],
						"0.0833": [-22.5, 0, 0],
						"0.1667": [-40.32567, 1.07437, 0.201],
						"0.3333": [-11.88378, 0.71625, 0.134],
						"0.6667": [0, 0, 0],
						"0.875": [0, 0, 0],
						"0.9583": [-15, 0, 0],
						"1.0833": [-20, 0, 0],
						"1.2083": [-15, 0, 0],
						"1.5": [0, 0, 0]
					}
				},
				"tail2": {
					"rotation": {
						"0.0833": [-40, 0, 0],
						"0.1667": [-48.57, 0, 0],
						"0.6667": [-12.5, 0, 0],
						"0.9583": [-20, 0, 0],
						"1.0833": [-30, 0, 0],
						"1.2083": [-20, 0, 0],
						"1.5": [0, 0, 0]
					}
				},
				"Mouth8": {
					"position": {
						"0.5833": [0, 0, 0],
						"0.625": [0, 0, 1],
						"0.875": [0, 0, 0.14],
						"0.9167": [0, 0, 0],
						"1.7917": [0, 0, 0],
						"1.8333": [0, 0, 1],
						"2.0833": [0, 0, 0.14],
						"2.125": [0, 0, 0]
					}
				}
			}
		},
		"extra5": {
			"loop": true,
			"animation_length": 2.25,
			"bones": {
				"Root": {
					"position": {
						"0.0": [0, -10.2, 0],
						"0.5": [0, -10.2, -3],
						"1.5": [0, -10.2, -3],
						"2.25": [0, -10.2, 0]
					}
				},
				"AllBody": {
					"rotation": {
						"0.0": [100, 0, 0],
						"2.25": [100, 0, 0]
					}
				},
				"UpBody": {
					"rotation": {
						"0.0": [12.5, 0, 0],
						"2.25": [12.5, 0, 0]
					}
				},
				"UpperBody": {
					"rotation": {
						"0.0": [7.5, 0, 0],
						"2.25": [7.5, 0, 0]
					}
				},
				"Head": {
					"rotation": ["ysm.head_pitch-87.5", 0, 0]
				},
				"Eyes": {
					"position": {
						"0.5": [0, 0, 0],
						"0.5417": [0, 0, 1],
						"0.9583": [0, 0, 1],
						"1.0": [0, 0, 0]
					}
				},
				"ysmGlowRightEyelidBase": {
					"position": {
						"0.0": [0, 0.3, 0],
						"2.25": [0, 0.3, 0]
					}
				},
				"ysmGlowLeftEyelidBase": {
					"position": {
						"0.0": [0, 0.3, 0],
						"2.25": [0, 0.3, 0]
					}
				},
				"LeftEyebrow": {
					"rotation": {
						"0.0": [0, 0, -15],
						"2.25": [0, 0, -15]
					}
				},
				"RightEyebrow": {
					"rotation": {
						"0.0": [0, 0, 15],
						"2.25": [0, 0, 15]
					}
				},
				"Mouth2": {
					"position": {
						"0.5": [0, 0, 0],
						"0.5417": [0, 0, -1],
						"0.9583": [0, 0, -1],
						"1.0": [0, 0, 0]
					}
				},
				"BackHair": {
					"rotation": {
						"0.0": [75, 0, 0],
						"0.5": [96.78, 0, 0],
						"1.0": [96.78, 0, 0],
						"2.25": [75, 0, 0]
					}
				},
				"MeiMao_BQ": {
					"position": {
						"0.5": [0, 0, 0],
						"0.5417": [0, 0, -1.2],
						"0.9583": [0, 0, -1.2],
						"1.0": [0, 0, 0]
					}
				},
				"LeftArm": {
					"rotation": {
						"0.0": [-139.96478, -40.29823, 27.8193],
						"0.1667": [-127.46478, -40.29823, 27.8193],
						"0.5": [-114.96478, -40.29823, 27.8193],
						"1.5": [-114.96478, -40.29823, 27.8193],
						"2.25": [-139.96478, -40.29823, 27.8193]
					}
				},
				"LeftForeArm": {
					"rotation": {
						"0.0": [-25, 0, 0],
						"0.1667": [-32.5, 0, 0],
						"0.5": [-40, 0, 0],
						"1.5": [-40, 0, 0],
						"2.25": [-25, 0, 0]
					}
				},
				"LeftHand": {
					"rotation": {
						"0.0": [-13.81046, 34.73948, -25.12144],
						"2.25": [-13.81046, 34.73948, -25.12144]
					}
				},
				"RightArm": {
					"rotation": {
						"0.0": [-136.02509, 37.15276, -32.04446],
						"0.1667": [-125.34801, 37.15276, -32.04446],
						"0.5": [-114.67092, 37.15276, -32.04446],
						"1.5": [-114.67092, 37.15276, -32.04446],
						"2.25": [-136.02509, 37.15276, -32.04446]
					}
				},
				"RightForeArm": {
					"rotation": {
						"0.0": [-25, 0, 0],
						"0.1667": [-28.75, 0, 0],
						"0.5": [-32.5, 0, 0],
						"1.5": [-32.5, 0, 0],
						"2.25": [-25, 0, 0]
					}
				},
				"RightHand": {
					"rotation": {
						"0.0": [-31.06834, -36.00874, 34.36826],
						"2.25": [-31.06834, -36.00874, 34.36826]
					}
				},
				"LeftLeg": {
					"rotation": {
						"0.0": [-70.9333, -17.2294, -10.3141],
						"0.5": [-65.9333, -17.2294, -10.3141],
						"1.5": [-65.9333, -17.2294, -10.3141],
						"2.25": [-70.9333, -17.2294, -10.3141]
					}
				},
				"LeftLowerLeg": {
					"rotation": {
						"0.0": [55, 0, 0],
						"0.5": [47.5, 0, 0],
						"1.5": [47.5, 0, 0],
						"2.25": [55, 0, 0]
					}
				},
				"LeftSole": {
					"rotation": {
						"0.0": [-25, 15, 0],
						"0.5": [7.5, 15, 0],
						"1.5": [7.5, 15, 0],
						"2.25": [-25, 15, 0]
					}
				},
				"RightLeg": {
					"rotation": {
						"0.0": [-59.75235, 15.7627, 19.65736],
						"0.5": [-52.25235, 15.7627, 19.65736],
						"1.5": [-52.25235, 15.7627, 19.65736],
						"2.25": [-59.75235, 15.7627, 19.65736]
					}
				},
				"RightLowerLeg": {
					"rotation": {
						"0.0": [40, 0, 0],
						"0.5": [25, 0, 0],
						"1.5": [25, 0, 0],
						"2.25": [40, 0, 0]
					}
				},
				"t": {
					"rotation": {
						"0.0": [0, 0, 0],
						"2.25": [0, 0, 0]
					}
				},
				"RightSole": {
					"rotation": {
						"0.0": [-41.0146, -17.66046, -9.54013],
						"0.5": [8.9854, -17.66046, -9.54013],
						"1.5": [8.9854, -17.66046, -9.54013],
						"2.25": [-41.0146, -17.66046, -9.54013]
					}
				},
				"tail": {
					"rotation": {
						"0.0": [-65, 0, 0],
						"2.25": [-65, 0, 0]
					}
				},
				"tail2": {
					"rotation": {
						"0.0": [-37.5, 0, 0],
						"2.25": [-37.5, 0, 0]
					},
					"scale": {
						"0.5": [1, 1, 1],
						"0.625": [1, 1, 1.2],
						"0.75": [1, 1.2, 0.84],
						"0.875": [1.2, 0.9143, 0.9086],
						"1.0": [1, 1, 1]
					}
				},
				"bone2": {
					"rotation": {
						"0.0": [-26.69458, 6.86379, 13.36965],
						"2.25": [-26.69458, 6.86379, 13.36965]
					}
				},
				"bone6": {
					"rotation": {
						"0.0": [26.94093, 5.73576, -11.12501],
						"2.25": [26.94093, 5.73576, -11.12501]
					}
				},
				"bone11": {
					"rotation": {
						"0.0": [60.87987, 14.51516, -17.74625],
						"2.25": [60.87987, 14.51516, -17.74625]
					}
				},
				"bone7": {
					"rotation": {
						"0.0": [-34.0724, -8.53726, -12.37961],
						"2.25": [-34.0724, -8.53726, -12.37961]
					}
				},
				"bone9": {
					"rotation": {
						"0.0": [33.73499, -9.93191, 14.48174],
						"2.25": [33.73499, -9.93191, 14.48174]
					}
				},
				"bone10": {
					"rotation": {
						"0.0": [55.48147, -15.27719, 23.54966],
						"2.25": [55.48147, -15.27719, 23.54966]
					}
				},
				"Mouth8": {
					"position": {
						"0.5": [0, 0, 0],
						"0.5417": [0, 0, 1],
						"0.9583": [0, 0, 1],
						"1.0": [0, 0, 0]
					}
				}
			}
		},
		"extra6": {
			"loop": true,
			"animation_length": 1.5,
			"bones": {
				"Root": {
					"rotation": [22.5, 0, 0]
				},
				"AllHead": {
					"rotation": [-19.98247, 0.85481, 2.34941]
				},
				"YouYan": {
					"position": [0, -0.05, 0]
				},
				"YouYan2": {
					"position": [0, -0.05, 0]
				},
				"Zui": {
					"scale": [1, 0.3, 1]
				},
				"Zui2": {
					"position": [0, 40.875, -0.7],
					"scale": [1, 1.4, 1]
				},
				"LeftArm": {
					"rotation": [31.88034, -6.6782, 10.59061]
				},
				"LeftForeArm": {
					"rotation": [0.9891, 6.79939, 57.00083]
				},
				"LeftLeg": {
					"rotation": [-45.09184, 2.75614, 1.51306]
				},
				"LeftLowerLeg": {
					"rotation": [7.5, 0, 0]
				},
				"LeftFoot": {
					"rotation": [12.5, 0, 0]
				},
				"Ya": {
					"position": [0, -0.025, 0],
					"scale": 1
				},
				"MaWei5": {
					"rotation": [0, 0, 7.5]
				},
				"MaWei6": {
					"rotation": [0, 0, 10]
				},
				"MaWei10": {
					"rotation": [0, 0, -5]
				},
				"RightArm": {
					"rotation": [-54.57338, 20.22574, -30.78297]
				},
				"RightForeArm": {
					"rotation": [-15.31333, -17.42101, -120.15047]
				},
				"Head": {
					"rotation": [0, 0, 2.5]
				},
				"LeftEyebrow": {
					"position": [0, -0.2, 0]
				},
				"RightEyebrow": {
					"position": [0, -0.2, 0]
				},
				"BackHair": {
					"rotation": [25, 0, 0]
				},
				"bone10": {
					"rotation": [5, 0, 0]
				},
				"bone11": {
					"rotation": [-5, 0, 0]
				},
				"bone13": {
					"rotation": [-10, 0, 0]
				},
				"bone17": {
					"rotation": [-10, 0, 0]
				},
				"Face": {
					"position": [0, 0, 1]
				},
				"YP2": {
					"position": [0, -0.2, 0]
				},
				"YP": {
					"position": [0, 0, -2]
				},
				"Eyes2": {
					"position": [0, 0, 1]
				},
				"tail": {
					"rotation": {
						"0.0": [0, 0, 0],
						"0.3333": [-7.5, 0, 0],
						"0.75": [-15, 0, 0],
						"1.0833": [-7.5, 0, 0],
						"1.5": [0, 0, 0]
					}
				},
				"LeftTail": {
					"rotation": [-9.97528, 7.57131, 36.83829]
				},
				"bone2": {
					"rotation": [0, 0, -10]
				},
				"bone6": {
					"rotation": [-35, -87.5, 0]
				},
				"RightTail": {
					"rotation": [0, 0, -32.5]
				},
				"bone7": {
					"rotation": [-25.62626, -12.51901, 8.69423]
				},
				"bone9": {
					"rotation": [137.5, 80, -180]
				},
				"Mouth8": {
					"position": [0, 0, 0]
				}
			}
		},
		"extra0": {
			"loop": "hold_on_last_frame",
			"animation_length": 1.41667,
			"bones": {
				"Root": {
					"rotation": [0, 0, 0],
					"scale": 1
				},
				"UpBody": {
					"rotation": {
						"0.0": [0, 0, 0],
						"0.0833": [-0.16, 5.95, -2.35],
						"0.1667": [-0.33, 7.49, -2.52],
						"0.25": [-0.38, 1.14, -0.01],
						"0.3333": [-0.42, -0.31, 0.2],
						"0.4167": [-0.44, -2.49, 0.04],
						"0.5": [-0.44, -1.93, -0.38],
						"0.5833": [-0.44, 2.07, -0.63],
						"0.6667": [-0.44, 5.6, -0.27],
						"0.75": [-0.44, 7.81, 0.19],
						"0.8333": [-0.44, 4.96, 0.56],
						"0.9167": [-0.44, 1.08, 0.54],
						"1.0": [-0.44, -2.1, 0.22],
						"1.0833": [-0.44, -2.03, -0.13],
						"1.1667": [-0.44, -1.77, -0.26],
						"1.25": [-0.44, -1.78, -0.23],
						"1.3333": [-0.44, -2.09, -0.02],
						"1.4167": [-0.44, -2.49, 0.04]
					},
					"position": [0, 0, 0]
				},
				"UpperBody": {
					"rotation": {
						"0.0": [0, 0, 0],
						"0.0833": [0, -0.78, 0.03],
						"0.1667": [0, -1.5, 0],
						"0.25": [-0.02, -1.63, -0.34],
						"0.3333": [-0.02, -1.54, -0.46],
						"0.4167": [-0.02, -1, -0.5],
						"0.5": [-0.01, 0.05, -0.19],
						"0.5833": [0.03, 2.3, 0.57],
						"0.6667": [0.05, 3.34, 0.94],
						"0.75": [0.05, 3.31, 0.95],
						"0.8333": [0.03, 2.11, 0.59],
						"0.9167": [0, 0.48, 0.09],
						"1.0": [-0.02, -0.77, -0.36],
						"1.0833": [-0.02, 0.83, -0.5],
						"1.1667": [-0.02, 1.73, -0.5],
						"1.25": [-0.02, 2.55, -0.5],
						"1.3333": [-0.02, 2.79, -0.5],
						"1.4167": [-0.02, 2.75, -0.5]
					},
					"position": [0, 0, 0]
				},
				"LeftArm": {
					"rotation": {
						"0.0": [0, 0, 0],
						"0.0833": [-6.78, -3.12, 10.04],
						"0.1667": [-12.25, -6.72, 17.59],
						"0.25": [-7, -8.6, 4.61],
						"0.3333": [-2.83, -10.1, 1.64],
						"0.4167": [-1.75, -10.49, -2.29],
						"0.5": [-1.22, -10.71, -2.53],
						"0.5833": [-1.95, -10.51, 0.54],
						"0.6667": [-2.56, -10.33, 2.48],
						"0.75": [-2.63, -10.3, 2.61],
						"0.8333": [-2.41, -10.35, 1.41],
						"0.9167": [-2.1, -10.41, -0.31],
						"1.0": [-1.83, -10.47, -1.82],
						"1.0833": [-1.75, -10.49, -2.79],
						"1.1667": [-1.75, -10.49, -3.39],
						"1.25": [-1.75, -10.49, -3.6],
						"1.3333": [-1.75, -10.49, -3],
						"1.4167": [-1.75, -10.49, -2.29]
					},
					"position": [0, 0, 0]
				},
				"LeftForeArm": {
					"rotation": [0, 0, 0],
					"position": [0, 0, 0]
				},
				"RightArm": {
					"rotation": {
						"0.0": [0, 0, 0],
						"0.0833": [-59.42, -21.71, 37.06],
						"0.1667": [-73.42, -8.49, 94.21],
						"0.25": [1.96, 33.61, 140.7],
						"0.3333": [31.52, 50.19, 155.44],
						"0.4167": [62.35, 75.05, 168.42],
						"0.5": [42.08, 82.58, 153.11],
						"0.5833": [-27.48, 84.07, 105.69],
						"0.6667": [-64.73, 83, 80.38],
						"0.75": [-68.61, 83.22, 76.87],
						"0.8333": [-42.81, 82.9, 92.88],
						"0.9167": [-4.45, 82.05, 117.27],
						"1.0": [29.72, 81.23, 139.09],
						"1.0833": [45.34, 80.91, 148.99],
						"1.1667": [47.85, 80.86, 150.56],
						"1.25": [46.97, 80.88, 150.01],
						"1.3333": [42.62, 80.96, 147.27],
						"1.4167": [40, 81.01, 145.63]
					},
					"position": [0, 0, 0]
				},
				"RightForeArm": {
					"rotation": {
						"0.0": [0, 0, 0],
						"0.0833": [-6.84, 0.59, -1.45],
						"0.1667": [-78.93, 1.19, -2.9],
						"0.25": [-15.64, 1.19, -2.9],
						"0.3333": [-3.19, 1.19, -2.9],
						"0.4167": [0.52, 1.19, -2.9],
						"0.5": [-5.57, 1.19, -2.9],
						"0.5833": [-2.21, 1.19, -2.9],
						"0.6667": [-8.93, 1.19, -2.9],
						"0.75": [-32.71, 1.19, -2.9],
						"0.8333": [-35.05, 1.19, -2.9],
						"0.9167": [-24.1, 1.19, -2.9],
						"1.0": [-9.18, 1.19, -2.9],
						"1.0833": [1.33, 1.19, -2.9],
						"1.1667": [5.74, 1.19, -2.9],
						"1.25": [4.48, 1.19, -2.9],
						"1.3333": [0.66, 1.19, -2.9],
						"1.4167": [-3.93, 1.19, -2.9]
					},
					"position": [0, 0, 0]
				},
				"LeftLeg": {
					"rotation": [0, 0, 0],
					"position": [0, 0, 0]
				},
				"LeftLowerLeg": {
					"rotation": [0, 0, 0],
					"position": [0, 0, 0]
				},
				"LeftFoot": {
					"rotation": [0, 0, 0],
					"position": [0, 0, 0]
				},
				"RightLeg": {
					"rotation": [0, 0, 0],
					"position": [0, 0, 0]
				},
				"RightLowerLeg": {
					"rotation": [0, 0, 0],
					"position": [0, 0, 0]
				},
				"RightFoot": {
					"rotation": [0, 0, 0],
					"position": [0, 0, 0]
				},
				"AllBody": {
					"rotation": [0, 0, 0],
					"position": [0, 0, 0],
					"scale": 1
				},
				"AllHead": {
					"rotation": [0, 0, 0],
					"position": [0, 0, 0]
				},
				"Head": {
					"rotation": {
						"0.0": [0, 0, 0],
						"0.0833": [-0.1, -4.53, 1.56],
						"0.1667": [-0.11, -7.49, 2.5],
						"0.25": [0.18, -1.07, -0.11],
						"0.3333": [0.32, 1.78, -1.23],
						"0.4167": [0.55, 5.03, -2.43],
						"0.5": [0.69, 3.63, -1.67],
						"0.5833": [0.89, -1.75, 0.88],
						"0.6667": [0.97, -4.59, 2.21],
						"0.75": [0.97, -4.68, 2.25],
						"0.8333": [0.86, -2.3, 1.1],
						"0.9167": [0.72, 1.1, -0.54],
						"1.0": [0.59, 4.11, -1.99],
						"1.0833": [0.52, 5.51, -2.66],
						"1.1667": [0.51, 5.73, -2.77],
						"1.25": [0.52, 5.65, -2.73],
						"1.3333": [0.54, 5.26, -2.54],
						"1.4167": [0.55, 5.03, -2.43]
					},
					"position": [0, 0, 0]
				}
			}
		},
		"extra7": {
			"loop": true,
			"animation_length": 0.25,
			"bones": {
				"AllBody": {
					"rotation": [90, 0, -85],
					"position": [0, -16, 0]
				},
				"UpBody": {
					"rotation": [42.5, 0, 0]
				},
				"UpperBody": {
					"rotation": [35, 0, 0]
				},
				"Head": {
					"rotation": [42.5, -32.5, 0]
				},
				"Eyelid": {
					"position": [0, 0, 1]
				},
				"LeftEyebrow": {
					"position": [0, -1, 0]
				},
				"RightEyebrow": {
					"position": [0, -1, 0]
				},
				"Mouth8": {
					"position": [0, 0, 1]
				},
				"BackHair1": {
					"rotation": [-47.5, 0, 0]
				},
				"BackHair2": {
					"rotation": [-35, 0, 0]
				},
				"LeftArm": {
					"rotation": [-53.2376, 29.87009, 38.03392]
				},
				"LeftForeArm": {
					"rotation": [-53.8178, 4.98093, -29.62165]
				},
				"RightArm": {
					"rotation": [-49.13788, -21.48944, -17.58347]
				},
				"RightForeArm": {
					"rotation": [-100, 0, 0]
				},
				"LeftLeg": {
					"rotation": [-43.95159, -8.69581, 21.70092]
				},
				"LeftLowerLeg": {
					"rotation": [109.77926, 9.65594, -2.61298]
				},
				"LeftFoot": {
					"rotation": [91.58772, 5.97028, 9.27728]
				},
				"RightLeg": {
					"rotation": [-52.5, 0, 0]
				},
				"RightLowerLeg": {
					"rotation": [112.99008, -11.53486, -4.8493]
				},
				"t": {
					"rotation": [30, 0, 0]
				},
				"tail": {
					"rotation": [-72.21619, -14.24, 17.60455]
				},
				"LeftTail": {
					"rotation": [-58.67023, 35.63104, 19.52546]
				},
				"bone2": {
					"rotation": [-63.61581, 20.77305, 17.97872]
				},
				"bone6": {
					"rotation": [-26.54757, 12.84424, -20.26694]
				},
				"bone7": {
					"rotation": [-83.0694, 6.9586, -22.85907]
				},
				"bone9": {
					"rotation": [-30.11259, -13.18329, 23.68456]
				},
				"bone10": {
					"rotation": [-3.61644, 19.6835, -10.62758]
				}
			}
		}
	}
}