{
	"format_version": "1.10.0",
	"geometry.model": {
		"texturewidth": 128,
		"textureheight": 128,
		"visible_bounds_width": 3,
		"visible_bounds_height": 4,
		"visible_bounds_offset": [0, 1, 0],
		"bones": [
			{
				"name": "bone",
				"pivot": [0, 0, 0]
			},
			{
				"name": "bone2",
				"parent": "bone",
				"pivot": [2.5, 0, -2.5],
				"cubes": [
					{"origin": [-2.5, 0, -2.5], "size": [5, 4, 5], "uv": [60, 69]},
					{"origin": [-2.5, 2.975, -2.5], "size": [5, 1, 5], "uv": [0, 71], "inflate": 0.25},
					{"origin": [-0.5, 0.175, -0.5], "size": [1, 9, 1], "uv": [16, 27], "inflate": 0.1},
					{"origin": [-0.5, 27, -0.5], "size": [1, 3, 1], "uv": [0, 0], "inflate": 0.1}
				]
			},
			{
				"name": "leavess",
				"pivot": [0, 0, 0]
			},
			{
				"name": "leinside",
				"parent": "leavess",
				"pivot": [0, 0, 0.75]
			},
			{
				"name": "bone34",
				"parent": "leinside",
				"pivot": [0, 17, 0.25],
				"rotation": [12.5, 0, 0],
				"cubes": [
					{"origin": [-0.5, 8.56712, 1.70259], "size": [1, 15, 1], "uv": [41, 85], "inflate": 1}
				]
			},
			{
				"name": "bone35",
				"parent": "leinside",
				"pivot": [0, 17, 0.25],
				"rotation": [12.49992, 45, -0.00008],
				"cubes": [
					{"origin": [-0.5, 8.56712, 1.70259], "size": [1, 15, 1], "uv": [37, 85], "inflate": 1}
				]
			},
			{
				"name": "leaf1",
				"parent": "leavess",
				"pivot": [0, 0, 0]
			},
			{
				"name": "bone4",
				"parent": "leaf1",
				"pivot": [0, 7.94709, 5.79555],
				"rotation": [-20, 0, 0],
				"cubes": [
					{"origin": [-1, 7.44709, -0.20445], "size": [2, 1, 12], "uv": [32, 13], "inflate": 0.6}
				]
			},
			{
				"name": "bone5",
				"parent": "leaf1",
				"pivot": [4.09808, 7.94709, 4.09808],
				"rotation": [-23.11672, 40.43325, 2.77364],
				"cubes": [
					{"origin": [3.09808, 7.44709, -1.90192], "size": [2, 1, 12], "uv": [32, 0], "inflate": 0.6}
				]
			},
			{
				"name": "bone6",
				"parent": "leaf1",
				"pivot": [0, 9.5, 0],
				"rotation": [-15, 22.5, -0.00002],
				"cubes": [
					{"origin": [-1, 9, 0], "size": [2, 1, 12], "uv": [16, 27], "inflate": 0.6}
				]
			},
			{
				"name": "bone7",
				"parent": "leaf1",
				"pivot": [0, 9.5, 0],
				"rotation": [-15.00009, 67.5, -0.00013],
				"cubes": [
					{"origin": [-1, 9, 0], "size": [2, 1, 12], "uv": [0, 26], "inflate": 0.6}
				]
			},
			{
				"name": "leaf2",
				"parent": "leavess",
				"pivot": [0, 3, 0],
				"rotation": [0, -10, 0]
			},
			{
				"name": "bone9",
				"parent": "leaf2",
				"pivot": [0, 12.5, 0],
				"rotation": [-17.5, 0, 0],
				"cubes": [
					{"origin": [-1, 12, 0], "size": [2, 1, 10], "uv": [48, 37], "inflate": 0.5}
				]
			},
			{
				"name": "bone10",
				"parent": "leaf2",
				"pivot": [3.3719, 10.99647, 3.3719],
				"rotation": [-15.61275, 37.80915, 2.84757],
				"cubes": [
					{"origin": [2.3719, 10.49647, -1.6281], "size": [2, 1, 10], "uv": [48, 13], "inflate": 0.5}
				]
			},
			{
				"name": "bone11",
				"parent": "leaf2",
				"pivot": [1.82486, 10.99647, 4.4056],
				"rotation": [-12.5, 22.5, -0.00002],
				"cubes": [
					{"origin": [0.82486, 10.49647, -0.5944], "size": [2, 1, 10], "uv": [48, 0], "inflate": 0.5}
				]
			},
			{
				"name": "bone12",
				"parent": "leaf2",
				"pivot": [0, 12.5, 0],
				"rotation": [-17.50009, 67.5, -0.00013],
				"cubes": [
					{"origin": [-1, 12, 0], "size": [2, 1, 10], "uv": [46, 26], "inflate": 0.5}
				]
			},
			{
				"name": "leaf3",
				"parent": "leavess",
				"pivot": [0, 6.325, 0],
				"rotation": [0, 2.5, 0]
			},
			{
				"name": "bone14",
				"parent": "leaf3",
				"pivot": [0, 14.10292, 4.15746],
				"rotation": [-22.67458, 6.92618, -2.88419],
				"cubes": [
					{"origin": [-1, 13.60292, -0.34254], "size": [2, 1, 9], "uv": [0, 60], "inflate": 0.3}
				]
			},
			{
				"name": "bone15",
				"parent": "leaf3",
				"pivot": [0, 15.825, 0],
				"rotation": [-22.50002, 45, -0.00006],
				"cubes": [
					{"origin": [-1, 15.325, 0], "size": [2, 1, 9], "uv": [55, 59], "inflate": 0.3}
				]
			},
			{
				"name": "bone16",
				"parent": "leaf3",
				"pivot": [0, 15.825, 0],
				"rotation": [-22.5, 22.5, -0.00002],
				"cubes": [
					{"origin": [-1, 15.325, 0], "size": [2, 1, 9], "uv": [26, 59], "inflate": 0.3}
				]
			},
			{
				"name": "bone17",
				"parent": "leaf3",
				"pivot": [0, 15.825, 0],
				"rotation": [-22.50009, 67.5, -0.00013],
				"cubes": [
					{"origin": [-1, 15.325, 0], "size": [2, 1, 9], "uv": [42, 58], "inflate": 0.3}
				]
			},
			{
				"name": "leaf4",
				"parent": "leavess",
				"pivot": [0, 10.325, 0],
				"rotation": [0, 2.5, 0]
			},
			{
				"name": "bone19",
				"parent": "leaf4",
				"pivot": [0, 19.825, 0],
				"rotation": [-30, 0, 0],
				"cubes": [
					{"origin": [-1, 19.325, 0], "size": [2, 1, 8], "uv": [68, 57], "inflate": 0.2}
				]
			},
			{
				"name": "bone20",
				"parent": "leaf4",
				"pivot": [0, 19.825, 0],
				"rotation": [-30.00002, 45, -0.00006],
				"cubes": [
					{"origin": [-1, 19.325, 0], "size": [2, 1, 8], "uv": [40, 68], "inflate": 0.2}
				]
			},
			{
				"name": "bone21",
				"parent": "leaf4",
				"pivot": [1.32565, 17.825, 3.20041],
				"rotation": [-36.37577, 18.50245, 3.2073],
				"cubes": [
					{"origin": [0.32565, 17.325, -0.79959], "size": [2, 1, 8], "uv": [62, 48], "inflate": 0.2}
				]
			},
			{
				"name": "bone22",
				"parent": "leaf4",
				"pivot": [3.20041, 17.825, 1.32565],
				"rotation": [-22.50009, 67.5, -0.00013],
				"cubes": [
					{"origin": [2.20041, 17.325, -2.67435], "size": [2, 1, 8], "uv": [62, 33], "inflate": 0.2}
				]
			},
			{
				"name": "leaf5",
				"parent": "leavess",
				"pivot": [0, 14.325, 0],
				"rotation": [0, 10, 0]
			},
			{
				"name": "bone24",
				"parent": "leaf5",
				"pivot": [0, 23.825, 0],
				"rotation": [-47.5, -5, 0],
				"cubes": [
					{"origin": [-0.5, 23.325, 0], "size": [1, 1, 7], "uv": [9, 79], "inflate": 0.3}
				]
			},
			{
				"name": "bone25",
				"parent": "leaf5",
				"pivot": [0, 23.825, 0],
				"rotation": [-40.00002, 45, -0.00006],
				"cubes": [
					{"origin": [-0.5, 23.325, 0], "size": [1, 1, 7], "uv": [61, 78], "inflate": 0.3}
				]
			},
			{
				"name": "bone26",
				"parent": "leaf5",
				"pivot": [0, 23.825, 0],
				"rotation": [-45, 25, -0.00002],
				"cubes": [
					{"origin": [-0.5, 23.325, 0], "size": [1, 1, 7], "uv": [45, 78], "inflate": 0.3}
				]
			},
			{
				"name": "bone27",
				"parent": "leaf5",
				"pivot": [0, 23.825, 0],
				"rotation": [-40.00009, 67.5, -0.00013],
				"cubes": [
					{"origin": [-0.5, 23.325, 0], "size": [1, 1, 7], "uv": [22, 78], "inflate": 0.3}
				]
			},
			{
				"name": "leaf6",
				"parent": "leavess",
				"pivot": [0, 19.325, 0]
			},
			{
				"name": "bone29",
				"parent": "leaf6",
				"pivot": [0, 28.825, 0],
				"rotation": [-52.5, 0, 0],
				"cubes": [
					{"origin": [-0.5, 28.325, 0.4], "size": [1, 1, 7], "uv": [36, 77], "inflate": 0.1}
				]
			},
			{
				"name": "bone30",
				"parent": "leaf6",
				"pivot": [0, 28.825, 0],
				"rotation": [-60.00002, 45, -0.00006],
				"cubes": [
					{"origin": [-0.5, 28.325, 0.4], "size": [1, 1, 7], "uv": [0, 77], "inflate": 0.1}
				]
			},
			{
				"name": "bone31",
				"parent": "leaf6",
				"pivot": [0, 28.825, 0],
				"rotation": [-55, 22.5, -0.00002],
				"cubes": [
					{"origin": [-0.5, 28.325, 0.4], "size": [1, 1, 7], "uv": [74, 42], "inflate": 0.1}
				]
			},
			{
				"name": "bone32",
				"parent": "leaf6",
				"pivot": [0, 28.825, 0],
				"rotation": [-52.50009, 72.5, -0.00013],
				"cubes": [
					{"origin": [-0.5, 28.325, 0.4], "size": [1, 1, 7], "uv": [74, 28], "inflate": 0.1}
				]
			},
			{
				"name": "leavess2",
				"pivot": [0, 0, 0],
				"rotation": [0, -90, 0]
			},
			{
				"name": "leinside2",
				"parent": "leavess2",
				"pivot": [0, 0, 0.75]
			},
			{
				"name": "bone55",
				"parent": "leinside2",
				"pivot": [0, 17, 0.25],
				"rotation": [12.5, 0, 0],
				"cubes": [
					{"origin": [-0.5, 8.56712, 1.70259], "size": [1, 15, 1], "uv": [4, 85], "inflate": 1}
				]
			},
			{
				"name": "bone56",
				"parent": "leinside2",
				"pivot": [0, 17, 0.25],
				"rotation": [12.49992, 45, -0.00008],
				"cubes": [
					{"origin": [-0.5, 8.56712, 1.70259], "size": [1, 15, 1], "uv": [0, 85], "inflate": 1}
				]
			},
			{
				"name": "leaf7",
				"parent": "leavess2",
				"pivot": [0, 0, 0]
			},
			{
				"name": "bone57",
				"parent": "leaf7",
				"pivot": [0, 9.5, 0],
				"rotation": [-15, 0, 0],
				"cubes": [
					{"origin": [-1, 9, 0], "size": [2, 1, 12], "uv": [16, 14], "inflate": 0.6}
				]
			},
			{
				"name": "bone58",
				"parent": "leaf7",
				"pivot": [0, 9.5, 0],
				"rotation": [-15.00002, 45, -0.00006],
				"cubes": [
					{"origin": [-1, 9, 0], "size": [2, 1, 12], "uv": [16, 1], "inflate": 0.6}
				]
			},
			{
				"name": "bone59",
				"parent": "leaf7",
				"pivot": [2.21786, 7.94709, 5.35439],
				"rotation": [-9.56545, 15.1087, 1.34525],
				"cubes": [
					{"origin": [1.21786, 7.44709, -0.64561], "size": [2, 1, 12], "uv": [0, 13], "inflate": 0.6}
				]
			},
			{
				"name": "bone60",
				"parent": "leaf7",
				"pivot": [5.3544, 7.94709, 2.21786],
				"rotation": [-21.93988, 74.62773, -7.32178],
				"cubes": [
					{"origin": [4.3544, 7.44709, -3.78214], "size": [2, 1, 12], "uv": [0, 0], "inflate": 0.6}
				]
			},
			{
				"name": "leaf8",
				"parent": "leavess2",
				"pivot": [0, 3, 0],
				"rotation": [0, -12.5, 0]
			},
			{
				"name": "bone61",
				"parent": "leaf8",
				"pivot": [0, 12.5, 0],
				"rotation": [-17.5, 0, 0],
				"cubes": [
					{"origin": [-1, 12, 0], "size": [2, 1, 10], "uv": [14, 40], "inflate": 0.5}
				]
			},
			{
				"name": "bone62",
				"parent": "leaf8",
				"pivot": [0, 12.5, 0],
				"rotation": [-17.50002, 45, -0.00006],
				"cubes": [
					{"origin": [-1, 12, 0], "size": [2, 1, 10], "uv": [0, 39], "inflate": 0.5}
				]
			},
			{
				"name": "bone63",
				"parent": "leaf8",
				"pivot": [0, 12.5, 0],
				"rotation": [-17.5, 22.5, -0.00002],
				"cubes": [
					{"origin": [-1, 12, 0], "size": [2, 1, 10], "uv": [34, 38], "inflate": 0.5}
				]
			},
			{
				"name": "bone64",
				"parent": "leaf8",
				"pivot": [4.4056, 10.99647, 1.82486],
				"rotation": [-14.71381, 74.83292, -4.96998],
				"cubes": [
					{"origin": [3.4056, 10.49647, -3.17514], "size": [2, 1, 10], "uv": [32, 27], "inflate": 0.5}
				]
			},
			{
				"name": "leaf9",
				"parent": "leavess2",
				"pivot": [0, 6.325, 0],
				"rotation": [0, 7.5, 0]
			},
			{
				"name": "bone65",
				"parent": "leaf9",
				"pivot": [0, 15.825, 0],
				"rotation": [-22.5, 0, 0],
				"cubes": [
					{"origin": [-1, 15.325, 0], "size": [2, 1, 9], "uv": [13, 51], "inflate": 0.3}
				]
			},
			{
				"name": "bone66",
				"parent": "leaf9",
				"pivot": [0, 15.825, 0],
				"rotation": [-22.50002, 45, -0.00006],
				"cubes": [
					{"origin": [-1, 15.325, 0], "size": [2, 1, 9], "uv": [0, 50], "inflate": 0.3}
				]
			},
			{
				"name": "bone67",
				"parent": "leaf9",
				"pivot": [1.59099, 14.10293, 3.84099],
				"rotation": [-21.80644, 17.8686, 2.00823],
				"cubes": [
					{"origin": [0.59099, 13.60293, -0.65901], "size": [2, 1, 9], "uv": [49, 48], "inflate": 0.3}
				]
			},
			{
				"name": "bone68",
				"parent": "leaf9",
				"pivot": [0, 15.825, 0],
				"rotation": [-22.50009, 67.5, -0.00013],
				"cubes": [
					{"origin": [-1, 15.325, 0], "size": [2, 1, 9], "uv": [29, 49], "inflate": 0.3}
				]
			},
			{
				"name": "leaf10",
				"parent": "leavess2",
				"pivot": [0, 10.325, 0]
			},
			{
				"name": "bone69",
				"parent": "leaf10",
				"pivot": [0, 17.825, 3.4641],
				"rotation": [-37.5, 0, 0],
				"cubes": [
					{"origin": [-1, 17.325, -0.5359], "size": [2, 1, 8], "uv": [14, 62], "inflate": 0.2}
				]
			},
			{
				"name": "bone70",
				"parent": "leaf10",
				"pivot": [0, 19.825, 0],
				"rotation": [-30.00002, 45, -0.00006],
				"cubes": [
					{"origin": [-1, 19.325, 0], "size": [2, 1, 8], "uv": [62, 11], "inflate": 0.2}
				]
			},
			{
				"name": "bone71",
				"parent": "leaf10",
				"pivot": [1.32565, 17.825, 3.20041],
				"rotation": [-29.08623, 18.14927, 2.62846],
				"cubes": [
					{"origin": [0.32565, 17.325, -0.79959], "size": [2, 1, 8], "uv": [62, 0], "inflate": 0.2}
				]
			},
			{
				"name": "bone72",
				"parent": "leaf10",
				"pivot": [0, 19.825, 0],
				"rotation": [-30.00009, 67.5, -0.00013],
				"cubes": [
					{"origin": [-1, 19.325, 0], "size": [2, 1, 8], "uv": [60, 24], "inflate": 0.2}
				]
			},
			{
				"name": "leaf11",
				"parent": "leavess2",
				"pivot": [0, 14.325, 0],
				"rotation": [0, 10, 0]
			},
			{
				"name": "bone73",
				"parent": "leaf11",
				"pivot": [0, 23.825, 0],
				"rotation": [-40, 0, 0],
				"cubes": [
					{"origin": [-0.5, 23.325, 0], "size": [1, 1, 7], "uv": [74, 9], "inflate": 0.3}
				]
			},
			{
				"name": "bone74",
				"parent": "leaf11",
				"pivot": [0, 23.825, 0],
				"rotation": [-40.00002, 45, -0.00006],
				"cubes": [
					{"origin": [-0.5, 23.325, 0], "size": [1, 1, 7], "uv": [74, 0], "inflate": 0.3}
				]
			},
			{
				"name": "bone75",
				"parent": "leaf11",
				"pivot": [0, 23.825, 0],
				"rotation": [-40, 22.5, -0.00002],
				"cubes": [
					{"origin": [-0.5, 23.325, 0], "size": [1, 1, 7], "uv": [73, 71], "inflate": 0.3}
				]
			},
			{
				"name": "bone76",
				"parent": "leaf11",
				"pivot": [0, 23.825, 0],
				"rotation": [-40.00009, 67.5, -0.00013],
				"cubes": [
					{"origin": [-0.5, 23.325, 0], "size": [1, 1, 7], "uv": [72, 20], "inflate": 0.3}
				]
			},
			{
				"name": "leaf12",
				"parent": "leavess2",
				"pivot": [0, 19.325, 0]
			},
			{
				"name": "bone77",
				"parent": "leaf12",
				"pivot": [0, 28.825, 0],
				"rotation": [-55, 0, 0],
				"cubes": [
					{"origin": [-0.5, 28.325, 0.4], "size": [1, 1, 7], "uv": [13, 71], "inflate": 0.1}
				]
			},
			{
				"name": "bone78",
				"parent": "leaf12",
				"pivot": [0, 28.825, 0],
				"rotation": [-55.00002, 45, -0.00006],
				"cubes": [
					{"origin": [-0.5, 28.325, 0.4], "size": [1, 1, 7], "uv": [27, 70], "inflate": 0.1}
				]
			},
			{
				"name": "bone79",
				"parent": "leaf12",
				"pivot": [0, 28.825, 0],
				"rotation": [-55, 22.5, -0.00002],
				"cubes": [
					{"origin": [-0.5, 28.325, 0.4], "size": [1, 1, 7], "uv": [42, 49], "inflate": 0.1}
				]
			},
			{
				"name": "bone80",
				"parent": "leaf12",
				"pivot": [0, 28.825, 0],
				"rotation": [-55.00009, 67.5, -0.00013],
				"cubes": [
					{"origin": [-0.5, 28.325, 0.4], "size": [1, 1, 7], "uv": [28, 40], "inflate": 0.1}
				]
			},
			{
				"name": "leavess3",
				"pivot": [0, 0, 0],
				"rotation": [0, 180, 0]
			},
			{
				"name": "leinside3",
				"parent": "leavess3",
				"pivot": [0, 0, 0.75]
			},
			{
				"name": "bone81",
				"parent": "leinside3",
				"pivot": [0, 17, 0.25],
				"rotation": [12.5, 0, 0],
				"cubes": [
					{"origin": [-0.5, 8.56712, 1.70259], "size": [1, 15, 1], "uv": [41, 85], "inflate": 1}
				]
			},
			{
				"name": "bone82",
				"parent": "leinside3",
				"pivot": [0, 17, 0.25],
				"rotation": [12.49992, 45, -0.00008],
				"cubes": [
					{"origin": [-0.5, 8.56712, 1.70259], "size": [1, 15, 1], "uv": [37, 85], "inflate": 1}
				]
			},
			{
				"name": "leaf13",
				"parent": "leavess3",
				"pivot": [0, 0, 0]
			},
			{
				"name": "bone83",
				"parent": "leaf13",
				"pivot": [0, 9.5, 0],
				"rotation": [-15, 0, 0],
				"cubes": [
					{"origin": [-1, 9, 0], "size": [2, 1, 12], "uv": [32, 13], "inflate": 0.6}
				]
			},
			{
				"name": "bone84",
				"parent": "leaf13",
				"pivot": [0, 9.5, 0],
				"rotation": [-15.00002, 45, -0.00006],
				"cubes": [
					{"origin": [-1, 9, 0], "size": [2, 1, 12], "uv": [32, 0], "inflate": 0.6}
				]
			},
			{
				"name": "bone85",
				"parent": "leaf13",
				"pivot": [2.21786, 7.94709, 5.35439],
				"rotation": [-23.92389, 15.67125, 3.28439],
				"cubes": [
					{"origin": [1.21786, 7.44709, -0.64561], "size": [2, 1, 12], "uv": [16, 27], "inflate": 0.6}
				]
			},
			{
				"name": "bone86",
				"parent": "leaf13",
				"pivot": [5.3544, 7.94709, 2.21786],
				"rotation": [-22.50009, 67.5, -0.00013],
				"cubes": [
					{"origin": [4.3544, 7.44709, -3.78214], "size": [2, 1, 12], "uv": [0, 26], "inflate": 0.6}
				]
			},
			{
				"name": "leaf14",
				"parent": "leavess3",
				"pivot": [0, 3, 0],
				"rotation": [0, -10, 0]
			},
			{
				"name": "bone87",
				"parent": "leaf14",
				"pivot": [0, 12.5, 0],
				"rotation": [-17.5, 0, 0],
				"cubes": [
					{"origin": [-1, 12, 0], "size": [2, 1, 10], "uv": [48, 37], "inflate": 0.5}
				]
			},
			{
				"name": "bone88",
				"parent": "leaf14",
				"pivot": [3.3719, 10.99647, 3.3719],
				"rotation": [-11.60124, 52.36823, -2.12744],
				"cubes": [
					{"origin": [2.3719, 10.49647, -1.6281], "size": [2, 1, 10], "uv": [48, 13], "inflate": 0.5}
				]
			},
			{
				"name": "bone89",
				"parent": "leaf14",
				"pivot": [0, 12.5, 0],
				"rotation": [-17.5, 22.5, -0.00002],
				"cubes": [
					{"origin": [-1, 12, 0], "size": [2, 1, 10], "uv": [48, 0], "inflate": 0.5}
				]
			},
			{
				"name": "bone90",
				"parent": "leaf14",
				"pivot": [0, 12.5, 0],
				"rotation": [-17.50009, 67.5, -0.00013],
				"cubes": [
					{"origin": [-1, 12, 0], "size": [2, 1, 10], "uv": [46, 26], "inflate": 0.5}
				]
			},
			{
				"name": "leaf15",
				"parent": "leavess3",
				"pivot": [0, 6.325, 0],
				"rotation": [0, 5, 0]
			},
			{
				"name": "bone91",
				"parent": "leaf15",
				"pivot": [0, 15.825, 0],
				"rotation": [-22.5, 0, 0],
				"cubes": [
					{"origin": [-1, 15.325, 0], "size": [2, 1, 9], "uv": [0, 60], "inflate": 0.3}
				]
			},
			{
				"name": "bone92",
				"parent": "leaf15",
				"pivot": [0, 15.825, 0],
				"rotation": [-22.50002, 45, -0.00006],
				"cubes": [
					{"origin": [-1, 15.325, 0], "size": [2, 1, 9], "uv": [55, 59], "inflate": 0.3}
				]
			},
			{
				"name": "bone93",
				"parent": "leaf15",
				"pivot": [0, 15.825, 0],
				"rotation": [-22.5, 22.5, -0.00002],
				"cubes": [
					{"origin": [-1, 15.325, 0], "size": [2, 1, 9], "uv": [26, 59], "inflate": 0.3}
				]
			},
			{
				"name": "bone94",
				"parent": "leaf15",
				"pivot": [0, 15.825, 0],
				"rotation": [-22.50009, 67.5, -0.00013],
				"cubes": [
					{"origin": [-1, 15.325, 0], "size": [2, 1, 9], "uv": [42, 58], "inflate": 0.3}
				]
			},
			{
				"name": "leaf16",
				"parent": "leavess3",
				"pivot": [0, 10.325, 0]
			},
			{
				"name": "bone95",
				"parent": "leaf16",
				"pivot": [0, 19.825, 0],
				"rotation": [-30, 0, 0],
				"cubes": [
					{"origin": [-1, 19.325, 0], "size": [2, 1, 8], "uv": [68, 57], "inflate": 0.2}
				]
			},
			{
				"name": "bone96",
				"parent": "leaf16",
				"pivot": [2.44949, 17.825, 2.44949],
				"rotation": [-40.87639, 57.29953, -13.85932],
				"cubes": [
					{"origin": [1.44949, 17.325, -1.55051], "size": [2, 1, 8], "uv": [40, 68], "inflate": 0.2}
				]
			},
			{
				"name": "bone97",
				"parent": "leaf16",
				"pivot": [0, 19.825, 0],
				"rotation": [-30, 22.5, -0.00002],
				"cubes": [
					{"origin": [-1, 19.325, 0], "size": [2, 1, 8], "uv": [62, 48], "inflate": 0.2}
				]
			},
			{
				"name": "bone98",
				"parent": "leaf16",
				"pivot": [0, 19.825, 0],
				"rotation": [-30.00009, 67.5, -0.00013],
				"cubes": [
					{"origin": [-1, 19.325, 0], "size": [2, 1, 8], "uv": [62, 33], "inflate": 0.2}
				]
			},
			{
				"name": "leaf17",
				"parent": "leavess3",
				"pivot": [0, 14.325, 0],
				"rotation": [0, 10, 0]
			},
			{
				"name": "bone99",
				"parent": "leaf17",
				"pivot": [0, 23.825, 0],
				"rotation": [-40, 0, 0],
				"cubes": [
					{"origin": [-0.5, 23.325, 0], "size": [1, 1, 7], "uv": [9, 79], "inflate": 0.3}
				]
			},
			{
				"name": "bone100",
				"parent": "leaf17",
				"pivot": [0, 23.825, 0],
				"rotation": [-41.69028, 46.89153, -2.35147],
				"cubes": [
					{"origin": [-0.5, 23.325, 0], "size": [1, 1, 7], "uv": [61, 78], "inflate": 0.3}
				]
			},
			{
				"name": "bone101",
				"parent": "leaf17",
				"pivot": [0, 23.825, 0],
				"rotation": [-40, 22.5, -0.00002],
				"cubes": [
					{"origin": [-0.5, 23.325, 0], "size": [1, 1, 7], "uv": [45, 78], "inflate": 0.3}
				]
			},
			{
				"name": "bone102",
				"parent": "leaf17",
				"pivot": [0, 23.825, 0],
				"rotation": [-40.00009, 67.5, -0.00013],
				"cubes": [
					{"origin": [-0.5, 23.325, 0], "size": [1, 1, 7], "uv": [22, 78], "inflate": 0.3}
				]
			},
			{
				"name": "leaf18",
				"parent": "leavess3",
				"pivot": [0, 19.325, 0]
			},
			{
				"name": "bone103",
				"parent": "leaf18",
				"pivot": [0, 28.825, 0],
				"rotation": [-55, -2.5, 0],
				"cubes": [
					{"origin": [-0.5, 28.325, 0.4], "size": [1, 1, 7], "uv": [36, 77], "inflate": 0.1}
				]
			},
			{
				"name": "bone104",
				"parent": "leaf18",
				"pivot": [0, 28.825, 0],
				"rotation": [-55.00002, 45, -0.00006],
				"cubes": [
					{"origin": [-0.5, 28.325, 0.4], "size": [1, 1, 7], "uv": [0, 77], "inflate": 0.1}
				]
			},
			{
				"name": "bone105",
				"parent": "leaf18",
				"pivot": [0, 28.825, 0],
				"rotation": [-52.5, 22.5, -0.00002],
				"cubes": [
					{"origin": [-0.5, 28.325, 0.4], "size": [1, 1, 7], "uv": [74, 42], "inflate": 0.1}
				]
			},
			{
				"name": "bone106",
				"parent": "leaf18",
				"pivot": [0, 28.825, 0],
				"rotation": [-55.00009, 67.5, -0.00013],
				"cubes": [
					{"origin": [-0.5, 28.325, 0.4], "size": [1, 1, 7], "uv": [74, 28], "inflate": 0.1}
				]
			},
			{
				"name": "leavess4",
				"pivot": [0, 0, 0],
				"rotation": [0, 90, 0]
			},
			{
				"name": "leinside4",
				"parent": "leavess4",
				"pivot": [0, 0, 0.75]
			},
			{
				"name": "bone107",
				"parent": "leinside4",
				"pivot": [0, 17, 0.25],
				"rotation": [12.5, 0, 0],
				"cubes": [
					{"origin": [-0.5, 8.56712, 1.70259], "size": [1, 15, 1], "uv": [4, 85], "inflate": 1}
				]
			},
			{
				"name": "bone108",
				"parent": "leinside4",
				"pivot": [0, 17, 0.25],
				"rotation": [12.49992, 45, -0.00008],
				"cubes": [
					{"origin": [-0.5, 8.56712, 1.70259], "size": [1, 15, 1], "uv": [0, 85], "inflate": 1}
				]
			},
			{
				"name": "leaf19",
				"parent": "leavess4",
				"pivot": [0, 0, 0]
			},
			{
				"name": "bone109",
				"parent": "leaf19",
				"pivot": [0, 7.94709, 5.79555],
				"rotation": [-7.5547, 4.82922, -1.29717],
				"cubes": [
					{"origin": [-1, 7.44709, -0.20445], "size": [2, 1, 12], "uv": [16, 14], "inflate": 0.6}
				]
			},
			{
				"name": "bone110",
				"parent": "leaf19",
				"pivot": [4.09808, 7.94709, 4.09808],
				"rotation": [-24.5699, 38.257, 4.40194],
				"cubes": [
					{"origin": [3.09808, 7.44709, -1.90192], "size": [2, 1, 12], "uv": [16, 1], "inflate": 0.6}
				]
			},
			{
				"name": "bone111",
				"parent": "leaf19",
				"pivot": [0, 9.5, 0],
				"rotation": [-15, 22.5, -0.00002],
				"cubes": [
					{"origin": [-1, 9, 0], "size": [2, 1, 12], "uv": [0, 13], "inflate": 0.6}
				]
			},
			{
				"name": "bone112",
				"parent": "leaf19",
				"pivot": [0, 9.5, 0],
				"rotation": [-15.00009, 67.5, -0.00013],
				"cubes": [
					{"origin": [-1, 9, 0], "size": [2, 1, 12], "uv": [0, 0], "inflate": 0.6}
				]
			},
			{
				"name": "leaf20",
				"parent": "leavess4",
				"pivot": [0, 3, 0],
				"rotation": [0, -10, 0]
			},
			{
				"name": "bone113",
				"parent": "leaf20",
				"pivot": [0, 12.5, 0],
				"rotation": [-17.5, 0, 0],
				"cubes": [
					{"origin": [-1, 12, 0], "size": [2, 1, 10], "uv": [14, 40], "inflate": 0.5}
				]
			},
			{
				"name": "bone114",
				"parent": "leaf20",
				"pivot": [3.3719, 10.99647, 3.3719],
				"rotation": [-25.00002, 45, -0.00006],
				"cubes": [
					{"origin": [2.3719, 10.49647, -1.6281], "size": [2, 1, 10], "uv": [0, 39], "inflate": 0.5}
				]
			},
			{
				"name": "bone115",
				"parent": "leaf20",
				"pivot": [0, 12.5, 0],
				"rotation": [-17.5, 22.5, -0.00002],
				"cubes": [
					{"origin": [-1, 12, 0], "size": [2, 1, 10], "uv": [34, 38], "inflate": 0.5}
				]
			},
			{
				"name": "bone116",
				"parent": "leaf20",
				"pivot": [0, 12.5, 0],
				"rotation": [-17.50009, 67.5, -0.00013],
				"cubes": [
					{"origin": [-1, 12, 0], "size": [2, 1, 10], "uv": [32, 27], "inflate": 0.5}
				]
			},
			{
				"name": "leaf21",
				"parent": "leavess4",
				"pivot": [0, 6.325, 0],
				"rotation": [0, 5, 0]
			},
			{
				"name": "bone117",
				"parent": "leaf21",
				"pivot": [0, 15.825, 0],
				"rotation": [-22.5, 0, 0],
				"cubes": [
					{"origin": [-1, 15.325, 0], "size": [2, 1, 9], "uv": [13, 51], "inflate": 0.3}
				]
			},
			{
				"name": "bone118",
				"parent": "leaf21",
				"pivot": [0, 15.825, 0],
				"rotation": [-22.50002, 45, -0.00006],
				"cubes": [
					{"origin": [-1, 15.325, 0], "size": [2, 1, 9], "uv": [0, 50], "inflate": 0.3}
				]
			},
			{
				"name": "bone119",
				"parent": "leaf21",
				"pivot": [0, 15.825, 0],
				"rotation": [-22.5, 22.5, -0.00002],
				"cubes": [
					{"origin": [-1, 15.325, 0], "size": [2, 1, 9], "uv": [49, 48], "inflate": 0.3}
				]
			},
			{
				"name": "bone120",
				"parent": "leaf21",
				"pivot": [3.84099, 14.10293, 1.59099],
				"rotation": [-22.31071, 69.83203, -2.48016],
				"cubes": [
					{"origin": [2.84099, 13.60293, -2.90901], "size": [2, 1, 9], "uv": [29, 49], "inflate": 0.3}
				]
			},
			{
				"name": "leaf22",
				"parent": "leavess4",
				"pivot": [0, 10.325, 0],
				"rotation": [0, -2.5, 0]
			},
			{
				"name": "bone121",
				"parent": "leaf22",
				"pivot": [0, 19.825, 0],
				"rotation": [-30, 0, 0],
				"cubes": [
					{"origin": [-1, 19.325, 0], "size": [2, 1, 8], "uv": [14, 62], "inflate": 0.2}
				]
			},
			{
				"name": "bone122",
				"parent": "leaf22",
				"pivot": [2.44949, 17.825, 2.44949],
				"rotation": [-34.75111, 40.95931, 4.02874],
				"cubes": [
					{"origin": [1.44949, 17.325, -1.55051], "size": [2, 1, 8], "uv": [62, 11], "inflate": 0.2}
				]
			},
			{
				"name": "bone123",
				"parent": "leaf22",
				"pivot": [0, 19.825, 0],
				"rotation": [-30, 22.5, -0.00002],
				"cubes": [
					{"origin": [-1, 19.325, 0], "size": [2, 1, 8], "uv": [62, 0], "inflate": 0.2}
				]
			},
			{
				"name": "bone124",
				"parent": "leaf22",
				"pivot": [0, 19.825, 0],
				"rotation": [-30.00009, 67.5, -0.00013],
				"cubes": [
					{"origin": [-1, 19.325, 0], "size": [2, 1, 8], "uv": [60, 24], "inflate": 0.2}
				]
			},
			{
				"name": "leaf23",
				"parent": "leavess4",
				"pivot": [0, 14.325, 0],
				"rotation": [0, 10, 0]
			},
			{
				"name": "bone125",
				"parent": "leaf23",
				"pivot": [0, 21.57524, 2.68116],
				"rotation": [-45.24258, 5.73853, -4.83711],
				"cubes": [
					{"origin": [-0.5, 21.07524, -0.81884], "size": [1, 1, 7], "uv": [74, 9], "inflate": 0.3}
				]
			},
			{
				"name": "bone126",
				"parent": "leaf23",
				"pivot": [0, 23.825, 0],
				"rotation": [-40.00002, 45, -0.00006],
				"cubes": [
					{"origin": [-0.5, 23.325, 0], "size": [1, 1, 7], "uv": [74, 0], "inflate": 0.3}
				]
			},
			{
				"name": "bone127",
				"parent": "leaf23",
				"pivot": [0, 23.825, 0],
				"rotation": [-40, 22.5, -0.00002],
				"cubes": [
					{"origin": [-0.5, 23.325, 0], "size": [1, 1, 7], "uv": [73, 71], "inflate": 0.3}
				]
			},
			{
				"name": "bone128",
				"parent": "leaf23",
				"pivot": [0, 23.825, 0],
				"rotation": [-40.00009, 67.5, -0.00013],
				"cubes": [
					{"origin": [-0.5, 23.325, 0], "size": [1, 1, 7], "uv": [72, 20], "inflate": 0.3}
				]
			},
			{
				"name": "leaf24",
				"parent": "leavess4",
				"pivot": [0, 19.325, 0]
			},
			{
				"name": "bone129",
				"parent": "leaf24",
				"pivot": [0, 28.825, 0],
				"rotation": [-55, 0, 0],
				"cubes": [
					{"origin": [-0.5, 28.325, 0.4], "size": [1, 1, 7], "uv": [13, 71], "inflate": 0.1}
				]
			},
			{
				"name": "bone130",
				"parent": "leaf24",
				"pivot": [0, 28.825, 0],
				"rotation": [-55.00002, 45, -0.00006],
				"cubes": [
					{"origin": [-0.5, 28.325, 0.4], "size": [1, 1, 7], "uv": [27, 70], "inflate": 0.1}
				]
			},
			{
				"name": "bone131",
				"parent": "leaf24",
				"pivot": [0, 28.825, 0],
				"rotation": [-55, 22.5, -0.00002],
				"cubes": [
					{"origin": [-0.5, 28.325, 0.4], "size": [1, 1, 7], "uv": [42, 49], "inflate": 0.1}
				]
			},
			{
				"name": "bone132",
				"parent": "leaf24",
				"pivot": [0, 28.825, 0],
				"rotation": [-55.00009, 67.5, -0.00013],
				"cubes": [
					{"origin": [-0.5, 28.325, 0.4], "size": [1, 1, 7], "uv": [28, 40], "inflate": 0.1}
				]
			},
			{
				"name": "deco",
				"pivot": [0, 0, 0]
			},
			{
				"name": "helmet",
				"parent": "deco",
				"pivot": [0.5, -2.05, -0.45]
			},
			{
				"name": "star",
				"parent": "helmet",
				"pivot": [0, 0, 0]
			},
			{
				"name": "bone3",
				"parent": "star",
				"pivot": [0, 31.05, -0.45]
			},
			{
				"name": "bone8",
				"parent": "bone3",
				"pivot": [0, 32.55, 0.05],
				"rotation": [0, 0, -15],
				"cubes": [
					{"origin": [-0.5, 30.95, -0.45], "size": [1, 2, 1], "uv": [20, 30], "inflate": -0.2}
				]
			},
			{
				"name": "bone13",
				"parent": "bone3",
				"pivot": [-0.075, 32.55, 0.05],
				"rotation": [0, 0, 15],
				"cubes": [
					{"origin": [-0.575, 30.95, -0.45], "size": [1, 2, 1], "uv": [24, 27], "inflate": -0.2}
				]
			},
			{
				"name": "bone18",
				"parent": "bone3",
				"pivot": [-0.025, 32.4, 0.225],
				"rotation": [8.75, 0, 0],
				"cubes": [
					{"origin": [-0.5375, 30.9, -0.275], "size": [1, 2.5, 1], "uv": [20, 27], "inflate": -0.3}
				]
			},
			{
				"name": "bone23",
				"parent": "bone3",
				"pivot": [-0.025, 32.4, -0.125],
				"rotation": [-8.75, 0, 0],
				"cubes": [
					{"origin": [-0.5375, 30.9, -0.625], "size": [1, 2.5, 1], "uv": [6, 26], "inflate": -0.3}
				]
			},
			{
				"name": "bone28",
				"parent": "star",
				"pivot": [0, 31.05, -0.45],
				"rotation": [0, 0, 72]
			},
			{
				"name": "bone33",
				"parent": "bone28",
				"pivot": [0, 32.55, 0.05],
				"rotation": [0, 0, -15],
				"cubes": [
					{"origin": [-0.5, 30.95, -0.45], "size": [1, 2, 1], "uv": [0, 26], "inflate": -0.2}
				]
			},
			{
				"name": "bone36",
				"parent": "bone28",
				"pivot": [-0.075, 32.55, 0.05],
				"rotation": [0, 0, 15],
				"cubes": [
					{"origin": [-0.575, 30.95, -0.45], "size": [1, 2, 1], "uv": [23, 14], "inflate": -0.2}
				]
			},
			{
				"name": "bone37",
				"parent": "bone28",
				"pivot": [-0.025, 32.4, 0.225],
				"rotation": [8.75, 0, 0],
				"cubes": [
					{"origin": [-0.5375, 30.9, -0.275], "size": [1, 2.5, 1], "uv": [23, 6], "inflate": -0.3}
				]
			},
			{
				"name": "bone38",
				"parent": "bone28",
				"pivot": [-0.025, 32.4, -0.125],
				"rotation": [-8.75, 0, 0],
				"cubes": [
					{"origin": [-0.5375, 30.9, -0.625], "size": [1, 2.5, 1], "uv": [23, 0], "inflate": -0.3}
				]
			},
			{
				"name": "bone39",
				"parent": "star",
				"pivot": [0, 31.05, -0.45],
				"rotation": [0, 0, 144]
			},
			{
				"name": "bone40",
				"parent": "bone39",
				"pivot": [0, 32.55, 0.05],
				"rotation": [0, 0, -15],
				"cubes": [
					{"origin": [-0.5, 30.95, -0.45], "size": [1, 2, 1], "uv": [22, 20], "inflate": -0.2}
				]
			},
			{
				"name": "bone41",
				"parent": "bone39",
				"pivot": [-0.075, 32.55, 0.05],
				"rotation": [0, 0, 15],
				"cubes": [
					{"origin": [-0.575, 30.95, -0.45], "size": [1, 2, 1], "uv": [16, 20], "inflate": -0.2}
				]
			},
			{
				"name": "bone42",
				"parent": "bone39",
				"pivot": [-0.025, 32.4, 0.225],
				"rotation": [8.75, 0, 0],
				"cubes": [
					{"origin": [-0.5375, 30.9, -0.275], "size": [1, 2.5, 1], "uv": [6, 19], "inflate": -0.3}
				]
			},
			{
				"name": "bone43",
				"parent": "bone39",
				"pivot": [-0.025, 32.4, -0.125],
				"rotation": [-8.75, 0, 0],
				"cubes": [
					{"origin": [-0.5375, 30.9, -0.625], "size": [1, 2.5, 1], "uv": [0, 19], "inflate": -0.3}
				]
			},
			{
				"name": "bone44",
				"parent": "star",
				"pivot": [0, 31.05, -0.45],
				"rotation": [0, 0, -144]
			},
			{
				"name": "bone45",
				"parent": "bone44",
				"pivot": [0, 32.55, 0.05],
				"rotation": [0, 0, -15],
				"cubes": [
					{"origin": [-0.5, 30.95, -0.45], "size": [1, 2, 1], "uv": [16, 14], "inflate": -0.2}
				]
			},
			{
				"name": "bone46",
				"parent": "bone44",
				"pivot": [-0.075, 32.55, 0.05],
				"rotation": [0, 0, 15],
				"cubes": [
					{"origin": [-0.575, 30.95, -0.45], "size": [1, 2, 1], "uv": [16, 6], "inflate": -0.2}
				]
			},
			{
				"name": "bone47",
				"parent": "bone44",
				"pivot": [-0.025, 32.4, 0.225],
				"rotation": [8.75, 0, 0],
				"cubes": [
					{"origin": [-0.5375, 30.9, -0.275], "size": [1, 2.5, 1], "uv": [16, 0], "inflate": -0.3}
				]
			},
			{
				"name": "bone48",
				"parent": "bone44",
				"pivot": [-0.025, 32.4, -0.125],
				"rotation": [-8.75, 0, 0],
				"cubes": [
					{"origin": [-0.5375, 30.9, -0.625], "size": [1, 2.5, 1], "uv": [7, 13], "inflate": -0.3}
				]
			},
			{
				"name": "bone49",
				"parent": "star",
				"pivot": [0, 31.05, -0.45],
				"rotation": [0, 0, -72]
			},
			{
				"name": "bone50",
				"parent": "bone49",
				"pivot": [0, 32.55, 0.05],
				"rotation": [0, 0, -15],
				"cubes": [
					{"origin": [-0.5, 30.95, -0.45], "size": [1, 2, 1], "uv": [0, 13], "inflate": -0.2}
				]
			},
			{
				"name": "bone51",
				"parent": "bone49",
				"pivot": [-0.075, 32.55, 0.05],
				"rotation": [0, 0, 15],
				"cubes": [
					{"origin": [-0.575, 30.95, -0.45], "size": [1, 2, 1], "uv": [7, 6], "inflate": -0.2}
				]
			},
			{
				"name": "bone52",
				"parent": "bone49",
				"pivot": [-0.025, 32.4, 0.225],
				"rotation": [8.75, 0, 0],
				"cubes": [
					{"origin": [-0.5375, 30.9, -0.275], "size": [1, 2.5, 1], "uv": [7, 0], "inflate": -0.3}
				]
			},
			{
				"name": "bone53",
				"parent": "bone49",
				"pivot": [-0.025, 32.4, -0.125],
				"rotation": [-8.75, 0, 0],
				"cubes": [
					{"origin": [-0.5375, 30.9, -0.625], "size": [1, 2.5, 1], "uv": [0, 6], "inflate": -0.3}
				]
			},
			{
				"name": "bone54",
				"parent": "star",
				"pivot": [-0.025, 31.1, -0.3],
				"rotation": [0, 0, 45],
				"cubes": [
					{"origin": [-0.525, 30.6, -0.8], "size": [1, 1, 1.7], "uv": [23, 17], "inflate": -0.2}
				]
			},
			{
				"name": "chestPlate",
				"parent": "deco",
				"pivot": [0, 0, 0]
			},
			{
				"name": "blet2",
				"parent": "chestPlate",
				"pivot": [0, 0, 0],
				"rotation": [-180, -25, 180]
			},
			{
				"name": "bone139",
				"parent": "blet2",
				"pivot": [9.3, 7.25, 3.65],
				"rotation": [43.22891, -14.90059, -23.944],
				"cubes": [
					{"origin": [8.8, 6.75, 0.65], "size": [1, 1, 6], "uv": [80, 51], "inflate": 0.5}
				]
			},
			{
				"name": "bone140",
				"parent": "blet2",
				"pivot": [5.68057, 10.69954, 6.77885],
				"rotation": [56.63412, -54.08662, -26.60933],
				"cubes": [
					{"origin": [5.18057, 10.19954, 3.77885], "size": [1, 1, 6], "uv": [77, 79], "inflate": 0.5}
				]
			},
			{
				"name": "bone141",
				"parent": "blet2",
				"pivot": [0.74923, 14.52996, 7.83705],
				"rotation": [129.68516, -76.48923, -91.56765],
				"cubes": [
					{"origin": [0.24923, 14.02996, 4.83705], "size": [1, 1, 6], "uv": [54, 78], "inflate": 0.5}
				]
			},
			{
				"name": "bone142",
				"parent": "blet2",
				"pivot": [-2.78648, 18.12743, 5.51733],
				"rotation": [-160.35025, -43.73627, -152.60784],
				"cubes": [
					{"origin": [-3.28648, 17.62743, 3.01733], "size": [1, 1, 5], "uv": [0, 13], "inflate": 0.5}
				]
			},
			{
				"name": "bone143",
				"parent": "blet2",
				"pivot": [-4.4267, 21.71612, 2.50961],
				"rotation": [-133.63811, -12.11787, -165.8044],
				"cubes": [
					{"origin": [-4.9267, 21.21612, 0.00961], "size": [1, 1, 5], "uv": [0, 6], "inflate": 0.4}
				]
			},
			{
				"name": "bone144",
				"parent": "blet2",
				"pivot": [-2.69153, 25.40182, 0.01099],
				"rotation": [-119.05749, -6.28387, -135.89637],
				"cubes": [
					{"origin": [-3.19153, 24.90182, -2.48901], "size": [1, 1, 5], "uv": [0, 0], "inflate": 0.4}
				]
			},
			{
				"name": "blet",
				"parent": "chestPlate",
				"pivot": [0, 0, 0]
			},
			{
				"name": "bone133",
				"parent": "blet",
				"pivot": [9.3, 7.25, 3.65],
				"rotation": [43.22891, -14.90059, -23.944],
				"cubes": [
					{"origin": [8.8, 6.75, 0.65], "size": [1, 1, 6], "uv": [82, 65], "inflate": 0.5}
				]
			},
			{
				"name": "bone134",
				"parent": "blet",
				"pivot": [5.68057, 10.69954, 6.77885],
				"rotation": [56.63412, -54.08662, -26.60933],
				"cubes": [
					{"origin": [5.18057, 10.19954, 3.77885], "size": [1, 1, 6], "uv": [81, 17], "inflate": 0.5}
				]
			},
			{
				"name": "bone135",
				"parent": "blet",
				"pivot": [0.74923, 14.52996, 7.83705],
				"rotation": [129.68516, -76.48923, -91.56765],
				"cubes": [
					{"origin": [0.24923, 14.02996, 4.83705], "size": [1, 1, 6], "uv": [80, 58], "inflate": 0.5}
				]
			},
			{
				"name": "bone136",
				"parent": "blet",
				"pivot": [-2.78648, 18.12743, 5.51733],
				"rotation": [-160.35025, -43.73627, -152.60784],
				"cubes": [
					{"origin": [-3.28648, 17.62743, 3.01733], "size": [1, 1, 5], "uv": [16, 14], "inflate": 0.5}
				]
			},
			{
				"name": "bone137",
				"parent": "blet",
				"pivot": [-4.4267, 21.71612, 2.50961],
				"rotation": [-133.63811, -12.11787, -165.8044],
				"cubes": [
					{"origin": [-4.9267, 21.21612, 0.00961], "size": [1, 1, 5], "uv": [16, 6], "inflate": 0.4}
				]
			},
			{
				"name": "bone138",
				"parent": "blet",
				"pivot": [-2.69153, 25.40182, 0.01099],
				"rotation": [-119.05749, -6.28387, -135.89637],
				"cubes": [
					{"origin": [-3.19153, 24.90182, -2.48901], "size": [1, 1, 5], "uv": [16, 0], "inflate": 0.4}
				]
			},
			{
				"name": "bootsLeft",
				"parent": "deco",
				"pivot": [0, 0, 0]
			},
			{
				"name": "bone145",
				"parent": "bootsLeft",
				"pivot": [9.575, 7.5, 6.375],
				"rotation": [-73.64955, 25.25658, -24.25819],
				"cubes": [
					{"origin": [9.075, 7, 5.875], "size": [1, 1, 1], "uv": [23, 9], "inflate": 0.6}
				]
			},
			{
				"name": "bone146",
				"parent": "bootsLeft",
				"pivot": [-3.1, 14.5, 7.375],
				"rotation": [-34.33523, 57.38445, -10.82033],
				"cubes": [
					{"origin": [-3.6, 14, 6.875], "size": [1, 1, 1], "uv": [23, 3], "inflate": 0.6}
				]
			},
			{
				"name": "bone147",
				"parent": "bootsLeft",
				"pivot": [6.975, 14.5, 1.65],
				"rotation": [-83.17151, 45.38995, -31.5265],
				"cubes": [
					{"origin": [6.475, 14, 1.15], "size": [1, 1, 1], "uv": [16, 17], "inflate": 0.5}
				]
			},
			{
				"name": "bone148",
				"parent": "bootsLeft",
				"pivot": [5.8, 7.5, -8.275],
				"rotation": [-88.68261, 45.61381, 27.0855],
				"cubes": [
					{"origin": [5.3, 7, -8.775], "size": [1, 1, 1], "uv": [16, 9], "inflate": 0.7}
				]
			},
			{
				"name": "bone149",
				"parent": "bootsLeft",
				"pivot": [3.8, 18.95, -4.9],
				"rotation": [-115.23577, 36.07536, -16.02743],
				"cubes": [
					{"origin": [3.3, 18.45, -5.4], "size": [1, 1, 1], "uv": [7, 16], "inflate": 0.6}
				]
			},
			{
				"name": "bone150",
				"parent": "bootsLeft",
				"pivot": [-8.5, 11.7, 1.175],
				"rotation": [-133.69852, 51.58739, 97.93568],
				"cubes": [
					{"origin": [-9, 11.2, 0.675], "size": [1, 1, 1], "uv": [16, 3], "inflate": 0.5}
				]
			},
			{
				"name": "bone151",
				"parent": "bootsLeft",
				"pivot": [-4.75, 22.55, -0.475],
				"rotation": [-50.88677, 36.32487, -14.72629],
				"cubes": [
					{"origin": [-5.25, 22.05, -0.975], "size": [1, 1, 1], "uv": [0, 16], "inflate": 0.4}
				]
			},
			{
				"name": "bone152",
				"parent": "bootsLeft",
				"pivot": [-8.825, 9.275, -5.925],
				"rotation": [-36.14955, 25.25658, -24.25819],
				"cubes": [
					{"origin": [-9.325, 8.775, -6.425], "size": [1, 1, 1], "uv": [7, 9], "inflate": 0.7}
				]
			},
			{
				"name": "bone153",
				"parent": "bootsLeft",
				"pivot": [-2.25, 18.525, -5.475],
				"rotation": [-25.88572, 44.01555, 25.45206],
				"cubes": [
					{"origin": [-2.75, 18.025, -5.975], "size": [1, 1, 1], "uv": [0, 9], "inflate": 0.5}
				]
			},
			{
				"name": "bone154",
				"parent": "bootsLeft",
				"pivot": [0.775, 21.65, 4.275],
				"rotation": [-75.65402, 3.66049, -40.77939],
				"cubes": [
					{"origin": [0.275, 21.15, 3.775], "size": [1, 1, 1], "uv": [7, 3], "inflate": 0.4}
				]
			},
			{
				"name": "bone155",
				"parent": "bootsLeft",
				"pivot": [-2.325, 14.65, -7.95],
				"rotation": [-108.64955, 25.25658, -24.25819],
				"cubes": [
					{"origin": [-2.825, 14.15, -8.45], "size": [1, 1, 4], "uv": [0, 26]}
				]
			},
			{
				"name": "bone156",
				"parent": "bootsLeft",
				"pivot": [8.325, 12.05, -2.15],
				"rotation": [-64.19087, 39.92249, -21.34962],
				"cubes": [
					{"origin": [7.825, 11.55, -2.65], "size": [1, 1, 4], "uv": [16, 20]}
				]
			},
			{
				"name": "bone157",
				"parent": "bootsLeft",
				"pivot": [-5.2, 20.8, 2.325],
				"rotation": [-102.55122, 8.7958, 20.0365],
				"cubes": [
					{"origin": [-5.7, 20.3, 1.825], "size": [1, 1, 4], "uv": [0, 19]}
				]
			},
			{
				"name": "armLeft",
				"pivot": [6, 17.5, 0]
			},
			{
				"name": "armRight",
				"pivot": [-6, 17.5, 0]
			}
		]
	}
}