{
	"format_version": "1.10.0",
	"geometry.model": {
		"texturewidth": 64,
		"textureheight": 64,
		"visible_bounds_width": 4,
		"visible_bounds_height": 1.5,
		"visible_bounds_offset": [0, 0.25, 0],
		"bones": [
			{
				"name": "bone177",
				"pivot": [-7.375, 0, 8]
			},
			{
				"name": "bone133",
				"parent": "bone177",
				"pivot": [6.625, 0, -4]
			},
			{
				"name": "bone134",
				"parent": "bone133",
				"pivot": [6.575, 0.8, 2.725],
				"rotation": [82.5, 0, 0]
			},
			{
				"name": "bone135",
				"parent": "bone134",
				"pivot": [6.575, 0.8, -9.275],
				"cubes": [
					{"origin": [6.575, 0.8, 2.725], "size": [1, 1, 0], "uv": [40, 49], "mirror": true},
					{"origin": [5.075, 0.8, 2.725], "size": [1, 1, 0], "uv": [40, 49], "mirror": true}
				]
			},
			{
				"name": "bone136",
				"parent": "bone134",
				"pivot": [6.575, 0.8, -9.275],
				"cubes": [
					{"origin": [6.375, 0.1, 2.675], "size": [1, 1, 0.2], "uv": [40, 49], "inflate": -0.1, "mirror": true},
					{"origin": [5.275, 0.1, 2.675], "size": [1, 1, 0.2], "uv": [40, 49], "inflate": -0.1, "mirror": true},
					{"origin": [5.825, 0.375, 2.475], "size": [1, 1, 0.7], "uv": [48, 48], "inflate": -0.2, "mirror": true}
				]
			},
			{
				"name": "bone137",
				"parent": "bone133",
				"pivot": [15.2, 2.075, -8.525],
				"rotation": [-90, 12.5, 0]
			},
			{
				"name": "bone138",
				"parent": "bone137",
				"pivot": [15.2, 2.075, -20.525],
				"cubes": [
					{"origin": [15.2, 2.075, -8.525], "size": [1, 1, 0], "uv": [14, 47], "mirror": true},
					{"origin": [13.7, 2.075, -8.525], "size": [1, 1, 0], "uv": [14, 47], "mirror": true}
				]
			},
			{
				"name": "bone139",
				"parent": "bone137",
				"pivot": [15.2, 2.075, -20.525],
				"cubes": [
					{"origin": [15, 1.375, -8.575], "size": [1, 1, 0.2], "uv": [14, 47], "inflate": -0.1, "mirror": true},
					{"origin": [13.9, 1.375, -8.575], "size": [1, 1, 0.2], "uv": [14, 47], "inflate": -0.1, "mirror": true},
					{"origin": [14.45, 1.65, -8.775], "size": [1, 1, 0.7], "uv": [12, 33], "inflate": -0.2, "mirror": true}
				]
			},
			{
				"name": "bone140",
				"parent": "bone133",
				"pivot": [-1.125, 2.475, -3.3],
				"rotation": [-170, -60, -180]
			},
			{
				"name": "bone141",
				"parent": "bone140",
				"pivot": [-1.125, 2.475, -15.3],
				"cubes": [
					{"origin": [-1.125, 2.475, -3.3], "size": [1, 1, 0], "uv": [6, 19], "mirror": true},
					{"origin": [-2.625, 2.475, -3.3], "size": [1, 1, 0], "uv": [2, 19], "mirror": true}
				]
			},
			{
				"name": "bone142",
				"parent": "bone140",
				"pivot": [-1.125, 2.475, -15.3],
				"cubes": [
					{"origin": [-1.325, 1.775, -3.35], "size": [1, 1, 0.2], "uv": [0, 19], "inflate": -0.1, "mirror": true},
					{"origin": [-2.425, 1.775, -3.35], "size": [1, 1, 0.2], "uv": [18, 14], "inflate": -0.1, "mirror": true},
					{"origin": [-1.875, 2.05, -3.55], "size": [1, 1, 0.7], "uv": [17, 61], "inflate": -0.2, "mirror": true}
				]
			},
			{
				"name": "bone143",
				"parent": "bone133",
				"pivot": [14.3508, 1.2125, -9.10058],
				"rotation": [0, -45, 0],
				"cubes": [
					{"origin": [12.3508, -0.175, -10.10058], "size": [4, 2, 2], "uv": [10, 28], "inflate": -0.1, "mirror": true},
					{"origin": [12.3508, 1.25, -10.10058], "size": [4, 0.7, 2], "uv": [0, 47], "mirror": true}
				]
			},
			{
				"name": "bone144",
				"parent": "bone133",
				"pivot": [-7.05, 1.2125, 14.625],
				"rotation": [180, -55, -180],
				"cubes": [
					{"origin": [-9.05, -0.175, 13.625], "size": [4, 2, 2], "uv": [40, 16], "inflate": -0.1, "mirror": true},
					{"origin": [-9.05, 1.25, 13.625], "size": [4, 0.7, 2], "uv": [23, 50], "mirror": true}
				]
			},
			{
				"name": "bone145",
				"parent": "bone133",
				"pivot": [5.7, 0.95, 3.775],
				"rotation": [0, -45, 0],
				"cubes": [
					{"origin": [8.2, -0.55, -4.725], "size": [3, 3, 3], "uv": [35, 0], "inflate": -0.5, "mirror": true}
				]
			},
			{
				"name": "bone146",
				"parent": "bone133",
				"pivot": [5.7, 0.95, -0.225],
				"rotation": [0, -72.5, 0],
				"cubes": [
					{"origin": [-4.8, -0.55, -9.725], "size": [3, 3, 3], "uv": [37, 21], "inflate": -0.5, "mirror": true}
				]
			},
			{
				"name": "bone147",
				"parent": "bone133",
				"pivot": [5.7, 0.95, -0.225],
				"rotation": [0, -72.5, 0],
				"cubes": [
					{"origin": [-5.8, -0.55, 14.275], "size": [3, 3, 3], "uv": [27, 37], "inflate": -0.5, "mirror": true}
				]
			},
			{
				"name": "bone148",
				"parent": "bone133",
				"pivot": [5.7, 0.95, -0.225],
				"rotation": [0, -72.5, 0],
				"cubes": [
					{"origin": [4.2, -0.55, -1.725], "size": [3, 3, 3], "uv": [13, 39], "inflate": -0.5, "mirror": true}
				]
			},
			{
				"name": "bone149",
				"parent": "bone133",
				"pivot": [-0.175, 1.7, -5.975],
				"rotation": [21.80633, -5.68422, 103.9042],
				"cubes": [
					{"origin": [-2.175, 1.2, -6.975], "size": [4, 1, 2], "uv": [28, 21], "inflate": -0.1, "mirror": true}
				]
			},
			{
				"name": "bone150",
				"parent": "bone133",
				"pivot": [6.425, 0.3, 2.225],
				"rotation": [180, 50, -180],
				"cubes": [
					{"origin": [3.45, -0.2, 0.9], "size": [4, 1, 2], "uv": [43, 43], "inflate": -0.1, "mirror": true}
				]
			},
			{
				"name": "bone151",
				"parent": "bone133",
				"pivot": [5.85, 0.3, -10.775],
				"rotation": [0, 22.5, 0],
				"cubes": [
					{"origin": [3.85, -0.2, -11.775], "size": [4, 1, 2], "uv": [44, 0], "inflate": -0.1, "mirror": true}
				]
			},
			{
				"name": "bone152",
				"parent": "bone133",
				"pivot": [7.2, 0, -3.95],
				"cubes": [
					{"origin": [7.2, 0, -4.95], "size": [2, 5, 2], "uv": [18, 13], "inflate": 0.2, "mirror": true}
				]
			},
			{
				"name": "bone153",
				"parent": "bone152",
				"pivot": [6.65, 0, -2.85],
				"rotation": [0, -10, 0],
				"cubes": [
					{"origin": [2.075, 1.85, -1.9], "size": [3, 1, 3], "uv": [44, 12], "mirror": true},
					{"origin": [2.075, -0.2, -1.9], "size": [3, 3, 3], "uv": [40, 6], "inflate": -0.1, "mirror": true}
				]
			},
			{
				"name": "bone154",
				"parent": "bone152",
				"pivot": [1.19628, 1.625, -9.97119],
				"rotation": [0, -10, 0],
				"cubes": [
					{"origin": [-0.30372, 1.65, -11.47119], "size": [3, 1, 3], "uv": [34, 43], "inflate": -0.3, "mirror": true},
					{"origin": [14.69628, -0.4, -4.47119], "size": [3, 3, 3], "uv": [0, 40], "inflate": -0.4, "mirror": true}
				]
			},
			{
				"name": "bone155",
				"parent": "bone152",
				"pivot": [1.19628, 1.625, -9.97119],
				"rotation": [0, -10, 0],
				"cubes": [
					{"origin": [10.57128, 1.65, -11.19619], "size": [3, 1, 3], "uv": [22, 43], "inflate": -0.3, "mirror": true},
					{"origin": [10.57128, -0.4, -11.19619], "size": [3, 3, 3], "uv": [39, 37], "inflate": -0.4, "mirror": true}
				]
			},
			{
				"name": "bone156",
				"parent": "bone133",
				"pivot": [6.625, 0, -4],
				"rotation": [0, 10, 0],
				"cubes": [
					{"origin": [3.625, 0.275, -6], "size": [3, 5, 4], "uv": [30, 28], "inflate": 0.4, "mirror": true},
					{"origin": [4.675, -0.25, -6.5], "size": [1, 6, 5], "uv": [18, 28], "inflate": 0, "mirror": true}
				]
			},
			{
				"name": "bone157",
				"parent": "bone133",
				"pivot": [-8.5, -0.325, 13.175],
				"rotation": [0, -25, 0]
			},
			{
				"name": "bone158",
				"parent": "bone157",
				"pivot": [-8.5, -0.325, 13.175],
				"cubes": [
					{"origin": [-8.5, -0.325, 6.175], "size": [4, 4, 4], "uv": [19, 0], "inflate": -0.3, "mirror": true},
					{"origin": [-8.5, 2.775, 6.175], "size": [4, 1, 4], "uv": [28, 16], "inflate": -0.2, "mirror": true},
					{"origin": [-6.8, -0.225, 6.175], "size": [0.6, 4, 4], "uv": [14, 56], "inflate": -0.1, "mirror": true},
					{"origin": [-8.5, -0.2, 7.975], "size": [4, 4, 0.6], "uv": [14, 60], "inflate": -0.1, "mirror": true}
				]
			},
			{
				"name": "bone159",
				"parent": "bone133",
				"pivot": [5.625, 0, -3],
				"rotation": [0, -7.5, 0]
			},
			{
				"name": "bone160",
				"parent": "bone159",
				"pivot": [5.625, 0, -3],
				"cubes": [
					{"origin": [5.625, 0, -10], "size": [4, 4, 4], "uv": [28, 8], "mirror": true},
					{"origin": [5.625, 3.1, -10], "size": [4, 1, 4], "uv": [0, 35], "inflate": 0.1, "mirror": true},
					{"origin": [7.325, 0.1, -10], "size": [0.6, 4, 4], "uv": [0, 56], "inflate": 0.2, "mirror": true},
					{"origin": [5.625, 0.125, -8.2], "size": [4, 4, 0.6], "uv": [1, 60], "inflate": 0.2, "mirror": true}
				]
			},
			{
				"name": "bone161",
				"parent": "bone133",
				"pivot": [5.725, 0.175, -11.2],
				"rotation": [14.75346, 32.18826, 8.87221]
			},
			{
				"name": "bone162",
				"parent": "bone161",
				"pivot": [5.725, 0.175, -6.2],
				"cubes": [
					{"origin": [-1.44406, 0.175, -14.97755], "size": [5, 3, 8], "uv": [0, 13], "mirror": true},
					{"origin": [-1.44406, 0.175, -10.37755], "size": [5, 3, 1], "uv": [44, 32], "inflate": 0.1, "mirror": true},
					{"origin": [0.55594, 0.175, -14.97755], "size": [1, 3, 8], "uv": [0, 24], "inflate": 0.1, "mirror": true}
				]
			},
			{
				"name": "bone163",
				"parent": "bone161",
				"pivot": [0.65, 3.375, -8.825],
				"rotation": [0, -20, 0]
			},
			{
				"name": "bone164",
				"parent": "bone163",
				"pivot": [8.40285, 3.675, -5.68086],
				"rotation": [-49.32747, -18.10814, -23.66105],
				"cubes": [
					{"origin": [0.78039, 3.97034, -8.92138], "size": [2, 1, 1], "uv": [10, 26], "inflate": 0.1, "mirror": true}
				]
			},
			{
				"name": "bone165",
				"parent": "bone163",
				"pivot": [6.25285, 3.675, -5.68086],
				"rotation": [-49.32747, 18.10814, 23.66105],
				"cubes": [
					{"origin": [0.60878, -2.20893, -7.38333], "size": [2, 1, 1], "uv": [10, 24], "inflate": 0.1, "mirror": true}
				]
			},
			{
				"name": "bone166",
				"parent": "bone163",
				"pivot": [7.32785, 3.675, -6.43086],
				"rotation": [22.5, 0, 0],
				"cubes": [
					{"origin": [0.35707, 4.39294, -9.87122], "size": [1, 1, 1], "uv": [0, 0], "mirror": true}
				]
			},
			{
				"name": "bone167",
				"parent": "bone163",
				"pivot": [6.60285, 3.5, -7.93086],
				"rotation": [5, 20, 0],
				"cubes": [
					{"origin": [1.11083, 3.95354, -15.61488], "size": [1, 0, 4], "uv": [2, 0], "mirror": true}
				]
			},
			{
				"name": "bone168",
				"parent": "bone163",
				"pivot": [7.95285, 3.5, -7.93086],
				"rotation": [5, -20, 0],
				"cubes": [
					{"origin": [0.28379, 3.56777, -11.20545], "size": [1, 0, 4], "uv": [0, 0], "mirror": true}
				]
			},
			{
				"name": "bone169",
				"parent": "bone133",
				"pivot": [6.625, 0, 1],
				"rotation": [0, -27.5, 0]
			},
			{
				"name": "bone170",
				"parent": "bone169",
				"pivot": [6.625, 0, 1],
				"cubes": [
					{"origin": [6.625, 0, -8], "size": [5, 4, 9], "uv": [0, 0], "mirror": true},
					{"origin": [6.625, 0, -2.4], "size": [5, 4, 1], "uv": [40, 27], "inflate": 0.1, "mirror": true},
					{"origin": [8.625, 0, -8], "size": [1, 4, 9], "uv": [17, 15], "inflate": 0.1, "mirror": true}
				]
			},
			{
				"name": "bone171",
				"parent": "bone169",
				"pivot": [9.025, 4.2, -1.625],
				"rotation": [0, 20, 0]
			},
			{
				"name": "bone172",
				"parent": "bone171",
				"pivot": [10.2, 4.5, -0.875],
				"rotation": [-49.32747, -18.10814, -23.66105],
				"cubes": [
					{"origin": [9.2, 4, -1.375], "size": [2, 1, 1], "uv": [35, 6], "inflate": 0.1, "mirror": true}
				]
			},
			{
				"name": "bone173",
				"parent": "bone171",
				"pivot": [8.05, 4.5, -0.875],
				"rotation": [-49.32747, 18.10814, 23.66105],
				"cubes": [
					{"origin": [7.05, 4, -1.375], "size": [2, 1, 1], "uv": [31, 0], "inflate": 0.1, "mirror": true}
				]
			},
			{
				"name": "bone174",
				"parent": "bone171",
				"pivot": [9.125, 4.5, -1.625],
				"rotation": [22.5, 0, 0],
				"cubes": [
					{"origin": [8.625, 4, -2.125], "size": [1, 1, 1], "uv": [0, 2], "mirror": true}
				]
			},
			{
				"name": "bone175",
				"parent": "bone171",
				"pivot": [8.4, 4.325, -3.125],
				"rotation": [5, 20, 0],
				"cubes": [
					{"origin": [7.9, 4.325, -5.625], "size": [1, 0, 4], "uv": [0, 17], "mirror": true}
				]
			},
			{
				"name": "bone176",
				"parent": "bone171",
				"pivot": [9.75, 4.325, -3.125],
				"rotation": [5, -20, 0],
				"cubes": [
					{"origin": [9.25, 4.325, -5.625], "size": [1, 0, 4], "uv": [15, 0], "mirror": true}
				]
			},
			{
				"name": "bone89",
				"parent": "bone177",
				"pivot": [-22.375, 0, -8],
				"rotation": [0, -90, 0]
			},
			{
				"name": "bone90",
				"parent": "bone89",
				"pivot": [-22.325, 0.8, -14.725],
				"rotation": [-82.5, 0, 0]
			},
			{
				"name": "bone91",
				"parent": "bone90",
				"pivot": [-22.325, 0.8, -2.725],
				"cubes": [
					{"origin": [-23.325, -18.03745, -17.205], "size": [1, 1, 0], "uv": [40, 49]},
					{"origin": [-21.825, -18.03745, -17.205], "size": [1, 1, 0], "uv": [40, 49]}
				]
			},
			{
				"name": "bone92",
				"parent": "bone90",
				"pivot": [-22.325, 0.8, -2.725],
				"cubes": [
					{"origin": [-23.125, -18.73745, -17.355], "size": [1, 1, 0.2], "uv": [40, 49], "inflate": -0.1},
					{"origin": [-22.025, -18.73745, -17.355], "size": [1, 1, 0.2], "uv": [40, 49], "inflate": -0.1},
					{"origin": [-22.575, -18.46245, -17.655], "size": [1, 1, 0.7], "uv": [48, 48], "inflate": -0.2}
				]
			},
			{
				"name": "bone93",
				"parent": "bone89",
				"pivot": [-30.95, 2.075, -3.475],
				"rotation": [90, 12.5, 0]
			},
			{
				"name": "bone94",
				"parent": "bone93",
				"pivot": [-30.95, 2.075, 8.525],
				"cubes": [
					{"origin": [-27.83765, 20.62462, -3.475], "size": [1, 1, 0], "uv": [14, 47]},
					{"origin": [-26.33765, 20.62462, -3.475], "size": [1, 1, 0], "uv": [14, 47]}
				]
			},
			{
				"name": "bone95",
				"parent": "bone93",
				"pivot": [-30.95, 2.075, 8.525],
				"cubes": [
					{"origin": [-27.63765, 19.92462, -3.625], "size": [1, 1, 0.2], "uv": [14, 47], "inflate": -0.1},
					{"origin": [-26.53765, 19.92462, -3.625], "size": [1, 1, 0.2], "uv": [14, 47], "inflate": -0.1},
					{"origin": [-27.08765, 20.19962, -3.925], "size": [1, 1, 0.7], "uv": [12, 33], "inflate": -0.2}
				]
			},
			{
				"name": "bone96",
				"parent": "bone89",
				"pivot": [-14.625, 2.475, -8.7],
				"rotation": [170, -60, 180]
			},
			{
				"name": "bone97",
				"parent": "bone96",
				"pivot": [-14.625, 2.475, 3.3],
				"cubes": [
					{"origin": [-32.07948, 4.12466, 0.65567], "size": [1, 1, 0], "uv": [6, 19]},
					{"origin": [-30.57948, 4.12466, 0.65567], "size": [1, 1, 0], "uv": [2, 19]}
				]
			},
			{
				"name": "bone98",
				"parent": "bone96",
				"pivot": [-14.625, 2.475, 3.3],
				"cubes": [
					{"origin": [-31.87948, 3.42466, 0.50567], "size": [1, 1, 0.2], "uv": [0, 19], "inflate": -0.1},
					{"origin": [-30.77948, 3.42466, 0.50567], "size": [1, 1, 0.2], "uv": [18, 14], "inflate": -0.1},
					{"origin": [-31.32948, 3.69966, 0.20567], "size": [1, 1, 0.7], "uv": [17, 61], "inflate": -0.2}
				]
			},
			{
				"name": "bone99",
				"parent": "bone89",
				"pivot": [-30.1008, 1.2125, -2.89942],
				"rotation": [0, -45, 0],
				"cubes": [
					{"origin": [-45.53583, -0.175, -17.33444], "size": [4, 2, 2], "uv": [10, 28], "inflate": -0.1},
					{"origin": [-45.53583, 1.25, -17.33444], "size": [4, 0.7, 2], "uv": [0, 47]}
				]
			},
			{
				"name": "bone100",
				"parent": "bone89",
				"pivot": [-18.3, 1.2125, -14.625],
				"rotation": [-180, -55, 180],
				"cubes": [
					{"origin": [-35.86389, -0.175, -4.72705], "size": [4, 2, 2], "uv": [40, 16], "inflate": -0.1},
					{"origin": [-35.86389, 1.25, -4.72705], "size": [4, 0.7, 2], "uv": [23, 50]}
				]
			},
			{
				"name": "bone101",
				"parent": "bone89",
				"pivot": [-21.45, 0.95, -15.775],
				"rotation": [0, -45, 0],
				"cubes": [
					{"origin": [-40.38503, -0.55, -23.71003], "size": [3, 3, 3], "uv": [35, 0], "inflate": -0.5}
				]
			},
			{
				"name": "bone102",
				"parent": "bone89",
				"pivot": [-21.45, 0.95, -11.775],
				"rotation": [0, -72.5, 0],
				"cubes": [
					{"origin": [-32.07062, -0.55, -10.98841], "size": [3, 3, 3], "uv": [37, 21], "inflate": -0.5}
				]
			},
			{
				"name": "bone103",
				"parent": "bone89",
				"pivot": [-14.875, 0.95, -25.3],
				"rotation": [0, -72.5, 0],
				"cubes": [
					{"origin": [-33.49562, -0.55, -38.51341], "size": [3, 3, 3], "uv": [27, 37], "inflate": -0.5}
				]
			},
			{
				"name": "bone104",
				"parent": "bone89",
				"pivot": [-21.45, 0.95, -11.775],
				"rotation": [0, -72.5, 0],
				"cubes": [
					{"origin": [-41.07062, -0.55, -18.98841], "size": [3, 3, 3], "uv": [13, 39], "inflate": -0.5}
				]
			},
			{
				"name": "bone105",
				"parent": "bone89",
				"pivot": [-15.575, 1.7, -6.025],
				"rotation": [-21.80633, -5.68422, -103.9042],
				"cubes": [
					{"origin": [-19.45687, -5.82323, -24.57871], "size": [4, 1, 2], "uv": [28, 21], "inflate": -0.1}
				]
			},
			{
				"name": "bone106",
				"parent": "bone89",
				"pivot": [-22.175, 0.3, -14.225],
				"rotation": [-180, 50, 180],
				"cubes": [
					{"origin": [-8.64516, -0.2, -2.68704], "size": [4, 1, 2], "uv": [43, 43], "inflate": -0.1}
				]
			},
			{
				"name": "bone107",
				"parent": "bone89",
				"pivot": [-21.6, 0.3, -1.225],
				"rotation": [0, 22.5, 0],
				"cubes": [
					{"origin": [-16.32901, -0.2, -19.77871], "size": [4, 1, 2], "uv": [44, 0], "inflate": -0.1}
				]
			},
			{
				"name": "bone108",
				"parent": "bone89",
				"pivot": [-22.95, 0, -8.05],
				"cubes": [
					{"origin": [-24.95, 0, -28.05], "size": [2, 5, 2], "uv": [18, 13], "inflate": 0.2}
				]
			},
			{
				"name": "bone109",
				"parent": "bone108",
				"pivot": [-22.4, 0, -9.15],
				"rotation": [0, -10, 0],
				"cubes": [
					{"origin": [-24.12432, 1.85, -31.81135], "size": [3, 1, 3], "uv": [44, 12]},
					{"origin": [-24.12432, -0.2, -31.81135], "size": [3, 3, 3], "uv": [40, 6], "inflate": -0.1}
				]
			},
			{
				"name": "bone110",
				"parent": "bone108",
				"pivot": [-16.94628, 1.625, -2.02881],
				"rotation": [0, -10, 0],
				"cubes": [
					{"origin": [-21.74559, 1.65, -22.24016], "size": [3, 1, 3], "uv": [34, 43], "inflate": -0.3},
					{"origin": [-36.74559, -0.4, -29.24016], "size": [3, 3, 3], "uv": [0, 40], "inflate": -0.4}
				]
			},
			{
				"name": "bone111",
				"parent": "bone108",
				"pivot": [-16.94628, 1.625, -2.02881],
				"rotation": [0, -10, 0],
				"cubes": [
					{"origin": [-32.62059, 1.65, -22.51516], "size": [3, 1, 3], "uv": [22, 43], "inflate": -0.3},
					{"origin": [-32.62059, -0.4, -22.51516], "size": [3, 3, 3], "uv": [39, 37], "inflate": -0.4}
				]
			},
			{
				"name": "bone112",
				"parent": "bone89",
				"pivot": [-22.375, 0, -8],
				"rotation": [0, 10, 0],
				"cubes": [
					{"origin": [-19.07568, 0.275, -28.71135], "size": [3, 5, 4], "uv": [30, 28], "inflate": 0.4},
					{"origin": [-18.12568, -0.25, -29.21135], "size": [1, 6, 5], "uv": [18, 28], "inflate": 0}
				]
			},
			{
				"name": "bone113",
				"parent": "bone89",
				"pivot": [-18.45, -0.325, -3.85],
				"rotation": [0, -25, 0]
			},
			{
				"name": "bone114",
				"parent": "bone113",
				"pivot": [-18.45, -0.325, -3.85],
				"cubes": [
					{"origin": [-30.47975, -0.325, -18.06985], "size": [4, 4, 4], "uv": [19, 0], "inflate": -0.3},
					{"origin": [-30.47975, 2.775, -18.06985], "size": [4, 1, 4], "uv": [28, 16], "inflate": -0.2},
					{"origin": [-28.77975, -0.225, -18.06985], "size": [0.6, 4, 4], "uv": [14, 56], "inflate": -0.1},
					{"origin": [-30.47975, -0.2, -16.46985], "size": [4, 4, 0.6], "uv": [14, 60], "inflate": -0.1}
				]
			},
			{
				"name": "bone115",
				"parent": "bone89",
				"pivot": [-21.375, 0, -9],
				"rotation": [0, -7.5, 0]
			},
			{
				"name": "bone116",
				"parent": "bone115",
				"pivot": [-21.375, 0, -9],
				"cubes": [
					{"origin": [-27.855, 0, -24.83745], "size": [4, 4, 4], "uv": [28, 8]},
					{"origin": [-27.855, 3.1, -24.83745], "size": [4, 1, 4], "uv": [0, 35], "inflate": 0.1},
					{"origin": [-26.155, 0.1, -24.83745], "size": [0.6, 4, 4], "uv": [0, 56], "inflate": 0.2},
					{"origin": [-27.855, 0.125, -23.23745], "size": [4, 4, 0.6], "uv": [1, 60], "inflate": 0.2}
				]
			},
			{
				"name": "bone117",
				"parent": "bone89",
				"pivot": [-21.475, 0.175, -0.8],
				"rotation": [-14.75346, 32.18826, -8.87221]
			},
			{
				"name": "bone118",
				"parent": "bone117",
				"pivot": [-21.475, 0.175, -5.8],
				"cubes": [
					{"origin": [-9.18458, -3.91987, -20.57205], "size": [5, 3, 8], "uv": [0, 13]},
					{"origin": [-9.18458, -3.91987, -18.17205], "size": [5, 3, 1], "uv": [44, 32], "inflate": 0.1},
					{"origin": [-7.18458, -3.91987, -20.57205], "size": [1, 3, 8], "uv": [0, 24], "inflate": 0.1}
				]
			},
			{
				"name": "bone119",
				"parent": "bone117",
				"pivot": [-16.4, 3.375, -3.175],
				"rotation": [0, -20, 0]
			},
			{
				"name": "bone120",
				"parent": "bone119",
				"pivot": [-24.15285, 3.675, -6.31914],
				"rotation": [49.32747, -18.10814, 23.66105],
				"cubes": [
					{"origin": [-18.93584, 16.94412, -17.95366], "size": [2, 1, 1], "uv": [10, 26], "inflate": 0.1}
				]
			},
			{
				"name": "bone121",
				"parent": "bone119",
				"pivot": [-22.00285, 3.675, -6.31914],
				"rotation": [49.32747, 18.10814, -23.66105],
				"cubes": [
					{"origin": [-10.65326, 6.76105, -20.48827], "size": [2, 1, 1], "uv": [10, 24], "inflate": 0.1}
				]
			},
			{
				"name": "bone122",
				"parent": "bone119",
				"pivot": [-23.07785, 3.675, -5.56914],
				"rotation": [-22.5, 0, 0],
				"cubes": [
					{"origin": [-12.91439, -6.30668, -18.25953], "size": [1, 1, 1], "uv": [0, 0]}
				]
			},
			{
				"name": "bone123",
				"parent": "bone119",
				"pivot": [-22.35285, 3.5, -4.06914],
				"rotation": [-5, 20, 0],
				"cubes": [
					{"origin": [-7.73947, -1.48098, -15.51866], "size": [1, 0, 4], "uv": [2, 0]}
				]
			},
			{
				"name": "bone124",
				"parent": "bone119",
				"pivot": [-23.70285, 3.5, -4.06914],
				"rotation": [-5, -20, 0],
				"cubes": [
					{"origin": [-19.27547, -2.11672, -22.78514], "size": [1, 0, 4], "uv": [0, 0]}
				]
			},
			{
				"name": "bone125",
				"parent": "bone89",
				"pivot": [-22.375, 0, -13],
				"rotation": [0, -27.5, 0]
			},
			{
				"name": "bone126",
				"parent": "bone125",
				"pivot": [-22.375, 0, -13],
				"cubes": [
					{"origin": [-36.14822, 0, -29.85321], "size": [5, 4, 9], "uv": [0, 0]},
					{"origin": [-36.14822, 0, -27.45321], "size": [5, 4, 1], "uv": [40, 27], "inflate": 0.1},
					{"origin": [-34.14822, 0, -29.85321], "size": [1, 4, 9], "uv": [17, 15], "inflate": 0.1}
				]
			},
			{
				"name": "bone127",
				"parent": "bone125",
				"pivot": [-24.775, 4.2, -10.375],
				"rotation": [0, 20, 0]
			},
			{
				"name": "bone128",
				"parent": "bone127",
				"pivot": [-25.95, 4.5, -11.125],
				"rotation": [49.32747, -18.10814, 23.66105],
				"cubes": [
					{"origin": [-34.96391, 16.39545, -23.5887], "size": [2, 1, 1], "uv": [35, 6], "inflate": 0.1}
				]
			},
			{
				"name": "bone129",
				"parent": "bone127",
				"pivot": [-23.8, 4.5, -11.125],
				"rotation": [49.32747, 18.10814, -23.66105],
				"cubes": [
					{"origin": [-21.10412, 18.76372, -22.99922], "size": [2, 1, 1], "uv": [31, 0], "inflate": 0.1}
				]
			},
			{
				"name": "bone130",
				"parent": "bone127",
				"pivot": [-24.875, 4.5, -10.375],
				"rotation": [-22.5, 0, 0],
				"cubes": [
					{"origin": [-27.855, -3.20878, -28.27854], "size": [1, 1, 1], "uv": [0, 2]}
				]
			},
			{
				"name": "bone131",
				"parent": "bone127",
				"pivot": [-24.15, 4.325, -8.875],
				"rotation": [-5, 20, 0],
				"cubes": [
					{"origin": [-20.53765, 2.70829, -28.85404], "size": [1, 0, 4], "uv": [0, 17]}
				]
			},
			{
				"name": "bone132",
				"parent": "bone127",
				"pivot": [-25.5, 4.325, -8.875],
				"rotation": [-5, -20, 0],
				"cubes": [
					{"origin": [-34.77322, 2.85615, -27.16407], "size": [1, 0, 4], "uv": [15, 0]}
				]
			},
			{
				"name": "bone45",
				"parent": "bone177",
				"pivot": [6.625, 0, 8],
				"rotation": [0, 90, 0]
			},
			{
				"name": "bone46",
				"parent": "bone45",
				"pivot": [15.2, 2.125, -13.725],
				"rotation": [-82.5, 0, 0]
			},
			{
				"name": "bone47",
				"parent": "bone46",
				"pivot": [15.2, 2.125, -1.725],
				"cubes": [
					{"origin": [14.2, 2.125, -13.725], "size": [1, 1, 0], "uv": [40, 49]},
					{"origin": [15.7, 2.125, -13.725], "size": [1, 1, 0], "uv": [40, 49]}
				]
			},
			{
				"name": "bone48",
				"parent": "bone46",
				"pivot": [15.2, 2.125, -1.725],
				"cubes": [
					{"origin": [14.4, 1.425, -13.875], "size": [1, 1, 0.2], "uv": [40, 49], "inflate": -0.1},
					{"origin": [15.5, 1.425, -13.875], "size": [1, 1, 0.2], "uv": [40, 49], "inflate": -0.1},
					{"origin": [14.95, 1.7, -14.175], "size": [1, 1, 0.7], "uv": [48, 48], "inflate": -0.2}
				]
			},
			{
				"name": "bone49",
				"parent": "bone45",
				"pivot": [-1.95, 2.075, 12.525],
				"rotation": [90, 12.5, 0]
			},
			{
				"name": "bone50",
				"parent": "bone49",
				"pivot": [-1.95, 2.075, 24.525],
				"cubes": [
					{"origin": [-2.95, 2.075, 12.525], "size": [1, 1, 0], "uv": [14, 47]},
					{"origin": [-1.45, 2.075, 12.525], "size": [1, 1, 0], "uv": [14, 47]}
				]
			},
			{
				"name": "bone51",
				"parent": "bone49",
				"pivot": [-1.95, 2.075, 24.525],
				"cubes": [
					{"origin": [-2.75, 1.375, 12.375], "size": [1, 1, 0.2], "uv": [14, 47], "inflate": -0.1},
					{"origin": [-1.65, 1.375, 12.375], "size": [1, 1, 0.2], "uv": [14, 47], "inflate": -0.1},
					{"origin": [-2.2, 1.65, 12.075], "size": [1, 1, 0.7], "uv": [12, 33], "inflate": -0.2}
				]
			},
			{
				"name": "bone52",
				"parent": "bone45",
				"pivot": [14.375, 2.475, 7.3],
				"rotation": [170, -60, 180]
			},
			{
				"name": "bone53",
				"parent": "bone52",
				"pivot": [14.375, 2.475, 19.3],
				"cubes": [
					{"origin": [13.375, 2.475, 7.3], "size": [1, 1, 0], "uv": [6, 19]},
					{"origin": [14.875, 2.475, 7.3], "size": [1, 1, 0], "uv": [2, 19]}
				]
			},
			{
				"name": "bone54",
				"parent": "bone52",
				"pivot": [14.375, 2.475, 19.3],
				"cubes": [
					{"origin": [13.575, 1.775, 7.15], "size": [1, 1, 0.2], "uv": [0, 19], "inflate": -0.1},
					{"origin": [14.675, 1.775, 7.15], "size": [1, 1, 0.2], "uv": [18, 14], "inflate": -0.1},
					{"origin": [14.125, 2.05, 6.85], "size": [1, 1, 0.7], "uv": [17, 61], "inflate": -0.2}
				]
			},
			{
				"name": "bone55",
				"parent": "bone45",
				"pivot": [-1.1008, 1.2125, 13.10058],
				"rotation": [0, -45, 0],
				"cubes": [
					{"origin": [-3.1008, -0.175, 12.10058], "size": [4, 2, 2], "uv": [10, 28], "inflate": -0.1},
					{"origin": [-3.1008, 1.25, 12.10058], "size": [4, 0.7, 2], "uv": [0, 47]}
				]
			},
			{
				"name": "bone56",
				"parent": "bone45",
				"pivot": [1.7, 1.2125, 8.375],
				"rotation": [-180, -80, 180],
				"cubes": [
					{"origin": [-0.3, -0.175, 7.375], "size": [4, 2, 2], "uv": [40, 16], "inflate": -0.1},
					{"origin": [-0.3, 1.25, 7.375], "size": [4, 0.7, 2], "uv": [23, 50]}
				]
			},
			{
				"name": "bone57",
				"parent": "bone45",
				"pivot": [8.375, 0.95, 0.175],
				"rotation": [0, -45, 0],
				"cubes": [
					{"origin": [1.65, -0.55, 2.25], "size": [3, 3, 3], "uv": [35, 0], "inflate": -0.5}
				]
			},
			{
				"name": "bone58",
				"parent": "bone45",
				"pivot": [9.175, 0.95, -10.05],
				"rotation": [0, -72.5, 0],
				"cubes": [
					{"origin": [16.675, -0.55, -3.55], "size": [3, 3, 3], "uv": [37, 21], "inflate": -0.5}
				]
			},
			{
				"name": "bone59",
				"parent": "bone45",
				"pivot": [7.55, 0.95, 4.225],
				"rotation": [0, -72.5, 0],
				"cubes": [
					{"origin": [7.05, -0.55, -3.275], "size": [3, 3, 3], "uv": [27, 37], "inflate": -0.5}
				]
			},
			{
				"name": "bone60",
				"parent": "bone45",
				"pivot": [7.55, 0.95, 4.225],
				"rotation": [0, -72.5, 0],
				"cubes": [
					{"origin": [6.05, -0.55, 2.725], "size": [3, 3, 3], "uv": [13, 39], "inflate": -0.5}
				]
			},
			{
				"name": "bone61",
				"parent": "bone45",
				"pivot": [13.425, 1.7, 9.975],
				"rotation": [-21.80633, -5.68422, -103.9042],
				"cubes": [
					{"origin": [11.425, 1.2, 8.975], "size": [4, 1, 2], "uv": [28, 21], "inflate": -0.1}
				]
			},
			{
				"name": "bone62",
				"parent": "bone45",
				"pivot": [-0.55, 0.3, 8.775],
				"rotation": [-180, 50, 180],
				"cubes": [
					{"origin": [-1.575, -0.2, 8.1], "size": [4, 1, 2], "uv": [43, 43], "inflate": -0.1}
				]
			},
			{
				"name": "bone63",
				"parent": "bone45",
				"pivot": [7.4, 0.3, 14.775],
				"rotation": [0, 22.5, 0],
				"cubes": [
					{"origin": [5.4, -0.2, 13.775], "size": [4, 1, 2], "uv": [44, 0], "inflate": -0.1}
				]
			},
			{
				"name": "bone64",
				"parent": "bone45",
				"pivot": [6.05, 0, 7.95],
				"cubes": [
					{"origin": [4.05, 0, 6.95], "size": [2, 5, 2], "uv": [18, 13], "inflate": 0.2}
				]
			},
			{
				"name": "bone65",
				"parent": "bone64",
				"pivot": [6.6, 0, 6.85],
				"rotation": [0, -10, 0],
				"cubes": [
					{"origin": [8.175, 1.85, 2.9], "size": [3, 1, 3], "uv": [44, 12]},
					{"origin": [8.175, -0.2, 2.9], "size": [3, 3, 3], "uv": [40, 6], "inflate": -0.1}
				]
			},
			{
				"name": "bone66",
				"parent": "bone64",
				"pivot": [13.85372, 1.625, 13.97119],
				"rotation": [0, -10, 0],
				"cubes": [
					{"origin": [12.35372, 1.65, 12.47119], "size": [3, 1, 3], "uv": [34, 43], "inflate": -0.3},
					{"origin": [-2.64628, -0.4, 5.47119], "size": [3, 3, 3], "uv": [0, 40], "inflate": -0.4}
				]
			},
			{
				"name": "bone67",
				"parent": "bone64",
				"pivot": [11.55372, 1.625, 4.09619],
				"rotation": [0, -10, 0],
				"cubes": [
					{"origin": [-0.82128, 1.65, 2.32119], "size": [3, 1, 3], "uv": [22, 43], "inflate": -0.3},
					{"origin": [-0.82128, -0.4, 2.32119], "size": [3, 3, 3], "uv": [39, 37], "inflate": -0.4}
				]
			},
			{
				"name": "bone68",
				"parent": "bone45",
				"pivot": [6.625, 0, 8],
				"rotation": [0, 10, 0],
				"cubes": [
					{"origin": [6.625, 0.275, 6], "size": [3, 5, 4], "uv": [30, 28], "inflate": 0.4},
					{"origin": [7.575, -0.25, 5.5], "size": [1, 6, 5], "uv": [18, 28], "inflate": 0}
				]
			},
			{
				"name": "bone69",
				"parent": "bone45",
				"pivot": [16.25, -0.325, 3.025],
				"rotation": [0, -25, 0]
			},
			{
				"name": "bone70",
				"parent": "bone69",
				"pivot": [16.25, -0.325, 3.025],
				"cubes": [
					{"origin": [12.25, -0.325, 6.025], "size": [4, 4, 4], "uv": [19, 0], "inflate": -0.3},
					{"origin": [12.25, 2.775, 6.025], "size": [4, 1, 4], "uv": [28, 16], "inflate": -0.2},
					{"origin": [13.95, -0.225, 6.025], "size": [0.6, 4, 4], "uv": [14, 56], "inflate": -0.1},
					{"origin": [12.25, -0.2, 7.625], "size": [4, 4, 0.6], "uv": [14, 60], "inflate": -0.1}
				]
			},
			{
				"name": "bone71",
				"parent": "bone45",
				"pivot": [7.625, 0, 7],
				"rotation": [0, -7.5, 0]
			},
			{
				"name": "bone72",
				"parent": "bone71",
				"pivot": [7.625, 0, 7],
				"cubes": [
					{"origin": [3.625, 0, 10], "size": [4, 4, 4], "uv": [28, 8]},
					{"origin": [3.625, 3.1, 10], "size": [4, 1, 4], "uv": [0, 35], "inflate": 0.1},
					{"origin": [5.325, 0.1, 10], "size": [0.6, 4, 4], "uv": [0, 56], "inflate": 0.2},
					{"origin": [3.625, 0.125, 11.6], "size": [4, 4, 0.6], "uv": [1, 60], "inflate": 0.2}
				]
			},
			{
				"name": "bone73",
				"parent": "bone45",
				"pivot": [7.525, 0.175, 15.2],
				"rotation": [-14.75346, 32.18826, -8.87221]
			},
			{
				"name": "bone74",
				"parent": "bone73",
				"pivot": [7.525, 0.175, 10.2],
				"cubes": [
					{"origin": [9.69406, 0.175, 10.97755], "size": [5, 3, 8], "uv": [0, 13]},
					{"origin": [9.69406, 0.175, 13.37755], "size": [5, 3, 1], "uv": [44, 32], "inflate": 0.1},
					{"origin": [11.69406, 0.175, 10.97755], "size": [1, 3, 8], "uv": [0, 24], "inflate": 0.1}
				]
			},
			{
				"name": "bone75",
				"parent": "bone73",
				"pivot": [12.6, 3.375, 12.825],
				"rotation": [0, -20, 0]
			},
			{
				"name": "bone76",
				"parent": "bone75",
				"pivot": [4.84715, 3.675, 9.68086],
				"rotation": [49.32747, -18.10814, 23.66105],
				"cubes": [
					{"origin": [10.46961, 3.97034, 11.92138], "size": [2, 1, 1], "uv": [10, 26], "inflate": 0.1}
				]
			},
			{
				"name": "bone77",
				"parent": "bone75",
				"pivot": [6.99715, 3.675, 9.68086],
				"rotation": [49.32747, 18.10814, -23.66105],
				"cubes": [
					{"origin": [10.64122, -2.20893, 10.38333], "size": [2, 1, 1], "uv": [10, 24], "inflate": 0.1}
				]
			},
			{
				"name": "bone78",
				"parent": "bone75",
				"pivot": [5.92215, 3.675, 10.43086],
				"rotation": [-22.5, 0, 0],
				"cubes": [
					{"origin": [11.89293, 4.39294, 12.87122], "size": [1, 1, 1], "uv": [0, 0]}
				]
			},
			{
				"name": "bone79",
				"parent": "bone75",
				"pivot": [6.64715, 3.5, 11.93086],
				"rotation": [-5, 20, 0],
				"cubes": [
					{"origin": [11.13917, 3.95354, 15.61488], "size": [1, 0, 4], "uv": [2, 0]}
				]
			},
			{
				"name": "bone80",
				"parent": "bone75",
				"pivot": [5.29715, 3.5, 11.93086],
				"rotation": [-5, -20, 0],
				"cubes": [
					{"origin": [11.96621, 3.56777, 11.20545], "size": [1, 0, 4], "uv": [0, 0]}
				]
			},
			{
				"name": "bone81",
				"parent": "bone45",
				"pivot": [18.625, 0, 0],
				"rotation": [0, -27.5, 0]
			},
			{
				"name": "bone82",
				"parent": "bone81",
				"pivot": [18.625, 0, 0],
				"cubes": [
					{"origin": [13.625, 0, 0], "size": [5, 4, 9], "uv": [0, 0]},
					{"origin": [13.625, 0, 2.4], "size": [5, 4, 1], "uv": [40, 27], "inflate": 0.1},
					{"origin": [15.625, 0, 0], "size": [1, 4, 9], "uv": [17, 15], "inflate": 0.1}
				]
			},
			{
				"name": "bone83",
				"parent": "bone81",
				"pivot": [16.225, 4.2, 2.625],
				"rotation": [0, 20, 0]
			},
			{
				"name": "bone84",
				"parent": "bone83",
				"pivot": [15.05, 4.5, 1.875],
				"rotation": [49.32747, -18.10814, 23.66105],
				"cubes": [
					{"origin": [14.05, 4, 1.375], "size": [2, 1, 1], "uv": [35, 6], "inflate": 0.1}
				]
			},
			{
				"name": "bone85",
				"parent": "bone83",
				"pivot": [17.2, 4.5, 1.875],
				"rotation": [49.32747, 18.10814, -23.66105],
				"cubes": [
					{"origin": [16.2, 4, 1.375], "size": [2, 1, 1], "uv": [31, 0], "inflate": 0.1}
				]
			},
			{
				"name": "bone86",
				"parent": "bone83",
				"pivot": [16.125, 4.5, 2.625],
				"rotation": [-22.5, 0, 0],
				"cubes": [
					{"origin": [15.625, 4, 2.125], "size": [1, 1, 1], "uv": [0, 2]}
				]
			},
			{
				"name": "bone87",
				"parent": "bone83",
				"pivot": [16.85, 4.325, 4.125],
				"rotation": [-5, 20, 0],
				"cubes": [
					{"origin": [16.35, 4.325, 2.625], "size": [1, 0, 4], "uv": [0, 17]}
				]
			},
			{
				"name": "bone88",
				"parent": "bone83",
				"pivot": [15.5, 4.325, 4.125],
				"rotation": [-5, -20, 0],
				"cubes": [
					{"origin": [15, 4.325, 2.625], "size": [1, 0, 4], "uv": [15, 0]}
				]
			},
			{
				"name": "bone44",
				"parent": "bone177",
				"pivot": [-7.375, 0, 5]
			},
			{
				"name": "bone41",
				"parent": "bone44",
				"pivot": [-7.325, 0.8, -1.725],
				"rotation": [-82.5, 0, 0]
			},
			{
				"name": "bone42",
				"parent": "bone41",
				"pivot": [-7.325, 0.8, 10.275],
				"cubes": [
					{"origin": [-8.325, 0.8, -1.725], "size": [1, 1, 0], "uv": [40, 49]},
					{"origin": [-6.825, 0.8, -1.725], "size": [1, 1, 0], "uv": [40, 49]}
				]
			},
			{
				"name": "bone43",
				"parent": "bone41",
				"pivot": [-7.325, 0.8, 10.275],
				"cubes": [
					{"origin": [-8.125, 0.1, -1.875], "size": [1, 1, 0.2], "uv": [40, 49], "inflate": -0.1},
					{"origin": [-7.025, 0.1, -1.875], "size": [1, 1, 0.2], "uv": [40, 49], "inflate": -0.1},
					{"origin": [-7.575, 0.375, -2.175], "size": [1, 1, 0.7], "uv": [48, 48], "inflate": -0.2}
				]
			},
			{
				"name": "bone38",
				"parent": "bone44",
				"pivot": [-15.95, 2.075, 9.525],
				"rotation": [90, 12.5, 0]
			},
			{
				"name": "bone39",
				"parent": "bone38",
				"pivot": [-15.95, 2.075, 21.525],
				"cubes": [
					{"origin": [-16.95, 2.075, 9.525], "size": [1, 1, 0], "uv": [14, 47]},
					{"origin": [-15.45, 2.075, 9.525], "size": [1, 1, 0], "uv": [14, 47]}
				]
			},
			{
				"name": "bone40",
				"parent": "bone38",
				"pivot": [-15.95, 2.075, 21.525],
				"cubes": [
					{"origin": [-16.75, 1.375, 9.375], "size": [1, 1, 0.2], "uv": [14, 47], "inflate": -0.1},
					{"origin": [-15.65, 1.375, 9.375], "size": [1, 1, 0.2], "uv": [14, 47], "inflate": -0.1},
					{"origin": [-16.2, 1.65, 9.075], "size": [1, 1, 0.7], "uv": [12, 33], "inflate": -0.2}
				]
			},
			{
				"name": "bone35",
				"parent": "bone44",
				"pivot": [6.375, 2.075, 12.575],
				"rotation": [97.5, -60, -180]
			},
			{
				"name": "bone36",
				"parent": "bone35",
				"pivot": [6.375, 2.075, 24.575],
				"cubes": [
					{"origin": [5.375, 2.075, 12.575], "size": [1, 1, 0], "uv": [6, 19]},
					{"origin": [6.875, 2.075, 12.575], "size": [1, 1, 0], "uv": [2, 19]}
				]
			},
			{
				"name": "bone37",
				"parent": "bone35",
				"pivot": [6.375, 2.075, 24.575],
				"cubes": [
					{"origin": [5.575, 1.375, 12.425], "size": [1, 1, 0.2], "uv": [0, 19], "inflate": -0.1},
					{"origin": [6.675, 1.375, 12.425], "size": [1, 1, 0.2], "uv": [18, 14], "inflate": -0.1},
					{"origin": [6.125, 1.65, 12.125], "size": [1, 1, 0.7], "uv": [17, 61], "inflate": -0.2}
				]
			},
			{
				"name": "bone34",
				"parent": "bone44",
				"pivot": [-15.1008, 1.2125, 10.10058],
				"rotation": [0, -45, 0],
				"cubes": [
					{"origin": [-17.1008, -0.175, 9.10058], "size": [4, 2, 2], "uv": [10, 28], "inflate": -0.1},
					{"origin": [-17.1008, 1.25, 9.10058], "size": [4, 0.7, 2], "uv": [0, 47]}
				]
			},
			{
				"name": "bone33",
				"parent": "bone44",
				"pivot": [-3.3, 1.2125, -1.625],
				"rotation": [-180, -55, 180],
				"cubes": [
					{"origin": [-5.3, -0.175, -2.625], "size": [4, 2, 2], "uv": [40, 16], "inflate": -0.1},
					{"origin": [-5.3, 1.25, -2.625], "size": [4, 0.7, 2], "uv": [23, 50]}
				]
			},
			{
				"name": "bone32",
				"parent": "bone44",
				"pivot": [-6.45, 0.95, -2.775],
				"rotation": [0, -45, 0],
				"cubes": [
					{"origin": [-11.95, -0.55, 2.725], "size": [3, 3, 3], "uv": [35, 0], "inflate": -0.5}
				]
			},
			{
				"name": "bone31",
				"parent": "bone44",
				"pivot": [-6.45, 0.95, 1.225],
				"rotation": [0, -72.5, 0],
				"cubes": [
					{"origin": [1.05, -0.55, 7.725], "size": [3, 3, 3], "uv": [37, 21], "inflate": -0.5}
				]
			},
			{
				"name": "bone30",
				"parent": "bone44",
				"pivot": [-10.45, 0.95, 15.225],
				"rotation": [0, -72.5, 0],
				"cubes": [
					{"origin": [-10.95, -0.55, 7.725], "size": [3, 3, 3], "uv": [27, 37], "inflate": -0.5}
				]
			},
			{
				"name": "bone29",
				"parent": "bone44",
				"pivot": [-6.45, 0.95, 1.225],
				"rotation": [0, -72.5, 0],
				"cubes": [
					{"origin": [-7.95, -0.55, -0.275], "size": [3, 3, 3], "uv": [13, 39], "inflate": -0.5}
				]
			},
			{
				"name": "bone28",
				"parent": "bone44",
				"pivot": [-0.575, 1.7, 6.975],
				"rotation": [-21.80633, -5.68422, -103.9042],
				"cubes": [
					{"origin": [0.425, 11.775, 7.5], "size": [4, 1, 2], "uv": [28, 21], "inflate": -0.1}
				]
			},
			{
				"name": "bone27",
				"parent": "bone44",
				"pivot": [-7.175, 0.3, -1.225],
				"rotation": [-180, 50, 180],
				"cubes": [
					{"origin": [-8.2, -0.2, -1.9], "size": [4, 1, 2], "uv": [43, 43], "inflate": -0.1}
				]
			},
			{
				"name": "bone26",
				"parent": "bone44",
				"pivot": [-6.6, 0.3, 11.775],
				"rotation": [0, 22.5, 0],
				"cubes": [
					{"origin": [-8.6, -0.2, 10.775], "size": [4, 1, 2], "uv": [44, 0], "inflate": -0.1}
				]
			},
			{
				"name": "bone22",
				"parent": "bone44",
				"pivot": [-7.95, 0, 4.95],
				"cubes": [
					{"origin": [-9.95, 0, 3.95], "size": [2, 5, 2], "uv": [18, 13], "inflate": 0.2}
				]
			},
			{
				"name": "bone23",
				"parent": "bone22",
				"pivot": [-7.4, 0, 3.85],
				"rotation": [0, -10, 0],
				"cubes": [
					{"origin": [-5.825, 1.85, -0.1], "size": [3, 1, 3], "uv": [44, 12]},
					{"origin": [-5.825, -0.2, -0.1], "size": [3, 3, 3], "uv": [40, 6], "inflate": -0.1}
				]
			},
			{
				"name": "bone24",
				"parent": "bone22",
				"pivot": [-1.94628, 1.625, 10.97119],
				"rotation": [0, -10, 0],
				"cubes": [
					{"origin": [-18.44628, -0.4, 2.47119], "size": [3, 3, 3], "uv": [0, 40], "inflate": -0.4}
				]
			},
			{
				"name": "bone25",
				"parent": "bone22",
				"pivot": [-1.94628, 1.625, 10.97119],
				"rotation": [0, -10, 0],
				"cubes": [
					{"origin": [-14.32128, 1.65, 9.19619], "size": [3, 1, 3], "uv": [22, 43], "inflate": -0.3},
					{"origin": [-14.32128, -0.4, 9.19619], "size": [3, 3, 3], "uv": [39, 37], "inflate": -0.4}
				]
			},
			{
				"name": "bone21",
				"parent": "bone44",
				"pivot": [-7.375, 0, 5],
				"rotation": [0, 10, 0],
				"cubes": [
					{"origin": [-7.375, 0.275, 3], "size": [3, 5, 4], "uv": [30, 28], "inflate": 0.4},
					{"origin": [-6.425, -0.25, 2.5], "size": [1, 6, 5], "uv": [18, 28], "inflate": 0}
				]
			},
			{
				"name": "bone19",
				"parent": "bone44",
				"pivot": [7.25, -0.325, 7.025],
				"rotation": [0, -25, 0]
			},
			{
				"name": "bone20",
				"parent": "bone19",
				"pivot": [7.25, -0.325, 7.025],
				"cubes": [
					{"origin": [3.25, -0.325, 10.025], "size": [4, 4, 4], "uv": [19, 0], "inflate": -0.3},
					{"origin": [3.25, 2.775, 10.025], "size": [4, 1, 4], "uv": [28, 16], "inflate": -0.2},
					{"origin": [4.95, -0.225, 10.025], "size": [0.6, 4, 4], "uv": [14, 56], "inflate": -0.1},
					{"origin": [3.25, -0.2, 11.625], "size": [4, 4, 0.6], "uv": [14, 60], "inflate": -0.1}
				]
			},
			{
				"name": "bone17",
				"parent": "bone44",
				"pivot": [-6.375, 0, 4],
				"rotation": [0, -7.5, 0]
			},
			{
				"name": "bone18",
				"parent": "bone17",
				"pivot": [-6.375, 0, 4],
				"cubes": [
					{"origin": [-10.375, 0, 7], "size": [4, 4, 4], "uv": [28, 8]},
					{"origin": [-10.375, 3.1, 7], "size": [4, 1, 4], "uv": [0, 35], "inflate": 0.1},
					{"origin": [-8.675, 0.1, 7], "size": [0.6, 4, 4], "uv": [0, 56], "inflate": 0.2},
					{"origin": [-10.375, 0.125, 8.6], "size": [4, 4, 0.6], "uv": [1, 60], "inflate": 0.2}
				]
			},
			{
				"name": "bone9",
				"parent": "bone44",
				"pivot": [-5.775, 0.175, 5.675],
				"rotation": [-12.56627, 7.86977, -2.63486]
			},
			{
				"name": "bone10",
				"parent": "bone9",
				"pivot": [-5.775, 0.175, 0.675],
				"cubes": [
					{"origin": [-3.60594, 0.175, 1.45255], "size": [5, 3, 8], "uv": [0, 13]},
					{"origin": [-3.60594, 0.175, 3.85255], "size": [5, 3, 1], "uv": [44, 32], "inflate": 0.1},
					{"origin": [-1.60594, 0.175, 1.45255], "size": [1, 3, 8], "uv": [0, 24], "inflate": 0.1}
				]
			},
			{
				"name": "bone11",
				"parent": "bone9",
				"pivot": [-0.7, 3.375, 3.3],
				"rotation": [0, -20, 0]
			},
			{
				"name": "bone12",
				"parent": "bone11",
				"pivot": [-8.45285, 3.675, 0.15586],
				"rotation": [49.32747, -18.10814, 23.66105],
				"cubes": [
					{"origin": [-2.83039, 3.97034, 2.39638], "size": [2, 1, 1], "uv": [10, 26], "inflate": 0.1}
				]
			},
			{
				"name": "bone13",
				"parent": "bone11",
				"pivot": [-6.30285, 3.675, 0.15586],
				"rotation": [49.32747, 18.10814, -23.66105],
				"cubes": [
					{"origin": [-2.65878, -2.20893, 0.85833], "size": [2, 1, 1], "uv": [10, 24], "inflate": 0.1}
				]
			},
			{
				"name": "bone14",
				"parent": "bone11",
				"pivot": [-7.37785, 3.675, 0.90586],
				"rotation": [-22.5, 0, 0],
				"cubes": [
					{"origin": [-1.40707, 4.39294, 3.34622], "size": [1, 1, 1], "uv": [0, 0]}
				]
			},
			{
				"name": "bone15",
				"parent": "bone11",
				"pivot": [-6.65285, 3.5, 2.40586],
				"rotation": [-5, 20, 0],
				"cubes": [
					{"origin": [-2.16083, 3.95354, 6.08988], "size": [1, 0, 4], "uv": [2, 0]}
				]
			},
			{
				"name": "bone16",
				"parent": "bone11",
				"pivot": [-8.00285, 3.5, 2.40586],
				"rotation": [-5, -20, 0],
				"cubes": [
					{"origin": [-1.33379, 3.56777, 1.68045], "size": [1, 0, 4], "uv": [0, 0]}
				]
			},
			{
				"name": "bone",
				"parent": "bone44",
				"pivot": [-7.375, 0, 0],
				"rotation": [0, -27.5, 0]
			},
			{
				"name": "bone2",
				"parent": "bone",
				"pivot": [-7.375, 0, 0],
				"cubes": [
					{"origin": [-12.375, 0, 0], "size": [5, 4, 9], "uv": [0, 0]},
					{"origin": [-12.375, 0, 2.4], "size": [5, 4, 1], "uv": [40, 27], "inflate": 0.1},
					{"origin": [-10.375, 0, 0], "size": [1, 4, 9], "uv": [17, 15], "inflate": 0.1}
				]
			},
			{
				"name": "bone3",
				"parent": "bone",
				"pivot": [-9.775, 4.2, 2.625],
				"rotation": [0, 20, 0]
			},
			{
				"name": "bone4",
				"parent": "bone3",
				"pivot": [-10.95, 4.5, 1.875],
				"rotation": [49.32747, -18.10814, 23.66105],
				"cubes": [
					{"origin": [-11.95, 4, 1.375], "size": [2, 1, 1], "uv": [35, 6], "inflate": 0.1}
				]
			},
			{
				"name": "bone5",
				"parent": "bone3",
				"pivot": [-8.8, 4.5, 1.875],
				"rotation": [49.32747, 18.10814, -23.66105],
				"cubes": [
					{"origin": [-9.8, 4, 1.375], "size": [2, 1, 1], "uv": [31, 0], "inflate": 0.1}
				]
			},
			{
				"name": "bone6",
				"parent": "bone3",
				"pivot": [-9.875, 4.5, 2.625],
				"rotation": [-22.5, 0, 0],
				"cubes": [
					{"origin": [-10.375, 4, 2.125], "size": [1, 1, 1], "uv": [0, 2]}
				]
			},
			{
				"name": "bone7",
				"parent": "bone3",
				"pivot": [-9.15, 4.325, 4.125],
				"rotation": [-5, 20, 0],
				"cubes": [
					{"origin": [-9.65, 4.325, 2.625], "size": [1, 0, 4], "uv": [0, 17]}
				]
			},
			{
				"name": "bone8",
				"parent": "bone3",
				"pivot": [-10.5, 4.325, 4.125],
				"rotation": [-5, -20, 0],
				"cubes": [
					{"origin": [-11, 4.325, 2.625], "size": [1, 0, 4], "uv": [15, 0]}
				]
			}
		]
	}
}