{
	"format_version": "1.10.0",
	"geometry.model": {
		"texturewidth": 128,
		"textureheight": 128,
		"visible_bounds_width": 6,
		"visible_bounds_height": 3,
		"visible_bounds_offset": [0, 0, 0],
		"bones": [
			{
				"name": "head",
				"pivot": [0, 18, 0],
				"cubes": [
					{"origin": [-4, 18, -4], "size": [8, 8, 8], "uv": [28, 0], "inflate": -0.1},
					{"origin": [-4, 25.6, -4.3], "size": [8, 1, 8], "uv": [0, 38], "inflate": -0.3},
					{"origin": [-3, 25.875, -4.05], "size": [6, 1, 7], "uv": [24, 51], "inflate": -0.2},
					{"origin": [-5.25, 24.625, -4], "size": [10.5, 2, 8], "uv": [32, 16], "inflate": -0.7}
				]
			},
			{
				"name": "bone172",
				"parent": "head",
				"pivot": [0, 0, 0]
			},
			{
				"name": "bone171",
				"parent": "bone172",
				"pivot": [1.625, 25.2, -3.725],
				"rotation": [0, -7.5, 0],
				"cubes": [
					{"origin": [-0.375, 24.7, -4.225], "size": [4, 1, 3], "uv": [108, 37], "inflate": 0.4}
				]
			},
			{
				"name": "bone173",
				"parent": "bone172",
				"pivot": [-1.625, 25.2, -3.725],
				"rotation": [0, 7.5, 0],
				"cubes": [
					{"origin": [-3.625, 24.7, -4.225], "size": [4, 1, 3], "uv": [107, 32], "inflate": 0.4}
				]
			},
			{
				"name": "ahoge",
				"parent": "head",
				"pivot": [-0.3, 26, -1.05],
				"rotation": [0, -70, 0],
				"cubes": [
					{"origin": [-3.3, 26, -1.05], "size": [6, 6, 0], "uv": [28, 59]}
				]
			},
			{
				"name": "blink",
				"parent": "head",
				"pivot": [0, 18, 0.175],
				"cubes": [
					{"origin": [-4, 18, -4.026], "size": [8, 8, 0], "uv": [80, 41], "inflate": -0.1}
				]
			},
			{
				"name": "danmakuAttackShow",
				"parent": "head",
				"pivot": [0, 18, -0.15],
				"cubes": [
					{"origin": [-4, 18, -4.001], "size": [8, 8, 0], "uv": [79, 33], "inflate": -0.1}
				]
			},
			{
				"name": "bone144",
				"parent": "head",
				"pivot": [0, 18, 0]
			},
			{
				"name": "bone128",
				"parent": "bone144",
				"pivot": [0.075, 24, -5.175],
				"rotation": [0, 0, -5]
			},
			{
				"name": "bone129",
				"parent": "bone128",
				"pivot": [0.325, 24.95, -5.175],
				"rotation": [-15, 0, 0],
				"cubes": [
					{"origin": [-0.675, 23.45, -5.675], "size": [2, 3, 1], "uv": [116, 64], "inflate": -0.2}
				]
			},
			{
				"name": "bone130",
				"parent": "bone128",
				"pivot": [-0.225, 22.95, -5.375],
				"rotation": [-2.5, 0, 22.5],
				"cubes": [
					{"origin": [-0.225, 21.45, -5.875], "size": [1, 3, 1], "uv": [42, 101], "inflate": -0.2}
				]
			},
			{
				"name": "bone131",
				"parent": "bone128",
				"pivot": [-0.4, 23.1, -5.25],
				"rotation": [-6.25, 0, 12.5],
				"cubes": [
					{"origin": [-1.4, 21.6, -5.75], "size": [2, 4, 1], "uv": [58, 39], "inflate": -0.2}
				]
			},
			{
				"name": "bone132",
				"parent": "bone128",
				"pivot": [-0.175, 23.525, -5.5],
				"rotation": [-4.25, 1.5, 5],
				"cubes": [
					{"origin": [-0.675, 22.525, -6], "size": [1, 1.5, 1], "uv": [10, 26], "inflate": -0.2}
				]
			},
			{
				"name": "bone133",
				"parent": "bone128",
				"pivot": [-0.025, 23.575, -5.475],
				"rotation": [-4.25, 1.5, 15.5],
				"cubes": [
					{"origin": [-0.525, 22.575, -5.975], "size": [1, 1.5, 1], "uv": [25, 6], "inflate": -0.2}
				]
			},
			{
				"name": "bone134",
				"parent": "bone144",
				"pivot": [4.15, 22, -4.1],
				"rotation": [-0.72007, 5.4528, -7.53429]
			},
			{
				"name": "bone135",
				"parent": "bone134",
				"pivot": [3.775, 25.725, -4.425],
				"rotation": [-15, -27.5, 0],
				"cubes": [
					{"origin": [2.88995, 23.19732, -4.96555], "size": [2, 3, 1], "uv": [116, 47], "inflate": -0.2}
				]
			},
			{
				"name": "bone136",
				"parent": "bone134",
				"pivot": [3.95, 23.25, -4.9],
				"rotation": [2.5, -27.5, 0],
				"cubes": [
					{"origin": [3.11912, 20.79157, -5.5037], "size": [2, 3, 1], "uv": [115, 14], "inflate": -0.2}
				]
			},
			{
				"name": "bone137",
				"parent": "bone134",
				"pivot": [3.60216, 19.80293, -4.8411],
				"rotation": [5, -27.5, 6.75],
				"cubes": [
					{"origin": [2.92169, 18.30441, -5.36917], "size": [1.5, 3, 1], "uv": [80, 100], "inflate": -0.2}
				]
			},
			{
				"name": "bone138",
				"parent": "bone134",
				"pivot": [3.80216, 19.90293, -4.7161],
				"rotation": [1, -27.5, 16.75],
				"cubes": [
					{"origin": [3.64373, 18.41957, -5.25268], "size": [1, 3, 1], "uv": [74, 100], "inflate": -0.19}
				]
			},
			{
				"name": "bone145",
				"parent": "bone144",
				"pivot": [1.975, 23.225, -4.85],
				"rotation": [0, 0, -3.5]
			},
			{
				"name": "bone146",
				"parent": "bone145",
				"pivot": [1.975, 24.825, -4.95],
				"rotation": [-15, -7.5, 0],
				"cubes": [
					{"origin": [0.975, 23.325, -5.45], "size": [2, 3, 1], "uv": [68, 106], "inflate": -0.2}
				]
			},
			{
				"name": "bone147",
				"parent": "bone145",
				"pivot": [1.9, 22.475, -5.4],
				"rotation": [-6.25, -7.5, 5],
				"cubes": [
					{"origin": [0.9, 20.975, -5.9], "size": [2, 3, 1], "uv": [18, 98], "inflate": -0.25}
				]
			},
			{
				"name": "bone139",
				"parent": "bone144",
				"pivot": [-4.15, 22, -4.1],
				"rotation": [-0.72007, -5.4528, 7.53429]
			},
			{
				"name": "bone140",
				"parent": "bone139",
				"pivot": [-3.775, 25.725, -4.425],
				"rotation": [-15, 27.5, 0],
				"cubes": [
					{"origin": [-4.88995, 23.19732, -4.96555], "size": [2, 3, 1], "uv": [96, 48], "inflate": -0.2}
				]
			},
			{
				"name": "bone141",
				"parent": "bone139",
				"pivot": [-4.07336, 23.23376, -4.88802],
				"rotation": [2.5, 27.5, 0],
				"cubes": [
					{"origin": [-5.15052, 20.78669, -5.45412], "size": [2, 3, 1], "uv": [66, 91], "inflate": -0.2}
				]
			},
			{
				"name": "bone142",
				"parent": "bone139",
				"pivot": [-3.70085, 19.78994, -4.83152],
				"rotation": [5, 27.5, -6.75],
				"cubes": [
					{"origin": [-4.45085, 18.28994, -5.33152], "size": [1.5, 3, 1], "uv": [95, 33], "inflate": -0.2}
				]
			},
			{
				"name": "bone143",
				"parent": "bone139",
				"pivot": [-3.92552, 19.88669, -4.70412],
				"rotation": [1, 27.5, -16.75],
				"cubes": [
					{"origin": [-4.67552, 18.38669, -5.20412], "size": [1, 3, 1], "uv": [85, 95], "inflate": -0.19}
				]
			},
			{
				"name": "bone151",
				"parent": "bone144",
				"pivot": [-2.525, 23.1, -4.875],
				"rotation": [0, 0, 12.25]
			},
			{
				"name": "bone152",
				"parent": "bone151",
				"pivot": [-2.525, 24.7, -4.975],
				"rotation": [-15, 7.5, 0],
				"cubes": [
					{"origin": [-3.525, 23.2, -5.475], "size": [2, 3, 1], "uv": [12, 68], "inflate": -0.2}
				]
			},
			{
				"name": "bone153",
				"parent": "bone151",
				"pivot": [-2.45, 22.35, -5.425],
				"rotation": [-6.25, 7.5, -5],
				"cubes": [
					{"origin": [-3.45, 20.85, -5.925], "size": [2, 3, 1], "uv": [65, 47], "inflate": -0.25}
				]
			},
			{
				"name": "bone154",
				"parent": "bone151",
				"pivot": [-1.525, 24.7, -5.075],
				"rotation": [-15, 7.5, -8.25],
				"cubes": [
					{"origin": [-2.01195, 22.92434, -5.67077], "size": [1, 3.5, 1], "uv": [76, 17], "inflate": -0.2}
				]
			},
			{
				"name": "bone148",
				"parent": "bone144",
				"pivot": [0, 0, 0]
			},
			{
				"name": "bone149",
				"parent": "bone148",
				"pivot": [4.7, 24.075, -2.5],
				"rotation": [-2.25, 12.5, -20.25],
				"cubes": [
					{"origin": [4.55, 22.075, -4.5], "size": [1, 4, 4], "uv": [108, 86], "inflate": -0.1}
				]
			},
			{
				"name": "bone150",
				"parent": "bone148",
				"pivot": [4.7, 24.075, 2.5],
				"rotation": [2.25, -12.5, -11.75],
				"cubes": [
					{"origin": [4.2, 22.075, -1], "size": [1, 4, 5], "uv": [22, 98], "inflate": -0.1}
				]
			},
			{
				"name": "bone155",
				"parent": "bone148",
				"pivot": [4.9445, 20.55092, -2.2713],
				"rotation": [-2.25, 12.5, 3.25],
				"cubes": [
					{"origin": [4.4445, 17.55092, -4.5213], "size": [1, 5, 4.5], "uv": [42, 101], "inflate": -0.1}
				]
			},
			{
				"name": "bone156",
				"parent": "bone148",
				"pivot": [4.9445, 20.55092, 2.2713],
				"rotation": [2.25, -12.5, 3.25],
				"cubes": [
					{"origin": [4.4445, 17.55092, -0.4787], "size": [1, 5, 4.5], "uv": [100, 81], "inflate": -0.1}
				]
			},
			{
				"name": "bone157",
				"parent": "bone144",
				"pivot": [0, 0, 0]
			},
			{
				"name": "bone159",
				"parent": "bone157",
				"pivot": [-4.7, 24.075, 2.5],
				"rotation": [2.25, 12.5, 11.75],
				"cubes": [
					{"origin": [-5.2, 22.075, -1], "size": [1, 4, 5], "uv": [96, 97], "inflate": -0.1}
				]
			},
			{
				"name": "bone160",
				"parent": "bone157",
				"pivot": [-4.9445, 20.55092, -2.2713],
				"rotation": [-2.25, -12.5, -3.25],
				"cubes": [
					{"origin": [-5.4445, 17.55092, -4.5213], "size": [1, 5, 4.5], "uv": [74, 100], "inflate": -0.1}
				]
			},
			{
				"name": "bone161",
				"parent": "bone157",
				"pivot": [-4.9445, 20.55092, 2.2713],
				"rotation": [2.25, 12.5, -3.25],
				"cubes": [
					{"origin": [-5.4445, 17.55092, -0.4787], "size": [1, 5, 4.5], "uv": [99, 48], "inflate": -0.1}
				]
			},
			{
				"name": "bone158",
				"parent": "bone157",
				"pivot": [-4.7, 24.075, -2.5],
				"rotation": [-2.25, -12.5, 20.25],
				"cubes": [
					{"origin": [-5.55, 22.075, -4.5], "size": [1, 4, 4], "uv": [62, 106], "inflate": -0.1}
				]
			},
			{
				"name": "bone162",
				"parent": "bone144",
				"pivot": [0, 18, 0]
			},
			{
				"name": "bone163",
				"parent": "bone162",
				"pivot": [2.325, 24, 4.325],
				"rotation": [10, 12.5, 0],
				"cubes": [
					{"origin": [0.325, 22, 3.825], "size": [4, 4, 1], "uv": [114, 58], "inflate": -0.1}
				]
			},
			{
				"name": "bone164",
				"parent": "bone162",
				"pivot": [2.4, 19.8, 4.65],
				"rotation": [0, 12.5, 0],
				"cubes": [
					{"origin": [0.4, 17.3, 4.15], "size": [4, 5, 1], "uv": [111, 52], "inflate": -0.1}
				]
			},
			{
				"name": "bone165",
				"parent": "bone144",
				"pivot": [0, 18, 0]
			},
			{
				"name": "bone166",
				"parent": "bone165",
				"pivot": [-2.325, 24, 4.325],
				"rotation": [10, -12.5, 0],
				"cubes": [
					{"origin": [-4.325, 22, 3.825], "size": [4, 4, 1], "uv": [108, 100], "inflate": -0.1}
				]
			},
			{
				"name": "bone167",
				"parent": "bone165",
				"pivot": [-2.4, 19.8, 4.65],
				"rotation": [0, -12.5, 0],
				"cubes": [
					{"origin": [-4.4, 17.3, 4.15], "size": [4, 5, 1], "uv": [111, 111], "inflate": -0.1}
				]
			},
			{
				"name": "bone168",
				"parent": "bone144",
				"pivot": [0, 18, 0]
			},
			{
				"name": "bone169",
				"parent": "bone168",
				"pivot": [0, 23.5, 4.5],
				"rotation": [14.75, 0, 0],
				"cubes": [
					{"origin": [-1.5, 21, 3.5], "size": [3, 5, 2], "uv": [110, 0], "inflate": -0.1}
				]
			},
			{
				"name": "bone170",
				"parent": "bone168",
				"pivot": [0, 20.075, 4.9],
				"rotation": [2.5, 0, 0],
				"cubes": [
					{"origin": [-1.5, 16.575, 4.9], "size": [3, 5, 1], "uv": [39, 117], "inflate": -0.1}
				]
			},
			{
				"name": "helmet",
				"parent": "head",
				"pivot": [0, 18, 0],
				"cubes": [
					{"origin": [-2.5, 28.5, -3.25], "size": [5, 1, 5], "uv": [16, 0], "inflate": -0.2},
					{"origin": [-3.5, 28.5, -4.25], "size": [7, 1, 7], "uv": [44, 26], "inflate": -0.2}
				]
			},
			{
				"name": "bone224",
				"parent": "head",
				"pivot": [4.725, 21.075, -3.975],
				"rotation": [-8, -26, -13],
				"cubes": [
					{"origin": [4.225, 20.075, -4.475], "size": [1, 2, 1], "uv": [33, 42]}
				]
			},
			{
				"name": "bone225",
				"parent": "head",
				"pivot": [-4.725, 21.075, -3.975],
				"rotation": [-8, 26, 13],
				"cubes": [
					{"origin": [-5.225, 20.075, -4.475], "size": [1, 2, 1], "uv": [39, 38]}
				]
			},
			{
				"name": "melonShow",
				"parent": "head",
				"pivot": [0, 18, 0]
			},
			{
				"name": "bone226",
				"parent": "melonShow",
				"pivot": [0, 18, 0],
				"cubes": [
					{"origin": [-3.5, 26, -4.25], "size": [7, 7, 7], "uv": [37, 37]}
				]
			},
			{
				"name": "bone248",
				"parent": "head",
				"pivot": [1.45, 17.4, 6],
				"rotation": [27.24721, 1.93597, -14.87739]
			},
			{
				"name": "bone249",
				"parent": "bone248",
				"pivot": [0.45, 15.4, -3]
			},
			{
				"name": "bone250",
				"parent": "bone249",
				"pivot": [1.45, 11.9, 3],
				"cubes": [
					{"origin": [0.45, 3.15, 4], "size": [2, 16, 2], "uv": [12, 72], "inflate": -0.2}
				]
			},
			{
				"name": "bone251",
				"parent": "bone249",
				"pivot": [0.45, 15.4, -3]
			},
			{
				"name": "bone252",
				"parent": "bone251",
				"pivot": [1.45, 17.9, 5],
				"rotation": [0, 0, 45],
				"cubes": [
					{"origin": [-0.55, 17.4, 3.5], "size": [4, 1, 3], "uv": [102, 24], "inflate": -0.3}
				]
			},
			{
				"name": "bone253",
				"parent": "bone251",
				"pivot": [1.45, 17.9, 5],
				"rotation": [0, 0, -45],
				"cubes": [
					{"origin": [-0.55, 17.4, 3.5], "size": [4, 1, 3], "uv": [101, 16], "inflate": -0.3}
				]
			},
			{
				"name": "bone254",
				"parent": "bone249",
				"pivot": [0.45, 15.4, -3]
			},
			{
				"name": "bone255",
				"parent": "bone254",
				"pivot": [1.45, 17.9, 5],
				"rotation": [0, 0, 45],
				"cubes": [
					{"origin": [0.9526, 15.8974, 3.5], "size": [4, 1, 3], "uv": [101, 12], "inflate": -0.3}
				]
			},
			{
				"name": "bone256",
				"parent": "bone254",
				"pivot": [1.45, 17.9, 5],
				"rotation": [0, 0, -45],
				"cubes": [
					{"origin": [-2.0526, 15.8974, 3.5], "size": [4, 1, 3], "uv": [48, 101], "inflate": -0.3}
				]
			},
			{
				"name": "bone257",
				"parent": "bone249",
				"pivot": [0.45, 11.15, -3]
			},
			{
				"name": "bone258",
				"parent": "bone257",
				"pivot": [1.45, 13.65, 5],
				"rotation": [0, 0, 45],
				"cubes": [
					{"origin": [-0.55, 13.15, 3.5], "size": [4, 1, 3], "uv": [100, 74], "inflate": -0.3}
				]
			},
			{
				"name": "bone259",
				"parent": "bone257",
				"pivot": [1.45, 13.65, 5],
				"rotation": [0, 0, -45],
				"cubes": [
					{"origin": [-0.55, 13.15, 3.5], "size": [4, 1, 3], "uv": [100, 57], "inflate": -0.3}
				]
			},
			{
				"name": "bone260",
				"parent": "bone249",
				"pivot": [0.45, 11.15, -3]
			},
			{
				"name": "bone261",
				"parent": "bone260",
				"pivot": [1.45, 13.65, 5],
				"rotation": [0, 0, 45],
				"cubes": [
					{"origin": [0.9526, 11.6474, 3.5], "size": [4, 1, 3], "uv": [98, 8], "inflate": -0.3}
				]
			},
			{
				"name": "bone262",
				"parent": "bone260",
				"pivot": [1.45, 13.65, 5],
				"rotation": [0, 0, -45],
				"cubes": [
					{"origin": [-2.0526, 11.6474, 3.5], "size": [4, 1, 3], "uv": [97, 92], "inflate": -0.3}
				]
			},
			{
				"name": "bone263",
				"parent": "bone249",
				"pivot": [0.45, 11.15, -3]
			},
			{
				"name": "bone264",
				"parent": "bone263",
				"pivot": [1.45, 13.65, 5],
				"rotation": [0, 0, 45],
				"cubes": [
					{"origin": [2.4552, 10.1448, 3.5], "size": [4, 1, 3], "uv": [69, 0], "inflate": -0.3}
				]
			},
			{
				"name": "bone265",
				"parent": "bone263",
				"pivot": [1.45, 13.65, 5],
				"rotation": [0, 0, -45],
				"cubes": [
					{"origin": [-3.5552, 10.1448, 3.5], "size": [4, 1, 3], "uv": [60, 60], "inflate": -0.3}
				]
			},
			{
				"name": "bone266",
				"parent": "bone249",
				"pivot": [0.45, 4.775, -3]
			},
			{
				"name": "bone267",
				"parent": "bone266",
				"pivot": [1.45, 7.275, 5],
				"rotation": [0, 0, 45],
				"cubes": [
					{"origin": [-0.55, 6.775, 3.5], "size": [6, 1, 3], "uv": [24, 38], "inflate": -0.3}
				]
			},
			{
				"name": "bone268",
				"parent": "bone266",
				"pivot": [1.45, 7.275, 5],
				"rotation": [0, 0, -45],
				"cubes": [
					{"origin": [-2.55, 6.775, 3.5], "size": [6, 1, 3], "uv": [10, 22], "inflate": -0.3}
				]
			},
			{
				"name": "bone227",
				"parent": "head",
				"pivot": [-1.45, 17.4, 6],
				"rotation": [27.24721, -1.93597, 14.87739]
			},
			{
				"name": "bone228",
				"parent": "bone227",
				"pivot": [-0.45, 15.4, -3]
			},
			{
				"name": "bone229",
				"parent": "bone228",
				"pivot": [-1.45, 11.9, 3],
				"cubes": [
					{"origin": [-2.45, 3.15, 4], "size": [2, 16, 2], "uv": [32, 72], "inflate": -0.2}
				]
			},
			{
				"name": "bone231",
				"parent": "bone228",
				"pivot": [-0.45, 15.4, -3]
			},
			{
				"name": "bone230",
				"parent": "bone231",
				"pivot": [-1.45, 17.9, 5],
				"rotation": [0, 0, -45],
				"cubes": [
					{"origin": [-3.45, 17.4, 3.5], "size": [4, 1, 3], "uv": [19, 107], "inflate": -0.3}
				]
			},
			{
				"name": "bone232",
				"parent": "bone231",
				"pivot": [-1.45, 17.9, 5],
				"rotation": [0, 0, 45],
				"cubes": [
					{"origin": [-3.45, 17.4, 3.5], "size": [4, 1, 3], "uv": [106, 78], "inflate": -0.3}
				]
			},
			{
				"name": "bone233",
				"parent": "bone228",
				"pivot": [-0.45, 15.4, -3]
			},
			{
				"name": "bone234",
				"parent": "bone233",
				"pivot": [-1.45, 17.9, 5],
				"rotation": [0, 0, -45],
				"cubes": [
					{"origin": [-4.9526, 15.8974, 3.5], "size": [4, 1, 3], "uv": [52, 106], "inflate": -0.3}
				]
			},
			{
				"name": "bone235",
				"parent": "bone233",
				"pivot": [-1.45, 17.9, 5],
				"rotation": [0, 0, 45],
				"cubes": [
					{"origin": [-1.9474, 15.8974, 3.5], "size": [4, 1, 3], "uv": [105, 65], "inflate": -0.3}
				]
			},
			{
				"name": "bone236",
				"parent": "bone228",
				"pivot": [-0.45, 11.15, -3]
			},
			{
				"name": "bone237",
				"parent": "bone236",
				"pivot": [-1.45, 13.65, 5],
				"rotation": [0, 0, -45],
				"cubes": [
					{"origin": [-3.45, 13.15, 3.5], "size": [4, 1, 3], "uv": [105, 48], "inflate": -0.3}
				]
			},
			{
				"name": "bone238",
				"parent": "bone236",
				"pivot": [-1.45, 13.65, 5],
				"rotation": [0, 0, 45],
				"cubes": [
					{"origin": [-3.45, 13.15, 3.5], "size": [4, 1, 3], "uv": [105, 105], "inflate": -0.3}
				]
			},
			{
				"name": "bone239",
				"parent": "bone228",
				"pivot": [-0.45, 11.15, -3]
			},
			{
				"name": "bone240",
				"parent": "bone239",
				"pivot": [-1.45, 13.65, 5],
				"rotation": [0, 0, -45],
				"cubes": [
					{"origin": [-4.9526, 11.6474, 3.5], "size": [4, 1, 3], "uv": [103, 96], "inflate": -0.3}
				]
			},
			{
				"name": "bone241",
				"parent": "bone239",
				"pivot": [-1.45, 13.65, 5],
				"rotation": [0, 0, 45],
				"cubes": [
					{"origin": [-1.9474, 11.6474, 3.5], "size": [4, 1, 3], "uv": [103, 61], "inflate": -0.3}
				]
			},
			{
				"name": "bone242",
				"parent": "bone228",
				"pivot": [-0.45, 11.15, -3]
			},
			{
				"name": "bone243",
				"parent": "bone242",
				"pivot": [-1.45, 13.65, 5],
				"rotation": [0, 0, -45],
				"cubes": [
					{"origin": [-6.4552, 10.1448, 3.5], "size": [4, 1, 3], "uv": [84, 103], "inflate": -0.3}
				]
			},
			{
				"name": "bone244",
				"parent": "bone242",
				"pivot": [-1.45, 13.65, 5],
				"rotation": [0, 0, 45],
				"cubes": [
					{"origin": [-0.4448, 10.1448, 3.5], "size": [4, 1, 3], "uv": [102, 28], "inflate": -0.3}
				]
			},
			{
				"name": "bone245",
				"parent": "bone228",
				"pivot": [-0.45, 4.775, -3]
			},
			{
				"name": "bone246",
				"parent": "bone245",
				"pivot": [-1.45, 7.275, 5],
				"rotation": [0, 0, -45],
				"cubes": [
					{"origin": [-5.45, 6.775, 3.5], "size": [6, 1, 3], "uv": [91, 20], "inflate": -0.3}
				]
			},
			{
				"name": "bone247",
				"parent": "bone245",
				"pivot": [-1.45, 7.275, 5],
				"rotation": [0, 0, 45],
				"cubes": [
					{"origin": [-3.45, 6.775, 3.5], "size": [6, 1, 3], "uv": [18, 47], "inflate": -0.3}
				]
			},
			{
				"name": "armRight",
				"pivot": [-3, 17.5, 0],
				"rotation": [0, 0, 25],
				"cubes": [
					{"origin": [-5, 8.5, -1], "size": [2, 8, 2], "uv": [103, 109]}
				]
			},
			{
				"name": "bone86",
				"parent": "armRight",
				"pivot": [-3, 17.5, 0]
			},
			{
				"name": "bone87",
				"parent": "bone86",
				"pivot": [-4, 16, 0],
				"rotation": [0, 0, -50],
				"cubes": [
					{"origin": [-5.5, 14.5, -1.5], "size": [3, 3, 3], "uv": [43, 51], "inflate": 0.2},
					{"origin": [-6.1, 17.075, -1], "size": [1, 1, 2], "uv": [49, 72], "inflate": -0.2}
				]
			},
			{
				"name": "bone88",
				"parent": "bone86",
				"pivot": [-3.52431, 14.80805, 0],
				"rotation": [0, 0, 7.5]
			},
			{
				"name": "bone92",
				"parent": "bone88",
				"pivot": [-2.48264, 6.15221, 0],
				"rotation": [0, -30, 0]
			},
			{
				"name": "bone95",
				"parent": "bone88",
				"pivot": [-2.48264, 6.15221, 0],
				"rotation": [0, -60, 0]
			},
			{
				"name": "bone98",
				"parent": "bone88",
				"pivot": [-2.48264, 6.15221, 0],
				"rotation": [0, -90, 0]
			},
			{
				"name": "bone99",
				"parent": "bone98",
				"pivot": [-2.48264, 6.15221, 5.27792],
				"rotation": [23, 0, 0]
			},
			{
				"name": "bone100",
				"parent": "bone99",
				"pivot": [-2.48264, 14.02925, 5.7113],
				"rotation": [7.5, 0, 0],
				"cubes": [
					{"origin": [-3.98311, 12.0264, 4.73292], "size": [3, 5, 2], "uv": [50, 110], "inflate": -0.4}
				]
			},
			{
				"name": "bone101",
				"parent": "bone88",
				"pivot": [-2.48264, 6.15221, 0],
				"rotation": [0, -120, 0]
			},
			{
				"name": "bone102",
				"parent": "bone101",
				"pivot": [-2.48264, 6.15221, 5.27792],
				"rotation": [23, 0, 0]
			},
			{
				"name": "bone103",
				"parent": "bone102",
				"pivot": [-2.42981, 13.82502, 5.45067],
				"rotation": [0, -102.5, 0],
				"cubes": [
					{"origin": [-3.42981, 12.32502, 4.45067], "size": [2, 5, 2], "uv": [89, 114], "inflate": -0.3}
				]
			},
			{
				"name": "bone104",
				"parent": "bone88",
				"pivot": [-2.48264, 6.15221, 0],
				"rotation": [0, -150, 0]
			},
			{
				"name": "bone105",
				"parent": "bone104",
				"pivot": [-2.48264, 6.15221, 5.27792],
				"rotation": [23, 0, 0]
			},
			{
				"name": "bone106",
				"parent": "bone105",
				"pivot": [-2.33264, 13.75372, 5.03876],
				"rotation": [0, -35, 0],
				"cubes": [
					{"origin": [-3.33264, 12.75372, 4.03876], "size": [2, 4, 2], "uv": [19, 117], "inflate": -0.3}
				]
			},
			{
				"name": "bone89",
				"parent": "bone88",
				"pivot": [-2.48264, 6.15221, 0],
				"rotation": [0, 120, 0]
			},
			{
				"name": "bone90",
				"parent": "bone89",
				"pivot": [-2.48264, 6.15221, -5.27792],
				"rotation": [-23, 0, 0]
			},
			{
				"name": "bone91",
				"parent": "bone90",
				"pivot": [-2.42981, 13.82502, -5.45067],
				"rotation": [0, 102.5, 0],
				"cubes": [
					{"origin": [-3.42981, 12.32502, -6.45067], "size": [2, 5, 2], "uv": [60, 114], "inflate": -0.3}
				]
			},
			{
				"name": "bone93",
				"parent": "bone88",
				"pivot": [-2.48264, 6.15221, 0],
				"rotation": [0, 150, 0]
			},
			{
				"name": "bone94",
				"parent": "bone93",
				"pivot": [-2.48264, 6.15221, -5.27792],
				"rotation": [-23, 0, 0]
			},
			{
				"name": "bone96",
				"parent": "bone94",
				"pivot": [-2.33264, 13.75372, -5.03876],
				"rotation": [0, 35, 0],
				"cubes": [
					{"origin": [-3.33264, 12.75372, -6.03876], "size": [2, 4, 2], "uv": [116, 92], "inflate": -0.3}
				]
			},
			{
				"name": "armLeft",
				"pivot": [3, 17.5, 0],
				"rotation": [0, 0, -25],
				"cubes": [
					{"origin": [3, 8.5, -1], "size": [2, 8, 2], "uv": [72, 109]}
				]
			},
			{
				"name": "bone97",
				"parent": "armLeft",
				"pivot": [3, 17.5, 0]
			},
			{
				"name": "bone107",
				"parent": "bone97",
				"pivot": [4, 16, 0],
				"rotation": [0, 0, 50],
				"cubes": [
					{"origin": [2.5, 14.5, -1.5], "size": [3, 3, 3], "uv": [16, 6], "inflate": 0.2},
					{"origin": [5.1, 17.075, -1], "size": [1, 1, 2], "uv": [18, 62], "inflate": -0.2}
				]
			},
			{
				"name": "bone108",
				"parent": "bone97",
				"pivot": [3.52431, 14.80805, 0],
				"rotation": [0, 0, -7.5]
			},
			{
				"name": "bone109",
				"parent": "bone108",
				"pivot": [2.48264, 6.15221, 0],
				"rotation": [0, 30, 0]
			},
			{
				"name": "bone110",
				"parent": "bone108",
				"pivot": [2.48264, 6.15221, 0],
				"rotation": [0, 60, 0]
			},
			{
				"name": "bone111",
				"parent": "bone108",
				"pivot": [2.48264, 6.15221, 0],
				"rotation": [0, 90, 0]
			},
			{
				"name": "bone112",
				"parent": "bone111",
				"pivot": [2.48264, 6.15221, 5.27792],
				"rotation": [23, 0, 0]
			},
			{
				"name": "bone113",
				"parent": "bone112",
				"pivot": [2.48264, 14.02925, 5.7113],
				"rotation": [7.5, 0, 0],
				"cubes": [
					{"origin": [0.98311, 12.0264, 4.73292], "size": [3, 5, 2], "uv": [40, 110], "inflate": -0.4}
				]
			},
			{
				"name": "bone114",
				"parent": "bone108",
				"pivot": [2.48264, 6.15221, 0],
				"rotation": [0, 120, 0]
			},
			{
				"name": "bone115",
				"parent": "bone114",
				"pivot": [2.48264, 6.15221, 5.27792],
				"rotation": [23, 0, 0]
			},
			{
				"name": "bone116",
				"parent": "bone115",
				"pivot": [2.42981, 13.82502, 5.45067],
				"rotation": [0, 102.5, 0],
				"cubes": [
					{"origin": [1.42981, 12.32502, 4.45067], "size": [2, 5, 2], "uv": [113, 18], "inflate": -0.3}
				]
			},
			{
				"name": "bone117",
				"parent": "bone108",
				"pivot": [2.48264, 6.15221, 0],
				"rotation": [0, 150, 0]
			},
			{
				"name": "bone118",
				"parent": "bone117",
				"pivot": [2.48264, 6.15221, 5.27792],
				"rotation": [23, 0, 0]
			},
			{
				"name": "bone119",
				"parent": "bone118",
				"pivot": [2.33264, 13.75372, 5.03876],
				"rotation": [0, 35, 0],
				"cubes": [
					{"origin": [1.33264, 12.75372, 4.03876], "size": [2, 4, 2], "uv": [116, 25], "inflate": -0.3}
				]
			},
			{
				"name": "bone120",
				"parent": "bone108",
				"pivot": [2.48264, 6.15221, 0],
				"rotation": [0, -120, 0]
			},
			{
				"name": "bone121",
				"parent": "bone120",
				"pivot": [2.48264, 6.15221, -5.27792],
				"rotation": [-23, 0, 0]
			},
			{
				"name": "bone122",
				"parent": "bone121",
				"pivot": [2.42981, 13.82502, -5.45067],
				"rotation": [0, -102.5, 0],
				"cubes": [
					{"origin": [1.42981, 12.32502, -6.45067], "size": [2, 5, 2], "uv": [112, 7], "inflate": -0.3}
				]
			},
			{
				"name": "bone123",
				"parent": "bone108",
				"pivot": [2.48264, 6.15221, 0],
				"rotation": [0, -150, 0]
			},
			{
				"name": "bone124",
				"parent": "bone123",
				"pivot": [2.48264, 6.15221, -5.27792],
				"rotation": [-23, 0, 0]
			},
			{
				"name": "bone125",
				"parent": "bone124",
				"pivot": [2.33264, 13.75372, -5.03876],
				"rotation": [0, -35, 0],
				"cubes": [
					{"origin": [1.33264, 12.75372, -6.03876], "size": [2, 4, 2], "uv": [114, 82], "inflate": -0.3}
				]
			},
			{
				"name": "body",
				"pivot": [0, 10.5, 0],
				"cubes": [
					{"origin": [-3, 15.599, -3], "size": [6, 2, 6], "uv": [50, 51], "inflate": 0.25},
					{"origin": [-3, 8.999, -3], "size": [6, 9.25, 6], "uv": [0, 47], "inflate": -0.2}
				]
			},
			{
				"name": "sittingRotationSkirt",
				"parent": "body",
				"pivot": [0, 10.5, 0]
			},
			{
				"name": "bone",
				"parent": "sittingRotationSkirt",
				"pivot": [0, 10.5, 0]
			},
			{
				"name": "bone2",
				"parent": "bone",
				"pivot": [0, 0, 0]
			},
			{
				"name": "bone3",
				"parent": "bone2",
				"pivot": [0, 0, 2.48337],
				"rotation": [18, 0, 0],
				"cubes": [
					{"origin": [-0.5, 5.24263, 5.99539], "size": [1, 5, 1], "uv": [107, 119]}
				]
			},
			{
				"name": "bone4",
				"parent": "bone3",
				"pivot": [-0.5, -0.25737, 2.48337],
				"rotation": [0, 0, 7.39351],
				"cubes": [
					{"origin": [-2.5, 5.24263, 5.99439], "size": [2, 5, 1], "uv": [68, 119]}
				]
			},
			{
				"name": "bone5",
				"parent": "bone3",
				"pivot": [0.5, -0.25737, 2.48337],
				"rotation": [0, 0, -7.39351],
				"cubes": [
					{"origin": [0.5, 5.24263, 5.99639], "size": [2, 5, 1], "uv": [33, 119]}
				]
			},
			{
				"name": "bone6",
				"parent": "bone",
				"pivot": [0, 0, 0],
				"rotation": [0, -45, 0]
			},
			{
				"name": "bone7",
				"parent": "bone6",
				"pivot": [0, 0, 2.48337],
				"rotation": [18, 0, 0],
				"cubes": [
					{"origin": [-0.5, 5.24263, 5.99539], "size": [1, 5, 1], "uv": [103, 119]}
				]
			},
			{
				"name": "bone8",
				"parent": "bone7",
				"pivot": [-0.5, -0.25737, 2.48337],
				"rotation": [0, 0, 7.39351],
				"cubes": [
					{"origin": [-2.5, 5.24263, 5.99439], "size": [2, 5, 1], "uv": [27, 119]}
				]
			},
			{
				"name": "bone9",
				"parent": "bone7",
				"pivot": [0.5, -0.25737, 2.48337],
				"rotation": [0, 0, -7.39351],
				"cubes": [
					{"origin": [0.5, 5.24263, 5.99639], "size": [2, 5, 1], "uv": [118, 98]}
				]
			},
			{
				"name": "bone10",
				"parent": "bone",
				"pivot": [0, 0, 0],
				"rotation": [0, -90, 0]
			},
			{
				"name": "bone11",
				"parent": "bone10",
				"pivot": [0, 0, 2.48337],
				"rotation": [18, 0, 0],
				"cubes": [
					{"origin": [-0.5, 5.24263, 5.99539], "size": [1, 5, 1], "uv": [74, 119]}
				]
			},
			{
				"name": "bone12",
				"parent": "bone11",
				"pivot": [-0.5, -0.25737, 2.48337],
				"rotation": [0, 0, 7.39351],
				"cubes": [
					{"origin": [-2.5, 5.24263, 5.99439], "size": [2, 5, 1], "uv": [118, 75]}
				]
			},
			{
				"name": "bone13",
				"parent": "bone11",
				"pivot": [0.5, -0.25737, 2.48337],
				"rotation": [0, 0, -7.39351],
				"cubes": [
					{"origin": [0.5, 5.24263, 5.99639], "size": [2, 5, 1], "uv": [12, 118]}
				]
			},
			{
				"name": "bone14",
				"parent": "bone",
				"pivot": [0, 0, 0],
				"rotation": [0, -135, 0]
			},
			{
				"name": "bone15",
				"parent": "bone14",
				"pivot": [0, 0, 2.48337],
				"rotation": [18, 0, 0],
				"cubes": [
					{"origin": [-0.5, 5.24263, 5.99539], "size": [1, 5, 1], "uv": [55, 117]}
				]
			},
			{
				"name": "bone16",
				"parent": "bone15",
				"pivot": [-0.5, -0.25737, 2.48337],
				"rotation": [0, 0, 7.39351],
				"cubes": [
					{"origin": [-2.5, 5.24263, 5.99439], "size": [2, 5, 1], "uv": [6, 118]}
				]
			},
			{
				"name": "bone17",
				"parent": "bone15",
				"pivot": [0.5, -0.25737, 2.48337],
				"rotation": [0, 0, -7.39351],
				"cubes": [
					{"origin": [0.5, 5.24263, 5.99639], "size": [2, 5, 1], "uv": [117, 117]}
				]
			},
			{
				"name": "bone18",
				"parent": "bone",
				"pivot": [0, 0, 0],
				"rotation": [0, -180, 0]
			},
			{
				"name": "bone19",
				"parent": "bone18",
				"pivot": [0, 0, 2.48337],
				"rotation": [18, 0, 0],
				"cubes": [
					{"origin": [-0.5, 5.24263, 5.99539], "size": [1, 5, 1], "uv": [0, 111]}
				]
			},
			{
				"name": "bone20",
				"parent": "bone19",
				"pivot": [-0.5, -0.25737, 2.48337],
				"rotation": [0, 0, 7.39351],
				"cubes": [
					{"origin": [-2.5, 5.24263, 5.99439], "size": [2, 5, 1], "uv": [111, 117]}
				]
			},
			{
				"name": "bone21",
				"parent": "bone19",
				"pivot": [0.5, -0.25737, 2.48337],
				"rotation": [0, 0, -7.39351],
				"cubes": [
					{"origin": [0.5, 5.24263, 5.99639], "size": [2, 5, 1], "uv": [0, 117]}
				]
			},
			{
				"name": "bone22",
				"parent": "bone",
				"pivot": [0, 0, 0],
				"rotation": [0, -225, 0]
			},
			{
				"name": "bone23",
				"parent": "bone22",
				"pivot": [0, 0, 2.48337],
				"rotation": [18, 0, 0],
				"cubes": [
					{"origin": [-0.5, 5.24263, 5.99539], "size": [1, 5, 1], "uv": [74, 33]}
				]
			},
			{
				"name": "bone24",
				"parent": "bone23",
				"pivot": [-0.5, -0.25737, 2.48337],
				"rotation": [0, 0, 7.39351],
				"cubes": [
					{"origin": [-2.5, 5.24263, 5.99439], "size": [2, 5, 1], "uv": [97, 116]}
				]
			},
			{
				"name": "bone25",
				"parent": "bone23",
				"pivot": [0.5, -0.25737, 2.48337],
				"rotation": [0, 0, -7.39351],
				"cubes": [
					{"origin": [0.5, 5.24263, 5.99639], "size": [2, 5, 1], "uv": [89, 107]}
				]
			},
			{
				"name": "bone26",
				"parent": "bone",
				"pivot": [0, 0, 0],
				"rotation": [0, -270, 0]
			},
			{
				"name": "bone27",
				"parent": "bone26",
				"pivot": [0, 0, 2.48337],
				"rotation": [18, 0, 0],
				"cubes": [
					{"origin": [-0.5, 5.24263, 5.99539], "size": [1, 5, 1], "uv": [72, 17]}
				]
			},
			{
				"name": "bone28",
				"parent": "bone27",
				"pivot": [-0.5, -0.25737, 2.48337],
				"rotation": [0, 0, 7.39351],
				"cubes": [
					{"origin": [-2.5, 5.24263, 5.99439], "size": [2, 5, 1], "uv": [81, 27]}
				]
			},
			{
				"name": "bone29",
				"parent": "bone27",
				"pivot": [0.5, -0.25737, 2.48337],
				"rotation": [0, 0, -7.39351],
				"cubes": [
					{"origin": [0.5, 5.24263, 5.99639], "size": [2, 5, 1], "uv": [12, 62]}
				]
			},
			{
				"name": "bone30",
				"parent": "bone",
				"pivot": [0, 0, 0],
				"rotation": [0, -315, 0]
			},
			{
				"name": "bone31",
				"parent": "bone30",
				"pivot": [0, 0, 2.48337],
				"rotation": [18, 0, 0],
				"cubes": [
					{"origin": [-0.5, 5.24263, 5.99539], "size": [1, 5, 1], "uv": [66, 64]}
				]
			},
			{
				"name": "bone32",
				"parent": "bone31",
				"pivot": [-0.5, -0.25737, 2.48337],
				"rotation": [0, 0, 7.39351],
				"cubes": [
					{"origin": [-2.5, 5.24263, 5.99439], "size": [2, 5, 1], "uv": [24, 51]}
				]
			},
			{
				"name": "bone33",
				"parent": "bone31",
				"pivot": [0.5, -0.25737, 2.48337],
				"rotation": [0, 0, -7.39351],
				"cubes": [
					{"origin": [0.5, 5.24263, 5.99639], "size": [2, 5, 1], "uv": [0, 47]}
				]
			},
			{
				"name": "bone34",
				"parent": "body",
				"pivot": [0, 10.5, 0]
			},
			{
				"name": "bone38",
				"parent": "bone34",
				"pivot": [0, 14.55, -3.625],
				"rotation": [37.5, 0, 0]
			},
			{
				"name": "bone37",
				"parent": "bone38",
				"pivot": [1.1, 14.7, -3.55],
				"rotation": [0, -17.5, 0],
				"cubes": [
					{"origin": [-0.42384, 13.7, -4.54248], "size": [4, 3, 4], "uv": [95, 33], "inflate": -0.1}
				]
			},
			{
				"name": "bone39",
				"parent": "bone38",
				"pivot": [-1.075, 14.7, -3.55],
				"rotation": [0, 17.5, 0],
				"cubes": [
					{"origin": [-3.575, 13.7, -4.55], "size": [4, 3, 4], "uv": [85, 95], "inflate": -0.1}
				]
			},
			{
				"name": "bone35",
				"parent": "bone34",
				"pivot": [0, 10.5, 0]
			},
			{
				"name": "bone36",
				"parent": "bone35",
				"pivot": [-2.275, 13.375, -3.4],
				"rotation": [-62.5, 42.5, -2.5],
				"cubes": [
					{"origin": [-3.6692, 12.64856, -5.98385], "size": [3, 2, 3], "uv": [44, 59], "inflate": -0.1}
				]
			},
			{
				"name": "bone41",
				"parent": "bone35",
				"pivot": [-2.325, 11.75, -3.2],
				"rotation": [13.25, 37.5, 10.75],
				"cubes": [
					{"origin": [-3.99537, 9.83169, -3.55728], "size": [3, 4, 1], "uv": [80, 117], "inflate": -0.1}
				]
			},
			{
				"name": "bone42",
				"parent": "bone34",
				"pivot": [0, 10.5, 0]
			},
			{
				"name": "bone43",
				"parent": "bone42",
				"pivot": [2.275, 13.375, -3.4],
				"rotation": [-62.5, -42.5, 2.5],
				"cubes": [
					{"origin": [0.6692, 12.64856, -5.98385], "size": [3, 2, 3], "uv": [58, 34], "inflate": -0.1}
				]
			},
			{
				"name": "bone44",
				"parent": "bone42",
				"pivot": [2.325, 11.75, -3.2],
				"rotation": [13.25, -37.5, -10.75],
				"cubes": [
					{"origin": [0.99537, 9.83169, -3.55728], "size": [3, 4, 1], "uv": [47, 117], "inflate": -0.1}
				]
			},
			{
				"name": "bone40",
				"parent": "bone34",
				"pivot": [0, 20.5, 0]
			},
			{
				"name": "bone48",
				"parent": "bone40",
				"pivot": [0, 10, 0],
				"rotation": [0, -40, 0]
			},
			{
				"name": "bone49",
				"parent": "bone48",
				"pivot": [0, 10, 4.0102],
				"rotation": [30, 0, 0]
			},
			{
				"name": "bone50",
				"parent": "bone49",
				"pivot": [0, 10, 4.0102],
				"rotation": [0, -45, 0],
				"cubes": [
					{"origin": [-0.5, 8.875, 3.5102], "size": [1, 2, 1], "uv": [61, 72], "inflate": 0.1}
				]
			},
			{
				"name": "bone51",
				"parent": "bone40",
				"pivot": [0, 10, 0],
				"rotation": [0, -60, 0]
			},
			{
				"name": "bone52",
				"parent": "bone51",
				"pivot": [0, 10, 4.0102],
				"rotation": [30, 0, 0]
			},
			{
				"name": "bone53",
				"parent": "bone52",
				"pivot": [0, 10, 4.0102],
				"rotation": [0, -45, 0],
				"cubes": [
					{"origin": [-0.5, 8.625, 3.5102], "size": [1, 3, 1], "uv": [75, 67], "inflate": 0.1}
				]
			},
			{
				"name": "bone54",
				"parent": "bone40",
				"pivot": [0, 10, 0],
				"rotation": [0, -80, 0]
			},
			{
				"name": "bone55",
				"parent": "bone54",
				"pivot": [0, 10, 4.0102],
				"rotation": [30, 0, 0]
			},
			{
				"name": "bone56",
				"parent": "bone55",
				"pivot": [0, 10, 4.0102],
				"rotation": [0, -45, 0],
				"cubes": [
					{"origin": [-0.5, 8.625, 3.5102], "size": [1, 3, 1], "uv": [75, 57], "inflate": 0.1}
				]
			},
			{
				"name": "bone57",
				"parent": "bone40",
				"pivot": [0, 10, 0],
				"rotation": [0, -100, 0]
			},
			{
				"name": "bone58",
				"parent": "bone57",
				"pivot": [0, 10, 4.0102],
				"rotation": [30, 0, 0]
			},
			{
				"name": "bone59",
				"parent": "bone58",
				"pivot": [0, 10, 4.0102],
				"rotation": [0, -45, 0],
				"cubes": [
					{"origin": [-0.5, 8.375, 3.5102], "size": [1, 4, 1], "uv": [68, 114], "inflate": 0.1}
				]
			},
			{
				"name": "bone60",
				"parent": "bone40",
				"pivot": [0, 10, 0],
				"rotation": [0, -120, 0]
			},
			{
				"name": "bone61",
				"parent": "bone60",
				"pivot": [0, 10, 4.0102],
				"rotation": [30, 0, 0]
			},
			{
				"name": "bone62",
				"parent": "bone61",
				"pivot": [0, 10, 4.0102],
				"rotation": [0, -45, 0],
				"cubes": [
					{"origin": [-0.5, 7.875, 3.5102], "size": [1, 4, 1], "uv": [94, 67], "inflate": 0.1}
				]
			},
			{
				"name": "bone63",
				"parent": "bone40",
				"pivot": [0, 10, 0],
				"rotation": [0, -140, 0]
			},
			{
				"name": "bone64",
				"parent": "bone63",
				"pivot": [0, 10, 4.0102],
				"rotation": [30, 0, 0]
			},
			{
				"name": "bone65",
				"parent": "bone64",
				"pivot": [0, 10, 4.0102],
				"rotation": [0, -45, 0],
				"cubes": [
					{"origin": [-0.5, 7.375, 3.5102], "size": [1, 4, 1], "uv": [43, 94], "inflate": 0.1}
				]
			},
			{
				"name": "bone45",
				"parent": "bone34",
				"pivot": [0, 10.5, 0]
			},
			{
				"name": "bone46",
				"parent": "bone45",
				"pivot": [3.325, 13.7, -1.75],
				"rotation": [25, -10, 5],
				"cubes": [
					{"origin": [1.825, 10.2, -2.75], "size": [2, 6, 4], "uv": [10, 98], "inflate": -0.1}
				]
			},
			{
				"name": "bone66",
				"parent": "bone45",
				"pivot": [-3.325, 13.7, -1.75],
				"rotation": [25, 10, -5],
				"cubes": [
					{"origin": [-3.825, 10.2, -2.75], "size": [2, 6, 4], "uv": [62, 96], "inflate": -0.1}
				]
			},
			{
				"name": "bone67",
				"parent": "bone34",
				"pivot": [0, 20.5, 0]
			},
			{
				"name": "bone68",
				"parent": "bone67",
				"pivot": [0, 10, 0],
				"rotation": [0, 40, 0]
			},
			{
				"name": "bone69",
				"parent": "bone68",
				"pivot": [0, 10, 4.0102],
				"rotation": [30, 0, 0]
			},
			{
				"name": "bone70",
				"parent": "bone69",
				"pivot": [0, 10, 4.0102],
				"rotation": [0, 45, 0],
				"cubes": [
					{"origin": [-0.5, 8.875, 3.5102], "size": [1, 2, 1], "uv": [52, 51], "inflate": 0.1}
				]
			},
			{
				"name": "bone71",
				"parent": "bone67",
				"pivot": [0, 10, 0],
				"rotation": [0, 60, 0]
			},
			{
				"name": "bone72",
				"parent": "bone71",
				"pivot": [0, 10, 4.0102],
				"rotation": [30, 0, 0]
			},
			{
				"name": "bone73",
				"parent": "bone72",
				"pivot": [0, 10, 4.0102],
				"rotation": [0, 45, 0],
				"cubes": [
					{"origin": [-0.5, 8.625, 3.5102], "size": [1, 3, 1], "uv": [71, 59], "inflate": 0.1}
				]
			},
			{
				"name": "bone74",
				"parent": "bone67",
				"pivot": [0, 10, 0],
				"rotation": [0, 80, 0]
			},
			{
				"name": "bone75",
				"parent": "bone74",
				"pivot": [0, 10, 4.0102],
				"rotation": [30, 0, 0]
			},
			{
				"name": "bone76",
				"parent": "bone75",
				"pivot": [0, 10, 4.0102],
				"rotation": [0, 45, 0],
				"cubes": [
					{"origin": [-0.5, 8.625, 3.5102], "size": [1, 3, 1], "uv": [33, 46], "inflate": 0.1}
				]
			},
			{
				"name": "bone77",
				"parent": "bone67",
				"pivot": [0, 10, 0],
				"rotation": [0, 100, 0]
			},
			{
				"name": "bone78",
				"parent": "bone77",
				"pivot": [0, 10, 4.0102],
				"rotation": [30, 0, 0]
			},
			{
				"name": "bone79",
				"parent": "bone78",
				"pivot": [0, 10, 4.0102],
				"rotation": [0, 45, 0],
				"cubes": [
					{"origin": [-0.5, 8.375, 3.5102], "size": [1, 4, 1], "uv": [52, 0], "inflate": 0.1}
				]
			},
			{
				"name": "bone80",
				"parent": "bone67",
				"pivot": [0, 10, 0],
				"rotation": [0, 120, 0]
			},
			{
				"name": "bone81",
				"parent": "bone80",
				"pivot": [0, 10, 4.0102],
				"rotation": [30, 0, 0]
			},
			{
				"name": "bone82",
				"parent": "bone81",
				"pivot": [0, 10, 4.0102],
				"rotation": [0, 45, 0],
				"cubes": [
					{"origin": [-0.5, 7.875, 3.5102], "size": [1, 4, 1], "uv": [31, 0], "inflate": 0.1}
				]
			},
			{
				"name": "bone83",
				"parent": "bone67",
				"pivot": [0, 10, 0],
				"rotation": [0, 140, 0]
			},
			{
				"name": "bone84",
				"parent": "bone83",
				"pivot": [0, 10, 4.0102],
				"rotation": [30, 0, 0]
			},
			{
				"name": "bone85",
				"parent": "bone84",
				"pivot": [0, 10, 4.0102],
				"rotation": [0, 45, 0],
				"cubes": [
					{"origin": [-0.5, 7.375, 3.5102], "size": [1, 4, 1], "uv": [16, 0], "inflate": 0.1}
				]
			},
			{
				"name": "bone47",
				"parent": "body",
				"pivot": [0, 12.274, 0],
				"rotation": [-32.5, 0, 0],
				"cubes": [
					{"origin": [-3, 11.274, -1.75], "size": [6, 2, 5], "uv": [52, 0], "inflate": 0.25}
				]
			},
			{
				"name": "bone174",
				"parent": "body",
				"pivot": [0, 10.5, 0]
			},
			{
				"name": "bone175",
				"parent": "bone174",
				"pivot": [0, 10.5, 0]
			},
			{
				"name": "bone176",
				"parent": "bone175",
				"pivot": [0, 17.775, -2.4],
				"rotation": [8.5, 0, 0],
				"cubes": [
					{"origin": [-1.5, 17.275, -3.9], "size": [3, 1, 3], "uv": [24, 42]}
				]
			},
			{
				"name": "bone177",
				"parent": "bone175",
				"pivot": [0, 17.275, -3.95],
				"rotation": [37.5, 0, 0]
			},
			{
				"name": "bone178",
				"parent": "bone177",
				"pivot": [1.475, 16.25, -5.675],
				"cubes": [
					{"origin": [-1.525, 16.25, -6.925], "size": [3, 2.025, 5], "uv": [94, 67], "inflate": -1}
				]
			},
			{
				"name": "bone179",
				"parent": "bone177",
				"pivot": [-0.025, 17.25, -5.175],
				"rotation": [0, 0, 90],
				"cubes": [
					{"origin": [-1.525, 16.25, -6.925], "size": [3, 2.025, 5], "uv": [43, 94], "inflate": -1}
				]
			},
			{
				"name": "bone180",
				"parent": "bone175",
				"pivot": [1.575, 17, -3.55],
				"rotation": [50, 30, 60],
				"cubes": [
					{"origin": [0.67078, 16.39444, -4.59674], "size": [2, 1, 2], "uv": [52, 34], "inflate": -0.2}
				]
			},
			{
				"name": "bone181",
				"parent": "bone175",
				"pivot": [-1.575, 17, -3.55],
				"rotation": [50, -30, -60],
				"cubes": [
					{"origin": [-2.67078, 16.39444, -4.59674], "size": [2, 1, 2], "uv": [44, 34], "inflate": -0.2}
				]
			},
			{
				"name": "legLeft",
				"pivot": [2, 9, 0],
				"cubes": [
					{"origin": [0.424, 0, -1.5], "size": [3, 9, 3], "uv": [64, 79], "inflate": -0.1}
				]
			},
			{
				"name": "legRight",
				"pivot": [-2, 9, 0],
				"cubes": [
					{"origin": [-3.424, 0, -1.5], "size": [3, 9, 3], "uv": [0, 78], "inflate": -0.1}
				]
			},
			{
				"name": "wingLeft",
				"pivot": [1.275, 15, 3.25],
				"rotation": [0, 60, 0]
			},
			{
				"name": "bone184",
				"parent": "wingLeft",
				"pivot": [1.275, 15, 3.25],
				"rotation": [0, 0, 12.5]
			},
			{
				"name": "bone185",
				"parent": "bone184",
				"pivot": [1.275, 15, 3.25]
			},
			{
				"name": "bone186",
				"parent": "bone185",
				"pivot": [0.775, 16, 4.75],
				"rotation": [26.25, 0, 0],
				"cubes": [
					{"origin": [0.275, 13, 3.25], "size": [1, 4, 3], "uv": [31, 112]}
				]
			},
			{
				"name": "bone187",
				"parent": "bone185",
				"pivot": [0.775, 15.75, 4.75],
				"rotation": [37.5, 0, 0],
				"cubes": [
					{"origin": [0.22745, 9.69311, 5.91347], "size": [1, 7, 3], "uv": [13, 108], "inflate": -0.1}
				]
			},
			{
				"name": "bone188",
				"parent": "bone185",
				"pivot": [0.74689, 15.325, 5.40131],
				"rotation": [47.5, 0, 0],
				"cubes": [
					{"origin": [0.2134, 9.36484, 8.86882], "size": [1, 7, 3], "uv": [5, 108], "inflate": -0.1}
				]
			},
			{
				"name": "bone189",
				"parent": "bone185",
				"pivot": [0.78038, 20.36484, 11.48485],
				"rotation": [65, 0, 0],
				"cubes": [
					{"origin": [0.20538, 17.91484, 10.05985], "size": [1, 5, 3], "uv": [0, 37], "inflate": -0.1}
				]
			},
			{
				"name": "chestPlateLeft",
				"parent": "bone184",
				"pivot": [1.275, 15, 3.25]
			},
			{
				"name": "bone190",
				"parent": "chestPlateLeft",
				"pivot": [1.19284, 20.01581, 11.7625],
				"rotation": [1.75378, 9.84655, 10.15108]
			},
			{
				"name": "bone191",
				"parent": "bone190",
				"pivot": [1.19669, 22.61581, 12.65673],
				"rotation": [7.5, 0, 0],
				"cubes": [
					{"origin": [-0.30331, 16.11581, 9.65673], "size": [2, 7, 6], "uv": [50, 59]}
				]
			},
			{
				"name": "bone192",
				"parent": "bone190",
				"pivot": [1.19669, 23.81581, 18.65673],
				"rotation": [22.5, 0, 0],
				"cubes": [
					{"origin": [-0.30331, 14.71581, 12.38173], "size": [2, 10, 12], "uv": [16, 16]}
				]
			},
			{
				"name": "bone193",
				"parent": "bone190",
				"pivot": [1.19669, 23.14081, 18.65673],
				"rotation": [35, 0, 0],
				"cubes": [
					{"origin": [-0.30331, 15.04081, 21.63173], "size": [2, 9, 6], "uv": [18, 59]}
				]
			},
			{
				"name": "bone194",
				"parent": "bone190",
				"pivot": [1.19669, 27.54081, 28.13173],
				"rotation": [57.5, 0, 0],
				"cubes": [
					{"origin": [-0.30331, 22.54081, 24.63173], "size": [2, 8, 5], "uv": [66, 66]}
				]
			},
			{
				"name": "bone195",
				"parent": "bone190",
				"pivot": [1.19669, 30.04081, 28.13173],
				"rotation": [67.5, 0, 0],
				"cubes": [
					{"origin": [0.19669, 27.44081, 26.63173], "size": [1, 4, 2], "uv": [44, 26], "inflate": 0.3}
				]
			},
			{
				"name": "bone196",
				"parent": "chestPlateLeft",
				"pivot": [1.95151, 17.2392, 11.10449],
				"rotation": [6.23883, 9.02461, 10.88674]
			},
			{
				"name": "bone198",
				"parent": "bone196",
				"pivot": [1.95536, 21.0392, 17.99872],
				"rotation": [35, 0, 0],
				"cubes": [
					{"origin": [-1.54464, 15.6892, 18.72372], "size": [4, 6, 3], "uv": [29, 91], "inflate": -0.2},
					{"origin": [-0.79464, 10.6892, 19.22372], "size": [3, 8, 3], "uv": [73, 89], "inflate": -0.4}
				]
			},
			{
				"name": "bone203",
				"parent": "bone196",
				"pivot": [1.95536, 21.0392, 17.99872],
				"rotation": [27.5, 0, 0],
				"cubes": [
					{"origin": [-1.54464, 16.4392, 16.22372], "size": [4, 6, 3], "uv": [0, 90], "inflate": -0.2},
					{"origin": [-0.79464, 10.4392, 16.72372], "size": [3, 10, 3], "uv": [20, 74], "inflate": -0.4}
				]
			},
			{
				"name": "bone204",
				"parent": "bone196",
				"pivot": [1.95536, 21.0392, 17.99872],
				"rotation": [22.5, 0, 0],
				"cubes": [
					{"origin": [-1.54464, 16.6892, 13.72372], "size": [4, 6, 3], "uv": [89, 76], "inflate": -0.2},
					{"origin": [-0.79464, 10.6892, 14.22372], "size": [3, 10, 3], "uv": [72, 4], "inflate": -0.4}
				]
			},
			{
				"name": "bone205",
				"parent": "bone196",
				"pivot": [1.95536, 19.8392, 11.99872],
				"rotation": [13.75, 0, 0],
				"cubes": [
					{"origin": [-1.54464, 15.0892, 10.49872], "size": [4, 6, 4], "uv": [68, 47], "inflate": -0.2},
					{"origin": [-0.79464, 11.0892, 10.99872], "size": [3, 6, 4], "uv": [77, 17], "inflate": -0.4}
				]
			},
			{
				"name": "bone199",
				"parent": "bone196",
				"pivot": [1.45536, 20.7642, 28.47372],
				"rotation": [52.5, 0, 0],
				"cubes": [
					{"origin": [-1.54464, 21.2642, 26.97372], "size": [4, 6, 3], "uv": [89, 58], "inflate": -0.2},
					{"origin": [-0.79464, 15.2642, 27.47372], "size": [3, 9, 3], "uv": [77, 77], "inflate": -0.4}
				]
			},
			{
				"name": "bone202",
				"parent": "bone196",
				"pivot": [1.45536, 20.7642, 28.47372],
				"rotation": [45, 0, 0],
				"cubes": [
					{"origin": [-1.54464, 21.7642, 23.97372], "size": [4, 6, 3], "uv": [88, 24], "inflate": -0.2},
					{"origin": [-0.79464, 16.7642, 24.47372], "size": [3, 8, 3], "uv": [54, 88], "inflate": -0.4}
				]
			},
			{
				"name": "bone200",
				"parent": "bone196",
				"pivot": [1.95536, 24.7642, 27.47372],
				"rotation": [62.5, 0, 0],
				"cubes": [
					{"origin": [-1.54464, 22.7642, 25.97372], "size": [4, 5, 3], "uv": [96, 40], "inflate": -0.2},
					{"origin": [-0.79464, 14.7642, 26.47372], "size": [3, 13, 3], "uv": [0, 62], "inflate": -0.4}
				]
			},
			{
				"name": "bone201",
				"parent": "bone196",
				"pivot": [1.95536, 27.2642, 27.47372],
				"rotation": [75, 0, 0],
				"cubes": [
					{"origin": [-1.29464, 24.9142, 25.97372], "size": [3.25, 4, 2], "uv": [21, 111], "inflate": -0.2},
					{"origin": [-0.29464, 15.9142, 25.97372], "size": [2, 10, 2], "uv": [34, 100], "inflate": -0.4}
				]
			},
			{
				"name": "wingRight",
				"pivot": [-0.5, 15, 3.75],
				"rotation": [0, -60, 0]
			},
			{
				"name": "bone126",
				"parent": "wingRight",
				"pivot": [-1.275, 15, 3.25],
				"rotation": [0, 0, -12.5]
			},
			{
				"name": "bone127",
				"parent": "bone126",
				"pivot": [-1.275, 15, 3.25]
			},
			{
				"name": "bone182",
				"parent": "bone127",
				"pivot": [-0.775, 16, 4.75],
				"rotation": [26.25, 0, 0],
				"cubes": [
					{"origin": [-1.275, 13, 3.25], "size": [1, 4, 3], "uv": [111, 69]}
				]
			},
			{
				"name": "bone183",
				"parent": "bone127",
				"pivot": [-0.775, 15.75, 4.75],
				"rotation": [37.5, 0, 0],
				"cubes": [
					{"origin": [-1.22745, 9.69311, 5.91347], "size": [1, 7, 3], "uv": [81, 107], "inflate": -0.1}
				]
			},
			{
				"name": "bone206",
				"parent": "bone127",
				"pivot": [-0.74689, 15.325, 5.40131],
				"rotation": [47.5, 0, 0],
				"cubes": [
					{"origin": [-1.2134, 9.36484, 8.86882], "size": [1, 7, 3], "uv": [95, 106], "inflate": -0.1}
				]
			},
			{
				"name": "bone207",
				"parent": "bone127",
				"pivot": [-0.78038, 20.36484, 11.48485],
				"rotation": [65, 0, 0],
				"cubes": [
					{"origin": [-1.20538, 17.91484, 10.05985], "size": [1, 5, 3], "uv": [32, 16], "inflate": -0.1}
				]
			},
			{
				"name": "chestPlateRight",
				"parent": "bone126",
				"pivot": [-1.275, 15, 3.25]
			},
			{
				"name": "bone208",
				"parent": "chestPlateRight",
				"pivot": [-1.19284, 20.01581, 11.7625],
				"rotation": [1.75378, -9.84655, -10.15108]
			},
			{
				"name": "bone209",
				"parent": "bone208",
				"pivot": [-1.19669, 22.61581, 12.65673],
				"rotation": [7.5, 0, 0],
				"cubes": [
					{"origin": [-1.69669, 16.11581, 9.65673], "size": [2, 7, 6], "uv": [34, 59]}
				]
			},
			{
				"name": "bone210",
				"parent": "bone208",
				"pivot": [-1.19669, 23.81581, 18.65673],
				"rotation": [22.5, 0, 0],
				"cubes": [
					{"origin": [-1.69669, 14.71581, 12.38173], "size": [2, 10, 12], "uv": [0, 0]}
				]
			},
			{
				"name": "bone211",
				"parent": "bone208",
				"pivot": [-1.19669, 23.14081, 18.65673],
				"rotation": [35, 0, 0],
				"cubes": [
					{"origin": [-1.69669, 15.04081, 21.63173], "size": [2, 9, 6], "uv": [0, 22]}
				]
			},
			{
				"name": "bone212",
				"parent": "bone208",
				"pivot": [-1.19669, 27.54081, 28.13173],
				"rotation": [57.5, 0, 0],
				"cubes": [
					{"origin": [-1.69669, 22.54081, 24.63173], "size": [2, 8, 5], "uv": [65, 34]}
				]
			},
			{
				"name": "bone213",
				"parent": "bone208",
				"pivot": [-1.19669, 30.04081, 28.13173],
				"rotation": [67.5, 0, 0],
				"cubes": [
					{"origin": [-1.19669, 27.44081, 26.63173], "size": [1, 4, 2], "uv": [0, 22], "inflate": 0.3}
				]
			},
			{
				"name": "bone214",
				"parent": "chestPlateRight",
				"pivot": [-1.95151, 17.2392, 11.10449],
				"rotation": [6.23883, -9.02461, -10.88674]
			},
			{
				"name": "bone216",
				"parent": "bone214",
				"pivot": [-1.95536, 21.0392, 17.99872],
				"rotation": [35, 0, 0],
				"cubes": [
					{"origin": [-2.45536, 15.6892, 18.72372], "size": [4, 6, 3], "uv": [87, 11], "inflate": -0.2},
					{"origin": [-2.20536, 10.6892, 19.22372], "size": [3, 8, 3], "uv": [17, 87], "inflate": -0.4}
				]
			},
			{
				"name": "bone217",
				"parent": "bone214",
				"pivot": [-1.95536, 21.0392, 17.99872],
				"rotation": [27.5, 0, 0],
				"cubes": [
					{"origin": [-2.45536, 16.4392, 16.22372], "size": [4, 6, 3], "uv": [86, 86], "inflate": -0.2},
					{"origin": [-2.20536, 10.4392, 16.72372], "size": [3, 10, 3], "uv": [52, 72], "inflate": -0.4}
				]
			},
			{
				"name": "bone218",
				"parent": "bone214",
				"pivot": [-1.95536, 21.0392, 17.99872],
				"rotation": [22.5, 0, 0],
				"cubes": [
					{"origin": [-2.45536, 16.6892, 13.72372], "size": [4, 6, 3], "uv": [85, 49], "inflate": -0.2},
					{"origin": [-2.20536, 10.6892, 14.22372], "size": [3, 10, 3], "uv": [40, 72], "inflate": -0.4}
				]
			},
			{
				"name": "bone219",
				"parent": "bone214",
				"pivot": [-1.95536, 19.8392, 11.99872],
				"rotation": [13.75, 0, 0],
				"cubes": [
					{"origin": [-2.45536, 15.0892, 10.49872], "size": [4, 6, 4], "uv": [65, 23], "inflate": -0.2},
					{"origin": [-2.20536, 11.0892, 10.99872], "size": [3, 6, 4], "uv": [75, 57], "inflate": -0.4}
				]
			},
			{
				"name": "bone220",
				"parent": "bone214",
				"pivot": [-1.45536, 20.7642, 28.47372],
				"rotation": [52.5, 0, 0],
				"cubes": [
					{"origin": [-2.45536, 21.2642, 26.97372], "size": [4, 6, 3], "uv": [40, 85], "inflate": -0.2},
					{"origin": [-2.20536, 15.2642, 27.47372], "size": [3, 9, 3], "uv": [0, 0], "inflate": -0.4}
				]
			},
			{
				"name": "bone221",
				"parent": "bone214",
				"pivot": [-1.45536, 20.7642, 28.47372],
				"rotation": [45, 0, 0],
				"cubes": [
					{"origin": [-2.45536, 21.7642, 23.97372], "size": [4, 6, 3], "uv": [80, 67], "inflate": -0.2},
					{"origin": [-2.20536, 16.7642, 24.47372], "size": [3, 8, 3], "uv": [84, 0], "inflate": -0.4}
				]
			},
			{
				"name": "bone222",
				"parent": "bone214",
				"pivot": [-1.95536, 24.7642, 27.47372],
				"rotation": [62.5, 0, 0],
				"cubes": [
					{"origin": [-2.45536, 22.7642, 25.97372], "size": [4, 5, 3], "uv": [96, 0], "inflate": -0.2},
					{"origin": [-2.20536, 14.7642, 26.47372], "size": [3, 13, 3], "uv": [60, 7], "inflate": -0.4}
				]
			},
			{
				"name": "bone223",
				"parent": "bone214",
				"pivot": [-1.95536, 27.2642, 27.47372],
				"rotation": [75, 0, 0],
				"cubes": [
					{"origin": [-1.95536, 24.9142, 25.97372], "size": [3.25, 4, 2], "uv": [110, 41], "inflate": -0.2},
					{"origin": [-1.70536, 15.9142, 25.97372], "size": [2, 10, 2], "uv": [0, 99], "inflate": -0.4}
				]
			}
		]
	}
}