{
	"format_version": "1.10.0",
	"geometry.model": {
		"texturewidth": 32,
		"textureheight": 32,
		"visible_bounds_width": 4,
		"visible_bounds_height": 4,
		"visible_bounds_offset": [0, 1, 0],
		"bones": [
			{
				"name": "bone",
				"pivot": [0, 0, 0]
			},
			{
				"name": "bone2",
				"parent": "bone",
				"pivot": [0, 0, 0]
			},
			{
				"name": "bone3",
				"parent": "bone2",
				"pivot": [0, 0, 0],
				"cubes": [
					{"origin": [-0.5, 0, -12.53633], "size": [1, 21, 12], "uv": [0, 0], "inflate": 2.5}
				]
			},
			{
				"name": "bone4",
				"parent": "bone2",
				"pivot": [0, 0, 0],
				"rotation": [0, -22.5, 0],
				"cubes": [
					{"origin": [-0.5, 0, -12.53633], "size": [1, 21, 12], "uv": [0, 0], "inflate": 2.5}
				]
			},
			{
				"name": "bone5",
				"parent": "bone2",
				"pivot": [0, 0, 0],
				"rotation": [0, -45, 0],
				"cubes": [
					{"origin": [-0.5, 0, -12.53633], "size": [1, 21, 12], "uv": [0, 0], "inflate": 2.5}
				]
			},
			{
				"name": "bone6",
				"parent": "bone2",
				"pivot": [0, 0, 0],
				"rotation": [0, -67.5, 0],
				"cubes": [
					{"origin": [-0.5, 0, -12.53633], "size": [1, 21, 12], "uv": [0, 0], "inflate": 2.5}
				]
			},
			{
				"name": "bone7",
				"parent": "bone2",
				"pivot": [0, 0, 0],
				"rotation": [0, -90, 0],
				"cubes": [
					{"origin": [-0.5, 0, -12.53633], "size": [1, 21, 12], "uv": [0, 0], "inflate": 2.5}
				]
			},
			{
				"name": "bone8",
				"parent": "bone2",
				"pivot": [0, 0, 0],
				"rotation": [0, -112.5, 0],
				"cubes": [
					{"origin": [-0.5, 0, -12.53633], "size": [1, 21, 12], "uv": [0, 0], "inflate": 2.5}
				]
			},
			{
				"name": "bone9",
				"parent": "bone2",
				"pivot": [0, 0, 0],
				"rotation": [0, -135, 0],
				"cubes": [
					{"origin": [-0.5, 0, -12.53633], "size": [1, 21, 12], "uv": [0, 0], "inflate": 2.5}
				]
			},
			{
				"name": "bone10",
				"parent": "bone2",
				"pivot": [0, 0, 0],
				"rotation": [0, -157.5, 0],
				"cubes": [
					{"origin": [-0.5, 0, -12.53633], "size": [1, 21, 12], "uv": [0, 0], "inflate": 2.5}
				]
			},
			{
				"name": "bone11",
				"parent": "bone2",
				"pivot": [0, 0, 0],
				"rotation": [0, -180, 0],
				"cubes": [
					{"origin": [-0.5, 0, -12.53633], "size": [1, 21, 12], "uv": [0, 0], "inflate": 2.5}
				]
			},
			{
				"name": "bone12",
				"parent": "bone2",
				"pivot": [0, 0, 0],
				"rotation": [0, -202.5, 0],
				"cubes": [
					{"origin": [-0.5, 0, -12.53633], "size": [1, 21, 12], "uv": [0, 0], "inflate": 2.5}
				]
			},
			{
				"name": "bone13",
				"parent": "bone2",
				"pivot": [0, 0, 0],
				"rotation": [0, -225, 0],
				"cubes": [
					{"origin": [-0.5, 0, -12.53633], "size": [1, 21, 12], "uv": [0, 0], "inflate": 2.5}
				]
			},
			{
				"name": "bone14",
				"parent": "bone2",
				"pivot": [0, 0, 0],
				"rotation": [0, -247.5, 0],
				"cubes": [
					{"origin": [-0.5, 0, -12.53633], "size": [1, 21, 12], "uv": [0, 0], "inflate": 2.5}
				]
			},
			{
				"name": "bone15",
				"parent": "bone2",
				"pivot": [0, 0, 0],
				"rotation": [0, -270, 0],
				"cubes": [
					{"origin": [-0.5, 0, -12.53633], "size": [1, 21, 12], "uv": [0, 0], "inflate": 2.5}
				]
			},
			{
				"name": "bone16",
				"parent": "bone2",
				"pivot": [0, 0, 0],
				"rotation": [0, -292.5, 0],
				"cubes": [
					{"origin": [-0.5, 0, -12.53633], "size": [1, 21, 12], "uv": [0, 0], "inflate": 2.5}
				]
			},
			{
				"name": "bone17",
				"parent": "bone2",
				"pivot": [0, 0, 0],
				"rotation": [0, -315, 0],
				"cubes": [
					{"origin": [-0.5, 0, -12.53633], "size": [1, 21, 12], "uv": [0, 0], "inflate": 2.5}
				]
			},
			{
				"name": "bone18",
				"parent": "bone2",
				"pivot": [0, 0, 0],
				"rotation": [0, -337.5, 0],
				"cubes": [
					{"origin": [-0.5, 0, -12.53633], "size": [1, 21, 12], "uv": [0, 0], "inflate": 2.5}
				]
			},
			{
				"name": "bone19",
				"parent": "bone",
				"pivot": [0, 7, 0]
			},
			{
				"name": "bone20",
				"parent": "bone19",
				"pivot": [0, 7, 0],
				"cubes": [
					{"origin": [-1.85, 23.75, -15.48633], "size": [3.75, 4, 2], "uv": [22, 0], "inflate": 1.5}
				]
			},
			{
				"name": "bone21",
				"parent": "bone19",
				"pivot": [0, 7, 0],
				"rotation": [0, -22.5, 0],
				"cubes": [
					{"origin": [-1.85, 23.75, -15.48633], "size": [3.75, 4, 2], "uv": [22, 0], "inflate": 1.5}
				]
			},
			{
				"name": "bone22",
				"parent": "bone19",
				"pivot": [0, 7, 0],
				"rotation": [0, -45, 0],
				"cubes": [
					{"origin": [-1.85, 23.75, -15.48633], "size": [3.75, 4, 2], "uv": [22, 0], "inflate": 1.5}
				]
			},
			{
				"name": "bone23",
				"parent": "bone19",
				"pivot": [0, 7, 0],
				"rotation": [0, -67.5, 0],
				"cubes": [
					{"origin": [-1.85, 23.75, -15.48633], "size": [3.75, 4, 2], "uv": [22, 0], "inflate": 1.5}
				]
			},
			{
				"name": "bone24",
				"parent": "bone19",
				"pivot": [0, 7, 0],
				"rotation": [0, -90, 0],
				"cubes": [
					{"origin": [-1.85, 23.75, -15.48633], "size": [3.75, 4, 2], "uv": [22, 0], "inflate": 1.5}
				]
			},
			{
				"name": "bone25",
				"parent": "bone19",
				"pivot": [0, 7, 0],
				"rotation": [0, -112.5, 0],
				"cubes": [
					{"origin": [-1.85, 23.75, -15.48633], "size": [3.75, 4, 2], "uv": [22, 0], "inflate": 1.5}
				]
			},
			{
				"name": "bone26",
				"parent": "bone19",
				"pivot": [0, 7, 0],
				"rotation": [0, -135, 0],
				"cubes": [
					{"origin": [-1.85, 23.75, -15.48633], "size": [3.75, 4, 2], "uv": [22, 0], "inflate": 1.5}
				]
			},
			{
				"name": "bone27",
				"parent": "bone19",
				"pivot": [0, 7, 0],
				"rotation": [0, -157.5, 0],
				"cubes": [
					{"origin": [-1.85, 23.75, -15.48633], "size": [3.75, 4, 2], "uv": [22, 0], "inflate": 1.5}
				]
			},
			{
				"name": "bone28",
				"parent": "bone19",
				"pivot": [0, 7, 0],
				"rotation": [0, -180, 0],
				"cubes": [
					{"origin": [-1.85, 23.75, -15.48633], "size": [3.75, 4, 2], "uv": [22, 0], "inflate": 1.5}
				]
			},
			{
				"name": "bone29",
				"parent": "bone19",
				"pivot": [0, 7, 0],
				"rotation": [0, -202.5, 0],
				"cubes": [
					{"origin": [-1.85, 23.75, -15.48633], "size": [3.75, 4, 2], "uv": [22, 0], "inflate": 1.5}
				]
			},
			{
				"name": "bone30",
				"parent": "bone19",
				"pivot": [0, 7, 0],
				"rotation": [0, -225, 0],
				"cubes": [
					{"origin": [-1.85, 23.75, -15.48633], "size": [3.75, 4, 2], "uv": [22, 0], "inflate": 1.5}
				]
			},
			{
				"name": "bone31",
				"parent": "bone19",
				"pivot": [0, 7, 0],
				"rotation": [0, -247.5, 0],
				"cubes": [
					{"origin": [-1.85, 23.75, -15.48633], "size": [3.75, 4, 2], "uv": [22, 0], "inflate": 1.5}
				]
			},
			{
				"name": "bone32",
				"parent": "bone19",
				"pivot": [0, 7, 0],
				"rotation": [0, -270, 0],
				"cubes": [
					{"origin": [-1.85, 23.75, -15.48633], "size": [3.75, 4, 2], "uv": [22, 0], "inflate": 1.5}
				]
			},
			{
				"name": "bone33",
				"parent": "bone19",
				"pivot": [0, 7, 0],
				"rotation": [0, -292.5, 0],
				"cubes": [
					{"origin": [-1.85, 23.75, -15.48633], "size": [3.75, 4, 2], "uv": [22, 0], "inflate": 1.5}
				]
			},
			{
				"name": "bone34",
				"parent": "bone19",
				"pivot": [0, 7, 0],
				"rotation": [0, -315, 0],
				"cubes": [
					{"origin": [-1.85, 23.75, -15.48633], "size": [3.75, 4, 2], "uv": [22, 0], "inflate": 1.5}
				]
			},
			{
				"name": "bone35",
				"parent": "bone19",
				"pivot": [0, 7, 0],
				"rotation": [0, -337.5, 0],
				"cubes": [
					{"origin": [-1.85, 23.75, -15.48633], "size": [3.75, 4, 2], "uv": [22, 0], "inflate": 1.5}
				]
			}
		]
	}
}