{
	"format_version": "1.10.0",
	"geometry.model": {
		"texturewidth": 128,
		"textureheight": 128,
		"visible_bounds_width": 4,
		"visible_bounds_height": 5,
		"visible_bounds_offset": [0, 0, 0],
		"bones": [
			{
				"name": "head",
				"pivot": [0, 5.375, -0.75]
			},
			{
				"name": "bone13",
				"parent": "head",
				"pivot": [0, 5.375, -0.75],
				"rotation": [-7.5, 0, 0],
				"cubes": [
					{"origin": [-7, 8, -10], "size": [14, 27, 14], "uv": [0, 0]}
				]
			},
			{
				"name": "bone12",
				"parent": "bone13",
				"pivot": [0, 5.375, -0.75],
				"cubes": [
					{"origin": [-8, 17.375, -5.75], "size": [1, 12, 4], "uv": [68, 83]},
					{"origin": [7, 17.375, -5.75], "size": [1, 12, 4], "uv": [18, 79]}
				]
			},
			{
				"name": "bone11",
				"parent": "bone13",
				"pivot": [0, 13.25, -9.5],
				"rotation": [7.5, 0, 0],
				"cubes": [
					{"origin": [-7, 7.175, -10.725], "size": [14, 2, 8], "uv": [56, 20]}
				]
			},
			{
				"name": "bone9",
				"parent": "bone13",
				"pivot": [0, 21, -10.5],
				"rotation": [-17.5, 0, 0],
				"cubes": [
					{"origin": [-2, 18.525, -12], "size": [4, 2, 4], "uv": [85, 65], "inflate": 0.5}
				]
			},
			{
				"name": "bone8",
				"parent": "bone13",
				"pivot": [0, 21, -10.5],
				"rotation": [-17.5, 0, 0],
				"cubes": [
					{"origin": [-2, 18, -14], "size": [4, 12, 5], "uv": [0, 79]}
				]
			},
			{
				"name": "bone7",
				"parent": "bone13",
				"pivot": [0, 20, -3],
				"cubes": [
					{"origin": [-7, 30, -12], "size": [14, 4, 16], "uv": [56, 0], "inflate": 0.6}
				]
			},
			{
				"name": "bone10",
				"parent": "bone13",
				"pivot": [0, 13.25, -9.5],
				"rotation": [10, 0, 0],
				"cubes": [
					{"origin": [-7, 7.25, -11], "size": [14, 9, 3], "uv": [0, 67]}
				]
			},
			{
				"name": "helmet",
				"parent": "head",
				"pivot": [0, 5.375, -0.75]
			},
			{
				"name": "bone14",
				"parent": "helmet",
				"pivot": [0, 40.25, -0.75],
				"rotation": [-7.5, 0, 0],
				"cubes": [
					{"origin": [-6, 34.5, -6], "size": [12, 7, 12], "uv": [39, 109], "inflate": -0.3},
					{"origin": [-5, 34.5, -7], "size": [10, 10, 7], "uv": [94, 111], "inflate": -0.3}
				]
			},
			{
				"name": "body",
				"pivot": [0, 2.571, 0.21429],
				"cubes": [
					{"origin": [-3, 8.999, -6], "size": [6, 5, 8], "uv": [65, 66]},
					{"origin": [-3, 2.999, -6], "size": [6, 6, 5], "uv": [42, 0]},
					{"origin": [-8, -6.001, -8], "size": [16, 9, 16], "uv": [40, 40]},
					{"origin": [-8, 1.999, -2.6], "size": [16, 5, 9], "uv": [0, 41]}
				]
			},
			{
				"name": "bone",
				"parent": "body",
				"pivot": [0, 5.999, -1.5],
				"rotation": [-20, 0, 0],
				"cubes": [
					{"origin": [-3, 0.874, -6.55], "size": [6, 6, 2], "uv": [78, 83]}
				]
			},
			{
				"name": "bone2",
				"parent": "body",
				"pivot": [0, 0, 0],
				"rotation": [20, 0, 0],
				"cubes": [
					{"origin": [-8, -0.001, 5.5], "size": [16, 7, 3], "uv": [56, 30]}
				]
			},
			{
				"name": "bone3",
				"parent": "body",
				"pivot": [0, 4.499, 7],
				"rotation": [135, 0, 0],
				"cubes": [
					{"origin": [-8, 6.399, 12.6], "size": [16, 9, 3], "uv": [0, 55]}
				]
			},
			{
				"name": "bone4",
				"parent": "body",
				"pivot": [0, 10.499, 14.725],
				"rotation": [92.5, 0, 0],
				"cubes": [
					{"origin": [-8, 19.699, 11.125], "size": [16, 6, 3], "uv": [35, 65]}
				]
			},
			{
				"name": "bone5",
				"parent": "body",
				"pivot": [10.5, -0.429, -0.2143],
				"rotation": [0, 0, -7.5],
				"cubes": [
					{"origin": [7.05, -6.029, -3.2143], "size": [4, 12, 6], "uv": [48, 77]}
				]
			},
			{
				"name": "bone6",
				"parent": "body",
				"pivot": [-10.5, -0.429, -0.2143],
				"rotation": [0, 0, 7.5],
				"cubes": [
					{"origin": [-11.05, -6.029, -3.2143], "size": [4, 12, 6], "uv": [28, 74]}
				]
			}
		]
	}
}