{
	"format_version": "1.10.0",
	"geometry.model": {
		"texturewidth": 128,
		"textureheight": 128,
		"visible_bounds_width": 4,
		"visible_bounds_height": 2,
		"visible_bounds_offset": [0, 0, 0],
		"bones": [
			{
				"name": "head",
				"pivot": [0, 17.95, 0],
				"cubes": [
					{"origin": [-4, 17.95, -4], "size": [8, 8, 8], "uv": [0, 0], "inflate": -0.1},
					{"origin": [-4, 24.775, -4], "size": [8, 1, 8], "uv": [24, 8], "inflate": 0.15},
					{"origin": [-4, 25.3, -4], "size": [8, 1, 8], "uv": [20, 21], "inflate": -0.1},
					{"origin": [-3, 25.75, -4], "size": [6, 1, 7], "uv": [24, 0], "inflate": -0.2}
				]
			},
			{
				"name": "blink",
				"parent": "head",
				"pivot": [0, 17.95, 0],
				"cubes": [
					{"origin": [-4, 17.95, -4.026], "size": [8, 8, 1], "uv": [51, 102], "inflate": -0.1}
				]
			},
			{
				"name": "bone130",
				"parent": "head",
				"pivot": [0, 17.95, 0]
			},
			{
				"name": "bone122",
				"parent": "bone130",
				"pivot": [0, 23, -5.15],
				"rotation": [-1.96654, -0.3644, -10.49375]
			},
			{
				"name": "bone123",
				"parent": "bone122",
				"pivot": [0, 24.45, -5.125],
				"rotation": [-17.5, 0, 0],
				"cubes": [
					{"origin": [-1, 22.95, -5.625], "size": [2, 3, 1], "uv": [74, 91], "inflate": -0.2}
				]
			},
			{
				"name": "bone127",
				"parent": "bone122",
				"pivot": [0.05, 22.3, -5.575],
				"rotation": [-6.5, -5.75, -15.25],
				"cubes": [
					{"origin": [-0.7, 20.8, -6.075], "size": [1.5, 3, 1], "uv": [42, 55], "inflate": -0.2}
				]
			},
			{
				"name": "bone128",
				"parent": "bone122",
				"pivot": [0.5, 24.45, -5.125],
				"rotation": [-16.75, -5, -15],
				"cubes": [
					{"origin": [-0.5, 22.95, -5.625], "size": [2, 3, 1], "uv": [45, 30], "inflate": -0.2}
				]
			},
			{
				"name": "bone129",
				"parent": "bone122",
				"pivot": [0.41717, 22.58156, -5.50002],
				"rotation": [-7.5, 0, 13],
				"cubes": [
					{"origin": [-0.18283, 21.08156, -6.00002], "size": [1.6, 3, 1], "uv": [36, 55], "inflate": -0.2}
				]
			},
			{
				"name": "bone131",
				"parent": "bone130",
				"pivot": [0, 0, 0]
			},
			{
				"name": "bone132",
				"parent": "bone131",
				"pivot": [4, 24.05, -4.225],
				"rotation": [-10, -35, -7.5],
				"cubes": [
					{"origin": [3, 21.05, -4.725], "size": [2, 5, 1], "uv": [52, 36], "inflate": -0.2}
				]
			},
			{
				"name": "bone133",
				"parent": "bone131",
				"pivot": [4.8, 23.45, -1.625],
				"rotation": [-6, 4, -19.5],
				"cubes": [
					{"origin": [4.53509, 20.86872, -3.84993], "size": [1, 5, 4.5], "uv": [64, 80], "inflate": -0.2}
				]
			},
			{
				"name": "bone134",
				"parent": "bone131",
				"pivot": [4.8, 23.45, 2.375],
				"rotation": [6, -4, -19.5],
				"cubes": [
					{"origin": [4.53509, 20.86872, -0.65007], "size": [1, 5, 4.5], "uv": [30, 79], "inflate": -0.2}
				]
			},
			{
				"name": "bone135",
				"parent": "bone131",
				"pivot": [3.76712, 20.22571, -5.14867],
				"rotation": [-7.5, -30, 22.5],
				"cubes": [
					{"origin": [3.24715, 18.38261, -5.48301], "size": [3, 4, 1], "uv": [92, 47], "inflate": -0.3}
				]
			},
			{
				"name": "bone136",
				"parent": "bone131",
				"pivot": [5.125, 20.45, -1.825],
				"rotation": [1.5, 12, 18],
				"cubes": [
					{"origin": [4.86009, 16.86872, -4.04993], "size": [1, 5, 4.5], "uv": [20, 78], "inflate": -0.2}
				]
			},
			{
				"name": "bone137",
				"parent": "bone131",
				"pivot": [5.125, 20.45, 1.825],
				"rotation": [-1.5, -12, 18],
				"cubes": [
					{"origin": [4.86009, 16.86872, -0.45007], "size": [1, 5, 4.5], "uv": [10, 78], "inflate": -0.2}
				]
			},
			{
				"name": "bone138",
				"parent": "bone131",
				"pivot": [4.6, 23, -3.5],
				"rotation": [12.5, 15, 167.5],
				"cubes": [
					{"origin": [4.1, 21, -4], "size": [1, 5, 1], "uv": [11, 98], "inflate": -0.1}
				]
			},
			{
				"name": "bone139",
				"parent": "bone130",
				"pivot": [0, 0, 0]
			},
			{
				"name": "bone140",
				"parent": "bone139",
				"pivot": [-4, 24.05, -4.225],
				"rotation": [-10, 35, 7.5],
				"cubes": [
					{"origin": [-5, 21.05, -4.725], "size": [2, 5, 1], "uv": [45, 17], "inflate": -0.2}
				]
			},
			{
				"name": "bone141",
				"parent": "bone139",
				"pivot": [-4.8, 23.45, -1.625],
				"rotation": [-6, -4, 19.5],
				"cubes": [
					{"origin": [-5.53509, 20.86872, -3.84993], "size": [1, 5, 4.5], "uv": [45, 76], "inflate": -0.2}
				]
			},
			{
				"name": "bone142",
				"parent": "bone139",
				"pivot": [-4.8, 23.45, 2.375],
				"rotation": [6, 4, 19.5],
				"cubes": [
					{"origin": [-5.53509, 20.86872, -0.65007], "size": [1, 5, 4.5], "uv": [0, 76], "inflate": -0.2}
				]
			},
			{
				"name": "bone143",
				"parent": "bone139",
				"pivot": [-3.76712, 20.22571, -5.14867],
				"rotation": [-7.5, 30, -22.5],
				"cubes": [
					{"origin": [-6.24715, 18.38261, -5.48301], "size": [3, 4, 1], "uv": [18, 71], "inflate": -0.3}
				]
			},
			{
				"name": "bone144",
				"parent": "bone139",
				"pivot": [-5.125, 20.45, -1.825],
				"rotation": [1.5, -12, -18],
				"cubes": [
					{"origin": [-5.86009, 16.86872, -4.04993], "size": [1, 5, 4.5], "uv": [75, 50], "inflate": -0.2}
				]
			},
			{
				"name": "bone145",
				"parent": "bone139",
				"pivot": [-5.125, 20.45, 1.825],
				"rotation": [-1.5, 12, -18],
				"cubes": [
					{"origin": [-5.86009, 16.86872, -0.45007], "size": [1, 5, 4.5], "uv": [75, 75], "inflate": -0.2}
				]
			},
			{
				"name": "bone146",
				"parent": "bone139",
				"pivot": [-4.6, 23, -3.5],
				"rotation": [12.5, -15, -167.5],
				"cubes": [
					{"origin": [-5.1, 21, -4], "size": [1, 5, 1], "uv": [7, 98], "inflate": -0.1}
				]
			},
			{
				"name": "bone147",
				"parent": "bone130",
				"pivot": [0, 17.95, 0]
			},
			{
				"name": "bone148",
				"parent": "bone147",
				"pivot": [2.675, 22.95, 4.475],
				"rotation": [10, 10, 0],
				"cubes": [
					{"origin": [-0.325, 19.95, 3.975], "size": [5, 6, 1], "uv": [76, 61], "inflate": -0.2}
				]
			},
			{
				"name": "bone149",
				"parent": "bone147",
				"pivot": [2.675, 18.675, 4.425],
				"rotation": [-17.5, 10, 0],
				"cubes": [
					{"origin": [-0.325, 16.675, 3.925], "size": [5, 4, 1], "uv": [8, 87], "inflate": -0.2}
				]
			},
			{
				"name": "bone150",
				"parent": "bone130",
				"pivot": [0, 17.95, 0]
			},
			{
				"name": "bone151",
				"parent": "bone150",
				"pivot": [-2.675, 22.95, 4.475],
				"rotation": [10, -10, 0],
				"cubes": [
					{"origin": [-4.675, 19.95, 3.975], "size": [5, 6, 1], "uv": [75, 21], "inflate": -0.2}
				]
			},
			{
				"name": "bone152",
				"parent": "bone150",
				"pivot": [-2.675, 18.675, 4.425],
				"rotation": [-17.5, -10, 0],
				"cubes": [
					{"origin": [-4.675, 16.675, 3.925], "size": [5, 4, 1], "uv": [86, 35], "inflate": -0.2}
				]
			},
			{
				"name": "bone153",
				"parent": "bone130",
				"pivot": [0, 0, 0]
			},
			{
				"name": "bone154",
				"parent": "bone153",
				"pivot": [1.975, 24.6, -4.775],
				"rotation": [-17.5, -7.5, 0],
				"cubes": [
					{"origin": [0.475, 23.1, -5.275], "size": [3, 3, 1], "uv": [96, 62], "inflate": -0.2}
				]
			},
			{
				"name": "bone155",
				"parent": "bone153",
				"pivot": [2.19447, 22.44443, -5.14415],
				"rotation": [-1.5, -9, -7.5],
				"cubes": [
					{"origin": [1.19447, 21.69443, -5.64415], "size": [2.5, 2, 1], "uv": [98, 41], "inflate": -0.2}
				]
			},
			{
				"name": "bone156",
				"parent": "bone130",
				"pivot": [0, 0, 0]
			},
			{
				"name": "bone157",
				"parent": "bone156",
				"pivot": [-1.975, 24.6, -4.775],
				"rotation": [-17.5, 7.5, 0],
				"cubes": [
					{"origin": [-3.475, 23.1, -5.275], "size": [3, 3, 1], "uv": [96, 9], "inflate": -0.2}
				]
			},
			{
				"name": "bone158",
				"parent": "bone156",
				"pivot": [-2.19447, 22.44443, -5.14415],
				"rotation": [-1.5, 9, 7.5],
				"cubes": [
					{"origin": [-3.69447, 21.69443, -5.64415], "size": [3, 2, 1], "uv": [36, 79], "inflate": -0.2}
				]
			},
			{
				"name": "bone159",
				"parent": "head",
				"pivot": [3.525, 26.375, -3.2],
				"rotation": [16.93839, -4.46375, 22.08501]
			},
			{
				"name": "bone160",
				"parent": "bone159",
				"pivot": [4.025, 27.825, -3.7],
				"rotation": [-10, 0, -15],
				"cubes": [
					{"origin": [3.525, 25.325, -4.2], "size": [1, 5, 1], "uv": [97, 88], "inflate": -0.2}
				]
			},
			{
				"name": "bone161",
				"parent": "bone159",
				"pivot": [2.85, 27.825, -3.7],
				"rotation": [-10, 0, 15],
				"cubes": [
					{"origin": [2.35, 25.325, -4.2], "size": [1, 5, 1], "uv": [97, 66], "inflate": -0.2}
				]
			},
			{
				"name": "bone162",
				"parent": "bone159",
				"pivot": [3.8, 27.825, -2.2],
				"rotation": [38.25, -38, -28.75],
				"cubes": [
					{"origin": [3.35, 23.725, -2.275], "size": [1, 7, 1], "uv": [30, 96], "inflate": -0.3}
				]
			},
			{
				"name": "bone163",
				"parent": "bone162",
				"pivot": [3.92849, 27.27618, -2.01473],
				"rotation": [0, 26.75, 0],
				"cubes": [
					{"origin": [3.42849, 23.77618, -5.51473], "size": [1, 4, 4], "uv": [81, 12], "inflate": -0.4}
				]
			},
			{
				"name": "bone164",
				"parent": "bone162",
				"pivot": [3.92849, 27.27618, -2.01473],
				"rotation": [0, 26.75, 0],
				"cubes": [
					{"origin": [3.42849, 26.97618, -4.51473], "size": [1, 1.25, 3], "uv": [95, 78], "inflate": -0.4}
				]
			},
			{
				"name": "bone165",
				"parent": "bone162",
				"pivot": [3.92849, 27.27618, -2.01473],
				"rotation": [0, 26.75, 0],
				"cubes": [
					{"origin": [3.42849, 27.42618, -4.26473], "size": [1, 1.25, 2.75], "uv": [98, 28], "inflate": -0.4}
				]
			},
			{
				"name": "bone166",
				"parent": "bone162",
				"pivot": [3.92849, 27.27618, -2.01473],
				"rotation": [0, 26.75, 0],
				"cubes": [
					{"origin": [3.42849, 27.87618, -3.86473], "size": [1, 1.25, 2.35], "uv": [98, 0], "inflate": -0.4}
				]
			},
			{
				"name": "bone167",
				"parent": "bone162",
				"pivot": [3.92849, 27.27618, -2.01473],
				"rotation": [0, 26.75, 0],
				"cubes": [
					{"origin": [3.42849, 28.32618, -3.46473], "size": [1, 1.25, 1.95], "uv": [56, 59], "inflate": -0.4}
				]
			},
			{
				"name": "bone168",
				"parent": "bone162",
				"pivot": [3.43234, 29.52677, -2.0962],
				"rotation": [-8.25, 114.75, -8.25],
				"cubes": [
					{"origin": [2.83234, 29.02677, -2.1212], "size": [0.8, 1.075, 0.6], "uv": [58, 54], "inflate": -0.1},
					{"origin": [3.35734, 29.02677, -2.1212], "size": [0.6, 0.625, 0.6], "uv": [57, 55], "inflate": -0.1}
				]
			},
			{
				"name": "bone169",
				"parent": "bone159",
				"pivot": [3.25, 27.825, -2.25],
				"rotation": [42.97492, 44.02855, 30.60875]
			},
			{
				"name": "bone170",
				"parent": "bone169",
				"pivot": [3.12151, 27.27618, -2.06473],
				"rotation": [0, -26.75, 0],
				"cubes": [
					{"origin": [2.62151, 23.77618, -5.56473], "size": [1, 4, 4], "uv": [81, 81], "inflate": -0.4}
				]
			},
			{
				"name": "bone171",
				"parent": "bone169",
				"pivot": [3.12151, 27.27618, -2.06473],
				"rotation": [0, -26.75, 0],
				"cubes": [
					{"origin": [2.62151, 26.97618, -4.56473], "size": [1, 1.25, 3], "uv": [95, 5], "inflate": -0.4}
				]
			},
			{
				"name": "bone172",
				"parent": "bone169",
				"pivot": [3.12151, 27.27618, -2.06473],
				"rotation": [0, -26.75, 0],
				"cubes": [
					{"origin": [2.62151, 27.42618, -4.31473], "size": [1, 1.25, 2.75], "uv": [34, 98], "inflate": -0.4}
				]
			},
			{
				"name": "bone173",
				"parent": "bone169",
				"pivot": [3.12151, 27.27618, -2.06473],
				"rotation": [0, -26.75, 0],
				"cubes": [
					{"origin": [2.62151, 27.87618, -3.91473], "size": [1, 1.25, 2.35], "uv": [97, 38], "inflate": -0.4}
				]
			},
			{
				"name": "bone174",
				"parent": "bone169",
				"pivot": [3.12151, 27.27618, -2.06473],
				"rotation": [0, -26.75, 0],
				"cubes": [
					{"origin": [2.62151, 28.32618, -3.51473], "size": [1, 1.25, 1.95], "uv": [57, 0], "inflate": -0.4}
				]
			},
			{
				"name": "bone175",
				"parent": "bone169",
				"pivot": [3.61766, 29.52677, -2.1462],
				"rotation": [-8.25, -114.75, 8.25],
				"cubes": [
					{"origin": [3.41766, 29.02677, -2.1712], "size": [0.8, 1.075, 0.6], "uv": [57, 53], "inflate": -0.1},
					{"origin": [3.09266, 29.02677, -2.1712], "size": [0.6, 0.625, 0.6], "uv": [58, 54], "inflate": -0.1}
				]
			},
			{
				"name": "bone176",
				"parent": "bone159",
				"pivot": [3.45, 26.3, -3.7],
				"rotation": [-5, -132.5, 2.5],
				"cubes": [
					{"origin": [2.95, 25.8, -4.2], "size": [1, 1, 1], "uv": [56, 57], "inflate": 0.1}
				]
			},
			{
				"name": "bone177",
				"parent": "bone159",
				"pivot": [3.375, 26.3, -3.7],
				"rotation": [2.5, -145, 70],
				"cubes": [
					{"origin": [2.875, 25.8, -4.2], "size": [1, 1, 1], "uv": [53, 0], "inflate": 0.1}
				]
			},
			{
				"name": "bone178",
				"parent": "head",
				"pivot": [-3.525, 26.375, -3.2],
				"rotation": [16.93839, 4.46375, -22.08501]
			},
			{
				"name": "bone179",
				"parent": "bone178",
				"pivot": [-4.025, 27.825, -3.7],
				"rotation": [-10, 0, 15],
				"cubes": [
					{"origin": [-4.525, 25.325, -4.2], "size": [1, 5, 1], "uv": [88, 97], "inflate": -0.2}
				]
			},
			{
				"name": "bone180",
				"parent": "bone178",
				"pivot": [-2.85, 27.825, -3.7],
				"rotation": [-10, 0, -15],
				"cubes": [
					{"origin": [-3.35, 25.325, -4.2], "size": [1, 5, 1], "uv": [84, 97], "inflate": -0.2}
				]
			},
			{
				"name": "bone181",
				"parent": "bone178",
				"pivot": [-3.8, 27.825, -2.2],
				"rotation": [38.25, 38, 28.75],
				"cubes": [
					{"origin": [-4.35, 23.725, -2.275], "size": [1, 7, 1], "uv": [46, 43], "inflate": -0.3}
				]
			},
			{
				"name": "bone182",
				"parent": "bone181",
				"pivot": [-3.92849, 27.27618, -2.01473],
				"rotation": [0, -26.75, 0],
				"cubes": [
					{"origin": [-4.42849, 23.77618, -5.51473], "size": [1, 4, 4], "uv": [51, 81], "inflate": -0.4}
				]
			},
			{
				"name": "bone183",
				"parent": "bone181",
				"pivot": [-3.92849, 27.27618, -2.01473],
				"rotation": [0, -26.75, 0],
				"cubes": [
					{"origin": [-4.42849, 26.97618, -4.51473], "size": [1, 1.25, 3], "uv": [41, 95], "inflate": -0.4}
				]
			},
			{
				"name": "bone184",
				"parent": "bone181",
				"pivot": [-3.92849, 27.27618, -2.01473],
				"rotation": [0, -26.75, 0],
				"cubes": [
					{"origin": [-4.42849, 27.42618, -4.26473], "size": [1, 1.25, 2.75], "uv": [97, 33], "inflate": -0.4}
				]
			},
			{
				"name": "bone185",
				"parent": "bone181",
				"pivot": [-3.92849, 27.27618, -2.01473],
				"rotation": [0, -26.75, 0],
				"cubes": [
					{"origin": [-4.42849, 27.87618, -3.86473], "size": [1, 1.25, 2.35], "uv": [96, 13], "inflate": -0.4}
				]
			},
			{
				"name": "bone186",
				"parent": "bone181",
				"pivot": [-3.92849, 27.27618, -2.01473],
				"rotation": [0, -26.75, 0],
				"cubes": [
					{"origin": [-4.42849, 28.32618, -3.46473], "size": [1, 1.25, 1.95], "uv": [46, 51], "inflate": -0.4}
				]
			},
			{
				"name": "bone187",
				"parent": "bone181",
				"pivot": [-3.43234, 29.52677, -2.0962],
				"rotation": [-8.25, -114.75, 8.25],
				"cubes": [
					{"origin": [-3.63234, 29.02677, -2.1212], "size": [0.8, 1.075, 0.6], "uv": [59, 54], "inflate": -0.1},
					{"origin": [-3.95734, 29.02677, -2.1212], "size": [0.6, 0.625, 0.6], "uv": [57, 54], "inflate": -0.1}
				]
			},
			{
				"name": "bone188",
				"parent": "bone178",
				"pivot": [-3.25, 27.825, -2.25],
				"rotation": [42.97492, -44.02855, -30.60875]
			},
			{
				"name": "bone189",
				"parent": "bone188",
				"pivot": [-3.12151, 27.27618, -2.06473],
				"rotation": [0, 26.75, 0],
				"cubes": [
					{"origin": [-3.62151, 23.77618, -5.56473], "size": [1, 4, 4], "uv": [80, 37], "inflate": -0.4}
				]
			},
			{
				"name": "bone190",
				"parent": "bone188",
				"pivot": [-3.12151, 27.27618, -2.06473],
				"rotation": [0, 26.75, 0],
				"cubes": [
					{"origin": [-3.62151, 26.97618, -4.56473], "size": [1, 1.25, 3], "uv": [0, 95], "inflate": -0.4}
				]
			},
			{
				"name": "bone191",
				"parent": "bone188",
				"pivot": [-3.12151, 27.27618, -2.06473],
				"rotation": [0, 26.75, 0],
				"cubes": [
					{"origin": [-3.62151, 27.42618, -4.31473], "size": [1, 1.25, 2.75], "uv": [57, 12], "inflate": -0.4}
				]
			},
			{
				"name": "bone192",
				"parent": "bone188",
				"pivot": [-3.12151, 27.27618, -2.06473],
				"rotation": [0, 26.75, 0],
				"cubes": [
					{"origin": [-3.62151, 27.87618, -3.91473], "size": [1, 1.25, 2.35], "uv": [30, 17], "inflate": -0.4}
				]
			},
			{
				"name": "bone193",
				"parent": "bone188",
				"pivot": [-3.12151, 27.27618, -2.06473],
				"rotation": [0, 26.75, 0],
				"cubes": [
					{"origin": [-3.62151, 28.32618, -3.51473], "size": [1, 1.25, 1.95], "uv": [50, 6], "inflate": -0.4}
				]
			},
			{
				"name": "bone194",
				"parent": "bone188",
				"pivot": [-3.61766, 29.52677, -2.1462],
				"rotation": [-8.25, 114.75, -8.25],
				"cubes": [
					{"origin": [-4.21766, 29.02677, -2.1712], "size": [0.8, 1.075, 0.6], "uv": [57, 54], "inflate": -0.1},
					{"origin": [-3.69266, 29.02677, -2.1712], "size": [0.6, 0.625, 0.6], "uv": [57, 55], "inflate": -0.1}
				]
			},
			{
				"name": "bone195",
				"parent": "bone178",
				"pivot": [-3.45, 26.3, -3.7],
				"rotation": [-5, 132.5, -2.5],
				"cubes": [
					{"origin": [-3.95, 25.8, -4.2], "size": [1, 1, 1], "uv": [47, 5], "inflate": 0.1}
				]
			},
			{
				"name": "bone196",
				"parent": "bone178",
				"pivot": [-3.375, 26.3, -3.7],
				"rotation": [2.5, 145, -70],
				"cubes": [
					{"origin": [-3.875, 25.8, -4.2], "size": [1, 1, 1], "uv": [43, 5], "inflate": 0.1}
				]
			},
			{
				"name": "bone197",
				"parent": "head",
				"pivot": [0, 17.3, -0.375],
				"rotation": [-5.04292, 7.4713, -0.6574]
			},
			{
				"name": "bone198",
				"parent": "bone197",
				"pivot": [4.65, 25.325, 2.625],
				"rotation": [-35, 22.5, 0],
				"cubes": [
					{"origin": [2.15, 23.325, -0.375], "size": [5, 4, 6], "uv": [52, 36], "inflate": -0.2}
				]
			},
			{
				"name": "bone199",
				"parent": "bone197",
				"pivot": [4.675, 22.3, 3.775],
				"rotation": [-80, 22.5, 22.5],
				"cubes": [
					{"origin": [3.175, 20.3, 0.775], "size": [4, 4, 7], "uv": [46, 46], "inflate": -0.2}
				]
			},
			{
				"name": "bone200",
				"parent": "bone197",
				"pivot": [2.825, 22.375, 4.45],
				"rotation": [-100, 17.5, -7.5],
				"cubes": [
					{"origin": [2.325, 20.375, 1.45], "size": [3, 4, 5], "uv": [64, 23], "inflate": -0.2}
				]
			},
			{
				"name": "bone201",
				"parent": "head",
				"pivot": [0, 17.3, -0.375],
				"rotation": [-5.04292, -7.4713, 0.6574]
			},
			{
				"name": "bone202",
				"parent": "bone201",
				"pivot": [-4.65, 25.325, 2.625],
				"rotation": [-35, -22.5, 0],
				"cubes": [
					{"origin": [-7.15, 23.325, -0.375], "size": [5, 4, 6], "uv": [48, 2], "inflate": -0.2}
				]
			},
			{
				"name": "bone203",
				"parent": "bone201",
				"pivot": [-4.675, 22.3, 3.775],
				"rotation": [-80, -22.5, -22.5],
				"cubes": [
					{"origin": [-7.175, 20.3, 0.775], "size": [4, 4, 7], "uv": [44, 17], "inflate": -0.2}
				]
			},
			{
				"name": "bone204",
				"parent": "bone201",
				"pivot": [-2.825, 22.375, 4.45],
				"rotation": [-100, -17.5, 7.5],
				"cubes": [
					{"origin": [-5.325, 20.375, 1.45], "size": [3, 4, 5], "uv": [30, 62], "inflate": -0.2}
				]
			},
			{
				"name": "bone205",
				"parent": "head",
				"pivot": [0, 17.95, 0]
			},
			{
				"name": "bone206",
				"parent": "bone205",
				"pivot": [5.425, 25.725, -1.375],
				"rotation": [-15, -40, 0],
				"cubes": [
					{"origin": [3.925, 24.225, -2.875], "size": [3, 3, 3], "uv": [78, 29], "inflate": -0.6}
				]
			},
			{
				"name": "bone207",
				"parent": "bone205",
				"pivot": [5.45, 24.05, -1.875],
				"rotation": [0, -22.5, 0],
				"cubes": [
					{"origin": [4.95, 22.55, -2.375], "size": [1, 3, 1], "uv": [49, 0], "inflate": -0.3}
				]
			},
			{
				"name": "bone208",
				"parent": "bone205",
				"pivot": [5.9, 24.05, -1.425],
				"rotation": [0, -42.5, -32.5],
				"cubes": [
					{"origin": [5.4, 22.45, -1.925], "size": [1, 3, 1], "uv": [43, 0], "inflate": -0.3}
				]
			},
			{
				"name": "armRight",
				"pivot": [-2.75, 17.5, 0],
				"rotation": [0, 0, 25]
			},
			{
				"name": "bone108",
				"parent": "armRight",
				"pivot": [-2.75, 17.5, 0],
				"cubes": [
					{"origin": [-4.75, 8.5, -1], "size": [2, 8, 2], "uv": [82, 0]},
					{"origin": [-5.25, 14.5, -1.5], "size": [3, 2, 3], "uv": [71, 86], "inflate": -0.2},
					{"origin": [-5.25, 10.25, -1.5], "size": [3, 1, 3], "uv": [64, 61]}
				]
			},
			{
				"name": "bone109",
				"parent": "bone108",
				"pivot": [-3.75, 13.5, -1],
				"rotation": [-7.5, 0, 0],
				"cubes": [
					{"origin": [-5.25, 10.45, -1.825], "size": [3, 6, 1], "uv": [36, 91], "inflate": -0.2}
				]
			},
			{
				"name": "bone110",
				"parent": "bone108",
				"pivot": [-3.75, 13.5, 1],
				"rotation": [7.5, 0, 0],
				"cubes": [
					{"origin": [-5.25, 10.425, 0.825], "size": [3, 6, 1], "uv": [90, 40], "inflate": -0.2}
				]
			},
			{
				"name": "bone111",
				"parent": "bone108",
				"pivot": [-4.75, 13.5, 0],
				"rotation": [0, 0, 7.5],
				"cubes": [
					{"origin": [-5.575, 10.425, -1.5], "size": [1, 6, 3], "uv": [58, 86], "inflate": -0.2}
				]
			},
			{
				"name": "bone112",
				"parent": "bone108",
				"pivot": [-2.75, 13.5, 0],
				"rotation": [0, 0, -7.5],
				"cubes": [
					{"origin": [-2.925, 10.425, -1.5], "size": [1, 6, 3], "uv": [0, 85], "inflate": -0.2}
				]
			},
			{
				"name": "bone113",
				"parent": "bone108",
				"pivot": [-3.75, 10.75, 0],
				"rotation": [0, -45, 0],
				"cubes": [
					{"origin": [-5.25, 10.05, -1.5], "size": [3, 1, 3], "uv": [48, 12], "inflate": -0.2}
				]
			},
			{
				"name": "bone120",
				"parent": "armRight",
				"pivot": [-4.25, 16.5, 0],
				"rotation": [0, 0, -12.5],
				"cubes": [
					{"origin": [-5.75, 14.5, -2.5], "size": [4, 2, 5], "uv": [61, 46]}
				]
			},
			{
				"name": "armLeft",
				"pivot": [2.75, 17.5, 0],
				"rotation": [0, 0, -25]
			},
			{
				"name": "bone114",
				"parent": "armLeft",
				"pivot": [4.75763, 17.51746, 0],
				"cubes": [
					{"origin": [2.75763, 8.51746, -1], "size": [2, 8, 2], "uv": [81, 68]},
					{"origin": [2.25763, 14.51746, -1.5], "size": [3, 2, 3], "uv": [82, 56], "inflate": -0.2},
					{"origin": [2.25763, 10.26746, -1.5], "size": [3, 1, 3], "uv": [33, 17]}
				]
			},
			{
				"name": "bone115",
				"parent": "bone114",
				"pivot": [3.75763, 13.51746, -1],
				"rotation": [-7.5, 0, 0],
				"cubes": [
					{"origin": [2.25763, 10.46746, -1.825], "size": [3, 6, 1], "uv": [90, 28], "inflate": -0.2}
				]
			},
			{
				"name": "bone116",
				"parent": "bone114",
				"pivot": [3.75763, 13.51746, 1],
				"rotation": [7.5, 0, 0],
				"cubes": [
					{"origin": [2.25763, 10.44246, 0.825], "size": [3, 6, 1], "uv": [89, 69], "inflate": -0.2}
				]
			},
			{
				"name": "bone117",
				"parent": "bone114",
				"pivot": [2.75763, 13.51746, 0],
				"rotation": [0, 0, 7.5],
				"cubes": [
					{"origin": [1.93263, 10.44246, -1.5], "size": [1, 6, 3], "uv": [84, 45], "inflate": -0.2}
				]
			},
			{
				"name": "bone118",
				"parent": "bone114",
				"pivot": [4.75763, 13.51746, 0],
				"rotation": [0, 0, -7.5],
				"cubes": [
					{"origin": [4.58263, 10.44246, -1.5], "size": [1, 6, 3], "uv": [40, 82], "inflate": -0.2}
				]
			},
			{
				"name": "bone119",
				"parent": "bone114",
				"pivot": [3.75763, 10.76746, 0],
				"rotation": [0, -45, 0],
				"cubes": [
					{"origin": [2.25763, 10.06746, -1.5], "size": [3, 1, 3], "uv": [21, 17], "inflate": -0.2}
				]
			},
			{
				"name": "body",
				"pivot": [0, 10.5, 0],
				"cubes": [
					{"origin": [-3, 9.999, -3], "size": [6, 8.25, 6], "uv": [0, 43], "inflate": -0.3},
					{"origin": [-3, 15.499, -3], "size": [6, 1, 6], "uv": [18, 55]},
					{"origin": [-3, 15.999, -3], "size": [6, 2, 6], "uv": [46, 28], "inflate": -0.2}
				]
			},
			{
				"name": "bone99",
				"parent": "body",
				"pivot": [1, 16.399, 0],
				"rotation": [0, 0, -22.5],
				"cubes": [
					{"origin": [-0.5, 14.399, -3], "size": [2, 3.5, 6], "uv": [14, 62], "inflate": -0.2}
				]
			},
			{
				"name": "bone100",
				"parent": "body",
				"pivot": [-1, 16.399, 0],
				"rotation": [0, 0, 22.5],
				"cubes": [
					{"origin": [-1.5, 14.399, -3], "size": [2, 3.5, 6], "uv": [54, 59], "inflate": -0.2}
				]
			},
			{
				"name": "sittingRotationSkirt",
				"parent": "body",
				"pivot": [0, 10.5, 0]
			},
			{
				"name": "bone",
				"parent": "sittingRotationSkirt",
				"pivot": [0, 10.5, 0]
			},
			{
				"name": "bone2",
				"parent": "bone",
				"pivot": [0, 17.55, 0]
			},
			{
				"name": "bone3",
				"parent": "bone2",
				"pivot": [0, 7.05, 0]
			},
			{
				"name": "bone4",
				"parent": "bone3",
				"pivot": [0, 7.05, 5.27792],
				"rotation": [45, 0, 0]
			},
			{
				"name": "bone5",
				"parent": "bone4",
				"pivot": [0, 7.05, 5.27792],
				"rotation": [0, -45, 0],
				"cubes": [
					{"origin": [-1, 7.05, 4.27792], "size": [2, 6, 2], "uv": [90, 0]}
				]
			},
			{
				"name": "bone6",
				"parent": "bone2",
				"pivot": [0, 7.05, 0],
				"rotation": [0, -30, 0]
			},
			{
				"name": "bone7",
				"parent": "bone6",
				"pivot": [0, 7.05, 5.27792],
				"rotation": [45, 0, 0]
			},
			{
				"name": "bone8",
				"parent": "bone7",
				"pivot": [0, 7.05, 5.27792],
				"rotation": [0, -45, 0],
				"cubes": [
					{"origin": [-1, 7.05, 4.27792], "size": [2, 6, 2], "uv": [89, 89]}
				]
			},
			{
				"name": "bone9",
				"parent": "bone2",
				"pivot": [0, 7.05, 0],
				"rotation": [0, -60, 0]
			},
			{
				"name": "bone10",
				"parent": "bone9",
				"pivot": [0, 7.05, 5.27792],
				"rotation": [45, 0, 0]
			},
			{
				"name": "bone11",
				"parent": "bone10",
				"pivot": [0, 7.05, 5.27792],
				"rotation": [0, -45, 0],
				"cubes": [
					{"origin": [-1, 7.05, 4.27792], "size": [2, 6, 2], "uv": [81, 89]}
				]
			},
			{
				"name": "bone12",
				"parent": "bone2",
				"pivot": [0, 7.05, 0],
				"rotation": [0, -90, 0]
			},
			{
				"name": "bone13",
				"parent": "bone12",
				"pivot": [0, 7.05, 5.27792],
				"rotation": [45, 0, 0]
			},
			{
				"name": "bone14",
				"parent": "bone13",
				"pivot": [0, 7.05, 5.27792],
				"rotation": [0, -45, 0],
				"cubes": [
					{"origin": [-1, 7.05, 4.27792], "size": [2, 6, 2], "uv": [46, 89]}
				]
			},
			{
				"name": "bone15",
				"parent": "bone2",
				"pivot": [0, 7.05, 0],
				"rotation": [0, -120, 0]
			},
			{
				"name": "bone16",
				"parent": "bone15",
				"pivot": [0, 7.05, 5.27792],
				"rotation": [45, 0, 0]
			},
			{
				"name": "bone17",
				"parent": "bone16",
				"pivot": [0, 7.05, 5.27792],
				"rotation": [0, -45, 0],
				"cubes": [
					{"origin": [-1, 7.05, 4.27792], "size": [2, 6, 2], "uv": [88, 61]}
				]
			},
			{
				"name": "bone18",
				"parent": "bone2",
				"pivot": [0, 7.05, 0],
				"rotation": [0, -150, 0]
			},
			{
				"name": "bone19",
				"parent": "bone18",
				"pivot": [0, 7.05, 5.27792],
				"rotation": [45, 0, 0]
			},
			{
				"name": "bone20",
				"parent": "bone19",
				"pivot": [0, 7.05, 5.27792],
				"rotation": [0, -45, 0],
				"cubes": [
					{"origin": [-1, 7.05, 4.27792], "size": [2, 6, 2], "uv": [88, 8]}
				]
			},
			{
				"name": "bone21",
				"parent": "bone2",
				"pivot": [0, 7.05, 0],
				"rotation": [0, -180, 0]
			},
			{
				"name": "bone22",
				"parent": "bone21",
				"pivot": [0, 7.05, 5.27792],
				"rotation": [45, 0, 0]
			},
			{
				"name": "bone23",
				"parent": "bone22",
				"pivot": [0, 7.05, 5.27792],
				"rotation": [0, -45, 0],
				"cubes": [
					{"origin": [-1, 7.05, 4.27792], "size": [2, 4, 2], "uv": [95, 22]}
				]
			},
			{
				"name": "bone24",
				"parent": "bone2",
				"pivot": [0, 7.05, 0],
				"rotation": [0, -210, 0]
			},
			{
				"name": "bone25",
				"parent": "bone24",
				"pivot": [0, 7.05, 5.27792],
				"rotation": [45, 0, 0]
			},
			{
				"name": "bone26",
				"parent": "bone25",
				"pivot": [0, 7.05, 5.27792],
				"rotation": [0, -45, 0],
				"cubes": [
					{"origin": [-1, 7.05, 4.27792], "size": [2, 6, 2], "uv": [28, 88]}
				]
			},
			{
				"name": "bone27",
				"parent": "bone2",
				"pivot": [0, 7.05, 0],
				"rotation": [0, -240, 0]
			},
			{
				"name": "bone28",
				"parent": "bone27",
				"pivot": [0, 7.05, 5.27792],
				"rotation": [45, 0, 0]
			},
			{
				"name": "bone29",
				"parent": "bone28",
				"pivot": [0, 7.05, 5.27792],
				"rotation": [0, -45, 0],
				"cubes": [
					{"origin": [-1, 7.05, 4.27792], "size": [2, 6, 2], "uv": [87, 76]}
				]
			},
			{
				"name": "bone30",
				"parent": "bone2",
				"pivot": [0, 7.05, 0],
				"rotation": [0, -270, 0]
			},
			{
				"name": "bone31",
				"parent": "bone30",
				"pivot": [0, 7.05, 5.27792],
				"rotation": [45, 0, 0]
			},
			{
				"name": "bone32",
				"parent": "bone31",
				"pivot": [0, 7.05, 5.27792],
				"rotation": [0, -45, 0],
				"cubes": [
					{"origin": [-1, 7.05, 4.27792], "size": [2, 6, 2], "uv": [87, 20]}
				]
			},
			{
				"name": "bone33",
				"parent": "bone2",
				"pivot": [0, 7.05, 0],
				"rotation": [0, -300, 0]
			},
			{
				"name": "bone34",
				"parent": "bone33",
				"pivot": [0, 7.05, 5.27792],
				"rotation": [45, 0, 0]
			},
			{
				"name": "bone35",
				"parent": "bone34",
				"pivot": [0, 7.05, 5.27792],
				"rotation": [0, -45, 0],
				"cubes": [
					{"origin": [-1, 7.05, 4.27792], "size": [2, 6, 2], "uv": [20, 87]}
				]
			},
			{
				"name": "bone36",
				"parent": "bone2",
				"pivot": [0, 7.05, 0],
				"rotation": [0, -330, 0]
			},
			{
				"name": "bone37",
				"parent": "bone36",
				"pivot": [0, 7.05, 5.27792],
				"rotation": [45, 0, 0]
			},
			{
				"name": "bone38",
				"parent": "bone37",
				"pivot": [0, 7.05, 5.27792],
				"rotation": [0, -45, 0],
				"cubes": [
					{"origin": [-1, 7.05, 4.27792], "size": [2, 6, 2], "uv": [0, 0]}
				]
			},
			{
				"name": "bone39",
				"parent": "bone",
				"pivot": [0, 17.55, 0]
			},
			{
				"name": "bone40",
				"parent": "bone39",
				"pivot": [0, 7.05, 0]
			},
			{
				"name": "bone41",
				"parent": "bone40",
				"pivot": [0, 7.05, 5.27792],
				"rotation": [45, 0, 0]
			},
			{
				"name": "bone42",
				"parent": "bone41",
				"pivot": [0, 7.05, 5.27792],
				"rotation": [0, -45, 0],
				"cubes": [
					{"origin": [-1, 7.825, 4.27792], "size": [2, 4.825, 2], "uv": [95, 95], "inflate": 0.2}
				]
			},
			{
				"name": "bone43",
				"parent": "bone39",
				"pivot": [0, 7.05, 0],
				"rotation": [0, -30, 0]
			},
			{
				"name": "bone44",
				"parent": "bone43",
				"pivot": [0, 7.05, 5.27792],
				"rotation": [45, 0, 0]
			},
			{
				"name": "bone45",
				"parent": "bone44",
				"pivot": [0, 7.05, 5.27792],
				"rotation": [0, -45, 0],
				"cubes": [
					{"origin": [-1, 7.825, 4.27792], "size": [2, 4.825, 2], "uv": [72, 95], "inflate": 0.2}
				]
			},
			{
				"name": "bone46",
				"parent": "bone39",
				"pivot": [0, 7.05, 0],
				"rotation": [0, -60, 0]
			},
			{
				"name": "bone47",
				"parent": "bone46",
				"pivot": [0, 7.05, 5.27792],
				"rotation": [45, 0, 0]
			},
			{
				"name": "bone48",
				"parent": "bone47",
				"pivot": [0, 7.05, 5.27792],
				"rotation": [0, -45, 0],
				"cubes": [
					{"origin": [-1, 7.825, 4.27792], "size": [2, 4.825, 2], "uv": [60, 95], "inflate": 0.2}
				]
			},
			{
				"name": "bone49",
				"parent": "bone39",
				"pivot": [0, 7.05, 0],
				"rotation": [0, -90, 0]
			},
			{
				"name": "bone50",
				"parent": "bone49",
				"pivot": [0, 7.05, 5.27792],
				"rotation": [45, 0, 0]
			},
			{
				"name": "bone51",
				"parent": "bone50",
				"pivot": [0, 7.05, 5.27792],
				"rotation": [0, -45, 0],
				"cubes": [
					{"origin": [-1, 7.825, 4.27792], "size": [2, 4.825, 2], "uv": [52, 95], "inflate": 0.2}
				]
			},
			{
				"name": "bone52",
				"parent": "bone39",
				"pivot": [0, 7.05, 0],
				"rotation": [0, -120, 0]
			},
			{
				"name": "bone53",
				"parent": "bone52",
				"pivot": [0, 7.05, 5.27792],
				"rotation": [45, 0, 0]
			},
			{
				"name": "bone54",
				"parent": "bone53",
				"pivot": [0, 7.05, 5.27792],
				"rotation": [0, -45, 0],
				"cubes": [
					{"origin": [-1, 7.825, 4.27792], "size": [2, 4.825, 2], "uv": [22, 95], "inflate": 0.2}
				]
			},
			{
				"name": "bone55",
				"parent": "bone39",
				"pivot": [0, 7.05, 0],
				"rotation": [0, -150, 0]
			},
			{
				"name": "bone56",
				"parent": "bone55",
				"pivot": [0, 7.05, 5.27792],
				"rotation": [45, 0, 0]
			},
			{
				"name": "bone57",
				"parent": "bone56",
				"pivot": [0, 7.05, 5.27792],
				"rotation": [0, -45, 0],
				"cubes": [
					{"origin": [-1, 7.825, 4.27792], "size": [2, 4.825, 2], "uv": [93, 82], "inflate": 0.2}
				]
			},
			{
				"name": "bone58",
				"parent": "bone39",
				"pivot": [0, 7.05, 0],
				"rotation": [0, -180, 0]
			},
			{
				"name": "bone59",
				"parent": "bone58",
				"pivot": [0, 7.05, 5.27792],
				"rotation": [45, 0, 0]
			},
			{
				"name": "bone60",
				"parent": "bone59",
				"pivot": [0, 7.05, 5.27792],
				"rotation": [0, -45, 0],
				"cubes": [
					{"origin": [-1, 7.825, 4.27792], "size": [2, 2.825, 2], "uv": [95, 74], "inflate": 0.2}
				]
			},
			{
				"name": "bone61",
				"parent": "bone39",
				"pivot": [0, 7.05, 0],
				"rotation": [0, -210, 0]
			},
			{
				"name": "bone62",
				"parent": "bone61",
				"pivot": [0, 7.05, 5.27792],
				"rotation": [45, 0, 0]
			},
			{
				"name": "bone63",
				"parent": "bone62",
				"pivot": [0, 7.05, 5.27792],
				"rotation": [0, -45, 0],
				"cubes": [
					{"origin": [-1, 7.825, 4.27792], "size": [2, 4.825, 2], "uv": [93, 16], "inflate": 0.2}
				]
			},
			{
				"name": "bone64",
				"parent": "bone39",
				"pivot": [0, 7.05, 0],
				"rotation": [0, -240, 0]
			},
			{
				"name": "bone65",
				"parent": "bone64",
				"pivot": [0, 7.05, 5.27792],
				"rotation": [45, 0, 0]
			},
			{
				"name": "bone66",
				"parent": "bone65",
				"pivot": [0, 7.05, 5.27792],
				"rotation": [0, -45, 0],
				"cubes": [
					{"origin": [-1, 7.825, 4.27792], "size": [2, 4.825, 2], "uv": [14, 93], "inflate": 0.2}
				]
			},
			{
				"name": "bone67",
				"parent": "bone39",
				"pivot": [0, 7.05, 0],
				"rotation": [0, -270, 0]
			},
			{
				"name": "bone68",
				"parent": "bone67",
				"pivot": [0, 7.05, 5.27792],
				"rotation": [45, 0, 0]
			},
			{
				"name": "bone69",
				"parent": "bone68",
				"pivot": [0, 7.05, 5.27792],
				"rotation": [0, -45, 0],
				"cubes": [
					{"origin": [-1, 7.825, 4.27792], "size": [2, 4.825, 2], "uv": [6, 92], "inflate": 0.2}
				]
			},
			{
				"name": "bone70",
				"parent": "bone39",
				"pivot": [0, 7.05, 0],
				"rotation": [0, -300, 0]
			},
			{
				"name": "bone71",
				"parent": "bone70",
				"pivot": [0, 7.05, 5.27792],
				"rotation": [45, 0, 0]
			},
			{
				"name": "bone72",
				"parent": "bone71",
				"pivot": [0, 7.05, 5.27792],
				"rotation": [0, -45, 0],
				"cubes": [
					{"origin": [-1, 7.825, 4.27792], "size": [2, 4.825, 2], "uv": [91, 52], "inflate": 0.2}
				]
			},
			{
				"name": "bone73",
				"parent": "bone39",
				"pivot": [0, 7.05, 0],
				"rotation": [0, -330, 0]
			},
			{
				"name": "bone74",
				"parent": "bone73",
				"pivot": [0, 7.05, 5.27792],
				"rotation": [45, 0, 0]
			},
			{
				"name": "bone75",
				"parent": "bone74",
				"pivot": [0, 7.05, 5.27792],
				"rotation": [0, -45, 0],
				"cubes": [
					{"origin": [-1, 7.825, 4.27792], "size": [2, 4.825, 2], "uv": [66, 91], "inflate": 0.2}
				]
			},
			{
				"name": "bone76",
				"parent": "body",
				"pivot": [0, 10.5, 0]
			},
			{
				"name": "bone77",
				"parent": "bone76",
				"pivot": [1.975, 13.075, -2.875],
				"rotation": [-13, -7.5, 0],
				"cubes": [
					{"origin": [0.975, 10.2, -3.375], "size": [2, 5.3, 1], "uv": [18, 43]}
				]
			},
			{
				"name": "bone78",
				"parent": "bone76",
				"pivot": [-1.975, 13.075, -2.875],
				"rotation": [-13, 7.5, 0],
				"cubes": [
					{"origin": [-2.975, 10.2, -3.375], "size": [2, 5.3, 1], "uv": [0, 43]}
				]
			},
			{
				"name": "bone79",
				"parent": "bone76",
				"pivot": [3.1, 13, 0.5],
				"rotation": [0, 0, -15],
				"cubes": [
					{"origin": [2.6, 10.125, -2], "size": [1, 5.3, 4], "uv": [58, 75]}
				]
			},
			{
				"name": "bone80",
				"parent": "bone76",
				"pivot": [-3.1, 13, 0.5],
				"rotation": [0, 0, 15],
				"cubes": [
					{"origin": [-3.6, 10.125, -2], "size": [1, 5.3, 4], "uv": [74, 41]}
				]
			},
			{
				"name": "bone81",
				"parent": "bone76",
				"pivot": [-1.975, 13.075, 2.875],
				"rotation": [13, -7.5, 0],
				"cubes": [
					{"origin": [-2.975, 10.2, 2.375], "size": [2, 5.3, 1], "uv": [0, 29]}
				]
			},
			{
				"name": "bone82",
				"parent": "bone76",
				"pivot": [1.975, 13.075, 2.875],
				"rotation": [13, 7.5, 0],
				"cubes": [
					{"origin": [0.975, 10.2, 2.375], "size": [2, 5.3, 1], "uv": [24, 0]}
				]
			},
			{
				"name": "bone83",
				"parent": "bone76",
				"pivot": [2.75, 13, -2.575],
				"rotation": [-14.5, -71.75, -1.75],
				"cubes": [
					{"origin": [2.75, 10.125, -3.075], "size": [1, 5.3, 1], "uv": [80, 97]}
				]
			},
			{
				"name": "bone84",
				"parent": "bone76",
				"pivot": [2.75, 12.6, -2.5],
				"rotation": [-15.75, 39.25, -18.25],
				"cubes": [
					{"origin": [2.25, 10.225, -3], "size": [1, 4.3, 1], "uv": [70, 79]}
				]
			},
			{
				"name": "bone85",
				"parent": "bone76",
				"pivot": [-2.75, 13, -2.575],
				"rotation": [-14.5, 71.75, 1.75],
				"cubes": [
					{"origin": [-3.75, 10.125, -3.075], "size": [1, 5.3, 1], "uv": [68, 97]}
				]
			},
			{
				"name": "bone86",
				"parent": "bone76",
				"pivot": [-2.75, 12.6, -2.5],
				"rotation": [-15.75, -39.25, 18.25],
				"cubes": [
					{"origin": [-3.25, 10.225, -3], "size": [1, 4.3, 1], "uv": [34, 71]}
				]
			},
			{
				"name": "bone87",
				"parent": "bone76",
				"pivot": [2.75, 13, 2.575],
				"rotation": [14.5, 71.75, -1.75],
				"cubes": [
					{"origin": [2.75, 10.125, 2.075], "size": [1, 5.3, 1], "uv": [54, 89]}
				]
			},
			{
				"name": "bone88",
				"parent": "bone76",
				"pivot": [2.75, 12.6, 2.5],
				"rotation": [15.75, -39.25, -18.25],
				"cubes": [
					{"origin": [2.25, 10.225, 2], "size": [1, 4.3, 1], "uv": [61, 46]}
				]
			},
			{
				"name": "bone89",
				"parent": "bone76",
				"pivot": [-2.75, 13, 2.575],
				"rotation": [14.5, -71.75, 1.75],
				"cubes": [
					{"origin": [-3.75, 10.125, 2.075], "size": [1, 5.3, 1], "uv": [62, 68]}
				]
			},
			{
				"name": "bone90",
				"parent": "bone76",
				"pivot": [-2.75, 12.6, 2.5],
				"rotation": [15.75, 39.25, 18.25],
				"cubes": [
					{"origin": [-3.25, 10.225, 2], "size": [1, 4.3, 1], "uv": [0, 57]}
				]
			},
			{
				"name": "bone91",
				"parent": "bone76",
				"pivot": [0, 13, 2.925],
				"rotation": [12.5, 0, 0],
				"cubes": [
					{"origin": [-1, 10.125, 2.425], "size": [2, 5.3, 1], "uv": [0, 16], "inflate": 0.1}
				]
			},
			{
				"name": "bone101",
				"parent": "bone76",
				"pivot": [0, 13.125, -2.625],
				"rotation": [-7.75, 0, 0],
				"cubes": [
					{"origin": [-4, 8.625, -4.125], "size": [8, 9, 3], "uv": [24, 43], "inflate": -2}
				]
			},
			{
				"name": "bone92",
				"parent": "body",
				"pivot": [0, 10.275, 0]
			},
			{
				"name": "bone93",
				"parent": "bone92",
				"pivot": [2.25, 9.875, -2.725],
				"rotation": [-62.75, -22.5, 0],
				"cubes": [
					{"origin": [0.75, 9.375, -3.725], "size": [2.5, 1, 2], "uv": [51, 76]}
				]
			},
			{
				"name": "bone94",
				"parent": "bone92",
				"pivot": [3.1, 10.225, 0],
				"rotation": [0, 0, -29.25],
				"cubes": [
					{"origin": [1.975, 9.725, -3], "size": [2.25, 1, 6], "uv": [33, 72]}
				]
			},
			{
				"name": "bone95",
				"parent": "bone92",
				"pivot": [-2.25, 9.875, -2.725],
				"rotation": [-62.75, 22.5, 0],
				"cubes": [
					{"origin": [-3.25, 9.375, -3.725], "size": [2.5, 1, 2], "uv": [46, 65]}
				]
			},
			{
				"name": "bone97",
				"parent": "bone92",
				"pivot": [-3.1, 10.225, 0],
				"rotation": [0, 0, 29.25],
				"cubes": [
					{"origin": [-4.225, 9.725, -3], "size": [2.25, 1, 6], "uv": [71, 14]}
				]
			},
			{
				"name": "bone96",
				"parent": "body",
				"pivot": [2.075, 16.45, 0],
				"rotation": [0, 0, 15],
				"cubes": [
					{"origin": [1.075, 15.45, -3.125], "size": [2, 2.825, 6.25], "uv": [64, 53], "inflate": -0.2},
					{"origin": [2.075, 15.375, -2.625], "size": [3, 2.825, 5.25], "uv": [23, 71], "inflate": -0.4}
				]
			},
			{
				"name": "bone98",
				"parent": "body",
				"pivot": [0.15, 16.5, 2.45],
				"rotation": [-39.25, -40, 27.5],
				"cubes": [
					{"origin": [-1.9859, 15.50063, 0.59674], "size": [4, 2, 4], "uv": [70, 6], "inflate": -0.2}
				]
			},
			{
				"name": "bone104",
				"parent": "body",
				"pivot": [0, 10.5, 0]
			},
			{
				"name": "bone105",
				"parent": "bone104",
				"pivot": [-2.5, 15.2, -3.075],
				"rotation": [-10, 12.5, -15],
				"cubes": [
					{"origin": [-3, 14.2, -3.075], "size": [1, 2, 0], "uv": [1, 102], "inflate": 0.2}
				]
			},
			{
				"name": "bone106",
				"parent": "bone104",
				"pivot": [-2.35, 15.075, -3.15],
				"rotation": [-10, 12.5, -15],
				"cubes": [
					{"origin": [-2.81224, 14.09037, -3.37823], "size": [1, 2, 0.05], "uv": [0, 0]}
				]
			},
			{
				"name": "bone121",
				"parent": "body",
				"pivot": [-2.075, 16.45, 0],
				"rotation": [0, 0, -15],
				"cubes": [
					{"origin": [-5.075, 15.375, -2.625], "size": [3, 2.825, 5.25], "uv": [7, 71], "inflate": -0.4}
				]
			},
			{
				"name": "bone124",
				"parent": "body",
				"pivot": [0, 10.5, 0]
			},
			{
				"name": "bone125",
				"parent": "bone124",
				"pivot": [1.075, 17.2, -2.075],
				"rotation": [40, -36.25, 44],
				"cubes": [
					{"origin": [0.075, 16.2, -3.575], "size": [2, 2, 2], "uv": [94, 58], "inflate": -0.3}
				]
			},
			{
				"name": "bone126",
				"parent": "bone124",
				"pivot": [-1.075, 17.2, -2.075],
				"rotation": [40, 36.25, -44],
				"cubes": [
					{"origin": [-2.075, 16.2, -3.575], "size": [2, 2, 2], "uv": [26, 78], "inflate": -0.3}
				]
			},
			{
				"name": "kuma",
				"parent": "body",
				"pivot": [9.275, 1.9, -9.075],
				"rotation": [0, 10, 0]
			},
			{
				"name": "danmakuAttackShow",
				"parent": "kuma",
				"pivot": [9.275, 1.9, -9.075]
			},
			{
				"name": "sinFloat",
				"parent": "danmakuAttackShow",
				"pivot": [-6.225, -1.1, -9.075]
			},
			{
				"name": "bone209",
				"parent": "sinFloat",
				"pivot": [-6.225, -1.1, -9.075]
			},
			{
				"name": "bone210",
				"parent": "bone209",
				"pivot": [-6.225, -1.1, -9.075],
				"cubes": [
					{"origin": [6.775, 9.9, -9.075], "size": [5, 4, 4], "uv": [59, 12], "inflate": 0.1}
				]
			},
			{
				"name": "bone211",
				"parent": "bone210",
				"pivot": [9.275, 10.9, -9.2],
				"rotation": [15, 0, 0],
				"cubes": [
					{"origin": [7.775, 9.9, -10.2], "size": [3, 2, 2], "uv": [59, 20], "inflate": 0.1}
				]
			},
			{
				"name": "bone214",
				"parent": "bone211",
				"pivot": [9.275, 11.675, -10.025],
				"rotation": [0, 162.5, -90],
				"cubes": [
					{"origin": [8.77936, 11.175, -10.4251], "size": [1, 1, 1], "uv": [21, 21], "inflate": -0.1}
				]
			},
			{
				"name": "bone213",
				"parent": "bone209",
				"pivot": [7.05, 14.55, -8.075],
				"rotation": [-25, 0, 32.5],
				"cubes": [
					{"origin": [7.1202, 13.276, -8.0668], "size": [2, 2, 2], "uv": [12, 64], "inflate": 0.1}
				]
			},
			{
				"name": "bone212",
				"parent": "bone209",
				"pivot": [11.5, 14.55, -8.075],
				"rotation": [-25, 0, -32.5],
				"cubes": [
					{"origin": [9.4298, 13.276, -8.0668], "size": [2, 2, 2], "uv": [15, 57], "inflate": 0.1}
				]
			},
			{
				"name": "bone215",
				"parent": "sinFloat",
				"pivot": [-6.225, -1.1, -9.075]
			},
			{
				"name": "bone216",
				"parent": "bone215",
				"pivot": [-6.225, -1.1, -9.075],
				"cubes": [
					{"origin": [6.775, 6.4, -9.075], "size": [5, 4, 4], "uv": [42, 57], "inflate": -0.3},
					{"origin": [6.775, 4.4, -9.075], "size": [5, 2, 4], "uv": [64, 0], "inflate": 0.3}
				]
			},
			{
				"name": "bone217",
				"parent": "bone216",
				"pivot": [9.275, 7.425, -2.775],
				"rotation": [-57.5, 0, 0],
				"cubes": [
					{"origin": [7.775, 4.925, -4.775], "size": [3, 5, 4], "uv": [68, 32], "inflate": 0.2}
				]
			},
			{
				"name": "bone219",
				"parent": "sinFloat",
				"pivot": [10.85, 3.125, -8.575],
				"rotation": [-45, -25, 0],
				"cubes": [
					{"origin": [10.35, 1.625, -9.075], "size": [1, 3, 1], "uv": [29, 30], "inflate": 0.3}
				]
			},
			{
				"name": "bone218",
				"parent": "sinFloat",
				"pivot": [7.7, 3.125, -8.575],
				"rotation": [-45, 25, 0],
				"cubes": [
					{"origin": [7.2, 1.625, -9.075], "size": [1, 3, 1], "uv": [19, 30], "inflate": 0.3}
				]
			},
			{
				"name": "bone220",
				"parent": "sinFloat",
				"pivot": [7.375, 7.95, -8.425],
				"rotation": [25, 47.5, 0],
				"cubes": [
					{"origin": [6.13185, 7.29428, -11.89246], "size": [1, 1, 4], "uv": [36, 55], "inflate": 0.3}
				]
			},
			{
				"name": "bone221",
				"parent": "bone220",
				"pivot": [7.50257, 8.1199, -8.8824],
				"cubes": [
					{"origin": [6.63185, 7.79428, -12.39246], "size": [0, 5, 1], "uv": [50, 47]}
				]
			},
			{
				"name": "bone222",
				"parent": "sinFloat",
				"pivot": [11.3, 7.975, -7.7],
				"rotation": [25, -47.5, 0],
				"cubes": [
					{"origin": [10.92417, 7.46467, -11.53841], "size": [1, 1, 4], "uv": [43, 0], "inflate": 0.3}
				]
			},
			{
				"name": "bone223",
				"parent": "bone222",
				"pivot": [11.42417, 7.96467, -9.03841],
				"cubes": [
					{"origin": [11.42417, 7.96467, -12.03841], "size": [0, 5, 1], "uv": [50, 42]}
				]
			},
			{
				"name": "legLeft",
				"pivot": [2, 9, 0],
				"cubes": [
					{"origin": [0.499, 0, -1.5], "size": [3, 9, 3], "uv": [67, 67]}
				]
			},
			{
				"name": "legRight",
				"pivot": [-2, 9, 0],
				"cubes": [
					{"origin": [-3.499, 0, -1.5], "size": [3, 9, 3], "uv": [0, 64]}
				]
			},
			{
				"name": "tail",
				"pivot": [0, 12, 4],
				"rotation": [20, 0, 0]
			},
			{
				"name": "bone102",
				"parent": "tail",
				"pivot": [0, 10.95813, 2.4768],
				"cubes": [
					{"origin": [-1, 9.95813, 2.4768], "size": [2, 2, 2.25], "uv": [16, 78]}
				]
			},
			{
				"name": "bone103",
				"parent": "bone102",
				"pivot": [0, 11.06929, 2.1714],
				"rotation": [-10, 0, 0],
				"cubes": [
					{"origin": [-3, 8.06929, 4.1714], "size": [6, 6, 7], "uv": [26, 30]},
					{"origin": [-1, 10.06929, 11.1714], "size": [4, 4, 1], "uv": [24, 62]},
					{"origin": [-3.75, 8.06929, 4.1714], "size": [7.5, 6, 7], "uv": [0, 16], "inflate": -0.4},
					{"origin": [-3, 7.3193, 4.1714], "size": [6, 7.5, 7], "uv": [0, 29], "inflate": -0.4},
					{"origin": [-2, 13.5443, 6.1714], "size": [5, 2.5, 5], "uv": [0, 57], "inflate": -0.4}
				]
			},
			{
				"name": "bone107",
				"parent": "bone102",
				"pivot": [1.525, 12.04806, 11.67037],
				"rotation": [-42.5, -5, 27.5],
				"cubes": [
					{"origin": [0.025, 10.54806, 9.67037], "size": [3, 2, 4], "uv": [19, 30]}
				]
			}
		]
	}
}