{
	"format_version": "1.10.0",
	"geometry.model": {
		"texturewidth": 128,
		"textureheight": 128,
		"visible_bounds_width": 3,
		"visible_bounds_height": 2,
		"visible_bounds_offset": [0, 0, 0],
		"bones": [
			{
				"name": "head",
				"pivot": [0, 17.925, 0],
				"cubes": [
					{"origin": [-4, 17.925, -4], "size": [8, 8, 8], "uv": [0, 0], "inflate": -0.1},
					{"origin": [-4, 25.525, -3.75], "size": [8, 1, 7], "uv": [24, 0], "inflate": -0.3},
					{"origin": [-3, 25.525, -2.75], "size": [6, 1, 5], "uv": [42, 23]}
				]
			},
			{
				"name": "blink",
				"parent": "head",
				"pivot": [0, 17.925, 0],
				"cubes": [
					{"origin": [-4, 17.925, -4.001], "size": [8, 8, 1], "uv": [48, 29], "inflate": -0.1}
				]
			},
			{
				"name": "bone273",
				"parent": "head",
				"pivot": [0, 17.925, 0]
			},
			{
				"name": "bone285",
				"parent": "bone273",
				"pivot": [-1.225, 17.7, -0.05],
				"rotation": [-0.32902, -7.49282, 5.02154]
			},
			{
				"name": "bone286",
				"parent": "bone285",
				"pivot": [-4.7, 23.7, -4.075],
				"rotation": [-12.5, 25, 0],
				"cubes": [
					{"origin": [-5.7752, 22.75299, -4.34254], "size": [2, 3, 1], "uv": [98, 55], "inflate": -0.1}
				]
			},
			{
				"name": "bone287",
				"parent": "bone285",
				"pivot": [-4.53041, 21.19005, -4.07261],
				"rotation": [-8, 25, -6],
				"cubes": [
					{"origin": [-5.67716, 20.04437, -4.78376], "size": [2, 3, 1], "uv": [98, 51]}
				]
			},
			{
				"name": "bone288",
				"parent": "bone285",
				"pivot": [-4.00074, 19.21436, -4.62172],
				"rotation": [-9.75, 23, -21.75],
				"cubes": [
					{"origin": [-5.35311, 18.6428, -5.07347], "size": [2, 2, 1], "uv": [99, 32], "inflate": -0.125}
				]
			},
			{
				"name": "bone7",
				"parent": "bone285",
				"pivot": [-4.53268, 18.12685, -3.82778],
				"rotation": [-4, 19.75, -17.5],
				"cubes": [
					{"origin": [-5.2923, 15.91911, -4.3492], "size": [1, 6, 1], "uv": [58, 94], "inflate": -0.2},
					{"origin": [-4.6923, 16.41911, -4.3492], "size": [1, 4, 1], "uv": [18, 99], "inflate": -0.2}
				]
			},
			{
				"name": "bone8",
				"parent": "bone285",
				"pivot": [-4.33703, 21.06803, -2.72709],
				"rotation": [-3.25, 19.75, 7.5],
				"cubes": [
					{"origin": [-5.86635, 20.96075, -4.43861], "size": [2, 3, 1], "uv": [98, 47], "inflate": -0.1}
				]
			},
			{
				"name": "bone303",
				"parent": "bone273",
				"pivot": [0, 17.75, -0.65],
				"rotation": [-3, 0, 0]
			},
			{
				"name": "bone296",
				"parent": "bone303",
				"pivot": [-2.175, 17.75, -0.475],
				"rotation": [0, 12.5, 0]
			},
			{
				"name": "bone297",
				"parent": "bone296",
				"pivot": [-2.7507, 23.33468, -4.39707],
				"rotation": [-12.5, 1.5, 11.25],
				"cubes": [
					{"origin": [-3.31742, 21.6943, -5.35239], "size": [2, 4, 1], "uv": [93, 78], "inflate": -0.2}
				]
			},
			{
				"name": "bone293",
				"parent": "bone303",
				"pivot": [2.175, 17.75, -0.475],
				"rotation": [0, -12.5, 0]
			},
			{
				"name": "bone294",
				"parent": "bone293",
				"pivot": [2.175, 24.65, -4.55],
				"rotation": [-12.5, 0, 0],
				"cubes": [
					{"origin": [1.14314, 23.56249, -5.17778], "size": [2, 2, 1], "uv": [99, 23], "inflate": -0.1}
				]
			},
			{
				"name": "bone295",
				"parent": "bone293",
				"pivot": [2.07681, 23.17493, -4.73091],
				"rotation": [-3.5, 0, 5],
				"cubes": [
					{"origin": [1.04905, 20.94782, -5.42656], "size": [2, 3, 1], "uv": [98, 10], "inflate": -0.1}
				]
			},
			{
				"name": "bone282",
				"parent": "bone303",
				"pivot": [0.85, 17.75, -0.725],
				"rotation": [0, -10, 0]
			},
			{
				"name": "bone283",
				"parent": "bone282",
				"pivot": [0.78775, 24.64607, -4.86508],
				"rotation": [-12.5, 3.75, 0],
				"cubes": [
					{"origin": [-0.21225, 23.64607, -5.36508], "size": [2, 2, 1], "uv": [99, 7], "inflate": -0.2}
				]
			},
			{
				"name": "bone284",
				"parent": "bone282",
				"pivot": [0.40842, 23.26825, -5.05686],
				"rotation": [-3, 0, 13],
				"cubes": [
					{"origin": [-0.59158, 21.26825, -5.55686], "size": [2, 3, 1], "uv": [98, 98], "inflate": -0.2}
				]
			},
			{
				"name": "bone279",
				"parent": "bone303",
				"pivot": [-0.85, 17.75, -0.725],
				"rotation": [0, 10, 0]
			},
			{
				"name": "bone280",
				"parent": "bone279",
				"pivot": [-0.85, 24.65, -4.8],
				"rotation": [-12.5, 0, 0],
				"cubes": [
					{"origin": [-1.85, 23.65, -5.3], "size": [2, 2, 1], "uv": [99, 4], "inflate": -0.2}
				]
			},
			{
				"name": "bone281",
				"parent": "bone279",
				"pivot": [-0.7057, 23.22617, -4.95452],
				"rotation": [-4.25, 0, -8.25],
				"cubes": [
					{"origin": [-1.7057, 21.22617, -5.45452], "size": [2, 3, 1], "uv": [92, 98], "inflate": -0.2}
				]
			},
			{
				"name": "bone270",
				"parent": "bone303",
				"pivot": [0, 17.75, -0.8]
			},
			{
				"name": "bone271",
				"parent": "bone270",
				"pivot": [0, 24.64869, -4.89997],
				"rotation": [-15.75, 0, 0],
				"cubes": [
					{"origin": [-1, 23.64869, -5.39997], "size": [2, 2, 1], "uv": [99, 0], "inflate": -0.2}
				]
			},
			{
				"name": "bone272",
				"parent": "bone270",
				"pivot": [-0.1, 23.26825, -5.20768],
				"rotation": [-3.5, 0, -3.25],
				"cubes": [
					{"origin": [-1.10007, 21.01542, -5.73252], "size": [2, 3.25, 1], "uv": [82, 98], "inflate": -0.3}
				]
			},
			{
				"name": "bone311",
				"parent": "bone273",
				"pivot": [0, 17.925, 0]
			},
			{
				"name": "bone312",
				"parent": "bone311",
				"pivot": [0, 17.925, 0]
			},
			{
				"name": "bone313",
				"parent": "bone312",
				"pivot": [-4.4, 24.275, -2.025],
				"rotation": [-1.75, -8.25, 23],
				"cubes": [
					{"origin": [-4.9, 21.275, -4.025], "size": [1, 5, 4.5], "uv": [40, 68], "inflate": -0.1}
				]
			},
			{
				"name": "bone314",
				"parent": "bone312",
				"pivot": [-3.75, 19.675, -1.8],
				"rotation": [0, -8.25, -6.5],
				"cubes": [
					{"origin": [-5.23924, 17.675, -4.22578], "size": [1, 5, 5], "uv": [59, 38], "inflate": -0.1}
				]
			},
			{
				"name": "bone315",
				"parent": "bone311",
				"pivot": [0, 17.925, 0]
			},
			{
				"name": "bone316",
				"parent": "bone315",
				"pivot": [-4.4, 24.1, 1.925],
				"rotation": [4.5, 8.25, 20.5],
				"cubes": [
					{"origin": [-4.93946, 21.29598, -0.08072], "size": [1, 5, 4], "uv": [30, 68], "inflate": -0.1}
				]
			},
			{
				"name": "bone317",
				"parent": "bone315",
				"pivot": [-3.725, 19.675, 1.9],
				"rotation": [0, 9.5, -6.5],
				"cubes": [
					{"origin": [-5.225, 17.675, -0.1], "size": [1, 5, 4], "uv": [20, 68], "inflate": -0.1}
				]
			},
			{
				"name": "bone352",
				"parent": "bone273",
				"pivot": [0, 17.925, 0]
			},
			{
				"name": "bone353",
				"parent": "bone352",
				"pivot": [0, 17.925, 0]
			},
			{
				"name": "bone354",
				"parent": "bone353",
				"pivot": [4.4, 24.275, -2.025],
				"rotation": [-1.75, 8.25, -23],
				"cubes": [
					{"origin": [3.9, 21.275, -4.025], "size": [1, 5, 4.5], "uv": [10, 68], "inflate": -0.1}
				]
			},
			{
				"name": "bone355",
				"parent": "bone353",
				"pivot": [3.75, 19.675, -1.8],
				"rotation": [0, 8.25, 6.5],
				"cubes": [
					{"origin": [4.23924, 17.675, -4.22578], "size": [1, 5, 5], "uv": [59, 18], "inflate": -0.1}
				]
			},
			{
				"name": "bone356",
				"parent": "bone352",
				"pivot": [0, 17.925, 0]
			},
			{
				"name": "bone357",
				"parent": "bone356",
				"pivot": [4.4, 24.1, 1.925],
				"rotation": [4.5, -8.25, -20.5],
				"cubes": [
					{"origin": [3.93946, 21.29598, -0.08072], "size": [1, 5, 4], "uv": [66, 28], "inflate": -0.1}
				]
			},
			{
				"name": "bone358",
				"parent": "bone356",
				"pivot": [3.725, 19.675, 1.9],
				"rotation": [0, -9.5, 6.5],
				"cubes": [
					{"origin": [4.225, 17.675, -0.1], "size": [1, 5, 4], "uv": [66, 14], "inflate": -0.1}
				]
			},
			{
				"name": "bone318",
				"parent": "bone273",
				"pivot": [0, 17.925, 0.1]
			},
			{
				"name": "bone319",
				"parent": "bone318",
				"pivot": [0, 24.125, 3.9],
				"rotation": [10, 0, 0],
				"cubes": [
					{"origin": [-2, 22.52515, 3.96626], "size": [4, 3, 1], "uv": [80, 22], "inflate": 0.1}
				]
			},
			{
				"name": "bone320",
				"parent": "bone318",
				"pivot": [0, 21.075, 4.625],
				"rotation": [-5, 0, 0],
				"cubes": [
					{"origin": [-2, 17.575, 4.125], "size": [4, 5, 1], "uv": [16, 77], "inflate": 0.1}
				]
			},
			{
				"name": "bone9",
				"parent": "bone273",
				"pivot": [1.225, 17.7, -0.05],
				"rotation": [-0.32902, 7.49282, -5.02154]
			},
			{
				"name": "bone10",
				"parent": "bone9",
				"pivot": [4.7, 23.7, -4.075],
				"rotation": [-12.5, -25, 0],
				"cubes": [
					{"origin": [3.7752, 22.75299, -4.34254], "size": [2, 3, 1], "uv": [66, 98], "inflate": -0.1}
				]
			},
			{
				"name": "bone11",
				"parent": "bone9",
				"pivot": [4.53041, 21.19005, -4.07261],
				"rotation": [-8, -25, 6],
				"cubes": [
					{"origin": [3.67716, 20.04437, -4.78376], "size": [2, 3, 1], "uv": [38, 98]}
				]
			},
			{
				"name": "bone12",
				"parent": "bone9",
				"pivot": [4.00074, 19.21436, -4.62172],
				"rotation": [-9.75, -23, 21.75],
				"cubes": [
					{"origin": [3.35311, 18.6428, -5.07347], "size": [2, 2, 1], "uv": [98, 41], "inflate": -0.125}
				]
			},
			{
				"name": "bone13",
				"parent": "bone9",
				"pivot": [4.53268, 18.12685, -3.82778],
				"rotation": [-4, -19.75, 17.5],
				"cubes": [
					{"origin": [4.2923, 15.91911, -4.3492], "size": [1, 6, 1], "uv": [54, 94], "inflate": -0.2},
					{"origin": [3.6923, 16.41911, -4.3492], "size": [1, 4, 1], "uv": [14, 99], "inflate": -0.2}
				]
			},
			{
				"name": "bone14",
				"parent": "bone9",
				"pivot": [4.33703, 21.06803, -2.72709],
				"rotation": [-3.25, -19.75, -7.5],
				"cubes": [
					{"origin": [3.86635, 20.96075, -4.43861], "size": [2, 3, 1], "uv": [0, 97], "inflate": -0.1}
				]
			},
			{
				"name": "bone41",
				"parent": "bone273",
				"pivot": [0, 17.925, 0],
				"rotation": [0, 87.5, 0]
			},
			{
				"name": "bone45",
				"parent": "bone41",
				"pivot": [0, 0, 0]
			},
			{
				"name": "bone46",
				"parent": "bone45",
				"pivot": [-4.44133, 23.725, -2.29855],
				"rotation": [-13.5, -14.25, 13],
				"cubes": [
					{"origin": [-4.98079, 21.92098, -4.29283], "size": [1, 4, 3], "uv": [80, 80], "inflate": -0.1}
				]
			},
			{
				"name": "bone47",
				"parent": "bone45",
				"pivot": [-3.62946, 19.675, -2.00427],
				"rotation": [0, -17, -6.5],
				"cubes": [
					{"origin": [-4.98898, 17.65804, -4.05406], "size": [1, 5, 3], "uv": [8, 77], "inflate": -0.1}
				]
			},
			{
				"name": "bone102",
				"parent": "bone41",
				"pivot": [0.26721, 0, 0.38871]
			},
			{
				"name": "bone103",
				"parent": "bone102",
				"pivot": [-4.17412, 23.725, 2.68727],
				"rotation": [13.5, 14.25, 13],
				"cubes": [
					{"origin": [-4.71358, 21.92098, 1.68155], "size": [1, 4, 3], "uv": [48, 80], "inflate": -0.1}
				]
			},
			{
				"name": "bone104",
				"parent": "bone102",
				"pivot": [-3.36225, 19.675, 2.39298],
				"rotation": [0, 17, -6.5],
				"cubes": [
					{"origin": [-4.72177, 17.65804, 1.44277], "size": [1, 5, 3], "uv": [0, 0], "inflate": -0.1}
				]
			},
			{
				"name": "bone408",
				"parent": "head",
				"pivot": [-4.575, 22.675, -0.825],
				"rotation": [-15.2566, -5.09569, -1.71053]
			},
			{
				"name": "bone409",
				"parent": "bone408",
				"pivot": [-6.98053, 25.03218, -3.70445],
				"rotation": [6.5, 3.25, 3.75],
				"cubes": [
					{"origin": [-8.308, 25.28608, -4.69641], "size": [3, 1, 2], "uv": [90, 30], "inflate": -0.1}
				]
			},
			{
				"name": "bone410",
				"parent": "bone408",
				"pivot": [-2.50353, 25.16751, -2.125],
				"rotation": [12.5, -16.25, 15],
				"cubes": [
					{"origin": [-6.50353, 24.66751, -4.125], "size": [3, 1, 2], "uv": [90, 24], "inflate": -0.1}
				]
			},
			{
				"name": "bone411",
				"parent": "bone408",
				"pivot": [-2.20353, 25.34251, -2],
				"rotation": [17.5, -8.75, 15],
				"cubes": [
					{"origin": [-6.20353, 24.84251, -4.75], "size": [4, 1, 1.1], "uv": [89, 43], "inflate": -0.2}
				]
			},
			{
				"name": "bone413",
				"parent": "bone408",
				"pivot": [-1.03005, 24.82272, 0.525],
				"rotation": [-57.5, -42.5, 30],
				"cubes": [
					{"origin": [-8.56607, 24.04648, 2.38147], "size": [5, 1, 2], "uv": [75, 7], "inflate": -0.2},
					{"origin": [-9.1161, 24.04648, 3.28147], "size": [1, 1, 1], "uv": [0, 104], "inflate": -0.2}
				]
			},
			{
				"name": "bone412",
				"parent": "bone408",
				"pivot": [-2.62744, 24.91749, -1.85],
				"rotation": [-27.5, -28.75, 18.25],
				"cubes": [
					{"origin": [-6.62744, 24.41749, -2.05], "size": [3, 1, 2.5], "uv": [90, 21], "inflate": -0.2}
				]
			},
			{
				"name": "bone414",
				"parent": "bone408",
				"pivot": [-2.63164, 25.21041, -2.26064],
				"rotation": [-3.5, -29.25, 11.75],
				"cubes": [
					{"origin": [-5.63164, 24.71041, -2.26064], "size": [3, 1, 1], "uv": [14, 97], "inflate": -0.1}
				]
			},
			{
				"name": "bone415",
				"parent": "bone408",
				"pivot": [-3.73295, 22.33574, 1.70647],
				"rotation": [-113, -42.5, 55],
				"cubes": [
					{"origin": [-10.73295, 21.81074, 2.33147], "size": [4, 1, 2], "uv": [78, 30], "inflate": -0.2}
				]
			},
			{
				"name": "bone427",
				"parent": "bone408",
				"pivot": [-1.13235, 23.62604, 3.375],
				"rotation": [-92.5, -42.5, 27.5],
				"cubes": [
					{"origin": [-7.61837, 22.8498, 4.63147], "size": [2, 1, 2.5], "uv": [92, 33], "inflate": -0.2}
				]
			},
			{
				"name": "bone416",
				"parent": "bone408",
				"pivot": [1.37147, -1.60749, -0.825]
			},
			{
				"name": "bone417",
				"parent": "bone416",
				"pivot": [-3.29805, 24.46304, -3.05],
				"rotation": [-37.5, 0, -22.5],
				"cubes": [
					{"origin": [-4.61862, 24.25395, -2.7944], "size": [1, 1, 1], "uv": [103, 97], "inflate": 0.5}
				]
			},
			{
				"name": "bone418",
				"parent": "bone416",
				"pivot": [-4.49146, 24.64026, -3.375],
				"rotation": [-30, 17.5, -30],
				"cubes": [
					{"origin": [-5.73023, 24.53875, -4.07135], "size": [1, 1, 1], "uv": [103, 95], "inflate": 0.2}
				]
			},
			{
				"name": "bone419",
				"parent": "bone416",
				"pivot": [-3.98169, 22.4034, -0.94324],
				"rotation": [-17.5, 22.5, -22.5]
			},
			{
				"name": "bone420",
				"parent": "bone416",
				"pivot": [-3.68954, 22.46761, -2.26083],
				"rotation": [0, 27.5, -15]
			},
			{
				"name": "bone421",
				"parent": "bone416",
				"pivot": [-5.23332, 23.69673, -2.55],
				"rotation": [-30, 45, -60],
				"cubes": [
					{"origin": [-5.13985, 24.5301, -4.61561], "size": [1, 1, 1.2], "uv": [103, 79]}
				]
			},
			{
				"name": "bone422",
				"parent": "bone416",
				"pivot": [-4.6772, 24.39814, -3.05],
				"rotation": [-15, -12.5, -50],
				"cubes": [
					{"origin": [-5.76159, 24.11133, -2.76824], "size": [1, 1.2, 1], "uv": [103, 54], "inflate": 0.1}
				]
			},
			{
				"name": "bone423",
				"parent": "bone416",
				"pivot": [-3.61673, 21.74936, -0.35],
				"rotation": [-30, 45, -60],
				"cubes": [
					{"origin": [-3.52326, 22.58273, -2.41561], "size": [1, 1, 1], "uv": [103, 50], "inflate": 0.1}
				]
			},
			{
				"name": "bone424",
				"parent": "bone416",
				"pivot": [-4.11017, 25.34931, -3.125],
				"rotation": [-50, 35, -112.5],
				"cubes": [
					{"origin": [-4.0167, 26.18268, -5.19061], "size": [1, 1, 1], "uv": [103, 39], "inflate": -0.1}
				]
			},
			{
				"name": "bone425",
				"parent": "bone416",
				"pivot": [-2.60885, 22.48109, 0.45],
				"rotation": [-2.5, 82.5, -60]
			},
			{
				"name": "bone426",
				"parent": "bone416",
				"pivot": [-3.9708, 20.70517, 0.47538],
				"rotation": [-7.5, 27.5, -62.5]
			},
			{
				"name": "bone2",
				"parent": "bone416",
				"pivot": [-6.5142, 23.69537, -2.68203],
				"rotation": [-30, 22.5, -37.5],
				"cubes": [
					{"origin": [-6.90548, 23.23481, -3.17134], "size": [1, 1, 1.2], "uv": [103, 28], "inflate": 0.1}
				]
			},
			{
				"name": "bone3",
				"parent": "bone416",
				"pivot": [-4.52393, 22.307, -1.12928],
				"rotation": [-30, 45, -60],
				"cubes": [
					{"origin": [-4.29468, 22.83412, -2.95193], "size": [1, 1, 1], "uv": [103, 26], "inflate": 0.1}
				]
			},
			{
				"name": "bone4",
				"parent": "bone416",
				"pivot": [-4.92979, 22.23648, -0.58538],
				"rotation": [60, 27.5, -40]
			},
			{
				"name": "bone5",
				"parent": "bone416",
				"pivot": [-2.58721, 25.71511, -3.00808],
				"rotation": [-50, 50, -140],
				"cubes": [
					{"origin": [-2.49374, 26.54848, -5.07369], "size": [1, 1, 1], "uv": [103, 20]}
				]
			},
			{
				"name": "bone6",
				"parent": "bone416",
				"pivot": [-3.95628, 23.3675, -1.28314],
				"rotation": [17.5, -70, -50],
				"cubes": [
					{"origin": [-5.04067, 23.08069, -1.00138], "size": [1, 1.2, 1], "uv": [103, 13], "inflate": -0.1}
				]
			},
			{
				"name": "bone15",
				"parent": "head",
				"pivot": [4.575, 22.675, -0.825],
				"rotation": [-15.2566, 5.09569, 1.71053]
			},
			{
				"name": "bone16",
				"parent": "bone15",
				"pivot": [6.98053, 25.03218, -3.70445],
				"rotation": [6.5, -3.25, -3.75],
				"cubes": [
					{"origin": [5.308, 25.28608, -4.69641], "size": [3, 1, 2], "uv": [88, 83], "inflate": -0.1}
				]
			},
			{
				"name": "bone17",
				"parent": "bone15",
				"pivot": [2.50353, 25.16751, -2.125],
				"rotation": [12.5, 16.25, -15],
				"cubes": [
					{"origin": [3.50353, 24.66751, -4.125], "size": [3, 1, 2], "uv": [88, 27], "inflate": -0.1}
				]
			},
			{
				"name": "bone18",
				"parent": "bone15",
				"pivot": [2.20353, 25.34251, -2],
				"rotation": [17.5, 8.75, -15],
				"cubes": [
					{"origin": [2.20353, 24.84251, -4.75], "size": [4, 1, 1.1], "uv": [88, 86], "inflate": -0.2}
				]
			},
			{
				"name": "bone19",
				"parent": "bone15",
				"pivot": [1.03005, 24.82272, 0.525],
				"rotation": [-57.5, 42.5, -30],
				"cubes": [
					{"origin": [3.56607, 24.04648, 2.38147], "size": [5, 1, 2], "uv": [74, 66], "inflate": -0.2},
					{"origin": [8.1161, 24.04648, 3.28147], "size": [1, 1, 1], "uv": [74, 103], "inflate": -0.2}
				]
			},
			{
				"name": "bone20",
				"parent": "bone15",
				"pivot": [2.62744, 24.91749, -1.85],
				"rotation": [-27.5, 28.75, -18.25],
				"cubes": [
					{"origin": [3.62744, 24.41749, -2.05], "size": [3, 1, 2.5], "uv": [85, 45], "inflate": -0.2}
				]
			},
			{
				"name": "bone21",
				"parent": "bone15",
				"pivot": [2.63164, 25.21041, -2.26064],
				"rotation": [-3.5, 29.25, -11.75],
				"cubes": [
					{"origin": [2.63164, 24.71041, -2.26064], "size": [3, 1, 1], "uv": [96, 83], "inflate": -0.1}
				]
			},
			{
				"name": "bone22",
				"parent": "bone15",
				"pivot": [3.73295, 22.33574, 1.70647],
				"rotation": [-113, 42.5, -55],
				"cubes": [
					{"origin": [6.73295, 21.81074, 2.33147], "size": [4, 1, 2], "uv": [78, 10], "inflate": -0.2}
				]
			},
			{
				"name": "bone23",
				"parent": "bone15",
				"pivot": [1.13235, 23.62604, 3.375],
				"rotation": [-92.5, 42.5, -27.5],
				"cubes": [
					{"origin": [5.61837, 22.8498, 4.63147], "size": [2, 1, 2.5], "uv": [68, 59], "inflate": -0.2}
				]
			},
			{
				"name": "bone24",
				"parent": "bone15",
				"pivot": [-1.37147, -1.60749, -0.825]
			},
			{
				"name": "bone25",
				"parent": "bone24",
				"pivot": [3.29805, 24.46304, -3.05],
				"rotation": [-37.5, 0, 22.5],
				"cubes": [
					{"origin": [3.61862, 24.25395, -2.7944], "size": [1, 1, 1], "uv": [11, 103], "inflate": 0.5}
				]
			},
			{
				"name": "bone26",
				"parent": "bone24",
				"pivot": [4.49146, 24.64026, -3.375],
				"rotation": [-30, -17.5, 30],
				"cubes": [
					{"origin": [4.73023, 24.53875, -4.07135], "size": [1, 1, 1], "uv": [102, 93], "inflate": 0.2}
				]
			},
			{
				"name": "bone27",
				"parent": "bone24",
				"pivot": [3.98169, 22.4034, -0.94324],
				"rotation": [-17.5, -22.5, 22.5]
			},
			{
				"name": "bone28",
				"parent": "bone24",
				"pivot": [3.68954, 22.46761, -2.26083],
				"rotation": [0, -27.5, 15]
			},
			{
				"name": "bone29",
				"parent": "bone24",
				"pivot": [5.23332, 23.69673, -2.55],
				"rotation": [-30, -45, 60],
				"cubes": [
					{"origin": [4.13985, 24.5301, -4.61561], "size": [1, 1, 1.2], "uv": [102, 91]}
				]
			},
			{
				"name": "bone30",
				"parent": "bone24",
				"pivot": [4.6772, 24.39814, -3.05],
				"rotation": [-15, 12.5, 50],
				"cubes": [
					{"origin": [4.76159, 24.11133, -2.76824], "size": [1, 1.2, 1], "uv": [102, 81], "inflate": 0.1}
				]
			},
			{
				"name": "bone31",
				"parent": "bone24",
				"pivot": [3.61673, 21.74936, -0.35],
				"rotation": [-30, -45, 60],
				"cubes": [
					{"origin": [2.52326, 22.58273, -2.41561], "size": [1, 1, 1], "uv": [102, 77], "inflate": 0.1}
				]
			},
			{
				"name": "bone32",
				"parent": "bone24",
				"pivot": [4.11017, 25.34931, -3.125],
				"rotation": [-50, -35, 112.5],
				"cubes": [
					{"origin": [3.0167, 26.18268, -5.19061], "size": [1, 1, 1], "uv": [101, 89], "inflate": -0.1}
				]
			},
			{
				"name": "bone33",
				"parent": "bone24",
				"pivot": [2.60885, 22.48109, 0.45],
				"rotation": [-2.5, -82.5, 60]
			},
			{
				"name": "bone34",
				"parent": "bone24",
				"pivot": [3.9708, 20.70517, 0.47538],
				"rotation": [-7.5, -27.5, 62.5]
			},
			{
				"name": "bone35",
				"parent": "bone24",
				"pivot": [6.5142, 23.69537, -2.68203],
				"rotation": [-30, -22.5, 37.5],
				"cubes": [
					{"origin": [5.90548, 23.23481, -3.17134], "size": [1, 1, 1.2], "uv": [99, 39], "inflate": 0.1}
				]
			},
			{
				"name": "bone36",
				"parent": "bone24",
				"pivot": [4.52393, 22.307, -1.12928],
				"rotation": [-30, -45, 60],
				"cubes": [
					{"origin": [3.29468, 22.83412, -2.95193], "size": [1, 1, 1], "uv": [88, 30], "inflate": 0.1}
				]
			},
			{
				"name": "bone37",
				"parent": "bone24",
				"pivot": [4.92979, 22.23648, -0.58538],
				"rotation": [60, -27.5, 40]
			},
			{
				"name": "bone38",
				"parent": "bone24",
				"pivot": [2.58721, 25.71511, -3.00808],
				"rotation": [-50, -50, 140],
				"cubes": [
					{"origin": [1.49374, 26.54848, -5.07369], "size": [1, 1, 1], "uv": [85, 5]}
				]
			},
			{
				"name": "bone39",
				"parent": "bone24",
				"pivot": [3.95628, 23.3675, -1.28314],
				"rotation": [17.5, 70, 50],
				"cubes": [
					{"origin": [4.04067, 23.08069, -1.00138], "size": [1, 1.2, 1], "uv": [66, 68], "inflate": -0.1}
				]
			},
			{
				"name": "ahoge",
				"parent": "head",
				"pivot": [-1, 21.1, 0]
			},
			{
				"name": "bone364",
				"parent": "ahoge",
				"pivot": [-1, 21.1, 0],
				"rotation": [0, 0, 20]
			},
			{
				"name": "bone40",
				"parent": "bone364",
				"pivot": [-0.975, 26.725, -2.275],
				"rotation": [-38.5, 20, 30],
				"cubes": [
					{"origin": [-2.475, 24.725, -3.275], "size": [2, 3, 0], "uv": [102, 85]}
				]
			},
			{
				"name": "bone",
				"parent": "bone364",
				"pivot": [-0.45, 26.6, -1.125],
				"rotation": [42.5, 20, 17.5],
				"cubes": [
					{"origin": [-1.95, 25.6, -1.125], "size": [2, 3, 0], "uv": [102, 74]}
				]
			},
			{
				"name": "_helmet",
				"parent": "head",
				"pivot": [0, 17.925, 0]
			},
			{
				"name": "earphone",
				"parent": "_helmet",
				"pivot": [0, 17.925, 0]
			},
			{
				"name": "bone42",
				"parent": "earphone",
				"pivot": [-5.95, 23.7, -3.15],
				"rotation": [-10, -140, -47.5],
				"cubes": [
					{"origin": [-6.95, 22.7, -3.65], "size": [2, 2, 1], "uv": [98, 29], "inflate": 0.1},
					{"origin": [-7.45, 22.2, -4.05], "size": [3, 3, 1.7], "uv": [26, 68], "inflate": -0.3},
					{"origin": [-6.05, 23.525, -3.225], "size": [1.5, 1, 1], "uv": [46, 68], "inflate": -0.3}
				]
			},
			{
				"name": "bone43",
				"parent": "earphone",
				"pivot": [0, 21.225, 0.325],
				"rotation": [-17.5, 0, 0]
			},
			{
				"name": "bone44",
				"parent": "bone43",
				"pivot": [0, 21.77686, 0.17465],
				"cubes": [
					{"origin": [-2.025, 21.91756, 5.05318], "size": [4, 1, 1], "uv": [87, 0]}
				]
			},
			{
				"name": "bone48",
				"parent": "bone43",
				"pivot": [-0.7, 21.34662, -0.10911],
				"rotation": [0, -15, 0],
				"cubes": [
					{"origin": [-1.96492, 21.91627, 5.12761], "size": [2, 1, 1], "uv": [99, 37]}
				]
			},
			{
				"name": "bone49",
				"parent": "bone43",
				"pivot": [-0.65, 21.44564, 0.1218],
				"rotation": [0, -37.5, 0],
				"cubes": [
					{"origin": [-1.51653, 21.9225, 5.26619], "size": [2, 1, 1], "uv": [99, 35]}
				]
			},
			{
				"name": "bone50",
				"parent": "bone43",
				"pivot": [-1.95, 21.55818, 3.97757],
				"rotation": [5, -65.25, -2.5],
				"cubes": [
					{"origin": [-5.77078, 21.82251, 6.01036], "size": [3, 1, 1], "uv": [96, 27]}
				]
			},
			{
				"name": "bone51",
				"parent": "bone43",
				"pivot": [0.1, 21.77063, 0.07176],
				"rotation": [0, -85, 0],
				"cubes": [
					{"origin": [-3.70496, 21.866, 5.63281], "size": [5, 1, 1], "uv": [79, 49]}
				]
			},
			{
				"name": "bone359",
				"parent": "bone43",
				"pivot": [0.7, 21.34662, -0.10911],
				"rotation": [0, 15, 0],
				"cubes": [
					{"origin": [-0.03508, 21.91627, 5.12761], "size": [2, 1, 1], "uv": [98, 21]}
				]
			},
			{
				"name": "bone360",
				"parent": "bone43",
				"pivot": [0.65, 21.44564, 0.1218],
				"rotation": [0, 37.5, 0],
				"cubes": [
					{"origin": [-0.48347, 21.9225, 5.26619], "size": [2, 1, 1], "uv": [46, 70]}
				]
			},
			{
				"name": "bone361",
				"parent": "bone43",
				"pivot": [1.95, 21.55818, 3.97757],
				"rotation": [5, 65.25, 2.5],
				"cubes": [
					{"origin": [2.77078, 21.82251, 6.01036], "size": [3, 1, 1], "uv": [93, 45]}
				]
			},
			{
				"name": "bone362",
				"parent": "bone43",
				"pivot": [-0.1, 21.77063, 0.07176],
				"rotation": [0, 85, 0],
				"cubes": [
					{"origin": [-1.29504, 21.866, 5.63281], "size": [5, 1, 1], "uv": [76, 73]}
				]
			},
			{
				"name": "bone363",
				"parent": "earphone",
				"pivot": [5.95, 23.7, -3.15],
				"rotation": [-10, 140, 47.5],
				"cubes": [
					{"origin": [4.95, 22.7, -3.65], "size": [2, 2, 1], "uv": [98, 14], "inflate": 0.1},
					{"origin": [4.45, 22.2, -4.05], "size": [3, 3, 1.7], "uv": [16, 68], "inflate": -0.3}
				]
			},
			{
				"name": "bone52",
				"parent": "_helmet",
				"pivot": [-3.55, 24.225, -4.7],
				"rotation": [-21, 3.75, -37.5],
				"cubes": [
					{"origin": [-6.05, 21.725, -6.7], "size": [5, 5, 4], "uv": [0, 45], "inflate": -2}
				]
			},
			{
				"name": "bone53",
				"parent": "_helmet",
				"pivot": [-3, 24.175, -4.6],
				"rotation": [-22.5, 15, 0],
				"cubes": [
					{"origin": [-4, 23.675, -5.1], "size": [2, 1, 1], "uv": [68, 6], "inflate": -0.3}
				]
			},
			{
				"name": "armRight",
				"pivot": [-3, 17.5, 0],
				"rotation": [0, 0, 25]
			},
			{
				"name": "chestPlateRight",
				"parent": "armRight",
				"pivot": [-3, 17.5, 0],
				"cubes": [
					{"origin": [-5, 8.5, -1], "size": [2, 8, 2], "uv": [0, 71]}
				]
			},
			{
				"name": "bone162",
				"parent": "chestPlateRight",
				"pivot": [-3, 17.5, 0],
				"cubes": [
					{"origin": [-5.5, 14.25, -1.5], "size": [4, 2, 3], "uv": [0, 66], "inflate": -0.2},
					{"origin": [-5.5, 8.175, -1.5], "size": [3, 2, 3], "uv": [73, 61], "inflate": -0.3},
					{"origin": [-5.5, 8.925, -1.5], "size": [3, 2, 3], "uv": [73, 2], "inflate": -0.4}
				]
			},
			{
				"name": "bone163",
				"parent": "bone162",
				"pivot": [-3.93975, 14.76573, 0],
				"rotation": [9.25, 0, 0]
			},
			{
				"name": "bone164",
				"parent": "bone163",
				"pivot": [-3.93975, 7.26573, 0]
			},
			{
				"name": "bone165",
				"parent": "bone164",
				"pivot": [-3.93975, 7.26573, 3.4681],
				"rotation": [15, 0, 0],
				"cubes": [
					{"origin": [-5.43975, 9.01517, 3.4681], "size": [3, 7, 0], "uv": [0, 90]}
				]
			},
			{
				"name": "bone166",
				"parent": "bone165",
				"pivot": [-1.43975, 7.01517, 3.4681],
				"rotation": [0, 0, -14.51082],
				"cubes": [
					{"origin": [-2.43975, 9.01517, 3.4671], "size": [2, 7, 0], "uv": [50, 94]}
				]
			},
			{
				"name": "bone167",
				"parent": "bone165",
				"pivot": [-6.43975, 7.01517, 3.4681],
				"rotation": [0, 0, 14.51082],
				"cubes": [
					{"origin": [-7.43975, 9.01517, 3.4691], "size": [2, 7, 0], "uv": [46, 94]}
				]
			},
			{
				"name": "bone168",
				"parent": "bone163",
				"pivot": [-3.93975, 7.26573, 0],
				"rotation": [0, 90, 0]
			},
			{
				"name": "bone169",
				"parent": "bone168",
				"pivot": [-3.93975, 7.26573, 3.4681],
				"rotation": [15, 0, 0],
				"cubes": [
					{"origin": [-5.43975, 9.01517, 3.4681], "size": [3, 7, 0], "uv": [89, 36]}
				]
			},
			{
				"name": "bone170",
				"parent": "bone169",
				"pivot": [-1.43975, 7.01517, 3.4681],
				"rotation": [0, 0, -14.51082],
				"cubes": [
					{"origin": [-2.43975, 10.01517, 3.4671], "size": [2, 6, 0], "uv": [78, 96]}
				]
			},
			{
				"name": "bone171",
				"parent": "bone169",
				"pivot": [-6.43975, 7.01517, 3.4681],
				"rotation": [0, 0, 14.51082],
				"cubes": [
					{"origin": [-7.43975, 9.01517, 3.4691], "size": [2, 7, 0], "uv": [30, 94]}
				]
			},
			{
				"name": "bone172",
				"parent": "bone163",
				"pivot": [-3.93975, 7.26573, 0],
				"rotation": [0, 180, 0]
			},
			{
				"name": "bone173",
				"parent": "bone172",
				"pivot": [-3.93975, 7.26573, 3.4681],
				"rotation": [15, 0, 0],
				"cubes": [
					{"origin": [-5.43975, 10.01517, 3.4681], "size": [3, 6, 0], "uv": [0, 31]}
				]
			},
			{
				"name": "bone174",
				"parent": "bone173",
				"pivot": [-1.43975, 7.01517, 3.4681],
				"rotation": [0, 0, -14.51082],
				"cubes": [
					{"origin": [-2.43975, 10.01517, 3.4671], "size": [2, 6, 0], "uv": [62, 96]}
				]
			},
			{
				"name": "bone175",
				"parent": "bone173",
				"pivot": [-6.43975, 7.01517, 3.4681],
				"rotation": [0, 0, 14.51082],
				"cubes": [
					{"origin": [-7.43975, 10.01517, 3.4691], "size": [2, 6, 0], "uv": [95, 36]}
				]
			},
			{
				"name": "bone176",
				"parent": "bone163",
				"pivot": [-3.93975, 7.26573, 0],
				"rotation": [0, 270, 0]
			},
			{
				"name": "bone177",
				"parent": "bone176",
				"pivot": [-3.93975, 7.26573, 3.4681],
				"rotation": [15, 0, 0],
				"cubes": [
					{"origin": [-5.43975, 9.01517, 3.4681], "size": [3, 7, 0], "uv": [89, 5]},
					{"origin": [-7.43975, 11.29073, 0.9931], "size": [7, 7, 5], "uv": [27, 11], "inflate": -2.5}
				]
			},
			{
				"name": "bone178",
				"parent": "bone177",
				"pivot": [-1.43975, 7.01517, 3.4681],
				"rotation": [0, 0, -14.51082],
				"cubes": [
					{"origin": [-2.43975, 9.01517, 3.4671], "size": [2, 7, 0], "uv": [26, 94]}
				]
			},
			{
				"name": "bone179",
				"parent": "bone177",
				"pivot": [-6.43975, 7.01517, 3.4681],
				"rotation": [0, 0, 14.51082],
				"cubes": [
					{"origin": [-7.43975, 10.01517, 3.4691], "size": [2, 6, 0], "uv": [95, 5]}
				]
			},
			{
				"name": "_chestPlateRight",
				"parent": "armRight",
				"pivot": [-3, 17.5, 0]
			},
			{
				"name": "bone229",
				"parent": "_chestPlateRight",
				"pivot": [-3, 17.5, 0],
				"cubes": [
					{"origin": [-4.77342, 8.60565, -1], "size": [2, 8, 2], "uv": [50, 70]}
				]
			},
			{
				"name": "bone211",
				"parent": "bone229",
				"pivot": [-2.72176, 18.67796, 0.6],
				"rotation": [-7.5, 0, 0]
			},
			{
				"name": "bone212",
				"parent": "bone211",
				"pivot": [-3.66151, 15.94369, 0.6],
				"rotation": [9.25, 0, 0]
			},
			{
				"name": "bone213",
				"parent": "bone212",
				"pivot": [-3.66151, 8.45896, 0.10023]
			},
			{
				"name": "bone214",
				"parent": "bone213",
				"pivot": [-3.66151, 8.45896, 3.56833],
				"rotation": [15, 0, 0],
				"cubes": [
					{"origin": [-5.16151, 13.20839, 3.56833], "size": [3, 3, 0], "uv": [64, 13]}
				]
			},
			{
				"name": "bone215",
				"parent": "bone214",
				"pivot": [-1.16151, 8.20839, 3.56833],
				"rotation": [0, 0, -14.51082],
				"cubes": [
					{"origin": [-2.16151, 13.20839, 3.56733], "size": [2, 3, 0], "uv": [102, 71]}
				]
			},
			{
				"name": "bone216",
				"parent": "bone214",
				"pivot": [-6.16151, 8.20839, 3.56833],
				"rotation": [0, 0, 14.51082],
				"cubes": [
					{"origin": [-7.16151, 13.20839, 3.56933], "size": [2, 3, 0], "uv": [102, 68]}
				]
			},
			{
				"name": "bone217",
				"parent": "bone212",
				"pivot": [-3.66151, 8.44369, 0.6],
				"rotation": [0, 90, 0]
			},
			{
				"name": "bone218",
				"parent": "bone217",
				"pivot": [-3.66151, 8.44369, 4.0681],
				"rotation": [15, 0, 0],
				"cubes": [
					{"origin": [-4.16151, 13.19312, 4.0681], "size": [2, 3, 0], "uv": [102, 65]}
				]
			},
			{
				"name": "bone219",
				"parent": "bone218",
				"pivot": [-1.16151, 8.19312, 4.0681],
				"rotation": [0, 0, -14.51082],
				"cubes": [
					{"origin": [-2.16151, 13.19312, 4.0671], "size": [2, 3, 0], "uv": [102, 62]}
				]
			},
			{
				"name": "bone220",
				"parent": "bone218",
				"pivot": [-6.16151, 8.19312, 4.0681],
				"rotation": [0, 0, 14.51082],
				"cubes": [
					{"origin": [-6.68138, 13.33262, 4.07305], "size": [2, 3, 0], "uv": [102, 59]}
				]
			},
			{
				"name": "bone221",
				"parent": "bone212",
				"pivot": [-3.66151, 8.44369, 0.6],
				"rotation": [0, 180, 0]
			},
			{
				"name": "bone222",
				"parent": "bone221",
				"pivot": [-3.66151, 8.44369, 4.0681],
				"rotation": [15, 0, 0],
				"cubes": [
					{"origin": [-5.16151, 13.19312, 4.0681], "size": [3, 3, 0], "uv": [39, 49]}
				]
			},
			{
				"name": "bone223",
				"parent": "bone222",
				"pivot": [-1.16151, 8.19312, 4.0681],
				"rotation": [0, 0, -14.51082],
				"cubes": [
					{"origin": [-2.16151, 13.19312, 4.0671], "size": [2, 3, 0], "uv": [100, 102]}
				]
			},
			{
				"name": "bone224",
				"parent": "bone222",
				"pivot": [-6.16151, 8.19312, 4.0681],
				"rotation": [0, 0, 14.51082],
				"cubes": [
					{"origin": [-7.16151, 13.19312, 4.0691], "size": [2, 3, 0], "uv": [96, 102]}
				]
			},
			{
				"name": "bone225",
				"parent": "bone212",
				"pivot": [-3.66151, 8.44369, 0.6],
				"rotation": [0, 270, 0]
			},
			{
				"name": "bone226",
				"parent": "bone225",
				"pivot": [-3.66151, 8.44369, 4.0681],
				"rotation": [15, 0, 0],
				"cubes": [
					{"origin": [-5.16151, 13.19312, 4.0681], "size": [2, 3, 0], "uv": [92, 102]}
				]
			},
			{
				"name": "bone227",
				"parent": "bone226",
				"pivot": [-1.16151, 8.19312, 4.0681],
				"rotation": [0, 0, -14.51082],
				"cubes": [
					{"origin": [-2.64164, 13.33262, 4.07105], "size": [2, 3, 0], "uv": [82, 102]}
				]
			},
			{
				"name": "bone228",
				"parent": "bone226",
				"pivot": [-6.16151, 8.19312, 4.0681],
				"rotation": [0, 0, 14.51082],
				"cubes": [
					{"origin": [-7.16151, 13.19312, 4.0691], "size": [2, 3, 0], "uv": [78, 102]}
				]
			},
			{
				"name": "bone210",
				"parent": "bone229",
				"pivot": [-2.77342, 17.60565, 0],
				"cubes": [
					{"origin": [-5.27342, 14.75565, -1.5], "size": [4, 2, 3], "uv": [64, 8], "inflate": -0.4},
					{"origin": [-5.27342, 9.28065, -1.5], "size": [3, 1, 3], "uv": [76, 69], "inflate": -0.4},
					{"origin": [-5.27342, 9.65565, -1.5], "size": [3, 1, 3], "uv": [76, 69], "inflate": -0.4}
				]
			},
			{
				"name": "bone277",
				"parent": "bone229",
				"pivot": [-3, 17.5, 0]
			},
			{
				"name": "bone278",
				"parent": "bone277",
				"pivot": [-5.22798, 15.25229, -0.525],
				"rotation": [-33.58726, 71.99347, -34.02833]
			},
			{
				"name": "bone289",
				"parent": "bone278",
				"pivot": [-5.30476, 15.02681, -0.775],
				"rotation": [-20, 0, -17.5],
				"cubes": [
					{"origin": [-5.80476, 14.02681, -1.15], "size": [1, 2, 0.75], "uv": [42, 68], "inflate": -0.35}
				]
			},
			{
				"name": "bone290",
				"parent": "bone278",
				"pivot": [-5.40476, 14.57681, -0.8],
				"rotation": [-18.75, 11.5, -8.75],
				"cubes": [
					{"origin": [-5.90476, 13.07681, -1.175], "size": [1, 3, 0.75], "uv": [54, 45], "inflate": -0.35}
				]
			},
			{
				"name": "bone291",
				"parent": "bone278",
				"pivot": [-5.90476, 15.02681, -0.775],
				"rotation": [-20, 0, 17.5],
				"cubes": [
					{"origin": [-6.40476, 14.02681, -1.15], "size": [1, 2, 0.75], "uv": [36, 68], "inflate": -0.35}
				]
			},
			{
				"name": "bone292",
				"parent": "bone278",
				"pivot": [-5.80476, 14.57681, -0.8],
				"rotation": [-18.75, -11.5, 8.75],
				"cubes": [
					{"origin": [-6.30476, 13.07681, -1.175], "size": [1, 3, 0.75], "uv": [9, 54], "inflate": -0.35}
				]
			},
			{
				"name": "armLeft",
				"pivot": [3, 17.5, 0],
				"rotation": [0, 0, -25]
			},
			{
				"name": "chestPlateLeft",
				"parent": "armLeft",
				"pivot": [3, 17.5, 0],
				"cubes": [
					{"origin": [3, 8.5, -1], "size": [2, 8, 2], "uv": [68, 68]}
				]
			},
			{
				"name": "bone161",
				"parent": "chestPlateLeft",
				"pivot": [3, 17.5, 0],
				"cubes": [
					{"origin": [1.5, 14.25, -1.5], "size": [4, 2, 3], "uv": [62, 63], "inflate": -0.2},
					{"origin": [2.5, 8.175, -1.5], "size": [3, 2, 3], "uv": [72, 13], "inflate": -0.3}
				]
			},
			{
				"name": "bone144",
				"parent": "bone161",
				"pivot": [3.93975, 14.76573, 0],
				"rotation": [9.25, 0, 0]
			},
			{
				"name": "bone145",
				"parent": "bone144",
				"pivot": [3.93975, 7.26573, 0]
			},
			{
				"name": "bone146",
				"parent": "bone145",
				"pivot": [3.93975, 7.26573, 3.4681],
				"rotation": [15, 0, 0],
				"cubes": [
					{"origin": [2.43975, 9.01517, 3.4681], "size": [3, 7, 0], "uv": [88, 68]}
				]
			},
			{
				"name": "bone147",
				"parent": "bone146",
				"pivot": [1.43975, 7.01517, 3.4681],
				"rotation": [0, 0, 14.51082],
				"cubes": [
					{"origin": [0.43975, 9.01517, 3.4671], "size": [2, 7, 0], "uv": [22, 94]}
				]
			},
			{
				"name": "bone148",
				"parent": "bone146",
				"pivot": [6.43975, 7.01517, 3.4681],
				"rotation": [0, 0, -14.51082],
				"cubes": [
					{"origin": [5.43975, 9.01517, 3.4691], "size": [2, 7, 0], "uv": [10, 94]}
				]
			},
			{
				"name": "bone149",
				"parent": "bone144",
				"pivot": [3.93975, 7.26573, 0],
				"rotation": [0, -90, 0]
			},
			{
				"name": "bone150",
				"parent": "bone149",
				"pivot": [3.93975, 7.26573, 3.4681],
				"rotation": [15, 0, 0],
				"cubes": [
					{"origin": [2.43975, 9.01517, 3.4681], "size": [3, 7, 0], "uv": [88, 88]}
				]
			},
			{
				"name": "bone151",
				"parent": "bone150",
				"pivot": [1.43975, 7.01517, 3.4681],
				"rotation": [0, 0, 14.51082],
				"cubes": [
					{"origin": [0.43975, 10.01517, 3.4671], "size": [2, 6, 0], "uv": [88, 95]}
				]
			},
			{
				"name": "bone152",
				"parent": "bone150",
				"pivot": [6.43975, 7.01517, 3.4681],
				"rotation": [0, 0, -14.51082],
				"cubes": [
					{"origin": [5.43975, 9.01517, 3.4691], "size": [2, 7, 0], "uv": [6, 94]}
				]
			},
			{
				"name": "bone153",
				"parent": "bone144",
				"pivot": [3.93975, 7.26573, 0],
				"rotation": [0, -180, 0]
			},
			{
				"name": "bone154",
				"parent": "bone153",
				"pivot": [3.93975, 7.26573, 3.4681],
				"rotation": [15, 0, 0],
				"cubes": [
					{"origin": [2.43975, 10.01517, 3.4681], "size": [3, 6, 0], "uv": [0, 16]}
				]
			},
			{
				"name": "bone155",
				"parent": "bone154",
				"pivot": [1.43975, 7.01517, 3.4681],
				"rotation": [0, 0, 14.51082],
				"cubes": [
					{"origin": [0.43975, 10.01517, 3.4671], "size": [2, 6, 0], "uv": [34, 95]}
				]
			},
			{
				"name": "bone156",
				"parent": "bone154",
				"pivot": [6.43975, 7.01517, 3.4681],
				"rotation": [0, 0, -14.51082],
				"cubes": [
					{"origin": [5.43975, 10.01517, 3.4691], "size": [2, 6, 0], "uv": [94, 88]}
				]
			},
			{
				"name": "bone157",
				"parent": "bone144",
				"pivot": [3.93975, 7.26573, 0],
				"rotation": [0, -270, 0]
			},
			{
				"name": "bone158",
				"parent": "bone157",
				"pivot": [3.93975, 7.26573, 3.4681],
				"rotation": [15, 0, 0],
				"cubes": [
					{"origin": [2.43975, 9.01517, 3.4681], "size": [3, 7, 0], "uv": [82, 87]}
				]
			},
			{
				"name": "bone159",
				"parent": "bone158",
				"pivot": [1.43975, 7.01517, 3.4681],
				"rotation": [0, 0, 14.51082],
				"cubes": [
					{"origin": [0.43975, 9.01517, 3.4671], "size": [2, 7, 0], "uv": [74, 93]}
				]
			},
			{
				"name": "bone160",
				"parent": "bone158",
				"pivot": [6.43975, 7.01517, 3.4681],
				"rotation": [0, 0, -14.51082],
				"cubes": [
					{"origin": [5.43975, 10.01517, 3.4691], "size": [2, 6, 0], "uv": [94, 68]}
				]
			},
			{
				"name": "_chestPlateLeft",
				"parent": "armLeft",
				"pivot": [3, 17.5, 0]
			},
			{
				"name": "bone230",
				"parent": "_chestPlateLeft",
				"pivot": [3, 17.5, 0],
				"cubes": [
					{"origin": [2.77342, 8.60565, -1], "size": [2, 8, 2], "uv": [60, 68]}
				]
			},
			{
				"name": "bone231",
				"parent": "bone230",
				"pivot": [2.72176, 18.67796, 0.6],
				"rotation": [-7.5, 0, 0]
			},
			{
				"name": "bone232",
				"parent": "bone231",
				"pivot": [3.66151, 15.94369, 0.6],
				"rotation": [9.25, 0, 0]
			},
			{
				"name": "bone233",
				"parent": "bone232",
				"pivot": [3.66151, 8.45896, 0.10023]
			},
			{
				"name": "bone234",
				"parent": "bone233",
				"pivot": [3.66151, 8.45896, 3.56833],
				"rotation": [15, 0, 0],
				"cubes": [
					{"origin": [2.16151, 13.20839, 3.56833], "size": [3, 3, 0], "uv": [27, 49]}
				]
			},
			{
				"name": "bone235",
				"parent": "bone234",
				"pivot": [1.16151, 8.20839, 3.56833],
				"rotation": [0, 0, 14.51082],
				"cubes": [
					{"origin": [0.16151, 13.20839, 3.56733], "size": [2, 3, 0], "uv": [66, 102]}
				]
			},
			{
				"name": "bone236",
				"parent": "bone234",
				"pivot": [6.16151, 8.20839, 3.56833],
				"rotation": [0, 0, -14.51082],
				"cubes": [
					{"origin": [5.16151, 13.20839, 3.56933], "size": [2, 3, 0], "uv": [62, 102]}
				]
			},
			{
				"name": "bone237",
				"parent": "bone232",
				"pivot": [3.66151, 8.44369, 0.6],
				"rotation": [0, -90, 0]
			},
			{
				"name": "bone238",
				"parent": "bone237",
				"pivot": [3.66151, 8.44369, 4.0681],
				"rotation": [15, 0, 0],
				"cubes": [
					{"origin": [2.16151, 13.19312, 4.0681], "size": [2, 3, 0], "uv": [38, 102]}
				]
			},
			{
				"name": "bone239",
				"parent": "bone238",
				"pivot": [1.16151, 8.19312, 4.0681],
				"rotation": [0, 0, 14.51082],
				"cubes": [
					{"origin": [0.16151, 13.19312, 4.0671], "size": [2, 3, 0], "uv": [101, 44]}
				]
			},
			{
				"name": "bone240",
				"parent": "bone238",
				"pivot": [6.16151, 8.19312, 4.0681],
				"rotation": [0, 0, -14.51082],
				"cubes": [
					{"origin": [4.68138, 13.33262, 4.07305], "size": [2, 3, 0], "uv": [101, 17]}
				]
			},
			{
				"name": "bone241",
				"parent": "bone232",
				"pivot": [3.66151, 8.44369, 0.6],
				"rotation": [0, -180, 0]
			},
			{
				"name": "bone242",
				"parent": "bone241",
				"pivot": [3.66151, 8.44369, 4.0681],
				"rotation": [15, 0, 0],
				"cubes": [
					{"origin": [2.16151, 13.19312, 4.0681], "size": [3, 3, 0], "uv": [18, 34]}
				]
			},
			{
				"name": "bone243",
				"parent": "bone242",
				"pivot": [1.16151, 8.19312, 4.0681],
				"rotation": [0, 0, 14.51082],
				"cubes": [
					{"origin": [0.16151, 13.19312, 4.0671], "size": [2, 3, 0], "uv": [88, 101]}
				]
			},
			{
				"name": "bone244",
				"parent": "bone242",
				"pivot": [6.16151, 8.19312, 4.0681],
				"rotation": [0, 0, -14.51082],
				"cubes": [
					{"origin": [5.16151, 13.19312, 4.0691], "size": [2, 3, 0], "uv": [58, 101]}
				]
			},
			{
				"name": "bone245",
				"parent": "bone232",
				"pivot": [3.66151, 8.44369, 0.6],
				"rotation": [0, -270, 0]
			},
			{
				"name": "bone246",
				"parent": "bone245",
				"pivot": [3.66151, 8.44369, 4.0681],
				"rotation": [15, 0, 0],
				"cubes": [
					{"origin": [3.16151, 13.19312, 4.0681], "size": [2, 3, 0], "uv": [54, 101]}
				]
			},
			{
				"name": "bone247",
				"parent": "bone246",
				"pivot": [1.16151, 8.19312, 4.0681],
				"rotation": [0, 0, 14.51082],
				"cubes": [
					{"origin": [0.64164, 13.33262, 4.07105], "size": [2, 3, 0], "uv": [50, 101]}
				]
			},
			{
				"name": "bone248",
				"parent": "bone246",
				"pivot": [6.16151, 8.19312, 4.0681],
				"rotation": [0, 0, -14.51082],
				"cubes": [
					{"origin": [5.16151, 13.19312, 4.0691], "size": [2, 3, 0], "uv": [46, 101]}
				]
			},
			{
				"name": "bone249",
				"parent": "bone230",
				"pivot": [2.77342, 17.60565, 0],
				"cubes": [
					{"origin": [1.27342, 14.75565, -1.5], "size": [4, 2, 3], "uv": [62, 0], "inflate": -0.4}
				]
			},
			{
				"name": "bone298",
				"parent": "bone230",
				"pivot": [3, 17.5, 0]
			},
			{
				"name": "bone299",
				"parent": "bone298",
				"pivot": [5.22798, 15.25229, -0.525],
				"rotation": [-33.58726, -71.99347, 34.02833]
			},
			{
				"name": "bone300",
				"parent": "bone299",
				"pivot": [5.30476, 15.02681, -0.775],
				"rotation": [-20, 0, 17.5],
				"cubes": [
					{"origin": [4.80476, 14.02681, -1.15], "size": [1, 2, 0.75], "uv": [66, 37], "inflate": -0.35}
				]
			},
			{
				"name": "bone301",
				"parent": "bone299",
				"pivot": [5.40476, 14.57681, -0.8],
				"rotation": [-18.75, -11.5, 8.75],
				"cubes": [
					{"origin": [4.90476, 13.07681, -1.175], "size": [1, 3, 0.75], "uv": [0, 54], "inflate": -0.35}
				]
			},
			{
				"name": "bone302",
				"parent": "bone299",
				"pivot": [5.90476, 15.02681, -0.775],
				"rotation": [-20, 0, -17.5],
				"cubes": [
					{"origin": [5.40476, 14.02681, -1.15], "size": [1, 2, 0.75], "uv": [0, 66], "inflate": -0.35}
				]
			},
			{
				"name": "bone304",
				"parent": "bone299",
				"pivot": [5.80476, 14.57681, -0.8],
				"rotation": [-18.75, 11.5, -8.75],
				"cubes": [
					{"origin": [5.30476, 13.07681, -1.175], "size": [1, 3, 0.75], "uv": [51, 18], "inflate": -0.35}
				]
			},
			{
				"name": "body",
				"pivot": [0, 10.5, 0]
			},
			{
				"name": "bone93",
				"parent": "body",
				"pivot": [0, 10.5, 0]
			},
			{
				"name": "bone201",
				"parent": "bone93",
				"pivot": [0, 10.5, 0]
			},
			{
				"name": "bone54",
				"parent": "bone201",
				"pivot": [0, 10.5, 0]
			},
			{
				"name": "bone55",
				"parent": "bone54",
				"pivot": [-1.8, 17.025, 0],
				"rotation": [0, 0, -7],
				"cubes": [
					{"origin": [-2.3, 16.025, -3], "size": [1, 2, 6], "uv": [56, 10], "inflate": -0.05}
				]
			},
			{
				"name": "bone87",
				"parent": "bone201",
				"pivot": [0, 10.5, 0]
			},
			{
				"name": "bone88",
				"parent": "bone87",
				"pivot": [1.8, 17.025, 0],
				"rotation": [0, 0, 7],
				"cubes": [
					{"origin": [1.3, 16.025, -3], "size": [1, 2, 6], "uv": [54, 0], "inflate": -0.05}
				]
			},
			{
				"name": "bone94",
				"parent": "bone93",
				"pivot": [0, 10.5, 0]
			},
			{
				"name": "bone95",
				"parent": "bone94",
				"pivot": [-0.8, 16.975, -2.75],
				"rotation": [32.5, 17.5, -27.5],
				"cubes": [
					{"origin": [-1.33007, 16.42376, -3.16956], "size": [1, 1, 1], "uv": [50, 61], "inflate": -0.25}
				]
			},
			{
				"name": "bone350",
				"parent": "bone94",
				"pivot": [-0.375, 16.775, -2.75],
				"rotation": [32.5, 17.5, -27.5],
				"cubes": [
					{"origin": [-0.90507, 16.22376, -3.16956], "size": [1, 1, 1], "uv": [58, 10], "inflate": -0.25}
				]
			},
			{
				"name": "bone351",
				"parent": "bone94",
				"pivot": [-0.5, 16.475, -2.675],
				"rotation": [32.5, 17.5, -27.5],
				"cubes": [
					{"origin": [-1.03007, 15.92376, -3.09456], "size": [1, 1, 1], "uv": [51, 16], "inflate": -0.25}
				]
			},
			{
				"name": "chestPlate",
				"parent": "body",
				"pivot": [0, 10.5, 0],
				"cubes": [
					{"origin": [-3, 8.999, -3], "size": [6, 9, 6], "uv": [24, 24], "inflate": -0.1}
				]
			},
			{
				"name": "bone202",
				"parent": "chestPlate",
				"pivot": [0, 10.5, 0]
			},
			{
				"name": "bone203",
				"parent": "bone202",
				"pivot": [0, 10.5, 0]
			},
			{
				"name": "bone205",
				"parent": "bone203",
				"pivot": [-1.45, 15.925, 0],
				"rotation": [0, 0, 106.25],
				"cubes": [
					{"origin": [-2.16601, 14.86204, -3], "size": [1, 3, 6], "uv": [54, 54], "inflate": -0.05}
				]
			},
			{
				"name": "bone206",
				"parent": "bone202",
				"pivot": [0, 10.5, 0]
			},
			{
				"name": "bone208",
				"parent": "bone206",
				"pivot": [1.45, 15.925, 0],
				"rotation": [0, 0, -106.25],
				"cubes": [
					{"origin": [1.16601, 14.86204, -3], "size": [1, 3, 6], "uv": [51, 43], "inflate": -0.05}
				]
			},
			{
				"name": "bone58",
				"parent": "chestPlate",
				"pivot": [0, 10.5, 0]
			},
			{
				"name": "bone57",
				"parent": "bone58",
				"pivot": [-1.625, 13.8, 0],
				"rotation": [0, 0, 5.75],
				"cubes": [
					{"origin": [-3.125, 11.8, -3], "size": [3.25, 4, 6], "uv": [36, 39]}
				]
			},
			{
				"name": "bone86",
				"parent": "bone58",
				"pivot": [1.625, 13.8, 0],
				"rotation": [0, 0, -5.75],
				"cubes": [
					{"origin": [-0.125, 11.8, -3], "size": [3.25, 4, 6], "uv": [18, 39]}
				]
			},
			{
				"name": "bone92",
				"parent": "bone58",
				"pivot": [1, 14, -2.525],
				"rotation": [0, 0, -42.5],
				"cubes": [
					{"origin": [0.5, 11, -3.025], "size": [1, 8, 1], "uv": [78, 87]},
					{"origin": [0.5, 11.25, -3.45], "size": [1, 8, 1], "uv": [64, 87], "inflate": -0.4}
				]
			},
			{
				"name": "bone59",
				"parent": "bone58",
				"pivot": [0, 10.5, 0],
				"cubes": [
					{"origin": [-3, 14, -3.3], "size": [6, 1, 1], "uv": [73, 0], "inflate": -0.2}
				]
			},
			{
				"name": "bone60",
				"parent": "bone58",
				"pivot": [0, 10.375, -3.45],
				"rotation": [-4.99882, 0.10894, 1.24524]
			},
			{
				"name": "bone79",
				"parent": "bone60",
				"pivot": [-2.625, 13.1, -2.025],
				"rotation": [-6.61682, -16.36867, -1.04456]
			},
			{
				"name": "bone61",
				"parent": "bone79",
				"pivot": [1.375, 11.6, -1.025],
				"rotation": [0, 30, 0],
				"cubes": [
					{"origin": [-1.625, 9.6, -6.025], "size": [1, 8, 0], "uv": [8, 71]},
					{"origin": [-0.625, 8.35, -6.025], "size": [1, 7, 0], "uv": [72, 98]}
				]
			},
			{
				"name": "bone81",
				"parent": "bone61",
				"pivot": [-1.73812, 14.06998, -5.53198],
				"rotation": [0, 0, 5.75],
				"cubes": [
					{"origin": [-2.23812, 10.56998, -6.03198], "size": [1, 7, 0], "uv": [44, 98]}
				]
			},
			{
				"name": "bone80",
				"parent": "bone79",
				"pivot": [-3.25705, 10.12224, -4.04883],
				"rotation": [22.5, 20, 52.5],
				"cubes": [
					{"origin": [-4.63725, 9.37436, -4.09988], "size": [3, 1, 0], "uv": [24, 29]}
				]
			},
			{
				"name": "bone82",
				"parent": "bone60",
				"pivot": [2.625, 13.1, -2.025],
				"rotation": [-6.61682, 16.36867, 1.04456]
			},
			{
				"name": "bone83",
				"parent": "bone82",
				"pivot": [-1.375, 11.6, -1.025],
				"rotation": [0, -30, 0],
				"cubes": [
					{"origin": [0.625, 9.6, -6.025], "size": [1, 8, 0], "uv": [58, 70]},
					{"origin": [-0.375, 8.35, -6.025], "size": [1, 7, 0], "uv": [56, 80]}
				]
			},
			{
				"name": "bone84",
				"parent": "bone83",
				"pivot": [1.73812, 14.06998, -5.53198],
				"rotation": [0, 0, -5.75],
				"cubes": [
					{"origin": [1.23812, 10.56998, -6.03198], "size": [1, 7, 0], "uv": [24, 16]}
				]
			},
			{
				"name": "bone85",
				"parent": "bone82",
				"pivot": [3.25705, 10.12224, -4.04883],
				"rotation": [22.5, -20, -52.5],
				"cubes": [
					{"origin": [1.63725, 9.37436, -4.09988], "size": [3, 1, 0], "uv": [24, 6]}
				]
			},
			{
				"name": "bone90",
				"parent": "bone60",
				"pivot": [-2.52183, 16.94313, -4.325],
				"rotation": [-35, 4, 62.5],
				"cubes": [
					{"origin": [-3.48648, 16.00226, -4.66029], "size": [3, 2, 1], "uv": [92, 2], "inflate": -0.3}
				]
			},
			{
				"name": "bone91",
				"parent": "bone60",
				"pivot": [2.52183, 16.94313, -4.325],
				"rotation": [-35, -4, -62.5],
				"cubes": [
					{"origin": [0.48648, 16.00226, -4.66029], "size": [3, 2, 1], "uv": [90, 75], "inflate": -0.3}
				]
			},
			{
				"name": "bone140",
				"parent": "chestPlate",
				"pivot": [0, 10.5, 0]
			},
			{
				"name": "bone141",
				"parent": "bone140",
				"pivot": [0.4, 11.125, -3],
				"rotation": [-12.5, -3, -19.75],
				"cubes": [
					{"origin": [-3.6, 10.625, -3.5], "size": [7, 1, 1], "uv": [32, 8]}
				]
			},
			{
				"name": "bone142",
				"parent": "bone140",
				"pivot": [4.5, 9, -2.125],
				"rotation": [0, 0, -10.25],
				"cubes": [
					{"origin": [3.5, 6.5, -3.125], "size": [2, 3, 3], "uv": [75, 34], "inflate": 0.1},
					{"origin": [3, 6.475, -3.625], "size": [3, 1, 4], "uv": [48, 38], "inflate": -0.35}
				]
			},
			{
				"name": "bone143",
				"parent": "bone140",
				"pivot": [-4.5, 9, -2.125],
				"rotation": [0, 0, 10.25],
				"cubes": [
					{"origin": [-5.5, 7, -3.125], "size": [2, 3, 3], "uv": [73, 75], "inflate": -0.2}
				]
			},
			{
				"name": "bone62",
				"parent": "chestPlate",
				"pivot": [0, 15.5, 0]
			},
			{
				"name": "bone63",
				"parent": "bone62",
				"pivot": [0, 5, 0]
			},
			{
				"name": "bone64",
				"parent": "bone63",
				"pivot": [0, 5, 4.47051],
				"rotation": [10, 0, 0],
				"cubes": [
					{"origin": [-2.5, 7.65782, 3.47051], "size": [5, 6, 1], "uv": [50, 63]}
				]
			},
			{
				"name": "bone65",
				"parent": "bone64",
				"pivot": [-2.5, 4.65782, 4.47051],
				"rotation": [0, 0, 9.85108],
				"cubes": [
					{"origin": [-4.5, 7.65782, 3.46951], "size": [2, 6, 1], "uv": [58, 87]}
				]
			},
			{
				"name": "bone66",
				"parent": "bone64",
				"pivot": [2.5, 4.65782, 4.47051],
				"rotation": [0, 0, -9.85108],
				"cubes": [
					{"origin": [2.5, 7.65782, 3.47151], "size": [2, 6, 1], "uv": [52, 87]}
				]
			},
			{
				"name": "bone67",
				"parent": "bone62",
				"pivot": [0, 5, 0],
				"rotation": [0, -90, 0]
			},
			{
				"name": "bone68",
				"parent": "bone67",
				"pivot": [0, 5, 4.47051],
				"rotation": [10, 0, 0],
				"cubes": [
					{"origin": [-2.5, 7.65782, 3.47051], "size": [5, 6, 1], "uv": [62, 52]}
				]
			},
			{
				"name": "bone69",
				"parent": "bone68",
				"pivot": [-2.5, 4.65782, 4.47051],
				"rotation": [0, 0, 9.85108],
				"cubes": [
					{"origin": [-4.5, 7.65782, 3.46951], "size": [2, 6, 1], "uv": [46, 87]}
				]
			},
			{
				"name": "bone70",
				"parent": "bone68",
				"pivot": [2.5, 4.65782, 4.47051],
				"rotation": [0, 0, -9.85108],
				"cubes": [
					{"origin": [2.5, 7.65782, 3.47151], "size": [2, 6, 1], "uv": [86, 61]}
				]
			},
			{
				"name": "bone71",
				"parent": "bone62",
				"pivot": [0, 5, 0],
				"rotation": [0, -180, 0]
			},
			{
				"name": "bone72",
				"parent": "bone71",
				"pivot": [0, 5, 4.47051],
				"rotation": [10, 0, 0],
				"cubes": [
					{"origin": [-2.5, 7.65782, 3.47051], "size": [5, 6, 1], "uv": [38, 61]}
				]
			},
			{
				"name": "bone73",
				"parent": "bone72",
				"pivot": [-2.5, 4.65782, 4.47051],
				"rotation": [0, 0, 9.85108],
				"cubes": [
					{"origin": [-4.5, 7.65782, 3.46951], "size": [2, 6, 1], "uv": [86, 54]}
				]
			},
			{
				"name": "bone74",
				"parent": "bone72",
				"pivot": [2.5, 4.65782, 4.47051],
				"rotation": [0, 0, -9.85108],
				"cubes": [
					{"origin": [2.5, 7.65782, 3.47151], "size": [2, 6, 1], "uv": [40, 86]}
				]
			},
			{
				"name": "bone75",
				"parent": "bone62",
				"pivot": [0, 5, 0],
				"rotation": [0, -270, 0]
			},
			{
				"name": "bone76",
				"parent": "bone75",
				"pivot": [0, 5, 4.47051],
				"rotation": [10, 0, 0],
				"cubes": [
					{"origin": [-2.5, 7.65782, 3.47051], "size": [5, 6, 1], "uv": [26, 61]}
				]
			},
			{
				"name": "bone77",
				"parent": "bone76",
				"pivot": [-2.5, 4.65782, 4.47051],
				"rotation": [0, 0, 9.85108],
				"cubes": [
					{"origin": [-4.5, 7.65782, 3.46951], "size": [2, 6, 1], "uv": [54, 52]}
				]
			},
			{
				"name": "bone78",
				"parent": "bone76",
				"pivot": [2.5, 4.65782, 4.47051],
				"rotation": [0, 0, -9.85108],
				"cubes": [
					{"origin": [2.5, 7.65782, 3.47151], "size": [2, 6, 1], "uv": [12, 54]}
				]
			},
			{
				"name": "bone96",
				"parent": "chestPlate",
				"pivot": [0, 10.5, 0]
			},
			{
				"name": "bone97",
				"parent": "bone96",
				"pivot": [0, 10.5, 0],
				"rotation": [0, 0, 180]
			},
			{
				"name": "bone98",
				"parent": "bone97",
				"pivot": [0, -0.9, 0.925],
				"rotation": [7.5, 0, 0]
			},
			{
				"name": "bone99",
				"parent": "bone98",
				"pivot": [0, -0.9, 3.40837],
				"rotation": [18, 0, 0],
				"cubes": [
					{"origin": [-0.5, -0.32519, 6.19078], "size": [1, 4, 1], "uv": [98, 90]}
				]
			},
			{
				"name": "bone100",
				"parent": "bone99",
				"pivot": [-0.5, -1.15737, 3.40837],
				"rotation": [0, 0, 7.39351],
				"cubes": [
					{"origin": [-3.60709, -0.33211, 6.18978], "size": [3, 4, 1], "uv": [85, 78]}
				]
			},
			{
				"name": "bone101",
				"parent": "bone99",
				"pivot": [0.5, -1.15737, 3.40837],
				"rotation": [0, 0, -7.39351],
				"cubes": [
					{"origin": [0.60709, -0.33211, 6.19178], "size": [3, 4, 1], "uv": [85, 16]}
				]
			},
			{
				"name": "bone118",
				"parent": "bone97",
				"pivot": [4.1, 0.025, -6.825],
				"rotation": [-25.89015, 36.16688, -76.31054]
			},
			{
				"name": "bone119",
				"parent": "bone118",
				"pivot": [4.1, 0.025, -4.34163],
				"rotation": [18, 0, 0],
				"cubes": [
					{"origin": [3.6, -0.23237, -1.82961], "size": [1, 4, 1], "uv": [98, 85]}
				]
			},
			{
				"name": "bone120",
				"parent": "bone119",
				"pivot": [3.6, -0.23237, -4.34163],
				"rotation": [0, 0, 7.39351],
				"cubes": [
					{"origin": [2.6, -0.23237, -1.83061], "size": [1, 4, 1], "uv": [98, 74]}
				]
			},
			{
				"name": "bone121",
				"parent": "bone119",
				"pivot": [4.6, -0.23237, -4.34163],
				"rotation": [0, 0, -29.89351],
				"cubes": [
					{"origin": [4.6, -0.23237, -1.82861], "size": [2, 3, 1], "uv": [93, 94]}
				]
			},
			{
				"name": "bone122",
				"parent": "bone97",
				"pivot": [0.25, 0, 0],
				"rotation": [0, -270, 0]
			},
			{
				"name": "bone123",
				"parent": "bone122",
				"pivot": [0.25, 0, 3.13337],
				"rotation": [18, 0, 0],
				"cubes": [
					{"origin": [-1.25, -0.25737, 5.64539], "size": [2, 4, 1], "uv": [68, 93]}
				]
			},
			{
				"name": "bone124",
				"parent": "bone123",
				"pivot": [-0.25, -0.25737, 3.13337],
				"rotation": [0, 0, 7.39351],
				"cubes": [
					{"origin": [-2.25, -0.25737, 5.64439], "size": [2, 4, 1], "uv": [40, 93]}
				]
			},
			{
				"name": "bone125",
				"parent": "bone123",
				"pivot": [0.975, -0.90938, 3.68383],
				"rotation": [6, 0, -19.89351],
				"cubes": [
					{"origin": [0.98594, -0.73698, 5.98288], "size": [2, 4, 1], "uv": [92, 63]}
				]
			},
			{
				"name": "bone332",
				"parent": "bone123",
				"pivot": [1.91094, 2.23764, 5.75541],
				"rotation": [36, 2.5, -42.39351],
				"cubes": [
					{"origin": [0.91094, 1.43764, 5.25541], "size": [2, 3, 1], "uv": [82, 94]}
				]
			},
			{
				"name": "bone126",
				"parent": "bone97",
				"pivot": [0.7, -0.125, 0.975],
				"rotation": [14.55782, 49.14643, 10.27745]
			},
			{
				"name": "bone127",
				"parent": "bone126",
				"pivot": [0.7, -0.125, 3.45837],
				"rotation": [18, 0, 0],
				"cubes": [
					{"origin": [0.2, -0.38237, 5.97039], "size": [1, 4, 1], "uv": [98, 69]}
				]
			},
			{
				"name": "bone128",
				"parent": "bone127",
				"pivot": [0.2, -0.38237, 3.45837],
				"rotation": [0, 0, 7.39351],
				"cubes": [
					{"origin": [-1.8, -0.38237, 5.96939], "size": [2, 4, 1], "uv": [92, 58]}
				]
			},
			{
				"name": "bone129",
				"parent": "bone127",
				"pivot": [1.2, -0.38237, 3.45837],
				"rotation": [0, 0, -7.39351],
				"cubes": [
					{"origin": [1.2, -0.38237, 5.97139], "size": [2, 4, 1], "uv": [92, 53]}
				]
			},
			{
				"name": "bone328",
				"parent": "bone97",
				"pivot": [-4.1, 0.025, -6.825],
				"rotation": [-25.89015, -36.16688, 76.31054]
			},
			{
				"name": "bone329",
				"parent": "bone328",
				"pivot": [-4.1, 0.025, -4.34163],
				"rotation": [18, 0, 0],
				"cubes": [
					{"origin": [-4.6, -0.23237, -1.82961], "size": [1, 4, 1], "uv": [98, 64]}
				]
			},
			{
				"name": "bone330",
				"parent": "bone329",
				"pivot": [-3.6, -0.23237, -4.34163],
				"rotation": [0, 0, -7.39351],
				"cubes": [
					{"origin": [-3.6, -0.23237, -1.83061], "size": [1, 4, 1], "uv": [98, 59]}
				]
			},
			{
				"name": "bone331",
				"parent": "bone329",
				"pivot": [-4.6, -0.23237, -4.34163],
				"rotation": [0, 0, 29.89351],
				"cubes": [
					{"origin": [-6.6, -0.23237, -1.82861], "size": [2, 3, 1], "uv": [65, 48]}
				]
			},
			{
				"name": "bone333",
				"parent": "bone97",
				"pivot": [-0.25, 0, 0],
				"rotation": [0, 270, 0]
			},
			{
				"name": "bone334",
				"parent": "bone333",
				"pivot": [-0.25, 0, 3.13337],
				"rotation": [18, 0, 0],
				"cubes": [
					{"origin": [-0.75, -0.25737, 5.64539], "size": [2, 4, 1], "uv": [92, 48]}
				]
			},
			{
				"name": "bone335",
				"parent": "bone334",
				"pivot": [0.25, -0.25737, 3.13337],
				"rotation": [0, 0, -7.39351],
				"cubes": [
					{"origin": [0.25, -0.25737, 5.64439], "size": [2, 4, 1], "uv": [92, 12]}
				]
			},
			{
				"name": "bone336",
				"parent": "bone334",
				"pivot": [-0.975, -0.90938, 3.68383],
				"rotation": [6, 0, 19.89351],
				"cubes": [
					{"origin": [-2.98594, -0.73698, 5.98288], "size": [2, 4, 1], "uv": [16, 92]}
				]
			},
			{
				"name": "bone337",
				"parent": "bone334",
				"pivot": [-1.91094, 2.23764, 5.75541],
				"rotation": [36, -2.5, 42.39351],
				"cubes": [
					{"origin": [-2.91094, 1.46264, 5.25541], "size": [2, 3, 1], "uv": [58, 38]}
				]
			},
			{
				"name": "bone338",
				"parent": "bone97",
				"pivot": [-0.7, -0.125, 0.975],
				"rotation": [14.55782, -49.14643, -10.27745]
			},
			{
				"name": "bone339",
				"parent": "bone338",
				"pivot": [-0.7, -0.125, 3.45837],
				"rotation": [18, 0, 0],
				"cubes": [
					{"origin": [-1.2, -0.38237, 5.97039], "size": [1, 4, 1], "uv": [42, 23]}
				]
			},
			{
				"name": "bone340",
				"parent": "bone339",
				"pivot": [-0.2, -0.38237, 3.45837],
				"rotation": [0, 0, -7.39351],
				"cubes": [
					{"origin": [-0.2, -0.38237, 5.96939], "size": [2, 4, 1], "uv": [18, 38]}
				]
			},
			{
				"name": "bone341",
				"parent": "bone339",
				"pivot": [-1.2, -0.38237, 3.45837],
				"rotation": [0, 0, 7.39351],
				"cubes": [
					{"origin": [-3.2, -0.38237, 5.97139], "size": [2, 4, 1], "uv": [0, 38]}
				]
			},
			{
				"name": "bone105",
				"parent": "chestPlate",
				"pivot": [0, 18.5, 0]
			},
			{
				"name": "bone106",
				"parent": "bone105",
				"pivot": [0, 8, -0.6]
			},
			{
				"name": "bone107",
				"parent": "bone106",
				"pivot": [0, 8, 1.88337],
				"rotation": [18, 0, 0],
				"cubes": [
					{"origin": [-1, 6.74263, 6.39539], "size": [2, 9, 0], "uv": [36, 86]}
				]
			},
			{
				"name": "bone108",
				"parent": "bone107",
				"pivot": [-0.5, 7.74263, 1.88337],
				"rotation": [0, 0, 7.39351],
				"cubes": [
					{"origin": [-3.42147, 6.68794, 6.39439], "size": [3, 9, 0], "uv": [79, 40]}
				]
			},
			{
				"name": "bone109",
				"parent": "bone107",
				"pivot": [0.5, 7.74263, 1.88337],
				"rotation": [0, 0, -7.39351],
				"cubes": [
					{"origin": [0.44626, 6.68473, 6.39639], "size": [3, 9, 0], "uv": [64, 78]}
				]
			},
			{
				"name": "bone110",
				"parent": "bone105",
				"pivot": [0, 8, 0],
				"rotation": [0, -45, 0]
			},
			{
				"name": "bone111",
				"parent": "bone110",
				"pivot": [0, 8, 2.48337],
				"rotation": [18, 0, 0],
				"cubes": [
					{"origin": [-1, 6.74263, 6.99539], "size": [2, 9, 0], "uv": [85, 36]}
				]
			},
			{
				"name": "bone112",
				"parent": "bone111",
				"pivot": [-0.5, 7.74263, 2.48337],
				"rotation": [0, 0, 7.39351],
				"cubes": [
					{"origin": [-2, 6.74263, 6.99439], "size": [2, 9, 0], "uv": [32, 85]}
				]
			},
			{
				"name": "bone113",
				"parent": "bone111",
				"pivot": [0.5, 7.74263, 2.48337],
				"rotation": [0, 0, -7.39351],
				"cubes": [
					{"origin": [0, 6.74263, 6.99639], "size": [2, 9, 0], "uv": [28, 85]}
				]
			},
			{
				"name": "bone114",
				"parent": "bone105",
				"pivot": [0.875, 7.65, -0.15],
				"rotation": [-180, -87.5, 180]
			},
			{
				"name": "bone115",
				"parent": "bone114",
				"pivot": [0.875, 7.65, 2.33337],
				"rotation": [18, 0, 0],
				"cubes": [
					{"origin": [-0.125, 6.39263, 6.84539], "size": [2, 9, 0], "uv": [24, 85]}
				]
			},
			{
				"name": "bone116",
				"parent": "bone115",
				"pivot": [0.375, 7.39263, 2.33337],
				"rotation": [0, 0, 7.39351],
				"cubes": [
					{"origin": [-2.05062, 6.40228, 6.84439], "size": [3, 9, 0], "uv": [58, 78]}
				]
			},
			{
				"name": "bone117",
				"parent": "bone115",
				"pivot": [1.375, 7.39263, 2.33337],
				"rotation": [0, 0, -7.39351],
				"cubes": [
					{"origin": [0.97425, 6.38111, 6.84224], "size": [4, 9, 0], "uv": [74, 52]}
				]
			},
			{
				"name": "bone130",
				"parent": "bone105",
				"pivot": [-0.925, 7.6, 1.725],
				"rotation": [176.13314, -28.2472, -176.06791]
			},
			{
				"name": "bone131",
				"parent": "bone130",
				"pivot": [-0.925, 7.6, 4.20837],
				"rotation": [18, 0, 0],
				"cubes": [
					{"origin": [-1.925, 6.34263, 8.72039], "size": [2, 9, 0], "uv": [12, 85]}
				]
			},
			{
				"name": "bone133",
				"parent": "bone131",
				"pivot": [-0.425, 7.34263, 4.20837],
				"rotation": [0, 0, -7.39351],
				"cubes": [
					{"origin": [-0.925, 6.34263, 8.72139], "size": [2, 9, 0], "uv": [8, 85]}
				]
			},
			{
				"name": "bone136",
				"parent": "bone105",
				"pivot": [-0.875, 7.65, -0.15],
				"rotation": [-180, 87.5, -180]
			},
			{
				"name": "bone137",
				"parent": "bone136",
				"pivot": [-0.875, 7.65, 2.33337],
				"rotation": [18, 0, 0],
				"cubes": [
					{"origin": [-1.875, 6.39263, 6.84539], "size": [2, 9, 0], "uv": [74, 84]}
				]
			},
			{
				"name": "bone138",
				"parent": "bone137",
				"pivot": [-0.375, 7.39263, 2.33337],
				"rotation": [0, 0, -7.39351],
				"cubes": [
					{"origin": [-0.94938, 6.40228, 6.84439], "size": [3, 9, 0], "uv": [42, 77]}
				]
			},
			{
				"name": "bone139",
				"parent": "bone137",
				"pivot": [-1.375, 7.39263, 2.33337],
				"rotation": [0, 0, 7.39351],
				"cubes": [
					{"origin": [-4.97425, 6.38111, 6.84224], "size": [4, 9, 0], "uv": [72, 23]}
				]
			},
			{
				"name": "bone132",
				"parent": "bone105",
				"pivot": [0.925, 7.6, 1.725],
				"rotation": [176.13314, 28.2472, 176.06791]
			},
			{
				"name": "bone134",
				"parent": "bone132",
				"pivot": [0.925, 7.6, 4.20837],
				"rotation": [18, 0, 0],
				"cubes": [
					{"origin": [-0.075, 6.34263, 8.72039], "size": [2, 9, 0], "uv": [70, 84]}
				]
			},
			{
				"name": "bone135",
				"parent": "bone134",
				"pivot": [0.425, 7.34263, 4.20837],
				"rotation": [0, 0, 7.39351],
				"cubes": [
					{"origin": [-1.075, 6.34263, 8.72139], "size": [2, 9, 0], "uv": [20, 83]}
				]
			},
			{
				"name": "bone342",
				"parent": "bone105",
				"pivot": [0, 8, 0],
				"rotation": [0, 45, 0]
			},
			{
				"name": "bone343",
				"parent": "bone342",
				"pivot": [0, 8, 2.48337],
				"rotation": [18, 0, 0],
				"cubes": [
					{"origin": [-1, 6.74263, 6.99539], "size": [2, 9, 0], "uv": [16, 83]}
				]
			},
			{
				"name": "bone344",
				"parent": "bone343",
				"pivot": [0.5, 7.74263, 2.48337],
				"rotation": [0, 0, -7.39351],
				"cubes": [
					{"origin": [0, 6.74263, 6.99439], "size": [2, 9, 0], "uv": [82, 54]}
				]
			},
			{
				"name": "bone345",
				"parent": "bone343",
				"pivot": [-0.5, 7.74263, 2.48337],
				"rotation": [0, 0, 7.39351],
				"cubes": [
					{"origin": [-2, 6.74263, 6.99639], "size": [2, 9, 0], "uv": [4, 81]}
				]
			},
			{
				"name": "_chestPlate",
				"parent": "body",
				"pivot": [0, 10.5, 0],
				"cubes": [
					{"origin": [-3, 8.999, -3], "size": [6, 9, 6], "uv": [0, 16], "inflate": -0.1},
					{"origin": [-3, 14.649, -3], "size": [6, 1.5, 6], "uv": [0, 38], "inflate": -0.05},
					{"origin": [-3, 9.649, -3], "size": [6, 1, 6], "uv": [0, 31], "inflate": 0.25}
				]
			},
			{
				"name": "bone182",
				"parent": "_chestPlate",
				"pivot": [0, 17.7, 0]
			},
			{
				"name": "bone183",
				"parent": "bone182",
				"pivot": [0, 7.2, 0]
			},
			{
				"name": "bone184",
				"parent": "bone183",
				"pivot": [0, 7.2, 4.47051],
				"rotation": [10, 0, 0],
				"cubes": [
					{"origin": [-2.5, 13.35782, 4.47051], "size": [5, 3, 0], "uv": [82, 51]}
				]
			},
			{
				"name": "bone185",
				"parent": "bone184",
				"pivot": [-2.5, 6.85782, 4.47051],
				"rotation": [0, 0, 9.85108],
				"cubes": [
					{"origin": [-4.5, 13.35782, 4.46951], "size": [2, 3, 0], "uv": [34, 101]}
				]
			},
			{
				"name": "bone186",
				"parent": "bone184",
				"pivot": [2.5, 6.85782, 4.47051],
				"rotation": [0, 0, -9.85108],
				"cubes": [
					{"origin": [2.5, 13.35782, 4.47151], "size": [2, 3, 0], "uv": [30, 101]}
				]
			},
			{
				"name": "bone187",
				"parent": "bone182",
				"pivot": [0, 7.2, 0],
				"rotation": [0, -90, 0]
			},
			{
				"name": "bone188",
				"parent": "bone187",
				"pivot": [0, 7.2, 4.47051],
				"rotation": [10, 0, 0],
				"cubes": [
					{"origin": [-2.5, 13.35782, 4.47051], "size": [5, 3, 0], "uv": [82, 33]}
				]
			},
			{
				"name": "bone189",
				"parent": "bone188",
				"pivot": [-2.5, 6.85782, 4.47051],
				"rotation": [0, 0, 9.85108],
				"cubes": [
					{"origin": [-4.5, 13.35782, 4.46951], "size": [2, 3, 0], "uv": [26, 101]}
				]
			},
			{
				"name": "bone190",
				"parent": "bone188",
				"pivot": [2.5, 6.85782, 4.47051],
				"rotation": [0, 0, -9.85108],
				"cubes": [
					{"origin": [2.5, 13.35782, 4.47151], "size": [2, 3, 0], "uv": [22, 101]}
				]
			},
			{
				"name": "bone191",
				"parent": "bone182",
				"pivot": [0, 7.2, 0],
				"rotation": [0, -180, 0]
			},
			{
				"name": "bone192",
				"parent": "bone191",
				"pivot": [0, 7.2, 4.47051],
				"rotation": [10, 0, 0],
				"cubes": [
					{"origin": [-2.5, 13.35782, 4.47051], "size": [5, 3, 0], "uv": [82, 2]}
				]
			},
			{
				"name": "bone193",
				"parent": "bone192",
				"pivot": [-2.5, 6.85782, 4.47051],
				"rotation": [0, 0, 9.85108],
				"cubes": [
					{"origin": [-4.5, 13.35782, 4.46951], "size": [2, 3, 0], "uv": [8, 101]}
				]
			},
			{
				"name": "bone194",
				"parent": "bone192",
				"pivot": [2.5, 6.85782, 4.47051],
				"rotation": [0, 0, -9.85108],
				"cubes": [
					{"origin": [2.5, 13.35782, 4.47151], "size": [2, 3, 0], "uv": [4, 101]}
				]
			},
			{
				"name": "bone195",
				"parent": "bone182",
				"pivot": [0, 7.2, 0],
				"rotation": [0, -270, 0]
			},
			{
				"name": "bone196",
				"parent": "bone195",
				"pivot": [0, 7.2, 4.47051],
				"rotation": [10, 0, 0],
				"cubes": [
					{"origin": [-2.5, 13.35782, 4.47051], "size": [5, 3, 0], "uv": [26, 82]}
				]
			},
			{
				"name": "bone197",
				"parent": "bone196",
				"pivot": [-2.5, 6.85782, 4.47051],
				"rotation": [0, 0, 9.85108],
				"cubes": [
					{"origin": [-4.5, 13.35782, 4.46951], "size": [2, 3, 0], "uv": [0, 101]}
				]
			},
			{
				"name": "bone198",
				"parent": "bone196",
				"pivot": [2.5, 6.85782, 4.47051],
				"rotation": [0, 0, -9.85108],
				"cubes": [
					{"origin": [2.5, 13.35782, 4.47151], "size": [2, 3, 0], "uv": [74, 100]}
				]
			},
			{
				"name": "bone199",
				"parent": "_chestPlate",
				"pivot": [0, 10.5, 0]
			},
			{
				"name": "bone200",
				"parent": "bone199",
				"pivot": [1.175, 16.025, -2.7],
				"rotation": [-13.5, -11, -15],
				"cubes": [
					{"origin": [-0.11801, 15.4355, -3.21989], "size": [3, 1, 1], "uv": [93, 19], "inflate": -0.1}
				]
			},
			{
				"name": "bone56",
				"parent": "bone199",
				"pivot": [-1.175, 16.025, -2.7],
				"rotation": [-13.5, 11, 15],
				"cubes": [
					{"origin": [-2.88199, 15.4355, -3.21989], "size": [3, 1, 1], "uv": [93, 17], "inflate": -0.1}
				]
			},
			{
				"name": "bone89",
				"parent": "_chestPlate",
				"pivot": [-0.5, 17.875, -2.5],
				"rotation": [7.5, 0, 0],
				"cubes": [
					{"origin": [-1, 17.59808, -3.47063], "size": [2, 1, 2], "uv": [36, 68], "inflate": -0.15},
					{"origin": [-0.5, 15.06142, -3.93067], "size": [1, 1, 1], "uv": [46, 10], "inflate": -0.35}
				]
			},
			{
				"name": "bone204",
				"parent": "_chestPlate",
				"pivot": [0, 10.5, 0]
			},
			{
				"name": "bone207",
				"parent": "bone204",
				"pivot": [0.3, 15.075, -3.25],
				"rotation": [-20, 0, -17.5],
				"cubes": [
					{"origin": [-0.2, 14.075, -3.625], "size": [1, 2, 0.75], "uv": [62, 63], "inflate": -0.35}
				]
			},
			{
				"name": "bone209",
				"parent": "bone204",
				"pivot": [0.2, 14.625, -3.275],
				"rotation": [-18.75, 11.5, -8.75],
				"cubes": [
					{"origin": [-0.3, 13.125, -3.65], "size": [1, 3, 0.75], "uv": [18, 49], "inflate": -0.35}
				]
			},
			{
				"name": "bone275",
				"parent": "bone204",
				"pivot": [-0.3, 15.075, -3.25],
				"rotation": [-20, 0, 17.5],
				"cubes": [
					{"origin": [-0.8, 14.075, -3.625], "size": [1, 2, 0.75], "uv": [62, 0], "inflate": -0.35}
				]
			},
			{
				"name": "bone276",
				"parent": "bone204",
				"pivot": [-0.2, 14.625, -3.275],
				"rotation": [-18.75, -11.5, 8.75],
				"cubes": [
					{"origin": [-0.7, 13.125, -3.65], "size": [1, 3, 0.75], "uv": [47, 0], "inflate": -0.35}
				]
			},
			{
				"name": "bone250",
				"parent": "_chestPlate",
				"pivot": [0, 10.5, 0]
			},
			{
				"name": "bone251",
				"parent": "bone250",
				"pivot": [0, 14.5, 0]
			},
			{
				"name": "bone252",
				"parent": "bone251",
				"pivot": [0, 4, 0]
			},
			{
				"name": "bone253",
				"parent": "bone252",
				"pivot": [0, 4, 4.47051],
				"rotation": [10, 0, 0],
				"cubes": [
					{"origin": [-2.5, 7.65782, 4.47051], "size": [5, 3, 0], "uv": [81, 13]}
				]
			},
			{
				"name": "bone254",
				"parent": "bone253",
				"pivot": [-2.5, 3.65782, 4.47051],
				"rotation": [0, 0, 9.85108],
				"cubes": [
					{"origin": [-4.5, 7.65782, 4.46951], "size": [2, 3, 0], "uv": [99, 95]}
				]
			},
			{
				"name": "bone255",
				"parent": "bone253",
				"pivot": [2.5, 3.65782, 4.47051],
				"rotation": [0, 0, -9.85108],
				"cubes": [
					{"origin": [2.5, 7.65782, 4.47151], "size": [2, 3, 0], "uv": [99, 79]}
				]
			},
			{
				"name": "bone256",
				"parent": "bone251",
				"pivot": [0, 4, 0],
				"rotation": [0, -90, 0]
			},
			{
				"name": "bone257",
				"parent": "bone256",
				"pivot": [0, 4, 4.47051],
				"rotation": [10, 0, 0],
				"cubes": [
					{"origin": [-2.5, 7.65782, 4.47051], "size": [5, 3, 0], "uv": [70, 81]}
				]
			},
			{
				"name": "bone258",
				"parent": "bone257",
				"pivot": [-2.5, 3.65782, 4.47051],
				"rotation": [0, 0, 9.85108],
				"cubes": [
					{"origin": [-4.5, 7.65782, 4.46951], "size": [2, 3, 0], "uv": [66, 28]}
				]
			},
			{
				"name": "bone259",
				"parent": "bone257",
				"pivot": [2.5, 3.65782, 4.47051],
				"rotation": [0, 0, -9.85108],
				"cubes": [
					{"origin": [2.5, 7.65782, 4.47151], "size": [2, 3, 0], "uv": [60, 18]}
				]
			},
			{
				"name": "bone260",
				"parent": "bone251",
				"pivot": [0, 4, 0],
				"rotation": [0, -180, 0]
			},
			{
				"name": "bone261",
				"parent": "bone260",
				"pivot": [0, 4, 4.47051],
				"rotation": [10, 0, 0],
				"cubes": [
					{"origin": [-2.5, 7.65782, 4.47051], "size": [5, 3, 0], "uv": [80, 75]}
				]
			},
			{
				"name": "bone262",
				"parent": "bone261",
				"pivot": [-2.5, 3.65782, 4.47051],
				"rotation": [0, 0, 9.85108],
				"cubes": [
					{"origin": [-4.5, 7.65782, 4.46951], "size": [2, 3, 0], "uv": [56, 0]}
				]
			},
			{
				"name": "bone263",
				"parent": "bone261",
				"pivot": [2.5, 3.65782, 4.47051],
				"rotation": [0, 0, -9.85108],
				"cubes": [
					{"origin": [2.5, 7.65782, 4.47151], "size": [2, 3, 0], "uv": [48, 38]}
				]
			},
			{
				"name": "bone264",
				"parent": "bone251",
				"pivot": [0, 4, 0],
				"rotation": [0, -270, 0]
			},
			{
				"name": "bone265",
				"parent": "bone264",
				"pivot": [0, 4, 4.47051],
				"rotation": [10, 0, 0],
				"cubes": [
					{"origin": [-2.5, 7.65782, 4.47051], "size": [5, 3, 0], "uv": [80, 26]}
				]
			},
			{
				"name": "bone266",
				"parent": "bone265",
				"pivot": [-2.5, 3.65782, 4.47051],
				"rotation": [0, 0, 9.85108],
				"cubes": [
					{"origin": [-4.5, 7.65782, 4.46951], "size": [2, 3, 0], "uv": [14, 45]}
				]
			},
			{
				"name": "bone267",
				"parent": "bone265",
				"pivot": [2.5, 3.65782, 4.47051],
				"rotation": [0, 0, -9.85108],
				"cubes": [
					{"origin": [2.5, 7.65782, 4.47151], "size": [2, 3, 0], "uv": [0, 45]}
				]
			},
			{
				"name": "bone268",
				"parent": "_chestPlate",
				"pivot": [0, 10.5, 0]
			},
			{
				"name": "bone269",
				"parent": "bone268",
				"pivot": [-2.1, 11.3, 0],
				"rotation": [0, 0, 25],
				"cubes": [
					{"origin": [-3.1, 11.05, -3], "size": [3, 0.5, 6], "uv": [0, 107]}
				]
			},
			{
				"name": "bone274",
				"parent": "bone268",
				"pivot": [2.1, 11.3, 0],
				"rotation": [0, 0, -25],
				"cubes": [
					{"origin": [0.1, 11.05, -3], "size": [3, 0.5, 6], "uv": [0, 107]}
				]
			},
			{
				"name": "bone305",
				"parent": "bone268",
				"pivot": [0, 10.5, 0],
				"rotation": [0, -82.5, 0]
			},
			{
				"name": "bone306",
				"parent": "bone305",
				"pivot": [0, 10.5, 0]
			},
			{
				"name": "bone307",
				"parent": "bone306",
				"pivot": [0.3, 15.075, -3.25],
				"rotation": [-20, 0, -17.5],
				"cubes": [
					{"origin": [-2.60863, 9.70731, -2.51709], "size": [1, 2, 0.75], "uv": [23, 61], "inflate": -0.35}
				]
			},
			{
				"name": "bone308",
				"parent": "bone306",
				"pivot": [0.2, 14.625, -3.275],
				"rotation": [-18.75, 11.5, -8.75],
				"cubes": [
					{"origin": [-1.87423, 8.3307, -2.8487], "size": [1, 3, 0.75], "uv": [39, 39], "inflate": -0.35}
				]
			},
			{
				"name": "bone309",
				"parent": "bone306",
				"pivot": [-0.3, 15.075, -3.25],
				"rotation": [-20, 0, 17.5],
				"cubes": [
					{"origin": [-0.20157, 9.17098, -2.32189], "size": [1, 2, 0.75], "uv": [12, 61], "inflate": -0.35}
				]
			},
			{
				"name": "bone310",
				"parent": "bone306",
				"pivot": [-0.2, 14.625, -3.275],
				"rotation": [-18.75, -11.5, 8.75],
				"cubes": [
					{"origin": [-0.96406, 8.1775, -2.40173], "size": [1, 3, 0.75], "uv": [30, 39], "inflate": -0.35}
				]
			},
			{
				"name": "bone321",
				"parent": "bone305",
				"pivot": [-1.23931, 10.5, -0.16316]
			},
			{
				"name": "bone322",
				"parent": "bone321",
				"pivot": [-0.93931, 15.075, 3.08684],
				"rotation": [20, 0, -17.5],
				"cubes": [
					{"origin": [-3.84794, 9.70731, 1.60394], "size": [1, 2, 0.75], "uv": [60, 52], "inflate": -0.35}
				]
			},
			{
				"name": "bone323",
				"parent": "bone321",
				"pivot": [-1.03931, 14.625, 3.11184],
				"rotation": [18.75, -11.5, -8.75],
				"cubes": [
					{"origin": [-3.11354, 8.3307, 1.93554], "size": [1, 3, 0.75], "uv": [5, 0], "inflate": -0.35}
				]
			},
			{
				"name": "bone324",
				"parent": "bone321",
				"pivot": [-1.53931, 15.075, 3.08684],
				"rotation": [20, 0, 17.5],
				"cubes": [
					{"origin": [-1.44088, 9.17098, 1.40873], "size": [1, 2, 0.75], "uv": [48, 8], "inflate": -0.35}
				]
			},
			{
				"name": "bone325",
				"parent": "bone321",
				"pivot": [-1.43931, 14.625, 3.11184],
				"rotation": [18.75, 11.5, 8.75],
				"cubes": [
					{"origin": [-2.20337, 8.1775, 1.48857], "size": [1, 3, 0.75], "uv": [0, 0], "inflate": -0.35}
				]
			},
			{
				"name": "legLeft",
				"pivot": [2, 9, 0]
			},
			{
				"name": "bootsLeft",
				"parent": "legLeft",
				"pivot": [2, 9, 0]
			},
			{
				"name": "bone180",
				"parent": "bootsLeft",
				"pivot": [2, 9, 0],
				"cubes": [
					{"origin": [0.499, 0, -1.5], "size": [3, 9, 3], "uv": [0, 54]},
					{"origin": [0.499, 0, -1.5], "size": [3, 3, 3], "uv": [66, 37], "inflate": 0.1},
					{"origin": [0.5, 1.5, -1.9], "size": [3, 1, 1], "uv": [58, 8], "inflate": -0.25}
				]
			},
			{
				"name": "_bootsLeft",
				"parent": "legLeft",
				"pivot": [2, 9, 0]
			},
			{
				"name": "bone326",
				"parent": "_bootsLeft",
				"pivot": [2, 9, 0],
				"cubes": [
					{"origin": [0.499, 0, -1.5], "size": [3, 9, 3], "uv": [42, 49]},
					{"origin": [0.499, 2, -1.5], "size": [3, 2, 3], "uv": [51, 18], "inflate": 0.1},
					{"origin": [0.499, 0, -1.5], "size": [3, 0.5, 3], "uv": [44, 107], "inflate": 0.1},
					{"origin": [0.499, 2.8, -1.5], "size": [3, 0.25, 3], "uv": [44, 107], "inflate": 0.15}
				]
			},
			{
				"name": "legRight",
				"pivot": [-2, 9, 0]
			},
			{
				"name": "bootsRight",
				"parent": "legRight",
				"pivot": [-2, 9, 0]
			},
			{
				"name": "bone181",
				"parent": "bootsRight",
				"pivot": [-2, 9, 0],
				"cubes": [
					{"origin": [-3.499, 0, -1.5], "size": [3, 9, 3], "uv": [30, 49]},
					{"origin": [-3.499, 0, -1.5], "size": [3, 3, 3], "uv": [47, 0], "inflate": 0.1},
					{"origin": [-3.5, 1.5, -1.9], "size": [3, 1, 1], "uv": [48, 43], "inflate": -0.25}
				]
			},
			{
				"name": "_bootsRight",
				"parent": "legRight",
				"pivot": [-2, 9, 0]
			},
			{
				"name": "bone327",
				"parent": "_bootsRight",
				"pivot": [-2, 9, 0],
				"cubes": [
					{"origin": [-3.499, 0, -1.5], "size": [3, 9, 3], "uv": [18, 49]},
					{"origin": [-3.499, 0, -1.5], "size": [3, 0.5, 3], "uv": [44, 107], "inflate": 0.1}
				]
			},
			{
				"name": "tail",
				"pivot": [0, 8, 4],
				"rotation": [20, 0, 0]
			},
			{
				"name": "bone469",
				"parent": "tail",
				"pivot": [1.65, 8.41448, -3.64424],
				"rotation": [-31.65251, -17.67415, -50.28872]
			},
			{
				"name": "bone471",
				"parent": "bone469",
				"pivot": [1.65, 8.19623, -2.31364],
				"rotation": [15, 0, 0]
			},
			{
				"name": "bone470",
				"parent": "bone471",
				"pivot": [3.65, 8.19623, -2.31364],
				"cubes": [
					{"origin": [0.15, 9.54955, 1.51448], "size": [4, 4, 4], "uv": [46, 8], "inflate": -0.6}
				]
			},
			{
				"name": "bone472",
				"parent": "bone471",
				"pivot": [2.15, 11.54955, 4.18948],
				"rotation": [17.5, 0, 0],
				"cubes": [
					{"origin": [0.15, 9.54955, 4.18948], "size": [4, 4, 3], "uv": [12, 61], "inflate": -0.3}
				]
			},
			{
				"name": "bone473",
				"parent": "bone471",
				"pivot": [2.15, 11.50637, 5.77002],
				"rotation": [42.5, 0, 0],
				"cubes": [
					{"origin": [0.65, 10.00637, 5.77002], "size": [3, 3, 3], "uv": [30, 39], "inflate": -0.3}
				]
			},
			{
				"name": "bone474",
				"parent": "bone471",
				"pivot": [1.65, 12.25346, 7.37217],
				"rotation": [72.5, 0, 0],
				"cubes": [
					{"origin": [1.15, 11.25346, 7.37217], "size": [2, 2, 3], "uv": [26, 77], "inflate": -0.3}
				]
			}
		]
	}
}