{
	"format_version": "1.10.0",
	"geometry.model": {
		"texturewidth": 128,
		"textureheight": 128,
		"visible_bounds_width": 3,
		"visible_bounds_height": 2,
		"visible_bounds_offset": [0, 0, 0],
		"bones": [
			{
				"name": "head",
				"pivot": [0, 17.925, 0],
				"cubes": [
					{"origin": [-4, 17.925, -4], "size": [8, 8, 8], "uv": [0, 0], "inflate": -0.1},
					{"origin": [-4, 25.525, -3.75], "size": [8, 1, 7], "uv": [17, 24], "inflate": -0.3}
				]
			},
			{
				"name": "blink",
				"parent": "head",
				"pivot": [0, 21.925, -4.001],
				"cubes": [
					{"origin": [-4, 17.925, -4.001], "size": [8, 8, 0], "uv": [36, 111], "inflate": -0.1}
				]
			},
			{
				"name": "bone273",
				"parent": "head",
				"pivot": [0, 17.925, 0]
			},
			{
				"name": "bone285",
				"parent": "bone273",
				"pivot": [-1.225, 17.7, 0.15],
				"rotation": [-0.32902, -7.49282, 5.02154]
			},
			{
				"name": "bone286",
				"parent": "bone285",
				"pivot": [-4.7, 23.7, -3.875],
				"rotation": [-12.5, 25, 0],
				"cubes": [
					{"origin": [-5.7, 22.7, -4.375], "size": [2, 3, 1], "uv": [103, 75], "inflate": -0.1}
				]
			},
			{
				"name": "bone287",
				"parent": "bone285",
				"pivot": [-4.7, 21.1, -3.875],
				"rotation": [-7.5, 25, 0],
				"cubes": [
					{"origin": [-5.7, 19.925, -4.8], "size": [2, 3, 1], "uv": [103, 14], "inflate": -0.1}
				]
			},
			{
				"name": "bone288",
				"parent": "bone285",
				"pivot": [-4.62374, 18.4816, -4.25992],
				"rotation": [0, 25, -3],
				"cubes": [
					{"origin": [-5.79874, 15.3066, -4.93492], "size": [2, 5, 1], "uv": [47, 55], "inflate": -0.1}
				]
			},
			{
				"name": "bone289",
				"parent": "bone273",
				"pivot": [1.225, 17.7, 0.15],
				"rotation": [-0.32902, 7.49282, -5.02154]
			},
			{
				"name": "bone290",
				"parent": "bone289",
				"pivot": [4.7, 23.7, -3.875],
				"rotation": [-12.5, -25, 0],
				"cubes": [
					{"origin": [3.7, 22.7, -4.375], "size": [2, 3, 1], "uv": [103, 10], "inflate": -0.1}
				]
			},
			{
				"name": "bone291",
				"parent": "bone289",
				"pivot": [4.7, 21.1, -3.875],
				"rotation": [-7.5, -25, 0],
				"cubes": [
					{"origin": [3.7, 19.925, -4.8], "size": [2, 3, 1], "uv": [0, 103], "inflate": -0.1}
				]
			},
			{
				"name": "bone292",
				"parent": "bone289",
				"pivot": [4.53801, 18.56471, -4.32211],
				"rotation": [0, -25, 5],
				"cubes": [
					{"origin": [3.71301, 15.38971, -4.99711], "size": [2, 5, 1], "uv": [0, 16], "inflate": -0.1}
				]
			},
			{
				"name": "bone303",
				"parent": "bone273",
				"pivot": [0, 17.75, -0.65],
				"rotation": [-3, 0, 0]
			},
			{
				"name": "bone296",
				"parent": "bone303",
				"pivot": [-2.175, 17.75, -0.475],
				"rotation": [0, 12.5, 0]
			},
			{
				"name": "bone297",
				"parent": "bone296",
				"pivot": [-2.175, 24.65, -4.55],
				"rotation": [-12.5, 0, 0],
				"cubes": [
					{"origin": [-3.175, 23.65, -5.05], "size": [2, 2, 1], "uv": [72, 75], "inflate": -0.2}
				]
			},
			{
				"name": "bone302",
				"parent": "bone296",
				"pivot": [-2.16903, 23.17362, -4.77693],
				"rotation": [-3.5, -4, 2.75],
				"cubes": [
					{"origin": [-3.16903, 21.17362, -5.27693], "size": [2, 3, 1], "uv": [102, 46], "inflate": -0.2}
				]
			},
			{
				"name": "bone293",
				"parent": "bone303",
				"pivot": [2.175, 17.75, -0.475],
				"rotation": [0, -12.5, 0]
			},
			{
				"name": "bone294",
				"parent": "bone293",
				"pivot": [2.175, 24.65, -4.55],
				"rotation": [-12.5, 0, 0],
				"cubes": [
					{"origin": [1.175, 23.65, -5.05], "size": [2, 2, 1], "uv": [74, 52], "inflate": -0.2}
				]
			},
			{
				"name": "bone295",
				"parent": "bone293",
				"pivot": [2.24766, 23.17493, -4.76879],
				"rotation": [-3.5, 0, -5],
				"cubes": [
					{"origin": [1.24766, 21.17493, -5.26879], "size": [2, 3, 1], "uv": [10, 102], "inflate": -0.2}
				]
			},
			{
				"name": "bone282",
				"parent": "bone303",
				"pivot": [0.85, 17.75, -0.725],
				"rotation": [0, -10, 0]
			},
			{
				"name": "bone283",
				"parent": "bone282",
				"pivot": [0.85, 24.65, -4.8],
				"rotation": [-12.5, 0, 0],
				"cubes": [
					{"origin": [-0.15, 23.65, -5.3], "size": [2, 2, 1], "uv": [63, 72], "inflate": -0.2}
				]
			},
			{
				"name": "bone284",
				"parent": "bone282",
				"pivot": [0.87873, 23.15127, -4.98104],
				"rotation": [-3.5, 0, -2],
				"cubes": [
					{"origin": [-0.12127, 21.15127, -5.48104], "size": [2, 3, 1], "uv": [101, 96], "inflate": -0.2}
				]
			},
			{
				"name": "bone279",
				"parent": "bone303",
				"pivot": [-0.85, 17.75, -0.725],
				"rotation": [0, 10, 0]
			},
			{
				"name": "bone280",
				"parent": "bone279",
				"pivot": [-0.85, 24.65, -4.8],
				"rotation": [-12.5, 0, 0],
				"cubes": [
					{"origin": [-1.85, 23.65, -5.3], "size": [2, 2, 1], "uv": [51, 72], "inflate": -0.2}
				]
			},
			{
				"name": "bone281",
				"parent": "bone279",
				"pivot": [-0.92774, 23.17624, -4.99101],
				"rotation": [-3.5, 0, 5],
				"cubes": [
					{"origin": [-1.92774, 21.17624, -5.49101], "size": [2, 3, 1], "uv": [87, 96], "inflate": -0.2}
				]
			},
			{
				"name": "bone270",
				"parent": "bone303",
				"pivot": [0, 17.75, -0.8]
			},
			{
				"name": "bone271",
				"parent": "bone270",
				"pivot": [0, 24.65, -4.875],
				"rotation": [-12.5, 0, 0],
				"cubes": [
					{"origin": [-1, 23.65, -5.375], "size": [2, 2, 1], "uv": [39, 69], "inflate": -0.2}
				]
			},
			{
				"name": "bone272",
				"parent": "bone270",
				"pivot": [0, 23.125, -5.075],
				"rotation": [-3.5, 0, 0],
				"cubes": [
					{"origin": [-1, 21.125, -5.575], "size": [2, 3, 1], "uv": [64, 10], "inflate": -0.2}
				]
			},
			{
				"name": "bone304",
				"parent": "bone273",
				"pivot": [0, 17.925, 0]
			},
			{
				"name": "bone305",
				"parent": "bone304",
				"pivot": [0, 17.925, 0]
			},
			{
				"name": "bone306",
				"parent": "bone305",
				"pivot": [4.4, 23.925, -2.025],
				"rotation": [0, 8.25, -11.5],
				"cubes": [
					{"origin": [3.9, 21.925, -4.025], "size": [1, 4, 4.5], "uv": [80, 0], "inflate": -0.1}
				]
			},
			{
				"name": "bone307",
				"parent": "bone305",
				"pivot": [3.725, 19.675, -1.8],
				"rotation": [0, 8.25, -0.75],
				"cubes": [
					{"origin": [4.225, 17.175, -4.3], "size": [1, 5, 5], "uv": [19, 62], "inflate": -0.1}
				]
			},
			{
				"name": "bone308",
				"parent": "bone304",
				"pivot": [0, 17.925, 0]
			},
			{
				"name": "bone309",
				"parent": "bone308",
				"pivot": [4.4, 23.925, 2.025],
				"rotation": [0, -8.25, -11.5],
				"cubes": [
					{"origin": [3.9, 21.925, 0.025], "size": [1, 4, 4], "uv": [18, 80], "inflate": -0.1}
				]
			},
			{
				"name": "bone310",
				"parent": "bone308",
				"pivot": [3.725, 19.675, 1.8],
				"rotation": [0, -8.25, -0.75],
				"cubes": [
					{"origin": [4.225, 17.175, -0.2], "size": [1, 5, 4], "uv": [0, 72], "inflate": -0.1}
				]
			},
			{
				"name": "bone311",
				"parent": "bone273",
				"pivot": [0, 17.925, 0]
			},
			{
				"name": "bone312",
				"parent": "bone311",
				"pivot": [0, 17.925, 0]
			},
			{
				"name": "bone313",
				"parent": "bone312",
				"pivot": [-4.4, 23.925, -2.025],
				"rotation": [0, -8.25, 11.5],
				"cubes": [
					{"origin": [-4.9, 21.925, -4.025], "size": [1, 4, 4.5], "uv": [79, 16], "inflate": -0.1}
				]
			},
			{
				"name": "bone314",
				"parent": "bone312",
				"pivot": [-3.725, 19.675, -1.8],
				"rotation": [0, -8.25, 0.75],
				"cubes": [
					{"origin": [-5.225, 17.175, -4.3], "size": [1, 5, 5], "uv": [12, 57], "inflate": -0.1}
				]
			},
			{
				"name": "bone315",
				"parent": "bone311",
				"pivot": [0, 17.925, 0]
			},
			{
				"name": "bone316",
				"parent": "bone315",
				"pivot": [-4.4, 23.925, 2.025],
				"rotation": [0, 8.25, 11.5],
				"cubes": [
					{"origin": [-4.9, 21.925, 0.025], "size": [1, 4, 4], "uv": [78, 40], "inflate": -0.1}
				]
			},
			{
				"name": "bone317",
				"parent": "bone315",
				"pivot": [-3.725, 19.675, 1.8],
				"rotation": [0, 8.25, 0.75],
				"cubes": [
					{"origin": [-5.225, 17.175, -0.2], "size": [1, 5, 4], "uv": [10, 68], "inflate": -0.1}
				]
			},
			{
				"name": "bone318",
				"parent": "bone273",
				"pivot": [0, 17.925, 0]
			},
			{
				"name": "bone319",
				"parent": "bone318",
				"pivot": [0, 24.125, 3.8],
				"rotation": [10, 0, 0],
				"cubes": [
					{"origin": [-4, 22.625, 3.3], "size": [8, 3, 1], "uv": [58, 21], "inflate": 0.1}
				]
			},
			{
				"name": "bone320",
				"parent": "bone318",
				"pivot": [0, 21.075, 3.925],
				"rotation": [-5, 0, 0],
				"cubes": [
					{"origin": [-4, 18.575, 3.425], "size": [8, 4, 1], "uv": [53, 28], "inflate": 0.1}
				]
			},
			{
				"name": "bone321",
				"parent": "bone318",
				"pivot": [-3.025, 23.475, 4],
				"rotation": [13.25, -9.5, 14.25],
				"cubes": [
					{"origin": [-3.525, 21.475, 3.5], "size": [3.5, 4, 1], "uv": [45, 101], "inflate": 0.2},
					{"origin": [-3.025, 20.775, 3.25], "size": [2, 1, 1], "uv": [55, 59], "inflate": 0.2}
				]
			},
			{
				"name": "bone323",
				"parent": "bone318",
				"pivot": [-1.9, 17.925, -0.2]
			},
			{
				"name": "bone324",
				"parent": "bone323",
				"pivot": [-4.7, 21.625, 21.375],
				"rotation": [-80, 0, 0]
			},
			{
				"name": "bone325",
				"parent": "bone324",
				"pivot": [-4.7, 3.7, 21.375]
			},
			{
				"name": "bone326",
				"parent": "bone325",
				"pivot": [-4.7, 3.7, 24.01396],
				"rotation": [23, 0, 0]
			},
			{
				"name": "bone327",
				"parent": "bone326",
				"pivot": [-4.7, 3.7, 24.01396],
				"rotation": [0, -45, 0],
				"cubes": [
					{"origin": [-4.38557, 4.2032, 23.16167], "size": [1, 1, 1], "uv": [104, 42], "inflate": 0.2}
				]
			},
			{
				"name": "bone328",
				"parent": "bone324",
				"pivot": [-4.7, 3.7, 21.375],
				"rotation": [0, -30, 0]
			},
			{
				"name": "bone329",
				"parent": "bone328",
				"pivot": [-4.7, 3.7, 24.01396],
				"rotation": [23, 0, 0]
			},
			{
				"name": "bone330",
				"parent": "bone329",
				"pivot": [-4.7, 5.2, 24.01396],
				"rotation": [0, -45, -60],
				"cubes": [
					{"origin": [-5.2, 3.7, 23.51396], "size": [1, 1, 1], "uv": [102, 50], "inflate": 0.2}
				]
			},
			{
				"name": "bone331",
				"parent": "bone324",
				"pivot": [-4.7, 3.7, 21.375],
				"rotation": [0, -60, 0]
			},
			{
				"name": "bone332",
				"parent": "bone331",
				"pivot": [-4.7, 3.7, 24.01396],
				"rotation": [23, 0, 0]
			},
			{
				"name": "bone333",
				"parent": "bone332",
				"pivot": [-4.7, 5.2, 24.01396],
				"rotation": [0, -45, -50],
				"cubes": [
					{"origin": [-5.29795, 3.90622, 23.54564], "size": [1, 1, 1], "uv": [83, 99], "inflate": 0.2}
				]
			},
			{
				"name": "bone334",
				"parent": "bone324",
				"pivot": [-4.7, 3.7, 21.375],
				"rotation": [0, -90, 0]
			},
			{
				"name": "bone335",
				"parent": "bone334",
				"pivot": [-4.7, 3.7, 24.01396],
				"rotation": [23, 0, 0]
			},
			{
				"name": "bone336",
				"parent": "bone335",
				"pivot": [-4.7, 3.7, 24.01396],
				"rotation": [0, -45, 0],
				"cubes": [
					{"origin": [-4.98221, 3.74669, 23.32419], "size": [1, 1, 1], "uv": [73, 99], "inflate": 0.2}
				]
			},
			{
				"name": "bone337",
				"parent": "bone324",
				"pivot": [-4.7, 3.67829, 21.4981],
				"rotation": [0, -120, 0]
			},
			{
				"name": "bone338",
				"parent": "bone337",
				"pivot": [-4.7, 3.67829, 24.13706],
				"rotation": [23, 0, 0]
			},
			{
				"name": "bone339",
				"parent": "bone338",
				"pivot": [-4.83391, 5.20717, 24.05423],
				"rotation": [25, -45, 0],
				"cubes": [
					{"origin": [-5.37049, 4.19287, 23.04103], "size": [1, 1, 1], "uv": [97, 26], "inflate": 0.2}
				]
			},
			{
				"name": "bone340",
				"parent": "bone324",
				"pivot": [-4.7, 3.67829, 21.4981],
				"rotation": [0, -150, 0]
			},
			{
				"name": "bone341",
				"parent": "bone340",
				"pivot": [-4.7, 3.67829, 24.13706],
				"rotation": [23, 0, 0]
			},
			{
				"name": "bone342",
				"parent": "bone341",
				"pivot": [-4.53641, 5.23164, 23.36302],
				"rotation": [40, -45, 0],
				"cubes": [
					{"origin": [-5.03641, 3.73164, 22.86302], "size": [1, 1, 1], "uv": [97, 0], "inflate": 0.2}
				]
			},
			{
				"name": "bone343",
				"parent": "bone324",
				"pivot": [-4.7, 3.81299, 21.59801],
				"rotation": [0, -180, 0]
			},
			{
				"name": "bone344",
				"parent": "bone343",
				"pivot": [-4.7, 3.81299, 24.23697],
				"rotation": [23, 0, 0]
			},
			{
				"name": "bone345",
				"parent": "bone344",
				"pivot": [-4.7, 3.81299, 24.23697],
				"rotation": [0, -45, 0],
				"cubes": [
					{"origin": [-5.2, 3.81299, 23.73697], "size": [1, 1, 1], "uv": [40, 97], "inflate": 0.2}
				]
			},
			{
				"name": "bone346",
				"parent": "bone324",
				"pivot": [-4.7, 3.7, 21.375],
				"rotation": [0, -210, 0]
			},
			{
				"name": "bone347",
				"parent": "bone346",
				"pivot": [-4.7, 3.7, 24.01396],
				"rotation": [23, 0, 0]
			},
			{
				"name": "bone348",
				"parent": "bone347",
				"pivot": [-4.7, 3.7, 24.01396],
				"rotation": [0, -45, 0],
				"cubes": [
					{"origin": [-5.12336, 4.12978, 23.52031], "size": [1, 1, 1], "uv": [21, 97], "inflate": 0.2}
				]
			},
			{
				"name": "bone349",
				"parent": "bone324",
				"pivot": [-4.8, 3.61746, 21.41122],
				"rotation": [0, -240, 0]
			},
			{
				"name": "bone350",
				"parent": "bone349",
				"pivot": [-4.8, 3.61746, 24.05018],
				"rotation": [23, 0, 0]
			},
			{
				"name": "bone351",
				"parent": "bone350",
				"pivot": [-4.75, 3.6513, 23.97046],
				"rotation": [0, -45, 0],
				"cubes": [
					{"origin": [-4.94269, 3.77308, 23.554], "size": [1, 1, 1], "uv": [17, 97], "inflate": 0.2}
				]
			},
			{
				"name": "bone352",
				"parent": "bone324",
				"pivot": [-4.925, 3.5885, 21.4315],
				"rotation": [0, -270, 0]
			},
			{
				"name": "bone353",
				"parent": "bone352",
				"pivot": [-4.925, 3.5885, 24.07045],
				"rotation": [23, 0, 0]
			},
			{
				"name": "bone354",
				"parent": "bone353",
				"pivot": [-4.925, 5.14711, 23.93238],
				"rotation": [25, 10, -35],
				"cubes": [
					{"origin": [-5.39646, 3.69636, 23.38355], "size": [1, 1, 1], "uv": [94, 53], "inflate": 0.2}
				]
			},
			{
				"name": "bone355",
				"parent": "bone324",
				"pivot": [-4.7, 3.7, 21.375],
				"rotation": [0, -300, 0]
			},
			{
				"name": "bone356",
				"parent": "bone355",
				"pivot": [-4.7, 3.7, 24.01396],
				"rotation": [23, 0, 0]
			},
			{
				"name": "bone357",
				"parent": "bone356",
				"pivot": [-4.7125, 3.70846, 23.99403],
				"rotation": [0, -45, 0],
				"cubes": [
					{"origin": [-4.72913, 4.18401, 22.9827], "size": [1, 1, 1], "uv": [60, 94], "inflate": 0.2}
				]
			},
			{
				"name": "bone358",
				"parent": "bone324",
				"pivot": [-4.7, 3.7, 21.375],
				"rotation": [0, -330, 0]
			},
			{
				"name": "bone359",
				"parent": "bone358",
				"pivot": [-4.7, 3.7, 24.01396],
				"rotation": [23, 0, 0]
			},
			{
				"name": "bone360",
				"parent": "bone359",
				"pivot": [-4.7, 5.2, 24.01396],
				"rotation": [0, -45, -57.5],
				"cubes": [
					{"origin": [-5.2, 3.7, 23.51396], "size": [1, 1, 1], "uv": [93, 9], "inflate": 0.2}
				]
			},
			{
				"name": "bone322",
				"parent": "bone323",
				"pivot": [4.7, 21.625, 21.375],
				"rotation": [-80, 0, 0]
			},
			{
				"name": "bone361",
				"parent": "bone322",
				"pivot": [4.7, 3.7, 21.375]
			},
			{
				"name": "bone362",
				"parent": "bone361",
				"pivot": [4.7, 3.7, 24.01396],
				"rotation": [23, 0, 0]
			},
			{
				"name": "bone363",
				"parent": "bone362",
				"pivot": [4.7, 3.7, 24.01396],
				"rotation": [0, 45, 0],
				"cubes": [
					{"origin": [3.38557, 4.2032, 23.16167], "size": [1, 1, 1], "uv": [92, 73], "inflate": 0.2}
				]
			},
			{
				"name": "bone364",
				"parent": "bone322",
				"pivot": [4.7, 3.7, 21.375],
				"rotation": [0, 30, 0]
			},
			{
				"name": "bone365",
				"parent": "bone364",
				"pivot": [4.7, 3.7, 24.01396],
				"rotation": [23, 0, 0]
			},
			{
				"name": "bone366",
				"parent": "bone365",
				"pivot": [4.7, 5.2, 24.01396],
				"rotation": [0, 45, 60],
				"cubes": [
					{"origin": [4.2, 3.7, 23.51396], "size": [1, 1, 1], "uv": [91, 85], "inflate": 0.2}
				]
			},
			{
				"name": "bone367",
				"parent": "bone322",
				"pivot": [4.7, 3.7, 21.375],
				"rotation": [0, 60, 0]
			},
			{
				"name": "bone368",
				"parent": "bone367",
				"pivot": [4.7, 3.7, 24.01396],
				"rotation": [23, 0, 0]
			},
			{
				"name": "bone369",
				"parent": "bone368",
				"pivot": [4.7, 5.2, 24.01396],
				"rotation": [0, 45, 50],
				"cubes": [
					{"origin": [4.29795, 3.90622, 23.54564], "size": [1, 1, 1], "uv": [91, 35], "inflate": 0.2}
				]
			},
			{
				"name": "bone370",
				"parent": "bone322",
				"pivot": [4.7, 3.7, 21.375],
				"rotation": [0, 90, 0]
			},
			{
				"name": "bone371",
				"parent": "bone370",
				"pivot": [4.7, 3.7, 24.01396],
				"rotation": [23, 0, 0]
			},
			{
				"name": "bone372",
				"parent": "bone371",
				"pivot": [4.7, 3.7, 24.01396],
				"rotation": [0, 45, 0],
				"cubes": [
					{"origin": [3.98221, 3.74669, 23.32419], "size": [1, 1, 1], "uv": [32, 91], "inflate": 0.2}
				]
			},
			{
				"name": "bone373",
				"parent": "bone322",
				"pivot": [4.7, 3.67829, 21.4981],
				"rotation": [0, 120, 0]
			},
			{
				"name": "bone374",
				"parent": "bone373",
				"pivot": [4.7, 3.67829, 24.13706],
				"rotation": [23, 0, 0]
			},
			{
				"name": "bone375",
				"parent": "bone374",
				"pivot": [4.83391, 5.20717, 24.05423],
				"rotation": [25, 45, 0],
				"cubes": [
					{"origin": [4.37049, 4.19287, 23.04103], "size": [1, 1, 1], "uv": [90, 64], "inflate": 0.2}
				]
			},
			{
				"name": "bone376",
				"parent": "bone322",
				"pivot": [4.7, 3.67829, 21.4981],
				"rotation": [0, 150, 0]
			},
			{
				"name": "bone377",
				"parent": "bone376",
				"pivot": [4.7, 3.67829, 24.13706],
				"rotation": [23, 0, 0]
			},
			{
				"name": "bone378",
				"parent": "bone377",
				"pivot": [4.53641, 5.23164, 23.36302],
				"rotation": [40, 45, 0],
				"cubes": [
					{"origin": [4.03641, 3.73164, 22.86302], "size": [1, 1, 1], "uv": [77, 90], "inflate": 0.2}
				]
			},
			{
				"name": "bone379",
				"parent": "bone322",
				"pivot": [4.7, 3.81299, 21.59801],
				"rotation": [0, 180, 0]
			},
			{
				"name": "bone380",
				"parent": "bone379",
				"pivot": [4.7, 3.81299, 24.23697],
				"rotation": [23, 0, 0]
			},
			{
				"name": "bone381",
				"parent": "bone380",
				"pivot": [4.7, 3.81299, 24.23697],
				"rotation": [0, 45, 0],
				"cubes": [
					{"origin": [4.2, 3.81299, 23.73697], "size": [1, 1, 1], "uv": [89, 26], "inflate": 0.2}
				]
			},
			{
				"name": "bone382",
				"parent": "bone322",
				"pivot": [4.7, 3.7, 21.375],
				"rotation": [0, 210, 0]
			},
			{
				"name": "bone383",
				"parent": "bone382",
				"pivot": [4.7, 3.7, 24.01396],
				"rotation": [23, 0, 0]
			},
			{
				"name": "bone384",
				"parent": "bone383",
				"pivot": [4.7, 3.7, 24.01396],
				"rotation": [0, 45, 0],
				"cubes": [
					{"origin": [4.12336, 4.12978, 23.52031], "size": [1, 1, 1], "uv": [50, 88], "inflate": 0.2}
				]
			},
			{
				"name": "bone385",
				"parent": "bone322",
				"pivot": [4.8, 3.61746, 21.41122],
				"rotation": [0, 240, 0]
			},
			{
				"name": "bone386",
				"parent": "bone385",
				"pivot": [4.8, 3.61746, 24.05018],
				"rotation": [23, 0, 0]
			},
			{
				"name": "bone387",
				"parent": "bone386",
				"pivot": [4.75, 3.6513, 23.97046],
				"rotation": [0, 45, 0],
				"cubes": [
					{"origin": [3.94269, 3.77308, 23.554], "size": [1, 1, 1], "uv": [42, 88], "inflate": 0.2}
				]
			},
			{
				"name": "bone388",
				"parent": "bone322",
				"pivot": [4.925, 3.5885, 21.4315],
				"rotation": [0, 270, 0]
			},
			{
				"name": "bone389",
				"parent": "bone388",
				"pivot": [4.925, 3.5885, 24.07045],
				"rotation": [23, 0, 0]
			},
			{
				"name": "bone390",
				"parent": "bone389",
				"pivot": [4.925, 5.14711, 23.93238],
				"rotation": [25, -10, 35],
				"cubes": [
					{"origin": [4.39646, 3.69636, 23.38355], "size": [1, 1, 1], "uv": [24, 88], "inflate": 0.2}
				]
			},
			{
				"name": "bone391",
				"parent": "bone322",
				"pivot": [4.7, 3.7, 21.375],
				"rotation": [0, 300, 0]
			},
			{
				"name": "bone392",
				"parent": "bone391",
				"pivot": [4.7, 3.7, 24.01396],
				"rotation": [23, 0, 0]
			},
			{
				"name": "bone393",
				"parent": "bone392",
				"pivot": [4.7125, 3.70846, 23.99403],
				"rotation": [0, 45, 0],
				"cubes": [
					{"origin": [3.72913, 4.18401, 22.9827], "size": [1, 1, 1], "uv": [16, 88], "inflate": 0.2}
				]
			},
			{
				"name": "bone394",
				"parent": "bone322",
				"pivot": [4.7, 3.7, 21.375],
				"rotation": [0, 330, 0]
			},
			{
				"name": "bone395",
				"parent": "bone394",
				"pivot": [4.7, 3.7, 24.01396],
				"rotation": [23, 0, 0]
			},
			{
				"name": "bone396",
				"parent": "bone395",
				"pivot": [4.7, 5.2, 24.01396],
				"rotation": [0, 45, 57.5],
				"cubes": [
					{"origin": [4.2, 3.7, 23.51396], "size": [1, 1, 1], "uv": [87, 85], "inflate": 0.2}
				]
			},
			{
				"name": "bone399",
				"parent": "bone318",
				"pivot": [0, 17.925, 0]
			},
			{
				"name": "bone400",
				"parent": "bone399",
				"pivot": [0.05, 18.825, -6.85],
				"rotation": [-2.74715, -12.19908, 32.79362]
			},
			{
				"name": "bone401",
				"parent": "bone400",
				"pivot": [-1.45, 19.325, 5.65],
				"rotation": [0, 0, 9],
				"cubes": [
					{"origin": [-3.95, 18.825, 5.15], "size": [5, 1, 1], "uv": [100, 66], "inflate": -0.1}
				]
			},
			{
				"name": "bone402",
				"parent": "bone400",
				"pivot": [-1.45, 19.325, 5.65],
				"rotation": [0, 0, -9],
				"cubes": [
					{"origin": [-3.95, 18.825, 5.15], "size": [5, 1, 1], "uv": [100, 44], "inflate": -0.1}
				]
			},
			{
				"name": "bone403",
				"parent": "bone400",
				"pivot": [-0.95, 18.825, 5.15],
				"cubes": [
					{"origin": [-1.95, 18.825, 5.15], "size": [1, 1, 1], "uv": [85, 17], "inflate": 0.075}
				]
			},
			{
				"name": "bone397",
				"parent": "bone399",
				"pivot": [-0.05, 18.825, -6.85],
				"rotation": [-2.74715, 12.19908, -32.79362]
			},
			{
				"name": "bone398",
				"parent": "bone397",
				"pivot": [1.45, 19.325, 5.65],
				"rotation": [0, 0, -9],
				"cubes": [
					{"origin": [-1.05, 18.825, 5.15], "size": [5, 1, 1], "uv": [99, 94], "inflate": -0.1}
				]
			},
			{
				"name": "bone404",
				"parent": "bone397",
				"pivot": [1.45, 19.325, 5.65],
				"rotation": [0, 0, 9],
				"cubes": [
					{"origin": [-1.05, 18.825, 5.15], "size": [5, 1, 1], "uv": [42, 63], "inflate": -0.1}
				]
			},
			{
				"name": "bone405",
				"parent": "bone397",
				"pivot": [0.95, 18.825, 5.15],
				"cubes": [
					{"origin": [0.95, 18.825, 5.15], "size": [1, 1, 1], "uv": [84, 76], "inflate": 0.075}
				]
			},
			{
				"name": "bone406",
				"parent": "bone318",
				"pivot": [3.025, 23.475, 4],
				"rotation": [13.25, 9.5, -14.25],
				"cubes": [
					{"origin": [0.025, 21.475, 3.5], "size": [3.5, 4, 1], "uv": [37, 101], "inflate": 0.2},
					{"origin": [1.025, 20.775, 3.25], "size": [2, 1, 1], "uv": [50, 38], "inflate": 0.2}
				]
			},
			{
				"name": "bone408",
				"parent": "head",
				"pivot": [-1, 17.925, -0.575],
				"rotation": [0, 0, -2.5]
			},
			{
				"name": "bone409",
				"parent": "bone408",
				"pivot": [-4, 26.5, -1.575],
				"rotation": [-5, -20, 15],
				"cubes": [
					{"origin": [-10, 26, -2.575], "size": [9, 1, 2], "uv": [50, 14], "inflate": -0.1}
				]
			},
			{
				"name": "bone410",
				"parent": "bone408",
				"pivot": [-3.875, 26.775, -1.3],
				"rotation": [12.5, -16.25, 15],
				"cubes": [
					{"origin": [-7.875, 26.275, -3.3], "size": [7, 1, 1.1], "uv": [50, 3], "inflate": -0.1}
				]
			},
			{
				"name": "bone411",
				"parent": "bone408",
				"pivot": [-3.575, 26.95, -1.175],
				"rotation": [17.5, -8.75, 15],
				"cubes": [
					{"origin": [-7.575, 26.45, -3.925], "size": [6, 1, 1.1], "uv": [32, 32], "inflate": -0.2}
				]
			},
			{
				"name": "bone413",
				"parent": "bone408",
				"pivot": [-2.40152, 26.43021, 1.35],
				"rotation": [-57.5, -42.5, 30],
				"cubes": [
					{"origin": [-10.38754, 25.65397, 3.20647], "size": [9.5, 1, 2], "uv": [0, 50], "inflate": -0.2}
				]
			},
			{
				"name": "bone412",
				"parent": "bone408",
				"pivot": [-3.99891, 26.52498, -1.025],
				"rotation": [-27.5, -28.75, 18.25],
				"cubes": [
					{"origin": [-8.99891, 26.02498, -1.225], "size": [8, 1, 2.5], "uv": [50, 45], "inflate": -0.2}
				]
			},
			{
				"name": "bone414",
				"parent": "bone408",
				"pivot": [-3.99782, 26.54995, -1.575],
				"rotation": [-16, -38.25, 15],
				"cubes": [
					{"origin": [-6.99782, 26.04995, -1.575], "size": [6, 1, 3.1], "uv": [54, 38], "inflate": -0.1}
				]
			},
			{
				"name": "bone415",
				"parent": "bone408",
				"pivot": [-5.10442, 23.94323, 2.53147],
				"rotation": [-113, -42.5, 55],
				"cubes": [
					{"origin": [-13.10442, 23.41823, 3.15647], "size": [5, 1, 2], "uv": [96, 53], "inflate": -0.2}
				]
			},
			{
				"name": "bone427",
				"parent": "bone408",
				"pivot": [-2.50382, 25.23353, 4.2],
				"rotation": [-92.5, -42.5, 27.5],
				"cubes": [
					{"origin": [-8.98984, 24.45729, 5.45647], "size": [6, 1, 2.5], "uv": [69, 37], "inflate": -0.2}
				]
			},
			{
				"name": "bone416",
				"parent": "bone408",
				"pivot": [0, 0, 0]
			},
			{
				"name": "bone417",
				"parent": "bone416",
				"pivot": [-4.66952, 26.07053, -2.225],
				"rotation": [-37.5, 0, -22.5],
				"cubes": [
					{"origin": [-5.75392, 25.78373, -1.94324], "size": [1, 1, 1], "uv": [83, 37], "inflate": 0.4}
				]
			},
			{
				"name": "bone418",
				"parent": "bone416",
				"pivot": [-5.86293, 26.24775, -2.55],
				"rotation": [-30, 17.5, -30],
				"cubes": [
					{"origin": [-7.1017, 26.14624, -3.24635], "size": [1, 1, 1], "uv": [82, 67], "inflate": 0.2}
				]
			},
			{
				"name": "bone419",
				"parent": "bone416",
				"pivot": [-5.35316, 24.01089, -0.11824],
				"rotation": [-17.5, 22.5, -22.5],
				"cubes": [
					{"origin": [-5.85316, 23.51089, -0.61824], "size": [1, 1, 1], "uv": [82, 8], "inflate": 0.4}
				]
			},
			{
				"name": "bone420",
				"parent": "bone416",
				"pivot": [-5.07594, 23.82749, -1.74962],
				"rotation": [-7.5, 27.5, -62.5],
				"cubes": [
					{"origin": [-5.57594, 23.32749, -2.24962], "size": [1, 1, 1], "uv": [77, 81], "inflate": 0.1}
				]
			},
			{
				"name": "bone421",
				"parent": "bone416",
				"pivot": [-6.60479, 25.30422, -1.725],
				"rotation": [-30, 45, -60],
				"cubes": [
					{"origin": [-6.51132, 26.13759, -3.79061], "size": [1, 1, 1.2], "uv": [79, 30]}
				]
			},
			{
				"name": "bone422",
				"parent": "bone416",
				"pivot": [-6.04867, 26.00563, -2.225],
				"rotation": [-15, -12.5, -50],
				"cubes": [
					{"origin": [-7.13306, 25.71882, -1.94324], "size": [1, 1.2, 1], "uv": [78, 58], "inflate": 0.4}
				]
			},
			{
				"name": "bone423",
				"parent": "bone416",
				"pivot": [-4.9882, 23.35685, 0.475],
				"rotation": [-30, 45, -60],
				"cubes": [
					{"origin": [-4.89473, 24.19022, -1.59061], "size": [1, 1, 1], "uv": [78, 8]}
				]
			},
			{
				"name": "bone424",
				"parent": "bone416",
				"pivot": [-5.48164, 26.9568, -2.3],
				"rotation": [-50, 35, -112.5],
				"cubes": [
					{"origin": [-5.38817, 27.79017, -4.36561], "size": [1, 1, 1], "uv": [38, 76], "inflate": -0.1}
				]
			},
			{
				"name": "bone425",
				"parent": "bone416",
				"pivot": [-3.98032, 24.08858, 1.275],
				"rotation": [-2.5, 82.5, -60],
				"cubes": [
					{"origin": [-3.88685, 24.92195, -1.79061], "size": [1, 1, 2], "uv": [56, 65], "inflate": -0.1}
				]
			},
			{
				"name": "bone426",
				"parent": "bone416",
				"pivot": [-5.34227, 22.31266, 1.30038],
				"rotation": [-7.5, 27.5, -62.5],
				"cubes": [
					{"origin": [-5.84227, 21.81266, 0.80038], "size": [2, 1, 1], "uv": [50, 17], "inflate": 0.1}
				]
			},
			{
				"name": "bone428",
				"parent": "head",
				"pivot": [1, 17.925, -0.575],
				"rotation": [0, 0, 2.5]
			},
			{
				"name": "bone429",
				"parent": "bone428",
				"pivot": [4, 26.5, -1.575],
				"rotation": [-5, 20, -15],
				"cubes": [
					{"origin": [1, 26, -2.575], "size": [9, 1, 2], "uv": [46, 0], "inflate": -0.1}
				]
			},
			{
				"name": "bone430",
				"parent": "bone428",
				"pivot": [3.875, 26.775, -1.3],
				"rotation": [12.5, 16.25, -15],
				"cubes": [
					{"origin": [0.875, 26.275, -3.3], "size": [7, 1, 1.1], "uv": [24, 22], "inflate": -0.1}
				]
			},
			{
				"name": "bone431",
				"parent": "bone428",
				"pivot": [3.575, 26.95, -1.175],
				"rotation": [17.5, 8.75, -15],
				"cubes": [
					{"origin": [3.575, 26.45, -3.925], "size": [4, 1, 1.1], "uv": [101, 73], "inflate": -0.2}
				]
			},
			{
				"name": "bone432",
				"parent": "bone428",
				"pivot": [2.40152, 26.43021, 1.35],
				"rotation": [-57.5, 42.5, -30],
				"cubes": [
					{"origin": [0.88754, 25.65397, 3.20647], "size": [9.5, 1, 2], "uv": [18, 19], "inflate": -0.2}
				]
			},
			{
				"name": "bone433",
				"parent": "bone428",
				"pivot": [3.99891, 26.52498, -1.025],
				"rotation": [-27.5, 28.75, -18.25],
				"cubes": [
					{"origin": [0.99891, 26.02498, -1.225], "size": [8, 1, 2.5], "uv": [50, 35], "inflate": -0.2}
				]
			},
			{
				"name": "bone434",
				"parent": "bone428",
				"pivot": [3.99782, 26.54995, -1.575],
				"rotation": [-16, 38.25, -15],
				"cubes": [
					{"origin": [0.99782, 26.04995, -1.575], "size": [6, 1, 3.1], "uv": [54, 17], "inflate": -0.1}
				]
			},
			{
				"name": "bone435",
				"parent": "bone428",
				"pivot": [5.10442, 23.94323, 2.53147],
				"rotation": [-113, 42.5, -55],
				"cubes": [
					{"origin": [8.10442, 23.41823, 3.15647], "size": [5, 1, 2], "uv": [95, 91], "inflate": -0.2}
				]
			},
			{
				"name": "bone436",
				"parent": "bone428",
				"pivot": [2.50382, 25.23353, 4.2],
				"rotation": [-92.5, 42.5, -27.5],
				"cubes": [
					{"origin": [2.98984, 24.45729, 5.45647], "size": [6, 1, 2.5], "uv": [68, 0], "inflate": -0.2}
				]
			},
			{
				"name": "bone437",
				"parent": "bone428",
				"pivot": [0, 0, 0]
			},
			{
				"name": "bone438",
				"parent": "bone437",
				"pivot": [4.66952, 26.07053, -2.225],
				"rotation": [-37.5, 0, 22.5],
				"cubes": [
					{"origin": [4.75392, 25.78373, -1.94324], "size": [1, 1, 1], "uv": [75, 20], "inflate": 0.4}
				]
			},
			{
				"name": "bone439",
				"parent": "bone437",
				"pivot": [5.86293, 26.24775, -2.55],
				"rotation": [-30, -17.5, 30],
				"cubes": [
					{"origin": [6.1017, 26.14624, -3.24635], "size": [1, 1, 1], "uv": [75, 3], "inflate": 0.2}
				]
			},
			{
				"name": "bone440",
				"parent": "bone437",
				"pivot": [5.35316, 24.01089, -0.11824],
				"rotation": [-17.5, -22.5, 22.5],
				"cubes": [
					{"origin": [4.85316, 23.51089, -0.61824], "size": [1, 1, 1], "uv": [24, 72], "inflate": 0.4}
				]
			},
			{
				"name": "bone441",
				"parent": "bone437",
				"pivot": [5.07594, 23.82749, -1.74962],
				"rotation": [-7.5, -27.5, 62.5],
				"cubes": [
					{"origin": [4.57594, 23.32749, -2.24962], "size": [1, 1, 1], "uv": [20, 72], "inflate": 0.1}
				]
			},
			{
				"name": "bone442",
				"parent": "bone437",
				"pivot": [6.60479, 25.30422, -1.725],
				"rotation": [-30, -45, 60],
				"cubes": [
					{"origin": [5.51132, 26.13759, -3.79061], "size": [1, 1, 1.2], "uv": [66, 0]}
				]
			},
			{
				"name": "bone443",
				"parent": "bone437",
				"pivot": [6.04867, 26.00563, -2.225],
				"rotation": [-15, 12.5, 50],
				"cubes": [
					{"origin": [6.13306, 25.71882, -1.94324], "size": [1, 1.2, 1], "uv": [63, 33], "inflate": 0.4}
				]
			},
			{
				"name": "bone444",
				"parent": "bone437",
				"pivot": [4.9882, 23.35685, 0.475],
				"rotation": [-30, -45, 60],
				"cubes": [
					{"origin": [3.89473, 24.19022, -1.59061], "size": [1, 1, 1], "uv": [60, 52]}
				]
			},
			{
				"name": "bone445",
				"parent": "bone437",
				"pivot": [5.48164, 26.9568, -2.3],
				"rotation": [-50, -35, 112.5],
				"cubes": [
					{"origin": [4.38817, 27.79017, -4.36561], "size": [1, 1, 1], "uv": [59, 33], "inflate": -0.1}
				]
			},
			{
				"name": "bone446",
				"parent": "bone437",
				"pivot": [3.98032, 24.08858, 1.275],
				"rotation": [-2.5, -82.5, 60],
				"cubes": [
					{"origin": [2.88685, 24.92195, -1.79061], "size": [1, 1, 2], "uv": [28, 50], "inflate": -0.1}
				]
			},
			{
				"name": "bone447",
				"parent": "bone437",
				"pivot": [5.34227, 22.31266, 1.30038],
				"rotation": [-7.5, -27.5, 62.5],
				"cubes": [
					{"origin": [3.84227, 21.81266, 0.80038], "size": [2, 1, 1], "uv": [45, 14], "inflate": 0.1}
				]
			},
			{
				"name": "bone448",
				"parent": "head",
				"pivot": [0, 23.85, -4.425],
				"rotation": [-45, 0, 0]
			},
			{
				"name": "bone449",
				"parent": "bone448",
				"pivot": [0, 17.775, -0.425],
				"cubes": [
					{"origin": [-1.5, 23.775, -5.825], "size": [3, 1, 1], "uv": [14, 41], "inflate": -0.3}
				]
			},
			{
				"name": "bone450",
				"parent": "bone448",
				"pivot": [2.75, 24.275, -4.9],
				"rotation": [0, -15, 0],
				"cubes": [
					{"origin": [0.75, 23.775, -5.4], "size": [3, 1, 1], "uv": [14, 32], "inflate": -0.3}
				]
			},
			{
				"name": "bone451",
				"parent": "bone448",
				"pivot": [-2.75, 24.275, -4.9],
				"rotation": [0, 15, 0],
				"cubes": [
					{"origin": [-3.75, 23.775, -5.4], "size": [3, 1, 1], "uv": [18, 16], "inflate": -0.3}
				]
			},
			{
				"name": "bone407",
				"parent": "head",
				"pivot": [-0.45, 18.175, -0.775],
				"rotation": [0, -10, 0]
			},
			{
				"name": "bone452",
				"parent": "bone407",
				"pivot": [3.375, 25.475, -4.55],
				"rotation": [15, 37.5, 25],
				"cubes": [
					{"origin": [3.37832, 23.91079, -4.60038], "size": [1, 4, 1], "uv": [60, 89], "inflate": -0.1},
					{"origin": [3.37832, 26.66079, -4.60038], "size": [1, 3, 1], "uv": [72, 108], "inflate": -0.35}
				]
			},
			{
				"name": "bone453",
				"parent": "bone407",
				"pivot": [3.375, 26.1, -4.55],
				"rotation": [35.75, 18, 67.5],
				"cubes": [
					{"origin": [2.58929, 23.46086, -4.62418], "size": [1.5, 4, 1], "uv": [84, 39], "inflate": -0.1}
				]
			},
			{
				"name": "armRight",
				"pivot": [-3, 17.5, 0],
				"rotation": [0, 0, 25],
				"cubes": [
					{"origin": [-5, 8.5, -1], "size": [2, 8, 2], "uv": [57, 79]},
					{"origin": [-5.5, 14.25, -1.5], "size": [4, 2, 3], "uv": [70, 70], "inflate": -0.2},
					{"origin": [-5.5, 8.175, -1.5], "size": [3, 2, 3], "uv": [8, 97], "inflate": -0.3}
				]
			},
			{
				"name": "bone166",
				"parent": "armRight",
				"pivot": [-3, 17.5, 0]
			},
			{
				"name": "bone101",
				"parent": "bone166",
				"pivot": [-6.98477, 30.89607, 0]
			},
			{
				"name": "bone102",
				"parent": "bone101",
				"pivot": [-3.8534, 13.29182, 0]
			},
			{
				"name": "bone103",
				"parent": "bone102",
				"pivot": [-3.8534, 13.29182, 2.63896],
				"rotation": [40, 0, 0]
			},
			{
				"name": "bone104",
				"parent": "bone103",
				"pivot": [-3.8534, 13.29182, 2.63896],
				"rotation": [0, -45, 0],
				"cubes": [
					{"origin": [-4.3534, 13.29182, 2.13896], "size": [1, 3, 1], "uv": [68, 108]}
				]
			},
			{
				"name": "bone105",
				"parent": "bone101",
				"pivot": [-3.8534, 13.29182, 0],
				"rotation": [0, -30, 0]
			},
			{
				"name": "bone106",
				"parent": "bone105",
				"pivot": [-3.8534, 13.29182, 2.63896],
				"rotation": [40, 0, 0]
			},
			{
				"name": "bone107",
				"parent": "bone106",
				"pivot": [-3.8534, 13.29182, 2.63896],
				"rotation": [0, -45, 0],
				"cubes": [
					{"origin": [-4.3534, 13.29182, 2.13896], "size": [1, 3, 1], "uv": [64, 108]}
				]
			},
			{
				"name": "bone108",
				"parent": "bone101",
				"pivot": [-3.8534, 13.29182, 0],
				"rotation": [0, -60, 0]
			},
			{
				"name": "bone109",
				"parent": "bone108",
				"pivot": [-3.8534, 13.29182, 2.63896],
				"rotation": [40, 0, 0]
			},
			{
				"name": "bone110",
				"parent": "bone109",
				"pivot": [-3.8534, 13.29182, 2.63896],
				"rotation": [0, -45, 0],
				"cubes": [
					{"origin": [-4.3534, 13.29182, 2.13896], "size": [1, 3, 1], "uv": [18, 108]}
				]
			},
			{
				"name": "bone111",
				"parent": "bone101",
				"pivot": [-3.8534, 13.29182, 0],
				"rotation": [0, -90, 0]
			},
			{
				"name": "bone112",
				"parent": "bone111",
				"pivot": [-3.8534, 13.29182, 2.63896],
				"rotation": [40, 0, 0]
			},
			{
				"name": "bone113",
				"parent": "bone112",
				"pivot": [-3.8534, 13.29182, 2.63896],
				"rotation": [0, -45, 0],
				"cubes": [
					{"origin": [-4.3534, 13.29182, 2.13896], "size": [1, 3, 1], "uv": [14, 108]}
				]
			},
			{
				"name": "bone114",
				"parent": "bone101",
				"pivot": [-3.8534, 13.29182, 0],
				"rotation": [0, -120, 0]
			},
			{
				"name": "bone115",
				"parent": "bone114",
				"pivot": [-3.8534, 13.29182, 2.63896],
				"rotation": [40, 0, 0]
			},
			{
				"name": "bone116",
				"parent": "bone115",
				"pivot": [-3.8534, 13.29182, 2.63896],
				"rotation": [0, -45, 0],
				"cubes": [
					{"origin": [-4.3534, 13.29182, 2.13896], "size": [1, 3, 1], "uv": [107, 49]}
				]
			},
			{
				"name": "bone117",
				"parent": "bone101",
				"pivot": [-3.8534, 13.29182, 0],
				"rotation": [0, -150, 0]
			},
			{
				"name": "bone118",
				"parent": "bone117",
				"pivot": [-3.8534, 13.29182, 2.63896],
				"rotation": [40, 0, 0]
			},
			{
				"name": "bone119",
				"parent": "bone118",
				"pivot": [-3.8534, 13.29182, 2.63896],
				"rotation": [0, -45, 0],
				"cubes": [
					{"origin": [-4.3534, 13.29182, 2.13896], "size": [1, 3, 1], "uv": [107, 107]}
				]
			},
			{
				"name": "bone120",
				"parent": "bone101",
				"pivot": [-3.8534, 13.29182, 0],
				"rotation": [0, -180, 0]
			},
			{
				"name": "bone121",
				"parent": "bone120",
				"pivot": [-3.8534, 13.29182, 2.63896],
				"rotation": [40, 0, 0]
			},
			{
				"name": "bone122",
				"parent": "bone121",
				"pivot": [-3.8534, 13.29182, 2.63896],
				"rotation": [0, -45, 0],
				"cubes": [
					{"origin": [-4.3534, 13.29182, 2.13896], "size": [1, 3, 1], "uv": [23, 107]}
				]
			},
			{
				"name": "bone123",
				"parent": "bone101",
				"pivot": [-3.8534, 13.29182, 0],
				"rotation": [0, -210, 0]
			},
			{
				"name": "bone124",
				"parent": "bone123",
				"pivot": [-3.8534, 13.29182, 2.63896],
				"rotation": [40, 0, 0]
			},
			{
				"name": "bone125",
				"parent": "bone124",
				"pivot": [-3.8534, 13.29182, 2.63896],
				"rotation": [0, -45, 0],
				"cubes": [
					{"origin": [-4.3534, 13.29182, 2.13896], "size": [1, 3, 1], "uv": [4, 107]}
				]
			},
			{
				"name": "bone126",
				"parent": "bone101",
				"pivot": [-3.8534, 13.29182, 0],
				"rotation": [0, -240, 0]
			},
			{
				"name": "bone127",
				"parent": "bone126",
				"pivot": [-3.8534, 13.29182, 2.63896],
				"rotation": [40, 0, 0]
			},
			{
				"name": "bone128",
				"parent": "bone127",
				"pivot": [-3.8534, 13.29182, 2.63896],
				"rotation": [0, -45, 0],
				"cubes": [
					{"origin": [-4.3534, 13.29182, 2.13896], "size": [1, 3, 1], "uv": [0, 107]}
				]
			},
			{
				"name": "bone129",
				"parent": "bone101",
				"pivot": [-3.8534, 13.29182, 0],
				"rotation": [0, -270, 0]
			},
			{
				"name": "bone158",
				"parent": "bone129",
				"pivot": [-3.8534, 13.29182, 2.63896],
				"rotation": [40, 0, 0]
			},
			{
				"name": "bone159",
				"parent": "bone158",
				"pivot": [-3.8534, 13.29182, 2.63896],
				"rotation": [0, -45, 0],
				"cubes": [
					{"origin": [-4.3534, 13.29182, 2.13896], "size": [1, 3, 1], "uv": [106, 99]}
				]
			},
			{
				"name": "bone160",
				"parent": "bone101",
				"pivot": [-3.8534, 13.29182, 0],
				"rotation": [0, -300, 0]
			},
			{
				"name": "bone161",
				"parent": "bone160",
				"pivot": [-3.8534, 13.29182, 2.63896],
				"rotation": [40, 0, 0]
			},
			{
				"name": "bone162",
				"parent": "bone161",
				"pivot": [-3.8534, 13.29182, 2.63896],
				"rotation": [0, -45, 0],
				"cubes": [
					{"origin": [-4.3534, 13.29182, 2.13896], "size": [1, 3, 1], "uv": [106, 87]}
				]
			},
			{
				"name": "bone163",
				"parent": "bone101",
				"pivot": [-3.8534, 13.29182, 0],
				"rotation": [0, -330, 0]
			},
			{
				"name": "bone164",
				"parent": "bone163",
				"pivot": [-3.8534, 13.29182, 2.63896],
				"rotation": [40, 0, 0]
			},
			{
				"name": "bone165",
				"parent": "bone164",
				"pivot": [-3.8534, 13.29182, 2.63896],
				"rotation": [0, -45, 0],
				"cubes": [
					{"origin": [-4.3534, 13.29182, 2.13896], "size": [1, 3, 1], "uv": [49, 106]}
				]
			},
			{
				"name": "bone167",
				"parent": "bone166",
				"pivot": [-7.07107, 30.19381, 0]
			},
			{
				"name": "bone168",
				"parent": "bone167",
				"pivot": [-3.9397, 12.58956, 0]
			},
			{
				"name": "bone169",
				"parent": "bone168",
				"pivot": [-3.9397, 12.58956, 2.63896],
				"rotation": [40, 0, 0]
			},
			{
				"name": "bone170",
				"parent": "bone169",
				"pivot": [-3.9397, 12.58956, 2.63896],
				"rotation": [0, -45, 0],
				"cubes": [
					{"origin": [-4.4397, 12.33956, 2.13896], "size": [1, 3, 1], "uv": [45, 106]}
				]
			},
			{
				"name": "bone171",
				"parent": "bone167",
				"pivot": [-3.9397, 12.58956, 0],
				"rotation": [0, -30, 0]
			},
			{
				"name": "bone172",
				"parent": "bone171",
				"pivot": [-3.9397, 12.58956, 2.63896],
				"rotation": [40, 0, 0]
			},
			{
				"name": "bone173",
				"parent": "bone172",
				"pivot": [-3.9397, 12.58956, 2.63896],
				"rotation": [0, -45, 0],
				"cubes": [
					{"origin": [-4.4397, 12.33956, 2.13896], "size": [1, 3, 1], "uv": [41, 106]}
				]
			},
			{
				"name": "bone174",
				"parent": "bone167",
				"pivot": [-3.9397, 12.58956, 0],
				"rotation": [0, -60, 0]
			},
			{
				"name": "bone175",
				"parent": "bone174",
				"pivot": [-3.9397, 12.58956, 2.63896],
				"rotation": [40, 0, 0]
			},
			{
				"name": "bone176",
				"parent": "bone175",
				"pivot": [-3.9397, 12.58956, 2.63896],
				"rotation": [0, -45, 0],
				"cubes": [
					{"origin": [-4.4397, 12.33956, 2.13896], "size": [1, 3, 1], "uv": [37, 106]}
				]
			},
			{
				"name": "bone177",
				"parent": "bone167",
				"pivot": [-3.9397, 12.58956, 0],
				"rotation": [0, -90, 0]
			},
			{
				"name": "bone178",
				"parent": "bone177",
				"pivot": [-3.9397, 12.58956, 2.63896],
				"rotation": [40, 0, 0]
			},
			{
				"name": "bone179",
				"parent": "bone178",
				"pivot": [-3.9397, 12.58956, 2.63896],
				"rotation": [0, -45, 0],
				"cubes": [
					{"origin": [-4.4397, 12.33956, 2.13896], "size": [1, 3, 1], "uv": [10, 106]}
				]
			},
			{
				"name": "bone180",
				"parent": "bone167",
				"pivot": [-3.9397, 12.58956, 0],
				"rotation": [0, -120, 0]
			},
			{
				"name": "bone181",
				"parent": "bone180",
				"pivot": [-3.9397, 12.58956, 2.63896],
				"rotation": [40, 0, 0]
			},
			{
				"name": "bone182",
				"parent": "bone181",
				"pivot": [-3.9397, 12.58956, 2.63896],
				"rotation": [0, -45, 0],
				"cubes": [
					{"origin": [-4.4397, 12.33956, 2.13896], "size": [1, 3, 1], "uv": [103, 105]}
				]
			},
			{
				"name": "bone192",
				"parent": "bone167",
				"pivot": [-3.9397, 12.58956, 0],
				"rotation": [0, -150, 0]
			},
			{
				"name": "bone193",
				"parent": "bone192",
				"pivot": [-3.9397, 12.58956, 2.63896],
				"rotation": [40, 0, 0]
			},
			{
				"name": "bone194",
				"parent": "bone193",
				"pivot": [-3.9397, 12.58956, 2.63896],
				"rotation": [0, -45, 0],
				"cubes": [
					{"origin": [-4.4397, 12.33956, 2.13896], "size": [1, 3, 1], "uv": [99, 105]}
				]
			},
			{
				"name": "bone215",
				"parent": "bone167",
				"pivot": [-3.9397, 12.58956, 0],
				"rotation": [0, -180, 0]
			},
			{
				"name": "bone216",
				"parent": "bone215",
				"pivot": [-3.9397, 12.58956, 2.63896],
				"rotation": [40, 0, 0]
			},
			{
				"name": "bone217",
				"parent": "bone216",
				"pivot": [-3.9397, 12.58956, 2.63896],
				"rotation": [0, -45, 0],
				"cubes": [
					{"origin": [-4.4397, 12.33956, 2.13896], "size": [1, 3, 1], "uv": [89, 105]}
				]
			},
			{
				"name": "bone218",
				"parent": "bone167",
				"pivot": [-3.9397, 12.58956, 0],
				"rotation": [0, -210, 0]
			},
			{
				"name": "bone219",
				"parent": "bone218",
				"pivot": [-3.9397, 12.58956, 2.63896],
				"rotation": [40, 0, 0]
			},
			{
				"name": "bone220",
				"parent": "bone219",
				"pivot": [-3.9397, 12.58956, 2.63896],
				"rotation": [0, -45, 0],
				"cubes": [
					{"origin": [-4.4397, 12.33956, 2.13896], "size": [1, 3, 1], "uv": [85, 105]}
				]
			},
			{
				"name": "bone221",
				"parent": "bone167",
				"pivot": [-3.9397, 12.58956, 0],
				"rotation": [0, -240, 0]
			},
			{
				"name": "bone222",
				"parent": "bone221",
				"pivot": [-3.9397, 12.58956, 2.63896],
				"rotation": [40, 0, 0]
			},
			{
				"name": "bone223",
				"parent": "bone222",
				"pivot": [-3.9397, 12.58956, 2.63896],
				"rotation": [0, -45, 0],
				"cubes": [
					{"origin": [-4.4397, 12.33956, 2.13896], "size": [1, 3, 1], "uv": [61, 105]}
				]
			},
			{
				"name": "bone224",
				"parent": "bone167",
				"pivot": [-3.9397, 12.58956, 0],
				"rotation": [0, -270, 0]
			},
			{
				"name": "bone225",
				"parent": "bone224",
				"pivot": [-3.9397, 12.58956, 2.63896],
				"rotation": [40, 0, 0]
			},
			{
				"name": "bone226",
				"parent": "bone225",
				"pivot": [-3.9397, 12.58956, 2.63896],
				"rotation": [0, -45, 0],
				"cubes": [
					{"origin": [-4.4397, 12.33956, 2.13896], "size": [1, 3, 1], "uv": [57, 105]}
				]
			},
			{
				"name": "bone227",
				"parent": "bone167",
				"pivot": [-3.9397, 12.58956, 0],
				"rotation": [0, -300, 0]
			},
			{
				"name": "bone228",
				"parent": "bone227",
				"pivot": [-3.9397, 12.58956, 2.63896],
				"rotation": [40, 0, 0]
			},
			{
				"name": "bone229",
				"parent": "bone228",
				"pivot": [-3.9397, 12.58956, 2.63896],
				"rotation": [0, -45, 0],
				"cubes": [
					{"origin": [-4.4397, 12.33956, 2.13896], "size": [1, 3, 1], "uv": [104, 38]}
				]
			},
			{
				"name": "bone230",
				"parent": "bone167",
				"pivot": [-3.9397, 12.58956, 0],
				"rotation": [0, -330, 0]
			},
			{
				"name": "bone231",
				"parent": "bone230",
				"pivot": [-3.9397, 12.58956, 2.63896],
				"rotation": [40, 0, 0]
			},
			{
				"name": "bone232",
				"parent": "bone231",
				"pivot": [-3.9397, 12.58956, 2.63896],
				"rotation": [0, -45, 0],
				"cubes": [
					{"origin": [-4.4397, 12.33956, 2.13896], "size": [1, 3, 1], "uv": [104, 34]}
				]
			},
			{
				"name": "armLeft",
				"pivot": [3, 17.5, 0],
				"rotation": [0, 0, -25],
				"cubes": [
					{"origin": [3, 8.5, -1], "size": [2, 8, 2], "uv": [10, 78]},
					{"origin": [1.5, 14.25, -1.5], "size": [4, 2, 3], "uv": [69, 15], "inflate": -0.2},
					{"origin": [2.5, 9.05, -1.5], "size": [3, 1.5, 3], "uv": [97, 22], "inflate": -0.3}
				]
			},
			{
				"name": "bone130",
				"parent": "armLeft",
				"pivot": [3, 17.5, 0]
			},
			{
				"name": "bone131",
				"parent": "bone130",
				"pivot": [6.98477, 30.89607, 0]
			},
			{
				"name": "bone132",
				"parent": "bone131",
				"pivot": [3.8534, 13.29182, 0]
			},
			{
				"name": "bone133",
				"parent": "bone132",
				"pivot": [3.8534, 13.29182, 2.63896],
				"rotation": [40, 0, 0]
			},
			{
				"name": "bone134",
				"parent": "bone133",
				"pivot": [3.8534, 13.29182, 2.63896],
				"rotation": [0, 45, 0],
				"cubes": [
					{"origin": [3.3534, 13.29182, 2.13896], "size": [1, 3, 1], "uv": [95, 104]}
				]
			},
			{
				"name": "bone135",
				"parent": "bone131",
				"pivot": [3.8534, 13.29182, 0],
				"rotation": [0, 30, 0]
			},
			{
				"name": "bone136",
				"parent": "bone135",
				"pivot": [3.8534, 13.29182, 2.63896],
				"rotation": [40, 0, 0]
			},
			{
				"name": "bone137",
				"parent": "bone136",
				"pivot": [3.8534, 13.29182, 2.63896],
				"rotation": [0, 45, 0],
				"cubes": [
					{"origin": [3.3534, 13.29182, 2.13896], "size": [1, 3, 1], "uv": [81, 104]}
				]
			},
			{
				"name": "bone138",
				"parent": "bone131",
				"pivot": [3.8534, 13.29182, 0],
				"rotation": [0, 60, 0]
			},
			{
				"name": "bone139",
				"parent": "bone138",
				"pivot": [3.8534, 13.29182, 2.63896],
				"rotation": [40, 0, 0]
			},
			{
				"name": "bone140",
				"parent": "bone139",
				"pivot": [3.8534, 13.29182, 2.63896],
				"rotation": [0, 45, 0],
				"cubes": [
					{"origin": [3.3534, 13.29182, 2.13896], "size": [1, 3, 1], "uv": [77, 104]}
				]
			},
			{
				"name": "bone141",
				"parent": "bone131",
				"pivot": [3.8534, 13.29182, 0],
				"rotation": [0, 90, 0]
			},
			{
				"name": "bone142",
				"parent": "bone141",
				"pivot": [3.8534, 13.29182, 2.63896],
				"rotation": [40, 0, 0]
			},
			{
				"name": "bone143",
				"parent": "bone142",
				"pivot": [3.8534, 13.29182, 2.63896],
				"rotation": [0, 45, 0],
				"cubes": [
					{"origin": [3.3534, 13.29182, 2.13896], "size": [1, 3, 1], "uv": [73, 104]}
				]
			},
			{
				"name": "bone144",
				"parent": "bone131",
				"pivot": [3.8534, 13.29182, 0],
				"rotation": [0, 120, 0]
			},
			{
				"name": "bone145",
				"parent": "bone144",
				"pivot": [3.8534, 13.29182, 2.63896],
				"rotation": [40, 0, 0]
			},
			{
				"name": "bone146",
				"parent": "bone145",
				"pivot": [3.8534, 13.29182, 2.63896],
				"rotation": [0, 45, 0],
				"cubes": [
					{"origin": [3.3534, 13.29182, 2.13896], "size": [1, 3, 1], "uv": [69, 104]}
				]
			},
			{
				"name": "bone147",
				"parent": "bone131",
				"pivot": [3.8534, 13.29182, 0],
				"rotation": [0, 150, 0]
			},
			{
				"name": "bone148",
				"parent": "bone147",
				"pivot": [3.8534, 13.29182, 2.63896],
				"rotation": [40, 0, 0]
			},
			{
				"name": "bone149",
				"parent": "bone148",
				"pivot": [3.8534, 13.29182, 2.63896],
				"rotation": [0, 45, 0],
				"cubes": [
					{"origin": [3.3534, 13.29182, 2.13896], "size": [1, 3, 1], "uv": [65, 104]}
				]
			},
			{
				"name": "bone150",
				"parent": "bone131",
				"pivot": [3.8534, 13.29182, 0],
				"rotation": [0, 180, 0]
			},
			{
				"name": "bone151",
				"parent": "bone150",
				"pivot": [3.8534, 13.29182, 2.63896],
				"rotation": [40, 0, 0]
			},
			{
				"name": "bone152",
				"parent": "bone151",
				"pivot": [3.8534, 13.29182, 2.63896],
				"rotation": [0, 45, 0],
				"cubes": [
					{"origin": [3.3534, 13.29182, 2.13896], "size": [1, 3, 1], "uv": [20, 104]}
				]
			},
			{
				"name": "bone153",
				"parent": "bone131",
				"pivot": [3.8534, 13.29182, 0],
				"rotation": [0, 210, 0]
			},
			{
				"name": "bone154",
				"parent": "bone153",
				"pivot": [3.8534, 13.29182, 2.63896],
				"rotation": [40, 0, 0]
			},
			{
				"name": "bone155",
				"parent": "bone154",
				"pivot": [3.8534, 13.29182, 2.63896],
				"rotation": [0, 45, 0],
				"cubes": [
					{"origin": [3.3534, 13.29182, 2.13896], "size": [1, 3, 1], "uv": [16, 104]}
				]
			},
			{
				"name": "bone156",
				"parent": "bone131",
				"pivot": [3.8534, 13.29182, 0],
				"rotation": [0, 240, 0]
			},
			{
				"name": "bone157",
				"parent": "bone156",
				"pivot": [3.8534, 13.29182, 2.63896],
				"rotation": [40, 0, 0]
			},
			{
				"name": "bone183",
				"parent": "bone157",
				"pivot": [3.8534, 13.29182, 2.63896],
				"rotation": [0, 45, 0],
				"cubes": [
					{"origin": [3.3534, 13.29182, 2.13896], "size": [1, 3, 1], "uv": [103, 84]}
				]
			},
			{
				"name": "bone184",
				"parent": "bone131",
				"pivot": [3.8534, 13.29182, 0],
				"rotation": [0, 270, 0]
			},
			{
				"name": "bone185",
				"parent": "bone184",
				"pivot": [3.8534, 13.29182, 2.63896],
				"rotation": [40, 0, 0]
			},
			{
				"name": "bone186",
				"parent": "bone185",
				"pivot": [3.8534, 13.29182, 2.63896],
				"rotation": [0, 45, 0],
				"cubes": [
					{"origin": [3.3534, 13.29182, 2.13896], "size": [1, 3, 1], "uv": [67, 94]}
				]
			},
			{
				"name": "bone187",
				"parent": "bone131",
				"pivot": [3.8534, 13.29182, 0],
				"rotation": [0, 300, 0]
			},
			{
				"name": "bone188",
				"parent": "bone187",
				"pivot": [3.8534, 13.29182, 2.63896],
				"rotation": [40, 0, 0]
			},
			{
				"name": "bone189",
				"parent": "bone188",
				"pivot": [3.8534, 13.29182, 2.63896],
				"rotation": [0, 45, 0],
				"cubes": [
					{"origin": [3.3534, 13.29182, 2.13896], "size": [1, 3, 1], "uv": [86, 0]}
				]
			},
			{
				"name": "bone190",
				"parent": "bone131",
				"pivot": [3.8534, 13.29182, 0],
				"rotation": [0, 330, 0]
			},
			{
				"name": "bone191",
				"parent": "bone190",
				"pivot": [3.8534, 13.29182, 2.63896],
				"rotation": [40, 0, 0]
			},
			{
				"name": "bone195",
				"parent": "bone191",
				"pivot": [3.8534, 13.29182, 2.63896],
				"rotation": [0, 45, 0],
				"cubes": [
					{"origin": [3.3534, 13.29182, 2.13896], "size": [1, 3, 1], "uv": [85, 24]}
				]
			},
			{
				"name": "bone196",
				"parent": "bone130",
				"pivot": [7.07107, 30.19381, 0]
			},
			{
				"name": "bone197",
				"parent": "bone196",
				"pivot": [3.9397, 12.58956, 0]
			},
			{
				"name": "bone198",
				"parent": "bone197",
				"pivot": [3.9397, 12.58956, 2.63896],
				"rotation": [40, 0, 0]
			},
			{
				"name": "bone199",
				"parent": "bone198",
				"pivot": [3.9397, 12.58956, 2.63896],
				"rotation": [0, 45, 0],
				"cubes": [
					{"origin": [3.4397, 12.33956, 2.13896], "size": [1, 3, 1], "uv": [81, 48]}
				]
			},
			{
				"name": "bone200",
				"parent": "bone196",
				"pivot": [3.9397, 12.58956, 0],
				"rotation": [0, 30, 0]
			},
			{
				"name": "bone201",
				"parent": "bone200",
				"pivot": [3.9397, 12.58956, 2.63896],
				"rotation": [40, 0, 0]
			},
			{
				"name": "bone202",
				"parent": "bone201",
				"pivot": [3.9397, 12.58956, 2.63896],
				"rotation": [0, 45, 0],
				"cubes": [
					{"origin": [3.4397, 12.33956, 2.13896], "size": [1, 3, 1], "uv": [24, 80]}
				]
			},
			{
				"name": "bone203",
				"parent": "bone196",
				"pivot": [3.9397, 12.58956, 0],
				"rotation": [0, 60, 0]
			},
			{
				"name": "bone204",
				"parent": "bone203",
				"pivot": [3.9397, 12.58956, 2.63896],
				"rotation": [40, 0, 0]
			},
			{
				"name": "bone205",
				"parent": "bone204",
				"pivot": [3.9397, 12.58956, 2.63896],
				"rotation": [0, 45, 0],
				"cubes": [
					{"origin": [3.4397, 12.33956, 2.13896], "size": [1, 3, 1], "uv": [18, 80]}
				]
			},
			{
				"name": "bone206",
				"parent": "bone196",
				"pivot": [3.9397, 12.58956, 0],
				"rotation": [0, 90, 0]
			},
			{
				"name": "bone207",
				"parent": "bone206",
				"pivot": [3.9397, 12.58956, 2.63896],
				"rotation": [40, 0, 0]
			},
			{
				"name": "bone208",
				"parent": "bone207",
				"pivot": [3.9397, 12.58956, 2.63896],
				"rotation": [0, 45, 0],
				"cubes": [
					{"origin": [3.4397, 12.33956, 2.13896], "size": [1, 3, 1], "uv": [6, 72]}
				]
			},
			{
				"name": "bone209",
				"parent": "bone196",
				"pivot": [3.9397, 12.58956, 0],
				"rotation": [0, 120, 0]
			},
			{
				"name": "bone210",
				"parent": "bone209",
				"pivot": [3.9397, 12.58956, 2.63896],
				"rotation": [40, 0, 0]
			},
			{
				"name": "bone211",
				"parent": "bone210",
				"pivot": [3.9397, 12.58956, 2.63896],
				"rotation": [0, 45, 0],
				"cubes": [
					{"origin": [3.4397, 12.33956, 2.13896], "size": [1, 3, 1], "uv": [0, 72]}
				]
			},
			{
				"name": "bone212",
				"parent": "bone196",
				"pivot": [3.9397, 12.58956, 0],
				"rotation": [0, 150, 0]
			},
			{
				"name": "bone213",
				"parent": "bone212",
				"pivot": [3.9397, 12.58956, 2.63896],
				"rotation": [40, 0, 0]
			},
			{
				"name": "bone214",
				"parent": "bone213",
				"pivot": [3.9397, 12.58956, 2.63896],
				"rotation": [0, 45, 0],
				"cubes": [
					{"origin": [3.4397, 12.33956, 2.13896], "size": [1, 3, 1], "uv": [60, 5]}
				]
			},
			{
				"name": "bone233",
				"parent": "bone196",
				"pivot": [3.9397, 12.58956, 0],
				"rotation": [0, 180, 0]
			},
			{
				"name": "bone234",
				"parent": "bone233",
				"pivot": [3.9397, 12.58956, 2.63896],
				"rotation": [40, 0, 0]
			},
			{
				"name": "bone235",
				"parent": "bone234",
				"pivot": [3.9397, 12.58956, 2.63896],
				"rotation": [0, 45, 0],
				"cubes": [
					{"origin": [3.4397, 12.33956, 2.13896], "size": [1, 3, 1], "uv": [36, 45]}
				]
			},
			{
				"name": "bone236",
				"parent": "bone196",
				"pivot": [3.9397, 12.58956, 0],
				"rotation": [0, 210, 0]
			},
			{
				"name": "bone237",
				"parent": "bone236",
				"pivot": [3.9397, 12.58956, 2.63896],
				"rotation": [40, 0, 0]
			},
			{
				"name": "bone238",
				"parent": "bone237",
				"pivot": [3.9397, 12.58956, 2.63896],
				"rotation": [0, 45, 0],
				"cubes": [
					{"origin": [3.4397, 12.33956, 2.13896], "size": [1, 3, 1], "uv": [32, 41]}
				]
			},
			{
				"name": "bone239",
				"parent": "bone196",
				"pivot": [3.9397, 12.58956, 0],
				"rotation": [0, 240, 0]
			},
			{
				"name": "bone240",
				"parent": "bone239",
				"pivot": [3.9397, 12.58956, 2.63896],
				"rotation": [40, 0, 0]
			},
			{
				"name": "bone241",
				"parent": "bone240",
				"pivot": [3.9397, 12.58956, 2.63896],
				"rotation": [0, 45, 0],
				"cubes": [
					{"origin": [3.4397, 12.33956, 2.13896], "size": [1, 3, 1], "uv": [40, 19]}
				]
			},
			{
				"name": "bone242",
				"parent": "bone196",
				"pivot": [3.9397, 12.58956, 0],
				"rotation": [0, 270, 0]
			},
			{
				"name": "bone243",
				"parent": "bone242",
				"pivot": [3.9397, 12.58956, 2.63896],
				"rotation": [40, 0, 0]
			},
			{
				"name": "bone244",
				"parent": "bone243",
				"pivot": [3.9397, 12.58956, 2.63896],
				"rotation": [0, 45, 0],
				"cubes": [
					{"origin": [3.4397, 12.33956, 2.13896], "size": [1, 3, 1], "uv": [0, 40]}
				]
			},
			{
				"name": "bone245",
				"parent": "bone196",
				"pivot": [3.9397, 12.58956, 0],
				"rotation": [0, 300, 0]
			},
			{
				"name": "bone246",
				"parent": "bone245",
				"pivot": [3.9397, 12.58956, 2.63896],
				"rotation": [40, 0, 0]
			},
			{
				"name": "bone247",
				"parent": "bone246",
				"pivot": [3.9397, 12.58956, 2.63896],
				"rotation": [0, 45, 0],
				"cubes": [
					{"origin": [3.4397, 12.33956, 2.13896], "size": [1, 3, 1], "uv": [36, 36]}
				]
			},
			{
				"name": "bone248",
				"parent": "bone196",
				"pivot": [3.9397, 12.58956, 0],
				"rotation": [0, 330, 0]
			},
			{
				"name": "bone249",
				"parent": "bone248",
				"pivot": [3.9397, 12.58956, 2.63896],
				"rotation": [40, 0, 0]
			},
			{
				"name": "bone250",
				"parent": "bone249",
				"pivot": [3.9397, 12.58956, 2.63896],
				"rotation": [0, 45, 0],
				"cubes": [
					{"origin": [3.4397, 12.33956, 2.13896], "size": [1, 3, 1], "uv": [0, 31]}
				]
			},
			{
				"name": "body",
				"pivot": [0, 10.5, 0],
				"cubes": [
					{"origin": [-3, 8.999, -3], "size": [6, 9, 6], "uv": [0, 16], "inflate": -0.1},
					{"origin": [-3, 10.749, -3], "size": [6, 3, 6], "uv": [26, 10], "inflate": 0.025}
				]
			},
			{
				"name": "bone254",
				"parent": "body",
				"pivot": [0, 0, 0]
			},
			{
				"name": "bone253",
				"parent": "bone254",
				"pivot": [1.5, 15.499, 0],
				"rotation": [0, 0, -7.5],
				"cubes": [
					{"origin": [0, 14.999, -3], "size": [3, 1, 6], "uv": [48, 48]}
				]
			},
			{
				"name": "bone255",
				"parent": "bone254",
				"pivot": [-1.5, 15.499, 0],
				"rotation": [0, 0, 7.5],
				"cubes": [
					{"origin": [-3, 14.999, -3], "size": [3, 1, 6], "uv": [41, 28]}
				]
			},
			{
				"name": "bone467",
				"parent": "bone254",
				"pivot": [-0.15, 13.7, -3.35],
				"rotation": [-10, 0, 0],
				"cubes": [
					{"origin": [-0.65, 12.7, -3.625], "size": [1, 3, 0.55], "uv": [18, 18], "inflate": -0.25}
				]
			},
			{
				"name": "bone468",
				"parent": "bone254",
				"pivot": [3.125, 14.425, -3.3],
				"rotation": [-10, -10, 7.5],
				"cubes": [
					{"origin": [1.625, 13.425, -3.575], "size": [2, 3, 0.85], "uv": [69, 62], "inflate": -0.45}
				]
			},
			{
				"name": "sittingRotationSkirt",
				"parent": "body",
				"pivot": [0, 10.5, 0]
			},
			{
				"name": "bone",
				"parent": "sittingRotationSkirt",
				"pivot": [0, 16.5, 0]
			},
			{
				"name": "bone2",
				"parent": "bone",
				"pivot": [0, 6, 0]
			},
			{
				"name": "bone3",
				"parent": "bone2",
				"pivot": [0, 6, 7.10973],
				"rotation": [45, 0, 0]
			},
			{
				"name": "bone4",
				"parent": "bone3",
				"pivot": [0, 6, 7.10973],
				"rotation": [0, -45, 0],
				"cubes": [
					{"origin": [-0.95, 7.07071, 6.15973], "size": [2, 7, 2], "uv": [96, 35]}
				]
			},
			{
				"name": "bone5",
				"parent": "bone",
				"pivot": [0, 6, 0],
				"rotation": [0, -22.5, 0]
			},
			{
				"name": "bone6",
				"parent": "bone5",
				"pivot": [0, 6, 7.10973],
				"rotation": [45, 0, 0]
			},
			{
				"name": "bone7",
				"parent": "bone6",
				"pivot": [0, 6, 7.10973],
				"rotation": [0, -45, 0],
				"cubes": [
					{"origin": [-0.95, 7.07071, 6.15973], "size": [2, 7, 2], "uv": [58, 96]}
				]
			},
			{
				"name": "bone8",
				"parent": "bone",
				"pivot": [0, 6, 0],
				"rotation": [0, -45, 0]
			},
			{
				"name": "bone9",
				"parent": "bone8",
				"pivot": [0, 6, 7.10973],
				"rotation": [45, 0, 0]
			},
			{
				"name": "bone10",
				"parent": "bone9",
				"pivot": [0, 6, 7.10973],
				"rotation": [0, -45, 0],
				"cubes": [
					{"origin": [-0.95, 7.07071, 6.15973], "size": [2, 7, 2], "uv": [95, 82]}
				]
			},
			{
				"name": "bone11",
				"parent": "bone",
				"pivot": [0, 6, 0],
				"rotation": [0, -67.5, 0]
			},
			{
				"name": "bone12",
				"parent": "bone11",
				"pivot": [0, 6, 7.10973],
				"rotation": [45, 0, 0]
			},
			{
				"name": "bone13",
				"parent": "bone12",
				"pivot": [0, 6, 7.10973],
				"rotation": [0, -45, 0],
				"cubes": [
					{"origin": [-0.95, 7.07071, 6.15973], "size": [2, 7, 2], "uv": [95, 73]}
				]
			},
			{
				"name": "bone14",
				"parent": "bone",
				"pivot": [0, 6, 0],
				"rotation": [0, -90, 0]
			},
			{
				"name": "bone15",
				"parent": "bone14",
				"pivot": [0, 6, 7.10973],
				"rotation": [45, 0, 0]
			},
			{
				"name": "bone16",
				"parent": "bone15",
				"pivot": [0, 6, 7.10973],
				"rotation": [0, -45, 0],
				"cubes": [
					{"origin": [-0.95, 7.07071, 6.15973], "size": [2, 7, 2], "uv": [95, 9]}
				]
			},
			{
				"name": "bone17",
				"parent": "bone",
				"pivot": [0, 6, 0],
				"rotation": [0, -112.5, 0]
			},
			{
				"name": "bone18",
				"parent": "bone17",
				"pivot": [0, 6, 7.10973],
				"rotation": [45, 0, 0]
			},
			{
				"name": "bone19",
				"parent": "bone18",
				"pivot": [0, 6, 7.10973],
				"rotation": [0, -45, 0],
				"cubes": [
					{"origin": [-0.95, 7.07071, 6.15973], "size": [2, 7, 2], "uv": [94, 44]}
				]
			},
			{
				"name": "bone20",
				"parent": "bone",
				"pivot": [0, 6, 0],
				"rotation": [0, -135, 0]
			},
			{
				"name": "bone21",
				"parent": "bone20",
				"pivot": [0, 6, 7.10973],
				"rotation": [45, 0, 0]
			},
			{
				"name": "bone22",
				"parent": "bone21",
				"pivot": [0, 6, 7.10973],
				"rotation": [0, -45, 0],
				"cubes": [
					{"origin": [-0.95, 7.07071, 6.15973], "size": [2, 7, 2], "uv": [93, 94]}
				]
			},
			{
				"name": "bone23",
				"parent": "bone",
				"pivot": [0, 6, 0],
				"rotation": [0, -157.5, 0]
			},
			{
				"name": "bone24",
				"parent": "bone23",
				"pivot": [0, 6, 7.10973],
				"rotation": [45, 0, 0]
			},
			{
				"name": "bone25",
				"parent": "bone24",
				"pivot": [0, 6, 7.10973],
				"rotation": [0, -45, 0],
				"cubes": [
					{"origin": [-0.95, 7.07071, 6.15973], "size": [2, 7, 2], "uv": [0, 94]}
				]
			},
			{
				"name": "bone26",
				"parent": "bone",
				"pivot": [0, 6, 0],
				"rotation": [0, -180, 0]
			},
			{
				"name": "bone27",
				"parent": "bone26",
				"pivot": [0, 6, 7.10973],
				"rotation": [45, 0, 0]
			},
			{
				"name": "bone28",
				"parent": "bone27",
				"pivot": [0, 6, 7.10973],
				"rotation": [0, -45, 0],
				"cubes": [
					{"origin": [-0.95, 7.07071, 6.15973], "size": [2, 7, 2], "uv": [92, 64]}
				]
			},
			{
				"name": "bone29",
				"parent": "bone",
				"pivot": [0, 6, 0],
				"rotation": [0, -202.5, 0]
			},
			{
				"name": "bone30",
				"parent": "bone29",
				"pivot": [0, 6, 7.10973],
				"rotation": [45, 0, 0]
			},
			{
				"name": "bone31",
				"parent": "bone30",
				"pivot": [0, 6, 7.10973],
				"rotation": [0, -45, 0],
				"cubes": [
					{"origin": [-0.95, 7.07071, 6.15973], "size": [2, 7, 2], "uv": [91, 26]}
				]
			},
			{
				"name": "bone32",
				"parent": "bone",
				"pivot": [0, 6, 0],
				"rotation": [0, -225, 0]
			},
			{
				"name": "bone33",
				"parent": "bone32",
				"pivot": [0, 6, 7.10973],
				"rotation": [45, 0, 0]
			},
			{
				"name": "bone34",
				"parent": "bone33",
				"pivot": [0, 6, 7.10973],
				"rotation": [0, -45, 0],
				"cubes": [
					{"origin": [-0.95, 7.07071, 6.15973], "size": [2, 7, 2], "uv": [91, 0]}
				]
			},
			{
				"name": "bone35",
				"parent": "bone",
				"pivot": [0, 6, 0],
				"rotation": [0, -247.5, 0]
			},
			{
				"name": "bone36",
				"parent": "bone35",
				"pivot": [0, 6, 7.10973],
				"rotation": [45, 0, 0]
			},
			{
				"name": "bone37",
				"parent": "bone36",
				"pivot": [0, 6, 7.10973],
				"rotation": [0, -45, 0],
				"cubes": [
					{"origin": [-0.95, 7.07071, 6.15973], "size": [2, 7, 2], "uv": [26, 91]}
				]
			},
			{
				"name": "bone38",
				"parent": "bone",
				"pivot": [0, 6, 0],
				"rotation": [0, -270, 0]
			},
			{
				"name": "bone39",
				"parent": "bone38",
				"pivot": [0, 6, 7.10973],
				"rotation": [45, 0, 0]
			},
			{
				"name": "bone40",
				"parent": "bone39",
				"pivot": [0, 6, 7.10973],
				"rotation": [0, -45, 0],
				"cubes": [
					{"origin": [-0.95, 7.07071, 6.15973], "size": [2, 7, 2], "uv": [90, 55]}
				]
			},
			{
				"name": "bone41",
				"parent": "bone",
				"pivot": [0, 6, 0],
				"rotation": [0, -292.5, 0]
			},
			{
				"name": "bone42",
				"parent": "bone41",
				"pivot": [0, 6, 7.10973],
				"rotation": [45, 0, 0]
			},
			{
				"name": "bone43",
				"parent": "bone42",
				"pivot": [0, 6, 7.10973],
				"rotation": [0, -45, 0],
				"cubes": [
					{"origin": [-0.95, 7.07071, 6.15973], "size": [2, 7, 2], "uv": [79, 90]}
				]
			},
			{
				"name": "bone44",
				"parent": "bone",
				"pivot": [0, 6, 0],
				"rotation": [0, -315, 0]
			},
			{
				"name": "bone45",
				"parent": "bone44",
				"pivot": [0, 6, 7.10973],
				"rotation": [45, 0, 0]
			},
			{
				"name": "bone46",
				"parent": "bone45",
				"pivot": [0, 6, 7.10973],
				"rotation": [0, -45, 0],
				"cubes": [
					{"origin": [-0.95, 7.07071, 6.15973], "size": [2, 7, 2], "uv": [71, 90]}
				]
			},
			{
				"name": "bone47",
				"parent": "bone",
				"pivot": [0, 6, 0],
				"rotation": [0, -337.5, 0]
			},
			{
				"name": "bone48",
				"parent": "bone47",
				"pivot": [0, 6, 7.10973],
				"rotation": [45, 0, 0]
			},
			{
				"name": "bone49",
				"parent": "bone48",
				"pivot": [0, 6, 7.10973],
				"rotation": [0, -45, 0],
				"cubes": [
					{"origin": [-0.95, 7.07071, 6.15973], "size": [2, 7, 2], "uv": [89, 17]}
				]
			},
			{
				"name": "bone50",
				"parent": "sittingRotationSkirt",
				"pivot": [0, 15.8, 0]
			},
			{
				"name": "bone51",
				"parent": "bone50",
				"pivot": [0, 5.3, 0]
			},
			{
				"name": "bone52",
				"parent": "bone51",
				"pivot": [0, 5.3, 7.10973],
				"rotation": [45, 0, 0]
			},
			{
				"name": "bone53",
				"parent": "bone52",
				"pivot": [0, 5.3, 7.10973],
				"rotation": [0, -45, 0],
				"cubes": [
					{"origin": [-0.95, 6.49571, 6.15973], "size": [2, 7, 2], "uv": [52, 89]}
				]
			},
			{
				"name": "bone54",
				"parent": "bone50",
				"pivot": [0, 5.3, 0],
				"rotation": [0, -22.5, 0]
			},
			{
				"name": "bone55",
				"parent": "bone54",
				"pivot": [0, 5.3, 7.10973],
				"rotation": [45, 0, 0]
			},
			{
				"name": "bone56",
				"parent": "bone55",
				"pivot": [0, 5.3, 7.10973],
				"rotation": [0, -45, 0],
				"cubes": [
					{"origin": [-0.95, 6.49571, 6.15973], "size": [2, 7, 2], "uv": [88, 37]}
				]
			},
			{
				"name": "bone57",
				"parent": "bone50",
				"pivot": [0, 5.3, 0],
				"rotation": [0, -45, 0]
			},
			{
				"name": "bone58",
				"parent": "bone57",
				"pivot": [0, 5.3, 7.10973],
				"rotation": [45, 0, 0]
			},
			{
				"name": "bone59",
				"parent": "bone58",
				"pivot": [0, 5.3, 7.10973],
				"rotation": [0, -45, 0],
				"cubes": [
					{"origin": [-0.95, 6.49571, 6.15973], "size": [2, 7, 2], "uv": [44, 88]}
				]
			},
			{
				"name": "bone60",
				"parent": "bone50",
				"pivot": [0, 5.3, 0],
				"rotation": [0, -67.5, 0]
			},
			{
				"name": "bone61",
				"parent": "bone60",
				"pivot": [0, 5.3, 7.10973],
				"rotation": [45, 0, 0]
			},
			{
				"name": "bone62",
				"parent": "bone61",
				"pivot": [0, 5.3, 7.10973],
				"rotation": [0, -45, 0],
				"cubes": [
					{"origin": [-0.95, 6.49571, 6.15973], "size": [2, 7, 2], "uv": [36, 88]}
				]
			},
			{
				"name": "bone63",
				"parent": "bone50",
				"pivot": [0, 5.3, 0],
				"rotation": [0, -90, 0]
			},
			{
				"name": "bone64",
				"parent": "bone63",
				"pivot": [0, 5.3, 7.10973],
				"rotation": [45, 0, 0]
			},
			{
				"name": "bone65",
				"parent": "bone64",
				"pivot": [0, 5.3, 7.10973],
				"rotation": [0, -45, 0],
				"cubes": [
					{"origin": [-0.95, 6.49571, 6.15973], "size": [2, 7, 2], "uv": [18, 88]}
				]
			},
			{
				"name": "bone66",
				"parent": "bone50",
				"pivot": [0, 5.3, 0],
				"rotation": [0, -112.5, 0]
			},
			{
				"name": "bone67",
				"parent": "bone66",
				"pivot": [0, 5.3, 7.10973],
				"rotation": [45, 0, 0]
			},
			{
				"name": "bone68",
				"parent": "bone67",
				"pivot": [0, 5.3, 7.10973],
				"rotation": [0, -45, 0],
				"cubes": [
					{"origin": [-0.95, 6.49571, 6.15973], "size": [2, 7, 2], "uv": [10, 88]}
				]
			},
			{
				"name": "bone69",
				"parent": "bone50",
				"pivot": [0, 5.3, 0],
				"rotation": [0, -135, 0]
			},
			{
				"name": "bone70",
				"parent": "bone69",
				"pivot": [0, 5.3, 7.10973],
				"rotation": [45, 0, 0]
			},
			{
				"name": "bone71",
				"parent": "bone70",
				"pivot": [0, 5.3, 7.10973],
				"rotation": [0, -45, 0],
				"cubes": [
					{"origin": [-0.95, 6.49571, 6.15973], "size": [2, 7, 2], "uv": [87, 76]}
				]
			},
			{
				"name": "bone72",
				"parent": "bone50",
				"pivot": [0, 5.3, 0],
				"rotation": [0, -157.5, 0]
			},
			{
				"name": "bone73",
				"parent": "bone72",
				"pivot": [0, 5.3, 7.10973],
				"rotation": [45, 0, 0]
			},
			{
				"name": "bone74",
				"parent": "bone73",
				"pivot": [0, 5.3, 7.10973],
				"rotation": [0, -45, 0],
				"cubes": [
					{"origin": [-0.95, 6.49571, 6.15973], "size": [2, 7, 2], "uv": [87, 87]}
				]
			},
			{
				"name": "bone75",
				"parent": "bone50",
				"pivot": [0, 5.3, 0],
				"rotation": [0, -180, 0]
			},
			{
				"name": "bone76",
				"parent": "bone75",
				"pivot": [0, 5.3, 7.10973],
				"rotation": [45, 0, 0]
			},
			{
				"name": "bone77",
				"parent": "bone76",
				"pivot": [0, 5.3, 7.10973],
				"rotation": [0, -45, 0],
				"cubes": [
					{"origin": [-0.95, 6.49571, 6.15973], "size": [2, 7, 2], "uv": [86, 46]}
				]
			},
			{
				"name": "bone78",
				"parent": "bone50",
				"pivot": [0, 5.3, 0],
				"rotation": [0, -202.5, 0]
			},
			{
				"name": "bone79",
				"parent": "bone78",
				"pivot": [0, 5.3, 7.10973],
				"rotation": [45, 0, 0]
			},
			{
				"name": "bone80",
				"parent": "bone79",
				"pivot": [0, 5.3, 7.10973],
				"rotation": [0, -45, 0],
				"cubes": [
					{"origin": [-0.95, 6.49571, 6.15973], "size": [2, 7, 2], "uv": [85, 8]}
				]
			},
			{
				"name": "bone81",
				"parent": "bone50",
				"pivot": [0, 5.3, 0],
				"rotation": [0, -225, 0]
			},
			{
				"name": "bone82",
				"parent": "bone81",
				"pivot": [0, 5.3, 7.10973],
				"rotation": [45, 0, 0]
			},
			{
				"name": "bone83",
				"parent": "bone82",
				"pivot": [0, 5.3, 7.10973],
				"rotation": [0, -45, 0],
				"cubes": [
					{"origin": [-0.95, 6.49571, 6.15973], "size": [2, 7, 2], "uv": [84, 67]}
				]
			},
			{
				"name": "bone84",
				"parent": "bone50",
				"pivot": [0, 5.3, 0],
				"rotation": [0, -247.5, 0]
			},
			{
				"name": "bone85",
				"parent": "bone84",
				"pivot": [0, 5.3, 7.10973],
				"rotation": [45, 0, 0]
			},
			{
				"name": "bone86",
				"parent": "bone85",
				"pivot": [0, 5.3, 7.10973],
				"rotation": [0, -45, 0],
				"cubes": [
					{"origin": [-0.95, 6.49571, 6.15973], "size": [2, 7, 2], "uv": [83, 28]}
				]
			},
			{
				"name": "bone87",
				"parent": "bone50",
				"pivot": [0, 5.3, 0],
				"rotation": [0, -270, 0]
			},
			{
				"name": "bone88",
				"parent": "bone87",
				"pivot": [0, 5.3, 7.10973],
				"rotation": [45, 0, 0]
			},
			{
				"name": "bone89",
				"parent": "bone88",
				"pivot": [0, 5.3, 7.10973],
				"rotation": [0, -45, 0],
				"cubes": [
					{"origin": [-0.95, 6.49571, 6.15973], "size": [2, 7, 2], "uv": [82, 58]}
				]
			},
			{
				"name": "bone90",
				"parent": "bone50",
				"pivot": [0, 5.3, 0],
				"rotation": [0, -292.5, 0]
			},
			{
				"name": "bone91",
				"parent": "bone90",
				"pivot": [0, 5.3, 7.10973],
				"rotation": [45, 0, 0]
			},
			{
				"name": "bone92",
				"parent": "bone91",
				"pivot": [0, 5.3, 7.10973],
				"rotation": [0, -45, 0],
				"cubes": [
					{"origin": [-0.95, 6.49571, 6.15973], "size": [2, 7, 2], "uv": [28, 82]}
				]
			},
			{
				"name": "bone93",
				"parent": "bone50",
				"pivot": [0, 5.3, 0],
				"rotation": [0, -315, 0]
			},
			{
				"name": "bone94",
				"parent": "bone93",
				"pivot": [0, 5.3, 7.10973],
				"rotation": [45, 0, 0]
			},
			{
				"name": "bone95",
				"parent": "bone94",
				"pivot": [0, 5.3, 7.10973],
				"rotation": [0, -45, 0],
				"cubes": [
					{"origin": [-0.95, 6.49571, 6.15973], "size": [2, 7, 2], "uv": [79, 81]}
				]
			},
			{
				"name": "bone96",
				"parent": "bone50",
				"pivot": [0, 5.3, 0],
				"rotation": [0, -337.5, 0]
			},
			{
				"name": "bone97",
				"parent": "bone96",
				"pivot": [0, 5.3, 7.10973],
				"rotation": [45, 0, 0]
			},
			{
				"name": "bone98",
				"parent": "bone97",
				"pivot": [0, 5.3, 7.10973],
				"rotation": [0, -45, 0],
				"cubes": [
					{"origin": [-0.95, 6.49571, 6.15973], "size": [2, 7, 2], "uv": [71, 81]}
				]
			},
			{
				"name": "bone99",
				"parent": "sittingRotationSkirt",
				"pivot": [0, 11.025, -3.5],
				"rotation": [-45, 0, 0],
				"cubes": [
					{"origin": [-3, 8.3, -4], "size": [6, 4, 1], "uv": [70, 10]},
					{"origin": [-2, 7.3, -4], "size": [4, 1, 1], "uv": [101, 8]},
					{"origin": [-3.5, 9.3, -4], "size": [7, 2, 1], "uv": [63, 59]}
				]
			},
			{
				"name": "bone459",
				"parent": "sittingRotationSkirt",
				"pivot": [0, 10.3, 0]
			},
			{
				"name": "bone460",
				"parent": "bone459",
				"pivot": [2, 12.225, -3.55],
				"rotation": [-22.5, 0, 0],
				"cubes": [
					{"origin": [1, 10.725, -4.05], "size": [2, 3, 1], "uv": [60, 48], "inflate": -0.2},
					{"origin": [1.2, 12.475, -4.05], "size": [1.6, 1.25, 1], "uv": [54, 21], "inflate": -0.1}
				]
			},
			{
				"name": "bone461",
				"parent": "bone459",
				"pivot": [-2, 12.625, -3.55],
				"rotation": [-15.25, 0, 0],
				"cubes": [
					{"origin": [-3, 11.125, -4.05], "size": [2, 3, 1], "uv": [55, 55], "inflate": -0.2},
					{"origin": [-2.8, 12.875, -4.05], "size": [1.6, 1.25, 1], "uv": [18, 43], "inflate": -0.1}
				]
			},
			{
				"name": "bone462",
				"parent": "bone459",
				"pivot": [-0.5, 12.825, -3.175],
				"rotation": [-15.25, 0, 0],
				"cubes": [
					{"origin": [-1.5, 11.325, -3.675], "size": [2, 2, 1], "uv": [40, 28], "inflate": -0.3},
					{"origin": [-1.3, 12.075, -3.675], "size": [1.6, 1.25, 1], "uv": [18, 34], "inflate": -0.2}
				]
			},
			{
				"name": "bone463",
				"parent": "bone459",
				"pivot": [0, 10.3, 0]
			},
			{
				"name": "bone464",
				"parent": "bone463",
				"pivot": [-0.95, 10.425, -4.7],
				"rotation": [-46.5, 2.5, 15],
				"cubes": [
					{"origin": [-2.45, 8.425, -4.975], "size": [1, 4, 0.55], "uv": [16, 53], "inflate": -0.25}
				]
			},
			{
				"name": "bone465",
				"parent": "bone463",
				"pivot": [0.85, 10.7, -4.7],
				"rotation": [-46.5, 0, -10],
				"cubes": [
					{"origin": [0.35, 9.7, -4.975], "size": [1, 4, 0.55], "uv": [34, 50], "inflate": -0.25}
				]
			},
			{
				"name": "bone466",
				"parent": "bone463",
				"pivot": [2.2, 10.575, -4.7],
				"rotation": [-41.5, -5, -22.5],
				"cubes": [
					{"origin": [1.7, 7.325, -4.975], "size": [1, 6, 0.55], "uv": [44, 9], "inflate": -0.25}
				]
			},
			{
				"name": "bone100",
				"parent": "body",
				"pivot": [0, 10.5, 0]
			},
			{
				"name": "bone251",
				"parent": "bone100",
				"pivot": [1.525, 17.25, 0.0125],
				"rotation": [0, 0, -7.5],
				"cubes": [
					{"origin": [1.025, 15.75, -3.1], "size": [1, 2.5, 6.225], "uv": [55, 57], "inflate": -0.1}
				]
			},
			{
				"name": "bone252",
				"parent": "bone100",
				"pivot": [-1.525, 17.25, 0.0125],
				"rotation": [0, 0, 7.5],
				"cubes": [
					{"origin": [-2.025, 15.75, -3.1], "size": [1, 2.5, 6.225], "uv": [47, 55], "inflate": -0.1}
				]
			},
			{
				"name": "bone256",
				"parent": "bone100",
				"pivot": [-0.1, 16.975, -2.675],
				"rotation": [0, 0, 52.5],
				"cubes": [
					{"origin": [-0.6, 14.975, -3.175], "size": [1, 4, 1], "uv": [36, 82], "inflate": -0.2}
				]
			},
			{
				"name": "bone257",
				"parent": "bone100",
				"pivot": [0.1, 16.975, -2.675],
				"rotation": [0, 0, -52.5],
				"cubes": [
					{"origin": [-0.4, 14.975, -3.175], "size": [1, 4, 1], "uv": [26, 62], "inflate": -0.2}
				]
			},
			{
				"name": "bone258",
				"parent": "body",
				"pivot": [0, 10.5, 0]
			},
			{
				"name": "bone261",
				"parent": "bone258",
				"pivot": [0, 4.45, -3.25]
			},
			{
				"name": "bone262",
				"parent": "bone261",
				"pivot": [0, -6.05, -3.25]
			},
			{
				"name": "bone263",
				"parent": "bone262",
				"pivot": [0, -6.05, 1.72049],
				"rotation": [25, 0, 0],
				"cubes": [
					{"origin": [-1, 5.53027, 12.04761], "size": [2, 3, 0.025], "uv": [30, 62]},
					{"origin": [-2, 11.78027, 11.04761], "size": [4, 1, 1], "uv": [73, 68]}
				]
			},
			{
				"name": "bone276",
				"parent": "bone263",
				"pivot": [0, -6.05, 1.72049]
			},
			{
				"name": "bone277",
				"parent": "bone276",
				"pivot": [0, 0.03027, 12.04761],
				"rotation": [0, 0, 62.5],
				"cubes": [
					{"origin": [-4.175, 2.00527, 12.04761], "size": [8, 1, 0.025], "uv": [0, 49]}
				]
			},
			{
				"name": "bone278",
				"parent": "bone276",
				"pivot": [0, 0.03027, 12.04761],
				"rotation": [0, 0, -62.5],
				"cubes": [
					{"origin": [-3.825, 2.00527, 12.04761], "size": [8, 1, 0.025], "uv": [32, 35]}
				]
			},
			{
				"name": "bone264",
				"parent": "bone263",
				"pivot": [-2, -6.46973, 1.72049],
				"rotation": [0, 0, 8.04257],
				"cubes": [
					{"origin": [-5, -2.46973, 12.04861], "size": [1, 15, 0.025], "uv": [65, 81]},
					{"origin": [-4, 0.53027, 12.04861], "size": [1, 12, 0.025], "uv": [31, 101]},
					{"origin": [-3, 3.28027, 12.04861], "size": [1, 9.25, 0.025], "uv": [8, 102]}
				]
			},
			{
				"name": "bone265",
				"parent": "bone263",
				"pivot": [2, -6.46973, 1.72049],
				"rotation": [0, 0, -8.04257],
				"cubes": [
					{"origin": [4, -2.46973, 12.04861], "size": [1, 15, 0.025], "uv": [8, 81]},
					{"origin": [3, 0.53027, 12.04861], "size": [1, 12, 0.025], "uv": [55, 98]},
					{"origin": [2, 3.28027, 12.04861], "size": [1, 9.25, 0.025], "uv": [53, 101]}
				]
			},
			{
				"name": "bone298",
				"parent": "bone261",
				"pivot": [0.9, -6.05, -3.425],
				"rotation": [0, 28.25, 0]
			},
			{
				"name": "bone299",
				"parent": "bone298",
				"pivot": [0.9, -6.05, 1.54549],
				"rotation": [25, 0, 0],
				"cubes": [
					{"origin": [-1.1, 2.53027, 11.87261], "size": [4, 10, 0.025], "uv": [49, 78]},
					{"origin": [-1.1, 12.03027, 9.87261], "size": [4, 1, 2], "uv": [99, 31]}
				]
			},
			{
				"name": "bone274",
				"parent": "bone299",
				"pivot": [0.9, 1.53027, 11.87261],
				"rotation": [0, 0, -45],
				"cubes": [
					{"origin": [-3.85, 1.03027, 11.87261], "size": [9, 2, 0.025], "uv": [58, 25]}
				]
			},
			{
				"name": "bone300",
				"parent": "bone299",
				"pivot": [-1.1, -6.46973, 1.54549],
				"rotation": [0, 0, 8.04257],
				"cubes": [
					{"origin": [-3.6, -0.46973, 11.87161], "size": [2.5, 13, 0.025], "uv": [4, 81]}
				]
			},
			{
				"name": "bone301",
				"parent": "bone299",
				"pivot": [2.9, -6.46973, 1.54549],
				"rotation": [0, 0, -8.04257],
				"cubes": [
					{"origin": [3.9, 3.53027, 11.87361], "size": [2, 9, 0.025], "uv": [33, 101]}
				]
			},
			{
				"name": "bone266",
				"parent": "bone261",
				"pivot": [-0.9, -6.05, -3.425],
				"rotation": [0, -28.25, 0]
			},
			{
				"name": "bone267",
				"parent": "bone266",
				"pivot": [-0.9, -6.05, 1.54549],
				"rotation": [25, 0, 0],
				"cubes": [
					{"origin": [-2.9, 2.53027, 11.87261], "size": [4, 10, 0.025], "uv": [41, 78]},
					{"origin": [-2.9, 12.03027, 9.87261], "size": [4, 1, 2], "uv": [99, 5]}
				]
			},
			{
				"name": "bone268",
				"parent": "bone267",
				"pivot": [-0.9, 1.53027, 11.87261],
				"rotation": [0, 0, 45],
				"cubes": [
					{"origin": [-5.15, 1.03027, 11.87261], "size": [9, 2, 0.025], "uv": [54, 42]}
				]
			},
			{
				"name": "bone269",
				"parent": "bone267",
				"pivot": [1.1, -6.46973, 1.54549],
				"rotation": [0, 0, -8.04257],
				"cubes": [
					{"origin": [1.1, -0.46973, 11.87161], "size": [2.5, 13, 0.025], "uv": [0, 81]}
				]
			},
			{
				"name": "bone275",
				"parent": "bone267",
				"pivot": [-2.9, -6.46973, 1.54549],
				"rotation": [0, 0, 8.04257],
				"cubes": [
					{"origin": [-5.9, 3.53027, 11.87361], "size": [2, 9, 0.025], "uv": [12, 53]}
				]
			},
			{
				"name": "bone454",
				"parent": "body",
				"pivot": [0, 10.5, 0]
			},
			{
				"name": "bone455",
				"parent": "bone454",
				"pivot": [-1, 13.5, -2.45],
				"rotation": [0, 0, -12.5],
				"cubes": [
					{"origin": [-2, 11.5, -2.95], "size": [3, 4, 1], "uv": [100, 68]},
					{"origin": [-2.4, 11.9, -3.275], "size": [1, 4, 1], "uv": [0, 0], "inflate": -0.3}
				]
			},
			{
				"name": "bone456",
				"parent": "bone454",
				"pivot": [1, 13.5, -2.45],
				"rotation": [0, 0, 12.5],
				"cubes": [
					{"origin": [-1, 11.5, -2.95], "size": [3, 4, 1], "uv": [0, 113]},
					{"origin": [1.4, 11.9, -3.275], "size": [1, 4, 1], "uv": [23, 0], "inflate": -0.3}
				]
			},
			{
				"name": "bone457",
				"parent": "bone454",
				"pivot": [0, 10.5, 0],
				"cubes": [
					{"origin": [-2, 14.95, -3.15], "size": [4, 3, 1], "uv": [72, 40], "inflate": -0.2}
				]
			},
			{
				"name": "bone458",
				"parent": "bone454",
				"pivot": [-0.5, 18.1, -2.4],
				"rotation": [10, 0, 0],
				"cubes": [
					{"origin": [-1, 17.6, -3.4], "size": [2, 1, 2], "uv": [0, 5], "inflate": -0.25}
				]
			},
			{
				"name": "legLeft",
				"pivot": [2, 9, 0],
				"cubes": [
					{"origin": [0.499, 0, -1.5], "size": [3, 9, 3], "uv": [0, 53]},
					{"origin": [0.499, 2, -1.5], "size": [3, 1, 3], "uv": [97, 18], "inflate": 0.1},
					{"origin": [0.499, 0, -1.5], "size": [3, 1, 3], "uv": [43, 97], "inflate": 0.1},
					{"origin": [0.499, 0, -0.5], "size": [3, 3, 2], "uv": [98, 61], "inflate": 0.1}
				]
			},
			{
				"name": "legRight",
				"pivot": [-2, 9, 0],
				"cubes": [
					{"origin": [-3.499, 0, -1.5], "size": [3, 9, 3], "uv": [19, 50]},
					{"origin": [-3.499, 0, -0.5], "size": [3, 3, 2], "uv": [98, 56], "inflate": 0.1},
					{"origin": [-3.499, 0, -1.5], "size": [3, 1, 3], "uv": [24, 0], "inflate": 0.1},
					{"origin": [-3.499, 2, -1.5], "size": [3, 1, 3], "uv": [31, 97], "inflate": 0.1}
				]
			},
			{
				"name": "tail",
				"pivot": [0, 8, 4],
				"rotation": [20, 0, 0]
			},
			{
				"name": "bone469",
				"parent": "tail",
				"pivot": [0, 8, 4]
			},
			{
				"name": "bone471",
				"parent": "bone469",
				"pivot": [0, 7.78175, 5.3306],
				"rotation": [15, 0, 0]
			},
			{
				"name": "bone470",
				"parent": "bone471",
				"pivot": [2, 7.78175, 5.3306],
				"cubes": [
					{"origin": [-2, 8.63507, 8.83372], "size": [5, 5, 4], "uv": [46, 5]}
				]
			},
			{
				"name": "bone472",
				"parent": "bone471",
				"pivot": [0.5, 11.13507, 11.83372],
				"rotation": [17.5, 0, 0],
				"cubes": [
					{"origin": [-1.5, 9.13507, 11.83372], "size": [4, 4, 3], "uv": [28, 69]}
				]
			},
			{
				"name": "bone473",
				"parent": "bone471",
				"pivot": [0.5, 11.09189, 13.41426],
				"rotation": [42.5, 0, 0],
				"cubes": [
					{"origin": [-1, 9.59189, 13.41426], "size": [3, 3, 3], "uv": [77, 52]}
				]
			},
			{
				"name": "bone474",
				"parent": "bone471",
				"pivot": [0, 11.83898, 15.01641],
				"rotation": [72.5, 0, 0],
				"cubes": [
					{"origin": [-0.5, 10.83898, 15.01641], "size": [2, 2, 3], "uv": [98, 100]}
				]
			},
			{
				"name": "bone475",
				"parent": "bone469",
				"pivot": [-1.5, 6.35554, 3.40146],
				"rotation": [17.21335, -23.88417, -14.80531]
			},
			{
				"name": "bone476",
				"parent": "bone475",
				"pivot": [0.5, 6.35554, 3.40146],
				"cubes": [
					{"origin": [-3.5, 7.20886, 6.90458], "size": [5, 5, 4], "uv": [36, 45]}
				]
			},
			{
				"name": "bone477",
				"parent": "bone475",
				"pivot": [-1, 9.70886, 9.90458],
				"rotation": [17.5, 0, 0],
				"cubes": [
					{"origin": [-3, 7.70886, 9.90458], "size": [4, 4, 3], "uv": [68, 30]}
				]
			},
			{
				"name": "bone478",
				"parent": "bone475",
				"pivot": [-1, 9.66568, 11.48513],
				"rotation": [42.5, 0, 0],
				"cubes": [
					{"origin": [-2.5, 8.16568, 11.48513], "size": [3, 3, 3], "uv": [29, 76]}
				]
			},
			{
				"name": "bone479",
				"parent": "bone475",
				"pivot": [-1.5, 10.41277, 13.08727],
				"rotation": [72.5, 0, 0],
				"cubes": [
					{"origin": [-2, 9.41277, 13.08727], "size": [2, 2, 3], "uv": [86, 100]}
				]
			},
			{
				"name": "bone480",
				"parent": "bone469",
				"pivot": [-0.775, 6.63192, 7.75877],
				"rotation": [64.29231, 36.48786, 63.11874]
			},
			{
				"name": "bone481",
				"parent": "bone480",
				"pivot": [-2.775, 6.63192, 7.75877],
				"cubes": [
					{"origin": [-3.775, 7.48524, 11.26189], "size": [5, 5, 4], "uv": [18, 41]}
				]
			},
			{
				"name": "bone482",
				"parent": "bone480",
				"pivot": [-1.275, 9.98524, 14.26189],
				"rotation": [17.5, 0, 0],
				"cubes": [
					{"origin": [-3.275, 7.98524, 14.26189], "size": [4, 4, 3], "uv": [67, 45]}
				]
			},
			{
				"name": "bone483",
				"parent": "bone480",
				"pivot": [-1.275, 9.94206, 15.84244],
				"rotation": [42.5, 0, 0],
				"cubes": [
					{"origin": [-2.775, 8.44206, 15.84244], "size": [3, 3, 3], "uv": [75, 75]}
				]
			},
			{
				"name": "bone484",
				"parent": "bone480",
				"pivot": [-0.775, 10.68915, 17.44458],
				"rotation": [72.5, 0, 0],
				"cubes": [
					{"origin": [-2.275, 9.68915, 17.44458], "size": [2, 2, 3], "uv": [99, 26]}
				]
			},
			{
				"name": "bone485",
				"parent": "bone469",
				"pivot": [-2.2, 12.61105, 7.77794],
				"rotation": [-57.1884, 13.95854, -22.56118]
			},
			{
				"name": "bone486",
				"parent": "bone485",
				"pivot": [-0.2, 12.61105, 7.77794],
				"cubes": [
					{"origin": [-4.2, 6.75773, 11.28106], "size": [5, 5, 4], "uv": [40, 19], "inflate": 0.25}
				]
			},
			{
				"name": "bone487",
				"parent": "bone485",
				"pivot": [-1.7, 9.25773, 14.28106],
				"rotation": [-17.5, 0, 0],
				"cubes": [
					{"origin": [-3.7, 7.25773, 14.28106], "size": [4, 4, 3], "uv": [59, 65], "inflate": 0.25}
				]
			},
			{
				"name": "bone488",
				"parent": "bone485",
				"pivot": [-1.7, 9.30091, 15.8616],
				"rotation": [-42.5, 0, 0],
				"cubes": [
					{"origin": [-3.2, 7.80091, 15.8616], "size": [3, 3, 3], "uv": [63, 75], "inflate": 0.25}
				]
			},
			{
				"name": "bone489",
				"parent": "bone485",
				"pivot": [-2.2, 8.55382, 17.46375],
				"rotation": [-72.5, 0, 0],
				"cubes": [
					{"origin": [-2.7, 7.55382, 17.46375], "size": [2, 2, 3], "uv": [99, 0], "inflate": 0.25}
				]
			},
			{
				"name": "bone490",
				"parent": "bone469",
				"pivot": [-0.5, 7.65478, 1.29372],
				"rotation": [-52.5, -7.5, 0]
			},
			{
				"name": "bone491",
				"parent": "bone490",
				"pivot": [1.5, 7.65478, 1.29372],
				"cubes": [
					{"origin": [-2.5, 8.50811, 4.79684], "size": [5, 5, 4], "uv": [0, 40], "inflate": 0.25}
				]
			},
			{
				"name": "bone492",
				"parent": "bone490",
				"pivot": [0, 11.00811, 7.79684],
				"rotation": [17.5, 0, 0],
				"cubes": [
					{"origin": [-2, 9.00811, 7.79684], "size": [4, 4, 3], "uv": [45, 65], "inflate": 0.25}
				]
			},
			{
				"name": "bone493",
				"parent": "bone490",
				"pivot": [0, 10.96492, 9.37739],
				"rotation": [42.5, 0, 0],
				"cubes": [
					{"origin": [-1.5, 9.46492, 9.37739], "size": [3, 3, 3], "uv": [17, 74], "inflate": 0.25}
				]
			},
			{
				"name": "bone494",
				"parent": "bone490",
				"pivot": [-0.5, 11.71201, 10.97953],
				"rotation": [72.5, 0, 0],
				"cubes": [
					{"origin": [-1, 10.71201, 11.47953], "size": [2, 2, 3], "uv": [76, 99], "inflate": 0.25}
				]
			},
			{
				"name": "bone495",
				"parent": "bone469",
				"pivot": [1.375, 7.42392, 1.92801],
				"rotation": [-87.13881, -54.46781, 46.47799]
			},
			{
				"name": "bone496",
				"parent": "bone495",
				"pivot": [3.375, 7.42392, 1.92801],
				"cubes": [
					{"origin": [-0.625, 8.27724, 5.43113], "size": [5, 5, 4], "uv": [36, 36], "inflate": 0.25}
				]
			},
			{
				"name": "bone497",
				"parent": "bone495",
				"pivot": [1.875, 10.77724, 8.43113],
				"rotation": [17.5, 0, 0],
				"cubes": [
					{"origin": [-0.125, 8.77724, 8.43113], "size": [4, 4, 3], "uv": [0, 65], "inflate": 0.25}
				]
			},
			{
				"name": "bone498",
				"parent": "bone495",
				"pivot": [1.875, 10.73406, 10.01168],
				"rotation": [42.5, 0, 0],
				"cubes": [
					{"origin": [0.375, 9.23406, 10.01168], "size": [3, 3, 3], "uv": [73, 24], "inflate": 0.25}
				]
			},
			{
				"name": "bone499",
				"parent": "bone495",
				"pivot": [1.375, 11.48115, 11.61382],
				"rotation": [72.5, 0, 0],
				"cubes": [
					{"origin": [0.875, 10.48115, 12.11382], "size": [2, 2, 3], "uv": [66, 99], "inflate": 0.25}
				]
			},
			{
				"name": "bone500",
				"parent": "bone469",
				"pivot": [-0.25, 6.87712, 1.96843],
				"rotation": [-44.28512, -24.95404, 31.08052]
			},
			{
				"name": "bone501",
				"parent": "bone500",
				"pivot": [1.75, 6.87712, 1.96843],
				"cubes": [
					{"origin": [-2.25, 7.73044, 5.47155], "size": [5, 5, 4], "uv": [32, 0], "inflate": -0.35}
				]
			},
			{
				"name": "bone502",
				"parent": "bone500",
				"pivot": [0.25, 10.23044, 8.47155],
				"rotation": [17.5, 0, 0],
				"cubes": [
					{"origin": [-1.75, 8.23044, 8.47155], "size": [4, 4, 3], "uv": [64, 3], "inflate": -0.35}
				]
			},
			{
				"name": "bone503",
				"parent": "bone500",
				"pivot": [0.25, 10.18726, 10.0521],
				"rotation": [42.5, 0, 0],
				"cubes": [
					{"origin": [-1.25, 8.68726, 10.0521], "size": [3, 3, 3], "uv": [54, 72], "inflate": -0.35}
				]
			},
			{
				"name": "bone504",
				"parent": "bone500",
				"pivot": [-0.25, 10.93435, 11.65424],
				"rotation": [72.5, 0, 0],
				"cubes": [
					{"origin": [-0.75, 9.93435, 12.40424], "size": [2, 2, 2], "uv": [101, 80], "inflate": -0.35}
				]
			},
			{
				"name": "bone505",
				"parent": "bone469",
				"pivot": [-1.375, 7.42392, 1.92801],
				"rotation": [-87.13881, 54.46781, -46.47799]
			},
			{
				"name": "bone506",
				"parent": "bone505",
				"pivot": [-3.375, 7.42392, 1.92801],
				"cubes": [
					{"origin": [-4.375, 8.27724, 5.43113], "size": [5, 5, 4], "uv": [18, 32], "inflate": 0.25}
				]
			},
			{
				"name": "bone507",
				"parent": "bone505",
				"pivot": [-1.875, 10.77724, 8.43113],
				"rotation": [17.5, 0, 0],
				"cubes": [
					{"origin": [-3.875, 8.77724, 8.43113], "size": [4, 4, 3], "uv": [63, 52], "inflate": 0.25}
				]
			},
			{
				"name": "bone508",
				"parent": "bone505",
				"pivot": [-1.875, 10.73406, 10.01168],
				"rotation": [42.5, 0, 0],
				"cubes": [
					{"origin": [-3.375, 9.23406, 10.01168], "size": [3, 3, 3], "uv": [42, 72], "inflate": 0.25}
				]
			},
			{
				"name": "bone509",
				"parent": "bone505",
				"pivot": [-1.375, 11.48115, 11.61382],
				"rotation": [72.5, 0, 0],
				"cubes": [
					{"origin": [-2.875, 10.48115, 12.11382], "size": [2, 2, 3], "uv": [17, 99], "inflate": 0.25}
				]
			},
			{
				"name": "bone510",
				"parent": "bone469",
				"pivot": [1.9, 5.76443, 1.59005],
				"rotation": [-28.97534, 28.81504, -18.45735]
			},
			{
				"name": "bone511",
				"parent": "bone510",
				"pivot": [-0.1, 5.76443, 1.59005],
				"cubes": [
					{"origin": [-1.1, 6.61775, 5.09317], "size": [5, 5, 4], "uv": [0, 31], "inflate": -0.2}
				]
			},
			{
				"name": "bone512",
				"parent": "bone510",
				"pivot": [1.4, 9.11775, 8.09317],
				"rotation": [17.5, 0, 0],
				"cubes": [
					{"origin": [-0.6, 7.11775, 8.09317], "size": [4, 4, 3], "uv": [31, 62], "inflate": -0.2}
				]
			},
			{
				"name": "bone513",
				"parent": "bone510",
				"pivot": [1.4, 9.07457, 9.67372],
				"rotation": [42.5, 0, 0],
				"cubes": [
					{"origin": [-0.1, 7.57457, 9.67372], "size": [3, 3, 3], "uv": [70, 62], "inflate": -0.2}
				]
			},
			{
				"name": "bone514",
				"parent": "bone510",
				"pivot": [1.9, 9.82166, 11.27586],
				"rotation": [72.5, 0, 0],
				"cubes": [
					{"origin": [0.4, 8.82166, 11.77586], "size": [2, 2, 2], "uv": [24, 4], "inflate": -0.2}
				]
			}
		]
	}
}