{
	"format_version": "1.10.0",
	"geometry.model": {
		"texturewidth": 128,
		"textureheight": 128,
		"visible_bounds_width": 3,
		"visible_bounds_height": 2,
		"visible_bounds_offset": [0, 0, 0],
		"bones": [
			{
				"name": "head",
				"pivot": [0, 18, 0],
				"cubes": [
					{"origin": [-4, 18, -4], "size": [8, 8, 8], "uv": [28, 11]},
					{"origin": [-4, 16.675, -3.325], "size": [8, 9, 8], "uv": [0, 19], "inflate": -0.3},
					{"origin": [-5, 15.3, -5], "size": [10, 11, 8], "uv": [0, 0], "inflate": -0.8},
					{"origin": [-4, 18.525, -4], "size": [8, 8, 8], "uv": [24, 28], "inflate": -0.25}
				]
			},
			{
				"name": "blink",
				"parent": "head",
				"pivot": [0, 18, 0],
				"cubes": [
					{"origin": [-4, 18, -4.026], "size": [8, 5, 0], "uv": [48, 30]}
				]
			},
			{
				"name": "ahoge",
				"parent": "head",
				"pivot": [0, 18, 0]
			},
			{
				"name": "bone30",
				"parent": "ahoge",
				"pivot": [5.625, 21.225, -1.275],
				"rotation": [20, 37.5, -20],
				"cubes": [
					{"origin": [5.125, 16.225, -2.775], "size": [1, 10, 3], "uv": [8, 61], "inflate": -0.3}
				]
			},
			{
				"name": "bone31",
				"parent": "ahoge",
				"pivot": [-5.625, 21.225, -1.275],
				"rotation": [20, -37.5, 20],
				"cubes": [
					{"origin": [-6.125, 16.225, -2.775], "size": [1, 10, 3], "uv": [0, 61], "inflate": -0.3}
				]
			},
			{
				"name": "armRight",
				"pivot": [-3, 17.5, 0],
				"rotation": [0, 0, 25],
				"cubes": [
					{"origin": [-5, 8.5, -1], "size": [2, 8, 2], "uv": [16, 67]},
					{"origin": [-5.5, 13.5, -1.5], "size": [3, 4, 3], "uv": [63, 63]},
					{"origin": [-5.5, 13.5, -1.5], "size": [3, 1, 3], "uv": [66, 57], "inflate": 0.1}
				]
			},
			{
				"name": "armLeft",
				"pivot": [3, 17.5, 0],
				"rotation": [0, 0, -25],
				"cubes": [
					{"origin": [2.5, 13.5, -1.5], "size": [3, 4, 3], "uv": [30, 44]},
					{"origin": [2.5, 13.5, -1.5], "size": [3, 1, 3], "uv": [24, 67], "inflate": 0.1},
					{"origin": [3, 8.5, -1], "size": [2, 8, 2], "uv": [54, 65]}
				]
			},
			{
				"name": "body",
				"pivot": [0, 10.5, 0],
				"cubes": [
					{"origin": [-3, 8.999, -3], "size": [6, 9, 6], "uv": [0, 36]}
				]
			},
			{
				"name": "bone19",
				"parent": "body",
				"pivot": [0, 0, 0]
			},
			{
				"name": "bone20",
				"parent": "bone19",
				"pivot": [-2.5, 16, -3.5],
				"rotation": [10, 17.5, 60],
				"cubes": [
					{"origin": [-4.075, 16.725, -4.125], "size": [3, 2, 2], "uv": [70, 17], "inflate": -0.5}
				]
			},
			{
				"name": "bone21",
				"parent": "bone19",
				"pivot": [2.5, 16, -3.5],
				"rotation": [10, -17.5, -60],
				"cubes": [
					{"origin": [1.075, 16.725, -4.125], "size": [3, 2, 2], "uv": [62, 70], "inflate": -0.5}
				]
			},
			{
				"name": "bone23",
				"parent": "body",
				"pivot": [0, 10.5, 0]
			},
			{
				"name": "bone22",
				"parent": "bone23",
				"pivot": [-0.5, 17.5, -6.5],
				"rotation": [0, 0, -15],
				"cubes": [
					{"origin": [-1.1, 15.225, -4.325], "size": [1, 1.3, 1], "uv": [0, 6], "inflate": -0.2}
				]
			},
			{
				"name": "bone24",
				"parent": "bone23",
				"pivot": [0.5, 17.5, -6.5],
				"rotation": [0, 0, 15],
				"cubes": [
					{"origin": [0.1, 15.225, -4.325], "size": [1, 1.3, 1], "uv": [4, 4], "inflate": -0.2}
				]
			},
			{
				"name": "bone25",
				"parent": "bone23",
				"pivot": [0, 0, 0]
			},
			{
				"name": "bone26",
				"parent": "bone25",
				"pivot": [4.925, 12.7, -4.075],
				"rotation": [0, -5, -90],
				"cubes": [
					{"origin": [4.85, 17.125, -4.575], "size": [4, 1, 1], "uv": [28, 3], "inflate": -0.3}
				]
			},
			{
				"name": "bone27",
				"parent": "bone25",
				"pivot": [-0.025, 12.925, -4.5],
				"rotation": [-5, -2.5, -42.5],
				"cubes": [
					{"origin": [-0.55, 12.4, -4.55], "size": [1.5, 1.5, 1], "uv": [0, 4], "inflate": -0.3}
				]
			},
			{
				"name": "bone28",
				"parent": "bone25",
				"pivot": [4.925, 12.7, -4.075],
				"rotation": [0, -5, -80],
				"cubes": [
					{"origin": [4.175, 17.55, -4.5], "size": [3.75, 1, 1], "uv": [0, 2], "inflate": -0.3}
				]
			},
			{
				"name": "bone29",
				"parent": "bone25",
				"pivot": [-4.925, 12.7, -4.075],
				"rotation": [0, 5, 80],
				"cubes": [
					{"origin": [-7.925, 17.55, -4.5], "size": [3.75, 1, 1], "uv": [0, 0], "inflate": -0.3}
				]
			},
			{
				"name": "bone16",
				"parent": "body",
				"pivot": [-1.5, 11, 0],
				"rotation": [0, 0, 47.5],
				"cubes": [
					{"origin": [-2.75, 6.5, -4], "size": [1, 5, 8], "uv": [50, 36], "inflate": -0.2}
				]
			},
			{
				"name": "bone15",
				"parent": "body",
				"pivot": [1.5, 15.5, 0],
				"rotation": [0, 0, 5],
				"cubes": [
					{"origin": [1.6, 10.4, -3.4], "size": [1, 8, 7], "uv": [50, 50], "inflate": -0.2}
				]
			},
			{
				"name": "bone14",
				"parent": "body",
				"pivot": [1.5, 15.5, 0],
				"rotation": [-17.5, 0, 5],
				"cubes": [
					{"origin": [1.6, 14.125, -4.075], "size": [1, 3, 4], "uv": [65, 8], "inflate": -0.2}
				]
			},
			{
				"name": "bone13",
				"parent": "body",
				"pivot": [1.5, 15.5, 0],
				"rotation": [10, 0, 5],
				"cubes": [
					{"origin": [1.6, 10.45, -4.175], "size": [1, 6, 4], "uv": [44, 61], "inflate": -0.2}
				]
			},
			{
				"name": "bone12",
				"parent": "body",
				"pivot": [0, 13.499, 0],
				"cubes": [
					{"origin": [-3, 14.549, -3], "size": [6, 3, 6], "uv": [36, 0], "inflate": 0.25}
				]
			},
			{
				"name": "bone11",
				"parent": "body",
				"pivot": [0, 16, -3.5],
				"rotation": [-10, 0, 0],
				"cubes": [
					{"origin": [-3, 15, -3.4], "size": [6, 2, 1], "uv": [28, 0], "inflate": 0.25}
				]
			},
			{
				"name": "sittingRotationSkirt",
				"parent": "body",
				"pivot": [0, 10.5, 0]
			},
			{
				"name": "bone10",
				"parent": "sittingRotationSkirt",
				"pivot": [-1, 9.5, 4.65],
				"rotation": [10, 0, 0],
				"cubes": [
					{"origin": [-1.5, 6.2, 3.15], "size": [3, 6, 2], "uv": [64, 27], "inflate": -0.4}
				]
			},
			{
				"name": "bone9",
				"parent": "sittingRotationSkirt",
				"pivot": [1.25, 9, 4],
				"rotation": [10, 20, 0],
				"cubes": [
					{"origin": [0, 6, 3.05], "size": [4, 6, 2], "uv": [60, 35], "inflate": -0.2}
				]
			},
			{
				"name": "bone8",
				"parent": "sittingRotationSkirt",
				"pivot": [-1.25, 9, 4],
				"rotation": [10, -20, 0],
				"cubes": [
					{"origin": [-4, 6, 3.05], "size": [4, 6, 2], "uv": [60, 19], "inflate": -0.2}
				]
			},
			{
				"name": "bone7",
				"parent": "sittingRotationSkirt",
				"pivot": [-1.25, 9, -4],
				"rotation": [-12.5, 20, 0],
				"cubes": [
					{"origin": [-4, 6, -4.75], "size": [4, 6, 2], "uv": [60, 0], "inflate": -0.2}
				]
			},
			{
				"name": "bone6",
				"parent": "sittingRotationSkirt",
				"pivot": [-4.25, 9, 0],
				"rotation": [0, 0, -20],
				"cubes": [
					{"origin": [-5, 6, -3.5], "size": [3, 4, 7], "uv": [37, 44]}
				]
			},
			{
				"name": "bone5",
				"parent": "sittingRotationSkirt",
				"pivot": [-2.5, 8.75, 0],
				"rotation": [0, 0, 25],
				"cubes": [
					{"origin": [-5, 8.5, -3.5], "size": [3, 3, 7], "uv": [52, 9]}
				]
			},
			{
				"name": "bone2",
				"parent": "sittingRotationSkirt",
				"pivot": [2.5, 8.75, 0],
				"rotation": [0, 0, -25],
				"cubes": [
					{"origin": [2, 8.5, -3.5], "size": [3, 3, 7], "uv": [0, 51]}
				]
			},
			{
				"name": "bone3",
				"parent": "sittingRotationSkirt",
				"pivot": [4.25, 9, 0],
				"rotation": [0, 0, 20],
				"cubes": [
					{"origin": [2, 6, -3.5], "size": [3, 4, 7], "uv": [17, 44]}
				]
			},
			{
				"name": "bone4",
				"parent": "sittingRotationSkirt",
				"pivot": [1.25, 9, -4],
				"rotation": [-12.5, -20, 0],
				"cubes": [
					{"origin": [0, 6, -4.75], "size": [4, 6, 2], "uv": [59, 49], "inflate": -0.2}
				]
			},
			{
				"name": "bone",
				"parent": "sittingRotationSkirt",
				"pivot": [0, 8.5, -4.75],
				"rotation": [-10, 0, 0],
				"cubes": [
					{"origin": [-0.5, 7.5, -4.75], "size": [1, 4, 1], "uv": [0, 19]}
				]
			},
			{
				"name": "bone17",
				"parent": "sittingRotationSkirt",
				"pivot": [2.225, 11.875, -3.675],
				"rotation": [-7.5, -20, -10],
				"cubes": [
					{"origin": [0.725, 10.375, -4.5], "size": [3, 3, 2], "uv": [34, 69], "inflate": -0.7}
				]
			},
			{
				"name": "bone18",
				"parent": "sittingRotationSkirt",
				"pivot": [2.225, 11.875, -3.675],
				"rotation": [10, -17.5, -57.5],
				"cubes": [
					{"origin": [0.725, 10.375, -4.5], "size": [3, 3, 2], "uv": [68, 43], "inflate": -0.7}
				]
			},
			{
				"name": "legLeft",
				"pivot": [2, 9, 0],
				"cubes": [
					{"origin": [0.499, 0, -1.5], "size": [3, 9, 3], "uv": [32, 55]}
				]
			},
			{
				"name": "legRight",
				"pivot": [-2, 9, 0],
				"cubes": [
					{"origin": [-3.499, 0, -1.5], "size": [3, 9, 3], "uv": [20, 55]}
				]
			}
		]
	}
}