{
	"format_version": "1.8.0",
	"animations": {
		"beg": {
			"loop": true,
			"animation_length": 0.04167,
			"bones": {
				"LeftArm": {
					"rotation": [-37.81509, 18.15489, -17.48614]
				},
				"LeftForeArm": {
					"rotation": [-125, 0, 0]
				},
				"RightArm": {
					"rotation": [-37.81509, -18.15489, 17.48614]
				},
				"RightForeArm": {
					"rotation": [-125, 0, 0]
				},
				"Head": {
					"rotation": [0, 0, -15]
				}
			}
		},
		"chair": {
			"loop": true,
			"animation_length": 1,
			"bones": {
				"RightLeg": {
					"rotation": {
						"0.0": [-80.00933, -0.43399, 2.46207],
						"1.0": [-80.00933, -0.43399, 2.46207]
					}
				},
				"RightLowerLeg": {
					"rotation": {
						"0.0": [62.5, 0, 0],
						"0.1": [64.14307, 0, 0],
						"0.2": [70.27474, 0, 0],
						"0.3": [83.29208, 0, 0],
						"0.4": [96.43106, 0, 0],
						"0.5": [100, 0, 0],
						"0.6": [96.14686, 0, 0],
						"0.8": [70.38804, 0, 0],
						"0.9": [64.17339, 0, 0],
						"1.0": [62.5, 0, 0]
					}
				},
				"LeftLeg": {
					"rotation": {
						"0.0": [-80.23961, 3.32087, -4.49762],
						"1.0": [-80.23961, 3.32087, -4.49762]
					}
				},
				"LeftLowerLeg": {
					"rotation": {
						"0.0": [102.5, 0, 0],
						"0.5": [67.5, 0, 0],
						"1.0": [102.5, 0, 0]
					}
				},
				"UpperBody": {
					"rotation": [2.5, 0, 0]
				},
				"Head": {
					"rotation": [-2.5, 0, 0]
				},
				"AllBody": {
					"position": [0, -13, -1]
				},
				"Dress": {
					"rotation": [-72.5, 0, 0]
				}
			}
		},
		"keyboard": {
			"loop": true,
			"animation_length": 1,
			"bones": {
				"RightLeg": {
					"rotation": {
						"0.0": [-80.00933, -0.43399, 2.46207],
						"1.0": [-80.00933, -0.43399, 2.46207]
					}
				},
				"RightLowerLeg": {
					"rotation": {
						"0.0": [62.5, 0, 0],
						"0.1": [64.14307, 0, 0],
						"0.2": [70.27474, 0, 0],
						"0.3": [83.29208, 0, 0],
						"0.4": [96.43106, 0, 0],
						"0.5": [100, 0, 0],
						"0.6": [96.14686, 0, 0],
						"0.8": [70.38804, 0, 0],
						"0.9": [64.17339, 0, 0],
						"1.0": [62.5, 0, 0]
					}
				},
				"LeftLeg": {
					"rotation": {
						"0.0": [-80.23961, 3.32087, -4.49762],
						"1.0": [-80.23961, 3.32087, -4.49762]
					}
				},
				"LeftLowerLeg": {
					"rotation": {
						"0.0": [102.5, 0, 0],
						"0.5": [67.5, 0, 0],
						"1.0": [102.5, 0, 0]
					}
				},
				"UpperBody": {
					"rotation": [2.5, 0, 0]
				},
				"Head": {
					"rotation": [-2.5, 0, 0]
				},
				"AllBody": {
					"position": [0, -13, -1]
				},
				"Dress": {
					"rotation": [-72.5, 0, 0]
				}
			}
		},
		"computer": {
			"loop": true,
			"animation_length": 1,
			"bones": {
				"RightLeg": {
					"rotation": {
						"0.0": [-80.00933, -0.43399, 2.46207],
						"1.0": [-80.00933, -0.43399, 2.46207]
					}
				},
				"RightLowerLeg": {
					"rotation": {
						"0.0": [62.5, 0, 0],
						"0.1": [64.14307, 0, 0],
						"0.2": [70.27474, 0, 0],
						"0.3": [83.29208, 0, 0],
						"0.4": [96.43106, 0, 0],
						"0.5": [100, 0, 0],
						"0.6": [96.14686, 0, 0],
						"0.8": [70.38804, 0, 0],
						"0.9": [64.17339, 0, 0],
						"1.0": [62.5, 0, 0]
					}
				},
				"LeftLeg": {
					"rotation": {
						"0.0": [-80.23961, 3.32087, -4.49762],
						"1.0": [-80.23961, 3.32087, -4.49762]
					}
				},
				"LeftLowerLeg": {
					"rotation": {
						"0.0": [102.5, 0, 0],
						"0.5": [67.5, 0, 0],
						"1.0": [102.5, 0, 0]
					}
				},
				"UpperBody": {
					"rotation": [2.5, 0, 0]
				},
				"Head": {
					"rotation": [-2.5, 0, 0]
				},
				"AllBody": {
					"position": [0, -13, -1]
				},
				"Dress": {
					"rotation": [-72.5, 0, 0]
				}
			}
		}
	}
}