{
	"pack_name": "{maid_pack.touhou_lostword_model_pack.name}",
	"model_list": [
		{
			"model_id": "touhou_lostword_model_pack:yoomu",
			"description": ["{model.touhou_lostword_model_pack.yoomu.desc}"],
			"animation": [
				"touhou_little_maid:animation/maid/default/head/default.js",
				"touhou_little_maid:animation/maid/default/head/beg.js",
				"touhou_little_maid:animation/maid/default/head/music_shake.js",
				"touhou_little_maid:animation/maid/default/head/blink.js",
				"touhou_little_maid:animation/maid/default/arm/default.js",
				"touhou_little_maid:animation/maid/default/arm/swing.js",
				"touhou_little_maid:animation/maid/default/leg/default.js",
				"touhou_little_maid:animation/maid/default/sit/skirt_rotation.js",
				"touhou_little_maid:animation/maid/default/armor/default.js",
				"touhou_little_maid:animation/base/float/default.js",
				"touhou_little_maid:animation/maid/default/sit/default.js"
			]
		}
	],
	"version": "1.0.0",
	"author": ["gyhgyj88"],
	"description": ["{maid_pack.touhou_lostword_model_pack.desc}"],
	"date": "2023-11-01",
	"icon": "touhou_lostword_model_pack:textures/maid_icon.png"
}