{
	"pack_name": "{maid_pack.yorushika.name}",
	"author": ["lingkongxiaohuan"],
	"date": "2022-03-07",
	"icon": "yorushika:textures/maid_icon.png",
	"version": "1.1.0",
	"model_list": [
		{
			"model_id": "yorushika:kbqn",
			"animation": ["touhou_little_maid:animation/maid/default/head/default.js", "touhou_little_maid:animation/maid/default/head/beg.js", "touhou_little_maid:animation/maid/default/head/music_shake.js", "touhou_little_maid:animation/maid/default/head/blink.js", "touhou_little_maid:animation/maid/default/arm/default.js", "touhou_little_maid:animation/maid/default/arm/swing.js", "touhou_little_maid:animation/maid/default/leg/default.js", "touhou_little_maid:animation/maid/default/sit/skirt_rotation.js", "touhou_little_maid:animation/maid/default/sit/default.js"],
			"description": ["{model.yorushika.kbqn.desc.1}", "{model.yorushika.kbqn.desc.2}"]
		},
		{
			"model_id": "yorushika:yc",
			"animation": ["touhou_little_maid:animation/maid/default/head/default.js", "touhou_little_maid:animation/maid/default/head/beg.js", "touhou_little_maid:animation/maid/default/head/music_shake.js", "touhou_little_maid:animation/maid/default/head/blink.js", "touhou_little_maid:animation/maid/default/arm/default.js", "touhou_little_maid:animation/maid/default/arm/swing.js", "touhou_little_maid:animation/maid/default/leg/default.js", "touhou_little_maid:animation/maid/default/sit/skirt_rotation.js", "touhou_little_maid:animation/maid/default/sit/default.js"],
			"description": ["{model.yorushika.yc.desc.1}", "{model.yorushika.yc.desc.2}"]
		},
		{
			"model_id": "yorushika:ywl",
			"description": ["{model.yorushika.ywl.desc.1}", "{model.yorushika.ywl.desc.2}"],
			"animation": ["touhou_little_maid:animation/maid/default/head/default.js", "touhou_little_maid:animation/maid/default/head/beg.js", "touhou_little_maid:animation/maid/default/head/music_shake.js", "touhou_little_maid:animation/maid/default/head/blink.js", "touhou_little_maid:animation/maid/default/arm/default.js", "touhou_little_maid:animation/maid/default/arm/swing.js", "touhou_little_maid:animation/maid/default/leg/default.js", "touhou_little_maid:animation/maid/default/sit/skirt_rotation.js", "touhou_little_maid:animation/maid/default/sit/default.js"]
		}
	],
	"description": ["{maid_pack.yorushika.desc}"]
}