{
	"pack_name": "{maid_pack.mdv_vup.name}",
	"model_list": [
		{
			"model_id": "mdv_vup:qumeituanzi",
			"description": ["{model.mdv_vup.qumeituanzi.desc}"],
			"animation": [
				"touhou_little_maid:animation/maid/default/head/default.js",
				"touhou_little_maid:animation/maid/default/head/beg.js",
				"touhou_little_maid:animation/maid/default/head/music_shake.js",
				"touhou_little_maid:animation/maid/default/head/blink.js",
				"touhou_little_maid:animation/maid/default/arm/default.js",
				"touhou_little_maid:animation/maid/default/arm/swing.js",
				"touhou_little_maid:animation/maid/default/leg/default.js",
				"touhou_little_maid:animation/maid/default/sit/skirt_rotation.js",
				"touhou_little_maid:animation/maid/default/sit/default.js",
				"touhou_little_maid:animation/maid/default/tail/default.js"
			]
		},
		{
			"model_id": "mdv_vup:cyan",
			"animation": [
				"touhou_little_maid:animation/maid/default/head/default.js",
				"touhou_little_maid:animation/maid/default/head/beg.js",
				"touhou_little_maid:animation/maid/default/head/music_shake.js",
				"touhou_little_maid:animation/maid/default/head/blink.js",
				"touhou_little_maid:animation/maid/default/arm/default.js",
				"touhou_little_maid:animation/maid/default/arm/swing.js",
				"touhou_little_maid:animation/maid/default/leg/default.js",
				"touhou_little_maid:animation/maid/default/sit/skirt_rotation.js",
				"touhou_little_maid:animation/maid/default/sit/default.js",
				"touhou_little_maid:animation/maid/default/wing/default.js"
			],
			"description": ["{model.mdv_vup.cyan.desc}"]
		}
	],
	"version": "1.0.1",
	"author": ["gyhgyj88"],
	"description": ["{maid_pack.mdv_vup.desc}"],
	"date": "2022-08-04",
	"icon": "mdv_vup:textures/maid_icon.png"
}