{
	"format_version": "1.10.0",
	"geometry.model": {
		"texturewidth": 64,
		"textureheight": 64,
		"visible_bounds_width": 4,
		"visible_bounds_height": 3.5,
		"visible_bounds_offset": [0, 1.25, 0],
		"bones": [
			{
				"name": "head",
				"pivot": [0, 22.75, 0],
				"cubes": [
					{"origin": [-4, 22.85, -4], "size": [8, 8, 8], "uv": [0, 0]},
					{"origin": [-4, 22.85, -3.75], "size": [8, 8, 8], "uv": [32, 0], "inflate": 0.5}
				]
			},
			{
				"name": "blink",
				"parent": "head",
				"pivot": [-0.05, 24.7, -4.1],
				"cubes": [
					{"origin": [-3, 23.75, -4.1], "size": [6, 3, 0], "uv": [47, 46]}
				]
			},
			{
				"name": "bone291",
				"parent": "head",
				"pivot": [-3.4, 25.9, -4.3],
				"rotation": [-14, 0, 10]
			},
			{
				"name": "hair",
				"parent": "bone291",
				"pivot": [-2.7, 24, -4.4],
				"cubes": [
					{"origin": [-3.7, 21.5, -4.4], "size": [0.6, 4.4, 0.2], "uv": [63, 44]}
				]
			},
			{
				"name": "hair2",
				"parent": "bone291",
				"pivot": [-3.3, 21.15, -4.3],
				"rotation": [0, 0, -18],
				"cubes": [
					{"origin": [-3.6, 20.5, -4.4], "size": [0.6, 1.3, 0.2], "uv": [9, 46]}
				]
			},
			{
				"name": "hair3",
				"parent": "bone291",
				"pivot": [-3, 20.45, -4.3],
				"rotation": [0, 0, -32],
				"cubes": [
					{"origin": [-3.3, 19.8, -4.4], "size": [0.6, 1.3, 0.2], "uv": [9, 46]}
				]
			},
			{
				"name": "hair7",
				"parent": "bone291",
				"pivot": [-2.6, 19.85, -4.3],
				"rotation": [0, 0, -56],
				"cubes": [
					{"origin": [-2.7, 19.2, -4.4], "size": [0.4, 1.3, 0.2], "uv": [9, 46]}
				]
			},
			{
				"name": "bone292",
				"parent": "head",
				"pivot": [3.4, 25.7, -4.3],
				"rotation": [-14, 0, -10]
			},
			{
				"name": "hair4",
				"parent": "bone292",
				"pivot": [2.7, 24, -4.4],
				"cubes": [
					{"origin": [3.1, 21.5, -4.4], "size": [0.6, 4.2, 0.2], "uv": [63, 43], "mirror": true}
				]
			},
			{
				"name": "hair5",
				"parent": "bone292",
				"pivot": [3.3, 21.15, -4.3],
				"rotation": [0, 0, 18],
				"cubes": [
					{"origin": [3, 20.5, -4.4], "size": [0.6, 1.3, 0.2], "uv": [63, 47], "mirror": true}
				]
			},
			{
				"name": "hair6",
				"parent": "bone292",
				"pivot": [3, 20.45, -4.3],
				"rotation": [0, 0, 32],
				"cubes": [
					{"origin": [2.7, 19.8, -4.4], "size": [0.6, 1.3, 0.2], "uv": [62, 46], "mirror": true}
				]
			},
			{
				"name": "hair8",
				"parent": "bone292",
				"pivot": [2.6, 19.85, -4.3],
				"rotation": [0, 0, 56],
				"cubes": [
					{"origin": [2.3, 19.2, -4.4], "size": [0.4, 1.3, 0.2], "uv": [63, 46], "mirror": true}
				]
			},
			{
				"name": "armRight",
				"pivot": [-5.4, 22, 0],
				"rotation": [0, 0, 2.5],
				"cubes": [
					{"origin": [-7.65, 11.6, -2], "size": [3, 11, 4], "uv": [40, 16]},
					{"origin": [-7.65, 11.6, -2], "size": [3, 11, 4], "uv": [48, 48], "inflate": 0.25, "mirror": true}
				]
			},
			{
				"name": "bracelets",
				"parent": "armRight",
				"pivot": [5.6, 0, 0]
			},
			{
				"name": "braces",
				"parent": "bracelets",
				"pivot": [5.6, 0, 0],
				"cubes": [
					{"origin": [-8.2, 14.3, -2.6], "size": [4.1, 0.2, 5.2], "uv": [-3, 45]}
				]
			},
			{
				"name": "braces2",
				"parent": "bracelets",
				"pivot": [5.6, -0.3, 0],
				"cubes": [
					{"origin": [-8.2, 14, -2.6], "size": [4.1, 0.2, 5.2], "uv": [-3, 45]}
				]
			},
			{
				"name": "braces3",
				"parent": "bracelets",
				"pivot": [5.6, -0.6, 0],
				"cubes": [
					{"origin": [-8.2, 13.7, -2.6], "size": [4.1, 0.2, 5.2], "uv": [-3, 45]}
				]
			},
			{
				"name": "bracelets4",
				"parent": "armRight",
				"pivot": [5.6, 5.5, 0]
			},
			{
				"name": "braces10",
				"parent": "bracelets4",
				"pivot": [5.6, 5.5, 0],
				"cubes": [
					{"origin": [-8.2, 19.8, -2.6], "size": [4.1, 0.2, 5.2], "uv": [-3, 45]}
				]
			},
			{
				"name": "braces11",
				"parent": "bracelets4",
				"pivot": [5.6, 5.2, 0],
				"cubes": [
					{"origin": [-8.2, 19.5, -2.6], "size": [4.1, 0.2, 5.2], "uv": [-3, 45]}
				]
			},
			{
				"name": "braces12",
				"parent": "bracelets4",
				"pivot": [5.6, 4.9, 0],
				"cubes": [
					{"origin": [-8.2, 19.2, -2.6], "size": [4.1, 0.2, 5.2], "uv": [-3, 45]}
				]
			},
			{
				"name": "armRightPositioningBone",
				"parent": "armRight",
				"pivot": [-6.15, 12.5, 0]
			},
			{
				"name": "armLeft",
				"pivot": [5.65, 22, 0],
				"rotation": [0, 0, -2.5],
				"cubes": [
					{"origin": [4.65, 11.5999, -2.02182], "size": [3, 11, 4], "uv": [32, 48]},
					{"origin": [4.65, 11.5999, -2.02182], "size": [3, 11, 4], "uv": [48, 48], "inflate": 0.25}
				]
			},
			{
				"name": "bracelets2",
				"parent": "armLeft",
				"pivot": [17.9, 0, 0]
			},
			{
				"name": "braces4",
				"parent": "bracelets2",
				"pivot": [17.9, 0, 0],
				"cubes": [
					{"origin": [4.1, 14.3, -2.6], "size": [4.1, 0.2, 5.2], "uv": [-3, 45]}
				]
			},
			{
				"name": "braces5",
				"parent": "bracelets2",
				"pivot": [17.9, -0.3, 0],
				"cubes": [
					{"origin": [4.1, 14, -2.6], "size": [4.1, 0.2, 5.2], "uv": [-3, 45]}
				]
			},
			{
				"name": "braces6",
				"parent": "bracelets2",
				"pivot": [17.9, -0.6, 0],
				"cubes": [
					{"origin": [4.1, 13.7, -2.6], "size": [4.1, 0.2, 5.2], "uv": [-3, 45]}
				]
			},
			{
				"name": "bracelets3",
				"parent": "armLeft",
				"pivot": [17.9, 5.4, 0]
			},
			{
				"name": "braces7",
				"parent": "bracelets3",
				"pivot": [17.9, 5.4, 0],
				"cubes": [
					{"origin": [4.1, 19.7, -2.6], "size": [4.1, 0.2, 5.2], "uv": [-3, 45]}
				]
			},
			{
				"name": "braces8",
				"parent": "bracelets3",
				"pivot": [17.9, 5.1, 0],
				"cubes": [
					{"origin": [4.1, 19.4, -2.6], "size": [4.1, 0.2, 5.2], "uv": [-3, 45]}
				]
			},
			{
				"name": "braces9",
				"parent": "bracelets3",
				"pivot": [17.9, 4.8, 0],
				"cubes": [
					{"origin": [4.1, 19.1, -2.6], "size": [4.1, 0.2, 5.2], "uv": [-3, 45]}
				]
			},
			{
				"name": "armLeftPositioningBone",
				"parent": "armLeft",
				"pivot": [6.15, 12.5, 0]
			},
			{
				"name": "body",
				"pivot": [0, 22.25, 0],
				"cubes": [
					{"origin": [-4, 10.35, -2], "size": [8, 12, 4], "uv": [16, 16]},
					{"origin": [-4, 10.35, -2], "size": [8, 12, 4], "uv": [16, 16], "inflate": 0.24}
				]
			},
			{
				"name": "sittingRotationSkirt",
				"parent": "body",
				"pivot": [0, 10.5, 0],
				"cubes": [
					{"origin": [-4, 10.35, -2], "size": [8, 0, 4], "uv": [33, 32]},
					{"origin": [-4, 10.35, -2], "size": [8, 1, 4], "uv": [9, 31], "inflate": 0.275}
				]
			},
			{
				"name": "mSkirtLeft",
				"parent": "sittingRotationSkirt",
				"pivot": [-0.4, 0, 0]
			},
			{
				"name": "miniSkirtLeft",
				"parent": "mSkirtLeft",
				"pivot": [-0.2, 7.2, 0]
			},
			{
				"name": "bone306",
				"parent": "miniSkirtLeft",
				"pivot": [1.8, 7.2, 0],
				"rotation": [0, -196.36364, 0]
			},
			{
				"name": "bone307",
				"parent": "bone306",
				"pivot": [1.8, 7.2, 4.81637],
				"rotation": [23, 0, 0]
			},
			{
				"name": "bone308",
				"parent": "bone307",
				"pivot": [1.8, 7.2, 4.81637],
				"rotation": [0, -45, 0],
				"cubes": [
					{"origin": [0.82763, 8.99205, 3.444], "size": [1.5, 3.3, 2], "uv": [58, 18]}
				]
			},
			{
				"name": "bone309",
				"parent": "miniSkirtLeft",
				"pivot": [1.8, 7.2, 0],
				"rotation": [0, -229.09091, 0]
			},
			{
				"name": "bone310",
				"parent": "bone309",
				"pivot": [1.8, 7.2, 4.81637],
				"rotation": [23, 0, 0]
			},
			{
				"name": "bone311",
				"parent": "bone310",
				"pivot": [1.8, 7.2, 4.81637],
				"rotation": [0, -45, 0],
				"cubes": [
					{"origin": [0.82763, 8.99205, 3.444], "size": [1.5, 3.3, 2], "uv": [58, 18]}
				]
			},
			{
				"name": "bone312",
				"parent": "miniSkirtLeft",
				"pivot": [1.8, 7.2, 0],
				"rotation": [0, -261.81818, 0]
			},
			{
				"name": "bone313",
				"parent": "bone312",
				"pivot": [1.8, 7.2, 4.81637],
				"rotation": [23, 0, 0]
			},
			{
				"name": "bone314",
				"parent": "bone313",
				"pivot": [1.8, 7.2, 4.81637],
				"rotation": [0, -45, 0],
				"cubes": [
					{"origin": [0.82763, 8.99205, 3.444], "size": [1.5, 3.3, 2], "uv": [58, 18]}
				]
			},
			{
				"name": "bone315",
				"parent": "miniSkirtLeft",
				"pivot": [1.8, 7.2, 0],
				"rotation": [0, -294.54545, 0]
			},
			{
				"name": "bone316",
				"parent": "bone315",
				"pivot": [1.8, 7.2, 4.81637],
				"rotation": [23, 0, 0]
			},
			{
				"name": "bone317",
				"parent": "bone316",
				"pivot": [1.8, 7.2, 4.81637],
				"rotation": [0, -45, 0],
				"cubes": [
					{"origin": [0.82763, 8.99205, 3.444], "size": [1.5, 3.3, 2], "uv": [58, 18]}
				]
			},
			{
				"name": "bone318",
				"parent": "miniSkirtLeft",
				"pivot": [1.8, 7.2, 0],
				"rotation": [0, -327.27273, 0]
			},
			{
				"name": "bone319",
				"parent": "bone318",
				"pivot": [1.8, 7.2, 4.81637],
				"rotation": [23, 0, 0]
			},
			{
				"name": "bone320",
				"parent": "bone319",
				"pivot": [1.8, 7.2, 4.81637],
				"rotation": [0, -45, 0],
				"cubes": [
					{"origin": [0.82763, 8.99205, 3.444], "size": [1.5, 3.3, 2], "uv": [58, 18]}
				]
			},
			{
				"name": "mSkirtRight",
				"parent": "sittingRotationSkirt",
				"pivot": [0.4, 0, 0]
			},
			{
				"name": "miniSkirtRight",
				"parent": "mSkirtRight",
				"pivot": [0.2, 7.2, 0]
			},
			{
				"name": "bone305",
				"parent": "miniSkirtRight",
				"pivot": [-1.8, 7.2, 0],
				"rotation": [0, 196.36364, 0]
			},
			{
				"name": "bone321",
				"parent": "bone305",
				"pivot": [-1.8, 7.2, 4.81637],
				"rotation": [23, 0, 0]
			},
			{
				"name": "bone322",
				"parent": "bone321",
				"pivot": [-1.8, 7.2, 4.81637],
				"rotation": [0, 45, 0],
				"cubes": [
					{"origin": [-2.32763, 8.99205, 3.444], "size": [1.5, 3.3, 2], "uv": [58, 18], "mirror": true}
				]
			},
			{
				"name": "bone323",
				"parent": "miniSkirtRight",
				"pivot": [-1.8, 7.2, 0],
				"rotation": [0, 229.09091, 0]
			},
			{
				"name": "bone324",
				"parent": "bone323",
				"pivot": [-1.8, 7.2, 4.81637],
				"rotation": [23, 0, 0]
			},
			{
				"name": "bone325",
				"parent": "bone324",
				"pivot": [-1.8, 7.2, 4.81637],
				"rotation": [0, 45, 0],
				"cubes": [
					{"origin": [-2.32763, 8.99205, 3.444], "size": [1.5, 3.3, 2], "uv": [58, 18], "mirror": true}
				]
			},
			{
				"name": "bone326",
				"parent": "miniSkirtRight",
				"pivot": [-1.8, 7.2, 0],
				"rotation": [0, 261.81818, 0]
			},
			{
				"name": "bone327",
				"parent": "bone326",
				"pivot": [-1.8, 7.2, 4.81637],
				"rotation": [23, 0, 0]
			},
			{
				"name": "bone328",
				"parent": "bone327",
				"pivot": [-1.8, 7.2, 4.81637],
				"rotation": [0, 45, 0],
				"cubes": [
					{"origin": [-2.32763, 8.99205, 3.444], "size": [1.5, 3.3, 2], "uv": [58, 18], "mirror": true}
				]
			},
			{
				"name": "bone329",
				"parent": "miniSkirtRight",
				"pivot": [-1.8, 7.2, 0],
				"rotation": [0, 294.54545, 0]
			},
			{
				"name": "bone330",
				"parent": "bone329",
				"pivot": [-1.8, 7.2, 4.81637],
				"rotation": [23, 0, 0]
			},
			{
				"name": "bone331",
				"parent": "bone330",
				"pivot": [-1.8, 7.2, 4.81637],
				"rotation": [0, 45, 0],
				"cubes": [
					{"origin": [-2.32763, 8.99205, 3.444], "size": [1.5, 3.3, 2], "uv": [58, 18], "mirror": true}
				]
			},
			{
				"name": "bone332",
				"parent": "miniSkirtRight",
				"pivot": [-1.8, 7.2, 0],
				"rotation": [0, 327.27273, 0]
			},
			{
				"name": "bone333",
				"parent": "bone332",
				"pivot": [-1.8, 7.2, 4.81637],
				"rotation": [23, 0, 0]
			},
			{
				"name": "bone334",
				"parent": "bone333",
				"pivot": [-1.8, 7.2, 4.81637],
				"rotation": [0, 45, 0],
				"cubes": [
					{"origin": [-2.32763, 8.99205, 3.444], "size": [1.5, 3.3, 2], "uv": [58, 18], "mirror": true}
				]
			},
			{
				"name": "senketsuChest",
				"parent": "body",
				"pivot": [0, 19.4, -3],
				"rotation": [-12.5, 0, 0]
			},
			{
				"name": "chest",
				"parent": "senketsuChest",
				"pivot": [0, 18.82004, -1.56574],
				"rotation": [55, 0, 0],
				"cubes": [
					{"origin": [0.1, 16.34377, -2.99818], "size": [3.8, 5.1, 3], "uv": [4, 32]}
				]
			},
			{
				"name": "chest2",
				"parent": "senketsuChest",
				"pivot": [0, 18.82004, -1.56574],
				"rotation": [55, 0, 0],
				"cubes": [
					{"origin": [-3.9, 16.34377, -2.99818], "size": [3.8, 5.1, 3], "uv": [0, 32]}
				]
			},
			{
				"name": "suspensors2",
				"parent": "body",
				"pivot": [2.2, 15, -3.3],
				"rotation": [9.5, 0, 0],
				"cubes": [
					{"origin": [1.7, 11.79863, -3.3835], "size": [1, 7, 0.2], "uv": [14, 43], "mirror": true}
				]
			},
			{
				"name": "suspensors3",
				"parent": "body",
				"pivot": [0.7, 17, 2.3],
				"rotation": [-1, 0, 0],
				"cubes": [
					{"origin": [-0.6, 11.09781, 2.22079], "size": [1.1, 6, 0.2], "uv": [14, 43], "mirror": true}
				]
			},
			{
				"name": "suspensors4",
				"parent": "body",
				"pivot": [-2.2, 15, -3.3],
				"rotation": [9.5, 0, 0],
				"cubes": [
					{"origin": [-2.7, 11.79863, -3.3835], "size": [1, 7, 0.2], "uv": [14, 43], "mirror": true}
				]
			},
			{
				"name": "backJet",
				"parent": "body",
				"pivot": [0, 22.8, 0.5],
				"rotation": [-127.5, 0, 0]
			},
			{
				"name": "bone262",
				"parent": "backJet",
				"pivot": [0, 22.8, 0.5],
				"cubes": [
					{"origin": [-2, 24.33912, 1.79705], "size": [4, 3.5, 2], "uv": [40, 32]}
				]
			},
			{
				"name": "bone263",
				"parent": "backJet",
				"pivot": [0, 22.8, 0.5],
				"rotation": [0, -72, 0],
				"cubes": [
					{"origin": [-2.07545, 24.33912, 1.85187], "size": [4, 3.63, 2], "uv": [40, 32]}
				]
			},
			{
				"name": "bone264",
				"parent": "backJet",
				"pivot": [0, 22.8, 0.5],
				"rotation": [0, -144, 0],
				"cubes": [
					{"origin": [-2.04663, 24.33912, 1.94057], "size": [4, 3.55, 2], "uv": [40, 32]}
				]
			},
			{
				"name": "bone265",
				"parent": "backJet",
				"pivot": [0, 22.8, 0.5],
				"rotation": [0, -216, 0],
				"cubes": [
					{"origin": [-1.95337, 24.33912, 1.94057], "size": [4, 3.5, 2], "uv": [40, 32]}
				]
			},
			{
				"name": "bone266",
				"parent": "backJet",
				"pivot": [0, 22.8, 0.5],
				"rotation": [0, -288, 0],
				"cubes": [
					{"origin": [-1.92455, 24.33912, 1.85187], "size": [4, 3.55, 2], "uv": [40, 32]}
				]
			},
			{
				"name": "vents",
				"parent": "body",
				"pivot": [-0.1, 21.1, 3.1],
				"rotation": [-40, 0, 0]
			},
			{
				"name": "bone261",
				"parent": "vents",
				"pivot": [-0.1, 21.85, 3.2],
				"rotation": [-20, 0, 0],
				"cubes": [
					{"origin": [-1.4, 21.85, 2.6134], "size": [2.8, 0.1, 2.4], "uv": [6, 47]}
				]
			},
			{
				"name": "bone275",
				"parent": "vents",
				"pivot": [-0.1, 22.05, 3.2],
				"rotation": [-20, 0, 0],
				"cubes": [
					{"origin": [-1.1, 22.05, 2.6134], "size": [2.2, 0.1, 2.4], "uv": [6, 47]}
				]
			},
			{
				"name": "bone276",
				"parent": "vents",
				"pivot": [-0.1, 22.25, 3.2],
				"rotation": [-20, 0, 0],
				"cubes": [
					{"origin": [-0.9, 22.25, 2.6134], "size": [1.8, 0.1, 2.4], "uv": [6, 47]}
				]
			},
			{
				"name": "bone277",
				"parent": "vents",
				"pivot": [-0.1, 22.45, 3.2],
				"rotation": [-20, 0, 0],
				"cubes": [
					{"origin": [-0.7, 22.45, 2.6134], "size": [1.4, 0.1, 2.4], "uv": [6, 47]}
				]
			},
			{
				"name": "bone278",
				"parent": "vents",
				"pivot": [-0.1, 22.65, 3.2],
				"rotation": [-20, 0, 0],
				"cubes": [
					{"origin": [-0.5, 22.65, 2.6134], "size": [1, 0.1, 2.4], "uv": [6, 47]}
				]
			},
			{
				"name": "bone267",
				"parent": "vents",
				"pivot": [-0.1, 21.65, 3.2],
				"rotation": [-20, 0, 0],
				"cubes": [
					{"origin": [-1.4, 21.65, 2.6134], "size": [2.8, 0.1, 2.4], "uv": [6, 47]}
				]
			},
			{
				"name": "bone268",
				"parent": "vents",
				"pivot": [-0.1, 21.45, 3.2],
				"rotation": [-20, 0, 0],
				"cubes": [
					{"origin": [-1.4, 21.45, 2.6134], "size": [2.8, 0.1, 2.4], "uv": [6, 47]}
				]
			},
			{
				"name": "bone269",
				"parent": "vents",
				"pivot": [-0.1, 21.25, 3.2],
				"rotation": [-20, 0, 0],
				"cubes": [
					{"origin": [-1.4, 21.25, 2.6134], "size": [2.8, 0.1, 2.4], "uv": [6, 47]}
				]
			},
			{
				"name": "bone270",
				"parent": "vents",
				"pivot": [-0.1, 21.05, 3.2],
				"rotation": [-20, 0, 0],
				"cubes": [
					{"origin": [-1.4, 21.05, 2.6134], "size": [2.8, 0.1, 2.4], "uv": [6, 47]}
				]
			},
			{
				"name": "bone271",
				"parent": "vents",
				"pivot": [-0.1, 20.85, 3.2],
				"rotation": [-20, 0, 0],
				"cubes": [
					{"origin": [-1.3, 20.85, 2.6134], "size": [2.6, 0.1, 2.4], "uv": [6, 47]}
				]
			},
			{
				"name": "bone272",
				"parent": "vents",
				"pivot": [-0.1, 20.65, 3.2],
				"rotation": [-20, 0, 0],
				"cubes": [
					{"origin": [-1.3, 20.65, 2.6134], "size": [2.6, 0.1, 2.4], "uv": [6, 47]}
				]
			},
			{
				"name": "bone273",
				"parent": "vents",
				"pivot": [-0.1, 20.45, 3.2],
				"rotation": [-20, 0, 0],
				"cubes": [
					{"origin": [-1.2, 20.45, 2.6134], "size": [2.4, 0.1, 2.4], "uv": [6, 47]}
				]
			},
			{
				"name": "bone274",
				"parent": "vents",
				"pivot": [-0.1, 20.25, 3.2],
				"rotation": [-20, 0, 0],
				"cubes": [
					{"origin": [-1.1, 20.25, 2.6134], "size": [2.2, 0.1, 2.4], "uv": [6, 47]}
				]
			},
			{
				"name": "bone139",
				"parent": "body",
				"pivot": [0, 0, 0]
			},
			{
				"name": "shoulder10",
				"parent": "bone139",
				"pivot": [7.9, 24.7, 0],
				"rotation": [0, 0, 25]
			},
			{
				"name": "senketsuEyes",
				"parent": "shoulder10",
				"pivot": [7.5, 24.5, -2],
				"rotation": [0, 0, -15]
			},
			{
				"name": "bone166",
				"parent": "senketsuEyes",
				"pivot": [-3.86166, 23.10029, -3],
				"rotation": [0, 0, -57],
				"cubes": [
					{"origin": [1.68473, 14.61358, -2.9], "size": [5.3, 0.3, 2], "uv": [51, 35]}
				]
			},
			{
				"name": "bone167",
				"parent": "senketsuEyes",
				"pivot": [9.73834, 28.60029, -1.5],
				"rotation": [0.57336, -15.98999, -54.08053],
				"cubes": [
					{"origin": [8.29828, 28.35222, -2.4], "size": [7.9, 0.3, 1], "uv": [0, 47]}
				]
			},
			{
				"name": "bone178",
				"parent": "senketsuEyes",
				"pivot": [-1.26166, 23.50029, -3],
				"rotation": [0, 0, -85],
				"cubes": [
					{"origin": [-0.4901, 13.33834, -2.8], "size": [4.3, 0.4, 1.9], "uv": [1, 48]}
				]
			},
			{
				"name": "bone179",
				"parent": "senketsuEyes",
				"pivot": [-3.86166, 23.10029, -3],
				"rotation": [0, 0, -10],
				"cubes": [
					{"origin": [5.98642, 21.1638, -2.8], "size": [2.8, 0.4, 1.9], "uv": [3, 48]}
				]
			},
			{
				"name": "bone180",
				"parent": "senketsuEyes",
				"pivot": [-3.86166, 23.30029, -3],
				"rotation": [0, 0, -10],
				"cubes": [
					{"origin": [6.18642, 21.5638, -2.7], "size": [2.4, 0.3, 1.8], "uv": [5, 52]}
				]
			},
			{
				"name": "bone181",
				"parent": "senketsuEyes",
				"pivot": [-3.86166, 23.60029, -3],
				"rotation": [0, 0, -10],
				"cubes": [
					{"origin": [6.48642, 21.8638, -2.6], "size": [1.7, 0.2, 1.7], "uv": [4, 62]}
				]
			},
			{
				"name": "bone182",
				"parent": "senketsuEyes",
				"pivot": [-3.86166, 23.80029, -3],
				"rotation": [0, 0, -10],
				"cubes": [
					{"origin": [6.58642, 22.0638, -2.6], "size": [1.3, 0.2, 1.7], "uv": [3, 48]}
				]
			},
			{
				"name": "bone183",
				"parent": "senketsuEyes",
				"pivot": [-1.56166, 23.90029, -2.2],
				"rotation": [0, 0, 95.5],
				"cubes": [
					{"origin": [-5.68633, 33.59748, -2.7], "size": [3.2, 0.4, 1.8], "uv": [3, 52]}
				]
			},
			{
				"name": "bone184",
				"parent": "senketsuEyes",
				"pivot": [-1.96166, 23.90029, -2.2],
				"rotation": [0, 0, 95.5],
				"cubes": [
					{"origin": [-5.38633, 33.79748, -2.6], "size": [2.3, 0.2, 1.7], "uv": [3, 62]}
				]
			},
			{
				"name": "bone185",
				"parent": "senketsuEyes",
				"pivot": [-2.16166, 23.90029, -2.2],
				"rotation": [0, 0, 95.5],
				"cubes": [
					{"origin": [-5.58633, 33.79748, -2.6], "size": [2.2, 0.2, 1.7], "uv": [3, 48]}
				]
			},
			{
				"name": "bone186",
				"parent": "senketsuEyes",
				"pivot": [-2.66166, 23.90029, -2.2],
				"rotation": [0, 0, 121.5],
				"cubes": [
					{"origin": [-9.75285, 31.86992, -2.5], "size": [1.9, 0.8, 1.6], "uv": [4, 52]}
				]
			},
			{
				"name": "bone189",
				"parent": "shoulder10",
				"pivot": [6, 21.1, -2.5],
				"rotation": [0, 0, -21]
			},
			{
				"name": "bone190",
				"parent": "bone189",
				"pivot": [4.30774, 31.35175, -3],
				"rotation": [0, 0, -50],
				"cubes": [
					{"origin": [-2.53884, 23.35835, -3], "size": [2, 0.3, 5.5], "uv": [0, 58]}
				]
			},
			{
				"name": "bone346",
				"parent": "shoulder10",
				"pivot": [-4, 21.2, 0],
				"rotation": [0, 0, 20]
			},
			{
				"name": "bone347",
				"parent": "bone346",
				"pivot": [-4, 21.2, 0]
			},
			{
				"name": "bone348",
				"parent": "bone347",
				"pivot": [-4, 21.2, -2.9568],
				"rotation": [-9.87928, 0, 0]
			},
			{
				"name": "bone349",
				"parent": "bone348",
				"pivot": [-4, 20.69269, -2.9568],
				"rotation": [0, 0, -9.73561],
				"cubes": [
					{"origin": [5.33138, 21.92461, -4.04361], "size": [4, 10, 4], "uv": [48, 32], "inflate": -0.5},
					{"origin": [5.98439, 30.2716, -4.69662], "size": [4, 6, 4], "uv": [48, 32], "inflate": -1.15301},
					{"origin": [6.33623, 33.61375, -5.04846], "size": [4, 5, 4], "uv": [48, 32], "inflate": -1.50485},
					{"origin": [6.46557, 35.47471, -5.17779], "size": [4, 4, 4], "uv": [48, 32], "inflate": -1.63418},
					{"origin": [6.56112, 36.11079, -5.27335], "size": [4, 4, 4], "uv": [48, 32], "inflate": -1.72974},
					{"origin": [6.63171, 36.58073, -5.34394], "size": [4, 4, 4], "uv": [48, 32], "inflate": -1.80033}
				]
			},
			{
				"name": "bone350",
				"parent": "bone348",
				"pivot": [-4, 20.69269, -2.9568],
				"rotation": [0, 0, 9.73561],
				"cubes": [
					{"origin": [1.19181, 25.10269, -4.04361], "size": [4, 10, 4], "uv": [48, 32], "inflate": -0.5},
					{"origin": [0.5388, 33.44968, -4.69662], "size": [4, 6, 4], "uv": [48, 32], "inflate": -1.15301},
					{"origin": [0.18696, 36.79182, -5.04846], "size": [4, 5, 4], "uv": [48, 32], "inflate": -1.50485},
					{"origin": [0.05763, 38.65279, -5.17779], "size": [4, 4, 4], "uv": [48, 32], "inflate": -1.63418},
					{"origin": [-0.03793, 39.28887, -5.27335], "size": [4, 4, 4], "uv": [48, 32], "inflate": -1.72974},
					{"origin": [-0.10852, 39.7588, -5.34394], "size": [4, 4, 4], "uv": [48, 32], "inflate": -1.80033}
				]
			},
			{
				"name": "bone351",
				"parent": "bone346",
				"pivot": [-4, 21.2, 0],
				"rotation": [0, -90, 0]
			},
			{
				"name": "bone352",
				"parent": "bone351",
				"pivot": [-4, 21.2, -2.9568],
				"rotation": [-9.87928, 0, 0]
			},
			{
				"name": "bone353",
				"parent": "bone352",
				"pivot": [-4, 20.69269, -2.9568],
				"rotation": [0, 0, -9.73561],
				"cubes": [
					{"origin": [-4.20285, 21.92461, -13.30119], "size": [4, 10, 4], "uv": [48, 32], "inflate": -0.5},
					{"origin": [-3.54984, 30.2716, -13.9542], "size": [4, 6, 4], "uv": [48, 32], "inflate": -1.15301},
					{"origin": [-3.198, 33.61375, -14.30604], "size": [4, 5, 4], "uv": [48, 32], "inflate": -1.50485},
					{"origin": [-3.06867, 35.47471, -14.43538], "size": [4, 4, 4], "uv": [48, 32], "inflate": -1.63418},
					{"origin": [-2.97311, 36.11079, -14.53093], "size": [4, 4, 4], "uv": [48, 32], "inflate": -1.72974},
					{"origin": [-2.90252, 36.58073, -14.60152], "size": [4, 4, 4], "uv": [48, 32], "inflate": -1.80033}
				]
			},
			{
				"name": "bone354",
				"parent": "bone352",
				"pivot": [-4, 20.69269, -2.9568],
				"rotation": [0, 0, 9.73561],
				"cubes": [
					{"origin": [-7.79715, 21.92461, -13.30119], "size": [4, 10, 4], "uv": [48, 32], "inflate": -0.5},
					{"origin": [-8.45016, 30.2716, -13.9542], "size": [4, 6, 4], "uv": [48, 32], "inflate": -1.15301},
					{"origin": [-8.802, 33.61375, -14.30604], "size": [4, 5, 4], "uv": [48, 32], "inflate": -1.50485},
					{"origin": [-8.93133, 35.47471, -14.43538], "size": [4, 4, 4], "uv": [48, 32], "inflate": -1.63418},
					{"origin": [-9.02689, 36.11079, -14.53093], "size": [4, 4, 4], "uv": [48, 32], "inflate": -1.72974},
					{"origin": [-9.09748, 36.58073, -14.60152], "size": [4, 4, 4], "uv": [48, 32], "inflate": -1.80033}
				]
			},
			{
				"name": "bone355",
				"parent": "bone346",
				"pivot": [-4, 21.2, 0],
				"rotation": [0, -180, 0]
			},
			{
				"name": "bone356",
				"parent": "bone355",
				"pivot": [-4, 21.2, -2.9568],
				"rotation": [-9.87928, 0, 0]
			},
			{
				"name": "bone357",
				"parent": "bone356",
				"pivot": [-4, 20.69269, -2.9568],
				"rotation": [0, 0, -9.73561],
				"cubes": [
					{"origin": [-13.19181, 25.10269, -4.04361], "size": [4, 10, 4], "uv": [48, 32], "inflate": -0.5},
					{"origin": [-12.5388, 33.44968, -4.69662], "size": [4, 6, 4], "uv": [48, 32], "inflate": -1.15301},
					{"origin": [-12.18696, 36.79182, -5.04846], "size": [4, 5, 4], "uv": [48, 32], "inflate": -1.50485},
					{"origin": [-12.05763, 38.65279, -5.17779], "size": [4, 4, 4], "uv": [48, 32], "inflate": -1.63418},
					{"origin": [-11.96207, 39.28887, -5.27335], "size": [4, 4, 4], "uv": [48, 32], "inflate": -1.72974},
					{"origin": [-11.89148, 39.7588, -5.34394], "size": [4, 4, 4], "uv": [48, 32], "inflate": -1.80033}
				]
			},
			{
				"name": "bone358",
				"parent": "bone356",
				"pivot": [-4, 20.69269, -2.9568],
				"rotation": [0, 0, 9.73561],
				"cubes": [
					{"origin": [-17.33138, 21.92461, -4.04361], "size": [4, 10, 4], "uv": [48, 32], "inflate": -0.5},
					{"origin": [-17.98439, 30.2716, -4.69662], "size": [4, 6, 4], "uv": [48, 32], "inflate": -1.15301},
					{"origin": [-18.33623, 33.61375, -5.04846], "size": [4, 5, 4], "uv": [48, 32], "inflate": -1.50485},
					{"origin": [-18.46557, 35.47471, -5.17779], "size": [4, 4, 4], "uv": [48, 32], "inflate": -1.63418},
					{"origin": [-18.56112, 36.11079, -5.27335], "size": [4, 4, 4], "uv": [48, 32], "inflate": -1.72974},
					{"origin": [-18.63171, 36.58073, -5.34394], "size": [4, 4, 4], "uv": [48, 32], "inflate": -1.80033}
				]
			},
			{
				"name": "bone359",
				"parent": "bone346",
				"pivot": [-4, 21.2, 0],
				"rotation": [0, -270, 0]
			},
			{
				"name": "bone360",
				"parent": "bone359",
				"pivot": [-4, 21.2, -2.9568],
				"rotation": [-9.87928, 0, 0]
			},
			{
				"name": "bone361",
				"parent": "bone360",
				"pivot": [-4, 20.69269, -2.9568],
				"rotation": [0, 0, -9.73561],
				"cubes": [
					{"origin": [-3.65758, 25.10269, 5.21397], "size": [4, 10, 4], "uv": [48, 32], "inflate": -0.5},
					{"origin": [-3.00457, 33.44968, 4.56096], "size": [4, 6, 4], "uv": [48, 32], "inflate": -1.15301},
					{"origin": [-2.65273, 36.79182, 4.20912], "size": [4, 5, 4], "uv": [48, 32], "inflate": -1.50485},
					{"origin": [-2.52339, 38.65279, 4.07979], "size": [4, 4, 4], "uv": [48, 32], "inflate": -1.63418},
					{"origin": [-2.42784, 39.28887, 3.98424], "size": [4, 4, 4], "uv": [48, 32], "inflate": -1.72974},
					{"origin": [-2.35725, 39.7588, 3.91364], "size": [4, 4, 4], "uv": [48, 32], "inflate": -1.80033}
				]
			},
			{
				"name": "bone362",
				"parent": "bone360",
				"pivot": [-4, 20.69269, -2.9568],
				"rotation": [0, 0, 9.73561],
				"cubes": [
					{"origin": [-8.34242, 25.10269, 5.21397], "size": [4, 10, 4], "uv": [48, 32], "inflate": -0.5},
					{"origin": [-8.99543, 33.44968, 4.56096], "size": [4, 6, 4], "uv": [48, 32], "inflate": -1.15301},
					{"origin": [-9.34727, 36.79182, 4.20912], "size": [4, 5, 4], "uv": [48, 32], "inflate": -1.50485},
					{"origin": [-9.47661, 38.65279, 4.07979], "size": [4, 4, 4], "uv": [48, 32], "inflate": -1.63418},
					{"origin": [-9.57216, 39.28887, 3.98424], "size": [4, 4, 4], "uv": [48, 32], "inflate": -1.72974},
					{"origin": [-9.64275, 39.7588, 3.91364], "size": [4, 4, 4], "uv": [48, 32], "inflate": -1.80033}
				]
			},
			{
				"name": "bone2",
				"parent": "shoulder10",
				"pivot": [11.7, 32.5, 0],
				"rotation": [0, 0, -35],
				"cubes": [
					{"origin": [10.7, 32.5, -0.8], "size": [0.9, 1, 1.6], "uv": [1, 46]}
				]
			},
			{
				"name": "bone3",
				"parent": "shoulder10",
				"pivot": [11.3, 30.5, 0],
				"rotation": [0, 0, -35],
				"cubes": [
					{"origin": [10.3, 30.5, -1.1], "size": [1, 1, 2.2], "uv": [1, 46]}
				]
			},
			{
				"name": "bone4",
				"parent": "shoulder10",
				"pivot": [11, 28.5, 0],
				"rotation": [0, 0, -35],
				"cubes": [
					{"origin": [10, 28.5, -1.5], "size": [1, 1, 3], "uv": [1, 46]}
				]
			},
			{
				"name": "bone7",
				"parent": "shoulder10",
				"pivot": [9.2, 30.8, 1.3],
				"rotation": [13.03649, 3.24545, 0.74456]
			},
			{
				"name": "bone5",
				"parent": "bone7",
				"pivot": [10.60364, 32.92279, 1],
				"rotation": [0, 0, -48],
				"cubes": [
					{"origin": [8.00364, 32.42279, 0.9], "size": [2.8, 0.2, 0.5], "uv": [1, 46]}
				]
			},
			{
				"name": "bone6",
				"parent": "bone7",
				"pivot": [9.20364, 30.52279, 1],
				"rotation": [0, 0, -94],
				"cubes": [
					{"origin": [9.38909, 30.41394, 0.9], "size": [1.8, 0.2, 0.5], "uv": [1, 46]}
				]
			},
			{
				"name": "bone8",
				"parent": "shoulder10",
				"pivot": [8.8, 28.8, 1.6],
				"rotation": [13.06506, 2.69739, 1.65082]
			},
			{
				"name": "bone9",
				"parent": "bone8",
				"pivot": [10.20364, 30.92279, 1.3],
				"rotation": [0, 0, -45],
				"cubes": [
					{"origin": [7.50364, 30.42279, 1.2], "size": [3.1, 0.2, 0.5], "uv": [1, 46]}
				]
			},
			{
				"name": "bone10",
				"parent": "bone8",
				"pivot": [8.80364, 28.52279, 1.3],
				"rotation": [0, 0, -105],
				"cubes": [
					{"origin": [8.98909, 28.51394, 1.2], "size": [2.3, 0.2, 0.5], "uv": [1, 46]}
				]
			},
			{
				"name": "bone11",
				"parent": "shoulder10",
				"pivot": [8.1, 26.8, 2],
				"rotation": [13.27062, 1.32937, 7.49653]
			},
			{
				"name": "bone12",
				"parent": "bone11",
				"pivot": [9.50364, 28.92279, 1.7],
				"rotation": [0, 0, -46],
				"cubes": [
					{"origin": [6.90364, 28.42279, 1.6], "size": [3.1, 0.2, 0.5], "uv": [1, 46]}
				]
			},
			{
				"name": "bone13",
				"parent": "bone11",
				"pivot": [8.10364, 26.52279, 1.7],
				"rotation": [0, 0, -117],
				"cubes": [
					{"origin": [8.28909, 26.41394, 1.6], "size": [2.7, 0.2, 0.5], "uv": [1, 46]}
				]
			},
			{
				"name": "bone14",
				"parent": "shoulder10",
				"pivot": [7.3, 24.2, 2.6],
				"rotation": [13.3329, -0.28309, 14.3088]
			},
			{
				"name": "bone15",
				"parent": "bone14",
				"pivot": [8.70364, 26.32279, 2.3],
				"rotation": [0, 0, -48],
				"cubes": [
					{"origin": [5.90364, 25.82279, 2.2], "size": [3.5, 0.2, 0.5], "uv": [1, 46]}
				]
			},
			{
				"name": "bone16",
				"parent": "bone14",
				"pivot": [7.30364, 23.92279, 2.3],
				"rotation": [0, 0, -131],
				"cubes": [
					{"origin": [7.48909, 23.81394, 2.2], "size": [3.1, 0.2, 0.5], "uv": [1, 46]}
				]
			},
			{
				"name": "bone17",
				"parent": "body",
				"pivot": [0, 0, 0]
			},
			{
				"name": "shoulder2",
				"parent": "bone17",
				"pivot": [-7.9, 24.7, 0],
				"rotation": [0, 0, -25]
			},
			{
				"name": "senketsuEyes2",
				"parent": "shoulder2",
				"pivot": [-7.5, 24.5, -2],
				"rotation": [0, 0, 15]
			},
			{
				"name": "bone18",
				"parent": "senketsuEyes2",
				"pivot": [3.76166, 23.10029, -3],
				"rotation": [0, 1, 57],
				"cubes": [
					{"origin": [-7.08473, 14.61358, -2.9], "size": [5.3, 0.3, 2], "uv": [1, 47], "mirror": true}
				]
			},
			{
				"name": "bone203",
				"parent": "senketsuEyes2",
				"pivot": [4.16166, 23.10029, -3],
				"rotation": [0, 1, 57],
				"cubes": [
					{"origin": [-4.38473, 13.91358, -2.9], "size": [0.9, 1.1, 2], "uv": [1, 47], "mirror": true}
				]
			},
			{
				"name": "bone206",
				"parent": "senketsuEyes2",
				"pivot": [4.96166, 23.80029, -3],
				"rotation": [0, 1, 57],
				"cubes": [
					{"origin": [-3.58473, 14.61358, -2.9], "size": [0.8, 0.3, 2], "uv": [1, 47], "mirror": true}
				]
			},
			{
				"name": "bone207",
				"parent": "senketsuEyes2",
				"pivot": [5.06166, 24.20029, -3],
				"rotation": [0, 1, 57],
				"cubes": [
					{"origin": [-3.38473, 15.01358, -2.9], "size": [0.8, 0.3, 2], "uv": [1, 47], "mirror": true}
				]
			},
			{
				"name": "bone208",
				"parent": "senketsuEyes2",
				"pivot": [5.26166, 24.60029, -3],
				"rotation": [0, 1, 57],
				"cubes": [
					{"origin": [-2.98473, 15.31358, -2.9], "size": [0.6, 0.4, 2], "uv": [1, 47], "mirror": true}
				]
			},
			{
				"name": "bone204",
				"parent": "senketsuEyes2",
				"pivot": [3.46166, 22.40029, -3],
				"rotation": [0, 1, 57],
				"cubes": [
					{"origin": [-5.08473, 13.71358, -2.9], "size": [0.9, 0.6, 2], "uv": [1, 47], "mirror": true}
				]
			},
			{
				"name": "bone205",
				"parent": "senketsuEyes2",
				"pivot": [3.06166, 21.90029, -3],
				"rotation": [0, 1, 57],
				"cubes": [
					{"origin": [-5.38473, 13.11358, -2.9], "size": [0.6, 0.8, 2], "uv": [1, 47], "mirror": true}
				]
			},
			{
				"name": "bone199",
				"parent": "senketsuEyes2",
				"pivot": [-7.53834, 25.20029, -4],
				"rotation": [0, 0, -32],
				"cubes": [
					{"origin": [-9.93077, 24.37622, -2.9], "size": [2.6, 0.3, 1], "uv": [1, 47], "mirror": true}
				]
			},
			{
				"name": "bone201",
				"parent": "senketsuEyes2",
				"pivot": [-7.03834, 25.00029, -4],
				"rotation": [0, 0, -70],
				"cubes": [
					{"origin": [-7.379, 24.74995, -2.9], "size": [2.4, 0.3, 1], "uv": [1, 47], "mirror": true}
				]
			},
			{
				"name": "bone200",
				"parent": "senketsuEyes2",
				"pivot": [-9.03834, 25.30029, -4],
				"rotation": [0, 0, -62],
				"cubes": [
					{"origin": [-10.80636, 24.27586, -2.9], "size": [2.7, 0.4, 1], "uv": [1, 47], "mirror": true}
				]
			},
			{
				"name": "bone202",
				"parent": "senketsuEyes2",
				"pivot": [-7.93834, 25.50029, -3.9],
				"rotation": [-1.21985, -0.74088, -38.01341],
				"cubes": [
					{"origin": [-7.84046, 25.4148, -2.9], "size": [2.2, 0.4, 1.1], "uv": [1, 47], "mirror": true}
				]
			},
			{
				"name": "bone19",
				"parent": "senketsuEyes2",
				"pivot": [-9.73834, 28.60029, -1.5],
				"rotation": [0.57336, 15.98999, 54.08053],
				"cubes": [
					{"origin": [-16.19828, 28.35222, -2.4], "size": [7.9, 0.3, 1], "uv": [0, 47], "mirror": true}
				]
			},
			{
				"name": "bone20",
				"parent": "senketsuEyes2",
				"pivot": [1.26166, 23.50029, -3],
				"rotation": [0, 0, 85]
			},
			{
				"name": "bone21",
				"parent": "senketsuEyes2",
				"pivot": [3.86166, 23.10029, -3],
				"rotation": [0, 0, 10]
			},
			{
				"name": "bone22",
				"parent": "senketsuEyes2",
				"pivot": [3.86166, 23.30029, -3],
				"rotation": [0, 0, 10]
			},
			{
				"name": "bone23",
				"parent": "senketsuEyes2",
				"pivot": [3.86166, 23.60029, -3],
				"rotation": [0, 0, 10]
			},
			{
				"name": "bone24",
				"parent": "senketsuEyes2",
				"pivot": [3.86166, 23.80029, -3],
				"rotation": [0, 0, 10]
			},
			{
				"name": "bone25",
				"parent": "senketsuEyes2",
				"pivot": [1.56166, 23.90029, -2.2],
				"rotation": [0, 0, -95.5]
			},
			{
				"name": "bone26",
				"parent": "senketsuEyes2",
				"pivot": [1.96166, 23.90029, -2.2],
				"rotation": [0, 0, -95.5]
			},
			{
				"name": "bone27",
				"parent": "senketsuEyes2",
				"pivot": [2.16166, 23.90029, -2.2],
				"rotation": [0, 0, -95.5]
			},
			{
				"name": "bone28",
				"parent": "senketsuEyes2",
				"pivot": [2.66166, 23.90029, -2.2],
				"rotation": [0, 0, -121.5]
			},
			{
				"name": "bone29",
				"parent": "shoulder2",
				"pivot": [-6, 21.1, -2.5],
				"rotation": [0, 0, 21]
			},
			{
				"name": "bone30",
				"parent": "bone29",
				"pivot": [-5.90774, 21.15175, -3],
				"rotation": [0, 6, 50],
				"cubes": [
					{"origin": [-7.84635, 20.94045, -3], "size": [2, 0.3, 5.5], "uv": [0, 58], "mirror": true}
				]
			},
			{
				"name": "bone31",
				"parent": "shoulder2",
				"pivot": [4, 21.2, 0],
				"rotation": [0, 0, -20]
			},
			{
				"name": "bone32",
				"parent": "bone31",
				"pivot": [4, 21.2, 0]
			},
			{
				"name": "bone33",
				"parent": "bone32",
				"pivot": [4, 21.2, -2.9568],
				"rotation": [-9.87928, 0, 0]
			},
			{
				"name": "bone34",
				"parent": "bone33",
				"pivot": [4, 20.69269, -2.9568],
				"rotation": [0, 0, 9.73561],
				"cubes": [
					{"origin": [-9.33138, 21.92461, -4.04361], "size": [4, 10, 4], "uv": [48, 32], "inflate": -0.5, "mirror": true},
					{"origin": [-9.98439, 30.2716, -4.69662], "size": [4, 6, 4], "uv": [48, 32], "inflate": -1.15301, "mirror": true},
					{"origin": [-10.33623, 33.61375, -5.04846], "size": [4, 5, 4], "uv": [48, 32], "inflate": -1.50485, "mirror": true},
					{"origin": [-10.46557, 35.47471, -5.17779], "size": [4, 4, 4], "uv": [48, 32], "inflate": -1.63418, "mirror": true},
					{"origin": [-10.56112, 36.11079, -5.27335], "size": [4, 4, 4], "uv": [48, 32], "inflate": -1.72974, "mirror": true},
					{"origin": [-10.63171, 36.58073, -5.34394], "size": [4, 4, 4], "uv": [48, 32], "inflate": -1.80033, "mirror": true}
				]
			},
			{
				"name": "bone35",
				"parent": "bone33",
				"pivot": [4, 20.69269, -2.9568],
				"rotation": [0, 0, -9.73561],
				"cubes": [
					{"origin": [-5.19181, 25.10269, -4.04361], "size": [4, 10, 4], "uv": [48, 32], "inflate": -0.5, "mirror": true},
					{"origin": [-4.5388, 33.44968, -4.69662], "size": [4, 6, 4], "uv": [48, 32], "inflate": -1.15301, "mirror": true},
					{"origin": [-4.18696, 36.79182, -5.04846], "size": [4, 5, 4], "uv": [48, 32], "inflate": -1.50485, "mirror": true},
					{"origin": [-4.05763, 38.65279, -5.17779], "size": [4, 4, 4], "uv": [48, 32], "inflate": -1.63418, "mirror": true},
					{"origin": [-3.96207, 39.28887, -5.27335], "size": [4, 4, 4], "uv": [48, 32], "inflate": -1.72974, "mirror": true},
					{"origin": [-3.89148, 39.7588, -5.34394], "size": [4, 4, 4], "uv": [48, 32], "inflate": -1.80033, "mirror": true}
				]
			},
			{
				"name": "bone36",
				"parent": "bone31",
				"pivot": [4, 21.2, 0],
				"rotation": [0, 90, 0]
			},
			{
				"name": "bone37",
				"parent": "bone36",
				"pivot": [4, 21.2, -2.9568],
				"rotation": [-9.87928, 0, 0]
			},
			{
				"name": "bone44",
				"parent": "bone37",
				"pivot": [4, 20.69269, -2.9568],
				"rotation": [0, 0, 9.73561],
				"cubes": [
					{"origin": [0.20285, 21.92461, -13.30119], "size": [4, 10, 4], "uv": [48, 32], "inflate": -0.5, "mirror": true},
					{"origin": [-0.45016, 30.2716, -13.9542], "size": [4, 6, 4], "uv": [48, 32], "inflate": -1.15301, "mirror": true},
					{"origin": [-0.802, 33.61375, -14.30604], "size": [4, 5, 4], "uv": [48, 32], "inflate": -1.50485, "mirror": true},
					{"origin": [-0.93133, 35.47471, -14.43538], "size": [4, 4, 4], "uv": [48, 32], "inflate": -1.63418, "mirror": true},
					{"origin": [-1.02689, 36.11079, -14.53093], "size": [4, 4, 4], "uv": [48, 32], "inflate": -1.72974, "mirror": true},
					{"origin": [-1.09748, 36.58073, -14.60152], "size": [4, 4, 4], "uv": [48, 32], "inflate": -1.80033, "mirror": true}
				]
			},
			{
				"name": "bone152",
				"parent": "bone37",
				"pivot": [4, 20.69269, -2.9568],
				"rotation": [0, 0, -9.73561],
				"cubes": [
					{"origin": [3.79715, 21.92461, -13.30119], "size": [4, 10, 4], "uv": [48, 32], "inflate": -0.5, "mirror": true},
					{"origin": [4.45016, 30.2716, -13.9542], "size": [4, 6, 4], "uv": [48, 32], "inflate": -1.15301, "mirror": true},
					{"origin": [4.802, 33.61375, -14.30604], "size": [4, 5, 4], "uv": [48, 32], "inflate": -1.50485, "mirror": true},
					{"origin": [4.93133, 35.47471, -14.43538], "size": [4, 4, 4], "uv": [48, 32], "inflate": -1.63418, "mirror": true},
					{"origin": [5.02689, 36.11079, -14.53093], "size": [4, 4, 4], "uv": [48, 32], "inflate": -1.72974, "mirror": true},
					{"origin": [5.09748, 36.58073, -14.60152], "size": [4, 4, 4], "uv": [48, 32], "inflate": -1.80033, "mirror": true}
				]
			},
			{
				"name": "bone153",
				"parent": "bone31",
				"pivot": [4, 21.2, 0],
				"rotation": [0, 180, 0]
			},
			{
				"name": "bone154",
				"parent": "bone153",
				"pivot": [4, 21.2, -2.9568],
				"rotation": [-9.87928, 0, 0]
			},
			{
				"name": "bone155",
				"parent": "bone154",
				"pivot": [4, 20.69269, -2.9568],
				"rotation": [0, 0, 9.73561],
				"cubes": [
					{"origin": [9.19181, 25.10269, -4.04361], "size": [4, 10, 4], "uv": [48, 32], "inflate": -0.5, "mirror": true},
					{"origin": [8.5388, 33.44968, -4.69662], "size": [4, 6, 4], "uv": [48, 32], "inflate": -1.15301, "mirror": true},
					{"origin": [8.18696, 36.79182, -5.04846], "size": [4, 5, 4], "uv": [48, 32], "inflate": -1.50485, "mirror": true},
					{"origin": [8.05763, 38.65279, -5.17779], "size": [4, 4, 4], "uv": [48, 32], "inflate": -1.63418, "mirror": true},
					{"origin": [7.96207, 39.28887, -5.27335], "size": [4, 4, 4], "uv": [48, 32], "inflate": -1.72974, "mirror": true},
					{"origin": [7.89148, 39.7588, -5.34394], "size": [4, 4, 4], "uv": [48, 32], "inflate": -1.80033, "mirror": true}
				]
			},
			{
				"name": "bone156",
				"parent": "bone154",
				"pivot": [4, 20.69269, -2.9568],
				"rotation": [0, 0, -9.73561],
				"cubes": [
					{"origin": [13.33138, 21.92461, -4.04361], "size": [4, 10, 4], "uv": [48, 32], "inflate": -0.5, "mirror": true},
					{"origin": [13.98439, 30.2716, -4.69662], "size": [4, 6, 4], "uv": [48, 32], "inflate": -1.15301, "mirror": true},
					{"origin": [14.33623, 33.61375, -5.04846], "size": [4, 5, 4], "uv": [48, 32], "inflate": -1.50485, "mirror": true},
					{"origin": [14.46557, 35.47471, -5.17779], "size": [4, 4, 4], "uv": [48, 32], "inflate": -1.63418, "mirror": true},
					{"origin": [14.56112, 36.11079, -5.27335], "size": [4, 4, 4], "uv": [48, 32], "inflate": -1.72974, "mirror": true},
					{"origin": [14.63171, 36.58073, -5.34394], "size": [4, 4, 4], "uv": [48, 32], "inflate": -1.80033, "mirror": true}
				]
			},
			{
				"name": "bone157",
				"parent": "bone31",
				"pivot": [4, 21.2, 0],
				"rotation": [0, 270, 0]
			},
			{
				"name": "bone158",
				"parent": "bone157",
				"pivot": [4, 21.2, -2.9568],
				"rotation": [-9.87928, 0, 0]
			},
			{
				"name": "bone159",
				"parent": "bone158",
				"pivot": [4, 20.69269, -2.9568],
				"rotation": [0, 0, 9.73561],
				"cubes": [
					{"origin": [-0.34242, 25.10269, 5.21397], "size": [4, 10, 4], "uv": [48, 32], "inflate": -0.5, "mirror": true},
					{"origin": [-0.99543, 33.44968, 4.56096], "size": [4, 6, 4], "uv": [48, 32], "inflate": -1.15301, "mirror": true},
					{"origin": [-1.34727, 36.79182, 4.20912], "size": [4, 5, 4], "uv": [48, 32], "inflate": -1.50485, "mirror": true},
					{"origin": [-1.47661, 38.65279, 4.07979], "size": [4, 4, 4], "uv": [48, 32], "inflate": -1.63418, "mirror": true},
					{"origin": [-1.57216, 39.28887, 3.98424], "size": [4, 4, 4], "uv": [48, 32], "inflate": -1.72974, "mirror": true},
					{"origin": [-1.64275, 39.7588, 3.91364], "size": [4, 4, 4], "uv": [48, 32], "inflate": -1.80033, "mirror": true}
				]
			},
			{
				"name": "bone160",
				"parent": "bone158",
				"pivot": [4, 20.69269, -2.9568],
				"rotation": [0, 0, -9.73561],
				"cubes": [
					{"origin": [4.34242, 25.10269, 5.21397], "size": [4, 10, 4], "uv": [48, 32], "inflate": -0.5, "mirror": true},
					{"origin": [4.99543, 33.44968, 4.56096], "size": [4, 6, 4], "uv": [48, 32], "inflate": -1.15301, "mirror": true},
					{"origin": [5.34727, 36.79182, 4.20912], "size": [4, 5, 4], "uv": [48, 32], "inflate": -1.50485, "mirror": true},
					{"origin": [5.47661, 38.65279, 4.07979], "size": [4, 4, 4], "uv": [48, 32], "inflate": -1.63418, "mirror": true},
					{"origin": [5.57216, 39.28887, 3.98424], "size": [4, 4, 4], "uv": [48, 32], "inflate": -1.72974, "mirror": true},
					{"origin": [5.64275, 39.7588, 3.91364], "size": [4, 4, 4], "uv": [48, 32], "inflate": -1.80033, "mirror": true}
				]
			},
			{
				"name": "bone161",
				"parent": "shoulder2",
				"pivot": [-11.7, 32.5, 0],
				"rotation": [0, 0, 35],
				"cubes": [
					{"origin": [-11.6, 32.5, -0.8], "size": [0.9, 1, 1.6], "uv": [1, 46], "mirror": true}
				]
			},
			{
				"name": "bone162",
				"parent": "shoulder2",
				"pivot": [-11.3, 30.5, 0],
				"rotation": [0, 0, 35],
				"cubes": [
					{"origin": [-11.3, 30.5, -1.1], "size": [1, 1, 2.2], "uv": [1, 46], "mirror": true}
				]
			},
			{
				"name": "bone163",
				"parent": "shoulder2",
				"pivot": [-11, 28.5, 0],
				"rotation": [0, 0, 35],
				"cubes": [
					{"origin": [-11, 28.5, -1.5], "size": [1, 1, 3], "uv": [1, 46], "mirror": true}
				]
			},
			{
				"name": "bone164",
				"parent": "shoulder2",
				"pivot": [-9.2, 30.8, 1.3],
				"rotation": [13.03649, -3.24545, -0.74456]
			},
			{
				"name": "bone165",
				"parent": "bone164",
				"pivot": [-10.60364, 32.92279, 1],
				"rotation": [0, 0, 48],
				"cubes": [
					{"origin": [-10.80364, 32.42279, 0.9], "size": [2.8, 0.2, 0.5], "uv": [1, 46], "mirror": true}
				]
			},
			{
				"name": "bone187",
				"parent": "bone164",
				"pivot": [-9.20364, 30.52279, 1],
				"rotation": [0, 0, 94],
				"cubes": [
					{"origin": [-11.18909, 30.41394, 0.9], "size": [1.8, 0.2, 0.5], "uv": [1, 46], "mirror": true}
				]
			},
			{
				"name": "bone188",
				"parent": "shoulder2",
				"pivot": [-8.8, 28.8, 1.6],
				"rotation": [13.06506, -2.69739, -1.65082]
			},
			{
				"name": "bone191",
				"parent": "bone188",
				"pivot": [-10.20364, 30.92279, 1.3],
				"rotation": [0, 0, 45],
				"cubes": [
					{"origin": [-10.60364, 30.42279, 1.2], "size": [3.1, 0.2, 0.5], "uv": [1, 46], "mirror": true}
				]
			},
			{
				"name": "bone192",
				"parent": "bone188",
				"pivot": [-8.80364, 28.52279, 1.3],
				"rotation": [0, 0, 105],
				"cubes": [
					{"origin": [-11.28909, 28.51394, 1.2], "size": [2.3, 0.2, 0.5], "uv": [1, 46], "mirror": true}
				]
			},
			{
				"name": "bone193",
				"parent": "shoulder2",
				"pivot": [-8.1, 26.8, 2],
				"rotation": [13.27062, -1.32937, -7.49653]
			},
			{
				"name": "bone194",
				"parent": "bone193",
				"pivot": [-9.50364, 28.92279, 1.7],
				"rotation": [0, 0, 46],
				"cubes": [
					{"origin": [-10.00364, 28.42279, 1.6], "size": [3.1, 0.2, 0.5], "uv": [1, 46], "mirror": true}
				]
			},
			{
				"name": "bone195",
				"parent": "bone193",
				"pivot": [-8.10364, 26.52279, 1.7],
				"rotation": [0, 0, 117],
				"cubes": [
					{"origin": [-10.98909, 26.41394, 1.6], "size": [2.7, 0.2, 0.5], "uv": [1, 46], "mirror": true}
				]
			},
			{
				"name": "bone196",
				"parent": "shoulder2",
				"pivot": [-7.3, 24.2, 2.6],
				"rotation": [13.3329, 0.28309, -14.3088]
			},
			{
				"name": "bone197",
				"parent": "bone196",
				"pivot": [-8.70364, 26.32279, 2.3],
				"rotation": [0, 0, 48],
				"cubes": [
					{"origin": [-9.40364, 25.82279, 2.2], "size": [3.5, 0.2, 0.5], "uv": [1, 46], "mirror": true}
				]
			},
			{
				"name": "bone198",
				"parent": "bone196",
				"pivot": [-7.30364, 23.92279, 2.3],
				"rotation": [0, 0, 131],
				"cubes": [
					{"origin": [-10.58909, 23.81394, 2.2], "size": [3.1, 0.2, 0.5], "uv": [1, 46], "mirror": true}
				]
			},
			{
				"name": "legRight",
				"pivot": [-2.15, 11, 0],
				"cubes": [
					{"origin": [-3.58891, 0.09867, -1.87784], "size": [3, 12, 4], "uv": [1, 16]},
					{"origin": [-3.58891, 0.09867, -1.87784], "size": [3, 10, 4], "uv": [1, 18], "inflate": 0.25}
				]
			},
			{
				"name": "legLeft",
				"pivot": [2.15, 11, 0],
				"cubes": [
					{"origin": [0.58891, 0.09973, -2], "size": [3, 12, 4], "uv": [17, 48]},
					{"origin": [0.58891, 0.09973, -2], "size": [3, 10, 4], "uv": [16, 50], "inflate": 0.25}
				]
			},
			{
				"name": "backpackPositioningBone",
				"pivot": [0, 21.5, 0]
			}
		]
	}
}