{
	"format_version": "1.10.0",
	"geometry.model": {
		"texturewidth": 64,
		"textureheight": 64,
		"visible_bounds_width": 4,
		"visible_bounds_height": 3.5,
		"visible_bounds_offset": [0, 1.25, 0],
		"bones": [
			{
				"name": "head",
				"pivot": [0, 22.75, 0],
				"cubes": [
					{"origin": [-4, 22.85, -4], "size": [8, 8, 8], "uv": [0, 0]},
					{"origin": [-4, 22.85, -3.75], "size": [8, 8, 8], "uv": [32, 0], "inflate": 0.5}
				]
			},
			{
				"name": "blink",
				"parent": "head",
				"pivot": [-0.05, 24.7, -4.1],
				"cubes": [
					{"origin": [-3, 23.75, -4.1], "size": [6, 3.1, 0], "uv": [46, 39]}
				]
			},
			{
				"name": "bone3",
				"parent": "head",
				"pivot": [3.8, 25.7, -4.3]
			},
			{
				"name": "hair32",
				"parent": "bone3",
				"pivot": [3.1, 24, -4.4],
				"cubes": [
					{"origin": [3.5, 21.5, -4.4], "size": [1, 4.2, 0.2], "uv": [29, 9], "mirror": true}
				]
			},
			{
				"name": "hair33",
				"parent": "bone3",
				"pivot": [3.8, 21.15, -4.3],
				"cubes": [
					{"origin": [3.5, 20.5, -4.4], "size": [1, 1.3, 0.2], "uv": [29, 13], "mirror": true}
				]
			},
			{
				"name": "hair34",
				"parent": "bone3",
				"pivot": [3.8, 20.45, -4.3],
				"cubes": [
					{"origin": [3.5, 19.8, -4.4], "size": [1, 1.3, 0.2], "uv": [28, 12], "mirror": true}
				]
			},
			{
				"name": "hair35",
				"parent": "bone3",
				"pivot": [3.9, 19.85, -4.3],
				"cubes": [
					{"origin": [3.6, 19.2, -4.4], "size": [0.8, 1.3, 0.2], "uv": [29, 12], "mirror": true}
				]
			},
			{
				"name": "bone2",
				"parent": "head",
				"pivot": [-3.8, 25.7, -4.3]
			},
			{
				"name": "hair2",
				"parent": "bone2",
				"pivot": [-3.1, 24, -4.4],
				"cubes": [
					{"origin": [-4.5, 21.5, -4.4], "size": [1, 4.2, 0.2], "uv": [29, 9]}
				]
			},
			{
				"name": "hair3",
				"parent": "bone2",
				"pivot": [-3.8, 21.15, -4.3],
				"cubes": [
					{"origin": [-4.5, 20.5, -4.4], "size": [1, 1.3, 0.2], "uv": [29, 13]}
				]
			},
			{
				"name": "hair4",
				"parent": "bone2",
				"pivot": [-3.8, 20.45, -4.3],
				"cubes": [
					{"origin": [-4.5, 19.8, -4.4], "size": [1, 1.3, 0.2], "uv": [28, 12]}
				]
			},
			{
				"name": "hair5",
				"parent": "bone2",
				"pivot": [-3.9, 19.85, -4.3],
				"cubes": [
					{"origin": [-4.4, 19.2, -4.4], "size": [0.8, 1.3, 0.2], "uv": [29, 12]}
				]
			},
			{
				"name": "bone293",
				"parent": "head",
				"pivot": [0, 0, 0]
			},
			{
				"name": "backhair2",
				"parent": "bone293",
				"pivot": [-1, 21, 3.9]
			},
			{
				"name": "hair11",
				"parent": "backhair2",
				"pivot": [-1, 21, 4],
				"rotation": [7.5, 0, 0],
				"cubes": [
					{"origin": [-2, 17.3, 4], "size": [1, 5.6, 0.2], "uv": [28, 9]}
				]
			},
			{
				"name": "hair12",
				"parent": "backhair2",
				"pivot": [-1, 18.3, 4.5],
				"rotation": [-1.5, 0, 0],
				"cubes": [
					{"origin": [-2, 15.6, 4.5], "size": [1, 1.8, 0.2], "uv": [28, 9]}
				]
			},
			{
				"name": "hair13",
				"parent": "backhair2",
				"pivot": [-1, 16.8, 4.1],
				"rotation": [15.5, 0, 0],
				"cubes": [
					{"origin": [-2, 14.1, 4.1], "size": [1, 1.5, 0.2], "uv": [28, 9]}
				]
			},
			{
				"name": "backhair",
				"parent": "bone293",
				"pivot": [0, 21, 3.9]
			},
			{
				"name": "hair1",
				"parent": "backhair",
				"pivot": [0, 21, 4],
				"rotation": [7.5, 0, 0],
				"cubes": [
					{"origin": [-1, 17.3, 4], "size": [1, 5.6, 0.2], "uv": [29, 9]}
				]
			},
			{
				"name": "hair9",
				"parent": "backhair",
				"pivot": [0, 18.3, 4.5],
				"rotation": [-1.5, 0, 0],
				"cubes": [
					{"origin": [-1, 15.6, 4.5], "size": [1, 1.8, 0.2], "uv": [29, 9]}
				]
			},
			{
				"name": "hair10",
				"parent": "backhair",
				"pivot": [0, 16.8, 4.1],
				"rotation": [15.5, 0, 0],
				"cubes": [
					{"origin": [-1, 14.1, 4.1], "size": [1, 1.5, 0.2], "uv": [29, 9]}
				]
			},
			{
				"name": "backhair3",
				"parent": "bone293",
				"pivot": [-2, 21, 3.9]
			},
			{
				"name": "hair14",
				"parent": "backhair3",
				"pivot": [-2, 21, 4],
				"rotation": [7.5, 0, 0],
				"cubes": [
					{"origin": [-3, 17.8, 4], "size": [1, 5.1, 0.2], "uv": [24, 10]}
				]
			},
			{
				"name": "hair15",
				"parent": "backhair3",
				"pivot": [-2, 16, 4.5],
				"rotation": [0.5, 0, 0],
				"cubes": [
					{"origin": [-3, 16.09921, 4.43979], "size": [1, 1.8, 0.2], "uv": [24, 10]}
				]
			},
			{
				"name": "hair16",
				"parent": "backhair3",
				"pivot": [-2.5, 14.8, 4.9],
				"rotation": [16.5, 0, 0],
				"cubes": [
					{"origin": [-3, 14.71793, 4.83381], "size": [1, 1.5, 0.2], "uv": [24, 10]}
				]
			},
			{
				"name": "backhair4",
				"parent": "bone293",
				"pivot": [-3, 21, 3.9]
			},
			{
				"name": "hair17",
				"parent": "backhair4",
				"pivot": [-3, 21, 4],
				"rotation": [7.5, 0, 0],
				"cubes": [
					{"origin": [-4, 18.2, 4], "size": [1, 4.7, 0.2], "uv": [21, 10]}
				]
			},
			{
				"name": "hair18",
				"parent": "backhair4",
				"pivot": [-3, 16.3, 4.5],
				"rotation": [0.5, 0, 0],
				"cubes": [
					{"origin": [-4, 16.49992, 4.38255], "size": [1, 1.8, 0.2], "uv": [21, 10]}
				]
			},
			{
				"name": "hair19",
				"parent": "backhair4",
				"pivot": [-3, 16.8, 4.1],
				"rotation": [15.5, 0, 0],
				"cubes": [
					{"origin": [-4, 15, 4.3], "size": [1, 1.5, 0.2], "uv": [21, 10]}
				]
			},
			{
				"name": "bone294",
				"parent": "head",
				"pivot": [0, 0, 0]
			},
			{
				"name": "backhair5",
				"parent": "bone294",
				"pivot": [1, 21, 3.9]
			},
			{
				"name": "hair20",
				"parent": "backhair5",
				"pivot": [1, 21, 4],
				"rotation": [7.5, 0, 0],
				"cubes": [
					{"origin": [1, 17.3, 4], "size": [1, 5.6, 0.2], "uv": [28, 9], "mirror": true}
				]
			},
			{
				"name": "hair21",
				"parent": "backhair5",
				"pivot": [1, 18.3, 4.5],
				"rotation": [-1.5, 0, 0],
				"cubes": [
					{"origin": [1, 15.6, 4.5], "size": [1, 1.8, 0.2], "uv": [28, 9], "mirror": true}
				]
			},
			{
				"name": "hair22",
				"parent": "backhair5",
				"pivot": [1, 16.8, 4.1],
				"rotation": [15.5, 0, 0],
				"cubes": [
					{"origin": [1, 14.1, 4.1], "size": [1, 1.5, 0.2], "uv": [28, 9], "mirror": true}
				]
			},
			{
				"name": "backhair6",
				"parent": "bone294",
				"pivot": [0, 21, 3.9]
			},
			{
				"name": "hair23",
				"parent": "backhair6",
				"pivot": [0, 21, 4],
				"rotation": [7.5, 0, 0],
				"cubes": [
					{"origin": [0, 17.3, 4], "size": [1, 5.6, 0.2], "uv": [29, 9], "mirror": true}
				]
			},
			{
				"name": "hair24",
				"parent": "backhair6",
				"pivot": [0, 18.3, 4.5],
				"rotation": [-1.5, 0, 0],
				"cubes": [
					{"origin": [0, 15.6, 4.5], "size": [1, 1.8, 0.2], "uv": [29, 9], "mirror": true}
				]
			},
			{
				"name": "hair25",
				"parent": "backhair6",
				"pivot": [0, 16.8, 4.1],
				"rotation": [15.5, 0, 0],
				"cubes": [
					{"origin": [0, 14.1, 4.1], "size": [1, 1.5, 0.2], "uv": [29, 9], "mirror": true}
				]
			},
			{
				"name": "backhair7",
				"parent": "bone294",
				"pivot": [2, 21, 3.9]
			},
			{
				"name": "hair26",
				"parent": "backhair7",
				"pivot": [2, 21, 4],
				"rotation": [7.5, 0, 0],
				"cubes": [
					{"origin": [2, 17.8, 4], "size": [1, 5.1, 0.2], "uv": [24, 10], "mirror": true}
				]
			},
			{
				"name": "hair27",
				"parent": "backhair7",
				"pivot": [2, 16, 4.5],
				"rotation": [0.5, 0, 0],
				"cubes": [
					{"origin": [2, 16.09921, 4.43979], "size": [1, 1.8, 0.2], "uv": [24, 10], "mirror": true}
				]
			},
			{
				"name": "hair28",
				"parent": "backhair7",
				"pivot": [2.5, 14.8, 4.9],
				"rotation": [16.5, 0, 0],
				"cubes": [
					{"origin": [2, 14.71793, 4.83381], "size": [1, 1.5, 0.2], "uv": [24, 10], "mirror": true}
				]
			},
			{
				"name": "backhair8",
				"parent": "bone294",
				"pivot": [3, 21, 3.9]
			},
			{
				"name": "hair29",
				"parent": "backhair8",
				"pivot": [3, 21, 4],
				"rotation": [7.5, 0, 0],
				"cubes": [
					{"origin": [3, 18.2, 4], "size": [1, 4.7, 0.2], "uv": [21, 10], "mirror": true}
				]
			},
			{
				"name": "hair30",
				"parent": "backhair8",
				"pivot": [3, 16.3, 4.5],
				"rotation": [0.5, 0, 0],
				"cubes": [
					{"origin": [3, 16.49992, 4.38255], "size": [1, 1.8, 0.2], "uv": [21, 10], "mirror": true}
				]
			},
			{
				"name": "hair31",
				"parent": "backhair8",
				"pivot": [3, 16.8, 4.1],
				"rotation": [15.5, 0, 0],
				"cubes": [
					{"origin": [3, 15, 4.3], "size": [1, 1.5, 0.2], "uv": [21, 10], "mirror": true}
				]
			},
			{
				"name": "armRight",
				"pivot": [-5.4, 22, 0],
				"rotation": [0, 0, 2.5],
				"cubes": [
					{"origin": [-7.65, 11.6, -2], "size": [3, 11, 4], "uv": [40, 16]},
					{"origin": [-7.65, 11.6, -2], "size": [3, 11, 4], "uv": [48, 48], "inflate": 0.25, "mirror": true}
				]
			},
			{
				"name": "armRightPositioningBone",
				"parent": "armRight",
				"pivot": [-6.15, 12.5, 0]
			},
			{
				"name": "armLeft",
				"pivot": [5.65, 22, 0],
				"rotation": [0, 0, -2.5],
				"cubes": [
					{"origin": [4.65, 11.5999, -2.02182], "size": [3, 11, 4], "uv": [32, 48]},
					{"origin": [4.65, 11.5999, -2.02182], "size": [3, 11, 4], "uv": [48, 48], "inflate": 0.25}
				]
			},
			{
				"name": "armLeftPositioningBone",
				"parent": "armLeft",
				"pivot": [6.15, 12.5, 0]
			},
			{
				"name": "body",
				"pivot": [0, 22.25, 0],
				"cubes": [
					{"origin": [-4, 10.35, -2], "size": [8, 12, 4], "uv": [16, 16]},
					{"origin": [-4, 10.35, -2], "size": [8, 12, 4], "uv": [16, 16], "inflate": 0.24}
				]
			},
			{
				"name": "sittingRotationSkirt",
				"parent": "body",
				"pivot": [0, 10.5, 0],
				"cubes": [
					{"origin": [-4, 10.35, -2], "size": [8, 0, 4], "uv": [33, 32]},
					{"origin": [-4, 10.35, -2], "size": [8, 1, 4], "uv": [9, 31], "inflate": 0.275}
				]
			},
			{
				"name": "miniskirt",
				"parent": "sittingRotationSkirt",
				"pivot": [0, 8, 0]
			},
			{
				"name": "bone139",
				"parent": "miniskirt",
				"pivot": [0, 8, 0]
			},
			{
				"name": "bone152",
				"parent": "bone139",
				"pivot": [0, 8, 4.81637],
				"rotation": [23, 0, 0]
			},
			{
				"name": "bone153",
				"parent": "bone152",
				"pivot": [0, 8, 4.81637],
				"rotation": [0, -45, 0],
				"cubes": [
					{"origin": [-0.97237, 8.09205, 3.844], "size": [2, 5, 2], "uv": [20, 28]}
				]
			},
			{
				"name": "bone154",
				"parent": "miniskirt",
				"pivot": [0, 8, 0],
				"rotation": [0, -32.72727, 0]
			},
			{
				"name": "bone155",
				"parent": "bone154",
				"pivot": [0, 8, 4.81637],
				"rotation": [23, 0, 0]
			},
			{
				"name": "bone156",
				"parent": "bone155",
				"pivot": [0, 8, 4.81637],
				"rotation": [0, -45, 0],
				"cubes": [
					{"origin": [-0.97237, 8.09205, 3.844], "size": [2, 5, 2], "uv": [20, 28]}
				]
			},
			{
				"name": "bone157",
				"parent": "miniskirt",
				"pivot": [0, 8, 0],
				"rotation": [0, -65.45455, 0]
			},
			{
				"name": "bone158",
				"parent": "bone157",
				"pivot": [0, 8, 4.81637],
				"rotation": [23, 0, 0]
			},
			{
				"name": "bone159",
				"parent": "bone158",
				"pivot": [0, 8, 4.81637],
				"rotation": [0, -45, 0],
				"cubes": [
					{"origin": [-0.97237, 8.09205, 3.844], "size": [2, 5, 2], "uv": [20, 28]}
				]
			},
			{
				"name": "bone160",
				"parent": "miniskirt",
				"pivot": [0, 8, 0],
				"rotation": [0, -98.18182, 0]
			},
			{
				"name": "bone161",
				"parent": "bone160",
				"pivot": [0, 8, 4.81637],
				"rotation": [23, 0, 0]
			},
			{
				"name": "bone162",
				"parent": "bone161",
				"pivot": [0, 8, 4.81637],
				"rotation": [0, -45, 0],
				"cubes": [
					{"origin": [-0.97237, 8.09205, 3.844], "size": [2, 5, 2], "uv": [20, 28]}
				]
			},
			{
				"name": "bone163",
				"parent": "miniskirt",
				"pivot": [0, 8, 0],
				"rotation": [0, -130.90909, 0]
			},
			{
				"name": "bone164",
				"parent": "bone163",
				"pivot": [0, 8, 4.81637],
				"rotation": [23, 0, 0]
			},
			{
				"name": "bone165",
				"parent": "bone164",
				"pivot": [0, 8, 4.81637],
				"rotation": [0, -45, 0],
				"cubes": [
					{"origin": [-0.97237, 8.09205, 3.844], "size": [2, 5, 2], "uv": [20, 28]}
				]
			},
			{
				"name": "bone166",
				"parent": "miniskirt",
				"pivot": [0, 8, 0],
				"rotation": [0, -163.63636, 0]
			},
			{
				"name": "bone167",
				"parent": "bone166",
				"pivot": [0, 8, 4.81637],
				"rotation": [23, 0, 0]
			},
			{
				"name": "bone178",
				"parent": "bone167",
				"pivot": [0, 8, 4.81637],
				"rotation": [0, -45, 0],
				"cubes": [
					{"origin": [-0.97237, 8.09205, 3.844], "size": [2, 5, 2], "uv": [20, 28]}
				]
			},
			{
				"name": "bone179",
				"parent": "miniskirt",
				"pivot": [0, 8, 0],
				"rotation": [0, -196.36364, 0]
			},
			{
				"name": "bone180",
				"parent": "bone179",
				"pivot": [0, 8, 4.81637],
				"rotation": [23, 0, 0]
			},
			{
				"name": "bone181",
				"parent": "bone180",
				"pivot": [0, 8, 4.81637],
				"rotation": [0, -45, 0],
				"cubes": [
					{"origin": [-0.97237, 8.09205, 3.844], "size": [2, 5, 2], "uv": [20, 28]}
				]
			},
			{
				"name": "bone182",
				"parent": "miniskirt",
				"pivot": [0, 8, 0],
				"rotation": [0, -229.09091, 0]
			},
			{
				"name": "bone183",
				"parent": "bone182",
				"pivot": [0, 8, 4.81637],
				"rotation": [23, 0, 0]
			},
			{
				"name": "bone184",
				"parent": "bone183",
				"pivot": [0, 8, 4.81637],
				"rotation": [0, -45, 0],
				"cubes": [
					{"origin": [-0.97237, 8.09205, 3.844], "size": [2, 5, 2], "uv": [20, 28]}
				]
			},
			{
				"name": "bone185",
				"parent": "miniskirt",
				"pivot": [0, 8, 0],
				"rotation": [0, -261.81818, 0]
			},
			{
				"name": "bone186",
				"parent": "bone185",
				"pivot": [0, 8, 4.81637],
				"rotation": [23, 0, 0]
			},
			{
				"name": "bone187",
				"parent": "bone186",
				"pivot": [0, 8, 4.81637],
				"rotation": [0, -45, 0],
				"cubes": [
					{"origin": [-0.97237, 8.09205, 3.844], "size": [2, 5, 2], "uv": [20, 28]}
				]
			},
			{
				"name": "bone188",
				"parent": "miniskirt",
				"pivot": [0, 8, 0],
				"rotation": [0, -294.54545, 0]
			},
			{
				"name": "bone189",
				"parent": "bone188",
				"pivot": [0, 8, 4.81637],
				"rotation": [23, 0, 0]
			},
			{
				"name": "bone190",
				"parent": "bone189",
				"pivot": [0, 8, 4.81637],
				"rotation": [0, -45, 0],
				"cubes": [
					{"origin": [-0.97237, 8.09205, 3.844], "size": [2, 5, 2], "uv": [20, 28]}
				]
			},
			{
				"name": "bone191",
				"parent": "miniskirt",
				"pivot": [0, 8, 0],
				"rotation": [0, -327.27273, 0]
			},
			{
				"name": "bone192",
				"parent": "bone191",
				"pivot": [0, 8, 4.81637],
				"rotation": [23, 0, 0]
			},
			{
				"name": "bone193",
				"parent": "bone192",
				"pivot": [0, 8, 4.81637],
				"rotation": [0, -45, 0],
				"cubes": [
					{"origin": [-0.97237, 8.09205, 3.844], "size": [2, 5, 2], "uv": [20, 28]}
				]
			},
			{
				"name": "chestWithJunketsu",
				"parent": "body",
				"pivot": [0, 0, 0]
			},
			{
				"name": "senketsuChest2",
				"parent": "chestWithJunketsu",
				"pivot": [0, 19.4, -3],
				"rotation": [-12.5, 0, 0]
			},
			{
				"name": "chest2",
				"parent": "senketsuChest2",
				"pivot": [0, 19.12004, -1.56574],
				"rotation": [42.5, 0, 0],
				"cubes": [
					{"origin": [-4.1, 16.57004, -3.06574], "size": [8.2, 5.1, 3], "uv": [17, 19]}
				]
			},
			{
				"name": "senketsuLeashes",
				"parent": "senketsuChest2",
				"pivot": [0, 18.5, -3],
				"rotation": [11, 0, 0]
			},
			{
				"name": "ribbon",
				"parent": "senketsuLeashes",
				"pivot": [0, 0.4, 0],
				"cubes": [
					{"origin": [-0.5, 17.9, -3.4], "size": [1, 1, 1], "uv": [59, 47]}
				]
			},
			{
				"name": "leash2",
				"parent": "senketsuLeashes",
				"pivot": [0, 0.4, 0]
			},
			{
				"name": "ribbon2",
				"parent": "leash2",
				"pivot": [0.9, 15.2, -3],
				"rotation": [0, 0, -22.5]
			},
			{
				"name": "ribbon5",
				"parent": "ribbon2",
				"pivot": [1, 15.65, -2.9],
				"cubes": [
					{"origin": [0.7, 15.4, -3.2], "size": [0.5, 1.2, 0.4], "uv": [60, 45], "mirror": true}
				]
			},
			{
				"name": "ribbon6",
				"parent": "ribbon2",
				"pivot": [1, 17.35, -2.9],
				"rotation": [0, 0, 20],
				"cubes": [
					{"origin": [1, 16.6, -3.2], "size": [0.5, 1.5, 0.4], "uv": [60, 45], "mirror": true}
				]
			},
			{
				"name": "ribbon10",
				"parent": "leash2",
				"pivot": [0.8, 15.65, -2.9],
				"cubes": [
					{"origin": [0.7, 15.1, -3.2], "size": [0.4, 1.5, 0.4], "uv": [60, 45], "mirror": true}
				]
			},
			{
				"name": "ribbon11",
				"parent": "leash2",
				"pivot": [0.8, 17.15, -2.9],
				"rotation": [0, 0, -20],
				"cubes": [
					{"origin": [0.5, 16.6, -3.2], "size": [0.4, 1.5, 0.4], "uv": [60, 45], "mirror": true}
				]
			},
			{
				"name": "leash1",
				"parent": "senketsuLeashes",
				"pivot": [0, 0.4, 0]
			},
			{
				"name": "ribbon7",
				"parent": "leash1",
				"pivot": [-0.9, 15.2, -3],
				"rotation": [0, 0, 22.5]
			},
			{
				"name": "ribbon8",
				"parent": "ribbon7",
				"pivot": [-1, 15.65, -2.9],
				"cubes": [
					{"origin": [-1.2, 15.4, -3.2], "size": [0.5, 1.2, 0.4], "uv": [60, 45]}
				]
			},
			{
				"name": "ribbon9",
				"parent": "ribbon7",
				"pivot": [-1, 17.35, -2.9],
				"rotation": [0, 0, -20],
				"cubes": [
					{"origin": [-1.5, 16.6, -3.2], "size": [0.5, 1.5, 0.4], "uv": [60, 45]}
				]
			},
			{
				"name": "ribbon4",
				"parent": "leash1",
				"pivot": [-0.8, 15.65, -2.9],
				"cubes": [
					{"origin": [-1.1, 15.1, -3.2], "size": [0.4, 1.5, 0.4], "uv": [60, 45]}
				]
			},
			{
				"name": "ribbon3",
				"parent": "leash1",
				"pivot": [-0.8, 17.15, -2.9],
				"rotation": [0, 0, 20],
				"cubes": [
					{"origin": [-0.9, 16.6, -3.2], "size": [0.4, 1.5, 0.4], "uv": [60, 45]}
				]
			},
			{
				"name": "senketsuEyes2",
				"parent": "senketsuChest2",
				"pivot": [0, 0.4, 0]
			},
			{
				"name": "snketsuRightEye2",
				"parent": "senketsuEyes2",
				"pivot": [-2.8, 18.8, -3.3],
				"rotation": [43.19209, 5.6988, -6.27289]
			},
			{
				"name": "senketsu19",
				"parent": "snketsuRightEye2",
				"pivot": [-2.12793, 19.24575, -3.25],
				"rotation": [0, 0, 35],
				"cubes": [
					{"origin": [-3.02793, 18.44575, -3.34], "size": [1.1, 0.6, 0.2], "uv": [2, 52], "mirror": true}
				]
			},
			{
				"name": "senketsu20",
				"parent": "snketsuRightEye2",
				"pivot": [-2.35713, 18.72623, -3.25],
				"rotation": [0, 0, -6],
				"cubes": [
					{"origin": [-3.25713, 18.52623, -3.37], "size": [1.7, 0.4, 0.25], "uv": [5, 56], "mirror": true}
				]
			},
			{
				"name": "senketsu21",
				"parent": "snketsuRightEye2",
				"pivot": [-3.52793, 17.74575, -3.25],
				"rotation": [0, 0, -76],
				"cubes": [
					{"origin": [-3.04906, 17.51924, -3.37], "size": [1.6, 0.4, 0.25], "uv": [5, 55], "mirror": true}
				]
			},
			{
				"name": "senketsu22",
				"parent": "snketsuRightEye2",
				"pivot": [-2.40685, 18.32101, -3.25],
				"rotation": [0, 0, -6],
				"cubes": [
					{"origin": [-3.75685, 18.12101, -3.39], "size": [2.6, 0.4, 0.28], "uv": [3, 58], "mirror": true}
				]
			},
			{
				"name": "senketsu23",
				"parent": "snketsuRightEye2",
				"pivot": [-3.60492, 18.9317, -3.25],
				"rotation": [0, 0, -76],
				"cubes": [
					{"origin": [-4.75492, 18.7317, -3.39], "size": [2.2, 0.4, 0.28], "uv": [3, 58], "mirror": true}
				]
			},
			{
				"name": "senketsu24",
				"parent": "snketsuRightEye2",
				"pivot": [-4.32793, 17.74575, -3.25],
				"rotation": [0, 0, -76],
				"cubes": [
					{"origin": [-4.54906, 17.51924, -3.4], "size": [3, 0.4, 0.3], "uv": [4, 62], "mirror": true}
				]
			},
			{
				"name": "senketsu25",
				"parent": "snketsuRightEye2",
				"pivot": [-0.42793, 18.14575, -3.25],
				"rotation": [0, 0, -6],
				"cubes": [
					{"origin": [-4.4695, 17.92909, -3.4], "size": [4, 0.4, 0.3], "uv": [3, 62], "mirror": true}
				]
			},
			{
				"name": "senketsu26",
				"parent": "snketsuRightEye2",
				"pivot": [-2.12793, 19.24575, -3.25],
				"rotation": [0, 0, 35],
				"cubes": [
					{"origin": [-4.22793, 19.04575, -3.4], "size": [4.1, 0.4, 0.3], "uv": [0, 63], "mirror": true}
				]
			},
			{
				"name": "senketsu29",
				"parent": "snketsuRightEye2",
				"pivot": [-3.12793, 18.54575, -3.25],
				"rotation": [0, 0, -40]
			},
			{
				"name": "snketsuLeftEye2",
				"parent": "senketsuEyes2",
				"pivot": [2.8, 18.8, -3.3],
				"rotation": [43.19209, -5.6988, 6.27289]
			},
			{
				"name": "senketsu31",
				"parent": "snketsuLeftEye2",
				"pivot": [2.12793, 19.24575, -3.25],
				"rotation": [0, 0, -35],
				"cubes": [
					{"origin": [1.92793, 18.44575, -3.34], "size": [1.1, 0.6, 0.2], "uv": [3, 52]}
				]
			},
			{
				"name": "senketsu32",
				"parent": "snketsuLeftEye2",
				"pivot": [2.35713, 18.72623, -3.25],
				"rotation": [0, 0, 6],
				"cubes": [
					{"origin": [1.55713, 18.52623, -3.37], "size": [1.7, 0.4, 0.25], "uv": [2, 55]}
				]
			},
			{
				"name": "senketsu33",
				"parent": "snketsuLeftEye2",
				"pivot": [3.52793, 17.74575, -3.25],
				"rotation": [0, 0, 76],
				"cubes": [
					{"origin": [1.44906, 17.51924, -3.37], "size": [1.6, 0.4, 0.25], "uv": [2, 55]}
				]
			},
			{
				"name": "senketsu34",
				"parent": "snketsuLeftEye2",
				"pivot": [0.42793, 18.54575, -3.25],
				"rotation": [0, 0, 6],
				"cubes": [
					{"origin": [1.1695, 18.32909, -3.39], "size": [2.6, 0.4, 0.28], "uv": [2, 58]}
				]
			},
			{
				"name": "senketsu35",
				"parent": "snketsuLeftEye2",
				"pivot": [3.92793, 17.74575, -3.25],
				"rotation": [0, 0, 76],
				"cubes": [
					{"origin": [1.64906, 17.51924, -3.39], "size": [2.2, 0.4, 0.28], "uv": [3, 58]}
				]
			},
			{
				"name": "senketsu36",
				"parent": "snketsuLeftEye2",
				"pivot": [4.32793, 17.74575, -3.25],
				"rotation": [0, 0, 76],
				"cubes": [
					{"origin": [1.54906, 17.51924, -3.4], "size": [3, 0.4, 0.3], "uv": [3, 61]}
				]
			},
			{
				"name": "senketsu37",
				"parent": "snketsuLeftEye2",
				"pivot": [0.42793, 18.14575, -3.25],
				"rotation": [0, 0, 6],
				"cubes": [
					{"origin": [0.4695, 17.92909, -3.4], "size": [4, 0.4, 0.3], "uv": [2, 61]}
				]
			},
			{
				"name": "senketsu38",
				"parent": "snketsuLeftEye2",
				"pivot": [2.12793, 19.24575, -3.25],
				"rotation": [0, 0, -35],
				"cubes": [
					{"origin": [0.12793, 19.04575, -3.4], "size": [4.1, 0.4, 0.3], "uv": [2, 61]}
				]
			},
			{
				"name": "legRight",
				"pivot": [-2.15, 11, -0.1],
				"cubes": [
					{"origin": [-3.58891, 0.09867, -1.97784], "size": [3, 12, 4], "uv": [1, 16]},
					{"origin": [-3.58891, 0.09867, -1.97784], "size": [3, 10, 4], "uv": [1, 18], "inflate": 0.25}
				]
			},
			{
				"name": "legLeft",
				"pivot": [2.15, 11, 0.1],
				"cubes": [
					{"origin": [0.58891, 0.09973, -1.9], "size": [3, 12, 3.9], "uv": [17, 48]},
					{"origin": [0.58891, 0.09973, -1.9], "size": [3, 10, 3.9], "uv": [17, 51], "inflate": 0.25}
				]
			},
			{
				"name": "backpackPositioningBone",
				"pivot": [0, 21.5, 0]
			}
		]
	}
}