{
	"format_version": "1.10.0",
	"geometry.model": {
		"texturewidth": 64,
		"textureheight": 64,
		"visible_bounds_width": 4,
		"visible_bounds_height": 3.5,
		"visible_bounds_offset": [0, 1.25, 0],
		"bones": [
			{
				"name": "head",
				"pivot": [0, 22.75, 0],
				"cubes": [
					{"origin": [-4, 22.85, -4], "size": [8, 8, 8], "uv": [0, 0]},
					{"origin": [-4, 22.85, -3.75], "size": [8, 8, 8], "uv": [32, 0], "inflate": 0.5}
				]
			},
			{
				"name": "blink",
				"parent": "head",
				"pivot": [-0.05, 24.7, -4.1],
				"cubes": [
					{"origin": [-3, 23.75, -4.1], "size": [6, 3.1, 0], "uv": [45, 45]}
				]
			},
			{
				"name": "bone294",
				"parent": "head",
				"pivot": [0, 0, 0]
			},
			{
				"name": "backhair5",
				"parent": "bone294",
				"pivot": [1, 21, 3.9]
			},
			{
				"name": "hair20",
				"parent": "backhair5",
				"pivot": [1, 21, 4],
				"rotation": [7.5, 0, 0],
				"cubes": [
					{"origin": [1, 17.3, 4], "size": [1, 5.6, 0.2], "uv": [28, 9], "mirror": true}
				]
			},
			{
				"name": "hair21",
				"parent": "backhair5",
				"pivot": [1, 18.3, 4.5],
				"rotation": [-1.5, 0, 0],
				"cubes": [
					{"origin": [1, 15.6, 4.5], "size": [1, 1.8, 0.2], "uv": [28, 9], "mirror": true}
				]
			},
			{
				"name": "hair22",
				"parent": "backhair5",
				"pivot": [1, 16.8, 4.1],
				"rotation": [15.5, 0, 0],
				"cubes": [
					{"origin": [1, 14.1, 4.1], "size": [1, 1.5, 0.2], "uv": [28, 9], "mirror": true}
				]
			},
			{
				"name": "backhair6",
				"parent": "bone294",
				"pivot": [0, 21, 3.9]
			},
			{
				"name": "hair23",
				"parent": "backhair6",
				"pivot": [0, 21, 4],
				"rotation": [7.5, 0, 0],
				"cubes": [
					{"origin": [0, 17.3, 4], "size": [1, 5.6, 0.2], "uv": [29, 9], "mirror": true}
				]
			},
			{
				"name": "hair24",
				"parent": "backhair6",
				"pivot": [0, 18.3, 4.5],
				"rotation": [-1.5, 0, 0],
				"cubes": [
					{"origin": [0, 15.6, 4.5], "size": [1, 1.8, 0.2], "uv": [29, 9], "mirror": true}
				]
			},
			{
				"name": "hair25",
				"parent": "backhair6",
				"pivot": [0, 16.8, 4.1],
				"rotation": [15.5, 0, 0],
				"cubes": [
					{"origin": [0, 14.1, 4.1], "size": [1, 1.5, 0.2], "uv": [29, 9], "mirror": true}
				]
			},
			{
				"name": "backhair7",
				"parent": "bone294",
				"pivot": [2, 21, 3.9]
			},
			{
				"name": "hair26",
				"parent": "backhair7",
				"pivot": [2, 21, 4],
				"rotation": [7.5, 0, 0],
				"cubes": [
					{"origin": [2, 17.8, 4], "size": [1, 5.1, 0.2], "uv": [24, 10], "mirror": true}
				]
			},
			{
				"name": "hair27",
				"parent": "backhair7",
				"pivot": [2, 16, 4.5],
				"rotation": [0.5, 0, 0],
				"cubes": [
					{"origin": [2, 16.09921, 4.43979], "size": [1, 1.8, 0.2], "uv": [24, 10], "mirror": true}
				]
			},
			{
				"name": "hair28",
				"parent": "backhair7",
				"pivot": [2.5, 14.8, 4.9],
				"rotation": [16.5, 0, 0],
				"cubes": [
					{"origin": [2, 14.71793, 4.83381], "size": [1, 1.5, 0.2], "uv": [24, 10], "mirror": true}
				]
			},
			{
				"name": "backhair8",
				"parent": "bone294",
				"pivot": [3, 21, 3.9]
			},
			{
				"name": "hair29",
				"parent": "backhair8",
				"pivot": [3, 21, 4],
				"rotation": [7.5, 0, 0],
				"cubes": [
					{"origin": [3, 18.2, 4], "size": [1, 4.7, 0.2], "uv": [21, 10], "mirror": true}
				]
			},
			{
				"name": "hair30",
				"parent": "backhair8",
				"pivot": [3, 16.3, 4.5],
				"rotation": [0.5, 0, 0],
				"cubes": [
					{"origin": [3, 16.49992, 4.38255], "size": [1, 1.8, 0.2], "uv": [21, 10], "mirror": true}
				]
			},
			{
				"name": "hair31",
				"parent": "backhair8",
				"pivot": [3, 16.8, 4.1],
				"rotation": [15.5, 0, 0],
				"cubes": [
					{"origin": [3, 15, 4.3], "size": [1, 1.5, 0.2], "uv": [21, 10], "mirror": true}
				]
			},
			{
				"name": "bone293",
				"parent": "head",
				"pivot": [0, 0, 0]
			},
			{
				"name": "backhair2",
				"parent": "bone293",
				"pivot": [-1, 21, 3.9]
			},
			{
				"name": "hair11",
				"parent": "backhair2",
				"pivot": [-1, 21, 4],
				"rotation": [7.5, 0, 0],
				"cubes": [
					{"origin": [-2, 17.3, 4], "size": [1, 5.6, 0.2], "uv": [28, 9]}
				]
			},
			{
				"name": "hair12",
				"parent": "backhair2",
				"pivot": [-1, 18.3, 4.5],
				"rotation": [-1.5, 0, 0],
				"cubes": [
					{"origin": [-2, 15.6, 4.5], "size": [1, 1.8, 0.2], "uv": [28, 9]}
				]
			},
			{
				"name": "hair13",
				"parent": "backhair2",
				"pivot": [-1, 16.8, 4.1],
				"rotation": [15.5, 0, 0],
				"cubes": [
					{"origin": [-2, 14.1, 4.1], "size": [1, 1.5, 0.2], "uv": [28, 9]}
				]
			},
			{
				"name": "backhair",
				"parent": "bone293",
				"pivot": [0, 21, 3.9]
			},
			{
				"name": "hair1",
				"parent": "backhair",
				"pivot": [0, 21, 4],
				"rotation": [7.5, 0, 0],
				"cubes": [
					{"origin": [-1, 17.3, 4], "size": [1, 5.6, 0.2], "uv": [29, 9]}
				]
			},
			{
				"name": "hair9",
				"parent": "backhair",
				"pivot": [0, 18.3, 4.5],
				"rotation": [-1.5, 0, 0],
				"cubes": [
					{"origin": [-1, 15.6, 4.5], "size": [1, 1.8, 0.2], "uv": [29, 9]}
				]
			},
			{
				"name": "hair10",
				"parent": "backhair",
				"pivot": [0, 16.8, 4.1],
				"rotation": [15.5, 0, 0],
				"cubes": [
					{"origin": [-1, 14.1, 4.1], "size": [1, 1.5, 0.2], "uv": [29, 9]}
				]
			},
			{
				"name": "backhair3",
				"parent": "bone293",
				"pivot": [-2, 21, 3.9]
			},
			{
				"name": "hair14",
				"parent": "backhair3",
				"pivot": [-2, 21, 4],
				"rotation": [7.5, 0, 0],
				"cubes": [
					{"origin": [-3, 17.8, 4], "size": [1, 5.1, 0.2], "uv": [24, 10]}
				]
			},
			{
				"name": "hair15",
				"parent": "backhair3",
				"pivot": [-2, 16, 4.5],
				"rotation": [0.5, 0, 0],
				"cubes": [
					{"origin": [-3, 16.09921, 4.43979], "size": [1, 1.8, 0.2], "uv": [24, 10]}
				]
			},
			{
				"name": "hair16",
				"parent": "backhair3",
				"pivot": [-2.5, 14.8, 4.9],
				"rotation": [16.5, 0, 0],
				"cubes": [
					{"origin": [-3, 14.71793, 4.83381], "size": [1, 1.5, 0.2], "uv": [24, 10]}
				]
			},
			{
				"name": "backhair4",
				"parent": "bone293",
				"pivot": [-3, 21, 3.9]
			},
			{
				"name": "hair17",
				"parent": "backhair4",
				"pivot": [-3, 21, 4],
				"rotation": [7.5, 0, 0],
				"cubes": [
					{"origin": [-4, 18.2, 4], "size": [1, 4.7, 0.2], "uv": [21, 10]}
				]
			},
			{
				"name": "hair18",
				"parent": "backhair4",
				"pivot": [-3, 16.3, 4.5],
				"rotation": [0.5, 0, 0],
				"cubes": [
					{"origin": [-4, 16.49992, 4.38255], "size": [1, 1.8, 0.2], "uv": [21, 10]}
				]
			},
			{
				"name": "hair19",
				"parent": "backhair4",
				"pivot": [-3, 16.8, 4.1],
				"rotation": [15.5, 0, 0],
				"cubes": [
					{"origin": [-4, 15, 4.3], "size": [1, 1.5, 0.2], "uv": [21, 10]}
				]
			},
			{
				"name": "bone292",
				"parent": "head",
				"pivot": [3.8, 25.7, -4.3]
			},
			{
				"name": "hair4",
				"parent": "bone292",
				"pivot": [3.1, 24, -4.4],
				"cubes": [
					{"origin": [3.5, 21.5, -4.4], "size": [1, 4.2, 0.2], "uv": [29, 9], "mirror": true}
				]
			},
			{
				"name": "hair5",
				"parent": "bone292",
				"pivot": [3.8, 21.15, -4.3],
				"cubes": [
					{"origin": [3.5, 20.5, -4.4], "size": [1, 1.3, 0.2], "uv": [29, 13], "mirror": true}
				]
			},
			{
				"name": "hair6",
				"parent": "bone292",
				"pivot": [3.8, 20.45, -4.3],
				"cubes": [
					{"origin": [3.5, 19.8, -4.4], "size": [1, 1.3, 0.2], "uv": [28, 12], "mirror": true}
				]
			},
			{
				"name": "hair8",
				"parent": "bone292",
				"pivot": [3.9, 19.85, -4.3],
				"cubes": [
					{"origin": [3.6, 19.2, -4.4], "size": [0.8, 1.3, 0.2], "uv": [29, 12], "mirror": true}
				]
			},
			{
				"name": "bone4",
				"parent": "head",
				"pivot": [-3.8, 25.7, -4.3]
			},
			{
				"name": "hair2",
				"parent": "bone4",
				"pivot": [-3.1, 24, -4.4],
				"cubes": [
					{"origin": [-4.5, 21.5, -4.4], "size": [1, 4.2, 0.2], "uv": [29, 9]}
				]
			},
			{
				"name": "hair3",
				"parent": "bone4",
				"pivot": [-3.8, 21.15, -4.3],
				"cubes": [
					{"origin": [-4.5, 20.5, -4.4], "size": [1, 1.3, 0.2], "uv": [29, 13]}
				]
			},
			{
				"name": "hair7",
				"parent": "bone4",
				"pivot": [-3.8, 20.45, -4.3],
				"cubes": [
					{"origin": [-4.5, 19.8, -4.4], "size": [1, 1.3, 0.2], "uv": [28, 12]}
				]
			},
			{
				"name": "hair32",
				"parent": "bone4",
				"pivot": [-3.9, 19.85, -4.3],
				"cubes": [
					{"origin": [-4.4, 19.2, -4.4], "size": [0.8, 1.3, 0.2], "uv": [29, 12]}
				]
			},
			{
				"name": "armRight",
				"pivot": [-5.65, 22, 0],
				"rotation": [0, 0, 2.5],
				"cubes": [
					{"origin": [-7.65, 11.5999, -2.02182], "size": [3, 11, 4], "uv": [32, 48], "mirror": true},
					{"origin": [-7.65, 11.5999, -2.02182], "size": [3, 11, 4], "uv": [48, 48], "inflate": 0.25, "mirror": true}
				]
			},
			{
				"name": "bracelets3",
				"parent": "armRight",
				"pivot": [-17.9, 6.7, 0]
			},
			{
				"name": "braces2",
				"parent": "bracelets3",
				"pivot": [-17.9, 6.7, 0],
				"cubes": [
					{"origin": [-8.2, 21, -2.6], "size": [4.1, 0.2, 5.2], "uv": [-5, 59], "mirror": true}
				]
			},
			{
				"name": "braces3",
				"parent": "bracelets3",
				"pivot": [-17.9, 6.4, 0],
				"cubes": [
					{"origin": [-8.2, 20.7, -2.6], "size": [4.1, 0.2, 5.2], "uv": [-5, 59], "mirror": true}
				]
			},
			{
				"name": "braces7",
				"parent": "bracelets3",
				"pivot": [-17.9, 6.1, 0],
				"cubes": [
					{"origin": [-8.2, 20.4, -2.6], "size": [4.1, 0.2, 5.2], "uv": [-5, 59], "mirror": true}
				]
			},
			{
				"name": "armLeftPositioningBone2",
				"parent": "armRight",
				"pivot": [-6.15, 12.5, 0]
			},
			{
				"name": "armLeft",
				"pivot": [5.65, 22, 0],
				"rotation": [0, 0, -2.5],
				"cubes": [
					{"origin": [4.65, 11.5999, -2.02182], "size": [3, 11, 4], "uv": [32, 48]},
					{"origin": [4.65, 11.5999, -2.02182], "size": [3, 11, 4], "uv": [48, 48], "inflate": 0.25}
				]
			},
			{
				"name": "bracelets2",
				"parent": "armLeft",
				"pivot": [17.9, 6.7, 0]
			},
			{
				"name": "braces4",
				"parent": "bracelets2",
				"pivot": [17.9, 6.7, 0],
				"cubes": [
					{"origin": [4.1, 21, -2.6], "size": [4.1, 0.2, 5.2], "uv": [-5, 59]}
				]
			},
			{
				"name": "braces5",
				"parent": "bracelets2",
				"pivot": [17.9, 6.4, 0],
				"cubes": [
					{"origin": [4.1, 20.7, -2.6], "size": [4.1, 0.2, 5.2], "uv": [-5, 59]}
				]
			},
			{
				"name": "braces6",
				"parent": "bracelets2",
				"pivot": [17.9, 6.1, 0],
				"cubes": [
					{"origin": [4.1, 20.4, -2.6], "size": [4.1, 0.2, 5.2], "uv": [-5, 59]}
				]
			},
			{
				"name": "armLeftPositioningBone",
				"parent": "armLeft",
				"pivot": [6.15, 12.5, 0]
			},
			{
				"name": "body",
				"pivot": [0, 22.25, 0],
				"cubes": [
					{"origin": [-4, 10.35, -2], "size": [8, 12, 4], "uv": [16, 16]},
					{"origin": [-4, 10.35, -2], "size": [8, 12, 4], "uv": [16, 16], "inflate": 0.24}
				]
			},
			{
				"name": "sittingRotationSkirt",
				"parent": "body",
				"pivot": [0, 10.5, 0],
				"cubes": [
					{"origin": [-4, 10.35, -2], "size": [8, 0, 4], "uv": [33, 32]},
					{"origin": [-4, 10.35, -2], "size": [8, 1, 4], "uv": [9, 31], "inflate": 0.275}
				]
			},
			{
				"name": "miniSkirtLeft",
				"parent": "sittingRotationSkirt",
				"pivot": [0.2, 7.2, 0]
			},
			{
				"name": "bone179",
				"parent": "miniSkirtLeft",
				"pivot": [2.2, 7.2, 0],
				"rotation": [0, -196.36364, 0]
			},
			{
				"name": "bone180",
				"parent": "bone179",
				"pivot": [2.2, 7.2, 4.81637],
				"rotation": [23, 0, 0]
			},
			{
				"name": "bone181",
				"parent": "bone180",
				"pivot": [2.2, 7.2, 4.81637],
				"rotation": [0, -45, 0],
				"cubes": [
					{"origin": [1.22763, 8.99205, 3.444], "size": [1.5, 3.3, 2], "uv": [22, 54]}
				]
			},
			{
				"name": "bone182",
				"parent": "miniSkirtLeft",
				"pivot": [2.2, 7.2, 0],
				"rotation": [0, -229.09091, 0]
			},
			{
				"name": "bone183",
				"parent": "bone182",
				"pivot": [2.2, 7.2, 4.81637],
				"rotation": [23, 0, 0]
			},
			{
				"name": "bone184",
				"parent": "bone183",
				"pivot": [2.2, 7.2, 4.81637],
				"rotation": [0, -45, 0],
				"cubes": [
					{"origin": [1.22763, 8.99205, 3.444], "size": [1.5, 3.3, 2], "uv": [22, 54]}
				]
			},
			{
				"name": "bone185",
				"parent": "miniSkirtLeft",
				"pivot": [2.2, 7.2, 0],
				"rotation": [0, -261.81818, 0]
			},
			{
				"name": "bone186",
				"parent": "bone185",
				"pivot": [2.2, 7.2, 4.81637],
				"rotation": [23, 0, 0]
			},
			{
				"name": "bone187",
				"parent": "bone186",
				"pivot": [2.2, 7.2, 4.81637],
				"rotation": [0, -45, 0],
				"cubes": [
					{"origin": [1.22763, 8.99205, 3.444], "size": [1.5, 3.3, 2], "uv": [22, 54]}
				]
			},
			{
				"name": "bone188",
				"parent": "miniSkirtLeft",
				"pivot": [2.2, 7.2, 0],
				"rotation": [0, -294.54545, 0]
			},
			{
				"name": "bone189",
				"parent": "bone188",
				"pivot": [2.2, 7.2, 4.81637],
				"rotation": [23, 0, 0]
			},
			{
				"name": "bone190",
				"parent": "bone189",
				"pivot": [2.2, 7.2, 4.81637],
				"rotation": [0, -45, 0],
				"cubes": [
					{"origin": [1.22763, 8.99205, 3.444], "size": [1.5, 3.3, 2], "uv": [22, 54]}
				]
			},
			{
				"name": "bone191",
				"parent": "miniSkirtLeft",
				"pivot": [2.2, 7.2, 0],
				"rotation": [0, -327.27273, 0]
			},
			{
				"name": "bone192",
				"parent": "bone191",
				"pivot": [2.2, 7.2, 4.81637],
				"rotation": [23, 0, 0]
			},
			{
				"name": "bone193",
				"parent": "bone192",
				"pivot": [2.2, 7.2, 4.81637],
				"rotation": [0, -45, 0],
				"cubes": [
					{"origin": [1.22763, 8.99205, 3.444], "size": [1.5, 3.3, 2], "uv": [22, 54]}
				]
			},
			{
				"name": "miniSkirtRight",
				"parent": "sittingRotationSkirt",
				"pivot": [-0.2, 7.2, 0]
			},
			{
				"name": "bone8",
				"parent": "miniSkirtRight",
				"pivot": [-2.2, 7.2, 0],
				"rotation": [0, 196.36364, 0]
			},
			{
				"name": "bone9",
				"parent": "bone8",
				"pivot": [-2.2, 7.2, 4.81637],
				"rotation": [23, 0, 0]
			},
			{
				"name": "bone10",
				"parent": "bone9",
				"pivot": [-2.2, 7.2, 4.81637],
				"rotation": [0, 45, 0],
				"cubes": [
					{"origin": [-2.72763, 8.99205, 3.444], "size": [1.5, 3.3, 2], "uv": [22, 54], "mirror": true}
				]
			},
			{
				"name": "bone11",
				"parent": "miniSkirtRight",
				"pivot": [-2.2, 7.2, 0],
				"rotation": [0, 229.09091, 0]
			},
			{
				"name": "bone12",
				"parent": "bone11",
				"pivot": [-2.2, 7.2, 4.81637],
				"rotation": [23, 0, 0]
			},
			{
				"name": "bone13",
				"parent": "bone12",
				"pivot": [-2.2, 7.2, 4.81637],
				"rotation": [0, 45, 0],
				"cubes": [
					{"origin": [-2.72763, 8.99205, 3.444], "size": [1.5, 3.3, 2], "uv": [22, 54], "mirror": true}
				]
			},
			{
				"name": "bone14",
				"parent": "miniSkirtRight",
				"pivot": [-2.2, 7.2, 0],
				"rotation": [0, 261.81818, 0]
			},
			{
				"name": "bone15",
				"parent": "bone14",
				"pivot": [-2.2, 7.2, 4.81637],
				"rotation": [23, 0, 0]
			},
			{
				"name": "bone16",
				"parent": "bone15",
				"pivot": [-2.2, 7.2, 4.81637],
				"rotation": [0, 45, 0],
				"cubes": [
					{"origin": [-2.72763, 8.99205, 3.444], "size": [1.5, 3.3, 2], "uv": [22, 54], "mirror": true}
				]
			},
			{
				"name": "bone17",
				"parent": "miniSkirtRight",
				"pivot": [-2.2, 7.2, 0],
				"rotation": [0, 294.54545, 0]
			},
			{
				"name": "bone18",
				"parent": "bone17",
				"pivot": [-2.2, 7.2, 4.81637],
				"rotation": [23, 0, 0]
			},
			{
				"name": "bone19",
				"parent": "bone18",
				"pivot": [-2.2, 7.2, 4.81637],
				"rotation": [0, 45, 0],
				"cubes": [
					{"origin": [-2.72763, 8.99205, 3.444], "size": [1.5, 3.3, 2], "uv": [22, 54], "mirror": true}
				]
			},
			{
				"name": "bone20",
				"parent": "miniSkirtRight",
				"pivot": [-2.2, 7.2, 0],
				"rotation": [0, 327.27273, 0]
			},
			{
				"name": "bone21",
				"parent": "bone20",
				"pivot": [-2.2, 7.2, 4.81637],
				"rotation": [23, 0, 0]
			},
			{
				"name": "bone22",
				"parent": "bone21",
				"pivot": [-2.2, 7.2, 4.81637],
				"rotation": [0, 45, 0],
				"cubes": [
					{"origin": [-2.72763, 8.99205, 3.444], "size": [1.5, 3.3, 2], "uv": [22, 54], "mirror": true}
				]
			},
			{
				"name": "chestWithJunketsu",
				"parent": "body",
				"pivot": [0, 0, 0]
			},
			{
				"name": "senketsuChest2",
				"parent": "chestWithJunketsu",
				"pivot": [0, 19.4, -3],
				"rotation": [-12.5, 0, 0]
			},
			{
				"name": "chest2",
				"parent": "senketsuChest2",
				"pivot": [0, 19.12004, -1.56574],
				"rotation": [42.5, 0, 0],
				"cubes": [
					{"origin": [-4.1, 16.57004, -3.06574], "size": [4, 5.1, 3], "uv": [17, 19]}
				]
			},
			{
				"name": "chest3",
				"parent": "senketsuChest2",
				"pivot": [0, 19.12004, -1.56574],
				"rotation": [42.5, 0, 0],
				"cubes": [
					{"origin": [0, 16.57004, -3.06574], "size": [4.1, 5.1, 3], "uv": [21, 19]}
				]
			},
			{
				"name": "frontSuspensors",
				"parent": "body",
				"pivot": [0, 0, -0.3]
			},
			{
				"name": "suspensor1",
				"parent": "frontSuspensors",
				"pivot": [0.75, 10.4, -2.35],
				"rotation": [6.02117, -2.71445, 19.02958],
				"cubes": [
					{"origin": [0.43441, 9.89596, -2.32644], "size": [0.6, 4.1, 0.2], "uv": [7, 58]}
				]
			},
			{
				"name": "suspensor3",
				"parent": "frontSuspensors",
				"pivot": [3.55, 11.6, -2.85],
				"rotation": [-2.11279, 1.73915, -34.71225],
				"cubes": [
					{"origin": [3.23441, 11.89596, -2.82644], "size": [0.6, 2.4, 0.2], "uv": [7, 58]}
				]
			},
			{
				"name": "suspensor2",
				"parent": "frontSuspensors",
				"pivot": [1.95, 13.8, -2.55],
				"rotation": [0, 0, 6],
				"cubes": [
					{"origin": [1.64805, 13.71165, -2.7], "size": [0.6, 3.1, 0.2], "uv": [7, 58]}
				]
			},
			{
				"name": "frontSuspensors2",
				"parent": "body",
				"pivot": [0, 0, -0.3]
			},
			{
				"name": "suspensor4",
				"parent": "frontSuspensors2",
				"pivot": [-0.75, 10.4, -2.35],
				"rotation": [6.02117, 2.71445, -19.02958],
				"cubes": [
					{"origin": [-1.03441, 9.89596, -2.32644], "size": [0.6, 4.1, 0.2], "uv": [7, 59], "mirror": true}
				]
			},
			{
				"name": "suspensor5",
				"parent": "frontSuspensors2",
				"pivot": [-3.55, 11.6, -2.85],
				"rotation": [-2.11279, -1.73915, 34.71225],
				"cubes": [
					{"origin": [-3.83441, 11.89596, -2.82644], "size": [0.6, 2.4, 0.2], "uv": [7, 59], "mirror": true}
				]
			},
			{
				"name": "suspensor6",
				"parent": "frontSuspensors2",
				"pivot": [-1.95, 13.8, -2.55],
				"rotation": [0, 0, -6],
				"cubes": [
					{"origin": [-2.24805, 13.71165, -2.7], "size": [0.6, 3.1, 0.2], "uv": [7, 59], "mirror": true}
				]
			},
			{
				"name": "crotch",
				"parent": "body",
				"pivot": [0, 0, 0]
			},
			{
				"name": "bone3",
				"parent": "crotch",
				"pivot": [0, 9.95, 0],
				"cubes": [
					{"origin": [-0.9, 9.8, -2.3], "size": [1.8, 0.3, 4.6], "uv": [1, 58]}
				]
			},
			{
				"name": "bone2",
				"parent": "crotch",
				"pivot": [0, 11.35, 0],
				"cubes": [
					{"origin": [-0.9, 11.2, -2.4], "size": [1.8, 0.3, 4.5], "uv": [2, 58]}
				]
			},
			{
				"name": "chestBreast",
				"parent": "body",
				"pivot": [0, 18.8, -2.9],
				"rotation": [17, 0, 0]
			},
			{
				"name": "bone28",
				"parent": "chestBreast",
				"pivot": [1, 16.44581, -4.48589],
				"cubes": [
					{"origin": [-3.4, 16.74581, -3.68589], "size": [6.8, 0.5, 0.7], "uv": [25, 40]}
				]
			},
			{
				"name": "bone27",
				"parent": "chestBreast",
				"pivot": [1, 17.04581, -3.48589],
				"rotation": [0, 0, -46],
				"cubes": [
					{"origin": [1, 15.44581, -3.68589], "size": [1.8, 1.8, 0.7], "uv": [35, 39]}
				]
			},
			{
				"name": "bone29",
				"parent": "chestBreast",
				"pivot": [-1.1, 17.04581, -3.48589],
				"rotation": [0, 0, 46],
				"cubes": [
					{"origin": [-2.8, 15.64581, -3.68589], "size": [1.7, 1.6, 0.7], "uv": [35, 39], "mirror": true}
				]
			},
			{
				"name": "bone30",
				"parent": "chestBreast",
				"pivot": [-3.4, 17.04581, -3.48589],
				"rotation": [0, 0, 133],
				"cubes": [
					{"origin": [-7.1, 15.94581, -3.68589], "size": [3.7, 1.3, 0.7], "uv": [33, 39], "mirror": true}
				]
			},
			{
				"name": "bone31",
				"parent": "chestBreast",
				"pivot": [3.4, 17.04581, -3.48589],
				"rotation": [0, 0, -133],
				"cubes": [
					{"origin": [3.4, 16.04581, -3.68589], "size": [3.7, 1.2, 0.7], "uv": [33, 39]}
				]
			},
			{
				"name": "bone37",
				"parent": "chestBreast",
				"pivot": [3.4, 17.04581, -3.48589],
				"rotation": [0, 0, -133],
				"cubes": [
					{"origin": [3.4, 16.04581, -3.88589], "size": [3.7, 0.6, 0.2], "uv": [5, 61]}
				]
			},
			{
				"name": "bone44",
				"parent": "chestBreast",
				"pivot": [-3.4, 17.04581, -3.48589],
				"rotation": [0, 0, 133],
				"cubes": [
					{"origin": [-7.1, 15.94581, -3.88589], "size": [3.7, 0.7, 0.2], "uv": [4, 61], "mirror": true}
				]
			},
			{
				"name": "bone35",
				"parent": "chestBreast",
				"pivot": [1.4, 17.04581, -3.48589],
				"rotation": [0, 0, -133],
				"cubes": [
					{"origin": [3.5, 14.74581, -3.78589], "size": [1.2, 2.3, 0.8], "uv": [7, 60]}
				]
			},
			{
				"name": "bone36",
				"parent": "chestBreast",
				"pivot": [-1.4, 17.04581, -3.48589],
				"rotation": [0, 0, 133],
				"cubes": [
					{"origin": [-4.7, 14.74581, -3.78589], "size": [1.2, 2.3, 0.8], "uv": [8, 59], "mirror": true}
				]
			},
			{
				"name": "bone32",
				"parent": "chestBreast",
				"pivot": [1, 16.14581, -4.48589],
				"cubes": [
					{"origin": [-0.9, 16.14581, -3.68589], "size": [1.9, 0.8, 0.7], "uv": [34, 40]}
				]
			},
			{
				"name": "bone33",
				"parent": "chestBreast",
				"pivot": [2.9, 16.14581, -4.48589],
				"rotation": [0, 0, 45],
				"cubes": [
					{"origin": [0.9, 14.74581, -3.68589], "size": [0.6, 2.3, 0.7], "uv": [27, 54]}
				]
			},
			{
				"name": "bone34",
				"parent": "chestBreast",
				"pivot": [-2.9, 16.14581, -4.48589],
				"rotation": [0, 0, -45],
				"cubes": [
					{"origin": [-1.5, 14.74581, -3.68589], "size": [0.6, 2.3, 0.7], "uv": [26, 55], "mirror": true}
				]
			},
			{
				"name": "exoSpine",
				"parent": "body",
				"pivot": [0, 0, 0]
			},
			{
				"name": "spine1",
				"parent": "exoSpine",
				"pivot": [0, 11.4, 1.5],
				"rotation": [0, 0, 45],
				"cubes": [
					{"origin": [-1, 11.4, 1.5], "size": [1, 1, 1], "uv": [34, 55]}
				]
			},
			{
				"name": "spine2",
				"parent": "exoSpine",
				"pivot": [0, 12.4, 1.5],
				"rotation": [0, 0, 45],
				"cubes": [
					{"origin": [-1, 12.4, 1.5], "size": [1, 1, 1], "uv": [34, 56]}
				]
			},
			{
				"name": "spine3",
				"parent": "exoSpine",
				"pivot": [0, 13.4, 1.5],
				"rotation": [0, 0, 45],
				"cubes": [
					{"origin": [-1, 13.4, 1.5], "size": [1, 1, 1], "uv": [35, 56]}
				]
			},
			{
				"name": "spine4",
				"parent": "exoSpine",
				"pivot": [0, 14.4, 1.5],
				"rotation": [0, 0, 45],
				"cubes": [
					{"origin": [-1.2, 14.4, 1.5], "size": [1.2, 1.2, 1], "uv": [35, 56]}
				]
			},
			{
				"name": "spine5",
				"parent": "exoSpine",
				"pivot": [0, 15.4, 1.5],
				"rotation": [0, 0, 45],
				"cubes": [
					{"origin": [-1.4, 15.4, 1.5], "size": [1.4, 1.4, 1.1], "uv": [35, 56]}
				]
			},
			{
				"name": "spine6",
				"parent": "exoSpine",
				"pivot": [0, 16.4, 1.5],
				"rotation": [0, 0, 45],
				"cubes": [
					{"origin": [-1.7, 16.4, 1.5], "size": [1.7, 1.7, 1.2], "uv": [35, 56]}
				]
			},
			{
				"name": "spine7",
				"parent": "exoSpine",
				"pivot": [0, 17.4, 1.5],
				"rotation": [0, 0, 45],
				"cubes": [
					{"origin": [-1.7, 17.4, 1.5], "size": [1.7, 1.7, 1.3], "uv": [35, 56]}
				]
			},
			{
				"name": "spine8",
				"parent": "exoSpine",
				"pivot": [0.5, 10.4, 1.5],
				"cubes": [
					{"origin": [-0.1, 10.1, 1.5], "size": [0.2, 1.4, 0.8], "uv": [6, 60]}
				]
			},
			{
				"name": "sailorBack",
				"parent": "body",
				"pivot": [0, 0, 0]
			},
			{
				"name": "sailor1",
				"parent": "sailorBack",
				"pivot": [0, 20, 1.5],
				"rotation": [0, 0, 45],
				"cubes": [
					{"origin": [-1.7, 19, 1.5], "size": [2.7, 2.8, 1.5], "uv": [33, 55]}
				]
			},
			{
				"name": "sailor2",
				"parent": "sailorBack",
				"pivot": [-2.7, 20, 1.5],
				"rotation": [0, 0, 45],
				"cubes": [
					{"origin": [-4.3, 19, 2.2], "size": [2.6, 2.8, 1], "uv": [34, 56]}
				]
			},
			{
				"name": "sailor4",
				"parent": "sailorBack",
				"pivot": [-0.1, 20, 1.5],
				"rotation": [0, 0, 45],
				"cubes": [
					{"origin": [-3, 19.9, 2.2], "size": [3.9, 0.8, 0.8], "uv": [33, 56]}
				]
			},
			{
				"name": "sailor6",
				"parent": "sailorBack",
				"pivot": [-0.1, 21.1, 1.5],
				"rotation": [0, 0, 45],
				"cubes": [
					{"origin": [-1.5, 21, 2.2], "size": [1.8, 0.7, 0.8], "uv": [35, 56]}
				]
			},
			{
				"name": "sailor3",
				"parent": "sailorBack",
				"pivot": [2.7, 20, 1.5],
				"rotation": [0, 0, 45],
				"cubes": [
					{"origin": [1, 19, 2.2], "size": [2.7, 2.7, 0.9], "uv": [35, 56]}
				]
			},
			{
				"name": "sailor5",
				"parent": "sailorBack",
				"pivot": [0, 20, 1.5],
				"rotation": [0, 0, 45],
				"cubes": [
					{"origin": [-0.5, 19, 2.2], "size": [0.7, 4.1, 0.8], "uv": [35, 56]}
				]
			},
			{
				"name": "sailor7",
				"parent": "sailorBack",
				"pivot": [-1, 20, 1.5],
				"rotation": [0, 0, 45],
				"cubes": [
					{"origin": [-1.5, 21.3, 2.2], "size": [0.7, 1.8, 0.8], "uv": [35, 56]}
				]
			},
			{
				"name": "bone89",
				"parent": "sailorBack",
				"pivot": [0, 19.7, 3.05],
				"rotation": [0, 0, -45],
				"cubes": [
					{"origin": [-0.5, 19.2, 3], "size": [1.6, 0.2, 0.1], "uv": [6, 60]}
				]
			},
			{
				"name": "bone91",
				"parent": "sailorBack",
				"pivot": [-2.5, 19.7, 3.05],
				"rotation": [0, 0, -45],
				"cubes": [
					{"origin": [-3.3, 19.2, 3], "size": [4, 0.2, 0.3], "uv": [5, 61]}
				]
			},
			{
				"name": "bone93",
				"parent": "sailorBack",
				"pivot": [2.9, 19.7, 3.05],
				"rotation": [0, 0, -45],
				"cubes": [
					{"origin": [2.1, 19.2, 3], "size": [2.5, 0.2, 0.3], "uv": [7, 61]}
				]
			},
			{
				"name": "bone92",
				"parent": "sailorBack",
				"pivot": [2.5, 19.7, 3.05],
				"rotation": [0, 0, 45],
				"cubes": [
					{"origin": [-0.7, 19.2, 3], "size": [4, 0.2, 0.3], "uv": [4, 60], "mirror": true}
				]
			},
			{
				"name": "bone94",
				"parent": "sailorBack",
				"pivot": [3, 19.4, 3.05],
				"rotation": [0, 0, 45],
				"cubes": [
					{"origin": [-3, 14.9, 3], "size": [2.4, 0.2, 0.3], "uv": [6, 61]}
				]
			},
			{
				"name": "bone90",
				"parent": "sailorBack",
				"pivot": [0, 19.7, 3.05],
				"rotation": [0, 0, 45],
				"cubes": [
					{"origin": [-1.1, 19.2, 3], "size": [1.6, 0.2, 0.1], "uv": [6, 60], "mirror": true}
				]
			},
			{
				"name": "shoulder1",
				"parent": "body",
				"pivot": [0, 0, 0]
			},
			{
				"name": "bone96",
				"parent": "shoulder1",
				"pivot": [0, 0, 0]
			},
			{
				"name": "vents",
				"parent": "bone96",
				"pivot": [9, 23.7, 0.2],
				"rotation": [0.34205, 88.12063, -0.34205]
			},
			{
				"name": "bone261",
				"parent": "vents",
				"pivot": [-0.9, 25.06641, 4.61278],
				"rotation": [-20, 0, 0],
				"cubes": [
					{"origin": [7.8, 22.60231, 0.29412], "size": [2.8, 0.1, 1], "uv": [6, 47]}
				]
			},
			{
				"name": "bone275",
				"parent": "vents",
				"pivot": [-0.9, 25.26641, 4.61278],
				"rotation": [-20, 0, 0],
				"cubes": [
					{"origin": [8.1, 22.80231, 0.29412], "size": [2.2, 0.1, 1], "uv": [6, 47]}
				]
			},
			{
				"name": "bone276",
				"parent": "vents",
				"pivot": [-0.9, 25.46641, 4.61278],
				"rotation": [-20, 0, 0],
				"cubes": [
					{"origin": [8.3, 23.00231, 0.29412], "size": [1.8, 0.1, 1], "uv": [6, 47]}
				]
			},
			{
				"name": "bone277",
				"parent": "vents",
				"pivot": [-0.9, 25.66641, 4.61278],
				"rotation": [-20, 0, 0],
				"cubes": [
					{"origin": [8.5, 23.20231, 0.29412], "size": [1.4, 0.1, 1], "uv": [6, 47]}
				]
			},
			{
				"name": "bone278",
				"parent": "vents",
				"pivot": [-0.9, 25.86641, 4.61278],
				"rotation": [-20, 0, 0],
				"cubes": [
					{"origin": [8.7, 23.40231, 0.29412], "size": [1, 0.1, 1], "uv": [6, 47]}
				]
			},
			{
				"name": "bone267",
				"parent": "vents",
				"pivot": [-0.9, 24.86641, 4.61278],
				"rotation": [-20, 0, 0],
				"cubes": [
					{"origin": [7.8, 22.40231, 0.29412], "size": [2.8, 0.1, 1], "uv": [6, 47]}
				]
			},
			{
				"name": "bone268",
				"parent": "vents",
				"pivot": [-0.9, 24.66641, 4.61278],
				"rotation": [-20, 0, 0],
				"cubes": [
					{"origin": [7.8, 22.20231, 0.29412], "size": [2.8, 0.1, 1], "uv": [6, 47]}
				]
			},
			{
				"name": "bone269",
				"parent": "vents",
				"pivot": [-0.9, 24.46641, 4.61278],
				"rotation": [-20, 0, 0],
				"cubes": [
					{"origin": [7.8, 22.00231, 0.29412], "size": [2.8, 0.1, 1], "uv": [6, 47]}
				]
			},
			{
				"name": "bone270",
				"parent": "vents",
				"pivot": [-0.9, 24.26641, 4.61278],
				"rotation": [-20, 0, 0],
				"cubes": [
					{"origin": [7.8, 21.80231, 0.29412], "size": [2.8, 0.1, 1], "uv": [6, 47]}
				]
			},
			{
				"name": "bone271",
				"parent": "vents",
				"pivot": [-0.9, 24.06641, 4.61278],
				"rotation": [-20, 0, 0],
				"cubes": [
					{"origin": [7.9, 21.60231, 0.29412], "size": [2.6, 0.1, 1], "uv": [6, 47]}
				]
			},
			{
				"name": "bone272",
				"parent": "vents",
				"pivot": [-0.9, 23.86641, 4.61278],
				"rotation": [-20, 0, 0],
				"cubes": [
					{"origin": [7.9, 21.40231, 0.29412], "size": [2.6, 0.1, 1], "uv": [6, 47]}
				]
			},
			{
				"name": "bone273",
				"parent": "vents",
				"pivot": [-0.9, 23.66641, 4.61278],
				"rotation": [-20, 0, 0],
				"cubes": [
					{"origin": [8, 21.20231, 0.29412], "size": [2.4, 0.1, 1], "uv": [6, 47]}
				]
			},
			{
				"name": "bone274",
				"parent": "vents",
				"pivot": [-0.9, 23.46641, 4.61278],
				"rotation": [-20, 0, 0],
				"cubes": [
					{"origin": [8.1, 21.00231, 0.29412], "size": [2.2, 0.1, 1], "uv": [6, 47]}
				]
			},
			{
				"name": "junketsuEyes",
				"parent": "shoulder1",
				"pivot": [0.8, 1.8, 0]
			},
			{
				"name": "bone199",
				"parent": "junketsuEyes",
				"pivot": [5.4, 26, -3],
				"rotation": [0, 0, -57],
				"cubes": [
					{"origin": [5.5, 25.9, -2.8], "size": [5.3, 0.3, 1.9], "uv": [0, 58]}
				]
			},
			{
				"name": "bone208",
				"parent": "junketsuEyes",
				"pivot": [6.2, 28.5, -3],
				"rotation": [0, 0, -43],
				"cubes": [
					{"origin": [9.1, 28.4, -2.8], "size": [2.5, 0.3, 4.4], "uv": [0, 58]}
				]
			},
			{
				"name": "bone198",
				"parent": "junketsuEyes",
				"pivot": [8, 26.4, -3],
				"rotation": [0, 0, -85],
				"cubes": [
					{"origin": [8.1, 26.4, -2.8], "size": [4, 0.2, 1.9], "uv": [0, 58]}
				]
			},
			{
				"name": "bone200",
				"parent": "junketsuEyes",
				"pivot": [5.4, 26, -3],
				"rotation": [0, 0, -10],
				"cubes": [
					{"origin": [5.5, 26, -2.8], "size": [2.6, 0.2, 1.9], "uv": [0, 58]}
				]
			},
			{
				"name": "bone201",
				"parent": "junketsuEyes",
				"pivot": [5.4, 26.2, -3],
				"rotation": [0, 0, -10],
				"cubes": [
					{"origin": [5.6, 26.2, -2.7], "size": [2.4, 0.3, 1.8], "uv": [42, 39]}
				]
			},
			{
				"name": "bone204",
				"parent": "junketsuEyes",
				"pivot": [5.4, 26.5, -3],
				"rotation": [0, 0, -10],
				"cubes": [
					{"origin": [5.9, 26.5, -2.6], "size": [1.7, 0.2, 1.7], "uv": [47, 34]}
				]
			},
			{
				"name": "bone206",
				"parent": "junketsuEyes",
				"pivot": [5.4, 26.7, -3],
				"rotation": [0, 0, -10],
				"cubes": [
					{"origin": [6, 26.7, -2.6], "size": [1.3, 0.2, 1.7], "uv": [2, 52]}
				]
			},
			{
				"name": "bone202",
				"parent": "junketsuEyes",
				"pivot": [7.7, 26.8, -2.2],
				"rotation": [0, 0, 95.5],
				"cubes": [
					{"origin": [4.53379, 26.54324, -2.7], "size": [3.2, 0.4, 1.8], "uv": [42, 39]}
				]
			},
			{
				"name": "bone203",
				"parent": "junketsuEyes",
				"pivot": [7.3, 26.8, -2.2],
				"rotation": [0, 0, 95.5],
				"cubes": [
					{"origin": [4.83379, 26.74324, -2.6], "size": [2.3, 0.2, 1.7], "uv": [47, 34]}
				]
			},
			{
				"name": "bone205",
				"parent": "junketsuEyes",
				"pivot": [7.1, 26.8, -2.2],
				"rotation": [0, 0, 95.5],
				"cubes": [
					{"origin": [4.63379, 26.74324, -2.6], "size": [2.2, 0.2, 1.7], "uv": [1, 52]}
				]
			},
			{
				"name": "bone207",
				"parent": "junketsuEyes",
				"pivot": [6.6, 26.8, -2.2],
				"rotation": [0, 0, 121.5],
				"cubes": [
					{"origin": [4.73379, 26.24324, -2.5], "size": [1.9, 0.8, 1.6], "uv": [47, 42]}
				]
			},
			{
				"name": "bone195",
				"parent": "shoulder1",
				"pivot": [7.7, 24.6, -2.5],
				"rotation": [0, 0, -179]
			},
			{
				"name": "bone196",
				"parent": "bone195",
				"pivot": [6.3, 22.8, -3],
				"rotation": [0, 0, -50],
				"cubes": [
					{"origin": [6.4, 22.8, -2.8], "size": [1.7, 0.3, 5.6], "uv": [0, 58]}
				]
			},
			{
				"name": "bone178",
				"parent": "shoulder1",
				"pivot": [6.2, 26, -2.5],
				"rotation": [0, 0, -84]
			},
			{
				"name": "bone194",
				"parent": "bone178",
				"pivot": [4.8, 24.2, -3],
				"rotation": [0, 0, -50],
				"cubes": [
					{"origin": [4.9, 23.4, -2.8], "size": [2, 0.3, 5.6], "uv": [0, 58]}
				]
			},
			{
				"name": "bone176",
				"parent": "shoulder1",
				"pivot": [0, 0, 0]
			},
			{
				"name": "bone177",
				"parent": "bone176",
				"pivot": [4.6, 24.2, -3],
				"rotation": [0, 0, -50],
				"cubes": [
					{"origin": [5.1, 24.7, -2.8], "size": [2, 0.3, 5], "uv": [0, 58]}
				]
			},
			{
				"name": "bone171",
				"parent": "shoulder1",
				"pivot": [5.8, 22.9, -2.2],
				"rotation": [80.09538, 1.38481, 7.88]
			},
			{
				"name": "bone172",
				"parent": "bone171",
				"pivot": [5.8, 22.9, -2.2],
				"cubes": [
					{"origin": [4.8, 22.9, -2.4], "size": [2, 1, 2.2], "uv": [6, 39]}
				]
			},
			{
				"name": "bone197",
				"parent": "bone171",
				"pivot": [5.8, 22.9, -2.8],
				"cubes": [
					{"origin": [5, 22.9, -3], "size": [1.6, 0.8, 0.6], "uv": [37, 34]}
				]
			},
			{
				"name": "bone173",
				"parent": "bone171",
				"pivot": [5.8, 22.9, -2.2],
				"rotation": [0, -90, 0],
				"cubes": [
					{"origin": [4.3, 22.9, -1.4], "size": [2.6, 1, 0.3], "uv": [6, 39]}
				]
			},
			{
				"name": "bone174",
				"parent": "bone171",
				"pivot": [5.8, 22.9, -2.2],
				"rotation": [0, -180, 0],
				"cubes": [
					{"origin": [4.7, 22.9, -1.4], "size": [2.2, 0.9, 0.3], "uv": [6, 39]}
				]
			},
			{
				"name": "bone175",
				"parent": "bone171",
				"pivot": [5.8, 22.9, -2.2],
				"rotation": [0, -270, 0],
				"cubes": [
					{"origin": [4.7, 22.9, -1.4], "size": [2.6, 1, 0.3], "uv": [6, 39]}
				]
			},
			{
				"name": "bone165",
				"parent": "shoulder1",
				"pivot": [8.9, 23.5, 0],
				"rotation": [-1.0599, -17.61519, -88.78793]
			},
			{
				"name": "bone166",
				"parent": "bone165",
				"pivot": [8.9, 23.5, 0],
				"cubes": [
					{"origin": [7.7, 22.8, 1.27638], "size": [2.5, 1.7, 0.5], "uv": [5, 40]}
				]
			},
			{
				"name": "bone167",
				"parent": "bone165",
				"pivot": [8.9, 23.5, 0],
				"rotation": [0, -72, 0],
				"cubes": [
					{"origin": [7.7, 22.8, 1.27638], "size": [2.5, 1.7, 0.5], "uv": [5, 40]}
				]
			},
			{
				"name": "bone168",
				"parent": "bone165",
				"pivot": [8.9, 23.5, 0],
				"rotation": [0, -144, 0],
				"cubes": [
					{"origin": [7.7, 22.8, 1.27638], "size": [2.5, 1.7, 0.5], "uv": [5, 40]}
				]
			},
			{
				"name": "bone169",
				"parent": "bone165",
				"pivot": [8.9, 23.5, 0],
				"rotation": [0, -216, 0],
				"cubes": [
					{"origin": [7.7, 22.8, 1.27638], "size": [2.5, 1.7, 0.5], "uv": [5, 40]}
				]
			},
			{
				"name": "bone170",
				"parent": "bone165",
				"pivot": [8.9, 23.5, 0],
				"rotation": [0, -288, 0],
				"cubes": [
					{"origin": [7.7, 22.8, 1.27638], "size": [2.5, 1.7, 0.5], "uv": [5, 40]}
				]
			},
			{
				"name": "bone95",
				"parent": "shoulder1",
				"pivot": [5.1, 22.5, 0],
				"rotation": [0, 0, 20]
			},
			{
				"name": "bone149",
				"parent": "bone95",
				"pivot": [5.1, 22.5, 0]
			},
			{
				"name": "bone150",
				"parent": "bone149",
				"pivot": [5.1, 22.5, -2.9568],
				"rotation": [-9.87928, 0, 0]
			},
			{
				"name": "bone151",
				"parent": "bone150",
				"pivot": [5.1, 21.99269, -2.9568],
				"rotation": [0, 0, -9.73561],
				"cubes": [
					{"origin": [4.6, 21.49269, -3.4568], "size": [4, 10, 4], "uv": [0, 33], "inflate": -0.5},
					{"origin": [5.25301, 29.83968, -4.10981], "size": [4, 6, 4], "uv": [0, 33], "inflate": -1.15301},
					{"origin": [5.60485, 33.18183, -4.46164], "size": [4, 5, 4], "uv": [0, 33], "inflate": -1.50485},
					{"origin": [5.73418, 35.04279, -4.59098], "size": [4, 4, 4], "uv": [0, 33], "inflate": -1.63418},
					{"origin": [5.82974, 35.67887, -4.68653], "size": [4, 4, 4], "uv": [0, 33], "inflate": -1.72974},
					{"origin": [5.90033, 36.1488, -4.75713], "size": [4, 4, 4], "uv": [0, 33], "inflate": -1.80033}
				]
			},
			{
				"name": "bone152",
				"parent": "bone150",
				"pivot": [5.1, 21.99269, -2.9568],
				"rotation": [0, 0, 9.73561],
				"cubes": [
					{"origin": [1.6, 21.49269, -3.4568], "size": [4, 10, 4], "uv": [0, 33], "inflate": -0.5},
					{"origin": [0.94699, 29.83968, -4.10981], "size": [4, 6, 4], "uv": [0, 33], "inflate": -1.15301},
					{"origin": [0.59515, 33.18183, -4.46164], "size": [4, 5, 4], "uv": [0, 33], "inflate": -1.50485},
					{"origin": [0.46582, 35.04279, -4.59098], "size": [4, 4, 4], "uv": [0, 33], "inflate": -1.63418},
					{"origin": [0.37026, 35.67887, -4.68653], "size": [4, 4, 4], "uv": [0, 33], "inflate": -1.72974},
					{"origin": [0.29967, 36.1488, -4.75713], "size": [4, 4, 4], "uv": [0, 33], "inflate": -1.80033}
				]
			},
			{
				"name": "bone153",
				"parent": "bone95",
				"pivot": [5.1, 22.5, 0],
				"rotation": [0, -90, 0]
			},
			{
				"name": "bone154",
				"parent": "bone153",
				"pivot": [5.1, 22.5, -2.9568],
				"rotation": [-9.87928, 0, 0]
			},
			{
				"name": "bone155",
				"parent": "bone154",
				"pivot": [5.1, 21.99269, -2.9568],
				"rotation": [0, 0, -9.73561],
				"cubes": [
					{"origin": [4.6, 21.49269, -3.4568], "size": [4, 10, 4], "uv": [0, 33], "inflate": -0.5},
					{"origin": [5.25301, 29.83968, -4.10981], "size": [4, 6, 4], "uv": [0, 33], "inflate": -1.15301},
					{"origin": [5.60485, 33.18183, -4.46164], "size": [4, 5, 4], "uv": [0, 33], "inflate": -1.50485},
					{"origin": [5.73418, 35.04279, -4.59098], "size": [4, 4, 4], "uv": [0, 33], "inflate": -1.63418},
					{"origin": [5.82974, 35.67887, -4.68653], "size": [4, 4, 4], "uv": [0, 33], "inflate": -1.72974},
					{"origin": [5.90033, 36.1488, -4.75713], "size": [4, 4, 4], "uv": [0, 33], "inflate": -1.80033}
				]
			},
			{
				"name": "bone156",
				"parent": "bone154",
				"pivot": [5.1, 21.99269, -2.9568],
				"rotation": [0, 0, 9.73561],
				"cubes": [
					{"origin": [1.6, 21.49269, -3.4568], "size": [4, 10, 4], "uv": [0, 33], "inflate": -0.5},
					{"origin": [0.94699, 29.83968, -4.10981], "size": [4, 6, 4], "uv": [0, 33], "inflate": -1.15301},
					{"origin": [0.59515, 33.18183, -4.46164], "size": [4, 5, 4], "uv": [0, 33], "inflate": -1.50485},
					{"origin": [0.46582, 35.04279, -4.59098], "size": [4, 4, 4], "uv": [0, 33], "inflate": -1.63418},
					{"origin": [0.37026, 35.67887, -4.68653], "size": [4, 4, 4], "uv": [0, 33], "inflate": -1.72974},
					{"origin": [0.29967, 36.1488, -4.75713], "size": [4, 4, 4], "uv": [0, 33], "inflate": -1.80033}
				]
			},
			{
				"name": "bone157",
				"parent": "bone95",
				"pivot": [5.1, 22.5, 0],
				"rotation": [0, -180, 0]
			},
			{
				"name": "bone158",
				"parent": "bone157",
				"pivot": [5.1, 22.5, -2.9568],
				"rotation": [-9.87928, 0, 0]
			},
			{
				"name": "bone159",
				"parent": "bone158",
				"pivot": [5.1, 21.99269, -2.9568],
				"rotation": [0, 0, -9.73561],
				"cubes": [
					{"origin": [4.6, 21.49269, -3.4568], "size": [4, 10, 4], "uv": [0, 33], "inflate": -0.5},
					{"origin": [5.25301, 29.83968, -4.10981], "size": [4, 6, 4], "uv": [0, 33], "inflate": -1.15301},
					{"origin": [5.60485, 33.18183, -4.46164], "size": [4, 5, 4], "uv": [0, 33], "inflate": -1.50485},
					{"origin": [5.73418, 35.04279, -4.59098], "size": [4, 4, 4], "uv": [0, 33], "inflate": -1.63418},
					{"origin": [5.82974, 35.67887, -4.68653], "size": [4, 4, 4], "uv": [0, 33], "inflate": -1.72974},
					{"origin": [5.90033, 36.1488, -4.75713], "size": [4, 4, 4], "uv": [0, 33], "inflate": -1.80033}
				]
			},
			{
				"name": "bone160",
				"parent": "bone158",
				"pivot": [5.1, 21.99269, -2.9568],
				"rotation": [0, 0, 9.73561],
				"cubes": [
					{"origin": [1.6, 21.49269, -3.4568], "size": [4, 10, 4], "uv": [0, 33], "inflate": -0.5},
					{"origin": [0.94699, 29.83968, -4.10981], "size": [4, 6, 4], "uv": [0, 33], "inflate": -1.15301},
					{"origin": [0.59515, 33.18183, -4.46164], "size": [4, 5, 4], "uv": [0, 33], "inflate": -1.50485},
					{"origin": [0.46582, 35.04279, -4.59098], "size": [4, 4, 4], "uv": [0, 33], "inflate": -1.63418},
					{"origin": [0.37026, 35.67887, -4.68653], "size": [4, 4, 4], "uv": [0, 33], "inflate": -1.72974},
					{"origin": [0.29967, 36.1488, -4.75713], "size": [4, 4, 4], "uv": [0, 33], "inflate": -1.80033}
				]
			},
			{
				"name": "bone161",
				"parent": "bone95",
				"pivot": [5.1, 22.5, 0],
				"rotation": [0, -270, 0]
			},
			{
				"name": "bone162",
				"parent": "bone161",
				"pivot": [5.1, 22.5, -2.9568],
				"rotation": [-9.87928, 0, 0]
			},
			{
				"name": "bone163",
				"parent": "bone162",
				"pivot": [5.1, 21.99269, -2.9568],
				"rotation": [0, 0, -9.73561],
				"cubes": [
					{"origin": [4.6, 21.49269, -3.4568], "size": [4, 10, 4], "uv": [0, 33], "inflate": -0.5},
					{"origin": [5.25301, 29.83968, -4.10981], "size": [4, 6, 4], "uv": [0, 33], "inflate": -1.15301},
					{"origin": [5.60485, 33.18183, -4.46164], "size": [4, 5, 4], "uv": [0, 33], "inflate": -1.50485},
					{"origin": [5.73418, 35.04279, -4.59098], "size": [4, 4, 4], "uv": [0, 33], "inflate": -1.63418},
					{"origin": [5.82974, 35.67887, -4.68653], "size": [4, 4, 4], "uv": [0, 33], "inflate": -1.72974},
					{"origin": [5.90033, 36.1488, -4.75713], "size": [4, 4, 4], "uv": [0, 33], "inflate": -1.80033}
				]
			},
			{
				"name": "bone164",
				"parent": "bone162",
				"pivot": [5.1, 21.99269, -2.9568],
				"rotation": [0, 0, 9.73561],
				"cubes": [
					{"origin": [1.6, 21.49269, -3.4568], "size": [4, 10, 4], "uv": [0, 33], "inflate": -0.5},
					{"origin": [0.94699, 29.83968, -4.10981], "size": [4, 6, 4], "uv": [0, 33], "inflate": -1.15301},
					{"origin": [0.59515, 33.18183, -4.46164], "size": [4, 5, 4], "uv": [0, 33], "inflate": -1.50485},
					{"origin": [0.46582, 35.04279, -4.59098], "size": [4, 4, 4], "uv": [0, 33], "inflate": -1.63418},
					{"origin": [0.37026, 35.67887, -4.68653], "size": [4, 4, 4], "uv": [0, 33], "inflate": -1.72974},
					{"origin": [0.29967, 36.1488, -4.75713], "size": [4, 4, 4], "uv": [0, 33], "inflate": -1.80033}
				]
			},
			{
				"name": "shoulder2",
				"parent": "body",
				"pivot": [0, 0, 0]
			},
			{
				"name": "bone97",
				"parent": "shoulder2",
				"pivot": [0, 0, 0]
			},
			{
				"name": "vents2",
				"parent": "bone97",
				"pivot": [-9, 23.7, 0.2],
				"rotation": [0.34205, -88.12063, 0.34205]
			},
			{
				"name": "bone98",
				"parent": "vents2",
				"pivot": [0.9, 25.06641, 4.61278],
				"rotation": [-20, 0, 0],
				"cubes": [
					{"origin": [-10.6, 22.60231, 0.29412], "size": [2.8, 0.1, 1], "uv": [6, 47], "mirror": true}
				]
			},
			{
				"name": "bone99",
				"parent": "vents2",
				"pivot": [0.9, 25.26641, 4.61278],
				"rotation": [-20, 0, 0],
				"cubes": [
					{"origin": [-10.3, 22.80231, 0.29412], "size": [2.2, 0.1, 1], "uv": [6, 47], "mirror": true}
				]
			},
			{
				"name": "bone100",
				"parent": "vents2",
				"pivot": [0.9, 25.46641, 4.61278],
				"rotation": [-20, 0, 0],
				"cubes": [
					{"origin": [-10.1, 23.00231, 0.29412], "size": [1.8, 0.1, 1], "uv": [6, 47], "mirror": true}
				]
			},
			{
				"name": "bone101",
				"parent": "vents2",
				"pivot": [0.9, 25.66641, 4.61278],
				"rotation": [-20, 0, 0],
				"cubes": [
					{"origin": [-9.9, 23.20231, 0.29412], "size": [1.4, 0.1, 1], "uv": [6, 47], "mirror": true}
				]
			},
			{
				"name": "bone102",
				"parent": "vents2",
				"pivot": [0.9, 25.86641, 4.61278],
				"rotation": [-20, 0, 0],
				"cubes": [
					{"origin": [-9.7, 23.40231, 0.29412], "size": [1, 0.1, 1], "uv": [6, 47], "mirror": true}
				]
			},
			{
				"name": "bone103",
				"parent": "vents2",
				"pivot": [0.9, 24.86641, 4.61278],
				"rotation": [-20, 0, 0],
				"cubes": [
					{"origin": [-10.6, 22.40231, 0.29412], "size": [2.8, 0.1, 1], "uv": [6, 47], "mirror": true}
				]
			},
			{
				"name": "bone104",
				"parent": "vents2",
				"pivot": [0.9, 24.66641, 4.61278],
				"rotation": [-20, 0, 0],
				"cubes": [
					{"origin": [-10.6, 22.20231, 0.29412], "size": [2.8, 0.1, 1], "uv": [6, 47], "mirror": true}
				]
			},
			{
				"name": "bone105",
				"parent": "vents2",
				"pivot": [0.9, 24.46641, 4.61278],
				"rotation": [-20, 0, 0],
				"cubes": [
					{"origin": [-10.6, 22.00231, 0.29412], "size": [2.8, 0.1, 1], "uv": [6, 47], "mirror": true}
				]
			},
			{
				"name": "bone106",
				"parent": "vents2",
				"pivot": [0.9, 24.26641, 4.61278],
				"rotation": [-20, 0, 0],
				"cubes": [
					{"origin": [-10.6, 21.80231, 0.29412], "size": [2.8, 0.1, 1], "uv": [6, 47], "mirror": true}
				]
			},
			{
				"name": "bone107",
				"parent": "vents2",
				"pivot": [0.9, 24.06641, 4.61278],
				"rotation": [-20, 0, 0],
				"cubes": [
					{"origin": [-10.5, 21.60231, 0.29412], "size": [2.6, 0.1, 1], "uv": [6, 47], "mirror": true}
				]
			},
			{
				"name": "bone108",
				"parent": "vents2",
				"pivot": [0.9, 23.86641, 4.61278],
				"rotation": [-20, 0, 0],
				"cubes": [
					{"origin": [-10.5, 21.40231, 0.29412], "size": [2.6, 0.1, 1], "uv": [6, 47], "mirror": true}
				]
			},
			{
				"name": "bone109",
				"parent": "vents2",
				"pivot": [0.9, 23.66641, 4.61278],
				"rotation": [-20, 0, 0],
				"cubes": [
					{"origin": [-10.4, 21.20231, 0.29412], "size": [2.4, 0.1, 1], "uv": [6, 47], "mirror": true}
				]
			},
			{
				"name": "bone110",
				"parent": "vents2",
				"pivot": [0.9, 23.46641, 4.61278],
				"rotation": [-20, 0, 0],
				"cubes": [
					{"origin": [-10.3, 21.00231, 0.29412], "size": [2.2, 0.1, 1], "uv": [6, 47], "mirror": true}
				]
			},
			{
				"name": "junketsuEyes2",
				"parent": "shoulder2",
				"pivot": [-0.8, 1.8, 0]
			},
			{
				"name": "bone111",
				"parent": "junketsuEyes2",
				"pivot": [-5.4, 26, -3],
				"rotation": [0, 0, 57],
				"cubes": [
					{"origin": [-10.8, 25.9, -2.8], "size": [5.3, 0.3, 1.9], "uv": [0, 58], "mirror": true}
				]
			},
			{
				"name": "bone112",
				"parent": "junketsuEyes2",
				"pivot": [-6.2, 28.5, -3],
				"rotation": [0, 0, 43],
				"cubes": [
					{"origin": [-11.6, 28.4, -2.8], "size": [2.5, 0.3, 4.4], "uv": [0, 58], "mirror": true}
				]
			},
			{
				"name": "bone113",
				"parent": "junketsuEyes2",
				"pivot": [-8, 26.4, -3],
				"rotation": [0, 0, 85],
				"cubes": [
					{"origin": [-12.1, 26.4, -2.8], "size": [4, 0.2, 1.9], "uv": [0, 58], "mirror": true}
				]
			},
			{
				"name": "bone114",
				"parent": "junketsuEyes2",
				"pivot": [-5.4, 26, -3],
				"rotation": [0, 0, 10],
				"cubes": [
					{"origin": [-8.1, 26, -2.8], "size": [2.6, 0.2, 1.9], "uv": [0, 58], "mirror": true}
				]
			},
			{
				"name": "bone115",
				"parent": "junketsuEyes2",
				"pivot": [-5.4, 26.2, -3],
				"rotation": [0, 0, 10],
				"cubes": [
					{"origin": [-8, 26.2, -2.7], "size": [2.4, 0.3, 1.8], "uv": [42, 39], "mirror": true}
				]
			},
			{
				"name": "bone116",
				"parent": "junketsuEyes2",
				"pivot": [-5.4, 26.5, -3],
				"rotation": [0, 0, 10],
				"cubes": [
					{"origin": [-7.6, 26.5, -2.6], "size": [1.7, 0.2, 1.7], "uv": [47, 34], "mirror": true}
				]
			},
			{
				"name": "bone117",
				"parent": "junketsuEyes2",
				"pivot": [-5.4, 26.7, -3],
				"rotation": [0, 0, 10],
				"cubes": [
					{"origin": [-7.3, 26.7, -2.6], "size": [1.3, 0.2, 1.7], "uv": [2, 52], "mirror": true}
				]
			},
			{
				"name": "bone118",
				"parent": "junketsuEyes2",
				"pivot": [-7.7, 26.8, -2.2],
				"rotation": [0, 0, -95.5],
				"cubes": [
					{"origin": [-7.73379, 26.54324, -2.7], "size": [3.2, 0.4, 1.8], "uv": [42, 39], "mirror": true}
				]
			},
			{
				"name": "bone119",
				"parent": "junketsuEyes2",
				"pivot": [-7.3, 26.8, -2.2],
				"rotation": [0, 0, -95.5],
				"cubes": [
					{"origin": [-7.13379, 26.74324, -2.6], "size": [2.3, 0.2, 1.7], "uv": [47, 34], "mirror": true}
				]
			},
			{
				"name": "bone120",
				"parent": "junketsuEyes2",
				"pivot": [-7.1, 26.8, -2.2],
				"rotation": [0, 0, -95.5],
				"cubes": [
					{"origin": [-6.83379, 26.74324, -2.6], "size": [2.2, 0.2, 1.7], "uv": [1, 52], "mirror": true}
				]
			},
			{
				"name": "bone121",
				"parent": "junketsuEyes2",
				"pivot": [-6.6, 26.8, -2.2],
				"rotation": [0, 0, -121.5],
				"cubes": [
					{"origin": [-6.63379, 26.24324, -2.5], "size": [1.9, 0.8, 1.6], "uv": [47, 42], "mirror": true}
				]
			},
			{
				"name": "bone122",
				"parent": "shoulder2",
				"pivot": [-7.7, 24.6, -2.5],
				"rotation": [0, 0, 179]
			},
			{
				"name": "bone123",
				"parent": "bone122",
				"pivot": [-6.3, 22.8, -3],
				"rotation": [0, 0, 50],
				"cubes": [
					{"origin": [-8.1, 22.8, -2.8], "size": [1.7, 0.3, 5.6], "uv": [0, 58], "mirror": true}
				]
			},
			{
				"name": "bone124",
				"parent": "shoulder2",
				"pivot": [-6.2, 26, -2.5],
				"rotation": [0, 0, 84]
			},
			{
				"name": "bone125",
				"parent": "bone124",
				"pivot": [-4.8, 24.2, -3],
				"rotation": [0, 0, 50],
				"cubes": [
					{"origin": [-6.9, 23.4, -2.8], "size": [2, 0.3, 5.6], "uv": [0, 58], "mirror": true}
				]
			},
			{
				"name": "bone218",
				"parent": "shoulder2",
				"pivot": [-6.6, 27.1, -1.9],
				"rotation": [0, 0, -6]
			},
			{
				"name": "bone219",
				"parent": "bone218",
				"pivot": [-5.2, 25.3, -2],
				"rotation": [0, 0, 50],
				"cubes": [
					{"origin": [-7.3, 24.5, 1.6], "size": [4.2, 0.3, 1.2], "uv": [0, 58], "mirror": true}
				]
			},
			{
				"name": "bone220",
				"parent": "shoulder2",
				"pivot": [6.6, 27.1, -1.9],
				"rotation": [0, 0, 6]
			},
			{
				"name": "bone221",
				"parent": "bone220",
				"pivot": [5.2, 25.3, -2],
				"rotation": [0, 0, -50],
				"cubes": [
					{"origin": [3.1, 24.5, 1.6], "size": [4.2, 0.3, 1.2], "uv": [0, 58]}
				]
			},
			{
				"name": "bone126",
				"parent": "shoulder2",
				"pivot": [0, 0, 0]
			},
			{
				"name": "bone127",
				"parent": "bone126",
				"pivot": [-4.6, 24.2, -3],
				"rotation": [0, 0, 50],
				"cubes": [
					{"origin": [-7.1, 24.7, -2.8], "size": [2, 0.3, 5], "uv": [0, 58], "mirror": true}
				]
			},
			{
				"name": "bone128",
				"parent": "shoulder2",
				"pivot": [-5.8, 22.9, -2.2],
				"rotation": [80.09538, -1.38481, -7.88]
			},
			{
				"name": "bone129",
				"parent": "bone128",
				"pivot": [-5.8, 22.9, -2.2],
				"cubes": [
					{"origin": [-6.8, 22.9, -2.4], "size": [2, 1, 2.2], "uv": [6, 39], "mirror": true}
				]
			},
			{
				"name": "bone130",
				"parent": "bone128",
				"pivot": [-5.8, 22.9, -2.8],
				"cubes": [
					{"origin": [-6.6, 22.9, -3], "size": [1.6, 0.8, 0.6], "uv": [37, 34], "mirror": true}
				]
			},
			{
				"name": "bone131",
				"parent": "bone128",
				"pivot": [-5.8, 22.9, -2.2],
				"rotation": [0, 90, 0],
				"cubes": [
					{"origin": [-6.9, 22.9, -1.4], "size": [2.6, 1, 0.3], "uv": [6, 39], "mirror": true}
				]
			},
			{
				"name": "bone132",
				"parent": "bone128",
				"pivot": [-5.8, 22.9, -2.2],
				"rotation": [0, 180, 0],
				"cubes": [
					{"origin": [-6.9, 22.9, -1.4], "size": [2.2, 0.9, 0.3], "uv": [6, 39], "mirror": true}
				]
			},
			{
				"name": "bone133",
				"parent": "bone128",
				"pivot": [-5.8, 22.9, -2.2],
				"rotation": [0, 270, 0],
				"cubes": [
					{"origin": [-7.3, 22.9, -1.4], "size": [2.6, 1, 0.3], "uv": [6, 39], "mirror": true}
				]
			},
			{
				"name": "bone134",
				"parent": "shoulder2",
				"pivot": [-8.9, 23.5, 0],
				"rotation": [-1.0599, 17.61519, 88.78793]
			},
			{
				"name": "bone135",
				"parent": "bone134",
				"pivot": [-8.9, 23.5, 0],
				"cubes": [
					{"origin": [-10.2, 22.8, 1.27638], "size": [2.5, 1.7, 0.5], "uv": [5, 40], "mirror": true}
				]
			},
			{
				"name": "bone136",
				"parent": "bone134",
				"pivot": [-8.9, 23.5, 0],
				"rotation": [0, 72, 0],
				"cubes": [
					{"origin": [-10.2, 22.8, 1.27638], "size": [2.5, 1.7, 0.5], "uv": [5, 40], "mirror": true}
				]
			},
			{
				"name": "bone137",
				"parent": "bone134",
				"pivot": [-8.9, 23.5, 0],
				"rotation": [0, 144, 0],
				"cubes": [
					{"origin": [-10.2, 22.8, 1.27638], "size": [2.5, 1.7, 0.5], "uv": [5, 40], "mirror": true}
				]
			},
			{
				"name": "bone138",
				"parent": "bone134",
				"pivot": [-8.9, 23.5, 0],
				"rotation": [0, 216, 0],
				"cubes": [
					{"origin": [-10.2, 22.8, 1.27638], "size": [2.5, 1.7, 0.5], "uv": [5, 40], "mirror": true}
				]
			},
			{
				"name": "bone139",
				"parent": "bone134",
				"pivot": [-8.9, 23.5, 0],
				"rotation": [0, 288, 0],
				"cubes": [
					{"origin": [-10.2, 22.8, 1.27638], "size": [2.5, 1.7, 0.5], "uv": [5, 40], "mirror": true}
				]
			},
			{
				"name": "bone140",
				"parent": "shoulder2",
				"pivot": [-5.1, 22.5, 0],
				"rotation": [0, 0, -20]
			},
			{
				"name": "bone141",
				"parent": "bone140",
				"pivot": [-5.1, 22.5, 0]
			},
			{
				"name": "bone142",
				"parent": "bone141",
				"pivot": [-5.1, 22.5, -2.9568],
				"rotation": [-9.87928, 0, 0]
			},
			{
				"name": "bone143",
				"parent": "bone142",
				"pivot": [-5.1, 21.99269, -2.9568],
				"rotation": [0, 0, 9.73561],
				"cubes": [
					{"origin": [-8.6, 21.49269, -3.4568], "size": [4, 10, 4], "uv": [0, 33], "inflate": -0.5, "mirror": true},
					{"origin": [-9.25301, 29.83968, -4.10981], "size": [4, 6, 4], "uv": [0, 33], "inflate": -1.15301, "mirror": true},
					{"origin": [-9.60485, 33.18183, -4.46164], "size": [4, 5, 4], "uv": [0, 33], "inflate": -1.50485, "mirror": true},
					{"origin": [-9.73418, 35.04279, -4.59098], "size": [4, 4, 4], "uv": [0, 33], "inflate": -1.63418, "mirror": true},
					{"origin": [-9.82974, 35.67887, -4.68653], "size": [4, 4, 4], "uv": [0, 33], "inflate": -1.72974, "mirror": true},
					{"origin": [-9.90033, 36.1488, -4.75713], "size": [4, 4, 4], "uv": [0, 33], "inflate": -1.80033, "mirror": true}
				]
			},
			{
				"name": "bone144",
				"parent": "bone142",
				"pivot": [-5.1, 21.99269, -2.9568],
				"rotation": [0, 0, -9.73561],
				"cubes": [
					{"origin": [-5.6, 21.49269, -3.4568], "size": [4, 10, 4], "uv": [0, 33], "inflate": -0.5, "mirror": true},
					{"origin": [-4.94699, 29.83968, -4.10981], "size": [4, 6, 4], "uv": [0, 33], "inflate": -1.15301, "mirror": true},
					{"origin": [-4.59515, 33.18183, -4.46164], "size": [4, 5, 4], "uv": [0, 33], "inflate": -1.50485, "mirror": true},
					{"origin": [-4.46582, 35.04279, -4.59098], "size": [4, 4, 4], "uv": [0, 33], "inflate": -1.63418, "mirror": true},
					{"origin": [-4.37026, 35.67887, -4.68653], "size": [4, 4, 4], "uv": [0, 33], "inflate": -1.72974, "mirror": true},
					{"origin": [-4.29967, 36.1488, -4.75713], "size": [4, 4, 4], "uv": [0, 33], "inflate": -1.80033, "mirror": true}
				]
			},
			{
				"name": "bone145",
				"parent": "bone140",
				"pivot": [-5.1, 22.5, 0],
				"rotation": [0, 90, 0]
			},
			{
				"name": "bone146",
				"parent": "bone145",
				"pivot": [-5.1, 22.5, -2.9568],
				"rotation": [-9.87928, 0, 0]
			},
			{
				"name": "bone147",
				"parent": "bone146",
				"pivot": [-5.1, 21.99269, -2.9568],
				"rotation": [0, 0, 9.73561],
				"cubes": [
					{"origin": [-8.6, 21.49269, -3.4568], "size": [4, 10, 4], "uv": [0, 33], "inflate": -0.5, "mirror": true},
					{"origin": [-9.25301, 29.83968, -4.10981], "size": [4, 6, 4], "uv": [0, 33], "inflate": -1.15301, "mirror": true},
					{"origin": [-9.60485, 33.18183, -4.46164], "size": [4, 5, 4], "uv": [0, 33], "inflate": -1.50485, "mirror": true},
					{"origin": [-9.73418, 35.04279, -4.59098], "size": [4, 4, 4], "uv": [0, 33], "inflate": -1.63418, "mirror": true},
					{"origin": [-9.82974, 35.67887, -4.68653], "size": [4, 4, 4], "uv": [0, 33], "inflate": -1.72974, "mirror": true},
					{"origin": [-9.90033, 36.1488, -4.75713], "size": [4, 4, 4], "uv": [0, 33], "inflate": -1.80033, "mirror": true}
				]
			},
			{
				"name": "bone148",
				"parent": "bone146",
				"pivot": [-5.1, 21.99269, -2.9568],
				"rotation": [0, 0, -9.73561],
				"cubes": [
					{"origin": [-5.6, 21.49269, -3.4568], "size": [4, 10, 4], "uv": [0, 33], "inflate": -0.5, "mirror": true},
					{"origin": [-4.94699, 29.83968, -4.10981], "size": [4, 6, 4], "uv": [0, 33], "inflate": -1.15301, "mirror": true},
					{"origin": [-4.59515, 33.18183, -4.46164], "size": [4, 5, 4], "uv": [0, 33], "inflate": -1.50485, "mirror": true},
					{"origin": [-4.46582, 35.04279, -4.59098], "size": [4, 4, 4], "uv": [0, 33], "inflate": -1.63418, "mirror": true},
					{"origin": [-4.37026, 35.67887, -4.68653], "size": [4, 4, 4], "uv": [0, 33], "inflate": -1.72974, "mirror": true},
					{"origin": [-4.29967, 36.1488, -4.75713], "size": [4, 4, 4], "uv": [0, 33], "inflate": -1.80033, "mirror": true}
				]
			},
			{
				"name": "bone209",
				"parent": "bone140",
				"pivot": [-5.1, 22.5, 0],
				"rotation": [0, 180, 0]
			},
			{
				"name": "bone210",
				"parent": "bone209",
				"pivot": [-5.1, 22.5, -2.9568],
				"rotation": [-9.87928, 0, 0]
			},
			{
				"name": "bone211",
				"parent": "bone210",
				"pivot": [-5.1, 21.99269, -2.9568],
				"rotation": [0, 0, 9.73561],
				"cubes": [
					{"origin": [-8.6, 21.49269, -3.4568], "size": [4, 10, 4], "uv": [0, 33], "inflate": -0.5, "mirror": true},
					{"origin": [-9.25301, 29.83968, -4.10981], "size": [4, 6, 4], "uv": [0, 33], "inflate": -1.15301, "mirror": true},
					{"origin": [-9.60485, 33.18183, -4.46164], "size": [4, 5, 4], "uv": [0, 33], "inflate": -1.50485, "mirror": true},
					{"origin": [-9.73418, 35.04279, -4.59098], "size": [4, 4, 4], "uv": [0, 33], "inflate": -1.63418, "mirror": true},
					{"origin": [-9.82974, 35.67887, -4.68653], "size": [4, 4, 4], "uv": [0, 33], "inflate": -1.72974, "mirror": true},
					{"origin": [-9.90033, 36.1488, -4.75713], "size": [4, 4, 4], "uv": [0, 33], "inflate": -1.80033, "mirror": true}
				]
			},
			{
				"name": "bone212",
				"parent": "bone210",
				"pivot": [-5.1, 21.99269, -2.9568],
				"rotation": [0, 0, -9.73561],
				"cubes": [
					{"origin": [-5.6, 21.49269, -3.4568], "size": [4, 10, 4], "uv": [0, 33], "inflate": -0.5, "mirror": true},
					{"origin": [-4.94699, 29.83968, -4.10981], "size": [4, 6, 4], "uv": [0, 33], "inflate": -1.15301, "mirror": true},
					{"origin": [-4.59515, 33.18183, -4.46164], "size": [4, 5, 4], "uv": [0, 33], "inflate": -1.50485, "mirror": true},
					{"origin": [-4.46582, 35.04279, -4.59098], "size": [4, 4, 4], "uv": [0, 33], "inflate": -1.63418, "mirror": true},
					{"origin": [-4.37026, 35.67887, -4.68653], "size": [4, 4, 4], "uv": [0, 33], "inflate": -1.72974, "mirror": true},
					{"origin": [-4.29967, 36.1488, -4.75713], "size": [4, 4, 4], "uv": [0, 33], "inflate": -1.80033, "mirror": true}
				]
			},
			{
				"name": "bone213",
				"parent": "bone140",
				"pivot": [-5.1, 22.5, 0],
				"rotation": [0, 270, 0]
			},
			{
				"name": "bone214",
				"parent": "bone213",
				"pivot": [-5.1, 22.5, -2.9568],
				"rotation": [-9.87928, 0, 0]
			},
			{
				"name": "bone215",
				"parent": "bone214",
				"pivot": [-5.1, 21.99269, -2.9568],
				"rotation": [0, 0, 9.73561],
				"cubes": [
					{"origin": [-8.6, 21.49269, -3.4568], "size": [4, 10, 4], "uv": [0, 33], "inflate": -0.5, "mirror": true},
					{"origin": [-9.25301, 29.83968, -4.10981], "size": [4, 6, 4], "uv": [0, 33], "inflate": -1.15301, "mirror": true},
					{"origin": [-9.60485, 33.18183, -4.46164], "size": [4, 5, 4], "uv": [0, 33], "inflate": -1.50485, "mirror": true},
					{"origin": [-9.73418, 35.04279, -4.59098], "size": [4, 4, 4], "uv": [0, 33], "inflate": -1.63418, "mirror": true},
					{"origin": [-9.82974, 35.67887, -4.68653], "size": [4, 4, 4], "uv": [0, 33], "inflate": -1.72974, "mirror": true},
					{"origin": [-9.90033, 36.1488, -4.75713], "size": [4, 4, 4], "uv": [0, 33], "inflate": -1.80033, "mirror": true}
				]
			},
			{
				"name": "bone216",
				"parent": "bone214",
				"pivot": [-5.1, 21.99269, -2.9568],
				"rotation": [0, 0, -9.73561],
				"cubes": [
					{"origin": [-5.6, 21.49269, -3.4568], "size": [4, 10, 4], "uv": [0, 33], "inflate": -0.5, "mirror": true},
					{"origin": [-4.94699, 29.83968, -4.10981], "size": [4, 6, 4], "uv": [0, 33], "inflate": -1.15301, "mirror": true},
					{"origin": [-4.59515, 33.18183, -4.46164], "size": [4, 5, 4], "uv": [0, 33], "inflate": -1.50485, "mirror": true},
					{"origin": [-4.46582, 35.04279, -4.59098], "size": [4, 4, 4], "uv": [0, 33], "inflate": -1.63418, "mirror": true},
					{"origin": [-4.37026, 35.67887, -4.68653], "size": [4, 4, 4], "uv": [0, 33], "inflate": -1.72974, "mirror": true},
					{"origin": [-4.29967, 36.1488, -4.75713], "size": [4, 4, 4], "uv": [0, 33], "inflate": -1.80033, "mirror": true}
				]
			},
			{
				"name": "backDiamond",
				"parent": "body",
				"pivot": [0, 0, 0]
			},
			{
				"name": "bone226",
				"parent": "backDiamond",
				"pivot": [6.4, 23, 2.4],
				"rotation": [90, 0, 10]
			},
			{
				"name": "bone228",
				"parent": "bone226",
				"pivot": [6.4, 23, 2.4],
				"rotation": [0, -120, 0],
				"cubes": [
					{"origin": [5.2, 22, 2.87735], "size": [2.4, 1, 0.4], "uv": [6, 41]}
				]
			},
			{
				"name": "bone229",
				"parent": "bone226",
				"pivot": [6.4, 23, 2.4],
				"rotation": [0, -240, 0],
				"cubes": [
					{"origin": [5.2, 22, 2.87735], "size": [2.4, 1, 0.4], "uv": [6, 41]}
				]
			},
			{
				"name": "bone222",
				"parent": "backDiamond",
				"pivot": [6.6, 24.2, 2.4],
				"rotation": [-90, 0, 10]
			},
			{
				"name": "bone223",
				"parent": "bone222",
				"pivot": [6.6, 24.2, 2.4],
				"cubes": [
					{"origin": [5.6, 24.2, 2.37735], "size": [2, 0.9, 1.2], "uv": [36, 34]}
				]
			},
			{
				"name": "bone231",
				"parent": "bone222",
				"pivot": [6.6, 24.2, 3.6],
				"cubes": [
					{"origin": [6, 24.2, 3.57735], "size": [1.3, 0.9, 0.6], "uv": [37, 35]}
				]
			},
			{
				"name": "bone232",
				"parent": "bone222",
				"pivot": [6.6, 24.2, 4],
				"cubes": [
					{"origin": [6.2, 24.2, 3.97735], "size": [0.8, 0.9, 0.6], "uv": [38, 35]}
				]
			},
			{
				"name": "bone227",
				"parent": "bone222",
				"pivot": [6.6, 24.2, 1.2],
				"cubes": [
					{"origin": [5.9, 24.2, 1.87735], "size": [1.4, 0.9, 0.5], "uv": [38, 35]}
				]
			},
			{
				"name": "bone230",
				"parent": "bone222",
				"pivot": [6.6, 24.2, 0.7],
				"cubes": [
					{"origin": [6.2, 24.2, 1.37735], "size": [0.8, 0.9, 0.5], "uv": [36, 35]}
				]
			},
			{
				"name": "bone224",
				"parent": "bone222",
				"pivot": [6.6, 24.2, 2.4],
				"rotation": [0, -120, 0],
				"cubes": [
					{"origin": [5.4, 24.2, 2.87735], "size": [2.4, 1, 0.4], "uv": [0, 37]}
				]
			},
			{
				"name": "bone225",
				"parent": "bone222",
				"pivot": [6.6, 24.2, 2.4],
				"rotation": [0, -240, 0],
				"cubes": [
					{"origin": [5.4, 24.2, 2.87735], "size": [2.4, 1, 0.4], "uv": [0, 37]}
				]
			},
			{
				"name": "backDiamond2",
				"parent": "body",
				"pivot": [0, 0, 0]
			},
			{
				"name": "bone233",
				"parent": "backDiamond2",
				"pivot": [-6.4, 23, 2.4],
				"rotation": [90, 0, -10]
			},
			{
				"name": "bone234",
				"parent": "bone233",
				"pivot": [-6.4, 23, 2.4],
				"rotation": [0, 120, 0],
				"cubes": [
					{"origin": [-7.6, 22, 2.87735], "size": [2.4, 1, 0.4], "uv": [6, 41], "mirror": true}
				]
			},
			{
				"name": "bone235",
				"parent": "bone233",
				"pivot": [-6.4, 23, 2.4],
				"rotation": [0, 240, 0],
				"cubes": [
					{"origin": [-7.6, 22, 2.87735], "size": [2.4, 1, 0.4], "uv": [6, 41], "mirror": true}
				]
			},
			{
				"name": "bone236",
				"parent": "backDiamond2",
				"pivot": [-6.6, 24.2, 2.4],
				"rotation": [-90, 0, -10]
			},
			{
				"name": "bone237",
				"parent": "bone236",
				"pivot": [-6.6, 24.2, 2.4],
				"cubes": [
					{"origin": [-7.6, 24.2, 2.37735], "size": [2, 0.9, 1.2], "uv": [36, 34], "mirror": true}
				]
			},
			{
				"name": "bone238",
				"parent": "bone236",
				"pivot": [-6.6, 24.2, 3.6],
				"cubes": [
					{"origin": [-7.3, 24.2, 3.57735], "size": [1.3, 0.9, 0.6], "uv": [37, 35], "mirror": true}
				]
			},
			{
				"name": "bone239",
				"parent": "bone236",
				"pivot": [-6.6, 24.2, 4],
				"cubes": [
					{"origin": [-7, 24.2, 3.97735], "size": [0.8, 0.9, 0.6], "uv": [38, 35], "mirror": true}
				]
			},
			{
				"name": "bone240",
				"parent": "bone236",
				"pivot": [-6.6, 24.2, 1.2],
				"cubes": [
					{"origin": [-7.3, 24.2, 1.87735], "size": [1.4, 0.9, 0.5], "uv": [38, 35], "mirror": true}
				]
			},
			{
				"name": "bone241",
				"parent": "bone236",
				"pivot": [-6.6, 24.2, 0.7],
				"cubes": [
					{"origin": [-7, 24.2, 1.37735], "size": [0.8, 0.9, 0.5], "uv": [36, 35], "mirror": true}
				]
			},
			{
				"name": "bone242",
				"parent": "bone236",
				"pivot": [-6.6, 24.2, 2.4],
				"rotation": [0, 120, 0],
				"cubes": [
					{"origin": [-7.8, 24.2, 2.87735], "size": [2.4, 1, 0.4], "uv": [0, 37], "mirror": true}
				]
			},
			{
				"name": "bone243",
				"parent": "bone236",
				"pivot": [-6.6, 24.2, 2.4],
				"rotation": [0, 240, 0],
				"cubes": [
					{"origin": [-7.8, 24.2, 2.87735], "size": [2.4, 1, 0.4], "uv": [0, 37], "mirror": true}
				]
			},
			{
				"name": "backDiamond3",
				"parent": "body",
				"pivot": [5, 11.9, -1.2],
				"rotation": [-140.72009, 65.52593, -152.57557]
			},
			{
				"name": "bone244",
				"parent": "backDiamond3",
				"pivot": [4.9, 11.4, -1.6],
				"rotation": [90, 0, 10]
			},
			{
				"name": "bone245",
				"parent": "bone244",
				"pivot": [4.9, 11.4, -1.6],
				"rotation": [0, -120, 0],
				"cubes": [
					{"origin": [3.7, 10.4, -1.12265], "size": [2.4, 1, 0.4], "uv": [6, 41]}
				]
			},
			{
				"name": "bone246",
				"parent": "bone244",
				"pivot": [4.9, 11.4, -1.6],
				"rotation": [0, -240, 0],
				"cubes": [
					{"origin": [3.7, 10.4, -1.12265], "size": [2.4, 1, 0.4], "uv": [6, 41]}
				]
			},
			{
				"name": "bone247",
				"parent": "backDiamond3",
				"pivot": [5.1, 12.6, -1.6],
				"rotation": [-90, 0, 10]
			},
			{
				"name": "bone248",
				"parent": "bone247",
				"pivot": [5.1, 12.6, -1.6],
				"cubes": [
					{"origin": [4.1, 12.6, -1.62265], "size": [2, 0.9, 1.2], "uv": [4, 60]}
				]
			},
			{
				"name": "bone249",
				"parent": "bone247",
				"pivot": [5.1, 12.6, -0.4],
				"cubes": [
					{"origin": [4.5, 12.6, -0.42265], "size": [1.3, 0.9, 0.6], "uv": [7, 61]}
				]
			},
			{
				"name": "bone250",
				"parent": "bone247",
				"pivot": [5.1, 12.6, 0],
				"cubes": [
					{"origin": [4.7, 12.6, -0.02265], "size": [0.8, 0.9, 0.6], "uv": [7, 60]}
				]
			},
			{
				"name": "bone251",
				"parent": "bone247",
				"pivot": [5.1, 12.6, -2.8],
				"cubes": [
					{"origin": [4.4, 12.6, -2.12265], "size": [1.4, 0.9, 0.5], "uv": [8, 60]}
				]
			},
			{
				"name": "bone252",
				"parent": "bone247",
				"pivot": [5.1, 12.6, -3.3],
				"cubes": [
					{"origin": [4.7, 12.6, -2.62265], "size": [0.8, 0.9, 0.5], "uv": [8, 61]}
				]
			},
			{
				"name": "bone253",
				"parent": "bone247",
				"pivot": [5.1, 12.6, -1.6],
				"rotation": [0, -120, 0],
				"cubes": [
					{"origin": [3.9, 12.6, -1.12265], "size": [2.4, 1, 0.4], "uv": [0, 37]}
				]
			},
			{
				"name": "bone254",
				"parent": "bone247",
				"pivot": [5.1, 12.6, -1.6],
				"rotation": [0, -240, 0],
				"cubes": [
					{"origin": [3.9, 12.6, -1.12265], "size": [2.4, 1, 0.4], "uv": [0, 37]}
				]
			},
			{
				"name": "backDiamond4",
				"parent": "body",
				"pivot": [-5, 11.9, -1.2],
				"rotation": [-140.72009, -65.52593, 152.57557]
			},
			{
				"name": "bone255",
				"parent": "backDiamond4",
				"pivot": [-4.9, 11.4, -1.6],
				"rotation": [90, 0, -10]
			},
			{
				"name": "bone256",
				"parent": "bone255",
				"pivot": [-4.9, 11.4, -1.6],
				"rotation": [0, 120, 0],
				"cubes": [
					{"origin": [-6.1, 10.4, -1.12265], "size": [2.4, 1, 0.4], "uv": [6, 41], "mirror": true}
				]
			},
			{
				"name": "bone257",
				"parent": "bone255",
				"pivot": [-4.9, 11.4, -1.6],
				"rotation": [0, 240, 0],
				"cubes": [
					{"origin": [-6.1, 10.4, -1.12265], "size": [2.4, 1, 0.4], "uv": [6, 41], "mirror": true}
				]
			},
			{
				"name": "bone258",
				"parent": "backDiamond4",
				"pivot": [-5.1, 12.6, -1.6],
				"rotation": [-90, 0, -10]
			},
			{
				"name": "bone259",
				"parent": "bone258",
				"pivot": [-5.1, 12.6, -1.6],
				"cubes": [
					{"origin": [-6.1, 12.6, -1.62265], "size": [2, 0.9, 1.2], "uv": [4, 60], "mirror": true}
				]
			},
			{
				"name": "bone260",
				"parent": "bone258",
				"pivot": [-5.1, 12.6, -0.4],
				"cubes": [
					{"origin": [-5.8, 12.6, -0.42265], "size": [1.3, 0.9, 0.6], "uv": [7, 61], "mirror": true}
				]
			},
			{
				"name": "bone262",
				"parent": "bone258",
				"pivot": [-5.1, 12.6, 0],
				"cubes": [
					{"origin": [-5.5, 12.6, -0.02265], "size": [0.8, 0.9, 0.6], "uv": [7, 60], "mirror": true}
				]
			},
			{
				"name": "bone263",
				"parent": "bone258",
				"pivot": [-5.1, 12.6, -2.8],
				"cubes": [
					{"origin": [-5.8, 12.6, -2.12265], "size": [1.4, 0.9, 0.5], "uv": [8, 60], "mirror": true}
				]
			},
			{
				"name": "bone264",
				"parent": "bone258",
				"pivot": [-5.1, 12.6, -3.3],
				"cubes": [
					{"origin": [-5.5, 12.6, -2.62265], "size": [0.8, 0.9, 0.5], "uv": [8, 61], "mirror": true}
				]
			},
			{
				"name": "bone265",
				"parent": "bone258",
				"pivot": [-5.1, 12.6, -1.6],
				"rotation": [0, 120, 0],
				"cubes": [
					{"origin": [-6.3, 12.6, -1.12265], "size": [2.4, 1, 0.4], "uv": [0, 37], "mirror": true}
				]
			},
			{
				"name": "bone266",
				"parent": "bone258",
				"pivot": [-5.1, 12.6, -1.6],
				"rotation": [0, 240, 0],
				"cubes": [
					{"origin": [-6.3, 12.6, -1.12265], "size": [2.4, 1, 0.4], "uv": [0, 37], "mirror": true}
				]
			},
			{
				"name": "legRight",
				"pivot": [-2.15, 11, -0.1],
				"cubes": [
					{"origin": [-3.58891, 0.09867, -1.97784], "size": [3, 12, 4], "uv": [1, 16]},
					{"origin": [-3.58891, 0.09867, -1.97784], "size": [3, 10, 4], "uv": [1, 18], "inflate": 0.25}
				]
			},
			{
				"name": "legLeft",
				"pivot": [2.15, 11, 0.1],
				"cubes": [
					{"origin": [0.58891, 0.09973, -1.9], "size": [3, 12, 3.9], "uv": [17, 48]},
					{"origin": [0.58891, 0.09973, -1.9], "size": [3, 10, 3.9], "uv": [17, 51], "inflate": 0.25}
				]
			},
			{
				"name": "backpackPositioningBone",
				"pivot": [0, 21.5, 0]
			}
		]
	}
}