{
	"format_version": "1.10.0",
	"geometry.model": {
		"texturewidth": 256,
		"textureheight": 256,
		"visible_bounds_width": 2,
		"visible_bounds_height": 2.5,
		"visible_bounds_offset": [0, 0.75, 0],
		"bones": [
			{
				"name": "spring_festival",
				"pivot": [-0.75, 11.75, -0.25],
				"cubes": [
					{"origin": [-3.75, 11.75, -3.25], "size": [6, 3, 6], "uv": [0, 0]},
					{"origin": [-3.25, 14.75, -2.75], "size": [5, 1, 5], "uv": [0, 9]},
					{"origin": [-1.75, 15.5, -1.25], "size": [2, 1, 2], "uv": [15, 9], "inflate": -0.3},
					{"origin": [-6.75, 7.75, -8.46], "size": [12, 12, 1], "uv": [0, 15], "inflate": -5.2}
				]
			},
			{
				"name": "christmas",
				"pivot": [-2.75, 0.25, 1.5],
				"cubes": [
					{"origin": [-3.75, 11.75, -3.25], "size": [6, 1, 6], "uv": [0, 32]},
					{"origin": [-3.25, 12.25, -2.75], "size": [5, 3, 5], "uv": [0, 39]},
					{"origin": [-2.75, 15, -2.25], "size": [4, 2, 4], "uv": [0, 47]},
					{"origin": [-1.75, 16, -1.25], "size": [5, 2, 2], "uv": [12, 47]},
					{"origin": [2.5, 14.75, -1.25], "size": [2, 2, 2], "uv": [15, 39], "inflate": 0.2}
				]
			},
			{
				"name": "resourcepack_anniversary",
				"pivot": [-0.75, 11.75, -0.25],
				"cubes": [
					{"origin": [-3.75, 11.75, -3.25], "size": [6, 2, 6], "uv": [26, 32]},
					{"origin": [-3.25, 13.75, -2.75], "size": [5, 2, 5], "uv": [28, 40]},
					{"origin": [-2.75, 15.75, -2.25], "size": [4, 2, 4], "uv": [30, 41]},
					{"origin": [-2.25, 17.75, -1.75], "size": [3, 2, 3], "uv": [32, 42]},
					{"origin": [-1.75, 19.75, -1.25], "size": [2, 2, 2], "uv": [32, 28]}
				]
			},
			{
				"name": "plants_vs_zombies_anniversary",
				"pivot": [-0.75, 11.75, -0.25],
				"cubes": [
					{"origin": [-3.75, 11.75, -3.25], "size": [6, 3, 6], "uv": [25, 0]},
					{"origin": [-3.75, 14.9, -3.25], "size": [6, 0, 6], "uv": [37, 0]},
					{"origin": [-1.25, 14.5, -0.75], "size": [1, 2, 1], "uv": [25, 0], "inflate": -0.2},
					{"origin": [-2.1, 16, -0.75], "size": [1.2, 0.5, 1], "uv": [25, 3]},
					{"origin": [-0.6, 16, -0.75], "size": [1.2, 0.5, 1], "uv": [25, 3]}
				]
			},
			{
				"name": "cherry",
				"pivot": [0, 0, -1.5]
			},
			{
				"name": "cherry1",
				"parent": "cherry",
				"pivot": [0, 0, -2.25]
			},
			{
				"name": "bone",
				"parent": "cherry1",
				"pivot": [0, 0, -0.75],
				"cubes": [
					{"origin": [-6.5, 1, -3.75], "size": [5, 5, 1], "uv": [242, 245]},
					{"origin": [-6.5, 1, 2.25], "size": [5, 5, 1], "uv": [242, 245]}
				]
			},
			{
				"name": "bone3",
				"parent": "cherry1",
				"pivot": [-3.5, 3, -0.25],
				"rotation": [0, -90, 0],
				"cubes": [
					{"origin": [-6, 1, -3.25], "size": [5, 5, 1], "uv": [242, 245]},
					{"origin": [-6, 1, 2.75], "size": [5, 5, 1], "uv": [242, 245]}
				]
			},
			{
				"name": "bone4",
				"parent": "cherry1",
				"pivot": [-3.5, 3, -0.25],
				"rotation": [-90, 0, 0],
				"cubes": [
					{"origin": [-6.5, 0.5, -4.25], "size": [5, 5, 1], "uv": [242, 245]},
					{"origin": [-6.5, 0.5, 1.75], "size": [5, 5, 1], "uv": [242, 245]}
				]
			},
			{
				"name": "eye11",
				"parent": "cherry1",
				"pivot": [-2.5, 3.5, -3.75],
				"rotation": [0, 0, -10],
				"cubes": [
					{"origin": [-3.25, 3.25, -4], "size": [1, 1, 1], "uv": [242, 242]},
					{"origin": [-3.25, 3.25, -4.3], "size": [1, 1, 1], "uv": [242, 240], "inflate": -0.28}
				]
			},
			{
				"name": "bone12",
				"parent": "eye11",
				"pivot": [-3.2, 3.6, -3.75],
				"rotation": [0, 0, 80],
				"cubes": [
					{"origin": [-4.7, 3.2, -4.4], "size": [1, 2, 1], "uv": [252, 241], "inflate": -0.3}
				]
			},
			{
				"name": "eye21",
				"parent": "cherry1",
				"pivot": [-5, 3, -4.25],
				"cubes": [
					{"origin": [-6, 3, -4], "size": [1, 1, 1], "uv": [242, 242]},
					{"origin": [-6, 3, -4.4], "size": [1, 1, 1], "uv": [242, 240], "inflate": -0.35}
				]
			},
			{
				"name": "bone13",
				"parent": "eye21",
				"pivot": [-6, 3.5, -3.75],
				"rotation": [0, 0, 95],
				"cubes": [
					{"origin": [-7, 3, -4.4], "size": [1, 2, 1], "uv": [252, 241], "inflate": -0.3}
				]
			},
			{
				"name": "mouth1",
				"parent": "cherry1",
				"pivot": [-3.5, 2.4, -4],
				"rotation": [0, 0, -7.5],
				"cubes": [
					{"origin": [-5.25, 1.6, -4.25], "size": [1, 1, 1], "uv": [0, 2], "inflate": -0.3},
					{"origin": [-4.8, 1.6, -4.25], "size": [1, 1, 1], "uv": [0, 2], "inflate": -0.3}
				]
			},
			{
				"name": "bone14",
				"parent": "mouth1",
				"pivot": [-5.2, 1, -4],
				"rotation": [0, 0, 90],
				"cubes": [
					{"origin": [-7.2, 0.6, -4.25], "size": [1, 3, 1], "uv": [252, 240], "inflate": -0.3}
				]
			},
			{
				"name": "cherry2",
				"parent": "cherry",
				"pivot": [0, 0, 0]
			},
			{
				"name": "bone6",
				"parent": "cherry2",
				"pivot": [3.5, 3, 1],
				"cubes": [
					{"origin": [1.5, 1, 2.5], "size": [4, 4, 1], "uv": [242, 251]},
					{"origin": [1.5, 1, -2.5], "size": [4, 4, 1], "uv": [242, 251]}
				]
			},
			{
				"name": "bone5",
				"parent": "cherry2",
				"pivot": [3.5, 3, 1],
				"rotation": [0, -90, 0],
				"cubes": [
					{"origin": [1, 1, 3], "size": [4, 4, 1], "uv": [242, 251]},
					{"origin": [1, 1, -2], "size": [4, 4, 1], "uv": [242, 251]}
				]
			},
			{
				"name": "bone7",
				"parent": "cherry2",
				"pivot": [3.5, 3, 1],
				"rotation": [-90, 0, 0],
				"cubes": [
					{"origin": [1.5, 0.5, 3], "size": [4, 4, 1], "uv": [242, 251]},
					{"origin": [1.5, 0.5, -2], "size": [4, 4, 1], "uv": [242, 251]}
				]
			},
			{
				"name": "eye12",
				"parent": "cherry2",
				"pivot": [2.5, 3.5, -2.25],
				"rotation": [0, 0, 10],
				"cubes": [
					{"origin": [2, 3, -2.75], "size": [1, 1, 1], "uv": [242, 242]},
					{"origin": [2, 3, -3.1], "size": [1, 1, 1], "uv": [242, 240], "inflate": -0.3}
				]
			},
			{
				"name": "bone16",
				"parent": "eye12",
				"pivot": [2.3, 3.6, -2.75],
				"rotation": [0, 0, 100],
				"cubes": [
					{"origin": [1.3, 2.6, -3.25], "size": [1, 2, 1], "uv": [252, 241], "inflate": -0.3}
				]
			},
			{
				"name": "eye22",
				"parent": "cherry2",
				"pivot": [4.75, 3.5, -2.25],
				"rotation": [0, 0, -10],
				"cubes": [
					{"origin": [4.25, 2.75, -2.75], "size": [1, 1, 1], "uv": [242, 242]},
					{"origin": [4.25, 2.75, -3.15], "size": [1, 1, 1], "uv": [242, 240], "inflate": -0.35}
				]
			},
			{
				"name": "bone17",
				"parent": "eye22",
				"pivot": [4, 3.1, -2.25],
				"rotation": [0, 0, 85],
				"cubes": [
					{"origin": [3, 2.9, -3.25], "size": [1, 2, 1], "uv": [252, 241], "inflate": -0.3}
				]
			},
			{
				"name": "mouth2",
				"parent": "cherry2",
				"pivot": [0, 0, 0],
				"cubes": [
					{"origin": [3.75, 1.35, -3], "size": [1, 1, 1], "uv": [0, 2], "inflate": -0.3}
				]
			},
			{
				"name": "bone15",
				"parent": "mouth2",
				"pivot": [1.25, 5.75, 0],
				"rotation": [0, 0, 90],
				"cubes": [
					{"origin": [4.25, 7.5, -3], "size": [1, 2, 1], "uv": [252, 241], "inflate": -0.3}
				]
			},
			{
				"name": "stem",
				"pivot": [-0.5, 1, 0]
			},
			{
				"name": "stem1",
				"parent": "stem",
				"pivot": [-4, 6.75, 0.5],
				"rotation": [0, 0, 22.5],
				"cubes": [
					{"origin": [-4.5, 6.75, -0.5], "size": [1, 3, 1], "uv": [252, 252]}
				]
			},
			{
				"name": "bone10",
				"parent": "stem1",
				"pivot": [-4, 9.5, 0.5],
				"rotation": [0, 0, 15],
				"cubes": [
					{"origin": [-4.5, 9.5, -0.5], "size": [1, 3, 1], "uv": [252, 252], "inflate": -0.001}
				]
			},
			{
				"name": "stem2",
				"parent": "stem",
				"pivot": [3.5, 5.75, 1],
				"rotation": [0, -17.5, -22.5],
				"cubes": [
					{"origin": [2.84965, 5.75, 0.02314], "size": [1, 4, 1], "uv": [252, 252]}
				]
			},
			{
				"name": "bone11",
				"parent": "stem2",
				"pivot": [3.5, 8.75, 1],
				"rotation": [0, 0, -15],
				"cubes": [
					{"origin": [3.10477, 9.53891, 0.02314], "size": [1, 3, 1], "uv": [252, 252], "inflate": -0.001}
				]
			},
			{
				"name": "leaves",
				"pivot": [0, -0.75, 0]
			},
			{
				"name": "bone2",
				"parent": "leaves",
				"pivot": [-0.25, 11.75, 0],
				"rotation": [15, -45, 0],
				"cubes": [
					{"origin": [-1.75, 11.25, -3], "size": [3, 1, 3], "uv": [243, 241]},
					{"origin": [-1.75, 11.25, -3.75], "size": [3, 1, 1], "uv": [245, 243], "inflate": -0.2}
				]
			},
			{
				"name": "bone8",
				"parent": "leaves",
				"pivot": [-0.25, 11.75, 0],
				"rotation": [0, 180, 0],
				"cubes": [
					{"origin": [-1.75, 11.25, -3.25], "size": [3, 1, 3], "uv": [243, 241]},
					{"origin": [-1.75, 11.25, -4], "size": [3, 1, 1], "uv": [245, 243], "inflate": -0.2}
				]
			},
			{
				"name": "bone9",
				"parent": "leaves",
				"pivot": [-0.25, 11.75, 0],
				"rotation": [22.5, 67.5, 0],
				"cubes": [
					{"origin": [-1.75, 11.75, -4], "size": [3, 1, 4], "uv": [242, 240]},
					{"origin": [-1.75, 11.75, -4.75], "size": [3, 1, 1], "uv": [245, 243], "inflate": -0.2}
				]
			}
		]
	}
}