{
	"format_version": "1.10.0",
	"geometry.model": {
		"texturewidth": 256,
		"textureheight": 256,
		"visible_bounds_width": 2,
		"visible_bounds_height": 3.5,
		"visible_bounds_offset": [0, 1.25, 0],
		"bones": [
			{
				"name": "stem1",
				"pivot": [0, 0, 1],
				"rotation": [-30, 0, 0],
				"cubes": [
					{"origin": [-1, 0, 0], "size": [2, 8, 2], "uv": [207, 215], "inflate": 0.001}
				]
			},
			{
				"name": "stem2",
				"parent": "stem1",
				"pivot": [0, 7.5, 1],
				"rotation": [60, 0, 0],
				"cubes": [
					{"origin": [-1, 7, 0], "size": [2, 8, 2], "uv": [207, 215]}
				]
			},
			{
				"name": "head",
				"parent": "stem2",
				"pivot": [0, 15, 2],
				"rotation": [-45, 0, 0],
				"cubes": [
					{"origin": [-6, 10, -11], "size": [12, 12, 12], "uv": [207, 215], "inflate": 0.001},
					{"origin": [-5, 22, -10], "size": [10, 1, 10], "uv": [207, 239]},
					{"origin": [-5, 9, -10], "size": [10, 1, 10], "uv": [207, 239]}
				]
			},
			{
				"name": "spring_festival",
				"parent": "head",
				"pivot": [0, 0, 0],
				"cubes": [
					{"origin": [-3, 23, -8], "size": [6, 3, 6], "uv": [0, 0]},
					{"origin": [-2.5, 26, -7.5], "size": [5, 1, 5], "uv": [0, 9]},
					{"origin": [-1, 26.75, -6], "size": [2, 1, 2], "uv": [15, 9], "inflate": -0.3},
					{"origin": [-6, 19, -13.21], "size": [12, 12, 1], "uv": [0, 15], "inflate": -5.2}
				]
			},
			{
				"name": "christmas",
				"parent": "head",
				"pivot": [-2, 0, 2],
				"cubes": [
					{"origin": [-3, 23, -8], "size": [6, 1, 6], "uv": [0, 32]},
					{"origin": [-2.5, 23.5, -8], "size": [5, 3, 5], "uv": [0, 39]},
					{"origin": [-2, 26.25, -8], "size": [4, 2, 4], "uv": [0, 47]},
					{"origin": [-1, 27.25, -8], "size": [5, 2, 2], "uv": [12, 47]},
					{"origin": [3.25, 26, -8], "size": [2, 2, 2], "uv": [15, 39], "inflate": 0.2}
				]
			},
			{
				"name": "resourcepack_anniversary",
				"parent": "head",
				"pivot": [0, 0, 0],
				"cubes": [
					{"origin": [-3, 23, -8], "size": [6, 2, 6], "uv": [26, 32]},
					{"origin": [-2.5, 25, -7.5], "size": [5, 2, 5], "uv": [28, 40]},
					{"origin": [-2, 27, -7], "size": [4, 2, 4], "uv": [30, 41]},
					{"origin": [-1.5, 29, -6.5], "size": [3, 2, 3], "uv": [32, 42]},
					{"origin": [-1, 31, -6], "size": [2, 2, 2], "uv": [32, 28]}
				]
			},
			{
				"name": "plants_vs_zombies_anniversary",
				"parent": "head",
				"pivot": [0, 0, 0],
				"cubes": [
					{"origin": [-3, 23, -8], "size": [6, 3, 6], "uv": [25, 0]},
					{"origin": [-3, 26.15, -8], "size": [6, 0, 6], "uv": [37, 0]},
					{"origin": [-0.5, 25.75, -5.5], "size": [1, 2, 1], "uv": [25, 0], "inflate": -0.2},
					{"origin": [-1.35, 27.25, -5.5], "size": [1.2, 0.5, 1], "uv": [25, 3]},
					{"origin": [0.15, 27.25, -5.5], "size": [1.2, 0.5, 1], "uv": [25, 3]}
				]
			},
			{
				"name": "bone",
				"parent": "head",
				"pivot": [0, 2, -3],
				"rotation": [-90, 0, 0],
				"cubes": [
					{"origin": [-5, 6, -22], "size": [10, 1, 10], "uv": [207, 239]}
				]
			},
			{
				"name": "bone2",
				"parent": "head",
				"pivot": [0, 2, -3],
				"rotation": [90, -90, 0],
				"cubes": [
					{"origin": [-7, -5, 6], "size": [10, 1, 10], "uv": [216, 204]}
				]
			},
			{
				"name": "bone7",
				"parent": "head",
				"pivot": [0, 2, -3],
				"rotation": [90, -90, 0],
				"cubes": [
					{"origin": [-7, 8, 6], "size": [10, 1, 10], "uv": [216, 204]}
				]
			},
			{
				"name": "bone3",
				"parent": "head",
				"pivot": [0, 11, 1],
				"rotation": [-25, 0, 0],
				"cubes": [
					{"origin": [-1, 10, -6], "size": [2, 2, 7], "uv": [237, 239]}
				]
			},
			{
				"name": "mouth",
				"parent": "head",
				"pivot": [-6, 10, -11],
				"cubes": [
					{"origin": [-5, 11, -12], "size": [10, 1, 1], "uv": [207, 250], "inflate": 0.2},
					{"origin": [-5, 15, -12], "size": [10, 1, 1], "uv": [207, 250], "inflate": 0.2}
				]
			},
			{
				"name": "left",
				"parent": "mouth",
				"pivot": [-6, 6, -11],
				"cubes": [
					{"origin": [-7, 16, -11], "size": [1, 1, 7], "uv": [240, 248], "inflate": 0.2},
					{"origin": [-7, 17, -4], "size": [1, 1, 2], "uv": [213, 223], "inflate": 0.2},
					{"origin": [-7, 17, -2], "size": [1, 1, 1], "uv": [0, 10], "inflate": 0.2},
					{"origin": [-7, 14, -3], "size": [1, 1, 1], "uv": [207, 225], "inflate": 0.2},
					{"origin": [-7, 13, -4], "size": [1, 1, 1], "uv": [207, 225], "inflate": 0.2},
					{"origin": [-7, 12, -11], "size": [1, 1, 7], "uv": [240, 248], "inflate": 0.2},
					{"origin": [-6, 12, -12], "size": [1, 1, 1], "uv": [207, 225], "inflate": 0.2},
					{"origin": [-6, 16, -12], "size": [1, 1, 1], "uv": [207, 225], "inflate": 0.2}
				]
			},
			{
				"name": "bone5",
				"parent": "left",
				"pivot": [-6, 22, 4],
				"rotation": [-90, 0, 0],
				"cubes": [
					{"origin": [-7, 16, 9], "size": [1, 1, 2], "uv": [213, 223], "inflate": 0.2}
				]
			},
			{
				"name": "right",
				"parent": "mouth",
				"pivot": [7, 6, -11],
				"cubes": [
					{"origin": [6, 16, -11], "size": [1, 1, 7], "uv": [240, 248], "inflate": 0.2},
					{"origin": [6, 17, -4], "size": [1, 1, 2], "uv": [213, 223], "inflate": 0.2},
					{"origin": [6, 17, -2], "size": [1, 1, 1], "uv": [207, 225], "inflate": 0.2},
					{"origin": [6, 14, -3], "size": [1, 1, 1], "uv": [207, 225], "inflate": 0.2},
					{"origin": [6, 13, -4], "size": [1, 1, 1], "uv": [207, 225], "inflate": 0.2},
					{"origin": [6, 12, -11], "size": [1, 1, 7], "uv": [240, 248], "inflate": 0.2},
					{"origin": [5, 12, -12], "size": [1, 1, 1], "uv": [207, 225], "inflate": 0.2},
					{"origin": [5, 16, -12], "size": [1, 1, 1], "uv": [207, 225], "inflate": 0.2}
				]
			},
			{
				"name": "bone4",
				"parent": "right",
				"pivot": [7, 10, 5],
				"rotation": [90, 0, 0],
				"cubes": [
					{"origin": [6, 16, 10], "size": [1, 1, 2], "uv": [213, 223], "inflate": 0.2}
				]
			},
			{
				"name": "headleaf",
				"parent": "head",
				"pivot": [0, 14.4, 1.64]
			},
			{
				"name": "bone19",
				"parent": "headleaf",
				"pivot": [0, 14.4, 1.64],
				"rotation": [-47.5, 0, 0],
				"cubes": [
					{"origin": [-1, 14.9, 1.64], "size": [2, 3, 0], "uv": [215, 220]}
				]
			},
			{
				"name": "bone20",
				"parent": "headleaf",
				"pivot": [0, 14.4, 1.64],
				"rotation": [-40, 0, 60],
				"cubes": [
					{"origin": [-1, 14.9, 1.64], "size": [2, 3, 0], "uv": [215, 220]}
				]
			},
			{
				"name": "bone21",
				"parent": "headleaf",
				"pivot": [0, 14.4, 1.64],
				"rotation": [-40, 0, -60],
				"cubes": [
					{"origin": [-1, 14.9, 1.64], "size": [2, 3, 0], "uv": [215, 220]}
				]
			},
			{
				"name": "bone22",
				"parent": "headleaf",
				"pivot": [0, 14.4, 1.64],
				"rotation": [-35, 0, 140],
				"cubes": [
					{"origin": [-1, 14.9, 1.64], "size": [2, 3, 0], "uv": [215, 220]}
				]
			},
			{
				"name": "bone23",
				"parent": "headleaf",
				"pivot": [0, 14.4, 1.64],
				"rotation": [-35, 0, -140],
				"cubes": [
					{"origin": [-1, 14.9, 1.64], "size": [2, 3, 0], "uv": [215, 220]}
				]
			},
			{
				"name": "bone24",
				"parent": "head",
				"pivot": [0, 23, -6],
				"rotation": [-10, 0, 0],
				"cubes": [
					{"origin": [-0.5, 23, -2], "size": [1, 2, 1], "uv": [215, 217], "inflate": 0.2},
					{"origin": [-0.5, 23.25, -5], "size": [1, 2, 1], "uv": [215, 217], "inflate": 0.2},
					{"origin": [-0.5, 22.5, -8], "size": [1, 2, 1], "uv": [215, 217], "inflate": 0.2}
				]
			},
			{
				"name": "bone25",
				"parent": "bone24",
				"pivot": [0, 23, 1.5],
				"rotation": [-20, 0, 0],
				"cubes": [
					{"origin": [-0.5, 22, 1], "size": [1, 2, 1], "uv": [215, 217], "inflate": 0.2}
				]
			},
			{
				"name": "leaf",
				"pivot": [1, 0, 0],
				"rotation": [0, -45, 0]
			},
			{
				"name": "bone8",
				"parent": "leaf",
				"pivot": [1, 0, 1],
				"rotation": [-25, 0, 0],
				"cubes": [
					{"origin": [-1, 0, -2], "size": [4, 1, 3], "uv": [226, 250]}
				]
			},
			{
				"name": "bone6",
				"parent": "bone8",
				"pivot": [1, 0, -2],
				"rotation": [42.5, 0, 0],
				"cubes": [
					{"origin": [-1, -0.3, -3.3], "size": [4, 1, 2], "uv": [243, 215]}
				]
			},
			{
				"name": "bone9",
				"parent": "bone6",
				"pivot": [1, 0, -3],
				"rotation": [35, 0, 0],
				"cubes": [
					{"origin": [0, -0.3, -3.8], "size": [2, 1, 1], "uv": [213, 215]}
				]
			},
			{
				"name": "bone10",
				"parent": "leaf",
				"pivot": [2, 0, 2],
				"rotation": [-25, -90, 0],
				"cubes": [
					{"origin": [0, 0, -1], "size": [4, 1, 3], "uv": [226, 250]}
				]
			},
			{
				"name": "bone11",
				"parent": "bone10",
				"pivot": [2, 0, -1],
				"rotation": [42.5, 0, 0],
				"cubes": [
					{"origin": [0, -0.3, -2.3], "size": [4, 1, 2], "uv": [243, 215]}
				]
			},
			{
				"name": "bone12",
				"parent": "bone11",
				"pivot": [2, 0, -2],
				"rotation": [35, 0, 0],
				"cubes": [
					{"origin": [1, -0.3, -2.8], "size": [2, 1, 1], "uv": [213, 215]}
				]
			},
			{
				"name": "bone13",
				"parent": "leaf",
				"pivot": [1, 0, 3],
				"rotation": [-25, 180, 0],
				"cubes": [
					{"origin": [-1, 0, 0], "size": [4, 1, 3], "uv": [226, 250]}
				]
			},
			{
				"name": "bone14",
				"parent": "bone13",
				"pivot": [1, 0, 0],
				"rotation": [42.5, 0, 0],
				"cubes": [
					{"origin": [-1, -0.3, -1.3], "size": [4, 1, 2], "uv": [243, 215]}
				]
			},
			{
				"name": "bone15",
				"parent": "bone14",
				"pivot": [1, 0, -1],
				"rotation": [35, 0, 0],
				"cubes": [
					{"origin": [0, -0.3, -1.8], "size": [2, 1, 1], "uv": [213, 215]}
				]
			},
			{
				"name": "bone16",
				"parent": "leaf",
				"pivot": [0, 0, 2],
				"rotation": [-25, 90, 0],
				"cubes": [
					{"origin": [-2, 0, -1], "size": [4, 1, 3], "uv": [226, 250]}
				]
			},
			{
				"name": "bone17",
				"parent": "bone16",
				"pivot": [0, 0, -1],
				"rotation": [42.5, 0, 0],
				"cubes": [
					{"origin": [-2, -0.3, -2.3], "size": [4, 1, 2], "uv": [243, 215]}
				]
			},
			{
				"name": "bone18",
				"parent": "bone17",
				"pivot": [0, 0, -2],
				"rotation": [35, 0, 0],
				"cubes": [
					{"origin": [-1, -0.3, -2.8], "size": [2, 1, 1], "uv": [213, 215]}
				]
			}
		]
	}
}