{
	"format_version": "1.10.0",
	"geometry.model": {
		"texturewidth": 256,
		"textureheight": 256,
		"visible_bounds_width": 3,
		"visible_bounds_height": 5,
		"visible_bounds_offset": [0, 2.5, 0],
		"bones": [
			{
				"name": "head",
				"pivot": [0, 1, 0]
			},
			{
				"name": "main",
				"parent": "head",
				"pivot": [0, 0, 0],
				"cubes": [
					{"origin": [-4, 3, -5], "size": [8, 8, 10], "uv": [174, 159]},
					{"origin": [-3, 3, -6], "size": [6, 8, 12], "uv": [172, 180]},
					{"origin": [-4, 4, -5.99], "size": [8, 6, 12], "uv": [144, 151]},
					{"origin": [-6, 3, -3], "size": [12, 8, 6], "uv": [212, 183]},
					{"origin": [-6.01, 4, -4], "size": [12, 6, 8], "uv": [144, 200]},
					{"origin": [-4, 0.99, -3], "size": [8, 12, 6], "uv": [228, 238]},
					{"origin": [-3, 1, -4], "size": [6, 12, 8], "uv": [168, 233]},
					{"origin": [-3, 2, -5], "size": [6, 10, 10], "uv": [144, 214]},
					{"origin": [-5, 2, -3], "size": [10, 10, 6], "uv": [196, 238]},
					{"origin": [-5, 4, -5], "size": [10, 6, 10], "uv": [144, 170]},
					{"origin": [-4, 2, -4], "size": [8, 10, 8], "uv": [212, 220]},
					{"origin": [-5, 3, -4], "size": [10, 8, 8], "uv": [200, 152]}
				]
			},
			{
				"name": "eye",
				"parent": "head",
				"pivot": [0, 0, 0],
				"cubes": [
					{"origin": [-4.51, 7.25, -6.5], "size": [2, 2, 2], "uv": [144, 156], "inflate": 0.125},
					{"origin": [2.51, 7.25, -6.5], "size": [2, 2, 2], "uv": [144, 152], "inflate": 0.125},
					{"origin": [2, 9.25, -6.25], "size": [2.5, 1, 1], "uv": [145, 170]},
					{"origin": [1.5, 8.75, -6.25], "size": [1, 1, 1], "uv": [144, 170]},
					{"origin": [-2.5, 8.75, -6.25], "size": [1, 1, 1], "uv": [144, 170]},
					{"origin": [-4.5, 9.25, -6.25], "size": [2.5, 1, 1], "uv": [145, 170]},
					{"origin": [-5.25, 10, -6], "size": [2, 1, 1], "uv": [150, 152]},
					{"origin": [3.25, 10, -6], "size": [2, 1, 1], "uv": [150, 156]}
				]
			},
			{
				"name": "mouth",
				"parent": "head",
				"pivot": [0, 0, 0],
				"cubes": [
					{"origin": [-1.5, 7, -6.5], "size": [3, 1, 1], "uv": [144, 162]},
					{"origin": [-1.5, 5, -6.5], "size": [3, 1, 1], "uv": [144, 162]},
					{"origin": [-1.5, 6, -6.5], "size": [1, 1, 1], "uv": [151, 159]},
					{"origin": [0.5, 6, -6.5], "size": [1, 1, 1], "uv": [151, 159]}
				]
			},
			{
				"name": "spring_festival",
				"parent": "head",
				"pivot": [0, 13, 0],
				"cubes": [
					{"origin": [-3, 13, -3], "size": [6, 3, 6], "uv": [0, 0]},
					{"origin": [-2.5, 16, -2.5], "size": [5, 1, 5], "uv": [0, 9]},
					{"origin": [-1, 16.75, -1], "size": [2, 1, 2], "uv": [15, 9], "inflate": -0.3},
					{"origin": [-6, 9, -8.21], "size": [12, 12, 1], "uv": [0, 15], "inflate": -5.2}
				]
			},
			{
				"name": "christmas",
				"parent": "head",
				"pivot": [-2, 0, 2],
				"cubes": [
					{"origin": [-3, 13, -3], "size": [6, 1, 6], "uv": [0, 32]},
					{"origin": [-2.5, 13, -2.5], "size": [5, 3, 5], "uv": [0, 39]},
					{"origin": [-2, 13, -2], "size": [4, 2, 4], "uv": [0, 47]},
					{"origin": [-1, 13, -1], "size": [5, 2, 2], "uv": [12, 47]},
					{"origin": [3.25, 13, -1], "size": [2, 2, 2], "uv": [15, 39], "inflate": 0.2}
				]
			},
			{
				"name": "resourcepack_anniversary",
				"parent": "head",
				"pivot": [0, 13, 0],
				"cubes": [
					{"origin": [-3, 13, -3], "size": [6, 2, 6], "uv": [26, 32]},
					{"origin": [-2.5, 15, -2.5], "size": [5, 2, 5], "uv": [28, 40]},
					{"origin": [-2, 17, -2], "size": [4, 2, 4], "uv": [30, 41]},
					{"origin": [-1.5, 19, -1.5], "size": [3, 2, 3], "uv": [32, 42]},
					{"origin": [-1, 21, -1], "size": [2, 2, 2], "uv": [32, 28]}
				]
			},
			{
				"name": "plants_vs_zombies_anniversary",
				"parent": "head",
				"pivot": [0, 13, 0],
				"cubes": [
					{"origin": [-3, 13, -3], "size": [6, 3, 6], "uv": [25, 0]},
					{"origin": [-3, 16.15, -3], "size": [6, 0, 6], "uv": [37, 0]},
					{"origin": [-0.5, 15.75, -0.5], "size": [1, 2, 1], "uv": [25, 0], "inflate": -0.2},
					{"origin": [-1.35, 17.25, -0.5], "size": [1.2, 0.5, 1], "uv": [25, 3]},
					{"origin": [0.15, 17.25, -0.5], "size": [1.2, 0.5, 1], "uv": [25, 3]}
				]
			},
			{
				"name": "body",
				"pivot": [0, 0, 0],
				"rotation": [0, -90, 0]
			},
			{
				"name": "body1",
				"parent": "body",
				"pivot": [0, 0, 0],
				"cubes": [
					{"origin": [-1, 0, -8], "size": [2, 1, 16], "uv": [168, 200]},
					{"origin": [-2, -0.01, -7], "size": [4, 1, 14], "uv": [196, 168]}
				]
			},
			{
				"name": "body2",
				"parent": "body",
				"pivot": [0, 0, 0],
				"rotation": [0, -60, 0],
				"cubes": [
					{"origin": [-2, -0.01, -7], "size": [4, 1, 14], "uv": [196, 168]},
					{"origin": [-1, 0, -8], "size": [2, 1, 16], "uv": [168, 200]}
				]
			},
			{
				"name": "body3",
				"parent": "body",
				"pivot": [0, 0, 0],
				"rotation": [0, 60, 0],
				"cubes": [
					{"origin": [-2, -0.01, -7], "size": [4, 1, 14], "uv": [196, 168]},
					{"origin": [-1, 0, -8], "size": [2, 1, 16], "uv": [168, 200]}
				]
			}
		]
	}
}