{
	"format_version": "1.10.0",
	"geometry.model": {
		"texturewidth": 256,
		"textureheight": 256,
		"visible_bounds_width": 3,
		"visible_bounds_height": 2.5,
		"visible_bounds_offset": [0, 0.75, 0],
		"bones": [
			{
				"name": "spring_festival",
				"pivot": [0, 0, 0],
				"cubes": [
					{"origin": [-3, 0, -3], "size": [6, 3, 6], "uv": [0, 0]},
					{"origin": [-2.5, 3, -2.5], "size": [5, 1, 5], "uv": [0, 9]},
					{"origin": [-1, 3.75, -1], "size": [2, 1, 2], "uv": [15, 9], "inflate": -0.3},
					{"origin": [-6, -4, -8.21], "size": [12, 12, 1], "uv": [0, 15], "inflate": -5.2}
				]
			},
			{
				"name": "christmas",
				"pivot": [-2, 0, 2],
				"cubes": [
					{"origin": [-3, 0, -3], "size": [6, 1, 6], "uv": [0, 32]},
					{"origin": [-2.5, 0.5, -2.5], "size": [5, 3, 5], "uv": [0, 39]},
					{"origin": [-2, 3.25, -2], "size": [4, 2, 4], "uv": [0, 47]},
					{"origin": [-1, 4.25, -1], "size": [5, 2, 2], "uv": [12, 47]},
					{"origin": [3.25, 3, -1], "size": [2, 2, 2], "uv": [15, 39], "inflate": 0.2}
				]
			},
			{
				"name": "resourcepack_anniversary",
				"pivot": [0, 0, 0],
				"cubes": [
					{"origin": [-3, 0, -3], "size": [6, 2, 6], "uv": [26, 32]},
					{"origin": [-2.5, 2, -2.5], "size": [5, 2, 5], "uv": [28, 40]},
					{"origin": [-2, 4, -2], "size": [4, 2, 4], "uv": [30, 41]},
					{"origin": [-1.5, 6, -1.5], "size": [3, 2, 3], "uv": [32, 42]},
					{"origin": [-1, 8, -1], "size": [2, 2, 2], "uv": [32, 28]}
				]
			},
			{
				"name": "plants_vs_zombies_anniversary",
				"pivot": [0, 0, 0],
				"cubes": [
					{"origin": [-3, 0, -3], "size": [6, 3, 6], "uv": [25, 0]},
					{"origin": [-3, 3.15, -3], "size": [6, 0, 6], "uv": [37, 0]},
					{"origin": [-0.5, 2.75, -0.5], "size": [1, 2, 1], "uv": [25, 0], "inflate": -0.2},
					{"origin": [-1.35, 4.25, -0.5], "size": [1.2, 0.5, 1], "uv": [25, 3]},
					{"origin": [0.15, 4.25, -0.5], "size": [1.2, 0.5, 1], "uv": [25, 3]}
				]
			},
			{
				"name": "doom_shroom",
				"pivot": [0, 0, 0],
				"cubes": [
					{"origin": [-5, 0, -5], "size": [10, 12, 10], "uv": [216, 234]},
					{"origin": [-9, 12, -9], "size": [18, 4, 18], "uv": [184, 212]},
					{"origin": [-7.5, 16, -7.5], "size": [15, 4, 15], "uv": [196, 193]},
					{"origin": [-5, 20, -5], "size": [10, 2, 10], "uv": [216, 181]}
				]
			}
		]
	}
}