{
	"format_version": "1.10.0",
	"geometry.model": {
		"texturewidth": 32,
		"textureheight": 32,
		"visible_bounds_width": 2,
		"visible_bounds_height": 1,
		"visible_bounds_offset": [0, 0.5, 0],
		"bones": [
			{
				"name": "flower_pot",
				"pivot": [0, 0, 0],
				"cubes": [
					{"origin": [-4, 0, -4], "size": [8, 1, 8], "uv": [0, 23]},
					{"origin": [-5, 8, -5], "size": [10, 1, 10], "uv": [0, 0]},
					{"origin": [4, 0, -4], "size": [1, 8, 8], "uv": [10, 10]},
					{"origin": [-5, 0, -4], "size": [1, 8, 8], "uv": [12, 14]},
					{"origin": [-4, 0, -5], "size": [8, 8, 1], "uv": [8, 16]},
					{"origin": [-4, 0, 4], "size": [8, 8, 1], "uv": [0, 16]},
					{"origin": [-5, 8, -6], "size": [10, 2, 1], "uv": [9, 14]},
					{"origin": [-6, 8, -5], "size": [1, 2, 10], "uv": [10, 19]},
					{"origin": [5, 8, -5], "size": [1, 2, 10], "uv": [5, 17]},
					{"origin": [-5, 8, 5], "size": [10, 2, 1], "uv": [3, 20]}
				]
			},
			{
				"name": "seedling",
				"pivot": [0, 0, 0],
				"rotation": [0, -45, -5],
				"cubes": [
					{"origin": [-2, 12, 3.5], "size": [2, 1, 2], "uv": [1, 5]},
					{"origin": [0, 9, 4], "size": [1, 3, 1], "uv": [0, 0]},
					{"origin": [1, 12, 3.5], "size": [2, 1, 2], "uv": [2, 6]}
				]
			}
		]
	}
}