{
	"format_version": "1.10.0",
	"geometry.model": {
		"texturewidth": 256,
		"textureheight": 256,
		"visible_bounds_width": 2,
		"visible_bounds_height": 2,
		"visible_bounds_offset": [0, 1, 0],
		"bones": [
			{
				"name": "spring_festival",
				"pivot": [0, 12, 0],
				"cubes": [
					{"origin": [-3, 12, -3], "size": [6, 3, 6], "uv": [0, 0]},
					{"origin": [-2.5, 15, -2.5], "size": [5, 1, 5], "uv": [0, 9]},
					{"origin": [-1, 15.75, -1], "size": [2, 1, 2], "uv": [15, 9], "inflate": -0.3},
					{"origin": [-6, 8, -8.21], "size": [12, 12, 1], "uv": [0, 15], "inflate": -5.2}
				]
			},
			{
				"name": "christmas",
				"pivot": [-2, 12, 2],
				"cubes": [
					{"origin": [-3, 12, -3], "size": [6, 1, 6], "uv": [0, 32]},
					{"origin": [-2.5, 12.5, -2.5], "size": [5, 3, 5], "uv": [0, 39]},
					{"origin": [-2, 15.25, -2], "size": [4, 2, 4], "uv": [0, 47]},
					{"origin": [-1, 16.25, -1], "size": [5, 2, 2], "uv": [12, 47]},
					{"origin": [3.25, 15, -1], "size": [2, 2, 2], "uv": [15, 39], "inflate": 0.2}
				]
			},
			{
				"name": "resourcepack_anniversary",
				"pivot": [0, 12, 0],
				"cubes": [
					{"origin": [-3, 12, -3], "size": [6, 2, 6], "uv": [26, 32]},
					{"origin": [-2.5, 14, -2.5], "size": [5, 2, 5], "uv": [28, 40]},
					{"origin": [-2, 16, -2], "size": [4, 2, 4], "uv": [30, 41]},
					{"origin": [-1.5, 18, -1.5], "size": [3, 2, 3], "uv": [32, 42]},
					{"origin": [-1, 20, -1], "size": [2, 2, 2], "uv": [32, 28]}
				]
			},
			{
				"name": "plants_vs_zombies_anniversary",
				"pivot": [0, 12, 0],
				"cubes": [
					{"origin": [-3, 12, -3], "size": [6, 3, 6], "uv": [25, 0]},
					{"origin": [-3, 15.15, -3], "size": [6, 0, 6], "uv": [37, 0]},
					{"origin": [-0.5, 14.75, -0.5], "size": [1, 2, 1], "uv": [25, 0], "inflate": -0.2},
					{"origin": [-1.35, 16.25, -0.5], "size": [1.2, 0.5, 1], "uv": [25, 3]},
					{"origin": [0.15, 16.25, -0.5], "size": [1.2, 0.5, 1], "uv": [25, 3]}
				]
			},
			{
				"name": "fume_shroom",
				"pivot": [0, 0, 0],
				"cubes": [
					{"origin": [-5, 0, -5], "size": [10, 2, 10], "uv": [208, 229]},
					{"origin": [-4.5, 0.001, -4.5], "size": [9, 6, 9], "uv": [208, 241]}
				]
			},
			{
				"name": "bone2",
				"parent": "fume_shroom",
				"pivot": [0, 0, 0],
				"cubes": [
					{"origin": [-6, 6, -6], "size": [12, 4, 12], "uv": [208, 201]},
					{"origin": [-5, 10, -5], "size": [10, 2, 10], "uv": [208, 217]}
				]
			},
			{
				"name": "bone7",
				"parent": "bone2",
				"pivot": [0, 0, 0],
				"cubes": [
					{"origin": [-1.5, 8, -8], "size": [3, 3, 1], "uv": [208, 206], "inflate": 0.2},
					{"origin": [-1.5, 8, -7], "size": [3, 3, 2], "uv": [208, 201]}
				]
			},
			{
				"name": "bone5",
				"parent": "fume_shroom",
				"pivot": [0, 0, 0],
				"cubes": [
					{"origin": [-1.5, 1.6, -4.75], "size": [3, 1, 1], "uv": [245, 201], "inflate": -0.2}
				]
			},
			{
				"name": "bone4",
				"parent": "bone5",
				"pivot": [2.5, 4.75, -4.1],
				"rotation": [0, 0, -7.5],
				"cubes": [
					{"origin": [1, 4.25, -4.8], "size": [2, 1, 1], "uv": [245, 201], "inflate": -0.2}
				]
			},
			{
				"name": "bone3",
				"parent": "bone5",
				"pivot": [-2.5, 4.75, -4.5],
				"rotation": [0, 0, 7.5],
				"cubes": [
					{"origin": [-3, 4.25, -4.8], "size": [2, 1, 1], "uv": [245, 201], "inflate": -0.2}
				]
			},
			{
				"name": "bone6",
				"parent": "bone5",
				"pivot": [0, 0, 0],
				"cubes": [
					{"origin": [-2.8, 3.3, -5], "size": [1.2, 1, 1], "uv": [246, 205], "inflate": -0.4},
					{"origin": [1.2, 3.3, -5], "size": [1.2, 1, 1], "uv": [246, 205], "inflate": -0.4}
				]
			}
		]
	}
}