{
	"format_version": "1.10.0",
	"geometry.model": {
		"texturewidth": 64,
		"textureheight": 64,
		"visible_bounds_width": 2,
		"visible_bounds_height": 3.5,
		"visible_bounds_offset": [0, 1.25, 0],
		"bones": [
			{
				"name": "main",
				"pivot": [0, 5, 0],
				"cubes": [
					{"origin": [-5, 9, -5], "size": [10, 12, 10], "uv": [0, 0]},
					{"origin": [-4, 21, -4], "size": [8, 2, 8], "uv": [30, 0]}
				]
			},
			{
				"name": "stem",
				"parent": "main",
				"pivot": [0, 23, 0],
				"rotation": [-10.5, -44.5, 7.5],
				"cubes": [
					{"origin": [-1, 22, -1], "size": [2, 5, 2], "uv": [0, 0]}
				]
			},
			{
				"name": "bone6",
				"parent": "stem",
				"pivot": [0, 25.5, 1.5],
				"rotation": [-95, 0, 0],
				"cubes": [
					{"origin": [-1, 23.5, -0.5], "size": [2, 5, 2], "uv": [0, 0], "inflate": -0.1}
				]
			},
			{
				"name": "leaf",
				"parent": "main",
				"pivot": [0, 5, 0],
				"cubes": [
					{"origin": [-0.5, 19, -5.5], "size": [6, 3, 6], "uv": [26, 33]}
				]
			},
			{
				"name": "bone",
				"parent": "leaf",
				"pivot": [0, 5, 0],
				"rotation": [0, -90, 0],
				"cubes": [
					{"origin": [-0.5, 19, -5.5], "size": [6, 3, 6], "uv": [26, 33]}
				]
			},
			{
				"name": "bone2",
				"parent": "leaf",
				"pivot": [0, 5, 0],
				"rotation": [0, 180, 0],
				"cubes": [
					{"origin": [-0.5, 19, -5.5], "size": [6, 3, 6], "uv": [26, 33]}
				]
			},
			{
				"name": "bone3",
				"parent": "leaf",
				"pivot": [0, 5, 0],
				"rotation": [0, 90, 0],
				"cubes": [
					{"origin": [-0.5, 19, -5.5], "size": [6, 3, 6], "uv": [26, 33]}
				]
			},
			{
				"name": "bottom",
				"parent": "main",
				"pivot": [0, 6, 0],
				"cubes": [
					{"origin": [-4, 10, -4], "size": [8, 9, 8], "uv": [0, 22]}
				]
			},
			{
				"name": "bottom_0",
				"parent": "bottom",
				"pivot": [0, 12, -0.75],
				"rotation": [30, 0, 0],
				"cubes": [
					{"origin": [-3, 7.5, -3.75], "size": [6, 5, 6], "uv": [32, 22]}
				]
			},
			{
				"name": "bottom_1",
				"parent": "bottom_0",
				"pivot": [0, 8, -0.75],
				"rotation": [32.5, 0, 0],
				"cubes": [
					{"origin": [-2, 4.75, -2.75], "size": [4, 4, 4], "uv": [0, 39]}
				]
			}
		]
	}
}