{
	"format_version": "1.10.0",
	"geometry.model": {
		"texturewidth": 256,
		"textureheight": 256,
		"visible_bounds_width": 2,
		"visible_bounds_height": 2.5,
		"visible_bounds_offset": [0, 0.75, 0],
		"bones": [
			{
				"name": "body",
				"pivot": [0, 0, 0]
			},
			{
				"name": "bone2",
				"parent": "body",
				"pivot": [0, 0, 0],
				"cubes": [
					{"origin": [-3, 0, 3], "size": [6, 7, 1], "uv": [242, 248]},
					{"origin": [-3, 0, -4], "size": [6, 7, 1], "uv": [242, 248]}
				]
			},
			{
				"name": "bone3",
				"parent": "body",
				"pivot": [0, 0, 0],
				"rotation": [0, -90, 0],
				"cubes": [
					{"origin": [-3, 0, 3], "size": [6, 7, 1], "uv": [242, 248]},
					{"origin": [-3, 0, -4], "size": [6, 7, 1], "uv": [242, 248]}
				]
			},
			{
				"name": "bone10",
				"parent": "body",
				"pivot": [0, 0, 0],
				"cubes": [
					{"origin": [-0.5, 2, -4.25], "size": [1, 1, 1], "uv": [223, 233], "inflate": -0.1},
					{"origin": [-4, 2, -2.5], "size": [5, 5, 0], "uv": [223, 236], "inflate": -1.501},
					{"origin": [-1, 2, -2.5], "size": [5, 5, 0], "uv": [223, 236], "inflate": -1.501}
				]
			},
			{
				"name": "top",
				"pivot": [0, -1, 0],
				"rotation": [-2.5, 0, 0],
				"cubes": [
					{"origin": [-5, 6.75, 5], "size": [10, 3, 1], "uv": [224, 241]},
					{"origin": [-5, 6.75, -6], "size": [10, 3, 1], "uv": [224, 241]},
					{"origin": [-5, 6.75, -5], "size": [10, 0, 10], "uv": [224, 231]},
					{"origin": [-5, 9.75, -5], "size": [10, 0, 10], "uv": [224, 231]}
				]
			},
			{
				"name": "bone4",
				"parent": "top",
				"pivot": [0, 6, 0],
				"rotation": [0, -90, 0],
				"cubes": [
					{"origin": [-5, 6.75, -6], "size": [10, 3, 1], "uv": [224, 241]},
					{"origin": [-5, 6.75, 5], "size": [10, 3, 1], "uv": [224, 241]}
				]
			},
			{
				"name": "bone5",
				"parent": "top",
				"pivot": [0, 6, 0],
				"rotation": [-2.5, 0, 0],
				"cubes": [
					{"origin": [-4, 9.5, 4], "size": [8, 3, 1], "uv": [224, 245]},
					{"origin": [-4, 12.5, -4], "size": [8, 0, 8], "uv": [226, 232]},
					{"origin": [-4, 9.5, -5], "size": [8, 3, 1], "uv": [224, 245]}
				]
			},
			{
				"name": "bone6",
				"parent": "bone5",
				"pivot": [0, 12.5, 0],
				"rotation": [0, -90, 0],
				"cubes": [
					{"origin": [-4, 9.5, -5], "size": [8, 3, 1], "uv": [224, 245]},
					{"origin": [-4, 9.5, 4], "size": [8, 3, 1], "uv": [224, 245]}
				]
			},
			{
				"name": "bone7",
				"parent": "bone5",
				"pivot": [0, 6, 0],
				"rotation": [-2.5, 0, 0],
				"cubes": [
					{"origin": [-3, 12.25, -4], "size": [6, 2, 1], "uv": [242, 245]},
					{"origin": [-3, 12.25, 3], "size": [6, 2, 1], "uv": [242, 245]},
					{"origin": [-3, 14.25, -3], "size": [6, 0, 6], "uv": [228, 233]}
				]
			},
			{
				"name": "bone8",
				"parent": "bone7",
				"pivot": [0, 0, 0],
				"rotation": [0, -90, 0],
				"cubes": [
					{"origin": [-3, 12.25, -4], "size": [6, 2, 1], "uv": [242, 245]},
					{"origin": [-3, 12.25, 3], "size": [6, 2, 1], "uv": [242, 245]}
				]
			},
			{
				"name": "bone",
				"parent": "bone7",
				"pivot": [0, 8, 0],
				"cubes": [
					{"origin": [-2, 14.25, -3], "size": [4, 1, 1], "uv": [244, 245]},
					{"origin": [-2, 14.25, 2], "size": [4, 1, 1], "uv": [242, 245]}
				]
			},
			{
				"name": "bone9",
				"parent": "bone",
				"pivot": [0, 14, 0],
				"rotation": [0, -90, 0],
				"cubes": [
					{"origin": [-2, 14.25, 2], "size": [4, 1, 1], "uv": [242, 245]},
					{"origin": [-2, 14.25, -3], "size": [4, 1, 1], "uv": [242, 245]},
					{"origin": [-2, 15.25, -2], "size": [4, 1, 4], "uv": [224, 249]}
				]
			},
			{
				"name": "spring_festival",
				"parent": "bone9",
				"pivot": [0, 0, 0],
				"cubes": [
					{"origin": [-3, 15.5, -3], "size": [6, 3, 6], "uv": [0, 0]},
					{"origin": [-2.5, 18.5, -2.5], "size": [5, 1, 5], "uv": [0, 9]},
					{"origin": [-1, 19.25, -1], "size": [2, 1, 2], "uv": [15, 9], "inflate": -0.3},
					{"origin": [-6, 11.5, -8.21], "size": [12, 12, 1], "uv": [0, 15], "inflate": -5.2}
				]
			},
			{
				"name": "christmas",
				"parent": "bone9",
				"pivot": [-2, 0, 2],
				"cubes": [
					{"origin": [-3, 15.5, -3], "size": [6, 1, 6], "uv": [0, 32]},
					{"origin": [-2.5, 15.5, -2.5], "size": [5, 3, 5], "uv": [0, 39]},
					{"origin": [-2, 15.5, -2], "size": [4, 2, 4], "uv": [0, 47]},
					{"origin": [-1, 15.5, -1], "size": [5, 2, 2], "uv": [12, 47]},
					{"origin": [3.25, 15.5, -1], "size": [2, 2, 2], "uv": [15, 39], "inflate": 0.2}
				]
			},
			{
				"name": "resourcepack_anniversary",
				"parent": "bone9",
				"pivot": [0, 0, 0],
				"cubes": [
					{"origin": [-3, 15.5, -3], "size": [6, 2, 6], "uv": [26, 32]},
					{"origin": [-2.5, 15.5, -2.5], "size": [5, 2, 5], "uv": [28, 40]},
					{"origin": [-2, 15.5, -2], "size": [4, 2, 4], "uv": [30, 41]},
					{"origin": [-1.5, 15.5, -1.5], "size": [3, 2, 3], "uv": [32, 42]},
					{"origin": [-1, 15.5, -1], "size": [2, 2, 2], "uv": [32, 28]}
				]
			},
			{
				"name": "plants_vs_zombies_anniversary",
				"parent": "bone9",
				"pivot": [0, 0, 0],
				"cubes": [
					{"origin": [-3, 15.5, -3], "size": [6, 3, 6], "uv": [25, 0]},
					{"origin": [-3, 15.5, -3], "size": [6, 0, 6], "uv": [37, 0]},
					{"origin": [-0.5, 15.5, -0.5], "size": [1, 2, 1], "uv": [25, 0], "inflate": -0.2},
					{"origin": [-1.35, 15.5, -0.5], "size": [1.2, 0.5, 1], "uv": [25, 3]},
					{"origin": [0.15, 15.5, -0.5], "size": [1.2, 0.5, 1], "uv": [25, 3]}
				]
			}
		]
	}
}