{
	"format_version": "1.10.0",
	"geometry.model": {
		"texturewidth": 256,
		"textureheight": 256,
		"visible_bounds_width": 3,
		"visible_bounds_height": 2.5,
		"visible_bounds_offset": [0, 0.75, 0],
		"bones": [
			{
				"name": "bone",
				"pivot": [0, 0, 0],
				"cubes": [
					{"origin": [-4.5, 4.75, -4.5], "size": [9, 3, 9], "uv": [218, 232]},
					{"origin": [-5, 0, -5], "size": [10, 5, 10], "uv": [216, 229]},
					{"origin": [-5.5, 0.001, -5.5], "size": [11, 1, 11], "uv": [212, 244]}
				]
			},
			{
				"name": "bone20",
				"parent": "bone",
				"pivot": [3.3, 5.05, -4.9],
				"cubes": [
					{"origin": [-2.7, 5.1, -5.1], "size": [1, 1, 1], "uv": [252, 237], "inflate": -0.4},
					{"origin": [2.3, 5.1, -5.1], "size": [1, 1, 1], "uv": [252, 237], "inflate": -0.4},
					{"origin": [-3.3, 4.95, -4.9], "size": [1.6, 1.1, 1], "uv": [252, 235], "inflate": -0.3},
					{"origin": [1.7, 4.95, -4.9], "size": [1.6, 1.1, 1], "uv": [252, 235], "inflate": -0.3}
				]
			},
			{
				"name": "bone2",
				"parent": "bone",
				"pivot": [0, 8, 0]
			},
			{
				"name": "bone3",
				"parent": "bone2",
				"pivot": [6, 13.25, 4.25],
				"rotation": [-32.5, 20, 40],
				"cubes": [
					{"origin": [6.5, 6.25, 5.75], "size": [3, 8, 3], "uv": [244, 244]}
				]
			},
			{
				"name": "bone4",
				"parent": "bone2",
				"pivot": [6.25, 12, -1.5],
				"rotation": [5, 0, 45],
				"cubes": [
					{"origin": [6.75, 5, -1], "size": [3, 8, 3], "uv": [244, 244]}
				]
			},
			{
				"name": "bone5",
				"parent": "bone2",
				"pivot": [3.5, 8.9, -4.5],
				"rotation": [45, -20, 22.5],
				"cubes": [
					{"origin": [3, 4.9, -6], "size": [3, 8, 3], "uv": [244, 244]}
				]
			},
			{
				"name": "bone6",
				"parent": "bone2",
				"pivot": [1.5, 8.25, -6.5],
				"rotation": [52.5, 0, 0],
				"cubes": [
					{"origin": [0, 4.25, -7], "size": [3, 8, 3], "uv": [244, 244]}
				]
			},
			{
				"name": "bone7",
				"parent": "bone2",
				"pivot": [-2.5, 8.5, -6.5],
				"rotation": [45, 7.5, -22.5],
				"cubes": [
					{"origin": [-4, 4.75, -7], "size": [3, 8, 3], "uv": [244, 244]}
				]
			},
			{
				"name": "bone8",
				"parent": "bone2",
				"pivot": [-5, 9, -4.5],
				"rotation": [30, 5, -35],
				"cubes": [
					{"origin": [-6.5, 5, -6], "size": [3, 8, 3], "uv": [244, 244]}
				]
			},
			{
				"name": "bone9",
				"parent": "bone2",
				"pivot": [-5, 8.25, -0.5],
				"rotation": [0, -12.5, -37.5],
				"cubes": [
					{"origin": [-6.5, 4.25, -2], "size": [3, 8, 3], "uv": [244, 244]}
				]
			},
			{
				"name": "bone10",
				"parent": "bone2",
				"pivot": [-4.5, 8.25, 3.5],
				"rotation": [-27.5, -5, -42.5],
				"cubes": [
					{"origin": [-6, 5.25, 2], "size": [3, 8, 3], "uv": [244, 244]}
				]
			},
			{
				"name": "bone11",
				"parent": "bone2",
				"pivot": [-1.75, 8.25, 5.5],
				"rotation": [-50, -7.5, -15],
				"cubes": [
					{"origin": [-4.25, 5.25, 3.6], "size": [3, 8, 3], "uv": [244, 244]}
				]
			},
			{
				"name": "bone12",
				"parent": "bone2",
				"pivot": [2.1, 7.95, 5],
				"rotation": [-62.5, 15, -20],
				"cubes": [
					{"origin": [-0.4, 4.95, 3.1], "size": [3, 8, 3], "uv": [244, 244]}
				]
			},
			{
				"name": "bone13",
				"parent": "bone2",
				"pivot": [3.1, 10.45, 2.5],
				"rotation": [-52.5, 67.5, -42.5],
				"cubes": [
					{"origin": [0.6, 7.45, 0.6], "size": [3, 8, 3], "uv": [244, 244]}
				]
			},
			{
				"name": "christmas",
				"parent": "bone13",
				"pivot": [3.1, 10.45, 2.5],
				"rotation": [0, -90, 0],
				"cubes": [
					{"origin": [-0.5, 13, 0.5], "size": [6, 1, 6], "uv": [0, 32]},
					{"origin": [0, 13.5, 1], "size": [5, 3, 5], "uv": [0, 39]},
					{"origin": [0.5, 16.25, 1.5], "size": [4, 2, 4], "uv": [0, 47]},
					{"origin": [1.5, 17.25, 2.5], "size": [5, 2, 2], "uv": [12, 47]},
					{"origin": [5.75, 16, 2.5], "size": [2, 2, 2], "uv": [15, 39], "inflate": 0.2}
				]
			},
			{
				"name": "bone14",
				"parent": "bone2",
				"pivot": [4.85, 10.2, -2.75],
				"rotation": [-60, 105, -30],
				"cubes": [
					{"origin": [2.35, 6.2, -4.65], "size": [3, 8, 3], "uv": [244, 244]}
				]
			},
			{
				"name": "resourcepack_anniversary",
				"parent": "bone14",
				"pivot": [0, 0, 0],
				"cubes": [
					{"origin": [1, 11, -6], "size": [6, 2, 6], "uv": [26, 32]},
					{"origin": [1.5, 13, -5.5], "size": [5, 2, 5], "uv": [28, 40]},
					{"origin": [2, 15, -5], "size": [4, 2, 4], "uv": [30, 41]},
					{"origin": [2.5, 17, -4.5], "size": [3, 2, 3], "uv": [32, 42]},
					{"origin": [3, 19, -4], "size": [2, 2, 2], "uv": [32, 28]}
				]
			},
			{
				"name": "bone15",
				"parent": "bone2",
				"pivot": [-0.4, 10.45, -4.75],
				"rotation": [-30, 117.5, -30],
				"cubes": [
					{"origin": [-2.9, 6.45, -6.65], "size": [3, 8, 3], "uv": [244, 244]}
				]
			},
			{
				"name": "spring_festival",
				"parent": "bone15",
				"pivot": [-0.4, 10.45, -4.75],
				"rotation": [0, -90, 0],
				"cubes": [
					{"origin": [-4, 13, -6.75], "size": [6, 3, 6], "uv": [0, 0]},
					{"origin": [-3.5, 16, -6.25], "size": [5, 1, 5], "uv": [0, 9]},
					{"origin": [-2, 16.75, -4.75], "size": [2, 1, 2], "uv": [15, 9], "inflate": -0.3},
					{"origin": [-7, 9, -11.96], "size": [12, 12, 1], "uv": [0, 15], "inflate": -5.2}
				]
			},
			{
				"name": "bone16",
				"parent": "bone2",
				"pivot": [-3.45034, 9.84678, -3.39577],
				"rotation": [-20, 110, -30],
				"cubes": [
					{"origin": [-5, 5.85, -4.9], "size": [3, 8, 3], "uv": [244, 244]}
				]
			},
			{
				"name": "bone17",
				"parent": "bone2",
				"pivot": [-3.95034, 9.84678, 1.35423],
				"rotation": [-12.5, 7.5, -25],
				"cubes": [
					{"origin": [-5.5, 5.85, -0.15], "size": [3, 8, 3], "uv": [244, 244]}
				]
			},
			{
				"name": "plants_vs_zombies_anniversary",
				"parent": "bone17",
				"pivot": [0, 0, 0],
				"cubes": [
					{"origin": [-7, 13.75, -1.75], "size": [6, 3, 6], "uv": [25, 0]},
					{"origin": [-7, 16.9, -1.75], "size": [6, 0, 6], "uv": [37, 0]},
					{"origin": [-4.5, 16.5, 0.75], "size": [1, 2, 1], "uv": [25, 0], "inflate": -0.2},
					{"origin": [-5.35, 18, 0.75], "size": [1.2, 0.5, 1], "uv": [25, 3]},
					{"origin": [-3.85, 18, 0.75], "size": [1.2, 0.5, 1], "uv": [25, 3]}
				]
			},
			{
				"name": "bone18",
				"parent": "bone2",
				"pivot": [-1, 11.1, 2.6],
				"rotation": [-22.5, 65, -27.5],
				"cubes": [
					{"origin": [-2.5, 7.1, 1.1], "size": [3, 8, 3], "uv": [244, 244]}
				]
			},
			{
				"name": "bone19",
				"parent": "bone2",
				"pivot": [1.25, 10.85, -0.4],
				"rotation": [-47.5, 92.5, -25],
				"cubes": [
					{"origin": [-0.25, 6.85, -1.9], "size": [3, 8, 3], "uv": [244, 244]}
				]
			}
		]
	}
}