{
	"format_version": "1.10.0",
	"geometry.model": {
		"texturewidth": 64,
		"textureheight": 64,
		"visible_bounds_width": 2,
		"visible_bounds_height": 2.5,
		"visible_bounds_offset": [0, 0.75, 0],
		"bones": [
			{
				"name": "main",
				"pivot": [0, 0, 0],
				"cubes": [
					{"origin": [-6, 0, -6], "size": [12, 8, 12], "uv": [0, 0]},
					{"origin": [-5, 8, -5], "size": [10, 2, 10], "uv": [0, 20]}
				]
			},
			{
				"name": "stem_0",
				"parent": "main",
				"pivot": [0, 10, 0],
				"rotation": [-40, 0, 0],
				"cubes": [
					{"origin": [-1, 9, -1], "size": [2, 5, 2], "uv": [0, 20]}
				]
			},
			{
				"name": "stem_1",
				"parent": "stem_0",
				"pivot": [0, 13.5, 0],
				"rotation": [100, 0, 0],
				"cubes": [
					{"origin": [-1, 13, -1], "size": [2, 5, 2], "uv": [0, 0], "inflate": -0.01}
				]
			},
			{
				"name": "light",
				"parent": "stem_1",
				"pivot": [1, 13.5, 2],
				"rotation": [30, 0, 0],
				"cubes": [
					{"origin": [-1, 18.5, 2], "size": [2, 2, 2], "uv": [0, 7]},
					{"origin": [-2, 17.5, 1.5], "size": [4, 4, 6], "uv": [30, 20]}
				]
			}
		]
	}
}