{
	"format_version": "1.10.0",
	"geometry.model": {
		"texturewidth": 64,
		"textureheight": 64,
		"visible_bounds_width": 3,
		"visible_bounds_height": 1,
		"visible_bounds_offset": [0, 0.5, 0],
		"bones": [
			{
				"name": "bone",
				"pivot": [0, 0, 0],
				"rotation": [0, 180, 0],
				"cubes": [
					{"origin": [-4, 0.5, -6], "size": [8, 4, 12], "uv": [0, 0]},
					{"origin": [-3, 4.5, -3.5], "size": [6, 2, 7], "uv": [29, 0]},
					{"origin": [3, 1.5, -1.5], "size": [3, 4, 3], "uv": [0, 0]},
					{"origin": [2, 5.5, -0.5], "size": [2, 2, 1], "uv": [0, 7]},
					{"origin": [-2, 6.5, -2], "size": [4, 2, 4], "uv": [41, 10]},
					{"origin": [-3.5, 0.5, 6], "size": [8, 0, 1], "uv": [0, 26]}
				]
			},
			{
				"name": "handle",
				"parent": "bone",
				"pivot": [0, 0, 0],
				"rotation": [-55, 0, 0],
				"cubes": [
					{"origin": [2, -2.5, -18], "size": [1, 1, 12], "uv": [26, 17]},
					{"origin": [-3, -2.5, -18], "size": [1, 1, 12], "uv": [26, 17]},
					{"origin": [-2, -2.5, -8], "size": [4, 1, 1], "uv": [34, 28]},
					{"origin": [-2, -2.5, -11], "size": [4, 1, 1], "uv": [34, 28]},
					{"origin": [-2, -2.5, -18], "size": [4, 1, 1], "uv": [34, 28]}
				]
			},
			{
				"name": "wheel",
				"parent": "bone",
				"pivot": [0, 0, 0],
				"cubes": [
					{"origin": [5.5, 2, 4], "size": [1, 1, 1], "uv": [5, 17]},
					{"origin": [-6.5, 2, -5], "size": [1, 1, 1], "uv": [5, 17]},
					{"origin": [5.5, 2, -5], "size": [1, 1, 1], "uv": [5, 17]},
					{"origin": [-6.5, 2, 4], "size": [1, 1, 1], "uv": [5, 17]},
					{"origin": [4, 0, 3], "size": [2, 5, 3], "uv": [15, 17]},
					{"origin": [4, 1, 2], "size": [2, 3, 5], "uv": [0, 17]},
					{"origin": [4, 1, -7], "size": [2, 3, 5], "uv": [0, 17]},
					{"origin": [4, 0, -6], "size": [2, 5, 3], "uv": [15, 17]},
					{"origin": [-6, 0, -6], "size": [2, 5, 3], "uv": [15, 17]},
					{"origin": [-6, 1, -7], "size": [2, 3, 5], "uv": [0, 17]},
					{"origin": [-6, 1, 2], "size": [2, 3, 5], "uv": [0, 17]},
					{"origin": [-6, 0, 3], "size": [2, 5, 3], "uv": [15, 17]}
				]
			},
			{
				"name": "line",
				"parent": "bone",
				"pivot": [0, 0, 0],
				"rotation": [0, 0, 45],
				"cubes": [
					{"origin": [2.25, 5.5, -0.25], "size": [2, 0.5, 0.5], "uv": [4, 5]},
					{"origin": [4.25, 5.25, -0.5], "size": [1, 1, 1], "uv": [16, 3]}
				]
			}
		]
	}
}