{
	"format_version": "1.10.0",
	"geometry.model": {
		"texturewidth": 64,
		"textureheight": 64,
		"visible_bounds_width": 2,
		"visible_bounds_height": 1,
		"visible_bounds_offset": [0, 0.5, 0],
		"bones": [
			{
				"name": "bone",
				"pivot": [0, 0, 0],
				"cubes": [
					{"origin": [2, 0, -5], "size": [3, 1, 10], "uv": [0, 11]},
					{"origin": [1, 0, -5], "size": [1, 1, 9], "uv": [0, 22]},
					{"origin": [0, 0, -5], "size": [1, 1, 7], "uv": [13, 27]},
					{"origin": [-5, 0, -5], "size": [5, 1, 10], "uv": [0, 0]},
					{"origin": [-6, 0, -5], "size": [1, 1, 10], "uv": [20, 1]},
					{"origin": [5, 0, -5], "size": [1, 1, 10], "uv": [16, 16]},
					{"origin": [-5, 0, -6], "size": [10, 1, 1], "uv": [16, 12]},
					{"origin": [-4, 0, -7], "size": [8, 1, 1], "uv": [16, 14]},
					{"origin": [2, 0, 5], "size": [3, 1, 1], "uv": [0, 8]},
					{"origin": [-5, 0, 5], "size": [5, 1, 1], "uv": [11, 22]}
				]
			},
			{
				"name": "eye",
				"parent": "bone",
				"pivot": [0, 0, 0],
				"cubes": [
					{"origin": [-4, 0.5, -6.5], "size": [3, 2, 2], "uv": [0, 4], "inflate": -0.5},
					{"origin": [1, 0.5, -6.5], "size": [3, 2, 2], "uv": [0, 0], "inflate": -0.5}
				]
			},
			{
				"name": "bone2",
				"parent": "bone",
				"pivot": [0, 0, 0],
				"cubes": [
					{"origin": [0, -5, -3], "size": [0, 5, 4], "uv": [20, 0]},
					{"origin": [-2, -5, -1], "size": [4, 5, 0], "uv": [0, 11]}
				]
			}
		]
	}
}