{
	"format_version": "1.10.0",
	"geometry.model": {
		"texturewidth": 512,
		"textureheight": 512,
		"visible_bounds_width": 9,
		"visible_bounds_height": 6,
		"visible_bounds_offset": [0, 3, 0],
		"bones": [
			{
				"name": "1",
				"pivot": [0, 0.5, 0],
				"cubes": [
					{"origin": [-20, 1.5, -30], "size": [22, 8, 1], "uv": [251, 77]},
					{"origin": [-16, 5.5, -31], "size": [14, 3, 1], "uv": [273, 97]},
					{"origin": [-20, 1.5, -29], "size": [22, 1, 15], "uv": [0, 192]},
					{"origin": [1, 2.5, -26], "size": [1, 5, 10], "uv": [76, 211]},
					{"origin": [-20, 2.5, -26], "size": [1, 5, 10], "uv": [162, 17]}
				]
			},
			{
				"name": "hood",
				"parent": "1",
				"pivot": [0, 0.5, 0],
				"rotation": [10, 0, 0],
				"cubes": [
					{"origin": [-20, 13.75743, -27.8025], "size": [22, 1, 16], "uv": [70, 186]}
				]
			},
			{
				"name": "hood_1",
				"parent": "hood",
				"pivot": [0, 0.5, 0],
				"rotation": [5, 0, 0],
				"cubes": [
					{"origin": [-17, 15.86465, -22.55704], "size": [16, 1, 12], "uv": [187, 237]}
				]
			},
			{
				"name": "hood_2",
				"parent": "hood",
				"pivot": [0, 0.5, 0],
				"cubes": [
					{"origin": [-13, 14.75743, -18.8025], "size": [8, 2, 7], "uv": [261, 154]},
					{"origin": [-13.5, 14.25743, -19.8025], "size": [9, 3, 1], "uv": [104, 233]}
				]
			},
			{
				"name": "bumper",
				"parent": "1",
				"pivot": [0, 0.5, 0],
				"cubes": [
					{"origin": [-25, 2.5, -31], "size": [32, 3, 1], "uv": [76, 203]},
					{"origin": [-20, 2, -31.5], "size": [4, 4, 2], "uv": [272, 6]},
					{"origin": [-2, 2, -31.5], "size": [4, 4, 2], "uv": [272, 6]},
					{"origin": [-26, 2.5, -30], "size": [1, 3, 4], "uv": [60, 0]},
					{"origin": [7, 2.5, -30], "size": [1, 3, 4], "uv": [35, 0]}
				]
			},
			{
				"name": "front_R",
				"parent": "1",
				"pivot": [0, 0.5, 0],
				"cubes": [
					{"origin": [2.5, 11.5, -30], "size": [4, 1, 16], "uv": [0, 88]},
					{"origin": [2, 6.5, -30], "size": [5, 5, 5], "uv": [253, 284]},
					{"origin": [2, 7.5, -25], "size": [5, 4, 8], "uv": [276, 18]},
					{"origin": [2, 6.5, -17], "size": [5, 5, 3], "uv": [290, 223]},
					{"origin": [2, 1.5, -30], "size": [5, 5, 5], "uv": [212, 283]},
					{"origin": [2, 1.5, -17], "size": [5, 5, 3], "uv": [229, 292]}
				]
			},
			{
				"name": "light_R",
				"parent": "front_R",
				"pivot": [0, 0.5, 0],
				"cubes": [
					{"origin": [3, 9, -30.5], "size": [3, 3, 1], "uv": [24, 261]},
					{"origin": [3.5, 7, -30.5], "size": [2, 1, 1], "uv": [24, 118]}
				]
			},
			{
				"name": "front_R_1",
				"parent": "front_R",
				"pivot": [0, 0.5, 0],
				"rotation": [-45, 0, 0],
				"cubes": [
					{"origin": [1.999, -13.19239, -22.69239], "size": [5, 2, 1], "uv": [218, 228]},
					{"origin": [1.999, -7.54239, -17.94239], "size": [5, 1, 2], "uv": [114, 182]}
				]
			},
			{
				"name": "pipe_R",
				"parent": "front_R",
				"pivot": [0, 0.5, 0],
				"cubes": [
					{"origin": [6.75, 8.65, -25], "size": [1, 1, 8], "uv": [153, 288], "inflate": 0.001}
				]
			},
			{
				"name": "pipe_R_1",
				"parent": "pipe_R",
				"pivot": [0, 0.5, 0],
				"rotation": [45, 0, 0],
				"cubes": [
					{"origin": [6.75, 23.69239, -14.19239], "size": [1, 1, 3], "uv": [260, 93]},
					{"origin": [7, 23.19239, -14.69239], "size": [1, 2, 2], "uv": [184, 221]}
				]
			},
			{
				"name": "pipe_R_2",
				"parent": "pipe_R",
				"pivot": [0, 0.5, 0],
				"rotation": [-45, 0, 0],
				"cubes": [
					{"origin": [6.75, -6.04239, -18.44239], "size": [1, 1, 3], "uv": [260, 89]},
					{"origin": [7, -6.54239, -16.94239], "size": [1, 2, 2], "uv": [218, 220]}
				]
			},
			{
				"name": "front_L",
				"parent": "1",
				"pivot": [-27, 0.5, 0],
				"cubes": [
					{"origin": [-24.5, 11.5, -30], "size": [4, 1, 16], "uv": [0, 71]},
					{"origin": [-25, 6.5, -30], "size": [5, 5, 5], "uv": [141, 283]},
					{"origin": [-25, 7.5, -25], "size": [5, 4, 8], "uv": [16, 276]},
					{"origin": [-25, 6.5, -17], "size": [5, 5, 3], "uv": [290, 135]},
					{"origin": [-25, 1.5, -30], "size": [5, 5, 5], "uv": [121, 283]},
					{"origin": [-25, 1.5, -17], "size": [5, 5, 3], "uv": [187, 290]}
				]
			},
			{
				"name": "light_L",
				"parent": "front_L",
				"pivot": [-27, 0.5, 0],
				"cubes": [
					{"origin": [-24, 9, -30.5], "size": [3, 3, 1], "uv": [166, 259]},
					{"origin": [-23.5, 7, -30.5], "size": [2, 1, 1], "uv": [0, 93]}
				]
			},
			{
				"name": "front_L_1",
				"parent": "front_L",
				"pivot": [-27, 0.5, 0],
				"rotation": [-45, 0, 0],
				"cubes": [
					{"origin": [-24.999, -13.19239, -22.69239], "size": [5, 2, 1], "uv": [104, 217]},
					{"origin": [-24.999, -7.54239, -17.94239], "size": [5, 1, 2], "uv": [114, 82]}
				]
			},
			{
				"name": "pipe_L",
				"parent": "front_L",
				"pivot": [-33, 0.5, 0],
				"cubes": [
					{"origin": [-25.75, 8.65, -25], "size": [1, 1, 8], "uv": [14, 288], "inflate": 0.001}
				]
			},
			{
				"name": "pipe_R_3",
				"parent": "pipe_L",
				"pivot": [-33, 0.5, 0],
				"rotation": [45, 0, 0],
				"cubes": [
					{"origin": [-25.75, 23.69239, -14.19239], "size": [1, 1, 3], "uv": [146, 259]},
					{"origin": [-26, 23.19239, -14.69239], "size": [1, 2, 2], "uv": [184, 217]}
				]
			},
			{
				"name": "pipe_R_4",
				"parent": "pipe_L",
				"pivot": [-33, 0.5, 0],
				"rotation": [-45, 0, 0],
				"cubes": [
					{"origin": [-25.75, -6.04239, -18.44239], "size": [1, 1, 3], "uv": [64, 259]},
					{"origin": [-26, -6.54239, -16.94239], "size": [1, 2, 2], "uv": [214, 170]}
				]
			},
			{
				"name": "2",
				"pivot": [0, 0, 0]
			},
			{
				"name": "left",
				"parent": "2",
				"pivot": [0, 0, 0]
			},
			{
				"name": "main",
				"parent": "left",
				"pivot": [0, 0, 0]
			},
			{
				"name": "bone22",
				"parent": "main",
				"pivot": [0, 0, 0],
				"cubes": [
					{"origin": [-5, 13.5, -15.75], "size": [10, 1, 1], "uv": [44, 152]},
					{"origin": [-25, 1.501, -14.75], "size": [31, 13, 3], "uv": [200, 119]},
					{"origin": [-25, 6.5, -11.75], "size": [31, 2, 3], "uv": [44, 147]},
					{"origin": [-13, 8.5, -11.75], "size": [7, 6, 3], "uv": [284, 121]},
					{"origin": [-13, 2.5, -11.75], "size": [7, 4, 3], "uv": [232, 285]},
					{"origin": [-25, 20.5, -14.75], "size": [31, 1, 1], "uv": [0, 67]},
					{"origin": [4.5, 14.5, -14.75], "size": [1, 6, 1], "uv": [142, 203]},
					{"origin": [-24.5, 14.5, -14.75], "size": [1, 6, 1], "uv": [10, 196]},
					{"origin": [-23.5, 14.5, -14.75], "size": [28, 6, 1], "uv": [231, 237]},
					{"origin": [-23, 13.5, -15.75], "size": [10, 1, 1], "uv": [172, 170]}
				]
			},
			{
				"name": "side_R_2",
				"parent": "main",
				"pivot": [0, 0, 0],
				"rotation": [0, 20, 0]
			},
			{
				"name": "bone23",
				"parent": "side_R_2",
				"pivot": [0, 0, 0],
				"cubes": [
					{"origin": [9.86841, 14.5, -10.61015], "size": [1, 6, 9], "uv": [278, 260]},
					{"origin": [9.86841, 1.501, -11.61015], "size": [1, 13, 11], "uv": [128, 112]},
					{"origin": [9.86841, 20.5, -11.61015], "size": [1, 1, 11], "uv": [132, 269]},
					{"origin": [9.86841, 14.5, -1.61015], "size": [1, 6, 1], "uv": [192, 0]},
					{"origin": [9.86841, 14.5, -11.61015], "size": [1, 6, 1], "uv": [9, 88]}
				]
			},
			{
				"name": "horn",
				"parent": "side_R_2",
				"pivot": [0, 0, 0],
				"cubes": [
					{"origin": [11.46841, 12.5, -4.61015], "size": [2, 2, 2], "uv": [192, 201]},
					{"origin": [11.46841, 12.5, -8.61015], "size": [2, 2, 1], "uv": [161, 147]},
					{"origin": [11.96841, 13, -7.61015], "size": [1, 1, 3], "uv": [200, 112]},
					{"origin": [10.96841, 11.5, -9.61015], "size": [3, 4, 1], "uv": [166, 0]},
					{"origin": [13.96841, 11.5, -12.61015], "size": [1, 4, 3], "uv": [10, 112]},
					{"origin": [9.9685, 11.5, -12.61015], "size": [1, 4, 3], "uv": [61, 20]},
					{"origin": [10.96841, 15.5, -12.61015], "size": [3, 1, 3], "uv": [244, 66]},
					{"origin": [10.96841, 10.5, -12.61015], "size": [3, 1, 3], "uv": [231, 244]}
				]
			},
			{
				"name": "side_L_2",
				"parent": "main",
				"pivot": [0, 0, 0],
				"rotation": [0, -20, 0],
				"cubes": [
					{"origin": [-28.77411, 1.501, -5.07186], "size": [1, 13, 11], "uv": [0, 0]},
					{"origin": [-28.77411, 20.5, -5.07186], "size": [1, 1, 11], "uv": [104, 221]},
					{"origin": [-28.77411, 14.5, 4.92814], "size": [1, 6, 1], "uv": [144, 62]},
					{"origin": [-28.77411, 14.5, -5.07186], "size": [1, 6, 1], "uv": [12, 140]},
					{"origin": [-28.77411, 14.5, -4.07186], "size": [1, 6, 9], "uv": [22, 131]}
				]
			},
			{
				"name": "top",
				"parent": "left",
				"pivot": [0, 0, 0]
			},
			{
				"name": "plank",
				"parent": "top",
				"pivot": [0, 0, 0],
				"cubes": [
					{"origin": [-29, 21.5, -15], "size": [39, 1, 11], "uv": [172, 152]},
					{"origin": [-29, 22.5, -15], "size": [1, 15, 11], "uv": [0, 253], "inflate": 0.001},
					{"origin": [9, 22.5, -15], "size": [1, 15, 11], "uv": [0, 40]},
					{"origin": [9.001, 36.5, -18], "size": [1, 1, 3], "uv": [192, 197]},
					{"origin": [-29.001, 36.5, -18], "size": [1, 1, 3], "uv": [6, 192]}
				]
			},
			{
				"name": "glass",
				"parent": "top",
				"pivot": [0, 0, 0],
				"cubes": [
					{"origin": [10, 29.5, -10], "size": [1, 4, 4], "uv": [141, 112]},
					{"origin": [-30, 29.5, -10], "size": [1, 4, 4], "uv": [138, 97]}
				]
			},
			{
				"name": "toy",
				"parent": "top",
				"pivot": [0, 0, 0],
				"cubes": [
					{"origin": [-9.5, 18.5, -14], "size": [1, 3, 1], "uv": [0, 88]},
					{"origin": [-11.5, 17.5, -14.5], "size": [2, 2, 2], "uv": [33, 136]},
					{"origin": [-8.5, 17.5, -14.5], "size": [2, 2, 2], "uv": [22, 136]}
				]
			},
			{
				"name": "pipe3",
				"parent": "top",
				"pivot": [0, 0, 0],
				"cubes": [
					{"origin": [10, 34.25, -16.5], "size": [1, 2, 12], "uv": [118, 269]},
					{"origin": [10, 36.25, -6.5], "size": [1, 2, 2], "uv": [12, 125]},
					{"origin": [4, 37.25, -6.5], "size": [6, 1, 2], "uv": [24, 84]},
					{"origin": [-30, 37.25, -6.5], "size": [6, 1, 2], "uv": [56, 219]},
					{"origin": [-30, 36.25, -6.5], "size": [1, 1, 2], "uv": [133, 112]},
					{"origin": [-30, 34.25, -16.5], "size": [1, 2, 12], "uv": [266, 107]}
				]
			},
			{
				"name": "bag",
				"parent": "top",
				"pivot": [0, 0, 0],
				"cubes": [
					{"origin": [-7, 27.5, -15], "size": [14, 5, 8], "uv": [235, 244]},
					{"origin": [-9, 22.5, -15], "size": [16, 5, 10], "uv": [0, 238]},
					{"origin": [-28, 22.5, -15], "size": [7, 5, 6], "uv": [276, 38]},
					{"origin": [-20, 22.5, -12], "size": [6, 5, 5], "uv": [59, 192]},
					{"origin": [-24, 27.5, -13], "size": [7, 4, 4], "uv": [13, 253]}
				]
			},
			{
				"name": "mirrow",
				"parent": "top",
				"pivot": [0, 0, 0],
				"cubes": [
					{"origin": [5, 18.3, -20.5], "size": [1, 3, 1], "uv": [19, 0]},
					{"origin": [-27, 16.3, -19.5], "size": [3, 4, 1], "uv": [22, 131]},
					{"origin": [-26, 18.3, -20.5], "size": [1, 3, 1], "uv": [13, 0]},
					{"origin": [4, 16.3, -19.5], "size": [3, 4, 1], "uv": [33, 131]}
				]
			},
			{
				"name": "top_1",
				"parent": "top",
				"pivot": [0, 0, 0],
				"rotation": [-30, 0, 0],
				"cubes": [
					{"origin": [-29, 11.25, -34.50833], "size": [39, 1, 11], "uv": [172, 140]},
					{"origin": [5, 8.25, -28.50833], "size": [1, 3, 1], "uv": [41, 0]},
					{"origin": [-26, 8.25, -28.50833], "size": [1, 3, 1], "uv": [35, 0]}
				]
			},
			{
				"name": "top_2",
				"parent": "top",
				"pivot": [0, 0, 0],
				"rotation": [60, 0, 0],
				"cubes": [
					{"origin": [-28, 33.50833, 12.25], "size": [37, 1, 11], "uv": [175, 89]}
				]
			},
			{
				"name": "pipe",
				"parent": "top_2",
				"pivot": [0, 0, 0],
				"cubes": [
					{"origin": [-23, 34.50833, 18.75], "size": [3, 1, 3], "uv": [26, 217]},
					{"origin": [4, 34.50833, 19.25], "size": [6, 1, 2], "uv": [57, 223]},
					{"origin": [-29, 34.50833, 19.25], "size": [6, 1, 2], "uv": [57, 223]},
					{"origin": [1, 34.50833, 18.75], "size": [3, 1, 3], "uv": [88, 217]}
				]
			},
			{
				"name": "skull",
				"parent": "top_2",
				"pivot": [0, 0, 0],
				"cubes": [
					{"origin": [-13, 34.50833, 18.25], "size": [7, 3, 5], "uv": [148, 212]},
					{"origin": [-19, 34.50833, 21.25], "size": [6, 3, 2], "uv": [130, 197]},
					{"origin": [-6, 34.50833, 21.25], "size": [6, 3, 2], "uv": [175, 81]},
					{"origin": [-11.5, 34.50833, 15.25], "size": [4, 3, 3], "uv": [88, 239]}
				]
			},
			{
				"name": "top_3",
				"parent": "top_2",
				"pivot": [0, 0, 0],
				"cubes": [
					{"origin": [9, 23.50833, 12.25], "size": [1, 11, 13], "uv": [216, 250], "inflate": -0.002},
					{"origin": [-29, 23.50833, 12.25], "size": [1, 11, 12], "uv": [24, 253], "inflate": -0.002}
				]
			},
			{
				"name": "pipe2",
				"parent": "top_3",
				"pivot": [0, 0, 0],
				"cubes": [
					{"origin": [10, 30.50833, 19.25], "size": [1, 2, 4], "uv": [30, 148], "inflate": -0.001},
					{"origin": [-30, 30.50833, 19.25], "size": [1, 2, 4], "uv": [30, 148], "inflate": -0.001},
					{"origin": [10, 32.50833, 19.25], "size": [1, 3, 2], "uv": [34, 105]},
					{"origin": [-30, 32.50833, 19.25], "size": [1, 3, 2], "uv": [34, 105]}
				]
			},
			{
				"name": "bottom",
				"parent": "left",
				"pivot": [0, 0, 0],
				"cubes": [
					{"origin": [-25, 1.499, -13.75], "size": [31, 1, 10], "uv": [130, 186], "inflate": 0.002}
				]
			},
			{
				"name": "bottom_L",
				"parent": "bottom",
				"pivot": [0, 0, 0],
				"rotation": [0, -20, 0],
				"cubes": [
					{"origin": [-27.77411, 1.5, -4.07186], "size": [3, 1, 10], "uv": [276, 212]},
					{"origin": [-27.77411, 6.499, -4.07186], "size": [3, 2, 10], "uv": [64, 259]},
					{"origin": [-27.77411, 2.499, 3.92814], "size": [3, 4, 2], "uv": [162, 17]}
				]
			},
			{
				"name": "bottom_R",
				"parent": "bottom",
				"pivot": [0, 0, 0],
				"rotation": [0, 20, 0],
				"cubes": [
					{"origin": [6.86841, 1.5, -10.61015], "size": [3, 1, 10], "uv": [160, 277]},
					{"origin": [6.86841, 6.499, -10.61015], "size": [3, 2, 10], "uv": [246, 272]},
					{"origin": [6.86841, 2.499, -2.61015], "size": [3, 4, 2], "uv": [172, 140]}
				]
			},
			{
				"name": "brake",
				"parent": "bottom",
				"pivot": [0, 0, 0],
				"cubes": [
					{"origin": [-4, 2.5, -13.75], "size": [3, 1, 5], "uv": [23, 105]},
					{"origin": [1, 2.5, -13.75], "size": [3, 1, 5], "uv": [144, 10]}
				]
			},
			{
				"name": "steering_wheel",
				"parent": "bottom",
				"pivot": [0, 0, 0],
				"cubes": [
					{"origin": [-4, 9.5, -11.75], "size": [2, 6, 2], "uv": [42, 40], "inflate": 0.001},
					{"origin": [-3, 8.5, -11.75], "size": [6, 2, 2], "uv": [144, 242]},
					{"origin": [2, 9.5, -11.75], "size": [2, 6, 2], "uv": [0, 112], "inflate": 0.001},
					{"origin": [-3, 14.5, -11.75], "size": [6, 2, 2], "uv": [0, 100]}
				]
			},
			{
				"name": "bone2",
				"parent": "steering_wheel",
				"pivot": [0, 0, 0],
				"rotation": [0, 0, 90],
				"cubes": [
					{"origin": [-13.5, -2, -11.75], "size": [2, 4, 2], "uv": [24, 112]}
				]
			},
			{
				"name": "right",
				"parent": "2",
				"pivot": [-1, 0, 0]
			},
			{
				"name": "bone24",
				"parent": "right",
				"pivot": [-1, 0, 0],
				"cubes": [
					{"origin": [-29, 36.5, -18.25], "size": [39, 1, 70], "uv": [0, 299], "inflate": -0.001},
					{"origin": [-28, 2.5, 50.75], "size": [37, 34, 1], "uv": [147, 307]}
				]
			},
			{
				"name": "light",
				"parent": "bone24",
				"pivot": [0, 0, 0],
				"cubes": [
					{"origin": [-16.5, 31.5, 51.75], "size": [14, 4, 1], "uv": [260, 228]},
					{"origin": [-26.5, 9.5, 51.75], "size": [7, 3, 1], "uv": [286, 198]},
					{"origin": [0.5, 9.5, 51.75], "size": [7, 3, 1], "uv": [286, 198]},
					{"origin": [-25.5, 6.5, 51.75], "size": [5, 2, 1], "uv": [11, 214]},
					{"origin": [1.5, 6.5, 51.75], "size": [5, 2, 1], "uv": [11, 214]}
				]
			},
			{
				"name": "bone27",
				"parent": "bone24",
				"pivot": [0, 0, 0],
				"cubes": [
					{"origin": [-15.5, 5.5, 54.75], "size": [12, 2, 2], "uv": [274, 233]},
					{"origin": [-15.5, 5.5, 52.75], "size": [2, 2, 2], "uv": [202, 192]},
					{"origin": [-16.5, 4.5, 51.75], "size": [14, 4, 1], "uv": [224, 135]},
					{"origin": [-5.5, 5.5, 52.75], "size": [2, 2, 2], "uv": [123, 207]}
				]
			},
			{
				"name": "pipe_2",
				"parent": "right",
				"pivot": [-1, 0, 0]
			},
			{
				"name": "bone16",
				"parent": "pipe_2",
				"pivot": [-1, 0, 0],
				"cubes": [
					{"origin": [3, 57.5, 53.75], "size": [2, 2, 3], "uv": [104, 227]},
					{"origin": [2, 30.5, 51.75], "size": [4, 4, 4], "uv": [128, 258]},
					{"origin": [2.5, 34.5, 52.25], "size": [3, 12, 3], "uv": [0, 131]},
					{"origin": [3, 46.5, 52.75], "size": [2, 12, 2], "uv": [258, 19]}
				]
			},
			{
				"name": "bone17",
				"parent": "pipe_2",
				"pivot": [-1, 0, 0],
				"cubes": [
					{"origin": [-25, 57.5, 53.75], "size": [2, 2, 3], "uv": [104, 227]},
					{"origin": [-26, 30.5, 51.75], "size": [4, 4, 4], "uv": [128, 258]},
					{"origin": [-25.5, 34.5, 52.25], "size": [3, 12, 3], "uv": [0, 131]},
					{"origin": [-25, 46.5, 52.75], "size": [2, 12, 2], "uv": [258, 19]}
				]
			},
			{
				"name": "antenna",
				"parent": "right",
				"pivot": [-1, 0, 0]
			},
			{
				"name": "bone25",
				"parent": "antenna",
				"pivot": [-1, 0, 0],
				"cubes": [
					{"origin": [-28, 37.5, 42.75], "size": [1, 4, 8], "uv": [166, 0]},
					{"origin": [-28, 41.5, 42.75], "size": [35, 1, 8], "uv": [0, 183]},
					{"origin": [6, 37.5, 42.75], "size": [1, 4, 8], "uv": [192, 197]},
					{"origin": [-13, 38.5, -16.25], "size": [6, 4, 6], "uv": [96, 49]},
					{"origin": [-15, 37.5, -18.25], "size": [10, 2, 3], "uv": [104, 23]}
				]
			},
			{
				"name": "antenna_1",
				"parent": "antenna",
				"pivot": [-1, 0, 0],
				"cubes": [
					{"origin": [-22, 37.5, 13.75], "size": [24, 4, 24], "uv": [128, 112]},
					{"origin": [-11, 60, 14.25], "size": [2, 2, 23], "uv": [149, 217]}
				]
			},
			{
				"name": "bone10",
				"parent": "antenna_1",
				"pivot": [-0.75, 0, 0],
				"rotation": [0, 0, 50],
				"cubes": [
					{"origin": [-61.24951, 34.13769, 18.75], "size": [14, 1, 14], "uv": [214, 196]},
					{"origin": [-55.24951, 35.13769, 24.75], "size": [2, 12, 2], "uv": [260, 43]},
					{"origin": [-56.24951, 47.13769, 23.75], "size": [4, 4, 4], "uv": [289, 256]},
					{"origin": [-61.24951, 35.13769, 32.75], "size": [14, 1, 2], "uv": [154, 109]},
					{"origin": [-61.24951, 36.13769, 15.75], "size": [14, 1, 1], "uv": [114, 109]},
					{"origin": [-65.24951, 37.13769, 18.75], "size": [1, 2, 14], "uv": [260, 43]},
					{"origin": [-61.24951, 39.13769, 13.75], "size": [14, 4, 1], "uv": [92, 261]},
					{"origin": [-61.24951, 39.13769, 36.75], "size": [14, 4, 1], "uv": [272, 204]},
					{"origin": [-43.24951, 39.13769, 18.75], "size": [1, 4, 14], "uv": [254, 121]},
					{"origin": [-66.24951, 39.13769, 18.75], "size": [1, 4, 14], "uv": [256, 0]},
					{"origin": [-44.24951, 37.13769, 18.75], "size": [1, 2, 14], "uv": [260, 212]},
					{"origin": [-61.24951, 37.13769, 35.75], "size": [14, 2, 1], "uv": [172, 179]},
					{"origin": [-61.24951, 37.13769, 14.75], "size": [14, 2, 1], "uv": [218, 217]},
					{"origin": [-64.24951, 36.13769, 18.75], "size": [1, 1, 14], "uv": [261, 139]},
					{"origin": [-45.24951, 36.13769, 18.75], "size": [1, 1, 14], "uv": [262, 262]},
					{"origin": [-61.24951, 36.13769, 34.75], "size": [14, 1, 1], "uv": [0, 152]},
					{"origin": [-47.24951, 35.13769, 18.75], "size": [2, 1, 14], "uv": [258, 19]},
					{"origin": [-47.24951, 36.13769, 16.75], "size": [2, 1, 2], "uv": [223, 170]},
					{"origin": [-63.24951, 36.13769, 32.75], "size": [2, 1, 2], "uv": [0, 188]},
					{"origin": [-63.24951, 36.13769, 16.75], "size": [2, 1, 2], "uv": [202, 179]},
					{"origin": [-47.24951, 36.13769, 32.75], "size": [2, 1, 2], "uv": [107, 207]},
					{"origin": [-47.24951, 37.13769, 34.75], "size": [2, 2, 1], "uv": [222, 199]},
					{"origin": [-63.24951, 39.13769, 35.75], "size": [2, 4, 1], "uv": [144, 54]},
					{"origin": [-64.24951, 39.13769, 34.75], "size": [1, 4, 1], "uv": [144, 44]},
					{"origin": [-45.24951, 39.13769, 15.75], "size": [1, 4, 1], "uv": [144, 0]},
					{"origin": [-64.24951, 39.13769, 15.75], "size": [1, 4, 1], "uv": [144, 10]},
					{"origin": [-45.24951, 39.13769, 34.75], "size": [1, 4, 1], "uv": [144, 17]},
					{"origin": [-47.24951, 39.13769, 14.75], "size": [2, 4, 1], "uv": [145, 71]},
					{"origin": [-63.24951, 39.13769, 14.75], "size": [2, 4, 1], "uv": [154, 54]},
					{"origin": [-65.24951, 39.13769, 16.75], "size": [1, 4, 2], "uv": [26, 0]},
					{"origin": [-65.24951, 39.13769, 32.75], "size": [1, 4, 2], "uv": [51, 0]},
					{"origin": [-44.24951, 39.13769, 32.75], "size": [1, 4, 2], "uv": [24, 71]},
					{"origin": [-44.24951, 39.13769, 16.75], "size": [1, 4, 2], "uv": [33, 71]},
					{"origin": [-47.24951, 39.13769, 35.75], "size": [2, 4, 1], "uv": [155, 44]},
					{"origin": [-45.24951, 37.13769, 16.75], "size": [1, 2, 2], "uv": [206, 170]},
					{"origin": [-45.24951, 37.13769, 32.75], "size": [1, 2, 2], "uv": [206, 174]},
					{"origin": [-64.24951, 37.13769, 32.75], "size": [1, 2, 2], "uv": [162, 142]},
					{"origin": [-64.24951, 37.13769, 16.75], "size": [1, 2, 2], "uv": [172, 172]},
					{"origin": [-63.24951, 37.13769, 15.75], "size": [2, 2, 1], "uv": [206, 209]},
					{"origin": [-47.24951, 37.13769, 15.75], "size": [2, 2, 1], "uv": [214, 174]},
					{"origin": [-63.24951, 37.13769, 34.75], "size": [2, 2, 1], "uv": [222, 196]},
					{"origin": [-63.24951, 35.13769, 18.75], "size": [2, 1, 14], "uv": [244, 257]},
					{"origin": [-61.24951, 35.13769, 16.75], "size": [14, 1, 2], "uv": [144, 37]}
				]
			},
			{
				"name": "bone7",
				"parent": "antenna_1",
				"pivot": [-1, 0, 0],
				"rotation": [0, 0, 65],
				"cubes": [
					{"origin": [-56.70833, 16.40585, 15.75], "size": [20, 3, 6], "uv": [242, 182]},
					{"origin": [-61.70833, 16.40585, 15.75], "size": [5, 3, 20], "uv": [228, 20], "inflate": 0.002},
					{"origin": [-56.70833, 16.40585, 29.75], "size": [20, 3, 6], "uv": [242, 164]},
					{"origin": [-52.70833, 16.40585, 21.75], "size": [6, 3, 8], "uv": [273, 86]}
				]
			},
			{
				"name": "bone8",
				"parent": "antenna_1",
				"pivot": [-0.75, 0, 0],
				"rotation": [0, 0, -65],
				"cubes": [
					{"origin": [27.29167, 32.84415, 15.75], "size": [20, 3, 6], "uv": [242, 173]},
					{"origin": [47.29167, 32.84415, 15.75], "size": [5, 3, 20], "uv": [230, 43]},
					{"origin": [27.29167, 32.84415, 29.75], "size": [20, 3, 6], "uv": [42, 239]},
					{"origin": [37.29167, 32.84415, 21.75], "size": [6, 3, 8], "uv": [146, 255]}
				]
			},
			{
				"name": "antenna_2",
				"parent": "antenna",
				"pivot": [-1, 0, 0],
				"cubes": [
					{"origin": [-12, 37.5, 6.75], "size": [4, 4, 4], "uv": [289, 289]},
					{"origin": [-10.5, 41.5, 8.25], "size": [1, 24, 1], "uv": [118, 118]},
					{"origin": [-11.2, 78.9, 8.25], "size": [1, 8, 1], "uv": [122, 139]},
					{"origin": [-11.7, 86.9, 7.75], "size": [2, 2, 2], "uv": [0, 208]}
				]
			},
			{
				"name": "bone11",
				"parent": "antenna_2",
				"pivot": [-1, 0, 0],
				"rotation": [0, 0, 45],
				"cubes": [
					{"origin": [-53.94975, 39.55025, 8.25], "size": [1, 4, 1], "uv": [130, 71]},
					{"origin": [-60.94975, 44.55025, 8.25], "size": [1, 4, 1], "uv": [65, 43]}
				]
			},
			{
				"name": "bone12",
				"parent": "antenna_2",
				"pivot": [-1, 0, 0],
				"rotation": [0, 0, -45],
				"cubes": [
					{"origin": [42.55025, 51.94975, 8.25], "size": [1, 8, 1], "uv": [188, 0]},
					{"origin": [47.55025, 58.94975, 8.25], "size": [1, 4, 1], "uv": [52, 43]}
				]
			},
			{
				"name": "antenna_3",
				"parent": "antenna",
				"pivot": [-1, 0, 0],
				"cubes": [
					{"origin": [-25, 37.5, -15.25], "size": [30, 2, 16], "uv": [175, 71]}
				]
			},
			{
				"name": "bone13",
				"parent": "antenna_3",
				"pivot": [-1, 0, 0],
				"rotation": [0, 0, 10],
				"cubes": [
					{"origin": [-13.89365, 37.43446, -11.25], "size": [8, 2, 8], "uv": [98, 269]},
					{"origin": [-12.89365, 41.43446, -10.25], "size": [6, 2, 6], "uv": [280, 102]},
					{"origin": [-12.39365, 43.43446, -9.75], "size": [5, 2, 5], "uv": [287, 63]},
					{"origin": [-10.89365, 45.43446, -8.25], "size": [2, 3, 2], "uv": [0, 183]},
					{"origin": [-13.39365, 39.43446, -10.75], "size": [7, 2, 7], "uv": [209, 274]},
					{"origin": [-11.39365, 48.36554, -8.75], "size": [3, 3, 3], "uv": [270, 121]}
				]
			},
			{
				"name": "bone9",
				"parent": "antenna_3",
				"pivot": [-1, 0, 0],
				"rotation": [0, 0, -10],
				"cubes": [
					{"origin": [-13.89365, 40.53446, -11.25], "size": [8, 2, 8], "uv": [98, 269]},
					{"origin": [-12.89365, 44.53446, -10.25], "size": [6, 2, 6], "uv": [280, 102]},
					{"origin": [-12.39365, 46.53446, -9.75], "size": [5, 2, 5], "uv": [287, 63]},
					{"origin": [-10.89365, 48.53446, -8.25], "size": [2, 3, 2], "uv": [0, 183]},
					{"origin": [-13.39365, 42.53446, -10.75], "size": [7, 2, 7], "uv": [209, 274]},
					{"origin": [-11.39365, 51.46554, -8.75], "size": [3, 3, 3], "uv": [270, 121]}
				]
			},
			{
				"name": "line",
				"parent": "antenna",
				"pivot": [-1, 0, 0],
				"cubes": [
					{"origin": [-2, 39.5, -2], "size": [1, 1, 4], "uv": [181, 248]},
					{"origin": [-20, 39.5, -2], "size": [1, 1, 4], "uv": [118, 239]},
					{"origin": [-2, 38.5, 1], "size": [1, 1, 8], "uv": [286, 0]},
					{"origin": [-20, 38.5, 1], "size": [1, 1, 8], "uv": [78, 277]},
					{"origin": [-9, 38.5, 8], "size": [7, 1, 1], "uv": [66, 152]},
					{"origin": [-19, 38.5, 8], "size": [7, 1, 1], "uv": [24, 128]},
					{"origin": [-10, 38.5, 10.75], "size": [1, 1, 3], "uv": [137, 207]},
					{"origin": [-10, 39.5, 12.75], "size": [1, 3, 1], "uv": [60, 0]},
					{"origin": [-10, 41.5, 13.75], "size": [1, 1, 12], "uv": [232, 272]},
					{"origin": [-10, 42.5, 24.75], "size": [1, 16, 1], "uv": [122, 122]}
				]
			},
			{
				"name": "bone15",
				"parent": "line",
				"pivot": [-1, 0, 0],
				"rotation": [-65, 0, 0],
				"cubes": [
					{"origin": [-2, 14.534, -48.44626], "size": [1, 1, 12], "uv": [272, 191]},
					{"origin": [-20, 14.784, -48.44626], "size": [1, 1, 12], "uv": [272, 0]}
				]
			},
			{
				"name": "inside",
				"parent": "right",
				"pivot": [-1, 0, 0]
			},
			{
				"name": "bottom2",
				"parent": "inside",
				"pivot": [-1, 0, 0],
				"cubes": [
					{"origin": [-29, 1.5, 44.75], "size": [38, 1, 7], "uv": [144, 62], "inflate": -0.002},
					{"origin": [-29, 1.5, -4.25], "size": [38, 1, 40], "uv": [185, 308]},
					{"origin": [-25, 1.5, 35.75], "size": [30, 1, 9], "uv": [200, 109]},
					{"origin": [4, 2.5, 35.75], "size": [1, 5, 9], "uv": [68, 0]},
					{"origin": [-25, 2.5, 35.75], "size": [1, 5, 9], "uv": [68, 0]},
					{"origin": [-28, 2.5, 34.75], "size": [37, 5, 1], "uv": [334, 40]},
					{"origin": [-28, 2.5, 44.75], "size": [37, 5, 1], "uv": [330, 26]},
					{"origin": [-28, 7.5, 33.75], "size": [37, 1, 17], "uv": [316, 0]},
					{"origin": [1, 8.5, 33.75], "size": [8, 2, 17], "uv": [111, 231]}
				]
			},
			{
				"name": "desk",
				"parent": "inside",
				"pivot": [-1, 0, 0]
			},
			{
				"name": "desk2",
				"parent": "desk",
				"pivot": [-1, 0, 0],
				"cubes": [
					{"origin": [-18, 8.5, 48.75], "size": [2, 6, 2], "uv": [32, 40]},
					{"origin": [-3, 2.5, 13.75], "size": [2, 12, 2], "uv": [176, 217]},
					{"origin": [-18, 2.5, 13.75], "size": [2, 12, 2], "uv": [176, 217]},
					{"origin": [-3, 2.5, 29.75], "size": [2, 12, 2], "uv": [176, 217]},
					{"origin": [-28, 14.5, 13.75], "size": [12, 1, 37], "uv": [114, 71]},
					{"origin": [-3, 14.5, 13.75], "size": [12, 1, 18], "uv": [214, 0]}
				]
			},
			{
				"name": "item",
				"parent": "desk",
				"pivot": [-1, 0, 0],
				"cubes": [
					{"origin": [-24, 15.5, 16.75], "size": [5, 5, 5], "uv": [130, 71]},
					{"origin": [-24.5, 20.5, 16.25], "size": [6, 1, 6], "uv": [280, 110]},
					{"origin": [-24, 15.5, 26.75], "size": [3, 8, 3], "uv": [13, 40]},
					{"origin": [-23.25, 15.5, 32.5], "size": [3, 8, 3], "uv": [13, 40]},
					{"origin": [-23.5, 23.5, 27.25], "size": [2, 1, 2], "uv": [114, 102]},
					{"origin": [-22.75, 23.5, 33], "size": [2, 1, 2], "uv": [114, 102]},
					{"origin": [-1, 15.5, 16.75], "size": [10, 1, 12], "uv": [149, 242]},
					{"origin": [8, 16.5, 16.75], "size": [1, 10, 12], "uv": [162, 255]},
					{"origin": [-13.5, 30.5, 19], "size": [4, 6, 3], "uv": [26, 208]},
					{"origin": [-12.5, 33.5, 20], "size": [2, 3, 1], "uv": [96, 0]},
					{"origin": [-25, 16.5, 40.75], "size": [3, 4, 8], "uv": [123, 207]},
					{"origin": [-27, 15.5, 40.75], "size": [8, 1, 8], "uv": [94, 239]}
				]
			},
			{
				"name": "seat",
				"parent": "inside",
				"pivot": [-1, 0, 0],
				"cubes": [
					{"origin": [-8, 5.5, -3.25], "size": [14, 2, 9], "uv": [80, 250]},
					{"origin": [-27, 5.5, -3.25], "size": [14, 2, 9], "uv": [80, 250]},
					{"origin": [-13, 2.5, -3.25], "size": [5, 8, 9], "uv": [188, 261]},
					{"origin": [-8, 2.5, -2.25], "size": [14, 3, 8], "uv": [251, 66]},
					{"origin": [-27, 2.5, -2.25], "size": [14, 3, 8], "uv": [251, 66]}
				]
			},
			{
				"name": "bone14",
				"parent": "seat",
				"pivot": [0, 0, 0],
				"rotation": [10, 0, 0],
				"cubes": [
					{"origin": [-11.5, 10.5, 0.75], "size": [2, 5, 1], "uv": [83, 29]}
				]
			},
			{
				"name": "bone19",
				"parent": "seat",
				"pivot": [-1, 0, 0],
				"rotation": [75, 0, 0],
				"cubes": [
					{"origin": [-8, -3.94296, 7.38535], "size": [14, 3, 14], "uv": [218, 220]},
					{"origin": [-27, -3.94296, 7.38535], "size": [14, 3, 14], "uv": [218, 220]},
					{"origin": [-6, -3.94296, 22.38535], "size": [10, 3, 3], "uv": [276, 49]},
					{"origin": [-25, -3.94296, 22.38535], "size": [10, 3, 3], "uv": [276, 49]},
					{"origin": [-4, -3.94296, 21.38535], "size": [6, 3, 1], "uv": [59, 203]},
					{"origin": [-23, -3.94296, 21.38535], "size": [6, 3, 1], "uv": [59, 203]}
				]
			},
			{
				"name": "side_L_1",
				"parent": "right",
				"pivot": [0, 0, 0],
				"cubes": [
					{"origin": [9, 7.5, 11.75], "size": [1, 30, 40], "uv": [86, 112]},
					{"origin": [9, 33.5, -4.25], "size": [1, 4, 16], "uv": [144, 17]},
					{"origin": [9, 1.5, 11.75], "size": [1, 6, 24], "uv": [0, 208]},
					{"origin": [9, 1.5, 44.75], "size": [1, 6, 7], "uv": [24, 71]}
				]
			},
			{
				"name": "door",
				"parent": "side_L_1",
				"pivot": [0, 0, 0]
			},
			{
				"name": "door2",
				"parent": "door",
				"pivot": [0, 0, 0],
				"cubes": [
					{"origin": [9, 1.5, -4.25], "size": [1, 16, 16], "uv": [34, 34], "inflate": 0.002},
					{"origin": [9, 31.5, -4.25], "size": [1, 2, 16], "uv": [110, 250], "inflate": 0.002},
					{"origin": [9, 20.5, -2.25], "size": [1, 2, 12], "uv": [270, 121], "inflate": 0.002},
					{"origin": [9, 17.5, -4.25], "size": [1, 14, 2], "uv": [264, 194], "inflate": 0.002},
					{"origin": [9, 22.5, -2.25], "size": [1, 9, 12], "uv": [50, 259]},
					{"origin": [9, 17.5, -2.25], "size": [1, 3, 12], "uv": [267, 245]},
					{"origin": [9, 17.5, 9.75], "size": [1, 14, 2], "uv": [243, 43], "inflate": 0.002},
					{"origin": [10, 2.5, -4.25], "size": [3, 1, 16], "uv": [144, 0]},
					{"origin": [10, 15.5, 8.75], "size": [2, 2, 2], "uv": [53, 259]},
					{"origin": [10, 34.5, -3.25], "size": [1, 2, 14], "uv": [76, 261]},
					{"origin": [14.5, 31, -3.25], "size": [0, 2, 14], "uv": [26, 8]}
				]
			},
			{
				"name": "curtain",
				"parent": "door",
				"pivot": [0, 0, 0],
				"cubes": [
					{"origin": [8, 14.5, -3.25], "size": [1, 6, 4], "uv": [0, 0]},
					{"origin": [8, 12.5, -3.25], "size": [1, 2, 3], "uv": [51, 21]},
					{"origin": [8, 11.5, -3.25], "size": [1, 1, 2], "uv": [34, 101]},
					{"origin": [8, 16.5, 0.75], "size": [1, 3, 1], "uv": [0, 0]},
					{"origin": [8, 21.5, -3.25], "size": [1, 11, 4], "uv": [0, 192]},
					{"origin": [8, 24.5, 0.75], "size": [1, 8, 1], "uv": [122, 112]},
					{"origin": [8, 27.5, 1.75], "size": [1, 5, 1], "uv": [38, 146]},
					{"origin": [8, 20.5, -3.25], "size": [1, 1, 3], "uv": [61, 66]},
					{"origin": [8, 11.5, 8.75], "size": [1, 1, 2], "uv": [5, 40]},
					{"origin": [8, 12.5, 7.75], "size": [1, 2, 3], "uv": [114, 97]},
					{"origin": [8, 14.5, 6.75], "size": [1, 6, 4], "uv": [13, 0]},
					{"origin": [8, 16.5, 5.75], "size": [1, 3, 1], "uv": [6, 0]},
					{"origin": [8, 20.5, 7.75], "size": [1, 1, 3], "uv": [162, 23]},
					{"origin": [8, 21.5, 6.75], "size": [1, 11, 4], "uv": [233, 43]},
					{"origin": [8, 24.5, 5.75], "size": [1, 8, 1], "uv": [12, 131]},
					{"origin": [8, 27.5, 4.75], "size": [1, 5, 1], "uv": [118, 112]},
					{"origin": [8, 32.5, -4.25], "size": [1, 1, 16], "uv": [128, 252]}
				]
			},
			{
				"name": "lifebuoy",
				"parent": "door",
				"pivot": [0, 0, 0],
				"cubes": [
					{"origin": [10, 5.5, -0.25], "size": [1, 3, 8], "uv": [214, 0]},
					{"origin": [10, 12.5, -0.25], "size": [1, 3, 8], "uv": [56, 208]},
					{"origin": [10, 6.5, -1.25], "size": [1, 8, 3], "uv": [128, 112], "inflate": 0.002},
					{"origin": [10, 6.5, 5.75], "size": [1, 8, 3], "uv": [0, 40], "inflate": 0.002}
				]
			},
			{
				"name": "bone",
				"parent": "door",
				"pivot": [0, 0, 0],
				"rotation": [0, 0, -45],
				"cubes": [
					{"origin": [33.55025, 12.94975, -3.25], "size": [0, 5, 14], "uv": [0, 91]}
				]
			},
			{
				"name": "fire_extinguisher",
				"parent": "side_L_1",
				"pivot": [0, 0, 0],
				"cubes": [
					{"origin": [10, 18.5, 13.75], "size": [4, 12, 4], "uv": [0, 71]},
					{"origin": [9.5, 28.5, 13.25], "size": [5, 1, 5], "uv": [176, 261]},
					{"origin": [9.5, 19.5, 13.25], "size": [5, 1, 5], "uv": [38, 259]},
					{"origin": [11, 30, 14.75], "size": [2, 4, 2], "uv": [34, 112]},
					{"origin": [11.5, 31.5, 16.75], "size": [1, 1, 2], "uv": [184, 225]},
					{"origin": [11.5, 22.5, 18.75], "size": [1, 10, 1], "uv": [36, 88]},
					{"origin": [11.5, 19.5, 18.25], "size": [2, 3, 2], "uv": [78, 186]},
					{"origin": [11.5, 32.5, 12.75], "size": [1, 1, 2], "uv": [223, 173]},
					{"origin": [11.5, 31, 12.75], "size": [1, 1, 2], "uv": [222, 205]}
				]
			},
			{
				"name": "side_R_1_2",
				"parent": "side_L_1",
				"pivot": [0, 0, 0],
				"rotation": [-45, 0, 0],
				"cubes": [
					{"origin": [8.999, 29.60761, 19.95761], "size": [1, 2, 1], "uv": [22, 40]},
					{"origin": [8.999, 35.95761, 25.30761], "size": [1, 1, 2], "uv": [144, 105]}
				]
			},
			{
				"name": "wing_L",
				"parent": "side_L_1",
				"pivot": [0, 0, 0],
				"cubes": [
					{"origin": [10, 1.5, 11.75], "size": [1, 16, 24], "uv": [188, 0]},
					{"origin": [10, 1.5, 44.75], "size": [1, 16, 7], "uv": [214, 170]},
					{"origin": [11, 5.5, 35.75], "size": [1, 8, 9], "uv": [87, 277]},
					{"origin": [10, 4.5, 35.75], "size": [1, 13, 9], "uv": [0, 208]},
					{"origin": [11, 3.5, 11.75], "size": [1, 10, 24], "uv": [50, 203]},
					{"origin": [11, 3.5, 44.75], "size": [1, 10, 7], "uv": [51, 0]},
					{"origin": [12, 5.5, 11.75], "size": [2, 4, 40], "uv": [144, 0]},
					{"origin": [12, 10.5, 30.75], "size": [2, 2, 24], "uv": [76, 213]},
					{"origin": [12.5, 11, 54.75], "size": [1, 1, 1], "uv": [0, 127]}
				]
			},
			{
				"name": "wing_R_1",
				"parent": "wing_L",
				"pivot": [0, 0, 0],
				"rotation": [10, 5, 0],
				"cubes": [
					{"origin": [6.15966, 5.85478, 45.3954], "size": [1, 1, 9], "uv": [282, 154]},
					{"origin": [6.15966, 4.85478, 45.3954], "size": [1, 1, 7], "uv": [288, 175]},
					{"origin": [6.15966, 8.85478, 44.3954], "size": [1, 1, 15], "uv": [256, 86]},
					{"origin": [6.15966, 7.85478, 46.3954], "size": [1, 1, 11], "uv": [188, 278]},
					{"origin": [6.15966, 6.85478, 45.3954], "size": [1, 1, 11], "uv": [277, 135]}
				]
			},
			{
				"name": "side_R_1",
				"parent": "right",
				"pivot": [-1, 0, 0],
				"cubes": [
					{"origin": [-29, 2.5, -4.25], "size": [1, 5, 40], "uv": [172, 172]},
					{"origin": [-29, 7.5, 9.75], "size": [1, 29, 42], "uv": [0, 112]},
					{"origin": [-29, 7.5, -4.25], "size": [1, 12, 14], "uv": [114, 71]},
					{"origin": [-29, 19.5, -4.25], "size": [1, 17, 2], "uv": [144, 81]},
					{"origin": [-29, 34.5, -2.25], "size": [1, 2, 12], "uv": [144, 269]},
					{"origin": [-29, 2.5, 44.75], "size": [1, 5, 7], "uv": [0, 88]}
				]
			},
			{
				"name": "side_R_1_1",
				"parent": "side_R_1",
				"pivot": [-1, 0, 0],
				"rotation": [-45, 0, 0],
				"cubes": [
					{"origin": [-28.999, 29.60761, 19.95761], "size": [1, 2, 1], "uv": [66, 66]},
					{"origin": [-28.999, 35.95761, 25.30761], "size": [1, 1, 2], "uv": [222, 202]}
				]
			},
			{
				"name": "bone18",
				"parent": "side_R_1",
				"pivot": [-1, 0, 0]
			},
			{
				"name": "bone4",
				"parent": "bone18",
				"pivot": [-1, 0, 0],
				"rotation": [0, 0, 45],
				"cubes": [
					{"origin": [-37.94975, -10.44975, -3.25], "size": [8, 1, 2], "uv": [186, 109]},
					{"origin": [-37.94975, -10.44975, 6.75], "size": [8, 1, 2], "uv": [227, 66]}
				]
			},
			{
				"name": "bone26",
				"parent": "bone18",
				"pivot": [0, 0, 0],
				"cubes": [
					{"origin": [-44, 18.5, -4.25], "size": [15, 1, 14], "uv": [148, 197]},
					{"origin": [-43, 20.5, -1.25], "size": [1, 1, 8], "uv": [32, 40]},
					{"origin": [-37, 35.5, -4.25], "size": [8, 1, 14], "uv": [26, 208]},
					{"origin": [-37, 33.5, -4.25], "size": [0, 2, 14], "uv": [26, 6]},
					{"origin": [-37, 33.5, -4.25], "size": [8, 2, 0], "uv": [26, 17]},
					{"origin": [-37, 33.5, 9.75], "size": [8, 2, 0], "uv": [51, 17]},
					{"origin": [-43, 19.5, 5.75], "size": [1, 1, 1], "uv": [66, 2]},
					{"origin": [-43, 19.5, -1.25], "size": [1, 1, 1], "uv": [66, 0]}
				]
			},
			{
				"name": "wing_R",
				"parent": "side_R_1",
				"pivot": [-1, 0, 0],
				"cubes": [
					{"origin": [-30, 1.5, 11.75], "size": [1, 16, 24], "uv": [0, 0]},
					{"origin": [-30, 1.5, 44.75], "size": [1, 16, 7], "uv": [52, 20]},
					{"origin": [-31, 5.5, 35.75], "size": [1, 8, 9], "uv": [67, 277]},
					{"origin": [-30, 4.5, 35.75], "size": [1, 13, 9], "uv": [188, 0]},
					{"origin": [-31, 3.5, 11.75], "size": [1, 10, 24], "uv": [122, 197]},
					{"origin": [-31, 3.5, 44.75], "size": [1, 10, 7], "uv": [26, 0]},
					{"origin": [-33, 5.5, 11.75], "size": [2, 4, 40], "uv": [128, 142]},
					{"origin": [-33, 10.5, 30.75], "size": [2, 2, 24], "uv": [76, 213]},
					{"origin": [-32.5, 11, 54.75], "size": [1, 1, 1], "uv": [0, 127]}
				]
			},
			{
				"name": "wing_R_2",
				"parent": "wing_R",
				"pivot": [-1, 0, 0],
				"rotation": [10, -5, 0],
				"cubes": [
					{"origin": [-26.05798, 6.23314, 47.24961], "size": [1, 1, 9], "uv": [46, 280]},
					{"origin": [-26.05798, 5.23314, 47.24961], "size": [1, 1, 7], "uv": [288, 166]},
					{"origin": [-26.05798, 9.23314, 46.24961], "size": [1, 1, 15], "uv": [255, 196]},
					{"origin": [-26.05798, 8.23314, 48.24961], "size": [1, 1, 11], "uv": [175, 277]},
					{"origin": [-26.05798, 7.23314, 47.24961], "size": [1, 1, 11], "uv": [31, 277]}
				]
			},
			{
				"name": "3",
				"pivot": [0, 0, 0]
			},
			{
				"name": "bone20",
				"parent": "3",
				"pivot": [0, 0, 0],
				"cubes": [
					{"origin": [-14.5, 14.5, 51.75], "size": [10, 10, 2], "uv": [272, 277]},
					{"origin": [-16.5, 18.5, 51.75], "size": [2, 2, 2], "uv": [137, 211]},
					{"origin": [-10.5, 12.5, 51.75], "size": [2, 2, 2], "uv": [56, 208]},
					{"origin": [-11.5, 17.5, 60.75], "size": [4, 4, 4], "uv": [48, 290]},
					{"origin": [-13.5, 15.5, 53.75], "size": [8, 8, 2], "uv": [281, 244]},
					{"origin": [-10.5, 24.5, 51.75], "size": [2, 2, 2], "uv": [66, 208]},
					{"origin": [-4.5, 18.5, 51.75], "size": [2, 2, 2], "uv": [123, 211]},
					{"origin": [-10.5, 18.5, 55.75], "size": [2, 2, 5], "uv": [244, 263]}
				]
			},
			{
				"name": "bone3",
				"parent": "3",
				"pivot": [0, 0, 0]
			},
			{
				"name": "bone21",
				"parent": "bone3",
				"pivot": [0, 0, 0],
				"cubes": [
					{"origin": [-0.5, 12.5, 57.75], "size": [1, 14, 3], "uv": [40, 289]},
					{"origin": [-1.5, 26.5, 57.75], "size": [1, 1, 3], "uv": [80, 252]},
					{"origin": [-2.5, 27.5, 57.75], "size": [1, 1, 3], "uv": [0, 253]},
					{"origin": [-16.5, 28.5, 57.75], "size": [14, 1, 3], "uv": [76, 207]},
					{"origin": [-17.5, 27.5, 57.75], "size": [1, 1, 3], "uv": [221, 254]},
					{"origin": [-18.5, 26.5, 57.75], "size": [1, 1, 3], "uv": [251, 70]},
					{"origin": [-19.5, 12.5, 57.75], "size": [1, 14, 3], "uv": [32, 289]},
					{"origin": [-18.5, 11.5, 57.75], "size": [1, 1, 3], "uv": [146, 250]},
					{"origin": [-17.5, 10.5, 57.75], "size": [1, 1, 3], "uv": [38, 253]},
					{"origin": [-16.5, 9.5, 57.75], "size": [14, 1, 3], "uv": [214, 19]},
					{"origin": [-2.5, 10.5, 57.75], "size": [1, 1, 3], "uv": [117, 254]},
					{"origin": [-1.5, 11.5, 57.75], "size": [1, 1, 3], "uv": [221, 250]},
					{"origin": [-2.5, 11.5, 54.75], "size": [1, 1, 3], "uv": [166, 255]},
					{"origin": [-1.5, 12.5, 54.75], "size": [1, 14, 3], "uv": [179, 289]},
					{"origin": [-2.5, 12.5, 51.75], "size": [1, 14, 3], "uv": [281, 289]},
					{"origin": [-2.5, 26.5, 54.75], "size": [1, 1, 3], "uv": [0, 257]},
					{"origin": [-16.5, 27.5, 54.75], "size": [14, 1, 3], "uv": [249, 102]},
					{"origin": [-16.5, 26.5, 51.75], "size": [14, 1, 3], "uv": [260, 59]},
					{"origin": [-17.5, 26.5, 54.75], "size": [1, 1, 3], "uv": [176, 255]},
					{"origin": [-18.5, 12.5, 54.75], "size": [1, 14, 3], "uv": [171, 289]},
					{"origin": [-17.5, 11.5, 54.75], "size": [1, 1, 3], "uv": [146, 255]},
					{"origin": [-16.5, 10.5, 54.75], "size": [14, 1, 3], "uv": [26, 223]},
					{"origin": [-16.5, 11.5, 51.75], "size": [14, 1, 3], "uv": [258, 34]},
					{"origin": [-17.5, 12.5, 51.75], "size": [1, 14, 3], "uv": [273, 289]}
				]
			},
			{
				"name": "bone5",
				"parent": "3",
				"pivot": [0, 0, 0],
				"cubes": [
					{"origin": [-17.5, 28.5, 60.75], "size": [1, 1, 3], "uv": [117, 250]},
					{"origin": [-2.5, 9.5, 60.75], "size": [1, 1, 3], "uv": [80, 248]},
					{"origin": [-17.5, 9.5, 60.75], "size": [1, 1, 3], "uv": [0, 244]},
					{"origin": [-2.5, 28.5, 60.75], "size": [1, 1, 3], "uv": [117, 228]},
					{"origin": [-1.5, 27.5, 60.75], "size": [1, 1, 3], "uv": [214, 0]},
					{"origin": [-18.5, 27.5, 60.75], "size": [1, 1, 3], "uv": [66, 212]},
					{"origin": [-1.5, 10.5, 60.75], "size": [1, 1, 3], "uv": [0, 212]},
					{"origin": [-18.5, 10.5, 60.75], "size": [1, 1, 3], "uv": [56, 212]},
					{"origin": [-0.5, 26.5, 60.75], "size": [1, 1, 3], "uv": [224, 4]},
					{"origin": [-19.5, 11.5, 60.75], "size": [1, 1, 3], "uv": [224, 0]},
					{"origin": [-0.5, 11.5, 60.75], "size": [1, 1, 3], "uv": [76, 217]},
					{"origin": [-19.5, 26.5, 60.75], "size": [1, 1, 3], "uv": [214, 4]},
					{"origin": [-16.5, 8.5, 60.75], "size": [14, 1, 3], "uv": [83, 182]},
					{"origin": [0.5, 12.5, 60.75], "size": [1, 14, 3], "uv": [238, 23]},
					{"origin": [-20.5, 12.5, 60.75], "size": [1, 14, 3], "uv": [230, 170]},
					{"origin": [-16.5, 29.5, 60.75], "size": [14, 1, 3], "uv": [0, 148]}
				]
			},
			{
				"name": "bone6",
				"parent": "3",
				"pivot": [0, 0, 0],
				"cubes": [
					{"origin": [-18.5, 29.5, 63.75], "size": [2, 1, 6], "uv": [292, 9]},
					{"origin": [-2.5, 8.5, 63.75], "size": [2, 1, 6], "uv": [197, 292]},
					{"origin": [-18.5, 8.5, 63.75], "size": [2, 1, 6], "uv": [291, 147]},
					{"origin": [-2.5, 29.5, 63.75], "size": [2, 1, 6], "uv": [144, 54]},
					{"origin": [-0.5, 28.5, 63.75], "size": [1, 1, 6], "uv": [201, 278]},
					{"origin": [-19.5, 28.5, 63.75], "size": [1, 1, 6], "uv": [230, 274]},
					{"origin": [-1.5, 9.5, 63.75], "size": [1, 1, 1], "uv": [0, 125]},
					{"origin": [-18.5, 9.5, 63.75], "size": [1, 1, 1], "uv": [123, 71]},
					{"origin": [-1.5, 28.5, 63.75], "size": [1, 1, 1], "uv": [34, 118]},
					{"origin": [-0.5, 27.5, 63.75], "size": [1, 1, 1], "uv": [36, 99]},
					{"origin": [-0.5, 10.5, 63.75], "size": [1, 1, 1], "uv": [12, 71]},
					{"origin": [-19.5, 10.5, 63.75], "size": [1, 1, 1], "uv": [0, 73]},
					{"origin": [-19.5, 27.5, 63.75], "size": [1, 1, 1], "uv": [12, 73]},
					{"origin": [-18.5, 28.5, 63.75], "size": [1, 1, 1], "uv": [38, 118]},
					{"origin": [-0.5, 9.5, 63.75], "size": [1, 1, 6], "uv": [224, 187]},
					{"origin": [-19.5, 9.5, 63.75], "size": [1, 1, 6], "uv": [92, 266]},
					{"origin": [0.5, 26.5, 63.75], "size": [1, 2, 6], "uv": [262, 262]},
					{"origin": [-20.5, 10.5, 63.75], "size": [1, 2, 6], "uv": [261, 139]},
					{"origin": [0.5, 10.5, 63.75], "size": [1, 2, 6], "uv": [218, 220]},
					{"origin": [-20.5, 26.5, 63.75], "size": [1, 2, 6], "uv": [112, 143]},
					{"origin": [-16.5, 7.5, 63.75], "size": [14, 1, 6], "uv": [172, 172]},
					{"origin": [1.5, 12.5, 63.75], "size": [1, 14, 6], "uv": [107, 279]},
					{"origin": [-21.5, 12.5, 63.75], "size": [1, 14, 6], "uv": [0, 279]},
					{"origin": [-16.5, 30.5, 63.75], "size": [14, 1, 6], "uv": [128, 140]}
				]
			},
			{
				"name": "wheel",
				"pivot": [0, 0, 0]
			},
			{
				"name": "right1",
				"parent": "wheel",
				"pivot": [0, 0, 0],
				"cubes": [
					{"origin": [3, 0, -23.5], "size": [4, 1, 5], "uv": [291, 55]},
					{"origin": [3, 6, -23.5], "size": [4, 1, 5], "uv": [289, 237]},
					{"origin": [3, 1, -18.5], "size": [4, 5, 1], "uv": [0, 238]},
					{"origin": [3, 1, -24.5], "size": [4, 5, 1], "uv": [104, 221]},
					{"origin": [3.5, 1, -23.5], "size": [3, 5, 5], "uv": [175, 71]},
					{"origin": [3, 2, -22.5], "size": [4, 3, 3], "uv": [292, 215]}
				]
			},
			{
				"name": "left1",
				"parent": "wheel",
				"pivot": [0, 0, 0],
				"cubes": [
					{"origin": [-25, 0, -23.5], "size": [4, 1, 5], "uv": [289, 30]},
					{"origin": [-25, 6, -23.5], "size": [4, 1, 5], "uv": [57, 280]},
					{"origin": [-25, 1, -18.5], "size": [4, 5, 1], "uv": [76, 211]},
					{"origin": [-25, 1, -24.5], "size": [4, 5, 1], "uv": [202, 197]},
					{"origin": [-24.5, 1, -23.5], "size": [3, 5, 5], "uv": [144, 44]},
					{"origin": [-25, 2, -22.5], "size": [4, 3, 3], "uv": [292, 209]}
				]
			},
			{
				"name": "left2",
				"parent": "wheel",
				"pivot": [0, 0, 0],
				"cubes": [
					{"origin": [-28, 0, 37.5], "size": [4, 1, 5], "uv": [277, 147]},
					{"origin": [-28, 6, 37.5], "size": [4, 1, 5], "uv": [181, 242]},
					{"origin": [-28, 1, 42.5], "size": [4, 5, 1], "uv": [202, 186]},
					{"origin": [-28, 1, 36.5], "size": [4, 5, 1], "uv": [130, 186]},
					{"origin": [-27.5, 1, 37.5], "size": [3, 5, 5], "uv": [144, 17]},
					{"origin": [-28, 2, 38.5], "size": [4, 3, 3], "uv": [98, 279]}
				]
			},
			{
				"name": "right2",
				"parent": "wheel",
				"pivot": [0, 0, 0],
				"cubes": [
					{"origin": [6, 0, 37.5], "size": [4, 1, 5], "uv": [214, 11]},
					{"origin": [6, 6, 37.5], "size": [4, 1, 5], "uv": [52, 43]},
					{"origin": [6, 1, 42.5], "size": [4, 5, 1], "uv": [175, 89]},
					{"origin": [6, 1, 36.5], "size": [4, 5, 1], "uv": [174, 17]},
					{"origin": [6.5, 1, 37.5], "size": [3, 5, 5], "uv": [144, 0]},
					{"origin": [6, 2, 38.5], "size": [4, 3, 3], "uv": [260, 220]}
				]
			},
			{
				"name": "pipe_1",
				"parent": "wheel",
				"pivot": [0, 0, 0],
				"cubes": [
					{"origin": [-8, 1, -6.5], "size": [15, 1, 3], "uv": [128, 147]},
					{"origin": [7.001, 1, -6.5], "size": [3, 1, 26], "uv": [0, 40]},
					{"origin": [6.501, 1, -2.5], "size": [4, 1, 1], "uv": [194, 170], "inflate": 0.001},
					{"origin": [6.501, 1, 17.5], "size": [4, 1, 1], "uv": [130, 194], "inflate": 0.001},
					{"origin": [7.001, 1, 19.5], "size": [5, 1, 3], "uv": [268, 191]},
					{"origin": [11.001, 2, 19], "size": [2, 4, 4], "uv": [199, 0]},
					{"origin": [-4, 1, -7], "size": [1, 1, 4], "uv": [175, 95], "inflate": 0.001},
					{"origin": [5, 1, -7], "size": [1, 1, 4], "uv": [174, 33], "inflate": 0.001},
					{"origin": [-8, 1, -19.5], "size": [3, 1, 13], "uv": [104, 207]},
					{"origin": [-8.5, 1, -8.5], "size": [4, 1, 1], "uv": [198, 22], "inflate": 0.001},
					{"origin": [-8.5, 1, -18.5], "size": [4, 1, 1], "uv": [130, 192], "inflate": 0.001},
					{"origin": [-9, 1, -24.5], "size": [5, 1, 5], "uv": [176, 234]}
				]
			},
			{
				"name": "pipe_3",
				"parent": "wheel",
				"pivot": [0, 0, 0],
				"cubes": [
					{"origin": [4, 1, 51.5], "size": [4, 4, 2], "uv": [104, 211]},
					{"origin": [-21, 1, 51.5], "size": [4, 4, 2], "uv": [104, 211]},
					{"origin": [-1, 1, 51.5], "size": [4, 4, 2], "uv": [104, 211]},
					{"origin": [-26, 1, 51.5], "size": [4, 4, 2], "uv": [104, 211]},
					{"origin": [2, 1, 33.5], "size": [3, 1, 16], "uv": [0, 131]},
					{"origin": [-25, 1, 49.5], "size": [7, 1, 2], "uv": [24, 125]},
					{"origin": [-23.5, 1, 34.5], "size": [4, 1, 1], "uv": [162, 140], "inflate": 0.001},
					{"origin": [-12.5, 1, 16.5], "size": [4, 1, 1], "uv": [144, 109], "inflate": 0.001},
					{"origin": [-12.5, 1, 28.5], "size": [4, 1, 1], "uv": [141, 120], "inflate": 0.001},
					{"origin": [-23.5, 1, 47.5], "size": [4, 1, 1], "uv": [174, 23], "inflate": 0.001},
					{"origin": [-23, 1, 30.5], "size": [3, 1, 19], "uv": [26, 0]},
					{"origin": [1.5, 1, 47.5], "size": [4, 1, 1], "uv": [188, 22], "inflate": 0.001},
					{"origin": [1.5, 1, 34.5], "size": [4, 1, 1], "uv": [174, 25], "inflate": 0.001},
					{"origin": [1.5, 1, 29.5], "size": [4, 1, 4], "uv": [144, 27]},
					{"origin": [-20, 1, 30.5], "size": [8, 1, 3], "uv": [26, 227]},
					{"origin": [-12, 1, 15.5], "size": [3, 1, 18], "uv": [0, 112]},
					{"origin": [-12.5, 1, 11.5], "size": [4, 1, 4], "uv": [0, 125]},
					{"origin": [-19, 1, 30], "size": [1, 1, 4], "uv": [172, 158], "inflate": 0.001},
					{"origin": [-14, 1, 30], "size": [1, 1, 4], "uv": [172, 146], "inflate": 0.001},
					{"origin": [0, 1, 49.5], "size": [7, 1, 2], "uv": [166, 12]}
				]
			}
		]
	}
}