{
	"format_version": "1.10.0",
	"geometry.model": {
		"texturewidth": 256,
		"textureheight": 256,
		"visible_bounds_width": 5,
		"visible_bounds_height": 3,
		"visible_bounds_offset": [0, 1.5, 0],
		"bones": [
			{
				"name": "body",
				"pivot": [0, 0, 0],
				"cubes": [
					{"origin": [-1.5, 0, -1.5], "size": [3, 7, 3], "uv": [214, 220]}
				]
			},
			{
				"name": "bone2",
				"parent": "body",
				"pivot": [0, 0, 0],
				"rotation": [0, 45, 0],
				"cubes": [
					{"origin": [-0.5, 0, -3.15], "size": [1, 1, 1], "uv": [218, 226]},
					{"origin": [-1, 0, 1.15], "size": [2, 1, 1], "uv": [216, 224]},
					{"origin": [-0.5, 0, 2.15], "size": [1, 1, 1], "uv": [216, 224]},
					{"origin": [-1, 0, -2.15], "size": [2, 1, 1], "uv": [216, 224]}
				]
			},
			{
				"name": "bone",
				"parent": "body",
				"pivot": [0, 0, 0],
				"rotation": [0, -45, 0],
				"cubes": [
					{"origin": [-0.5, 0, -3.15], "size": [1, 1, 1], "uv": [216, 224]},
					{"origin": [-1, 0, 1.15], "size": [2, 1, 1], "uv": [218, 226]},
					{"origin": [-0.5, 0, 2.15], "size": [1, 1, 1], "uv": [218, 226]},
					{"origin": [-1, 0, -2.15], "size": [2, 1, 1], "uv": [218, 226]}
				]
			},
			{
				"name": "head",
				"pivot": [0, 7, 0],
				"cubes": [
					{"origin": [-5, 7.1, -5], "size": [10, 1, 10], "uv": [216, 220]},
					{"origin": [-6, 19, -6], "size": [12, 1, 12], "uv": [208, 219]}
				]
			},
			{
				"name": "spring_festival",
				"parent": "head",
				"pivot": [0, 24, 0],
				"cubes": [
					{"origin": [-3, 24, -3], "size": [6, 3, 6], "uv": [0, 0]},
					{"origin": [-2.5, 27, -2.5], "size": [5, 1, 5], "uv": [0, 9]},
					{"origin": [-1, 27.75, -1], "size": [2, 1, 2], "uv": [15, 9], "inflate": -0.3},
					{"origin": [-6, 20, -8.21], "size": [12, 12, 1], "uv": [0, 15], "inflate": -5.2}
				]
			},
			{
				"name": "christmas",
				"parent": "head",
				"pivot": [-2, 24, 2],
				"cubes": [
					{"origin": [-3, 24, -3], "size": [6, 1, 6], "uv": [0, 32]},
					{"origin": [-2.5, 24.5, -2.5], "size": [5, 3, 5], "uv": [0, 39]},
					{"origin": [-2, 27.25, -2], "size": [4, 2, 4], "uv": [0, 47]},
					{"origin": [-1, 28.25, -1], "size": [5, 2, 2], "uv": [12, 47]},
					{"origin": [3.25, 27, -1], "size": [2, 2, 2], "uv": [15, 39], "inflate": 0.2}
				]
			},
			{
				"name": "resourcepack_anniversary",
				"parent": "head",
				"pivot": [0, 24, 0],
				"cubes": [
					{"origin": [-3, 24, -3], "size": [6, 2, 6], "uv": [26, 32]},
					{"origin": [-2.5, 26, -2.5], "size": [5, 2, 5], "uv": [28, 40]},
					{"origin": [-2, 28, -2], "size": [4, 2, 4], "uv": [30, 41]},
					{"origin": [-1.5, 30, -1.5], "size": [3, 2, 3], "uv": [32, 42]},
					{"origin": [-1, 32, -1], "size": [2, 2, 2], "uv": [32, 28]}
				]
			},
			{
				"name": "plants_vs_zombies_anniversary",
				"parent": "head",
				"pivot": [0, 26, 0],
				"cubes": [
					{"origin": [-3, 26, -3], "size": [6, 3, 6], "uv": [25, 0]},
					{"origin": [-3, 29.15, -3], "size": [6, 0, 6], "uv": [37, 0]},
					{"origin": [-0.5, 28.75, -0.5], "size": [1, 2, 1], "uv": [25, 0], "inflate": -0.2},
					{"origin": [-1.35, 30.25, -0.5], "size": [1.2, 0.5, 1], "uv": [25, 3]},
					{"origin": [0.15, 30.25, -0.5], "size": [1.2, 0.5, 1], "uv": [25, 3]}
				]
			},
			{
				"name": "leaf",
				"parent": "head",
				"pivot": [0, 8.7, 0]
			},
			{
				"name": "bone25",
				"parent": "leaf",
				"pivot": [0, 8.7, 0]
			},
			{
				"name": "bone24",
				"parent": "bone25",
				"pivot": [6, 20.7, -6],
				"rotation": [-30, -145, 45],
				"cubes": [
					{"origin": [3, 19.7, -6.5], "size": [1, 1, 1], "uv": [252, 194]},
					{"origin": [4, 19.7, -7], "size": [2, 1, 2], "uv": [248, 193]}
				]
			},
			{
				"name": "bone20",
				"parent": "bone25",
				"pivot": [-6, 20.7, -6],
				"rotation": [30, -35, -45],
				"cubes": [
					{"origin": [-9, 19.7, -6.5], "size": [1, 1, 1], "uv": [252, 194]},
					{"origin": [-8, 19.7, -7], "size": [2, 1, 2], "uv": [248, 193]}
				]
			},
			{
				"name": "bone26",
				"parent": "leaf",
				"pivot": [0, -5.3, 0],
				"rotation": [0, 180, 0]
			},
			{
				"name": "bone27",
				"parent": "bone26",
				"pivot": [6, 20.7, -6],
				"rotation": [-30, -145, 45],
				"cubes": [
					{"origin": [3, 19.7, -6.5], "size": [1, 1, 1], "uv": [252, 194]},
					{"origin": [4, 19.7, -7], "size": [2, 1, 2], "uv": [248, 193]}
				]
			},
			{
				"name": "bone28",
				"parent": "bone26",
				"pivot": [-6, 20.7, -6],
				"rotation": [30, -35, -45],
				"cubes": [
					{"origin": [-9, 19.7, -6.5], "size": [1, 1, 1], "uv": [252, 194]},
					{"origin": [-8, 19.7, -7], "size": [2, 1, 2], "uv": [248, 193]}
				]
			},
			{
				"name": "frame",
				"parent": "head",
				"pivot": [0, 1, 0]
			},
			{
				"name": "bottom",
				"parent": "frame",
				"pivot": [0, 1, 0]
			},
			{
				"name": "bone8",
				"parent": "bottom",
				"pivot": [0, 1, 0],
				"rotation": [-5, 0, -5],
				"cubes": [
					{"origin": [-4.34909, 8.06483, 3.31352], "size": [1, 12, 1], "uv": [245, 219]}
				]
			},
			{
				"name": "bone9",
				"parent": "bottom",
				"pivot": [0, 1, 0],
				"rotation": [-5, 0, 5],
				"cubes": [
					{"origin": [3.34909, 8.06483, 3.31352], "size": [1, 12, 1], "uv": [245, 219]}
				]
			},
			{
				"name": "bone10",
				"parent": "bottom",
				"pivot": [0, 1, 0],
				"rotation": [5, -2, 5],
				"cubes": [
					{"origin": [3.1791, 8.06483, -4.4553], "size": [1, 12, 1], "uv": [245, 219]}
				]
			},
			{
				"name": "bone11",
				"parent": "bottom",
				"pivot": [0, 1, 0],
				"rotation": [5, 0, -5],
				"cubes": [
					{"origin": [-4.34909, 8.06483, -4.31352], "size": [1, 12, 1], "uv": [245, 219]}
				]
			},
			{
				"name": "top",
				"parent": "frame",
				"pivot": [0, 1, 0],
				"cubes": [
					{"origin": [-1, 23.85, -1], "size": [2, 2, 2], "uv": [248, 208], "inflate": 0.4}
				]
			},
			{
				"name": "1",
				"parent": "top",
				"pivot": [0, 1.1, 0]
			},
			{
				"name": "bone7",
				"parent": "1",
				"pivot": [-6, 20.1, -6],
				"rotation": [-40, 15, 40],
				"cubes": [
					{"origin": [-6.24835, 20.29195, -6.24794], "size": [1, 8, 1], "uv": [248, 219], "inflate": 0.1}
				]
			},
			{
				"name": "bone12",
				"parent": "1",
				"pivot": [-6, 20.1, 6],
				"rotation": [40, -15, 40],
				"cubes": [
					{"origin": [-6.24835, 20.29195, 5.24794], "size": [1, 8, 1], "uv": [248, 219], "inflate": 0.1}
				]
			},
			{
				"name": "bone13",
				"parent": "1",
				"pivot": [6, 20.1, 6],
				"rotation": [40, 15, -40],
				"cubes": [
					{"origin": [5.24835, 20.29195, 5.24794], "size": [1, 8, 1], "uv": [248, 219], "inflate": 0.1}
				]
			},
			{
				"name": "bone14",
				"parent": "1",
				"pivot": [6, 20.1, -6],
				"rotation": [-40, -15, -40],
				"cubes": [
					{"origin": [5.24835, 20.29195, -6.24794], "size": [1, 8, 1], "uv": [248, 219], "inflate": 0.1}
				]
			},
			{
				"name": "2",
				"parent": "top",
				"pivot": [0, 1, 0]
			},
			{
				"name": "bone16",
				"parent": "2",
				"pivot": [0, 20, -5.5],
				"rotation": [-52, 0, 0],
				"cubes": [
					{"origin": [-6, 19.60599, -5.80783], "size": [12, 7, 0], "uv": [223, 202]}
				]
			},
			{
				"name": "bone17",
				"parent": "2",
				"pivot": [0, 20, 5.5],
				"rotation": [52, 0, 0],
				"cubes": [
					{"origin": [-6, 19.60599, 5.80683], "size": [12, 7, 0], "uv": [223, 202]}
				]
			},
			{
				"name": "bone15",
				"parent": "2",
				"pivot": [-5.5, 20, 0],
				"rotation": [0, 0, 52],
				"cubes": [
					{"origin": [-5.80683, 19.60599, -6], "size": [0, 7, 12], "uv": [223, 190]}
				]
			},
			{
				"name": "bone18",
				"parent": "2",
				"pivot": [5.5, 20, 0],
				"rotation": [0, 0, -51],
				"cubes": [
					{"origin": [5.81466, 19.61143, -6], "size": [0, 7, 12], "uv": [223, 190]}
				]
			},
			{
				"name": "glass",
				"parent": "head",
				"pivot": [0, 1, 0]
			},
			{
				"name": "bone3",
				"parent": "glass",
				"pivot": [0, 1, 0],
				"rotation": [0, 0, -5],
				"cubes": [
					{"origin": [-3.96078, 8.44829, -5.5], "size": [0, 11, 11], "uv": [224, 198]}
				]
			},
			{
				"name": "bone4",
				"parent": "glass",
				"pivot": [0, 1, 0],
				"rotation": [0, 0, 5],
				"cubes": [
					{"origin": [3.96078, 8.44829, -5.5], "size": [0, 11, 11], "uv": [224, 198]}
				]
			},
			{
				"name": "bone5",
				"parent": "glass",
				"pivot": [0, 1, 0],
				"rotation": [-5, 0, 0],
				"cubes": [
					{"origin": [-5.5, 8.44829, 3.96078], "size": [11, 11, 0], "uv": [224, 209]}
				]
			},
			{
				"name": "bone6",
				"parent": "glass",
				"pivot": [0, 1, 0],
				"rotation": [5, 0, 0],
				"cubes": [
					{"origin": [-5.5, 8.44829, -3.96078], "size": [11, 11, 0], "uv": [224, 209]}
				]
			},
			{
				"name": "eye",
				"parent": "head",
				"pivot": [0, 1, 0],
				"rotation": [5, 0, 0],
				"cubes": [
					{"origin": [-3, 13.99619, -4.91284], "size": [2, 3, 2], "uv": [248, 212], "inflate": -0.5},
					{"origin": [1, 13.99619, -4.91284], "size": [2, 3, 2], "uv": [248, 212], "inflate": -0.5}
				]
			},
			{
				"name": "light2",
				"parent": "head",
				"pivot": [0, 7, 0],
				"cubes": [
					{"origin": [-1.5, 10, -1.5], "size": [3, 3, 3], "uv": [244, 196]},
					{"origin": [-2.5, 13, 0], "size": [5, 8, 0], "uv": [213, 201]}
				]
			},
			{
				"name": "light",
				"pivot": [0, 0, 0]
			},
			{
				"name": "bone19",
				"parent": "light",
				"pivot": [0, 0, 0],
				"cubes": [
					{"origin": [-24, 0.001, 0], "size": [24, 0, 24], "uv": [160, 232]}
				]
			},
			{
				"name": "bone22",
				"parent": "bone19",
				"pivot": [0, 0, 0],
				"rotation": [0, 90, 0],
				"cubes": [
					{"origin": [-24, 0.001, 0], "size": [24, 0, 24], "uv": [160, 232]}
				]
			},
			{
				"name": "bone23",
				"parent": "bone19",
				"pivot": [0, 0, 0],
				"rotation": [0, -90, 0],
				"cubes": [
					{"origin": [-24, 0.001, 0], "size": [24, 0, 24], "uv": [160, 232]}
				]
			},
			{
				"name": "bone21",
				"parent": "bone19",
				"pivot": [0, 0, 0],
				"rotation": [0, 180, 0],
				"cubes": [
					{"origin": [-24, 0.001, 0], "size": [24, 0, 24], "uv": [160, 232]}
				]
			}
		]
	}
}