{
	"format_version": "1.10.0",
	"geometry.model": {
		"texturewidth": 256,
		"textureheight": 256,
		"visible_bounds_width": 2,
		"visible_bounds_height": 2,
		"visible_bounds_offset": [0, 1, 0],
		"bones": [
			{
				"name": "spring_festival",
				"pivot": [0, 4, 0],
				"cubes": [
					{"origin": [-3, 4, -3], "size": [6, 3, 6], "uv": [0, 0]},
					{"origin": [-2.5, 7, -2.5], "size": [5, 1, 5], "uv": [0, 9]},
					{"origin": [-1, 7.75, -1], "size": [2, 1, 2], "uv": [15, 9], "inflate": -0.3},
					{"origin": [-6, 0, -8.21], "size": [12, 12, 1], "uv": [0, 15], "inflate": -5.2}
				]
			},
			{
				"name": "christmas",
				"pivot": [-2, 4, 2],
				"cubes": [
					{"origin": [-3, 4, -3], "size": [6, 1, 6], "uv": [0, 32]},
					{"origin": [-2.5, 4.5, -2.5], "size": [5, 3, 5], "uv": [0, 39]},
					{"origin": [-2, 7.25, -2], "size": [4, 2, 4], "uv": [0, 47]},
					{"origin": [-1, 8.25, -1], "size": [5, 2, 2], "uv": [12, 47]},
					{"origin": [3.25, 7, -1], "size": [2, 2, 2], "uv": [15, 39], "inflate": 0.2}
				]
			},
			{
				"name": "resourcepack_anniversary",
				"pivot": [0, 4, 0],
				"cubes": [
					{"origin": [-3, 4, -3], "size": [6, 2, 6], "uv": [26, 32]},
					{"origin": [-2.5, 6, -2.5], "size": [5, 2, 5], "uv": [28, 40]},
					{"origin": [-2, 8, -2], "size": [4, 2, 4], "uv": [30, 41]},
					{"origin": [-1.5, 10, -1.5], "size": [3, 2, 3], "uv": [32, 42]},
					{"origin": [-1, 12, -1], "size": [2, 2, 2], "uv": [32, 28]}
				]
			},
			{
				"name": "plants_vs_zombies_anniversary",
				"pivot": [0, 8, 0],
				"cubes": [
					{"origin": [-3, 8, -3], "size": [6, 3, 6], "uv": [25, 0]},
					{"origin": [-3, 11.15, -3], "size": [6, 0, 6], "uv": [37, 0]},
					{"origin": [-0.5, 10.75, -0.5], "size": [1, 2, 1], "uv": [25, 0], "inflate": -0.2},
					{"origin": [-1.35, 12.25, -0.5], "size": [1.2, 0.5, 1], "uv": [25, 3]},
					{"origin": [0.15, 12.25, -0.5], "size": [1.2, 0.5, 1], "uv": [25, 3]}
				]
			},
			{
				"name": "bone",
				"pivot": [0, 0, 0]
			},
			{
				"name": "blink",
				"parent": "bone",
				"pivot": [0, 0, 0],
				"cubes": [
					{"origin": [-1, 6, -1], "size": [2, 2, 2], "uv": [214, 235], "inflate": 0.001}
				]
			},
			{
				"name": "main",
				"parent": "bone",
				"pivot": [0, 0, 0],
				"cubes": [
					{"origin": [-5, 0, -5], "size": [10, 2, 10], "uv": [214, 223]},
					{"origin": [-5, 2, -4], "size": [1, 1, 8], "uv": [238, 247]},
					{"origin": [4, 2, -4], "size": [1, 1, 8], "uv": [238, 247]},
					{"origin": [-4, 1, -4], "size": [8, 1, 8], "uv": [0, 20]},
					{"origin": [-4, 3, -4], "size": [8, 1, 8], "uv": [214, 235]},
					{"origin": [-4, 2, 4], "size": [8, 1, 1], "uv": [214, 252]},
					{"origin": [-4, 2, -5], "size": [8, 1, 1], "uv": [214, 252]}
				]
			},
			{
				"name": "ticktick",
				"parent": "bone",
				"pivot": [0, 0, 0],
				"cubes": [
					{"origin": [-0.5, 4, -0.5], "size": [1, 2, 1], "uv": [215, 243]},
					{"origin": [-1, 6, -1], "size": [2, 2, 2], "uv": [214, 239]}
				]
			},
			{
				"name": "eye",
				"parent": "bone",
				"pivot": [0, 0, 0],
				"cubes": [
					{"origin": [-3, 2, -5.75], "size": [2, 2, 2], "uv": [214, 227], "inflate": -0.5},
					{"origin": [1, 2, -5.75], "size": [2, 2, 2], "uv": [214, 223], "inflate": -0.5}
				]
			},
			{
				"name": "mouth",
				"parent": "bone",
				"pivot": [0, 0, 0],
				"cubes": [
					{"origin": [-1, 0.75, -5.75], "size": [2, 1.75, 1.25], "uv": [215, 243], "inflate": -0.5},
					{"origin": [-1.5, 1.5, -5.75], "size": [3, 1.25, 1.25], "uv": [214, 230], "inflate": -0.5}
				]
			},
			{
				"name": "dirt",
				"parent": "bone",
				"pivot": [0, 0, 0],
				"cubes": [
					{"origin": [0, 0, 5], "size": [2, 2, 2], "uv": [244, 225]},
					{"origin": [-2, 0, 5], "size": [2, 1, 1], "uv": [246, 229]},
					{"origin": [-5, 0, 5], "size": [2, 1, 1], "uv": [247, 224]},
					{"origin": [4, 0, 5], "size": [1, 1, 1], "uv": [244, 228]},
					{"origin": [-6, 0, 3], "size": [1, 1, 1], "uv": [244, 228]},
					{"origin": [-6, 0, -3], "size": [1, 1, 3], "uv": [248, 225]},
					{"origin": [-4, 0, -6], "size": [2, 1, 1], "uv": [248, 225]},
					{"origin": [3, 0, -6], "size": [1, 1, 1], "uv": [248, 225]},
					{"origin": [5, 0, -3], "size": [1, 1, 2], "uv": [244, 228]},
					{"origin": [5, 0, 0], "size": [1, 1, 1], "uv": [245, 230]},
					{"origin": [5, 0, -5], "size": [1, 1, 1], "uv": [248, 225]},
					{"origin": [5, 0, 2], "size": [2, 1, 2], "uv": [244, 228]},
					{"origin": [-7, 0, 1], "size": [2, 2, 2], "uv": [245, 224]}
				]
			}
		]
	}
}