{
	"format_version": "1.10.0",
	"geometry.model": {
		"texturewidth": 256,
		"textureheight": 256,
		"visible_bounds_width": 2,
		"visible_bounds_height": 2.5,
		"visible_bounds_offset": [0, 0.75, 0],
		"bones": [
			{
				"name": "spring_festival",
				"pivot": [0, 8, 0],
				"cubes": [
					{"origin": [-3, 8, -3], "size": [6, 3, 6], "uv": [0, 0], "inflate": 0.001},
					{"origin": [-2.5, 11, -2.5], "size": [5, 1, 5], "uv": [0, 9]},
					{"origin": [-1, 11.75, -1], "size": [2, 1, 2], "uv": [15, 9], "inflate": -0.3},
					{"origin": [-6, 4, -8.21], "size": [12, 12, 1], "uv": [0, 15], "inflate": -5.2}
				]
			},
			{
				"name": "christmas",
				"pivot": [-2, 8, 2],
				"cubes": [
					{"origin": [-3, 8, -3], "size": [6, 1, 6], "uv": [0, 32], "inflate": 0.001},
					{"origin": [-2.5, 8.5, -2.5], "size": [5, 3, 5], "uv": [0, 39]},
					{"origin": [-2, 11.25, -2], "size": [4, 2, 4], "uv": [0, 47]},
					{"origin": [-1, 12.25, -1], "size": [5, 2, 2], "uv": [12, 47]},
					{"origin": [3.25, 11, -1], "size": [2, 2, 2], "uv": [15, 39], "inflate": 0.2}
				]
			},
			{
				"name": "resourcepack_anniversary",
				"pivot": [0, 7, 0],
				"cubes": [
					{"origin": [-3, 7, -3], "size": [6, 2, 6], "uv": [26, 32], "inflate": 0.001},
					{"origin": [-2.5, 9, -2.5], "size": [5, 2, 5], "uv": [28, 40]},
					{"origin": [-2, 11, -2], "size": [4, 2, 4], "uv": [30, 41]},
					{"origin": [-1.5, 13, -1.5], "size": [3, 2, 3], "uv": [32, 42]},
					{"origin": [-1, 15, -1], "size": [2, 2, 2], "uv": [32, 28]}
				]
			},
			{
				"name": "plants_vs_zombies_anniversary",
				"pivot": [0, 9, 0],
				"cubes": [
					{"origin": [-3, 9, -3], "size": [6, 3, 6], "uv": [25, 0]},
					{"origin": [-3, 12.15, -3], "size": [6, 0, 6], "uv": [37, 0]},
					{"origin": [-0.5, 11.75, -0.5], "size": [1, 2, 1], "uv": [25, 0], "inflate": -0.2},
					{"origin": [-1.35, 13.25, -0.5], "size": [1.2, 0.5, 1], "uv": [25, 3]},
					{"origin": [0.15, 13.25, -0.5], "size": [1.2, 0.5, 1], "uv": [25, 3]}
				]
			},
			{
				"name": "bone",
				"pivot": [-1, 0, 0],
				"cubes": [
					{"origin": [-2.5, 0, -2.5], "size": [5, 4, 5], "uv": [236, 247]}
				]
			},
			{
				"name": "bone3",
				"parent": "bone",
				"pivot": [-0.75, 2.25, -2.85],
				"cubes": [
					{"origin": [0.25, 2.25, -2.85], "size": [1, 1, 1], "uv": [252, 231], "inflate": -0.3},
					{"origin": [-1.75, 2.25, -2.85], "size": [1, 1, 1], "uv": [252, 231], "inflate": -0.3},
					{"origin": [-0.5, 0.7, -3], "size": [1, 1, 1], "uv": [252, 234]}
				]
			},
			{
				"name": "bone2",
				"parent": "bone",
				"pivot": [-2, 8, 0],
				"cubes": [
					{"origin": [-4, 4, -4], "size": [8, 4, 8], "uv": [224, 228]},
					{"origin": [-3, 8, -3], "size": [6, 1, 6], "uv": [232, 240]}
				]
			}
		]
	}
}