{
	"format_version": "1.10.0",
	"geometry.model": {
		"texturewidth": 64,
		"textureheight": 64,
		"visible_bounds_width": 3,
		"visible_bounds_height": 1,
		"visible_bounds_offset": [0, 0.5, 0],
		"bones": [
			{
				"name": "1",
				"pivot": [0, 0, 0],
				"cubes": [
					{"origin": [-4, 9, -8], "size": [8, 1, 1], "uv": [0, 0], "mirror": true},
					{"origin": [-6, 9, -7], "size": [2, 1, 1], "uv": [19, 0]},
					{"origin": [-7, 9, 4], "size": [1, 1, 2], "uv": [26, 0]},
					{"origin": [-6, 9, 6], "size": [2, 1, 1], "uv": [33, 0]},
					{"origin": [-4, 9, 7], "size": [5, 1, 1], "uv": [40, 0]},
					{"origin": [3, 9, 7], "size": [1, 1, 1], "uv": [53, 0]},
					{"origin": [4, 9, 6], "size": [2, 1, 1], "uv": [58, 0]},
					{"origin": [6, 9, 5], "size": [1, 1, 1], "uv": [53, 0]}
				]
			},
			{
				"name": "2",
				"pivot": [0, 0, 0],
				"cubes": [
					{"origin": [8, 8, -4], "size": [1, 1, 2], "uv": [44, 7]},
					{"origin": [7, 8, -6], "size": [1, 1, 2], "uv": [51, 7]},
					{"origin": [4, 8, -8], "size": [2, 1, 1], "uv": [58, 8]},
					{"origin": [-4, 8, -9], "size": [8, 1, 1], "uv": [0, 3]},
					{"origin": [-6, 8, -8], "size": [2, 1, 1], "uv": [19, 3]},
					{"origin": [-7, 8, -7], "size": [1, 1, 1], "uv": [32, 3]},
					{"origin": [-8, 8, -6], "size": [1, 1, 2], "uv": [38, 3]},
					{"origin": [-9, 8, 2], "size": [1, 1, 2], "uv": [45, 3]},
					{"origin": [-8, 8, 4], "size": [1, 1, 2], "uv": [52, 3]},
					{"origin": [-7, 8, 6], "size": [1, 1, 1], "uv": [59, 4]},
					{"origin": [-6, 8, 7], "size": [2, 1, 1], "uv": [0, 6]},
					{"origin": [-4, 8, 8], "size": [5, 1, 1], "uv": [7, 6]},
					{"origin": [2, 8, 8], "size": [2, 1, 1], "uv": [20, 6]},
					{"origin": [4, 8, 7], "size": [2, 1, 1], "uv": [27, 6]},
					{"origin": [6, 8, 6], "size": [1, 1, 1], "uv": [34, 6]},
					{"origin": [7, 8, 5], "size": [1, 1, 1], "uv": [39, 7]}
				]
			},
			{
				"name": "3",
				"pivot": [0, 0, 0],
				"cubes": [
					{"origin": [-9, 6, -6], "size": [1, 2, 1], "uv": [30, 9]},
					{"origin": [-8, 6, -7], "size": [1, 2, 1], "uv": [25, 9]},
					{"origin": [-7, 4, -8], "size": [1, 4, 1], "uv": [20, 9]},
					{"origin": [-6, 6, -9], "size": [1, 2, 1], "uv": [15, 9]},
					{"origin": [-3, 6, -10], "size": [6, 2, 1], "uv": [0, 9]},
					{"origin": [5, 6, -9], "size": [1, 2, 1], "uv": [59, 22]},
					{"origin": [7, 5, -7], "size": [1, 3, 1], "uv": [54, 21]},
					{"origin": [8, 1, -6], "size": [1, 7, 2], "uv": [47, 21]},
					{"origin": [9, 4, -4], "size": [1, 4, 3], "uv": [38, 21]},
					{"origin": [8, 1, 4], "size": [1, 7, 2], "uv": [31, 17]},
					{"origin": [7, 4, 6], "size": [1, 4, 1], "uv": [26, 18]},
					{"origin": [6, 5, 7], "size": [1, 3, 1], "uv": [26, 13]},
					{"origin": [4, 1, 8], "size": [2, 7, 1], "uv": [19, 16]},
					{"origin": [-4, 2, 9], "size": [8, 6, 1], "uv": [0, 13]},
					{"origin": [-6, 1, 8], "size": [2, 7, 1], "uv": [58, 12]},
					{"origin": [-7, 1, 7], "size": [1, 7, 1], "uv": [53, 12]},
					{"origin": [-8, 1, 6], "size": [1, 7, 1], "uv": [48, 12]},
					{"origin": [-9, 1, 4], "size": [1, 7, 2], "uv": [41, 11]},
					{"origin": [-10, 5, 1], "size": [1, 3, 3], "uv": [32, 10]}
				]
			},
			{
				"name": "4",
				"pivot": [0, 0, 0],
				"cubes": [
					{"origin": [-4, 6, -10], "size": [1, 1, 1], "uv": [53, 26]},
					{"origin": [3, 6, -10], "size": [1, 1, 1], "uv": [58, 26]},
					{"origin": [6, 3.25, -8], "size": [1, 3.75, 1], "uv": [53, 29]},
					{"origin": [9, 6, 3], "size": [1, 1, 1], "uv": [58, 29]}
				]
			},
			{
				"name": "5",
				"pivot": [0, 0, 0],
				"cubes": [
					{"origin": [-10, 5, -2], "size": [1, 1, 3], "uv": [31, 27]},
					{"origin": [-9, 1, -6], "size": [1, 5, 2], "uv": [24, 24]},
					{"origin": [-6, 3, -9], "size": [2, 3, 1], "uv": [17, 25]},
					{"origin": [-4, 4, -10], "size": [3, 2, 1], "uv": [0, 21]},
					{"origin": [-1.5, 5, -10], "size": [1, 1, 1], "uv": [0, 25]},
					{"origin": [0.5, 5, -10], "size": [1, 1, 1], "uv": [5, 25]},
					{"origin": [1, 4, -10], "size": [3, 2, 1], "uv": [9, 21]},
					{"origin": [4, 2.5, -9], "size": [2, 3.5, 1], "uv": [10, 25]},
					{"origin": [9, 4, -1], "size": [1, 2, 1], "uv": [40, 29]},
					{"origin": [9, 4, 1], "size": [1, 2, 1], "uv": [45, 31]},
					{"origin": [9, 4, 2], "size": [1, 2, 2], "uv": [47, 33]}
				]
			},
			{
				"name": "6",
				"pivot": [0, 0, 0],
				"cubes": [
					{"origin": [8, 0, -4], "size": [1, 1, 8], "uv": [46, 36]},
					{"origin": [-9, 0, -4], "size": [1, 1, 8], "uv": [11, 44]},
					{"origin": [-10, 1, -4], "size": [1, 4, 8], "uv": [0, 36]},
					{"origin": [9, 1, -4], "size": [1, 3, 8], "uv": [11, 30]},
					{"origin": [-6, 0, 7], "size": [2, 1, 1], "uv": [22, 47]},
					{"origin": [-6, 0, -8], "size": [2, 1, 1], "uv": [22, 44]},
					{"origin": [4, 0, 7], "size": [2, 1, 1], "uv": [36, 44]},
					{"origin": [4, 0, -8], "size": [2, 1, 1], "uv": [29, 44]},
					{"origin": [7, 0, -6], "size": [1, 1, 2], "uv": [58, 40]},
					{"origin": [-8, 0, 4], "size": [1, 1, 2], "uv": [58, 36]},
					{"origin": [-8, 0, -6], "size": [1, 1, 2], "uv": [58, 32]},
					{"origin": [7, 0, 4], "size": [1, 1, 2], "uv": [58, 46]},
					{"origin": [-4, 0, -9], "size": [8, 1, 1], "uv": [30, 38]},
					{"origin": [-4, 0, 8], "size": [8, 1, 1], "uv": [30, 41]},
					{"origin": [-2, 1, 9], "size": [6, 1, 1], "uv": [0, 49]},
					{"origin": [-4, 2.5, -10], "size": [5, 1.5, 1], "uv": [0, 30]},
					{"origin": [1, 3, -10], "size": [3, 1, 1], "uv": [0, 52]},
					{"origin": [-2, 1, -10], "size": [6, 1, 1], "uv": [22, 32]},
					{"origin": [4, 1, -9], "size": [2, 1, 1], "uv": [27, 35]},
					{"origin": [-4, 1, -10], "size": [1, 1, 1], "uv": [22, 35]},
					{"origin": [-7, 0, 6], "size": [1, 1, 1], "uv": [39, 47]},
					{"origin": [6, 0, 6], "size": [1, 1, 1], "uv": [44, 47]},
					{"origin": [6, 0, -7], "size": [1, 1, 1], "uv": [34, 47]},
					{"origin": [-7, 0, -7], "size": [1, 1, 1], "uv": [29, 47]},
					{"origin": [-8, 1, -7], "size": [1, 2, 1], "uv": [0, 39]},
					{"origin": [-7, 1, -8], "size": [1, 1, 1], "uv": [0, 36]},
					{"origin": [-6, 1, -9], "size": [2, 1, 1], "uv": [38, 33]},
					{"origin": [6, 1, -8], "size": [1, 1, 1], "uv": [34, 35]},
					{"origin": [7, 1, -7], "size": [1, 2, 1], "uv": [49, 46]},
					{"origin": [7, 1, 6], "size": [1, 2, 1], "uv": [49, 38]},
					{"origin": [6, 1, 7], "size": [1, 3, 1], "uv": [14, 33]}
				]
			}
		]
	}
}