{
	"format_version": "1.10.0",
	"geometry.model": {
		"texturewidth": 256,
		"textureheight": 256,
		"visible_bounds_width": 2,
		"visible_bounds_height": 3,
		"visible_bounds_offset": [0, 1.5, 0],
		"bones": [
			{
				"name": "head",
				"pivot": [0, 9, 0]
			},
			{
				"name": "spring_festival",
				"parent": "head",
				"pivot": [0, 0, 0.5],
				"cubes": [
					{"origin": [-3, 17, -2.5], "size": [6, 3, 6], "uv": [0, 0]},
					{"origin": [-2.5, 20, -2], "size": [5, 1, 5], "uv": [0, 9]},
					{"origin": [-1, 20.75, -0.5], "size": [2, 1, 2], "uv": [15, 9], "inflate": -0.3},
					{"origin": [-6, 13, -7.71], "size": [12, 12, 1], "uv": [0, 15], "inflate": -5.2}
				]
			},
			{
				"name": "christmas",
				"parent": "head",
				"pivot": [-2, 17, 2.5],
				"cubes": [
					{"origin": [-3, 17, -2.5], "size": [6, 1, 6], "uv": [0, 32]},
					{"origin": [-2.5, 17.5, -2], "size": [5, 3, 5], "uv": [0, 39]},
					{"origin": [-2, 20.25, -1.5], "size": [4, 2, 4], "uv": [0, 47]},
					{"origin": [-1, 21.25, -0.5], "size": [5, 2, 2], "uv": [12, 47]},
					{"origin": [3.25, 20, -0.5], "size": [2, 2, 2], "uv": [15, 39], "inflate": 0.2}
				]
			},
			{
				"name": "resourcepack_anniversary",
				"parent": "head",
				"pivot": [0, 17, 0.5],
				"cubes": [
					{"origin": [-3, 17, -2.5], "size": [6, 2, 6], "uv": [26, 32]},
					{"origin": [-2.5, 19, -2], "size": [5, 2, 5], "uv": [28, 40]},
					{"origin": [-2, 21, -1.5], "size": [4, 2, 4], "uv": [30, 41]},
					{"origin": [-1.5, 23, -1], "size": [3, 2, 3], "uv": [32, 42]},
					{"origin": [-1, 25, -0.5], "size": [2, 2, 2], "uv": [32, 28]}
				]
			},
			{
				"name": "plants_vs_zombies_anniversary",
				"parent": "head",
				"pivot": [0, 17, 0.5],
				"cubes": [
					{"origin": [-3, 17, -2.5], "size": [6, 3, 6], "uv": [25, 0]},
					{"origin": [-3, 20.15, -2.5], "size": [6, 0, 6], "uv": [37, 0]},
					{"origin": [-0.5, 19.75, 0], "size": [1, 2, 1], "uv": [25, 0], "inflate": -0.2},
					{"origin": [-1.35, 21.25, 0], "size": [1.2, 0.5, 1], "uv": [25, 3]},
					{"origin": [0.15, 21.25, 0], "size": [1.2, 0.5, 1], "uv": [25, 3]}
				]
			},
			{
				"name": "main",
				"parent": "head",
				"pivot": [0, 0, 0]
			},
			{
				"name": "bone3",
				"parent": "main",
				"pivot": [0, 0, 0],
				"cubes": [
					{"origin": [-4, 10, -3], "size": [8, 6, 7], "uv": [226, 243]},
					{"origin": [-3, 10, -4], "size": [6, 6, 9], "uv": [226, 228]}
				]
			},
			{
				"name": "bone4",
				"parent": "bone3",
				"pivot": [0, 0, 0],
				"rotation": [0, 0, 90],
				"cubes": [
					{"origin": [-17, -3, -3], "size": [8, 6, 7], "uv": [226, 243]}
				]
			},
			{
				"name": "mouth",
				"parent": "main",
				"pivot": [0, 0, 0],
				"cubes": [
					{"origin": [-1.5, 11.5, -7], "size": [3, 3, 4], "uv": [242, 221], "inflate": 0.002}
				]
			},
			{
				"name": "bone6",
				"parent": "mouth",
				"pivot": [0, 0, 0],
				"cubes": [
					{"origin": [-1.5, 14.25, -8], "size": [3, 1, 1], "uv": [248, 197]}
				]
			},
			{
				"name": "bone5",
				"parent": "bone6",
				"pivot": [0, 0, 0],
				"rotation": [0, 0, 90],
				"cubes": [
					{"origin": [-14.5, 1.25, -8], "size": [3, 1, 1], "uv": [248, 197]}
				]
			},
			{
				"name": "bone7",
				"parent": "mouth",
				"pivot": [0, 26, 0],
				"rotation": [0, 0, -180],
				"cubes": [
					{"origin": [-1.5, 40.25, -8], "size": [3, 1, 1], "uv": [248, 197]}
				]
			},
			{
				"name": "bone8",
				"parent": "bone7",
				"pivot": [0, 26, 0],
				"rotation": [0, 0, 90],
				"cubes": [
					{"origin": [-14.5, 27.25, -8], "size": [3, 1, 1], "uv": [248, 197]}
				]
			},
			{
				"name": "eye",
				"parent": "head",
				"pivot": [0, -0.25, 0],
				"cubes": [
					{"origin": [1, 15.75, -4], "size": [2, 1, 1], "uv": [0, 0], "inflate": 0.001},
					{"origin": [-3, 15.75, -4], "size": [2, 1, 1], "uv": [0, 0], "inflate": 0.001}
				]
			},
			{
				"name": "bone12",
				"parent": "eye",
				"pivot": [2.15, 17.25, -3.5],
				"rotation": [0, 0, -15],
				"cubes": [
					{"origin": [0.7, 16.5, -4], "size": [3, 1, 1], "uv": [248, 175], "inflate": -0.1}
				]
			},
			{
				"name": "bone",
				"parent": "eye",
				"pivot": [-2.25, 17.25, -3.5],
				"rotation": [0, 0, 15],
				"cubes": [
					{"origin": [-3.7, 16.5, -4], "size": [3, 1, 1], "uv": [248, 175], "inflate": -0.1}
				]
			},
			{
				"name": "eye",
				"parent": "head",
				"pivot": [0, -0.25, 0],
				"cubes": [
					{"origin": [1, 15.75, -4], "size": [2, 1, 1], "uv": [250, 177], "inflate": 0.001},
					{"origin": [-3, 15.75, -4], "size": [2, 1, 1], "uv": [250, 177], "inflate": 0.001}
				]
			},
			{
				"name": "leaves2",
				"parent": "head",
				"pivot": [0, 0, 0]
			},
			{
				"name": "bone2",
				"parent": "leaves2",
				"pivot": [0, 13, 5],
				"rotation": [45, 0, 45],
				"cubes": [
					{"origin": [-1.5, 14, 6], "size": [3, 1, 3], "uv": [243, 213]},
					{"origin": [-1, 14, 9], "size": [2, 1, 1], "uv": [246, 213]}
				]
			},
			{
				"name": "bone9",
				"parent": "leaves2",
				"pivot": [0, 13, 5],
				"rotation": [45, 0, 135],
				"cubes": [
					{"origin": [-1.5, 14, 6], "size": [3, 1, 3], "uv": [243, 213]},
					{"origin": [-1, 14, 9], "size": [2, 1, 1], "uv": [246, 213]}
				]
			},
			{
				"name": "bone10",
				"parent": "leaves2",
				"pivot": [0, 13, 5],
				"rotation": [45, 0, -135],
				"cubes": [
					{"origin": [-1.5, 14, 6], "size": [3, 1, 3], "uv": [243, 213]},
					{"origin": [-1, 14, 9], "size": [2, 1, 1], "uv": [246, 213]}
				]
			},
			{
				"name": "bone11",
				"parent": "leaves2",
				"pivot": [0, 13, 5],
				"rotation": [45, 0, -45],
				"cubes": [
					{"origin": [-1.5, 14, 6], "size": [3, 1, 3], "uv": [243, 213]},
					{"origin": [-1, 14, 9], "size": [2, 1, 1], "uv": [246, 213]}
				]
			},
			{
				"name": "body",
				"pivot": [0, 0, 0],
				"cubes": [
					{"origin": [-1, 0, -1], "size": [2, 12, 2], "uv": [248, 179]}
				]
			},
			{
				"name": "leaves",
				"parent": "body",
				"pivot": [0, 0, 0],
				"rotation": [0, -45, 0],
				"cubes": [
					{"origin": [-1.5, 0, -7], "size": [3, 1, 1], "uv": [248, 199]},
					{"origin": [-1.5, 0, 6], "size": [3, 1, 1], "uv": [248, 199]},
					{"origin": [1.5, 0, -6], "size": [1, 1, 4], "uv": [246, 207]},
					{"origin": [-2.5, 0, -6], "size": [1, 1, 4], "uv": [246, 207]},
					{"origin": [-2, 0, -1.5], "size": [1, 1, 3], "uv": [248, 193]},
					{"origin": [2, 1, -1.5], "size": [4, 1, 3], "uv": [242, 217]},
					{"origin": [2, 0, -2.5], "size": [4, 1, 1], "uv": [246, 205]},
					{"origin": [2, 0, 1.5], "size": [4, 1, 1], "uv": [246, 205]},
					{"origin": [1, 0, -1.5], "size": [1, 1, 3], "uv": [248, 193]},
					{"origin": [6, 0, -1.5], "size": [1, 1, 3], "uv": [248, 193]},
					{"origin": [-7, 0, -1.5], "size": [1, 1, 3], "uv": [248, 193]},
					{"origin": [-6, 0, 1.5], "size": [4, 1, 1], "uv": [246, 205]},
					{"origin": [-6, 0, -2.5], "size": [4, 1, 1], "uv": [246, 205]},
					{"origin": [-6, 1, -1.5], "size": [4, 1, 3], "uv": [242, 217]},
					{"origin": [-1.5, 0, -2], "size": [3, 1, 1], "uv": [248, 199]},
					{"origin": [-1.5, 0, 1], "size": [3, 1, 1], "uv": [248, 199]},
					{"origin": [-2.5, 0, 2], "size": [1, 1, 4], "uv": [246, 207]},
					{"origin": [1.5, 0, 2], "size": [1, 1, 4], "uv": [246, 207]},
					{"origin": [-1.5, 1, 2], "size": [3, 1, 4], "uv": [242, 212]},
					{"origin": [-1.5, 1, -6], "size": [3, 1, 4], "uv": [242, 212]}
				]
			}
		]
	}
}