{
	"format_version": "1.10.0",
	"geometry.model": {
		"texturewidth": 256,
		"textureheight": 256,
		"visible_bounds_width": 2,
		"visible_bounds_height": 3.5,
		"visible_bounds_offset": [0, 1.25, 0],
		"bones": [
			{
				"name": "bone",
				"pivot": [0, 0, 0],
				"cubes": [
					{"origin": [-2, 0, -1], "size": [3, 12, 3], "uv": [244, 241]},
					{"origin": [-1.5, 7, -3], "size": [2, 2, 2], "uv": [246, 222]},
					{"origin": [-2, 6.5, -4], "size": [3, 3, 1], "uv": [246, 218]}
				]
			},
			{
				"name": "bone2",
				"parent": "bone",
				"pivot": [-0.5, 13.75, 1],
				"rotation": [-12.5, 0, 0],
				"cubes": [
					{"origin": [-4.5, 14, -3], "size": [8, 2, 8], "uv": [224, 231]},
					{"origin": [-5.5, 11, -4], "size": [10, 3, 10], "uv": [216, 218]}
				]
			},
			{
				"name": "spring_festival",
				"parent": "bone2",
				"pivot": [0, 0, 0],
				"cubes": [
					{"origin": [-3.5, 16, -2], "size": [6, 3, 6], "uv": [0, 0]},
					{"origin": [-3, 19, -1.5], "size": [5, 1, 5], "uv": [0, 9]},
					{"origin": [-1.5, 19.75, 0], "size": [2, 1, 2], "uv": [15, 9], "inflate": -0.3},
					{"origin": [-6.5, 12, -7.21], "size": [12, 12, 1], "uv": [0, 15], "inflate": -5.2}
				]
			},
			{
				"name": "christmas",
				"parent": "bone2",
				"pivot": [-2, 0, 2],
				"cubes": [
					{"origin": [-3.5, 16, -2], "size": [6, 1, 6], "uv": [0, 32]},
					{"origin": [-3, 16.5, -1.5], "size": [5, 3, 5], "uv": [0, 39]},
					{"origin": [-2.5, 19.25, -1], "size": [4, 2, 4], "uv": [0, 47]},
					{"origin": [-1.5, 20.25, 0], "size": [5, 2, 2], "uv": [12, 47]},
					{"origin": [2.75, 19, 0], "size": [2, 2, 2], "uv": [15, 39], "inflate": 0.2}
				]
			},
			{
				"name": "resourcepack_anniversary",
				"parent": "bone2",
				"pivot": [0, 0, 0],
				"cubes": [
					{"origin": [-3.5, 16, -2], "size": [6, 2, 6], "uv": [26, 32]},
					{"origin": [-3, 18, -1.5], "size": [5, 2, 5], "uv": [28, 40]},
					{"origin": [-2.5, 20, -1], "size": [4, 2, 4], "uv": [30, 41]},
					{"origin": [-2, 22, -0.5], "size": [3, 2, 3], "uv": [32, 42]},
					{"origin": [-1.5, 24, 0], "size": [2, 2, 2], "uv": [32, 28]}
				]
			},
			{
				"name": "plants_vs_zombies_anniversary",
				"parent": "bone2",
				"pivot": [0, 0, 0],
				"cubes": [
					{"origin": [-3.5, 16, -2], "size": [6, 3, 6], "uv": [25, 0]},
					{"origin": [-3.5, 19.15, -2], "size": [6, 0, 6], "uv": [37, 0]},
					{"origin": [-1, 18.75, 0.5], "size": [1, 2, 1], "uv": [25, 0], "inflate": -0.2},
					{"origin": [-1.85, 20.25, 0.5], "size": [1.2, 0.5, 1], "uv": [25, 3]},
					{"origin": [-0.35, 20.25, 0.5], "size": [1.2, 0.5, 1], "uv": [25, 3]}
				]
			},
			{
				"name": "bone3",
				"parent": "bone",
				"pivot": [0, 0, 0],
				"cubes": [
					{"origin": [-1.85, 10.1, -1.6], "size": [1, 1, 1], "uv": [252, 222], "inflate": -0.35},
					{"origin": [-0.35, 10.1, -1.6], "size": [1, 1, 1], "uv": [252, 222], "inflate": -0.35},
					{"origin": [-1.75, 10, -1.25], "size": [1, 1, 1], "uv": [246, 226], "inflate": -0.1},
					{"origin": [-0.25, 10, -1.25], "size": [1, 1, 1], "uv": [246, 226], "inflate": -0.1}
				]
			},
			{
				"name": "bone4",
				"parent": "bone3",
				"pivot": [0.25, 11.5, -0.75],
				"rotation": [0, 0, 10],
				"cubes": [
					{"origin": [0, 11, -2.25], "size": [2, 1, 1], "uv": [250, 226], "inflate": -0.1}
				]
			},
			{
				"name": "bone5",
				"parent": "bone3",
				"pivot": [-1.5, 11.5, -0.75],
				"rotation": [0, 0, -10],
				"cubes": [
					{"origin": [-3, 11, -2.25], "size": [2, 1, 1], "uv": [250, 226], "inflate": -0.1}
				]
			}
		]
	}
}