{
	"format_version": "1.10.0",
	"geometry.model": {
		"texturewidth": 16,
		"textureheight": 16,
		"visible_bounds_width": 2,
		"visible_bounds_height": 1,
		"visible_bounds_offset": [0, 0.5, 0],
		"bones": [
			{
				"name": "bone",
				"pivot": [2, 7.45, 0.5],
				"rotation": [-5, 50, 5],
				"cubes": [
					{"origin": [-1, 1, 0], "size": [6, 3, 1], "uv": [0, 12]},
					{"origin": [1.25, 3, -0.25], "size": [1.5, 2, 1.5], "uv": [5, 4]},
					{"origin": [1.25, 10, -0.25], "size": [1.5, 1, 1.5], "uv": [0, 0]},
					{"origin": [1.5, 5, 0], "size": [1, 5, 1], "uv": [0, 4]},
					{"origin": [0.5, 11, 0], "size": [3, 1, 1], "uv": [0, 0]},
					{"origin": [-0.5, 12, 0], "size": [1, 1, 1], "uv": [0, 0]},
					{"origin": [3.5, 12, 0], "size": [1, 1, 1], "uv": [0, 0]},
					{"origin": [-0.5, 13, -0.25], "size": [5, 1, 1.5], "uv": [0, 0]},
					{"origin": [0, 0, 0], "size": [4, 1, 1], "uv": [5, 9]},
					{"origin": [1, -1, 0], "size": [2, 1, 1], "uv": [10, 4]}
				]
			}
		]
	}
}