{
	"format_version": "1.10.0",
	"geometry.model": {
		"texturewidth": 256,
		"textureheight": 256,
		"visible_bounds_width": 2,
		"visible_bounds_height": 2,
		"visible_bounds_offset": [0, 1, 0],
		"bones": [
			{
				"name": "spring_festival",
				"pivot": [0, 10, 0],
				"cubes": [
					{"origin": [-3, 10, -3], "size": [6, 3, 6], "uv": [0, 0]},
					{"origin": [-2.5, 13, -2.5], "size": [5, 1, 5], "uv": [0, 9]},
					{"origin": [-1, 13.75, -1], "size": [2, 1, 2], "uv": [15, 9], "inflate": -0.3},
					{"origin": [-6, 6, -8.21], "size": [12, 12, 1], "uv": [0, 15], "inflate": -5.2}
				]
			},
			{
				"name": "christmas",
				"pivot": [-2, 10, 2],
				"cubes": [
					{"origin": [-3, 10, -3], "size": [6, 1, 6], "uv": [0, 32]},
					{"origin": [-2.5, 10.5, -2.5], "size": [5, 3, 5], "uv": [0, 39]},
					{"origin": [-2, 13.25, -2], "size": [4, 2, 4], "uv": [0, 47]},
					{"origin": [-1, 14.25, -1], "size": [5, 2, 2], "uv": [12, 47]},
					{"origin": [3.25, 13, -1], "size": [2, 2, 2], "uv": [15, 39], "inflate": 0.2}
				]
			},
			{
				"name": "resourcepack_anniversary",
				"pivot": [0, 10, 0],
				"cubes": [
					{"origin": [-3, 10, -3], "size": [6, 2, 6], "uv": [26, 32]},
					{"origin": [-2.5, 12, -2.5], "size": [5, 2, 5], "uv": [28, 40]},
					{"origin": [-2, 14, -2], "size": [4, 2, 4], "uv": [30, 41]},
					{"origin": [-1.5, 16, -1.5], "size": [3, 2, 3], "uv": [32, 42]},
					{"origin": [-1, 18, -1], "size": [2, 2, 2], "uv": [32, 28]}
				]
			},
			{
				"name": "plants_vs_zombies_anniversary",
				"pivot": [0, 10, 0],
				"cubes": [
					{"origin": [-3, 10, -3], "size": [6, 3, 6], "uv": [25, 0]},
					{"origin": [-3, 13.15, -3], "size": [6, 0, 6], "uv": [37, 0]},
					{"origin": [-0.5, 12.75, -0.5], "size": [1, 2, 1], "uv": [25, 0], "inflate": -0.2},
					{"origin": [-1.35, 14.25, -0.5], "size": [1.2, 0.5, 1], "uv": [25, 3]},
					{"origin": [0.15, 14.25, -0.5], "size": [1.2, 0.5, 1], "uv": [25, 3]}
				]
			},
			{
				"name": "bone",
				"pivot": [0, 0, 0],
				"cubes": [
					{"origin": [-2.5, 0, -2.5], "size": [5, 6, 5], "uv": [236, 245]},
					{"origin": [-4.5, 5, -4.5], "size": [9, 3, 9], "uv": [220, 224]},
					{"origin": [-3.5, 8, -3.5], "size": [7, 2, 7], "uv": [228, 236]}
				]
			},
			{
				"name": "bone3",
				"parent": "bone",
				"pivot": [1.5, 3.5, -2.8],
				"cubes": [
					{"origin": [-1.5, 2.5, -2.8], "size": [1, 1.8, 1], "uv": [252, 224], "inflate": -0.2},
					{"origin": [0.5, 2.5, -2.8], "size": [1, 1.8, 1], "uv": [252, 224], "inflate": -0.2},
					{"origin": [-1.625, 3.225, -3.05], "size": [1, 1.2, 1], "uv": [252, 227], "inflate": -0.4},
					{"origin": [0.35, 3.225, -3.05], "size": [1, 1.2, 1], "uv": [252, 227], "inflate": -0.4},
					{"origin": [-0.75, 1.75, -2.8], "size": [1.5, 0.8, 1], "uv": [252, 224], "inflate": -0.2}
				]
			}
		]
	}
}