{
	"format_version": "1.10.0",
	"geometry.model": {
		"texturewidth": 256,
		"textureheight": 256,
		"visible_bounds_width": 2,
		"visible_bounds_height": 3,
		"visible_bounds_offset": [0, 1.5, 0],
		"bones": [
			{
				"name": "head",
				"pivot": [0, 9, 0]
			},
			{
				"name": "spring_festival",
				"parent": "head",
				"pivot": [0, 17, -0.5],
				"cubes": [
					{"origin": [-3, 17, -3.5], "size": [6, 3, 6], "uv": [0, 0]},
					{"origin": [-2.5, 20, -3], "size": [5, 1, 5], "uv": [0, 9]},
					{"origin": [-1, 20.75, -1.5], "size": [2, 1, 2], "uv": [15, 9], "inflate": -0.3},
					{"origin": [-6, 13, -8.71], "size": [12, 12, 1], "uv": [0, 15], "inflate": -5.2}
				]
			},
			{
				"name": "christmas",
				"parent": "head",
				"pivot": [-2, 17, 1.5],
				"cubes": [
					{"origin": [-3, 17, -3.5], "size": [6, 1, 6], "uv": [0, 32]},
					{"origin": [-2.5, 17.5, -3], "size": [5, 3, 5], "uv": [0, 39]},
					{"origin": [-2, 20.25, -2.5], "size": [4, 2, 4], "uv": [0, 47]},
					{"origin": [-1, 21.25, -1.5], "size": [5, 2, 2], "uv": [12, 47]},
					{"origin": [3.25, 20, -1.5], "size": [2, 2, 2], "uv": [15, 39], "inflate": 0.2}
				]
			},
			{
				"name": "resourcepack_anniversary",
				"parent": "head",
				"pivot": [0, 17, -0.5],
				"cubes": [
					{"origin": [-3, 17, -3.5], "size": [6, 2, 6], "uv": [26, 32]},
					{"origin": [-2.5, 19, -3], "size": [5, 2, 5], "uv": [28, 40]},
					{"origin": [-2, 21, -2.5], "size": [4, 2, 4], "uv": [30, 41]},
					{"origin": [-1.5, 23, -2], "size": [3, 2, 3], "uv": [32, 42]},
					{"origin": [-1, 25, -1.5], "size": [2, 2, 2], "uv": [32, 28]}
				]
			},
			{
				"name": "plants_vs_zombies_anniversary",
				"parent": "head",
				"pivot": [0, 17, -0.5],
				"cubes": [
					{"origin": [-3, 17, -3.5], "size": [6, 3, 6], "uv": [25, 0]},
					{"origin": [-3, 20.15, -3.5], "size": [6, 0, 6], "uv": [37, 0]},
					{"origin": [-0.5, 19.75, -1], "size": [1, 2, 1], "uv": [25, 0], "inflate": -0.2},
					{"origin": [-1.35, 21.25, -1], "size": [1.2, 0.5, 1], "uv": [25, 3]},
					{"origin": [0.15, 21.25, -1], "size": [1.2, 0.5, 1], "uv": [25, 3]}
				]
			},
			{
				"name": "_bootsRight",
				"parent": "head",
				"pivot": [1, 2, -1.25]
			},
			{
				"name": "main",
				"parent": "_bootsRight",
				"pivot": [1, 2, -1.25],
				"cubes": [
					{"origin": [-3, 9, -2.25], "size": [6, 8, 3], "uv": [192, 202]},
					{"origin": [-4, 10, -2.25], "size": [1, 6, 3], "uv": [192, 192]},
					{"origin": [3, 10, -2.25], "size": [1, 6, 3], "uv": [192, 192]}
				]
			},
			{
				"name": "petal",
				"parent": "_bootsRight",
				"pivot": [1, 2, -1.25]
			},
			{
				"name": "petal1",
				"parent": "petal",
				"pivot": [1, 2, -1.25],
				"cubes": [
					{"origin": [-6, 12, -1.25], "size": [12, 2, 1], "uv": [222, 192]},
					{"origin": [-1, 7, -1.25], "size": [2, 12, 1], "uv": [222, 192]}
				]
			},
			{
				"name": "petal2",
				"parent": "petal",
				"pivot": [0, 13, -0.75],
				"rotation": [0, 0, 30],
				"cubes": [
					{"origin": [-6, 12, -1.25], "size": [12, 2, 1], "uv": [222, 192]},
					{"origin": [-1, 7, -1.25], "size": [2, 12, 1], "uv": [222, 192]}
				]
			},
			{
				"name": "petal3",
				"parent": "petal",
				"pivot": [0, 13, -0.75],
				"rotation": [0, 0, 60],
				"cubes": [
					{"origin": [-6, 12, -1.25], "size": [12, 2, 1], "uv": [222, 192]},
					{"origin": [-1, 7, -1.25], "size": [2, 12, 1], "uv": [222, 192]}
				]
			},
			{
				"name": "face",
				"parent": "_bootsRight",
				"pivot": [1, 2, -1.25],
				"cubes": [
					{"origin": [-2, 13, -2.5], "size": [1, 2, 1], "uv": [201, 218]},
					{"origin": [1, 13, -2.5], "size": [1, 2, 1], "uv": [201, 218]},
					{"origin": [-2, 10, -2.5], "size": [4, 1, 1], "uv": [201, 218]},
					{"origin": [-3, 11, -2.5], "size": [1, 1, 1], "uv": [201, 218]},
					{"origin": [2, 11, -2.5], "size": [1, 1, 1], "uv": [201, 218]}
				]
			},
			{
				"name": "bootsRight",
				"parent": "head",
				"pivot": [1, 2, -1.25]
			},
			{
				"name": "f_face",
				"parent": "bootsRight",
				"pivot": [1, 2, -1.25]
			},
			{
				"name": "eye",
				"parent": "f_face",
				"pivot": [1, 2, -1.25],
				"cubes": [
					{"origin": [1.75, 15.75, -2.5], "size": [1, 0.5, 1], "uv": [200, 219]},
					{"origin": [-2.75, 15.75, -2.5], "size": [1, 0.5, 1], "uv": [200, 219]},
					{"origin": [1.25, 15.25, -2.5], "size": [0.5, 0.5, 1], "uv": [200, 219]},
					{"origin": [-1.75, 15.25, -2.5], "size": [0.5, 0.5, 1], "uv": [200, 219]},
					{"origin": [2.25, 14.75, -2.5], "size": [0.5, 1, 1], "uv": [200, 219]},
					{"origin": [-2.75, 14.75, -2.5], "size": [0.5, 1, 1], "uv": [200, 219]},
					{"origin": [2.75, 15.25, -2.5], "size": [0.5, 0.5, 1], "uv": [200, 219]},
					{"origin": [-3.25, 15.25, -2.5], "size": [0.5, 0.5, 1], "uv": [200, 219]},
					{"origin": [0.75, 14.75, -2.5], "size": [0.5, 0.5, 1], "uv": [200, 219]},
					{"origin": [-1.25, 14.75, -2.5], "size": [0.5, 0.5, 1], "uv": [200, 219]},
					{"origin": [0.75, 14.25, -2.5], "size": [2, 0.5, 1], "uv": [200, 219]},
					{"origin": [-2.75, 14.25, -2.5], "size": [2, 0.5, 1], "uv": [200, 219]},
					{"origin": [0.25, 14.75, -2.5], "size": [0.5, 1, 1], "uv": [200, 219]},
					{"origin": [-0.75, 14.75, -2.5], "size": [0.5, 1, 1], "uv": [200, 219]}
				]
			},
			{
				"name": "mouth",
				"parent": "f_face",
				"pivot": [1, 2, -1.25],
				"cubes": [
					{"origin": [1.75, 13.25, -2.5], "size": [1.5, 0.5, 1], "uv": [200, 219]},
					{"origin": [-3.25, 13.25, -2.5], "size": [1.5, 0.5, 1], "uv": [200, 219]},
					{"origin": [-2.25, 12.75, -2.5], "size": [4.5, 0.5, 1], "uv": [200, 219]},
					{"origin": [3.25, 13.75, -2.5], "size": [0.5, 1, 1], "uv": [200, 219]},
					{"origin": [-3.25, 11.25, -2.5], "size": [0.5, 2, 1], "uv": [201, 217]},
					{"origin": [2.75, 11.25, -2.5], "size": [0.5, 2, 1], "uv": [201, 217]},
					{"origin": [2.25, 10.25, -2.5], "size": [0.5, 1.5, 1], "uv": [200, 219]},
					{"origin": [1.75, 11.75, -2.5], "size": [0.5, 1, 1], "uv": [200, 219]},
					{"origin": [-1.75, 11.25, -2.5], "size": [3.5, 0.5, 1], "uv": [200, 219]},
					{"origin": [-2.25, 11.75, -2.5], "size": [0.5, 1, 1], "uv": [200, 219]},
					{"origin": [-1.75, 10.75, -2.5], "size": [0.5, 0.5, 1], "uv": [200, 219]},
					{"origin": [-0.75, 10.25, -2.5], "size": [0.5, 1, 1], "uv": [200, 219]},
					{"origin": [0.25, 10.25, -2.5], "size": [0.5, 1, 1], "uv": [200, 219]},
					{"origin": [0.75, 11.75, -2.5], "size": [0.5, 1, 1], "uv": [200, 219]},
					{"origin": [-1.25, 11.75, -2.5], "size": [0.5, 1, 1], "uv": [200, 219]},
					{"origin": [-0.25, 11.75, -2.5], "size": [0.5, 1, 1], "uv": [200, 219]},
					{"origin": [1.25, 10.75, -2.5], "size": [0.5, 0.5, 1], "uv": [200, 219]},
					{"origin": [-2.75, 10.25, -2.5], "size": [0.5, 1.5, 1], "uv": [200, 219]},
					{"origin": [-2.25, 9.75, -2.5], "size": [4.5, 0.5, 1], "uv": [200, 219]},
					{"origin": [-2.25, 10.25, -2.5], "size": [1, 0.5, 1], "uv": [200, 219]},
					{"origin": [1.25, 10.25, -2.5], "size": [1, 0.5, 1], "uv": [200, 219]},
					{"origin": [-3.75, 13.75, -2.5], "size": [0.5, 1, 1], "uv": [200, 219]}
				]
			},
			{
				"name": "f_petal",
				"parent": "bootsRight",
				"pivot": [0, 2, 1.75]
			},
			{
				"name": "f_petal1",
				"parent": "f_petal",
				"pivot": [1, 2, -1.25],
				"cubes": [
					{"origin": [-6, 11, -1.25], "size": [12, 4, 1], "uv": [222, 200]},
					{"origin": [-7, 12, -1.25], "size": [14, 2, 1], "uv": [222, 196]}
				]
			},
			{
				"name": "f_petal2",
				"parent": "f_petal",
				"pivot": [0, 13, -0.75],
				"rotation": [0, 0, 55],
				"cubes": [
					{"origin": [-7, 12, -1.25], "size": [14, 2, 1], "uv": [222, 196]},
					{"origin": [-6, 11, -1.25], "size": [12, 4, 1], "uv": [222, 200]}
				]
			},
			{
				"name": "f_petal3",
				"parent": "f_petal",
				"pivot": [0, 13, -0.75],
				"rotation": [0, 0, -55],
				"cubes": [
					{"origin": [-7, 12, -1.25], "size": [14, 2, 1], "uv": [222, 196]},
					{"origin": [-6, 11, -1.25], "size": [12, 4, 1], "uv": [222, 200]}
				]
			},
			{
				"name": "f_main",
				"parent": "bootsRight",
				"pivot": [1, 2, -1.25],
				"cubes": [
					{"origin": [-4, 10, -2.25], "size": [8, 6, 3], "uv": [211, 206]},
					{"origin": [-3, 9, -2.25], "size": [6, 8, 3], "uv": [212, 206]}
				]
			},
			{
				"name": "body",
				"pivot": [0, 0, 0],
				"cubes": [
					{"origin": [-1, 0, -1], "size": [2, 9, 2], "uv": [223, 245]}
				]
			},
			{
				"name": "_bootsLeft",
				"parent": "body",
				"pivot": [0, 0, 0],
				"rotation": [0, -45, 0]
			},
			{
				"name": "leaves",
				"parent": "_bootsLeft",
				"pivot": [0, 0, 0],
				"cubes": [
					{"origin": [-1.5, 1, -6], "size": [3, 1, 4], "uv": [208, 251]},
					{"origin": [-1.5, 0, -7], "size": [3, 1, 1], "uv": [195, 245]},
					{"origin": [-1.5, 0, 6], "size": [3, 1, 1], "uv": [195, 245]},
					{"origin": [1.5, 0, -6], "size": [1, 1, 4], "uv": [210, 245]},
					{"origin": [-2.5, 0, -6], "size": [1, 1, 4], "uv": [210, 245]},
					{"origin": [-2, 0, -1.5], "size": [1, 1, 3], "uv": [205, 244]},
					{"origin": [2, 1, -1.5], "size": [4, 1, 3], "uv": [192, 252]},
					{"origin": [2, 0, -2.5], "size": [4, 1, 1], "uv": [195, 248]},
					{"origin": [2, 0, 1.5], "size": [4, 1, 1], "uv": [195, 248]},
					{"origin": [1, 0, -1.5], "size": [1, 1, 3], "uv": [205, 244]},
					{"origin": [6, 0, -1.5], "size": [1, 1, 3], "uv": [205, 244]},
					{"origin": [-7, 0, -1.5], "size": [1, 1, 3], "uv": [205, 244]},
					{"origin": [-6, 0, 1.5], "size": [4, 1, 1], "uv": [195, 248]},
					{"origin": [-6, 0, -2.5], "size": [4, 1, 1], "uv": [195, 248]},
					{"origin": [-6, 1, -1.5], "size": [4, 1, 3], "uv": [192, 252]},
					{"origin": [-1.5, 0, -2], "size": [3, 1, 1], "uv": [195, 245]},
					{"origin": [-1.5, 0, 1], "size": [3, 1, 1], "uv": [195, 245]},
					{"origin": [-2.5, 0, 2], "size": [1, 1, 4], "uv": [210, 245]},
					{"origin": [1.5, 0, 2], "size": [1, 1, 4], "uv": [210, 245]},
					{"origin": [-1.5, 1, 2], "size": [3, 1, 4], "uv": [208, 251]}
				]
			},
			{
				"name": "bootsLeft",
				"parent": "body",
				"pivot": [0, 0, 0]
			},
			{
				"name": "f_leaves",
				"parent": "bootsLeft",
				"pivot": [0, 0, 0],
				"cubes": [
					{"origin": [-2, 0, -2], "size": [4, 1, 4], "uv": [223, 251]},
					{"origin": [-1.5, 1, -1.5], "size": [3, 1, 3], "uv": [223, 251]}
				]
			}
		]
	}
}