{
	"format_version": "1.10.0",
	"geometry.model": {
		"texturewidth": 256,
		"textureheight": 256,
		"visible_bounds_width": 2,
		"visible_bounds_height": 2,
		"visible_bounds_offset": [0, 1, 0],
		"bones": [
			{
				"name": "spring_festival",
				"pivot": [0, 12, 0],
				"cubes": [
					{"origin": [-3, 12, -3], "size": [6, 3, 6], "uv": [0, 0], "inflate": 0.001},
					{"origin": [-2.5, 15, -2.5], "size": [5, 1, 5], "uv": [0, 9]},
					{"origin": [-1, 15.75, -1], "size": [2, 1, 2], "uv": [15, 9], "inflate": -0.3},
					{"origin": [-6, 8, -8.21], "size": [12, 12, 1], "uv": [0, 15], "inflate": -5.2}
				]
			},
			{
				"name": "christmas",
				"pivot": [-2, 12, 2],
				"cubes": [
					{"origin": [-3, 12, -3], "size": [6, 1, 6], "uv": [0, 32], "inflate": 0.001},
					{"origin": [-2.5, 12.5, -2.5], "size": [5, 3, 5], "uv": [0, 39]},
					{"origin": [-2, 15.25, -2], "size": [4, 2, 4], "uv": [0, 47]},
					{"origin": [-1, 16.25, -1], "size": [5, 2, 2], "uv": [12, 47]},
					{"origin": [3.25, 15, -1], "size": [2, 2, 2], "uv": [15, 39], "inflate": 0.2}
				]
			},
			{
				"name": "resourcepack_anniversary",
				"pivot": [0, 12, 0],
				"cubes": [
					{"origin": [-3, 12, -3], "size": [6, 2, 6], "uv": [26, 32], "inflate": 0.001},
					{"origin": [-2.5, 14, -2.5], "size": [5, 2, 5], "uv": [28, 40]},
					{"origin": [-2, 16, -2], "size": [4, 2, 4], "uv": [30, 41]},
					{"origin": [-1.5, 18, -1.5], "size": [3, 2, 3], "uv": [32, 42]},
					{"origin": [-1, 20, -1], "size": [2, 2, 2], "uv": [32, 28]}
				]
			},
			{
				"name": "plants_vs_zombies_anniversary",
				"pivot": [0, 13, 0],
				"cubes": [
					{"origin": [-3, 13, -3], "size": [6, 3, 6], "uv": [25, 0]},
					{"origin": [-3, 16.15, -3], "size": [6, 0, 6], "uv": [37, 0]},
					{"origin": [-0.5, 15.75, -0.5], "size": [1, 2, 1], "uv": [25, 0], "inflate": -0.2},
					{"origin": [-1.35, 17.25, -0.5], "size": [1.2, 0.5, 1], "uv": [25, 3]},
					{"origin": [0.15, 17.25, -0.5], "size": [1.2, 0.5, 1], "uv": [25, 3]}
				]
			},
			{
				"name": "main",
				"pivot": [0, 0, 0],
				"cubes": [
					{"origin": [-4, 0, -4], "size": [8, 12, 8], "uv": [192, 192]},
					{"origin": [4, 1, -4], "size": [1, 10, 8], "uv": [217, 205]},
					{"origin": [-5, 1, -4], "size": [1, 10, 8], "uv": [217, 205]},
					{"origin": [-4, 1, -5], "size": [8, 10, 1], "uv": [193, 213]},
					{"origin": [-5.5, 1, -0.5], "size": [11, 10, 1], "uv": [232, 195]},
					{"origin": [-3.5, 12.5, -0.5], "size": [7, 0.5, 1], "uv": [236, 196]},
					{"origin": [-3, 12.5, -0.5], "size": [6, 1, 1], "uv": [236, 196]},
					{"origin": [-4.5, 0, -0.5], "size": [9, 0.5, 1], "uv": [236, 196]},
					{"origin": [-5, 0.5, -0.5], "size": [10, 0.5, 1], "uv": [236, 196]},
					{"origin": [-5, 11, -0.5], "size": [10, 0.5, 1], "uv": [236, 196]},
					{"origin": [-4, 12, -0.5], "size": [8, 0.5, 1], "uv": [236, 196]},
					{"origin": [-4.5, 11.5, -0.5], "size": [9, 0.5, 1], "uv": [236, 196]},
					{"origin": [-4, 1, 4], "size": [8, 10, 1], "uv": [193, 213]},
					{"origin": [-3, 12, -3], "size": [6, 1, 6], "uv": [197, 202]}
				]
			},
			{
				"name": "face",
				"pivot": [0, 0, 0],
				"cubes": [
					{"origin": [-3, 7, -5.5], "size": [2, 2, 1], "uv": [217, 192]},
					{"origin": [1, 7, -5.5], "size": [2, 2, 1], "uv": [217, 192]},
					{"origin": [-1, 5, -5.5], "size": [2, 0.5, 1], "uv": [217, 196]},
					{"origin": [-1.5, 5.5, -5.5], "size": [0.5, 0.5, 1], "uv": [217, 196]},
					{"origin": [1, 5.5, -5.5], "size": [0.5, 0.5, 1], "uv": [217, 196]}
				]
			}
		]
	}
}