{
	"pack_name": "{maid_pack.zhi_ban.name}",
	"version": "1.0.0",
	"icon": "zhi_ban:textures/maid_icon.png",
	"author": ["木宁苒/纸板"],
	"model_list": [
		{
			"model_id": "zhi_ban:shimoe_koharu",
			"is_gecko": true,
			"render_entity_scale": 0.6,
			"use_sound_pack_id": "shimoe_koharu",
			"description": ["{model.zhi_ban.shimoe_koharu.desc}"],
			"animation": ["zhi_ban:animation/zhi_ban.shimoe_koharu.main.animation.json"],
			"render_item_scale": 1.25
		},
		{
			"model_id": "zhi_ban:bailu",
			"is_gecko": true,
			"render_entity_scale": 0.7,
			"animation": ["zhi_ban:animation/zhi_ban.bailu.main.animation.json"],
			"description": ["{model.zhi_ban.bailu.desc}"]
		},
		{
			"model_id": "zhi_ban:asuma_toki_1",
			"model": "zhi_ban:models/entity/asuma_toki.json",
			"is_gecko": true,
			"animation": ["zhi_ban:animation/zhi_ban.asuma_toki.main.animation.json"],
			"render_entity_scale": 0.7,
			"use_sound_pack_id": "asuma_toki"
		},
		{
			"model_id": "zhi_ban:asuma_toki_2",
			"model": "zhi_ban:models/entity/asuma_toki.json",
			"is_gecko": true,
			"animation": ["zhi_ban:animation/zhi_ban.asuma_toki.main.animation.json"],
			"render_entity_scale": 0.7,
			"use_sound_pack_id": "asuma_toki"
		},
		{
			"model_id": "zhi_ban:asuma_toki_3",
			"model": "zhi_ban:models/entity/asuma_toki.json",
			"is_gecko": true,
			"animation": ["zhi_ban:animation/zhi_ban.asuma_toki.main.animation.json"],
			"render_entity_scale": 0.7,
			"use_sound_pack_id": "asuma_toki"
		}
	],
	"date": "2023-11-22",
	"description": ["{maid_pack.zhi_ban.desc}"]
}