{
	"format_version": "1.10.0",
	"geometry.model": {
		"texturewidth": 128,
		"textureheight": 128,
		"visible_bounds_width": 3,
		"visible_bounds_height": 4,
		"visible_bounds_offset": [0, 1, 0],
		"bones": [
			{
				"name": "head",
				"pivot": [0, 18, 0],
				"cubes": [
					{"origin": [-4, 18, -4], "size": [8, 8, 8], "uv": [24, 8]},
					{"origin": [-4, 18, -4], "size": [8, 8, 8], "uv": [0, 16], "inflate": 0.1}
				]
			},
			{
				"name": "ahoge",
				"parent": "head",
				"pivot": [0, 26, 0],
				"cubes": [
					{"origin": [-3, 26, 0], "size": [6, 6, 0], "uv": [48, 9]}
				]
			},
			{
				"name": "blink",
				"parent": "head",
				"pivot": [0, 18, 0],
				"cubes": [
					{"origin": [-4, 18, -4.001], "size": [8, 8, 0], "uv": [24, 0]}
				]
			},
			{
				"name": "hair",
				"parent": "head",
				"pivot": [0, 10, 0],
				"rotation": [22.5, 0, 0],
				"cubes": [
					{"origin": [-4, 9, -1], "size": [8, 8, 8], "uv": [0, 0]}
				]
			},
			{
				"name": "cf",
				"parent": "head",
				"pivot": [0, 18, 0],
				"rotation": [-10, 0, -7.5],
				"cubes": [
					{"origin": [-4, 15, -4], "size": [1, 3, 1], "uv": [22, 32]}
				]
			},
			{
				"name": "cf2",
				"parent": "head",
				"pivot": [0, 18, 0],
				"rotation": [-10, 0, 7.5],
				"cubes": [
					{"origin": [3, 15, -4], "size": [1, 3, 1], "uv": [18, 32]}
				]
			},
			{
				"name": "hu",
				"parent": "head",
				"pivot": [0, 18, 0]
			},
			{
				"name": "bone81",
				"parent": "hu",
				"pivot": [0, 18, 0],
				"cubes": [
					{"origin": [-1, 24, 4], "size": [2, 2, 1], "uv": [0, 32]}
				]
			},
			{
				"name": "bone82",
				"parent": "hu",
				"pivot": [-1, 18, 1],
				"rotation": [0, -10, -15],
				"cubes": [
					{"origin": [3, 23, 3], "size": [5, 3.3, 1], "uv": [68, 20]}
				]
			},
			{
				"name": "bone83",
				"parent": "hu",
				"pivot": [1, 18, 1],
				"rotation": [0, 10, 15],
				"cubes": [
					{"origin": [-8, 23, 3], "size": [5, 3.3, 1], "uv": [64, 16]}
				]
			},
			{
				"name": "bone84",
				"parent": "hu",
				"pivot": [0, 21, -1],
				"rotation": [15, 0, -55],
				"cubes": [
					{"origin": [1.7, 15, 4], "size": [2.3, 6, 1], "uv": [40, 0]}
				]
			},
			{
				"name": "bone85",
				"parent": "hu",
				"pivot": [0, 21, -1],
				"rotation": [15, 0, 55],
				"cubes": [
					{"origin": [-4, 15, 4], "size": [2.3, 6, 1], "uv": [0, 16]}
				]
			},
			{
				"name": "armRight",
				"pivot": [-3, 17.5, 0],
				"rotation": [0, 0, 25],
				"cubes": [
					{"origin": [-5, 8.5, -1], "size": [2, 8, 2], "uv": [50, 24]},
					{"origin": [-5.5, 9.5, -1.5], "size": [3, 8, 3], "uv": [36, 41]}
				]
			},
			{
				"name": "armLeft",
				"pivot": [3, 17.5, 0],
				"rotation": [0, 0, -25],
				"cubes": [
					{"origin": [2.5, 9.5, -1.5], "size": [3, 8, 3], "uv": [24, 41]},
					{"origin": [3, 8.5, -1], "size": [2, 8, 2], "uv": [48, 47]}
				]
			},
			{
				"name": "body",
				"pivot": [0, 10.5, 0],
				"cubes": [
					{"origin": [-3, 8.999, -3], "size": [6, 9, 6], "uv": [0, 32]},
					{"origin": [-3, 8.999, -3], "size": [6, 9, 6], "uv": [26, 26], "inflate": 0.1}
				]
			},
			{
				"name": "sittingRotationSkirt",
				"parent": "body",
				"pivot": [0, 10.5, 0]
			},
			{
				"name": "bone",
				"parent": "sittingRotationSkirt",
				"pivot": [0, 15.5, 0]
			},
			{
				"name": "bone2",
				"parent": "bone",
				"pivot": [0, 5, 0]
			},
			{
				"name": "bone3",
				"parent": "bone2",
				"pivot": [0, 5, 5.73769],
				"rotation": [37, 0, 0]
			},
			{
				"name": "bone4",
				"parent": "bone3",
				"pivot": [0, 5, 5.73769],
				"rotation": [0, -45, 0],
				"cubes": [
					{"origin": [-1, 5, 4.73769], "size": [2, 7, 2], "uv": [70, 0]}
				]
			},
			{
				"name": "bone5",
				"parent": "bone",
				"pivot": [0, 5, 0],
				"rotation": [0, -27.69231, 0]
			},
			{
				"name": "bone6",
				"parent": "bone5",
				"pivot": [0, 5, 5.73769],
				"rotation": [37, 0, 0]
			},
			{
				"name": "bone7",
				"parent": "bone6",
				"pivot": [0, 5, 5.73769],
				"rotation": [0, -45, 0],
				"cubes": [
					{"origin": [-1, 5, 4.73769], "size": [2, 7, 2], "uv": [68, 68]}
				]
			},
			{
				"name": "bone8",
				"parent": "bone",
				"pivot": [0, 5, 0],
				"rotation": [0, -55.38462, 0]
			},
			{
				"name": "bone9",
				"parent": "bone8",
				"pivot": [0, 5, 5.73769],
				"rotation": [37, 0, 0]
			},
			{
				"name": "bone10",
				"parent": "bone9",
				"pivot": [0, 5, 5.73769],
				"rotation": [0, -45, 0],
				"cubes": [
					{"origin": [-1, 5, 4.73769], "size": [2, 7, 2], "uv": [68, 59]}
				]
			},
			{
				"name": "bone11",
				"parent": "bone",
				"pivot": [0, 5, 0],
				"rotation": [0, -83.07692, 0]
			},
			{
				"name": "bone12",
				"parent": "bone11",
				"pivot": [0, 5, 5.73769],
				"rotation": [37, 0, 0]
			},
			{
				"name": "bone13",
				"parent": "bone12",
				"pivot": [0, 5, 5.73769],
				"rotation": [0, -45, 0],
				"cubes": [
					{"origin": [-1, 5, 4.73769], "size": [2, 7, 2], "uv": [6, 67]}
				]
			},
			{
				"name": "bone14",
				"parent": "bone",
				"pivot": [0, 5, 0],
				"rotation": [0, -110.76923, 0]
			},
			{
				"name": "bone15",
				"parent": "bone14",
				"pivot": [0, 5, 5.73769],
				"rotation": [37, 0, 0]
			},
			{
				"name": "bone16",
				"parent": "bone15",
				"pivot": [0, 5, 5.73769],
				"rotation": [0, -45, 0],
				"cubes": [
					{"origin": [-1, 5, 4.73769], "size": [2, 7, 2], "uv": [40, 66]}
				]
			},
			{
				"name": "bone17",
				"parent": "bone",
				"pivot": [0, 5, 0],
				"rotation": [0, -138.46154, 0]
			},
			{
				"name": "bone18",
				"parent": "bone17",
				"pivot": [0, 5, 5.73769],
				"rotation": [37, 0, 0]
			},
			{
				"name": "bone19",
				"parent": "bone18",
				"pivot": [0, 5, 5.73769],
				"rotation": [0, -45, 0],
				"cubes": [
					{"origin": [-1, 5, 4.73769], "size": [2, 7, 2], "uv": [50, 64]}
				]
			},
			{
				"name": "bone20",
				"parent": "bone",
				"pivot": [0, 5, 0],
				"rotation": [0, -166.15385, 0]
			},
			{
				"name": "bone21",
				"parent": "bone20",
				"pivot": [0, 5, 5.73769],
				"rotation": [37, 0, 0]
			},
			{
				"name": "bone22",
				"parent": "bone21",
				"pivot": [0, 5, 5.73769],
				"rotation": [0, -45, 0],
				"cubes": [
					{"origin": [-1, 5, 4.73769], "size": [2, 7, 2], "uv": [64, 40]}
				]
			},
			{
				"name": "bone23",
				"parent": "bone",
				"pivot": [0, 5, 0],
				"rotation": [0, -193.84615, 0]
			},
			{
				"name": "bone24",
				"parent": "bone23",
				"pivot": [0, 5, 5.73769],
				"rotation": [37, 0, 0]
			},
			{
				"name": "bone25",
				"parent": "bone24",
				"pivot": [0, 5, 5.73769],
				"rotation": [0, -45, 0],
				"cubes": [
					{"origin": [-1, 5, 4.73769], "size": [2, 7, 2], "uv": [64, 31]}
				]
			},
			{
				"name": "bone26",
				"parent": "bone",
				"pivot": [0, 5, 0],
				"rotation": [0, -221.53846, 0]
			},
			{
				"name": "bone27",
				"parent": "bone26",
				"pivot": [0, 5, 5.73769],
				"rotation": [37, 0, 0]
			},
			{
				"name": "bone28",
				"parent": "bone27",
				"pivot": [0, 5, 5.73769],
				"rotation": [0, -45, 0],
				"cubes": [
					{"origin": [-1, 5, 4.73769], "size": [2, 7, 2], "uv": [64, 7]}
				]
			},
			{
				"name": "bone29",
				"parent": "bone",
				"pivot": [0, 5, 0],
				"rotation": [0, -249.23077, 0]
			},
			{
				"name": "bone30",
				"parent": "bone29",
				"pivot": [0, 5, 5.73769],
				"rotation": [37, 0, 0]
			},
			{
				"name": "bone31",
				"parent": "bone30",
				"pivot": [0, 5, 5.73769],
				"rotation": [0, -45, 0],
				"cubes": [
					{"origin": [-1, 5, 4.73769], "size": [2, 7, 2], "uv": [60, 62]}
				]
			},
			{
				"name": "bone32",
				"parent": "bone",
				"pivot": [0, 5, 0],
				"rotation": [0, -276.92308, 0]
			},
			{
				"name": "bone33",
				"parent": "bone32",
				"pivot": [0, 5, 5.73769],
				"rotation": [37, 0, 0]
			},
			{
				"name": "bone34",
				"parent": "bone33",
				"pivot": [0, 5, 5.73769],
				"rotation": [0, -45, 0],
				"cubes": [
					{"origin": [-1, 5, 4.73769], "size": [2, 7, 2], "uv": [62, 52]}
				]
			},
			{
				"name": "bone35",
				"parent": "bone",
				"pivot": [0, 5, 0],
				"rotation": [0, -304.61538, 0]
			},
			{
				"name": "bone36",
				"parent": "bone35",
				"pivot": [0, 5, 5.73769],
				"rotation": [37, 0, 0]
			},
			{
				"name": "bone37",
				"parent": "bone36",
				"pivot": [0, 5, 5.73769],
				"rotation": [0, -45, 0],
				"cubes": [
					{"origin": [-1, 5, 4.73769], "size": [2, 7, 2], "uv": [62, 22]}
				]
			},
			{
				"name": "bone38",
				"parent": "bone",
				"pivot": [0, 5, 0],
				"rotation": [0, -332.30769, 0]
			},
			{
				"name": "bone39",
				"parent": "bone38",
				"pivot": [0, 5, 5.73769],
				"rotation": [37, 0, 0]
			},
			{
				"name": "bone40",
				"parent": "bone39",
				"pivot": [0, 5, 5.73769],
				"rotation": [0, -45, 0],
				"cubes": [
					{"origin": [-1, 5, 4.73769], "size": [2, 7, 2], "uv": [32, 61]}
				]
			},
			{
				"name": "bone41",
				"parent": "sittingRotationSkirt",
				"pivot": [0, 14.5, 0]
			},
			{
				"name": "bone42",
				"parent": "bone41",
				"pivot": [0, 4, 0]
			},
			{
				"name": "bone43",
				"parent": "bone42",
				"pivot": [0, 4, 5.73769],
				"rotation": [37, 0, 0]
			},
			{
				"name": "bone44",
				"parent": "bone43",
				"pivot": [0, 4, 5.73769],
				"rotation": [0, -45, 0],
				"cubes": [
					{"origin": [-1, 4, 4.73769], "size": [2, 7, 2], "uv": [24, 61]}
				]
			},
			{
				"name": "bone45",
				"parent": "bone41",
				"pivot": [0, 4, 0],
				"rotation": [0, -27.69231, 0]
			},
			{
				"name": "bone46",
				"parent": "bone45",
				"pivot": [0, 4, 5.73769],
				"rotation": [37, 0, 0]
			},
			{
				"name": "bone47",
				"parent": "bone46",
				"pivot": [0, 4, 5.73769],
				"rotation": [0, -45, 0],
				"cubes": [
					{"origin": [-1, 4, 4.73769], "size": [2, 7, 2], "uv": [16, 61]}
				]
			},
			{
				"name": "bone48",
				"parent": "bone41",
				"pivot": [0, 4, 0],
				"rotation": [0, -55.38462, 0]
			},
			{
				"name": "bone49",
				"parent": "bone48",
				"pivot": [0, 4, 5.73769],
				"rotation": [37, 0, 0]
			},
			{
				"name": "bone50",
				"parent": "bone49",
				"pivot": [0, 4, 5.73769],
				"rotation": [0, -45, 0],
				"cubes": [
					{"origin": [-1, 4, 4.73769], "size": [2, 7, 2], "uv": [0, 59]}
				]
			},
			{
				"name": "bone51",
				"parent": "bone41",
				"pivot": [0, 4, 0],
				"rotation": [0, -83.07692, 0]
			},
			{
				"name": "bone52",
				"parent": "bone51",
				"pivot": [0, 4, 5.73769],
				"rotation": [37, 0, 0]
			},
			{
				"name": "bone53",
				"parent": "bone52",
				"pivot": [0, 4, 5.73769],
				"rotation": [0, -45, 0],
				"cubes": [
					{"origin": [-1, 4, 4.73769], "size": [2, 7, 2], "uv": [8, 58]}
				]
			},
			{
				"name": "bone54",
				"parent": "bone41",
				"pivot": [0, 4, 0],
				"rotation": [0, -110.76923, 0]
			},
			{
				"name": "bone55",
				"parent": "bone54",
				"pivot": [0, 4, 5.73769],
				"rotation": [37, 0, 0]
			},
			{
				"name": "bone56",
				"parent": "bone55",
				"pivot": [0, 4, 5.73769],
				"rotation": [0, -45, 0],
				"cubes": [
					{"origin": [-1, 4, 4.73769], "size": [2, 7, 2], "uv": [58, 0]}
				]
			},
			{
				"name": "bone57",
				"parent": "bone41",
				"pivot": [0, 4, 0],
				"rotation": [0, -138.46154, 0]
			},
			{
				"name": "bone58",
				"parent": "bone57",
				"pivot": [0, 4, 5.73769],
				"rotation": [37, 0, 0]
			},
			{
				"name": "bone59",
				"parent": "bone58",
				"pivot": [0, 4, 5.73769],
				"rotation": [0, -45, 0],
				"cubes": [
					{"origin": [-1, 4, 4.73769], "size": [2, 7, 2], "uv": [44, 57]}
				]
			},
			{
				"name": "bone60",
				"parent": "bone41",
				"pivot": [0, 4, 0],
				"rotation": [0, -166.15385, 0]
			},
			{
				"name": "bone61",
				"parent": "bone60",
				"pivot": [0, 4, 5.73769],
				"rotation": [37, 0, 0]
			},
			{
				"name": "bone62",
				"parent": "bone61",
				"pivot": [0, 4, 5.73769],
				"rotation": [0, -45, 0],
				"cubes": [
					{"origin": [-1, 4, 4.73769], "size": [2, 7, 2], "uv": [56, 45]}
				]
			},
			{
				"name": "bone63",
				"parent": "bone41",
				"pivot": [0, 4, 0],
				"rotation": [0, -193.84615, 0]
			},
			{
				"name": "bone64",
				"parent": "bone63",
				"pivot": [0, 4, 5.73769],
				"rotation": [37, 0, 0]
			},
			{
				"name": "bone65",
				"parent": "bone64",
				"pivot": [0, 4, 5.73769],
				"rotation": [0, -45, 0],
				"cubes": [
					{"origin": [-1, 4, 4.73769], "size": [2, 7, 2], "uv": [56, 32]}
				]
			},
			{
				"name": "bone66",
				"parent": "bone41",
				"pivot": [0, 4, 0],
				"rotation": [0, -221.53846, 0]
			},
			{
				"name": "bone67",
				"parent": "bone66",
				"pivot": [0, 4, 5.73769],
				"rotation": [37, 0, 0]
			},
			{
				"name": "bone68",
				"parent": "bone67",
				"pivot": [0, 4, 5.73769],
				"rotation": [0, -45, 0],
				"cubes": [
					{"origin": [-1, 4, 4.73769], "size": [2, 7, 2], "uv": [56, 15]}
				]
			},
			{
				"name": "bone69",
				"parent": "bone41",
				"pivot": [0, 4, 0],
				"rotation": [0, -249.23077, 0]
			},
			{
				"name": "bone70",
				"parent": "bone69",
				"pivot": [0, 4, 5.73769],
				"rotation": [37, 0, 0]
			},
			{
				"name": "bone71",
				"parent": "bone70",
				"pivot": [0, 4, 5.73769],
				"rotation": [0, -45, 0],
				"cubes": [
					{"origin": [-1, 4, 4.73769], "size": [2, 7, 2], "uv": [54, 55]}
				]
			},
			{
				"name": "bone72",
				"parent": "bone41",
				"pivot": [0, 4, 0],
				"rotation": [0, -276.92308, 0]
			},
			{
				"name": "bone73",
				"parent": "bone72",
				"pivot": [0, 4, 5.73769],
				"rotation": [37, 0, 0]
			},
			{
				"name": "bone74",
				"parent": "bone73",
				"pivot": [0, 4, 5.73769],
				"rotation": [0, -45, 0],
				"cubes": [
					{"origin": [-1, 4, 4.73769], "size": [2, 7, 2], "uv": [36, 52]}
				]
			},
			{
				"name": "bone75",
				"parent": "bone41",
				"pivot": [0, 4, 0],
				"rotation": [0, -304.61538, 0]
			},
			{
				"name": "bone76",
				"parent": "bone75",
				"pivot": [0, 4, 5.73769],
				"rotation": [37, 0, 0]
			},
			{
				"name": "bone77",
				"parent": "bone76",
				"pivot": [0, 4, 5.73769],
				"rotation": [0, -45, 0],
				"cubes": [
					{"origin": [-1, 4, 4.73769], "size": [2, 7, 2], "uv": [28, 52]}
				]
			},
			{
				"name": "bone78",
				"parent": "bone41",
				"pivot": [0, 4, 0],
				"rotation": [0, -332.30769, 0]
			},
			{
				"name": "bone79",
				"parent": "bone78",
				"pivot": [0, 4, 5.73769],
				"rotation": [37, 0, 0]
			},
			{
				"name": "bone80",
				"parent": "bone79",
				"pivot": [0, 4, 5.73769],
				"rotation": [0, -45, 0],
				"cubes": [
					{"origin": [-1, 4, 4.73769], "size": [2, 7, 2], "uv": [20, 52]}
				]
			},
			{
				"name": "legLeft",
				"pivot": [2, 9, 0],
				"cubes": [
					{"origin": [0.499, 0.1, -1.5], "size": [2.75, 9, 3], "uv": [0, 47]},
					{"origin": [0.499, 0.1, -1.5], "size": [2.75, 6, 3], "uv": [48, 38], "inflate": 0.1},
					{"origin": [0.499, 3.1, -1.5], "size": [2.75, 1, 3], "uv": [14, 70], "inflate": 0.13},
					{"origin": [1.249, 6.1, -1.5], "size": [1, 3, 3], "uv": [0, 0], "inflate": 0.1},
					{"origin": [0.499, 0.1, -1.5], "size": [2.75, 1.6, 3], "uv": [68, 49], "inflate": 0.2}
				]
			},
			{
				"name": "legRight",
				"pivot": [-2, 9, 0],
				"cubes": [
					{"origin": [-3.249, 0.2, -1.5], "size": [2.75, 8.8, 3], "uv": [10, 47]},
					{"origin": [-3.249, 0.2, -1.5], "size": [2.75, 6, 3], "uv": [48, 0], "inflate": 0.1},
					{"origin": [-3.249, 3, -1.5], "size": [2.75, 1, 3], "uv": [70, 24], "inflate": 0.13},
					{"origin": [-3.249, 0, -1.5], "size": [2.75, 1.6, 3], "uv": [24, 70], "inflate": 0.2}
				]
			}
		]
	}
}