{
	"format_version": "1.10.0",
	"geometry.model": {
		"texturewidth": 128,
		"textureheight": 128,
		"visible_bounds_width": 3,
		"visible_bounds_height": 4,
		"visible_bounds_offset": [0, 1, 0],
		"bones": [
			{
				"name": "head",
				"pivot": [0, 18, 0],
				"cubes": [
					{"origin": [-4, 18, -4], "size": [8, 8, 8], "uv": [24, 8]},
					{"origin": [-4, 18, -4], "size": [8, 8, 8], "uv": [0, 16], "inflate": 0.1}
				]
			},
			{
				"name": "blink",
				"parent": "head",
				"pivot": [0, 18, 0],
				"cubes": [
					{"origin": [-4, 18, -4.001], "size": [8, 8, 0], "uv": [34, 41]}
				]
			},
			{
				"name": "hair",
				"parent": "head",
				"pivot": [0, 10, 0],
				"rotation": [25, 0, 0],
				"cubes": [
					{"origin": [-4, 8, -1], "size": [8, 8, 8], "uv": [0, 0], "inflate": 0.1}
				]
			},
			{
				"name": "armRight",
				"pivot": [-3, 17.5, 0],
				"rotation": [0, 0, 25],
				"cubes": [
					{"origin": [-5, 8.5, -1], "size": [2, 8, 2], "uv": [0, 55]},
					{"origin": [-5.5, 9.5, -1.5], "size": [3, 8, 3], "uv": [12, 45]}
				]
			},
			{
				"name": "chestPlate",
				"parent": "armRight",
				"pivot": [-3, 17.5, 0]
			},
			{
				"name": "zReciprocate",
				"parent": "chestPlate",
				"pivot": [-3, 17.5, 0]
			},
			{
				"name": "bone39",
				"parent": "zReciprocate",
				"pivot": [-3, 17.5, 0],
				"cubes": [
					{"origin": [-4.5, 7.2, -1], "size": [1, 2, 2], "uv": [24, 0]},
					{"origin": [-4.5, 4.2, -2], "size": [1, 4, 4], "uv": [34, 49]}
				]
			},
			{
				"name": "armLeft",
				"pivot": [3, 17.5, 0],
				"rotation": [0, 0, -25],
				"cubes": [
					{"origin": [2.5, 9.5, -1.5], "size": [3, 8, 3], "uv": [0, 44]},
					{"origin": [3, 8.5, -1], "size": [2, 8, 2], "uv": [54, 38]}
				]
			},
			{
				"name": "attackShow",
				"parent": "armLeft",
				"pivot": [3, 17.5, 0]
			},
			{
				"name": "chestPlateLeft",
				"parent": "attackShow",
				"pivot": [3, 18.5, 0]
			},
			{
				"name": "bone40",
				"parent": "chestPlateLeft",
				"pivot": [3, 18.5, -1],
				"cubes": [
					{"origin": [3.5, 8.5, -3], "size": [1, 1, 5], "uv": [44, 24], "inflate": -0.1},
					{"origin": [3.5, 8.5, 2], "size": [1, 1, 1], "uv": [24, 4], "inflate": 0.1},
					{"origin": [3.5, 8.5, -10], "size": [1, 1, 8], "uv": [16, 36], "inflate": 0.1}
				]
			},
			{
				"name": "body",
				"pivot": [0, 10.5, 0],
				"cubes": [
					{"origin": [-3, 8.999, -3], "size": [6, 9, 6], "uv": [26, 26]},
					{"origin": [-3, 11.999, -3], "size": [6, 6, 6], "uv": [0, 32], "inflate": 0.1},
					{"origin": [-3, 8.999, -3], "size": [6, 1, 6], "uv": [24, 0], "inflate": 0.1}
				]
			},
			{
				"name": "sittingRotationSkirt",
				"parent": "body",
				"pivot": [0, 10.5, 0]
			},
			{
				"name": "bone",
				"parent": "sittingRotationSkirt",
				"pivot": [0, 16.5, 0]
			},
			{
				"name": "bone2",
				"parent": "bone",
				"pivot": [0, 6, 0]
			},
			{
				"name": "bone3",
				"parent": "bone2",
				"pivot": [0, 6, 5.27792],
				"rotation": [35, 0, 0]
			},
			{
				"name": "bone4",
				"parent": "bone3",
				"pivot": [0, 6, 5.27792],
				"rotation": [0, -45, 0],
				"cubes": [
					{"origin": [-1, 6, 4.27792], "size": [2, 5, 2], "uv": [58, 20]}
				]
			},
			{
				"name": "bone5",
				"parent": "bone",
				"pivot": [0, 6, 0],
				"rotation": [0, -30, 0]
			},
			{
				"name": "bone6",
				"parent": "bone5",
				"pivot": [0, 6, 5.27792],
				"rotation": [35, 0, 0]
			},
			{
				"name": "bone7",
				"parent": "bone6",
				"pivot": [0, 6, 5.27792],
				"rotation": [0, -45, 0],
				"cubes": [
					{"origin": [-1, 6, 4.27792], "size": [2, 5, 2], "uv": [58, 0]}
				]
			},
			{
				"name": "bone8",
				"parent": "bone",
				"pivot": [0, 6, 0],
				"rotation": [0, -60, 0]
			},
			{
				"name": "bone9",
				"parent": "bone8",
				"pivot": [0, 6, 5.27792],
				"rotation": [35, 0, 0]
			},
			{
				"name": "bone10",
				"parent": "bone9",
				"pivot": [0, 6, 5.27792],
				"rotation": [0, -45, 0],
				"cubes": [
					{"origin": [-1, 6, 4.27792], "size": [2, 5, 2], "uv": [57, 48]}
				]
			},
			{
				"name": "bone11",
				"parent": "bone",
				"pivot": [0, 6, 0],
				"rotation": [0, -90, 0]
			},
			{
				"name": "bone12",
				"parent": "bone11",
				"pivot": [0, 6, 5.27792],
				"rotation": [35, 0, 0]
			},
			{
				"name": "bone13",
				"parent": "bone12",
				"pivot": [0, 6, 5.27792],
				"rotation": [0, -45, 0],
				"cubes": [
					{"origin": [-1, 6, 4.27792], "size": [2, 5, 2], "uv": [40, 57]}
				]
			},
			{
				"name": "bone14",
				"parent": "bone",
				"pivot": [0, 6, 0],
				"rotation": [0, -120, 0]
			},
			{
				"name": "bone15",
				"parent": "bone14",
				"pivot": [0, 6, 5.27792],
				"rotation": [35, 0, 0]
			},
			{
				"name": "bone16",
				"parent": "bone15",
				"pivot": [0, 6, 5.27792],
				"rotation": [0, -45, 0],
				"cubes": [
					{"origin": [-1, 6, 4.27792], "size": [2, 5, 2], "uv": [32, 57]}
				]
			},
			{
				"name": "bone17",
				"parent": "bone",
				"pivot": [0, 6, 0],
				"rotation": [0, -150, 0]
			},
			{
				"name": "bone18",
				"parent": "bone17",
				"pivot": [0, 6, 5.27792],
				"rotation": [35, 0, 0]
			},
			{
				"name": "bone19",
				"parent": "bone18",
				"pivot": [0, 6, 5.27792],
				"rotation": [0, -45, 0],
				"cubes": [
					{"origin": [-1, 6, 4.27792], "size": [2, 5, 2], "uv": [24, 57]}
				]
			},
			{
				"name": "bone20",
				"parent": "bone",
				"pivot": [0, 6, 0],
				"rotation": [0, -180, 0]
			},
			{
				"name": "bone21",
				"parent": "bone20",
				"pivot": [0, 6, 5.27792],
				"rotation": [35, 0, 0]
			},
			{
				"name": "bone22",
				"parent": "bone21",
				"pivot": [0, 6, 5.27792],
				"rotation": [0, -45, 0],
				"cubes": [
					{"origin": [-1, 6, 4.27792], "size": [2, 5, 2], "uv": [16, 56]}
				]
			},
			{
				"name": "bone23",
				"parent": "bone",
				"pivot": [0, 6, 0],
				"rotation": [0, -210, 0]
			},
			{
				"name": "bone24",
				"parent": "bone23",
				"pivot": [0, 6, 5.27792],
				"rotation": [35, 0, 0]
			},
			{
				"name": "bone25",
				"parent": "bone24",
				"pivot": [0, 6, 5.27792],
				"rotation": [0, -45, 0],
				"cubes": [
					{"origin": [-1, 6, 4.27792], "size": [2, 5, 2], "uv": [56, 13]}
				]
			},
			{
				"name": "bone26",
				"parent": "bone",
				"pivot": [0, 6, 0],
				"rotation": [0, -240, 0]
			},
			{
				"name": "bone27",
				"parent": "bone26",
				"pivot": [0, 6, 5.27792],
				"rotation": [35, 0, 0]
			},
			{
				"name": "bone28",
				"parent": "bone27",
				"pivot": [0, 6, 5.27792],
				"rotation": [0, -45, 0],
				"cubes": [
					{"origin": [-1, 6, 4.27792], "size": [2, 5, 2], "uv": [8, 56]}
				]
			},
			{
				"name": "bone29",
				"parent": "bone",
				"pivot": [0, 6, 0],
				"rotation": [0, -270, 0]
			},
			{
				"name": "bone30",
				"parent": "bone29",
				"pivot": [0, 6, 5.27792],
				"rotation": [35, 0, 0]
			},
			{
				"name": "bone31",
				"parent": "bone30",
				"pivot": [0, 6, 5.27792],
				"rotation": [0, -45, 0],
				"cubes": [
					{"origin": [-1, 6, 4.27792], "size": [2, 5, 2], "uv": [55, 55]}
				]
			},
			{
				"name": "bone32",
				"parent": "bone",
				"pivot": [0, 6, 0],
				"rotation": [0, -300, 0]
			},
			{
				"name": "bone33",
				"parent": "bone32",
				"pivot": [0, 6, 5.27792],
				"rotation": [35, 0, 0]
			},
			{
				"name": "bone34",
				"parent": "bone33",
				"pivot": [0, 6, 5.27792],
				"rotation": [0, -45, 0],
				"cubes": [
					{"origin": [-1, 6, 4.27792], "size": [2, 5, 2], "uv": [0, 16]}
				]
			},
			{
				"name": "bone35",
				"parent": "bone",
				"pivot": [0, 6, 0],
				"rotation": [0, -330, 0]
			},
			{
				"name": "bone36",
				"parent": "bone35",
				"pivot": [0, 6, 5.27792],
				"rotation": [35, 0, 0]
			},
			{
				"name": "bone37",
				"parent": "bone36",
				"pivot": [0, 6, 5.27792],
				"rotation": [0, -45, 0],
				"cubes": [
					{"origin": [-1, 6, 4.27792], "size": [2, 5, 2], "uv": [0, 0]}
				]
			},
			{
				"name": "tie",
				"parent": "body",
				"pivot": [0, 9.5, -3.1],
				"rotation": [-17.5, 0, 0],
				"cubes": [
					{"origin": [-0.5, 13.5071, -5.5179], "size": [1, 4, 1], "uv": [0, 32], "inflate": 0.2071}
				]
			},
			{
				"name": "bone38",
				"parent": "tie",
				"pivot": [0, 17, -6.1],
				"rotation": [0, 0, -45],
				"cubes": [
					{"origin": [-3.11629, 13.8837, -5.725], "size": [1, 1, 1], "uv": [18, 32]}
				]
			},
			{
				"name": "legLeft",
				"pivot": [2, 9, 0],
				"cubes": [
					{"origin": [0.499, 0.1, -1.5], "size": [2.75, 9, 3], "uv": [24, 45]},
					{"origin": [0.499, 0.1, -1.5], "size": [2.75, 6, 3], "uv": [48, 0], "inflate": 0.1},
					{"origin": [0.499, 0.1, -1.5], "size": [2.75, 3, 3], "uv": [48, 9], "inflate": 0.2}
				]
			},
			{
				"name": "legRight",
				"pivot": [-2, 9, 0],
				"cubes": [
					{"origin": [-3.249, 0.2, -1.5], "size": [2.75, 8.8, 3], "uv": [47, 46]},
					{"origin": [-3.249, 0.2, -1.5], "size": [2.75, 5.8, 3], "uv": [50, 30], "inflate": 0.1},
					{"origin": [-3.249, 0.2, -1.5], "size": [2.75, 2.8, 3], "uv": [51, 24], "inflate": 0.2}
				]
			}
		]
	}
}