{
	"format_version": "1.10.0",
	"geometry.model": {
		"texturewidth": 128,
		"textureheight": 128,
		"visible_bounds_width": 3,
		"visible_bounds_height": 4,
		"visible_bounds_offset": [0, 1, 0],
		"bones": [
			{
				"name": "head",
				"pivot": [0, 18, 0],
				"cubes": [
					{"origin": [-4, 18, -4], "size": [8, 8, 8], "uv": [0, 0]}
				]
			},
			{
				"name": "ahoge",
				"parent": "head",
				"pivot": [0, 26, 0],
				"cubes": [
					{"origin": [-2, 26, -1], "size": [4, 2, 0], "uv": [24, 20]}
				]
			},
			{
				"name": "blink",
				"parent": "head",
				"pivot": [0, 18, 0],
				"cubes": [
					{"origin": [-4, 18, -4.001], "size": [8, 8, 0], "uv": [24, 0]}
				]
			},
			{
				"name": "hu2",
				"parent": "head",
				"pivot": [0, 18, 1],
				"rotation": [10, 0, 0]
			},
			{
				"name": "bone94",
				"parent": "hu2",
				"pivot": [0, 18, 1],
				"cubes": [
					{"origin": [-1, 23, 5], "size": [2, 2, 1], "uv": [0, 26]}
				]
			},
			{
				"name": "bone95",
				"parent": "hu2",
				"pivot": [0, 18, 1],
				"rotation": [0, 0, -7.5],
				"cubes": [
					{"origin": [1, 24, 5], "size": [5, 1.6, 1], "uv": [36, 18]}
				]
			},
			{
				"name": "bone96",
				"parent": "hu2",
				"pivot": [0, 18, 1],
				"rotation": [0, 0, 7.5],
				"cubes": [
					{"origin": [-6, 24, 5], "size": [5, 1.6, 1], "uv": [24, 18]}
				]
			},
			{
				"name": "bone97",
				"parent": "hu2",
				"pivot": [0, 18, 1],
				"rotation": [0, 0, -30],
				"cubes": [
					{"origin": [3.4, 17, 5], "size": [1.6, 6, 1], "uv": [4, 0]}
				]
			},
			{
				"name": "bone98",
				"parent": "hu2",
				"pivot": [0, 18, 1],
				"rotation": [0, 0, 30],
				"cubes": [
					{"origin": [-5, 17, 5], "size": [1.6, 6, 1], "uv": [0, 0]}
				]
			},
			{
				"name": "hair",
				"parent": "head",
				"pivot": [0, 18, 0]
			},
			{
				"name": "bone99",
				"parent": "hair",
				"pivot": [0, 18, 0],
				"rotation": [12.5, 0, 12.5],
				"cubes": [
					{"origin": [-4, 11, 4], "size": [1, 6, 0], "uv": [6, 16]}
				]
			},
			{
				"name": "bone100",
				"parent": "hair",
				"pivot": [0, 18, 0],
				"rotation": [12.5, 0, -12.5],
				"cubes": [
					{"origin": [3, 11, 4], "size": [1, 6, 0], "uv": [4, 16]}
				]
			},
			{
				"name": "bone101",
				"parent": "hair",
				"pivot": [0, 18, 0],
				"rotation": [15, 0, 12.5],
				"cubes": [
					{"origin": [-3, 10, 4], "size": [1, 8, 0], "uv": [2, 16]}
				]
			},
			{
				"name": "bone102",
				"parent": "hair",
				"pivot": [0, 18, 0],
				"rotation": [15, 0, -12.5],
				"cubes": [
					{"origin": [2, 10, 4], "size": [1, 8, 0], "uv": [0, 16]}
				]
			},
			{
				"name": "bone103",
				"parent": "hair",
				"pivot": [0, 18, 0],
				"rotation": [17.5, 0, 12.5],
				"cubes": [
					{"origin": [-2, 9, 4], "size": [1, 9, 0], "uv": [26, 70]}
				]
			},
			{
				"name": "bone104",
				"parent": "hair",
				"pivot": [0, 18, 0],
				"rotation": [17.5, 0, -12.5],
				"cubes": [
					{"origin": [1, 9, 4], "size": [1, 9, 0], "uv": [24, 26]}
				]
			},
			{
				"name": "bone105",
				"parent": "hair",
				"pivot": [0, 18, 0],
				"rotation": [20, 0, 12.5],
				"cubes": [
					{"origin": [-1, 8, 4], "size": [1, 10, 0], "uv": [24, 70]}
				]
			},
			{
				"name": "bone106",
				"parent": "hair",
				"pivot": [0, 18, 0],
				"rotation": [20, 0, -12.5],
				"cubes": [
					{"origin": [0, 8, 4], "size": [1, 10, 0], "uv": [64, 69]}
				]
			},
			{
				"name": "bone107",
				"parent": "hair",
				"pivot": [0, 18, 0],
				"rotation": [25, 0, 0],
				"cubes": [
					{"origin": [-0.5, 8, 4], "size": [1, 11, 0], "uv": [38, 69]}
				]
			},
			{
				"name": "hat",
				"parent": "head",
				"pivot": [0, 18, 0],
				"rotation": [-1.2, 0, 0]
			},
			{
				"name": "bone108",
				"parent": "hat",
				"pivot": [0, 18, 0],
				"cubes": [
					{"origin": [-4, 25.68, -4], "size": [8, 2, 8], "uv": [24, 8], "inflate": -0.32}
				]
			},
			{
				"name": "bone109",
				"parent": "hat",
				"pivot": [0, 19, 0],
				"cubes": [
					{"origin": [-4, 26.68, -4], "size": [8, 2, 8], "uv": [0, 16], "inflate": 0.1}
				]
			},
			{
				"name": "bz",
				"parent": "head",
				"pivot": [0, 18, 0]
			},
			{
				"name": "bone110",
				"parent": "bz",
				"pivot": [0, 19, 0],
				"rotation": [0, -135, 2.5],
				"cubes": [
					{"origin": [2, 21, 4.1], "size": [1, 1, 1], "uv": [44, 20]},
					{"origin": [2, 20, 4.2], "size": [1, 1, 1], "uv": [43, 35]},
					{"origin": [2, 19, 4.3], "size": [1, 1, 1], "uv": [43, 5]},
					{"origin": [2, 22, 4], "size": [1, 1, 1], "uv": [43, 3]},
					{"origin": [2, 23, 3.9], "size": [1, 1, 1], "uv": [43, 1]},
					{"origin": [2, 24, 3.8], "size": [1, 1, 1], "uv": [0, 43]},
					{"origin": [2, 18, 4.4], "size": [1, 1, 1], "uv": [0, 41]}
				]
			},
			{
				"name": "bone111",
				"parent": "bone110",
				"pivot": [0, 19, 0],
				"rotation": [0, 0, -12.5],
				"cubes": [
					{"origin": [2, 19, 5], "size": [1, 1, 1], "uv": [40, 6], "inflate": -0.1}
				]
			},
			{
				"name": "bone112",
				"parent": "bone110",
				"pivot": [0, 19, 0],
				"rotation": [0, 0, 10],
				"cubes": [
					{"origin": [2, 20, 5], "size": [1, 1, 1], "uv": [40, 4], "inflate": -0.1}
				]
			},
			{
				"name": "bone113",
				"parent": "bz",
				"pivot": [0, 19, 0],
				"rotation": [0, 135, -2.5],
				"cubes": [
					{"origin": [-3, 21, 4.1], "size": [1, 1, 1], "uv": [40, 2]},
					{"origin": [-3, 20, 4.2], "size": [1, 1, 1], "uv": [40, 0]},
					{"origin": [-3, 19, 4.3], "size": [1, 1, 1], "uv": [18, 30]},
					{"origin": [-3, 22, 4], "size": [1, 1, 1], "uv": [0, 29]},
					{"origin": [-3, 23, 3.9], "size": [1, 1, 1], "uv": [28, 22]},
					{"origin": [-3, 24, 3.8], "size": [1, 1, 1], "uv": [18, 28]},
					{"origin": [-3, 18, 4.4], "size": [1, 1, 1], "uv": [18, 26]}
				]
			},
			{
				"name": "bone114",
				"parent": "bone113",
				"pivot": [0, 19, 0],
				"rotation": [0, 0, 12.5],
				"cubes": [
					{"origin": [-3, 19, 5], "size": [1, 1, 1], "uv": [24, 22], "inflate": -0.1}
				]
			},
			{
				"name": "bone115",
				"parent": "bone113",
				"pivot": [0, 19, 0],
				"rotation": [0, 0, -10],
				"cubes": [
					{"origin": [-3, 20, 5], "size": [1, 1, 1], "uv": [4, 22], "inflate": -0.1}
				]
			},
			{
				"name": "armRight",
				"pivot": [-3, 17.5, 0],
				"rotation": [0, 0, 25],
				"cubes": [
					{"origin": [-5, 8.5, -1], "size": [2, 8, 2], "uv": [54, 43]},
					{"origin": [-5.5, 9.5, -1.5], "size": [3, 8, 3], "uv": [48, 0]}
				]
			},
			{
				"name": "armLeft",
				"pivot": [3, 17.5, 0],
				"rotation": [0, 0, -25],
				"cubes": [
					{"origin": [2.5, 9.5, -1.5], "size": [3, 8, 3], "uv": [42, 45]},
					{"origin": [3, 8.5, -1], "size": [2, 8, 2], "uv": [34, 50]}
				]
			},
			{
				"name": "body",
				"pivot": [0, 10.5, 0],
				"cubes": [
					{"origin": [-3, 8.999, -3], "size": [6, 9, 6], "uv": [18, 35]},
					{"origin": [-3, 8.999, -3], "size": [6, 9, 6], "uv": [26, 20], "inflate": 0.1},
					{"origin": [-3, 8.999, -3], "size": [6, 9, 6], "uv": [0, 26], "inflate": 0.12}
				]
			},
			{
				"name": "sittingRotationSkirt",
				"parent": "body",
				"pivot": [0, 10.5, 0]
			},
			{
				"name": "bone",
				"parent": "sittingRotationSkirt",
				"pivot": [0, 15.5, 0]
			},
			{
				"name": "bone2",
				"parent": "bone",
				"pivot": [0, 5, 0]
			},
			{
				"name": "bone3",
				"parent": "bone2",
				"pivot": [0, 5, 6.19607],
				"rotation": [33, 0, 0]
			},
			{
				"name": "bone4",
				"parent": "bone3",
				"pivot": [0, 5, 6.19607],
				"rotation": [0, -45, 0],
				"cubes": [
					{"origin": [-1, 5, 5.19607], "size": [2, 7, 2], "uv": [16, 70]}
				]
			},
			{
				"name": "bone5",
				"parent": "bone",
				"pivot": [0, 5, 0],
				"rotation": [0, -25.71429, 0]
			},
			{
				"name": "bone6",
				"parent": "bone5",
				"pivot": [0, 5, 6.19607],
				"rotation": [33, 0, 0]
			},
			{
				"name": "bone7",
				"parent": "bone6",
				"pivot": [0, 5, 6.19607],
				"rotation": [0, -45, 0],
				"cubes": [
					{"origin": [-1, 5, 5.19607], "size": [2, 7, 2], "uv": [56, 69]}
				]
			},
			{
				"name": "bone8",
				"parent": "bone",
				"pivot": [0, 5, 0],
				"rotation": [0, -51.42857, 0]
			},
			{
				"name": "bone9",
				"parent": "bone8",
				"pivot": [0, 5, 6.19607],
				"rotation": [33, 0, 0]
			},
			{
				"name": "bone10",
				"parent": "bone9",
				"pivot": [0, 5, 6.19607],
				"rotation": [0, -45, 0],
				"cubes": [
					{"origin": [-1, 5, 5.19607], "size": [2, 7, 2], "uv": [30, 69]}
				]
			},
			{
				"name": "bone11",
				"parent": "bone",
				"pivot": [0, 5, 0],
				"rotation": [0, -77.14286, 0]
			},
			{
				"name": "bone12",
				"parent": "bone11",
				"pivot": [0, 5, 6.19607],
				"rotation": [33, 0, 0]
			},
			{
				"name": "bone13",
				"parent": "bone12",
				"pivot": [0, 5, 6.19607],
				"rotation": [0, -45, 0],
				"cubes": [
					{"origin": [-1, 5, 5.19607], "size": [2, 7, 2], "uv": [68, 54]}
				]
			},
			{
				"name": "bone14",
				"parent": "bone",
				"pivot": [0, 5, 0],
				"rotation": [0, -102.85714, 0]
			},
			{
				"name": "bone15",
				"parent": "bone14",
				"pivot": [0, 5, 6.19607],
				"rotation": [33, 0, 0]
			},
			{
				"name": "bone16",
				"parent": "bone15",
				"pivot": [0, 5, 6.19607],
				"rotation": [0, -45, 0],
				"cubes": [
					{"origin": [-1, 5, 5.19607], "size": [2, 7, 2], "uv": [68, 45]}
				]
			},
			{
				"name": "bone17",
				"parent": "bone",
				"pivot": [0, 5, 0],
				"rotation": [0, -128.57143, 0]
			},
			{
				"name": "bone18",
				"parent": "bone17",
				"pivot": [0, 5, 6.19607],
				"rotation": [33, 0, 0]
			},
			{
				"name": "bone19",
				"parent": "bone18",
				"pivot": [0, 5, 6.19607],
				"rotation": [0, -45, 0],
				"cubes": [
					{"origin": [-1, 5, 5.19607], "size": [2, 7, 2], "uv": [68, 27]}
				]
			},
			{
				"name": "bone20",
				"parent": "bone",
				"pivot": [0, 5, 0],
				"rotation": [0, -154.28571, 0]
			},
			{
				"name": "bone21",
				"parent": "bone20",
				"pivot": [0, 5, 6.19607],
				"rotation": [33, 0, 0]
			},
			{
				"name": "bone22",
				"parent": "bone21",
				"pivot": [0, 5, 6.19607],
				"rotation": [0, -45, 0],
				"cubes": [
					{"origin": [-1, 5, 5.19607], "size": [2, 7, 2], "uv": [68, 18]}
				]
			},
			{
				"name": "bone23",
				"parent": "bone",
				"pivot": [0, 5, 0],
				"rotation": [0, -180, 0]
			},
			{
				"name": "bone24",
				"parent": "bone23",
				"pivot": [0, 5, 6.19607],
				"rotation": [33, 0, 0]
			},
			{
				"name": "bone25",
				"parent": "bone24",
				"pivot": [0, 5, 6.19607],
				"rotation": [0, -45, 0],
				"cubes": [
					{"origin": [-1, 5, 5.19607], "size": [2, 7, 2], "uv": [8, 68]}
				]
			},
			{
				"name": "bone26",
				"parent": "bone",
				"pivot": [0, 5, 0],
				"rotation": [0, -205.71429, 0]
			},
			{
				"name": "bone27",
				"parent": "bone26",
				"pivot": [0, 5, 6.19607],
				"rotation": [33, 0, 0]
			},
			{
				"name": "bone28",
				"parent": "bone27",
				"pivot": [0, 5, 6.19607],
				"rotation": [0, -45, 0],
				"cubes": [
					{"origin": [-1, 5, 5.19607], "size": [2, 7, 2], "uv": [68, 0]}
				]
			},
			{
				"name": "bone29",
				"parent": "bone",
				"pivot": [0, 5, 0],
				"rotation": [0, -231.42857, 0]
			},
			{
				"name": "bone30",
				"parent": "bone29",
				"pivot": [0, 5, 6.19607],
				"rotation": [33, 0, 0]
			},
			{
				"name": "bone31",
				"parent": "bone30",
				"pivot": [0, 5, 6.19607],
				"rotation": [0, -45, 0],
				"cubes": [
					{"origin": [-1, 5, 5.19607], "size": [2, 7, 2], "uv": [66, 67]}
				]
			},
			{
				"name": "bone32",
				"parent": "bone",
				"pivot": [0, 5, 0],
				"rotation": [0, -257.14286, 0]
			},
			{
				"name": "bone33",
				"parent": "bone32",
				"pivot": [0, 5, 6.19607],
				"rotation": [33, 0, 0]
			},
			{
				"name": "bone34",
				"parent": "bone33",
				"pivot": [0, 5, 6.19607],
				"rotation": [0, -45, 0],
				"cubes": [
					{"origin": [-1, 5, 5.19607], "size": [2, 7, 2], "uv": [40, 65]}
				]
			},
			{
				"name": "bone35",
				"parent": "bone",
				"pivot": [0, 5, 0],
				"rotation": [0, -282.85714, 0]
			},
			{
				"name": "bone36",
				"parent": "bone35",
				"pivot": [0, 5, 6.19607],
				"rotation": [33, 0, 0]
			},
			{
				"name": "bone37",
				"parent": "bone36",
				"pivot": [0, 5, 6.19607],
				"rotation": [0, -45, 0],
				"cubes": [
					{"origin": [-1, 5, 5.19607], "size": [2, 7, 2], "uv": [65, 9]}
				]
			},
			{
				"name": "bone38",
				"parent": "bone",
				"pivot": [0, 5, 0],
				"rotation": [0, -308.57143, 0]
			},
			{
				"name": "bone39",
				"parent": "bone38",
				"pivot": [0, 5, 6.19607],
				"rotation": [33, 0, 0]
			},
			{
				"name": "bone40",
				"parent": "bone39",
				"pivot": [0, 5, 6.19607],
				"rotation": [0, -45, 0],
				"cubes": [
					{"origin": [-1, 5, 5.19607], "size": [2, 7, 2], "uv": [0, 65]}
				]
			},
			{
				"name": "bone41",
				"parent": "bone",
				"pivot": [0, 5, 0],
				"rotation": [0, -334.28571, 0]
			},
			{
				"name": "bone42",
				"parent": "bone41",
				"pivot": [0, 5, 6.19607],
				"rotation": [33, 0, 0]
			},
			{
				"name": "bone43",
				"parent": "bone42",
				"pivot": [0, 5, 6.19607],
				"rotation": [0, -45, 0],
				"cubes": [
					{"origin": [-1, 5, 5.19607], "size": [2, 7, 2], "uv": [48, 63]}
				]
			},
			{
				"name": "bone44",
				"parent": "sittingRotationSkirt",
				"pivot": [0, 14.5, 0]
			},
			{
				"name": "bone45",
				"parent": "bone44",
				"pivot": [0, 4, 0]
			},
			{
				"name": "bone46",
				"parent": "bone45",
				"pivot": [0, 4, 6.19607],
				"rotation": [33, 0, 0]
			},
			{
				"name": "bone47",
				"parent": "bone46",
				"pivot": [0, 4, 6.19607],
				"rotation": [0, -45, 0],
				"cubes": [
					{"origin": [-1, 4, 5.19607], "size": [2, 7, 2], "uv": [62, 38]}
				]
			},
			{
				"name": "bone48",
				"parent": "bone44",
				"pivot": [0, 4, 0],
				"rotation": [0, -25.71429, 0]
			},
			{
				"name": "bone49",
				"parent": "bone48",
				"pivot": [0, 4, 6.19607],
				"rotation": [33, 0, 0]
			},
			{
				"name": "bone50",
				"parent": "bone49",
				"pivot": [0, 4, 6.19607],
				"rotation": [0, -45, 0],
				"cubes": [
					{"origin": [-1, 4, 5.19607], "size": [2, 7, 2], "uv": [24, 61]}
				]
			},
			{
				"name": "bone51",
				"parent": "bone44",
				"pivot": [0, 4, 0],
				"rotation": [0, -51.42857, 0]
			},
			{
				"name": "bone52",
				"parent": "bone51",
				"pivot": [0, 4, 6.19607],
				"rotation": [33, 0, 0]
			},
			{
				"name": "bone53",
				"parent": "bone52",
				"pivot": [0, 4, 6.19607],
				"rotation": [0, -45, 0],
				"cubes": [
					{"origin": [-1, 4, 5.19607], "size": [2, 7, 2], "uv": [16, 61]}
				]
			},
			{
				"name": "bone54",
				"parent": "bone44",
				"pivot": [0, 4, 0],
				"rotation": [0, -77.14286, 0]
			},
			{
				"name": "bone55",
				"parent": "bone54",
				"pivot": [0, 4, 6.19607],
				"rotation": [33, 0, 0]
			},
			{
				"name": "bone56",
				"parent": "bone55",
				"pivot": [0, 4, 6.19607],
				"rotation": [0, -45, 0],
				"cubes": [
					{"origin": [-1, 4, 5.19607], "size": [2, 7, 2], "uv": [60, 60]}
				]
			},
			{
				"name": "bone57",
				"parent": "bone44",
				"pivot": [0, 4, 0],
				"rotation": [0, -102.85714, 0]
			},
			{
				"name": "bone58",
				"parent": "bone57",
				"pivot": [0, 4, 6.19607],
				"rotation": [33, 0, 0]
			},
			{
				"name": "bone59",
				"parent": "bone58",
				"pivot": [0, 4, 6.19607],
				"rotation": [0, -45, 0],
				"cubes": [
					{"origin": [-1, 4, 5.19607], "size": [2, 7, 2], "uv": [60, 51]}
				]
			},
			{
				"name": "bone60",
				"parent": "bone44",
				"pivot": [0, 4, 0],
				"rotation": [0, -128.57143, 0]
			},
			{
				"name": "bone61",
				"parent": "bone60",
				"pivot": [0, 4, 6.19607],
				"rotation": [33, 0, 0]
			},
			{
				"name": "bone62",
				"parent": "bone61",
				"pivot": [0, 4, 6.19607],
				"rotation": [0, -45, 0],
				"cubes": [
					{"origin": [-1, 4, 5.19607], "size": [2, 7, 2], "uv": [32, 60]}
				]
			},
			{
				"name": "bone63",
				"parent": "bone44",
				"pivot": [0, 4, 0],
				"rotation": [0, -154.28571, 0]
			},
			{
				"name": "bone64",
				"parent": "bone63",
				"pivot": [0, 4, 6.19607],
				"rotation": [33, 0, 0]
			},
			{
				"name": "bone65",
				"parent": "bone64",
				"pivot": [0, 4, 6.19607],
				"rotation": [0, -45, 0],
				"cubes": [
					{"origin": [-1, 4, 5.19607], "size": [2, 7, 2], "uv": [60, 29]}
				]
			},
			{
				"name": "bone66",
				"parent": "bone44",
				"pivot": [0, 4, 0],
				"rotation": [0, -180, 0]
			},
			{
				"name": "bone67",
				"parent": "bone66",
				"pivot": [0, 4, 6.19607],
				"rotation": [33, 0, 0]
			},
			{
				"name": "bone68",
				"parent": "bone67",
				"pivot": [0, 4, 6.19607],
				"rotation": [0, -45, 0],
				"cubes": [
					{"origin": [-1, 4, 5.19607], "size": [2, 7, 2], "uv": [60, 20]}
				]
			},
			{
				"name": "bone69",
				"parent": "bone44",
				"pivot": [0, 4, 0],
				"rotation": [0, -205.71429, 0]
			},
			{
				"name": "bone70",
				"parent": "bone69",
				"pivot": [0, 4, 6.19607],
				"rotation": [33, 0, 0]
			},
			{
				"name": "bone71",
				"parent": "bone70",
				"pivot": [0, 4, 6.19607],
				"rotation": [0, -45, 0],
				"cubes": [
					{"origin": [-1, 4, 5.19607], "size": [2, 7, 2], "uv": [60, 0]}
				]
			},
			{
				"name": "bone72",
				"parent": "bone44",
				"pivot": [0, 4, 0],
				"rotation": [0, -231.42857, 0]
			},
			{
				"name": "bone73",
				"parent": "bone72",
				"pivot": [0, 4, 6.19607],
				"rotation": [33, 0, 0]
			},
			{
				"name": "bone74",
				"parent": "bone73",
				"pivot": [0, 4, 6.19607],
				"rotation": [0, -45, 0],
				"cubes": [
					{"origin": [-1, 4, 5.19607], "size": [2, 7, 2], "uv": [8, 59]}
				]
			},
			{
				"name": "bone75",
				"parent": "bone44",
				"pivot": [0, 4, 0],
				"rotation": [0, -257.14286, 0]
			},
			{
				"name": "bone76",
				"parent": "bone75",
				"pivot": [0, 4, 6.19607],
				"rotation": [33, 0, 0]
			},
			{
				"name": "bone77",
				"parent": "bone76",
				"pivot": [0, 4, 6.19607],
				"rotation": [0, -45, 0],
				"cubes": [
					{"origin": [-1, 4, 5.19607], "size": [2, 7, 2], "uv": [57, 11]}
				]
			},
			{
				"name": "bone78",
				"parent": "bone44",
				"pivot": [0, 4, 0],
				"rotation": [0, -282.85714, 0]
			},
			{
				"name": "bone79",
				"parent": "bone78",
				"pivot": [0, 4, 6.19607],
				"rotation": [33, 0, 0]
			},
			{
				"name": "bone80",
				"parent": "bone79",
				"pivot": [0, 4, 6.19607],
				"rotation": [0, -45, 0],
				"cubes": [
					{"origin": [-1, 4, 5.19607], "size": [2, 7, 2], "uv": [42, 56]}
				]
			},
			{
				"name": "bone81",
				"parent": "bone44",
				"pivot": [0, 4, 0],
				"rotation": [0, -308.57143, 0]
			},
			{
				"name": "bone82",
				"parent": "bone81",
				"pivot": [0, 4, 6.19607],
				"rotation": [33, 0, 0]
			},
			{
				"name": "bone83",
				"parent": "bone82",
				"pivot": [0, 4, 6.19607],
				"rotation": [0, -45, 0],
				"cubes": [
					{"origin": [-1, 4, 5.19607], "size": [2, 7, 2], "uv": [0, 56]}
				]
			},
			{
				"name": "bone84",
				"parent": "bone44",
				"pivot": [0, 4, 0],
				"rotation": [0, -334.28571, 0]
			},
			{
				"name": "bone85",
				"parent": "bone84",
				"pivot": [0, 4, 6.19607],
				"rotation": [33, 0, 0]
			},
			{
				"name": "bone86",
				"parent": "bone85",
				"pivot": [0, 4, 6.19607],
				"rotation": [0, -45, 0],
				"cubes": [
					{"origin": [-1, 4, 5.19607], "size": [2, 7, 2], "uv": [52, 54]}
				]
			},
			{
				"name": "hu",
				"parent": "body",
				"pivot": [0, 10.5, 0]
			},
			{
				"name": "bone87",
				"parent": "hu",
				"pivot": [0, 10.5, 0],
				"cubes": [
					{"origin": [-0.5, 16.5, -4], "size": [1, 1, 1], "uv": [44, 22]}
				]
			},
			{
				"name": "bone88",
				"parent": "hu",
				"pivot": [0, 10.5, 0],
				"rotation": [0, 0, 7.5],
				"cubes": [
					{"origin": [-2.5, 16.5, -4], "size": [1.5, 1, 0], "uv": [0, 7]}
				]
			},
			{
				"name": "bone89",
				"parent": "hu",
				"pivot": [0, 10.5, 0],
				"rotation": [0, 0, -7.5],
				"cubes": [
					{"origin": [1, 16.5, -4], "size": [1.5, 1, 0], "uv": [3, 0]}
				]
			},
			{
				"name": "bone90",
				"parent": "hu",
				"pivot": [0, 10.5, 0],
				"rotation": [0, 0, 12.5],
				"cubes": [
					{"origin": [-2, 14.5, -4], "size": [1, 2, 0], "uv": [22, 28]}
				]
			},
			{
				"name": "bone91",
				"parent": "hu",
				"pivot": [0, 10.5, 0],
				"rotation": [0, 0, -12.5],
				"cubes": [
					{"origin": [1, 14.5, -4], "size": [1, 2, 0], "uv": [22, 26]}
				]
			},
			{
				"name": "bb",
				"parent": "body",
				"pivot": [0, 10.5, 0]
			},
			{
				"name": "bone92",
				"parent": "bb",
				"pivot": [0, 10.5, 0],
				"rotation": [0, 0, 42.5],
				"cubes": [
					{"origin": [-4, 8.5, -3], "size": [1, 9.86, 6], "uv": [0, 41], "inflate": 0.154}
				]
			},
			{
				"name": "bone93",
				"parent": "bb",
				"pivot": [0, 10.5, 0],
				"rotation": [0, 0, 35],
				"cubes": [
					{"origin": [-4.89, 5.5, -3], "size": [1.89, 4, 6], "uv": [42, 35]}
				]
			},
			{
				"name": "legLeft",
				"pivot": [2, 9, 0],
				"cubes": [
					{"origin": [0.499, 0.1, -1.5], "size": [2.75, 8.9, 3], "uv": [50, 29]}
				]
			},
			{
				"name": "bone116",
				"parent": "legLeft",
				"pivot": [2, 9, 0],
				"cubes": [
					{"origin": [0.499, 0.1, -1.5], "size": [2.75, 8.9, 3], "uv": [50, 18], "inflate": 0.1},
					{"origin": [0.499, 0.1, -1.5], "size": [2.75, 2, 3], "uv": [8, 41], "inflate": 0.2}
				]
			},
			{
				"name": "legRight",
				"pivot": [-2, 9, 0],
				"cubes": [
					{"origin": [-3.249, 0.2, -1.5], "size": [2.75, 8.8, 3], "uv": [24, 50]}
				]
			},
			{
				"name": "bone117",
				"parent": "legRight",
				"pivot": [-2, 9, 0],
				"cubes": [
					{"origin": [-3.249, 0.2, -1.5], "size": [2.75, 8.8, 3], "uv": [14, 50], "inflate": 0.1},
					{"origin": [-3.249, 0.2, -1.5], "size": [2.75, 2, 3], "uv": [36, 35], "inflate": 0.2}
				]
			}
		]
	}
}