{
	"format_version": "1.10.0",
	"geometry.model": {
		"texturewidth": 128,
		"textureheight": 128,
		"visible_bounds_width": 3,
		"visible_bounds_height": 4,
		"visible_bounds_offset": [0, 1, 0],
		"bones": [
			{
				"name": "head",
				"pivot": [0, 18, 0],
				"cubes": [
					{"origin": [-4, 18, -4], "size": [8, 8, 8], "uv": [0, 30]},
					{"origin": [-4, 18, -4], "size": [8, 8, 8], "uv": [0, 11], "inflate": 0.1}
				]
			},
			{
				"name": "blink",
				"parent": "head",
				"pivot": [0, 18, 0],
				"cubes": [
					{"origin": [-4, 18, -4.001], "size": [8, 8, 0], "uv": [49, 0]}
				]
			},
			{
				"name": "hat",
				"parent": "head",
				"pivot": [0, 24.52825, 0],
				"rotation": [0, 0, -2],
				"cubes": [
					{"origin": [-4.5, 23.701, -4.5], "size": [9, 3, 9], "uv": [23, 18]},
					{"origin": [-4, 24.701, -4], "size": [8, 3, 8], "uv": [25, 3]},
					{"origin": [-3, 25.451, -3], "size": [6, 3, 6], "uv": [0, 46]},
					{"origin": [-5.5, 23.699, -5.5], "size": [11, 0, 11], "uv": [0, 0]},
					{"origin": [-2.5, 23.7, -5.5], "size": [2, 1, 1], "uv": [50, 25]},
					{"origin": [3.5, 23.7, -5.5], "size": [2, 1, 2], "uv": [41, 14]},
					{"origin": [4.5, 23.7, 0.5], "size": [1, 1, 2], "uv": [0, 49]},
					{"origin": [4.5, 23.7, -2.5], "size": [1, 1, 2], "uv": [44, 48]},
					{"origin": [0.5, 23.7, 4.5], "size": [2, 1, 1], "uv": [49, 8]},
					{"origin": [3.5, 23.7, 3.5], "size": [2, 1, 2], "uv": [41, 0]},
					{"origin": [-2.5, 23.7, 4.5], "size": [2, 1, 1], "uv": [47, 14]},
					{"origin": [-5.5, 23.7, 0.5], "size": [1, 1, 2], "uv": [0, 46]},
					{"origin": [-5.5, 23.7, -2.5], "size": [1, 1, 2], "uv": [44, 45]},
					{"origin": [-5.5, 23.7, -5.5], "size": [2, 1, 2], "uv": [33, 0]},
					{"origin": [-5.5, 23.7, 3.5], "size": [2, 1, 2], "uv": [8, 27]},
					{"origin": [0.5, 23.7, -5.5], "size": [2, 1, 1], "uv": [24, 36]}
				]
			},
			{
				"name": "bone81",
				"parent": "hat",
				"pivot": [0, 24.52825, 0]
			},
			{
				"name": "bone82",
				"parent": "bone81",
				"pivot": [0, 24.52825, 0],
				"cubes": [
					{"origin": [-5, 25.52825, 0], "size": [1, 1, 1], "uv": [6, 55]}
				]
			},
			{
				"name": "bone83",
				"parent": "bone81",
				"pivot": [0, 24.52825, 0],
				"rotation": [0, 0, -22.5],
				"cubes": [
					{"origin": [-4, 27.52825, 0], "size": [1, 2, 1], "uv": [55, 8]}
				]
			},
			{
				"name": "bone84",
				"parent": "bone81",
				"pivot": [0, -24.52825, 0],
				"rotation": [0, 0, 22.5],
				"cubes": [
					{"origin": [-24, 18.47175, 0], "size": [1, 2, 1], "uv": [27, 46]}
				]
			},
			{
				"name": "bone85",
				"parent": "bone81",
				"pivot": [0, 24.52825, 0],
				"rotation": [0, -22.5, 0],
				"cubes": [
					{"origin": [-4.5, 25.52825, 2], "size": [1, 1, 2], "uv": [31, 14]}
				]
			},
			{
				"name": "bone86",
				"parent": "bone81",
				"pivot": [0, 24.52825, 0],
				"rotation": [0, 22.5, 0],
				"cubes": [
					{"origin": [-5, 25.52825, -3], "size": [1, 1, 2], "uv": [16, 27]}
				]
			},
			{
				"name": "hair",
				"parent": "head",
				"pivot": [0, 19, 0],
				"rotation": [-30, 0, 0]
			},
			{
				"name": "bone87",
				"parent": "hair",
				"pivot": [0, 18, 0],
				"rotation": [50, 0, 0],
				"cubes": [
					{"origin": [-1, 13, 3], "size": [2, 4, 2], "uv": [72, 72]},
					{"origin": [-1, 11.7, 3], "size": [2, 2.3, 2], "uv": [73, 24], "inflate": -0.2}
				]
			},
			{
				"name": "bone88",
				"parent": "bone87",
				"pivot": [0, 18, 0],
				"cubes": [
					{"origin": [-1, 8, 3], "size": [2, 4, 2], "uv": [72, 66]}
				]
			},
			{
				"name": "armRight",
				"pivot": [-3, 17.5, 0],
				"rotation": [0, 0, 25],
				"cubes": [
					{"origin": [-5, 8.5, -1], "size": [2, 8, 2], "uv": [32, 70]},
					{"origin": [-5.5, 13.5, -1.5], "size": [3, 4, 3], "uv": [50, 52]},
					{"origin": [-5.5, 9.5, -1.5], "size": [3, 3, 3], "uv": [50, 30]},
					{"origin": [-5.5, 11.7, -1.5], "size": [3, 2, 3], "uv": [68, 10], "inflate": -0.2}
				]
			},
			{
				"name": "decorationRight",
				"parent": "armRight",
				"pivot": [-5, 13, 0],
				"rotation": [0, 90, 5]
			},
			{
				"name": "bone89",
				"parent": "decorationRight",
				"pivot": [-5, 13, 0],
				"rotation": [0, 0, -15],
				"cubes": [
					{"origin": [-5.87059, 13.48296, -1], "size": [1, 1, 1], "uv": [48, 45]},
					{"origin": [-4.87059, 10.48296, -0.5], "size": [1, 3, 0], "uv": [36, 33]}
				]
			},
			{
				"name": "bone90",
				"parent": "decorationRight",
				"pivot": [-5, 13, 0],
				"rotation": [0, 0, 15],
				"cubes": [
					{"origin": [-5.12941, 13.48296, -1], "size": [1, 1, 1], "uv": [39, 0]},
					{"origin": [-6.12941, 10.48296, -0.5], "size": [1, 3, 0], "uv": [24, 30]}
				]
			},
			{
				"name": "armLeft",
				"pivot": [3, 17.5, 0],
				"rotation": [0, 0, -25],
				"cubes": [
					{"origin": [2.5, 13.5, -1.5], "size": [3, 4, 3], "uv": [50, 45]},
					{"origin": [2.5, 9.5, -1.5], "size": [3, 3, 3], "uv": [24, 30]},
					{"origin": [2.5, 11.7, -1.5], "size": [3, 2, 3], "uv": [18, 46], "inflate": -0.2},
					{"origin": [3, 8.5, -1], "size": [2, 8, 2], "uv": [24, 70]}
				]
			},
			{
				"name": "decorationLeft",
				"parent": "armLeft",
				"pivot": [1, 0, 0],
				"rotation": [0, -90, -5]
			},
			{
				"name": "bone91",
				"parent": "decorationLeft",
				"pivot": [1, 0, 0],
				"rotation": [0, 0, -15],
				"cubes": [
					{"origin": [3.40893, 12.72228, -6.48369], "size": [1, 1, 1], "uv": [14, 27]},
					{"origin": [4.40893, 9.72228, -5.98369], "size": [1, 3, 0], "uv": [24, 14]}
				]
			},
			{
				"name": "bone92",
				"parent": "decorationLeft",
				"pivot": [1, 0, 0],
				"rotation": [0, 0, 15],
				"cubes": [
					{"origin": [-2.40893, 12.72228, -6.48369], "size": [1, 1, 1], "uv": [6, 27]},
					{"origin": [-3.40893, 9.72228, -5.98369], "size": [1, 3, 0], "uv": [0, 0]}
				]
			},
			{
				"name": "body",
				"pivot": [0, 10.5, 0],
				"cubes": [
					{"origin": [-3, 8.999, -3], "size": [6, 9, 6], "uv": [26, 45]},
					{"origin": [-3, 8.999, -3], "size": [6, 9, 6], "uv": [32, 30], "inflate": 0.1}
				]
			},
			{
				"name": "sittingRotationSkirt",
				"parent": "body",
				"pivot": [0, 10.5, 0]
			},
			{
				"name": "bone",
				"parent": "sittingRotationSkirt",
				"pivot": [0, 14.5, 0]
			},
			{
				"name": "bone2",
				"parent": "bone",
				"pivot": [0, 4, 0]
			},
			{
				"name": "bone3",
				"parent": "bone2",
				"pivot": [0, 4, 5.73769],
				"rotation": [28, 0, 0]
			},
			{
				"name": "bone4",
				"parent": "bone3",
				"pivot": [0, 4, 5.73769],
				"rotation": [0, -45, 0],
				"cubes": [
					{"origin": [-1, 4, 4.73769], "size": [2, 8, 2], "uv": [54, 69]}
				]
			},
			{
				"name": "bone5",
				"parent": "bone",
				"pivot": [0, 4, 0],
				"rotation": [0, -27.69231, 0]
			},
			{
				"name": "bone6",
				"parent": "bone5",
				"pivot": [0, 4, 5.73769],
				"rotation": [28, 0, 0]
			},
			{
				"name": "bone7",
				"parent": "bone6",
				"pivot": [0, 4, 5.73769],
				"rotation": [0, -45, 0],
				"cubes": [
					{"origin": [-1, 4, 4.73769], "size": [2, 8, 2], "uv": [46, 69]}
				]
			},
			{
				"name": "bone8",
				"parent": "bone",
				"pivot": [0, 4, 0],
				"rotation": [0, -55.38462, 0]
			},
			{
				"name": "bone9",
				"parent": "bone8",
				"pivot": [0, 4, 5.73769],
				"rotation": [28, 0, 0]
			},
			{
				"name": "bone10",
				"parent": "bone9",
				"pivot": [0, 4, 5.73769],
				"rotation": [0, -45, 0],
				"cubes": [
					{"origin": [-1, 4, 4.73769], "size": [2, 8, 2], "uv": [67, 36]}
				]
			},
			{
				"name": "bone11",
				"parent": "bone",
				"pivot": [0, 4, 0],
				"rotation": [0, -83.07692, 0]
			},
			{
				"name": "bone12",
				"parent": "bone11",
				"pivot": [0, 4, 5.73769],
				"rotation": [28, 0, 0]
			},
			{
				"name": "bone13",
				"parent": "bone12",
				"pivot": [0, 4, 5.73769],
				"rotation": [0, -45, 0],
				"cubes": [
					{"origin": [-1, 4, 4.73769], "size": [2, 8, 2], "uv": [67, 26]}
				]
			},
			{
				"name": "bone14",
				"parent": "bone",
				"pivot": [0, 4, 0],
				"rotation": [0, -110.76923, 0]
			},
			{
				"name": "bone15",
				"parent": "bone14",
				"pivot": [0, 4, 5.73769],
				"rotation": [28, 0, 0]
			},
			{
				"name": "bone16",
				"parent": "bone15",
				"pivot": [0, 4, 5.73769],
				"rotation": [0, -45, 0],
				"cubes": [
					{"origin": [-1, 4, 4.73769], "size": [2, 8, 2], "uv": [67, 16]}
				]
			},
			{
				"name": "bone17",
				"parent": "bone",
				"pivot": [0, 4, 0],
				"rotation": [0, -138.46154, 0]
			},
			{
				"name": "bone18",
				"parent": "bone17",
				"pivot": [0, 4, 5.73769],
				"rotation": [28, 0, 0]
			},
			{
				"name": "bone19",
				"parent": "bone18",
				"pivot": [0, 4, 5.73769],
				"rotation": [0, -45, 0],
				"cubes": [
					{"origin": [-1, 4, 4.73769], "size": [2, 8, 2], "uv": [64, 66]}
				]
			},
			{
				"name": "bone20",
				"parent": "bone",
				"pivot": [0, 4, 0],
				"rotation": [0, -166.15385, 0]
			},
			{
				"name": "bone21",
				"parent": "bone20",
				"pivot": [0, 4, 5.73769],
				"rotation": [28, 0, 0]
			},
			{
				"name": "bone22",
				"parent": "bone21",
				"pivot": [0, 4, 5.73769],
				"rotation": [0, -45, 0],
				"cubes": [
					{"origin": [-1, 4, 4.73769], "size": [2, 8, 2], "uv": [66, 0]}
				]
			},
			{
				"name": "bone23",
				"parent": "bone",
				"pivot": [0, 4, 0],
				"rotation": [0, -193.84615, 0]
			},
			{
				"name": "bone24",
				"parent": "bone23",
				"pivot": [0, 4, 5.73769],
				"rotation": [28, 0, 0]
			},
			{
				"name": "bone25",
				"parent": "bone24",
				"pivot": [0, 4, 5.73769],
				"rotation": [0, -45, 0],
				"cubes": [
					{"origin": [-1, 4, 4.73769], "size": [2, 8, 2], "uv": [16, 65]}
				]
			},
			{
				"name": "bone26",
				"parent": "bone",
				"pivot": [0, 4, 0],
				"rotation": [0, -221.53846, 0]
			},
			{
				"name": "bone27",
				"parent": "bone26",
				"pivot": [0, 4, 5.73769],
				"rotation": [28, 0, 0]
			},
			{
				"name": "bone28",
				"parent": "bone27",
				"pivot": [0, 4, 5.73769],
				"rotation": [0, -45, 0],
				"cubes": [
					{"origin": [-1, 4, 4.73769], "size": [2, 8, 2], "uv": [8, 65]}
				]
			},
			{
				"name": "bone29",
				"parent": "bone",
				"pivot": [0, 4, 0],
				"rotation": [0, -249.23077, 0]
			},
			{
				"name": "bone30",
				"parent": "bone29",
				"pivot": [0, 4, 5.73769],
				"rotation": [28, 0, 0]
			},
			{
				"name": "bone31",
				"parent": "bone30",
				"pivot": [0, 4, 5.73769],
				"rotation": [0, -45, 0],
				"cubes": [
					{"origin": [-1, 4, 4.73769], "size": [2, 8, 2], "uv": [0, 65]}
				]
			},
			{
				"name": "bone32",
				"parent": "bone",
				"pivot": [0, 4, 0],
				"rotation": [0, -276.92308, 0]
			},
			{
				"name": "bone33",
				"parent": "bone32",
				"pivot": [0, 4, 5.73769],
				"rotation": [28, 0, 0]
			},
			{
				"name": "bone34",
				"parent": "bone33",
				"pivot": [0, 4, 5.73769],
				"rotation": [0, -45, 0],
				"cubes": [
					{"origin": [-1, 4, 4.73769], "size": [2, 8, 2], "uv": [64, 56]}
				]
			},
			{
				"name": "bone35",
				"parent": "bone",
				"pivot": [0, 4, 0],
				"rotation": [0, -304.61538, 0]
			},
			{
				"name": "bone36",
				"parent": "bone35",
				"pivot": [0, 4, 5.73769],
				"rotation": [28, 0, 0]
			},
			{
				"name": "bone37",
				"parent": "bone36",
				"pivot": [0, 4, 5.73769],
				"rotation": [0, -45, 0],
				"cubes": [
					{"origin": [-1, 4, 4.73769], "size": [2, 8, 2], "uv": [62, 46]}
				]
			},
			{
				"name": "bone38",
				"parent": "bone",
				"pivot": [0, 4, 0],
				"rotation": [0, -332.30769, 0]
			},
			{
				"name": "bone39",
				"parent": "bone38",
				"pivot": [0, 4, 5.73769],
				"rotation": [28, 0, 0]
			},
			{
				"name": "bone40",
				"parent": "bone39",
				"pivot": [0, 4, 5.73769],
				"rotation": [0, -45, 0],
				"cubes": [
					{"origin": [-1, 4, 4.73769], "size": [2, 8, 2], "uv": [40, 60]}
				]
			},
			{
				"name": "bone41",
				"parent": "sittingRotationSkirt",
				"pivot": [0, 15.5, 0]
			},
			{
				"name": "bone42",
				"parent": "bone41",
				"pivot": [0, 5, 0]
			},
			{
				"name": "bone43",
				"parent": "bone42",
				"pivot": [0, 5, 5.73769],
				"rotation": [28, 0, 0]
			},
			{
				"name": "bone44",
				"parent": "bone43",
				"pivot": [0, 5, 5.73769],
				"rotation": [0, -45, 0],
				"cubes": [
					{"origin": [-1, 5, 4.73769], "size": [2, 8, 2], "uv": [32, 60]}
				]
			},
			{
				"name": "bone45",
				"parent": "bone41",
				"pivot": [0, 5, 0],
				"rotation": [0, -27.69231, 0]
			},
			{
				"name": "bone46",
				"parent": "bone45",
				"pivot": [0, 5, 5.73769],
				"rotation": [28, 0, 0]
			},
			{
				"name": "bone47",
				"parent": "bone46",
				"pivot": [0, 5, 5.73769],
				"rotation": [0, -45, 0],
				"cubes": [
					{"origin": [-1, 5, 4.73769], "size": [2, 8, 2], "uv": [24, 60]}
				]
			},
			{
				"name": "bone48",
				"parent": "bone41",
				"pivot": [0, 5, 0],
				"rotation": [0, -55.38462, 0]
			},
			{
				"name": "bone49",
				"parent": "bone48",
				"pivot": [0, 5, 5.73769],
				"rotation": [28, 0, 0]
			},
			{
				"name": "bone50",
				"parent": "bone49",
				"pivot": [0, 5, 5.73769],
				"rotation": [0, -45, 0],
				"cubes": [
					{"origin": [-1, 5, 4.73769], "size": [2, 8, 2], "uv": [60, 8]}
				]
			},
			{
				"name": "bone51",
				"parent": "bone41",
				"pivot": [0, 5, 0],
				"rotation": [0, -83.07692, 0]
			},
			{
				"name": "bone52",
				"parent": "bone51",
				"pivot": [0, 5, 5.73769],
				"rotation": [28, 0, 0]
			},
			{
				"name": "bone53",
				"parent": "bone52",
				"pivot": [0, 5, 5.73769],
				"rotation": [0, -45, 0],
				"cubes": [
					{"origin": [-1, 5, 4.73769], "size": [2, 8, 2], "uv": [56, 59]}
				]
			},
			{
				"name": "bone54",
				"parent": "bone41",
				"pivot": [0, 5, 0],
				"rotation": [0, -110.76923, 0]
			},
			{
				"name": "bone55",
				"parent": "bone54",
				"pivot": [0, 5, 5.73769],
				"rotation": [28, 0, 0]
			},
			{
				"name": "bone56",
				"parent": "bone55",
				"pivot": [0, 5, 5.73769],
				"rotation": [0, -45, 0],
				"cubes": [
					{"origin": [-1, 5, 4.73769], "size": [2, 8, 2], "uv": [48, 59]}
				]
			},
			{
				"name": "bone57",
				"parent": "bone41",
				"pivot": [0, 5, 0],
				"rotation": [0, -138.46154, 0]
			},
			{
				"name": "bone58",
				"parent": "bone57",
				"pivot": [0, 5, 5.73769],
				"rotation": [28, 0, 0]
			},
			{
				"name": "bone59",
				"parent": "bone58",
				"pivot": [0, 5, 5.73769],
				"rotation": [0, -45, 0],
				"cubes": [
					{"origin": [-1, 5, 4.73769], "size": [2, 8, 2], "uv": [59, 36]}
				]
			},
			{
				"name": "bone60",
				"parent": "bone41",
				"pivot": [0, 5, 0],
				"rotation": [0, -166.15385, 0]
			},
			{
				"name": "bone61",
				"parent": "bone60",
				"pivot": [0, 5, 5.73769],
				"rotation": [28, 0, 0]
			},
			{
				"name": "bone62",
				"parent": "bone61",
				"pivot": [0, 5, 5.73769],
				"rotation": [0, -45, 0],
				"cubes": [
					{"origin": [-1, 7, 4.73769], "size": [2, 6, 2], "uv": [72, 58]}
				]
			},
			{
				"name": "bone63",
				"parent": "bone41",
				"pivot": [0, 5, 0],
				"rotation": [0, -193.84615, 0]
			},
			{
				"name": "bone64",
				"parent": "bone63",
				"pivot": [0, 5, 5.73769],
				"rotation": [28, 0, 0]
			},
			{
				"name": "bone65",
				"parent": "bone64",
				"pivot": [0, 5, 5.73769],
				"rotation": [0, -45, 0],
				"cubes": [
					{"origin": [-1, 7, 4.73769], "size": [2, 6, 2], "uv": [0, 11]}
				]
			},
			{
				"name": "bone66",
				"parent": "bone41",
				"pivot": [0, 5, 0],
				"rotation": [0, -221.53846, 0]
			},
			{
				"name": "bone67",
				"parent": "bone66",
				"pivot": [0, 5, 5.73769],
				"rotation": [28, 0, 0]
			},
			{
				"name": "bone68",
				"parent": "bone67",
				"pivot": [0, 5, 5.73769],
				"rotation": [0, -45, 0],
				"cubes": [
					{"origin": [-1, 5, 4.73769], "size": [2, 8, 2], "uv": [59, 23]}
				]
			},
			{
				"name": "bone69",
				"parent": "bone41",
				"pivot": [0, 5, 0],
				"rotation": [0, -249.23077, 0]
			},
			{
				"name": "bone70",
				"parent": "bone69",
				"pivot": [0, 5, 5.73769],
				"rotation": [28, 0, 0]
			},
			{
				"name": "bone71",
				"parent": "bone70",
				"pivot": [0, 5, 5.73769],
				"rotation": [0, -45, 0],
				"cubes": [
					{"origin": [-1, 5, 4.73769], "size": [2, 8, 2], "uv": [16, 55]}
				]
			},
			{
				"name": "bone72",
				"parent": "bone41",
				"pivot": [0, 5, 0],
				"rotation": [0, -276.92308, 0]
			},
			{
				"name": "bone73",
				"parent": "bone72",
				"pivot": [0, 5, 5.73769],
				"rotation": [28, 0, 0]
			},
			{
				"name": "bone74",
				"parent": "bone73",
				"pivot": [0, 5, 5.73769],
				"rotation": [0, -45, 0],
				"cubes": [
					{"origin": [-1, 5, 4.73769], "size": [2, 8, 2], "uv": [8, 55]}
				]
			},
			{
				"name": "bone75",
				"parent": "bone41",
				"pivot": [0, 5, 0],
				"rotation": [0, -304.61538, 0]
			},
			{
				"name": "bone76",
				"parent": "bone75",
				"pivot": [0, 5, 5.73769],
				"rotation": [28, 0, 0]
			},
			{
				"name": "bone77",
				"parent": "bone76",
				"pivot": [0, 5, 5.73769],
				"rotation": [0, -45, 0],
				"cubes": [
					{"origin": [-1, 5, 4.73769], "size": [2, 8, 2], "uv": [0, 55]}
				]
			},
			{
				"name": "bone78",
				"parent": "bone41",
				"pivot": [0, 5, 0],
				"rotation": [0, -332.30769, 0]
			},
			{
				"name": "bone79",
				"parent": "bone78",
				"pivot": [0, 5, 5.73769],
				"rotation": [28, 0, 0]
			},
			{
				"name": "bone80",
				"parent": "bone79",
				"pivot": [0, 5, 5.73769],
				"rotation": [0, -45, 0],
				"cubes": [
					{"origin": [-1, 5, 4.73769], "size": [2, 8, 2], "uv": [0, 27]}
				]
			},
			{
				"name": "bone93",
				"parent": "body",
				"pivot": [0, 17.6, -1.9],
				"rotation": [-24, 0, 0]
			},
			{
				"name": "bone94",
				"parent": "bone93",
				"pivot": [1.2, 17, 6.1]
			},
			{
				"name": "bone95",
				"parent": "bone94",
				"pivot": [-0.3, 17.8, -2.1],
				"rotation": [0, 0, 5],
				"cubes": [
					{"origin": [-0.36959, 8.88035, -1.31783], "size": [1, 4, 0], "uv": [24, 55]}
				]
			},
			{
				"name": "bone96",
				"parent": "bone95",
				"pivot": [-0.3, 17.9, -2.4],
				"rotation": [0, 0, 35],
				"cubes": [
					{"origin": [2.37437, 12.21693, -2.11783], "size": [1, 2, 1], "uv": [33, 30]}
				]
			},
			{
				"name": "bone97",
				"parent": "bone93",
				"pivot": [-1.2, 17, 6.1]
			},
			{
				"name": "bone98",
				"parent": "bone97",
				"pivot": [0.3, 17.8, -2.1],
				"rotation": [0, 0, -5],
				"cubes": [
					{"origin": [-0.63041, 8.88035, -1.31783], "size": [1, 4, 0], "uv": [24, 51]}
				]
			},
			{
				"name": "bone99",
				"parent": "bone98",
				"pivot": [0.3, 17.9, -2.4],
				"rotation": [0, 0, -35],
				"cubes": [
					{"origin": [-3.37437, 12.21693, -2.11783], "size": [1, 2, 1], "uv": [7, 0]}
				]
			},
			{
				"name": "legLeft",
				"pivot": [2, 9, 0],
				"cubes": [
					{"origin": [0.499, 0.1, -1.5], "size": [2.75, 8.9, 3], "uv": [50, 14]},
					{"origin": [0.499, 0.1, -1.5], "size": [2.75, 3.5, 3], "uv": [70, 52], "inflate": 0.1},
					{"origin": [0.499, 0.1, -1.5], "size": [2.75, 1.5, 3], "uv": [34, 14], "inflate": 0.2}
				]
			},
			{
				"name": "legRight",
				"pivot": [-2, 9, 0],
				"cubes": [
					{"origin": [-3.249, 0.2, -1.5], "size": [2.75, 8.8, 3], "uv": [0, 0]},
					{"origin": [-3.249, 0.2, -1.5], "size": [2.75, 3.5, 3], "uv": [70, 46], "inflate": 0.1},
					{"origin": [-3.249, 0.2, -1.5], "size": [2.75, 1.5, 3], "uv": [24, 14], "inflate": 0.2}
				]
			}
		]
	}
}