{
	"format_version": "1.10.0",
	"geometry.model": {
		"texturewidth": 128,
		"textureheight": 128,
		"visible_bounds_width": 4,
		"visible_bounds_height": 4,
		"visible_bounds_offset": [0, 1, 0],
		"bones": [
			{
				"name": "head",
				"pivot": [0, 18, 0],
				"cubes": [
					{"origin": [-4, 18, -4], "size": [8, 8, 8], "uv": [0, 16]},
					{"origin": [-4, 18, -4], "size": [8, 8, 8], "uv": [0, 0], "inflate": 0.1}
				]
			},
			{
				"name": "ahoge",
				"parent": "head",
				"pivot": [0, 26, 0],
				"cubes": [
					{"origin": [-3, 26, 0], "size": [6, 6, 0], "uv": [58, 30]}
				]
			},
			{
				"name": "blink",
				"parent": "head",
				"pivot": [0, 18, 0],
				"cubes": [
					{"origin": [-4, 18, -4.001], "size": [8, 8, 0], "uv": [24, 0]}
				]
			},
			{
				"name": "wingRight",
				"parent": "head",
				"pivot": [-1, 23, 0],
				"rotation": [0, 20, -20]
			},
			{
				"name": "earRight",
				"parent": "wingRight",
				"pivot": [0, 21, -2]
			},
			{
				"name": "bone41",
				"parent": "earRight",
				"pivot": [-4, 26, -2],
				"rotation": [0, 0, -45],
				"cubes": [
					{"origin": [-4, 25, -3], "size": [1, 2, 1], "uv": [24, 65]}
				]
			},
			{
				"name": "bone42",
				"parent": "earRight",
				"pivot": [-4, 26, -2],
				"rotation": [0, 0, -30],
				"cubes": [
					{"origin": [-4.25882, 26.96593, -3], "size": [1, 1, 1], "uv": [65, 43]}
				]
			},
			{
				"name": "bone43",
				"parent": "earRight",
				"pivot": [-4, 26, -2],
				"rotation": [0, 0, -15],
				"cubes": [
					{"origin": [-4.75882, 27.83195, -3], "size": [1, 1, 1], "uv": [64, 62]}
				]
			},
			{
				"name": "bone44",
				"parent": "earRight",
				"pivot": [-4, 26, -2],
				"cubes": [
					{"origin": [-5.46593, 28.53906, -3], "size": [1, 2, 1], "uv": [20, 65]}
				]
			},
			{
				"name": "bone45",
				"parent": "earRight",
				"pivot": [-4, 26, -2],
				"rotation": [0, 0, 90],
				"cubes": [
					{"origin": [-8.53906, 21.53407, -3], "size": [1, 3, 1], "uv": [0, 64]}
				]
			},
			{
				"name": "bone46",
				"parent": "earRight",
				"pivot": [-4, 26, -2],
				"rotation": [0, 0, 60],
				"cubes": [
					{"origin": [-9.29788, 23.90192, -2.5], "size": [2, 2, 0], "uv": [64, 23]}
				]
			},
			{
				"name": "bone47",
				"parent": "earRight",
				"pivot": [-4, 26, -2],
				"rotation": [0, 0, 20],
				"cubes": [
					{"origin": [-7.58936, 26.0447, -2.5], "size": [2, 3, 0], "uv": [46, 64]}
				]
			},
			{
				"name": "bone48",
				"parent": "earRight",
				"pivot": [-4, 26, -2],
				"cubes": [
					{"origin": [-5.47822, 26.5856, -2.5], "size": [1, 1, 0], "uv": [0, 6]}
				]
			},
			{
				"name": "wingLeft",
				"parent": "head",
				"pivot": [1, 25, -2],
				"rotation": [0, -20, 20]
			},
			{
				"name": "earLeft",
				"parent": "wingLeft",
				"pivot": [1, 21, -2],
				"rotation": [0, 180, 0]
			},
			{
				"name": "bone49",
				"parent": "earLeft",
				"pivot": [-3, 26, -2],
				"rotation": [0, 0, -45],
				"cubes": [
					{"origin": [-3, 25, -2], "size": [1, 2, 1], "uv": [42, 64]}
				]
			},
			{
				"name": "bone50",
				"parent": "earLeft",
				"pivot": [-3, 26, -2],
				"rotation": [0, 0, -30],
				"cubes": [
					{"origin": [-3.25882, 26.96593, -2], "size": [1, 1, 1], "uv": [64, 0]}
				]
			},
			{
				"name": "bone51",
				"parent": "earLeft",
				"pivot": [-3, 26, -2],
				"rotation": [0, 0, -15],
				"cubes": [
					{"origin": [-3.75882, 27.83195, -2], "size": [1, 1, 1], "uv": [50, 61]}
				]
			},
			{
				"name": "bone52",
				"parent": "earLeft",
				"pivot": [-3, 26, -2],
				"cubes": [
					{"origin": [-4.46593, 28.53906, -2], "size": [1, 2, 1], "uv": [64, 20]}
				]
			},
			{
				"name": "bone53",
				"parent": "earLeft",
				"pivot": [-3, 26, -2],
				"rotation": [0, 0, 90],
				"cubes": [
					{"origin": [-7.53906, 21.53407, -2], "size": [1, 3, 1], "uv": [61, 63]}
				]
			},
			{
				"name": "bone54",
				"parent": "earLeft",
				"pivot": [-3, 26, -2],
				"rotation": [0, 0, 60],
				"cubes": [
					{"origin": [-8.29788, 23.90192, -1.5], "size": [2, 2, 0], "uv": [58, 56]}
				]
			},
			{
				"name": "bone55",
				"parent": "earLeft",
				"pivot": [-3, 26, -2],
				"rotation": [0, 0, 20],
				"cubes": [
					{"origin": [-6.58936, 26.0447, -1.5], "size": [2, 3, 0], "uv": [8, 64]}
				]
			},
			{
				"name": "bone56",
				"parent": "earLeft",
				"pivot": [-3, 26, -2],
				"cubes": [
					{"origin": [-4.47822, 26.5856, -1.5], "size": [1, 1, 0], "uv": [0, 5]}
				]
			},
			{
				"name": "bz",
				"parent": "head",
				"pivot": [0, 18, 0]
			},
			{
				"name": "bone75",
				"parent": "bz",
				"pivot": [-1, 18, 0],
				"rotation": [0, 0, 7.5],
				"cubes": [
					{"origin": [-6, 24, -3], "size": [1, 1, 1], "uv": [47, 0]},
					{"origin": [-6, 24, -3], "size": [1, 1, 1], "uv": [42, 41], "inflate": 0.15}
				]
			},
			{
				"name": "bone76",
				"parent": "bone75",
				"pivot": [-1, 18, 0],
				"rotation": [0, 0, 7.5],
				"cubes": [
					{"origin": [-7, 19, -3], "size": [1, 5, 1], "uv": [63, 10]},
					{"origin": [-7, 15, -3], "size": [1, 5, 1], "uv": [20, 58], "inflate": 0.1},
					{"origin": [-7, 12, -3], "size": [1, 5, 1], "uv": [51, 11], "inflate": 0.2}
				]
			},
			{
				"name": "hu",
				"parent": "bz",
				"pivot": [-2, 15, 0],
				"rotation": [0, 0, 12.5]
			},
			{
				"name": "bone87",
				"parent": "hu",
				"pivot": [-2, 16, 0],
				"rotation": [25, 0, 0],
				"cubes": [
					{"origin": [-7.9763, 24.30384, 1.90853], "size": [1, 1.5, 3], "uv": [58, 36]}
				]
			},
			{
				"name": "bone88",
				"parent": "hu",
				"pivot": [-2, 15, 0],
				"rotation": [-25, 0, 0],
				"cubes": [
					{"origin": [-7.9763, 22.30384, -8.90853], "size": [1, 1.5, 3], "uv": [18, 32]}
				]
			},
			{
				"name": "bone89",
				"parent": "hu",
				"pivot": [-2, 15, 0],
				"cubes": [
					{"origin": [-7.9763, 23.78356, -3], "size": [1, 1, 2], "uv": [62, 40]}
				]
			},
			{
				"name": "bone90",
				"parent": "hu",
				"pivot": [-2, 15, 0],
				"rotation": [15, 0, 0],
				"cubes": [
					{"origin": [-7.9763, 21.79094, 0.94398], "size": [1, 3, 1], "uv": [63, 16]}
				]
			},
			{
				"name": "bone91",
				"parent": "hu",
				"pivot": [-2, 15, 0],
				"rotation": [-15, 0, 0],
				"cubes": [
					{"origin": [-7.9763, 20.79094, -5.94398], "size": [1, 3, 1], "uv": [62, 56]}
				]
			},
			{
				"name": "hu2",
				"parent": "bz",
				"pivot": [2, 15, 0],
				"rotation": [0, 0, -12.5]
			},
			{
				"name": "bone92",
				"parent": "hu2",
				"pivot": [2, 16, 0],
				"rotation": [25, 0, 0],
				"cubes": [
					{"origin": [6.9763, 24.30384, 1.90853], "size": [1, 1.5, 3], "uv": [0, 20]}
				]
			},
			{
				"name": "bone93",
				"parent": "hu2",
				"pivot": [2, 15, 0],
				"rotation": [-25, 0, 0],
				"cubes": [
					{"origin": [6.9763, 22.30384, -8.90853], "size": [1, 1.5, 3], "uv": [0, 16]}
				]
			},
			{
				"name": "bone94",
				"parent": "hu2",
				"pivot": [2, 15, 0],
				"cubes": [
					{"origin": [6.9763, 23.78356, -3], "size": [1, 1, 2], "uv": [26, 60]}
				]
			},
			{
				"name": "bone95",
				"parent": "hu2",
				"pivot": [2, 15, 0],
				"rotation": [15, 0, 0],
				"cubes": [
					{"origin": [6.9763, 21.79094, 0.94398], "size": [1, 3, 1], "uv": [51, 17]}
				]
			},
			{
				"name": "bone96",
				"parent": "hu2",
				"pivot": [2, 15, 0],
				"rotation": [-15, 0, 0],
				"cubes": [
					{"origin": [6.9763, 20.79094, -5.94398], "size": [1, 3, 1], "uv": [32, 8]}
				]
			},
			{
				"name": "bz2",
				"parent": "head",
				"pivot": [0, 18, 0]
			},
			{
				"name": "bone77",
				"parent": "bz2",
				"pivot": [1, 18, 0],
				"rotation": [0, 0, -7.5],
				"cubes": [
					{"origin": [5, 24, -3], "size": [1, 1, 1], "uv": [33, 41]},
					{"origin": [5, 24, -3], "size": [1, 1, 1], "uv": [38, 13], "inflate": 0.15},
					{"origin": [5, 22.45, -3], "size": [1, 1, 1], "uv": [24, 22], "inflate": 0.15}
				]
			},
			{
				"name": "bone78",
				"parent": "bone77",
				"pivot": [1, 18, 0],
				"rotation": [0, 0, -7.5],
				"cubes": [
					{"origin": [6, 19, -3], "size": [1, 5, 1], "uv": [44, 25]},
					{"origin": [6, 15, -3], "size": [1, 5, 1], "uv": [0, 32], "inflate": 0.1},
					{"origin": [6, 12, -3], "size": [1, 5, 1], "uv": [24, 16], "inflate": 0.2}
				]
			},
			{
				"name": "armRight",
				"pivot": [-3, 17.5, 0],
				"rotation": [0, 0, 25],
				"cubes": [
					{"origin": [-5, 8.5, -1], "size": [2, 8, 2], "uv": [12, 58]},
					{"origin": [-5.5, 9.5, -1.5], "size": [3, 8, 3], "uv": [29, 13]}
				]
			},
			{
				"name": "armLeft",
				"pivot": [3, 17.5, 0],
				"rotation": [0, 0, -25],
				"cubes": [
					{"origin": [2.5, 12.5, -1.5], "size": [3, 5, 3], "uv": [24, 41]},
					{"origin": [3, 8.5, -1], "size": [2, 8, 2], "uv": [58, 0]},
					{"origin": [3, 9.5, -1], "size": [2, 3, 2], "uv": [0, 0], "inflate": 0.1}
				]
			},
			{
				"name": "body",
				"pivot": [0, 10.5, 0],
				"cubes": [
					{"origin": [-3, 8.999, -3], "size": [6, 9, 6], "uv": [0, 32]},
					{"origin": [-3, 8.999, -3], "size": [6, 9, 6], "uv": [26, 26], "inflate": 0.1}
				]
			},
			{
				"name": "sittingRotationSkirt",
				"parent": "body",
				"pivot": [0, 10.5, 0]
			},
			{
				"name": "bone",
				"parent": "sittingRotationSkirt",
				"pivot": [0, 15.5, 0]
			},
			{
				"name": "bone2",
				"parent": "bone",
				"pivot": [0, 5, 0]
			},
			{
				"name": "bone3",
				"parent": "bone2",
				"pivot": [0, 5, 5.73769],
				"rotation": [34, 0, 0]
			},
			{
				"name": "bone4",
				"parent": "bone3",
				"pivot": [0, 5, 5.73769],
				"rotation": [0, -45, 0],
				"cubes": [
					{"origin": [-1, 5, 4.73769], "size": [2, 9, 2], "uv": [55, 11]}
				]
			},
			{
				"name": "bone5",
				"parent": "bone",
				"pivot": [0, 5, 0],
				"rotation": [0, -27.69231, 0]
			},
			{
				"name": "bone6",
				"parent": "bone5",
				"pivot": [0, 5, 5.73769],
				"rotation": [34, 0, 0]
			},
			{
				"name": "bone7",
				"parent": "bone6",
				"pivot": [0, 5, 5.73769],
				"rotation": [0, -45, 0],
				"cubes": [
					{"origin": [-1, 5, 4.73769], "size": [2, 9, 2], "uv": [40, 52]}
				]
			},
			{
				"name": "bone8",
				"parent": "bone",
				"pivot": [0, 5, 0],
				"rotation": [0, -55.38462, 0]
			},
			{
				"name": "bone9",
				"parent": "bone8",
				"pivot": [0, 5, 5.73769],
				"rotation": [34, 0, 0]
			},
			{
				"name": "bone10",
				"parent": "bone9",
				"pivot": [0, 5, 5.73769],
				"rotation": [0, -45, 0],
				"cubes": [
					{"origin": [-1, 5, 4.73769], "size": [2, 9, 2], "uv": [32, 52]}
				]
			},
			{
				"name": "bone11",
				"parent": "bone",
				"pivot": [0, 5, 0],
				"rotation": [0, -83.07692, 0]
			},
			{
				"name": "bone12",
				"parent": "bone11",
				"pivot": [0, 5, 5.73769],
				"rotation": [34, 0, 0]
			},
			{
				"name": "bone13",
				"parent": "bone12",
				"pivot": [0, 5, 5.73769],
				"rotation": [0, -45, 0],
				"cubes": [
					{"origin": [-1, 5, 4.73769], "size": [2, 9, 2], "uv": [50, 50]}
				]
			},
			{
				"name": "bone14",
				"parent": "bone",
				"pivot": [0, 5, 0],
				"rotation": [0, -110.76923, 0]
			},
			{
				"name": "bone15",
				"parent": "bone14",
				"pivot": [0, 5, 5.73769],
				"rotation": [34, 0, 0]
			},
			{
				"name": "bone16",
				"parent": "bone15",
				"pivot": [0, 5, 5.73769],
				"rotation": [0, -45, 0],
				"cubes": [
					{"origin": [-1, 5, 4.73769], "size": [2, 9, 2], "uv": [50, 32]}
				]
			},
			{
				"name": "bone17",
				"parent": "bone",
				"pivot": [0, 5, 0],
				"rotation": [0, -138.46154, 0]
			},
			{
				"name": "bone18",
				"parent": "bone17",
				"pivot": [0, 5, 5.73769],
				"rotation": [34, 0, 0]
			},
			{
				"name": "bone19",
				"parent": "bone18",
				"pivot": [0, 5, 5.73769],
				"rotation": [0, -45, 0],
				"cubes": [
					{"origin": [-1, 5, 4.73769], "size": [2, 9, 2], "uv": [50, 0]}
				]
			},
			{
				"name": "bone20",
				"parent": "bone",
				"pivot": [0, 5, 0],
				"rotation": [0, -166.15385, 0]
			},
			{
				"name": "bone21",
				"parent": "bone20",
				"pivot": [0, 5, 5.73769],
				"rotation": [34, 0, 0]
			},
			{
				"name": "bone22",
				"parent": "bone21",
				"pivot": [0, 5, 5.73769],
				"rotation": [0, -45, 0],
				"cubes": [
					{"origin": [-1, 5, 4.73769], "size": [2, 9, 2], "uv": [24, 49]}
				]
			},
			{
				"name": "bone23",
				"parent": "bone",
				"pivot": [0, 5, 0],
				"rotation": [0, -193.84615, 0]
			},
			{
				"name": "bone24",
				"parent": "bone23",
				"pivot": [0, 5, 5.73769],
				"rotation": [34, 0, 0]
			},
			{
				"name": "bone25",
				"parent": "bone24",
				"pivot": [0, 5, 5.73769],
				"rotation": [0, -45, 0],
				"cubes": [
					{"origin": [-1, 5, 4.73769], "size": [2, 9, 2], "uv": [49, 21]}
				]
			},
			{
				"name": "bone26",
				"parent": "bone",
				"pivot": [0, 5, 0],
				"rotation": [0, -221.53846, 0]
			},
			{
				"name": "bone27",
				"parent": "bone26",
				"pivot": [0, 5, 5.73769],
				"rotation": [34, 0, 0]
			},
			{
				"name": "bone28",
				"parent": "bone27",
				"pivot": [0, 5, 5.73769],
				"rotation": [0, -45, 0],
				"cubes": [
					{"origin": [-1, 5, 4.73769], "size": [2, 9, 2], "uv": [16, 47]}
				]
			},
			{
				"name": "bone29",
				"parent": "bone",
				"pivot": [0, 5, 0],
				"rotation": [0, -249.23077, 0]
			},
			{
				"name": "bone30",
				"parent": "bone29",
				"pivot": [0, 5, 5.73769],
				"rotation": [34, 0, 0]
			},
			{
				"name": "bone31",
				"parent": "bone30",
				"pivot": [0, 5, 5.73769],
				"rotation": [0, -45, 0],
				"cubes": [
					{"origin": [-1, 5, 4.73769], "size": [2, 9, 2], "uv": [8, 47]}
				]
			},
			{
				"name": "bone32",
				"parent": "bone",
				"pivot": [0, 5, 0],
				"rotation": [0, -276.92308, 0]
			},
			{
				"name": "bone33",
				"parent": "bone32",
				"pivot": [0, 5, 5.73769],
				"rotation": [34, 0, 0]
			},
			{
				"name": "bone34",
				"parent": "bone33",
				"pivot": [0, 5, 5.73769],
				"rotation": [0, -45, 0],
				"cubes": [
					{"origin": [-1, 5, 4.73769], "size": [2, 9, 2], "uv": [0, 47]}
				]
			},
			{
				"name": "bone35",
				"parent": "bone",
				"pivot": [0, 5, 0],
				"rotation": [0, -304.61538, 0]
			},
			{
				"name": "bone36",
				"parent": "bone35",
				"pivot": [0, 5, 5.73769],
				"rotation": [34, 0, 0]
			},
			{
				"name": "bone37",
				"parent": "bone36",
				"pivot": [0, 5, 5.73769],
				"rotation": [0, -45, 0],
				"cubes": [
					{"origin": [-1, 5, 4.73769], "size": [2, 9, 2], "uv": [44, 41]}
				]
			},
			{
				"name": "bone38",
				"parent": "bone",
				"pivot": [0, 5, 0],
				"rotation": [0, -332.30769, 0]
			},
			{
				"name": "bone39",
				"parent": "bone38",
				"pivot": [0, 5, 5.73769],
				"rotation": [34, 0, 0]
			},
			{
				"name": "bone40",
				"parent": "bone39",
				"pivot": [0, 5, 5.73769],
				"rotation": [0, -45, 0],
				"cubes": [
					{"origin": [-1, 5, 4.73769], "size": [2, 9, 2], "uv": [36, 41]}
				]
			},
			{
				"name": "chestPlate",
				"parent": "body",
				"pivot": [-3, 10.5, 2]
			},
			{
				"name": "sinFloat",
				"parent": "chestPlate",
				"pivot": [-3, 10.5, 2]
			},
			{
				"name": "xyxgm",
				"parent": "sinFloat",
				"pivot": [-3, 10.5, 2]
			},
			{
				"name": "bone58",
				"parent": "xyxgm",
				"pivot": [-3, 10.5, 2],
				"cubes": [
					{"origin": [-12, 10.5, -5.999], "size": [3, 3, 3], "uv": [0, 58]}
				]
			},
			{
				"name": "earRight2",
				"parent": "xyxgm",
				"pivot": [-2, 20, 0]
			},
			{
				"name": "bone59",
				"parent": "earRight2",
				"pivot": [-6, 25, 0],
				"rotation": [0, 0, -45],
				"cubes": [
					{"origin": [-20.14214, 18.75736, -5], "size": [1, 3, 1], "uv": [57, 63]}
				]
			},
			{
				"name": "bone60",
				"parent": "earRight2",
				"pivot": [-6, 25, 0],
				"rotation": [0, 0, -30],
				"cubes": [
					{"origin": [-18.821, 18.2076, -5], "size": [1, 1, 1], "uv": [9, 58]}
				]
			},
			{
				"name": "bone61",
				"parent": "earRight2",
				"pivot": [-6, 25, 0],
				"rotation": [0, 0, -15],
				"cubes": [
					{"origin": [-16.88495, 16.08665, -5], "size": [1, 1, 1], "uv": [56, 0]}
				]
			},
			{
				"name": "bone62",
				"parent": "earRight2",
				"pivot": [-6, 25, 0],
				"cubes": [
					{"origin": [-14.46593, 14.53906, -5], "size": [1, 2, 1], "uv": [4, 64]}
				]
			},
			{
				"name": "bone63",
				"parent": "earRight2",
				"pivot": [-6, 25, 0],
				"rotation": [0, 0, 90],
				"cubes": [
					{"origin": [2.46094, 13.53407, -5], "size": [1, 3, 1], "uv": [53, 63]}
				]
			},
			{
				"name": "bone64",
				"parent": "earRight2",
				"pivot": [-6, 25, 0],
				"rotation": [0, 0, 60],
				"cubes": [
					{"origin": [-3.53955, 10.33974, -4.5], "size": [2, 2, 0], "uv": [46, 52]}
				]
			},
			{
				"name": "bone65",
				"parent": "earRight2",
				"pivot": [-6, 25, 0],
				"rotation": [0, 0, 20],
				"cubes": [
					{"origin": [-11.72095, 10.43455, -4.5], "size": [2, 3, 0], "uv": [63, 36]}
				]
			},
			{
				"name": "bone66",
				"parent": "earRight2",
				"pivot": [-6, 25, 0],
				"cubes": [
					{"origin": [-14.47822, 12.5856, -4.5], "size": [1, 1, 0], "uv": [0, 1]}
				]
			},
			{
				"name": "earLeft2",
				"parent": "xyxgm",
				"pivot": [-19, 20, 0]
			},
			{
				"name": "bone67",
				"parent": "earLeft2",
				"pivot": [-15, 25, 0],
				"rotation": [0, 0, 45],
				"cubes": [
					{"origin": [-1.85786, 18.75736, -5], "size": [1, 3, 1], "uv": [38, 63]}
				]
			},
			{
				"name": "bone68",
				"parent": "earLeft2",
				"pivot": [-15, 25, 0],
				"rotation": [0, 0, 30],
				"cubes": [
					{"origin": [-3.179, 18.2076, -5], "size": [1, 1, 1], "uv": [38, 52]}
				]
			},
			{
				"name": "bone69",
				"parent": "earLeft2",
				"pivot": [-15, 25, 0],
				"rotation": [0, 0, 15],
				"cubes": [
					{"origin": [-5.11505, 16.08665, -5], "size": [1, 1, 1], "uv": [14, 47]}
				]
			},
			{
				"name": "bone70",
				"parent": "earLeft2",
				"pivot": [-15, 25, 0],
				"cubes": [
					{"origin": [-7.53407, 14.53906, -5], "size": [1, 2, 1], "uv": [52, 47]}
				]
			},
			{
				"name": "bone71",
				"parent": "earLeft2",
				"pivot": [-15, 25, 0],
				"rotation": [0, 0, -90],
				"cubes": [
					{"origin": [-24.46094, 13.53407, -5], "size": [1, 3, 1], "uv": [34, 63]}
				]
			},
			{
				"name": "bone72",
				"parent": "earLeft2",
				"pivot": [-15, 25, 0],
				"rotation": [0, 0, -60],
				"cubes": [
					{"origin": [-19.46045, 10.33974, -4.5], "size": [2, 2, 0], "uv": [6, 47]}
				]
			},
			{
				"name": "bone73",
				"parent": "earLeft2",
				"pivot": [-15, 25, 0],
				"rotation": [0, 0, -20],
				"cubes": [
					{"origin": [-11.27905, 10.43455, -4.5], "size": [2, 3, 0], "uv": [32, 49]}
				]
			},
			{
				"name": "bone74",
				"parent": "earLeft2",
				"pivot": [-15, 25, 0],
				"cubes": [
					{"origin": [-7.52178, 12.5856, -4.5], "size": [1, 1, 0], "uv": [0, 0]}
				]
			},
			{
				"name": "bone79",
				"parent": "body",
				"pivot": [0, 15.5, -3],
				"rotation": [-3, 0, 0]
			},
			{
				"name": "bone80",
				"parent": "bone79",
				"pivot": [0, 17, -3],
				"rotation": [0, 0, 45],
				"cubes": [
					{"origin": [-2.75, 15.75, -3.25], "size": [4, 1, 1], "uv": [32, 24]},
					{"origin": [0.25, 16.75, -3.25], "size": [1, 3, 1], "uv": [30, 63]}
				]
			},
			{
				"name": "bone81",
				"parent": "bone79",
				"pivot": [0, 15.5, -3],
				"rotation": [0, 0, -15],
				"cubes": [
					{"origin": [-0.5, 13, -3.28483], "size": [1, 3, 0], "uv": [5, 16]}
				]
			},
			{
				"name": "bone82",
				"parent": "bone79",
				"pivot": [0, 15.5, -3],
				"rotation": [0, 0, 15],
				"cubes": [
					{"origin": [-0.5, 13, -3.28483], "size": [1, 3, 0], "uv": [0, 16]}
				]
			},
			{
				"name": "bone83",
				"parent": "bone79",
				"pivot": [0, 17, -3],
				"rotation": [0, 0, 38],
				"cubes": [
					{"origin": [-3, 16, -3.5], "size": [3, 1, 1], "uv": [41, 23]}
				]
			},
			{
				"name": "bone84",
				"parent": "bone79",
				"pivot": [0, 17, -3],
				"rotation": [0, 0, -38],
				"cubes": [
					{"origin": [0, 16, -3.5], "size": [3, 1, 1], "uv": [18, 36]}
				]
			},
			{
				"name": "back",
				"parent": "body",
				"pivot": [0, 18, 3],
				"rotation": [15, 0, 0],
				"cubes": [
					{"origin": [-3, 14.999, 3], "size": [6, 3, 0], "uv": [56, 48]}
				]
			},
			{
				"name": "legLeft",
				"pivot": [2, 9, 0],
				"cubes": [
					{"origin": [0.499, 0.1, -1.5], "size": [2.75, 9, 3], "uv": [40, 0]},
					{"origin": [0.499, 0.1, -1.5], "size": [2.75, 5, 3], "uv": [57, 22], "inflate": 0.1},
					{"origin": [0.499, 0.1, -1.5], "size": [2.75, 2, 3], "uv": [55, 58], "inflate": 0.2}
				]
			},
			{
				"name": "legRight",
				"pivot": [-2, 9, 0],
				"cubes": [
					{"origin": [-3.249, 0.2, -1.5], "size": [2.75, 8.8, 3], "uv": [41, 12]},
					{"origin": [-3.249, 0.2, -1.5], "size": [2.75, 5, 3], "uv": [55, 40], "inflate": 0.1},
					{"origin": [-3.249, 0.2, -1.5], "size": [2.75, 2, 3], "uv": [58, 51], "inflate": 0.2}
				]
			},
			{
				"name": "tail",
				"pivot": [0, 8, 4],
				"rotation": [20, 0, 0],
				"cubes": [
					{"origin": [-0.5, 8, 4], "size": [1, 1, 4], "uv": [20, 60]}
				]
			},
			{
				"name": "bone57",
				"parent": "tail",
				"pivot": [0, 8, 8],
				"rotation": [-2.3654, 2.36987, 0],
				"cubes": [
					{"origin": [-0.5, 8, 8], "size": [1, 1, 4], "uv": [44, 59]}
				]
			},
			{
				"name": "bone85",
				"parent": "tail",
				"pivot": [-7, 8, 11],
				"rotation": [2.3957, 2.8974, 0],
				"cubes": [
					{"origin": [-0.453, 7.8964, 11], "size": [1, 1, 4], "uv": [32, 8]}
				]
			},
			{
				"name": "bone86",
				"parent": "tail",
				"pivot": [11, 8, 8],
				"rotation": [0, -57.5, 0],
				"cubes": [
					{"origin": [10, 8, 20], "size": [2, 1, 2], "uv": [0, 5]}
				]
			}
		]
	}
}