{
	"format_version": "1.10.0",
	"geometry.model": {
		"texturewidth": 64,
		"textureheight": 64,
		"visible_bounds_width": 3,
		"visible_bounds_height": 4,
		"visible_bounds_offset": [0, 1, 0],
		"bones": [
			{
				"name": "head",
				"pivot": [0, 18, 0],
				"cubes": [
					{"origin": [-4, 18, -4], "size": [8, 8, 8], "uv": [0, 13]}
				]
			},
			{
				"name": "blink",
				"parent": "head",
				"pivot": [0, 18, 0],
				"cubes": [
					{"origin": [-4, 18, -4.001], "size": [8, 8, 0], "uv": [24, 13]}
				]
			},
			{
				"name": "hair",
				"parent": "head",
				"pivot": [0, 18, 0],
				"cubes": [
					{"origin": [-4, 13, 4], "size": [8, 5, 0], "uv": [38, 0]}
				]
			},
			{
				"name": "bz",
				"parent": "hair",
				"pivot": [0, 16, 3],
				"rotation": [25, 0, 0],
				"cubes": [
					{"origin": [-1, 13, 7], "size": [2, 11, 1], "uv": [24, 38]}
				]
			},
			{
				"name": "bone18",
				"parent": "hair",
				"pivot": [0, 18, 0],
				"cubes": [
					{"origin": [-4, 15, -4], "size": [1, 3, 1], "uv": [18, 29]}
				]
			},
			{
				"name": "bone19",
				"parent": "hair",
				"pivot": [0, 18, 0],
				"cubes": [
					{"origin": [3, 15, -4], "size": [1, 3, 1], "uv": [0, 29]}
				]
			},
			{
				"name": "mz",
				"parent": "head",
				"pivot": [0, 18, 0],
				"rotation": [0, 5, 10]
			},
			{
				"name": "bone20",
				"parent": "mz",
				"pivot": [0, 18, 0],
				"cubes": [
					{"origin": [-8, 26, -6], "size": [13, 1, 12], "uv": [0, 0]}
				]
			},
			{
				"name": "bone21",
				"parent": "mz",
				"pivot": [0, 18, 0],
				"cubes": [
					{"origin": [-3, 27, -3], "size": [6, 3, 6], "uv": [0, 29]}
				]
			},
			{
				"name": "bone22",
				"parent": "mz",
				"pivot": [0, 18, 0],
				"cubes": [
					{"origin": [-1, 18, 0], "size": [1, 1, 1], "uv": [22, 29]}
				]
			},
			{
				"name": "armRight",
				"pivot": [-3, 17.5, 0],
				"rotation": [0, 0, 25],
				"cubes": [
					{"origin": [-5, 8.5, -1], "size": [2, 8, 2], "uv": [30, 46]},
					{"origin": [-5.5, 13.5, -1.5], "size": [3, 4, 3], "uv": [12, 38]}
				]
			},
			{
				"name": "armLeft",
				"pivot": [3, 17.5, 0],
				"rotation": [0, 0, -25],
				"cubes": [
					{"origin": [2.5, 13.5, -1.5], "size": [3, 4, 3], "uv": [38, 5]},
					{"origin": [3, 8.5, -1], "size": [2, 8, 2], "uv": [12, 45]}
				]
			},
			{
				"name": "body",
				"pivot": [0, 10.5, 0],
				"cubes": [
					{"origin": [-3, 8.999, -3], "size": [6, 9, 6], "uv": [26, 23]}
				]
			},
			{
				"name": "sittingRotationSkirt",
				"parent": "body",
				"pivot": [0, 10.5, 0]
			},
			{
				"name": "bone",
				"parent": "sittingRotationSkirt",
				"pivot": [0, 14.5, 0]
			},
			{
				"name": "bone2",
				"parent": "bone",
				"pivot": [0, 4, 0]
			},
			{
				"name": "bone3",
				"parent": "bone2",
				"pivot": [0, 4, 4.47051],
				"rotation": [10, 0, 0],
				"cubes": [
					{"origin": [-2.5, 3.65782, 4.47051], "size": [5, 8, 0], "uv": [44, 21]}
				]
			},
			{
				"name": "bone4",
				"parent": "bone3",
				"pivot": [-2.5, 3.65782, 4.47051],
				"rotation": [0, 0, 9.85108],
				"cubes": [
					{"origin": [-4.5, 3.65782, 4.46951], "size": [2, 8, 0], "uv": [4, 50]}
				]
			},
			{
				"name": "bone5",
				"parent": "bone3",
				"pivot": [2.5, 3.65782, 4.47051],
				"rotation": [0, 0, -9.85108],
				"cubes": [
					{"origin": [2.5, 3.65782, 4.47151], "size": [2, 8, 0], "uv": [0, 50]}
				]
			},
			{
				"name": "bone6",
				"parent": "bone",
				"pivot": [0, 4, 0],
				"rotation": [0, -90, 0]
			},
			{
				"name": "bone7",
				"parent": "bone6",
				"pivot": [0, 4, 4.47051],
				"rotation": [10, 0, 0],
				"cubes": [
					{"origin": [-2.5, 3.65782, 4.47051], "size": [5, 8, 0], "uv": [40, 38]}
				]
			},
			{
				"name": "bone8",
				"parent": "bone7",
				"pivot": [-2.5, 3.65782, 4.47051],
				"rotation": [0, 0, 9.85108],
				"cubes": [
					{"origin": [-4.5, 3.65782, 4.46951], "size": [2, 8, 0], "uv": [46, 46]}
				]
			},
			{
				"name": "bone9",
				"parent": "bone7",
				"pivot": [2.5, 3.65782, 4.47051],
				"rotation": [0, 0, -9.85108],
				"cubes": [
					{"origin": [2.5, 3.65782, 4.47151], "size": [2, 8, 0], "uv": [42, 46]}
				]
			},
			{
				"name": "bone10",
				"parent": "bone",
				"pivot": [0, 4, 0],
				"rotation": [0, -180, 0]
			},
			{
				"name": "bone11",
				"parent": "bone10",
				"pivot": [0, 4, 4.47051],
				"rotation": [10, 0, 0],
				"cubes": [
					{"origin": [-2.5, 3.65782, 4.47051], "size": [5, 8, 0], "uv": [40, 13]}
				]
			},
			{
				"name": "bone12",
				"parent": "bone11",
				"pivot": [-2.5, 3.65782, 4.47051],
				"rotation": [0, 0, 9.85108],
				"cubes": [
					{"origin": [-4.5, 3.65782, 4.46951], "size": [2, 8, 0], "uv": [38, 46]}
				]
			},
			{
				"name": "bone13",
				"parent": "bone11",
				"pivot": [2.5, 3.65782, 4.47051],
				"rotation": [0, 0, -9.85108],
				"cubes": [
					{"origin": [2.5, 3.65782, 4.47151], "size": [2, 8, 0], "uv": [20, 45]}
				]
			},
			{
				"name": "bone14",
				"parent": "bone",
				"pivot": [0, 4, 0],
				"rotation": [0, -270, 0]
			},
			{
				"name": "bone15",
				"parent": "bone14",
				"pivot": [0, 4, 4.47051],
				"rotation": [10, 0, 0],
				"cubes": [
					{"origin": [-2.5, 3.65782, 4.47051], "size": [5, 8, 0], "uv": [30, 38]}
				]
			},
			{
				"name": "bone16",
				"parent": "bone15",
				"pivot": [-2.5, 3.65782, 4.47051],
				"rotation": [0, 0, 9.85108],
				"cubes": [
					{"origin": [-4.5, 3.65782, 4.46951], "size": [2, 8, 0], "uv": [4, 13]}
				]
			},
			{
				"name": "bone17",
				"parent": "bone15",
				"pivot": [2.5, 3.65782, 4.47051],
				"rotation": [0, 0, -9.85108],
				"cubes": [
					{"origin": [2.5, 3.65782, 4.47151], "size": [2, 8, 0], "uv": [0, 13]}
				]
			},
			{
				"name": "legLeft",
				"pivot": [2, 9, 0],
				"cubes": [
					{"origin": [0.499, 0, -1.5], "size": [3, 9, 3], "uv": [0, 38]}
				]
			},
			{
				"name": "legRight",
				"pivot": [-2, 9, 0],
				"cubes": [
					{"origin": [-3.499, 0, -1.5], "size": [3, 9, 3], "uv": [0, 0]}
				]
			}
		]
	}
}