{
	"format_version": "1.10.0",
	"geometry.model": {
		"texturewidth": 64,
		"textureheight": 64,
		"visible_bounds_width": 3,
		"visible_bounds_height": 4,
		"visible_bounds_offset": [0, 1, 0],
		"bones": [
			{
				"name": "head",
				"pivot": [0, 18, 0],
				"cubes": [
					{"origin": [-4, 18, -4], "size": [8, 8, 8], "uv": [0, 0]}
				]
			},
			{
				"name": "blink",
				"parent": "head",
				"pivot": [0, 18, 0],
				"cubes": [
					{"origin": [-4, 18, -4.001], "size": [8, 8, 0], "uv": [24, 0]}
				]
			},
			{
				"name": "lhair",
				"parent": "head",
				"pivot": [0, 18, 0]
			},
			{
				"name": "bone18",
				"parent": "lhair",
				"pivot": [-1, 18, -1],
				"rotation": [0, 0, 12.5],
				"cubes": [
					{"origin": [-7, 24, -3], "size": [2, 1, 1], "uv": [18, 20]}
				]
			},
			{
				"name": "bone19",
				"parent": "lhair",
				"pivot": [-3, 17, 0],
				"rotation": [0, 0, 22.5],
				"cubes": [
					{"origin": [-9, 18, -3], "size": [1, 6, 1], "uv": [12, 51], "inflate": -0.15}
				]
			},
			{
				"name": "bone20",
				"parent": "lhair",
				"pivot": [-2, 18, 0],
				"rotation": [0, 0, 10],
				"cubes": [
					{"origin": [-7, 13, -3], "size": [1, 12, 1], "uv": [26, 42]}
				]
			},
			{
				"name": "bone26",
				"parent": "lhair",
				"pivot": [1, 24, 0],
				"rotation": [0, 0, 10],
				"cubes": [
					{"origin": [-6, 19, -3], "size": [1, 5, 1], "uv": [20, 51], "inflate": 0.12}
				]
			},
			{
				"name": "lhair2",
				"parent": "head",
				"pivot": [0, 18, 0]
			},
			{
				"name": "bone21",
				"parent": "lhair2",
				"pivot": [1, 18, -1],
				"rotation": [0, 0, -12.5],
				"cubes": [
					{"origin": [5, 24, -3], "size": [2, 1, 1], "uv": [9, 31]}
				]
			},
			{
				"name": "bone22",
				"parent": "lhair2",
				"pivot": [2, 18, 0],
				"rotation": [0, 0, -22.5],
				"cubes": [
					{"origin": [8, 18, -3], "size": [1, 6, 1], "uv": [16, 51], "inflate": -0.15}
				]
			},
			{
				"name": "bone23",
				"parent": "lhair2",
				"pivot": [2, 18, 0],
				"rotation": [0, 0, -10],
				"cubes": [
					{"origin": [6, 13, -3], "size": [1, 12, 1], "uv": [38, 45]}
				]
			},
			{
				"name": "bone27",
				"parent": "lhair2",
				"pivot": [0, 18, 0],
				"rotation": [0, 0, -10],
				"cubes": [
					{"origin": [6, 19, -3], "size": [1, 5, 1], "uv": [0, 16], "inflate": 0.12}
				]
			},
			{
				"name": "hair",
				"parent": "head",
				"pivot": [0, 18, 0],
				"rotation": [10, 0, 0]
			},
			{
				"name": "bone28",
				"parent": "hair",
				"pivot": [0, 18, 0],
				"rotation": [0, 0, -10],
				"cubes": [
					{"origin": [3, 11, 3], "size": [1, 7, 1], "uv": [4, 0]}
				]
			},
			{
				"name": "bone29",
				"parent": "hair",
				"pivot": [0, 18, 0],
				"rotation": [0, 0, -12.5],
				"cubes": [
					{"origin": [2, 10, 3], "size": [1, 8, 1], "uv": [46, 29]}
				]
			},
			{
				"name": "hair2",
				"parent": "head",
				"pivot": [0, 18, 0],
				"rotation": [10, 0, 0]
			},
			{
				"name": "bone30",
				"parent": "hair2",
				"pivot": [0, 18, 0],
				"rotation": [0, 0, 10],
				"cubes": [
					{"origin": [-4, 11, 3], "size": [1, 7, 1], "uv": [0, 0]}
				]
			},
			{
				"name": "bone31",
				"parent": "hair2",
				"pivot": [0, 18, 0],
				"rotation": [0, 0, 12.5],
				"cubes": [
					{"origin": [-3, 10, 3], "size": [1, 8, 1], "uv": [42, 45]}
				]
			},
			{
				"name": "hair3",
				"parent": "head",
				"pivot": [0, 18, 0]
			},
			{
				"name": "bone32",
				"parent": "hair3",
				"pivot": [0, 18, 0],
				"rotation": [10, 0, 0],
				"cubes": [
					{"origin": [-2, 12, 3], "size": [4, 6, 1], "uv": [42, 8]}
				]
			},
			{
				"name": "dm",
				"parent": "head",
				"pivot": [0, 18, 0],
				"cubes": [
					{"origin": [-0.5, 25, -3], "size": [1, 3, 1], "uv": [50, 51], "inflate": -0.2}
				]
			},
			{
				"name": "bone40",
				"parent": "dm",
				"pivot": [2, 18, 0],
				"rotation": [0, 0, -10],
				"cubes": [
					{"origin": [1, 27, -3], "size": [1, 3, 1], "uv": [51, 14], "inflate": -0.2}
				]
			},
			{
				"name": "armRight",
				"pivot": [-3, 17.5, 0],
				"rotation": [0, 0, 25],
				"cubes": [
					{"origin": [-5, 8.5, -1], "size": [2, 8, 2], "uv": [18, 41]},
					{"origin": [-5.5, 10.5, -1.5], "size": [3, 7, 3], "uv": [24, 32]}
				]
			},
			{
				"name": "bone24",
				"parent": "armRight",
				"pivot": [-3, 17.5, 0],
				"cubes": [
					{"origin": [-5, 9.5, -1], "size": [2, 7, 2], "uv": [30, 43], "inflate": 0.4}
				]
			},
			{
				"name": "armLeft",
				"pivot": [3, 17.5, 0],
				"rotation": [0, 0, -25],
				"cubes": [
					{"origin": [2.5, 10.5, -1.5], "size": [3, 7, 3], "uv": [12, 31]},
					{"origin": [3, 8.5, -1], "size": [2, 8, 2], "uv": [10, 41]}
				]
			},
			{
				"name": "bone25",
				"parent": "armLeft",
				"pivot": [3, 17.5, 0],
				"cubes": [
					{"origin": [3, 9.5, -1], "size": [2, 7, 2], "uv": [0, 43], "inflate": 0.4}
				]
			},
			{
				"name": "body",
				"pivot": [0, 10.5, 0],
				"cubes": [
					{"origin": [-3, 8.999, -3], "size": [6, 9, 6], "uv": [0, 16]}
				]
			},
			{
				"name": "sittingRotationSkirt",
				"parent": "body",
				"pivot": [0, 10.5, 0]
			},
			{
				"name": "bone",
				"parent": "sittingRotationSkirt",
				"pivot": [0, 13.5, 0]
			},
			{
				"name": "bone2",
				"parent": "bone",
				"pivot": [0, 3, 0]
			},
			{
				"name": "bone3",
				"parent": "bone2",
				"pivot": [0, 3, 4.47051],
				"rotation": [10, 0, 0],
				"cubes": [
					{"origin": [-2.5, 2.65782, 4.47051], "size": [5, 8, 0], "uv": [40, 0]}
				]
			},
			{
				"name": "bone4",
				"parent": "bone3",
				"pivot": [-2.5, 2.65782, 4.47051],
				"rotation": [0, 0, 9.85108],
				"cubes": [
					{"origin": [-4.5, 2.65782, 4.46951], "size": [2, 8, 0], "uv": [8, 51]}
				]
			},
			{
				"name": "bone5",
				"parent": "bone3",
				"pivot": [2.5, 2.65782, 4.47051],
				"rotation": [0, 0, -9.85108],
				"cubes": [
					{"origin": [2.5, 2.65782, 4.47151], "size": [2, 8, 0], "uv": [50, 43]}
				]
			},
			{
				"name": "bone6",
				"parent": "bone",
				"pivot": [0, 3, 0],
				"rotation": [0, -90, 0]
			},
			{
				"name": "bone7",
				"parent": "bone6",
				"pivot": [0, 3, 4.47051],
				"rotation": [10, 0, 0],
				"cubes": [
					{"origin": [-2.5, 2.65782, 4.47051], "size": [5, 8, 0], "uv": [36, 37]}
				]
			},
			{
				"name": "bone8",
				"parent": "bone7",
				"pivot": [-2.5, 2.65782, 4.47051],
				"rotation": [0, 0, 9.85108],
				"cubes": [
					{"origin": [-4.5, 2.65782, 4.46951], "size": [2, 8, 0], "uv": [50, 35]}
				]
			},
			{
				"name": "bone9",
				"parent": "bone7",
				"pivot": [2.5, 2.65782, 4.47051],
				"rotation": [0, 0, -9.85108],
				"cubes": [
					{"origin": [2.5, 2.65782, 4.47151], "size": [2, 8, 0], "uv": [50, 27]}
				]
			},
			{
				"name": "bone10",
				"parent": "bone",
				"pivot": [0, 3, 0],
				"rotation": [0, -180, 0]
			},
			{
				"name": "bone11",
				"parent": "bone10",
				"pivot": [0, 3, 4.47051],
				"rotation": [10, 0, 0],
				"cubes": [
					{"origin": [-2.5, 2.65782, 4.47051], "size": [5, 8, 0], "uv": [36, 29]}
				]
			},
			{
				"name": "bone12",
				"parent": "bone11",
				"pivot": [-2.5, 2.65782, 4.47051],
				"rotation": [0, 0, 9.85108],
				"cubes": [
					{"origin": [-4.5, 2.65782, 4.46951], "size": [2, 8, 0], "uv": [50, 0]}
				]
			},
			{
				"name": "bone13",
				"parent": "bone11",
				"pivot": [2.5, 2.65782, 4.47051],
				"rotation": [0, 0, -9.85108],
				"cubes": [
					{"origin": [2.5, 2.65782, 4.47151], "size": [2, 8, 0], "uv": [48, 19]}
				]
			},
			{
				"name": "bone14",
				"parent": "bone",
				"pivot": [0, 3, 0],
				"rotation": [0, -270, 0]
			},
			{
				"name": "bone15",
				"parent": "bone14",
				"pivot": [0, 3, 4.47051],
				"rotation": [10, 0, 0],
				"cubes": [
					{"origin": [-2.5, 2.65782, 4.47051], "size": [5, 8, 0], "uv": [32, 8]}
				]
			},
			{
				"name": "bone16",
				"parent": "bone15",
				"pivot": [-2.5, 2.65782, 4.47051],
				"rotation": [0, 0, 9.85108],
				"cubes": [
					{"origin": [-4.5, 2.65782, 4.46951], "size": [2, 8, 0], "uv": [46, 46]}
				]
			},
			{
				"name": "bone17",
				"parent": "bone15",
				"pivot": [2.5, 2.65782, 4.47051],
				"rotation": [0, 0, -9.85108],
				"cubes": [
					{"origin": [2.5, 2.65782, 4.47151], "size": [2, 8, 0], "uv": [46, 38]}
				]
			},
			{
				"name": "pd",
				"parent": "body",
				"pivot": [0, 10.5, 0]
			},
			{
				"name": "bone33",
				"parent": "pd",
				"pivot": [0, 10.5, 0],
				"rotation": [0, 0, -45],
				"cubes": [
					{"origin": [-12, 13.5, 3], "size": [12, 2, 0], "uv": [18, 18]}
				]
			},
			{
				"name": "bone34",
				"parent": "pd",
				"pivot": [0, 10.5, 0],
				"rotation": [0, 0, 45],
				"cubes": [
					{"origin": [-1, 13.5, 3], "size": [12, 2, 0], "uv": [18, 16]}
				]
			},
			{
				"name": "legLeft",
				"pivot": [2, 9, 0],
				"cubes": [
					{"origin": [0.499, 0, -1.5], "size": [3, 9, 3], "uv": [0, 31]}
				]
			},
			{
				"name": "legRight",
				"pivot": [-2, 9, 0],
				"cubes": [
					{"origin": [-3.499, 0, -1.5], "size": [3, 9, 3], "uv": [24, 20]}
				]
			},
			{
				"name": "bone35",
				"parent": "legRight",
				"pivot": [-2, 9, 0],
				"cubes": [
					{"origin": [-3.499, 0, -1.5], "size": [3, 6, 3], "uv": [36, 20], "inflate": 0.1}
				]
			},
			{
				"name": "bone36",
				"parent": "legRight",
				"pivot": [-2, 9, 0],
				"cubes": [
					{"origin": [-3.499, 7, -1.5], "size": [3, 1, 3], "uv": [42, 15], "inflate": 0.08}
				]
			},
			{
				"name": "bone37",
				"parent": "legRight",
				"pivot": [-2, 9, 0],
				"cubes": [
					{"origin": [-4, 7, -0.5], "size": [1, 1, 1], "uv": [6, 43]}
				]
			},
			{
				"name": "bone38",
				"parent": "bone37",
				"pivot": [-2, 9, 0],
				"cubes": [
					{"origin": [-4, 7, 0], "size": [1, 1, 1], "uv": [16, 41], "inflate": -0.2},
					{"origin": [-4, 7, 0], "size": [1, 1, 1], "uv": [21, 31], "inflate": -0.2},
					{"origin": [-4, 7, -1], "size": [1, 1, 1], "uv": [33, 20], "inflate": -0.2}
				]
			},
			{
				"name": "bone39",
				"parent": "bone38",
				"pivot": [-2, 9, 0],
				"cubes": [
					{"origin": [-4, 5, -0.5], "size": [1, 3, 1], "uv": [0, 52], "inflate": -0.16}
				]
			}
		]
	}
}