{
	"format_version": "1.10.0",
	"geometry.model": {
		"texturewidth": 128,
		"textureheight": 128,
		"visible_bounds_width": 3,
		"visible_bounds_height": 4,
		"visible_bounds_offset": [0, 1, 0],
		"bones": [
			{
				"name": "head",
				"pivot": [0, 18, 0],
				"cubes": [
					{"origin": [-4, 18, -4], "size": [8, 8, 8], "uv": [24, 8]},
					{"origin": [-4, 18, -4], "size": [8, 8, 8], "uv": [0, 0], "inflate": 0.1},
					{"origin": [-4, 24, -4], "size": [8, 3, 8], "uv": [24, 24], "inflate": 0.2}
				]
			},
			{
				"name": "blink",
				"parent": "head",
				"pivot": [0, 18, 0],
				"cubes": [
					{"origin": [-4, 18, -4.001], "size": [8, 8, 0], "uv": [24, 0]}
				]
			},
			{
				"name": "hair",
				"parent": "head",
				"pivot": [0, 10, 0],
				"rotation": [25, 0, 0],
				"cubes": [
					{"origin": [-4, 9, -1], "size": [8, 8, 8], "uv": [0, 16]}
				]
			},
			{
				"name": "armRight",
				"pivot": [-3, 17.5, 0],
				"rotation": [0, 0, 25],
				"cubes": [
					{"origin": [-5, 8.5, -1], "size": [2, 8, 2], "uv": [28, 50]},
					{"origin": [-5.5, 13.5, -1.5], "size": [3, 4, 3], "uv": [48, 24]}
				]
			},
			{
				"name": "chestPlate",
				"parent": "armRight",
				"pivot": [-3, 17.5, 0]
			},
			{
				"name": "sw",
				"parent": "chestPlate",
				"pivot": [-3, 17.5, 0]
			},
			{
				"name": "bone100",
				"parent": "sw",
				"pivot": [-3, 17.5, 0],
				"cubes": [
					{"origin": [-4.5, 8.5, -3], "size": [1, 1, 4], "uv": [18, 32], "inflate": -0.3},
					{"origin": [-4.5, 8.5, -3], "size": [1, 1, 1], "uv": [0, 6], "inflate": -0.085},
					{"origin": [-4, 8.5, -14], "size": [0, 1, 12], "uv": [0, 35]}
				]
			},
			{
				"name": "armLeft",
				"pivot": [3, 17.5, 0],
				"rotation": [0, 0, -25],
				"cubes": [
					{"origin": [2.5, 13.5, -1.5], "size": [3, 4, 3], "uv": [48, 9]},
					{"origin": [3, 8.5, -1], "size": [2, 8, 2], "uv": [20, 50]},
					{"origin": [3, 9.5, -1], "size": [2, 4, 2], "uv": [0, 0], "inflate": 0.1}
				]
			},
			{
				"name": "body",
				"pivot": [0, 10.5, 0],
				"cubes": [
					{"origin": [-3, 8.999, -3], "size": [6, 9, 6], "uv": [24, 35]},
					{"origin": [-3, 8.999, -3], "size": [6, 9, 6], "uv": [0, 32], "inflate": 0.1}
				]
			},
			{
				"name": "sittingRotationSkirt",
				"parent": "body",
				"pivot": [0, 10.5, 0]
			},
			{
				"name": "bone",
				"parent": "sittingRotationSkirt",
				"pivot": [0, 15.5, 0]
			},
			{
				"name": "bone2",
				"parent": "bone",
				"pivot": [0, 5, 0]
			},
			{
				"name": "bone3",
				"parent": "bone2",
				"pivot": [0, 5, 5.27792],
				"rotation": [30, 0, 0]
			},
			{
				"name": "bone4",
				"parent": "bone3",
				"pivot": [0, 5, 5.27792],
				"rotation": [0, -45, 0],
				"cubes": [
					{"origin": [-1, 5, 4.27792], "size": [2, 7, 2], "uv": [16, 69]}
				]
			},
			{
				"name": "bone5",
				"parent": "bone",
				"pivot": [0, 5, 0],
				"rotation": [0, -30, 0]
			},
			{
				"name": "bone6",
				"parent": "bone5",
				"pivot": [0, 5, 5.27792],
				"rotation": [30, 0, 0]
			},
			{
				"name": "bone7",
				"parent": "bone6",
				"pivot": [0, 5, 5.27792],
				"rotation": [0, -45, 0],
				"cubes": [
					{"origin": [-1, 5, 4.27792], "size": [2, 7, 2], "uv": [0, 69]}
				]
			},
			{
				"name": "bone8",
				"parent": "bone",
				"pivot": [0, 5, 0],
				"rotation": [0, -60, 0]
			},
			{
				"name": "bone9",
				"parent": "bone8",
				"pivot": [0, 5, 5.27792],
				"rotation": [30, 0, 0]
			},
			{
				"name": "bone10",
				"parent": "bone9",
				"pivot": [0, 5, 5.27792],
				"rotation": [0, -45, 0],
				"cubes": [
					{"origin": [-1, 5, 4.27792], "size": [2, 7, 2], "uv": [40, 68]}
				]
			},
			{
				"name": "bone11",
				"parent": "bone",
				"pivot": [0, 5, 0],
				"rotation": [0, -90, 0]
			},
			{
				"name": "bone12",
				"parent": "bone11",
				"pivot": [0, 5, 5.27792],
				"rotation": [30, 0, 0]
			},
			{
				"name": "bone13",
				"parent": "bone12",
				"pivot": [0, 5, 5.27792],
				"rotation": [0, -45, 0],
				"cubes": [
					{"origin": [-1, 5, 4.27792], "size": [2, 7, 2], "uv": [32, 68]}
				]
			},
			{
				"name": "bone14",
				"parent": "bone",
				"pivot": [0, 5, 0],
				"rotation": [0, -120, 0]
			},
			{
				"name": "bone15",
				"parent": "bone14",
				"pivot": [0, 5, 5.27792],
				"rotation": [30, 0, 0]
			},
			{
				"name": "bone16",
				"parent": "bone15",
				"pivot": [0, 5, 5.27792],
				"rotation": [0, -45, 0],
				"cubes": [
					{"origin": [-1, 5, 4.27792], "size": [2, 7, 2], "uv": [68, 0]}
				]
			},
			{
				"name": "bone17",
				"parent": "bone",
				"pivot": [0, 5, 0],
				"rotation": [0, -150, 0]
			},
			{
				"name": "bone18",
				"parent": "bone17",
				"pivot": [0, 5, 5.27792],
				"rotation": [30, 0, 0]
			},
			{
				"name": "bone19",
				"parent": "bone18",
				"pivot": [0, 5, 5.27792],
				"rotation": [0, -45, 0],
				"cubes": [
					{"origin": [-1, 5, 4.27792], "size": [2, 7, 2], "uv": [67, 67]}
				]
			},
			{
				"name": "bone20",
				"parent": "bone",
				"pivot": [0, 5, 0],
				"rotation": [0, -180, 0]
			},
			{
				"name": "bone21",
				"parent": "bone20",
				"pivot": [0, 5, 5.27792],
				"rotation": [30, 0, 0]
			},
			{
				"name": "bone22",
				"parent": "bone21",
				"pivot": [0, 5, 5.27792],
				"rotation": [0, -45, 0],
				"cubes": [
					{"origin": [-1, 5, 4.27792], "size": [2, 7, 2], "uv": [66, 27]}
				]
			},
			{
				"name": "bone23",
				"parent": "bone",
				"pivot": [0, 5, 0],
				"rotation": [0, -210, 0]
			},
			{
				"name": "bone24",
				"parent": "bone23",
				"pivot": [0, 5, 5.27792],
				"rotation": [30, 0, 0]
			},
			{
				"name": "bone25",
				"parent": "bone24",
				"pivot": [0, 5, 5.27792],
				"rotation": [0, -45, 0],
				"cubes": [
					{"origin": [-1, 5, 4.27792], "size": [2, 7, 2], "uv": [8, 66]}
				]
			},
			{
				"name": "bone26",
				"parent": "bone",
				"pivot": [0, 5, 0],
				"rotation": [0, -240, 0]
			},
			{
				"name": "bone27",
				"parent": "bone26",
				"pivot": [0, 5, 5.27792],
				"rotation": [30, 0, 0]
			},
			{
				"name": "bone28",
				"parent": "bone27",
				"pivot": [0, 5, 5.27792],
				"rotation": [0, -45, 0],
				"cubes": [
					{"origin": [-1, 5, 4.27792], "size": [2, 7, 2], "uv": [65, 18]}
				]
			},
			{
				"name": "bone29",
				"parent": "bone",
				"pivot": [0, 5, 0],
				"rotation": [0, -270, 0]
			},
			{
				"name": "bone30",
				"parent": "bone29",
				"pivot": [0, 5, 5.27792],
				"rotation": [30, 0, 0]
			},
			{
				"name": "bone31",
				"parent": "bone30",
				"pivot": [0, 5, 5.27792],
				"rotation": [0, -45, 0],
				"cubes": [
					{"origin": [-1, 5, 4.27792], "size": [2, 7, 2], "uv": [63, 47]}
				]
			},
			{
				"name": "bone32",
				"parent": "bone",
				"pivot": [0, 5, 0],
				"rotation": [0, -300, 0]
			},
			{
				"name": "bone33",
				"parent": "bone32",
				"pivot": [0, 5, 5.27792],
				"rotation": [30, 0, 0]
			},
			{
				"name": "bone34",
				"parent": "bone33",
				"pivot": [0, 5, 5.27792],
				"rotation": [0, -45, 0],
				"cubes": [
					{"origin": [-1, 5, 4.27792], "size": [2, 7, 2], "uv": [63, 38]}
				]
			},
			{
				"name": "bone35",
				"parent": "bone",
				"pivot": [0, 5, 0],
				"rotation": [0, -330, 0]
			},
			{
				"name": "bone36",
				"parent": "bone35",
				"pivot": [0, 5, 5.27792],
				"rotation": [30, 0, 0]
			},
			{
				"name": "bone37",
				"parent": "bone36",
				"pivot": [0, 5, 5.27792],
				"rotation": [0, -45, 0],
				"cubes": [
					{"origin": [-1, 5, 4.27792], "size": [2, 7, 2], "uv": [63, 9]}
				]
			},
			{
				"name": "bone38",
				"parent": "sittingRotationSkirt",
				"pivot": [0, 14.5, 0]
			},
			{
				"name": "bone39",
				"parent": "bone38",
				"pivot": [0, 4, 0]
			},
			{
				"name": "bone40",
				"parent": "bone39",
				"pivot": [0, 4, 5.27792],
				"rotation": [30, 0, 0]
			},
			{
				"name": "bone41",
				"parent": "bone40",
				"pivot": [0, 4, 5.27792],
				"rotation": [0, -45, 0],
				"cubes": [
					{"origin": [-1, 4, 4.27792], "size": [2, 7, 2], "uv": [50, 62]}
				]
			},
			{
				"name": "bone42",
				"parent": "bone38",
				"pivot": [0, 4, 0],
				"rotation": [0, -30, 0]
			},
			{
				"name": "bone43",
				"parent": "bone42",
				"pivot": [0, 4, 5.27792],
				"rotation": [30, 0, 0]
			},
			{
				"name": "bone44",
				"parent": "bone43",
				"pivot": [0, 4, 5.27792],
				"rotation": [0, -45, 0],
				"cubes": [
					{"origin": [-1, 4, 4.27792], "size": [2, 7, 2], "uv": [61, 60]}
				]
			},
			{
				"name": "bone45",
				"parent": "bone38",
				"pivot": [0, 4, 0],
				"rotation": [0, -60, 0]
			},
			{
				"name": "bone46",
				"parent": "bone45",
				"pivot": [0, 4, 5.27792],
				"rotation": [30, 0, 0]
			},
			{
				"name": "bone47",
				"parent": "bone46",
				"pivot": [0, 4, 5.27792],
				"rotation": [0, -45, 0],
				"cubes": [
					{"origin": [-1, 4, 4.27792], "size": [2, 7, 2], "uv": [26, 60]}
				]
			},
			{
				"name": "bone48",
				"parent": "bone38",
				"pivot": [0, 4, 0],
				"rotation": [0, -90, 0]
			},
			{
				"name": "bone49",
				"parent": "bone48",
				"pivot": [0, 4, 5.27792],
				"rotation": [30, 0, 0]
			},
			{
				"name": "bone50",
				"parent": "bone49",
				"pivot": [0, 4, 5.27792],
				"rotation": [0, -45, 0],
				"cubes": [
					{"origin": [-1, 4, 4.27792], "size": [2, 7, 2], "uv": [18, 60]}
				]
			},
			{
				"name": "bone51",
				"parent": "bone38",
				"pivot": [0, 4, 0],
				"rotation": [0, -120, 0]
			},
			{
				"name": "bone52",
				"parent": "bone51",
				"pivot": [0, 4, 5.27792],
				"rotation": [30, 0, 0]
			},
			{
				"name": "bone53",
				"parent": "bone52",
				"pivot": [0, 4, 5.27792],
				"rotation": [0, -45, 0],
				"cubes": [
					{"origin": [-1, 4, 4.27792], "size": [2, 7, 2], "uv": [60, 0]}
				]
			},
			{
				"name": "bone54",
				"parent": "bone38",
				"pivot": [0, 4, 0],
				"rotation": [0, -150, 0]
			},
			{
				"name": "bone55",
				"parent": "bone54",
				"pivot": [0, 4, 5.27792],
				"rotation": [30, 0, 0]
			},
			{
				"name": "bone56",
				"parent": "bone55",
				"pivot": [0, 4, 5.27792],
				"rotation": [0, -45, 0],
				"cubes": [
					{"origin": [-1, 4, 4.27792], "size": [2, 7, 2], "uv": [0, 60]}
				]
			},
			{
				"name": "bone57",
				"parent": "bone38",
				"pivot": [0, 4, 0],
				"rotation": [0, -180, 0]
			},
			{
				"name": "bone58",
				"parent": "bone57",
				"pivot": [0, 4, 5.27792],
				"rotation": [30, 0, 0]
			},
			{
				"name": "bone59",
				"parent": "bone58",
				"pivot": [0, 4, 5.27792],
				"rotation": [0, -45, 0],
				"cubes": [
					{"origin": [-1, 4, 4.27792], "size": [2, 7, 2], "uv": [42, 59]}
				]
			},
			{
				"name": "bone60",
				"parent": "bone38",
				"pivot": [0, 4, 0],
				"rotation": [0, -210, 0]
			},
			{
				"name": "bone61",
				"parent": "bone60",
				"pivot": [0, 4, 5.27792],
				"rotation": [30, 0, 0]
			},
			{
				"name": "bone62",
				"parent": "bone61",
				"pivot": [0, 4, 5.27792],
				"rotation": [0, -45, 0],
				"cubes": [
					{"origin": [-1, 4, 4.27792], "size": [2, 7, 2], "uv": [34, 59]}
				]
			},
			{
				"name": "bone63",
				"parent": "bone38",
				"pivot": [0, 4, 0],
				"rotation": [0, -240, 0]
			},
			{
				"name": "bone64",
				"parent": "bone63",
				"pivot": [0, 4, 5.27792],
				"rotation": [30, 0, 0]
			},
			{
				"name": "bone65",
				"parent": "bone64",
				"pivot": [0, 4, 5.27792],
				"rotation": [0, -45, 0],
				"cubes": [
					{"origin": [-1, 4, 4.27792], "size": [2, 7, 2], "uv": [58, 29]}
				]
			},
			{
				"name": "bone66",
				"parent": "bone38",
				"pivot": [0, 4, 0],
				"rotation": [0, -270, 0]
			},
			{
				"name": "bone67",
				"parent": "bone66",
				"pivot": [0, 4, 5.27792],
				"rotation": [30, 0, 0]
			},
			{
				"name": "bone68",
				"parent": "bone67",
				"pivot": [0, 4, 5.27792],
				"rotation": [0, -45, 0],
				"cubes": [
					{"origin": [-1, 4, 4.27792], "size": [2, 7, 2], "uv": [57, 16]}
				]
			},
			{
				"name": "bone69",
				"parent": "bone38",
				"pivot": [0, 4, 0],
				"rotation": [0, -300, 0]
			},
			{
				"name": "bone70",
				"parent": "bone69",
				"pivot": [0, 4, 5.27792],
				"rotation": [30, 0, 0]
			},
			{
				"name": "bone71",
				"parent": "bone70",
				"pivot": [0, 4, 5.27792],
				"rotation": [0, -45, 0],
				"cubes": [
					{"origin": [-1, 4, 4.27792], "size": [2, 7, 2], "uv": [10, 57]}
				]
			},
			{
				"name": "bone72",
				"parent": "bone38",
				"pivot": [0, 4, 0],
				"rotation": [0, -330, 0]
			},
			{
				"name": "bone73",
				"parent": "bone72",
				"pivot": [0, 4, 5.27792],
				"rotation": [30, 0, 0]
			},
			{
				"name": "bone74",
				"parent": "bone73",
				"pivot": [0, 4, 5.27792],
				"rotation": [0, -45, 0],
				"cubes": [
					{"origin": [-1, 4, 4.27792], "size": [2, 7, 2], "uv": [55, 53]}
				]
			},
			{
				"name": "pf",
				"parent": "body",
				"pivot": [0, 19.5, 0]
			},
			{
				"name": "bone75",
				"parent": "pf",
				"pivot": [0, 17.5, 0]
			},
			{
				"name": "bone76",
				"parent": "bone75",
				"pivot": [0, 7, 0]
			},
			{
				"name": "bone77",
				"parent": "bone76",
				"pivot": [0, 7, 4.90126],
				"rotation": [33, 0, 0],
				"cubes": [
					{"origin": [-3, 6.37936, 8.48924], "size": [6, 9, 0], "uv": [48, 0]}
				]
			},
			{
				"name": "bone78",
				"parent": "bone77",
				"pivot": [-3, 6.37936, 4.90126],
				"rotation": [0, 0, 18.07851],
				"cubes": [
					{"origin": [-5, 6.37936, 8.48824], "size": [2, 9, 0], "uv": [62, 69]}
				]
			},
			{
				"name": "bone79",
				"parent": "bone77",
				"pivot": [3, 6.37936, 4.90126],
				"rotation": [0, 0, -18.07851],
				"cubes": [
					{"origin": [3, 6.37936, 8.49024], "size": [2, 9, 0], "uv": [58, 69]}
				]
			},
			{
				"name": "bone80",
				"parent": "bone75",
				"pivot": [0, 7, 0],
				"rotation": [0, -60, 0]
			},
			{
				"name": "bone81",
				"parent": "bone80",
				"pivot": [0, 7, 4.90126],
				"rotation": [33, 0, 0],
				"cubes": [
					{"origin": [-1, 6.37936, 8.48924], "size": [4, 9, 0], "uv": [55, 44]}
				]
			},
			{
				"name": "bone82",
				"parent": "bone81",
				"pivot": [-3, 6.37936, 4.90126],
				"rotation": [0, 0, 18.07851]
			},
			{
				"name": "bone83",
				"parent": "bone81",
				"pivot": [3, 6.37936, 4.90126],
				"rotation": [0, 0, -18.07851],
				"cubes": [
					{"origin": [3, 6.37936, 8.49024], "size": [2, 9, 0], "uv": [28, 69]}
				]
			},
			{
				"name": "bone84",
				"parent": "bone75",
				"pivot": [0, 7, 0],
				"rotation": [0, -120, 0]
			},
			{
				"name": "bone85",
				"parent": "bone84",
				"pivot": [0, 7, 4.90126],
				"rotation": [33, 0, 0]
			},
			{
				"name": "bone86",
				"parent": "bone85",
				"pivot": [-3, 6.37936, 4.90126],
				"rotation": [0, 0, 18.07851]
			},
			{
				"name": "bone87",
				"parent": "bone85",
				"pivot": [3, 6.37936, 4.90126],
				"rotation": [0, 0, -18.07851]
			},
			{
				"name": "bone88",
				"parent": "bone75",
				"pivot": [0, 7, 0],
				"rotation": [0, -180, 0]
			},
			{
				"name": "bone89",
				"parent": "bone88",
				"pivot": [0, 7, 4.90126],
				"rotation": [33, 0, 0]
			},
			{
				"name": "bone90",
				"parent": "bone89",
				"pivot": [-3, 6.37936, 4.90126],
				"rotation": [0, 0, 18.07851]
			},
			{
				"name": "bone91",
				"parent": "bone89",
				"pivot": [3, 6.37936, 4.90126],
				"rotation": [0, 0, -18.07851]
			},
			{
				"name": "bone92",
				"parent": "bone75",
				"pivot": [0, 7, 0],
				"rotation": [0, -240, 0]
			},
			{
				"name": "bone93",
				"parent": "bone92",
				"pivot": [0, 7, 4.90126],
				"rotation": [33, 0, 0]
			},
			{
				"name": "bone94",
				"parent": "bone93",
				"pivot": [-3, 6.37936, 4.90126],
				"rotation": [0, 0, 18.07851]
			},
			{
				"name": "bone95",
				"parent": "bone93",
				"pivot": [3, 6.37936, 4.90126],
				"rotation": [0, 0, -18.07851]
			},
			{
				"name": "bone96",
				"parent": "bone75",
				"pivot": [0, 7, 0],
				"rotation": [0, -300, 0]
			},
			{
				"name": "bone97",
				"parent": "bone96",
				"pivot": [0, 7, 4.90126],
				"rotation": [33, 0, 0],
				"cubes": [
					{"origin": [-3, 6.37936, 8.48924], "size": [4, 9, 0], "uv": [36, 50]}
				]
			},
			{
				"name": "bone98",
				"parent": "bone97",
				"pivot": [-3, 6.37936, 4.90126],
				"rotation": [0, 0, 18.07851],
				"cubes": [
					{"origin": [-5, 6.37936, 8.48824], "size": [2, 9, 0], "uv": [24, 69]}
				]
			},
			{
				"name": "bone99",
				"parent": "bone97",
				"pivot": [3, 6.37936, 4.90126],
				"rotation": [0, 0, -18.07851]
			},
			{
				"name": "legLeft",
				"pivot": [2, 9, 0],
				"cubes": [
					{"origin": [0.499, 0.1, -1.5], "size": [2.75, 9, 3], "uv": [0, 48]},
					{"origin": [0.499, 7.1, -1.5], "size": [2.75, 1, 3], "uv": [63, 56], "inflate": 0.1},
					{"origin": [0.499, 0.1, -1.5], "size": [2.75, 6, 3], "uv": [48, 35], "inflate": 0.2}
				]
			},
			{
				"name": "legRight",
				"pivot": [-2, 9, 0],
				"cubes": [
					{"origin": [-3.249, 0.2, -1.5], "size": [2.75, 9, 3], "uv": [45, 47]},
					{"origin": [-3.249, 0.2, -1.5], "size": [2.75, 6, 3], "uv": [10, 48], "inflate": 0.2}
				]
			}
		]
	}
}