{
	"format_version": "1.10.0",
	"geometry.model": {
		"texturewidth": 64,
		"textureheight": 64,
		"visible_bounds_width": 3,
		"visible_bounds_height": 4,
		"visible_bounds_offset": [0, 1, 0],
		"bones": [
			{
				"name": "head",
				"pivot": [0, 18, 0],
				"cubes": [
					{"origin": [-4, 18, -4], "size": [8, 8, 8], "uv": [0, 0]}
				]
			},
			{
				"name": "blink",
				"parent": "head",
				"pivot": [0, 18, 0],
				"cubes": [
					{"origin": [-4, 18, -4.001], "size": [8, 8, 0], "uv": [24, 0]}
				]
			},
			{
				"name": "hair",
				"parent": "head",
				"pivot": [0, 18, 0]
			},
			{
				"name": "bone17",
				"parent": "hair",
				"pivot": [0, 18, 0],
				"cubes": [
					{"origin": [-4, 15, 4], "size": [8, 3, 0], "uv": [36, 19]}
				]
			},
			{
				"name": "hair2",
				"parent": "head",
				"pivot": [0, 15, 0],
				"rotation": [7, 0, 0],
				"cubes": [
					{"origin": [-4, 11, 4], "size": [8, 4, 0], "uv": [33, 34]}
				]
			},
			{
				"name": "lbianzi",
				"parent": "head",
				"pivot": [-1, 17, 0],
				"rotation": [0, 0, 7.5],
				"cubes": [
					{"origin": [-6, 23, -3], "size": [1, 1, 1], "uv": [4, 6]}
				]
			},
			{
				"name": "bone18",
				"parent": "lbianzi",
				"pivot": [-3, 15, 0],
				"rotation": [0, 0, 15],
				"cubes": [
					{"origin": [-9, 16, -3], "size": [1, 6, 1], "uv": [45, 10]}
				]
			},
			{
				"name": "rb",
				"parent": "head",
				"pivot": [1, 18, 0],
				"rotation": [0, 0, -10],
				"cubes": [
					{"origin": [5, 23, -3], "size": [1, 1, 1], "uv": [0, 6]}
				]
			},
			{
				"name": "bone19",
				"parent": "rb",
				"pivot": [2, 17, 0],
				"rotation": [0, 0, -15],
				"cubes": [
					{"origin": [7, 16, -3], "size": [1, 6, 1], "uv": [7, 45]}
				]
			},
			{
				"name": "lh",
				"parent": "head",
				"pivot": [3, 18, 0],
				"cubes": [
					{"origin": [-5, 24, -4], "size": [1, 1, 3], "uv": [14, 43]}
				]
			},
			{
				"name": "bone20",
				"parent": "lh",
				"pivot": [3, 19, 1],
				"rotation": [7.5, 0, 0],
				"cubes": [
					{"origin": [-5, 25, -1], "size": [1, 1, 3], "uv": [39, 44]}
				]
			},
			{
				"name": "bone21",
				"parent": "lh",
				"pivot": [3, 17, -1],
				"rotation": [-7.5, 0, 0],
				"cubes": [
					{"origin": [-5, 24, -7], "size": [1, 1, 3], "uv": [44, 22]}
				]
			},
			{
				"name": "bone22",
				"parent": "lh",
				"pivot": [0, 19, -1],
				"rotation": [7.5, 0, 0],
				"cubes": [
					{"origin": [-5, 22, -1], "size": [1, 2, 1], "uv": [5, 42]}
				]
			},
			{
				"name": "bone23",
				"parent": "lh",
				"pivot": [3, 18, 0],
				"rotation": [-7.5, 0, 0],
				"cubes": [
					{"origin": [-5, 22, -5], "size": [1, 2, 1], "uv": [33, 29]}
				]
			},
			{
				"name": "lh2",
				"parent": "head",
				"pivot": [-3, 18, 0],
				"cubes": [
					{"origin": [4, 24, -4], "size": [1, 1, 3], "uv": [42, 6]}
				]
			},
			{
				"name": "bone24",
				"parent": "lh2",
				"pivot": [-3, 19, 1],
				"rotation": [7.5, 0, 0],
				"cubes": [
					{"origin": [4, 25, -1], "size": [1, 1, 3], "uv": [0, 42]}
				]
			},
			{
				"name": "bone25",
				"parent": "lh2",
				"pivot": [-3, 17, -1],
				"rotation": [-7.5, 0, 0],
				"cubes": [
					{"origin": [4, 24, -7], "size": [1, 1, 3], "uv": [9, 41]}
				]
			},
			{
				"name": "bone26",
				"parent": "lh2",
				"pivot": [-6, 19, -1],
				"rotation": [7.5, 0, 0],
				"cubes": [
					{"origin": [4, 22, -1], "size": [1, 2, 1], "uv": [32, 8]}
				]
			},
			{
				"name": "bone27",
				"parent": "lh2",
				"pivot": [-3, 18, 0],
				"rotation": [-7.5, 0, 0],
				"cubes": [
					{"origin": [4, 22, -5], "size": [1, 2, 1], "uv": [22, 16]}
				]
			},
			{
				"name": "armRight",
				"pivot": [-3, 17.5, 0],
				"rotation": [0, 0, 25],
				"cubes": [
					{"origin": [-5, 8.5, -1], "size": [2, 8, 2], "uv": [31, 38]},
					{"origin": [-5.5, 9.5, -1.5], "size": [3, 8, 3], "uv": [33, 8]}
				]
			},
			{
				"name": "armLeft",
				"pivot": [3, 17.5, 0],
				"rotation": [0, 0, -25],
				"cubes": [
					{"origin": [2.5, 9.5, -1.5], "size": [3, 8, 3], "uv": [0, 31]},
					{"origin": [3, 8.5, -1], "size": [2, 8, 2], "uv": [12, 31]}
				]
			},
			{
				"name": "body",
				"pivot": [0, 10.5, 0],
				"cubes": [
					{"origin": [-3, 8.999, -3], "size": [6, 9, 6], "uv": [0, 16]}
				]
			},
			{
				"name": "sittingRotationSkirt",
				"parent": "body",
				"pivot": [0, 10.5, 0]
			},
			{
				"name": "sittingRotationSkirt2",
				"parent": "sittingRotationSkirt",
				"pivot": [0, 16.5, 0]
			},
			{
				"name": "bone",
				"parent": "sittingRotationSkirt2",
				"pivot": [0, 6, 0]
			},
			{
				"name": "bone2",
				"parent": "bone",
				"pivot": [0, 6, 3.98091],
				"rotation": [8, 0, 0],
				"cubes": [
					{"origin": [-2, 5.72431, 3.98091], "size": [4, 6, 0], "uv": [20, 40]}
				]
			},
			{
				"name": "bone3",
				"parent": "bone2",
				"pivot": [-2, 5.72431, 3.98091],
				"rotation": [0, 0, 7.92314],
				"cubes": [
					{"origin": [-4, 5.72431, 3.97991], "size": [2, 6, 0], "uv": [47, 38]}
				]
			},
			{
				"name": "bone4",
				"parent": "bone2",
				"pivot": [2, 5.72431, 3.98091],
				"rotation": [0, 0, -7.92314],
				"cubes": [
					{"origin": [2, 5.72431, 3.98191], "size": [2, 6, 0], "uv": [15, 47]}
				]
			},
			{
				"name": "bone5",
				"parent": "sittingRotationSkirt2",
				"pivot": [0, 6, 0],
				"rotation": [0, -90, 0]
			},
			{
				"name": "bone6",
				"parent": "bone5",
				"pivot": [0, 6, 3.98091],
				"rotation": [8, 0, 0],
				"cubes": [
					{"origin": [-2, 5.72431, 3.98091], "size": [4, 6, 0], "uv": [40, 0]}
				]
			},
			{
				"name": "bone7",
				"parent": "bone6",
				"pivot": [-2, 5.72431, 3.98091],
				"rotation": [0, 0, 7.92314],
				"cubes": [
					{"origin": [-4, 5.72431, 3.97991], "size": [2, 6, 0], "uv": [11, 47]}
				]
			},
			{
				"name": "bone8",
				"parent": "bone6",
				"pivot": [2, 5.72431, 3.98091],
				"rotation": [0, 0, -7.92314],
				"cubes": [
					{"origin": [2, 5.72431, 3.98191], "size": [2, 6, 0], "uv": [26, 46]}
				]
			},
			{
				"name": "bone9",
				"parent": "sittingRotationSkirt2",
				"pivot": [0, 6, 0],
				"rotation": [0, -180, 0]
			},
			{
				"name": "bone10",
				"parent": "bone9",
				"pivot": [0, 6, 3.98091],
				"rotation": [8, 0, 0],
				"cubes": [
					{"origin": [-2, 5.72431, 3.98091], "size": [4, 6, 0], "uv": [39, 38]}
				]
			},
			{
				"name": "bone11",
				"parent": "bone10",
				"pivot": [-2, 5.72431, 3.98091],
				"rotation": [0, 0, 7.92314],
				"cubes": [
					{"origin": [-4, 5.72431, 3.97991], "size": [2, 6, 0], "uv": [22, 46]}
				]
			},
			{
				"name": "bone12",
				"parent": "bone10",
				"pivot": [2, 5.72431, 3.98091],
				"rotation": [0, 0, -7.92314],
				"cubes": [
					{"origin": [2, 5.72431, 3.98191], "size": [2, 6, 0], "uv": [0, 46]}
				]
			},
			{
				"name": "bone13",
				"parent": "sittingRotationSkirt2",
				"pivot": [0, 6, 0],
				"rotation": [0, -270, 0]
			},
			{
				"name": "bone14",
				"parent": "bone13",
				"pivot": [0, 6, 3.98091],
				"rotation": [8, 0, 0],
				"cubes": [
					{"origin": [-2, 5.72431, 3.98091], "size": [4, 6, 0], "uv": [0, 0]}
				]
			},
			{
				"name": "bone15",
				"parent": "bone14",
				"pivot": [-2, 5.72431, 3.98091],
				"rotation": [0, 0, 7.92314],
				"cubes": [
					{"origin": [-4, 5.72431, 3.97991], "size": [2, 6, 0], "uv": [18, 16]}
				]
			},
			{
				"name": "bone16",
				"parent": "bone14",
				"pivot": [2, 5.72431, 3.98091],
				"rotation": [0, 0, -7.92314],
				"cubes": [
					{"origin": [2, 5.72431, 3.98191], "size": [2, 6, 0], "uv": [0, 16]}
				]
			},
			{
				"name": "legLeft",
				"pivot": [2, 9, 0],
				"cubes": [
					{"origin": [0.499, 0, -1.5], "size": [3, 9, 3], "uv": [21, 28]},
					{"origin": [0, 3, -2], "size": [4, 1, 4], "uv": [33, 29]}
				]
			},
			{
				"name": "legRight",
				"pivot": [-2, 9, 0],
				"cubes": [
					{"origin": [-3.499, 0, -1.5], "size": [3, 9, 3], "uv": [24, 16]},
					{"origin": [-4, 3, -2], "size": [4, 1, 4], "uv": [32, 24]}
				]
			}
		]
	}
}