{
	"format_version": "1.10.0",
	"geometry.model": {
		"texturewidth": 64,
		"textureheight": 64,
		"visible_bounds_width": 3,
		"visible_bounds_height": 4,
		"visible_bounds_offset": [0, 1, 0],
		"bones": [
			{
				"name": "head",
				"pivot": [0, 18, 0],
				"cubes": [
					{"origin": [-4, 18, -4], "size": [8, 8, 8], "uv": [0, 0]}
				]
			},
			{
				"name": "blink",
				"parent": "head",
				"pivot": [0, 18, 0],
				"cubes": [
					{"origin": [-4, 18, -4.001], "size": [8, 8, 0], "uv": [28, 31]}
				]
			},
			{
				"name": "cap",
				"parent": "head",
				"pivot": [0, 20, 0],
				"rotation": [0, -20, 0],
				"cubes": [
					{"origin": [-3.5, 26, -3.5], "size": [7, 2, 7], "uv": [0, 31]},
					{"origin": [-3.5, 26, -5.5], "size": [7, 0, 2], "uv": [30, 7]}
				]
			},
			{
				"name": "hair",
				"parent": "head",
				"pivot": [0, 18, 0],
				"cubes": [
					{"origin": [-4, 16, 4], "size": [8, 2, 0], "uv": [32, 9]}
				]
			},
			{
				"name": "armRight",
				"pivot": [-3, 17.5, 0],
				"rotation": [0, 0, 25],
				"cubes": [
					{"origin": [-5, 9.2, -1], "size": [2, 8, 2], "uv": [44, 31]},
					{"origin": [-5, 10, -1], "size": [2, 1, 2], "uv": [48, 9], "inflate": 0.1}
				]
			},
			{
				"name": "armLeft",
				"pivot": [3, 17.5, 0],
				"rotation": [0, 0, -25],
				"cubes": [
					{"origin": [3, 9.2, -1], "size": [2, 8, 2], "uv": [42, 11]},
					{"origin": [3, 14.2, -1], "size": [2, 1, 2], "uv": [0, 4], "inflate": 0.1}
				]
			},
			{
				"name": "body",
				"pivot": [0, 10.5, 0],
				"cubes": [
					{"origin": [-3, 8.999, -3], "size": [6, 9, 6], "uv": [24, 16]},
					{"origin": [-3, 8.999, -3], "size": [6, 9, 6], "uv": [0, 16], "inflate": 0.1},
					{"origin": [-3, 10.999, -3], "size": [6, 1, 6], "uv": [24, 0], "inflate": 0.135}
				]
			},
			{
				"name": "sittingRotationSkirt",
				"parent": "body",
				"pivot": [0, 10.5, 0]
			},
			{
				"name": "bone",
				"parent": "sittingRotationSkirt",
				"pivot": [0, 15.5, 0]
			},
			{
				"name": "bone2",
				"parent": "bone",
				"pivot": [0, 5, 0]
			},
			{
				"name": "bone3",
				"parent": "bone2",
				"pivot": [0, 5, 3.99045],
				"rotation": [8, 0, 0],
				"cubes": [
					{"origin": [-3, 4.86216, 3.99045], "size": [6, 6, 0], "uv": [42, 0]}
				]
			},
			{
				"name": "bone4",
				"parent": "bone3",
				"pivot": [-3, 4.86216, 3.99045],
				"rotation": [0, 0, 7.92314],
				"cubes": [
					{"origin": [-4, 4.86216, 3.98945], "size": [1, 6, 0], "uv": [2, 31]}
				]
			},
			{
				"name": "bone5",
				"parent": "bone3",
				"pivot": [3, 4.86216, 3.99045],
				"rotation": [0, 0, -7.92314],
				"cubes": [
					{"origin": [3, 4.86216, 3.99145], "size": [1, 6, 0], "uv": [0, 31]}
				]
			},
			{
				"name": "bone6",
				"parent": "bone",
				"pivot": [0, 5, 0],
				"rotation": [0, -90, 0]
			},
			{
				"name": "bone7",
				"parent": "bone6",
				"pivot": [0, 5, 3.99045],
				"rotation": [8, 0, 0],
				"cubes": [
					{"origin": [-3, 4.86216, 3.99045], "size": [6, 6, 0], "uv": [12, 40]}
				]
			},
			{
				"name": "bone8",
				"parent": "bone7",
				"pivot": [-3, 4.86216, 3.99045],
				"rotation": [0, 0, 7.92314],
				"cubes": [
					{"origin": [-4, 4.86216, 3.98945], "size": [1, 6, 0], "uv": [28, 0]}
				]
			},
			{
				"name": "bone9",
				"parent": "bone7",
				"pivot": [3, 4.86216, 3.99045],
				"rotation": [0, 0, -7.92314],
				"cubes": [
					{"origin": [3, 4.86216, 3.99145], "size": [1, 6, 0], "uv": [26, 0]}
				]
			},
			{
				"name": "bone10",
				"parent": "bone",
				"pivot": [0, 5, 0],
				"rotation": [0, -180, 0]
			},
			{
				"name": "bone11",
				"parent": "bone10",
				"pivot": [0, 5, 3.99045],
				"rotation": [8, 0, 0],
				"cubes": [
					{"origin": [-3, 4.86216, 3.99045], "size": [6, 6, 0], "uv": [0, 40]}
				]
			},
			{
				"name": "bone12",
				"parent": "bone11",
				"pivot": [-3, 4.86216, 3.99045],
				"rotation": [0, 0, 7.92314],
				"cubes": [
					{"origin": [-4, 4.86216, 3.98945], "size": [1, 6, 0], "uv": [24, 0]}
				]
			},
			{
				"name": "bone13",
				"parent": "bone11",
				"pivot": [3, 4.86216, 3.99045],
				"rotation": [0, 0, -7.92314],
				"cubes": [
					{"origin": [3, 4.86216, 3.99145], "size": [1, 6, 0], "uv": [4, 16]}
				]
			},
			{
				"name": "bone14",
				"parent": "bone",
				"pivot": [0, 5, 0],
				"rotation": [0, -270, 0]
			},
			{
				"name": "bone15",
				"parent": "bone14",
				"pivot": [0, 5, 3.99045],
				"rotation": [8, 0, 0],
				"cubes": [
					{"origin": [-3, 4.86216, 3.99045], "size": [6, 6, 0], "uv": [18, 16]}
				]
			},
			{
				"name": "bone16",
				"parent": "bone15",
				"pivot": [-3, 4.86216, 3.99045],
				"rotation": [0, 0, 7.92314],
				"cubes": [
					{"origin": [-4, 4.86216, 3.98945], "size": [1, 6, 0], "uv": [2, 16]}
				]
			},
			{
				"name": "bone17",
				"parent": "bone15",
				"pivot": [3, 4.86216, 3.99045],
				"rotation": [0, 0, -7.92314],
				"cubes": [
					{"origin": [3, 4.86216, 3.99145], "size": [1, 6, 0], "uv": [0, 16]}
				]
			},
			{
				"name": "XJ",
				"parent": "body",
				"pivot": [0, 10.5, -1]
			},
			{
				"name": "bone18",
				"parent": "XJ",
				"pivot": [0, 10.5, -1],
				"rotation": [0, -17.5, 0],
				"cubes": [
					{"origin": [0, 10.5, -5.2], "size": [3, 2, 1.2], "uv": [47, 6]},
					{"origin": [1, 10.5, -6.2], "size": [2, 2, 2.2], "uv": [0, 0], "inflate": -0.5},
					{"origin": [2, 7.5, -5], "size": [1, 3, 0], "uv": [4, 31]}
				]
			},
			{
				"name": "legLeft",
				"pivot": [2, 9, 0],
				"cubes": [
					{"origin": [0.499, 0.1, -1.5], "size": [2.75, 8.9, 3], "uv": [35, 39]},
					{"origin": [0.499, 0.1, -1.5], "size": [2.75, 3.9, 3], "uv": [45, 41], "inflate": 0.1},
					{"origin": [0.499, 0.1, -1.5], "size": [2.75, 1.05, 3], "uv": [32, 11], "inflate": 0.2},
					{"origin": [0.499, 6.1, -1.5], "size": [2.75, 1, 3], "uv": [10, 46], "inflate": 0.1}
				]
			},
			{
				"name": "legRight",
				"pivot": [-2, 9, 0],
				"cubes": [
					{"origin": [-3.249, 0.2, -1.5], "size": [2.75, 8.8, 3], "uv": [25, 39]},
					{"origin": [-3.249, 0.2, -1.5], "size": [2.75, 3.8, 3], "uv": [0, 46], "inflate": 0.1},
					{"origin": [-3.249, 0.2, -1.5], "size": [2.75, 1.05, 3], "uv": [17, 47], "inflate": 0.2},
					{"origin": [-3.249, 6.8, -1.5], "size": [2.75, 1, 3], "uv": [42, 47], "inflate": 0.1},
					{"origin": [-3.249, 4.8, -1.5], "size": [2.75, 1, 3], "uv": [47, 18], "inflate": 0.1}
				]
			}
		]
	}
}