{
	"format_version": "1.10.0",
	"geometry.model": {
		"texturewidth": 64,
		"textureheight": 64,
		"visible_bounds_width": 3,
		"visible_bounds_height": 4,
		"visible_bounds_offset": [0, 1, 0],
		"bones": [
			{
				"name": "head",
				"pivot": [0, 18, 0],
				"cubes": [
					{"origin": [-4, 18, -4], "size": [8, 8, 8], "uv": [0, 0]}
				]
			},
			{
				"name": "blink",
				"parent": "head",
				"pivot": [0, 18, 0],
				"cubes": [
					{"origin": [-4, 18, -4.001], "size": [8, 8, 0], "uv": [24, 0]}
				]
			},
			{
				"name": "lear",
				"parent": "head",
				"pivot": [1, 18, 0],
				"rotation": [0, -7.5, -5],
				"cubes": [
					{"origin": [-2, 26, -3], "size": [1, 5, 1], "uv": [4, 0]}
				]
			},
			{
				"name": "rear",
				"parent": "head",
				"pivot": [-1, 18, 0],
				"rotation": [0, 7.5, 5],
				"cubes": [
					{"origin": [1, 26, -3], "size": [1, 5, 1], "uv": [0, 0]}
				]
			},
			{
				"name": "hu",
				"parent": "head",
				"pivot": [0, 18, 0],
				"cubes": [
					{"origin": [-1, 25, -5], "size": [2, 1, 1], "uv": [0, 16]}
				]
			},
			{
				"name": "bone18",
				"parent": "hu",
				"pivot": [2, 19, 0],
				"rotation": [0, 0, -12.5],
				"cubes": [
					{"origin": [-2, 26, -5], "size": [3, 1, 0], "uv": [18, 16]}
				]
			},
			{
				"name": "bone19",
				"parent": "hu",
				"pivot": [-2, 19, 0],
				"rotation": [0, 0, 12.5],
				"cubes": [
					{"origin": [-1, 26, -5], "size": [3, 1, 0], "uv": [0, 18]}
				]
			},
			{
				"name": "bone20",
				"parent": "hu",
				"pivot": [-2, 18, 0],
				"rotation": [0, 0, 10],
				"cubes": [
					{"origin": [-3, 23, -5], "size": [1, 3, 0], "uv": [22, 17]}
				]
			},
			{
				"name": "bone21",
				"parent": "hu",
				"pivot": [2, 18, 0],
				"rotation": [0, 0, -10],
				"cubes": [
					{"origin": [2, 23, -5], "size": [1, 3, 0], "uv": [4, 19]}
				]
			},
			{
				"name": "hair",
				"parent": "head",
				"pivot": [0, 18, 0],
				"cubes": [
					{"origin": [-4, 16, 4], "size": [8, 2, 0], "uv": [36, 24]}
				]
			},
			{
				"name": "armRight",
				"pivot": [-3, 17.5, 0],
				"rotation": [0, 0, 25],
				"cubes": [
					{"origin": [-5, 8.5, -1], "size": [2, 8, 2], "uv": [8, 40]},
					{"origin": [-5.5, 13.5, -1.5], "size": [3, 4, 3], "uv": [30, 37]}
				]
			},
			{
				"name": "armLeft",
				"pivot": [3, 17.5, 0],
				"rotation": [0, 0, -25],
				"cubes": [
					{"origin": [2.5, 13.5, -1.5], "size": [3, 4, 3], "uv": [36, 17]},
					{"origin": [3, 8.5, -1], "size": [2, 8, 2], "uv": [0, 40]}
				]
			},
			{
				"name": "body",
				"pivot": [0, 10.5, 0],
				"cubes": [
					{"origin": [-3, 8.999, -3], "size": [6, 9, 6], "uv": [0, 16]}
				]
			},
			{
				"name": "sittingRotationSkirt",
				"parent": "body",
				"pivot": [0, 10.5, 0]
			},
			{
				"name": "bone",
				"parent": "sittingRotationSkirt",
				"pivot": [0, 13.5, 0]
			},
			{
				"name": "bone2",
				"parent": "bone",
				"pivot": [0, 3, 0]
			},
			{
				"name": "bone3",
				"parent": "bone2",
				"pivot": [0, 3, 4.47051],
				"rotation": [10, 0, 0],
				"cubes": [
					{"origin": [-2.5, 2.65782, 4.47051], "size": [5, 9, 0], "uv": [33, 28]}
				]
			},
			{
				"name": "bone4",
				"parent": "bone3",
				"pivot": [-2.5, 2.65782, 4.47051],
				"rotation": [0, 0, 9.85108],
				"cubes": [
					{"origin": [-4.5, 2.65782, 4.46951], "size": [2, 9, 0], "uv": [32, 44]}
				]
			},
			{
				"name": "bone5",
				"parent": "bone3",
				"pivot": [2.5, 2.65782, 4.47051],
				"rotation": [0, 0, -9.85108],
				"cubes": [
					{"origin": [2.5, 2.65782, 4.47151], "size": [2, 9, 0], "uv": [28, 44]}
				]
			},
			{
				"name": "bone6",
				"parent": "bone",
				"pivot": [0, 3, 0],
				"rotation": [0, -90, 0]
			},
			{
				"name": "bone7",
				"parent": "bone6",
				"pivot": [0, 3, 4.47051],
				"rotation": [10, 0, 0],
				"cubes": [
					{"origin": [-2.5, 2.65782, 4.47051], "size": [5, 9, 0], "uv": [33, 8]}
				]
			},
			{
				"name": "bone8",
				"parent": "bone7",
				"pivot": [-2.5, 2.65782, 4.47051],
				"rotation": [0, 0, 9.85108],
				"cubes": [
					{"origin": [-4.5, 2.65782, 4.46951], "size": [2, 9, 0], "uv": [43, 26]}
				]
			},
			{
				"name": "bone9",
				"parent": "bone7",
				"pivot": [2.5, 2.65782, 4.47051],
				"rotation": [0, 0, -9.85108],
				"cubes": [
					{"origin": [2.5, 2.65782, 4.47151], "size": [2, 9, 0], "uv": [43, 0]}
				]
			},
			{
				"name": "bone10",
				"parent": "bone",
				"pivot": [0, 3, 0],
				"rotation": [0, -180, 0]
			},
			{
				"name": "bone11",
				"parent": "bone10",
				"pivot": [0, 3, 4.47051],
				"rotation": [10, 0, 0],
				"cubes": [
					{"origin": [-2.5, 2.65782, 4.47051], "size": [5, 9, 0], "uv": [10, 31]}
				]
			},
			{
				"name": "bone12",
				"parent": "bone11",
				"pivot": [-2.5, 2.65782, 4.47051],
				"rotation": [0, 0, 9.85108],
				"cubes": [
					{"origin": [-4.5, 2.65782, 4.46951], "size": [2, 9, 0], "uv": [42, 37]}
				]
			},
			{
				"name": "bone13",
				"parent": "bone11",
				"pivot": [2.5, 2.65782, 4.47051],
				"rotation": [0, 0, -9.85108],
				"cubes": [
					{"origin": [2.5, 2.65782, 4.47151], "size": [2, 9, 0], "uv": [24, 40]}
				]
			},
			{
				"name": "bone14",
				"parent": "bone",
				"pivot": [0, 3, 0],
				"rotation": [0, -270, 0]
			},
			{
				"name": "bone15",
				"parent": "bone14",
				"pivot": [0, 3, 4.47051],
				"rotation": [10, 0, 0],
				"cubes": [
					{"origin": [-2.5, 2.65782, 4.47051], "size": [5, 9, 0], "uv": [0, 31]}
				]
			},
			{
				"name": "bone16",
				"parent": "bone15",
				"pivot": [-2.5, 2.65782, 4.47051],
				"rotation": [0, 0, 9.85108],
				"cubes": [
					{"origin": [-4.5, 2.65782, 4.46951], "size": [2, 9, 0], "uv": [20, 40]}
				]
			},
			{
				"name": "bone17",
				"parent": "bone15",
				"pivot": [2.5, 2.65782, 4.47051],
				"rotation": [0, 0, -9.85108],
				"cubes": [
					{"origin": [2.5, 2.65782, 4.47151], "size": [2, 9, 0], "uv": [16, 40]}
				]
			},
			{
				"name": "hu2",
				"parent": "body",
				"pivot": [0, 10.5, 0],
				"cubes": [
					{"origin": [-1, 11.5, -4], "size": [2, 1, 1], "uv": [0, 6]}
				]
			},
			{
				"name": "bone23",
				"parent": "hu2",
				"pivot": [0, 10.5, 0],
				"rotation": [0, -7.5, 0],
				"cubes": [
					{"origin": [-3, 11.5, -4], "size": [2, 1, 0], "uv": [0, 20]}
				]
			},
			{
				"name": "bone24",
				"parent": "hu2",
				"pivot": [0, 10.5, 0],
				"rotation": [0, 7.5, 0],
				"cubes": [
					{"origin": [1, 11.5, -4], "size": [2, 1, 0], "uv": [0, 19]}
				]
			},
			{
				"name": "bone22",
				"parent": "hu2",
				"pivot": [0, 9.5, 0],
				"rotation": [-10, 0, 10],
				"cubes": [
					{"origin": [-1, 7.5, -4], "size": [1, 4, 0], "uv": [20, 17]}
				]
			},
			{
				"name": "bone25",
				"parent": "hu2",
				"pivot": [0, 10.5, 0],
				"rotation": [-10, 0, -10],
				"cubes": [
					{"origin": [0, 7.5, -4], "size": [1, 4, 0], "uv": [18, 17]}
				]
			},
			{
				"name": "legLeft",
				"pivot": [2, 9, 0],
				"cubes": [
					{"origin": [0.499, 0, -1.5], "size": [3, 9, 3], "uv": [21, 28]}
				]
			},
			{
				"name": "legRight",
				"pivot": [-2, 9, 0],
				"cubes": [
					{"origin": [-3.499, 0, -1.5], "size": [3, 9, 3], "uv": [24, 16]}
				]
			}
		]
	}
}