{
	"format_version": "1.10.0",
	"geometry.model": {
		"texturewidth": 64,
		"textureheight": 64,
		"visible_bounds_width": 3,
		"visible_bounds_height": 4,
		"visible_bounds_offset": [0, 1, 0],
		"bones": [
			{
				"name": "head",
				"pivot": [0, 18, 0],
				"cubes": [
					{"origin": [-4, 18, -4], "size": [8, 8, 8], "uv": [0, 0]}
				]
			},
			{
				"name": "blink",
				"parent": "head",
				"pivot": [0, 18, 0],
				"cubes": [
					{"origin": [-4, 18, -4.001], "size": [8, 8, 0], "uv": [24, 0]}
				]
			},
			{
				"name": "hair",
				"parent": "head",
				"pivot": [0, 18, 0]
			},
			{
				"name": "bone34",
				"parent": "hair",
				"pivot": [0, 18, 0],
				"rotation": [10, 0, -25],
				"cubes": [
					{"origin": [2, 12, 3], "size": [2, 5, 1], "uv": [18, 16]}
				]
			},
			{
				"name": "bone35",
				"parent": "hair",
				"pivot": [0, 18, 0],
				"rotation": [10, 0, 22.5],
				"cubes": [
					{"origin": [-4, 12, 3], "size": [2, 5, 1], "uv": [0, 16]}
				]
			},
			{
				"name": "bone36",
				"parent": "hair",
				"pivot": [0, 18, 0],
				"rotation": [12.5, 0, 0],
				"cubes": [
					{"origin": [-2, 11, 3], "size": [4, 7, 1], "uv": [44, 0]},
					{"origin": [-1, 10, 3], "size": [2, 1, 1], "uv": [51, 26]}
				]
			},
			{
				"name": "armRight",
				"pivot": [-3, 17.5, 0],
				"rotation": [0, 0, 25],
				"cubes": [
					{"origin": [-5, 9.5, -1], "size": [2, 8, 2], "uv": [40, 45]}
				]
			},
			{
				"name": "armLeft",
				"pivot": [3, 17.5, 0],
				"rotation": [0, 0, -25],
				"cubes": [
					{"origin": [3, 9.5, -1], "size": [2, 8, 2], "uv": [16, 44]}
				]
			},
			{
				"name": "body",
				"pivot": [0, 10.5, 0],
				"cubes": [
					{"origin": [-3, 8.999, -3], "size": [6, 9, 6], "uv": [0, 16]}
				]
			},
			{
				"name": "sittingRotationSkirt",
				"parent": "body",
				"pivot": [0, 10.5, 0]
			},
			{
				"name": "bone",
				"parent": "sittingRotationSkirt",
				"pivot": [0, 13.5, 0]
			},
			{
				"name": "bone2",
				"parent": "bone",
				"pivot": [0, 3, 0]
			},
			{
				"name": "bone3",
				"parent": "bone2",
				"pivot": [0, 3, 4.9267],
				"rotation": [23, 0, 0]
			},
			{
				"name": "bone4",
				"parent": "bone3",
				"pivot": [0, 3, 4.9267],
				"rotation": [0, -38.65981, 0],
				"cubes": [
					{"origin": [-1.25, 3, 3.9267], "size": [2.5, 11, 2], "uv": [40, 32]}
				]
			},
			{
				"name": "bone5",
				"parent": "bone",
				"pivot": [0, 3, 0],
				"rotation": [0, -36, 0]
			},
			{
				"name": "bone6",
				"parent": "bone5",
				"pivot": [0, 3, 4.9267],
				"rotation": [23, 0, 0]
			},
			{
				"name": "bone7",
				"parent": "bone6",
				"pivot": [0, 3, 4.9267],
				"rotation": [0, -38.65981, 0],
				"cubes": [
					{"origin": [-1.25, 3, 3.9267], "size": [2.5, 11, 2], "uv": [40, 19]}
				]
			},
			{
				"name": "bone8",
				"parent": "bone",
				"pivot": [0, 3, 0],
				"rotation": [0, -72, 0]
			},
			{
				"name": "bone9",
				"parent": "bone8",
				"pivot": [0, 3, 4.9267],
				"rotation": [23, 0, 0]
			},
			{
				"name": "bone10",
				"parent": "bone9",
				"pivot": [0, 3, 4.9267],
				"rotation": [0, -38.65981, 0],
				"cubes": [
					{"origin": [-1.25, 3, 3.9267], "size": [2.5, 11, 2], "uv": [32, 38]}
				]
			},
			{
				"name": "bone11",
				"parent": "bone",
				"pivot": [0, 3, 0],
				"rotation": [0, -108, 0]
			},
			{
				"name": "bone12",
				"parent": "bone11",
				"pivot": [0, 3, 4.9267],
				"rotation": [23, 0, 0]
			},
			{
				"name": "bone13",
				"parent": "bone12",
				"pivot": [0, 3, 4.9267],
				"rotation": [0, -38.65981, 0],
				"cubes": [
					{"origin": [-1.25, 3, 3.9267], "size": [2.5, 11, 2], "uv": [24, 38]}
				]
			},
			{
				"name": "bone14",
				"parent": "bone",
				"pivot": [0, 3, 0],
				"rotation": [0, -144, 0]
			},
			{
				"name": "bone15",
				"parent": "bone14",
				"pivot": [0, 3, 4.9267],
				"rotation": [23, 0, 0]
			},
			{
				"name": "bone16",
				"parent": "bone15",
				"pivot": [0, 3, 4.9267],
				"rotation": [0, -38.65981, 0],
				"cubes": [
					{"origin": [-1.25, 3, 3.9267], "size": [2.5, 11, 2], "uv": [38, 6]}
				]
			},
			{
				"name": "bone17",
				"parent": "bone",
				"pivot": [0, 3, 0],
				"rotation": [0, -180, 0]
			},
			{
				"name": "bone18",
				"parent": "bone17",
				"pivot": [0, 3, 4.9267],
				"rotation": [23, 0, 0]
			},
			{
				"name": "bone19",
				"parent": "bone18",
				"pivot": [0, 3, 4.9267],
				"rotation": [0, -38.65981, 0],
				"cubes": [
					{"origin": [-1.25, 3, 3.9267], "size": [2.5, 11, 2], "uv": [32, 25]}
				]
			},
			{
				"name": "bone20",
				"parent": "bone",
				"pivot": [0, 3, 0],
				"rotation": [0, -216, 0]
			},
			{
				"name": "bone21",
				"parent": "bone20",
				"pivot": [0, 3, 4.9267],
				"rotation": [23, 0, 0]
			},
			{
				"name": "bone22",
				"parent": "bone21",
				"pivot": [0, 3, 4.9267],
				"rotation": [0, -38.65981, 0],
				"cubes": [
					{"origin": [-1.25, 3, 3.9267], "size": [2.5, 11, 2], "uv": [16, 31]}
				]
			},
			{
				"name": "bone23",
				"parent": "bone",
				"pivot": [0, 3, 0],
				"rotation": [0, -252, 0]
			},
			{
				"name": "bone24",
				"parent": "bone23",
				"pivot": [0, 3, 4.9267],
				"rotation": [23, 0, 0]
			},
			{
				"name": "bone25",
				"parent": "bone24",
				"pivot": [0, 3, 4.9267],
				"rotation": [0, -38.65981, 0],
				"cubes": [
					{"origin": [-1.25, 3, 3.9267], "size": [2.5, 11, 2], "uv": [8, 31]}
				]
			},
			{
				"name": "bone28",
				"parent": "bone",
				"pivot": [0, 3, 0],
				"rotation": [0, -288, 0]
			},
			{
				"name": "bone29",
				"parent": "bone28",
				"pivot": [0, 3, 4.9267],
				"rotation": [23, 0, 0]
			},
			{
				"name": "bone30",
				"parent": "bone29",
				"pivot": [0, 3, 4.9267],
				"rotation": [0, -38.65981, 0],
				"cubes": [
					{"origin": [-1.25, 3, 3.9267], "size": [2.5, 11, 2], "uv": [0, 31]}
				]
			},
			{
				"name": "bone31",
				"parent": "bone",
				"pivot": [0, 3, 0],
				"rotation": [0, -324, 0]
			},
			{
				"name": "bone32",
				"parent": "bone31",
				"pivot": [0, 3, 4.9267],
				"rotation": [23, 0, 0]
			},
			{
				"name": "bone33",
				"parent": "bone32",
				"pivot": [0, 3, 4.9267],
				"rotation": [0, -38.65981, 0],
				"cubes": [
					{"origin": [-1.25, 3, 3.9267], "size": [2.5, 11, 2], "uv": [24, 25]}
				]
			},
			{
				"name": "hu",
				"parent": "sittingRotationSkirt",
				"pivot": [5, 10.5, 2],
				"rotation": [0, -37.5, 20]
			},
			{
				"name": "bone37",
				"parent": "hu",
				"pivot": [5, 10.5, 2],
				"cubes": [
					{"origin": [-4, 4.5, 0], "size": [1, 2, 2], "uv": [24, 51]}
				]
			},
			{
				"name": "bone38",
				"parent": "hu",
				"pivot": [5, 10.5, 1],
				"rotation": [30, -22.5, 0],
				"cubes": [
					{"origin": [-3, 3.5, 2], "size": [1, 2, 4], "uv": [46, 41]}
				]
			},
			{
				"name": "bone39",
				"parent": "hu",
				"pivot": [5, 9.5, 3],
				"rotation": [-30, 22.5, 0],
				"cubes": [
					{"origin": [-2, 2.5, -4], "size": [1, 2, 4], "uv": [46, 28]}
				]
			},
			{
				"name": "bone40",
				"parent": "hu",
				"pivot": [5, 10.5, 2],
				"rotation": [22.5, -22.5, 0],
				"cubes": [
					{"origin": [-4, -2.5, 2], "size": [1, 7, 1.5], "uv": [4, 0]}
				]
			},
			{
				"name": "bone41",
				"parent": "hu",
				"pivot": [5, 10.5, 2],
				"rotation": [-22.5, 22.5, 0],
				"cubes": [
					{"origin": [-3, -2.5, -1.5], "size": [1, 6, 1.5], "uv": [48, 20]}
				]
			},
			{
				"name": "hu2",
				"parent": "sittingRotationSkirt",
				"pivot": [-4, 10.5, 2],
				"rotation": [0, 37.5, -20]
			},
			{
				"name": "bone42",
				"parent": "hu2",
				"pivot": [-4, 10.5, 2],
				"cubes": [
					{"origin": [4, 4.5, 0], "size": [1, 2, 2], "uv": [48, 47]}
				]
			},
			{
				"name": "bone43",
				"parent": "hu2",
				"pivot": [-4, 10.5, 1],
				"rotation": [30, 22.5, 0],
				"cubes": [
					{"origin": [3, 3.5, 2], "size": [1, 2, 4], "uv": [46, 14]}
				]
			},
			{
				"name": "bone44",
				"parent": "hu2",
				"pivot": [-4, 9.5, 3],
				"rotation": [-30, -22.5, 0],
				"cubes": [
					{"origin": [2, 2.5, -4], "size": [1, 2, 4], "uv": [46, 8]}
				]
			},
			{
				"name": "bone45",
				"parent": "hu2",
				"pivot": [-4, 10.5, 2],
				"rotation": [22.5, 22.5, 0],
				"cubes": [
					{"origin": [4, -2.5, 2], "size": [1, 7, 1.5], "uv": [0, 0]}
				]
			},
			{
				"name": "bone46",
				"parent": "hu2",
				"pivot": [-4, 10.5, 2],
				"rotation": [-22.5, -22.5, 0],
				"cubes": [
					{"origin": [3, -2.5, -1.5], "size": [1, 6, 1.5], "uv": [32, 8]}
				]
			},
			{
				"name": "bone26",
				"parent": "body",
				"pivot": [0, 10.5, 0]
			},
			{
				"name": "sinFloat",
				"parent": "bone26",
				"pivot": [0, 10.5, 0]
			},
			{
				"name": "bone27",
				"parent": "sinFloat",
				"pivot": [0, 10.5, 0],
				"cubes": [
					{"origin": [-12, 15.5, -4], "size": [4, 5, 4], "uv": [24, 16]},
					{"origin": [-11, 14.5, -3], "size": [2, 1, 2], "uv": [48, 37]},
					{"origin": [-10.5, 12.5, -2.5], "size": [1, 2, 1], "uv": [40, 0]},
					{"origin": [-11, 20.5, -3], "size": [2, 1, 2], "uv": [48, 34]},
					{"origin": [-10.5, 21.5, -2.5], "size": [1, 2, 1], "uv": [24, 16]}
				]
			},
			{
				"name": "legLeft",
				"pivot": [2, 9, 0],
				"cubes": [
					{"origin": [0.5, 0, -1.5], "size": [2.5, 9, 2.5], "uv": [8, 44]}
				]
			},
			{
				"name": "legRight",
				"pivot": [-2, 9, 0],
				"cubes": [
					{"origin": [-2.999, 0, -1.5], "size": [2.5, 9, 2.5], "uv": [0, 44]}
				]
			}
		]
	}
}