{
	"format_version": "1.10.0",
	"geometry.model": {
		"texturewidth": 128,
		"textureheight": 128,
		"visible_bounds_width": 4,
		"visible_bounds_height": 4,
		"visible_bounds_offset": [0, 1, 0],
		"bones": [
			{
				"name": "head",
				"pivot": [0, 18, 0],
				"cubes": [
					{"origin": [-4, 18, -4], "size": [8, 8, 8], "uv": [0, 16]},
					{"origin": [-4, 18, -4], "size": [8, 8, 8], "uv": [0, 0], "inflate": 0.1}
				]
			},
			{
				"name": "blink",
				"parent": "head",
				"pivot": [0, 18, 0],
				"cubes": [
					{"origin": [-4, 18, -4.001], "size": [8, 8, 0], "uv": [89, 94]}
				]
			},
			{
				"name": "bz",
				"parent": "head",
				"pivot": [0, 18, 0]
			},
			{
				"name": "bone21",
				"parent": "bz",
				"pivot": [0, 18, 0],
				"rotation": [-10, 2.5, 10],
				"cubes": [
					{"origin": [3, 14, -4], "size": [1, 4, 1], "uv": [0, 32]}
				]
			},
			{
				"name": "earRightShake",
				"parent": "head",
				"pivot": [0, 18, 0]
			},
			{
				"name": "bone22",
				"parent": "earRightShake",
				"pivot": [1, 18, 0],
				"rotation": [0, 0, -10],
				"cubes": [
					{"origin": [-1, 26, -3], "size": [1, 3, 1], "uv": [77, 10]}
				]
			},
			{
				"name": "bone23",
				"parent": "earRightShake",
				"pivot": [0, 18, 0],
				"rotation": [0, 0, 5],
				"cubes": [
					{"origin": [-4, 25, -3], "size": [1, 3.2, 1], "uv": [34, 75]}
				]
			},
			{
				"name": "earLeftShake",
				"parent": "head",
				"pivot": [0, 18, 0]
			},
			{
				"name": "bone24",
				"parent": "earLeftShake",
				"pivot": [-1, 18, 0],
				"rotation": [0, 0, 10],
				"cubes": [
					{"origin": [0, 26, -3], "size": [1, 3, 1], "uv": [36, 0]}
				]
			},
			{
				"name": "bone25",
				"parent": "earLeftShake",
				"pivot": [0, 18, 0],
				"rotation": [0, 0, -5],
				"cubes": [
					{"origin": [3, 25, -3], "size": [1, 3.2, 1], "uv": [24, 0]}
				]
			},
			{
				"name": "armRight",
				"pivot": [-3, 17.5, 0],
				"rotation": [0, 0, 25],
				"cubes": [
					{"origin": [-4, 9.5, -1], "size": [2, 8, 2], "uv": [81, 108]}
				]
			},
			{
				"name": "attackShow",
				"parent": "armRight",
				"pivot": [-3, 17.5, 0]
			},
			{
				"name": "bone18",
				"parent": "attackShow",
				"pivot": [-3, 17.5, 0],
				"cubes": [
					{"origin": [-3.5, 9.5, -5], "size": [1, 1, 7], "uv": [73, 91], "inflate": -0.12}
				]
			},
			{
				"name": "armLeft",
				"pivot": [3, 17.5, 0],
				"rotation": [0, 0, -25],
				"cubes": [
					{"origin": [2, 9.5, -1], "size": [2, 8, 2], "uv": [31, 108]},
					{"origin": [2, 14.5, -1], "size": [2, 1, 2], "uv": [72, 45], "inflate": 0.1}
				]
			},
			{
				"name": "body",
				"pivot": [0, 10.5, 0],
				"cubes": [
					{"origin": [-3, 8.999, -3], "size": [6, 9, 6], "uv": [0, 32]},
					{"origin": [-3, 8.999, -3], "size": [6, 9, 6], "uv": [26, 26], "inflate": 0.1}
				]
			},
			{
				"name": "sittingRotationSkirt",
				"parent": "body",
				"pivot": [0, 10.5, 0]
			},
			{
				"name": "bone",
				"parent": "sittingRotationSkirt",
				"pivot": [0, 13.5, 0]
			},
			{
				"name": "bone2",
				"parent": "bone",
				"pivot": [0, 3, 0]
			},
			{
				"name": "bone3",
				"parent": "bone2",
				"pivot": [0, 3, 4.95124],
				"rotation": [13, 0, 0],
				"cubes": [
					{"origin": [-3, 1.56107, 4.95124], "size": [6, 9, 0], "uv": [60, 98]}
				]
			},
			{
				"name": "bone4",
				"parent": "bone3",
				"pivot": [-3, 2.56107, 4.95124],
				"rotation": [0, 0, 12.67771],
				"cubes": [
					{"origin": [-5, 5.56107, 4.95024], "size": [2, 5, 0], "uv": [30, 75]}
				]
			},
			{
				"name": "bone5",
				"parent": "bone3",
				"pivot": [3, 2.56107, 4.95124],
				"rotation": [0, 0, -12.67771],
				"cubes": [
					{"origin": [3, 5.56107, 4.95224], "size": [2, 5, 0], "uv": [0, 70]}
				]
			},
			{
				"name": "bone6",
				"parent": "bone",
				"pivot": [0, 3, 0],
				"rotation": [0, -90, 0]
			},
			{
				"name": "bone7",
				"parent": "bone6",
				"pivot": [0, 3, 4.95124],
				"rotation": [13, 0, 0],
				"cubes": [
					{"origin": [-3, 1.56107, 4.95124], "size": [6, 9, 0], "uv": [48, 98]}
				]
			},
			{
				"name": "bone8",
				"parent": "bone7",
				"pivot": [-3, 2.56107, 4.95124],
				"rotation": [0, 0, 12.67771],
				"cubes": [
					{"origin": [-5, 5.56107, 4.95024], "size": [2, 5, 0], "uv": [68, 22]}
				]
			},
			{
				"name": "bone9",
				"parent": "bone7",
				"pivot": [3, 2.56107, 4.95124],
				"rotation": [0, 0, -12.67771],
				"cubes": [
					{"origin": [3, 5.56107, 4.95224], "size": [2, 5, 0], "uv": [62, 12]}
				]
			},
			{
				"name": "bone10",
				"parent": "bone",
				"pivot": [0, 3, 0],
				"rotation": [0, -180, 0]
			},
			{
				"name": "bone11",
				"parent": "bone10",
				"pivot": [0, 3, 4.95124],
				"rotation": [13, 0, 0],
				"cubes": [
					{"origin": [-3, 1.56107, 4.95124], "size": [6, 9, 0], "uv": [98, 8]}
				]
			},
			{
				"name": "bone12",
				"parent": "bone11",
				"pivot": [-3, 2.56107, 4.95124],
				"rotation": [0, 0, 12.67771],
				"cubes": [
					{"origin": [-5, 5.56107, 4.95024], "size": [2, 5, 0], "uv": [60, 40]}
				]
			},
			{
				"name": "bone13",
				"parent": "bone11",
				"pivot": [3, 2.56107, 4.95124],
				"rotation": [0, 0, -12.67771],
				"cubes": [
					{"origin": [3, 5.56107, 4.95224], "size": [2, 5, 0], "uv": [0, 59]}
				]
			},
			{
				"name": "bone14",
				"parent": "bone",
				"pivot": [0, 3, 0],
				"rotation": [0, -270, 0]
			},
			{
				"name": "bone15",
				"parent": "bone14",
				"pivot": [0, 3, 4.95124],
				"rotation": [13, 0, 0],
				"cubes": [
					{"origin": [-3, 1.56107, 4.95124], "size": [6, 9, 0], "uv": [97, 57]}
				]
			},
			{
				"name": "bone16",
				"parent": "bone15",
				"pivot": [-3, 2.56107, 4.95124],
				"rotation": [0, 0, 12.67771],
				"cubes": [
					{"origin": [-5, 5.56107, 4.95024], "size": [2, 5, 0], "uv": [0, 47]}
				]
			},
			{
				"name": "bone17",
				"parent": "bone15",
				"pivot": [3, 2.56107, 4.95124],
				"rotation": [0, 0, -12.67771],
				"cubes": [
					{"origin": [3, 5.56107, 4.95224], "size": [2, 5, 0], "uv": [40, 5]}
				]
			},
			{
				"name": "sinFloat",
				"parent": "body",
				"pivot": [0, 10.5, -1],
				"rotation": [-12.5, -10, 5]
			},
			{
				"name": "chestPlate",
				"parent": "sinFloat",
				"pivot": [0, 10.5, -1]
			},
			{
				"name": "sleepHide",
				"parent": "chestPlate",
				"pivot": [0, 10.5, -1]
			},
			{
				"name": "bone19",
				"parent": "sleepHide",
				"pivot": [0, 9.5, -2],
				"cubes": [
					{"origin": [9, 9.5, -2], "size": [1, 8, 1], "uv": [39, 108], "inflate": -0.3},
					{"origin": [9, 15.5, -2], "size": [1, 2, 1], "uv": [39, 22], "inflate": -0.2},
					{"origin": [9, 9.5, -2], "size": [1, 2, 1], "uv": [51, 28], "inflate": -0.2}
				]
			},
			{
				"name": "bone20",
				"parent": "bone19",
				"pivot": [0, 9.5, -2],
				"cubes": [
					{"origin": [7.5, 16.5, -2], "size": [4, 4, 1], "uv": [62, 0]},
					{"origin": [7.5, 16.5, -2], "size": [4, 4, 1], "uv": [40, 0], "inflate": 0.1}
				]
			},
			{
				"name": "tails",
				"parent": "bone19",
				"pivot": [0, 15, 2],
				"rotation": [40, 0, 0]
			},
			{
				"name": "tail1",
				"parent": "tails",
				"pivot": [0, 15, 2],
				"rotation": [180, 0, 0],
				"cubes": [
					{"origin": [-1, 14, -2], "size": [2, 2, 4], "uv": [107, 81]}
				]
			},
			{
				"name": "bone27",
				"parent": "tail1",
				"pivot": [0, 16, 0],
				"rotation": [45, 0, 0],
				"cubes": [
					{"origin": [-1.5, 16, -3], "size": [3, 3, 3], "uv": [55, 107]}
				]
			},
			{
				"name": "bone28",
				"parent": "bone27",
				"pivot": [0, 19, 0],
				"rotation": [41.4096, 0, 0],
				"cubes": [
					{"origin": [-2, 19, -4], "size": [4, 4, 4], "uv": [32, 94]}
				]
			},
			{
				"name": "bone29",
				"parent": "bone28",
				"pivot": [0, 23, 0],
				"rotation": [36.86989, 0, 0],
				"cubes": [
					{"origin": [-2.5, 23, -5], "size": [5, 5, 5], "uv": [70, 80]}
				]
			},
			{
				"name": "bone30",
				"parent": "bone29",
				"pivot": [0, 28, 0],
				"rotation": [33.55731, 0, 0],
				"cubes": [
					{"origin": [-3, 28, -6], "size": [6, 6, 6], "uv": [42, 53]}
				]
			},
			{
				"name": "bone31",
				"parent": "bone30",
				"pivot": [0, 34, 0],
				"rotation": [33.5573, 0, 0],
				"cubes": [
					{"origin": [-2.5, 34, -5], "size": [5, 5, 5], "uv": [50, 80]}
				]
			},
			{
				"name": "bone32",
				"parent": "bone31",
				"pivot": [0, 39, 0],
				"rotation": [36.86989, 0, 0],
				"cubes": [
					{"origin": [-2, 39, -4], "size": [4, 4, 4], "uv": [16, 93]}
				]
			},
			{
				"name": "bone33",
				"parent": "bone32",
				"pivot": [0, 43, 0],
				"rotation": [41.40962, 0, 0],
				"cubes": [
					{"origin": [-1.5, 43, -3], "size": [3, 3, 3], "uv": [43, 107]}
				]
			},
			{
				"name": "bone34",
				"parent": "bone33",
				"pivot": [0, 46, 0],
				"rotation": [45, 0, 0],
				"cubes": [
					{"origin": [-1, 46, -2], "size": [2, 2, 2], "uv": [65, 70]}
				]
			},
			{
				"name": "tail2",
				"parent": "tails",
				"pivot": [0, 15, 2],
				"rotation": [180, -60, 0],
				"cubes": [
					{"origin": [-1, 14, -2], "size": [2, 2, 4], "uv": [19, 107]}
				]
			},
			{
				"name": "bone35",
				"parent": "tail2",
				"pivot": [0, 16, 0],
				"rotation": [45, 0, 0],
				"cubes": [
					{"origin": [-1.5, 16, -3], "size": [3, 3, 3], "uv": [7, 107]}
				]
			},
			{
				"name": "bone36",
				"parent": "bone35",
				"pivot": [0, 19, 0],
				"rotation": [41.4096, 0, 0],
				"cubes": [
					{"origin": [-2, 19, -4], "size": [4, 4, 4], "uv": [91, 49]}
				]
			},
			{
				"name": "bone37",
				"parent": "bone36",
				"pivot": [0, 23, 0],
				"rotation": [36.86989, 0, 0],
				"cubes": [
					{"origin": [-2.5, 23, -5], "size": [5, 5, 5], "uv": [0, 80]}
				]
			},
			{
				"name": "bone38",
				"parent": "bone37",
				"pivot": [0, 28, 0],
				"rotation": [33.55731, 0, 0],
				"cubes": [
					{"origin": [-3, 28, -6], "size": [6, 6, 6], "uv": [18, 53]}
				]
			},
			{
				"name": "bone39",
				"parent": "bone38",
				"pivot": [0, 34, 0],
				"rotation": [33.5573, 0, 0],
				"cubes": [
					{"origin": [-2.5, 34, -5], "size": [5, 5, 5], "uv": [76, 53]}
				]
			},
			{
				"name": "bone40",
				"parent": "bone39",
				"pivot": [0, 39, 0],
				"rotation": [36.86989, 0, 0],
				"cubes": [
					{"origin": [-2, 39, -4], "size": [4, 4, 4], "uv": [64, 90]}
				]
			},
			{
				"name": "bone41",
				"parent": "bone40",
				"pivot": [0, 43, 0],
				"rotation": [41.40962, 0, 0],
				"cubes": [
					{"origin": [-1.5, 43, -3], "size": [3, 3, 3], "uv": [106, 63]}
				]
			},
			{
				"name": "bone42",
				"parent": "bone41",
				"pivot": [0, 46, 0],
				"rotation": [45, 0, 0],
				"cubes": [
					{"origin": [-1, 46, -2], "size": [2, 2, 2], "uv": [50, 65]}
				]
			},
			{
				"name": "tail3",
				"parent": "tails",
				"pivot": [0, 15, 2],
				"rotation": [180, 60, 0],
				"cubes": [
					{"origin": [-1, 14, -2], "size": [2, 2, 4], "uv": [101, 104]}
				]
			},
			{
				"name": "bone43",
				"parent": "tail3",
				"pivot": [0, 16, 0],
				"rotation": [45, 0, 0],
				"cubes": [
					{"origin": [-1.5, 16, -3], "size": [3, 3, 3], "uv": [105, 90]}
				]
			},
			{
				"name": "bone44",
				"parent": "bone43",
				"pivot": [0, 19, 0],
				"rotation": [41.4096, 0, 0],
				"cubes": [
					{"origin": [-2, 19, -4], "size": [4, 4, 4], "uv": [48, 90]}
				]
			},
			{
				"name": "bone45",
				"parent": "bone44",
				"pivot": [0, 23, 0],
				"rotation": [36.86989, 0, 0],
				"cubes": [
					{"origin": [-2.5, 23, -5], "size": [5, 5, 5], "uv": [35, 75]}
				]
			},
			{
				"name": "bone46",
				"parent": "bone45",
				"pivot": [0, 28, 0],
				"rotation": [33.55731, 0, 0],
				"cubes": [
					{"origin": [-3, 28, -6], "size": [6, 6, 6], "uv": [50, 28]}
				]
			},
			{
				"name": "bone47",
				"parent": "bone46",
				"pivot": [0, 34, 0],
				"rotation": [33.5573, 0, 0],
				"cubes": [
					{"origin": [-2.5, 34, -5], "size": [5, 5, 5], "uv": [15, 75]}
				]
			},
			{
				"name": "bone48",
				"parent": "bone47",
				"pivot": [0, 39, 0],
				"rotation": [36.86989, 0, 0],
				"cubes": [
					{"origin": [-2, 39, -4], "size": [4, 4, 4], "uv": [0, 90]}
				]
			},
			{
				"name": "bone49",
				"parent": "bone48",
				"pivot": [0, 43, 0],
				"rotation": [41.40962, 0, 0],
				"cubes": [
					{"origin": [-1.5, 43, -3], "size": [3, 3, 3], "uv": [69, 105]}
				]
			},
			{
				"name": "bone50",
				"parent": "bone49",
				"pivot": [0, 46, 0],
				"rotation": [45, 0, 0],
				"cubes": [
					{"origin": [-1, 46, -2], "size": [2, 2, 2], "uv": [30, 65]}
				]
			},
			{
				"name": "tail4",
				"parent": "tails",
				"pivot": [0, 15, 2],
				"rotation": [120, -60, 0],
				"cubes": [
					{"origin": [-1, 14, -2], "size": [2, 2, 4], "uv": [104, 75]}
				]
			},
			{
				"name": "bone51",
				"parent": "tail4",
				"pivot": [0, 16, 0],
				"rotation": [45, 0, 0],
				"cubes": [
					{"origin": [-1.5, 16, -3], "size": [3, 3, 3], "uv": [104, 25]}
				]
			},
			{
				"name": "bone52",
				"parent": "bone51",
				"pivot": [0, 19, 0],
				"rotation": [41.4096, 0, 0],
				"cubes": [
					{"origin": [-2, 19, -4], "size": [4, 4, 4], "uv": [88, 41]}
				]
			},
			{
				"name": "bone53",
				"parent": "bone52",
				"pivot": [0, 23, 0],
				"rotation": [36.86989, 0, 0],
				"cubes": [
					{"origin": [-2.5, 23, -5], "size": [5, 5, 5], "uv": [70, 70]}
				]
			},
			{
				"name": "bone54",
				"parent": "bone53",
				"pivot": [0, 28, 0],
				"rotation": [33.55731, 0, 0],
				"cubes": [
					{"origin": [-3, 28, -6], "size": [6, 6, 6], "uv": [0, 47]}
				]
			},
			{
				"name": "bone55",
				"parent": "bone54",
				"pivot": [0, 34, 0],
				"rotation": [33.5573, 0, 0],
				"cubes": [
					{"origin": [-2.5, 34, -5], "size": [5, 5, 5], "uv": [50, 70]}
				]
			},
			{
				"name": "bone56",
				"parent": "bone55",
				"pivot": [0, 39, 0],
				"rotation": [36.86989, 0, 0],
				"cubes": [
					{"origin": [-2, 39, -4], "size": [4, 4, 4], "uv": [88, 0]}
				]
			},
			{
				"name": "bone57",
				"parent": "bone56",
				"pivot": [0, 43, 0],
				"rotation": [41.40962, 0, 0],
				"cubes": [
					{"origin": [-1.5, 43, -3], "size": [3, 3, 3], "uv": [104, 0]}
				]
			},
			{
				"name": "bone58",
				"parent": "bone57",
				"pivot": [0, 46, 0],
				"rotation": [45, 0, 0],
				"cubes": [
					{"origin": [-1, 46, -2], "size": [2, 2, 2], "uv": [54, 12]}
				]
			},
			{
				"name": "tail5",
				"parent": "tails",
				"pivot": [0, 15, 2],
				"rotation": [120, 60, 0],
				"cubes": [
					{"origin": [-1, 14, -2], "size": [2, 2, 4], "uv": [93, 102]}
				]
			},
			{
				"name": "bone59",
				"parent": "tail5",
				"pivot": [0, 16, 0],
				"rotation": [45, 0, 0],
				"cubes": [
					{"origin": [-1.5, 16, -3], "size": [3, 3, 3], "uv": [103, 46]}
				]
			},
			{
				"name": "bone60",
				"parent": "bone59",
				"pivot": [0, 19, 0],
				"rotation": [41.4096, 0, 0],
				"cubes": [
					{"origin": [-2, 19, -4], "size": [4, 4, 4], "uv": [86, 86]}
				]
			},
			{
				"name": "bone61",
				"parent": "bone60",
				"pivot": [0, 23, 0],
				"rotation": [36.86989, 0, 0],
				"cubes": [
					{"origin": [-2.5, 23, -5], "size": [5, 5, 5], "uv": [0, 70]}
				]
			},
			{
				"name": "bone62",
				"parent": "bone61",
				"pivot": [0, 28, 0],
				"rotation": [33.55731, 0, 0],
				"cubes": [
					{"origin": [-3, 28, -6], "size": [6, 6, 6], "uv": [44, 16]}
				]
			},
			{
				"name": "bone63",
				"parent": "bone62",
				"pivot": [0, 34, 0],
				"rotation": [33.5573, 0, 0],
				"cubes": [
					{"origin": [-2.5, 34, -5], "size": [5, 5, 5], "uv": [69, 35]}
				]
			},
			{
				"name": "bone64",
				"parent": "bone63",
				"pivot": [0, 39, 0],
				"rotation": [36.86989, 0, 0],
				"cubes": [
					{"origin": [-2, 39, -4], "size": [4, 4, 4], "uv": [86, 76]}
				]
			},
			{
				"name": "bone65",
				"parent": "bone64",
				"pivot": [0, 43, 0],
				"rotation": [41.40962, 0, 0],
				"cubes": [
					{"origin": [-1.5, 43, -3], "size": [3, 3, 3], "uv": [103, 17]}
				]
			},
			{
				"name": "bone66",
				"parent": "bone65",
				"pivot": [0, 46, 0],
				"rotation": [45, 0, 0],
				"cubes": [
					{"origin": [-1, 46, -2], "size": [2, 2, 2], "uv": [18, 32]}
				]
			},
			{
				"name": "tail6",
				"parent": "tails",
				"pivot": [0, 15, 2],
				"rotation": [150, 90, 0],
				"cubes": [
					{"origin": [-1, 14, -2], "size": [2, 2, 4], "uv": [101, 98]}
				]
			},
			{
				"name": "bone67",
				"parent": "tail6",
				"pivot": [0, 16, 0],
				"rotation": [45, 0, 0],
				"cubes": [
					{"origin": [-1.5, 16, -3], "size": [3, 3, 3], "uv": [81, 102]}
				]
			},
			{
				"name": "bone68",
				"parent": "bone67",
				"pivot": [0, 19, 0],
				"rotation": [41.4096, 0, 0],
				"cubes": [
					{"origin": [-2, 19, -4], "size": [4, 4, 4], "uv": [36, 86]}
				]
			},
			{
				"name": "bone69",
				"parent": "bone68",
				"pivot": [0, 23, 0],
				"rotation": [36.86989, 0, 0],
				"cubes": [
					{"origin": [-2.5, 23, -5], "size": [5, 5, 5], "uv": [68, 22]}
				]
			},
			{
				"name": "bone70",
				"parent": "bone69",
				"pivot": [0, 28, 0],
				"rotation": [33.55731, 0, 0],
				"cubes": [
					{"origin": [-3, 28, -6], "size": [6, 6, 6], "uv": [44, 0]}
				]
			},
			{
				"name": "bone71",
				"parent": "bone70",
				"pivot": [0, 34, 0],
				"rotation": [33.5573, 0, 0],
				"cubes": [
					{"origin": [-2.5, 34, -5], "size": [5, 5, 5], "uv": [68, 0]}
				]
			},
			{
				"name": "bone72",
				"parent": "bone71",
				"pivot": [0, 39, 0],
				"rotation": [36.86989, 0, 0],
				"cubes": [
					{"origin": [-2, 39, -4], "size": [4, 4, 4], "uv": [85, 63]}
				]
			},
			{
				"name": "bone73",
				"parent": "bone72",
				"pivot": [0, 43, 0],
				"rotation": [41.40962, 0, 0],
				"cubes": [
					{"origin": [-1.5, 43, -3], "size": [3, 3, 3], "uv": [34, 102]}
				]
			},
			{
				"name": "bone74",
				"parent": "bone73",
				"pivot": [0, 46, 0],
				"rotation": [45, 0, 0],
				"cubes": [
					{"origin": [-1, 46, -2], "size": [2, 2, 2], "uv": [0, 20]}
				]
			},
			{
				"name": "tail7",
				"parent": "tails",
				"pivot": [0, 15, 2],
				"rotation": [150, 30, 0],
				"cubes": [
					{"origin": [-1, 14, -2], "size": [2, 2, 4], "uv": [22, 101]}
				]
			},
			{
				"name": "bone75",
				"parent": "tail7",
				"pivot": [0, 16, 0],
				"rotation": [45, 0, 0],
				"cubes": [
					{"origin": [-1.5, 16, -3], "size": [3, 3, 3], "uv": [10, 101]}
				]
			},
			{
				"name": "bone76",
				"parent": "bone75",
				"pivot": [0, 19, 0],
				"rotation": [41.4096, 0, 0],
				"cubes": [
					{"origin": [-2, 19, -4], "size": [4, 4, 4], "uv": [20, 85]}
				]
			},
			{
				"name": "bone77",
				"parent": "bone76",
				"pivot": [0, 23, 0],
				"rotation": [36.86989, 0, 0],
				"cubes": [
					{"origin": [-2.5, 23, -5], "size": [5, 5, 5], "uv": [35, 65]}
				]
			},
			{
				"name": "bone78",
				"parent": "bone77",
				"pivot": [0, 28, 0],
				"rotation": [33.55731, 0, 0],
				"cubes": [
					{"origin": [-3, 28, -6], "size": [6, 6, 6], "uv": [42, 41]}
				]
			},
			{
				"name": "bone79",
				"parent": "bone78",
				"pivot": [0, 34, 0],
				"rotation": [33.5573, 0, 0],
				"cubes": [
					{"origin": [-2.5, 34, -5], "size": [5, 5, 5], "uv": [15, 65]}
				]
			},
			{
				"name": "bone80",
				"parent": "bone79",
				"pivot": [0, 39, 0],
				"rotation": [36.86989, 0, 0],
				"cubes": [
					{"origin": [-2, 39, -4], "size": [4, 4, 4], "uv": [84, 28]}
				]
			},
			{
				"name": "bone81",
				"parent": "bone80",
				"pivot": [0, 43, 0],
				"rotation": [41.40962, 0, 0],
				"cubes": [
					{"origin": [-1.5, 43, -3], "size": [3, 3, 3], "uv": [100, 39]}
				]
			},
			{
				"name": "bone82",
				"parent": "bone81",
				"pivot": [0, 46, 0],
				"rotation": [45, 0, 0],
				"cubes": [
					{"origin": [-1, 46, -2], "size": [2, 2, 2], "uv": [0, 16]}
				]
			},
			{
				"name": "tail8",
				"parent": "tails",
				"pivot": [0, 15, 2],
				"rotation": [150, -30, 0],
				"cubes": [
					{"origin": [-1, 14, -2], "size": [2, 2, 4], "uv": [72, 99]}
				]
			},
			{
				"name": "bone83",
				"parent": "tail8",
				"pivot": [0, 16, 0],
				"rotation": [45, 0, 0],
				"cubes": [
					{"origin": [-1.5, 16, -3], "size": [3, 3, 3], "uv": [98, 84]}
				]
			},
			{
				"name": "bone84",
				"parent": "bone83",
				"pivot": [0, 19, 0],
				"rotation": [41.4096, 0, 0],
				"cubes": [
					{"origin": [-2, 19, -4], "size": [4, 4, 4], "uv": [83, 18]}
				]
			},
			{
				"name": "bone85",
				"parent": "bone84",
				"pivot": [0, 23, 0],
				"rotation": [36.86989, 0, 0],
				"cubes": [
					{"origin": [-2.5, 23, -5], "size": [5, 5, 5], "uv": [62, 12]}
				]
			},
			{
				"name": "bone86",
				"parent": "bone85",
				"pivot": [0, 28, 0],
				"rotation": [33.55731, 0, 0],
				"cubes": [
					{"origin": [-3, 28, -6], "size": [6, 6, 6], "uv": [18, 41]}
				]
			},
			{
				"name": "bone87",
				"parent": "bone86",
				"pivot": [0, 34, 0],
				"rotation": [33.5573, 0, 0],
				"cubes": [
					{"origin": [-2.5, 34, -5], "size": [5, 5, 5], "uv": [61, 60]}
				]
			},
			{
				"name": "bone88",
				"parent": "bone87",
				"pivot": [0, 39, 0],
				"rotation": [36.86989, 0, 0],
				"cubes": [
					{"origin": [-2, 39, -4], "size": [4, 4, 4], "uv": [82, 10]}
				]
			},
			{
				"name": "bone89",
				"parent": "bone88",
				"pivot": [0, 43, 0],
				"rotation": [41.40962, 0, 0],
				"cubes": [
					{"origin": [-1.5, 43, -3], "size": [3, 3, 3], "uv": [97, 33]}
				]
			},
			{
				"name": "bone90",
				"parent": "bone89",
				"pivot": [0, 46, 0],
				"rotation": [45, 0, 0],
				"cubes": [
					{"origin": [-1, 46, -2], "size": [2, 2, 2], "uv": [0, 4]}
				]
			},
			{
				"name": "tail9",
				"parent": "tails",
				"pivot": [0, 15, 2],
				"rotation": [150, -90, 0],
				"cubes": [
					{"origin": [-1, 14, -2], "size": [2, 2, 4], "uv": [95, 22]}
				]
			},
			{
				"name": "bone91",
				"parent": "tail9",
				"pivot": [0, 16, 0],
				"rotation": [45, 0, 0],
				"cubes": [
					{"origin": [-1.5, 16, -3], "size": [3, 3, 3], "uv": [36, 53]}
				]
			},
			{
				"name": "bone92",
				"parent": "bone91",
				"pivot": [0, 19, 0],
				"rotation": [41.4096, 0, 0],
				"cubes": [
					{"origin": [-2, 19, -4], "size": [4, 4, 4], "uv": [76, 45]}
				]
			},
			{
				"name": "bone93",
				"parent": "bone92",
				"pivot": [0, 23, 0],
				"rotation": [36.86989, 0, 0],
				"cubes": [
					{"origin": [-2.5, 23, -5], "size": [5, 5, 5], "uv": [61, 48]}
				]
			},
			{
				"name": "bone94",
				"parent": "bone93",
				"pivot": [0, 28, 0],
				"rotation": [33.55731, 0, 0],
				"cubes": [
					{"origin": [-3, 28, -6], "size": [6, 6, 6], "uv": [26, 10]}
				]
			},
			{
				"name": "bone95",
				"parent": "bone94",
				"pivot": [0, 34, 0],
				"rotation": [33.5573, 0, 0],
				"cubes": [
					{"origin": [-2.5, 34, -5], "size": [5, 5, 5], "uv": [0, 60]}
				]
			},
			{
				"name": "bone96",
				"parent": "bone95",
				"pivot": [0, 39, 0],
				"rotation": [36.86989, 0, 0],
				"cubes": [
					{"origin": [-2, 39, -4], "size": [4, 4, 4], "uv": [24, 0]}
				]
			},
			{
				"name": "bone97",
				"parent": "bone96",
				"pivot": [0, 43, 0],
				"rotation": [41.40962, 0, 0],
				"cubes": [
					{"origin": [-1.5, 43, -3], "size": [3, 3, 3], "uv": [36, 41]}
				]
			},
			{
				"name": "bone98",
				"parent": "bone97",
				"pivot": [0, 46, 0],
				"rotation": [45, 0, 0],
				"cubes": [
					{"origin": [-1, 46, -2], "size": [2, 2, 2], "uv": [0, 0]}
				]
			},
			{
				"name": "legLeft",
				"pivot": [2, 9, 0],
				"cubes": [
					{"origin": [0.499, 0.1, -1.5], "size": [2.75, 9, 3], "uv": [0, 98]},
					{"origin": [0.499, 0.1, -1.5], "size": [2.75, 1.3, 3], "uv": [44, 12], "inflate": 0.2},
					{"origin": [0.499, 2.1, -1.5], "size": [2.75, 1, 3], "uv": [44, 28], "inflate": 0.1}
				]
			},
			{
				"name": "legRight",
				"pivot": [-2, 9, 0],
				"cubes": [
					{"origin": [-3.249, 0.2, -1.5], "size": [2.75, 8.8, 3], "uv": [98, 68]},
					{"origin": [-3.249, 0.2, -1.5], "size": [2.75, 1.3, 3], "uv": [32, 22], "inflate": 0.2}
				]
			},
			{
				"name": "tail",
				"pivot": [0, 8, 4],
				"rotation": [20, 0, 0],
				"cubes": [
					{"origin": [-1, 7, 2], "size": [2, 2, 5], "uv": [60, 40]}
				]
			}
		]
	}
}