{
	"format_version": "1.10.0",
	"geometry.model": {
		"texturewidth": 128,
		"textureheight": 128,
		"visible_bounds_width": 3,
		"visible_bounds_height": 4,
		"visible_bounds_offset": [0, 1, 0],
		"bones": [
			{
				"name": "head",
				"pivot": [0, 18, 0],
				"cubes": [
					{"origin": [-4, 18, -4], "size": [8, 8, 8], "uv": [0, 18]}
				]
			},
			{
				"name": "blink",
				"parent": "head",
				"pivot": [0, 18, 0],
				"cubes": [
					{"origin": [-4, 18, -4.001], "size": [8, 8, 0], "uv": [24, 0]}
				]
			},
			{
				"name": "lear",
				"parent": "head",
				"pivot": [0, 18, 0]
			},
			{
				"name": "bone45",
				"parent": "lear",
				"pivot": [0, 18, 0],
				"rotation": [0, -42.5, -17.5],
				"cubes": [
					{"origin": [-4, 25, -1], "size": [2, 1, 2], "uv": [0, 21]}
				]
			},
			{
				"name": "rear",
				"parent": "head",
				"pivot": [0, 18, 0]
			},
			{
				"name": "bone46",
				"parent": "rear",
				"pivot": [0, 18, 0],
				"rotation": [0, 42.5, 17.5],
				"cubes": [
					{"origin": [2, 25, -1], "size": [2, 1, 2], "uv": [0, 18]}
				]
			},
			{
				"name": "helmet",
				"parent": "head",
				"pivot": [0, 18, 0]
			},
			{
				"name": "toubuzhuangshi",
				"parent": "helmet",
				"pivot": [0, 18, 0]
			},
			{
				"name": "bone41",
				"parent": "toubuzhuangshi",
				"pivot": [0, 18, 0],
				"cubes": [
					{"origin": [-4, 25.8, -4], "size": [8, 2.2, 8], "uv": [24, 10], "inflate": -0.2}
				]
			},
			{
				"name": "bone47",
				"parent": "toubuzhuangshi",
				"pivot": [0, 18, 0],
				"rotation": [0, 0, 2.5],
				"cubes": [
					{"origin": [-5.65, 27, -3], "size": [2, 1, 2], "uv": [0, 3], "inflate": -0.2}
				]
			},
			{
				"name": "bone48",
				"parent": "toubuzhuangshi",
				"pivot": [0, 18, 0],
				"rotation": [0, 0, -2.5],
				"cubes": [
					{"origin": [3.65, 27, -3], "size": [2, 1, 2], "uv": [0, 0], "inflate": -0.2}
				]
			},
			{
				"name": "bone49",
				"parent": "toubuzhuangshi",
				"pivot": [0, 18, 0],
				"cubes": [
					{"origin": [-0.744, 26.542, -4.35], "size": [1, 1, 1], "uv": [0, 24], "inflate": -0.2}
				]
			},
			{
				"name": "hair",
				"parent": "head",
				"pivot": [0, 16, 2],
				"rotation": [45, 0, 0],
				"cubes": [
					{"origin": [-4, 7, -2], "size": [8, 10, 8], "uv": [0, 0]}
				]
			},
			{
				"name": "armRight",
				"pivot": [-3, 17.5, 0],
				"rotation": [0, 0, 25],
				"cubes": [
					{"origin": [-5, 8.5, -1], "size": [2, 8, 2], "uv": [62, 10]},
					{"origin": [-5.5, 9.5, -1.5], "size": [3, 8, 3], "uv": [48, 7]}
				]
			},
			{
				"name": "xie",
				"parent": "armRight",
				"pivot": [-3, 17.5, 0],
				"cubes": [
					{"origin": [-8, 17.5, -1], "size": [4, 0, 2], "uv": [30, 8]}
				]
			},
			{
				"name": "armLeft",
				"pivot": [3, 17.5, 0],
				"rotation": [0, 0, -25],
				"cubes": [
					{"origin": [2.5, 9.5, -1.5], "size": [3, 8, 3], "uv": [0, 47]},
					{"origin": [3, 8.5, -1], "size": [2, 8, 2], "uv": [58, 60]}
				]
			},
			{
				"name": "bone42",
				"parent": "armLeft",
				"pivot": [3, 17.5, 0],
				"cubes": [
					{"origin": [4, 17.5, -1], "size": [4, 0, 2], "uv": [22, 24]}
				]
			},
			{
				"name": "body",
				"pivot": [0, 10.5, 0],
				"cubes": [
					{"origin": [-3, 8.999, -3], "size": [6, 9, 6], "uv": [20, 43]},
					{"origin": [-3, 8.999, -3], "size": [6, 9, 6], "uv": [26, 28], "inflate": 0.1}
				]
			},
			{
				"name": "sittingRotationSkirt",
				"parent": "body",
				"pivot": [0, 10.5, 0]
			},
			{
				"name": "bone",
				"parent": "sittingRotationSkirt",
				"pivot": [0, 14.5, 0]
			},
			{
				"name": "bone2",
				"parent": "bone",
				"pivot": [0, 4, 0]
			},
			{
				"name": "bone3",
				"parent": "bone2",
				"pivot": [0, 4, 5.73769],
				"rotation": [31, 0, 0]
			},
			{
				"name": "bone4",
				"parent": "bone3",
				"pivot": [0, 4, 5.73769],
				"rotation": [0, -45, 0],
				"cubes": [
					{"origin": [-1, 4, 4.73769], "size": [2, 8, 2], "uv": [50, 60]}
				]
			},
			{
				"name": "bone5",
				"parent": "bone",
				"pivot": [0, 4, 0],
				"rotation": [0, -27.69231, 0]
			},
			{
				"name": "bone6",
				"parent": "bone5",
				"pivot": [0, 4, 5.73769],
				"rotation": [31, 0, 0]
			},
			{
				"name": "bone7",
				"parent": "bone6",
				"pivot": [0, 4, 5.73769],
				"rotation": [0, -45, 0],
				"cubes": [
					{"origin": [-1, 4, 4.73769], "size": [2, 8, 2], "uv": [42, 60]}
				]
			},
			{
				"name": "bone8",
				"parent": "bone",
				"pivot": [0, 4, 0],
				"rotation": [0, -55.38462, 0]
			},
			{
				"name": "bone9",
				"parent": "bone8",
				"pivot": [0, 4, 5.73769],
				"rotation": [31, 0, 0]
			},
			{
				"name": "bone10",
				"parent": "bone9",
				"pivot": [0, 4, 5.73769],
				"rotation": [0, -45, 0],
				"cubes": [
					{"origin": [-1, 4, 4.73769], "size": [2, 8, 2], "uv": [34, 58]}
				]
			},
			{
				"name": "bone11",
				"parent": "bone",
				"pivot": [0, 4, 0],
				"rotation": [0, -83.07692, 0]
			},
			{
				"name": "bone12",
				"parent": "bone11",
				"pivot": [0, 4, 5.73769],
				"rotation": [31, 0, 0]
			},
			{
				"name": "bone13",
				"parent": "bone12",
				"pivot": [0, 4, 5.73769],
				"rotation": [0, -45, 0],
				"cubes": [
					{"origin": [-1, 4, 4.73769], "size": [2, 8, 2], "uv": [58, 28]}
				]
			},
			{
				"name": "bone14",
				"parent": "bone",
				"pivot": [0, 4, 0],
				"rotation": [0, -110.76923, 0]
			},
			{
				"name": "bone15",
				"parent": "bone14",
				"pivot": [0, 4, 5.73769],
				"rotation": [31, 0, 0]
			},
			{
				"name": "bone16",
				"parent": "bone15",
				"pivot": [0, 4, 5.73769],
				"rotation": [0, -45, 0],
				"cubes": [
					{"origin": [-1, 4, 4.73769], "size": [2, 8, 2], "uv": [26, 58]}
				]
			},
			{
				"name": "bone17",
				"parent": "bone",
				"pivot": [0, 4, 0],
				"rotation": [0, -138.46154, 0]
			},
			{
				"name": "bone18",
				"parent": "bone17",
				"pivot": [0, 4, 5.73769],
				"rotation": [31, 0, 0]
			},
			{
				"name": "bone19",
				"parent": "bone18",
				"pivot": [0, 4, 5.73769],
				"rotation": [0, -45, 0],
				"cubes": [
					{"origin": [-1, 4, 4.73769], "size": [2, 8, 2], "uv": [18, 58]}
				]
			},
			{
				"name": "bone20",
				"parent": "bone",
				"pivot": [0, 4, 0],
				"rotation": [0, -166.15385, 0]
			},
			{
				"name": "bone21",
				"parent": "bone20",
				"pivot": [0, 4, 5.73769],
				"rotation": [31, 0, 0]
			},
			{
				"name": "bone22",
				"parent": "bone21",
				"pivot": [0, 4, 5.73769],
				"rotation": [0, -45, 0],
				"cubes": [
					{"origin": [-1, 4, 4.73769], "size": [2, 8, 2], "uv": [0, 58]}
				]
			},
			{
				"name": "bone23",
				"parent": "bone",
				"pivot": [0, 4, 0],
				"rotation": [0, -193.84615, 0]
			},
			{
				"name": "bone24",
				"parent": "bone23",
				"pivot": [0, 4, 5.73769],
				"rotation": [31, 0, 0]
			},
			{
				"name": "bone25",
				"parent": "bone24",
				"pivot": [0, 4, 5.73769],
				"rotation": [0, -45, 0],
				"cubes": [
					{"origin": [-1, 4, 4.73769], "size": [2, 8, 2], "uv": [10, 57]}
				]
			},
			{
				"name": "bone26",
				"parent": "bone",
				"pivot": [0, 4, 0],
				"rotation": [0, -221.53846, 0]
			},
			{
				"name": "bone27",
				"parent": "bone26",
				"pivot": [0, 4, 5.73769],
				"rotation": [31, 0, 0]
			},
			{
				"name": "bone28",
				"parent": "bone27",
				"pivot": [0, 4, 5.73769],
				"rotation": [0, -45, 0],
				"cubes": [
					{"origin": [-1, 4, 4.73769], "size": [2, 8, 2], "uv": [57, 0]}
				]
			},
			{
				"name": "bone29",
				"parent": "bone",
				"pivot": [0, 4, 0],
				"rotation": [0, -249.23077, 0]
			},
			{
				"name": "bone30",
				"parent": "bone29",
				"pivot": [0, 4, 5.73769],
				"rotation": [31, 0, 0]
			},
			{
				"name": "bone31",
				"parent": "bone30",
				"pivot": [0, 4, 5.73769],
				"rotation": [0, -45, 0],
				"cubes": [
					{"origin": [-1, 4, 4.73769], "size": [2, 8, 2], "uv": [56, 18]}
				]
			},
			{
				"name": "bone32",
				"parent": "bone",
				"pivot": [0, 4, 0],
				"rotation": [0, -276.92308, 0]
			},
			{
				"name": "bone33",
				"parent": "bone32",
				"pivot": [0, 4, 5.73769],
				"rotation": [31, 0, 0]
			},
			{
				"name": "bone34",
				"parent": "bone33",
				"pivot": [0, 4, 5.73769],
				"rotation": [0, -45, 0],
				"cubes": [
					{"origin": [-1, 4, 4.73769], "size": [2, 8, 2], "uv": [50, 30]}
				]
			},
			{
				"name": "bone35",
				"parent": "bone",
				"pivot": [0, 4, 0],
				"rotation": [0, -304.61538, 0]
			},
			{
				"name": "bone36",
				"parent": "bone35",
				"pivot": [0, 4, 5.73769],
				"rotation": [31, 0, 0]
			},
			{
				"name": "bone37",
				"parent": "bone36",
				"pivot": [0, 4, 5.73769],
				"rotation": [0, -45, 0],
				"cubes": [
					{"origin": [-1, 4, 4.73769], "size": [2, 8, 2], "uv": [48, 20]}
				]
			},
			{
				"name": "bone38",
				"parent": "bone",
				"pivot": [0, 4, 0],
				"rotation": [0, -332.30769, 0]
			},
			{
				"name": "bone39",
				"parent": "bone38",
				"pivot": [0, 4, 5.73769],
				"rotation": [31, 0, 0]
			},
			{
				"name": "bone40",
				"parent": "bone39",
				"pivot": [0, 4, 5.73769],
				"rotation": [0, -45, 0],
				"cubes": [
					{"origin": [-1, 4, 4.73769], "size": [2, 8, 2], "uv": [12, 47]}
				]
			},
			{
				"name": "pj",
				"parent": "body",
				"pivot": [0, 10.5, 0]
			},
			{
				"name": "bone43",
				"parent": "pj",
				"pivot": [0, 10.5, 0],
				"rotation": [0, 0, 7.5],
				"cubes": [
					{"origin": [-7, 15.5, -2], "size": [4, 3, 4], "uv": [40, 0]}
				]
			},
			{
				"name": "bone44",
				"parent": "pj",
				"pivot": [0, 10.5, 0],
				"rotation": [0, 0, -7.5],
				"cubes": [
					{"origin": [3, 15.5, -2], "size": [4, 3, 4], "uv": [32, 20]}
				]
			},
			{
				"name": "sinFloat",
				"parent": "body",
				"pivot": [0, 10.5, 0]
			},
			{
				"name": "shuita",
				"parent": "sinFloat",
				"pivot": [0, 9.5, -2]
			},
			{
				"name": "bone50",
				"parent": "shuita",
				"pivot": [0, 9.5, -2],
				"cubes": [
					{"origin": [11, 9.5, -3], "size": [5, 13, 4], "uv": [44, 43]}
				]
			},
			{
				"name": "bone51",
				"parent": "shuita",
				"pivot": [0, 9.5, -1],
				"rotation": [0, -2.5, -2.5],
				"cubes": [
					{"origin": [11.58, 16.5, -4], "size": [1.42, 1, 1], "uv": [4, 6], "inflate": -0.1256}
				]
			},
			{
				"name": "bone55",
				"parent": "shuita",
				"pivot": [27, 9.5, -1],
				"rotation": [0, 2.5, 2.5],
				"cubes": [
					{"origin": [14, 16.5, -4], "size": [1.42, 1, 1], "uv": [0, 6], "inflate": -0.1256}
				]
			},
			{
				"name": "bone52",
				"parent": "shuita",
				"pivot": [0, 9.5, -2],
				"rotation": [0, 0, 12.5],
				"cubes": [
					{"origin": [11, 10.5, -1], "size": [1, 2, 1], "uv": [22, 34]}
				]
			},
			{
				"name": "bone53",
				"parent": "shuita",
				"pivot": [27, 9.5, -2],
				"rotation": [0, 0, -12.5],
				"cubes": [
					{"origin": [15, 10.5, -1], "size": [1, 2, 1], "uv": [7, 34]}
				]
			},
			{
				"name": "bone54",
				"parent": "shuita",
				"pivot": [0, 9.5, -2],
				"cubes": [
					{"origin": [13, 7.3, 0], "size": [1, 2.2, 1], "uv": [31, 20]}
				]
			},
			{
				"name": "legLeft",
				"pivot": [2, 9, 0],
				"cubes": [
					{"origin": [0.499, 0.1, -1.5], "size": [2.75, 8.9, 3], "uv": [15, 34]},
					{"origin": [0.499, 6.1, -1.5], "size": [2.75, 1, 3], "uv": [24, 20], "inflate": 0.1},
					{"origin": [0.499, 0.1, -1.5], "size": [2.75, 3, 3], "uv": [58, 38], "inflate": 0.1},
					{"origin": [0.499, 0.1, -1.5], "size": [2.75, 1.4, 3], "uv": [62, 49], "inflate": 0.2}
				]
			},
			{
				"name": "legRight",
				"pivot": [-2, 9, 0],
				"cubes": [
					{"origin": [-3.249, 0.2, -1.5], "size": [2.75, 8.8, 3], "uv": [0, 34]},
					{"origin": [-3.249, 0.2, -1.5], "size": [2.75, 2.9, 3], "uv": [62, 44], "inflate": 0.1},
					{"origin": [-3.249, 0.2, -1.5], "size": [2.75, 1.4, 3], "uv": [38, 43], "inflate": 0.2}
				]
			},
			{
				"name": "tail",
				"pivot": [0, 8, 4],
				"rotation": [20, 0, 0],
				"cubes": [
					{"origin": [-1, 7, 4], "size": [2, 2, 11], "uv": [0, 34]}
				]
			}
		]
	}
}