{
	"format_version": "1.10.0",
	"geometry.model": {
		"texturewidth": 128,
		"textureheight": 128,
		"visible_bounds_width": 3,
		"visible_bounds_height": 4,
		"visible_bounds_offset": [0, 1, 0],
		"bones": [
			{
				"name": "head",
				"pivot": [0, 18, 0],
				"cubes": [
					{"origin": [-4, 18, -4], "size": [8, 8, 8], "uv": [0, 0]}
				]
			},
			{
				"name": "blink",
				"parent": "head",
				"pivot": [0, 18, 0],
				"cubes": [
					{"origin": [-4, 18, -4.001], "size": [8, 8, 0], "uv": [12, 37]}
				]
			},
			{
				"name": "sinFloat",
				"parent": "head",
				"pivot": [0, 18, 0]
			},
			{
				"name": "bone38",
				"parent": "sinFloat",
				"pivot": [0, 18, 0],
				"rotation": [-15, 0, -12.5],
				"cubes": [
					{"origin": [-8, 32, -6], "size": [7, 0, 7], "uv": [17, 0]}
				]
			},
			{
				"name": "bz",
				"parent": "head",
				"pivot": [-1, 18, 0],
				"rotation": [0, 0, 12.5]
			},
			{
				"name": "bone40",
				"parent": "bz",
				"pivot": [-1, 18, 0],
				"cubes": [
					{"origin": [-6, 23, -2], "size": [1, 1, 1], "uv": [43, 44]}
				]
			},
			{
				"name": "bone43",
				"parent": "bz",
				"pivot": [-1, 18, 0],
				"cubes": [
					{"origin": [-7, 15, -2], "size": [1, 8, 1], "uv": [0, 59]}
				]
			},
			{
				"name": "hu",
				"parent": "bz",
				"pivot": [-1, 18, 0]
			},
			{
				"name": "lh",
				"parent": "bz",
				"pivot": [3, 18, 1],
				"cubes": [
					{"origin": [-6.95259, 23.56712, -3], "size": [1, 1, 3], "uv": [60, 34]}
				]
			},
			{
				"name": "bone52",
				"parent": "lh",
				"pivot": [3, 19, 2],
				"rotation": [7.5, 0, 0],
				"cubes": [
					{"origin": [-6.95259, 24.57082, -0.0565], "size": [1, 1, 3], "uv": [60, 29]}
				]
			},
			{
				"name": "bone53",
				"parent": "lh",
				"pivot": [3, 17, 0],
				"rotation": [-7.5, 0, 0],
				"cubes": [
					{"origin": [-6.95259, 23.57082, -5.9435], "size": [1, 1, 3], "uv": [60, 20]}
				]
			},
			{
				"name": "bone54",
				"parent": "lh",
				"pivot": [0, 19, 0],
				"rotation": [7.5, 0, 0],
				"cubes": [
					{"origin": [-6.95259, 19.57082, -0.0565], "size": [1, 4, 1], "uv": [24, 62]}
				]
			},
			{
				"name": "bone55",
				"parent": "lh",
				"pivot": [3, 18, 1],
				"rotation": [-7.5, 0, 0],
				"cubes": [
					{"origin": [-6.95259, 19.57082, -3.9435], "size": [1, 4, 1], "uv": [52, 61]}
				]
			},
			{
				"name": "bz2",
				"parent": "head",
				"pivot": [1, 18, 0],
				"rotation": [0, 0, -12.5]
			},
			{
				"name": "bone47",
				"parent": "bz2",
				"pivot": [1, 18, 0],
				"cubes": [
					{"origin": [5, 23, -2], "size": [1, 1, 1], "uv": [44, 8]}
				]
			},
			{
				"name": "bone48",
				"parent": "bz2",
				"pivot": [1, 18, 0],
				"cubes": [
					{"origin": [6, 15, -2], "size": [1, 8, 1], "uv": [40, 58]}
				]
			},
			{
				"name": "lh2",
				"parent": "bz2",
				"pivot": [-3, 18, 1],
				"cubes": [
					{"origin": [5.95259, 23.56712, -3], "size": [1, 1, 3], "uv": [60, 14]}
				]
			},
			{
				"name": "bone56",
				"parent": "lh2",
				"pivot": [-3, 19, 2],
				"rotation": [7.5, 0, 0],
				"cubes": [
					{"origin": [5.95259, 24.57082, -0.0565], "size": [1, 1, 3], "uv": [57, 58]}
				]
			},
			{
				"name": "bone57",
				"parent": "lh2",
				"pivot": [-3, 17, 0],
				"rotation": [-7.5, 0, 0],
				"cubes": [
					{"origin": [5.95259, 23.57082, -5.9435], "size": [1, 1, 3], "uv": [57, 10]}
				]
			},
			{
				"name": "bone58",
				"parent": "lh2",
				"pivot": [0, 19, 0],
				"rotation": [7.5, 0, 0],
				"cubes": [
					{"origin": [5.95259, 19.57082, -0.0565], "size": [1, 4, 1], "uv": [20, 61]}
				]
			},
			{
				"name": "bone59",
				"parent": "lh2",
				"pivot": [-3, 18, 1],
				"rotation": [-7.5, 0, 0],
				"cubes": [
					{"origin": [5.95259, 19.57082, -3.9435], "size": [1, 4, 1], "uv": [8, 49]}
				]
			},
			{
				"name": "hat",
				"parent": "head",
				"pivot": [0, 18, -1],
				"rotation": [-10, 0, 0]
			},
			{
				"name": "bone41",
				"parent": "hat",
				"pivot": [0, 18, -1],
				"cubes": [
					{"origin": [-4.5, 27, -5.5], "size": [9, 2, 9], "uv": [0, 16]}
				]
			},
			{
				"name": "bone42",
				"parent": "hat",
				"pivot": [0, 18, -1],
				"cubes": [
					{"origin": [-4, 26, -5], "size": [8, 2, 8], "uv": [0, 27]}
				]
			},
			{
				"name": "hair",
				"parent": "head",
				"pivot": [0, 18, 0]
			},
			{
				"name": "bone60",
				"parent": "hair",
				"pivot": [0, 18, 0],
				"rotation": [5, 0, 0],
				"cubes": [
					{"origin": [-4, 14, 4], "size": [8, 4, 0], "uv": [48, 25]}
				]
			},
			{
				"name": "armRight",
				"pivot": [-3, 17.5, 0],
				"rotation": [0, 0, 25],
				"cubes": [
					{"origin": [-4.5, 8.5, -1], "size": [2, 8, 2], "uv": [0, 49]},
					{"origin": [-5, 9.5, -1.5], "size": [3, 6, 3], "uv": [46, 45]}
				]
			},
			{
				"name": "rc",
				"parent": "armRight",
				"pivot": [-3, 17.5, 0]
			},
			{
				"name": "bone44",
				"parent": "rc",
				"pivot": [-3, 17.5, 0],
				"rotation": [0, 17.5, 25],
				"cubes": [
					{"origin": [-7, 12.5, -0.5], "size": [5, 1, 1], "uv": [51, 21]}
				]
			},
			{
				"name": "bone45",
				"parent": "rc",
				"pivot": [-3, 16.5, 0],
				"rotation": [0, 17.5, 25],
				"cubes": [
					{"origin": [-7, 11.5, -0.5], "size": [5, 1, 1], "uv": [48, 29]}
				]
			},
			{
				"name": "bone46",
				"parent": "rc",
				"pivot": [-3, 15.5, 0],
				"rotation": [0, 17.5, 25],
				"cubes": [
					{"origin": [-7, 10.5, -0.5], "size": [5, 1, 1], "uv": [43, 42]}
				]
			},
			{
				"name": "deco4",
				"parent": "armRight",
				"pivot": [-1, 30.25, 0.95],
				"rotation": [-21, 15, 0]
			},
			{
				"name": "bone124",
				"parent": "deco4",
				"pivot": [-1, 17.75, 6.95]
			},
			{
				"name": "bone125",
				"parent": "bone124",
				"pivot": [-1, 30.25, 0.45],
				"rotation": [0, 0, -5],
				"cubes": [
					{"origin": [-5.37624, 14.20759, 2.61698], "size": [3, 1, 1], "uv": [44, 61]}
				]
			},
			{
				"name": "bone126",
				"parent": "bone124",
				"pivot": [-1, 30.25, 0.45],
				"rotation": [0, 0, 15],
				"cubes": [
					{"origin": [0.19359, 13.70436, 2.61698], "size": [3, 1, 1], "uv": [61, 40]}
				]
			},
			{
				"name": "bone127",
				"parent": "deco4",
				"pivot": [-1, 17.75, 6.95]
			},
			{
				"name": "bone128",
				"parent": "bone127",
				"pivot": [-1, 30.25, 0.45],
				"rotation": [0, 0, 5],
				"cubes": [
					{"origin": [-5.60093, 13.68465, 2.61698], "size": [3, 1, 1], "uv": [12, 61]}
				]
			},
			{
				"name": "bone129",
				"parent": "bone127",
				"pivot": [-1, 30.25, 0.45],
				"rotation": [0, 0, -15],
				"cubes": [
					{"origin": [-10.98914, 15.25727, 2.61698], "size": [3, 1, 1], "uv": [4, 61]}
				]
			},
			{
				"name": "bone130",
				"parent": "deco4",
				"pivot": [-1, 17.75, 6.95],
				"cubes": [
					{"origin": [-4.5, 13.94218, 2.61698], "size": [1, 1, 1], "uv": [38, 35], "inflate": 0.1}
				]
			},
			{
				"name": "bone131",
				"parent": "deco4",
				"pivot": [-0.5, 30.21527, 0.75304],
				"rotation": [0, 0, -20],
				"cubes": [
					{"origin": [-9.22567, 13.38684, 3.42002], "size": [1, 3, 0], "uv": [33, 47]}
				]
			},
			{
				"name": "bone132",
				"parent": "deco4",
				"pivot": [-1.5, 30.21527, 0.75304],
				"rotation": [0, 0, 20],
				"cubes": [
					{"origin": [0.58752, 11.33472, 3.42002], "size": [1, 3, 0], "uv": [24, 47]}
				]
			},
			{
				"name": "armLeft",
				"pivot": [3, 17.5, 0],
				"rotation": [0, 0, -25],
				"cubes": [
					{"origin": [2, 9.5, -1.5], "size": [3, 6, 3], "uv": [12, 45]},
					{"origin": [2.5, 8.5, -1], "size": [2, 8, 2], "uv": [36, 48]}
				]
			},
			{
				"name": "lc",
				"parent": "armLeft",
				"pivot": [3, 17.5, 0]
			},
			{
				"name": "bone49",
				"parent": "lc",
				"pivot": [3, 17.5, 0],
				"rotation": [0, -17.5, -25],
				"cubes": [
					{"origin": [2, 12.5, -0.5], "size": [5, 1, 1], "uv": [32, 8]}
				]
			},
			{
				"name": "bone50",
				"parent": "lc",
				"pivot": [3, 16.5, 0],
				"rotation": [0, -17.5, -25],
				"cubes": [
					{"origin": [2, 11.5, -0.5], "size": [5, 1, 1], "uv": [24, 29]}
				]
			},
			{
				"name": "bone51",
				"parent": "lc",
				"pivot": [3, 15.5, 0],
				"rotation": [0, -17.5, -25],
				"cubes": [
					{"origin": [2, 10.5, -0.5], "size": [5, 1, 1], "uv": [24, 27]}
				]
			},
			{
				"name": "deco2",
				"parent": "armLeft",
				"pivot": [7, 30.25, 1.95],
				"rotation": [-21, -5, 0]
			},
			{
				"name": "bone61",
				"parent": "deco2",
				"pivot": [7, 17.75, 7.95]
			},
			{
				"name": "bone62",
				"parent": "bone61",
				"pivot": [7, 30.25, 1.45],
				"rotation": [0, 0, -5],
				"cubes": [
					{"origin": [2.62376, 14.20759, 3.61698], "size": [3, 1, 1], "uv": [60, 56]}
				]
			},
			{
				"name": "bone63",
				"parent": "bone61",
				"pivot": [7, 30.25, 1.45],
				"rotation": [0, 0, 15],
				"cubes": [
					{"origin": [8.19359, 13.70436, 3.61698], "size": [3, 1, 1], "uv": [59, 0]}
				]
			},
			{
				"name": "bone64",
				"parent": "deco2",
				"pivot": [7, 17.75, 7.95]
			},
			{
				"name": "bone65",
				"parent": "bone64",
				"pivot": [7, 30.25, 1.45],
				"rotation": [0, 0, 5],
				"cubes": [
					{"origin": [2.39907, 13.68465, 3.61698], "size": [3, 1, 1], "uv": [58, 54]}
				]
			},
			{
				"name": "bone66",
				"parent": "bone64",
				"pivot": [7, 30.25, 1.45],
				"rotation": [0, 0, -15],
				"cubes": [
					{"origin": [-2.98914, 15.25727, 3.61698], "size": [3, 1, 1], "uv": [58, 38]}
				]
			},
			{
				"name": "bone67",
				"parent": "deco2",
				"pivot": [7, 17.75, 7.95],
				"cubes": [
					{"origin": [3.5, 13.94218, 3.61698], "size": [1, 1, 1], "uv": [24, 33], "inflate": 0.1}
				]
			},
			{
				"name": "bone68",
				"parent": "deco2",
				"pivot": [7.5, 30.21527, 1.75304],
				"rotation": [0, 0, -20],
				"cubes": [
					{"origin": [-1.22567, 13.38684, 4.42002], "size": [1, 3, 0], "uv": [12, 45]}
				]
			},
			{
				"name": "bone69",
				"parent": "deco2",
				"pivot": [6.5, 30.21527, 1.75304],
				"rotation": [0, 0, 20],
				"cubes": [
					{"origin": [8.58752, 11.33472, 4.42002], "size": [1, 3, 0], "uv": [9, 37]}
				]
			},
			{
				"name": "body",
				"pivot": [0, 10.5, 0],
				"cubes": [
					{"origin": [-3, 8.999, -3], "size": [6, 9, 6], "uv": [27, 10]}
				]
			},
			{
				"name": "sittingRotationSkirt",
				"parent": "body",
				"pivot": [0, 10.5, 0]
			},
			{
				"name": "bone",
				"parent": "sittingRotationSkirt",
				"pivot": [0, 16.5, 0]
			},
			{
				"name": "bone2",
				"parent": "bone",
				"pivot": [0, 6, 0]
			},
			{
				"name": "bone3",
				"parent": "bone2",
				"pivot": [0, 6, 5.27792],
				"rotation": [39, 0, 0]
			},
			{
				"name": "bone4",
				"parent": "bone3",
				"pivot": [0, 6, 5.27792],
				"rotation": [0, -45, 0],
				"cubes": [
					{"origin": [-1, 6, 4.27792], "size": [2, 5, 2], "uv": [58, 47]}
				]
			},
			{
				"name": "bone5",
				"parent": "bone",
				"pivot": [0, 6, 0],
				"rotation": [0, -30, 0]
			},
			{
				"name": "bone6",
				"parent": "bone5",
				"pivot": [0, 6, 5.27792],
				"rotation": [39, 0, 0]
			},
			{
				"name": "bone7",
				"parent": "bone6",
				"pivot": [0, 6, 5.27792],
				"rotation": [0, -45, 0],
				"cubes": [
					{"origin": [-1, 6, 4.27792], "size": [2, 5, 2], "uv": [32, 58]}
				]
			},
			{
				"name": "bone8",
				"parent": "bone",
				"pivot": [0, 6, 0],
				"rotation": [0, -60, 0]
			},
			{
				"name": "bone9",
				"parent": "bone8",
				"pivot": [0, 6, 5.27792],
				"rotation": [39, 0, 0]
			},
			{
				"name": "bone10",
				"parent": "bone9",
				"pivot": [0, 6, 5.27792],
				"rotation": [0, -45, 0],
				"cubes": [
					{"origin": [-1, 6, 4.27792], "size": [2, 5, 2], "uv": [55, 40]}
				]
			},
			{
				"name": "bone11",
				"parent": "bone",
				"pivot": [0, 6, 0],
				"rotation": [0, -90, 0]
			},
			{
				"name": "bone12",
				"parent": "bone11",
				"pivot": [0, 6, 5.27792],
				"rotation": [39, 0, 0]
			},
			{
				"name": "bone13",
				"parent": "bone12",
				"pivot": [0, 6, 5.27792],
				"rotation": [0, -45, 0],
				"cubes": [
					{"origin": [-1, 6, 4.27792], "size": [2, 5, 2], "uv": [24, 55]}
				]
			},
			{
				"name": "bone14",
				"parent": "bone",
				"pivot": [0, 6, 0],
				"rotation": [0, -120, 0]
			},
			{
				"name": "bone15",
				"parent": "bone14",
				"pivot": [0, 6, 5.27792],
				"rotation": [39, 0, 0]
			},
			{
				"name": "bone16",
				"parent": "bone15",
				"pivot": [0, 6, 5.27792],
				"rotation": [0, -45, 0],
				"cubes": [
					{"origin": [-1, 6, 4.27792], "size": [2, 5, 2], "uv": [52, 54]}
				]
			},
			{
				"name": "bone17",
				"parent": "bone",
				"pivot": [0, 6, 0],
				"rotation": [0, -150, 0]
			},
			{
				"name": "bone18",
				"parent": "bone17",
				"pivot": [0, 6, 5.27792],
				"rotation": [39, 0, 0]
			},
			{
				"name": "bone19",
				"parent": "bone18",
				"pivot": [0, 6, 5.27792],
				"rotation": [0, -45, 0],
				"cubes": [
					{"origin": [-1, 6, 4.27792], "size": [2, 5, 2], "uv": [44, 54]}
				]
			},
			{
				"name": "bone20",
				"parent": "bone",
				"pivot": [0, 6, 0],
				"rotation": [0, -180, 0]
			},
			{
				"name": "bone21",
				"parent": "bone20",
				"pivot": [0, 6, 5.27792],
				"rotation": [39, 0, 0]
			},
			{
				"name": "bone22",
				"parent": "bone21",
				"pivot": [0, 6, 5.27792],
				"rotation": [0, -45, 0],
				"cubes": [
					{"origin": [-1, 6, 4.27792], "size": [2, 5, 2], "uv": [16, 54]}
				]
			},
			{
				"name": "bone23",
				"parent": "bone",
				"pivot": [0, 6, 0],
				"rotation": [0, -210, 0]
			},
			{
				"name": "bone24",
				"parent": "bone23",
				"pivot": [0, 6, 5.27792],
				"rotation": [39, 0, 0]
			},
			{
				"name": "bone25",
				"parent": "bone24",
				"pivot": [0, 6, 5.27792],
				"rotation": [0, -45, 0],
				"cubes": [
					{"origin": [-1, 6, 4.27792], "size": [2, 5, 2], "uv": [8, 54]}
				]
			},
			{
				"name": "bone26",
				"parent": "bone",
				"pivot": [0, 6, 0],
				"rotation": [0, -240, 0]
			},
			{
				"name": "bone27",
				"parent": "bone26",
				"pivot": [0, 6, 5.27792],
				"rotation": [39, 0, 0]
			},
			{
				"name": "bone28",
				"parent": "bone27",
				"pivot": [0, 6, 5.27792],
				"rotation": [0, -45, 0],
				"cubes": [
					{"origin": [-1, 7, 4.27792], "size": [2, 4, 2], "uv": [41, 35]}
				]
			},
			{
				"name": "bone29",
				"parent": "bone",
				"pivot": [0, 6, 0],
				"rotation": [0, -270, 0]
			},
			{
				"name": "bone30",
				"parent": "bone29",
				"pivot": [0, 6, 5.27792],
				"rotation": [39, 0, 0]
			},
			{
				"name": "bone31",
				"parent": "bone30",
				"pivot": [0, 6, 5.27792],
				"rotation": [0, -45, 0],
				"cubes": [
					{"origin": [-1, 6, 4.27792], "size": [2, 5, 2], "uv": [0, 27]}
				]
			},
			{
				"name": "bone32",
				"parent": "bone",
				"pivot": [0, 6, 0],
				"rotation": [0, -300, 0]
			},
			{
				"name": "bone33",
				"parent": "bone32",
				"pivot": [0, 6, 5.27792],
				"rotation": [39, 0, 0]
			},
			{
				"name": "bone34",
				"parent": "bone33",
				"pivot": [0, 6, 5.27792],
				"rotation": [0, -45, 0],
				"cubes": [
					{"origin": [-1, 6, 4.27792], "size": [2, 5, 2], "uv": [0, 16]}
				]
			},
			{
				"name": "bone35",
				"parent": "bone",
				"pivot": [0, 6, 0],
				"rotation": [0, -330, 0]
			},
			{
				"name": "bone36",
				"parent": "bone35",
				"pivot": [0, 6, 5.27792],
				"rotation": [39, 0, 0]
			},
			{
				"name": "bone37",
				"parent": "bone36",
				"pivot": [0, 6, 5.27792],
				"rotation": [0, -45, 0],
				"cubes": [
					{"origin": [-1, 6, 4.27792], "size": [2, 5, 2], "uv": [0, 0]}
				]
			},
			{
				"name": "bone39",
				"parent": "body",
				"pivot": [0, 10.5, 0],
				"cubes": [
					{"origin": [-3, 13, -3], "size": [6, 4, 6], "uv": [30, 25], "inflate": 0.2}
				]
			},
			{
				"name": "bone70",
				"parent": "body",
				"pivot": [0, 10.5, 0],
				"cubes": [
					{"origin": [-3, 16.5, -3], "size": [1, 1.5, 6], "uv": [43, 35], "inflate": 0.1}
				]
			},
			{
				"name": "bone71",
				"parent": "body",
				"pivot": [0, 10.5, 0],
				"cubes": [
					{"origin": [2, 16.5, -3], "size": [1, 1.5, 6], "uv": [35, 41], "inflate": 0.1}
				]
			},
			{
				"name": "deco3",
				"parent": "body",
				"pivot": [0, 26.25, -4.05],
				"rotation": [-6, 0, 0]
			},
			{
				"name": "bone174",
				"parent": "deco3",
				"pivot": [0, 13.75, 1.95]
			},
			{
				"name": "bone175",
				"parent": "bone174",
				"pivot": [0, 26.25, -4.55],
				"rotation": [0, 0, 5],
				"cubes": [
					{"origin": [-2.13242, 15.89055, -3.01019], "size": [3, 1, 1], "uv": [51, 37]}
				]
			},
			{
				"name": "bone176",
				"parent": "bone174",
				"pivot": [0, 26.25, -4.55],
				"rotation": [0, 0, -15],
				"cubes": [
					{"origin": [-5.54696, 16.24462, -3.01019], "size": [3, 1, 1], "uv": [51, 23]}
				]
			},
			{
				"name": "bone177",
				"parent": "deco3",
				"pivot": [0, 13.75, 1.95]
			},
			{
				"name": "bone178",
				"parent": "bone177",
				"pivot": [0, 26.25, -4.55],
				"rotation": [0, 0, -5],
				"cubes": [
					{"origin": [-0.86758, 15.89055, -3.01019], "size": [3, 1, 1], "uv": [21, 45]}
				]
			},
			{
				"name": "bone179",
				"parent": "bone177",
				"pivot": [0, 26.25, -4.55],
				"rotation": [0, 0, 15],
				"cubes": [
					{"origin": [2.54696, 16.24462, -3.01019], "size": [3, 1, 1], "uv": [0, 23]}
				]
			},
			{
				"name": "bone180",
				"parent": "deco3",
				"pivot": [0, 13.75, 1.95],
				"cubes": [
					{"origin": [-0.5, 15.90931, -3.01019], "size": [1, 1, 1], "uv": [24, 31], "inflate": 0.1}
				]
			},
			{
				"name": "bone181",
				"parent": "deco3",
				"pivot": [-0.5, 26.21527, -4.24696],
				"rotation": [0, 0, 20],
				"cubes": [
					{"origin": [2.36571, 13.96805, -2.20715], "size": [1, 3, 0], "uv": [0, 37]}
				]
			},
			{
				"name": "bone182",
				"parent": "deco3",
				"pivot": [0.5, 26.21527, -4.24696],
				"rotation": [0, 0, -20],
				"cubes": [
					{"origin": [-3.36571, 13.96805, -2.20715], "size": [1, 3, 0], "uv": [28, 31]}
				]
			},
			{
				"name": "yd",
				"parent": "body",
				"pivot": [0, 10.5, 0],
				"cubes": [
					{"origin": [-3, 9.5, -3], "size": [6, 1, 6], "uv": [32, 1], "inflate": 0.1}
				]
			},
			{
				"name": "legLeft",
				"pivot": [2, 9, 0],
				"cubes": [
					{"origin": [0.499, 0, -1.5], "size": [3, 9, 3], "uv": [0, 37]}
				]
			},
			{
				"name": "bone72",
				"parent": "legLeft",
				"pivot": [2, 9, 0],
				"cubes": [
					{"origin": [0.499, 0, -1.5], "size": [3, 5.2, 3], "uv": [24, 47], "inflate": 0.1},
					{"origin": [0.499, 5.5, -1.5], "size": [3, 2, 3], "uv": [51, 16], "inflate": 0.1}
				]
			},
			{
				"name": "bone74",
				"parent": "legLeft",
				"pivot": [2, 9, 0],
				"cubes": [
					{"origin": [0.499, 0, -1.5], "size": [3, 2, 3], "uv": [54, 5], "inflate": 0.2}
				]
			},
			{
				"name": "legRight",
				"pivot": [-2, 9, 0],
				"cubes": [
					{"origin": [-3.499, 0, -1.5], "size": [3, 9, 3], "uv": [29, 35]}
				]
			},
			{
				"name": "bone73",
				"parent": "legRight",
				"pivot": [-2, 9, 0],
				"cubes": [
					{"origin": [-3.499, 0, -1.5], "size": [3, 5.2, 3], "uv": [45, 8], "inflate": 0.1},
					{"origin": [-3.499, 5.5, -1.5], "size": [3, 2, 3], "uv": [50, 0], "inflate": 0.1}
				]
			},
			{
				"name": "bone75",
				"parent": "legRight",
				"pivot": [-2, 9, 0],
				"cubes": [
					{"origin": [-3.499, 0, -1.5], "size": [3, 2, 3], "uv": [51, 32], "inflate": 0.2}
				]
			}
		]
	}
}