{
	"format_version": "1.10.0",
	"geometry.model": {
		"texturewidth": 128,
		"textureheight": 128,
		"visible_bounds_width": 3,
		"visible_bounds_height": 4,
		"visible_bounds_offset": [0, 1, 0],
		"bones": [
			{
				"name": "head",
				"pivot": [0, 18, 0],
				"cubes": [
					{"origin": [-4, 18, -4], "size": [8, 8, 8], "uv": [24, 9]},
					{"origin": [-4, 18, -4], "size": [8, 8, 8], "uv": [0, 17], "inflate": 0.1},
					{"origin": [-4, 22, -4], "size": [8, 3, 8], "uv": [24, 25], "inflate": 0.13}
				]
			},
			{
				"name": "blink",
				"parent": "head",
				"pivot": [0, 18, 0],
				"cubes": [
					{"origin": [-4, 18, -4.001], "size": [8, 8, 0], "uv": [0, 48]}
				]
			},
			{
				"name": "hair",
				"parent": "head",
				"pivot": [0, 10, 0],
				"rotation": [37.5, 0, 0],
				"cubes": [
					{"origin": [-4, 6, 0], "size": [8, 9, 8], "uv": [0, 0], "inflate": 0.1}
				]
			},
			{
				"name": "bz2",
				"parent": "head",
				"pivot": [0, 17, 0],
				"rotation": [-10, 0, 0]
			},
			{
				"name": "bone82",
				"parent": "bz2",
				"pivot": [0, 17, 0],
				"cubes": [
					{"origin": [3, 16, -4], "size": [1, 2, 1], "uv": [24, 3]}
				]
			},
			{
				"name": "bone81",
				"parent": "bone82",
				"pivot": [4, 16, -4],
				"rotation": [-12.5, 0, 15],
				"cubes": [
					{"origin": [3, 13, -4], "size": [1, 3.2, 1], "uv": [18, 33]}
				]
			},
			{
				"name": "bone83",
				"parent": "bone81",
				"pivot": [4, 13, -4],
				"rotation": [0, 0, 10],
				"cubes": [
					{"origin": [3, 10, -4], "size": [1, 3, 1], "uv": [0, 33]}
				]
			},
			{
				"name": "hu",
				"parent": "head",
				"pivot": [0, 18, 0],
				"rotation": [0, 0, -5]
			},
			{
				"name": "bone84",
				"parent": "hu",
				"pivot": [0, 18, 0],
				"cubes": [
					{"origin": [4, 24, -2], "size": [1, 1, 1], "uv": [0, 23]}
				]
			},
			{
				"name": "bone85",
				"parent": "bone84",
				"pivot": [4, 24, -1],
				"rotation": [-35, 0, 0],
				"cubes": [
					{"origin": [5, 24, -2], "size": [0, 1, 2], "uv": [4, 4]}
				]
			},
			{
				"name": "bone86",
				"parent": "hu",
				"pivot": [0, 18, -3]
			},
			{
				"name": "bone87",
				"parent": "bone86",
				"pivot": [4, 24, -2],
				"rotation": [35, 0, 0],
				"cubes": [
					{"origin": [5, 24, -3], "size": [0, 1, 2], "uv": [0, 4]}
				]
			},
			{
				"name": "bone88",
				"parent": "hu",
				"pivot": [4, 24, -2],
				"rotation": [-22.5, 0, 0],
				"cubes": [
					{"origin": [5, 22, -2], "size": [0, 3, 1], "uv": [4, 32]}
				]
			},
			{
				"name": "bone89",
				"parent": "hu",
				"pivot": [5, 24, -1],
				"rotation": [22.5, 0, 0],
				"cubes": [
					{"origin": [5, 22, -2], "size": [0, 3, 1], "uv": [28, 2]}
				]
			},
			{
				"name": "armRight",
				"pivot": [-3, 17.5, 0],
				"rotation": [0, 0, 25],
				"cubes": [
					{"origin": [-4.564, 9, -1], "size": [2, 8, 2], "uv": [26, 51]},
					{"origin": [-4.564, 12.5, -1], "size": [2, 4, 2], "uv": [0, 17], "inflate": 0.3}
				]
			},
			{
				"name": "armLeft",
				"pivot": [3, 17.5, 0],
				"rotation": [0, 0, -25],
				"cubes": [
					{"origin": [2.654, 9, -1], "size": [2, 8, 2], "uv": [48, 46]},
					{"origin": [2.654, 12.5, -1], "size": [2, 4, 2], "uv": [0, 0], "inflate": 0.3}
				]
			},
			{
				"name": "body",
				"pivot": [0, 10.5, 0],
				"cubes": [
					{"origin": [-3, 8.999, -3], "size": [6, 9, 6], "uv": [24, 36]},
					{"origin": [-3, 8.999, -3], "size": [6, 9, 6], "uv": [0, 33], "inflate": 0.1},
					{"origin": [-3, 10.999, -3], "size": [6, 2, 6], "uv": [24, 0], "inflate": 0.12}
				]
			},
			{
				"name": "sittingRotationSkirt",
				"parent": "body",
				"pivot": [0, 10.5, 0]
			},
			{
				"name": "bone",
				"parent": "sittingRotationSkirt",
				"pivot": [0, 15.5, 0]
			},
			{
				"name": "bone2",
				"parent": "bone",
				"pivot": [0, 5, 0]
			},
			{
				"name": "bone3",
				"parent": "bone2",
				"pivot": [0, 5, 5.73769],
				"rotation": [33, 0, 0]
			},
			{
				"name": "bone4",
				"parent": "bone3",
				"pivot": [0, 5, 5.73769],
				"rotation": [0, -45, 0],
				"cubes": [
					{"origin": [-1, 5, 4.73769], "size": [2, 7, 2], "uv": [16, 68]}
				]
			},
			{
				"name": "bone5",
				"parent": "bone",
				"pivot": [0, 5, 0],
				"rotation": [0, -27.69231, 0]
			},
			{
				"name": "bone6",
				"parent": "bone5",
				"pivot": [0, 5, 5.73769],
				"rotation": [33, 0, 0]
			},
			{
				"name": "bone7",
				"parent": "bone6",
				"pivot": [0, 5, 5.73769],
				"rotation": [0, -45, 0],
				"cubes": [
					{"origin": [-1, 5, 4.73769], "size": [2, 7, 2], "uv": [8, 65]}
				]
			},
			{
				"name": "bone8",
				"parent": "bone",
				"pivot": [0, 5, 0],
				"rotation": [0, -55.38462, 0]
			},
			{
				"name": "bone9",
				"parent": "bone8",
				"pivot": [0, 5, 5.73769],
				"rotation": [33, 0, 0]
			},
			{
				"name": "bone10",
				"parent": "bone9",
				"pivot": [0, 5, 5.73769],
				"rotation": [0, -45, 0],
				"cubes": [
					{"origin": [-1, 5, 4.73769], "size": [2, 7, 2], "uv": [0, 65]}
				]
			},
			{
				"name": "bone11",
				"parent": "bone",
				"pivot": [0, 5, 0],
				"rotation": [0, -83.07692, 0]
			},
			{
				"name": "bone12",
				"parent": "bone11",
				"pivot": [0, 5, 5.73769],
				"rotation": [33, 0, 0]
			},
			{
				"name": "bone13",
				"parent": "bone12",
				"pivot": [0, 5, 5.73769],
				"rotation": [0, -45, 0],
				"cubes": [
					{"origin": [-1, 5, 4.73769], "size": [2, 7, 2], "uv": [64, 25]}
				]
			},
			{
				"name": "bone14",
				"parent": "bone",
				"pivot": [0, 5, 0],
				"rotation": [0, -110.76923, 0]
			},
			{
				"name": "bone15",
				"parent": "bone14",
				"pivot": [0, 5, 5.73769],
				"rotation": [33, 0, 0]
			},
			{
				"name": "bone16",
				"parent": "bone15",
				"pivot": [0, 5, 5.73769],
				"rotation": [0, -45, 0],
				"cubes": [
					{"origin": [-1, 5, 4.73769], "size": [2, 7, 2], "uv": [64, 16]}
				]
			},
			{
				"name": "bone17",
				"parent": "bone",
				"pivot": [0, 5, 0],
				"rotation": [0, -138.46154, 0]
			},
			{
				"name": "bone18",
				"parent": "bone17",
				"pivot": [0, 5, 5.73769],
				"rotation": [33, 0, 0]
			},
			{
				"name": "bone19",
				"parent": "bone18",
				"pivot": [0, 5, 5.73769],
				"rotation": [0, -45, 0],
				"cubes": [
					{"origin": [-1, 5, 4.73769], "size": [2, 7, 2], "uv": [64, 7]}
				]
			},
			{
				"name": "bone20",
				"parent": "bone",
				"pivot": [0, 5, 0],
				"rotation": [0, -166.15385, 0]
			},
			{
				"name": "bone21",
				"parent": "bone20",
				"pivot": [0, 5, 5.73769],
				"rotation": [33, 0, 0]
			},
			{
				"name": "bone22",
				"parent": "bone21",
				"pivot": [0, 5, 5.73769],
				"rotation": [0, -45, 0],
				"cubes": [
					{"origin": [-1, 5, 4.73769], "size": [2, 7, 2], "uv": [40, 63]}
				]
			},
			{
				"name": "bone23",
				"parent": "bone",
				"pivot": [0, 5, 0],
				"rotation": [0, -193.84615, 0]
			},
			{
				"name": "bone24",
				"parent": "bone23",
				"pivot": [0, 5, 5.73769],
				"rotation": [33, 0, 0]
			},
			{
				"name": "bone25",
				"parent": "bone24",
				"pivot": [0, 5, 5.73769],
				"rotation": [0, -45, 0],
				"cubes": [
					{"origin": [-1, 5, 4.73769], "size": [2, 7, 2], "uv": [62, 51]}
				]
			},
			{
				"name": "bone26",
				"parent": "bone",
				"pivot": [0, 5, 0],
				"rotation": [0, -221.53846, 0]
			},
			{
				"name": "bone27",
				"parent": "bone26",
				"pivot": [0, 5, 5.73769],
				"rotation": [33, 0, 0]
			},
			{
				"name": "bone28",
				"parent": "bone27",
				"pivot": [0, 5, 5.73769],
				"rotation": [0, -45, 0],
				"cubes": [
					{"origin": [-1, 5, 4.73769], "size": [2, 7, 2], "uv": [62, 37]}
				]
			},
			{
				"name": "bone29",
				"parent": "bone",
				"pivot": [0, 5, 0],
				"rotation": [0, -249.23077, 0]
			},
			{
				"name": "bone30",
				"parent": "bone29",
				"pivot": [0, 5, 5.73769],
				"rotation": [33, 0, 0]
			},
			{
				"name": "bone31",
				"parent": "bone30",
				"pivot": [0, 5, 5.73769],
				"rotation": [0, -45, 0],
				"cubes": [
					{"origin": [-1, 5, 4.73769], "size": [2, 7, 2], "uv": [60, 61]}
				]
			},
			{
				"name": "bone32",
				"parent": "bone",
				"pivot": [0, 5, 0],
				"rotation": [0, -276.92308, 0]
			},
			{
				"name": "bone33",
				"parent": "bone32",
				"pivot": [0, 5, 5.73769],
				"rotation": [33, 0, 0]
			},
			{
				"name": "bone34",
				"parent": "bone33",
				"pivot": [0, 5, 5.73769],
				"rotation": [0, -45, 0],
				"cubes": [
					{"origin": [-1, 5, 4.73769], "size": [2, 7, 2], "uv": [48, 61]}
				]
			},
			{
				"name": "bone35",
				"parent": "bone",
				"pivot": [0, 5, 0],
				"rotation": [0, -304.61538, 0]
			},
			{
				"name": "bone36",
				"parent": "bone35",
				"pivot": [0, 5, 5.73769],
				"rotation": [33, 0, 0]
			},
			{
				"name": "bone37",
				"parent": "bone36",
				"pivot": [0, 5, 5.73769],
				"rotation": [0, -45, 0],
				"cubes": [
					{"origin": [-1, 5, 4.73769], "size": [2, 7, 2], "uv": [24, 61]}
				]
			},
			{
				"name": "bone38",
				"parent": "bone",
				"pivot": [0, 5, 0],
				"rotation": [0, -332.30769, 0]
			},
			{
				"name": "bone39",
				"parent": "bone38",
				"pivot": [0, 5, 5.73769],
				"rotation": [33, 0, 0]
			},
			{
				"name": "bone40",
				"parent": "bone39",
				"pivot": [0, 5, 5.73769],
				"rotation": [0, -45, 0],
				"cubes": [
					{"origin": [-1, 5, 4.73769], "size": [2, 7, 2], "uv": [32, 60]}
				]
			},
			{
				"name": "bone41",
				"parent": "sittingRotationSkirt",
				"pivot": [0, 16.5, 0]
			},
			{
				"name": "bone42",
				"parent": "bone41",
				"pivot": [0, 6, 0]
			},
			{
				"name": "bone43",
				"parent": "bone42",
				"pivot": [0, 6, 5.73769],
				"rotation": [33, 0, 0]
			},
			{
				"name": "bone44",
				"parent": "bone43",
				"pivot": [0, 6, 5.73769],
				"rotation": [0, -45, 0],
				"cubes": [
					{"origin": [-1, 6, 4.73769], "size": [2, 7, 2], "uv": [16, 59]}
				]
			},
			{
				"name": "bone45",
				"parent": "bone41",
				"pivot": [0, 6, 0],
				"rotation": [0, -27.69231, 0]
			},
			{
				"name": "bone46",
				"parent": "bone45",
				"pivot": [0, 6, 5.73769],
				"rotation": [33, 0, 0]
			},
			{
				"name": "bone47",
				"parent": "bone46",
				"pivot": [0, 6, 5.73769],
				"rotation": [0, -45, 0],
				"cubes": [
					{"origin": [-1, 6, 4.73769], "size": [2, 7, 2], "uv": [58, 0]}
				]
			},
			{
				"name": "bone48",
				"parent": "bone41",
				"pivot": [0, 6, 0],
				"rotation": [0, -55.38462, 0]
			},
			{
				"name": "bone49",
				"parent": "bone48",
				"pivot": [0, 6, 5.73769],
				"rotation": [33, 0, 0]
			},
			{
				"name": "bone50",
				"parent": "bone49",
				"pivot": [0, 6, 5.73769],
				"rotation": [0, -45, 0],
				"cubes": [
					{"origin": [-1, 6, 4.73769], "size": [2, 7, 2], "uv": [56, 44]}
				]
			},
			{
				"name": "bone51",
				"parent": "bone41",
				"pivot": [0, 6, 0],
				"rotation": [0, -83.07692, 0]
			},
			{
				"name": "bone52",
				"parent": "bone51",
				"pivot": [0, 6, 5.73769],
				"rotation": [33, 0, 0]
			},
			{
				"name": "bone53",
				"parent": "bone52",
				"pivot": [0, 6, 5.73769],
				"rotation": [0, -45, 0],
				"cubes": [
					{"origin": [-1, 6, 4.73769], "size": [2, 7, 2], "uv": [56, 30]}
				]
			},
			{
				"name": "bone54",
				"parent": "bone41",
				"pivot": [0, 6, 0],
				"rotation": [0, -110.76923, 0]
			},
			{
				"name": "bone55",
				"parent": "bone54",
				"pivot": [0, 6, 5.73769],
				"rotation": [33, 0, 0]
			},
			{
				"name": "bone56",
				"parent": "bone55",
				"pivot": [0, 6, 5.73769],
				"rotation": [0, -45, 0],
				"cubes": [
					{"origin": [-1, 6, 4.73769], "size": [2, 7, 2], "uv": [56, 19]}
				]
			},
			{
				"name": "bone57",
				"parent": "bone41",
				"pivot": [0, 6, 0],
				"rotation": [0, -138.46154, 0]
			},
			{
				"name": "bone58",
				"parent": "bone57",
				"pivot": [0, 6, 5.73769],
				"rotation": [33, 0, 0]
			},
			{
				"name": "bone59",
				"parent": "bone58",
				"pivot": [0, 6, 5.73769],
				"rotation": [0, -45, 0]
			},
			{
				"name": "bone60",
				"parent": "bone41",
				"pivot": [0, 6, 0],
				"rotation": [0, -166.15385, 0]
			},
			{
				"name": "bone61",
				"parent": "bone60",
				"pivot": [0, 6, 5.73769],
				"rotation": [33, 0, 0]
			},
			{
				"name": "bone62",
				"parent": "bone61",
				"pivot": [0, 6, 5.73769],
				"rotation": [0, -45, 0]
			},
			{
				"name": "bone63",
				"parent": "bone41",
				"pivot": [0, 6, 0],
				"rotation": [0, -193.84615, 0]
			},
			{
				"name": "bone64",
				"parent": "bone63",
				"pivot": [0, 6, 5.73769],
				"rotation": [33, 0, 0]
			},
			{
				"name": "bone65",
				"parent": "bone64",
				"pivot": [0, 6, 5.73769],
				"rotation": [0, -45, 0],
				"cubes": [
					{"origin": [-1, 6, 4.73769], "size": [2, 7, 2], "uv": [56, 10]}
				]
			},
			{
				"name": "bone66",
				"parent": "bone41",
				"pivot": [0, 6, 0],
				"rotation": [0, -221.53846, 0]
			},
			{
				"name": "bone67",
				"parent": "bone66",
				"pivot": [0, 6, 5.73769],
				"rotation": [33, 0, 0]
			},
			{
				"name": "bone68",
				"parent": "bone67",
				"pivot": [0, 6, 5.73769],
				"rotation": [0, -45, 0],
				"cubes": [
					{"origin": [-1, 6, 4.73769], "size": [2, 7, 2], "uv": [8, 56]}
				]
			},
			{
				"name": "bone69",
				"parent": "bone41",
				"pivot": [0, 6, 0],
				"rotation": [0, -249.23077, 0]
			},
			{
				"name": "bone70",
				"parent": "bone69",
				"pivot": [0, 6, 5.73769],
				"rotation": [33, 0, 0]
			},
			{
				"name": "bone71",
				"parent": "bone70",
				"pivot": [0, 6, 5.73769],
				"rotation": [0, -45, 0],
				"cubes": [
					{"origin": [-1, 6, 4.73769], "size": [2, 7, 2], "uv": [0, 56]}
				]
			},
			{
				"name": "bone72",
				"parent": "bone41",
				"pivot": [0, 6, 0],
				"rotation": [0, -276.92308, 0]
			},
			{
				"name": "bone73",
				"parent": "bone72",
				"pivot": [0, 6, 5.73769],
				"rotation": [33, 0, 0]
			},
			{
				"name": "bone74",
				"parent": "bone73",
				"pivot": [0, 6, 5.73769],
				"rotation": [0, -45, 0],
				"cubes": [
					{"origin": [-1, 6, 4.73769], "size": [2, 7, 2], "uv": [54, 54]}
				]
			},
			{
				"name": "bone75",
				"parent": "bone41",
				"pivot": [0, 6, 0],
				"rotation": [0, -304.61538, 0]
			},
			{
				"name": "bone76",
				"parent": "bone75",
				"pivot": [0, 6, 5.73769],
				"rotation": [33, 0, 0]
			},
			{
				"name": "bone77",
				"parent": "bone76",
				"pivot": [0, 6, 5.73769],
				"rotation": [0, -45, 0],
				"cubes": [
					{"origin": [-1, 6, 4.73769], "size": [2, 7, 2], "uv": [42, 54]}
				]
			},
			{
				"name": "bone78",
				"parent": "bone41",
				"pivot": [0, 6, 0],
				"rotation": [0, -332.30769, 0]
			},
			{
				"name": "bone79",
				"parent": "bone78",
				"pivot": [0, 6, 5.73769],
				"rotation": [33, 0, 0]
			},
			{
				"name": "bone80",
				"parent": "bone79",
				"pivot": [0, 6, 5.73769],
				"rotation": [0, -45, 0],
				"cubes": [
					{"origin": [-1, 6, 4.73769], "size": [2, 7, 2], "uv": [34, 51]}
				]
			},
			{
				"name": "zs",
				"parent": "body",
				"pivot": [0, 10.5, 0],
				"rotation": [-10, -5, 45],
				"cubes": [
					{"origin": [-3, 8.5, -4], "size": [2, 2, 1], "uv": [24, 0]}
				]
			},
			{
				"name": "legLeft",
				"pivot": [2, 9, 0],
				"cubes": [
					{"origin": [0.499, 0.1, -1.5], "size": [2.75, 9, 3], "uv": [48, 0]},
					{"origin": [0.499, 0.1, -1.5], "size": [2.75, 7, 3], "uv": [48, 36], "inflate": 0.1},
					{"origin": [0.499, 0.1, -1.5], "size": [2.75, 2, 3], "uv": [64, 46], "inflate": 0.2}
				]
			},
			{
				"name": "legRight",
				"pivot": [-2, 9, 0],
				"cubes": [
					{"origin": [-3.249, 0.2, -1.5], "size": [2.75, 8.8, 3], "uv": [16, 48]},
					{"origin": [-3.249, 0.2, -1.5], "size": [2.75, 4.6478, 3], "uv": [48, 25], "inflate": 0.1},
					{"origin": [-3.249, 0.2, -1.5], "size": [2.75, 2, 3], "uv": [66, 0], "inflate": 0.2},
					{"origin": [-3.249, 6.2, -1.5], "size": [2.75, 1, 3], "uv": [53, 67], "inflate": 0.1}
				]
			}
		]
	}
}