{
	"format_version": "1.10.0",
	"geometry.model": {
		"texturewidth": 128,
		"textureheight": 128,
		"visible_bounds_width": 3,
		"visible_bounds_height": 4,
		"visible_bounds_offset": [0, 1, 0],
		"bones": [
			{
				"name": "head",
				"pivot": [0, 18, 0],
				"cubes": [
					{"origin": [-4, 18, -4], "size": [8, 8, 8], "uv": [0, 0]}
				]
			},
			{
				"name": "blink",
				"parent": "head",
				"pivot": [0, 18, 0],
				"cubes": [
					{"origin": [-4, 18, -4.001], "size": [8, 8, 0], "uv": [24, 0]}
				]
			},
			{
				"name": "hair",
				"parent": "head",
				"pivot": [0, 18, 0]
			},
			{
				"name": "bone77",
				"parent": "hair",
				"pivot": [0, 18, 0],
				"rotation": [7.5, 0, -10],
				"cubes": [
					{"origin": [3, 11, 3], "size": [1, 7, 1], "uv": [14, 59]}
				]
			},
			{
				"name": "bone166",
				"parent": "hair",
				"pivot": [0, 18, 0],
				"rotation": [7.5, 0, 10],
				"cubes": [
					{"origin": [-4, 11, 3], "size": [1, 7, 1], "uv": [26, 40]}
				]
			},
			{
				"name": "bone167",
				"parent": "hair",
				"pivot": [-1, 16, 0],
				"rotation": [10, 0, -10],
				"cubes": [
					{"origin": [2, 9, 3], "size": [1, 8, 1], "uv": [0, 59]}
				]
			},
			{
				"name": "bone168",
				"parent": "hair",
				"pivot": [0, 18, 0],
				"rotation": [10, 0, 10],
				"cubes": [
					{"origin": [-3, 10, 3], "size": [1, 8, 1], "uv": [36, 16]}
				]
			},
			{
				"name": "bone169",
				"parent": "hair",
				"pivot": [0, 18, 0],
				"rotation": [12.5, 0, -10],
				"cubes": [
					{"origin": [1, 8, 3], "size": [1, 9, 1], "uv": [38, 58]}
				]
			},
			{
				"name": "bone170",
				"parent": "hair",
				"pivot": [0, 17, 0],
				"rotation": [12.5, 0, 10],
				"cubes": [
					{"origin": [-2, 8, 3], "size": [1, 9, 1], "uv": [28, 58]}
				]
			},
			{
				"name": "bone171",
				"parent": "hair",
				"pivot": [0, 18, 0],
				"rotation": [17.5, 0, 0],
				"cubes": [
					{"origin": [-1, 8, 3], "size": [2, 10, 1], "uv": [32, 49]}
				]
			},
			{
				"name": "armRight",
				"pivot": [-3, 17.5, 0],
				"rotation": [0, 0, 25],
				"cubes": [
					{"origin": [-5, 8.5, -1], "size": [2, 8, 2], "uv": [49, 0]},
					{"origin": [-5.5, 13.5, -1.5], "size": [3, 4, 3], "uv": [33, 32]}
				]
			},
			{
				"name": "bone75",
				"parent": "armRight",
				"pivot": [-3, 17.5, 0],
				"cubes": [
					{"origin": [-5, 10.5, -1], "size": [2, 4, 2], "uv": [59, 59], "inflate": 0.25}
				]
			},
			{
				"name": "xz",
				"parent": "armRight",
				"pivot": [-3, 17.5, 0]
			},
			{
				"name": "bone78",
				"parent": "xz",
				"pivot": [-7, 30.5, 0]
			},
			{
				"name": "bone79",
				"parent": "bone78",
				"pivot": [-4, 13, 0]
			},
			{
				"name": "bone80",
				"parent": "bone79",
				"pivot": [-4, 13, 1.46832],
				"rotation": [23, 0, 0]
			},
			{
				"name": "bone81",
				"parent": "bone80",
				"pivot": [-4, 13, 1.46832],
				"rotation": [0, -45, 0],
				"cubes": [
					{"origin": [-4.5, 13, 0.96832], "size": [1, 2, 1], "uv": [65, 21], "inflate": 0.3}
				]
			},
			{
				"name": "bone82",
				"parent": "bone78",
				"pivot": [-4, 13, 0],
				"rotation": [0, -51.42857, 0]
			},
			{
				"name": "bone83",
				"parent": "bone82",
				"pivot": [-4, 13, 1.46832],
				"rotation": [23, 0, 0]
			},
			{
				"name": "bone84",
				"parent": "bone83",
				"pivot": [-4, 13, 1.46832],
				"rotation": [0, -45, 0],
				"cubes": [
					{"origin": [-4.5, 13, 0.96832], "size": [1, 2, 1], "uv": [65, 3], "inflate": 0.3}
				]
			},
			{
				"name": "bone85",
				"parent": "bone78",
				"pivot": [-4, 13, 0],
				"rotation": [0, -102.85714, 0]
			},
			{
				"name": "bone86",
				"parent": "bone85",
				"pivot": [-4, 13, 1.46832],
				"rotation": [23, 0, 0]
			},
			{
				"name": "bone87",
				"parent": "bone86",
				"pivot": [-4, 13, 1.46832],
				"rotation": [0, -45, 0],
				"cubes": [
					{"origin": [-4.5, 13, 0.96832], "size": [1, 2, 1], "uv": [65, 0], "inflate": 0.3}
				]
			},
			{
				"name": "bone88",
				"parent": "bone78",
				"pivot": [-4, 13, 0],
				"rotation": [0, -154.28571, 0]
			},
			{
				"name": "bone89",
				"parent": "bone88",
				"pivot": [-4, 13, 1.46832],
				"rotation": [23, 0, 0]
			},
			{
				"name": "bone90",
				"parent": "bone89",
				"pivot": [-4, 13, 1.46832],
				"rotation": [0, -45, 0],
				"cubes": [
					{"origin": [-4.5, 13, 0.96832], "size": [1, 2, 1], "uv": [51, 64], "inflate": 0.3}
				]
			},
			{
				"name": "bone91",
				"parent": "bone78",
				"pivot": [-4, 13, 0],
				"rotation": [0, -205.71429, 0]
			},
			{
				"name": "bone92",
				"parent": "bone91",
				"pivot": [-4, 13, 1.46832],
				"rotation": [23, 0, 0]
			},
			{
				"name": "bone93",
				"parent": "bone92",
				"pivot": [-4, 13, 1.46832],
				"rotation": [0, -45, 0],
				"cubes": [
					{"origin": [-4.5, 13, 0.96832], "size": [1, 2, 1], "uv": [64, 45], "inflate": 0.3}
				]
			},
			{
				"name": "bone94",
				"parent": "bone78",
				"pivot": [-4, 13, 0],
				"rotation": [0, -257.14286, 0]
			},
			{
				"name": "bone95",
				"parent": "bone94",
				"pivot": [-4, 13, 1.46832],
				"rotation": [23, 0, 0]
			},
			{
				"name": "bone96",
				"parent": "bone95",
				"pivot": [-4, 13, 1.46832],
				"rotation": [0, -45, 0],
				"cubes": [
					{"origin": [-4.5, 13, 0.96832], "size": [1, 2, 1], "uv": [64, 8], "inflate": 0.3}
				]
			},
			{
				"name": "bone97",
				"parent": "bone78",
				"pivot": [-4, 13, 0],
				"rotation": [0, -308.57143, 0]
			},
			{
				"name": "bone98",
				"parent": "bone97",
				"pivot": [-4, 13, 1.46832],
				"rotation": [23, 0, 0]
			},
			{
				"name": "bone99",
				"parent": "bone98",
				"pivot": [-4, 13, 1.46832],
				"rotation": [0, -45, 0],
				"cubes": [
					{"origin": [-4.5, 13, 0.96832], "size": [1, 2, 1], "uv": [55, 63], "inflate": 0.3}
				]
			},
			{
				"name": "bone100",
				"parent": "xz",
				"pivot": [-7, 31.5, 0]
			},
			{
				"name": "bone101",
				"parent": "bone100",
				"pivot": [-4, 14, 0]
			},
			{
				"name": "bone102",
				"parent": "bone101",
				"pivot": [-4, 14, 1.46832],
				"rotation": [23, 0, 0]
			},
			{
				"name": "bone103",
				"parent": "bone102",
				"pivot": [-4, 14, 1.46832],
				"rotation": [0, -45, 0],
				"cubes": [
					{"origin": [-5.16075, 11.94246, 0.39394], "size": [1, 2, 1], "uv": [63, 50], "inflate": 0.13}
				]
			},
			{
				"name": "bone104",
				"parent": "bone100",
				"pivot": [-4, 14, 0],
				"rotation": [0, -51.42857, 0]
			},
			{
				"name": "bone105",
				"parent": "bone104",
				"pivot": [-4, 14, 1.46832],
				"rotation": [23, 0, 0]
			},
			{
				"name": "bone106",
				"parent": "bone105",
				"pivot": [-4, 14, 1.46832],
				"rotation": [0, -45, 0],
				"cubes": [
					{"origin": [-5.11342, 11.9238, 0.40876], "size": [1, 2, 1], "uv": [63, 42], "inflate": 0.13}
				]
			},
			{
				"name": "bone107",
				"parent": "bone100",
				"pivot": [-4, 14, 0],
				"rotation": [0, -102.85714, 0]
			},
			{
				"name": "bone108",
				"parent": "bone107",
				"pivot": [-4, 14, 1.46832],
				"rotation": [23, 0, 0]
			},
			{
				"name": "bone109",
				"parent": "bone108",
				"pivot": [-4, 14, 1.46832],
				"rotation": [0, -45, 0],
				"cubes": [
					{"origin": [-5.06921, 11.91919, 0.3799], "size": [1, 2, 1], "uv": [63, 39], "inflate": 0.13}
				]
			},
			{
				"name": "bone110",
				"parent": "bone100",
				"pivot": [-4, 14, 0],
				"rotation": [0, -154.28571, 0]
			},
			{
				"name": "bone111",
				"parent": "bone110",
				"pivot": [-4, 14, 1.46832],
				"rotation": [23, 0, 0]
			},
			{
				"name": "bone112",
				"parent": "bone111",
				"pivot": [-4, 14, 1.46832],
				"rotation": [0, -45, 0],
				"cubes": [
					{"origin": [-5.06142, 11.9321, 0.32909], "size": [1, 2, 1], "uv": [63, 33], "inflate": 0.13}
				]
			},
			{
				"name": "bone113",
				"parent": "bone100",
				"pivot": [-4, 14, 0],
				"rotation": [0, -205.71429, 0]
			},
			{
				"name": "bone114",
				"parent": "bone113",
				"pivot": [-4, 14, 1.46832],
				"rotation": [23, 0, 0]
			},
			{
				"name": "bone115",
				"parent": "bone114",
				"pivot": [-4, 14, 1.46832],
				"rotation": [0, -45, 0],
				"cubes": [
					{"origin": [-5.09591, 11.95281, 0.2946], "size": [1, 2, 1], "uv": [32, 63], "inflate": 0.13}
				]
			},
			{
				"name": "bone116",
				"parent": "bone100",
				"pivot": [-4, 14, 0],
				"rotation": [0, -257.14286, 0]
			},
			{
				"name": "bone117",
				"parent": "bone116",
				"pivot": [-4, 14, 1.46832],
				"rotation": [23, 0, 0]
			},
			{
				"name": "bone118",
				"parent": "bone117",
				"pivot": [-4, 14, 1.46832],
				"rotation": [0, -45, 0],
				"cubes": [
					{"origin": [-5.14671, 11.96572, 0.30239], "size": [1, 2, 1], "uv": [63, 30], "inflate": 0.13}
				]
			},
			{
				"name": "bone119",
				"parent": "bone100",
				"pivot": [-4, 14, 0],
				"rotation": [0, -308.57143, 0]
			},
			{
				"name": "bone120",
				"parent": "bone119",
				"pivot": [-4, 14, 1.46832],
				"rotation": [23, 0, 0]
			},
			{
				"name": "bone121",
				"parent": "bone120",
				"pivot": [-4, 14, 1.46832],
				"rotation": [0, -45, 0],
				"cubes": [
					{"origin": [-5.17557, 11.96111, 0.3466], "size": [1, 2, 1], "uv": [63, 18], "inflate": 0.13}
				]
			},
			{
				"name": "armLeft",
				"pivot": [3, 17.5, 0],
				"rotation": [0, 0, -25],
				"cubes": [
					{"origin": [2.5, 13.5, -1.5], "size": [3, 4, 3], "uv": [33, 25]},
					{"origin": [3, 8.5, -1], "size": [2, 8, 2], "uv": [0, 49]}
				]
			},
			{
				"name": "bone76",
				"parent": "armLeft",
				"pivot": [3, 17.5, 0],
				"cubes": [
					{"origin": [3, 10.5, -1], "size": [2, 4, 2], "uv": [0, 0], "inflate": 0.25}
				]
			},
			{
				"name": "xz2",
				"parent": "armLeft",
				"pivot": [3, 17.5, 0]
			},
			{
				"name": "bone122",
				"parent": "xz2",
				"pivot": [7, 30.5, 0]
			},
			{
				"name": "bone123",
				"parent": "bone122",
				"pivot": [4, 13, 0]
			},
			{
				"name": "bone124",
				"parent": "bone123",
				"pivot": [4, 13, 1.46832],
				"rotation": [23, 0, 0]
			},
			{
				"name": "bone125",
				"parent": "bone124",
				"pivot": [4, 13, 1.46832],
				"rotation": [0, -45, 0],
				"cubes": [
					{"origin": [3.5, 13, 0.96832], "size": [1, 2, 1], "uv": [62, 36], "inflate": 0.3}
				]
			},
			{
				"name": "bone126",
				"parent": "bone122",
				"pivot": [4, 13, 0],
				"rotation": [0, -51.42857, 0]
			},
			{
				"name": "bone127",
				"parent": "bone126",
				"pivot": [4, 13, 1.46832],
				"rotation": [23, 0, 0]
			},
			{
				"name": "bone128",
				"parent": "bone127",
				"pivot": [4, 13, 1.46832],
				"rotation": [0, -45, 0],
				"cubes": [
					{"origin": [3.5, 13, 0.96832], "size": [1, 2, 1], "uv": [61, 56], "inflate": 0.3}
				]
			},
			{
				"name": "bone129",
				"parent": "bone122",
				"pivot": [4, 13, 0],
				"rotation": [0, -102.85714, 0]
			},
			{
				"name": "bone130",
				"parent": "bone129",
				"pivot": [4, 13, 1.46832],
				"rotation": [23, 0, 0]
			},
			{
				"name": "bone131",
				"parent": "bone130",
				"pivot": [4, 13, 1.46832],
				"rotation": [0, -45, 0],
				"cubes": [
					{"origin": [3.5, 13, 0.96832], "size": [1, 2, 1], "uv": [61, 53], "inflate": 0.3}
				]
			},
			{
				"name": "bone132",
				"parent": "bone122",
				"pivot": [4, 13, 0],
				"rotation": [0, -154.28571, 0]
			},
			{
				"name": "bone133",
				"parent": "bone132",
				"pivot": [4, 13, 1.46832],
				"rotation": [23, 0, 0]
			},
			{
				"name": "bone134",
				"parent": "bone133",
				"pivot": [4, 13, 1.46832],
				"rotation": [0, -45, 0],
				"cubes": [
					{"origin": [3.5, 13, 0.96832], "size": [1, 2, 1], "uv": [52, 61], "inflate": 0.3}
				]
			},
			{
				"name": "bone135",
				"parent": "bone122",
				"pivot": [4, 13, 0],
				"rotation": [0, -205.71429, 0]
			},
			{
				"name": "bone136",
				"parent": "bone135",
				"pivot": [4, 13, 1.46832],
				"rotation": [23, 0, 0]
			},
			{
				"name": "bone137",
				"parent": "bone136",
				"pivot": [4, 13, 1.46832],
				"rotation": [0, -45, 0],
				"cubes": [
					{"origin": [3.5, 13, 0.96832], "size": [1, 2, 1], "uv": [61, 27], "inflate": 0.3}
				]
			},
			{
				"name": "bone138",
				"parent": "bone122",
				"pivot": [4, 13, 0],
				"rotation": [0, -257.14286, 0]
			},
			{
				"name": "bone139",
				"parent": "bone138",
				"pivot": [4, 13, 1.46832],
				"rotation": [23, 0, 0]
			},
			{
				"name": "bone140",
				"parent": "bone139",
				"pivot": [4, 13, 1.46832],
				"rotation": [0, -45, 0],
				"cubes": [
					{"origin": [3.5, 13, 0.96832], "size": [1, 2, 1], "uv": [61, 24], "inflate": 0.3}
				]
			},
			{
				"name": "bone141",
				"parent": "bone122",
				"pivot": [4, 13, 0],
				"rotation": [0, -308.57143, 0]
			},
			{
				"name": "bone142",
				"parent": "bone141",
				"pivot": [4, 13, 1.46832],
				"rotation": [23, 0, 0]
			},
			{
				"name": "bone143",
				"parent": "bone142",
				"pivot": [4, 13, 1.46832],
				"rotation": [0, -45, 0],
				"cubes": [
					{"origin": [3.5, 13, 0.96832], "size": [1, 2, 1], "uv": [61, 21], "inflate": 0.3}
				]
			},
			{
				"name": "bone144",
				"parent": "xz2",
				"pivot": [7, 31.5, 0]
			},
			{
				"name": "bone145",
				"parent": "bone144",
				"pivot": [4, 14, 0]
			},
			{
				"name": "bone146",
				"parent": "bone145",
				"pivot": [4, 14, 1.46832],
				"rotation": [23, 0, 0]
			},
			{
				"name": "bone147",
				"parent": "bone146",
				"pivot": [4, 14, 1.46832],
				"rotation": [0, -45, 0],
				"cubes": [
					{"origin": [2.92561, 11.94246, 0.30757], "size": [1, 2, 1], "uv": [32, 60], "inflate": 0.13}
				]
			},
			{
				"name": "bone148",
				"parent": "bone144",
				"pivot": [4, 14, 0],
				"rotation": [0, -51.42857, 0]
			},
			{
				"name": "bone149",
				"parent": "bone148",
				"pivot": [4, 14, 1.46832],
				"rotation": [23, 0, 0]
			},
			{
				"name": "bone150",
				"parent": "bone149",
				"pivot": [4, 14, 1.46832],
				"rotation": [0, -45, 0],
				"cubes": [
					{"origin": [2.87828, 11.96111, 0.29275], "size": [1, 2, 1], "uv": [59, 50], "inflate": 0.13}
				]
			},
			{
				"name": "bone151",
				"parent": "bone144",
				"pivot": [4, 14, 0],
				"rotation": [0, -102.85714, 0]
			},
			{
				"name": "bone152",
				"parent": "bone151",
				"pivot": [4, 14, 1.46832],
				"rotation": [23, 0, 0]
			},
			{
				"name": "bone153",
				"parent": "bone152",
				"pivot": [4, 14, 1.46832],
				"rotation": [0, -45, 0],
				"cubes": [
					{"origin": [2.83407, 11.96572, 0.32161], "size": [1, 2, 1], "uv": [59, 18], "inflate": 0.13}
				]
			},
			{
				"name": "bone154",
				"parent": "bone144",
				"pivot": [4, 14, 0],
				"rotation": [0, -154.28571, 0]
			},
			{
				"name": "bone155",
				"parent": "bone154",
				"pivot": [4, 14, 1.46832],
				"rotation": [23, 0, 0]
			},
			{
				"name": "bone156",
				"parent": "bone155",
				"pivot": [4, 14, 1.46832],
				"rotation": [0, -45, 0],
				"cubes": [
					{"origin": [2.82628, 11.95281, 0.37241], "size": [1, 2, 1], "uv": [8, 54], "inflate": 0.13}
				]
			},
			{
				"name": "bone157",
				"parent": "bone144",
				"pivot": [4, 14, 0],
				"rotation": [0, -205.71429, 0]
			},
			{
				"name": "bone158",
				"parent": "bone157",
				"pivot": [4, 14, 1.46832],
				"rotation": [23, 0, 0]
			},
			{
				"name": "bone159",
				"parent": "bone158",
				"pivot": [4, 14, 1.46832],
				"rotation": [0, -45, 0],
				"cubes": [
					{"origin": [2.86077, 11.9321, 0.40691], "size": [1, 2, 1], "uv": [8, 51], "inflate": 0.13}
				]
			},
			{
				"name": "bone160",
				"parent": "bone144",
				"pivot": [4, 14, 0],
				"rotation": [0, -257.14286, 0]
			},
			{
				"name": "bone161",
				"parent": "bone160",
				"pivot": [4, 14, 1.46832],
				"rotation": [23, 0, 0]
			},
			{
				"name": "bone162",
				"parent": "bone161",
				"pivot": [4, 14, 1.46832],
				"rotation": [0, -45, 0],
				"cubes": [
					{"origin": [2.91158, 11.91919, 0.39912], "size": [1, 2, 1], "uv": [44, 10], "inflate": 0.13}
				]
			},
			{
				"name": "bone163",
				"parent": "bone144",
				"pivot": [4, 14, 0],
				"rotation": [0, -308.57143, 0]
			},
			{
				"name": "bone164",
				"parent": "bone163",
				"pivot": [4, 14, 1.46832],
				"rotation": [23, 0, 0]
			},
			{
				"name": "bone165",
				"parent": "bone164",
				"pivot": [4, 14, 1.46832],
				"rotation": [0, -45, 0],
				"cubes": [
					{"origin": [2.94043, 11.9238, 0.35491], "size": [1, 2, 1], "uv": [22, 16], "inflate": 0.13}
				]
			},
			{
				"name": "body",
				"pivot": [0, 10.5, 0],
				"cubes": [
					{"origin": [-3, 8.999, -3], "size": [6, 9, 6], "uv": [0, 16]}
				]
			},
			{
				"name": "sittingRotationSkirt",
				"parent": "body",
				"pivot": [0, 10.5, 0]
			},
			{
				"name": "bone",
				"parent": "sittingRotationSkirt",
				"pivot": [0, 14.5, 0]
			},
			{
				"name": "bone2",
				"parent": "bone",
				"pivot": [0, 4, 0]
			},
			{
				"name": "bone3",
				"parent": "bone2",
				"pivot": [0, 4, 5.27792],
				"rotation": [23, 0, 0]
			},
			{
				"name": "bone4",
				"parent": "bone3",
				"pivot": [0, 4, 5.27792],
				"rotation": [0, -45, 0],
				"cubes": [
					{"origin": [-1, 4, 4.27792], "size": [2, 8, 2], "uv": [24, 48]}
				]
			},
			{
				"name": "bone5",
				"parent": "bone",
				"pivot": [0, 4, 0],
				"rotation": [0, -30, 0]
			},
			{
				"name": "bone6",
				"parent": "bone5",
				"pivot": [0, 4, 5.27792],
				"rotation": [23, 0, 0]
			},
			{
				"name": "bone7",
				"parent": "bone6",
				"pivot": [0, 4, 5.27792],
				"rotation": [0, -45, 0],
				"cubes": [
					{"origin": [-1, 4, 4.27792], "size": [2, 8, 2], "uv": [47, 44]}
				]
			},
			{
				"name": "bone8",
				"parent": "bone",
				"pivot": [0, 4, 0],
				"rotation": [0, -60, 0]
			},
			{
				"name": "bone9",
				"parent": "bone8",
				"pivot": [0, 4, 5.27792],
				"rotation": [23, 0, 0]
			},
			{
				"name": "bone10",
				"parent": "bone9",
				"pivot": [0, 4, 5.27792],
				"rotation": [0, -45, 0],
				"cubes": [
					{"origin": [-1, 4, 4.27792], "size": [2, 8, 2], "uv": [47, 34]}
				]
			},
			{
				"name": "bone11",
				"parent": "bone",
				"pivot": [0, 4, 0],
				"rotation": [0, -90, 0]
			},
			{
				"name": "bone12",
				"parent": "bone11",
				"pivot": [0, 4, 5.27792],
				"rotation": [23, 0, 0]
			},
			{
				"name": "bone13",
				"parent": "bone12",
				"pivot": [0, 4, 5.27792],
				"rotation": [0, -45, 0],
				"cubes": [
					{"origin": [-1, 4, 4.27792], "size": [2, 8, 2], "uv": [45, 24]}
				]
			},
			{
				"name": "bone14",
				"parent": "bone",
				"pivot": [0, 4, 0],
				"rotation": [0, -120, 0]
			},
			{
				"name": "bone15",
				"parent": "bone14",
				"pivot": [0, 4, 5.27792],
				"rotation": [23, 0, 0]
			},
			{
				"name": "bone16",
				"parent": "bone15",
				"pivot": [0, 4, 5.27792],
				"rotation": [0, -45, 0],
				"cubes": [
					{"origin": [-1, 4, 4.27792], "size": [2, 8, 2], "uv": [42, 14]}
				]
			},
			{
				"name": "bone17",
				"parent": "bone",
				"pivot": [0, 4, 0],
				"rotation": [0, -150, 0]
			},
			{
				"name": "bone18",
				"parent": "bone17",
				"pivot": [0, 4, 5.27792],
				"rotation": [23, 0, 0]
			},
			{
				"name": "bone19",
				"parent": "bone18",
				"pivot": [0, 4, 5.27792],
				"rotation": [0, -45, 0],
				"cubes": [
					{"origin": [-1, 4, 4.27792], "size": [2, 8, 2], "uv": [8, 41]}
				]
			},
			{
				"name": "bone20",
				"parent": "bone",
				"pivot": [0, 4, 0],
				"rotation": [0, -180, 0]
			},
			{
				"name": "bone21",
				"parent": "bone20",
				"pivot": [0, 4, 5.27792],
				"rotation": [23, 0, 0]
			},
			{
				"name": "bone22",
				"parent": "bone21",
				"pivot": [0, 4, 5.27792],
				"rotation": [0, -45, 0],
				"cubes": [
					{"origin": [-1, 4, 4.27792], "size": [2, 8, 2], "uv": [41, 0]}
				]
			},
			{
				"name": "bone23",
				"parent": "bone",
				"pivot": [0, 4, 0],
				"rotation": [0, -210, 0]
			},
			{
				"name": "bone24",
				"parent": "bone23",
				"pivot": [0, 4, 5.27792],
				"rotation": [23, 0, 0]
			},
			{
				"name": "bone25",
				"parent": "bone24",
				"pivot": [0, 4, 5.27792],
				"rotation": [0, -45, 0],
				"cubes": [
					{"origin": [-1, 4, 4.27792], "size": [2, 8, 2], "uv": [18, 40]}
				]
			},
			{
				"name": "bone26",
				"parent": "bone",
				"pivot": [0, 4, 0],
				"rotation": [0, -240, 0]
			},
			{
				"name": "bone27",
				"parent": "bone26",
				"pivot": [0, 4, 5.27792],
				"rotation": [23, 0, 0]
			},
			{
				"name": "bone28",
				"parent": "bone27",
				"pivot": [0, 4, 5.27792],
				"rotation": [0, -45, 0],
				"cubes": [
					{"origin": [-1, 4, 4.27792], "size": [2, 8, 2], "uv": [39, 39]}
				]
			},
			{
				"name": "bone29",
				"parent": "bone",
				"pivot": [0, 4, 0],
				"rotation": [0, -270, 0]
			},
			{
				"name": "bone30",
				"parent": "bone29",
				"pivot": [0, 4, 5.27792],
				"rotation": [23, 0, 0]
			},
			{
				"name": "bone31",
				"parent": "bone30",
				"pivot": [0, 4, 5.27792],
				"rotation": [0, -45, 0],
				"cubes": [
					{"origin": [-1, 4, 4.27792], "size": [2, 8, 2], "uv": [31, 39]}
				]
			},
			{
				"name": "bone32",
				"parent": "bone",
				"pivot": [0, 4, 0],
				"rotation": [0, -300, 0]
			},
			{
				"name": "bone33",
				"parent": "bone32",
				"pivot": [0, 4, 5.27792],
				"rotation": [23, 0, 0]
			},
			{
				"name": "bone34",
				"parent": "bone33",
				"pivot": [0, 4, 5.27792],
				"rotation": [0, -45, 0],
				"cubes": [
					{"origin": [-1, 4, 4.27792], "size": [2, 8, 2], "uv": [0, 39]}
				]
			},
			{
				"name": "bone35",
				"parent": "bone",
				"pivot": [0, 4, 0],
				"rotation": [0, -330, 0]
			},
			{
				"name": "bone36",
				"parent": "bone35",
				"pivot": [0, 4, 5.27792],
				"rotation": [23, 0, 0]
			},
			{
				"name": "bone37",
				"parent": "bone36",
				"pivot": [0, 4, 5.27792],
				"rotation": [0, -45, 0],
				"cubes": [
					{"origin": [-1, 4, 4.27792], "size": [2, 8, 2], "uv": [12, 31]}
				]
			},
			{
				"name": "bone38",
				"parent": "sittingRotationSkirt",
				"pivot": [0, 12.5, 0]
			},
			{
				"name": "bone39",
				"parent": "bone38",
				"pivot": [0, 2, 0]
			},
			{
				"name": "bone40",
				"parent": "bone39",
				"pivot": [0, 2, 5.27792],
				"rotation": [23, 0, 0]
			},
			{
				"name": "bone41",
				"parent": "bone40",
				"pivot": [0, 2, 5.27792],
				"rotation": [0, -45, 0],
				"cubes": [
					{"origin": [-1, 2, 4.27792], "size": [2, 7, 2], "uv": [20, 58]}
				]
			},
			{
				"name": "bone42",
				"parent": "bone38",
				"pivot": [0, 2, 0],
				"rotation": [0, -30, 0]
			},
			{
				"name": "bone43",
				"parent": "bone42",
				"pivot": [0, 2, 5.27792],
				"rotation": [23, 0, 0]
			},
			{
				"name": "bone44",
				"parent": "bone43",
				"pivot": [0, 2, 5.27792],
				"rotation": [0, -45, 0],
				"cubes": [
					{"origin": [-1, 2, 4.27792], "size": [2, 7, 2], "uv": [58, 9]}
				]
			},
			{
				"name": "bone45",
				"parent": "bone38",
				"pivot": [0, 2, 0],
				"rotation": [0, -60, 0]
			},
			{
				"name": "bone46",
				"parent": "bone45",
				"pivot": [0, 2, 5.27792],
				"rotation": [23, 0, 0]
			},
			{
				"name": "bone47",
				"parent": "bone46",
				"pivot": [0, 2, 5.27792],
				"rotation": [0, -45, 0],
				"cubes": [
					{"origin": [-1, 2, 4.27792], "size": [2, 7, 2], "uv": [6, 57]}
				]
			},
			{
				"name": "bone48",
				"parent": "bone38",
				"pivot": [0, 2, 0],
				"rotation": [0, -90, 0]
			},
			{
				"name": "bone49",
				"parent": "bone48",
				"pivot": [0, 2, 5.27792],
				"rotation": [23, 0, 0]
			},
			{
				"name": "bone50",
				"parent": "bone49",
				"pivot": [0, 2, 5.27792],
				"rotation": [0, -45, 0],
				"cubes": [
					{"origin": [-1, 2, 4.27792], "size": [2, 7, 2], "uv": [57, 0]}
				]
			},
			{
				"name": "bone51",
				"parent": "bone38",
				"pivot": [0, 2, 0],
				"rotation": [0, -120, 0]
			},
			{
				"name": "bone52",
				"parent": "bone51",
				"pivot": [0, 2, 5.27792],
				"rotation": [23, 0, 0]
			},
			{
				"name": "bone53",
				"parent": "bone52",
				"pivot": [0, 2, 5.27792],
				"rotation": [0, -45, 0],
				"cubes": [
					{"origin": [-1, 2, 4.27792], "size": [2, 7, 2], "uv": [44, 56]}
				]
			},
			{
				"name": "bone54",
				"parent": "bone38",
				"pivot": [0, 2, 0],
				"rotation": [0, -150, 0]
			},
			{
				"name": "bone55",
				"parent": "bone54",
				"pivot": [0, 2, 5.27792],
				"rotation": [23, 0, 0]
			},
			{
				"name": "bone56",
				"parent": "bone55",
				"pivot": [0, 2, 5.27792],
				"rotation": [0, -45, 0],
				"cubes": [
					{"origin": [-1, 2, 4.27792], "size": [2, 7, 2], "uv": [55, 37]}
				]
			},
			{
				"name": "bone57",
				"parent": "bone38",
				"pivot": [0, 2, 0],
				"rotation": [0, -180, 0]
			},
			{
				"name": "bone58",
				"parent": "bone57",
				"pivot": [0, 2, 5.27792],
				"rotation": [23, 0, 0]
			},
			{
				"name": "bone59",
				"parent": "bone58",
				"pivot": [0, 2, 5.27792],
				"rotation": [0, -45, 0],
				"cubes": [
					{"origin": [-1, 2, 4.27792], "size": [2, 7, 2], "uv": [55, 28]}
				]
			},
			{
				"name": "bone60",
				"parent": "bone38",
				"pivot": [0, 2, 0],
				"rotation": [0, -210, 0]
			},
			{
				"name": "bone61",
				"parent": "bone60",
				"pivot": [0, 2, 5.27792],
				"rotation": [23, 0, 0]
			},
			{
				"name": "bone62",
				"parent": "bone61",
				"pivot": [0, 2, 5.27792],
				"rotation": [0, -45, 0],
				"cubes": [
					{"origin": [-1, 2, 4.27792], "size": [2, 7, 2], "uv": [53, 52]}
				]
			},
			{
				"name": "bone63",
				"parent": "bone38",
				"pivot": [0, 2, 0],
				"rotation": [0, -240, 0]
			},
			{
				"name": "bone64",
				"parent": "bone63",
				"pivot": [0, 2, 5.27792],
				"rotation": [23, 0, 0]
			},
			{
				"name": "bone65",
				"parent": "bone64",
				"pivot": [0, 2, 5.27792],
				"rotation": [0, -45, 0],
				"cubes": [
					{"origin": [-1, 2, 4.27792], "size": [2, 7, 2], "uv": [53, 19]}
				]
			},
			{
				"name": "bone66",
				"parent": "bone38",
				"pivot": [0, 2, 0],
				"rotation": [0, -270, 0]
			},
			{
				"name": "bone67",
				"parent": "bone66",
				"pivot": [0, 2, 5.27792],
				"rotation": [23, 0, 0]
			},
			{
				"name": "bone68",
				"parent": "bone67",
				"pivot": [0, 2, 5.27792],
				"rotation": [0, -45, 0],
				"cubes": [
					{"origin": [-1, 2, 4.27792], "size": [2, 7, 2], "uv": [14, 50]}
				]
			},
			{
				"name": "bone69",
				"parent": "bone38",
				"pivot": [0, 2, 0],
				"rotation": [0, -300, 0]
			},
			{
				"name": "bone70",
				"parent": "bone69",
				"pivot": [0, 2, 5.27792],
				"rotation": [23, 0, 0]
			},
			{
				"name": "bone71",
				"parent": "bone70",
				"pivot": [0, 2, 5.27792],
				"rotation": [0, -45, 0],
				"cubes": [
					{"origin": [-1, 2, 4.27792], "size": [2, 7, 2], "uv": [50, 10]}
				]
			},
			{
				"name": "bone72",
				"parent": "bone38",
				"pivot": [0, 2, 0],
				"rotation": [0, -330, 0]
			},
			{
				"name": "bone73",
				"parent": "bone72",
				"pivot": [0, 2, 5.27792],
				"rotation": [23, 0, 0]
			},
			{
				"name": "bone74",
				"parent": "bone73",
				"pivot": [0, 2, 5.27792],
				"rotation": [0, -45, 0],
				"cubes": [
					{"origin": [-1, 2, 4.27792], "size": [2, 7, 2], "uv": [38, 49]}
				]
			},
			{
				"name": "gz",
				"parent": "body",
				"pivot": [0, 10.5, -2],
				"rotation": [-17.5, 0, 0],
				"cubes": [
					{"origin": [-0.5, 16, -6], "size": [1, 1, 1], "uv": [0, 20]},
					{"origin": [-1.5, 13, -6], "size": [1, 3, 1], "uv": [18, 16]},
					{"origin": [0.5, 13, -6], "size": [1, 3, 1], "uv": [0, 16]}
				]
			},
			{
				"name": "legLeft",
				"pivot": [2, 9, 0],
				"cubes": [
					{"origin": [0.499, 0, -1.5], "size": [3, 9, 3], "uv": [21, 28]}
				]
			},
			{
				"name": "wz",
				"parent": "legLeft",
				"pivot": [2, 9, 0],
				"cubes": [
					{"origin": [0.499, 0, -1.5], "size": [3, 5, 3], "uv": [32, 8], "inflate": 0.1}
				]
			},
			{
				"name": "bone172",
				"parent": "legLeft",
				"pivot": [2, 9, 0],
				"cubes": [
					{"origin": [1.5, 7, -2], "size": [1, 1, 1], "uv": [4, 6]},
					{"origin": [0.499, 7, -1.5], "size": [3, 1, 3], "uv": [55, 46], "inflate": 0.1}
				]
			},
			{
				"name": "bone173",
				"parent": "bone172",
				"pivot": [2, 9, 0],
				"rotation": [0, 0, 12.5],
				"cubes": [
					{"origin": [1, 5, -2], "size": [1, 2.5, 0], "uv": [6, 0]}
				]
			},
			{
				"name": "bone174",
				"parent": "bone172",
				"pivot": [2, 9, 0],
				"rotation": [0, 0, -15],
				"cubes": [
					{"origin": [2, 5, -2], "size": [1, 2.5, 0], "uv": [0, 0]}
				]
			},
			{
				"name": "legRight",
				"pivot": [-2, 9, 0],
				"cubes": [
					{"origin": [-3.499, 0, -1.5], "size": [3, 9, 3], "uv": [24, 16]}
				]
			},
			{
				"name": "wz2",
				"parent": "legRight",
				"pivot": [-2, 9, 0],
				"cubes": [
					{"origin": [-3.499, 0, -1.5], "size": [3, 5, 3], "uv": [0, 31], "inflate": 0.1}
				]
			}
		]
	}
}