{
	"pack_name": "{maid_pack.7_years_later_caricature.name}",
	"model_list": [
		{
			"model_id": "7_years_later_caricature:saki",
			"animation": [
				"touhou_little_maid:animation/maid/default/head/default.js",
				"touhou_little_maid:animation/maid/default/head/beg.js",
				"touhou_little_maid:animation/maid/default/head/music_shake.js",
				"touhou_little_maid:animation/maid/default/task/ranged_attack.js",
				"7_years_later_caricature:animation/maid/default/default_head/blink.js",
				"touhou_little_maid:animation/maid/default/arm/default.js",
				"touhou_little_maid:animation/maid/default/arm/swing.js",
				"7_years_later_caricature:animation/maid/default/leg/default.js",
				"7_years_later_caricature:animation/maid/default/saki_sit_stair/default.js",
				"7_years_later_caricature:animation/maid/default/saki_sit_stair/skirt_rotation.js"
			],
			"description": ["{model.7_years_later_caricature.saki.desc}"],
			"render_entity_scale": 0.7
		},
		{
			"model_id": "7_years_later_caricature:honoka",
			"description": ["{model.7_years_later_caricature.honoka.desc}"],
			"animation": [
				"touhou_little_maid:animation/maid/default/head/default.js",
				"touhou_little_maid:animation/maid/default/head/beg.js",
				"touhou_little_maid:animation/maid/default/head/music_shake.js",
				"touhou_little_maid:animation/maid/default/task/ranged_attack.js",
				"7_years_later_caricature:animation/maid/default/default_head/blink.js",
				"touhou_little_maid:animation/maid/default/arm/default.js",
				"touhou_little_maid:animation/maid/default/arm/swing.js",
				"7_years_later_caricature:animation/maid/default/leg/default.js",
				"7_years_later_caricature:animation/maid/default/saki_sit_stair/default.js",
				"7_years_later_caricature:animation/maid/default/saki_sit_stair/skirt_rotation.js"
			],
			"render_entity_scale": 0.7
		},
		{
			"model_id": "7_years_later_caricature:aoi",
			"animation": [
				"touhou_little_maid:animation/maid/default/head/default.js",
				"touhou_little_maid:animation/maid/default/head/beg.js",
				"touhou_little_maid:animation/maid/default/head/music_shake.js",
				"touhou_little_maid:animation/maid/default/task/ranged_attack.js",
				"7_years_later_caricature:animation/maid/default/default_head/blink.js",
				"touhou_little_maid:animation/maid/default/arm/default.js",
				"touhou_little_maid:animation/maid/default/arm/swing.js",
				"7_years_later_caricature:animation/maid/default/leg/default.js",
				"7_years_later_caricature:animation/maid/default/saki_sit_stair/default.js",
				"7_years_later_caricature:animation/maid/default/saki_sit_stair/skirt_rotation.js"
			],
			"render_entity_scale": 0.7
		}
	],
	"version": "1.1.2",
	"icon": "7_years_later_caricature:textures/maid_icon.png",
	"author": ["AoiAihana (Vanli233)"],
	"description": ["{maid_pack.7_years_later_caricature.desc}"],
	"date": "2022-03-27"
}