{
	"pack_name": "{maid_pack.god_eagle_brother.name}",
	"model_list": [
		{
			"model_id": "god_eagle_brother:g_e_b",
			"is_gecko": true,
			"description": ["{model.god_eagle_brother.g_e_b.desc}"],
			"animation": ["god_eagle_brother:animation/god_eagle_brother.g_e_b.main.animation.json"],
			"use_sound_pack_id": "god_eagle_brother"
		}
	],
	"version": "1.0.0",
	"author": ["老杰克qvq"],
	"description": ["{maid_pack.god_eagle_brother.desc}"],
	"date": "2023-11-05",
	"icon": "god_eagle_brother:textures/maid_icon.png"
}