{
	"format_version": "1.10.0",
	"geometry.model": {
		"texturewidth": 96,
		"textureheight": 96,
		"visible_bounds_width": 3,
		"visible_bounds_height": 4,
		"visible_bounds_offset": [0, 1, 0],
		"bones": [
			{
				"name": "head",
				"pivot": [0, 18, 0],
				"cubes": [
					{"origin": [-4, 18, -4], "size": [8, 8, 8], "uv": [0, 0]}
				]
			},
			{
				"name": "hairLeftSwing",
				"parent": "head",
				"pivot": [0, 10.5, 0]
			},
			{
				"name": "hairfront",
				"parent": "hairLeftSwing",
				"pivot": [0, 23, -4],
				"rotation": [-1.6575, -12.39135, 7.67995],
				"cubes": [
					{"origin": [-3, 22, -5], "size": [2, 1, 1], "uv": [37, 69]},
					{"origin": [-4, 23, -5], "size": [1, 1, 1], "uv": [39, 66]},
					{"origin": [-1, 23, -5], "size": [1, 1, 1], "uv": [39, 64]}
				]
			},
			{
				"name": "ahoge",
				"parent": "head",
				"pivot": [0, 26, 0],
				"cubes": [
					{"origin": [-3, 25, 0], "size": [6, 6, 0], "uv": [40, 7]}
				]
			},
			{
				"name": "blink",
				"parent": "head",
				"pivot": [0, 18, 0],
				"cubes": [
					{"origin": [-4, 18, -4.001], "size": [8, 8, 0], "uv": [32, 19]}
				]
			},
			{
				"name": "hair",
				"parent": "head",
				"pivot": [0, 18, 0],
				"cubes": [
					{"origin": [-4.6, 18, -4.6], "size": [9.2, 8.4, 9.2], "uv": [0, 54]}
				]
			},
			{
				"name": "hairbehind",
				"parent": "hair",
				"pivot": [0, 18, 0]
			},
			{
				"name": "hair_b_xie",
				"parent": "hairbehind",
				"pivot": [0, 20, -1]
			},
			{
				"name": "hair2",
				"parent": "hair_b_xie",
				"pivot": [3, 20, 3],
				"rotation": [0, 0, -105]
			},
			{
				"name": "bone30",
				"parent": "hair2",
				"pivot": [-1, 19, 0],
				"cubes": [
					{"origin": [-2, 19, 4.8], "size": [2, 1, 0], "uv": [18, 19]}
				]
			},
			{
				"name": "bone31",
				"parent": "hair2",
				"pivot": [-1, 19, 0],
				"rotation": [0, -22.5, 0],
				"cubes": [
					{"origin": [-1, 19, 4.8], "size": [1, 1, 0], "uv": [18, 18]}
				]
			},
			{
				"name": "bone35",
				"parent": "hair2",
				"pivot": [-1, 19, 0],
				"rotation": [0, -337.5, 0],
				"cubes": [
					{"origin": [-2, 19, 4.8], "size": [2, 1, 0], "uv": [18, 20]}
				]
			},
			{
				"name": "hair3",
				"parent": "hair_b_xie",
				"pivot": [-3, 20, 3],
				"rotation": [0, 0, 105]
			},
			{
				"name": "bone32",
				"parent": "hair3",
				"pivot": [1, 19, 0],
				"cubes": [
					{"origin": [0, 19, 4.8], "size": [2, 1, 0], "uv": [18, 19], "mirror": true}
				]
			},
			{
				"name": "bone33",
				"parent": "hair3",
				"pivot": [1, 19, 0],
				"rotation": [0, 22.5, 0],
				"cubes": [
					{"origin": [0, 19, 4.8], "size": [1, 1, 0], "uv": [18, 18], "mirror": true}
				]
			},
			{
				"name": "bone34",
				"parent": "hair3",
				"pivot": [1, 19, 0],
				"rotation": [0, 337.5, 0],
				"cubes": [
					{"origin": [0, 19, 4.8], "size": [2, 1, 0], "uv": [18, 20], "mirror": true}
				]
			},
			{
				"name": "hair_b_xie2",
				"parent": "hairbehind",
				"pivot": [0, 19, -10]
			},
			{
				"name": "hair4",
				"parent": "hair_b_xie2",
				"pivot": [4, 18, -5],
				"rotation": [0.66963, -14.98539, -107.58807]
			},
			{
				"name": "bone36",
				"parent": "hair4",
				"pivot": [2.11603, 17.44829, -8.56699],
				"cubes": [
					{"origin": [1.11603, 17.44829, -3.76699], "size": [2, 1, 0], "uv": [51, 18]}
				]
			},
			{
				"name": "bone37",
				"parent": "hair4",
				"pivot": [2.11603, 17.44829, -8.56699],
				"rotation": [0, -22.5, 0],
				"cubes": [
					{"origin": [2.11603, 17.44829, -3.76699], "size": [1, 1, 0], "uv": [51, 16]}
				]
			},
			{
				"name": "bone38",
				"parent": "hair4",
				"pivot": [2.11603, 17.44829, -8.56699],
				"rotation": [0, -337.5, 0],
				"cubes": [
					{"origin": [1.11603, 17.44829, -3.76699], "size": [2, 1, 0], "uv": [51, 19]}
				]
			},
			{
				"name": "hair5",
				"parent": "hair_b_xie2",
				"pivot": [-4, 18, -5],
				"rotation": [0.66963, 14.98539, 107.58807]
			},
			{
				"name": "bone39",
				"parent": "hair5",
				"pivot": [-2.11603, 17.44829, -8.56699],
				"cubes": [
					{"origin": [-3.11603, 17.44829, -3.76699], "size": [2, 1, 0], "uv": [51, 18], "mirror": true}
				]
			},
			{
				"name": "bone42",
				"parent": "hair5",
				"pivot": [-2.11603, 17.44829, -8.56699],
				"rotation": [0, 22.5, 0],
				"cubes": [
					{"origin": [-3.11603, 17.44829, -3.76699], "size": [1, 1, 0], "uv": [51, 16], "mirror": true}
				]
			},
			{
				"name": "bone43",
				"parent": "hair5",
				"pivot": [-2.11603, 17.44829, -8.56699],
				"rotation": [0, 337.5, 0],
				"cubes": [
					{"origin": [-3.11603, 17.44829, -3.76699], "size": [2, 1, 0], "uv": [51, 19], "mirror": true}
				]
			},
			{
				"name": "hair6",
				"parent": "hair_b_xie2",
				"pivot": [-4, 18, 3],
				"rotation": [-72.46089, -1.68417, 102.20524]
			},
			{
				"name": "bone44",
				"parent": "hair6",
				"pivot": [-2.11603, 17.44829, -0.56699],
				"cubes": [
					{"origin": [-3.11603, 17.44829, 4.23301], "size": [2, 1, 0], "uv": [18, 19], "mirror": true}
				]
			},
			{
				"name": "bone45",
				"parent": "hair6",
				"pivot": [-2.11603, 17.44829, -0.56699],
				"rotation": [0, 22.5, 0],
				"cubes": [
					{"origin": [-3.11603, 17.44829, 4.23301], "size": [1, 1, 0], "uv": [18, 18], "mirror": true}
				]
			},
			{
				"name": "bone46",
				"parent": "hair6",
				"pivot": [-2.11603, 17.44829, -0.56699],
				"rotation": [0, 337.5, 0],
				"cubes": [
					{"origin": [-3.11603, 17.44829, 4.23301], "size": [2, 1, 0], "uv": [18, 20], "mirror": true}
				]
			},
			{
				"name": "hair8",
				"parent": "hair_b_xie2",
				"pivot": [-4, 18, -2],
				"rotation": [-122.46089, -1.68417, 102.20524]
			},
			{
				"name": "bone28",
				"parent": "hair8",
				"pivot": [-2.11603, 17.44829, -5.56699],
				"cubes": [
					{"origin": [-3.11603, 17.44829, -0.76699], "size": [2, 1, 0], "uv": [18, 19], "mirror": true}
				]
			},
			{
				"name": "bone29",
				"parent": "hair8",
				"pivot": [-2.11603, 17.44829, -5.56699],
				"rotation": [0, 22.5, 0],
				"cubes": [
					{"origin": [-3.11603, 17.44829, -0.76699], "size": [1, 1, 0], "uv": [6, 0], "mirror": true}
				]
			},
			{
				"name": "bone40",
				"parent": "hair8",
				"pivot": [-2.11603, 17.44829, -5.56699],
				"rotation": [0, 337.5, 0],
				"cubes": [
					{"origin": [-3.11603, 17.44829, -0.76699], "size": [2, 1, 0], "uv": [18, 20], "mirror": true}
				]
			},
			{
				"name": "hair9",
				"parent": "hair_b_xie2",
				"pivot": [4, 18, -2],
				"rotation": [-122.46089, 1.68417, -102.20524]
			},
			{
				"name": "bone50",
				"parent": "hair9",
				"pivot": [2.11603, 17.44829, -5.56699],
				"cubes": [
					{"origin": [1.11603, 17.44829, -0.76699], "size": [2, 1, 0], "uv": [18, 19]}
				]
			},
			{
				"name": "bone51",
				"parent": "hair9",
				"pivot": [2.11603, 17.44829, -5.56699],
				"rotation": [0, -22.5, 0],
				"cubes": [
					{"origin": [2.11603, 17.44829, -0.76699], "size": [1, 1, 0], "uv": [18, 18]}
				]
			},
			{
				"name": "bone52",
				"parent": "hair9",
				"pivot": [2.11603, 17.44829, -5.56699],
				"rotation": [0, -337.5, 0],
				"cubes": [
					{"origin": [1.11603, 17.44829, -0.76699], "size": [2, 1, 0], "uv": [18, 20]}
				]
			},
			{
				"name": "hair7",
				"parent": "hair_b_xie2",
				"pivot": [4, 18, 3],
				"rotation": [-72.46089, 1.68417, -102.20524]
			},
			{
				"name": "bone47",
				"parent": "hair7",
				"pivot": [2.11603, 17.44829, -0.56699],
				"cubes": [
					{"origin": [1.11603, 17.44829, 4.23301], "size": [2, 1, 0], "uv": [18, 19]}
				]
			},
			{
				"name": "bone48",
				"parent": "hair7",
				"pivot": [2.11603, 17.44829, -0.56699],
				"rotation": [0, -22.5, 0],
				"cubes": [
					{"origin": [2.11603, 17.44829, 4.23301], "size": [1, 1, 0], "uv": [18, 18]}
				]
			},
			{
				"name": "bone49",
				"parent": "hair7",
				"pivot": [2.11603, 17.44829, -0.56699],
				"rotation": [0, -337.5, 0],
				"cubes": [
					{"origin": [1.11603, 17.44829, 4.23301], "size": [2, 1, 0], "uv": [18, 20]}
				]
			},
			{
				"name": "hair1",
				"parent": "hairbehind",
				"pivot": [1, 16, 0],
				"rotation": [0, 0, -90]
			},
			{
				"name": "bone26",
				"parent": "hair1",
				"pivot": [1, 15, 0],
				"cubes": [
					{"origin": [0, 13, 5], "size": [2, 8, 0], "uv": [30, 43]}
				]
			},
			{
				"name": "bone27",
				"parent": "hair1",
				"pivot": [1, 15, 0],
				"rotation": [0, -22.5, 0],
				"cubes": [
					{"origin": [0, 13, 5], "size": [2, 8, 0], "uv": [34, 43]}
				]
			},
			{
				"name": "bone41",
				"parent": "hair1",
				"pivot": [1, 15, 0],
				"rotation": [0, -337.5, 0],
				"cubes": [
					{"origin": [0, 13, 5], "size": [2, 8, 0], "uv": [26, 43]}
				]
			},
			{
				"name": "hairdecoL",
				"parent": "head",
				"pivot": [-4, 24, -2],
				"rotation": [-150.31701, 72.01427, -127.05764],
				"cubes": [
					{"origin": [-4.50384, 19.49789, -2.72043], "size": [1, 4, 1], "uv": [0, 16]}
				]
			},
			{
				"name": "deco1",
				"parent": "hairdecoL",
				"pivot": [-3.50384, 23.49789, -1.72043],
				"rotation": [-19.25946, -5.48532, 0.57341],
				"cubes": [
					{"origin": [-4.57277, 20.33764, -2.4832], "size": [1, 3, 1], "uv": [0, 28]}
				]
			},
			{
				"name": "hairdecoR",
				"parent": "head",
				"pivot": [4, 24, -2],
				"rotation": [-150.31701, -72.01427, 127.05764],
				"cubes": [
					{"origin": [3.50384, 19.49789, -2.72043], "size": [1, 4, 1], "uv": [0, 16], "mirror": true}
				]
			},
			{
				"name": "deco2",
				"parent": "hairdecoR",
				"pivot": [3.50384, 23.49789, -1.72043],
				"rotation": [-19.25946, 5.48532, -0.57341],
				"cubes": [
					{"origin": [3.57277, 20.33764, -2.4832], "size": [1, 3, 1], "uv": [0, 28], "mirror": true}
				]
			},
			{
				"name": "armRight",
				"pivot": [-3, 17.5, 0],
				"rotation": [0, 0, 25],
				"cubes": [
					{"origin": [-5, 8.5, -1], "size": [2, 7, 2], "uv": [18, 43]},
					{"origin": [-5.7, 10, -1.7], "size": [3.4, 2, 3.4], "uv": [42, 0]},
					{"origin": [-5.5, 9.5, -1.5], "size": [3, 7, 3], "uv": [41, 40]}
				]
			},
			{
				"name": "armLeft",
				"pivot": [3, 17.5, 0],
				"rotation": [0, 0, -25],
				"cubes": [
					{"origin": [2.5, 9.5, -1.5], "size": [3, 7, 3], "uv": [0, 35]},
					{"origin": [2.3, 10, -1.7], "size": [3.4, 2, 3.4], "uv": [41, 27]},
					{"origin": [3, 8.5, -1], "size": [2, 7, 2], "uv": [12, 35]}
				]
			},
			{
				"name": "body",
				"pivot": [0, 10.5, 0],
				"cubes": [
					{"origin": [-3, 11.999, -3], "size": [6, 6, 6], "uv": [0, 16]},
					{"origin": [-3.4, 11.999, -3.4], "size": [6.8, 1, 6.8], "uv": [24, 0]}
				]
			},
			{
				"name": "deco",
				"parent": "body",
				"pivot": [0, 10.5, 0]
			},
			{
				"name": "lingR",
				"parent": "deco",
				"pivot": [-3, 10.5, 0],
				"rotation": [-0.27153, -0.08298, 25.00826],
				"cubes": [
					{"origin": [-6.2, 15.5, -4], "size": [3.2, 2, 8], "uv": [24, 8]}
				]
			},
			{
				"name": "huabian",
				"parent": "lingR",
				"pivot": [-5, 16.5, -3],
				"rotation": [-12.5, 0, 0],
				"cubes": [
					{"origin": [-7, 14.5, -3.8], "size": [1, 1, 1], "uv": [51, 64]},
					{"origin": [-6, 14.5, -3.8], "size": [1, 1, 1], "uv": [55, 64]},
					{"origin": [-4, 14.5, -3.8], "size": [1, 1, 1], "uv": [55, 66]},
					{"origin": [-5, 14.5, -3.8], "size": [1, 1, 1], "uv": [46, 64]}
				]
			},
			{
				"name": "lingL",
				"parent": "deco",
				"pivot": [3, 10.5, 0],
				"rotation": [-0.27153, 0.08298, -25.00826],
				"cubes": [
					{"origin": [3, 15.5, -4], "size": [3.2, 2, 8], "uv": [24, 8], "mirror": true}
				]
			},
			{
				"name": "huabian2",
				"parent": "lingL",
				"pivot": [5, 16.5, -3],
				"rotation": [-12.5, 0, 0],
				"cubes": [
					{"origin": [6, 14.5, -3.8], "size": [1, 1, 1], "uv": [51, 64], "mirror": true},
					{"origin": [5, 14.5, -3.8], "size": [1, 1, 1], "uv": [55, 64], "mirror": true},
					{"origin": [3, 14.5, -3.8], "size": [1, 1, 1], "uv": [55, 66], "mirror": true},
					{"origin": [4, 14.5, -3.8], "size": [1, 1, 1], "uv": [46, 64], "mirror": true}
				]
			},
			{
				"name": "ribon",
				"parent": "deco",
				"pivot": [0, 10.5, 1]
			},
			{
				"name": "ribonL",
				"parent": "ribon",
				"pivot": [0, 15.5, -4],
				"rotation": [0, -12.5, 0]
			},
			{
				"name": "ribon3",
				"parent": "ribonL",
				"pivot": [0, 15.5, -5],
				"rotation": [-13.76691, -5.01625, 10.46128],
				"cubes": [
					{"origin": [-0.88415, 12.6, -4], "size": [1, 3, 1], "uv": [24, 0]}
				]
			},
			{
				"name": "ribon5",
				"parent": "ribonL",
				"pivot": [0, 16, -4],
				"rotation": [0, 0, -5],
				"cubes": [
					{"origin": [-3, 15.5, -4], "size": [3, 1, 1], "uv": [44, 34]}
				]
			},
			{
				"name": "ribon1",
				"parent": "ribonL",
				"pivot": [1, 15.5, -4],
				"rotation": [-0.92774, -1.06364, -17.39154],
				"cubes": [
					{"origin": [-2.77735, 15.66779, -4], "size": [3, 1, 1], "uv": [40, 13], "mirror": true}
				]
			},
			{
				"name": "ribonR",
				"parent": "ribon",
				"pivot": [0, 15.5, -4],
				"rotation": [0, 12.5, 0]
			},
			{
				"name": "ribon4",
				"parent": "ribonR",
				"pivot": [0, 15.5, -5],
				"rotation": [-13.76691, 5.01625, -10.46128],
				"cubes": [
					{"origin": [-0.11585, 12.6, -4], "size": [1, 3, 1], "uv": [24, 0], "mirror": true}
				]
			},
			{
				"name": "ribon6",
				"parent": "ribonR",
				"pivot": [0, 16, -4],
				"rotation": [0, 0, 5],
				"cubes": [
					{"origin": [0, 15.5, -4], "size": [3, 1, 1], "uv": [44, 34], "mirror": true}
				]
			},
			{
				"name": "ribon7",
				"parent": "ribonR",
				"pivot": [-1, 15.5, -4],
				"rotation": [-0.92774, 1.06364, 17.39154],
				"cubes": [
					{"origin": [-0.22265, 15.66779, -4], "size": [3, 1, 1], "uv": [40, 13]}
				]
			},
			{
				"name": "sittingRotationSkirt",
				"parent": "body",
				"pivot": [0, 10.5, 0]
			},
			{
				"name": "skirt",
				"parent": "sittingRotationSkirt",
				"pivot": [0, 10.5, 0],
				"cubes": [
					{"origin": [-3, 8.999, -2], "size": [6, 3, 4], "uv": [0, 28]}
				]
			},
			{
				"name": "bone2",
				"parent": "skirt",
				"pivot": [0, 0, 0]
			},
			{
				"name": "bone3",
				"parent": "bone2",
				"pivot": [0, 0, 3.48315],
				"rotation": [13, 0, 0],
				"cubes": [
					{"origin": [-1.5, 3.74096, 6.033], "size": [3, 8, 0], "uv": [57, 43]}
				]
			},
			{
				"name": "bone4",
				"parent": "bone3",
				"pivot": [-1.5, -0.25904, 3.48315],
				"rotation": [0, 0, 7.44197],
				"cubes": [
					{"origin": [-3.5, 3.74096, 6.032], "size": [2, 8, 0], "uv": [63, 43]}
				]
			},
			{
				"name": "bone5",
				"parent": "bone3",
				"pivot": [1.5, -0.25904, 3.48315],
				"rotation": [0, 0, -7.44197],
				"cubes": [
					{"origin": [1.5, 3.74096, 6.034], "size": [2, 8, 0], "uv": [53, 43]}
				]
			},
			{
				"name": "bone6",
				"parent": "skirt",
				"pivot": [0, 0, 0],
				"rotation": [0, -60, 0]
			},
			{
				"name": "bone7",
				"parent": "bone6",
				"pivot": [0, 0, 3.48315],
				"rotation": [13, 0, 0],
				"cubes": [
					{"origin": [-1.5, 3.74096, 6.033], "size": [3, 8, 0], "uv": [57, 43]}
				]
			},
			{
				"name": "bone8",
				"parent": "bone7",
				"pivot": [-1.5, -0.25904, 3.48315],
				"rotation": [0, 0, 7.44197],
				"cubes": [
					{"origin": [-3.5, 3.74096, 6.032], "size": [2, 8, 0], "uv": [63, 43]}
				]
			},
			{
				"name": "bone9",
				"parent": "bone7",
				"pivot": [1.5, -0.25904, 3.48315],
				"rotation": [0, 0, -7.44197],
				"cubes": [
					{"origin": [1.5, 3.74096, 6.034], "size": [2, 8, 0], "uv": [53, 43]}
				]
			},
			{
				"name": "bone10",
				"parent": "skirt",
				"pivot": [0, 0, 0],
				"rotation": [0, -120, 0]
			},
			{
				"name": "bone11",
				"parent": "bone10",
				"pivot": [0, 0, 3.48315],
				"rotation": [13, 0, 0],
				"cubes": [
					{"origin": [-1.5, 3.74096, 6.033], "size": [3, 8, 0], "uv": [57, 43]}
				]
			},
			{
				"name": "bone12",
				"parent": "bone11",
				"pivot": [-1.5, -0.25904, 3.48315],
				"rotation": [0, 0, 7.44197],
				"cubes": [
					{"origin": [-3.5, 3.74096, 6.032], "size": [2, 8, 0], "uv": [63, 43]}
				]
			},
			{
				"name": "bone13",
				"parent": "bone11",
				"pivot": [1.5, -0.25904, 3.48315],
				"rotation": [0, 0, -7.44197],
				"cubes": [
					{"origin": [1.5, 3.74096, 6.034], "size": [2, 8, 0], "uv": [53, 43]}
				]
			},
			{
				"name": "bone14",
				"parent": "skirt",
				"pivot": [0, 0, 0],
				"rotation": [0, -180, 0]
			},
			{
				"name": "bone15",
				"parent": "bone14",
				"pivot": [0, 0, 3.48315],
				"rotation": [13, 0, 0],
				"cubes": [
					{"origin": [-1.5, 3.74096, 6.033], "size": [3, 8, 0], "uv": [57, 43]}
				]
			},
			{
				"name": "bone16",
				"parent": "bone15",
				"pivot": [-1.5, -0.25904, 3.48315],
				"rotation": [0, 0, 7.44197],
				"cubes": [
					{"origin": [-3.5, 3.74096, 6.032], "size": [2, 8, 0], "uv": [63, 43]}
				]
			},
			{
				"name": "bone17",
				"parent": "bone15",
				"pivot": [1.5, -0.25904, 3.48315],
				"rotation": [0, 0, -7.44197],
				"cubes": [
					{"origin": [1.5, 3.74096, 6.034], "size": [2, 8, 0], "uv": [53, 43]}
				]
			},
			{
				"name": "bone18",
				"parent": "skirt",
				"pivot": [0, 0, 0],
				"rotation": [0, -240, 0]
			},
			{
				"name": "bone19",
				"parent": "bone18",
				"pivot": [0, 0, 3.48315],
				"rotation": [13, 0, 0],
				"cubes": [
					{"origin": [-1.5, 3.74096, 6.033], "size": [3, 8, 0], "uv": [57, 43]}
				]
			},
			{
				"name": "bone20",
				"parent": "bone19",
				"pivot": [-1.5, -0.25904, 3.48315],
				"rotation": [0, 0, 7.44197],
				"cubes": [
					{"origin": [-3.5, 3.74096, 6.032], "size": [2, 8, 0], "uv": [63, 43]}
				]
			},
			{
				"name": "bone21",
				"parent": "bone19",
				"pivot": [1.5, -0.25904, 3.48315],
				"rotation": [0, 0, -7.44197],
				"cubes": [
					{"origin": [1.5, 3.74096, 6.034], "size": [2, 8, 0], "uv": [53, 43]}
				]
			},
			{
				"name": "bone22",
				"parent": "skirt",
				"pivot": [0, 0, 0],
				"rotation": [0, -300, 0]
			},
			{
				"name": "bone23",
				"parent": "bone22",
				"pivot": [0, 0, 3.48315],
				"rotation": [13, 0, 0],
				"cubes": [
					{"origin": [-1.5, 3.74096, 6.033], "size": [3, 8, 0], "uv": [57, 43]}
				]
			},
			{
				"name": "bone24",
				"parent": "bone23",
				"pivot": [-1.5, -0.25904, 3.48315],
				"rotation": [0, 0, 7.44197],
				"cubes": [
					{"origin": [-3.5, 3.74096, 6.032], "size": [2, 8, 0], "uv": [63, 43]}
				]
			},
			{
				"name": "bone25",
				"parent": "bone23",
				"pivot": [1.5, -0.25904, 3.48315],
				"rotation": [0, 0, -7.44197],
				"cubes": [
					{"origin": [1.5, 3.74096, 6.034], "size": [2, 8, 0], "uv": [53, 43]}
				]
			},
			{
				"name": "legLeft",
				"pivot": [2, 9, 0],
				"cubes": [
					{"origin": [0.499, 0, -1.5], "size": [3, 9, 3], "uv": [32, 31]}
				]
			},
			{
				"name": "legRight",
				"pivot": [-2, 9, 0],
				"cubes": [
					{"origin": [-3.499, 0, -1.5], "size": [3, 9, 3], "uv": [20, 31]}
				]
			}
		]
	}
}