{
	"format_version": "1.10.0",
	"geometry.model": {
		"texturewidth": 64,
		"textureheight": 64,
		"visible_bounds_width": 3,
		"visible_bounds_height": 4,
		"visible_bounds_offset": [0, 1, 0],
		"bones": [
			{
				"name": "head",
				"pivot": [0, 18, 0],
				"cubes": [
					{"origin": [-4, 18, -4], "size": [8, 8, 8], "uv": [0, 17]}
				]
			},
			{
				"name": "hairLeftSwing",
				"parent": "head",
				"pivot": [0, 10.5, 0]
			},
			{
				"name": "hair5",
				"parent": "hairLeftSwing",
				"pivot": [-4, 18, -5],
				"rotation": [0.66963, 14.98539, 107.58807]
			},
			{
				"name": "bone39",
				"parent": "hair5",
				"pivot": [-2.11603, 17.44829, -8.56699],
				"cubes": [
					{"origin": [-3.11603, 17.44829, -3.76699], "size": [2, 1, 0], "uv": [40, 27], "mirror": true}
				]
			},
			{
				"name": "bone42",
				"parent": "hair5",
				"pivot": [-2.11603, 17.44829, -8.56699],
				"rotation": [0, 22.5, 0],
				"cubes": [
					{"origin": [-3.11603, 17.44829, -3.76699], "size": [1, 1, 0], "uv": [6, 0], "mirror": true}
				]
			},
			{
				"name": "bone43",
				"parent": "hair5",
				"pivot": [-2.11603, 17.44829, -8.56699],
				"rotation": [0, 337.5, 0],
				"cubes": [
					{"origin": [-3.11603, 17.44829, -3.76699], "size": [2, 1, 0], "uv": [36, 27], "mirror": true}
				]
			},
			{
				"name": "hairfront",
				"parent": "hairLeftSwing",
				"pivot": [0, 23, -4],
				"rotation": [-1.6575, -12.39135, 7.67995],
				"cubes": [
					{"origin": [-3, 22, -5], "size": [2, 1, 1], "uv": [9, 33]},
					{"origin": [-4, 23, -5], "size": [1, 1, 1], "uv": [42, 40]},
					{"origin": [-1, 23, -5], "size": [1, 1, 1], "uv": [33, 40]}
				]
			},
			{
				"name": "hairfront2",
				"parent": "hairLeftSwing",
				"pivot": [-2, 21, -4],
				"rotation": [-1.6575, -12.39135, 7.67995],
				"cubes": [
					{"origin": [-5, 20, -5], "size": [2, 1, 1], "uv": [9, 33]},
					{"origin": [-6, 21, -5], "size": [1, 1, 1], "uv": [42, 40]}
				]
			},
			{
				"name": "hair12",
				"parent": "hairLeftSwing",
				"pivot": [-3, 19, -3],
				"rotation": [-120.90068, 0.269, 64.74408]
			},
			{
				"name": "bone8",
				"parent": "hair12",
				"pivot": [-1.11603, 18.44829, -6.56699],
				"cubes": [
					{"origin": [-2.11603, 18.44829, -1.76699], "size": [2, 1, 0], "uv": [9, 35], "mirror": true}
				]
			},
			{
				"name": "bone9",
				"parent": "hair12",
				"pivot": [-1.11603, 18.44829, -6.56699],
				"rotation": [0, 22.5, 0],
				"cubes": [
					{"origin": [-2.11603, 18.44829, -1.76699], "size": [1, 1, 0], "uv": [0, 1]}
				]
			},
			{
				"name": "bone10",
				"parent": "hair12",
				"pivot": [-1.11603, 18.44829, -6.56699],
				"rotation": [0, 337.5, 0],
				"cubes": [
					{"origin": [-2.11603, 18.44829, -1.76699], "size": [2, 1, 0], "uv": [32, 27], "mirror": true}
				]
			},
			{
				"name": "ahoge",
				"parent": "head",
				"pivot": [0, 26, 0],
				"cubes": [
					{"origin": [-3, 25, 0], "size": [6, 6, 0], "uv": [39, 0]}
				]
			},
			{
				"name": "blink",
				"parent": "head",
				"pivot": [0, 18, 0],
				"cubes": [
					{"origin": [-4, 18, -4.001], "size": [8, 8, 0], "uv": [24, 17]}
				]
			},
			{
				"name": "hair",
				"parent": "head",
				"pivot": [0, 18, 0],
				"cubes": [
					{"origin": [-4.6, 18, -4.6], "size": [9.2, 8.4, 9.2], "uv": [0, 0]},
					{"origin": [1, 22, -5], "size": [3, 1, 1], "uv": [56, 27]}
				]
			},
			{
				"name": "hairbehind",
				"parent": "hair",
				"pivot": [0, 18, 0]
			},
			{
				"name": "hair_b_xie",
				"parent": "hairbehind",
				"pivot": [0, 20, -1]
			},
			{
				"name": "hair2",
				"parent": "hair_b_xie",
				"pivot": [3, 20, 3],
				"rotation": [0, 0, -105]
			},
			{
				"name": "bone30",
				"parent": "hair2",
				"pivot": [-1, 19, 0],
				"cubes": [
					{"origin": [-2, 19, 4.8], "size": [2, 1, 0], "uv": [9, 35]}
				]
			},
			{
				"name": "bone31",
				"parent": "hair2",
				"pivot": [-1, 19, 0],
				"rotation": [0, -22.5, 0],
				"cubes": [
					{"origin": [-1, 19, 4.8], "size": [1, 1, 0], "uv": [0, 0]}
				]
			},
			{
				"name": "bone35",
				"parent": "hair2",
				"pivot": [-1, 19, 0],
				"rotation": [0, -337.5, 0],
				"cubes": [
					{"origin": [-2, 19, 4.8], "size": [2, 1, 0], "uv": [32, 27]}
				]
			},
			{
				"name": "hair3",
				"parent": "hair_b_xie",
				"pivot": [-3, 20, 3],
				"rotation": [0, 0, 105]
			},
			{
				"name": "bone32",
				"parent": "hair3",
				"pivot": [1, 19, 0],
				"cubes": [
					{"origin": [0, 19, 4.8], "size": [2, 1, 0], "uv": [9, 35], "mirror": true}
				]
			},
			{
				"name": "bone33",
				"parent": "hair3",
				"pivot": [1, 19, 0],
				"rotation": [0, 22.5, 0],
				"cubes": [
					{"origin": [0, 19, 4.8], "size": [1, 1, 0], "uv": [0, 0], "mirror": true}
				]
			},
			{
				"name": "bone34",
				"parent": "hair3",
				"pivot": [1, 19, 0],
				"rotation": [0, 337.5, 0],
				"cubes": [
					{"origin": [0, 19, 4.8], "size": [2, 1, 0], "uv": [32, 27], "mirror": true}
				]
			},
			{
				"name": "hair_b_xie2",
				"parent": "hairbehind",
				"pivot": [0, 19, -10]
			},
			{
				"name": "hairRightSwing",
				"parent": "hair_b_xie2",
				"pivot": [3, 19, -3]
			},
			{
				"name": "hair13",
				"parent": "hairRightSwing",
				"pivot": [3, 19, -3],
				"rotation": [-123.37327, 0.40688, -69.73862]
			},
			{
				"name": "bone11",
				"parent": "hair13",
				"pivot": [1.11603, 18.44829, -6.56699],
				"cubes": [
					{"origin": [0.11603, 18.44829, -1.76699], "size": [2, 1, 0], "uv": [9, 35]}
				]
			},
			{
				"name": "bone12",
				"parent": "hair13",
				"pivot": [1.11603, 18.44829, -6.56699],
				"rotation": [0, -22.5, 0],
				"cubes": [
					{"origin": [1.11603, 18.44829, -1.76699], "size": [1, 1, 0], "uv": [0, 1], "mirror": true}
				]
			},
			{
				"name": "bone13",
				"parent": "hair13",
				"pivot": [1.11603, 18.44829, -6.56699],
				"rotation": [0, -337.5, 0],
				"cubes": [
					{"origin": [0.11603, 18.44829, -1.76699], "size": [2, 1, 0], "uv": [32, 27]}
				]
			},
			{
				"name": "hair4",
				"parent": "hair_b_xie2",
				"pivot": [4, 18, -5],
				"rotation": [0.66963, -14.98539, -107.58807]
			},
			{
				"name": "bone36",
				"parent": "hair4",
				"pivot": [2.11603, 17.44829, -8.56699],
				"cubes": [
					{"origin": [1.11603, 17.44829, -3.76699], "size": [2, 1, 0], "uv": [40, 27]}
				]
			},
			{
				"name": "bone37",
				"parent": "hair4",
				"pivot": [2.11603, 17.44829, -8.56699],
				"rotation": [0, -22.5, 0],
				"cubes": [
					{"origin": [2.11603, 17.44829, -3.76699], "size": [1, 1, 0], "uv": [6, 0]}
				]
			},
			{
				"name": "bone38",
				"parent": "hair4",
				"pivot": [2.11603, 17.44829, -8.56699],
				"rotation": [0, -337.5, 0],
				"cubes": [
					{"origin": [1.11603, 17.44829, -3.76699], "size": [2, 1, 0], "uv": [36, 27]}
				]
			},
			{
				"name": "hair6",
				"parent": "hair_b_xie2",
				"pivot": [-4, 18, 3],
				"rotation": [-72.46089, -1.68417, 102.20524]
			},
			{
				"name": "bone44",
				"parent": "hair6",
				"pivot": [-2.11603, 17.44829, -0.56699],
				"cubes": [
					{"origin": [-3.11603, 17.44829, 4.23301], "size": [2, 1, 0], "uv": [9, 35], "mirror": true}
				]
			},
			{
				"name": "bone45",
				"parent": "hair6",
				"pivot": [-2.11603, 17.44829, -0.56699],
				"rotation": [0, 22.5, 0],
				"cubes": [
					{"origin": [-3.11603, 17.44829, 4.23301], "size": [1, 1, 0], "uv": [0, 0], "mirror": true}
				]
			},
			{
				"name": "bone46",
				"parent": "hair6",
				"pivot": [-2.11603, 17.44829, -0.56699],
				"rotation": [0, 337.5, 0],
				"cubes": [
					{"origin": [-3.11603, 17.44829, 4.23301], "size": [2, 1, 0], "uv": [32, 27], "mirror": true}
				]
			},
			{
				"name": "hair8",
				"parent": "hair_b_xie2",
				"pivot": [-4, 18, -2],
				"rotation": [-122.46089, -1.68417, 102.20524]
			},
			{
				"name": "bone28",
				"parent": "hair8",
				"pivot": [-2.11603, 17.44829, -5.56699],
				"cubes": [
					{"origin": [-3.11603, 17.44829, -0.76699], "size": [2, 1, 0], "uv": [9, 35], "mirror": true}
				]
			},
			{
				"name": "bone29",
				"parent": "hair8",
				"pivot": [-2.11603, 17.44829, -5.56699],
				"rotation": [0, 22.5, 0],
				"cubes": [
					{"origin": [-3.11603, 17.44829, -0.76699], "size": [1, 1, 0], "uv": [0, 1]}
				]
			},
			{
				"name": "bone40",
				"parent": "hair8",
				"pivot": [-2.11603, 17.44829, -5.56699],
				"rotation": [0, 337.5, 0],
				"cubes": [
					{"origin": [-3.11603, 17.44829, -0.76699], "size": [2, 1, 0], "uv": [32, 27], "mirror": true}
				]
			},
			{
				"name": "hair9",
				"parent": "hair_b_xie2",
				"pivot": [4, 18, -2],
				"rotation": [-122.46089, 1.68417, -102.20524]
			},
			{
				"name": "bone50",
				"parent": "hair9",
				"pivot": [2.11603, 17.44829, -5.56699],
				"cubes": [
					{"origin": [1.11603, 17.44829, -0.76699], "size": [2, 1, 0], "uv": [9, 35]}
				]
			},
			{
				"name": "bone51",
				"parent": "hair9",
				"pivot": [2.11603, 17.44829, -5.56699],
				"rotation": [0, -22.5, 0],
				"cubes": [
					{"origin": [2.11603, 17.44829, -0.76699], "size": [1, 1, 0], "uv": [0, 0]}
				]
			},
			{
				"name": "bone52",
				"parent": "hair9",
				"pivot": [2.11603, 17.44829, -5.56699],
				"rotation": [0, -337.5, 0],
				"cubes": [
					{"origin": [1.11603, 17.44829, -0.76699], "size": [2, 1, 0], "uv": [32, 27]}
				]
			},
			{
				"name": "hair10",
				"parent": "hair_b_xie2",
				"pivot": [4, 21, 0],
				"rotation": [-121.55412, -13.2563, -118.07661]
			},
			{
				"name": "bone2",
				"parent": "hair10",
				"pivot": [2.11603, 20.44829, -3.56699],
				"cubes": [
					{"origin": [1.11603, 20.44829, 1.23301], "size": [2, 1, 0], "uv": [9, 35]}
				]
			},
			{
				"name": "bone3",
				"parent": "hair10",
				"pivot": [2.11603, 20.44829, -3.56699],
				"rotation": [0, -22.5, 0],
				"cubes": [
					{"origin": [2.11603, 20.44829, 1.23301], "size": [1, 1, 0], "uv": [0, 0]}
				]
			},
			{
				"name": "bone4",
				"parent": "hair10",
				"pivot": [2.11603, 20.44829, -3.56699],
				"rotation": [0, -337.5, 0],
				"cubes": [
					{"origin": [1.11603, 20.44829, 1.23301], "size": [2, 1, 0], "uv": [32, 27]}
				]
			},
			{
				"name": "hair11",
				"parent": "hair_b_xie2",
				"pivot": [-3, 25, 0],
				"rotation": [-66.55412, 13.2563, 118.07661]
			},
			{
				"name": "bone5",
				"parent": "hair11",
				"pivot": [-1.11603, 24.44829, -3.56699],
				"cubes": [
					{"origin": [-2.11603, 24.44829, 1.23301], "size": [2, 1, 0], "uv": [9, 35], "mirror": true}
				]
			},
			{
				"name": "bone6",
				"parent": "hair11",
				"pivot": [-1.11603, 24.44829, -3.56699],
				"rotation": [0, 22.5, 0],
				"cubes": [
					{"origin": [-2.11603, 24.44829, 1.23301], "size": [1, 1, 0], "uv": [0, 0], "mirror": true}
				]
			},
			{
				"name": "bone7",
				"parent": "hair11",
				"pivot": [-1.11603, 24.44829, -3.56699],
				"rotation": [0, 337.5, 0],
				"cubes": [
					{"origin": [-2.11603, 24.44829, 1.23301], "size": [2, 1, 0], "uv": [32, 27], "mirror": true}
				]
			},
			{
				"name": "hair7",
				"parent": "hair_b_xie2",
				"pivot": [4, 18, 3],
				"rotation": [-72.46089, 1.68417, -102.20524]
			},
			{
				"name": "bone47",
				"parent": "hair7",
				"pivot": [2.11603, 17.44829, -0.56699],
				"cubes": [
					{"origin": [1.11603, 17.44829, 4.23301], "size": [2, 1, 0], "uv": [9, 35]}
				]
			},
			{
				"name": "bone48",
				"parent": "hair7",
				"pivot": [2.11603, 17.44829, -0.56699],
				"rotation": [0, -22.5, 0],
				"cubes": [
					{"origin": [2.11603, 17.44829, 4.23301], "size": [1, 1, 0], "uv": [0, 0]}
				]
			},
			{
				"name": "bone49",
				"parent": "hair7",
				"pivot": [2.11603, 17.44829, -0.56699],
				"rotation": [0, -337.5, 0],
				"cubes": [
					{"origin": [1.11603, 17.44829, 4.23301], "size": [2, 1, 0], "uv": [32, 27]}
				]
			},
			{
				"name": "hair1",
				"parent": "hairbehind",
				"pivot": [1, 16, 0],
				"rotation": [0, 0, -90]
			},
			{
				"name": "bone27",
				"parent": "hair1",
				"pivot": [1, 15, 0],
				"rotation": [0, -22.5, 0],
				"cubes": [
					{"origin": [0, 13, 5], "size": [2, 8, 0], "uv": [32, 50]}
				]
			},
			{
				"name": "bone26",
				"parent": "hair1",
				"pivot": [1, 15, 0],
				"cubes": [
					{"origin": [0, 13, 5], "size": [2, 8, 0], "uv": [28, 50]}
				]
			},
			{
				"name": "bone41",
				"parent": "hair1",
				"pivot": [1, 15, 0],
				"rotation": [0, -337.5, 0],
				"cubes": [
					{"origin": [0, 13, 5], "size": [2, 8, 0], "uv": [24, 50]}
				]
			},
			{
				"name": "armRight",
				"pivot": [-3, 17.5, 0],
				"rotation": [0, 0, 25],
				"cubes": [
					{"origin": [-5, 8.5, -1], "size": [2, 7, 2], "uv": [49, 4]},
					{"origin": [-5.7, 9, -1.7], "size": [3.4, 2, 3.4], "uv": [12, 45]},
					{"origin": [-5.5, 9.5, -1.5], "size": [3, 7, 3], "uv": [24, 40]}
				]
			},
			{
				"name": "armLeft",
				"pivot": [3, 17.5, 0],
				"rotation": [0, 0, -25],
				"cubes": [
					{"origin": [2.5, 9.5, -1.5], "size": [3, 7, 3], "uv": [40, 17]},
					{"origin": [2.3, 9, -1.7], "size": [3.4, 2, 3.4], "uv": [0, 45]},
					{"origin": [3, 8.5, -1], "size": [2, 7, 2], "uv": [0, 0]}
				]
			},
			{
				"name": "body",
				"pivot": [0, 10.5, 0],
				"cubes": [
					{"origin": [-3, 10.999, -2.6], "size": [6, 7, 5.4], "uv": [27, 28]},
					{"origin": [-2, 14.999, 1.4], "size": [4, 3, 2.4], "uv": [44, 27]}
				]
			},
			{
				"name": "deco",
				"parent": "body",
				"pivot": [0, 10.5, 0]
			},
			{
				"name": "lingR",
				"parent": "deco",
				"pivot": [-3, 10.5, 0],
				"rotation": [-0.27153, -0.08298, 25.00826],
				"cubes": [
					{"origin": [-6.2, 16.5, -3], "size": [3.2, 1, 1], "uv": [32, 25]}
				]
			},
			{
				"name": "lingL",
				"parent": "deco",
				"pivot": [3, 10.5, 0],
				"rotation": [-0.27153, 0.08298, -25.00826],
				"cubes": [
					{"origin": [2.8, 16.5, -3], "size": [3.2, 1, 1], "uv": [32, 25]}
				]
			},
			{
				"name": "ribon",
				"parent": "deco",
				"pivot": [0, 10.5, 1]
			},
			{
				"name": "ribonL",
				"parent": "ribon",
				"pivot": [0, 15.5, -4],
				"rotation": [0, -12.5, 0]
			},
			{
				"name": "ribon3",
				"parent": "ribonL",
				"pivot": [0, 15.5, -5],
				"rotation": [-13.76691, -5.01625, 10.46128],
				"cubes": [
					{"origin": [-0.88415, 13.6, -3], "size": [1, 3, 1], "uv": [49, 16]}
				]
			},
			{
				"name": "ribon5",
				"parent": "ribonL",
				"pivot": [0, 16, -4],
				"rotation": [0, 0, -5]
			},
			{
				"name": "ribon1",
				"parent": "ribonL",
				"pivot": [1, 15.5, -4],
				"rotation": [-0.92774, -1.06364, -17.39154]
			},
			{
				"name": "ribonR",
				"parent": "ribon",
				"pivot": [0, 15.5, -4],
				"rotation": [0, 12.5, 0]
			},
			{
				"name": "ribon4",
				"parent": "ribonR",
				"pivot": [0, 15.5, -5],
				"rotation": [-13.76691, 5.01625, -10.46128],
				"cubes": [
					{"origin": [-0.11585, 14.6, -3], "size": [1, 2, 1], "uv": [45, 6]}
				]
			},
			{
				"name": "ribon6",
				"parent": "ribonR",
				"pivot": [0, 16, -4],
				"rotation": [0, 0, 5]
			},
			{
				"name": "ribon7",
				"parent": "ribonR",
				"pivot": [-1, 15.5, -4],
				"rotation": [-0.92774, 1.06364, 17.39154]
			},
			{
				"name": "sittingRotationSkirt",
				"parent": "body",
				"pivot": [0, 10.5, 0]
			},
			{
				"name": "R",
				"parent": "sittingRotationSkirt",
				"pivot": [0, 10.5, 0],
				"rotation": [0, 0, 15],
				"cubes": [
					{"origin": [-3.8, 9, -3], "size": [3.6, 3, 6], "uv": [27, 0]}
				]
			},
			{
				"name": "L",
				"parent": "sittingRotationSkirt",
				"pivot": [0, 10.5, 0],
				"rotation": [0, 0, -15],
				"cubes": [
					{"origin": [0.2, 9, -3], "size": [3.6, 3, 6], "uv": [27, 0], "mirror": true}
				]
			},
			{
				"name": "legLeft",
				"pivot": [2, 9, 0],
				"cubes": [
					{"origin": [0.499, 0, -1.5], "size": [3, 9, 3], "uv": [12, 33]},
					{"origin": [0.2, 7, -2], "size": [3.6, 4, 4], "uv": [36, 9], "mirror": true}
				]
			},
			{
				"name": "legRight",
				"pivot": [-2, 9, 0],
				"cubes": [
					{"origin": [-3.499, 0, -1.5], "size": [3, 9, 3], "uv": [0, 33]},
					{"origin": [-3.8, 7, -2], "size": [3.6, 4, 4], "uv": [36, 9]}
				]
			},
			{
				"name": "cosFloat",
				"pivot": [0, 0, 0]
			},
			{
				"name": "LOTO",
				"parent": "cosFloat",
				"pivot": [0, 6, 6],
				"cubes": [
					{"origin": [6, 6, 5], "size": [1, 9, 2], "uv": [44, 40]},
					{"origin": [11, 6, 5], "size": [1, 9, 2], "uv": [44, 40]},
					{"origin": [7, 5, 5], "size": [2, 11, 2], "uv": [36, 40]},
					{"origin": [9, 5, 5], "size": [2, 11, 2], "uv": [51, 45]},
					{"origin": [8, 6, 4.5], "size": [2, 7, 1.6], "uv": [0, 17]},
					{"origin": [7, 7, 4.5], "size": [1, 5, 1.6], "uv": [27, 0]},
					{"origin": [10, 7, 4.5], "size": [1, 5, 1.6], "uv": [27, 0]}
				]
			},
			{
				"name": "LegL",
				"parent": "LOTO",
				"pivot": [13, 4, 6],
				"rotation": [10.15108, -9.84655, 13.24622],
				"cubes": [
					{"origin": [10.5, 3, 6.5], "size": [1, 3, 1], "uv": [36, 9], "mirror": true}
				]
			},
			{
				"name": "LegR",
				"parent": "LOTO",
				"pivot": [5, 4, 6],
				"rotation": [10.15108, 9.84655, -13.24622],
				"cubes": [
					{"origin": [6.5, 3, 6.5], "size": [1, 3, 1], "uv": [36, 9]}
				]
			},
			{
				"name": "handL",
				"parent": "LOTO",
				"pivot": [12, 11, 5],
				"rotation": [15, 0, 30],
				"cubes": [
					{"origin": [11, 11, 5], "size": [1, 3, 1], "uv": [59, 19]}
				]
			},
			{
				"name": "handR",
				"parent": "LOTO",
				"pivot": [6, 11, 5],
				"rotation": [15, 0, -30],
				"cubes": [
					{"origin": [6, 11, 5], "size": [1, 3, 1], "uv": [59, 13], "mirror": true}
				]
			},
			{
				"name": "EarR",
				"parent": "LOTO",
				"pivot": [8, 14, 6],
				"rotation": [0, 0, 12.5]
			},
			{
				"name": "EarR1",
				"parent": "EarR",
				"pivot": [6, 17, 6],
				"rotation": [0, 0, -45],
				"cubes": [
					{"origin": [5.5, 13.8, 5.6], "size": [1, 3, 1], "uv": [59, 7]}
				]
			},
			{
				"name": "EarR2",
				"parent": "EarR",
				"pivot": [6, 17, 6],
				"rotation": [0, 0, -5],
				"cubes": [
					{"origin": [5.8, 13.8, 5.5], "size": [1, 3, 1], "uv": [59, 1]}
				]
			},
			{
				"name": "EarL",
				"parent": "LOTO",
				"pivot": [10, 14, 6],
				"rotation": [0, 0, -12.5]
			},
			{
				"name": "EarR4",
				"parent": "EarL",
				"pivot": [12, 17, 6],
				"rotation": [0, 0, 45],
				"cubes": [
					{"origin": [11.5, 13.8, 5.6], "size": [1, 3, 1], "uv": [59, 7], "mirror": true}
				]
			},
			{
				"name": "EarR5",
				"parent": "EarL",
				"pivot": [12, 17, 6],
				"rotation": [0, 0, 5],
				"cubes": [
					{"origin": [11.2, 13.8, 5.5], "size": [1, 3, 1], "uv": [59, 1], "mirror": true}
				]
			},
			{
				"name": "tail",
				"parent": "LOTO",
				"pivot": [9, 6, 6],
				"rotation": [10, 0, 0],
				"cubes": [
					{"origin": [8.5, 3, 6], "size": [1, 4, 1], "uv": [45, 54]}
				]
			},
			{
				"name": "tail1",
				"parent": "tail",
				"pivot": [9, 3, 6],
				"rotation": [15, 0, -25],
				"cubes": [
					{"origin": [8.5, 1, 6], "size": [1, 2, 1], "uv": [52, 41]}
				]
			}
		]
	}
}