{
	"format_version": "1.10.0",
	"geometry.model": {
		"texturewidth": 64,
		"textureheight": 64,
		"visible_bounds_width": 3,
		"visible_bounds_height": 4,
		"visible_bounds_offset": [0, 1, 0],
		"bones": [
			{
				"name": "head",
				"pivot": [0, 20, 0],
				"cubes": [
					{"origin": [-4, 20, -4], "size": [8, 8, 8], "uv": [0, 17]}
				]
			},
			{
				"name": "hairLeftSwing",
				"parent": "head",
				"pivot": [0, 12.5, 0]
			},
			{
				"name": "hairfront",
				"parent": "hairLeftSwing",
				"pivot": [-1, 26, -4],
				"rotation": [5.43234, 28.96577, 24.65502],
				"cubes": [
					{"origin": [0, 25, -5], "size": [2, 1, 1], "uv": [24, 21]},
					{"origin": [2, 26, -5], "size": [1, 1, 1], "uv": [27, 4]},
					{"origin": [-1, 26, -5], "size": [1, 1, 1], "uv": [27, 2]}
				]
			},
			{
				"name": "ahoge",
				"parent": "head",
				"pivot": [0, 28, 0],
				"cubes": [
					{"origin": [-3, 27, 0], "size": [6, 6, 0], "uv": [41, 0]}
				]
			},
			{
				"name": "blink",
				"parent": "head",
				"pivot": [0, 20, 0],
				"cubes": [
					{"origin": [-4, 20, -4.001], "size": [8, 8, 0], "uv": [36, 8]}
				]
			},
			{
				"name": "hair",
				"parent": "head",
				"pivot": [0, 20, 0],
				"cubes": [
					{"origin": [-4.6, 20, -4.6], "size": [9.2, 8.4, 9.2], "uv": [0, 0]}
				]
			},
			{
				"name": "hairbehind",
				"parent": "hair",
				"pivot": [0, 20, 0]
			},
			{
				"name": "hair_b_xie",
				"parent": "hairbehind",
				"pivot": [0, 22, -1]
			},
			{
				"name": "hair3",
				"parent": "hair_b_xie",
				"pivot": [-3, 20, 3],
				"rotation": [0, 0, 105]
			},
			{
				"name": "bone32",
				"parent": "hair3",
				"pivot": [1, 19, 0],
				"cubes": [
					{"origin": [0, 19, 4.8], "size": [2, 1, 0], "uv": [0, 34]}
				]
			},
			{
				"name": "bone33",
				"parent": "hair3",
				"pivot": [1, 19, 0],
				"rotation": [0, 22.5, 0],
				"cubes": [
					{"origin": [0, 19, 4.8], "size": [1, 1, 0], "uv": [0, 1]}
				]
			},
			{
				"name": "bone34",
				"parent": "hair3",
				"pivot": [1, 19, 0],
				"rotation": [0, 337.5, 0],
				"cubes": [
					{"origin": [-2, 19, 4.8], "size": [4, 1, 0], "uv": [24, 24]}
				]
			},
			{
				"name": "hair8",
				"parent": "hair_b_xie",
				"pivot": [3, 20, 3],
				"rotation": [0, 0, -105]
			},
			{
				"name": "bone47",
				"parent": "hair8",
				"pivot": [-1, 19, 0],
				"cubes": [
					{"origin": [-2, 19, 4.8], "size": [2, 1, 0], "uv": [0, 34], "mirror": true}
				]
			},
			{
				"name": "bone48",
				"parent": "hair8",
				"pivot": [-1, 19, 0],
				"rotation": [0, -22.5, 0],
				"cubes": [
					{"origin": [-1, 19, 4.8], "size": [1, 1, 0], "uv": [0, 1], "mirror": true}
				]
			},
			{
				"name": "bone49",
				"parent": "hair8",
				"pivot": [-1, 19, 0],
				"rotation": [0, -337.5, 0],
				"cubes": [
					{"origin": [-2, 19, 4.8], "size": [4, 1, 0], "uv": [24, 24], "mirror": true}
				]
			},
			{
				"name": "hair_b_xie2",
				"parent": "hairbehind",
				"pivot": [0, 21, -10]
			},
			{
				"name": "hair4",
				"parent": "hair_b_xie2",
				"pivot": [5, 20, -3],
				"rotation": [60.66963, -14.98539, -107.58807]
			},
			{
				"name": "bone36",
				"parent": "hair4",
				"pivot": [3.11603, 19.44829, -6.56699],
				"cubes": [
					{"origin": [2.11603, 19.44829, -1.76699], "size": [2, 1, 0], "uv": [58, 10]}
				]
			},
			{
				"name": "bone37",
				"parent": "hair4",
				"pivot": [3.11603, 19.44829, -6.56699],
				"rotation": [0, -22.5, 0],
				"cubes": [
					{"origin": [3.11603, 19.44829, -1.76699], "size": [1, 1, 0], "uv": [59, 12]}
				]
			},
			{
				"name": "bone38",
				"parent": "hair4",
				"pivot": [3.11603, 19.44829, -6.56699],
				"rotation": [0, -337.5, 0],
				"cubes": [
					{"origin": [2.11603, 19.44829, -1.76699], "size": [2, 1, 0], "uv": [58, 9]}
				]
			},
			{
				"name": "hair5",
				"parent": "hair_b_xie2",
				"pivot": [-3, 18, -5],
				"rotation": [-41.26363, 26.37971, 84.48713]
			},
			{
				"name": "bone39",
				"parent": "hair5",
				"pivot": [-1.11603, 17.44829, -8.56699],
				"cubes": [
					{"origin": [-2.11603, 17.44829, -3.76699], "size": [2, 1, 0], "uv": [0, 33], "mirror": true}
				]
			},
			{
				"name": "bone42",
				"parent": "hair5",
				"pivot": [-1.11603, 17.44829, -8.56699],
				"rotation": [0, 22.5, 0],
				"cubes": [
					{"origin": [-2.11603, 17.44829, -3.76699], "size": [1, 1, 0], "uv": [0, 0], "mirror": true}
				]
			},
			{
				"name": "bone43",
				"parent": "hair5",
				"pivot": [-1.11603, 17.44829, -8.56699],
				"rotation": [0, 337.5, 0],
				"cubes": [
					{"origin": [-4.11603, 17.44829, -3.76699], "size": [4, 1, 0], "uv": [27, 8]}
				]
			},
			{
				"name": "hair2",
				"parent": "hair_b_xie2",
				"pivot": [3, 18, -5],
				"rotation": [-41.26363, -26.37971, -84.48713]
			},
			{
				"name": "bone28",
				"parent": "hair2",
				"pivot": [1.11603, 17.44829, -8.56699],
				"cubes": [
					{"origin": [0.11603, 17.44829, -3.76699], "size": [2, 1, 0], "uv": [0, 33]}
				]
			},
			{
				"name": "bone29",
				"parent": "hair2",
				"pivot": [1.11603, 17.44829, -8.56699],
				"rotation": [0, -22.5, 0],
				"cubes": [
					{"origin": [1.11603, 17.44829, -3.76699], "size": [1, 1, 0], "uv": [0, 0]}
				]
			},
			{
				"name": "bone30",
				"parent": "hair2",
				"pivot": [1.11603, 17.44829, -8.56699],
				"rotation": [0, -337.5, 0],
				"cubes": [
					{"origin": [0.11603, 17.44829, -3.76699], "size": [4, 1, 0], "uv": [27, 8], "mirror": true}
				]
			},
			{
				"name": "hair7",
				"parent": "hair_b_xie2",
				"pivot": [-2, 18, 6],
				"rotation": [-159.29217, 35.53, -63.52672]
			},
			{
				"name": "bone31",
				"parent": "hair7",
				"pivot": [-3.88397, 17.44829, 2.43301],
				"cubes": [
					{"origin": [-4.88397, 17.44829, 7.23301], "size": [2, 1, 0], "uv": [0, 33]}
				]
			},
			{
				"name": "bone35",
				"parent": "hair7",
				"pivot": [-3.88397, 17.44829, 2.43301],
				"rotation": [0, -22.5, 0],
				"cubes": [
					{"origin": [-3.88397, 17.44829, 7.23301], "size": [1, 1, 0], "uv": [0, 0]}
				]
			},
			{
				"name": "bone40",
				"parent": "hair7",
				"pivot": [-3.88397, 17.44829, 2.43301],
				"rotation": [0, -337.5, 0],
				"cubes": [
					{"origin": [-4.88397, 17.44829, 7.23301], "size": [4, 1, 0], "uv": [27, 8], "mirror": true}
				]
			},
			{
				"name": "hair6",
				"parent": "hair_b_xie2",
				"pivot": [-4, 18, 3],
				"rotation": [-72.74028, 3.58624, 85.50952]
			},
			{
				"name": "bone44",
				"parent": "hair6",
				"pivot": [-2.11603, 17.44829, -0.56699],
				"cubes": [
					{"origin": [-3.11603, 17.44829, 4.23301], "size": [2, 1, 0], "uv": [0, 34]}
				]
			},
			{
				"name": "bone45",
				"parent": "hair6",
				"pivot": [-2.11603, 17.44829, -0.56699],
				"rotation": [0, 22.5, 0],
				"cubes": [
					{"origin": [-3.11603, 17.44829, 4.23301], "size": [1, 1, 0], "uv": [0, 1]}
				]
			},
			{
				"name": "bone46",
				"parent": "hair6",
				"pivot": [-2.11603, 17.44829, -0.56699],
				"rotation": [0, 337.5, 0],
				"cubes": [
					{"origin": [-5.11603, 17.44829, 4.23301], "size": [4, 1, 0], "uv": [24, 24]}
				]
			},
			{
				"name": "hair9",
				"parent": "hair_b_xie2",
				"pivot": [4, 18, 3],
				"rotation": [-72.74028, -3.58624, -85.50952]
			},
			{
				"name": "bone50",
				"parent": "hair9",
				"pivot": [2.11603, 17.44829, -0.56699],
				"cubes": [
					{"origin": [1.11603, 17.44829, 4.23301], "size": [2, 1, 0], "uv": [0, 34], "mirror": true}
				]
			},
			{
				"name": "bone51",
				"parent": "hair9",
				"pivot": [2.11603, 17.44829, -0.56699],
				"rotation": [0, -22.5, 0],
				"cubes": [
					{"origin": [2.11603, 17.44829, 4.23301], "size": [1, 1, 0], "uv": [0, 1], "mirror": true}
				]
			},
			{
				"name": "bone52",
				"parent": "hair9",
				"pivot": [2.11603, 17.44829, -0.56699],
				"rotation": [0, -337.5, 0],
				"cubes": [
					{"origin": [1.11603, 17.44829, 4.23301], "size": [4, 1, 0], "uv": [24, 24], "mirror": true}
				]
			},
			{
				"name": "hair1",
				"parent": "hairbehind",
				"pivot": [1, 16, 0],
				"rotation": [0, 0, -90]
			},
			{
				"name": "bone26",
				"parent": "hair1",
				"pivot": [1, 15, 0],
				"cubes": [
					{"origin": [0, 13, 5], "size": [2, 8, 0], "uv": [0, 52]},
					{"origin": [3.8, 13, 4.2], "size": [2, 8, 0], "uv": [12, 41]}
				]
			},
			{
				"name": "bone27",
				"parent": "hair1",
				"pivot": [1, 15, 0],
				"rotation": [0, -22.5, 0],
				"cubes": [
					{"origin": [-1, 13, 5], "size": [3, 8, 0], "uv": [0, 17]}
				]
			},
			{
				"name": "bone41",
				"parent": "hair1",
				"pivot": [1, 15, 0],
				"rotation": [0, -337.5, 0],
				"cubes": [
					{"origin": [0, 13, 5], "size": [2, 8, 0], "uv": [44, 24]}
				]
			},
			{
				"name": "earL",
				"parent": "head",
				"pivot": [-4, 21, -2],
				"rotation": [0, 0, 7.5]
			},
			{
				"name": "1",
				"parent": "earL",
				"pivot": [1, 21, -2],
				"cubes": [
					{"origin": [-6.6, 22, -2.1], "size": [3, 1, 0.5], "uv": [51, 10]}
				]
			},
			{
				"name": "bone",
				"parent": "earL",
				"pivot": [-4, 21, -2],
				"rotation": [0, 0, 22.5],
				"cubes": [
					{"origin": [-7, 21, -2], "size": [3, 1, 0.5], "uv": [51, 9]}
				]
			},
			{
				"name": "earL2",
				"parent": "head",
				"pivot": [4, 21, -2],
				"rotation": [0, 0, -7.5]
			},
			{
				"name": "2",
				"parent": "earL2",
				"pivot": [-1, 21, -2],
				"cubes": [
					{"origin": [3.6, 22, -2.1], "size": [3, 1, 0.5], "uv": [45, 10], "mirror": true}
				]
			},
			{
				"name": "bone53",
				"parent": "earL2",
				"pivot": [4, 21, -2],
				"rotation": [0, 0, -22.5],
				"cubes": [
					{"origin": [4, 21, -2], "size": [3, 1, 0.5], "uv": [45, 9], "mirror": true}
				]
			},
			{
				"name": "armRight",
				"pivot": [-2.75, 18.25, 0],
				"rotation": [0, 0, 25],
				"cubes": [
					{"origin": [-5.08223, 9.37092, -1], "size": [2, 7, 2], "uv": [10, 50]},
					{"origin": [-5.78223, 9.87092, -1.7], "size": [3.4, 2, 3.4], "uv": [38, 50]},
					{"origin": [-5.58223, 10.37092, -1.5], "size": [3, 8, 3], "uv": [41, 39]}
				]
			},
			{
				"name": "armLeft",
				"pivot": [2.75, 18.25, 0],
				"rotation": [0, 0, -25],
				"cubes": [
					{"origin": [2.58223, 10.37092, -1.5], "size": [3, 8, 3], "uv": [0, 41]},
					{"origin": [2.38223, 9.87092, -1.7], "size": [3.4, 2, 3.4], "uv": [50, 3]},
					{"origin": [3.08223, 9.37092, -1], "size": [2, 7, 2], "uv": [0, 0]}
				]
			},
			{
				"name": "body",
				"pivot": [0, 12.5, 0],
				"cubes": [
					{"origin": [-3, 12.999, -2], "size": [6, 7, 5], "uv": [26, 27]}
				]
			},
			{
				"name": "deco",
				"parent": "body",
				"pivot": [0, 12.5, 0]
			},
			{
				"name": "ling",
				"parent": "deco",
				"pivot": [0, 17.5, 1],
				"rotation": [-32.5, 0, 0]
			},
			{
				"name": "lingR",
				"parent": "ling",
				"pivot": [0, 17.5, 1],
				"rotation": [-0.28116, 0.03955, 50.00797],
				"cubes": [
					{"origin": [-3.05325, 15.31085, -2.96759], "size": [4.2, 2, 2], "uv": [39, 60]}
				]
			},
			{
				"name": "lingL",
				"parent": "ling",
				"pivot": [0, 17.5, 1],
				"rotation": [-0.26593, -0.09946, -62.50783],
				"cubes": [
					{"origin": [-1.14675, 15.31085, -2.96759], "size": [4.2, 2, 2], "uv": [39, 60], "mirror": true}
				]
			},
			{
				"name": "sittingRotationSkirt",
				"parent": "body",
				"pivot": [0, 11.5, 0],
				"cubes": [
					{"origin": [-3.6, 8.999, -2], "size": [7.2, 4, 4], "uv": [0, 33]}
				]
			},
			{
				"name": "opai",
				"parent": "body",
				"pivot": [0, 16.5, 0],
				"rotation": [37.5, 0, 0]
			},
			{
				"name": "3",
				"parent": "opai",
				"pivot": [0, 19.5, -1],
				"rotation": [15, 0, 0],
				"cubes": [
					{"origin": [-3, 17.8, -2.2], "size": [6, 2, 2], "uv": [34, 55]}
				]
			},
			{
				"name": "wingLeft",
				"parent": "body",
				"pivot": [0, 12.5, 0]
			},
			{
				"name": "wing2",
				"parent": "wingLeft",
				"pivot": [1, 13.5, 3],
				"rotation": [0, -20, 0]
			},
			{
				"name": "bone8",
				"parent": "wing2",
				"pivot": [0, 12.5, 0],
				"rotation": [0, 0, -25],
				"cubes": [
					{"origin": [1, 12.5, 3], "size": [4, 1, 1], "uv": [24, 53], "mirror": true}
				]
			},
			{
				"name": "bone9",
				"parent": "wing2",
				"pivot": [0, 12.5, -1],
				"cubes": [
					{"origin": [4, 14.5, 3], "size": [4, 1, 1], "uv": [24, 53], "mirror": true}
				]
			},
			{
				"name": "bone10",
				"parent": "wing2",
				"pivot": [4, 14.5, 4],
				"rotation": [0, 0, 40],
				"cubes": [
					{"origin": [4, 14.5, 3], "size": [3, 1, 1], "uv": [23, 56], "mirror": true}
				]
			},
			{
				"name": "bone11",
				"parent": "wing2",
				"pivot": [4, 13.5, 0],
				"rotation": [0, 0, 5],
				"cubes": [
					{"origin": [1.6, 13, 3.5], "size": [4.8, 1, 0], "uv": [23, 59], "mirror": true}
				]
			},
			{
				"name": "bone12",
				"parent": "wing2",
				"pivot": [1, 12.5, 0],
				"rotation": [0, 0, 2.5],
				"cubes": [
					{"origin": [3, 14, 3.5], "size": [3, 1, 0], "uv": [23, 58], "mirror": true}
				]
			},
			{
				"name": "bone13",
				"parent": "wing2",
				"pivot": [6, 13.5, 0],
				"rotation": [0, 0, -45],
				"cubes": [
					{"origin": [6, 13, 3.5], "size": [2, 1.2, 0], "uv": [24, 60], "mirror": true}
				]
			},
			{
				"name": "wingRight",
				"parent": "body",
				"pivot": [0, 12.5, 0]
			},
			{
				"name": "wing",
				"parent": "wingRight",
				"pivot": [-1, 13.5, 3],
				"rotation": [0, 20, 0]
			},
			{
				"name": "bone2",
				"parent": "wing",
				"pivot": [0, 12.5, 0],
				"rotation": [0, 0, 25],
				"cubes": [
					{"origin": [-5, 12.5, 3], "size": [4, 1, 1], "uv": [24, 53]}
				]
			},
			{
				"name": "bone3",
				"parent": "wing",
				"pivot": [0, 12.5, -1],
				"cubes": [
					{"origin": [-8, 14.5, 3], "size": [4, 1, 1], "uv": [24, 53]}
				]
			},
			{
				"name": "bone4",
				"parent": "wing",
				"pivot": [-4, 14.5, 4],
				"rotation": [0, 0, -40],
				"cubes": [
					{"origin": [-7, 14.5, 3], "size": [3, 1, 1], "uv": [23, 56]}
				]
			},
			{
				"name": "bone5",
				"parent": "wing",
				"pivot": [-4, 13.5, 0],
				"rotation": [0, 0, -5],
				"cubes": [
					{"origin": [-6.4, 13, 3.5], "size": [4.8, 1, 0], "uv": [23, 59]}
				]
			},
			{
				"name": "bone6",
				"parent": "wing",
				"pivot": [-1, 12.5, 0],
				"rotation": [0, 0, -2.5],
				"cubes": [
					{"origin": [-6, 14, 3.5], "size": [3, 1, 0], "uv": [23, 58]}
				]
			},
			{
				"name": "bone7",
				"parent": "wing",
				"pivot": [-6, 13.5, 0],
				"rotation": [0, 0, 45],
				"cubes": [
					{"origin": [-8, 13, 3.5], "size": [2, 1.2, 0], "uv": [24, 60]}
				]
			},
			{
				"name": "legLeft",
				"pivot": [2, 9, 0],
				"cubes": [
					{"origin": [0.499, 0, -1.5], "size": [3, 10, 3], "uv": [29, 39]}
				]
			},
			{
				"name": "legRight",
				"pivot": [-2, 9, 0],
				"cubes": [
					{"origin": [-3.499, 0, -1.5], "size": [3, 10, 3], "uv": [17, 38]}
				]
			},
			{
				"name": "backpackPositioningBone",
				"pivot": [0, 18.5, 0]
			}
		]
	}
}