{
	"pack_name": "{chair_pack.sakura_maid.name}",
	"author": [
		"玄月桑（B站id嚼铝赤城桑）"
	],
	"description": [
		"{chair_pack.sakura_maid.desc}"
	],
	"date": "2020-10-27",
	"icon": "sakura_maid:textures/chair_icon.png",
	"version": "1.0.0",
	"model_list": [
		{
			"model_id": "sakura_maid:truck",
			"description": [
				"{model.sakura_maid.truck.desc}"
			],
			"render_item_scale": 0.3,
			"mounted_height": 26,
			"no_gravity": true,
			"animation": [
				"sakura_maid:animation/scale.js"
			]
		},
		{
			"model_id": "sakura_maid:fire_truck",
			"description": [
				"{model.sakura_maid.fire_truck.desc}"
			],
			"render_item_scale": 0.3,
			"mounted_height": 26,
			"no_gravity": true,
			"animation": [
				"sakura_maid:animation/scale.js"
			]
		},
		{
			"model_id": "sakura_maid:bus",
			"description": [
				"{model.sakura_maid.bus.desc}"
			],
			"render_item_scale": 0.3,
			"mounted_height": 22,
			"no_gravity": true,
			"animation": [
				"sakura_maid:animation/scale_tiny_big.js"
			]
		},
		{
			"model_id": "sakura_maid:nameless",
			"description": [
				"{model.sakura_maid.nameless.desc}"
			],
			"render_item_scale": 0.3,
			"mounted_height": 12,
			"no_gravity": true,
			"animation": [
				"touhou_little_maid:animation/chair/passenger/rotation.js",
				"sakura_maid:animation/scale_big.js"
			]
		},
		{
			"model_id": "sakura_maid:hafen",
			"description": [
				"{model.sakura_maid.hafen.desc}"
			],
			"render_item_scale": 0.3,
			"mounted_height": 15,
			"no_gravity": true,
			"animation": [
				"touhou_little_maid:animation/chair/passenger/rotation.js",
				"sakura_maid:animation/scale_very_big.js"
			]
		}
	]
}