{
	"pack_name": "{maid_pack.fumofumo.name}",
	"model_list": [
		{
			"model_id": "fumofumo:qilunuo",
			"is_gecko": true,
			"description": ["{model.fumofumo.qilunuo.desc}"],
			"animation": ["fumofumo:animation/fumofumo.main.animation.json"],
			"render_entity_scale": 0.5,
			"render_item_scale": 2
		},
		{
			"model_id": "fumofumo:lingmeng",
			"is_gecko": true,
			"render_entity_scale": 0.5,
			"render_item_scale": 2,
			"description": ["{model.fumofumo.lingmeng.desc}"],
			"animation": ["fumofumo:animation/fumofumo.main.animation.json"]
		},
		{
			"model_id": "fumofumo:molisha",
			"is_gecko": true,
			"render_entity_scale": 0.5,
			"render_item_scale": 2,
			"animation": ["fumofumo:animation/fumofumo.main.animation.json"]
		},
		{
			"model_id": "fumofumo:uuz",
			"is_gecko": true,
			"render_entity_scale": 0.5,
			"render_item_scale": 2,
			"animation": ["fumofumo:animation/fumofumo.main.animation.json"]
		},
		{
			"model_id": "fumofumo:bayunzi",
			"is_gecko": true,
			"render_entity_scale": 0.5,
			"render_item_scale": 2,
			"description": ["{model.fumofumo.bayunzi.desc}"],
			"animation": ["fumofumo:animation/fumofumo.main.animation.json"]
		}
	],
	"version": "1.0.0",
	"description": ["{maid_pack.fumofumo.desc}"],
	"icon": "fumofumo:textures/maid_icon.png",
	"author": ["棒锤锤QWQ"],
	"date": "2024-01-07"
}