{
	"pack_name": "{maid_pack.azurlane_asashio_family.name}",
	"model_list": [
		{
			"model_id": "azurlane_asashio_family:asashio",
			"description": ["{model.azurlane_asashio_family.asashio.desc}"]
		},
		{
			"model_id": "azurlane_asashio_family:michishio",
			"description": ["{model.azurlane_asashio_family.michishio.desc}"]
		},
		{
			"model_id": "azurlane_asashio_family:arashio",
			"description": ["{model.azurlane_asashio_family.arashio.desc}"]
		},
		{
			"model_id": "azurlane_asashio_family:oshio",
			"description": ["{model.azurlane_asashio_family.oshio.desc}"]
		}
	],
	"version": "1.0.1",
	"author": ["Roadrunner_71"],
	"description": ["{maid_pack.azurlane_asashio_family.desc}"],
	"date": "2022-07-28",
	"icon": "azurlane_asashio_family:textures/maid_icon.png"
}