{
	"format_version": "1.10.0",
	"geometry.model": {
		"texturewidth": 128,
		"textureheight": 128,
		"visible_bounds_width": 3,
		"visible_bounds_height": 4,
		"visible_bounds_offset": [0, 1, 0],
		"bones": [
			{
				"name": "head",
				"pivot": [0, 18, 0],
				"cubes": [
					{"origin": [-4, 18, -4], "size": [8, 8, 8], "uv": [0, 16]},
					{"origin": [-4, 18, -4], "size": [8, 8, 8], "uv": [0, 0], "inflate": 0.1}
				]
			},
			{
				"name": "ahoge",
				"parent": "head",
				"pivot": [0, 26, 0],
				"cubes": [
					{"origin": [-3, 26, 1], "size": [6, 6, 0], "uv": [69, 0]}
				]
			},
			{
				"name": "blink",
				"parent": "head",
				"pivot": [0, 18, 0],
				"cubes": [
					{"origin": [-4, 18, -4.001], "size": [8, 8, 0], "uv": [24, 0]}
				]
			},
			{
				"name": "lcf",
				"parent": "head",
				"pivot": [0, 19, -7],
				"rotation": [-10, -2.5, 0]
			},
			{
				"name": "bone81",
				"parent": "lcf",
				"pivot": [0, 19, -7],
				"cubes": [
					{"origin": [3, 17, -4], "size": [1, 2, 1], "uv": [16, 53]}
				]
			},
			{
				"name": "bone82",
				"parent": "bone81",
				"pivot": [3, 17, -4],
				"rotation": [0, 0, -10],
				"cubes": [
					{"origin": [3, 15, -4], "size": [1, 2, 1], "uv": [38, 52]}
				]
			},
			{
				"name": "bone83",
				"parent": "bone82",
				"pivot": [4, 15, -4],
				"rotation": [0, 0, 20],
				"cubes": [
					{"origin": [3, 13, -4], "size": [1, 2, 1], "uv": [51, 39]}
				]
			},
			{
				"name": "bone84",
				"parent": "bone83",
				"pivot": [3, 13, -4],
				"rotation": [0, 0, -12.5],
				"cubes": [
					{"origin": [3, 10, -4], "size": [1, 3, 1], "uv": [50, 16]}
				]
			},
			{
				"name": "hu2",
				"parent": "lcf",
				"pivot": [-2, 12.5, -8],
				"rotation": [-20, 90, 2.5]
			},
			{
				"name": "bone96",
				"parent": "hu2",
				"pivot": [-2, 12.5, -8],
				"rotation": [0, 0, 25],
				"cubes": [
					{"origin": [-7.71945, 13.86707, -12.63751], "size": [2, 1, 1], "uv": [31, 41]}
				]
			},
			{
				"name": "bone97",
				"parent": "hu2",
				"pivot": [-2, 12.5, -8],
				"rotation": [0, 0, -25],
				"cubes": [
					{"origin": [-5.53101, 17.24802, -12.63751], "size": [2, 1, 1], "uv": [38, 8]}
				]
			},
			{
				"name": "bone98",
				"parent": "hu2",
				"pivot": [1, 11.5, -8],
				"rotation": [0, 0, -22.5],
				"cubes": [
					{"origin": [-3.51571, 15.05062, -12.63751], "size": [0, 3, 1], "uv": [24, 35]}
				]
			},
			{
				"name": "bone99",
				"parent": "hu2",
				"pivot": [-5, 11.5, -8],
				"rotation": [0, 0, 22.5],
				"cubes": [
					{"origin": [-7.87533, 11.98915, -12.63751], "size": [0, 3, 1], "uv": [4, 34]}
				]
			},
			{
				"name": "hu3",
				"parent": "lcf",
				"pivot": [2, 12.5, -8],
				"rotation": [-20, -90, -2.5]
			},
			{
				"name": "bone100",
				"parent": "hu3",
				"pivot": [2, 12.5, -8],
				"rotation": [0, 0, -25],
				"cubes": [
					{"origin": [5.71945, 13.86707, -12.63751], "size": [2, 1, 1], "uv": [32, 8]}
				]
			},
			{
				"name": "bone101",
				"parent": "hu3",
				"pivot": [2, 12.5, -8],
				"rotation": [0, 0, 25],
				"cubes": [
					{"origin": [3.53101, 17.24802, -12.63751], "size": [2, 1, 1], "uv": [0, 22]}
				]
			},
			{
				"name": "bone102",
				"parent": "hu3",
				"pivot": [-1, 11.5, -8],
				"rotation": [0, 0, 22.5],
				"cubes": [
					{"origin": [3.51571, 15.05062, -12.63751], "size": [0, 3, 1], "uv": [4, 31]}
				]
			},
			{
				"name": "bone103",
				"parent": "hu3",
				"pivot": [5, 11.5, -8],
				"rotation": [0, 0, -22.5],
				"cubes": [
					{"origin": [7.87533, 11.98915, -12.63751], "size": [0, 3, 1], "uv": [24, 15]}
				]
			},
			{
				"name": "lcf2",
				"parent": "head",
				"pivot": [0, 19, -7],
				"rotation": [-10, 0, 0]
			},
			{
				"name": "bone85",
				"parent": "lcf2",
				"pivot": [0, 19, -7],
				"cubes": [
					{"origin": [-4, 17, -4], "size": [1, 2, 1], "uv": [49, 0]}
				]
			},
			{
				"name": "bone86",
				"parent": "bone85",
				"pivot": [-3, 17, -4],
				"rotation": [0, 0, 10],
				"cubes": [
					{"origin": [-4, 15, -4], "size": [1, 2, 1], "uv": [9, 47]}
				]
			},
			{
				"name": "bone87",
				"parent": "bone86",
				"pivot": [-4, 15, -4],
				"rotation": [0, 0, -20],
				"cubes": [
					{"origin": [-4, 13, -4], "size": [1, 2, 1], "uv": [30, 21]}
				]
			},
			{
				"name": "bone88",
				"parent": "bone87",
				"pivot": [-3, 13, -4],
				"rotation": [0, 0, 12.5],
				"cubes": [
					{"origin": [-4, 10, -4], "size": [1, 3, 1], "uv": [22, 32]}
				]
			},
			{
				"name": "earRightShake",
				"parent": "head",
				"pivot": [-2, 25.75, 0]
			},
			{
				"name": "earLeftBegShake",
				"parent": "earRightShake",
				"pivot": [0, 17.75, 0]
			},
			{
				"name": "ear",
				"parent": "earLeftBegShake",
				"pivot": [-1.8, 25.55, -1],
				"rotation": [7.5, 0, -6.5]
			},
			{
				"name": "bone93",
				"parent": "ear",
				"pivot": [-1.8, 27.8, -0.5],
				"rotation": [0, 0, -30],
				"cubes": [
					{"origin": [-2.3, 24.8, -1], "size": [1, 5, 1], "uv": [18, 32]}
				]
			},
			{
				"name": "bone94",
				"parent": "ear",
				"pivot": [-3.3, 27.55, -0.5],
				"rotation": [0, 0, 5],
				"cubes": [
					{"origin": [-3.8, 24.55, -1.01], "size": [1, 5, 1], "uv": [0, 32]}
				]
			},
			{
				"name": "bone95",
				"parent": "ear",
				"pivot": [-0.8, 16.55, -1],
				"cubes": [
					{"origin": [-3.55, 26.55, -0.81], "size": [2, 2, 1], "uv": [39, 21], "inflate": -0.2},
					{"origin": [-3.55, 25.95, -0.81], "size": [3, 1, 1], "uv": [0, 6], "inflate": -0.2},
					{"origin": [-3.35, 25.35, -0.81], "size": [3, 1, 1], "uv": [0, 4], "inflate": -0.2}
				]
			},
			{
				"name": "earLeftShake",
				"parent": "head",
				"pivot": [2, 25.75, 0]
			},
			{
				"name": "earRightBegShake",
				"parent": "earLeftShake",
				"pivot": [0, 17.75, 0]
			},
			{
				"name": "ear2",
				"parent": "earRightBegShake",
				"pivot": [1.8, 25.55, 0],
				"rotation": [7.5, 0, 6.5]
			},
			{
				"name": "bone104",
				"parent": "ear2",
				"pivot": [1.8, 27.8, 0.5],
				"rotation": [0, 0, 30],
				"cubes": [
					{"origin": [1.3, 24.8, -1], "size": [1, 5, 1], "uv": [4, 16]}
				]
			},
			{
				"name": "bone105",
				"parent": "ear2",
				"pivot": [3.3, 27.55, 0.5],
				"rotation": [0, 0, -5],
				"cubes": [
					{"origin": [2.8, 24.55, -1.01], "size": [1, 5, 1], "uv": [0, 16]}
				]
			},
			{
				"name": "bone106",
				"parent": "ear2",
				"pivot": [0.8, 16.55, 0],
				"cubes": [
					{"origin": [1.55, 26.55, -0.81], "size": [2, 2, 1], "uv": [24, 21], "inflate": -0.2},
					{"origin": [0.55, 25.95, -0.81], "size": [3, 1, 1], "uv": [0, 2], "inflate": -0.2},
					{"origin": [0.35, 25.35, -0.81], "size": [3, 1, 1], "uv": [0, 0], "inflate": -0.2}
				]
			},
			{
				"name": "armRight",
				"pivot": [-3, 17.5, 0],
				"rotation": [0, 0, 25],
				"cubes": [
					{"origin": [-5, 8.5, -1], "size": [2, 8, 2], "uv": [68, 53]},
					{"origin": [-5.5, 12.5, -1.5], "size": [3, 5, 3], "uv": [44, 8]},
					{"origin": [-5.5, 9.5, -1.5], "size": [3, 3, 3], "uv": [0, 47], "inflate": 0.1}
				]
			},
			{
				"name": "armLeft",
				"pivot": [3, 17.5, 0],
				"rotation": [0, 0, -25],
				"cubes": [
					{"origin": [2.5, 12.5, -1.5], "size": [3, 5, 3], "uv": [40, 0]},
					{"origin": [2.5, 9.5, -1.5], "size": [3, 3, 3], "uv": [12, 47], "inflate": 0.1},
					{"origin": [3, 8.5, -1], "size": [2, 8, 2], "uv": [66, 20]}
				]
			},
			{
				"name": "body",
				"pivot": [0, 10.5, 0],
				"cubes": [
					{"origin": [-3, 8.999, -3], "size": [6, 9, 6], "uv": [0, 32]},
					{"origin": [-3, 8.999, -3], "size": [6, 9, 6], "uv": [26, 26], "inflate": 0.1},
					{"origin": [-3, 12.999, -3], "size": [6, 5, 6], "uv": [26, 10], "inflate": 0.13}
				]
			},
			{
				"name": "sittingRotationSkirt",
				"parent": "body",
				"pivot": [0, 10.5, 0]
			},
			{
				"name": "bone",
				"parent": "sittingRotationSkirt",
				"pivot": [0, 14.5, 0]
			},
			{
				"name": "bone2",
				"parent": "bone",
				"pivot": [0, 4, 0]
			},
			{
				"name": "bone3",
				"parent": "bone2",
				"pivot": [0, 4, 5.73769],
				"rotation": [30, 0, 0]
			},
			{
				"name": "bone4",
				"parent": "bone3",
				"pivot": [0, 4, 5.73769],
				"rotation": [0, -45, 0],
				"cubes": [
					{"origin": [-1, 4, 4.73769], "size": [2, 8, 2], "uv": [56, 65]}
				]
			},
			{
				"name": "bone5",
				"parent": "bone",
				"pivot": [0, 4, 0],
				"rotation": [0, -27.69231, 0]
			},
			{
				"name": "bone6",
				"parent": "bone5",
				"pivot": [0, 4, 5.73769],
				"rotation": [30, 0, 0]
			},
			{
				"name": "bone7",
				"parent": "bone6",
				"pivot": [0, 4, 5.73769],
				"rotation": [0, -45, 0],
				"cubes": [
					{"origin": [-1, 4, 4.73769], "size": [2, 8, 2], "uv": [44, 65]}
				]
			},
			{
				"name": "bone8",
				"parent": "bone",
				"pivot": [0, 4, 0],
				"rotation": [0, -55.38462, 0]
			},
			{
				"name": "bone9",
				"parent": "bone8",
				"pivot": [0, 4, 5.73769],
				"rotation": [30, 0, 0]
			},
			{
				"name": "bone10",
				"parent": "bone9",
				"pivot": [0, 4, 5.73769],
				"rotation": [0, -45, 0],
				"cubes": [
					{"origin": [-1, 4, 4.73769], "size": [2, 8, 2], "uv": [32, 65]}
				]
			},
			{
				"name": "bone11",
				"parent": "bone",
				"pivot": [0, 4, 0],
				"rotation": [0, -83.07692, 0]
			},
			{
				"name": "bone12",
				"parent": "bone11",
				"pivot": [0, 4, 5.73769],
				"rotation": [30, 0, 0]
			},
			{
				"name": "bone13",
				"parent": "bone12",
				"pivot": [0, 4, 5.73769],
				"rotation": [0, -45, 0],
				"cubes": [
					{"origin": [-1, 4, 4.73769], "size": [2, 8, 2], "uv": [64, 63]}
				]
			},
			{
				"name": "bone14",
				"parent": "bone",
				"pivot": [0, 4, 0],
				"rotation": [0, -110.76923, 0]
			},
			{
				"name": "bone15",
				"parent": "bone14",
				"pivot": [0, 4, 5.73769],
				"rotation": [30, 0, 0]
			},
			{
				"name": "bone16",
				"parent": "bone15",
				"pivot": [0, 4, 5.73769],
				"rotation": [0, -45, 0],
				"cubes": [
					{"origin": [-1, 4, 4.73769], "size": [2, 8, 2], "uv": [64, 32]}
				]
			},
			{
				"name": "bone17",
				"parent": "bone",
				"pivot": [0, 4, 0],
				"rotation": [0, -138.46154, 0]
			},
			{
				"name": "bone18",
				"parent": "bone17",
				"pivot": [0, 4, 5.73769],
				"rotation": [30, 0, 0]
			},
			{
				"name": "bone19",
				"parent": "bone18",
				"pivot": [0, 4, 5.73769],
				"rotation": [0, -45, 0],
				"cubes": [
					{"origin": [-1, 4, 4.73769], "size": [2, 8, 2], "uv": [8, 63]}
				]
			},
			{
				"name": "bone20",
				"parent": "bone",
				"pivot": [0, 4, 0],
				"rotation": [0, -166.15385, 0]
			},
			{
				"name": "bone21",
				"parent": "bone20",
				"pivot": [0, 4, 5.73769],
				"rotation": [30, 0, 0]
			},
			{
				"name": "bone22",
				"parent": "bone21",
				"pivot": [0, 4, 5.73769],
				"rotation": [0, -45, 0],
				"cubes": [
					{"origin": [-1, 4, 4.73769], "size": [2, 8, 2], "uv": [0, 63]}
				]
			},
			{
				"name": "bone23",
				"parent": "bone",
				"pivot": [0, 4, 0],
				"rotation": [0, -193.84615, 0]
			},
			{
				"name": "bone24",
				"parent": "bone23",
				"pivot": [0, 4, 5.73769],
				"rotation": [30, 0, 0]
			},
			{
				"name": "bone25",
				"parent": "bone24",
				"pivot": [0, 4, 5.73769],
				"rotation": [0, -45, 0],
				"cubes": [
					{"origin": [-1, 4, 4.73769], "size": [2, 8, 2], "uv": [62, 45]}
				]
			},
			{
				"name": "bone26",
				"parent": "bone",
				"pivot": [0, 4, 0],
				"rotation": [0, -221.53846, 0]
			},
			{
				"name": "bone27",
				"parent": "bone26",
				"pivot": [0, 4, 5.73769],
				"rotation": [30, 0, 0]
			},
			{
				"name": "bone28",
				"parent": "bone27",
				"pivot": [0, 4, 5.73769],
				"rotation": [0, -45, 0],
				"cubes": [
					{"origin": [-1, 4, 4.73769], "size": [2, 8, 2], "uv": [24, 62]}
				]
			},
			{
				"name": "bone29",
				"parent": "bone",
				"pivot": [0, 4, 0],
				"rotation": [0, -249.23077, 0]
			},
			{
				"name": "bone30",
				"parent": "bone29",
				"pivot": [0, 4, 5.73769],
				"rotation": [30, 0, 0]
			},
			{
				"name": "bone31",
				"parent": "bone30",
				"pivot": [0, 4, 5.73769],
				"rotation": [0, -45, 0],
				"cubes": [
					{"origin": [-1, 4, 4.73769], "size": [2, 8, 2], "uv": [62, 10]}
				]
			},
			{
				"name": "bone32",
				"parent": "bone",
				"pivot": [0, 4, 0],
				"rotation": [0, -276.92308, 0]
			},
			{
				"name": "bone33",
				"parent": "bone32",
				"pivot": [0, 4, 5.73769],
				"rotation": [30, 0, 0]
			},
			{
				"name": "bone34",
				"parent": "bone33",
				"pivot": [0, 4, 5.73769],
				"rotation": [0, -45, 0],
				"cubes": [
					{"origin": [-1, 4, 4.73769], "size": [2, 8, 2], "uv": [61, 0]}
				]
			},
			{
				"name": "bone35",
				"parent": "bone",
				"pivot": [0, 4, 0],
				"rotation": [0, -304.61538, 0]
			},
			{
				"name": "bone36",
				"parent": "bone35",
				"pivot": [0, 4, 5.73769],
				"rotation": [30, 0, 0]
			},
			{
				"name": "bone37",
				"parent": "bone36",
				"pivot": [0, 4, 5.73769],
				"rotation": [0, -45, 0],
				"cubes": [
					{"origin": [-1, 4, 4.73769], "size": [2, 8, 2], "uv": [16, 60]}
				]
			},
			{
				"name": "bone38",
				"parent": "bone",
				"pivot": [0, 4, 0],
				"rotation": [0, -332.30769, 0]
			},
			{
				"name": "bone39",
				"parent": "bone38",
				"pivot": [0, 4, 5.73769],
				"rotation": [30, 0, 0]
			},
			{
				"name": "bone40",
				"parent": "bone39",
				"pivot": [0, 4, 5.73769],
				"rotation": [0, -45, 0],
				"cubes": [
					{"origin": [-1, 4, 4.73769], "size": [2, 8, 2], "uv": [58, 55]}
				]
			},
			{
				"name": "bone41",
				"parent": "sittingRotationSkirt",
				"pivot": [0, 15.5, 0]
			},
			{
				"name": "bone42",
				"parent": "bone41",
				"pivot": [0, 5, 0]
			},
			{
				"name": "bone43",
				"parent": "bone42",
				"pivot": [0, 5, 5.73769],
				"rotation": [30, 0, 0]
			},
			{
				"name": "bone44",
				"parent": "bone43",
				"pivot": [0, 5, 5.73769],
				"rotation": [0, -45, 0],
				"cubes": [
					{"origin": [-1, 5, 4.73769], "size": [2, 8, 2], "uv": [58, 24]}
				]
			},
			{
				"name": "bone45",
				"parent": "bone41",
				"pivot": [0, 5, 0],
				"rotation": [0, -27.69231, 0]
			},
			{
				"name": "bone46",
				"parent": "bone45",
				"pivot": [0, 5, 5.73769],
				"rotation": [30, 0, 0]
			},
			{
				"name": "bone47",
				"parent": "bone46",
				"pivot": [0, 5, 5.73769],
				"rotation": [0, -45, 0],
				"cubes": [
					{"origin": [-1, 5, 4.73769], "size": [2, 8, 2], "uv": [50, 57]}
				]
			},
			{
				"name": "bone48",
				"parent": "bone41",
				"pivot": [0, 5, 0],
				"rotation": [0, -55.38462, 0]
			},
			{
				"name": "bone49",
				"parent": "bone48",
				"pivot": [0, 5, 5.73769],
				"rotation": [30, 0, 0]
			},
			{
				"name": "bone50",
				"parent": "bone49",
				"pivot": [0, 5, 5.73769],
				"rotation": [0, -45, 0],
				"cubes": [
					{"origin": [-1, 5, 4.73769], "size": [2, 8, 2], "uv": [38, 57]}
				]
			},
			{
				"name": "bone51",
				"parent": "bone41",
				"pivot": [0, 5, 0],
				"rotation": [0, -83.07692, 0]
			},
			{
				"name": "bone52",
				"parent": "bone51",
				"pivot": [0, 5, 5.73769],
				"rotation": [30, 0, 0]
			},
			{
				"name": "bone53",
				"parent": "bone52",
				"pivot": [0, 5, 5.73769],
				"rotation": [0, -45, 0],
				"cubes": [
					{"origin": [-1, 5, 4.73769], "size": [2, 8, 2], "uv": [56, 37]}
				]
			},
			{
				"name": "bone54",
				"parent": "bone41",
				"pivot": [0, 5, 0],
				"rotation": [0, -110.76923, 0]
			},
			{
				"name": "bone55",
				"parent": "bone54",
				"pivot": [0, 5, 5.73769],
				"rotation": [30, 0, 0]
			},
			{
				"name": "bone56",
				"parent": "bone55",
				"pivot": [0, 5, 5.73769],
				"rotation": [0, -45, 0],
				"cubes": [
					{"origin": [-1, 5, 4.73769], "size": [2, 8, 2], "uv": [54, 14]}
				]
			},
			{
				"name": "bone57",
				"parent": "bone41",
				"pivot": [0, 5, 0],
				"rotation": [0, -138.46154, 0]
			},
			{
				"name": "bone58",
				"parent": "bone57",
				"pivot": [0, 5, 5.73769],
				"rotation": [30, 0, 0]
			},
			{
				"name": "bone59",
				"parent": "bone58",
				"pivot": [0, 5, 5.73769],
				"rotation": [0, -45, 0],
				"cubes": [
					{"origin": [-1, 5, 4.73769], "size": [2, 8, 2], "uv": [8, 53]}
				]
			},
			{
				"name": "bone60",
				"parent": "bone41",
				"pivot": [0, 5, 0],
				"rotation": [0, -166.15385, 0]
			},
			{
				"name": "bone61",
				"parent": "bone60",
				"pivot": [0, 5, 5.73769],
				"rotation": [30, 0, 0]
			},
			{
				"name": "bone62",
				"parent": "bone61",
				"pivot": [0, 5, 5.73769],
				"rotation": [0, -45, 0],
				"cubes": [
					{"origin": [-1, 5, 4.73769], "size": [2, 8, 2], "uv": [53, 0]}
				]
			},
			{
				"name": "bone63",
				"parent": "bone41",
				"pivot": [0, 5, 0],
				"rotation": [0, -193.84615, 0]
			},
			{
				"name": "bone64",
				"parent": "bone63",
				"pivot": [0, 5, 5.73769],
				"rotation": [30, 0, 0]
			},
			{
				"name": "bone65",
				"parent": "bone64",
				"pivot": [0, 5, 5.73769],
				"rotation": [0, -45, 0],
				"cubes": [
					{"origin": [-1, 5, 4.73769], "size": [2, 8, 2], "uv": [0, 53]}
				]
			},
			{
				"name": "bone66",
				"parent": "bone41",
				"pivot": [0, 5, 0],
				"rotation": [0, -221.53846, 0]
			},
			{
				"name": "bone67",
				"parent": "bone66",
				"pivot": [0, 5, 5.73769],
				"rotation": [30, 0, 0]
			},
			{
				"name": "bone68",
				"parent": "bone67",
				"pivot": [0, 5, 5.73769],
				"rotation": [0, -45, 0],
				"cubes": [
					{"origin": [-1, 5, 4.73769], "size": [2, 8, 2], "uv": [52, 47]}
				]
			},
			{
				"name": "bone69",
				"parent": "bone41",
				"pivot": [0, 5, 0],
				"rotation": [0, -249.23077, 0]
			},
			{
				"name": "bone70",
				"parent": "bone69",
				"pivot": [0, 5, 5.73769],
				"rotation": [30, 0, 0]
			},
			{
				"name": "bone71",
				"parent": "bone70",
				"pivot": [0, 5, 5.73769],
				"rotation": [0, -45, 0],
				"cubes": [
					{"origin": [-1, 5, 4.73769], "size": [2, 8, 2], "uv": [30, 52]}
				]
			},
			{
				"name": "bone72",
				"parent": "bone41",
				"pivot": [0, 5, 0],
				"rotation": [0, -276.92308, 0]
			},
			{
				"name": "bone73",
				"parent": "bone72",
				"pivot": [0, 5, 5.73769],
				"rotation": [30, 0, 0]
			},
			{
				"name": "bone74",
				"parent": "bone73",
				"pivot": [0, 5, 5.73769],
				"rotation": [0, -45, 0],
				"cubes": [
					{"origin": [-1, 5, 4.73769], "size": [2, 8, 2], "uv": [22, 52]}
				]
			},
			{
				"name": "bone75",
				"parent": "bone41",
				"pivot": [0, 5, 0],
				"rotation": [0, -304.61538, 0]
			},
			{
				"name": "bone76",
				"parent": "bone75",
				"pivot": [0, 5, 5.73769],
				"rotation": [30, 0, 0]
			},
			{
				"name": "bone77",
				"parent": "bone76",
				"pivot": [0, 5, 5.73769],
				"rotation": [0, -45, 0],
				"cubes": [
					{"origin": [-1, 5, 4.73769], "size": [2, 8, 2], "uv": [50, 29]}
				]
			},
			{
				"name": "bone78",
				"parent": "bone41",
				"pivot": [0, 5, 0],
				"rotation": [0, -332.30769, 0]
			},
			{
				"name": "bone79",
				"parent": "bone78",
				"pivot": [0, 5, 5.73769],
				"rotation": [30, 0, 0]
			},
			{
				"name": "bone80",
				"parent": "bone79",
				"pivot": [0, 5, 5.73769],
				"rotation": [0, -45, 0],
				"cubes": [
					{"origin": [-1, 5, 4.73769], "size": [2, 8, 2], "uv": [44, 49]}
				]
			},
			{
				"name": "hu",
				"parent": "body",
				"pivot": [0, 10.5, 0]
			},
			{
				"name": "bone89",
				"parent": "hu",
				"pivot": [0, 10.5, 0],
				"rotation": [0, 0, 25],
				"cubes": [
					{"origin": [-3, 15.5, -4], "size": [2, 1, 1], "uv": [44, 29]}
				]
			},
			{
				"name": "bone90",
				"parent": "hu",
				"pivot": [0, 10.5, 0],
				"rotation": [0, 0, -25],
				"cubes": [
					{"origin": [1, 15.5, -4], "size": [2, 1, 1], "uv": [41, 41]}
				]
			},
			{
				"name": "bone91",
				"parent": "hu",
				"pivot": [3, 9.5, 0],
				"rotation": [0, 0, -22.5],
				"cubes": [
					{"origin": [3, 13.5, -4], "size": [0, 3, 1], "uv": [44, 7]}
				]
			},
			{
				"name": "bone92",
				"parent": "hu",
				"pivot": [-3, 9.5, 0],
				"rotation": [0, 0, 22.5],
				"cubes": [
					{"origin": [-3, 13.5, -4], "size": [0, 3, 1], "uv": [24, 38]}
				]
			},
			{
				"name": "legLeft",
				"pivot": [2, 9, 0],
				"cubes": [
					{"origin": [0.499, 0.1, -1.5], "size": [2.75, 8.9, 3], "uv": [34, 41]},
					{"origin": [0.499, 0.1, -1.5], "size": [2.75, 5, 3], "uv": [44, 21], "inflate": 0.1},
					{"origin": [0.499, 0.1, -1.5], "size": [2.75, 2, 3], "uv": [68, 7], "inflate": 0.2}
				]
			},
			{
				"name": "legRight",
				"pivot": [-2, 9, 0],
				"cubes": [
					{"origin": [-3.249, 0.2, -1.5], "size": [2.75, 8.8, 3], "uv": [24, 41]},
					{"origin": [-3.249, 0.2, -1.5], "size": [2.75, 5, 3], "uv": [44, 41], "inflate": 0.1},
					{"origin": [-3.249, 0.2, -1.5], "size": [2.75, 2, 3], "uv": [32, 21], "inflate": 0.2}
				]
			}
		]
	}
}