{
	"format_version": "1.10.0",
	"geometry.model": {
		"texturewidth": 64,
		"textureheight": 64,
		"visible_bounds_width": 3,
		"visible_bounds_height": 3.5,
		"visible_bounds_offset": [0, 1.25, 0],
		"bones": [
			{
				"name": "head",
				"pivot": [0, 22.75, 0],
				"cubes": [
					{"origin": [-4, 22.75, -4], "size": [8, 8, 8], "uv": [0, 0]},
					{"origin": [-4, 22.75, -3.75], "size": [8, 8, 8], "uv": [32, 0], "inflate": 0.5}
				]
			},
			{
				"name": "blink",
				"parent": "head",
				"pivot": [0, 22.75, 0.9],
				"cubes": [
					{"origin": [-4, 23.75, -4.2], "size": [3, 3, 0], "uv": [56, 36]},
					{"origin": [1, 23.75, -4.2], "size": [3, 3, 0], "uv": [56, 32]}
				]
			},
			{
				"name": "armRight",
				"pivot": [-5, 22, 0],
				"cubes": [
					{"origin": [-7.25, 11.5, -2], "size": [3, 11, 4], "uv": [40, 16]},
					{"origin": [-7.25, 11.5, -2], "size": [3, 11, 4], "uv": [40, 32], "inflate": 0.25}
				]
			},
			{
				"name": "armRightPositioningBone",
				"parent": "armRight",
				"pivot": [-5.75, 12.5, 0]
			},
			{
				"name": "armLeft",
				"pivot": [5.25, 22, 0],
				"cubes": [
					{"origin": [4.25, 11.4999, -2.02182], "size": [3, 11, 4], "uv": [32, 48]},
					{"origin": [4.25, 11.4999, -2.02182], "size": [3, 11, 4], "uv": [48, 48], "inflate": 0.25}
				]
			},
			{
				"name": "armLeftPositioningBone",
				"parent": "armLeft",
				"pivot": [5.75, 12.5, 0]
			},
			{
				"name": "body",
				"pivot": [0, 22.25, 0],
				"cubes": [
					{"origin": [-4, 10.25, -2], "size": [8, 12, 4], "uv": [16, 16]},
					{"origin": [-4, 10.25, -2], "size": [8, 12, 4], "uv": [16, 32], "inflate": 0.24}
				]
			},
			{
				"name": "sittingRotationSkirt",
				"parent": "body",
				"pivot": [0, 12.25, 0],
				"cubes": [
					{"origin": [-4, 10.25, -2], "size": [8, 0, 4], "uv": [31, 32]},
					{"origin": [-4, 10.25, -2], "size": [8, 1, 4], "uv": [16, 27], "inflate": 0.275}
				]
			},
			{
				"name": "skirt",
				"parent": "sittingRotationSkirt",
				"pivot": [0, -1.4, 0]
			},
			{
				"name": "bone2",
				"parent": "skirt",
				"pivot": [0, 7.6, 0]
			},
			{
				"name": "bone3",
				"parent": "bone2",
				"pivot": [0, 7.6, 5.27792],
				"rotation": [23, 0, 0]
			},
			{
				"name": "bone4",
				"parent": "bone3",
				"pivot": [0, 7.6, 5.27792],
				"rotation": [0, -45, 0],
				"cubes": [
					{"origin": [-1, 7.6, 4.27792], "size": [2, 6, 2], "uv": [16, 48]}
				]
			},
			{
				"name": "bone5",
				"parent": "skirt",
				"pivot": [0, 7.6, 0],
				"rotation": [0, -30, 0]
			},
			{
				"name": "bone6",
				"parent": "bone5",
				"pivot": [0, 7.6, 5.27792],
				"rotation": [23, 0, 0]
			},
			{
				"name": "bone7",
				"parent": "bone6",
				"pivot": [0, 7.6, 5.27792],
				"rotation": [0, -45, 0],
				"cubes": [
					{"origin": [-1, 7.6, 4.27792], "size": [2, 6, 2], "uv": [16, 48]}
				]
			},
			{
				"name": "bone8",
				"parent": "skirt",
				"pivot": [0, 7.6, 0],
				"rotation": [0, -60, 0]
			},
			{
				"name": "bone9",
				"parent": "bone8",
				"pivot": [0, 7.6, 5.27792],
				"rotation": [23, 0, 0]
			},
			{
				"name": "bone10",
				"parent": "bone9",
				"pivot": [0, 7.6, 5.27792],
				"rotation": [0, -45, 0],
				"cubes": [
					{"origin": [-1, 7.6, 4.27792], "size": [2, 6, 2], "uv": [16, 48]}
				]
			},
			{
				"name": "bone11",
				"parent": "skirt",
				"pivot": [0, 7.6, 0],
				"rotation": [0, -90, 0]
			},
			{
				"name": "bone12",
				"parent": "bone11",
				"pivot": [0, 7.6, 5.27792],
				"rotation": [23, 0, 0]
			},
			{
				"name": "bone13",
				"parent": "bone12",
				"pivot": [0, 7.6, 5.27792],
				"rotation": [0, -45, 0],
				"cubes": [
					{"origin": [-1, 7.6, 4.27792], "size": [2, 6, 2], "uv": [16, 48]}
				]
			},
			{
				"name": "bone14",
				"parent": "skirt",
				"pivot": [0, 7.6, 0],
				"rotation": [0, -120, 0]
			},
			{
				"name": "bone15",
				"parent": "bone14",
				"pivot": [0, 7.6, 5.27792],
				"rotation": [23, 0, 0]
			},
			{
				"name": "bone16",
				"parent": "bone15",
				"pivot": [0, 7.6, 5.27792],
				"rotation": [0, -45, 0],
				"cubes": [
					{"origin": [-1, 7.6, 4.27792], "size": [2, 6, 2], "uv": [16, 48]}
				]
			},
			{
				"name": "bone17",
				"parent": "skirt",
				"pivot": [0, 7.6, 0],
				"rotation": [0, -150, 0]
			},
			{
				"name": "bone18",
				"parent": "bone17",
				"pivot": [0, 7.6, 5.27792],
				"rotation": [23, 0, 0]
			},
			{
				"name": "bone19",
				"parent": "bone18",
				"pivot": [0, 7.6, 5.27792],
				"rotation": [0, -45, 0],
				"cubes": [
					{"origin": [-1, 7.6, 4.27792], "size": [2, 6, 2], "uv": [16, 48]}
				]
			},
			{
				"name": "bone20",
				"parent": "skirt",
				"pivot": [0, 7.6, 0],
				"rotation": [0, -180, 0]
			},
			{
				"name": "bone21",
				"parent": "bone20",
				"pivot": [0, 7.6, 5.27792],
				"rotation": [23, 0, 0]
			},
			{
				"name": "bone22",
				"parent": "bone21",
				"pivot": [0, 7.6, 5.27792],
				"rotation": [0, -45, 0],
				"cubes": [
					{"origin": [-1, 7.6, 4.27792], "size": [2, 6, 2], "uv": [16, 48]}
				]
			},
			{
				"name": "bone23",
				"parent": "skirt",
				"pivot": [0, 7.6, 0],
				"rotation": [0, -210, 0]
			},
			{
				"name": "bone24",
				"parent": "bone23",
				"pivot": [0, 7.6, 5.27792],
				"rotation": [23, 0, 0]
			},
			{
				"name": "bone25",
				"parent": "bone24",
				"pivot": [0, 7.6, 5.27792],
				"rotation": [0, -45, 0],
				"cubes": [
					{"origin": [-1, 7.6, 4.27792], "size": [2, 6, 2], "uv": [16, 48]}
				]
			},
			{
				"name": "bone26",
				"parent": "skirt",
				"pivot": [0, 7.6, 0],
				"rotation": [0, -240, 0]
			},
			{
				"name": "bone27",
				"parent": "bone26",
				"pivot": [0, 7.6, 5.27792],
				"rotation": [23, 0, 0]
			},
			{
				"name": "bone28",
				"parent": "bone27",
				"pivot": [0, 7.6, 5.27792],
				"rotation": [0, -45, 0],
				"cubes": [
					{"origin": [-1, 7.6, 4.27792], "size": [2, 6, 2], "uv": [16, 48]}
				]
			},
			{
				"name": "bone29",
				"parent": "skirt",
				"pivot": [0, 7.6, 0],
				"rotation": [0, -270, 0]
			},
			{
				"name": "bone30",
				"parent": "bone29",
				"pivot": [0, 7.6, 5.27792],
				"rotation": [23, 0, 0]
			},
			{
				"name": "bone31",
				"parent": "bone30",
				"pivot": [0, 7.6, 5.27792],
				"rotation": [0, -45, 0],
				"cubes": [
					{"origin": [-1, 7.6, 4.27792], "size": [2, 6, 2], "uv": [16, 48]}
				]
			},
			{
				"name": "bone32",
				"parent": "skirt",
				"pivot": [0, 7.6, 0],
				"rotation": [0, -300, 0]
			},
			{
				"name": "bone33",
				"parent": "bone32",
				"pivot": [0, 7.6, 5.27792],
				"rotation": [23, 0, 0]
			},
			{
				"name": "bone34",
				"parent": "bone33",
				"pivot": [0, 7.6, 5.27792],
				"rotation": [0, -45, 0],
				"cubes": [
					{"origin": [-1, 7.6, 4.27792], "size": [2, 6, 2], "uv": [16, 48]}
				]
			},
			{
				"name": "bone35",
				"parent": "skirt",
				"pivot": [0, 7.6, 0],
				"rotation": [0, -330, 0]
			},
			{
				"name": "bone36",
				"parent": "bone35",
				"pivot": [0, 7.6, 5.27792],
				"rotation": [23, 0, 0]
			},
			{
				"name": "bone37",
				"parent": "bone36",
				"pivot": [0, 7.6, 5.27792],
				"rotation": [0, -45, 0],
				"cubes": [
					{"origin": [-1, 7.6, 4.27792], "size": [2, 6, 2], "uv": [16, 48]}
				]
			},
			{
				"name": "legRight",
				"pivot": [-2.4, 11, 0],
				"cubes": [
					{"origin": [-3.83891, -0.00133, -2.1], "size": [3, 12, 4], "uv": [0, 16]},
					{"origin": [-3.83891, -0.00133, -2.1], "size": [3, 12, 4], "uv": [0, 32], "inflate": 0.25}
				]
			},
			{
				"name": "legLeft",
				"pivot": [2.4, 11, 0],
				"cubes": [
					{"origin": [0.83891, -0.00027, -2.1], "size": [3, 12, 4], "uv": [17, 48]},
					{"origin": [0.83891, -0.00027, -2], "size": [3, 12, 4], "uv": [1, 48], "inflate": 0.25}
				]
			},
			{
				"name": "backpackPositioningBone",
				"pivot": [0, 21.5, 0]
			},
			{
				"name": "tittis2",
				"pivot": [0, 19.5, -2.5],
				"rotation": [40, 0, 0],
				"cubes": [
					{"origin": [-3.05, 16, -4.3], "size": [3, 4, 4], "uv": [17, 20]},
					{"origin": [0.05, 16, -4.3], "size": [3, 4, 4], "uv": [20, 20]}
				]
			}
		]
	}
}