{"format_version":"1.10.0","geometry.model":{"texturewidth":64,"textureheight":64,"visible_bounds_width":3,"visible_bounds_height":3.5,"visible_bounds_offset":[0,1.25,0],"bones":[{"name":"head","pivot":[0,22.75,0],"cubes":[{"origin":[-4,22.75,-4],"size":[8,8,8],"uv":[0,0]},{"origin":[-4,22.75,-3.75],"size":[8,8,8],"uv":[32,0],"inflate":0.5}]},{"name":"blink","parent":"head","pivot":[0,22.75,0.9],"cubes":[{"origin":[-4,23.75,-4.2],"size":[3,3,0],"uv":[57,26]},{"origin":[1,23.75,-4.2],"size":[3,3,0],"uv":[57,30]}]},{"name":"armRight","pivot":[-5,22,0],"cubes":[{"origin":[-7.25,11.5,-2],"size":[3,11,4],"uv":[40,16]},{"origin":[-7.25,11.5,-2],"size":[3,11,4],"uv":[40,32],"inflate":0.25}]},{"name":"armRightPositioningBone","parent":"armRight","pivot":[-5.75,12.5,0]},{"name":"armLeft","pivot":[5.25,22,0],"cubes":[{"origin":[4.25,11.4999,-2.02182],"size":[3,11,4],"uv":[32,48]},{"origin":[4.25,11.4999,-2.02182],"size":[3,11,4],"uv":[48,48],"inflate":0.25}]},{"name":"armLeftPositioningBone","parent":"armLeft","pivot":[5.75,12.5,0]},{"name":"body","pivot":[0,22.25,0],"cubes":[{"origin":[-4,10.25,-2],"size":[8,12,4],"uv":[16,16]},{"origin":[-4,10.25,-2],"size":[8,12,4],"uv":[16,33],"inflate":0.24}]},{"name":"legRight","pivot":[-2.4,11,0],"cubes":[{"origin":[-3.83891,-0.00133,-2.1],"size":[3,12,4],"uv":[0,16]},{"origin":[-3.83891,-0.00133,-2.1],"size":[3,12,4],"uv":[0,32],"inflate":0.25}]},{"name":"legLeft","pivot":[2.4,11,0],"cubes":[{"origin":[0.83891,-0.00027,-2.1],"size":[3,12,4],"uv":[17,48]},{"origin":[0.83891,-0.00027,-2],"size":[3,12,4],"uv":[1,48],"inflate":0.25}]},{"name":"backpackPositioningBone","pivot":[0,21.5,0]},{"name":"tittis2","pivot":[0,19.5,-2.5],"rotation":[40,0,0],"cubes":[{"origin":[-3.05,16,-4.3],"size":[3,4,4],"uv":[17,21]},{"origin":[0.05,16,-4.3],"size":[3,4,4],"uv":[21,20]}]}]}}