{"format_version":"1.10.0","geometry.model":{"texturewidth":64,"textureheight":64,"visible_bounds_width":3,"visible_bounds_height":3.5,"visible_bounds_offset":[0,1.25,0],"bones":[{"name":"head","pivot":[0,22.75,0],"cubes":[{"origin":[-4,22.75,-4],"size":[8,8,8],"uv":[0,0]},{"origin":[-4,22.75,-3.75],"size":[8,8,8],"uv":[32,0],"inflate":0.5},{"origin":[-3,30.5,-3.5],"size":[1,2,1],"uv":[59,18]},{"origin":[2,30.5,-3.5],"size":[1,2,1],"uv":[59,36]},{"origin":[1.5,30.5,-3.5],"size":[0.5,1.5,1],"uv":[37,2]},{"origin":[-3.5,30.5,-3.5],"size":[0.5,1.5,1],"uv":[59,42]},{"origin":[3,30.5,-3.5],"size":[0.5,1.5,1],"uv":[31,1]},{"origin":[-2,30.5,-3.5],"size":[0.5,1.5,1],"uv":[38,4]},{"origin":[-0.3,28.6,-4.2],"size":[1,0.3,1],"uv":[60,49]},{"origin":[-0.3,26.7,-4.2],"size":[1,0.3,1],"uv":[60,49]},{"origin":[-0.8,27,-4.2],"size":[0.5,1.6,1],"uv":[57,48]},{"origin":[0.7,28.1,-4.2],"size":[0.2,0.5,1],"uv":[1,0]},{"origin":[0.7,27,-4.2],"size":[0.2,0.5,1],"uv":[1,0]}]},{"name":"blink","parent":"head","pivot":[0,22.75,0.9],"cubes":[{"origin":[-4,23.75,-4.2],"size":[3,3,0],"uv":[56,25]},{"origin":[1,23.75,-4.2],"size":[3,3,0],"uv":[56,29]}]},{"name":"armRight","pivot":[-5,22,0],"cubes":[{"origin":[-7.25,11.5,-2],"size":[3,11,4],"uv":[40,16]},{"origin":[-7.25,11.5,-2],"size":[3,11,4],"uv":[40,32],"inflate":0.25}]},{"name":"armRightPositioningBone","parent":"armRight","pivot":[-5.75,12.5,0]},{"name":"armLeft","pivot":[5.25,22,0],"cubes":[{"origin":[4.25,11.4999,-2.02182],"size":[3,11,4],"uv":[32,48]},{"origin":[4.25,11.4999,-2.02182],"size":[3,11,4],"uv":[48,48],"inflate":0.25}]},{"name":"armLeftPositioningBone","parent":"armLeft","pivot":[5.75,12.5,0]},{"name":"body","pivot":[0,22.25,0],"cubes":[{"origin":[-4,10.25,-2],"size":[8,12,4],"uv":[16,16]},{"origin":[-4,10.25,-2],"size":[8,12,4],"uv":[16,32],"inflate":0.24}]},{"name":"legRight","pivot":[-2.4,11,0],"cubes":[{"origin":[-3.83891,-0.00133,-1.87784],"size":[3,12,4],"uv":[0,16]},{"origin":[-3.83891,-0.00133,-1.87784],"size":[3,12,4],"uv":[0,32],"inflate":0.25}]},{"name":"legLeft","pivot":[2.4,11,0],"cubes":[{"origin":[0.83891,-0.00027,-1.99],"size":[3,12,4],"uv":[17,48]},{"origin":[0.83891,-0.00027,-2],"size":[3,12,4],"uv":[1,48],"inflate":0.25}]},{"name":"backpackPositioningBone","pivot":[0,21.5,0]}]}}