{
	"format_version": "1.10.0",
	"geometry.model": {
		"texturewidth": 128,
		"textureheight": 128,
		"visible_bounds_width": 3,
		"visible_bounds_height": 4.5,
		"visible_bounds_offset": [0, 0.75, 0],
		"bones": [
			{
				"name": "head",
				"pivot": [0, 18, 0],
				"cubes": [
					{"origin": [-4, 18, -4], "size": [8, 8, 8], "uv": [26, 26]}
				]
			},
			{
				"name": "blink",
				"parent": "head",
				"pivot": [0, 18, 0],
				"cubes": [
					{"origin": [-4, 18, -4.001], "size": [8, 8, 0], "uv": [25, 15]}
				]
			},
			{
				"name": "hair",
				"parent": "head",
				"pivot": [0, 18, 0],
				"cubes": [
					{"origin": [-4, 23, -5], "size": [8, 3, 1], "uv": [4, 15]},
					{"origin": [3, 21, -5], "size": [1, 2, 1], "uv": [0, 15]},
					{"origin": [-5, 18, -5], "size": [1, 9, 9], "uv": [35, 42]},
					{"origin": [4, 18, -5], "size": [1, 9, 9], "uv": [15, 40]},
					{"origin": [-4, 21, -5], "size": [1, 2, 1], "uv": [0, 0]},
					{"origin": [-4, 26, -5], "size": [8, 1, 9], "uv": [0, 0]}
				]
			},
			{
				"name": "hat",
				"parent": "head",
				"pivot": [0, 13.5, 0],
				"cubes": [
					{"origin": [-7, 25.5, -6], "size": [14, 1, 14], "uv": [0, 0]},
					{"origin": [-4, 26.5, -4], "size": [8, 10, 9], "uv": [0, 15]},
					{"origin": [-5, 30.5, -5], "size": [1, 1, 11], "uv": [44, 48]},
					{"origin": [4, 30.5, -5], "size": [1, 1, 11], "uv": [47, 31]},
					{"origin": [-4, 30.5, -5], "size": [8, 1, 1], "uv": [26, 47]},
					{"origin": [-4, 30.5, 5], "size": [8, 1, 1], "uv": [46, 43]},
					{"origin": [-4, 28.5, -5], "size": [8, 1, 1], "uv": [46, 46]},
					{"origin": [4, 28.5, -5], "size": [1, 1, 11], "uv": [45, 12]},
					{"origin": [-4, 28.5, 5], "size": [8, 1, 1], "uv": [34, 24]},
					{"origin": [-5, 28.5, -5], "size": [1, 1, 11], "uv": [42, 0]}
				]
			},
			{
				"name": "armRight",
				"pivot": [-3, 17.5, 0],
				"rotation": [0, 0, 25],
				"cubes": [
					{"origin": [-5, 8.5, -1], "size": [2, 8, 2], "uv": [66, 9]},
					{"origin": [-5.5, 9.5, -1.5], "size": [3, 8, 3], "uv": [12, 57]}
				]
			},
			{
				"name": "armLeft",
				"pivot": [3, 17.5, 0],
				"rotation": [0, 0, -25],
				"cubes": [
					{"origin": [2.5, 9.5, -1.5], "size": [3, 8, 3], "uv": [55, 0]},
					{"origin": [3, 8.5, -1], "size": [2, 8, 2], "uv": [65, 43]}
				]
			},
			{
				"name": "body",
				"pivot": [0, 10.5, 0],
				"cubes": [
					{"origin": [-3, 8.999, -3], "size": [6, 9, 6], "uv": [0, 34]}
				]
			},
			{
				"name": "sittingRotationSkirt",
				"parent": "body",
				"pivot": [0, 13.5, 0]
			},
			{
				"name": "bone",
				"parent": "sittingRotationSkirt",
				"pivot": [0, 3, 0]
			},
			{
				"name": "bone2",
				"parent": "bone",
				"pivot": [0, 3, 5.27792],
				"rotation": [23, 0, 0]
			},
			{
				"name": "bone3",
				"parent": "bone2",
				"pivot": [0, 3, 5.27792],
				"rotation": [0, -45, 0],
				"cubes": [
					{"origin": [-1, 3, 4.27792], "size": [2, 8, 2], "uv": [64, 64]}
				]
			},
			{
				"name": "bone4",
				"parent": "sittingRotationSkirt",
				"pivot": [0, 3, 0],
				"rotation": [0, -30, 0]
			},
			{
				"name": "bone5",
				"parent": "bone4",
				"pivot": [0, 3, 5.27792],
				"rotation": [23, 0, 0]
			},
			{
				"name": "bone6",
				"parent": "bone5",
				"pivot": [0, 3, 5.27792],
				"rotation": [0, -45, 0],
				"cubes": [
					{"origin": [-1, 3, 4.27792], "size": [2, 8, 2], "uv": [0, 61]}
				]
			},
			{
				"name": "bone7",
				"parent": "sittingRotationSkirt",
				"pivot": [0, 3, 0],
				"rotation": [0, -60, 0]
			},
			{
				"name": "bone8",
				"parent": "bone7",
				"pivot": [0, 3, 5.27792],
				"rotation": [23, 0, 0]
			},
			{
				"name": "bone9",
				"parent": "bone8",
				"pivot": [0, 3, 5.27792],
				"rotation": [0, -45, 0],
				"cubes": [
					{"origin": [-1, 3, 4.27792], "size": [2, 8, 2], "uv": [60, 24]}
				]
			},
			{
				"name": "bone10",
				"parent": "sittingRotationSkirt",
				"pivot": [0, 3, 0],
				"rotation": [0, -90, 0]
			},
			{
				"name": "bone11",
				"parent": "bone10",
				"pivot": [0, 3, 5.27792],
				"rotation": [23, 0, 0]
			},
			{
				"name": "bone12",
				"parent": "bone11",
				"pivot": [0, 3, 5.27792],
				"rotation": [0, -45, 0],
				"cubes": [
					{"origin": [-1, 3, 4.27792], "size": [2, 8, 2], "uv": [56, 60]}
				]
			},
			{
				"name": "bone13",
				"parent": "sittingRotationSkirt",
				"pivot": [0, 3, 0],
				"rotation": [0, -120, 0]
			},
			{
				"name": "bone14",
				"parent": "bone13",
				"pivot": [0, 3, 5.27792],
				"rotation": [23, 0, 0]
			},
			{
				"name": "bone15",
				"parent": "bone14",
				"pivot": [0, 3, 5.27792],
				"rotation": [0, -45, 0],
				"cubes": [
					{"origin": [-1, 3, 4.27792], "size": [2, 8, 2], "uv": [48, 60]}
				]
			},
			{
				"name": "bone16",
				"parent": "sittingRotationSkirt",
				"pivot": [0, 3, 0],
				"rotation": [0, -150, 0]
			},
			{
				"name": "bone17",
				"parent": "bone16",
				"pivot": [0, 3, 5.27792],
				"rotation": [23, 0, 0]
			},
			{
				"name": "bone18",
				"parent": "bone17",
				"pivot": [0, 3, 5.27792],
				"rotation": [0, -45, 0],
				"cubes": [
					{"origin": [-1, 3, 4.27792], "size": [2, 8, 2], "uv": [40, 60]}
				]
			},
			{
				"name": "bone19",
				"parent": "sittingRotationSkirt",
				"pivot": [0, 3, 0],
				"rotation": [0, -180, 0]
			},
			{
				"name": "bone20",
				"parent": "bone19",
				"pivot": [0, 3, 5.27792],
				"rotation": [23, 0, 0]
			},
			{
				"name": "bone21",
				"parent": "bone20",
				"pivot": [0, 3, 5.27792],
				"rotation": [0, -45, 0],
				"cubes": [
					{"origin": [-1, 3, 4.27792], "size": [2, 8, 2], "uv": [32, 59]}
				]
			},
			{
				"name": "bone22",
				"parent": "sittingRotationSkirt",
				"pivot": [0, 3, 0],
				"rotation": [0, -210, 0]
			},
			{
				"name": "bone23",
				"parent": "bone22",
				"pivot": [0, 3, 5.27792],
				"rotation": [23, 0, 0]
			},
			{
				"name": "bone24",
				"parent": "bone23",
				"pivot": [0, 3, 5.27792],
				"rotation": [0, -45, 0],
				"cubes": [
					{"origin": [-1, 3, 4.27792], "size": [2, 8, 2], "uv": [58, 12]}
				]
			},
			{
				"name": "bone25",
				"parent": "sittingRotationSkirt",
				"pivot": [0, 3, 0],
				"rotation": [0, -240, 0]
			},
			{
				"name": "bone26",
				"parent": "bone25",
				"pivot": [0, 3, 5.27792],
				"rotation": [23, 0, 0]
			},
			{
				"name": "bone27",
				"parent": "bone26",
				"pivot": [0, 3, 5.27792],
				"rotation": [0, -45, 0],
				"cubes": [
					{"origin": [-1, 3, 4.27792], "size": [2, 8, 2], "uv": [57, 48]}
				]
			},
			{
				"name": "bone28",
				"parent": "sittingRotationSkirt",
				"pivot": [0, 3, 0],
				"rotation": [0, -270, 0]
			},
			{
				"name": "bone29",
				"parent": "bone28",
				"pivot": [0, 3, 5.27792],
				"rotation": [23, 0, 0]
			},
			{
				"name": "bone30",
				"parent": "bone29",
				"pivot": [0, 3, 5.27792],
				"rotation": [0, -45, 0],
				"cubes": [
					{"origin": [-1, 3, 4.27792], "size": [2, 8, 2], "uv": [24, 57]}
				]
			},
			{
				"name": "bone31",
				"parent": "sittingRotationSkirt",
				"pivot": [0, 3, 0],
				"rotation": [0, -300, 0]
			},
			{
				"name": "bone32",
				"parent": "bone31",
				"pivot": [0, 3, 5.27792],
				"rotation": [23, 0, 0]
			},
			{
				"name": "bone33",
				"parent": "bone32",
				"pivot": [0, 3, 5.27792],
				"rotation": [0, -45, 0],
				"cubes": [
					{"origin": [-1, 3, 4.27792], "size": [2, 8, 2], "uv": [50, 24]}
				]
			},
			{
				"name": "bone34",
				"parent": "sittingRotationSkirt",
				"pivot": [0, 3, 0],
				"rotation": [0, -330, 0]
			},
			{
				"name": "bone35",
				"parent": "bone34",
				"pivot": [0, 3, 5.27792],
				"rotation": [23, 0, 0]
			},
			{
				"name": "bone36",
				"parent": "bone35",
				"pivot": [0, 3, 5.27792],
				"rotation": [0, -45, 0],
				"cubes": [
					{"origin": [-1, 3, 4.27792], "size": [2, 8, 2], "uv": [42, 0]}
				]
			},
			{
				"name": "legLeft",
				"pivot": [1.75, 9, 0],
				"cubes": [
					{"origin": [0.249, 0, -1.5], "size": [3, 9, 3], "uv": [0, 49]}
				]
			},
			{
				"name": "legRight",
				"pivot": [-1.75, 9, 0],
				"cubes": [
					{"origin": [-3.249, 0, -1.5], "size": [3, 9, 3], "uv": [0, 0]}
				]
			}
		]
	}
}