{
	"format_version": "1.10.0",
	"geometry.model": {
		"texturewidth": 128,
		"textureheight": 128,
		"visible_bounds_width": 3,
		"visible_bounds_height": 4,
		"visible_bounds_offset": [0, 1, 0],
		"bones": [
			{
				"name": "head",
				"pivot": [0, 18, 0],
				"cubes": [
					{"origin": [-4, 18, -4], "size": [8, 8, 8], "uv": [0, 11]}
				]
			},
			{
				"name": "hair",
				"parent": "head",
				"pivot": [0, 0, 0],
				"cubes": [
					{"origin": [-4, 22, -5], "size": [8, 4, 1], "uv": [11, 27]},
					{"origin": [-5, 18, -5], "size": [1, 8, 9], "uv": [31, 2]},
					{"origin": [4, 18, -5], "size": [1, 8, 9], "uv": [0, 27]},
					{"origin": [-4, 19, -5], "size": [1, 3, 1], "uv": [0, 27]},
					{"origin": [-3, 20, -5], "size": [1, 2, 1], "uv": [0, 16]},
					{"origin": [-2, 21, -5], "size": [1, 1, 1], "uv": [6, 0]},
					{"origin": [-5, 18, 4], "size": [10, 8, 1], "uv": [20, 41]},
					{"origin": [-5, 26, -5], "size": [10, 1, 10], "uv": [0, 0]}
				]
			},
			{
				"name": "hat",
				"parent": "head",
				"pivot": [0, 18, 0],
				"cubes": [
					{"origin": [-6, 27, -3], "size": [12, 1, 1], "uv": [30, 0]},
					{"origin": [-6, 24, -3], "size": [1, 3, 1], "uv": [24, 15]},
					{"origin": [5, 24, -3], "size": [1, 3, 1], "uv": [24, 11]}
				]
			},
			{
				"name": "blink",
				"parent": "head",
				"pivot": [0, 18, 0],
				"cubes": [
					{"origin": [-4, 18, -4.001], "size": [8, 8, 0], "uv": [44, 41]}
				]
			},
			{
				"name": "armRight",
				"pivot": [-3, 17.5, 0],
				"rotation": [0, 0, 25],
				"cubes": [
					{"origin": [-5, 8.5, -1], "size": [2, 8, 2], "uv": [64, 12]},
					{"origin": [-5.5, 13.5, -1.5], "size": [3, 4, 3], "uv": [63, 5]}
				]
			},
			{
				"name": "armLeft",
				"pivot": [3, 17.5, 0],
				"rotation": [0, 0, -25],
				"cubes": [
					{"origin": [2.5, 13.5, -1.5], "size": [3, 4, 3], "uv": [32, 19]},
					{"origin": [3, 8.5, -1], "size": [2, 8, 2], "uv": [0, 0]}
				]
			},
			{
				"name": "body",
				"pivot": [0, 10.5, 0],
				"cubes": [
					{"origin": [-3, 8.999, -3], "size": [6, 9, 6], "uv": [26, 26]}
				]
			},
			{
				"name": "sittingRotationSkirt",
				"parent": "body",
				"pivot": [0, 12.5, 0]
			},
			{
				"name": "bone",
				"parent": "sittingRotationSkirt",
				"pivot": [0, 2, 0]
			},
			{
				"name": "bone2",
				"parent": "bone",
				"pivot": [0, 2, 6.19607],
				"rotation": [23, 0, 0]
			},
			{
				"name": "bone3",
				"parent": "bone2",
				"pivot": [0, 2, 6.19607],
				"rotation": [0, -45, 0],
				"cubes": [
					{"origin": [-1, 2, 5.19607], "size": [2, 12, 2], "uv": [24, 64]}
				]
			},
			{
				"name": "bone4",
				"parent": "sittingRotationSkirt",
				"pivot": [0, 2, 0],
				"rotation": [0, -25.71429, 0]
			},
			{
				"name": "bone5",
				"parent": "bone4",
				"pivot": [0, 2, 6.19607],
				"rotation": [23, 0, 0]
			},
			{
				"name": "bone6",
				"parent": "bone5",
				"pivot": [0, 2, 6.19607],
				"rotation": [0, -45, 0],
				"cubes": [
					{"origin": [-1, 2, 5.19607], "size": [2, 12, 2], "uv": [16, 64]}
				]
			},
			{
				"name": "bone7",
				"parent": "sittingRotationSkirt",
				"pivot": [0, 2, 0],
				"rotation": [0, -51.42857, 0]
			},
			{
				"name": "bone8",
				"parent": "bone7",
				"pivot": [0, 2, 6.19607],
				"rotation": [23, 0, 0]
			},
			{
				"name": "bone9",
				"parent": "bone8",
				"pivot": [0, 2, 6.19607],
				"rotation": [0, -45, 0],
				"cubes": [
					{"origin": [-1, 2, 5.19607], "size": [2, 12, 2], "uv": [44, 62]}
				]
			},
			{
				"name": "bone10",
				"parent": "sittingRotationSkirt",
				"pivot": [0, 2, 0],
				"rotation": [0, -77.14286, 0]
			},
			{
				"name": "bone11",
				"parent": "bone10",
				"pivot": [0, 2, 6.19607],
				"rotation": [23, 0, 0]
			},
			{
				"name": "bone12",
				"parent": "bone11",
				"pivot": [0, 2, 6.19607],
				"rotation": [0, -45, 0],
				"cubes": [
					{"origin": [-1, 2, 5.19607], "size": [2, 12, 2], "uv": [60, 39]}
				]
			},
			{
				"name": "bone13",
				"parent": "sittingRotationSkirt",
				"pivot": [0, 2, 0],
				"rotation": [0, -102.85714, 0]
			},
			{
				"name": "bone14",
				"parent": "bone13",
				"pivot": [0, 2, 6.19607],
				"rotation": [23, 0, 0]
			},
			{
				"name": "bone15",
				"parent": "bone14",
				"pivot": [0, 2, 6.19607],
				"rotation": [0, -45, 0],
				"cubes": [
					{"origin": [-1, 2, 5.19607], "size": [2, 12, 2], "uv": [58, 58]}
				]
			},
			{
				"name": "bone16",
				"parent": "sittingRotationSkirt",
				"pivot": [0, 2, 0],
				"rotation": [0, -128.57143, 0]
			},
			{
				"name": "bone17",
				"parent": "bone16",
				"pivot": [0, 2, 6.19607],
				"rotation": [23, 0, 0]
			},
			{
				"name": "bone18",
				"parent": "bone17",
				"pivot": [0, 2, 6.19607],
				"rotation": [0, -45, 0],
				"cubes": [
					{"origin": [-1, 2, 5.19607], "size": [2, 12, 2], "uv": [8, 58]}
				]
			},
			{
				"name": "bone19",
				"parent": "sittingRotationSkirt",
				"pivot": [0, 2, 0],
				"rotation": [0, -154.28571, 0]
			},
			{
				"name": "bone20",
				"parent": "bone19",
				"pivot": [0, 2, 6.19607],
				"rotation": [23, 0, 0]
			},
			{
				"name": "bone21",
				"parent": "bone20",
				"pivot": [0, 2, 6.19607],
				"rotation": [0, -45, 0],
				"cubes": [
					{"origin": [-1, 2, 5.19607], "size": [2, 12, 2], "uv": [56, 25]}
				]
			},
			{
				"name": "bone22",
				"parent": "sittingRotationSkirt",
				"pivot": [0, 2, 0],
				"rotation": [0, -180, 0]
			},
			{
				"name": "bone23",
				"parent": "bone22",
				"pivot": [0, 2, 6.19607],
				"rotation": [23, 0, 0]
			},
			{
				"name": "bone24",
				"parent": "bone23",
				"pivot": [0, 2, 6.19607],
				"rotation": [0, -45, 0],
				"cubes": [
					{"origin": [-1, 2, 5.19607], "size": [2, 12, 2], "uv": [56, 11]}
				]
			},
			{
				"name": "bone25",
				"parent": "sittingRotationSkirt",
				"pivot": [0, 2, 0],
				"rotation": [0, -205.71429, 0]
			},
			{
				"name": "bone26",
				"parent": "bone25",
				"pivot": [0, 2, 6.19607],
				"rotation": [23, 0, 0]
			},
			{
				"name": "bone27",
				"parent": "bone26",
				"pivot": [0, 2, 6.19607],
				"rotation": [0, -45, 0],
				"cubes": [
					{"origin": [-1, 2, 5.19607], "size": [2, 12, 2], "uv": [0, 56]}
				]
			},
			{
				"name": "bone28",
				"parent": "sittingRotationSkirt",
				"pivot": [0, 2, 0],
				"rotation": [0, -231.42857, 0]
			},
			{
				"name": "bone29",
				"parent": "bone28",
				"pivot": [0, 2, 6.19607],
				"rotation": [23, 0, 0]
			},
			{
				"name": "bone30",
				"parent": "bone29",
				"pivot": [0, 2, 6.19607],
				"rotation": [0, -45, 0],
				"cubes": [
					{"origin": [-1, 2, 5.19607], "size": [2, 12, 2], "uv": [36, 51]}
				]
			},
			{
				"name": "bone31",
				"parent": "sittingRotationSkirt",
				"pivot": [0, 2, 0],
				"rotation": [0, -257.14286, 0]
			},
			{
				"name": "bone32",
				"parent": "bone31",
				"pivot": [0, 2, 6.19607],
				"rotation": [23, 0, 0]
			},
			{
				"name": "bone33",
				"parent": "bone32",
				"pivot": [0, 2, 6.19607],
				"rotation": [0, -45, 0],
				"cubes": [
					{"origin": [-1, 2, 5.19607], "size": [2, 12, 2], "uv": [50, 50]}
				]
			},
			{
				"name": "bone34",
				"parent": "sittingRotationSkirt",
				"pivot": [0, 2, 0],
				"rotation": [0, -282.85714, 0]
			},
			{
				"name": "bone35",
				"parent": "bone34",
				"pivot": [0, 2, 6.19607],
				"rotation": [23, 0, 0]
			},
			{
				"name": "bone36",
				"parent": "bone35",
				"pivot": [0, 2, 6.19607],
				"rotation": [0, -45, 0],
				"cubes": [
					{"origin": [-1, 2, 5.19607], "size": [2, 12, 2], "uv": [28, 50]}
				]
			},
			{
				"name": "bone37",
				"parent": "sittingRotationSkirt",
				"pivot": [0, 2, 0],
				"rotation": [0, -308.57143, 0]
			},
			{
				"name": "bone38",
				"parent": "bone37",
				"pivot": [0, 2, 6.19607],
				"rotation": [23, 0, 0]
			},
			{
				"name": "bone39",
				"parent": "bone38",
				"pivot": [0, 2, 6.19607],
				"rotation": [0, -45, 0],
				"cubes": [
					{"origin": [-1, 2, 5.19607], "size": [2, 12, 2], "uv": [20, 50]}
				]
			},
			{
				"name": "bone40",
				"parent": "sittingRotationSkirt",
				"pivot": [0, 2, 0],
				"rotation": [0, -334.28571, 0]
			},
			{
				"name": "bone41",
				"parent": "bone40",
				"pivot": [0, 2, 6.19607],
				"rotation": [23, 0, 0]
			},
			{
				"name": "bone42",
				"parent": "bone41",
				"pivot": [0, 2, 6.19607],
				"rotation": [0, -45, 0],
				"cubes": [
					{"origin": [-1, 2, 5.19607], "size": [2, 12, 2], "uv": [12, 44]}
				]
			},
			{
				"name": "clothes",
				"parent": "body",
				"pivot": [0, 10.5, 0],
				"cubes": [
					{"origin": [-3, 14.5, -4], "size": [1, 4, 1], "uv": [4, 11]},
					{"origin": [2, 14.5, -4], "size": [1, 4, 1], "uv": [0, 11]},
					{"origin": [-3, 10.5, -4], "size": [6, 5, 1], "uv": [52, 2]},
					{"origin": [-3, 11.5, 3], "size": [6, 1, 1], "uv": [11, 32]},
					{"origin": [-4, 11.5, -4], "size": [1, 1, 8], "uv": [42, 2]},
					{"origin": [3, 11.5, -4], "size": [1, 1, 8], "uv": [34, 42]}
				]
			},
			{
				"name": "legLeft",
				"pivot": [2, 9, 0],
				"cubes": [
					{"origin": [0.499, 0, -1.5], "size": [3, 9, 3], "uv": [44, 19]}
				]
			},
			{
				"name": "legRight",
				"pivot": [-2, 9, 0],
				"cubes": [
					{"origin": [-3.499, 0, -1.5], "size": [3, 9, 3], "uv": [0, 44]}
				]
			}
		]
	}
}