{
	"format_version": "1.10.0",
	"geometry.model": {
		"texturewidth": 128,
		"textureheight": 128,
		"visible_bounds_width": 3,
		"visible_bounds_height": 4,
		"visible_bounds_offset": [0, 1, 0],
		"bones": [
			{
				"name": "head",
				"pivot": [0, 18, 0],
				"cubes": [
					{"origin": [-4, 18, -4], "size": [8, 8, 8], "uv": [0, 0]}
				]
			},
			{
				"name": "blink",
				"parent": "head",
				"pivot": [0, 18, 0],
				"cubes": [
					{"origin": [-4, 18, -4.001], "size": [8, 8, 0], "uv": [34, 24]}
				]
			},
			{
				"name": "hair",
				"parent": "head",
				"pivot": [0, 18, 0],
				"cubes": [
					{"origin": [-4, 23, -5], "size": [8, 3, 1], "uv": [33, 0]},
					{"origin": [-2, 22, -5], "size": [4, 1, 1], "uv": [46, 45]},
					{"origin": [-4, 18, -5], "size": [1, 5, 1], "uv": [4, 0]},
					{"origin": [-1, 21, -5], "size": [2, 1, 1], "uv": [26, 26]},
					{"origin": [3, 18, -5], "size": [1, 5, 1], "uv": [0, 0]},
					{"origin": [-5, 15, -5], "size": [1, 11, 1], "uv": [46, 58]},
					{"origin": [-5, 18, -4], "size": [1, 8, 8], "uv": [26, 8]},
					{"origin": [4, 18, -4], "size": [1, 8, 8], "uv": [16, 23]},
					{"origin": [4, 15, -5], "size": [1, 11, 1], "uv": [57, 0]},
					{"origin": [-5, 16, 4], "size": [10, 10, 1], "uv": [34, 34]}
				]
			},
			{
				"name": "ze",
				"parent": "head",
				"pivot": [3, 18, 0],
				"rotation": [0, 0, -20],
				"cubes": [
					{"origin": [-0.59767, 27.28171, -4], "size": [1, 4, 1], "uv": [24, 0]}
				]
			},
			{
				"name": "bone49",
				"parent": "head",
				"pivot": [-1, 17, 0],
				"rotation": [0, 0, 5],
				"cubes": [
					{"origin": [-6, 25, -4], "size": [1, 4, 1], "uv": [22, 16]}
				]
			},
			{
				"name": "ye",
				"parent": "head",
				"pivot": [-3, 20, 0],
				"rotation": [0, 0, 20],
				"cubes": [
					{"origin": [0, 27, -4], "size": [1, 4, 1], "uv": [18, 16]}
				]
			},
			{
				"name": "bone50",
				"parent": "head",
				"pivot": [1, 18, 0],
				"rotation": [0, 0, -5],
				"cubes": [
					{"origin": [5, 25, -4], "size": [1, 4, 1], "uv": [0, 16]}
				]
			},
			{
				"name": "lear",
				"parent": "head",
				"pivot": [1, 18, -3],
				"rotation": [0, 0, -5],
				"cubes": [
					{"origin": [-6, 24, -3], "size": [2, 1, 1], "uv": [24, 5]}
				]
			},
			{
				"name": "rear",
				"parent": "head",
				"pivot": [6, 17, -3],
				"rotation": [0, 0, 5],
				"cubes": [
					{"origin": [4, 23, -3], "size": [2, 1, 1], "uv": [0, 6]}
				]
			},
			{
				"name": "pd1",
				"parent": "head",
				"pivot": [-6, 40, -5],
				"rotation": [0, 80, 0]
			},
			{
				"name": "bone51",
				"parent": "pd1",
				"pivot": [-6, 24, -5],
				"rotation": [0, 0, -37.10443],
				"cubes": [
					{"origin": [-7, 24, -5], "size": [1, 0, 1], "uv": [27, 3]}
				]
			},
			{
				"name": "bone52",
				"parent": "pd1",
				"pivot": [-6.79785, 23.39649, -5],
				"rotation": [0, 0, -59.77069],
				"cubes": [
					{"origin": [-7.79785, 23.39649, -5], "size": [1, 0, 1], "uv": [27, 2]}
				]
			},
			{
				"name": "bone53",
				"parent": "pd1",
				"pivot": [-7.30127, 22.53255, -5],
				"rotation": [0, 0, -63.21767],
				"cubes": [
					{"origin": [-8.30127, 22.53255, -5], "size": [1, 0, 1], "uv": [27, 1]}
				]
			},
			{
				"name": "bone54",
				"parent": "pd1",
				"pivot": [-7.75195, 21.63966, -5],
				"rotation": [0, 0, -61.02179],
				"cubes": [
					{"origin": [-8.75195, 21.63966, -5], "size": [1, 0, 1], "uv": [26, 0]}
				]
			},
			{
				"name": "bone55",
				"parent": "pd1",
				"pivot": [-8.23633, 20.76504, -5],
				"rotation": [0, 0, -46.09213],
				"cubes": [
					{"origin": [-9.23633, 20.76504, -5], "size": [1, 0, 1], "uv": [25, 24]}
				]
			},
			{
				"name": "bone56",
				"parent": "pd1",
				"pivot": [-8.92969, 20.04474, -5],
				"rotation": [0, 0, 24.81929],
				"cubes": [
					{"origin": [-9.92969, 20.04474, -5], "size": [1, 0, 1], "uv": [25, 25]}
				]
			},
			{
				"name": "bone57",
				"parent": "pd1",
				"pivot": [-9.83691, 20.4643, -5],
				"rotation": [0, 0, 58.27557],
				"cubes": [
					{"origin": [-10.83691, 20.4643, -5], "size": [1, 0, 1], "uv": [23, 22]}
				]
			},
			{
				"name": "bone58",
				"parent": "pd1",
				"pivot": [-10.36279, 21.31496, -5],
				"rotation": [0, 0, 63.06285],
				"cubes": [
					{"origin": [-11.36279, 21.31496, -5], "size": [1, 0, 1], "uv": [23, 21]}
				]
			},
			{
				"name": "bone59",
				"parent": "pd1",
				"pivot": [-10.81592, 22.20669, -5],
				"rotation": [0, 0, 61.84476],
				"cubes": [
					{"origin": [-11.81592, 22.20669, -5], "size": [1, 0, 1], "uv": [21, 21]}
				]
			},
			{
				"name": "bone60",
				"parent": "pd1",
				"pivot": [-11.2876, 23.08802, -5],
				"rotation": [0, 0, 51.10438],
				"cubes": [
					{"origin": [-12.2876, 23.08802, -5], "size": [1, 0, 1], "uv": [19, 21]}
				]
			},
			{
				"name": "bone61",
				"parent": "pd1",
				"pivot": [-11.91553, 23.86634, -5],
				"rotation": [0, 0, -12.91937],
				"cubes": [
					{"origin": [-12.91553, 23.86634, -5], "size": [1, 0, 1], "uv": [17, 21]}
				]
			},
			{
				"name": "pd2",
				"parent": "head",
				"pivot": [7, 40, 2],
				"rotation": [0, -80, 0]
			},
			{
				"name": "bone62",
				"parent": "pd2",
				"pivot": [7, 24, 2],
				"rotation": [0, 0, -37.10443],
				"cubes": [
					{"origin": [6, 24, 2], "size": [1, 0, 1], "uv": [2, 21]}
				]
			},
			{
				"name": "bone63",
				"parent": "pd2",
				"pivot": [6.20215, 23.39649, 2],
				"rotation": [0, 0, -59.77069],
				"cubes": [
					{"origin": [5.20215, 23.39649, 2], "size": [1, 0, 1], "uv": [0, 21]}
				]
			},
			{
				"name": "bone64",
				"parent": "pd2",
				"pivot": [5.69873, 22.53255, 2],
				"rotation": [0, 0, -63.21767],
				"cubes": [
					{"origin": [4.69873, 22.53255, 2], "size": [1, 0, 1], "uv": [20, 16]}
				]
			},
			{
				"name": "bone65",
				"parent": "pd2",
				"pivot": [5.24805, 21.63966, 2],
				"rotation": [0, 0, -61.02179],
				"cubes": [
					{"origin": [4.24805, 21.63966, 2], "size": [1, 0, 1], "uv": [3, 20]}
				]
			},
			{
				"name": "bone66",
				"parent": "pd2",
				"pivot": [4.76367, 20.76504, 2],
				"rotation": [0, 0, -46.09213],
				"cubes": [
					{"origin": [3.76367, 20.76504, 2], "size": [1, 0, 1], "uv": [3, 19]}
				]
			},
			{
				"name": "bone67",
				"parent": "pd2",
				"pivot": [4.07031, 20.04474, 2],
				"rotation": [0, 0, 24.81929],
				"cubes": [
					{"origin": [3.07031, 20.04474, 2], "size": [1, 0, 1], "uv": [3, 18]}
				]
			},
			{
				"name": "bone68",
				"parent": "pd2",
				"pivot": [3.16309, 20.4643, 2],
				"rotation": [0, 0, 58.27557],
				"cubes": [
					{"origin": [2.16309, 20.4643, 2], "size": [1, 0, 1], "uv": [3, 17]}
				]
			},
			{
				"name": "bone69",
				"parent": "pd2",
				"pivot": [2.63721, 21.31496, 2],
				"rotation": [0, 0, 63.06285],
				"cubes": [
					{"origin": [1.63721, 21.31496, 2], "size": [1, 0, 1], "uv": [2, 16]}
				]
			},
			{
				"name": "bone70",
				"parent": "pd2",
				"pivot": [2.18408, 22.20669, 2],
				"rotation": [0, 0, 61.84476],
				"cubes": [
					{"origin": [1.18408, 22.20669, 2], "size": [1, 0, 1], "uv": [5, 7]}
				]
			},
			{
				"name": "bone71",
				"parent": "pd2",
				"pivot": [1.7124, 23.08802, 2],
				"rotation": [0, 0, 51.10438],
				"cubes": [
					{"origin": [0.7124, 23.08802, 2], "size": [1, 0, 1], "uv": [4, 6]}
				]
			},
			{
				"name": "bone72",
				"parent": "pd2",
				"pivot": [1.08447, 23.86634, 2],
				"rotation": [0, 0, -12.91937],
				"cubes": [
					{"origin": [0.08447, 23.86634, 2], "size": [1, 0, 1], "uv": [2, 0]}
				]
			},
			{
				"name": "armRight",
				"pivot": [-2.5, 16.5, 0],
				"rotation": [0, 0, 25],
				"cubes": [
					{"origin": [-4.46946, 8.61762, -1], "size": [2, 8, 2], "uv": [16, 57]},
					{"origin": [-5.03053, 11.38239, -1.5], "size": [3, 1, 3], "uv": [58, 22]}
				]
			},
			{
				"name": "armLeft",
				"pivot": [2.5, 16.5, 0],
				"rotation": [0, 0, -25],
				"cubes": [
					{"origin": [2.03053, 11.38238, -1.5], "size": [3, 1, 3], "uv": [56, 50]},
					{"origin": [2.46946, 8.61762, -1], "size": [2, 8, 2], "uv": [56, 40]}
				]
			},
			{
				"name": "body",
				"pivot": [0, 10.5, 0],
				"cubes": [
					{"origin": [-3, 8.999, -3], "size": [6, 9, 6], "uv": [0, 16]}
				]
			},
			{
				"name": "sittingRotationSkirt",
				"parent": "body",
				"pivot": [0, 14.5, 0]
			},
			{
				"name": "bone",
				"parent": "sittingRotationSkirt",
				"pivot": [0, 4, 0]
			},
			{
				"name": "bone2",
				"parent": "bone",
				"pivot": [0, 4, 7.10973],
				"rotation": [45, 0, 0]
			},
			{
				"name": "bone3",
				"parent": "bone2",
				"pivot": [0, 4, 7.10973],
				"rotation": [0, -45, 0],
				"cubes": [
					{"origin": [-1, 4, 6.10973], "size": [2, 8, 2], "uv": [56, 30]}
				]
			},
			{
				"name": "bone4",
				"parent": "sittingRotationSkirt",
				"pivot": [0, 4, 0],
				"rotation": [0, -22.5, 0]
			},
			{
				"name": "bone5",
				"parent": "bone4",
				"pivot": [0, 4, 7.10973],
				"rotation": [45, 0, 0]
			},
			{
				"name": "bone6",
				"parent": "bone5",
				"pivot": [0, 4, 7.10973],
				"rotation": [0, -45, 0],
				"cubes": [
					{"origin": [-1, 4, 6.10973], "size": [2, 8, 2], "uv": [54, 56]}
				]
			},
			{
				"name": "bone7",
				"parent": "sittingRotationSkirt",
				"pivot": [0, 4, 0],
				"rotation": [0, -45, 0]
			},
			{
				"name": "bone8",
				"parent": "bone7",
				"pivot": [0, 4, 7.10973],
				"rotation": [45, 0, 0]
			},
			{
				"name": "bone9",
				"parent": "bone8",
				"pivot": [0, 4, 7.10973],
				"rotation": [0, -45, 0],
				"cubes": [
					{"origin": [-1, 4, 6.10973], "size": [2, 8, 2], "uv": [55, 12]}
				]
			},
			{
				"name": "bone10",
				"parent": "sittingRotationSkirt",
				"pivot": [0, 4, 0],
				"rotation": [0, -67.5, 0]
			},
			{
				"name": "bone11",
				"parent": "bone10",
				"pivot": [0, 4, 7.10973],
				"rotation": [45, 0, 0]
			},
			{
				"name": "bone12",
				"parent": "bone11",
				"pivot": [0, 4, 7.10973],
				"rotation": [0, -45, 0],
				"cubes": [
					{"origin": [-1, 4, 6.10973], "size": [2, 8, 2], "uv": [38, 55]}
				]
			},
			{
				"name": "bone13",
				"parent": "sittingRotationSkirt",
				"pivot": [0, 4, 0],
				"rotation": [0, -90, 0]
			},
			{
				"name": "bone14",
				"parent": "bone13",
				"pivot": [0, 4, 7.10973],
				"rotation": [45, 0, 0]
			},
			{
				"name": "bone15",
				"parent": "bone14",
				"pivot": [0, 4, 7.10973],
				"rotation": [0, -45, 0],
				"cubes": [
					{"origin": [-1, 4, 6.10973], "size": [2, 8, 2], "uv": [30, 55]}
				]
			},
			{
				"name": "bone16",
				"parent": "sittingRotationSkirt",
				"pivot": [0, 4, 0],
				"rotation": [0, -112.5, 0]
			},
			{
				"name": "bone17",
				"parent": "bone16",
				"pivot": [0, 4, 7.10973],
				"rotation": [45, 0, 0]
			},
			{
				"name": "bone18",
				"parent": "bone17",
				"pivot": [0, 4, 7.10973],
				"rotation": [0, -45, 0],
				"cubes": [
					{"origin": [-1, 4, 6.10973], "size": [2, 8, 2], "uv": [8, 51]}
				]
			},
			{
				"name": "bone19",
				"parent": "sittingRotationSkirt",
				"pivot": [0, 4, 0],
				"rotation": [0, -135, 0]
			},
			{
				"name": "bone20",
				"parent": "bone19",
				"pivot": [0, 4, 7.10973],
				"rotation": [45, 0, 0]
			},
			{
				"name": "bone21",
				"parent": "bone20",
				"pivot": [0, 4, 7.10973],
				"rotation": [0, -45, 0],
				"cubes": [
					{"origin": [-1, 4, 6.10973], "size": [2, 8, 2], "uv": [0, 51]}
				]
			},
			{
				"name": "bone22",
				"parent": "sittingRotationSkirt",
				"pivot": [0, 4, 0],
				"rotation": [0, -157.5, 0]
			},
			{
				"name": "bone23",
				"parent": "bone22",
				"pivot": [0, 4, 7.10973],
				"rotation": [45, 0, 0]
			},
			{
				"name": "bone24",
				"parent": "bone23",
				"pivot": [0, 4, 7.10973],
				"rotation": [0, -45, 0],
				"cubes": [
					{"origin": [-1, 4, 6.10973], "size": [2, 8, 2], "uv": [50, 22]}
				]
			},
			{
				"name": "bone25",
				"parent": "sittingRotationSkirt",
				"pivot": [0, 4, 0],
				"rotation": [0, -180, 0]
			},
			{
				"name": "bone26",
				"parent": "bone25",
				"pivot": [0, 4, 7.10973],
				"rotation": [45, 0, 0]
			},
			{
				"name": "bone27",
				"parent": "bone26",
				"pivot": [0, 4, 7.10973],
				"rotation": [0, -45, 0],
				"cubes": [
					{"origin": [-1, 4, 6.10973], "size": [2, 8, 2], "uv": [49, 4]}
				]
			},
			{
				"name": "bone28",
				"parent": "sittingRotationSkirt",
				"pivot": [0, 4, 0],
				"rotation": [0, -202.5, 0]
			},
			{
				"name": "bone29",
				"parent": "bone28",
				"pivot": [0, 4, 7.10973],
				"rotation": [45, 0, 0]
			},
			{
				"name": "bone30",
				"parent": "bone29",
				"pivot": [0, 4, 7.10973],
				"rotation": [0, -45, 0],
				"cubes": [
					{"origin": [-1, 4, 6.10973], "size": [2, 8, 2], "uv": [22, 49]}
				]
			},
			{
				"name": "bone31",
				"parent": "sittingRotationSkirt",
				"pivot": [0, 4, 0],
				"rotation": [0, -225, 0]
			},
			{
				"name": "bone32",
				"parent": "bone31",
				"pivot": [0, 4, 7.10973],
				"rotation": [45, 0, 0]
			},
			{
				"name": "bone33",
				"parent": "bone32",
				"pivot": [0, 4, 7.10973],
				"rotation": [0, -45, 0],
				"cubes": [
					{"origin": [-1, 4, 6.10973], "size": [2, 8, 2], "uv": [48, 48]}
				]
			},
			{
				"name": "bone34",
				"parent": "sittingRotationSkirt",
				"pivot": [0, 4, 0],
				"rotation": [0, -247.5, 0]
			},
			{
				"name": "bone35",
				"parent": "bone34",
				"pivot": [0, 4, 7.10973],
				"rotation": [45, 0, 0]
			},
			{
				"name": "bone36",
				"parent": "bone35",
				"pivot": [0, 4, 7.10973],
				"rotation": [0, -45, 0],
				"cubes": [
					{"origin": [-1, 4, 6.10973], "size": [2, 8, 2], "uv": [40, 45]}
				]
			},
			{
				"name": "bone37",
				"parent": "sittingRotationSkirt",
				"pivot": [0, 4, 0],
				"rotation": [0, -270, 0]
			},
			{
				"name": "bone38",
				"parent": "bone37",
				"pivot": [0, 4, 7.10973],
				"rotation": [45, 0, 0]
			},
			{
				"name": "bone39",
				"parent": "bone38",
				"pivot": [0, 4, 7.10973],
				"rotation": [0, -45, 0],
				"cubes": [
					{"origin": [-1, 4, 6.10973], "size": [2, 8, 2], "uv": [32, 45]}
				]
			},
			{
				"name": "bone40",
				"parent": "sittingRotationSkirt",
				"pivot": [0, 4, 0],
				"rotation": [0, -292.5, 0]
			},
			{
				"name": "bone41",
				"parent": "bone40",
				"pivot": [0, 4, 7.10973],
				"rotation": [45, 0, 0]
			},
			{
				"name": "bone42",
				"parent": "bone41",
				"pivot": [0, 4, 7.10973],
				"rotation": [0, -45, 0],
				"cubes": [
					{"origin": [-1, 4, 6.10973], "size": [2, 8, 2], "uv": [44, 14]}
				]
			},
			{
				"name": "bone43",
				"parent": "sittingRotationSkirt",
				"pivot": [0, 4, 0],
				"rotation": [0, -315, 0]
			},
			{
				"name": "bone44",
				"parent": "bone43",
				"pivot": [0, 4, 7.10973],
				"rotation": [45, 0, 0]
			},
			{
				"name": "bone45",
				"parent": "bone44",
				"pivot": [0, 4, 7.10973],
				"rotation": [0, -45, 0],
				"cubes": [
					{"origin": [-1, 4, 6.10973], "size": [2, 8, 2], "uv": [24, 39]}
				]
			},
			{
				"name": "bone46",
				"parent": "sittingRotationSkirt",
				"pivot": [0, 4, 0],
				"rotation": [0, -337.5, 0]
			},
			{
				"name": "bone47",
				"parent": "bone46",
				"pivot": [0, 4, 7.10973],
				"rotation": [45, 0, 0]
			},
			{
				"name": "bone48",
				"parent": "bone47",
				"pivot": [0, 4, 7.10973],
				"rotation": [0, -45, 0],
				"cubes": [
					{"origin": [-1, 4, 6.10973], "size": [2, 8, 2], "uv": [38, 6]}
				]
			},
			{
				"name": "yd",
				"parent": "body",
				"pivot": [0, 10.5, 0],
				"cubes": [
					{"origin": [-4, 11.5, -4], "size": [8, 1, 1], "uv": [33, 4]},
					{"origin": [3, 11.5, -3], "size": [1, 1, 7], "uv": [0, 31]},
					{"origin": [-4, 11.5, -3], "size": [1, 1, 7], "uv": [24, 0]},
					{"origin": [-3, 11.5, 3], "size": [6, 1, 1], "uv": [34, 32]}
				]
			},
			{
				"name": "legLeft",
				"pivot": [2, 9, 0],
				"cubes": [
					{"origin": [0.499, 0, -1.5], "size": [3, 9, 3], "uv": [12, 39]}
				]
			},
			{
				"name": "legRight",
				"pivot": [-2, 9, 0],
				"cubes": [
					{"origin": [-3.499, 0, -1.5], "size": [3, 9, 3], "uv": [0, 39]}
				]
			}
		]
	}
}