{
  "maid.mode.idle": {
    "category": "neutral",
    "subtitle": "subtitle.touhou_little_maid.maid.mode.idle",
    "replace": true,
    "sounds": [
      "tangyuan_sound:maid/mode/idle1",
      "tangyuan_sound:maid/mode/idle2",
      "tangyuan_sound:maid/mode/idle3",
      "tangyuan_sound:maid/mode/idle4",
      "tangyuan_sound:maid/mode/idle5",
      "tangyuan_sound:maid/mode/idle6",
      "tangyuan_sound:maid/mode/idle7",
      "tangyuan_sound:maid/mode/idle8",
      "tangyuan_sound:maid/mode/idle9"
    ]
  },
  "maid.mode.attack": {
    "category": "neutral",
    "subtitle": "subtitle.touhou_little_maid.maid.mode.attack",
    "replace": true,
    "sounds": [
      "tangyuan_sound:maid/mode/attack1",
      "tangyuan_sound:maid/mode/attack2"
    ]
  },
  "maid.mode.range_attack": {
    "category": "neutral",
    "subtitle": "subtitle.touhou_little_maid.maid.mode.range_attack",
    "replace": true,
    "sounds": [
      "tangyuan_sound:maid/mode/range_attack1",
      "tangyuan_sound:maid/mode/range_attack2"
    ]
  },
  "maid.mode.danmaku_attack": {
    "category": "neutral",
    "subtitle": "subtitle.touhou_little_maid.maid.mode.danmaku_attack",
    "replace": true,
    "sounds": [
      {
        "name": "maid.mode.range_attack",
        "type": "event"
      },
      "tangyuan_sound:maid/mode/danmaku_attack1",
      "tangyuan_sound:maid/mode/danmaku_attack2",
      "tangyuan_sound:maid/mode/danmaku_attack3"
    ]
  },
  "maid.mode.farm": {
    "category": "neutral",
    "subtitle": "subtitle.touhou_little_maid.maid.mode.farm",
    "replace": true,
    "sounds": [
      {
        "name": "maid.mode.idle",
        "type": "event"
      },
      "tangyuan_sound:maid/mode/farm1",
      "tangyuan_sound:maid/mode/farm2",
      "tangyuan_sound:maid/mode/farm3"
    ]
  },
  "maid.mode.feed": {
    "category": "neutral",
    "subtitle": "subtitle.touhou_little_maid.maid.mode.feed",
    "replace": true,
    "sounds": [
      {
        "name": "maid.mode.idle",
        "type": "event",
        "weight": 2
      },
      "tangyuan_sound:maid/mode/feed1",
      "tangyuan_sound:maid/mode/feed2",
      "tangyuan_sound:maid/mode/feed3",
      "tangyuan_sound:maid/mode/feed4",
      "tangyuan_sound:maid/mode/feed5",
      "tangyuan_sound:maid/mode/feed6"
    ]
  },
  "maid.mode.shears": {
    "category": "neutral",
    "subtitle": "subtitle.touhou_little_maid.maid.mode.shears",
    "replace": true,
    "sounds": [
      {
        "name": "maid.mode.idle",
        "type": "event",
        "weight": 2
      },
      "tangyuan_sound:maid/mode/shears1",
      "tangyuan_sound:maid/mode/shears2",
      "tangyuan_sound:maid/mode/shears3",
      "tangyuan_sound:maid/mode/shears4",
      "tangyuan_sound:maid/mode/shears5"
    ]
  },
  "maid.mode.milk": {
    "category": "neutral",
    "subtitle": "subtitle.touhou_little_maid.maid.mode.milk",
    "replace": true,
    "sounds": [
      {
        "name": "maid.mode.idle",
        "type": "event"
      },
      "tangyuan_sound:maid/mode/milk1",
      "tangyuan_sound:maid/mode/milk2"
    ]
  },
  "maid.mode.torch": {
    "category": "neutral",
    "subtitle": "subtitle.touhou_little_maid.maid.mode.torch",
    "replace": true,
    "sounds": [
      {
        "name": "maid.mode.idle",
        "type": "event"
      },
      "tangyuan_sound:maid/mode/torch1",
      "tangyuan_sound:maid/mode/torch2"
    ]
  },
  "maid.mode.feed_animal": {
    "category": "neutral",
    "subtitle": "subtitle.touhou_little_maid.maid.mode.feed_animal",
    "replace": true,
    "sounds": [
      {
        "name": "maid.mode.idle",
        "type": "event"
      },
      "tangyuan_sound:maid/mode/feed_animal1",
      "tangyuan_sound:maid/mode/feed_animal2"
    ]
  },
  "maid.ai.find_target": {
    "category": "neutral",
    "subtitle": "subtitle.touhou_little_maid.maid.ai.find_target",
    "replace": true,
    "sounds": [
      "tangyuan_sound:maid/ai/find_target1",
      "tangyuan_sound:maid/ai/find_target2"
    ]
  },
  "maid.ai.hurt": {
    "category": "neutral",
    "subtitle": "subtitle.touhou_little_maid.maid.ai.hurt",
    "replace": true,
    "sounds": [
      "tangyuan_sound:maid/ai/hurt1",
      "tangyuan_sound:maid/ai/hurt2",
      "tangyuan_sound:maid/ai/hurt3",
      "tangyuan_sound:maid/ai/hurt4"
    ]
  },
  "maid.ai.hurt_fire": {
    "category": "neutral",
    "subtitle": "subtitle.touhou_little_maid.maid.ai.hurt_fire",
    "replace": true,
    "sounds": [
      {
        "name": "maid.ai.hurt",
        "type": "event"
      },
      "tangyuan_sound:maid/ai/hurt_fire1",
      "tangyuan_sound:maid/ai/hurt_fire2",
      "tangyuan_sound:maid/ai/hurt_fire3"
    ]
  },
  "maid.ai.hurt_player": {
    "category": "neutral",
    "subtitle": "subtitle.touhou_little_maid.maid.ai.hurt_player",
    "replace": true,
    "sounds": [
      "tangyuan_sound:maid/ai/hurt_player1"
    ]
  },
  "maid.ai.tamed": {
    "category": "neutral",
    "subtitle": "subtitle.touhou_little_maid.maid.ai.tamed",
    "replace": true,
    "sounds": [
      "tangyuan_sound:maid/ai/tamed1",
      "tangyuan_sound:maid/ai/tamed2",
      "tangyuan_sound:maid/ai/tamed3"
    ]
  },
  "maid.ai.item_get": {
    "category": "neutral",
    "subtitle": "subtitle.touhou_little_maid.maid.ai.item_get",
    "replace": true,
    "sounds": [
      "tangyuan_sound:maid/ai/item_get1",
      "tangyuan_sound:maid/ai/item_get2",
      "tangyuan_sound:maid/ai/item_get3",
      "tangyuan_sound:maid/ai/item_get4",
      "tangyuan_sound:maid/ai/item_get5"
    ]
  },
  "maid.ai.death": {
    "category": "neutral",
    "subtitle": "subtitle.touhou_little_maid.maid.ai.death",
    "replace": true,
    "sounds": [
      "tangyuan_sound:maid/ai/death1",
      "tangyuan_sound:maid/ai/death2"
    ]
  },
  "maid.environment.hot": {
    "category": "neutral",
    "subtitle": "subtitle.touhou_little_maid.maid.environment.hot",
    "replace": true,
    "sounds": [
      "tangyuan_sound:maid/environment/hot1",
      "tangyuan_sound:maid/environment/hot2",
      "tangyuan_sound:maid/environment/hot3",
      "tangyuan_sound:maid/environment/hot4"
    ]
  },
  "maid.environment.cold": {
    "category": "neutral",
    "subtitle": "subtitle.touhou_little_maid.maid.environment.cold",
    "replace": true,
    "sounds": [
      "tangyuan_sound:maid/environment/cold1",
      "tangyuan_sound:maid/environment/cold2",
      "tangyuan_sound:maid/environment/cold3",
      "tangyuan_sound:maid/environment/cold4"
    ]
  },
  "maid.environment.rain": {
    "category": "neutral",
    "subtitle": "subtitle.touhou_little_maid.maid.environment.rain",
    "replace": true,
    "sounds": [
      "tangyuan_sound:maid/environment/rain1",
      "tangyuan_sound:maid/environment/rain2",
      "tangyuan_sound:maid/environment/rain3"
    ]
  },
  "maid.environment.snow": {
    "category": "neutral",
    "subtitle": "subtitle.touhou_little_maid.maid.environment.snow",
    "replace": true,
    "sounds": [
      "tangyuan_sound:maid/environment/snow1",
      "tangyuan_sound:maid/environment/snow2",
      "tangyuan_sound:maid/environment/snow3"
    ]
  },
  "maid.environment.morning": {
    "category": "neutral",
    "subtitle": "subtitle.touhou_little_maid.maid.environment.morning",
    "replace": true,
    "sounds": [
      "tangyuan_sound:maid/environment/morning1",
      "tangyuan_sound:maid/environment/morning2",
      "tangyuan_sound:maid/environment/morning3",
      "tangyuan_sound:maid/environment/morning4"
    ]
  },
  "maid.environment.night": {
    "category": "neutral",
    "subtitle": "subtitle.touhou_little_maid.maid.environment.night",
    "replace": true,
    "sounds": [
      "tangyuan_sound:maid/environment/night1",
      "tangyuan_sound:maid/environment/night2",
      "tangyuan_sound:maid/environment/night3",
      "tangyuan_sound:maid/environment/night4",
      "tangyuan_sound:maid/environment/night5",
      "tangyuan_sound:maid/environment/night6"
    ]
  }
}
