{
	"format_version": "1.10.0",
	"geometry.model": {
		"texturewidth": 128,
		"textureheight": 128,
		"visible_bounds_width": 3,
		"visible_bounds_height": 4,
		"visible_bounds_offset": [0, 1, 0],
		"bones": [
			{
				"name": "head",
				"pivot": [0, 18, 0],
				"cubes": [
					{"origin": [-4, 18, -4], "size": [8, 8, 8], "uv": [0, 16]},
					{"origin": [-4, 18, -4], "size": [8, 8, 8], "uv": [0, 0], "inflate": 0.1}
				]
			},
			{
				"name": "blink",
				"parent": "head",
				"pivot": [0, 18, 0],
				"cubes": [
					{"origin": [-4, 18, -4.001], "size": [8, 8, 0], "uv": [24, 0]}
				]
			},
			{
				"name": "earLeftShake",
				"parent": "head",
				"pivot": [3.5, 26, -2.5]
			},
			{
				"name": "earLeftBegShake",
				"parent": "earLeftShake",
				"pivot": [3.5, 26, -2.5]
			},
			{
				"name": "bone81",
				"parent": "earLeftBegShake",
				"pivot": [0, 18, -1],
				"rotation": [0, 0, 5],
				"cubes": [
					{"origin": [2, 26, -3], "size": [1, 2, 1], "uv": [40, 49], "inflate": -0.2}
				]
			},
			{
				"name": "bone82",
				"parent": "bone81",
				"pivot": [2, 28, -3],
				"rotation": [0, 0, -12.5],
				"cubes": [
					{"origin": [2, 26, -3], "size": [1, 2, 1], "uv": [48, 43], "inflate": -0.2}
				]
			},
			{
				"name": "earRightShake",
				"parent": "head",
				"pivot": [-3.5, 26, -2.5]
			},
			{
				"name": "earRightBegShake",
				"parent": "earRightShake",
				"pivot": [-3.75, 26, -2.5]
			},
			{
				"name": "bone83",
				"parent": "earRightBegShake",
				"pivot": [0, 18, -1],
				"rotation": [0, 0, 5],
				"cubes": [
					{"origin": [-4.97336, 25.38991, -3], "size": [1, 2, 1], "uv": [40, 0], "inflate": -0.2}
				]
			},
			{
				"name": "bone84",
				"parent": "bone83",
				"pivot": [2, 28, -3],
				"rotation": [0, 0, -12.5],
				"cubes": [
					{"origin": [-4.94011, 26.91368, -3], "size": [1, 2, 1], "uv": [0, 35], "inflate": -0.2}
				]
			},
			{
				"name": "armRight",
				"pivot": [-2, 17.5, 0],
				"rotation": [0, 0, 32.5],
				"cubes": [
					{"origin": [-4, 8.5, -1], "size": [2, 8, 2], "uv": [8, 47]},
					{"origin": [-4, 9.5, -1], "size": [2, 1, 2], "uv": [18, 35], "inflate": 0.1},
					{"origin": [-4.5, 13.5, -1.5], "size": [3, 4, 3], "uv": [45, 46]}
				]
			},
			{
				"name": "chestPlate",
				"parent": "armRight",
				"pivot": [-2, 17.5, 0]
			},
			{
				"name": "bone76",
				"parent": "chestPlate",
				"pivot": [-2, 17.5, 0],
				"cubes": [
					{"origin": [-6, 9.5, -0.5], "size": [6, 1, 1], "uv": [32, 24], "inflate": -0.23}
				]
			},
			{
				"name": "bone77",
				"parent": "bone76",
				"pivot": [-2, 17.5, 0],
				"rotation": [-32.5, 0, 0],
				"cubes": [
					{"origin": [-5, 5.5, 3], "size": [4, 6, 2], "uv": [44, 0], "inflate": -0.1}
				]
			},
			{
				"name": "bone78",
				"parent": "bone76",
				"pivot": [-2, 17.5, 0],
				"rotation": [32.5, 0, 0],
				"cubes": [
					{"origin": [-5, 5.5, -5], "size": [4, 6, 2], "uv": [36, 41], "inflate": -0.1}
				]
			},
			{
				"name": "armLeft",
				"pivot": [2, 17.5, 0],
				"rotation": [0, 0, -32.5],
				"cubes": [
					{"origin": [1.5, 13.5, -1.5], "size": [3, 4, 3], "uv": [44, 24]},
					{"origin": [2, 8.5, -1], "size": [2, 8, 2], "uv": [0, 47]},
					{"origin": [2, 9.5, -1], "size": [2, 1, 2], "uv": [18, 32], "inflate": 0.1}
				]
			},
			{
				"name": "chestPlateLeft",
				"parent": "armLeft",
				"pivot": [2, 17.5, 0]
			},
			{
				"name": "bone75",
				"parent": "chestPlateLeft",
				"pivot": [2, 17.5, 0],
				"cubes": [
					{"origin": [0, 9.5, -0.5], "size": [6, 1, 1], "uv": [46, 41], "inflate": -0.23}
				]
			},
			{
				"name": "bone79",
				"parent": "bone75",
				"pivot": [2, 17.5, 0],
				"rotation": [-32.5, 0, 0],
				"cubes": [
					{"origin": [1, 5.5, 3], "size": [4, 6, 2], "uv": [24, 41], "inflate": -0.1}
				]
			},
			{
				"name": "bone80",
				"parent": "bone75",
				"pivot": [2, 17.5, 0],
				"rotation": [32.5, 0, 0],
				"cubes": [
					{"origin": [1, 5.5, -5], "size": [4, 6, 2], "uv": [39, 16], "inflate": -0.1}
				]
			},
			{
				"name": "body",
				"pivot": [0, 10.5, 0],
				"cubes": [
					{"origin": [-3, 8.999, -3], "size": [6, 9, 6], "uv": [0, 32]},
					{"origin": [-3, 8.999, -3], "size": [6, 9, 6], "uv": [26, 26], "inflate": 0.1}
				]
			},
			{
				"name": "sittingRotationSkirt",
				"parent": "body",
				"pivot": [0, 10.5, 0]
			},
			{
				"name": "bone",
				"parent": "sittingRotationSkirt",
				"pivot": [0, 15.5, 0]
			},
			{
				"name": "bone2",
				"parent": "bone",
				"pivot": [0, 5, 0]
			},
			{
				"name": "bone3",
				"parent": "bone2",
				"pivot": [0, 5, 5.27792],
				"rotation": [31, 0, 0]
			},
			{
				"name": "bone4",
				"parent": "bone3",
				"pivot": [0, 5, 5.27792],
				"rotation": [0, -45, 0],
				"cubes": [
					{"origin": [-1, 5, 4.27792], "size": [2, 6, 2], "uv": [38, 61]}
				]
			},
			{
				"name": "bone5",
				"parent": "bone",
				"pivot": [0, 5, 0],
				"rotation": [0, -30, 0]
			},
			{
				"name": "bone6",
				"parent": "bone5",
				"pivot": [0, 5, 5.27792],
				"rotation": [31, 0, 0]
			},
			{
				"name": "bone7",
				"parent": "bone6",
				"pivot": [0, 5, 5.27792],
				"rotation": [0, -45, 0],
				"cubes": [
					{"origin": [-1, 5, 4.27792], "size": [2, 6, 2], "uv": [8, 61]}
				]
			},
			{
				"name": "bone8",
				"parent": "bone",
				"pivot": [0, 5, 0],
				"rotation": [0, -60, 0]
			},
			{
				"name": "bone9",
				"parent": "bone8",
				"pivot": [0, 5, 5.27792],
				"rotation": [31, 0, 0]
			},
			{
				"name": "bone10",
				"parent": "bone9",
				"pivot": [0, 5, 5.27792],
				"rotation": [0, -45, 0],
				"cubes": [
					{"origin": [-1, 5, 4.27792], "size": [2, 6, 2], "uv": [61, 0]}
				]
			},
			{
				"name": "bone11",
				"parent": "bone",
				"pivot": [0, 5, 0],
				"rotation": [0, -90, 0]
			},
			{
				"name": "bone12",
				"parent": "bone11",
				"pivot": [0, 5, 5.27792],
				"rotation": [31, 0, 0]
			},
			{
				"name": "bone13",
				"parent": "bone12",
				"pivot": [0, 5, 5.27792],
				"rotation": [0, -45, 0],
				"cubes": [
					{"origin": [-1, 5, 4.27792], "size": [2, 6, 2], "uv": [54, 59]}
				]
			},
			{
				"name": "bone14",
				"parent": "bone",
				"pivot": [0, 5, 0],
				"rotation": [0, -120, 0]
			},
			{
				"name": "bone15",
				"parent": "bone14",
				"pivot": [0, 5, 5.27792],
				"rotation": [31, 0, 0]
			},
			{
				"name": "bone16",
				"parent": "bone15",
				"pivot": [0, 5, 5.27792],
				"rotation": [0, -45, 0],
				"cubes": [
					{"origin": [-1, 5, 4.27792], "size": [2, 6, 2], "uv": [59, 14]}
				]
			},
			{
				"name": "bone17",
				"parent": "bone",
				"pivot": [0, 5, 0],
				"rotation": [0, -150, 0]
			},
			{
				"name": "bone18",
				"parent": "bone17",
				"pivot": [0, 5, 5.27792],
				"rotation": [31, 0, 0]
			},
			{
				"name": "bone19",
				"parent": "bone18",
				"pivot": [0, 5, 5.27792],
				"rotation": [0, -45, 0],
				"cubes": [
					{"origin": [-1, 5, 4.27792], "size": [2, 6, 2], "uv": [58, 32]}
				]
			},
			{
				"name": "bone20",
				"parent": "bone",
				"pivot": [0, 5, 0],
				"rotation": [0, -180, 0]
			},
			{
				"name": "bone21",
				"parent": "bone20",
				"pivot": [0, 5, 5.27792],
				"rotation": [31, 0, 0]
			},
			{
				"name": "bone22",
				"parent": "bone21",
				"pivot": [0, 5, 5.27792],
				"rotation": [0, -45, 0],
				"cubes": [
					{"origin": [-1, 5, 4.27792], "size": [2, 6, 2], "uv": [57, 43]}
				]
			},
			{
				"name": "bone23",
				"parent": "bone",
				"pivot": [0, 5, 0],
				"rotation": [0, -210, 0]
			},
			{
				"name": "bone24",
				"parent": "bone23",
				"pivot": [0, 5, 5.27792],
				"rotation": [31, 0, 0]
			},
			{
				"name": "bone25",
				"parent": "bone24",
				"pivot": [0, 5, 5.27792],
				"rotation": [0, -45, 0],
				"cubes": [
					{"origin": [-1, 5, 4.27792], "size": [2, 6, 2], "uv": [30, 57]}
				]
			},
			{
				"name": "bone26",
				"parent": "bone",
				"pivot": [0, 5, 0],
				"rotation": [0, -240, 0]
			},
			{
				"name": "bone27",
				"parent": "bone26",
				"pivot": [0, 5, 5.27792],
				"rotation": [31, 0, 0]
			},
			{
				"name": "bone28",
				"parent": "bone27",
				"pivot": [0, 5, 5.27792],
				"rotation": [0, -45, 0],
				"cubes": [
					{"origin": [-1, 5, 4.27792], "size": [2, 6, 2], "uv": [22, 57]}
				]
			},
			{
				"name": "bone29",
				"parent": "bone",
				"pivot": [0, 5, 0],
				"rotation": [0, -270, 0]
			},
			{
				"name": "bone30",
				"parent": "bone29",
				"pivot": [0, 5, 5.27792],
				"rotation": [31, 0, 0]
			},
			{
				"name": "bone31",
				"parent": "bone30",
				"pivot": [0, 5, 5.27792],
				"rotation": [0, -45, 0],
				"cubes": [
					{"origin": [-1, 5, 4.27792], "size": [2, 6, 2], "uv": [0, 57]}
				]
			},
			{
				"name": "bone32",
				"parent": "bone",
				"pivot": [0, 5, 0],
				"rotation": [0, -300, 0]
			},
			{
				"name": "bone33",
				"parent": "bone32",
				"pivot": [0, 5, 5.27792],
				"rotation": [31, 0, 0]
			},
			{
				"name": "bone34",
				"parent": "bone33",
				"pivot": [0, 5, 5.27792],
				"rotation": [0, -45, 0],
				"cubes": [
					{"origin": [-1, 5, 4.27792], "size": [2, 6, 2], "uv": [56, 51]}
				]
			},
			{
				"name": "bone35",
				"parent": "bone",
				"pivot": [0, 5, 0],
				"rotation": [0, -330, 0]
			},
			{
				"name": "bone36",
				"parent": "bone35",
				"pivot": [0, 5, 5.27792],
				"rotation": [31, 0, 0]
			},
			{
				"name": "bone37",
				"parent": "bone36",
				"pivot": [0, 5, 5.27792],
				"rotation": [0, -45, 0],
				"cubes": [
					{"origin": [-1, 5, 4.27792], "size": [2, 6, 2], "uv": [56, 24]}
				]
			},
			{
				"name": "bone38",
				"parent": "sittingRotationSkirt",
				"pivot": [0, 16.5, 0]
			},
			{
				"name": "bone39",
				"parent": "bone38",
				"pivot": [0, 6, 0]
			},
			{
				"name": "bone40",
				"parent": "bone39",
				"pivot": [0, 6, 5.27792],
				"rotation": [31, 0, 0]
			},
			{
				"name": "bone41",
				"parent": "bone40",
				"pivot": [0, 6, 5.27792],
				"rotation": [0, -45, 0],
				"cubes": [
					{"origin": [-1, 6, 4.27792], "size": [2, 6, 2], "uv": [14, 55]}
				]
			},
			{
				"name": "bone42",
				"parent": "bone38",
				"pivot": [0, 6, 0],
				"rotation": [0, -30, 0]
			},
			{
				"name": "bone43",
				"parent": "bone42",
				"pivot": [0, 6, 5.27792],
				"rotation": [31, 0, 0]
			},
			{
				"name": "bone44",
				"parent": "bone43",
				"pivot": [0, 6, 5.27792],
				"rotation": [0, -45, 0],
				"cubes": [
					{"origin": [-1, 6, 4.27792], "size": [2, 6, 2], "uv": [55, 6]}
				]
			},
			{
				"name": "bone45",
				"parent": "bone38",
				"pivot": [0, 6, 0],
				"rotation": [0, -60, 0]
			},
			{
				"name": "bone46",
				"parent": "bone45",
				"pivot": [0, 6, 5.27792],
				"rotation": [31, 0, 0]
			},
			{
				"name": "bone47",
				"parent": "bone46",
				"pivot": [0, 6, 5.27792],
				"rotation": [0, -45, 0],
				"cubes": [
					{"origin": [-1, 6, 4.27792], "size": [2, 6, 2], "uv": [48, 53]}
				]
			},
			{
				"name": "bone48",
				"parent": "bone38",
				"pivot": [0, 6, 0],
				"rotation": [0, -90, 0]
			},
			{
				"name": "bone49",
				"parent": "bone48",
				"pivot": [0, 6, 5.27792],
				"rotation": [31, 0, 0]
			},
			{
				"name": "bone50",
				"parent": "bone49",
				"pivot": [0, 6, 5.27792],
				"rotation": [0, -45, 0],
				"cubes": [
					{"origin": [-1, 6, 4.27792], "size": [2, 6, 2], "uv": [40, 53]}
				]
			},
			{
				"name": "bone51",
				"parent": "bone38",
				"pivot": [0, 6, 0],
				"rotation": [0, -120, 0]
			},
			{
				"name": "bone52",
				"parent": "bone51",
				"pivot": [0, 6, 5.27792],
				"rotation": [31, 0, 0]
			},
			{
				"name": "bone53",
				"parent": "bone52",
				"pivot": [0, 6, 5.27792],
				"rotation": [0, -45, 0]
			},
			{
				"name": "bone54",
				"parent": "bone38",
				"pivot": [0, 6, 0],
				"rotation": [0, -150, 0]
			},
			{
				"name": "bone55",
				"parent": "bone54",
				"pivot": [0, 6, 5.27792],
				"rotation": [31, 0, 0]
			},
			{
				"name": "bone56",
				"parent": "bone55",
				"pivot": [0, 6, 5.27792],
				"rotation": [0, -45, 0]
			},
			{
				"name": "bone57",
				"parent": "bone38",
				"pivot": [0, 6, 0],
				"rotation": [0, -180, 0]
			},
			{
				"name": "bone58",
				"parent": "bone57",
				"pivot": [0, 6, 5.27792],
				"rotation": [31, 0, 0]
			},
			{
				"name": "bone59",
				"parent": "bone58",
				"pivot": [0, 6, 5.27792],
				"rotation": [0, -45, 0],
				"cubes": [
					{"origin": [-1, 6, 4.27792], "size": [2, 6, 2], "uv": [32, 49]}
				]
			},
			{
				"name": "bone60",
				"parent": "bone38",
				"pivot": [0, 6, 0],
				"rotation": [0, -210, 0]
			},
			{
				"name": "bone61",
				"parent": "bone60",
				"pivot": [0, 6, 5.27792],
				"rotation": [31, 0, 0]
			},
			{
				"name": "bone62",
				"parent": "bone61",
				"pivot": [0, 6, 5.27792],
				"rotation": [0, -45, 0],
				"cubes": [
					{"origin": [-1, 6, 4.27792], "size": [2, 6, 2], "uv": [24, 49]}
				]
			},
			{
				"name": "bone63",
				"parent": "bone38",
				"pivot": [0, 6, 0],
				"rotation": [0, -240, 0]
			},
			{
				"name": "bone64",
				"parent": "bone63",
				"pivot": [0, 6, 5.27792],
				"rotation": [31, 0, 0]
			},
			{
				"name": "bone65",
				"parent": "bone64",
				"pivot": [0, 6, 5.27792],
				"rotation": [0, -45, 0],
				"cubes": [
					{"origin": [-1, 6, 4.27792], "size": [2, 6, 2], "uv": [16, 47]}
				]
			},
			{
				"name": "bone66",
				"parent": "bone38",
				"pivot": [0, 6, 0],
				"rotation": [0, -270, 0]
			},
			{
				"name": "bone67",
				"parent": "bone66",
				"pivot": [0, 6, 5.27792],
				"rotation": [31, 0, 0]
			},
			{
				"name": "bone68",
				"parent": "bone67",
				"pivot": [0, 6, 5.27792],
				"rotation": [0, -45, 0],
				"cubes": [
					{"origin": [-1, 6, 4.27792], "size": [2, 6, 2], "uv": [47, 8]}
				]
			},
			{
				"name": "bone69",
				"parent": "bone38",
				"pivot": [0, 6, 0],
				"rotation": [0, -300, 0]
			},
			{
				"name": "bone70",
				"parent": "bone69",
				"pivot": [0, 6, 5.27792],
				"rotation": [31, 0, 0]
			},
			{
				"name": "bone71",
				"parent": "bone70",
				"pivot": [0, 6, 5.27792],
				"rotation": [0, -45, 0],
				"cubes": [
					{"origin": [-1, 6, 4.27792], "size": [2, 6, 2], "uv": [0, 16]}
				]
			},
			{
				"name": "bone72",
				"parent": "bone38",
				"pivot": [0, 6, 0],
				"rotation": [0, -330, 0]
			},
			{
				"name": "bone73",
				"parent": "bone72",
				"pivot": [0, 6, 5.27792],
				"rotation": [31, 0, 0]
			},
			{
				"name": "bone74",
				"parent": "bone73",
				"pivot": [0, 6, 5.27792],
				"rotation": [0, -45, 0],
				"cubes": [
					{"origin": [-1, 6, 4.27792], "size": [2, 6, 2], "uv": [0, 0]}
				]
			},
			{
				"name": "chestPlateMiddle",
				"parent": "body",
				"pivot": [0, 10.5, 0]
			},
			{
				"name": "bone85",
				"parent": "body",
				"pivot": [0, 26.5, 0]
			},
			{
				"name": "bone86",
				"parent": "bone85",
				"pivot": [0, 16, 0]
			},
			{
				"name": "bone87",
				"parent": "bone86",
				"pivot": [0, 16, 4.23488],
				"rotation": [35, 0, 0],
				"cubes": [
					{"origin": [-2.5, 15.00491, 4.23488], "size": [5, 3, 0], "uv": [62, 60]}
				]
			},
			{
				"name": "bone88",
				"parent": "bone87",
				"pivot": [-2.5, 15.00491, 4.23488],
				"rotation": [0, 0, 29.83757],
				"cubes": [
					{"origin": [-4.5, 15.00491, 4.23388], "size": [2, 3, 0], "uv": [32, 8]}
				]
			},
			{
				"name": "bone89",
				"parent": "bone87",
				"pivot": [2.5, 15.00491, 4.23488],
				"rotation": [0, 0, -29.83757],
				"cubes": [
					{"origin": [2.5, 15.00491, 4.23588], "size": [2, 3, 0], "uv": [0, 32]}
				]
			},
			{
				"name": "bone90",
				"parent": "bone85",
				"pivot": [0, 16, 0],
				"rotation": [0, -90, 0]
			},
			{
				"name": "bone91",
				"parent": "bone90",
				"pivot": [0, 16, 4.23488],
				"rotation": [35, 0, 0]
			},
			{
				"name": "bone92",
				"parent": "bone91",
				"pivot": [-2.5, 15.00491, 4.23488],
				"rotation": [0, 0, 29.83757],
				"cubes": [
					{"origin": [-4.5, 15.00491, 4.23388], "size": [1, 3, 0], "uv": [40, 52]}
				]
			},
			{
				"name": "bone93",
				"parent": "bone91",
				"pivot": [2.5, 15.00491, 4.23488],
				"rotation": [0, 0, -29.83757],
				"cubes": [
					{"origin": [3.5, 15.00491, 4.23588], "size": [1, 3, 0], "uv": [24, 38]}
				]
			},
			{
				"name": "bone94",
				"parent": "bone85",
				"pivot": [0, 16, 0],
				"rotation": [0, -180, 0]
			},
			{
				"name": "bone95",
				"parent": "bone94",
				"pivot": [0, 16, 4.23488],
				"rotation": [35, 0, 0],
				"cubes": [
					{"origin": [-2.5, 15.00491, 4.23488], "size": [5, 3, 0], "uv": [60, 40]}
				]
			},
			{
				"name": "bone96",
				"parent": "bone95",
				"pivot": [-2.5, 15.00491, 4.23488],
				"rotation": [0, 0, 29.83757],
				"cubes": [
					{"origin": [-4.5, 15.00491, 4.23388], "size": [2, 3, 0], "uv": [24, 19]}
				]
			},
			{
				"name": "bone97",
				"parent": "bone95",
				"pivot": [2.5, 15.00491, 4.23488],
				"rotation": [0, 0, -29.83757],
				"cubes": [
					{"origin": [2.5, 15.00491, 4.23588], "size": [2, 3, 0], "uv": [24, 16]}
				]
			},
			{
				"name": "bone98",
				"parent": "bone85",
				"pivot": [0, 16, 0],
				"rotation": [0, -270, 0]
			},
			{
				"name": "bone99",
				"parent": "bone98",
				"pivot": [0, 16, 4.23488],
				"rotation": [35, 0, 0]
			},
			{
				"name": "bone100",
				"parent": "bone99",
				"pivot": [-2.5, 15.00491, 4.23488],
				"rotation": [0, 0, 29.83757],
				"cubes": [
					{"origin": [-4.5, 15.00491, 4.23388], "size": [1, 3, 0], "uv": [4, 35]}
				]
			},
			{
				"name": "bone101",
				"parent": "bone99",
				"pivot": [2.5, 15.00491, 4.23488],
				"rotation": [0, 0, -29.83757],
				"cubes": [
					{"origin": [3.5, 15.00491, 4.23588], "size": [1, 3, 0], "uv": [4, 32]}
				]
			},
			{
				"name": "legLeft",
				"pivot": [2, 9, 0],
				"cubes": [
					{"origin": [0.499, 0.1, -1.5], "size": [2.75, 8.9, 3], "uv": [37, 5]},
					{"origin": [0.499, 2.1, -1.5], "size": [2.75, 1, 3], "uv": [62, 22], "inflate": 0.1}
				]
			},
			{
				"name": "legRight",
				"pivot": [-2, 9, 0],
				"cubes": [
					{"origin": [-3.249, 0.2, -1.5], "size": [2.75, 8.8, 3], "uv": [29, 13]},
					{"origin": [-3.249, 2.2, -1.5], "size": [2.75, 1, 3], "uv": [61, 56], "inflate": 0.1}
				]
			}
		]
	}
}