{
	"format_version": "1.10.0",
	"geometry.model": {
		"texturewidth": 128,
		"textureheight": 128,
		"visible_bounds_width": 3,
		"visible_bounds_height": 4,
		"visible_bounds_offset": [0, 1, 0],
		"bones": [
			{
				"name": "head",
				"pivot": [0, 18, 0],
				"cubes": [
					{"origin": [-4, 18, -4], "size": [8, 8, 8], "uv": [0, 16]},
					{"origin": [-4, 18, -4], "size": [8, 8, 8], "uv": [0, 0], "inflate": 0.1},
					{"origin": [-4, 23.5, -4], "size": [8, 2, 8], "uv": [24, 8], "inflate": 0.14}
				]
			},
			{
				"name": "blink",
				"parent": "head",
				"pivot": [0, 18, 0],
				"cubes": [
					{"origin": [-4, 18, -4.001], "size": [8, 8, 0], "uv": [24, 0]}
				]
			},
			{
				"name": "hair",
				"parent": "head",
				"pivot": [1, 19, 0],
				"rotation": [-25, 7.5, -35]
			},
			{
				"name": "bone87",
				"parent": "hair",
				"pivot": [1, 18, 0],
				"rotation": [50, 0, 0],
				"cubes": [
					{"origin": [0, 13, 3], "size": [2, 4, 2], "uv": [18, 32]},
					{"origin": [0, 11.7, 3], "size": [2, 2.3, 2], "uv": [54, 36], "inflate": -0.2}
				]
			},
			{
				"name": "bone88",
				"parent": "bone87",
				"pivot": [1, 18, 0],
				"cubes": [
					{"origin": [0, 8, 3], "size": [2, 4, 2], "uv": [24, 18]}
				]
			},
			{
				"name": "hair2",
				"parent": "head",
				"pivot": [-1, 19, 0],
				"rotation": [-25, -7.5, 35]
			},
			{
				"name": "bone77",
				"parent": "hair2",
				"pivot": [-1, 18, 0],
				"rotation": [50, 0, 0],
				"cubes": [
					{"origin": [-2, 13, 3], "size": [2, 4, 2], "uv": [0, 16]},
					{"origin": [-2, 11.7, 3], "size": [2, 2.3, 2], "uv": [41, 18], "inflate": -0.2}
				]
			},
			{
				"name": "bone78",
				"parent": "bone77",
				"pivot": [-1, 18, 0],
				"cubes": [
					{"origin": [-2, 8, 3], "size": [2, 4, 2], "uv": [0, 0]}
				]
			},
			{
				"name": "armRight",
				"pivot": [-2, 18, 0],
				"rotation": [0, 0, 30],
				"cubes": [
					{"origin": [-4, 8.5, -1], "size": [2, 8, 2], "uv": [8, 47]},
					{"origin": [-4, 9.5, -1], "size": [2, 1, 2], "uv": [62, 0], "inflate": 0.1}
				]
			},
			{
				"name": "armRightPositioningBone",
				"parent": "armRight",
				"pivot": [-3, 9, 0]
			},
			{
				"name": "armLeft",
				"pivot": [2, 18, 0],
				"rotation": [0, 0, -30],
				"cubes": [
					{"origin": [1.5, 9.5, -1.5], "size": [3, 4, 3], "uv": [44, 22]},
					{"origin": [2, 8.5, -1], "size": [2, 8, 2], "uv": [0, 47]}
				]
			},
			{
				"name": "armLeftPositioningBone",
				"parent": "armLeft",
				"pivot": [3, 9, 0]
			},
			{
				"name": "body",
				"pivot": [0, 10.5, 0],
				"cubes": [
					{"origin": [-3, 8.999, -3], "size": [6, 9, 6], "uv": [0, 32]},
					{"origin": [-3, 8.999, -3], "size": [6, 9, 6], "uv": [26, 26], "inflate": 0.1}
				]
			},
			{
				"name": "sittingRotationSkirt",
				"parent": "body",
				"pivot": [0, 10.5, 0]
			},
			{
				"name": "bone",
				"parent": "sittingRotationSkirt",
				"pivot": [0, 16.5, 0]
			},
			{
				"name": "bone2",
				"parent": "bone",
				"pivot": [0, 6, 0]
			},
			{
				"name": "bone3",
				"parent": "bone2",
				"pivot": [0, 6, 5.27792],
				"rotation": [32, 0, 0]
			},
			{
				"name": "bone4",
				"parent": "bone3",
				"pivot": [0, 6, 5.27792],
				"rotation": [0, -45, 0],
				"cubes": [
					{"origin": [-1, 6, 4.27792], "size": [2, 7, 2], "uv": [0, 66]}
				]
			},
			{
				"name": "bone5",
				"parent": "bone",
				"pivot": [0, 6, 0],
				"rotation": [0, -30, 0]
			},
			{
				"name": "bone6",
				"parent": "bone5",
				"pivot": [0, 6, 5.27792],
				"rotation": [32, 0, 0]
			},
			{
				"name": "bone7",
				"parent": "bone6",
				"pivot": [0, 6, 5.27792],
				"rotation": [0, -45, 0],
				"cubes": [
					{"origin": [-1, 6, 4.27792], "size": [2, 7, 2], "uv": [64, 34]}
				]
			},
			{
				"name": "bone8",
				"parent": "bone",
				"pivot": [0, 6, 0],
				"rotation": [0, -60, 0]
			},
			{
				"name": "bone9",
				"parent": "bone8",
				"pivot": [0, 6, 5.27792],
				"rotation": [32, 0, 0]
			},
			{
				"name": "bone10",
				"parent": "bone9",
				"pivot": [0, 6, 5.27792],
				"rotation": [0, -45, 0],
				"cubes": [
					{"origin": [-1, 6, 4.27792], "size": [2, 7, 2], "uv": [8, 63]}
				]
			},
			{
				"name": "bone11",
				"parent": "bone",
				"pivot": [0, 6, 0],
				"rotation": [0, -90, 0]
			},
			{
				"name": "bone12",
				"parent": "bone11",
				"pivot": [0, 6, 5.27792],
				"rotation": [32, 0, 0]
			},
			{
				"name": "bone13",
				"parent": "bone12",
				"pivot": [0, 6, 5.27792],
				"rotation": [0, -45, 0],
				"cubes": [
					{"origin": [-1, 6, 4.27792], "size": [2, 7, 2], "uv": [62, 25]}
				]
			},
			{
				"name": "bone14",
				"parent": "bone",
				"pivot": [0, 6, 0],
				"rotation": [0, -120, 0]
			},
			{
				"name": "bone15",
				"parent": "bone14",
				"pivot": [0, 6, 5.27792],
				"rotation": [32, 0, 0]
			},
			{
				"name": "bone16",
				"parent": "bone15",
				"pivot": [0, 6, 5.27792],
				"rotation": [0, -45, 0],
				"cubes": [
					{"origin": [-1, 6, 4.27792], "size": [2, 7, 2], "uv": [62, 16]}
				]
			},
			{
				"name": "bone17",
				"parent": "bone",
				"pivot": [0, 6, 0],
				"rotation": [0, -150, 0]
			},
			{
				"name": "bone18",
				"parent": "bone17",
				"pivot": [0, 6, 5.27792],
				"rotation": [32, 0, 0]
			},
			{
				"name": "bone19",
				"parent": "bone18",
				"pivot": [0, 6, 5.27792],
				"rotation": [0, -45, 0],
				"cubes": [
					{"origin": [-1, 6, 4.27792], "size": [2, 7, 2], "uv": [42, 61]}
				]
			},
			{
				"name": "bone20",
				"parent": "bone",
				"pivot": [0, 6, 0],
				"rotation": [0, -180, 0]
			},
			{
				"name": "bone21",
				"parent": "bone20",
				"pivot": [0, 6, 5.27792],
				"rotation": [32, 0, 0]
			},
			{
				"name": "bone22",
				"parent": "bone21",
				"pivot": [0, 6, 5.27792],
				"rotation": [0, -45, 0],
				"cubes": [
					{"origin": [-1, 6, 4.27792], "size": [2, 7, 2], "uv": [30, 61]}
				]
			},
			{
				"name": "bone23",
				"parent": "bone",
				"pivot": [0, 6, 0],
				"rotation": [0, -210, 0]
			},
			{
				"name": "bone24",
				"parent": "bone23",
				"pivot": [0, 6, 5.27792],
				"rotation": [32, 0, 0]
			},
			{
				"name": "bone25",
				"parent": "bone24",
				"pivot": [0, 6, 5.27792],
				"rotation": [0, -45, 0],
				"cubes": [
					{"origin": [-1, 6, 4.27792], "size": [2, 7, 2], "uv": [60, 57]}
				]
			},
			{
				"name": "bone26",
				"parent": "bone",
				"pivot": [0, 6, 0],
				"rotation": [0, -240, 0]
			},
			{
				"name": "bone27",
				"parent": "bone26",
				"pivot": [0, 6, 5.27792],
				"rotation": [32, 0, 0]
			},
			{
				"name": "bone28",
				"parent": "bone27",
				"pivot": [0, 6, 5.27792],
				"rotation": [0, -45, 0],
				"cubes": [
					{"origin": [-1, 6, 4.27792], "size": [2, 7, 2], "uv": [60, 43]}
				]
			},
			{
				"name": "bone29",
				"parent": "bone",
				"pivot": [0, 6, 0],
				"rotation": [0, -270, 0]
			},
			{
				"name": "bone30",
				"parent": "bone29",
				"pivot": [0, 6, 5.27792],
				"rotation": [32, 0, 0]
			},
			{
				"name": "bone31",
				"parent": "bone30",
				"pivot": [0, 6, 5.27792],
				"rotation": [0, -45, 0],
				"cubes": [
					{"origin": [-1, 6, 4.27792], "size": [2, 7, 2], "uv": [60, 7]}
				]
			},
			{
				"name": "bone32",
				"parent": "bone",
				"pivot": [0, 6, 0],
				"rotation": [0, -300, 0]
			},
			{
				"name": "bone33",
				"parent": "bone32",
				"pivot": [0, 6, 5.27792],
				"rotation": [32, 0, 0]
			},
			{
				"name": "bone34",
				"parent": "bone33",
				"pivot": [0, 6, 5.27792],
				"rotation": [0, -45, 0],
				"cubes": [
					{"origin": [-1, 6, 4.27792], "size": [2, 7, 2], "uv": [52, 59]}
				]
			},
			{
				"name": "bone35",
				"parent": "bone",
				"pivot": [0, 6, 0],
				"rotation": [0, -330, 0]
			},
			{
				"name": "bone36",
				"parent": "bone35",
				"pivot": [0, 6, 5.27792],
				"rotation": [32, 0, 0]
			},
			{
				"name": "bone37",
				"parent": "bone36",
				"pivot": [0, 6, 5.27792],
				"rotation": [0, -45, 0],
				"cubes": [
					{"origin": [-1, 6, 4.27792], "size": [2, 7, 2], "uv": [22, 59]}
				]
			},
			{
				"name": "bone38",
				"parent": "sittingRotationSkirt",
				"pivot": [0, 14.5, 0]
			},
			{
				"name": "bone39",
				"parent": "bone38",
				"pivot": [0, 4, 0]
			},
			{
				"name": "bone40",
				"parent": "bone39",
				"pivot": [0, 4, 5.27792],
				"rotation": [32, 0, 0]
			},
			{
				"name": "bone41",
				"parent": "bone40",
				"pivot": [0, 4, 5.27792],
				"rotation": [0, -45, 0],
				"cubes": [
					{"origin": [-1, 4, 4.27792], "size": [2, 7, 2], "uv": [0, 57]}
				]
			},
			{
				"name": "bone42",
				"parent": "bone38",
				"pivot": [0, 4, 0],
				"rotation": [0, -30, 0]
			},
			{
				"name": "bone43",
				"parent": "bone42",
				"pivot": [0, 4, 5.27792],
				"rotation": [32, 0, 0]
			},
			{
				"name": "bone44",
				"parent": "bone43",
				"pivot": [0, 4, 5.27792],
				"rotation": [0, -45, 0],
				"cubes": [
					{"origin": [-1, 4, 4.27792], "size": [2, 7, 2], "uv": [14, 56]}
				]
			},
			{
				"name": "bone45",
				"parent": "bone38",
				"pivot": [0, 4, 0],
				"rotation": [0, -60, 0]
			},
			{
				"name": "bone46",
				"parent": "bone45",
				"pivot": [0, 4, 5.27792],
				"rotation": [32, 0, 0]
			},
			{
				"name": "bone47",
				"parent": "bone46",
				"pivot": [0, 4, 5.27792],
				"rotation": [0, -45, 0],
				"cubes": [
					{"origin": [-1, 4, 4.27792], "size": [2, 7, 2], "uv": [54, 50]}
				]
			},
			{
				"name": "bone48",
				"parent": "bone38",
				"pivot": [0, 4, 0],
				"rotation": [0, -90, 0]
			},
			{
				"name": "bone49",
				"parent": "bone48",
				"pivot": [0, 4, 5.27792],
				"rotation": [32, 0, 0]
			},
			{
				"name": "bone50",
				"parent": "bone49",
				"pivot": [0, 4, 5.27792],
				"rotation": [0, -45, 0],
				"cubes": [
					{"origin": [-1, 4, 4.27792], "size": [2, 7, 2], "uv": [36, 54]}
				]
			},
			{
				"name": "bone51",
				"parent": "bone38",
				"pivot": [0, 4, 0],
				"rotation": [0, -120, 0]
			},
			{
				"name": "bone52",
				"parent": "bone51",
				"pivot": [0, 4, 5.27792],
				"rotation": [32, 0, 0]
			},
			{
				"name": "bone53",
				"parent": "bone52",
				"pivot": [0, 4, 5.27792],
				"rotation": [0, -45, 0],
				"cubes": [
					{"origin": [-1, 4, 4.27792], "size": [2, 7, 2], "uv": [54, 27]}
				]
			},
			{
				"name": "bone54",
				"parent": "bone38",
				"pivot": [0, 4, 0],
				"rotation": [0, -150, 0]
			},
			{
				"name": "bone55",
				"parent": "bone54",
				"pivot": [0, 4, 5.27792],
				"rotation": [32, 0, 0]
			},
			{
				"name": "bone56",
				"parent": "bone55",
				"pivot": [0, 4, 5.27792],
				"rotation": [0, -45, 0],
				"cubes": [
					{"origin": [-1, 4, 4.27792], "size": [2, 7, 2], "uv": [54, 16]}
				]
			},
			{
				"name": "bone57",
				"parent": "bone38",
				"pivot": [0, 4, 0],
				"rotation": [0, -180, 0]
			},
			{
				"name": "bone58",
				"parent": "bone57",
				"pivot": [0, 4, 5.27792],
				"rotation": [32, 0, 0]
			},
			{
				"name": "bone59",
				"parent": "bone58",
				"pivot": [0, 4, 5.27792],
				"rotation": [0, -45, 0],
				"cubes": [
					{"origin": [-1, 4, 4.27792], "size": [2, 7, 2], "uv": [54, 0]}
				]
			},
			{
				"name": "bone60",
				"parent": "bone38",
				"pivot": [0, 4, 0],
				"rotation": [0, -210, 0]
			},
			{
				"name": "bone61",
				"parent": "bone60",
				"pivot": [0, 4, 5.27792],
				"rotation": [32, 0, 0]
			},
			{
				"name": "bone62",
				"parent": "bone61",
				"pivot": [0, 4, 5.27792],
				"rotation": [0, -45, 0],
				"cubes": [
					{"origin": [-1, 4, 4.27792], "size": [2, 7, 2], "uv": [46, 52]}
				]
			},
			{
				"name": "bone63",
				"parent": "bone38",
				"pivot": [0, 4, 0],
				"rotation": [0, -240, 0]
			},
			{
				"name": "bone64",
				"parent": "bone63",
				"pivot": [0, 4, 5.27792],
				"rotation": [32, 0, 0]
			},
			{
				"name": "bone65",
				"parent": "bone64",
				"pivot": [0, 4, 5.27792],
				"rotation": [0, -45, 0],
				"cubes": [
					{"origin": [-1, 4, 4.27792], "size": [2, 7, 2], "uv": [28, 52]}
				]
			},
			{
				"name": "bone66",
				"parent": "bone38",
				"pivot": [0, 4, 0],
				"rotation": [0, -270, 0]
			},
			{
				"name": "bone67",
				"parent": "bone66",
				"pivot": [0, 4, 5.27792],
				"rotation": [32, 0, 0]
			},
			{
				"name": "bone68",
				"parent": "bone67",
				"pivot": [0, 4, 5.27792],
				"rotation": [0, -45, 0],
				"cubes": [
					{"origin": [-1, 4, 4.27792], "size": [2, 7, 2], "uv": [48, 43]}
				]
			},
			{
				"name": "bone69",
				"parent": "bone38",
				"pivot": [0, 4, 0],
				"rotation": [0, -300, 0]
			},
			{
				"name": "bone70",
				"parent": "bone69",
				"pivot": [0, 4, 5.27792],
				"rotation": [32, 0, 0]
			},
			{
				"name": "bone71",
				"parent": "bone70",
				"pivot": [0, 4, 5.27792],
				"rotation": [0, -45, 0],
				"cubes": [
					{"origin": [-1, 4, 4.27792], "size": [2, 7, 2], "uv": [48, 7]}
				]
			},
			{
				"name": "bone72",
				"parent": "bone38",
				"pivot": [0, 4, 0],
				"rotation": [0, -330, 0]
			},
			{
				"name": "bone73",
				"parent": "bone72",
				"pivot": [0, 4, 5.27792],
				"rotation": [32, 0, 0]
			},
			{
				"name": "bone74",
				"parent": "bone73",
				"pivot": [0, 4, 5.27792],
				"rotation": [0, -45, 0],
				"cubes": [
					{"origin": [-1, 4, 4.27792], "size": [2, 7, 2], "uv": [16, 47]}
				]
			},
			{
				"name": "chestPlate",
				"parent": "body",
				"pivot": [0, 15.5, 5]
			},
			{
				"name": "bone79",
				"parent": "chestPlate",
				"pivot": [0, 15.5, 5],
				"cubes": [
					{"origin": [9, 4.5, -1], "size": [1, 17, 1], "uv": [24, 41], "inflate": -0.2},
					{"origin": [9, 20.5, -1], "size": [1, 1, 1], "uv": [4, 6], "inflate": -0.18},
					{"origin": [9, 4.5, -1], "size": [1, 1, 1], "uv": [0, 6], "inflate": -0.18}
				]
			},
			{
				"name": "bone80",
				"parent": "chestPlate",
				"pivot": [-10, 16.5, 7],
				"rotation": [15, -80, 22.5],
				"cubes": [
					{"origin": [-19, 7.5, -7], "size": [1, 2.5, 1], "uv": [67, 51], "inflate": -0.3}
				]
			},
			{
				"name": "bone81",
				"parent": "bone80",
				"pivot": [-18, 9.5, -6],
				"rotation": [-27.5, 0, 0],
				"cubes": [
					{"origin": [-19, 7.3, -7], "size": [1, 2.5, 1], "uv": [19, 67], "inflate": -0.3}
				]
			},
			{
				"name": "bone86",
				"parent": "chestPlate",
				"pivot": [-8, 16.5, 5],
				"rotation": [15, -80, 22.5],
				"cubes": [
					{"origin": [-17, 7.5, -9], "size": [1, 2.5, 1], "uv": [66, 3], "inflate": -0.3}
				]
			},
			{
				"name": "bone89",
				"parent": "bone86",
				"pivot": [-16, 9.5, -8],
				"rotation": [-27.5, 0, 0],
				"cubes": [
					{"origin": [-17, 7.3, -9], "size": [1, 2.5, 1], "uv": [65, 54], "inflate": -0.3}
				]
			},
			{
				"name": "bone90",
				"parent": "chestPlate",
				"pivot": [-17, 8.5, 0],
				"rotation": [15, -102.5, -20],
				"cubes": [
					{"origin": [-26, -0.5, -14], "size": [1, 2.5, 1], "uv": [16, 65], "inflate": -0.3}
				]
			},
			{
				"name": "bone91",
				"parent": "bone90",
				"pivot": [-25, 1.5, -13],
				"rotation": [-27.5, 0, 0],
				"cubes": [
					{"origin": [-26, -0.7, -14], "size": [1, 2.5, 1], "uv": [38, 63], "inflate": -0.3}
				]
			},
			{
				"name": "bone92",
				"parent": "chestPlate",
				"pivot": [-14, 8.5, 0],
				"rotation": [15, -102.5, -20],
				"cubes": [
					{"origin": [-23, -0.5, -14], "size": [1, 2.5, 1], "uv": [62, 52], "inflate": -0.3}
				]
			},
			{
				"name": "bone93",
				"parent": "bone92",
				"pivot": [-22, 1.5, -13],
				"rotation": [-27.5, 0, 0],
				"cubes": [
					{"origin": [-23, -0.7, -14], "size": [1, 2.5, 1], "uv": [62, 3], "inflate": -0.3}
				]
			},
			{
				"name": "bone94",
				"parent": "chestPlate",
				"pivot": [-11, 9.5, 1],
				"rotation": [15, -102.5, -20],
				"cubes": [
					{"origin": [-20, 0.5, -13], "size": [1, 2.5, 1], "uv": [8, 60], "inflate": -0.3}
				]
			},
			{
				"name": "bone95",
				"parent": "bone94",
				"pivot": [-19, 2.5, -12],
				"rotation": [-27.5, 0, 0],
				"cubes": [
					{"origin": [-20, 0.3, -13], "size": [1, 2.5, 1], "uv": [8, 57], "inflate": -0.3}
				]
			},
			{
				"name": "bone96",
				"parent": "chestPlate",
				"pivot": [-10, 9.5, -8],
				"rotation": [15, -147.5, -20],
				"cubes": [
					{"origin": [-19, 0.5, -22], "size": [1, 2.5, 1], "uv": [56, 46], "inflate": -0.3}
				]
			},
			{
				"name": "bone97",
				"parent": "bone96",
				"pivot": [-18, 2.5, -21],
				"rotation": [-27.5, 0, 0],
				"cubes": [
					{"origin": [-19, 0.3, -22], "size": [1, 2.5, 1], "uv": [56, 43], "inflate": -0.3}
				]
			},
			{
				"name": "bone98",
				"parent": "chestPlate",
				"pivot": [-6, 10.5, -11],
				"rotation": [15, -177.5, -20],
				"cubes": [
					{"origin": [-15, 1.5, -25], "size": [1, 2.5, 1], "uv": [56, 12], "inflate": -0.3}
				]
			},
			{
				"name": "bone99",
				"parent": "bone98",
				"pivot": [-14, 3.5, -24],
				"rotation": [-27.5, 0, 0],
				"cubes": [
					{"origin": [-15, 1.3, -25], "size": [1, 2.5, 1], "uv": [56, 9], "inflate": -0.3}
				]
			},
			{
				"name": "bone100",
				"parent": "chestPlate",
				"pivot": [10, 13.5, -4],
				"rotation": [-7.5, 97.5, -20],
				"cubes": [
					{"origin": [1, 4.5, -18], "size": [1, 2.5, 1], "uv": [49, 18], "inflate": -0.3}
				]
			},
			{
				"name": "bone101",
				"parent": "bone100",
				"pivot": [2, 6.5, -17],
				"rotation": [-27.5, 0, 0],
				"cubes": [
					{"origin": [1, 4.3, -18], "size": [1, 2.5, 1], "uv": [49, 0], "inflate": -0.3}
				]
			},
			{
				"name": "bone104",
				"parent": "chestPlate",
				"pivot": [7, 15.5, -3],
				"rotation": [-2.5, 90, -25],
				"cubes": [
					{"origin": [-2, 6.5, -17], "size": [1, 2.5, 1], "uv": [40, 0], "inflate": -0.3}
				]
			},
			{
				"name": "bone105",
				"parent": "bone104",
				"pivot": [-1, 8.5, -16],
				"rotation": [-27.5, 0, 0],
				"cubes": [
					{"origin": [-2, 6.3, -17], "size": [1, 2.5, 1], "uv": [0, 35], "inflate": -0.3}
				]
			},
			{
				"name": "bone102",
				"parent": "chestPlate",
				"pivot": [13, 13.5, -5],
				"rotation": [-7.5, 97.5, -20],
				"cubes": [
					{"origin": [4, 4.5, -19], "size": [1, 2.5, 1], "uv": [44, 29], "inflate": -0.3}
				]
			},
			{
				"name": "bone103",
				"parent": "bone102",
				"pivot": [5, 6.5, -18],
				"rotation": [-27.5, 0, 0],
				"cubes": [
					{"origin": [4, 4.3, -19], "size": [1, 2.5, 1], "uv": [35, 41], "inflate": -0.3}
				]
			},
			{
				"name": "bone82",
				"parent": "chestPlate",
				"pivot": [6, 9.5, 10],
				"rotation": [15, 0, 22.5],
				"cubes": [
					{"origin": [-3, 0.5, -4], "size": [1, 2.5, 1], "uv": [64, 66], "inflate": -0.3}
				]
			},
			{
				"name": "bone83",
				"parent": "bone82",
				"pivot": [-2, 2.5, -3],
				"rotation": [-27.5, 0, 0],
				"cubes": [
					{"origin": [-3, 0.3, -4], "size": [1, 2.5, 1], "uv": [60, 66], "inflate": -0.3}
				]
			},
			{
				"name": "bone84",
				"parent": "chestPlate",
				"pivot": [5, 10.5, 13],
				"rotation": [15, 0, 22.5],
				"cubes": [
					{"origin": [-4, 1.5, -1], "size": [1, 2.5, 1], "uv": [38, 66], "inflate": -0.3}
				]
			},
			{
				"name": "bone85",
				"parent": "bone84",
				"pivot": [-3, 3.5, 0],
				"rotation": [-27.5, 0, 0],
				"cubes": [
					{"origin": [-4, 1.3, -1], "size": [1, 2.5, 1], "uv": [66, 6], "inflate": -0.3}
				]
			},
			{
				"name": "bone106",
				"parent": "chestPlate",
				"pivot": [12, 7.5, 7],
				"rotation": [15, 42.5, 25],
				"cubes": [
					{"origin": [3, -1.5, -7], "size": [1, 2.5, 1], "uv": [32, 18], "inflate": -0.3}
				]
			},
			{
				"name": "bone107",
				"parent": "bone106",
				"pivot": [4, 0.5, -6],
				"rotation": [-27.5, 0, 0],
				"cubes": [
					{"origin": [3, -1.7, -7], "size": [1, 2.5, 1], "uv": [0, 32], "inflate": -0.3}
				]
			},
			{
				"name": "legLeft",
				"pivot": [2, 9, 0],
				"cubes": [
					{"origin": [0.499, 0.1, -1.5], "size": [2.75, 8.9, 3], "uv": [38, 43]}
				]
			},
			{
				"name": "legRight",
				"pivot": [-2, 9, 0],
				"cubes": [
					{"origin": [-3.249, 0.2, -1.5], "size": [2.75, 8.8, 3], "uv": [28, 41]}
				]
			},
			{
				"name": "tail",
				"pivot": [0, 9, 4],
				"rotation": [62.5, 0, 0],
				"cubes": [
					{"origin": [-1, 8, 0], "size": [2, 2, 10], "uv": [40, 31], "inflate": -0.5}
				]
			},
			{
				"name": "bone75",
				"parent": "tail",
				"pivot": [0, 9, 9],
				"rotation": [-12.5, -17.5, 0],
				"cubes": [
					{"origin": [-1, 8, 8], "size": [2, 2, 5], "uv": [40, 0], "inflate": -0.5}
				]
			},
			{
				"name": "bone76",
				"parent": "bone75",
				"pivot": [-1, 9, 13],
				"rotation": [-10, 15, 0],
				"cubes": [
					{"origin": [-1, 8, 12], "size": [2, 2, 5], "uv": [32, 18], "inflate": -0.5}
				]
			}
		]
	}
}