{
	"format_version": "1.10.0",
	"geometry.model": {
		"texturewidth": 128,
		"textureheight": 128,
		"visible_bounds_width": 3,
		"visible_bounds_height": 2,
		"visible_bounds_offset": [0, 1, 0],
		"bones": [
			{
				"name": "head",
				"pivot": [0, 18, 0],
				"cubes": [
					{"origin": [-4, 18, -4], "size": [8, 8, 8], "uv": [0, 16]},
					{"origin": [-4, 18, -4], "size": [8, 8, 8], "uv": [0, 0], "inflate": 0.5}
				]
			},
			{
				"name": "nevus",
				"parent": "head",
				"pivot": [3.56363, 18.65771, -4.003],
				"cubes": [
					{"origin": [2.21696, 18.61521, -4.003], "size": [0.1, 0.1, 0], "uv": [110, 106]}
				]
			},
			{
				"name": "_helmet",
				"parent": "head",
				"pivot": [0, 18, 0]
			},
			{
				"name": "earRight",
				"parent": "_helmet",
				"pivot": [-5.3, 21.25, -0.75]
			},
			{
				"name": "eR1",
				"parent": "earRight",
				"pivot": [-5.3, 21.75, -0.75],
				"rotation": [0, 0, -6],
				"cubes": [
					{"origin": [-6.5, 21.5, -1], "size": [2.5, 0.5, 0.5], "uv": [1, 126]}
				]
			},
			{
				"name": "eR2",
				"parent": "earRight",
				"pivot": [-5.3, 21.25, -0.75],
				"rotation": [0, 0, 20],
				"cubes": [
					{"origin": [-6.4658, 20.90603, -1], "size": [2.5, 0.5, 0.5], "uv": [1, 126]}
				]
			},
			{
				"name": "eR3",
				"parent": "earRight",
				"pivot": [-5.3, 21.25, 0.25],
				"cubes": [
					{"origin": [-5.8, 21.1, -0.7], "size": [1.3, 0.6, 0.1], "uv": [10, 126]}
				]
			},
			{
				"name": "earLeft",
				"parent": "_helmet",
				"pivot": [5.3, 21.25, -0.75]
			},
			{
				"name": "eR4",
				"parent": "earLeft",
				"pivot": [5.3, 21.75, -0.75],
				"rotation": [0, 0, 6],
				"cubes": [
					{"origin": [4, 21.5, -1], "size": [2.5, 0.5, 0.5], "uv": [1, 126]}
				]
			},
			{
				"name": "eR5",
				"parent": "earLeft",
				"pivot": [5.3, 21.25, -0.75],
				"rotation": [0, 0, -20],
				"cubes": [
					{"origin": [3.9658, 20.90603, -1], "size": [2.5, 0.5, 0.5], "uv": [1, 126]}
				]
			},
			{
				"name": "eR6",
				"parent": "earLeft",
				"pivot": [5.3, 21.25, 0.25],
				"cubes": [
					{"origin": [4.5, 21.1, -0.7], "size": [1.3, 0.6, 0.1], "uv": [9, 126]}
				]
			},
			{
				"name": "ahoge",
				"parent": "head",
				"pivot": [0, 26, 0],
				"rotation": [0, -25, 0],
				"cubes": [
					{"origin": [-3, 26, 0], "size": [6, 6, 0], "uv": [50, 0]}
				]
			},
			{
				"name": "blink",
				"parent": "head",
				"pivot": [0, 18, 0],
				"cubes": [
					{"origin": [-4, 18, -4.001], "size": [8, 8, 0], "uv": [44, 23]}
				]
			},
			{
				"name": "hairRight",
				"parent": "head",
				"pivot": [-3, 17, 3],
				"rotation": [15, 15, -15],
				"cubes": [
					{"origin": [-6.25441, 16.41716, 3.30915], "size": [3, 3, 3], "uv": [47, 38]}
				]
			},
			{
				"name": "hairLeft",
				"parent": "head",
				"pivot": [3, 17, 3],
				"rotation": [15, -15, 15],
				"cubes": [
					{"origin": [3.25441, 16.41716, 3.30915], "size": [3, 3, 3], "uv": [24, 0]}
				]
			},
			{
				"name": "bowknotRight",
				"parent": "head",
				"pivot": [-4.5, 19.6, 4.5],
				"rotation": [43, -50, -16],
				"cubes": [
					{"origin": [-4.59906, 19.49979, 4.58978], "size": [0.3, 0.4, 0.3], "uv": [15, 120]}
				]
			},
			{
				"name": "bk1_2",
				"parent": "bowknotRight",
				"pivot": [-5.09679, 19.8191, 4.94991],
				"rotation": [0, 12, 0]
			},
			{
				"name": "bk1",
				"parent": "bk1_2",
				"pivot": [-5.09679, 20.0191, 4.94991],
				"rotation": [1, 0, 20],
				"cubes": [
					{"origin": [-5.24679, 19.6191, 4.59991], "size": [0.9, 0.6, 0.4], "uv": [16, 126]}
				]
			},
			{
				"name": "bk2",
				"parent": "bk1_2",
				"pivot": [-5.09867, 19.35975, 4.69445],
				"rotation": [0, 0, -20],
				"cubes": [
					{"origin": [-5.24342, 19.16869, 4.59991], "size": [0.9, 0.6, 0.4], "uv": [16, 126]}
				]
			},
			{
				"name": "bk3_4",
				"parent": "bowknotRight",
				"pivot": [-5.69148, 18.2762, 6.70131],
				"rotation": [0, -12, 0]
			},
			{
				"name": "bk3",
				"parent": "bk3_4",
				"pivot": [-5.69148, 18.4762, 6.70131],
				"rotation": [0, 0, -20],
				"cubes": [
					{"origin": [-4.41607, 18.99909, 4.24927], "size": [0.9, 0.6, 0.4], "uv": [16, 126]}
				]
			},
			{
				"name": "bk4",
				"parent": "bk3_4",
				"pivot": [-5.6896, 17.81685, 6.44585],
				"rotation": [0, 0, 20],
				"cubes": [
					{"origin": [-5.48652, 19.63468, 4.24927], "size": [0.9, 0.6, 0.4], "uv": [16, 126]}
				]
			},
			{
				"name": "bowknotLeft",
				"parent": "head",
				"pivot": [4.5, 19.6, 4.5],
				"rotation": [43, 50, 16],
				"cubes": [
					{"origin": [4.29906, 19.49979, 4.58978], "size": [0.3, 0.4, 0.3], "uv": [14, 121]}
				]
			},
			{
				"name": "bk1_3",
				"parent": "bowknotLeft",
				"pivot": [5.09679, 19.8191, 4.94991],
				"rotation": [0, -12, 0]
			},
			{
				"name": "bk5",
				"parent": "bk1_3",
				"pivot": [5.09679, 20.0191, 4.94991],
				"rotation": [1, 0, -20],
				"cubes": [
					{"origin": [4.34679, 19.6191, 4.59991], "size": [0.9, 0.6, 0.4], "uv": [16, 126]}
				]
			},
			{
				"name": "bk6",
				"parent": "bk1_3",
				"pivot": [5.09867, 19.35975, 4.69445],
				"rotation": [0, 0, 20],
				"cubes": [
					{"origin": [4.34342, 19.16869, 4.59991], "size": [0.9, 0.6, 0.4], "uv": [16, 126]}
				]
			},
			{
				"name": "bk3_2",
				"parent": "bowknotLeft",
				"pivot": [5.69148, 18.2762, 6.70131],
				"rotation": [0, 12, 0]
			},
			{
				"name": "bk7",
				"parent": "bk3_2",
				"pivot": [5.69148, 18.4762, 6.70131],
				"rotation": [0, 0, 20],
				"cubes": [
					{"origin": [3.51607, 18.99909, 4.24927], "size": [0.9, 0.6, 0.4], "uv": [16, 126]}
				]
			},
			{
				"name": "bk8",
				"parent": "bk3_2",
				"pivot": [5.6896, 17.81685, 6.44585],
				"rotation": [0, 0, -20],
				"cubes": [
					{"origin": [4.58652, 19.63468, 4.24927], "size": [0.9, 0.6, 0.4], "uv": [16, 126]}
				]
			},
			{
				"name": "littlewingRight",
				"parent": "head",
				"pivot": [-4.5, 19.6, 4.5],
				"rotation": [0, -18, 12],
				"cubes": [
					{"origin": [-5.5, 19.6, 4.37], "size": [1, 0.9, 0.1], "uv": [21, 125]}
				]
			},
			{
				"name": "w1",
				"parent": "littlewingRight",
				"pivot": [-5.6, 20.2, 4.5],
				"rotation": [0, -3, 24],
				"cubes": [
					{"origin": [-6.26501, 19.69255, 4.39], "size": [1, 1, 0.1], "uv": [21, 125]}
				]
			},
			{
				"name": "w2",
				"parent": "littlewingRight",
				"pivot": [-6.5, 19.8, 4.5],
				"rotation": [0, -3, -29],
				"cubes": [
					{"origin": [-6.52877, 19.73952, 4.3607], "size": [1, 0.8, 0.1], "uv": [21, 125]}
				]
			},
			{
				"name": "w3",
				"parent": "littlewingRight",
				"pivot": [-6.53671, 19.71913, 4.48994],
				"rotation": [0, -3, -61],
				"cubes": [
					{"origin": [-6.50782, 19.68574, 4.35769], "size": [0.5, 0.6, 0.1], "uv": [21, 125]}
				]
			},
			{
				"name": "w4",
				"parent": "littlewingRight",
				"pivot": [-6, 20.9, 4.5],
				"rotation": [0, -3, -119],
				"cubes": [
					{"origin": [-6.27968, 20.89761, 4.41053], "size": [0.3, 1.8, 0.1], "uv": [21, 125]}
				]
			},
			{
				"name": "littlewingLeft",
				"parent": "head",
				"pivot": [4.5, 19.6, 4.5],
				"rotation": [0, 18, -12],
				"cubes": [
					{"origin": [4.5, 19.6, 4.37], "size": [1, 0.9, 0.1], "uv": [21, 124]}
				]
			},
			{
				"name": "w5",
				"parent": "littlewingLeft",
				"pivot": [5.6, 20.2, 4.5],
				"rotation": [0, 3, -24],
				"cubes": [
					{"origin": [5.26501, 19.69255, 4.39], "size": [1, 1, 0.1], "uv": [21, 124]}
				]
			},
			{
				"name": "w6",
				"parent": "littlewingLeft",
				"pivot": [6.5, 19.8, 4.5],
				"rotation": [0, 3, 29],
				"cubes": [
					{"origin": [5.52877, 19.73952, 4.3607], "size": [1, 0.8, 0.1], "uv": [21, 124]}
				]
			},
			{
				"name": "w7",
				"parent": "littlewingLeft",
				"pivot": [6.53671, 19.71913, 4.48994],
				"rotation": [0, 3, 61],
				"cubes": [
					{"origin": [6.00782, 19.68574, 4.35769], "size": [0.5, 0.6, 0.1], "uv": [21, 124]}
				]
			},
			{
				"name": "w8",
				"parent": "littlewingLeft",
				"pivot": [6, 20.9, 4.5],
				"rotation": [0, 3, 119],
				"cubes": [
					{"origin": [5.97968, 20.89761, 4.41053], "size": [0.3, 1.8, 0.1], "uv": [21, 124]}
				]
			},
			{
				"name": "hairpin",
				"parent": "head",
				"pivot": [2.37883, 24.14494, -4.17825],
				"rotation": [40, -38, 155],
				"cubes": [
					{"origin": [1.87883, 23.64494, -4.67825], "size": [1, 1, 1], "uv": [4, 6]},
					{"origin": [2.23088, 23.43944, -5.04408], "size": [1, 1, 1], "uv": [0, 6], "inflate": -0.9}
				]
			},
			{
				"name": "knotahead0",
				"parent": "head",
				"pivot": [4.5, 22.1, -4.7],
				"rotation": [-6, -8, 0]
			},
			{
				"name": "knotahead",
				"parent": "knotahead0",
				"pivot": [4.5, 22.1, -4.7],
				"rotation": [0, 18, -8]
			},
			{
				"name": "k1",
				"parent": "knotahead",
				"pivot": [5.30671, 24.11463, -4.79153],
				"rotation": [0, 0, -12],
				"cubes": [
					{"origin": [4.08944, 21.81711, -4.97825], "size": [1.5, 1, 0.6], "uv": [4, 4]}
				]
			},
			{
				"name": "k2",
				"parent": "knotahead",
				"pivot": [4.97883, 21.74494, -4.67825],
				"rotation": [0, 0, 30],
				"cubes": [
					{"origin": [4.32538, 21.44288, -4.97825], "size": [1.5, 1, 0.6], "uv": [3, 4]}
				]
			},
			{
				"name": "knotahead2",
				"parent": "knotahead0",
				"pivot": [-5.2, 22.1, -4.7],
				"rotation": [0, -18, 8]
			},
			{
				"name": "k3",
				"parent": "knotahead2",
				"pivot": [-5.67883, 22.14494, -4.67825],
				"rotation": [0, 0, 12],
				"cubes": [
					{"origin": [1.58643, 24.78553, -7.81727], "size": [1.5, 1, 0.6], "uv": [0, 0]}
				]
			},
			{
				"name": "k4",
				"parent": "knotahead2",
				"pivot": [-5.67883, 21.74494, -4.67825],
				"rotation": [0, 0, -30],
				"cubes": [
					{"origin": [1.6872, 18.19228, -7.81727], "size": [1.5, 1, 0.6], "uv": [0, 0]}
				]
			},
			{
				"name": "knotahead3",
				"parent": "knotahead0",
				"pivot": [4.25, 22.2, -4.75],
				"rotation": [7, -1, 0],
				"cubes": [
					{"origin": [3.9, 21.9, -5], "size": [0.7, 0.6, 0.5], "uv": [26, 128]}
				]
			},
			{
				"name": "knotA4",
				"parent": "knotahead0",
				"pivot": [3.55, 20.9, -4.8],
				"rotation": [0, -18, 12],
				"cubes": [
					{"origin": [3.05, 20.4, -4.95], "size": [1.1, 1.5, 0.4], "uv": [4, 0]}
				]
			},
			{
				"name": "knotA10",
				"parent": "knotahead0",
				"pivot": [3.53608, 20.88965, -4.89848],
				"rotation": [0, -18, 12],
				"cubes": [
					{"origin": [3.33608, 20.38965, -5.04848], "size": [0.5, 1.5, 0.1], "uv": [0, 2]}
				]
			},
			{
				"name": "knotA5",
				"parent": "knotahead0",
				"pivot": [4.9, 21.1, -4.7],
				"rotation": [3, 14, -12],
				"cubes": [
					{"origin": [4.35, 20.3, -4.95], "size": [1.1, 1.6, 0.5], "uv": [4, 0]}
				]
			},
			{
				"name": "bone157",
				"parent": "knotA5",
				"pivot": [4.90853, 21.09798, -4.99962],
				"rotation": [-7, 0, 0],
				"cubes": [
					{"origin": [4.65853, 20.29798, -5.04962], "size": [0.5, 1.6, 0.1], "uv": [0, 2]}
				]
			},
			{
				"name": "knotA6",
				"parent": "knotahead0",
				"pivot": [3.6, 20.4, -4.7],
				"rotation": [0, 0, 8],
				"cubes": [
					{"origin": [3.1, 18.9, -4.7], "size": [1, 3, 0.1], "uv": [0, 0]}
				]
			},
			{
				"name": "knotA2",
				"parent": "knotahead0",
				"pivot": [3.38803, 20.39256, -4.7708],
				"rotation": [0, 0, 8],
				"cubes": [
					{"origin": [3.78803, 18.89256, -4.7708], "size": [0.1, 3, 0.1], "uv": [41, 34]}
				]
			},
			{
				"name": "knotA3",
				"parent": "knotahead0",
				"pivot": [2.8929, 20.39983, -4.7016],
				"rotation": [0, 0, 8],
				"cubes": [
					{"origin": [3.2929, 18.99983, -4.7016], "size": [0.1, 3, 0.1], "uv": [41, 34]}
				]
			},
			{
				"name": "knotA7",
				"parent": "knotahead0",
				"pivot": [4.75, 20.8, -4.5],
				"rotation": [0, 14, -5],
				"cubes": [
					{"origin": [4.25, 19.3, -4.6], "size": [1, 3, 0.1], "uv": [0, 0]}
				]
			},
			{
				"name": "knotA8",
				"parent": "knotahead0",
				"pivot": [4.55195, 20.80291, -4.47232],
				"rotation": [0, 14, -5],
				"cubes": [
					{"origin": [4.95195, 19.30291, -4.57232], "size": [0.1, 3, 0.1], "uv": [41, 34]}
				]
			},
			{
				"name": "knotA9",
				"parent": "knotahead0",
				"pivot": [4.05681, 20.81018, -4.40311],
				"rotation": [0, 14, -5],
				"cubes": [
					{"origin": [4.45681, 19.21018, -4.50311], "size": [0.1, 3.2, 0.1], "uv": [41, 34]}
				]
			},
			{
				"name": "grass",
				"parent": "head",
				"pivot": [0, 18.9, -4.3],
				"rotation": [5, 0, 0]
			},
			{
				"name": "bone158",
				"parent": "grass",
				"pivot": [0, 0.4, 0.3],
				"cubes": [
					{"origin": [-2.5, 18.9, -4.3], "size": [2, 0.1, 0.1], "uv": [102, 126]},
					{"origin": [-0.6, 19.2, -4.3], "size": [1.2, 0.1, 0.1], "uv": [102, 126]},
					{"origin": [-4.1, 19.2, -4.3], "size": [1.7, 0.1, 0.1], "uv": [102, 126]},
					{"origin": [2.5, 19.2, -4.3], "size": [1.7, 0.1, 0.1], "uv": [102, 126]},
					{"origin": [-2.4, 19, -4.3], "size": [1.8, 0.9, 0.1], "uv": [94, 125]},
					{"origin": [-2.5, 18.9, -4.3], "size": [0.1, 1, 0.1], "uv": [102, 126]},
					{"origin": [-0.6, 18.9, -4.3], "size": [0.1, 1, 0.1], "uv": [102, 126]}
				]
			},
			{
				"name": "bone178",
				"parent": "bone158",
				"pivot": [-4.35, 19.18028, -3.45304],
				"rotation": [0, 90, 0],
				"cubes": [
					{"origin": [-5.20304, 19.2, -3.20304], "size": [1.7, 0.1, 0.1], "uv": [102, 126]}
				]
			},
			{
				"name": "bone159",
				"parent": "grass",
				"pivot": [0, 0.4, 0.3],
				"cubes": [
					{"origin": [0.5, 18.9, -4.3], "size": [2, 0.1, 0.1], "uv": [102, 126], "mirror": true},
					{"origin": [0.6, 19, -4.3], "size": [1.8, 0.9, 0.1], "uv": [94, 126], "mirror": true},
					{"origin": [2.4, 18.9, -4.3], "size": [0.1, 1, 0.1], "uv": [102, 126], "mirror": true},
					{"origin": [0.5, 18.9, -4.3], "size": [0.1, 1, 0.1], "uv": [102, 126], "mirror": true}
				]
			},
			{
				"name": "bone179",
				"parent": "bone159",
				"pivot": [4.35, 19.18028, -3.45304],
				"rotation": [0, -90, 0],
				"cubes": [
					{"origin": [3.50304, 19.2, -3.20304], "size": [1.7, 0.1, 0.1], "uv": [102, 126], "mirror": true}
				]
			},
			{
				"name": "armRight",
				"pivot": [-3, 17.5, 0],
				"rotation": [0, 0, 25],
				"cubes": [
					{"origin": [-4.54685, 8.71131, -1], "size": [2, 8.5, 2], "uv": [50, 12]}
				]
			},
			{
				"name": "chestPlate",
				"parent": "armRight",
				"pivot": [-3, 17.5, 0],
				"cubes": [
					{"origin": [-5.04685, 10.71131, -1.5], "size": [3, 8, 3], "uv": [12, 45]},
					{"origin": [-5.62985, 14.23677, -2], "size": [4, 4, 4], "uv": [112, 120], "mirror": true}
				]
			},
			{
				"name": "capelaceright",
				"parent": "chestPlate",
				"pivot": [0, 0, 0]
			},
			{
				"name": "bone245",
				"parent": "capelaceright",
				"pivot": [0, 0, 0],
				"cubes": [
					{"origin": [-3.083, 14.02546, -2.1], "size": [0.8, 0.8, 0.4], "uv": [52, 124], "mirror": true},
					{"origin": [-4.38188, 13.97148, -2.1], "size": [0.8, 0.8, 0.4], "uv": [52, 124], "mirror": true},
					{"origin": [-5.4995, 14.00201, -2.1], "size": [0.8, 0.8, 0.4], "uv": [52, 124], "mirror": true}
				]
			},
			{
				"name": "bone246",
				"parent": "capelaceright",
				"pivot": [-5.48612, 14.4424, 0.1],
				"rotation": [0, 90, 0],
				"cubes": [
					{"origin": [-4.64766, 14.06821, -0.1], "size": [0.8, 0.8, 0.4], "uv": [52, 124], "mirror": true},
					{"origin": [-5.84654, 13.92359, -0.05774], "size": [0.8, 0.8, 0.4], "uv": [52, 124], "mirror": true},
					{"origin": [-7.06416, 14.04476, -0.1], "size": [0.8, 0.8, 0.4], "uv": [52, 124], "mirror": true}
				]
			},
			{
				"name": "bone247",
				"parent": "capelaceright",
				"pivot": [0, 0, 0],
				"cubes": [
					{"origin": [-2.99237, 14.06773, 1.7], "size": [0.8, 0.8, 0.4], "uv": [52, 124], "mirror": true},
					{"origin": [-4.24899, 13.92311, 1.7], "size": [0.8, 0.8, 0.4], "uv": [52, 124], "mirror": true},
					{"origin": [-5.27597, 13.9959, 1.7], "size": [0.8, 0.8, 0.4], "uv": [52, 124], "mirror": true}
				]
			},
			{
				"name": "armLeft",
				"pivot": [3, 17.5, 0],
				"rotation": [0, 0, -25],
				"cubes": [
					{"origin": [2.54685, 8.71131, -1], "size": [2, 8.5, 2], "uv": [48, 48]}
				]
			},
			{
				"name": "chestPlateLeft",
				"parent": "armLeft",
				"pivot": [3, 17.5, 0],
				"cubes": [
					{"origin": [1.62985, 14.23677, -2], "size": [4, 4, 4], "uv": [112, 120]},
					{"origin": [2.04685, 10.71131, -1.5], "size": [3, 7, 3], "uv": [0, 46]}
				]
			},
			{
				"name": "capelaceleft",
				"parent": "chestPlateLeft",
				"pivot": [0, 0, 0]
			},
			{
				"name": "bone242",
				"parent": "capelaceleft",
				"pivot": [0, 0, 0],
				"cubes": [
					{"origin": [2.283, 14.02546, -2.1], "size": [0.8, 0.8, 0.4], "uv": [52, 124]},
					{"origin": [3.58188, 13.97148, -2.1], "size": [0.8, 0.8, 0.4], "uv": [52, 124]},
					{"origin": [4.6995, 14.00201, -2.1], "size": [0.8, 0.8, 0.4], "uv": [52, 124]}
				]
			},
			{
				"name": "bone244",
				"parent": "capelaceleft",
				"pivot": [5.48612, 14.4424, 0.1],
				"rotation": [0, -90, 0],
				"cubes": [
					{"origin": [3.84766, 14.06821, -0.1], "size": [0.8, 0.8, 0.4], "uv": [52, 124]},
					{"origin": [5.04654, 13.92359, -0.05774], "size": [0.8, 0.8, 0.4], "uv": [52, 124]},
					{"origin": [6.26416, 14.04476, -0.1], "size": [0.8, 0.8, 0.4], "uv": [52, 124]}
				]
			},
			{
				"name": "bone243",
				"parent": "capelaceleft",
				"pivot": [0, 0, 0],
				"cubes": [
					{"origin": [2.19237, 14.06773, 1.7], "size": [0.8, 0.8, 0.4], "uv": [52, 124]},
					{"origin": [3.44899, 13.92311, 1.7], "size": [0.8, 0.8, 0.4], "uv": [52, 124]},
					{"origin": [4.47597, 13.9959, 1.7], "size": [0.8, 0.8, 0.4], "uv": [52, 124]}
				]
			},
			{
				"name": "body",
				"pivot": [0, 10.5, 0],
				"cubes": [
					{"origin": [-3, 8.999, -3], "size": [6, 9, 6], "uv": [26, 26]},
					{"origin": [-3.2, 11.1, -3.2], "size": [6.4, 1, 6.4], "uv": [0, 39]},
					{"origin": [1.5, 11, -3.3], "size": [0.3, 1.2, 1], "uv": [0, 108]}
				]
			},
			{
				"name": "knotneck",
				"parent": "body",
				"pivot": [1.1, 2.2, 4.5]
			},
			{
				"name": "kn1_4",
				"parent": "knotneck",
				"pivot": [1.1, 2.2, 4.5]
			},
			{
				"name": "kn1",
				"parent": "kn1_4",
				"pivot": [0.6, 17.7, -3.5],
				"rotation": [-91, 0, -10],
				"cubes": [
					{"origin": [0.1, 17.7, -3.5], "size": [1, 0.5, 0.1], "uv": [32, 126]}
				]
			},
			{
				"name": "kn2",
				"parent": "kn1_4",
				"pivot": [4.3, 17.7, -3.5],
				"rotation": [-91, 0, 50],
				"cubes": [
					{"origin": [2.17255, 17.7419, -1.09951], "size": [0.6, 0.5, 0.1], "uv": [32, 126]}
				]
			},
			{
				"name": "kn3",
				"parent": "kn1_4",
				"pivot": [2.47255, 16.9919, -1.09951],
				"rotation": [-91, 0, -35],
				"cubes": [
					{"origin": [1.25082, 14.57705, -2.00274], "size": [0.6, 0.5, 0.1], "uv": [32, 126]}
				]
			},
			{
				"name": "kn4",
				"parent": "kn1_4",
				"pivot": [0.45082, 14.82705, -1.90274],
				"rotation": [-91, 0, 20],
				"cubes": [
					{"origin": [-0.78212, 13.19147, -4.18475], "size": [1, 0.5, 0.1], "uv": [32, 126]}
				]
			},
			{
				"name": "kn5",
				"parent": "knotneck",
				"pivot": [0.3, 17.2, -3.9],
				"rotation": [7, 0, 0],
				"cubes": [
					{"origin": [-0.2, 17.2, -3.5], "size": [0.5, 0.5, 0.5], "uv": [29, 126]}
				]
			},
			{
				"name": "kn6_9",
				"parent": "knotneck",
				"pivot": [-1.1, 2.2, 4.5]
			},
			{
				"name": "kn6",
				"parent": "kn6_9",
				"pivot": [-0.6, 17.7, -3.5],
				"rotation": [-91, 0, 10],
				"cubes": [
					{"origin": [-1.1, 17.7, -3.5], "size": [1, 0.5, 0.1], "uv": [32, 126], "mirror": true}
				]
			},
			{
				"name": "kn7",
				"parent": "kn6_9",
				"pivot": [-4.3, 17.7, -3.5],
				"rotation": [-91, 0, -50],
				"cubes": [
					{"origin": [-2.77255, 17.7419, -1.09951], "size": [0.6, 0.5, 0.1], "uv": [32, 126], "mirror": true}
				]
			},
			{
				"name": "kn8",
				"parent": "kn6_9",
				"pivot": [-2.47255, 16.9919, -1.09951],
				"rotation": [-91, 0, 35],
				"cubes": [
					{"origin": [-1.85082, 14.57705, -2.00274], "size": [0.6, 0.5, 0.1], "uv": [32, 126], "mirror": true}
				]
			},
			{
				"name": "kn9",
				"parent": "kn6_9",
				"pivot": [-0.45082, 14.82705, -1.90274],
				"rotation": [-91, 0, -20],
				"cubes": [
					{"origin": [-0.21788, 13.19147, -4.18475], "size": [1, 0.5, 0.1], "uv": [32, 126], "mirror": true}
				]
			},
			{
				"name": "kn_a",
				"parent": "knotneck",
				"pivot": [0.35, 16.5, -3.5],
				"rotation": [0, -90, -25],
				"cubes": [
					{"origin": [0.35, 16.15555, -3.85152], "size": [0.5, 1, 0.1], "uv": [32, 126]}
				]
			},
			{
				"name": "kn_a2",
				"parent": "knotneck",
				"pivot": [0.35, 16.5, -3.5],
				"rotation": [0, -90, 25],
				"cubes": [
					{"origin": [0.35, 15.90198, -2.7057], "size": [0.5, 1, 0.1], "uv": [32, 126], "mirror": true}
				]
			},
			{
				"name": "kn10",
				"parent": "knotneck",
				"pivot": [-2.4385, 19.12093, -7.64774],
				"rotation": [-42, 28, 48],
				"cubes": [
					{"origin": [-2.02621, 23.3145, -4.60569], "size": [0.2, 1, 0.1], "uv": [29, 125]}
				]
			},
			{
				"name": "kn11",
				"parent": "knotneck",
				"pivot": [2.4385, 19.12093, -7.64774],
				"rotation": [-42, -28, -48],
				"cubes": [
					{"origin": [1.82621, 23.3145, -4.60569], "size": [0.2, 1, 0.1], "uv": [29, 125], "mirror": true}
				]
			},
			{
				"name": "knotbody",
				"parent": "body",
				"pivot": [0.1, 15.3, -3.2],
				"rotation": [-4, 0, 0]
			},
			{
				"name": "kb1_2",
				"parent": "knotbody",
				"pivot": [0.1, 15.2, -16.5],
				"rotation": [5, 12, 5]
			},
			{
				"name": "kb1",
				"parent": "kb1_2",
				"pivot": [0.9, 15.5, -16.5],
				"rotation": [0, 0, -10],
				"cubes": [
					{"origin": [-2.72443, 13.97995, -4.03503], "size": [1.6, 1.2, 0.6], "uv": [0, 103]}
				]
			},
			{
				"name": "kb7",
				"parent": "kb1_2",
				"pivot": [0.9425, 15.20232, -16.59787],
				"rotation": [0, 0, -10],
				"cubes": [
					{"origin": [-2.38193, 14.78226, -4.1329], "size": [1.3, 0.1, 0.1], "uv": [0, 2]}
				]
			},
			{
				"name": "kb11",
				"parent": "kb1_2",
				"pivot": [-1.92612, 13.90514, -4.01929],
				"rotation": [0, 0, -33],
				"cubes": [
					{"origin": [-2.02612, 13.80514, -4.06929], "size": [0.2, 0.2, 0.1], "uv": [95, 79]}
				]
			},
			{
				"name": "kb13",
				"parent": "kb1_2",
				"pivot": [-3.33073, 13.63411, -4.76231],
				"rotation": [0, -20, 47],
				"cubes": [
					{"origin": [-3.33485, 13.72047, -4.38097], "size": [0.2, 0.2, 0.1], "uv": [95, 79], "mirror": true}
				]
			},
			{
				"name": "kb14",
				"parent": "kb1_2",
				"pivot": [-3.86566, 13.49624, -5.0861],
				"rotation": [-5, -6, 33],
				"cubes": [
					{"origin": [-3.86978, 13.4826, -4.70476], "size": [0.3, 0.3, 0.1], "uv": [95, 79], "mirror": true}
				]
			},
			{
				"name": "kb12",
				"parent": "kb1_2",
				"pivot": [-1.26335, 13.75161, -4.18412],
				"rotation": [0, 0, -33],
				"cubes": [
					{"origin": [-1.46335, 13.55161, -4.23412], "size": [0.3, 0.3, 0.1], "uv": [95, 79]}
				]
			},
			{
				"name": "kb2",
				"parent": "kb1_2",
				"pivot": [0.8, 14.2, -16.5],
				"rotation": [0, 0, 40],
				"cubes": [
					{"origin": [-1.69587, 11.53226, -4.03503], "size": [1.6, 1.2, 0.6], "uv": [0, 103]}
				]
			},
			{
				"name": "kb8",
				"parent": "kb1_2",
				"pivot": [0.80017, 14.50082, -16.5975],
				"rotation": [0, 0, 40],
				"cubes": [
					{"origin": [-1.1957, 11.83309, -4.13252], "size": [1.3, 0.1, 0.1], "uv": [0, 2]}
				]
			},
			{
				"name": "kb3_4",
				"parent": "knotbody",
				"pivot": [-0.1, 15.2, -16.5],
				"rotation": [5, -12, -5]
			},
			{
				"name": "kb3",
				"parent": "kb3_4",
				"pivot": [-0.9, 15.5, -16.5],
				"rotation": [0, 0, 10],
				"cubes": [
					{"origin": [1.12443, 13.97995, -4.03503], "size": [1.6, 1.2, 0.6], "uv": [0, 103], "mirror": true}
				]
			},
			{
				"name": "kb9",
				"parent": "kb3_4",
				"pivot": [-0.9425, 15.20232, -16.59787],
				"rotation": [0, 0, 10],
				"cubes": [
					{"origin": [1.08193, 14.78226, -4.1329], "size": [1.3, 0.1, 0.1], "uv": [0, 2], "mirror": true}
				]
			},
			{
				"name": "kb4",
				"parent": "kb3_4",
				"pivot": [-0.8, 14.2, -16.5],
				"rotation": [0, 0, -40],
				"cubes": [
					{"origin": [0.09587, 11.53226, -4.03503], "size": [1.6, 1.2, 0.6], "uv": [0, 103], "mirror": true}
				]
			},
			{
				"name": "kb10",
				"parent": "kb3_4",
				"pivot": [-0.80017, 14.50082, -16.5975],
				"rotation": [0, 0, -40],
				"cubes": [
					{"origin": [-0.1043, 11.83309, -4.13252], "size": [1.3, 0.1, 0.1], "uv": [0, 2], "mirror": true}
				]
			},
			{
				"name": "kb_c",
				"parent": "knotbody",
				"pivot": [0, 15.2, -16.65],
				"rotation": [17, 0, 0],
				"cubes": [
					{"origin": [-0.4, 10.96993, -4.37241], "size": [0.8, 0.8, 0.5], "uv": [1, 98]}
				]
			},
			{
				"name": "kb5",
				"parent": "knotbody",
				"pivot": [7.83999, 14.25793, -16.2],
				"rotation": [0, 0, 65],
				"cubes": [
					{"origin": [4.08166, 7.31377, -3.5], "size": [2, 0.9, 0.2], "uv": [0, 105]}
				]
			},
			{
				"name": "kb6",
				"parent": "knotbody",
				"pivot": [-7.83999, 14.25793, -16.2],
				"rotation": [0, 0, -65],
				"cubes": [
					{"origin": [-6.08166, 7.31377, -3.5], "size": [2, 0.9, 0.2], "uv": [0, 105], "mirror": true}
				]
			},
			{
				"name": "chestPlateMiddle",
				"parent": "body",
				"pivot": [0, 10.5, 0],
				"cubes": [
					{"origin": [-3, 11.999, -3], "size": [6, 6, 6], "uv": [32, 0], "inflate": 0.5}
				]
			},
			{
				"name": "strapblack",
				"parent": "chestPlateMiddle",
				"pivot": [1.1, -0.3, 0.1],
				"cubes": [
					{"origin": [2.4, 12.65, -3.55], "size": [1.1, 0.1, 0.1], "uv": [111, 106]},
					{"origin": [-3.5, 12.65, -3.55], "size": [1.1, 0.1, 0.1], "uv": [111, 106], "mirror": true},
					{"origin": [-3.5, 12.65, 3.45], "size": [7, 0.1, 0.1], "uv": [107, 108]}
				]
			},
			{
				"name": "st1",
				"parent": "strapblack",
				"pivot": [2.95, 12.7, -3.5],
				"rotation": [0, -90, 0],
				"cubes": [
					{"origin": [2.9, 12.65, -4.085], "size": [7.1, 0.1, 0.1], "uv": [107, 108]}
				]
			},
			{
				"name": "st2",
				"parent": "strapblack",
				"pivot": [-2.95, 12.7, -3.5],
				"rotation": [0, 90, 0],
				"cubes": [
					{"origin": [-10, 12.65, -4.085], "size": [7.1, 0.1, 0.1], "uv": [107, 108], "mirror": true}
				]
			},
			{
				"name": "button",
				"parent": "chestPlateMiddle",
				"pivot": [0, 0, 0],
				"cubes": [
					{"origin": [1.4, 12.8, -3.6], "size": [0.2, 0.2, 0.2], "uv": [111, 106]},
					{"origin": [1.4, 13.7, -3.6], "size": [0.2, 0.2, 0.2], "uv": [111, 106]},
					{"origin": [1.4, 14.6, -3.6], "size": [0.2, 0.2, 0.2], "uv": [111, 106]}
				]
			},
			{
				"name": "button2",
				"parent": "chestPlateMiddle",
				"pivot": [0, 0, 0],
				"cubes": [
					{"origin": [-1.6, 12.8, -3.6], "size": [0.2, 0.2, 0.2], "uv": [111, 106], "mirror": true},
					{"origin": [-1.6, 13.7, -3.6], "size": [0.2, 0.2, 0.2], "uv": [111, 106], "mirror": true},
					{"origin": [-1.6, 14.6, -3.6], "size": [0.2, 0.2, 0.2], "uv": [111, 106], "mirror": true}
				]
			},
			{
				"name": "laceout",
				"parent": "chestPlateMiddle",
				"pivot": [0, 10.5, 0]
			},
			{
				"name": "lo1",
				"parent": "laceout",
				"pivot": [2.25, 15.05, -3.35],
				"rotation": [45, 0, 0],
				"cubes": [
					{"origin": [2, 14.8, -3.6], "size": [0.5, 0.5, 0.5], "uv": [75, 116]}
				]
			},
			{
				"name": "lo2",
				"parent": "laceout",
				"pivot": [2.25, 14.65, -3.35],
				"rotation": [35, 0, 0],
				"cubes": [
					{"origin": [2, 14.4, -3.6], "size": [0.5, 0.5, 0.5], "uv": [79, 116]}
				]
			},
			{
				"name": "lo3",
				"parent": "laceout",
				"pivot": [2.15, 14.25, -3.35],
				"rotation": [45, 0, 0],
				"cubes": [
					{"origin": [2, 14, -3.6], "size": [0.5, 0.5, 0.5], "uv": [20, 48]}
				]
			},
			{
				"name": "lo4",
				"parent": "laceout",
				"pivot": [2.25, 13.95, -3.35],
				"rotation": [40, 0, 0],
				"cubes": [
					{"origin": [2, 13.7, -3.6], "size": [0.5, 0.5, 0.5], "uv": [79, 116]}
				]
			},
			{
				"name": "lo5",
				"parent": "laceout",
				"pivot": [2.25, 13.55, -3.35],
				"rotation": [45, 0, 0],
				"cubes": [
					{"origin": [2, 13.3, -3.6], "size": [0.5, 0.5, 0.5], "uv": [76, 116]}
				]
			},
			{
				"name": "lo6",
				"parent": "laceout",
				"pivot": [2.25, 13.15, -3.35],
				"rotation": [45, 0, 0],
				"cubes": [
					{"origin": [2, 12.82929, -3.52929], "size": [0.5, 0.5, 0.5], "uv": [76, 116]}
				]
			},
			{
				"name": "lo7",
				"parent": "laceout",
				"pivot": [2.25, 12.95, -3.45],
				"rotation": [45, 0, 0],
				"cubes": [
					{"origin": [2, 12.55858, -3.7], "size": [0.5, 0.5, 0.5], "uv": [79, 116]}
				]
			},
			{
				"name": "laceout2",
				"parent": "chestPlateMiddle",
				"pivot": [0, 10.5, 0]
			},
			{
				"name": "lo8",
				"parent": "laceout2",
				"pivot": [-2.25, 15.05, -3.35],
				"rotation": [45, 0, 0],
				"cubes": [
					{"origin": [-2.5, 14.8, -3.6], "size": [0.5, 0.5, 0.5], "uv": [75, 116], "mirror": true}
				]
			},
			{
				"name": "lo9",
				"parent": "laceout2",
				"pivot": [-2.25, 14.65, -3.35],
				"rotation": [35, 0, 0],
				"cubes": [
					{"origin": [-2.5, 14.4, -3.6], "size": [0.5, 0.5, 0.5], "uv": [79, 116], "mirror": true}
				]
			},
			{
				"name": "lo10",
				"parent": "laceout2",
				"pivot": [-2.15, 14.25, -3.35],
				"rotation": [45, 0, 0],
				"cubes": [
					{"origin": [-2.5, 14, -3.6], "size": [0.5, 0.5, 0.5], "uv": [20, 48], "mirror": true}
				]
			},
			{
				"name": "lo11",
				"parent": "laceout2",
				"pivot": [-2.25, 13.95, -3.35],
				"rotation": [40, 0, 0],
				"cubes": [
					{"origin": [-2.5, 13.7, -3.6], "size": [0.5, 0.5, 0.5], "uv": [79, 116], "mirror": true}
				]
			},
			{
				"name": "lo12",
				"parent": "laceout2",
				"pivot": [-2.25, 13.55, -3.35],
				"rotation": [45, 0, 0],
				"cubes": [
					{"origin": [-2.5, 13.3, -3.6], "size": [0.5, 0.5, 0.5], "uv": [76, 116], "mirror": true}
				]
			},
			{
				"name": "lo13",
				"parent": "laceout2",
				"pivot": [-2.25, 13.15, -3.35],
				"rotation": [45, 0, 0],
				"cubes": [
					{"origin": [-2.5, 12.82929, -3.52929], "size": [0.5, 0.5, 0.5], "uv": [76, 116], "mirror": true}
				]
			},
			{
				"name": "lo14",
				"parent": "laceout2",
				"pivot": [-2.25, 12.95, -3.45],
				"rotation": [45, 0, 0],
				"cubes": [
					{"origin": [-2.5, 12.55858, -3.7], "size": [0.5, 0.5, 0.5], "uv": [79, 116], "mirror": true}
				]
			},
			{
				"name": "whitefour",
				"parent": "chestPlateMiddle",
				"pivot": [0.1, 10.5, 0]
			},
			{
				"name": "four",
				"parent": "whitefour",
				"pivot": [0.1, 10.5, 0]
			},
			{
				"name": "bone190",
				"parent": "four",
				"pivot": [1.2, -0.3, 0.1],
				"cubes": [
					{"origin": [1.3, 11.95, -3.55], "size": [0.3, 0.1, 0.1], "uv": [53, 125]},
					{"origin": [1.9, 11.95, -3.55], "size": [0.3, 0.1, 0.1], "uv": [53, 125]}
				]
			},
			{
				"name": "four2",
				"parent": "whitefour",
				"pivot": [0, 0, 0]
			},
			{
				"name": "bone195",
				"parent": "four2",
				"pivot": [1.75, 12, -3.5],
				"rotation": [0, 0, 90],
				"cubes": [
					{"origin": [1.3, 11.95, -3.55], "size": [0.3, 0.1, 0.1], "uv": [53, 125]},
					{"origin": [1.9, 11.95, -3.55], "size": [0.3, 0.1, 0.1], "uv": [53, 125]}
				]
			},
			{
				"name": "whitefour2",
				"parent": "chestPlateMiddle",
				"pivot": [-0.1, 10.5, 0]
			},
			{
				"name": "four3",
				"parent": "whitefour2",
				"pivot": [-0.1, 10.5, 0]
			},
			{
				"name": "bone196",
				"parent": "four3",
				"pivot": [-1.2, -0.3, 0.1],
				"cubes": [
					{"origin": [-1.6, 11.95, -3.55], "size": [0.3, 0.1, 0.1], "uv": [53, 125], "mirror": true},
					{"origin": [-2.2, 11.95, -3.55], "size": [0.3, 0.1, 0.1], "uv": [53, 125], "mirror": true}
				]
			},
			{
				"name": "four4",
				"parent": "whitefour2",
				"pivot": [0, 0, 0]
			},
			{
				"name": "bone197",
				"parent": "four4",
				"pivot": [-1.75, 12, -3.5],
				"rotation": [0, 0, -90],
				"cubes": [
					{"origin": [-1.6, 11.95, -3.55], "size": [0.3, 0.1, 0.1], "uv": [53, 125], "mirror": true},
					{"origin": [-2.2, 11.95, -3.55], "size": [0.3, 0.1, 0.1], "uv": [53, 125], "mirror": true}
				]
			},
			{
				"name": "lace_a",
				"parent": "body",
				"pivot": [0.2, 10.5, 0]
			},
			{
				"name": "lace1",
				"parent": "lace_a",
				"pivot": [1.8, 13.3, -3],
				"rotation": [45, 0, 0],
				"cubes": [
					{"origin": [1.3, 12.8, -3.5], "size": [1, 1, 1], "uv": [92, 79], "inflate": -0.8}
				]
			},
			{
				"name": "lace5",
				"parent": "lace_a",
				"pivot": [1.8, 15.6, -3],
				"rotation": [45, 0, 0],
				"cubes": [
					{"origin": [1.3, 15.02929, -3.71213], "size": [1, 1, 1], "uv": [92, 79], "inflate": -0.8}
				]
			},
			{
				"name": "lace2",
				"parent": "lace_a",
				"pivot": [1.8, 13.8, -3],
				"rotation": [40, 0, 0],
				"cubes": [
					{"origin": [1.3, 13.3, -3.5], "size": [1, 1, 1], "uv": [92, 79], "inflate": -0.8}
				]
			},
			{
				"name": "lace4",
				"parent": "lace_a",
				"pivot": [1.8, 15, -3],
				"rotation": [50, 0, 0],
				"cubes": [
					{"origin": [1.3, 14.5, -3.5], "size": [1, 1, 1], "uv": [92, 79], "inflate": -0.8}
				]
			},
			{
				"name": "lace3",
				"parent": "lace_a",
				"pivot": [1.8, 14.4, -2.9],
				"rotation": [40, 0, 0],
				"cubes": [
					{"origin": [1.3, 13.9, -3.4], "size": [1, 1, 1], "uv": [92, 79], "inflate": -0.8}
				]
			},
			{
				"name": "lace6",
				"parent": "lace_a",
				"pivot": [1.8, 12.8, -2.9],
				"rotation": [40, 0, 0],
				"cubes": [
					{"origin": [1.3, 12.3, -3.4], "size": [1, 1, 1], "uv": [92, 79], "inflate": -0.8}
				]
			},
			{
				"name": "lace7",
				"parent": "lace_a",
				"pivot": [1.8, 12.2, -2.9],
				"rotation": [50, 0, 0],
				"cubes": [
					{"origin": [1.3, 11.7, -3.4], "size": [1, 1, 1], "uv": [92, 79], "inflate": -0.8}
				]
			},
			{
				"name": "lace_b",
				"parent": "body",
				"pivot": [-0.2, 10.5, 0]
			},
			{
				"name": "lace9",
				"parent": "lace_b",
				"pivot": [-1.8, 13.3, -3],
				"rotation": [45, 0, 0],
				"cubes": [
					{"origin": [-2.3, 12.8, -3.5], "size": [1, 1, 1], "uv": [92, 79], "inflate": -0.8, "mirror": true}
				]
			},
			{
				"name": "lace10",
				"parent": "lace_b",
				"pivot": [-1.8, 15.6, -3],
				"rotation": [45, 0, 0],
				"cubes": [
					{"origin": [-2.3, 14.95858, -3.78284], "size": [1, 1, 1], "uv": [92, 79], "inflate": -0.8, "mirror": true}
				]
			},
			{
				"name": "lace11",
				"parent": "lace_b",
				"pivot": [-1.8, 13.8, -3],
				"rotation": [40, 0, 0],
				"cubes": [
					{"origin": [-2.3, 13.3, -3.5], "size": [1, 1, 1], "uv": [92, 79], "inflate": -0.8, "mirror": true}
				]
			},
			{
				"name": "lace12",
				"parent": "lace_b",
				"pivot": [-1.8, 15, -3],
				"rotation": [50, 0, 0],
				"cubes": [
					{"origin": [-2.3, 14.5, -3.5], "size": [1, 1, 1], "uv": [92, 79], "inflate": -0.8, "mirror": true}
				]
			},
			{
				"name": "lace13",
				"parent": "lace_b",
				"pivot": [-1.8, 14.4, -2.9],
				"rotation": [40, 0, 0],
				"cubes": [
					{"origin": [-2.3, 13.9, -3.4], "size": [1, 1, 1], "uv": [92, 79], "inflate": -0.8, "mirror": true}
				]
			},
			{
				"name": "lace14",
				"parent": "lace_b",
				"pivot": [-1.8, 12.8, -2.9],
				"rotation": [40, 0, 0],
				"cubes": [
					{"origin": [-2.3, 12.3, -3.4], "size": [1, 1, 1], "uv": [92, 79], "inflate": -0.8, "mirror": true}
				]
			},
			{
				"name": "lace15",
				"parent": "lace_b",
				"pivot": [-1.8, 12.2, -2.9],
				"rotation": [50, 0, 0],
				"cubes": [
					{"origin": [-2.3, 11.7, -3.4], "size": [1, 1, 1], "uv": [92, 79], "inflate": -0.8, "mirror": true}
				]
			},
			{
				"name": "breast",
				"parent": "body",
				"pivot": [0, 10.5, 0]
			},
			{
				"name": "bone180",
				"parent": "breast",
				"pivot": [0, 15.499, -2.3],
				"rotation": [8, 0, 0],
				"cubes": [
					{"origin": [-2.9, 14.999, -3.3], "size": [5.8, 2, 2], "uv": [5, 33]}
				]
			},
			{
				"name": "bone184",
				"parent": "breast",
				"pivot": [0, 15.499, -2.4],
				"rotation": [8, 0, 0],
				"cubes": [
					{"origin": [1.8, 15.799, -3.4], "size": [0.3, 1.2, 0.1], "uv": [59, 120]}
				]
			},
			{
				"name": "bone185",
				"parent": "breast",
				"pivot": [0, 15.499, -2.4],
				"rotation": [8, 0, 0],
				"cubes": [
					{"origin": [-2.1, 15.799, -3.4], "size": [0.3, 1.2, 0.1], "uv": [59, 120], "mirror": true}
				]
			},
			{
				"name": "bone181",
				"parent": "breast",
				"pivot": [0, 15.499, -2.3],
				"rotation": [65, 0, 0],
				"cubes": [
					{"origin": [-2.9, 15.15463, -1.58663], "size": [5.8, 2, 1.2], "uv": [104, 97]}
				]
			},
			{
				"name": "bone182",
				"parent": "breast",
				"pivot": [0, 15.499, -2.3],
				"rotation": [65, 0, 0],
				"cubes": [
					{"origin": [1.8, 17.14526, -1.6289], "size": [0.3, 0.1, 1.2], "uv": [58, 120]}
				]
			},
			{
				"name": "bone183",
				"parent": "breast",
				"pivot": [0, 15.499, -2.3],
				"rotation": [65, 0, 0],
				"cubes": [
					{"origin": [-2.1, 17.14526, -1.6289], "size": [0.3, 0.1, 1.2], "uv": [58, 120], "mirror": true}
				]
			},
			{
				"name": "strapbody",
				"parent": "body",
				"pivot": [0, 10.5, 0]
			},
			{
				"name": "strapB1",
				"parent": "strapbody",
				"pivot": [0, 10.5, 0]
			},
			{
				"name": "bone186",
				"parent": "strapB1",
				"pivot": [-1.95, 16.399, -3.35],
				"rotation": [-90, 0, 0],
				"cubes": [
					{"origin": [-2.1, 16.74774, -5.04154], "size": [0.3, 6, 0.1], "uv": [60, 114], "mirror": true}
				]
			},
			{
				"name": "bone187",
				"parent": "strapB1",
				"pivot": [1.95, 16.399, -3.35],
				"rotation": [-90, 0, 0],
				"cubes": [
					{"origin": [1.8, 16.74774, -5.04154], "size": [0.3, 6, 0.1], "uv": [60, 114]}
				]
			},
			{
				"name": "bone188",
				"parent": "strapB1",
				"pivot": [1.95, 16.399, -3.35],
				"cubes": [
					{"origin": [1.8, 15.99054, 2.99874], "size": [0.3, 2, 0.1], "uv": [60, 114]}
				]
			},
			{
				"name": "bone189",
				"parent": "strapB1",
				"pivot": [-1.95, 16.399, -3.35],
				"cubes": [
					{"origin": [-2.1, 15.99054, 2.99874], "size": [0.3, 2, 0.1], "uv": [60, 114], "mirror": true}
				]
			},
			{
				"name": "cross",
				"parent": "body",
				"pivot": [0, 0, 0.8]
			},
			{
				"name": "cross1",
				"parent": "cross",
				"pivot": [4.2, 11.199, -2.25],
				"rotation": [0, 0, -10],
				"cubes": [
					{"origin": [4.2, 10.499, -2.3], "size": [0.1, 1, 0.1], "uv": [42, 35]}
				]
			},
			{
				"name": "cross2",
				"parent": "cross",
				"pivot": [4.2, 11.199, -2.25],
				"rotation": [0, 0, 80],
				"cubes": [
					{"origin": [4.2, 10.999, -2.3], "size": [0.1, 0.5, 0.1], "uv": [42, 35]}
				]
			},
			{
				"name": "crosswing",
				"parent": "cross",
				"pivot": [4.5, 11.499, -2.25]
			},
			{
				"name": "cross3",
				"parent": "crosswing",
				"pivot": [4.5, 11.499, -2.25],
				"rotation": [0, 0, 50],
				"cubes": [
					{"origin": [4.5, 11.299, -2.3], "size": [0.1, 0.2, 0.1], "uv": [108, 106]}
				]
			},
			{
				"name": "cross4",
				"parent": "crosswing",
				"pivot": [4.5, 11.499, -2.25],
				"rotation": [0, 0, -47],
				"cubes": [
					{"origin": [4.5, 11.299, -2.3], "size": [0.1, 0.2, 0.1], "uv": [108, 106]}
				]
			},
			{
				"name": "cross5",
				"parent": "crosswing",
				"pivot": [4.4, 11.299, -2.25],
				"rotation": [0, 0, -116],
				"cubes": [
					{"origin": [4.4, 11.01, -2.3], "size": [0.1, 0.3, 0.1], "uv": [108, 106]}
				]
			},
			{
				"name": "crosswing2",
				"parent": "cross",
				"pivot": [4, 11.3, -2.2],
				"rotation": [0, 0, -20]
			},
			{
				"name": "cross6",
				"parent": "crosswing2",
				"pivot": [-4.4, 11.399, -2.25],
				"rotation": [0, 0, -50],
				"cubes": [
					{"origin": [0.89942, 4.76423, -2.3], "size": [0.1, 0.2, 0.1], "uv": [108, 106], "mirror": true}
				]
			},
			{
				"name": "cross7",
				"parent": "crosswing2",
				"pivot": [-4.4, 11.399, -2.25],
				"rotation": [0, 0, 47],
				"cubes": [
					{"origin": [1.22879, 17.34237, -2.3], "size": [0.1, 0.2, 0.1], "uv": [108, 106], "mirror": true}
				]
			},
			{
				"name": "cross8",
				"parent": "crosswing2",
				"pivot": [-4.3, 11.199, -2.25],
				"rotation": [0, 0, 116],
				"cubes": [
					{"origin": [-8.08232, 18.45987, -2.3], "size": [0.1, 0.3, 0.1], "uv": [108, 106], "mirror": true}
				]
			},
			{
				"name": "bag3",
				"parent": "body",
				"pivot": [4.35, 11.199, 0.05],
				"rotation": [0, 0, -10],
				"cubes": [
					{"origin": [3.5, 12.699, -2.3], "size": [1.6, 0.1, 4.7], "uv": [116, 40]}
				]
			},
			{
				"name": "bag2",
				"parent": "body",
				"pivot": [4.35, 11.199, 0.05],
				"rotation": [0, 0, -10],
				"cubes": [
					{"origin": [5, 11.399, -2.3], "size": [0.1, 1.3, 4.7], "uv": [120, 40]}
				]
			},
			{
				"name": "bag",
				"parent": "body",
				"pivot": [4.25, 11.199, 0.05],
				"rotation": [0, 0, -10],
				"cubes": [
					{"origin": [3.5, 9.699, -2.2], "size": [1.5, 3, 4.5], "uv": [118, 47]}
				]
			},
			{
				"name": "strap4",
				"parent": "body",
				"pivot": [4.14075, 9.649, 2.97191],
				"rotation": [-99, 0, -47],
				"cubes": [
					{"origin": [4.53926, 7.05365, 1.19216], "size": [1, 3, 0.1], "uv": [126, 72]}
				]
			},
			{
				"name": "strap2",
				"parent": "body",
				"pivot": [4.14075, 9.649, -2.97191],
				"rotation": [99, 0, -47],
				"cubes": [
					{"origin": [4.53926, 7.05365, -1.29216], "size": [1, 3, 0.1], "uv": [126, 72]}
				]
			},
			{
				"name": "strap3",
				"parent": "body",
				"pivot": [0.15, 14.599, 3.6],
				"rotation": [0, 0, -47],
				"cubes": [
					{"origin": [-0.35, 9.999, 3.55], "size": [1, 9.6, 0.1], "uv": [126, 72]}
				]
			},
			{
				"name": "strap",
				"parent": "body",
				"pivot": [0.15, 14.599, -3.6],
				"rotation": [0, 0, -47],
				"cubes": [
					{"origin": [-0.35, 9.999, -3.65], "size": [1, 9.6, 0.1], "uv": [126, 72]}
				]
			},
			{
				"name": "legLeft",
				"pivot": [2, 9, 0],
				"cubes": [
					{"origin": [0.499, 0, -1.5], "size": [3, 9, 3], "uv": [36, 41]},
					{"origin": [0.2, 2.3, -1.8], "size": [3.6, 0.5, 3.6], "uv": [49, 123]}
				]
			},
			{
				"name": "knot4",
				"parent": "legLeft",
				"pivot": [3.325, 1.5, 1.75]
			},
			{
				"name": "bone85",
				"parent": "knot4",
				"pivot": [3.325, 1.5, 1.75],
				"rotation": [0, 0, -25],
				"cubes": [
					{"origin": [2.82679, 1.27189, 1.5], "size": [1.25, 1, 0.5], "uv": [41, 125]}
				]
			},
			{
				"name": "bone86",
				"parent": "knot4",
				"pivot": [3.225, 0.9, 1.75],
				"rotation": [0, 0, 25],
				"cubes": [
					{"origin": [2.6, 0.6, 1.5], "size": [1, 0.8, 0.5], "uv": [41, 125]}
				]
			},
			{
				"name": "laceleft",
				"parent": "legLeft",
				"pivot": [0, 0, 0]
			},
			{
				"name": "bone234",
				"parent": "laceleft",
				"pivot": [0, 0, 0],
				"cubes": [
					{"origin": [0.5, 2.3, -2.1], "size": [0.6, 0.5, 0.3], "uv": [60, 120]},
					{"origin": [1.6, 2.3, -2], "size": [0.6, 0.5, 0.3], "uv": [60, 125]},
					{"origin": [2.8, 2.3, -2.1], "size": [0.6, 0.5, 0.3], "uv": [60, 125]}
				]
			},
			{
				"name": "bone235",
				"parent": "laceleft",
				"pivot": [0, 0, 0],
				"cubes": [
					{"origin": [0.5, 2.3, 1.8], "size": [0.6, 0.5, 0.3], "uv": [60, 120]},
					{"origin": [1.6, 2.3, 1.7], "size": [0.6, 0.5, 0.3], "uv": [60, 125]},
					{"origin": [2.8, 2.3, 1.8], "size": [0.6, 0.5, 0.3], "uv": [60, 125]}
				]
			},
			{
				"name": "bone236",
				"parent": "laceleft",
				"pivot": [2, 0, -2],
				"rotation": [0, -90, 0],
				"cubes": [
					{"origin": [2.5, 2.3, -0.2], "size": [0.6, 0.5, 0.3], "uv": [60, 120]},
					{"origin": [3.6, 2.3, -0.3], "size": [0.6, 0.5, 0.3], "uv": [60, 125]},
					{"origin": [4.8, 2.3, -0.2], "size": [0.6, 0.5, 0.3], "uv": [60, 125]}
				]
			},
			{
				"name": "bone237",
				"parent": "laceleft",
				"pivot": [1.9, 0, -2],
				"rotation": [0, 90, 0],
				"cubes": [
					{"origin": [0.8, 2.3, -0.2], "size": [0.6, 0.5, 0.3], "uv": [60, 120], "mirror": true},
					{"origin": [-0.3, 2.3, -0.3], "size": [0.6, 0.5, 0.3], "uv": [60, 125], "mirror": true},
					{"origin": [-1.5, 2.3, -0.2], "size": [0.6, 0.5, 0.3], "uv": [60, 125], "mirror": true}
				]
			},
			{
				"name": "legRight",
				"pivot": [-2, 9, 0],
				"cubes": [
					{"origin": [-3.499, 0, -1.5], "size": [3, 9, 3], "uv": [24, 41]},
					{"origin": [-3.8, 2.3, -1.8], "size": [3.6, 0.5, 3.6], "uv": [49, 123]}
				]
			},
			{
				"name": "knot3",
				"parent": "legRight",
				"pivot": [-3.325, 1.5, 1.75]
			},
			{
				"name": "bone",
				"parent": "knot3",
				"pivot": [-3.325, 1.5, 1.75],
				"rotation": [0, 0, 25],
				"cubes": [
					{"origin": [-4.07679, 1.27189, 1.5], "size": [1.25, 1, 0.5], "uv": [40, 125]}
				]
			},
			{
				"name": "bone82",
				"parent": "knot3",
				"pivot": [-3.225, 0.9, 1.75],
				"rotation": [0, 0, -25],
				"cubes": [
					{"origin": [-3.6, 0.6, 1.5], "size": [1, 0.8, 0.5], "uv": [40, 125]}
				]
			},
			{
				"name": "laceright",
				"parent": "legRight",
				"pivot": [0, 0, 0]
			},
			{
				"name": "bone238",
				"parent": "laceright",
				"pivot": [0, 0, 0],
				"cubes": [
					{"origin": [-1.1, 2.3, -2.1], "size": [0.6, 0.5, 0.3], "uv": [60, 120], "mirror": true},
					{"origin": [-2.2, 2.3, -2], "size": [0.6, 0.5, 0.3], "uv": [60, 125], "mirror": true},
					{"origin": [-3.4, 2.3, -2.1], "size": [0.6, 0.5, 0.3], "uv": [60, 125], "mirror": true}
				]
			},
			{
				"name": "bone239",
				"parent": "laceright",
				"pivot": [0, 0, 0],
				"cubes": [
					{"origin": [-1.1, 2.3, 1.8], "size": [0.6, 0.5, 0.3], "uv": [60, 120], "mirror": true},
					{"origin": [-2.2, 2.3, 1.7], "size": [0.6, 0.5, 0.3], "uv": [60, 125], "mirror": true},
					{"origin": [-3.4, 2.3, 1.8], "size": [0.6, 0.5, 0.3], "uv": [60, 125], "mirror": true}
				]
			},
			{
				"name": "bone240",
				"parent": "laceright",
				"pivot": [-2, 0, -2],
				"rotation": [0, 90, 0],
				"cubes": [
					{"origin": [-2.9, 2.3, -0.2], "size": [0.6, 0.5, 0.3], "uv": [60, 120], "mirror": true},
					{"origin": [-4.4, 2.3, -0.3], "size": [0.6, 0.5, 0.3], "uv": [60, 125], "mirror": true},
					{"origin": [-5.5, 2.3, -0.2], "size": [0.6, 0.5, 0.3], "uv": [60, 125], "mirror": true}
				]
			},
			{
				"name": "bone241",
				"parent": "laceright",
				"pivot": [-1.9, 0, -2],
				"rotation": [0, -90, 0],
				"cubes": [
					{"origin": [-1.4, 2.3, -0.2], "size": [0.6, 0.5, 0.3], "uv": [60, 120]},
					{"origin": [-0.3, 2.3, -0.3], "size": [0.6, 0.5, 0.3], "uv": [60, 125]},
					{"origin": [0.9, 2.3, -0.2], "size": [0.6, 0.5, 0.3], "uv": [60, 125]}
				]
			},
			{
				"name": "wing",
				"pivot": [0.5, 14.1, 3.45]
			},
			{
				"name": "wingLeft",
				"parent": "wing",
				"pivot": [0.5, 14.1, 3.45],
				"rotation": [0, 60, 0],
				"cubes": [
					{"origin": [0.4, 9.1, 3.9], "size": [0.1, 7, 13], "uv": [75, 89]}
				]
			},
			{
				"name": "wingRight",
				"parent": "wing",
				"pivot": [-0.5, 14.1, 3.95],
				"rotation": [0, -60, 0],
				"cubes": [
					{"origin": [-0.75981, 9.1, 3.75], "size": [0.1, 7, 13], "uv": [75, 77]}
				]
			},
			{
				"name": "tail",
				"pivot": [0, 8, 4],
				"rotation": [20, 0, 0],
				"cubes": [
					{"origin": [0, 7, 4], "size": [1, 1, 2], "uv": [84, 113]}
				]
			},
			{
				"name": "tailEX2",
				"parent": "tail",
				"pivot": [-0.05, 14.33557, 11.57857],
				"rotation": [-10, 0, 30]
			},
			{
				"name": "tex1",
				"parent": "tailEX2",
				"pivot": [0.7, 13.08557, 10.82857],
				"rotation": [0, 0, 5],
				"cubes": [
					{"origin": [-0.46396, 12.47237, 11.34594], "size": [0.5, 3, 0.5], "uv": [111, 105]}
				]
			},
			{
				"name": "tex3",
				"parent": "tailEX2",
				"pivot": [0.7, 13.08557, 10.82857],
				"rotation": [0, 0, 5],
				"cubes": [
					{"origin": [-0.40949, 12.73843, 11.53899], "size": [1.4, 2.3, 0.1], "uv": [111, 105]}
				]
			},
			{
				"name": "tex2",
				"parent": "tailEX2",
				"pivot": [1.82507, 13.66304, 10.80462],
				"rotation": [0, 0, -65],
				"cubes": [
					{"origin": [2.32507, 13.16304, 11.30462], "size": [0.5, 3, 0.5], "uv": [111, 105], "mirror": true}
				]
			},
			{
				"name": "tex4",
				"parent": "tailEX2",
				"pivot": [1.87637, 13.62449, 11.09768],
				"rotation": [0, 0, -65],
				"cubes": [
					{"origin": [1.47637, 13.42449, 11.49768], "size": [1.4, 2.3, 0.1], "uv": [111, 105], "mirror": true}
				]
			},
			{
				"name": "tailEX",
				"parent": "tail",
				"pivot": [0.5, 8.4, 6.5]
			},
			{
				"name": "t1",
				"parent": "tailEX",
				"pivot": [0.5, 8.4, 6.5],
				"rotation": [22, 0, 0],
				"cubes": [
					{"origin": [0, 7.21643, 5.88657], "size": [1, 1, 2], "uv": [88, 120]}
				]
			},
			{
				"name": "t2",
				"parent": "tailEX",
				"pivot": [0.5, 8.20585, 5.75115],
				"rotation": [16, 0, 0],
				"cubes": [
					{"origin": [0, 6.99331, 5.45415], "size": [1, 1, 1], "uv": [90, 119]}
				]
			},
			{
				"name": "t3",
				"parent": "tailEX",
				"pivot": [0.6, 9.2, 8],
				"rotation": [40, 0, 0],
				"cubes": [
					{"origin": [0, 7.94829, 7.59868], "size": [1, 1, 2], "uv": [96, 120]}
				]
			},
			{
				"name": "t4",
				"parent": "tailEX",
				"pivot": [0.5, 8.29925, 8.71228],
				"rotation": [36, 0, 0],
				"cubes": [
					{"origin": [0, 8.19725, 8.04078], "size": [1, 1, 1], "uv": [98, 121]}
				]
			},
			{
				"name": "t5",
				"parent": "tailEX",
				"pivot": [1.3, 10.4, 9.1],
				"rotation": [60, 0, 0],
				"cubes": [
					{"origin": [0, 8.96932, 8.92695], "size": [1, 1, 2], "uv": [105, 113]}
				]
			},
			{
				"name": "t6",
				"parent": "tailEX",
				"pivot": [0.5, 9.8893, 9.00623],
				"rotation": [56, 0, 0],
				"cubes": [
					{"origin": [0, 8.69279, 9.0012], "size": [1, 1, 1], "uv": [106, 114]}
				]
			},
			{
				"name": "t7",
				"parent": "tailEX",
				"pivot": [2.2, 11.7, 9.7],
				"rotation": [75, 0, 0],
				"cubes": [
					{"origin": [0, 10.05423, 9.94223], "size": [1, 1, 2], "uv": [108, 104]}
				]
			},
			{
				"name": "t8",
				"parent": "tailEX",
				"pivot": [0.5, 11.61609, 8.91396],
				"rotation": [72, 0, 0],
				"cubes": [
					{"origin": [0, 9.2841, 9.30444], "size": [1, 1, 1], "uv": [106, 114]}
				]
			},
			{
				"name": "inskirt",
				"pivot": [0, 3.1, 0]
			},
			{
				"name": "bone2",
				"parent": "inskirt",
				"pivot": [0, 3.1, 0]
			},
			{
				"name": "bone3",
				"parent": "bone2",
				"pivot": [0, 3.1, 5.27792],
				"rotation": [20, 0, 0]
			},
			{
				"name": "bone4",
				"parent": "bone3",
				"pivot": [0, 3.1, 5.27792],
				"rotation": [0, -45, 0],
				"cubes": [
					{"origin": [-1.21766, 6.15428, 4.06026], "size": [2, 4.3, 2], "uv": [120, 100]}
				]
			},
			{
				"name": "bone5",
				"parent": "inskirt",
				"pivot": [0, 3.1, 0],
				"rotation": [0, -30, 0]
			},
			{
				"name": "bone6",
				"parent": "bone5",
				"pivot": [0, 3.1, 5.27792],
				"rotation": [20, 0, 0]
			},
			{
				"name": "bone7",
				"parent": "bone6",
				"pivot": [0, 3.1, 5.27792],
				"rotation": [0, -45, 0],
				"cubes": [
					{"origin": [-1.21766, 6.15428, 4.06026], "size": [2, 4.3, 2], "uv": [120, 100]}
				]
			},
			{
				"name": "bone8",
				"parent": "inskirt",
				"pivot": [0, 3.1, 0],
				"rotation": [0, -60, 0]
			},
			{
				"name": "bone9",
				"parent": "bone8",
				"pivot": [0, 3.1, 5.27792],
				"rotation": [20, 0, 0]
			},
			{
				"name": "bone10",
				"parent": "bone9",
				"pivot": [0, 3.1, 5.27792],
				"rotation": [0, -45, 0],
				"cubes": [
					{"origin": [-1.21766, 6.15428, 4.06026], "size": [2, 4.3, 2], "uv": [120, 100]}
				]
			},
			{
				"name": "bone11",
				"parent": "inskirt",
				"pivot": [0, 3.1, 0],
				"rotation": [0, -90, 0]
			},
			{
				"name": "bone12",
				"parent": "bone11",
				"pivot": [0, 3.1, 5.27792],
				"rotation": [20, 0, 0]
			},
			{
				"name": "bone13",
				"parent": "bone12",
				"pivot": [0, 3.1, 5.27792],
				"rotation": [0, -45, 0],
				"cubes": [
					{"origin": [-1.21766, 6.15428, 4.06026], "size": [2, 4.3, 2], "uv": [120, 100]}
				]
			},
			{
				"name": "bone14",
				"parent": "inskirt",
				"pivot": [0, 3.1, 0],
				"rotation": [0, -120, 0]
			},
			{
				"name": "bone15",
				"parent": "bone14",
				"pivot": [0, 3.1, 5.27792],
				"rotation": [20, 0, 0]
			},
			{
				"name": "bone16",
				"parent": "bone15",
				"pivot": [0, 3.1, 5.27792],
				"rotation": [0, -45, 0],
				"cubes": [
					{"origin": [-1.21766, 6.15428, 4.06026], "size": [2, 4.3, 2], "uv": [120, 100]}
				]
			},
			{
				"name": "bone17",
				"parent": "inskirt",
				"pivot": [0, 3.1, 0],
				"rotation": [0, -150, 0]
			},
			{
				"name": "bone18",
				"parent": "bone17",
				"pivot": [0, 3.1, 5.27792],
				"rotation": [20, 0, 0]
			},
			{
				"name": "bone19",
				"parent": "bone18",
				"pivot": [0, 3.1, 5.27792],
				"rotation": [0, -45, 0],
				"cubes": [
					{"origin": [-1.21766, 6.15428, 4.06026], "size": [2, 4.3, 2], "uv": [120, 100]}
				]
			},
			{
				"name": "bone20",
				"parent": "inskirt",
				"pivot": [0, 3.1, 0],
				"rotation": [0, -180, 0]
			},
			{
				"name": "bone21",
				"parent": "bone20",
				"pivot": [0, 3.1, 5.27792],
				"rotation": [20, 0, 0]
			},
			{
				"name": "bone22",
				"parent": "bone21",
				"pivot": [0, 3.1, 5.27792],
				"rotation": [0, -45, 0],
				"cubes": [
					{"origin": [-1.21766, 6.15428, 4.06026], "size": [2, 4.3, 2], "uv": [120, 100]}
				]
			},
			{
				"name": "bone23",
				"parent": "inskirt",
				"pivot": [0, 3.1, 0],
				"rotation": [0, -210, 0]
			},
			{
				"name": "bone24",
				"parent": "bone23",
				"pivot": [0, 3.1, 5.27792],
				"rotation": [20, 0, 0]
			},
			{
				"name": "bone25",
				"parent": "bone24",
				"pivot": [0, 3.1, 5.27792],
				"rotation": [0, -45, 0],
				"cubes": [
					{"origin": [-1.21766, 6.15428, 4.06026], "size": [2, 4.3, 2], "uv": [120, 100]}
				]
			},
			{
				"name": "bone26",
				"parent": "inskirt",
				"pivot": [0, 3.1, 0],
				"rotation": [0, -240, 0]
			},
			{
				"name": "bone27",
				"parent": "bone26",
				"pivot": [0, 3.1, 5.27792],
				"rotation": [20, 0, 0]
			},
			{
				"name": "bone28",
				"parent": "bone27",
				"pivot": [0, 3.1, 5.27792],
				"rotation": [0, -45, 0],
				"cubes": [
					{"origin": [-1.21766, 6.15428, 4.06026], "size": [2, 4.3, 2], "uv": [120, 100]}
				]
			},
			{
				"name": "bone29",
				"parent": "inskirt",
				"pivot": [0, 3.1, 0],
				"rotation": [0, -270, 0]
			},
			{
				"name": "bone30",
				"parent": "bone29",
				"pivot": [0, 3.1, 5.27792],
				"rotation": [20, 0, 0]
			},
			{
				"name": "bone31",
				"parent": "bone30",
				"pivot": [0, 3.1, 5.27792],
				"rotation": [0, -45, 0],
				"cubes": [
					{"origin": [-1.21766, 6.15428, 4.06026], "size": [2, 4.3, 2], "uv": [120, 100]}
				]
			},
			{
				"name": "bone32",
				"parent": "inskirt",
				"pivot": [0, 3.1, 0],
				"rotation": [0, -300, 0]
			},
			{
				"name": "bone33",
				"parent": "bone32",
				"pivot": [0, 3.1, 5.27792],
				"rotation": [20, 0, 0]
			},
			{
				"name": "bone34",
				"parent": "bone33",
				"pivot": [0, 3.1, 5.27792],
				"rotation": [0, -45, 0],
				"cubes": [
					{"origin": [-1.21766, 6.15428, 4.06026], "size": [2, 4.3, 2], "uv": [120, 100]}
				]
			},
			{
				"name": "bone35",
				"parent": "inskirt",
				"pivot": [0, 3.1, 0],
				"rotation": [0, -330, 0]
			},
			{
				"name": "bone36",
				"parent": "bone35",
				"pivot": [0, 3.1, 5.27792],
				"rotation": [20, 0, 0]
			},
			{
				"name": "bone37",
				"parent": "bone36",
				"pivot": [0, 3.1, 5.27792],
				"rotation": [0, -45, 0],
				"cubes": [
					{"origin": [-1.21766, 6.15428, 4.06026], "size": [2, 4.3, 2], "uv": [120, 100]}
				]
			},
			{
				"name": "inskirt2",
				"parent": "inskirt",
				"pivot": [0, 2.5, 0],
				"rotation": [0, 45, 0]
			},
			{
				"name": "bone198",
				"parent": "inskirt2",
				"pivot": [0, 2.5, 0]
			},
			{
				"name": "bone199",
				"parent": "bone198",
				"pivot": [0, 2.5, 5.27792],
				"rotation": [20, 0, 0]
			},
			{
				"name": "bone200",
				"parent": "bone199",
				"pivot": [0, 2.5, 5.27792],
				"rotation": [0, -45, 0],
				"cubes": [
					{"origin": [-1.21766, 4.95428, 4.06026], "size": [2, 4.9, 2], "uv": [120, 100]}
				]
			},
			{
				"name": "bone201",
				"parent": "inskirt2",
				"pivot": [0, 2.5, 0],
				"rotation": [0, -30, 0]
			},
			{
				"name": "bone202",
				"parent": "bone201",
				"pivot": [0, 2.5, 5.27792],
				"rotation": [20, 0, 0]
			},
			{
				"name": "bone203",
				"parent": "bone202",
				"pivot": [0, 2.5, 5.27792],
				"rotation": [0, -45, 0],
				"cubes": [
					{"origin": [-1.21766, 4.95428, 4.06026], "size": [2, 4.9, 2], "uv": [120, 100]}
				]
			},
			{
				"name": "bone204",
				"parent": "inskirt2",
				"pivot": [0, 2.5, 0],
				"rotation": [0, -60, 0]
			},
			{
				"name": "bone205",
				"parent": "bone204",
				"pivot": [0, 2.5, 5.27792],
				"rotation": [20, 0, 0]
			},
			{
				"name": "bone206",
				"parent": "bone205",
				"pivot": [0, 2.5, 5.27792],
				"rotation": [0, -45, 0],
				"cubes": [
					{"origin": [-1.21766, 4.95428, 4.06026], "size": [2, 4.9, 2], "uv": [120, 100]}
				]
			},
			{
				"name": "bone207",
				"parent": "inskirt2",
				"pivot": [0, 2.5, 0],
				"rotation": [0, -90, 0]
			},
			{
				"name": "bone208",
				"parent": "bone207",
				"pivot": [0, 2.5, 5.27792],
				"rotation": [20, 0, 0]
			},
			{
				"name": "bone209",
				"parent": "bone208",
				"pivot": [0, 2.5, 5.27792],
				"rotation": [0, -45, 0],
				"cubes": [
					{"origin": [-1.21766, 4.95428, 4.06026], "size": [2, 4.9, 2], "uv": [120, 100]}
				]
			},
			{
				"name": "bone210",
				"parent": "inskirt2",
				"pivot": [0, 2.5, 0],
				"rotation": [0, -120, 0]
			},
			{
				"name": "bone211",
				"parent": "bone210",
				"pivot": [0, 2.5, 5.27792],
				"rotation": [20, 0, 0]
			},
			{
				"name": "bone212",
				"parent": "bone211",
				"pivot": [0, 2.5, 5.27792],
				"rotation": [0, -45, 0],
				"cubes": [
					{"origin": [-1.21766, 4.95428, 4.06026], "size": [2, 4.9, 2], "uv": [120, 100]}
				]
			},
			{
				"name": "bone213",
				"parent": "inskirt2",
				"pivot": [0, 2.5, 0],
				"rotation": [0, -150, 0]
			},
			{
				"name": "bone214",
				"parent": "bone213",
				"pivot": [0, 2.5, 5.27792],
				"rotation": [20, 0, 0]
			},
			{
				"name": "bone215",
				"parent": "bone214",
				"pivot": [0, 2.5, 5.27792],
				"rotation": [0, -45, 0],
				"cubes": [
					{"origin": [-1.21766, 4.95428, 4.06026], "size": [2, 4.9, 2], "uv": [120, 100]}
				]
			},
			{
				"name": "bone216",
				"parent": "inskirt2",
				"pivot": [0, 2.5, 0],
				"rotation": [0, -180, 0]
			},
			{
				"name": "bone217",
				"parent": "bone216",
				"pivot": [0, 2.5, 5.27792],
				"rotation": [20, 0, 0]
			},
			{
				"name": "bone218",
				"parent": "bone217",
				"pivot": [0, 2.5, 5.27792],
				"rotation": [0, -45, 0],
				"cubes": [
					{"origin": [-1.21766, 4.95428, 4.06026], "size": [2, 4.9, 2], "uv": [120, 100]}
				]
			},
			{
				"name": "bone219",
				"parent": "inskirt2",
				"pivot": [0, 2.5, 0],
				"rotation": [0, -210, 0]
			},
			{
				"name": "bone220",
				"parent": "bone219",
				"pivot": [0, 2.5, 5.27792],
				"rotation": [20, 0, 0]
			},
			{
				"name": "bone221",
				"parent": "bone220",
				"pivot": [0, 2.5, 5.27792],
				"rotation": [0, -45, 0],
				"cubes": [
					{"origin": [-1.21766, 4.95428, 4.06026], "size": [2, 4.9, 2], "uv": [120, 100]}
				]
			},
			{
				"name": "bone222",
				"parent": "inskirt2",
				"pivot": [0, 2.5, 0],
				"rotation": [0, -240, 0]
			},
			{
				"name": "bone223",
				"parent": "bone222",
				"pivot": [0, 2.5, 5.27792],
				"rotation": [20, 0, 0]
			},
			{
				"name": "bone224",
				"parent": "bone223",
				"pivot": [0, 2.5, 5.27792],
				"rotation": [0, -45, 0],
				"cubes": [
					{"origin": [-1.21766, 4.95428, 4.06026], "size": [2, 4.9, 2], "uv": [120, 100]}
				]
			},
			{
				"name": "bone225",
				"parent": "inskirt2",
				"pivot": [0, 2.5, 0],
				"rotation": [0, -270, 0]
			},
			{
				"name": "bone226",
				"parent": "bone225",
				"pivot": [0, 2.5, 5.27792],
				"rotation": [20, 0, 0]
			},
			{
				"name": "bone227",
				"parent": "bone226",
				"pivot": [0, 2.5, 5.27792],
				"rotation": [0, -45, 0],
				"cubes": [
					{"origin": [-1.21766, 4.95428, 4.06026], "size": [2, 4.9, 2], "uv": [120, 100]}
				]
			},
			{
				"name": "bone228",
				"parent": "inskirt2",
				"pivot": [0, 2.5, 0],
				"rotation": [0, -300, 0]
			},
			{
				"name": "bone229",
				"parent": "bone228",
				"pivot": [0, 2.5, 5.27792],
				"rotation": [20, 0, 0]
			},
			{
				"name": "bone230",
				"parent": "bone229",
				"pivot": [0, 2.5, 5.27792],
				"rotation": [0, -45, 0],
				"cubes": [
					{"origin": [-1.21766, 4.95428, 4.06026], "size": [2, 4.9, 2], "uv": [120, 100]}
				]
			},
			{
				"name": "bone231",
				"parent": "inskirt2",
				"pivot": [0, 2.5, 0],
				"rotation": [0, -330, 0]
			},
			{
				"name": "bone232",
				"parent": "bone231",
				"pivot": [0, 2.5, 5.27792],
				"rotation": [20, 0, 0]
			},
			{
				"name": "bone233",
				"parent": "bone232",
				"pivot": [0, 2.5, 5.27792],
				"rotation": [0, -45, 0],
				"cubes": [
					{"origin": [-1.21766, 4.95428, 4.06026], "size": [2, 4.9, 2], "uv": [120, 100]}
				]
			},
			{
				"name": "outskirt",
				"pivot": [0, 4.3, 0]
			},
			{
				"name": "bone38",
				"parent": "outskirt",
				"pivot": [0, 4.3, 0]
			},
			{
				"name": "bone39",
				"parent": "bone38",
				"pivot": [0, 4.3, 2.48337],
				"rotation": [18, 0, 0],
				"cubes": [
					{"origin": [-0.9, 1.54263, 5.89539], "size": [1.9, 9, 0.1], "uv": [30, 64]}
				]
			},
			{
				"name": "bone40",
				"parent": "bone39",
				"pivot": [-0.5, 4.04263, 2.48337],
				"rotation": [0, 0, 7.39351],
				"cubes": [
					{"origin": [-2.5, 1.54263, 5.89439], "size": [2, 9, 0.1], "uv": [62, 12]}
				]
			},
			{
				"name": "bone41",
				"parent": "bone39",
				"pivot": [0.5, 4.04263, 2.48337],
				"rotation": [0, 0, -7.39351],
				"cubes": [
					{"origin": [0.5, 1.54263, 5.89639], "size": [2, 9, 0.1], "uv": [61, 62]}
				]
			},
			{
				"name": "bone42",
				"parent": "outskirt",
				"pivot": [0, 4.3, 0],
				"rotation": [0, -45, 0]
			},
			{
				"name": "bone43",
				"parent": "bone42",
				"pivot": [0, 4.3, 2.48337],
				"rotation": [18, 0, 0],
				"cubes": [
					{"origin": [-0.9, 1.54263, 5.89539], "size": [1.9, 9, 0.1], "uv": [28, 64]}
				]
			},
			{
				"name": "bone44",
				"parent": "bone43",
				"pivot": [-0.5, 4.04263, 2.48337],
				"rotation": [0, 0, 7.39351],
				"cubes": [
					{"origin": [-2.5, 1.54263, 5.89439], "size": [2, 9, 0.1], "uv": [57, 62]}
				]
			},
			{
				"name": "bone45",
				"parent": "bone43",
				"pivot": [0.5, 4.04263, 2.48337],
				"rotation": [0, 0, -7.39351],
				"cubes": [
					{"origin": [0.5, 1.54263, 5.89639], "size": [2, 9, 0.1], "uv": [53, 62]}
				]
			},
			{
				"name": "bone46",
				"parent": "outskirt",
				"pivot": [0, 4.3, 0],
				"rotation": [0, -90, 0]
			},
			{
				"name": "bone47",
				"parent": "bone46",
				"pivot": [0, 4.3, 2.48337],
				"rotation": [18, 0, 0],
				"cubes": [
					{"origin": [-0.9, 1.54263, 5.89539], "size": [1.9, 9, 0.1], "uv": [26, 64]}
				]
			},
			{
				"name": "bone48",
				"parent": "bone47",
				"pivot": [-0.5, 4.04263, 2.48337],
				"rotation": [0, 0, 7.39351],
				"cubes": [
					{"origin": [-2.5, 1.54263, 5.89439], "size": [2, 9, 0.1], "uv": [44, 62]}
				]
			},
			{
				"name": "bone61",
				"parent": "bone47",
				"pivot": [0.5, 4.04263, 2.48337],
				"rotation": [0, 0, -7.39351],
				"cubes": [
					{"origin": [0.5, 1.54263, 5.89639], "size": [2, 9, 0.1], "uv": [40, 62]}
				]
			},
			{
				"name": "bone62",
				"parent": "outskirt",
				"pivot": [0, 4.3, 0],
				"rotation": [0, -135, 0]
			},
			{
				"name": "bone63",
				"parent": "bone62",
				"pivot": [0, 4.3, 2.48337],
				"rotation": [18, 0, 0],
				"cubes": [
					{"origin": [-0.9, 1.54263, 5.89539], "size": [1.9, 9, 0.1], "uv": [24, 64]}
				]
			},
			{
				"name": "bone64",
				"parent": "bone63",
				"pivot": [-0.5, 4.04263, 2.48337],
				"rotation": [0, 0, 7.39351],
				"cubes": [
					{"origin": [-2.5, 1.54263, 5.89439], "size": [2, 9, 0.1], "uv": [12, 62]}
				]
			},
			{
				"name": "bone65",
				"parent": "bone63",
				"pivot": [0.5, 4.04263, 2.48337],
				"rotation": [0, 0, -7.39351],
				"cubes": [
					{"origin": [0.5, 1.54263, 5.89639], "size": [2, 9, 0.1], "uv": [8, 62]}
				]
			},
			{
				"name": "bone66",
				"parent": "outskirt",
				"pivot": [0, 4.3, 0],
				"rotation": [0, -180, 0]
			},
			{
				"name": "bone67",
				"parent": "bone66",
				"pivot": [0, 4.3, 2.48337],
				"rotation": [18, 0, 0],
				"cubes": [
					{"origin": [-0.9, 1.54263, 5.89539], "size": [1.9, 9, 0.1], "uv": [22, 64]}
				]
			},
			{
				"name": "bone68",
				"parent": "bone67",
				"pivot": [-0.5, 4.04263, 2.48337],
				"rotation": [0, 0, 7.39351],
				"cubes": [
					{"origin": [-2.5, 1.54263, 5.89439], "size": [2, 9, 0.1], "uv": [4, 62]},
					{"origin": [-2.49899, 1.59607, 5.79928], "size": [1.4, 8.9, 0.1], "uv": [62, 90]}
				]
			},
			{
				"name": "bone69",
				"parent": "bone67",
				"pivot": [0.5, 4.04263, 2.48337],
				"rotation": [0, 0, -7.39351],
				"cubes": [
					{"origin": [0.5, 1.54263, 5.89639], "size": [2, 9, 0.1], "uv": [0, 62]},
					{"origin": [1.09899, 1.59607, 5.79928], "size": [1.3, 8.9, 0.1], "uv": [62, 90], "mirror": true}
				]
			},
			{
				"name": "bone70",
				"parent": "outskirt",
				"pivot": [0, 4.3, 0],
				"rotation": [0, -225, 0]
			},
			{
				"name": "bone71",
				"parent": "bone70",
				"pivot": [0, 4.3, 2.48337],
				"rotation": [18, 0, 0],
				"cubes": [
					{"origin": [-0.9, 1.54263, 5.89539], "size": [1.9, 9, 0.1], "uv": [20, 64]}
				]
			},
			{
				"name": "bone72",
				"parent": "bone71",
				"pivot": [-0.5, 4.04263, 2.48337],
				"rotation": [0, 0, 7.39351],
				"cubes": [
					{"origin": [-2.5, 1.54263, 5.89439], "size": [2, 9, 0.1], "uv": [60, 36]}
				]
			},
			{
				"name": "bone73",
				"parent": "bone71",
				"pivot": [0.5, 4.04263, 2.48337],
				"rotation": [0, 0, -7.39351],
				"cubes": [
					{"origin": [0.5, 1.54263, 5.89639], "size": [2, 9, 0.1], "uv": [60, 21]}
				]
			},
			{
				"name": "bone74",
				"parent": "outskirt",
				"pivot": [0, 4.3, 0],
				"rotation": [0, -270, 0]
			},
			{
				"name": "bone75",
				"parent": "bone74",
				"pivot": [0, 4.3, 2.48337],
				"rotation": [18, 0, 0],
				"cubes": [
					{"origin": [-0.9, 1.54263, 5.89539], "size": [1.9, 9, 0.1], "uv": [18, 64]}
				]
			},
			{
				"name": "bone76",
				"parent": "bone75",
				"pivot": [-0.5, 4.04263, 2.48337],
				"rotation": [0, 0, 7.39351],
				"cubes": [
					{"origin": [-2.5, 1.54263, 5.89439], "size": [2, 9, 0.1], "uv": [36, 59]}
				]
			},
			{
				"name": "bone77",
				"parent": "bone75",
				"pivot": [0.5, 4.04263, 2.48337],
				"rotation": [0, 0, -7.39351],
				"cubes": [
					{"origin": [0.5, 1.54263, 5.89639], "size": [2, 9, 0.1], "uv": [32, 59]}
				]
			},
			{
				"name": "bone78",
				"parent": "outskirt",
				"pivot": [0, 4.3, 0],
				"rotation": [0, -315, 0]
			},
			{
				"name": "bone79",
				"parent": "bone78",
				"pivot": [0, 4.3, 2.48337],
				"rotation": [18, 0, 0],
				"cubes": [
					{"origin": [-0.9, 1.54263, 5.89539], "size": [1.9, 9, 0.1], "uv": [16, 64]}
				]
			},
			{
				"name": "bone80",
				"parent": "bone79",
				"pivot": [-0.5, 4.04263, 2.48337],
				"rotation": [0, 0, 7.39351],
				"cubes": [
					{"origin": [-2.5, 1.54263, 5.89439], "size": [2, 9, 0.1], "uv": [58, 12]}
				]
			},
			{
				"name": "bone81",
				"parent": "bone79",
				"pivot": [0.5, 4.04263, 2.48337],
				"rotation": [0, 0, -7.39351],
				"cubes": [
					{"origin": [0.5, 1.54263, 5.89639], "size": [2, 9, 0.1], "uv": [49, 58]}
				]
			},
			{
				"name": "knotx6",
				"parent": "outskirt",
				"pivot": [3.7, 4.6, -5.8]
			},
			{
				"name": "skirtknot_all_1",
				"parent": "knotx6",
				"pivot": [3.7, 4.6, -5.8],
				"rotation": [-15, -50, -15]
			},
			{
				"name": "skirtknot1_2",
				"parent": "skirtknot_all_1",
				"pivot": [3.7, 4.5, -5.8],
				"rotation": [0, 10, 0]
			},
			{
				"name": "skirtknot1",
				"parent": "skirtknot1_2",
				"pivot": [4, 4.8, -5.6],
				"rotation": [0, 0, -15],
				"cubes": [
					{"origin": [6.61824, 3.21471, -4.93695], "size": [0.5, 0.3, 0.2], "uv": [66, 126]}
				]
			},
			{
				"name": "skirtknot2",
				"parent": "skirtknot1_2",
				"pivot": [4, 4.8, -5.6],
				"rotation": [0, 0, 15],
				"cubes": [
					{"origin": [6.99312, 4.68622, -4.93695], "size": [0.5, 0.3, 0.2], "uv": [66, 126]}
				]
			},
			{
				"name": "skirtknot3_4",
				"parent": "skirtknot_all_1",
				"pivot": [-6.5, 4.5, -5.8],
				"rotation": [0, -10, 0]
			},
			{
				"name": "skirtknot3",
				"parent": "skirtknot3_4",
				"pivot": [-6.8, 4.8, -5.6],
				"rotation": [0, 0, 15],
				"cubes": [
					{"origin": [5.99337, 7.47821, -7.84157], "size": [0.5, 0.3, 0.2], "uv": [66, 126], "mirror": true}
				]
			},
			{
				"name": "skirtknot4",
				"parent": "skirtknot3_4",
				"pivot": [-6.8, 4.8, -5.6],
				"rotation": [0, 0, -15],
				"cubes": [
					{"origin": [5.61849, 0.42271, -7.84157], "size": [0.5, 0.3, 0.2], "uv": [66, 126], "mirror": true}
				]
			},
			{
				"name": "sk5",
				"parent": "skirtknot_all_1",
				"pivot": [3.7, 4.65, -5.7],
				"cubes": [
					{"origin": [6.87894, 3.91721, -5.50181], "size": [0.2, 0.3, 0.2], "uv": [66, 126]}
				]
			},
			{
				"name": "sk6",
				"parent": "skirtknot_all_1",
				"pivot": [-1.4, 0.5, -0.8]
			},
			{
				"name": "skirtknot5",
				"parent": "sk6",
				"pivot": [3.92321, 4.37679, -5.7],
				"rotation": [0, 0, 70],
				"cubes": [
					{"origin": [5.34231, 7.10866, -5.50181], "size": [0.5, 0.3, 0.2], "uv": [66, 126]}
				]
			},
			{
				"name": "skirtknot6",
				"parent": "sk6",
				"pivot": [3.47679, 4.37679, -5.7],
				"rotation": [0, 0, -70],
				"cubes": [
					{"origin": [3.80061, 0.94627, -5.50181], "size": [0.5, 0.3, 0.2], "uv": [66, 126], "mirror": true}
				]
			},
			{
				"name": "skirtknot_all_3",
				"parent": "knotx6",
				"pivot": [-3.7, 4.6, -5.8],
				"rotation": [-15, 50, 15]
			},
			{
				"name": "skirtknot1_4",
				"parent": "skirtknot_all_3",
				"pivot": [-3.7, 4.5, -5.8],
				"rotation": [0, -10, 0]
			},
			{
				"name": "skirtknot13",
				"parent": "skirtknot1_4",
				"pivot": [-4, 4.8, -5.6],
				"rotation": [0, 0, 15],
				"cubes": [
					{"origin": [-7.11824, 3.21471, -4.93695], "size": [0.5, 0.3, 0.2], "uv": [66, 126], "mirror": true}
				]
			},
			{
				"name": "skirtknot14",
				"parent": "skirtknot1_4",
				"pivot": [-4, 4.8, -5.6],
				"rotation": [0, 0, -15],
				"cubes": [
					{"origin": [-7.49312, 4.68622, -4.93695], "size": [0.5, 0.3, 0.2], "uv": [66, 126], "mirror": true}
				]
			},
			{
				"name": "skirtknot3_3",
				"parent": "skirtknot_all_3",
				"pivot": [6.5, 4.5, -5.8],
				"rotation": [0, 10, 0]
			},
			{
				"name": "skirtknot15",
				"parent": "skirtknot3_3",
				"pivot": [6.8, 4.8, -5.6],
				"rotation": [0, 0, -15],
				"cubes": [
					{"origin": [-6.49337, 7.47821, -7.84157], "size": [0.5, 0.3, 0.2], "uv": [66, 126]}
				]
			},
			{
				"name": "skirtknot16",
				"parent": "skirtknot3_3",
				"pivot": [6.8, 4.8, -5.6],
				"rotation": [0, 0, 15],
				"cubes": [
					{"origin": [-6.11849, 0.42271, -7.84157], "size": [0.5, 0.3, 0.2], "uv": [66, 126]}
				]
			},
			{
				"name": "sk4",
				"parent": "skirtknot_all_3",
				"pivot": [-3.7, 4.65, -5.7],
				"cubes": [
					{"origin": [-7.07894, 3.91721, -5.50181], "size": [0.2, 0.3, 0.2], "uv": [66, 126], "mirror": true}
				]
			},
			{
				"name": "sk7",
				"parent": "skirtknot_all_3",
				"pivot": [1.4, 0.5, -0.8]
			},
			{
				"name": "skirtknot17",
				"parent": "sk7",
				"pivot": [-3.92321, 4.37679, -5.7],
				"rotation": [0, 0, -70],
				"cubes": [
					{"origin": [-5.84231, 7.10866, -5.50181], "size": [0.5, 0.3, 0.2], "uv": [66, 126], "mirror": true}
				]
			},
			{
				"name": "skirtknot18",
				"parent": "sk7",
				"pivot": [-3.47679, 4.37679, -5.7],
				"rotation": [0, 0, 70],
				"cubes": [
					{"origin": [-4.30061, 0.94627, -5.50181], "size": [0.5, 0.3, 0.2], "uv": [66, 126]}
				]
			},
			{
				"name": "skirtknot_all_2",
				"parent": "knotx6",
				"pivot": [2.1, 4, -6.6],
				"rotation": [-23, 0, -10]
			},
			{
				"name": "skirtknot1_3",
				"parent": "skirtknot_all_2",
				"pivot": [2.1, 4.1, -6.5],
				"rotation": [0, 10, 0]
			},
			{
				"name": "skirtknot7",
				"parent": "skirtknot1_3",
				"pivot": [2.4, 4.4, -6.3],
				"rotation": [0, 0, -15],
				"cubes": [
					{"origin": [2.19287, 4.36282, -6.56976], "size": [0.5, 0.3, 0.2], "uv": [66, 126]}
				]
			},
			{
				"name": "skirtknot8",
				"parent": "skirtknot1_3",
				"pivot": [2.4, 4.4, -6.3],
				"rotation": [0, 0, 15],
				"cubes": [
					{"origin": [2.17223, 4.21423, -6.56976], "size": [0.5, 0.3, 0.2], "uv": [66, 126]}
				]
			},
			{
				"name": "skirtknot3_2",
				"parent": "skirtknot_all_2",
				"pivot": [-8.1, 4.1, -6.5],
				"rotation": [0, -10, 0]
			},
			{
				"name": "skirtknot9",
				"parent": "skirtknot3_2",
				"pivot": [-8.4, 4.4, -6.3],
				"rotation": [0, 0, 15],
				"cubes": [
					{"origin": [1.04663, 6.97251, -8.34768], "size": [0.5, 0.3, 0.2], "uv": [66, 126], "mirror": true}
				]
			},
			{
				"name": "skirtknot10",
				"parent": "skirtknot3_2",
				"pivot": [-8.4, 4.4, -6.3],
				"rotation": [0, 0, -15],
				"cubes": [
					{"origin": [1.06727, 1.60454, -8.34768], "size": [0.5, 0.3, 0.2], "uv": [66, 126], "mirror": true}
				]
			},
			{
				"name": "sk2",
				"parent": "skirtknot_all_2",
				"pivot": [2.1, 4.25, -6.4],
				"cubes": [
					{"origin": [2.03473, 4.2813, -6.57696], "size": [0.2, 0.3, 0.2], "uv": [66, 126]}
				]
			},
			{
				"name": "sk3",
				"parent": "skirtknot_all_2",
				"pivot": [-3, 0.1, -1.5]
			},
			{
				"name": "skirtknot11",
				"parent": "sk3",
				"pivot": [2.32321, 3.97679, -6.4],
				"rotation": [0, 0, 70],
				"cubes": [
					{"origin": [1.91471, 3.92144, -6.57696], "size": [0.5, 0.3, 0.2], "uv": [66, 126]}
				]
			},
			{
				"name": "skirtknot12",
				"parent": "sk3",
				"pivot": [1.87679, 3.97679, -6.4],
				"rotation": [0, 0, -70],
				"cubes": [
					{"origin": [1.80904, 3.85617, -6.57696], "size": [0.5, 0.3, 0.2], "uv": [66, 126], "mirror": true}
				]
			},
			{
				"name": "skirtknot_all_4",
				"parent": "knotx6",
				"pivot": [-2.1, 4, -6.6],
				"rotation": [-23, 0, 10]
			},
			{
				"name": "skirtknot1_5",
				"parent": "skirtknot_all_4",
				"pivot": [-2.1, 4.1, -6.5],
				"rotation": [0, -10, 0]
			},
			{
				"name": "skirtknot19",
				"parent": "skirtknot1_5",
				"pivot": [-2.4, 4.4, -6.3],
				"rotation": [0, 0, 15],
				"cubes": [
					{"origin": [-2.69287, 4.36282, -6.56976], "size": [0.5, 0.3, 0.2], "uv": [65, 126], "mirror": true}
				]
			},
			{
				"name": "skirtknot20",
				"parent": "skirtknot1_5",
				"pivot": [-2.4, 4.4, -6.3],
				"rotation": [0, 0, -15],
				"cubes": [
					{"origin": [-2.67223, 4.21423, -6.56976], "size": [0.5, 0.3, 0.2], "uv": [65, 126], "mirror": true}
				]
			},
			{
				"name": "skirtknot3_5",
				"parent": "skirtknot_all_4",
				"pivot": [8.1, 4.1, -6.5],
				"rotation": [0, 10, 0]
			},
			{
				"name": "skirtknot21",
				"parent": "skirtknot3_5",
				"pivot": [8.4, 4.4, -6.3],
				"rotation": [0, 0, -15],
				"cubes": [
					{"origin": [-1.54663, 6.97251, -8.34768], "size": [0.5, 0.3, 0.2], "uv": [65, 126]}
				]
			},
			{
				"name": "skirtknot22",
				"parent": "skirtknot3_5",
				"pivot": [8.4, 4.4, -6.3],
				"rotation": [0, 0, 15],
				"cubes": [
					{"origin": [-1.56727, 1.60454, -8.34768], "size": [0.5, 0.3, 0.2], "uv": [65, 126]}
				]
			},
			{
				"name": "sk8",
				"parent": "skirtknot_all_4",
				"pivot": [-2.1, 4.25, -6.4],
				"cubes": [
					{"origin": [-2.23473, 4.2813, -6.57696], "size": [0.2, 0.3, 0.2], "uv": [65, 126], "mirror": true}
				]
			},
			{
				"name": "sk9",
				"parent": "skirtknot_all_4",
				"pivot": [3, 0.1, -1.5]
			},
			{
				"name": "skirtknot23",
				"parent": "sk9",
				"pivot": [-2.32321, 3.97679, -6.4],
				"rotation": [0, 0, -70],
				"cubes": [
					{"origin": [-2.41471, 3.92144, -6.57696], "size": [0.5, 0.3, 0.2], "uv": [65, 126], "mirror": true}
				]
			},
			{
				"name": "skirtknot24",
				"parent": "sk9",
				"pivot": [-1.87679, 3.97679, -6.4],
				"rotation": [0, 0, 70],
				"cubes": [
					{"origin": [-2.30904, 3.85617, -6.57696], "size": [0.5, 0.3, 0.2], "uv": [65, 126]}
				]
			},
			{
				"name": "skirtknot_all_5",
				"parent": "knotx6",
				"pivot": [6.1, 4.6, 3.2],
				"rotation": [21, 46, -1]
			},
			{
				"name": "skirtknot1_6",
				"parent": "skirtknot_all_5",
				"pivot": [3.7, 4.5, 6.3],
				"rotation": [0, -10, 0]
			},
			{
				"name": "skirtknot25",
				"parent": "skirtknot1_6",
				"pivot": [4, 4.8, 6.1],
				"rotation": [0, 0, -15],
				"cubes": [
					{"origin": [5.21729, 4.33651, 2.48486], "size": [0.5, 0.3, 0.2], "uv": [66, 126]}
				]
			},
			{
				"name": "skirtknot26",
				"parent": "skirtknot1_6",
				"pivot": [4, 4.8, 6.1],
				"rotation": [0, 0, 15],
				"cubes": [
					{"origin": [5.21896, 4.95725, 2.48486], "size": [0.5, 0.3, 0.2], "uv": [66, 126]}
				]
			},
			{
				"name": "skirtknot3_6",
				"parent": "skirtknot_all_5",
				"pivot": [-6.5, 4.5, 6.3],
				"rotation": [0, 10, 0]
			},
			{
				"name": "skirtknot27",
				"parent": "skirtknot3_6",
				"pivot": [-6.8, 4.8, 6.1],
				"rotation": [0, 0, 15],
				"cubes": [
					{"origin": [5.22416, 8.01852, 4.99332], "size": [0.5, 0.3, 0.2], "uv": [66, 126], "mirror": true}
				]
			},
			{
				"name": "skirtknot28",
				"parent": "skirtknot3_6",
				"pivot": [-6.8, 4.8, 6.1],
				"rotation": [0, 0, -15],
				"cubes": [
					{"origin": [5.22248, 1.27524, 4.99332], "size": [0.5, 0.3, 0.2], "uv": [66, 126], "mirror": true}
				]
			},
			{
				"name": "sk10",
				"parent": "skirtknot_all_5",
				"pivot": [3.7, 4.65, 6.2],
				"cubes": [
					{"origin": [5.73825, 4.63819, 2.80612], "size": [0.2, 0.3, 0.2], "uv": [66, 126]}
				]
			},
			{
				"name": "sk11",
				"parent": "skirtknot_all_5",
				"pivot": [-1.4, 0.5, 1.3]
			},
			{
				"name": "skirtknot29",
				"parent": "sk11",
				"pivot": [3.92321, 4.37679, 6.2],
				"rotation": [0, 0, 70],
				"cubes": [
					{"origin": [4.27467, 6.28335, 2.80612], "size": [0.5, 0.3, 0.2], "uv": [66, 126]}
				]
			},
			{
				"name": "skirtknot30",
				"parent": "sk11",
				"pivot": [3.47679, 4.37679, 6.2],
				"rotation": [0, 0, -70],
				"cubes": [
					{"origin": [4.08797, 2.26476, 2.80612], "size": [0.5, 0.3, 0.2], "uv": [66, 126], "mirror": true}
				]
			},
			{
				"name": "skirtknot_all_6",
				"parent": "knotx6",
				"pivot": [-6.1, 4.6, 3.2],
				"rotation": [21, -46, 1]
			},
			{
				"name": "skirtknot1_7",
				"parent": "skirtknot_all_6",
				"pivot": [-3.7, 4.5, 6.3],
				"rotation": [0, 10, 0]
			},
			{
				"name": "skirtknot31",
				"parent": "skirtknot1_7",
				"pivot": [-4, 4.8, 6.1],
				"rotation": [0, 0, 15],
				"cubes": [
					{"origin": [-5.71729, 4.33651, 2.48486], "size": [0.5, 0.3, 0.2], "uv": [66, 126], "mirror": true}
				]
			},
			{
				"name": "skirtknot32",
				"parent": "skirtknot1_7",
				"pivot": [-4, 4.8, 6.1],
				"rotation": [0, 0, -15],
				"cubes": [
					{"origin": [-5.71896, 4.95725, 2.48486], "size": [0.5, 0.3, 0.2], "uv": [66, 126], "mirror": true}
				]
			},
			{
				"name": "skirtknot3_7",
				"parent": "skirtknot_all_6",
				"pivot": [6.5, 4.5, 6.3],
				"rotation": [0, -10, 0]
			},
			{
				"name": "skirtknot33",
				"parent": "skirtknot3_7",
				"pivot": [6.8, 4.8, 6.1],
				"rotation": [0, 0, -15],
				"cubes": [
					{"origin": [-5.72416, 8.01852, 4.99332], "size": [0.5, 0.3, 0.2], "uv": [66, 126]}
				]
			},
			{
				"name": "skirtknot34",
				"parent": "skirtknot3_7",
				"pivot": [6.8, 4.8, 6.1],
				"rotation": [0, 0, 15],
				"cubes": [
					{"origin": [-5.72248, 1.27524, 4.99332], "size": [0.5, 0.3, 0.2], "uv": [66, 126]}
				]
			},
			{
				"name": "sk12",
				"parent": "skirtknot_all_6",
				"pivot": [-3.7, 4.65, 6.2],
				"cubes": [
					{"origin": [-5.93825, 4.63819, 2.80612], "size": [0.2, 0.3, 0.2], "uv": [66, 126], "mirror": true}
				]
			},
			{
				"name": "sk13",
				"parent": "skirtknot_all_6",
				"pivot": [1.4, 0.5, 1.3]
			},
			{
				"name": "skirtknot35",
				"parent": "sk13",
				"pivot": [-3.92321, 4.37679, 6.2],
				"rotation": [0, 0, -70],
				"cubes": [
					{"origin": [-4.77467, 6.28335, 2.80612], "size": [0.5, 0.3, 0.2], "uv": [66, 126], "mirror": true}
				]
			},
			{
				"name": "skirtknot36",
				"parent": "sk13",
				"pivot": [-3.47679, 4.37679, 6.2],
				"rotation": [0, 0, 70],
				"cubes": [
					{"origin": [-4.58797, 2.26476, 2.80612], "size": [0.5, 0.3, 0.2], "uv": [66, 126]}
				]
			},
			{
				"name": "ourskirt2",
				"parent": "outskirt",
				"pivot": [0, 4.3, 0]
			},
			{
				"name": "bone49",
				"parent": "ourskirt2",
				"pivot": [0, 4.3, 0]
			},
			{
				"name": "bone50",
				"parent": "bone49",
				"pivot": [0, 4.3, 2.48337],
				"rotation": [18, 0, 0],
				"cubes": [
					{"origin": [-0.9, 4.54263, 5.99539], "size": [1.9, 0.2, 0.1], "uv": [64, 120]}
				]
			},
			{
				"name": "bone51",
				"parent": "bone50",
				"pivot": [-0.5, 4.04263, 2.48337],
				"rotation": [0, 0, 7.39351],
				"cubes": [
					{"origin": [-2.5, 4.54263, 5.99439], "size": [2, 0.2, 0.1], "uv": [64, 120]}
				]
			},
			{
				"name": "bone52",
				"parent": "bone50",
				"pivot": [0.5, 4.04263, 2.48337],
				"rotation": [0, 0, -7.39351],
				"cubes": [
					{"origin": [0.5, 4.54263, 5.99639], "size": [2, 0.2, 0.1], "uv": [64, 120]}
				]
			},
			{
				"name": "bone53",
				"parent": "ourskirt2",
				"pivot": [0, 4.3, 0],
				"rotation": [0, -45, 0]
			},
			{
				"name": "bone54",
				"parent": "bone53",
				"pivot": [0, 4.3, 2.48337],
				"rotation": [18, 0, 0],
				"cubes": [
					{"origin": [-0.9, 4.54263, 5.99539], "size": [1.9, 0.2, 0.1], "uv": [64, 120]}
				]
			},
			{
				"name": "bone55",
				"parent": "bone54",
				"pivot": [-0.5, 4.04263, 2.48337],
				"rotation": [0, 0, 7.39351],
				"cubes": [
					{"origin": [-2.5, 4.54263, 5.99439], "size": [2, 0.2, 0.1], "uv": [64, 120]}
				]
			},
			{
				"name": "bone56",
				"parent": "bone54",
				"pivot": [0.5, 4.04263, 2.48337],
				"rotation": [0, 0, -7.39351],
				"cubes": [
					{"origin": [0.5, 4.54263, 5.99639], "size": [2, 0.2, 0.1], "uv": [64, 120]}
				]
			},
			{
				"name": "bone57",
				"parent": "ourskirt2",
				"pivot": [0, 4.3, 0],
				"rotation": [0, -90, 0]
			},
			{
				"name": "bone58",
				"parent": "bone57",
				"pivot": [0, 4.3, 2.48337],
				"rotation": [18, 0, 0],
				"cubes": [
					{"origin": [-0.9, 4.54263, 5.99539], "size": [1.9, 0.2, 0.1], "uv": [64, 120]}
				]
			},
			{
				"name": "bone59",
				"parent": "bone58",
				"pivot": [-0.5, 4.04263, 2.48337],
				"rotation": [0, 0, 7.39351],
				"cubes": [
					{"origin": [-2.5, 4.54263, 5.99439], "size": [2, 0.2, 0.1], "uv": [64, 120]}
				]
			},
			{
				"name": "bone60",
				"parent": "bone58",
				"pivot": [0.5, 4.04263, 2.48337],
				"rotation": [0, 0, -7.39351],
				"cubes": [
					{"origin": [0.5, 4.54263, 5.99639], "size": [2, 0.2, 0.1], "uv": [64, 120]}
				]
			},
			{
				"name": "bone83",
				"parent": "ourskirt2",
				"pivot": [0, 4.3, 0],
				"rotation": [0, -135, 0]
			},
			{
				"name": "bone84",
				"parent": "bone83",
				"pivot": [0, 4.3, 2.48337],
				"rotation": [18, 0, 0],
				"cubes": [
					{"origin": [-0.9, 4.54263, 5.99539], "size": [1.9, 0.2, 0.1], "uv": [64, 120]}
				]
			},
			{
				"name": "bone87",
				"parent": "bone84",
				"pivot": [-0.5, 4.04263, 2.48337],
				"rotation": [0, 0, 7.39351],
				"cubes": [
					{"origin": [-2.5, 4.54263, 5.99439], "size": [2, 0.2, 0.1], "uv": [64, 120]}
				]
			},
			{
				"name": "bone88",
				"parent": "bone84",
				"pivot": [0.5, 4.04263, 2.48337],
				"rotation": [0, 0, -7.39351],
				"cubes": [
					{"origin": [0.5, 4.54263, 5.99639], "size": [2, 0.2, 0.1], "uv": [64, 120]}
				]
			},
			{
				"name": "bone89",
				"parent": "ourskirt2",
				"pivot": [0, 4.3, 0],
				"rotation": [0, -180, 0]
			},
			{
				"name": "bone90",
				"parent": "bone89",
				"pivot": [0, 4.3, 2.48337],
				"rotation": [18, 0, 0]
			},
			{
				"name": "bone91",
				"parent": "bone90",
				"pivot": [-0.5, 4.04263, 2.48337],
				"rotation": [0, 0, 7.39351],
				"cubes": [
					{"origin": [-2.5, 4.54263, 5.99439], "size": [1, 0.2, 0.1], "uv": [64, 120]}
				]
			},
			{
				"name": "bone139",
				"parent": "bone90",
				"pivot": [-2.85, 3.54263, 6.04439],
				"rotation": [0, 0, -16.60649],
				"cubes": [
					{"origin": [-2.0776, 2.37629, 5.91946], "size": [0.2, 2.2, 0.1], "uv": [41, 125]}
				]
			},
			{
				"name": "bone142",
				"parent": "bone90",
				"pivot": [2.85, 3.54263, 6.04439],
				"rotation": [0, 0, 16.60649],
				"cubes": [
					{"origin": [1.8776, 2.37629, 5.91946], "size": [0.2, 2.2, 0.1], "uv": [41, 125], "mirror": true}
				]
			},
			{
				"name": "bone92",
				"parent": "bone90",
				"pivot": [0.5, 4.04263, 2.48337],
				"rotation": [0, 0, -7.39351],
				"cubes": [
					{"origin": [1.5, 4.54263, 5.99639], "size": [1, 0.2, 0.1], "uv": [64, 120]}
				]
			},
			{
				"name": "bone93",
				"parent": "ourskirt2",
				"pivot": [0, 4.3, 0],
				"rotation": [0, -225, 0]
			},
			{
				"name": "bone94",
				"parent": "bone93",
				"pivot": [0, 4.3, 2.48337],
				"rotation": [18, 0, 0],
				"cubes": [
					{"origin": [-0.9, 4.54263, 5.99539], "size": [1.9, 0.2, 0.1], "uv": [64, 120]}
				]
			},
			{
				"name": "bone95",
				"parent": "bone94",
				"pivot": [-0.5, 4.04263, 2.48337],
				"rotation": [0, 0, 7.39351],
				"cubes": [
					{"origin": [-2.5, 4.54263, 5.99439], "size": [2, 0.2, 0.1], "uv": [64, 120]}
				]
			},
			{
				"name": "bone96",
				"parent": "bone94",
				"pivot": [0.5, 4.04263, 2.48337],
				"rotation": [0, 0, -7.39351],
				"cubes": [
					{"origin": [0.5, 4.54263, 5.99639], "size": [2, 0.2, 0.1], "uv": [64, 120]}
				]
			},
			{
				"name": "bone97",
				"parent": "ourskirt2",
				"pivot": [0, 4.3, 0],
				"rotation": [0, -270, 0]
			},
			{
				"name": "bone98",
				"parent": "bone97",
				"pivot": [0, 4.3, 2.48337],
				"rotation": [18, 0, 0],
				"cubes": [
					{"origin": [-0.9, 4.54263, 5.99539], "size": [1.9, 0.2, 0.1], "uv": [64, 120]}
				]
			},
			{
				"name": "bone99",
				"parent": "bone98",
				"pivot": [-0.5, 4.04263, 2.48337],
				"rotation": [0, 0, 7.39351],
				"cubes": [
					{"origin": [-2.5, 4.54263, 5.99439], "size": [2, 0.2, 0.1], "uv": [64, 120]}
				]
			},
			{
				"name": "bone100",
				"parent": "bone98",
				"pivot": [0.5, 4.04263, 2.48337],
				"rotation": [0, 0, -7.39351],
				"cubes": [
					{"origin": [0.5, 4.54263, 5.99639], "size": [2, 0.2, 0.1], "uv": [64, 120]}
				]
			},
			{
				"name": "bone101",
				"parent": "ourskirt2",
				"pivot": [0, 4.3, 0],
				"rotation": [0, -315, 0]
			},
			{
				"name": "bone102",
				"parent": "bone101",
				"pivot": [0, 4.3, 2.48337],
				"rotation": [18, 0, 0],
				"cubes": [
					{"origin": [-0.9, 4.54263, 5.99539], "size": [1.9, 0.2, 0.1], "uv": [64, 120]}
				]
			},
			{
				"name": "bone103",
				"parent": "bone102",
				"pivot": [-0.5, 4.04263, 2.48337],
				"rotation": [0, 0, 7.39351],
				"cubes": [
					{"origin": [-2.5, 4.54263, 5.99439], "size": [2, 0.2, 0.1], "uv": [64, 120]}
				]
			},
			{
				"name": "bone104",
				"parent": "bone102",
				"pivot": [0.5, 4.04263, 2.48337],
				"rotation": [0, 0, -7.39351],
				"cubes": [
					{"origin": [0.5, 4.54263, 5.99639], "size": [2, 0.2, 0.1], "uv": [64, 120]}
				]
			},
			{
				"name": "ourskirt3",
				"parent": "outskirt",
				"pivot": [0, 4.3, 0]
			},
			{
				"name": "bone105",
				"parent": "ourskirt3",
				"pivot": [0, 4.3, 0]
			},
			{
				"name": "bone106",
				"parent": "bone105",
				"pivot": [0, 4.3, 2.48337],
				"rotation": [18, 0, 0]
			},
			{
				"name": "bone107",
				"parent": "bone106",
				"pivot": [-0.6, 3.54263, 6.04439],
				"rotation": [0, 0, -30],
				"cubes": [
					{"origin": [0.79331, 1.72636, 5.91911], "size": [0.2, 2.1, 0.1], "uv": [41, 125]}
				]
			},
			{
				"name": "bone154",
				"parent": "bone106",
				"pivot": [0.89331, 2.72636, 5.96911],
				"rotation": [0, 0, 30],
				"cubes": [
					{"origin": [-1.36215, 1.47034, 5.91911], "size": [0.2, 2.1, 0.1], "uv": [41, 125]}
				]
			},
			{
				"name": "bone108",
				"parent": "bone106",
				"pivot": [2.4, 3.54263, 6.04639],
				"rotation": [0, 0, 14],
				"cubes": [
					{"origin": [1.89694, 2.61716, 5.91911], "size": [0.2, 2.1, 0.1], "uv": [41, 125]}
				]
			},
			{
				"name": "bone155",
				"parent": "bone106",
				"pivot": [1.99694, 3.66716, 5.96911],
				"rotation": [0, 0, 14],
				"cubes": [
					{"origin": [0.1819, 2.11811, 5.91911], "size": [0.2, 2.1, 0.1], "uv": [41, 125]}
				]
			},
			{
				"name": "bone153",
				"parent": "bone106",
				"pivot": [1.99694, 3.66716, 5.96911],
				"rotation": [0, 0, -14],
				"cubes": [
					{"origin": [-1.99645, 3.68457, 5.91911], "size": [0.2, 2.1, 0.1], "uv": [41, 125]}
				]
			},
			{
				"name": "bone156",
				"parent": "bone106",
				"pivot": [-1.89645, 4.73457, 5.96911],
				"rotation": [0, 0, -14],
				"cubes": [
					{"origin": [-0.63715, 2.17413, 5.91911], "size": [0.2, 2, 0.1], "uv": [41, 125]}
				]
			},
			{
				"name": "bone109",
				"parent": "ourskirt3",
				"pivot": [0, 4.3, 0],
				"rotation": [0, -45, 0]
			},
			{
				"name": "bone113",
				"parent": "ourskirt3",
				"pivot": [0, 4.3, 0],
				"rotation": [0, -90, 0]
			},
			{
				"name": "bone121",
				"parent": "ourskirt3",
				"pivot": [0, 4.3, 0],
				"rotation": [0, -180, 0]
			},
			{
				"name": "bone122",
				"parent": "bone121",
				"pivot": [0, 4.3, 2.48337],
				"rotation": [18, 0, 0]
			},
			{
				"name": "bone123",
				"parent": "bone122",
				"pivot": [-0.5, 4.04263, 2.48337],
				"rotation": [0, 0, 7.39351]
			},
			{
				"name": "bone124",
				"parent": "bone122",
				"pivot": [0.5, 4.04263, 2.48337],
				"rotation": [0, 0, -7.39351]
			},
			{
				"name": "bone125",
				"parent": "ourskirt3",
				"pivot": [0, 4.3, 0],
				"rotation": [0, -225, 0]
			},
			{
				"name": "bone126",
				"parent": "bone125",
				"pivot": [0, 4.3, 2.48337],
				"rotation": [18, 0, 0]
			},
			{
				"name": "bone127",
				"parent": "bone126",
				"pivot": [-0.6, 3.54263, 6.04439],
				"rotation": [0, 0, -30],
				"cubes": [
					{"origin": [0.1558, 1.99409, 5.92002], "size": [0.2, 2.3, 0.1], "uv": [41, 125]}
				]
			},
			{
				"name": "bone138",
				"parent": "bone126",
				"pivot": [-1.94946, 4.46729, 5.97002],
				"rotation": [0, 0, -14],
				"cubes": [
					{"origin": [-2.2165, 2.73069, 5.92002], "size": [0.2, 2.2, 0.1], "uv": [41, 125]}
				]
			},
			{
				"name": "bone128",
				"parent": "bone126",
				"pivot": [2.33337, 3.70127, 6.59528],
				"rotation": [0, 0, 30],
				"cubes": [
					{"origin": [1.6913, 2.15067, 5.92002], "size": [0.2, 2.4, 0.1], "uv": [41, 125]}
				]
			},
			{
				"name": "bone137",
				"parent": "bone126",
				"pivot": [2.33337, 3.70127, 6.59528],
				"rotation": [0, 0, 30],
				"cubes": [
					{"origin": [-0.60056, 0.92747, 5.92002], "size": [0.2, 2.2, 0.1], "uv": [41, 125]}
				]
			},
			{
				"name": "bone117",
				"parent": "ourskirt3",
				"pivot": [0, 4.3, 0],
				"rotation": [0, 225, 0]
			},
			{
				"name": "bone118",
				"parent": "bone117",
				"pivot": [0, 4.3, 2.48337],
				"rotation": [18, 0, 0]
			},
			{
				"name": "bone119",
				"parent": "bone118",
				"pivot": [0.6, 3.54263, 6.04439],
				"rotation": [0, 0, 30],
				"cubes": [
					{"origin": [-0.3558, 1.99409, 5.92002], "size": [0.2, 2.3, 0.1], "uv": [41, 125], "mirror": true}
				]
			},
			{
				"name": "bone120",
				"parent": "bone118",
				"pivot": [1.94946, 4.46729, 5.97002],
				"rotation": [0, 0, 14],
				"cubes": [
					{"origin": [2.0165, 2.73069, 5.92002], "size": [0.2, 2.2, 0.1], "uv": [41, 125], "mirror": true}
				]
			},
			{
				"name": "bone140",
				"parent": "bone118",
				"pivot": [-2.33337, 3.70127, 6.59528],
				"rotation": [0, 0, -30],
				"cubes": [
					{"origin": [-1.8913, 2.15067, 5.92002], "size": [0.2, 2.4, 0.1], "uv": [41, 125], "mirror": true}
				]
			},
			{
				"name": "bone141",
				"parent": "bone118",
				"pivot": [-2.33337, 3.70127, 6.59528],
				"rotation": [0, 0, -30],
				"cubes": [
					{"origin": [0.40056, 0.92747, 5.92002], "size": [0.2, 2.2, 0.1], "uv": [41, 125], "mirror": true}
				]
			},
			{
				"name": "bone129",
				"parent": "ourskirt3",
				"pivot": [0, 4.3, 0],
				"rotation": [0, -270, 0]
			},
			{
				"name": "bone130",
				"parent": "bone129",
				"pivot": [0, 4.3, 2.48337],
				"rotation": [18, 0, 0]
			},
			{
				"name": "bone131",
				"parent": "bone130",
				"pivot": [-0.6, 3.54263, 6.04439],
				"rotation": [0, 0, -30],
				"cubes": [
					{"origin": [0.76054, 1.75264, 5.89951], "size": [0.2, 2.3, 0.1], "uv": [41, 125]}
				]
			},
			{
				"name": "bone144",
				"parent": "bone130",
				"pivot": [-3.5, 3.54263, 6.04439],
				"rotation": [0, 0, -30],
				"cubes": [
					{"origin": [-2.00645, 1.57584, 5.89951], "size": [0.2, 2.4, 0.1], "uv": [41, 125]}
				]
			},
			{
				"name": "bone143",
				"parent": "bone130",
				"pivot": [0.86054, 2.90264, 5.94951],
				"rotation": [0, 0, 30],
				"cubes": [
					{"origin": [-0.68573, 1.75988, 5.89951], "size": [0.2, 2.4, 0.1], "uv": [41, 125]}
				]
			},
			{
				"name": "bone132",
				"parent": "bone130",
				"pivot": [2.4, 3.54263, 6.04639],
				"rotation": [0, 0, 14],
				"cubes": [
					{"origin": [1.8551, 2.61329, 5.89951], "size": [0.2, 2.2, 0.1], "uv": [41, 125]}
				]
			},
			{
				"name": "bone114",
				"parent": "ourskirt3",
				"pivot": [0, 4.3, 0],
				"rotation": [0, 270, 0]
			},
			{
				"name": "bone115",
				"parent": "bone114",
				"pivot": [0, 4.3, 2.48337],
				"rotation": [18, 0, 0]
			},
			{
				"name": "bone116",
				"parent": "bone115",
				"pivot": [0.6, 3.54263, 6.04439],
				"rotation": [0, 0, 30],
				"cubes": [
					{"origin": [-0.96054, 1.75264, 5.89951], "size": [0.2, 2.3, 0.1], "uv": [41, 125], "mirror": true}
				]
			},
			{
				"name": "bone145",
				"parent": "bone115",
				"pivot": [3.5, 3.54263, 6.04439],
				"rotation": [0, 0, 30],
				"cubes": [
					{"origin": [1.80645, 1.57584, 5.89951], "size": [0.2, 2.4, 0.1], "uv": [41, 125], "mirror": true}
				]
			},
			{
				"name": "bone146",
				"parent": "bone115",
				"pivot": [-0.86054, 2.90264, 5.94951],
				"rotation": [0, 0, -30],
				"cubes": [
					{"origin": [0.48573, 1.75988, 5.89951], "size": [0.2, 2.4, 0.1], "uv": [41, 125], "mirror": true}
				]
			},
			{
				"name": "bone147",
				"parent": "bone115",
				"pivot": [-2.4, 3.54263, 6.04639],
				"rotation": [0, 0, -14],
				"cubes": [
					{"origin": [-2.0551, 2.61329, 5.89951], "size": [0.2, 2.2, 0.1], "uv": [41, 125], "mirror": true}
				]
			},
			{
				"name": "bone133",
				"parent": "ourskirt3",
				"pivot": [0, 4.3, 0],
				"rotation": [0, -315, 0]
			},
			{
				"name": "bone134",
				"parent": "bone133",
				"pivot": [0, 4.3, 2.48337],
				"rotation": [18, 0, 0]
			},
			{
				"name": "bone135",
				"parent": "bone134",
				"pivot": [-0.6, 3.54263, 6.04439],
				"rotation": [0, 0, -30],
				"cubes": [
					{"origin": [0.1983, 2.06311, 5.93719], "size": [0.2, 2.3, 0.1], "uv": [41, 125]}
				]
			},
			{
				"name": "bone149",
				"parent": "bone134",
				"pivot": [0.2983, 3.21311, 5.98719],
				"rotation": [0, 0, -14],
				"cubes": [
					{"origin": [-1.89396, 3.24335, 5.93719], "size": [0.2, 2.1, 0.1], "uv": [41, 125]}
				]
			},
			{
				"name": "bone136",
				"parent": "bone134",
				"pivot": [2.4, 3.54263, 6.04639],
				"rotation": [0, 0, 30],
				"cubes": [
					{"origin": [1.58238, 2.16742, 5.93719], "size": [0.2, 2.4, 0.1], "uv": [41, 125]}
				]
			},
			{
				"name": "bone148",
				"parent": "bone134",
				"pivot": [0.27868, 2.88711, 8.06388],
				"rotation": [0, 0, 30],
				"cubes": [
					{"origin": [-1.32145, 1.81705, 5.93719], "size": [0.2, 2.3, 0.1], "uv": [41, 125]}
				]
			},
			{
				"name": "bone110",
				"parent": "ourskirt3",
				"pivot": [0, 4.3, 0],
				"rotation": [0, 315, 0]
			},
			{
				"name": "bone111",
				"parent": "bone110",
				"pivot": [0, 4.3, 2.48337],
				"rotation": [18, 0, 0]
			},
			{
				"name": "bone112",
				"parent": "bone111",
				"pivot": [0.6, 3.54263, 6.04439],
				"rotation": [0, 0, 30],
				"cubes": [
					{"origin": [-0.3983, 2.06311, 5.93719], "size": [0.2, 2.3, 0.1], "uv": [41, 125], "mirror": true}
				]
			},
			{
				"name": "bone150",
				"parent": "bone111",
				"pivot": [-0.2983, 3.21311, 5.98719],
				"rotation": [0, 0, 14],
				"cubes": [
					{"origin": [1.69396, 3.24335, 5.93719], "size": [0.2, 2.1, 0.1], "uv": [41, 125], "mirror": true}
				]
			},
			{
				"name": "bone151",
				"parent": "bone111",
				"pivot": [-2.4, 3.54263, 6.04639],
				"rotation": [0, 0, -30],
				"cubes": [
					{"origin": [-1.78238, 2.16742, 5.93719], "size": [0.2, 2.4, 0.1], "uv": [41, 125], "mirror": true}
				]
			},
			{
				"name": "bone152",
				"parent": "bone111",
				"pivot": [-0.27868, 2.88711, 8.06388],
				"rotation": [0, 0, -30],
				"cubes": [
					{"origin": [1.12145, 1.81705, 5.93719], "size": [0.2, 2.3, 0.1], "uv": [41, 125], "mirror": true}
				]
			}
		]
	}
}