{"format_version":"1.10.0","geometry.model":{"texturewidth":128,"textureheight":128,"visible_bounds_width":3,"visible_bounds_height":3,"visible_bounds_offset":[0,1.5,0],"bones":[{"name":"head","pivot":[0,18,0],"cubes":[{"origin":[-4,18,-4],"size":[8,8,8],"uv":[0,0]}]},{"name":"ahoge","parent":"head","pivot":[0,26,0],"cubes":[{"origin":[-3,26,-2],"size":[6,6,0.01],"uv":[54,43]},{"origin":[-4,31,-2],"size":[1,1,0.01],"uv":[58,45]},{"origin":[-3.75,30,-2],"size":[0.75,1,0.01],"uv":[58,46]},{"origin":[-3.75,29,-2],"size":[0.75,1,0.01],"uv":[0,97]},{"origin":[-3.5,32,-2],"size":[0.5,1,0.01],"uv":[5,120]},{"origin":[3.5,32,-2],"size":[0.5,1,0.01],"uv":[13,119]},{"origin":[3,31,-2],"size":[1,1,0.01],"uv":[21,103]},{"origin":[3,30,-2],"size":[0.75,1,0.01],"uv":[58,45]}]},{"name":"blink","parent":"head","pivot":[0,18,0],"cubes":[{"origin":[-4,18,-4.001],"size":[8,8,0.01],"uv":[36,15]}]},{"name":"hair1","parent":"head","pivot":[0,18,0],"cubes":[{"origin":[-4.25,15.75,4.25],"size":[8.5,10.5,0.01],"uv":[32,32]},{"origin":[-4.25,17.75,-4.25],"size":[8.5,8.5,0.01],"uv":[32,7]},{"origin":[-4.75,21.25,-4.25],"size":[0.5,1,0.01],"uv":[4,11]},{"origin":[4.25,21.25,-4.25],"size":[0.5,1,0.01],"uv":[15,7]},{"origin":[-4.75,22.25,-4.25],"size":[0.5,1,0.01],"uv":[4,11]},{"origin":[-4.75,23.25,-4.25],"size":[0.5,1,0.01],"uv":[18,10]},{"origin":[-1.25,26.25,-4.25],"size":[2,0.5,0.01],"uv":[10,8]},{"origin":[4.25,22.25,-4.25],"size":[0.5,1,0.01],"uv":[21,9]}]},{"name":"h1","parent":"hair1","pivot":[-9,-1,0],"rotation":[93.12276,37.45183,-87.77336]},{"name":"bone141","parent":"h1","pivot":[-6.66504,-1.96366,0],"rotation":[0,0,22.12117],"cubes":[{"origin":[7.28888,-10.32203,-13.05244],"size":[1,0.01,1],"uv":[39,43]}]},{"name":"bone142","parent":"h1","pivot":[-7.5918,-1.58694,0],"rotation":[0,0,36.83842],"cubes":[{"origin":[7.99494,-5.87206,-13.05244],"size":[1,0.01,1],"uv":[37,43]}]},{"name":"bone143","parent":"h1","pivot":[-8.39209,-0.98741,0],"rotation":[0,0,43.21192],"cubes":[{"origin":[7.56782,-3.40476,-13.05244],"size":[1,0.01,1],"uv":[31,43]}]},{"name":"bone144","parent":"h1","pivot":[-9.12061,-0.303,0],"rotation":[0,0,44.84077],"cubes":[{"origin":[6.90117,-2.23729,-13.05244],"size":[1,0.01,1],"uv":[42,4]}]},{"name":"bone145","parent":"h1","pivot":[-9.82959,0.40205,0],"rotation":[0,0,42.64884],"cubes":[{"origin":[6.10575,-2.18185,-13.05244],"size":[1,0.01,1],"uv":[42,3]}]},{"name":"bone146","parent":"h1","pivot":[-10.56494,1.0794,0],"rotation":[0,0,35.38312],"cubes":[{"origin":[4.90762,-3.62558,-13.05244],"size":[1,0.01,1],"uv":[42,2]}]},{"name":"bone147","parent":"h1","pivot":[-11.38037,1.65854,0],"rotation":[0,0,19.08133],"cubes":[{"origin":[2.1045,-7.49089,-12.80267],"size":[1,0.01,0.75],"uv":[13,6]}]},{"name":"bone148","parent":"h1","pivot":[-12.32568,1.98553,0],"rotation":[0,0,-7.1845],"cubes":[{"origin":[-4.39394,-12.63599,-12.55291],"size":[1,0.01,0.5],"uv":[10,10]}]},{"name":"h14","parent":"hair1","pivot":[-6,13,7],"rotation":[-0.21556,0.24577,-127.50758]},{"name":"bone237","parent":"h14","pivot":[-10.5141,26.10903,7.22301],"rotation":[0,0,22.12117],"cubes":[{"origin":[-0.21217,4.69104,3.03224],"size":[1,0.01,1],"uv":[15,27]}]},{"name":"bone238","parent":"h14","pivot":[-11.44085,26.48575,7.22301],"rotation":[0,0,36.83842],"cubes":[{"origin":[3.9315,8.64169,3.03224],"size":[1,0.01,1],"uv":[15,26]}]},{"name":"bone239","parent":"h14","pivot":[-12.24115,27.08528,7.22301],"rotation":[0,0,43.21192],"cubes":[{"origin":[5.01087,11.169,3.03224],"size":[1,0.01,1],"uv":[25,4]}]},{"name":"bone240","parent":"h14","pivot":[-12.96966,27.76969,7.22301],"rotation":[0,0,44.84077],"cubes":[{"origin":[4.7274,12.37865,3.03224],"size":[1,0.01,1],"uv":[25,3]}]},{"name":"bone241","parent":"h14","pivot":[-13.67865,28.47475,7.22301],"rotation":[0,0,42.64884],"cubes":[{"origin":[3.41607,12.37986,3.03224],"size":[1,0.01,1],"uv":[25,2]}]},{"name":"bone242","parent":"h14","pivot":[-14.414,29.15209,7.22301],"rotation":[0,0,35.38312],"cubes":[{"origin":[0.49988,10.89798,3.03224],"size":[1,0.01,1],"uv":[25,1]}]},{"name":"bone243","parent":"h14","pivot":[-15.22943,29.73123,7.22301],"rotation":[0,0,19.08133],"cubes":[{"origin":[-6.07921,7.74402,3.03224],"size":[1,0.01,1],"uv":[25,0]}]},{"name":"bone244","parent":"h14","pivot":[-16.17474,30.05823,7.22301],"rotation":[0,0,-7.1845]},{"name":"h15","parent":"hair1","pivot":[-6,13,6],"rotation":[-0.21556,0.24577,-127.50758]},{"name":"bone245","parent":"h15","pivot":[-10.5141,26.10903,6.22301],"rotation":[0,0,22.12117],"cubes":[{"origin":[-0.21217,4.69104,2.03224],"size":[1,0.01,1],"uv":[15,25]}]},{"name":"bone246","parent":"h15","pivot":[-11.44085,26.48575,6.22301],"rotation":[0,0,36.83842],"cubes":[{"origin":[3.9315,8.64169,2.03224],"size":[1,0.01,1],"uv":[15,24]}]},{"name":"bone247","parent":"h15","pivot":[-12.24115,27.08528,6.22301],"rotation":[0,0,43.21192],"cubes":[{"origin":[5.01087,11.169,2.03224],"size":[1,0.01,1],"uv":[23,4]}]},{"name":"bone248","parent":"h15","pivot":[-12.96966,27.76969,6.22301],"rotation":[0,0,44.84077],"cubes":[{"origin":[4.7274,12.37865,2.03224],"size":[1,0.01,0.5],"uv":[12,4]}]},{"name":"bone249","parent":"h15","pivot":[-13.67865,28.47475,6.22301],"rotation":[0,0,42.64884]},{"name":"bone250","parent":"h15","pivot":[-14.414,29.15209,6.22301],"rotation":[0,0,35.38312]},{"name":"bone251","parent":"h15","pivot":[-15.22943,29.73123,6.22301],"rotation":[0,0,19.08133]},{"name":"bone252","parent":"h15","pivot":[-16.17474,30.05823,6.22301],"rotation":[0,0,-7.1845]},{"name":"h16","parent":"hair1","pivot":[-6,13,0],"rotation":[-0.21556,0.24577,-127.50758]},{"name":"bone253","parent":"h16","pivot":[-10.5141,26.10903,0.22301],"rotation":[0,0,22.12117]},{"name":"bone254","parent":"h16","pivot":[-11.44085,26.48575,0.22301],"rotation":[0,0,36.83842]},{"name":"bone255","parent":"h16","pivot":[-12.24115,27.08528,0.22301],"rotation":[0,0,43.21192]},{"name":"bone256","parent":"h16","pivot":[-12.96966,27.76969,0.22301],"rotation":[0,0,44.84077]},{"name":"bone257","parent":"h16","pivot":[-13.67865,28.47475,0.22301],"rotation":[0,0,42.64884]},{"name":"bone258","parent":"h16","pivot":[-14.414,29.15209,0.22301],"rotation":[0,0,35.38312]},{"name":"bone259","parent":"h16","pivot":[-15.22943,29.73123,0.22301],"rotation":[0,0,19.08133]},{"name":"bone260","parent":"h16","pivot":[-16.17474,30.05823,0.22301],"rotation":[0,0,-7.1845]},{"name":"h17","parent":"hair1","pivot":[-6,13,1],"rotation":[-0.21556,0.24577,-127.50758]},{"name":"bone261","parent":"h17","pivot":[-10.5141,26.10903,1.22301],"rotation":[0,0,22.12117],"cubes":[{"origin":[-0.21217,4.69104,-2.96776],"size":[1,0,1],"uv":[23,3]}]},{"name":"bone262","parent":"h17","pivot":[-11.44085,26.48575,1.22301],"rotation":[0,0,36.83842],"cubes":[{"origin":[3.9315,8.64169,-2.96776],"size":[1,0,1],"uv":[23,2]}]},{"name":"bone263","parent":"h17","pivot":[-12.24115,27.08528,1.22301],"rotation":[0,0,43.21192],"cubes":[{"origin":[5.51087,11.169,-2.96776],"size":[0.5,0,1],"uv":[12,2]}]},{"name":"bone264","parent":"h17","pivot":[-12.96966,27.76969,1.22301],"rotation":[0,0,44.84077]},{"name":"bone265","parent":"h17","pivot":[-13.67865,28.47475,1.22301],"rotation":[0,0,42.64884]},{"name":"bone266","parent":"h17","pivot":[-14.414,29.15209,1.22301],"rotation":[0,0,35.38312]},{"name":"bone267","parent":"h17","pivot":[-15.22943,29.73123,1.22301],"rotation":[0,0,19.08133]},{"name":"bone268","parent":"h17","pivot":[-16.17474,30.05823,1.22301],"rotation":[0,0,-7.1845]},{"name":"h19","parent":"hair1","pivot":[-6,13,2],"rotation":[-0.21556,0.24577,-127.50758]},{"name":"bone277","parent":"h19","pivot":[-10.5141,26.10903,2.22301],"rotation":[0,0,22.12117],"cubes":[{"origin":[-0.21217,4.69104,-1.96776],"size":[1,0,1],"uv":[23,0]}]},{"name":"bone278","parent":"h19","pivot":[-11.44085,26.48575,2.22301],"rotation":[0,0,36.83842],"cubes":[{"origin":[3.9315,8.64169,-1.96776],"size":[1,0,1],"uv":[5,17]}]},{"name":"bone279","parent":"h19","pivot":[-12.24115,27.08528,2.22301],"rotation":[0,0,43.21192],"cubes":[{"origin":[5.01087,11.169,-1.96776],"size":[1,0,1],"uv":[5,16]}]},{"name":"bone280","parent":"h19","pivot":[-12.96966,27.76969,2.22301],"rotation":[0,0,44.84077],"cubes":[{"origin":[4.7274,12.37865,-1.96776],"size":[1,0,1],"uv":[16,33]}]},{"name":"bone281","parent":"h19","pivot":[-13.67865,28.47475,2.22301],"rotation":[0,0,42.64884],"cubes":[{"origin":[3.41607,12.37986,-1.96776],"size":[1,0,0.5],"uv":[11,3]}]},{"name":"bone282","parent":"h19","pivot":[-14.414,29.15209,2.22301],"rotation":[0,0,35.38312]},{"name":"bone283","parent":"h19","pivot":[-15.22943,29.73123,2.22301],"rotation":[0,0,19.08133]},{"name":"bone284","parent":"h19","pivot":[-16.17474,30.05823,2.22301],"rotation":[0,0,-7.1845]},{"name":"h18","parent":"hair1","pivot":[-6,13,5],"rotation":[-0.21556,0.24577,-127.50758]},{"name":"bone269","parent":"h18","pivot":[-10.5141,26.10903,5.22301],"rotation":[0,0,22.12117],"cubes":[{"origin":[-0.21217,4.69104,1.03224],"size":[1,0.01,1],"uv":[23,1]}]},{"name":"bone270","parent":"h18","pivot":[-11.44085,26.48575,5.22301],"rotation":[0,0,36.83842],"cubes":[{"origin":[3.92865,8.64191,1.53224],"size":[1,0.01,0.5],"uv":[12,6]}]},{"name":"bone271","parent":"h18","pivot":[-12.24115,27.08528,5.22301],"rotation":[0,0,43.21192]},{"name":"bone272","parent":"h18","pivot":[-12.96966,27.76969,5.22301],"rotation":[0,0,44.84077]},{"name":"bone273","parent":"h18","pivot":[-13.67865,28.47475,5.22301],"rotation":[0,0,42.64884]},{"name":"bone274","parent":"h18","pivot":[-14.414,29.15209,5.22301],"rotation":[0,0,35.38312]},{"name":"bone275","parent":"h18","pivot":[-15.22943,29.73123,5.22301],"rotation":[0,0,19.08133]},{"name":"bone276","parent":"h18","pivot":[-16.17474,30.05823,5.22301],"rotation":[0,0,-7.1845]},{"name":"h2","parent":"hair1","pivot":[-10,-1,0],"rotation":[92.59131,24.96003,-88.05036]},{"name":"bone133","parent":"h2","pivot":[-7.66504,-1.96366,0],"rotation":[0,0,22.12117],"cubes":[{"origin":[7.81143,-6.33646,-12.86722],"size":[1,0.01,1],"uv":[42,1]}]},{"name":"bone134","parent":"h2","pivot":[-8.5918,-1.58694,0],"rotation":[0,0,36.83842],"cubes":[{"origin":[7.45501,-1.63045,-12.86722],"size":[1,0.01,1],"uv":[42,0]}]},{"name":"bone135","parent":"h2","pivot":[-9.39209,-0.98741,0],"rotation":[0,0,43.21192],"cubes":[{"origin":[6.55418,0.86171,-12.86722],"size":[1,0.01,1],"uv":[39,42]}]},{"name":"bone136","parent":"h2","pivot":[-10.12061,-0.303,0],"rotation":[0,0,44.84077],"cubes":[{"origin":[5.76626,2.02706,-12.86722],"size":[1,0.01,1],"uv":[37,42]}]},{"name":"bone137","parent":"h2","pivot":[-10.82959,0.40205,0],"rotation":[0,0,42.64884],"cubes":[{"origin":[5.13404,2.08454,-12.86722],"size":[1,0.01,1],"uv":[31,42]}]},{"name":"bone138","parent":"h2","pivot":[-11.56494,1.0794,0],"rotation":[0,0,35.38312],"cubes":[{"origin":[4.47526,0.60297,-12.86722],"size":[1,0.01,1],"uv":[41,31]}]},{"name":"bone139","parent":"h2","pivot":[-12.38037,1.65854,0],"rotation":[0,0,19.08133],"cubes":[{"origin":[2.84102,-3.58187,-12.86722],"size":[1,0.01,1],"uv":[41,30]}]},{"name":"bone140","parent":"h2","pivot":[-13.32568,1.98553,0],"rotation":[0,0,-7.1845],"cubes":[{"origin":[-2.10683,-9.89905,-12.61746],"size":[1,0.01,0.75],"uv":[12,4]}]},{"name":"h3","parent":"hair1","pivot":[-11,-1,0],"rotation":[93.12276,37.45183,-87.77336]},{"name":"bone149","parent":"h3","pivot":[-8.66504,-1.96366,0],"rotation":[0,0,22.12117],"cubes":[{"origin":[5.28888,-10.32203,-13.05244],"size":[1,0.01,1],"uv":[41,29]}]},{"name":"bone150","parent":"h3","pivot":[-9.5918,-1.58694,0],"rotation":[0,0,36.83842],"cubes":[{"origin":[5.99494,-5.87206,-13.05244],"size":[1,0.01,1],"uv":[41,28]}]},{"name":"bone151","parent":"h3","pivot":[-10.39209,-0.98741,0],"rotation":[0,0,43.21192],"cubes":[{"origin":[5.56782,-3.40476,-13.05244],"size":[1,0.01,1],"uv":[41,27]}]},{"name":"bone152","parent":"h3","pivot":[-11.12061,-0.303,0],"rotation":[0,0,44.84077],"cubes":[{"origin":[4.90117,-2.23729,-13.05244],"size":[1,0.01,1],"uv":[41,26]}]},{"name":"bone153","parent":"h3","pivot":[-11.82959,0.40205,0],"rotation":[0,0,42.64884],"cubes":[{"origin":[4.10575,-2.18185,-13.05244],"size":[1,0.01,1],"uv":[41,25]}]},{"name":"bone154","parent":"h3","pivot":[-12.56494,1.0794,0],"rotation":[0,0,35.38312],"cubes":[{"origin":[2.90762,-3.62558,-13.05244],"size":[1,0.01,1],"uv":[41,24]}]},{"name":"bone155","parent":"h3","pivot":[-13.38037,1.65854,0],"rotation":[0,0,19.08133],"cubes":[{"origin":[0.10926,-7.48109,-13.05244],"size":[1,0.01,0.75],"uv":[12,5]}]},{"name":"bone156","parent":"h3","pivot":[-14.32568,1.98553,0],"rotation":[0,0,-7.1845]},{"name":"h4","parent":"hair1","pivot":[-12,-1,0],"rotation":[92.89284,32.45537,-87.90522]},{"name":"bone157","parent":"h4","pivot":[-9.66504,-1.96366,0],"rotation":[0,0,22.12117],"cubes":[{"origin":[4.98092,-8.82564,-12.97954],"size":[1,0.01,1],"uv":[41,23]}]},{"name":"bone158","parent":"h4","pivot":[-10.5918,-1.58694,0],"rotation":[0,0,36.83842],"cubes":[{"origin":[5.28412,-4.24895,-12.97954],"size":[1,0.01,1],"uv":[20,41]}]},{"name":"bone159","parent":"h4","pivot":[-11.39209,-0.98741,0],"rotation":[0,0,43.21192],"cubes":[{"origin":[4.67503,-1.75958,-12.97954],"size":[1,0.01,1],"uv":[11,41]}]},{"name":"bone160","parent":"h4","pivot":[-12.12061,-0.303,0],"rotation":[0,0,44.84077],"cubes":[{"origin":[3.96157,-0.58973,-12.97954],"size":[1,0.01,1],"uv":[40,4]}]},{"name":"bone161","parent":"h4","pivot":[-12.82959,0.40205,0],"rotation":[0,0,42.64884],"cubes":[{"origin":[3.22912,-0.53781,-12.97954],"size":[1,0.01,1],"uv":[40,3]}]},{"name":"bone162","parent":"h4","pivot":[-13.56494,1.0794,0],"rotation":[0,0,35.38312],"cubes":[{"origin":[2.23793,-2.01035,-12.97954],"size":[1,0.01,1],"uv":[40,2]}]},{"name":"bone163","parent":"h4","pivot":[-14.38037,1.65854,0],"rotation":[0,0,19.08133]},{"name":"bone164","parent":"h4","pivot":[-15.32568,1.98553,0],"rotation":[0,0,-7.1845]},{"name":"h5","parent":"hair1","pivot":[-13,-1,0],"rotation":[93.12276,37.45183,-87.77336]},{"name":"bone165","parent":"h5","pivot":[-10.66504,-1.96366,0],"rotation":[0,0,22.12117],"cubes":[{"origin":[3.28888,-10.32203,-13.05244],"size":[1,0.01,1],"uv":[40,1]}]},{"name":"bone166","parent":"h5","pivot":[-11.5918,-1.58694,0],"rotation":[0,0,36.83842],"cubes":[{"origin":[3.99494,-5.87206,-13.05244],"size":[1,0.01,1],"uv":[40,0]}]},{"name":"bone167","parent":"h5","pivot":[-12.39209,-0.98741,0],"rotation":[0,0,43.21192],"cubes":[{"origin":[3.56782,-3.40476,-13.05244],"size":[1,0.01,1],"uv":[29,40]}]},{"name":"bone168","parent":"h5","pivot":[-13.12061,-0.303,0],"rotation":[0,0,44.84077],"cubes":[{"origin":[2.90117,-2.23729,-13.05244],"size":[1,0.01,1],"uv":[22,40]}]},{"name":"bone169","parent":"h5","pivot":[-13.82959,0.40205,0],"rotation":[0,0,42.64884],"cubes":[{"origin":[2.10575,-2.18185,-13.05244],"size":[1,0.01,1],"uv":[20,40]}]},{"name":"bone170","parent":"h5","pivot":[-14.56494,1.0794,0],"rotation":[0,0,35.38312],"cubes":[{"origin":[0.90762,-3.62558,-13.05244],"size":[1,0.01,1],"uv":[12,40]}]},{"name":"bone171","parent":"h5","pivot":[-15.38037,1.65854,0],"rotation":[0,0,19.08133],"cubes":[{"origin":[-1.89074,-7.48109,-13.05244],"size":[1,0.01,1],"uv":[10,40]}]},{"name":"bone172","parent":"h5","pivot":[-16.32568,1.98553,0],"rotation":[0,0,-7.1845]},{"name":"h6","parent":"hair1","pivot":[-14,-1,0],"rotation":[93.00429,34.95365,-87.84335]},{"name":"bone173","parent":"h6","pivot":[-11.66504,-1.96366,0],"rotation":[0,0,22.12117],"cubes":[{"origin":[2.6432,-9.60167,-13.01649],"size":[1,0.01,1],"uv":[8,40]}]},{"name":"bone174","parent":"h6","pivot":[-12.5918,-1.58694,0],"rotation":[0,0,36.83842],"cubes":[{"origin":[3.15463,-5.08532,-13.01649],"size":[1,0.01,1],"uv":[0,40]}]},{"name":"bone175","parent":"h6","pivot":[-13.39209,-0.98741,0],"rotation":[0,0,43.21192],"cubes":[{"origin":[2.63919,-2.60515,-13.01649],"size":[1,0.01,1],"uv":[39,31]}]},{"name":"bone176","parent":"h6","pivot":[-14.12061,-0.303,0],"rotation":[0,0,44.84077],"cubes":[{"origin":[1.94978,-1.43598,-13.01649],"size":[1,0.01,1],"uv":[39,30]}]},{"name":"bone177","parent":"h6","pivot":[-14.82959,0.40205,0],"rotation":[0,0,42.64884],"cubes":[{"origin":[1.18497,-1.38299,-13.01649],"size":[1,0.01,1],"uv":[39,29]}]},{"name":"bone178","parent":"h6","pivot":[-15.56494,1.0794,0],"rotation":[0,0,35.38312],"cubes":[{"origin":[0.08724,-2.84315,-13.01649],"size":[1,0.01,1],"uv":[39,28]}]},{"name":"bone179","parent":"h6","pivot":[-16.38037,1.65854,0],"rotation":[0,0,19.08133],"cubes":[{"origin":[-2.49871,-6.78053,-13.01649],"size":[1,0.01,1],"uv":[39,23]}]},{"name":"bone180","parent":"h6","pivot":[-17.32568,1.98553,0],"rotation":[0,0,-7.1845],"cubes":[{"origin":[-8.71515,-12.16788,-13.01649],"size":[1,0.01,1],"uv":[29,39]}]},{"name":"h7","parent":"hair1","pivot":[-15,-1,0],"rotation":[93.12276,37.45183,-87.77336]},{"name":"bone181","parent":"h7","pivot":[-12.66504,-1.96366,0],"rotation":[0,0,22.12117],"cubes":[{"origin":[1.28888,-10.32203,-13.05244],"size":[1,0.01,1],"uv":[22,39]}]},{"name":"bone182","parent":"h7","pivot":[-13.5918,-1.58694,0],"rotation":[0,0,36.83842],"cubes":[{"origin":[1.99494,-5.87206,-13.05244],"size":[1,0.01,1],"uv":[20,39]}]},{"name":"bone183","parent":"h7","pivot":[-14.39209,-0.98741,0],"rotation":[0,0,43.21192],"cubes":[{"origin":[1.56782,-3.40476,-13.05244],"size":[1,0.01,1],"uv":[12,39]}]},{"name":"bone184","parent":"h7","pivot":[-15.12061,-0.303,0],"rotation":[0,0,44.84077],"cubes":[{"origin":[0.90117,-2.23729,-13.05244],"size":[1,0.01,1],"uv":[10,39]}]},{"name":"bone185","parent":"h7","pivot":[-15.82959,0.40205,0],"rotation":[0,0,42.64884],"cubes":[{"origin":[0.10575,-2.18185,-13.05244],"size":[1,0.01,1],"uv":[8,39]}]},{"name":"bone186","parent":"h7","pivot":[-16.56494,1.0794,0],"rotation":[0,0,35.38312],"cubes":[{"origin":[-1.09238,-3.62558,-13.05244],"size":[1,0.01,1],"uv":[0,39]}]},{"name":"bone187","parent":"h7","pivot":[-17.38037,1.65854,0],"rotation":[0,0,19.08133],"cubes":[{"origin":[-3.89074,-7.48109,-13.05244],"size":[1,0.01,1],"uv":[38,4]}]},{"name":"bone188","parent":"h7","pivot":[-18.32568,1.98553,0],"rotation":[0,0,-7.1845]},{"name":"h8","parent":"hair1","pivot":[-16,-1,0],"rotation":[92.7874,29.957,-87.95986]},{"name":"bone189","parent":"h8","pivot":[-13.66504,-1.96366,0],"rotation":[0,0,22.12117],"cubes":[{"origin":[1.31296,-7.95336,-12.94072],"size":[1,0.01,1],"uv":[38,3]}]},{"name":"bone190","parent":"h8","pivot":[-14.5918,-1.58694,0],"rotation":[0,0,36.83842],"cubes":[{"origin":[1.38367,-3.32093,-12.94072],"size":[1,0.01,1],"uv":[38,2]}]},{"name":"bone191","parent":"h8","pivot":[-15.39209,-0.98741,0],"rotation":[0,0,43.21192],"cubes":[{"origin":[0.67095,-0.82625,-12.94072],"size":[1,0.01,1],"uv":[38,1]}]},{"name":"bone192","parent":"h8","pivot":[-16.12061,-0.303,0],"rotation":[0,0,44.84077],"cubes":[{"origin":[-0.06905,0.34311,-12.94072],"size":[1,0.01,1],"uv":[38,0]}]},{"name":"bone193","parent":"h8","pivot":[-16.82959,0.40205,0],"rotation":[0,0,42.64884],"cubes":[{"origin":[-0.7658,0.39552,-12.94072],"size":[1,0.01,1],"uv":[12,38]}]},{"name":"bone194","parent":"h8","pivot":[-17.56494,1.0794,0],"rotation":[0,0,35.38312],"cubes":[{"origin":[-1.63899,-1.08516,-12.94072],"size":[1,0.01,1],"uv":[10,38]}]},{"name":"bone195","parent":"h8","pivot":[-18.38037,1.65854,0],"rotation":[0,0,19.08133],"cubes":[{"origin":[-3.74249,-5.17006,-12.94072],"size":[1,0.01,0.75],"uv":[10,5]}]},{"name":"bone196","parent":"h8","pivot":[-19.32568,1.98553,0],"rotation":[0,0,-7.1845],"cubes":[{"origin":[-9.32431,-11.05835,-12.94072],"size":[1,0.01,0.5],"uv":[11,4]}]},{"name":"h9","parent":"hair1","pivot":[-6,14,4],"rotation":[177.80099,1.27624,-52.51026]},{"name":"bone197","parent":"h9","pivot":[-13.50177,24.9697,16.07616],"rotation":[0,0,22.12117],"cubes":[{"origin":[0.9658,18.49746,3.93479],"size":[1,0.01,1],"uv":[8,38]}]},{"name":"bone198","parent":"h9","pivot":[-14.42853,25.34642,16.07616],"rotation":[0,0,36.83842],"cubes":[{"origin":[1.17584,23.01605,3.93479],"size":[1,0.01,1],"uv":[0,38]}]},{"name":"bone199","parent":"h9","pivot":[-15.22882,25.94595,16.07616],"rotation":[0,0,43.21192],"cubes":[{"origin":[0.53161,25.47322,3.93479],"size":[1,0.01,1],"uv":[37,31]}]},{"name":"bone200","parent":"h9","pivot":[-15.95733,26.63036,16.07616],"rotation":[0,0,44.84077],"cubes":[{"origin":[-0.19024,26.63424,3.93479],"size":[1,0.01,1],"uv":[37,30]}]},{"name":"bone201","parent":"h9","pivot":[-16.66632,27.33541,16.07616],"rotation":[0,0,42.64884],"cubes":[{"origin":[-0.91134,26.698,3.93479],"size":[1,0.01,1],"uv":[37,29]}]},{"name":"bone202","parent":"h9","pivot":[-17.40167,28.01276,16.07616],"rotation":[0,0,35.38312],"cubes":[{"origin":[-1.86286,25.27249,4.18455],"size":[1,0.01,0.75],"uv":[15,6]}]},{"name":"bone203","parent":"h9","pivot":[-18.2171,28.5919,16.07616],"rotation":[0,0,19.08133],"cubes":[{"origin":[-4.11026,21.33028,4.4343],"size":[1,0.01,0.5],"uv":[11,3]}]},{"name":"bone204","parent":"h9","pivot":[-19.16241,28.9189,16.07616],"rotation":[0,0,-7.1845]},{"name":"h10","parent":"hair1","pivot":[-6,14,3],"rotation":[177.80099,1.27624,-52.51026]},{"name":"bone205","parent":"h10","pivot":[-13.50177,24.9697,15.07616],"rotation":[0,0,22.12117],"cubes":[{"origin":[0.9658,18.49746,2.93479],"size":[1,0.01,1],"uv":[37,28]}]},{"name":"bone206","parent":"h10","pivot":[-14.42853,25.34642,15.07616],"rotation":[0,0,36.83842],"cubes":[{"origin":[1.17584,23.01605,2.93479],"size":[1,0.01,1],"uv":[37,23]}]},{"name":"bone207","parent":"h10","pivot":[-15.22882,25.94595,15.07616],"rotation":[0,0,43.21192],"cubes":[{"origin":[0.53161,25.47322,2.93479],"size":[1,0.01,1],"uv":[35,31]}]},{"name":"bone208","parent":"h10","pivot":[-15.95733,26.63036,15.07616],"rotation":[0,0,44.84077],"cubes":[{"origin":[-0.19024,26.63424,2.93479],"size":[1,0.01,1],"uv":[35,23]}]},{"name":"bone209","parent":"h10","pivot":[-16.66632,27.33541,15.07616],"rotation":[0,0,42.64884],"cubes":[{"origin":[-0.91134,26.698,2.93479],"size":[1,0.01,1],"uv":[33,31]}]},{"name":"bone210","parent":"h10","pivot":[-17.40167,28.01276,15.07616],"rotation":[0,0,35.38312],"cubes":[{"origin":[-1.86184,25.26144,2.93479],"size":[1,0.01,0.5],"uv":[10,3]}]},{"name":"bone211","parent":"h10","pivot":[-18.2171,28.5919,15.07616],"rotation":[0,0,19.08133]},{"name":"bone212","parent":"h10","pivot":[-19.16241,28.9189,15.07616],"rotation":[0,0,-7.1845]},{"name":"h13","parent":"hair1","pivot":[-6,14,2],"rotation":[177.80099,1.27624,-52.51026]},{"name":"bone229","parent":"h13","pivot":[-13.50177,24.9697,14.07616],"rotation":[0,0,22.12117],"cubes":[{"origin":[0.9658,18.49746,1.93479],"size":[1,0,1],"uv":[29,7]}]},{"name":"bone230","parent":"h13","pivot":[-14.42853,25.34642,14.07616],"rotation":[0,0,36.83842]},{"name":"bone231","parent":"h13","pivot":[-15.22882,25.94595,14.07616],"rotation":[0,0,43.21192]},{"name":"bone232","parent":"h13","pivot":[-15.95733,26.63036,14.07616],"rotation":[0,0,44.84077]},{"name":"bone233","parent":"h13","pivot":[-16.66632,27.33541,14.07616],"rotation":[0,0,42.64884]},{"name":"bone234","parent":"h13","pivot":[-17.40167,28.01276,14.07616],"rotation":[0,0,35.38312]},{"name":"bone235","parent":"h13","pivot":[-18.2171,28.5919,14.07616],"rotation":[0,0,19.08133]},{"name":"bone236","parent":"h13","pivot":[-19.16241,28.9189,14.07616],"rotation":[0,0,-7.1845]},{"name":"h11","parent":"hair1","pivot":[-6,14,-2],"rotation":[177.80099,1.27624,-52.51026]},{"name":"bone213","parent":"h11","pivot":[-13.50177,24.9697,10.07616],"rotation":[0,0,22.12117],"cubes":[{"origin":[0.9658,18.49746,-2.06521],"size":[1,0.01,1],"uv":[33,15]}]},{"name":"bone214","parent":"h11","pivot":[-14.42853,25.34642,10.07616],"rotation":[0,0,36.83842],"cubes":[{"origin":[1.17584,23.01605,-2.06521],"size":[1,0.01,1],"uv":[31,15]}]},{"name":"bone215","parent":"h11","pivot":[-15.22882,25.94595,10.07616],"rotation":[0,0,43.21192],"cubes":[{"origin":[0.53161,25.47322,-2.06521],"size":[1,0.01,0.5],"uv":[13,6]}]},{"name":"bone216","parent":"h11","pivot":[-15.95733,26.63036,10.07616],"rotation":[0,0,44.84077]},{"name":"bone217","parent":"h11","pivot":[-16.66632,27.33541,10.07616],"rotation":[0,0,42.64884]},{"name":"bone218","parent":"h11","pivot":[-17.40167,28.01276,10.07616],"rotation":[0,0,35.38312]},{"name":"bone219","parent":"h11","pivot":[-18.2171,28.5919,10.07616],"rotation":[0,0,19.08133]},{"name":"bone220","parent":"h11","pivot":[-19.16241,28.9189,10.07616],"rotation":[0,0,-7.1845]},{"name":"h12","parent":"hair1","pivot":[-6,14,-1],"rotation":[177.80099,1.27624,-52.51026]},{"name":"bone221","parent":"h12","pivot":[-13.50177,24.9697,11.07616],"rotation":[0,0,22.12117],"cubes":[{"origin":[0.9658,18.49746,-1.06521],"size":[1,0,1],"uv":[31,31]}]},{"name":"bone222","parent":"h12","pivot":[-14.42853,25.34642,11.07616],"rotation":[0,0,36.83842]},{"name":"bone223","parent":"h12","pivot":[-15.22882,25.94595,11.07616],"rotation":[0,0,43.21192]},{"name":"bone224","parent":"h12","pivot":[-15.95733,26.63036,11.07616],"rotation":[0,0,44.84077]},{"name":"bone225","parent":"h12","pivot":[-16.66632,27.33541,11.07616],"rotation":[0,0,42.64884]},{"name":"bone226","parent":"h12","pivot":[-17.40167,28.01276,11.07616],"rotation":[0,0,35.38312]},{"name":"bone227","parent":"h12","pivot":[-18.2171,28.5919,11.07616],"rotation":[0,0,19.08133]},{"name":"bone228","parent":"h12","pivot":[-19.16241,28.9189,11.07616],"rotation":[0,0,-7.1845]},{"name":"hair2","parent":"head","pivot":[0,18,0],"cubes":[{"origin":[-4.26,16.75,-4.25],"size":[0.01,9.5,8.5],"uv":[16,20]},{"origin":[4.24,17.75,-4.25],"size":[0.01,8.5,8.5],"uv":[0,16]},{"origin":[4.24,14.25,-4.25],"size":[0.01,3.5,8.5],"uv":[16,28]}]},{"name":"hair3","parent":"head","pivot":[0,18,0],"cubes":[{"origin":[-4.3,26.25,-4.25],"size":[8.5,0.01,8.5],"uv":[0,16]}]},{"name":"hair4","parent":"head","pivot":[0,18,0],"cubes":[{"origin":[3.99,14.5,-4],"size":[0.01,3.5,8],"uv":[0,27]},{"origin":[-4.01,14.5,-4],"size":[0.01,3.5,8],"uv":[0,24]}]},{"name":"armRight","pivot":[-3,17,0],"rotation":[0,0,25],"cubes":[{"origin":[-4.63723,8.99669,-1],"size":[2,8,2],"uv":[52,13]}]},{"name":"1","parent":"armRight","pivot":[-3.31696,18.17973,0],"cubes":[{"origin":[-3.12958,10.33449,-1.25],"size":[1,1,0.01],"uv":[62,20]},{"origin":[-5.12958,14.33449,-1.75],"size":[1,1,0.5],"uv":[43,84]},{"origin":[-4.88958,13.33449,-0.5],"size":[0.01,1,1],"uv":[56,36]},{"origin":[-2.42696,13.33449,-0.5],"size":[0.01,1,1],"uv":[56,56]},{"origin":[-5.37958,14.33449,-0.5],"size":[0.5,1,1],"uv":[60,26]},{"origin":[-2.37958,14.33449,-0.5],"size":[0.5,1,1],"uv":[43,85]},{"origin":[-4.88958,13.33449,-1.5],"size":[0.01,1,1],"uv":[56,32]},{"origin":[-2.42696,13.33449,-1.5],"size":[0.01,1,1],"uv":[46,55]},{"origin":[-5.37958,14.33449,-1.5],"size":[0.5,1,1],"uv":[43,85]},{"origin":[-2.37958,14.33449,-1.5],"size":[0.5,1,1],"uv":[44,83]},{"origin":[-3.12958,10.33449,1.25],"size":[1,1,0.01],"uv":[62,50]},{"origin":[-3.12958,11.33449,-1.25],"size":[1,1,0.01],"uv":[62,21]},{"origin":[-3.12958,11.33449,1.25],"size":[1,1,0.01],"uv":[62,53]},{"origin":[-3.12958,12.33449,-1.25],"size":[1,1,0.01],"uv":[62,40]},{"origin":[-3.12958,12.33449,1.25],"size":[1,1,0.01],"uv":[62,56]},{"origin":[-3.12958,13.33449,-1.25],"size":[1,1,0.01],"uv":[62,41]},{"origin":[-3.12958,13.33449,1.25],"size":[1,1,0.01],"uv":[2,63]},{"origin":[-4.12958,10.33449,-1.25],"size":[1,1,0.01],"uv":[62,19]},{"origin":[-4.12958,10.33449,1.25],"size":[1,1,0.01],"uv":[62,51]},{"origin":[-4.12958,11.33449,-1.25],"size":[1,1,0.01],"uv":[62,22]},{"origin":[-4.12958,11.33449,1.25],"size":[1,1,0.01],"uv":[62,54]},{"origin":[-4.12958,12.33449,-1.25],"size":[1,1,0.01],"uv":[62,39]},{"origin":[-4.12958,12.33449,1.25],"size":[1,1,0.01],"uv":[62,57]},{"origin":[-4.12958,13.33449,-1.25],"size":[1,1,0.01],"uv":[62,42]},{"origin":[-4.12958,13.33449,1.25],"size":[1,1,0.01],"uv":[4,63]},{"origin":[-5.12958,10.33449,-1.25],"size":[1,1,0.01],"uv":[62,18]},{"origin":[-5.12958,10.33449,1.25],"size":[1,1,0.01],"uv":[62,52]},{"origin":[-5.12958,11.33449,-1.25],"size":[1,1,0.01],"uv":[62,23]},{"origin":[-5.12958,11.33449,1.25],"size":[1,1,0.01],"uv":[62,55]},{"origin":[-5.12958,12.33449,-1.25],"size":[1,1,0.01],"uv":[62,24]},{"origin":[-5.12958,12.33449,1.25],"size":[1,1,0.01],"uv":[0,63]},{"origin":[-5.12958,13.33449,-1.25],"size":[1,1,0.01],"uv":[62,49]},{"origin":[-5.12958,13.33449,1.25],"size":[1,1,0.01],"uv":[6,63]},{"origin":[-5.12958,14.33449,1.25],"size":[1,1,0.5],"uv":[43,86]},{"origin":[-4.12958,14.33449,-1.75],"size":[1,1,0.5],"uv":[44,87]},{"origin":[-4.12958,14.33449,1.25],"size":[1,1,0.5],"uv":[45,86]},{"origin":[-3.12958,14.33449,-1.75],"size":[1,1,0.5],"uv":[43,84]},{"origin":[-3.12958,14.33449,1.25],"size":[1,1,0.5],"uv":[44,85]},{"origin":[-5.37958,14.33449,0.5],"size":[0.5,1,1],"uv":[43,84]},{"origin":[-2.37958,14.33449,0.5],"size":[0.5,1,1],"uv":[44,85]},{"origin":[-2.42696,13.33449,0.5],"size":[0.01,1,1],"uv":[56,0]},{"origin":[-4.88958,13.33449,0.5],"size":[0.01,1,1],"uv":[56,49]},{"origin":[-2.42696,11.33449,-1.5],"size":[0.01,1,1],"uv":[54,35]},{"origin":[-4.88958,11.33449,-1.5],"size":[0.01,1,1],"uv":[56,30]},{"origin":[-2.42696,11.33449,-0.5],"size":[0.01,1,1],"uv":[54,36]},{"origin":[-4.88958,11.33449,-0.5],"size":[0.01,1,1],"uv":[56,34]},{"origin":[-2.42696,11.33449,0.5],"size":[0.01,1,1],"uv":[54,48]},{"origin":[-4.88958,11.33449,0.5],"size":[0.01,1,1],"uv":[56,50]},{"origin":[-2.42696,12.33449,-1.5],"size":[0.01,1,1],"uv":[40,55]},{"origin":[-4.88958,12.33449,-1.5],"size":[0.01,1,1],"uv":[56,31]},{"origin":[-2.42696,12.33449,-0.5],"size":[0.01,1,1],"uv":[38,55]},{"origin":[-4.88958,12.33449,-0.5],"size":[0.01,1,1],"uv":[56,35]},{"origin":[-2.42696,12.33449,0.5],"size":[0.01,1,1],"uv":[32,55]},{"origin":[-4.88958,12.33449,0.5],"size":[0.01,1,1],"uv":[56,48]},{"origin":[-2.42696,10.33449,-1.5],"size":[0.01,1,1],"uv":[54,23]},{"origin":[-4.88958,10.33449,-1.5],"size":[0.01,1,1],"uv":[56,23]},{"origin":[-2.42696,10.33449,-0.5],"size":[0.01,1,1],"uv":[54,22]},{"origin":[-4.88958,10.33449,-0.5],"size":[0.01,1,1],"uv":[56,33]},{"origin":[-2.42696,10.33449,0.5],"size":[0.01,1,1],"uv":[54,0]},{"origin":[-4.88958,10.33449,0.5],"size":[0.01,1,1],"uv":[56,51]}]},{"name":"2","parent":"armRight","pivot":[-3.31696,16.92973,0],"rotation":[0,0,25],"cubes":[{"origin":[-1.95497,9.2878,-1.5],"size":[0.01,1,1],"uv":[46,54]},{"origin":[-1.95497,9.2878,-0.5],"size":[0.01,1,1],"uv":[40,54]},{"origin":[-1.95497,9.2878,0.5],"size":[0.01,1,1],"uv":[38,54]}]},{"name":"3","parent":"armRight","pivot":[-3.31696,17.67973,0],"rotation":[-25,0,0],"cubes":[{"origin":[-5.12958,9.49864,1.98041],"size":[1,1,0.01],"uv":[62,17]},{"origin":[-4.12958,9.49864,1.98041],"size":[1,1,0.01],"uv":[62,16]},{"origin":[-3.12958,9.49864,1.98041],"size":[1,1,0.01],"uv":[62,1]}]},{"name":"4","parent":"armRight","pivot":[-3.31696,17.67973,0],"rotation":[25,0,0],"cubes":[{"origin":[-5.12958,9.49019,-1.97228],"size":[1,1,0.01],"uv":[62,0]},{"origin":[-4.12958,9.49019,-1.97228],"size":[1,1,0.01],"uv":[54,62]},{"origin":[-3.12958,9.49019,-1.97228],"size":[1,1,0.01],"uv":[52,62]}]},{"name":"5","parent":"armRight","pivot":[-3.31696,17.67973,0],"rotation":[0,0,-25],"cubes":[{"origin":[-5.61552,9.64233,0.5],"size":[0.01,1,1],"uv":[32,54]},{"origin":[-5.61552,9.64233,-0.5],"size":[0.01,1,1],"uv":[52,46]},{"origin":[-5.61552,9.64233,-1.5],"size":[0.01,1,1],"uv":[52,45]}]},{"name":"armLeft","pivot":[3,17,0],"rotation":[0,0,-25],"cubes":[{"origin":[2.48038,9.02723,-1],"size":[2,8,2],"uv":[24,52]}]},{"name":"6","parent":"armLeft","pivot":[3.80065,18.21027,0],"cubes":[{"origin":[3.98804,10.36503,-1.25],"size":[1,1,0.01],"uv":[30,62]},{"origin":[1.98804,14.36503,-1.75],"size":[1,1,0.5],"uv":[44,84]},{"origin":[2.22804,13.36503,-0.5],"size":[0.01,1,1],"uv":[52,44]},{"origin":[4.69065,13.36503,-0.5],"size":[0.01,1,1],"uv":[52,43]},{"origin":[1.73804,14.36503,-0.5],"size":[0.5,1,1],"uv":[52,42]},{"origin":[4.73804,14.36503,-0.5],"size":[0.5,1,1],"uv":[64,64]},{"origin":[2.22804,13.36503,-1.5],"size":[0.01,1,1],"uv":[52,35]},{"origin":[4.69065,13.36503,-1.5],"size":[0.01,1,1],"uv":[52,13]},{"origin":[1.73804,14.36503,-1.5],"size":[0.5,1,1],"uv":[46,85]},{"origin":[4.73804,14.36503,-1.5],"size":[0.5,1,1],"uv":[44,84]},{"origin":[3.98804,10.36503,1.25],"size":[1,1,0.01],"uv":[54,61]},{"origin":[3.98804,11.36503,-1.25],"size":[1,1,0.01],"uv":[52,61]},{"origin":[3.98804,11.36503,1.25],"size":[1,1,0.01],"uv":[60,55]},{"origin":[3.98804,12.36503,-1.25],"size":[1,1,0.01],"uv":[60,54]},{"origin":[3.98804,12.36503,1.25],"size":[1,1,0.01],"uv":[60,53]},{"origin":[3.98804,13.36503,-1.25],"size":[1,1,0.01],"uv":[60,52]},{"origin":[3.98804,13.36503,1.25],"size":[1,1,0.01],"uv":[60,51]},{"origin":[2.98804,10.36503,-1.25],"size":[1,1,0.01],"uv":[60,50]},{"origin":[2.98804,10.36503,1.25],"size":[1,1,0.01],"uv":[60,49]},{"origin":[2.98804,11.36503,-1.25],"size":[1,1,0.01],"uv":[60,41]},{"origin":[2.98804,11.36503,1.25],"size":[1,1,0.01],"uv":[60,40]},{"origin":[2.98804,12.36503,-1.25],"size":[1,1,0.01],"uv":[60,39]},{"origin":[2.98804,12.36503,1.25],"size":[1,1,0.01],"uv":[60,22]},{"origin":[2.98804,13.36503,-1.25],"size":[1,1,0.01],"uv":[60,21]},{"origin":[2.98804,13.36503,1.25],"size":[1,1,0.01],"uv":[60,20]},{"origin":[1.98804,10.36503,-1.25],"size":[1,1,0.01],"uv":[60,19]},{"origin":[1.98804,10.36503,1.25],"size":[1,1,0.01],"uv":[60,18]},{"origin":[1.98804,11.36503,-1.25],"size":[1,1,0.01],"uv":[60,17]},{"origin":[1.98804,11.36503,1.25],"size":[1,1,0.01],"uv":[60,16]},{"origin":[1.98804,12.36503,-1.25],"size":[1,1,0.01],"uv":[60,9]},{"origin":[1.98804,12.36503,1.25],"size":[1,1,0.01],"uv":[60,8]},{"origin":[1.98804,13.36503,-1.25],"size":[1,1,0.01],"uv":[58,55]},{"origin":[1.98804,13.36503,1.25],"size":[1,1,0.01],"uv":[58,54]},{"origin":[1.98804,14.36503,1.25],"size":[1,1,0.5],"uv":[45,83]},{"origin":[2.98804,14.36503,-1.75],"size":[1,1,0.5],"uv":[44,84]},{"origin":[2.98804,14.36503,1.25],"size":[1,1,0.5],"uv":[44,85]},{"origin":[3.98804,14.36503,-1.75],"size":[1,1,0.5],"uv":[44,84]},{"origin":[3.98804,14.36503,1.25],"size":[1,1,0.5],"uv":[44,85]},{"origin":[1.73804,14.36503,0.5],"size":[0.5,1,1],"uv":[44,85]},{"origin":[4.73804,14.36503,0.5],"size":[0.5,1,1],"uv":[45,84]},{"origin":[4.69065,13.36503,0.5],"size":[0.01,1,1],"uv":[24,51]},{"origin":[2.22804,13.36503,0.5],"size":[0.01,1,1],"uv":[22,51]},{"origin":[4.69065,11.36503,-1.5],"size":[0.01,1,1],"uv":[16,51]},{"origin":[2.22804,11.36503,-1.5],"size":[0.01,1,1],"uv":[14,51]},{"origin":[4.69065,11.36503,-0.5],"size":[0.01,1,1],"uv":[8,51]},{"origin":[2.22804,11.36503,-0.5],"size":[0.01,1,1],"uv":[50,46]},{"origin":[4.69065,11.36503,0.5],"size":[0.01,1,1],"uv":[50,45]},{"origin":[2.22804,11.36503,0.5],"size":[0.01,1,1],"uv":[50,44]},{"origin":[4.69065,12.36503,-1.5],"size":[0.01,1,1],"uv":[50,43]},{"origin":[2.22804,12.36503,-1.5],"size":[0.01,1,1],"uv":[50,42]},{"origin":[4.69065,12.36503,-0.5],"size":[0.01,1,1],"uv":[50,36]},{"origin":[2.22804,12.36503,-0.5],"size":[0.01,1,1],"uv":[50,35]},{"origin":[4.69065,12.36503,0.5],"size":[0.01,1,1],"uv":[50,13]},{"origin":[2.22804,12.36503,0.5],"size":[0.01,1,1],"uv":[22,50]},{"origin":[4.69065,10.36503,-1.5],"size":[0.01,1,1],"uv":[16,50]},{"origin":[2.22804,10.36503,-1.5],"size":[0.01,1,1],"uv":[14,50]},{"origin":[4.69065,10.36503,-0.5],"size":[0.01,1,1],"uv":[8,50]},{"origin":[2.22804,10.36503,-0.5],"size":[0.01,1,1],"uv":[6,50]},{"origin":[4.69065,10.36503,0.5],"size":[0.01,1,1],"uv":[0,50]},{"origin":[2.22804,10.36503,0.5],"size":[0.01,1,1],"uv":[10,49]}]},{"name":"7","parent":"armLeft","pivot":[3.80065,16.96027,0],"rotation":[0,0,25],"cubes":[{"origin":[5.16265,9.31834,-1.5],"size":[0.01,1,1],"uv":[8,49]},{"origin":[5.16265,9.31834,-0.5],"size":[0.01,1,1],"uv":[6,49]},{"origin":[5.16265,9.31834,0.5],"size":[0.01,1,1],"uv":[0,49]}]},{"name":"8","parent":"armLeft","pivot":[3.80065,17.71027,0],"rotation":[-25,0,0],"cubes":[{"origin":[1.98804,9.52917,1.98041],"size":[1,1,0.01],"uv":[58,41]},{"origin":[2.98804,9.52917,1.98041],"size":[1,1,0.01],"uv":[58,40]},{"origin":[3.98804,9.52917,1.98041],"size":[1,1,0.01],"uv":[58,39]}]},{"name":"9","parent":"armLeft","pivot":[3.80065,17.71027,0],"rotation":[25,0,0],"cubes":[{"origin":[1.98804,9.52072,-1.97228],"size":[1,1,0.01],"uv":[58,32]},{"origin":[2.98804,9.52072,-1.97228],"size":[1,1,0.01],"uv":[58,31]},{"origin":[3.98804,9.52072,-1.97228],"size":[1,1,0.01],"uv":[58,14]}]},{"name":"10","parent":"armLeft","pivot":[3.80065,17.71027,0],"rotation":[0,0,-25],"cubes":[{"origin":[1.5021,9.67286,0.5],"size":[0.01,1,1],"uv":[0,16]},{"origin":[1.5021,9.67286,-0.5],"size":[0.01,1,1],"uv":[0,15]},{"origin":[1.5021,9.67286,-1.5],"size":[0.01,1,1],"uv":[0,0]}]},{"name":"body","pivot":[0,10.5,0],"cubes":[{"origin":[-3,13.999,-3],"size":[6,4,6],"uv":[18,18]},{"origin":[-2.5,12.5,-2.5],"size":[5,2,5],"uv":[24,0]},{"origin":[-2.25,11.5,-2.25],"size":[4.5,1,4.5],"uv":[46,38]}]},{"name":"sittingRotationSkirt","parent":"body","pivot":[0,7.5,0]},{"name":"qunzi1","parent":"sittingRotationSkirt","pivot":[0,33.4,0]},{"name":"bone34","parent":"qunzi1","pivot":[0,6.9,0],"rotation":[0,-330,0]},{"name":"bone35","parent":"bone34","pivot":[0,6.9,5.27792],"rotation":[45,0,0]},{"name":"bone36","parent":"bone35","pivot":[0,6.9,5.27792],"rotation":[0,-45,0],"cubes":[{"origin":[-1,6.9,4.27792],"size":[2,6,2],"uv":[0,0]}]},{"name":"bone31","parent":"qunzi1","pivot":[0,6.9,0],"rotation":[0,-300,0]},{"name":"bone32","parent":"bone31","pivot":[0,6.9,5.27792],"rotation":[45,0,0]},{"name":"bone33","parent":"bone32","pivot":[0,6.9,5.27792],"rotation":[0,-45,0],"cubes":[{"origin":[-1,6.9,4.27792],"size":[2,6,2],"uv":[0,16]}]},{"name":"bone28","parent":"qunzi1","pivot":[0,6.9,0],"rotation":[0,-270,0]},{"name":"bone29","parent":"bone28","pivot":[0,6.9,5.27792],"rotation":[45,0,0]},{"name":"bone30","parent":"bone29","pivot":[0,6.9,5.27792],"rotation":[0,-45,0],"cubes":[{"origin":[-1,6.9,4.27792],"size":[2,6,2],"uv":[32,55]}]},{"name":"bone25","parent":"qunzi1","pivot":[0,6.9,0],"rotation":[0,-240,0]},{"name":"bone26","parent":"bone25","pivot":[0,6.9,5.27792],"rotation":[45,0,0]},{"name":"bone27","parent":"bone26","pivot":[0,6.9,5.27792],"rotation":[0,-45,0],"cubes":[{"origin":[-1,6.9,4.27792],"size":[2,6,2],"uv":[40,55]}]},{"name":"bone22","parent":"qunzi1","pivot":[0,6.9,0],"rotation":[0,-210,0]},{"name":"bone23","parent":"bone22","pivot":[0,6.9,5.27792],"rotation":[45,0,0]},{"name":"bone24","parent":"bone23","pivot":[0,6.9,5.27792],"rotation":[0,-45,0],"cubes":[{"origin":[-1,6.9,4.27792],"size":[2,6,2],"uv":[56,56]}]},{"name":"bone19","parent":"qunzi1","pivot":[0,6.9,0],"rotation":[0,-180,0]},{"name":"bone20","parent":"bone19","pivot":[0,6.9,5.27792],"rotation":[45,0,0]},{"name":"bone21","parent":"bone20","pivot":[0,6.9,5.27792],"rotation":[0,-45,0],"cubes":[{"origin":[-1,6.9,4.27792],"size":[2,6,2],"uv":[56,0]}]},{"name":"bone16","parent":"qunzi1","pivot":[0,6.9,0],"rotation":[0,-150,0]},{"name":"bone17","parent":"bone16","pivot":[0,6.9,5.27792],"rotation":[45,0,0]},{"name":"bone18","parent":"bone17","pivot":[0,6.9,5.27792],"rotation":[0,-45,0],"cubes":[{"origin":[-1,6.9,4.27792],"size":[2,6,2],"uv":[56,23]}]},{"name":"bone10","parent":"qunzi1","pivot":[0,6.9,0],"rotation":[0,-90,0]},{"name":"bone11","parent":"bone10","pivot":[0,6.9,5.27792],"rotation":[45,0,0]},{"name":"bone12","parent":"bone11","pivot":[0,6.9,5.27792],"rotation":[0,-45,0],"cubes":[{"origin":[-1,6.9,4.27792],"size":[2,6,2],"uv":[60,8]}]},{"name":"bone7","parent":"qunzi1","pivot":[0,6.9,0],"rotation":[0,-60,0]},{"name":"bone8","parent":"bone7","pivot":[0,6.9,5.27792],"rotation":[45,0,0]},{"name":"bone9","parent":"bone8","pivot":[0,6.9,5.27792],"rotation":[0,-45,0],"cubes":[{"origin":[-1,6.9,4.27792],"size":[2,6,2],"uv":[46,61]}]},{"name":"bone13","parent":"qunzi1","pivot":[0,6.9,0],"rotation":[0,-120,0]},{"name":"bone14","parent":"bone13","pivot":[0,6.9,5.27792],"rotation":[45,0,0]},{"name":"bone15","parent":"bone14","pivot":[0,6.9,5.27792],"rotation":[0,-45,0],"cubes":[{"origin":[-1,6.9,4.27792],"size":[2,6,2],"uv":[58,31]}]},{"name":"bone4","parent":"qunzi1","pivot":[0,6.9,0],"rotation":[0,-30,0]},{"name":"bone5","parent":"bone4","pivot":[0,6.9,5.27792],"rotation":[45,0,0]},{"name":"bone6","parent":"bone5","pivot":[0,6.9,5.27792],"rotation":[0,-45,0],"cubes":[{"origin":[-1,6.9,4.27792],"size":[2,6,2],"uv":[22,62]}]},{"name":"bone","parent":"qunzi1","pivot":[0,6.9,0]},{"name":"bone2","parent":"bone","pivot":[0,6.9,5.27792],"rotation":[45,0,0]},{"name":"bone3","parent":"bone2","pivot":[0,6.9,5.27792],"rotation":[0,-45,0],"cubes":[{"origin":[-1,6.9,4.27792],"size":[2,6,2],"uv":[62,62]}]},{"name":"upiaodai","parent":"body","pivot":[2.3,10.4,0.5],"rotation":[0,0,-45],"cubes":[{"origin":[1.8,13.15,-2.6],"size":[1,1,0.25],"uv":[40,63]}]},{"name":"upiaodai1","parent":"upiaodai","pivot":[3.30858,13.11716,-2.5],"rotation":[86.67521,34.20161,-117.25349]},{"name":"bone85","parent":"upiaodai1","pivot":[0.00658,0.73267,0.44533],"rotation":[0,0,44.38746],"cubes":[{"origin":[-7.05097,11.98788,-2.52711],"size":[1,0.01,1],"uv":[49,13]}]},{"name":"bone86","parent":"upiaodai1","pivot":[-0.70826,1.4324,0.44533],"rotation":[0,0,40.3098],"cubes":[{"origin":[-6.9495,13.10763,-2.52711],"size":[1,0.01,1],"uv":[47,49]}]},{"name":"bone87","parent":"upiaodai1","pivot":[-1.47096,12.07943,0.44533],"rotation":[0,0,17.28802],"cubes":[{"origin":[0.24351,15.32618,-2.52711],"size":[1,0.01,1],"uv":[47,48]}]},{"name":"bone88","parent":"upiaodai1","pivot":[-2.33912,2.57639,0.44533],"rotation":[0,0,-6.55127],"cubes":[{"origin":[1.48844,14.19504,-2.52711],"size":[1,0.01,1],"uv":[47,46]}]},{"name":"bone89","parent":"upiaodai1","pivot":[-3.32838,2.72333,0.44533],"rotation":[0,0,-33.01402],"cubes":[{"origin":[5.02551,10.7567,-2.52711],"size":[1,0.01,1],"uv":[47,45]}]},{"name":"bone90","parent":"upiaodai1","pivot":[-4.27955,2.41402,0.44533],"rotation":[0,0,-49.85666],"cubes":[{"origin":[5.89329,7.1536,-2.52711],"size":[1,0.01,1],"uv":[47,44]}]},{"name":"bone91","parent":"upiaodai1","pivot":[0.90013,11.84269,-1.55467],"rotation":[0,0,-77.43863],"cubes":[{"origin":[0.78231,14.33841,-2.52711],"size":[1,0.01,1],"uv":[47,43]}]},{"name":"bone92","parent":"upiaodai1","pivot":[-5.83815,12.16763,-3.55467],"rotation":[0,0,-97.32459],"cubes":[{"origin":[-7.28104,7.91268,-2.52711],"size":[1,0.01,1],"uv":[47,41]}]},{"name":"bone93","parent":"upiaodai1","pivot":[-1.54713,9.46297,0.44533],"rotation":[0,0,-140.87989],"cubes":[{"origin":[-1.48844,7.9824,-2.52711],"size":[1,0.01,1],"uv":[47,40]}]},{"name":"bone94","parent":"upiaodai1","pivot":[-2.27369,10.77638,-1.55467],"rotation":[0,0,-152.28532],"cubes":[{"origin":[-4.76278,10.13924,-2.52711],"size":[1,0.01,1],"uv":[47,39]}]},{"name":"upiaodai2","parent":"upiaodai","pivot":[1.35147,13.82426,-2.5],"rotation":[86.67521,34.20161,30.24651]},{"name":"bone95","parent":"upiaodai2","pivot":[-1.95053,1.43978,0.44533],"rotation":[0,0,44.38746],"cubes":[{"origin":[-9.00807,12.69499,-2.52711],"size":[1,0.01,1],"uv":[47,38]}]},{"name":"bone96","parent":"upiaodai2","pivot":[-2.66537,2.1395,0.44533],"rotation":[0,0,40.3098],"cubes":[{"origin":[-8.90661,13.81474,-2.52711],"size":[1,0.01,1],"uv":[47,37]}]},{"name":"bone97","parent":"upiaodai2","pivot":[-3.42807,12.78654,0.44533],"rotation":[0,0,17.28802],"cubes":[{"origin":[-1.7136,16.03328,-2.52711],"size":[1,0.01,1],"uv":[47,36]}]},{"name":"bone98","parent":"upiaodai2","pivot":[-4.29623,3.2835,0.44533],"rotation":[0,0,-6.55127],"cubes":[{"origin":[-0.46867,14.90215,-2.52711],"size":[1,0.01,1],"uv":[47,24]}]},{"name":"bone99","parent":"upiaodai2","pivot":[-5.28549,3.43044,0.44533],"rotation":[0,0,-33.01402],"cubes":[{"origin":[3.06841,11.4638,-2.52711],"size":[1,0.01,1],"uv":[47,23]}]},{"name":"bone100","parent":"upiaodai2","pivot":[-6.23666,3.12113,0.44533],"rotation":[0,0,-49.85666],"cubes":[{"origin":[3.93618,7.86071,-2.52711],"size":[1,0.01,1],"uv":[47,14]}]},{"name":"bone101","parent":"upiaodai2","pivot":[-1.05697,12.54979,-1.55467],"rotation":[0,0,-77.43863],"cubes":[{"origin":[-1.1748,15.04551,-2.52711],"size":[1,0.01,1],"uv":[47,13]}]},{"name":"bone102","parent":"upiaodai2","pivot":[-7.79525,12.87474,-3.55467],"rotation":[0,0,-97.32459],"cubes":[{"origin":[-9.23815,8.61979,-2.52711],"size":[1,0.01,1],"uv":[47,47]}]},{"name":"bone103","parent":"upiaodai2","pivot":[-3.50424,10.17008,0.44533],"rotation":[0,0,-140.87989],"cubes":[{"origin":[-3.44555,8.68951,-2.52711],"size":[1,0.01,1],"uv":[46,1]}]},{"name":"bone104","parent":"upiaodai2","pivot":[-4.2308,11.48349,-1.55467],"rotation":[0,0,-152.28532],"cubes":[{"origin":[-6.71988,10.84635,-2.52711],"size":[1,0.01,1],"uv":[46,0]}]},{"name":"upiaodai3","parent":"upiaodai","pivot":[1.49289,13.74142,-2.4],"rotation":[-7.22299,11.70606,77.30506]},{"name":"bone105","parent":"upiaodai3","pivot":[0.14142,-0.08284,0.1],"rotation":[0,0,25.79358],"cubes":[{"origin":[6.65861,19.82176,-2.56432],"size":[1,0.01,1],"uv":[45,43]}]},{"name":"bone106","parent":"upiaodai3","pivot":[-0.75897,0.3523,0.1],"rotation":[0,0,21.01398],"cubes":[{"origin":[7.39059,19.56133,-2.56432],"size":[1,0.01,1],"uv":[45,31]}]},{"name":"bone107","parent":"upiaodai3","pivot":[-1.69256,0.71093,0.1],"rotation":[0,0,11.1227],"cubes":[{"origin":[9.6207,18.06273,-2.56432],"size":[1,0.01,1],"uv":[45,30]}]},{"name":"bone108","parent":"upiaodai3","pivot":[-2.67401,0.90389,0.1],"rotation":[0,0,-2.45273],"cubes":[{"origin":[12.36815,14.88067,-2.56432],"size":[1,0.01,1],"uv":[45,29]}]},{"name":"bone109","parent":"upiaodai3","pivot":[-3.67303,0.8611,0.1],"rotation":[0,0,-15.13268],"cubes":[{"origin":[14.04585,10.97567,-2.56432],"size":[1,0.01,1],"uv":[45,28]}]},{"name":"bone110","parent":"upiaodai3","pivot":[-4.63836,0.60004,0.1],"rotation":[0,0,-23.24925],"cubes":[{"origin":[14.32106,7.97042,-2.56432],"size":[1,0.01,1],"uv":[45,27]}]},{"name":"bone111","parent":"upiaodai3","pivot":[-5.55731,0.20524,0.1],"rotation":[0,0,-26.32046],"cubes":[{"origin":[13.76833,6.49567,-2.56432],"size":[1,0.01,1],"uv":[45,26]}]},{"name":"bone112","parent":"upiaodai3","pivot":[-6.45379,-0.23823,0.1],"rotation":[0,0,-24.69237],"cubes":[{"origin":[12.68492,6.62715,-2.56432],"size":[1,0.01,1],"uv":[45,25]}]},{"name":"bone113","parent":"upiaodai3","pivot":[-7.362,-0.65581,0.1],"rotation":[0,0,-18.14732],"cubes":[{"origin":[10.86292,8.46032,-2.56432],"size":[1,0.01,1],"uv":[45,24]}]},{"name":"bone114","parent":"upiaodai3","pivot":[-8.31219,-0.96725,0.1],"rotation":[0,0,-6.63547],"cubes":[{"origin":[7.70668,11.80222,-2.56432],"size":[1,0.01,1],"uv":[45,23]}]},{"name":"bone115","parent":"upiaodai3","pivot":[-9.30536,-1.08278,0.1],"rotation":[0,0,7.22486],"cubes":[{"origin":[3.15897,15.39184,-2.56432],"size":[1,0.01,1],"uv":[45,6]}]},{"name":"bone116","parent":"upiaodai3","pivot":[-10.29754,-0.957,0.1],"rotation":[0,0,18.5472],"cubes":[{"origin":[-1.3297,17.84043,-2.56432],"size":[1,0.01,1],"uv":[45,5]}]},{"name":"bone117","parent":"upiaodai3","pivot":[-11.24579,-0.63886,0.1],"rotation":[0,0,24.86585],"cubes":[{"origin":[-4.4073,19.14142,-2.56432],"size":[1,0.01,1],"uv":[44,4]}]},{"name":"bone118","parent":"upiaodai3","pivot":[-12.15301,-0.21839,0.1],"rotation":[0,0,26.28474],"cubes":[{"origin":[-5.80672,19.74991,-2.56432],"size":[1,0.01,1],"uv":[44,3]}]},{"name":"upiaodai4","parent":"upiaodai","pivot":[1.03327,11.51403,-4],"rotation":[156.80745,13.77496,-167.60257]},{"name":"bone119","parent":"upiaodai4","pivot":[-0.3182,-2.31023,-1.5],"rotation":[0,0,25.79358],"cubes":[{"origin":[4.56364,17.76475,-7.28853],"size":[1,0.01,1],"uv":[44,2]}]},{"name":"bone120","parent":"upiaodai4","pivot":[-1.21859,-1.87509,-1.5],"rotation":[0,0,21.01398],"cubes":[{"origin":[5.3155,17.63999,-7.28853],"size":[1,0.01,1],"uv":[44,1]}]},{"name":"bone121","parent":"upiaodai4","pivot":[-2.15218,-1.51645,-1.5],"rotation":[0,0,11.1227],"cubes":[{"origin":[7.6222,16.41435,-7.28853],"size":[1,0.01,1],"uv":[44,0]}]},{"name":"bone122","parent":"upiaodai4","pivot":[-3.13363,-1.3235,-1.5],"rotation":[0,0,-2.45273],"cubes":[{"origin":[10.54855,13.57733,-7.28853],"size":[1,0.01,1],"uv":[43,31]}]},{"name":"bone123","parent":"upiaodai4","pivot":[-4.13265,-1.36629,-1.5],"rotation":[0,0,-15.13268],"cubes":[{"origin":[12.46226,9.94831,-7.28853],"size":[1,0.01,1],"uv":[43,30]}]},{"name":"bone124","parent":"upiaodai4","pivot":[-5.09798,-1.62735,-1.5],"rotation":[0,0,-23.24925],"cubes":[{"origin":[12.91815,7.08974,-7.28853],"size":[1,0.01,1],"uv":[43,29]}]},{"name":"bone125","parent":"upiaodai4","pivot":[-6.01693,-2.02214,-1.5],"rotation":[0,0,-26.32046],"cubes":[{"origin":[12.43893,5.66359,-7.28853],"size":[1,0.01,1],"uv":[43,28]}]},{"name":"bone126","parent":"upiaodai4","pivot":[-6.91341,-2.46561,-1.5],"rotation":[0,0,-24.69237],"cubes":[{"origin":[11.31623,5.76979,-7.28853],"size":[1,0.01,1],"uv":[43,27]}]},{"name":"bone127","parent":"upiaodai4","pivot":[-7.82162,-2.88319,-1.5],"rotation":[0,0,-18.14732],"cubes":[{"origin":[9.34399,7.49042,-7.28853],"size":[1,0.01,1],"uv":[43,26]}]},{"name":"bone128","parent":"upiaodai4","pivot":[-8.77181,-3.19463,-1.5],"rotation":[0,0,-6.63547],"cubes":[{"origin":[5.9581,10.59562,-7.28853],"size":[1,0.01,1],"uv":[43,25]}]},{"name":"bone129","parent":"upiaodai4","pivot":[-9.76498,-3.31017,-1.5],"rotation":[0,0,7.22486],"cubes":[{"origin":[1.20338,13.84673,-7.28853],"size":[1,0.01,1],"uv":[43,24]}]},{"name":"bone130","parent":"upiaodai4","pivot":[-10.75716,-3.18439,-1.5],"rotation":[0,0,18.5472],"cubes":[{"origin":[-3.39012,15.98834,-7.28853],"size":[1,0.01,1],"uv":[43,23]}]},{"name":"bone131","parent":"upiaodai4","pivot":[-11.70541,-2.86624,-1.5],"rotation":[0,0,24.86585],"cubes":[{"origin":[-6.4993,17.11087,-7.28853],"size":[1,0.01,1],"uv":[43,6]}]},{"name":"bone132","parent":"upiaodai4","pivot":[-12.61263,-2.44578,-1.5],"rotation":[0,0,26.28474],"cubes":[{"origin":[-7.9031,17.67889,-7.28853],"size":[1,0.01,1],"uv":[43,5]}]},{"name":"hu","parent":"body","pivot":[2.25,13.5,5.5],"rotation":[0,0,-45],"cubes":[{"origin":[1.45,17.5,-3.3],"size":[0.8,0.8,0.008],"uv":[10,106]},{"origin":[2.25,18.3,-3.3],"size":[0.8,0.8,0.008],"uv":[55,46]},{"origin":[2.25,17.5,-3.3],"size":[0.8,0.8,0.008],"uv":[10,106]},{"origin":[3.05,16.7,-3.3],"size":[0.8,0.8,0.008],"uv":[55,46]},{"origin":[3.05,15.9,-3.3],"size":[0.8,0.8,0.008],"uv":[57,48]},{"origin":[3.85,16.7,-3.3],"size":[0.8,0.8,0.008],"uv":[59,45]}]},{"name":"jian","parent":"body","pivot":[0,10.5,0.75],"cubes":[{"origin":[-0.5,16,-3.25],"size":[1,1,0.01],"uv":[58,13]},{"origin":[-0.5,17,-3.25],"size":[1,1,0.01],"uv":[58,10]},{"origin":[-2.5,17,-3.25],"size":[1,1,0.01],"uv":[58,8]},{"origin":[0.5,17,-3.25],"size":[1,1,0.01],"uv":[58,9]},{"origin":[1.5,17,-3.25],"size":[1,1,0.01],"uv":[56,54]},{"origin":[-1.5,17,-3.25],"size":[1,1,0.01],"uv":[56,55]},{"origin":[0.5,16,-3.25],"size":[1,1,0.01],"uv":[58,12]},{"origin":[-1.5,16,-3.25],"size":[1,1,0.01],"uv":[58,11]}]},{"name":"jian2","parent":"body","pivot":[0,10.5,7.25],"cubes":[{"origin":[-0.5,17,3.25],"size":[1,1,0.01],"uv":[56,53]},{"origin":[-2.5,17,3.25],"size":[1,1,0.01],"uv":[56,0]},{"origin":[0.5,17,3.25],"size":[1,1,0.01],"uv":[56,56]},{"origin":[1.5,17,3.25],"size":[1,1,0.01],"uv":[54,0]},{"origin":[-1.5,17,3.25],"size":[1,1,0.01],"uv":[0,0]}]},{"name":"legLeft","pivot":[2,9,0],"cubes":[{"origin":[0.499,0,-1.5],"size":[3,9,3],"uv":[12,39]},{"origin":[0.251,5,-1.75],"size":[3.5,1,0.01],"uv":[32,29]},{"origin":[0.251,5,1.75],"size":[3.5,1,0.01],"uv":[32,28]}]},{"name":"bone285","parent":"legLeft","pivot":[-4.999,5.5,1.755],"rotation":[0,-90,0],"cubes":[{"origin":[-8.504,5,-3.505],"size":[3.5,1,0.01],"uv":[24,17]},{"origin":[-8.504,5,-3.505],"size":[3.5,1,0.01],"uv":[24,17]},{"origin":[-8.494,5,-6.995],"size":[3.5,1,0.01],"uv":[24,7]}]},{"name":"legRight","pivot":[-2,9,0],"cubes":[{"origin":[-3.499,0,-1.5],"size":[3,9,3],"uv":[0,38]},{"origin":[-3.749,5,-1.75],"size":[3.5,1,0.01],"uv":[32,30]},{"origin":[-3.749,5,1.75],"size":[3.5,1,0.01],"uv":[30,17]}]},{"name":"bone286","parent":"legRight","pivot":[-0.75,14,-17.75],"rotation":[0,90,0],"cubes":[{"origin":[-20.26,5,-20.749],"size":[3.5,1,0.01],"uv":[24,17]}]},{"name":"bone287","parent":"legRight","pivot":[-0.75,14,-17.75],"rotation":[0,90,0],"cubes":[{"origin":[-20.26,5,-17.249],"size":[3.5,1,0.01],"uv":[24,17]}]},{"name":"qunz2","pivot":[0,23.75,0]},{"name":"bone49","parent":"qunz2","pivot":[0,6.25,0],"rotation":[0,-90,0]},{"name":"bone50","parent":"bone49","pivot":[0,6.25,7.10973],"rotation":[45,0,0]},{"name":"bone51","parent":"bone50","pivot":[0,6.25,7.10973],"rotation":[0,-45,0],"cubes":[{"origin":[-1,3.25,6.10973],"size":[2,11,2],"uv":[48,0]}]},{"name":"bone37","parent":"qunz2","pivot":[0,6.25,0]},{"name":"bone38","parent":"bone37","pivot":[0,6.25,7.10973],"rotation":[45,0,0]},{"name":"bone39","parent":"bone38","pivot":[0,6.25,7.10973],"rotation":[0,-45,0],"cubes":[{"origin":[-1,3.25,6.10973],"size":[2,11,2],"uv":[16,51]}]},{"name":"bone40","parent":"qunz2","pivot":[0,6.25,0],"rotation":[0,-22.5,0]},{"name":"bone41","parent":"bone40","pivot":[0,6.25,7.10973],"rotation":[45,0,0]},{"name":"bone42","parent":"bone41","pivot":[0,6.25,7.10973],"rotation":[0,-45,0],"cubes":[{"origin":[-1,3.25,6.10973],"size":[2,11,2],"uv":[8,51]}]},{"name":"bone43","parent":"qunz2","pivot":[0,6.25,0],"rotation":[0,-45,0]},{"name":"bone44","parent":"bone43","pivot":[0,6.25,7.10973],"rotation":[45,0,0]},{"name":"bone45","parent":"bone44","pivot":[0,6.25,7.10973],"rotation":[0,-45,0],"cubes":[{"origin":[-1,3.25,6.10973],"size":[2,11,2],"uv":[0,50]}]},{"name":"bone46","parent":"qunz2","pivot":[0,6.25,0],"rotation":[0,-67.5,0]},{"name":"bone47","parent":"bone46","pivot":[0,6.25,7.10973],"rotation":[45,0,0]},{"name":"bone48","parent":"bone47","pivot":[0,6.25,7.10973],"rotation":[0,-45,0],"cubes":[{"origin":[-1,3.25,6.10973],"size":[2,11,2],"uv":[48,23]}]},{"name":"bone52","parent":"qunz2","pivot":[0,6.25,0],"rotation":[0,-112.5,0]},{"name":"bone53","parent":"bone52","pivot":[0,6.25,7.10973],"rotation":[45,0,0]},{"name":"bone54","parent":"bone53","pivot":[0,6.25,7.10973],"rotation":[0,-45,0]},{"name":"bone55","parent":"qunz2","pivot":[0,6.25,0],"rotation":[0,-135,0]},{"name":"bone56","parent":"bone55","pivot":[0,6.25,7.10973],"rotation":[45,0,0]},{"name":"bone57","parent":"bone56","pivot":[0,6.25,7.10973],"rotation":[0,-45,0]},{"name":"bone58","parent":"qunz2","pivot":[0,6.25,0],"rotation":[0,-157.5,0]},{"name":"bone59","parent":"bone58","pivot":[0,6.25,7.10973],"rotation":[45,0,0]},{"name":"bone60","parent":"bone59","pivot":[0,6.25,7.10973],"rotation":[0,-45,0]},{"name":"bone61","parent":"qunz2","pivot":[0,6.25,0],"rotation":[0,-180,0]},{"name":"bone62","parent":"bone61","pivot":[0,6.25,7.10973],"rotation":[45,0,0]},{"name":"bone63","parent":"bone62","pivot":[0,6.25,7.10973],"rotation":[0,-45,0]},{"name":"bone64","parent":"qunz2","pivot":[0,6.25,0],"rotation":[0,-202.5,0]},{"name":"bone65","parent":"bone64","pivot":[0,6.25,7.10973],"rotation":[45,0,0]},{"name":"bone66","parent":"bone65","pivot":[0,6.25,7.10973],"rotation":[0,-45,0]},{"name":"bone67","parent":"qunz2","pivot":[0,6.25,0],"rotation":[0,-225,0]},{"name":"bone68","parent":"bone67","pivot":[0,6.25,7.10973],"rotation":[45,0,0]},{"name":"bone69","parent":"bone68","pivot":[0,6.25,7.10973],"rotation":[0,-45,0]},{"name":"bone70","parent":"qunz2","pivot":[0,6.25,0],"rotation":[0,-247.5,0]},{"name":"bone71","parent":"bone70","pivot":[0,6.25,7.10973],"rotation":[45,0,0]},{"name":"bone72","parent":"bone71","pivot":[0,6.25,7.10973],"rotation":[0,-45,0]},{"name":"bone73","parent":"qunz2","pivot":[0,6.25,0],"rotation":[0,-270,0]},{"name":"bone74","parent":"bone73","pivot":[0,6.25,7.10973],"rotation":[45,0,0]},{"name":"bone75","parent":"bone74","pivot":[0,6.25,7.10973],"rotation":[0,-45,0],"cubes":[{"origin":[-1,3.25,6.10973],"size":[2,11,2],"uv":[48,48]}]},{"name":"bone76","parent":"qunz2","pivot":[0,6.25,0],"rotation":[0,-292.5,0]},{"name":"bone77","parent":"bone76","pivot":[0,6.25,7.10973],"rotation":[45,0,0]},{"name":"bone78","parent":"bone77","pivot":[0,6.25,7.10973],"rotation":[0,-45,0],"cubes":[{"origin":[-1,3.25,6.10973],"size":[2,11,2],"uv":[40,42]}]},{"name":"bone79","parent":"qunz2","pivot":[0,6.25,0],"rotation":[0,-315,0]},{"name":"bone80","parent":"bone79","pivot":[0,6.25,7.10973],"rotation":[45,0,0]},{"name":"bone81","parent":"bone80","pivot":[0,6.25,7.10973],"rotation":[0,-45,0],"cubes":[{"origin":[-1,3.25,6.10973],"size":[2,11,2],"uv":[32,42]}]},{"name":"bone82","parent":"qunz2","pivot":[0,6.25,0],"rotation":[0,-337.5,0]},{"name":"bone83","parent":"bone82","pivot":[0,6.25,7.10973],"rotation":[45,0,0]},{"name":"bone84","parent":"bone83","pivot":[0,6.25,7.10973],"rotation":[0,-45,0],"cubes":[{"origin":[-1,3.25,6.10973],"size":[2,11,2],"uv":[24,39]}]}]}}