{
	"format_version": "1.10.0",
	"geometry.model": {
		"texturewidth": 128,
		"textureheight": 128,
		"visible_bounds_width": 3,
		"visible_bounds_height": 4,
		"visible_bounds_offset": [0, 1, 0],
		"bones": [
			{
				"name": "head",
				"pivot": [0, 18, 0],
				"cubes": [
					{"origin": [-4, 18, -4], "size": [8, 8, 8], "uv": [18, 25]},
					{"origin": [-4.5, 15.5, 4.5], "size": [9, 11, 0.01], "uv": [18, 41]},
					{"origin": [-4.5, 17.5, -4.5], "size": [9, 9, 0.01], "uv": [36, 41]},
					{"origin": [4.49, 16.5, -4.49], "size": [0.01, 10, 9], "uv": [26, 0]},
					{"origin": [-4.51, 16.5, -4.49], "size": [0.01, 10, 9], "uv": [0, 24]},
					{"origin": [-4.51, 26.49, -4.49], "size": [9, 0.01, 9], "uv": [0, 0]},
					{"origin": [-0.5, 22, 4], "size": [1, 1, 1], "uv": [62, 43]}
				]
			},
			{
				"name": "bone114",
				"parent": "head",
				"pivot": [0.5, 16, 0]
			},
			{
				"name": "bone115",
				"parent": "bone114",
				"pivot": [4.5, 15.5, 4.5],
				"rotation": [90.90956, -19.98015, -90.16022]
			},
			{
				"name": "bone116",
				"parent": "bone115",
				"pivot": [0.75614, 17.1038, 15.83396],
				"rotation": [0, 0, -18.01402],
				"cubes": [
					{"origin": [5.30185, 15.00625, 4.51403], "size": [1, 0, 1], "uv": [65, 17]}
				]
			},
			{
				"name": "bone117",
				"parent": "bone115",
				"pivot": [-0.19503, 16.79449, 15.83396],
				"rotation": [0, 0, -34.85666],
				"cubes": [
					{"origin": [3.50504, 13.18008, 4.51403], "size": [1, 0, 1], "uv": [65, 16]}
				]
			},
			{
				"name": "bone118",
				"parent": "bone115",
				"pivot": [-1.01534, 16.22315, 15.83396],
				"rotation": [0, 0, -42.43863],
				"cubes": [
					{"origin": [2.16674, 12.0202, 4.51403], "size": [1, 0, 1], "uv": [65, 15]}
				]
			},
			{
				"name": "bone119",
				"parent": "bone115",
				"pivot": [-1.75362, 15.5481, 15.83396],
				"rotation": [0, 0, -44.82459],
				"cubes": [
					{"origin": [1.24986, 11.17468, 4.51403], "size": [1, 0, 1], "uv": [65, 14]}
				]
			},
			{
				"name": "bone120",
				"parent": "bone115",
				"pivot": [-2.46261, 14.84344, 15.83396],
				"rotation": [0, 0, -43.37989],
				"cubes": [
					{"origin": [0.64986, 10.57235, 4.51403], "size": [1, 0, 1], "uv": [65, 12]}
				]
			},
			{
				"name": "bone121",
				"parent": "bone115",
				"pivot": [-3.18917, 14.15685, 15.83396],
				"rotation": [0, 0, -37.28532],
				"cubes": [
					{"origin": [0.35352, 10.34652, 4.51403], "size": [1, 0, 1], "uv": [65, 11]}
				]
			},
			{
				"name": "bone122",
				"parent": "bone115",
				"pivot": [-3.98507, 13.55086, 15.83396],
				"rotation": [0, 0, -23.07726],
				"cubes": [
					{"origin": [0.35388, 10.97206, 4.51403], "size": [1, 0, 1], "uv": [65, 10]}
				]
			},
			{
				"name": "bone123",
				"parent": "bone115",
				"pivot": [-4.90499, 13.15891, 15.83396],
				"rotation": [0, 0, 2.00679],
				"cubes": [
					{"origin": [0.0237, 13.08676, 4.51403], "size": [1, 0, 1], "uv": [65, 9]}
				]
			},
			{
				"name": "bone124",
				"parent": "bone114",
				"pivot": [2.5, 15.5, 4.5],
				"rotation": [90.9089, -19.76213, -87.66475]
			},
			{
				"name": "bone125",
				"parent": "bone124",
				"pivot": [-1.24386, 17.1038, 15.83396],
				"rotation": [0, 0, -18.01402],
				"cubes": [
					{"origin": [3.31705, 15.00987, 4.62336], "size": [1, 0, 1], "uv": [65, 65]}
				]
			},
			{
				"name": "bone126",
				"parent": "bone124",
				"pivot": [-2.19503, 16.79449, 15.83396],
				"rotation": [0, 0, -34.85666],
				"cubes": [
					{"origin": [1.52063, 13.17914, 4.62336], "size": [1, 0, 1], "uv": [55, 65]}
				]
			},
			{
				"name": "bone127",
				"parent": "bone124",
				"pivot": [-3.01534, 16.22315, 15.83396],
				"rotation": [0, 0, -42.43863],
				"cubes": [
					{"origin": [0.18207, 12.0172, 4.62336], "size": [1, 0, 1], "uv": [53, 65]}
				]
			},
			{
				"name": "bone128",
				"parent": "bone124",
				"pivot": [-3.75362, 15.5481, 15.83396],
				"rotation": [0, 0, -44.82459],
				"cubes": [
					{"origin": [-0.73495, 11.17105, 4.62336], "size": [1, 0, 1], "uv": [49, 65]}
				]
			},
			{
				"name": "bone129",
				"parent": "bone124",
				"pivot": [-4.46261, 14.84344, 15.83396],
				"rotation": [0, 0, -43.37989],
				"cubes": [
					{"origin": [-1.33486, 10.56911, 4.62336], "size": [1, 0, 1], "uv": [45, 65]}
				]
			},
			{
				"name": "bone130",
				"parent": "bone124",
				"pivot": [-5.18917, 14.15685, 15.83396],
				"rotation": [0, 0, -37.28532],
				"cubes": [
					{"origin": [-1.63094, 10.34491, 4.62336], "size": [1, 0, 1], "uv": [41, 65]}
				]
			},
			{
				"name": "bone131",
				"parent": "bone124",
				"pivot": [-5.98507, 13.55086, 15.83396],
				"rotation": [0, 0, -23.07726],
				"cubes": [
					{"origin": [-1.63066, 10.97431, 4.62336], "size": [1, 0, 1], "uv": [64, 62]}
				]
			},
			{
				"name": "bone132",
				"parent": "bone124",
				"pivot": [-6.90499, 13.15891, 15.83396],
				"rotation": [0, 0, 2.00679],
				"cubes": [
					{"origin": [-1.96326, 13.09535, 4.62336], "size": [1, 0, 1], "uv": [64, 60]}
				]
			},
			{
				"name": "bone133",
				"parent": "bone114",
				"pivot": [0.5, 15.5, 4.5],
				"rotation": [88.25058, -20.07635, -91.74942]
			},
			{
				"name": "bone134",
				"parent": "bone133",
				"pivot": [-3.24386, 17.1038, 15.83396],
				"rotation": [0, 0, -18.01402],
				"cubes": [
					{"origin": [1.33317, 15.01677, 4.37945], "size": [1, 0, 1], "uv": [64, 58]}
				]
			},
			{
				"name": "bone135",
				"parent": "bone133",
				"pivot": [-4.19503, 16.79449, 15.83396],
				"rotation": [0, 0, -34.85666],
				"cubes": [
					{"origin": [-0.46194, 13.18107, 4.37945], "size": [1, 0, 1], "uv": [64, 51]}
				]
			},
			{
				"name": "bone136",
				"parent": "bone133",
				"pivot": [-5.01534, 16.22315, 15.83396],
				"rotation": [0, 0, -42.43863],
				"cubes": [
					{"origin": [-1.8004, 12.01682, 4.37945], "size": [1, 0, 1], "uv": [64, 49]}
				]
			},
			{
				"name": "bone137",
				"parent": "bone133",
				"pivot": [-5.75362, 15.5481, 15.83396],
				"rotation": [0, 0, -44.82459],
				"cubes": [
					{"origin": [-2.71745, 11.16994, 4.37945], "size": [1, 0, 1], "uv": [64, 47]}
				]
			},
			{
				"name": "bone138",
				"parent": "bone133",
				"pivot": [-6.46261, 14.84344, 15.83396],
				"rotation": [0, 0, -43.37989],
				"cubes": [
					{"origin": [-3.31734, 10.56844, 4.37945], "size": [1, 0, 1], "uv": [64, 45]}
				]
			},
			{
				"name": "bone139",
				"parent": "bone133",
				"pivot": [-7.18917, 14.15685, 15.83396],
				"rotation": [0, 0, -37.28532],
				"cubes": [
					{"origin": [-3.61345, 10.34611, 4.37945], "size": [1, 0, 1], "uv": [64, 43]}
				]
			},
			{
				"name": "bone140",
				"parent": "bone133",
				"pivot": [-7.98507, 13.55086, 15.83396],
				"rotation": [0, 0, -23.07726],
				"cubes": [
					{"origin": [-3.614, 10.97977, 4.37945], "size": [1, 0, 1], "uv": [64, 41]}
				]
			},
			{
				"name": "bone141",
				"parent": "bone133",
				"pivot": [-8.90499, 13.15891, 15.83396],
				"rotation": [0, 0, 2.00679],
				"cubes": [
					{"origin": [-3.95047, 13.10736, 4.37945], "size": [1, 0, 1], "uv": [64, 23]}
				]
			},
			{
				"name": "bone142",
				"parent": "bone114",
				"pivot": [-1.5, 15.6, 4.4],
				"rotation": [90.90956, -19.98015, -90.16022]
			},
			{
				"name": "bone143",
				"parent": "bone142",
				"pivot": [-5.24386, 17.2038, 15.73396],
				"rotation": [0, 0, -18.01402],
				"cubes": [
					{"origin": [-0.72068, 15.12729, 4.41525], "size": [1, 0, 1], "uv": [64, 18]}
				]
			},
			{
				"name": "bone144",
				"parent": "bone142",
				"pivot": [-6.19503, 16.89449, 15.73396],
				"rotation": [0, 0, -34.85666],
				"cubes": [
					{"origin": [-2.51043, 13.30674, 4.41525], "size": [1, 0, 1], "uv": [64, 13]}
				]
			},
			{
				"name": "bone145",
				"parent": "bone142",
				"pivot": [-7.01534, 16.32315, 15.73396],
				"rotation": [0, 0, -42.43863],
				"cubes": [
					{"origin": [-3.84508, 12.14866, 4.41525], "size": [1, 0, 1], "uv": [64, 8]}
				]
			},
			{
				"name": "bone146",
				"parent": "bone142",
				"pivot": [-7.75362, 15.6481, 15.73396],
				"rotation": [0, 0, -44.82459],
				"cubes": [
					{"origin": [-4.76076, 11.30362, 4.41525], "size": [1, 0, 1], "uv": [64, 7]}
				]
			},
			{
				"name": "bone147",
				"parent": "bone142",
				"pivot": [-8.46261, 14.94344, 15.73396],
				"rotation": [0, 0, -43.37989],
				"cubes": [
					{"origin": [-5.36148, 10.70101, 4.41525], "size": [1, 0, 1], "uv": [64, 6]}
				]
			},
			{
				"name": "bone148",
				"parent": "bone142",
				"pivot": [-9.18917, 14.25685, 15.73396],
				"rotation": [0, 0, -37.28532],
				"cubes": [
					{"origin": [-5.66081, 10.47381, 4.41525], "size": [1, 0, 1], "uv": [64, 5]}
				]
			},
			{
				"name": "bone149",
				"parent": "bone142",
				"pivot": [-9.98507, 13.65086, 15.73396],
				"rotation": [0, 0, -23.07726],
				"cubes": [
					{"origin": [-5.6667, 11.095, 4.41525], "size": [1, 0, 1], "uv": [64, 4]}
				]
			},
			{
				"name": "bone150",
				"parent": "bone142",
				"pivot": [-10.90499, 13.25891, 15.73396],
				"rotation": [0, 0, 2.00679],
				"cubes": [
					{"origin": [-6.00467, 13.19881, 4.41525], "size": [1, 0, 1], "uv": [39, 64]}
				]
			},
			{
				"name": "bone151",
				"parent": "bone114",
				"pivot": [-0.5, 15.6, 4.4],
				"rotation": [91.39833, -29.96082, -92.43004]
			},
			{
				"name": "bone152",
				"parent": "bone151",
				"pivot": [-4.24386, 17.2038, 15.73396],
				"rotation": [0, 0, -18.01402],
				"cubes": [
					{"origin": [0.16381, 15.48707, 4.33238], "size": [1, 0, 1], "uv": [6, 64]}
				]
			},
			{
				"name": "bone153",
				"parent": "bone151",
				"pivot": [-5.19503, 16.89449, 15.73396],
				"rotation": [0, 0, -34.85666],
				"cubes": [
					{"origin": [-1.51674, 13.68456, 4.33238], "size": [1, 0, 1], "uv": [2, 64]}
				]
			},
			{
				"name": "bone154",
				"parent": "bone151",
				"pivot": [-6.01534, 16.32315, 15.73396],
				"rotation": [0, 0, -42.43863],
				"cubes": [
					{"origin": [-2.80149, 12.52402, 4.33238], "size": [1, 0, 1], "uv": [63, 57]}
				]
			},
			{
				"name": "bone155",
				"parent": "bone151",
				"pivot": [-6.75362, 15.6481, 15.73396],
				"rotation": [0, 0, -44.82459],
				"cubes": [
					{"origin": [-3.70158, 11.67683, 4.33238], "size": [1, 0, 1], "uv": [63, 55]}
				]
			},
			{
				"name": "bone156",
				"parent": "bone151",
				"pivot": [-7.46261, 14.94344, 15.73396],
				"rotation": [0, 0, -43.37989],
				"cubes": [
					{"origin": [-4.31173, 11.0756, 4.33238], "size": [1, 0, 1], "uv": [39, 63]}
				]
			},
			{
				"name": "bone157",
				"parent": "bone151",
				"pivot": [-8.18917, 14.25685, 15.73396],
				"rotation": [0, 0, -37.28532],
				"cubes": [
					{"origin": [-4.65111, 10.85156, 4.33238], "size": [1, 0, 1], "uv": [39, 62]}
				]
			},
			{
				"name": "bone158",
				"parent": "bone151",
				"pivot": [-8.98507, 13.65086, 15.73396],
				"rotation": [0, 0, -23.07726],
				"cubes": [
					{"origin": [-4.75001, 11.46357, 4.33238], "size": [1, 0, 1], "uv": [61, 53]}
				]
			},
			{
				"name": "bone159",
				"parent": "bone151",
				"pivot": [-9.90499, 13.25891, 15.73396],
				"rotation": [0, 0, 2.00679],
				"cubes": [
					{"origin": [-5.23638, 13.4973, 4.33238], "size": [1, 0, 1], "uv": [61, 35]}
				]
			},
			{
				"name": "bone160",
				"parent": "bone114",
				"pivot": [1.5, 15.5, 4.5],
				"rotation": [88.55809, -32.52556, -90.79273]
			},
			{
				"name": "bone161",
				"parent": "bone160",
				"pivot": [-2.24386, 17.1038, 15.83396],
				"rotation": [0, 0, -18.01402],
				"cubes": [
					{"origin": [2.16757, 15.57367, 4.41719], "size": [1, 0, 1], "uv": [61, 34]}
				]
			},
			{
				"name": "bone162",
				"parent": "bone160",
				"pivot": [-3.19503, 16.79449, 15.83396],
				"rotation": [0, 0, -34.85666],
				"cubes": [
					{"origin": [0.54092, 13.76207, 4.41719], "size": [1, 0, 1], "uv": [61, 32]}
				]
			},
			{
				"name": "bone163",
				"parent": "bone160",
				"pivot": [-4.01534, 16.22315, 15.83396],
				"rotation": [0, 0, -42.43863],
				"cubes": [
					{"origin": [-0.72091, 12.59236, 4.41719], "size": [1, 0, 1], "uv": [61, 31]}
				]
			},
			{
				"name": "bone164",
				"parent": "bone160",
				"pivot": [-4.75362, 15.5481, 15.83396],
				"rotation": [0, 0, -44.82459],
				"cubes": [
					{"origin": [-1.61406, 11.74167, 4.41719], "size": [1, 0, 1], "uv": [61, 29]}
				]
			},
			{
				"name": "bone165",
				"parent": "bone160",
				"pivot": [-5.46261, 14.84344, 15.83396],
				"rotation": [0, 0, -43.37989],
				"cubes": [
					{"origin": [-2.2284, 11.14259, 4.41719], "size": [1, 0, 1], "uv": [61, 28]}
				]
			},
			{
				"name": "bone166",
				"parent": "bone160",
				"pivot": [-6.18917, 14.15685, 15.83396],
				"rotation": [0, 0, -37.28532],
				"cubes": [
					{"origin": [-2.58597, 10.92646, 4.41719], "size": [1, 0, 1], "uv": [38, 61]}
				]
			},
			{
				"name": "bone167",
				"parent": "bone160",
				"pivot": [-6.98507, 13.55086, 15.83396],
				"rotation": [0, 0, -23.07726],
				"cubes": [
					{"origin": [-2.7298, 11.54911, 4.41719], "size": [1, 0, 1], "uv": [60, 8]}
				]
			},
			{
				"name": "bone168",
				"parent": "bone160",
				"pivot": [-7.90499, 13.15891, 15.83396],
				"rotation": [0, 0, 2.00679],
				"cubes": [
					{"origin": [-3.29673, 13.57391, 4.41719], "size": [1, 0, 1], "uv": [57, 56]}
				]
			},
			{
				"name": "bone169",
				"parent": "bone114",
				"pivot": [3.5, 15.5, 4.5],
				"rotation": [88.51284, -30.03538, -88.48715]
			},
			{
				"name": "bone170",
				"parent": "bone169",
				"pivot": [-0.24386, 17.1038, 15.83396],
				"rotation": [0, 0, -18.01402],
				"cubes": [
					{"origin": [4.16051, 15.4466, 4.52187], "size": [1, 0, 1], "uv": [55, 1]}
				]
			},
			{
				"name": "bone171",
				"parent": "bone169",
				"pivot": [-1.19503, 16.79449, 15.83396],
				"rotation": [0, 0, -34.85666],
				"cubes": [
					{"origin": [2.49735, 13.64249, 4.52187], "size": [1, 0, 1], "uv": [55, 0]}
				]
			},
			{
				"name": "bone172",
				"parent": "bone169",
				"pivot": [-2.01534, 16.22315, 15.83396],
				"rotation": [0, 0, -42.43863],
				"cubes": [
					{"origin": [1.22012, 12.47958, 4.52187], "size": [1, 0, 1], "uv": [39, 51]}
				]
			},
			{
				"name": "bone173",
				"parent": "bone169",
				"pivot": [-2.75362, 15.5481, 15.83396],
				"rotation": [0, 0, -44.82459],
				"cubes": [
					{"origin": [0.32232, 11.63144, 4.52187], "size": [1, 0, 1], "uv": [11, 51]}
				]
			},
			{
				"name": "bone174",
				"parent": "bone169",
				"pivot": [-3.46261, 14.84344, 15.83396],
				"rotation": [0, 0, -43.37989],
				"cubes": [
					{"origin": [-0.28921, 11.03079, 4.52187], "size": [1, 0, 1], "uv": [39, 50]}
				]
			},
			{
				"name": "bone175",
				"parent": "bone169",
				"pivot": [-4.18917, 14.15685, 15.83396],
				"rotation": [0, 0, -37.28532],
				"cubes": [
					{"origin": [-0.63458, 10.80884, 4.52187], "size": [1, 0, 1], "uv": [11, 50]}
				]
			},
			{
				"name": "bone176",
				"parent": "bone169",
				"pivot": [-4.98507, 13.55086, 15.83396],
				"rotation": [0, 0, -23.07726],
				"cubes": [
					{"origin": [-0.74805, 11.42316, 4.52187], "size": [1, 0, 1], "uv": [47, 32]}
				]
			},
			{
				"name": "bone177",
				"parent": "bone169",
				"pivot": [-5.90499, 13.15891, 15.83396],
				"rotation": [0, 0, 2.00679],
				"cubes": [
					{"origin": [-1.25986, 13.4521, 4.52187], "size": [1, 0, 1], "uv": [47, 1]}
				]
			},
			{
				"name": "bone178",
				"parent": "bone114",
				"pivot": [-3.5, 15.6, 4.5],
				"rotation": [91.44093, -19.95616, -92.84168]
			},
			{
				"name": "bone179",
				"parent": "bone178",
				"pivot": [-7.24386, 17.2038, 15.83396],
				"rotation": [0, 0, -18.01402],
				"cubes": [
					{"origin": [-2.70069, 15.12516, 4.41006], "size": [1, 0, 1], "uv": [47, 0]}
				]
			},
			{
				"name": "bone180",
				"parent": "bone178",
				"pivot": [-8.19503, 16.89449, 15.83396],
				"rotation": [0, 0, -34.85666],
				"cubes": [
					{"origin": [-4.49192, 13.29891, 4.41006], "size": [1, 0, 1], "uv": [8, 45]}
				]
			},
			{
				"name": "bone181",
				"parent": "bone178",
				"pivot": [-9.01534, 16.32315, 15.83396],
				"rotation": [0, 0, -42.43863],
				"cubes": [
					{"origin": [-5.82777, 12.13846, 4.41006], "size": [1, 0, 1], "uv": [0, 45]}
				]
			},
			{
				"name": "bone182",
				"parent": "bone178",
				"pivot": [-9.75362, 15.6481, 15.83396],
				"rotation": [0, 0, -44.82459],
				"cubes": [
					{"origin": [-6.74389, 11.2927, 4.41006], "size": [1, 0, 1], "uv": [44, 3]}
				]
			},
			{
				"name": "bone183",
				"parent": "bone178",
				"pivot": [-10.46261, 14.94344, 15.83396],
				"rotation": [0, 0, -43.37989],
				"cubes": [
					{"origin": [-7.34434, 10.69053, 4.41006], "size": [1, 0, 1], "uv": [8, 44]}
				]
			},
			{
				"name": "bone184",
				"parent": "bone178",
				"pivot": [-11.18917, 14.25685, 15.83396],
				"rotation": [0, 0, -37.28532],
				"cubes": [
					{"origin": [-7.64265, 10.46521, 4.41006], "size": [1, 0, 1], "uv": [0, 44]}
				]
			},
			{
				"name": "bone185",
				"parent": "bone178",
				"pivot": [-11.98507, 13.65086, 15.83396],
				"rotation": [0, 0, -23.07726],
				"cubes": [
					{"origin": [-7.64699, 11.09111, 4.41006], "size": [1, 0, 1], "uv": [43, 11]}
				]
			},
			{
				"name": "bone186",
				"parent": "bone178",
				"pivot": [-12.90499, 13.25891, 15.83396],
				"rotation": [0, 0, 2.00679],
				"cubes": [
					{"origin": [-7.98516, 13.20365, 4.41006], "size": [1, 0, 1], "uv": [43, 10]}
				]
			},
			{
				"name": "bone187",
				"parent": "bone114",
				"pivot": [-2.5, 15.6, 4.4],
				"rotation": [93.90675, -24.83437, -93.69479]
			},
			{
				"name": "bone188",
				"parent": "bone187",
				"pivot": [-6.24386, 17.2038, 15.73396],
				"rotation": [0, 0, -18.01402],
				"cubes": [
					{"origin": [-1.75941, 15.32069, 4.34158], "size": [1, 0, 1], "uv": [43, 9]}
				]
			},
			{
				"name": "bone189",
				"parent": "bone187",
				"pivot": [-7.19503, 16.89449, 15.73396],
				"rotation": [0, 0, -34.85666],
				"cubes": [
					{"origin": [-3.49146, 13.50307, 4.34158], "size": [1, 0, 1], "uv": [8, 43]}
				]
			},
			{
				"name": "bone190",
				"parent": "bone187",
				"pivot": [-8.01534, 16.32315, 15.73396],
				"rotation": [0, 0, -42.43863],
				"cubes": [
					{"origin": [-4.80038, 12.34077, 4.34158], "size": [1, 0, 1], "uv": [0, 43]}
				]
			},
			{
				"name": "bone191",
				"parent": "bone187",
				"pivot": [-8.75362, 15.6481, 15.73396],
				"rotation": [0, 0, -44.82459],
				"cubes": [
					{"origin": [-5.7081, 11.4937, 4.34158], "size": [1, 0, 1], "uv": [41, 1]}
				]
			},
			{
				"name": "bone192",
				"parent": "bone187",
				"pivot": [-9.46261, 14.94344, 15.73396],
				"rotation": [0, 0, -43.37989],
				"cubes": [
					{"origin": [-6.31363, 10.89236, 4.34158], "size": [1, 0, 1], "uv": [41, 0]}
				]
			},
			{
				"name": "bone193",
				"parent": "bone187",
				"pivot": [-10.18917, 14.25685, 15.73396],
				"rotation": [0, 0, -37.28532],
				"cubes": [
					{"origin": [-6.63354, 10.66916, 4.34158], "size": [1, 0, 1], "uv": [39, 24]}
				]
			},
			{
				"name": "bone194",
				"parent": "bone187",
				"pivot": [-10.98507, 13.65086, 15.73396],
				"rotation": [0, 0, -23.07726],
				"cubes": [
					{"origin": [-6.68822, 11.29106, 4.34158], "size": [1, 0, 1], "uv": [37, 24]}
				]
			},
			{
				"name": "bone195",
				"parent": "bone187",
				"pivot": [-11.90499, 13.25891, 15.73396],
				"rotation": [0, 0, 2.00679],
				"cubes": [
					{"origin": [-7.10727, 13.36726, 4.34158], "size": [1, 0, 1], "uv": [29, 0]}
				]
			},
			{
				"name": "blink",
				"parent": "head",
				"pivot": [0, 18, 0],
				"cubes": [
					{"origin": [-4, 18, -4.001], "size": [8, 8, 0], "uv": [42, 24]}
				]
			},
			{
				"name": "bone112",
				"parent": "head",
				"pivot": [0.5, 22.5, 4.655],
				"rotation": [0, -12.5, 0],
				"cubes": [
					{"origin": [0.5, 19.5, 4.65], "size": [6, 6, 0.01], "uv": [42, 50]}
				]
			},
			{
				"name": "bone113",
				"parent": "head",
				"pivot": [-0.5, 22.5, 4.655],
				"rotation": [0, 12.5, 0],
				"cubes": [
					{"origin": [-6.5, 19.5, 4.65], "size": [6, 6, 0.01], "uv": [26, 19]}
				]
			},
			{
				"name": "bone35",
				"parent": "head",
				"pivot": [0, 22.5, 5],
				"rotation": [-38.46975, 42.79877, -36.82348]
			},
			{
				"name": "bone40",
				"parent": "bone35",
				"pivot": [-12.83496, 15.49066, 0],
				"rotation": [0, 0, -18.01402],
				"cubes": [
					{"origin": [0.53848, 18.1772, 4], "size": [1, 0.01, 1], "uv": [65, 56]}
				]
			},
			{
				"name": "bone41",
				"parent": "bone35",
				"pivot": [-13.78613, 15.18135, 0],
				"rotation": [0, 0, -34.85666],
				"cubes": [
					{"origin": [-0.25085, 13.58803, 4], "size": [1, 0.01, 1], "uv": [65, 55]}
				]
			},
			{
				"name": "bone42",
				"parent": "bone35",
				"pivot": [-14.60645, 14.61001, 0],
				"rotation": [0, 0, -42.43863],
				"cubes": [
					{"origin": [-1.40847, 11.11277, 4], "size": [1, 0.01, 1], "uv": [65, 52]}
				]
			},
			{
				"name": "bone43",
				"parent": "bone35",
				"pivot": [-15.34473, 13.93496, 0],
				"rotation": [0, 0, -44.82459],
				"cubes": [
					{"origin": [-2.30465, 9.84967, 4], "size": [1, 0.01, 1], "uv": [65, 50]}
				]
			},
			{
				"name": "bone44",
				"parent": "bone35",
				"pivot": [-16.05371, 13.2303, 0],
				"rotation": [0, 0, -43.37989],
				"cubes": [
					{"origin": [-2.9151, 9.50029, 4], "size": [1, 0.01, 1], "uv": [65, 48]}
				]
			},
			{
				"name": "bone45",
				"parent": "bone35",
				"pivot": [-16.78027, 12.54371, 0],
				"rotation": [0, 0, -37.28532],
				"cubes": [
					{"origin": [-3.32556, 10.33588, 4], "size": [1, 0.01, 1], "uv": [65, 46]}
				]
			},
			{
				"name": "bone46",
				"parent": "bone35",
				"pivot": [-17.57617, 11.93772, 0],
				"rotation": [0, 0, -23.07726],
				"cubes": [
					{"origin": [-4.02172, 13.34524, 4], "size": [1, 0.01, 1], "uv": [65, 44]}
				]
			},
			{
				"name": "bone47",
				"parent": "bone35",
				"pivot": [-18.49609, 11.54577, 0],
				"rotation": [0, 0, 2.00679],
				"cubes": [
					{"origin": [-6.91103, 18.99087, 4], "size": [1, 0.01, 1], "uv": [65, 42]}
				]
			},
			{
				"name": "bone48",
				"parent": "bone35",
				"pivot": [-19.49512, 11.58077, 0],
				"rotation": [0, 0, 25.84074],
				"cubes": [
					{"origin": [-11.99178, 23.47642, 4], "size": [1, 0.01, 1], "uv": [65, 35]}
				]
			},
			{
				"name": "bone36",
				"parent": "head",
				"pivot": [0, 22.5, 5],
				"rotation": [-38.46975, -42.79877, 36.82348]
			},
			{
				"name": "bone37",
				"parent": "bone36",
				"pivot": [12.83496, 15.49066, 0],
				"rotation": [0, 0, 18.01402],
				"cubes": [
					{"origin": [-1.53848, 18.1772, 4], "size": [1, 0.01, 1], "uv": [65, 34]}
				]
			},
			{
				"name": "bone38",
				"parent": "bone36",
				"pivot": [13.78613, 15.18135, 0],
				"rotation": [0, 0, 34.85666],
				"cubes": [
					{"origin": [-0.74915, 13.58803, 4], "size": [1, 0.01, 1], "uv": [65, 32]}
				]
			},
			{
				"name": "bone39",
				"parent": "bone36",
				"pivot": [14.60645, 14.61001, 0],
				"rotation": [0, 0, 42.43863],
				"cubes": [
					{"origin": [0.40847, 11.11277, 4], "size": [1, 0.01, 1], "uv": [65, 31]}
				]
			},
			{
				"name": "bone49",
				"parent": "bone36",
				"pivot": [15.34473, 13.93496, 0],
				"rotation": [0, 0, 44.82459],
				"cubes": [
					{"origin": [1.30465, 9.84967, 4], "size": [1, 0.01, 1], "uv": [65, 29]}
				]
			},
			{
				"name": "bone50",
				"parent": "bone36",
				"pivot": [16.05371, 13.2303, 0],
				"rotation": [0, 0, 43.37989],
				"cubes": [
					{"origin": [1.9151, 9.50029, 4], "size": [1, 0.01, 1], "uv": [65, 28]}
				]
			},
			{
				"name": "bone51",
				"parent": "bone36",
				"pivot": [16.78027, 12.54371, 0],
				"rotation": [0, 0, 37.28532],
				"cubes": [
					{"origin": [2.32556, 10.33588, 4], "size": [1, 0.01, 1], "uv": [65, 27]}
				]
			},
			{
				"name": "bone52",
				"parent": "bone36",
				"pivot": [17.57617, 11.93772, 0],
				"rotation": [0, 0, 23.07726],
				"cubes": [
					{"origin": [3.02172, 13.34524, 4], "size": [1, 0.01, 1], "uv": [65, 26]}
				]
			},
			{
				"name": "bone53",
				"parent": "bone36",
				"pivot": [18.49609, 11.54577, 0],
				"rotation": [0, 0, -2.00679],
				"cubes": [
					{"origin": [5.91103, 18.99087, 4], "size": [1, 0.01, 1], "uv": [65, 25]}
				]
			},
			{
				"name": "bone54",
				"parent": "bone36",
				"pivot": [19.49512, 11.58077, 0],
				"rotation": [0, 0, -25.84074],
				"cubes": [
					{"origin": [10.99178, 23.47642, 4], "size": [1, 0.01, 1], "uv": [65, 24]}
				]
			},
			{
				"name": "bone",
				"parent": "head",
				"pivot": [5.95, 23.75, 0],
				"cubes": [
					{"origin": [3.95, 23.75, -2], "size": [2, 1, 1], "uv": [2, 123]},
					{"origin": [3.95, 23.75, -3], "size": [2, 1, 1], "uv": [11, 118]},
					{"origin": [3.95, 22.75, -3.5], "size": [1.75, 1, 1.5], "uv": [4, 119]},
					{"origin": [3.95, 24.75, -4], "size": [1.75, 1, 1], "uv": [3, 124]},
					{"origin": [4.2, 24.75, -5], "size": [1.35, 1, 1], "uv": [9, 121]},
					{"origin": [4.2, 23.75, -4.4], "size": [1.35, 1, 0.5], "uv": [5, 123]},
					{"origin": [4.2, 25.75, -5], "size": [1.25, 1, 1], "uv": [5, 124]},
					{"origin": [4.2, 25.75, -5.75], "size": [1.05, 1, 0.75], "uv": [5, 118]},
					{"origin": [4.2, 26.75, -6], "size": [1.05, 1, 1], "uv": [4, 120]},
					{"origin": [4.45, 27.75, -6], "size": [0.55, 1, 1], "uv": [6, 120]},
					{"origin": [3.95, 23.75, -4], "size": [1.75, 1, 1], "uv": [5, 123]},
					{"origin": [3.95, 22.75, -2], "size": [2, 1, 2], "uv": [2, 122]},
					{"origin": [4.95, 23.75, -1], "size": [1, 1, 1], "uv": [4, 120]},
					{"origin": [3.95, 22.75, -1], "size": [1, 1.5, 2], "uv": [3, 123]},
					{"origin": [4.95, 21.75, -1], "size": [0.75, 1, 1], "uv": [5, 119]},
					{"origin": [3.95, 21.75, -2], "size": [1.75, 1, 1], "uv": [4, 118]},
					{"origin": [3.95, 21.75, -1], "size": [1, 1, 2], "uv": [3, 124]}
				]
			},
			{
				"name": "bone34",
				"parent": "head",
				"pivot": [-5.95, 23.75, 0],
				"cubes": [
					{"origin": [-5.95, 23.75, -2], "size": [2, 1, 1], "uv": [2, 121]},
					{"origin": [-5.95, 23.75, -3], "size": [2, 1, 1], "uv": [4, 113]},
					{"origin": [-5.7, 22.75, -3.5], "size": [1.75, 1, 1.5], "uv": [4, 122]},
					{"origin": [-5.7, 24.75, -4], "size": [1.75, 1, 1], "uv": [4, 123]},
					{"origin": [-5.55, 24.75, -5], "size": [1.35, 1, 1], "uv": [3, 124]},
					{"origin": [-5.55, 23.75, -4.4], "size": [1.35, 1, 0.5], "uv": [5, 120]},
					{"origin": [-5.45, 25.75, -5], "size": [1.25, 1, 1], "uv": [5, 123]},
					{"origin": [-5.25, 25.75, -5.75], "size": [1.05, 1, 0.75], "uv": [5, 121]},
					{"origin": [-5.25, 26.75, -6], "size": [1.05, 1, 1], "uv": [8, 117]},
					{"origin": [-5, 27.75, -6], "size": [0.55, 1, 1], "uv": [2, 121]},
					{"origin": [-5.7, 23.75, -4], "size": [1.75, 1, 1], "uv": [3, 124]},
					{"origin": [-5.95, 22.75, -2], "size": [2, 1, 2], "uv": [2, 119]},
					{"origin": [-5.95, 23.75, -1], "size": [1, 1, 1], "uv": [4, 118]},
					{"origin": [-4.95, 22.75, -1], "size": [1, 1.5, 2], "uv": [4, 122]},
					{"origin": [-5.7, 21.75, -1], "size": [0.75, 1, 1], "uv": [4, 123]},
					{"origin": [-5.7, 21.75, -2], "size": [1.75, 1, 1], "uv": [11, 117]},
					{"origin": [-4.95, 21.75, -1], "size": [1, 1, 2], "uv": [3, 117]}
				]
			},
			{
				"name": "armLeft",
				"pivot": [2.5, 16.8, 0],
				"rotation": [0, 0, -25],
				"cubes": [
					{"origin": [2.46947, 7.91761, -1], "size": [2, 9, 2], "uv": [34, 50]}
				]
			},
			{
				"name": "bone56",
				"parent": "armLeft",
				"pivot": [-0.6008, -3.19935, 0.3]
			},
			{
				"name": "bone57",
				"parent": "bone56",
				"pivot": [1.3992, 12.30065, 1.55],
				"rotation": [10, 0, 10],
				"cubes": [
					{"origin": [2.37641, 9.6874, -0.54338], "size": [1.6, 4, 1.7], "uv": [62, 23]}
				]
			},
			{
				"name": "bone58",
				"parent": "bone56",
				"pivot": [5.3992, 12.30065, 1.55],
				"rotation": [10, 0, -10],
				"cubes": [
					{"origin": [2.96819, 9.64465, -0.45091], "size": [1.6, 4, 1.6], "uv": [62, 18]}
				]
			},
			{
				"name": "bone59",
				"parent": "bone56",
				"pivot": [5.3992, 12.30065, -2.45],
				"rotation": [-10, 0, -10],
				"cubes": [
					{"origin": [2.96819, 9.8183, -1.16428], "size": [1.6, 4, 1.7], "uv": [62, 13]}
				]
			},
			{
				"name": "bone60",
				"parent": "bone56",
				"pivot": [1.8992, 12.30065, -1.95],
				"rotation": [-10, 0, 10],
				"cubes": [
					{"origin": [2.38401, 9.68872, -1.14914], "size": [1.7, 4, 1.8], "uv": [62, 8]}
				]
			},
			{
				"name": "bone61",
				"parent": "armLeft",
				"pivot": [3.46947, 13.17261, -1.145],
				"rotation": [20, 0, 0],
				"cubes": [
					{"origin": [2.46947, 12.67261, -1.15], "size": [2, 1, 0.01], "uv": [66, 22]}
				]
			},
			{
				"name": "bone62",
				"parent": "armLeft",
				"pivot": [3.46947, 13.17261, 1.145],
				"rotation": [-20, 0, 0],
				"cubes": [
					{"origin": [2.46947, 12.67261, 1.14], "size": [2, 1, 0.01], "uv": [66, 21]}
				]
			},
			{
				"name": "bone63",
				"parent": "armLeft",
				"pivot": [2.28988, 13.21575, 0.045],
				"rotation": [0, 90, -20],
				"cubes": [
					{"origin": [1.33988, 12.71575, 0.04], "size": [2, 1, 0.01], "uv": [66, 20]}
				]
			},
			{
				"name": "bone64",
				"parent": "armLeft",
				"pivot": [4.63208, 13.22738, -0.045],
				"rotation": [0, 90, 20],
				"cubes": [
					{"origin": [3.58208, 12.72738, -0.05], "size": [2, 1, 0.01], "uv": [66, 19]}
				]
			},
			{
				"name": "bone55",
				"parent": "armLeft",
				"pivot": [2.96947, 16.92261, 0],
				"rotation": [0, 0, -10],
				"cubes": [
					{"origin": [1.46947, 16.91761, -2], "size": [4, 0.01, 4], "uv": [8, 9]},
					{"origin": [2.46947, 15.92761, -1.51], "size": [3, 1, 0.01], "uv": [58, 57]},
					{"origin": [2.46947, 15.92761, 1.49], "size": [3, 1, 0.01], "uv": [50, 12]}
				]
			},
			{
				"name": "body",
				"pivot": [0, 10.5, 0],
				"cubes": [
					{"origin": [-3, 12.999, -3], "size": [6, 5, 6], "uv": [38, 13]},
					{"origin": [-2.5, 8.999, -2.5], "size": [5, 4, 5], "uv": [27, 0]}
				]
			},
			{
				"name": "bone85",
				"parent": "body",
				"pivot": [-0.1, 14.75, -3.75],
				"rotation": [62.5, 0, 0],
				"cubes": [
					{"origin": [1.3, 14.1777, -2.79617], "size": [1.161, 1.161, 1.161], "uv": [54, 50]},
					{"origin": [0.9, 13.75, -2.75], "size": [1.5, 1.5, 1.5], "uv": [42, 3]}
				]
			},
			{
				"name": "bone86",
				"parent": "bone85",
				"pivot": [-0.574, 10.6425, -2.1285],
				"cubes": [
					{"origin": [-2.4, 14.1777, -2.79617], "size": [1.161, 1.161, 1.161], "uv": [62, 41]},
					{"origin": [-2.3, 13.75, -2.75], "size": [1.5, 1.5, 1.5], "uv": [54, 52]}
				]
			},
			{
				"name": "bone77",
				"parent": "body",
				"pivot": [-5.35, 11, -0.3],
				"rotation": [0, 0, 2.5]
			},
			{
				"name": "bone79",
				"parent": "bone77",
				"pivot": [-6.40513, 7.33612, -0.00748],
				"rotation": [0, 0, 17.5],
				"cubes": [
					{"origin": [-6.41013, 5.08612, -0.50748], "size": [0.01, 4, 1], "uv": [2, 8]},
					{"origin": [-6.41013, 7.08612, -1.50748], "size": [0.01, 1, 3], "uv": [20, 7]}
				]
			},
			{
				"name": "bone75",
				"parent": "bone77",
				"pivot": [-4, 7.94263, -1.00361],
				"rotation": [-90, -82.60649, 117.5],
				"cubes": [
					{"origin": [-5.04892, 5.92677, 0.77218], "size": [2.9, 7, 0], "uv": [58, 49]}
				]
			},
			{
				"name": "bone76",
				"parent": "bone77",
				"pivot": [-4, 7.94263, 1.00361],
				"rotation": [90, 82.60649, 117.5],
				"cubes": [
					{"origin": [-5.04892, 5.92677, -0.77218], "size": [2.9, 7, 0], "uv": [58, 42]}
				]
			},
			{
				"name": "bone78",
				"parent": "bone77",
				"pivot": [-3.45005, 13.3351, -1.55],
				"rotation": [-7.5794, -21.59454, 30.27037],
				"cubes": [
					{"origin": [-3.18254, 6.37795, -2.51448], "size": [0.01, 7, 1], "uv": [32, 51]}
				]
			},
			{
				"name": "bone80",
				"parent": "body",
				"pivot": [5.35, 11, -0.3],
				"rotation": [0, 0, -2.5]
			},
			{
				"name": "bone81",
				"parent": "bone80",
				"pivot": [6.40513, 7.33612, -0.00748],
				"rotation": [0, 0, -17.5],
				"cubes": [
					{"origin": [6.40013, 5.08612, -0.50748], "size": [0.01, 4, 1], "uv": [0, 8]},
					{"origin": [6.40013, 7.08612, -1.50748], "size": [0.01, 1, 3], "uv": [20, 6]}
				]
			},
			{
				"name": "bone82",
				"parent": "bone80",
				"pivot": [4, 7.94263, -1.00361],
				"rotation": [-90, 82.60649, -117.5],
				"cubes": [
					{"origin": [2.14892, 5.92677, 0.77218], "size": [2.9, 7, 0], "uv": [56, 12]}
				]
			},
			{
				"name": "bone83",
				"parent": "bone80",
				"pivot": [4, 7.94263, 1.00361],
				"rotation": [90, -82.60649, -117.5],
				"cubes": [
					{"origin": [2.14892, 5.92677, -0.77218], "size": [2.9, 7, 0], "uv": [12, 43]}
				]
			},
			{
				"name": "bone84",
				"parent": "bone80",
				"pivot": [3.45005, 13.3351, -1.55],
				"rotation": [-7.5794, 21.59454, -30.27037],
				"cubes": [
					{"origin": [3.17254, 6.37795, -2.51448], "size": [0.01, 7, 1], "uv": [16, 42]}
				]
			},
			{
				"name": "sittingRotationSkirt",
				"parent": "body",
				"pivot": [0, 11.25, 0.75]
			},
			{
				"name": "bone87",
				"parent": "sittingRotationSkirt",
				"pivot": [-0.5, 19, 3.75]
			},
			{
				"name": "bone88",
				"parent": "bone87",
				"pivot": [0, 4, 0]
			},
			{
				"name": "bone89",
				"parent": "bone88",
				"pivot": [0, 4, 2.97771],
				"rotation": [15, 0, 0],
				"cubes": [
					{"origin": [-1, 3.70221, 5.15754], "size": [2, 9, 0], "uv": [58, 33]}
				]
			},
			{
				"name": "bone90",
				"parent": "bone89",
				"pivot": [-1, 3.70221, 2.97771],
				"rotation": [0, 0, 8.56299],
				"cubes": [
					{"origin": [-3, 3.70221, 5.15654], "size": [2, 9, 0], "uv": [58, 24]}
				]
			},
			{
				"name": "bone91",
				"parent": "bone89",
				"pivot": [1, 3.70221, 2.97771],
				"rotation": [0, 0, -8.56299],
				"cubes": [
					{"origin": [1, 3.70221, 5.15854], "size": [2, 9, 0], "uv": [58, 58]}
				]
			},
			{
				"name": "bone92",
				"parent": "bone87",
				"pivot": [0, 4, 0],
				"rotation": [0, -60, 0]
			},
			{
				"name": "bone93",
				"parent": "bone92",
				"pivot": [0, 4, 2.97771],
				"rotation": [15, 0, 0],
				"cubes": [
					{"origin": [-1, 3.70221, 5.15754], "size": [2, 9, 0], "uv": [50, 56]}
				]
			},
			{
				"name": "bone94",
				"parent": "bone93",
				"pivot": [-1, 3.70221, 2.97771],
				"rotation": [0, 0, 8.56299],
				"cubes": [
					{"origin": [-3, 3.70221, 5.15654], "size": [2, 9, 0], "uv": [46, 56]}
				]
			},
			{
				"name": "bone95",
				"parent": "bone93",
				"pivot": [1, 3.70221, 2.97771],
				"rotation": [0, 0, -8.56299],
				"cubes": [
					{"origin": [1, 3.70221, 5.15854], "size": [2, 9, 0], "uv": [42, 56]}
				]
			},
			{
				"name": "bone96",
				"parent": "bone87",
				"pivot": [0, 4, 0],
				"rotation": [0, -120, 0]
			},
			{
				"name": "bone97",
				"parent": "bone96",
				"pivot": [0, 4, 2.97771],
				"rotation": [15, 0, 0],
				"cubes": [
					{"origin": [-1, 3.70221, 5.15754], "size": [2, 9, 0], "uv": [8, 55]}
				]
			},
			{
				"name": "bone98",
				"parent": "bone97",
				"pivot": [-1, 3.70221, 2.97771],
				"rotation": [0, 0, 8.56299],
				"cubes": [
					{"origin": [-3, 3.70221, 5.15654], "size": [2, 9, 0], "uv": [4, 55]}
				]
			},
			{
				"name": "bone99",
				"parent": "bone97",
				"pivot": [1, 3.70221, 2.97771],
				"rotation": [0, 0, -8.56299],
				"cubes": [
					{"origin": [1, 3.70221, 5.15854], "size": [2, 9, 0], "uv": [0, 55]}
				]
			},
			{
				"name": "bone100",
				"parent": "bone87",
				"pivot": [0, 4, 0],
				"rotation": [0, -180, 0]
			},
			{
				"name": "bone101",
				"parent": "bone100",
				"pivot": [0, 4, 2.97771],
				"rotation": [15, 0, 0],
				"cubes": [
					{"origin": [-1, 3.70221, 5.15754], "size": [2, 9, 0], "uv": [54, 41]}
				]
			},
			{
				"name": "bone102",
				"parent": "bone101",
				"pivot": [-1, 3.70221, 2.97771],
				"rotation": [0, 0, 8.56299],
				"cubes": [
					{"origin": [-3, 3.70221, 5.15654], "size": [2, 9, 0], "uv": [54, 32]}
				]
			},
			{
				"name": "bone103",
				"parent": "bone101",
				"pivot": [1, 3.70221, 2.97771],
				"rotation": [0, 0, -8.56299],
				"cubes": [
					{"origin": [1, 3.70221, 5.15854], "size": [2, 9, 0], "uv": [54, 54]}
				]
			},
			{
				"name": "bone104",
				"parent": "bone87",
				"pivot": [0, 4, 0],
				"rotation": [0, -240, 0]
			},
			{
				"name": "bone105",
				"parent": "bone104",
				"pivot": [0, 4, 2.97771],
				"rotation": [15, 0, 0],
				"cubes": [
					{"origin": [-1, 3.70221, 5.15754], "size": [2, 9, 0], "uv": [28, 52]}
				]
			},
			{
				"name": "bone106",
				"parent": "bone105",
				"pivot": [-1, 3.70221, 2.97771],
				"rotation": [0, 0, 8.56299],
				"cubes": [
					{"origin": [-3, 3.70221, 5.15654], "size": [2, 9, 0], "uv": [24, 52]}
				]
			},
			{
				"name": "bone107",
				"parent": "bone105",
				"pivot": [1, 3.70221, 2.97771],
				"rotation": [0, 0, -8.56299],
				"cubes": [
					{"origin": [1, 3.70221, 5.15854], "size": [2, 9, 0], "uv": [20, 52]}
				]
			},
			{
				"name": "bone108",
				"parent": "bone87",
				"pivot": [0, 4, 0],
				"rotation": [0, -300, 0]
			},
			{
				"name": "bone109",
				"parent": "bone108",
				"pivot": [0, 4, 2.97771],
				"rotation": [15, 0, 0],
				"cubes": [
					{"origin": [-1, 3.70221, 5.15754], "size": [2, 9, 0], "uv": [50, 32]}
				]
			},
			{
				"name": "bone110",
				"parent": "bone109",
				"pivot": [-1, 3.70221, 2.97771],
				"rotation": [0, 0, 8.56299],
				"cubes": [
					{"origin": [-3, 3.70221, 5.15654], "size": [2, 9, 0], "uv": [4, 0]}
				]
			},
			{
				"name": "bone111",
				"parent": "bone109",
				"pivot": [1, 3.70221, 2.97771],
				"rotation": [0, 0, -8.56299],
				"cubes": [
					{"origin": [1, 3.70221, 5.15854], "size": [2, 9, 0], "uv": [0, 0]}
				]
			},
			{
				"name": "bone2",
				"parent": "sittingRotationSkirt",
				"pivot": [0, 4, 0]
			},
			{
				"name": "bone3",
				"parent": "bone2",
				"pivot": [0, 4, 2.48337],
				"rotation": [18, 0, 0]
			},
			{
				"name": "bone4",
				"parent": "bone3",
				"pivot": [-0.5, 3.74263, 2.48337],
				"rotation": [0, 0, 7.39351]
			},
			{
				"name": "bone5",
				"parent": "bone3",
				"pivot": [0.5, 3.74263, 2.48337],
				"rotation": [0, 0, -7.39351]
			},
			{
				"name": "bone6",
				"parent": "sittingRotationSkirt",
				"pivot": [0, 4, 0],
				"rotation": [0, -45, 0]
			},
			{
				"name": "bone7",
				"parent": "bone6",
				"pivot": [0, 4, 2.48337],
				"rotation": [18, 0, 0],
				"cubes": [
					{"origin": [-0.4, 3.74263, 5.99539], "size": [0.9, 8.4, 0], "uv": [0, 0]}
				]
			},
			{
				"name": "bone8",
				"parent": "bone7",
				"pivot": [-0.5, 3.74263, 2.48337],
				"rotation": [0, 0, 7.39351],
				"cubes": [
					{"origin": [-2.4, 3.74263, 5.99439], "size": [1.9, 8.4, 0], "uv": [34, 61]}
				]
			},
			{
				"name": "bone9",
				"parent": "bone7",
				"pivot": [0.5, 3.74263, 2.48337],
				"rotation": [0, 0, -7.39351],
				"cubes": [
					{"origin": [0.6, 3.74263, 5.99639], "size": [1.9, 8.4, 0], "uv": [30, 61]}
				]
			},
			{
				"name": "bone10",
				"parent": "sittingRotationSkirt",
				"pivot": [0, 4, 0],
				"rotation": [0, -90, 0]
			},
			{
				"name": "bone11",
				"parent": "bone10",
				"pivot": [0, 4, 2.48337],
				"rotation": [18, 0, 0],
				"cubes": [
					{"origin": [-0.4, 3.74263, 5.99539], "size": [0.9, 8.4, 0], "uv": [0, 0]}
				]
			},
			{
				"name": "bone12",
				"parent": "bone11",
				"pivot": [-0.5, 3.74263, 2.48337],
				"rotation": [0, 0, 7.39351],
				"cubes": [
					{"origin": [-2.4, 3.74263, 5.99439], "size": [1.9, 8.4, 0], "uv": [28, 61]}
				]
			},
			{
				"name": "bone13",
				"parent": "bone11",
				"pivot": [0.5, 3.74263, 2.48337],
				"rotation": [0, 0, -7.39351],
				"cubes": [
					{"origin": [0.6, 3.74263, 5.99639], "size": [1.9, 8.4, 0], "uv": [26, 61]}
				]
			},
			{
				"name": "bone14",
				"parent": "sittingRotationSkirt",
				"pivot": [0, 4, 0],
				"rotation": [0, -135, 0]
			},
			{
				"name": "bone15",
				"parent": "bone14",
				"pivot": [0, 4, 2.48337],
				"rotation": [18, 0, 0],
				"cubes": [
					{"origin": [-0.4, 3.74263, 5.99539], "size": [0.9, 8.4, 0], "uv": [0, 0]}
				]
			},
			{
				"name": "bone16",
				"parent": "bone15",
				"pivot": [-0.5, 3.74263, 2.48337],
				"rotation": [0, 0, 7.39351],
				"cubes": [
					{"origin": [-2.4, 3.74263, 5.99439], "size": [1.9, 8.4, 0], "uv": [24, 61]}
				]
			},
			{
				"name": "bone17",
				"parent": "bone15",
				"pivot": [0.5, 3.74263, 2.48337],
				"rotation": [0, 0, -7.39351],
				"cubes": [
					{"origin": [0.6, 3.74263, 5.99639], "size": [1.9, 8.4, 0], "uv": [22, 61]}
				]
			},
			{
				"name": "bone18",
				"parent": "sittingRotationSkirt",
				"pivot": [0, 4, 0],
				"rotation": [0, -180, 0]
			},
			{
				"name": "bone19",
				"parent": "bone18",
				"pivot": [0, 4, 2.48337],
				"rotation": [18, 0, 0],
				"cubes": [
					{"origin": [-0.4, 3.74263, 5.99539], "size": [0.9, 8.4, 0], "uv": [0, 0]}
				]
			},
			{
				"name": "bone20",
				"parent": "bone19",
				"pivot": [-0.5, 3.74263, 2.48337],
				"rotation": [0, 0, 7.39351],
				"cubes": [
					{"origin": [-2.4, 3.74263, 5.99439], "size": [1.9, 8.4, 0], "uv": [20, 61]}
				]
			},
			{
				"name": "bone21",
				"parent": "bone19",
				"pivot": [0.5, 3.74263, 2.48337],
				"rotation": [0, 0, -7.39351],
				"cubes": [
					{"origin": [0.6, 3.74263, 5.99639], "size": [1.9, 8.4, 0], "uv": [18, 61]}
				]
			},
			{
				"name": "bone22",
				"parent": "sittingRotationSkirt",
				"pivot": [0, 4, 0],
				"rotation": [0, -225, 0]
			},
			{
				"name": "bone23",
				"parent": "bone22",
				"pivot": [0, 4, 2.48337],
				"rotation": [18, 0, 0],
				"cubes": [
					{"origin": [-0.4, 3.74263, 5.99539], "size": [0.9, 8.4, 0], "uv": [0, 0]}
				]
			},
			{
				"name": "bone24",
				"parent": "bone23",
				"pivot": [-0.5, 3.74263, 2.48337],
				"rotation": [0, 0, 7.39351],
				"cubes": [
					{"origin": [-2.4, 3.74263, 5.99439], "size": [1.9, 8.4, 0], "uv": [16, 61]}
				]
			},
			{
				"name": "bone25",
				"parent": "bone23",
				"pivot": [0.5, 3.74263, 2.48337],
				"rotation": [0, 0, -7.39351],
				"cubes": [
					{"origin": [0.6, 3.74263, 5.99639], "size": [1.9, 8.4, 0], "uv": [14, 61]}
				]
			},
			{
				"name": "bone26",
				"parent": "sittingRotationSkirt",
				"pivot": [0, 4, 0],
				"rotation": [0, -270, 0]
			},
			{
				"name": "bone27",
				"parent": "bone26",
				"pivot": [0, 4, 2.48337],
				"rotation": [18, 0, 0],
				"cubes": [
					{"origin": [-0.4, 3.74263, 5.99539], "size": [0.9, 8.4, 0], "uv": [0, 0]}
				]
			},
			{
				"name": "bone28",
				"parent": "bone27",
				"pivot": [-0.5, 3.74263, 2.48337],
				"rotation": [0, 0, 7.39351],
				"cubes": [
					{"origin": [-2.4, 3.74263, 5.99439], "size": [1.9, 8.4, 0], "uv": [12, 61]}
				]
			},
			{
				"name": "bone29",
				"parent": "bone27",
				"pivot": [0.5, 3.74263, 2.48337],
				"rotation": [0, 0, -7.39351],
				"cubes": [
					{"origin": [0.6, 3.74263, 5.99639], "size": [1.9, 8.4, 0], "uv": [60, 11]}
				]
			},
			{
				"name": "bone30",
				"parent": "sittingRotationSkirt",
				"pivot": [0, 4, 0],
				"rotation": [0, -315, 0]
			},
			{
				"name": "bone31",
				"parent": "bone30",
				"pivot": [0, 4, 2.48337],
				"rotation": [18, 0, 0],
				"cubes": [
					{"origin": [-0.4, 3.74263, 5.99539], "size": [0.9, 8.4, 0], "uv": [0, 0]}
				]
			},
			{
				"name": "bone32",
				"parent": "bone31",
				"pivot": [-0.5, 3.74263, 2.48337],
				"rotation": [0, 0, 7.39351],
				"cubes": [
					{"origin": [-2.4, 3.74263, 5.99439], "size": [1.9, 8.4, 0], "uv": [59, 3]}
				]
			},
			{
				"name": "bone33",
				"parent": "bone31",
				"pivot": [0.5, 3.74263, 2.48337],
				"rotation": [0, 0, -7.39351],
				"cubes": [
					{"origin": [0.6, 3.74263, 5.99639], "size": [1.9, 8.4, 0], "uv": [32, 59]}
				]
			},
			{
				"name": "armRight",
				"pivot": [-2.5, 16.8, 0],
				"rotation": [0, 0, 25],
				"cubes": [
					{"origin": [-4.46947, 7.91761, -1], "size": [2, 9, 2], "uv": [12, 50]}
				]
			},
			{
				"name": "bone65",
				"parent": "armRight",
				"pivot": [0.6008, -3.19935, 0.3]
			},
			{
				"name": "bone66",
				"parent": "bone65",
				"pivot": [-1.3992, 12.30065, 1.55],
				"rotation": [10, 0, -10],
				"cubes": [
					{"origin": [-3.97641, 9.6874, -0.54338], "size": [1.6, 4, 1.7], "uv": [62, 62]}
				]
			},
			{
				"name": "bone67",
				"parent": "bone65",
				"pivot": [-5.3992, 12.30065, 1.55],
				"rotation": [10, 0, 10],
				"cubes": [
					{"origin": [-4.56819, 9.64465, -0.45091], "size": [1.6, 4, 1.6], "uv": [61, 3]}
				]
			},
			{
				"name": "bone68",
				"parent": "bone65",
				"pivot": [-5.3992, 12.30065, -2.45],
				"rotation": [-10, 0, 10],
				"cubes": [
					{"origin": [-4.56819, 9.8183, -1.16428], "size": [1.6, 4, 1.7], "uv": [36, 61]}
				]
			},
			{
				"name": "bone69",
				"parent": "bone65",
				"pivot": [-1.8992, 12.30065, -1.95],
				"rotation": [-10, 0, -10],
				"cubes": [
					{"origin": [-4.08401, 9.68872, -1.14914], "size": [1.7, 4, 1.8], "uv": [27, 0]}
				]
			},
			{
				"name": "bone70",
				"parent": "armRight",
				"pivot": [-3.46947, 13.17261, -1.145],
				"rotation": [20, 0, 0],
				"cubes": [
					{"origin": [-4.46947, 12.67261, -1.15], "size": [2, 1, 0.01], "uv": [66, 66]}
				]
			},
			{
				"name": "bone71",
				"parent": "armRight",
				"pivot": [-3.46947, 13.17261, 1.145],
				"rotation": [-20, 0, 0],
				"cubes": [
					{"origin": [-4.46947, 12.67261, 1.14], "size": [2, 1, 0.01], "uv": [8, 66]}
				]
			},
			{
				"name": "bone72",
				"parent": "armRight",
				"pivot": [-2.28988, 13.21575, 0.045],
				"rotation": [0, -90, 20],
				"cubes": [
					{"origin": [-3.23988, 12.71575, 0.04], "size": [2, 1, 0.01], "uv": [4, 66]}
				]
			},
			{
				"name": "bone73",
				"parent": "armRight",
				"pivot": [-4.63208, 13.22738, -0.045],
				"rotation": [0, -90, -20],
				"cubes": [
					{"origin": [-5.58208, 12.72738, -0.05], "size": [2, 1, 0.01], "uv": [0, 66]}
				]
			},
			{
				"name": "bone74",
				"parent": "armRight",
				"pivot": [-2.96947, 16.92261, 0],
				"rotation": [0, 0, 10],
				"cubes": [
					{"origin": [-5.46947, 16.91761, -2], "size": [4, 0.01, 4], "uv": [0, 9]},
					{"origin": [-5.46947, 15.92761, -1.51], "size": [3, 1, 0.01], "uv": [44, 12]},
					{"origin": [-5.46947, 15.92761, 1.49], "size": [3, 1, 0.01], "uv": [42, 32]}
				]
			},
			{
				"name": "legLeft",
				"pivot": [2, 9, 0],
				"cubes": [
					{"origin": [0.499, 0, -1.5], "size": [3, 9, 3], "uv": [47, 0]}
				]
			},
			{
				"name": "legRight",
				"pivot": [-2, 9, 0],
				"cubes": [
					{"origin": [-3.499, 0, -1.5], "size": [3, 9, 3], "uv": [0, 43]}
				]
			},
			{
				"name": "fakewing1",
				"pivot": [0.5, 15, 3.25],
				"rotation": [0, 75, 0],
				"cubes": [
					{"origin": [0.64323, 10, 3.32765], "size": [0, 10, 13], "uv": [0, 10]}
				]
			},
			{
				"name": "fakewing2",
				"pivot": [-0.5, 15, 3.25],
				"rotation": [0, -75, 0],
				"cubes": [
					{"origin": [-0.5, 9, 3], "size": [0, 10, 13], "uv": [0, 0]}
				]
			}
		]
	}
}