{"format_version":"1.10.0","geometry.model":{"texturewidth":64,"textureheight":64,"visible_bounds_width":3,"visible_bounds_height":4,"visible_bounds_offset":[0,1,0],"bones":[{"name":"head","pivot":[0,16,0],"cubes":[{"origin":[-4,16,-4],"size":[8,8,8],"uv":[0,0]}]},{"name":"ahoge","parent":"head","pivot":[0,24,0],"cubes":[{"origin":[-3,24,0],"size":[6,6,0],"uv":[0,43]}]},{"name":"blink","parent":"head","pivot":[0,16,0],"cubes":[{"origin":[-4,16,-4.001],"size":[8,8,0],"uv":[42,42]}]},{"name":"bone37","parent":"head","pivot":[4.6,25.4,-0.3],"rotation":[2.5,0,40],"cubes":[{"origin":[1.6,24.9,-2.3],"size":[6,0.01,4],"uv":[30,34]}]},{"name":"bone38","parent":"head","pivot":[0,16,0],"cubes":[{"origin":[-4,13,4],"size":[8,3,0],"uv":[39,21]},{"origin":[3.99,13,-4],"size":[0.01,3,8],"uv":[27,10]},{"origin":[-4.01,13,-4],"size":[0.01,3,8],"uv":[18,26]}]},{"name":"bone39","parent":"head","pivot":[0,16,0],"cubes":[{"origin":[-4.5,24.5,-4.5],"size":[9,0.01,9],"uv":[0,16]}]},{"name":"bone40","parent":"head","pivot":[0,16,0],"cubes":[{"origin":[-4.5,15.5,-4.5],"size":[0.01,9,9],"uv":[0,25]},{"origin":[4.5,15.5,-4.5],"size":[0.01,9,9],"uv":[0,16]},{"origin":[-4.5,15.5,4.49],"size":[9,9,0.01],"uv":[32,9]},{"origin":[-4.5,15.5,-4.51],"size":[9,9,0.01],"uv":[32,0]}]},{"name":"bone42","parent":"head","pivot":[0,16,0]},{"name":"bone41","parent":"bone42","pivot":[4,15.5,4.5],"rotation":[90.90956,-19.98015,-90.16022]},{"name":"bone46","parent":"bone41","pivot":[0.25614,17.1038,15.83396],"rotation":[0,0,-18.01402],"cubes":[{"origin":[2.32156,14.42833,4.00006],"size":[1,0,1],"uv":[29,57]}]},{"name":"bone47","parent":"bone41","pivot":[-0.69503,16.79449,15.83396],"rotation":[0,0,-34.85666],"cubes":[{"origin":[0.46369,13.3456,4.00006],"size":[1,0,1],"uv":[23,16]}]},{"name":"bone48","parent":"bone41","pivot":[-1.51534,16.22315,15.83396],"rotation":[0,0,-42.43863],"cubes":[{"origin":[-0.83055,12.51958,4.00006],"size":[1,0,1],"uv":[21,57]}]},{"name":"bone49","parent":"bone41","pivot":[-2.25362,15.5481,15.83396],"rotation":[0,0,-44.82459],"cubes":[{"origin":[-1.72448,11.7776,4.00006],"size":[1,0,1],"uv":[19,57]}]},{"name":"bone50","parent":"bone41","pivot":[-2.96261,14.84344,15.83396],"rotation":[0,0,-43.37989],"cubes":[{"origin":[-2.33889,11.11269,4.00006],"size":[1,0,1],"uv":[13,57]}]},{"name":"bone51","parent":"bone41","pivot":[-3.68917,14.15685,15.83396],"rotation":[0,0,-37.28532],"cubes":[{"origin":[-2.67853,10.61958,4.00006],"size":[1,0,1],"uv":[2,57]}]},{"name":"bone52","parent":"bone41","pivot":[-4.48507,13.55086,15.83396],"rotation":[0,0,-23.07726],"cubes":[{"origin":[-2.66773,10.61529,4.00006],"size":[1,0,1],"uv":[0,57]}]},{"name":"bone53","parent":"bone41","pivot":[-5.40499,13.15891,15.83396],"rotation":[0,0,2.00679],"cubes":[{"origin":[-2.60884,11.6946,4.00006],"size":[1,0,1],"uv":[56,21]}]},{"name":"bone43","parent":"bone42","pivot":[2,15.5,4.5],"rotation":[90.9089,-19.76213,-87.66475]},{"name":"bone44","parent":"bone43","pivot":[-1.74386,17.1038,15.83396],"rotation":[0,0,-18.01402],"cubes":[{"origin":[0.35891,14.44375,4.00123],"size":[1,0,1],"uv":[55,56]}]},{"name":"bone45","parent":"bone43","pivot":[-2.69503,16.79449,15.83396],"rotation":[0,0,-34.85666],"cubes":[{"origin":[-1.49609,13.34954,4.00123],"size":[1,0,1],"uv":[53,56]}]},{"name":"bone54","parent":"bone43","pivot":[-3.51534,16.22315,15.83396],"rotation":[0,0,-42.43863],"cubes":[{"origin":[-2.79017,12.51818,4.00123],"size":[1,0,1],"uv":[47,56]}]},{"name":"bone55","parent":"bone43","pivot":[-4.25362,15.5481,15.83396],"rotation":[0,0,-44.82459],"cubes":[{"origin":[-3.68419,11.77452,4.00123],"size":[1,0,1],"uv":[45,56]}]},{"name":"bone56","parent":"bone43","pivot":[-4.96261,14.84344,15.83396],"rotation":[0,0,-43.37989],"cubes":[{"origin":[-4.29854,11.11063,4.00123],"size":[1,0,1],"uv":[23,56]}]},{"name":"bone57","parent":"bone43","pivot":[-5.68917,14.15685,15.83396],"rotation":[0,0,-37.28532],"cubes":[{"origin":[-4.63819,10.62181,4.00123],"size":[1,0,1],"uv":[21,56]}]},{"name":"bone58","parent":"bone43","pivot":[-6.48507,13.55086,15.83396],"rotation":[0,0,-23.07726],"cubes":[{"origin":[-4.62917,10.62735,4.00123],"size":[1,0,1],"uv":[19,56]}]},{"name":"bone59","parent":"bone43","pivot":[-7.40499,13.15891,15.83396],"rotation":[0,0,2.00679],"cubes":[{"origin":[-4.57903,11.72188,4.00123],"size":[1,0,1],"uv":[13,56]}]},{"name":"bone60","parent":"bone42","pivot":[0,15.5,4.5],"rotation":[88.25058,-20.07635,-91.74942]},{"name":"bone61","parent":"bone60","pivot":[-3.74386,17.1038,15.83396],"rotation":[0,0,-18.01402],"cubes":[{"origin":[-1.66511,14.41492,3.99689],"size":[1,0,1],"uv":[2,56]}]},{"name":"bone62","parent":"bone60","pivot":[-4.69503,16.79449,15.83396],"rotation":[0,0,-34.85666],"cubes":[{"origin":[-3.52744,13.3289,3.99689],"size":[1,0,1],"uv":[0,56]}]},{"name":"bone63","parent":"bone60","pivot":[-5.51534,16.22315,15.83396],"rotation":[0,0,-42.43863],"cubes":[{"origin":[-4.82397,12.50186,3.99689],"size":[1,0,1],"uv":[55,41]}]},{"name":"bone64","parent":"bone60","pivot":[-6.25362,15.5481,15.83396],"rotation":[0,0,-44.82459],"cubes":[{"origin":[-5.71864,11.75962,3.99689],"size":[1,0,1],"uv":[55,40]}]},{"name":"bone65","parent":"bone60","pivot":[-6.96261,14.84344,15.83396],"rotation":[0,0,-43.37989],"cubes":[{"origin":[-6.33259,11.09487,3.99689],"size":[1,0,1],"uv":[55,1]}]},{"name":"bone66","parent":"bone60","pivot":[-7.68917,14.15685,15.83396],"rotation":[0,0,-37.28532],"cubes":[{"origin":[-6.67038,10.60252,3.99689],"size":[1,0,1],"uv":[55,0]}]},{"name":"bone67","parent":"bone60","pivot":[-8.48507,13.55086,15.83396],"rotation":[0,0,-23.07726],"cubes":[{"origin":[-6.65565,10.60075,3.99689],"size":[1,0,1],"uv":[15,55]}]},{"name":"bone68","parent":"bone60","pivot":[-9.40499,13.15891,15.83396],"rotation":[0,0,2.00679],"cubes":[{"origin":[-6.59173,11.68656,3.99689],"size":[1,0,1],"uv":[13,55]}]},{"name":"bone69","parent":"bone42","pivot":[-2,15.6,4.4],"rotation":[90.90956,-19.98015,-90.16022]},{"name":"bone70","parent":"bone69","pivot":[-5.74386,17.2038,15.73396],"rotation":[0,0,-18.01402],"cubes":[{"origin":[-3.70097,14.54936,3.90128],"size":[1,0,1],"uv":[11,55]}]},{"name":"bone71","parent":"bone69","pivot":[-6.69503,16.89449,15.73396],"rotation":[0,0,-34.85666],"cubes":[{"origin":[-5.55177,13.47226,3.90128],"size":[1,0,1],"uv":[54,21]}]},{"name":"bone72","parent":"bone69","pivot":[-7.51534,16.32315,15.73396],"rotation":[0,0,-42.43863],"cubes":[{"origin":[-6.84237,12.64805,3.90128],"size":[1,0,1],"uv":[15,54]}]},{"name":"bone73","parent":"bone69","pivot":[-8.25362,15.6481,15.73396],"rotation":[0,0,-44.82459],"cubes":[{"origin":[-7.7351,11.90653,3.90128],"size":[1,0,1],"uv":[13,54]}]},{"name":"bone74","parent":"bone69","pivot":[-8.96261,14.94344,15.73396],"rotation":[0,0,-43.37989],"cubes":[{"origin":[-8.35023,11.24135,3.90128],"size":[1,0,1],"uv":[11,54]}]},{"name":"bone75","parent":"bone69","pivot":[-9.68917,14.25685,15.73396],"rotation":[0,0,-37.28532],"cubes":[{"origin":[-8.69286,10.74687,3.90128],"size":[1,0,1],"uv":[53,41]}]},{"name":"bone76","parent":"bone69","pivot":[-10.48507,13.65086,15.73396],"rotation":[0,0,-23.07726],"cubes":[{"origin":[-8.68832,10.73823,3.90128],"size":[1,0,1],"uv":[53,40]}]},{"name":"bone77","parent":"bone69","pivot":[-11.40499,13.25891,15.73396],"rotation":[0,0,2.00679],"cubes":[{"origin":[-8.63721,11.80665,3.90128],"size":[1,0,1],"uv":[53,35]}]},{"name":"bone96","parent":"bone42","pivot":[-1,15.6,4.4],"rotation":[91.39833,-29.96082,-92.43004]},{"name":"bone97","parent":"bone96","pivot":[-4.74386,17.2038,15.73396],"rotation":[0,0,-18.01402],"cubes":[{"origin":[-2.69396,14.48608,3.89768],"size":[1,0,1],"uv":[31,51]}]},{"name":"bone98","parent":"bone96","pivot":[-5.69503,16.89449,15.73396],"rotation":[0,0,-34.85666],"cubes":[{"origin":[-4.5634,13.40966,3.89768],"size":[1,0,1],"uv":[25,51]}]},{"name":"bone99","parent":"bone96","pivot":[-6.51534,16.32315,15.73396],"rotation":[0,0,-42.43863],"cubes":[{"origin":[-5.86215,12.58754,3.89768],"size":[1,0,1],"uv":[7,51]}]},{"name":"bone100","parent":"bone96","pivot":[-7.25362,15.6481,15.73396],"rotation":[0,0,-44.82459],"cubes":[{"origin":[-6.75738,11.84689,3.89768],"size":[1,0,1],"uv":[50,25]}]},{"name":"bone101","parent":"bone96","pivot":[-7.96261,14.94344,15.73396],"rotation":[0,0,-43.37989],"cubes":[{"origin":[-7.37101,11.18117,3.89768],"size":[1,0,1],"uv":[50,24]}]},{"name":"bone102","parent":"bone96","pivot":[-8.68917,14.25685,15.73396],"rotation":[0,0,-37.28532],"cubes":[{"origin":[-7.70712,10.68482,3.89768],"size":[1,0,1],"uv":[50,20]}]},{"name":"bone103","parent":"bone96","pivot":[-9.48507,13.65086,15.73396],"rotation":[0,0,-23.07726],"cubes":[{"origin":[-7.68692,10.67458,3.89768],"size":[1,0,1],"uv":[50,19]}]},{"name":"bone104","parent":"bone96","pivot":[-10.40499,13.25891,15.73396],"rotation":[0,0,2.00679],"cubes":[{"origin":[-7.60896,11.7496,3.89768],"size":[1,0,1],"uv":[50,18]}]},{"name":"bone105","parent":"bone42","pivot":[1,15.5,4.5],"rotation":[88.55809,-32.52556,-90.79273]},{"name":"bone106","parent":"bone105","pivot":[-2.74386,17.1038,15.83396],"rotation":[0,0,-18.01402],"cubes":[{"origin":[-0.6373,14.45091,3.9965],"size":[1,0,1],"uv":[49,50]}]},{"name":"bone107","parent":"bone105","pivot":[-3.69503,16.79449,15.83396],"rotation":[0,0,-34.85666],"cubes":[{"origin":[-2.49039,13.35529,3.9965],"size":[1,0,1],"uv":[47,50]}]},{"name":"bone108","parent":"bone105","pivot":[-4.51534,16.22315,15.83396],"rotation":[0,0,-42.43863],"cubes":[{"origin":[-3.78376,12.52313,3.9965],"size":[1,0,1],"uv":[41,50]}]},{"name":"bone109","parent":"bone105","pivot":[-5.25362,15.5481,15.83396],"rotation":[0,0,-44.82459],"cubes":[{"origin":[-4.67758,11.77919,3.9965],"size":[1,0,1],"uv":[39,50]}]},{"name":"bone110","parent":"bone105","pivot":[-5.96261,14.84344,15.83396],"rotation":[0,0,-43.37989],"cubes":[{"origin":[-5.29204,11.11547,3.9965],"size":[1,0,1],"uv":[33,50]}]},{"name":"bone111","parent":"bone105","pivot":[-6.68917,14.15685,15.83396],"rotation":[0,0,-37.28532],"cubes":[{"origin":[-5.63225,10.62731,3.9965],"size":[1,0,1],"uv":[31,50]}]},{"name":"bone112","parent":"bone105","pivot":[-7.48507,13.55086,15.83396],"rotation":[0,0,-23.07726],"cubes":[{"origin":[-5.62476,10.63415,3.9965],"size":[1,0,1],"uv":[25,50]}]},{"name":"bone113","parent":"bone105","pivot":[-8.40499,13.15891,15.83396],"rotation":[0,0,2.00679],"cubes":[{"origin":[-5.57792,11.7299,3.9965],"size":[1,0,1],"uv":[23,50]}]},{"name":"bone114","parent":"bone42","pivot":[3,15.5,4.5],"rotation":[88.51284,-30.03538,-88.48715]},{"name":"bone115","parent":"bone114","pivot":[-0.74386,17.1038,15.83396],"rotation":[0,0,-18.01402],"cubes":[{"origin":[1.32887,14.42638,3.99976],"size":[1,0,1],"uv":[17,50]}]},{"name":"bone116","parent":"bone114","pivot":[-1.69503,16.79449,15.83396],"rotation":[0,0,-34.85666],"cubes":[{"origin":[-0.52988,13.34161,3.99976],"size":[1,0,1],"uv":[7,50]}]},{"name":"bone117","parent":"bone114","pivot":[-2.51534,16.22315,15.83396],"rotation":[0,0,-42.43863],"cubes":[{"origin":[-1.82471,12.51478,3.99976],"size":[1,0,1],"uv":[5,50]}]},{"name":"bone118","parent":"bone114","pivot":[-3.25362,15.5481,15.83396],"rotation":[0,0,-44.82459],"cubes":[{"origin":[-2.71884,11.77256,3.99976],"size":[1,0,1],"uv":[49,41]}]},{"name":"bone119","parent":"bone114","pivot":[-3.96261,14.84344,15.83396],"rotation":[0,0,-43.37989],"cubes":[{"origin":[-3.33312,11.1078,3.99976],"size":[1,0,1],"uv":[49,40]}]},{"name":"bone120","parent":"bone114","pivot":[-4.68917,14.15685,15.83396],"rotation":[0,0,-37.28532],"cubes":[{"origin":[-3.67228,10.61532,3.99976],"size":[1,0,1],"uv":[49,13]}]},{"name":"bone121","parent":"bone114","pivot":[-5.48507,13.55086,15.83396],"rotation":[0,0,-23.07726],"cubes":[{"origin":[-3.66063,10.6127,3.99976],"size":[1,0,1],"uv":[49,12]}]},{"name":"bone122","parent":"bone114","pivot":[-6.40499,13.15891,15.83396],"rotation":[0,0,2.00679],"cubes":[{"origin":[-3.60131,11.69527,3.99976],"size":[1,0,1],"uv":[49,7]}]},{"name":"bone78","parent":"bone42","pivot":[-4,15.6,4.5],"rotation":[91.44093,-19.95616,-92.84168]},{"name":"bone79","parent":"bone78","pivot":[-7.74386,17.2038,15.83396],"rotation":[0,0,-18.01402],"cubes":[{"origin":[-5.70097,14.54936,4.00128],"size":[1,0,1],"uv":[53,34]}]},{"name":"bone80","parent":"bone78","pivot":[-8.69503,16.89449,15.83396],"rotation":[0,0,-34.85666],"cubes":[{"origin":[-7.55177,13.47226,4.00128],"size":[1,0,1],"uv":[7,53]}]},{"name":"bone81","parent":"bone78","pivot":[-9.51534,16.32315,15.83396],"rotation":[0,0,-42.43863],"cubes":[{"origin":[-8.84237,12.64805,4.00128],"size":[1,0,1],"uv":[52,29]}]},{"name":"bone82","parent":"bone78","pivot":[-10.25362,15.6481,15.83396],"rotation":[0,0,-44.82459],"cubes":[{"origin":[-9.7351,11.90653,4.00128],"size":[1,0,1],"uv":[52,28]}]},{"name":"bone83","parent":"bone78","pivot":[-10.96261,14.94344,15.83396],"rotation":[0,0,-43.37989],"cubes":[{"origin":[-10.35023,11.24135,4.00128],"size":[1,0,1],"uv":[52,20]}]},{"name":"bone84","parent":"bone78","pivot":[-11.68917,14.25685,15.83396],"rotation":[0,0,-37.28532],"cubes":[{"origin":[-10.69286,10.74687,4.00128],"size":[1,0,1],"uv":[52,19]}]},{"name":"bone85","parent":"bone78","pivot":[-12.48507,13.65086,15.83396],"rotation":[0,0,-23.07726],"cubes":[{"origin":[-10.68832,10.73823,4.00128],"size":[1,0,1],"uv":[52,18]}]},{"name":"bone86","parent":"bone78","pivot":[-13.40499,13.25891,15.83396],"rotation":[0,0,2.00679],"cubes":[{"origin":[-10.63721,11.80665,4.00128],"size":[1,0,1],"uv":[7,52]}]},{"name":"bone87","parent":"bone42","pivot":[-3,15.6,4.4],"rotation":[93.90675,-24.83437,-93.69479]},{"name":"bone88","parent":"bone87","pivot":[-6.74386,17.2038,15.73396],"rotation":[0,0,-18.01402],"cubes":[{"origin":[-4.70097,14.54936,3.90128],"size":[1,0,1],"uv":[51,41]}]},{"name":"bone89","parent":"bone87","pivot":[-7.69503,16.89449,15.73396],"rotation":[0,0,-34.85666],"cubes":[{"origin":[-6.55177,13.47226,3.90128],"size":[1,0,1],"uv":[51,40]}]},{"name":"bone90","parent":"bone87","pivot":[-8.51534,16.32315,15.73396],"rotation":[0,0,-42.43863],"cubes":[{"origin":[-7.84237,12.64805,3.90128],"size":[1,0,1],"uv":[51,34]}]},{"name":"bone91","parent":"bone87","pivot":[-9.25362,15.6481,15.73396],"rotation":[0,0,-44.82459],"cubes":[{"origin":[-8.7351,11.90653,3.90128],"size":[1,0,1],"uv":[49,51]}]},{"name":"bone92","parent":"bone87","pivot":[-9.96261,14.94344,15.73396],"rotation":[0,0,-43.37989],"cubes":[{"origin":[-9.35023,11.24135,3.90128],"size":[1,0,1],"uv":[47,51]}]},{"name":"bone93","parent":"bone87","pivot":[-10.68917,14.25685,15.73396],"rotation":[0,0,-37.28532],"cubes":[{"origin":[-9.69286,10.74687,3.90128],"size":[1,0,1],"uv":[41,51]}]},{"name":"bone94","parent":"bone87","pivot":[-11.48507,13.65086,15.73396],"rotation":[0,0,-23.07726],"cubes":[{"origin":[-9.68832,10.73823,3.90128],"size":[1,0,1],"uv":[39,51]}]},{"name":"bone95","parent":"bone87","pivot":[-12.40499,13.25891,15.73396],"rotation":[0,0,2.00679],"cubes":[{"origin":[-9.63721,11.80665,3.90128],"size":[1,0,1],"uv":[33,51]}]},{"name":"bone123","parent":"head","pivot":[4.5,15.5,4.5],"rotation":[0,90,0]},{"name":"bone124","parent":"bone123","pivot":[5,15.5,4.6],"rotation":[93.81086,-24.8392,-92.65832]},{"name":"bone125","parent":"bone124","pivot":[1.75244,15.76601,16.35109],"rotation":[0,0,-18.01402],"cubes":[{"origin":[3.76837,14.5697,4.10427],"size":[1,0,1],"uv":[49,6]}]},{"name":"bone126","parent":"bone124","pivot":[0.80127,15.45669,16.35109],"rotation":[0,0,-34.85666],"cubes":[{"origin":[2.34121,13.43786,4.10427],"size":[1,0,1],"uv":[49,1]}]},{"name":"bone127","parent":"bone124","pivot":[-0.01904,14.88536,16.35109],"rotation":[0,0,-42.43863],"cubes":[{"origin":[1.23231,12.54904,4.10427],"size":[1,0,1],"uv":[49,0]}]},{"name":"bone128","parent":"bone124","pivot":[-0.75732,14.2103,16.35109],"rotation":[0,0,-44.82459],"cubes":[{"origin":[0.39482,11.78228,4.10427],"size":[1,0,1],"uv":[27,49]}]},{"name":"bone129","parent":"bone124","pivot":[-1.46631,13.50565,16.35109],"rotation":[0,0,-43.37989],"cubes":[{"origin":[-0.25364,11.13266,4.10427],"size":[1,0,1],"uv":[25,49]}]},{"name":"bone130","parent":"bone124","pivot":[-2.19287,12.81905,16.35109],"rotation":[0,0,-37.28532],"cubes":[{"origin":[-0.74076,10.6944,4.10427],"size":[1,0,1],"uv":[23,49]}]},{"name":"bone131","parent":"bone124","pivot":[-2.98877,12.21306,16.35109],"rotation":[0,0,-23.07726],"cubes":[{"origin":[-1.09019,10.75525,4.10427],"size":[1,0,1],"uv":[17,49]}]},{"name":"bone132","parent":"bone124","pivot":[-3.90869,11.82111,16.35109],"rotation":[0,0,2.00679],"cubes":[{"origin":[-1.66545,11.72964,4.10427],"size":[1,0,1],"uv":[7,49]}]},{"name":"bone143","parent":"bone123","pivot":[7.1,15.5,4.5],"rotation":[93.81086,-24.8392,-92.65832]},{"name":"bone144","parent":"bone143","pivot":[3.8906,15.66743,16.34504],"rotation":[0,0,-18.01402],"cubes":[{"origin":[5.90653,14.47112,4.09822],"size":[1,0,1],"uv":[46,18]}]},{"name":"bone145","parent":"bone143","pivot":[2.93943,15.35812,16.34504],"rotation":[0,0,-34.85666],"cubes":[{"origin":[4.47936,13.33928,4.09822],"size":[1,0,1],"uv":[15,46]}]},{"name":"bone146","parent":"bone143","pivot":[2.11911,14.78678,16.34504],"rotation":[0,0,-42.43863],"cubes":[{"origin":[3.37047,12.45046,4.09822],"size":[1,0,1],"uv":[13,46]}]},{"name":"bone147","parent":"bone143","pivot":[1.38083,14.11173,16.34504],"rotation":[0,0,-44.82459],"cubes":[{"origin":[2.53297,11.68371,4.09822],"size":[1,0,1],"uv":[11,46]}]},{"name":"bone148","parent":"bone143","pivot":[0.67185,13.40707,16.34504],"rotation":[0,0,-43.37989],"cubes":[{"origin":[1.88452,11.03408,4.09822],"size":[1,0,1],"uv":[45,34]}]},{"name":"bone149","parent":"bone143","pivot":[-0.05471,12.72048,16.34504],"rotation":[0,0,-37.28532],"cubes":[{"origin":[1.39739,10.59582,4.09822],"size":[1,0,1],"uv":[15,45]}]},{"name":"bone150","parent":"bone143","pivot":[-0.85061,12.11449,16.34504],"rotation":[0,0,-23.07726],"cubes":[{"origin":[1.04797,10.65668,4.09822],"size":[1,0,1],"uv":[13,45]}]},{"name":"bone151","parent":"bone143","pivot":[-1.77053,11.72254,16.34504],"rotation":[0,0,2.00679]},{"name":"bone152","parent":"bone123","pivot":[7.5,15.5,6],"rotation":[93.56463,-19.84439,-92.56463]},{"name":"bone153","parent":"bone152","pivot":[3.75614,17.1038,17.33396],"rotation":[0,0,-18.01402],"cubes":[{"origin":[5.77207,15.90749,5.08714],"size":[1,0,1],"uv":[11,45]}]},{"name":"bone154","parent":"bone152","pivot":[2.80497,16.79449,17.33396],"rotation":[0,0,-34.85666],"cubes":[{"origin":[4.34491,14.77565,5.08714],"size":[1,0,1],"uv":[44,33]}]},{"name":"bone155","parent":"bone152","pivot":[1.98466,16.22315,17.33396],"rotation":[0,0,-42.43863],"cubes":[{"origin":[3.23602,13.88683,5.08714],"size":[1,0,1],"uv":[44,20]}]},{"name":"bone156","parent":"bone152","pivot":[1.24638,15.5481,17.33396],"rotation":[0,0,-44.82459],"cubes":[{"origin":[2.39852,13.12008,5.08714],"size":[1,0,1],"uv":[15,44]}]},{"name":"bone157","parent":"bone152","pivot":[0.53739,14.84344,17.33396],"rotation":[0,0,-43.37989],"cubes":[{"origin":[1.75007,12.47045,5.08714],"size":[1,0,1],"uv":[15,43]}]},{"name":"bone158","parent":"bone152","pivot":[-0.18917,14.15685,17.33396],"rotation":[0,0,-37.28532]},{"name":"bone159","parent":"bone152","pivot":[-0.98507,13.55086,17.33396],"rotation":[0,0,-23.07726]},{"name":"bone160","parent":"bone152","pivot":[-1.90499,13.15891,17.33396],"rotation":[0,0,2.00679]},{"name":"bone134","parent":"bone123","pivot":[5.5,15.5,6],"rotation":[93.56463,-19.84439,-92.56463]},{"name":"bone135","parent":"bone134","pivot":[1.75614,17.1038,17.33396],"rotation":[0,0,-18.01402],"cubes":[{"origin":[3.77207,15.90749,5.08714],"size":[1,0,1],"uv":[5,49]}]},{"name":"bone136","parent":"bone134","pivot":[0.80497,16.79449,17.33396],"rotation":[0,0,-34.85666],"cubes":[{"origin":[2.34491,14.77565,5.08714],"size":[1,0,1],"uv":[48,20]}]},{"name":"bone137","parent":"bone134","pivot":[-0.01534,16.22315,17.33396],"rotation":[0,0,-42.43863],"cubes":[{"origin":[1.23602,13.88683,5.08714],"size":[1,0,1],"uv":[48,19]}]},{"name":"bone138","parent":"bone134","pivot":[-0.75362,15.5481,17.33396],"rotation":[0,0,-44.82459],"cubes":[{"origin":[0.39852,13.12008,5.08714],"size":[1,0,1],"uv":[48,18]}]},{"name":"bone139","parent":"bone134","pivot":[-1.46261,14.84344,17.33396],"rotation":[0,0,-43.37989],"cubes":[{"origin":[-0.24993,12.47045,5.08714],"size":[1,0,1],"uv":[15,48]}]},{"name":"bone140","parent":"bone134","pivot":[-2.18917,14.15685,17.33396],"rotation":[0,0,-37.28532],"cubes":[{"origin":[-0.73706,12.03219,5.08714],"size":[1,0,1],"uv":[15,47]}]},{"name":"bone141","parent":"bone134","pivot":[-2.98507,13.55086,17.33396],"rotation":[0,0,-23.07726],"cubes":[{"origin":[-1.08649,12.09304,5.08714],"size":[1,0,1],"uv":[46,20]}]},{"name":"bone142","parent":"bone134","pivot":[-3.90499,13.15891,17.33396],"rotation":[0,0,2.00679],"cubes":[{"origin":[-1.66175,13.06743,5.08714],"size":[1,0,1],"uv":[46,19]}]},{"name":"bone161","parent":"head","pivot":[-4.5,15.5,2.5],"rotation":[0,-90,0]},{"name":"bone162","parent":"bone161","pivot":[-3,15.5,21.6],"rotation":[93.81086,24.8392,92.65832]},{"name":"bone163","parent":"bone162","pivot":[0.24756,15.76601,33.35109],"rotation":[0,0,18.01402],"cubes":[{"origin":[-0.49862,33.3988,22.25024],"size":[1,0,1],"uv":[42,39]}]},{"name":"bone164","parent":"bone162","pivot":[1.19873,15.45669,33.35109],"rotation":[0,0,34.85666],"cubes":[{"origin":[-4.62443,32.11691,22.25024],"size":[1,0,1],"uv":[42,38]}]},{"name":"bone165","parent":"bone162","pivot":[2.01904,14.88536,33.35109],"rotation":[0,0,42.43863],"cubes":[{"origin":[-5.95143,30.63158,22.25024],"size":[1,0,1],"uv":[42,26]}]},{"name":"bone166","parent":"bone162","pivot":[2.75732,14.2103,33.35109],"rotation":[0,0,44.82459],"cubes":[{"origin":[-5.86177,29.61106,22.25024],"size":[1,0,1],"uv":[42,20]}]},{"name":"bone167","parent":"bone162","pivot":[3.46631,13.50565,33.35109],"rotation":[0,0,43.37989],"cubes":[{"origin":[-4.76176,29.11881,22.25024],"size":[1,0,1],"uv":[40,26]}]},{"name":"bone168","parent":"bone162","pivot":[4.19287,12.81905,33.35109],"rotation":[0,0,37.28532],"cubes":[{"origin":[-2.33105,29.21755,22.25024],"size":[1,0,1],"uv":[38,40]}]},{"name":"bone169","parent":"bone162","pivot":[4.98877,12.21306,33.35109],"rotation":[0,0,23.07726],"cubes":[{"origin":[2.68932,29.71119,22.25024],"size":[1,0,1],"uv":[29,40]}]},{"name":"bone170","parent":"bone162","pivot":[5.90869,11.82111,33.35109],"rotation":[0,0,-2.00679],"cubes":[{"origin":[11.2444,28.64379,22.25024],"size":[1,0,1],"uv":[30,39]}]},{"name":"bone171","parent":"bone161","pivot":[-5.1,15.5,21.5],"rotation":[93.81086,24.8392,92.65832]},{"name":"bone172","parent":"bone171","pivot":[-1.8906,15.66743,33.34504],"rotation":[0,0,18.01402],"cubes":[{"origin":[-2.63677,33.30022,22.2442],"size":[1,0,1],"uv":[28,39]}]},{"name":"bone173","parent":"bone171","pivot":[-0.93943,15.35812,33.34504],"rotation":[0,0,34.85666],"cubes":[{"origin":[-6.76259,32.01834,22.2442],"size":[1,0,1],"uv":[26,39]}]},{"name":"bone174","parent":"bone171","pivot":[-0.11911,14.78678,33.34504],"rotation":[0,0,42.43863],"cubes":[{"origin":[-8.08959,30.53301,22.2442],"size":[1,0,1],"uv":[17,39]}]},{"name":"bone175","parent":"bone171","pivot":[0.61917,14.11173,33.34504],"rotation":[0,0,44.82459],"cubes":[{"origin":[-7.99993,29.51248,22.2442],"size":[1,0,1],"uv":[38,26]}]},{"name":"bone176","parent":"bone171","pivot":[1.32815,13.40707,33.34504],"rotation":[0,0,43.37989],"cubes":[{"origin":[-6.89992,29.02024,22.2442],"size":[1,0,1],"uv":[30,38]}]},{"name":"bone177","parent":"bone171","pivot":[2.05471,12.72048,33.34504],"rotation":[0,0,37.28532],"cubes":[{"origin":[-4.4692,29.11897,22.2442],"size":[1,0,1],"uv":[17,38]}]},{"name":"bone178","parent":"bone171","pivot":[2.85061,12.11449,33.34504],"rotation":[0,0,23.07726],"cubes":[{"origin":[0.55117,29.61262,22.2442],"size":[1,0,1],"uv":[30,37]}]},{"name":"bone179","parent":"bone171","pivot":[3.77053,11.72254,33.34504],"rotation":[0,0,-2.00679]},{"name":"bone180","parent":"bone161","pivot":[-5.5,15.5,23],"rotation":[93.56463,19.84439,92.56463]},{"name":"bone181","parent":"bone180","pivot":[-1.75614,17.1038,34.33396],"rotation":[0,0,18.01402],"cubes":[{"origin":[-4.15451,34.86492,23.1983],"size":[1,0,1],"uv":[17,37]}]},{"name":"bone182","parent":"bone180","pivot":[-0.80497,16.79449,34.33396],"rotation":[0,0,34.85666],"cubes":[{"origin":[-8.24664,33.09881,23.1983],"size":[1,0,1],"uv":[17,33]}]},{"name":"bone183","parent":"bone180","pivot":[0.01534,16.22315,34.33396],"rotation":[0,0,42.43863],"cubes":[{"origin":[-9.51253,31.40304,23.1983],"size":[1,0,1],"uv":[17,32]}]},{"name":"bone184","parent":"bone180","pivot":[0.75362,15.5481,34.33396],"rotation":[0,0,44.82459],"cubes":[{"origin":[-9.39794,30.31817,23.1983],"size":[1,0,1],"uv":[17,31]}]},{"name":"bone185","parent":"bone180","pivot":[1.46261,14.84344,34.33396],"rotation":[0,0,43.37989],"cubes":[{"origin":[-8.31335,29.86476,23.1983],"size":[1,0,1],"uv":[17,30]}]},{"name":"bone186","parent":"bone180","pivot":[2.18917,14.15685,34.33396],"rotation":[0,0,37.28532]},{"name":"bone187","parent":"bone180","pivot":[2.98507,13.55086,34.33396],"rotation":[0,0,23.07726]},{"name":"bone188","parent":"bone180","pivot":[3.90499,13.15891,34.33396],"rotation":[0,0,-2.00679]},{"name":"bone189","parent":"bone161","pivot":[-3.5,15.5,23],"rotation":[93.56463,19.84439,92.56463]},{"name":"bone190","parent":"bone189","pivot":[0.24386,17.1038,34.33396],"rotation":[0,0,18.01402],"cubes":[{"origin":[-2.15451,34.86492,23.1983],"size":[1,0,1],"uv":[29,4]}]},{"name":"bone191","parent":"bone189","pivot":[1.19503,16.79449,34.33396],"rotation":[0,0,34.85666],"cubes":[{"origin":[-6.24664,33.09881,23.1983],"size":[1,0,1],"uv":[29,3]}]},{"name":"bone192","parent":"bone189","pivot":[2.01534,16.22315,34.33396],"rotation":[0,0,42.43863],"cubes":[{"origin":[-7.51253,31.40304,23.1983],"size":[1,0,1],"uv":[29,2]}]},{"name":"bone193","parent":"bone189","pivot":[2.75362,15.5481,34.33396],"rotation":[0,0,44.82459],"cubes":[{"origin":[-7.39794,30.31817,23.1983],"size":[1,0,1],"uv":[29,1]}]},{"name":"bone194","parent":"bone189","pivot":[3.46261,14.84344,34.33396],"rotation":[0,0,43.37989],"cubes":[{"origin":[-6.31335,29.86476,23.1983],"size":[1,0,1],"uv":[29,0]}]},{"name":"bone195","parent":"bone189","pivot":[4.18917,14.15685,34.33396],"rotation":[0,0,37.28532],"cubes":[{"origin":[-3.93672,30.13118,23.1983],"size":[1,0,1],"uv":[17,29]}]},{"name":"bone196","parent":"bone189","pivot":[4.98507,13.55086,34.33396],"rotation":[0,0,23.07726],"cubes":[{"origin":[1.02855,31.031,23.1983],"size":[1,0,1],"uv":[5,1]}]},{"name":"bone197","parent":"bone189","pivot":[5.90499,13.15891,34.33396],"rotation":[0,0,-2.00679],"cubes":[{"origin":[9.73228,30.6678,23.1983],"size":[1,0,1],"uv":[5,0]}]},{"name":"armRight","pivot":[-3,15.5,0],"rotation":[0,0,25],"cubes":[{"origin":[-4.32027,7.21696,-1],"size":[2,7.6,2],"uv":[45,24]},{"origin":[-4.37949,7.02598,-1.06],"size":[2.12,2.38,2.12],"uv":[56,10]},{"origin":[-4.37949,14.12598,-1.06],"size":[2.12,0.28,2.12],"uv":[2,62]},{"origin":[-4.37949,13.12598,-1.06],"size":[2.12,0.28,2.12],"uv":[2,62]},{"origin":[-4.37949,13.57598,-1.06],"size":[2.12,0.38,2.12],"uv":[51,43]},{"origin":[-4.57027,7.81696,-1.25],"size":[2.5,0.01,2.5],"uv":[53,44]},{"origin":[-4.57027,8.81696,-1.25],"size":[2.5,0.01,2.5],"uv":[55,43]},{"origin":[-4.57027,8.56696,-1.25],"size":[2.5,0.01,2.5],"uv":[50,43]}]},{"name":"armLeft","pivot":[3,15.5,0],"rotation":[0,0,-25],"cubes":[{"origin":[2.37469,7.18643,-1],"size":[2,7.6,2],"uv":[0,16]},{"origin":[2.31551,6.99545,-1.06],"size":[2.12,2.38,2.12],"uv":[56,4]},{"origin":[2.31551,13.59545,-1.06],"size":[2.12,0.28,2.12],"uv":[53,44]},{"origin":[2.31551,13.09545,-1.06],"size":[2.12,0.28,2.12],"uv":[2,62]},{"origin":[2.31551,14.09545,-1.06],"size":[2.12,0.28,2.12],"uv":[2,62]}]},{"name":"body","pivot":[0,8.5,0],"cubes":[{"origin":[-3,8.999,-3],"size":[6,7,6],"uv":[21,21]}]},{"name":"bone253","parent":"body","pivot":[0,8.5,0],"cubes":[{"origin":[-3,14.9,-3.25],"size":[2,1,0.1],"uv":[4,7]},{"origin":[1,14.9,-3.25],"size":[2,1,0.1],"uv":[0,7]}]},{"name":"bone251","parent":"body","pivot":[-0.5,13,-8.5],"rotation":[0,0,-45],"cubes":[{"origin":[0.06066,12.85355,-3.1],"size":[1,1,0.1],"uv":[0,0]}]},{"name":"sittingRotationSkirt","parent":"body","pivot":[0,10.5,0]},{"name":"1","parent":"sittingRotationSkirt","pivot":[0,14.5,0]},{"name":"bone","parent":"1","pivot":[0,6,0]},{"name":"bone2","parent":"bone","pivot":[0,6,5.27792],"rotation":[45,0,0]},{"name":"bone3","parent":"bone2","pivot":[0,6,5.27792],"rotation":[0,-45,0],"cubes":[{"origin":[-1,7.7,4.27792],"size":[2,4.3,2],"uv":[48,56]}]},{"name":"bone4","parent":"1","pivot":[0,6,0],"rotation":[0,-30,0]},{"name":"bone5","parent":"bone4","pivot":[0,6,5.27792],"rotation":[45,0,0]},{"name":"bone6","parent":"bone5","pivot":[0,6,5.27792],"rotation":[0,-45,0],"cubes":[{"origin":[-1,7.7,4.27792],"size":[2,4.3,2],"uv":[40,56]}]},{"name":"bone7","parent":"1","pivot":[0,6,0],"rotation":[0,-60,0]},{"name":"bone8","parent":"bone7","pivot":[0,6,5.27792],"rotation":[45,0,0]},{"name":"bone9","parent":"bone8","pivot":[0,6,5.27792],"rotation":[0,-45,0],"cubes":[{"origin":[-1,7.7,4.27792],"size":[2,4.3,2],"uv":[14,56]}]},{"name":"bone10","parent":"1","pivot":[0,6,0],"rotation":[0,-90,0]},{"name":"bone11","parent":"bone10","pivot":[0,6,5.27792],"rotation":[45,0,0]},{"name":"bone12","parent":"bone11","pivot":[0,6,5.27792],"rotation":[0,-45,0],"cubes":[{"origin":[-1,7.7,4.27792],"size":[2,4.3,2],"uv":[54,34]}]},{"name":"bone13","parent":"1","pivot":[0,6,0],"rotation":[0,-120,0]},{"name":"bone14","parent":"bone13","pivot":[0,6,5.27792],"rotation":[45,0,0]},{"name":"bone15","parent":"bone14","pivot":[0,6,5.27792],"rotation":[0,-45,0],"cubes":[{"origin":[-1,7.7,4.27792],"size":[2,4.3,2],"uv":[6,54]}]},{"name":"bone16","parent":"1","pivot":[0,6,0],"rotation":[0,-150,0]},{"name":"bone17","parent":"bone16","pivot":[0,6,5.27792],"rotation":[45,0,0]},{"name":"bone18","parent":"bone17","pivot":[0,6,5.27792],"rotation":[0,-45,0],"cubes":[{"origin":[-1,7.7,4.27792],"size":[2,4.3,2],"uv":[53,28]}]},{"name":"bone19","parent":"1","pivot":[0,6,0],"rotation":[0,-180,0]},{"name":"bone20","parent":"bone19","pivot":[0,6,5.27792],"rotation":[45,0,0]},{"name":"bone21","parent":"bone20","pivot":[0,6,5.27792],"rotation":[0,-45,0],"cubes":[{"origin":[-1,7.7,4.27792],"size":[2,4.3,2],"uv":[53,22]}]},{"name":"bone22","parent":"1","pivot":[0,6,0],"rotation":[0,-210,0]},{"name":"bone23","parent":"bone22","pivot":[0,6,5.27792],"rotation":[45,0,0]},{"name":"bone24","parent":"bone23","pivot":[0,6,5.27792],"rotation":[0,-45,0],"cubes":[{"origin":[-1,7.7,4.27792],"size":[2,4.3,2],"uv":[50,12]}]},{"name":"bone25","parent":"1","pivot":[0,6,0],"rotation":[0,-240,0]},{"name":"bone26","parent":"bone25","pivot":[0,6,5.27792],"rotation":[45,0,0]},{"name":"bone27","parent":"bone26","pivot":[0,6,5.27792],"rotation":[0,-45,0],"cubes":[{"origin":[-1,7.7,4.27792],"size":[2,4.3,2],"uv":[50,6]}]},{"name":"bone28","parent":"1","pivot":[0,6,0],"rotation":[0,-270,0]},{"name":"bone29","parent":"bone28","pivot":[0,6,5.27792],"rotation":[45,0,0]},{"name":"bone30","parent":"bone29","pivot":[0,6,5.27792],"rotation":[0,-45,0],"cubes":[{"origin":[-1,7.7,4.27792],"size":[2,4.3,2],"uv":[50,0]}]},{"name":"bone31","parent":"1","pivot":[0,6,0],"rotation":[0,-300,0]},{"name":"bone32","parent":"bone31","pivot":[0,6,5.27792],"rotation":[45,0,0]},{"name":"bone33","parent":"bone32","pivot":[0,6,5.27792],"rotation":[0,-45,0],"cubes":[{"origin":[-1,7.7,4.27792],"size":[2,4.3,2],"uv":[50,50]}]},{"name":"bone34","parent":"1","pivot":[0,6,0],"rotation":[0,-330,0]},{"name":"bone35","parent":"bone34","pivot":[0,6,5.27792],"rotation":[45,0,0]},{"name":"bone36","parent":"bone35","pivot":[0,6,5.27792],"rotation":[0,-45,0],"cubes":[{"origin":[-1,7.7,4.27792],"size":[2,4.3,2],"uv":[42,50]}]},{"name":"bone202","parent":"1","pivot":[0,20.1,0]},{"name":"bone203","parent":"bone202","pivot":[0,5.1,0]},{"name":"bone204","parent":"bone203","pivot":[0,5.1,7.10973],"rotation":[45,0,0]},{"name":"bone205","parent":"bone204","pivot":[0,5.1,7.10973],"rotation":[0,-45,0],"cubes":[{"origin":[-1,7.6,6.10973],"size":[2,5.5,2],"uv":[34,50]}]},{"name":"bone206","parent":"bone202","pivot":[0,5.1,0],"rotation":[0,-22.5,0]},{"name":"bone207","parent":"bone206","pivot":[0,5.1,7.10973],"rotation":[45,0,0]},{"name":"bone208","parent":"bone207","pivot":[0,5.1,7.10973],"rotation":[0,-45,0],"cubes":[{"origin":[-1,7.6,6.10973],"size":[2,5.5,2],"uv":[26,50]}]},{"name":"bone209","parent":"bone202","pivot":[0,5.1,0],"rotation":[0,-45,0]},{"name":"bone210","parent":"bone209","pivot":[0,5.1,7.10973],"rotation":[45,0,0]},{"name":"bone211","parent":"bone210","pivot":[0,5.1,7.10973],"rotation":[0,-45,0],"cubes":[{"origin":[-1,7.6,6.10973],"size":[2,5.5,2],"uv":[18,49]}]},{"name":"bone212","parent":"bone202","pivot":[0,5.1,0],"rotation":[0,-67.5,0]},{"name":"bone213","parent":"bone212","pivot":[0,5.1,7.10973],"rotation":[45,0,0]},{"name":"bone214","parent":"bone213","pivot":[0,5.1,7.10973],"rotation":[0,-45,0],"cubes":[{"origin":[-1,7.6,6.10973],"size":[2,3.2,2],"uv":[22,57]}]},{"name":"bone215","parent":"bone202","pivot":[0,5.1,0],"rotation":[0,-90,0]},{"name":"bone216","parent":"bone215","pivot":[0,5.1,7.10973],"rotation":[45,0,0]},{"name":"bone217","parent":"bone216","pivot":[0,5.1,7.10973],"rotation":[0,-45,0],"cubes":[{"origin":[-1,7.6,6.10973],"size":[2,2.5,2],"uv":[30,57]}]},{"name":"bone218","parent":"bone202","pivot":[0,5.1,0],"rotation":[0,-112.5,0]},{"name":"bone219","parent":"bone218","pivot":[0,5.1,7.10973],"rotation":[45,0,0]},{"name":"bone220","parent":"bone219","pivot":[0,5.1,7.10973],"rotation":[0,-45,0],"cubes":[{"origin":[-1,7.6,6.10973],"size":[2,3.2,2],"uv":[56,16]}]},{"name":"bone221","parent":"bone202","pivot":[0,5.1,0],"rotation":[0,-135,0]},{"name":"bone222","parent":"bone221","pivot":[0,5.1,7.10973],"rotation":[45,0,0]},{"name":"bone223","parent":"bone222","pivot":[0,5.1,7.10973],"rotation":[0,-45,0],"cubes":[{"origin":[-0.75,7.95355,6.35973],"size":[2,5.5,2],"uv":[0,0]}]},{"name":"bone224","parent":"bone202","pivot":[0,5.1,0],"rotation":[0,-157.5,0]},{"name":"bone225","parent":"bone224","pivot":[0,5.1,7.10973],"rotation":[45,0,0]},{"name":"bone226","parent":"bone225","pivot":[0,5.1,7.10973],"rotation":[0,-45,0]},{"name":"bone227","parent":"bone202","pivot":[0,5.1,0],"rotation":[0,-180,0]},{"name":"bone228","parent":"bone227","pivot":[0,5.1,7.10973],"rotation":[45,0,0]},{"name":"bone229","parent":"bone228","pivot":[0,5.1,7.10973],"rotation":[0,-45,0]},{"name":"bone230","parent":"bone202","pivot":[0,5.1,0],"rotation":[0,-202.5,0]},{"name":"bone231","parent":"bone230","pivot":[0,5.1,7.10973],"rotation":[45,0,0]},{"name":"bone232","parent":"bone231","pivot":[0,5.1,7.10973],"rotation":[0,-45,0]},{"name":"bone233","parent":"bone202","pivot":[0,5.1,0],"rotation":[0,-225,0]},{"name":"bone234","parent":"bone233","pivot":[0,5.1,7.10973],"rotation":[45,0,0]},{"name":"bone235","parent":"bone234","pivot":[0,5.1,7.10973],"rotation":[0,-45,0],"cubes":[{"origin":[-0.75,7.95355,6.35973],"size":[2,5.5,2],"uv":[46,33]}]},{"name":"bone236","parent":"bone202","pivot":[0,5.1,0],"rotation":[0,-247.5,0]},{"name":"bone237","parent":"bone236","pivot":[0,5.1,7.10973],"rotation":[45,0,0]},{"name":"bone238","parent":"bone237","pivot":[0,5.1,7.10973],"rotation":[0,-45,0],"cubes":[{"origin":[-1,7.6,6.10973],"size":[2,3.2,2],"uv":[56,56]}]},{"name":"bone239","parent":"bone202","pivot":[0,5.1,0],"rotation":[0,-270,0]},{"name":"bone240","parent":"bone239","pivot":[0,5.1,7.10973],"rotation":[45,0,0]},{"name":"bone241","parent":"bone240","pivot":[0,5.1,7.10973],"rotation":[0,-45,0],"cubes":[{"origin":[-1,7.6,6.10973],"size":[2,2.5,2],"uv":[56,48]}]},{"name":"bone242","parent":"bone202","pivot":[0,5.1,0],"rotation":[0,-292.5,0]},{"name":"bone243","parent":"bone242","pivot":[0,5.1,7.10973],"rotation":[45,0,0]},{"name":"bone244","parent":"bone243","pivot":[0,5.1,7.10973],"rotation":[0,-45,0],"cubes":[{"origin":[-1,7.6,6.10973],"size":[2,3.2,2],"uv":[24,3]}]},{"name":"bone245","parent":"bone202","pivot":[0,5.1,0],"rotation":[0,-315,0]},{"name":"bone246","parent":"bone245","pivot":[0,5.1,7.10973],"rotation":[45,0,0]},{"name":"bone247","parent":"bone246","pivot":[0,5.1,7.10973],"rotation":[0,-45,0],"cubes":[{"origin":[-1,7.6,6.10973],"size":[2,5.5,2],"uv":[0,49]}]},{"name":"bone248","parent":"bone202","pivot":[0,5.1,0],"rotation":[0,-337.5,0]},{"name":"bone249","parent":"bone248","pivot":[0,5.1,7.10973],"rotation":[45,0,0]},{"name":"bone250","parent":"bone249","pivot":[0,5.1,7.10973],"rotation":[0,-45,0],"cubes":[{"origin":[-1,7.6,6.10973],"size":[2,5.5,2],"uv":[10,47]}]},{"name":"bone133","parent":"body","pivot":[0.9,9.75,-3.5975],"rotation":[-37.74133,-17.43127,1.5741],"cubes":[{"origin":[0.45,9.8,-3.6],"size":[1,1,0.01],"uv":[36,57]}]},{"name":"bone198","parent":"bone133","pivot":[-1.55,7.8,-0.4],"cubes":[{"origin":[0.45,8.8,-3.6],"size":[1,1,0.01],"uv":[0,50]}]},{"name":"bone199","parent":"body","pivot":[0,8.5,0]},{"name":"bone200","parent":"bone199","pivot":[-0.95,9.75,-3.5975],"rotation":[-37.62076,12.45167,-1.10693],"cubes":[{"origin":[-1.4,9.8,-3.6],"size":[1,1,0.01],"uv":[0,49]}]},{"name":"bone201","parent":"bone200","pivot":[-3.4,7.8,-0.4],"cubes":[{"origin":[-1.4,8.8,-3.6],"size":[1,1,0.01],"uv":[0,1]}]},{"name":"bone252","parent":"body","pivot":[-0.5,13,-9.5],"rotation":[0,0,-45],"cubes":[{"origin":[0.22066,13.01355,-3.24],"size":[0.68,0.68,0.5],"uv":[1,63]}]},{"name":"legLeft","pivot":[2,9,0],"cubes":[{"origin":[0.499,0,-1.5],"size":[3,9,3],"uv":[30,38]},{"origin":[0.1988,1.65,-1.8],"size":[3.6,0.12,3.6],"uv":[51,42.9]}]},{"name":"bone254","parent":"legLeft","pivot":[2,0,0],"rotation":[-22.5,0,0],"cubes":[{"origin":[3.589,3.42764,-2.67745],"size":[0.01,2,1],"uv":[18,26]},{"origin":[0.389,3.42764,-2.67745],"size":[0.01,2,1],"uv":[24,2]}]},{"name":"legRight","pivot":[-2,9,0],"cubes":[{"origin":[-3.499,0,-1.5],"size":[3,9,3],"uv":[18,37]}]},{"name":"bone255","parent":"legRight","pivot":[-2,0,0],"rotation":[-22.5,0,0],"cubes":[{"origin":[-0.411,3.42764,-2.67745],"size":[0.01,2,1],"uv":[6,15]},{"origin":[-3.611,3.42764,-2.67745],"size":[0.01,2,1],"uv":[0,15]}]}]}}