{"format_version":"1.10.0","geometry.model":{"texturewidth":64,"textureheight":64,"visible_bounds_width":3,"visible_bounds_height":4,"visible_bounds_offset":[0,1,0],"bones":[{"name":"head","pivot":[0,18,0],"cubes":[{"origin":[-4,18,-4],"size":[8,8,8],"uv":[0,0]}]},{"name":"blink","parent":"head","pivot":[0,18,0],"cubes":[{"origin":[-4,18,-4.001],"size":[8,8,0.001],"uv":[24,0]}]},{"name":"hair","parent":"head","pivot":[-0.5,18.5,0],"cubes":[{"origin":[-1.5,25.5,4.499],"size":[1,1,0],"uv":[62,11]},{"origin":[-1.5,22.5,4.499],"size":[1,1,0],"uv":[44,62]},{"origin":[-4.5,22.5,4.499],"size":[1,1,0],"uv":[50,62]},{"origin":[-1.5,24.5,4.499],"size":[1,1,0],"uv":[62,6]},{"origin":[-1.5,21.5,4.499],"size":[1,1,0],"uv":[34,62]},{"origin":[-1.5,23.5,4.499],"size":[1,1,0],"uv":[62,3]},{"origin":[-1.5,20.5,4.499],"size":[1,1,0],"uv":[22,62]},{"origin":[-4.5,20.5,4.499],"size":[1,1,0],"uv":[28,62]},{"origin":[-4.5,18.5,4.499],"size":[1,1,0],"uv":[61,50]},{"origin":[-4.5,17.5,4.499],"size":[1,1,0],"uv":[0,0]},{"origin":[-1.5,18.5,4.499],"size":[1,1,0],"uv":[61,44]},{"origin":[-1.5,17.5,4.499],"size":[1,1,0],"uv":[54,0]},{"origin":[1.5,18.5,4.499],"size":[1,1,0],"uv":[61,38]},{"origin":[1.5,17.5,4.499],"size":[1,1,0],"uv":[56,0]},{"origin":[-0.5,22.5,4.499],"size":[1,1,0],"uv":[42,62]},{"origin":[1.5,22.5,4.499],"size":[1,1,0],"uv":[61,60]},{"origin":[-4.5,24.5,4.499],"size":[1,1,0],"uv":[52,62]},{"origin":[-4.5,21.5,4.499],"size":[1,1,0],"uv":[30,62]},{"origin":[-4.5,19.5,4.499],"size":[1,1,0],"uv":[61,49]},{"origin":[-1.5,19.5,4.499],"size":[1,1,0],"uv":[61,43]},{"origin":[1.5,19.5,4.499],"size":[1,1,0],"uv":[61,37]},{"origin":[-3.5,25.5,4.499],"size":[1,1,0],"uv":[62,2]},{"origin":[-3.5,22.5,4.499],"size":[1,1,0],"uv":[48,62]},{"origin":[-0.5,24.5,4.499],"size":[1,1,0],"uv":[62,7]},{"origin":[1.5,24.5,4.499],"size":[1,1,0],"uv":[61,58]},{"origin":[-0.5,21.5,4.499],"size":[1,1,0],"uv":[36,62]},{"origin":[-3.5,24.5,4.499],"size":[1,1,0],"uv":[62,0]},{"origin":[-3.5,21.5,4.499],"size":[1,1,0],"uv":[32,62]},{"origin":[-3.5,19.5,4.499],"size":[1,1,0],"uv":[61,48]},{"origin":[-0.5,19.5,4.499],"size":[1,1,0],"uv":[61,42]},{"origin":[2.5,19.5,4.499],"size":[1,1,0],"uv":[61,36]},{"origin":[-0.5,23.5,4.499],"size":[1,1,0],"uv":[62,4]},{"origin":[1.5,23.5,4.499],"size":[1,1,0],"uv":[61,59]},{"origin":[-0.5,20.5,4.499],"size":[1,1,0],"uv":[20,62]},{"origin":[1.5,20.5,4.499],"size":[1,1,0],"uv":[2,62]},{"origin":[-3.5,23.5,4.499],"size":[1,1,0],"uv":[56,62]},{"origin":[-3.5,20.5,4.499],"size":[1,1,0],"uv":[26,62]},{"origin":[-3.5,18.5,4.499],"size":[1,1,0],"uv":[61,47]},{"origin":[-3.5,17.5,4.499],"size":[1,1,0],"uv":[40,0]},{"origin":[-0.5,18.5,4.499],"size":[1,1,0],"uv":[61,41]},{"origin":[-0.5,17.5,4.499],"size":[1,1,0],"uv":[48,0]},{"origin":[-0.5,16.5,4.499],"size":[1,1,0],"uv":[46,0]},{"origin":[2.5,18.5,4.499],"size":[1,1,0],"uv":[61,35]},{"origin":[2.5,17.5,4.499],"size":[1,1,0],"uv":[59,29]},{"origin":[0.5,22.5,4.499],"size":[1,1,0],"uv":[40,62]},{"origin":[2.5,22.5,4.499],"size":[1,1,0],"uv":[8,62]},{"origin":[-2.5,25.5,4.499],"size":[1,1,0],"uv":[62,62]},{"origin":[-2.5,22.5,4.499],"size":[1,1,0],"uv":[46,62]},{"origin":[0.5,24.5,4.499],"size":[1,1,0],"uv":[62,8]},{"origin":[2.5,24.5,4.499],"size":[1,1,0],"uv":[12,62]},{"origin":[3.5,24.5,4.499],"size":[1,1,0],"uv":[61,53]},{"origin":[0.5,21.5,4.499],"size":[1,1,0],"uv":[38,62]},{"origin":[2.5,21.5,4.499],"size":[1,1,0],"uv":[6,62]},{"origin":[3.5,21.5,4.499],"size":[1,1,0],"uv":[61,55]},{"origin":[-2.5,24.5,4.499],"size":[1,1,0],"uv":[60,62]},{"origin":[-2.5,21.5,4.499],"size":[1,1,0],"uv":[16,62]},{"origin":[-2.5,19.5,4.499],"size":[1,1,0],"uv":[61,45]},{"origin":[0.5,19.5,4.499],"size":[1,1,0],"uv":[61,39]},{"origin":[3.5,19.5,4.499],"size":[1,1,0],"uv":[61,33]},{"origin":[2.5,23.5,4.499],"size":[1,1,0],"uv":[10,62]},{"origin":[3.5,23.5,4.499],"size":[1,1,0],"uv":[61,51]},{"origin":[0.5,20.5,4.499],"size":[1,1,0],"uv":[18,62]},{"origin":[2.5,20.5,4.499],"size":[1,1,0],"uv":[4,62]},{"origin":[3.5,20.5,4.499],"size":[1,1,0],"uv":[61,56]},{"origin":[-2.5,23.5,4.499],"size":[1,1,0],"uv":[58,62]},{"origin":[-2.5,20.5,4.499],"size":[1,1,0],"uv":[24,62]},{"origin":[-2.5,18.5,4.499],"size":[1,1,0],"uv":[61,46]},{"origin":[0.5,18.5,4.499],"size":[1,1,0],"uv":[61,40]},{"origin":[0.5,17.5,4.499],"size":[1,1,0],"uv":[58,0]},{"origin":[3.5,18.5,4.499],"size":[1,1,0],"uv":[61,34]}]},{"name":"hairu1","parent":"hair","pivot":[-0.5,18.5,0],"cubes":[{"origin":[3.5,17.5,4.499],"size":[1,1,0],"uv":[59,33]}]},{"name":"bone","parent":"hairu1","pivot":[-0.5,18.5,0],"cubes":[{"origin":[3.5,16.5,4.499],"size":[1,1,0],"uv":[59,32]}]},{"name":"hair2","parent":"head","pivot":[-0.5,18.5,-9],"cubes":[{"origin":[-1.5,25.5,-4.501],"size":[1,1,0.01],"uv":[61,32]},{"origin":[-1.5,26.5,-4.501],"size":[1,1,0.01],"uv":[61,32]},{"origin":[-1.5,22.5,-4.501],"size":[1,1,0.01],"uv":[61,31]},{"origin":[-4.5,22.5,-4.501],"size":[1,1,0.01],"uv":[61,29]},{"origin":[-1.5,24.5,-4.501],"size":[1,1,0.01],"uv":[61,28]},{"origin":[-1.5,23.5,-4.501],"size":[1,1,0.01],"uv":[61,27]},{"origin":[-4.5,23.5,-4.501],"size":[1,1,0.01],"uv":[61,26]},{"origin":[-4.5,20.5,-4.501],"size":[1,1,0.01],"uv":[61,25]},{"origin":[-4.5,18.5,-4.501],"size":[1,1,0.01],"uv":[59,31]},{"origin":[-4.5,19.5,-4.501],"size":[1,1,0.01],"uv":[61,24]},{"origin":[-4.5,17.5,-4.501],"size":[1,1,0.01],"uv":[59,52]},{"origin":[-4.5,16.5,-4.501],"size":[1,1,0.01],"uv":[59,51]},{"origin":[-4.5,15.5,-4.501],"size":[1,1,0.01],"uv":[59,50]},{"origin":[-0.5,25.5,-4.501],"size":[1,1,0.01],"uv":[61,23]},{"origin":[1.5,25.5,-4.501],"size":[1,1,0.01],"uv":[61,22]},{"origin":[1.5,26.5,-4.501],"size":[1,1,0.01],"uv":[61,22]},{"origin":[-0.5,22.5,-4.501],"size":[1,1,0.01],"uv":[61,21]},{"origin":[1.5,22.5,-4.501],"size":[1,1,0.01],"uv":[61,20]},{"origin":[-4.5,24.5,-4.501],"size":[1,1,0.01],"uv":[61,19]},{"origin":[-4.5,21.5,-4.501],"size":[1,1,0.01],"uv":[61,18]},{"origin":[-3.5,25.5,-4.501],"size":[1,1,0.01],"uv":[61,17]},{"origin":[-3.5,22.5,-4.501],"size":[1,1,0.01],"uv":[61,16]},{"origin":[-0.5,24.5,-4.501],"size":[1,1,0.01],"uv":[60,61]},{"origin":[1.5,24.5,-4.501],"size":[1,1,0.01],"uv":[58,61]},{"origin":[-0.5,21.5,-4.501],"size":[1,1,0.01],"uv":[56,61]},{"origin":[1.5,21.5,-4.501],"size":[1,1,0.01],"uv":[54,61]},{"origin":[-3.5,24.5,-4.501],"size":[1,1,0.01],"uv":[52,61]},{"origin":[-0.5,23.5,-4.501],"size":[1,1,0.01],"uv":[50,61]},{"origin":[1.5,23.5,-4.501],"size":[1,1,0.01],"uv":[48,61]},{"origin":[-0.5,20.5,-4.501],"size":[1,1,0.01],"uv":[46,61]},{"origin":[-3.5,23.5,-4.501],"size":[1,1,0.01],"uv":[44,61]},{"origin":[0.5,25.5,-4.501],"size":[1,1,0.01],"uv":[42,61]},{"origin":[0.5,26.5,-4.501],"size":[1,1,0.01],"uv":[42,61]},{"origin":[0.5,22.5,-4.501],"size":[1,1,0.01],"uv":[36,61]},{"origin":[2.5,22.5,-4.501],"size":[1,1,0.01],"uv":[34,61]},{"origin":[3.5,22.5,-4.501],"size":[1,1,0.01],"uv":[32,61]},{"origin":[-2.5,25.5,-4.501],"size":[1,1,0.01],"uv":[30,61]},{"origin":[-2.5,26.5,-4.501],"size":[1,1,0.01],"uv":[30,61]},{"origin":[-2.5,22.5,-4.501],"size":[1,1,0.01],"uv":[28,61]},{"origin":[0.5,24.5,-4.501],"size":[1,1,0.01],"uv":[26,61]},{"origin":[2.5,24.5,-4.501],"size":[1,1,0.01],"uv":[24,61]},{"origin":[3.5,24.5,-4.501],"size":[1,1,0.01],"uv":[22,61]},{"origin":[3.5,21.5,-4.501],"size":[1,1,0.01],"uv":[20,61]},{"origin":[-2.5,24.5,-4.501],"size":[1,1,0.01],"uv":[18,61]},{"origin":[-2.5,21.5,-4.501],"size":[1,1,0.01],"uv":[16,61]},{"origin":[0.5,23.5,-4.501],"size":[1,1,0.01],"uv":[14,61]},{"origin":[2.5,23.5,-4.501],"size":[1,1,0.01],"uv":[12,61]},{"origin":[3.5,23.5,-4.501],"size":[1,1,0.01],"uv":[10,61]},{"origin":[3.5,20.5,-4.501],"size":[1,1,0.01],"uv":[8,61]},{"origin":[3.5,19.5,-4.501],"size":[1,1,0.01],"uv":[59,30]},{"origin":[-2.5,23.5,-4.501],"size":[1,1,0.01],"uv":[6,61]},{"origin":[3.5,18.5,-4.501],"size":[1,1,0.01],"uv":[4,61]},{"origin":[3.5,17.5,-4.501],"size":[1,1,0.01],"uv":[60,0]},{"origin":[3.5,16.5,-4.501],"size":[1,1,0.01],"uv":[59,54]},{"origin":[3.5,15.5,-4.501],"size":[1,1,0.01],"uv":[59,53]}]},{"name":"hair3","parent":"head","pivot":[-1.5,17.5,-10.5],"cubes":[{"origin":[-1.5,25.5,-4.5],"size":[1,1,1],"uv":[29,38]},{"origin":[-1.5,25.5,-2.5],"size":[1,1,1],"uv":[25,37]},{"origin":[-1.5,25.5,-0.5],"size":[1,1,1],"uv":[25,36]},{"origin":[-1.5,25.5,1.5],"size":[1,1,1],"uv":[32,31]},{"origin":[-3.5,25.5,-4.5],"size":[1,1,1],"uv":[15,38]},{"origin":[-3.5,25.5,-2.5],"size":[1,1,1],"uv":[23,37]},{"origin":[-3.5,25.5,-0.5],"size":[1,1,1],"uv":[23,36]},{"origin":[-3.5,25.5,1.5],"size":[1,1,1],"uv":[32,30]},{"origin":[-3.5,25.5,-3.5],"size":[1,1,1],"uv":[37,8]},{"origin":[-3.5,25.5,-1.5],"size":[1,1,1],"uv":[36,32]},{"origin":[-3.5,25.5,0.5],"size":[1,1,1],"uv":[34,32]},{"origin":[-3.5,25.5,2.5],"size":[1,1,1],"uv":[32,29]},{"origin":[-3.5,25.5,3.5],"size":[1,1,1],"uv":[29,24]},{"origin":[-1.5,25.5,-3.5],"size":[1,1,1],"uv":[27,37]},{"origin":[-1.5,25.5,-1.5],"size":[1,1,1],"uv":[36,31]},{"origin":[-1.5,25.5,0.5],"size":[1,1,1],"uv":[34,31]},{"origin":[-1.5,25.5,2.5],"size":[1,1,1],"uv":[32,32]},{"origin":[-1.5,25.5,3.5],"size":[1,1,1],"uv":[29,22]},{"origin":[-2.5,25.5,-4.5],"size":[1,1,1],"uv":[27,38]},{"origin":[-2.5,25.5,-2.5],"size":[1,1,1],"uv":[36,30]},{"origin":[-2.5,25.5,-0.5],"size":[1,1,1],"uv":[34,30]},{"origin":[-2.5,25.5,1.5],"size":[1,1,1],"uv":[31,19]},{"origin":[-4.5,25.5,-2.5],"size":[1,1,1],"uv":[36,29]},{"origin":[-4.5,25.5,-0.5],"size":[1,1,1],"uv":[34,29]},{"origin":[-4.5,25.5,1.5],"size":[1,1,1],"uv":[23,9]},{"origin":[-4.5,25.5,-3.5],"size":[1,1,1],"uv":[0,52]},{"origin":[-4.5,25.5,2.5],"size":[1,1,1],"uv":[1,52]},{"origin":[-2.5,25.5,-3.5],"size":[1,1,1],"uv":[29,37]},{"origin":[-2.5,25.5,-1.5],"size":[1,1,1],"uv":[27,36]},{"origin":[-2.5,25.5,0.5],"size":[1,1,1],"uv":[32,33]},{"origin":[-2.5,25.5,2.5],"size":[1,1,1],"uv":[29,26]},{"origin":[-2.5,25.5,3.5],"size":[1,1,1],"uv":[29,23]},{"origin":[2.5,25.5,-4.5],"size":[1,1,1],"uv":[29,21]},{"origin":[2.5,25.5,-2.5],"size":[1,1,1],"uv":[29,19]},{"origin":[3.5,25.5,-2.5],"size":[1,1,1],"uv":[2,16]},{"origin":[2.5,25.5,-0.5],"size":[1,1,1],"uv":[29,18]},{"origin":[3.5,25.5,-0.5],"size":[1,1,1],"uv":[17,17]},{"origin":[2.5,25.5,1.5],"size":[1,1,1],"uv":[29,17]},{"origin":[3.5,25.5,1.5],"size":[1,1,1],"uv":[1,53]},{"origin":[0.5,25.5,-4.5],"size":[1,1,1],"uv":[29,16]},{"origin":[0.5,25.5,-2.5],"size":[1,1,1],"uv":[8,29]},{"origin":[0.5,25.5,-0.5],"size":[1,1,1],"uv":[0,29]},{"origin":[0.5,25.5,1.5],"size":[1,1,1],"uv":[17,28]},{"origin":[0.5,25.5,-3.5],"size":[1,1,1],"uv":[10,28]},{"origin":[0.5,25.5,-1.5],"size":[1,1,1],"uv":[8,28]},{"origin":[0.5,25.5,0.5],"size":[1,1,1],"uv":[0,28]},{"origin":[0.5,25.5,2.5],"size":[1,1,1],"uv":[27,23]},{"origin":[0.5,25.5,3.5],"size":[1,1,1],"uv":[27,22]},{"origin":[2.5,25.5,-3.5],"size":[1,1,1],"uv":[27,21]},{"origin":[3.5,25.5,-3.5],"size":[1,1,1],"uv":[5,1]},{"origin":[2.5,25.5,-1.5],"size":[1,1,1],"uv":[17,27]},{"origin":[2.5,25.5,0.5],"size":[1,1,1],"uv":[10,27]},{"origin":[2.5,25.5,2.5],"size":[1,1,1],"uv":[8,27]},{"origin":[3.5,25.5,2.5],"size":[1,1,1],"uv":[17,18]},{"origin":[2.5,25.5,3.5],"size":[1,1,1],"uv":[0,27]},{"origin":[1.5,25.5,-4.5],"size":[1,1,1],"uv":[25,23]},{"origin":[1.5,25.5,-2.5],"size":[1,1,1],"uv":[25,22]},{"origin":[1.5,25.5,-0.5],"size":[1,1,1],"uv":[25,21]},{"origin":[1.5,25.5,1.5],"size":[1,1,1],"uv":[23,22]},{"origin":[1.5,25.5,3.5],"size":[1,1,1],"uv":[17,19]},{"origin":[1.5,25.5,2.5],"size":[1,1,1],"uv":[19,19]},{"origin":[1.5,25.5,0.5],"size":[1,1,1],"uv":[16,3]},{"origin":[1.5,25.5,-1.5],"size":[1,1,1],"uv":[19,17]},{"origin":[1.5,25.5,-3.5],"size":[1,1,1],"uv":[19,18]},{"origin":[-0.5,25.5,3.5],"size":[1,1,1],"uv":[0,20]},{"origin":[-0.5,25.5,2.5],"size":[1,1,1],"uv":[2,20]},{"origin":[-0.5,25.5,0.5],"size":[1,1,1],"uv":[0,21]},{"origin":[-0.5,25.5,-1.5],"size":[1,1,1],"uv":[2,21]},{"origin":[-0.5,25.5,-3.5],"size":[1,1,1],"uv":[17,21]},{"origin":[-0.5,25.5,1.5],"size":[1,1,1],"uv":[19,21]},{"origin":[-0.5,25.5,-0.5],"size":[1,1,1],"uv":[21,21]},{"origin":[-0.5,25.5,-2.5],"size":[1,1,1],"uv":[23,23]},{"origin":[-0.5,25.5,-4.5],"size":[1,1,1],"uv":[23,21]}]},{"name":"hair4","parent":"head","pivot":[-3.5,18.5,-1.5],"cubes":[{"origin":[4.499,22.5,-1.5],"size":[0.001,1,1],"uv":[0,55]},{"origin":[4.499,22.5,-2.5],"size":[0.001,1,1],"uv":[53,31]},{"origin":[4.499,22.5,-4.5],"size":[0.001,1,1],"uv":[51,36]},{"origin":[4.499,22.5,0.5],"size":[0.001,1,1],"uv":[53,37]},{"origin":[4.499,22.5,1.5],"size":[0.001,1,1],"uv":[40,50]},{"origin":[4.499,22.5,2.5],"size":[0.001,1,1],"uv":[49,36]},{"origin":[4.499,22.5,3.5],"size":[0.001,1,1],"uv":[24,49]},{"origin":[4.499,21.5,-1.5],"size":[0.001,1,1],"uv":[50,54]},{"origin":[4.499,21.5,-2.5],"size":[0.001,1,1],"uv":[40,53]},{"origin":[4.499,19.5,-2.5],"size":[0.001,1,1],"uv":[14,51]},{"origin":[4.499,21.5,-3.5],"size":[0.001,1,1],"uv":[14,52]},{"origin":[4.499,19.5,-3.5],"size":[0.001,1,1],"uv":[4,51]},{"origin":[4.499,21.5,-4.5],"size":[0.001,1,1],"uv":[51,35]},{"origin":[4.499,19.5,-4.5],"size":[0.001,1,1],"uv":[2,51]},{"origin":[4.499,21.5,-0.5],"size":[0.001,1,1],"uv":[0,54]},{"origin":[4.499,19.5,-0.5],"size":[0.001,1,1],"uv":[24,51]},{"origin":[4.499,21.5,0.5],"size":[0.001,1,1],"uv":[53,36]},{"origin":[4.499,21.5,1.5],"size":[0.001,1,1],"uv":[30,50]},{"origin":[4.499,21.5,2.5],"size":[0.001,1,1],"uv":[49,35]},{"origin":[4.499,19.5,0.5],"size":[0.001,1,1],"uv":[30,51]},{"origin":[4.499,19.5,1.5],"size":[0.001,1,1],"uv":[14,50]},{"origin":[4.499,19.5,2.5],"size":[0.001,1,1],"uv":[49,33]},{"origin":[4.499,19.5,3.5],"size":[0.001,1,1],"uv":[2,49]},{"origin":[4.499,18.5,-1.5],"size":[0.001,1,1],"uv":[51,31]},{"origin":[4.499,20.5,-2.5],"size":[0.001,1,1],"uv":[14,53]},{"origin":[4.499,18.5,-2.5],"size":[0.001,1,1],"uv":[44,51]},{"origin":[4.499,17.5,-2.5],"size":[0.001,1,1],"uv":[8,39]},{"origin":[4.499,20.5,-3.5],"size":[0.001,1,1],"uv":[4,52]},{"origin":[4.499,18.5,-3.5],"size":[0.001,1,1],"uv":[42,51]},{"origin":[4.499,17.5,-3.5],"size":[0.001,1,1],"uv":[28,39]},{"origin":[4.499,16.5,-3.5],"size":[0.001,1,1],"uv":[26,39]},{"origin":[4.499,20.5,-4.5],"size":[0.001,1,1],"uv":[51,34]},{"origin":[4.499,18.5,-4.5],"size":[0.001,1,1],"uv":[40,51]},{"origin":[4.499,20.5,-0.5],"size":[0.001,1,1],"uv":[53,47]},{"origin":[4.499,18.5,-0.5],"size":[0.001,1,1],"uv":[51,32]},{"origin":[4.499,20.5,0.5],"size":[0.001,1,1],"uv":[53,35]},{"origin":[4.499,20.5,2.5],"size":[0.001,1,1],"uv":[49,34]},{"origin":[4.499,20.5,3.5],"size":[0.001,1,1],"uv":[4,49]},{"origin":[4.499,18.5,0.5],"size":[0.001,1,1],"uv":[51,33]},{"origin":[4.499,17.5,0.5],"size":[0.001,1,1],"uv":[0,0]},{"origin":[4.499,18.5,1.5],"size":[0.001,1,1],"uv":[4,50]},{"origin":[4.499,17.5,1.5],"size":[0.001,1,1],"uv":[6,39]},{"origin":[4.499,18.5,2.5],"size":[0.001,1,1],"uv":[49,32]},{"origin":[4.499,18.5,3.5],"size":[0.001,1,1],"uv":[0,49]},{"origin":[4.499,17.5,3.5],"size":[0.001,1,1],"uv":[6,38]},{"origin":[4.499,16.5,3.5],"size":[0.001,1,1],"uv":[0,38]},{"origin":[4.499,23.5,-1.5],"size":[0.001,1,1],"uv":[54,8]},{"origin":[4.499,23.5,-2.5],"size":[0.001,1,1],"uv":[53,32]},{"origin":[4.499,23.5,-4.5],"size":[0.001,1,1],"uv":[51,45]},{"origin":[4.499,23.5,-0.5],"size":[0.001,1,1],"uv":[4,54]},{"origin":[4.499,23.5,1.5],"size":[0.001,1,1],"uv":[42,50]},{"origin":[4.499,23.5,2.5],"size":[0.001,1,1],"uv":[49,45]},{"origin":[4.499,23.5,3.5],"size":[0.001,1,1],"uv":[49,23]},{"origin":[4.499,24.5,-1.5],"size":[0.001,1,1],"uv":[54,7]},{"origin":[4.499,24.5,-2.5],"size":[0.001,1,1],"uv":[53,33]},{"origin":[4.499,24.5,-3.5],"size":[0.001,1,1],"uv":[2,53]},{"origin":[4.499,24.5,-4.5],"size":[0.001,1,1],"uv":[0,52]},{"origin":[4.499,24.5,-0.5],"size":[0.001,1,1],"uv":[14,54]},{"origin":[4.499,24.5,0.5],"size":[0.001,1,1],"uv":[53,45]},{"origin":[4.499,24.5,1.5],"size":[0.001,1,1],"uv":[44,50]},{"origin":[4.499,24.5,2.5],"size":[0.001,1,1],"uv":[0,50]},{"origin":[4.499,25.5,-2.5],"size":[0.001,1,1],"uv":[53,34]},{"origin":[4.499,25.5,-3.5],"size":[0.001,1,1],"uv":[4,53]},{"origin":[4.499,25.5,-0.5],"size":[0.001,1,1],"uv":[48,54]},{"origin":[4.499,25.5,0.5],"size":[0.001,1,1],"uv":[53,46]},{"origin":[4.499,25.5,2.5],"size":[0.001,1,1],"uv":[2,50]}]},{"name":"hair5","parent":"head","pivot":[-12.5,18.5,-1.5],"cubes":[{"origin":[-4.51,22.5,-1.5],"size":[0.01,1,1],"uv":[48,16]},{"origin":[-4.51,22.5,-2.5],"size":[0.01,1,1],"uv":[48,15]},{"origin":[-4.51,22.5,-3.5],"size":[0.01,1,1],"uv":[48,8]},{"origin":[-4.51,22.5,-4.5],"size":[0.01,1,1],"uv":[48,7]},{"origin":[-4.51,22.5,-0.5],"size":[0.01,1,1],"uv":[48,0]},{"origin":[-4.51,22.5,1.5],"size":[0.01,1,1],"uv":[14,48]},{"origin":[-4.51,22.5,2.5],"size":[0.01,1,1],"uv":[12,48]},{"origin":[-4.51,22.5,3.5],"size":[0.01,1,1],"uv":[6,48]},{"origin":[-4.51,21.5,-1.5],"size":[0.01,1,1],"uv":[4,48]},{"origin":[-4.51,21.5,-2.5],"size":[0.01,1,1],"uv":[2,48]},{"origin":[-4.51,19.5,-2.5],"size":[0.01,1,1],"uv":[0,48]},{"origin":[-4.51,21.5,-3.5],"size":[0.01,1,1],"uv":[47,46]},{"origin":[-4.51,19.5,-3.5],"size":[0.01,1,1],"uv":[47,45]},{"origin":[-4.51,21.5,-4.5],"size":[0.01,1,1],"uv":[47,30]},{"origin":[-4.51,19.5,-4.5],"size":[0.01,1,1],"uv":[47,29]},{"origin":[-4.51,21.5,-0.5],"size":[0.01,1,1],"uv":[47,20]},{"origin":[-4.51,19.5,-0.5],"size":[0.01,1,1],"uv":[47,19]},{"origin":[-4.51,21.5,0.5],"size":[0.01,1,1],"uv":[47,47]},{"origin":[-4.51,21.5,1.5],"size":[0.01,1,1],"uv":[36,47]},{"origin":[-4.51,21.5,3.5],"size":[0.01,1,1],"uv":[24,47]},{"origin":[-4.51,19.5,0.5],"size":[0.01,1,1],"uv":[14,47]},{"origin":[-4.51,19.5,1.5],"size":[0.01,1,1],"uv":[12,47]},{"origin":[-4.51,19.5,2.5],"size":[0.01,1,1],"uv":[46,10]},{"origin":[-4.51,18.5,-1.5],"size":[0.01,1,1],"uv":[46,0]},{"origin":[-4.51,20.5,-2.5],"size":[0.01,1,1],"uv":[36,46]},{"origin":[-4.51,18.5,-2.5],"size":[0.01,1,1],"uv":[34,46]},{"origin":[-4.51,17.5,-2.5],"size":[0.01,1,1],"uv":[26,38]},{"origin":[-4.51,16.5,-2.5],"size":[0.01,1,1],"uv":[16,38]},{"origin":[-4.51,20.5,-3.5],"size":[0.01,1,1],"uv":[24,46]},{"origin":[-4.51,18.5,-3.5],"size":[0.01,1,1],"uv":[22,46]},{"origin":[-4.51,17.5,-3.5],"size":[0.01,1,1],"uv":[10,38]},{"origin":[-4.51,20.5,-4.5],"size":[0.01,1,1],"uv":[8,46]},{"origin":[-4.51,18.5,-4.5],"size":[0.01,1,1],"uv":[45,41]},{"origin":[-4.51,20.5,-0.5],"size":[0.01,1,1],"uv":[45,40]},{"origin":[-4.51,18.5,-0.5],"size":[0.01,1,1],"uv":[45,39]},{"origin":[-4.51,17.5,-0.5],"size":[0.01,1,1],"uv":[8,38]},{"origin":[-4.51,20.5,0.5],"size":[0.01,1,1],"uv":[36,45]},{"origin":[-4.51,20.5,1.5],"size":[0.01,1,1],"uv":[34,45]},{"origin":[-4.51,20.5,3.5],"size":[0.01,1,1],"uv":[22,45]},{"origin":[-4.51,18.5,0.5],"size":[0.01,1,1],"uv":[8,45]},{"origin":[-4.51,18.5,1.5],"size":[0.01,1,1],"uv":[36,44]},{"origin":[-4.51,18.5,2.5],"size":[0.01,1,1],"uv":[34,44]},{"origin":[-4.51,17.5,2.5],"size":[0.01,1,1],"uv":[28,38]},{"origin":[-4.51,17.5,3.5],"size":[0.01,1,1],"uv":[0,39]},{"origin":[-4.51,16.5,3.5],"size":[0.01,1,1],"uv":[30,38]},{"origin":[-4.51,23.5,-1.5],"size":[0.01,1,1],"uv":[43,39]},{"origin":[-4.51,23.5,-2.5],"size":[0.01,1,1],"uv":[36,43]},{"origin":[-4.51,23.5,-4.5],"size":[0.01,1,1],"uv":[8,43]},{"origin":[-4.51,23.5,-0.5],"size":[0.01,1,1],"uv":[36,42]},{"origin":[-4.51,23.5,0.5],"size":[0.01,1,1],"uv":[34,42]},{"origin":[-4.51,23.5,1.5],"size":[0.01,1,1],"uv":[8,42]},{"origin":[-4.51,23.5,2.5],"size":[0.01,1,1],"uv":[41,39]},{"origin":[-4.51,23.5,3.5],"size":[0.01,1,1],"uv":[41,30]},{"origin":[-4.51,24.5,-1.5],"size":[0.01,1,1],"uv":[41,29]},{"origin":[-4.51,24.5,-2.5],"size":[0.01,1,1],"uv":[41,20]},{"origin":[-4.51,24.5,-3.5],"size":[0.01,1,1],"uv":[41,19]},{"origin":[-4.51,24.5,-0.5],"size":[0.01,1,1],"uv":[8,41]},{"origin":[-4.51,24.5,0.5],"size":[0.01,1,1],"uv":[40,10]},{"origin":[-4.51,24.5,1.5],"size":[0.01,1,1],"uv":[40,9]},{"origin":[-4.51,24.5,2.5],"size":[0.01,1,1],"uv":[40,0]},{"origin":[-4.51,24.5,3.5],"size":[0.01,1,1],"uv":[26,40]},{"origin":[-4.51,25.5,-1.5],"size":[0.01,1,1],"uv":[8,40]},{"origin":[-4.51,25.5,-2.5],"size":[0.01,1,1],"uv":[39,33]},{"origin":[-4.51,25.5,-3.5],"size":[0.01,1,1],"uv":[39,32]},{"origin":[-4.51,25.5,0.5],"size":[0.01,1,1],"uv":[39,29]},{"origin":[-4.51,25.5,2.5],"size":[0.01,1,1],"uv":[39,19]}]},{"name":"uhair1","parent":"head","pivot":[-1,16,0],"rotation":[5,0,0]},{"name":"bon1","parent":"uhair1","pivot":[2.25,14.53211,2.48999],"rotation":[20,0,0],"cubes":[{"origin":[2,15.88524,5.12168],"size":[1,1,0.001],"uv":[2,61]}]},{"name":"bone8","parent":"bon1","pivot":[3,14.98795,4.23289],"rotation":[-12.5,0,0],"cubes":[{"origin":[2,15.05656,4.90638],"size":[1,1,0.001],"uv":[0,61]}]},{"name":"bone9","parent":"bone8","pivot":[3,14.98795,4.23289]},{"name":"bone10","parent":"bone9","pivot":[3,14.98795,4.23289]},{"name":"bone11","parent":"bone10","pivot":[3,14.98795,4.23289]},{"name":"bone12","parent":"bone11","pivot":[3,14.98795,4.23289]},{"name":"bone13","parent":"bone12","pivot":[3,14.98795,4.23289]},{"name":"bon2","parent":"uhair1","pivot":[-4,16,0]},{"name":"bone14","parent":"bon2","pivot":[-4,16,0],"cubes":[{"origin":[0,16.64377,4.15809],"size":[1,1,0.001],"uv":[60,15]}]},{"name":"bone15","parent":"bone14","pivot":[1,17.00761,4.32469],"rotation":[-5,0,0],"cubes":[{"origin":[0,15.63072,4.19043],"size":[1,1,0.001],"uv":[59,34]}]},{"name":"bone16","parent":"bone15","pivot":[1,17.00761,4.32469]},{"name":"bone17","parent":"bone16","pivot":[1,17.00761,4.32469]},{"name":"bone18","parent":"bone17","pivot":[1,17.00761,4.32469]},{"name":"bone19","parent":"bone18","pivot":[1,17.00761,4.32469]},{"name":"bone20","parent":"bone19","pivot":[1,17.00761,4.32469]},{"name":"bon3","parent":"uhair1","pivot":[-1,16,0]},{"name":"bone21","parent":"bon3","pivot":[-1,15.00381,-0.08716],"rotation":[7.5,0,0],"cubes":[{"origin":[3,16.06693,4.46635],"size":[1,1,0.001],"uv":[60,14]}]},{"name":"bone22","parent":"bone21","pivot":[4,16.01142,4.23753],"rotation":[-10,0,0],"cubes":[{"origin":[3,15.106,4.45321],"size":[1,1,0.001],"uv":[60,13]}]},{"name":"bone23","parent":"bone22","pivot":[4,16.01142,4.23753],"rotation":[-2.5,0,0],"cubes":[{"origin":[3,14.11631,4.4925],"size":[1,1,0.001],"uv":[60,10]}]},{"name":"bone24","parent":"bone23","pivot":[4,14.01142,4.23753],"rotation":[-2.5,0,0],"cubes":[{"origin":[3,13.12733,4.48668],"size":[1,1,0.001],"uv":[60,11]}]},{"name":"bone25","parent":"bone24","pivot":[4,16.00951,4.15029]},{"name":"bone26","parent":"bone25","pivot":[4,16.00951,4.15029]},{"name":"bone27","parent":"bone26","pivot":[3.5,12.64204,4.64929],"rotation":[10,0,0],"cubes":[{"origin":[3,12.14802,4.57341],"size":[1,1,0.001],"uv":[60,12]}]},{"name":"bon4","parent":"uhair1","pivot":[-4,16,0]},{"name":"bone28","parent":"bon4","pivot":[-6,16,0],"cubes":[{"origin":[-2,16.64377,4.15809],"size":[1,1,0.001],"uv":[60,9]}]},{"name":"bone29","parent":"bone28","pivot":[-1,17.00761,4.32469],"rotation":[0,0,0],"cubes":[{"origin":[-2,15.64377,4.15809],"size":[1,1,0.001],"uv":[60,8]}]},{"name":"bone30","parent":"bone29","pivot":[-1,17.00761,4.32469],"cubes":[{"origin":[-2,14.64377,4.15809],"size":[1,1,0.001],"uv":[60,7]}]},{"name":"bone31","parent":"bone30","pivot":[-1,17.00761,4.32469]},{"name":"bone32","parent":"bone31","pivot":[-1,17.00761,4.32469]},{"name":"bone33","parent":"bone32","pivot":[-1,17.00761,4.32469]},{"name":"bone34","parent":"bone33","pivot":[-1,17.00761,4.32469]},{"name":"bon5","parent":"uhair1","pivot":[1,16,0]},{"name":"bone35","parent":"bon5","pivot":[-3,16,0]},{"name":"bone36","parent":"bone35","pivot":[-3,14.00761,-0.17431],"rotation":[10,0,0],"cubes":[{"origin":[1,15.83604,4.72367],"size":[1,1,0.001],"uv":[60,6]}]},{"name":"bone37","parent":"bone36","pivot":[2,15.01522,4.15038],"rotation":[-12.5,0,0],"cubes":[{"origin":[1,14.94066,4.53142],"size":[1,1,0.001],"uv":[60,5]}]},{"name":"bone38","parent":"bone37","pivot":[2,15.01522,4.15038],"rotation":[17.5,0,0],"cubes":[{"origin":[1,13.82923,4.49132],"size":[1,1,0.001],"uv":[60,1]}]},{"name":"bone39","parent":"bone38","pivot":[2,15.01522,4.15038],"rotation":[-15,0,0],"cubes":[{"origin":[1,12.95814,4.78662],"size":[1,1,0.001],"uv":[60,2]}]},{"name":"bone40","parent":"bone39","pivot":[2,15.01522,4.15038]},{"name":"bone41","parent":"bone40","pivot":[2,15.01522,4.15038],"rotation":[10,0,0],"cubes":[{"origin":[1,10.87874,4.41974],"size":[1,1,0.001],"uv":[60,3]}]},{"name":"bone42","parent":"bone41","pivot":[2,15.01522,4.15038],"cubes":[{"origin":[1,11.87874,4.41974],"size":[1,1,0.001],"uv":[60,4]}]},{"name":"bon6","parent":"uhair1","pivot":[-6,16,0]},{"name":"bone43","parent":"bon6","pivot":[-7,15.00381,-0.08716],"rotation":[2.5,0,0],"cubes":[{"origin":[-3,16.45604,4.2692],"size":[1,1,0.001],"uv":[59,49]}]},{"name":"bone44","parent":"bone43","pivot":[-2,16.01142,4.23753],"rotation":[5,0,0],"cubes":[{"origin":[-3,15.4515,4.30783],"size":[1,1,0.001],"uv":[59,48]}]},{"name":"bone45","parent":"bone44","pivot":[-2,16.01142,4.23753],"rotation":[-10,0,0],"cubes":[{"origin":[-3,14.47238,4.40398],"size":[1,1,0.001],"uv":[59,45]}]},{"name":"bone46","parent":"bone45","pivot":[-2,16.01142,4.23753],"rotation":[2.5,0,0],"cubes":[{"origin":[-3,13.46654,4.33668],"size":[1,1,0.001],"uv":[59,46]}]},{"name":"bone47","parent":"bone46","pivot":[-2,16.01142,4.23753]},{"name":"bone48","parent":"bone47","pivot":[-2,16.01142,4.23753]},{"name":"bone49","parent":"bone48","pivot":[-2,16.01142,4.23753],"cubes":[{"origin":[-3,12.46654,4.33668],"size":[1,1,0.001],"uv":[59,47]}]},{"name":"bon7","parent":"uhair1","pivot":[-1,16,0]},{"name":"bone50","parent":"bon7","pivot":[-8,16,0],"cubes":[{"origin":[-4,16.64377,4.15809],"size":[1,1,0.001],"uv":[59,44]}]},{"name":"bone51","parent":"bone50","pivot":[-3,17.00761,4.32469],"rotation":[0,0,0],"cubes":[{"origin":[-4,15.64377,4.15809],"size":[1,1,0.001],"uv":[59,43]}]},{"name":"bone52","parent":"bone51","pivot":[-3,17.00761,4.32469],"cubes":[{"origin":[-4,14.64377,4.15809],"size":[1,1,0.001],"uv":[59,41]}]},{"name":"bone53","parent":"bone52","pivot":[-3,17.00761,4.32469],"cubes":[{"origin":[-4,13.64377,4.15809],"size":[1,1,0.001],"uv":[59,42]}]},{"name":"bone54","parent":"bone53","pivot":[-3,17.00761,4.32469]},{"name":"bone55","parent":"bone54","pivot":[-3,17.00761,4.32469]},{"name":"bone56","parent":"bone55","pivot":[-3,17.00761,4.32469]},{"name":"bon8","parent":"uhair1","pivot":[-1,16,0]},{"name":"bone114","parent":"bon8","pivot":[0,14.00761,-2.17431],"rotation":[15,0,0],"cubes":[{"origin":[-1,14.88066,4.88339],"size":[1,1,0.001],"uv":[59,40]}]},{"name":"bone2","parent":"bone114","pivot":[0,15.01522,4.15038],"rotation":[-5,0,0],"cubes":[{"origin":[-1,13.94515,4.89233],"size":[1,1,0.001],"uv":[59,39]}]},{"name":"bone3","parent":"bone2","pivot":[0,15.01522,4.15038],"rotation":[-5,0,0],"cubes":[{"origin":[-1,13.01397,4.98276],"size":[1,1,0.001],"uv":[59,35]}]},{"name":"bone4","parent":"bone3","pivot":[0,15.01522,4.15038],"rotation":[-2.5,0,0],"cubes":[{"origin":[-1,12.05223,5.06926],"size":[1,1,0.001],"uv":[59,36]}]},{"name":"bone5","parent":"bone4","pivot":[0,15.01522,4.15038]},{"name":"bone6","parent":"bone5","pivot":[0,15.01522,4.15038],"rotation":[-5,0,0],"cubes":[{"origin":[-1,11.14368,5.324],"size":[1,1,0.001],"uv":[59,38]}]},{"name":"bone7","parent":"bone6","pivot":[0,15.01522,4.15038],"rotation":[-2.5,0,0],"cubes":[{"origin":[-1,10.1986,5.49176],"size":[1,1,0.001],"uv":[59,37]}]},{"name":"piaodai","parent":"head","pivot":[-4.02716,25.11481,0],"rotation":[0,0,22.5],"cubes":[{"origin":[-5.03716,24.11481,1],"size":[0.01,1,1],"uv":[59,27]},{"origin":[-5.03716,23.11481,1],"size":[0.01,1,1],"uv":[59,16]},{"origin":[-5.03716,22.11481,2],"size":[0.01,1,1],"uv":[50,59]},{"origin":[-5.03716,22.11481,-2],"size":[0.01,1,1],"uv":[48,59]},{"origin":[-5.03716,23.11481,-1],"size":[0.01,1,1],"uv":[59,15]},{"origin":[-5.03716,24.11481,-2],"size":[0.01,1,1],"uv":[59,17]},{"origin":[-5.03716,26.11481,2],"size":[0.01,1,1],"uv":[59,20]},{"origin":[-5.03716,26.11481,-1],"size":[0.01,1,1],"uv":[59,23]},{"origin":[-5.03716,25.11481,3],"size":[0.01,1,1],"uv":[59,26]},{"origin":[-5.03716,25.11481,0],"size":[0.01,1,1],"uv":[59,25]},{"origin":[-5.03716,25.11481,-3],"size":[0.01,1,1],"uv":[59,22]},{"origin":[-5.03716,24.11481,2],"size":[0.01,1,1],"uv":[59,24]},{"origin":[-5.03716,24.11481,-1],"size":[0.01,1,1],"uv":[59,18]},{"origin":[-5.03716,26.11481,1],"size":[0.01,1,1],"uv":[59,19]},{"origin":[-5.03716,26.11481,-2],"size":[0.01,1,1],"uv":[59,21]}]},{"name":"piaodai2","parent":"head","pivot":[4.11955,25.15307,0],"rotation":[0,0,-22.5],"cubes":[{"origin":[5.10955,24.15307,1],"size":[0.01,1,1],"uv":[38,59]},{"origin":[5.10955,23.15307,1],"size":[0.01,1,1],"uv":[36,59]},{"origin":[5.10955,22.15307,2],"size":[0.01,1,1],"uv":[34,59]},{"origin":[5.10955,22.15307,-2],"size":[0.01,1,1],"uv":[32,59]},{"origin":[5.10955,23.15307,-1],"size":[0.01,1,1],"uv":[30,59]},{"origin":[5.10955,24.15307,-2],"size":[0.01,1,1],"uv":[28,59]},{"origin":[5.10955,26.15307,2],"size":[0.01,1,1],"uv":[26,59]},{"origin":[5.10955,26.15307,-1],"size":[0.01,1,1],"uv":[24,59]},{"origin":[5.10955,25.15307,3],"size":[0.01,1,1],"uv":[22,59]},{"origin":[5.10955,25.15307,0],"size":[0.01,1,1],"uv":[20,59]},{"origin":[5.10955,25.15307,-3],"size":[0.01,1,1],"uv":[18,59]},{"origin":[5.10955,24.15307,2],"size":[0.01,1,1],"uv":[16,59]},{"origin":[5.10955,24.15307,-1],"size":[0.01,1,1],"uv":[14,59]},{"origin":[5.10955,26.15307,1],"size":[0.01,1,1],"uv":[12,59]},{"origin":[5.10955,26.15307,-2],"size":[0.01,1,1],"uv":[10,59]}]},{"name":"armRight","pivot":[-3,17.5,0],"rotation":[0,0,27.5],"cubes":[{"origin":[-4.80092,8.4916,-1],"size":[2,9,2],"uv":[32,8]}]},{"name":"5","parent":"armRight","pivot":[-0.43535,20.7284,0],"cubes":[{"origin":[-5.18635,10.7284,0.5],"size":[0.001,1,1],"uv":[22,58]},{"origin":[-2.63635,10.7284,0.5],"size":[0.001,1,1],"uv":[18,57]},{"origin":[-5.18635,11.7284,0.5],"size":[0.001,1,1],"uv":[2,58]},{"origin":[-2.63635,11.7284,0.5],"size":[0.001,1,1],"uv":[20,57]},{"origin":[-5.18635,12.7284,0.5],"size":[0.001,1,1],"uv":[57,50]},{"origin":[-2.63635,12.7284,0.5],"size":[0.001,1,1],"uv":[38,57]},{"origin":[-2.63635,13.7284,0.5],"size":[0.001,1,1],"uv":[56,14]},{"origin":[-5.18635,10.7284,-0.5],"size":[0.001,1,1],"uv":[12,58]},{"origin":[-2.63635,10.7284,-0.5],"size":[0.001,1,1],"uv":[16,57]},{"origin":[-5.18635,11.7284,-0.5],"size":[0.001,1,1],"uv":[0,58]},{"origin":[-2.63635,11.7284,-0.5],"size":[0.001,1,1],"uv":[22,57]},{"origin":[-5.18635,12.7284,-0.5],"size":[0.001,1,1],"uv":[57,49]},{"origin":[-2.63635,12.7284,-0.5],"size":[0.001,1,1],"uv":[36,57]},{"origin":[-2.63635,13.7284,-0.5],"size":[0.001,1,1],"uv":[56,13]},{"origin":[-5.18635,10.7284,-1.5],"size":[0.001,1,1],"uv":[10,58]},{"origin":[-2.63635,10.7284,-1.5],"size":[0.001,1,1],"uv":[14,57]},{"origin":[-5.18635,11.7284,-1.5],"size":[0.001,1,1],"uv":[4,58]},{"origin":[-2.63635,11.7284,-1.5],"size":[0.001,1,1],"uv":[32,57]},{"origin":[-5.18635,12.7284,-1.5],"size":[0.001,1,1],"uv":[57,51]},{"origin":[-2.63635,12.7284,-1.5],"size":[0.001,1,1],"uv":[34,57]},{"origin":[-2.63635,13.7284,-1.5],"size":[0.001,1,1],"uv":[0,57]},{"origin":[-5.18635,9.7284,-0.5],"size":[0.001,1,1],"uv":[16,58]},{"origin":[-2.63635,9.7284,-0.5],"size":[0.001,1,1],"uv":[10,57]},{"origin":[-5.18635,9.7284,-1.5],"size":[0.001,1,1],"uv":[8,58]},{"origin":[-2.63635,9.7284,-1.5],"size":[0.001,1,1],"uv":[12,57]},{"origin":[-5.18635,9.7284,0.5],"size":[0.001,1,1],"uv":[18,58]},{"origin":[-2.63635,9.7284,0.5],"size":[0.001,1,1],"uv":[8,57]},{"origin":[-5.18635,8.7284,0.5],"size":[0.001,1,1],"uv":[20,58]},{"origin":[-2.63635,8.7284,0.5],"size":[0.001,1,1],"uv":[6,57]},{"origin":[-5.18635,8.7284,-0.5],"size":[0.001,1,1],"uv":[14,58]},{"origin":[-2.63635,8.7284,-0.5],"size":[0.001,1,1],"uv":[4,57]},{"origin":[-5.18635,8.7284,-1.5],"size":[0.001,1,1],"uv":[6,58]},{"origin":[-2.63635,8.7284,-1.5],"size":[0.001,1,1],"uv":[2,57]}]},{"name":"6","parent":"armRight","pivot":[-4.93535,9.2284,-1.25],"rotation":[0,-87.5,0],"cubes":[{"origin":[-4.93635,8.7284,-1.75],"size":[0.001,1,1],"uv":[57,48]},{"origin":[-2.43873,8.7284,-1.64095],"size":[0.001,1,1],"uv":[57,18]},{"origin":[-4.93635,8.7284,-1.75],"size":[0.001,1,1],"uv":[57,45]}]},{"name":"7","parent":"armRight","pivot":[-3.93535,9.2284,-1.25],"rotation":[0,-87.5,0],"cubes":[{"origin":[-3.97997,8.7284,-1.75095],"size":[0.001,1,1],"uv":[57,47]},{"origin":[-3.97997,9.7284,-1.75095],"size":[0.001,1,1],"uv":[57,46]},{"origin":[-1.48235,9.7284,-1.6419],"size":[0.001,1,1],"uv":[57,16]},{"origin":[-1.48235,8.7284,-1.6419],"size":[0.001,1,1],"uv":[50,57]},{"origin":[-1.48235,10.7284,-1.6419],"size":[0.001,1,1],"uv":[57,15]},{"origin":[-3.97997,10.7284,-1.75095],"size":[0.001,1,1],"uv":[57,35]},{"origin":[-3.97997,11.7284,-1.75095],"size":[0.001,1,1],"uv":[57,36]},{"origin":[-1.48235,11.7284,-1.6419],"size":[0.001,1,1],"uv":[57,23]},{"origin":[-3.97997,12.7284,-1.75095],"size":[0.001,1,1],"uv":[57,33]},{"origin":[-1.48235,12.7284,-1.6419],"size":[0.001,1,1],"uv":[57,27]},{"origin":[-3.97997,13.7284,-1.75095],"size":[0.001,1,1],"uv":[57,31]},{"origin":[-1.48235,13.7284,-1.6419],"size":[0.001,1,1],"uv":[57,29]},{"origin":[-3.97997,9.7284,-2.75095],"size":[0.001,1,1],"uv":[57,42]},{"origin":[-1.48235,9.7284,-2.6419],"size":[0.001,1,1],"uv":[57,17]},{"origin":[-1.48235,8.7284,-2.6419],"size":[0.001,1,1],"uv":[48,57]},{"origin":[-3.97997,10.7284,-2.75095],"size":[0.001,1,1],"uv":[57,41]},{"origin":[-1.48235,10.7284,-2.6419],"size":[0.001,1,1],"uv":[57,20]},{"origin":[-3.97997,11.7284,-2.75095],"size":[0.001,1,1],"uv":[57,38]},{"origin":[-1.48235,11.7284,-2.6419],"size":[0.001,1,1],"uv":[57,24]},{"origin":[-3.97997,12.7284,-2.75095],"size":[0.001,1,1],"uv":[57,34]},{"origin":[-1.48235,12.7284,-2.6419],"size":[0.001,1,1],"uv":[57,25]},{"origin":[-3.97997,13.7284,-2.75095],"size":[0.001,1,1],"uv":[57,30]},{"origin":[-1.48235,13.7284,-2.6419],"size":[0.001,1,1],"uv":[57,28]},{"origin":[-3.97997,9.7284,-0.75095],"size":[0.001,1,1],"uv":[57,43]},{"origin":[-1.48235,9.7284,-0.6419],"size":[0.001,1,1],"uv":[57,19]},{"origin":[-3.97997,10.7284,-0.75095],"size":[0.001,1,1],"uv":[57,40]},{"origin":[-1.48235,10.7284,-0.6419],"size":[0.001,1,1],"uv":[57,21]},{"origin":[-3.97997,11.7284,-0.75095],"size":[0.001,1,1],"uv":[57,37]},{"origin":[-1.48235,11.7284,-0.6419],"size":[0.001,1,1],"uv":[57,22]},{"origin":[-3.97997,12.7284,-0.75095],"size":[0.001,1,1],"uv":[57,32]},{"origin":[-1.48235,12.7284,-0.6419],"size":[0.001,1,1],"uv":[57,26]},{"origin":[-3.98097,8.7284,-2.75095],"size":[0.001,1,1],"uv":[57,44]}]},{"name":"armLeft","pivot":[3,17.5,0],"rotation":[0,0,-27.5],"cubes":[{"origin":[2.80092,8.4916,-1],"size":[2,9,2],"uv":[12,27]}]},{"name":"2","parent":"armLeft","pivot":[0.43535,20.7284,0],"cubes":[{"origin":[5.18435,10.7284,0.5],"size":[0.001,1,1],"uv":[56,12]},{"origin":[2.63435,10.7284,0.5],"size":[0.001,1,1],"uv":[56,11]},{"origin":[5.18435,11.7284,0.5],"size":[0.001,1,1],"uv":[56,10]},{"origin":[2.63435,11.7284,0.5],"size":[0.001,1,1],"uv":[56,9]},{"origin":[5.18435,12.7284,0.5],"size":[0.001,1,1],"uv":[56,8]},{"origin":[2.63435,12.7284,0.5],"size":[0.001,1,1],"uv":[56,7]},{"origin":[2.63435,13.7284,0.5],"size":[0.001,1,1],"uv":[56,6]},{"origin":[5.18435,10.7284,-0.5],"size":[0.001,1,1],"uv":[56,5]},{"origin":[2.63435,10.7284,-0.5],"size":[0.001,1,1],"uv":[56,4]},{"origin":[5.18435,11.7284,-0.5],"size":[0.001,1,1],"uv":[56,3]},{"origin":[2.63435,11.7284,-0.5],"size":[0.001,1,1],"uv":[56,2]},{"origin":[5.18435,12.7284,-0.5],"size":[0.001,1,1],"uv":[56,1]},{"origin":[2.63435,12.7284,-0.5],"size":[0.001,1,1],"uv":[56,0]},{"origin":[2.63435,13.7284,-0.5],"size":[0.001,1,1],"uv":[50,56]},{"origin":[5.18435,10.7284,-1.5],"size":[0.001,1,1],"uv":[48,56]},{"origin":[2.63435,10.7284,-1.5],"size":[0.001,1,1],"uv":[38,56]},{"origin":[5.18435,11.7284,-1.5],"size":[0.001,1,1],"uv":[36,56]},{"origin":[2.63435,11.7284,-1.5],"size":[0.001,1,1],"uv":[34,56]},{"origin":[5.18435,12.7284,-1.5],"size":[0.001,1,1],"uv":[32,56]},{"origin":[2.63435,12.7284,-1.5],"size":[0.001,1,1],"uv":[22,56]},{"origin":[2.63435,13.7284,-1.5],"size":[0.001,1,1],"uv":[20,56]},{"origin":[5.18435,9.7284,-0.5],"size":[0.001,1,1],"uv":[18,56]},{"origin":[2.63435,9.7284,-0.5],"size":[0.001,1,1],"uv":[16,56]},{"origin":[5.18435,9.7284,-1.5],"size":[0.001,1,1],"uv":[14,56]},{"origin":[2.63435,9.7284,-1.5],"size":[0.001,1,1],"uv":[12,56]},{"origin":[5.18435,9.7284,0.5],"size":[0.001,1,1],"uv":[10,56]},{"origin":[2.63435,9.7284,0.5],"size":[0.001,1,1],"uv":[8,56]},{"origin":[5.18435,8.7284,0.5],"size":[0.001,1,1],"uv":[6,56]},{"origin":[2.63435,8.7284,0.5],"size":[0.001,1,1],"uv":[4,56]},{"origin":[5.18435,8.7284,-0.5],"size":[0.001,1,1],"uv":[2,56]},{"origin":[2.63435,8.7284,-0.5],"size":[0.001,1,1],"uv":[0,56]},{"origin":[5.18435,8.7284,-1.5],"size":[0.001,1,1],"uv":[55,51]},{"origin":[2.63435,8.7284,-1.5],"size":[0.001,1,1],"uv":[55,50]}]},{"name":"3","parent":"armLeft","pivot":[4.93535,9.2284,-1.25],"rotation":[0,87.5,0],"cubes":[{"origin":[4.93435,8.7284,-1.75],"size":[0.001,1,1],"uv":[55,49]},{"origin":[2.43673,8.7284,-1.64095],"size":[0.001,1,1],"uv":[55,48]},{"origin":[4.93435,8.7284,-1.75],"size":[0.001,1,1],"uv":[55,47]}]},{"name":"4","parent":"armLeft","pivot":[3.93535,9.2284,-1.25],"rotation":[0,87.5,0],"cubes":[{"origin":[3.97797,8.7284,-1.75095],"size":[0.001,1,1],"uv":[55,46]},{"origin":[3.97797,9.7284,-1.75095],"size":[0.001,1,1],"uv":[55,45]},{"origin":[1.48035,9.7284,-1.6419],"size":[0.001,1,1],"uv":[55,44]},{"origin":[1.48035,8.7284,-1.6419],"size":[0.001,1,1],"uv":[55,43]},{"origin":[1.48035,10.7284,-1.6419],"size":[0.001,1,1],"uv":[55,42]},{"origin":[3.97797,10.7284,-1.75095],"size":[0.001,1,1],"uv":[55,40]},{"origin":[3.97797,11.7284,-1.75095],"size":[0.001,1,1],"uv":[55,39]},{"origin":[1.48035,11.7284,-1.6419],"size":[0.001,1,1],"uv":[55,38]},{"origin":[3.97797,12.7284,-1.75095],"size":[0.001,1,1],"uv":[55,37]},{"origin":[1.48035,12.7284,-1.6419],"size":[0.001,1,1],"uv":[55,36]},{"origin":[3.97797,13.7284,-1.75095],"size":[0.001,1,1],"uv":[55,35]},{"origin":[1.48035,13.7284,-1.6419],"size":[0.001,1,1],"uv":[55,34]},{"origin":[3.97797,9.7284,-2.75095],"size":[0.001,1,1],"uv":[55,33]},{"origin":[1.48035,9.7284,-2.6419],"size":[0.001,1,1],"uv":[55,32]},{"origin":[1.48035,8.7284,-2.6419],"size":[0.001,1,1],"uv":[55,31]},{"origin":[3.97797,10.7284,-2.75095],"size":[0.001,1,1],"uv":[55,24]},{"origin":[1.48035,10.7284,-2.6419],"size":[0.001,1,1],"uv":[55,23]},{"origin":[3.97797,11.7284,-2.75095],"size":[0.001,1,1],"uv":[55,16]},{"origin":[1.48035,11.7284,-2.6419],"size":[0.001,1,1],"uv":[55,15]},{"origin":[3.97797,12.7284,-2.75095],"size":[0.001,1,1],"uv":[50,55]},{"origin":[1.48035,12.7284,-2.6419],"size":[0.001,1,1],"uv":[48,55]},{"origin":[3.97797,13.7284,-2.75095],"size":[0.001,1,1],"uv":[22,55]},{"origin":[1.48035,13.7284,-2.6419],"size":[0.001,1,1],"uv":[20,55]},{"origin":[3.97797,9.7284,-0.75095],"size":[0.001,1,1],"uv":[18,55]},{"origin":[1.48035,9.7284,-0.6419],"size":[0.001,1,1],"uv":[16,55]},{"origin":[3.97797,10.7284,-0.75095],"size":[0.001,1,1],"uv":[14,55]},{"origin":[1.48035,10.7284,-0.6419],"size":[0.001,1,1],"uv":[12,55]},{"origin":[3.97797,11.7284,-0.75095],"size":[0.001,1,1],"uv":[10,55]},{"origin":[1.48035,11.7284,-0.6419],"size":[0.001,1,1],"uv":[8,55]},{"origin":[3.97797,12.7284,-0.75095],"size":[0.001,1,1],"uv":[6,55]},{"origin":[1.48035,12.7284,-0.6419],"size":[0.001,1,1],"uv":[4,55]},{"origin":[3.97897,8.7284,-2.75095],"size":[0.001,1,1],"uv":[2,55]}]},{"name":"body","pivot":[0,10.5,0],"cubes":[{"origin":[-3,12.999,-3],"size":[6,5,6],"uv":[0,16]}]},{"name":"bone137","parent":"body","pivot":[0,0,6],"rotation":[12.5,0,0],"cubes":[{"origin":[-3,12.34019,5.88361],"size":[1,1,0],"uv":[62,63]}]},{"name":"sittingRotationSkirt","parent":"body","pivot":[0,10.5,0]},{"name":"bone57","parent":"body","pivot":[0,12.5,-4],"rotation":[-12.5,0,0],"cubes":[{"origin":[2,12.20361,-3.13171],"size":[1,1,0],"uv":[62,63]}]},{"name":"bone133","parent":"body","pivot":[3,12.499,-2.5],"rotation":[0,0,-12.5],"cubes":[{"origin":[3.10822,11.98715,-3],"size":[0,1,1],"uv":[0,0]}]},{"name":"bone134","parent":"body","pivot":[2.5,12.499,2.999],"rotation":[12.5,0,0],"cubes":[{"origin":[2,11.98693,3.1072],"size":[1,1,0],"uv":[62,63]}]},{"name":"bone131","parent":"body","pivot":[0,10.5,0],"rotation":[-12.5,0,0],"cubes":[{"origin":[-3,11.29044,-3.46977],"size":[1,1,0],"uv":[62,63]}]},{"name":"bone135","parent":"body","pivot":[-2.999,12.499,-2.5],"rotation":[0,0,12.5],"cubes":[{"origin":[-3.1072,11.98693,-3],"size":[0,1,1],"uv":[62,62]}]},{"name":"bone132","parent":"body","pivot":[-13,10.5,0],"rotation":[0,0,-12.5],"cubes":[{"origin":[3.16162,8.47673,2],"size":[0,1,1],"uv":[62,62]}]},{"name":"bone136","parent":"body","pivot":[-2.999,12.499,2.5],"rotation":[0,0,12.5],"cubes":[{"origin":[-3.1082,11.98693,2],"size":[0,1,1],"uv":[62,62]}]},{"name":"legLeft","pivot":[2,9,0],"cubes":[{"origin":[0.499,0,-1.5],"size":[3,9,3],"uv":[0,27]}]},{"name":"legRight","pivot":[-2,9,0],"cubes":[{"origin":[-3.499,0,-1.5],"size":[3,9,3],"uv":[21,24]}]},{"name":"yao","pivot":[-1,10,1],"cubes":[{"origin":[-2,12,-2],"size":[4,1,4],"uv":[18,16]}]},{"name":"jiandai","pivot":[0,3,4.75],"cubes":[{"origin":[0,17,-3.5],"size":[1,1,0],"uv":[44,63]},{"origin":[1,17,-3.5],"size":[1,1,0],"uv":[30,63]},{"origin":[2,17,-3.5],"size":[1,1,0],"uv":[26,63]},{"origin":[-2,16,-3.5],"size":[1,1,0],"uv":[34,63]},{"origin":[-1,16,-3.5],"size":[1,1,0],"uv":[36,63]},{"origin":[0,16,-3.5],"size":[1,1,0],"uv":[38,63]},{"origin":[1,16,-3.5],"size":[1,1,0],"uv":[28,63]},{"origin":[-1,17,-3.5],"size":[1,1,0],"uv":[42,63]},{"origin":[-2,17,-3.5],"size":[1,1,0],"uv":[40,63]},{"origin":[-3,17,-3.5],"size":[1,1,0],"uv":[32,63]}]},{"name":"jiandai2","pivot":[0,3,11.15],"cubes":[{"origin":[0,17,3.15],"size":[1,1,0],"uv":[20,63]},{"origin":[1,17,3.15],"size":[1,1,0],"uv":[18,63]},{"origin":[2,17,3.15],"size":[1,1,0],"uv":[16,63]},{"origin":[-2,16,3.15],"size":[1,1,0],"uv":[14,63]},{"origin":[-3,16,3.15],"size":[1,1,0],"uv":[62,12]},{"origin":[-2,15,3.15],"size":[1,1,0],"uv":[0,63]},{"origin":[-1,16,3.15],"size":[1,1,0],"uv":[12,63]},{"origin":[-1,15,3.15],"size":[1,1,0],"uv":[62,61]},{"origin":[0,16,3.15],"size":[1,1,0],"uv":[10,63]},{"origin":[0,15,3.15],"size":[1,1,0],"uv":[62,15]},{"origin":[1,16,3.15],"size":[1,1,0],"uv":[8,63]},{"origin":[2,16,3.15],"size":[1,1,0],"uv":[62,13]},{"origin":[1,15,3.15],"size":[1,1,0],"uv":[62,14]},{"origin":[-1,17,3.15],"size":[1,1,0],"uv":[6,63]},{"origin":[-2,17,3.15],"size":[1,1,0],"uv":[4,63]},{"origin":[-3,17,3.15],"size":[1,1,0],"uv":[2,63]}]},{"name":"xiongqiangpiaodai","pivot":[0,1,0],"cubes":[{"origin":[-1,16.5,-4],"size":[1,1,1],"uv":[0,18]},{"origin":[-2,15.5,-3.75],"size":[1,1,0],"uv":[24,63]},{"origin":[0,16.5,-4],"size":[1,1,1],"uv":[0,16]},{"origin":[1,15.5,-3.75],"size":[1,1,0],"uv":[22,63]}]},{"name":"piaodai3","pivot":[3.15,11.25,-0.5],"rotation":[0,0,-20],"cubes":[{"origin":[4.149,10.25,0.5],"size":[0.001,1,1],"uv":[8,59]},{"origin":[4.149,9.25,0.5],"size":[0.001,1,1],"uv":[6,59]},{"origin":[4.149,8.25,1.5],"size":[0.001,1,1],"uv":[4,59]},{"origin":[4.149,8.25,-2.5],"size":[0.001,1,1],"uv":[2,59]},{"origin":[4.149,9.25,-1.5],"size":[0.001,1,1],"uv":[0,59]},{"origin":[4.149,10.25,-2.5],"size":[0.001,1,1],"uv":[58,14]},{"origin":[4.149,12.25,1.5],"size":[0.001,1,1],"uv":[58,13]},{"origin":[4.149,12.25,-1.5],"size":[0.001,1,1],"uv":[58,12]},{"origin":[4.149,11.25,2.5],"size":[0.001,1,1],"uv":[58,11]},{"origin":[4.149,11.25,-0.5],"size":[0.001,1,1],"uv":[58,10]},{"origin":[4.149,11.25,-3.5],"size":[0.001,1,1],"uv":[58,9]},{"origin":[4.149,10.25,1.5],"size":[0.001,1,1],"uv":[58,8]},{"origin":[4.149,10.25,-1.5],"size":[0.001,1,1],"uv":[58,7]},{"origin":[4.149,12.25,0.5],"size":[0.001,1,1],"uv":[58,6]},{"origin":[4.149,12.25,-2.5],"size":[0.001,1,1],"uv":[58,5]}]},{"name":"piaodai4","pivot":[-3.25,11.25,-0.6],"rotation":[0,0,20],"cubes":[{"origin":[-4.251,10.25,0.4],"size":[0.001,1,1],"uv":[58,4]},{"origin":[-4.251,9.25,0.4],"size":[0.001,1,1],"uv":[58,3]},{"origin":[-4.251,8.25,1.4],"size":[0.001,1,1],"uv":[58,2]},{"origin":[-4.251,8.25,-2.6],"size":[0.001,1,1],"uv":[58,1]},{"origin":[-4.251,9.25,-1.6],"size":[0.001,1,1],"uv":[58,0]},{"origin":[-4.251,10.25,-2.6],"size":[0.001,1,1],"uv":[50,58]},{"origin":[-4.251,12.25,1.4],"size":[0.001,1,1],"uv":[48,58]},{"origin":[-4.251,12.25,-1.6],"size":[0.001,1,1],"uv":[38,58]},{"origin":[-4.251,11.25,2.4],"size":[0.001,1,1],"uv":[36,58]},{"origin":[-4.251,11.25,-0.6],"size":[0.001,1,1],"uv":[34,58]},{"origin":[-4.251,11.25,-3.6],"size":[0.001,1,1],"uv":[32,58]},{"origin":[-4.251,10.25,1.4],"size":[0.001,1,1],"uv":[30,58]},{"origin":[-4.251,10.25,-1.6],"size":[0.001,1,1],"uv":[28,58]},{"origin":[-4.251,12.25,0.4],"size":[0.001,1,1],"uv":[26,58]},{"origin":[-4.251,12.25,-2.6],"size":[0.001,1,1],"uv":[24,58]}]},{"name":"qunzi","pivot":[0,8,0]},{"name":"bone58","parent":"qunzi","pivot":[0,5,0]},{"name":"bone59","parent":"bone58","pivot":[0,5,5.27792],"rotation":[23,0,0]},{"name":"bone60","parent":"bone59","pivot":[0,5,5.27792],"rotation":[0,-45,0],"cubes":[{"origin":[-1,5,4.27792],"size":[2,8,2],"uv":[16,46]}]},{"name":"bone61","parent":"qunzi","pivot":[0,5,0],"rotation":[0,-30,0]},{"name":"bone62","parent":"bone61","pivot":[0,5,5.27792],"rotation":[23,0,0]},{"name":"bone63","parent":"bone62","pivot":[0,5,5.27792],"rotation":[0,-45,0],"cubes":[{"origin":[-1,5,4.27792],"size":[2,8,2],"uv":[41,30]}]},{"name":"bone64","parent":"qunzi","pivot":[0,5,0],"rotation":[0,-60,0]},{"name":"bone65","parent":"bone64","pivot":[0,5,5.27792],"rotation":[23,0,0]},{"name":"bone66","parent":"bone65","pivot":[0,5,5.27792],"rotation":[0,-45,0],"cubes":[{"origin":[-1,5,4.27792],"size":[2,8,2],"uv":[41,20]}]},{"name":"bone67","parent":"qunzi","pivot":[0,5,0],"rotation":[0,-90,0]},{"name":"bone68","parent":"bone67","pivot":[0,5,5.27792],"rotation":[23,0,0]},{"name":"bone69","parent":"bone68","pivot":[0,5,5.27792],"rotation":[0,-45,0],"cubes":[{"origin":[-1,5,4.27792],"size":[2,8,2],"uv":[39,41]}]},{"name":"bone70","parent":"qunzi","pivot":[0,5,0],"rotation":[0,-120,0]},{"name":"bone71","parent":"bone70","pivot":[0,5,5.27792],"rotation":[23,0,0]},{"name":"bone72","parent":"bone71","pivot":[0,5,5.27792],"rotation":[0,-45,0],"cubes":[{"origin":[-1,5,4.27792],"size":[2,8,2],"uv":[26,41]}]},{"name":"bone73","parent":"qunzi","pivot":[0,5,0],"rotation":[0,-150,0]},{"name":"bone74","parent":"bone73","pivot":[0,5,5.27792],"rotation":[23,0,0]},{"name":"bone75","parent":"bone74","pivot":[0,5,5.27792],"rotation":[0,-45,0],"cubes":[{"origin":[-1,5,4.27792],"size":[2,8,2],"uv":[40,10]}]},{"name":"bone76","parent":"qunzi","pivot":[0,5,0],"rotation":[0,-180,0]},{"name":"bone77","parent":"bone76","pivot":[0,5,5.27792],"rotation":[23,0,0]},{"name":"bone78","parent":"bone77","pivot":[0,5,5.27792],"rotation":[0,-45,0],"cubes":[{"origin":[-1,5,4.27792],"size":[2,8,2],"uv":[40,0]}]},{"name":"bone79","parent":"qunzi","pivot":[0,5,0],"rotation":[0,-210,0]},{"name":"bone80","parent":"bone79","pivot":[0,5,5.27792],"rotation":[23,0,0]},{"name":"bone81","parent":"bone80","pivot":[0,5,5.27792],"rotation":[0,-45,0],"cubes":[{"origin":[-1,5,4.27792],"size":[2,8,2],"uv":[0,39]}]},{"name":"bone82","parent":"qunzi","pivot":[0,5,0],"rotation":[0,-240,0]},{"name":"bone83","parent":"bone82","pivot":[0,5,5.27792],"rotation":[23,0,0]},{"name":"bone84","parent":"bone83","pivot":[0,5,5.27792],"rotation":[0,-45,0],"cubes":[{"origin":[-1,5,4.27792],"size":[2,8,2],"uv":[10,38]}]},{"name":"bone85","parent":"qunzi","pivot":[0,5,0],"rotation":[0,-270,0]},{"name":"bone86","parent":"bone85","pivot":[0,5,5.27792],"rotation":[23,0,0]},{"name":"bone87","parent":"bone86","pivot":[0,5,5.27792],"rotation":[0,-45,0],"cubes":[{"origin":[-1,5,4.27792],"size":[2,8,2],"uv":[18,36]}]},{"name":"bone88","parent":"qunzi","pivot":[0,5,0],"rotation":[0,-300,0]},{"name":"bone89","parent":"bone88","pivot":[0,5,5.27792],"rotation":[23,0,0]},{"name":"bone90","parent":"bone89","pivot":[0,5,5.27792],"rotation":[0,-45,0],"cubes":[{"origin":[-1,5,4.27792],"size":[2,8,2],"uv":[33,19]}]},{"name":"bone91","parent":"qunzi","pivot":[0,5,0],"rotation":[0,-330,0]},{"name":"bone92","parent":"bone91","pivot":[0,5,5.27792],"rotation":[23,0,0]},{"name":"bone93","parent":"bone92","pivot":[0,5,5.27792],"rotation":[0,-45,0],"cubes":[{"origin":[-1,5,4.27792],"size":[2,8,2],"uv":[33,33]}]},{"name":"qunbai","pivot":[0,4,0]},{"name":"bone94","parent":"qunbai","pivot":[0,4,0]},{"name":"bone95","parent":"bone94","pivot":[0,4,5.27792],"rotation":[45,0,0]},{"name":"bone96","parent":"bone95","pivot":[0,4,5.27792],"rotation":[0,-45,0],"cubes":[{"origin":[-1,4,4.27792],"size":[2,6,2],"uv":[53,53]}]},{"name":"bone97","parent":"qunbai","pivot":[0,4,0],"rotation":[0,-30,0]},{"name":"bone98","parent":"bone97","pivot":[0,4,5.27792],"rotation":[45,0,0]},{"name":"bone99","parent":"bone98","pivot":[0,4,5.27792],"rotation":[0,-45,0],"cubes":[{"origin":[-1,4,4.27792],"size":[2,6,2],"uv":[40,53]}]},{"name":"bone100","parent":"qunbai","pivot":[0,4,0],"rotation":[0,-60,0]},{"name":"bone101","parent":"bone100","pivot":[0,4,5.27792],"rotation":[45,0,0]},{"name":"bone102","parent":"bone101","pivot":[0,4,5.27792],"rotation":[0,-45,0],"cubes":[{"origin":[-1,4,4.27792],"size":[2,6,2],"uv":[24,51]}]},{"name":"bone103","parent":"qunbai","pivot":[0,4,0],"rotation":[0,-90,0]},{"name":"bone104","parent":"bone103","pivot":[0,4,5.27792],"rotation":[45,0,0]},{"name":"bone105","parent":"bone104","pivot":[0,4,5.27792],"rotation":[0,-45,0],"cubes":[{"origin":[-1,4,4.27792],"size":[2,6,2],"uv":[49,24]}]},{"name":"bone106","parent":"qunbai","pivot":[0,4,0],"rotation":[0,-120,0]},{"name":"bone107","parent":"bone106","pivot":[0,4,5.27792],"rotation":[45,0,0]},{"name":"bone108","parent":"bone107","pivot":[0,4,5.27792],"rotation":[0,-45,0],"cubes":[{"origin":[-1,4,4.27792],"size":[2,6,2],"uv":[49,16]}]},{"name":"bone109","parent":"qunbai","pivot":[0,4,0],"rotation":[0,-150,0]},{"name":"bone110","parent":"bone109","pivot":[0,4,5.27792],"rotation":[45,0,0]},{"name":"bone111","parent":"bone110","pivot":[0,4,5.27792],"rotation":[0,-45,0],"cubes":[{"origin":[-1,4,4.27792],"size":[2,6,2],"uv":[32,49]}]},{"name":"bone112","parent":"qunbai","pivot":[0,4,0],"rotation":[0,-180,0]},{"name":"bone113","parent":"bone112","pivot":[0,4,5.27792],"rotation":[45,0,0]},{"name":"bone115","parent":"bone113","pivot":[0,4,5.27792],"rotation":[0,-45,0],"cubes":[{"origin":[-1,4,4.27792],"size":[2,6,2],"uv":[48,8]}]},{"name":"bone116","parent":"qunbai","pivot":[0,4,0],"rotation":[0,-210,0]},{"name":"bone117","parent":"bone116","pivot":[0,4,5.27792],"rotation":[45,0,0]},{"name":"bone118","parent":"bone117","pivot":[0,4,5.27792],"rotation":[0,-45,0],"cubes":[{"origin":[-1,4,4.27792],"size":[2,6,2],"uv":[48,0]}]},{"name":"bone119","parent":"qunbai","pivot":[0,4,0],"rotation":[0,-240,0]},{"name":"bone120","parent":"bone119","pivot":[0,4,5.27792],"rotation":[45,0,0]},{"name":"bone121","parent":"bone120","pivot":[0,4,5.27792],"rotation":[0,-45,0],"cubes":[{"origin":[-1,4,4.27792],"size":[2,6,2],"uv":[6,48]}]},{"name":"bone122","parent":"qunbai","pivot":[0,4,0],"rotation":[0,-270,0]},{"name":"bone123","parent":"bone122","pivot":[0,4,5.27792],"rotation":[45,0,0]},{"name":"bone124","parent":"bone123","pivot":[0,4,5.27792],"rotation":[0,-45,0],"cubes":[{"origin":[-1,4,4.27792],"size":[2,6,2],"uv":[47,38]}]},{"name":"bone125","parent":"qunbai","pivot":[0,4,0],"rotation":[0,-300,0]},{"name":"bone126","parent":"bone125","pivot":[0,4,5.27792],"rotation":[45,0,0]},{"name":"bone127","parent":"bone126","pivot":[0,4,5.27792],"rotation":[0,-45,0],"cubes":[{"origin":[-1,4,4.27792],"size":[2,6,2],"uv":[47,47]}]},{"name":"bone128","parent":"qunbai","pivot":[0,4,0],"rotation":[0,-330,0]},{"name":"bone129","parent":"bone128","pivot":[0,4,5.27792],"rotation":[45,0,0]},{"name":"bone130","parent":"bone129","pivot":[0,4,5.27792],"rotation":[0,-45,0],"cubes":[{"origin":[-1,4,4.27792],"size":[2,6,2],"uv":[0,0]}]}]}}