{"format_version":"1.10.0","geometry.model":{"texturewidth":64,"textureheight":64,"visible_bounds_width":4,"visible_bounds_height":4,"visible_bounds_offset":[0,1,0],"bones":[{"name":"head","pivot":[0,18,0],"cubes":[{"origin":[-4,18,-4],"size":[8,8,8],"uv":[0,16]},{"origin":[-6,25,0],"size":[3,4,1],"uv":[12,59]},{"origin":[3,25,0],"size":[3,4,1],"uv":[0,59]}]},{"name":"bone58","parent":"head","pivot":[7.255,33.51,0],"rotation":[-90,0,0],"cubes":[{"origin":[-4.25,29.26,7.26],"size":[8.5,0.01,8.5],"uv":[24,0]}]},{"name":"bone57","parent":"head","pivot":[-6.745,33.51,0],"rotation":[0,0,-90],"cubes":[{"origin":[-24.495,31.005,-4.25],"size":[10.5,0.01,8.5],"uv":[16,16]}]},{"name":"bone56","parent":"head","pivot":[7.255,33.51,0],"rotation":[-90,0,0],"cubes":[{"origin":[-4.25,37.75,7.26],"size":[8.5,0.01,16.5],"uv":[0,0]}]},{"name":"bone55","parent":"head","pivot":[0,29.255,0],"rotation":[0,0,90],"cubes":[{"origin":[3.005,33.505,-4.25],"size":[10.5,0.01,8.5],"uv":[24,24]}]},{"name":"bone54","parent":"head","pivot":[0,0,0],"cubes":[{"origin":[-4.25,26.25,-4.25],"size":[8.5,0.01,8.5],"uv":[24,8]}]},{"name":"bl","parent":"head","pivot":[0,24.9,-4.35],"rotation":[0,0,-45]},{"name":"bone51","parent":"bl","pivot":[0,-2.74,-5.71],"cubes":[{"origin":[-1.7688,26.6688,-4.35],"size":[1.7688,1.7688,0.01769],"uv":[4,33]},{"origin":[-3.5376,24.9,-4.35],"size":[3.5376,1.7688,0.01769],"uv":[0,37]}]},{"name":"bone52","parent":"bl","pivot":[0,-2.74,-5.71],"cubes":[{"origin":[0,21.3624,-4.35],"size":[1.7688,1.7688,0.01769],"uv":[26,32]},{"origin":[0,23.1312,-4.35],"size":[3.5376,1.7688,0.01769],"uv":[18,36]}]},{"name":"bone53","parent":"bl","pivot":[0,32.9,-5.71],"cubes":[{"origin":[-0.66663,24.24663,-4.46431],"size":[1.32,1.32,0.132],"uv":[3,32]}]},{"name":"blink","parent":"head","pivot":[0,18,0],"cubes":[{"origin":[-4,18,-4.001],"size":[8,8,0],"uv":[12,43]}]},{"name":"armRight","pivot":[-2.7,17.5,0],"rotation":[0,0,25],"cubes":[{"origin":[-4.33748,9.66905,-1],"size":[2,7.1,2],"uv":[28,43]}]},{"name":"bone49","parent":"armRight","pivot":[-2.7,19.75,0]},{"name":"bone50","parent":"bone49","pivot":[-3.2,22.25,-0.5],"rotation":[5,0,-5],"cubes":[{"origin":[-4.36747,10.47699,-1.03183],"size":[1.3,4.9,1.3],"uv":[54,38]}]},{"name":"bone60","parent":"bone49","pivot":[-3.2,22.25,-1.5],"rotation":[-5,0,-5],"cubes":[{"origin":[-4.36747,10.6513,-0.27578],"size":[1.3,4.9,1.3],"uv":[44,53]}]},{"name":"bone62","parent":"bone49","pivot":[-4.2,22.25,-0.5],"rotation":[5,0,5],"cubes":[{"origin":[-3.61024,10.53994,-1.02632],"size":[1.3,4.9,1.3],"uv":[52,46]}]},{"name":"bone63","parent":"bone49","pivot":[-4.2,22.25,-1.5],"rotation":[-5,0,5],"cubes":[{"origin":[-3.61024,10.71425,-0.28129],"size":[1.3,4.9,1.3],"uv":[52,27]}]},{"name":"bone74","parent":"armRight","pivot":[-2.5,16.4,0.2]},{"name":"bone75","parent":"bone74","pivot":[-4.3,16,-0.6],"cubes":[{"origin":[-4.53748,15.66905,-1.2],"size":[1.2,1.2,1.2],"uv":[48,14]}]},{"name":"bone76","parent":"bone74","pivot":[-3.1,16,-0.6],"cubes":[{"origin":[-3.33748,15.56905,-1.2],"size":[1.2,1.2,1.2],"uv":[44,22]}]},{"name":"bone77","parent":"bone74","pivot":[-4.3,16,0.6],"cubes":[{"origin":[-4.53748,15.66905,0],"size":[1.2,1.2,1.2],"uv":[34,43]}]},{"name":"bone78","parent":"bone74","pivot":[-3.1,16,0.6],"cubes":[{"origin":[-3.33748,15.56905,0],"size":[1.2,1.2,1.2],"uv":[25,35]}]},{"name":"armLeft","pivot":[3,17.5,0],"rotation":[0,0,-25],"cubes":[{"origin":[2.32027,9.71696,-1],"size":[2,7.1,2],"uv":[0,12]}]},{"name":"bone64","parent":"armLeft","pivot":[5,19.6,0]},{"name":"bone65","parent":"bone64","pivot":[4.5,22.1,-0.5],"rotation":[5,0,-5],"cubes":[{"origin":[2.30713,10.56428,-1.01107],"size":[1.3,4.9,1.3],"uv":[52,22]}]},{"name":"bone66","parent":"bone64","pivot":[4.5,22.1,-1.5],"rotation":[-5,0,-5],"cubes":[{"origin":[2.30713,10.73859,-0.29654],"size":[1.3,4.9,1.3],"uv":[39,32]}]},{"name":"bone67","parent":"bone64","pivot":[3.5,22.1,-0.5],"rotation":[5,0,5],"cubes":[{"origin":[3.03858,10.44624,-1.0214],"size":[1.3,4.9,1.3],"uv":[0,32]}]},{"name":"bone68","parent":"bone64","pivot":[3.5,22.1,-1.5],"rotation":[-5,0,5],"cubes":[{"origin":[3.03858,10.62055,-0.28622],"size":[1.3,4.9,1.3],"uv":[12,7]}]},{"name":"bone69","parent":"armLeft","pivot":[5.2,16.4,0.2]},{"name":"bone70","parent":"bone69","pivot":[3.4,16,-0.6],"cubes":[{"origin":[2.12027,15.71696,-1.2],"size":[1.2,1.2,1.2],"uv":[55,6]}]},{"name":"bone71","parent":"bone69","pivot":[4.6,16,-0.6],"cubes":[{"origin":[3.32027,15.71696,-1.2],"size":[1.2,1.2,1.2],"uv":[48,55]}]},{"name":"bone72","parent":"bone69","pivot":[3.4,16,0.6],"cubes":[{"origin":[2.12027,15.71696,0],"size":[1.2,1.2,1.2],"uv":[48,46]}]},{"name":"bone73","parent":"bone69","pivot":[4.6,16,0.6],"cubes":[{"origin":[3.32027,15.71696,0],"size":[1.2,1.2,1.2],"uv":[48,22]}]},{"name":"body","pivot":[0,10.5,0],"cubes":[{"origin":[-3,12.999,-3],"size":[6,5,6],"uv":[0,32]},{"origin":[-2.5,10.999,-2.5],"size":[5,6,5],"uv":[24,32]},{"origin":[-2.75,8.999,-2.75],"size":[5.5,2,5.5],"uv":[39,39]}]},{"name":"bone81","parent":"body","pivot":[-16,-2,-3],"rotation":[0,0,45]},{"name":"bone79","parent":"bone81","pivot":[-18.5,17,3.5],"cubes":[{"origin":[-21,14.5,3],"size":[5,5,1],"uv":[44,32]}]},{"name":"bone80","parent":"bone81","pivot":[-12.5,23,3.5],"cubes":[{"origin":[-15,20.5,3],"size":[5,5,1],"uv":[44,16]}]},{"name":"bone82","parent":"bone81","pivot":[-15.5,20,3.5],"cubes":[{"origin":[-17,18.5,3],"size":[3,3,1],"uv":[8,12]}]},{"name":"bone59","parent":"body","pivot":[-0.1,14.75,-3.75],"rotation":[62.5,0,0],"cubes":[{"origin":[1.3,14.1777,-2.79617],"size":[1.161,1.161,1.161],"uv":[55,21]},{"origin":[0.9,13.75,-2.75],"size":[1.5,1.5,1.5],"uv":[55,31]}]},{"name":"bone61","parent":"bone59","pivot":[-0.574,10.6425,-2.1285],"cubes":[{"origin":[-2.4,14.1777,-2.79617],"size":[1.161,1.161,1.161],"uv":[56,10]},{"origin":[-2.3,13.75,-2.75],"size":[1.5,1.5,1.5],"uv":[55,26]}]},{"name":"sittingRotationSkirt","parent":"body","pivot":[0,9.35,-0.5]},{"name":"bone","parent":"sittingRotationSkirt","pivot":[0,6.228,0]},{"name":"bone2","parent":"bone","pivot":[0,6.228,6.96754],"rotation":[45,0,0]},{"name":"bone3","parent":"bone2","pivot":[0,6.228,6.96754],"rotation":[0,-45,0],"cubes":[{"origin":[-0.98,7.56,5.98754],"size":[1.96,6.84,1.96],"uv":[52,7]}]},{"name":"bone4","parent":"sittingRotationSkirt","pivot":[0,6.228,0],"rotation":[0,-22.5,0]},{"name":"bone5","parent":"bone4","pivot":[0,6.228,6.96754],"rotation":[45,0,0]},{"name":"bone6","parent":"bone5","pivot":[0,6.228,6.96754],"rotation":[0,-45,0],"cubes":[{"origin":[-0.98,7.56,5.98754],"size":[1.96,6.84,1.96],"uv":[52,0]}]},{"name":"bone7","parent":"sittingRotationSkirt","pivot":[0,6.228,0],"rotation":[0,-45,0]},{"name":"bone8","parent":"bone7","pivot":[0,6.228,6.96754],"rotation":[45,0,0]},{"name":"bone9","parent":"bone8","pivot":[0,6.228,6.96754],"rotation":[0,-45,0],"cubes":[{"origin":[-0.98,7.56,5.98754],"size":[1.96,6.84,1.96],"uv":[52,52]}]},{"name":"bone10","parent":"sittingRotationSkirt","pivot":[0,6.228,0],"rotation":[0,-67.5,0]},{"name":"bone11","parent":"bone10","pivot":[0,6.228,6.96754],"rotation":[45,0,0]},{"name":"bone12","parent":"bone11","pivot":[0,6.228,6.96754],"rotation":[0,-45,0],"cubes":[{"origin":[-0.98,7.56,5.98754],"size":[1.96,6.84,1.96],"uv":[32,52]}]},{"name":"bone13","parent":"sittingRotationSkirt","pivot":[0,6.228,0],"rotation":[0,-90,0]},{"name":"bone14","parent":"bone13","pivot":[0,6.228,6.96754],"rotation":[45,0,0]},{"name":"bone15","parent":"bone14","pivot":[0,6.228,6.96754],"rotation":[0,-45,0],"cubes":[{"origin":[-0.98,7.56,5.98754],"size":[1.96,6.84,1.96],"uv":[28,52]}]},{"name":"bone16","parent":"sittingRotationSkirt","pivot":[0,6.228,0],"rotation":[0,-112.5,0]},{"name":"bone17","parent":"bone16","pivot":[0,6.228,6.96754],"rotation":[45,0,0]},{"name":"bone18","parent":"bone17","pivot":[0,6.228,6.96754],"rotation":[0,-45,0],"cubes":[{"origin":[-0.98,7.56,5.98754],"size":[1.96,6.84,1.96],"uv":[24,51]}]},{"name":"bone19","parent":"sittingRotationSkirt","pivot":[0,6.228,0],"rotation":[0,-135,0]},{"name":"bone20","parent":"bone19","pivot":[0,6.228,6.96754],"rotation":[45,0,0]},{"name":"bone21","parent":"bone20","pivot":[0,6.228,6.96754],"rotation":[0,-45,0],"cubes":[{"origin":[-0.98,7.56,5.98754],"size":[1.96,6.84,1.96],"uv":[20,51]}]},{"name":"bone22","parent":"sittingRotationSkirt","pivot":[0,6.228,0],"rotation":[0,-157.5,0]},{"name":"bone23","parent":"bone22","pivot":[0,6.228,6.96754],"rotation":[45,0,0]},{"name":"bone24","parent":"bone23","pivot":[0,6.228,6.96754],"rotation":[0,-45,0],"cubes":[{"origin":[-0.98,7.56,5.98754],"size":[1.96,6.84,1.96],"uv":[16,51]}]},{"name":"bone25","parent":"sittingRotationSkirt","pivot":[0,6.228,0],"rotation":[0,-180,0]},{"name":"bone26","parent":"bone25","pivot":[0,6.228,6.96754],"rotation":[45,0,0]},{"name":"bone27","parent":"bone26","pivot":[0,6.228,6.96754],"rotation":[0,-45,0],"cubes":[{"origin":[-0.98,7.56,5.98754],"size":[1.96,6.84,1.96],"uv":[12,51]}]},{"name":"bone28","parent":"sittingRotationSkirt","pivot":[0,6.228,0],"rotation":[0,-202.5,0]},{"name":"bone29","parent":"bone28","pivot":[0,6.228,6.96754],"rotation":[45,0,0]},{"name":"bone30","parent":"bone29","pivot":[0,6.228,6.96754],"rotation":[0,-45,0],"cubes":[{"origin":[-0.98,7.56,5.98754],"size":[1.96,6.84,1.96],"uv":[40,50]}]},{"name":"bone31","parent":"sittingRotationSkirt","pivot":[0,6.228,0],"rotation":[0,-225,0]},{"name":"bone32","parent":"bone31","pivot":[0,6.228,6.96754],"rotation":[45,0,0]},{"name":"bone33","parent":"bone32","pivot":[0,6.228,6.96754],"rotation":[0,-45,0],"cubes":[{"origin":[-0.98,7.56,5.98754],"size":[1.96,6.84,1.96],"uv":[36,50]}]},{"name":"bone34","parent":"sittingRotationSkirt","pivot":[0,6.228,0],"rotation":[0,-247.5,0]},{"name":"bone35","parent":"bone34","pivot":[0,6.228,6.96754],"rotation":[45,0,0]},{"name":"bone36","parent":"bone35","pivot":[0,6.228,6.96754],"rotation":[0,-45,0],"cubes":[{"origin":[-0.98,7.56,5.98754],"size":[1.96,6.84,1.96],"uv":[48,7]}]},{"name":"bone37","parent":"sittingRotationSkirt","pivot":[0,6.228,0],"rotation":[0,-270,0]},{"name":"bone38","parent":"bone37","pivot":[0,6.228,6.96754],"rotation":[45,0,0]},{"name":"bone39","parent":"bone38","pivot":[0,6.228,6.96754],"rotation":[0,-45,0],"cubes":[{"origin":[-0.98,7.56,5.98754],"size":[1.96,6.84,1.96],"uv":[48,0]}]},{"name":"bone40","parent":"sittingRotationSkirt","pivot":[0,6.228,0],"rotation":[0,-292.5,0]},{"name":"bone41","parent":"bone40","pivot":[0,6.228,6.96754],"rotation":[45,0,0]},{"name":"bone42","parent":"bone41","pivot":[0,6.228,6.96754],"rotation":[0,-45,0],"cubes":[{"origin":[-0.98,7.56,5.98754],"size":[1.96,6.84,1.96],"uv":[48,48]}]},{"name":"bone43","parent":"sittingRotationSkirt","pivot":[0,6.228,0],"rotation":[0,-315,0]},{"name":"bone44","parent":"bone43","pivot":[0,6.228,6.96754],"rotation":[45,0,0]},{"name":"bone45","parent":"bone44","pivot":[0,6.228,6.96754],"rotation":[0,-45,0],"cubes":[{"origin":[-0.98,7.56,5.98754],"size":[1.96,6.84,1.96],"uv":[44,46]}]},{"name":"bone46","parent":"sittingRotationSkirt","pivot":[0,6.228,0],"rotation":[0,-337.5,0]},{"name":"bone47","parent":"bone46","pivot":[0,6.228,6.96754],"rotation":[45,0,0]},{"name":"bone48","parent":"bone47","pivot":[0,6.228,6.96754],"rotation":[0,-45,0],"cubes":[{"origin":[-0.98,7.56,5.98754],"size":[1.96,6.84,1.96],"uv":[12,0]}]},{"name":"legLeft","pivot":[2,9,0],"cubes":[{"origin":[0.499,0,-1.5],"size":[3,9,3],"uv":[0,43]}]},{"name":"legRight","pivot":[-2,9,0],"cubes":[{"origin":[-3.499,0,-1.5],"size":[3,9,3],"uv":[0,0]}]},{"name":"wingLeft","pivot":[3,0,4],"rotation":[-180,0,-180],"cubes":[{"origin":[-4,15,3],"size":[4,4,0.2],"uv":[18,32]},{"origin":[-5.88,17.12,3],"size":[3.28,3.28,0.1],"uv":[0,55]},{"origin":[-6.82176,19.45824,3],"size":[1.94176,1.94176,0.02],"uv":[11,0]},{"origin":[0.27824,12.35824,3],"size":[1.94176,1.94176,0.02],"uv":[9,2]},{"origin":[-1.88,13.12,3],"size":[3.28,3.28,0.1],"uv":[0,21]}]},{"name":"wl3","parent":"wingLeft","pivot":[2.2782,11.3582,3],"rotation":[0,0,-65],"cubes":[{"origin":[-2.0096,13.15464,3.0064],"size":[2.72,2.72,0.136],"uv":[56,0]},{"origin":[-3.288,14.59624,3.0064],"size":[2.2304,2.2304,0.068],"uv":[56,56]},{"origin":[-3.9284,16.18624,3.0064],"size":[1.3204,1.3204,0.0136],"uv":[9,1]},{"origin":[0.8996,11.35824,3.0064],"size":[1.3204,1.3204,0.0136],"uv":[9,0]},{"origin":[-0.568,11.87624,3.0064],"size":[2.2304,2.2304,0.068],"uv":[55,51]}]},{"name":"wl5","parent":"wingLeft","pivot":[-5.7218,13.3582,3],"rotation":[-180,0,55],"cubes":[{"origin":[-8.38024,14.47199,3.00397],"size":[1.6864,1.6864,0.08432],"uv":[0,2]},{"origin":[-9.17284,15.36578,3.00397],"size":[1.38285,1.38285,0.04216],"uv":[0,1]},{"origin":[-9.56989,16.35158,3.00397],"size":[0.81865,0.81865,0.00843],"uv":[28,0]},{"origin":[-6.57653,13.35822,3.00397],"size":[0.81865,0.81865,0.00843],"uv":[28,3]},{"origin":[-7.48644,13.67938,3.00397],"size":[1.38285,1.38285,0.04216],"uv":[0,0]}]},{"name":"wingRight","pivot":[-3,0,4],"rotation":[-180,0,180],"cubes":[{"origin":[0,15,3],"size":[4,4,0.2],"uv":[36,46]},{"origin":[2.6,17.12,3],"size":[3.28,3.28,0.1],"uv":[55,14]},{"origin":[4.88,19.45824,3],"size":[1.94176,1.94176,0.02],"uv":[6,23]},{"origin":[-2.22,12.35824,3],"size":[1.94176,1.94176,0.02],"uv":[6,22]},{"origin":[-1.4,13.12,3],"size":[3.28,3.28,0.1],"uv":[6,55]}]},{"name":"wl2","parent":"wingRight","pivot":[-0.2782,12.3582,3],"rotation":[0,0,65],"cubes":[{"origin":[1.35067,11.9194,3.0064],"size":[2.72,2.72,0.136],"uv":[56,8]},{"origin":[3.11867,13.361,3.0064],"size":[2.2304,2.2304,0.068],"uv":[56,4]},{"origin":[4.66907,14.95101,3.0064],"size":[1.3204,1.3204,0.0136],"uv":[6,21]},{"origin":[-0.15893,10.12301,3.0064],"size":[1.3204,1.3204,0.0136],"uv":[6,13]},{"origin":[0.39867,10.641,3.0064],"size":[2.2304,2.2304,0.068],"uv":[56,2]}]},{"name":"wl4","parent":"wingRight","pivot":[7.7218,14.3582,3],"rotation":[-180,0,-55],"cubes":[{"origin":[6.72753,14.40726,3.00397],"size":[1.6864,1.6864,0.08432],"uv":[0,13]},{"origin":[7.82369,15.30106,3.00397],"size":[1.38285,1.38285,0.04216],"uv":[6,12]},{"origin":[8.78494,16.28686,3.00397],"size":[0.81865,0.81865,0.00843],"uv":[33,64]},{"origin":[5.79158,13.2935,3.00397],"size":[0.81865,0.81865,0.00843],"uv":[30,8]},{"origin":[6.13729,13.61466,3.00397],"size":[1.38285,1.38285,0.04216],"uv":[0,12]}]}]}}