{
	"format_version": "1.10.0",
	"geometry.model": {
		"texturewidth": 128,
		"textureheight": 128,
		"visible_bounds_width": 3,
		"visible_bounds_height": 4,
		"visible_bounds_offset": [0, 1, 0],
		"bones": [
			{
				"name": "head",
				"pivot": [0, 18, 0],
				"cubes": [
					{"origin": [-4, 19, -4], "size": [8, 8, 8], "uv": [0, 16]}
				]
			},
			{
				"name": "blink",
				"parent": "head",
				"pivot": [0, 18, 0],
				"cubes": [
					{"origin": [-4, 19, -4.001], "size": [8, 8, 0], "uv": [65, 16]}
				]
			},
			{
				"name": "head2",
				"parent": "head",
				"pivot": [0, 18, 0],
				"cubes": [
					{"origin": [-3.5, 19.5, -4.5], "size": [7, 7, 9], "uv": [0, 0]},
					{"origin": [-4.5, 19.5, -3.5], "size": [9, 7, 7], "uv": [25, 25]},
					{"origin": [-3.5, 19.5, -3.5], "size": [7, 8, 7], "uv": [25, 9]}
				]
			},
			{
				"name": "hair",
				"parent": "head",
				"pivot": [0, 18, 0]
			},
			{
				"name": "hair2",
				"parent": "hair",
				"pivot": [4, 0, 4.25],
				"rotation": [10, 0, -10]
			},
			{
				"name": "bone",
				"parent": "hair2",
				"pivot": [0.75, 18, 4.25]
			},
			{
				"name": "bone8",
				"parent": "bone",
				"pivot": [9.125, 23, 3.625],
				"rotation": [-35, 0, 0],
				"cubes": [
					{"origin": [8.67365, 22.89254, 2.5838], "size": [1.25, 2, 1.25], "uv": [53, 76]}
				]
			},
			{
				"name": "bone9",
				"parent": "bone8",
				"pivot": [9.125, 22, 3],
				"rotation": [15, 0, 0],
				"cubes": [
					{"origin": [8.67365, 20.96985, 2.82899], "size": [1.25, 2, 1.25], "uv": [32, 76]}
				]
			},
			{
				"name": "bone10",
				"parent": "bone9",
				"pivot": [9.125, 20, 3],
				"rotation": [45, 0, 0],
				"cubes": [
					{"origin": [8.67365, 18.80671, 3.56486], "size": [1.25, 2, 1.25], "uv": [75, 50]}
				]
			},
			{
				"name": "bone14",
				"parent": "bone10",
				"pivot": [9.125, 18, 3],
				"rotation": [30, 0, 0],
				"cubes": [
					{"origin": [8.67365, 16.5162, 3.89254], "size": [1.25, 1.9, 1.25], "uv": [30, 79]}
				]
			},
			{
				"name": "bone11",
				"parent": "bone",
				"pivot": [9.125, 23, 4.875],
				"rotation": [35, 0, 0],
				"cubes": [
					{"origin": [8.67365, 22.69636, 4.94636], "size": [1.25, 2, 1.25], "uv": [75, 46]}
				]
			},
			{
				"name": "bone12",
				"parent": "bone11",
				"pivot": [9.125, 22, 5.5],
				"rotation": [-15, 0, 0],
				"cubes": [
					{"origin": [8.67365, 20.85287, 4.7424], "size": [1.25, 2, 1.25], "uv": [75, 36]}
				]
			},
			{
				"name": "bone13",
				"parent": "bone12",
				"pivot": [9.125, 20, 5.5],
				"rotation": [-45, 0, 0],
				"cubes": [
					{"origin": [8.67365, 18.95125, 3.99511], "size": [1.25, 2, 1.25], "uv": [28, 75]}
				]
			},
			{
				"name": "bone15",
				"parent": "bone13",
				"pivot": [9.125, 18, 5.5],
				"rotation": [-30, 0, 0],
				"cubes": [
					{"origin": [8.67365, 16.79636, 3.55364], "size": [1.25, 1.9, 1.25], "uv": [20, 79]}
				]
			},
			{
				"name": "bone16",
				"parent": "hair2",
				"pivot": [9.375, 23.625, 4.225],
				"rotation": [0, 0, -15],
				"cubes": [
					{"origin": [9.07216, 23.91774, 3.77101], "size": [1.25, 1.75, 1.25], "uv": [16, 79]},
					{"origin": [8.82216, 24.66774, 3.52101], "size": [1.75, 1, 1.75], "uv": [94, 0], "inflate": -0.2, "mirror": true}
				]
			},
			{
				"name": "bone17",
				"parent": "bone16",
				"pivot": [6.70167, 17.20734, 2.85],
				"rotation": [-10, 0, 15],
				"cubes": [
					{"origin": [6.37532, 10.19215, 1.975], "size": [1, 16, 1.75], "uv": [12, 66], "inflate": -0.4}
				]
			},
			{
				"name": "bone18",
				"parent": "bone16",
				"pivot": [6.70167, 17.20734, 5.65],
				"rotation": [10, 0, 15],
				"cubes": [
					{"origin": [6.37532, 10.13276, 5.11182], "size": [1, 16, 1.75], "uv": [8, 66], "inflate": -0.4}
				]
			},
			{
				"name": "hair3",
				"parent": "hair",
				"pivot": [-4, 0, 4.25],
				"rotation": [10, 0, 10]
			},
			{
				"name": "bone19",
				"parent": "hair3",
				"pivot": [-0.75, 18, 4.25]
			},
			{
				"name": "bone20",
				"parent": "bone19",
				"pivot": [-9.125, 23, 3.625],
				"rotation": [-35, 0, 0],
				"cubes": [
					{"origin": [-9.92365, 22.89254, 2.5838], "size": [1.25, 2, 1.25], "uv": [24, 75]}
				]
			},
			{
				"name": "bone21",
				"parent": "bone20",
				"pivot": [-9.125, 22, 3],
				"rotation": [15, 0, 0],
				"cubes": [
					{"origin": [-9.92365, 20.96985, 2.82899], "size": [1.25, 2, 1.25], "uv": [74, 8]}
				]
			},
			{
				"name": "bone22",
				"parent": "bone21",
				"pivot": [-9.125, 20, 3],
				"rotation": [45, 0, 0],
				"cubes": [
					{"origin": [-9.92365, 18.80671, 3.56486], "size": [1.25, 2, 1.25], "uv": [74, 0]}
				]
			},
			{
				"name": "bone23",
				"parent": "bone22",
				"pivot": [-9.125, 18, 3],
				"rotation": [30, 0, 0],
				"cubes": [
					{"origin": [-9.92365, 16.5162, 3.89254], "size": [1.25, 1.9, 1.25], "uv": [78, 77]}
				]
			},
			{
				"name": "bone24",
				"parent": "bone19",
				"pivot": [-9.125, 23, 4.875],
				"rotation": [35, 0, 0],
				"cubes": [
					{"origin": [-9.92365, 22.69636, 4.94636], "size": [1.25, 2, 1.25], "uv": [72, 74]}
				]
			},
			{
				"name": "bone25",
				"parent": "bone24",
				"pivot": [-9.125, 22, 5.5],
				"rotation": [-15, 0, 0],
				"cubes": [
					{"origin": [-9.92365, 20.85287, 4.7424], "size": [1.25, 2, 1.25], "uv": [50, 74]}
				]
			},
			{
				"name": "bone26",
				"parent": "bone25",
				"pivot": [-9.125, 20, 5.5],
				"rotation": [-45, 0, 0],
				"cubes": [
					{"origin": [-9.92365, 18.95125, 3.99511], "size": [1.25, 2, 1.25], "uv": [46, 74]}
				]
			},
			{
				"name": "bone27",
				"parent": "bone26",
				"pivot": [-9.125, 18, 5.5],
				"rotation": [-30, 0, 0],
				"cubes": [
					{"origin": [-9.92365, 16.79636, 3.55364], "size": [1.25, 1.9, 1.25], "uv": [78, 70]}
				]
			},
			{
				"name": "bone28",
				"parent": "hair3",
				"pivot": [-9.375, 23.625, 4.225],
				"rotation": [0, 0, 15],
				"cubes": [
					{"origin": [-10.32216, 23.91774, 3.77101], "size": [1.25, 1.75, 1.25], "uv": [78, 64]},
					{"origin": [-10.57216, 24.66774, 3.52101], "size": [1.75, 1, 1.75], "uv": [84, 0], "inflate": -0.2}
				]
			},
			{
				"name": "bone29",
				"parent": "bone28",
				"pivot": [-6.70167, 17.20734, 2.85],
				"rotation": [-10, 0, -15],
				"cubes": [
					{"origin": [-7.37532, 10.19215, 1.975], "size": [1, 16, 1.75], "uv": [4, 66], "inflate": -0.4}
				]
			},
			{
				"name": "bone30",
				"parent": "bone28",
				"pivot": [-6.70167, 17.20734, 5.65],
				"rotation": [10, 0, -15],
				"cubes": [
					{"origin": [-7.37532, 10.13276, 5.11182], "size": [1, 16, 1.75], "uv": [0, 66], "inflate": -0.4}
				]
			},
			{
				"name": "hair4",
				"parent": "hair",
				"pivot": [0, 18, 0]
			},
			{
				"name": "bone63",
				"parent": "hair4",
				"pivot": [-1.75, 24.75, -4.5],
				"rotation": [-5, 0, 5],
				"cubes": [
					{"origin": [-3.5, 22.77179, -4.75095], "size": [3.25, 4, 1.25], "uv": [120, 0]}
				]
			},
			{
				"name": "bone64",
				"parent": "hair4",
				"pivot": [1.75, 24.75, -4.5],
				"rotation": [-5, 0, -5],
				"cubes": [
					{"origin": [0.25, 22.77179, -4.75095], "size": [3.25, 4, 1.25], "uv": [120, 0], "mirror": true}
				]
			},
			{
				"name": "toushi",
				"parent": "head",
				"pivot": [0, 18, 0]
			},
			{
				"name": "bone31",
				"parent": "toushi",
				"pivot": [0, 23.75, 0],
				"rotation": [0, 0, 5],
				"cubes": [
					{"origin": [-3.68716, 24.24619, -4.6], "size": [7.2, 1, 9.2], "uv": [0, 32]},
					{"origin": [-4.18716, 24.24619, -4.1], "size": [8.2, 1, 8.2], "uv": [23, 0]},
					{"origin": [-4.68716, 24.24619, -3.6], "size": [9.2, 1, 7.2], "uv": [25, 39]}
				]
			},
			{
				"name": "bone32",
				"parent": "toushi",
				"pivot": [0, 23.75, 4.25],
				"rotation": [5, 0, 5],
				"cubes": [
					{"origin": [-0.78716, 24.1424, 3.83682], "size": [1.4, 1.1, 1], "uv": [78, 48]}
				]
			},
			{
				"name": "bone33",
				"parent": "bone32",
				"pivot": [0.01246, 19.46718, -2.53372]
			},
			{
				"name": "bone34",
				"parent": "bone33",
				"pivot": [-0.48754, 22.96718, 4.96628],
				"rotation": [15, 0, -25],
				"cubes": [
					{"origin": [-0.64712, 23.34906, 4.79247], "size": [1, 1, 1], "uv": [78, 45]}
				]
			},
			{
				"name": "bone35",
				"parent": "bone33",
				"pivot": [-0.48754, 20.29218, 4.96628],
				"rotation": [10, 0, 10],
				"cubes": [
					{"origin": [-1.7457, 17.84968, 4.81887], "size": [2, 6.75, 0.8], "uv": [114, 0], "inflate": -0.4}
				]
			},
			{
				"name": "bone36",
				"parent": "bone33",
				"pivot": [0.51246, 22.96718, 4.96628],
				"rotation": [15, 0, 25],
				"cubes": [
					{"origin": [-0.48594, 23.27791, 4.7734], "size": [1, 1, 1], "uv": [78, 28]}
				]
			},
			{
				"name": "bone37",
				"parent": "bone33",
				"pivot": [0.51246, 20.29218, 4.96628],
				"rotation": [10, 0, -10],
				"cubes": [
					{"origin": [-0.40104, 17.87949, 4.82412], "size": [2, 6.75, 0.8], "uv": [124, 11], "inflate": -0.4}
				]
			},
			{
				"name": "armLeft",
				"pivot": [2, 17.5, 0],
				"rotation": [0, 0, -25],
				"cubes": [
					{"origin": [2.32262, 9.90631, -1.1], "size": [2.2, 3.5, 2.2], "uv": [38, 72]},
					{"origin": [2.42262, 9.40631, -1], "size": [2, 8, 2], "uv": [64, 66]},
					{"origin": [1.87262, 9.90631, -1.55], "size": [3.1, 1, 3.1], "uv": [0, 124], "inflate": -0.4},
					{"origin": [1.87262, 12.40631, -1.55], "size": [3.1, 1, 3.1], "uv": [0, 124], "inflate": -0.4}
				]
			},
			{
				"name": "a",
				"parent": "armLeft",
				"pivot": [-2.56413, 17.68321, 0],
				"rotation": [0, 0, 90],
				"cubes": [
					{"origin": [3.26706, 24.54333, -1.7], "size": [1, 1, 3.4], "uv": [16, 73]}
				]
			},
			{
				"name": "bone2",
				"parent": "a",
				"pivot": [-6.47663, 15.37071, -1.6],
				"cubes": [
					{"origin": [2.61706, 24.79333, -1.6], "size": [2.75, 1, 1], "uv": [27, 73]},
					{"origin": [2.11706, 24.79333, -1.6], "size": [4.5, 1, 1], "uv": [72, 68], "inflate": -0.1},
					{"origin": [6.06706, 24.54333, -1.6], "size": [2.75, 1.5, 1], "uv": [21, 73], "inflate": -0.4},
					{"origin": [8.01706, 24.54333, -1.6], "size": [1, 1.4, 1], "uv": [78, 8], "inflate": -0.4},
					{"origin": [8.21706, 24.54333, -1.6], "size": [1, 1.3, 1], "uv": [78, 0], "inflate": -0.4},
					{"origin": [8.41706, 24.54333, -1.6], "size": [1, 1.2, 1], "uv": [75, 78], "inflate": -0.4},
					{"origin": [8.61706, 24.54333, -1.6], "size": [1, 1.1, 1], "uv": [68, 78], "inflate": -0.4}
				]
			},
			{
				"name": "bone3",
				"parent": "a",
				"pivot": [-6.47663, 15.37071, -0.5],
				"cubes": [
					{"origin": [2.61706, 24.79333, -0.5], "size": [2.75, 1, 1], "uv": [72, 70]},
					{"origin": [2.11706, 24.79333, -0.5], "size": [4.5, 1, 1], "uv": [72, 72], "inflate": -0.1},
					{"origin": [6.06706, 24.54333, -0.5], "size": [2.75, 1.5, 1], "uv": [67, 29], "inflate": -0.4},
					{"origin": [8.01706, 24.54333, -0.5], "size": [1, 1.4, 1], "uv": [64, 78], "inflate": -0.4},
					{"origin": [8.21706, 24.54333, -0.5], "size": [1, 1.3, 1], "uv": [60, 78], "inflate": -0.4},
					{"origin": [8.41706, 24.54333, -0.5], "size": [1, 1.2, 1], "uv": [56, 78], "inflate": -0.4},
					{"origin": [8.61706, 24.54333, -0.5], "size": [1, 1.1, 1], "uv": [27, 78], "inflate": -0.4}
				]
			},
			{
				"name": "bone4",
				"parent": "a",
				"pivot": [-6.47663, 15.37071, 0.6],
				"cubes": [
					{"origin": [2.61706, 24.79333, 0.6], "size": [2.75, 1, 1], "uv": [65, 12]},
					{"origin": [2.11706, 24.79333, 0.6], "size": [4.5, 1, 1], "uv": [71, 55], "inflate": -0.1},
					{"origin": [6.06706, 24.54333, 0.6], "size": [2.75, 1.5, 1], "uv": [65, 4], "inflate": -0.4},
					{"origin": [8.01706, 24.54333, 0.6], "size": [1, 1.4, 1], "uv": [23, 78], "inflate": -0.4},
					{"origin": [8.21706, 24.54333, 0.6], "size": [1, 1.3, 1], "uv": [77, 59], "inflate": -0.4},
					{"origin": [8.41706, 24.54333, 0.6], "size": [1, 1.2, 1], "uv": [77, 57], "inflate": -0.4},
					{"origin": [8.61706, 24.54333, 0.6], "size": [1, 1.1, 1], "uv": [77, 53], "inflate": -0.4}
				]
			},
			{
				"name": "armRight",
				"pivot": [-2, 17.5, 0],
				"rotation": [0, 0, 25],
				"cubes": [
					{"origin": [-4.52262, 9.90631, -1.1], "size": [2.2, 3.5, 2.2], "uv": [40, 57]},
					{"origin": [-4.42262, 9.40631, -1], "size": [2, 8, 2], "uv": [56, 66]},
					{"origin": [-4.97262, 9.90631, -1.55], "size": [3.1, 1, 3.1], "uv": [0, 124], "inflate": -0.4},
					{"origin": [-4.97262, 12.40631, -1.55], "size": [3.1, 1, 3.1], "uv": [0, 124], "inflate": -0.4}
				]
			},
			{
				"name": "a2",
				"parent": "armRight",
				"pivot": [2.56413, 17.68321, 0],
				"rotation": [0, 0, -90],
				"cubes": [
					{"origin": [-4.26706, 24.54333, -1.7], "size": [1, 1, 3.4], "uv": [10, 56]}
				]
			},
			{
				"name": "bone5",
				"parent": "a2",
				"pivot": [6.47663, 15.37071, -1.6],
				"cubes": [
					{"origin": [-5.36706, 24.79333, -1.6], "size": [2.75, 1, 1], "uv": [58, 62]},
					{"origin": [-6.61706, 24.79333, -1.6], "size": [4.5, 1, 1], "uv": [71, 43], "inflate": -0.1},
					{"origin": [-8.81706, 24.54333, -1.6], "size": [2.75, 1.5, 1], "uv": [0, 58], "inflate": -0.4},
					{"origin": [-9.01706, 24.54333, -1.6], "size": [1, 1.4, 1], "uv": [77, 10], "inflate": -0.4},
					{"origin": [-9.21706, 24.54333, -1.6], "size": [1, 1.3, 1], "uv": [77, 2], "inflate": -0.4},
					{"origin": [-9.41706, 24.54333, -1.6], "size": [1, 1.2, 1], "uv": [72, 77], "inflate": -0.4},
					{"origin": [-9.61706, 24.54333, -1.6], "size": [1, 1.1, 1], "uv": [48, 77], "inflate": -0.4}
				]
			},
			{
				"name": "bone6",
				"parent": "a2",
				"pivot": [6.47663, 15.37071, -0.5],
				"cubes": [
					{"origin": [-5.36706, 24.79333, -0.5], "size": [2.75, 1, 1], "uv": [25, 57]},
					{"origin": [-6.61706, 24.79333, -0.5], "size": [4.5, 1, 1], "uv": [70, 66], "inflate": -0.1},
					{"origin": [-8.81706, 24.54333, -0.5], "size": [2.75, 1.5, 1], "uv": [0, 56], "inflate": -0.4},
					{"origin": [-9.01706, 24.54333, -0.5], "size": [1, 1.4, 1], "uv": [44, 77], "inflate": -0.4},
					{"origin": [-9.21706, 24.54333, -0.5], "size": [1, 1.3, 1], "uv": [40, 77], "inflate": -0.4},
					{"origin": [-9.41706, 24.54333, -0.5], "size": [1, 1.2, 1], "uv": [36, 77], "inflate": -0.4},
					{"origin": [-9.61706, 24.54333, -0.5], "size": [1, 1.1, 1], "uv": [20, 77], "inflate": -0.4}
				]
			},
			{
				"name": "bone7",
				"parent": "a2",
				"pivot": [6.47663, 15.37071, 0.6],
				"cubes": [
					{"origin": [-5.36706, 24.79333, 0.6], "size": [2.75, 1, 1], "uv": [0, 54]},
					{"origin": [-6.61706, 24.79333, 0.6], "size": [4.5, 1, 1], "uv": [70, 34], "inflate": -0.1},
					{"origin": [-8.81706, 24.54333, 0.6], "size": [2.75, 1.5, 1], "uv": [47, 3], "inflate": -0.4},
					{"origin": [-9.01706, 24.54333, 0.6], "size": [1, 1.4, 1], "uv": [16, 77], "inflate": -0.4},
					{"origin": [-9.21706, 24.54333, 0.6], "size": [1, 1.3, 1], "uv": [76, 74], "inflate": -0.4},
					{"origin": [-9.41706, 24.54333, 0.6], "size": [1, 1.2, 1], "uv": [76, 26], "inflate": -0.4},
					{"origin": [-9.61706, 24.54333, 0.6], "size": [1, 1.1, 1], "uv": [76, 24], "inflate": -0.4}
				]
			},
			{
				"name": "body",
				"pivot": [0, 10.5, 0],
				"cubes": [
					{"origin": [-3, 12.999, -3], "size": [6, 6, 6], "uv": [0, 42]},
					{"origin": [-3.5, 8.999, -2.5], "size": [7, 2, 5], "uv": [46, 9]},
					{"origin": [-3, 10.999, -3], "size": [6, 2, 6], "uv": [47, 0]}
				]
			},
			{
				"name": "clothes",
				"parent": "body",
				"pivot": [0, 10.5, 0]
			},
			{
				"name": "clothes2",
				"parent": "clothes",
				"pivot": [0, 10.5, 0],
				"cubes": [
					{"origin": [-1.25, 16, -3.099], "size": [2.5, 1.75, 6.198], "uv": [61, 39]},
					{"origin": [-3.05, 12.95, -3.101], "size": [6.1, 4.25, 6.202], "uv": [24, 47]},
					{"origin": [-3.15, 13.45, -3.201], "size": [6.3, 2.25, 6.402], "uv": [48, 48]},
					{"origin": [-3.4, 14.05, -3.451], "size": [6.8, 1, 6.902], "uv": [47, 18], "inflate": -0.2}
				]
			},
			{
				"name": "bone38",
				"parent": "clothes2",
				"pivot": [1.65, 16.5, 0],
				"rotation": [0, 0, 55],
				"cubes": [
					{"origin": [-0.41915, 15.82358, -3.1], "size": [2.3, 2.25, 6.2], "uv": [58, 58]}
				]
			},
			{
				"name": "bone39",
				"parent": "clothes2",
				"pivot": [-1.65, 16.5, 0],
				"rotation": [0, 0, -55],
				"cubes": [
					{"origin": [-1.88085, 15.82358, -3.1], "size": [2.3, 2.25, 6.2], "uv": [57, 25]}
				]
			},
			{
				"name": "clothes3",
				"parent": "clothes",
				"pivot": [0, 11.25, 0],
				"cubes": [
					{"origin": [-1.25, 8, -3.151], "size": [2.5, 6.25, 6.302], "uv": [84, 24]}
				]
			},
			{
				"name": "bone40",
				"parent": "clothes3",
				"pivot": [-1.75, 11.75, 0],
				"rotation": [0, 0, 15],
				"cubes": [
					{"origin": [-3.50882, 8.21593, -3.15], "size": [2.5, 6, 6.3], "uv": [112, 21]}
				]
			},
			{
				"name": "bone41",
				"parent": "clothes3",
				"pivot": [1.75, 11.75, 0],
				"rotation": [0, 0, -15],
				"cubes": [
					{"origin": [1.00882, 8.21593, -3.15], "size": [2.5, 6, 6.3], "uv": [112, 42]}
				]
			},
			{
				"name": "bone42",
				"parent": "clothes3",
				"pivot": [0, 8.25, -3.55],
				"rotation": [-5, 0, 0],
				"cubes": [
					{"origin": [-1.9, 6.24619, -4.03716], "size": [3.8, 8, 0.8], "uv": [0, 84], "inflate": -0.4}
				]
			},
			{
				"name": "bone43",
				"parent": "clothes3",
				"pivot": [0, 8.25, 3.55],
				"rotation": [5, 0, 0],
				"cubes": [
					{"origin": [-1.9, 6.24619, 3.23716], "size": [3.8, 8, 0.8], "uv": [0, 84], "inflate": -0.4}
				]
			},
			{
				"name": "clothes4",
				"parent": "clothes",
				"pivot": [0, 10.5, 0]
			},
			{
				"name": "bone44",
				"parent": "clothes4",
				"pivot": [-1.9, 15, 3],
				"rotation": [0, 0, -37],
				"cubes": [
					{"origin": [-2.79818, 15.29864, 2.5], "size": [6.75, 1, 1], "uv": [61, 37], "inflate": -0.3}
				]
			},
			{
				"name": "bone45",
				"parent": "clothes4",
				"pivot": [1.9, 15, 3],
				"rotation": [0, 0, 37],
				"cubes": [
					{"origin": [-3.95182, 15.29864, 2.5], "size": [6.75, 1, 1], "uv": [10, 54], "inflate": -0.3}
				]
			},
			{
				"name": "bone46",
				"parent": "clothes4",
				"pivot": [0, 4.51667, -1.91667],
				"rotation": [-5, 0, 0],
				"cubes": [
					{"origin": [-0.5, 13.84619, -4.83716], "size": [1, 1, 1], "uv": [75, 76]}
				]
			},
			{
				"name": "bone47",
				"parent": "bone46",
				"pivot": [-1.05, 6.35, -2.4],
				"rotation": [-10, 0, 10],
				"cubes": [
					{"origin": [-1.97299, 12.05102, -5.90619], "size": [1, 2, 1], "uv": [33, 73], "inflate": -0.1}
				]
			},
			{
				"name": "bone48",
				"parent": "bone47",
				"pivot": [-0.9, 11.2, -4.75],
				"rotation": [-5, 0, 10],
				"cubes": [
					{"origin": [-2.1355, 10.18076, -5.98423], "size": [1, 2, 1], "uv": [59, 25], "inflate": -0.1}
				]
			},
			{
				"name": "bone49",
				"parent": "bone48",
				"pivot": [-0.90151, 9.41281, -5.50169],
				"rotation": [10, 0, 10],
				"cubes": [
					{"origin": [-2.28485, 7.50659, -5.80249], "size": [1, 2.9, 1], "uv": [15, 56], "inflate": -0.1},
					{"origin": [-2.53485, 8.00659, -6.05249], "size": [1.5, 1, 1.5], "uv": [69, 76], "inflate": -0.1}
				]
			},
			{
				"name": "bone50",
				"parent": "bone46",
				"pivot": [2.925, 6.35, -3.075],
				"rotation": [-10, 0, -12],
				"cubes": [
					{"origin": [1.25928, 12.50676, -6.14839], "size": [1, 2, 1], "uv": [50, 47], "inflate": -0.1}
				]
			},
			{
				"name": "bone51",
				"parent": "bone50",
				"pivot": [2.5, 11.7, -5],
				"rotation": [-5, 0, 10],
				"cubes": [
					{"origin": [1.107, 10.609, -6.22011], "size": [1, 2, 1], "uv": [42, 47], "inflate": -0.1}
				]
			},
			{
				"name": "bone52",
				"parent": "bone51",
				"pivot": [2.49849, 9.91281, -5.75169],
				"rotation": [10, 0, 10],
				"cubes": [
					{"origin": [0.9725, 7.90761, -6.05562], "size": [1, 2.9, 1], "uv": [46, 9], "inflate": -0.1},
					{"origin": [0.7225, 8.40761, -6.30562], "size": [1.5, 1, 1.5], "uv": [65, 76], "inflate": -0.1}
				]
			},
			{
				"name": "clothes5",
				"parent": "clothes",
				"pivot": [0.25, 10, 4],
				"rotation": [-20, 0, 4],
				"cubes": [
					{"origin": [-4.31976, 10.4374, 3.15881], "size": [9, 1, 1], "uv": [52, 56]},
					{"origin": [3.18024, 10.3374, 3.05881], "size": [1, 1.2, 1.2], "uv": [61, 76]},
					{"origin": [-0.31976, 10.3374, 3.05881], "size": [1, 1.2, 1.2], "uv": [74, 64]},
					{"origin": [-3.81976, 10.3374, 3.05881], "size": [1, 1.2, 1.2], "uv": [57, 76]}
				]
			},
			{
				"name": "chest",
				"parent": "body",
				"pivot": [0, 11.8, -3],
				"rotation": [-20, 0, 0],
				"cubes": [
					{"origin": [-2.5, 15.55877, -5.36808], "size": [5, 1, 1], "uv": [68, 62]}
				]
			},
			{
				"name": "bone85",
				"parent": "chest",
				"pivot": [-0.5, -3.7, -0.5],
				"rotation": [-20, 0, 0],
				"cubes": [
					{"origin": [-2.5, 13.67203, -12.00342], "size": [5, 1, 1], "uv": [56, 46]}
				]
			},
			{
				"name": "bone86",
				"parent": "chest",
				"pivot": [0, 14.65, -5.05],
				"rotation": [-20, 0, 0],
				"cubes": [
					{"origin": [-2.5, 15.40124, -5.65659], "size": [5, 1, 1.25], "uv": [53, 16]}
				]
			},
			{
				"name": "bone61",
				"parent": "chest",
				"pivot": [0, 16.89137, -5.2353],
				"rotation": [-20, 0, 0],
				"cubes": [
					{"origin": [-0.5, 16.04137, -5.7353], "size": [1, 1.85, 1], "uv": [26, 69], "inflate": -0.4},
					{"origin": [-0.75, 16.29137, -5.7353], "size": [1.5, 1, 1], "uv": [46, 12], "inflate": -0.4}
				]
			},
			{
				"name": "bone62",
				"parent": "bone61",
				"pivot": [0.1, 16.44137, -5.3353],
				"rotation": [17, 0, 30],
				"cubes": [
					{"origin": [-0.5, 15.04137, -5.7353], "size": [1, 1.8, 1], "uv": [62, 66], "inflate": -0.4},
					{"origin": [-0.75, 15.29137, -5.7353], "size": [1.5, 1, 1], "uv": [37, 57], "inflate": -0.4}
				]
			},
			{
				"name": "hulu",
				"parent": "body",
				"pivot": [-1.5, 0, -0.75],
				"rotation": [10, 15, 15]
			},
			{
				"name": "bone53",
				"parent": "hulu",
				"pivot": [-2, 10.25, -0.75],
				"cubes": [
					{"origin": [-4.25, 11.21288, 5.35176], "size": [2, 2, 2], "uv": [0, 37]},
					{"origin": [-4, 10.96288, 5.60176], "size": [1.5, 2.5, 1.5], "uv": [27, 42]},
					{"origin": [-4, 11.46288, 5.10176], "size": [1.5, 1.5, 2.5], "uv": [47, 0]},
					{"origin": [-4.5, 11.46288, 5.60176], "size": [2.5, 1.5, 1.5], "uv": [18, 46]},
					{"origin": [-4.25, 11.71288, 5.85176], "size": [2.6, 1, 1], "uv": [23, 39], "inflate": -0.1},
					{"origin": [-4.25, 11.71288, 5.85176], "size": [3.5, 1, 1], "uv": [0, 6], "inflate": -0.2}
				]
			},
			{
				"name": "bone54",
				"parent": "hulu",
				"pivot": [-1.75, 10.25, -0.75],
				"cubes": [
					{"origin": [-8, 10.71288, 4.85176], "size": [3, 3, 3], "uv": [50, 25]},
					{"origin": [-8.25, 10.96288, 5.10176], "size": [3.5, 2.5, 2.5], "uv": [71, 39]},
					{"origin": [-8.5, 11.21288, 5.35176], "size": [4, 2, 2], "uv": [16, 69]},
					{"origin": [-7.5, 11.21288, 4.35176], "size": [2, 2, 4], "uv": [42, 47]},
					{"origin": [-7.5, 10.21288, 5.35176], "size": [2, 4, 2], "uv": [0, 0]},
					{"origin": [-7.75, 10.96288, 4.60176], "size": [2.5, 2.5, 3.5], "uv": [46, 69]},
					{"origin": [-7.75, 10.46288, 5.10176], "size": [2.5, 3.5, 2.5], "uv": [0, 32]}
				]
			},
			{
				"name": "legLeft",
				"pivot": [2, 9, 0],
				"cubes": [
					{"origin": [0.499, 1, -1.5], "size": [3, 9, 3], "uv": [28, 57]},
					{"origin": [0.249, 0, -1.75], "size": [3.5, 1, 3.5], "uv": [68, 58]}
				]
			},
			{
				"name": "bone55",
				"parent": "legLeft",
				"pivot": [0, 3.25, 0],
				"cubes": [
					{"origin": [0.149, 3.25, -1.85], "size": [3.7, 1, 3.7], "uv": [34, 85], "inflate": -0.3},
					{"origin": [0.149, 1, -1.85], "size": [3.7, 1, 3.7], "uv": [48, 94], "inflate": -0.3}
				]
			},
			{
				"name": "bone56",
				"parent": "bone55",
				"pivot": [1.999, 3, 0],
				"rotation": [0, 0, 10],
				"cubes": [
					{"origin": [0.099, 2.5, -1.85], "size": [3.8, 1, 3.7], "uv": [55, 83], "inflate": -0.3}
				]
			},
			{
				"name": "bone57",
				"parent": "bone55",
				"pivot": [1.999, 2, 0],
				"rotation": [0, 0, -10],
				"cubes": [
					{"origin": [0.099, 1.5, -1.851], "size": [3.8, 1, 3.702], "uv": [31, 95], "inflate": -0.3}
				]
			},
			{
				"name": "legRight",
				"pivot": [-2, 9, 0],
				"cubes": [
					{"origin": [-3.499, 1, -1.5], "size": [3, 9, 3], "uv": [16, 57]},
					{"origin": [-3.749, 0, -1.75], "size": [3.5, 1, 3.5], "uv": [65, 8]}
				]
			},
			{
				"name": "bone58",
				"parent": "legRight",
				"pivot": [0, 3.25, 0],
				"cubes": [
					{"origin": [-3.849, 3.25, -1.85], "size": [3.7, 1, 3.7], "uv": [91, 39], "inflate": -0.3},
					{"origin": [-3.849, 1, -1.85], "size": [3.7, 1, 3.7], "uv": [21, 84], "inflate": -0.3}
				]
			},
			{
				"name": "bone59",
				"parent": "bone58",
				"pivot": [-1.999, 3, 0],
				"rotation": [0, 0, -10],
				"cubes": [
					{"origin": [-3.899, 2.5, -1.85], "size": [3.8, 1, 3.7], "uv": [87, 54], "inflate": -0.3}
				]
			},
			{
				"name": "bone60",
				"parent": "bone58",
				"pivot": [-1.999, 2, 0],
				"rotation": [0, 0, 10],
				"cubes": [
					{"origin": [-3.899, 1.5, -1.851], "size": [3.8, 1, 3.702], "uv": [87, 67], "inflate": -0.3}
				]
			}
		]
	}
}