{
	"format_version": "1.10.0",
	"geometry.model": {
		"texturewidth": 128,
		"textureheight": 128,
		"visible_bounds_width": 3,
		"visible_bounds_height": 2,
		"visible_bounds_offset": [0, 0, 0],
		"bones": [
			{
				"name": "head",
				"pivot": [0, 18, 0],
				"cubes": [
					{"origin": [-3.5, 18, -3.5], "size": [7, 7, 7], "uv": [0, 0]}
				]
			},
			{
				"name": "head2",
				"parent": "head",
				"pivot": [0, 0, -0.5],
				"cubes": [
					{"origin": [-4, 18.5, -3], "size": [8, 6, 6], "uv": [0, 14]},
					{"origin": [-3, 18.5, -3], "size": [6, 6, 7], "uv": [21, 21]},
					{"origin": [-3, 18.5, -3], "size": [6, 7, 6], "uv": [0, 28]}
				]
			},
			{
				"name": "blink",
				"parent": "head",
				"pivot": [0, 18, 0.5],
				"cubes": [
					{"origin": [-3.5, 18, -3.501], "size": [7, 7, 0], "uv": [59, 48]}
				]
			},
			{
				"name": "hair",
				"parent": "head",
				"pivot": [0, 18, 0]
			},
			{
				"name": "hair2",
				"parent": "hair",
				"pivot": [-2.25, 24, -3.25],
				"rotation": [-15, 0, 30],
				"cubes": [
					{"origin": [-2.75, 22.5, -3.75], "size": [1, 2.3, 1], "uv": [73, 0]}
				]
			},
			{
				"name": "bone",
				"parent": "hair2",
				"pivot": [-2.75, 22.5, -3.75],
				"rotation": [10, 0, -15],
				"cubes": [
					{"origin": [-2.75, 20.5, -3.75], "size": [1, 2, 1], "uv": [73, 0]}
				]
			},
			{
				"name": "bone2",
				"parent": "bone",
				"pivot": [-2.75, 20.5, -3.75],
				"rotation": [5, 0, -15],
				"cubes": [
					{"origin": [-2.75, 18.5, -3.75], "size": [1, 2, 1], "uv": [73, 0]}
				]
			},
			{
				"name": "bone3",
				"parent": "bone2",
				"pivot": [-2.75, 18.5, -3.75],
				"rotation": [5, 0, -15],
				"cubes": [
					{"origin": [-2.75, 16.5, -3.75], "size": [1, 2, 1], "uv": [73, 0]}
				]
			},
			{
				"name": "hair3",
				"parent": "hair",
				"pivot": [-1, 24.25, -2.95],
				"rotation": [-15, 5, 42],
				"cubes": [
					{"origin": [-1.5, 22.75, -3.45], "size": [1, 1.6, 1], "uv": [73, 0]}
				]
			},
			{
				"name": "bone4",
				"parent": "hair3",
				"pivot": [-1.5, 22.75, -3.45],
				"rotation": [10, 0, -15],
				"cubes": [
					{"origin": [-1.5, 20.75, -3.45], "size": [1, 2, 1], "uv": [73, 0]}
				]
			},
			{
				"name": "bone5",
				"parent": "bone4",
				"pivot": [-1.5, 20.75, -3.45],
				"rotation": [5, 0, -15],
				"cubes": [
					{"origin": [-1.5, 18.75, -3.45], "size": [1, 2, 1], "uv": [73, 0]}
				]
			},
			{
				"name": "bone6",
				"parent": "bone5",
				"pivot": [-1.5, 18.75, -3.45],
				"rotation": [5, 0, -15],
				"cubes": [
					{"origin": [-1.5, 16.75, -3.45], "size": [1, 2, 1], "uv": [73, 0]}
				]
			},
			{
				"name": "hair4",
				"parent": "hair",
				"pivot": [2.25, 24, -3.25],
				"rotation": [-15, 0, -30],
				"cubes": [
					{"origin": [1.75, 22.5, -3.75], "size": [1, 2.3, 1], "uv": [73, 0]}
				]
			},
			{
				"name": "bone7",
				"parent": "hair4",
				"pivot": [2.75, 22.5, -3.75],
				"rotation": [10, 0, 15],
				"cubes": [
					{"origin": [1.75, 20.5, -3.75], "size": [1, 2, 1], "uv": [73, 0]}
				]
			},
			{
				"name": "bone8",
				"parent": "bone7",
				"pivot": [2.75, 20.5, -3.75],
				"rotation": [5, 0, 15],
				"cubes": [
					{"origin": [1.75, 18.5, -3.75], "size": [1, 2, 1], "uv": [73, 0]}
				]
			},
			{
				"name": "bone9",
				"parent": "bone8",
				"pivot": [2.75, 18.5, -3.75],
				"rotation": [5, 0, 15],
				"cubes": [
					{"origin": [1.75, 16.5, -3.75], "size": [1, 2, 1], "uv": [73, 0]}
				]
			},
			{
				"name": "hair5",
				"parent": "hair",
				"pivot": [1, 24.25, -2.95],
				"rotation": [-15, -5, -42],
				"cubes": [
					{"origin": [0.5, 22.75, -3.45], "size": [1, 1.6, 1], "uv": [73, 0]}
				]
			},
			{
				"name": "bone10",
				"parent": "hair5",
				"pivot": [1.5, 22.75, -3.45],
				"rotation": [10, 0, 15],
				"cubes": [
					{"origin": [0.5, 20.75, -3.45], "size": [1, 2, 1], "uv": [73, 0]}
				]
			},
			{
				"name": "bone11",
				"parent": "bone10",
				"pivot": [1.5, 20.75, -3.45],
				"rotation": [5, 0, 15],
				"cubes": [
					{"origin": [0.5, 18.75, -3.45], "size": [1, 2, 1], "uv": [73, 0]}
				]
			},
			{
				"name": "bone12",
				"parent": "bone11",
				"pivot": [1.5, 18.75, -3.45],
				"rotation": [5, 0, 15],
				"cubes": [
					{"origin": [0.5, 16.75, -3.45], "size": [1, 2, 1], "uv": [73, 0]}
				]
			},
			{
				"name": "hair6",
				"parent": "hair",
				"pivot": [0, 18.75, 1.5],
				"rotation": [15, 0, 0],
				"cubes": [
					{"origin": [-1, 26, -2], "size": [2, 1, 2], "uv": [79, 0], "inflate": -0.3},
					{"origin": [-0.5, 25.65, -1.5], "size": [1, 3.25, 1], "uv": [73, 0]}
				]
			},
			{
				"name": "bone13",
				"parent": "hair6",
				"pivot": [-0.5, 26.65, -1],
				"rotation": [-10, 0, -20],
				"cubes": [
					{"origin": [-0.5, 25.65, -1.5], "size": [1, 2.75, 1], "uv": [73, 0]}
				]
			},
			{
				"name": "bone14",
				"parent": "hair6",
				"pivot": [0.5, 26.65, -1],
				"rotation": [-10, 0, 20],
				"cubes": [
					{"origin": [-0.5, 25.65, -1.5], "size": [1, 2.75, 1], "uv": [73, 0]}
				]
			},
			{
				"name": "bone15",
				"parent": "hair6",
				"pivot": [-0.1, 26.35, -1.55],
				"rotation": [50, 0, 25],
				"cubes": [
					{"origin": [-0.6, 25.85, -2.9], "size": [1, 1, 1.75], "uv": [81, 0], "inflate": -0.4}
				]
			},
			{
				"name": "bone16",
				"parent": "bone15",
				"pivot": [-0.2, 26.35, -2.5],
				"rotation": [20, -10, 0],
				"cubes": [
					{"origin": [-0.6, 25.85, -3.9], "size": [1, 1, 1.8], "uv": [81, 0], "inflate": -0.4}
				]
			},
			{
				"name": "bone17",
				"parent": "bone16",
				"pivot": [-0.1, 26.35, -3.6],
				"rotation": [5, 45, -20],
				"cubes": [
					{"origin": [-0.6, 25.85, -4.1], "size": [1, 1, 1], "uv": [73, 4], "inflate": -0.2}
				]
			},
			{
				"name": "bone18",
				"parent": "hair6",
				"pivot": [0.1, 26.35, -1.55],
				"rotation": [50, 0, -25],
				"cubes": [
					{"origin": [-0.4, 25.85, -2.9], "size": [1, 1, 1.75], "uv": [81, 0], "inflate": -0.4}
				]
			},
			{
				"name": "bone19",
				"parent": "bone18",
				"pivot": [0.2, 26.35, -2.5],
				"rotation": [20, 10, 0],
				"cubes": [
					{"origin": [-0.4, 25.85, -3.9], "size": [1, 1, 1.8], "uv": [81, 0], "inflate": -0.4}
				]
			},
			{
				"name": "bone20",
				"parent": "bone19",
				"pivot": [0.1, 26.35, -3.6],
				"rotation": [5, -45, 20],
				"cubes": [
					{"origin": [-0.4, 25.85, -4.1], "size": [1, 1, 1], "uv": [73, 4], "inflate": -0.2}
				]
			},
			{
				"name": "ear",
				"parent": "head",
				"pivot": [0, 18, 0]
			},
			{
				"name": "bone29",
				"parent": "ear",
				"pivot": [6.55, 21.95, -0.15],
				"rotation": [10, 15, -65],
				"cubes": [
					{"origin": [5.71773, 30.42765, -0.02325], "size": [1, 3, 1], "uv": [73, 8]},
					{"origin": [3.76773, 30.42765, 0.07675], "size": [2.05, 1.9, 0.9], "uv": [73, 8]},
					{"origin": [4.06773, 32.32765, 0.07675], "size": [1.85, 1.25, 0.9], "uv": [73, 8]},
					{"origin": [4.56773, 33.57765, 0.07675], "size": [1.35, 0.5, 0.9], "uv": [73, 8]}
				]
			},
			{
				"name": "bone30",
				"parent": "bone29",
				"pivot": [6.55, 32.45, -0.15],
				"rotation": [0, 0, -15],
				"cubes": [
					{"origin": [5.96505, 33.35093, -0.02325], "size": [1, 2, 1], "uv": [73, 8]}
				]
			},
			{
				"name": "bone23",
				"parent": "bone30",
				"pivot": [5.97478, 35.31991, 0.50127],
				"rotation": [0, 0, 55],
				"cubes": [
					{"origin": [5.97478, 32.31991, 0.00127], "size": [1, 3, 1], "uv": [73, 8]}
				]
			},
			{
				"name": "bone24",
				"parent": "bone23",
				"pivot": [5.97478, 32.31991, 0.50127],
				"rotation": [0, 0, -20],
				"cubes": [
					{"origin": [5.97478, 30.31991, 0.00127], "size": [1, 2, 1], "uv": [73, 8]}
				]
			},
			{
				"name": "bone32",
				"parent": "bone29",
				"pivot": [5.4125, 34.2, 0.85],
				"rotation": [-10, 0, 0],
				"cubes": [
					{"origin": [5.71773, 30.43481, -0.19494], "size": [1, 3, 1], "uv": [73, 8]},
					{"origin": [3.76773, 30.43481, -0.09494], "size": [2.05, 1.9, 0.9], "uv": [89, 0]},
					{"origin": [4.06773, 32.33481, -0.09494], "size": [1.85, 1, 0.9], "uv": [89, 0]},
					{"origin": [4.81773, 33.33481, -0.09494], "size": [1.1, 0.75, 0.9], "uv": [89, 0]}
				]
			},
			{
				"name": "bone33",
				"parent": "bone32",
				"pivot": [6.55, 32.45, -0.15],
				"rotation": [0, 0, -15],
				"cubes": [
					{"origin": [5.9669, 33.35784, -0.19494], "size": [1, 2, 1], "uv": [73, 8]}
				]
			},
			{
				"name": "bone41",
				"parent": "bone33",
				"pivot": [6.55, 34.45, -0.15],
				"rotation": [0, 0, -45],
				"cubes": [
					{"origin": [6.77973, 34.79714, -0.19494], "size": [0.707, 0.707, 1], "uv": [73, 8]}
				]
			},
			{
				"name": "bone21",
				"parent": "bone33",
				"pivot": [5.9669, 35.35784, 0.30506],
				"rotation": [0, 0, 55],
				"cubes": [
					{"origin": [5.9669, 32.35784, -0.19494], "size": [1, 3, 1], "uv": [73, 8]}
				]
			},
			{
				"name": "bone22",
				"parent": "bone21",
				"pivot": [5.9669, 32.35784, 0.30506],
				"rotation": [0, 0, -20],
				"cubes": [
					{"origin": [5.9669, 30.35784, -0.19494], "size": [1, 2, 1], "uv": [73, 8]}
				]
			},
			{
				"name": "bone25",
				"parent": "ear",
				"pivot": [-6.55, 21.95, -0.15],
				"rotation": [10, -15, 65],
				"cubes": [
					{"origin": [-6.71773, 30.42765, -0.02325], "size": [1, 3, 1], "uv": [73, 8]},
					{"origin": [-5.81773, 30.42765, 0.07675], "size": [2.05, 1.9, 0.9], "uv": [73, 8]},
					{"origin": [-5.91773, 32.32765, 0.07675], "size": [1.85, 1.25, 0.9], "uv": [73, 8]},
					{"origin": [-5.91773, 33.57765, 0.07675], "size": [1.35, 0.5, 0.9], "uv": [73, 8]}
				]
			},
			{
				"name": "bone26",
				"parent": "bone25",
				"pivot": [-6.55, 32.45, -0.15],
				"rotation": [0, 0, 15],
				"cubes": [
					{"origin": [-6.96505, 33.35093, -0.02325], "size": [1, 2, 1], "uv": [73, 8]}
				]
			},
			{
				"name": "bone27",
				"parent": "bone26",
				"pivot": [-5.97478, 35.31991, 0.50127],
				"rotation": [0, 0, -55],
				"cubes": [
					{"origin": [-6.97478, 32.31991, 0.00127], "size": [1, 3, 1], "uv": [73, 8]}
				]
			},
			{
				"name": "bone28",
				"parent": "bone27",
				"pivot": [-5.97478, 32.31991, 0.50127],
				"rotation": [0, 0, 20],
				"cubes": [
					{"origin": [-6.97478, 30.31991, 0.00127], "size": [1, 2, 1], "uv": [73, 8]}
				]
			},
			{
				"name": "bone31",
				"parent": "bone25",
				"pivot": [-5.4125, 34.2, 0.85],
				"rotation": [-10, 0, 0],
				"cubes": [
					{"origin": [-6.71773, 30.43481, -0.19494], "size": [1, 3, 1], "uv": [73, 8]},
					{"origin": [-5.81773, 30.43481, -0.09494], "size": [2.05, 1.9, 0.9], "uv": [91, 0]},
					{"origin": [-5.91773, 32.33481, -0.09494], "size": [1.85, 1, 0.9], "uv": [90, 0]},
					{"origin": [-5.91773, 33.33481, -0.09494], "size": [1.1, 0.75, 0.9], "uv": [90, 0]}
				]
			},
			{
				"name": "bone34",
				"parent": "bone31",
				"pivot": [-6.55, 32.45, -0.15],
				"rotation": [0, 0, 15],
				"cubes": [
					{"origin": [-6.9669, 33.35784, -0.19494], "size": [1, 2, 1], "uv": [73, 8]}
				]
			},
			{
				"name": "bone35",
				"parent": "bone34",
				"pivot": [-6.55, 34.45, -0.15],
				"rotation": [0, 0, 45],
				"cubes": [
					{"origin": [-7.48673, 34.79714, -0.19494], "size": [0.707, 0.707, 1], "uv": [73, 8]}
				]
			},
			{
				"name": "bone36",
				"parent": "bone34",
				"pivot": [-5.9669, 35.35784, 0.30506],
				"rotation": [0, 0, -55],
				"cubes": [
					{"origin": [-6.9669, 32.35784, -0.19494], "size": [1, 3, 1], "uv": [73, 8]}
				]
			},
			{
				"name": "bone37",
				"parent": "bone36",
				"pivot": [-5.9669, 32.35784, 0.30506],
				"rotation": [0, 0, 20],
				"cubes": [
					{"origin": [-6.9669, 30.35784, -0.19494], "size": [1, 2, 1], "uv": [73, 8]}
				]
			},
			{
				"name": "hat",
				"parent": "head",
				"pivot": [0, 18, 0],
				"cubes": [
					{"origin": [-2.5, 25.5, -2.75], "size": [5, 1, 5.5], "uv": [42, 29]},
					{"origin": [-3, 26, -3.251], "size": [6, 3, 6.502], "uv": [24, 34]}
				]
			},
			{
				"name": "bone38",
				"parent": "hat",
				"pivot": [-3, 26, 0],
				"rotation": [0, 0, -15],
				"cubes": [
					{"origin": [-3, 26, -3.25], "size": [3.75, 3, 6.5], "uv": [0, 41]}
				]
			},
			{
				"name": "bone39",
				"parent": "hat",
				"pivot": [3, 26, 0],
				"rotation": [0, 0, 15],
				"cubes": [
					{"origin": [-0.75, 26, -3.25], "size": [3.75, 3, 6.5], "uv": [40, 14]}
				]
			},
			{
				"name": "bone40",
				"parent": "hat",
				"pivot": [0, 18, -0.5],
				"cubes": [
					{"origin": [-1, 29, -0.5], "size": [2, 1, 1], "uv": [0, 18]}
				]
			},
			{
				"name": "bone42",
				"parent": "bone40",
				"pivot": [-1, 30, 0],
				"rotation": [0, 0, -15],
				"cubes": [
					{"origin": [-4.25, 26.5, -0.5], "size": [3.25, 3.5, 1], "uv": [66, 55]}
				]
			},
			{
				"name": "bone43",
				"parent": "bone40",
				"pivot": [1, 30, 0],
				"rotation": [0, 0, 15],
				"cubes": [
					{"origin": [1, 26.5, -0.5], "size": [3.25, 3.5, 1], "uv": [66, 28]}
				]
			},
			{
				"name": "armRight",
				"pivot": [-2, 17.5, 0],
				"rotation": [0, 0, 25],
				"cubes": [
					{"origin": [-4, 8.5, -1], "size": [2, 8, 2], "uv": [60, 18]},
					{"origin": [-4.5, 9.5, -1.5], "size": [3, 4, 3], "uv": [48, 60]},
					{"origin": [-4.25, 9.5, -1.25], "size": [2.5, 5.5, 2.5], "uv": [62, 7]}
				]
			},
			{
				"name": "bone44",
				"parent": "armRight",
				"pivot": [-4.45315, 13.3382, 0.08047],
				"rotation": [45, 0, 0],
				"cubes": [
					{"origin": [-4.95315, 12.5882, -0.66953], "size": [1, 1.5, 1.5], "uv": [12, 70], "inflate": -0.3}
				]
			},
			{
				"name": "bone45",
				"parent": "bone44",
				"pivot": [-4.45315, 13.3382, 0.08047],
				"rotation": [45, 0, 0],
				"cubes": [
					{"origin": [-4.95315, 12.5882, -0.66953], "size": [1, 1.5, 1.5], "uv": [8, 70], "inflate": -0.3},
					{"origin": [-5.20315, 12.7882, -0.46953], "size": [1, 1.1, 1.1], "uv": [4, 70], "inflate": -0.4}
				]
			},
			{
				"name": "armLeft",
				"pivot": [2, 17.5, 0],
				"rotation": [0, 0, -25],
				"cubes": [
					{"origin": [2, 8.5, -1], "size": [2, 8, 2], "uv": [26, 60]},
					{"origin": [1.5, 9.5, -1.5], "size": [3, 4, 3], "uv": [14, 60]},
					{"origin": [1.75, 9.5, -1.25], "size": [2.5, 5.5, 2.5], "uv": [61, 33]}
				]
			},
			{
				"name": "bone46",
				"parent": "armLeft",
				"pivot": [4.45315, 13.3382, 0.08047],
				"rotation": [45, 0, 0],
				"cubes": [
					{"origin": [3.95315, 12.5882, -0.66953], "size": [1, 1.5, 1.5], "uv": [0, 70], "inflate": -0.3}
				]
			},
			{
				"name": "bone47",
				"parent": "bone46",
				"pivot": [4.45315, 13.3382, 0.08047],
				"rotation": [45, 0, 0],
				"cubes": [
					{"origin": [3.95315, 12.5882, -0.66953], "size": [1, 1.5, 1.5], "uv": [69, 61], "inflate": -0.3},
					{"origin": [4.20315, 12.7882, -0.46953], "size": [1, 1.1, 1.1], "uv": [69, 45], "inflate": -0.4}
				]
			},
			{
				"name": "body",
				"pivot": [0, 10.5, 0],
				"cubes": [
					{"origin": [-3, 8.999, -2.5], "size": [6, 9, 5], "uv": [28, 0]}
				]
			},
			{
				"name": "clothes",
				"parent": "body",
				"pivot": [0, 10.5, 0]
			},
			{
				"name": "clothes2",
				"parent": "clothes",
				"pivot": [0, 10.5, 0]
			},
			{
				"name": "bone48",
				"parent": "clothes2",
				"pivot": [-2, 17.25, 0],
				"rotation": [0, 0, 30],
				"cubes": [
					{"origin": [-3.5, 16.25, -2.75], "size": [4, 1.75, 5.5], "uv": [48, 35]}
				]
			},
			{
				"name": "bone49",
				"parent": "bone48",
				"pivot": [0.5, 18, -2.75],
				"rotation": [0, 0, 20],
				"cubes": [
					{"origin": [-3.5, 16.25, -2.65], "size": [4, 1.75, 5.3], "uv": [47, 23]}
				]
			},
			{
				"name": "bone65",
				"parent": "bone48",
				"pivot": [-2.43301, 17, 0.3],
				"rotation": [-5, 0, -15],
				"cubes": [
					{"origin": [-0.20096, 12.90192, -2.45], "size": [1, 3.5, 0], "uv": [18, 28]}
				]
			},
			{
				"name": "bone52",
				"parent": "clothes2",
				"pivot": [0, 11, 0.5]
			},
			{
				"name": "bone53",
				"parent": "bone52",
				"pivot": [0, 11, 0.5],
				"cubes": [
					{"origin": [-0.5, 15.25, -3.5], "size": [1, 1.5, 1], "uv": [69, 41], "inflate": -0.2}
				]
			},
			{
				"name": "bone54",
				"parent": "bone53",
				"pivot": [-0.3, 16.55, -3],
				"rotation": [0, 0, -20],
				"cubes": [
					{"origin": [-1.1, 15.25, -3.5], "size": [1, 1.5, 1], "uv": [68, 7], "inflate": -0.2}
				]
			},
			{
				"name": "bone55",
				"parent": "bone53",
				"pivot": [0.3, 16.55, -3],
				"rotation": [0, 0, 20],
				"cubes": [
					{"origin": [0.1, 15.25, -3.5], "size": [1, 1.5, 1], "uv": [57, 61], "inflate": -0.2}
				]
			},
			{
				"name": "bone56",
				"parent": "bone52",
				"pivot": [-4, 15, 0.5],
				"rotation": [0, 0, 90],
				"cubes": [
					{"origin": [-4.5, 19.25, -3.5], "size": [1, 1.5, 1], "uv": [23, 60], "inflate": -0.2}
				]
			},
			{
				"name": "bone57",
				"parent": "bone56",
				"pivot": [-4.3, 20.55, -3],
				"rotation": [0, 0, -20],
				"cubes": [
					{"origin": [-5.1, 19.25, -3.5], "size": [1, 1.5, 1], "uv": [56, 18], "inflate": -0.2}
				]
			},
			{
				"name": "bone58",
				"parent": "bone56",
				"pivot": [-3.7, 20.55, -3],
				"rotation": [0, 0, 20],
				"cubes": [
					{"origin": [-3.9, 19.25, -3.5], "size": [1, 1.5, 1], "uv": [53, 12], "inflate": -0.2}
				]
			},
			{
				"name": "bone59",
				"parent": "bone52",
				"pivot": [4, 15, 0.5],
				"rotation": [0, 0, -90],
				"cubes": [
					{"origin": [3.5, 19.25, -3.5], "size": [1, 1.5, 1], "uv": [52, 18], "inflate": -0.2}
				]
			},
			{
				"name": "bone60",
				"parent": "bone59",
				"pivot": [4.3, 20.55, -3],
				"rotation": [0, 0, 20],
				"cubes": [
					{"origin": [4.1, 19.25, -3.5], "size": [1, 1.5, 1], "uv": [39, 52], "inflate": -0.2}
				]
			},
			{
				"name": "bone61",
				"parent": "bone59",
				"pivot": [3.7, 20.55, -3],
				"rotation": [0, 0, -20],
				"cubes": [
					{"origin": [2.9, 19.25, -3.5], "size": [1, 1.5, 1], "uv": [13, 50], "inflate": -0.2}
				]
			},
			{
				"name": "bone62",
				"parent": "bone52",
				"pivot": [0, 19, 0.5],
				"rotation": [0, 0, -180],
				"cubes": [
					{"origin": [-0.5, 23.25, -3.5], "size": [1, 1.5, 1], "uv": [18, 46], "inflate": -0.2}
				]
			},
			{
				"name": "bone63",
				"parent": "bone62",
				"pivot": [-0.3, 24.55, -3],
				"rotation": [0, 0, -20],
				"cubes": [
					{"origin": [-1.1, 23.25, -3.5], "size": [1, 1.5, 1], "uv": [0, 45], "inflate": -0.2}
				]
			},
			{
				"name": "bone64",
				"parent": "bone62",
				"pivot": [0.3, 24.55, -3],
				"rotation": [0, 0, 20],
				"cubes": [
					{"origin": [0.1, 23.25, -3.5], "size": [1, 1.5, 1], "uv": [22, 26], "inflate": -0.2}
				]
			},
			{
				"name": "bone567",
				"parent": "bone52",
				"pivot": [-3.85, 16.9, -2.4],
				"cubes": [
					{"origin": [-0.27411, 15.22562, -3.3363], "size": [0.5, 0.35, 0.65], "uv": [85, 7]}
				]
			},
			{
				"name": "bone568",
				"parent": "bone567",
				"pivot": [-0.27411, 15.57562, -2.5863],
				"rotation": [0, 0, -45],
				"cubes": [
					{"origin": [-0.77411, 15.22562, -3.3363], "size": [0.5, 0.35, 0.65], "uv": [85, 7]}
				]
			},
			{
				"name": "bone569",
				"parent": "bone568",
				"pivot": [-0.77411, 15.57562, -2.5863],
				"rotation": [0, 0, -45],
				"cubes": [
					{"origin": [-1.27411, 15.22562, -3.3363], "size": [0.5, 0.35, 0.65], "uv": [85, 7]}
				]
			},
			{
				"name": "bone570",
				"parent": "bone569",
				"pivot": [-1.27411, 15.57562, -2.5863],
				"rotation": [0, 0, -45],
				"cubes": [
					{"origin": [-1.77411, 15.22562, -3.3363], "size": [0.5, 0.35, 0.65], "uv": [85, 7]}
				]
			},
			{
				"name": "bone571",
				"parent": "bone570",
				"pivot": [-1.77411, 15.57562, -2.5863],
				"rotation": [0, 0, -45],
				"cubes": [
					{"origin": [-2.27411, 15.22562, -3.3363], "size": [0.5, 0.35, 0.65], "uv": [85, 7]}
				]
			},
			{
				"name": "bone572",
				"parent": "bone571",
				"pivot": [-2.27411, 15.57562, -2.5863],
				"rotation": [0, 0, -45],
				"cubes": [
					{"origin": [-2.77411, 15.22562, -3.3363], "size": [0.5, 0.35, 0.65], "uv": [85, 7]}
				]
			},
			{
				"name": "bone573",
				"parent": "bone572",
				"pivot": [-2.77411, 15.57562, -2.5863],
				"rotation": [0, 0, -45],
				"cubes": [
					{"origin": [-3.27411, 15.22562, -3.3363], "size": [0.5, 0.35, 0.65], "uv": [85, 7]}
				]
			},
			{
				"name": "bone574",
				"parent": "bone573",
				"pivot": [-3.27411, 15.57562, -2.5863],
				"rotation": [0, 0, -45],
				"cubes": [
					{"origin": [-3.77411, 15.22562, -3.3363], "size": [0.5, 0.35, 0.65], "uv": [85, 7]}
				]
			},
			{
				"name": "bone50",
				"parent": "clothes2",
				"pivot": [2, 17.25, 0],
				"rotation": [0, 0, -30],
				"cubes": [
					{"origin": [-0.5, 16.25, -2.75], "size": [4, 1.75, 5.5], "uv": [36, 43]}
				]
			},
			{
				"name": "bone51",
				"parent": "bone50",
				"pivot": [-0.5, 18, -2.75],
				"rotation": [0, 0, -20],
				"cubes": [
					{"origin": [-0.5, 16.25, -2.65], "size": [4, 1.75, 5.3], "uv": [18, 43]}
				]
			},
			{
				"name": "bone66",
				"parent": "bone50",
				"pivot": [2.43301, 17, 0.3],
				"rotation": [-5, 0, 15],
				"cubes": [
					{"origin": [-0.79904, 12.90192, -2.45], "size": [1, 3.5, 0], "uv": [21, 0]}
				]
			},
			{
				"name": "clothes3",
				"parent": "clothes",
				"pivot": [0, 10.5, 0],
				"cubes": [
					{"origin": [-1, 12.5, 1.5], "size": [2, 3, 1.1], "uv": [0, 26]}
				]
			},
			{
				"name": "bone67",
				"parent": "clothes3",
				"pivot": [-1.5, 15, -2.2],
				"rotation": [0, 0, 20],
				"cubes": [
					{"origin": [-2.5, 12.5, -2.7], "size": [2.5, 4, 5.3], "uv": [52, 9]}
				]
			},
			{
				"name": "bone68",
				"parent": "bone67",
				"pivot": [0.5, 12.5, -3],
				"rotation": [0, 0, 15],
				"cubes": [
					{"origin": [-2.5, 8.5, -2.7], "size": [2.5, 4, 5.3], "uv": [50, 51]}
				]
			},
			{
				"name": "bone69",
				"parent": "clothes3",
				"pivot": [-1.25, 13.5, 0],
				"rotation": [0, 0, 15],
				"cubes": [
					{"origin": [-2.5, 12, -2.55], "size": [2.75, 3.5, 5.1], "uv": [0, 59]}
				]
			},
			{
				"name": "bone70",
				"parent": "clothes3",
				"pivot": [1.5, 15, -2.2],
				"rotation": [0, 0, -20],
				"cubes": [
					{"origin": [0, 12.5, -2.7], "size": [2.5, 4, 5.3], "uv": [50, 0]}
				]
			},
			{
				"name": "bone71",
				"parent": "bone70",
				"pivot": [-0.5, 12.5, -3],
				"rotation": [0, 0, -15],
				"cubes": [
					{"origin": [0, 8.5, -2.7], "size": [2.5, 4, 5.3], "uv": [0, 50]}
				]
			},
			{
				"name": "bone72",
				"parent": "clothes3",
				"pivot": [1.25, 13.5, 0],
				"rotation": [0, 0, -15],
				"cubes": [
					{"origin": [-0.25, 12, -2.55], "size": [2.75, 3.5, 5.1], "uv": [34, 56]}
				]
			},
			{
				"name": "bone73",
				"parent": "clothes3",
				"pivot": [0, 13.5, 2.6],
				"rotation": [20, 0, 0],
				"cubes": [
					{"origin": [-2, 9.5, 1.5], "size": [4, 4, 1.1], "uv": [118, 0]}
				]
			},
			{
				"name": "bone74",
				"parent": "bone73",
				"pivot": [2, 9.5, 2.6],
				"rotation": [-4, 25, -10],
				"cubes": [
					{"origin": [2, 9.5, 1.5], "size": [3, 4, 1.1], "uv": [102, 0]}
				]
			},
			{
				"name": "bone75",
				"parent": "bone73",
				"pivot": [-2, 9.5, 2.6],
				"rotation": [-4, -25, 10],
				"cubes": [
					{"origin": [-5, 9.5, 1.5], "size": [3, 4, 1.1], "uv": [120, 9]}
				]
			},
			{
				"name": "clothes4",
				"parent": "clothes",
				"pivot": [0, 10.5, 0]
			},
			{
				"name": "bone76",
				"parent": "clothes4",
				"pivot": [4.65, 6.75, 7.3],
				"rotation": [15, 25, 0]
			},
			{
				"name": "bone77",
				"parent": "bone76",
				"pivot": [4.65, 6.75, 7.3],
				"cubes": [
					{"origin": [4.15, 11, 3.9], "size": [1, 1.5, 0.4], "uv": [42, 36], "inflate": -0.2}
				]
			},
			{
				"name": "bone78",
				"parent": "bone77",
				"pivot": [4.35, 12.3, 3.8],
				"rotation": [0, 0, -20],
				"cubes": [
					{"origin": [3.55, 11, 3.9], "size": [1, 1.5, 0.4], "uv": [42, 35], "inflate": -0.2}
				]
			},
			{
				"name": "bone79",
				"parent": "bone77",
				"pivot": [4.95, 12.3, 3.8],
				"rotation": [0, 0, 20],
				"cubes": [
					{"origin": [4.75, 11, 3.9], "size": [1, 1.5, 0.4], "uv": [42, 27], "inflate": -0.2}
				]
			},
			{
				"name": "bone80",
				"parent": "bone76",
				"pivot": [0.65, 10.75, 7.3],
				"rotation": [0, 0, 90],
				"cubes": [
					{"origin": [0.15, 15, 3.9], "size": [1, 1.5, 0.4], "uv": [22, 42], "inflate": -0.2}
				]
			},
			{
				"name": "bone81",
				"parent": "bone80",
				"pivot": [0.35, 16.3, 3.8],
				"rotation": [0, 0, -20],
				"cubes": [
					{"origin": [-0.45, 15, 3.9], "size": [1, 1.5, 0.4], "uv": [4, 42], "inflate": -0.2}
				]
			},
			{
				"name": "bone82",
				"parent": "bone80",
				"pivot": [0.95, 16.3, 3.8],
				"rotation": [0, 0, 20],
				"cubes": [
					{"origin": [0.75, 15, 3.9], "size": [1, 1.5, 0.4], "uv": [41, 18], "inflate": -0.2}
				]
			},
			{
				"name": "bone83",
				"parent": "bone76",
				"pivot": [8.65, 10.75, 7.3],
				"rotation": [0, 0, -90],
				"cubes": [
					{"origin": [8.15, 15, 3.9], "size": [1, 1.5, 0.4], "uv": [21, 41], "inflate": -0.2}
				]
			},
			{
				"name": "bone84",
				"parent": "bone83",
				"pivot": [8.95, 16.3, 3.8],
				"rotation": [0, 0, 20],
				"cubes": [
					{"origin": [8.75, 15, 3.9], "size": [1, 1.5, 0.4], "uv": [3, 41], "inflate": -0.2}
				]
			},
			{
				"name": "bone85",
				"parent": "bone83",
				"pivot": [8.35, 16.3, 3.8],
				"rotation": [0, 0, -20],
				"cubes": [
					{"origin": [7.55, 15, 3.9], "size": [1, 1.5, 0.4], "uv": [40, 27], "inflate": -0.2}
				]
			},
			{
				"name": "bone86",
				"parent": "bone76",
				"pivot": [4.65, 14.75, 7.3],
				"rotation": [0, 0, -180],
				"cubes": [
					{"origin": [4.15, 19, 3.9], "size": [1, 1.5, 0.4], "uv": [40, 25], "inflate": -0.2}
				]
			},
			{
				"name": "bone87",
				"parent": "bone86",
				"pivot": [4.35, 20.3, 3.8],
				"rotation": [0, 0, -20],
				"cubes": [
					{"origin": [3.55, 19, 3.9], "size": [1, 1.5, 0.4], "uv": [40, 24], "inflate": -0.2}
				]
			},
			{
				"name": "bone88",
				"parent": "bone86",
				"pivot": [4.95, 20.3, 3.8],
				"rotation": [0, 0, 20],
				"cubes": [
					{"origin": [4.75, 19, 3.9], "size": [1, 1.5, 0.4], "uv": [40, 23], "inflate": -0.2}
				]
			},
			{
				"name": "bone89",
				"parent": "bone76",
				"pivot": [0.8, 12.65, 4.4],
				"cubes": [
					{"origin": [4.37589, 10.97562, 4.0637], "size": [0.5, 0.35, 0.05], "uv": [0, 0]}
				]
			},
			{
				"name": "bone90",
				"parent": "bone89",
				"pivot": [4.37589, 11.32562, 4.2137],
				"rotation": [0, 0, -45],
				"cubes": [
					{"origin": [3.87589, 10.97562, 4.0637], "size": [0.5, 0.35, 0.05], "uv": [0, 0]}
				]
			},
			{
				"name": "bone91",
				"parent": "bone90",
				"pivot": [3.87589, 11.32562, 4.2137],
				"rotation": [0, 0, -45],
				"cubes": [
					{"origin": [3.37589, 10.97562, 4.0637], "size": [0.5, 0.35, 0.05], "uv": [0, 0]}
				]
			},
			{
				"name": "bone92",
				"parent": "bone91",
				"pivot": [3.37589, 11.32562, 4.2137],
				"rotation": [0, 0, -45],
				"cubes": [
					{"origin": [2.87589, 10.97562, 4.0637], "size": [0.5, 0.35, 0.05], "uv": [0, 0]}
				]
			},
			{
				"name": "bone93",
				"parent": "bone92",
				"pivot": [2.87589, 11.32562, 4.2137],
				"rotation": [0, 0, -45],
				"cubes": [
					{"origin": [2.37589, 10.97562, 4.0637], "size": [0.5, 0.35, 0.05], "uv": [0, 0]}
				]
			},
			{
				"name": "bone94",
				"parent": "bone93",
				"pivot": [2.37589, 11.32562, 4.2137],
				"rotation": [0, 0, -45],
				"cubes": [
					{"origin": [1.87589, 10.97562, 4.0637], "size": [0.5, 0.35, 0.05], "uv": [0, 0]}
				]
			},
			{
				"name": "bone95",
				"parent": "bone94",
				"pivot": [1.87589, 11.32562, 4.2137],
				"rotation": [0, 0, -45],
				"cubes": [
					{"origin": [1.37589, 10.97562, 4.0637], "size": [0.5, 0.35, 0.05], "uv": [0, 0]}
				]
			},
			{
				"name": "bone96",
				"parent": "bone95",
				"pivot": [1.37589, 11.32562, 4.2137],
				"rotation": [0, 0, -45],
				"cubes": [
					{"origin": [0.87589, 10.97562, 4.0637], "size": [0.5, 0.35, 0.05], "uv": [0, 0]}
				]
			},
			{
				"name": "bone97",
				"parent": "clothes4",
				"pivot": [0, 6.75, 8.1],
				"rotation": [15, 0, 0]
			},
			{
				"name": "bone98",
				"parent": "bone97",
				"pivot": [0, 6.75, 8.1],
				"cubes": [
					{"origin": [-0.5, 11, 4.7], "size": [1, 1.5, 0.4], "uv": [28, 39], "inflate": -0.2}
				]
			},
			{
				"name": "bone99",
				"parent": "bone98",
				"pivot": [-0.3, 12.3, 4.6],
				"rotation": [0, 0, -20],
				"cubes": [
					{"origin": [-1.1, 11, 4.7], "size": [1, 1.5, 0.4], "uv": [38, 20], "inflate": -0.2}
				]
			},
			{
				"name": "bone100",
				"parent": "bone98",
				"pivot": [0.3, 12.3, 4.6],
				"rotation": [0, 0, 20],
				"cubes": [
					{"origin": [0.1, 11, 4.7], "size": [1, 1.5, 0.4], "uv": [28, 38], "inflate": -0.2}
				]
			},
			{
				"name": "bone101",
				"parent": "bone97",
				"pivot": [-4, 10.75, 8.1],
				"rotation": [0, 0, 90],
				"cubes": [
					{"origin": [-4.5, 15, 4.7], "size": [1, 1.5, 0.4], "uv": [27, 37], "inflate": -0.2}
				]
			},
			{
				"name": "bone102",
				"parent": "bone101",
				"pivot": [-4.3, 16.3, 4.6],
				"rotation": [0, 0, -20],
				"cubes": [
					{"origin": [-5.1, 15, 4.7], "size": [1, 1.5, 0.4], "uv": [36, 20], "inflate": -0.2}
				]
			},
			{
				"name": "bone103",
				"parent": "bone101",
				"pivot": [-3.7, 16.3, 4.6],
				"rotation": [0, 0, 20],
				"cubes": [
					{"origin": [-3.9, 15, 4.7], "size": [1, 1.5, 0.4], "uv": [34, 20], "inflate": -0.2}
				]
			},
			{
				"name": "bone104",
				"parent": "bone97",
				"pivot": [4, 10.75, 8.1],
				"rotation": [0, 0, -90],
				"cubes": [
					{"origin": [3.5, 15, 4.7], "size": [1, 1.5, 0.4], "uv": [18, 33], "inflate": -0.2}
				]
			},
			{
				"name": "bone105",
				"parent": "bone104",
				"pivot": [4.3, 16.3, 4.6],
				"rotation": [0, 0, 20],
				"cubes": [
					{"origin": [4.1, 15, 4.7], "size": [1, 1.5, 0.4], "uv": [4, 33], "inflate": -0.2}
				]
			},
			{
				"name": "bone106",
				"parent": "bone104",
				"pivot": [3.7, 16.3, 4.6],
				"rotation": [0, 0, -20],
				"cubes": [
					{"origin": [2.9, 15, 4.7], "size": [1, 1.5, 0.4], "uv": [2, 33], "inflate": -0.2}
				]
			},
			{
				"name": "bone107",
				"parent": "bone97",
				"pivot": [0, 14.75, 8.1],
				"rotation": [0, 0, -180],
				"cubes": [
					{"origin": [-0.5, 19, 4.7], "size": [1, 1.5, 0.4], "uv": [0, 33], "inflate": -0.2}
				]
			},
			{
				"name": "bone108",
				"parent": "bone107",
				"pivot": [-0.3, 20.3, 4.6],
				"rotation": [0, 0, -20],
				"cubes": [
					{"origin": [-1.1, 19, 4.7], "size": [1, 1.5, 0.4], "uv": [32, 20], "inflate": -0.2}
				]
			},
			{
				"name": "bone109",
				"parent": "bone107",
				"pivot": [0.3, 20.3, 4.6],
				"rotation": [0, 0, 20],
				"cubes": [
					{"origin": [0.1, 19, 4.7], "size": [1, 1.5, 0.4], "uv": [18, 32], "inflate": -0.2}
				]
			},
			{
				"name": "bone110",
				"parent": "bone97",
				"pivot": [-3.85, 12.65, 5.2],
				"cubes": [
					{"origin": [-0.27411, 10.97562, 4.8637], "size": [0.5, 0.35, 0.05], "uv": [0, 0]}
				]
			},
			{
				"name": "bone111",
				"parent": "bone110",
				"pivot": [-0.27411, 11.32562, 5.0137],
				"rotation": [0, 0, -45],
				"cubes": [
					{"origin": [-0.77411, 10.97562, 4.8637], "size": [0.5, 0.35, 0.05], "uv": [0, 0]}
				]
			},
			{
				"name": "bone112",
				"parent": "bone111",
				"pivot": [-0.77411, 11.32562, 5.0137],
				"rotation": [0, 0, -45],
				"cubes": [
					{"origin": [-1.27411, 10.97562, 4.8637], "size": [0.5, 0.35, 0.05], "uv": [0, 0]}
				]
			},
			{
				"name": "bone113",
				"parent": "bone112",
				"pivot": [-1.27411, 11.32562, 5.0137],
				"rotation": [0, 0, -45],
				"cubes": [
					{"origin": [-1.77411, 10.97562, 4.8637], "size": [0.5, 0.35, 0.05], "uv": [0, 0]}
				]
			},
			{
				"name": "bone114",
				"parent": "bone113",
				"pivot": [-1.77411, 11.32562, 5.0137],
				"rotation": [0, 0, -45],
				"cubes": [
					{"origin": [-2.27411, 10.97562, 4.8637], "size": [0.5, 0.35, 0.05], "uv": [0, 0]}
				]
			},
			{
				"name": "bone115",
				"parent": "bone114",
				"pivot": [-2.27411, 11.32562, 5.0137],
				"rotation": [0, 0, -45],
				"cubes": [
					{"origin": [-2.77411, 10.97562, 4.8637], "size": [0.5, 0.35, 0.05], "uv": [0, 0]}
				]
			},
			{
				"name": "bone116",
				"parent": "bone115",
				"pivot": [-2.77411, 11.32562, 5.0137],
				"rotation": [0, 0, -45],
				"cubes": [
					{"origin": [-3.27411, 10.97562, 4.8637], "size": [0.5, 0.35, 0.05], "uv": [0, 0]}
				]
			},
			{
				"name": "bone117",
				"parent": "bone116",
				"pivot": [-3.27411, 11.32562, 5.0137],
				"rotation": [0, 0, -45],
				"cubes": [
					{"origin": [-3.77411, 10.97562, 4.8637], "size": [0.5, 0.35, 0.05], "uv": [0, 0]}
				]
			},
			{
				"name": "bone118",
				"parent": "clothes4",
				"pivot": [-4.65, 6.75, 7.3],
				"rotation": [15, -25, 0]
			},
			{
				"name": "bone119",
				"parent": "bone118",
				"pivot": [-4.65, 6.75, 7.3],
				"cubes": [
					{"origin": [-5.15, 11, 3.9], "size": [1, 1.5, 0.4], "uv": [18, 31], "inflate": -0.2}
				]
			},
			{
				"name": "bone120",
				"parent": "bone119",
				"pivot": [-4.35, 12.3, 3.8],
				"rotation": [0, 0, 20],
				"cubes": [
					{"origin": [-4.55, 11, 3.9], "size": [1, 1.5, 0.4], "uv": [30, 2], "inflate": -0.2}
				]
			},
			{
				"name": "bone121",
				"parent": "bone119",
				"pivot": [-4.95, 12.3, 3.8],
				"rotation": [0, 0, -20],
				"cubes": [
					{"origin": [-5.75, 11, 3.9], "size": [1, 1.5, 0.4], "uv": [30, 1], "inflate": -0.2}
				]
			},
			{
				"name": "bone122",
				"parent": "bone118",
				"pivot": [-0.65, 10.75, 7.3],
				"rotation": [0, 0, -90],
				"cubes": [
					{"origin": [-1.15, 15, 3.9], "size": [1, 1.5, 0.4], "uv": [30, 0], "inflate": -0.2}
				]
			},
			{
				"name": "bone123",
				"parent": "bone122",
				"pivot": [-0.35, 16.3, 3.8],
				"rotation": [0, 0, 20],
				"cubes": [
					{"origin": [-0.55, 15, 3.9], "size": [1, 1.5, 0.4], "uv": [26, 27], "inflate": -0.2}
				]
			},
			{
				"name": "bone124",
				"parent": "bone122",
				"pivot": [-0.95, 16.3, 3.8],
				"rotation": [0, 0, -20],
				"cubes": [
					{"origin": [-1.75, 15, 3.9], "size": [1, 1.5, 0.4], "uv": [25, 26], "inflate": -0.2}
				]
			},
			{
				"name": "bone125",
				"parent": "bone118",
				"pivot": [-8.65, 10.75, 7.3],
				"rotation": [0, 0, 90],
				"cubes": [
					{"origin": [-9.15, 15, 3.9], "size": [1, 1.5, 0.4], "uv": [21, 26], "inflate": -0.2}
				]
			},
			{
				"name": "bone126",
				"parent": "bone125",
				"pivot": [-8.95, 16.3, 3.8],
				"rotation": [0, 0, -20],
				"cubes": [
					{"origin": [-9.75, 15, 3.9], "size": [1, 1.5, 0.4], "uv": [17, 26], "inflate": -0.2}
				]
			},
			{
				"name": "bone127",
				"parent": "bone125",
				"pivot": [-8.35, 16.3, 3.8],
				"rotation": [0, 0, 20],
				"cubes": [
					{"origin": [-8.55, 15, 3.9], "size": [1, 1.5, 0.4], "uv": [13, 26], "inflate": -0.2}
				]
			},
			{
				"name": "bone128",
				"parent": "bone118",
				"pivot": [-4.65, 14.75, 7.3],
				"rotation": [0, 0, 180],
				"cubes": [
					{"origin": [-5.15, 19, 3.9], "size": [1, 1.5, 0.4], "uv": [25, 14], "inflate": -0.2}
				]
			},
			{
				"name": "bone129",
				"parent": "bone128",
				"pivot": [-4.35, 20.3, 3.8],
				"rotation": [0, 0, 20],
				"cubes": [
					{"origin": [-4.55, 19, 3.9], "size": [1, 1.5, 0.4], "uv": [25, 5], "inflate": -0.2}
				]
			},
			{
				"name": "bone130",
				"parent": "bone128",
				"pivot": [-4.95, 20.3, 3.8],
				"rotation": [0, 0, -20],
				"cubes": [
					{"origin": [-5.75, 19, 3.9], "size": [1, 1.5, 0.4], "uv": [5, 0], "inflate": -0.2}
				]
			},
			{
				"name": "bone131",
				"parent": "bone118",
				"pivot": [-0.8, 12.65, 4.4],
				"cubes": [
					{"origin": [-4.87589, 10.97562, 4.0637], "size": [0.5, 0.35, 0.05], "uv": [0, 0]}
				]
			},
			{
				"name": "bone132",
				"parent": "bone131",
				"pivot": [-4.37589, 11.32562, 4.2137],
				"rotation": [0, 0, 45],
				"cubes": [
					{"origin": [-4.37589, 10.97562, 4.0637], "size": [0.5, 0.35, 0.05], "uv": [0, 0]}
				]
			},
			{
				"name": "bone133",
				"parent": "bone132",
				"pivot": [-3.87589, 11.32562, 4.2137],
				"rotation": [0, 0, 45],
				"cubes": [
					{"origin": [-3.87589, 10.97562, 4.0637], "size": [0.5, 0.35, 0.05], "uv": [0, 0]}
				]
			},
			{
				"name": "bone134",
				"parent": "bone133",
				"pivot": [-3.37589, 11.32562, 4.2137],
				"rotation": [0, 0, 45],
				"cubes": [
					{"origin": [-3.37589, 10.97562, 4.0637], "size": [0.5, 0.35, 0.05], "uv": [0, 0]}
				]
			},
			{
				"name": "bone135",
				"parent": "bone134",
				"pivot": [-2.87589, 11.32562, 4.2137],
				"rotation": [0, 0, 45],
				"cubes": [
					{"origin": [-2.87589, 10.97562, 4.0637], "size": [0.5, 0.35, 0.05], "uv": [0, 0]}
				]
			},
			{
				"name": "bone136",
				"parent": "bone135",
				"pivot": [-2.37589, 11.32562, 4.2137],
				"rotation": [0, 0, 45],
				"cubes": [
					{"origin": [-2.37589, 10.97562, 4.0637], "size": [0.5, 0.35, 0.05], "uv": [0, 0]}
				]
			},
			{
				"name": "bone137",
				"parent": "bone136",
				"pivot": [-1.87589, 11.32562, 4.2137],
				"rotation": [0, 0, 45],
				"cubes": [
					{"origin": [-1.87589, 10.97562, 4.0637], "size": [0.5, 0.35, 0.05], "uv": [0, 0]}
				]
			},
			{
				"name": "bone138",
				"parent": "bone137",
				"pivot": [-1.37589, 11.32562, 4.2137],
				"rotation": [0, 0, 45],
				"cubes": [
					{"origin": [-1.37589, 10.97562, 4.0637], "size": [0.5, 0.35, 0.05], "uv": [0, 0]}
				]
			},
			{
				"name": "clothes5",
				"parent": "clothes",
				"pivot": [0, 10.5, 0],
				"cubes": [
					{"origin": [-0.5, 8.5, -2.55], "size": [1, 1.25, 5.1], "uv": [59, 55]},
					{"origin": [-4, 9.75, -2.6], "size": [7.9, 1, 5.2], "uv": [22, 14]},
					{"origin": [-1.2, 9.25, -3.1], "size": [1.1, 2, 1], "uv": [36, 43], "inflate": -0.4},
					{"origin": [-2.2, 9.25, -3.1], "size": [1.1, 2, 1], "uv": [24, 37], "inflate": -0.4}
				]
			},
			{
				"name": "bone140",
				"parent": "clothes5",
				"pivot": [-1.75, 11, -2.1],
				"rotation": [0, 0, 12],
				"cubes": [
					{"origin": [-3.5, 8.75, -2.55], "size": [3.75, 2.75, 5.1], "uv": [49, 41]}
				]
			},
			{
				"name": "bone139",
				"parent": "bone140",
				"pivot": [-3.475, 8.775, 0],
				"rotation": [0, 0, 70],
				"cubes": [
					{"origin": [-3.5, 8.75, -1.95], "size": [1.55, 3.55, 3.9], "uv": [42, 64]}
				]
			},
			{
				"name": "bone141",
				"parent": "clothes5",
				"pivot": [1.75, 11, -2.1],
				"rotation": [0, 0, -12],
				"cubes": [
					{"origin": [-0.25, 8.75, -2.55], "size": [3.75, 2.75, 5.1], "uv": [39, 49]}
				]
			},
			{
				"name": "bone142",
				"parent": "bone141",
				"pivot": [3.475, 8.775, 0],
				"rotation": [0, 0, -70],
				"cubes": [
					{"origin": [1.95, 8.75, -1.95], "size": [1.55, 3.55, 3.9], "uv": [34, 64]}
				]
			},
			{
				"name": "bone143",
				"parent": "clothes5",
				"pivot": [-2.7, 8.7, 2.2],
				"rotation": [0, 0, -15]
			},
			{
				"name": "bone144",
				"parent": "bone143",
				"pivot": [1.95, 4.95, 0.5]
			},
			{
				"name": "bone145",
				"parent": "bone144",
				"pivot": [1.95, 4.7, 0.5],
				"cubes": [
					{"origin": [1.45, 8.95, -2.9], "size": [1, 1.5, 1], "uv": [83, 6], "inflate": -0.2}
				]
			},
			{
				"name": "bone146",
				"parent": "bone145",
				"pivot": [1.65, 10.25, -3],
				"rotation": [0, 0, -20],
				"cubes": [
					{"origin": [0.95, 8.95, -2.9], "size": [0.9, 1.5, 1], "uv": [83, 6], "inflate": -0.2}
				]
			},
			{
				"name": "bone147",
				"parent": "bone145",
				"pivot": [2.25, 10.25, -3],
				"rotation": [0, 0, 20],
				"cubes": [
					{"origin": [2.05, 8.95, -2.9], "size": [0.9, 1.5, 1], "uv": [83, 6], "inflate": -0.2}
				]
			},
			{
				"name": "bone148",
				"parent": "bone144",
				"pivot": [-2.3, 8.95, 0.5],
				"rotation": [0, 0, 90],
				"cubes": [
					{"origin": [-2.8, 13.2, -2.9], "size": [1, 1.5, 1], "uv": [83, 6], "inflate": -0.2}
				]
			},
			{
				"name": "bone149",
				"parent": "bone148",
				"pivot": [-2.6, 14.5, -3],
				"rotation": [0, 0, -20],
				"cubes": [
					{"origin": [-3.3, 13.2, -2.9], "size": [0.9, 1.5, 1], "uv": [83, 6], "inflate": -0.2}
				]
			},
			{
				"name": "bone150",
				"parent": "bone148",
				"pivot": [-2, 14.5, -3],
				"rotation": [0, 0, 20],
				"cubes": [
					{"origin": [-2.2, 13.2, -2.9], "size": [0.9, 1.5, 1], "uv": [83, 6], "inflate": -0.2}
				]
			},
			{
				"name": "bone151",
				"parent": "bone144",
				"pivot": [6.2, 8.95, 0.5],
				"rotation": [0, 0, -90],
				"cubes": [
					{"origin": [5.7, 13.2, -2.9], "size": [1, 1.5, 1], "uv": [83, 6], "inflate": -0.2}
				]
			},
			{
				"name": "bone152",
				"parent": "bone151",
				"pivot": [6.5, 14.5, -3],
				"rotation": [0, 0, 20],
				"cubes": [
					{"origin": [6.3, 13.2, -2.9], "size": [0.9, 1.5, 1], "uv": [83, 6], "inflate": -0.2}
				]
			},
			{
				"name": "bone153",
				"parent": "bone151",
				"pivot": [5.9, 14.5, -3],
				"rotation": [0, 0, -20],
				"cubes": [
					{"origin": [5.2, 13.2, -2.9], "size": [0.9, 1.5, 1], "uv": [83, 6], "inflate": -0.2}
				]
			},
			{
				"name": "bone154",
				"parent": "bone144",
				"pivot": [1.95, 13.2, 0.5],
				"rotation": [0, 0, -180],
				"cubes": [
					{"origin": [1.45, 17.45, -2.9], "size": [1, 1.5, 1], "uv": [83, 6], "inflate": -0.2}
				]
			},
			{
				"name": "bone155",
				"parent": "bone154",
				"pivot": [1.65, 18.75, -3],
				"rotation": [0, 0, -20],
				"cubes": [
					{"origin": [0.95, 17.45, -2.9], "size": [0.9, 1.5, 1], "uv": [83, 6], "inflate": -0.2}
				]
			},
			{
				"name": "bone156",
				"parent": "bone154",
				"pivot": [2.25, 18.75, -3],
				"rotation": [0, 0, 20],
				"cubes": [
					{"origin": [2.05, 17.45, -2.9], "size": [0.9, 1.5, 1], "uv": [83, 6], "inflate": -0.2}
				]
			},
			{
				"name": "bone157",
				"parent": "bone143",
				"pivot": [1.05, 8.45, -2.45],
				"rotation": [0, 0, 15],
				"cubes": [
					{"origin": [0.05, 7.2, -2.95], "size": [2.5, 3.25, 1], "uv": [0, 14], "inflate": -0.3}
				]
			},
			{
				"name": "bone158",
				"parent": "bone143",
				"pivot": [2.9, 8.45, -2.45],
				"rotation": [0, 0, -15],
				"cubes": [
					{"origin": [1.4, 7.2, -2.95], "size": [2.5, 3.25, 1], "uv": [0, 0], "inflate": -0.3}
				]
			},
			{
				"name": "legRight",
				"pivot": [-2, 9, 0],
				"cubes": [
					{"origin": [-3.499, 1, -1.5], "size": [3, 8, 3], "uv": [27, 49]},
					{"origin": [-3.749, 6.75, -1.75], "size": [3.5, 1.25, 3.5], "uv": [60, 61]},
					{"origin": [-3.849, 3.5, -1.85], "size": [3.7, 1, 3.7], "uv": [60, 41], "inflate": -0.3}
				]
			},
			{
				"name": "bone159",
				"parent": "legRight",
				"pivot": [-2, 9, 0],
				"cubes": [
					{"origin": [-3.2, 0.7, -1.95], "size": [2.4, 2.4, 1], "uv": [98, 14], "inflate": -0.2},
					{"origin": [-3.65, 0, -1.65], "size": [3.3, 1, 3.3], "uv": [59, 0]}
				]
			},
			{
				"name": "bone160",
				"parent": "bone159",
				"pivot": [-3.65, 1, 0],
				"rotation": [0, 0, -10],
				"cubes": [
					{"origin": [-3.65, 0.5, -1.65], "size": [1.8, 2.75, 3.3], "uv": [82, 18]}
				]
			},
			{
				"name": "bone161",
				"parent": "bone159",
				"pivot": [-0.35, 1, 0],
				"rotation": [0, 0, 10],
				"cubes": [
					{"origin": [-2.15, 0.5, -1.65], "size": [1.8, 2.75, 3.3], "uv": [82, 18]}
				]
			},
			{
				"name": "legLeft",
				"pivot": [2, 9, 0],
				"cubes": [
					{"origin": [0.499, 1, -1.5], "size": [3, 8, 3], "uv": [15, 49]},
					{"origin": [0.249, 6.75, -1.75], "size": [3.5, 1.25, 3.5], "uv": [57, 29]},
					{"origin": [0.149, 3.5, -1.85], "size": [3.7, 1, 3.7], "uv": [40, 23], "inflate": -0.3}
				]
			},
			{
				"name": "bone162",
				"parent": "legLeft",
				"pivot": [2, 9, 0],
				"cubes": [
					{"origin": [0.8, 0.7, -1.95], "size": [2.4, 2.4, 1], "uv": [99, 18], "inflate": -0.2},
					{"origin": [0.35, 0, -1.65], "size": [3.3, 1, 3.3], "uv": [21, 0]}
				]
			},
			{
				"name": "bone163",
				"parent": "bone162",
				"pivot": [3.65, 1, 0],
				"rotation": [0, 0, 10],
				"cubes": [
					{"origin": [1.85, 0.5, -1.65], "size": [1.8, 2.75, 3.3], "uv": [82, 18]}
				]
			},
			{
				"name": "bone164",
				"parent": "bone162",
				"pivot": [0.35, 1, 0],
				"rotation": [0, 0, -10],
				"cubes": [
					{"origin": [0.35, 0.5, -1.65], "size": [1.8, 2.75, 3.3], "uv": [82, 18]}
				]
			},
			{
				"name": "tail",
				"pivot": [0, 9.5, 2],
				"rotation": [-35, 0, 0],
				"cubes": [
					{"origin": [-0.5, 9, 2], "size": [1, 1, 3], "uv": [9, 59]}
				]
			},
			{
				"name": "bone165",
				"parent": "tail",
				"pivot": [0, 9, 5],
				"rotation": [30, 0, 0],
				"cubes": [
					{"origin": [-0.5, 9, 5], "size": [1, 1, 2], "uv": [21, 4]}
				]
			},
			{
				"name": "bone166",
				"parent": "bone165",
				"pivot": [0, 9, 7],
				"rotation": [35, 0, 0],
				"cubes": [
					{"origin": [-0.5, 9, 7], "size": [1, 1, 2], "uv": [0, 4]}
				]
			},
			{
				"name": "bone167",
				"parent": "bone166",
				"pivot": [0, 9, 9],
				"rotation": [20, 0, 0],
				"cubes": [
					{"origin": [-0.5, 9, 9], "size": [1, 1, 3], "uv": [43, 57]}
				]
			}
		]
	}
}