{
	"format_version": "1.10.0",
	"geometry.model": {
		"texturewidth": 512,
		"textureheight": 512,
		"visible_bounds_width": 9,
		"visible_bounds_height": 4,
		"visible_bounds_offset": [0, 0, 0],
		"bones": [
			{
				"name": "lunzi",
				"pivot": [10, 0, 0]
			},
			{
				"name": "lunzi1",
				"parent": "lunzi",
				"pivot": [10, 0, 0],
				"cubes": [
					{"origin": [2, 0, 28], "size": [3, 1.75, 4], "uv": [65, 200]},
					{"origin": [2.25, 0.25, 28], "size": [2.5, 1.75, 4], "uv": [112, 210]},
					{"origin": [2.75, 2, 27], "size": [1.5, 6, 6], "uv": [113, 113]},
					{"origin": [4, 4.1, 29.25], "size": [1, 1.5, 1.5], "uv": [5, 66]}
				]
			},
			{
				"name": "bone",
				"parent": "lunzi1",
				"pivot": [10, 0, 4],
				"rotation": [45, 0, 0],
				"cubes": [
					{"origin": [2, -19.79899, 23.79899], "size": [3, 1.75, 4], "uv": [199, 199]},
					{"origin": [2.25, -19.54899, 23.79899], "size": [2.5, 1.75, 4], "uv": [64, 210]}
				]
			},
			{
				"name": "bone2",
				"parent": "bone",
				"pivot": [10, 0, 8],
				"rotation": [45, 0, 0],
				"cubes": [
					{"origin": [2, -28, 8], "size": [3, 1.75, 4], "uv": [141, 199]},
					{"origin": [2.25, -27.75, 8], "size": [2.5, 1.75, 4], "uv": [52, 210]}
				]
			},
			{
				"name": "bone3",
				"parent": "bone2",
				"pivot": [10, 0, 12],
				"rotation": [45, 0, 0],
				"cubes": [
					{"origin": [2, -19.79899, -7.79899], "size": [3, 1.75, 4], "uv": [127, 199]},
					{"origin": [2.25, -19.54899, -7.79899], "size": [2.5, 1.75, 4], "uv": [12, 210]}
				]
			},
			{
				"name": "bone4",
				"parent": "bone3",
				"pivot": [10, 0, 16],
				"rotation": [45, 0, 0],
				"cubes": [
					{"origin": [2, 0, -12], "size": [3, 1.75, 4], "uv": [109, 199]},
					{"origin": [2.25, 0.25, -12], "size": [2.5, 1.75, 4], "uv": [0, 210]}
				]
			},
			{
				"name": "bone5",
				"parent": "bone4",
				"pivot": [10, 0, 20],
				"rotation": [45, 0, 0],
				"cubes": [
					{"origin": [2, 19.79899, 0.20101], "size": [3, 1.75, 4], "uv": [55, 199]},
					{"origin": [2.25, 19.79899, 0.20101], "size": [2.5, 2, 4], "uv": [151, 201]}
				]
			},
			{
				"name": "bone6",
				"parent": "bone5",
				"pivot": [10, 0, 24],
				"rotation": [45, 0, 0],
				"cubes": [
					{"origin": [2, 28, 24], "size": [3, 1.75, 4], "uv": [41, 199]},
					{"origin": [2.25, 28, 24], "size": [2.5, 2, 4], "uv": [200, 25]}
				]
			},
			{
				"name": "bone7",
				"parent": "bone6",
				"pivot": [10, 0, 28],
				"rotation": [45, 0, 0],
				"cubes": [
					{"origin": [2, 19.79899, 47.79899], "size": [3, 1.75, 4], "uv": [27, 199]},
					{"origin": [2.25, 19.79899, 47.79899], "size": [2.5, 2, 4], "uv": [200, 19]}
				]
			},
			{
				"name": "lunzi3",
				"parent": "lunzi1",
				"pivot": [6.75, 0, 0],
				"cubes": [
					{"origin": [-1.25, 0, 28], "size": [3, 1.75, 4], "uv": [13, 199]},
					{"origin": [-1, 0.25, 28], "size": [2.5, 1.75, 4], "uv": [209, 200]},
					{"origin": [-0.5, 2, 27], "size": [1.5, 6, 6], "uv": [112, 19]},
					{"origin": [0.75, 4.1, 29.25], "size": [1, 1.5, 1.5], "uv": [19, 55]}
				]
			},
			{
				"name": "bone15",
				"parent": "lunzi3",
				"pivot": [6.75, 0, 4],
				"rotation": [45, 0, 0],
				"cubes": [
					{"origin": [-1.25, -19.79899, 23.79899], "size": [3, 1.75, 4], "uv": [197, 79]},
					{"origin": [-1, -19.54899, 23.79899], "size": [2.5, 1.75, 4], "uv": [209, 195]}
				]
			},
			{
				"name": "bone16",
				"parent": "bone15",
				"pivot": [6.75, 0, 8],
				"rotation": [45, 0, 0],
				"cubes": [
					{"origin": [-1.25, -28, 8], "size": [3, 1.75, 4], "uv": [197, 74]},
					{"origin": [-1, -27.75, 8], "size": [2.5, 1.75, 4], "uv": [195, 209]}
				]
			},
			{
				"name": "bone17",
				"parent": "bone16",
				"pivot": [6.75, 0, 12],
				"rotation": [45, 0, 0],
				"cubes": [
					{"origin": [-1.25, -19.79899, -7.79899], "size": [3, 1.75, 4], "uv": [196, 187]},
					{"origin": [-1, -19.54899, -7.79899], "size": [2.5, 1.75, 4], "uv": [139, 209]}
				]
			},
			{
				"name": "bone18",
				"parent": "bone17",
				"pivot": [6.75, 0, 16],
				"rotation": [45, 0, 0],
				"cubes": [
					{"origin": [-1.25, 0, -12], "size": [3, 1.75, 4], "uv": [196, 182]},
					{"origin": [-1, 0.25, -12], "size": [2.5, 1.75, 4], "uv": [127, 209]}
				]
			},
			{
				"name": "bone19",
				"parent": "bone18",
				"pivot": [6.75, 0, 20],
				"rotation": [45, 0, 0],
				"cubes": [
					{"origin": [-1.25, 19.79899, 0.20101], "size": [3, 1.75, 4], "uv": [196, 177]},
					{"origin": [-1, 19.79899, 0.20101], "size": [2.5, 2, 4], "uv": [200, 7]}
				]
			},
			{
				"name": "bone20",
				"parent": "bone19",
				"pivot": [6.75, 0, 24],
				"rotation": [45, 0, 0],
				"cubes": [
					{"origin": [-1.25, 28, 24], "size": [3, 1.75, 4], "uv": [196, 172]},
					{"origin": [-1, 28, 24], "size": [2.5, 2, 4], "uv": [200, 1]}
				]
			},
			{
				"name": "bone21",
				"parent": "bone20",
				"pivot": [6.75, 0, 28],
				"rotation": [45, 0, 0],
				"cubes": [
					{"origin": [-1.25, 19.79899, 47.79899], "size": [3, 1.75, 4], "uv": [196, 167]},
					{"origin": [-1, 19.79899, 47.79899], "size": [2.5, 2, 4], "uv": [187, 200]}
				]
			},
			{
				"name": "lunzi2",
				"parent": "lunzi",
				"pivot": [10, 0, 11],
				"cubes": [
					{"origin": [2, 0, 39], "size": [3, 1.75, 4], "uv": [196, 162]},
					{"origin": [2.25, 0.25, 39], "size": [2.5, 1.75, 4], "uv": [104, 209]},
					{"origin": [2.75, 2, 38], "size": [1.5, 6, 6], "uv": [112, 0]},
					{"origin": [-14, 4.1, 40.25], "size": [19, 1.5, 1.5], "uv": [90, 82]}
				]
			},
			{
				"name": "bone8",
				"parent": "lunzi2",
				"pivot": [10, 0, 15],
				"rotation": [45, 0, 0],
				"cubes": [
					{"origin": [2, -19.79899, 34.79899], "size": [3, 1.75, 4], "uv": [196, 157]},
					{"origin": [2.25, -19.54899, 34.79899], "size": [2.5, 1.75, 4], "uv": [44, 209]}
				]
			},
			{
				"name": "bone9",
				"parent": "bone8",
				"pivot": [10, 0, 19],
				"rotation": [45, 0, 0],
				"cubes": [
					{"origin": [2, -28, 19], "size": [3, 1.75, 4], "uv": [196, 152]},
					{"origin": [2.25, -27.75, 19], "size": [2.5, 1.75, 4], "uv": [32, 209]}
				]
			},
			{
				"name": "bone10",
				"parent": "bone9",
				"pivot": [10, 0, 23],
				"rotation": [45, 0, 0],
				"cubes": [
					{"origin": [2, -19.79899, 3.20101], "size": [3, 1.75, 4], "uv": [195, 55]},
					{"origin": [2.25, -19.54899, 3.20101], "size": [2.5, 1.75, 4], "uv": [20, 209]}
				]
			},
			{
				"name": "bone11",
				"parent": "bone10",
				"pivot": [10, 0, 27],
				"rotation": [45, 0, 0],
				"cubes": [
					{"origin": [2, 0, -1], "size": [3, 1.75, 4], "uv": [195, 50]},
					{"origin": [2.25, 0.25, -1], "size": [2.5, 1.75, 4], "uv": [208, 23]}
				]
			},
			{
				"name": "bone12",
				"parent": "bone11",
				"pivot": [10, 0, 31],
				"rotation": [45, 0, 0],
				"cubes": [
					{"origin": [2, 19.79899, 11.20101], "size": [3, 1.75, 4], "uv": [189, 195]},
					{"origin": [2.25, 19.79899, 11.20101], "size": [2.5, 2, 4], "uv": [175, 200]}
				]
			},
			{
				"name": "bone13",
				"parent": "bone12",
				"pivot": [10, 0, 35],
				"rotation": [45, 0, 0],
				"cubes": [
					{"origin": [2, 28, 35], "size": [3, 1.75, 4], "uv": [175, 195]},
					{"origin": [2.25, 28, 35], "size": [2.5, 2, 4], "uv": [151, 195]}
				]
			},
			{
				"name": "bone14",
				"parent": "bone13",
				"pivot": [10, 0, 39],
				"rotation": [45, 0, 0],
				"cubes": [
					{"origin": [2, 19.79899, 58.79899], "size": [3, 1.75, 4], "uv": [99, 195]},
					{"origin": [2.25, 19.79899, 58.79899], "size": [2.5, 2, 4], "uv": [84, 195]}
				]
			},
			{
				"name": "lunzi4",
				"parent": "lunzi2",
				"pivot": [6.75, 0, 11],
				"cubes": [
					{"origin": [-1.25, 0, 39], "size": [3, 1.75, 4], "uv": [65, 195]},
					{"origin": [-1, 0.25, 39], "size": [2.5, 1.75, 4], "uv": [208, 18]},
					{"origin": [-0.5, 2, 38], "size": [1.5, 6, 6], "uv": [92, 65]},
					{"origin": [0.75, 4.1, 40.25], "size": [1, 1.5, 1.5], "uv": [0, 55]}
				]
			},
			{
				"name": "bone22",
				"parent": "lunzi4",
				"pivot": [6.75, 0, 15],
				"rotation": [45, 0, 0],
				"cubes": [
					{"origin": [-1.25, -19.79899, 34.79899], "size": [3, 1.75, 4], "uv": [194, 147]},
					{"origin": [-1, -19.54899, 34.79899], "size": [2.5, 1.75, 4], "uv": [208, 5]}
				]
			},
			{
				"name": "bone23",
				"parent": "bone22",
				"pivot": [6.75, 0, 19],
				"rotation": [45, 0, 0],
				"cubes": [
					{"origin": [-1.25, -28, 19], "size": [3, 1.75, 4], "uv": [141, 194]},
					{"origin": [-1, -27.75, 19], "size": [2.5, 1.75, 4], "uv": [208, 0]}
				]
			},
			{
				"name": "bone24",
				"parent": "bone23",
				"pivot": [6.75, 0, 23],
				"rotation": [45, 0, 0],
				"cubes": [
					{"origin": [-1.25, -19.79899, 3.20101], "size": [3, 1.75, 4], "uv": [127, 194]},
					{"origin": [-1, -19.54899, 3.20101], "size": [2.5, 1.75, 4], "uv": [96, 208]}
				]
			},
			{
				"name": "bone25",
				"parent": "bone24",
				"pivot": [6.75, 0, 27],
				"rotation": [45, 0, 0],
				"cubes": [
					{"origin": [-1.25, 0, -1], "size": [3, 1.75, 4], "uv": [109, 194]},
					{"origin": [-1, 0.25, -1], "size": [2.5, 1.75, 4], "uv": [84, 208]}
				]
			},
			{
				"name": "bone26",
				"parent": "bone25",
				"pivot": [6.75, 0, 31],
				"rotation": [45, 0, 0],
				"cubes": [
					{"origin": [-1.25, 19.79899, 11.20101], "size": [3, 1.75, 4], "uv": [55, 194]},
					{"origin": [-1, 19.79899, 11.20101], "size": [2.5, 2, 4], "uv": [84, 189]}
				]
			},
			{
				"name": "bone27",
				"parent": "bone26",
				"pivot": [6.75, 0, 35],
				"rotation": [45, 0, 0],
				"cubes": [
					{"origin": [-1.25, 28, 35], "size": [3, 1.75, 4], "uv": [41, 194]},
					{"origin": [-1, 28, 35], "size": [2.5, 2, 4], "uv": [182, 80]}
				]
			},
			{
				"name": "bone28",
				"parent": "bone27",
				"pivot": [6.75, 0, 39],
				"rotation": [45, 0, 0],
				"cubes": [
					{"origin": [-1.25, 19.79899, 58.79899], "size": [3, 1.75, 4], "uv": [27, 194]},
					{"origin": [-1, 19.79899, 58.79899], "size": [2.5, 2, 4], "uv": [182, 74]}
				]
			},
			{
				"name": "lunzi5",
				"parent": "lunzi",
				"pivot": [-10, 0, 0],
				"cubes": [
					{"origin": [-17, 0, 28], "size": [3, 1.75, 4], "uv": [13, 194]},
					{"origin": [-16.75, 0.25, 28], "size": [2.5, 1.75, 4], "uv": [207, 76]},
					{"origin": [-16.25, 2, 27], "size": [1.5, 6, 6], "uv": [92, 49]},
					{"origin": [-17, 4.1, 29.25], "size": [19, 1.5, 1.5], "uv": [0, 79]}
				]
			},
			{
				"name": "bone33",
				"parent": "lunzi5",
				"pivot": [-10, 0, 4],
				"rotation": [45, 0, 0],
				"cubes": [
					{"origin": [-17, -19.79899, 23.79899], "size": [3, 1.75, 4], "uv": [193, 14]},
					{"origin": [-16.75, -19.54899, 23.79899], "size": [2.5, 1.75, 4], "uv": [207, 71]}
				]
			},
			{
				"name": "bone34",
				"parent": "bone33",
				"pivot": [-10, 0, 8],
				"rotation": [45, 0, 0],
				"cubes": [
					{"origin": [-17, -28, 8], "size": [3, 1.75, 4], "uv": [190, 5]},
					{"origin": [-16.75, -27.75, 8], "size": [2.5, 1.75, 4], "uv": [207, 41]}
				]
			},
			{
				"name": "bone35",
				"parent": "bone34",
				"pivot": [-10, 0, 12],
				"rotation": [45, 0, 0],
				"cubes": [
					{"origin": [-17, -19.79899, -7.79899], "size": [3, 1.75, 4], "uv": [190, 0]},
					{"origin": [-16.75, -19.54899, -7.79899], "size": [2.5, 1.75, 4], "uv": [147, 207]}
				]
			},
			{
				"name": "bone36",
				"parent": "bone35",
				"pivot": [-10, 0, 16],
				"rotation": [45, 0, 0],
				"cubes": [
					{"origin": [-17, 0, -12], "size": [3, 1.75, 4], "uv": [99, 190]},
					{"origin": [-16.75, 0.25, -12], "size": [2.5, 1.75, 4], "uv": [206, 185]}
				]
			},
			{
				"name": "bone37",
				"parent": "bone36",
				"pivot": [-10, 0, 20],
				"rotation": [45, 0, 0],
				"cubes": [
					{"origin": [-17, 19.79899, 0.20101], "size": [3, 1.75, 4], "uv": [178, 184]},
					{"origin": [-16.75, 19.79899, 0.20101], "size": [2.5, 2, 4], "uv": [181, 158]}
				]
			},
			{
				"name": "bone38",
				"parent": "bone37",
				"pivot": [-10, 0, 24],
				"rotation": [45, 0, 0],
				"cubes": [
					{"origin": [-17, 28, 24], "size": [3, 1.75, 4], "uv": [24, 183]},
					{"origin": [-16.75, 28, 24], "size": [2.5, 2, 4], "uv": [181, 152]}
				]
			},
			{
				"name": "bone39",
				"parent": "bone38",
				"pivot": [-10, 0, 28],
				"rotation": [45, 0, 0],
				"cubes": [
					{"origin": [-17, 19.79899, 47.79899], "size": [3, 1.75, 4], "uv": [14, 182]},
					{"origin": [-16.75, 19.79899, 47.79899], "size": [2.5, 2, 4], "uv": [57, 178]}
				]
			},
			{
				"name": "lunzi6",
				"parent": "lunzi5",
				"pivot": [-6.75, 0, 0],
				"cubes": [
					{"origin": [-13.75, 0, 28], "size": [3, 1.75, 4], "uv": [0, 182]},
					{"origin": [-13.5, 0.25, 28], "size": [2.5, 1.75, 4], "uv": [206, 180]},
					{"origin": [-13, 2, 27], "size": [1.5, 6, 6], "uv": [92, 19]},
					{"origin": [-13.75, 4.1, 29.25], "size": [1, 1.5, 1.5], "uv": [19, 53]}
				]
			},
			{
				"name": "bone40",
				"parent": "lunzi6",
				"pivot": [-6.75, 0, 4],
				"rotation": [45, 0, 0],
				"cubes": [
					{"origin": [-13.75, -19.79899, 23.79899], "size": [3, 1.75, 4], "uv": [179, 172]},
					{"origin": [-13.5, -19.54899, 23.79899], "size": [2.5, 1.75, 4], "uv": [206, 175]}
				]
			},
			{
				"name": "bone41",
				"parent": "bone40",
				"pivot": [-6.75, 0, 8],
				"rotation": [45, 0, 0],
				"cubes": [
					{"origin": [-13.75, -28, 8], "size": [3, 1.75, 4], "uv": [179, 179]},
					{"origin": [-13.5, -27.75, 8], "size": [2.5, 1.75, 4], "uv": [206, 170]}
				]
			},
			{
				"name": "bone42",
				"parent": "bone41",
				"pivot": [-6.75, 0, 12],
				"rotation": [45, 0, 0],
				"cubes": [
					{"origin": [-13.75, -19.79899, -7.79899], "size": [3, 1.75, 4], "uv": [169, 176]},
					{"origin": [-13.5, -19.54899, -7.79899], "size": [2.5, 1.75, 4], "uv": [206, 165]}
				]
			},
			{
				"name": "bone43",
				"parent": "bone42",
				"pivot": [-6.75, 0, 16],
				"rotation": [45, 0, 0],
				"cubes": [
					{"origin": [-13.75, 0, -12], "size": [3, 1.75, 4], "uv": [172, 136]},
					{"origin": [-13.5, 0.25, -12], "size": [2.5, 1.75, 4], "uv": [206, 160]}
				]
			},
			{
				"name": "bone44",
				"parent": "bone43",
				"pivot": [-6.75, 0, 20],
				"rotation": [45, 0, 0],
				"cubes": [
					{"origin": [-13.75, 19.79899, 0.20101], "size": [3, 1.75, 4], "uv": [171, 161]},
					{"origin": [-13.5, 19.79899, 0.20101], "size": [2.5, 2, 4], "uv": [42, 178]}
				]
			},
			{
				"name": "bone45",
				"parent": "bone44",
				"pivot": [-6.75, 0, 24],
				"rotation": [45, 0, 0],
				"cubes": [
					{"origin": [-13.75, 28, 24], "size": [3, 1.75, 4], "uv": [171, 156]},
					{"origin": [-13.5, 28, 24], "size": [2.5, 2, 4], "uv": [154, 177]}
				]
			},
			{
				"name": "bone46",
				"parent": "bone45",
				"pivot": [-6.75, 0, 28],
				"rotation": [45, 0, 0],
				"cubes": [
					{"origin": [-13.75, 19.79899, 47.79899], "size": [3, 1.75, 4], "uv": [171, 151]},
					{"origin": [-13.5, 19.79899, 47.79899], "size": [2.5, 2, 4], "uv": [57, 172]}
				]
			},
			{
				"name": "lunzi7",
				"parent": "lunzi",
				"pivot": [-10, 0, 11],
				"cubes": [
					{"origin": [-17, 0, 39], "size": [3, 1.75, 4], "uv": [169, 171]},
					{"origin": [-16.75, 0.25, 39], "size": [2.5, 1.75, 4], "uv": [206, 155]},
					{"origin": [-16.25, 2, 38], "size": [1.5, 6, 6], "uv": [92, 0]},
					{"origin": [-17, 4.1, 40.25], "size": [1, 1.5, 1.5], "uv": [0, 53]}
				]
			},
			{
				"name": "bone47",
				"parent": "lunzi7",
				"pivot": [-10, 0, 15],
				"rotation": [45, 0, 0],
				"cubes": [
					{"origin": [-17, -19.79899, 34.79899], "size": [3, 1.75, 4], "uv": [170, 120]},
					{"origin": [-16.75, -19.54899, 34.79899], "size": [2.5, 1.75, 4], "uv": [206, 150]}
				]
			},
			{
				"name": "bone48",
				"parent": "bone47",
				"pivot": [-10, 0, 19],
				"rotation": [45, 0, 0],
				"cubes": [
					{"origin": [-17, -28, 19], "size": [3, 1.75, 4], "uv": [170, 115]},
					{"origin": [-16.75, -27.75, 19], "size": [2.5, 1.75, 4], "uv": [206, 127]}
				]
			},
			{
				"name": "bone49",
				"parent": "bone48",
				"pivot": [-10, 0, 23],
				"rotation": [45, 0, 0],
				"cubes": [
					{"origin": [-17, -19.79899, 3.20101], "size": [3, 1.75, 4], "uv": [122, 170]},
					{"origin": [-16.75, -19.54899, 3.20101], "size": [2.5, 1.75, 4], "uv": [206, 122]}
				]
			},
			{
				"name": "bone50",
				"parent": "bone49",
				"pivot": [-10, 0, 27],
				"rotation": [45, 0, 0],
				"cubes": [
					{"origin": [-17, 0, -1], "size": [3, 1.75, 4], "uv": [21, 170]},
					{"origin": [-16.75, 0.25, -1], "size": [2.5, 1.75, 4], "uv": [206, 84]}
				]
			},
			{
				"name": "bone51",
				"parent": "bone50",
				"pivot": [-10, 0, 31],
				"rotation": [45, 0, 0],
				"cubes": [
					{"origin": [-17, 19.79899, 11.20101], "size": [3, 1.75, 4], "uv": [112, 169]},
					{"origin": [-16.75, 19.79899, 11.20101], "size": [2.5, 2, 4], "uv": [42, 172]}
				]
			},
			{
				"name": "bone52",
				"parent": "bone51",
				"pivot": [-10, 0, 35],
				"rotation": [45, 0, 0],
				"cubes": [
					{"origin": [-17, 28, 35], "size": [3, 1.75, 4], "uv": [132, 167]},
					{"origin": [-16.75, 28, 35], "size": [2.5, 2, 4], "uv": [154, 171]}
				]
			},
			{
				"name": "bone53",
				"parent": "bone52",
				"pivot": [-10, 0, 39],
				"rotation": [45, 0, 0],
				"cubes": [
					{"origin": [-17, 19.79899, 58.79899], "size": [3, 1.75, 4], "uv": [166, 32]},
					{"origin": [-16.75, 19.79899, 58.79899], "size": [2.5, 2, 4], "uv": [168, 78]}
				]
			},
			{
				"name": "lunzi8",
				"parent": "lunzi7",
				"pivot": [-6.75, 0, 11],
				"cubes": [
					{"origin": [-13.75, 0, 39], "size": [3, 1.75, 4], "uv": [165, 49]},
					{"origin": [-13.5, 0.25, 39], "size": [2.5, 1.75, 4], "uv": [206, 66]},
					{"origin": [-13, 2, 38], "size": [1.5, 6, 6], "uv": [0, 82]},
					{"origin": [-13.75, 4.1, 40.25], "size": [1, 1.5, 1.5], "uv": [31, 44]}
				]
			},
			{
				"name": "bone54",
				"parent": "lunzi8",
				"pivot": [-6.75, 0, 15],
				"rotation": [45, 0, 0],
				"cubes": [
					{"origin": [-13.75, -19.79899, 34.79899], "size": [3, 1.75, 4], "uv": [42, 165]},
					{"origin": [-13.5, -19.54899, 34.79899], "size": [2.5, 1.75, 4], "uv": [206, 61]}
				]
			},
			{
				"name": "bone55",
				"parent": "bone54",
				"pivot": [-6.75, 0, 19],
				"rotation": [45, 0, 0],
				"cubes": [
					{"origin": [-13.75, -28, 19], "size": [3, 1.75, 4], "uv": [21, 165]},
					{"origin": [-13.5, -27.75, 19], "size": [2.5, 1.75, 4], "uv": [187, 206]}
				]
			},
			{
				"name": "bone56",
				"parent": "bone55",
				"pivot": [-6.75, 0, 23],
				"rotation": [45, 0, 0],
				"cubes": [
					{"origin": [-13.75, -19.79899, 3.20101], "size": [3, 1.75, 4], "uv": [154, 164]},
					{"origin": [-13.5, -19.54899, 3.20101], "size": [2.5, 1.75, 4], "uv": [175, 206]}
				]
			},
			{
				"name": "bone57",
				"parent": "bone56",
				"pivot": [-6.75, 0, 27],
				"rotation": [45, 0, 0],
				"cubes": [
					{"origin": [-13.75, 0, -1], "size": [3, 1.75, 4], "uv": [59, 163]},
					{"origin": [-13.5, 0.25, -1], "size": [2.5, 1.75, 4], "uv": [205, 56]}
				]
			},
			{
				"name": "bone58",
				"parent": "bone57",
				"pivot": [-6.75, 0, 31],
				"rotation": [45, 0, 0],
				"cubes": [
					{"origin": [-13.75, 19.79899, 11.20101], "size": [3, 1.75, 4], "uv": [162, 135]},
					{"origin": [-13.5, 19.79899, 11.20101], "size": [2.5, 2, 4], "uv": [168, 54]}
				]
			},
			{
				"name": "bone59",
				"parent": "bone58",
				"pivot": [-6.75, 0, 35],
				"rotation": [45, 0, 0],
				"cubes": [
					{"origin": [-13.75, 28, 35], "size": [3, 1.75, 4], "uv": [130, 162]},
					{"origin": [-13.5, 28, 35], "size": [2.5, 2, 4], "uv": [0, 153]}
				]
			},
			{
				"name": "bone60",
				"parent": "bone59",
				"pivot": [-6.75, 0, 39],
				"rotation": [45, 0, 0],
				"cubes": [
					{"origin": [-13.75, 19.79899, 58.79899], "size": [3, 1.75, 4], "uv": [95, 161]},
					{"origin": [-13.5, 19.79899, 58.79899], "size": [2.5, 2, 4], "uv": [112, 150]}
				]
			},
			{
				"name": "lunzi9",
				"parent": "lunzi",
				"pivot": [10, 0, -27],
				"cubes": [
					{"origin": [2, 0, 1], "size": [3, 1.75, 4], "uv": [42, 160]},
					{"origin": [2.25, 0.25, 1], "size": [2.5, 1.75, 4], "uv": [205, 51]},
					{"origin": [2.75, 2, 0], "size": [1.5, 6, 6], "uv": [19, 41]},
					{"origin": [4, 4.1, 2.25], "size": [1, 1.5, 1.5], "uv": [27, 44]}
				]
			},
			{
				"name": "bone65",
				"parent": "lunzi9",
				"pivot": [10, 0, -23],
				"rotation": [45, 0, 0],
				"cubes": [
					{"origin": [2, -19.79899, -3.20101], "size": [3, 1.75, 4], "uv": [154, 159]},
					{"origin": [2.25, -19.54899, -3.20101], "size": [2.5, 1.75, 4], "uv": [203, 205]}
				]
			},
			{
				"name": "bone66",
				"parent": "bone65",
				"pivot": [10, 0, -19],
				"rotation": [45, 0, 0],
				"cubes": [
					{"origin": [2, -28, -19], "size": [3, 1.75, 4], "uv": [158, 81]},
					{"origin": [2.25, -27.75, -19], "size": [2.5, 1.75, 4], "uv": [112, 205]}
				]
			},
			{
				"name": "bone67",
				"parent": "bone66",
				"pivot": [10, 0, -15],
				"rotation": [45, 0, 0],
				"cubes": [
					{"origin": [2, -19.79899, -34.79899], "size": [3, 1.75, 4], "uv": [95, 156]},
					{"origin": [2.25, -19.54899, -34.79899], "size": [2.5, 1.75, 4], "uv": [68, 205]}
				]
			},
			{
				"name": "bone68",
				"parent": "bone67",
				"pivot": [10, 0, -11],
				"rotation": [45, 0, 0],
				"cubes": [
					{"origin": [2, 0, -39], "size": [3, 1.75, 4], "uv": [42, 155]},
					{"origin": [2.25, 0.25, -39], "size": [2.5, 1.75, 4], "uv": [56, 205]}
				]
			},
			{
				"name": "bone69",
				"parent": "bone68",
				"pivot": [10, 0, -7],
				"rotation": [45, 0, 0],
				"cubes": [
					{"origin": [2, 19.79899, -26.79899], "size": [3, 1.75, 4], "uv": [154, 154]},
					{"origin": [2.25, 19.79899, -26.79899], "size": [2.5, 2, 4], "uv": [0, 147]}
				]
			},
			{
				"name": "bone70",
				"parent": "bone69",
				"pivot": [10, 0, -3],
				"rotation": [45, 0, 0],
				"cubes": [
					{"origin": [2, 28, -3], "size": [3, 1.75, 4], "uv": [24, 152]},
					{"origin": [2.25, 28, -3], "size": [2.5, 2, 4], "uv": [98, 145]}
				]
			},
			{
				"name": "bone71",
				"parent": "bone70",
				"pivot": [10, 0, 1],
				"rotation": [45, 0, 0],
				"cubes": [
					{"origin": [2, 19.79899, 20.79899], "size": [3, 1.75, 4], "uv": [151, 59]},
					{"origin": [2.25, 19.79899, 20.79899], "size": [2.5, 2, 4], "uv": [112, 144]}
				]
			},
			{
				"name": "lunzi10",
				"parent": "lunzi9",
				"pivot": [6.75, 0, -27],
				"cubes": [
					{"origin": [-1.25, 0, 1], "size": [3, 1.75, 4], "uv": [151, 54]},
					{"origin": [-1, 0.25, 1], "size": [2.5, 1.75, 4], "uv": [204, 145]},
					{"origin": [-0.5, 2, 0], "size": [1.5, 6, 6], "uv": [0, 41]},
					{"origin": [0.75, 4.1, 2.25], "size": [1, 1.5, 1.5], "uv": [12, 44]}
				]
			},
			{
				"name": "bone72",
				"parent": "lunzi10",
				"pivot": [6.75, 0, -23],
				"rotation": [45, 0, 0],
				"cubes": [
					{"origin": [-1.25, -19.79899, -3.20101], "size": [3, 1.75, 4], "uv": [151, 49]},
					{"origin": [-1, -19.54899, -3.20101], "size": [2.5, 1.75, 4], "uv": [195, 204]}
				]
			},
			{
				"name": "bone73",
				"parent": "bone72",
				"pivot": [6.75, 0, -19],
				"rotation": [45, 0, 0],
				"cubes": [
					{"origin": [-1.25, -28, -19], "size": [3, 1.75, 4], "uv": [136, 148]},
					{"origin": [-1, -27.75, -19], "size": [2.5, 1.75, 4], "uv": [139, 204]}
				]
			},
			{
				"name": "bone74",
				"parent": "bone73",
				"pivot": [6.75, 0, -15],
				"rotation": [45, 0, 0],
				"cubes": [
					{"origin": [-1.25, -19.79899, -34.79899], "size": [3, 1.75, 4], "uv": [88, 148]},
					{"origin": [-1, -19.54899, -34.79899], "size": [2.5, 1.75, 4], "uv": [127, 204]}
				]
			},
			{
				"name": "bone75",
				"parent": "bone74",
				"pivot": [6.75, 0, -11],
				"rotation": [45, 0, 0],
				"cubes": [
					{"origin": [-1.25, 0, -39], "size": [3, 1.75, 4], "uv": [70, 148]},
					{"origin": [-1, 0.25, -39], "size": [2.5, 1.75, 4], "uv": [104, 204]}
				]
			},
			{
				"name": "bone76",
				"parent": "bone75",
				"pivot": [6.75, 0, -7],
				"rotation": [45, 0, 0],
				"cubes": [
					{"origin": [-1.25, 19.79899, -26.79899], "size": [3, 1.75, 4], "uv": [42, 148]},
					{"origin": [-1, 19.79899, -26.79899], "size": [2.5, 2, 4], "uv": [140, 121]}
				]
			},
			{
				"name": "bone77",
				"parent": "bone76",
				"pivot": [6.75, 0, -3],
				"rotation": [45, 0, 0],
				"cubes": [
					{"origin": [-1.25, 28, -3], "size": [3, 1.75, 4], "uv": [24, 147]},
					{"origin": [-1, 28, -3], "size": [2.5, 2, 4], "uv": [140, 115]}
				]
			},
			{
				"name": "bone78",
				"parent": "bone77",
				"pivot": [6.75, 0, 1],
				"rotation": [45, 0, 0],
				"cubes": [
					{"origin": [-1.25, 19.79899, 20.79899], "size": [3, 1.75, 4], "uv": [88, 143]},
					{"origin": [-1, 19.79899, 20.79899], "size": [2.5, 2, 4], "uv": [98, 139]}
				]
			},
			{
				"name": "lunzi11",
				"parent": "lunzi",
				"pivot": [-10, 0, -27],
				"cubes": [
					{"origin": [-17, 0, 1], "size": [3, 1.75, 4], "uv": [70, 143]},
					{"origin": [-16.75, 0.25, 1], "size": [2.5, 1.75, 4], "uv": [48, 204]},
					{"origin": [-16.25, 2, 0], "size": [1.5, 6, 6], "uv": [19, 0]},
					{"origin": [-17, 4.1, 2.25], "size": [19, 1.5, 1.5], "uv": [0, 77]}
				]
			},
			{
				"name": "bone79",
				"parent": "lunzi11",
				"pivot": [-10, 0, -23],
				"rotation": [45, 0, 0],
				"cubes": [
					{"origin": [-17, -19.79899, -3.20101], "size": [3, 1.75, 4], "uv": [44, 143]},
					{"origin": [-16.75, -19.54899, -3.20101], "size": [2.5, 1.75, 4], "uv": [36, 204]}
				]
			},
			{
				"name": "bone80",
				"parent": "bone79",
				"pivot": [-10, 0, -19],
				"rotation": [45, 0, 0],
				"cubes": [
					{"origin": [-17, -28, -19], "size": [3, 1.75, 4], "uv": [88, 138]},
					{"origin": [-16.75, -27.75, -19], "size": [2.5, 1.75, 4], "uv": [24, 204]}
				]
			},
			{
				"name": "bone81",
				"parent": "bone80",
				"pivot": [-10, 0, -15],
				"rotation": [45, 0, 0],
				"cubes": [
					{"origin": [-17, -19.79899, -34.79899], "size": [3, 1.75, 4], "uv": [70, 138]},
					{"origin": [-16.75, -19.54899, -34.79899], "size": [2.5, 1.75, 4], "uv": [203, 13]}
				]
			},
			{
				"name": "bone82",
				"parent": "bone81",
				"pivot": [-10, 0, -11],
				"rotation": [45, 0, 0],
				"cubes": [
					{"origin": [-17, 0, -39], "size": [3, 1.75, 4], "uv": [0, 127]},
					{"origin": [-16.75, 0.25, -39], "size": [2.5, 1.75, 4], "uv": [96, 203]}
				]
			},
			{
				"name": "bone83",
				"parent": "bone82",
				"pivot": [-10, 0, -7],
				"rotation": [45, 0, 0],
				"cubes": [
					{"origin": [-17, 19.79899, -26.79899], "size": [3, 1.75, 4], "uv": [28, 126]},
					{"origin": [-16.75, 19.79899, -26.79899], "size": [2.5, 2, 4], "uv": [38, 127]}
				]
			},
			{
				"name": "bone84",
				"parent": "bone83",
				"pivot": [-10, 0, -3],
				"rotation": [45, 0, 0],
				"cubes": [
					{"origin": [-17, 28, -3], "size": [3, 1.75, 4], "uv": [113, 125]},
					{"origin": [-16.75, 28, -3], "size": [2.5, 2, 4], "uv": [120, 95]}
				]
			},
			{
				"name": "bone85",
				"parent": "bone84",
				"pivot": [-10, 0, 1],
				"rotation": [45, 0, 0],
				"cubes": [
					{"origin": [-17, 19.79899, 20.79899], "size": [3, 1.75, 4], "uv": [0, 122]},
					{"origin": [-16.75, 19.79899, 20.79899], "size": [2.5, 2, 4], "uv": [120, 89]}
				]
			},
			{
				"name": "lunzi12",
				"parent": "lunzi11",
				"pivot": [-6.75, 0, -27],
				"cubes": [
					{"origin": [-13.75, 0, 1], "size": [3, 1.75, 4], "uv": [0, 117]},
					{"origin": [-13.5, 0.25, 1], "size": [2.5, 1.75, 4], "uv": [84, 203]},
					{"origin": [-13, 2, 0], "size": [1.5, 6, 6], "uv": [0, 0]},
					{"origin": [-13.75, 4.1, 2.25], "size": [1, 1.5, 1.5], "uv": [32, 0]}
				]
			},
			{
				"name": "bone86",
				"parent": "lunzi12",
				"pivot": [-6.75, 0, -23],
				"rotation": [45, 0, 0],
				"cubes": [
					{"origin": [-13.75, -19.79899, -3.20101], "size": [3, 1.75, 4], "uv": [115, 84]},
					{"origin": [-13.5, -19.54899, -3.20101], "size": [2.5, 1.75, 4], "uv": [181, 164]}
				]
			},
			{
				"name": "bone87",
				"parent": "bone86",
				"pivot": [-6.75, 0, -19],
				"rotation": [45, 0, 0],
				"cubes": [
					{"origin": [-13.75, -28, -19], "size": [3, 1.75, 4], "uv": [72, 89]},
					{"origin": [-13.5, -27.75, -19], "size": [2.5, 1.75, 4], "uv": [28, 178]}
				]
			},
			{
				"name": "bone88",
				"parent": "bone87",
				"pivot": [-6.75, 0, -15],
				"rotation": [45, 0, 0],
				"cubes": [
					{"origin": [-13.75, -19.79899, -34.79899], "size": [3, 1.75, 4], "uv": [72, 84]},
					{"origin": [-13.5, -19.54899, -34.79899], "size": [2.5, 1.75, 4], "uv": [168, 84]}
				]
			},
			{
				"name": "bone89",
				"parent": "bone88",
				"pivot": [-6.75, 0, -11],
				"rotation": [45, 0, 0],
				"cubes": [
					{"origin": [-13.75, 0, -39], "size": [3, 1.75, 4], "uv": [19, 53]},
					{"origin": [-13.5, 0.25, -39], "size": [2.5, 1.75, 4], "uv": [168, 60]}
				]
			},
			{
				"name": "bone90",
				"parent": "bone89",
				"pivot": [-6.75, 0, -7],
				"rotation": [45, 0, 0],
				"cubes": [
					{"origin": [-13.75, 19.79899, -26.79899], "size": [3, 1.75, 4], "uv": [0, 53]},
					{"origin": [-13.5, 19.79899, -26.79899], "size": [2.5, 2, 4], "uv": [120, 19]}
				]
			},
			{
				"name": "bone91",
				"parent": "bone90",
				"pivot": [-6.75, 0, -3],
				"rotation": [45, 0, 0],
				"cubes": [
					{"origin": [-13.75, 28, -3], "size": [3, 1.75, 4], "uv": [19, 12]},
					{"origin": [-13.5, 28, -3], "size": [2.5, 2, 4], "uv": [120, 0]}
				]
			},
			{
				"name": "bone92",
				"parent": "bone91",
				"pivot": [-6.75, 0, 1],
				"rotation": [45, 0, 0],
				"cubes": [
					{"origin": [-13.75, 19.79899, 20.79899], "size": [3, 1.75, 4], "uv": [0, 12]},
					{"origin": [-13.5, 19.79899, 20.79899], "size": [2.5, 2, 4], "uv": [27, 66]}
				]
			},
			{
				"name": "dangniban",
				"pivot": [0, 0, 0]
			},
			{
				"name": "dangniban1",
				"parent": "dangniban",
				"pivot": [0, 0, 0],
				"cubes": [
					{"origin": [-1.25, 11, 27.5], "size": [6.5, 1, 16], "uv": [42, 138]}
				]
			},
			{
				"name": "bone29",
				"parent": "dangniban1",
				"pivot": [8, 12, -0.5],
				"rotation": [45, 0, 0],
				"cubes": [
					{"origin": [-1.25, -8.79899, 13.29899], "size": [6.5, 1, 6], "uv": [112, 162]}
				]
			},
			{
				"name": "bone30",
				"parent": "bone29",
				"pivot": [8, 12, -6.5],
				"rotation": [45, 0, 0],
				"cubes": [
					{"origin": [-1.25, -17, -10], "size": [6.5, 1, 3.5], "uv": [28, 122]}
				]
			},
			{
				"name": "bone31",
				"parent": "dangniban1",
				"pivot": [8, 12, 15.5],
				"rotation": [-45, 0, 0],
				"cubes": [
					{"origin": [-1.25, 30.79899, 35.29899], "size": [6.5, 1, 6], "uv": [59, 156]}
				]
			},
			{
				"name": "bone32",
				"parent": "bone31",
				"pivot": [8, 12, 21.5],
				"rotation": [-45, 0, 0],
				"cubes": [
					{"origin": [-1.25, 39, 21.5], "size": [6.5, 1, 3.5], "uv": [114, 109]}
				]
			},
			{
				"name": "dangniban2",
				"parent": "dangniban",
				"pivot": [0, 0, 0],
				"cubes": [
					{"origin": [-17.25, 11, 27.5], "size": [6.5, 1, 16], "uv": [0, 117]}
				]
			},
			{
				"name": "bone61",
				"parent": "dangniban2",
				"pivot": [-8, 12, -0.5],
				"rotation": [45, 0, 0],
				"cubes": [
					{"origin": [-17.25, -8.79899, 13.29899], "size": [6.5, 1, 6], "uv": [148, 32]}
				]
			},
			{
				"name": "bone62",
				"parent": "bone61",
				"pivot": [-8, 12, -6.5],
				"rotation": [45, 0, 0],
				"cubes": [
					{"origin": [-17.25, -17, -10], "size": [6.5, 1, 3.5], "uv": [112, 31]}
				]
			},
			{
				"name": "bone63",
				"parent": "dangniban2",
				"pivot": [-8, 12, 15.5],
				"rotation": [-45, 0, 0],
				"cubes": [
					{"origin": [-17.25, 30.79899, 35.29899], "size": [6.5, 1, 6], "uv": [140, 81]}
				]
			},
			{
				"name": "bone64",
				"parent": "bone63",
				"pivot": [-8, 12, 21.5],
				"rotation": [-45, 0, 0],
				"cubes": [
					{"origin": [-17.25, 39, 21.5], "size": [6.5, 1, 3.5], "uv": [112, 12]}
				]
			},
			{
				"name": "chejia",
				"pivot": [0, 0, 0]
			},
			{
				"name": "chejia1",
				"parent": "chejia",
				"pivot": [0, 0, 0],
				"cubes": [
					{"origin": [-10.25, 5, 8], "size": [8.5, 8, 39], "uv": [93, 2]},
					{"origin": [-10.25, 5, -7], "size": [8.5, 5, 15], "uv": [0, 82]},
					{"origin": [-17.25, 10, -7], "size": [22.5, 1, 15], "uv": [92, 65]}
				]
			},
			{
				"name": "chejia2",
				"parent": "chejia",
				"pivot": [0, 1, 0],
				"cubes": [
					{"origin": [-18, 6, 9.25], "size": [1, 1, 13.25], "uv": [84, 189]},
					{"origin": [-18, 9, 9.25], "size": [1, 1, 13.25], "uv": [182, 74]},
					{"origin": [-17.75, 6, 11.75], "size": [1, 8, 1], "uv": [35, 166]},
					{"origin": [-17.75, 6, 18.75], "size": [1, 8, 1], "uv": [6, 165]}
				]
			},
			{
				"name": "chejia3",
				"parent": "chejia",
				"pivot": [0, 1, 0],
				"cubes": [
					{"origin": [5, 6, 9.25], "size": [1, 1, 13.25], "uv": [42, 172]},
					{"origin": [5, 9, 9.25], "size": [1, 1, 13.25], "uv": [154, 171]},
					{"origin": [4.75, 6, 11.75], "size": [1, 8, 1], "uv": [36, 157]},
					{"origin": [4.75, 6, 18.75], "size": [1, 8, 1], "uv": [148, 153]}
				]
			},
			{
				"name": "youxiang",
				"pivot": [0, 0, 0]
			},
			{
				"name": "youxiang1",
				"parent": "youxiang",
				"pivot": [0, 2, 0],
				"cubes": [
					{"origin": [-16, 6, 10], "size": [6, 6, 12], "uv": [0, 147]},
					{"origin": [-15.5, 5.75, 10.25], "size": [5.5, 6.5, 11.5], "uv": [0, 165]}
				]
			},
			{
				"name": "youxiang2",
				"parent": "youxiang",
				"pivot": [0, 2, 0],
				"cubes": [
					{"origin": [-2, 6, 10], "size": [6, 6, 12], "uv": [112, 144]},
					{"origin": [-2, 5.75, 10.25], "size": [5.5, 6.5, 11.5], "uv": [74, 156]}
				]
			},
			{
				"name": "jiashichang",
				"pivot": [0, 0, 0]
			},
			{
				"name": "zuoyi",
				"parent": "jiashichang",
				"pivot": [0, 0, 0]
			},
			{
				"name": "bone93",
				"parent": "zuoyi",
				"pivot": [0, 0, 0],
				"cubes": [
					{"origin": [-5, 11, -3], "size": [9, 2, 9], "uv": [0, 66]}
				]
			},
			{
				"name": "bone94",
				"parent": "bone93",
				"pivot": [5.5, 11, -22],
				"rotation": [-95, 0, 0],
				"cubes": [
					{"origin": [-5, 36.89345, -36.44036], "size": [9, 2, 12], "uv": [140, 115]},
					{"origin": [-3, 37.14345, -37.44036], "size": [5, 1.5, 1], "uv": [118, 38]},
					{"origin": [-4, 36.89345, -39.69036], "size": [7, 2, 2.75], "uv": [108, 104]}
				]
			},
			{
				"name": "bone95",
				"parent": "zuoyi",
				"pivot": [0, 0, 0],
				"cubes": [
					{"origin": [-16, 11, -3], "size": [9, 2, 9], "uv": [0, 25]}
				]
			},
			{
				"name": "bone96",
				"parent": "bone95",
				"pivot": [-5.5, 11, -22],
				"rotation": [-95, 0, 0],
				"cubes": [
					{"origin": [-16, 36.89345, -36.44036], "size": [9, 2, 12], "uv": [90, 90]},
					{"origin": [-14, 37.14345, -37.44036], "size": [5, 1.5, 1], "uv": [0, 94]},
					{"origin": [-15, 36.89345, -39.69036], "size": [7, 2, 2.75], "uv": [31, 92]}
				]
			},
			{
				"name": "cheke",
				"parent": "jiashichang",
				"pivot": [0, 0, 0]
			},
			{
				"name": "cheke2",
				"parent": "cheke",
				"pivot": [0, 0, 0],
				"cubes": [
					{"origin": [-18.25, 10.5, -8], "size": [1.25, 8, 17], "uv": [0, 41]},
					{"origin": [-18.75, 16.5, 0], "size": [1.25, 1, 3], "uv": [27, 0]},
					{"origin": [-18, 18.5, -8], "size": [1, 1.5, 17], "uv": [69, 138]},
					{"origin": [-18, 5.5, -7], "size": [1, 5, 3.5], "uv": [144, 162]}
				]
			},
			{
				"name": "bone105",
				"parent": "cheke2",
				"pivot": [-11.5, 5.5, -35],
				"rotation": [10, 0, 0],
				"cubes": [
					{"origin": [-18, 0.63785, -7.42538], "size": [1, 5.25, 2.5], "uv": [184, 122]}
				]
			},
			{
				"name": "bone97",
				"parent": "cheke2",
				"pivot": [-11.5, 5.5, -31.5],
				"rotation": [-30, 0, 0],
				"cubes": [
					{"origin": [-18, 19.5, -10.75129], "size": [1, 6, 3.5], "uv": [0, 66]}
				]
			},
			{
				"name": "bone102",
				"parent": "cheke2",
				"pivot": [-12, 20, -35],
				"rotation": [0, 0, 5]
			},
			{
				"name": "bone103",
				"parent": "bone102",
				"pivot": [-12, 20, -35],
				"rotation": [-10, 0, 0],
				"cubes": [
					{"origin": [-17.97717, 24.17351, -8.31939], "size": [1, 11.2, 1], "uv": [151, 65]}
				]
			},
			{
				"name": "bone104",
				"parent": "bone103",
				"pivot": [-12, 31.2, -35],
				"rotation": [10, 0, 0],
				"cubes": [
					{"origin": [-17.97717, 28.47707, -8], "size": [1, 2.2, 15], "uv": [42, 155]},
					{"origin": [-17.97717, 19.62707, 1.5], "size": [1, 8.85, 1.5], "uv": [105, 151]},
					{"origin": [-17.97717, 19.62707, 5.5], "size": [1, 8.85, 1.5], "uv": [127, 25]},
					{"origin": [-17.97717, 19.62707, 3], "size": [1, 3.05, 2.5], "uv": [19, 0]}
				]
			},
			{
				"name": "bone106",
				"parent": "cheke2",
				"pivot": [11.5, 5.5, -35],
				"rotation": [10, 0, 0],
				"cubes": [
					{"origin": [5, 0.63785, -7.42538], "size": [1, 5, 2.5], "uv": [184, 115]}
				]
			},
			{
				"name": "cheke1",
				"parent": "cheke",
				"pivot": [0, 0, 0],
				"cubes": [
					{"origin": [5, 10.5, -8], "size": [1.25, 8, 17], "uv": [0, 0]},
					{"origin": [5, 18.5, -8], "size": [1, 1.5, 17], "uv": [94, 114]},
					{"origin": [5, 5.5, -7], "size": [1, 5, 3.5], "uv": [59, 84]},
					{"origin": [5.5, 16.5, 0], "size": [1.25, 1, 3], "uv": [8, 0]}
				]
			},
			{
				"name": "bone98",
				"parent": "cheke1",
				"pivot": [11.5, 5.5, -35],
				"rotation": [10, 0, 0],
				"cubes": [
					{"origin": [5, 0.63785, -7.42538], "size": [1, 5.25, 2.5], "uv": [182, 50]}
				]
			},
			{
				"name": "bone99",
				"parent": "cheke1",
				"pivot": [11.5, 5.5, -31.5],
				"rotation": [-30, 0, 0],
				"cubes": [
					{"origin": [5, 19.5, -10.75129], "size": [1, 6, 3.5], "uv": [0, 25]}
				]
			},
			{
				"name": "bone100",
				"parent": "cheke1",
				"pivot": [12, 20, -35],
				"rotation": [0, 0, -5]
			},
			{
				"name": "bone101",
				"parent": "bone100",
				"pivot": [12, 20, -35],
				"rotation": [-10, 0, 0],
				"cubes": [
					{"origin": [5.02283, 25.20349, -8.501], "size": [1, 11.2, 1], "uv": [127, 113]}
				]
			},
			{
				"name": "bone107",
				"parent": "bone101",
				"pivot": [12, 31.2, -35],
				"rotation": [10, 0, 0],
				"cubes": [
					{"origin": [5.02283, 29.52293, -8], "size": [1, 2.2, 15], "uv": [154, 154]},
					{"origin": [5.02283, 20.67293, 1.5], "size": [1, 8.85, 1.5], "uv": [127, 6]},
					{"origin": [5.02283, 20.67293, 5.5], "size": [1, 8.85, 1.5], "uv": [46, 122]},
					{"origin": [5.02283, 20.67293, 3], "size": [1, 3.05, 2.5], "uv": [0, 0]}
				]
			},
			{
				"name": "bone108",
				"parent": "cheke1",
				"pivot": [-11.5, 5.5, -35],
				"rotation": [10, 0, 0],
				"cubes": [
					{"origin": [-18, 0.63785, -7.42538], "size": [1, 5, 2.5], "uv": [59, 155]}
				]
			},
			{
				"name": "cheke3",
				"parent": "cheke",
				"pivot": [0, 0, 0],
				"cubes": [
					{"origin": [-18.25, 10.5, -8.25], "size": [24.5, 8, 1.25], "uv": [112, 135]},
					{"origin": [-17.5, 18.5, -8], "size": [23, 1.5, 1], "uv": [148, 24]}
				]
			},
			{
				"name": "bone109",
				"parent": "cheke3",
				"pivot": [0, 10.5, -36],
				"rotation": [10, 0, 0],
				"cubes": [
					{"origin": [-18, 0.38785, -8.42538], "size": [24, 5.25, 1.25], "uv": [140, 109]}
				]
			},
			{
				"name": "bone110",
				"parent": "cheke3",
				"pivot": [0, 30, -33.75],
				"rotation": [-10, 0, 0],
				"cubes": [
					{"origin": [-16.75, 33.76215, -6.67538], "size": [21.5, 2.2, 1], "uv": [154, 148]}
				]
			},
			{
				"name": "cheke4",
				"parent": "cheke",
				"pivot": [0, 0, 0],
				"cubes": [
					{"origin": [-17.75, 10.5, 7.75], "size": [23.5, 8, 1.25], "uv": [0, 138]},
					{"origin": [-17.5, 18.5, 7.75], "size": [23.25, 1.5, 1.25], "uv": [31, 82]},
					{"origin": [-16.25, 20, 7.75], "size": [20.5, 11, 1.25], "uv": [148, 0]}
				]
			},
			{
				"name": "bone111",
				"parent": "cheke4",
				"pivot": [-12, 20, -19.625],
				"rotation": [0, 0, 5],
				"cubes": [
					{"origin": [-17.72812, 19.49886, 7.75], "size": [2.5, 11, 1.25], "uv": [96, 90]}
				]
			},
			{
				"name": "bone112",
				"parent": "cheke4",
				"pivot": [12, 20, -19.625],
				"rotation": [0, 0, -5],
				"cubes": [
					{"origin": [3.27378, 20.54472, 7.75], "size": [2.5, 11, 1.25], "uv": [90, 90]}
				]
			},
			{
				"name": "cheke5",
				"parent": "cheke",
				"pivot": [0, 0, 0],
				"cubes": [
					{"origin": [-17, 30.25, -6], "size": [22, 1, 15], "uv": [92, 49]}
				]
			},
			{
				"name": "zhuangshi",
				"parent": "jiashichang",
				"pivot": [0, 0, 0]
			},
			{
				"name": "baoxiangan",
				"parent": "zhuangshi",
				"pivot": [0, 11.75, -34],
				"cubes": [
					{"origin": [-18.5, 10.25, -8.5], "size": [25, 3, 1.75], "uv": [59, 127]},
					{"origin": [4.5, 10.25, -6.75], "size": [2, 3, 16], "uv": [92, 19]},
					{"origin": [-18.5, 10.25, -6.75], "size": [2, 3, 16], "uv": [92, 0]},
					{"origin": [-10, 10.75, -9.5], "size": [1, 3, 1], "uv": [19, 12]},
					{"origin": [-3, 10.75, -9.5], "size": [1, 3, 1], "uv": [0, 12]},
					{"origin": [-8.75, 8, -9.25], "size": [5.5, 2, 1], "uv": [92, 77]}
				]
			},
			{
				"name": "bone113",
				"parent": "baoxiangan",
				"pivot": [0, 8.75, -37],
				"rotation": [10, 0, 0],
				"cubes": [
					{"origin": [-10, 1.88785, -9.92538], "size": [1, 4, 1], "uv": [104, 0]},
					{"origin": [-12.5, 1.38785, -9.92538], "size": [1, 5, 1], "uv": [0, 41]},
					{"origin": [-0.5, 1.38785, -9.92538], "size": [1, 5, 1], "uv": [36, 33]},
					{"origin": [-12, 0.88785, -9.92538], "size": [12, 1, 1], "uv": [92, 38]},
					{"origin": [-12, 5.88785, -9.92538], "size": [12, 1, 1], "uv": [90, 88]},
					{"origin": [-3, 1.88785, -9.92538], "size": [1, 4, 1], "uv": [100, 65]}
				]
			},
			{
				"name": "fadongji",
				"parent": "zhuangshi",
				"pivot": [0, 3, 0],
				"cubes": [
					{"origin": [-12.5, 13.25, -8.4], "size": [13, 3, 1], "uv": [90, 84]}
				]
			},
			{
				"name": "bone114",
				"parent": "fadongji",
				"pivot": [-9.8125, 9.0625, -35.75],
				"rotation": [10, 0, 0],
				"cubes": [
					{"origin": [-16, 3.13785, -8.67538], "size": [3, 2, 1], "uv": [27, 41]},
					{"origin": [-17.75, 3.38785, -8.67538], "size": [1.25, 1.75, 1], "uv": [27, 25]}
				]
			},
			{
				"name": "bone115",
				"parent": "fadongji",
				"pivot": [9.8125, 9.0625, -35.75],
				"rotation": [10, 0, 0],
				"cubes": [
					{"origin": [1, 3.13785, -8.67538], "size": [3, 2, 1], "uv": [8, 41]},
					{"origin": [4.5, 3.38785, -8.67538], "size": [1.25, 1.75, 1], "uv": [27, 27]}
				]
			},
			{
				"name": "yibiaopan",
				"parent": "jiashichang",
				"pivot": [0, 0, 0],
				"cubes": [
					{"origin": [-17, 16, -7], "size": [22, 3, 3], "uv": [140, 103]}
				]
			},
			{
				"name": "bone116",
				"parent": "yibiaopan",
				"pivot": [5.5, 18.5, -31.25],
				"rotation": [20, 0, 0],
				"cubes": [
					{"origin": [-1, 8.42344, -6.68861], "size": [1, 1, 2], "uv": [8, 44]},
					{"origin": [-2.5, 6.92344, -4.68861], "size": [4, 4, 1], "uv": [48, 138]}
				]
			},
			{
				"name": "zhuangshi2",
				"pivot": [0, 0, 0],
				"cubes": [
					{"origin": [-17, 5, 48.25], "size": [22, 2, 1], "uv": [148, 29]},
					{"origin": [-12, 6, 47.75], "size": [2, 7.25, 1], "uv": [180, 32]},
					{"origin": [-2, 6, 47.75], "size": [2, 7.25, 1], "uv": [0, 165]},
					{"origin": [-17, 9, 48.25], "size": [22, 2, 1], "uv": [148, 26]},
					{"origin": [-8.75, 4, 48.75], "size": [5.5, 2, 1], "uv": [27, 72]}
				]
			},
			{
				"name": "chedeng",
				"parent": "zhuangshi2",
				"pivot": [0, 0, 0],
				"cubes": [
					{"origin": [3, 4.75, 48.75], "size": [1.25, 1.25, 1], "uv": [5, 25]},
					{"origin": [-0.5, 4.25, 48.75], "size": [3, 1.75, 1], "uv": [27, 4]}
				]
			},
			{
				"name": "chedeng2",
				"parent": "zhuangshi2",
				"pivot": [0, 0, 0],
				"cubes": [
					{"origin": [-16.25, 4.75, 48.75], "size": [1.25, 1.25, 1], "uv": [13, 0]},
					{"origin": [-14.5, 4.25, 48.75], "size": [3, 1.75, 1], "uv": [8, 4]}
				]
			},
			{
				"name": "jingdi",
				"parent": "zhuangshi2",
				"pivot": [0, 0, 0],
				"cubes": [
					{"origin": [-14, 31, -3], "size": [16, 1, 3], "uv": [0, 36]},
					{"origin": [-8, 31, -4], "size": [4, 3, 5], "uv": [31, 84]},
					{"origin": [-15, 32, -3.5], "size": [7, 1.75, 4], "uv": [28, 117]},
					{"origin": [-4, 32, -3.5], "size": [7, 1.75, 4], "uv": [90, 104]}
				]
			},
			{
				"name": "huocang",
				"pivot": [0, 0, 0],
				"cubes": [
					{"origin": [-19, 13, 9], "size": [26, 1, 40], "uv": [0, 41]}
				]
			},
			{
				"name": "huocang1",
				"parent": "huocang",
				"pivot": [0, 0, 0],
				"cubes": [
					{"origin": [6, 14, 9], "size": [1, 14, 40], "uv": [140, 49]},
					{"origin": [7, 14, 36], "size": [1, 13, 11], "uv": [187, 21]},
					{"origin": [7, 14, 23], "size": [1, 13, 11], "uv": [182, 50]},
					{"origin": [7, 14, 10], "size": [1, 5, 11], "uv": [0, 194]},
					{"origin": [5, 28, 9], "size": [1, 5, 40], "uv": [112, 149]},
					{"origin": [6, 33, 9], "size": [1, 2, 40], "uv": [85, 194]},
					{"origin": [7, 28, 10], "size": [1, 1, 41], "uv": [41, 189]},
					{"origin": [7, 33, 10], "size": [1, 1, 41], "uv": [182, 8]},
					{"origin": [7, 29, 12], "size": [1, 4, 1], "uv": [100, 49]},
					{"origin": [7, 29, 16], "size": [1, 4, 1], "uv": [100, 19]},
					{"origin": [7, 29, 20], "size": [1, 4, 1], "uv": [100, 0]},
					{"origin": [7, 29, 24], "size": [1, 4, 1], "uv": [46, 96]},
					{"origin": [7, 29, 28], "size": [1, 4, 1], "uv": [92, 65]},
					{"origin": [7, 29, 32], "size": [1, 4, 1], "uv": [92, 49]},
					{"origin": [7, 29, 36], "size": [1, 4, 1], "uv": [92, 19]},
					{"origin": [7, 29, 40], "size": [1, 4, 1], "uv": [92, 0]},
					{"origin": [7, 29, 44], "size": [1, 4, 1], "uv": [44, 84]},
					{"origin": [7, 29, 48], "size": [1, 4, 1], "uv": [31, 84]}
				]
			},
			{
				"name": "huocang2",
				"parent": "huocang",
				"pivot": [0, 0, 0],
				"cubes": [
					{"origin": [-19, 14, 9], "size": [1, 14, 40], "uv": [70, 135]},
					{"origin": [-20, 14, 36], "size": [1, 13, 11], "uv": [155, 54]},
					{"origin": [-20, 14, 23], "size": [1, 13, 11], "uv": [59, 84]},
					{"origin": [-20, 14, 10], "size": [1, 5, 11], "uv": [193, 122]},
					{"origin": [-18, 28, 9], "size": [1, 5, 40], "uv": [0, 149]},
					{"origin": [-19, 33, 9], "size": [1, 2, 40], "uv": [193, 63]},
					{"origin": [-20, 28, 10], "size": [1, 1, 41], "uv": [153, 153]},
					{"origin": [-20, 33, 10], "size": [1, 1, 41], "uv": [150, 103]},
					{"origin": [-20, 29, 12], "size": [1, 4, 1], "uv": [82, 82]},
					{"origin": [-20, 29, 16], "size": [1, 4, 1], "uv": [8, 82]},
					{"origin": [-20, 29, 20], "size": [1, 4, 1], "uv": [0, 82]},
					{"origin": [-20, 29, 24], "size": [1, 4, 1], "uv": [35, 65]},
					{"origin": [-20, 29, 28], "size": [1, 4, 1], "uv": [32, 52]},
					{"origin": [-20, 29, 32], "size": [1, 4, 1], "uv": [13, 52]},
					{"origin": [-20, 29, 36], "size": [1, 4, 1], "uv": [19, 41]},
					{"origin": [-20, 29, 40], "size": [1, 4, 1], "uv": [35, 24]},
					{"origin": [-20, 29, 44], "size": [1, 4, 1], "uv": [32, 11]},
					{"origin": [-20, 29, 48], "size": [1, 4, 1], "uv": [13, 11]}
				]
			},
			{
				"name": "huocang3",
				"parent": "huocang",
				"pivot": [0, 0, 0],
				"cubes": [
					{"origin": [-18, 14, 9], "size": [24, 14, 1], "uv": [59, 112]},
					{"origin": [-17, 28, 9], "size": [22, 5, 1], "uv": [148, 18]},
					{"origin": [-18, 33, 9], "size": [24, 2, 1], "uv": [136, 145]}
				]
			},
			{
				"name": "huocang4",
				"parent": "huocang",
				"pivot": [0, 0, 39],
				"cubes": [
					{"origin": [-18, 14, 48], "size": [24, 14, 1], "uv": [0, 102]},
					{"origin": [-17, 28, 48], "size": [22, 5, 1], "uv": [148, 12]},
					{"origin": [-18, 33, 48], "size": [24, 2, 1], "uv": [140, 129]},
					{"origin": [-17, 15, 49], "size": [11, 16, 1], "uv": [193, 105]},
					{"origin": [-3, 13, 49], "size": [1, 23, 1], "uv": [36, 41]},
					{"origin": [4, 13, 49], "size": [1, 23, 1], "uv": [36, 0]},
					{"origin": [-2, 15, 49], "size": [6, 1, 1], "uv": [92, 61]},
					{"origin": [-2, 19, 49], "size": [6, 1, 1], "uv": [92, 33]},
					{"origin": [-2, 23, 49], "size": [6, 1, 1], "uv": [92, 31]},
					{"origin": [-2, 27, 49], "size": [6, 1, 1], "uv": [92, 14]},
					{"origin": [-2, 31, 49], "size": [6, 1, 1], "uv": [92, 12]}
				]
			},
			{
				"name": "huocang5",
				"parent": "huocang",
				"pivot": [0, 22, 0],
				"cubes": [
					{"origin": [-19, 35, 9], "size": [26, 1, 40], "uv": [0, 0]},
					{"origin": [-1, 36, 11], "size": [6, 2, 36], "uv": [127, 195]},
					{"origin": [-17, 36, 11], "size": [6, 2, 36], "uv": [193, 105]}
				]
			},
			{
				"name": "bone117",
				"parent": "huocang5",
				"pivot": [-1, 22, 0],
				"cubes": [
					{"origin": [-8, 36, 2], "size": [4, 3, 51], "uv": [0, 84]},
					{"origin": [-7, 39, 3], "size": [2, 3, 27], "uv": [59, 82]},
					{"origin": [-7, 39, 36], "size": [2, 4, 4], "uv": [27, 25]}
				]
			},
			{
				"name": "bone118",
				"parent": "bone117",
				"pivot": [-0.5, 38.5, -25.5],
				"rotation": [5, 0, 0],
				"cubes": [
					{"origin": [-8, 36.55964, 1.89345], "size": [4, 3, 51], "uv": [81, 81]},
					{"origin": [-8.25, 34.55964, 52.89345], "size": [4.5, 7, 3.5], "uv": [0, 240]}
				]
			}
		]
	}
}