{
	"format_version": "1.10.0",
	"geometry.model": {
		"texturewidth": 128,
		"textureheight": 128,
		"visible_bounds_width": 3,
		"visible_bounds_height": 3,
		"visible_bounds_offset": [0, 0, 0],
		"bones": [
			{
				"name": "fbk",
				"pivot": [0, 0, 0]
			},
			{
				"name": "head",
				"parent": "fbk",
				"pivot": [0, 18, 0],
				"cubes": [
					{"origin": [-3.5, 19, -3.5], "size": [7, 7, 7], "uv": [0, 0]}
				]
			},
			{
				"name": "blink",
				"parent": "head",
				"pivot": [-0.5, 18, 0.5],
				"cubes": [
					{"origin": [-3.5, 19, -3.501], "size": [7, 7, 0], "uv": [40, 19]}
				]
			},
			{
				"name": "head2",
				"parent": "head",
				"pivot": [-0.5, 18.5, -0.5],
				"cubes": [
					{"origin": [-4, 19.5, -3], "size": [8, 6, 6], "uv": [0, 14]},
					{"origin": [-3, 19.5, -3], "size": [6, 6, 7], "uv": [21, 21]},
					{"origin": [-3, 19.5, -3], "size": [6, 7, 6], "uv": [0, 28]}
				]
			},
			{
				"name": "hair",
				"parent": "head",
				"pivot": [0, 18, 0]
			},
			{
				"name": "hair1",
				"parent": "hair",
				"pivot": [0, 24.75, -3.5],
				"rotation": [0, 0, 5]
			},
			{
				"name": "bone4",
				"parent": "hair1",
				"pivot": [0.52179, 24.50095, -3.5],
				"rotation": [-10, 0, -10],
				"cubes": [
					{"origin": [0.10895, 23.98201, -3.67299], "size": [1, 1.5, 1], "uv": [78, 0]}
				]
			},
			{
				"name": "bone",
				"parent": "bone4",
				"pivot": [1.02179, 23.00095, -3.5],
				"rotation": [5, 0, 15],
				"cubes": [
					{"origin": [-0.14794, 22.48252, -3.58777], "size": [1, 1.5, 1], "uv": [78, 0]}
				]
			},
			{
				"name": "bone2",
				"parent": "bone",
				"pivot": [1.02179, 21.50095, -3.5],
				"rotation": [10, 0, 20],
				"cubes": [
					{"origin": [-0.47342, 20.86739, -3.43635], "size": [1, 1.5, 1], "uv": [78, 0]}
				]
			},
			{
				"name": "bone3",
				"parent": "hair1",
				"pivot": [-0.5, 24.75, -3.5],
				"rotation": [-10, 0, 10],
				"cubes": [
					{"origin": [-0.75882, 24.20125, -3.66773], "size": [1, 1.5, 1], "uv": [78, 0]}
				]
			},
			{
				"name": "bone5",
				"parent": "bone3",
				"pivot": [-0.5, 23.25, -3.5],
				"rotation": [5, 0, -10],
				"cubes": [
					{"origin": [-0.5897, 22.74263, -3.58153], "size": [1, 1.5, 1], "uv": [78, 0]}
				]
			},
			{
				"name": "bone6",
				"parent": "bone5",
				"pivot": [-0.5, 21.75, -3.5],
				"rotation": [10, 0, -10],
				"cubes": [
					{"origin": [-0.41597, 21.24219, -3.40784], "size": [1, 1.5, 1], "uv": [78, 0]}
				]
			},
			{
				"name": "hair2",
				"parent": "hair",
				"pivot": [0.9, 24.25, -3.5]
			},
			{
				"name": "bone7",
				"parent": "hair2",
				"pivot": [1.15, 24.2, -3.5],
				"rotation": [-10, 0, -20],
				"cubes": [
					{"origin": [0.99202, 23.62542, -3.66318], "size": [1, 1.5, 1], "uv": [78, 0]}
				]
			},
			{
				"name": "bone8",
				"parent": "bone7",
				"pivot": [1.65, 22.7, -3.5],
				"rotation": [5, 0, 15],
				"cubes": [
					{"origin": [0.74085, 22.19289, -3.57693], "size": [1, 1.5, 1], "uv": [78, 0]}
				]
			},
			{
				"name": "bone9",
				"parent": "hair2",
				"pivot": [2.1, 24.5, -3.4],
				"rotation": [-10, 0, -20],
				"cubes": [
					{"origin": [1.94202, 23.42542, -3.56318], "size": [1, 2, 1], "uv": [78, 0]}
				]
			},
			{
				"name": "bone10",
				"parent": "bone9",
				"pivot": [2.6, 22.5, -3.4],
				"rotation": [5, 0, 10],
				"cubes": [
					{"origin": [1.77613, 21.48128, -3.47795], "size": [1, 2, 1], "uv": [78, 0]}
				]
			},
			{
				"name": "bone11",
				"parent": "bone10",
				"pivot": [2.6, 20.5, -3.4],
				"rotation": [5, 0, 5],
				"cubes": [
					{"origin": [1.68993, 19.49591, -3.39112], "size": [1, 2, 1], "uv": [78, 0]}
				]
			},
			{
				"name": "bone12",
				"parent": "bone11",
				"pivot": [2.6, 18.5, -3.4],
				"rotation": [5, 0, 5],
				"cubes": [
					{"origin": [1.60279, 17.49538, -3.304], "size": [1, 2, 1], "uv": [78, 0]}
				]
			},
			{
				"name": "bone13",
				"parent": "bone12",
				"pivot": [2.6, 16.5, -2.4],
				"rotation": [-5, 0, 10],
				"cubes": [
					{"origin": [1.4299, 15.48538, -3.38984], "size": [1, 2, 1], "uv": [78, 0]}
				]
			},
			{
				"name": "bone14",
				"parent": "hair2",
				"pivot": [2.3, 24.5, -3.5],
				"rotation": [-10, 0, -23],
				"cubes": [
					{"origin": [2.19073, 23.40652, -3.65984], "size": [1, 2, 1], "uv": [78, 0]}
				]
			},
			{
				"name": "bone15",
				"parent": "bone14",
				"pivot": [2.8, 22.5, -3.5],
				"rotation": [5, 0, 10],
				"cubes": [
					{"origin": [2.02738, 21.47087, -3.57551], "size": [1, 2, 1], "uv": [78, 0]}
				]
			},
			{
				"name": "bone16",
				"parent": "bone15",
				"pivot": [2.8, 20.5, -3.5],
				"rotation": [5, 0, 5],
				"cubes": [
					{"origin": [1.9419, 19.48982, -3.4892], "size": [1, 2, 1], "uv": [78, 0]}
				]
			},
			{
				"name": "bone17",
				"parent": "bone16",
				"pivot": [2.8, 18.5, -3.5],
				"rotation": [5, 0, 5],
				"cubes": [
					{"origin": [1.85509, 17.49368, -3.40223], "size": [1, 2, 1], "uv": [78, 0]}
				]
			},
			{
				"name": "bone18",
				"parent": "bone17",
				"pivot": [2.8, 16.5, -2.5],
				"rotation": [-5, 0, 10],
				"cubes": [
					{"origin": [1.6817, 15.99291, -3.48872], "size": [1, 1.5, 1], "uv": [78, 0]}
				]
			},
			{
				"name": "bone19",
				"parent": "bone18",
				"pivot": [2.8, 15, -3.5],
				"rotation": [5, 0, 15],
				"cubes": [
					{"origin": [1.42875, 14.42395, -3.40784], "size": [1, 1.5, 1], "uv": [78, 0]}
				]
			},
			{
				"name": "hair3",
				"parent": "hair",
				"pivot": [-0.9, 24.25, -3.5]
			},
			{
				"name": "bone20",
				"parent": "hair3",
				"pivot": [-1, 24.75, -3.5],
				"rotation": [-10, 0, 20],
				"cubes": [
					{"origin": [-1.84202, 24.17542, -3.66318], "size": [1, 1.5, 1], "uv": [78, 0]}
				]
			},
			{
				"name": "bone21",
				"parent": "bone20",
				"pivot": [-0.5, 23.25, -3.5],
				"rotation": [5, 0, 10],
				"cubes": [
					{"origin": [-1.99752, 22.61295, -3.5883], "size": [1, 1.5, 1], "uv": [78, 0]}
				]
			},
			{
				"name": "bone33",
				"parent": "bone21",
				"pivot": [-0.5, 21.75, -3.5],
				"rotation": [5, 0, 15],
				"cubes": [
					{"origin": [-2.20392, 20.95979, -3.52654], "size": [1, 1.5, 1], "uv": [78, 0]}
				]
			},
			{
				"name": "bone22",
				"parent": "hair3",
				"pivot": [-2.1, 24.5, -3.4],
				"rotation": [-10, 0, 20],
				"cubes": [
					{"origin": [-2.94202, 23.42542, -3.56318], "size": [1, 2, 1], "uv": [78, 0]}
				]
			},
			{
				"name": "bone23",
				"parent": "bone22",
				"pivot": [-2.6, 22.5, -3.4],
				"rotation": [5, 0, -10],
				"cubes": [
					{"origin": [-2.77613, 21.48128, -3.47795], "size": [1, 2, 1], "uv": [78, 0]}
				]
			},
			{
				"name": "bone24",
				"parent": "bone23",
				"pivot": [-2.6, 20.5, -3.4],
				"rotation": [5, 0, -5],
				"cubes": [
					{"origin": [-2.68993, 19.49591, -3.39112], "size": [1, 2, 1], "uv": [78, 0]}
				]
			},
			{
				"name": "bone25",
				"parent": "bone24",
				"pivot": [-2.6, 18.5, -3.4],
				"rotation": [5, 0, -5],
				"cubes": [
					{"origin": [-2.60279, 17.49538, -3.304], "size": [1, 2, 1], "uv": [78, 0]}
				]
			},
			{
				"name": "bone26",
				"parent": "bone25",
				"pivot": [-2.6, 16.5, -2.4],
				"rotation": [-5, 0, -10],
				"cubes": [
					{"origin": [-2.4299, 15.48538, -3.38984], "size": [1, 2, 1], "uv": [78, 0]}
				]
			},
			{
				"name": "bone27",
				"parent": "hair3",
				"pivot": [-2.3, 24.5, -3.5],
				"rotation": [-10, 0, 23],
				"cubes": [
					{"origin": [-3.19073, 23.40652, -3.65984], "size": [1, 2, 1], "uv": [78, 0]}
				]
			},
			{
				"name": "bone28",
				"parent": "bone27",
				"pivot": [-2.8, 22.5, -3.5],
				"rotation": [5, 0, -10],
				"cubes": [
					{"origin": [-3.02738, 21.47087, -3.57551], "size": [1, 2, 1], "uv": [78, 0]}
				]
			},
			{
				"name": "bone29",
				"parent": "bone28",
				"pivot": [-2.8, 20.5, -3.5],
				"rotation": [5, 0, -5],
				"cubes": [
					{"origin": [-2.9419, 19.48982, -3.4892], "size": [1, 2, 1], "uv": [78, 0]}
				]
			},
			{
				"name": "bone30",
				"parent": "bone29",
				"pivot": [-2.8, 18.5, -3.5],
				"rotation": [5, 0, -5],
				"cubes": [
					{"origin": [-2.85509, 17.49368, -3.40223], "size": [1, 2, 1], "uv": [78, 0]}
				]
			},
			{
				"name": "bone31",
				"parent": "bone30",
				"pivot": [-2.8, 16.5, -2.5],
				"rotation": [-5, 0, -10],
				"cubes": [
					{"origin": [-2.6817, 15.99291, -3.48872], "size": [1, 1.5, 1], "uv": [78, 0]}
				]
			},
			{
				"name": "bone32",
				"parent": "bone31",
				"pivot": [-2.8, 15, -3.5],
				"rotation": [5, 0, -15],
				"cubes": [
					{"origin": [-2.42875, 14.42395, -3.40784], "size": [1, 1.5, 1], "uv": [78, 0]}
				]
			},
			{
				"name": "hair4",
				"parent": "hair",
				"pivot": [0, 18, 0]
			},
			{
				"name": "bone34",
				"parent": "hair4",
				"pivot": [-2.8019, 23.95642, -3],
				"rotation": [-13, 0, 25],
				"cubes": [
					{"origin": [-3.72452, 22.8395, -3.20387], "size": [1.5, 2, 1.5], "uv": [91, 0]}
				]
			},
			{
				"name": "bone35",
				"parent": "bone34",
				"pivot": [-3.3019, 21.95642, -3],
				"rotation": [5, 0, -10],
				"cubes": [
					{"origin": [-3.56475, 20.91365, -3.12091], "size": [1.5, 2, 1.5], "uv": [98, 0]}
				]
			},
			{
				"name": "bone36",
				"parent": "bone35",
				"pivot": [-3.3019, 19.95642, -3],
				"rotation": [10, 0, -5],
				"cubes": [
					{"origin": [-3.48032, 18.93908, -2.9495], "size": [1.5, 2, 1.5], "uv": [98, 0]}
				]
			},
			{
				"name": "bone37",
				"parent": "bone36",
				"pivot": [-3.3019, 17.95642, -3],
				"rotation": [0, 0, -15],
				"cubes": [
					{"origin": [-3.21991, 16.95177, -2.9495], "size": [1.5, 2, 1.5], "uv": [84, 0]}
				]
			},
			{
				"name": "bone38",
				"parent": "bone37",
				"pivot": [-3.3019, 15.95642, -1.5],
				"rotation": [-4, 0, -10],
				"cubes": [
					{"origin": [-3.04832, 15.42358, -3.01701], "size": [1.5, 1.5, 1.5], "uv": [84, 0]}
				]
			},
			{
				"name": "bone39",
				"parent": "bone38",
				"pivot": [-3.3019, 14.45642, -1.5],
				"rotation": [-5, 0, -15],
				"cubes": [
					{"origin": [-2.80664, 13.82021, -3.09265], "size": [1.5, 1.5, 1.5], "uv": [84, 0]}
				]
			},
			{
				"name": "bone40",
				"parent": "hair4",
				"pivot": [2.8019, 23.95642, -3],
				"rotation": [-13, 0, -25],
				"cubes": [
					{"origin": [2.22452, 22.8395, -3.20387], "size": [1.5, 2, 1.5], "uv": [91, 0]}
				]
			},
			{
				"name": "bone41",
				"parent": "bone40",
				"pivot": [3.3019, 21.95642, -3],
				"rotation": [5, 0, 10],
				"cubes": [
					{"origin": [2.06475, 20.91365, -3.12091], "size": [1.5, 2, 1.5], "uv": [98, 0]}
				]
			},
			{
				"name": "bone42",
				"parent": "bone41",
				"pivot": [3.3019, 19.95642, -3],
				"rotation": [10, 0, 5],
				"cubes": [
					{"origin": [1.98032, 18.93908, -2.9495], "size": [1.5, 2, 1.5], "uv": [98, 0]}
				]
			},
			{
				"name": "bone43",
				"parent": "bone42",
				"pivot": [3.3019, 17.95642, -3],
				"rotation": [0, 0, 15],
				"cubes": [
					{"origin": [1.71991, 16.95177, -2.9495], "size": [1.5, 2, 1.5], "uv": [83, 0]}
				]
			},
			{
				"name": "bone44",
				"parent": "bone43",
				"pivot": [3.3019, 15.95642, -1.5],
				"rotation": [-4, 0, 10],
				"cubes": [
					{"origin": [1.54832, 15.42358, -3.01701], "size": [1.5, 1.5, 1.5], "uv": [83, 0]}
				]
			},
			{
				"name": "bone45",
				"parent": "bone44",
				"pivot": [3.3019, 14.45642, -1.5],
				"rotation": [-5, 0, 15],
				"cubes": [
					{"origin": [1.30664, 13.82021, -3.09265], "size": [1.5, 1.5, 1.5], "uv": [83, 0]}
				]
			},
			{
				"name": "hair11",
				"parent": "hair",
				"pivot": [0, 18, 0]
			},
			{
				"name": "hair9",
				"parent": "hair11",
				"pivot": [-4, 21, 2],
				"rotation": [5, 0, 10],
				"cubes": [
					{"origin": [-4.17365, 18.98106, 1.58583], "size": [1.5, 3, 1.5], "uv": [91, 0]}
				]
			},
			{
				"name": "bone48",
				"parent": "hair9",
				"pivot": [-4, 18, 1.5],
				"rotation": [10, 0, -5],
				"cubes": [
					{"origin": [-4.08748, 16.96248, 1.75687], "size": [1.5, 2, 1.5], "uv": [98, 0]}
				]
			},
			{
				"name": "bone49",
				"parent": "bone48",
				"pivot": [-4, 16, 1.5],
				"rotation": [5, 0, -10],
				"cubes": [
					{"origin": [-3.91902, 14.937, 1.83982], "size": [1.5, 2, 1.5], "uv": [84, 0]}
				]
			},
			{
				"name": "hair10",
				"parent": "hair11",
				"pivot": [-3.5, 21, 2.5],
				"rotation": [15, 0, 10],
				"cubes": [
					{"origin": [-3.67365, 18.95125, 2.25489], "size": [1.5, 3, 1.5], "uv": [98, 0]}
				]
			},
			{
				"name": "bone51",
				"parent": "hair10",
				"pivot": [-3.5, 18, 2],
				"rotation": [10, 0, -5],
				"cubes": [
					{"origin": [-3.59008, 16.90388, 2.4182], "size": [1.5, 2, 1.5], "uv": [91, 0]}
				]
			},
			{
				"name": "bone52",
				"parent": "bone51",
				"pivot": [-3.5, 16, 3.5],
				"rotation": [-5, 0, -15],
				"cubes": [
					{"origin": [-3.35307, 13.92943, 2.33848], "size": [1.5, 3, 1.5], "uv": [84, 0]}
				]
			},
			{
				"name": "hair13",
				"parent": "hair11",
				"pivot": [-3, 21, 3],
				"rotation": [30, 0, 10],
				"cubes": [
					{"origin": [-3.17365, 18.85287, 2.9924], "size": [1.5, 3, 1.5], "uv": [98, 0]}
				]
			},
			{
				"name": "bone54",
				"parent": "hair13",
				"pivot": [-3, 18, 4],
				"rotation": [-5, 0, -5],
				"cubes": [
					{"origin": [-3.09866, 16.90438, 2.91516], "size": [1.5, 2, 1.5], "uv": [91, 0]}
				]
			},
			{
				"name": "bone55",
				"parent": "bone54",
				"pivot": [-3, 16, 4],
				"rotation": [-5, 0, -18],
				"cubes": [
					{"origin": [-2.81436, 14.9234, 2.83596], "size": [1.5, 2, 1.5], "uv": [84, 0]}
				]
			},
			{
				"name": "bone56",
				"parent": "bone55",
				"pivot": [-3, 14, 4],
				"rotation": [-10, 0, -10],
				"cubes": [
					{"origin": [-2.65683, 11.92215, 2.67854], "size": [1.5, 3, 1.5], "uv": [84, 0]}
				]
			},
			{
				"name": "hair14",
				"parent": "hair11",
				"pivot": [-1.75, 21, 3],
				"rotation": [31, 0, 10],
				"cubes": [
					{"origin": [-1.92365, 18.84415, 3.00721], "size": [1.5, 3, 1.5], "uv": [98, 0]}
				]
			},
			{
				"name": "bone57",
				"parent": "hair14",
				"pivot": [-1.75, 18, 4],
				"rotation": [-5, 0, -5],
				"cubes": [
					{"origin": [-1.84942, 16.89702, 2.93067], "size": [1.5, 2, 1.5], "uv": [98, 0]}
				]
			},
			{
				"name": "bone58",
				"parent": "bone57",
				"pivot": [-1.75, 16, 4],
				"rotation": [-10, 0, -10],
				"cubes": [
					{"origin": [-1.69214, 14.46175, 2.76773], "size": [1.5, 2.5, 1.5], "uv": [84, 0]}
				]
			},
			{
				"name": "bone46",
				"parent": "bone58",
				"pivot": [-1.75, 13.5, 4],
				"rotation": [-10, 0, -5],
				"cubes": [
					{"origin": [-1.60854, 11.73506, 2.59817], "size": [1.5, 2.75, 1.5], "uv": [84, 0]}
				]
			},
			{
				"name": "hair16",
				"parent": "hair11",
				"pivot": [0, 18, 0]
			},
			{
				"name": "bone69",
				"parent": "hair16",
				"pivot": [-3.9, 23.75, 1.7],
				"rotation": [15, 0, 20],
				"cubes": [
					{"origin": [-4.24202, 21.90767, 0.94321], "size": [1, 2.75, 1], "uv": [84, 0]}
				]
			},
			{
				"name": "bone70",
				"parent": "bone69",
				"pivot": [-3.94698, 23.47466, 2.6615],
				"rotation": [-28, 0, 0],
				"cubes": [
					{"origin": [-4.289, 21.89027, 1.45012], "size": [1, 2.5, 1], "uv": [84, 0]}
				]
			},
			{
				"name": "bone71",
				"parent": "bone69",
				"pivot": [-3.9, 23.75, 1.7],
				"cubes": [
					{"origin": [-4.34202, 22.15767, 0.74321], "size": [1.1, 0.5, 1.3], "uv": [105, 2]}
				]
			},
			{
				"name": "bone72",
				"parent": "bone69",
				"pivot": [-3.15, 21, 1.45],
				"rotation": [-5, 0, 15],
				"cubes": [
					{"origin": [-4.22381, 19.89267, 1.117], "size": [0.5, 2, 0.5], "uv": [86, 0]}
				]
			},
			{
				"name": "bone73",
				"parent": "bone72",
				"pivot": [-3.15852, 19.08625, 0.94341],
				"rotation": [10, 0, 15],
				"cubes": [
					{"origin": [-4.41326, 16.67913, 1.22422], "size": [0.5, 3, 0.5], "uv": [86, 0]}
				]
			},
			{
				"name": "bone74",
				"parent": "bone73",
				"pivot": [-3.65852, 16.08625, 0.94341],
				"rotation": [5, 0, -15],
				"cubes": [
					{"origin": [-4.2341, 13.82688, 1.29008], "size": [0.5, 3, 0.5], "uv": [86, 0]},
					{"origin": [-4.4841, 13.57688, 1.04008], "size": [1, 1, 1], "uv": [107, 0]}
				]
			},
			{
				"name": "bone75",
				"parent": "bone74",
				"pivot": [-3.90852, 12.83625, 0.69341],
				"rotation": [15, 0, -10],
				"cubes": [
					{"origin": [-4.34675, 11.54759, 1.24292], "size": [1, 2, 1], "uv": [86, 0], "inflate": -0.1}
				]
			},
			{
				"name": "bone76",
				"parent": "bone74",
				"pivot": [-3.90852, 12.83625, 0.69341],
				"rotation": [-15, 0, -15],
				"cubes": [
					{"origin": [-4.2728, 12.51088, 0.80456], "size": [1, 1.75, 1], "uv": [86, 0], "inflate": -0.1}
				]
			},
			{
				"name": "bone77",
				"parent": "bone76",
				"pivot": [-3.80852, 11.68625, 0.79341],
				"rotation": [15, 0, -10],
				"cubes": [
					{"origin": [-4.1067, 11.49814, 1.05282], "size": [1, 1.2, 1], "uv": [91, 0], "inflate": -0.1}
				]
			},
			{
				"name": "bone105",
				"parent": "bone74",
				"pivot": [-3.06743, 17.24987, 1.47919]
			},
			{
				"name": "bone106",
				"parent": "bone105",
				"pivot": [-3.32595, 15.83612, 0.8726],
				"rotation": [0, 0, 35],
				"cubes": [
					{"origin": [-4.29847, 15.79853, 1.15909], "size": [0.5, 0.7, 0.7], "uv": [94, 2]}
				]
			},
			{
				"name": "bone107",
				"parent": "bone105",
				"pivot": [-3.32595, 15.83612, 0.8726],
				"rotation": [0, 0, -35],
				"cubes": [
					{"origin": [-3.85839, 16.5022, 1.20909], "size": [0.5, 0.7, 0.7], "uv": [94, 2]}
				]
			},
			{
				"name": "bone108",
				"parent": "bone74",
				"pivot": [-3.15717, 16.61768, 1.52697]
			},
			{
				"name": "bone109",
				"parent": "bone108",
				"pivot": [-3.41569, 15.20393, 0.92038],
				"rotation": [0, 0, 35],
				"cubes": [
					{"origin": [-4.38821, 15.16634, 1.20687], "size": [0.5, 0.7, 0.7], "uv": [86, 0]}
				]
			},
			{
				"name": "bone110",
				"parent": "bone108",
				"pivot": [-3.41569, 15.20393, 0.92038],
				"rotation": [0, 0, -35],
				"cubes": [
					{"origin": [-3.94813, 15.87001, 1.25687], "size": [0.5, 0.7, 0.7], "uv": [86, 0]}
				]
			},
			{
				"name": "bone111",
				"parent": "bone74",
				"pivot": [-3.10994, 16.00563, 1.47066]
			},
			{
				"name": "bone112",
				"parent": "bone111",
				"pivot": [-3.36846, 14.59188, 0.86407],
				"rotation": [0, 0, 35],
				"cubes": [
					{"origin": [-4.34098, 14.55429, 1.15057], "size": [0.5, 0.7, 0.7], "uv": [94, 2]}
				]
			},
			{
				"name": "bone113",
				"parent": "bone111",
				"pivot": [-3.36846, 14.59188, 0.86407],
				"rotation": [0, 0, -35],
				"cubes": [
					{"origin": [-3.9009, 15.25797, 1.20057], "size": [0.5, 0.7, 0.7], "uv": [94, 2]}
				]
			},
			{
				"name": "bone90",
				"parent": "bone73",
				"pivot": [-3.24489, 19.89463, 1.43925]
			},
			{
				"name": "bone91",
				"parent": "bone90",
				"pivot": [-3.50341, 18.48088, 0.83266],
				"rotation": [0, 0, 35],
				"cubes": [
					{"origin": [-4.71172, 18.53364, 1.11347], "size": [0.5, 0.7, 0.7], "uv": [86, 0]}
				]
			},
			{
				"name": "bone92",
				"parent": "bone90",
				"pivot": [-3.50341, 18.48088, 0.83266],
				"rotation": [0, 0, -35],
				"cubes": [
					{"origin": [-4.0316, 19.39944, 1.16347], "size": [0.5, 0.7, 0.7], "uv": [86, 0]}
				]
			},
			{
				"name": "bone93",
				"parent": "bone73",
				"pivot": [-3.25586, 19.35746, 1.47558]
			},
			{
				"name": "bone94",
				"parent": "bone93",
				"pivot": [-3.51438, 17.9437, 0.86899],
				"rotation": [0, 0, 35],
				"cubes": [
					{"origin": [-4.72269, 17.99646, 1.1498], "size": [0.5, 0.7, 0.7], "uv": [94, 1]}
				]
			},
			{
				"name": "bone95",
				"parent": "bone93",
				"pivot": [-3.51438, 17.9437, 0.86899],
				"rotation": [0, 0, -35],
				"cubes": [
					{"origin": [-4.04257, 18.86226, 1.1998], "size": [0.5, 0.7, 0.7], "uv": [94, 1]}
				]
			},
			{
				"name": "bone96",
				"parent": "bone73",
				"pivot": [-3.19673, 18.77652, 1.43661]
			},
			{
				"name": "bone97",
				"parent": "bone96",
				"pivot": [-3.45525, 17.36277, 0.83002],
				"rotation": [0, 0, 35],
				"cubes": [
					{"origin": [-4.66356, 17.41553, 1.11083], "size": [0.5, 0.7, 0.7], "uv": [86, 0]}
				]
			},
			{
				"name": "bone98",
				"parent": "bone96",
				"pivot": [-3.45525, 17.36277, 0.83002],
				"rotation": [0, 0, -35],
				"cubes": [
					{"origin": [-3.98344, 18.28133, 1.16083], "size": [0.5, 0.7, 0.7], "uv": [86, 0]}
				]
			},
			{
				"name": "bone99",
				"parent": "bone73",
				"pivot": [-3.21307, 18.25488, 1.42573]
			},
			{
				"name": "bone100",
				"parent": "bone99",
				"pivot": [-3.47158, 16.84112, 0.81914],
				"rotation": [0, 0, 35],
				"cubes": [
					{"origin": [-4.67989, 16.89388, 1.09995], "size": [0.5, 0.7, 0.7], "uv": [92, 2]}
				]
			},
			{
				"name": "bone101",
				"parent": "bone99",
				"pivot": [-3.47158, 16.84112, 0.81914],
				"rotation": [0, 0, -35],
				"cubes": [
					{"origin": [-3.99977, 17.75968, 1.14995], "size": [0.5, 0.7, 0.7], "uv": [92, 2]}
				]
			},
			{
				"name": "bone102",
				"parent": "bone73",
				"pivot": [-3.03525, 17.95612, 1.46607]
			},
			{
				"name": "bone103",
				"parent": "bone102",
				"pivot": [-3.29377, 16.54237, 0.85948],
				"rotation": [0, 0, 35],
				"cubes": [
					{"origin": [-4.32831, 16.28099, 1.08012], "size": [0.5, 0.7, 0.7], "uv": [86, 0]}
				]
			},
			{
				"name": "bone104",
				"parent": "bone102",
				"pivot": [-3.29377, 16.54237, 0.85948],
				"rotation": [0, 0, -35],
				"cubes": [
					{"origin": [-4.05772, 17.19019, 1.13012], "size": [0.5, 0.7, 0.7], "uv": [86, 0]}
				]
			},
			{
				"name": "bone79",
				"parent": "bone72",
				"pivot": [-3.10532, 21.29135, 1.39415]
			},
			{
				"name": "bone78",
				"parent": "bone79",
				"pivot": [-3.36384, 19.8776, 0.78756],
				"rotation": [0, 0, 35],
				"cubes": [
					{"origin": [-4.53944, 20.21395, 0.96115], "size": [0.5, 0.7, 0.7], "uv": [94, 2]}
				]
			},
			{
				"name": "bone80",
				"parent": "bone79",
				"pivot": [-3.36384, 19.8776, 0.78756],
				"rotation": [0, 0, -35],
				"cubes": [
					{"origin": [-3.61435, 20.86242, 1.01115], "size": [0.5, 0.7, 0.7], "uv": [94, 2]}
				]
			},
			{
				"name": "bone81",
				"parent": "bone72",
				"pivot": [-3.03496, 21.72013, 1.35957]
			},
			{
				"name": "bone82",
				"parent": "bone81",
				"pivot": [-3.29348, 20.30638, 0.75298],
				"rotation": [0, 0, 35],
				"cubes": [
					{"origin": [-4.46908, 20.64273, 0.92657], "size": [0.5, 0.7, 0.7], "uv": [86, 0]}
				]
			},
			{
				"name": "bone83",
				"parent": "bone81",
				"pivot": [-3.29348, 20.30638, 0.75298],
				"rotation": [0, 0, -35],
				"cubes": [
					{"origin": [-3.54399, 21.2912, 0.97657], "size": [0.5, 0.7, 0.7], "uv": [86, 0]}
				]
			},
			{
				"name": "bone84",
				"parent": "bone72",
				"pivot": [-3.17569, 20.86257, 1.42872]
			},
			{
				"name": "bone85",
				"parent": "bone84",
				"pivot": [-3.43421, 19.44882, 0.82213],
				"rotation": [0, 0, 35],
				"cubes": [
					{"origin": [-4.60981, 19.78517, 0.99572], "size": [0.5, 0.7, 0.7], "uv": [86, 0]}
				]
			},
			{
				"name": "bone86",
				"parent": "bone84",
				"pivot": [-3.43421, 19.44882, 0.82213],
				"rotation": [0, 0, -35],
				"cubes": [
					{"origin": [-3.68472, 20.43364, 1.04572], "size": [0.5, 0.7, 0.7], "uv": [86, 0]}
				]
			},
			{
				"name": "bone87",
				"parent": "bone72",
				"pivot": [-3.16384, 20.49058, 1.46722]
			},
			{
				"name": "bone88",
				"parent": "bone87",
				"pivot": [-3.42235, 19.07682, 0.86063],
				"rotation": [0, 0, 35],
				"cubes": [
					{"origin": [-4.59795, 19.41317, 1.03422], "size": [0.5, 0.7, 0.7], "uv": [94, 3]}
				]
			},
			{
				"name": "bone89",
				"parent": "bone87",
				"pivot": [-3.42235, 19.07682, 0.86063],
				"rotation": [0, 0, -35],
				"cubes": [
					{"origin": [-3.67286, 20.06164, 1.08422], "size": [0.5, 0.7, 0.7], "uv": [94, 3]}
				]
			},
			{
				"name": "hair5",
				"parent": "hair",
				"pivot": [0, 18, 0]
			},
			{
				"name": "hair6",
				"parent": "hair5",
				"pivot": [4, 21, 2],
				"rotation": [5, 0, -10],
				"cubes": [
					{"origin": [2.67365, 18.98106, 1.58583], "size": [1.5, 3, 1.5], "uv": [91, 0]}
				]
			},
			{
				"name": "bone47",
				"parent": "hair6",
				"pivot": [4, 18, 1.5],
				"rotation": [10, 0, 5],
				"cubes": [
					{"origin": [2.58748, 16.96248, 1.75687], "size": [1.5, 2, 1.5], "uv": [98, 0]}
				]
			},
			{
				"name": "bone50",
				"parent": "bone47",
				"pivot": [4, 16, 1.5],
				"rotation": [5, 0, 10],
				"cubes": [
					{"origin": [2.41902, 14.937, 1.83982], "size": [1.5, 2, 1.5], "uv": [83, 0]}
				]
			},
			{
				"name": "hair7",
				"parent": "hair5",
				"pivot": [3.5, 21, 2.5],
				"rotation": [15, 0, -10],
				"cubes": [
					{"origin": [2.17365, 18.95125, 2.25489], "size": [1.5, 3, 1.5], "uv": [91, 0]}
				]
			},
			{
				"name": "bone53",
				"parent": "hair7",
				"pivot": [3.5, 18, 2],
				"rotation": [10, 0, 5],
				"cubes": [
					{"origin": [2.09008, 16.90388, 2.4182], "size": [1.5, 2, 1.5], "uv": [98, 0]}
				]
			},
			{
				"name": "bone59",
				"parent": "bone53",
				"pivot": [3.5, 16, 3.5],
				"rotation": [-5, 0, 15],
				"cubes": [
					{"origin": [1.85307, 13.92943, 2.33848], "size": [1.5, 3, 1.5], "uv": [83, 0]}
				]
			},
			{
				"name": "hair8",
				"parent": "hair5",
				"pivot": [3, 21, 3],
				"rotation": [30, 0, -10],
				"cubes": [
					{"origin": [1.67365, 18.85287, 2.9924], "size": [1.5, 3, 1.5], "uv": [91, 0]}
				]
			},
			{
				"name": "bone60",
				"parent": "hair8",
				"pivot": [3, 18, 4],
				"rotation": [-5, 0, 5],
				"cubes": [
					{"origin": [1.59866, 16.90438, 2.91516], "size": [1.5, 2, 1.5], "uv": [98, 0]}
				]
			},
			{
				"name": "bone61",
				"parent": "bone60",
				"pivot": [3, 16, 4],
				"rotation": [-5, 0, 18],
				"cubes": [
					{"origin": [1.31436, 14.9234, 2.83596], "size": [1.5, 2, 1.5], "uv": [83, 0]}
				]
			},
			{
				"name": "bone62",
				"parent": "bone61",
				"pivot": [3, 14, 4],
				"rotation": [-10, 0, 10],
				"cubes": [
					{"origin": [1.15683, 11.92215, 2.67854], "size": [1.5, 3, 1.5], "uv": [83, 0]}
				]
			},
			{
				"name": "hair12",
				"parent": "hair5",
				"pivot": [2, 21, 3],
				"rotation": [31, 0, -5],
				"cubes": [
					{"origin": [0.58716, 18.85391, 3.01308], "size": [1.5, 3, 1.5], "uv": [91, 0]}
				]
			},
			{
				"name": "bone63",
				"parent": "hair12",
				"pivot": [2, 18, 4],
				"rotation": [-5, 0, 5],
				"cubes": [
					{"origin": [0.5124, 16.8997, 2.93632], "size": [1.5, 2, 1.5], "uv": [98, 0]}
				]
			},
			{
				"name": "bone64",
				"parent": "bone63",
				"pivot": [2, 16, 4],
				"rotation": [-10, 0, 5],
				"cubes": [
					{"origin": [0.43394, 14.4595, 2.77387], "size": [1.5, 2.5, 1.5], "uv": [83, 0]}
				]
			},
			{
				"name": "bone65",
				"parent": "bone64",
				"pivot": [2, 13.5, 4],
				"rotation": [-10, 0, 5],
				"cubes": [
					{"origin": [0.35057, 11.73321, 2.60473], "size": [1.5, 2.75, 1.5], "uv": [83, 0]}
				]
			},
			{
				"name": "hair15",
				"parent": "hair",
				"pivot": [0, 21, 4.25],
				"rotation": [35, 0, 0],
				"cubes": [
					{"origin": [-0.75, 19.50349, 2.80017], "size": [1.5, 3, 2], "uv": [90, 0]}
				]
			},
			{
				"name": "bone66",
				"parent": "hair15",
				"pivot": [0, 18.68434, 4.22659],
				"rotation": [-10, 0, 0],
				"cubes": [
					{"origin": [-0.75, 17.09065, 2.64921], "size": [1.5, 2.5, 2], "uv": [97, 0]}
				]
			},
			{
				"name": "bone67",
				"parent": "bone66",
				"pivot": [0, 16.18434, 4.22659],
				"rotation": [-12, 0, 0],
				"cubes": [
					{"origin": [-0.75, 14.65871, 2.45154], "size": [1.5, 2.5, 2], "uv": [83, 0]}
				]
			},
			{
				"name": "bone68",
				"parent": "bone67",
				"pivot": [-0.75, 13.68434, 4.22659],
				"rotation": [-10, 0, -5],
				"cubes": [
					{"origin": [-0.66508, 13.17932, 2.27957], "size": [1.5, 1.5, 2], "uv": [83, 0]}
				]
			},
			{
				"name": "hat",
				"parent": "head",
				"pivot": [0, 18, 0]
			},
			{
				"name": "hat1",
				"parent": "hat",
				"pivot": [0, 25, 0]
			},
			{
				"name": "bone114",
				"parent": "hat1",
				"pivot": [0, 25, 0],
				"cubes": [
					{"origin": [-1, 26, -0.58579], "size": [2, 2, 3], "uv": [97, 12]}
				]
			},
			{
				"name": "bone115",
				"parent": "hat1",
				"pivot": [0, 25, 0],
				"rotation": [0, -45, 0],
				"cubes": [
					{"origin": [-1, 26, 0.41421], "size": [2, 2, 2], "uv": [97, 12]},
					{"origin": [-1.5, 26.75, 0.41421], "size": [1.25, 0.5, 3], "uv": [97, 12]}
				]
			},
			{
				"name": "bone116",
				"parent": "hat1",
				"pivot": [0, 25, 0],
				"rotation": [0, -90, 0],
				"cubes": [
					{"origin": [-1, 26, 0.41421], "size": [2, 2, 2], "uv": [97, 12]}
				]
			},
			{
				"name": "bone117",
				"parent": "hat1",
				"pivot": [0, 25, 0],
				"rotation": [0, -135, 0],
				"cubes": [
					{"origin": [-1, 26, 0.41421], "size": [2, 2, 2], "uv": [97, 12]},
					{"origin": [-1, 27.3, 2.41421], "size": [0.5, 0.5, 0.1], "uv": [123, 14]},
					{"origin": [-0.4, 27.3, 2.41421], "size": [0.5, 0.5, 0.1], "uv": [121, 15]}
				]
			},
			{
				"name": "bone118",
				"parent": "hat1",
				"pivot": [0, 25, 0],
				"rotation": [0, -180, 0],
				"cubes": [
					{"origin": [-1, 26, -0.58579], "size": [2, 2, 3], "uv": [97, 12]},
					{"origin": [-0.5, 27.3, 2.41421], "size": [1, 0.5, 0.1], "uv": [122, 13]},
					{"origin": [0.6, 27.3, 2.41421], "size": [0.4, 0.5, 0.1], "uv": [124, 13]},
					{"origin": [-1, 27.3, 2.41421], "size": [0.4, 0.5, 0.1], "uv": [123, 14]}
				]
			},
			{
				"name": "bone119",
				"parent": "hat1",
				"pivot": [0, 25, 0],
				"rotation": [0, -225, 0],
				"cubes": [
					{"origin": [-1, 26, 0.41421], "size": [2, 2, 2], "uv": [97, 12]},
					{"origin": [0.5, 27.3, 2.41421], "size": [0.5, 0.5, 0.1], "uv": [122, 13]},
					{"origin": [-0.1, 27.3, 2.41421], "size": [0.5, 0.5, 0.1], "uv": [122, 13]}
				]
			},
			{
				"name": "bone120",
				"parent": "hat1",
				"pivot": [0, 25, 0],
				"rotation": [0, -270, 0],
				"cubes": [
					{"origin": [-1, 26, 0.41421], "size": [2, 2, 2], "uv": [97, 12]}
				]
			},
			{
				"name": "bone121",
				"parent": "hat1",
				"pivot": [0, 25, 0],
				"rotation": [0, -315, 0],
				"cubes": [
					{"origin": [-1, 26, -0.58579], "size": [2, 2, 3], "uv": [97, 12]},
					{"origin": [0.25, 26.75, 0.41421], "size": [1.25, 0.5, 3], "uv": [97, 12]}
				]
			},
			{
				"name": "bone122",
				"parent": "hat1",
				"pivot": [0, 51.7, 0]
			},
			{
				"name": "bone123",
				"parent": "bone122",
				"pivot": [0, 26.7, 0],
				"cubes": [
					{"origin": [-0.75, 27.7, -0.18934], "size": [1.5, 1, 2], "uv": [121, 27]}
				]
			},
			{
				"name": "bone124",
				"parent": "bone122",
				"pivot": [0, 26.7, 0],
				"rotation": [0, -45, 0],
				"cubes": [
					{"origin": [-0.75, 27.7, -0.18934], "size": [1.5, 1, 2], "uv": [121, 27]}
				]
			},
			{
				"name": "bone125",
				"parent": "bone122",
				"pivot": [0, 26.7, 0],
				"rotation": [0, -90, 0],
				"cubes": [
					{"origin": [-0.75, 27.7, -0.18934], "size": [1.5, 1, 2], "uv": [121, 27]}
				]
			},
			{
				"name": "bone126",
				"parent": "bone122",
				"pivot": [0, 26.7, 0],
				"rotation": [0, -135, 0],
				"cubes": [
					{"origin": [-0.75, 27.7, -0.18934], "size": [1.5, 1, 2], "uv": [121, 27]}
				]
			},
			{
				"name": "bone127",
				"parent": "bone122",
				"pivot": [0, 26.7, 0],
				"rotation": [0, -180, 0],
				"cubes": [
					{"origin": [-0.75, 27.7, -0.18934], "size": [1.5, 1, 2], "uv": [121, 27]}
				]
			},
			{
				"name": "bone128",
				"parent": "bone122",
				"pivot": [0, 26.7, 0],
				"rotation": [0, -225, 0],
				"cubes": [
					{"origin": [-0.75, 27.7, -0.18934], "size": [1.5, 1, 2], "uv": [121, 27]}
				]
			},
			{
				"name": "bone129",
				"parent": "bone122",
				"pivot": [0, 26.7, 0],
				"rotation": [0, -270, 0],
				"cubes": [
					{"origin": [-0.75, 27.7, -0.18934], "size": [1.5, 1, 2], "uv": [121, 27]}
				]
			},
			{
				"name": "bone130",
				"parent": "bone122",
				"pivot": [0, 26.7, 0],
				"rotation": [0, -315, 0],
				"cubes": [
					{"origin": [-0.75, 27.7, -0.18934], "size": [1.5, 1, 2], "uv": [121, 27]}
				]
			},
			{
				"name": "bone131",
				"parent": "hat1",
				"pivot": [0, 25, 0],
				"cubes": [
					{"origin": [-0.5, 26.5, 1.3], "size": [1, 7, 1], "uv": [97, 12], "inflate": -0.3},
					{"origin": [-2.75, 29.85, 1.3], "size": [5.5, 1, 1], "uv": [97, 12], "inflate": -0.3},
					{"origin": [-1.25, 31.85, 1.3], "size": [2.5, 1, 1], "uv": [97, 12], "inflate": -0.3},
					{"origin": [-0.5, 31.5, 1.1], "size": [1, 1.2, 1], "uv": [97, 12], "inflate": -0.4}
				]
			},
			{
				"name": "bone132",
				"parent": "bone131",
				"pivot": [2.2, 29.15, 1.8],
				"rotation": [0, 0, -30],
				"cubes": [
					{"origin": [0, 29.71603, 1.3], "size": [3, 1, 1], "uv": [97, 12], "inflate": -0.3}
				]
			},
			{
				"name": "bone133",
				"parent": "bone131",
				"pivot": [-2.2, 29.15, 1.8],
				"rotation": [0, 0, 30],
				"cubes": [
					{"origin": [-3, 29.71603, 1.3], "size": [3, 1, 1], "uv": [97, 12], "inflate": -0.3}
				]
			},
			{
				"name": "bone134",
				"parent": "hat1",
				"pivot": [-2.4, 25.25, -2.25],
				"rotation": [15, -10, -20],
				"cubes": [
					{"origin": [-2.64739, 25.44228, -2.61062], "size": [1, 2.5, 1], "uv": [97, 12]},
					{"origin": [-2.69739, 26.69228, -2.66062], "size": [1.1, 0.3, 1.1], "uv": [122, 4]}
				]
			},
			{
				"name": "bone135",
				"parent": "bone134",
				"pivot": [-1.98421, 27.01924, -2.79646],
				"rotation": [-65, 0, 0],
				"cubes": [
					{"origin": [-2.64739, 27.57777, -3.55448], "size": [1, 1.25, 1], "uv": [97, 12]},
					{"origin": [-2.74739, 28.62777, -3.65448], "size": [1.2, 0.45, 1.2], "uv": [120, 14]}
				]
			},
			{
				"name": "bone136",
				"parent": "hat1",
				"pivot": [2.4, 25.25, -2.25],
				"rotation": [15, 10, 20],
				"cubes": [
					{"origin": [1.64739, 25.44228, -2.61062], "size": [1, 2.5, 1], "uv": [97, 12]},
					{"origin": [1.59739, 26.69228, -2.66062], "size": [1.1, 0.3, 1.1], "uv": [122, 2]}
				]
			},
			{
				"name": "bone137",
				"parent": "bone136",
				"pivot": [1.98421, 27.01924, -2.79646],
				"rotation": [-65, 0, 0],
				"cubes": [
					{"origin": [1.64739, 27.57777, -3.55448], "size": [1, 1.25, 1], "uv": [97, 12]},
					{"origin": [1.54739, 28.62777, -3.65448], "size": [1.2, 0.45, 1.2], "uv": [121, 14]}
				]
			},
			{
				"name": "hat2",
				"parent": "hat",
				"pivot": [0, 18, 0]
			},
			{
				"name": "bone140",
				"parent": "hat2",
				"pivot": [-2.6, 14.7, 2.2],
				"rotation": [10, 0, 35],
				"cubes": [
					{"origin": [-9.67358, 19.30671, 2.24224], "size": [1, 1.5, 1], "uv": [107, 0], "inflate": -0.3}
				]
			},
			{
				"name": "bone138",
				"parent": "bone140",
				"pivot": [-8.6, 19.7, 2.7],
				"rotation": [-10, 0, 0],
				"cubes": [
					{"origin": [-9.17358, 19.76915, 2.7], "size": [0.25, 0.75, 1.25], "uv": [107, 0]}
				]
			},
			{
				"name": "bone139",
				"parent": "bone138",
				"pivot": [-8.475, 19.325, 2.7],
				"rotation": [-20, 0, 0],
				"cubes": [
					{"origin": [-9.12358, 19.71975, 2.41983], "size": [0.25, 0.75, 1.15], "uv": [107, 0]}
				]
			},
			{
				"name": "bone141",
				"parent": "bone140",
				"pivot": [-8.6, 19.7, 2.45],
				"rotation": [10, 0, 0],
				"cubes": [
					{"origin": [-9.17358, 19.71975, 1.48017], "size": [0.25, 0.75, 1.25], "uv": [107, 0]}
				]
			},
			{
				"name": "bone142",
				"parent": "bone141",
				"pivot": [-8.475, 19.325, 2.45],
				"rotation": [20, 0, 0],
				"cubes": [
					{"origin": [-9.12358, 19.57751, 1.82654], "size": [0.25, 0.75, 1.15], "uv": [107, 0]}
				]
			},
			{
				"name": "bone143",
				"parent": "bone140",
				"pivot": [-8.6, 18.95, 2.55],
				"rotation": [-10, 0, 0],
				"cubes": [
					{"origin": [-8.92358, 18.31915, 2.1], "size": [0.25, 1.5, 0.5], "uv": [107, 0]}
				]
			},
			{
				"name": "bone144",
				"parent": "bone140",
				"pivot": [-8.6, 18.95, 2.65],
				"rotation": [10, 0, 0],
				"cubes": [
					{"origin": [-8.92358, 18.26975, 2.88017], "size": [0.25, 1.5, 0.5], "uv": [107, 0]}
				]
			},
			{
				"name": "hat3",
				"parent": "hat",
				"pivot": [-8.9, 17.25, 4.15],
				"rotation": [20, 0, 30]
			},
			{
				"name": "bone154",
				"parent": "hat3",
				"pivot": [-8.65, 16.5, 4.15],
				"rotation": [0, -90, 0],
				"cubes": [
					{"origin": [-8.8538, 17.0638, 4.4], "size": [1, 1, 1], "uv": [108, 3], "inflate": -0.2},
					{"origin": [-8.8538, 17.5638, 4.4], "size": [1, 1.1, 1], "uv": [108, 3], "inflate": -0.3}
				]
			},
			{
				"name": "bone148",
				"parent": "bone154",
				"pivot": [-7.65, 13, 1.55],
				"rotation": [0, 5, -15],
				"cubes": [
					{"origin": [-9.79874, 16.70941, 4.39139], "size": [2.65, 1.75, 1], "uv": [108, 0], "inflate": -0.3}
				]
			},
			{
				"name": "bone149",
				"parent": "bone148",
				"pivot": [-8.1, 16.475, 4.3],
				"rotation": [0, 0, 35],
				"cubes": [
					{"origin": [-10.74275, 16.31798, 4.34139], "size": [2.8, 2.25, 1], "uv": [108, 0], "inflate": -0.3}
				]
			},
			{
				"name": "bone150",
				"parent": "bone154",
				"pivot": [-8.75, 13.1, 2.3],
				"rotation": [10, 0, -5]
			},
			{
				"name": "bone156",
				"parent": "bone150",
				"pivot": [-9.44886, 13.14311, 2.20606],
				"rotation": [0, 0, 28],
				"cubes": [
					{"origin": [-10.94782, 14.42076, 4.83476], "size": [1.75, 2.5, 1], "uv": [104, 0], "inflate": -0.3}
				]
			},
			{
				"name": "bone145",
				"parent": "bone154",
				"pivot": [-9.65, 13, 1.55],
				"rotation": [0, -5, 15],
				"cubes": [
					{"origin": [-9.58123, 16.86273, 4.34152], "size": [2.65, 1.75, 1], "uv": [108, 0], "inflate": -0.3}
				]
			},
			{
				"name": "bone146",
				"parent": "bone145",
				"pivot": [-9.2, 16.475, 4.3],
				"rotation": [0, 0, -35],
				"cubes": [
					{"origin": [-8.80237, 16.11661, 4.29152], "size": [2.8, 2.25, 1], "uv": [108, 0], "inflate": -0.3}
				]
			},
			{
				"name": "bone147",
				"parent": "bone154",
				"pivot": [-8.55, 13.1, 2.3],
				"rotation": [10, 0, 5]
			},
			{
				"name": "bone151",
				"parent": "bone147",
				"pivot": [-7.85114, 13.14311, 2.20606],
				"rotation": [0, 0, -28],
				"cubes": [
					{"origin": [-7.55724, 14.1886, 4.84372], "size": [1.75, 2.5, 1], "uv": [104, 0], "inflate": -0.3}
				]
			},
			{
				"name": "armRight",
				"parent": "fbk",
				"pivot": [-1.5, 17.5, 0],
				"rotation": [0, 0, 35],
				"cubes": [
					{"origin": [-3.92262, 10.40631, -1], "size": [2, 8, 2], "uv": [8, 48]}
				]
			},
			{
				"name": "armLeft",
				"parent": "fbk",
				"pivot": [1.5, 17.5, 0],
				"rotation": [0, 0, -35],
				"cubes": [
					{"origin": [1.92262, 10.40631, -1], "size": [2, 8, 2], "uv": [0, 47]},
					{"origin": [1.72262, 10.65631, -1.2], "size": [2.2, 1, 2.4], "uv": [118, 26]}
				]
			},
			{
				"name": "zhengti",
				"parent": "armLeft",
				"pivot": [3.19895, 9.81793, 0],
				"rotation": [0, -90, 90]
			},
			{
				"name": "paota",
				"parent": "zhengti",
				"pivot": [3.19895, 9.81793, 0]
			},
			{
				"name": "paota_left",
				"parent": "paota",
				"pivot": [3.19895, 9.81793, 0]
			},
			{
				"name": "bone211",
				"parent": "paota_left",
				"pivot": [-7.80105, 20.81793, 0],
				"rotation": [0, 10, 0],
				"cubes": [
					{"origin": [4.34027, 10.74055, 1.19338], "size": [0.75, 1.5, 2], "uv": [102, 11]},
					{"origin": [4.09027, 11.24055, 1.69338], "size": [1, 2, 1.25], "uv": [102, 11]},
					{"origin": [4.19027, 12.34055, 1.64338], "size": [0.4, 0.8, 0.4], "uv": [123, 13]},
					{"origin": [4.09027, 12.24055, 2.94338], "size": [1, 0.5, 0.25], "uv": [102, 11]}
				]
			},
			{
				"name": "bone212",
				"parent": "bone211",
				"pivot": [-7.80105, 22.81793, -0.25],
				"rotation": [25, 0, 0],
				"cubes": [
					{"origin": [4.09027, 12.1883, -2.65339], "size": [1, 0.6, 1.25], "uv": [102, 11]}
				]
			},
			{
				"name": "bone213",
				"parent": "bone211",
				"pivot": [-7.80105, 20.81793, -2],
				"rotation": [0, 45, 0],
				"cubes": [
					{"origin": [-1.69356, 10.74055, 8.8736], "size": [0.75, 1.5, 0.5], "uv": [102, 11]}
				]
			},
			{
				"name": "bone214",
				"parent": "bone213",
				"pivot": [-7.80105, 20.81793, -2.5],
				"rotation": [0, 35, 0],
				"cubes": [
					{"origin": [-9.70736, 11.24055, 10.25], "size": [1, 1, 0.5], "uv": [102, 11]},
					{"origin": [-9.70736, 10.74055, 9.25], "size": [1, 0.75, 1.5], "uv": [102, 11]}
				]
			},
			{
				"name": "bone215",
				"parent": "bone214",
				"pivot": [-7.80105, 21.81793, -3.25],
				"rotation": [-15, 0, 0],
				"cubes": [
					{"origin": [-9.70736, 14.81095, 12.26881], "size": [1, 1.25, 0.5], "uv": [102, 11]}
				]
			},
			{
				"name": "bone216",
				"parent": "paota_left",
				"pivot": [-7.80105, 20.81793, 0],
				"rotation": [0, -10, 0],
				"cubes": [
					{"origin": [4.40503, 10.74055, -1.4083], "size": [1, 2, 3], "uv": [102, 11]}
				]
			},
			{
				"name": "bone217",
				"parent": "bone216",
				"pivot": [-7.80105, 20.81793, 3],
				"rotation": [0, 20, 0],
				"cubes": [
					{"origin": [3.84027, 10.74055, 5.19338], "size": [1.25, 2, 1], "uv": [102, 11]}
				]
			},
			{
				"name": "bone218",
				"parent": "bone217",
				"pivot": [-9.05105, 20.81793, 3],
				"rotation": [0, -10, 0],
				"cubes": [
					{"origin": [3.19895, 10.74055, 2.90631], "size": [1, 2, 1], "uv": [102, 11]}
				]
			},
			{
				"name": "paota_right",
				"parent": "paota",
				"pivot": [-23.30105, 9.81793, 0]
			},
			{
				"name": "bone219",
				"parent": "paota_right",
				"pivot": [-12.30105, 20.81793, 0],
				"rotation": [0, -10, 0],
				"cubes": [
					{"origin": [0.90503, 10.74055, -3.4083], "size": [0.75, 1.5, 2], "uv": [102, 11]}
				]
			},
			{
				"name": "bone220",
				"parent": "bone219",
				"pivot": [-12.30105, 20.31793, -1],
				"cubes": [
					{"origin": [0.90503, 12.24055, -1.9083], "size": [0.75, 0.5, 0.5], "uv": [102, 11]}
				]
			},
			{
				"name": "bone221",
				"parent": "bone220",
				"pivot": [-12.30105, 22.31793, -0.5],
				"rotation": [-55, 0, 0],
				"cubes": [
					{"origin": [0.90503, 14.67096, 6.53756], "size": [0.75, 1, 0.5], "uv": [102, 11]}
				]
			},
			{
				"name": "bone222",
				"parent": "bone219",
				"pivot": [-12.30105, 20.81793, -2],
				"rotation": [0, -45, 0],
				"cubes": [
					{"origin": [-3.95875, 10.74055, -12.83392], "size": [0.75, 1.5, 0.5], "uv": [102, 11]}
				]
			},
			{
				"name": "bone223",
				"parent": "bone222",
				"pivot": [-12.30105, 20.81793, -2.5],
				"rotation": [0, -35, 0],
				"cubes": [
					{"origin": [-11.39474, 11.24055, -16.25], "size": [1, 1, 0.5], "uv": [102, 11]},
					{"origin": [-11.39474, 10.74055, -17.25], "size": [1, 0.75, 1.5], "uv": [102, 11]}
				]
			},
			{
				"name": "bone224",
				"parent": "bone223",
				"pivot": [-12.30105, 21.81793, -3.25],
				"rotation": [-15, 0, 0],
				"cubes": [
					{"origin": [-11.39474, 7.95224, -13.32823], "size": [1, 1.25, 0.5], "uv": [102, 11]}
				]
			},
			{
				"name": "bone225",
				"parent": "paota_right",
				"pivot": [-12.30105, 20.81793, 0],
				"rotation": [0, 10, 0],
				"cubes": [
					{"origin": [0.59027, 10.74055, 3.19338], "size": [1, 2, 3], "uv": [102, 11]}
				]
			},
			{
				"name": "bone226",
				"parent": "bone225",
				"pivot": [-12.30105, 20.81793, 3],
				"rotation": [0, -20, 0],
				"cubes": [
					{"origin": [0.90503, 10.74055, 0.5917], "size": [1.25, 2, 1], "uv": [102, 11]}
				]
			},
			{
				"name": "bone227",
				"parent": "bone226",
				"pivot": [-11.05105, 20.81793, 3],
				"rotation": [0, 10, 0],
				"cubes": [
					{"origin": [2.19895, 10.74055, 2.90631], "size": [1, 2, 1], "uv": [102, 11]}
				]
			},
			{
				"name": "paota_up",
				"parent": "paota",
				"pivot": [3.19895, 9.81793, 0]
			},
			{
				"name": "bone228",
				"parent": "paota_up",
				"pivot": [3.19895, 9.81793, 0],
				"cubes": [
					{"origin": [1.64895, 11.24055, 0.55631], "size": [3.05, 1.5, 2.85], "uv": [102, 11]},
					{"origin": [1.64895, 10.74055, -0.94369], "size": [3.1, 0.75, 4.35], "uv": [102, 11]}
				]
			},
			{
				"name": "bone229",
				"parent": "bone228",
				"pivot": [-9.80105, 22.31793, -0.35],
				"rotation": [35, 0, 0],
				"cubes": [
					{"origin": [2.94895, 12.45276, -5.70095], "size": [0.5, 1.5, 0.6], "uv": [102, 11]}
				]
			},
			{
				"name": "bone230",
				"parent": "bone229",
				"pivot": [-9.80105, 22.31793, -0.95],
				"rotation": [30, 0, 0],
				"cubes": [
					{"origin": [2.94895, 16.64896, -10.59704], "size": [0.5, 0.8, 1.35], "uv": [102, 11]}
				]
			},
			{
				"name": "paota_other",
				"parent": "paota",
				"pivot": [3.19895, 9.81793, 0]
			},
			{
				"name": "bone231",
				"parent": "paota_other",
				"pivot": [-7.40105, 21.91793, 0],
				"rotation": [0, 10, 0],
				"cubes": [
					{"origin": [4.89027, 11.84055, 1.59338], "size": [1, 1, 2], "uv": [118, 29], "inflate": -0.4}
				]
			},
			{
				"name": "bone232",
				"parent": "bone231",
				"pivot": [-7.40105, 21.91793, -0.2],
				"rotation": [0, -10, 0],
				"cubes": [
					{"origin": [4.94895, 11.84055, 0.40631], "size": [1.3, 1, 1], "uv": [118, 29], "inflate": -0.4},
					{"origin": [4.64895, 11.84055, 1.70631], "size": [1.3, 1, 1], "uv": [118, 29], "inflate": -0.4},
					{"origin": [4.34895, 11.84055, 3.10631], "size": [1.3, 1, 1], "uv": [118, 29], "inflate": -0.4}
				]
			},
			{
				"name": "bone233",
				"parent": "bone231",
				"pivot": [-7.40105, 21.91793, -1.2],
				"rotation": [0, -15, 0],
				"cubes": [
					{"origin": [4.97752, 11.84055, -1.85195], "size": [1.3, 1, 1], "uv": [118, 29], "inflate": -0.4}
				]
			},
			{
				"name": "bone234",
				"parent": "bone231",
				"pivot": [-7.40105, 21.91793, 0],
				"rotation": [0, -20, 0],
				"cubes": [
					{"origin": [5.20503, 11.84055, -1.8083], "size": [1, 1, 4.1], "uv": [118, 29], "inflate": -0.4}
				]
			},
			{
				"name": "bone235",
				"parent": "bone234",
				"pivot": [-7.40105, 21.91793, 3.3],
				"rotation": [0, 20, 0],
				"cubes": [
					{"origin": [3.59027, 11.84055, 5.89338], "size": [2.3, 1, 1], "uv": [118, 29], "inflate": -0.4}
				]
			},
			{
				"name": "bone236",
				"parent": "bone235",
				"pivot": [-8.90105, 21.91793, 3.3],
				"rotation": [0, -10, 0],
				"cubes": [
					{"origin": [3.34895, 11.84055, 3.60631], "size": [1.4, 1, 1], "uv": [118, 29], "inflate": -0.4}
				]
			},
			{
				"name": "bone237",
				"parent": "paota_other",
				"pivot": [-12.70105, 21.91793, 0],
				"rotation": [0, -10, 0],
				"cubes": [
					{"origin": [0.10503, 11.84055, -2.6083], "size": [1, 1, 1.6], "uv": [118, 29], "inflate": -0.4}
				]
			},
			{
				"name": "bone238",
				"parent": "bone237",
				"pivot": [-12.70105, 21.91793, -0.2],
				"rotation": [0, 10, 0],
				"cubes": [
					{"origin": [0.14895, 11.84055, 0.40631], "size": [1.3, 1, 1], "uv": [118, 29], "inflate": -0.4},
					{"origin": [0.44895, 11.84055, 1.70631], "size": [1.3, 1, 1], "uv": [118, 29], "inflate": -0.4},
					{"origin": [0.74895, 11.84055, 3.10631], "size": [1.3, 1, 1], "uv": [118, 29], "inflate": -0.4}
				]
			},
			{
				"name": "bone239",
				"parent": "bone237",
				"pivot": [-12.70105, 21.91793, 0],
				"rotation": [0, 20, 0],
				"cubes": [
					{"origin": [-0.20973, 11.84055, 2.79338], "size": [1, 1, 4.1], "uv": [118, 29], "inflate": -0.4}
				]
			},
			{
				"name": "bone240",
				"parent": "bone239",
				"pivot": [-12.70105, 21.91793, 3.3],
				"rotation": [0, -20, 0],
				"cubes": [
					{"origin": [0.10503, 11.84055, 1.2917], "size": [2.3, 1, 1], "uv": [118, 29], "inflate": -0.4}
				]
			},
			{
				"name": "bone241",
				"parent": "bone240",
				"pivot": [-11.20105, 21.91793, 3.3],
				"rotation": [0, 10, 0],
				"cubes": [
					{"origin": [1.64895, 11.84055, 3.60631], "size": [1.4, 1, 1], "uv": [118, 29], "inflate": -0.4}
				]
			},
			{
				"name": "bone242",
				"parent": "bone237",
				"pivot": [-12.70105, 21.91793, -0.8],
				"rotation": [0, 20, 0],
				"cubes": [
					{"origin": [-0.20973, 11.84055, 1.99338], "size": [1.3, 1, 1], "uv": [118, 29], "inflate": -0.4}
				]
			},
			{
				"name": "bone243",
				"parent": "paota_other",
				"pivot": [-12.20105, 22.71793, 0],
				"rotation": [0, -10, 0],
				"cubes": [
					{"origin": [0.60503, 12.54055, -2.6083], "size": [1, 1, 1.6], "uv": [118, 29], "inflate": -0.4},
					{"origin": [0.60503, 12.04055, -2.6083], "size": [1, 1.3, 1], "uv": [118, 29], "inflate": -0.4}
				]
			},
			{
				"name": "bone244",
				"parent": "bone243",
				"pivot": [-12.20105, 22.71793, 0],
				"rotation": [0, 20, 0],
				"cubes": [
					{"origin": [0.29027, 12.54055, 2.79338], "size": [1, 1, 3.7], "uv": [118, 29], "inflate": -0.4},
					{"origin": [0.29027, 12.24055, 3.09338], "size": [1, 1.1, 1], "uv": [118, 29], "inflate": -0.4},
					{"origin": [0.29027, 12.24055, 4.19338], "size": [1, 1.1, 1], "uv": [118, 29], "inflate": -0.4},
					{"origin": [0.29027, 12.24055, 5.29338], "size": [1, 1.1, 1], "uv": [118, 29], "inflate": -0.4}
				]
			},
			{
				"name": "bone245",
				"parent": "bone244",
				"pivot": [-12.20105, 22.71793, 2.9],
				"rotation": [0, -20, 0],
				"cubes": [
					{"origin": [0.60503, 12.54055, 0.8917], "size": [2, 1, 1], "uv": [118, 29], "inflate": -0.4},
					{"origin": [1.40503, 12.24055, 0.8917], "size": [1, 1.1, 1], "uv": [118, 29], "inflate": -0.4}
				]
			},
			{
				"name": "bone246",
				"parent": "bone245",
				"pivot": [-11.00105, 22.71793, 2.9],
				"rotation": [0, 10, 0],
				"cubes": [
					{"origin": [1.84895, 12.54055, 3.20631], "size": [1.4, 1, 1], "uv": [118, 29], "inflate": -0.4}
				]
			},
			{
				"name": "bone247",
				"parent": "paota_other",
				"pivot": [-7.90105, 22.71793, 0],
				"rotation": [0, 10, 0],
				"cubes": [
					{"origin": [4.39027, 12.54055, 1.99338], "size": [1, 1, 1.6], "uv": [118, 29], "inflate": -0.4},
					{"origin": [4.39027, 12.04055, 1.99338], "size": [1, 1.3, 1], "uv": [118, 29], "inflate": -0.4}
				]
			},
			{
				"name": "bone248",
				"parent": "bone247",
				"pivot": [-7.90105, 22.71793, 0],
				"rotation": [0, -20, 0],
				"cubes": [
					{"origin": [4.70503, 12.54055, -1.8083], "size": [1, 1, 3.7], "uv": [118, 29], "inflate": -0.4},
					{"origin": [4.70503, 12.24055, -1.5083], "size": [1, 1.1, 1], "uv": [118, 29], "inflate": -0.4},
					{"origin": [4.70503, 12.24055, -0.4083], "size": [1, 1.1, 1], "uv": [118, 29], "inflate": -0.4},
					{"origin": [4.70503, 12.24055, 0.6917], "size": [1, 1.1, 1], "uv": [118, 29], "inflate": -0.4}
				]
			},
			{
				"name": "bone249",
				"parent": "bone248",
				"pivot": [-7.90105, 22.71793, 2.9],
				"rotation": [0, 20, 0],
				"cubes": [
					{"origin": [3.39027, 12.54055, 5.49338], "size": [2, 1, 1], "uv": [118, 29], "inflate": -0.4},
					{"origin": [3.59027, 12.24055, 5.49338], "size": [1, 1.1, 1], "uv": [118, 29], "inflate": -0.4}
				]
			},
			{
				"name": "bone250",
				"parent": "bone249",
				"pivot": [-9.10105, 22.71793, 2.9],
				"rotation": [0, -10, 0],
				"cubes": [
					{"origin": [3.14895, 12.54055, 3.20631], "size": [1.4, 1, 1], "uv": [118, 29], "inflate": -0.4}
				]
			},
			{
				"name": "bone251",
				"parent": "paota_other",
				"pivot": [3.19895, 9.81793, 0]
			},
			{
				"name": "bone252",
				"parent": "bone251",
				"pivot": [3.19895, 9.81793, 0],
				"cubes": [
					{"origin": [1.94895, 11.99055, 2.50631], "size": [1, 1, 1], "uv": [118, 29], "inflate": -0.2},
					{"origin": [3.44895, 11.99055, 2.50631], "size": [1, 1, 1], "uv": [118, 29], "inflate": -0.2}
				]
			},
			{
				"name": "bone253",
				"parent": "bone251",
				"pivot": [-10.05105, 19.81793, 0]
			},
			{
				"name": "bone254",
				"parent": "bone253",
				"pivot": [-10.05105, 19.81793, 0],
				"cubes": [
					{"origin": [2.44895, 10.24055, 0.71697], "size": [1.5, 1, 2], "uv": [118, 29]}
				]
			},
			{
				"name": "bone255",
				"parent": "bone253",
				"pivot": [-10.05105, 19.81793, 0],
				"rotation": [0, -45, 0],
				"cubes": [
					{"origin": [-0.79103, 10.24055, -8.91764], "size": [1.5, 1, 2], "uv": [118, 29]}
				]
			},
			{
				"name": "bone256",
				"parent": "bone253",
				"pivot": [-10.05105, 19.81793, 0],
				"rotation": [0, -90, 0],
				"cubes": [
					{"origin": [-9.89474, 10.24055, -13.43934], "size": [1.5, 1, 2], "uv": [118, 29]}
				]
			},
			{
				"name": "bone257",
				"parent": "bone253",
				"pivot": [-10.05105, 19.81793, 0],
				"rotation": [0, -135, 0],
				"cubes": [
					{"origin": [-19.52935, 10.24055, -10.19936], "size": [1.5, 1, 2], "uv": [118, 29]}
				]
			},
			{
				"name": "bone258",
				"parent": "bone253",
				"pivot": [-10.05105, 19.81793, 0],
				"rotation": [0, -180, 0],
				"cubes": [
					{"origin": [-24.05105, 10.24055, -1.09565], "size": [1.5, 1, 2], "uv": [118, 29]}
				]
			},
			{
				"name": "bone259",
				"parent": "bone253",
				"pivot": [-10.05105, 19.81793, 0],
				"rotation": [0, -225, 0],
				"cubes": [
					{"origin": [-20.81106, 10.24055, 8.53897], "size": [1.5, 1, 2], "uv": [118, 29]}
				]
			},
			{
				"name": "bone260",
				"parent": "bone253",
				"pivot": [-10.05105, 19.81793, 0],
				"rotation": [0, -270, 0],
				"cubes": [
					{"origin": [-11.70736, 10.24055, 13.06066], "size": [1.5, 1, 2], "uv": [118, 29]}
				]
			},
			{
				"name": "bone261",
				"parent": "bone253",
				"pivot": [-10.05105, 19.81793, 0],
				"rotation": [0, -315, 0],
				"cubes": [
					{"origin": [-2.07274, 10.24055, 9.82069], "size": [1.5, 1, 2], "uv": [118, 29]}
				]
			},
			{
				"name": "bone262",
				"parent": "bone251",
				"pivot": [3.69895, 9.81793, 0.35],
				"cubes": [
					{"origin": [2.59895, 11.04055, 3.25631], "size": [1.2, 1.1, 1.25], "uv": [118, 29]}
				]
			},
			{
				"name": "bone263",
				"parent": "bone262",
				"pivot": [-9.45105, 21.16793, 3.6],
				"rotation": [0, 10, 0],
				"cubes": [
					{"origin": [3.44027, 11.04055, 5.79338], "size": [1, 1.1, 1], "uv": [118, 29]}
				]
			},
			{
				"name": "bone264",
				"parent": "bone262",
				"pivot": [-10.65105, 21.16793, 3.6],
				"rotation": [0, -10, 0],
				"cubes": [
					{"origin": [1.55503, 11.04055, 1.1917], "size": [1, 1.1, 1], "uv": [118, 29]}
				]
			},
			{
				"name": "bone265",
				"parent": "paota_other",
				"pivot": [3.19895, 9.81793, 0],
				"cubes": [
					{"origin": [1.59895, 12.54055, 0.50631], "size": [1.8, 1, 1], "uv": [121, 13], "inflate": -0.4},
					{"origin": [2.39895, 12.24055, 0.50631], "size": [1, 1.1, 1], "uv": [121, 13], "inflate": -0.4},
					{"origin": [1.59895, 12.24055, 0.50631], "size": [1, 1.1, 1], "uv": [121, 13], "inflate": -0.4}
				]
			},
			{
				"name": "bone266",
				"parent": "bone265",
				"pivot": [3.19895, 9.81793, 0],
				"cubes": [
					{"origin": [2.99895, 12.54055, 0.50631], "size": [1.8, 1, 1], "uv": [121, 13], "inflate": -0.4},
					{"origin": [2.99895, 12.24055, 0.50631], "size": [1, 1.1, 1], "uv": [121, 13], "inflate": -0.4},
					{"origin": [3.79895, 12.24055, 0.50631], "size": [1, 1.1, 1], "uv": [121, 13], "inflate": -0.4}
				]
			},
			{
				"name": "paoguan",
				"parent": "zhengti",
				"pivot": [3.19895, 9.81793, 0]
			},
			{
				"name": "paoguan1",
				"parent": "paoguan",
				"pivot": [-9.30105, 21.56793, -0.5]
			},
			{
				"name": "bone267",
				"parent": "paoguan1",
				"pivot": [3.19895, 9.51793, 0],
				"cubes": [
					{"origin": [3.34895, 11.44055, -5.59369], "size": [1, 1, 5.5], "uv": [116, 26], "inflate": -0.3}
				]
			},
			{
				"name": "bone268",
				"parent": "bone267",
				"pivot": [-8.90105, 21.01793, -2],
				"cubes": [
					{"origin": [3.34895, 11.44055, -1.99369], "size": [1, 1, 3], "uv": [120, 0], "inflate": -0.2}
				]
			},
			{
				"name": "bone269",
				"parent": "bone268",
				"pivot": [-9.40105, 21.81793, -2.1],
				"rotation": [30, 0, 0],
				"cubes": [
					{"origin": [3.34895, 12.27052, -6.30381], "size": [1, 1, 1.4], "uv": [121, 3], "inflate": -0.2}
				]
			},
			{
				"name": "bone270",
				"parent": "bone269",
				"pivot": [-9.40105, 21.81793, -1.1],
				"rotation": [-28, 0, 0],
				"cubes": [
					{"origin": [3.34895, 11.41475, -0.72849], "size": [1, 1, 1.4], "uv": [122, 3], "inflate": -0.2}
				]
			},
			{
				"name": "bone271",
				"parent": "bone268",
				"pivot": [-9.10105, 21.21793, -2.2],
				"rotation": [-10, 0, 0],
				"cubes": [
					{"origin": [3.34895, 11.74342, 0.15563], "size": [1, 1, 2.3], "uv": [122, 0], "inflate": -0.2}
				]
			},
			{
				"name": "paoguan2",
				"parent": "paoguan",
				"pivot": [-10.60105, 21.56793, -0.5]
			},
			{
				"name": "bone272",
				"parent": "paoguan2",
				"pivot": [1.89895, 9.51793, 0],
				"cubes": [
					{"origin": [2.04895, 11.44055, -5.59369], "size": [1, 1, 5.5], "uv": [116, 24], "inflate": -0.3}
				]
			},
			{
				"name": "bone273",
				"parent": "bone272",
				"pivot": [-10.20105, 21.01793, -2],
				"cubes": [
					{"origin": [2.04895, 11.44055, -1.99369], "size": [1, 1, 3], "uv": [120, 2], "inflate": -0.2}
				]
			},
			{
				"name": "bone274",
				"parent": "bone273",
				"pivot": [-10.70105, 21.81793, -2.1],
				"rotation": [30, 0, 0],
				"cubes": [
					{"origin": [2.04895, 12.27052, -6.30381], "size": [1, 1, 1.4], "uv": [121, 2], "inflate": -0.2}
				]
			},
			{
				"name": "bone275",
				"parent": "bone274",
				"pivot": [-10.70105, 21.81793, -1.1],
				"rotation": [-28, 0, 0],
				"cubes": [
					{"origin": [2.04895, 11.41475, -0.72849], "size": [1, 1, 1.4], "uv": [123, 4], "inflate": -0.2}
				]
			},
			{
				"name": "bone276",
				"parent": "bone273",
				"pivot": [-10.40105, 21.21793, -2.2],
				"rotation": [-10, 0, 0],
				"cubes": [
					{"origin": [2.04895, 11.74342, 0.15563], "size": [1, 1, 2.3], "uv": [122, 0], "inflate": -0.2}
				]
			},
			{
				"name": "body",
				"parent": "fbk",
				"pivot": [0, 10.5, 0],
				"cubes": [
					{"origin": [-3, 9.999, -2], "size": [6, 9, 4], "uv": [28, 0]}
				]
			},
			{
				"name": "cloth",
				"parent": "body",
				"pivot": [0, 10.5, 0]
			},
			{
				"name": "clothes1",
				"parent": "cloth",
				"pivot": [0, 9.5, 0]
			},
			{
				"name": "bone152",
				"parent": "clothes1",
				"pivot": [2.25, 16.8, 0],
				"rotation": [0, 0, -45],
				"cubes": [
					{"origin": [2.66422, 17.71422, -2.25], "size": [2, 1, 4.5], "uv": [93, 27]}
				]
			},
			{
				"name": "bone153",
				"parent": "bone152",
				"pivot": [1.25, 16.3, -2.25],
				"rotation": [0, 0, 20],
				"cubes": [
					{"origin": [-0.00476, 18.11262, -2.25], "size": [2.1, 1, 4.5], "uv": [93, 27]},
					{"origin": [-0.00476, 18.21262, -2.251], "size": [2.1, 0.2, 0.25], "uv": [95, 42]}
				]
			},
			{
				"name": "bone158",
				"parent": "bone153",
				"pivot": [1.67262, 17.30631, -2.251],
				"rotation": [0, 0, -20],
				"cubes": [
					{"origin": [2.37973, 18.01342, -2.251], "size": [2, 0.2, 4.55], "uv": [92, 43]}
				]
			},
			{
				"name": "bone155",
				"parent": "bone153",
				"pivot": [-0.85, 17.3, -2.25],
				"rotation": [0, 0, -25],
				"cubes": [
					{"origin": [0.68208, 17.58558, -2.25], "size": [2.1, 0.75, 4.5], "uv": [93, 27]}
				]
			},
			{
				"name": "bone157",
				"parent": "bone155",
				"pivot": [2.01604, 17.69279, -2.25],
				"rotation": [0, 0, 27],
				"cubes": [
					{"origin": [2.40677, 17.86329, -2.25], "size": [1.6, 0.75, 4.5], "uv": [93, 27]}
				]
			},
			{
				"name": "bone159",
				"parent": "clothes1",
				"pivot": [-2.25, 16.8, 0],
				"rotation": [0, 0, 45],
				"cubes": [
					{"origin": [-4.66422, 17.71422, -2.25], "size": [2, 1, 4.5], "uv": [93, 27]}
				]
			},
			{
				"name": "bone160",
				"parent": "bone159",
				"pivot": [-1.25, 16.3, -2.25],
				"rotation": [0, 0, -20],
				"cubes": [
					{"origin": [-2.09524, 18.11262, -2.25], "size": [2.1, 1, 4.5], "uv": [93, 27]},
					{"origin": [-2.09524, 18.21262, -2.251], "size": [2.1, 0.2, 0.25], "uv": [94, 48]}
				]
			},
			{
				"name": "bone161",
				"parent": "bone160",
				"pivot": [-1.67262, 17.30631, -2.251],
				"rotation": [0, 0, 20],
				"cubes": [
					{"origin": [-4.37973, 18.01342, -2.251], "size": [2, 0.2, 4.55], "uv": [95, 44]}
				]
			},
			{
				"name": "bone162",
				"parent": "bone160",
				"pivot": [0.85, 17.3, -2.25],
				"rotation": [0, 0, 25],
				"cubes": [
					{"origin": [-2.78208, 17.58558, -2.25], "size": [2.1, 0.75, 4.5], "uv": [93, 27]}
				]
			},
			{
				"name": "bone163",
				"parent": "bone162",
				"pivot": [-2.01604, 17.69279, -2.25],
				"rotation": [0, 0, -27],
				"cubes": [
					{"origin": [-4.00677, 17.86329, -2.25], "size": [1.6, 0.75, 4.5], "uv": [93, 27]}
				]
			},
			{
				"name": "bone164",
				"parent": "clothes1",
				"pivot": [0, 18, 1.75],
				"rotation": [20, 0, 0],
				"cubes": [
					{"origin": [-2.5, 16.93969, 2.39202], "size": [5, 2, 0.25], "uv": [93, 27]},
					{"origin": [2.2, 16.93969, 2.49202], "size": [0.2, 2, 0.151], "uv": [93, 43]},
					{"origin": [-2.4, 16.93969, 2.49202], "size": [0.2, 2, 0.151], "uv": [91, 46]}
				]
			},
			{
				"name": "bone165",
				"parent": "bone164",
				"pivot": [0, 16, 2.05],
				"rotation": [10, 0, 0],
				"cubes": [
					{"origin": [-2.5, 15.86603, 2.55], "size": [5, 1, 0.25], "uv": [93, 27]},
					{"origin": [2.2, 15.96603, 2.65], "size": [0.2, 0.9, 0.151], "uv": [92, 47]},
					{"origin": [-2.4, 15.96603, 2.65], "size": [0.2, 0.9, 0.151], "uv": [98, 44]},
					{"origin": [-2.2, 15.96603, 2.65], "size": [4.4, 0.2, 0.151], "uv": [99, 47]}
				]
			},
			{
				"name": "clothes",
				"parent": "cloth",
				"pivot": [0, 10.5, 0],
				"cubes": [
					{"origin": [-3.2, 16, -2.2], "size": [6.4, 1.5, 4.4], "uv": [24, 34]},
					{"origin": [-3.15, 14.5, -2.15], "size": [6.3, 1.5, 4.3], "uv": [89, 43]}
				]
			},
			{
				"name": "bone166",
				"parent": "clothes",
				"pivot": [-3.15, 14.75, 0],
				"rotation": [0, 0, 10],
				"cubes": [
					{"origin": [-3.32365, 14.23481, -2.15], "size": [3.35, 2.5, 4.3], "uv": [94, 44]}
				]
			},
			{
				"name": "bone167",
				"parent": "bone166",
				"pivot": [-3.15, 13.25, 0],
				"rotation": [0, 0, 5],
				"cubes": [
					{"origin": [-3.40882, 12.96593, -2.15], "size": [3.85, 2.25, 4.3], "uv": [94, 44]}
				]
			},
			{
				"name": "bone168",
				"parent": "clothes",
				"pivot": [3.15, 14.75, 0],
				"rotation": [0, 0, -10],
				"cubes": [
					{"origin": [-0.02635, 14.23481, -2.15], "size": [3.35, 2.5, 4.3], "uv": [95, 42]}
				]
			},
			{
				"name": "bone169",
				"parent": "bone168",
				"pivot": [3.15, 13.25, 0],
				"rotation": [0, 0, -5],
				"cubes": [
					{"origin": [-0.44118, 12.96593, -2.15], "size": [3.85, 2.25, 4.3], "uv": [95, 42]}
				]
			},
			{
				"name": "clothes2",
				"parent": "cloth",
				"pivot": [0, 10.5, 0]
			},
			{
				"name": "bone195",
				"parent": "clothes2",
				"pivot": [0, 15.5, -2.5],
				"rotation": [-45, -20, -70],
				"cubes": [
					{"origin": [0.38302, 15.01459, -3.4691], "size": [1, 1, 1], "uv": [79, 40]},
					{"origin": [0.88302, 14.91459, -3.5691], "size": [0.2, 1.2, 1.2], "uv": [80, 47]}
				]
			},
			{
				"name": "bone203",
				"parent": "clothes2",
				"pivot": [0, 9.1, -0.25]
			},
			{
				"name": "bone196",
				"parent": "bone203",
				"pivot": [0, 16.25, -1.95],
				"rotation": [0, 0, -45],
				"cubes": [
					{"origin": [0.91422, 17.51422, -2.45], "size": [1, 0.3, 0.25], "uv": [121, 45]},
					{"origin": [1.06422, 17.56422, -2.5], "size": [0.7, 0.2, 0.25], "uv": [81, 48]}
				]
			},
			{
				"name": "bone197",
				"parent": "bone203",
				"pivot": [0, 16.25, -1.95],
				"rotation": [0, 0, -90],
				"cubes": [
					{"origin": [1.5, 16.1, -2.45], "size": [1, 0.3, 0.25], "uv": [121, 45]},
					{"origin": [1.65, 16.15, -2.5], "size": [0.7, 0.2, 0.25], "uv": [80, 46]}
				]
			},
			{
				"name": "bone198",
				"parent": "bone203",
				"pivot": [0, 16.25, -1.95],
				"rotation": [0, 0, -135],
				"cubes": [
					{"origin": [0.91422, 14.68578, -2.45], "size": [1, 0.3, 0.25], "uv": [121, 45]},
					{"origin": [1.06422, 14.73578, -2.5], "size": [0.7, 0.2, 0.25], "uv": [82, 48]}
				]
			},
			{
				"name": "bone199",
				"parent": "bone203",
				"pivot": [0, 16.25, -1.95],
				"rotation": [0, 0, -180],
				"cubes": [
					{"origin": [-0.5, 14.1, -2.45], "size": [1, 0.3, 0.25], "uv": [121, 45]},
					{"origin": [-0.35, 14.15, -2.5], "size": [0.7, 0.2, 0.25], "uv": [80, 47]}
				]
			},
			{
				"name": "bone204",
				"parent": "bone203",
				"pivot": [0, 9.1, -0.35]
			},
			{
				"name": "bone200",
				"parent": "bone204",
				"pivot": [0.1, 9.2, -0.35],
				"cubes": [
					{"origin": [-0.65, 17.95, -2.35], "size": [0.5, 0.5, 0.25], "uv": [122, 30]}
				]
			},
			{
				"name": "bone201",
				"parent": "bone200",
				"pivot": [-0.65, 16.95, -2.225],
				"rotation": [0, 0, -45],
				"cubes": [
					{"origin": [0.05711, 17.15711, -2.35], "size": [0.5, 0.5, 0.25], "uv": [122, 30]}
				]
			},
			{
				"name": "bone202",
				"parent": "bone201",
				"pivot": [-0.65, 16.45, -2.35],
				"rotation": [0, 0, -45],
				"cubes": [
					{"origin": [0.35, 15.95, -2.35], "size": [0.5, 0.5, 0.25], "uv": [122, 30]}
				]
			},
			{
				"name": "bone205",
				"parent": "bone204",
				"pivot": [-0.1, 9.2, -0.35],
				"cubes": [
					{"origin": [0.15, 17.95, -2.35], "size": [0.5, 0.5, 0.25], "uv": [122, 30]}
				]
			},
			{
				"name": "bone206",
				"parent": "bone205",
				"pivot": [0.65, 16.95, -2.225],
				"rotation": [0, 0, 45],
				"cubes": [
					{"origin": [-0.55711, 17.15711, -2.35], "size": [0.5, 0.5, 0.25], "uv": [122, 30]}
				]
			},
			{
				"name": "bone207",
				"parent": "bone206",
				"pivot": [0.65, 16.45, -2.35],
				"rotation": [0, 0, 45],
				"cubes": [
					{"origin": [-0.85, 15.95, -2.35], "size": [0.5, 0.5, 0.25], "uv": [122, 30]}
				]
			},
			{
				"name": "sittingRotationSkirt",
				"parent": "body",
				"pivot": [0, 11.75, 0]
			},
			{
				"name": "derss",
				"parent": "sittingRotationSkirt",
				"pivot": [0, 5.75, 0]
			},
			{
				"name": "bone170",
				"parent": "derss",
				"pivot": [-0.05, 6.75, 0],
				"rotation": [0, 0, 25],
				"cubes": [
					{"origin": [-5.1631, 7.53155, -0.8], "size": [2.55, 5.75, 1.6], "uv": [95, 27]},
					{"origin": [-5.2131, 7.78155, -0.8], "size": [0.6, 0.5, 1.6], "uv": [96, 42]}
				]
			},
			{
				"name": "bone171",
				"parent": "bone170",
				"pivot": [-0.58054, 5.38238, -2],
				"rotation": [-15, 0, 0],
				"cubes": [
					{"origin": [-5.19363, 7.75953, -3.47285], "size": [2.9, 4.25, 2.1], "uv": [95, 27]},
					{"origin": [-5.24363, 8.00953, -3.52285], "size": [2.95, 0.5, 2.15], "uv": [93, 42]}
				]
			},
			{
				"name": "bone172",
				"parent": "bone170",
				"pivot": [-0.58054, 5.38238, 2],
				"rotation": [15, 0, 0],
				"cubes": [
					{"origin": [-5.19363, 7.75953, 1.37285], "size": [2.9, 4.25, 2.1], "uv": [95, 27]},
					{"origin": [-5.24363, 8.00953, 1.37285], "size": [2.95, 0.5, 2.15], "uv": [97, 44]}
				]
			},
			{
				"name": "bone176",
				"parent": "derss",
				"pivot": [0, 5.75, 0]
			},
			{
				"name": "bone177",
				"parent": "bone176",
				"pivot": [1.51946, 5.73238, 2],
				"rotation": [15, 0, 0],
				"cubes": [
					{"origin": [-1.55, 8.56203, 1.7441], "size": [3.05, 4.25, 1.85], "uv": [95, 27]},
					{"origin": [-1.55, 8.81203, 3.4941], "size": [3.05, 0.5, 0.15], "uv": [97, 45]}
				]
			},
			{
				"name": "bone178",
				"parent": "bone176",
				"pivot": [1.51946, 5.73238, -2],
				"rotation": [-15, 0, 0],
				"cubes": [
					{"origin": [-1.55, 8.56203, -3.5941], "size": [3.05, 4.25, 1.85], "uv": [95, 27]},
					{"origin": [-1.55, 8.81203, -3.6441], "size": [3.05, 0.5, 0.15], "uv": [97, 45]}
				]
			},
			{
				"name": "bone173",
				"parent": "derss",
				"pivot": [0.05, 6.75, 0],
				"rotation": [0, 0, -25],
				"cubes": [
					{"origin": [2.6131, 7.53155, -0.8], "size": [2.55, 5.75, 1.6], "uv": [95, 27]},
					{"origin": [4.6131, 7.78155, -0.8], "size": [0.6, 0.5, 1.6], "uv": [100, 45]}
				]
			},
			{
				"name": "bone174",
				"parent": "bone173",
				"pivot": [0.58054, 5.38238, -2],
				"rotation": [-15, 0, 0],
				"cubes": [
					{"origin": [2.29363, 7.75953, -3.47285], "size": [2.9, 4.25, 2.1], "uv": [95, 27]},
					{"origin": [2.29363, 8.00953, -3.52285], "size": [2.95, 0.5, 2.15], "uv": [93, 42]}
				]
			},
			{
				"name": "bone175",
				"parent": "bone173",
				"pivot": [0.58054, 5.38238, 2],
				"rotation": [15, 0, 0],
				"cubes": [
					{"origin": [2.29363, 7.75953, 1.37285], "size": [2.9, 4.25, 2.1], "uv": [95, 27]},
					{"origin": [2.29363, 8.00953, 1.37285], "size": [2.95, 0.5, 2.15], "uv": [94, 44]}
				]
			},
			{
				"name": "bone179",
				"parent": "derss",
				"pivot": [-0.5, 10.25, -3.5]
			},
			{
				"name": "bone180",
				"parent": "bone179",
				"pivot": [-0.2, 10.85, -1.5],
				"rotation": [-15, 0, 10],
				"cubes": [
					{"origin": [-1.37365, 8.55125, -2.35489], "size": [1.75, 3.25, 1], "uv": [95, 27]}
				]
			},
			{
				"name": "bone181",
				"parent": "bone180",
				"pivot": [-1.2, 7.6, -2.1],
				"rotation": [0, 0, -50],
				"cubes": [
					{"origin": [-0.58292, 6.84447, -2.35489], "size": [1.5, 1.5, 1], "uv": [95, 27]}
				]
			},
			{
				"name": "bone182",
				"parent": "bone179",
				"pivot": [0.2, 10.85, -1.5],
				"rotation": [-15, 0, -10],
				"cubes": [
					{"origin": [-0.37635, 8.55125, -2.35489], "size": [1.75, 3.25, 1], "uv": [95, 27]}
				]
			},
			{
				"name": "bone183",
				"parent": "bone182",
				"pivot": [1.2, 7.6, -2.1],
				"rotation": [0, 0, 50],
				"cubes": [
					{"origin": [-0.91708, 6.84447, -2.35489], "size": [1.5, 1.5, 1], "uv": [95, 27]}
				]
			},
			{
				"name": "bone190",
				"parent": "bone179",
				"pivot": [0, 10.75, -1.7],
				"rotation": [-15, 0, 0]
			},
			{
				"name": "bone184",
				"parent": "bone190",
				"pivot": [0, 10.25, -1.7],
				"rotation": [0, 0, 45],
				"cubes": [
					{"origin": [-1.18301, 10.43301, -2.45882], "size": [0.5, 1, 0.5], "uv": [96, 45]},
					{"origin": [-0.68301, 10.93301, -2.45882], "size": [0.5, 0.5, 0.5], "uv": [96, 45]}
				]
			},
			{
				"name": "bone189",
				"parent": "bone184",
				"pivot": [0.5, 10.75, -2.2],
				"rotation": [0, 0, 45],
				"cubes": [
					{"origin": [-0.46593, 10.25, -2.45882], "size": [0.75, 0.5, 0.5], "uv": [96, 45]}
				]
			},
			{
				"name": "bone187",
				"parent": "bone189",
				"pivot": [1.25, 10.75, -2.2],
				"rotation": [0, 0, 45],
				"cubes": [
					{"origin": [0.56699, 9.56699, -2.45882], "size": [0.75, 0.5, 0.5], "uv": [96, 45]}
				]
			},
			{
				"name": "bone185",
				"parent": "bone184",
				"pivot": [-0.5, 9.75, -1.7],
				"rotation": [0, 0, -45],
				"cubes": [
					{"origin": [-0.5, 9.96593, -2.45882], "size": [0.5, 0.75, 0.5], "uv": [96, 45]}
				]
			},
			{
				"name": "bone186",
				"parent": "bone185",
				"pivot": [-0.5, 9, -1.7],
				"rotation": [0, 0, -45],
				"cubes": [
					{"origin": [0.18301, 8.68301, -2.45882], "size": [0.5, 1, 0.5], "uv": [96, 45]}
				]
			},
			{
				"name": "bone188",
				"parent": "bone184",
				"pivot": [0.98744, 9.26256, -1.7],
				"rotation": [0, 0, -45],
				"cubes": [
					{"origin": [0.73744, 9.22849, -2.45882], "size": [0.5, 1.25, 0.5], "uv": [96, 45]}
				]
			},
			{
				"name": "bone191",
				"parent": "bone188",
				"pivot": [1.23744, 8.26256, -2.2],
				"rotation": [0, 0, -45],
				"cubes": [
					{"origin": [0.67045, 8.94557, -2.45882], "size": [1.25, 0.5, 0.5], "uv": [96, 45]},
					{"origin": [0.67045, 9.44557, -2.45882], "size": [0.5, 0.75, 0.5], "uv": [96, 45]}
				]
			},
			{
				"name": "bone192",
				"parent": "bone191",
				"pivot": [-0.01256, 9.51256, -2.2],
				"rotation": [0, 0, 55],
				"cubes": [
					{"origin": [-0.18029, 10.46381, -2.45882], "size": [0.5, 1, 0.5], "uv": [96, 45]}
				]
			},
			{
				"name": "bone193",
				"parent": "bone188",
				"pivot": [0.76256, 8.26256, -2.2],
				"rotation": [0, 0, 45],
				"cubes": [
					{"origin": [0.07955, 8.94557, -2.45882], "size": [1.25, 0.5, 0.5], "uv": [96, 45]},
					{"origin": [0.82955, 9.44557, -2.45882], "size": [0.5, 0.75, 0.5], "uv": [96, 45]}
				]
			},
			{
				"name": "bone194",
				"parent": "bone193",
				"pivot": [2.01256, 9.51256, -2.2],
				"rotation": [0, 0, -55],
				"cubes": [
					{"origin": [1.68029, 10.46381, -2.45882], "size": [0.5, 1, 0.5], "uv": [96, 45]}
				]
			},
			{
				"name": "legLeft",
				"parent": "fbk",
				"pivot": [2, 9, 0],
				"cubes": [
					{"origin": [0.499, 1, -1.5], "size": [3, 9, 3], "uv": [33, 39]},
					{"origin": [0.249, 0, -1.75], "size": [3.5, 1, 3.5], "uv": [24, 51]}
				]
			},
			{
				"name": "legRight",
				"parent": "fbk",
				"pivot": [-2, 9, 0],
				"cubes": [
					{"origin": [-3.499, 1, -1.5], "size": [3, 9, 3], "uv": [21, 39]},
					{"origin": [-3.751, 0, -1.75], "size": [3.5, 1, 3.5], "uv": [45, 41]}
				]
			},
			{
				"name": "bone208",
				"parent": "legRight",
				"pivot": [-2, 9, 0],
				"cubes": [
					{"origin": [-3.6, 1.75, -1.6], "size": [3.2, 0.75, 3.2], "uv": [116, 59]},
					{"origin": [-3.75, 2.1, 0.35], "size": [1, 0.5, 0.5], "uv": [116, 59]}
				]
			},
			{
				"name": "bone209",
				"parent": "bone208",
				"pivot": [-3.75, 1.5, 0.75],
				"rotation": [0, 0, -35],
				"cubes": [
					{"origin": [-4.17642, 1.91915, 0.55], "size": [1, 0.5, 0.2], "uv": [116, 59]}
				]
			},
			{
				"name": "bone210",
				"parent": "bone209",
				"pivot": [-3.75, 1.5, 0.8],
				"rotation": [0, 0, -25],
				"cubes": [
					{"origin": [-4.13397, 1.6, 0.6], "size": [1.25, 0.5, 0.2], "uv": [116, 59]}
				]
			},
			{
				"name": "weapon",
				"parent": "fbk",
				"pivot": [-5.5, 10.75, 0],
				"rotation": [15, 0, -60]
			},
			{
				"name": "bone277",
				"parent": "weapon",
				"pivot": [3.5, 6.75, 0],
				"cubes": [
					{"origin": [-7, 10, -2], "size": [1.75, 1.75, 4], "uv": [96, 13]},
					{"origin": [-7.7, 11.4, -0.2], "size": [0.45, 0.55, 0.4], "uv": [124, 29]},
					{"origin": [-8, 10, -1.75], "size": [1, 1.5, 3.5], "uv": [96, 13]},
					{"origin": [-5.25, 10, -1.4], "size": [2.5, 1.5, 2.8], "uv": [96, 13]}
				]
			},
			{
				"name": "bone286",
				"parent": "bone277",
				"pivot": [-8, 10.5, -1.75],
				"rotation": [0, 21, 0],
				"cubes": [
					{"origin": [-8, 10, -1.75], "size": [1.1, 1.5, 0.5], "uv": [96, 13]}
				]
			},
			{
				"name": "bone280",
				"parent": "bone277",
				"pivot": [-5.25, 11.75, 0],
				"rotation": [0, 0, 5],
				"cubes": [
					{"origin": [-5.25, 10.75, -1.35], "size": [2.4, 1, 2.7], "uv": [96, 13]}
				]
			},
			{
				"name": "bone279",
				"parent": "bone280",
				"pivot": [-5.25, 11.75, 2],
				"rotation": [0, 15, 0],
				"cubes": [
					{"origin": [-5.25, 10.75, 1], "size": [2.5, 1, 1], "uv": [96, 13]}
				]
			},
			{
				"name": "bone278",
				"parent": "bone280",
				"pivot": [-5.25, 11.75, -2],
				"rotation": [0, -15, 0],
				"cubes": [
					{"origin": [-5.25, 10.75, -2], "size": [2.5, 1, 1], "uv": [96, 13]}
				]
			},
			{
				"name": "bone281",
				"parent": "bone277",
				"pivot": [3.5, 6.75, 0.1],
				"cubes": [
					{"origin": [-7, 10, -2.15], "size": [1.75, 1.5, 1], "uv": [96, 13]},
					{"origin": [-7, 10.6, -2.25], "size": [1.35, 0.1, 0.1], "uv": [122, 29]}
				]
			},
			{
				"name": "bone351",
				"parent": "bone281",
				"pivot": [-7, 10.65, -2.25],
				"rotation": [0, 22, 0],
				"cubes": [
					{"origin": [-8, 10.6, -2.25], "size": [1, 0.1, 0.1], "uv": [123, 30]}
				]
			},
			{
				"name": "bone282",
				"parent": "bone281",
				"pivot": [-5.25, 10.5, -2.15],
				"rotation": [0, -15, 0],
				"cubes": [
					{"origin": [-5.25, 10, -2.15], "size": [2.5, 1.5, 1], "uv": [96, 13]}
				]
			},
			{
				"name": "bone285",
				"parent": "bone277",
				"pivot": [-7, 11.75, 0],
				"rotation": [0, 0, -14],
				"cubes": [
					{"origin": [-8, 10.75, -1.75], "size": [1, 1, 3.5], "uv": [96, 13]}
				]
			},
			{
				"name": "bone287",
				"parent": "bone277",
				"pivot": [-8, 10.5, 1.75],
				"rotation": [0, -21, 0],
				"cubes": [
					{"origin": [-8, 10, 1.25], "size": [1.1, 1.5, 0.5], "uv": [96, 13]}
				]
			},
			{
				"name": "bone283",
				"parent": "bone277",
				"pivot": [3.5, 6.75, -0.1],
				"cubes": [
					{"origin": [-7, 10, 1.15], "size": [1.75, 1.5, 1], "uv": [96, 13]},
					{"origin": [-7, 10.6, 2.15], "size": [1.35, 0.1, 0.1], "uv": [121, 30]}
				]
			},
			{
				"name": "bone284",
				"parent": "bone283",
				"pivot": [-7, 10.65, 2.25],
				"rotation": [0, -22, 0],
				"cubes": [
					{"origin": [-8, 10.6, 2.15], "size": [1, 0.1, 0.1], "uv": [121, 31]}
				]
			},
			{
				"name": "bone352",
				"parent": "bone283",
				"pivot": [-5.25, 10.5, 2.15],
				"rotation": [0, 15, 0],
				"cubes": [
					{"origin": [-5.25, 10, 1.15], "size": [2.5, 1.5, 1], "uv": [96, 13]}
				]
			},
			{
				"name": "yulei",
				"parent": "bone277",
				"pivot": [3.5, 6.75, 0]
			},
			{
				"name": "bone288",
				"parent": "yulei",
				"pivot": [3.5, 7.25, 0.25],
				"cubes": [
					{"origin": [-9.5, 10.8, 0.85], "size": [7.5, 0.45, 0.4], "uv": [96, 13]},
					{"origin": [-10, 11.15, 0.85], "size": [0.5, 0.1, 0.4], "uv": [96, 13]},
					{"origin": [-9, 11.05, 0.85], "size": [0.25, 0.25, 0.4], "uv": [121, 29]}
				]
			},
			{
				"name": "bone289",
				"parent": "bone288",
				"pivot": [-9.5, 11.25, 1.25],
				"rotation": [-45, 0, 0],
				"cubes": [
					{"origin": [-9.5, 10.8, 1.25], "size": [7.5, 0.45, 0.4], "uv": [96, 13]},
					{"origin": [-10, 11.15, 1.25], "size": [0.5, 0.1, 0.1], "uv": [96, 13]},
					{"origin": [-9.7, 11.15, 1.35], "size": [0.2, 0.1, 0.2], "uv": [96, 13]},
					{"origin": [-9.85, 11.15, 1.35], "size": [0.15, 0.1, 0.1], "uv": [96, 13]},
					{"origin": [-9, 11.05, 1.25], "size": [0.25, 0.25, 0.4], "uv": [125, 32]}
				]
			},
			{
				"name": "bone296",
				"parent": "bone289",
				"pivot": [-10, 11.25, 1.35],
				"rotation": [0, -35, 0],
				"cubes": [
					{"origin": [-10, 11.15, 1.25], "size": [0.5, 0.1, 0.1], "uv": [96, 13]}
				]
			},
			{
				"name": "bone297",
				"parent": "bone296",
				"pivot": [-9.5, 11.25, 1.35],
				"rotation": [0, 35, 0],
				"cubes": [
					{"origin": [-9.5, 11.15, 1.25], "size": [0.2, 0.1, 0.1], "uv": [96, 13]}
				]
			},
			{
				"name": "bone290",
				"parent": "bone289",
				"pivot": [-9.5, 11.25, 1.65],
				"rotation": [-45, 0, 0],
				"cubes": [
					{"origin": [-9.5, 10.8, 1.65], "size": [7.5, 0.45, 0.4], "uv": [96, 13]},
					{"origin": [-9, 11.05, 1.65], "size": [0.25, 0.25, 0.4], "uv": [125, 31]}
				]
			},
			{
				"name": "bone291",
				"parent": "bone290",
				"pivot": [-9.5, 11.25, 2.05],
				"rotation": [-45, 0, 0],
				"cubes": [
					{"origin": [-9.5, 10.8, 2.05], "size": [7.5, 0.45, 0.4], "uv": [96, 13]},
					{"origin": [-9, 11.05, 2.05], "size": [0.25, 0.25, 0.4], "uv": [119, 26]}
				]
			},
			{
				"name": "bone292",
				"parent": "bone291",
				"pivot": [-9.5, 11.25, 2.45],
				"rotation": [-45, 0, 0],
				"cubes": [
					{"origin": [-9.5, 10.8, 2.45], "size": [7.5, 0.45, 0.4], "uv": [96, 13]},
					{"origin": [-9, 11.05, 2.45], "size": [0.25, 0.25, 0.4], "uv": [121, 28]}
				]
			},
			{
				"name": "bone293",
				"parent": "bone292",
				"pivot": [-9.5, 11.25, 2.85],
				"rotation": [-45, 0, 0],
				"cubes": [
					{"origin": [-9.5, 10.8, 2.85], "size": [7.5, 0.45, 0.4], "uv": [96, 13]},
					{"origin": [-9, 11.05, 2.85], "size": [0.25, 0.25, 0.4], "uv": [121, 30]}
				]
			},
			{
				"name": "bone294",
				"parent": "bone293",
				"pivot": [-9.5, 11.25, 3.25],
				"rotation": [-45, 0, 0],
				"cubes": [
					{"origin": [-9.5, 10.7, 3.25], "size": [7.5, 0.55, 0.4], "uv": [96, 13]},
					{"origin": [-9, 11.05, 3.25], "size": [0.25, 0.25, 0.4], "uv": [121, 27]}
				]
			},
			{
				"name": "bone295",
				"parent": "bone294",
				"pivot": [-9.5, 11.25, 3.65],
				"rotation": [-45, 0, 0],
				"cubes": [
					{"origin": [-9.5, 10.8, 3.65], "size": [7.5, 0.45, 0.4], "uv": [96, 13]},
					{"origin": [-9, 11.05, 3.65], "size": [0.25, 0.25, 0.4], "uv": [119, 28]}
				]
			},
			{
				"name": "bone298",
				"parent": "bone295",
				"pivot": [-17.75, 11.25, 3.65],
				"cubes": [
					{"origin": [-10, 11.15, 3.95], "size": [0.5, 0.1, 0.1], "uv": [96, 13]},
					{"origin": [-9.7, 11.15, 3.75], "size": [0.2, 0.1, 0.2], "uv": [96, 13]},
					{"origin": [-9.85, 11.15, 3.85], "size": [0.15, 0.1, 0.1], "uv": [96, 13]}
				]
			},
			{
				"name": "bone299",
				"parent": "bone298",
				"pivot": [-10, 11.25, 3.95],
				"rotation": [0, 35, 0],
				"cubes": [
					{"origin": [-10, 11.15, 3.95], "size": [0.5, 0.1, 0.1], "uv": [96, 13]}
				]
			},
			{
				"name": "bone300",
				"parent": "bone299",
				"pivot": [-9.5, 11.25, 3.95],
				"rotation": [0, -35, 0],
				"cubes": [
					{"origin": [-9.5, 11.15, 3.95], "size": [0.1, 0.1, 0.1], "uv": [96, 13]}
				]
			},
			{
				"name": "bone301",
				"parent": "bone288",
				"pivot": [3.6, 7.25, 0.25],
				"cubes": [
					{"origin": [-9.9, 10.7, 0.9], "size": [8.25, 0.45, 0.3], "uv": [111, 61]}
				]
			},
			{
				"name": "bone302",
				"parent": "bone301",
				"pivot": [-9.9, 11.15, 1.2],
				"rotation": [-45, 0, 0],
				"cubes": [
					{"origin": [-9.9, 10.7, 1.2], "size": [8.25, 0.45, 0.3], "uv": [111, 61]}
				]
			},
			{
				"name": "bone303",
				"parent": "bone302",
				"pivot": [-9.9, 11.15, 1.5],
				"rotation": [-45, 0, 0],
				"cubes": [
					{"origin": [-9.9, 10.7, 1.5], "size": [8.25, 0.45, 0.3], "uv": [111, 61]}
				]
			},
			{
				"name": "bone304",
				"parent": "bone303",
				"pivot": [-9.9, 11.15, 1.8],
				"rotation": [-45, 0, 0],
				"cubes": [
					{"origin": [-9.9, 10.7, 1.8], "size": [8.25, 0.45, 0.3], "uv": [111, 61]}
				]
			},
			{
				"name": "bone305",
				"parent": "bone304",
				"pivot": [-9.9, 11.15, 2.1],
				"rotation": [-45, 0, 0],
				"cubes": [
					{"origin": [-9.9, 10.7, 2.1], "size": [8.25, 0.45, 0.3], "uv": [111, 61]}
				]
			},
			{
				"name": "bone306",
				"parent": "bone305",
				"pivot": [-9.9, 11.15, 2.4],
				"rotation": [-45, 0, 0],
				"cubes": [
					{"origin": [-9.9, 10.95, 2.4], "size": [8.25, 0.2, 0.3], "uv": [111, 61]}
				]
			},
			{
				"name": "bone307",
				"parent": "bone306",
				"pivot": [-9.9, 11.15, 2.7],
				"rotation": [-45, 0, 0],
				"cubes": [
					{"origin": [-9.9, 10.95, 2.7], "size": [8.25, 0.2, 0.3], "uv": [111, 61]}
				]
			},
			{
				"name": "bone308",
				"parent": "bone307",
				"pivot": [-9.9, 11.15, 3],
				"rotation": [-45, 0, 0],
				"cubes": [
					{"origin": [-9.9, 10.7, 3], "size": [8.25, 0.45, 0.3], "uv": [111, 61]}
				]
			},
			{
				"name": "bone309",
				"parent": "yulei",
				"pivot": [3.5, 7.25, -0.25],
				"cubes": [
					{"origin": [-9.5, 10.8, -1.25], "size": [7.5, 0.45, 0.4], "uv": [96, 13]},
					{"origin": [-10, 11.15, -1.25], "size": [0.5, 0.1, 0.4], "uv": [96, 13]},
					{"origin": [-9, 11.05, -1.25], "size": [0.25, 0.25, 0.4], "uv": [123, 29]}
				]
			},
			{
				"name": "bone310",
				"parent": "bone309",
				"pivot": [-9.5, 11.25, -1.25],
				"rotation": [45, 0, 0],
				"cubes": [
					{"origin": [-9.5, 10.8, -1.65], "size": [7.5, 0.45, 0.4], "uv": [96, 13]},
					{"origin": [-10, 11.15, -1.35], "size": [0.5, 0.1, 0.1], "uv": [96, 13]},
					{"origin": [-9.7, 11.15, -1.55], "size": [0.2, 0.1, 0.2], "uv": [96, 13]},
					{"origin": [-9.85, 11.15, -1.45], "size": [0.15, 0.1, 0.1], "uv": [96, 13]},
					{"origin": [-9, 11.05, -1.65], "size": [0.25, 0.25, 0.4], "uv": [121, 26]}
				]
			},
			{
				"name": "bone311",
				"parent": "bone310",
				"pivot": [-10, 11.25, -1.35],
				"rotation": [0, 35, 0],
				"cubes": [
					{"origin": [-10, 11.15, -1.35], "size": [0.5, 0.1, 0.1], "uv": [96, 13]}
				]
			},
			{
				"name": "bone312",
				"parent": "bone311",
				"pivot": [-9.5, 11.25, -1.35],
				"rotation": [0, -35, 0],
				"cubes": [
					{"origin": [-9.5, 11.15, -1.35], "size": [0.2, 0.1, 0.1], "uv": [96, 13]}
				]
			},
			{
				"name": "bone313",
				"parent": "bone310",
				"pivot": [-9.5, 11.25, -1.65],
				"rotation": [45, 0, 0],
				"cubes": [
					{"origin": [-9.5, 10.8, -2.05], "size": [7.5, 0.45, 0.4], "uv": [96, 13]},
					{"origin": [-9, 11.05, -2.05], "size": [0.25, 0.25, 0.4], "uv": [120, 29]}
				]
			},
			{
				"name": "bone314",
				"parent": "bone313",
				"pivot": [-9.5, 11.25, -2.05],
				"rotation": [45, 0, 0],
				"cubes": [
					{"origin": [-9.5, 10.8, -2.45], "size": [7.5, 0.45, 0.4], "uv": [96, 13]},
					{"origin": [-9, 11.05, -2.45], "size": [0.25, 0.25, 0.4], "uv": [119, 29]}
				]
			},
			{
				"name": "bone315",
				"parent": "bone314",
				"pivot": [-9.5, 11.25, -2.45],
				"rotation": [45, 0, 0],
				"cubes": [
					{"origin": [-9.5, 10.8, -2.85], "size": [7.5, 0.45, 0.4], "uv": [96, 13]},
					{"origin": [-9, 11.05, -2.85], "size": [0.25, 0.25, 0.4], "uv": [120, 29]}
				]
			},
			{
				"name": "bone316",
				"parent": "bone315",
				"pivot": [-9.5, 11.25, -2.85],
				"rotation": [45, 0, 0],
				"cubes": [
					{"origin": [-9.5, 10.8, -3.25], "size": [7.5, 0.45, 0.4], "uv": [96, 13]},
					{"origin": [-9, 11.05, -3.25], "size": [0.25, 0.25, 0.4], "uv": [121, 31]}
				]
			},
			{
				"name": "bone317",
				"parent": "bone316",
				"pivot": [-9.5, 11.25, -3.25],
				"rotation": [45, 0, 0],
				"cubes": [
					{"origin": [-9.5, 10.7, -3.65], "size": [7.5, 0.55, 0.4], "uv": [96, 13]},
					{"origin": [-9, 11.05, -3.65], "size": [0.25, 0.25, 0.4], "uv": [122, 27]}
				]
			},
			{
				"name": "bone318",
				"parent": "bone317",
				"pivot": [-9.5, 11.25, -3.65],
				"rotation": [45, 0, 0],
				"cubes": [
					{"origin": [-9.5, 10.8, -4.05], "size": [7.5, 0.45, 0.4], "uv": [96, 13]},
					{"origin": [-9, 11.05, -4.05], "size": [0.25, 0.25, 0.4], "uv": [122, 28]}
				]
			},
			{
				"name": "bone319",
				"parent": "bone318",
				"pivot": [-17.75, 11.25, -3.65],
				"cubes": [
					{"origin": [-10, 11.15, -4.05], "size": [0.5, 0.1, 0.1], "uv": [96, 13]},
					{"origin": [-9.7, 11.15, -3.95], "size": [0.2, 0.1, 0.2], "uv": [96, 13]},
					{"origin": [-9.85, 11.15, -3.95], "size": [0.15, 0.1, 0.1], "uv": [96, 13]}
				]
			},
			{
				"name": "bone320",
				"parent": "bone319",
				"pivot": [-10, 11.25, -3.95],
				"rotation": [0, -35, 0],
				"cubes": [
					{"origin": [-10, 11.15, -4.05], "size": [0.5, 0.1, 0.1], "uv": [96, 13]}
				]
			},
			{
				"name": "bone321",
				"parent": "bone320",
				"pivot": [-9.5, 11.25, -3.95],
				"rotation": [0, 35, 0],
				"cubes": [
					{"origin": [-9.5, 11.15, -4.05], "size": [0.1, 0.1, 0.1], "uv": [96, 13]}
				]
			},
			{
				"name": "bone322",
				"parent": "bone309",
				"pivot": [3.6, 7.25, -0.25],
				"cubes": [
					{"origin": [-9.9, 10.7, -1.2], "size": [8.25, 0.45, 0.3], "uv": [109, 62]}
				]
			},
			{
				"name": "bone323",
				"parent": "bone322",
				"pivot": [-9.9, 11.15, -1.2],
				"rotation": [45, 0, 0],
				"cubes": [
					{"origin": [-9.9, 10.7, -1.5], "size": [8.25, 0.45, 0.3], "uv": [109, 62]}
				]
			},
			{
				"name": "bone324",
				"parent": "bone323",
				"pivot": [-9.9, 11.15, -1.5],
				"rotation": [45, 0, 0],
				"cubes": [
					{"origin": [-9.9, 10.7, -1.8], "size": [8.25, 0.45, 0.3], "uv": [109, 62]}
				]
			},
			{
				"name": "bone325",
				"parent": "bone324",
				"pivot": [-9.9, 11.15, -1.8],
				"rotation": [45, 0, 0],
				"cubes": [
					{"origin": [-9.9, 10.7, -2.1], "size": [8.25, 0.45, 0.3], "uv": [109, 62]}
				]
			},
			{
				"name": "bone326",
				"parent": "bone325",
				"pivot": [-9.9, 11.15, -2.1],
				"rotation": [45, 0, 0],
				"cubes": [
					{"origin": [-9.9, 10.7, -2.4], "size": [8.25, 0.45, 0.3], "uv": [109, 62]}
				]
			},
			{
				"name": "bone327",
				"parent": "bone326",
				"pivot": [-9.9, 11.15, -2.4],
				"rotation": [45, 0, 0],
				"cubes": [
					{"origin": [-9.9, 10.95, -2.7], "size": [8.25, 0.2, 0.3], "uv": [109, 62]}
				]
			},
			{
				"name": "bone328",
				"parent": "bone327",
				"pivot": [-9.9, 11.15, -2.7],
				"rotation": [45, 0, 0],
				"cubes": [
					{"origin": [-9.9, 10.95, -3], "size": [8.25, 0.2, 0.3], "uv": [109, 62]}
				]
			},
			{
				"name": "bone329",
				"parent": "bone328",
				"pivot": [-9.9, 11.15, -3],
				"rotation": [45, 0, 0],
				"cubes": [
					{"origin": [-9.9, 10.7, -3.3], "size": [8.25, 0.45, 0.3], "uv": [109, 62]}
				]
			},
			{
				"name": "bone330",
				"parent": "yulei",
				"pivot": [3.5, 7.25, 0.8],
				"cubes": [
					{"origin": [-9.5, 10.8, -0.2], "size": [7.5, 0.45, 0.4], "uv": [96, 13]},
					{"origin": [-10, 11.15, -0.2], "size": [0.5, 0.1, 0.4], "uv": [96, 13]},
					{"origin": [-9, 11.05, -0.2], "size": [0.25, 0.25, 0.4], "uv": [118, 27]}
				]
			},
			{
				"name": "bone331",
				"parent": "bone330",
				"pivot": [-9.5, 11.25, -0.2],
				"rotation": [45, 0, 0],
				"cubes": [
					{"origin": [-9.5, 10.8, -0.6], "size": [7.5, 0.45, 0.4], "uv": [96, 13]},
					{"origin": [-10, 11.15, -0.3], "size": [0.5, 0.1, 0.1], "uv": [96, 13]},
					{"origin": [-9.7, 11.15, -0.5], "size": [0.2, 0.1, 0.2], "uv": [96, 13]},
					{"origin": [-9.85, 11.15, -0.4], "size": [0.15, 0.1, 0.1], "uv": [96, 13]},
					{"origin": [-9, 11.05, -0.6], "size": [0.25, 0.25, 0.4], "uv": [120, 27]}
				]
			},
			{
				"name": "bone332",
				"parent": "bone331",
				"pivot": [-10, 11.25, -0.3],
				"rotation": [0, 35, 0],
				"cubes": [
					{"origin": [-10, 11.15, -0.3], "size": [0.5, 0.1, 0.1], "uv": [96, 13]}
				]
			},
			{
				"name": "bone333",
				"parent": "bone332",
				"pivot": [-9.5, 11.25, -0.3],
				"rotation": [0, -35, 0],
				"cubes": [
					{"origin": [-9.5, 11.15, -0.3], "size": [0.2, 0.1, 0.1], "uv": [96, 13]}
				]
			},
			{
				"name": "bone334",
				"parent": "bone331",
				"pivot": [-9.5, 11.25, -0.6],
				"rotation": [45, 0, 0],
				"cubes": [
					{"origin": [-9.5, 10.8, -1], "size": [7.5, 0.45, 0.4], "uv": [96, 13]},
					{"origin": [-9, 11.05, -1], "size": [0.25, 0.25, 0.4], "uv": [120, 26]}
				]
			},
			{
				"name": "bone335",
				"parent": "bone334",
				"pivot": [-9.5, 11.25, -1],
				"rotation": [45, 0, 0],
				"cubes": [
					{"origin": [-9.5, 10.8, -1.4], "size": [7.5, 0.45, 0.4], "uv": [96, 13]},
					{"origin": [-9, 11.05, -1.4], "size": [0.25, 0.25, 0.4], "uv": [120, 27]}
				]
			},
			{
				"name": "bone336",
				"parent": "bone335",
				"pivot": [-9.5, 11.25, -1.4],
				"rotation": [45, 0, 0],
				"cubes": [
					{"origin": [-9.5, 10.8, -1.8], "size": [7.5, 0.45, 0.4], "uv": [96, 13]},
					{"origin": [-9, 11.05, -1.8], "size": [0.25, 0.25, 0.4], "uv": [119, 30]}
				]
			},
			{
				"name": "bone337",
				"parent": "bone336",
				"pivot": [-9.5, 11.25, -1.8],
				"rotation": [45, 0, 0],
				"cubes": [
					{"origin": [-9.5, 10.8, -2.2], "size": [7.5, 0.45, 0.4], "uv": [96, 13]},
					{"origin": [-9, 11.05, -2.2], "size": [0.25, 0.25, 0.4], "uv": [119, 26]}
				]
			},
			{
				"name": "bone338",
				"parent": "bone337",
				"pivot": [-9.5, 11.25, -2.2],
				"rotation": [45, 0, 0],
				"cubes": [
					{"origin": [-9.5, 10.7, -2.6], "size": [7.5, 0.55, 0.4], "uv": [96, 13]},
					{"origin": [-9, 11.05, -2.6], "size": [0.25, 0.25, 0.4], "uv": [122, 28]}
				]
			},
			{
				"name": "bone339",
				"parent": "bone338",
				"pivot": [-9.5, 11.25, -2.6],
				"rotation": [45, 0, 0],
				"cubes": [
					{"origin": [-9.5, 10.8, -3], "size": [7.5, 0.45, 0.4], "uv": [96, 13]},
					{"origin": [-9, 11.05, -3], "size": [0.25, 0.25, 0.4], "uv": [118, 26]}
				]
			},
			{
				"name": "bone340",
				"parent": "bone339",
				"pivot": [-17.75, 11.25, -2.6],
				"cubes": [
					{"origin": [-10, 11.15, -3], "size": [0.5, 0.1, 0.1], "uv": [96, 13]},
					{"origin": [-9.7, 11.15, -2.9], "size": [0.2, 0.1, 0.2], "uv": [96, 13]},
					{"origin": [-9.85, 11.15, -2.9], "size": [0.15, 0.1, 0.1], "uv": [96, 13]}
				]
			},
			{
				"name": "bone341",
				"parent": "bone340",
				"pivot": [-10, 11.25, -2.9],
				"rotation": [0, -35, 0],
				"cubes": [
					{"origin": [-10, 11.15, -3], "size": [0.5, 0.1, 0.1], "uv": [96, 13]}
				]
			},
			{
				"name": "bone342",
				"parent": "bone341",
				"pivot": [-9.5, 11.25, -2.9],
				"rotation": [0, 35, 0],
				"cubes": [
					{"origin": [-9.5, 11.15, -3], "size": [0.1, 0.1, 0.1], "uv": [96, 13]}
				]
			},
			{
				"name": "bone343",
				"parent": "bone330",
				"pivot": [3.6, 7.25, 0.8],
				"cubes": [
					{"origin": [-9.9, 10.7, -0.15], "size": [8.25, 0.45, 0.3], "uv": [109, 62]}
				]
			},
			{
				"name": "bone344",
				"parent": "bone343",
				"pivot": [-9.9, 11.15, -0.15],
				"rotation": [45, 0, 0],
				"cubes": [
					{"origin": [-9.9, 10.7, -0.45], "size": [8.25, 0.45, 0.3], "uv": [109, 62]}
				]
			},
			{
				"name": "bone345",
				"parent": "bone344",
				"pivot": [-9.9, 11.15, -0.45],
				"rotation": [45, 0, 0],
				"cubes": [
					{"origin": [-9.9, 10.7, -0.75], "size": [8.25, 0.45, 0.3], "uv": [109, 62]}
				]
			},
			{
				"name": "bone346",
				"parent": "bone345",
				"pivot": [-9.9, 11.15, -0.75],
				"rotation": [45, 0, 0],
				"cubes": [
					{"origin": [-9.9, 10.7, -1.05], "size": [8.25, 0.45, 0.3], "uv": [109, 62]}
				]
			},
			{
				"name": "bone347",
				"parent": "bone346",
				"pivot": [-9.9, 11.15, -1.05],
				"rotation": [45, 0, 0],
				"cubes": [
					{"origin": [-9.9, 10.7, -1.35], "size": [8.25, 0.45, 0.3], "uv": [109, 62]}
				]
			},
			{
				"name": "bone348",
				"parent": "bone347",
				"pivot": [-9.9, 11.15, -1.35],
				"rotation": [45, 0, 0],
				"cubes": [
					{"origin": [-9.9, 10.95, -1.65], "size": [8.25, 0.2, 0.3], "uv": [109, 62]}
				]
			},
			{
				"name": "bone349",
				"parent": "bone348",
				"pivot": [-9.9, 11.15, -1.65],
				"rotation": [45, 0, 0],
				"cubes": [
					{"origin": [-9.9, 10.95, -1.95], "size": [8.25, 0.2, 0.3], "uv": [109, 62]}
				]
			},
			{
				"name": "bone350",
				"parent": "bone349",
				"pivot": [-9.9, 11.15, -1.95],
				"rotation": [45, 0, 0],
				"cubes": [
					{"origin": [-9.9, 10.7, -2.25], "size": [8.25, 0.45, 0.3], "uv": [109, 62]}
				]
			},
			{
				"name": "other",
				"parent": "fbk",
				"pivot": [0, 0, 0]
			},
			{
				"name": "bone353",
				"parent": "other",
				"pivot": [-0.25, 15.25, -2.5],
				"rotation": [0, 0, -50],
				"cubes": [
					{"origin": [-1.75, 14.75, -2.5], "size": [4, 1, 0], "uv": [120, 69]}
				]
			},
			{
				"name": "bone357",
				"parent": "bone353",
				"pivot": [-1.75, 14.75, -2.5],
				"rotation": [0, 5, 10],
				"cubes": [
					{"origin": [-4.75, 14.75, -2.5], "size": [3, 1, 0], "uv": [120, 69]}
				]
			},
			{
				"name": "bone358",
				"parent": "bone357",
				"pivot": [-4.75, 14.75, -2.5],
				"rotation": [0, 10, 0],
				"cubes": [
					{"origin": [-6.75, 14.75, -2.5], "size": [2, 1, 0], "uv": [120, 69]}
				]
			},
			{
				"name": "bone354",
				"parent": "bone353",
				"pivot": [2.25, 14.75, -2.5],
				"rotation": [0, 0, -15],
				"cubes": [
					{"origin": [2.25, 14.75, -2.5], "size": [2, 1, 0], "uv": [120, 69]}
				]
			},
			{
				"name": "bone355",
				"parent": "bone354",
				"pivot": [4.25, 14.75, -2.5],
				"rotation": [0, -10, -15],
				"cubes": [
					{"origin": [4.25, 14.75, -2.5], "size": [1.25, 1, 0], "uv": [120, 69]}
				]
			},
			{
				"name": "bone356",
				"parent": "bone355",
				"pivot": [5.5, 14.75, -2.5],
				"rotation": [0, 10, 0],
				"cubes": [
					{"origin": [5.5, 14.75, -2.5], "size": [0, 1, 3], "uv": [120, 69]}
				]
			},
			{
				"name": "bone359",
				"parent": "other",
				"pivot": [-0.25, 15.25, 2.5],
				"rotation": [0, 0, -50],
				"cubes": [
					{"origin": [-1.75, 14.75, 2.5], "size": [4, 1, 0], "uv": [120, 69]}
				]
			},
			{
				"name": "bone360",
				"parent": "bone359",
				"pivot": [-1.75, 14.75, 2.5],
				"rotation": [0, -5, 20],
				"cubes": [
					{"origin": [-4.75, 14.75, 2.5], "size": [3, 1, 0], "uv": [120, 69]}
				]
			},
			{
				"name": "bone361",
				"parent": "bone360",
				"pivot": [-4.75, 14.75, 2.5],
				"rotation": [0, -10, 5],
				"cubes": [
					{"origin": [-6.75, 14.75, 2.5], "size": [2, 1, 0], "uv": [120, 69]}
				]
			},
			{
				"name": "bone362",
				"parent": "bone359",
				"pivot": [2.25, 14.75, 2.5],
				"rotation": [0, 0, -15],
				"cubes": [
					{"origin": [2.25, 14.75, 2.5], "size": [2, 1, 0], "uv": [120, 69]}
				]
			},
			{
				"name": "bone363",
				"parent": "bone362",
				"pivot": [4.25, 14.75, 2.5],
				"rotation": [0, 10, -15],
				"cubes": [
					{"origin": [4.25, 14.75, 2.5], "size": [1.25, 1, 0], "uv": [120, 69]}
				]
			},
			{
				"name": "bone364",
				"parent": "bone363",
				"pivot": [5.5, 14.75, 2.5],
				"rotation": [0, -10, 0],
				"cubes": [
					{"origin": [5.5, 14.75, -0.5], "size": [0, 1, 3], "uv": [120, 69]}
				]
			}
		]
	}
}