{
	"format_version": "1.10.0",
	"geometry.model": {
		"texturewidth": 128,
		"textureheight": 128,
		"visible_bounds_width": 3,
		"visible_bounds_height": 4,
		"visible_bounds_offset": [0, 1, 0],
		"bones": [
			{
				"name": "head",
				"pivot": [0, 18, 0],
				"cubes": [
					{"origin": [-3.5, 18, -3.5], "size": [7, 7, 7], "uv": [0, 0]}
				]
			},
			{
				"name": "blink",
				"parent": "head",
				"pivot": [0, 18, 0],
				"cubes": [
					{"origin": [-3.5, 18, -3.501], "size": [7, 7, 0], "uv": [40, 20]}
				]
			},
			{
				"name": "head2",
				"parent": "head",
				"pivot": [0.5, 17.5, 0.5],
				"cubes": [
					{"origin": [-3, 18.5, -3], "size": [6, 7, 6], "uv": [0, 28]},
					{"origin": [-4, 18.5, -3], "size": [8, 6, 6], "uv": [0, 14]},
					{"origin": [-3, 18.5, -3], "size": [6, 6, 7], "uv": [21, 21]}
				]
			},
			{
				"name": "hair",
				"parent": "head",
				"pivot": [0, 18, 0]
			},
			{
				"name": "hair1",
				"parent": "hair",
				"pivot": [-1.25, 23.5, -3.25],
				"rotation": [-15, 1, 10],
				"cubes": [
					{"origin": [-1.75, 23, -3.75], "size": [1, 1.5, 1], "uv": [78, 0]}
				]
			},
			{
				"name": "bone",
				"parent": "hair1",
				"pivot": [-1.75, 23, -3.75],
				"rotation": [10, 0, -5],
				"cubes": [
					{"origin": [-1.75, 21.5, -3.75], "size": [1, 1.5, 1], "uv": [78, 0]}
				]
			},
			{
				"name": "hair2",
				"parent": "hair",
				"pivot": [-0.25, 23.25, -3.25],
				"rotation": [-15, 1, 5],
				"cubes": [
					{"origin": [-0.75, 22.75, -3.75], "size": [1, 1.5, 1], "uv": [78, 0]}
				]
			},
			{
				"name": "bone2",
				"parent": "hair2",
				"pivot": [-0.75, 22.75, -3.75],
				"rotation": [10, 0, -5],
				"cubes": [
					{"origin": [-0.75, 21.25, -3.75], "size": [1, 1.5, 1], "uv": [78, 0]}
				]
			},
			{
				"name": "hair3",
				"parent": "hair",
				"pivot": [0.25, 23.25, -3.25],
				"rotation": [-15, -1, -5],
				"cubes": [
					{"origin": [-0.25, 22.75, -3.75], "size": [1, 1.5, 1], "uv": [78, 0]}
				]
			},
			{
				"name": "bone3",
				"parent": "hair3",
				"pivot": [0.75, 22.75, -3.75],
				"rotation": [10, 0, 10],
				"cubes": [
					{"origin": [-0.25, 21, -3.75], "size": [1, 1.75, 1], "uv": [78, 0]}
				]
			},
			{
				"name": "hair4",
				"parent": "hair",
				"pivot": [1.25, 23.5, -3.25],
				"rotation": [-15, -1, -10],
				"cubes": [
					{"origin": [0.75, 23, -3.75], "size": [1, 1.5, 1], "uv": [78, 0]}
				]
			},
			{
				"name": "bone4",
				"parent": "hair4",
				"pivot": [1.75, 23, -3.75],
				"rotation": [10, 0, 5],
				"cubes": [
					{"origin": [0.75, 21.5, -3.75], "size": [1, 1.5, 1], "uv": [78, 0]}
				]
			},
			{
				"name": "hair5",
				"parent": "hair",
				"pivot": [-2.5, 23.5, -3.15],
				"rotation": [-10, 0, 25],
				"cubes": [
					{"origin": [-3.34202, 22.93612, -3.7319], "size": [1, 1.75, 1], "uv": [78, 0]}
				]
			},
			{
				"name": "bone16",
				"parent": "hair5",
				"pivot": [-3, 22, -3.65],
				"rotation": [5, 0, -10],
				"cubes": [
					{"origin": [-3.17427, 21.23469, -3.64606], "size": [1, 1.75, 1], "uv": [78, 0]}
				]
			},
			{
				"name": "bone44",
				"parent": "bone16",
				"pivot": [-3, 20.25, -3.65],
				"rotation": [4, 0, -15],
				"cubes": [
					{"origin": [-2.91347, 19.24354, -3.57658], "size": [1, 2, 1], "uv": [78, 0]}
				]
			},
			{
				"name": "hair6",
				"parent": "hair",
				"pivot": [-2.1, 23.5, -3.05],
				"rotation": [-10, 0, 20],
				"cubes": [
					{"origin": [-2.94202, 22.93612, -3.6319], "size": [1, 1.5, 1], "uv": [78, 0]}
				]
			},
			{
				"name": "bone5",
				"parent": "hair6",
				"pivot": [-2.6, 22, -3.55],
				"rotation": [5, 0, -10],
				"cubes": [
					{"origin": [-2.77427, 21.23469, -3.54606], "size": [1, 1.75, 1], "uv": [78, 0]}
				]
			},
			{
				"name": "bone6",
				"parent": "bone5",
				"pivot": [-2.6, 20.25, -3.55],
				"rotation": [4, 0, -15],
				"cubes": [
					{"origin": [-2.51347, 19.24354, -3.47658], "size": [1, 2, 1], "uv": [78, 0]}
				]
			},
			{
				"name": "hair7",
				"parent": "hair",
				"pivot": [2.5, 23.5, -3.15],
				"rotation": [-10, 0, -25],
				"cubes": [
					{"origin": [2.34202, 22.93612, -3.7319], "size": [1, 1.75, 1], "uv": [78, 0]}
				]
			},
			{
				"name": "bone7",
				"parent": "hair7",
				"pivot": [3, 22, -3.65],
				"rotation": [5, 0, 10],
				"cubes": [
					{"origin": [2.17427, 21.23469, -3.64606], "size": [1, 1.75, 1], "uv": [78, 0]}
				]
			},
			{
				"name": "bone8",
				"parent": "bone7",
				"pivot": [3, 20.25, -3.65],
				"rotation": [4, 0, 15],
				"cubes": [
					{"origin": [1.91347, 19.24354, -3.57658], "size": [1, 2, 1], "uv": [78, 0]}
				]
			},
			{
				"name": "hair8",
				"parent": "hair",
				"pivot": [2.1, 23.5, -3.05],
				"rotation": [-10, 0, -20],
				"cubes": [
					{"origin": [1.94202, 22.93612, -3.6319], "size": [1, 1.5, 1], "uv": [78, 0]}
				]
			},
			{
				"name": "bone9",
				"parent": "hair8",
				"pivot": [2.6, 22, -3.55],
				"rotation": [5, 0, 10],
				"cubes": [
					{"origin": [1.77427, 21.23469, -3.54606], "size": [1, 1.75, 1], "uv": [78, 0]}
				]
			},
			{
				"name": "bone10",
				"parent": "bone9",
				"pivot": [2.6, 20.25, -3.55],
				"rotation": [4, 0, 15],
				"cubes": [
					{"origin": [1.51347, 19.24354, -3.47658], "size": [1, 2, 1], "uv": [78, 0]}
				]
			},
			{
				"name": "hair9",
				"parent": "hair",
				"pivot": [-3.55, 21, -2.5],
				"rotation": [-10, 0, 15],
				"cubes": [
					{"origin": [-4.05, 20, -3], "size": [1, 1.5, 1], "uv": [78, 0]}
				]
			},
			{
				"name": "bone11",
				"parent": "hair9",
				"pivot": [-4.05, 20, -3],
				"rotation": [5, 0, -5],
				"cubes": [
					{"origin": [-4.05, 18.5, -3], "size": [1, 1.5, 1], "uv": [78, 0]}
				]
			},
			{
				"name": "bone12",
				"parent": "bone11",
				"pivot": [-4.05, 18.5, -3],
				"rotation": [0, 0, -5],
				"cubes": [
					{"origin": [-4.05, 17, -3], "size": [1, 1.5, 1], "uv": [78, 0]}
				]
			},
			{
				"name": "hair10",
				"parent": "hair",
				"pivot": [3.55, 21, -2.5],
				"rotation": [-10, 0, -15],
				"cubes": [
					{"origin": [3.05, 20, -3], "size": [1, 1.5, 1], "uv": [78, 0]}
				]
			},
			{
				"name": "bone13",
				"parent": "hair10",
				"pivot": [4.05, 20, -3],
				"rotation": [5, 0, 5],
				"cubes": [
					{"origin": [3.05, 18.5, -3], "size": [1, 1.5, 1], "uv": [78, 0]}
				]
			},
			{
				"name": "bone14",
				"parent": "bone13",
				"pivot": [4.05, 18.5, -3],
				"rotation": [0, 0, 5],
				"cubes": [
					{"origin": [3.05, 17, -3], "size": [1, 1.5, 1], "uv": [78, 0]}
				]
			},
			{
				"name": "hair17",
				"parent": "hair",
				"pivot": [0, 18, 0]
			},
			{
				"name": "hair18",
				"parent": "hair17",
				"pivot": [3.8, 22.5, -1.25],
				"rotation": [-5, 0, -17],
				"cubes": [
					{"origin": [2.8, 21, -2], "size": [1.5, 3, 1.5], "uv": [78, 0]}
				]
			},
			{
				"name": "bone24",
				"parent": "hair18",
				"pivot": [4.3, 21, -2],
				"rotation": [0, 0, 5],
				"cubes": [
					{"origin": [2.8, 19, -2], "size": [1.5, 2, 1.5], "uv": [78, 0]}
				]
			},
			{
				"name": "bone25",
				"parent": "bone24",
				"pivot": [4.3, 19, -2],
				"rotation": [0, 0, 5],
				"cubes": [
					{"origin": [2.8, 16.75, -2], "size": [1.5, 2.25, 1.5], "uv": [78, 0]}
				]
			},
			{
				"name": "hair19",
				"parent": "hair17",
				"pivot": [4, 22.5, 1.25],
				"rotation": [10, 0, -20],
				"cubes": [
					{"origin": [3, 21, 0.5], "size": [1.5, 3, 1.5], "uv": [78, 0]}
				]
			},
			{
				"name": "bone26",
				"parent": "hair19",
				"pivot": [4.5, 21, 2],
				"rotation": [-5, 0, 5],
				"cubes": [
					{"origin": [3, 19, 0.5], "size": [1.5, 2, 1.5], "uv": [78, 0]}
				]
			},
			{
				"name": "bone27",
				"parent": "bone26",
				"pivot": [4.5, 19, 2],
				"rotation": [-5, 0, 5],
				"cubes": [
					{"origin": [3, 16.25, 0.5], "size": [1.5, 2.75, 1.5], "uv": [78, 0]}
				]
			},
			{
				"name": "hair20",
				"parent": "hair17",
				"pivot": [3.9, 22.5, 2.5],
				"rotation": [15, 0, -18],
				"cubes": [
					{"origin": [2.9, 21, 1.75], "size": [1.5, 3, 1.5], "uv": [78, 0]}
				]
			},
			{
				"name": "bone28",
				"parent": "hair20",
				"pivot": [4.4, 21, 3.25],
				"rotation": [-5, 0, 5],
				"cubes": [
					{"origin": [2.9, 19, 1.75], "size": [1.5, 2, 1.5], "uv": [78, 0]}
				]
			},
			{
				"name": "bone29",
				"parent": "bone28",
				"pivot": [4.4, 19, 3.25],
				"rotation": [-5, 0, 5],
				"cubes": [
					{"origin": [2.9, 16.75, 1.75], "size": [1.5, 2.25, 1.5], "uv": [78, 0]}
				]
			},
			{
				"name": "hair21",
				"parent": "hair17",
				"pivot": [4, 22.5, -0.25],
				"rotation": [0, 0, -20],
				"cubes": [
					{"origin": [3, 21, -1], "size": [1.5, 3, 1.5], "uv": [78, 0]}
				]
			},
			{
				"name": "bone30",
				"parent": "hair21",
				"pivot": [4.5, 21, -1],
				"rotation": [0, 0, 5],
				"cubes": [
					{"origin": [3, 19, -1], "size": [1.5, 2, 1.5], "uv": [78, 0]}
				]
			},
			{
				"name": "bone31",
				"parent": "bone30",
				"pivot": [4.5, 19, -1],
				"rotation": [0, 0, 5],
				"cubes": [
					{"origin": [3, 16.75, -1], "size": [1.5, 2.25, 1.5], "uv": [78, 0]}
				]
			},
			{
				"name": "hair22",
				"parent": "hair17",
				"pivot": [3.5, 23, 3.5],
				"rotation": [15, 0, -15],
				"cubes": [
					{"origin": [2, 18, 2], "size": [1.5, 5, 1.5], "uv": [78, 0]}
				]
			},
			{
				"name": "hair23",
				"parent": "hair17",
				"pivot": [3, 23, 4],
				"rotation": [20, 0, -10],
				"cubes": [
					{"origin": [1.5, 20, 2.5], "size": [1.5, 3, 1.5], "uv": [78, 0]}
				]
			},
			{
				"name": "bone32",
				"parent": "hair23",
				"pivot": [1.5, 20, 2.5],
				"rotation": [5, 0, -5],
				"cubes": [
					{"origin": [1.5, 17, 2.5], "size": [1.5, 3, 1.5], "uv": [78, 0]}
				]
			},
			{
				"name": "hair24",
				"parent": "hair17",
				"pivot": [2.75, 23, 3.8],
				"rotation": [20, 0, 5],
				"cubes": [
					{"origin": [1.25, 20, 2.3], "size": [1.5, 3, 1.5], "uv": [78, 0]}
				]
			},
			{
				"name": "bone33",
				"parent": "hair24",
				"pivot": [1.25, 20, 2.3],
				"rotation": [3, 0, -5],
				"cubes": [
					{"origin": [1.25, 17, 2.3], "size": [1.5, 3, 1.5], "uv": [78, 0]}
				]
			},
			{
				"name": "hair11",
				"parent": "hair",
				"pivot": [0, 18, 0]
			},
			{
				"name": "hair12",
				"parent": "hair11",
				"pivot": [-3.8, 22.5, -1.25],
				"rotation": [-5, 0, 17],
				"cubes": [
					{"origin": [-4.3, 21, -2], "size": [1.5, 3, 1.5], "uv": [78, 0]}
				]
			},
			{
				"name": "bone15",
				"parent": "hair12",
				"pivot": [-4.3, 21, -2],
				"rotation": [0, 0, -5],
				"cubes": [
					{"origin": [-4.3, 19, -2], "size": [1.5, 2, 1.5], "uv": [78, 0]}
				]
			},
			{
				"name": "bone17",
				"parent": "bone15",
				"pivot": [-4.3, 19, -2],
				"rotation": [0, 0, -5],
				"cubes": [
					{"origin": [-4.3, 16.75, -2], "size": [1.5, 2.25, 1.5], "uv": [78, 0]}
				]
			},
			{
				"name": "hair13",
				"parent": "hair11",
				"pivot": [-4, 22.5, 1.25],
				"rotation": [10, 0, 20],
				"cubes": [
					{"origin": [-4.5, 21, 0.5], "size": [1.5, 3, 1.5], "uv": [78, 0]}
				]
			},
			{
				"name": "bone18",
				"parent": "hair13",
				"pivot": [-4.5, 21, 2],
				"rotation": [-5, 0, -5],
				"cubes": [
					{"origin": [-4.5, 19, 0.5], "size": [1.5, 2, 1.5], "uv": [78, 0]}
				]
			},
			{
				"name": "bone19",
				"parent": "bone18",
				"pivot": [-4.5, 19, 2],
				"rotation": [-5, 0, -5],
				"cubes": [
					{"origin": [-4.5, 16.25, 0.5], "size": [1.5, 2.75, 1.5], "uv": [78, 0]}
				]
			},
			{
				"name": "hair14",
				"parent": "hair11",
				"pivot": [-3.9, 22.5, 2.5],
				"rotation": [15, 0, 18],
				"cubes": [
					{"origin": [-4.4, 21, 1.75], "size": [1.5, 3, 1.5], "uv": [78, 0]}
				]
			},
			{
				"name": "bone20",
				"parent": "hair14",
				"pivot": [-4.4, 21, 3.25],
				"rotation": [-5, 0, -5],
				"cubes": [
					{"origin": [-4.4, 19, 1.75], "size": [1.5, 2, 1.5], "uv": [78, 0]}
				]
			},
			{
				"name": "bone21",
				"parent": "bone20",
				"pivot": [-4.4, 19, 3.25],
				"rotation": [-5, 0, -5],
				"cubes": [
					{"origin": [-4.4, 16.75, 1.75], "size": [1.5, 2.25, 1.5], "uv": [78, 0]}
				]
			},
			{
				"name": "hair15",
				"parent": "hair11",
				"pivot": [-4, 22.5, -0.25],
				"rotation": [0, 0, 20],
				"cubes": [
					{"origin": [-4.5, 21, -1], "size": [1.5, 3, 1.5], "uv": [78, 0]}
				]
			},
			{
				"name": "bone22",
				"parent": "hair15",
				"pivot": [-4.5, 21, -1],
				"rotation": [0, 0, -5],
				"cubes": [
					{"origin": [-4.5, 19, -1], "size": [1.5, 2, 1.5], "uv": [78, 0]}
				]
			},
			{
				"name": "bone23",
				"parent": "bone22",
				"pivot": [-4.5, 19, -1],
				"rotation": [0, 0, -5],
				"cubes": [
					{"origin": [-4.5, 16.75, -1], "size": [1.5, 2.25, 1.5], "uv": [78, 0]}
				]
			},
			{
				"name": "hair16",
				"parent": "hair11",
				"pivot": [-3.5, 23, 3.5],
				"rotation": [15, 0, 15],
				"cubes": [
					{"origin": [-3.5, 18, 2], "size": [1.5, 5, 1.5], "uv": [78, 0]}
				]
			},
			{
				"name": "hair25",
				"parent": "hair11",
				"pivot": [-3, 23, 4],
				"rotation": [20, 0, 10],
				"cubes": [
					{"origin": [-3, 20, 2.5], "size": [1.5, 3, 1.5], "uv": [78, 0]}
				]
			},
			{
				"name": "bone34",
				"parent": "hair25",
				"pivot": [-1.5, 20, 2.5],
				"rotation": [5, 0, 5],
				"cubes": [
					{"origin": [-3, 17, 2.5], "size": [1.5, 3, 1.5], "uv": [78, 0]}
				]
			},
			{
				"name": "hair26",
				"parent": "hair11",
				"pivot": [-2.75, 23, 3.8],
				"rotation": [20, 0, -5],
				"cubes": [
					{"origin": [-2.75, 20, 2.3], "size": [1.5, 3, 1.5], "uv": [78, 0]}
				]
			},
			{
				"name": "bone35",
				"parent": "hair26",
				"pivot": [-1.25, 20, 2.3],
				"rotation": [3, 0, 5],
				"cubes": [
					{"origin": [-2.75, 17, 2.3], "size": [1.5, 3, 1.5], "uv": [78, 0]}
				]
			},
			{
				"name": "ear",
				"parent": "head",
				"pivot": [0, 18, 0]
			},
			{
				"name": "ear1",
				"parent": "ear",
				"pivot": [-12.75, -1, 0],
				"rotation": [0, 0, 30]
			},
			{
				"name": "bone36",
				"parent": "ear1",
				"pivot": [-11.75, 17, 0],
				"cubes": [
					{"origin": [-19.75, 26, -0.5], "size": [5, 1, 1], "uv": [12, 26]},
					{"origin": [-16.75, 25, -0.5], "size": [2, 1, 1], "uv": [30, 40]}
				]
			},
			{
				"name": "bone37",
				"parent": "bone36",
				"pivot": [-19.75, 26, -0.5],
				"rotation": [0, 0, 70],
				"cubes": [
					{"origin": [-19.75, 26, -0.5], "size": [1, 2.75, 1], "uv": [68, 21]}
				]
			},
			{
				"name": "bone38",
				"parent": "bone37",
				"pivot": [-18.75, 26, -0.5],
				"rotation": [0, 0, -25],
				"cubes": [
					{"origin": [-18.75, 26, -0.5], "size": [1.5, 2, 1], "uv": [68, 18]}
				]
			},
			{
				"name": "bone39",
				"parent": "bone38",
				"pivot": [-17.25, 26, -0.5],
				"rotation": [0, 0, -25],
				"cubes": [
					{"origin": [-17.25, 26, -0.5], "size": [3, 3, 1], "uv": [63, 44]}
				]
			},
			{
				"name": "bone40",
				"parent": "ear1",
				"pivot": [-12.65, 17, 0],
				"cubes": [
					{"origin": [-20.65, 25.7, -0.5], "size": [1, 1.3, 1], "uv": [60, 53], "inflate": -0.1}
				]
			},
			{
				"name": "bone41",
				"parent": "bone40",
				"pivot": [-20.55, 25.8, 0],
				"rotation": [0, 0, -20],
				"cubes": [
					{"origin": [-20.65, 24.4, -0.5], "size": [1.2, 1.5, 1], "uv": [46, 60], "inflate": -0.1}
				]
			},
			{
				"name": "bone42",
				"parent": "bone41",
				"pivot": [-20.55, 24.5, 0],
				"rotation": [0, 0, -25],
				"cubes": [
					{"origin": [-20.65, 22.6, -0.5], "size": [1.2, 2, 1], "uv": [68, 0], "inflate": -0.1}
				]
			},
			{
				"name": "bone43",
				"parent": "bone42",
				"pivot": [-20.55, 22.7, 0],
				"rotation": [0, 0, -25],
				"cubes": [
					{"origin": [-20.65, 19.5, -0.5], "size": [1.2, 3.3, 1], "uv": [51, 8], "inflate": -0.1}
				]
			},
			{
				"name": "ear2",
				"parent": "ear",
				"pivot": [12.75, -1, 0],
				"rotation": [0, 0, -30]
			},
			{
				"name": "bone45",
				"parent": "ear2",
				"pivot": [11.75, 17, 0],
				"cubes": [
					{"origin": [14.75, 26, -0.5], "size": [5, 1, 1], "uv": [0, 26]},
					{"origin": [14.75, 25, -0.5], "size": [2, 1, 1], "uv": [0, 32]}
				]
			},
			{
				"name": "bone46",
				"parent": "bone45",
				"pivot": [19.75, 26, -0.5],
				"rotation": [0, 0, -70],
				"cubes": [
					{"origin": [18.75, 26, -0.5], "size": [1, 2.75, 1], "uv": [62, 68]}
				]
			},
			{
				"name": "bone47",
				"parent": "bone46",
				"pivot": [18.75, 26, -0.5],
				"rotation": [0, 0, 25],
				"cubes": [
					{"origin": [17.25, 26, -0.5], "size": [1.5, 2, 1], "uv": [58, 68]}
				]
			},
			{
				"name": "bone48",
				"parent": "bone47",
				"pivot": [17.25, 26, -0.5],
				"rotation": [0, 0, 25],
				"cubes": [
					{"origin": [14.25, 26, -0.5], "size": [3, 3, 1], "uv": [63, 40]}
				]
			},
			{
				"name": "bone49",
				"parent": "ear2",
				"pivot": [12.65, 17, 0],
				"cubes": [
					{"origin": [19.65, 25.7, -0.5], "size": [1, 1.3, 1], "uv": [14, 54], "inflate": -0.1}
				]
			},
			{
				"name": "bone50",
				"parent": "bone49",
				"pivot": [20.55, 25.8, 0],
				"rotation": [0, 0, 20],
				"cubes": [
					{"origin": [19.45, 24.4, -0.5], "size": [1.2, 1.5, 1], "uv": [6, 53], "inflate": -0.1}
				]
			},
			{
				"name": "bone51",
				"parent": "bone50",
				"pivot": [20.55, 24.5, 0],
				"rotation": [0, 0, 25],
				"cubes": [
					{"origin": [19.45, 22.6, -0.5], "size": [1.2, 2, 1], "uv": [54, 68], "inflate": -0.1}
				]
			},
			{
				"name": "bone52",
				"parent": "bone51",
				"pivot": [20.55, 22.7, 0],
				"rotation": [0, 0, 25],
				"cubes": [
					{"origin": [19.45, 19.5, -0.5], "size": [1.2, 3.3, 1], "uv": [47, 27], "inflate": -0.1}
				]
			},
			{
				"name": "ahoge",
				"parent": "head",
				"pivot": [0.125, 25.125, 0.125],
				"rotation": [-40, 165, 0],
				"cubes": [
					{"origin": [0.15897, 25.53724, 0.17975], "size": [1, 1, 0], "uv": [80, 3]}
				]
			},
			{
				"name": "bone103",
				"parent": "ahoge",
				"pivot": [1.15897, 25.7712, 0.82254],
				"rotation": [30, 0, 0],
				"cubes": [
					{"origin": [0.15897, 26.75601, 0.64889], "size": [1, 1, 0], "uv": [80, 3]}
				]
			},
			{
				"name": "bone104",
				"parent": "bone103",
				"pivot": [1.15897, 26.7712, 0.82254],
				"rotation": [30, 0, 0],
				"cubes": [
					{"origin": [0.15897, 27.71089, 1.16456], "size": [1, 1, 0], "uv": [80, 3]}
				]
			},
			{
				"name": "bone105",
				"parent": "bone104",
				"pivot": [1.15897, 27.7712, 0.82254],
				"rotation": [30, 0, 0],
				"cubes": [
					{"origin": [0.15897, 28.41399, 1.58858], "size": [1, 1, 0], "uv": [80, 3]}
				]
			},
			{
				"name": "bone106",
				"parent": "bone105",
				"pivot": [1.15897, 28.7712, 0.82254],
				"rotation": [25, 0, 0],
				"cubes": [
					{"origin": [0.15897, 29.03002, 1.78847], "size": [1, 2, 0], "uv": [80, 3]}
				]
			},
			{
				"name": "armRight",
				"pivot": [-2, 17.5, 0],
				"rotation": [0, 0, 25],
				"cubes": [
					{"origin": [-4, 8.5, -1], "size": [2, 8, 2], "uv": [8, 54]},
					{"origin": [-4.25, 13.5, -1.25], "size": [2.5, 4, 2.5], "uv": [14, 63]}
				]
			},
			{
				"name": "bone53",
				"parent": "armRight",
				"pivot": [-1.75, 13.5, 1.25],
				"rotation": [0, 0, 15],
				"cubes": [
					{"origin": [-4.25, 9.5, -1.25], "size": [2.5, 4, 2.5], "uv": [0, 63]}
				]
			},
			{
				"name": "bone54",
				"parent": "bone53",
				"pivot": [-1.75, 9.5, -1.25],
				"rotation": [0, 0, -30],
				"cubes": [
					{"origin": [-1.75, 9.5, -1.25], "size": [2.5, 5.5, 2.5], "uv": [48, 61]}
				]
			},
			{
				"name": "armLeft",
				"pivot": [2, 17.5, 0],
				"rotation": [0, 0, -25],
				"cubes": [
					{"origin": [2, 8.5, -1], "size": [2, 8, 2], "uv": [0, 53]},
					{"origin": [1.75, 13.5, -1.25], "size": [2.5, 4, 2.5], "uv": [62, 53]}
				]
			},
			{
				"name": "bone55",
				"parent": "armLeft",
				"pivot": [1.75, 13.5, 1.25],
				"rotation": [0, 0, -15],
				"cubes": [
					{"origin": [1.75, 9.5, -1.25], "size": [2.5, 4, 2.5], "uv": [61, 13]}
				]
			},
			{
				"name": "bone56",
				"parent": "bone55",
				"pivot": [1.75, 9.5, -1.25],
				"rotation": [0, 0, 30],
				"cubes": [
					{"origin": [-0.75, 9.5, -1.25], "size": [2.5, 5.5, 2.5], "uv": [40, 60]}
				]
			},
			{
				"name": "body",
				"pivot": [0, 10.5, 0],
				"cubes": [
					{"origin": [-3, 10.999, -2], "size": [6, 7, 4], "uv": [28, 0]}
				]
			},
			{
				"name": "clothe",
				"parent": "body",
				"pivot": [0, 10.5, 0]
			},
			{
				"name": "clothe1",
				"parent": "clothe",
				"pivot": [0.5, 17.5, -1.75],
				"rotation": [0, 0, 30],
				"cubes": [
					{"origin": [0, 14.25, -2.25], "size": [1, 4.25, 4.45], "uv": [51, 12]},
					{"origin": [1, 15.5, -2.15], "size": [2, 3, 4.4], "uv": [47, 27]}
				]
			},
			{
				"name": "bone57",
				"parent": "clothe1",
				"pivot": [3, 18.5, -2.15],
				"rotation": [0, 0, -30],
				"cubes": [
					{"origin": [1, 16.25, -2.15], "size": [2, 3.25, 4.4], "uv": [12, 47]},
					{"origin": [-1.5, 16.25, -2.15], "size": [2.75, 3.25, 4.4], "uv": [0, 46]}
				]
			},
			{
				"name": "clothe2",
				"parent": "clothe",
				"pivot": [-0.5, 17.5, -1.75],
				"rotation": [0, 0, -30],
				"cubes": [
					{"origin": [-1, 16.25, -2.25], "size": [1, 2.25, 4.45], "uv": [58, 0]},
					{"origin": [-3, 15.5, -2.15], "size": [2, 3, 4.4], "uv": [45, 45]}
				]
			},
			{
				"name": "bone58",
				"parent": "clothe2",
				"pivot": [-3, 18.5, -2.15],
				"rotation": [0, 0, 30],
				"cubes": [
					{"origin": [-3, 16.25, -2.15], "size": [2, 3.25, 4.4], "uv": [42, 36]}
				]
			},
			{
				"name": "clothe3",
				"parent": "clothe",
				"pivot": [0, 11.25, 0],
				"cubes": [
					{"origin": [-3.25, 13.25, -2.35], "size": [6.5, 2.5, 4.75], "uv": [24, 34]},
					{"origin": [-3.7, 13.95, -2.8], "size": [7.4, 1, 5.65], "uv": [22, 14], "inflate": -0.4}
				]
			},
			{
				"name": "bone59",
				"parent": "clothe3",
				"pivot": [0.05, 15.4, -1.8],
				"rotation": [0, 0, -10],
				"cubes": [
					{"origin": [-1.45, 14.9, -2.3], "size": [3, 1, 4.6], "uv": [41, 11]}
				]
			},
			{
				"name": "bone60",
				"parent": "bone59",
				"pivot": [1.55, 15.9, -2.3],
				"rotation": [0, 0, 15],
				"cubes": [
					{"origin": [1.55, 14.9, -2.3], "size": [1.8, 1, 4.6], "uv": [58, 59]}
				]
			},
			{
				"name": "bone61",
				"parent": "clothe3",
				"pivot": [-0.05, 15.4, -1.8],
				"rotation": [0, 0, 10],
				"cubes": [
					{"origin": [-1.55, 14.9, -2.33], "size": [3, 1, 4.7], "uv": [0, 41]}
				]
			},
			{
				"name": "bone62",
				"parent": "bone61",
				"pivot": [-1.55, 15.9, -2.3],
				"rotation": [0, 0, -15],
				"cubes": [
					{"origin": [-3.35, 14.9, -2.33], "size": [1.8, 1, 4.7], "uv": [10, 42]}
				]
			},
			{
				"name": "bone63",
				"parent": "clothe3",
				"pivot": [1.25, 14.4, -2.45],
				"rotation": [-5, 0, 10],
				"cubes": [
					{"origin": [-0.25, 12.9, -3.3], "size": [3, 3, 1.7], "uv": [84, 0], "inflate": -0.8}
				]
			},
			{
				"name": "bone64",
				"parent": "clothe3",
				"pivot": [-0.2, 11.25, -0.2],
				"rotation": [-5, 0, 10],
				"cubes": [
					{"origin": [0.1, 11.95, -3.1], "size": [1, 2.9, 1], "uv": [50, 68], "inflate": -0.4},
					{"origin": [0.1, 11.7, -3.1], "size": [1, 1.05, 1], "uv": [42, 51], "inflate": -0.3}
				]
			},
			{
				"name": "bone65",
				"parent": "clothe3",
				"pivot": [2.7, 11.25, -0.2],
				"rotation": [-5, 0, -10],
				"cubes": [
					{"origin": [1.4, 11.95, -3.1], "size": [1, 2.9, 1], "uv": [46, 68], "inflate": -0.4},
					{"origin": [1.4, 11.7, -3.1], "size": [1, 1.05, 1], "uv": [32, 51], "inflate": -0.3}
				]
			},
			{
				"name": "clothe4",
				"parent": "clothe",
				"pivot": [0, 10.5, 0]
			},
			{
				"name": "bone66",
				"parent": "clothe4",
				"pivot": [0, 10.5, 0],
				"cubes": [
					{"origin": [-0.5, 13.25, 2], "size": [1, 1, 1], "uv": [49, 43], "inflate": -0.2},
					{"origin": [-0.5, 13.75, 2], "size": [1, 1.1, 1], "uv": [46, 18], "inflate": -0.3}
				]
			},
			{
				"name": "bone67",
				"parent": "bone66",
				"pivot": [-1, 10, -0.35],
				"rotation": [0, -5, 15],
				"cubes": [
					{"origin": [-1.05, 13, 1.95], "size": [3.5, 1.75, 1], "uv": [41, 16], "inflate": -0.3}
				]
			},
			{
				"name": "bone68",
				"parent": "bone67",
				"pivot": [0.7, 14.475, 2.4],
				"rotation": [0, 0, -25],
				"cubes": [
					{"origin": [-1.05, 13.6, 1.9], "size": [3.3, 1.75, 1], "uv": [16, 41], "inflate": -0.3}
				]
			},
			{
				"name": "bone69",
				"parent": "bone66",
				"pivot": [1, 10, -0.35],
				"rotation": [0, 5, -15],
				"cubes": [
					{"origin": [-2.45, 13, 1.95], "size": [3.5, 1.75, 1], "uv": [35, 12], "inflate": -0.3}
				]
			},
			{
				"name": "bone70",
				"parent": "bone69",
				"pivot": [-0.7, 14.475, 2.4],
				"rotation": [0, 0, 25],
				"cubes": [
					{"origin": [-2.25, 13.6, 1.9], "size": [3.3, 1.75, 1], "uv": [28, 11], "inflate": -0.3}
				]
			},
			{
				"name": "bone76",
				"parent": "bone66",
				"pivot": [-0.1, 10.1, 0.4],
				"rotation": [10, 0, -5]
			},
			{
				"name": "bone71",
				"parent": "bone76",
				"pivot": [-0.1, 10.1, 0.4],
				"rotation": [0, 0, 15],
				"cubes": [
					{"origin": [-1.85, 10.85, 2.4], "size": [1.75, 2.25, 1], "uv": [11, 68], "inflate": -0.3}
				]
			},
			{
				"name": "bone72",
				"parent": "bone71",
				"pivot": [-0.4, 11.15, 2.9],
				"rotation": [0, 0, 10],
				"cubes": [
					{"origin": [-1.85, 8.95, 2.4], "size": [1.75, 2.5, 1], "uv": [7, 68], "inflate": -0.3}
				]
			},
			{
				"name": "bone73",
				"parent": "bone72",
				"pivot": [-0.4, 9.25, 2.9],
				"rotation": [0, 0, 15],
				"cubes": [
					{"origin": [-1.85, 6.95, 2.4], "size": [1.75, 2.6, 1], "uv": [67, 48], "inflate": -0.3}
				]
			},
			{
				"name": "bone74",
				"parent": "bone73",
				"pivot": [-1.55, 7.25, 2.9],
				"rotation": [0, 0, -10],
				"cubes": [
					{"origin": [-1.85, 4.45, 2.4], "size": [1.75, 3.1, 1], "uv": [12, 47], "inflate": -0.3}
				]
			},
			{
				"name": "bone75",
				"parent": "bone74",
				"pivot": [-1.55, 4.75, 2.9],
				"rotation": [0, 0, -15],
				"cubes": [
					{"origin": [-1.85, 1.45, 2.4], "size": [1.75, 3.6, 1], "uv": [0, 46], "inflate": -0.3}
				]
			},
			{
				"name": "bone77",
				"parent": "bone76",
				"pivot": [-0.30076, 10.08283, 0.39697],
				"rotation": [0, 0, 18],
				"cubes": [
					{"origin": [-2.05076, 10.83283, 2.39697], "size": [1.75, 2.25, 1], "uv": [67, 11], "inflate": -0.3}
				]
			},
			{
				"name": "bone78",
				"parent": "bone77",
				"pivot": [-0.60076, 11.13283, 2.89697],
				"rotation": [0, 0, 10],
				"cubes": [
					{"origin": [-2.05076, 8.93283, 2.39697], "size": [1.75, 2.5, 1], "uv": [67, 8], "inflate": -0.3}
				]
			},
			{
				"name": "bone79",
				"parent": "bone78",
				"pivot": [-0.60076, 9.23283, 2.89697],
				"rotation": [0, 0, 15],
				"cubes": [
					{"origin": [-2.05076, 6.93283, 2.39697], "size": [1.75, 2.6, 1], "uv": [67, 5], "inflate": -0.3}
				]
			},
			{
				"name": "bone80",
				"parent": "bone79",
				"pivot": [-1.75076, 7.23283, 2.89697],
				"rotation": [0, 0, -10],
				"cubes": [
					{"origin": [-2.05076, 4.43283, 2.39697], "size": [1.75, 3.1, 1], "uv": [44, 0], "inflate": -0.3}
				]
			},
			{
				"name": "bone81",
				"parent": "bone80",
				"pivot": [-1.75076, 4.73283, 2.89697],
				"rotation": [0, 0, -15],
				"cubes": [
					{"origin": [-2.05076, 1.43283, 2.39697], "size": [1.75, 3.6, 1], "uv": [10, 41], "inflate": -0.3}
				]
			},
			{
				"name": "bone82",
				"parent": "bone66",
				"pivot": [0.1, 10.1, 0.4],
				"rotation": [10, 0, 5]
			},
			{
				"name": "bone83",
				"parent": "bone82",
				"pivot": [0.1, 10.1, 0.4],
				"rotation": [0, 0, -15],
				"cubes": [
					{"origin": [0.1, 10.85, 2.4], "size": [1.75, 2.25, 1], "uv": [67, 67], "inflate": -0.3}
				]
			},
			{
				"name": "bone84",
				"parent": "bone83",
				"pivot": [0.4, 11.15, 2.9],
				"rotation": [0, 0, -10],
				"cubes": [
					{"origin": [0.1, 8.95, 2.4], "size": [1.75, 2.5, 1], "uv": [42, 67], "inflate": -0.3}
				]
			},
			{
				"name": "bone85",
				"parent": "bone84",
				"pivot": [0.4, 9.25, 2.9],
				"rotation": [0, 0, -15],
				"cubes": [
					{"origin": [0.1, 6.95, 2.4], "size": [1.75, 2.6, 1], "uv": [64, 27], "inflate": -0.3}
				]
			},
			{
				"name": "bone86",
				"parent": "bone85",
				"pivot": [1.55, 7.25, 2.9],
				"rotation": [0, 0, 10],
				"cubes": [
					{"origin": [0.1, 4.45, 2.4], "size": [1.75, 3.1, 1], "uv": [0, 41], "inflate": -0.3}
				]
			},
			{
				"name": "bone87",
				"parent": "bone86",
				"pivot": [1.55, 4.75, 2.9],
				"rotation": [0, 0, 15],
				"cubes": [
					{"origin": [0.1, 1.45, 2.4], "size": [1.75, 3.6, 1], "uv": [24, 34], "inflate": -0.3}
				]
			},
			{
				"name": "bone88",
				"parent": "bone82",
				"pivot": [0.30076, 10.08283, 0.39697],
				"rotation": [0, 0, -18],
				"cubes": [
					{"origin": [0.30076, 10.83283, 2.39697], "size": [1.75, 2.25, 1], "uv": [57, 13], "inflate": -0.3}
				]
			},
			{
				"name": "bone89",
				"parent": "bone88",
				"pivot": [0.60076, 11.13283, 2.89697],
				"rotation": [0, 0, -10],
				"cubes": [
					{"origin": [0.30076, 8.93283, 2.39697], "size": [1.75, 2.5, 1], "uv": [51, 12], "inflate": -0.3}
				]
			},
			{
				"name": "bone90",
				"parent": "bone89",
				"pivot": [0.60076, 9.23283, 2.89697],
				"rotation": [0, 0, -15],
				"cubes": [
					{"origin": [0.30076, 6.93283, 2.39697], "size": [1.75, 2.6, 1], "uv": [8, 47], "inflate": -0.3}
				]
			},
			{
				"name": "bone91",
				"parent": "bone90",
				"pivot": [1.75076, 7.23283, 2.89697],
				"rotation": [0, 0, 10],
				"cubes": [
					{"origin": [0.30076, 4.43283, 2.39697], "size": [1.75, 3.1, 1], "uv": [27, 0], "inflate": -0.3}
				]
			},
			{
				"name": "bone92",
				"parent": "bone91",
				"pivot": [1.75076, 4.73283, 2.89697],
				"rotation": [0, 0, 15],
				"cubes": [
					{"origin": [0.30076, 1.43283, 2.39697], "size": [1.75, 3.6, 1], "uv": [22, 14], "inflate": -0.3}
				]
			},
			{
				"name": "clothe5",
				"parent": "clothe",
				"pivot": [0, 11.25, 0]
			},
			{
				"name": "bone93",
				"parent": "clothe5",
				"pivot": [0, 11.25, 0]
			},
			{
				"name": "bone94",
				"parent": "bone93",
				"pivot": [-0.2, 9.25, 0],
				"rotation": [0, 0, -25],
				"cubes": [
					{"origin": [1.94048, 8.32524, -0.8], "size": [2.55, 6.55, 1.6], "uv": [21, 0]}
				]
			},
			{
				"name": "bone95",
				"parent": "bone94",
				"pivot": [0.33054, 7.88238, -2],
				"rotation": [-15, 0, 0],
				"cubes": [
					{"origin": [1.47101, 8.6341, -3.23828], "size": [3.05, 5, 2.35], "uv": [57, 6]},
					{"origin": [0.47101, 8.6341, -3.33828], "size": [1, 2.75, 2.45], "uv": [40, 34]}
				]
			},
			{
				"name": "bone97",
				"parent": "bone95",
				"pivot": [0.47101, 11.3841, -3.23828],
				"rotation": [5, 0, 15],
				"cubes": [
					{"origin": [0.47101, 11.3841, -3.33828], "size": [1, 2, 1.1], "uv": [16, 43]}
				]
			},
			{
				"name": "bone96",
				"parent": "bone94",
				"pivot": [0.33054, 7.88238, 2],
				"rotation": [15, 0, 0],
				"cubes": [
					{"origin": [1.22101, 8.6341, 0.88828], "size": [3.3, 5, 2.35], "uv": [54, 34]}
				]
			},
			{
				"name": "bone98",
				"parent": "bone93",
				"pivot": [0.2, 9.25, 0],
				"rotation": [0, 0, 25],
				"cubes": [
					{"origin": [-4.49048, 8.32524, -0.8], "size": [2.55, 6.55, 1.6], "uv": [0, 0]}
				]
			},
			{
				"name": "bone99",
				"parent": "bone98",
				"pivot": [-0.33054, 7.88238, -2],
				"rotation": [-15, 0, 0],
				"cubes": [
					{"origin": [-4.52101, 8.6341, -3.18828], "size": [3.05, 5, 2.3], "uv": [54, 20]},
					{"origin": [-1.47101, 8.6341, -3.18828], "size": [1, 2.75, 2.3], "uv": [0, 28]}
				]
			},
			{
				"name": "bone100",
				"parent": "bone99",
				"pivot": [-0.47101, 11.3841, -3.23828],
				"rotation": [5, 0, -15]
			},
			{
				"name": "bone101",
				"parent": "bone98",
				"pivot": [-0.33054, 7.88238, 2],
				"rotation": [15, 0, 0],
				"cubes": [
					{"origin": [-4.52101, 8.6341, 0.88828], "size": [3.3, 5, 2.35], "uv": [53, 41]}
				]
			},
			{
				"name": "bone102",
				"parent": "clothe5",
				"pivot": [1.51946, 8.23238, 2],
				"rotation": [15, 0, 0],
				"cubes": [
					{"origin": [-1.25, 9.2461, 1.48528], "size": [2.5, 5.1, 1.85], "uv": [0, 14]}
				]
			},
			{
				"name": "sittingRotationSkirt",
				"parent": "body",
				"pivot": [0, 10.5, 0]
			},
			{
				"name": "derss",
				"parent": "sittingRotationSkirt",
				"pivot": [0, 6.5, 0]
			},
			{
				"name": "bone170",
				"parent": "derss",
				"pivot": [-0.05, 7.5, 0],
				"rotation": [0, 0, 25],
				"cubes": [
					{"origin": [-4.74048, 5.62524, -1.05], "size": [2.55, 7.5, 2.1], "uv": [54, 54]}
				]
			},
			{
				"name": "bone171",
				"parent": "bone170",
				"pivot": [-0.58054, 6.13238, -2],
				"rotation": [-15, 0, 0],
				"cubes": [
					{"origin": [-4.77101, 5.8841, -3.23828], "size": [3.4, 6, 2.35], "uv": [44, 52]}
				]
			},
			{
				"name": "bone172",
				"parent": "bone170",
				"pivot": [-0.58054, 6.13238, 2],
				"rotation": [15, 0, 0],
				"cubes": [
					{"origin": [-4.77101, 5.8841, 0.88828], "size": [3.4, 6, 2.35], "uv": [34, 51]}
				]
			},
			{
				"name": "bone173",
				"parent": "derss",
				"pivot": [0.05, 7.5, 0],
				"rotation": [0, 0, -25],
				"cubes": [
					{"origin": [2.19048, 5.62524, -1.05], "size": [2.55, 7.5, 2.1], "uv": [16, 54]}
				]
			},
			{
				"name": "bone174",
				"parent": "bone173",
				"pivot": [0.58054, 6.13238, -2],
				"rotation": [-15, 0, 0],
				"cubes": [
					{"origin": [1.37101, 5.8841, -3.23828], "size": [3.4, 6, 2.35], "uv": [24, 51]}
				]
			},
			{
				"name": "bone175",
				"parent": "bone173",
				"pivot": [0.58054, 6.13238, 2],
				"rotation": [15, 0, 0],
				"cubes": [
					{"origin": [1.37101, 5.8841, 0.88828], "size": [3.4, 6, 2.35], "uv": [48, 0]}
				]
			},
			{
				"name": "bone176",
				"parent": "derss",
				"pivot": [0, 6.5, 0]
			},
			{
				"name": "bone177",
				"parent": "bone176",
				"pivot": [1.51946, 6.48238, 2],
				"rotation": [15, 0, 0],
				"cubes": [
					{"origin": [-1.8, 6.5961, 1.48528], "size": [3.55, 6, 1.85], "uv": [32, 59]}
				]
			},
			{
				"name": "bone178",
				"parent": "bone176",
				"pivot": [1.51946, 6.48238, -2],
				"rotation": [-15, 0, 0],
				"cubes": [
					{"origin": [-1.8, 6.5961, -3.33528], "size": [3.55, 6, 1.85], "uv": [24, 59]}
				]
			},
			{
				"name": "legRight",
				"pivot": [-2, 9, 0],
				"cubes": [
					{"origin": [-3.499, 1, -1.5], "size": [3, 8, 3], "uv": [33, 40]},
					{"origin": [-3.749, 0, -1.75], "size": [3.5, 1, 3.5], "uv": [55, 27]},
					{"origin": [-2.249, 0.8, -1.85], "size": [1, 1, 1], "uv": [44, 34], "inflate": -0.2}
				]
			},
			{
				"name": "legLeft",
				"pivot": [2, 9, 0],
				"cubes": [
					{"origin": [0.499, 1, -1.5], "size": [3, 8, 3], "uv": [21, 40]},
					{"origin": [0.249, 0, -1.75], "size": [3.5, 1, 3.5], "uv": [54, 49]},
					{"origin": [1.249, 0.8, -1.85], "size": [1, 1, 1], "uv": [24, 26], "inflate": -0.2}
				]
			}
		]
	}
}