{
	"format_version": "1.10.0",
	"geometry.model": {
		"texturewidth": 256,
		"textureheight": 256,
		"visible_bounds_width": 10,
		"visible_bounds_height": 4,
		"visible_bounds_offset": [0, 0, 0],
		"bones": [
			{
				"name": "zhengti",
				"pivot": [-6, 0, 28]
			},
			{
				"name": "lunzi",
				"parent": "zhengti",
				"pivot": [4, 0, 28]
			},
			{
				"name": "lunzi1",
				"parent": "lunzi",
				"pivot": [4, 0, 28],
				"cubes": [
					{"origin": [2, 0, 28], "size": [3, 1.75, 4], "uv": [28, 186]},
					{"origin": [2.25, 0.25, 28], "size": [2.5, 1.75, 4], "uv": [197, 26]},
					{"origin": [2.75, 2, 27], "size": [1.5, 6, 6], "uv": [113, 14]},
					{"origin": [4, 4.1, 29.25], "size": [1, 1.5, 1.5], "uv": [19, 57]}
				]
			},
			{
				"name": "bone",
				"parent": "lunzi1",
				"pivot": [4, 0, 32],
				"rotation": [45, 0, 0],
				"cubes": [
					{"origin": [2, 0, 32], "size": [3, 1.75, 4], "uv": [14, 186]},
					{"origin": [2.25, 0.25, 32], "size": [2.5, 1.75, 4], "uv": [197, 21]}
				]
			},
			{
				"name": "bone2",
				"parent": "bone",
				"pivot": [4, 0, 36],
				"rotation": [45, 0, 0],
				"cubes": [
					{"origin": [2, 0, 36], "size": [3, 1.75, 4], "uv": [0, 186]},
					{"origin": [2.25, 0.25, 36], "size": [2.5, 1.75, 4], "uv": [197, 16]}
				]
			},
			{
				"name": "bone3",
				"parent": "bone2",
				"pivot": [4, 0, 40],
				"rotation": [45, 0, 0],
				"cubes": [
					{"origin": [2, 0, 40], "size": [3, 1.75, 4], "uv": [185, 72]},
					{"origin": [2.25, 0.25, 40], "size": [2.5, 1.75, 4], "uv": [197, 10]}
				]
			},
			{
				"name": "bone4",
				"parent": "bone3",
				"pivot": [4, 0, 44],
				"rotation": [45, 0, 0],
				"cubes": [
					{"origin": [2, 0, 44], "size": [3, 1.75, 4], "uv": [185, 63]},
					{"origin": [2.25, 0.25, 44], "size": [2.5, 1.75, 4], "uv": [197, 5]}
				]
			},
			{
				"name": "bone5",
				"parent": "bone4",
				"pivot": [4, 0, 48],
				"rotation": [45, 0, 0],
				"cubes": [
					{"origin": [2, 0, 48], "size": [3, 1.75, 4], "uv": [185, 58]},
					{"origin": [2.25, 0, 48], "size": [2.5, 2, 4], "uv": [0, 191]}
				]
			},
			{
				"name": "bone6",
				"parent": "bone5",
				"pivot": [4, 0, 52],
				"rotation": [45, 0, 0],
				"cubes": [
					{"origin": [2, 0, 52], "size": [3, 1.75, 4], "uv": [185, 49]},
					{"origin": [2.25, 0, 52], "size": [2.5, 2, 4], "uv": [190, 95]}
				]
			},
			{
				"name": "bone7",
				"parent": "bone6",
				"pivot": [4, 0, 56],
				"rotation": [45, 0, 0],
				"cubes": [
					{"origin": [2, 0, 56], "size": [3, 1.75, 4], "uv": [185, 44]},
					{"origin": [2.25, 0, 56], "size": [2.5, 2, 4], "uv": [183, 190]}
				]
			},
			{
				"name": "lunzi3",
				"parent": "lunzi1",
				"pivot": [0.75, 0, 28],
				"cubes": [
					{"origin": [-1.25, 0, 28], "size": [3, 1.75, 4], "uv": [185, 185]},
					{"origin": [-1, 0.25, 28], "size": [2.5, 1.75, 4], "uv": [197, 0]},
					{"origin": [-0.5, 2, 27], "size": [1.5, 6, 6], "uv": [24, 105]},
					{"origin": [0.75, 4.1, 29.25], "size": [1, 1.5, 1.5], "uv": [0, 57]}
				]
			},
			{
				"name": "bone15",
				"parent": "lunzi3",
				"pivot": [0.75, 0, 32],
				"rotation": [45, 0, 0],
				"cubes": [
					{"origin": [-1.25, 0, 32], "size": [3, 1.75, 4], "uv": [184, 39]},
					{"origin": [-1, 0.25, 32], "size": [2.5, 1.75, 4], "uv": [188, 197]}
				]
			},
			{
				"name": "bone16",
				"parent": "bone15",
				"pivot": [0.75, 0, 36],
				"rotation": [45, 0, 0],
				"cubes": [
					{"origin": [-1.25, 0, 36], "size": [3, 1.75, 4], "uv": [183, 129]},
					{"origin": [-1, 0.25, 36], "size": [2.5, 1.75, 4], "uv": [162, 197]}
				]
			},
			{
				"name": "bone17",
				"parent": "bone16",
				"pivot": [0.75, 0, 40],
				"rotation": [45, 0, 0],
				"cubes": [
					{"origin": [-1.25, 0, 40], "size": [3, 1.75, 4], "uv": [182, 173]},
					{"origin": [-1, 0.25, 40], "size": [2.5, 1.75, 4], "uv": [150, 197]}
				]
			},
			{
				"name": "bone18",
				"parent": "bone17",
				"pivot": [0.75, 0, 44],
				"rotation": [45, 0, 0],
				"cubes": [
					{"origin": [-1.25, 0, 44], "size": [3, 1.75, 4], "uv": [182, 168]},
					{"origin": [-1, 0.25, 44], "size": [2.5, 1.75, 4], "uv": [138, 197]}
				]
			},
			{
				"name": "bone19",
				"parent": "bone18",
				"pivot": [0.75, 0, 48],
				"rotation": [45, 0, 0],
				"cubes": [
					{"origin": [-1.25, 0, 48], "size": [3, 1.75, 4], "uv": [182, 163]},
					{"origin": [-1, 0, 48], "size": [2.5, 2, 4], "uv": [189, 109]}
				]
			},
			{
				"name": "bone20",
				"parent": "bone19",
				"pivot": [0.75, 0, 52],
				"rotation": [45, 0, 0],
				"cubes": [
					{"origin": [-1.25, 0, 52], "size": [3, 1.75, 4], "uv": [182, 158]},
					{"origin": [-1, 0, 52], "size": [2.5, 2, 4], "uv": [189, 103]}
				]
			},
			{
				"name": "bone21",
				"parent": "bone20",
				"pivot": [0.75, 0, 56],
				"rotation": [45, 0, 0],
				"cubes": [
					{"origin": [-1.25, 0, 56], "size": [3, 1.75, 4], "uv": [182, 153]},
					{"origin": [-1, 0, 56], "size": [2.5, 2, 4], "uv": [189, 89]}
				]
			},
			{
				"name": "lunzi2",
				"parent": "lunzi",
				"pivot": [4, 0, 39],
				"cubes": [
					{"origin": [2, 0, 39], "size": [3, 1.75, 4], "uv": [182, 148]},
					{"origin": [2.25, 0.25, 39], "size": [2.5, 1.75, 4], "uv": [92, 197]},
					{"origin": [2.75, 2, 38], "size": [1.5, 6, 6], "uv": [94, 57]},
					{"origin": [-14, 4.1, 40.25], "size": [19, 1.5, 1.5], "uv": [94, 32]}
				]
			},
			{
				"name": "bone8",
				"parent": "lunzi2",
				"pivot": [4, 0, 43],
				"rotation": [45, 0, 0],
				"cubes": [
					{"origin": [2, 0, 43], "size": [3, 1.75, 4], "uv": [182, 143]},
					{"origin": [2.25, 0.25, 43], "size": [2.5, 1.75, 4], "uv": [80, 197]}
				]
			},
			{
				"name": "bone9",
				"parent": "bone8",
				"pivot": [4, 0, 47],
				"rotation": [45, 0, 0],
				"cubes": [
					{"origin": [2, 0, 47], "size": [3, 1.75, 4], "uv": [182, 138]},
					{"origin": [2.25, 0.25, 47], "size": [2.5, 1.75, 4], "uv": [68, 197]}
				]
			},
			{
				"name": "bone10",
				"parent": "bone9",
				"pivot": [4, 0, 51],
				"rotation": [45, 0, 0],
				"cubes": [
					{"origin": [2, 0, 51], "size": [3, 1.75, 4], "uv": [66, 182]},
					{"origin": [2.25, 0.25, 51], "size": [2.5, 1.75, 4], "uv": [40, 197]}
				]
			},
			{
				"name": "bone11",
				"parent": "bone10",
				"pivot": [4, 0, 55],
				"rotation": [45, 0, 0],
				"cubes": [
					{"origin": [2, 0, 55], "size": [3, 1.75, 4], "uv": [175, 181]},
					{"origin": [2.25, 0.25, 55], "size": [2.5, 1.75, 4], "uv": [28, 197]}
				]
			},
			{
				"name": "bone12",
				"parent": "bone11",
				"pivot": [4, 0, 59],
				"rotation": [45, 0, 0],
				"cubes": [
					{"origin": [2, 0, 59], "size": [3, 1.75, 4], "uv": [161, 181]},
					{"origin": [2.25, 0, 59], "size": [2.5, 2, 4], "uv": [189, 83]}
				]
			},
			{
				"name": "bone13",
				"parent": "bone12",
				"pivot": [4, 0, 63],
				"rotation": [45, 0, 0],
				"cubes": [
					{"origin": [2, 0, 63], "size": [3, 1.75, 4], "uv": [147, 181]},
					{"origin": [2.25, 0, 63], "size": [2.5, 2, 4], "uv": [189, 77]}
				]
			},
			{
				"name": "bone14",
				"parent": "bone13",
				"pivot": [4, 0, 67],
				"rotation": [45, 0, 0],
				"cubes": [
					{"origin": [2, 0, 67], "size": [3, 1.75, 4], "uv": [56, 181]},
					{"origin": [2.25, 0, 67], "size": [2.5, 2, 4], "uv": [132, 189]}
				]
			},
			{
				"name": "lunzi4",
				"parent": "lunzi2",
				"pivot": [0.75, 0, 39],
				"cubes": [
					{"origin": [-1.25, 0, 39], "size": [3, 1.75, 4], "uv": [42, 181]},
					{"origin": [-1, 0.25, 39], "size": [2.5, 1.75, 4], "uv": [0, 197]},
					{"origin": [-0.5, 2, 38], "size": [1.5, 6, 6], "uv": [94, 14]},
					{"origin": [0.75, 4.1, 40.25], "size": [1, 1.5, 1.5], "uv": [29, 55]}
				]
			},
			{
				"name": "bone22",
				"parent": "lunzi4",
				"pivot": [0.75, 0, 43],
				"rotation": [45, 0, 0],
				"cubes": [
					{"origin": [-1.25, 0, 43], "size": [3, 1.75, 4], "uv": [28, 181]},
					{"origin": [-1, 0.25, 43], "size": [2.5, 1.75, 4], "uv": [180, 196]}
				]
			},
			{
				"name": "bone23",
				"parent": "bone22",
				"pivot": [0.75, 0, 47],
				"rotation": [45, 0, 0],
				"cubes": [
					{"origin": [-1.25, 0, 47], "size": [3, 1.75, 4], "uv": [14, 181]},
					{"origin": [-1, 0.25, 47], "size": [2.5, 1.75, 4], "uv": [20, 196]}
				]
			},
			{
				"name": "bone24",
				"parent": "bone23",
				"pivot": [0.75, 0, 51],
				"rotation": [45, 0, 0],
				"cubes": [
					{"origin": [-1.25, 0, 51], "size": [3, 1.75, 4], "uv": [0, 181]},
					{"origin": [-1, 0.25, 51], "size": [2.5, 1.75, 4], "uv": [8, 196]}
				]
			},
			{
				"name": "bone25",
				"parent": "bone24",
				"pivot": [0.75, 0, 55],
				"rotation": [45, 0, 0],
				"cubes": [
					{"origin": [-1.25, 0, 55], "size": [3, 1.75, 4], "uv": [180, 98]},
					{"origin": [-1, 0.25, 55], "size": [2.5, 1.75, 4], "uv": [195, 186]}
				]
			},
			{
				"name": "bone26",
				"parent": "bone25",
				"pivot": [0.75, 0, 59],
				"rotation": [45, 0, 0],
				"cubes": [
					{"origin": [-1.25, 0, 59], "size": [3, 1.75, 4], "uv": [177, 124]},
					{"origin": [-1, 0, 59], "size": [2.5, 2, 4], "uv": [188, 32]}
				]
			},
			{
				"name": "bone27",
				"parent": "bone26",
				"pivot": [0.75, 0, 63],
				"rotation": [45, 0, 0],
				"cubes": [
					{"origin": [-1.25, 0, 63], "size": [3, 1.75, 4], "uv": [66, 177]},
					{"origin": [-1, 0, 63], "size": [2.5, 2, 4], "uv": [175, 188]}
				]
			},
			{
				"name": "bone28",
				"parent": "bone27",
				"pivot": [0.75, 0, 67],
				"rotation": [45, 0, 0],
				"cubes": [
					{"origin": [-1.25, 0, 67], "size": [3, 1.75, 4], "uv": [56, 176]},
					{"origin": [-1, 0, 67], "size": [2.5, 2, 4], "uv": [62, 188]}
				]
			},
			{
				"name": "lunzi5",
				"parent": "lunzi",
				"pivot": [-16, 0, 28],
				"cubes": [
					{"origin": [-17, 0, 28], "size": [3, 1.75, 4], "uv": [42, 176]},
					{"origin": [-16.75, 0.25, 28], "size": [2.5, 1.75, 4], "uv": [195, 181]},
					{"origin": [-16.25, 2, 27], "size": [1.5, 6, 6], "uv": [75, 92]},
					{"origin": [-17, 4.1, 29.25], "size": [19, 1.5, 1.5], "uv": [0, 82]}
				]
			},
			{
				"name": "bone33",
				"parent": "lunzi5",
				"pivot": [-16, 0, 32],
				"rotation": [45, 0, 0],
				"cubes": [
					{"origin": [-17, 0, 32], "size": [3, 1.75, 4], "uv": [28, 176]},
					{"origin": [-16.75, 0.25, 32], "size": [2.5, 1.75, 4], "uv": [195, 69]}
				]
			},
			{
				"name": "bone34",
				"parent": "bone33",
				"pivot": [-16, 0, 36],
				"rotation": [45, 0, 0],
				"cubes": [
					{"origin": [-17, 0, 36], "size": [3, 1.75, 4], "uv": [14, 176]},
					{"origin": [-16.75, 0.25, 36], "size": [2.5, 1.75, 4], "uv": [195, 64]}
				]
			},
			{
				"name": "bone35",
				"parent": "bone34",
				"pivot": [-16, 0, 40],
				"rotation": [45, 0, 0],
				"cubes": [
					{"origin": [-17, 0, 40], "size": [3, 1.75, 4], "uv": [0, 176]},
					{"origin": [-16.75, 0.25, 40], "size": [2.5, 1.75, 4], "uv": [195, 59]}
				]
			},
			{
				"name": "bone36",
				"parent": "bone35",
				"pivot": [-16, 0, 44],
				"rotation": [45, 0, 0],
				"cubes": [
					{"origin": [-17, 0, 44], "size": [3, 1.75, 4], "uv": [104, 174]},
					{"origin": [-16.75, 0.25, 44], "size": [2.5, 1.75, 4], "uv": [195, 54]}
				]
			},
			{
				"name": "bone37",
				"parent": "bone36",
				"pivot": [-16, 0, 48],
				"rotation": [45, 0, 0],
				"cubes": [
					{"origin": [-17, 0, 48], "size": [3, 1.75, 4], "uv": [166, 171]},
					{"origin": [-16.75, 0, 48], "size": [2.5, 2, 4], "uv": [124, 187]}
				]
			},
			{
				"name": "bone38",
				"parent": "bone37",
				"pivot": [-16, 0, 52],
				"rotation": [45, 0, 0],
				"cubes": [
					{"origin": [-17, 0, 52], "size": [3, 1.75, 4], "uv": [72, 170]},
					{"origin": [-16.75, 0, 52], "size": [2.5, 2, 4], "uv": [112, 187]}
				]
			},
			{
				"name": "bone39",
				"parent": "bone38",
				"pivot": [-16, 0, 56],
				"rotation": [45, 0, 0],
				"cubes": [
					{"origin": [-17, 0, 56], "size": [3, 1.75, 4], "uv": [58, 170]},
					{"origin": [-16.75, 0, 56], "size": [2.5, 2, 4], "uv": [167, 186]}
				]
			},
			{
				"name": "lunzi6",
				"parent": "lunzi5",
				"pivot": [-12.75, 0, 28],
				"cubes": [
					{"origin": [-13.75, 0, 28], "size": [3, 1.75, 4], "uv": [44, 170]},
					{"origin": [-13.5, 0.25, 28], "size": [2.5, 1.75, 4], "uv": [195, 48]},
					{"origin": [-13, 2, 27], "size": [1.5, 6, 6], "uv": [55, 92]},
					{"origin": [-13.75, 4.1, 29.25], "size": [1, 1.5, 1.5], "uv": [19, 55]}
				]
			},
			{
				"name": "bone40",
				"parent": "lunzi6",
				"pivot": [-12.75, 0, 32],
				"rotation": [45, 0, 0],
				"cubes": [
					{"origin": [-13.75, 0, 32], "size": [3, 1.75, 4], "uv": [104, 169]},
					{"origin": [-13.5, 0.25, 32], "size": [2.5, 1.75, 4], "uv": [195, 43]}
				]
			},
			{
				"name": "bone41",
				"parent": "bone40",
				"pivot": [-12.75, 0, 36],
				"rotation": [45, 0, 0],
				"cubes": [
					{"origin": [-13.75, 0, 36], "size": [3, 1.75, 4], "uv": [24, 169]},
					{"origin": [-13.5, 0.25, 36], "size": [2.5, 1.75, 4], "uv": [130, 195]}
				]
			},
			{
				"name": "bone42",
				"parent": "bone41",
				"pivot": [-12.75, 0, 40],
				"rotation": [45, 0, 0],
				"cubes": [
					{"origin": [-13.75, 0, 40], "size": [3, 1.75, 4], "uv": [167, 128]},
					{"origin": [-13.5, 0.25, 40], "size": [2.5, 1.75, 4], "uv": [194, 38]}
				]
			},
			{
				"name": "bone43",
				"parent": "bone42",
				"pivot": [-12.75, 0, 44],
				"rotation": [45, 0, 0],
				"cubes": [
					{"origin": [-13.75, 0, 44], "size": [3, 1.75, 4], "uv": [167, 123]},
					{"origin": [-13.5, 0.25, 44], "size": [2.5, 1.75, 4], "uv": [172, 194]}
				]
			},
			{
				"name": "bone44",
				"parent": "bone43",
				"pivot": [-12.75, 0, 48],
				"rotation": [45, 0, 0],
				"cubes": [
					{"origin": [-13.75, 0, 48], "size": [3, 1.75, 4], "uv": [14, 167]},
					{"origin": [-13.5, 0, 48], "size": [2.5, 2, 4], "uv": [155, 186]}
				]
			},
			{
				"name": "bone45",
				"parent": "bone44",
				"pivot": [-12.75, 0, 52],
				"rotation": [45, 0, 0],
				"cubes": [
					{"origin": [-13.75, 0, 52], "size": [3, 1.75, 4], "uv": [0, 167]},
					{"origin": [-13.5, 0, 52], "size": [2.5, 2, 4], "uv": [143, 186]}
				]
			},
			{
				"name": "bone46",
				"parent": "bone45",
				"pivot": [-12.75, 0, 56],
				"rotation": [45, 0, 0],
				"cubes": [
					{"origin": [-13.75, 0, 56], "size": [3, 1.75, 4], "uv": [166, 160]},
					{"origin": [-13.5, 0, 56], "size": [2.5, 2, 4], "uv": [100, 186]}
				]
			},
			{
				"name": "lunzi7",
				"parent": "lunzi",
				"pivot": [-16, 0, 39],
				"cubes": [
					{"origin": [-17, 0, 39], "size": [3, 1.75, 4], "uv": [166, 166]},
					{"origin": [-16.75, 0.25, 39], "size": [2.5, 1.75, 4], "uv": [122, 194]},
					{"origin": [-16.25, 2, 38], "size": [1.5, 6, 6], "uv": [20, 86]},
					{"origin": [-17, 4.1, 40.25], "size": [1, 1.5, 1.5], "uv": [0, 55]}
				]
			},
			{
				"name": "bone47",
				"parent": "lunzi7",
				"pivot": [-16, 0, 43],
				"rotation": [45, 0, 0],
				"cubes": [
					{"origin": [-17, 0, 43], "size": [3, 1.75, 4], "uv": [164, 138]},
					{"origin": [-16.75, 0.25, 43], "size": [2.5, 1.75, 4], "uv": [60, 194]}
				]
			},
			{
				"name": "bone48",
				"parent": "bone47",
				"pivot": [-16, 0, 47],
				"rotation": [45, 0, 0],
				"cubes": [
					{"origin": [-17, 0, 47], "size": [3, 1.75, 4], "uv": [28, 164]},
					{"origin": [-16.75, 0.25, 47], "size": [2.5, 1.75, 4], "uv": [193, 128]}
				]
			},
			{
				"name": "bone49",
				"parent": "bone48",
				"pivot": [-16, 0, 51],
				"rotation": [45, 0, 0],
				"cubes": [
					{"origin": [-17, 0, 51], "size": [3, 1.75, 4], "uv": [17, 160]},
					{"origin": [-16.75, 0.25, 51], "size": [2.5, 1.75, 4], "uv": [114, 193]}
				]
			},
			{
				"name": "bone50",
				"parent": "bone49",
				"pivot": [-16, 0, 55],
				"rotation": [45, 0, 0],
				"cubes": [
					{"origin": [-17, 0, 55], "size": [3, 1.75, 4], "uv": [0, 160]},
					{"origin": [-16.75, 0.25, 55], "size": [2.5, 1.75, 4], "uv": [102, 193]}
				]
			},
			{
				"name": "bone51",
				"parent": "bone50",
				"pivot": [-16, 0, 59],
				"rotation": [45, 0, 0],
				"cubes": [
					{"origin": [-17, 0, 59], "size": [3, 1.75, 4], "uv": [27, 159]},
					{"origin": [-16.75, 0, 59], "size": [2.5, 2, 4], "uv": [88, 186]}
				]
			},
			{
				"name": "bone52",
				"parent": "bone51",
				"pivot": [-16, 0, 63],
				"rotation": [45, 0, 0],
				"cubes": [
					{"origin": [-17, 0, 63], "size": [3, 1.75, 4], "uv": [44, 157]},
					{"origin": [-16.75, 0, 63], "size": [2.5, 2, 4], "uv": [76, 186]}
				]
			},
			{
				"name": "bone53",
				"parent": "bone52",
				"pivot": [-16, 0, 67],
				"rotation": [45, 0, 0],
				"cubes": [
					{"origin": [-17, 0, 67], "size": [3, 1.75, 4], "uv": [17, 155]},
					{"origin": [-16.75, 0, 67], "size": [2.5, 2, 4], "uv": [54, 186]}
				]
			},
			{
				"name": "lunzi8",
				"parent": "lunzi7",
				"pivot": [-12.75, 0, 39],
				"cubes": [
					{"origin": [-13.75, 0, 39], "size": [3, 1.75, 4], "uv": [0, 155]},
					{"origin": [-13.5, 0.25, 39], "size": [2.5, 1.75, 4], "uv": [52, 193]},
					{"origin": [-13, 2, 38], "size": [1.5, 6, 6], "uv": [0, 86]},
					{"origin": [-13.75, 4.1, 40.25], "size": [1, 1.5, 1.5], "uv": [13, 43]}
				]
			},
			{
				"name": "bone54",
				"parent": "lunzi8",
				"pivot": [-12.75, 0, 43],
				"rotation": [45, 0, 0],
				"cubes": [
					{"origin": [-13.75, 0, 43], "size": [3, 1.75, 4], "uv": [154, 139]},
					{"origin": [-13.5, 0.25, 43], "size": [2.5, 1.75, 4], "uv": [192, 174]}
				]
			},
			{
				"name": "bone55",
				"parent": "bone54",
				"pivot": [-12.75, 0, 47],
				"rotation": [45, 0, 0],
				"cubes": [
					{"origin": [-13.75, 0, 47], "size": [3, 1.75, 4], "uv": [27, 154]},
					{"origin": [-13.5, 0.25, 47], "size": [2.5, 1.75, 4], "uv": [192, 169]}
				]
			},
			{
				"name": "bone56",
				"parent": "bone55",
				"pivot": [-12.75, 0, 51],
				"rotation": [45, 0, 0],
				"cubes": [
					{"origin": [-13.75, 0, 51], "size": [3, 1.75, 4], "uv": [44, 152]},
					{"origin": [-13.5, 0.25, 51], "size": [2.5, 1.75, 4], "uv": [192, 164]}
				]
			},
			{
				"name": "bone57",
				"parent": "bone56",
				"pivot": [-12.75, 0, 55],
				"rotation": [45, 0, 0],
				"cubes": [
					{"origin": [-13.75, 0, 55], "size": [3, 1.75, 4], "uv": [17, 150]},
					{"origin": [-13.5, 0.25, 55], "size": [2.5, 1.75, 4], "uv": [192, 159]}
				]
			},
			{
				"name": "bone58",
				"parent": "bone57",
				"pivot": [-12.75, 0, 59],
				"rotation": [45, 0, 0],
				"cubes": [
					{"origin": [-13.75, 0, 59], "size": [3, 1.75, 4], "uv": [0, 150]},
					{"origin": [-13.5, 0, 59], "size": [2.5, 2, 4], "uv": [42, 186]}
				]
			},
			{
				"name": "bone59",
				"parent": "bone58",
				"pivot": [-12.75, 0, 63],
				"rotation": [45, 0, 0],
				"cubes": [
					{"origin": [-13.75, 0, 63], "size": [3, 1.75, 4], "uv": [28, 149]},
					{"origin": [-13.5, 0, 63], "size": [2.5, 2, 4], "uv": [82, 172]}
				]
			},
			{
				"name": "bone60",
				"parent": "bone59",
				"pivot": [-12.75, 0, 67],
				"rotation": [45, 0, 0],
				"cubes": [
					{"origin": [-13.75, 0, 67], "size": [3, 1.75, 4], "uv": [72, 147]},
					{"origin": [-13.5, 0, 67], "size": [2.5, 2, 4], "uv": [170, 64]}
				]
			},
			{
				"name": "lunzi9",
				"parent": "lunzi",
				"pivot": [4, 0, 1],
				"cubes": [
					{"origin": [2, 0, 1], "size": [3, 1.75, 4], "uv": [46, 147]},
					{"origin": [2.25, 0.25, 1], "size": [2.5, 1.75, 4], "uv": [192, 154]},
					{"origin": [2.75, 2, 0], "size": [1.5, 6, 6], "uv": [19, 43]},
					{"origin": [4, 4.1, 2.25], "size": [1, 1.5, 1.5], "uv": [38, 34]}
				]
			},
			{
				"name": "bone65",
				"parent": "lunzi9",
				"pivot": [4, 0, 5],
				"rotation": [45, 0, 0],
				"cubes": [
					{"origin": [2, 0, 5], "size": [3, 1.75, 4], "uv": [17, 143]},
					{"origin": [2.25, 0.25, 5], "size": [2.5, 1.75, 4], "uv": [192, 149]}
				]
			},
			{
				"name": "bone66",
				"parent": "bone65",
				"pivot": [4, 0, 9],
				"rotation": [45, 0, 0],
				"cubes": [
					{"origin": [2, 0, 9], "size": [3, 1.75, 4], "uv": [0, 143]},
					{"origin": [2.25, 0.25, 9], "size": [2.5, 1.75, 4], "uv": [192, 144]}
				]
			},
			{
				"name": "bone67",
				"parent": "bone66",
				"pivot": [4, 0, 13],
				"rotation": [45, 0, 0],
				"cubes": [
					{"origin": [2, 0, 13], "size": [3, 1.75, 4], "uv": [139, 127]},
					{"origin": [2.25, 0.25, 13], "size": [2.5, 1.75, 4], "uv": [192, 139]}
				]
			},
			{
				"name": "bone68",
				"parent": "bone67",
				"pivot": [4, 0, 17],
				"rotation": [45, 0, 0],
				"cubes": [
					{"origin": [2, 0, 17], "size": [3, 1.75, 4], "uv": [139, 122]},
					{"origin": [2.25, 0.25, 17], "size": [2.5, 1.75, 4], "uv": [192, 134]}
				]
			},
			{
				"name": "bone69",
				"parent": "bone68",
				"pivot": [4, 0, 21],
				"rotation": [45, 0, 0],
				"cubes": [
					{"origin": [2, 0, 21], "size": [3, 1.75, 4], "uv": [139, 117]},
					{"origin": [2.25, 0, 21], "size": [2.5, 2, 4], "uv": [170, 58]}
				]
			},
			{
				"name": "bone70",
				"parent": "bone69",
				"pivot": [4, 0, 25],
				"rotation": [45, 0, 0],
				"cubes": [
					{"origin": [2, 0, 25], "size": [3, 1.75, 4], "uv": [139, 67]},
					{"origin": [2.25, 0, 25], "size": [2.5, 2, 4], "uv": [151, 170]}
				]
			},
			{
				"name": "bone71",
				"parent": "bone70",
				"pivot": [4, 0, 29],
				"rotation": [45, 0, 0],
				"cubes": [
					{"origin": [2, 0, 29], "size": [3, 1.75, 4], "uv": [139, 62]},
					{"origin": [2.25, 0, 29], "size": [2.5, 2, 4], "uv": [114, 170]}
				]
			},
			{
				"name": "lunzi10",
				"parent": "lunzi9",
				"pivot": [0.75, 0, 1],
				"cubes": [
					{"origin": [-1.25, 0, 1], "size": [3, 1.75, 4], "uv": [139, 57]},
					{"origin": [-1, 0.25, 1], "size": [2.5, 1.75, 4], "uv": [191, 192]},
					{"origin": [-0.5, 2, 0], "size": [1.5, 6, 6], "uv": [0, 43]},
					{"origin": [0.75, 4.1, 2.25], "size": [1, 1.5, 1.5], "uv": [38, 32]}
				]
			},
			{
				"name": "bone72",
				"parent": "lunzi10",
				"pivot": [0.75, 0, 5],
				"rotation": [45, 0, 0],
				"cubes": [
					{"origin": [-1.25, 0, 5], "size": [3, 1.75, 4], "uv": [138, 26]},
					{"origin": [-1, 0.25, 5], "size": [2.5, 1.75, 4], "uv": [164, 192]}
				]
			},
			{
				"name": "bone73",
				"parent": "bone72",
				"pivot": [0.75, 0, 9],
				"rotation": [45, 0, 0],
				"cubes": [
					{"origin": [-1.25, 0, 9], "size": [3, 1.75, 4], "uv": [138, 21]},
					{"origin": [-1, 0.25, 9], "size": [2.5, 1.75, 4], "uv": [152, 192]}
				]
			},
			{
				"name": "bone74",
				"parent": "bone73",
				"pivot": [0.75, 0, 13],
				"rotation": [45, 0, 0],
				"cubes": [
					{"origin": [-1.25, 0, 13], "size": [3, 1.75, 4], "uv": [138, 16]},
					{"origin": [-1, 0.25, 13], "size": [2.5, 1.75, 4], "uv": [140, 192]}
				]
			},
			{
				"name": "bone75",
				"parent": "bone74",
				"pivot": [0.75, 0, 17],
				"rotation": [45, 0, 0],
				"cubes": [
					{"origin": [-1.25, 0, 17], "size": [3, 1.75, 4], "uv": [138, 7]},
					{"origin": [-1, 0.25, 17], "size": [2.5, 1.75, 4], "uv": [94, 192]}
				]
			},
			{
				"name": "bone76",
				"parent": "bone75",
				"pivot": [0.75, 0, 21],
				"rotation": [45, 0, 0],
				"cubes": [
					{"origin": [-1.25, 0, 21], "size": [3, 1.75, 4], "uv": [138, 2]},
					{"origin": [-1, 0, 21], "size": [2.5, 2, 4], "uv": [136, 166]}
				]
			},
			{
				"name": "bone77",
				"parent": "bone76",
				"pivot": [0.75, 0, 25],
				"rotation": [45, 0, 0],
				"cubes": [
					{"origin": [-1.25, 0, 25], "size": [3, 1.75, 4], "uv": [17, 138]},
					{"origin": [-1, 0, 25], "size": [2.5, 2, 4], "uv": [151, 164]}
				]
			},
			{
				"name": "bone78",
				"parent": "bone77",
				"pivot": [0.75, 0, 29],
				"rotation": [45, 0, 0],
				"cubes": [
					{"origin": [-1.25, 0, 29], "size": [3, 1.75, 4], "uv": [0, 138]},
					{"origin": [-1, 0, 29], "size": [2.5, 2, 4], "uv": [82, 111]}
				]
			},
			{
				"name": "lunzi11",
				"parent": "lunzi",
				"pivot": [-16, 0, 1],
				"cubes": [
					{"origin": [-17, 0, 1], "size": [3, 1.75, 4], "uv": [17, 133]},
					{"origin": [-16.75, 0.25, 1], "size": [2.5, 1.75, 4], "uv": [82, 192]},
					{"origin": [-16.25, 2, 0], "size": [1.5, 6, 6], "uv": [19, 0]},
					{"origin": [-17, 4.1, 2.25], "size": [19, 1.5, 1.5], "uv": [0, 39]}
				]
			},
			{
				"name": "bone79",
				"parent": "lunzi11",
				"pivot": [-16, 0, 5],
				"rotation": [45, 0, 0],
				"cubes": [
					{"origin": [-17, 0, 5], "size": [3, 1.75, 4], "uv": [0, 133]},
					{"origin": [-16.75, 0.25, 5], "size": [2.5, 1.75, 4], "uv": [70, 192]}
				]
			},
			{
				"name": "bone80",
				"parent": "bone79",
				"pivot": [-16, 0, 9],
				"rotation": [45, 0, 0],
				"cubes": [
					{"origin": [-17, 0, 9], "size": [3, 1.75, 4], "uv": [123, 86]},
					{"origin": [-16.75, 0.25, 9], "size": [2.5, 1.75, 4], "uv": [44, 192]}
				]
			},
			{
				"name": "bone81",
				"parent": "bone80",
				"pivot": [-16, 0, 13],
				"rotation": [45, 0, 0],
				"cubes": [
					{"origin": [-17, 0, 13], "size": [3, 1.75, 4], "uv": [123, 123]},
					{"origin": [-16.75, 0.25, 13], "size": [2.5, 1.75, 4], "uv": [32, 192]}
				]
			},
			{
				"name": "bone82",
				"parent": "bone81",
				"pivot": [-16, 0, 17],
				"rotation": [45, 0, 0],
				"cubes": [
					{"origin": [-17, 0, 17], "size": [3, 1.75, 4], "uv": [120, 108]},
					{"origin": [-16.75, 0.25, 17], "size": [2.5, 1.75, 4], "uv": [24, 191]}
				]
			},
			{
				"name": "bone83",
				"parent": "bone82",
				"pivot": [-16, 0, 21],
				"rotation": [45, 0, 0],
				"cubes": [
					{"origin": [-17, 0, 21], "size": [3, 1.75, 4], "uv": [120, 103]},
					{"origin": [-16.75, 0, 21], "size": [2.5, 2, 4], "uv": [0, 111]}
				]
			},
			{
				"name": "bone84",
				"parent": "bone83",
				"pivot": [-16, 0, 25],
				"rotation": [45, 0, 0],
				"cubes": [
					{"origin": [-17, 0, 25], "size": [3, 1.75, 4], "uv": [119, 34]},
					{"origin": [-16.75, 0, 25], "size": [2.5, 2, 4], "uv": [96, 109]}
				]
			},
			{
				"name": "bone85",
				"parent": "bone84",
				"pivot": [-16, 0, 29],
				"rotation": [45, 0, 0],
				"cubes": [
					{"origin": [-17, 0, 29], "size": [3, 1.75, 4], "uv": [113, 69]},
					{"origin": [-16.75, 0, 29], "size": [2.5, 2, 4], "uv": [0, 105]}
				]
			},
			{
				"name": "lunzi12",
				"parent": "lunzi11",
				"pivot": [-12.75, 0, 1],
				"cubes": [
					{"origin": [-13.75, 0, 1], "size": [3, 1.75, 4], "uv": [113, 64]},
					{"origin": [-13.5, 0.25, 1], "size": [2.5, 1.75, 4], "uv": [12, 191]},
					{"origin": [-13, 2, 0], "size": [1.5, 6, 6], "uv": [0, 0]},
					{"origin": [-13.75, 4.1, 2.25], "size": [1, 1.5, 1.5], "uv": [30, 34]}
				]
			},
			{
				"name": "bone86",
				"parent": "lunzi12",
				"pivot": [-12.75, 0, 5],
				"rotation": [45, 0, 0],
				"cubes": [
					{"origin": [-13.75, 0, 5], "size": [3, 1.75, 4], "uv": [113, 26]},
					{"origin": [-13.5, 0.25, 5], "size": [2.5, 1.75, 4], "uv": [187, 123]}
				]
			},
			{
				"name": "bone87",
				"parent": "bone86",
				"pivot": [-12.75, 0, 9],
				"rotation": [45, 0, 0],
				"cubes": [
					{"origin": [-13.75, 0, 9], "size": [3, 1.75, 4], "uv": [94, 69]},
					{"origin": [-13.5, 0.25, 9], "size": [2.5, 1.75, 4], "uv": [136, 172]}
				]
			},
			{
				"name": "bone88",
				"parent": "bone87",
				"pivot": [-12.75, 0, 13],
				"rotation": [45, 0, 0],
				"cubes": [
					{"origin": [-13.75, 0, 13], "size": [3, 1.75, 4], "uv": [94, 26]},
					{"origin": [-13.5, 0.25, 13], "size": [2.5, 1.75, 4], "uv": [30, 75]}
				]
			},
			{
				"name": "bone89",
				"parent": "bone88",
				"pivot": [-12.75, 0, 17],
				"rotation": [45, 0, 0],
				"cubes": [
					{"origin": [-13.75, 0, 17], "size": [3, 1.75, 4], "uv": [19, 55]},
					{"origin": [-13.5, 0.25, 17], "size": [2.5, 1.75, 4], "uv": [30, 32]}
				]
			},
			{
				"name": "bone90",
				"parent": "bone89",
				"pivot": [-12.75, 0, 21],
				"rotation": [45, 0, 0],
				"cubes": [
					{"origin": [-13.75, 0, 21], "size": [3, 1.75, 4], "uv": [0, 55]},
					{"origin": [-13.5, 0, 21], "size": [2.5, 2, 4], "uv": [96, 103]}
				]
			},
			{
				"name": "bone91",
				"parent": "bone90",
				"pivot": [-12.75, 0, 25],
				"rotation": [45, 0, 0],
				"cubes": [
					{"origin": [-13.75, 0, 25], "size": [3, 1.75, 4], "uv": [19, 12]},
					{"origin": [-13.5, 0, 25], "size": [2.5, 2, 4], "uv": [0, 74]}
				]
			},
			{
				"name": "bone92",
				"parent": "bone91",
				"pivot": [-12.75, 0, 29],
				"rotation": [45, 0, 0],
				"cubes": [
					{"origin": [-13.75, 0, 29], "size": [3, 1.75, 4], "uv": [0, 12]},
					{"origin": [-13.5, 0, 29], "size": [2.5, 2, 4], "uv": [0, 68]}
				]
			},
			{
				"name": "dangniban",
				"parent": "zhengti",
				"pivot": [-6, 0, 28]
			},
			{
				"name": "dangniban1",
				"parent": "dangniban",
				"pivot": [-6, 0, 28],
				"cubes": [
					{"origin": [-1.25, 11, 27.5], "size": [6.5, 1, 16], "uv": [44, 147]}
				]
			},
			{
				"name": "bone29",
				"parent": "dangniban1",
				"pivot": [2, 12, 27.5],
				"rotation": [45, 0, 0],
				"cubes": [
					{"origin": [-1.25, 11, 21.5], "size": [6.5, 1, 6], "uv": [113, 57]}
				]
			},
			{
				"name": "bone30",
				"parent": "bone29",
				"pivot": [2, 12, 21.5],
				"rotation": [45, 0, 0],
				"cubes": [
					{"origin": [-1.25, 11, 18], "size": [6.5, 1, 3.5], "uv": [139, 143]}
				]
			},
			{
				"name": "bone31",
				"parent": "dangniban1",
				"pivot": [2, 12, 43.5],
				"rotation": [-45, 0, 0],
				"cubes": [
					{"origin": [-1.25, 11, 43.5], "size": [6.5, 1, 6], "uv": [112, 76]}
				]
			},
			{
				"name": "bone32",
				"parent": "bone31",
				"pivot": [2, 12, 49.5],
				"rotation": [-45, 0, 0],
				"cubes": [
					{"origin": [-1.25, 11, 49.5], "size": [6.5, 1, 3.5], "uv": [139, 139]}
				]
			},
			{
				"name": "dangniban2",
				"parent": "dangniban",
				"pivot": [-6, 0, 28],
				"cubes": [
					{"origin": [-17.25, 11, 27.5], "size": [6.5, 1, 16], "uv": [139, 117]}
				]
			},
			{
				"name": "bone61",
				"parent": "dangniban2",
				"pivot": [-14, 12, 27.5],
				"rotation": [45, 0, 0],
				"cubes": [
					{"origin": [-17.25, 11, 21.5], "size": [6.5, 1, 6], "uv": [105, 86]}
				]
			},
			{
				"name": "bone62",
				"parent": "bone61",
				"pivot": [-14, 12, 21.5],
				"rotation": [45, 0, 0],
				"cubes": [
					{"origin": [-17.25, 11, 18], "size": [6.5, 1, 3.5], "uv": [111, 94]}
				]
			},
			{
				"name": "bone63",
				"parent": "dangniban2",
				"pivot": [-14, 12, 43.5],
				"rotation": [-45, 0, 0],
				"cubes": [
					{"origin": [-17.25, 11, 43.5], "size": [6.5, 1, 6], "uv": [94, 75]}
				]
			},
			{
				"name": "bone64",
				"parent": "bone63",
				"pivot": [-14, 12, 49.5],
				"rotation": [-45, 0, 0],
				"cubes": [
					{"origin": [-17.25, 11, 49.5], "size": [6.5, 1, 3.5], "uv": [75, 104]}
				]
			},
			{
				"name": "chejia",
				"parent": "zhengti",
				"pivot": [-6, 0, 28]
			},
			{
				"name": "chejia1",
				"parent": "chejia",
				"pivot": [-6, 0, 28],
				"cubes": [
					{"origin": [-10.25, 5, 8], "size": [8.5, 8, 39], "uv": [0, 86]},
					{"origin": [-10.25, 5, -7], "size": [8.5, 5, 15], "uv": [139, 57]},
					{"origin": [-17.25, 10, -7], "size": [22.5, 1, 15], "uv": [138, 16]}
				]
			},
			{
				"name": "chejia2",
				"parent": "chejia",
				"pivot": [-6, 1, 28],
				"cubes": [
					{"origin": [-18, 6, 9.25], "size": [1, 1, 13.25], "uv": [170, 58]},
					{"origin": [-18, 9, 9.25], "size": [1, 1, 13.25], "uv": [170, 44]},
					{"origin": [-17.75, 6, 11.75], "size": [1, 8, 1], "uv": [174, 199]},
					{"origin": [-17.75, 6, 18.75], "size": [1, 8, 1], "uv": [126, 199]}
				]
			},
			{
				"name": "chejia3",
				"parent": "chejia",
				"pivot": [-6, 1, 28],
				"cubes": [
					{"origin": [5, 6, 9.25], "size": [1, 1, 13.25], "uv": [151, 165]},
					{"origin": [5, 9, 9.25], "size": [1, 1, 13.25], "uv": [136, 164]},
					{"origin": [4.75, 6, 11.75], "size": [1, 8, 1], "uv": [122, 199]},
					{"origin": [4.75, 6, 18.75], "size": [1, 8, 1], "uv": [179, 43]}
				]
			},
			{
				"name": "youxiang",
				"parent": "zhengti",
				"pivot": [-6, 0, 28]
			},
			{
				"name": "youxiang1",
				"parent": "youxiang",
				"pivot": [-6, 2, 28],
				"cubes": [
					{"origin": [-16, 6, 10], "size": [6, 6, 12], "uv": [0, 105]},
					{"origin": [-15.5, 5.75, 10.25], "size": [5.5, 6.5, 11.5], "uv": [115, 170]}
				]
			},
			{
				"name": "youxiang2",
				"parent": "youxiang",
				"pivot": [-6, 2, 28],
				"cubes": [
					{"origin": [-2, 6, 10], "size": [6, 6, 12], "uv": [96, 103]},
					{"origin": [-2, 5.75, 10.25], "size": [5.5, 6.5, 11.5], "uv": [83, 169]}
				]
			},
			{
				"name": "huochang",
				"parent": "zhengti",
				"pivot": [-6, 0, 28],
				"cubes": [
					{"origin": [-19, 13, 10], "size": [26, 1.25, 42], "uv": [0, 43]}
				]
			},
			{
				"name": "huochang1",
				"parent": "huochang",
				"pivot": [-6, 0, 28],
				"cubes": [
					{"origin": [-18.75, 14.25, 10.5], "size": [1, 5, 41.25], "uv": [96, 106]},
					{"origin": [-19, 14.25, 50.75], "size": [1.25, 5, 1.25], "uv": [55, 92]},
					{"origin": [-19, 14.25, 37.75], "size": [1.25, 5, 1.25], "uv": [20, 86]},
					{"origin": [-19, 14.25, 10], "size": [1.25, 5, 1.25], "uv": [28, 86]},
					{"origin": [-19, 14.25, 23], "size": [1.25, 5, 1.25], "uv": [0, 86]},
					{"origin": [-19, 19.25, 10], "size": [1.25, 1.25, 42], "uv": [138, 138]}
				]
			},
			{
				"name": "huochang3",
				"parent": "huochang",
				"pivot": [-6, 0, 28],
				"cubes": [
					{"origin": [-18, 14.25, 10], "size": [24, 6.25, 1.25], "uv": [139, 91]},
					{"origin": [-18, 14.25, 50.75], "size": [24, 5, 1], "uv": [120, 158]},
					{"origin": [-17.75, 19.25, 50.75], "size": [23.5, 1.25, 1.25], "uv": [138, 41]}
				]
			},
			{
				"name": "huochang2",
				"parent": "huochang",
				"pivot": [-6, 0, 28],
				"cubes": [
					{"origin": [5.75, 14.25, 10.5], "size": [1, 5, 41.25], "uv": [96, 57]},
					{"origin": [5.75, 14.25, 50.75], "size": [1.25, 5, 1.25], "uv": [27, 43]},
					{"origin": [5.75, 14.25, 37.75], "size": [1.25, 5, 1.25], "uv": [19, 43]},
					{"origin": [5.75, 14.25, 10], "size": [1.25, 5, 1.25], "uv": [0, 43]},
					{"origin": [5.75, 14.25, 23], "size": [1.25, 5, 1.25], "uv": [27, 0]},
					{"origin": [5.75, 19.25, 10], "size": [1.25, 1.25, 42], "uv": [0, 133]}
				]
			},
			{
				"name": "huochang4",
				"parent": "huochang",
				"pivot": [-6, 0, 28],
				"cubes": [
					{"origin": [5.75, 20.5, 10.5], "size": [1.75, 14, 41.25], "uv": [95, 2]},
					{"origin": [5.75, 20, 10], "size": [2.25, 15, 1.25], "uv": [44, 133]},
					{"origin": [5.75, 20, 23], "size": [2.25, 15, 1.25], "uv": [32, 133]},
					{"origin": [5.75, 20, 38], "size": [2.25, 15, 1.25], "uv": [130, 64]},
					{"origin": [5.75, 20, 51], "size": [2.25, 15, 1.25], "uv": [127, 14]}
				]
			},
			{
				"name": "huochang5",
				"parent": "huochang",
				"pivot": [-6, 0, 28],
				"cubes": [
					{"origin": [-19.5, 20.5, 10.5], "size": [1.75, 14, 41.25], "uv": [53, 92]},
					{"origin": [-20, 20, 10], "size": [2.25, 15, 1.25], "uv": [36, 59]},
					{"origin": [-20, 20, 23], "size": [2.25, 15, 1.25], "uv": [33, 43]},
					{"origin": [-20, 20, 38], "size": [2.25, 15, 1.25], "uv": [36, 16]},
					{"origin": [-20, 20, 51], "size": [2.25, 15, 1.25], "uv": [33, 0]}
				]
			},
			{
				"name": "huochang6",
				"parent": "huochang",
				"pivot": [-6, 0, 28],
				"cubes": [
					{"origin": [-19, 33.25, 10], "size": [26, 1.25, 42], "uv": [0, 0]},
					{"origin": [-19.5, 33.25, 51], "size": [27, 1.75, 1.25], "uv": [94, 0]},
					{"origin": [-19.5, 33.25, 38], "size": [27, 1.75, 1.25], "uv": [55, 90]},
					{"origin": [-19.5, 33.25, 23], "size": [27, 1.75, 1.25], "uv": [55, 88]},
					{"origin": [-19.5, 33.25, 10], "size": [27, 1.75, 1.25], "uv": [55, 86]}
				]
			},
			{
				"name": "huochang7",
				"parent": "huochang",
				"pivot": [-6, 6, 28],
				"cubes": [
					{"origin": [-18, 20.25, 10], "size": [24, 13.25, 1.25], "uv": [139, 103]},
					{"origin": [-18, 20.25, 50.75], "size": [24, 13.25, 1.25], "uv": [139, 77]}
				]
			},
			{
				"name": "jiashichang",
				"parent": "zhengti",
				"pivot": [-6, 0, 28]
			},
			{
				"name": "zuoyi",
				"parent": "jiashichang",
				"pivot": [-6, 0, 28]
			},
			{
				"name": "bone93",
				"parent": "zuoyi",
				"pivot": [-6, 0, 28],
				"cubes": [
					{"origin": [-5, 11, -3], "size": [9, 2, 9], "uv": [96, 121]}
				]
			},
			{
				"name": "bone94",
				"parent": "bone93",
				"pivot": [-0.5, 11, 6],
				"rotation": [-95, 0, 0],
				"cubes": [
					{"origin": [-5, 9, -6], "size": [9, 2, 12], "uv": [0, 68]},
					{"origin": [-3, 9.25, -7], "size": [5, 1.5, 1], "uv": [55, 106]},
					{"origin": [-4, 9, -9.25], "size": [7, 2, 2.75], "uv": [20, 98]}
				]
			},
			{
				"name": "bone95",
				"parent": "zuoyi",
				"pivot": [-6, 0, 28],
				"cubes": [
					{"origin": [-16, 11, -3], "size": [9, 2, 9], "uv": [55, 111]}
				]
			},
			{
				"name": "bone96",
				"parent": "bone95",
				"pivot": [-11.5, 11, 6],
				"rotation": [-95, 0, 0],
				"cubes": [
					{"origin": [-16, 9, -6], "size": [9, 2, 12], "uv": [0, 25]},
					{"origin": [-14, 9.25, -7], "size": [5, 1.5, 1], "uv": [55, 104]},
					{"origin": [-15, 9, -9.25], "size": [7, 2, 2.75], "uv": [96, 93]}
				]
			},
			{
				"name": "cheke",
				"parent": "jiashichang",
				"pivot": [-6, 0, 28]
			},
			{
				"name": "cheke2",
				"parent": "cheke",
				"pivot": [-6, 0, 28],
				"cubes": [
					{"origin": [-18.25, 10.5, -8], "size": [1.25, 8, 17], "uv": [0, 43]},
					{"origin": [-18.75, 16.5, 0], "size": [1.25, 1, 3], "uv": [8, 43]},
					{"origin": [-18, 18.5, -8], "size": [1, 1.5, 17], "uv": [94, 57]},
					{"origin": [-18, 5.5, -7], "size": [1, 5, 3.5], "uv": [52, 198]}
				]
			},
			{
				"name": "bone105",
				"parent": "cheke2",
				"pivot": [-17.5, 5.5, -7],
				"rotation": [10, 0, 0],
				"cubes": [
					{"origin": [-18, 5.5, -7], "size": [1, 5.25, 2.5], "uv": [60, 199]}
				]
			},
			{
				"name": "bone97",
				"parent": "cheke2",
				"pivot": [-17.5, 5.5, -3.5],
				"rotation": [-30, 0, 0],
				"cubes": [
					{"origin": [-18, 5.5, -7], "size": [1, 6, 3.5], "uv": [96, 121]}
				]
			},
			{
				"name": "bone102",
				"parent": "cheke2",
				"pivot": [-18, 20, -7],
				"rotation": [0, 0, 5]
			},
			{
				"name": "bone103",
				"parent": "bone102",
				"pivot": [-18, 20, -7],
				"rotation": [-10, 0, 0],
				"cubes": [
					{"origin": [-18, 19.82635, -7.98481], "size": [1, 11.2, 1], "uv": [89, 92]}
				]
			},
			{
				"name": "bone104",
				"parent": "bone103",
				"pivot": [-18, 31.2, -7],
				"rotation": [10, 0, 0],
				"cubes": [
					{"origin": [-18, 29, -8], "size": [1, 2.2, 15], "uv": [0, 150]},
					{"origin": [-18, 20.15, 1.5], "size": [1, 8.85, 1.5], "uv": [38, 142]},
					{"origin": [-18, 20.15, 5.5], "size": [1, 8.85, 1.5], "uv": [38, 133]},
					{"origin": [-18, 20.15, 3], "size": [1, 3.05, 2.5], "uv": [19, 0]}
				]
			},
			{
				"name": "bone106",
				"parent": "cheke2",
				"pivot": [5.5, 5.5, -7],
				"rotation": [10, 0, 0],
				"cubes": [
					{"origin": [5, 5.5, -7], "size": [1, 5, 2.5], "uv": [116, 198]}
				]
			},
			{
				"name": "cheke1",
				"parent": "cheke",
				"pivot": [-6, 0, 28],
				"cubes": [
					{"origin": [5, 10.5, -8], "size": [1.25, 8, 17], "uv": [0, 0]},
					{"origin": [5, 18.5, -8], "size": [1, 1.5, 17], "uv": [94, 14]},
					{"origin": [5, 5.5, -7], "size": [1, 5, 3.5], "uv": [170, 152]},
					{"origin": [5.5, 16.5, 0], "size": [1.25, 1, 3], "uv": [8, 0]}
				]
			},
			{
				"name": "bone98",
				"parent": "cheke1",
				"pivot": [5.5, 5.5, -7],
				"rotation": [10, 0, 0],
				"cubes": [
					{"origin": [5, 5.5, -7], "size": [1, 5.25, 2.5], "uv": [129, 91]}
				]
			},
			{
				"name": "bone99",
				"parent": "cheke1",
				"pivot": [5.5, 5.5, -3.5],
				"rotation": [-30, 0, 0],
				"cubes": [
					{"origin": [5, 5.5, -7], "size": [1, 6, 3.5], "uv": [55, 111]}
				]
			},
			{
				"name": "bone100",
				"parent": "cheke1",
				"pivot": [6, 20, -7],
				"rotation": [0, 0, -5]
			},
			{
				"name": "bone101",
				"parent": "bone100",
				"pivot": [6, 20, -7],
				"rotation": [-10, 0, 0],
				"cubes": [
					{"origin": [5, 19.82635, -7.98481], "size": [1, 11.2, 1], "uv": [34, 86]}
				]
			},
			{
				"name": "bone107",
				"parent": "bone101",
				"pivot": [6, 31.2, -7],
				"rotation": [10, 0, 0],
				"cubes": [
					{"origin": [5, 29, -8], "size": [1, 2.2, 15], "uv": [0, 133]},
					{"origin": [5, 20.15, 1.5], "size": [1, 8.85, 1.5], "uv": [132, 113]},
					{"origin": [5, 20.15, 5.5], "size": [1, 8.85, 1.5], "uv": [30, 68]},
					{"origin": [5, 20.15, 3], "size": [1, 3.05, 2.5], "uv": [0, 0]}
				]
			},
			{
				"name": "bone108",
				"parent": "cheke1",
				"pivot": [-17.5, 5.5, -7],
				"rotation": [10, 0, 0],
				"cubes": [
					{"origin": [-18, 5.5, -7], "size": [1, 5, 2.5], "uv": [30, 25]}
				]
			},
			{
				"name": "cheke3",
				"parent": "cheke",
				"pivot": [-6, 0, 28],
				"cubes": [
					{"origin": [-18.25, 10.5, -8.25], "size": [24.5, 8, 1.25], "uv": [138, 32]},
					{"origin": [-17.5, 18.5, -8], "size": [23, 1.5, 1], "uv": [94, 164]}
				]
			},
			{
				"name": "bone109",
				"parent": "cheke3",
				"pivot": [-6, 10.5, -8],
				"rotation": [10, 0, 0],
				"cubes": [
					{"origin": [-18, 5.25, -8], "size": [24, 5.25, 1.25], "uv": [44, 164]}
				]
			},
			{
				"name": "bone110",
				"parent": "cheke3",
				"pivot": [-6, 30, -5.75],
				"rotation": [-10, 0, 0],
				"cubes": [
					{"origin": [-16.75, 28.9, -6.25], "size": [21.5, 2.2, 1], "uv": [167, 120]}
				]
			},
			{
				"name": "cheke4",
				"parent": "cheke",
				"pivot": [-6, 0, 28],
				"cubes": [
					{"origin": [-17.75, 10.5, 7.75], "size": [23.5, 8, 1.25], "uv": [72, 152]},
					{"origin": [-17.5, 18.5, 7.75], "size": [23.25, 1.5, 1.25], "uv": [72, 161]},
					{"origin": [-16.25, 20, 7.75], "size": [20.5, 11, 1.25], "uv": [94, 2]}
				]
			},
			{
				"name": "bone111",
				"parent": "cheke4",
				"pivot": [-18, 20, 8.375],
				"rotation": [0, 0, 5],
				"cubes": [
					{"origin": [-17.75095, 20.02179, 7.75], "size": [2.5, 11, 1.25], "uv": [6, 25]}
				]
			},
			{
				"name": "bone112",
				"parent": "cheke4",
				"pivot": [6, 20, 8.375],
				"rotation": [0, 0, -5],
				"cubes": [
					{"origin": [3.25095, 20.02179, 7.75], "size": [2.5, 11, 1.25], "uv": [0, 25]}
				]
			},
			{
				"name": "cheke5",
				"parent": "cheke",
				"pivot": [-6, 0, 28],
				"cubes": [
					{"origin": [-17, 30.25, -6], "size": [22, 1, 15], "uv": [138, 0]}
				]
			},
			{
				"name": "zhuangshi",
				"parent": "jiashichang",
				"pivot": [-6, 0, 28]
			},
			{
				"name": "baoxiangan",
				"parent": "zhuangshi",
				"pivot": [-6, 11.75, -6],
				"cubes": [
					{"origin": [-18.5, 10.25, -8.5], "size": [25, 3, 1.75], "uv": [139, 134]},
					{"origin": [4.5, 10.25, -6.75], "size": [2, 3, 16], "uv": [55, 92]},
					{"origin": [-18.5, 10.25, -6.75], "size": [2, 3, 16], "uv": [0, 86]},
					{"origin": [-10, 10.75, -9.5], "size": [1, 3, 1], "uv": [19, 12]},
					{"origin": [-3, 10.75, -9.5], "size": [1, 3, 1], "uv": [0, 12]},
					{"origin": [-8.75, 8, -9.25], "size": [5.5, 2, 1], "uv": [94, 82]}
				]
			},
			{
				"name": "bone113",
				"parent": "baoxiangan",
				"pivot": [-6, 8.75, -9],
				"rotation": [10, 0, 0],
				"cubes": [
					{"origin": [-10, 6.75, -9.5], "size": [1, 4, 1], "uv": [75, 92]},
					{"origin": [-12.5, 6.25, -9.5], "size": [1, 5, 1], "uv": [67, 92]},
					{"origin": [-0.5, 6.25, -9.5], "size": [1, 5, 1], "uv": [63, 92]},
					{"origin": [-12, 5.75, -9.5], "size": [12, 1, 1], "uv": [94, 40]},
					{"origin": [-12, 10.75, -9.5], "size": [12, 1, 1], "uv": [94, 38]},
					{"origin": [-3, 6.75, -9.5], "size": [1, 4, 1], "uv": [13, 54]}
				]
			},
			{
				"name": "fadongji",
				"parent": "zhuangshi",
				"pivot": [-6, 3, 28],
				"cubes": [
					{"origin": [-12.5, 13.25, -8.4], "size": [13, 3, 1], "uv": [94, 34]}
				]
			},
			{
				"name": "bone114",
				"parent": "fadongji",
				"pivot": [-15.8125, 9.0625, -7.75],
				"rotation": [10, 0, 0],
				"cubes": [
					{"origin": [-16, 8, -8.25], "size": [3, 2, 1], "uv": [8, 89]},
					{"origin": [-17.75, 8.25, -8.25], "size": [1.25, 1.75, 1], "uv": [30, 32]}
				]
			},
			{
				"name": "bone115",
				"parent": "fadongji",
				"pivot": [3.8125, 9.0625, -7.75],
				"rotation": [10, 0, 0],
				"cubes": [
					{"origin": [1, 8, -8.25], "size": [3, 2, 1], "uv": [8, 86]},
					{"origin": [4.5, 8.25, -8.25], "size": [1.25, 1.75, 1], "uv": [29, 14]}
				]
			},
			{
				"name": "yibiaopan",
				"parent": "jiashichang",
				"pivot": [-6, 0, 28],
				"cubes": [
					{"origin": [-17, 16, -7], "size": [22, 3, 3], "uv": [120, 152]}
				]
			},
			{
				"name": "bone116",
				"parent": "yibiaopan",
				"pivot": [-0.5, 18.5, -3.25],
				"rotation": [20, 0, 0],
				"cubes": [
					{"origin": [-1, 18, -5], "size": [1, 1, 2], "uv": [10, 12]},
					{"origin": [-2.5, 16.5, -3], "size": [4, 4, 1], "uv": [86, 147]}
				]
			},
			{
				"name": "zhuangshi2",
				"parent": "zhengti",
				"pivot": [-6, 0, 28],
				"cubes": [
					{"origin": [-17, 5, 48.25], "size": [22, 2, 1], "uv": [167, 117]},
					{"origin": [-12, 6, 47.75], "size": [2, 7.25, 1], "uv": [110, 198]},
					{"origin": [-2, 6, 47.75], "size": [2, 7.25, 1], "uv": [104, 198]},
					{"origin": [-17, 9, 48.25], "size": [22, 2, 1], "uv": [94, 166]},
					{"origin": [-8.75, 4, 48.75], "size": [5.5, 2, 1], "uv": [0, 98]}
				]
			},
			{
				"name": "chedeng",
				"parent": "zhuangshi2",
				"pivot": [-6, 0, 28],
				"cubes": [
					{"origin": [3, 4.75, 48.75], "size": [1.25, 1.25, 1], "uv": [29, 12]},
					{"origin": [-0.5, 4.25, 48.75], "size": [3, 1.75, 1], "uv": [8, 47]}
				]
			},
			{
				"name": "chedeng2",
				"parent": "zhuangshi2",
				"pivot": [-6, 0, 28],
				"cubes": [
					{"origin": [-16.25, 4.75, 48.75], "size": [1.25, 1.25, 1], "uv": [13, 0]},
					{"origin": [-14.5, 4.25, 48.75], "size": [3, 1.75, 1], "uv": [8, 4]}
				]
			}
		]
	}
}