{
	"format_version": "1.10.0",
	"geometry.model": {
		"texturewidth": 128,
		"textureheight": 128,
		"visible_bounds_width": 3,
		"visible_bounds_height": 4,
		"visible_bounds_offset": [0, 1, 0],
		"bones": [
			{
				"name": "head",
				"pivot": [0, 18, 0],
				"cubes": [
					{"origin": [-4, 18, -4], "size": [8, 8, 8], "uv": [0, 21]}
				]
			},
			{
				"name": "blink",
				"parent": "head",
				"pivot": [0, 18, 0],
				"cubes": [
					{"origin": [-4, 18, -4.001], "size": [8, 8, 0], "uv": [24, 21]}
				]
			},
			{
				"name": "earRightShake",
				"parent": "head",
				"pivot": [-3.5, 25, -2.5],
				"rotation": [0, 0, -45]
			},
			{
				"name": "earRightBegShake",
				"parent": "earRightShake",
				"pivot": [-3.14645, 24.64645, -2.5]
			},
			{
				"name": "bone161",
				"parent": "earRightBegShake",
				"pivot": [-2.02513, 28.28249, -2],
				"rotation": [0, 0, 25],
				"cubes": [
					{"origin": [-3.02513, 24.28249, -3], "size": [1, 3, 1], "uv": [16, 48]}
				]
			},
			{
				"name": "bone162",
				"parent": "earRightBegShake",
				"pivot": [-6.02513, 18.28249, 0],
				"rotation": [0, 0, -10],
				"cubes": [
					{"origin": [-2.02513, 22.78249, -3], "size": [1, 4, 1], "uv": [4, 24]}
				]
			},
			{
				"name": "earLeftShake",
				"parent": "head",
				"pivot": [3, 25, -3],
				"rotation": [0, 0, 40]
			},
			{
				"name": "earLeftBegShake",
				"parent": "earLeftShake",
				"pivot": [3, 25, -3]
			},
			{
				"name": "bone163",
				"parent": "earLeftShake",
				"pivot": [0.76604, 22.64279, 0],
				"cubes": [
					{"origin": [1.76604, 24.14279, -3], "size": [1, 4, 1], "uv": [0, 24]}
				]
			},
			{
				"name": "bone164",
				"parent": "earLeftShake",
				"pivot": [3.76604, 28.64279, -3],
				"rotation": [0, 0, -27.5],
				"cubes": [
					{"origin": [1.76604, 25.76479, -3], "size": [1, 3, 1], "uv": [40, 25]}
				]
			},
			{
				"name": "hair",
				"parent": "head",
				"pivot": [0, 19.5, -0.25],
				"rotation": [17.5, 0, 0],
				"cubes": [
					{"origin": [-4, 6, -4.25], "size": [8, 13, 8], "uv": [0, 0], "inflate": 0.1}
				]
			},
			{
				"name": "hu",
				"parent": "head",
				"pivot": [-0.47717, 29.19307, -11.1096],
				"rotation": [0, -20, 25]
			},
			{
				"name": "deco3",
				"parent": "hu",
				"pivot": [-0.57717, 29.19307, -12.1096],
				"rotation": [0, 7.5, 0]
			},
			{
				"name": "bone173",
				"parent": "deco3",
				"pivot": [-0.07717, 28.69307, -11.6096],
				"rotation": [0, 0, -7.5],
				"cubes": [
					{"origin": [6.53099, 28.00687, -5.04445], "size": [2, 1, 1], "uv": [7, 37]}
				]
			},
			{
				"name": "bone174",
				"parent": "deco3",
				"pivot": [-0.07717, 28.89307, -11.6096],
				"rotation": [0, 0, 17.5],
				"cubes": [
					{"origin": [6.07461, 30.71839, -5.04445], "size": [2, 1, 1], "uv": [36, 15]}
				]
			},
			{
				"name": "deco2",
				"parent": "hu",
				"pivot": [-0.37717, 29.19307, -12.1096],
				"rotation": [0, -7.5, 0]
			},
			{
				"name": "bone175",
				"parent": "deco2",
				"pivot": [-0.87717, 28.69307, -11.6096],
				"rotation": [0, 0, 7.5],
				"cubes": [
					{"origin": [5.74852, 30.01245, -6.74949], "size": [2, 1, 1], "uv": [32, 29]}
				]
			},
			{
				"name": "bone176",
				"parent": "deco2",
				"pivot": [-0.87717, 28.89307, -11.6096],
				"rotation": [0, 0, -15],
				"cubes": [
					{"origin": [5.6973, 26.38329, -6.74949], "size": [2, 1, 1], "uv": [24, 5]}
				]
			},
			{
				"name": "armRight",
				"pivot": [-3, 17.5, 0],
				"rotation": [0, 0, 25],
				"cubes": [
					{"origin": [-4.83, 9, -1], "size": [2, 8, 2], "uv": [20, 44]},
					{"origin": [-4.83, 13, -1], "size": [2, 2, 2], "uv": [0, 4], "inflate": 0.1},
					{"origin": [-4.83, 10, -1], "size": [2, 1, 2], "uv": [0, 21], "inflate": 0.065}
				]
			},
			{
				"name": "armLeft",
				"pivot": [3, 17.5, 0],
				"rotation": [0, 0, -25],
				"cubes": [
					{"origin": [2.83, 9, -1], "size": [2, 8, 2], "uv": [40, 15]},
					{"origin": [2.83, 13, -1], "size": [2, 2, 2], "uv": [0, 0], "inflate": 0.1}
				]
			},
			{
				"name": "body",
				"pivot": [0, 10.5, 0],
				"cubes": [
					{"origin": [-3, 8.999, -3], "size": [6, 9, 6], "uv": [32, 0]},
					{"origin": [-3, 8.999, -3], "size": [6, 9, 6], "uv": [26, 31], "inflate": 0.1}
				]
			},
			{
				"name": "sittingRotationSkirt",
				"parent": "body",
				"pivot": [0, 10.5, 0]
			},
			{
				"name": "bone",
				"parent": "sittingRotationSkirt",
				"pivot": [0, 14.5, 0]
			},
			{
				"name": "bone2",
				"parent": "bone",
				"pivot": [0, 4, 0]
			},
			{
				"name": "bone3",
				"parent": "bone2",
				"pivot": [0, 4, 5.73769],
				"rotation": [33, 0, 0]
			},
			{
				"name": "bone4",
				"parent": "bone3",
				"pivot": [0, 4, 5.73769],
				"rotation": [0, -45, 0],
				"cubes": [
					{"origin": [-1, 4, 4.73769], "size": [2, 7, 2], "uv": [76, 63]}
				]
			},
			{
				"name": "bone5",
				"parent": "bone",
				"pivot": [0, 4, 0],
				"rotation": [0, -27.69231, 0]
			},
			{
				"name": "bone6",
				"parent": "bone5",
				"pivot": [0, 4, 5.73769],
				"rotation": [33, 0, 0]
			},
			{
				"name": "bone7",
				"parent": "bone6",
				"pivot": [0, 4, 5.73769],
				"rotation": [0, -45, 0],
				"cubes": [
					{"origin": [-1, 4, 4.73769], "size": [2, 7, 2], "uv": [76, 9]}
				]
			},
			{
				"name": "bone8",
				"parent": "bone",
				"pivot": [0, 4, 0],
				"rotation": [0, -55.38462, 0]
			},
			{
				"name": "bone9",
				"parent": "bone8",
				"pivot": [0, 4, 5.73769],
				"rotation": [33, 0, 0]
			},
			{
				"name": "bone10",
				"parent": "bone9",
				"pivot": [0, 4, 5.73769],
				"rotation": [0, -45, 0],
				"cubes": [
					{"origin": [-1, 4, 4.73769], "size": [2, 7, 2], "uv": [8, 75]}
				]
			},
			{
				"name": "bone11",
				"parent": "bone",
				"pivot": [0, 4, 0],
				"rotation": [0, -83.07692, 0]
			},
			{
				"name": "bone12",
				"parent": "bone11",
				"pivot": [0, 4, 5.73769],
				"rotation": [33, 0, 0]
			},
			{
				"name": "bone13",
				"parent": "bone12",
				"pivot": [0, 4, 5.73769],
				"rotation": [0, -45, 0],
				"cubes": [
					{"origin": [-1, 4, 4.73769], "size": [2, 7, 2], "uv": [0, 75]}
				]
			},
			{
				"name": "bone14",
				"parent": "bone",
				"pivot": [0, 4, 0],
				"rotation": [0, -110.76923, 0]
			},
			{
				"name": "bone15",
				"parent": "bone14",
				"pivot": [0, 4, 5.73769],
				"rotation": [33, 0, 0]
			},
			{
				"name": "bone16",
				"parent": "bone15",
				"pivot": [0, 4, 5.73769],
				"rotation": [0, -45, 0],
				"cubes": [
					{"origin": [-1, 4, 4.73769], "size": [2, 7, 2], "uv": [74, 27]}
				]
			},
			{
				"name": "bone17",
				"parent": "bone",
				"pivot": [0, 4, 0],
				"rotation": [0, -138.46154, 0]
			},
			{
				"name": "bone18",
				"parent": "bone17",
				"pivot": [0, 4, 5.73769],
				"rotation": [33, 0, 0]
			},
			{
				"name": "bone19",
				"parent": "bone18",
				"pivot": [0, 4, 5.73769],
				"rotation": [0, -45, 0],
				"cubes": [
					{"origin": [-1, 4, 4.73769], "size": [2, 7, 2], "uv": [60, 73]}
				]
			},
			{
				"name": "bone20",
				"parent": "bone",
				"pivot": [0, 4, 0],
				"rotation": [0, -166.15385, 0]
			},
			{
				"name": "bone21",
				"parent": "bone20",
				"pivot": [0, 4, 5.73769],
				"rotation": [33, 0, 0]
			},
			{
				"name": "bone22",
				"parent": "bone21",
				"pivot": [0, 4, 5.73769],
				"rotation": [0, -45, 0],
				"cubes": [
					{"origin": [-1, 4, 4.73769], "size": [2, 7, 2], "uv": [32, 73]}
				]
			},
			{
				"name": "bone23",
				"parent": "bone",
				"pivot": [0, 4, 0],
				"rotation": [0, -193.84615, 0]
			},
			{
				"name": "bone24",
				"parent": "bone23",
				"pivot": [0, 4, 5.73769],
				"rotation": [33, 0, 0]
			},
			{
				"name": "bone25",
				"parent": "bone24",
				"pivot": [0, 4, 5.73769],
				"rotation": [0, -45, 0],
				"cubes": [
					{"origin": [-1, 4, 4.73769], "size": [2, 7, 2], "uv": [24, 73]}
				]
			},
			{
				"name": "bone26",
				"parent": "bone",
				"pivot": [0, 4, 0],
				"rotation": [0, -221.53846, 0]
			},
			{
				"name": "bone27",
				"parent": "bone26",
				"pivot": [0, 4, 5.73769],
				"rotation": [33, 0, 0]
			},
			{
				"name": "bone28",
				"parent": "bone27",
				"pivot": [0, 4, 5.73769],
				"rotation": [0, -45, 0],
				"cubes": [
					{"origin": [-1, 4, 4.73769], "size": [2, 7, 2], "uv": [72, 43]}
				]
			},
			{
				"name": "bone29",
				"parent": "bone",
				"pivot": [0, 4, 0],
				"rotation": [0, -249.23077, 0]
			},
			{
				"name": "bone30",
				"parent": "bone29",
				"pivot": [0, 4, 5.73769],
				"rotation": [33, 0, 0]
			},
			{
				"name": "bone31",
				"parent": "bone30",
				"pivot": [0, 4, 5.73769],
				"rotation": [0, -45, 0],
				"cubes": [
					{"origin": [-1, 4, 4.73769], "size": [2, 7, 2], "uv": [72, 18]}
				]
			},
			{
				"name": "bone32",
				"parent": "bone",
				"pivot": [0, 4, 0],
				"rotation": [0, -276.92308, 0]
			},
			{
				"name": "bone33",
				"parent": "bone32",
				"pivot": [0, 4, 5.73769],
				"rotation": [33, 0, 0]
			},
			{
				"name": "bone34",
				"parent": "bone33",
				"pivot": [0, 4, 5.73769],
				"rotation": [0, -45, 0],
				"cubes": [
					{"origin": [-1, 4, 4.73769], "size": [2, 7, 2], "uv": [16, 72]}
				]
			},
			{
				"name": "bone35",
				"parent": "bone",
				"pivot": [0, 4, 0],
				"rotation": [0, -304.61538, 0]
			},
			{
				"name": "bone36",
				"parent": "bone35",
				"pivot": [0, 4, 5.73769],
				"rotation": [33, 0, 0]
			},
			{
				"name": "bone37",
				"parent": "bone36",
				"pivot": [0, 4, 5.73769],
				"rotation": [0, -45, 0],
				"cubes": [
					{"origin": [-1, 4, 4.73769], "size": [2, 7, 2], "uv": [72, 0]}
				]
			},
			{
				"name": "bone38",
				"parent": "bone",
				"pivot": [0, 4, 0],
				"rotation": [0, -332.30769, 0]
			},
			{
				"name": "bone39",
				"parent": "bone38",
				"pivot": [0, 4, 5.73769],
				"rotation": [33, 0, 0]
			},
			{
				"name": "bone40",
				"parent": "bone39",
				"pivot": [0, 4, 5.73769],
				"rotation": [0, -45, 0],
				"cubes": [
					{"origin": [-1, 4, 4.73769], "size": [2, 7, 2], "uv": [70, 71]}
				]
			},
			{
				"name": "bone41",
				"parent": "sittingRotationSkirt",
				"pivot": [0, 13.5, 0]
			},
			{
				"name": "bone42",
				"parent": "bone41",
				"pivot": [0, 3, 0]
			},
			{
				"name": "bone43",
				"parent": "bone42",
				"pivot": [0, 3, 5.73769],
				"rotation": [33, 0, 0]
			},
			{
				"name": "bone44",
				"parent": "bone43",
				"pivot": [0, 3, 5.73769],
				"rotation": [0, -45, 0],
				"cubes": [
					{"origin": [-1, 3, 4.73769], "size": [2, 7, 2], "uv": [46, 71]}
				]
			},
			{
				"name": "bone45",
				"parent": "bone41",
				"pivot": [0, 3, 0],
				"rotation": [0, -27.69231, 0]
			},
			{
				"name": "bone46",
				"parent": "bone45",
				"pivot": [0, 3, 5.73769],
				"rotation": [33, 0, 0]
			},
			{
				"name": "bone47",
				"parent": "bone46",
				"pivot": [0, 3, 5.73769],
				"rotation": [0, -45, 0],
				"cubes": [
					{"origin": [-1, 3, 4.73769], "size": [2, 7, 2], "uv": [70, 56]}
				]
			},
			{
				"name": "bone48",
				"parent": "bone41",
				"pivot": [0, 3, 0],
				"rotation": [0, -55.38462, 0]
			},
			{
				"name": "bone49",
				"parent": "bone48",
				"pivot": [0, 3, 5.73769],
				"rotation": [33, 0, 0]
			},
			{
				"name": "bone50",
				"parent": "bone49",
				"pivot": [0, 3, 5.73769],
				"rotation": [0, -45, 0],
				"cubes": [
					{"origin": [-1, 3, 4.73769], "size": [2, 7, 2], "uv": [68, 34]}
				]
			},
			{
				"name": "bone51",
				"parent": "bone41",
				"pivot": [0, 3, 0],
				"rotation": [0, -83.07692, 0]
			},
			{
				"name": "bone52",
				"parent": "bone51",
				"pivot": [0, 3, 5.73769],
				"rotation": [33, 0, 0]
			},
			{
				"name": "bone53",
				"parent": "bone52",
				"pivot": [0, 3, 5.73769],
				"rotation": [0, -45, 0],
				"cubes": [
					{"origin": [-1, 3, 4.73769], "size": [2, 7, 2], "uv": [68, 9]}
				]
			},
			{
				"name": "bone54",
				"parent": "bone41",
				"pivot": [0, 3, 0],
				"rotation": [0, -110.76923, 0]
			},
			{
				"name": "bone55",
				"parent": "bone54",
				"pivot": [0, 3, 5.73769],
				"rotation": [33, 0, 0]
			},
			{
				"name": "bone56",
				"parent": "bone55",
				"pivot": [0, 3, 5.73769],
				"rotation": [0, -45, 0],
				"cubes": [
					{"origin": [-1, 3, 4.73769], "size": [2, 7, 2], "uv": [54, 66]}
				]
			},
			{
				"name": "bone57",
				"parent": "bone41",
				"pivot": [0, 3, 0],
				"rotation": [0, -138.46154, 0]
			},
			{
				"name": "bone58",
				"parent": "bone57",
				"pivot": [0, 3, 5.73769],
				"rotation": [33, 0, 0]
			},
			{
				"name": "bone59",
				"parent": "bone58",
				"pivot": [0, 3, 5.73769],
				"rotation": [0, -45, 0],
				"cubes": [
					{"origin": [-1, 3, 4.73769], "size": [2, 7, 2], "uv": [66, 25]}
				]
			},
			{
				"name": "bone60",
				"parent": "bone41",
				"pivot": [0, 3, 0],
				"rotation": [0, -166.15385, 0]
			},
			{
				"name": "bone61",
				"parent": "bone60",
				"pivot": [0, 3, 5.73769],
				"rotation": [33, 0, 0]
			},
			{
				"name": "bone62",
				"parent": "bone61",
				"pivot": [0, 3, 5.73769],
				"rotation": [0, -45, 0],
				"cubes": [
					{"origin": [-1, 3, 4.73769], "size": [2, 7, 2], "uv": [8, 66]}
				]
			},
			{
				"name": "bone63",
				"parent": "bone41",
				"pivot": [0, 3, 0],
				"rotation": [0, -193.84615, 0]
			},
			{
				"name": "bone64",
				"parent": "bone63",
				"pivot": [0, 3, 5.73769],
				"rotation": [33, 0, 0]
			},
			{
				"name": "bone65",
				"parent": "bone64",
				"pivot": [0, 3, 5.73769],
				"rotation": [0, -45, 0],
				"cubes": [
					{"origin": [-1, 3, 4.73769], "size": [2, 7, 2], "uv": [0, 66]}
				]
			},
			{
				"name": "bone66",
				"parent": "bone41",
				"pivot": [0, 3, 0],
				"rotation": [0, -221.53846, 0]
			},
			{
				"name": "bone67",
				"parent": "bone66",
				"pivot": [0, 3, 5.73769],
				"rotation": [33, 0, 0]
			},
			{
				"name": "bone68",
				"parent": "bone67",
				"pivot": [0, 3, 5.73769],
				"rotation": [0, -45, 0],
				"cubes": [
					{"origin": [-1, 3, 4.73769], "size": [2, 7, 2], "uv": [64, 64]}
				]
			},
			{
				"name": "bone69",
				"parent": "bone41",
				"pivot": [0, 3, 0],
				"rotation": [0, -249.23077, 0]
			},
			{
				"name": "bone70",
				"parent": "bone69",
				"pivot": [0, 3, 5.73769],
				"rotation": [33, 0, 0]
			},
			{
				"name": "bone71",
				"parent": "bone70",
				"pivot": [0, 3, 5.73769],
				"rotation": [0, -45, 0],
				"cubes": [
					{"origin": [-1, 3, 4.73769], "size": [2, 7, 2], "uv": [64, 49]}
				]
			},
			{
				"name": "bone72",
				"parent": "bone41",
				"pivot": [0, 3, 0],
				"rotation": [0, -276.92308, 0]
			},
			{
				"name": "bone73",
				"parent": "bone72",
				"pivot": [0, 3, 5.73769],
				"rotation": [33, 0, 0]
			},
			{
				"name": "bone74",
				"parent": "bone73",
				"pivot": [0, 3, 5.73769],
				"rotation": [0, -45, 0],
				"cubes": [
					{"origin": [-1, 3, 4.73769], "size": [2, 7, 2], "uv": [40, 64]}
				]
			},
			{
				"name": "bone75",
				"parent": "bone41",
				"pivot": [0, 3, 0],
				"rotation": [0, -304.61538, 0]
			},
			{
				"name": "bone76",
				"parent": "bone75",
				"pivot": [0, 3, 5.73769],
				"rotation": [33, 0, 0]
			},
			{
				"name": "bone77",
				"parent": "bone76",
				"pivot": [0, 3, 5.73769],
				"rotation": [0, -45, 0],
				"cubes": [
					{"origin": [-1, 3, 4.73769], "size": [2, 7, 2], "uv": [32, 64]}
				]
			},
			{
				"name": "bone78",
				"parent": "bone41",
				"pivot": [0, 3, 0],
				"rotation": [0, -332.30769, 0]
			},
			{
				"name": "bone79",
				"parent": "bone78",
				"pivot": [0, 3, 5.73769],
				"rotation": [33, 0, 0]
			},
			{
				"name": "bone80",
				"parent": "bone79",
				"pivot": [0, 3, 5.73769],
				"rotation": [0, -45, 0],
				"cubes": [
					{"origin": [-1, 3, 4.73769], "size": [2, 7, 2], "uv": [24, 64]}
				]
			},
			{
				"name": "bone81",
				"parent": "sittingRotationSkirt",
				"pivot": [0, 15.5, 0]
			},
			{
				"name": "bone82",
				"parent": "bone81",
				"pivot": [0, 5, 0]
			},
			{
				"name": "bone83",
				"parent": "bone82",
				"pivot": [0, 5, 5.73769],
				"rotation": [33, 0, 0]
			},
			{
				"name": "bone84",
				"parent": "bone83",
				"pivot": [0, 5, 5.73769],
				"rotation": [0, -45, 0],
				"cubes": [
					{"origin": [-1, 5, 4.73769], "size": [2, 7, 2], "uv": [64, 0]}
				]
			},
			{
				"name": "bone85",
				"parent": "bone81",
				"pivot": [0, 5, 0],
				"rotation": [0, -27.69231, 0]
			},
			{
				"name": "bone86",
				"parent": "bone85",
				"pivot": [0, 5, 5.73769],
				"rotation": [33, 0, 0]
			},
			{
				"name": "bone87",
				"parent": "bone86",
				"pivot": [0, 5, 5.73769],
				"rotation": [0, -45, 0],
				"cubes": [
					{"origin": [-1, 5, 4.73769], "size": [2, 7, 2], "uv": [16, 63]}
				]
			},
			{
				"name": "bone88",
				"parent": "bone81",
				"pivot": [0, 5, 0],
				"rotation": [0, -55.38462, 0]
			},
			{
				"name": "bone89",
				"parent": "bone88",
				"pivot": [0, 5, 5.73769],
				"rotation": [33, 0, 0]
			},
			{
				"name": "bone90",
				"parent": "bone89",
				"pivot": [0, 5, 5.73769],
				"rotation": [0, -45, 0],
				"cubes": [
					{"origin": [-1, 5, 4.73769], "size": [2, 7, 2], "uv": [62, 16]}
				]
			},
			{
				"name": "bone91",
				"parent": "bone81",
				"pivot": [0, 5, 0],
				"rotation": [0, -83.07692, 0]
			},
			{
				"name": "bone92",
				"parent": "bone91",
				"pivot": [0, 5, 5.73769],
				"rotation": [33, 0, 0]
			},
			{
				"name": "bone93",
				"parent": "bone92",
				"pivot": [0, 5, 5.73769],
				"rotation": [0, -45, 0],
				"cubes": [
					{"origin": [-1, 5, 4.73769], "size": [2, 7, 2], "uv": [60, 40]}
				]
			},
			{
				"name": "bone94",
				"parent": "bone81",
				"pivot": [0, 5, 0],
				"rotation": [0, -110.76923, 0]
			},
			{
				"name": "bone95",
				"parent": "bone94",
				"pivot": [0, 5, 5.73769],
				"rotation": [33, 0, 0]
			},
			{
				"name": "bone96",
				"parent": "bone95",
				"pivot": [0, 5, 5.73769],
				"rotation": [0, -45, 0],
				"cubes": [
					{"origin": [-1, 5, 4.73769], "size": [2, 7, 2], "uv": [48, 59]}
				]
			},
			{
				"name": "bone97",
				"parent": "bone81",
				"pivot": [0, 5, 0],
				"rotation": [0, -138.46154, 0]
			},
			{
				"name": "bone98",
				"parent": "bone97",
				"pivot": [0, 5, 5.73769],
				"rotation": [33, 0, 0]
			},
			{
				"name": "bone99",
				"parent": "bone98",
				"pivot": [0, 5, 5.73769],
				"rotation": [0, -45, 0],
				"cubes": [
					{"origin": [-1, 5, 4.73769], "size": [2, 7, 2], "uv": [58, 57]}
				]
			},
			{
				"name": "bone100",
				"parent": "bone81",
				"pivot": [0, 5, 0],
				"rotation": [0, -166.15385, 0]
			},
			{
				"name": "bone101",
				"parent": "bone100",
				"pivot": [0, 5, 5.73769],
				"rotation": [33, 0, 0]
			},
			{
				"name": "bone102",
				"parent": "bone101",
				"pivot": [0, 5, 5.73769],
				"rotation": [0, -45, 0],
				"cubes": [
					{"origin": [-1, 5, 4.73769], "size": [2, 7, 2], "uv": [58, 31]}
				]
			},
			{
				"name": "bone103",
				"parent": "bone81",
				"pivot": [0, 5, 0],
				"rotation": [0, -193.84615, 0]
			},
			{
				"name": "bone104",
				"parent": "bone103",
				"pivot": [0, 5, 5.73769],
				"rotation": [33, 0, 0]
			},
			{
				"name": "bone105",
				"parent": "bone104",
				"pivot": [0, 5, 5.73769],
				"rotation": [0, -45, 0],
				"cubes": [
					{"origin": [-1, 5, 4.73769], "size": [2, 7, 2], "uv": [8, 57]}
				]
			},
			{
				"name": "bone106",
				"parent": "bone81",
				"pivot": [0, 5, 0],
				"rotation": [0, -221.53846, 0]
			},
			{
				"name": "bone107",
				"parent": "bone106",
				"pivot": [0, 5, 5.73769],
				"rotation": [33, 0, 0]
			},
			{
				"name": "bone108",
				"parent": "bone107",
				"pivot": [0, 5, 5.73769],
				"rotation": [0, -45, 0],
				"cubes": [
					{"origin": [-1, 5, 4.73769], "size": [2, 7, 2], "uv": [0, 57]}
				]
			},
			{
				"name": "bone109",
				"parent": "bone81",
				"pivot": [0, 5, 0],
				"rotation": [0, -249.23077, 0]
			},
			{
				"name": "bone110",
				"parent": "bone109",
				"pivot": [0, 5, 5.73769],
				"rotation": [33, 0, 0]
			},
			{
				"name": "bone111",
				"parent": "bone110",
				"pivot": [0, 5, 5.73769],
				"rotation": [0, -45, 0],
				"cubes": [
					{"origin": [-1, 5, 4.73769], "size": [2, 7, 2], "uv": [56, 9]}
				]
			},
			{
				"name": "bone112",
				"parent": "bone81",
				"pivot": [0, 5, 0],
				"rotation": [0, -276.92308, 0]
			},
			{
				"name": "bone113",
				"parent": "bone112",
				"pivot": [0, 5, 5.73769],
				"rotation": [33, 0, 0]
			},
			{
				"name": "bone114",
				"parent": "bone113",
				"pivot": [0, 5, 5.73769],
				"rotation": [0, -45, 0],
				"cubes": [
					{"origin": [-1, 5, 4.73769], "size": [2, 7, 2], "uv": [56, 0]}
				]
			},
			{
				"name": "bone115",
				"parent": "bone81",
				"pivot": [0, 5, 0],
				"rotation": [0, -304.61538, 0]
			},
			{
				"name": "bone116",
				"parent": "bone115",
				"pivot": [0, 5, 5.73769],
				"rotation": [33, 0, 0]
			},
			{
				"name": "bone117",
				"parent": "bone116",
				"pivot": [0, 5, 5.73769],
				"rotation": [0, -45, 0],
				"cubes": [
					{"origin": [-1, 5, 4.73769], "size": [2, 7, 2], "uv": [40, 55]}
				]
			},
			{
				"name": "bone118",
				"parent": "bone81",
				"pivot": [0, 5, 0],
				"rotation": [0, -332.30769, 0]
			},
			{
				"name": "bone119",
				"parent": "bone118",
				"pivot": [0, 5, 5.73769],
				"rotation": [33, 0, 0]
			},
			{
				"name": "bone120",
				"parent": "bone119",
				"pivot": [0, 5, 5.73769],
				"rotation": [0, -45, 0],
				"cubes": [
					{"origin": [-1, 5, 4.73769], "size": [2, 7, 2], "uv": [32, 55]}
				]
			},
			{
				"name": "bone121",
				"parent": "sittingRotationSkirt",
				"pivot": [0, 16.5, 0]
			},
			{
				"name": "bone122",
				"parent": "bone121",
				"pivot": [0, 6, 0]
			},
			{
				"name": "bone123",
				"parent": "bone122",
				"pivot": [0, 6, 5.73769],
				"rotation": [33, 0, 0]
			},
			{
				"name": "bone124",
				"parent": "bone123",
				"pivot": [0, 6, 5.73769],
				"rotation": [0, -45, 0],
				"cubes": [
					{"origin": [-1, 6, 4.73769], "size": [2, 7, 2], "uv": [24, 55]}
				]
			},
			{
				"name": "bone125",
				"parent": "bone121",
				"pivot": [0, 6, 0],
				"rotation": [0, -27.69231, 0]
			},
			{
				"name": "bone126",
				"parent": "bone125",
				"pivot": [0, 6, 5.73769],
				"rotation": [33, 0, 0]
			},
			{
				"name": "bone127",
				"parent": "bone126",
				"pivot": [0, 6, 5.73769],
				"rotation": [0, -45, 0],
				"cubes": [
					{"origin": [-1, 6, 4.73769], "size": [2, 7, 2], "uv": [54, 22]}
				]
			},
			{
				"name": "bone128",
				"parent": "bone121",
				"pivot": [0, 6, 0],
				"rotation": [0, -55.38462, 0]
			},
			{
				"name": "bone129",
				"parent": "bone128",
				"pivot": [0, 6, 5.73769],
				"rotation": [33, 0, 0]
			},
			{
				"name": "bone130",
				"parent": "bone129",
				"pivot": [0, 6, 5.73769],
				"rotation": [0, -45, 0],
				"cubes": [
					{"origin": [-1, 6, 4.73769], "size": [2, 7, 2], "uv": [16, 54]}
				]
			},
			{
				"name": "bone131",
				"parent": "bone121",
				"pivot": [0, 6, 0],
				"rotation": [0, -83.07692, 0]
			},
			{
				"name": "bone132",
				"parent": "bone131",
				"pivot": [0, 6, 5.73769],
				"rotation": [33, 0, 0]
			},
			{
				"name": "bone133",
				"parent": "bone132",
				"pivot": [0, 6, 5.73769],
				"rotation": [0, -45, 0],
				"cubes": [
					{"origin": [-1, 6, 4.73769], "size": [2, 7, 2], "uv": [52, 50]}
				]
			},
			{
				"name": "bone134",
				"parent": "bone121",
				"pivot": [0, 6, 0],
				"rotation": [0, -110.76923, 0]
			},
			{
				"name": "bone135",
				"parent": "bone134",
				"pivot": [0, 6, 5.73769],
				"rotation": [33, 0, 0]
			},
			{
				"name": "bone136",
				"parent": "bone135",
				"pivot": [0, 6, 5.73769],
				"rotation": [0, -45, 0],
				"cubes": [
					{"origin": [-1, 6, 4.73769], "size": [2, 7, 2], "uv": [52, 41]}
				]
			},
			{
				"name": "bone137",
				"parent": "bone121",
				"pivot": [0, 6, 0],
				"rotation": [0, -138.46154, 0]
			},
			{
				"name": "bone138",
				"parent": "bone137",
				"pivot": [0, 6, 5.73769],
				"rotation": [33, 0, 0]
			},
			{
				"name": "bone139",
				"parent": "bone138",
				"pivot": [0, 6, 5.73769],
				"rotation": [0, -45, 0],
				"cubes": [
					{"origin": [-1, 6, 4.73769], "size": [2, 7, 2], "uv": [50, 32]}
				]
			},
			{
				"name": "bone140",
				"parent": "bone121",
				"pivot": [0, 6, 0],
				"rotation": [0, -166.15385, 0]
			},
			{
				"name": "bone141",
				"parent": "bone140",
				"pivot": [0, 6, 5.73769],
				"rotation": [33, 0, 0]
			},
			{
				"name": "bone142",
				"parent": "bone141",
				"pivot": [0, 6, 5.73769],
				"rotation": [0, -45, 0],
				"cubes": [
					{"origin": [-1, 6, 4.73769], "size": [2, 7, 2], "uv": [48, 15]}
				]
			},
			{
				"name": "bone143",
				"parent": "bone121",
				"pivot": [0, 6, 0],
				"rotation": [0, -193.84615, 0]
			},
			{
				"name": "bone144",
				"parent": "bone143",
				"pivot": [0, 6, 5.73769],
				"rotation": [33, 0, 0]
			},
			{
				"name": "bone145",
				"parent": "bone144",
				"pivot": [0, 6, 5.73769],
				"rotation": [0, -45, 0],
				"cubes": [
					{"origin": [-1, 6, 4.73769], "size": [2, 7, 2], "uv": [8, 48]}
				]
			},
			{
				"name": "bone146",
				"parent": "bone121",
				"pivot": [0, 6, 0],
				"rotation": [0, -221.53846, 0]
			},
			{
				"name": "bone147",
				"parent": "bone146",
				"pivot": [0, 6, 5.73769],
				"rotation": [33, 0, 0]
			},
			{
				"name": "bone148",
				"parent": "bone147",
				"pivot": [0, 6, 5.73769],
				"rotation": [0, -45, 0],
				"cubes": [
					{"origin": [-1, 6, 4.73769], "size": [2, 7, 2], "uv": [0, 48]}
				]
			},
			{
				"name": "bone149",
				"parent": "bone121",
				"pivot": [0, 6, 0],
				"rotation": [0, -249.23077, 0]
			},
			{
				"name": "bone150",
				"parent": "bone149",
				"pivot": [0, 6, 5.73769],
				"rotation": [33, 0, 0]
			},
			{
				"name": "bone151",
				"parent": "bone150",
				"pivot": [0, 6, 5.73769],
				"rotation": [0, -45, 0],
				"cubes": [
					{"origin": [-1, 6, 4.73769], "size": [2, 7, 2], "uv": [44, 46]}
				]
			},
			{
				"name": "bone152",
				"parent": "bone121",
				"pivot": [0, 6, 0],
				"rotation": [0, -276.92308, 0]
			},
			{
				"name": "bone153",
				"parent": "bone152",
				"pivot": [0, 6, 5.73769],
				"rotation": [33, 0, 0]
			},
			{
				"name": "bone154",
				"parent": "bone153",
				"pivot": [0, 6, 5.73769],
				"rotation": [0, -45, 0],
				"cubes": [
					{"origin": [-1, 6, 4.73769], "size": [2, 7, 2], "uv": [36, 46]}
				]
			},
			{
				"name": "bone155",
				"parent": "bone121",
				"pivot": [0, 6, 0],
				"rotation": [0, -304.61538, 0]
			},
			{
				"name": "bone156",
				"parent": "bone155",
				"pivot": [0, 6, 5.73769],
				"rotation": [33, 0, 0]
			},
			{
				"name": "bone157",
				"parent": "bone156",
				"pivot": [0, 6, 5.73769],
				"rotation": [0, -45, 0],
				"cubes": [
					{"origin": [-1, 6, 4.73769], "size": [2, 7, 2], "uv": [28, 46]}
				]
			},
			{
				"name": "bone158",
				"parent": "bone121",
				"pivot": [0, 6, 0],
				"rotation": [0, -332.30769, 0]
			},
			{
				"name": "bone159",
				"parent": "bone158",
				"pivot": [0, 6, 5.73769],
				"rotation": [33, 0, 0]
			},
			{
				"name": "bone160",
				"parent": "bone159",
				"pivot": [0, 6, 5.73769],
				"rotation": [0, -45, 0],
				"cubes": [
					{"origin": [-1, 6, 4.73769], "size": [2, 7, 2], "uv": [44, 25]}
				]
			},
			{
				"name": "deco",
				"parent": "body",
				"pivot": [0, 17.4, -2.15],
				"rotation": [-11, 0, 0]
			},
			{
				"name": "bone165",
				"parent": "deco",
				"pivot": [0, 16.9, -2.15],
				"rotation": [0, -7.5, 0]
			},
			{
				"name": "bone166",
				"parent": "bone165",
				"pivot": [-0.3, 16.9, -2.65],
				"rotation": [0, 0, 20],
				"cubes": [
					{"origin": [-0.8, 12.4, -3.15], "size": [1, 5, 1], "uv": [34, 0], "inflate": -0.1}
				]
			},
			{
				"name": "bone167",
				"parent": "bone165",
				"pivot": [0, 17.4, -2.65],
				"rotation": [0, 0, 62.5],
				"cubes": [
					{"origin": [-0.45422, 14.48794, -3.16305], "size": [1, 3, 1], "uv": [20, 37]}
				]
			},
			{
				"name": "bone168",
				"parent": "deco",
				"pivot": [0, 17.9, -2.15],
				"rotation": [0, 5, 0]
			},
			{
				"name": "bone169",
				"parent": "bone168",
				"pivot": [0.3, 16.9, -2.65],
				"rotation": [0, 0, -20],
				"cubes": [
					{"origin": [-0.2, 12.4, -3.15], "size": [1, 5, 1], "uv": [32, 15], "inflate": -0.1}
				]
			},
			{
				"name": "bone170",
				"parent": "bone168",
				"pivot": [0, 17.4, -2.65],
				"rotation": [0, 0, -62.5],
				"cubes": [
					{"origin": [-0.546, 14.48836, -3.15872], "size": [1, 3, 1], "uv": [36, 17]}
				]
			},
			{
				"name": "legLeft",
				"pivot": [2, 9, 0],
				"cubes": [
					{"origin": [0.499, 0.1, -1.5], "size": [2.75, 8.9, 3], "uv": [10, 37]},
					{"origin": [0.499, 0.1, -1.5], "size": [2.75, 2.5, 3], "uv": [24, 0], "inflate": 0.1}
				]
			},
			{
				"name": "legRight",
				"pivot": [-2, 9, 0],
				"cubes": [
					{"origin": [-3.249, 0.2, -1.5], "size": [2.75, 8.8, 3], "uv": [0, 37]},
					{"origin": [-3.249, 0.2, -1.5], "size": [2.75, 2.4, 3], "uv": [76, 36], "inflate": 0.1},
					{"origin": [-3.249, 6.2, -1.5], "size": [2.75, 1, 3], "uv": [72, 52], "inflate": 0.1}
				]
			}
		]
	}
}