{
	"format_version": "1.10.0",
	"geometry.model": {
		"texturewidth": 96,
		"textureheight": 96,
		"visible_bounds_width": 3,
		"visible_bounds_height": 4,
		"visible_bounds_offset": [0, 1, 0],
		"bones": [
			{
				"name": "head",
				"pivot": [0, 18, 0],
				"cubes": [
					{"origin": [-4, 18, -4], "size": [8, 8, 8], "uv": [0, 0]}
				]
			},
			{
				"name": "hair_qian",
				"parent": "head",
				"pivot": [0, 16.5, -3.95],
				"rotation": [-2.5, 0, 0],
				"cubes": [
					{"origin": [-4, 14.99639, -4.06538], "size": [1, 3, 0.1], "uv": [4, 2]},
					{"origin": [3, 14.99639, -4.06538], "size": [1, 3, 0.1], "uv": [4, 2], "mirror": true}
				]
			},
			{
				"name": "hair_youqian",
				"parent": "head",
				"pivot": [3.95, 16.5, -3.5],
				"rotation": [0, 0, -2.5],
				"cubes": [
					{"origin": [3.96538, 14.99639, -4], "size": [0.1, 3, 1], "uv": [4, 1], "mirror": true},
					{"origin": [3.96538, 15.99639, 2], "size": [0.1, 2, 1], "uv": [53, -1]}
				]
			},
			{
				"name": "hair_zuoqian",
				"parent": "head",
				"pivot": [-3.95, 16.5, -3.5],
				"rotation": [0, 0, 2.5],
				"cubes": [
					{"origin": [-4.06538, 14.99639, -4], "size": [0.1, 3, 1], "uv": [4, 1]},
					{"origin": [-4.06538, 15.99639, 2], "size": [0.1, 2, 1], "uv": [53, -1], "mirror": true}
				]
			},
			{
				"name": "hair_you",
				"parent": "head",
				"pivot": [3.95, 17, -2.5],
				"rotation": [0, 0, -7.5],
				"cubes": [
					{"origin": [4.0301, 15.98492, -3], "size": [0.1, 2, 1], "uv": [53, -1]},
					{"origin": [4.0301, 13.98492, 3], "size": [0.1, 4, 1], "uv": [57, -1]}
				]
			},
			{
				"name": "hair_zuo",
				"parent": "head",
				"pivot": [-3.95, 17, -2.5],
				"rotation": [0, 0, 7.5],
				"cubes": [
					{"origin": [-4.1301, 15.98492, -3], "size": [0.1, 2, 1], "uv": [53, -1], "mirror": true},
					{"origin": [-4.1301, 13.98492, 3], "size": [0.1, 4, 1], "uv": [57, -1], "mirror": true}
				]
			},
			{
				"name": "blink",
				"parent": "head",
				"pivot": [0, 18, 0],
				"cubes": [
					{"origin": [-4, 18, -4.001], "size": [8, 8, 0], "uv": [24, 0]}
				]
			},
			{
				"name": "hair_back",
				"parent": "head",
				"pivot": [3.5, 16, 3.95]
			},
			{
				"name": "1",
				"parent": "hair_back",
				"pivot": [3.5, 16, 3.95],
				"rotation": [2.5, 0, 0],
				"cubes": [
					{"origin": [3, 13.99592, 3.98719], "size": [1, 4, 0.1], "uv": [0, 56]}
				]
			},
			{
				"name": "2",
				"parent": "hair_back",
				"pivot": [2.5, 15.99972, 4.03729],
				"rotation": [7.5, 0, 0],
				"cubes": [
					{"origin": [2, 13.98775, 4.16141], "size": [1, 4, 0.1], "uv": [2, 56]}
				]
			},
			{
				"name": "3",
				"parent": "hair_back",
				"pivot": [1.5, 15.99972, 4.03729],
				"rotation": [5, 0, 0],
				"cubes": [
					{"origin": [1, 13.99564, 4.07448], "size": [1, 4, 0.1], "uv": [4, 56]}
				]
			},
			{
				"name": "4",
				"parent": "hair_back",
				"pivot": [0.5, 15.99972, 4.03729],
				"rotation": [10, 0, 0],
				"cubes": [
					{"origin": [0, 13.97608, 4.24791], "size": [1, 4, 0.1], "uv": [6, 56]}
				]
			},
			{
				"name": "5",
				"parent": "hair_back",
				"pivot": [-0.5, 16, 3.95],
				"rotation": [2.5, 0, 0],
				"cubes": [
					{"origin": [-1, 13.99592, 3.98719], "size": [1, 4, 0.1], "uv": [8, 56]}
				]
			},
			{
				"name": "6",
				"parent": "hair_back",
				"pivot": [-1.5, 16, 3.95],
				"rotation": [7.5, 0, 0],
				"cubes": [
					{"origin": [-2, 13.97636, 4.16062], "size": [1, 4, 0.1], "uv": [10, 56]}
				]
			},
			{
				"name": "7",
				"parent": "hair_back",
				"pivot": [-2.5, 15.99972, 4.03729],
				"rotation": [5, 0, 0],
				"cubes": [
					{"origin": [-3, 13.99564, 4.07448], "size": [1, 4, 0.1], "uv": [12, 56]}
				]
			},
			{
				"name": "8",
				"parent": "hair_back",
				"pivot": [-3.5, 16, 3.95],
				"rotation": [2.5, 0, 0],
				"cubes": [
					{"origin": [-4, 13.99592, 3.98719], "size": [1, 4, 0.1], "uv": [14, 56]}
				]
			},
			{
				"name": "armRight",
				"pivot": [-3, 17.5, 0],
				"rotation": [0, 0, 25],
				"cubes": [
					{"origin": [-5, 8.5, -1], "size": [2, 8, 2], "uv": [12, 44]},
					{"origin": [-5.5, 13.5, -1.5], "size": [3, 4, 3], "uv": [40, 0]}
				]
			},
			{
				"name": "armLeft",
				"pivot": [3, 17.5, 0],
				"rotation": [0, 0, -25],
				"cubes": [
					{"origin": [2.5, 13.5, -1.5], "size": [3, 4, 3], "uv": [12, 37]},
					{"origin": [3, 8.5, -1], "size": [2, 8, 2], "uv": [41, 41]}
				]
			},
			{
				"name": "body",
				"pivot": [0, 10.5, 0],
				"cubes": [
					{"origin": [-3, 8.999, -3], "size": [6, 9, 6], "uv": [27, 10]}
				]
			},
			{
				"name": "sittingRotationSkirt",
				"parent": "body",
				"pivot": [0, 10.5, 0],
				"cubes": [
					{"origin": [-4.5, 6, -4.5], "size": [9, 2, 9], "uv": [0, 16]},
					{"origin": [-4, 8, -4], "size": [8, 2, 8], "uv": [0, 27]},
					{"origin": [-3.5, 10, -3.5], "size": [7, 2, 7], "uv": [29, 25]}
				]
			},
			{
				"name": "legLeft",
				"pivot": [2, 9, 0],
				"cubes": [
					{"origin": [0.499, 0, -1.5], "size": [3, 9, 3], "uv": [0, 37]}
				]
			},
			{
				"name": "legRight",
				"pivot": [-2, 9, 0],
				"cubes": [
					{"origin": [-3.499, 0, -1.5], "size": [3, 9, 3], "uv": [29, 34]}
				]
			}
		]
	}
}