{
	"format_version": "1.10.0",
	"geometry.model": {
		"texturewidth": 40,
		"textureheight": 40,
		"visible_bounds_width": 2,
		"visible_bounds_height": 1.5,
		"visible_bounds_offset": [0, 0.25, 0],
		"bones": [
			{
				"name": "pen",
				"pivot": [5.5, 0.5, -1],
				"rotation": [0, -12.5, 0],
				"cubes": [
					{"origin": [5, 0, -3.5], "size": [1, 1, 4], "uv": [20, 1]}
				]
			},
			{
				"name": "yinci",
				"pivot": [-5.44867, 0, 0.80172],
				"rotation": [0, 7.5, 0],
				"cubes": [
					{"origin": [-7.44867, 0, -0.69828], "size": [4, 0, 3], "uv": [13, 8]}
				]
			},
			{
				"name": "eimy",
				"pivot": [-0.71093, 0, 4.95485],
				"rotation": [0, -12.5, 0],
				"cubes": [
					{"origin": [-2.71093, 0, 3.45485], "size": [4, 0, 3], "uv": [-3, 21]}
				]
			},
			{
				"name": "xin",
				"pivot": [0.48236, 0, -1.43185],
				"rotation": [0, 10, 0],
				"cubes": [
					{"origin": [-2.01764, 0, -4.93185], "size": [5, 0, 7], "uv": [3, 17]}
				]
			},
			{
				"name": "hlq",
				"pivot": [5, 4.25, 5],
				"rotation": [0, 30, 0],
				"cubes": [
					{"origin": [4, 6, 4], "size": [2, 1, 2], "uv": [12, 0]},
					{"origin": [4, 5, 4], "size": [2, 1, 2], "uv": [13, 5]},
					{"origin": [4, 1, 4], "size": [2, 3, 2], "uv": [16, 11]},
					{"origin": [3, 0, 3], "size": [4, 5, 4], "uv": [0, 24]}
				]
			},
			{
				"name": "moshui",
				"pivot": [-5.5, 1.5, 5],
				"rotation": [0, -17.5, 0],
				"cubes": [
					{"origin": [-7, 0, 4], "size": [3, 2, 2], "uv": [0, 17]},
					{"origin": [-6, 2, 4.5], "size": [1, 1, 1], "uv": [19, 2]}
				]
			}
		]
	}
}