{
	"format_version": "1.10.0",
	"geometry.model": {
		"texturewidth": 128,
		"textureheight": 128,
		"visible_bounds_width": 3,
		"visible_bounds_height": 4,
		"visible_bounds_offset": [0, 1, 0],
		"bones": [
			{
				"name": "head",
				"pivot": [0, 18, 0],
				"cubes": [
					{"origin": [-4, 18, -4], "size": [8, 8, 8], "uv": [0, 0]}
				]
			},
			{
				"name": "blink",
				"parent": "head",
				"pivot": [0, 18, 0],
				"cubes": [
					{"origin": [-4, 18, -4.001], "size": [8, 8, 0], "uv": [24, 0]}
				]
			},
			{
				"name": "hat",
				"parent": "head",
				"pivot": [0, 23, 0],
				"rotation": [-10, 0, 0]
			},
			{
				"name": "zhuti",
				"parent": "hat",
				"pivot": [0, 23, 0]
			},
			{
				"name": "bone",
				"parent": "zhuti",
				"pivot": [0, 23, 0],
				"cubes": [
					{"origin": [-3, 23, -10], "size": [3, 1, 4], "uv": [20, 51]},
					{"origin": [-5, 23, -9], "size": [3, 1, 4], "uv": [51, 14]},
					{"origin": [-7, 23, -8], "size": [3, 1, 4], "uv": [50, 26]},
					{"origin": [-8, 23, -7], "size": [4, 1, 3], "uv": [59, 10]},
					{"origin": [-9, 23, -5], "size": [4, 1, 3], "uv": [0, 59]},
					{"origin": [-10, 23, -3], "size": [4, 1, 3], "uv": [58, 35]}
				]
			},
			{
				"name": "bone2",
				"parent": "zhuti",
				"pivot": [0, 23, 0],
				"rotation": [0, -90, 0],
				"cubes": [
					{"origin": [-3, 23, -10], "size": [3, 1, 4], "uv": [50, 21]},
					{"origin": [-5, 23, -9], "size": [3, 1, 4], "uv": [10, 50]},
					{"origin": [-7, 23, -8], "size": [3, 1, 4], "uv": [0, 49]},
					{"origin": [-8, 23, -7], "size": [4, 1, 3], "uv": [58, 0]},
					{"origin": [-9, 23, -5], "size": [4, 1, 3], "uv": [22, 57]},
					{"origin": [-10, 23, -3], "size": [4, 1, 3], "uv": [55, 56]}
				]
			},
			{
				"name": "bone3",
				"parent": "zhuti",
				"pivot": [0, 23, 0],
				"cubes": [
					{"origin": [0, 23, 6], "size": [3, 1, 4], "uv": [48, 35]},
					{"origin": [2, 23, 5], "size": [3, 1, 4], "uv": [48, 0]},
					{"origin": [4, 23, 4], "size": [3, 1, 4], "uv": [44, 47]},
					{"origin": [4, 23, 4], "size": [4, 1, 3], "uv": [11, 56]},
					{"origin": [5, 23, 2], "size": [4, 1, 3], "uv": [55, 51]},
					{"origin": [6, 23, 0], "size": [4, 1, 3], "uv": [55, 6]}
				]
			},
			{
				"name": "bone4",
				"parent": "zhuti",
				"pivot": [0, 23, 0],
				"cubes": [
					{"origin": [-3, 23, 6], "size": [3, 1, 4], "uv": [30, 47]},
					{"origin": [-5, 23, 5], "size": [3, 1, 4], "uv": [20, 46]},
					{"origin": [-7, 23, 4], "size": [3, 1, 4], "uv": [45, 9]},
					{"origin": [-8, 23, 4], "size": [4, 1, 3], "uv": [0, 55]},
					{"origin": [-9, 23, 2], "size": [4, 1, 3], "uv": [54, 47]},
					{"origin": [-10, 23, 0], "size": [4, 1, 3], "uv": [54, 31]}
				]
			},
			{
				"name": "bone5",
				"parent": "zhuti",
				"pivot": [0, 23, 0],
				"cubes": [
					{"origin": [-2, 24, -6], "size": [4, 1, 1], "uv": [61, 4]},
					{"origin": [-1, 25, -6], "size": [2, 1, 1], "uv": [0, 33]},
					{"origin": [-4, 24, -5], "size": [8, 2, 1], "uv": [42, 44]},
					{"origin": [-3, 26, -5], "size": [6, 1, 1], "uv": [60, 21]},
					{"origin": [-2, 27, -5], "size": [4, 1, 1], "uv": [60, 60]},
					{"origin": [-4, 26, -4], "size": [2, 2, 2], "uv": [0, 20]},
					{"origin": [2, 26, -4], "size": [2, 2, 2], "uv": [0, 16]}
				]
			},
			{
				"name": "bone6",
				"parent": "zhuti",
				"pivot": [0, 23, 0],
				"rotation": [0, -90, 0],
				"cubes": [
					{"origin": [-2, 24, -6], "size": [4, 1, 1], "uv": [50, 60]},
					{"origin": [-1, 25, -6], "size": [2, 1, 1], "uv": [0, 31]},
					{"origin": [-4, 24, -5], "size": [8, 2, 1], "uv": [24, 43]},
					{"origin": [-3, 26, -5], "size": [6, 1, 1], "uv": [59, 42]},
					{"origin": [-2, 27, -5], "size": [4, 1, 1], "uv": [60, 44]}
				]
			},
			{
				"name": "bone7",
				"parent": "zhuti",
				"pivot": [0, 23, 0],
				"rotation": [0, 90, 0],
				"cubes": [
					{"origin": [-2, 24, -6], "size": [4, 1, 1], "uv": [60, 23]},
					{"origin": [-1, 25, -6], "size": [2, 1, 1], "uv": [0, 29]},
					{"origin": [-4, 24, -5], "size": [8, 2, 1], "uv": [41, 41]},
					{"origin": [-3, 26, -5], "size": [6, 1, 1], "uv": [58, 40]},
					{"origin": [-2, 27, -5], "size": [4, 1, 1], "uv": [11, 60]}
				]
			},
			{
				"name": "bone8",
				"parent": "zhuti",
				"pivot": [0, 23, 0],
				"cubes": [
					{"origin": [-2, 24, 5], "size": [4, 1, 1], "uv": [48, 5]},
					{"origin": [-1, 25, 5], "size": [2, 1, 1], "uv": [0, 27]},
					{"origin": [-4, 24, 4], "size": [8, 2, 1], "uv": [24, 39]},
					{"origin": [-3, 26, 4], "size": [6, 1, 1], "uv": [51, 19]},
					{"origin": [-2, 27, 4], "size": [4, 1, 1], "uv": [45, 14]},
					{"origin": [-4, 26, 2], "size": [2, 2, 2], "uv": [0, 4]},
					{"origin": [2, 26, 2], "size": [2, 2, 2], "uv": [0, 0]}
				]
			},
			{
				"name": "bone9",
				"parent": "zhuti",
				"pivot": [0, 23, 0],
				"cubes": [
					{"origin": [-4, 28, -2], "size": [8, 1, 4], "uv": [28, 34]},
					{"origin": [-2, 28, -4], "size": [4, 1, 8], "uv": [32, 0]},
					{"origin": [2, 28, -3], "size": [1, 1, 1], "uv": [24, 27]},
					{"origin": [2, 28, 2], "size": [1, 1, 1], "uv": [24, 29]},
					{"origin": [-3, 28, -3], "size": [1, 1, 1], "uv": [24, 32]},
					{"origin": [-3, 28, 2], "size": [1, 1, 1], "uv": [32, 27]},
					{"origin": [-2, 29, -1], "size": [4, 1, 2], "uv": [60, 26]},
					{"origin": [-1, 29, -2], "size": [2, 1, 4], "uv": [24, 27]}
				]
			},
			{
				"name": "hudiejie",
				"parent": "hat",
				"pivot": [5, 25, 5]
			},
			{
				"name": "zhong",
				"parent": "hudiejie",
				"pivot": [4.46967, 25, 4.53033],
				"rotation": [0, -45, 0],
				"cubes": [
					{"origin": [3.9697, 24.1, 3.78033], "size": [1.5, 2, 1.5], "uv": [75, 11]}
				]
			},
			{
				"name": "zuo",
				"parent": "hudiejie",
				"pivot": [5, 25, 5],
				"rotation": [-5, -27.5, 0],
				"cubes": [
					{"origin": [4.35355, 24.8, 2.26673], "size": [1, 1, 2], "uv": [74, 11]}
				]
			},
			{
				"name": "you",
				"parent": "hudiejie",
				"pivot": [5, 25, 5],
				"rotation": [2.59775, 27.38656, 5.63304],
				"cubes": [
					{"origin": [2.29289, 24.8, 4.41421], "size": [2, 1, 1], "uv": [74, 12]}
				]
			},
			{
				"name": "zuoxia",
				"parent": "hudiejie",
				"pivot": [5, 25, 5],
				"rotation": [5, -27.5, 0],
				"cubes": [
					{"origin": [4.35355, 24.27767, 2.27352], "size": [1, 1, 2], "uv": [74, 11]}
				]
			},
			{
				"name": "youxia",
				"parent": "hudiejie",
				"pivot": [5, 25, 5],
				"rotation": [-2.59775, 27.38656, -5.63304],
				"cubes": [
					{"origin": [2.29929, 24.27312, 4.41421], "size": [2, 1, 1], "uv": [74, 12]}
				]
			},
			{
				"name": "hair_qian",
				"parent": "head",
				"pivot": [0, 16.5, -3],
				"rotation": [-5, 0, 0],
				"cubes": [
					{"origin": [-4, 14.90714, -4.12693], "size": [1, 3, 1], "uv": [74, 1]},
					{"origin": [3, 14.90714, -4.12693], "size": [1, 3, 1], "uv": [74, 1], "mirror": true}
				]
			},
			{
				"name": "hair_zuo",
				"parent": "head",
				"pivot": [-3.62883, 15.95071, 0],
				"rotation": [0, 0, 10],
				"cubes": [
					{"origin": [-4.35022, 13.90441, -3], "size": [1, 4, 6], "uv": [91, 8], "mirror": true},
					{"origin": [-4.08875, 13.91583, 3], "size": [1, 1, 1], "uv": [103, 13]}
				]
			},
			{
				"name": "hair_you",
				"parent": "head",
				"pivot": [3.5, 16.5, 0],
				"rotation": [0, 0, -10],
				"cubes": [
					{"origin": [3.25288, 13.89039, -3], "size": [1, 4, 6], "uv": [91, 8]},
					{"origin": [2.99141, 13.9018, 3], "size": [1, 1, 1], "uv": [75, 1], "mirror": true}
				]
			},
			{
				"name": "hair_zuowai",
				"parent": "head",
				"pivot": [-3.5, 16, 3.5],
				"rotation": [0, 0, 5],
				"cubes": [
					{"origin": [-4.17241, 14.94881, 3], "size": [1, 3, 1], "uv": [75, 1]},
					{"origin": [-4.17241, 14.94881, -4], "size": [1, 3, 1], "uv": [75, 1]}
				]
			},
			{
				"name": "hair_youwai",
				"parent": "head",
				"pivot": [3.5, 16, 3.5],
				"rotation": [0, 0, -5],
				"cubes": [
					{"origin": [3.17241, 14.94881, 3], "size": [1, 3, 1], "uv": [75, 1], "mirror": true},
					{"origin": [3.17241, 14.94881, -4], "size": [1, 3, 1], "uv": [75, 1], "mirror": true}
				]
			},
			{
				"name": "hair_back",
				"parent": "head",
				"pivot": [0, 18, 0]
			},
			{
				"name": "1",
				"parent": "hair_back",
				"pivot": [3.5, 16, 3.5],
				"rotation": [10, 0, 0],
				"cubes": [
					{"origin": [3, 13.88279, 3.3397], "size": [1, 4, 1], "uv": [81, 0]}
				]
			},
			{
				"name": "2",
				"parent": "hair_back",
				"pivot": [2.5, 15.88279, 3.8397],
				"rotation": [5, 0, 0],
				"cubes": [
					{"origin": [2, 13.97797, 3.18392], "size": [1, 4, 1], "uv": [89, 0]}
				]
			},
			{
				"name": "3",
				"parent": "hair_back",
				"pivot": [1.5, 15.97797, 3.68392],
				"rotation": [7.5, 0, 0],
				"cubes": [
					{"origin": [1, 13.94144, 3.26122], "size": [1, 4, 1], "uv": [81, 0]}
				]
			},
			{
				"name": "4",
				"parent": "hair_back",
				"pivot": [0.5, 15.97797, 3.68392],
				"rotation": [2.5, 0, 0],
				"cubes": [
					{"origin": [0, 13.98429, 3.0879], "size": [1, 4, 1], "uv": [97, 0]}
				]
			},
			{
				"name": "5",
				"parent": "hair_back",
				"pivot": [-0.5, 15.97797, 3.68392],
				"rotation": [7.5, 0, 0],
				"cubes": [
					{"origin": [-1, 13.94144, 3.26122], "size": [1, 4, 1], "uv": [97, 0]}
				]
			},
			{
				"name": "6",
				"parent": "hair_back",
				"pivot": [-1.5, 15.97797, 3.68392],
				"rotation": [7.5, 0, 0],
				"cubes": [
					{"origin": [-2, 13.94144, 3.26122], "size": [1, 4, 1], "uv": [81, 0]}
				]
			},
			{
				"name": "7",
				"parent": "hair_back",
				"pivot": [-2.5, 15.97797, 3.68392],
				"rotation": [2.5, 0, 0],
				"cubes": [
					{"origin": [-3, 13.98429, 3.0879], "size": [1, 4, 1], "uv": [97, 0]}
				]
			},
			{
				"name": "8",
				"parent": "hair_back",
				"pivot": [-3.5, 16, 3.5],
				"rotation": [10, 0, 0],
				"cubes": [
					{"origin": [-4, 13.88279, 3.3397], "size": [1, 4, 1], "uv": [81, 0], "mirror": true}
				]
			},
			{
				"name": "armRight",
				"pivot": [-3, 17.5, 0],
				"rotation": [0, 0, 25],
				"cubes": [
					{"origin": [-5, 8.5, -1], "size": [2, 8, 2], "uv": [42, 59]},
					{"origin": [-5.5, 13.5, -1.5], "size": [3, 4, 3], "uv": [46, 52]}
				]
			},
			{
				"name": "armLeft",
				"pivot": [3, 17.5, 0],
				"rotation": [0, 0, -25],
				"cubes": [
					{"origin": [2.5, 13.5, -1.5], "size": [3, 4, 3], "uv": [34, 52]},
					{"origin": [3, 8.5, -1], "size": [2, 8, 2], "uv": [34, 59]}
				]
			},
			{
				"name": "body",
				"pivot": [0, 10.5, 0],
				"cubes": [
					{"origin": [-3, 8.999, -3], "size": [6, 9, 6], "uv": [27, 10]},
					{"origin": [0, 12, -3.5], "size": [2, 2, 1], "uv": [83, 22]}
				]
			},
			{
				"name": "sittingRotationSkirt",
				"parent": "body",
				"pivot": [0, 10.5, 0],
				"cubes": [
					{"origin": [-4.5, 6, -4.5], "size": [9, 2, 9], "uv": [0, 16]},
					{"origin": [-4, 8, -4], "size": [8, 2, 8], "uv": [0, 27]},
					{"origin": [-3.5, 10, -3.5], "size": [7, 2, 7], "uv": [29, 25]}
				]
			},
			{
				"name": "bone10",
				"parent": "sittingRotationSkirt",
				"pivot": [0.75759, 9.28072, -4.63206],
				"rotation": [-22.44739, -1.49648, -4.75138],
				"cubes": [
					{"origin": [0.25759, 6.28072, -4.63206], "size": [1, 6, 0], "uv": [76, 22]}
				]
			},
			{
				"name": "bone11",
				"parent": "sittingRotationSkirt",
				"pivot": [1.75382, 9.36352, -4.60594],
				"rotation": [-22.24959, -3.39871, -9.37984],
				"cubes": [
					{"origin": [1.51719, 6.39568, -4.60594], "size": [1, 6, 0], "uv": [76, 22]}
				]
			},
			{
				"name": "legLeft",
				"pivot": [2, 9, 0],
				"cubes": [
					{"origin": [0.499, 0, -1.5], "size": [3, 9, 3], "uv": [12, 37]}
				]
			},
			{
				"name": "legRight",
				"pivot": [-2, 9, 0],
				"cubes": [
					{"origin": [-3.499, 0, -1.5], "size": [3, 9, 3], "uv": [0, 37]}
				]
			}
		]
	}
}