{
	"pack_name": "{pack.plants_vs_zombies.name}",
	"author": ["goumo_g"],
	"version": "1.0.2",
	"date": "2020-09-19",
	"icon": "plants_vs_zombies:textures/icon.png",
	"model_list": [
		{
			"model_id": "plants_vs_zombies:seat",
			"description": ["{model.plants_vs_zombies.seat.desc}"]
		},
		{
			"model_id": "plants_vs_zombies:lawn_mower",
			"tameable_can_ride": false,
			"mounted_height": 6
		},
		{
			"model_id": "plants_vs_zombies:flower_pot",
			"mounted_height": 9
		},
		{
			"model_id": "plants_vs_zombies:shovel",
			"tameable_can_ride": false
		},
		{
			"model_id": "plants_vs_zombies:pumpkin",
			"mounted_height": 0
		},
		{
			"model_id": "plants_vs_zombies:lily_pad",
			"mounted_height": 0,
			"no_gravity": true
		},
		{
			"model_id": "plants_vs_zombies:penny",
			"render_item_scale": 0.3,
			"mounted_height": 0
		}
	]
}