{
	"pack_name": "{pack.plants_vs_zombies.name}",
	"author": ["goumo_g"],
	"description": ["{pack.plants_vs_zombies.desc}"],
	"version": "1.0.6",
	"date": "2021-10-27",
	"icon": "plants_vs_zombies:textures/icon.png",
	"model_list": [
		{
			"model_id": "plants_vs_zombies:peashooter",
			"animation": ["plants_vs_zombies:animation/plant_default.js", "touhou_little_maid:animation/maid/default/head/default.js", "touhou_little_maid:animation/maid/default/head/beg.js"],
			"show_hata": false,
			"show_backpack": false,
			"show_custom_head": false
		},
		{
			"model_id": "plants_vs_zombies:sunflower",
			"animation": ["plants_vs_zombies:animation/plant_default.js", "touhou_little_maid:animation/maid/default/head/default.js", "touhou_little_maid:animation/maid/default/head/beg.js", "touhou_little_maid:animation/maid/default/armor/default.js", "touhou_little_maid:animation/maid/default/armor/reverse.js"],
			"show_hata": false,
			"show_backpack": false,
			"show_custom_head": false
		},
		{
			"model_id": "plants_vs_zombies:cherry_bomb",
			"render_entity_scale": 2,
			"animation": ["plants_vs_zombies:animation/plant_default.js"],
			"show_hata": false,
			"show_backpack": false,
			"show_custom_head": false
		},
		{
			"model_id": "plants_vs_zombies:wall_nut",
			"animation": ["plants_vs_zombies:animation/plant_default.js"],
			"show_hata": false,
			"show_backpack": false,
			"show_custom_head": false
		},
		{
			"model_id": "plants_vs_zombies:potato_mine",
			"animation": ["plants_vs_zombies:animation/plant_default.js"],
			"show_hata": false,
			"show_backpack": false,
			"can_riding_broom": false,
			"show_custom_head": false
		},
		{
			"model_id": "plants_vs_zombies:snownee",
			"animation": ["plants_vs_zombies:animation/plant_default.js", "touhou_little_maid:animation/maid/default/head/default.js", "touhou_little_maid:animation/maid/default/head/beg.js"],
			"show_hata": false,
			"show_backpack": false,
			"show_custom_head": false
		},
		{
			"model_id": "plants_vs_zombies:chomper",
			"show_hata": false,
			"show_backpack": false,
			"show_custom_head": false,
			"animation": ["plants_vs_zombies:animation/plant_default.js", "plants_vs_zombies:animation/chomper.js"]
		},
		{
			"model_id": "plants_vs_zombies:repeater",
			"show_hata": false,
			"show_backpack": false,
			"show_custom_head": false,
			"animation": ["plants_vs_zombies:animation/plant_default.js", "touhou_little_maid:animation/maid/default/head/default.js", "touhou_little_maid:animation/maid/default/head/beg.js"]
		},
		{
			"model_id": "plants_vs_zombies:puff_shroom",
			"animation": ["plants_vs_zombies:animation/plant_default.js"],
			"show_hata": false,
			"show_backpack": false,
			"show_custom_head": false
		},
		{
			"model_id": "plants_vs_zombies:sun_shroom",
			"animation": ["plants_vs_zombies:animation/plant_default.js"],
			"show_hata": false,
			"show_backpack": false,
			"show_custom_head": false
		},
		{
			"model_id": "plants_vs_zombies:fume_shroom",
			"render_entity_scale": 2,
			"animation": ["plants_vs_zombies:animation/plant_default.js"],
			"show_hata": false,
			"show_backpack": false,
			"show_custom_head": false
		},
		{
			"model_id": "plants_vs_zombies:hypno_shroom",
			"render_entity_scale": 2,
			"show_hata": false,
			"show_backpack": false,
			"show_custom_head": false,
			"animation": ["plants_vs_zombies:animation/plant_default.js"]
		},
		{
			"model_id": "plants_vs_zombies:scaredy_shroom",
			"show_hata": false,
			"show_backpack": false,
			"show_custom_head": false,
			"animation": ["plants_vs_zombies:animation/plant_default.js", "plants_vs_zombies:animation/scaredy_shroom.js"]
		},
		{
			"model_id": "plants_vs_zombies:ice_shroom",
			"render_entity_scale": 1.2,
			"show_hata": false,
			"show_backpack": false,
			"show_custom_head": false,
			"animation": ["plants_vs_zombies:animation/plant_default.js"]
		},
		{
			"model_id": "plants_vs_zombies:doom_shroom",
			"show_hata": false,
			"show_backpack": false,
			"show_custom_head": false,
			"animation": ["plants_vs_zombies:animation/plant_default.js", "plants_vs_zombies:animation/doom_shroom.js"]
		},
		{
			"model_id": "plants_vs_zombies:plantern",
			"animation": ["plants_vs_zombies:animation/plant_default.js", "touhou_little_maid:animation/maid/default/head/default.js", "touhou_little_maid:animation/maid/default/head/beg.js"],
			"show_hata": false,
			"show_backpack": false,
			"show_custom_head": false
		},
		{
			"model_id": "plants_vs_zombies:citron",
			"animation": ["plants_vs_zombies:animation/plant_default.js", "touhou_little_maid:animation/maid/default/head/default.js", "touhou_little_maid:animation/maid/default/head/beg.js"],
			"show_hata": false,
			"show_backpack": false,
			"show_custom_head": false
		},
		{
			"model_id": "plants_vs_zombies:ghost_pepper",
			"show_hata": false,
			"show_backpack": false,
			"show_custom_head": false,
			"animation": ["plants_vs_zombies:animation/plant_default.js", "plants_vs_zombies:animation/ghost_pepper.js"]
		},
		{
			"model_id": "plants_vs_zombies:jack_o_lanterns",
			"show_hata": false,
			"show_backpack": false,
			"show_custom_head": false,
			"animation": ["plants_vs_zombies:animation/plant_default.js"]
		}
	]
}