{
	"format_version": "1.10.0",
	"geometry.model": {
		"texturewidth": 128,
		"textureheight": 128,
		"visible_bounds_width": 3,
		"visible_bounds_height": 4,
		"visible_bounds_offset": [0, 1, 0],
		"bones": [
			{
				"name": "head",
				"pivot": [0, 18, 0],
				"cubes": [
					{"origin": [-4, 18, -4], "size": [8, 8, 8], "uv": [0, 22]},
					{"origin": [-4.5, 13.5, -4.5], "size": [9, 13, 9], "uv": [0, 0]}
				]
			},
			{
				"name": "blink",
				"parent": "head",
				"pivot": [0, 18, 0],
				"cubes": [
					{"origin": [-4, 18, -4.001], "size": [8, 8, 0], "uv": [40, 36]}
				]
			},
			{
				"name": "hairLeftSwing",
				"parent": "head",
				"pivot": [4, 26, 2]
			},
			{
				"name": "braidLeft",
				"parent": "hairLeftSwing",
				"pivot": [5.85109, 15.48697, 2],
				"rotation": [0, 0, -10],
				"cubes": [
					{"origin": [5.85109, 4.98697, 0], "size": [0, 21, 4], "uv": [0, 34], "inflate": 0.01}
				]
			},
			{
				"name": "bone8",
				"parent": "braidLeft",
				"pivot": [7.60109, 25.98697, 2],
				"rotation": [0, 0, -27.5],
				"cubes": [
					{"origin": [6.10109, 26.98697, 0], "size": [3, 0, 4], "uv": [32, 9]}
				]
			},
			{
				"name": "bone9",
				"parent": "braidLeft",
				"pivot": [7.29414, 27.06204, 2],
				"rotation": [0, 0, -67.5],
				"cubes": [
					{"origin": [5.79414, 28.06204, 0], "size": [3, 0, 4], "uv": [26, 26]}
				]
			},
			{
				"name": "hairRightSwing",
				"parent": "head",
				"pivot": [-4, 26, 2]
			},
			{
				"name": "braidRight",
				"parent": "hairRightSwing",
				"pivot": [-5.85109, 15.48697, 2],
				"rotation": [0, 0, 10],
				"cubes": [
					{"origin": [-5.85109, 4.98697, 0], "size": [0, 21, 4], "uv": [32, 32], "inflate": 0.01}
				]
			},
			{
				"name": "bone3",
				"parent": "braidRight",
				"pivot": [-7.60109, 25.98697, 2],
				"rotation": [0, 0, 27.5],
				"cubes": [
					{"origin": [-9.10109, 26.98697, 0], "size": [3, 0, 4], "uv": [20, 26]}
				]
			},
			{
				"name": "bone10",
				"parent": "braidRight",
				"pivot": [-7.29414, 27.06204, 2],
				"rotation": [0, 0, 67.5],
				"cubes": [
					{"origin": [-8.79414, 28.06204, 0], "size": [3, 0, 4], "uv": [20, 22]}
				]
			},
			{
				"name": "armRight",
				"pivot": [-3, 17.5, 0],
				"rotation": [0, 0, 25],
				"cubes": [
					{"origin": [-5, 8.5, -1], "size": [2, 8, 2], "uv": [50, 44]},
					{"origin": [-5.5, 10.5, -1.5], "size": [3, 3, 3], "uv": [48, 6]}
				]
			},
			{
				"name": "armLeft",
				"pivot": [3, 17.5, 0],
				"rotation": [0, 0, -25],
				"cubes": [
					{"origin": [2.5, 10.5, -1.5], "size": [3, 3, 3], "uv": [39, 10]},
					{"origin": [3, 8.5, -1], "size": [2, 8, 2], "uv": [18, 47]}
				]
			},
			{
				"name": "body",
				"pivot": [0, 10.5, 0],
				"cubes": [
					{"origin": [-3.5, 10, -2.5], "size": [7, 4, 5], "uv": [32, 26]},
					{"origin": [-4, 14, -3], "size": [8, 4, 6], "uv": [30, 16]},
					{"origin": [-3.5, 14, -2.5], "size": [7, 4, 5], "uv": [27, 0]}
				]
			},
			{
				"name": "sittingRotationSkirt",
				"parent": "body",
				"pivot": [0, 11.25, 0]
			},
			{
				"name": "bone",
				"parent": "sittingRotationSkirt",
				"pivot": [3.5, 9, -2]
			},
			{
				"name": "bone4",
				"parent": "bone",
				"pivot": [-1.5, 7, -1.5]
			},
			{
				"name": "bone2",
				"parent": "bone4",
				"pivot": [-1.5, 7, -1.5],
				"rotation": [-34.86443, -40.00552, 30.58121],
				"cubes": [
					{"origin": [-2.61691, 4.77283, -3.04352], "size": [2, 6, 2], "uv": [72, 0]}
				]
			},
			{
				"name": "bone11",
				"parent": "bone4",
				"pivot": [1.5, 7, -1.5],
				"rotation": [-34.86443, 40.00552, -30.58121],
				"cubes": [
					{"origin": [0.61691, 4.77283, -3.04352], "size": [2, 6, 2], "uv": [80, 0], "mirror": true}
				]
			},
			{
				"name": "bone5",
				"parent": "bone4",
				"pivot": [-2.75, 7.25, -1.25],
				"rotation": [-16.93537, 0.46342, 24.69361],
				"cubes": [
					{"origin": [-3.9171, 5.09727, -2.35716], "size": [2, 6, 2], "uv": [64, 0]}
				]
			},
			{
				"name": "bone7",
				"parent": "bone4",
				"pivot": [2.75, 7.25, -1.25],
				"rotation": [-16.93537, -0.46342, -24.69361],
				"cubes": [
					{"origin": [1.9171, 5.09727, -2.35716], "size": [2, 6, 2], "uv": [88, 0], "mirror": true}
				]
			},
			{
				"name": "bone13",
				"parent": "bone",
				"pivot": [-1.5, 7, 1.5]
			},
			{
				"name": "bone14",
				"parent": "bone13",
				"pivot": [-1.5, 7, 1.5],
				"rotation": [34.86443, 40.00552, 30.58121],
				"cubes": [
					{"origin": [-2.61691, 4.77283, 1.04352], "size": [2, 6, 2], "uv": [82, 8]}
				]
			},
			{
				"name": "bone15",
				"parent": "bone13",
				"pivot": [1.5, 7, 1.5],
				"rotation": [34.86443, -40.00552, -30.58121],
				"cubes": [
					{"origin": [0.61691, 4.77283, 1.04352], "size": [2, 6, 2], "uv": [74, 8], "mirror": true}
				]
			},
			{
				"name": "bone16",
				"parent": "bone13",
				"pivot": [-2.75, 7.25, 1.25],
				"rotation": [16.93537, -0.46342, 24.69361],
				"cubes": [
					{"origin": [-3.9171, 5.09727, 0.35716], "size": [2, 6, 2], "uv": [90, 8]}
				]
			},
			{
				"name": "bone17",
				"parent": "bone13",
				"pivot": [2.75, 7.25, 1.25],
				"rotation": [16.93537, 0.46342, -24.69361],
				"cubes": [
					{"origin": [1.9171, 5.09727, 0.35716], "size": [2, 6, 2], "uv": [66, 8], "mirror": true}
				]
			},
			{
				"name": "bone6",
				"parent": "bone",
				"pivot": [-3.5, 7.5, -0.25],
				"rotation": [0, 45, 32.5],
				"cubes": [
					{"origin": [-4.67678, 5.3, -1.07322], "size": [2, 5, 2], "uv": [96, 0]}
				]
			},
			{
				"name": "bone12",
				"parent": "bone",
				"pivot": [3.5, 7.5, -0.25],
				"rotation": [0, -45, -30],
				"cubes": [
					{"origin": [2.67678, 5.3, -1.07322], "size": [2, 5, 2], "uv": [104, 0], "mirror": true}
				]
			},
			{
				"name": "legLeft",
				"pivot": [1.75, 9, 0],
				"cubes": [
					{"origin": [0.25, 0, -3], "size": [3, 2, 5], "uv": [0, 59]},
					{"origin": [0.749, 1, -1.5], "size": [2, 9, 3], "uv": [8, 47]}
				]
			},
			{
				"name": "legRight",
				"pivot": [-1.75, 9, 0],
				"cubes": [
					{"origin": [-3.25, 0, -3], "size": [3, 2, 5], "uv": [0, 66]},
					{"origin": [-2.749, 1, -1.5], "size": [2, 9, 3], "uv": [40, 44]}
				]
			}
		]
	}
}