{
	"format_version": "1.10.0",
	"geometry.model": {
		"texturewidth": 128,
		"textureheight": 128,
		"visible_bounds_width": 3,
		"visible_bounds_height": 4,
		"visible_bounds_offset": [0, 1, 0],
		"bones": [
			{
				"name": "head",
				"pivot": [0, 17.25, 0],
				"cubes": [
					{"origin": [-4, 18.2, -4], "size": [8, 8, 8], "uv": [32, 0]},
					{"origin": [-4.25, 17.95, -4.25], "size": [8.5, 8.5, 8.5], "uv": [0, 0]},
					{"origin": [-4.25, 16.85, -4.25], "size": [8.5, 1.1, 1], "uv": [0, 26]}
				]
			},
			{
				"name": "blink",
				"parent": "head",
				"pivot": [0, 18.5, 0],
				"cubes": [
					{"origin": [-4, 18.2, -4.001], "size": [8, 8, 0], "uv": [24, 0]}
				]
			},
			{
				"name": "hair",
				"parent": "head",
				"pivot": [0, 18.5, 0]
			},
			{
				"name": "bone3",
				"parent": "hair",
				"pivot": [-7, 20.7, 0],
				"rotation": [0, 10, 25],
				"cubes": [
					{"origin": [-7.64278, 12.50066, -1.07339], "size": [1, 13, 1], "uv": [34, 16]}
				]
			},
			{
				"name": "bone12",
				"parent": "bone3",
				"pivot": [-7, 20.7, 0],
				"rotation": [-0.55404, 12.48791, -2.56062],
				"cubes": [
					{"origin": [-6.45823, 18.73945, -0.01954], "size": [1, 7, 0], "uv": [10, 30]}
				]
			},
			{
				"name": "bone14",
				"parent": "bone12",
				"pivot": [-7, 18.7, 0],
				"rotation": [0, 0, 10],
				"cubes": [
					{"origin": [-8.51309, 14.86456, -0.01954], "size": [1, 10, 0], "uv": [6, 30]}
				]
			},
			{
				"name": "bone4",
				"parent": "hair",
				"pivot": [7.1, 20.2, 0],
				"rotation": [0, 22.5, -25],
				"cubes": [
					{"origin": [6.71703, 12.00066, -0.63827], "size": [1, 13, 1], "uv": [34, 16]}
				]
			},
			{
				"name": "bone11",
				"parent": "bone4",
				"pivot": [7.1, 20.2, 0],
				"rotation": [-1.03509, -22.47741, 2.70569],
				"cubes": [
					{"origin": [5.47499, 18.44085, -0.35781], "size": [1, 7, 0], "uv": [8, 30]}
				]
			},
			{
				"name": "bone13",
				"parent": "bone11",
				"pivot": [7.1, 20.2, 0],
				"rotation": [-0.32652, 2.4786, -7.50706],
				"cubes": [
					{"origin": [7.39195, 13.38304, -0.34112], "size": [1, 11, 0], "uv": [4, 30]}
				]
			},
			{
				"name": "bone6",
				"parent": "hair",
				"pivot": [0, 18.5, 0]
			},
			{
				"name": "bone7",
				"parent": "bone6",
				"pivot": [-4.5, 24.25, -0.5],
				"rotation": [0, 0, 5]
			},
			{
				"name": "bone5",
				"parent": "bone7",
				"pivot": [5, 23.5, -0.5],
				"cubes": [
					{"origin": [-5.43716, 19.99619, -1.25], "size": [1.6, 10, 1.5], "uv": [0, 30]}
				]
			},
			{
				"name": "tuzi4",
				"parent": "bone5",
				"pivot": [5, 23.5, -0.5],
				"cubes": [
					{"origin": [-4.98716, 27.49619, -1.35], "size": [0.1, 0.5, 0.1], "uv": [2, 68]},
					{"origin": [-5.08716, 27.09619, -1.35], "size": [0.1, 0.4, 0.1], "uv": [2, 68]},
					{"origin": [-4.28716, 27.09619, -1.35], "size": [0.1, 0.4, 0.1], "uv": [2, 68]},
					{"origin": [-4.88716, 26.89619, -1.35], "size": [0.5, 0.1, 0.1], "uv": [2, 68]},
					{"origin": [-4.78716, 27.59619, -1.35], "size": [0.1, 0.4, 0.1], "uv": [2, 68]},
					{"origin": [-4.88716, 27.99619, -1.35], "size": [0.1, 0.1, 0.1], "uv": [2, 68]},
					{"origin": [-4.38716, 27.49619, -1.35], "size": [0.1, 0.5, 0.1], "uv": [2, 68]},
					{"origin": [-4.68716, 27.49619, -1.35], "size": [0.1, 0.1, 0.1], "uv": [2, 68]},
					{"origin": [-4.98716, 26.99619, -1.35], "size": [0.1, 0.1, 0.1], "uv": [2, 68]},
					{"origin": [-4.38716, 26.99619, -1.35], "size": [0.1, 0.1, 0.1], "uv": [2, 68]},
					{"origin": [-4.48716, 27.99619, -1.35], "size": [0.1, 0.1, 0.1], "uv": [2, 68]},
					{"origin": [-4.58716, 27.59619, -1.35], "size": [0.1, 0.4, 0.1], "uv": [2, 68]}
				]
			},
			{
				"name": "tuzi5",
				"parent": "bone5",
				"pivot": [5, 22, -0.5],
				"cubes": [
					{"origin": [-4.98716, 25.99619, -1.35], "size": [0.1, 0.5, 0.1], "uv": [2, 68]},
					{"origin": [-5.08716, 25.59619, -1.35], "size": [0.1, 0.4, 0.1], "uv": [2, 68]},
					{"origin": [-4.28716, 25.59619, -1.35], "size": [0.1, 0.4, 0.1], "uv": [2, 68]},
					{"origin": [-4.88716, 25.39619, -1.35], "size": [0.5, 0.1, 0.1], "uv": [2, 68]},
					{"origin": [-4.78716, 26.09619, -1.35], "size": [0.1, 0.4, 0.1], "uv": [2, 68]},
					{"origin": [-4.88716, 26.49619, -1.35], "size": [0.1, 0.1, 0.1], "uv": [2, 68]},
					{"origin": [-4.38716, 25.99619, -1.35], "size": [0.1, 0.5, 0.1], "uv": [2, 68]},
					{"origin": [-4.68716, 25.99619, -1.35], "size": [0.1, 0.1, 0.1], "uv": [2, 68]},
					{"origin": [-4.98716, 25.49619, -1.35], "size": [0.1, 0.1, 0.1], "uv": [2, 68]},
					{"origin": [-4.38716, 25.49619, -1.35], "size": [0.1, 0.1, 0.1], "uv": [2, 68]},
					{"origin": [-4.48716, 26.49619, -1.35], "size": [0.1, 0.1, 0.1], "uv": [2, 68]},
					{"origin": [-4.58716, 26.09619, -1.35], "size": [0.1, 0.4, 0.1], "uv": [2, 68]}
				]
			},
			{
				"name": "tuzi6",
				"parent": "bone5",
				"pivot": [5, 23.5, -0.5],
				"cubes": [
					{"origin": [-4.98716, 28.99619, -1.35], "size": [0.1, 0.5, 0.1], "uv": [2, 68]},
					{"origin": [-5.08716, 28.59619, -1.35], "size": [0.1, 0.4, 0.1], "uv": [2, 68]},
					{"origin": [-4.28716, 28.59619, -1.35], "size": [0.1, 0.4, 0.1], "uv": [2, 68]},
					{"origin": [-4.88716, 28.39619, -1.35], "size": [0.5, 0.1, 0.1], "uv": [2, 68]},
					{"origin": [-4.78716, 29.09619, -1.35], "size": [0.1, 0.4, 0.1], "uv": [2, 68]},
					{"origin": [-4.88716, 29.49619, -1.35], "size": [0.1, 0.1, 0.1], "uv": [2, 68]},
					{"origin": [-4.38716, 28.99619, -1.35], "size": [0.1, 0.5, 0.1], "uv": [2, 68]},
					{"origin": [-4.68716, 28.99619, -1.35], "size": [0.1, 0.1, 0.1], "uv": [2, 68]},
					{"origin": [-4.98716, 28.49619, -1.35], "size": [0.1, 0.1, 0.1], "uv": [2, 68]},
					{"origin": [-4.38716, 28.49619, -1.35], "size": [0.1, 0.1, 0.1], "uv": [2, 68]},
					{"origin": [-4.48716, 29.49619, -1.35], "size": [0.1, 0.1, 0.1], "uv": [2, 68]},
					{"origin": [-4.58716, 29.09619, -1.35], "size": [0.1, 0.4, 0.1], "uv": [2, 68]}
				]
			},
			{
				"name": "bone8",
				"parent": "bone6",
				"pivot": [4.7, 23.5, -0.5],
				"rotation": [0, 0, -5],
				"cubes": [
					{"origin": [4.03716, 19.99619, -1], "size": [1.6, 10, 1.5], "uv": [0, 30]}
				]
			},
			{
				"name": "tuzi2",
				"parent": "bone8",
				"pivot": [4.7, 23.5, -0.5],
				"cubes": [
					{"origin": [4.48716, 27.49619, -1.1], "size": [0.1, 0.5, 0.1], "uv": [0, 68]},
					{"origin": [4.38716, 27.09619, -1.1], "size": [0.1, 0.4, 0.1], "uv": [0, 68]},
					{"origin": [5.18716, 27.09619, -1.1], "size": [0.1, 0.4, 0.1], "uv": [0, 68]},
					{"origin": [4.58716, 26.89619, -1.1], "size": [0.5, 0.1, 0.1], "uv": [0, 68]},
					{"origin": [4.68716, 27.59619, -1.1], "size": [0.1, 0.4, 0.1], "uv": [0, 68]},
					{"origin": [4.58716, 27.99619, -1.1], "size": [0.1, 0.1, 0.1], "uv": [0, 68]},
					{"origin": [5.08716, 27.49619, -1.1], "size": [0.1, 0.5, 0.1], "uv": [0, 68]},
					{"origin": [4.78716, 27.49619, -1.1], "size": [0.1, 0.1, 0.1], "uv": [0, 68]},
					{"origin": [4.48716, 26.99619, -1.1], "size": [0.1, 0.1, 0.1], "uv": [0, 68]},
					{"origin": [5.08716, 26.99619, -1.1], "size": [0.1, 0.1, 0.1], "uv": [0, 68]},
					{"origin": [4.98716, 27.99619, -1.1], "size": [0.1, 0.1, 0.1], "uv": [0, 68]},
					{"origin": [4.88716, 27.59619, -1.1], "size": [0.1, 0.4, 0.1], "uv": [0, 68]}
				]
			},
			{
				"name": "tuzi3",
				"parent": "bone8",
				"pivot": [4.7, 22, -0.5],
				"cubes": [
					{"origin": [4.48716, 25.99619, -1.1], "size": [0.1, 0.5, 0.1], "uv": [0, 68]},
					{"origin": [4.38716, 25.59619, -1.1], "size": [0.1, 0.4, 0.1], "uv": [0, 68]},
					{"origin": [5.18716, 25.59619, -1.1], "size": [0.1, 0.4, 0.1], "uv": [0, 68]},
					{"origin": [4.58716, 25.39619, -1.1], "size": [0.5, 0.1, 0.1], "uv": [0, 68]},
					{"origin": [4.68716, 26.09619, -1.1], "size": [0.1, 0.4, 0.1], "uv": [0, 68]},
					{"origin": [4.58716, 26.49619, -1.1], "size": [0.1, 0.1, 0.1], "uv": [0, 68]},
					{"origin": [5.08716, 25.99619, -1.1], "size": [0.1, 0.5, 0.1], "uv": [0, 68]},
					{"origin": [4.78716, 25.99619, -1.1], "size": [0.1, 0.1, 0.1], "uv": [0, 68]},
					{"origin": [4.48716, 25.49619, -1.1], "size": [0.1, 0.1, 0.1], "uv": [0, 68]},
					{"origin": [5.08716, 25.49619, -1.1], "size": [0.1, 0.1, 0.1], "uv": [0, 68]},
					{"origin": [4.98716, 26.49619, -1.1], "size": [0.1, 0.1, 0.1], "uv": [0, 68]},
					{"origin": [4.88716, 26.09619, -1.1], "size": [0.1, 0.4, 0.1], "uv": [0, 68]}
				]
			},
			{
				"name": "tuzi7",
				"parent": "bone8",
				"pivot": [4.7, 23.5, -0.5],
				"cubes": [
					{"origin": [4.48716, 28.99619, -1.1], "size": [0.1, 0.5, 0.1], "uv": [0, 68]},
					{"origin": [4.38716, 28.59619, -1.1], "size": [0.1, 0.4, 0.1], "uv": [0, 68]},
					{"origin": [5.18716, 28.59619, -1.1], "size": [0.1, 0.4, 0.1], "uv": [0, 68]},
					{"origin": [4.58716, 28.39619, -1.1], "size": [0.5, 0.1, 0.1], "uv": [0, 68]},
					{"origin": [4.68716, 29.09619, -1.1], "size": [0.1, 0.4, 0.1], "uv": [0, 68]},
					{"origin": [4.58716, 29.49619, -1.1], "size": [0.1, 0.1, 0.1], "uv": [0, 68]},
					{"origin": [5.08716, 28.99619, -1.1], "size": [0.1, 0.5, 0.1], "uv": [0, 68]},
					{"origin": [4.78716, 28.99619, -1.1], "size": [0.1, 0.1, 0.1], "uv": [0, 68]},
					{"origin": [4.48716, 28.49619, -1.1], "size": [0.1, 0.1, 0.1], "uv": [0, 68]},
					{"origin": [5.08716, 28.49619, -1.1], "size": [0.1, 0.1, 0.1], "uv": [0, 68]},
					{"origin": [4.98716, 29.49619, -1.1], "size": [0.1, 0.1, 0.1], "uv": [0, 68]},
					{"origin": [4.88716, 29.09619, -1.1], "size": [0.1, 0.4, 0.1], "uv": [0, 68]}
				]
			},
			{
				"name": "armRight",
				"pivot": [-3.25, 17, 0],
				"rotation": [0, 0, 25],
				"cubes": [
					{"origin": [-5.304, 9.79888, -1], "size": [2, 7.5, 2], "uv": [38, 19], "mirror": true}
				]
			},
			{
				"name": "bone61",
				"parent": "armRight",
				"pivot": [3.41446, 16.75816, 0],
				"cubes": [
					{"origin": [-5.61152, 12.05454, -1.25], "size": [2.5, 2, 4.25], "uv": [42, 52], "mirror": true},
					{"origin": [-5.36152, 14.05454, 1], "size": [2, 2, 1.25], "uv": [51, 58], "mirror": true}
				]
			},
			{
				"name": "armRightPositioningBone",
				"parent": "armRight",
				"pivot": [-4.24134, 10.58327, 0]
			},
			{
				"name": "armLeft",
				"pivot": [3.5, 17, 0],
				"rotation": [0, 0, -25],
				"cubes": [
					{"origin": [3.32742, 9.90454, -1], "size": [2, 7.5, 2], "uv": [38, 19]}
				]
			},
			{
				"name": "bone43",
				"parent": "armLeft",
				"pivot": [2.83554, 16.75816, 0],
				"cubes": [
					{"origin": [3.07742, 12.05454, -1.25], "size": [2.5, 2, 4.25], "uv": [42, 52]},
					{"origin": [3.32742, 14.05454, 1], "size": [2, 2, 1.25], "uv": [51, 58]}
				]
			},
			{
				"name": "armLeftPositioningBone",
				"parent": "armLeft",
				"pivot": [4.26476, 10.43893, 0]
			},
			{
				"name": "body",
				"pivot": [0, 10.5, 0],
				"cubes": [
					{"origin": [-3, 9.199, -2], "size": [6, 8.5, 4], "uv": [66, 2]},
					{"origin": [-3.25, 9.199, -2.25], "size": [6.5, 8.75, 4.5], "uv": [47, 25]},
					{"origin": [-1, 17.199, -1], "size": [2, 2.5, 2], "uv": [62, 14]},
					{"origin": [-3.5, 15.199, 2.25], "size": [7, 3.5, 2.5], "uv": [0, 54]},
					{"origin": [1, 12.699, 3.25], "size": [1, 2.5, 0.5], "uv": [0, 60]},
					{"origin": [-2, 12.699, 3.25], "size": [1, 2.5, 0.5], "uv": [0, 60]}
				]
			},
			{
				"name": "sittingRotationSkirt",
				"parent": "body",
				"pivot": [0, 10.25, 0]
			},
			{
				"name": "bone45",
				"parent": "sittingRotationSkirt",
				"pivot": [0, -0.25, 0]
			},
			{
				"name": "bone46",
				"parent": "bone45",
				"pivot": [0, -0.25, 4.97051],
				"rotation": [10, 0, 0],
				"cubes": [
					{"origin": [-3, 8.56628, 4.05935], "size": [6, 4, 0], "uv": [13, 36]}
				]
			},
			{
				"name": "bone47",
				"parent": "bone46",
				"pivot": [-3, -0.59218, 4.97051],
				"rotation": [0, 0, 9.85108],
				"cubes": [
					{"origin": [-5.1982, 8.5492, 4.15835], "size": [2, 4, 0], "uv": [13, 32]}
				]
			},
			{
				"name": "bone48",
				"parent": "bone46",
				"pivot": [3, -0.59218, 4.97051],
				"rotation": [0, 0, -9.85108],
				"cubes": [
					{"origin": [3.1982, 8.5492, 4.16035], "size": [2, 4, 0], "uv": [13, 32], "mirror": true}
				]
			},
			{
				"name": "bone49",
				"parent": "sittingRotationSkirt",
				"pivot": [0, -0.25, 0],
				"rotation": [0, -90, 0]
			},
			{
				"name": "bone50",
				"parent": "bone49",
				"pivot": [0, -0.25, 4.97051],
				"rotation": [10, 0, 0],
				"cubes": [
					{"origin": [-2, 8.39263, 5.04416], "size": [4, 4, 0], "uv": [13, 36]}
				]
			},
			{
				"name": "bone51",
				"parent": "bone50",
				"pivot": [-3, -0.59218, 4.97051],
				"rotation": [0, 0, 9.85108],
				"cubes": [
					{"origin": [-4.18323, 8.5492, 5.14316], "size": [2, 4, 0], "uv": [13, 32]}
				]
			},
			{
				"name": "bone52",
				"parent": "bone50",
				"pivot": [3, -0.59218, 4.97051],
				"rotation": [0, 0, -9.85108],
				"cubes": [
					{"origin": [2.18323, 8.5492, 5.14516], "size": [2, 4, 0], "uv": [13, 32], "mirror": true}
				]
			},
			{
				"name": "bone53",
				"parent": "sittingRotationSkirt",
				"pivot": [0, -0.25, 0],
				"rotation": [0, -180, 0]
			},
			{
				"name": "bone54",
				"parent": "bone53",
				"pivot": [0, -0.25, 4.97051],
				"rotation": [10, 0, 0],
				"cubes": [
					{"origin": [-3, 8.56628, 4.05935], "size": [6, 4, 0], "uv": [13, 36]}
				]
			},
			{
				"name": "bone55",
				"parent": "bone54",
				"pivot": [-3, -0.59218, 4.97051],
				"rotation": [0, 0, 9.85108],
				"cubes": [
					{"origin": [-5.1982, 8.5492, 4.15835], "size": [2, 4, 0], "uv": [13, 32]}
				]
			},
			{
				"name": "bone56",
				"parent": "bone54",
				"pivot": [3, -0.59218, 4.97051],
				"rotation": [0, 0, -9.85108],
				"cubes": [
					{"origin": [3.1982, 8.5492, 4.16035], "size": [2, 4, 0], "uv": [13, 32], "mirror": true}
				]
			},
			{
				"name": "bone57",
				"parent": "sittingRotationSkirt",
				"pivot": [0, -0.25, 0],
				"rotation": [0, -270, 0]
			},
			{
				"name": "bone58",
				"parent": "bone57",
				"pivot": [0, -0.25, 4.97051],
				"rotation": [10, 0, 0],
				"cubes": [
					{"origin": [-2, 8.39263, 5.04416], "size": [4, 4, 0], "uv": [13, 36]}
				]
			},
			{
				"name": "bone59",
				"parent": "bone58",
				"pivot": [-3, -0.59218, 4.97051],
				"rotation": [0, 0, 9.85108],
				"cubes": [
					{"origin": [-4.18323, 8.5492, 5.14316], "size": [2, 4, 0], "uv": [13, 32]}
				]
			},
			{
				"name": "bone60",
				"parent": "bone58",
				"pivot": [3, -0.59218, 4.97051],
				"rotation": [0, 0, -9.85108],
				"cubes": [
					{"origin": [2.18323, 8.5492, 5.14516], "size": [2, 4, 0], "uv": [13, 32], "mirror": true}
				]
			},
			{
				"name": "bone",
				"parent": "body",
				"pivot": [0, 16.25, 0]
			},
			{
				"name": "bone2",
				"parent": "bone",
				"pivot": [0, 5.75, 0]
			},
			{
				"name": "bone9",
				"parent": "bone2",
				"pivot": [0, 5.75, 2.97031],
				"rotation": [25, 0, 0],
				"cubes": [
					{"origin": [-1, 5.41445, 5.46735], "size": [2, 11, 0], "uv": [30, 30]}
				]
			},
			{
				"name": "bone10",
				"parent": "bone9",
				"pivot": [-2, 5.50814, 2.97031],
				"rotation": [0, 0, 13.99636],
				"cubes": [
					{"origin": [-3.1192, 5.38754, 5.56635], "size": [2, 11, 0], "uv": [30, 30]}
				]
			},
			{
				"name": "bone15",
				"parent": "bone9",
				"pivot": [2, 5.50814, 2.97031],
				"rotation": [0, 0, -13.99636],
				"cubes": [
					{"origin": [1.1192, 5.38754, 5.56835], "size": [2, 11, 0], "uv": [30, 30]}
				]
			},
			{
				"name": "bone16",
				"parent": "bone",
				"pivot": [0, 5.75, 0],
				"rotation": [0, -60, 0]
			},
			{
				"name": "bone17",
				"parent": "bone16",
				"pivot": [0, 5.75, 2.97031],
				"rotation": [25, 0, 0],
				"cubes": [
					{"origin": [-1, 5.41445, 5.46735], "size": [2, 11, 0], "uv": [30, 30]}
				]
			},
			{
				"name": "bone18",
				"parent": "bone17",
				"pivot": [-2, 5.50814, 2.97031],
				"rotation": [0, 0, 13.99636],
				"cubes": [
					{"origin": [-3.1192, 5.38754, 5.56635], "size": [2, 11, 0], "uv": [30, 30]}
				]
			},
			{
				"name": "bone19",
				"parent": "bone17",
				"pivot": [2, 5.50814, 2.97031],
				"rotation": [0, 0, -13.99636],
				"cubes": [
					{"origin": [1.1192, 5.38754, 5.56835], "size": [2, 11, 0], "uv": [30, 30]}
				]
			},
			{
				"name": "bone20",
				"parent": "bone",
				"pivot": [0, 5.75, 0],
				"rotation": [0, -120, 0]
			},
			{
				"name": "bone21",
				"parent": "bone20",
				"pivot": [0, 5.75, 2.97031],
				"rotation": [25, 0, 0],
				"cubes": [
					{"origin": [-1, 5.41445, 5.46735], "size": [2, 11, 0], "uv": [30, 30]}
				]
			},
			{
				"name": "bone22",
				"parent": "bone21",
				"pivot": [-2, 5.50814, 2.97031],
				"rotation": [0, 0, 13.99636],
				"cubes": [
					{"origin": [-3.1192, 5.38754, 5.56635], "size": [2, 11, 0], "uv": [28, 41]}
				]
			},
			{
				"name": "bone23",
				"parent": "bone21",
				"pivot": [2, 5.50814, 2.97031],
				"rotation": [0, 0, -13.99636],
				"cubes": [
					{"origin": [1.1192, 5.38754, 5.56835], "size": [2, 11, 0], "uv": [30, 30]}
				]
			},
			{
				"name": "bone24",
				"parent": "bone",
				"pivot": [0, 5.75, 0],
				"rotation": [0, -180, 0]
			},
			{
				"name": "bone25",
				"parent": "bone24",
				"pivot": [0, 5.75, 2.97031],
				"rotation": [25, 0, 0]
			},
			{
				"name": "bone26",
				"parent": "bone25",
				"pivot": [-2, 5.50814, 2.97031],
				"rotation": [0, 0, 13.99636],
				"cubes": [
					{"origin": [-3.1192, 5.38754, 5.56635], "size": [1, 8, 0], "uv": [27, 30]}
				]
			},
			{
				"name": "bone27",
				"parent": "bone25",
				"pivot": [2, 5.50814, 2.97031],
				"rotation": [0, 0, -13.99636],
				"cubes": [
					{"origin": [2.1192, 5.38754, 5.56835], "size": [1, 8, 0], "uv": [27, 30]}
				]
			},
			{
				"name": "bone28",
				"parent": "bone",
				"pivot": [0, 5.75, 0],
				"rotation": [0, -240, 0]
			},
			{
				"name": "bone29",
				"parent": "bone28",
				"pivot": [0, 5.75, 2.97031],
				"rotation": [25, 0, 0],
				"cubes": [
					{"origin": [-1, 5.41445, 5.46735], "size": [2, 11, 0], "uv": [30, 30]}
				]
			},
			{
				"name": "bone30",
				"parent": "bone29",
				"pivot": [-2, 5.50814, 2.97031],
				"rotation": [0, 0, 13.99636],
				"cubes": [
					{"origin": [-3.1192, 5.38754, 5.56635], "size": [2, 11, 0], "uv": [30, 30]}
				]
			},
			{
				"name": "bone31",
				"parent": "bone29",
				"pivot": [2, 5.50814, 2.97031],
				"rotation": [0, 0, -13.99636],
				"cubes": [
					{"origin": [1.1192, 5.38754, 5.56835], "size": [2, 11, 0], "uv": [28, 41], "mirror": true}
				]
			},
			{
				"name": "bone32",
				"parent": "bone",
				"pivot": [0, 5.75, 0],
				"rotation": [0, -300, 0]
			},
			{
				"name": "bone33",
				"parent": "bone32",
				"pivot": [0, 5.75, 2.97031],
				"rotation": [25, 0, 0],
				"cubes": [
					{"origin": [-1, 5.41445, 5.56735], "size": [2, 11, 0], "uv": [30, 30]}
				]
			},
			{
				"name": "bone34",
				"parent": "bone33",
				"pivot": [-2, 5.50814, 2.97031],
				"rotation": [0, 0, 13.99636],
				"cubes": [
					{"origin": [-3.1192, 5.38754, 5.56635], "size": [2, 11, 0], "uv": [30, 30]}
				]
			},
			{
				"name": "bone35",
				"parent": "bone33",
				"pivot": [2, 5.50814, 2.97031],
				"rotation": [0, 0, -13.99636],
				"cubes": [
					{"origin": [1.1192, 5.38754, 5.46835], "size": [2, 11, 0], "uv": [30, 30]}
				]
			},
			{
				"name": "bone36",
				"parent": "body",
				"pivot": [0, 10.5, 0]
			},
			{
				"name": "bone37",
				"parent": "bone36",
				"pivot": [0, 13.5, -2.5],
				"rotation": [0, 0, -32.5],
				"cubes": [
					{"origin": [-0.4627, 14.34339, -2.3], "size": [1, 4, 1], "uv": [44, 40]},
					{"origin": [-0.9627, 13.59339, -2.4], "size": [1, 4.75, 1], "uv": [38, 41]}
				]
			},
			{
				"name": "bone38",
				"parent": "bone36",
				"pivot": [0.75, 13, -2.5],
				"rotation": [0, 0, 32.5],
				"cubes": [
					{"origin": [-0.7873, 13.84339, -2.3], "size": [1, 4, 1], "uv": [43, 40]},
					{"origin": [-0.2873, 13.09339, -2.4], "size": [1, 4.75, 1], "uv": [38, 41]}
				]
			},
			{
				"name": "bone39",
				"parent": "body",
				"pivot": [0, 11.9125, -2.875],
				"rotation": [-20, 0, 0],
				"cubes": [
					{"origin": [-0.2, 12.43969, -3.34202], "size": [0.4, 0.5, 0.25], "uv": [1, 50]},
					{"origin": [-0.5, 13.33969, -3.34202], "size": [1, 0.2, 0.25], "uv": [1, 50]},
					{"origin": [-0.5, 11.93969, -3.34202], "size": [0.3, 1.4, 0.25], "uv": [1, 50]},
					{"origin": [0.2, 11.93969, -3.34202], "size": [0.3, 1.4, 0.25], "uv": [1, 50]}
				]
			},
			{
				"name": "bone40",
				"parent": "bone39",
				"pivot": [0, 8.5, 0.25],
				"cubes": [
					{"origin": [-0.1, 13.23969, -3.44202], "size": [0.2, 0.8, 0.45], "uv": [1, 50]}
				]
			},
			{
				"name": "legLeft",
				"pivot": [2, 9, 0],
				"cubes": [
					{"origin": [0.249, 2, -1.5], "size": [2.5, 7.5, 2.5], "uv": [26, 16]}
				]
			},
			{
				"name": "bone41",
				"parent": "legLeft",
				"pivot": [2, 9, 0],
				"cubes": [
					{"origin": [0.25, 1, -2], "size": [2.5, 1, 3], "uv": [25, 54]},
					{"origin": [0, 4.5, -1.75], "size": [3, 1, 3], "uv": [24, 62]},
					{"origin": [0.2, 2.5, -1.55], "size": [2.6, 1, 2.6], "uv": [39, 63]},
					{"origin": [0.25, 0, -2], "size": [2.5, 1, 1.75], "uv": [27, 59]},
					{"origin": [0.25, 0, 0], "size": [2.5, 1, 1], "uv": [27, 59]}
				]
			},
			{
				"name": "legRight",
				"pivot": [-2, 9, 0],
				"cubes": [
					{"origin": [-2.749, 2, -1.5], "size": [2.5, 7.5, 2.5], "uv": [18, 16]}
				]
			},
			{
				"name": "bone42",
				"parent": "legRight",
				"pivot": [-1, 9, 0],
				"cubes": [
					{"origin": [-2.75, 1, -2], "size": [2.5, 1, 3], "uv": [25, 54]},
					{"origin": [-3, 4.5, -1.75], "size": [3, 1, 3], "uv": [24, 62]},
					{"origin": [-2.8, 2.5, -1.55], "size": [2.6, 1, 2.6], "uv": [39, 63]},
					{"origin": [-2.75, 0, -2], "size": [2.5, 1, 1.75], "uv": [27, 59]},
					{"origin": [-2.75, 0, 0], "size": [2.5, 1, 1], "uv": [27, 59]}
				]
			},
			{
				"name": "backpackPositioningBone",
				"pivot": [0, 17.75, 0]
			}
		]
	}
}