{
	"format_version": "1.10.0",
	"geometry.model": {
		"texturewidth": 128,
		"textureheight": 128,
		"visible_bounds_width": 4,
		"visible_bounds_height": 5,
		"visible_bounds_offset": [0, 1.5, 0],
		"bones": [
			{
				"name": "head",
				"pivot": [0, 22.2, 0],
				"cubes": [
					{"origin": [-4, 22.15, -4], "size": [8, 8, 8], "uv": [0, 16]}
				]
			},
			{
				"name": "blink",
				"parent": "head",
				"pivot": [0, 20.2, 0],
				"cubes": [
					{"origin": [-4, 22.15, -4.1], "size": [8, 8, 0], "uv": [73, 83]}
				]
			},
			{
				"name": "eye",
				"parent": "head",
				"pivot": [0, 19.2, 0],
				"cubes": [
					{"origin": [1.1, 23.05, -4.05], "size": [1.15, 2, 0], "uv": [0, 93], "mirror": true},
					{"origin": [-2.3, 23.05, -4.05], "size": [1.15, 2, 0], "uv": [0, 93], "mirror": true}
				]
			},
			{
				"name": "hai",
				"parent": "head",
				"pivot": [0, 19.2, 0],
				"cubes": [
					{"origin": [-4.25, 21.9, -4.25], "size": [8.5, 8.5, 8.5], "uv": [0, 0]},
					{"origin": [-4.25, 18.9, -4.25], "size": [8.5, 3, 8.5], "uv": [0, 44], "mirror": true}
				]
			},
			{
				"name": "hair",
				"parent": "hai",
				"pivot": [0, 24.95, 1.7],
				"rotation": [12.5, 0, 0]
			},
			{
				"name": "bone",
				"parent": "hair",
				"pivot": [6.51795, 20.44288, 2.78501],
				"rotation": [166.28415, -59.44761, 161.16044],
				"cubes": [
					{"origin": [9.06295, 14.2142, -2.32352], "size": [0, 17.5, 6], "uv": [2, 92]},
					{"origin": [5.28509, 17.47364, 0.09713], "size": [3.5, 12.5, 3], "uv": [43, 93]}
				]
			},
			{
				"name": "bone2",
				"parent": "bone",
				"pivot": [6.51795, 20.44288, 2.78501],
				"rotation": [52.26198, -5.94383, 4.58217],
				"cubes": [
					{"origin": [5.46672, 15.16079, -1.32399], "size": [2, 5.5, 3], "uv": [33, 93]}
				]
			},
			{
				"name": "bone3",
				"parent": "bone2",
				"pivot": [7.27855, 15.06546, -1.40255],
				"rotation": [-77.63156, -10.71474, 29.48479],
				"cubes": [
					{"origin": [6.45083, 13.16817, -2.33386], "size": [0, 5, 3], "uv": [33, 104], "mirror": true}
				]
			},
			{
				"name": "bone28",
				"parent": "hair",
				"pivot": [-6.51795, 20.44288, 2.78501],
				"rotation": [166.28415, 59.44761, -161.16044],
				"cubes": [
					{"origin": [-9.06295, 14.2142, -2.32352], "size": [0, 17.5, 6], "uv": [2, 92], "mirror": true},
					{"origin": [-8.78509, 17.47364, 0.09713], "size": [3.5, 12.5, 3], "uv": [43, 93], "mirror": true}
				]
			},
			{
				"name": "bone29",
				"parent": "bone28",
				"pivot": [-6.51795, 20.44288, 2.78501],
				"rotation": [52.26198, 5.94383, -4.58217],
				"cubes": [
					{"origin": [-7.46672, 15.16079, -1.32399], "size": [2, 5.5, 3], "uv": [33, 93], "mirror": true}
				]
			},
			{
				"name": "bone30",
				"parent": "bone29",
				"pivot": [-7.27855, 15.06546, -1.40255],
				"rotation": [-77.63156, 10.71474, -29.48479],
				"cubes": [
					{"origin": [-6.45083, 13.16817, -2.33386], "size": [0, 5, 3], "uv": [33, 104], "mirror": true}
				]
			},
			{
				"name": "bone140",
				"parent": "hai",
				"pivot": [0, 19.2, 0.25],
				"cubes": [
					{"origin": [-3.1, 25.1, -4.05], "size": [2.1, 0.75, 0], "uv": [5, 90], "mirror": true},
					{"origin": [1, 25.1, -4.05], "size": [2.1, 0.75, 0], "uv": [5, 90], "mirror": true}
				]
			},
			{
				"name": "bone141",
				"parent": "bone140",
				"pivot": [3, 24.2, -5.75],
				"cubes": [
					{"origin": [1, 24.55, -4.06], "size": [0.5, 0.3, 0.3], "uv": [27, 39]}
				]
			},
			{
				"name": "bone142",
				"parent": "bone140",
				"pivot": [-0.4, 24.2, -5.75],
				"cubes": [
					{"origin": [-2.4, 24.55, -4.06], "size": [0.5, 0.3, 0.3], "uv": [27, 39]}
				]
			},
			{
				"name": "ear",
				"parent": "head",
				"pivot": [0, 29.95, 0]
			},
			{
				"name": "earRightShake",
				"parent": "ear",
				"pivot": [0, 0.75, 0]
			},
			{
				"name": "bone27",
				"parent": "earRightShake",
				"pivot": [2.75, 30.7, 0],
				"rotation": [2.38891, -25.00454, 10.24035]
			},
			{
				"name": "bone31",
				"parent": "bone27",
				"pivot": [1.75, 30, 0],
				"rotation": [0, 0, 22.5],
				"cubes": [
					{"origin": [0.61902, 29.21096, -0.97098], "size": [1, 8, 1.25], "uv": [23, 63]}
				]
			},
			{
				"name": "bone35",
				"parent": "bone31",
				"pivot": [1.94239, 30.03827, 1.7],
				"rotation": [10, 0, 0],
				"cubes": [
					{"origin": [0.71902, 29.45742, 0.2969], "size": [1, 7.9, 1.2], "uv": [23, 63]}
				]
			},
			{
				"name": "bone36",
				"parent": "bone35",
				"pivot": [3.35, 32.20471, 0.93168],
				"rotation": [-5.019, 4.98093, -0.43688],
				"cubes": [
					{"origin": [0.9654, 29.46234, 0.66738], "size": [4, 4.9, 1], "uv": [22, 73]}
				]
			},
			{
				"name": "bone40",
				"parent": "bone36",
				"pivot": [2.82351, 35.04544, 1.1754],
				"rotation": [0, 0, 35],
				"cubes": [
					{"origin": [1.44324, 33.6701, 0.56738], "size": [3.5, 2, 1], "uv": [33, 74]}
				]
			},
			{
				"name": "bone32",
				"parent": "bone27",
				"pivot": [4.25, 35, -0.5],
				"rotation": [0, 0, -22],
				"cubes": [
					{"origin": [4.08652, 31.24641, -0.97098], "size": [1, 5.25, 1], "uv": [23, 64]}
				]
			},
			{
				"name": "bone33",
				"parent": "bone32",
				"pivot": [3.65303, 30.73678, -0.5],
				"rotation": [0, 0, 37.5],
				"cubes": [
					{"origin": [3.48006, 29.26375, -0.97098], "size": [1, 2.75, 1], "uv": [28, 68]}
				]
			},
			{
				"name": "bone34",
				"parent": "bone33",
				"pivot": [3.65303, 31.73678, -0.5],
				"rotation": [0, 0, 42.5],
				"cubes": [
					{"origin": [4.93353, 27.7222, -0.97098], "size": [1, 2.75, 1], "uv": [21, 69]}
				]
			},
			{
				"name": "bone37",
				"parent": "bone32",
				"pivot": [3.65303, 30.73678, 0.5],
				"rotation": [0, -20, 37.5],
				"cubes": [
					{"origin": [2.55404, 30.00545, 0.03482], "size": [1, 3, 1], "uv": [23, 63]}
				]
			},
			{
				"name": "bone38",
				"parent": "bone37",
				"pivot": [2.7188, 29.10993, 1.30965],
				"rotation": [18.29388, -16.66577, 37.08385],
				"cubes": [
					{"origin": [1.49517, 27.67028, 0.36476], "size": [1, 3, 1], "uv": [23, 63]}
				]
			},
			{
				"name": "bone39",
				"parent": "bone32",
				"pivot": [4.25, 35, 0.5],
				"rotation": [0, -37.5, 0],
				"cubes": [
					{"origin": [3.62695, 32.49641, -0.38289], "size": [1, 4, 1], "uv": [22, 65]}
				]
			},
			{
				"name": "bone41",
				"parent": "bone27",
				"pivot": [2.75, 30.7, -1],
				"cubes": [
					{"origin": [1.50165, 29.92316, -0.82699], "size": [4.5, 6, 0], "uv": [15, 63], "inflate": 0.1},
					{"origin": [1.50165, 29.82316, -0.57699], "size": [4.5, 6, 0], "uv": [12, 70]}
				]
			},
			{
				"name": "bone42",
				"parent": "ear",
				"pivot": [5.25, 30.95, -0.75],
				"rotation": [-13.83747, -20.27325, 51.89084]
			},
			{
				"name": "bone43",
				"parent": "bone42",
				"pivot": [5.25, 30.95, -0.75],
				"cubes": [
					{"origin": [2.42075, 27.4379, -1.63176], "size": [5, 5, 2.4], "uv": [59, 70], "inflate": -1}
				]
			},
			{
				"name": "bone44",
				"parent": "bone42",
				"pivot": [5.25, 30.95, -0.75],
				"cubes": [
					{"origin": [3.42075, 28.4379, -0.23176], "size": [3, 3, 0.5], "uv": [49, 70]}
				]
			},
			{
				"name": "bone82",
				"parent": "bone42",
				"pivot": [12.6473, 27.80799, -0.34312],
				"rotation": [7.95511, 21.37394, -39.95874],
				"cubes": [
					{"origin": [6.57949, 22.1435, -1.78509], "size": [12, 12, 2], "uv": [92, 64], "inflate": -1}
				]
			},
			{
				"name": "bone83",
				"parent": "bone42",
				"pivot": [4.41791, 19.34375, 2.69142],
				"rotation": [-7.94605, 33.09521, -60.24387],
				"cubes": [
					{"origin": [-1.55399, 13.59143, 1.71063], "size": [12, 12, 2], "uv": [92, 81], "inflate": -1, "mirror": true}
				]
			},
			{
				"name": "bone84",
				"parent": "ear",
				"pivot": [-1.25, 29.95, 0],
				"rotation": [0, 5, -22.5]
			},
			{
				"name": "bone85",
				"parent": "bone84",
				"pivot": [-1.5, 30.2, -0.75],
				"rotation": [0, 7.5, 0],
				"cubes": [
					{"origin": [-6.76917, 27.12069, -2.75554], "size": [8, 12, 2], "uv": [61, 97], "inflate": -1}
				]
			},
			{
				"name": "bone86",
				"parent": "bone85",
				"pivot": [-1.5, 30.2, -0.75],
				"rotation": [0, 0, -7.5],
				"cubes": [
					{"origin": [-1.37725, 29.4168, -1.7293], "size": [1, 8, 1], "uv": [54, 119]},
					{"origin": [-1.37725, 29.4168, -0.7293], "size": [1, 5, 1], "uv": [81, 119]},
					{"origin": [-1.37725, 29.4168, 0.2707], "size": [1, 2.8, 1], "uv": [44, 124]}
				]
			},
			{
				"name": "bone87",
				"parent": "bone85",
				"pivot": [-2.5, 30.2, -0.75],
				"cubes": [
					{"origin": [-3.32883, 36.50161, -1.7293], "size": [2, 1.1, 1], "uv": [47, 126]}
				]
			},
			{
				"name": "bone91",
				"parent": "bone87",
				"pivot": [-2.5, 36.7, -0.25],
				"rotation": [-70, 0, 0],
				"cubes": [
					{"origin": [-3.32883, 35.63101, -1.56119], "size": [2, 1, 9], "uv": [58, 118]},
					{"origin": [-4.32883, 34.63101, 0.43881], "size": [1, 2, 6], "uv": [86, 120]}
				]
			},
			{
				"name": "bone88",
				"parent": "bone85",
				"pivot": [-3.60165, 35.09196, -1.25],
				"rotation": [0, 0, 30],
				"cubes": [
					{"origin": [-4.62021, 34.40179, -1.7293], "size": [1, 3, 1], "uv": [38, 124]}
				]
			},
			{
				"name": "r",
				"parent": "bone88",
				"pivot": [-2.60165, 33.35991, -1.25],
				"rotation": [0, 0, -27.5],
				"cubes": [
					{"origin": [-3.91105, 29.21613, -1.7293], "size": [1, 6, 1], "uv": [42, 121]},
					{"origin": [-3.91105, 29.21613, -0.7293], "size": [1, 6, 1], "uv": [48, 119]}
				]
			},
			{
				"name": "bone89",
				"parent": "bone88",
				"pivot": [-3.60165, 35.09196, -1.25],
				"rotation": [0, 17.5, 0]
			},
			{
				"name": "armLeft",
				"pivot": [3.5, 20, 0],
				"rotation": [0, 0, -25],
				"cubes": [
					{"origin": [3.1678, 11.18993, -0.75], "size": [2.25, 9, 2.25], "uv": [24, 34], "mirror": true},
					{"origin": [2.6678, 12.18993, -1.25], "size": [3.75, 3, 3.25], "uv": [51, 76], "mirror": true},
					{"origin": [2.9178, 15.18993, -1.25], "size": [2.65, 5.25, 3.25], "uv": [44, 79], "mirror": true}
				]
			},
			{
				"name": "bone128",
				"parent": "armLeft",
				"pivot": [3.92262, 20.90631, 0],
				"rotation": [0, 0, -7.5],
				"cubes": [
					{"origin": [2.80032, 14.91315, -1], "size": [2.75, 6.25, 2.75], "uv": [21, 94], "mirror": true},
					{"origin": [4.65032, 14.81315, -0.4], "size": [1, 6.5, 1.5], "uv": [54, 82], "mirror": true},
					{"origin": [4.69648, 15.1742, -0.1], "size": [1, 6, 1], "uv": [62, 81], "mirror": true}
				]
			},
			{
				"name": "bone129",
				"parent": "bone128",
				"pivot": [3.92262, 20.90631, 0],
				"cubes": [
					{"origin": [4.94648, 13.9242, -0.15], "size": [1, 1, 1], "uv": [50, 76], "mirror": true}
				]
			},
			{
				"name": "bone130",
				"parent": "bone129",
				"pivot": [5.66215, 14.01335, 1.775],
				"rotation": [-11.00966, 24.59477, -4.62934],
				"cubes": [
					{"origin": [5.29937, 13.721, 0.92359], "size": [1, 1, 1.75], "uv": [65, 81], "mirror": true}
				]
			},
			{
				"name": "bone131",
				"parent": "bone130",
				"pivot": [5.66215, 14.01335, 1.775],
				"rotation": [30, 0, 0],
				"cubes": [
					{"origin": [5.29937, 14.1769, 1.15702], "size": [1, 1, 1.75], "uv": [65, 81], "mirror": true}
				]
			},
			{
				"name": "bone132",
				"parent": "bone129",
				"pivot": [5.66215, 14.01335, -1.025],
				"rotation": [11.00966, -24.59477, -4.62934],
				"cubes": [
					{"origin": [5.29937, 13.721, -1.92359], "size": [1, 1, 1.75], "uv": [64, 78], "mirror": true}
				]
			},
			{
				"name": "bone133",
				"parent": "bone132",
				"pivot": [5.66215, 14.01335, -1.025],
				"rotation": [-30, 0, 0],
				"cubes": [
					{"origin": [5.29937, 14.1769, -2.15702], "size": [1, 1, 1.75], "uv": [64, 78], "mirror": true}
				]
			},
			{
				"name": "armRight",
				"pivot": [-3.5, 20, 0],
				"rotation": [0, 0, 25],
				"cubes": [
					{"origin": [-5.4178, 11.18993, -0.75], "size": [2.25, 9, 2.25], "uv": [24, 34]},
					{"origin": [-6.4178, 12.18993, -1.25], "size": [3.75, 3, 3.25], "uv": [51, 76]},
					{"origin": [-5.5678, 15.18993, -1.25], "size": [2.65, 5.25, 3.25], "uv": [44, 79]}
				]
			},
			{
				"name": "bone134",
				"parent": "armRight",
				"pivot": [-3.92262, 20.90631, 0],
				"rotation": [0, 0, 7.5],
				"cubes": [
					{"origin": [-5.55032, 14.91315, -1], "size": [2.75, 6.25, 2.75], "uv": [21, 94]},
					{"origin": [-5.65032, 14.81315, -0.4], "size": [1, 6.5, 1.5], "uv": [54, 82]},
					{"origin": [-5.69648, 15.1742, -0.1], "size": [1, 6, 1], "uv": [62, 81]}
				]
			},
			{
				"name": "bone135",
				"parent": "bone134",
				"pivot": [-3.92262, 20.90631, 0],
				"cubes": [
					{"origin": [-5.94648, 13.9242, -0.15], "size": [1, 1, 1], "uv": [50, 76]}
				]
			},
			{
				"name": "bone136",
				"parent": "bone135",
				"pivot": [-5.66215, 14.01335, 1.775],
				"rotation": [-11.00966, -24.59477, 4.62934],
				"cubes": [
					{"origin": [-6.29937, 13.721, 0.92359], "size": [1, 1, 1.75], "uv": [65, 81]}
				]
			},
			{
				"name": "bone137",
				"parent": "bone136",
				"pivot": [-5.66215, 14.01335, 1.775],
				"rotation": [30, 0, 0],
				"cubes": [
					{"origin": [-6.29937, 14.1769, 1.15702], "size": [1, 1, 1.75], "uv": [65, 81]}
				]
			},
			{
				"name": "bone138",
				"parent": "bone135",
				"pivot": [-5.66215, 14.01335, -1.025],
				"rotation": [11.00966, 24.59477, 4.62934],
				"cubes": [
					{"origin": [-6.29937, 13.721, -1.92359], "size": [1, 1, 1.75], "uv": [64, 78]}
				]
			},
			{
				"name": "bone139",
				"parent": "bone138",
				"pivot": [-5.66215, 14.01335, -1.025],
				"rotation": [-30, 0, 0],
				"cubes": [
					{"origin": [-6.29937, 14.1769, -2.15702], "size": [1, 1, 1.75], "uv": [64, 78]}
				]
			},
			{
				"name": "body",
				"pivot": [0, 20.75, 0],
				"cubes": [
					{"origin": [-3.25, 11.949, -1.75], "size": [6.5, 9.5, 4], "uv": [28, 12]},
					{"origin": [-3.25, 11.849, -1.75], "size": [6.5, 9.5, 4], "uv": [48, 12], "inflate": 0.4},
					{"origin": [-1.5, 21.449, -1], "size": [3, 2, 2.5], "uv": [14, 34]}
				]
			},
			{
				"name": "sittingRotationSkirt",
				"parent": "body",
				"pivot": [0, 13.75, 0]
			},
			{
				"name": "bone4",
				"parent": "sittingRotationSkirt",
				"pivot": [0, 5.75, 0.25]
			},
			{
				"name": "bone5",
				"parent": "bone4",
				"pivot": [0, 5.75, 0.25]
			},
			{
				"name": "bone6",
				"parent": "bone5",
				"pivot": [0, 5.75, 6.14214],
				"rotation": [16, 0, 0],
				"cubes": [
					{"origin": [-3, 10.44975, 5.02361], "size": [6, 5.5, 0], "uv": [26, 46]},
					{"origin": [-3, 13.44975, 5.27361], "size": [6, 2.5, 0], "uv": [26, 56]}
				]
			},
			{
				"name": "bone7",
				"parent": "bone6",
				"pivot": [-3, 4.95282, 6.14214],
				"rotation": [0, 0, 15.4102],
				"cubes": [
					{"origin": [-6.2266, 10.2749, 4.98126], "size": [2, 5.5, 0], "uv": [45, 38]}
				]
			},
			{
				"name": "bone8",
				"parent": "bone6",
				"pivot": [3, 4.95282, 6.14214],
				"rotation": [0, 0, -15.4102],
				"cubes": [
					{"origin": [4.2266, 10.2749, 4.98326], "size": [2, 5.5, 0], "uv": [45, 38], "mirror": true}
				]
			},
			{
				"name": "bone9",
				"parent": "bone4",
				"pivot": [0, 5.75, 0.25],
				"rotation": [0, -90, 0]
			},
			{
				"name": "bone10",
				"parent": "bone9",
				"pivot": [0, 5.75, 6.14214],
				"rotation": [16, 0, 0]
			},
			{
				"name": "bone11",
				"parent": "bone9",
				"pivot": [0, 5.75, 6.14214],
				"rotation": [16, 0, 0],
				"cubes": [
					{"origin": [-2, 10.1462, 6.195], "size": [4, 5.5, 0], "uv": [28, 51]}
				]
			},
			{
				"name": "bone12",
				"parent": "bone11",
				"pivot": [-3, 4.95282, 6.14214],
				"rotation": [0, 0, 15.4102],
				"cubes": [
					{"origin": [-4.84859, 10.29146, 6.25105], "size": [2, 5, 0], "uv": [41, 33]}
				]
			},
			{
				"name": "bone21",
				"parent": "bone11",
				"pivot": [3, 4.95282, 6.14214],
				"rotation": [0, 0, -15.4102],
				"cubes": [
					{"origin": [2.80039, 10.30474, 6.25305], "size": [2, 5, 0], "uv": [41, 38], "mirror": true}
				]
			},
			{
				"name": "bone13",
				"parent": "bone4",
				"pivot": [0, 5.75, 0.25],
				"rotation": [0, -180, 0]
			},
			{
				"name": "bone14",
				"parent": "bone13",
				"pivot": [0, 5.75, 6.14214],
				"rotation": [16, 0, 0],
				"cubes": [
					{"origin": [-3, 10.38791, 5.05789], "size": [6, 5.5, 0], "uv": [26, 46]}
				]
			},
			{
				"name": "bone15",
				"parent": "bone14",
				"pivot": [-3, 4.95282, 6.14214],
				"rotation": [0, 0, 15.4102],
				"cubes": [
					{"origin": [-6.3653, 10.27812, 4.97489], "size": [2, 6, 0], "uv": [45, 37]},
					{"origin": [-8.71339, 7.18783, 3.07172], "size": [8, 8, 4], "uv": [101, 47], "inflate": -2}
				]
			},
			{
				"name": "bone90",
				"parent": "bone15",
				"pivot": [-4.36257, 11.88972, 6.72376],
				"rotation": [0, 0, -45],
				"cubes": [
					{"origin": [-5.82662, 11.32536, 5.0744], "size": [0.7, 0.7, 0.1], "uv": [103, 47]}
				]
			},
			{
				"name": "bone16",
				"parent": "bone14",
				"pivot": [3, 4.95282, 6.14214],
				"rotation": [0, 0, -15.4102],
				"cubes": [
					{"origin": [4.3653, 10.27812, 4.97689], "size": [2, 6, 0], "uv": [45, 37], "mirror": true},
					{"origin": [1.1396, 7.25775, 3.09222], "size": [8, 8, 4], "uv": [101, 47], "inflate": -2}
				]
			},
			{
				"name": "bone92",
				"parent": "bone16",
				"pivot": [-4.36257, 11.88972, 6.72376],
				"rotation": [0, 0, -45],
				"cubes": [
					{"origin": [1.25776, 4.36055, 5.05], "size": [0.7, 0.7, 0.1], "uv": [103, 47]}
				]
			},
			{
				"name": "bone17",
				"parent": "bone4",
				"pivot": [0, 5.75, 0.25],
				"rotation": [0, -270, 0]
			},
			{
				"name": "bone18",
				"parent": "bone17",
				"pivot": [0, 5.75, 6.14214],
				"rotation": [16, 0, 0],
				"cubes": [
					{"origin": [-2, 10.1462, 6.195], "size": [4, 5.5, 0], "uv": [28, 51]}
				]
			},
			{
				"name": "bone19",
				"parent": "bone18",
				"pivot": [-3, 4.95282, 6.14214],
				"rotation": [0, 0, 15.4102],
				"cubes": [
					{"origin": [-4.84859, 10.29146, 6.25105], "size": [2, 5, 0], "uv": [41, 33]}
				]
			},
			{
				"name": "bone20",
				"parent": "bone18",
				"pivot": [3, 4.95282, 6.14214],
				"rotation": [0, 0, -15.4102],
				"cubes": [
					{"origin": [2.80039, 10.30474, 6.25305], "size": [2, 5, 0], "uv": [41, 38], "mirror": true}
				]
			},
			{
				"name": "bone22",
				"parent": "body",
				"pivot": [0, 10.75, 0],
				"cubes": [
					{"origin": [-0.5, 16.4, -1.9], "size": [1, 3, 1], "uv": [0, 0]},
					{"origin": [-0.75, 16.15, -1.85], "size": [1.5, 3.25, 1], "uv": [71, 33]}
				]
			},
			{
				"name": "bone23",
				"parent": "bone22",
				"pivot": [0, 10.75, 0]
			},
			{
				"name": "bone24",
				"parent": "bone23",
				"pivot": [0, 10.75, 0],
				"cubes": [
					{"origin": [-1.5, 17, -2.91], "size": [3, 3, 2], "uv": [75, 32], "inflate": -1},
					{"origin": [-1.7, 20.15, -2.4], "size": [3.5, 2, 1], "uv": [47, 50], "inflate": -0.5},
					{"origin": [-1.5, 19.25, -2.4], "size": [3, 3, 1], "uv": [47, 55], "inflate": -0.45}
				]
			},
			{
				"name": "bone25",
				"parent": "bone24",
				"pivot": [0, 19.65, -1.81],
				"rotation": [0, 0, 45],
				"cubes": [
					{"origin": [-1.67677, 18.32677, -2.81], "size": [3, 3, 2], "uv": [75, 38], "inflate": -1}
				]
			},
			{
				"name": "tail",
				"parent": "body",
				"pivot": [-1, 14.75, 3],
				"rotation": [5, 0, 0]
			},
			{
				"name": "bone26",
				"parent": "tail",
				"pivot": [-1, 16.75, 3],
				"cubes": [
					{"origin": [-2, 10.99905, 2.02178], "size": [4, 5, 2], "uv": [87, 14]}
				]
			},
			{
				"name": "bone47",
				"parent": "bone26",
				"pivot": [-1, 16.25, 2.5],
				"rotation": [5, 0, 0],
				"cubes": [
					{"origin": [-5, 8.4962, 3.54341], "size": [10, 10, 11], "uv": [77, 1]}
				]
			},
			{
				"name": "bone45",
				"parent": "bone47",
				"pivot": [0, 13.25, 13.5],
				"rotation": [12.5, 0, 0],
				"cubes": [
					{"origin": [-4, 10.77478, 14.15275], "size": [8, 6, 5], "uv": [88, 22]}
				]
			},
			{
				"name": "bone46",
				"parent": "bone45",
				"pivot": [-1, 14.25, 16.5],
				"rotation": [5, 0, 0],
				"cubes": [
					{"origin": [0, 11.95513, 18.83266], "size": [0, 4, 5], "uv": [96, 34]}
				]
			},
			{
				"name": "bow",
				"parent": "bone47",
				"pivot": [0, 20.45804, 9.91295],
				"rotation": [5, 0, 0],
				"cubes": [
					{"origin": [-0.75, 19.24211, 8.40413], "size": [1.5, 1.5, 2.5], "uv": [81, 99]}
				]
			},
			{
				"name": "bone155",
				"parent": "bow",
				"pivot": [1, 15.75, 3]
			},
			{
				"name": "bone156",
				"parent": "bone155",
				"pivot": [4, 21.20804, 7.66295],
				"rotation": [-3.45118, 9.39129, -20.28356],
				"cubes": [
					{"origin": [0.86611, 19.75286, 5.99356], "size": [6, 2, 3], "uv": [79, 92]}
				]
			},
			{
				"name": "bone157",
				"parent": "bone155",
				"pivot": [4, 14.5, 4.25],
				"rotation": [0, 0, -27.5],
				"cubes": [
					{"origin": [3.55399, 19.35125, 8.65413], "size": [5, 2, 2], "uv": [85, 97]},
					{"origin": [3.55399, 19.35125, 9.15413], "size": [5, 2, 1], "uv": [86, 101], "inflate": 0.1},
					{"origin": [5.17949, 21.1435, 8.21491], "size": [3, 1.2, 3], "uv": [96, 73], "inflate": -0.6}
				]
			},
			{
				"name": "bone158",
				"parent": "bone155",
				"pivot": [4, 21.20804, 11.83705],
				"rotation": [3.45118, -9.39129, -20.28356],
				"cubes": [
					{"origin": [0.80998, 19.77329, 10.16767], "size": [6, 2, 3], "uv": [79, 92]}
				]
			},
			{
				"name": "bone159",
				"parent": "bow",
				"pivot": [-1, 15.75, 3]
			},
			{
				"name": "bone160",
				"parent": "bone159",
				"pivot": [-4, 21.20804, 7.66295],
				"rotation": [-3.45118, -9.39129, 20.28356],
				"cubes": [
					{"origin": [-6.86611, 19.75286, 5.99356], "size": [6, 2, 3], "uv": [79, 92], "mirror": true}
				]
			},
			{
				"name": "bone161",
				"parent": "bone159",
				"pivot": [-4, 14.5, 4.25],
				"rotation": [0, 0, 27.5],
				"cubes": [
					{"origin": [-8.55399, 19.35125, 8.65413], "size": [5, 2, 2], "uv": [85, 97], "mirror": true},
					{"origin": [-8.55399, 19.35125, 9.15413], "size": [5, 2, 1], "uv": [86, 101], "inflate": 0.1, "mirror": true}
				]
			},
			{
				"name": "bone162",
				"parent": "bone159",
				"pivot": [-4, 21.20804, 11.83705],
				"rotation": [3.45118, 9.39129, 20.28356],
				"cubes": [
					{"origin": [-6.80998, 19.77329, 10.16767], "size": [6, 2, 3], "uv": [79, 92], "mirror": true}
				]
			},
			{
				"name": "bone48",
				"parent": "bone26",
				"pivot": [-1, 15.45, 1.2],
				"rotation": [100, 0, 0]
			},
			{
				"name": "bone49",
				"parent": "bone48",
				"pivot": [0, -1.3, -1.8]
			},
			{
				"name": "bone50",
				"parent": "bone49",
				"pivot": [0, -1.3, 5.15813],
				"rotation": [12, 0, 0],
				"cubes": [
					{"origin": [-5, 4.17938, 5.48088], "size": [10, 3, 0], "uv": [68, 52]}
				]
			},
			{
				"name": "bone51",
				"parent": "bone50",
				"pivot": [-5, -1.70712, 5.15813],
				"rotation": [0, 0, 11.74513],
				"cubes": [
					{"origin": [-6.97689, 4.18176, 5.37988], "size": [2, 3, 0], "uv": [62, 49]}
				]
			},
			{
				"name": "bone52",
				"parent": "bone50",
				"pivot": [5, -1.70712, 5.15813],
				"rotation": [0, 0, -11.74513],
				"cubes": [
					{"origin": [4.97689, 4.18176, 5.38188], "size": [2, 3, 0], "uv": [62, 49]}
				]
			},
			{
				"name": "bone53",
				"parent": "bone48",
				"pivot": [0, -1.3, -1.8],
				"rotation": [0, -90, 0]
			},
			{
				"name": "bone54",
				"parent": "bone53",
				"pivot": [0, -1.3, 5.15813],
				"rotation": [12, 0, 0],
				"cubes": [
					{"origin": [-4.75852, 4.22959, 5.24468], "size": [10, 3, 0], "uv": [68, 52]}
				]
			},
			{
				"name": "bone55",
				"parent": "bone54",
				"pivot": [-5, -1.70712, 5.15813],
				"rotation": [0, 0, 11.74513],
				"cubes": [
					{"origin": [-6.7507, 4.28007, 5.14368], "size": [2, 3, 0], "uv": [62, 49]}
				]
			},
			{
				"name": "bone56",
				"parent": "bone54",
				"pivot": [5, -1.70712, 5.15813],
				"rotation": [0, 0, -11.74513],
				"cubes": [
					{"origin": [5.22354, 4.18176, 5.14568], "size": [2, 3, 0], "uv": [62, 49]}
				]
			},
			{
				"name": "bone57",
				"parent": "bone48",
				"pivot": [0, -1.3, -1.8],
				"rotation": [0, -180, 0]
			},
			{
				"name": "bone58",
				"parent": "bone57",
				"pivot": [0, -1.3, 5.15813],
				"rotation": [12, 0, 0],
				"cubes": [
					{"origin": [-5, 4.2798, 5.00847], "size": [10, 3, 0], "uv": [68, 52]}
				]
			},
			{
				"name": "bone59",
				"parent": "bone58",
				"pivot": [-5, -1.70712, 5.15813],
				"rotation": [0, 0, 11.74513],
				"cubes": [
					{"origin": [-6.99733, 4.28007, 4.90747], "size": [2, 3, 0], "uv": [62, 49]}
				]
			},
			{
				"name": "bone60",
				"parent": "bone58",
				"pivot": [5, -1.70712, 5.15813],
				"rotation": [0, 0, -11.74513],
				"cubes": [
					{"origin": [4.99733, 4.28007, 4.90947], "size": [2, 3, 0], "uv": [62, 49]}
				]
			},
			{
				"name": "bone61",
				"parent": "bone48",
				"pivot": [0, -1.3, -1.8],
				"rotation": [0, -270, 0]
			},
			{
				"name": "bone62",
				"parent": "bone61",
				"pivot": [0, -1.3, 5.15813],
				"rotation": [12, 0, 0],
				"cubes": [
					{"origin": [-5.24148, 4.22959, 5.24468], "size": [10, 3, 0], "uv": [68, 52]},
					{"origin": [-1.57051, 4.9935, 4.96491], "size": [3, 3.1, 1.2], "uv": [98, 72], "inflate": -0.6}
				]
			},
			{
				"name": "bone63",
				"parent": "bone62",
				"pivot": [-5, -1.70712, 5.15813],
				"rotation": [0, 0, 11.74513],
				"cubes": [
					{"origin": [-7.22354, 4.18176, 5.14368], "size": [2, 3, 0], "uv": [62, 49]}
				]
			},
			{
				"name": "bone64",
				"parent": "bone62",
				"pivot": [5, -1.70712, 5.15813],
				"rotation": [0, 0, -11.74513],
				"cubes": [
					{"origin": [4.7507, 4.28007, 5.14568], "size": [2, 3, 0], "uv": [62, 49]}
				]
			},
			{
				"name": "bone65",
				"parent": "bone26",
				"pivot": [-1, 18.5, 18.6],
				"rotation": [-80, 0, 0]
			},
			{
				"name": "bone66",
				"parent": "bone65",
				"pivot": [0, 1.75, 21.6]
			},
			{
				"name": "bone67",
				"parent": "bone66",
				"pivot": [0, 1.75, 14.64187],
				"rotation": [-12, 0, 0],
				"cubes": [
					{"origin": [-5, 7.35596, 14.29221], "size": [10, 3, 0], "uv": [68, 52]}
				]
			},
			{
				"name": "bone68",
				"parent": "bone67",
				"pivot": [-5, 1.34288, 14.64187],
				"rotation": [0, 0, 11.74513],
				"cubes": [
					{"origin": [-7.00267, 7.35569, 14.39321], "size": [2, 3, 0], "uv": [62, 49]}
				]
			},
			{
				"name": "bone69",
				"parent": "bone67",
				"pivot": [5, 1.34288, 14.64187],
				"rotation": [0, 0, -11.74513],
				"cubes": [
					{"origin": [5.00267, 7.35569, 14.39121], "size": [2, 3, 0], "uv": [62, 49]}
				]
			},
			{
				"name": "bone70",
				"parent": "bone65",
				"pivot": [0, 1.75, 21.6],
				"rotation": [0, 90, 0]
			},
			{
				"name": "bone71",
				"parent": "bone70",
				"pivot": [0, 1.75, 14.64187],
				"rotation": [-12, 0, 0],
				"cubes": [
					{"origin": [-4.75852, 7.40617, 14.52842], "size": [10, 3, 0], "uv": [68, 52]},
					{"origin": [-1.42949, 8.2435, 13.56491], "size": [3, 3.1, 1.2], "uv": [98, 72], "inflate": -0.6, "mirror": true}
				]
			},
			{
				"name": "bone72",
				"parent": "bone71",
				"pivot": [-5, 1.34288, 14.64187],
				"rotation": [0, 0, 11.74513],
				"cubes": [
					{"origin": [-6.77646, 7.454, 14.62942], "size": [2, 3, 0], "uv": [62, 49]}
				]
			},
			{
				"name": "bone73",
				"parent": "bone71",
				"pivot": [5, 1.34288, 14.64187],
				"rotation": [0, 0, -11.74513],
				"cubes": [
					{"origin": [5.2493, 7.35569, 14.62742], "size": [2, 3, 0], "uv": [62, 49]}
				]
			},
			{
				"name": "bone74",
				"parent": "bone65",
				"pivot": [0, 1.75, 21.6],
				"rotation": [0, 180, 0]
			},
			{
				"name": "bone75",
				"parent": "bone74",
				"pivot": [0, 1.75, 14.64187],
				"rotation": [-12, 0, 0],
				"cubes": [
					{"origin": [-5, 7.45638, 14.76462], "size": [10, 3, 0], "uv": [68, 52]}
				]
			},
			{
				"name": "bone76",
				"parent": "bone75",
				"pivot": [-5, 1.34288, 14.64187],
				"rotation": [0, 0, 11.74513],
				"cubes": [
					{"origin": [-7.02311, 7.454, 14.86562], "size": [2, 3, 0], "uv": [62, 49]}
				]
			},
			{
				"name": "bone77",
				"parent": "bone75",
				"pivot": [5, 1.34288, 14.64187],
				"rotation": [0, 0, -11.74513],
				"cubes": [
					{"origin": [5.02311, 7.454, 14.86362], "size": [2, 3, 0], "uv": [62, 49]}
				]
			},
			{
				"name": "bone78",
				"parent": "bone65",
				"pivot": [0, 1.75, 21.6],
				"rotation": [0, 270, 0]
			},
			{
				"name": "bone79",
				"parent": "bone78",
				"pivot": [0, 1.75, 14.64187],
				"rotation": [-12, 0, 0],
				"cubes": [
					{"origin": [-5.24148, 7.40617, 14.52842], "size": [10, 3, 0], "uv": [68, 52]}
				]
			},
			{
				"name": "bone80",
				"parent": "bone79",
				"pivot": [-5, 1.34288, 14.64187],
				"rotation": [0, 0, 11.74513],
				"cubes": [
					{"origin": [-7.2493, 7.35569, 14.62942], "size": [2, 3, 0], "uv": [62, 49]}
				]
			},
			{
				"name": "bone81",
				"parent": "bone79",
				"pivot": [5, 1.34288, 14.64187],
				"rotation": [0, 0, -11.74513],
				"cubes": [
					{"origin": [4.77646, 7.454, 14.62742], "size": [2, 3, 0], "uv": [62, 49]}
				]
			},
			{
				"name": "legLeft",
				"pivot": [1.75, 11.5, 0],
				"cubes": [
					{"origin": [0.249, 7.5, -1], "size": [2.75, 4.25, 2.75], "uv": [0, 57]}
				]
			},
			{
				"name": "legLeftInner",
				"parent": "legLeft",
				"pivot": [1.75, 5.25, -1.5],
				"cubes": [
					{"origin": [0.251, 1.25, -1], "size": [2.75, 6.25, 2.75], "uv": [0, 64], "mirror": true}
				]
			},
			{
				"name": "xie2",
				"parent": "legLeft",
				"pivot": [-1.75, -0.25, 0]
			},
			{
				"name": "bone143",
				"parent": "xie2",
				"pivot": [-1.75, -0.25, 0],
				"cubes": [
					{"origin": [0.05237, 0, 0.93957], "size": [3.2, 1, 1], "uv": [104, 114]},
					{"origin": [0.42737, 1.25, -2.45995], "size": [2.45, 0.75, 2.75], "uv": [102, 114]},
					{"origin": [0.42737, 0, -2.45995], "size": [2.45, 1, 1], "uv": [102, 114]},
					{"origin": [0.05237, 1, -1.81043], "size": [3.2, 0.25, 3.75], "uv": [117, 116]},
					{"origin": [0.42737, 1, -2.45995], "size": [2.45, 0.25, 2.75], "uv": [115, 117]},
					{"origin": [0.05237, 2, -1.06043], "size": [3.2, 0.75, 3], "uv": [102, 113]},
					{"origin": [0.05237, 1.25, -1.81043], "size": [3.2, 0.75, 3.75], "uv": [102, 113]}
				]
			},
			{
				"name": "bone150",
				"parent": "bone143",
				"pivot": [-1.75, -0.25, -1],
				"rotation": [0, -30, 0],
				"cubes": [
					{"origin": [-0.59431, 1.25, -3.35304], "size": [1, 0.75, 0.75], "uv": [106, 115]},
					{"origin": [-0.59431, 0, -3.35304], "size": [1, 1, 0.75], "uv": [106, 115]},
					{"origin": [-0.59431, 1, -3.35304], "size": [1, 0.25, 0.75], "uv": [121, 119]}
				]
			},
			{
				"name": "bone151",
				"parent": "bone143",
				"pivot": [-2.25, -0.25, -1],
				"rotation": [0, 30, 0],
				"cubes": [
					{"origin": [1.92041, 1.25, 0.29933], "size": [1, 0.75, 0.75], "uv": [106, 115], "mirror": true},
					{"origin": [1.92041, 0, 0.29933], "size": [1, 1, 0.75], "uv": [106, 115], "mirror": true},
					{"origin": [1.92041, 1, 0.29933], "size": [1, 0.25, 0.75], "uv": [121, 119], "mirror": true}
				]
			},
			{
				"name": "bone152",
				"parent": "bone143",
				"pivot": [-1.75, -0.25, 0.5],
				"rotation": [27.5, 0, 0],
				"cubes": [
					{"origin": [0.42737, 2.36253, -1.08657], "size": [2.45, 0.75, 1.75], "uv": [105, 114]}
				]
			},
			{
				"name": "bone153",
				"parent": "bone143",
				"pivot": [-1.75, -0.25, 0],
				"cubes": [
					{"origin": [0.05237, 0, -1.81043], "size": [3.2, 1, 1.75], "uv": [104, 114]}
				]
			},
			{
				"name": "bone154",
				"parent": "bone153",
				"pivot": [-1.75, -0.25, 0],
				"rotation": [65, 0, 0],
				"cubes": [
					{"origin": [0.15237, -0.08958, 0.20104], "size": [3, 0.9, 1.15], "uv": [104, 115]}
				]
			},
			{
				"name": "legRight",
				"pivot": [-1.75, 11.5, 0],
				"cubes": [
					{"origin": [-2.999, 7.5, -1], "size": [2.75, 4.25, 2.75], "uv": [51, 34], "mirror": true}
				]
			},
			{
				"name": "legRightInner",
				"parent": "legRight",
				"pivot": [-1.75, 5.25, -1.5],
				"cubes": [
					{"origin": [-2.999, 1.25, -1], "size": [2.75, 6.25, 2.75], "uv": [51, 26], "mirror": true}
				]
			},
			{
				"name": "bone127",
				"parent": "legRight",
				"pivot": [-1.75, 7.75, 0.4]
			},
			{
				"name": "bone110",
				"parent": "bone127",
				"pivot": [-3.35, 14.5, 0.4]
			},
			{
				"name": "bone111",
				"parent": "bone110",
				"pivot": [-1.6, 6, 0.4]
			},
			{
				"name": "bone112",
				"parent": "bone111",
				"pivot": [-1.6, 6, 2.35088],
				"rotation": [19, 0, 0],
				"cubes": [
					{"origin": [-2.6, 7.87232, 2.75784], "size": [2, 1, 0], "uv": [73, 60]}
				]
			},
			{
				"name": "bone113",
				"parent": "bone112",
				"pivot": [-2.6, 5.69043, 2.35088],
				"rotation": [0, 0, 18.0336],
				"cubes": [
					{"origin": [-3.96589, 7.81426, 2.75684], "size": [1, 1, 0], "uv": [73, 59]}
				]
			},
			{
				"name": "bone114",
				"parent": "bone112",
				"pivot": [-0.6, 5.69043, 2.35088],
				"rotation": [0, 0, -18.0336],
				"cubes": [
					{"origin": [-0.23411, 7.81426, 2.75884], "size": [1, 1, 0], "uv": [73, 59]}
				]
			},
			{
				"name": "bone115",
				"parent": "bone110",
				"pivot": [-1.6, 6, 0.4],
				"rotation": [0, -90, 0]
			},
			{
				"name": "bone116",
				"parent": "bone115",
				"pivot": [-1.6, 6, 2.35088],
				"rotation": [19, 0, 0],
				"cubes": [
					{"origin": [-2.6, 7.87232, 2.75784], "size": [2, 1, 0], "uv": [73, 60]}
				]
			},
			{
				"name": "bone117",
				"parent": "bone116",
				"pivot": [-2.6, 5.69043, 2.35088],
				"rotation": [0, 0, 18.0336],
				"cubes": [
					{"origin": [-3.96589, 7.81426, 2.75684], "size": [1, 1, 0], "uv": [73, 59]}
				]
			},
			{
				"name": "bone118",
				"parent": "bone116",
				"pivot": [-0.6, 5.69043, 2.35088],
				"rotation": [0, 0, -18.0336],
				"cubes": [
					{"origin": [-0.23411, 7.81426, 2.75884], "size": [1, 1, 0], "uv": [73, 59]}
				]
			},
			{
				"name": "bone119",
				"parent": "bone110",
				"pivot": [-1.6, 6, 0.4],
				"rotation": [0, -180, 0]
			},
			{
				"name": "bone120",
				"parent": "bone119",
				"pivot": [-1.6, 6, 2.35088],
				"rotation": [19, 0, 0],
				"cubes": [
					{"origin": [-2.6, 7.87232, 2.75784], "size": [2, 1, 0], "uv": [73, 60]}
				]
			},
			{
				"name": "bone121",
				"parent": "bone120",
				"pivot": [-2.6, 5.69043, 2.35088],
				"rotation": [0, 0, 18.0336],
				"cubes": [
					{"origin": [-3.96589, 7.81426, 2.75684], "size": [1, 1, 0], "uv": [73, 59]}
				]
			},
			{
				"name": "bone122",
				"parent": "bone120",
				"pivot": [-0.6, 5.69043, 2.35088],
				"rotation": [0, 0, -18.0336],
				"cubes": [
					{"origin": [-0.23411, 7.81426, 2.75884], "size": [1, 1, 0], "uv": [73, 59]}
				]
			},
			{
				"name": "bone123",
				"parent": "bone110",
				"pivot": [-1.6, 6, 0.4],
				"rotation": [0, -270, 0]
			},
			{
				"name": "bone124",
				"parent": "bone123",
				"pivot": [-1.6, 6, 2.35088],
				"rotation": [19, 0, 0],
				"cubes": [
					{"origin": [-2.6, 7.87232, 2.75784], "size": [2, 1, 0], "uv": [73, 60]}
				]
			},
			{
				"name": "bone125",
				"parent": "bone124",
				"pivot": [-2.6, 5.69043, 2.35088],
				"rotation": [0, 0, 18.0336],
				"cubes": [
					{"origin": [-3.96589, 7.81426, 2.75684], "size": [1, 1, 0], "uv": [73, 59]}
				]
			},
			{
				"name": "bone126",
				"parent": "bone124",
				"pivot": [-0.6, 5.69043, 2.35088],
				"rotation": [0, 0, -18.0336],
				"cubes": [
					{"origin": [-0.23411, 7.81426, 2.75884], "size": [1, 1, 0], "uv": [73, 59]}
				]
			},
			{
				"name": "bone93",
				"parent": "bone127",
				"pivot": [-3.35, 1.1, 0.4]
			},
			{
				"name": "bone94",
				"parent": "bone93",
				"pivot": [-1.6, 9.6, 0.4]
			},
			{
				"name": "bone95",
				"parent": "bone94",
				"pivot": [-1.6, 9.6, -1.55088],
				"rotation": [19, 0, 0],
				"cubes": [
					{"origin": [-2.6, 9.09147, -1.14391], "size": [2, 1, 0], "uv": [73, 60]}
				]
			},
			{
				"name": "bone96",
				"parent": "bone95",
				"pivot": [-2.6, 9.90957, -1.55088],
				"rotation": [0, 0, -18.0336],
				"cubes": [
					{"origin": [-3.23411, 9.03341, -1.14291], "size": [1, 1, 0], "uv": [73, 59]}
				]
			},
			{
				"name": "bone97",
				"parent": "bone95",
				"pivot": [-0.6, 9.90957, -1.55088],
				"rotation": [0, 0, 18.0336],
				"cubes": [
					{"origin": [-0.96589, 9.03341, -1.14491], "size": [1, 1, 0], "uv": [73, 59]}
				]
			},
			{
				"name": "bone98",
				"parent": "bone93",
				"pivot": [-1.6, 9.6, 0.4],
				"rotation": [0, 90, 0]
			},
			{
				"name": "bone99",
				"parent": "bone98",
				"pivot": [-1.6, 9.6, -1.55088],
				"rotation": [19, 0, 0],
				"cubes": [
					{"origin": [-2.6, 9.09147, -1.14391], "size": [2, 1, 0], "uv": [73, 60]}
				]
			},
			{
				"name": "bone100",
				"parent": "bone99",
				"pivot": [-2.6, 9.90957, -1.55088],
				"rotation": [0, 0, -18.0336],
				"cubes": [
					{"origin": [-3.23411, 9.03341, -1.14291], "size": [1, 1, 0], "uv": [73, 59]}
				]
			},
			{
				"name": "bone101",
				"parent": "bone99",
				"pivot": [-0.6, 9.90957, -1.55088],
				"rotation": [0, 0, 18.0336],
				"cubes": [
					{"origin": [-0.96589, 9.03341, -1.14491], "size": [1, 1, 0], "uv": [73, 59]}
				]
			},
			{
				"name": "bone102",
				"parent": "bone93",
				"pivot": [-1.6, 9.6, 0.4],
				"rotation": [0, 180, 0]
			},
			{
				"name": "bone103",
				"parent": "bone102",
				"pivot": [-1.6, 9.6, -1.55088],
				"rotation": [19, 0, 0],
				"cubes": [
					{"origin": [-2.6, 9.09147, -1.14391], "size": [2, 1, 0], "uv": [73, 60]}
				]
			},
			{
				"name": "bone104",
				"parent": "bone103",
				"pivot": [-2.6, 9.90957, -1.55088],
				"rotation": [0, 0, -18.0336],
				"cubes": [
					{"origin": [-3.23411, 9.03341, -1.14291], "size": [1, 1, 0], "uv": [73, 59]}
				]
			},
			{
				"name": "bone105",
				"parent": "bone103",
				"pivot": [-0.6, 9.90957, -1.55088],
				"rotation": [0, 0, 18.0336],
				"cubes": [
					{"origin": [-0.96589, 9.03341, -1.14491], "size": [1, 1, 0], "uv": [73, 59]}
				]
			},
			{
				"name": "bone106",
				"parent": "bone93",
				"pivot": [-1.6, 9.6, 0.4],
				"rotation": [0, 270, 0]
			},
			{
				"name": "bone107",
				"parent": "bone106",
				"pivot": [-1.6, 9.6, -1.55088],
				"rotation": [19, 0, 0],
				"cubes": [
					{"origin": [-2.6, 9.09147, -1.14391], "size": [2, 1, 0], "uv": [73, 60]}
				]
			},
			{
				"name": "bone108",
				"parent": "bone107",
				"pivot": [-2.6, 9.90957, -1.55088],
				"rotation": [0, 0, -18.0336],
				"cubes": [
					{"origin": [-3.23411, 9.03341, -1.14291], "size": [1, 1, 0], "uv": [73, 59]}
				]
			},
			{
				"name": "bone109",
				"parent": "bone107",
				"pivot": [-0.6, 9.90957, -1.55088],
				"rotation": [0, 0, 18.0336],
				"cubes": [
					{"origin": [-0.96589, 9.03341, -1.14491], "size": [1, 1, 0], "uv": [73, 59]}
				]
			},
			{
				"name": "xie",
				"parent": "legRight",
				"pivot": [-1.75, -0.25, 0]
			},
			{
				"name": "bone144",
				"parent": "xie",
				"pivot": [-1.75, -0.25, 0],
				"cubes": [
					{"origin": [-3.19763, 0, 0.93957], "size": [3.2, 1, 1], "uv": [104, 114]},
					{"origin": [-2.82263, 1.25, -2.45995], "size": [2.45, 0.75, 2.75], "uv": [102, 114]},
					{"origin": [-2.82263, 0, -2.45995], "size": [2.45, 1, 1], "uv": [102, 114]},
					{"origin": [-3.19763, 1, -1.81043], "size": [3.2, 0.25, 3.75], "uv": [117, 116]},
					{"origin": [-2.82263, 1, -2.45995], "size": [2.45, 0.25, 2.75], "uv": [115, 117]},
					{"origin": [-3.19763, 2, -1.06043], "size": [3.2, 0.75, 3], "uv": [102, 113]},
					{"origin": [-3.19763, 1.25, -1.81043], "size": [3.2, 0.75, 3.75], "uv": [102, 113]}
				]
			},
			{
				"name": "bone145",
				"parent": "bone144",
				"pivot": [-1.75, -0.25, -1],
				"rotation": [0, -30, 0],
				"cubes": [
					{"origin": [-3.4089, 1.25, -1.72804], "size": [1, 0.75, 0.75], "uv": [106, 115]},
					{"origin": [-3.4089, 0, -1.72804], "size": [1, 1, 0.75], "uv": [106, 115]},
					{"origin": [-3.4089, 1, -1.72804], "size": [1, 0.25, 0.75], "uv": [121, 119]}
				]
			},
			{
				"name": "bone146",
				"parent": "bone144",
				"pivot": [-2.25, -0.25, -1],
				"rotation": [0, 30, 0],
				"cubes": [
					{"origin": [-0.89417, 1.25, -1.32567], "size": [1, 0.75, 0.75], "uv": [106, 115], "mirror": true},
					{"origin": [-0.89417, 0, -1.32567], "size": [1, 1, 0.75], "uv": [106, 115], "mirror": true},
					{"origin": [-0.89417, 1, -1.32567], "size": [1, 0.25, 0.75], "uv": [121, 119], "mirror": true}
				]
			},
			{
				"name": "bone147",
				"parent": "bone144",
				"pivot": [-1.75, -0.25, 0.5],
				"rotation": [27.5, 0, 0],
				"cubes": [
					{"origin": [-2.82263, 2.36253, -1.08657], "size": [2.45, 0.75, 1.75], "uv": [105, 114]}
				]
			},
			{
				"name": "bone148",
				"parent": "bone144",
				"pivot": [-1.75, -0.25, 0],
				"cubes": [
					{"origin": [-3.19763, 0, -1.81043], "size": [3.2, 1, 1.75], "uv": [104, 114]}
				]
			},
			{
				"name": "bone149",
				"parent": "bone148",
				"pivot": [-1.75, -0.25, 0],
				"rotation": [65, 0, 0],
				"cubes": [
					{"origin": [-3.09763, -0.08958, 0.20104], "size": [3, 0.9, 1.15], "uv": [104, 115]}
				]
			},
			{
				"name": "backpackPositioningBone",
				"pivot": [0, 20.5, 0]
			}
		]
	}
}