{
	"format_version": "1.10.0",
	"geometry.model": {
		"texturewidth": 128,
		"textureheight": 128,
		"visible_bounds_width": 4,
		"visible_bounds_height": 4,
		"visible_bounds_offset": [0, 1, 0],
		"bones": [
			{
				"name": "head",
				"pivot": [0, 17.2, 0],
				"cubes": [
					{"origin": [-4, 17.9, -4], "size": [8, 8, 8], "uv": [0, 16]}
				]
			},
			{
				"name": "blink",
				"parent": "head",
				"pivot": [0, 18.2, 0],
				"cubes": [
					{"origin": [-4, 17.9, -4.001], "size": [8, 8, 0], "uv": [24, 0]}
				]
			},
			{
				"name": "hai",
				"parent": "head",
				"pivot": [0, 17.2, 0],
				"cubes": [
					{"origin": [-4.25, 17.65, -4.25], "size": [8.5, 8.5, 8.5], "uv": [0, 0]},
					{"origin": [-4.25, 15.65, -4.25], "size": [1, 2, 1], "uv": [0, 44], "mirror": true},
					{"origin": [3.25, 15.65, -4.25], "size": [1, 2, 1], "uv": [0, 44]}
				]
			},
			{
				"name": "hair",
				"parent": "hai",
				"pivot": [0, 17.2, 0.2],
				"rotation": [12.5, 0, 0],
				"cubes": [
					{"origin": [-7.25, 6.5743, 4.83243], "size": [14.5, 13.5, 0], "uv": [56, 78]}
				]
			},
			{
				"name": "bone",
				"parent": "hair",
				"pivot": [4.76795, 11.47644, 2.51131],
				"rotation": [0.18869, -117.3867, -5.4205],
				"cubes": [
					{"origin": [3.47628, 6.69103, 2.1503], "size": [3.5, 12.5, 0], "uv": [43, 93]}
				]
			},
			{
				"name": "bone2",
				"parent": "hair",
				"pivot": [-4.73205, 11.47644, 2.51131],
				"rotation": [0.18869, -62.61328, 5.42054],
				"cubes": [
					{"origin": [-6.02372, 6.68863, 2.87867], "size": [3.5, 12.5, 0], "uv": [43, 93]}
				]
			},
			{
				"name": "bone3",
				"parent": "head",
				"pivot": [0, -0.05, 0]
			},
			{
				"name": "bone4",
				"parent": "bone3",
				"pivot": [0, 27.7, 0],
				"rotation": [-10, 0, 0]
			},
			{
				"name": "bone5",
				"parent": "bone4",
				"pivot": [0, 27.7, 0],
				"cubes": [
					{"origin": [-2, 27.7, 2], "size": [4, 1, 1], "uv": [58, 4]},
					{"origin": [-2, 27.7, -3], "size": [3, 1, 1], "uv": [58, 4]}
				]
			},
			{
				"name": "bone6",
				"parent": "bone4",
				"pivot": [0, 27.7, 0],
				"rotation": [0, 90, 0],
				"cubes": [
					{"origin": [-2, 27.7, 2], "size": [3, 1, 1], "uv": [58, 4]},
					{"origin": [-2, 27.7, -3], "size": [4, 1, 1], "uv": [58, 4]}
				]
			},
			{
				"name": "armRight",
				"pivot": [-3, 16.5, 0],
				"rotation": [0, 0, 25],
				"cubes": [
					{"origin": [-5.49188, 9.79638, -1], "size": [2, 7.35, 2], "uv": [24, 34]}
				]
			},
			{
				"name": "armLeft",
				"pivot": [3, 16.5, 0],
				"rotation": [0, 0, -25],
				"cubes": [
					{"origin": [3.49188, 9.79638, -1], "size": [2, 7.35, 2], "uv": [16, 32]}
				]
			},
			{
				"name": "body",
				"pivot": [0, 10.5, 0],
				"cubes": [
					{"origin": [-3, 9.199, -2], "size": [6, 8.5, 4], "uv": [28, 12]},
					{"origin": [-3.25, 14.199, -2.3], "size": [6.5, 2, 4.35], "uv": [51, 17]},
					{"origin": [-1.5, 17.699, -1.25], "size": [3, 2, 3], "uv": [14, 34]}
				]
			},
			{
				"name": "sittingRotationSkirt",
				"parent": "body",
				"pivot": [0, 12.25, -1]
			},
			{
				"name": "bone7",
				"parent": "sittingRotationSkirt",
				"pivot": [0, 5, 0]
			},
			{
				"name": "bone8",
				"parent": "bone7",
				"pivot": [0, 5, 0]
			},
			{
				"name": "bone9",
				"parent": "bone8",
				"pivot": [0, 5, 4.95124],
				"rotation": [13, 0, 0],
				"cubes": [
					{"origin": [-3, 7.80851, 3.87943], "size": [6, 6, 0], "uv": [26, 45]}
				]
			},
			{
				"name": "bone10",
				"parent": "bone9",
				"pivot": [-3, 4.56107, 4.95124],
				"rotation": [0, 0, 12.67771],
				"cubes": [
					{"origin": [-5.04937, 7.78053, 3.97587], "size": [2, 6, 0], "uv": [35, 37], "mirror": true}
				]
			},
			{
				"name": "bone11",
				"parent": "bone9",
				"pivot": [3, 4.56107, 4.95124],
				"rotation": [0, 0, -12.67771],
				"cubes": [
					{"origin": [3.04937, 7.78053, 3.97787], "size": [2, 6, 0], "uv": [35, 37]}
				]
			},
			{
				"name": "bone12",
				"parent": "bone7",
				"pivot": [0, 5, 0],
				"rotation": [0, -90, 0]
			},
			{
				"name": "bone13",
				"parent": "bone12",
				"pivot": [0, 5, 4.95124],
				"rotation": [13, 0, 0],
				"cubes": [
					{"origin": [-2, 7.58356, 4.8538], "size": [4, 6, 0], "uv": [41, 37]}
				]
			},
			{
				"name": "bone14",
				"parent": "bone13",
				"pivot": [-3, 4.56107, 4.95124],
				"rotation": [0, 0, 12.67771],
				"cubes": [
					{"origin": [-4.02438, 7.78053, 4.95024], "size": [2, 6, 0], "uv": [35, 37], "mirror": true}
				]
			},
			{
				"name": "bone15",
				"parent": "bone13",
				"pivot": [3, 4.56107, 4.95124],
				"rotation": [0, 0, -12.67771],
				"cubes": [
					{"origin": [2.02438, 7.78053, 4.95224], "size": [2, 6, 0], "uv": [35, 37]}
				]
			},
			{
				"name": "bone16",
				"parent": "bone7",
				"pivot": [0, 5, 0],
				"rotation": [0, -180, 0]
			},
			{
				"name": "bone17",
				"parent": "bone16",
				"pivot": [0, 5, 4.95124],
				"rotation": [13, 0, 0],
				"cubes": [
					{"origin": [-3, 7.80851, 3.87943], "size": [6, 6, 0], "uv": [26, 45]}
				]
			},
			{
				"name": "bone18",
				"parent": "bone17",
				"pivot": [-3, 4.56107, 4.95124],
				"rotation": [0, 0, 12.67771],
				"cubes": [
					{"origin": [-5.04937, 7.78053, 3.97587], "size": [2, 6, 0], "uv": [35, 37]}
				]
			},
			{
				"name": "bone19",
				"parent": "bone17",
				"pivot": [3, 4.56107, 4.95124],
				"rotation": [0, 0, -12.67771],
				"cubes": [
					{"origin": [3.04937, 7.78053, 3.97787], "size": [2, 6, 0], "uv": [35, 37], "mirror": true}
				]
			},
			{
				"name": "bone20",
				"parent": "bone7",
				"pivot": [0, 5, 0],
				"rotation": [0, -270, 0]
			},
			{
				"name": "bone21",
				"parent": "bone20",
				"pivot": [0, 5, 4.95124],
				"rotation": [13, 0, 0],
				"cubes": [
					{"origin": [-2, 7.58356, 4.8538], "size": [4, 6, 0], "uv": [41, 37]}
				]
			},
			{
				"name": "bone22",
				"parent": "bone21",
				"pivot": [-3, 4.56107, 4.95124],
				"rotation": [0, 0, 12.67771],
				"cubes": [
					{"origin": [-4.02438, 7.78053, 4.95024], "size": [2, 6, 0], "uv": [35, 37], "mirror": true}
				]
			},
			{
				"name": "bone23",
				"parent": "bone21",
				"pivot": [3, 4.56107, 4.95124],
				"rotation": [0, 0, -12.67771],
				"cubes": [
					{"origin": [2.02438, 7.78053, 4.95224], "size": [2, 6, 0], "uv": [35, 37]}
				]
			},
			{
				"name": "wing",
				"parent": "body",
				"pivot": [0, 10.5, 0]
			},
			{
				"name": "wingRight",
				"parent": "wing",
				"pivot": [-3.75, 18.75, 4],
				"rotation": [9.97528, 7.57131, 53.16171],
				"cubes": [
					{"origin": [-14.63958, 10.60929, 4], "size": [11, 10, 0], "uv": [0, 80]}
				]
			},
			{
				"name": "wingLeft",
				"parent": "wing",
				"pivot": [3.75, 18.75, 4],
				"rotation": [9.97528, -7.57131, -53.16171],
				"cubes": [
					{"origin": [3.63958, 10.60929, 4], "size": [11, 10, 0], "uv": [0, 80], "mirror": true}
				]
			},
			{
				"name": "legLeft",
				"pivot": [1.5, 8.5, 0],
				"cubes": [
					{"origin": [0.249, 5.25, -1.5], "size": [2.5, 4.25, 2.5], "uv": [0, 59]}
				]
			},
			{
				"name": "legLeftInner",
				"parent": "legLeft",
				"pivot": [1.5, 5.25, -1.5],
				"cubes": [
					{"origin": [0.251, 1, -1.5], "size": [2.5, 4.25, 2.5], "uv": [0, 64], "mirror": true},
					{"origin": [0.149, 0, -1.6], "size": [2.8, 2.5, 2.7], "uv": [30, 83]}
				]
			},
			{
				"name": "legRight",
				"pivot": [-1.5, 8.5, 0],
				"cubes": [
					{"origin": [-2.749, 5.25, -1.5], "size": [2.5, 4.25, 2.5], "uv": [0, 59], "mirror": true}
				]
			},
			{
				"name": "legRightInner",
				"parent": "legRight",
				"pivot": [-1.5, 5.25, -1.5],
				"cubes": [
					{"origin": [-2.749, 1, -1.5], "size": [2.5, 4.25, 2.5], "uv": [0, 64], "mirror": true},
					{"origin": [-2.851, 0, -1.6], "size": [2.8, 2.5, 2.7], "uv": [30, 83], "mirror": true}
				]
			}
		]
	}
}