{
	"format_version": "1.10.0",
	"geometry.model": {
		"texturewidth": 128,
		"textureheight": 128,
		"visible_bounds_width": 3,
		"visible_bounds_height": 4,
		"visible_bounds_offset": [0, 1, 0],
		"bones": [
			{
				"name": "head",
				"pivot": [0, 17, 0.5],
				"cubes": [
					{"origin": [-4, 16.95, -3.5], "size": [8, 8, 8], "uv": [32, 0]},
					{"origin": [-4.25, 16.7, -3.75], "size": [8.5, 8.5, 8.5], "uv": [0, 0]}
				]
			},
			{
				"name": "blink",
				"parent": "head",
				"pivot": [0, 18.25, 0.5],
				"cubes": [
					{"origin": [-4, 16.95, -3.501], "size": [8, 8, 0], "uv": [20, 16]}
				]
			},
			{
				"name": "bone",
				"parent": "head",
				"pivot": [-5, 21, 0.5],
				"rotation": [0, 0, 10],
				"cubes": [
					{"origin": [-6, 15.75, -0.5], "size": [2, 10, 2], "uv": [0, 48], "inflate": 0.01},
					{"origin": [-4.75, 23.75, -0.75], "size": [1, 2.5, 2.5], "uv": [8, 48]}
				]
			},
			{
				"name": "bone2",
				"parent": "head",
				"pivot": [0, 17, 0.5]
			},
			{
				"name": "bone3",
				"parent": "bone2",
				"pivot": [-4.25, 26.75, -0.25],
				"rotation": [0, 22.5, -42.5],
				"cubes": [
					{"origin": [-4.25, 25.25, -0.75], "size": [0, 3, 1], "uv": [10, 62]}
				]
			},
			{
				"name": "bone4",
				"parent": "bone2",
				"pivot": [-4.5, 25.75, -1],
				"rotation": [47.1994, 54.88332, -27.79968],
				"cubes": [
					{"origin": [-4.5, 24.25, -1.5], "size": [0, 3, 1], "uv": [10, 62]}
				]
			},
			{
				"name": "bone5",
				"parent": "bone2",
				"pivot": [-3.5, 27.25, 1.25],
				"rotation": [-15.42103, 26.30266, -15.62512],
				"cubes": [
					{"origin": [-3.5, 25.75, 0.75], "size": [0, 4, 1], "uv": [13, 62]}
				]
			},
			{
				"name": "bone6",
				"parent": "bone2",
				"pivot": [-3.75, 24, -1],
				"rotation": [73.03525, 68.08697, -87.86095],
				"cubes": [
					{"origin": [-3.75, 22.5, -1.25], "size": [0, 7, 1], "uv": [10, 62]}
				]
			},
			{
				"name": "bone7",
				"parent": "bone2",
				"pivot": [-3.75, 23.1, -1.3],
				"rotation": [25.51114, 69.12004, -146.03361],
				"cubes": [
					{"origin": [-4.25, 21.6, -1.55], "size": [0, 7, 1], "uv": [10, 62]}
				]
			},
			{
				"name": "bone22",
				"parent": "bone2",
				"pivot": [6, 17, 0.5],
				"cubes": [
					{"origin": [3, 14.95, -3.5], "size": [1, 2, 1], "uv": [0, 68]}
				]
			},
			{
				"name": "armRight",
				"pivot": [-3, 16.75, 0],
				"rotation": [0, 0, 25],
				"cubes": [
					{"origin": [-4.73703, 9.01915, -0.75], "size": [2, 7.35, 2], "uv": [22, 26]},
					{"origin": [-4.99286, 15.43126, -1], "size": [2.5, 1.1, 2.5], "uv": [12, 35], "mirror": true}
				]
			},
			{
				"name": "armLeft",
				"pivot": [3.1, 16.6, 0],
				"rotation": [0, 0, -25],
				"cubes": [
					{"origin": [2.58702, 15.36914, -1], "size": [2.5, 1.1, 2.5], "uv": [12, 35]},
					{"origin": [2.83702, 8.86914, -0.75], "size": [2, 7.35, 2], "uv": [22, 26], "mirror": true}
				]
			},
			{
				"name": "body",
				"pivot": [0, 10.5, 0],
				"cubes": [
					{"origin": [-3, 9.199, -1.75], "size": [6, 7.5, 4], "uv": [66, 2]},
					{"origin": [-3.25, 9.199, -2], "size": [6.5, 7.75, 4.5], "uv": [88, 2]},
					{"origin": [-1, 16.199, -0.5], "size": [2, 1.5, 2], "uv": [60, 35]}
				]
			},
			{
				"name": "bone15",
				"parent": "body",
				"pivot": [-3, 8.5, 0]
			},
			{
				"name": "bone94",
				"parent": "body",
				"pivot": [0.5, 9.25, 5.5],
				"rotation": [5, 0, 0]
			},
			{
				"name": "bone95",
				"parent": "bone94",
				"pivot": [1, 9, 5.5],
				"rotation": [0, 0, -10],
				"cubes": [
					{"origin": [1.38139, 10.35663, 2.5], "size": [4, 2.5, 1], "uv": [61, 47]}
				]
			},
			{
				"name": "bone96",
				"parent": "bone95",
				"pivot": [3, 11.449, 3],
				"rotation": [0, 0, 37.5],
				"cubes": [
					{"origin": [1.55427, 9.53206, 2.5], "size": [4, 2.5, 1], "uv": [61, 43], "inflate": 0.01}
				]
			},
			{
				"name": "bone99",
				"parent": "bone94",
				"pivot": [1, 7.5, 5.5]
			},
			{
				"name": "bone101",
				"parent": "bone99",
				"pivot": [4.32305, 3.5599, 9.61505],
				"rotation": [28.91902, 48.34658, 1.25744]
			},
			{
				"name": "bone16",
				"parent": "bone101",
				"pivot": [6.61805, 10.92085, 9.49967],
				"rotation": [0, -35, 0],
				"cubes": [
					{"origin": [4.51526, 5.69787, 7.15519], "size": [3, 7.5, 0], "uv": [23, 52], "mirror": true}
				]
			},
			{
				"name": "bone19",
				"parent": "bone99",
				"pivot": [-4.32305, 3.5599, 9.61505],
				"rotation": [28.91902, -48.34658, -1.25744]
			},
			{
				"name": "bone20",
				"parent": "bone19",
				"pivot": [-6.61805, 10.92085, 9.49967],
				"rotation": [0, 35, 0],
				"cubes": [
					{"origin": [-7.51526, 5.69787, 7.15519], "size": [3, 7.5, 0], "uv": [23, 52]}
				]
			},
			{
				"name": "bone102",
				"parent": "bone94",
				"pivot": [3.5, 8.75, 5.5],
				"cubes": [
					{"origin": [-1.08296, 10.33512, 2.75], "size": [2, 2.75, 1], "uv": [41, 56]}
				]
			},
			{
				"name": "bone17",
				"parent": "bone94",
				"pivot": [-1, 9, 5.5],
				"rotation": [0, 0, 10],
				"cubes": [
					{"origin": [-5.47987, 10.33927, 2.5], "size": [4, 2.5, 1], "uv": [61, 47], "mirror": true}
				]
			},
			{
				"name": "bone18",
				"parent": "bone17",
				"pivot": [-3, 11.449, 3],
				"rotation": [0, 0, -37.5],
				"cubes": [
					{"origin": [-5.64297, 9.57824, 2.5], "size": [4, 2.5, 1], "uv": [61, 43], "inflate": 0.01, "mirror": true}
				]
			},
			{
				"name": "sittingRotationSkirt",
				"parent": "body",
				"pivot": [0, 11, 0]
			},
			{
				"name": "bone23",
				"parent": "sittingRotationSkirt",
				"pivot": [0, 5.8, 0.25]
			},
			{
				"name": "bone24",
				"parent": "bone23",
				"pivot": [0, 5.8, 0.25]
			},
			{
				"name": "bone25",
				"parent": "bone24",
				"pivot": [0, 5.8, 4.23526],
				"rotation": [10, 0, 0],
				"cubes": [
					{"origin": [-3, 8.80256, 3.25045], "size": [6, 3, 0], "uv": [79, 17], "mirror": true}
				]
			},
			{
				"name": "bone26",
				"parent": "bone25",
				"pivot": [-3, 5.62891, 4.23526],
				"rotation": [0, 0, 9.85108],
				"cubes": [
					{"origin": [-4.02971, 8.8, 3.24945], "size": [1, 3, 0], "uv": [79, 21]}
				]
			},
			{
				"name": "bone27",
				"parent": "bone25",
				"pivot": [3, 5.62891, 4.23526],
				"rotation": [0, 0, -9.85108],
				"cubes": [
					{"origin": [3.02971, 8.8, 3.15145], "size": [1, 3, 0], "uv": [82, 21]}
				]
			},
			{
				"name": "bone28",
				"parent": "bone23",
				"pivot": [0, 5.8, 0.25],
				"rotation": [0, -90, 0]
			},
			{
				"name": "bone29",
				"parent": "bone28",
				"pivot": [0, 5.8, 4.23526],
				"rotation": [10, 0, 0],
				"cubes": [
					{"origin": [-2, 8.62891, 4.234], "size": [4, 3, 0], "uv": [79, 17]}
				]
			},
			{
				"name": "bone30",
				"parent": "bone29",
				"pivot": [-3, 5.62891, 4.23526],
				"rotation": [0, 0, 9.85108],
				"cubes": [
					{"origin": [-3.01474, 8.8, 4.23426], "size": [1, 3, 0], "uv": [79, 21]}
				]
			},
			{
				"name": "bone31",
				"parent": "bone29",
				"pivot": [3, 5.62891, 4.23526],
				"rotation": [0, 0, -9.85108],
				"cubes": [
					{"origin": [2.01474, 8.8, 4.23626], "size": [1, 3, 0], "uv": [79, 21]}
				]
			},
			{
				"name": "bone32",
				"parent": "bone23",
				"pivot": [0, 5.8, 0.25],
				"rotation": [0, -180, 0]
			},
			{
				"name": "bone33",
				"parent": "bone32",
				"pivot": [0, 5.8, 4.23526],
				"rotation": [10, 0, 0],
				"cubes": [
					{"origin": [-3, 8.80256, 3.25045], "size": [6, 3, 0], "uv": [92, 17]}
				]
			},
			{
				"name": "bone34",
				"parent": "bone33",
				"pivot": [-3, 5.62891, 4.23526],
				"rotation": [0, 0, 9.85108],
				"cubes": [
					{"origin": [-4.02971, 8.8, 3.14945], "size": [1, 3, 0], "uv": [79, 21]}
				]
			},
			{
				"name": "bone47",
				"parent": "bone33",
				"pivot": [3, 5.62891, 4.23526],
				"rotation": [0, 0, -9.85108],
				"cubes": [
					{"origin": [3.02971, 8.8, 3.15145], "size": [1, 3, 0], "uv": [81, 21]}
				]
			},
			{
				"name": "bone48",
				"parent": "bone23",
				"pivot": [0, 5.8, 0.25],
				"rotation": [0, -270, 0]
			},
			{
				"name": "bone49",
				"parent": "bone48",
				"pivot": [0, 5.8, 4.23526],
				"rotation": [10, 0, 0],
				"cubes": [
					{"origin": [-2, 8.62891, 4.234], "size": [4, 3, 0], "uv": [79, 17]}
				]
			},
			{
				"name": "bone50",
				"parent": "bone49",
				"pivot": [-3, 5.62891, 4.23526],
				"rotation": [0, 0, 9.85108],
				"cubes": [
					{"origin": [-3.01474, 8.8, 4.23426], "size": [1, 3, 0], "uv": [79, 21]}
				]
			},
			{
				"name": "bone51",
				"parent": "bone49",
				"pivot": [3, 5.62891, 4.23526],
				"rotation": [0, 0, -9.85108],
				"cubes": [
					{"origin": [2.01474, 8.8, 4.23626], "size": [1, 3, 0], "uv": [79, 21]}
				]
			},
			{
				"name": "legLeft",
				"pivot": [2, 9, 0],
				"cubes": [
					{"origin": [0.249, 0.25, -1.25], "size": [2.5, 9.25, 2.5], "uv": [70, 15]}
				]
			},
			{
				"name": "legRight",
				"pivot": [-2, 9, 0],
				"cubes": [
					{"origin": [-2.749, 0.25, -1.25], "size": [2.5, 9.25, 2.5], "uv": [70, 15], "mirror": true}
				]
			}
		]
	}
}