{
	"format_version": "1.10.0",
	"geometry.model": {
		"texturewidth": 128,
		"textureheight": 128,
		"visible_bounds_width": 3,
		"visible_bounds_height": 4,
		"visible_bounds_offset": [0, 1, 0],
		"bones": [
			{
				"name": "head",
				"pivot": [0, 17.25, 0],
				"cubes": [
					{"origin": [-4, 17.2, -4], "size": [8, 8, 8], "uv": [32, 0]},
					{"origin": [-4.25, 16.95, -4.25], "size": [8.5, 8.5, 8.5], "uv": [0, 0]},
					{"origin": [-4.25, 8.45, 1.05], "size": [8.5, 8.5, 3.2], "uv": [0, 111]},
					{"origin": [-4.5, 16.95, -4.5], "size": [9, 8.75, 9], "uv": [64, 0]},
					{"origin": [-4.25, 14.95, -4.25], "size": [1, 2, 1], "uv": [0, 73]},
					{"origin": [3.25, 14.95, -4.25], "size": [1, 2, 1], "uv": [46, 68]}
				]
			},
			{
				"name": "bone",
				"parent": "head",
				"pivot": [0, 15.25, 0],
				"cubes": [
					{"origin": [4.5, 20.25, 0], "size": [3, 3, 0], "uv": [102, 1]}
				]
			},
			{
				"name": "bone2",
				"parent": "bone",
				"pivot": [-6, 20.75, 0],
				"rotation": [0, 180, 0],
				"cubes": [
					{"origin": [-7.5, 20.25, 0], "size": [3, 3, 0], "uv": [102, 1]}
				]
			},
			{
				"name": "blink",
				"parent": "head",
				"pivot": [0, 18.5, 0],
				"cubes": [
					{"origin": [-4, 17.2, -4.101], "size": [8, 8, 0], "uv": [48, 16]}
				]
			},
			{
				"name": "hair",
				"parent": "head",
				"pivot": [0, 18.5, 0]
			},
			{
				"name": "armRight",
				"pivot": [-2.5, 16, 0],
				"rotation": [0, 0, 25],
				"cubes": [
					{"origin": [-4.90149, 8.51099, -1], "size": [2, 7.35, 2], "uv": [0, 55]},
					{"origin": [-5.15149, 8.26099, -1.25], "size": [2.5, 7.85, 2.5], "uv": [40, 31]}
				]
			},
			{
				"name": "armLeft",
				"pivot": [2.75, 16, 0],
				"rotation": [0, 0, -25],
				"cubes": [
					{"origin": [2.67491, 8.36665, -1.25], "size": [2.5, 7.85, 2.5], "uv": [53, 32]},
					{"origin": [2.92491, 8.61665, -1], "size": [2, 7.35, 2], "uv": [42, 45]}
				]
			},
			{
				"name": "body",
				"pivot": [0, 10.5, 0],
				"cubes": [
					{"origin": [-1.5, 16.699, -1], "size": [3, 2, 2.5], "uv": [12, 47]},
					{"origin": [-3, 8.199, -2], "size": [6, 8.5, 4], "uv": [2, 18]},
					{"origin": [-3.25, 8.049, -2.15], "size": [6.45, 8.9, 4.3], "uv": [58, 20]},
					{"origin": [-3.25, 6.049, -2.15], "size": [6.45, 2, 4.3], "uv": [84, 27]}
				]
			},
			{
				"name": "bone3",
				"parent": "body",
				"pivot": [0, 10.5, 0],
				"cubes": [
					{"origin": [0, 10.5, 2], "size": [0, 4, 3], "uv": [0, 93]}
				]
			},
			{
				"name": "legLeft",
				"pivot": [1.5, 9, 0],
				"cubes": [
					{"origin": [0.249, 0, -1.5], "size": [2.5, 8.5, 2.5], "uv": [20, 45]}
				]
			},
			{
				"name": "legRight",
				"pivot": [-1.5, 9, 0],
				"cubes": [
					{"origin": [-2.749, 0, -1.5], "size": [2.5, 8.5, 2.5], "uv": [12, 45]}
				]
			},
			{
				"name": "tail",
				"pivot": [0, 8, 1.75],
				"rotation": [-42.5, 0, 0]
			},
			{
				"name": "tail2",
				"parent": "tail",
				"pivot": [0, 7.75, 2],
				"rotation": [-7.5, 0, 0],
				"cubes": [
					{"origin": [-1.5, 7.49983, 1.29483], "size": [3, 2, 2], "uv": [0, 84]}
				]
			},
			{
				"name": "bone4",
				"parent": "tail2",
				"pivot": [0, 8.25, 3],
				"rotation": [15, 0, 0],
				"cubes": [
					{"origin": [-1, 7.99983, 3.29483], "size": [2, 1, 2], "uv": [0, 84]}
				]
			},
			{
				"name": "bone5",
				"parent": "bone4",
				"pivot": [0, 7.75, 2],
				"cubes": [
					{"origin": [0, 4.99983, 4.79483], "size": [0, 7, 4], "uv": [18, 82]}
				]
			},
			{
				"name": "backpackPositioningBone",
				"pivot": [0, 16.5, 0]
			}
		]
	}
}