{
	"format_version": "1.10.0",
	"geometry.model": {
		"texturewidth": 64,
		"textureheight": 64,
		"visible_bounds_width": 3,
		"visible_bounds_height": 4,
		"visible_bounds_offset": [0, 1, 0],
		"bones": [
			{
				"name": "head",
				"pivot": [0, 16.7, 0],
				"cubes": [
					{"origin": [-4, 18.7, -4], "size": [8, 8, 8], "uv": [0, 16]}
				]
			},
			{
				"name": "blink",
				"parent": "head",
				"pivot": [0, 18, 0],
				"cubes": [
					{"origin": [-4, 18.7, -4.001], "size": [8, 8, 0], "uv": [24, 0]}
				]
			},
			{
				"name": "hair",
				"parent": "head",
				"pivot": [0, -1.75, 0]
			},
			{
				"name": "bone",
				"parent": "hair",
				"pivot": [0, -1.75, 0],
				"cubes": [
					{"origin": [-4.25, 18.45, -4.25], "size": [8.5, 8.5, 8.5], "uv": [0, 0]},
					{"origin": [3.2, 17.65, -4.251], "size": [1.05, 1.05, 0], "uv": [11, 36]}
				]
			},
			{
				"name": "cubes",
				"parent": "hair",
				"pivot": [-0.1, 4.35, 0],
				"cubes": [
					{"origin": [-1.11, 23.75, -4.501], "size": [1.06, 1.06, 0.25], "uv": [14, 56]},
					{"origin": [-0.06, 22.7, -4.501], "size": [1.06, 1.06, 0.25], "uv": [2, 36]},
					{"origin": [-4.26, 22.7, -4.501], "size": [1.06, 1.06, 0.25], "uv": [0, 35]},
					{"origin": [-4.26, 21.7, -4.501], "size": [1.06, 1.06, 0.25], "uv": [34, 25]},
					{"origin": [-1.11, 24.81, -4.501], "size": [1.06, 1.06, 0.25], "uv": [14, 56]},
					{"origin": [3.21, 22.71, -4.501], "size": [1.06, 1.06, 0.25], "uv": [18, 56]},
					{"origin": [3.21, 20.65, -4.751], "size": [1.06, 2.06, 0.5], "uv": [14, 55]},
					{"origin": [3.21, 19.59, -4.501], "size": [1.06, 1.06, 0.25], "uv": [19, 35]},
					{"origin": [3.21, 18.53, -4.501], "size": [1.06, 1.06, 0.25], "uv": [15, 55]},
					{"origin": [2.15, 17.47, -4.501], "size": [1.06, 1.06, 0.25], "uv": [18, 56]},
					{"origin": [3.21, 23.77, -4.501], "size": [1.06, 1.06, 0.25], "uv": [18, 56]}
				]
			},
			{
				"name": "bone3",
				"parent": "cubes",
				"pivot": [3.74, 22.34, -4.376],
				"rotation": [0, -90, 0],
				"cubes": [
					{"origin": [3.866, 23.79, -5.136], "size": [1.06, 1.06, 0.25], "uv": [15, 55]},
					{"origin": [3.866, 22.73, -5.136], "size": [1.06, 1.06, 0.25], "uv": [14, 56]},
					{"origin": [4.926, 20.65, -5.136], "size": [1.06, 3.16, 0.25], "uv": [26, 46]},
					{"origin": [3.866, 19.59, -5.136], "size": [1.06, 1.06, 0.25], "uv": [14, 56]},
					{"origin": [4.926, 17.53, -5.136], "size": [1.06, 2.06, 0.25], "uv": [18, 56]},
					{"origin": [3.866, 20.69, -5.386], "size": [1.06, 2.06, 0.5], "uv": [14, 55]}
				]
			},
			{
				"name": "bone4",
				"parent": "cubes",
				"pivot": [-4.604, 19.72, -4.136],
				"rotation": [0, -90, 0],
				"cubes": [
					{"origin": [-3.618, 17.53, -4.49], "size": [1.06, 2.06, 0.25], "uv": [18, 55]},
					{"origin": [-4.758, 21.63, -4.49], "size": [1.06, 3.16, 0.25], "uv": [14, 55]},
					{"origin": [-3.618, 19.59, -4.49], "size": [1.06, 2.06, 0.5], "uv": [14, 55]}
				]
			},
			{
				"name": "hat",
				"parent": "head",
				"pivot": [0.15, 24.95, 0.25],
				"rotation": [-12.41615, 1.29876, 7.38733],
				"cubes": [
					{"origin": [-4.60709, 25.88576, -3.68214], "size": [9, 3, 8], "uv": [24, 8]}
				]
			},
			{
				"name": "bone2",
				"parent": "hat",
				"pivot": [0.15, 27.45, 1.25],
				"rotation": [0, -45, 45],
				"cubes": [
					{"origin": [-2.44208, 27.52242, 0.64157], "size": [2, 2, 2], "uv": [7, 32]}
				]
			},
			{
				"name": "armRight",
				"pivot": [-2.75, 18, 0],
				"rotation": [0, 0, 25],
				"cubes": [
					{"origin": [-5.06112, 9.72561, -1], "size": [2, 7.35, 2], "uv": [36, 40]},
					{"origin": [-5.31112, 11.72561, -1.25], "size": [2.5, 6.35, 2.5], "uv": [0, 16]}
				]
			},
			{
				"name": "armLeft",
				"pivot": [2.75, 18, 0],
				"rotation": [0, 0, -25],
				"cubes": [
					{"origin": [2.81112, 11.72561, -1.25], "size": [2.5, 6.35, 2.5], "uv": [0, 0]},
					{"origin": [3.06112, 9.72561, -1], "size": [2, 7.35, 2], "uv": [28, 40]}
				]
			},
			{
				"name": "body",
				"pivot": [0, 10.5, 0],
				"cubes": [
					{"origin": [-3, 10.199, -3], "size": [6, 8.5, 6], "uv": [26, 26]}
				]
			},
			{
				"name": "bone23",
				"parent": "body",
				"pivot": [-0.025, 11.75, -3.15],
				"cubes": [
					{"origin": [-1.4, 13.75, -4.3], "size": [2.75, 2.5, 2.3], "uv": [0, 50], "inflate": -1},
					{"origin": [-1.4, 12.5, -4.3], "size": [2.75, 2.5, 2.3], "uv": [0, 50], "inflate": -1},
					{"origin": [-1.4, 11.25, -4.3], "size": [2.75, 2.5, 2.3], "uv": [0, 50], "inflate": -1},
					{"origin": [-1.3, 14.75, -4.1], "size": [2.55, 2.5, 2.3], "uv": [0, 54], "inflate": -1}
				]
			},
			{
				"name": "sittingRotationSkirt",
				"parent": "body",
				"pivot": [0, 12, 1]
			},
			{
				"name": "bone24",
				"parent": "sittingRotationSkirt",
				"pivot": [-0.025, 9, -3.15],
				"rotation": [-10, 0, 0],
				"cubes": [
					{"origin": [-1.3, 9.71962, -4.5473], "size": [2.55, 2.5, 2.3], "uv": [0, 54], "inflate": -1},
					{"origin": [-1.3, 8.37993, -4.50528], "size": [2.55, 2.5, 2.3], "uv": [0, 54], "inflate": -1}
				]
			},
			{
				"name": "bone6",
				"parent": "sittingRotationSkirt",
				"pivot": [0, 4, 0]
			},
			{
				"name": "bone7",
				"parent": "bone6",
				"pivot": [0, 4, 3.97051],
				"rotation": [10, 0, 0],
				"cubes": [
					{"origin": [-2, 8.62744, 4.31781], "size": [4, 3, 0], "uv": [44, 19]}
				]
			},
			{
				"name": "bone8",
				"parent": "bone7",
				"pivot": [-2, 3.65782, 3.97051],
				"rotation": [0, 0, 9.85108],
				"cubes": [
					{"origin": [-4.33698, 8.5984, 4.31681], "size": [2, 3, 0], "uv": [20, 46]}
				]
			},
			{
				"name": "bone9",
				"parent": "bone7",
				"pivot": [2, 3.65782, 3.97051],
				"rotation": [0, 0, -9.85108],
				"cubes": [
					{"origin": [2.33698, 8.5984, 4.31881], "size": [2, 3, 0], "uv": [16, 46]}
				]
			},
			{
				"name": "bone10",
				"parent": "sittingRotationSkirt",
				"pivot": [0, 4, 0],
				"rotation": [0, -90, 0]
			},
			{
				"name": "bone11",
				"parent": "bone10",
				"pivot": [0, 4, 3.97051],
				"rotation": [10, 0, 0],
				"cubes": [
					{"origin": [-2, 8.62744, 4.31781], "size": [4, 3, 0], "uv": [16, 43]}
				]
			},
			{
				"name": "bone12",
				"parent": "bone11",
				"pivot": [-2, 3.65782, 3.97051],
				"rotation": [0, 0, 9.85108],
				"cubes": [
					{"origin": [-4.33698, 8.5984, 4.31681], "size": [2, 3, 0], "uv": [44, 43]}
				]
			},
			{
				"name": "bone13",
				"parent": "bone11",
				"pivot": [2, 3.65782, 3.97051],
				"rotation": [0, 0, -9.85108],
				"cubes": [
					{"origin": [2.33698, 8.5984, 4.31881], "size": [2, 3, 0], "uv": [44, 40]}
				]
			},
			{
				"name": "bone14",
				"parent": "sittingRotationSkirt",
				"pivot": [0, 4, 0],
				"rotation": [0, -180, 0]
			},
			{
				"name": "bone15",
				"parent": "bone14",
				"pivot": [0, 4, 3.97051],
				"rotation": [10, 0, 0],
				"cubes": [
					{"origin": [-2, 8.62744, 4.31781], "size": [4, 3, 0], "uv": [40, 3]}
				]
			},
			{
				"name": "bone16",
				"parent": "bone15",
				"pivot": [-2, 3.65782, 3.97051],
				"rotation": [0, 0, 9.85108],
				"cubes": [
					{"origin": [-4.33698, 8.5984, 4.31681], "size": [2, 3, 0], "uv": [44, 27]}
				]
			},
			{
				"name": "bone17",
				"parent": "bone15",
				"pivot": [2, 3.65782, 3.97051],
				"rotation": [0, 0, -9.85108],
				"cubes": [
					{"origin": [2.33698, 8.5984, 4.31881], "size": [2, 3, 0], "uv": [44, 24]}
				]
			},
			{
				"name": "bone18",
				"parent": "sittingRotationSkirt",
				"pivot": [0, 4, 0],
				"rotation": [0, -270, 0]
			},
			{
				"name": "bone19",
				"parent": "bone18",
				"pivot": [0, 4, 3.97051],
				"rotation": [10, 0, 0],
				"cubes": [
					{"origin": [-2, 8.62744, 4.31781], "size": [4, 3, 0], "uv": [40, 0]}
				]
			},
			{
				"name": "bone20",
				"parent": "bone19",
				"pivot": [-2, 3.65782, 3.97051],
				"rotation": [0, 0, 9.85108],
				"cubes": [
					{"origin": [-4.33698, 8.5984, 4.31681], "size": [2, 3, 0], "uv": [19, 32]}
				]
			},
			{
				"name": "bone21",
				"parent": "bone19",
				"pivot": [2, 3.65782, 3.97051],
				"rotation": [0, 0, -9.85108],
				"cubes": [
					{"origin": [2.33698, 8.5984, 4.31881], "size": [2, 3, 0], "uv": [0, 32]}
				]
			},
			{
				"name": "bone5",
				"parent": "sittingRotationSkirt",
				"pivot": [0, 4, 0]
			},
			{
				"name": "bone22",
				"parent": "body",
				"pivot": [0, 10.5, 0],
				"cubes": [
					{"origin": [-3, 16.199, 3], "size": [6, 2.5, 1], "uv": [24, 19]}
				]
			},
			{
				"name": "legLeft",
				"pivot": [1.5, 9.5, 0],
				"cubes": [
					{"origin": [0.249, 0, -1.5], "size": [2.5, 10.5, 2.5], "uv": [8, 38]},
					{"origin": [-0.001, 0, -1.75], "size": [3, 2, 3], "uv": [16, 38]}
				]
			},
			{
				"name": "legRight",
				"pivot": [-1.5, 9.5, 0],
				"cubes": [
					{"origin": [-2.749, 0, -1.5], "size": [2.5, 10.5, 2.5], "uv": [0, 38]},
					{"origin": [-3.001, 0, -1.75], "size": [3, 2, 3], "uv": [35, 19]}
				]
			},
			{
				"name": "backpackPositioningBone",
				"pivot": [0, 18, 0]
			}
		]
	}
}