{
	"format_version": "1.10.0",
	"geometry.model": {
		"texturewidth": 64,
		"textureheight": 64,
		"visible_bounds_width": 3,
		"visible_bounds_height": 4,
		"visible_bounds_offset": [0, 1, 0],
		"bones": [
			{
				"name": "head",
				"pivot": [0, 18, 0],
				"cubes": [
					{"origin": [-4, 16.7, -4], "size": [8, 8, 8], "uv": [0, 16]},
					{"origin": [-4.25, 16.45, -4.25], "size": [8.5, 8.5, 8.5], "uv": [0, 0]},
					{"origin": [-4.25, 13.45, -4.25], "size": [1, 3, 1], "uv": [4, 20]},
					{"origin": [3.25, 13.45, -4.25], "size": [1, 3, 1], "uv": [0, 20]},
					{"origin": [4, 18.75, -2.25], "size": [4, 4, 0], "uv": [0, 16]}
				]
			},
			{
				"name": "bone5",
				"parent": "head",
				"pivot": [0, 20.2, 7],
				"rotation": [20, 0, 0],
				"cubes": [
					{"origin": [-1, 12.79046, 5.48697], "size": [2, 12, 2], "uv": [0, 32]}
				]
			},
			{
				"name": "ahoge",
				"parent": "head",
				"pivot": [0, 27, 0]
			},
			{
				"name": "blink",
				"parent": "head",
				"pivot": [0, 19, 0],
				"cubes": [
					{"origin": [-4, 16.7, -4.001], "size": [8, 8, 0], "uv": [24, 0]}
				]
			},
			{
				"name": "bone",
				"parent": "head",
				"pivot": [0.5, 19, 0.25]
			},
			{
				"name": "bone2",
				"parent": "bone",
				"pivot": [0, 27.125, -2]
			},
			{
				"name": "bone3",
				"parent": "bone2",
				"pivot": [2.5, 27.125, -2],
				"rotation": [0, 0, 7.5],
				"cubes": [
					{"origin": [0.38053, 23.50856, -3.25], "size": [4.5, 4.5, 2.5], "uv": [40, 0], "inflate": -1},
					{"origin": [1.13053, 23.50856, -3], "size": [3, 5.25, 2.75], "uv": [44, 6], "inflate": -1}
				]
			},
			{
				"name": "bone4",
				"parent": "bone2",
				"pivot": [-2.5, 27.125, -2],
				"rotation": [0, 0, -7.5],
				"cubes": [
					{"origin": [-4.13053, 23.75856, -3], "size": [3, 5, 2.75], "uv": [44, 6], "inflate": -1},
					{"origin": [-4.88053, 23.50856, -3.25], "size": [4.5, 4.5, 2.5], "uv": [40, 0], "inflate": -1}
				]
			},
			{
				"name": "bone6",
				"parent": "bone",
				"pivot": [-6.5, 2.5, 0.15],
				"rotation": [0, 0, 15]
			},
			{
				"name": "bone9",
				"parent": "bone6",
				"pivot": [-4.4999, 27.75321, -3.2],
				"rotation": [0, -10, -12.5],
				"cubes": [
					{"origin": [-6.33194, 25.50416, -4.45757], "size": [3.75, 2.5, 2.5], "uv": [16, 45], "inflate": -1}
				]
			},
			{
				"name": "bone10",
				"parent": "bone6",
				"pivot": [-2.625, 28, -3.35],
				"rotation": [-6.02051, 19.20766, 4.10857],
				"cubes": [
					{"origin": [-4.06576, 25.82482, -4.29379], "size": [3.75, 2.5, 2.5], "uv": [16, 45], "inflate": -1}
				]
			},
			{
				"name": "bone7",
				"parent": "bone6",
				"pivot": [-4.375, 28.5, -2.85],
				"rotation": [0, 0, 17.5],
				"cubes": [
					{"origin": [-5.7127, 26.15661, -4.1], "size": [3.75, 3, 2.5], "uv": [44, 24], "inflate": -1}
				]
			},
			{
				"name": "bone8",
				"parent": "bone6",
				"pivot": [-2.625, 28.5, -2.85],
				"rotation": [0, 7.5, -12.5],
				"cubes": [
					{"origin": [-4.45675, 26.00095, -4.09431], "size": [3.75, 3, 2.5], "uv": [44, 24], "inflate": -1}
				]
			},
			{
				"name": "bone11",
				"parent": "bone6",
				"pivot": [-0.25, 20.5, -0.6],
				"cubes": [
					{"origin": [-4.74118, 26.03407, -4.35], "size": [3, 3, 3], "uv": [16, 39], "inflate": -1}
				]
			},
			{
				"name": "hair",
				"parent": "head",
				"pivot": [0, 19, 0]
			},
			{
				"name": "armRight",
				"pivot": [-3, 16.25, 0],
				"rotation": [0, 0, 25],
				"cubes": [
					{"origin": [-4.97887, 7.85468, -1], "size": [2, 7.35, 2], "uv": [36, 41]},
					{"origin": [-5.22887, 10.60468, -1.25], "size": [2.5, 5.35, 2.5], "uv": [0, 0]}
				]
			},
			{
				"name": "armLeft",
				"pivot": [3, 16.25, 0],
				"rotation": [0, 0, -25],
				"cubes": [
					{"origin": [2.72887, 10.60468, -1.25], "size": [2.5, 5.35, 2.5], "uv": [0, 0]},
					{"origin": [2.97887, 7.85468, -1], "size": [2, 7.35, 2], "uv": [28, 41]}
				]
			},
			{
				"name": "body",
				"pivot": [0, 10.5, 0.5],
				"cubes": [
					{"origin": [-3, 8.199, -2.5], "size": [6, 8.5, 5], "uv": [27, 11]},
					{"origin": [-3.25, 7.949, -2.75], "size": [6.5, 9, 5.5], "uv": [27, 27]}
				]
			},
			{
				"name": "legLeft",
				"pivot": [2, 9, 0],
				"cubes": [
					{"origin": [0.249, 0, -1.25], "size": [2.5, 8.5, 2.5], "uv": [8, 40]}
				]
			},
			{
				"name": "bone12",
				"parent": "legLeft",
				"pivot": [1.375, 6.75, -1.6],
				"rotation": [0, 0, -15],
				"cubes": [
					{"origin": [-0.3147, 5.25852, -2.3], "size": [3.5, 1.5, 2], "uv": [44, 42], "inflate": -1}
				]
			},
			{
				"name": "legRight",
				"pivot": [-2, 9, 0.25],
				"cubes": [
					{"origin": [-2.749, 0, -1.25], "size": [2.5, 8.5, 2.5], "uv": [8, 40]}
				]
			},
			{
				"name": "bone13",
				"parent": "legRight",
				"pivot": [-1.625, 7.5, -1.35],
				"rotation": [0, 0, 20],
				"cubes": [
					{"origin": [-3.16449, 6.01508, -2.35], "size": [3.5, 1.5, 2], "uv": [44, 42], "inflate": -1}
				]
			},
			{
				"name": "tail",
				"pivot": [0, 10, 4]
			},
			{
				"name": "tailIn",
				"parent": "tail",
				"pivot": [0, 8.75, 3.25],
				"rotation": [-47.5, 0, 0],
				"cubes": [
					{"origin": [-1, 9.06696, 2.57027], "size": [2, 2, 5], "uv": [8, 32]}
				]
			}
		]
	}
}