{
	"format_version": "1.10.0",
	"geometry.model": {
		"texturewidth": 64,
		"textureheight": 64,
		"visible_bounds_width": 3,
		"visible_bounds_height": 4,
		"visible_bounds_offset": [0, 1, 0],
		"bones": [
			{
				"name": "head",
				"pivot": [0, 18.25, 0],
				"cubes": [
					{"origin": [-4, 17.95, -4], "size": [8, 8, 8], "uv": [0, 16]},
					{"origin": [-4.25, 17.7, -4.25], "size": [8.5, 8.5, 8.5], "uv": [0, 0]}
				]
			},
			{
				"name": "bone5",
				"parent": "head",
				"pivot": [0, 19.45, 7],
				"rotation": [20, 0, 0],
				"cubes": [
					{"origin": [-1.5, 13.91984, 6.17101], "size": [3, 12, 3], "uv": [29, 29]}
				]
			},
			{
				"name": "bone12",
				"parent": "head",
				"pivot": [0, 17.75, -1.75],
				"cubes": [
					{"origin": [-2.5, 22.48015, 4.07899], "size": [1, 3, 1], "uv": [0, 16]},
					{"origin": [-1.5, 25.48015, 4.07899], "size": [3, 1, 1], "uv": [0, 6]},
					{"origin": [-1.5, 21.48015, 4.07899], "size": [3, 1, 1], "uv": [0, 6]},
					{"origin": [1.5, 22.48015, 4.07899], "size": [1, 3, 1], "uv": [0, 16]}
				]
			},
			{
				"name": "ahoge",
				"parent": "head",
				"pivot": [0, 26.25, 0]
			},
			{
				"name": "blink",
				"parent": "head",
				"pivot": [0, 18.25, 0],
				"cubes": [
					{"origin": [-4, 17.95, -4.001], "size": [8, 8, 0], "uv": [24, 0]}
				]
			},
			{
				"name": "hair",
				"parent": "head",
				"pivot": [0, 18.25, 0]
			},
			{
				"name": "armRight",
				"pivot": [-4.25, 17, 0],
				"rotation": [0, 0, 25],
				"cubes": [
					{"origin": [-5.08071, 9.69177, -1], "size": [2, 7.35, 2], "uv": [8, 38]},
					{"origin": [-5.58071, 14.44177, -1.5], "size": [3, 3.6, 3], "uv": [32, 23]}
				]
			},
			{
				"name": "armRightPositioningBone",
				"parent": "armRight",
				"pivot": [-3.74134, 10.33327, 0]
			},
			{
				"name": "armLeft",
				"pivot": [4.25, 17, 0],
				"rotation": [0, 0, -25],
				"cubes": [
					{"origin": [2.58071, 14.44177, -1.5], "size": [3, 3.6, 3], "uv": [8, 32]},
					{"origin": [3.08071, 9.69177, -1], "size": [2, 7.35, 2], "uv": [20, 32]}
				]
			},
			{
				"name": "armLeftPositioningBone",
				"parent": "armLeft",
				"pivot": [3.76476, 10.43893, 0]
			},
			{
				"name": "body",
				"pivot": [0, 10.5, 0],
				"cubes": [
					{"origin": [-3, 10.199, -2], "size": [6, 7.5, 4], "uv": [28, 12]},
					{"origin": [-2, 15.199, 2], "size": [4, 2.5, 1], "uv": [38, 29]},
					{"origin": [-1.00593, 15.50411, -2.25], "size": [2, 0.75, 1.25], "uv": [42, 32]},
					{"origin": [-1.5, 17.699, -1], "size": [3, 2, 2.5], "uv": [3, 51]}
				]
			},
			{
				"name": "bone13",
				"parent": "body",
				"pivot": [-1.625, 14.625, -3.25],
				"rotation": [0, 0, -52.5],
				"cubes": [
					{"origin": [-0.45665, 14.35876, -2.25], "size": [1, 2.75, 1.25], "uv": [4, 16]}
				]
			},
			{
				"name": "bone14",
				"parent": "body",
				"pivot": [1.375, 14.825, -3.25],
				"rotation": [0, 0, 52.5],
				"cubes": [
					{"origin": [-0.54928, 14.61287, -2.25], "size": [1, 2.75, 1.25], "uv": [4, 16]}
				]
			},
			{
				"name": "bone15",
				"parent": "body",
				"pivot": [-3, 8.5, 0]
			},
			{
				"name": "bone90",
				"parent": "bone15",
				"pivot": [1.36907, 13.92911, -3.25],
				"rotation": [0, 0, -5]
			},
			{
				"name": "bone91",
				"parent": "bone15",
				"pivot": [-1.38093, 13.92911, -3.25],
				"rotation": [0, 0, 5]
			},
			{
				"name": "bone92",
				"parent": "bone15",
				"pivot": [-1.25593, 12.55411, -3.25],
				"rotation": [-4.88206, 1.08089, 17.45392],
				"cubes": [
					{"origin": [-2.22316, 12.75448, -2.58759], "size": [0.75, 3, 0.25], "uv": [48, 32]}
				]
			},
			{
				"name": "bone93",
				"parent": "bone15",
				"pivot": [1.24407, 12.55411, -3.25],
				"rotation": [-4.76968, -1.50179, -22.43745],
				"cubes": [
					{"origin": [1.75261, 12.79243, -2.59367], "size": [0.75, 3, 0.25], "uv": [48, 32]}
				]
			},
			{
				"name": "sittingRotationSkirt",
				"parent": "body",
				"pivot": [0, 10.5, 0]
			},
			{
				"name": "bone",
				"parent": "sittingRotationSkirt",
				"pivot": [0, 3, 0]
			},
			{
				"name": "bone2",
				"parent": "bone",
				"pivot": [0, 3, 0]
			},
			{
				"name": "bone3",
				"parent": "bone2",
				"pivot": [0, 3, 5.27792],
				"rotation": [23, 0, 0]
			},
			{
				"name": "bone4",
				"parent": "bone3",
				"pivot": [0, 3, 5.27792],
				"rotation": [0, -45, 0],
				"cubes": [
					{"origin": [-1.11823, 7.88574, 4.15969], "size": [2, 4, 2], "uv": [0, 0]}
				]
			},
			{
				"name": "bone6",
				"parent": "bone",
				"pivot": [0, 3, 0],
				"rotation": [0, -30, 0]
			},
			{
				"name": "bone7",
				"parent": "bone6",
				"pivot": [0, 3, 5.27792],
				"rotation": [23, 0, 0]
			},
			{
				"name": "bone8",
				"parent": "bone7",
				"pivot": [0, 3, 5.27792],
				"rotation": [0, -45, 0],
				"cubes": [
					{"origin": [-1.25141, 7.85957, 4.38007], "size": [2, 4, 2], "uv": [0, 0]}
				]
			},
			{
				"name": "bone9",
				"parent": "bone",
				"pivot": [0, 3, 0],
				"rotation": [0, -60, 0]
			},
			{
				"name": "bone10",
				"parent": "bone9",
				"pivot": [0, 3, 5.27792],
				"rotation": [23, 0, 0]
			},
			{
				"name": "bone11",
				"parent": "bone10",
				"pivot": [0, 3, 5.27792],
				"rotation": [0, -45, 0],
				"cubes": [
					{"origin": [-0.72371, 7.9205, 4.55421], "size": [2, 4, 2], "uv": [0, 0]}
				]
			},
			{
				"name": "bone16",
				"parent": "bone",
				"pivot": [0, 3, 0],
				"rotation": [0, -90, 0]
			},
			{
				"name": "bone17",
				"parent": "bone16",
				"pivot": [0, 3, 5.27792],
				"rotation": [23, 0, 0]
			},
			{
				"name": "bone18",
				"parent": "bone17",
				"pivot": [0, 3, 5.27792],
				"rotation": [0, -45, 0],
				"cubes": [
					{"origin": [-0.72371, 7.9205, 4.55421], "size": [2, 4, 2], "uv": [0, 0]}
				]
			},
			{
				"name": "bone19",
				"parent": "bone",
				"pivot": [0, 3, 0],
				"rotation": [0, -120, 0]
			},
			{
				"name": "bone20",
				"parent": "bone19",
				"pivot": [0, 3, 5.27792],
				"rotation": [23, 0, 0]
			},
			{
				"name": "bone21",
				"parent": "bone20",
				"pivot": [0, 3, 5.27792],
				"rotation": [0, -45, 0],
				"cubes": [
					{"origin": [-0.72371, 7.9205, 4.55421], "size": [2, 4, 2], "uv": [0, 0]}
				]
			},
			{
				"name": "bone22",
				"parent": "bone",
				"pivot": [0, 3, 0],
				"rotation": [0, -150, 0]
			},
			{
				"name": "bone23",
				"parent": "bone22",
				"pivot": [0, 3, 5.27792],
				"rotation": [23, 0, 0]
			},
			{
				"name": "bone24",
				"parent": "bone23",
				"pivot": [0, 3, 5.27792],
				"rotation": [0, -45, 0],
				"cubes": [
					{"origin": [-0.89785, 7.85957, 4.02651], "size": [2, 4, 2], "uv": [0, 0]}
				]
			},
			{
				"name": "bone25",
				"parent": "bone",
				"pivot": [0, 3, 0],
				"rotation": [0, -180, 0]
			},
			{
				"name": "bone26",
				"parent": "bone25",
				"pivot": [0, 3, 5.27792],
				"rotation": [23, 0, 0]
			},
			{
				"name": "bone27",
				"parent": "bone26",
				"pivot": [0, 3, 5.27792],
				"rotation": [0, -45, 0],
				"cubes": [
					{"origin": [-1.11823, 7.88574, 4.15969], "size": [2, 4, 2], "uv": [0, 0]}
				]
			},
			{
				"name": "bone28",
				"parent": "bone",
				"pivot": [0, 3, 0],
				"rotation": [0, -210, 0]
			},
			{
				"name": "bone29",
				"parent": "bone28",
				"pivot": [0, 3, 5.27792],
				"rotation": [23, 0, 0]
			},
			{
				"name": "bone30",
				"parent": "bone29",
				"pivot": [0, 3, 5.27792],
				"rotation": [0, -45, 0],
				"cubes": [
					{"origin": [-1.25141, 7.85957, 4.38007], "size": [2, 4, 2], "uv": [0, 0]}
				]
			},
			{
				"name": "bone31",
				"parent": "bone",
				"pivot": [0, 3, 0],
				"rotation": [0, -240, 0]
			},
			{
				"name": "bone32",
				"parent": "bone31",
				"pivot": [0, 3, 5.27792],
				"rotation": [23, 0, 0]
			},
			{
				"name": "bone33",
				"parent": "bone32",
				"pivot": [0, 3, 5.27792],
				"rotation": [0, -45, 0],
				"cubes": [
					{"origin": [-0.72371, 7.9205, 4.55421], "size": [2, 4, 2], "uv": [0, 0]}
				]
			},
			{
				"name": "bone34",
				"parent": "bone",
				"pivot": [0, 3, 0],
				"rotation": [0, -270, 0]
			},
			{
				"name": "bone35",
				"parent": "bone34",
				"pivot": [0, 3, 5.27792],
				"rotation": [23, 0, 0]
			},
			{
				"name": "bone36",
				"parent": "bone35",
				"pivot": [0, 3, 5.27792],
				"rotation": [0, -45, 0],
				"cubes": [
					{"origin": [-0.72371, 7.9205, 4.55421], "size": [2, 4, 2], "uv": [0, 0]}
				]
			},
			{
				"name": "bone37",
				"parent": "bone",
				"pivot": [0, 3, 0],
				"rotation": [0, -300, 0]
			},
			{
				"name": "bone38",
				"parent": "bone37",
				"pivot": [0, 3, 5.27792],
				"rotation": [23, 0, 0]
			},
			{
				"name": "bone39",
				"parent": "bone38",
				"pivot": [0, 3, 5.27792],
				"rotation": [0, -45, 0],
				"cubes": [
					{"origin": [-0.72371, 7.9205, 4.55421], "size": [2, 4, 2], "uv": [0, 0]}
				]
			},
			{
				"name": "bone40",
				"parent": "bone",
				"pivot": [0, 3, 0],
				"rotation": [0, -330, 0]
			},
			{
				"name": "bone41",
				"parent": "bone40",
				"pivot": [0, 3, 5.27792],
				"rotation": [23, 0, 0]
			},
			{
				"name": "bone42",
				"parent": "bone41",
				"pivot": [0, 3, 5.27792],
				"rotation": [0, -45, 0],
				"cubes": [
					{"origin": [-0.89785, 7.85957, 4.02651], "size": [2, 4, 2], "uv": [0, 0]}
				]
			},
			{
				"name": "legLeft",
				"pivot": [1.75, 10, -0.2],
				"cubes": [
					{"origin": [0.249, 0.25, -1.45], "size": [2.5, 10.25, 2.5], "uv": [0, 32]},
					{"origin": [0.149, 0, -1.55], "size": [2.7, 1.5, 2.7], "uv": [0, 47]}
				]
			},
			{
				"name": "legRight",
				"pivot": [-1.75, 10, 0],
				"cubes": [
					{"origin": [-2.749, 0.25, -1.5], "size": [2.5, 10.25, 2.5], "uv": [0, 32], "mirror": true},
					{"origin": [-2.849, 0, -1.6], "size": [2.7, 1.5, 2.7], "uv": [0, 47]}
				]
			},
			{
				"name": "backpackPositioningBone",
				"pivot": [0, 17.25, 0]
			}
		]
	}
}