{
	"format_version": "1.10.0",
	"geometry.model": {
		"texturewidth": 96,
		"textureheight": 96,
		"visible_bounds_width": 3,
		"visible_bounds_height": 4,
		"visible_bounds_offset": [0, 1, 0],
		"bones": [
			{
				"name": "head",
				"pivot": [0, 17.25, 0],
				"cubes": [
					{"origin": [-4, 19.75, -4], "size": [8, 8, 8], "uv": [36, 0]}
				]
			},
			{
				"name": "hari1",
				"parent": "head",
				"pivot": [-0.05, 15.25, 4.3],
				"rotation": [-7.5, 0, 0]
			},
			{
				"name": "bone53",
				"parent": "hari1",
				"pivot": [3.95, 12.75, 5.55],
				"rotation": [15.72973, -34.0136, -8.19412],
				"cubes": [
					{"origin": [-5.07959, 11.65195, 10.26189], "size": [5, 10, 0], "uv": [24, 46]}
				]
			},
			{
				"name": "bone54",
				"parent": "hari1",
				"pivot": [3.95, 12.75, 5.55],
				"rotation": [16.33012, 34.0768, 6.26746],
				"cubes": [
					{"origin": [1.52577, 11.74888, 5.80638], "size": [5, 10, 0], "uv": [14, 46]}
				]
			},
			{
				"name": "hair",
				"parent": "head",
				"pivot": [0, 17.25, 0],
				"cubes": [
					{"origin": [3.45, 18.25, -4.45], "size": [1, 1, 1], "uv": [26, 82]},
					{"origin": [-4.55, 18.25, -4.45], "size": [1, 1, 1], "uv": [26, 80]},
					{"origin": [-4.55, 19.25, -4.45], "size": [9, 9, 9], "uv": [0, 0]}
				]
			},
			{
				"name": "bone2",
				"parent": "hair",
				"pivot": [0, -0.75, 0]
			},
			{
				"name": "bone3",
				"parent": "bone2",
				"pivot": [0, -0.75, 0]
			},
			{
				"name": "bone4",
				"parent": "bone3",
				"pivot": [5.75, 20.75, -0.1]
			},
			{
				"name": "bone6",
				"parent": "bone3",
				"pivot": [4, 18.75, -0.1]
			},
			{
				"name": "bone7",
				"parent": "bone3",
				"pivot": [-5, 21.25, -0.1],
				"rotation": [0, 0, 90]
			},
			{
				"name": "bone113",
				"parent": "hair",
				"pivot": [0, -0.25, 0]
			},
			{
				"name": "bone114",
				"parent": "bone113",
				"pivot": [-0.05, 16, 5.55],
				"rotation": [25, 0, 0],
				"cubes": [
					{"origin": [-4.55, 10.76577, 6.60655], "size": [9, 12, 0], "uv": [0, 33]}
				]
			},
			{
				"name": "helmet",
				"parent": "head",
				"pivot": [0, -0.75, 0]
			},
			{
				"name": "hat",
				"parent": "head",
				"pivot": [0, 17.25, 0]
			},
			{
				"name": "ahoge",
				"parent": "hat",
				"pivot": [2, 25.25, 0]
			},
			{
				"name": "blink",
				"parent": "head",
				"pivot": [0, 17.25, 0],
				"cubes": [
					{"origin": [-4, 19.75, -4.001], "size": [8, 8, 0], "uv": [34, 33]}
				]
			},
			{
				"name": "armRight",
				"pivot": [-3, 18.5, 0],
				"rotation": [0, 0, 25],
				"cubes": [
					{"origin": [-4.71131, 9.94985, -1], "size": [2, 9, 2], "uv": [16, 57]}
				]
			},
			{
				"name": "chestPlate2",
				"parent": "armRight",
				"pivot": [-9.57738, 17.59369, 0],
				"cubes": [
					{"origin": [-4.81131, 16.09984, -1.1], "size": [2.2, 2.95, 2.2], "uv": [16, 75]}
				]
			},
			{
				"name": "armLeft",
				"pivot": [3, 18.5, 0],
				"rotation": [0, 0, -25],
				"cubes": [
					{"origin": [2.71131, 10.94984, -1], "size": [2, 8, 2], "uv": [8, 57]},
					{"origin": [2.63631, 9.84984, -1.075], "size": [2.15, 4.1, 2.15], "uv": [24, 68]},
					{"origin": [3.71131, 14.45315, -1.75], "size": [2.5, 4.25, 3.5], "uv": [24, 57], "inflate": -1}
				]
			},
			{
				"name": "chest3",
				"parent": "armLeft",
				"pivot": [3.57738, 17.59369, 0],
				"rotation": [0, 180, 0],
				"cubes": [
					{"origin": [2.34345, 15.84984, -1.1], "size": [2.2, 1.2, 2.2], "uv": [24, 75]}
				]
			},
			{
				"name": "body",
				"pivot": [0, 10.25, 0],
				"cubes": [
					{"origin": [-1, 19.25, -1], "size": [2, 1, 2], "uv": [0, 61]}
				]
			},
			{
				"name": "chest1",
				"parent": "body",
				"pivot": [0, 10.25, 0],
				"cubes": [
					{"origin": [-3, 11.249, -2], "size": [6, 8, 4], "uv": [2, 20]},
					{"origin": [-3.1, 10.649, -2.1], "size": [6.2, 3.6, 4.3], "uv": [26, 20]}
				]
			},
			{
				"name": "chest",
				"parent": "body",
				"pivot": [-1.54579, 15.22877, -3.41818],
				"rotation": [42.38565, 9.91358, -1.31845],
				"cubes": [
					{"origin": [-2.96689, 14.03587, -3.28719], "size": [2.75, 2.75, 2.75], "uv": [8, 75]}
				]
			},
			{
				"name": "chest2",
				"parent": "body",
				"pivot": [1.45421, 15.12877, -3.41818],
				"rotation": [39.8254, -8.13191, 0.61933],
				"cubes": [
					{"origin": [0.241, 14.04996, -3.19856], "size": [2.75, 2.75, 2.75], "uv": [0, 75]}
				]
			},
			{
				"name": "bone5",
				"parent": "body",
				"pivot": [0, 16, 3.1],
				"cubes": [
					{"origin": [-0.499, 10.25, -2], "size": [1, 0.5, 4], "uv": [75, 58]},
					{"origin": [3.001, 9.5, -2.5], "size": [0.5, 3.25, 2], "uv": [75, 58]},
					{"origin": [3.251, 10, -1.5], "size": [0.5, 4, 3], "uv": [75, 58]},
					{"origin": [-0.749, 10, -2.25], "size": [1.5, 2.75, 0.25], "uv": [75, 58]},
					{"origin": [-3.499, 9.5, 0.5], "size": [0.5, 3.25, 2], "uv": [75, 58]},
					{"origin": [-2.999, 10.25, -2.5], "size": [2.25, 1.5, 0.5], "uv": [75, 58]},
					{"origin": [2.001, 11.5, -2.5], "size": [1, 0.75, 0.5], "uv": [75, 58]},
					{"origin": [-2.999, 11.5, -2.5], "size": [1, 0.75, 0.5], "uv": [75, 58]},
					{"origin": [1.251, 10, 2], "size": [1.75, 2.25, 0.5], "uv": [75, 58]},
					{"origin": [-1.249, 9.5, 2], "size": [2.5, 4, 0.5], "uv": [75, 58]},
					{"origin": [-3.499, 9.5, -2.5], "size": [0.5, 3.25, 2], "uv": [75, 58]},
					{"origin": [3.001, 9.5, 0.5], "size": [0.5, 3.25, 2], "uv": [75, 58]},
					{"origin": [-2.999, 10, 2], "size": [1.75, 2.25, 0.5], "uv": [75, 58]},
					{"origin": [0.751, 10.25, -2.5], "size": [2.25, 1.5, 0.5], "uv": [75, 58]},
					{"origin": [-3.749, 10, -1.5], "size": [0.5, 4, 3], "uv": [76, 58]}
				]
			},
			{
				"name": "legLeft",
				"pivot": [1.5, 10, 0],
				"cubes": [
					{"origin": [0.349, 0, -1.5], "size": [2.5, 11, 2.5], "uv": [34, 46]},
					{"origin": [-0.001, 10.45, -1.75], "size": [3, 0, 3], "uv": [12, 68]}
				]
			},
			{
				"name": "legRight",
				"pivot": [-1.5, 10, 0],
				"cubes": [
					{"origin": [-2.849, 0, -1.5], "size": [2.5, 11, 2.5], "uv": [34, 46]},
					{"origin": [-2.999, 10.45, -1.75], "size": [3, 0, 3], "uv": [0, 68]}
				]
			},
			{
				"name": "cape",
				"pivot": [0, 12.249, 3.75],
				"rotation": [12.5, 0, 0],
				"cubes": [
					{"origin": [-4, 6.20159, 4.08288], "size": [8, 13, 0.1], "uv": [18, 33]}
				]
			},
			{
				"name": "backpackPositioningBone",
				"pivot": [0, 18.75, 0]
			}
		]
	}
}