{
	"format_version": "1.10.0",
	"geometry.model": {
		"texturewidth": 64,
		"textureheight": 64,
		"visible_bounds_width": 3,
		"visible_bounds_height": 4,
		"visible_bounds_offset": [0, 1, 0],
		"bones": [
			{
				"name": "head",
				"pivot": [0, 16.75, 0],
				"cubes": [
					{"origin": [-4, 16.7, -4], "size": [8, 8, 8], "uv": [0, 16]},
					{"origin": [-4.25, 16.45, -4.25], "size": [8.5, 8.5, 8.5], "uv": [0, 0]},
					{"origin": [-4.25, 11.95, -4.25], "size": [8.5, 4.5, 0], "uv": [0, 60]}
				]
			},
			{
				"name": "bone8",
				"parent": "head",
				"pivot": [0, 13.45, 5.5],
				"rotation": [17.5, 0, 0],
				"cubes": [
					{"origin": [-4.25, 9.2, 5.5], "size": [8.5, 8.5, 0], "uv": [9, 56]}
				]
			},
			{
				"name": "bone108",
				"parent": "head",
				"pivot": [-4.7, 24.3, -2.4],
				"rotation": [-95.40249, -6.68156, -51.54592]
			},
			{
				"name": "bone6",
				"parent": "bone108",
				"pivot": [-4.42331, 24.375, -2.45004],
				"rotation": [-45, 0, 0],
				"cubes": [
					{"origin": [-6.12331, 24.05, -2.72504], "size": [2.4, 0.45, 0.45], "uv": [60, 40]}
				]
			},
			{
				"name": "bone5",
				"parent": "bone108",
				"pivot": [-4.7, 24.3, -2.4],
				"cubes": [
					{"origin": [-3.87331, 24.3, -2.57504], "size": [0.9, 0.2, 0.1], "uv": [62, 37]}
				]
			},
			{
				"name": "ahoge",
				"parent": "head",
				"pivot": [0, 26, 0],
				"cubes": [
					{"origin": [-2, 25, 0], "size": [4, 5, 0], "uv": [16, 32]}
				]
			},
			{
				"name": "blink",
				"parent": "head",
				"pivot": [0, 18, 0],
				"cubes": [
					{"origin": [-4, 16.7, -4.001], "size": [8, 8, 0], "uv": [24, 0]}
				]
			},
			{
				"name": "bone",
				"parent": "head",
				"pivot": [0.5, 18, 0.25]
			},
			{
				"name": "bone2",
				"parent": "bone",
				"pivot": [0, 26.125, -2]
			},
			{
				"name": "bone3",
				"parent": "bone2",
				"pivot": [2.5, 26.125, -2],
				"rotation": [0, 0, 7.5],
				"cubes": [
					{"origin": [0.25, 23.5, -3.25], "size": [4.5, 4.5, 2.5], "uv": [40, 0], "inflate": -1},
					{"origin": [1, 23.5, -3], "size": [3, 5.25, 2.75], "uv": [0, 42], "inflate": -1}
				]
			},
			{
				"name": "bone4",
				"parent": "bone2",
				"pivot": [-2.5, 26.125, -2],
				"rotation": [0, 0, -7.5],
				"cubes": [
					{"origin": [-4, 23.75, -3], "size": [3, 5, 2.75], "uv": [0, 42], "inflate": -1},
					{"origin": [-4.75, 23.5, -3.25], "size": [4.5, 4.5, 2.5], "uv": [40, 0], "inflate": -1}
				]
			},
			{
				"name": "hair",
				"parent": "head",
				"pivot": [0, 18, 0]
			},
			{
				"name": "armRight",
				"pivot": [-3, 16, 0],
				"rotation": [0, 0, 25],
				"cubes": [
					{"origin": [-5.08453, 7.83126, -1], "size": [2, 7.35, 2], "uv": [36, 40]},
					{"origin": [-5.58453, 12.58126, -1.5], "size": [3, 3.6, 3], "uv": [38, 17]}
				]
			},
			{
				"name": "armLeft",
				"pivot": [3, 16, 0],
				"rotation": [0, 0, -25],
				"cubes": [
					{"origin": [2.58453, 12.58126, -1.5], "size": [3, 3.6, 3], "uv": [16, 37]},
					{"origin": [3.08453, 7.83126, -1], "size": [2, 7.35, 2], "uv": [28, 40]}
				]
			},
			{
				"name": "body",
				"pivot": [0, 10.5, 0],
				"cubes": [
					{"origin": [-3, 8.199, -3], "size": [6, 8.5, 6], "uv": [26, 26]}
				]
			},
			{
				"name": "bone13",
				"parent": "body",
				"pivot": [-1.875, 14.625, -3.25],
				"rotation": [0, 0, -12.5],
				"cubes": [
					{"origin": [-2.5, 13.75, -3.25], "size": [2, 2.75, 1.25], "uv": [42, 23]}
				]
			},
			{
				"name": "bone14",
				"parent": "body",
				"pivot": [1.625, 14.625, -3.25],
				"rotation": [0, 0, 12.5],
				"cubes": [
					{"origin": [0.49407, 13.80411, -3.25], "size": [2, 2.75, 1.25], "uv": [42, 23]}
				]
			},
			{
				"name": "bone15",
				"parent": "body",
				"pivot": [-3, 8.5, 0],
				"cubes": [
					{"origin": [-0.60593, 13.10411, -3.6], "size": [1.25, 1.25, 1.5], "uv": [24, 17]}
				]
			},
			{
				"name": "bone90",
				"parent": "bone15",
				"pivot": [1.36907, 13.92911, -3.25],
				"rotation": [0, 0, -5],
				"cubes": [
					{"origin": [0.24407, 13.30411, -3.5], "size": [2.25, 1.25, 2.75], "uv": [33, 17]}
				]
			},
			{
				"name": "bone91",
				"parent": "bone15",
				"pivot": [-1.38093, 13.92911, -3.25],
				"rotation": [0, 0, 5],
				"cubes": [
					{"origin": [-2.50593, 13.30411, -3.5], "size": [2.25, 1.25, 1.75], "uv": [42, 40]}
				]
			},
			{
				"name": "bone92",
				"parent": "bone15",
				"pivot": [-1.00593, 12.30411, -3.25],
				"rotation": [-5, 0, 5],
				"cubes": [
					{"origin": [-1.75593, 11.30411, -3.5], "size": [1.5, 2, 0.75], "uv": [0, 16]}
				]
			},
			{
				"name": "bone93",
				"parent": "bone15",
				"pivot": [0.99407, 12.30411, -3.25],
				"rotation": [-5, 0, -5],
				"cubes": [
					{"origin": [0.24407, 11.30411, -3.5], "size": [1.5, 2, 0.75], "uv": [0, 0]}
				]
			},
			{
				"name": "bone94",
				"parent": "body",
				"pivot": [0.5, 11, 6]
			},
			{
				"name": "bone95",
				"parent": "bone94",
				"pivot": [1.25, 10.75, 6],
				"rotation": [0, 0, -10],
				"cubes": [
					{"origin": [0.81669, 12.58167, 3], "size": [4, 1.5, 1], "uv": [32, 24]}
				]
			},
			{
				"name": "bone96",
				"parent": "bone95",
				"pivot": [3.25, 13.199, 3.5],
				"rotation": [0, 0, 17.5],
				"cubes": [
					{"origin": [0.92981, 11.58135, 3], "size": [4, 1.5, 1], "uv": [32, 24]}
				]
			},
			{
				"name": "bone97",
				"parent": "bone94",
				"pivot": [-4.75, 11.5, 6],
				"rotation": [0, 0, 10],
				"cubes": [
					{"origin": [-4.75, 13.199, 3], "size": [4, 1.5, 1], "uv": [32, 24]}
				]
			},
			{
				"name": "bone98",
				"parent": "bone97",
				"pivot": [-2.75, 13.949, 3.5],
				"rotation": [0, 0, -17.5],
				"cubes": [
					{"origin": [-4.88296, 12.33512, 3], "size": [4, 1.5, 1], "uv": [32, 24]}
				]
			},
			{
				"name": "bone99",
				"parent": "bone94",
				"pivot": [1, 9.25, 6]
			},
			{
				"name": "bone100",
				"parent": "bone99",
				"pivot": [-1.88296, 10.58512, 4.25],
				"rotation": [18.58597, -7.52076, 21.26765],
				"cubes": [
					{"origin": [-2.88296, 7.83512, 3.75], "size": [2, 4.5, 1], "uv": [10, 42]}
				]
			},
			{
				"name": "bone101",
				"parent": "bone99",
				"pivot": [1.86704, 10.58512, 4.25],
				"rotation": [18.88172, 6.71771, -18.88172],
				"cubes": [
					{"origin": [0.86704, 7.83512, 3.75], "size": [2, 4.5, 1], "uv": [10, 42]}
				]
			},
			{
				"name": "bone102",
				"parent": "bone94",
				"pivot": [3.5, 10.5, 6],
				"cubes": [
					{"origin": [-0.88296, 11.83512, 3.75], "size": [2, 1.5, 1], "uv": [40, 6]}
				]
			},
			{
				"name": "sittingRotationSkirt",
				"parent": "body",
				"pivot": [0, 10.5, 0]
			},
			{
				"name": "bone53",
				"parent": "sittingRotationSkirt",
				"pivot": [0, 5.5, 0]
			},
			{
				"name": "bone54",
				"parent": "bone53",
				"pivot": [0, 5.5, 0]
			},
			{
				"name": "bone55",
				"parent": "bone54",
				"pivot": [0, 5.5, 5.27792],
				"rotation": [23, 0, 0]
			},
			{
				"name": "bone56",
				"parent": "bone55",
				"pivot": [0, 5.5, 5.27792],
				"rotation": [0, -45, 0],
				"cubes": [
					{"origin": [-1.13814, 5.03975, 4.13977], "size": [2, 5, 2], "uv": [0, 16]}
				]
			},
			{
				"name": "bone57",
				"parent": "bone53",
				"pivot": [0, 5.5, 0],
				"rotation": [0, -30, 0]
			},
			{
				"name": "bone58",
				"parent": "bone57",
				"pivot": [0, 5.5, 5.27792],
				"rotation": [23, 0, 0]
			},
			{
				"name": "bone59",
				"parent": "bone58",
				"pivot": [0, 5.5, 5.27792],
				"rotation": [0, -45, 0],
				"cubes": [
					{"origin": [-1.13814, 5.03975, 4.13977], "size": [2, 5, 2], "uv": [0, 16]}
				]
			},
			{
				"name": "bone60",
				"parent": "bone53",
				"pivot": [0, 5.5, 0],
				"rotation": [0, -60, 0]
			},
			{
				"name": "bone61",
				"parent": "bone60",
				"pivot": [0, 5.5, 5.27792],
				"rotation": [23, 0, 0]
			},
			{
				"name": "bone62",
				"parent": "bone61",
				"pivot": [0, 5.5, 5.27792],
				"rotation": [0, -45, 0],
				"cubes": [
					{"origin": [-1.13814, 5.03975, 4.13977], "size": [2, 5, 2], "uv": [0, 16]}
				]
			},
			{
				"name": "bone63",
				"parent": "bone53",
				"pivot": [0, 5.5, 0],
				"rotation": [0, -90, 0]
			},
			{
				"name": "bone64",
				"parent": "bone63",
				"pivot": [0, 5.5, 5.27792],
				"rotation": [23, 0, 0]
			},
			{
				"name": "bone65",
				"parent": "bone64",
				"pivot": [0, 5.5, 5.27792],
				"rotation": [0, -45, 0],
				"cubes": [
					{"origin": [-1.13814, 5.03975, 4.13977], "size": [2, 5, 2], "uv": [0, 16]}
				]
			},
			{
				"name": "bone66",
				"parent": "bone53",
				"pivot": [0, 5.5, 0],
				"rotation": [0, -120, 0]
			},
			{
				"name": "bone67",
				"parent": "bone66",
				"pivot": [0, 5.5, 5.27792],
				"rotation": [23, 0, 0]
			},
			{
				"name": "bone68",
				"parent": "bone67",
				"pivot": [0, 5.5, 5.27792],
				"rotation": [0, -45, 0],
				"cubes": [
					{"origin": [-1.13814, 5.03975, 4.13977], "size": [2, 5, 2], "uv": [0, 16]}
				]
			},
			{
				"name": "bone69",
				"parent": "bone53",
				"pivot": [0, 5.5, 0],
				"rotation": [0, -150, 0]
			},
			{
				"name": "bone70",
				"parent": "bone69",
				"pivot": [0, 5.5, 5.27792],
				"rotation": [23, 0, 0]
			},
			{
				"name": "bone71",
				"parent": "bone70",
				"pivot": [0, 5.5, 5.27792],
				"rotation": [0, -45, 0],
				"cubes": [
					{"origin": [-1.13814, 5.03975, 4.13977], "size": [2, 5, 2], "uv": [0, 16]}
				]
			},
			{
				"name": "bone72",
				"parent": "bone53",
				"pivot": [0, 5.5, 0],
				"rotation": [0, -180, 0]
			},
			{
				"name": "bone73",
				"parent": "bone72",
				"pivot": [0, 5.5, 5.27792],
				"rotation": [23, 0, 0]
			},
			{
				"name": "bone74",
				"parent": "bone73",
				"pivot": [0, 5.5, 5.27792],
				"rotation": [0, -45, 0],
				"cubes": [
					{"origin": [-1.13814, 5.03975, 4.13977], "size": [2, 5, 2], "uv": [0, 16]}
				]
			},
			{
				"name": "bone75",
				"parent": "bone53",
				"pivot": [0, 5.5, 0],
				"rotation": [0, -210, 0]
			},
			{
				"name": "bone76",
				"parent": "bone75",
				"pivot": [0, 5.5, 5.27792],
				"rotation": [23, 0, 0]
			},
			{
				"name": "bone77",
				"parent": "bone76",
				"pivot": [0, 5.5, 5.27792],
				"rotation": [0, -45, 0],
				"cubes": [
					{"origin": [-1.13814, 5.03975, 4.13977], "size": [2, 5, 2], "uv": [0, 16]}
				]
			},
			{
				"name": "bone78",
				"parent": "bone53",
				"pivot": [0, 5.5, 0],
				"rotation": [0, -240, 0]
			},
			{
				"name": "bone79",
				"parent": "bone78",
				"pivot": [0, 5.5, 5.27792],
				"rotation": [23, 0, 0]
			},
			{
				"name": "bone80",
				"parent": "bone79",
				"pivot": [0, 5.5, 5.27792],
				"rotation": [0, -45, 0],
				"cubes": [
					{"origin": [-1.13814, 5.03975, 4.13977], "size": [2, 5, 2], "uv": [0, 16]}
				]
			},
			{
				"name": "bone81",
				"parent": "bone53",
				"pivot": [0, 5.5, 0],
				"rotation": [0, -270, 0]
			},
			{
				"name": "bone82",
				"parent": "bone81",
				"pivot": [0, 5.5, 5.27792],
				"rotation": [23, 0, 0]
			},
			{
				"name": "bone83",
				"parent": "bone82",
				"pivot": [0, 5.5, 5.27792],
				"rotation": [0, -45, 0],
				"cubes": [
					{"origin": [-1.13814, 5.03975, 4.13977], "size": [2, 5, 2], "uv": [0, 16]}
				]
			},
			{
				"name": "bone84",
				"parent": "bone53",
				"pivot": [0, 5.5, 0],
				"rotation": [0, -300, 0]
			},
			{
				"name": "bone85",
				"parent": "bone84",
				"pivot": [0, 5.5, 5.27792],
				"rotation": [23, 0, 0]
			},
			{
				"name": "bone86",
				"parent": "bone85",
				"pivot": [0, 5.5, 5.27792],
				"rotation": [0, -45, 0],
				"cubes": [
					{"origin": [-1.13814, 5.03975, 4.13977], "size": [2, 5, 2], "uv": [0, 16]}
				]
			},
			{
				"name": "bone87",
				"parent": "bone53",
				"pivot": [0, 5.5, 0],
				"rotation": [0, -330, 0]
			},
			{
				"name": "bone88",
				"parent": "bone87",
				"pivot": [0, 5.5, 5.27792],
				"rotation": [23, 0, 0]
			},
			{
				"name": "bone89",
				"parent": "bone88",
				"pivot": [0, 5.5, 5.27792],
				"rotation": [0, -45, 0],
				"cubes": [
					{"origin": [-1.13814, 5.03975, 4.13977], "size": [2, 5, 2], "uv": [0, 16]}
				]
			},
			{
				"name": "bone16",
				"parent": "sittingRotationSkirt",
				"pivot": [0, 6, 0]
			},
			{
				"name": "bone17",
				"parent": "bone16",
				"pivot": [0, 6, 0]
			},
			{
				"name": "bone18",
				"parent": "bone17",
				"pivot": [0, 6, 5.27792],
				"rotation": [23, 0, 0]
			},
			{
				"name": "bone19",
				"parent": "bone18",
				"pivot": [0, 6, 5.27792],
				"rotation": [0, -45, 0],
				"cubes": [
					{"origin": [-1.13814, 5.53975, 4.13977], "size": [2, 6, 2], "uv": [0, 0]}
				]
			},
			{
				"name": "bone20",
				"parent": "bone16",
				"pivot": [0, 6, 0],
				"rotation": [0, -30, 0]
			},
			{
				"name": "bone21",
				"parent": "bone20",
				"pivot": [0, 6, 5.27792],
				"rotation": [23, 0, 0]
			},
			{
				"name": "bone22",
				"parent": "bone21",
				"pivot": [0, 6, 5.27792],
				"rotation": [0, -45, 0],
				"cubes": [
					{"origin": [-1.13814, 5.53975, 4.13977], "size": [2, 6, 2], "uv": [0, 0]}
				]
			},
			{
				"name": "bone23",
				"parent": "bone16",
				"pivot": [0, 6, 0],
				"rotation": [0, -60, 0]
			},
			{
				"name": "bone24",
				"parent": "bone23",
				"pivot": [0, 6, 5.27792],
				"rotation": [23, 0, 0]
			},
			{
				"name": "bone25",
				"parent": "bone24",
				"pivot": [0, 6, 5.27792],
				"rotation": [0, -45, 0],
				"cubes": [
					{"origin": [-1.13814, 5.53975, 4.13977], "size": [2, 6, 2], "uv": [0, 0]}
				]
			},
			{
				"name": "bone26",
				"parent": "bone16",
				"pivot": [0, 6, 0],
				"rotation": [0, -90, 0]
			},
			{
				"name": "bone27",
				"parent": "bone26",
				"pivot": [0, 6, 5.27792],
				"rotation": [23, 0, 0]
			},
			{
				"name": "bone28",
				"parent": "bone27",
				"pivot": [0, 6, 5.27792],
				"rotation": [0, -45, 0],
				"cubes": [
					{"origin": [-1.13814, 5.53975, 4.13977], "size": [2, 6, 2], "uv": [0, 0]}
				]
			},
			{
				"name": "bone29",
				"parent": "bone16",
				"pivot": [0, 6, 0],
				"rotation": [0, -120, 0]
			},
			{
				"name": "bone30",
				"parent": "bone29",
				"pivot": [0, 6, 5.27792],
				"rotation": [23, 0, 0]
			},
			{
				"name": "bone31",
				"parent": "bone30",
				"pivot": [0, 6, 5.27792],
				"rotation": [0, -45, 0],
				"cubes": [
					{"origin": [-1.13814, 5.53975, 4.13977], "size": [2, 6, 2], "uv": [0, 0]}
				]
			},
			{
				"name": "bone32",
				"parent": "bone16",
				"pivot": [0, 6, 0],
				"rotation": [0, -150, 0]
			},
			{
				"name": "bone33",
				"parent": "bone32",
				"pivot": [0, 6, 5.27792],
				"rotation": [23, 0, 0]
			},
			{
				"name": "bone34",
				"parent": "bone33",
				"pivot": [0, 6, 5.27792],
				"rotation": [0, -45, 0],
				"cubes": [
					{"origin": [-1.13814, 5.53975, 4.13977], "size": [2, 6, 2], "uv": [0, 0]}
				]
			},
			{
				"name": "bone35",
				"parent": "bone16",
				"pivot": [0, 6, 0],
				"rotation": [0, -180, 0]
			},
			{
				"name": "bone36",
				"parent": "bone35",
				"pivot": [0, 6, 5.27792],
				"rotation": [23, 0, 0]
			},
			{
				"name": "bone37",
				"parent": "bone36",
				"pivot": [0, 6, 5.27792],
				"rotation": [0, -45, 0],
				"cubes": [
					{"origin": [-1.13814, 5.53975, 4.13977], "size": [2, 6, 2], "uv": [0, 0]}
				]
			},
			{
				"name": "bone38",
				"parent": "bone16",
				"pivot": [0, 6, 0],
				"rotation": [0, -210, 0]
			},
			{
				"name": "bone39",
				"parent": "bone38",
				"pivot": [0, 6, 5.27792],
				"rotation": [23, 0, 0]
			},
			{
				"name": "bone40",
				"parent": "bone39",
				"pivot": [0, 6, 5.27792],
				"rotation": [0, -45, 0],
				"cubes": [
					{"origin": [-1.13814, 5.53975, 4.13977], "size": [2, 6, 2], "uv": [0, 0]}
				]
			},
			{
				"name": "bone41",
				"parent": "bone16",
				"pivot": [0, 6, 0],
				"rotation": [0, -240, 0]
			},
			{
				"name": "bone42",
				"parent": "bone41",
				"pivot": [0, 6, 5.27792],
				"rotation": [23, 0, 0]
			},
			{
				"name": "bone43",
				"parent": "bone42",
				"pivot": [0, 6, 5.27792],
				"rotation": [0, -45, 0],
				"cubes": [
					{"origin": [-1.13814, 5.53975, 4.13977], "size": [2, 6, 2], "uv": [0, 0]}
				]
			},
			{
				"name": "bone44",
				"parent": "bone16",
				"pivot": [0, 6, 0],
				"rotation": [0, -270, 0]
			},
			{
				"name": "bone45",
				"parent": "bone44",
				"pivot": [0, 6, 5.27792],
				"rotation": [23, 0, 0]
			},
			{
				"name": "bone46",
				"parent": "bone45",
				"pivot": [0, 6, 5.27792],
				"rotation": [0, -45, 0],
				"cubes": [
					{"origin": [-1.13814, 5.53975, 4.13977], "size": [2, 6, 2], "uv": [0, 0]}
				]
			},
			{
				"name": "bone47",
				"parent": "bone16",
				"pivot": [0, 6, 0],
				"rotation": [0, -300, 0]
			},
			{
				"name": "bone48",
				"parent": "bone47",
				"pivot": [0, 6, 5.27792],
				"rotation": [23, 0, 0]
			},
			{
				"name": "bone49",
				"parent": "bone48",
				"pivot": [0, 6, 5.27792],
				"rotation": [0, -45, 0],
				"cubes": [
					{"origin": [-1.13814, 5.53975, 4.13977], "size": [2, 6, 2], "uv": [0, 0]}
				]
			},
			{
				"name": "bone50",
				"parent": "bone16",
				"pivot": [0, 6, 0],
				"rotation": [0, -330, 0]
			},
			{
				"name": "bone51",
				"parent": "bone50",
				"pivot": [0, 6, 5.27792],
				"rotation": [23, 0, 0]
			},
			{
				"name": "bone52",
				"parent": "bone51",
				"pivot": [0, 6, 5.27792],
				"rotation": [0, -45, 0],
				"cubes": [
					{"origin": [-1.13814, 5.53975, 4.13977], "size": [2, 6, 2], "uv": [0, 0]}
				]
			},
			{
				"name": "legLeft",
				"pivot": [2, 9, 0],
				"cubes": [
					{"origin": [0.249, 0, -1.25], "size": [2.5, 8.5, 2.5], "uv": [8, 32]}
				]
			},
			{
				"name": "legRight",
				"pivot": [-2, 9, 0],
				"cubes": [
					{"origin": [-2.749, 0, -1.5], "size": [2.5, 8.5, 2.5], "uv": [0, 32]}
				]
			},
			{
				"name": "tail",
				"pivot": [0, 10, 4.75]
			},
			{
				"name": "tailIn",
				"parent": "tail",
				"pivot": [0, 8.75, 4],
				"rotation": [-47.5, 0, 0],
				"cubes": [
					{"origin": [-1, 9.06696, 3.32027], "size": [2, 2, 5], "uv": [24, 17]}
				]
			}
		]
	}
}