{
	"format_version": "1.10.0",
	"geometry.model": {
		"texturewidth": 128,
		"textureheight": 128,
		"visible_bounds_width": 3,
		"visible_bounds_height": 4,
		"visible_bounds_offset": [0, 1, 0],
		"bones": [
			{
				"name": "head",
				"pivot": [0, 17.05, 0],
				"cubes": [
					{"origin": [-4, 18, -4], "size": [8, 8, 8], "uv": [32, 0]},
					{"origin": [-4.25, 17.75, -4.25], "size": [8.5, 8.5, 8.5], "uv": [0, 0]},
					{"origin": [-4.25, 9.25, -4.25], "size": [8.5, 8.5, 8.5], "uv": [64, 0]}
				]
			},
			{
				"name": "blink",
				"parent": "head",
				"pivot": [0, 18.3, -0.1],
				"cubes": [
					{"origin": [-4, 18, -4.101], "size": [8, 8, 0], "uv": [24, 16]}
				]
			},
			{
				"name": "hair",
				"parent": "head",
				"pivot": [0, 17.05, 0],
				"cubes": [
					{"origin": [-1.5, 21.05, 4], "size": [3, 4, 2], "uv": [0, 52]}
				]
			},
			{
				"name": "horn",
				"parent": "head",
				"pivot": [-2.5, 27.05, 0.5],
				"rotation": [0, 0, -17.5]
			},
			{
				"name": "bone",
				"parent": "horn",
				"pivot": [-3.5, 26.35, 0.5],
				"rotation": [0, 0, 27.5],
				"cubes": [
					{"origin": [-4, 25.85, 0], "size": [1, 4, 1], "uv": [20, 74]}
				]
			},
			{
				"name": "bone2",
				"parent": "horn",
				"pivot": [-3.5, 26.35, 0.5],
				"rotation": [0, 0, -7.5],
				"cubes": [
					{"origin": [-2.08291, 24.93024, 0], "size": [1, 4, 1], "uv": [16, 74]}
				]
			},
			{
				"name": "bone3",
				"parent": "horn",
				"pivot": [-2.15277, 26.76816, 0],
				"rotation": [0, 0, 12.5],
				"cubes": [
					{"origin": [-3.45277, 25.76816, -0.1], "size": [2, 1.9, 1.2], "uv": [24, 76]}
				]
			},
			{
				"name": "horn2",
				"parent": "head",
				"pivot": [2.5, 27.05, 0.5],
				"rotation": [0, 180, 17.5]
			},
			{
				"name": "bone4",
				"parent": "horn2",
				"pivot": [1.5, 26.35, 0.5],
				"rotation": [0, 0, 27.5],
				"cubes": [
					{"origin": [1, 25.85, 0], "size": [1, 4, 1], "uv": [12, 74]}
				]
			},
			{
				"name": "bone5",
				"parent": "horn2",
				"pivot": [1.5, 26.35, 0.5],
				"rotation": [0, 0, -7.5],
				"cubes": [
					{"origin": [2.91709, 24.93024, 0], "size": [1, 4, 1], "uv": [8, 74]}
				]
			},
			{
				"name": "bone6",
				"parent": "horn2",
				"pivot": [2.84723, 26.76816, 0],
				"rotation": [0, 0, 12.5],
				"cubes": [
					{"origin": [1.54723, 25.76816, -0.1], "size": [2, 1.9, 1.2], "uv": [24, 74]}
				]
			},
			{
				"name": "ear",
				"parent": "head",
				"pivot": [-0.25, 17.05, -1]
			},
			{
				"name": "bone7",
				"parent": "ear",
				"pivot": [6.25, 19.55, -1.5],
				"rotation": [0, 0, -27.5],
				"cubes": [
					{"origin": [4.56228, 20.76086, -2.1], "size": [2, 0.5, 0.5], "uv": [50, 5]}
				]
			},
			{
				"name": "bone8",
				"parent": "ear",
				"pivot": [-0.25, 17.05, -1],
				"cubes": [
					{"origin": [3.73701, 20.71175, -2.1], "size": [2, 0.5, 0.5], "uv": [50, 5]},
					{"origin": [3.83701, 20.21175, -2.1], "size": [1.1, 0.5, 0.5], "uv": [51, 4]}
				]
			},
			{
				"name": "ear2",
				"parent": "head",
				"pivot": [0.25, 17.05, -2.6],
				"rotation": [0, 180, 0]
			},
			{
				"name": "bone9",
				"parent": "ear2",
				"pivot": [6.75, 19.55, -3.1],
				"rotation": [0, 0, -27.5],
				"cubes": [
					{"origin": [5.06228, 20.76086, -3.7], "size": [2, 0.5, 0.5], "uv": [50, 5]}
				]
			},
			{
				"name": "bone10",
				"parent": "ear2",
				"pivot": [0.25, 17.05, -2.6],
				"cubes": [
					{"origin": [4.23701, 20.71175, -3.7], "size": [2, 0.5, 0.5], "uv": [50, 4]},
					{"origin": [4.33701, 20.21175, -3.7], "size": [1.1, 0.5, 0.5], "uv": [51, 5]}
				]
			},
			{
				"name": "armRight",
				"pivot": [-2.75, 17.5, 0],
				"rotation": [0, 0, 25],
				"cubes": [
					{"origin": [-5.04584, 9.78442, -1], "size": [2, 7.35, 2], "uv": [24, 41]},
					{"origin": [-5.29584, 14.28442, -1.25], "size": [2.5, 3.35, 2.5], "uv": [0, 74]},
					{"origin": [-5.16368, 10.48442, -1.1], "size": [2.2, 0.35, 2.2], "uv": [37, 54]}
				]
			},
			{
				"name": "armLeft",
				"pivot": [2.75, 17.5, 0],
				"rotation": [0, 0, -25],
				"cubes": [
					{"origin": [2.79464, 14.28442, -1.25], "size": [2.5, 3.35, 2.5], "uv": [16, 63]},
					{"origin": [3.04584, 9.78442, -1], "size": [2, 7.35, 2], "uv": [16, 41]},
					{"origin": [2.94584, 10.48442, -1.1], "size": [2.2, 0.35, 2.2], "uv": [37, 54]}
				]
			},
			{
				"name": "body",
				"pivot": [0, 10.5, 0],
				"cubes": [
					{"origin": [-3, 9.199, -2.5], "size": [6, 8.5, 5], "uv": [1, 17]},
					{"origin": [-1, 17.199, -1], "size": [2, 1.5, 2], "uv": [10, 43]}
				]
			},
			{
				"name": "bone53",
				"parent": "body",
				"pivot": [0.125, 16.875, -3.75],
				"rotation": [-17.5, 0, 0],
				"cubes": [
					{"origin": [-0.75, 15.55, -4.15], "size": [1.75, 2.25, 1], "uv": [32, 65]},
					{"origin": [-0.125, 15.375, -3.85], "size": [0.5, 1, 0.35], "uv": [54, 51]}
				]
			},
			{
				"name": "bone54",
				"parent": "bone53",
				"pivot": [0, 8.4, 5],
				"cubes": [
					{"origin": [-2.5, 14.25, -6.25], "size": [5.2, 5.3, 4], "uv": [0, 89], "inflate": -2}
				]
			},
			{
				"name": "bone11",
				"parent": "body",
				"pivot": [0, 13.5, 0]
			},
			{
				"name": "bone12",
				"parent": "bone11",
				"pivot": [0, 3, 0]
			},
			{
				"name": "bone13",
				"parent": "bone12",
				"pivot": [0, 3, 4.97051],
				"rotation": [10, 0, 0],
				"cubes": [
					{"origin": [-3, 4.65782, 4.97051], "size": [6, 11, 0], "uv": [24, 30]}
				]
			},
			{
				"name": "bone14",
				"parent": "bone13",
				"pivot": [-3, 2.65782, 4.97051],
				"rotation": [0, 0, 9.85108],
				"cubes": [
					{"origin": [-5, 4.65782, 4.96951], "size": [2, 11, 0], "uv": [12, 63]}
				]
			},
			{
				"name": "bone15",
				"parent": "bone13",
				"pivot": [3, 2.65782, 4.97051],
				"rotation": [0, 0, -9.85108],
				"cubes": [
					{"origin": [3, 4.65782, 4.97151], "size": [2, 11, 0], "uv": [8, 63]}
				]
			},
			{
				"name": "bone16",
				"parent": "bone11",
				"pivot": [0, 3, 0],
				"rotation": [0, -90, 0]
			},
			{
				"name": "bone17",
				"parent": "bone16",
				"pivot": [0, 3, 4.97051],
				"rotation": [10, 0, 0],
				"cubes": [
					{"origin": [-3, 4.65782, 4.97051], "size": [6, 11, 0], "uv": [12, 30]}
				]
			},
			{
				"name": "bone18",
				"parent": "bone17",
				"pivot": [-3, 2.65782, 4.97051],
				"rotation": [0, 0, 9.85108],
				"cubes": [
					{"origin": [-5, 4.65782, 4.96951], "size": [2, 11, 0], "uv": [4, 63]}
				]
			},
			{
				"name": "bone19",
				"parent": "bone17",
				"pivot": [3, 2.65782, 4.97051],
				"rotation": [0, 0, -9.85108],
				"cubes": [
					{"origin": [3, 4.65782, 4.97151], "size": [2, 11, 0], "uv": [0, 63]}
				]
			},
			{
				"name": "bone20",
				"parent": "bone11",
				"pivot": [0, 3, 0],
				"rotation": [0, -180, 0]
			},
			{
				"name": "bone21",
				"parent": "bone20",
				"pivot": [0, 3, 4.97051],
				"rotation": [10, 0, 0],
				"cubes": [
					{"origin": [-3, 4.65782, 4.97051], "size": [6, 11, 0], "uv": [0, 30]},
					{"origin": [-2.2, 7.65782, 5.07051], "size": [4.4, 8, 0], "uv": [41, 31]}
				]
			},
			{
				"name": "zhuazi",
				"parent": "bone21",
				"pivot": [0, 3, 5.27051],
				"cubes": [
					{"origin": [-1.45, 11.40782, 5.27051], "size": [2.9, 2.25, 0.1], "uv": [37, 51]}
				]
			},
			{
				"name": "bone51",
				"parent": "zhuazi",
				"pivot": [0, 14.78282, 5.47051],
				"rotation": [-10, 0, 0],
				"cubes": [
					{"origin": [-0.45, 14.15782, 5.37051], "size": [0.9, 1.25, 0.1], "uv": [40, 51]}
				]
			},
			{
				"name": "bone49",
				"parent": "bone51",
				"pivot": [1.5, 14.53282, 5.47051],
				"rotation": [0, 0, 25],
				"cubes": [
					{"origin": [1.05, 13.90782, 5.37051], "size": [0.9, 1.25, 0.1], "uv": [40, 51]}
				]
			},
			{
				"name": "bone50",
				"parent": "bone51",
				"pivot": [3.5, 3.8, 5.37051],
				"rotation": [0, 0, -25],
				"cubes": [
					{"origin": [3.05, 14.95782, 5.37051], "size": [0.9, 1.25, 0.1], "uv": [40, 51]}
				]
			},
			{
				"name": "bone48",
				"parent": "zhuazi",
				"pivot": [-0.5, 1.75, 5.27051],
				"cubes": [
					{"origin": [0.55, 10.15782, 5.27051], "size": [0.4, 1, 0.1], "uv": [40, 51]},
					{"origin": [0.95, 10.65782, 5.27051], "size": [1, 0.5, 0.1], "uv": [39, 52]},
					{"origin": [1.95, 10.65782, 5.27051], "size": [0.5, 1.25, 0.1], "uv": [40, 52]}
				]
			},
			{
				"name": "bone52",
				"parent": "zhuazi",
				"pivot": [-1.43333, 10.94949, 5.37051],
				"rotation": [0, 180, 0],
				"cubes": [
					{"origin": [-2.35, 10.15782, 5.27051], "size": [0.4, 1, 0.1], "uv": [40, 51]},
					{"origin": [-1.95, 10.65782, 5.27051], "size": [1, 0.5, 0.1], "uv": [39, 52]},
					{"origin": [-0.95, 10.65782, 5.27051], "size": [0.5, 1.25, 0.1], "uv": [40, 52]}
				]
			},
			{
				"name": "bone22",
				"parent": "bone21",
				"pivot": [-3, 2.65782, 4.97051],
				"rotation": [0, 0, 9.85108],
				"cubes": [
					{"origin": [-5, 4.65782, 4.96951], "size": [2, 11, 0], "uv": [22, 52]},
					{"origin": [-5, 7.65782, 5.16951], "size": [2, 8, 0], "uv": [47, 39]}
				]
			},
			{
				"name": "bone23",
				"parent": "bone21",
				"pivot": [3, 2.65782, 4.97051],
				"rotation": [0, 0, -9.85108],
				"cubes": [
					{"origin": [3, 4.65782, 4.97151], "size": [2, 11, 0], "uv": [18, 52]},
					{"origin": [3, 7.65782, 5.17151], "size": [2, 8, 0], "uv": [42, 39]}
				]
			},
			{
				"name": "bone24",
				"parent": "bone11",
				"pivot": [0, 3, 0],
				"rotation": [0, -270, 0]
			},
			{
				"name": "bone25",
				"parent": "bone24",
				"pivot": [0, 3, 4.97051],
				"rotation": [10, 0, 0],
				"cubes": [
					{"origin": [-3, 4.65782, 4.97051], "size": [6, 11, 0], "uv": [40, 16]}
				]
			},
			{
				"name": "bone26",
				"parent": "bone25",
				"pivot": [-3, 2.65782, 4.97051],
				"rotation": [0, 0, 9.85108],
				"cubes": [
					{"origin": [-5, 4.65782, 4.96951], "size": [2, 11, 0], "uv": [14, 52]}
				]
			},
			{
				"name": "bone27",
				"parent": "bone25",
				"pivot": [3, 2.65782, 4.97051],
				"rotation": [0, 0, -9.85108],
				"cubes": [
					{"origin": [3, 4.65782, 4.97151], "size": [2, 11, 0], "uv": [10, 52]}
				]
			},
			{
				"name": "bone28",
				"parent": "body",
				"pivot": [0, 10.5, 0],
				"cubes": [
					{"origin": [-3, 15.75, 2.8], "size": [6, 2, 1], "uv": [11, 83]}
				]
			},
			{
				"name": "bone29",
				"parent": "body",
				"pivot": [0, 24.75, 0]
			},
			{
				"name": "bone30",
				"parent": "bone29",
				"pivot": [0, 14.25, 0]
			},
			{
				"name": "bone31",
				"parent": "bone30",
				"pivot": [0, 14.25, 3.89238],
				"rotation": [20, 0, 0],
				"cubes": [
					{"origin": [-2, 13.60277, 3.89238], "size": [4, 4, 0], "uv": [0, 101]}
				]
			},
			{
				"name": "bone32",
				"parent": "bone31",
				"pivot": [-2, 13.60277, 3.89238],
				"rotation": [0, 0, 18.88172],
				"cubes": [
					{"origin": [-4, 13.60277, 3.89138], "size": [2, 4, 0], "uv": [0, 0]}
				]
			},
			{
				"name": "bone33",
				"parent": "bone31",
				"pivot": [2, 13.60277, 3.89238],
				"rotation": [0, 0, -18.88172],
				"cubes": [
					{"origin": [2, 13.60277, 3.89338], "size": [2, 4, 0], "uv": [0, 0]}
				]
			},
			{
				"name": "bone34",
				"parent": "bone29",
				"pivot": [0, 14.25, 0],
				"rotation": [0, -90, 0]
			},
			{
				"name": "bone35",
				"parent": "bone34",
				"pivot": [0, 14.25, 3.89238],
				"rotation": [20, 0, 0]
			},
			{
				"name": "bone36",
				"parent": "bone35",
				"pivot": [-2, 13.60277, 3.89238],
				"rotation": [0, 0, 18.88172]
			},
			{
				"name": "bone37",
				"parent": "bone35",
				"pivot": [2, 13.60277, 3.89238],
				"rotation": [0, 0, -18.88172],
				"cubes": [
					{"origin": [2, 13.60277, 3.89338], "size": [2, 4, 0], "uv": [0, 0]}
				]
			},
			{
				"name": "bone38",
				"parent": "bone29",
				"pivot": [0, 14.25, 0],
				"rotation": [0, -180, 0]
			},
			{
				"name": "bone39",
				"parent": "bone38",
				"pivot": [0, 14.25, 3.89238],
				"rotation": [20, 0, 0]
			},
			{
				"name": "bone40",
				"parent": "bone39",
				"pivot": [-2, 13.60277, 3.89238],
				"rotation": [0, 0, 18.88172]
			},
			{
				"name": "bone41",
				"parent": "bone39",
				"pivot": [2, 13.60277, 3.89238],
				"rotation": [0, 0, -18.88172]
			},
			{
				"name": "bone42",
				"parent": "bone29",
				"pivot": [0, 14.25, 0],
				"rotation": [0, -270, 0]
			},
			{
				"name": "bone43",
				"parent": "bone42",
				"pivot": [0, 14.25, 3.89238],
				"rotation": [20, 0, 0]
			},
			{
				"name": "bone44",
				"parent": "bone43",
				"pivot": [-2, 13.60277, 3.89238],
				"rotation": [0, 0, 18.88172],
				"cubes": [
					{"origin": [-4, 13.60277, 3.89138], "size": [2, 4, 0], "uv": [0, 0]}
				]
			},
			{
				"name": "bone45",
				"parent": "bone43",
				"pivot": [2, 13.60277, 3.89238],
				"rotation": [0, 0, -18.88172]
			},
			{
				"name": "xxx",
				"parent": "body",
				"pivot": [0, 8.3, -0.1],
				"rotation": [0, 0, 1]
			},
			{
				"name": "bone46",
				"parent": "xxx",
				"pivot": [-2.1, 8.56593, -4.24118],
				"rotation": [-10, 0, 45],
				"cubes": [
					{"origin": [-2.35, 7.56593, -4.44118], "size": [0.5, 3.1, 0.1], "uv": [0, 85]},
					{"origin": [-1.28934, 8.94975, -4.64992], "size": [0.5, 2.6, 0.1], "uv": [0, 85]},
					{"origin": [-0.08726, 10.13356, -4.85866], "size": [0.5, 2.7, 0.1], "uv": [0, 85]}
				]
			},
			{
				"name": "bone47",
				"parent": "xxx",
				"pivot": [-0.6, 10.1, 0],
				"rotation": [-10, 0, -45],
				"cubes": [
					{"origin": [-2.35, 8.06593, -4.34118], "size": [0.5, 2.5, 0.1], "uv": [0, 85]},
					{"origin": [-1.14792, 6.88211, -4.13244], "size": [0.5, 2.5, 0.1], "uv": [0, 85]},
					{"origin": [0.05416, 5.55901, -3.89914], "size": [0.5, 3, 0.1], "uv": [0, 85]}
				]
			},
			{
				"name": "bone55",
				"parent": "body",
				"pivot": [0, 15.949, -2.95],
				"rotation": [-7.5, 0, 0],
				"cubes": [
					{"origin": [-3, 14.199, -2.95], "size": [6, 3.5, 0], "uv": [55, 31]}
				]
			},
			{
				"name": "legLeft",
				"pivot": [1.5, 8.5, 0],
				"cubes": [
					{"origin": [0.249, 0.1, -1.5], "size": [2.5, 9.4, 2.5], "uv": [8, 41]},
					{"origin": [-0.001, 0, -1.75], "size": [3, 1.75, 3], "uv": [33, 59]}
				]
			},
			{
				"name": "legRight",
				"pivot": [-1.5, 8.5, 0],
				"cubes": [
					{"origin": [-2.749, 0.1, -1.5], "size": [2.5, 9.4, 2.5], "uv": [0, 41]},
					{"origin": [-3.001, 0, -1.75], "size": [3, 1.75, 3], "uv": [33, 59]}
				]
			},
			{
				"name": "backpackPositioningBone",
				"pivot": [0, 17.25, 0]
			}
		]
	}
}