{
	"format_version": "1.10.0",
	"geometry.model": {
		"texturewidth": 128,
		"textureheight": 128,
		"visible_bounds_width": 3,
		"visible_bounds_height": 4,
		"visible_bounds_offset": [0, 1, 0],
		"bones": [
			{
				"name": "head",
				"pivot": [0, 17.5, 0],
				"cubes": [
					{"origin": [-4, 18.2, -4], "size": [8, 8, 8], "uv": [0, 16]},
					{"origin": [-4.25, 17.95, -4.25], "size": [8.5, 8.5, 8.5], "uv": [0, 0]}
				]
			},
			{
				"name": "bone5",
				"parent": "head",
				"pivot": [0, 19.7, 7],
				"rotation": [20, 0, 0]
			},
			{
				"name": "ahoge",
				"parent": "head",
				"pivot": [0, 26.5, 0]
			},
			{
				"name": "blink",
				"parent": "head",
				"pivot": [0, 18.5, 0],
				"cubes": [
					{"origin": [-4, 18.2, -4.001], "size": [8, 8, 0], "uv": [24, 0]}
				]
			},
			{
				"name": "bone",
				"parent": "head",
				"pivot": [0.5, 18.5, 0.25]
			},
			{
				"name": "bone2",
				"parent": "bone",
				"pivot": [0, 26.625, -2],
				"cubes": [
					{"origin": [-3.95, 26.125, -2.25], "size": [2, 2.25, 1], "uv": [40, 54]},
					{"origin": [2.05, 26.125, -2.25], "size": [2, 2.25, 1], "uv": [8, 44]}
				]
			},
			{
				"name": "armRight",
				"pivot": [-3, 17.25, 0],
				"rotation": [0, 0, 25],
				"cubes": [
					{"origin": [-4.72177, 10.07797, -1], "size": [2, 7.35, 2], "uv": [24, 34]}
				]
			},
			{
				"name": "armRightPositioningBone",
				"parent": "armRight",
				"pivot": [-3.74134, 10.58327, 0]
			},
			{
				"name": "armLeft",
				"pivot": [3, 17.25, 0],
				"rotation": [0, 0, -25],
				"cubes": [
					{"origin": [2.72177, 10.07797, -1], "size": [2, 7.35, 2], "uv": [16, 32]}
				]
			},
			{
				"name": "armLeftPositioningBone",
				"parent": "armLeft",
				"pivot": [3.76476, 10.43893, 0]
			},
			{
				"name": "body",
				"pivot": [0, 10.5, 0],
				"cubes": [
					{"origin": [-1.5, 17.699, -1], "size": [3, 2, 2.5], "uv": [6, 34]},
					{"origin": [-3, 9.199, -2], "size": [6, 8.5, 4], "uv": [28, 12]}
				]
			},
			{
				"name": "bone13",
				"parent": "body",
				"pivot": [-1.375, 14.875, -3.25],
				"cubes": [
					{"origin": [-3, 15, -2.25], "size": [6, 3, 1.25], "uv": [32, 24]}
				]
			},
			{
				"name": "bone14",
				"parent": "body",
				"pivot": [1.625, 14.625, -3.25],
				"rotation": [0, 0, 12.5]
			},
			{
				"name": "sittingRotationSkirt",
				"parent": "body",
				"pivot": [0, 10.5, 0]
			},
			{
				"name": "bone53",
				"parent": "sittingRotationSkirt",
				"pivot": [0, 5.5, 0]
			},
			{
				"name": "bone54",
				"parent": "bone53",
				"pivot": [0, 5.5, 0]
			},
			{
				"name": "bone55",
				"parent": "bone54",
				"pivot": [0, 5.5, 5.27792],
				"rotation": [23, 0, 0]
			},
			{
				"name": "bone56",
				"parent": "bone55",
				"pivot": [0, 5.5, 5.27792],
				"rotation": [0, -45, 0],
				"cubes": [
					{"origin": [-1.51275, 6.35099, 3.76516], "size": [2, 5, 2], "uv": [54, 5]}
				]
			},
			{
				"name": "bone57",
				"parent": "bone53",
				"pivot": [0, 5.5, 0],
				"rotation": [0, -30, 0]
			},
			{
				"name": "bone58",
				"parent": "bone57",
				"pivot": [0, 5.5, 5.27792],
				"rotation": [23, 0, 0]
			},
			{
				"name": "bone59",
				"parent": "bone58",
				"pivot": [0, 5.5, 5.27792],
				"rotation": [0, -45, 0],
				"cubes": [
					{"origin": [-1.7791, 6.29864, 4.20592], "size": [2, 5, 2], "uv": [52, 36]}
				]
			},
			{
				"name": "bone60",
				"parent": "bone53",
				"pivot": [0, 5.5, 0],
				"rotation": [0, -60, 0]
			},
			{
				"name": "bone61",
				"parent": "bone60",
				"pivot": [0, 5.5, 5.27792],
				"rotation": [23, 0, 0]
			},
			{
				"name": "bone62",
				"parent": "bone61",
				"pivot": [0, 5.5, 5.27792],
				"rotation": [0, -45, 0],
				"cubes": [
					{"origin": [-1.79967, 6.15562, 4.70298], "size": [2, 5, 2], "uv": [32, 52]}
				]
			},
			{
				"name": "bone63",
				"parent": "bone53",
				"pivot": [0, 5.5, 0],
				"rotation": [0, -90, 0]
			},
			{
				"name": "bone64",
				"parent": "bone63",
				"pivot": [0, 5.5, 5.27792],
				"rotation": [23, 0, 0]
			},
			{
				"name": "bone65",
				"parent": "bone64",
				"pivot": [0, 5.5, 5.27792],
				"rotation": [0, -45, 0],
				"cubes": [
					{"origin": [-1.35002, 6.2533, 3.92789], "size": [2, 5, 2], "uv": [52, 14]}
				]
			},
			{
				"name": "bone66",
				"parent": "bone53",
				"pivot": [0, 5.5, 0],
				"rotation": [0, -120, 0]
			},
			{
				"name": "bone67",
				"parent": "bone66",
				"pivot": [0, 5.5, 5.27792],
				"rotation": [23, 0, 0]
			},
			{
				"name": "bone68",
				"parent": "bone67",
				"pivot": [0, 5.5, 5.27792],
				"rotation": [0, -45, 0],
				"cubes": [
					{"origin": [-0.57493, 6.15562, 3.47824], "size": [2, 5, 2], "uv": [24, 51]}
				]
			},
			{
				"name": "bone69",
				"parent": "bone53",
				"pivot": [0, 5.5, 0],
				"rotation": [0, -150, 0]
			},
			{
				"name": "bone70",
				"parent": "bone69",
				"pivot": [0, 5.5, 5.27792],
				"rotation": [23, 0, 0]
			},
			{
				"name": "bone71",
				"parent": "bone70",
				"pivot": [0, 5.5, 5.27792],
				"rotation": [0, -45, 0],
				"cubes": [
					{"origin": [-1.07199, 6.29864, 3.49881], "size": [2, 5, 2], "uv": [0, 50]}
				]
			},
			{
				"name": "bone72",
				"parent": "bone53",
				"pivot": [0, 5.5, 0],
				"rotation": [0, -180, 0]
			},
			{
				"name": "bone73",
				"parent": "bone72",
				"pivot": [0, 5.5, 5.27792],
				"rotation": [23, 0, 0]
			},
			{
				"name": "bone74",
				"parent": "bone73",
				"pivot": [0, 5.5, 5.27792],
				"rotation": [0, -45, 0],
				"cubes": [
					{"origin": [-1.51275, 6.35099, 3.76516], "size": [2, 5, 2], "uv": [46, 49]}
				]
			},
			{
				"name": "bone75",
				"parent": "bone53",
				"pivot": [0, 5.5, 0],
				"rotation": [0, -210, 0]
			},
			{
				"name": "bone76",
				"parent": "bone75",
				"pivot": [0, 5.5, 5.27792],
				"rotation": [23, 0, 0]
			},
			{
				"name": "bone77",
				"parent": "bone76",
				"pivot": [0, 5.5, 5.27792],
				"rotation": [0, -45, 0],
				"cubes": [
					{"origin": [-1.7791, 6.29864, 4.20592], "size": [2, 5, 2], "uv": [49, 22]}
				]
			},
			{
				"name": "bone78",
				"parent": "bone53",
				"pivot": [0, 5.5, 0],
				"rotation": [0, -240, 0]
			},
			{
				"name": "bone79",
				"parent": "bone78",
				"pivot": [0, 5.5, 5.27792],
				"rotation": [23, 0, 0]
			},
			{
				"name": "bone80",
				"parent": "bone79",
				"pivot": [0, 5.5, 5.27792],
				"rotation": [0, -45, 0],
				"cubes": [
					{"origin": [-1.79967, 6.15562, 4.70298], "size": [2, 5, 2], "uv": [16, 49]}
				]
			},
			{
				"name": "bone81",
				"parent": "bone53",
				"pivot": [0, 5.5, 0],
				"rotation": [0, -270, 0]
			},
			{
				"name": "bone82",
				"parent": "bone81",
				"pivot": [0, 5.5, 5.27792],
				"rotation": [23, 0, 0]
			},
			{
				"name": "bone83",
				"parent": "bone82",
				"pivot": [0, 5.5, 5.27792],
				"rotation": [0, -45, 0],
				"cubes": [
					{"origin": [-1.35002, 6.2533, 3.92789], "size": [2, 5, 2], "uv": [48, 0]}
				]
			},
			{
				"name": "bone84",
				"parent": "bone53",
				"pivot": [0, 5.5, 0],
				"rotation": [0, -300, 0]
			},
			{
				"name": "bone85",
				"parent": "bone84",
				"pivot": [0, 5.5, 5.27792],
				"rotation": [23, 0, 0]
			},
			{
				"name": "bone86",
				"parent": "bone85",
				"pivot": [0, 5.5, 5.27792],
				"rotation": [0, -45, 0],
				"cubes": [
					{"origin": [-0.57493, 6.15562, 3.47824], "size": [2, 5, 2], "uv": [8, 47]}
				]
			},
			{
				"name": "bone87",
				"parent": "bone53",
				"pivot": [0, 5.5, 0],
				"rotation": [0, -330, 0]
			},
			{
				"name": "bone88",
				"parent": "bone87",
				"pivot": [0, 5.5, 5.27792],
				"rotation": [23, 0, 0]
			},
			{
				"name": "bone89",
				"parent": "bone88",
				"pivot": [0, 5.5, 5.27792],
				"rotation": [0, -45, 0],
				"cubes": [
					{"origin": [-1.07199, 6.29864, 3.49881], "size": [2, 5, 2], "uv": [46, 42]}
				]
			},
			{
				"name": "bone16",
				"parent": "sittingRotationSkirt",
				"pivot": [0, 6, 0]
			},
			{
				"name": "bone17",
				"parent": "bone16",
				"pivot": [0, 6, 0]
			},
			{
				"name": "bone18",
				"parent": "bone17",
				"pivot": [0, 6, 5.27792],
				"rotation": [23, 0, 0]
			},
			{
				"name": "bone19",
				"parent": "bone18",
				"pivot": [0, 6, 5.27792],
				"rotation": [0, -45, 0],
				"cubes": [
					{"origin": [-1.51275, 6.85099, 3.76516], "size": [2, 6, 2], "uv": [46, 30]}
				]
			},
			{
				"name": "bone20",
				"parent": "bone16",
				"pivot": [0, 6, 0],
				"rotation": [0, -30, 0]
			},
			{
				"name": "bone21",
				"parent": "bone20",
				"pivot": [0, 6, 5.27792],
				"rotation": [23, 0, 0]
			},
			{
				"name": "bone22",
				"parent": "bone21",
				"pivot": [0, 6, 5.27792],
				"rotation": [0, -45, 0],
				"cubes": [
					{"origin": [-1.7791, 6.79864, 4.20592], "size": [2, 6, 2], "uv": [46, 8]}
				]
			},
			{
				"name": "bone23",
				"parent": "bone16",
				"pivot": [0, 6, 0],
				"rotation": [0, -60, 0]
			},
			{
				"name": "bone24",
				"parent": "bone23",
				"pivot": [0, 6, 5.27792],
				"rotation": [23, 0, 0]
			},
			{
				"name": "bone25",
				"parent": "bone24",
				"pivot": [0, 6, 5.27792],
				"rotation": [0, -45, 0],
				"cubes": [
					{"origin": [-1.79967, 6.65562, 4.70298], "size": [2, 6, 2], "uv": [38, 44]}
				]
			},
			{
				"name": "bone26",
				"parent": "bone16",
				"pivot": [0, 6, 0],
				"rotation": [0, -90, 0]
			},
			{
				"name": "bone27",
				"parent": "bone26",
				"pivot": [0, 6, 5.27792],
				"rotation": [23, 0, 0]
			},
			{
				"name": "bone28",
				"parent": "bone27",
				"pivot": [0, 6, 5.27792],
				"rotation": [0, -45, 0],
				"cubes": [
					{"origin": [-1.35002, 6.7533, 3.92789], "size": [2, 6, 2], "uv": [30, 44]}
				]
			},
			{
				"name": "bone29",
				"parent": "bone16",
				"pivot": [0, 6, 0],
				"rotation": [0, -120, 0]
			},
			{
				"name": "bone30",
				"parent": "bone29",
				"pivot": [0, 6, 5.27792],
				"rotation": [23, 0, 0]
			},
			{
				"name": "bone31",
				"parent": "bone30",
				"pivot": [0, 6, 5.27792],
				"rotation": [0, -45, 0],
				"cubes": [
					{"origin": [-0.57493, 6.65562, 3.47824], "size": [2, 6, 2], "uv": [22, 43]}
				]
			},
			{
				"name": "bone32",
				"parent": "bone16",
				"pivot": [0, 6, 0],
				"rotation": [0, -150, 0]
			},
			{
				"name": "bone33",
				"parent": "bone32",
				"pivot": [0, 6, 5.27792],
				"rotation": [23, 0, 0]
			},
			{
				"name": "bone34",
				"parent": "bone33",
				"pivot": [0, 6, 5.27792],
				"rotation": [0, -45, 0],
				"cubes": [
					{"origin": [-1.07199, 6.79864, 3.49881], "size": [2, 6, 2], "uv": [0, 42]}
				]
			},
			{
				"name": "bone35",
				"parent": "bone16",
				"pivot": [0, 6, 0],
				"rotation": [0, -180, 0]
			},
			{
				"name": "bone36",
				"parent": "bone35",
				"pivot": [0, 6, 5.27792],
				"rotation": [23, 0, 0]
			},
			{
				"name": "bone37",
				"parent": "bone36",
				"pivot": [0, 6, 5.27792],
				"rotation": [0, -45, 0],
				"cubes": [
					{"origin": [-1.51275, 6.85099, 3.76516], "size": [2, 6, 2], "uv": [14, 41]}
				]
			},
			{
				"name": "bone38",
				"parent": "bone16",
				"pivot": [0, 6, 0],
				"rotation": [0, -210, 0]
			},
			{
				"name": "bone39",
				"parent": "bone38",
				"pivot": [0, 6, 5.27792],
				"rotation": [23, 0, 0]
			},
			{
				"name": "bone40",
				"parent": "bone39",
				"pivot": [0, 6, 5.27792],
				"rotation": [0, -45, 0],
				"cubes": [
					{"origin": [-1.7791, 6.79864, 4.20592], "size": [2, 6, 2], "uv": [40, 36]}
				]
			},
			{
				"name": "bone41",
				"parent": "bone16",
				"pivot": [0, 6, 0],
				"rotation": [0, -240, 0]
			},
			{
				"name": "bone42",
				"parent": "bone41",
				"pivot": [0, 6, 5.27792],
				"rotation": [23, 0, 0]
			},
			{
				"name": "bone43",
				"parent": "bone42",
				"pivot": [0, 6, 5.27792],
				"rotation": [0, -45, 0],
				"cubes": [
					{"origin": [-1.79967, 6.65562, 4.70298], "size": [2, 6, 2], "uv": [40, 0]}
				]
			},
			{
				"name": "bone44",
				"parent": "bone16",
				"pivot": [0, 6, 0],
				"rotation": [0, -270, 0]
			},
			{
				"name": "bone45",
				"parent": "bone44",
				"pivot": [0, 6, 5.27792],
				"rotation": [23, 0, 0]
			},
			{
				"name": "bone46",
				"parent": "bone45",
				"pivot": [0, 6, 5.27792],
				"rotation": [0, -45, 0],
				"cubes": [
					{"origin": [-1.35002, 6.7533, 3.92789], "size": [2, 6, 2], "uv": [32, 36]}
				]
			},
			{
				"name": "bone47",
				"parent": "bone16",
				"pivot": [0, 6, 0],
				"rotation": [0, -300, 0]
			},
			{
				"name": "bone48",
				"parent": "bone47",
				"pivot": [0, 6, 5.27792],
				"rotation": [23, 0, 0]
			},
			{
				"name": "bone49",
				"parent": "bone48",
				"pivot": [0, 6, 5.27792],
				"rotation": [0, -45, 0],
				"cubes": [
					{"origin": [-0.57493, 6.65562, 3.47824], "size": [2, 6, 2], "uv": [0, 16]}
				]
			},
			{
				"name": "bone50",
				"parent": "bone16",
				"pivot": [0, 6, 0],
				"rotation": [0, -330, 0]
			},
			{
				"name": "bone51",
				"parent": "bone50",
				"pivot": [0, 6, 5.27792],
				"rotation": [23, 0, 0]
			},
			{
				"name": "bone52",
				"parent": "bone51",
				"pivot": [0, 6, 5.27792],
				"rotation": [0, -45, 0],
				"cubes": [
					{"origin": [-1.07199, 6.79864, 3.49881], "size": [2, 6, 2], "uv": [0, 0]}
				]
			},
			{
				"name": "chestPlate",
				"parent": "body",
				"pivot": [0, 10.5, 0]
			},
			{
				"name": "darksword22",
				"parent": "chestPlate",
				"pivot": [0, 12.5, 5],
				"rotation": [0, 0, -90],
				"cubes": [
					{"origin": [6, 13.5, 5], "size": [3, 1, 1], "uv": [54, 47]},
					{"origin": [0, 13.5, 5], "size": [5, 1, 1], "uv": [54, 31]},
					{"origin": [7, 14.5, 5], "size": [2, 1, 1], "uv": [40, 32]},
					{"origin": [-1, 14.5, 5], "size": [5, 1, 1], "uv": [54, 12]},
					{"origin": [-2, 15.5, 5], "size": [5, 1, 1], "uv": [54, 0]},
					{"origin": [-3, 16.5, 5], "size": [5, 1, 1], "uv": [52, 49]},
					{"origin": [-4, 17.5, 5], "size": [5, 1, 1], "uv": [52, 29]},
					{"origin": [-5, 18.5, 5], "size": [5, 1, 1], "uv": [36, 30]},
					{"origin": [-5, 19.5, 5], "size": [4, 1, 1], "uv": [54, 45]},
					{"origin": [-5, 20.5, 5], "size": [3, 1, 1], "uv": [38, 52]},
					{"origin": [1, 12.5, 5], "size": [7, 1, 1], "uv": [32, 8]},
					{"origin": [2, 11.5, 5], "size": [6, 1, 1], "uv": [36, 28]},
					{"origin": [3, 10.5, 5], "size": [4, 1, 1], "uv": [54, 43]},
					{"origin": [2, 9.5, 5], "size": [6, 1, 1], "uv": [30, 34]},
					{"origin": [6, 8.5, 5], "size": [3, 1, 1], "uv": [6, 42]},
					{"origin": [7, 7.5, 5], "size": [1, 1, 1], "uv": [6, 32]},
					{"origin": [1, 8.5, 5], "size": [4, 1, 1], "uv": [54, 33]},
					{"origin": [1, 7.5, 5], "size": [2, 1, 1], "uv": [22, 32]},
					{"origin": [8, 5.5, 5], "size": [3, 3, 1], "uv": [8, 54]}
				]
			},
			{
				"name": "legLeft",
				"pivot": [1.5, 8.5, 0],
				"cubes": [
					{"origin": [0.249, 0, -1.5], "size": [2.5, 9.5, 2.5], "uv": [8, 58]}
				]
			},
			{
				"name": "legRight",
				"pivot": [-1.5, 8.5, 0],
				"cubes": [
					{"origin": [-2.749, 0, -1.5], "size": [2.5, 9.5, 2.5], "uv": [0, 58]}
				]
			},
			{
				"name": "tail",
				"pivot": [0, 10, 3.75]
			},
			{
				"name": "tailIn",
				"parent": "tail",
				"pivot": [0, 9.5, 4.75],
				"rotation": [35, 0, 0],
				"cubes": [
					{"origin": [-1, 9.81696, 4.07027], "size": [2, 2, 4], "uv": [28, 28]}
				]
			}
		]
	}
}