{
	"format_version": "1.10.0",
	"geometry.model": {
		"texturewidth": 128,
		"textureheight": 128,
		"visible_bounds_width": 3,
		"visible_bounds_height": 4,
		"visible_bounds_offset": [0, 1, 0],
		"bones": [
			{
				"name": "head",
				"pivot": [0, 17, 0.5],
				"cubes": [
					{"origin": [-4, 16.95, -3.5], "size": [8, 8, 8], "uv": [32, 0]},
					{"origin": [-4.25, 16.7, -3.75], "size": [8.5, 8.5, 8.5], "uv": [0, 0]}
				]
			},
			{
				"name": "bone7",
				"parent": "head",
				"pivot": [0, 10.95, 4.75],
				"rotation": [22.5, 0, 0],
				"cubes": [
					{"origin": [-5.25, 8.68619, 7.33211], "size": [10.5, 8.5, 0], "uv": [0, 16]}
				]
			},
			{
				"name": "ahoge",
				"parent": "head",
				"pivot": [0, 26.25, 0.5]
			},
			{
				"name": "blink",
				"parent": "head",
				"pivot": [0, 18.25, 0.5],
				"cubes": [
					{"origin": [-4, 16.95, -3.501], "size": [8, 8, 0], "uv": [20, 16]}
				]
			},
			{
				"name": "bone",
				"parent": "head",
				"pivot": [0.5, 19.25, 0.75]
			},
			{
				"name": "bone2",
				"parent": "bone",
				"pivot": [0, 27.375, -1.5]
			},
			{
				"name": "bone3",
				"parent": "bone2",
				"pivot": [2.5, 27.375, -1.5],
				"rotation": [0, 0, 7.5],
				"cubes": [
					{"origin": [0.34914, 23.76305, -2.75], "size": [4.3, 5, 2.5], "uv": [50, 16], "inflate": -1},
					{"origin": [1, 23.75, -2.5], "size": [3, 6.25, 2.75], "uv": [12, 26], "inflate": -1}
				]
			},
			{
				"name": "bone4",
				"parent": "bone2",
				"pivot": [-2.5, 27.375, -1.5],
				"rotation": [0, 0, -7.5],
				"cubes": [
					{"origin": [-4, 24, -2.5], "size": [3, 6, 2.75], "uv": [12, 26], "inflate": -1},
					{"origin": [-4.65086, 23.73695, -2.75], "size": [4.3, 5, 2.5], "uv": [50, 16], "inflate": -1}
				]
			},
			{
				"name": "hair",
				"parent": "head",
				"pivot": [0, 18.25, 0.5]
			},
			{
				"name": "bone5",
				"parent": "head",
				"pivot": [-3.25, 23.5, -4.5],
				"rotation": [1.27221, 17.7416, 30.37015],
				"cubes": [
					{"origin": [-5.75, 20, -4.25], "size": [6, 6, 0.5], "uv": [0, 26]},
					{"origin": [-4.75, 21, -5.75], "size": [4, 4, 1.5], "uv": [44, 29]}
				]
			},
			{
				"name": "bone6",
				"parent": "bone5",
				"pivot": [-4, 22.5, -5],
				"rotation": [0, 0, -27.5],
				"cubes": [
					{"origin": [-4.5, 18.75, -6], "size": [1.75, 1.75, 1.75], "uv": [36, 41]}
				]
			},
			{
				"name": "armRight",
				"pivot": [-3, 16, 0],
				"rotation": [0, 0, 25],
				"cubes": [
					{"origin": [-5.40149, 8.51099, -0.75], "size": [2, 7.35, 2], "uv": [22, 26]},
					{"origin": [-5.65149, 14.01099, -1], "size": [2.5, 1.1, 2.5], "uv": [12, 35]}
				]
			},
			{
				"name": "bone113",
				"parent": "armRight",
				"pivot": [-1, 23.25, 0]
			},
			{
				"name": "bone114",
				"parent": "bone113",
				"pivot": [-4, 7, 0]
			},
			{
				"name": "bone115",
				"parent": "bone114",
				"pivot": [-4, 7, 1.97906],
				"rotation": [12, 0, 0],
				"cubes": [
					{"origin": [-5.31696, 10.40934, 2.36492], "size": [2, 2, 0], "uv": [32, 65]},
					{"origin": [-4.81696, 9.40934, 2.36492], "size": [1, 1, 0], "uv": [0, 70]}
				]
			},
			{
				"name": "bone116",
				"parent": "bone115",
				"pivot": [-5, 6.79644, 1.97906],
				"rotation": [0, 0, 11.74513],
				"cubes": [
					{"origin": [-6.43509, 9.33199, 2.36392], "size": [1, 3, 0], "uv": [40, 62]}
				]
			},
			{
				"name": "bone117",
				"parent": "bone115",
				"pivot": [-3, 6.79644, 1.97906],
				"rotation": [0, 0, -11.74513],
				"cubes": [
					{"origin": [-3.18557, 9.46103, 2.36592], "size": [1, 3, 0], "uv": [40, 62]}
				]
			},
			{
				"name": "bone118",
				"parent": "bone113",
				"pivot": [-4, 7, 0],
				"rotation": [0, -90, 0]
			},
			{
				"name": "bone119",
				"parent": "bone118",
				"pivot": [-4, 7, 1.97906],
				"rotation": [12, 0, 0],
				"cubes": [
					{"origin": [-4.75, 10.39542, 2.43042], "size": [2, 2, 0], "uv": [32, 65]},
					{"origin": [-4.25, 9.39542, 2.43042], "size": [1, 1, 0], "uv": [0, 70]}
				]
			},
			{
				"name": "bone120",
				"parent": "bone119",
				"pivot": [-5, 6.79644, 1.97906],
				"rotation": [0, 0, 11.74513],
				"cubes": [
					{"origin": [-5.87716, 9.43377, 2.42942], "size": [1, 3, 0], "uv": [40, 62]}
				]
			},
			{
				"name": "bone121",
				"parent": "bone119",
				"pivot": [-3, 6.79644, 1.97906],
				"rotation": [0, 0, -11.74513],
				"cubes": [
					{"origin": [-2.63331, 9.33199, 2.43142], "size": [1, 3, 0], "uv": [40, 62]}
				]
			},
			{
				"name": "bone122",
				"parent": "bone113",
				"pivot": [-4, 7, 0],
				"rotation": [0, -180, 0]
			},
			{
				"name": "bone123",
				"parent": "bone122",
				"pivot": [-4, 7, 1.97906],
				"rotation": [12, 0, 0],
				"cubes": [
					{"origin": [-4.68304, 10.5133, 1.87585], "size": [2, 2, 0], "uv": [32, 65]},
					{"origin": [-4.18304, 9.5133, 1.87585], "size": [1, 1, 0], "uv": [0, 70]}
				]
			},
			{
				"name": "bone124",
				"parent": "bone123",
				"pivot": [-5, 6.79644, 1.97906],
				"rotation": [0, 0, 11.74513],
				"cubes": [
					{"origin": [-5.83559, 9.56281, 1.87485], "size": [1, 3, 0], "uv": [40, 62]}
				]
			},
			{
				"name": "bone125",
				"parent": "bone123",
				"pivot": [-3, 6.79644, 1.97906],
				"rotation": [0, 0, -11.74513],
				"cubes": [
					{"origin": [-2.54375, 9.43377, 1.87685], "size": [1, 3, 0], "uv": [40, 62]}
				]
			},
			{
				"name": "bone126",
				"parent": "bone113",
				"pivot": [-4, 7, 0],
				"rotation": [0, -270, 0]
			},
			{
				"name": "bone127",
				"parent": "bone126",
				"pivot": [-4, 7, 1.97906],
				"rotation": [12, 0, 0],
				"cubes": [
					{"origin": [-5.25, 10.52722, 1.81035], "size": [2, 2, 0], "uv": [32, 65]},
					{"origin": [-4.75, 9.52722, 1.81035], "size": [1, 1, 0], "uv": [0, 70]}
				]
			},
			{
				"name": "bone128",
				"parent": "bone127",
				"pivot": [-5, 6.79644, 1.97906],
				"rotation": [0, 0, 11.74513],
				"cubes": [
					{"origin": [-6.39352, 9.46103, 1.80935], "size": [1, 3, 0], "uv": [40, 62]}
				]
			},
			{
				"name": "bone129",
				"parent": "bone127",
				"pivot": [-3, 6.79644, 1.97906],
				"rotation": [0, 0, -11.74513],
				"cubes": [
					{"origin": [-3.09601, 9.56281, 1.81135], "size": [1, 3, 0], "uv": [40, 62]}
				]
			},
			{
				"name": "armLeft",
				"pivot": [3, 16.25, 0],
				"rotation": [0, 0, -25],
				"cubes": [
					{"origin": [3.04583, 14.03441, -1], "size": [2.5, 1.1, 2.5], "uv": [12, 35]},
					{"origin": [3.29583, 8.53441, -0.75], "size": [2, 7.35, 2], "uv": [22, 26]}
				]
			},
			{
				"name": "bone8",
				"parent": "armLeft",
				"pivot": [7, 23.25, 0]
			},
			{
				"name": "bone9",
				"parent": "bone8",
				"pivot": [4, 7, 0]
			},
			{
				"name": "bone10",
				"parent": "bone9",
				"pivot": [4, 7, 1.97906],
				"rotation": [12, 0, 0],
				"cubes": [
					{"origin": [3.31696, 10.40934, 2.36492], "size": [2, 2, 0], "uv": [32, 65]},
					{"origin": [3.81696, 9.40934, 2.36492], "size": [1, 1, 0], "uv": [0, 70]}
				]
			},
			{
				"name": "bone11",
				"parent": "bone10",
				"pivot": [3, 6.79644, 1.97906],
				"rotation": [0, 0, 11.74513],
				"cubes": [
					{"origin": [2.18557, 9.46103, 2.36392], "size": [1, 3, 0], "uv": [40, 62]}
				]
			},
			{
				"name": "bone12",
				"parent": "bone10",
				"pivot": [5, 6.79644, 1.97906],
				"rotation": [0, 0, -11.74513],
				"cubes": [
					{"origin": [5.43509, 9.33199, 2.36592], "size": [1, 3, 0], "uv": [40, 62]}
				]
			},
			{
				"name": "bone13",
				"parent": "bone8",
				"pivot": [4, 7, 0],
				"rotation": [0, -90, 0]
			},
			{
				"name": "bone14",
				"parent": "bone13",
				"pivot": [4, 7, 1.97906],
				"rotation": [12, 0, 0],
				"cubes": [
					{"origin": [3.25, 10.52722, 1.81035], "size": [2, 2, 0], "uv": [32, 65]},
					{"origin": [3.75, 9.52722, 1.81035], "size": [1, 1, 0], "uv": [0, 70]}
				]
			},
			{
				"name": "bone35",
				"parent": "bone14",
				"pivot": [3, 6.79644, 1.97906],
				"rotation": [0, 0, 11.74513],
				"cubes": [
					{"origin": [2.09601, 9.56281, 1.80935], "size": [1, 3, 0], "uv": [40, 62]}
				]
			},
			{
				"name": "bone36",
				"parent": "bone14",
				"pivot": [5, 6.79644, 1.97906],
				"rotation": [0, 0, -11.74513],
				"cubes": [
					{"origin": [5.39352, 9.46103, 1.81135], "size": [1, 3, 0], "uv": [40, 62]}
				]
			},
			{
				"name": "bone37",
				"parent": "bone8",
				"pivot": [4, 7, 0],
				"rotation": [0, -180, 0]
			},
			{
				"name": "bone38",
				"parent": "bone37",
				"pivot": [4, 7, 1.97906],
				"rotation": [12, 0, 0],
				"cubes": [
					{"origin": [2.68304, 10.5133, 1.87585], "size": [2, 2, 0], "uv": [32, 65]},
					{"origin": [3.18304, 9.5133, 1.87585], "size": [1, 1, 0], "uv": [0, 70]}
				]
			},
			{
				"name": "bone39",
				"parent": "bone38",
				"pivot": [3, 6.79644, 1.97906],
				"rotation": [0, 0, 11.74513],
				"cubes": [
					{"origin": [1.54375, 9.43377, 1.87485], "size": [1, 3, 0], "uv": [40, 62]}
				]
			},
			{
				"name": "bone40",
				"parent": "bone38",
				"pivot": [5, 6.79644, 1.97906],
				"rotation": [0, 0, -11.74513],
				"cubes": [
					{"origin": [4.83559, 9.56281, 1.87685], "size": [1, 3, 0], "uv": [40, 62]}
				]
			},
			{
				"name": "bone41",
				"parent": "bone8",
				"pivot": [4, 7, 0],
				"rotation": [0, -270, 0]
			},
			{
				"name": "bone42",
				"parent": "bone41",
				"pivot": [4, 7, 1.97906],
				"rotation": [12, 0, 0],
				"cubes": [
					{"origin": [2.75, 10.39542, 2.43042], "size": [2, 2, 0], "uv": [32, 65]},
					{"origin": [3.25, 9.39542, 2.43042], "size": [1, 1, 0], "uv": [0, 70]}
				]
			},
			{
				"name": "bone43",
				"parent": "bone42",
				"pivot": [3, 6.79644, 1.97906],
				"rotation": [0, 0, 11.74513],
				"cubes": [
					{"origin": [1.63331, 9.33199, 2.42942], "size": [1, 3, 0], "uv": [40, 62]}
				]
			},
			{
				"name": "bone44",
				"parent": "bone42",
				"pivot": [5, 6.79644, 1.97906],
				"rotation": [0, 0, -11.74513],
				"cubes": [
					{"origin": [4.87716, 9.43377, 2.43142], "size": [1, 3, 0], "uv": [40, 62]}
				]
			},
			{
				"name": "body",
				"pivot": [0, 10.5, 0],
				"cubes": [
					{"origin": [-3, 8.199, -2.25], "size": [6, 8.5, 5], "uv": [65, 1]},
					{"origin": [-1.5, 16.199, -1.25], "size": [3, 1.5, 3], "uv": [59, 34]}
				]
			},
			{
				"name": "bone15",
				"parent": "body",
				"pivot": [-3, 8.5, 0],
				"cubes": [
					{"origin": [-0.75, 14.5, -2.75], "size": [1.5, 1.5, 1], "uv": [36, 41]}
				]
			},
			{
				"name": "bone90",
				"parent": "bone15",
				"pivot": [1.36907, 13.92911, -3.25],
				"rotation": [0, 0, -5]
			},
			{
				"name": "bone91",
				"parent": "bone15",
				"pivot": [-1.38093, 13.92911, -3.25],
				"rotation": [0, 0, 5]
			},
			{
				"name": "bone92",
				"parent": "bone15",
				"pivot": [-1.00593, 12.30411, -3.25],
				"rotation": [-5, 0, 5]
			},
			{
				"name": "bone93",
				"parent": "bone15",
				"pivot": [0.99407, 12.30411, -3.25],
				"rotation": [-5, 0, -5]
			},
			{
				"name": "bone94",
				"parent": "body",
				"pivot": [0.5, 11, 6]
			},
			{
				"name": "bone95",
				"parent": "bone94",
				"pivot": [1.25, 10.75, 6],
				"rotation": [0, 0, -10],
				"cubes": [
					{"origin": [0.81669, 12.58167, 3], "size": [5, 2.5, 1], "uv": [61, 43]}
				]
			},
			{
				"name": "bone96",
				"parent": "bone95",
				"pivot": [3.25, 13.199, 3.5],
				"rotation": [0, 0, 25],
				"cubes": [
					{"origin": [0.83711, 11.22424, 3], "size": [5, 2.5, 1], "uv": [61, 43]}
				]
			},
			{
				"name": "bone97",
				"parent": "bone94",
				"pivot": [-4.75, 11.5, 6],
				"rotation": [0, 0, 10],
				"cubes": [
					{"origin": [-5.75, 13.199, 3], "size": [5, 2.5, 1], "uv": [61, 43]}
				]
			},
			{
				"name": "bone98",
				"parent": "bone97",
				"pivot": [-2.75, 13.949, 3.5],
				"rotation": [0, 0, -25],
				"cubes": [
					{"origin": [-5.78589, 12.03712, 3], "size": [5, 2.5, 1], "uv": [61, 43]}
				]
			},
			{
				"name": "bone99",
				"parent": "bone94",
				"pivot": [1, 9.25, 6]
			},
			{
				"name": "bone101",
				"parent": "bone99",
				"pivot": [4.32305, 5.3099, 10.11505],
				"rotation": [28.91902, 48.34658, 1.25744],
				"cubes": [
					{"origin": [4.1292, -0.59911, 10.93173], "size": [3, 9.5, 0], "uv": [55, 43]}
				]
			},
			{
				"name": "bone16",
				"parent": "bone101",
				"pivot": [6.57305, 13.3099, 10.74005],
				"rotation": [0, -12.5, 0],
				"cubes": [
					{"origin": [4.57305, 7.5599, 8.24005], "size": [3, 7.5, 0], "uv": [23, 52], "mirror": true}
				]
			},
			{
				"name": "bone17",
				"parent": "bone101",
				"pivot": [5.32305, 9.3099, 9.11505],
				"rotation": [-180, 60, 180],
				"cubes": [
					{"origin": [2.82047, 3.60089, 9.79414], "size": [3.5, 8.5, 0], "uv": [17, 52], "mirror": true}
				]
			},
			{
				"name": "bone18",
				"parent": "bone99",
				"pivot": [0, 0, 0]
			},
			{
				"name": "bone19",
				"parent": "bone18",
				"pivot": [-2.33361, 9.6099, 5.87109],
				"rotation": [32.07685, -31.66913, -1.76683],
				"cubes": [
					{"origin": [-3.83361, 5.8599, 5.99609], "size": [3, 7.5, 0], "uv": [23, 52]}
				]
			},
			{
				"name": "bone20",
				"parent": "bone18",
				"pivot": [-2.53361, 9.6099, 6.12109],
				"rotation": [26.92556, 3.51853, 18.23201],
				"cubes": [
					{"origin": [-4.85561, 1.83464, 6.90523], "size": [3.5, 8.5, 0], "uv": [17, 52], "mirror": true}
				]
			},
			{
				"name": "bone21",
				"parent": "bone18",
				"pivot": [-2.33361, 9.6099, 5.87109],
				"rotation": [32.07685, -31.66913, -1.76683],
				"cubes": [
					{"origin": [-3.64722, -2.52886, 8.23583], "size": [3, 9.5, 0], "uv": [55, 43], "mirror": true}
				]
			},
			{
				"name": "bone102",
				"parent": "bone94",
				"pivot": [3.5, 10.5, 6],
				"cubes": [
					{"origin": [-0.88296, 11.83512, 3.25], "size": [2, 3.75, 1], "uv": [41, 56]}
				]
			},
			{
				"name": "sittingRotationSkirt",
				"parent": "body",
				"pivot": [0, 10, 0]
			},
			{
				"name": "bone130",
				"parent": "sittingRotationSkirt",
				"pivot": [0, 13, 0],
				"rotation": [0, 2.5, 0]
			},
			{
				"name": "bone131",
				"parent": "bone130",
				"pivot": [0, 2.5, 0]
			},
			{
				"name": "bone132",
				"parent": "bone131",
				"pivot": [0, 2.5, 0.99427],
				"rotation": [19, 0, 0],
				"cubes": [
					{"origin": [-1.03271, 5.14914, 5.94618], "size": [2, 6, 0], "uv": [18, 42]}
				]
			},
			{
				"name": "bone133",
				"parent": "bone132",
				"pivot": [-1, 2.39308, 0.99427],
				"rotation": [0, 0, 6.13795],
				"cubes": [
					{"origin": [-1.90644, 5.14704, 5.84518], "size": [1, 6, 0], "uv": [21, 42]}
				]
			},
			{
				"name": "bone134",
				"parent": "bone132",
				"pivot": [1, 2.39308, 0.99427],
				"rotation": [0, 0, -6.13795],
				"cubes": [
					{"origin": [0.84139, 5.15403, 5.84718], "size": [1, 6, 0], "uv": [21, 42]}
				]
			},
			{
				"name": "bone31",
				"parent": "bone132",
				"pivot": [0, 4.89308, 5.13772],
				"rotation": [-7.5, 0, 0],
				"cubes": [
					{"origin": [-1.03271, 4.23955, 5.90669], "size": [2, 1, 0], "uv": [38, 45]}
				]
			},
			{
				"name": "bone135",
				"parent": "bone130",
				"pivot": [0, 2.5, -1],
				"rotation": [0, -36, 0]
			},
			{
				"name": "bone136",
				"parent": "bone135",
				"pivot": [0, 2.5, 0.99427],
				"rotation": [19, 0, 0],
				"cubes": [
					{"origin": [-0.58605, 5.18946, 5.82906], "size": [2, 6, 0], "uv": [18, 42]}
				]
			},
			{
				"name": "bone137",
				"parent": "bone136",
				"pivot": [-1, 2.39308, 0.99427],
				"rotation": [0, 0, 6.13795],
				"cubes": [
					{"origin": [-1.56665, 5.23489, 5.72806], "size": [1, 6, 0], "uv": [28, 42]}
				]
			},
			{
				"name": "bone138",
				"parent": "bone136",
				"pivot": [1, 2.39308, 0.99427],
				"rotation": [0, 0, -6.13795],
				"cubes": [
					{"origin": [1.38981, 5.14637, 5.73006], "size": [1, 6, 0], "uv": [28, 42]}
				]
			},
			{
				"name": "bone30",
				"parent": "bone136",
				"pivot": [0, 4.89308, 5.13772],
				"rotation": [-7.5, 0, 0],
				"cubes": [
					{"origin": [-0.58605, 4.26424, 5.78531], "size": [2, 1, 0], "uv": [38, 45]}
				]
			},
			{
				"name": "bone139",
				"parent": "bone130",
				"pivot": [0, 2.5, 0],
				"rotation": [0, -72, 0]
			},
			{
				"name": "bone140",
				"parent": "bone139",
				"pivot": [0, 2.5, 1.99427],
				"rotation": [19, 0, 0],
				"cubes": [
					{"origin": [-1, 5.39308, 6.23772], "size": [2, 6, 0], "uv": [18, 42]}
				]
			},
			{
				"name": "bone141",
				"parent": "bone140",
				"pivot": [-1, 2.39308, 1.99427],
				"rotation": [0, 0, 6.13795],
				"cubes": [
					{"origin": [-2, 5.39308, 6.13672], "size": [1, 6, 0], "uv": [28, 42]}
				]
			},
			{
				"name": "bone142",
				"parent": "bone140",
				"pivot": [1, 2.39308, 1.99427],
				"rotation": [0, 0, -6.13795],
				"cubes": [
					{"origin": [0.9, 5.39308, 6.13872], "size": [1, 6, 0], "uv": [21, 42]}
				]
			},
			{
				"name": "bone29",
				"parent": "bone140",
				"pivot": [0, 4.89308, 6.13772],
				"rotation": [-7.5, 0, 0],
				"cubes": [
					{"origin": [-1, 4.38893, 6.17245], "size": [2, 1, 0], "uv": [38, 45]}
				]
			},
			{
				"name": "bone143",
				"parent": "bone130",
				"pivot": [0, 2.5, 0],
				"rotation": [0, -108, 0]
			},
			{
				"name": "bone144",
				"parent": "bone143",
				"pivot": [0, 2.5, 1.99427],
				"rotation": [19, 0, 0],
				"cubes": [
					{"origin": [-0.75909, 5.41483, 6.17455], "size": [2, 6, 0], "uv": [18, 42]}
				]
			},
			{
				"name": "bone145",
				"parent": "bone144",
				"pivot": [-1, 2.39308, 1.99427],
				"rotation": [0, 0, 6.13795],
				"cubes": [
					{"origin": [-1.6628, 5.44046, 6.07355], "size": [1, 6, 0], "uv": [29, 42]}
				]
			},
			{
				"name": "bone146",
				"parent": "bone144",
				"pivot": [1, 2.39308, 1.99427],
				"rotation": [0, 0, -6.13795],
				"cubes": [
					{"origin": [0.9, 5.39308, 6.13872], "size": [1, 6, 0], "uv": [21, 42]}
				]
			},
			{
				"name": "bone28",
				"parent": "bone144",
				"pivot": [0, 4.89308, 6.13772],
				"rotation": [-7.5, 0, 0],
				"cubes": [
					{"origin": [-0.75909, 4.41531, 6.10612], "size": [2, 1, 0], "uv": [38, 45]}
				]
			},
			{
				"name": "bone147",
				"parent": "bone130",
				"pivot": [0, 2.5, 0],
				"rotation": [0, -144, 0]
			},
			{
				"name": "bone148",
				"parent": "bone147",
				"pivot": [0, 2.5, 1.99427],
				"rotation": [19, 0, 0],
				"cubes": [
					{"origin": [-0.53311, 5.58417, 5.78274], "size": [2, 6, 0], "uv": [18, 42]}
				]
			},
			{
				"name": "bone149",
				"parent": "bone148",
				"pivot": [-1, 2.39308, 1.99427],
				"rotation": [0, 0, 6.13795],
				"cubes": [
					{"origin": [-1.55622, 5.633, 5.58174], "size": [1, 6, 0], "uv": [28, 42]}
				]
			},
			{
				"name": "bone150",
				"parent": "bone148",
				"pivot": [1, 2.39308, 1.99427],
				"rotation": [0, 0, -6.13795],
				"cubes": [
					{"origin": [1.48464, 5.53316, 5.58374], "size": [1, 6, 0], "uv": [28, 42]}
				]
			},
			{
				"name": "bone23",
				"parent": "bone148",
				"pivot": [0, 4.89308, 6.13772],
				"rotation": [-7.5, 0, 0],
				"cubes": [
					{"origin": [-0.53311, 4.53206, 5.69557], "size": [2, 1, 0], "uv": [38, 45]}
				]
			},
			{
				"name": "bone151",
				"parent": "bone130",
				"pivot": [0, 2.5, 0],
				"rotation": [0, -180, 0]
			},
			{
				"name": "bone152",
				"parent": "bone151",
				"pivot": [0, 2.5, 1.99427],
				"rotation": [19, 0, 0],
				"cubes": [
					{"origin": [-0.96729, 5.63702, 5.52926], "size": [2, 6, 0], "uv": [18, 42]}
				]
			},
			{
				"name": "bone153",
				"parent": "bone152",
				"pivot": [-1, 2.39308, 1.99427],
				"rotation": [0, 0, 6.13795],
				"cubes": [
					{"origin": [-1.99356, 5.63912, 5.42826], "size": [1, 6, 0], "uv": [28, 42]}
				]
			},
			{
				"name": "bone154",
				"parent": "bone152",
				"pivot": [0.80588, 8.4068, 6.13872],
				"rotation": [0, -2.5, -6.13795],
				"cubes": [
					{"origin": [0.28353, 5.64585, 5.42837], "size": [1, 6, 0], "uv": [29, 42]}
				]
			},
			{
				"name": "bone22",
				"parent": "bone152",
				"pivot": [0, 4.89308, 6.13772],
				"rotation": [-7.5, 0, 0],
				"cubes": [
					{"origin": [-0.96729, 4.55136, 5.43736], "size": [2, 1, 0], "uv": [38, 45]}
				]
			},
			{
				"name": "bone155",
				"parent": "bone130",
				"pivot": [0, 2.5, 0],
				"rotation": [0, -216, 0]
			},
			{
				"name": "bone156",
				"parent": "bone155",
				"pivot": [0, 2.5, 1.99427],
				"rotation": [19, 0, 0],
				"cubes": [
					{"origin": [-1.41395, 5.5967, 5.64638], "size": [2, 6, 0], "uv": [18, 42]}
				]
			},
			{
				"name": "bone32",
				"parent": "bone156",
				"pivot": [0, 3, 0.35],
				"cubes": [
					{"origin": [-1.41395, 5.0967, 5.64638], "size": [2, 3.5, 0.25], "uv": [1, 62]},
					{"origin": [-0.81395, 7.3967, 5.84638], "size": [0.75, 0.75, 0.25], "uv": [1, 56]},
					{"origin": [-0.81395, 6.1467, 5.84638], "size": [0.75, 0.75, 0.25], "uv": [1, 56]},
					{"origin": [-1.61395, 6.0467, 5.54638], "size": [2.35, 0.75, 0.45], "uv": [0, 62]},
					{"origin": [-1.61395, 7.3467, 5.54638], "size": [2.35, 0.75, 0.45], "uv": [0, 62]},
					{"origin": [-0.81395, 8.5967, 5.54638], "size": [0.95, 0.25, 0.45], "uv": [0, 57]},
					{"origin": [-0.71395, 9.6967, 5.64638], "size": [0.75, 0.25, 0.25], "uv": [0, 57]},
					{"origin": [-0.61395, 8.8467, 5.64638], "size": [0.55, 0.85, 0.25], "uv": [79, 3]}
				]
			},
			{
				"name": "bone33",
				"parent": "bone32",
				"pivot": [0.275, 4.64308, 6.36272],
				"rotation": [0, 0, 45],
				"cubes": [
					{"origin": [-0.57581, 3.93378, 5.64638], "size": [0.75, 1.25, 0.35], "uv": [1, 56]}
				]
			},
			{
				"name": "bone34",
				"parent": "bone32",
				"pivot": [0.275, 4.64308, 6.36272],
				"rotation": [0, 0, -45],
				"cubes": [
					{"origin": [-0.59851, 4.75811, 5.64638], "size": [0.75, 1.4, 0.35], "uv": [1, 56]}
				]
			},
			{
				"name": "bone157",
				"parent": "bone156",
				"pivot": [-1, 2.39308, 1.99427],
				"rotation": [0, 0, 6.13795],
				"cubes": [
					{"origin": [-2.33335, 5.55127, 5.54538], "size": [1.1, 6, 0], "uv": [29, 42]}
				]
			},
			{
				"name": "bone158",
				"parent": "bone156",
				"pivot": [1, 2.39308, 1.99427],
				"rotation": [0, 0, -6.13795],
				"cubes": [
					{"origin": [0.51019, 5.63979, 5.54738], "size": [1, 6, 0], "uv": [29, 42]}
				]
			},
			{
				"name": "bone24",
				"parent": "bone156",
				"pivot": [0, 4.89308, 6.13772],
				"rotation": [-7.5, 0, 0],
				"cubes": [
					{"origin": [-1.41395, 4.51362, 5.45959], "size": [2, 1, 0], "uv": [38, 45]}
				]
			},
			{
				"name": "bone159",
				"parent": "bone130",
				"pivot": [0, 2.5, 0],
				"rotation": [0, -252, 0]
			},
			{
				"name": "bone160",
				"parent": "bone159",
				"pivot": [0, 2.5, 1.99427],
				"rotation": [19, 0, 0],
				"cubes": [
					{"origin": [-1.48417, 5.42158, 6.15494], "size": [2, 6, 0], "uv": [18, 42]}
				]
			},
			{
				"name": "bone161",
				"parent": "bone160",
				"pivot": [-1, 2.39308, 1.99427],
				"rotation": [0, 0, 6.13795],
				"cubes": [
					{"origin": [-2, 5.39308, 6.13672], "size": [1, 6, 0], "uv": [28, 42]}
				]
			},
			{
				"name": "bone162",
				"parent": "bone160",
				"pivot": [1, 2.39308, 1.99427],
				"rotation": [0, 0, -6.13795],
				"cubes": [
					{"origin": [0.52022, 5.44646, 6.05594], "size": [1, 6, 0], "uv": [28, 42]}
				]
			},
			{
				"name": "bone25",
				"parent": "bone160",
				"pivot": [0, 4.89308, 6.13772],
				"rotation": [-7.5, 0, 0],
				"cubes": [
					{"origin": [-1.48417, 4.41944, 6.0858], "size": [2, 1, 0], "uv": [38, 45]}
				]
			},
			{
				"name": "bone163",
				"parent": "bone130",
				"pivot": [0, 2.5, 0],
				"rotation": [0, -288, 0]
			},
			{
				"name": "bone164",
				"parent": "bone163",
				"pivot": [0, 2.5, 1.99427],
				"rotation": [19, 0, 0],
				"cubes": [
					{"origin": [-1, 5.39308, 6.23772], "size": [2, 6, 0], "uv": [18, 42]}
				]
			},
			{
				"name": "bone165",
				"parent": "bone164",
				"pivot": [-1, 2.39308, 1.99427],
				"rotation": [0, 0, 6.13795],
				"cubes": [
					{"origin": [-1.9, 5.39308, 6.13672], "size": [1, 6, 0], "uv": [29, 42]}
				]
			},
			{
				"name": "bone166",
				"parent": "bone164",
				"pivot": [1, 2.39308, 1.99427],
				"rotation": [0, 0, -6.13795],
				"cubes": [
					{"origin": [0.9, 5.39308, 6.13872], "size": [1, 6, 0], "uv": [29, 42]}
				]
			},
			{
				"name": "bone26",
				"parent": "bone164",
				"pivot": [0, 4.89308, 6.13772],
				"rotation": [-7.5, 0, 0],
				"cubes": [
					{"origin": [-1, 4.38893, 6.17245], "size": [2, 1, 0], "uv": [38, 45]}
				]
			},
			{
				"name": "bone167",
				"parent": "bone130",
				"pivot": [0, 2.5, -1],
				"rotation": [0, -324, 0]
			},
			{
				"name": "bone168",
				"parent": "bone167",
				"pivot": [0, 2.5, 0.99427],
				"rotation": [19, 0, 0],
				"cubes": [
					{"origin": [-1.46689, 5.20199, 5.7927], "size": [2, 6, 0], "uv": [18, 42]}
				]
			},
			{
				"name": "bone169",
				"parent": "bone168",
				"pivot": [-1, 2.39308, 0.99427],
				"rotation": [0, 0, 6.13795],
				"cubes": [
					{"origin": [-2.44378, 5.15316, 5.6917], "size": [1, 6, 0], "uv": [28, 42]}
				]
			},
			{
				"name": "bone170",
				"parent": "bone168",
				"pivot": [1, 2.39308, 0.99427],
				"rotation": [0, 0, -6.13795],
				"cubes": [
					{"origin": [0.51536, 5.253, 5.6937], "size": [1, 6, 0], "uv": [28, 42]}
				]
			},
			{
				"name": "bone27",
				"parent": "bone168",
				"pivot": [0, 4.89308, 5.13772],
				"rotation": [-7.5, 0, 0],
				"cubes": [
					{"origin": [-1.46689, 4.27191, 5.74762], "size": [2, 1, 0], "uv": [38, 45]}
				]
			},
			{
				"name": "legLeft",
				"pivot": [2, 9, 0],
				"cubes": [
					{"origin": [0.249, 0.25, -1.25], "size": [2.5, 8.25, 2.5], "uv": [70, 16]},
					{"origin": [-0.001, 0, -1.5], "size": [3, 2, 3], "uv": [71, 56]}
				]
			},
			{
				"name": "bone46",
				"parent": "legLeft",
				"pivot": [-2, 8.75, -0.25],
				"cubes": [
					{"origin": [0, 1.75, 1.5], "size": [3, 2, 0], "uv": [0, 0]},
					{"origin": [-0.25, 1.5, 1.6], "size": [3.5, 2.5, 0], "uv": [58, 59]}
				]
			},
			{
				"name": "legRight",
				"pivot": [-2, 9, 0],
				"cubes": [
					{"origin": [-2.749, 0.25, -1.25], "size": [2.5, 8.25, 2.5], "uv": [70, 16], "mirror": true},
					{"origin": [-3.001, 0, -1.5], "size": [3, 2, 3], "uv": [71, 56]}
				]
			},
			{
				"name": "bone45",
				"parent": "legRight",
				"pivot": [-2, 8.75, -0.25],
				"cubes": [
					{"origin": [-3, 1.75, 1.5], "size": [3, 2, 0], "uv": [0, 0]},
					{"origin": [-3.25, 1.5, 1.6], "size": [3.5, 2.5, 0], "uv": [58, 59]}
				]
			},
			{
				"name": "tail",
				"pivot": [0, 10, 3.75]
			},
			{
				"name": "tailIn",
				"parent": "tail",
				"pivot": [0, 8.75, 3],
				"rotation": [-47.5, 0, 0],
				"cubes": [
					{"origin": [-1, 9.06696, 2.32027], "size": [2, 2, 5], "uv": [36, 16]}
				]
			}
		]
	}
}