{
	"format_version": "1.10.0",
	"geometry.model": {
		"texturewidth": 128,
		"textureheight": 128,
		"visible_bounds_width": 3,
		"visible_bounds_height": 4,
		"visible_bounds_offset": [0, 1, 0],
		"bones": [
			{
				"name": "head",
				"pivot": [0, 17, 0],
				"cubes": [
					{"origin": [-4, 16.95, -4], "size": [8, 8, 8], "uv": [32, 0]},
					{"origin": [-4.25, 16.7, -4.25], "size": [8.5, 8.5, 8.5], "uv": [0, 0]},
					{"origin": [-4.25, 13.6, -4.25], "size": [8.5, 3.1, 1], "uv": [0, 26]}
				]
			},
			{
				"name": "blink",
				"parent": "head",
				"pivot": [0, 18.25, 0],
				"cubes": [
					{"origin": [-4, 16.95, -4.001], "size": [8, 8, 0], "uv": [24, 0]}
				]
			},
			{
				"name": "hair",
				"parent": "head",
				"pivot": [0, 18.25, 0]
			},
			{
				"name": "bone3",
				"parent": "hair",
				"pivot": [-5.25, 22.95, 0.25],
				"rotation": [10.17238, 2.37981, 10.97304],
				"cubes": [
					{"origin": [-6.47658, 9.84435, -0.75], "size": [2, 17, 3], "uv": [34, 16]}
				]
			},
			{
				"name": "bone12",
				"parent": "bone3",
				"pivot": [-6.75, 22.95, 1.25],
				"rotation": [-0.55404, 12.48791, -2.56062]
			},
			{
				"name": "bone14",
				"parent": "bone12",
				"pivot": [-6.75, 20.95, 0.75],
				"rotation": [0, 0, 10],
				"cubes": [
					{"origin": [-7.75769, 13.26697, 0.89219], "size": [1, 13, 0], "uv": [6, 30]}
				]
			},
			{
				"name": "bone4",
				"parent": "hair",
				"pivot": [0, 11.25, 1.5],
				"rotation": [12.5, 0, 0],
				"cubes": [
					{"origin": [-5.25, 2.2, 5.75], "size": [10.5, 15.5, 0], "uv": [62, 38]}
				]
			},
			{
				"name": "crown",
				"parent": "head",
				"pivot": [0, 17, 0]
			},
			{
				"name": "bone6",
				"parent": "crown",
				"pivot": [-3.5, 26.5, 0.25],
				"rotation": [0, 0, -17.5],
				"cubes": [
					{"origin": [-6, 24.25, -2.25], "size": [5, 4, 5], "uv": [68, 26]}
				]
			},
			{
				"name": "armRight",
				"pivot": [-3, 16.5, 0],
				"rotation": [0, 0, 25],
				"cubes": [
					{"origin": [-5.08453, 8.33126, -1], "size": [2, 7.35, 2], "uv": [52, 16], "mirror": true}
				]
			},
			{
				"name": "bone58",
				"parent": "armRight",
				"pivot": [3.25, 16.5, 0],
				"cubes": [
					{"origin": [-5.39205, 9.43692, -1.25], "size": [2.5, 6.5, 2.5], "uv": [52, 65]},
					{"origin": [-5.29205, 8.93692, -1.15], "size": [2.3, 1.5, 2.3], "uv": [62, 66]}
				]
			},
			{
				"name": "armLeft",
				"pivot": [3.25, 16.5, 0],
				"rotation": [0, 0, -25],
				"cubes": [
					{"origin": [3.10795, 8.43692, -1], "size": [2, 7.35, 2], "uv": [52, 16]}
				]
			},
			{
				"name": "bone43",
				"parent": "armLeft",
				"pivot": [3.25, 16.5, 0],
				"cubes": [
					{"origin": [2.85795, 9.43692, -1.25], "size": [2.5, 6.5, 2.5], "uv": [52, 65]},
					{"origin": [2.95795, 8.93692, -1.15], "size": [2.3, 1.5, 2.3], "uv": [62, 66]}
				]
			},
			{
				"name": "body",
				"pivot": [0, 10.5, 0],
				"cubes": [
					{"origin": [-3, 8.199, -2], "size": [6, 8.5, 4], "uv": [66, 2]},
					{"origin": [-3.25, 8.199, -2.25], "size": [6.5, 8.75, 4.5], "uv": [47, 25]},
					{"origin": [-1, 16.199, -1], "size": [2, 1.5, 2], "uv": [62, 14]}
				]
			},
			{
				"name": "sittingRotationSkirt",
				"parent": "body",
				"pivot": [0, 10.5, 0]
			},
			{
				"name": "bone",
				"parent": "sittingRotationSkirt",
				"pivot": [0, 14.5, 0]
			},
			{
				"name": "bone2",
				"parent": "bone",
				"pivot": [0, 5, 0]
			},
			{
				"name": "bone5",
				"parent": "bone2",
				"pivot": [0, 5, 1.99016],
				"rotation": [25, 0, 0],
				"cubes": [
					{"origin": [-1, 5.17705, 5.44537], "size": [2, 6.5, 0], "uv": [10, 75]}
				]
			},
			{
				"name": "bone7",
				"parent": "bone5",
				"pivot": [-1, 4.86009, 1.99016],
				"rotation": [0, 0, 8.04257],
				"cubes": [
					{"origin": [-2.04435, 5.17394, 5.44437], "size": [1, 6.5, 0], "uv": [0, 75]}
				]
			},
			{
				"name": "bone8",
				"parent": "bone5",
				"pivot": [1, 4.86009, 1.99016],
				"rotation": [0, 0, -8.04257],
				"cubes": [
					{"origin": [1.04435, 5.17394, 5.44637], "size": [1, 6.5, 0], "uv": [0, 75]}
				]
			},
			{
				"name": "bone9",
				"parent": "bone",
				"pivot": [0, 5, 0],
				"rotation": [0, -36, 0]
			},
			{
				"name": "bone10",
				"parent": "bone9",
				"pivot": [0, 5, 1.99016],
				"rotation": [25, 0, 0],
				"cubes": [
					{"origin": [-1.44084, 5.11652, 5.57518], "size": [2, 6.5, 0], "uv": [10, 75]}
				]
			},
			{
				"name": "bone11",
				"parent": "bone10",
				"pivot": [-1, 4.86009, 1.99016],
				"rotation": [0, 0, 8.04257],
				"cubes": [
					{"origin": [-2.47238, 5.05232, 5.57418], "size": [1, 6.5, 0], "uv": [0, 75]}
				]
			},
			{
				"name": "bone13",
				"parent": "bone10",
				"pivot": [1, 4.86009, 1.99016],
				"rotation": [0, 0, -8.04257],
				"cubes": [
					{"origin": [0.59937, 5.17568, 5.57618], "size": [1, 6.5, 0], "uv": [0, 75]}
				]
			},
			{
				"name": "bone15",
				"parent": "bone",
				"pivot": [0, 5, 0],
				"rotation": [0, -72, 0]
			},
			{
				"name": "bone16",
				"parent": "bone15",
				"pivot": [0, 5, 1.99016],
				"rotation": [25, 0, 0],
				"cubes": [
					{"origin": [-0.9691, 5.15028, 6.0389], "size": [2, 6.25, 0], "uv": [10, 75]}
				]
			},
			{
				"name": "bone17",
				"parent": "bone16",
				"pivot": [-1, 4.86009, 1.99016],
				"rotation": [0, 0, 8.04257],
				"cubes": [
					{"origin": [-1.87503, 5.15421, 6.0379], "size": [1, 6.25, 0], "uv": [0, 75]}
				]
			},
			{
				"name": "bone18",
				"parent": "bone16",
				"pivot": [1, 4.86009, 1.99016],
				"rotation": [0, 0, -8.04257]
			},
			{
				"name": "bone19",
				"parent": "bone",
				"pivot": [0, 5, 0],
				"rotation": [0, -108, 0]
			},
			{
				"name": "bone20",
				"parent": "bone19",
				"pivot": [0, 5, 1.99016],
				"rotation": [25, 0, 0],
				"cubes": [
					{"origin": [-1.0309, 5.15028, 6.0389], "size": [2, 6.25, 0], "uv": [10, 75]}
				]
			},
			{
				"name": "bone21",
				"parent": "bone20",
				"pivot": [-1, 4.86009, 1.99016],
				"rotation": [0, 0, 8.04257]
			},
			{
				"name": "bone22",
				"parent": "bone20",
				"pivot": [1, 4.86009, 1.99016],
				"rotation": [0, 0, -8.04257],
				"cubes": [
					{"origin": [0.87503, 5.15421, 6.0399], "size": [1, 6.25, 0], "uv": [0, 75]}
				]
			},
			{
				"name": "bone23",
				"parent": "bone",
				"pivot": [0, 5, 0],
				"rotation": [0, -144, 0]
			},
			{
				"name": "bone24",
				"parent": "bone23",
				"pivot": [0, 5, 1.99016],
				"rotation": [25, 0, 0],
				"cubes": [
					{"origin": [-0.55916, 5.11652, 5.57518], "size": [2, 6.5, 0], "uv": [10, 75]}
				]
			},
			{
				"name": "bone25",
				"parent": "bone24",
				"pivot": [-1, 4.86009, 1.99016],
				"rotation": [0, 0, 8.04257],
				"cubes": [
					{"origin": [-1.59937, 5.17568, 5.57418], "size": [1, 6.5, 0], "uv": [0, 75]}
				]
			},
			{
				"name": "bone26",
				"parent": "bone24",
				"pivot": [1, 4.86009, 1.99016],
				"rotation": [0, 0, -8.04257],
				"cubes": [
					{"origin": [1.47238, 5.05232, 5.57618], "size": [1, 6.5, 0], "uv": [0, 75]}
				]
			},
			{
				"name": "bone27",
				"parent": "bone",
				"pivot": [0, 5, 0],
				"rotation": [0, -180, 0]
			},
			{
				"name": "bone28",
				"parent": "bone27",
				"pivot": [0, 5, 1.99016],
				"rotation": [25, 0, 0],
				"cubes": [
					{"origin": [-1, 5.17705, 5.44537], "size": [2, 6.5, 0], "uv": [10, 75]}
				]
			},
			{
				"name": "bone29",
				"parent": "bone28",
				"pivot": [-1, 4.86009, 1.99016],
				"rotation": [0, 0, 8.04257],
				"cubes": [
					{"origin": [-2.04435, 5.17394, 5.44437], "size": [1, 6.5, 0], "uv": [0, 75]}
				]
			},
			{
				"name": "bone30",
				"parent": "bone28",
				"pivot": [1, 4.86009, 1.99016],
				"rotation": [0, 0, -8.04257],
				"cubes": [
					{"origin": [1.04435, 5.17394, 5.44637], "size": [1, 6.5, 0], "uv": [0, 75]}
				]
			},
			{
				"name": "bone31",
				"parent": "bone",
				"pivot": [0, 5, 0],
				"rotation": [0, -216, 0]
			},
			{
				"name": "bone32",
				"parent": "bone31",
				"pivot": [0, 5, 1.99016],
				"rotation": [25, 0, 0],
				"cubes": [
					{"origin": [-1.44084, 5.11652, 5.57518], "size": [2, 6.5, 0], "uv": [10, 75]}
				]
			},
			{
				"name": "bone33",
				"parent": "bone32",
				"pivot": [-1, 4.86009, 1.99016],
				"rotation": [0, 0, 8.04257],
				"cubes": [
					{"origin": [-2.47238, 5.05232, 5.57418], "size": [1, 6.5, 0], "uv": [0, 75]}
				]
			},
			{
				"name": "bone34",
				"parent": "bone32",
				"pivot": [1, 4.86009, 1.99016],
				"rotation": [0, 0, -8.04257],
				"cubes": [
					{"origin": [0.59937, 5.17568, 5.57618], "size": [1, 6.5, 0], "uv": [0, 75]}
				]
			},
			{
				"name": "bone35",
				"parent": "bone",
				"pivot": [0, 5, 0],
				"rotation": [0, -252, 0]
			},
			{
				"name": "bone40",
				"parent": "bone35",
				"pivot": [0, 5, 1.99016],
				"rotation": [25, 0, 0],
				"cubes": [
					{"origin": [-0.9691, 5.15028, 6.0389], "size": [2, 6.25, 0], "uv": [10, 75]}
				]
			},
			{
				"name": "bone44",
				"parent": "bone40",
				"pivot": [-1, 4.86009, 1.99016],
				"rotation": [0, 0, 8.04257],
				"cubes": [
					{"origin": [-1.87503, 5.15421, 6.0379], "size": [1, 6.25, 0], "uv": [0, 75]}
				]
			},
			{
				"name": "bone45",
				"parent": "bone40",
				"pivot": [1, 4.86009, 1.99016],
				"rotation": [0, 0, -8.04257]
			},
			{
				"name": "bone46",
				"parent": "bone",
				"pivot": [0, 5, 0],
				"rotation": [0, -288, 0]
			},
			{
				"name": "bone47",
				"parent": "bone46",
				"pivot": [0, 5, 1.99016],
				"rotation": [25, 0, 0],
				"cubes": [
					{"origin": [-1.0309, 5.15028, 6.0389], "size": [2, 6.25, 0], "uv": [10, 75]}
				]
			},
			{
				"name": "bone48",
				"parent": "bone47",
				"pivot": [-1, 4.86009, 1.99016],
				"rotation": [0, 0, 8.04257]
			},
			{
				"name": "bone49",
				"parent": "bone47",
				"pivot": [1, 4.86009, 1.99016],
				"rotation": [0, 0, -8.04257],
				"cubes": [
					{"origin": [0.87503, 5.15421, 6.0399], "size": [1, 6.25, 0], "uv": [0, 75]}
				]
			},
			{
				"name": "bone50",
				"parent": "bone",
				"pivot": [0, 5, 0],
				"rotation": [0, -324, 0]
			},
			{
				"name": "bone51",
				"parent": "bone50",
				"pivot": [0, 5, 1.99016],
				"rotation": [25, 0, 0],
				"cubes": [
					{"origin": [-0.55916, 5.11652, 5.57518], "size": [2, 6.5, 0], "uv": [10, 75]}
				]
			},
			{
				"name": "bone52",
				"parent": "bone51",
				"pivot": [-1, 4.86009, 1.99016],
				"rotation": [0, 0, 8.04257],
				"cubes": [
					{"origin": [-1.59937, 5.17568, 5.57418], "size": [1, 6.5, 0], "uv": [0, 75]}
				]
			},
			{
				"name": "bone53",
				"parent": "bone51",
				"pivot": [1, 4.86009, 1.99016],
				"rotation": [0, 0, -8.04257],
				"cubes": [
					{"origin": [1.47238, 5.05232, 5.57618], "size": [1, 6.5, 0], "uv": [0, 75]}
				]
			},
			{
				"name": "bone36",
				"parent": "body",
				"pivot": [0, 12.25, 0]
			},
			{
				"name": "bone37",
				"parent": "bone36",
				"pivot": [0, 15.25, -2.5],
				"rotation": [0, 0, -32.5],
				"cubes": [
					{"origin": [-1.5, 14.5, -2.4], "size": [1, 3.25, 1], "uv": [38, 41]}
				]
			},
			{
				"name": "bone55",
				"parent": "bone37",
				"pivot": [-1.31731, 15.46708, -1.8],
				"rotation": [0, 0, -22.5],
				"cubes": [
					{"origin": [-1.81731, 14.21708, -2.3], "size": [1, 2.5, 1], "uv": [43, 40]}
				]
			},
			{
				"name": "bone56",
				"parent": "bone37",
				"pivot": [-1.81731, 13.71708, -1.9],
				"rotation": [-5, 0, 57.5],
				"cubes": [
					{"origin": [-2.81731, 11.46708, -2.4], "size": [1, 3.5, 0], "uv": [9, 60]}
				]
			},
			{
				"name": "bone38",
				"parent": "bone36",
				"pivot": [0.75, 14.75, -2.5],
				"rotation": [0, 0, 32.5],
				"cubes": [
					{"origin": [0.25, 14, -2.4], "size": [1, 3.25, 1], "uv": [38, 41]}
				]
			},
			{
				"name": "bone54",
				"parent": "bone38",
				"pivot": [1.25, 15.25, -1.8],
				"rotation": [0, 0, 22.5],
				"cubes": [
					{"origin": [0.75, 13.75, -2.3], "size": [1, 2.5, 1], "uv": [43, 40]}
				]
			},
			{
				"name": "bone57",
				"parent": "bone38",
				"pivot": [2.18269, 14.21708, -1.9],
				"rotation": [-7.5, 0, -57.5],
				"cubes": [
					{"origin": [1.18269, 11.96708, -2.4], "size": [1, 3.5, 0], "uv": [9, 60]}
				]
			},
			{
				"name": "bone39",
				"parent": "body",
				"pivot": [0, 11.9125, -2.875],
				"rotation": [-20, 0, 0]
			},
			{
				"name": "legLeft",
				"pivot": [2, 9, 0],
				"cubes": [
					{"origin": [0.249, 1.5, -1.5], "size": [2.5, 7, 2.5], "uv": [26, 16]}
				]
			},
			{
				"name": "bone41",
				"parent": "legLeft",
				"pivot": [2, 9, 0],
				"cubes": [
					{"origin": [0.25, 0.25, -2], "size": [2.5, 1.25, 3], "uv": [25, 54]},
					{"origin": [0.25, 0, -2], "size": [2.5, 0.25, 1.75], "uv": [27, 59]},
					{"origin": [0.25, 0, 0], "size": [2.5, 0.25, 1], "uv": [27, 59]}
				]
			},
			{
				"name": "legRight",
				"pivot": [-2, 9, 0],
				"cubes": [
					{"origin": [-2.749, 1.5, -1.5], "size": [2.5, 7, 2.5], "uv": [18, 16]}
				]
			},
			{
				"name": "bone42",
				"parent": "legRight",
				"pivot": [-1, 9, 0],
				"cubes": [
					{"origin": [-2.75, 0.25, -2], "size": [2.5, 1.25, 3], "uv": [25, 54]},
					{"origin": [-2.75, 0, -2], "size": [2.5, 0.25, 1.75], "uv": [27, 59]},
					{"origin": [-2.75, 0, 0], "size": [2.5, 0.25, 1], "uv": [27, 59]}
				]
			},
			{
				"name": "backpackPositioningBone",
				"pivot": [0, 16, 0]
			}
		]
	}
}