{
	"format_version": "1.10.0",
	"geometry.model": {
		"texturewidth": 64,
		"textureheight": 64,
		"visible_bounds_width": 3,
		"visible_bounds_height": 4,
		"visible_bounds_offset": [0, 1, 0],
		"bones": [
			{
				"name": "head",
				"pivot": [0, 18, 0],
				"cubes": [
					{"origin": [-4, 19, -4], "size": [8, 8, 8], "uv": [0, 18]},
					{"origin": [-4.25, 18.65, -4.25], "size": [8.5, 8.5, 8.5], "uv": [0, 2]},
					{"origin": [-4.25, 15.65, -4.25], "size": [8.5, 3, 8.5], "uv": [0, 53], "mirror": true}
				]
			},
			{
				"name": "helmet",
				"parent": "head",
				"pivot": [0, 0, 0]
			},
			{
				"name": "ornaments2",
				"parent": "helmet",
				"pivot": [10.25, 18, -0.75],
				"rotation": [0, 172.5, 0]
			},
			{
				"name": "bone92",
				"parent": "ornaments2",
				"pivot": [5.04423, 24, 0.64224],
				"rotation": [-45, 15, 0],
				"cubes": [
					{"origin": [15.24599, 25.58879, 0.1097], "size": [0, 2, 2], "uv": [0, 22]}
				]
			},
			{
				"name": "bone93",
				"parent": "ornaments2",
				"pivot": [4.85987, 24, -1.47394],
				"rotation": [45, -15, 0],
				"cubes": [
					{"origin": [14.85892, 26.98096, -3.62648], "size": [0, 2, 2], "uv": [0, 22]}
				]
			},
			{
				"name": "bone94",
				"parent": "ornaments2",
				"pivot": [9.5, 17.25, -0.75],
				"rotation": [0, 0, 7.5],
				"cubes": [
					{"origin": [14.42185, 21.03218, -1.6925], "size": [1, 5.5, 1], "uv": [21, 34]}
				]
			},
			{
				"name": "bone95",
				"parent": "ornaments2",
				"pivot": [5.6307, 23.16684, -2.62777],
				"rotation": [-17.5, -20, 2.5],
				"cubes": [
					{"origin": [15.19324, 22.85265, -6.92274], "size": [1, 2.5, 1], "uv": [24, 22]}
				]
			},
			{
				"name": "bone96",
				"parent": "bone95",
				"pivot": [8.42332, 24.85864, 1.6537],
				"rotation": [43.54553, 41.36357, 23.61776],
				"cubes": [
					{"origin": [17.49498, 25.56873, 3.44495], "size": [1, 2.5, 1], "uv": [24, 22]}
				]
			},
			{
				"name": "ornaments",
				"parent": "helmet",
				"pivot": [0, 18, -0.5],
				"rotation": [0, -7.5, 0]
			},
			{
				"name": "bone14",
				"parent": "ornaments",
				"pivot": [-5.20577, 24, 0.89224],
				"rotation": [-45, 15, 0],
				"cubes": [
					{"origin": [-5.27048, 23.87786, -0.64411], "size": [0, 2, 2], "uv": [0, 22]}
				]
			},
			{
				"name": "bone15",
				"parent": "ornaments",
				"pivot": [-5.39013, 24, -1.22394],
				"rotation": [45, -15, 0],
				"cubes": [
					{"origin": [-5.24191, 24.17319, -1.2758], "size": [0, 2, 2], "uv": [0, 22]}
				]
			},
			{
				"name": "bone66",
				"parent": "ornaments",
				"pivot": [-0.75, 17.25, -0.5],
				"rotation": [0, 0, 7.5],
				"cubes": [
					{"origin": [-6.08727, 19.17723, -0.63955], "size": [1, 5.5, 1], "uv": [21, 34]}
				]
			},
			{
				"name": "bone91",
				"parent": "ornaments",
				"pivot": [-4.6193, 23.16684, -2.37777],
				"rotation": [-17.5, -20, 2.5],
				"cubes": [
					{"origin": [-4.53779, 23.23767, -2.27991], "size": [1, 2.5, 1], "uv": [24, 22]}
				]
			},
			{
				"name": "bone16",
				"parent": "bone91",
				"pivot": [-1.82668, 24.85864, 1.9037],
				"rotation": [43.54553, 41.36357, 23.61776],
				"cubes": [
					{"origin": [-2.2935, 24.82496, -0.52397], "size": [1, 2.5, 1], "uv": [24, 22]}
				]
			},
			{
				"name": "hat",
				"parent": "head",
				"pivot": [0, 18, 0]
			},
			{
				"name": "ahoge",
				"parent": "hat",
				"pivot": [2, 26, 0],
				"cubes": [
					{"origin": [-2.5, 27, 0], "size": [5, 5, 0], "uv": [44, 27]}
				]
			},
			{
				"name": "blink",
				"parent": "head",
				"pivot": [0, 18, 0],
				"cubes": [
					{"origin": [-4, 19, -4.001], "size": [8, 8, 0], "uv": [0, 42]}
				]
			},
			{
				"name": "armRight",
				"pivot": [-2.5, 17.5, 0],
				"rotation": [0, 0, 25],
				"cubes": [
					{"origin": [-4.77012, 8.96512, -1], "size": [2, 9, 2], "uv": [36, 43]}
				]
			},
			{
				"name": "_chestPlateRight",
				"parent": "armRight",
				"pivot": [-9.95315, 17.28869, 0],
				"cubes": [
					{"origin": [-4.87012, 15.86511, -1.1], "size": [2.2, 2.2, 2.2], "uv": [24, 18], "inflate": 0.3}
				]
			},
			{
				"name": "armLeft",
				"pivot": [2.5, 17.5, 0],
				"rotation": [0, 0, -25],
				"cubes": [
					{"origin": [2.77012, 8.96511, -1], "size": [2, 9, 2], "uv": [36, 43]}
				]
			},
			{
				"name": "_chestPlateLeft",
				"parent": "armLeft",
				"pivot": [3.95315, 17.28869, 0],
				"rotation": [0, 180, 0],
				"cubes": [
					{"origin": [3.03619, 15.86511, -1.1], "size": [2.2, 2.2, 2.2], "uv": [24, 18], "inflate": 0.3}
				]
			},
			{
				"name": "body",
				"pivot": [0, 10.25, 0],
				"cubes": [
					{"origin": [-1.5, 18.699, -1], "size": [3, 2, 2.5], "uv": [34, 50]}
				]
			},
			{
				"name": "_chestPlate",
				"parent": "body",
				"pivot": [0, 10.25, 0],
				"cubes": [
					{"origin": [-3.5, 9.65, -2.5], "size": [7, 2.1, 5], "uv": [29, 2]},
					{"origin": [-3, 9.749, -2], "size": [6, 9, 4], "uv": [34, 14]}
				]
			},
			{
				"name": "bone17",
				"parent": "_chestPlate",
				"pivot": [0, 5.75, 0]
			},
			{
				"name": "bone18",
				"parent": "bone17",
				"pivot": [0, 5.75, 0]
			},
			{
				"name": "bone19",
				"parent": "bone18",
				"pivot": [0, 5.75, 4.47051],
				"rotation": [10, 0, 0],
				"cubes": [
					{"origin": [-2.5, 6.56628, 3.65935], "size": [5, 6, 0.1], "uv": [44, 44]}
				]
			},
			{
				"name": "bone20",
				"parent": "bone19",
				"pivot": [-2.5, 5.40782, 4.47051],
				"rotation": [0, 0, 9.85108],
				"cubes": [
					{"origin": [-4.6982, 6.5492, 3.65835], "size": [2, 6, 0], "uv": [17, 34]}
				]
			},
			{
				"name": "bone21",
				"parent": "bone19",
				"pivot": [2.5, 5.40782, 4.47051],
				"rotation": [0, 0, -9.85108],
				"cubes": [
					{"origin": [2.6982, 6.5492, 3.66035], "size": [2, 6, 0], "uv": [17, 34]}
				]
			},
			{
				"name": "bone22",
				"parent": "bone17",
				"pivot": [0, 5.75, 0],
				"rotation": [0, -90, 0]
			},
			{
				"name": "bone23",
				"parent": "bone22",
				"pivot": [0, 5.75, 4.47051],
				"rotation": [10, 0, 0],
				"cubes": [
					{"origin": [-2.5, 6.39263, 4.64416], "size": [5, 6, 0.1], "uv": [44, 44]}
				]
			},
			{
				"name": "bone24",
				"parent": "bone23",
				"pivot": [-2.5, 5.40782, 4.47051],
				"rotation": [0, 0, 9.85108],
				"cubes": [
					{"origin": [-3.68323, 6.5492, 4.64316], "size": [2, 6, 0], "uv": [17, 34]}
				]
			},
			{
				"name": "bone25",
				"parent": "bone23",
				"pivot": [2.5, 5.40782, 4.47051],
				"rotation": [0, 0, -9.85108],
				"cubes": [
					{"origin": [1.68323, 6.5492, 4.64516], "size": [2, 6, 0], "uv": [17, 34]}
				]
			},
			{
				"name": "bone26",
				"parent": "bone17",
				"pivot": [0, 5.75, 0],
				"rotation": [0, -180, 0]
			},
			{
				"name": "bone27",
				"parent": "bone26",
				"pivot": [0, 5.75, 4.47051],
				"rotation": [10, 0, 0],
				"cubes": [
					{"origin": [-2.5, 6.56628, 3.65935], "size": [5, 6, 0.1], "uv": [44, 44]}
				]
			},
			{
				"name": "bone28",
				"parent": "bone27",
				"pivot": [-2.5, 5.40782, 4.47051],
				"rotation": [0, 0, 9.85108],
				"cubes": [
					{"origin": [-4.6982, 6.5492, 3.65835], "size": [2, 6, 0], "uv": [17, 34]}
				]
			},
			{
				"name": "bone29",
				"parent": "bone27",
				"pivot": [2.5, 5.40782, 4.47051],
				"rotation": [0, 0, -9.85108],
				"cubes": [
					{"origin": [2.6982, 6.5492, 3.66035], "size": [2, 6, 0], "uv": [17, 34]}
				]
			},
			{
				"name": "bone30",
				"parent": "bone17",
				"pivot": [0, 5.75, 0],
				"rotation": [0, -270, 0]
			},
			{
				"name": "bone31",
				"parent": "bone30",
				"pivot": [0, 5.75, 4.47051],
				"rotation": [10, 0, 0],
				"cubes": [
					{"origin": [-2.5, 6.39263, 4.64416], "size": [5, 6, 0.1], "uv": [44, 44]}
				]
			},
			{
				"name": "bone32",
				"parent": "bone31",
				"pivot": [-2.5, 5.40782, 4.47051],
				"rotation": [0, 0, 9.85108],
				"cubes": [
					{"origin": [-3.68323, 6.5492, 4.64316], "size": [2, 6, 0], "uv": [17, 34]}
				]
			},
			{
				"name": "bone33",
				"parent": "bone31",
				"pivot": [2.5, 5.40782, 4.47051],
				"rotation": [0, 0, -9.85108],
				"cubes": [
					{"origin": [1.68323, 6.5492, 4.64516], "size": [2, 6, 0], "uv": [17, 34]}
				]
			},
			{
				"name": "chestPlate",
				"parent": "body",
				"pivot": [0, 10.25, 0],
				"cubes": [
					{"origin": [-3.1, 13.049, -2.5], "size": [5.2, 1.5, 5], "uv": [2, 36]},
					{"origin": [-3, 9.749, -2], "size": [6, 9, 4], "uv": [28, 30]}
				]
			},
			{
				"name": "sittingRotationSkirt",
				"parent": "chestPlate",
				"pivot": [0, 10.25, 0]
			},
			{
				"name": "skirt",
				"parent": "sittingRotationSkirt",
				"pivot": [0, -0.25, 0]
			},
			{
				"name": "bone158",
				"parent": "skirt",
				"pivot": [0, 5.75, 0]
			},
			{
				"name": "bone159",
				"parent": "bone158",
				"pivot": [0, 5.75, 0]
			},
			{
				"name": "bone160",
				"parent": "bone159",
				"pivot": [0, 5.75, 5.27792],
				"rotation": [35, 0, 0]
			},
			{
				"name": "bone161",
				"parent": "bone160",
				"pivot": [0, 5.75, 5.27792],
				"rotation": [0, -45, 0],
				"cubes": [
					{"origin": [-1.17365, 7.14273, 4.10427], "size": [2, 4, 2], "uv": [0, 18]}
				]
			},
			{
				"name": "bone162",
				"parent": "bone158",
				"pivot": [0, 5.75, 0],
				"rotation": [0, -30, 0]
			},
			{
				"name": "bone163",
				"parent": "bone162",
				"pivot": [0, 5.75, 5.27792],
				"rotation": [35, 0, 0]
			},
			{
				"name": "bone164",
				"parent": "bone163",
				"pivot": [0, 5.75, 5.27792],
				"rotation": [0, -45, 0],
				"cubes": [
					{"origin": [-1.4496, 7.06588, 4.53543], "size": [2, 4, 2], "uv": [0, 18]}
				]
			},
			{
				"name": "bone165",
				"parent": "bone158",
				"pivot": [0, 5.75, 0],
				"rotation": [0, -60, 0]
			},
			{
				"name": "bone166",
				"parent": "bone165",
				"pivot": [0, 5.75, 5.27792],
				"rotation": [35, 0, 0]
			},
			{
				"name": "bone167",
				"parent": "bone166",
				"pivot": [0, 5.75, 5.27792],
				"rotation": [0, -45, 0]
			},
			{
				"name": "bone168",
				"parent": "bone158",
				"pivot": [0, 5.75, 0],
				"rotation": [0, -90, 0]
			},
			{
				"name": "bone169",
				"parent": "bone168",
				"pivot": [0, 5.75, 5.27792],
				"rotation": [35, 0, 0]
			},
			{
				"name": "bone170",
				"parent": "bone169",
				"pivot": [0, 5.75, 5.27792],
				"rotation": [0, -45, 0]
			},
			{
				"name": "bone171",
				"parent": "bone158",
				"pivot": [0, 5.75, 0],
				"rotation": [0, -120, 0]
			},
			{
				"name": "bone172",
				"parent": "bone171",
				"pivot": [0, 5.75, 5.27792],
				"rotation": [35, 0, 0]
			},
			{
				"name": "bone173",
				"parent": "bone172",
				"pivot": [0, 5.75, 5.27792],
				"rotation": [0, -45, 0]
			},
			{
				"name": "bone174",
				"parent": "bone158",
				"pivot": [0, 5.75, 0],
				"rotation": [0, -150, 0]
			},
			{
				"name": "bone175",
				"parent": "bone174",
				"pivot": [0, 5.75, 5.27792],
				"rotation": [35, 0, 0]
			},
			{
				"name": "bone176",
				"parent": "bone175",
				"pivot": [0, 5.75, 5.27792],
				"rotation": [0, -45, 0],
				"cubes": [
					{"origin": [-0.74249, 7.06588, 3.82832], "size": [2, 4, 2], "uv": [0, 18]}
				]
			},
			{
				"name": "bone177",
				"parent": "bone158",
				"pivot": [0, 5.75, 0],
				"rotation": [0, -180, 0]
			},
			{
				"name": "bone178",
				"parent": "bone177",
				"pivot": [0, 5.75, 5.27792],
				"rotation": [35, 0, 0]
			},
			{
				"name": "bone179",
				"parent": "bone178",
				"pivot": [0, 5.75, 5.27792],
				"rotation": [0, -45, 0],
				"cubes": [
					{"origin": [-1.17365, 7.14273, 4.10427], "size": [2, 4, 2], "uv": [0, 18]}
				]
			},
			{
				"name": "bone180",
				"parent": "bone158",
				"pivot": [0, 5.75, 0],
				"rotation": [0, -210, 0]
			},
			{
				"name": "bone181",
				"parent": "bone180",
				"pivot": [0, 5.75, 5.27792],
				"rotation": [35, 0, 0]
			},
			{
				"name": "bone182",
				"parent": "bone181",
				"pivot": [0, 5.75, 5.27792],
				"rotation": [0, -45, 0],
				"cubes": [
					{"origin": [-1.4496, 7.06588, 4.53543], "size": [2, 4, 2], "uv": [0, 18]}
				]
			},
			{
				"name": "bone183",
				"parent": "bone158",
				"pivot": [0, 5.75, 0],
				"rotation": [0, -240, 0]
			},
			{
				"name": "bone184",
				"parent": "bone183",
				"pivot": [0, 5.75, 5.27792],
				"rotation": [35, 0, 0]
			},
			{
				"name": "bone185",
				"parent": "bone184",
				"pivot": [0, 5.75, 5.27792],
				"rotation": [0, -45, 0],
				"cubes": [
					{"origin": [-1.49641, 6.85594, 5.00626], "size": [2, 4, 2], "uv": [0, 18]}
				]
			},
			{
				"name": "bone186",
				"parent": "bone158",
				"pivot": [0, 5.75, 0],
				"rotation": [0, -270, 0]
			},
			{
				"name": "bone187",
				"parent": "bone186",
				"pivot": [0, 5.75, 5.27792],
				"rotation": [35, 0, 0]
			},
			{
				"name": "bone188",
				"parent": "bone187",
				"pivot": [0, 5.75, 5.27792],
				"rotation": [0, -45, 0]
			},
			{
				"name": "bone189",
				"parent": "bone158",
				"pivot": [0, 5.75, 0],
				"rotation": [0, -300, 0]
			},
			{
				"name": "bone190",
				"parent": "bone189",
				"pivot": [0, 5.75, 5.27792],
				"rotation": [35, 0, 0]
			},
			{
				"name": "bone191",
				"parent": "bone190",
				"pivot": [0, 5.75, 5.27792],
				"rotation": [0, -45, 0],
				"cubes": [
					{"origin": [-0.27166, 6.85594, 3.78151], "size": [2, 4, 2], "uv": [0, 18]}
				]
			},
			{
				"name": "bone192",
				"parent": "bone158",
				"pivot": [0, 5.75, 0],
				"rotation": [0, -330, 0]
			},
			{
				"name": "bone193",
				"parent": "bone192",
				"pivot": [0, 5.75, 5.27792],
				"rotation": [35, 0, 0]
			},
			{
				"name": "bone194",
				"parent": "bone193",
				"pivot": [0, 5.75, 5.27792],
				"rotation": [0, -45, 0],
				"cubes": [
					{"origin": [-0.74249, 7.06588, 3.82832], "size": [2, 4, 2], "uv": [0, 18]}
				]
			},
			{
				"name": "bone97",
				"parent": "skirt",
				"pivot": [0, 6.75, 0]
			},
			{
				"name": "bone98",
				"parent": "bone97",
				"pivot": [0, 6.75, 0]
			},
			{
				"name": "bone99",
				"parent": "bone98",
				"pivot": [0, 6.75, 5.27792],
				"rotation": [35, 0, 0]
			},
			{
				"name": "bone100",
				"parent": "bone99",
				"pivot": [0, 6.75, 5.27792],
				"rotation": [0, -45, 0],
				"cubes": [
					{"origin": [-1.17365, 8.14273, 4.10427], "size": [2, 6, 2], "uv": [0, 0]}
				]
			},
			{
				"name": "bone101",
				"parent": "bone97",
				"pivot": [0, 6.75, 0],
				"rotation": [0, -30, 0]
			},
			{
				"name": "bone102",
				"parent": "bone101",
				"pivot": [0, 6.75, 5.27792],
				"rotation": [35, 0, 0]
			},
			{
				"name": "bone103",
				"parent": "bone102",
				"pivot": [0, 6.75, 5.27792],
				"rotation": [0, -45, 0]
			},
			{
				"name": "bone104",
				"parent": "bone97",
				"pivot": [0, 6.75, 0],
				"rotation": [0, -60, 0]
			},
			{
				"name": "bone105",
				"parent": "bone104",
				"pivot": [0, 6.75, 5.27792],
				"rotation": [35, 0, 0]
			},
			{
				"name": "bone107",
				"parent": "bone97",
				"pivot": [0, 6.75, 0],
				"rotation": [0, -90, 0]
			},
			{
				"name": "bone108",
				"parent": "bone107",
				"pivot": [0, 6.75, 5.27792],
				"rotation": [35, 0, 0]
			},
			{
				"name": "bone109",
				"parent": "bone108",
				"pivot": [0, 6.75, 5.27792],
				"rotation": [0, -45, 0]
			},
			{
				"name": "bone110",
				"parent": "bone97",
				"pivot": [0, 6.75, 0],
				"rotation": [0, -120, 0]
			},
			{
				"name": "bone111",
				"parent": "bone110",
				"pivot": [0, 6.75, 5.27792],
				"rotation": [35, 0, 0]
			},
			{
				"name": "bone112",
				"parent": "bone111",
				"pivot": [0, 6.75, 5.27792],
				"rotation": [0, -45, 0]
			},
			{
				"name": "bone113",
				"parent": "bone97",
				"pivot": [0, 6.75, 0],
				"rotation": [0, -150, 0]
			},
			{
				"name": "bone114",
				"parent": "bone113",
				"pivot": [0, 6.75, 5.27792],
				"rotation": [35, 0, 0]
			},
			{
				"name": "bone115",
				"parent": "bone114",
				"pivot": [0, 6.75, 5.27792],
				"rotation": [0, -45, 0]
			},
			{
				"name": "bone116",
				"parent": "bone97",
				"pivot": [0, 6.75, 0],
				"rotation": [0, -180, 0]
			},
			{
				"name": "bone117",
				"parent": "bone116",
				"pivot": [0, 6.75, 5.27792],
				"rotation": [35, 0, 0]
			},
			{
				"name": "bone118",
				"parent": "bone117",
				"pivot": [0, 6.75, 5.27792],
				"rotation": [0, -45, 0],
				"cubes": [
					{"origin": [-1.17365, 8.14273, 4.10427], "size": [2, 6, 2], "uv": [0, 0]}
				]
			},
			{
				"name": "bone119",
				"parent": "bone97",
				"pivot": [0, 6.75, 0],
				"rotation": [0, -210, 0]
			},
			{
				"name": "bone120",
				"parent": "bone119",
				"pivot": [0, 6.75, 5.27792],
				"rotation": [35, 0, 0]
			},
			{
				"name": "bone121",
				"parent": "bone120",
				"pivot": [0, 6.75, 5.27792],
				"rotation": [0, -45, 0],
				"cubes": [
					{"origin": [-1.4496, 8.06588, 4.53543], "size": [2, 6, 2], "uv": [0, 0]}
				]
			},
			{
				"name": "bone122",
				"parent": "bone97",
				"pivot": [0, 6.75, 0],
				"rotation": [0, -240, 0]
			},
			{
				"name": "bone123",
				"parent": "bone122",
				"pivot": [0, 6.75, 5.27792],
				"rotation": [35, 0, 0]
			},
			{
				"name": "bone124",
				"parent": "bone123",
				"pivot": [0, 6.75, 5.27792],
				"rotation": [0, -45, 0],
				"cubes": [
					{"origin": [-1.49641, 7.85594, 5.00626], "size": [2, 6, 2], "uv": [0, 0]}
				]
			},
			{
				"name": "bone125",
				"parent": "bone97",
				"pivot": [0, 6.75, 0],
				"rotation": [0, -270, 0]
			},
			{
				"name": "bone126",
				"parent": "bone125",
				"pivot": [0, 6.75, 5.27792],
				"rotation": [35, 0, 0]
			},
			{
				"name": "bone127",
				"parent": "bone126",
				"pivot": [0, 6.75, 5.27792],
				"rotation": [0, -45, 0]
			},
			{
				"name": "bone128",
				"parent": "bone97",
				"pivot": [0, 6.75, 0],
				"rotation": [0, -300, 0]
			},
			{
				"name": "bone129",
				"parent": "bone128",
				"pivot": [0, 6.75, 5.27792],
				"rotation": [35, 0, 0]
			},
			{
				"name": "bone130",
				"parent": "bone129",
				"pivot": [0, 6.75, 5.27792],
				"rotation": [0, -45, 0],
				"cubes": [
					{"origin": [-0.27166, 7.85594, 3.78151], "size": [2, 6, 2], "uv": [0, 0]}
				]
			},
			{
				"name": "bone131",
				"parent": "bone97",
				"pivot": [0, 6.75, 0],
				"rotation": [0, -330, 0]
			},
			{
				"name": "bone132",
				"parent": "bone131",
				"pivot": [0, 6.75, 5.27792],
				"rotation": [35, 0, 0]
			},
			{
				"name": "bone133",
				"parent": "bone132",
				"pivot": [0, 6.75, 5.27792],
				"rotation": [0, -45, 0],
				"cubes": [
					{"origin": [-0.74249, 8.06588, 3.82832], "size": [2, 6, 2], "uv": [0, 0]}
				]
			},
			{
				"name": "bone",
				"parent": "chestPlate",
				"pivot": [0.4, 7.75, 0]
			},
			{
				"name": "bone2",
				"parent": "bone",
				"pivot": [0.4, 7.75, 0]
			},
			{
				"name": "bone3",
				"parent": "bone2",
				"pivot": [0.4, 7.75, 4.47051],
				"rotation": [-10, 180, 0]
			},
			{
				"name": "bone5",
				"parent": "bone3",
				"pivot": [2.9, 7.40782, 4.47051],
				"rotation": [0, 0, -9.85108],
				"cubes": [
					{"origin": [3.0982, 8.5492, 5.28267], "size": [2, 6, 0], "uv": [0, 34]}
				]
			},
			{
				"name": "bone41",
				"parent": "bone3",
				"pivot": [0.4, 7.75, 4.47051],
				"cubes": [
					{"origin": [-1.1, 13.56628, 5.28167], "size": [1, 1, 0], "uv": [6, 0]},
					{"origin": [1.9, 10.56628, 5.28167], "size": [1, 4, 0], "uv": [31, 0]},
					{"origin": [0.9, 11.56628, 5.28167], "size": [1, 3, 0], "uv": [31, 4]},
					{"origin": [-0.1, 12.56628, 5.28167], "size": [1, 2, 0], "uv": [0, 0]}
				]
			},
			{
				"name": "bone6",
				"parent": "bone",
				"pivot": [0.4, 7.75, 0],
				"rotation": [0, -90, 0]
			},
			{
				"name": "bone7",
				"parent": "bone6",
				"pivot": [0.4, 7.75, 4.47051],
				"rotation": [10, 0, 0],
				"cubes": [
					{"origin": [-1.85, 5.39263, 4.74416], "size": [4, 9, 0], "uv": [16, 43]}
				]
			},
			{
				"name": "bone8",
				"parent": "bone7",
				"pivot": [-4.1, 7.40782, 4.47051],
				"rotation": [0, 180, 9.85108],
				"cubes": [
					{"origin": [-6.91677, 7.5492, 4.29586], "size": [2, 7, 0], "uv": [27, 0]}
				]
			},
			{
				"name": "bone9",
				"parent": "bone7",
				"pivot": [2.9, 7.40782, 4.47051],
				"rotation": [0, 0, -9.85108],
				"cubes": [
					{"origin": [2.08323, 7.5492, 4.64516], "size": [2, 7, 0], "uv": [27, 0]}
				]
			},
			{
				"name": "bone10",
				"parent": "bone",
				"pivot": [0.4, 7.75, 0],
				"rotation": [0, -180, 0]
			},
			{
				"name": "bone11",
				"parent": "bone10",
				"pivot": [0.4, 7.75, 4.47051],
				"rotation": [10, 0, 0]
			},
			{
				"name": "bone4",
				"parent": "bone11",
				"pivot": [0.4, 7.75, 4.37051],
				"cubes": [
					{"origin": [-1.1, 13.39263, 4.54416], "size": [1, 1, 0], "uv": [6, 0]},
					{"origin": [1.9, 10.56628, 3.55935], "size": [1, 4, 0], "uv": [31, 0]},
					{"origin": [0.9, 11.56628, 3.55935], "size": [1, 3, 0], "uv": [31, 4]},
					{"origin": [-0.1, 12.56628, 3.55935], "size": [1, 2, 0], "uv": [0, 0]}
				]
			},
			{
				"name": "bone12",
				"parent": "bone11",
				"pivot": [-2.1, 7.40782, 4.47051],
				"rotation": [0, 0, 9.85108]
			},
			{
				"name": "bone13",
				"parent": "bone11",
				"pivot": [2.9, 7.40782, 4.47051],
				"rotation": [0, 0, -9.85108],
				"cubes": [
					{"origin": [3.0982, 8.5492, 3.56035], "size": [2, 6, 0], "uv": [0, 34]}
				]
			},
			{
				"name": "leg",
				"parent": "chestPlate",
				"pivot": [0, 16.75, 3.1]
			},
			{
				"name": "Float",
				"parent": "leg",
				"pivot": [0, 16.75, 4.35]
			},
			{
				"name": "bone35",
				"parent": "Float",
				"pivot": [1, 17.25, 3.85],
				"rotation": [10, 0, 0],
				"cubes": [
					{"origin": [-3.25, 16.55895, 2.88218], "size": [6.5, 2.25, 0], "uv": [44, 32]}
				]
			},
			{
				"name": "bone34",
				"parent": "Float",
				"pivot": [-1.5, 16.75, 2.35],
				"rotation": [-30, 0, 0],
				"cubes": [
					{"origin": [-3.25, 18.48205, 1.35], "size": [6.5, 1, 0.5], "uv": [34, 32]},
					{"origin": [-2.25, 18.48205, 1.85], "size": [4.5, 0.75, 0.25], "uv": [34, 31]}
				]
			},
			{
				"name": "bone36",
				"parent": "Float",
				"pivot": [1, 17.25, 3.85],
				"rotation": [10, 0, 0],
				"cubes": [
					{"origin": [-3.25, 16.55895, 2.85718], "size": [6.5, 2.25, 0], "uv": [36, 9]}
				]
			},
			{
				"name": "legLeft",
				"pivot": [1.5, 10, 0],
				"cubes": [
					{"origin": [0.249, 0, -1.5], "size": [2.5, 10, 2.5], "uv": [28, 43]}
				]
			},
			{
				"name": "legRight",
				"pivot": [-1.5, 10, 0],
				"cubes": [
					{"origin": [-2.749, 0, -1.5], "size": [2.5, 10, 2.5], "uv": [28, 43]}
				]
			},
			{
				"name": "backpackPositioningBone",
				"pivot": [0, 18, 0]
			}
		]
	}
}