{
	"format_version": "1.10.0",
	"geometry.model": {
		"texturewidth": 128,
		"textureheight": 128,
		"visible_bounds_width": 4,
		"visible_bounds_height": 4,
		"visible_bounds_offset": [0, 1, 0],
		"bones": [
			{
				"name": "head",
				"pivot": [0, 17.2, 0],
				"cubes": [
					{"origin": [-4, 17.9, -4], "size": [8, 8, 8], "uv": [0, 16]}
				]
			},
			{
				"name": "blink",
				"parent": "head",
				"pivot": [0, 18.2, 0],
				"cubes": [
					{"origin": [-4, 17.9, -4.001], "size": [8, 8, 0], "uv": [24, 0]}
				]
			},
			{
				"name": "hai",
				"parent": "head",
				"pivot": [0, 17.2, 0],
				"cubes": [
					{"origin": [-4.25, 17.65, -4.25], "size": [8.5, 8.5, 8.5], "uv": [0, 0], "inflate": 0.05},
					{"origin": [-4.25, 14.65, -4.25], "size": [2, 3, 1], "uv": [0, 44], "mirror": true},
					{"origin": [2.25, 14.65, -4.25], "size": [2, 3, 1], "uv": [0, 44]}
				]
			},
			{
				"name": "hair",
				"parent": "hai",
				"pivot": [0, 17.2, 0.2],
				"rotation": [12.5, 0, 0],
				"cubes": [
					{"origin": [-7.25, 5.5743, 4.83243], "size": [14.5, 14.5, 0], "uv": [56, 78]}
				]
			},
			{
				"name": "bone",
				"parent": "hair",
				"pivot": [4.76795, 11.47644, 2.51131],
				"rotation": [0.18869, -117.3867, -5.4205],
				"cubes": [
					{"origin": [2.53841, 7.68496, 2.01521], "size": [4.5, 12.5, 0], "uv": [42, 93]}
				]
			},
			{
				"name": "bone2",
				"parent": "hair",
				"pivot": [-4.73205, 11.47644, 2.51131],
				"rotation": [0.18869, -62.61328, 5.42054],
				"cubes": [
					{"origin": [-6.96159, 7.68165, 3.0203], "size": [4.5, 12.5, 0], "uv": [42, 93]}
				]
			},
			{
				"name": "bone3",
				"parent": "hai",
				"pivot": [0, 17.2, 0]
			},
			{
				"name": "bone4",
				"parent": "bone3",
				"pivot": [4, 20.7, -3],
				"rotation": [0, 0, 27.5],
				"cubes": [
					{"origin": [3.3548, 20.3847, -3.2], "size": [2, 1, 0], "uv": [0, 51]}
				]
			},
			{
				"name": "bone5",
				"parent": "bone3",
				"pivot": [-2.75, 20.95, -1.1],
				"rotation": [0, 0, -12.5],
				"cubes": [
					{"origin": [-5.09051, 22.15187, -1.1], "size": [2, 1, 0], "uv": [0, 51]}
				]
			},
			{
				"name": "bone6",
				"parent": "bone3",
				"pivot": [-3.25, 16.7, 2.65],
				"rotation": [0, 0, -32.5],
				"cubes": [
					{"origin": [-5.39525, 17.85858, 2.65], "size": [2, 1, 0], "uv": [0, 51]}
				]
			},
			{
				"name": "armRight",
				"pivot": [-3, 16.5, 0],
				"rotation": [0, 0, 25],
				"cubes": [
					{"origin": [-5.49188, 9.79638, -1], "size": [2, 7.35, 2], "uv": [24, 34]},
					{"origin": [3.49188, 10.29638, -1], "size": [2, 7.35, 2], "uv": [16, 41], "inflate": 0.15}
				]
			},
			{
				"name": "armLeft",
				"pivot": [3, 16.5, 0],
				"rotation": [0, 0, -25],
				"cubes": [
					{"origin": [3.49188, 9.79638, -1], "size": [2, 7.35, 2], "uv": [16, 32]},
					{"origin": [3.49188, 10.29638, -1], "size": [2, 7.35, 2], "uv": [16, 41], "inflate": 0.15}
				]
			},
			{
				"name": "body",
				"pivot": [0, 10.5, 0],
				"cubes": [
					{"origin": [-3, 9.199, -2], "size": [6, 8.5, 4], "uv": [28, 12]},
					{"origin": [-3.25, 10.599, -2.2], "size": [6.5, 7.25, 4.35], "uv": [51, 12]},
					{"origin": [-1.5, 17.699, -1.25], "size": [3, 1, 3], "uv": [0, 34]}
				]
			},
			{
				"name": "sittingRotationSkirt",
				"parent": "body",
				"pivot": [0, 9.8, -1]
			},
			{
				"name": "bone7",
				"parent": "sittingRotationSkirt",
				"pivot": [0, 2.55, 0]
			},
			{
				"name": "bone8",
				"parent": "bone7",
				"pivot": [0, 2.55, 0]
			},
			{
				"name": "bone9",
				"parent": "bone8",
				"pivot": [0, 2.55, 4.95124],
				"rotation": [13, 0, 0],
				"cubes": [
					{"origin": [-2, 8.74313, 4.0144], "size": [4, 3.2, 0], "uv": [29, 45]}
				]
			},
			{
				"name": "bone10",
				"parent": "bone9",
				"pivot": [-3, 2.11107, 4.95124],
				"rotation": [0, 0, 12.67771],
				"cubes": [
					{"origin": [-5.15629, 8.80584, 4.08835], "size": [2, 3, 0], "uv": [35, 37], "mirror": true}
				]
			},
			{
				"name": "bone11",
				"parent": "bone9",
				"pivot": [3, 2.11107, 4.95124],
				"rotation": [0, 0, -12.67771],
				"cubes": [
					{"origin": [3.15629, 8.80584, 4.09035], "size": [2, 3, 0], "uv": [35, 37]}
				]
			},
			{
				"name": "bone12",
				"parent": "bone7",
				"pivot": [0, 2.55, 0],
				"rotation": [0, -90, 0]
			},
			{
				"name": "bone13",
				"parent": "bone12",
				"pivot": [0, 2.55, 4.95124],
				"rotation": [13, 0, 0],
				"cubes": [
					{"origin": [-1, 8.52075, 4.96628], "size": [2, 3.1, 0], "uv": [43, 37]}
				]
			},
			{
				"name": "bone14",
				"parent": "bone13",
				"pivot": [-3, 2.11107, 4.95124],
				"rotation": [0, 0, 12.67771],
				"cubes": [
					{"origin": [-4.1313, 8.80584, 5.06272], "size": [2, 3, 0], "uv": [35, 37], "mirror": true}
				]
			},
			{
				"name": "bone15",
				"parent": "bone13",
				"pivot": [3, 2.11107, 4.95124],
				"rotation": [0, 0, -12.67771],
				"cubes": [
					{"origin": [2.1313, 8.80584, 5.06472], "size": [2, 3, 0], "uv": [35, 37]}
				]
			},
			{
				"name": "bone16",
				"parent": "bone7",
				"pivot": [0, 2.55, 0],
				"rotation": [0, -180, 0]
			},
			{
				"name": "bone17",
				"parent": "bone16",
				"pivot": [0, 2.55, 4.95124],
				"rotation": [13, 0, 0],
				"cubes": [
					{"origin": [-2, 8.64313, 4.0144], "size": [4, 3, 0], "uv": [29, 45]}
				]
			},
			{
				"name": "bone18",
				"parent": "bone17",
				"pivot": [-3, 2.11107, 4.95124],
				"rotation": [0, 0, 12.67771],
				"cubes": [
					{"origin": [-5.15629, 8.70584, 4.08835], "size": [2, 3.1, 0], "uv": [35, 37]}
				]
			},
			{
				"name": "bone19",
				"parent": "bone17",
				"pivot": [3, 2.11107, 4.95124],
				"rotation": [0, 0, -12.67771],
				"cubes": [
					{"origin": [3.15629, 8.70584, 4.09035], "size": [2, 3.1, 0], "uv": [35, 37], "mirror": true}
				]
			},
			{
				"name": "bone20",
				"parent": "bone7",
				"pivot": [0, 2.55, 0],
				"rotation": [0, -270, 0]
			},
			{
				"name": "bone21",
				"parent": "bone20",
				"pivot": [0, 2.55, 4.95124],
				"rotation": [13, 0, 0],
				"cubes": [
					{"origin": [-1, 8.52075, 4.96628], "size": [2, 3.1, 0], "uv": [43, 37]}
				]
			},
			{
				"name": "bone22",
				"parent": "bone21",
				"pivot": [-3, 2.11107, 4.95124],
				"rotation": [0, 0, 12.67771],
				"cubes": [
					{"origin": [-4.1313, 8.80584, 5.06272], "size": [2, 3, 0], "uv": [35, 37], "mirror": true}
				]
			},
			{
				"name": "bone23",
				"parent": "bone21",
				"pivot": [3, 2.11107, 4.95124],
				"rotation": [0, 0, -12.67771],
				"cubes": [
					{"origin": [2.1313, 8.80584, 5.06472], "size": [2, 3, 0], "uv": [35, 37]}
				]
			},
			{
				"name": "bone24",
				"parent": "body",
				"pivot": [0, 15.75, -2.5],
				"rotation": [-2.5, 0, 0],
				"cubes": [
					{"origin": [-0.4, 15.75, -2.3], "size": [0.75, 1.25, 1], "uv": [50, 52]}
				]
			},
			{
				"name": "bone28",
				"parent": "bone24",
				"pivot": [0, 15.75, -2.5]
			},
			{
				"name": "bone29",
				"parent": "bone28",
				"pivot": [0, 15.75, -2],
				"rotation": [0, 0, -20],
				"cubes": [
					{"origin": [0, 15.75, -2.25], "size": [2, 1, 1], "uv": [45, 51], "mirror": true}
				]
			},
			{
				"name": "bone30",
				"parent": "bone28",
				"pivot": [0, 15.75, -2],
				"rotation": [-0.09146, -0.31386, 19.99313],
				"cubes": [
					{"origin": [0.08085, 16.03498, -2.26044], "size": [1.45, 1, 1], "uv": [45, 51], "mirror": true}
				]
			},
			{
				"name": "bone32",
				"parent": "bone28",
				"pivot": [0, 15.75, -2.5],
				"rotation": [-9.40804, -3.40487, -19.71975],
				"cubes": [
					{"origin": [0.03339, 13.84174, -2.12164], "size": [1, 2, 0], "uv": [45, 55], "mirror": true}
				]
			},
			{
				"name": "bone25",
				"parent": "bone24",
				"pivot": [0, 15.75, -2.5]
			},
			{
				"name": "bone26",
				"parent": "bone25",
				"pivot": [0, 15.75, -2],
				"rotation": [0, 0, 20],
				"cubes": [
					{"origin": [-2, 15.75, -2.25], "size": [2, 1, 1], "uv": [45, 51]}
				]
			},
			{
				"name": "bone27",
				"parent": "bone25",
				"pivot": [0, 15.75, -2],
				"rotation": [-0.09146, 0.31386, -19.99313],
				"cubes": [
					{"origin": [-1.53085, 16.03498, -2.26044], "size": [1.45, 1, 1], "uv": [45, 51]}
				]
			},
			{
				"name": "bone31",
				"parent": "bone25",
				"pivot": [0, 15.75, -2.5],
				"rotation": [-9.40804, 3.40487, 19.71975],
				"cubes": [
					{"origin": [-1.03339, 13.84174, -2.12164], "size": [1, 2, 0], "uv": [45, 55]}
				]
			},
			{
				"name": "legLeft",
				"pivot": [1.5, 8.5, 0],
				"cubes": [
					{"origin": [0.249, 0.25, -1.5], "size": [2.5, 9.25, 2.5], "uv": [0, 59]}
				]
			},
			{
				"name": "legRight",
				"pivot": [-1.5, 8.5, 0],
				"cubes": [
					{"origin": [-2.749, 0.25, -1.5], "size": [2.5, 9.25, 2.5], "uv": [0, 59], "mirror": true}
				]
			}
		]
	}
}