{
	"format_version": "1.10.0",
	"geometry.model": {
		"texturewidth": 128,
		"textureheight": 128,
		"visible_bounds_width": 3,
		"visible_bounds_height": 4,
		"visible_bounds_offset": [0, 1, 0],
		"bones": [
			{
				"name": "head",
				"pivot": [0, 17.5, 0],
				"cubes": [
					{"origin": [-4, 18.2, -4], "size": [8, 8, 8], "uv": [0, 16]}
				]
			},
			{
				"name": "bone5",
				"parent": "head",
				"pivot": [0, 19.7, 7],
				"rotation": [20, 0, 0]
			},
			{
				"name": "blink",
				"parent": "head",
				"pivot": [0, 18.5, 0],
				"cubes": [
					{"origin": [-4, 18.2, -4.001], "size": [8, 8, 0], "uv": [24, 0]}
				]
			},
			{
				"name": "hai",
				"parent": "head",
				"pivot": [0, 17.5, 0],
				"cubes": [
					{"origin": [-4.25, 17.95, -4.25], "size": [8.5, 8.5, 8.5], "uv": [0, 0]},
					{"origin": [-4.25, 14.95, -4.25], "size": [8.5, 3, 1], "uv": [0, 104]},
					{"origin": [-4.25, 11.95, -2.75], "size": [1, 6, 1], "uv": [29, 121]}
				]
			},
			{
				"name": "hair",
				"parent": "hai",
				"pivot": [0, 17.5, 0],
				"rotation": [7.5, 0, 0],
				"cubes": [
					{"origin": [-5.25, 4.88286, 4.4019], "size": [10.5, 13.5, 0], "uv": [0, 77]}
				]
			},
			{
				"name": "bone",
				"parent": "hair",
				"pivot": [4.76795, 11.77644, 2.31131],
				"rotation": [0.18869, -117.3867, -5.4205],
				"cubes": [
					{"origin": [3.51795, 6.02644, 2.31131], "size": [3.5, 12.5, 0], "uv": [2, 91]}
				]
			},
			{
				"name": "bone2",
				"parent": "hair",
				"pivot": [-4.73205, 11.77644, 2.31131],
				"rotation": [0.18869, -62.61328, 5.42054],
				"cubes": [
					{"origin": [-5.98205, 6.02644, 2.31131], "size": [3.5, 12.5, 0], "uv": [2, 91]}
				]
			},
			{
				"name": "bow2",
				"parent": "head",
				"pivot": [-0.35, -1.4, -0.3],
				"rotation": [0, 15, 0]
			},
			{
				"name": "bone98",
				"parent": "bow2",
				"pivot": [-1.1, 10.6, -0.3],
				"cubes": [
					{"origin": [-3.22941, 13, -3.91704], "size": [0.5, 0.5, 0.1], "uv": [68, 10]}
				]
			},
			{
				"name": "bone99",
				"parent": "bow2",
				"pivot": [-1.1, 10.5, -0.2]
			},
			{
				"name": "bone100",
				"parent": "bone99",
				"pivot": [-3.65, 12.95, -4.2],
				"rotation": [0, 0, -30],
				"cubes": [
					{"origin": [-4.21207, 12.7647, -3.81704], "size": [1.2, 0.4, 0.1], "uv": [68, 10]}
				]
			},
			{
				"name": "bone101",
				"parent": "bone99",
				"pivot": [-3.35, 12.45, -4.2],
				"rotation": [0, 0, -65],
				"cubes": [
					{"origin": [-4.15469, 12.31728, -3.81704], "size": [1.5, 0.3, 0.1], "uv": [68, 10]}
				]
			},
			{
				"name": "bone102",
				"parent": "bone99",
				"pivot": [-3.95, 11.45, -4.2],
				"rotation": [0, -17.5, -52.5],
				"cubes": [
					{"origin": [-4.12164, 11.27902, -3.96019], "size": [0.7, 0.3, 0.1], "uv": [68, 10]}
				]
			},
			{
				"name": "bone107",
				"parent": "bone99",
				"pivot": [-3.4951, 13.0817, -4.2],
				"rotation": [0, 0, -20],
				"cubes": [
					{"origin": [-4.21671, 12.92596, -3.91704], "size": [1.2, 0.4, 0.1], "uv": [68, 10]}
				]
			},
			{
				"name": "bone103",
				"parent": "bow2",
				"pivot": [-4.7, 10.5, -8.2],
				"rotation": [0, 180, 0]
			},
			{
				"name": "bone104",
				"parent": "bone103",
				"pivot": [-7.25, 12.95, -12.2],
				"rotation": [0, 0, -30],
				"cubes": [
					{"origin": [-7.58793, 12.6353, -12.78296], "size": [1.2, 0.4, 0.1], "uv": [68, 10]}
				]
			},
			{
				"name": "bone105",
				"parent": "bone103",
				"pivot": [-6.95, 12.45, -12.2],
				"rotation": [0, 0, -65],
				"cubes": [
					{"origin": [-7.64531, 12.08272, -12.78296], "size": [1.5, 0.3, 0.1], "uv": [68, 10]}
				]
			},
			{
				"name": "bone106",
				"parent": "bone103",
				"pivot": [-7.55, 11.45, -12.2],
				"rotation": [0, 7.5, -52.5],
				"cubes": [
					{"origin": [-7.6326, 11.07368, -12.70584], "size": [0.7, 0.3, 0.1], "uv": [68, 10]}
				]
			},
			{
				"name": "bone108",
				"parent": "bone103",
				"pivot": [-7.0951, 13.0817, -12.3],
				"rotation": [0, 0, -15],
				"cubes": [
					{"origin": [-7.5701, 12.84821, -12.88296], "size": [1.2, 0.4, 0.1], "uv": [68, 10]}
				]
			},
			{
				"name": "armRight",
				"pivot": [-3, 16.5, 0],
				"rotation": [0, 0, 25],
				"cubes": [
					{"origin": [-5.28057, 8.34323, -1], "size": [2, 8.35, 2], "uv": [16, 31]},
					{"origin": [-5.46943, 14.34323, -1.25], "size": [2.5, 2.6, 2.5], "uv": [16, 32]},
					{"origin": [-5.36943, 11.99323, -1.15], "size": [2.25, 2.5, 2.3], "uv": [16, 32]},
					{"origin": [-5.71943, 9.59323, -1.25], "size": [3, 1.6, 3], "uv": [8, 60]},
					{"origin": [-5.71943, 9.24323, -1.25], "size": [3, 0.35, 3], "uv": [4, 124]}
				]
			},
			{
				"name": "armLeft",
				"pivot": [3, 16.5, 0],
				"rotation": [0, 0, -25],
				"cubes": [
					{"origin": [3.28057, 8.34323, -1], "size": [2, 7.35, 2], "uv": [16, 32]},
					{"origin": [3.03057, 14.34323, -1.25], "size": [2.5, 2.6, 2.5], "uv": [16, 32]},
					{"origin": [2.78057, 9.59323, -1.25], "size": [3, 1.6, 3], "uv": [8, 60]},
					{"origin": [3.13057, 10.99323, -1.15], "size": [2.25, 3.5, 2.3], "uv": [16, 33]},
					{"origin": [2.78057, 9.24323, -1.25], "size": [3, 0.35, 3], "uv": [4, 124]}
				]
			},
			{
				"name": "body",
				"pivot": [0, 10.5, 0],
				"cubes": [
					{"origin": [-3, 9.199, -2], "size": [6, 8.5, 4], "uv": [28, 12]}
				]
			},
			{
				"name": "bone3",
				"parent": "body",
				"pivot": [0, 11.5, 0],
				"cubes": [
					{"origin": [-3.25, 15.699, -2.25], "size": [6.5, 3, 4.5], "uv": [2, 110]}
				]
			},
			{
				"name": "bone9",
				"parent": "bone3",
				"pivot": [2.83741, 15.2938, -3.05],
				"rotation": [0.70111, 1.38464, 40.13784],
				"cubes": [
					{"origin": [1.93854, 14.34614, -2.3599], "size": [1, 1.5, 0], "uv": [0, 125]}
				]
			},
			{
				"name": "bone11",
				"parent": "bone3",
				"pivot": [-0.5, 15.699, -3.25],
				"rotation": [0, 0, 27.5],
				"cubes": [
					{"origin": [-1.56259, 13.7938, -2.35], "size": [1, 3, 0], "uv": [0, 125]}
				]
			},
			{
				"name": "bone10",
				"parent": "bone3",
				"pivot": [0, 15, -3.2],
				"rotation": [0, 180, 0]
			},
			{
				"name": "bone4",
				"parent": "bone10",
				"pivot": [-0.5, 15.699, -3.45],
				"rotation": [0, 0, 27.5],
				"cubes": [
					{"origin": [-1.56259, 13.7938, -4.05], "size": [1, 3, 0], "uv": [0, 125]}
				]
			},
			{
				"name": "bone12",
				"parent": "bone3",
				"pivot": [-2.16259, 15.2938, -3.05],
				"rotation": [-0.91023, -0.52691, -40.12577],
				"cubes": [
					{"origin": [-2.78997, 14.80079, -2.33628], "size": [1, 1.5, 0], "uv": [0, 125]}
				]
			},
			{
				"name": "bone6",
				"parent": "body",
				"pivot": [0, 10.5, 0]
			},
			{
				"name": "bone7",
				"parent": "bone6",
				"pivot": [0, 10.5, 0],
				"cubes": [
					{"origin": [1, 13.5, -3.2], "size": [1, 1, 0], "uv": [0, 0]}
				]
			},
			{
				"name": "sittingRotationSkirt",
				"parent": "body",
				"pivot": [0, 10.75, 0]
			},
			{
				"name": "bone53",
				"parent": "sittingRotationSkirt",
				"pivot": [0, 2.75, 0]
			},
			{
				"name": "bone54",
				"parent": "bone53",
				"pivot": [0, 2.75, 0]
			},
			{
				"name": "bone55",
				"parent": "bone54",
				"pivot": [0, 2.75, 5.27792],
				"rotation": [23, 0, 0]
			},
			{
				"name": "bone56",
				"parent": "bone55",
				"pivot": [0, 2.75, 5.27792],
				"rotation": [0, -45, 0],
				"cubes": [
					{"origin": [-1.35002, 8.5033, 3.92789], "size": [2, 2, 2], "uv": [54, 5]}
				]
			},
			{
				"name": "bone57",
				"parent": "bone53",
				"pivot": [0, 2.75, 0],
				"rotation": [0, -30, 0]
			},
			{
				"name": "bone58",
				"parent": "bone57",
				"pivot": [0, 2.75, 5.27792],
				"rotation": [23, 0, 0]
			},
			{
				"name": "bone59",
				"parent": "bone58",
				"pivot": [0, 2.75, 5.27792],
				"rotation": [0, -45, 0],
				"cubes": [
					{"origin": [-1.54978, 8.46404, 4.25846], "size": [2, 2, 2], "uv": [52, 36]}
				]
			},
			{
				"name": "bone60",
				"parent": "bone53",
				"pivot": [0, 2.75, 0],
				"rotation": [0, -60, 0]
			},
			{
				"name": "bone61",
				"parent": "bone60",
				"pivot": [0, 2.75, 5.27792],
				"rotation": [23, 0, 0]
			},
			{
				"name": "bone62",
				"parent": "bone61",
				"pivot": [0, 2.75, 5.27792],
				"rotation": [0, -45, 0],
				"cubes": [
					{"origin": [-1.09631, 8.25909, 4.48779], "size": [2, 2, 2], "uv": [32, 52]}
				]
			},
			{
				"name": "bone63",
				"parent": "bone53",
				"pivot": [0, 2.75, 0],
				"rotation": [0, -90, 0]
			},
			{
				"name": "bone64",
				"parent": "bone63",
				"pivot": [0, 2.75, 5.27792],
				"rotation": [23, 0, 0]
			},
			{
				"name": "bone65",
				"parent": "bone64",
				"pivot": [0, 2.75, 5.27792],
				"rotation": [0, -45, 0],
				"cubes": [
					{"origin": [-0.86185, 8.21025, 4.41606], "size": [2, 2, 2], "uv": [52, 14]}
				]
			},
			{
				"name": "bone66",
				"parent": "bone53",
				"pivot": [0, 2.75, 0],
				"rotation": [0, -120, 0]
			},
			{
				"name": "bone67",
				"parent": "bone66",
				"pivot": [0, 2.75, 5.27792],
				"rotation": [23, 0, 0]
			},
			{
				"name": "bone68",
				"parent": "bone67",
				"pivot": [0, 2.75, 5.27792],
				"rotation": [0, -45, 0],
				"cubes": [
					{"origin": [-0.79012, 8.25909, 4.1816], "size": [2, 2, 2], "uv": [24, 51]}
				]
			},
			{
				"name": "bone69",
				"parent": "bone53",
				"pivot": [0, 2.75, 0],
				"rotation": [0, -150, 0]
			},
			{
				"name": "bone70",
				"parent": "bone69",
				"pivot": [0, 2.75, 5.27792],
				"rotation": [23, 0, 0]
			},
			{
				"name": "bone71",
				"parent": "bone70",
				"pivot": [0, 2.75, 5.27792],
				"rotation": [0, -45, 0],
				"cubes": [
					{"origin": [-1.01945, 8.46404, 3.72813], "size": [2, 2, 2], "uv": [0, 50]}
				]
			},
			{
				"name": "bone72",
				"parent": "bone53",
				"pivot": [0, 2.75, 0],
				"rotation": [0, -180, 0]
			},
			{
				"name": "bone73",
				"parent": "bone72",
				"pivot": [0, 2.75, 5.27792],
				"rotation": [23, 0, 0]
			},
			{
				"name": "bone74",
				"parent": "bone73",
				"pivot": [0, 2.75, 5.27792],
				"rotation": [0, -45, 0],
				"cubes": [
					{"origin": [-1.35002, 8.5033, 3.92789], "size": [2, 2, 2], "uv": [46, 49]}
				]
			},
			{
				"name": "bone75",
				"parent": "bone53",
				"pivot": [0, 2.75, 0],
				"rotation": [0, -210, 0]
			},
			{
				"name": "bone76",
				"parent": "bone75",
				"pivot": [0, 2.75, 5.27792],
				"rotation": [23, 0, 0]
			},
			{
				"name": "bone77",
				"parent": "bone76",
				"pivot": [0, 2.75, 5.27792],
				"rotation": [0, -45, 0],
				"cubes": [
					{"origin": [-1.54978, 8.46404, 4.25846], "size": [2, 2, 2], "uv": [49, 22]}
				]
			},
			{
				"name": "bone78",
				"parent": "bone53",
				"pivot": [0, 2.75, 0],
				"rotation": [0, -240, 0]
			},
			{
				"name": "bone79",
				"parent": "bone78",
				"pivot": [0, 2.75, 5.27792],
				"rotation": [23, 0, 0]
			},
			{
				"name": "bone80",
				"parent": "bone79",
				"pivot": [0, 2.75, 5.27792],
				"rotation": [0, -45, 0],
				"cubes": [
					{"origin": [-1.09631, 8.25909, 4.48779], "size": [2, 2, 2], "uv": [16, 49]}
				]
			},
			{
				"name": "bone81",
				"parent": "bone53",
				"pivot": [0, 2.75, 0],
				"rotation": [0, -270, 0]
			},
			{
				"name": "bone82",
				"parent": "bone81",
				"pivot": [0, 2.75, 5.27792],
				"rotation": [23, 0, 0]
			},
			{
				"name": "bone83",
				"parent": "bone82",
				"pivot": [0, 2.75, 5.27792],
				"rotation": [0, -45, 0],
				"cubes": [
					{"origin": [-0.86185, 8.21025, 4.41606], "size": [2, 2, 2], "uv": [48, 0]}
				]
			},
			{
				"name": "bone84",
				"parent": "bone53",
				"pivot": [0, 2.75, 0],
				"rotation": [0, -300, 0]
			},
			{
				"name": "bone85",
				"parent": "bone84",
				"pivot": [0, 2.75, 5.27792],
				"rotation": [23, 0, 0]
			},
			{
				"name": "bone86",
				"parent": "bone85",
				"pivot": [0, 2.75, 5.27792],
				"rotation": [0, -45, 0],
				"cubes": [
					{"origin": [-0.79012, 8.25909, 4.1816], "size": [2, 2, 2], "uv": [8, 47]}
				]
			},
			{
				"name": "bone87",
				"parent": "bone53",
				"pivot": [0, 2.75, 0],
				"rotation": [0, -330, 0]
			},
			{
				"name": "bone88",
				"parent": "bone87",
				"pivot": [0, 2.75, 5.27792],
				"rotation": [23, 0, 0]
			},
			{
				"name": "bone89",
				"parent": "bone88",
				"pivot": [0, 2.75, 5.27792],
				"rotation": [0, -45, 0],
				"cubes": [
					{"origin": [-1.01945, 8.46404, 3.72813], "size": [2, 2, 2], "uv": [46, 42]}
				]
			},
			{
				"name": "bone16",
				"parent": "sittingRotationSkirt",
				"pivot": [0, 3.25, 0]
			},
			{
				"name": "bone17",
				"parent": "bone16",
				"pivot": [0, 3.25, 0]
			},
			{
				"name": "bone18",
				"parent": "bone17",
				"pivot": [0, 3.25, 5.27792],
				"rotation": [23, 0, 0]
			},
			{
				"name": "bone19",
				"parent": "bone18",
				"pivot": [0, 3.25, 5.27792],
				"rotation": [0, -45, 0],
				"cubes": [
					{"origin": [-1.35002, 9.0033, 3.92789], "size": [2, 3, 2], "uv": [46, 30]}
				]
			},
			{
				"name": "bone20",
				"parent": "bone16",
				"pivot": [0, 3.25, 0],
				"rotation": [0, -30, 0]
			},
			{
				"name": "bone21",
				"parent": "bone20",
				"pivot": [0, 3.25, 5.27792],
				"rotation": [23, 0, 0]
			},
			{
				"name": "bone22",
				"parent": "bone21",
				"pivot": [0, 3.25, 5.27792],
				"rotation": [0, -45, 0],
				"cubes": [
					{"origin": [-1.54978, 8.96404, 4.25846], "size": [2, 3, 2], "uv": [46, 8]}
				]
			},
			{
				"name": "bone23",
				"parent": "bone16",
				"pivot": [0, 3.25, 0],
				"rotation": [0, -60, 0]
			},
			{
				"name": "bone24",
				"parent": "bone23",
				"pivot": [0, 3.25, 5.27792],
				"rotation": [23, 0, 0]
			},
			{
				"name": "bone25",
				"parent": "bone24",
				"pivot": [0, 3.25, 5.27792],
				"rotation": [0, -45, 0],
				"cubes": [
					{"origin": [-1.09631, 8.75909, 4.48779], "size": [2, 3, 2], "uv": [38, 44]}
				]
			},
			{
				"name": "bone26",
				"parent": "bone16",
				"pivot": [0, 3.25, 0],
				"rotation": [0, -90, 0]
			},
			{
				"name": "bone27",
				"parent": "bone26",
				"pivot": [0, 3.25, 5.27792],
				"rotation": [23, 0, 0]
			},
			{
				"name": "bone28",
				"parent": "bone27",
				"pivot": [0, 3.25, 5.27792],
				"rotation": [0, -45, 0],
				"cubes": [
					{"origin": [-0.86185, 8.71025, 4.41606], "size": [2, 3, 2], "uv": [30, 44]}
				]
			},
			{
				"name": "bone29",
				"parent": "bone16",
				"pivot": [0, 3.25, 0],
				"rotation": [0, -120, 0]
			},
			{
				"name": "bone30",
				"parent": "bone29",
				"pivot": [0, 3.25, 5.27792],
				"rotation": [23, 0, 0]
			},
			{
				"name": "bone31",
				"parent": "bone30",
				"pivot": [0, 3.25, 5.27792],
				"rotation": [0, -45, 0],
				"cubes": [
					{"origin": [-0.79012, 8.75909, 4.1816], "size": [2, 3, 2], "uv": [22, 43]}
				]
			},
			{
				"name": "bone32",
				"parent": "bone16",
				"pivot": [0, 3.25, 0],
				"rotation": [0, -150, 0]
			},
			{
				"name": "bone33",
				"parent": "bone32",
				"pivot": [0, 3.25, 5.27792],
				"rotation": [23, 0, 0]
			},
			{
				"name": "bone34",
				"parent": "bone33",
				"pivot": [0, 3.25, 5.27792],
				"rotation": [0, -45, 0],
				"cubes": [
					{"origin": [-0.96692, 8.87944, 3.95744], "size": [2, 3, 2], "uv": [0, 42]}
				]
			},
			{
				"name": "bone35",
				"parent": "bone16",
				"pivot": [0, 3.25, 0],
				"rotation": [0, -180, 0]
			},
			{
				"name": "bone36",
				"parent": "bone35",
				"pivot": [0, 3.25, 5.27792],
				"rotation": [23, 0, 0]
			},
			{
				"name": "bone37",
				"parent": "bone36",
				"pivot": [0, 3.25, 5.27792],
				"rotation": [0, -45, 0],
				"cubes": [
					{"origin": [-1.1873, 8.90562, 4.09061], "size": [2, 3, 2], "uv": [14, 41]}
				]
			},
			{
				"name": "bone38",
				"parent": "bone16",
				"pivot": [0, 3.25, 0],
				"rotation": [0, -210, 0]
			},
			{
				"name": "bone39",
				"parent": "bone38",
				"pivot": [0, 3.25, 5.27792],
				"rotation": [23, 0, 0]
			},
			{
				"name": "bone40",
				"parent": "bone39",
				"pivot": [0, 3.25, 5.27792],
				"rotation": [0, -45, 0],
				"cubes": [
					{"origin": [-1.32047, 8.87944, 4.31099], "size": [2, 3, 2], "uv": [40, 36]}
				]
			},
			{
				"name": "bone41",
				"parent": "bone16",
				"pivot": [0, 3.25, 0],
				"rotation": [0, -240, 0]
			},
			{
				"name": "bone42",
				"parent": "bone41",
				"pivot": [0, 3.25, 5.27792],
				"rotation": [23, 0, 0]
			},
			{
				"name": "bone43",
				"parent": "bone42",
				"pivot": [0, 3.25, 5.27792],
				"rotation": [0, -45, 0],
				"cubes": [
					{"origin": [-1.09631, 8.75909, 4.48779], "size": [2, 3, 2], "uv": [40, 0]}
				]
			},
			{
				"name": "bone44",
				"parent": "bone16",
				"pivot": [0, 3.25, 0],
				"rotation": [0, -270, 0]
			},
			{
				"name": "bone45",
				"parent": "bone44",
				"pivot": [0, 3.25, 5.27792],
				"rotation": [23, 0, 0]
			},
			{
				"name": "bone46",
				"parent": "bone45",
				"pivot": [0, 3.25, 5.27792],
				"rotation": [0, -45, 0],
				"cubes": [
					{"origin": [-0.86185, 8.71025, 4.41606], "size": [2, 3, 2], "uv": [32, 36]}
				]
			},
			{
				"name": "bone47",
				"parent": "bone16",
				"pivot": [0, 3.25, 0],
				"rotation": [0, -300, 0]
			},
			{
				"name": "bone48",
				"parent": "bone47",
				"pivot": [0, 3.25, 5.27792],
				"rotation": [23, 0, 0]
			},
			{
				"name": "bone49",
				"parent": "bone48",
				"pivot": [0, 3.25, 5.27792],
				"rotation": [0, -45, 0],
				"cubes": [
					{"origin": [-0.79012, 8.75909, 4.1816], "size": [2, 3, 2], "uv": [0, 16]}
				]
			},
			{
				"name": "bone50",
				"parent": "bone16",
				"pivot": [0, 3.25, 0],
				"rotation": [0, -330, 0]
			},
			{
				"name": "bone51",
				"parent": "bone50",
				"pivot": [0, 3.25, 5.27792],
				"rotation": [23, 0, 0]
			},
			{
				"name": "bone52",
				"parent": "bone51",
				"pivot": [0, 3.25, 5.27792],
				"rotation": [0, -45, 0],
				"cubes": [
					{"origin": [-1.01945, 8.96404, 3.72813], "size": [2, 3, 2], "uv": [0, 0]}
				]
			},
			{
				"name": "chestPlate",
				"parent": "body",
				"pivot": [0, 10.5, 0]
			},
			{
				"name": "bow",
				"parent": "body",
				"pivot": [0, 16.5, -2],
				"cubes": [
					{"origin": [-0.4, 16.25, -2.6], "size": [0.75, 1, 0.1], "uv": [69, 0]}
				]
			},
			{
				"name": "bone8",
				"parent": "bow",
				"pivot": [0, 16.5, -2]
			},
			{
				"name": "bone13",
				"parent": "bone8",
				"pivot": [-1.125, 17, -2.5],
				"rotation": [0, 0, 7.5],
				"cubes": [
					{"origin": [-3, 16.75, -2.5], "size": [3, 0.5, 0.1], "uv": [68, 1]}
				]
			},
			{
				"name": "bone14",
				"parent": "bone8",
				"pivot": [-1.125, 17, -2.5],
				"rotation": [0, 0, -92.5],
				"cubes": [
					{"origin": [-2.79561, 18.38993, -2.5], "size": [1.75, 0.5, 0.1], "uv": [68, 1]}
				]
			},
			{
				"name": "bone15",
				"parent": "bone8",
				"pivot": [-1.49679, 16.29895, -2.5],
				"rotation": [0, 0, -30],
				"cubes": [
					{"origin": [-3.08395, 15.83699, -2.5], "size": [3, 0.5, 0.1], "uv": [68, 1]}
				]
			},
			{
				"name": "bone90",
				"parent": "bone8",
				"pivot": [-0.675, 15.5, -2.5],
				"rotation": [0, 0, -82.5],
				"cubes": [
					{"origin": [-1.3, 15.25, -2.4], "size": [1.75, 0.5, 0.1], "uv": [68, 1]}
				]
			},
			{
				"name": "bone91",
				"parent": "bone8",
				"pivot": [-1.175, 13.5, -2.5],
				"rotation": [0, -7.5, -57.5],
				"cubes": [
					{"origin": [-1.93009, 13.66219, -2.59595], "size": [2.25, 0.5, 0.1], "uv": [68, 1]}
				]
			},
			{
				"name": "bone92",
				"parent": "bow",
				"pivot": [0, 16.5, -3],
				"rotation": [0, 180, 0]
			},
			{
				"name": "bone93",
				"parent": "bone92",
				"pivot": [-1.125, 17, -3.5],
				"rotation": [0, 0, 7.5],
				"cubes": [
					{"origin": [-3, 16.75, -3.5], "size": [3, 0.5, 0.1], "uv": [68, 1]}
				]
			},
			{
				"name": "bone94",
				"parent": "bone92",
				"pivot": [-1.125, 17, -3.5],
				"rotation": [0, 0, -92.5],
				"cubes": [
					{"origin": [-2.79561, 18.38993, -3.5], "size": [1.75, 0.5, 0.1], "uv": [68, 1]}
				]
			},
			{
				"name": "bone95",
				"parent": "bone92",
				"pivot": [-1.49679, 16.29895, -3.5],
				"rotation": [0, 0, -30],
				"cubes": [
					{"origin": [-3.08395, 15.83699, -3.5], "size": [3, 0.5, 0.1], "uv": [68, 1]}
				]
			},
			{
				"name": "bone96",
				"parent": "bone92",
				"pivot": [-0.675, 15.5, -3.5],
				"rotation": [0, 0, -82.5],
				"cubes": [
					{"origin": [-1.8, 15.25, -3.6], "size": [2.25, 0.5, 0.1], "uv": [68, 1]}
				]
			},
			{
				"name": "bone97",
				"parent": "bone92",
				"pivot": [-1.175, 13.5, -3.5],
				"rotation": [0, 10, -57.5],
				"cubes": [
					{"origin": [-2.13214, 13.45088, -3.41764], "size": [2, 0.5, 0.1], "uv": [68, 1]}
				]
			},
			{
				"name": "legLeft",
				"pivot": [1.5, 8.5, 0],
				"cubes": [
					{"origin": [0.249, 0, -1.5], "size": [2.5, 9.5, 2.5], "uv": [0, 59]}
				]
			},
			{
				"name": "legRight",
				"pivot": [-1.5, 8.5, 0],
				"cubes": [
					{"origin": [-2.749, 0, -1.5], "size": [2.5, 9.5, 2.5], "uv": [0, 59]}
				]
			}
		]
	}
}