{
	"format_version": "1.10.0",
	"geometry.model": {
		"texturewidth": 128,
		"textureheight": 128,
		"visible_bounds_width": 3,
		"visible_bounds_height": 4,
		"visible_bounds_offset": [0, 1, 0],
		"bones": [
			{
				"name": "head",
				"pivot": [0, 17.25, 0],
				"cubes": [
					{"origin": [-4, 17.95, -4], "size": [8, 8, 8], "uv": [0, 16]}
				]
			},
			{
				"name": "bone5",
				"parent": "head",
				"pivot": [0, 19.45, 7],
				"rotation": [20, 0, 0]
			},
			{
				"name": "blink",
				"parent": "head",
				"pivot": [0, 18.25, 0],
				"cubes": [
					{"origin": [-4, 17.95, -4.001], "size": [8, 8, 0], "uv": [24, 0]}
				]
			},
			{
				"name": "hai",
				"parent": "head",
				"pivot": [0, 17.25, 0],
				"cubes": [
					{"origin": [-4.25, 17.7, -4.25], "size": [8.5, 8.5, 8.5], "uv": [0, 0]}
				]
			},
			{
				"name": "hair",
				"parent": "hai",
				"pivot": [0, 17.25, 0],
				"rotation": [7.5, 0, 0],
				"cubes": [
					{"origin": [-7.25, 2.6243, 4.53243], "size": [14.5, 16.5, 0], "uv": [56, 78]}
				]
			},
			{
				"name": "bone",
				"parent": "hair",
				"pivot": [4.76795, 11.52644, 2.31131],
				"rotation": [0.18869, -117.3867, -5.4205],
				"cubes": [
					{"origin": [3.47628, 4.74103, 1.9503], "size": [3.5, 14.5, 0], "uv": [2, 91]}
				]
			},
			{
				"name": "bone2",
				"parent": "hair",
				"pivot": [-4.73205, 11.52644, 2.31131],
				"rotation": [0.18869, -62.61328, 5.42054],
				"cubes": [
					{"origin": [-6.02372, 4.73863, 2.67867], "size": [3.5, 14.5, 0], "uv": [2, 91]}
				]
			},
			{
				"name": "bone46",
				"parent": "hai",
				"pivot": [0, 17.25, 0]
			},
			{
				"name": "bow2",
				"parent": "head",
				"pivot": [4.4, 25.35, -2.05],
				"rotation": [0, -72.5, 0]
			},
			{
				"name": "bone98",
				"parent": "bow2",
				"pivot": [6.25428, 23.35, 1.75364],
				"cubes": [
					{"origin": [4.25428, 25.75, -2.34636], "size": [0.5, 0.5, 0.1], "uv": [68, 10]}
				]
			},
			{
				"name": "bone99",
				"parent": "bow2",
				"pivot": [6.25428, 23.25, 1.85364]
			},
			{
				"name": "bone100",
				"parent": "bone99",
				"pivot": [3.70428, 25.7, -2.14636],
				"rotation": [0, 0, -7.5],
				"cubes": [
					{"origin": [2.37721, 25.50794, -2.81805], "size": [2.1, 1, 0.6], "uv": [82, 0]}
				]
			},
			{
				"name": "bone101",
				"parent": "bone99",
				"pivot": [4.00428, 25.2, -2.29636],
				"rotation": [-12.5, 0, -85],
				"cubes": [
					{"origin": [0.25428, 24.7, -2.39636], "size": [4.5, 0.75, 0], "uv": [80, 2]}
				]
			},
			{
				"name": "bone102",
				"parent": "bone101",
				"pivot": [-2.09572, 25.075, -2.39636],
				"rotation": [-2.5, 0, 2.5],
				"cubes": [
					{"origin": [-4.4316, 24.80312, -2.38449], "size": [4.7, 0.75, 0], "uv": [81, 3]}
				]
			},
			{
				"name": "bone107",
				"parent": "bone99",
				"pivot": [3.85918, 26.0817, -2.14636],
				"rotation": [0, 0, 20],
				"cubes": [
					{"origin": [2.29398, 25.77392, -2.81805], "size": [2.2, 1, 0.6], "uv": [82, 0]}
				]
			},
			{
				"name": "bone41",
				"parent": "bow2",
				"pivot": [4.55428, 26.25, -2.34636],
				"rotation": [-180, -10, 180]
			},
			{
				"name": "bone42",
				"parent": "bone41",
				"pivot": [3.50428, 25.7, -2.34636],
				"rotation": [0, 0, -7.5],
				"cubes": [
					{"origin": [2.25369, 25.49787, -2.59253], "size": [2.1, 1, 0.6], "uv": [82, 0]}
				]
			},
			{
				"name": "bone43",
				"parent": "bone41",
				"pivot": [3.80428, 25.2, -2.34636],
				"rotation": [0, 0, -85],
				"cubes": [
					{"origin": [0.04623, 24.792, -2.26895], "size": [4.5, 0.75, 0], "uv": [80, 2]}
				]
			},
			{
				"name": "bone44",
				"parent": "bone41",
				"pivot": [3.06897, 18.28346, -1.83678],
				"rotation": [2.76226, 4.6547, -91.60338],
				"cubes": [
					{"origin": [1.59287, 17.38517, -2.01525], "size": [4.7, 0.75, 0], "uv": [81, 3]}
				]
			},
			{
				"name": "bone45",
				"parent": "bone41",
				"pivot": [3.65918, 26.0817, -2.34636],
				"rotation": [0, 0, 20],
				"cubes": [
					{"origin": [2.16646, 25.8003, -2.59253], "size": [2.2, 1, 0.6], "uv": [82, 0]}
				]
			},
			{
				"name": "zhongzi",
				"parent": "head",
				"pivot": [0, 16.75, 0]
			},
			{
				"name": "bone70",
				"parent": "zhongzi",
				"pivot": [0, 16.75, 0]
			},
			{
				"name": "bone69",
				"parent": "bone70",
				"pivot": [-1.25, 26.25, 2.25],
				"rotation": [-31.3732, 27.63015, 27.42966],
				"cubes": [
					{"origin": [-1.67136, 25.31076, 1.26116], "size": [1.5, 1.5, 1.5], "uv": [24, 28]}
				]
			},
			{
				"name": "bone68",
				"parent": "bone70",
				"pivot": [-3.5, 26.25, 1.5],
				"rotation": [36.00521, -18.74724, 23.85865],
				"cubes": [
					{"origin": [-4, 25.25, 0.5], "size": [1.5, 1.5, 1.5], "uv": [24, 26]}
				]
			},
			{
				"name": "bone71",
				"parent": "bone70",
				"pivot": [1.25, 26.25, 2.25],
				"rotation": [-31.3732, 27.63015, 49.92966],
				"cubes": [
					{"origin": [0.69297, 25.16912, 1.26435], "size": [1.5, 1.5, 1.5], "uv": [24, 28]}
				]
			},
			{
				"name": "bone72",
				"parent": "bone70",
				"pivot": [3.34151, 25.72769, 1.528],
				"rotation": [16.74242, -32.07093, 64.68914],
				"cubes": [
					{"origin": [2.59151, 24.97769, 0.778], "size": [1.5, 1.5, 1.5], "uv": [24, 26]}
				]
			},
			{
				"name": "armRight",
				"pivot": [-3, 16.5, 0],
				"rotation": [0, 0, 25],
				"cubes": [
					{"origin": [-5.28057, 9.34323, -1], "size": [2, 7.35, 2], "uv": [24, 34]},
					{"origin": [-5.51943, 13.69323, -1.25], "size": [2.55, 3.05, 2.5], "uv": [43, 71]},
					{"origin": [-5.71943, 10.59323, -1.5], "size": [3, 3.1, 3], "uv": [30, 77]},
					{"origin": [-5.36943, 10.24323, -1.15], "size": [2.3, 0.35, 2.3], "uv": [82, 0]}
				]
			},
			{
				"name": "armLeft",
				"pivot": [3, 16.5, 0],
				"rotation": [0, 0, -25],
				"cubes": [
					{"origin": [3.28057, 9.34323, -1], "size": [2, 7.35, 2], "uv": [16, 32]},
					{"origin": [2.98057, 13.69323, -1.25], "size": [2.55, 3.05, 2.5], "uv": [43, 71]},
					{"origin": [2.78057, 10.59323, -1.5], "size": [3, 3.1, 3], "uv": [30, 77]},
					{"origin": [3.13057, 10.24323, -1.15], "size": [2.3, 0.35, 2.3], "uv": [82, 0]}
				]
			},
			{
				"name": "body",
				"pivot": [0, 10.5, 0],
				"cubes": [
					{"origin": [-3, 9.199, -3], "size": [6, 8.5, 6], "uv": [26, 10]}
				]
			},
			{
				"name": "bone3",
				"parent": "body",
				"pivot": [0, 11.5, 0],
				"cubes": [
					{"origin": [-3.25, 14.199, -3.25], "size": [6.5, 3.5, 6.5], "uv": [0, 108]}
				]
			},
			{
				"name": "bone9",
				"parent": "bone3",
				"pivot": [2.83741, 15.2938, -3.05],
				"rotation": [0.70111, 1.38464, 40.13784],
				"cubes": [
					{"origin": [2.67332, 13.20837, -3.10029], "size": [1.25, 1.5, 0.1], "uv": [0, 125]}
				]
			},
			{
				"name": "bone4",
				"parent": "bone3",
				"pivot": [-1.18612, 14.09936, -3.3],
				"rotation": [0, 0, 27.5],
				"cubes": [
					{"origin": [-1.68612, 12.59936, -3.2], "size": [1, 3, 0.1], "uv": [0, 125]}
				]
			},
			{
				"name": "bone12",
				"parent": "bone3",
				"pivot": [-2.16259, 15.2938, -3.05],
				"rotation": [-0.91023, -0.52691, -40.12577],
				"cubes": [
					{"origin": [-3.76261, 13.64381, -3.15906], "size": [1.25, 1.5, 0.1], "uv": [0, 125]}
				]
			},
			{
				"name": "bone6",
				"parent": "bone3",
				"pivot": [0.63003, 13.96328, -3.3],
				"rotation": [0, 0, -27.5],
				"cubes": [
					{"origin": [0.68613, 12.32721, -3.101], "size": [1, 3, 0.1], "uv": [0, 125]}
				]
			},
			{
				"name": "1sittingRotationSkirt",
				"parent": "body",
				"pivot": [0, 10.25, 0]
			},
			{
				"name": "bone16",
				"parent": "1sittingRotationSkirt",
				"pivot": [0, 18.5, 0]
			},
			{
				"name": "bone17",
				"parent": "bone16",
				"pivot": [0, 6.25, 0]
			},
			{
				"name": "bone18",
				"parent": "bone17",
				"pivot": [0, 6.25, 4.3525],
				"rotation": [20, 0, 0]
			},
			{
				"name": "bone19",
				"parent": "bone18",
				"pivot": [0, 6.25, 4.3525],
				"rotation": [0, -45, 0],
				"cubes": [
					{"origin": [-1, 8.25, 3.3525], "size": [2, 4, 2], "uv": [28, 70]}
				]
			},
			{
				"name": "bone20",
				"parent": "bone16",
				"pivot": [0, 6.25, 0],
				"rotation": [0, -36, 0]
			},
			{
				"name": "bone21",
				"parent": "bone20",
				"pivot": [0, 6.25, 4.3525],
				"rotation": [20, 0, 0]
			},
			{
				"name": "bone22",
				"parent": "bone21",
				"pivot": [0, 6.25, 4.3525],
				"rotation": [0, -45, 0],
				"cubes": [
					{"origin": [-1, 8.25, 3.3525], "size": [2, 4, 2], "uv": [28, 70]}
				]
			},
			{
				"name": "bone23",
				"parent": "bone16",
				"pivot": [0, 6.25, 0],
				"rotation": [0, -72, 0]
			},
			{
				"name": "bone24",
				"parent": "bone23",
				"pivot": [0, 6.25, 4.3525],
				"rotation": [20, 0, 0]
			},
			{
				"name": "bone25",
				"parent": "bone24",
				"pivot": [0, 6.25, 4.3525],
				"rotation": [0, -45, 0],
				"cubes": [
					{"origin": [-1, 8.25, 3.3525], "size": [2, 4, 2], "uv": [28, 70]}
				]
			},
			{
				"name": "bone26",
				"parent": "bone16",
				"pivot": [0, 6.25, 0],
				"rotation": [0, -108, 0]
			},
			{
				"name": "bone27",
				"parent": "bone26",
				"pivot": [0, 6.25, 4.3525],
				"rotation": [20, 0, 0]
			},
			{
				"name": "bone28",
				"parent": "bone27",
				"pivot": [0, 6.25, 4.3525],
				"rotation": [0, -45, 0],
				"cubes": [
					{"origin": [-1, 8.25, 3.3525], "size": [2, 4, 2], "uv": [28, 70]}
				]
			},
			{
				"name": "bone29",
				"parent": "bone16",
				"pivot": [0, 6.25, 0],
				"rotation": [0, -144, 0]
			},
			{
				"name": "bone30",
				"parent": "bone29",
				"pivot": [0, 6.25, 4.3525],
				"rotation": [20, 0, 0]
			},
			{
				"name": "bone31",
				"parent": "bone30",
				"pivot": [0, 6.25, 4.3525],
				"rotation": [0, -45, 0],
				"cubes": [
					{"origin": [-1, 8.25, 3.3525], "size": [2, 4, 2], "uv": [28, 70]}
				]
			},
			{
				"name": "bone32",
				"parent": "bone16",
				"pivot": [0, 6.25, 0],
				"rotation": [0, -180, 0]
			},
			{
				"name": "bone33",
				"parent": "bone32",
				"pivot": [0, 6.25, 4.3525],
				"rotation": [20, 0, 0]
			},
			{
				"name": "bone34",
				"parent": "bone33",
				"pivot": [0, 6.25, 4.3525],
				"rotation": [0, -45, 0],
				"cubes": [
					{"origin": [-1, 8.25, 3.3525], "size": [2, 4, 2], "uv": [28, 70]}
				]
			},
			{
				"name": "bone35",
				"parent": "bone16",
				"pivot": [0, 6.25, 0],
				"rotation": [0, -216, 0]
			},
			{
				"name": "bone36",
				"parent": "bone35",
				"pivot": [0, 6.25, 4.3525],
				"rotation": [20, 0, 0]
			},
			{
				"name": "bone37",
				"parent": "bone36",
				"pivot": [0, 6.25, 4.3525],
				"rotation": [0, -45, 0],
				"cubes": [
					{"origin": [-1, 8.25, 3.3525], "size": [2, 4, 2], "uv": [28, 70]}
				]
			},
			{
				"name": "bone38",
				"parent": "bone16",
				"pivot": [0, 6.25, 0],
				"rotation": [0, -252, 0]
			},
			{
				"name": "bone39",
				"parent": "bone38",
				"pivot": [0, 6.25, 4.3525],
				"rotation": [20, 0, 0]
			},
			{
				"name": "bone40",
				"parent": "bone39",
				"pivot": [0, 6.25, 4.3525],
				"rotation": [0, -45, 0],
				"cubes": [
					{"origin": [-1, 8.25, 3.3525], "size": [2, 4, 2], "uv": [28, 70]}
				]
			},
			{
				"name": "bone47",
				"parent": "bone16",
				"pivot": [0, 6.25, 0],
				"rotation": [0, -288, 0]
			},
			{
				"name": "bone48",
				"parent": "bone47",
				"pivot": [0, 6.25, 4.3525],
				"rotation": [20, 0, 0]
			},
			{
				"name": "bone49",
				"parent": "bone48",
				"pivot": [0, 6.25, 4.3525],
				"rotation": [0, -45, 0],
				"cubes": [
					{"origin": [-1, 8.25, 3.3525], "size": [2, 4, 2], "uv": [28, 70]}
				]
			},
			{
				"name": "bone50",
				"parent": "bone16",
				"pivot": [0, 6.25, 0],
				"rotation": [0, -324, 0]
			},
			{
				"name": "bone51",
				"parent": "bone50",
				"pivot": [0, 6.25, 4.3525],
				"rotation": [20, 0, 0]
			},
			{
				"name": "bone52",
				"parent": "bone51",
				"pivot": [0, 6.25, 4.3525],
				"rotation": [0, -45, 0],
				"cubes": [
					{"origin": [-1, 8.25, 3.3525], "size": [2, 4, 2], "uv": [28, 70]}
				]
			},
			{
				"name": "bone7",
				"parent": "1sittingRotationSkirt",
				"pivot": [0, 10.5, 0]
			},
			{
				"name": "bone10",
				"parent": "bone7",
				"pivot": [-2.72662, 10.78219, -3.55],
				"rotation": [-15.13303, 6.30867, 33.81456],
				"cubes": [
					{"origin": [-3.72662, 11.03219, -3.55], "size": [2, 3, 2], "uv": [79, 7]}
				]
			},
			{
				"name": "bone11",
				"parent": "bone7",
				"pivot": [2.72338, 10.78219, -3.55],
				"rotation": [-15.13303, -6.30867, -33.81459],
				"cubes": [
					{"origin": [1.72338, 11.03219, -3.55], "size": [2, 3, 2], "uv": [78, 12]}
				]
			},
			{
				"name": "bow",
				"parent": "body",
				"pivot": [0, 16.5, -3],
				"cubes": [
					{"origin": [-0.4, 16.25, -3.85], "size": [0.75, 1, 0.1], "uv": [69, 0]}
				]
			},
			{
				"name": "bow3",
				"parent": "bow",
				"pivot": [-0.2, 16.1, -3.05]
			},
			{
				"name": "bone8",
				"parent": "bow3",
				"pivot": [1.65428, 14.1, 0.75364],
				"cubes": [
					{"origin": [-0.34572, 16.5, -3.34636], "size": [0.5, 0.5, 0.1], "uv": [68, 10]}
				]
			},
			{
				"name": "bone13",
				"parent": "bow3",
				"pivot": [1.65428, 14, 0.85364]
			},
			{
				"name": "bone14",
				"parent": "bone13",
				"pivot": [-0.89572, 16.45, -3.14636],
				"rotation": [0, 0, -7.5],
				"cubes": [
					{"origin": [-2.22279, 16.25794, -3.81805], "size": [2.1, 1, 0.6], "uv": [82, 0]}
				]
			},
			{
				"name": "bone15",
				"parent": "bone13",
				"pivot": [-0.59572, 15.95, -3.29636],
				"rotation": [-12.5, 0, -85],
				"cubes": [
					{"origin": [-2.34572, 15.45, -3.39636], "size": [2.5, 0.75, 0.1], "uv": [80, 2]}
				]
			},
			{
				"name": "bone53",
				"parent": "bone15",
				"pivot": [-6.69572, 15.825, -3.39636],
				"rotation": [-2.5, 0, 2.5]
			},
			{
				"name": "bone54",
				"parent": "bone13",
				"pivot": [-0.74082, 16.8317, -3.14636],
				"rotation": [0, 0, 20],
				"cubes": [
					{"origin": [-2.30602, 16.52392, -3.81805], "size": [2.2, 1, 0.6], "uv": [82, 0]}
				]
			},
			{
				"name": "bone55",
				"parent": "body",
				"pivot": [-0.04572, 17, -3.34636],
				"rotation": [-180, -5, 180]
			},
			{
				"name": "bone56",
				"parent": "bone55",
				"pivot": [-1.09572, 16.45, -3.34636],
				"rotation": [0, 0, -7.5],
				"cubes": [
					{"origin": [-2.34631, 16.24787, -3.59253], "size": [2.1, 1, 0.6], "uv": [82, 0]}
				]
			},
			{
				"name": "bone57",
				"parent": "bone55",
				"pivot": [-0.79572, 15.95, -3.34636],
				"rotation": [0, 0, -85],
				"cubes": [
					{"origin": [-2.55377, 15.542, -3.26895], "size": [2.5, 0.75, 0.1], "uv": [80, 2]}
				]
			},
			{
				"name": "bone58",
				"parent": "bone55",
				"pivot": [-1.53103, 9.03346, -2.83678],
				"rotation": [2.76226, 4.6547, -91.60338]
			},
			{
				"name": "bone59",
				"parent": "bone55",
				"pivot": [-0.94082, 16.8317, -3.34636],
				"rotation": [0, 0, 20],
				"cubes": [
					{"origin": [-2.43354, 16.5503, -3.59253], "size": [2.2, 1, 0.6], "uv": [82, 0]}
				]
			},
			{
				"name": "bone73",
				"parent": "body",
				"pivot": [0, 10.5, 0],
				"cubes": [
					{"origin": [-0.4, 12.5, -3.25], "size": [0.75, 0.75, 0.75], "uv": [22, 27]},
					{"origin": [-0.4, 13.5, -3.25], "size": [0.75, 0.75, 0.75], "uv": [22, 27]}
				]
			},
			{
				"name": "legLeft",
				"pivot": [1.5, 8.5, 0],
				"cubes": [
					{"origin": [0.249, 0.25, -1.5], "size": [2.5, 9.25, 2.5], "uv": [0, 59]},
					{"origin": [-0.001, 0, -1.75], "size": [3, 4.5, 3], "uv": [30, 83]}
				]
			},
			{
				"name": "bone60",
				"parent": "legLeft",
				"pivot": [1.5, 1.5, -2]
			},
			{
				"name": "bone61",
				"parent": "bone60",
				"pivot": [1, 2.8, -2],
				"cubes": [
					{"origin": [0.25, 2.8, -2], "size": [1, 1.25, 0.1], "uv": [4, 65]},
					{"origin": [1.75, 2.8, -2], "size": [1, 1.25, 0.1], "uv": [4, 65]},
					{"origin": [1.25, 3.2, -2.1], "size": [0.5, 0.45, 0.1], "uv": [4, 65]},
					{"origin": [1.25, 2.8, -2.2], "size": [0.5, 0.5, 0.1], "uv": [15, 81]}
				]
			},
			{
				"name": "bone62",
				"parent": "bone61",
				"pivot": [0.95, 2.675, -2],
				"rotation": [0, 0, 7.5],
				"cubes": [
					{"origin": [0.85, 1.95, -1.9], "size": [0.4, 1.25, 0.1], "uv": [4, 65]}
				]
			},
			{
				"name": "bone63",
				"parent": "bone61",
				"pivot": [1.85, 2.675, -2],
				"rotation": [0, 0, -7.5],
				"cubes": [
					{"origin": [1.75, 1.95, -1.9], "size": [0.4, 1.25, 0.1], "uv": [4, 65]}
				]
			},
			{
				"name": "legRight",
				"pivot": [-1.5, 8.5, 0],
				"cubes": [
					{"origin": [-2.749, 0.25, -1.5], "size": [2.5, 9.25, 2.5], "uv": [0, 59]},
					{"origin": [-3.001, 0, -1.75], "size": [3, 4.5, 3], "uv": [30, 83]}
				]
			},
			{
				"name": "bone64",
				"parent": "legRight",
				"pivot": [-1.5, 1.5, -2]
			},
			{
				"name": "bone65",
				"parent": "bone64",
				"pivot": [-2, 2.8, -2],
				"cubes": [
					{"origin": [-2.75, 2.8, -2], "size": [1, 1.25, 0.1], "uv": [4, 65]},
					{"origin": [-1.25, 2.8, -2], "size": [1, 1.25, 0.1], "uv": [4, 65]},
					{"origin": [-1.75, 3.2, -2.1], "size": [0.5, 0.45, 0.1], "uv": [4, 65]},
					{"origin": [-1.75, 2.8, -2.2], "size": [0.5, 0.5, 0.1], "uv": [15, 81]}
				]
			},
			{
				"name": "bone66",
				"parent": "bone65",
				"pivot": [-2.05, 2.675, -2],
				"rotation": [0, 0, 7.5],
				"cubes": [
					{"origin": [-2.15, 1.95, -1.9], "size": [0.4, 1.25, 0.1], "uv": [4, 65]}
				]
			},
			{
				"name": "bone67",
				"parent": "bone65",
				"pivot": [-1.15, 2.675, -2],
				"rotation": [0, 0, -7.5],
				"cubes": [
					{"origin": [-1.25, 1.95, -1.9], "size": [0.4, 1.25, 0.1], "uv": [4, 65]}
				]
			}
		]
	}
}