{
	"format_version": "1.10.0",
	"geometry.model": {
		"texturewidth": 64,
		"textureheight": 64,
		"visible_bounds_width": 3,
		"visible_bounds_height": 4,
		"visible_bounds_offset": [0, 1, 0],
		"bones": [
			{
				"name": "head",
				"pivot": [0, 16.75, 0],
				"cubes": [
					{"origin": [-4, 16.7, -4], "size": [8, 8, 8], "uv": [0, 16]},
					{"origin": [-4.25, 16.45, -4.25], "size": [8.5, 8.5, 8.5], "uv": [0, 0]},
					{"origin": [-4.25, 12.45, -4.25], "size": [1, 4, 1], "uv": [4, 47]},
					{"origin": [3.25, 12.45, -4.25], "size": [1, 4, 1], "uv": [0, 47]}
				]
			},
			{
				"name": "ahoge",
				"parent": "head",
				"pivot": [0, 26, 0],
				"cubes": [
					{"origin": [-1.5, 24.7, 0], "size": [3, 5, 0], "uv": [44, 24]}
				]
			},
			{
				"name": "blink",
				"parent": "head",
				"pivot": [0, 18, 0],
				"cubes": [
					{"origin": [-4, 16.7, -4.001], "size": [8, 8, 0], "uv": [24, 0]}
				]
			},
			{
				"name": "bone",
				"parent": "head",
				"pivot": [0.5, 18, 0.25]
			},
			{
				"name": "bone2",
				"parent": "bone",
				"pivot": [5.5, 18, 0.25],
				"cubes": [
					{"origin": [0.5, 23.75, -3.25], "size": [3.5, 4, 2.5], "uv": [44, 10], "inflate": -1},
					{"origin": [-3.5, 25.75, -3.25], "size": [2.5, 2.25, 2.5], "uv": [44, 3], "inflate": -1},
					{"origin": [1, 25.75, -3.25], "size": [2.5, 2.25, 2.5], "uv": [44, 3], "inflate": -1},
					{"origin": [-4, 23.75, -3.25], "size": [3.5, 4, 2.5], "uv": [44, 10], "inflate": -1}
				]
			},
			{
				"name": "hair",
				"parent": "head",
				"pivot": [0, 18, 0]
			},
			{
				"name": "bone3",
				"parent": "hair",
				"pivot": [-6, 20.2, 0],
				"rotation": [0, 10, 25],
				"cubes": [
					{"origin": [-7.22658, 11.09435, -1], "size": [2, 13, 2], "uv": [8, 32]}
				]
			},
			{
				"name": "bone12",
				"parent": "bone3",
				"pivot": [-6, 20.2, 0],
				"rotation": [-0.55404, 12.48791, -2.56062],
				"cubes": [
					{"origin": [-5.00769, 12.51697, 0.14219], "size": [1, 13, 0], "uv": [40, 45]}
				]
			},
			{
				"name": "bone4",
				"parent": "hair",
				"pivot": [6, 20.2, 0],
				"rotation": [0, 22.5, -25],
				"cubes": [
					{"origin": [5.22658, 11.09435, -1], "size": [2, 13, 2], "uv": [0, 32]}
				]
			},
			{
				"name": "bone11",
				"parent": "bone4",
				"pivot": [6, 20.2, 0],
				"rotation": [-1.03509, -22.47741, 2.70569],
				"cubes": [
					{"origin": [3.99231, 12.51697, -0.35781], "size": [1, 13, 0], "uv": [40, 45]}
				]
			},
			{
				"name": "bone6",
				"parent": "hair",
				"pivot": [0, 18, 0]
			},
			{
				"name": "bone5",
				"parent": "bone6",
				"pivot": [-5.5, 24, 1.5],
				"rotation": [-18.2489, 17.38772, 42.18626],
				"cubes": [
					{"origin": [-6, 23.5, 0], "size": [1, 1, 3], "uv": [0, 20]},
					{"origin": [-6, 22.5, 0], "size": [1, 1, 2], "uv": [46, 46]}
				]
			},
			{
				"name": "bone7",
				"parent": "bone6",
				"pivot": [-5.5, 24, -1.5],
				"rotation": [20.30179, -14.90835, 34.81608],
				"cubes": [
					{"origin": [-6, 23.5, -3], "size": [1, 1, 3], "uv": [0, 16]},
					{"origin": [-6, 22.5, -2], "size": [1, 1, 2], "uv": [46, 43]}
				]
			},
			{
				"name": "bone8",
				"parent": "bone6",
				"pivot": [0, 18, 0],
				"rotation": [0, 180, 0]
			},
			{
				"name": "bone9",
				"parent": "bone8",
				"pivot": [-5.5, 24, 1.5],
				"rotation": [-18.2489, 17.38772, 42.18626],
				"cubes": [
					{"origin": [-6, 23.5, 0], "size": [1, 1, 3], "uv": [0, 4]},
					{"origin": [-6, 22.5, 0], "size": [1, 1, 2], "uv": [42, 45]}
				]
			},
			{
				"name": "bone10",
				"parent": "bone8",
				"pivot": [-5.5, 24, -1.5],
				"rotation": [20.30179, -14.90835, 34.81608],
				"cubes": [
					{"origin": [-6, 23.5, -3], "size": [1, 1, 3], "uv": [0, 0]},
					{"origin": [-6, 22.5, -2], "size": [1, 1, 2], "uv": [44, 29]}
				]
			},
			{
				"name": "armRight",
				"pivot": [-3, 16, 0],
				"rotation": [0, 0, 25],
				"cubes": [
					{"origin": [-5.08453, 7.83126, -1], "size": [2, 7.35, 2], "uv": [32, 45]},
					{"origin": [-5.83453, 8.83126, -1.75], "size": [3.25, 7.35, 3.5], "uv": [28, 35]}
				]
			},
			{
				"name": "armLeft",
				"pivot": [3.25, 16, 0],
				"rotation": [0, 0, -25],
				"cubes": [
					{"origin": [2.60795, 8.93692, -1.75], "size": [3.25, 7.35, 3.5], "uv": [16, 32]},
					{"origin": [3.10795, 7.93692, -1], "size": [2, 7.35, 2], "uv": [24, 45]}
				]
			},
			{
				"name": "body",
				"pivot": [0, 10.5, 0],
				"cubes": [
					{"origin": [-3, 8.199, -3], "size": [6, 8.5, 6], "uv": [26, 10]},
					{"origin": [-3.25, 7.949, -3.25], "size": [6.5, 3.5, 6.5], "uv": [26, 26]},
					{"origin": [-3.25, 15.199, 3], "size": [6.5, 2.5, 1.5], "uv": [40, 0]}
				]
			},
			{
				"name": "legLeft",
				"pivot": [2, 9, 0],
				"cubes": [
					{"origin": [0.249, 0, -1.5], "size": [2.5, 8.5, 2.5], "uv": [16, 42]}
				]
			},
			{
				"name": "legRight",
				"pivot": [-2, 9, 0],
				"cubes": [
					{"origin": [-2.749, 0, -1.5], "size": [2.5, 8.5, 2.5], "uv": [40, 35]}
				]
			},
			{
				"name": "tail",
				"pivot": [0, 9, 3.25]
			},
			{
				"name": "tail2",
				"parent": "tail",
				"pivot": [0, 8.75, 3.5],
				"rotation": [-65, 0, 0],
				"cubes": [
					{"origin": [-1, 7.99983, 2.79483], "size": [2, 2, 4], "uv": [36, 4]}
				]
			}
		]
	}
}