{
	"format_version": "1.10.0",
	"geometry.model": {
		"texturewidth": 64,
		"textureheight": 64,
		"visible_bounds_width": 3,
		"visible_bounds_height": 4,
		"visible_bounds_offset": [0, 1, 0],
		"bones": [
			{
				"name": "head",
				"pivot": [0, 17.95, 0],
				"cubes": [
					{"origin": [-4, 18.95, -4], "size": [8, 7, 8], "uv": [0, 31]}
				]
			},
			{
				"name": "blink",
				"parent": "head",
				"pivot": [0, 19.25, 0],
				"cubes": [
					{"origin": [-4, 18.95, -4.001], "size": [8, 8, 0], "uv": [0, 46]}
				]
			},
			{
				"name": "hair",
				"parent": "head",
				"pivot": [0, -0.5, 0]
			},
			{
				"name": "bone",
				"parent": "hair",
				"pivot": [0, -0.5, 0],
				"cubes": [
					{"origin": [-4.25, 18.7, -4.25], "size": [8.5, 8.5, 8.5], "uv": [0, 13]}
				]
			},
			{
				"name": "bone3",
				"parent": "hair",
				"pivot": [0.25, -0.5, 0]
			},
			{
				"name": "bone4",
				"parent": "bone3",
				"pivot": [-4.5, 17.5, -0.5],
				"rotation": [-27.85442, -55.56139, 22.91447],
				"cubes": [
					{"origin": [-5.95974, 17.88583, -2.14645], "size": [2.25, 3, 2.25], "uv": [33, 31]}
				]
			},
			{
				"name": "bone11",
				"parent": "bone4",
				"pivot": [-5.31066, 16.32322, -1.17678],
				"rotation": [-17.76204, 36.26059, -48.51215],
				"cubes": [
					{"origin": [-5.3455, 16.78187, -2.23438], "size": [2, 2, 2], "uv": [36, 8]}
				]
			},
			{
				"name": "bone10",
				"parent": "bone4",
				"pivot": [-7.04988, 15.31251, -1.375],
				"rotation": [106.85041, -60.46333, -84.41516],
				"cubes": [
					{"origin": [-7.97554, 16.05686, -2.44177], "size": [2, 2, 1], "uv": [1, 58]}
				]
			},
			{
				"name": "bone13",
				"parent": "bone4",
				"pivot": [-6.00892, 14.07498, -1.77349],
				"rotation": [106.34587, -47.583, -89.71723],
				"cubes": [
					{"origin": [-6.74968, 14.24228, -2.10296], "size": [2, 2, 1], "uv": [1, 58]}
				]
			},
			{
				"name": "bone6",
				"parent": "bone3",
				"pivot": [-2.5, 19.5, 4],
				"rotation": [-8.75301, 2.97043, 2.95183],
				"cubes": [
					{"origin": [-4.28903, 18.40316, 2.51634], "size": [2, 5, 2], "uv": [0, 13]}
				]
			},
			{
				"name": "bone7",
				"parent": "bone3",
				"pivot": [-3.50882, 20.96225, 2.31581],
				"rotation": [-122.60638, 75.02851, -122.88986],
				"cubes": [
					{"origin": [-5.04357, 19.07388, 1.24526], "size": [3, 5, 2], "uv": [50, 8]}
				]
			},
			{
				"name": "bone8",
				"parent": "bone3",
				"pivot": [-5.72487, 18.93306, 3.55806],
				"rotation": [0, 0, 50],
				"cubes": [
					{"origin": [-7.82302, 19.03296, 0.93306], "size": [1, 3, 0], "uv": [8, 4]}
				]
			},
			{
				"name": "bone9",
				"parent": "bone3",
				"pivot": [-3.00882, 20.46225, 0.31581],
				"rotation": [-15.59365, 0.69124, 4.91275],
				"cubes": [
					{"origin": [-5.23755, 18.92592, -0.66657], "size": [3, 5, 2], "uv": [24, 13]}
				]
			},
			{
				"name": "bone12",
				"parent": "bone3",
				"pivot": [-3.50882, 20.46225, -0.68419],
				"rotation": [3.34629, -2.73313, 5.87754],
				"cubes": [
					{"origin": [-5.09204, 18.93169, -1.22238], "size": [3, 5, 2], "uv": [16, 46]}
				]
			},
			{
				"name": "bone14",
				"parent": "hair",
				"pivot": [-0.5, 19.25, 0],
				"rotation": [17.43745, 1.50179, 175.23032]
			},
			{
				"name": "bone15",
				"parent": "bone14",
				"pivot": [-5.25, 15.25, -0.5],
				"rotation": [-27.85442, -55.56139, 22.91447],
				"cubes": [
					{"origin": [-6.91346, 17.18598, -2.55666], "size": [2.25, 3, 2.25], "uv": [33, 31]}
				]
			},
			{
				"name": "bone16",
				"parent": "bone15",
				"pivot": [-6.80008, 21.3469, -1.79921],
				"rotation": [-15.70527, -9.04595, -74.28398],
				"cubes": [
					{"origin": [-8.75838, 20.22124, -2.54256], "size": [2, 2, 2], "uv": [36, 8]}
				]
			},
			{
				"name": "bone17",
				"parent": "bone15",
				"pivot": [-8.07189, 22.69671, -2.1395],
				"rotation": [-115.95829, 12.32768, 27.06941],
				"cubes": [
					{"origin": [-7.9126, 21.50704, -1.62688], "size": [2, 2, 1], "uv": [1, 58]}
				]
			},
			{
				"name": "bone18",
				"parent": "bone15",
				"pivot": [-8.11431, 23.94309, -3.10742],
				"rotation": [-96.30289, 32.70687, 65.38722],
				"cubes": [
					{"origin": [-7.96229, 23.01791, -3.27107], "size": [2, 2, 1], "uv": [1, 58]}
				]
			},
			{
				"name": "bone19",
				"parent": "bone14",
				"pivot": [-3.264, 17.08994, 3.84449],
				"rotation": [-16.25301, 2.97043, 2.95183],
				"cubes": [
					{"origin": [-5.02006, 14.0069, 2.4922], "size": [2, 5, 2], "uv": [0, 13]}
				]
			},
			{
				"name": "bone20",
				"parent": "bone14",
				"pivot": [-4.25882, 18.71225, 2.31581],
				"rotation": [-121.21354, 75.90162, -115.98571],
				"cubes": [
					{"origin": [-6.16022, 14.66927, 1.28319], "size": [3, 5, 2], "uv": [50, 8]}
				]
			},
			{
				"name": "bone21",
				"parent": "bone14",
				"pivot": [-6.40774, 18.80793, 3.40681],
				"rotation": [16.88537, -16.50355, 121.44363],
				"cubes": [
					{"origin": [-7.00652, 18.57563, 0.39716], "size": [1, 3, 0], "uv": [8, 4]}
				]
			},
			{
				"name": "bone23",
				"parent": "bone14",
				"pivot": [-3.73916, 18.43692, -0.39947],
				"rotation": [-13.92736, 2.83741, -0.1826],
				"cubes": [
					{"origin": [-6.03539, 14.8707, -0.99531], "size": [3, 5, 2], "uv": [24, 13]}
				]
			},
			{
				"name": "bone24",
				"parent": "bone14",
				"pivot": [-4.73726, 18.4805, -1.39947],
				"rotation": [-28.23517, -7.85528, -3.78966],
				"cubes": [
					{"origin": [-6.42273, 15.01863, -2.19847], "size": [3, 5, 2], "uv": [16, 46]}
				]
			},
			{
				"name": "hat",
				"parent": "head",
				"pivot": [0.15, 25.3, 1.45],
				"rotation": [-5, 0, 0],
				"cubes": [
					{"origin": [-5.85, 23.79619, -5.63716], "size": [12, 1, 12], "uv": [0, 0]},
					{"origin": [-4.34009, 24.77971, -4.18002], "size": [9, 2.1, 9], "uv": [23, 20]},
					{"origin": [-3.34009, 26.77971, -4.18002], "size": [7, 1, 9], "uv": [32, 31]},
					{"origin": [-3.34009, 27.77971, -3.18002], "size": [7, 1, 7], "uv": [36, 0]},
					{"origin": [-4.34009, 26.77971, -3.18002], "size": [1, 1, 7], "uv": [41, 8]},
					{"origin": [3.65991, 26.77971, -3.18002], "size": [1, 1, 7], "uv": [24, 31]}
				]
			},
			{
				"name": "bone2",
				"parent": "hat",
				"pivot": [0.15, 25.3, 1.45]
			},
			{
				"name": "flower",
				"parent": "hat",
				"pivot": [0.15, 25.3, 1.45]
			},
			{
				"name": "bone25",
				"parent": "flower",
				"pivot": [-4.875, 26.55381, -2.66284],
				"rotation": [0, -19.5, 10],
				"cubes": [
					{"origin": [-4.94216, 25.03487, -6.18725], "size": [0, 6, 7], "uv": [23, 51]},
					{"origin": [-5.19216, 25.03487, -6.18725], "size": [0, 5, 7], "uv": [39, 52]}
				]
			},
			{
				"name": "armRight",
				"pivot": [-3.25, 18.25, 0],
				"rotation": [0, 0, 25],
				"cubes": [
					{"origin": [-4.97176, 10.07796, -1], "size": [2, 8.35, 2], "uv": [14, 53]}
				]
			},
			{
				"name": "armLeft",
				"pivot": [3.25, 18.25, 0],
				"rotation": [0, 0, -25],
				"cubes": [
					{"origin": [2.97176, 10.07796, -1], "size": [2, 8.35, 2], "uv": [50, 46]},
					{"origin": [2.56972, 11.6815, -1.5], "size": [2.75, 0.5, 3], "uv": [55, 33]}
				]
			},
			{
				"name": "body",
				"pivot": [0, 18.5, 0],
				"cubes": [
					{"origin": [-1.5, 18.699, -1], "size": [3, 2, 2.5], "uv": [50, 49]},
					{"origin": [-3, 10.199, -2.5], "size": [6, 8.5, 5], "uv": [27, 42]}
				]
			},
			{
				"name": "bone51",
				"parent": "body",
				"pivot": [0, 10, 0],
				"rotation": [0, -22.5, 0]
			},
			{
				"name": "bone5",
				"parent": "bone51",
				"pivot": [0, -3, 0]
			},
			{
				"name": "bone26",
				"parent": "bone51",
				"pivot": [0, 9.2, 0]
			},
			{
				"name": "bone27",
				"parent": "bone26",
				"pivot": [0, 9.2, 0]
			},
			{
				"name": "bone28",
				"parent": "bone27",
				"pivot": [0, 9.2, 3.41421],
				"rotation": [60, 0, 0]
			},
			{
				"name": "bone29",
				"parent": "bone28",
				"pivot": [0, 9.2, 3.41421],
				"rotation": [0, -45, 0],
				"cubes": [
					{"origin": [-0.53694, 8.90003, 3.01257], "size": [2, 3, 2], "uv": [55, 59]}
				]
			},
			{
				"name": "bone30",
				"parent": "bone26",
				"pivot": [0, 9.2, 0],
				"rotation": [0, -45, 0]
			},
			{
				"name": "bone31",
				"parent": "bone30",
				"pivot": [0, 9.2, 3.41421],
				"rotation": [60, 0, 0]
			},
			{
				"name": "bone32",
				"parent": "bone31",
				"pivot": [0, 9.2, 3.41421],
				"rotation": [0, -45, 0],
				"cubes": [
					{"origin": [-0.38763, 8.7, 3.02658], "size": [2, 3, 2], "uv": [55, 59]}
				]
			},
			{
				"name": "bone33",
				"parent": "bone26",
				"pivot": [0, 9.2, 0],
				"rotation": [0, -90, 0]
			},
			{
				"name": "bone34",
				"parent": "bone33",
				"pivot": [0, 9.2, 3.41421],
				"rotation": [60, 0, 0]
			},
			{
				"name": "bone35",
				"parent": "bone34",
				"pivot": [0, 9.2, 3.41421],
				"rotation": [0, -45, 0],
				"cubes": [
					{"origin": [-0.38763, 8.7, 3.02658], "size": [2, 3, 2], "uv": [55, 59]}
				]
			},
			{
				"name": "bone36",
				"parent": "bone26",
				"pivot": [0, 9.2, 0],
				"rotation": [0, -135, 0]
			},
			{
				"name": "bone37",
				"parent": "bone36",
				"pivot": [0, 9.2, 3.41421],
				"rotation": [60, 0, 0]
			},
			{
				"name": "bone38",
				"parent": "bone37",
				"pivot": [0, 9.2, 3.41421],
				"rotation": [0, -45, 0],
				"cubes": [
					{"origin": [-0.41565, 9.10005, 2.72796], "size": [2, 3, 2], "uv": [55, 59]}
				]
			},
			{
				"name": "bone39",
				"parent": "bone26",
				"pivot": [0, 9.2, 0],
				"rotation": [0, -180, 0]
			},
			{
				"name": "bone40",
				"parent": "bone39",
				"pivot": [0, 9.2, 3.41421],
				"rotation": [60, 0, 0]
			},
			{
				"name": "bone41",
				"parent": "bone40",
				"pivot": [0, 9.2, 3.41421],
				"rotation": [0, -45, 0],
				"cubes": [
					{"origin": [-0.68625, 9.10005, 2.99856], "size": [2, 3, 2], "uv": [55, 59]}
				]
			},
			{
				"name": "bone42",
				"parent": "bone26",
				"pivot": [0, 9.2, 0],
				"rotation": [0, -225, 0]
			},
			{
				"name": "bone43",
				"parent": "bone42",
				"pivot": [0, 9.2, 3.41421],
				"rotation": [60, 0, 0]
			},
			{
				"name": "bone44",
				"parent": "bone43",
				"pivot": [0, 9.2, 3.41421],
				"rotation": [0, -45, 0],
				"cubes": [
					{"origin": [-0.38763, 8.7, 3.02658], "size": [2, 3, 2], "uv": [55, 59]}
				]
			},
			{
				"name": "bone45",
				"parent": "bone26",
				"pivot": [0, 9.2, 0],
				"rotation": [0, -270, 0]
			},
			{
				"name": "bone46",
				"parent": "bone45",
				"pivot": [0, 9.2, 3.41421],
				"rotation": [60, 0, 0]
			},
			{
				"name": "bone47",
				"parent": "bone46",
				"pivot": [0, 9.2, 3.41421],
				"rotation": [0, -45, 0],
				"cubes": [
					{"origin": [-0.38763, 8.7, 3.02658], "size": [2, 3, 2], "uv": [55, 59]}
				]
			},
			{
				"name": "bone48",
				"parent": "bone26",
				"pivot": [0, 9.2, 0],
				"rotation": [0, -315, 0]
			},
			{
				"name": "bone49",
				"parent": "bone48",
				"pivot": [0, 9.2, 3.41421],
				"rotation": [60, 0, 0]
			},
			{
				"name": "bone50",
				"parent": "bone49",
				"pivot": [0, 9.2, 3.41421],
				"rotation": [0, -45, 0],
				"cubes": [
					{"origin": [-0.40164, 8.90003, 2.87727], "size": [2, 3, 2], "uv": [55, 59]}
				]
			},
			{
				"name": "bone22",
				"parent": "body",
				"pivot": [0, 11.5, 0]
			},
			{
				"name": "legLeft",
				"pivot": [1.5, 9.5, 0],
				"cubes": [
					{"origin": [0.249, 0, -1.5], "size": [2.5, 10.5, 2.5], "uv": [0, 0]},
					{"origin": [-0.001, 8.2, -1.75], "size": [3, 2, 3], "uv": [50, 16]}
				]
			},
			{
				"name": "legRight",
				"pivot": [-1.5, 9.5, 0],
				"cubes": [
					{"origin": [-2.749, 0, -1.5], "size": [2.5, 10.5, 2.5], "uv": [0, 0]},
					{"origin": [-3.001, 8.2, -1.75], "size": [3, 2, 3], "uv": [44, 41]}
				]
			},
			{
				"name": "backpackPositioningBone",
				"pivot": [0, 18.5, 0]
			}
		]
	}
}