{
	"format_version": "1.10.0",
	"geometry.model": {
		"texturewidth": 128,
		"textureheight": 128,
		"visible_bounds_width": 3,
		"visible_bounds_height": 4,
		"visible_bounds_offset": [0, 1, 0],
		"bones": [
			{
				"name": "head",
				"pivot": [0, 17.25, 0],
				"cubes": [
					{"origin": [-4, 17.95, -4], "size": [8, 8, 8], "uv": [0, 16]}
				]
			},
			{
				"name": "bone5",
				"parent": "head",
				"pivot": [0, 19.45, 7],
				"rotation": [20, 0, 0]
			},
			{
				"name": "blink",
				"parent": "head",
				"pivot": [0, 18.25, 0],
				"cubes": [
					{"origin": [-4, 17.95, -4.001], "size": [8, 8, 0], "uv": [24, 0]}
				]
			},
			{
				"name": "hai",
				"parent": "head",
				"pivot": [0, 17.25, 0],
				"cubes": [
					{"origin": [-4.25, 17.7, -4.25], "size": [8.5, 8.5, 8.5], "uv": [0, 0]}
				]
			},
			{
				"name": "hair",
				"parent": "hai",
				"pivot": [0, 17.25, 0.2],
				"rotation": [12.5, 0, 0],
				"cubes": [
					{"origin": [-7.25, -0.3757, 4.83243], "size": [14.5, 20.5, 0], "uv": [56, 78]}
				]
			},
			{
				"name": "bone",
				"parent": "hair",
				"pivot": [4.76795, 11.52644, 2.51131],
				"rotation": [0.18869, -117.3867, -5.4205],
				"cubes": [
					{"origin": [3.47628, 0.74103, 2.1503], "size": [3.5, 18.5, 0], "uv": [43, 93]}
				]
			},
			{
				"name": "bone2",
				"parent": "hair",
				"pivot": [-4.73205, 11.52644, 2.51131],
				"rotation": [0.18869, -62.61328, 5.42054],
				"cubes": [
					{"origin": [-6.02372, 0.73863, 2.87867], "size": [3.5, 18.5, 0], "uv": [43, 93]}
				]
			},
			{
				"name": "bone46",
				"parent": "hai",
				"pivot": [0, 37.25, 0]
			},
			{
				"name": "bone222",
				"parent": "bone46",
				"pivot": [0, 22, -3],
				"rotation": [-90, 0, 0]
			},
			{
				"name": "bone227",
				"parent": "bone222",
				"pivot": [0, 19, -3],
				"rotation": [0, -90, 0]
			},
			{
				"name": "bone228",
				"parent": "bone227",
				"pivot": [0, 19, 1.97051],
				"rotation": [10, 0, 0],
				"cubes": [
					{"origin": [-3, 21.65782, 1.87051], "size": [3, 3, 0.1], "uv": [66, 52]}
				]
			},
			{
				"name": "bone229",
				"parent": "bone228",
				"pivot": [-3, 18.65782, 1.97051],
				"rotation": [0, 0, 9.85108],
				"cubes": [
					{"origin": [-5, 21.60782, 1.86951], "size": [2, 3.05, 0.1], "uv": [66, 52]}
				]
			},
			{
				"name": "bone230",
				"parent": "bone228",
				"pivot": [3, 18.65782, 1.97051],
				"rotation": [0, 0, -9.85108]
			},
			{
				"name": "bone231",
				"parent": "bone222",
				"pivot": [0, 19, -3],
				"rotation": [0, -180, 0]
			},
			{
				"name": "bone232",
				"parent": "bone231",
				"pivot": [0, 19, 1.97051],
				"rotation": [10, 0, 0],
				"cubes": [
					{"origin": [-3, 21.70991, 1.57507], "size": [6, 3, 0.1], "uv": [69, 52]},
					{"origin": [-1, 21.70123, 1.72431], "size": [2, 3, 0.2], "uv": [79, 52]}
				]
			},
			{
				"name": "bone233",
				"parent": "bone232",
				"pivot": [-3, 18.65782, 1.97051],
				"rotation": [0, 0, 9.85108],
				"cubes": [
					{"origin": [-5.00743, 21.65059, 1.72331], "size": [2, 3.05, 0.2], "uv": [79, 52]}
				]
			},
			{
				"name": "bone234",
				"parent": "bone232",
				"pivot": [3, 18.65782, 1.97051],
				"rotation": [0, 0, -9.85108],
				"cubes": [
					{"origin": [3.00743, 21.65059, 1.72531], "size": [2, 3.05, 0.2], "uv": [79, 52]}
				]
			},
			{
				"name": "bone235",
				"parent": "bone222",
				"pivot": [0, 19, -3],
				"rotation": [0, -270, 0]
			},
			{
				"name": "bone236",
				"parent": "bone235",
				"pivot": [0, 19, 1.97051],
				"rotation": [10, 0, 0],
				"cubes": [
					{"origin": [0, 21.65782, 1.87051], "size": [3, 3, 0.1], "uv": [66, 52]}
				]
			},
			{
				"name": "bone237",
				"parent": "bone236",
				"pivot": [-3, 18.65782, 1.97051],
				"rotation": [0, 0, 9.85108]
			},
			{
				"name": "bone238",
				"parent": "bone236",
				"pivot": [3, 18.65782, 1.97051],
				"rotation": [0, 0, -9.85108],
				"cubes": [
					{"origin": [3, 21.60782, 1.87151], "size": [2, 3.05, 0.1], "uv": [66, 52]}
				]
			},
			{
				"name": "bone223",
				"parent": "bone46",
				"pivot": [0, 22, 0.5],
				"rotation": [-90, 180, 0]
			},
			{
				"name": "bone224",
				"parent": "bone223",
				"pivot": [0, 19, 0.5],
				"rotation": [0, -90, 0]
			},
			{
				"name": "bone225",
				"parent": "bone224",
				"pivot": [0, 19, 5.47051],
				"rotation": [10, 0, 0],
				"cubes": [
					{"origin": [-3, 21.90782, 5.37051], "size": [3, 2.75, 0.1], "uv": [66, 52]}
				]
			},
			{
				"name": "bone226",
				"parent": "bone225",
				"pivot": [-3, 18.65782, 5.47051],
				"rotation": [0, 0, 9.85108],
				"cubes": [
					{"origin": [-5, 21.85782, 5.36951], "size": [2, 2.8, 0.1], "uv": [66, 52]}
				]
			},
			{
				"name": "bone239",
				"parent": "bone225",
				"pivot": [3, 18.65782, 5.47051],
				"rotation": [0, 0, -9.85108]
			},
			{
				"name": "bone240",
				"parent": "bone223",
				"pivot": [0, 19, 0.5],
				"rotation": [0, -180, 0]
			},
			{
				"name": "bone241",
				"parent": "bone240",
				"pivot": [0, 19, 5.47051],
				"rotation": [10, 0, 0],
				"cubes": [
					{"origin": [-3, 21.95991, 5.07507], "size": [6, 2.75, 0.1], "uv": [69, 52]},
					{"origin": [-1, 21.95123, 5.22431], "size": [2, 2.75, 0.2], "uv": [79, 52]}
				]
			},
			{
				"name": "bone242",
				"parent": "bone241",
				"pivot": [-3, 18.65782, 5.47051],
				"rotation": [0, 0, 9.85108],
				"cubes": [
					{"origin": [-5.00743, 21.90059, 5.22331], "size": [2, 2.8, 0.2], "uv": [79, 52]}
				]
			},
			{
				"name": "bone243",
				"parent": "bone241",
				"pivot": [3, 18.65782, 5.47051],
				"rotation": [0, 0, -9.85108],
				"cubes": [
					{"origin": [3.00743, 21.90059, 5.22531], "size": [2, 2.8, 0.2], "uv": [79, 52]}
				]
			},
			{
				"name": "bone244",
				"parent": "bone223",
				"pivot": [0, 19, 0.5],
				"rotation": [0, -270, 0]
			},
			{
				"name": "bone245",
				"parent": "bone244",
				"pivot": [0, 19, 5.47051],
				"rotation": [10, 0, 0],
				"cubes": [
					{"origin": [0, 21.90782, 5.37051], "size": [3, 2.75, 0.1], "uv": [66, 52]}
				]
			},
			{
				"name": "bone246",
				"parent": "bone245",
				"pivot": [-3, 18.65782, 5.47051],
				"rotation": [0, 0, 9.85108]
			},
			{
				"name": "bone247",
				"parent": "bone245",
				"pivot": [3, 18.65782, 5.47051],
				"rotation": [0, 0, -9.85108],
				"cubes": [
					{"origin": [3, 21.85782, 5.37151], "size": [2, 2.8, 0.1], "uv": [66, 52]}
				]
			},
			{
				"name": "bow2",
				"parent": "hai",
				"pivot": [4.125, 20.125, -1.05],
				"rotation": [0, -90, -10],
				"cubes": [
					{"origin": [3.75, 19.75, -1.1], "size": [0.75, 0.75, 0.1], "uv": [97, 47]}
				]
			},
			{
				"name": "bone248",
				"parent": "bow2",
				"pivot": [-2.85, 15.75, -1.5],
				"rotation": [0, 0, 10],
				"cubes": [
					{"origin": [2.91076, 18.9917, -1.4], "size": [0.25, 2.55, 0.15], "uv": [28, 47]}
				]
			},
			{
				"name": "bone249",
				"parent": "bone248",
				"pivot": [-3.825, 16.05, -1.375],
				"rotation": [0, 0, 50],
				"cubes": [
					{"origin": [-3.9141, 23.16218, -1.5], "size": [0.25, 1.95, 0.15], "uv": [28, 47]}
				]
			},
			{
				"name": "bone250",
				"parent": "bone249",
				"pivot": [-3.825, 16.05, -1.375],
				"rotation": [0, 0, 75],
				"cubes": [
					{"origin": [-10.83786, 18.01265, -1.5], "size": [0.25, 0.9, 0.15], "uv": [28, 47]}
				]
			},
			{
				"name": "bone251",
				"parent": "bone250",
				"pivot": [-4.025, 16.75, -1.375],
				"rotation": [0, 0, 75],
				"cubes": [
					{"origin": [-7.95048, 9.07283, -1.5], "size": [0.25, 1.85, 0.15], "uv": [28, 47]}
				]
			},
			{
				"name": "bone252",
				"parent": "bow2",
				"pivot": [-2.63895, 15.34837, -1.325],
				"rotation": [180, 0, 170],
				"cubes": [
					{"origin": [-10.3522, 16.62207, -1.4], "size": [0.25, 2.55, 0.15], "uv": [28, 47]}
				]
			},
			{
				"name": "bone253",
				"parent": "bone252",
				"pivot": [-3.30065, 16.11144, -1.175],
				"rotation": [0, 0, 50],
				"cubes": [
					{"origin": [-10.38975, 11.09926, -1.3], "size": [0.25, 1.95, 0.15], "uv": [28, 47]}
				]
			},
			{
				"name": "bone254",
				"parent": "bone253",
				"pivot": [-3.30065, 16.11144, -1.175],
				"rotation": [0, 0, 75],
				"cubes": [
					{"origin": [-0.41402, 8.1746, -1.3], "size": [0.25, 0.9, 0.15], "uv": [28, 47]}
				]
			},
			{
				"name": "bone255",
				"parent": "bone254",
				"pivot": [-3.50065, 16.81144, -1.175],
				"rotation": [0, 0, 75],
				"cubes": [
					{"origin": [4.69822, 16.13427, -1.3], "size": [0.25, 1.85, 0.15], "uv": [28, 47]}
				]
			},
			{
				"name": "bow3",
				"parent": "hai",
				"pivot": [-4.175, 20.125, -1.05],
				"rotation": [0, 90, 10],
				"cubes": [
					{"origin": [-4.55, 19.75, -1.1], "size": [0.75, 0.75, 0.1], "uv": [97, 47]}
				]
			},
			{
				"name": "bone256",
				"parent": "bow3",
				"pivot": [-11.15, 15.75, -1.5],
				"rotation": [0, 0, 10],
				"cubes": [
					{"origin": [-5.38924, 18.9917, -1.4], "size": [0.25, 2.55, 0.15], "uv": [28, 47]}
				]
			},
			{
				"name": "bone257",
				"parent": "bone256",
				"pivot": [-12.125, 16.05, -1.375],
				"rotation": [0, 0, 50],
				"cubes": [
					{"origin": [-12.2141, 23.16218, -1.5], "size": [0.25, 1.95, 0.15], "uv": [28, 47]}
				]
			},
			{
				"name": "bone258",
				"parent": "bone257",
				"pivot": [-12.125, 16.05, -1.375],
				"rotation": [0, 0, 75],
				"cubes": [
					{"origin": [-19.13786, 18.01265, -1.5], "size": [0.25, 0.9, 0.15], "uv": [28, 47]}
				]
			},
			{
				"name": "bone259",
				"parent": "bone258",
				"pivot": [-12.325, 16.75, -1.375],
				"rotation": [0, 0, 75],
				"cubes": [
					{"origin": [-16.25048, 9.07283, -1.5], "size": [0.25, 1.85, 0.15], "uv": [28, 47]}
				]
			},
			{
				"name": "bone260",
				"parent": "bow3",
				"pivot": [-10.93895, 15.34837, -1.325],
				"rotation": [180, 0, 170],
				"cubes": [
					{"origin": [-18.6522, 16.62207, -1.4], "size": [0.25, 2.55, 0.15], "uv": [28, 47]}
				]
			},
			{
				"name": "bone261",
				"parent": "bone260",
				"pivot": [-11.60065, 16.11144, -1.175],
				"rotation": [0, 0, 50],
				"cubes": [
					{"origin": [-18.68975, 11.09926, -1.3], "size": [0.25, 1.95, 0.15], "uv": [28, 47]}
				]
			},
			{
				"name": "bone262",
				"parent": "bone261",
				"pivot": [-11.60065, 16.11144, -1.175],
				"rotation": [0, 0, 75],
				"cubes": [
					{"origin": [-8.71402, 8.1746, -1.3], "size": [0.25, 0.9, 0.15], "uv": [28, 47]}
				]
			},
			{
				"name": "bone263",
				"parent": "bone262",
				"pivot": [-11.80065, 16.81144, -1.175],
				"rotation": [0, 0, 75],
				"cubes": [
					{"origin": [-3.60178, 16.13427, -1.3], "size": [0.25, 1.85, 0.15], "uv": [28, 47]}
				]
			},
			{
				"name": "armRight",
				"pivot": [-3, 16.5, 0],
				"rotation": [0, 0, 25],
				"cubes": [
					{"origin": [-5.28057, 9.34323, -1], "size": [2, 7.35, 2], "uv": [24, 34]},
					{"origin": [-5.51943, 13.69323, -1.25], "size": [2.55, 3.05, 2.5], "uv": [43, 71]},
					{"origin": [-5.36943, 10.24323, -1.15], "size": [2.3, 0.35, 2.3], "uv": [82, 0]}
				]
			},
			{
				"name": "bone187",
				"parent": "armRight",
				"pivot": [-5.5, 16.5, 0],
				"cubes": [
					{"origin": [-5.61943, 11.19323, -1.4], "size": [2.8, 3, 2.8], "uv": [31, 78]}
				]
			},
			{
				"name": "bone188",
				"parent": "bone187",
				"pivot": [-1.25, 23.6, 0]
			},
			{
				"name": "bone189",
				"parent": "bone188",
				"pivot": [-4.25, 7.1, 0]
			},
			{
				"name": "bone190",
				"parent": "bone189",
				"pivot": [-4.25, 7.1, 1.98526],
				"rotation": [10, 0, 0],
				"cubes": [
					{"origin": [-5.25, 10.17891, 1.88526], "size": [2, 1.75, 0.1], "uv": [69, 34]}
				]
			},
			{
				"name": "bone191",
				"parent": "bone190",
				"pivot": [-5.25, 6.92891, 1.98526],
				"rotation": [0, 0, 9.85108],
				"cubes": [
					{"origin": [-6.25, 10.17891, 1.88426], "size": [1, 1.75, 0.1], "uv": [69, 34]}
				]
			},
			{
				"name": "bone192",
				"parent": "bone190",
				"pivot": [-3.25, 6.92891, 1.98526],
				"rotation": [0, 0, -9.85108],
				"cubes": [
					{"origin": [-3.25, 10.17891, 1.88626], "size": [1, 1.75, 0.1], "uv": [69, 34]}
				]
			},
			{
				"name": "bone193",
				"parent": "bone188",
				"pivot": [-4.25, 7.1, 0],
				"rotation": [0, -90, 0]
			},
			{
				"name": "bone194",
				"parent": "bone193",
				"pivot": [-4.25, 7.1, 1.98526],
				"rotation": [10, 0, 0],
				"cubes": [
					{"origin": [-5.25, 10.17891, 1.88526], "size": [2, 1.75, 0.1], "uv": [69, 34]}
				]
			},
			{
				"name": "bone195",
				"parent": "bone194",
				"pivot": [-5.25, 6.92891, 1.98526],
				"rotation": [0, 0, 9.85108],
				"cubes": [
					{"origin": [-6.25, 10.17891, 1.88426], "size": [1, 1.75, 0.1], "uv": [69, 34]}
				]
			},
			{
				"name": "bone196",
				"parent": "bone194",
				"pivot": [-3.25, 6.92891, 1.98526],
				"rotation": [0, 0, -9.85108],
				"cubes": [
					{"origin": [-3.25, 10.17891, 1.88626], "size": [1, 1.75, 0.1], "uv": [69, 34]}
				]
			},
			{
				"name": "bone197",
				"parent": "bone188",
				"pivot": [-4.25, 7.1, 0],
				"rotation": [0, -180, 0]
			},
			{
				"name": "bone198",
				"parent": "bone197",
				"pivot": [-4.25, 7.1, 1.98526],
				"rotation": [10, 0, 0],
				"cubes": [
					{"origin": [-5.25, 10.17891, 1.88526], "size": [2, 1.75, 0.1], "uv": [69, 34]}
				]
			},
			{
				"name": "bone199",
				"parent": "bone198",
				"pivot": [-5.25, 6.92891, 1.98526],
				"rotation": [0, 0, 9.85108],
				"cubes": [
					{"origin": [-6.25, 10.17891, 1.88426], "size": [1, 1.75, 0.1], "uv": [69, 34]}
				]
			},
			{
				"name": "bone200",
				"parent": "bone198",
				"pivot": [-3.25, 6.92891, 1.98526],
				"rotation": [0, 0, -9.85108],
				"cubes": [
					{"origin": [-3.25, 10.17891, 1.88626], "size": [1, 1.75, 0.1], "uv": [69, 34]}
				]
			},
			{
				"name": "bone201",
				"parent": "bone188",
				"pivot": [-4.25, 7.1, 0],
				"rotation": [0, -270, 0]
			},
			{
				"name": "bone202",
				"parent": "bone201",
				"pivot": [-4.25, 7.1, 1.98526],
				"rotation": [10, 0, 0],
				"cubes": [
					{"origin": [-5.25, 10.17891, 1.88526], "size": [2, 1.75, 0.1], "uv": [69, 34]}
				]
			},
			{
				"name": "bone203",
				"parent": "bone202",
				"pivot": [-5.25, 6.92891, 1.98526],
				"rotation": [0, 0, 9.85108],
				"cubes": [
					{"origin": [-6.25, 10.17891, 1.88426], "size": [1, 1.75, 0.1], "uv": [69, 34]}
				]
			},
			{
				"name": "bone204",
				"parent": "bone202",
				"pivot": [-3.25, 6.92891, 1.98526],
				"rotation": [0, 0, -9.85108],
				"cubes": [
					{"origin": [-3.25, 10.17891, 1.88626], "size": [1, 1.75, 0.1], "uv": [69, 34]}
				]
			},
			{
				"name": "bone205",
				"parent": "bone187",
				"pivot": [-1.25, 24, 0]
			},
			{
				"name": "bone206",
				"parent": "bone205",
				"pivot": [-4.25, 7.5, 0]
			},
			{
				"name": "bone207",
				"parent": "bone206",
				"pivot": [-4.25, 7.5, 1.98526],
				"rotation": [10, 0, 0],
				"cubes": [
					{"origin": [-5.25, 10.82891, 1.88526], "size": [2, 1.5, 0.1], "uv": [69, 38]}
				]
			},
			{
				"name": "bone208",
				"parent": "bone207",
				"pivot": [-5.25, 7.32891, 1.98526],
				"rotation": [0, 0, 9.85108],
				"cubes": [
					{"origin": [-6.25, 10.82891, 1.88426], "size": [1, 1.5, 0.1], "uv": [69, 38]}
				]
			},
			{
				"name": "bone209",
				"parent": "bone207",
				"pivot": [-3.25, 7.32891, 1.98526],
				"rotation": [0, 0, -9.85108],
				"cubes": [
					{"origin": [-3.25, 10.82891, 1.88626], "size": [1, 1.5, 0.1], "uv": [69, 38]}
				]
			},
			{
				"name": "bone210",
				"parent": "bone205",
				"pivot": [-4.25, 7.5, 0],
				"rotation": [0, -90, 0]
			},
			{
				"name": "bone211",
				"parent": "bone210",
				"pivot": [-4.25, 7.5, 1.98526],
				"rotation": [10, 0, 0],
				"cubes": [
					{"origin": [-5.25, 10.82891, 1.88526], "size": [2, 1.5, 0.1], "uv": [69, 38]}
				]
			},
			{
				"name": "bone212",
				"parent": "bone211",
				"pivot": [-5.25, 7.32891, 1.98526],
				"rotation": [0, 0, 9.85108],
				"cubes": [
					{"origin": [-6.25, 10.82891, 1.88426], "size": [1, 1.5, 0.1], "uv": [69, 38]}
				]
			},
			{
				"name": "bone213",
				"parent": "bone211",
				"pivot": [-3.25, 7.32891, 1.98526],
				"rotation": [0, 0, -9.85108],
				"cubes": [
					{"origin": [-3.25, 10.82891, 1.88626], "size": [1, 1.5, 0.1], "uv": [69, 38]}
				]
			},
			{
				"name": "bone214",
				"parent": "bone205",
				"pivot": [-4.25, 7.5, 0],
				"rotation": [0, -180, 0]
			},
			{
				"name": "bone215",
				"parent": "bone214",
				"pivot": [-4.25, 7.5, 1.98526],
				"rotation": [10, 0, 0],
				"cubes": [
					{"origin": [-5.25, 10.82891, 1.88526], "size": [2, 1.5, 0.1], "uv": [69, 38]}
				]
			},
			{
				"name": "bone216",
				"parent": "bone215",
				"pivot": [-5.25, 7.32891, 1.98526],
				"rotation": [0, 0, 9.85108],
				"cubes": [
					{"origin": [-6.25, 10.82891, 1.88426], "size": [1, 1.5, 0.1], "uv": [69, 38]}
				]
			},
			{
				"name": "bone217",
				"parent": "bone215",
				"pivot": [-3.25, 7.32891, 1.98526],
				"rotation": [0, 0, -9.85108],
				"cubes": [
					{"origin": [-3.25, 10.82891, 1.88626], "size": [1, 1.5, 0.1], "uv": [69, 38]}
				]
			},
			{
				"name": "bone218",
				"parent": "bone205",
				"pivot": [-4.25, 7.5, 0],
				"rotation": [0, -270, 0]
			},
			{
				"name": "bone219",
				"parent": "bone218",
				"pivot": [-4.25, 7.5, 1.98526],
				"rotation": [10, 0, 0],
				"cubes": [
					{"origin": [-5.25, 10.82891, 1.88526], "size": [2, 1.5, 0.1], "uv": [69, 38]}
				]
			},
			{
				"name": "bone220",
				"parent": "bone219",
				"pivot": [-5.25, 7.32891, 1.98526],
				"rotation": [0, 0, 9.85108],
				"cubes": [
					{"origin": [-6.25, 10.82891, 1.88426], "size": [1, 1.5, 0.1], "uv": [69, 38]}
				]
			},
			{
				"name": "bone221",
				"parent": "bone219",
				"pivot": [-3.25, 7.32891, 1.98526],
				"rotation": [0, 0, -9.85108],
				"cubes": [
					{"origin": [-3.25, 10.82891, 1.88626], "size": [1, 1.5, 0.1], "uv": [69, 38]}
				]
			},
			{
				"name": "armLeft",
				"pivot": [3, 16.5, 0],
				"rotation": [0, 0, -25],
				"cubes": [
					{"origin": [3.28057, 9.34323, -1], "size": [2, 7.35, 2], "uv": [16, 32]},
					{"origin": [2.98057, 13.69323, -1.25], "size": [2.55, 3.05, 2.5], "uv": [43, 71]}
				]
			},
			{
				"name": "bone186",
				"parent": "armLeft",
				"pivot": [3, 16.5, 0],
				"cubes": [
					{"origin": [2.88057, 11.19323, -1.4], "size": [2.8, 3, 2.8], "uv": [31, 78]}
				]
			},
			{
				"name": "bone169",
				"parent": "bone186",
				"pivot": [7.25, 23.6, 0]
			},
			{
				"name": "bone170",
				"parent": "bone169",
				"pivot": [4.25, 7.1, 0]
			},
			{
				"name": "bone171",
				"parent": "bone170",
				"pivot": [4.25, 7.1, 1.98526],
				"rotation": [10, 0, 0],
				"cubes": [
					{"origin": [3.25, 10.17891, 1.88526], "size": [2, 1.75, 0.1], "uv": [69, 38]}
				]
			},
			{
				"name": "bone172",
				"parent": "bone171",
				"pivot": [3.25, 6.92891, 1.98526],
				"rotation": [0, 0, 9.85108],
				"cubes": [
					{"origin": [2.25, 10.17891, 1.88426], "size": [1, 1.75, 0.1], "uv": [69, 38]}
				]
			},
			{
				"name": "bone173",
				"parent": "bone171",
				"pivot": [5.25, 6.92891, 1.98526],
				"rotation": [0, 0, -9.85108],
				"cubes": [
					{"origin": [5.25, 10.17891, 1.88626], "size": [1, 1.75, 0.1], "uv": [69, 38]}
				]
			},
			{
				"name": "bone174",
				"parent": "bone169",
				"pivot": [4.25, 7.1, 0],
				"rotation": [0, -90, 0]
			},
			{
				"name": "bone175",
				"parent": "bone174",
				"pivot": [4.25, 7.1, 1.98526],
				"rotation": [10, 0, 0],
				"cubes": [
					{"origin": [3.25, 10.17891, 1.88526], "size": [2, 1.75, 0.1], "uv": [69, 38]}
				]
			},
			{
				"name": "bone176",
				"parent": "bone175",
				"pivot": [3.25, 6.92891, 1.98526],
				"rotation": [0, 0, 9.85108],
				"cubes": [
					{"origin": [2.25, 10.17891, 1.88426], "size": [1, 1.75, 0.1], "uv": [69, 38]}
				]
			},
			{
				"name": "bone177",
				"parent": "bone175",
				"pivot": [5.25, 6.92891, 1.98526],
				"rotation": [0, 0, -9.85108],
				"cubes": [
					{"origin": [5.25, 10.17891, 1.88626], "size": [1, 1.75, 0.1], "uv": [69, 38]}
				]
			},
			{
				"name": "bone178",
				"parent": "bone169",
				"pivot": [4.25, 7.1, 0],
				"rotation": [0, -180, 0]
			},
			{
				"name": "bone179",
				"parent": "bone178",
				"pivot": [4.25, 7.1, 1.98526],
				"rotation": [10, 0, 0],
				"cubes": [
					{"origin": [3.25, 10.17891, 1.88526], "size": [2, 1.75, 0.1], "uv": [69, 38]}
				]
			},
			{
				"name": "bone180",
				"parent": "bone179",
				"pivot": [3.25, 6.92891, 1.98526],
				"rotation": [0, 0, 9.85108],
				"cubes": [
					{"origin": [2.25, 10.17891, 1.88426], "size": [1, 1.75, 0.1], "uv": [69, 38]}
				]
			},
			{
				"name": "bone181",
				"parent": "bone179",
				"pivot": [5.25, 6.92891, 1.98526],
				"rotation": [0, 0, -9.85108],
				"cubes": [
					{"origin": [5.25, 10.17891, 1.88626], "size": [1, 1.75, 0.1], "uv": [69, 38]}
				]
			},
			{
				"name": "bone182",
				"parent": "bone169",
				"pivot": [4.25, 7.1, 0],
				"rotation": [0, -270, 0]
			},
			{
				"name": "bone183",
				"parent": "bone182",
				"pivot": [4.25, 7.1, 1.98526],
				"rotation": [10, 0, 0],
				"cubes": [
					{"origin": [3.25, 10.17891, 1.88526], "size": [2, 1.75, 0.1], "uv": [69, 38]}
				]
			},
			{
				"name": "bone184",
				"parent": "bone183",
				"pivot": [3.25, 6.92891, 1.98526],
				"rotation": [0, 0, 9.85108],
				"cubes": [
					{"origin": [2.25, 10.17891, 1.88426], "size": [1, 1.75, 0.1], "uv": [69, 38]}
				]
			},
			{
				"name": "bone185",
				"parent": "bone183",
				"pivot": [5.25, 6.92891, 1.98526],
				"rotation": [0, 0, -9.85108],
				"cubes": [
					{"origin": [5.25, 10.17891, 1.88626], "size": [1, 1.75, 0.1], "uv": [69, 38]}
				]
			},
			{
				"name": "bone152",
				"parent": "bone186",
				"pivot": [7.25, 24, 0]
			},
			{
				"name": "bone153",
				"parent": "bone152",
				"pivot": [4.25, 7.5, 0]
			},
			{
				"name": "bone154",
				"parent": "bone153",
				"pivot": [4.25, 7.5, 1.98526],
				"rotation": [10, 0, 0],
				"cubes": [
					{"origin": [3.25, 10.82891, 1.88526], "size": [2, 1.5, 0.1], "uv": [69, 34]}
				]
			},
			{
				"name": "bone155",
				"parent": "bone154",
				"pivot": [3.25, 7.32891, 1.98526],
				"rotation": [0, 0, 9.85108],
				"cubes": [
					{"origin": [2.25, 10.82891, 1.88426], "size": [1, 1.5, 0.1], "uv": [69, 34]}
				]
			},
			{
				"name": "bone156",
				"parent": "bone154",
				"pivot": [5.25, 7.32891, 1.98526],
				"rotation": [0, 0, -9.85108],
				"cubes": [
					{"origin": [5.25, 10.82891, 1.88626], "size": [1, 1.5, 0.1], "uv": [69, 34]}
				]
			},
			{
				"name": "bone157",
				"parent": "bone152",
				"pivot": [4.25, 7.5, 0],
				"rotation": [0, -90, 0]
			},
			{
				"name": "bone158",
				"parent": "bone157",
				"pivot": [4.25, 7.5, 1.98526],
				"rotation": [10, 0, 0],
				"cubes": [
					{"origin": [3.25, 10.82891, 1.88526], "size": [2, 1.5, 0.1], "uv": [69, 34]}
				]
			},
			{
				"name": "bone159",
				"parent": "bone158",
				"pivot": [3.25, 7.32891, 1.98526],
				"rotation": [0, 0, 9.85108],
				"cubes": [
					{"origin": [2.25, 10.82891, 1.88426], "size": [1, 1.5, 0.1], "uv": [69, 34]}
				]
			},
			{
				"name": "bone160",
				"parent": "bone158",
				"pivot": [5.25, 7.32891, 1.98526],
				"rotation": [0, 0, -9.85108],
				"cubes": [
					{"origin": [5.25, 10.82891, 1.88626], "size": [1, 1.5, 0.1], "uv": [69, 34]}
				]
			},
			{
				"name": "bone161",
				"parent": "bone152",
				"pivot": [4.25, 7.5, 0],
				"rotation": [0, -180, 0]
			},
			{
				"name": "bone162",
				"parent": "bone161",
				"pivot": [4.25, 7.5, 1.98526],
				"rotation": [10, 0, 0],
				"cubes": [
					{"origin": [3.25, 10.82891, 1.88526], "size": [2, 1.5, 0.1], "uv": [69, 34]}
				]
			},
			{
				"name": "bone163",
				"parent": "bone162",
				"pivot": [3.25, 7.32891, 1.98526],
				"rotation": [0, 0, 9.85108],
				"cubes": [
					{"origin": [2.25, 10.82891, 1.88426], "size": [1, 1.5, 0.1], "uv": [69, 34]}
				]
			},
			{
				"name": "bone164",
				"parent": "bone162",
				"pivot": [5.25, 7.32891, 1.98526],
				"rotation": [0, 0, -9.85108],
				"cubes": [
					{"origin": [5.25, 10.82891, 1.88626], "size": [1, 1.5, 0.1], "uv": [69, 34]}
				]
			},
			{
				"name": "bone165",
				"parent": "bone152",
				"pivot": [4.25, 7.5, 0],
				"rotation": [0, -270, 0]
			},
			{
				"name": "bone166",
				"parent": "bone165",
				"pivot": [4.25, 7.5, 1.98526],
				"rotation": [10, 0, 0],
				"cubes": [
					{"origin": [3.25, 10.82891, 1.88526], "size": [2, 1.5, 0.1], "uv": [69, 34]}
				]
			},
			{
				"name": "bone167",
				"parent": "bone166",
				"pivot": [3.25, 7.32891, 1.98526],
				"rotation": [0, 0, 9.85108],
				"cubes": [
					{"origin": [2.25, 10.82891, 1.88426], "size": [1, 1.5, 0.1], "uv": [69, 34]}
				]
			},
			{
				"name": "bone168",
				"parent": "bone166",
				"pivot": [5.25, 7.32891, 1.98526],
				"rotation": [0, 0, -9.85108],
				"cubes": [
					{"origin": [5.25, 10.82891, 1.88626], "size": [1, 1.5, 0.1], "uv": [69, 34]}
				]
			},
			{
				"name": "body",
				"pivot": [0, 10.5, 0],
				"cubes": [
					{"origin": [-3, 9.199, -2.5], "size": [6, 8.5, 5], "uv": [27, 11]},
					{"origin": [-1.5, 17.699, -1.5], "size": [3, 1, 3], "uv": [43, 64]}
				]
			},
			{
				"name": "bone3",
				"parent": "body",
				"pivot": [0, 11.5, 0]
			},
			{
				"name": "bone4",
				"parent": "bone3",
				"pivot": [0, 18.75, 0]
			},
			{
				"name": "bone6",
				"parent": "bone4",
				"pivot": [0, 7.25, 0]
			},
			{
				"name": "bone7",
				"parent": "bone6",
				"pivot": [0, 7.25, 4.97051],
				"rotation": [10, 0, 0],
				"cubes": [
					{"origin": [-3, 15.78806, 4.23191], "size": [6, 1.25, 0], "uv": [3, 74]}
				]
			},
			{
				"name": "bone8",
				"parent": "bone7",
				"pivot": [-3, 6.90782, 4.97051],
				"rotation": [0, 0, 9.85108],
				"cubes": [
					{"origin": [-5.02228, 15.78614, 4.23091], "size": [2, 1.25, 0], "uv": [0, 74]}
				]
			},
			{
				"name": "bone9",
				"parent": "bone7",
				"pivot": [3, 6.90782, 4.97051],
				"rotation": [0, 0, -9.85108],
				"cubes": [
					{"origin": [3.02228, 15.78614, 4.23291], "size": [2, 1.25, 0], "uv": [7, 74]}
				]
			},
			{
				"name": "bone10",
				"parent": "bone4",
				"pivot": [0, 7.25, 0],
				"rotation": [0, -90, 0]
			},
			{
				"name": "bone11",
				"parent": "bone10",
				"pivot": [0, 7.25, 4.97051],
				"rotation": [10, 0, 0],
				"cubes": [
					{"origin": [-2, 15.65782, 4.97051], "size": [4, 1.25, 0], "uv": [5, 74]}
				]
			},
			{
				"name": "bone12",
				"parent": "bone11",
				"pivot": [-3, 6.90782, 4.97051],
				"rotation": [0, 0, 9.85108],
				"cubes": [
					{"origin": [-4.26106, 15.78614, 4.96951], "size": [2, 1.25, 0], "uv": [7, 74]}
				]
			},
			{
				"name": "bone13",
				"parent": "bone11",
				"pivot": [3, 6.90782, 4.97051],
				"rotation": [0, 0, -9.85108],
				"cubes": [
					{"origin": [2.26106, 15.78614, 4.97151], "size": [2, 1.25, 0], "uv": [7, 74]}
				]
			},
			{
				"name": "bone14",
				"parent": "bone4",
				"pivot": [0, 7.25, 0],
				"rotation": [0, -180, 0]
			},
			{
				"name": "bone15",
				"parent": "bone14",
				"pivot": [0, 7.25, 4.97051],
				"rotation": [10, 0, 0],
				"cubes": [
					{"origin": [-3, 15.78806, 4.23191], "size": [6, 1.25, 0], "uv": [3, 74]}
				]
			},
			{
				"name": "bone16",
				"parent": "bone15",
				"pivot": [-3, 6.90782, 4.97051],
				"rotation": [0, 0, 9.85108],
				"cubes": [
					{"origin": [-5.01931, 15.76903, 4.32939], "size": [2, 1.25, 0], "uv": [7, 74]}
				]
			},
			{
				"name": "bone17",
				"parent": "bone15",
				"pivot": [3, 6.90782, 4.97051],
				"rotation": [0, 0, -9.85108],
				"cubes": [
					{"origin": [3.02228, 15.78614, 4.23291], "size": [2, 1.25, 0], "uv": [7, 74]}
				]
			},
			{
				"name": "bone18",
				"parent": "bone4",
				"pivot": [0, 7.25, 0],
				"rotation": [0, -270, 0]
			},
			{
				"name": "bone19",
				"parent": "bone18",
				"pivot": [0, 7.25, 4.97051],
				"rotation": [10, 0, 0],
				"cubes": [
					{"origin": [-2, 15.65782, 4.97051], "size": [4, 1.25, 0], "uv": [5, 74]}
				]
			},
			{
				"name": "bone20",
				"parent": "bone19",
				"pivot": [-3, 6.90782, 4.97051],
				"rotation": [0, 0, 9.85108],
				"cubes": [
					{"origin": [-4.26106, 15.78614, 4.96951], "size": [2, 1.25, 0], "uv": [7, 74]}
				]
			},
			{
				"name": "bone21",
				"parent": "bone19",
				"pivot": [3, 6.90782, 4.97051],
				"rotation": [0, 0, -9.85108],
				"cubes": [
					{"origin": [2.35958, 15.76903, 4.97151], "size": [2, 1.25, 0], "uv": [7, 74]}
				]
			},
			{
				"name": "bone22",
				"parent": "bone3",
				"pivot": [0, 14.75, 0],
				"rotation": [0, 0, -180]
			},
			{
				"name": "bone23",
				"parent": "bone22",
				"pivot": [0, 3.25, 0]
			},
			{
				"name": "bone24",
				"parent": "bone23",
				"pivot": [0, 3.25, 4.97051],
				"rotation": [10, 0, 0],
				"cubes": [
					{"origin": [-3, 11.78806, 4.23191], "size": [6, 1.25, 0], "uv": [3, 74]}
				]
			},
			{
				"name": "bone25",
				"parent": "bone24",
				"pivot": [-3, 2.90782, 4.97051],
				"rotation": [0, 0, 9.85108],
				"cubes": [
					{"origin": [-5.02228, 11.78614, 4.23091], "size": [2, 1.25, 0], "uv": [7, 74]}
				]
			},
			{
				"name": "bone26",
				"parent": "bone24",
				"pivot": [3, 2.90782, 4.97051],
				"rotation": [0, 0, -9.85108],
				"cubes": [
					{"origin": [3.02228, 11.78614, 4.23291], "size": [2, 1.25, 0], "uv": [0, 74]}
				]
			},
			{
				"name": "bone27",
				"parent": "bone22",
				"pivot": [0, 3.25, 0],
				"rotation": [0, -90, 0]
			},
			{
				"name": "bone28",
				"parent": "bone27",
				"pivot": [0, 3.25, 4.97051],
				"rotation": [10, 0, 0],
				"cubes": [
					{"origin": [-2, 11.65782, 4.97051], "size": [4, 1.25, 0], "uv": [5, 74]}
				]
			},
			{
				"name": "bone29",
				"parent": "bone28",
				"pivot": [-3, 2.90782, 4.97051],
				"rotation": [0, 0, 9.85108],
				"cubes": [
					{"origin": [-4.26106, 11.78614, 4.96951], "size": [2, 1.25, 0], "uv": [7, 74]}
				]
			},
			{
				"name": "bone30",
				"parent": "bone28",
				"pivot": [3, 2.90782, 4.97051],
				"rotation": [0, 0, -9.85108],
				"cubes": [
					{"origin": [2.26106, 11.78614, 4.97151], "size": [2, 1.25, 0], "uv": [7, 74]}
				]
			},
			{
				"name": "bone31",
				"parent": "bone22",
				"pivot": [0, 3.25, 0],
				"rotation": [0, -180, 0]
			},
			{
				"name": "bone32",
				"parent": "bone31",
				"pivot": [0, 3.25, 4.97051],
				"rotation": [10, 0, 0],
				"cubes": [
					{"origin": [-3, 11.78806, 4.23191], "size": [6, 1.25, 0], "uv": [3, 74]}
				]
			},
			{
				"name": "bone33",
				"parent": "bone32",
				"pivot": [-3, 2.90782, 4.97051],
				"rotation": [0, 0, 9.85108],
				"cubes": [
					{"origin": [-5.01931, 11.76903, 4.32939], "size": [2, 1.25, 0], "uv": [7, 74]}
				]
			},
			{
				"name": "bone34",
				"parent": "bone32",
				"pivot": [3, 2.90782, 4.97051],
				"rotation": [0, 0, -9.85108],
				"cubes": [
					{"origin": [3.02228, 11.78614, 4.23291], "size": [2, 1.25, 0], "uv": [7, 74]}
				]
			},
			{
				"name": "bone35",
				"parent": "bone22",
				"pivot": [0, 3.25, 0],
				"rotation": [0, -270, 0]
			},
			{
				"name": "bone36",
				"parent": "bone35",
				"pivot": [0, 3.25, 4.97051],
				"rotation": [10, 0, 0],
				"cubes": [
					{"origin": [-2, 11.65782, 4.97051], "size": [4, 1.25, 0], "uv": [5, 74]}
				]
			},
			{
				"name": "bone37",
				"parent": "bone36",
				"pivot": [-3, 2.90782, 4.97051],
				"rotation": [0, 0, 9.85108],
				"cubes": [
					{"origin": [-4.26106, 11.78614, 4.96951], "size": [2, 1.25, 0], "uv": [7, 74]}
				]
			},
			{
				"name": "bone38",
				"parent": "bone36",
				"pivot": [3, 2.90782, 4.97051],
				"rotation": [0, 0, -9.85108],
				"cubes": [
					{"origin": [2.35958, 11.76903, 4.97151], "size": [2, 1.25, 0], "uv": [7, 74]}
				]
			},
			{
				"name": "1sittingRotationSkirt",
				"parent": "body",
				"pivot": [0, 10.25, 0]
			},
			{
				"name": "bone48",
				"parent": "1sittingRotationSkirt",
				"pivot": [0, 14.25, 0]
			},
			{
				"name": "bone49",
				"parent": "bone48",
				"pivot": [0, 4, 0]
			},
			{
				"name": "bone50",
				"parent": "bone49",
				"pivot": [0, 4, 1.9974],
				"rotation": [10, 0, 0],
				"cubes": [
					{"origin": [-1.25, 1.92796, 4.82215], "size": [2.5, 8, 0], "uv": [58, 55]}
				]
			},
			{
				"name": "bone51",
				"parent": "bone50",
				"pivot": [-1, 3.92796, 1.9974],
				"rotation": [0, 0, 4.13135],
				"cubes": [
					{"origin": [-2, 1.92796, 4.82115], "size": [1, 8, 0], "uv": [58, 55]}
				]
			},
			{
				"name": "bone52",
				"parent": "bone50",
				"pivot": [1, 3.92796, 1.9974],
				"rotation": [0, 0, -4.13135],
				"cubes": [
					{"origin": [1, 1.92796, 4.82315], "size": [1, 8, 0], "uv": [58, 55]}
				]
			},
			{
				"name": "bone53",
				"parent": "bone48",
				"pivot": [0, 4, 0],
				"rotation": [0, -45, 0]
			},
			{
				"name": "bone54",
				"parent": "bone53",
				"pivot": [0, 4, 1.9974],
				"rotation": [10, 0, 0],
				"cubes": [
					{"origin": [-1.25, 1.92796, 4.82215], "size": [2.5, 8, 0], "uv": [58, 55]}
				]
			},
			{
				"name": "bone55",
				"parent": "bone54",
				"pivot": [-1, 3.92796, 1.9974],
				"rotation": [0, 0, 4.13135],
				"cubes": [
					{"origin": [-2, 1.92796, 4.82115], "size": [1, 8, 0], "uv": [58, 55]}
				]
			},
			{
				"name": "bone56",
				"parent": "bone54",
				"pivot": [1, 3.92796, 1.9974],
				"rotation": [0, 0, -4.13135],
				"cubes": [
					{"origin": [1, 1.92796, 4.82315], "size": [1, 8, 0], "uv": [58, 55]}
				]
			},
			{
				"name": "bone57",
				"parent": "bone48",
				"pivot": [0, 4, 0],
				"rotation": [0, -90, 0]
			},
			{
				"name": "bone58",
				"parent": "bone57",
				"pivot": [0, 4, 1.9974],
				"rotation": [10, 0, 0],
				"cubes": [
					{"origin": [-1.25, 1.92796, 4.82215], "size": [2.5, 8, 0], "uv": [58, 55]}
				]
			},
			{
				"name": "bone59",
				"parent": "bone58",
				"pivot": [-1, 3.92796, 1.9974],
				"rotation": [0, 0, 4.13135],
				"cubes": [
					{"origin": [-2, 1.92796, 4.82115], "size": [1, 8, 0], "uv": [58, 55]}
				]
			},
			{
				"name": "bone61",
				"parent": "bone58",
				"pivot": [1, 3.92796, 1.9974],
				"rotation": [0, 0, -4.13135],
				"cubes": [
					{"origin": [1, 1.92796, 4.82315], "size": [1, 8, 0], "uv": [58, 55]}
				]
			},
			{
				"name": "bone62",
				"parent": "bone48",
				"pivot": [0, 4, 0],
				"rotation": [0, -135, 0]
			},
			{
				"name": "bone63",
				"parent": "bone62",
				"pivot": [0, 4, 1.9974],
				"rotation": [10, 0, 0],
				"cubes": [
					{"origin": [-1.25, 1.92796, 4.82215], "size": [2.5, 8, 0], "uv": [58, 55]}
				]
			},
			{
				"name": "bone64",
				"parent": "bone63",
				"pivot": [-1, 3.92796, 1.9974],
				"rotation": [0, 0, 4.13135],
				"cubes": [
					{"origin": [-2, 1.92796, 4.82115], "size": [1, 8, 0], "uv": [58, 55]}
				]
			},
			{
				"name": "bone65",
				"parent": "bone63",
				"pivot": [1, 3.92796, 1.9974],
				"rotation": [0, 0, -4.13135],
				"cubes": [
					{"origin": [1, 1.92796, 4.82315], "size": [1, 8, 0], "uv": [58, 55]}
				]
			},
			{
				"name": "bone66",
				"parent": "bone48",
				"pivot": [0, 4, 0],
				"rotation": [0, -180, 0]
			},
			{
				"name": "bone67",
				"parent": "bone66",
				"pivot": [0, 4, 1.9974],
				"rotation": [10, 0, 0],
				"cubes": [
					{"origin": [-1.25, 1.91059, 4.92063], "size": [2.5, 8, 0], "uv": [58, 69]}
				]
			},
			{
				"name": "bone68",
				"parent": "bone67",
				"pivot": [-1, 3.92796, 1.9974],
				"rotation": [0, 0, 4.13135],
				"cubes": [
					{"origin": [-2, 1.92796, 4.82115], "size": [1, 8, 0], "uv": [58, 55]}
				]
			},
			{
				"name": "bone69",
				"parent": "bone67",
				"pivot": [1, 3.92796, 1.9974],
				"rotation": [0, 0, -4.13135],
				"cubes": [
					{"origin": [1, 1.92796, 4.82315], "size": [1, 8, 0], "uv": [58, 55]}
				]
			},
			{
				"name": "bone70",
				"parent": "bone48",
				"pivot": [0, 4, 0],
				"rotation": [0, -225, 0]
			},
			{
				"name": "bone71",
				"parent": "bone70",
				"pivot": [0, 4, 1.9974],
				"rotation": [10, 0, 0],
				"cubes": [
					{"origin": [-1.25, 1.92796, 4.82215], "size": [2.5, 8, 0], "uv": [58, 55]}
				]
			},
			{
				"name": "bone72",
				"parent": "bone71",
				"pivot": [-1, 3.92796, 1.9974],
				"rotation": [0, 0, 4.13135],
				"cubes": [
					{"origin": [-2, 1.92796, 4.82115], "size": [1, 8, 0], "uv": [58, 55]}
				]
			},
			{
				"name": "bone73",
				"parent": "bone71",
				"pivot": [1, 3.92796, 1.9974],
				"rotation": [0, 0, -4.13135],
				"cubes": [
					{"origin": [1, 1.92796, 4.82315], "size": [1, 8, 0], "uv": [58, 55]}
				]
			},
			{
				"name": "bone74",
				"parent": "bone48",
				"pivot": [0, 4, 0],
				"rotation": [0, -270, 0]
			},
			{
				"name": "bone75",
				"parent": "bone74",
				"pivot": [0, 4, 1.9974],
				"rotation": [10, 0, 0],
				"cubes": [
					{"origin": [-1.25, 1.92796, 4.82215], "size": [2.5, 8, 0], "uv": [58, 55]}
				]
			},
			{
				"name": "bone76",
				"parent": "bone75",
				"pivot": [-1, 3.92796, 1.9974],
				"rotation": [0, 0, 4.13135],
				"cubes": [
					{"origin": [-2, 1.92796, 4.82115], "size": [1, 8, 0], "uv": [58, 55]}
				]
			},
			{
				"name": "bone77",
				"parent": "bone75",
				"pivot": [1, 3.92796, 1.9974],
				"rotation": [0, 0, -4.13135],
				"cubes": [
					{"origin": [1, 1.92796, 4.82315], "size": [1, 8, 0], "uv": [58, 55]}
				]
			},
			{
				"name": "bone78",
				"parent": "bone48",
				"pivot": [0, 4, 0],
				"rotation": [0, -315, 0]
			},
			{
				"name": "bone79",
				"parent": "bone78",
				"pivot": [0, 4, 1.9974],
				"rotation": [10, 0, 0],
				"cubes": [
					{"origin": [-1.25, 1.92796, 4.82215], "size": [2.5, 8, 0], "uv": [58, 55]}
				]
			},
			{
				"name": "bone80",
				"parent": "bone79",
				"pivot": [-1, 3.92796, 1.9974],
				"rotation": [0, 0, 4.13135],
				"cubes": [
					{"origin": [-2, 1.92796, 4.82115], "size": [1, 8, 0], "uv": [58, 55]}
				]
			},
			{
				"name": "bone81",
				"parent": "bone79",
				"pivot": [1, 3.92796, 1.9974],
				"rotation": [0, 0, -4.13135],
				"cubes": [
					{"origin": [1, 1.92796, 4.82315], "size": [1, 8, 0], "uv": [58, 55]}
				]
			},
			{
				"name": "bone82",
				"parent": "1sittingRotationSkirt",
				"pivot": [0, 17.25, 0]
			},
			{
				"name": "bone83",
				"parent": "bone82",
				"pivot": [0, 7, 0]
			},
			{
				"name": "bone84",
				"parent": "bone83",
				"pivot": [0, 7, 1.98978],
				"rotation": [20, 0, 0],
				"cubes": [
					{"origin": [-1, 9.35739, 4.80375], "size": [2, 8.5, 0], "uv": [69, 56]}
				]
			},
			{
				"name": "bone85",
				"parent": "bone84",
				"pivot": [-1, 6.85739, 1.98978],
				"rotation": [0, 0, 8.19901],
				"cubes": [
					{"origin": [-2, 9.35739, 4.80275], "size": [1, 8.5, 0], "uv": [69, 56]}
				]
			},
			{
				"name": "bone86",
				"parent": "bone84",
				"pivot": [1, 6.85739, 1.98978],
				"rotation": [0, 0, -8.19901],
				"cubes": [
					{"origin": [1, 9.35739, 4.80475], "size": [1, 8.5, 0], "uv": [69, 56]}
				]
			},
			{
				"name": "bone87",
				"parent": "bone82",
				"pivot": [0, 7, 0],
				"rotation": [0, -45, 0]
			},
			{
				"name": "bone88",
				"parent": "bone87",
				"pivot": [0, 7, 1.98978],
				"rotation": [20, 0, 0],
				"cubes": [
					{"origin": [-1, 9.35739, 4.80375], "size": [2, 8.5, 0], "uv": [69, 56]}
				]
			},
			{
				"name": "bone89",
				"parent": "bone88",
				"pivot": [-1, 6.85739, 1.98978],
				"rotation": [0, 0, 8.19901],
				"cubes": [
					{"origin": [-2, 9.35739, 4.80275], "size": [1, 8.5, 0], "uv": [69, 56]}
				]
			},
			{
				"name": "bone90",
				"parent": "bone88",
				"pivot": [1, 6.85739, 1.98978],
				"rotation": [0, 0, -8.19901],
				"cubes": [
					{"origin": [1, 9.35739, 4.80475], "size": [1, 8.5, 0], "uv": [69, 56]}
				]
			},
			{
				"name": "bone91",
				"parent": "bone82",
				"pivot": [0, 7, 0],
				"rotation": [0, -90, 0]
			},
			{
				"name": "bone92",
				"parent": "bone91",
				"pivot": [0, 7, 1.98978],
				"rotation": [20, 0, 0],
				"cubes": [
					{"origin": [-1, 9.35739, 4.80375], "size": [2, 8.5, 0], "uv": [69, 56]}
				]
			},
			{
				"name": "bone93",
				"parent": "bone92",
				"pivot": [-1, 6.85739, 1.98978],
				"rotation": [0, 0, 8.19901],
				"cubes": [
					{"origin": [-2, 9.35739, 4.80275], "size": [1, 8.5, 0], "uv": [69, 56]}
				]
			},
			{
				"name": "bone94",
				"parent": "bone92",
				"pivot": [1, 6.85739, 1.98978],
				"rotation": [0, 0, -8.19901],
				"cubes": [
					{"origin": [1, 9.35739, 4.80475], "size": [1, 8.5, 0], "uv": [69, 56]}
				]
			},
			{
				"name": "bone95",
				"parent": "bone82",
				"pivot": [0, 7, 0],
				"rotation": [0, -135, 0]
			},
			{
				"name": "bone96",
				"parent": "bone95",
				"pivot": [0, 7, 1.98978],
				"rotation": [20, 0, 0],
				"cubes": [
					{"origin": [-1, 9.35739, 4.80375], "size": [2, 8.5, 0], "uv": [69, 56]}
				]
			},
			{
				"name": "bone97",
				"parent": "bone96",
				"pivot": [-1, 6.85739, 1.98978],
				"rotation": [0, 0, 8.19901],
				"cubes": [
					{"origin": [-2, 9.35739, 4.80275], "size": [1, 8.5, 0], "uv": [69, 56]}
				]
			},
			{
				"name": "bone98",
				"parent": "bone96",
				"pivot": [1, 6.85739, 1.98978],
				"rotation": [0, 0, -8.19901],
				"cubes": [
					{"origin": [1, 9.35739, 4.80475], "size": [1, 8.5, 0], "uv": [69, 56]}
				]
			},
			{
				"name": "bone99",
				"parent": "bone82",
				"pivot": [0, 7, 0],
				"rotation": [0, -180, 0]
			},
			{
				"name": "bone100",
				"parent": "bone99",
				"pivot": [0, 7, 1.98978],
				"rotation": [20, 0, 0],
				"cubes": [
					{"origin": [-1.2, 9.32319, 4.89772], "size": [2.4, 4.5, 0], "uv": [58, 67]}
				]
			},
			{
				"name": "bone101",
				"parent": "bone100",
				"pivot": [-1, 6.85739, 1.98978],
				"rotation": [0, 0, 8.19901],
				"cubes": [
					{"origin": [-2, 9.35739, 4.80275], "size": [1, 8.5, 0], "uv": [69, 56]}
				]
			},
			{
				"name": "bone102",
				"parent": "bone100",
				"pivot": [1, 6.85739, 1.98978],
				"rotation": [0, 0, -8.19901],
				"cubes": [
					{"origin": [1, 9.35739, 4.80475], "size": [1, 8.5, 0], "uv": [69, 56]}
				]
			},
			{
				"name": "bone103",
				"parent": "bone82",
				"pivot": [0, 7, 0],
				"rotation": [0, -225, 0]
			},
			{
				"name": "bone104",
				"parent": "bone103",
				"pivot": [0, 7, 1.98978],
				"rotation": [20, 0, 0],
				"cubes": [
					{"origin": [-1, 9.35739, 4.80375], "size": [2, 8.5, 0], "uv": [69, 56]}
				]
			},
			{
				"name": "bone105",
				"parent": "bone104",
				"pivot": [-1, 6.85739, 1.98978],
				"rotation": [0, 0, 8.19901],
				"cubes": [
					{"origin": [-2, 9.35739, 4.80275], "size": [1, 8.5, 0], "uv": [69, 56]}
				]
			},
			{
				"name": "bone106",
				"parent": "bone104",
				"pivot": [1, 6.85739, 1.98978],
				"rotation": [0, 0, -8.19901],
				"cubes": [
					{"origin": [1, 9.35739, 4.80475], "size": [1, 8.5, 0], "uv": [69, 56]}
				]
			},
			{
				"name": "bone107",
				"parent": "bone82",
				"pivot": [0, 7, 0],
				"rotation": [0, -270, 0]
			},
			{
				"name": "bone108",
				"parent": "bone107",
				"pivot": [0, 7, 1.98978],
				"rotation": [20, 0, 0],
				"cubes": [
					{"origin": [-1, 9.35739, 4.80375], "size": [2, 8.5, 0], "uv": [69, 56]}
				]
			},
			{
				"name": "bone109",
				"parent": "bone108",
				"pivot": [-1, 6.85739, 1.98978],
				"rotation": [0, 0, 8.19901],
				"cubes": [
					{"origin": [-2, 9.35739, 4.80275], "size": [1, 8.5, 0], "uv": [69, 56]}
				]
			},
			{
				"name": "bone110",
				"parent": "bone108",
				"pivot": [1, 6.85739, 1.98978],
				"rotation": [0, 0, -8.19901],
				"cubes": [
					{"origin": [1, 9.35739, 4.80475], "size": [1, 8.5, 0], "uv": [69, 56]}
				]
			},
			{
				"name": "bone111",
				"parent": "bone82",
				"pivot": [0, 7, 0],
				"rotation": [0, -315, 0]
			},
			{
				"name": "bone112",
				"parent": "bone111",
				"pivot": [0, 7, 1.98978],
				"rotation": [20, 0, 0],
				"cubes": [
					{"origin": [-1, 9.35739, 4.80375], "size": [2, 8.5, 0], "uv": [69, 56]}
				]
			},
			{
				"name": "bone113",
				"parent": "bone112",
				"pivot": [-1, 6.85739, 1.98978],
				"rotation": [0, 0, 8.19901],
				"cubes": [
					{"origin": [-2, 9.35739, 4.80275], "size": [1, 8.5, 0], "uv": [69, 56]}
				]
			},
			{
				"name": "bone114",
				"parent": "bone112",
				"pivot": [1, 6.85739, 1.98978],
				"rotation": [0, 0, -8.19901],
				"cubes": [
					{"origin": [1, 9.35739, 4.80475], "size": [1, 8.5, 0], "uv": [69, 56]}
				]
			},
			{
				"name": "bone115",
				"parent": "1sittingRotationSkirt",
				"pivot": [0, 6.75, 0]
			},
			{
				"name": "bone116",
				"parent": "bone115",
				"pivot": [0, -3.5, 0]
			},
			{
				"name": "bone117",
				"parent": "bone116",
				"pivot": [0, -3.5, 5.27792],
				"rotation": [15, 0, 0]
			},
			{
				"name": "bone118",
				"parent": "bone117",
				"pivot": [0, -3.5, 5.27792],
				"rotation": [0, -45, 0],
				"cubes": [
					{"origin": [-1, 0.5, 4.27792], "size": [2, 9, 2], "uv": [19, 77]}
				]
			},
			{
				"name": "bone119",
				"parent": "bone115",
				"pivot": [0, -3.5, 0],
				"rotation": [0, -30, 0]
			},
			{
				"name": "bone120",
				"parent": "bone119",
				"pivot": [0, -3.5, 5.27792],
				"rotation": [15, 0, 0]
			},
			{
				"name": "bone121",
				"parent": "bone120",
				"pivot": [0, -3.5, 5.27792],
				"rotation": [0, -45, 0],
				"cubes": [
					{"origin": [-1, 0.5, 4.27792], "size": [2, 9, 2], "uv": [19, 77]}
				]
			},
			{
				"name": "bone122",
				"parent": "bone115",
				"pivot": [0, -3.5, 0],
				"rotation": [0, -60, 0]
			},
			{
				"name": "bone123",
				"parent": "bone122",
				"pivot": [0, -3.5, 5.27792],
				"rotation": [15, 0, 0]
			},
			{
				"name": "bone124",
				"parent": "bone123",
				"pivot": [0, -3.5, 5.27792],
				"rotation": [0, -45, 0],
				"cubes": [
					{"origin": [-1, 0.5, 4.27792], "size": [2, 9, 2], "uv": [19, 77]}
				]
			},
			{
				"name": "bone125",
				"parent": "bone115",
				"pivot": [0, -3.5, 0],
				"rotation": [0, -90, 0]
			},
			{
				"name": "bone126",
				"parent": "bone125",
				"pivot": [0, -3.5, 5.27792],
				"rotation": [15, 0, 0]
			},
			{
				"name": "bone127",
				"parent": "bone126",
				"pivot": [0, -3.5, 5.27792],
				"rotation": [0, -45, 0],
				"cubes": [
					{"origin": [-1, 0.5, 4.27792], "size": [2, 9, 2], "uv": [19, 77]}
				]
			},
			{
				"name": "bone128",
				"parent": "bone115",
				"pivot": [0, -3.5, 0],
				"rotation": [0, -120, 0]
			},
			{
				"name": "bone129",
				"parent": "bone128",
				"pivot": [0, -3.5, 5.27792],
				"rotation": [15, 0, 0]
			},
			{
				"name": "bone130",
				"parent": "bone129",
				"pivot": [0, -3.5, 5.27792],
				"rotation": [0, -45, 0],
				"cubes": [
					{"origin": [-1, 0.5, 4.27792], "size": [2, 9, 2], "uv": [19, 77]}
				]
			},
			{
				"name": "bone131",
				"parent": "bone115",
				"pivot": [0, -3.5, 0],
				"rotation": [0, -150, 0]
			},
			{
				"name": "bone132",
				"parent": "bone131",
				"pivot": [0, -3.5, 5.27792],
				"rotation": [15, 0, 0]
			},
			{
				"name": "bone133",
				"parent": "bone132",
				"pivot": [0, -3.5, 5.27792],
				"rotation": [0, -45, 0],
				"cubes": [
					{"origin": [-1, 0.5, 4.27792], "size": [2, 9, 2], "uv": [19, 77]}
				]
			},
			{
				"name": "bone134",
				"parent": "bone115",
				"pivot": [0, -3.5, 0],
				"rotation": [0, -180, 0]
			},
			{
				"name": "bone135",
				"parent": "bone134",
				"pivot": [0, -3.5, 5.27792],
				"rotation": [15, 0, 0]
			},
			{
				"name": "bone136",
				"parent": "bone135",
				"pivot": [0, -3.5, 5.27792],
				"rotation": [0, -45, 0],
				"cubes": [
					{"origin": [-1, 0.5, 4.27792], "size": [2, 9, 2], "uv": [19, 77]}
				]
			},
			{
				"name": "bone137",
				"parent": "bone115",
				"pivot": [0, -3.5, 0],
				"rotation": [0, -210, 0]
			},
			{
				"name": "bone138",
				"parent": "bone137",
				"pivot": [0, -3.5, 5.27792],
				"rotation": [15, 0, 0]
			},
			{
				"name": "bone139",
				"parent": "bone138",
				"pivot": [0, -3.5, 5.27792],
				"rotation": [0, -45, 0],
				"cubes": [
					{"origin": [-1, 0.5, 4.27792], "size": [2, 9, 2], "uv": [19, 77]}
				]
			},
			{
				"name": "bone140",
				"parent": "bone115",
				"pivot": [0, -3.5, 0],
				"rotation": [0, -240, 0]
			},
			{
				"name": "bone141",
				"parent": "bone140",
				"pivot": [0, -3.5, 5.27792],
				"rotation": [15, 0, 0]
			},
			{
				"name": "bone142",
				"parent": "bone141",
				"pivot": [0, -3.5, 5.27792],
				"rotation": [0, -45, 0],
				"cubes": [
					{"origin": [-1, 0.5, 4.27792], "size": [2, 9, 2], "uv": [19, 77]}
				]
			},
			{
				"name": "bone143",
				"parent": "bone115",
				"pivot": [0, -3.5, 0],
				"rotation": [0, -270, 0]
			},
			{
				"name": "bone144",
				"parent": "bone143",
				"pivot": [0, -3.5, 5.27792],
				"rotation": [15, 0, 0]
			},
			{
				"name": "bone145",
				"parent": "bone144",
				"pivot": [0, -3.5, 5.27792],
				"rotation": [0, -45, 0],
				"cubes": [
					{"origin": [-1, 0.5, 4.27792], "size": [2, 9, 2], "uv": [19, 77]}
				]
			},
			{
				"name": "bone146",
				"parent": "bone115",
				"pivot": [0, -3.5, 0],
				"rotation": [0, -300, 0]
			},
			{
				"name": "bone147",
				"parent": "bone146",
				"pivot": [0, -3.5, 5.27792],
				"rotation": [15, 0, 0]
			},
			{
				"name": "bone148",
				"parent": "bone147",
				"pivot": [0, -3.5, 5.27792],
				"rotation": [0, -45, 0],
				"cubes": [
					{"origin": [-1, 0.5, 4.27792], "size": [2, 9, 2], "uv": [19, 77]}
				]
			},
			{
				"name": "bone149",
				"parent": "bone115",
				"pivot": [0, -3.5, 0],
				"rotation": [0, -330, 0]
			},
			{
				"name": "bone150",
				"parent": "bone149",
				"pivot": [0, -3.5, 5.27792],
				"rotation": [15, 0, 0]
			},
			{
				"name": "bone151",
				"parent": "bone150",
				"pivot": [0, -3.5, 5.27792],
				"rotation": [0, -45, 0],
				"cubes": [
					{"origin": [-1, 0.5, 4.27792], "size": [2, 9, 2], "uv": [19, 77]}
				]
			},
			{
				"name": "bow",
				"parent": "body",
				"pivot": [0, 16.5, -3],
				"cubes": [
					{"origin": [-0.4, 16.5, -2.6], "size": [0.75, 0.75, 0.1], "uv": [97, 47]}
				]
			},
			{
				"name": "bone39",
				"parent": "bow",
				"pivot": [0, 16.5, -3],
				"rotation": [0, 0, 10],
				"cubes": [
					{"origin": [-0.4383, 14.38693, -2.9], "size": [0.25, 2.75, 0.15], "uv": [28, 47]}
				]
			},
			{
				"name": "bone40",
				"parent": "bone39",
				"pivot": [-0.975, 16.8, -2.875],
				"rotation": [0, 0, 50],
				"cubes": [
					{"origin": [-1.1, 16.35, -3], "size": [0.25, 1.45, 0.15], "uv": [28, 47]}
				]
			},
			{
				"name": "bone41",
				"parent": "bone40",
				"pivot": [-0.975, 16.8, -2.875],
				"rotation": [0, 0, 75],
				"cubes": [
					{"origin": [-0.70968, 16.64133, -3], "size": [0.25, 0.65, 0.15], "uv": [28, 47]}
				]
			},
			{
				"name": "bone42",
				"parent": "bone41",
				"pivot": [-1.175, 17.5, -2.875],
				"rotation": [0, 0, 75],
				"cubes": [
					{"origin": [-1.0383, 16.78693, -3], "size": [0.25, 1.35, 0.15], "uv": [28, 47]}
				]
			},
			{
				"name": "bone43",
				"parent": "bow",
				"pivot": [0.21105, 16.09837, -2.825],
				"rotation": [180, 0, 170],
				"cubes": [
					{"origin": [0.08605, 14.44837, -2.9], "size": [0.25, 2.75, 0.15], "uv": [28, 47]}
				]
			},
			{
				"name": "bone44",
				"parent": "bone43",
				"pivot": [-0.45065, 16.86144, -2.675],
				"rotation": [0, 0, 50],
				"cubes": [
					{"origin": [-0.57565, 16.41144, -2.8], "size": [0.25, 1.45, 0.15], "uv": [28, 47]}
				]
			},
			{
				"name": "bone45",
				"parent": "bone44",
				"pivot": [-0.45065, 16.86144, -2.675],
				"rotation": [0, 0, 75],
				"cubes": [
					{"origin": [-0.18534, 16.70277, -2.8], "size": [0.25, 0.65, 0.15], "uv": [28, 47]}
				]
			},
			{
				"name": "bone47",
				"parent": "bone45",
				"pivot": [-0.65065, 17.56144, -2.675],
				"rotation": [0, 0, 75],
				"cubes": [
					{"origin": [-0.51395, 16.84837, -2.8], "size": [0.25, 1.35, 0.15], "uv": [28, 47]}
				]
			},
			{
				"name": "legLeft",
				"pivot": [1.5, 8.5, 0],
				"cubes": [
					{"origin": [0.249, 0.25, -1.5], "size": [2.5, 9.25, 2.5], "uv": [0, 59]},
					{"origin": [0.149, 0, -1.6], "size": [2.8, 2.5, 2.7], "uv": [30, 83]}
				]
			},
			{
				"name": "bone60",
				"parent": "legLeft",
				"pivot": [1.5, 1.5, -2]
			},
			{
				"name": "legRight",
				"pivot": [-1.5, 8.5, 0],
				"cubes": [
					{"origin": [-2.749, 0.25, -1.5], "size": [2.5, 9.25, 2.5], "uv": [0, 59]},
					{"origin": [-2.851, 0, -1.6], "size": [2.8, 2.5, 2.7], "uv": [30, 83]}
				]
			}
		]
	}
}