{
	"format_version": "1.10.0",
	"geometry.model": {
		"texturewidth": 64,
		"textureheight": 64,
		"visible_bounds_width": 3,
		"visible_bounds_height": 4,
		"visible_bounds_offset": [0, 1, 0],
		"bones": [
			{
				"name": "head",
				"pivot": [0, 15, 0],
				"cubes": [
					{"origin": [-3, 15, -2], "size": [6, 6, 4], "uv": [0, 15]},
					{"origin": [-3.25, 14.75, -2.25], "size": [6.5, 6.5, 4.5], "uv": [11, 43]},
					{"origin": [-2, 16, -4], "size": [4, 1, 2], "uv": [0, 36]},
					{"origin": [-1.25, 20.25, -1.75], "size": [2.5, 1, 1], "uv": [1, 54]}
				]
			},
			{
				"name": "blink",
				"parent": "head",
				"pivot": [0, 18, 0],
				"cubes": [
					{"origin": [-3, 15, -2.101], "size": [6, 6, 0], "uv": [0, 43]}
				]
			},
			{
				"name": "bone",
				"parent": "head",
				"pivot": [0, 18, 0],
				"cubes": [
					{"origin": [-3, 17.25, -2.5], "size": [2.5, 2, 0.25], "uv": [57, 29]},
					{"origin": [0.5, 17.25, -2.5], "size": [2.5, 2, 0.25], "uv": [57, 29]},
					{"origin": [3, 19, -2.5], "size": [0.25, 0.25, 3], "uv": [46, 20]},
					{"origin": [-3.25, 19, -2.5], "size": [0.25, 0.25, 3], "uv": [46, 20]},
					{"origin": [-0.5, 18.65, -2.5], "size": [1, 0.6, 0.25], "uv": [46, 20]}
				]
			},
			{
				"name": "bone2",
				"parent": "head",
				"pivot": [2, 15.5, 6],
				"rotation": [34.3569, 7.13136, -10.29284],
				"cubes": [
					{"origin": [0.39541, 24.40053, 3.85285], "size": [1, 3, 0], "uv": [2, 56]}
				]
			},
			{
				"name": "bone3",
				"parent": "bone2",
				"pivot": [1.25, 30, 4.5],
				"rotation": [19.37006, 5.07855, -14.13272],
				"cubes": [
					{"origin": [-0.18457, 27.81636, 3.00275], "size": [1, 2, 0], "uv": [2, 56]}
				]
			},
			{
				"name": "bone4",
				"parent": "bone3",
				"pivot": [1.25, 31.88896, 4.62777],
				"rotation": [52.60545, 3.04137, -8.5295],
				"cubes": [
					{"origin": [-0.47669, 32.00283, 2.04255], "size": [1, 4, 0], "uv": [2, 56]}
				]
			},
			{
				"name": "bone5",
				"parent": "bone4",
				"pivot": [1.25, 31.88896, 4.62777],
				"rotation": [0, 0, 22.5],
				"cubes": [
					{"origin": [-0.46496, 31.71607, 2.04255], "size": [1, 4, 0], "uv": [2, 56]}
				]
			},
			{
				"name": "bone6",
				"parent": "head",
				"pivot": [-1, 13.75, -1],
				"rotation": [29.78729, -3.74196, 6.50446],
				"cubes": [
					{"origin": [-0.27392, 20.03277, 3], "size": [1, 3, 0], "uv": [2, 56]}
				]
			},
			{
				"name": "bone7",
				"parent": "bone6",
				"pivot": [0, 25.75, 4],
				"rotation": [42.5, 0, 0],
				"cubes": [
					{"origin": [-0.27392, 24.42224, 1.42599], "size": [1, 2.25, 0], "uv": [2, 56]}
				]
			},
			{
				"name": "bone8",
				"parent": "bone7",
				"pivot": [0, 27.75, 4],
				"rotation": [45.11799, 3.71181, -9.57162],
				"cubes": [
					{"origin": [-0.3719, 28.68978, 1.33554], "size": [1, 3.25, 0], "uv": [2, 56]}
				]
			},
			{
				"name": "bone9",
				"parent": "bone8",
				"pivot": [0.82872, 28.16996, 3.49418],
				"rotation": [0, 0, 32.5],
				"cubes": [
					{"origin": [-0.61974, 28.50046, 1.33653], "size": [1, 3.25, 0], "uv": [2, 56]}
				]
			},
			{
				"name": "armRight",
				"pivot": [-3.25, 14.25, 0],
				"rotation": [0, 0, 25],
				"cubes": [
					{"origin": [-6.21947, 6.36762, 0], "size": [3, 8, 0], "uv": [8, 25]}
				]
			},
			{
				"name": "armLeft",
				"pivot": [3.25, 14.25, 0],
				"rotation": [0, 0, -25],
				"cubes": [
					{"origin": [3.21947, 6.36762, 0], "size": [3, 8, 0], "uv": [0, 25]}
				]
			},
			{
				"name": "body",
				"pivot": [0, 10.5, 0],
				"cubes": [
					{"origin": [-3, 5.999, -3], "size": [6, 9, 6], "uv": [0, 0]},
					{"origin": [-3.25, 5.749, -3.25], "size": [6.5, 9.5, 6.5], "uv": [16, 27]}
				]
			},
			{
				"name": "sittingRotationSkirt",
				"parent": "body",
				"pivot": [0, 10.5, 0]
			},
			{
				"name": "legLeft",
				"pivot": [1.75, 6, 0],
				"cubes": [
					{"origin": [1.249, 0, -0.5], "size": [1, 6, 1], "uv": [24, 0]},
					{"origin": [0.249, 0, -2.5], "size": [3, 0, 3], "uv": [39, 1]}
				]
			},
			{
				"name": "legRight",
				"pivot": [-1.75, 6, 0],
				"cubes": [
					{"origin": [-2.249, 0, -0.5], "size": [1, 6, 1], "uv": [20, 15]},
					{"origin": [-3.251, 0, -2.5], "size": [3, 0, 3], "uv": [39, 1]}
				]
			},
			{
				"name": "tail",
				"pivot": [0, 8, 4],
				"rotation": [20, 0, 0]
			},
			{
				"name": "backpackPositioningBone",
				"pivot": [0, 14, 0]
			}
		]
	}
}