{
	"format_version": "1.10.0",
	"geometry.model": {
		"texturewidth": 128,
		"textureheight": 128,
		"visible_bounds_width": 5,
		"visible_bounds_height": 4,
		"visible_bounds_offset": [0, 1, 0],
		"bones": [
			{
				"name": "head",
				"pivot": [0, 18, 0],
				"cubes": [
					{"origin": [-4, 18, -4], "size": [8, 8, 8], "uv": [50, 45]},
					{"origin": [-4, 18, -4], "size": [8, 8, 8], "uv": [50, 17], "inflate": 0.1}
				]
			},
			{
				"name": "blink",
				"parent": "head",
				"pivot": [0, 18, 0],
				"cubes": [
					{"origin": [-4, 18, -4.001], "size": [8, 8, 0], "uv": [77, 33]}
				]
			},
			{
				"name": "hat",
				"parent": "head",
				"pivot": [0, 18, 0],
				"cubes": [
					{"origin": [-4.5, 24.001, -4.5], "size": [9, 3, 9], "uv": [50, 33]},
					{"origin": [-5.5, 23.999, -5.5], "size": [11, 0, 11], "uv": [0, 0]},
					{"origin": [-2.5, 24, -5.5], "size": [2, 1, 1], "uv": [58, 14]},
					{"origin": [3.5, 24, -5.5], "size": [2, 1, 2], "uv": [16, 79]},
					{"origin": [4.5, 24, 0.5], "size": [1, 1, 2], "uv": [86, 19]},
					{"origin": [4.5, 24, -2.5], "size": [1, 1, 2], "uv": [24, 85]},
					{"origin": [0.5, 24, 4.5], "size": [2, 1, 1], "uv": [58, 11]},
					{"origin": [3.5, 24, 3.5], "size": [2, 1, 2], "uv": [64, 77]},
					{"origin": [-2.5, 24, 4.5], "size": [2, 1, 1], "uv": [52, 14]},
					{"origin": [-5.5, 24, 0.5], "size": [1, 1, 2], "uv": [85, 0]},
					{"origin": [-5.5, 24, -2.5], "size": [1, 1, 2], "uv": [35, 77]},
					{"origin": [-5.5, 24, -5.5], "size": [2, 1, 2], "uv": [74, 15]},
					{"origin": [-5.5, 24, 3.5], "size": [2, 1, 2], "uv": [67, 14]},
					{"origin": [0.5, 24, -5.5], "size": [2, 1, 1], "uv": [52, 11]}
				]
			},
			{
				"name": "decoration",
				"parent": "hat",
				"pivot": [0, 18, 0],
				"rotation": [0, 0, -135]
			},
			{
				"name": "band2",
				"parent": "decoration",
				"pivot": [0, 18, 0],
				"rotation": [0, -45, 0],
				"cubes": [
					{"origin": [5.75, 14.64645, -9.75], "size": [1, 3, 3], "uv": [50, 33]}
				]
			},
			{
				"name": "band",
				"parent": "decoration",
				"pivot": [0, 18, 0],
				"rotation": [0, -45, 0],
				"cubes": [
					{"origin": [5.75, 14.64645, -6.75], "size": [4, 3, 1], "uv": [94, 47]}
				]
			},
			{
				"name": "armRight",
				"pivot": [-3, 17.5, 0],
				"rotation": [0, 0, 25],
				"cubes": [
					{"origin": [-5, 8.5, -1], "size": [2, 8, 2], "uv": [32, 94]},
					{"origin": [-5.5, 13.5, -1.5], "size": [3, 4, 3], "uv": [26, 77]}
				]
			},
			{
				"name": "armLeft",
				"pivot": [3, 17.5, 0],
				"rotation": [0, 0, -25],
				"cubes": [
					{"origin": [2.5, 13.5, -1.5], "size": [3, 4, 3], "uv": [41, 17]},
					{"origin": [3, 8.5, -1], "size": [2, 8, 2], "uv": [93, 79]},
					{"origin": [3, 9.5, -1], "size": [2, 1, 2], "uv": [67, 10], "inflate": 0.1},
					{"origin": [3, 11, -1], "size": [2, 1, 2], "uv": [50, 39], "inflate": 0.1},
					{"origin": [3, 10.5, -1], "size": [2, 1, 2], "uv": [18, 65], "inflate": 0.02}
				]
			},
			{
				"name": "bone87",
				"parent": "armLeft",
				"pivot": [3, 17.5, 0],
				"rotation": [0, -17.5, 0],
				"cubes": [
					{"origin": [4, 10.5, 0], "size": [0, 1, 4], "uv": [4, 15]}
				]
			},
			{
				"name": "bone116",
				"parent": "armLeft",
				"pivot": [3, 17.5, 0],
				"rotation": [0, 17.5, 0],
				"cubes": [
					{"origin": [4, 10.5, 1], "size": [0, 1, 6], "uv": [15, 5]}
				]
			},
			{
				"name": "body",
				"pivot": [0, 10.5, 0],
				"cubes": [
					{"origin": [-3, 8.999, -3], "size": [6, 9, 6], "uv": [44, 61]},
					{"origin": [-3, 9.999, -3], "size": [6, 8, 6], "uv": [0, 65], "inflate": 0.1},
					{"origin": [-3, 11.999, -3], "size": [6, 1, 6], "uv": [15, 16], "inflate": 0.12}
				]
			},
			{
				"name": "sittingRotationSkirt",
				"parent": "body",
				"pivot": [0, 10.5, 0]
			},
			{
				"name": "bone",
				"parent": "sittingRotationSkirt",
				"pivot": [0, 16.5, 0]
			},
			{
				"name": "bone2",
				"parent": "bone",
				"pivot": [0, 6, 0]
			},
			{
				"name": "bone3",
				"parent": "bone2",
				"pivot": [0, 6, 6.19607],
				"rotation": [32, 0, 0]
			},
			{
				"name": "bone4",
				"parent": "bone3",
				"pivot": [0, 6, 6.19607],
				"rotation": [0, -45, 0],
				"cubes": [
					{"origin": [-1, 6, 5.19607], "size": [2, 8, 2], "uv": [53, 93]}
				]
			},
			{
				"name": "bone5",
				"parent": "bone",
				"pivot": [0, 6, 0],
				"rotation": [0, -25.71429, 0]
			},
			{
				"name": "bone6",
				"parent": "bone5",
				"pivot": [0, 6, 6.19607],
				"rotation": [32, 0, 0]
			},
			{
				"name": "bone7",
				"parent": "bone6",
				"pivot": [0, 6, 6.19607],
				"rotation": [0, -45, 0],
				"cubes": [
					{"origin": [-1, 6, 5.19607], "size": [2, 8, 2], "uv": [93, 26]}
				]
			},
			{
				"name": "bone8",
				"parent": "bone",
				"pivot": [0, 6, 0],
				"rotation": [0, -51.42857, 0]
			},
			{
				"name": "bone9",
				"parent": "bone8",
				"pivot": [0, 6, 6.19607],
				"rotation": [32, 0, 0]
			},
			{
				"name": "bone10",
				"parent": "bone9",
				"pivot": [0, 6, 6.19607],
				"rotation": [0, -45, 0],
				"cubes": [
					{"origin": [-1, 6, 5.19607], "size": [2, 8, 2], "uv": [24, 92]}
				]
			},
			{
				"name": "bone11",
				"parent": "bone",
				"pivot": [0, 6, 0],
				"rotation": [0, -77.14286, 0]
			},
			{
				"name": "bone12",
				"parent": "bone11",
				"pivot": [0, 6, 6.19607],
				"rotation": [32, 0, 0]
			},
			{
				"name": "bone13",
				"parent": "bone12",
				"pivot": [0, 6, 6.19607],
				"rotation": [0, -45, 0],
				"cubes": [
					{"origin": [-1, 6, 5.19607], "size": [2, 8, 2], "uv": [92, 16]}
				]
			},
			{
				"name": "bone14",
				"parent": "bone",
				"pivot": [0, 6, 0],
				"rotation": [0, -102.85714, 0]
			},
			{
				"name": "bone15",
				"parent": "bone14",
				"pivot": [0, 6, 6.19607],
				"rotation": [32, 0, 0]
			},
			{
				"name": "bone16",
				"parent": "bone15",
				"pivot": [0, 6, 6.19607],
				"rotation": [0, -45, 0],
				"cubes": [
					{"origin": [-1, 6, 5.19607], "size": [2, 8, 2], "uv": [91, 0]}
				]
			},
			{
				"name": "bone17",
				"parent": "bone",
				"pivot": [0, 6, 0],
				"rotation": [0, -128.57143, 0]
			},
			{
				"name": "bone18",
				"parent": "bone17",
				"pivot": [0, 6, 6.19607],
				"rotation": [32, 0, 0]
			},
			{
				"name": "bone19",
				"parent": "bone18",
				"pivot": [0, 6, 6.19607],
				"rotation": [0, -45, 0],
				"cubes": [
					{"origin": [-1, 6, 5.19607], "size": [2, 8, 2], "uv": [87, 90]}
				]
			},
			{
				"name": "bone20",
				"parent": "bone",
				"pivot": [0, 6, 0],
				"rotation": [0, -154.28571, 0]
			},
			{
				"name": "bone21",
				"parent": "bone20",
				"pivot": [0, 6, 6.19607],
				"rotation": [32, 0, 0]
			},
			{
				"name": "bone22",
				"parent": "bone21",
				"pivot": [0, 6, 6.19607],
				"rotation": [0, -45, 0],
				"cubes": [
					{"origin": [-1, 6, 5.19607], "size": [2, 8, 2], "uv": [79, 90]}
				]
			},
			{
				"name": "bone23",
				"parent": "bone",
				"pivot": [0, 6, 0],
				"rotation": [0, -180, 0]
			},
			{
				"name": "bone24",
				"parent": "bone23",
				"pivot": [0, 6, 6.19607],
				"rotation": [32, 0, 0]
			},
			{
				"name": "bone25",
				"parent": "bone24",
				"pivot": [0, 6, 6.19607],
				"rotation": [0, -45, 0],
				"cubes": [
					{"origin": [-1, 6, 5.19607], "size": [2, 8, 2], "uv": [71, 90]}
				]
			},
			{
				"name": "bone26",
				"parent": "bone",
				"pivot": [0, 6, 0],
				"rotation": [0, -205.71429, 0]
			},
			{
				"name": "bone27",
				"parent": "bone26",
				"pivot": [0, 6, 6.19607],
				"rotation": [32, 0, 0]
			},
			{
				"name": "bone28",
				"parent": "bone27",
				"pivot": [0, 6, 6.19607],
				"rotation": [0, -45, 0],
				"cubes": [
					{"origin": [-1, 6, 5.19607], "size": [2, 8, 2], "uv": [8, 89]}
				]
			},
			{
				"name": "bone29",
				"parent": "bone",
				"pivot": [0, 6, 0],
				"rotation": [0, -231.42857, 0]
			},
			{
				"name": "bone30",
				"parent": "bone29",
				"pivot": [0, 6, 6.19607],
				"rotation": [32, 0, 0]
			},
			{
				"name": "bone31",
				"parent": "bone30",
				"pivot": [0, 6, 6.19607],
				"rotation": [0, -45, 0],
				"cubes": [
					{"origin": [-1, 6, 5.19607], "size": [2, 8, 2], "uv": [0, 89]}
				]
			},
			{
				"name": "bone32",
				"parent": "bone",
				"pivot": [0, 6, 0],
				"rotation": [0, -257.14286, 0]
			},
			{
				"name": "bone33",
				"parent": "bone32",
				"pivot": [0, 6, 6.19607],
				"rotation": [32, 0, 0]
			},
			{
				"name": "bone34",
				"parent": "bone33",
				"pivot": [0, 6, 6.19607],
				"rotation": [0, -45, 0],
				"cubes": [
					{"origin": [-1, 6, 5.19607], "size": [2, 8, 2], "uv": [88, 69]}
				]
			},
			{
				"name": "bone35",
				"parent": "bone",
				"pivot": [0, 6, 0],
				"rotation": [0, -282.85714, 0]
			},
			{
				"name": "bone36",
				"parent": "bone35",
				"pivot": [0, 6, 6.19607],
				"rotation": [32, 0, 0]
			},
			{
				"name": "bone37",
				"parent": "bone36",
				"pivot": [0, 6, 6.19607],
				"rotation": [0, -45, 0],
				"cubes": [
					{"origin": [-1, 6, 5.19607], "size": [2, 8, 2], "uv": [63, 88]}
				]
			},
			{
				"name": "bone38",
				"parent": "bone",
				"pivot": [0, 6, 0],
				"rotation": [0, -308.57143, 0]
			},
			{
				"name": "bone39",
				"parent": "bone38",
				"pivot": [0, 6, 6.19607],
				"rotation": [32, 0, 0]
			},
			{
				"name": "bone40",
				"parent": "bone39",
				"pivot": [0, 6, 6.19607],
				"rotation": [0, -45, 0],
				"cubes": [
					{"origin": [-1, 6, 5.19607], "size": [2, 8, 2], "uv": [88, 51]}
				]
			},
			{
				"name": "bone41",
				"parent": "bone",
				"pivot": [0, 6, 0],
				"rotation": [0, -334.28571, 0]
			},
			{
				"name": "bone42",
				"parent": "bone41",
				"pivot": [0, 6, 6.19607],
				"rotation": [32, 0, 0]
			},
			{
				"name": "bone43",
				"parent": "bone42",
				"pivot": [0, 6, 6.19607],
				"rotation": [0, -45, 0],
				"cubes": [
					{"origin": [-1, 6, 5.19607], "size": [2, 8, 2], "uv": [86, 41]}
				]
			},
			{
				"name": "bone44",
				"parent": "sittingRotationSkirt",
				"pivot": [0, 14.5, 0]
			},
			{
				"name": "bone45",
				"parent": "bone44",
				"pivot": [0, 4, 0]
			},
			{
				"name": "bone46",
				"parent": "bone45",
				"pivot": [0, 4, 6.19607],
				"rotation": [32, 0, 0]
			},
			{
				"name": "bone47",
				"parent": "bone46",
				"pivot": [0, 4, 6.19607],
				"rotation": [0, -45, 0],
				"cubes": [
					{"origin": [-1, 4, 5.19607], "size": [2, 8, 2], "uv": [85, 80]}
				]
			},
			{
				"name": "bone48",
				"parent": "bone44",
				"pivot": [0, 4, 0],
				"rotation": [0, -25.71429, 0]
			},
			{
				"name": "bone49",
				"parent": "bone48",
				"pivot": [0, 4, 6.19607],
				"rotation": [32, 0, 0]
			},
			{
				"name": "bone50",
				"parent": "bone49",
				"pivot": [0, 4, 6.19607],
				"rotation": [0, -45, 0],
				"cubes": [
					{"origin": [-1, 4, 5.19607], "size": [2, 8, 2], "uv": [16, 85]}
				]
			},
			{
				"name": "bone51",
				"parent": "bone44",
				"pivot": [0, 4, 0],
				"rotation": [0, -51.42857, 0]
			},
			{
				"name": "bone52",
				"parent": "bone51",
				"pivot": [0, 4, 6.19607],
				"rotation": [32, 0, 0]
			},
			{
				"name": "bone53",
				"parent": "bone52",
				"pivot": [0, 4, 6.19607],
				"rotation": [0, -45, 0],
				"cubes": [
					{"origin": [-1, 4, 5.19607], "size": [2, 8, 2], "uv": [85, 8]}
				]
			},
			{
				"name": "bone54",
				"parent": "bone44",
				"pivot": [0, 4, 0],
				"rotation": [0, -77.14286, 0]
			},
			{
				"name": "bone55",
				"parent": "bone54",
				"pivot": [0, 4, 6.19607],
				"rotation": [32, 0, 0]
			},
			{
				"name": "bone56",
				"parent": "bone55",
				"pivot": [0, 4, 6.19607],
				"rotation": [0, -45, 0],
				"cubes": [
					{"origin": [-1, 4, 5.19607], "size": [2, 8, 2], "uv": [47, 84]}
				]
			},
			{
				"name": "bone57",
				"parent": "bone44",
				"pivot": [0, 4, 0],
				"rotation": [0, -102.85714, 0]
			},
			{
				"name": "bone58",
				"parent": "bone57",
				"pivot": [0, 4, 6.19607],
				"rotation": [32, 0, 0]
			},
			{
				"name": "bone59",
				"parent": "bone58",
				"pivot": [0, 4, 6.19607],
				"rotation": [0, -45, 0],
				"cubes": [
					{"origin": [-1, 4, 5.19607], "size": [2, 8, 2], "uv": [39, 84]}
				]
			},
			{
				"name": "bone60",
				"parent": "bone44",
				"pivot": [0, 4, 0],
				"rotation": [0, -128.57143, 0]
			},
			{
				"name": "bone61",
				"parent": "bone60",
				"pivot": [0, 4, 6.19607],
				"rotation": [32, 0, 0]
			},
			{
				"name": "bone62",
				"parent": "bone61",
				"pivot": [0, 4, 6.19607],
				"rotation": [0, -45, 0],
				"cubes": [
					{"origin": [-1, 4, 5.19607], "size": [2, 8, 2], "uv": [31, 84]}
				]
			},
			{
				"name": "bone63",
				"parent": "bone44",
				"pivot": [0, 4, 0],
				"rotation": [0, -154.28571, 0]
			},
			{
				"name": "bone64",
				"parent": "bone63",
				"pivot": [0, 4, 6.19607],
				"rotation": [32, 0, 0]
			},
			{
				"name": "bone65",
				"parent": "bone64",
				"pivot": [0, 4, 6.19607],
				"rotation": [0, -45, 0],
				"cubes": [
					{"origin": [-1, 4, 5.19607], "size": [2, 8, 2], "uv": [84, 23]}
				]
			},
			{
				"name": "bone66",
				"parent": "bone44",
				"pivot": [0, 4, 0],
				"rotation": [0, -180, 0]
			},
			{
				"name": "bone67",
				"parent": "bone66",
				"pivot": [0, 4, 6.19607],
				"rotation": [32, 0, 0]
			},
			{
				"name": "bone68",
				"parent": "bone67",
				"pivot": [0, 4, 6.19607],
				"rotation": [0, -45, 0],
				"cubes": [
					{"origin": [-1, 4, 5.19607], "size": [2, 8, 2], "uv": [55, 83]}
				]
			},
			{
				"name": "bone69",
				"parent": "bone44",
				"pivot": [0, 4, 0],
				"rotation": [0, -205.71429, 0]
			},
			{
				"name": "bone70",
				"parent": "bone69",
				"pivot": [0, 4, 6.19607],
				"rotation": [32, 0, 0]
			},
			{
				"name": "bone71",
				"parent": "bone70",
				"pivot": [0, 4, 6.19607],
				"rotation": [0, -45, 0],
				"cubes": [
					{"origin": [-1, 4, 5.19607], "size": [2, 8, 2], "uv": [81, 59]}
				]
			},
			{
				"name": "bone72",
				"parent": "bone44",
				"pivot": [0, 4, 0],
				"rotation": [0, -231.42857, 0]
			},
			{
				"name": "bone73",
				"parent": "bone72",
				"pivot": [0, 4, 6.19607],
				"rotation": [32, 0, 0]
			},
			{
				"name": "bone74",
				"parent": "bone73",
				"pivot": [0, 4, 6.19607],
				"rotation": [0, -45, 0],
				"cubes": [
					{"origin": [-1, 4, 5.19607], "size": [2, 8, 2], "uv": [77, 80]}
				]
			},
			{
				"name": "bone75",
				"parent": "bone44",
				"pivot": [0, 4, 0],
				"rotation": [0, -257.14286, 0]
			},
			{
				"name": "bone76",
				"parent": "bone75",
				"pivot": [0, 4, 6.19607],
				"rotation": [32, 0, 0]
			},
			{
				"name": "bone77",
				"parent": "bone76",
				"pivot": [0, 4, 6.19607],
				"rotation": [0, -45, 0],
				"cubes": [
					{"origin": [-1, 4, 5.19607], "size": [2, 8, 2], "uv": [69, 80]}
				]
			},
			{
				"name": "bone78",
				"parent": "bone44",
				"pivot": [0, 4, 0],
				"rotation": [0, -282.85714, 0]
			},
			{
				"name": "bone79",
				"parent": "bone78",
				"pivot": [0, 4, 6.19607],
				"rotation": [32, 0, 0]
			},
			{
				"name": "bone80",
				"parent": "bone79",
				"pivot": [0, 4, 6.19607],
				"rotation": [0, -45, 0],
				"cubes": [
					{"origin": [-1, 4, 5.19607], "size": [2, 8, 2], "uv": [8, 79]}
				]
			},
			{
				"name": "bone81",
				"parent": "bone44",
				"pivot": [0, 4, 0],
				"rotation": [0, -308.57143, 0]
			},
			{
				"name": "bone82",
				"parent": "bone81",
				"pivot": [0, 4, 6.19607],
				"rotation": [32, 0, 0]
			},
			{
				"name": "bone83",
				"parent": "bone82",
				"pivot": [0, 4, 6.19607],
				"rotation": [0, -45, 0],
				"cubes": [
					{"origin": [-1, 4, 5.19607], "size": [2, 8, 2], "uv": [0, 79]}
				]
			},
			{
				"name": "bone84",
				"parent": "bone44",
				"pivot": [0, 4, 0],
				"rotation": [0, -334.28571, 0]
			},
			{
				"name": "bone85",
				"parent": "bone84",
				"pivot": [0, 4, 6.19607],
				"rotation": [32, 0, 0]
			},
			{
				"name": "bone86",
				"parent": "bone85",
				"pivot": [0, 4, 6.19607],
				"rotation": [0, -45, 0],
				"cubes": [
					{"origin": [-1, 4, 5.19607], "size": [2, 8, 2], "uv": [4, 9]}
				]
			},
			{
				"name": "wd",
				"parent": "body",
				"pivot": [0, 10.5, 2],
				"rotation": [20, 0, 0],
				"cubes": [
					{"origin": [-3, 13.5, 6], "size": [6, 4, 0], "uv": [62, 61]}
				]
			},
			{
				"name": "hu",
				"parent": "body",
				"pivot": [0, 10.5, 0],
				"cubes": [
					{"origin": [-1, 11.5, 3], "size": [2, 2, 1], "uv": [59, 0]}
				]
			},
			{
				"name": "bone117",
				"parent": "hu",
				"pivot": [0, 10.5, 0],
				"rotation": [0, -10, -15],
				"cubes": [
					{"origin": [2, 11.5, 3], "size": [3, 2, 1], "uv": [50, 17]}
				]
			},
			{
				"name": "bone118",
				"parent": "hu",
				"pivot": [0, 10.5, 0],
				"rotation": [0, 10, 15],
				"cubes": [
					{"origin": [-5, 11.5, 3], "size": [3, 2, 1], "uv": [15, 12]}
				]
			},
			{
				"name": "bone119",
				"parent": "hu",
				"pivot": [-2, 9.5, 1],
				"rotation": [25, 0, 37.5],
				"cubes": [
					{"origin": [-2.8, 1.5, 4], "size": [1.8, 10, 1], "uv": [94, 36]}
				]
			},
			{
				"name": "bone120",
				"parent": "hu",
				"pivot": [2, 9.5, 1],
				"rotation": [25, 0, -37.5],
				"cubes": [
					{"origin": [1, 1.5, 4], "size": [1.8, 10, 1], "uv": [37, 65]}
				]
			},
			{
				"name": "hu2",
				"parent": "body",
				"pivot": [0, 10.5, 0],
				"cubes": [
					{"origin": [-0.5, 15, -3.5], "size": [1, 3, 1], "uv": [57, 77]},
					{"origin": [-0.5, 16, -4], "size": [1, 1, 1], "uv": [55, 33]}
				]
			},
			{
				"name": "bone121",
				"parent": "hu2",
				"pivot": [0, 10.5, 0],
				"rotation": [0, 0, 30],
				"cubes": [
					{"origin": [-3.68301, 14.14711, -3.5], "size": [1, 2, 1], "uv": [29, 11]}
				]
			},
			{
				"name": "bone122",
				"parent": "hu2",
				"pivot": [0, 10.5, 0],
				"rotation": [0, 0, -30],
				"cubes": [
					{"origin": [2.68301, 14.14711, -3.5], "size": [1, 2, 1], "uv": [9, 20]}
				]
			},
			{
				"name": "chestPlate",
				"parent": "body",
				"pivot": [-3, 20.5, -2],
				"cubes": [
					{"origin": [-15.5, 28.5, -5.5], "size": [1, 1, 1], "uv": [46, 11]},
					{"origin": [-11.5, 28.5, -5.5], "size": [1, 1, 1], "uv": [46, 4]}
				]
			},
			{
				"name": "sinFloat",
				"parent": "chestPlate",
				"pivot": [-3, 20.5, -2]
			},
			{
				"name": "bone123",
				"parent": "sinFloat",
				"pivot": [-3, 20.5, -2],
				"cubes": [
					{"origin": [-13.5, 11.5, -5.5], "size": [1, 23, 1], "uv": [0, 0], "inflate": -0.2},
					{"origin": [-13.5, 17.5, -5.5], "size": [1, 1, 1], "uv": [23, 12], "inflate": -0.1}
				]
			},
			{
				"name": "bone124",
				"parent": "sinFloat",
				"pivot": [-3, 20.5, -2],
				"cubes": [
					{"origin": [-15.5, 23.5, -5.5], "size": [5, 5, 1], "uv": [74, 19]}
				]
			},
			{
				"name": "bone125",
				"parent": "chestPlate",
				"pivot": [-13, 32.5, -5],
				"rotation": [0, 0, 15],
				"cubes": [
					{"origin": [-14.5, 28.5, -5.5], "size": [1, 6, 1], "uv": [71, 0]}
				]
			},
			{
				"name": "bone126",
				"parent": "chestPlate",
				"pivot": [-12, 32.5, -5],
				"rotation": [0, 0, -15],
				"cubes": [
					{"origin": [-12.5, 28.5, -5.5], "size": [1, 6, 1], "uv": [15, 15]}
				]
			},
			{
				"name": "bone127",
				"parent": "chestPlate",
				"pivot": [-13, 33.5, -5]
			},
			{
				"name": "bone128",
				"parent": "bone127",
				"pivot": [-13, 19, -5]
			},
			{
				"name": "bone129",
				"parent": "bone128",
				"pivot": [-13, 19, -6.71825],
				"rotation": [-12.70899, 0, 0]
			},
			{
				"name": "bone130",
				"parent": "bone129",
				"pivot": [-13, 18.874, -6.71825],
				"rotation": [0, 0, -7.23876],
				"cubes": [
					{"origin": [-13, 18.874, -6.71825], "size": [1, 4, 1], "uv": [83, 71]}
				]
			},
			{
				"name": "bone131",
				"parent": "bone129",
				"pivot": [-13, 18.874, -6.71825],
				"rotation": [0, 0, 7.23876],
				"cubes": [
					{"origin": [-14, 18.874, -6.71825], "size": [1, 4, 1], "uv": [63, 83]}
				]
			},
			{
				"name": "bone132",
				"parent": "bone127",
				"pivot": [-13, 19, -5],
				"rotation": [0, -60, 0]
			},
			{
				"name": "bone133",
				"parent": "bone132",
				"pivot": [-13, 19, -6.71825],
				"rotation": [-12.70899, 0, 0]
			},
			{
				"name": "bone134",
				"parent": "bone133",
				"pivot": [-13, 18.874, -6.71825],
				"rotation": [0, 0, -7.23876],
				"cubes": [
					{"origin": [-13, 18.874, -6.71825], "size": [1, 4, 1], "uv": [82, 53]}
				]
			},
			{
				"name": "bone135",
				"parent": "bone133",
				"pivot": [-13, 18.874, -6.71825],
				"rotation": [0, 0, 7.23876],
				"cubes": [
					{"origin": [-14, 18.874, -6.71825], "size": [1, 4, 1], "uv": [50, 76]},
					{"origin": [-14.31379, 24.61837, -7.03203], "size": [1, 1, 1], "uv": [28, 23], "inflate": -0.31379}
				]
			},
			{
				"name": "bone136",
				"parent": "bone127",
				"pivot": [-13, 19, -5],
				"rotation": [0, -120, 0]
			},
			{
				"name": "bone137",
				"parent": "bone136",
				"pivot": [-13, 19, -6.71825],
				"rotation": [-12.70899, 0, 0]
			},
			{
				"name": "bone138",
				"parent": "bone137",
				"pivot": [-13, 18.874, -6.71825],
				"rotation": [0, 0, -7.23876],
				"cubes": [
					{"origin": [-13, 18.874, -6.71825], "size": [1, 4, 1], "uv": [75, 61]}
				]
			},
			{
				"name": "bone139",
				"parent": "bone137",
				"pivot": [-13, 18.874, -6.71825],
				"rotation": [0, 0, 7.23876],
				"cubes": [
					{"origin": [-14, 18.874, -6.71825], "size": [1, 4, 1], "uv": [74, 45]}
				]
			},
			{
				"name": "bone140",
				"parent": "bone127",
				"pivot": [-13, 19, -5],
				"rotation": [0, -180, 0]
			},
			{
				"name": "bone141",
				"parent": "bone140",
				"pivot": [-13, 19, -6.71825],
				"rotation": [-12.70899, 0, 0]
			},
			{
				"name": "bone142",
				"parent": "bone141",
				"pivot": [-13, 18.874, -6.71825],
				"rotation": [0, 0, -7.23876],
				"cubes": [
					{"origin": [-13, 18.874, -6.71825], "size": [1, 4, 1], "uv": [0, 65]}
				]
			},
			{
				"name": "bone143",
				"parent": "bone141",
				"pivot": [-13, 18.874, -6.71825],
				"rotation": [0, 0, 7.23876],
				"cubes": [
					{"origin": [-14, 18.874, -6.71825], "size": [1, 4, 1], "uv": [43, 7]}
				]
			},
			{
				"name": "bone144",
				"parent": "bone127",
				"pivot": [-13, 19, -5],
				"rotation": [0, -240, 0]
			},
			{
				"name": "bone145",
				"parent": "bone144",
				"pivot": [-13, 19, -6.71825],
				"rotation": [-12.70899, 0, 0]
			},
			{
				"name": "bone146",
				"parent": "bone145",
				"pivot": [-13, 18.874, -6.71825],
				"rotation": [0, 0, -7.23876],
				"cubes": [
					{"origin": [-13, 18.874, -6.71825], "size": [1, 4, 1], "uv": [43, 0]}
				]
			},
			{
				"name": "bone147",
				"parent": "bone145",
				"pivot": [-13, 18.874, -6.71825],
				"rotation": [0, 0, 7.23876],
				"cubes": [
					{"origin": [-14, 18.874, -6.71825], "size": [1, 4, 1], "uv": [35, 7]}
				]
			},
			{
				"name": "bone148",
				"parent": "bone127",
				"pivot": [-13, 19, -5],
				"rotation": [0, -300, 0]
			},
			{
				"name": "bone149",
				"parent": "bone148",
				"pivot": [-13, 19, -6.71825],
				"rotation": [-12.70899, 0, 0]
			},
			{
				"name": "bone150",
				"parent": "bone149",
				"pivot": [-13, 18.874, -6.71825],
				"rotation": [0, 0, -7.23876],
				"cubes": [
					{"origin": [-13, 18.874, -6.71825], "size": [1, 4, 1], "uv": [35, 0]}
				]
			},
			{
				"name": "bone151",
				"parent": "bone149",
				"pivot": [-13, 18.874, -6.71825],
				"rotation": [0, 0, 7.23876],
				"cubes": [
					{"origin": [-14, 18.874, -6.71825], "size": [1, 4, 1], "uv": [33, 17]}
				]
			},
			{
				"name": "bone152",
				"parent": "chestPlate",
				"pivot": [-13, 17.5, -5],
				"rotation": [0, 0, 32.5],
				"cubes": [
					{"origin": [-15, 8.5, -5], "size": [2, 9, 0], "uv": [67, 0]}
				]
			},
			{
				"name": "bone153",
				"parent": "chestPlate",
				"pivot": [-13, 17.5, -5],
				"rotation": [0, 0, -32.5],
				"cubes": [
					{"origin": [-13, 8.5, -5], "size": [2, 9, 0], "uv": [4, 0]}
				]
			},
			{
				"name": "legLeft",
				"pivot": [2, 9, 0],
				"cubes": [
					{"origin": [0.499, 0.1, -1.5], "size": [2.75, 8.9, 3], "uv": [24, 65]},
					{"origin": [0.499, 0.1, -1.5], "size": [2.75, 4.56, 3], "uv": [78, 0], "inflate": 0.1},
					{"origin": [0.499, 0.1, -1.5], "size": [2.75, 2, 3], "uv": [70, 71], "inflate": 0.2}
				]
			},
			{
				"name": "legRight",
				"pivot": [-2, 9, 0],
				"cubes": [
					{"origin": [-3.249, 0.2, -1.5], "size": [2.75, 8.8, 3], "uv": [52, 0]},
					{"origin": [-3.249, 0.2, -1.5], "size": [2.75, 4.56, 3], "uv": [89, 61], "inflate": 0.1},
					{"origin": [-3.249, 0.2, -1.5], "size": [2.75, 2, 3], "uv": [38, 77], "inflate": 0.2}
				]
			},
			{
				"name": "wingLeft",
				"pivot": [2, 16, 3],
				"rotation": [0, 60, 0],
				"cubes": [
					{"origin": [1.5, 13.17, 10], "size": [0, 20, 25], "uv": [0, 20]}
				]
			},
			{
				"name": "bone88",
				"parent": "wingLeft",
				"pivot": [2, 18, 3],
				"rotation": [-15, 0, 0],
				"cubes": [
					{"origin": [1, 16.06815, 3.51764], "size": [1, 1, 3], "uv": [70, 65]}
				]
			},
			{
				"name": "bone89",
				"parent": "wingLeft",
				"pivot": [1, 18, 3],
				"cubes": [
					{"origin": [1, 15.22354, 5.89778], "size": [1, 1, 2], "uv": [75, 10]}
				]
			},
			{
				"name": "bone90",
				"parent": "wingLeft",
				"pivot": [2, 18, 3],
				"rotation": [30, 0, 0],
				"cubes": [
					{"origin": [1, 13.14663, 5.85337], "size": [1, 1, 3], "uv": [50, 49]}
				]
			},
			{
				"name": "bone91",
				"parent": "wingLeft",
				"pivot": [2, 18, 3],
				"rotation": [45, 0, 0],
				"cubes": [
					{"origin": [1, 11.79704, 7.39778], "size": [1, 1, 3], "uv": [50, 45]}
				]
			},
			{
				"name": "bone92",
				"parent": "wingLeft",
				"pivot": [2, 18, 3],
				"rotation": [60, 0, 0],
				"cubes": [
					{"origin": [1, 10.09371, 8.54026], "size": [1, 1, 4], "uv": [40, 94]}
				]
			},
			{
				"name": "bone93",
				"parent": "wingLeft",
				"pivot": [2, 18, 3],
				"rotation": [90, 0, 0],
				"cubes": [
					{"origin": [1, 6.38283, 7.30896], "size": [1, 1, 7], "uv": [17, 77]}
				]
			},
			{
				"name": "bone94",
				"parent": "wingLeft",
				"pivot": [1, 18, 3],
				"rotation": [25, 0, 0],
				"cubes": [
					{"origin": [1, 20.94978, 16.55657], "size": [1, 1, 15], "uv": [35, 1]}
				]
			},
			{
				"name": "bone95",
				"parent": "bone94",
				"pivot": [-10, 18, 3],
				"rotation": [-25, 0, 0],
				"cubes": [
					{"origin": [1, 32.64824, 27.21179], "size": [1, 1, 8], "uv": [74, 10]}
				]
			},
			{
				"name": "bone96",
				"parent": "wingLeft",
				"pivot": [2, 27, 16],
				"rotation": [-10, 0, 0],
				"cubes": [
					{"origin": [1, 26.07135, 14.1733], "size": [1, 1, 13], "uv": [52, 0]}
				]
			},
			{
				"name": "bone97",
				"parent": "bone96",
				"pivot": [-9, 8.33727, -2.58557],
				"rotation": [-25, 0, 0],
				"cubes": [
					{"origin": [1, 36.89275, 16.46776], "size": [1, 1, 7], "uv": [41, 76]}
				]
			},
			{
				"name": "bone98",
				"parent": "wingLeft",
				"pivot": [2, 27, 16],
				"rotation": [-45, 0, 0],
				"cubes": [
					{"origin": [1, 25.19154, 15.03631], "size": [1, 1, 11], "uv": [57, 65]}
				]
			},
			{
				"name": "bone99",
				"parent": "bone98",
				"pivot": [-9, 8.33727, -2.58557],
				"rotation": [-25, 0, 0],
				"cubes": [
					{"origin": [1, 35.61486, 15.80912], "size": [1, 1, 6], "uv": [35, 7]}
				]
			},
			{
				"name": "bone100",
				"parent": "wingLeft",
				"pivot": [2, 27, 16],
				"rotation": [-80, 0, 0],
				"cubes": [
					{"origin": [1, 24.96584, 16.24788], "size": [1, 1, 9], "uv": [70, 61]}
				]
			},
			{
				"name": "bone101",
				"parent": "bone100",
				"pivot": [-9, 8.33727, -2.58557],
				"rotation": [-25, 0, 0],
				"cubes": [
					{"origin": [1, 35.07711, 15.18995], "size": [1, 1, 5], "uv": [57, 77]}
				]
			},
			{
				"name": "wingRight",
				"pivot": [-1, 16, 3],
				"rotation": [0, -60, 0],
				"cubes": [
					{"origin": [-1.5, 13.17, 10], "size": [0, 20, 25], "uv": [0, 0]}
				]
			},
			{
				"name": "bone102",
				"parent": "wingRight",
				"pivot": [-1, 18, 3],
				"rotation": [-15, 0, 0],
				"cubes": [
					{"origin": [-2, 16.06815, 3.51764], "size": [1, 1, 3], "uv": [50, 21]}
				]
			},
			{
				"name": "bone103",
				"parent": "wingRight",
				"pivot": [-2, 18, 3],
				"cubes": [
					{"origin": [-2, 15.22354, 5.89778], "size": [1, 1, 2], "uv": [18, 68]}
				]
			},
			{
				"name": "bone104",
				"parent": "wingRight",
				"pivot": [-1, 18, 3],
				"rotation": [30, 0, 0],
				"cubes": [
					{"origin": [-2, 13.14663, 5.85337], "size": [1, 1, 3], "uv": [24, 11]}
				]
			},
			{
				"name": "bone105",
				"parent": "wingRight",
				"pivot": [-1, 18, 3],
				"rotation": [45, 0, 0],
				"cubes": [
					{"origin": [-2, 11.79704, 7.39778], "size": [1, 1, 3], "uv": [4, 20]}
				]
			},
			{
				"name": "bone106",
				"parent": "wingRight",
				"pivot": [-1, 18, 3],
				"rotation": [60, 0, 0],
				"cubes": [
					{"origin": [-2, 10.09371, 8.54026], "size": [1, 1, 4], "uv": [93, 10]}
				]
			},
			{
				"name": "bone107",
				"parent": "wingRight",
				"pivot": [-1, 18, 3],
				"rotation": [90, 0, 0],
				"cubes": [
					{"origin": [-2, 6.38283, 7.30896], "size": [1, 1, 7], "uv": [74, 45]}
				]
			},
			{
				"name": "bone108",
				"parent": "wingRight",
				"pivot": [-2, 18, 3],
				"rotation": [25, 0, 0],
				"cubes": [
					{"origin": [-2, 20.94978, 16.55657], "size": [1, 1, 15], "uv": [18, 0]}
				]
			},
			{
				"name": "bone109",
				"parent": "bone108",
				"pivot": [-13, 18, 3],
				"rotation": [-25, 0, 0],
				"cubes": [
					{"origin": [-2, 32.64824, 27.21179], "size": [1, 1, 8], "uv": [73, 71]}
				]
			},
			{
				"name": "bone110",
				"parent": "wingRight",
				"pivot": [-1, 27, 16],
				"rotation": [-10, 0, 0],
				"cubes": [
					{"origin": [-2, 26.07135, 14.1733], "size": [1, 1, 13], "uv": [0, 11]}
				]
			},
			{
				"name": "bone111",
				"parent": "bone110",
				"pivot": [-12, 8.33727, -2.58557],
				"rotation": [-25, 0, 0],
				"cubes": [
					{"origin": [-2, 36.89275, 16.46776], "size": [1, 1, 7], "uv": [32, 17]}
				]
			},
			{
				"name": "bone112",
				"parent": "wingRight",
				"pivot": [-1, 27, 16],
				"rotation": [-45, 0, 0],
				"cubes": [
					{"origin": [-2, 25.19154, 15.03631], "size": [1, 1, 11], "uv": [24, 65]}
				]
			},
			{
				"name": "bone113",
				"parent": "bone112",
				"pivot": [-12, 8.33727, -2.58557],
				"rotation": [-25, 0, 0],
				"cubes": [
					{"origin": [-2, 35.61486, 15.80912], "size": [1, 1, 6], "uv": [35, 0]}
				]
			},
			{
				"name": "bone114",
				"parent": "wingRight",
				"pivot": [-1, 27, 16],
				"rotation": [-80, 0, 0],
				"cubes": [
					{"origin": [-2, 24.96584, 16.24788], "size": [1, 1, 9], "uv": [67, 0]}
				]
			},
			{
				"name": "bone115",
				"parent": "bone114",
				"pivot": [-12, 8.33727, -2.58557],
				"rotation": [-25, 0, 0],
				"cubes": [
					{"origin": [-2, 35.07711, 15.18995], "size": [1, 1, 5], "uv": [50, 76]}
				]
			}
		]
	}
}