{
	"pack_name": "{maid_pack.virtual__real.name}",
	"model_list": [
		{
			"model_id": "virtual__real:eine",
			"description": ["{model.virtual__real.eine.desc}"]
		},
		{
			"model_id": "virtual__real:muri",
			"description": ["{model.virtual__real.muri.desc}"]
		},
		{
			"model_id": "virtual__real:plus",
			"description": ["{model.virtual__real.plus.desc}"]
		},
		{
			"model_id": "virtual__real:hoshimi",
			"description": ["{model.virtual__real.hoshimi.desc}"]
		},
		{
			"model_id": "virtual__real:miki",
			"description": ["{model.virtual__real.miki.desc}"]
		},
		{
			"model_id": "virtual__real:mahiru",
			"description": ["{model.virtual__real.mahiru.desc}"]
		},
		{
			"model_id": "virtual__real:karu",
			"description": ["{model.virtual__real.karu.desc}"]
		},
		{
			"model_id": "virtual__real:chiharu",
			"description": ["{model.virtual__real.chiharu.desc}"]
		},
		{
			"model_id": "virtual__real:shaun",
			"description": ["{model.virtual__real.shaun.desc}"]
		},
		{
			"model_id": "virtual__real:yua",
			"description": ["{model.virtual__real.yua.desc}"]
		},
		{
			"model_id": "virtual__real:reve",
			"description": ["{model.virtual__real.reve.desc}"]
		},
		{
			"model_id": "virtual__real:chiyuu",
			"description": ["{model.virtual__real.chiyuu.desc}"]
		},
		{
			"model_id": "virtual__real:imi",
			"description": ["{model.virtual__real.imi.desc}"]
		},
		{
			"model_id": "virtual__real:mayumi",
			"description": ["{model.virtual__real.mayumi.desc}"]
		},
		{
			"model_id": "virtual__real:remi",
			"description": ["{model.virtual__real.remi.desc}"]
		},
		{
			"model_id": "virtual__real:koxia",
			"description": ["{model.virtual__real.koxia.desc}"]
		},
		{
			"model_id": "virtual__real:rhea",
			"description": ["{model.virtual__real.rhea.desc}"]
		},
		{
			"model_id": "virtual__real:sybil",
			"description": ["{model.virtual__real.sybil.desc}"]
		},
		{
			"model_id": "virtual__real:girimi",
			"description": ["{model.virtual__real.girimi.desc}"],
			"animation": [
				"touhou_little_maid:animation/maid/default/head/default.js",
				"touhou_little_maid:animation/maid/default/head/beg.js",
				"touhou_little_maid:animation/maid/default/head/music_shake.js",
				"touhou_little_maid:animation/maid/default/head/blink.js",
				"touhou_little_maid:animation/maid/default/arm/default.js",
				"touhou_little_maid:animation/maid/default/arm/swing.js",
				"touhou_little_maid:animation/maid/default/leg/default.js",
				"touhou_little_maid:animation/maid/default/sit/skirt_rotation.js",
				"touhou_little_maid:animation/maid/default/sit/default.js"
			]
		},
		{
			"model_id": "virtual__real:kiyuu",
			"description": ["{model.virtual__real.kiyuu.desc}"]
		},
		{
			"model_id": "virtual__real:sui",
			"description": ["{model.virtual__real.sui.desc}"],
			"animation": [
				"touhou_little_maid:animation/maid/default/head/default.js",
				"touhou_little_maid:animation/maid/default/head/beg.js",
				"touhou_little_maid:animation/maid/default/head/music_shake.js",
				"touhou_little_maid:animation/maid/default/head/blink.js",
				"touhou_little_maid:animation/base/float/default.js",
				"touhou_little_maid:animation/maid/default/arm/default.js",
				"touhou_little_maid:animation/maid/default/arm/swing.js",
				"touhou_little_maid:animation/maid/default/leg/default.js",
				"touhou_little_maid:animation/maid/default/sit/skirt_rotation.js",
				"touhou_little_maid:animation/maid/default/sit/default.js"
			]
		},
		{
			"model_id": "virtual__real:eve",
			"description": ["{model.virtual__real.eve.desc}"]
		},
		{
			"model_id": "virtual__real:shiori",
			"description": ["{model.virtual__real.shiori.desc}"],
			"animation": [
				"touhou_little_maid:animation/maid/default/head/default.js",
				"touhou_little_maid:animation/maid/default/head/beg.js",
				"touhou_little_maid:animation/maid/default/head/music_shake.js",
				"touhou_little_maid:animation/maid/default/head/blink.js",
				"touhou_little_maid:animation/maid/default/armor/default.js",
				"touhou_little_maid:animation/maid/default/arm/default.js",
				"touhou_little_maid:animation/maid/default/arm/swing.js",
				"touhou_little_maid:animation/maid/default/leg/default.js",
				"touhou_little_maid:animation/maid/default/sit/skirt_rotation.js",
				"touhou_little_maid:animation/base/float/default.js",
				"touhou_little_maid:animation/maid/default/sit/default.js",
				"touhou_little_maid:animation/maid/default/tail/default.js"
			]
		},
		{
			"model_id": "virtual__real:opal",
			"description": ["{model.virtual__real.opal.desc}"]
		},
		{
			"model_id": "virtual__real:awu",
			"description": ["{model.virtual__real.awu.desc}"],
			"animation": [
				"touhou_little_maid:animation/maid/default/head/default.js",
				"touhou_little_maid:animation/maid/default/head/beg.js",
				"touhou_little_maid:animation/maid/default/head/music_shake.js",
				"touhou_little_maid:animation/maid/default/head/blink.js",
				"touhou_little_maid:animation/maid/default/arm/default.js",
				"touhou_little_maid:animation/maid/default/arm/swing.js",
				"touhou_little_maid:animation/maid/default/leg/default.js",
				"touhou_little_maid:animation/maid/default/armor/default.js",
				"touhou_little_maid:animation/maid/default/sit/skirt_rotation.js",
				"touhou_little_maid:animation/maid/default/sit/default.js"
			]
		},
		{
			"model_id": "virtual__real:hatsuse",
			"description": ["{model.virtual__real.hatsuse.desc}"],
			"animation": [
				"touhou_little_maid:animation/maid/default/head/default.js",
				"touhou_little_maid:animation/maid/default/head/beg.js",
				"touhou_little_maid:animation/maid/default/head/music_shake.js",
				"touhou_little_maid:animation/maid/default/head/blink.js",
				"touhou_little_maid:animation/maid/default/wing/default.js",
				"touhou_little_maid:animation/maid/default/arm/default.js",
				"touhou_little_maid:animation/maid/default/arm/swing.js",
				"touhou_little_maid:animation/maid/default/leg/default.js",
				"touhou_little_maid:animation/maid/default/sit/skirt_rotation.js",
				"touhou_little_maid:animation/maid/default/armor/default.js",
				"touhou_little_maid:animation/base/float/default.js",
				"touhou_little_maid:animation/maid/default/sit/default.js",
				"touhou_little_maid:animation/maid/default/tail/default.js"
			]
		},
		{
			"model_id": "virtual__real:ameki",
			"description": ["{model.virtual__real.ameki.desc}"],
			"animation": [
				"touhou_little_maid:animation/maid/default/head/default.js",
				"touhou_little_maid:animation/maid/default/head/beg.js",
				"touhou_little_maid:animation/maid/default/head/music_shake.js",
				"touhou_little_maid:animation/maid/default/head/blink.js",
				"touhou_little_maid:animation/maid/default/arm/default.js",
				"touhou_little_maid:animation/maid/default/arm/swing.js",
				"touhou_little_maid:animation/maid/default/leg/default.js",
				"touhou_little_maid:animation/maid/default/sit/skirt_rotation.js",
				"touhou_little_maid:animation/maid/default/sit/default.js"
			]
		},
		{
			"model_id": "virtual__real:michiya",
			"description": ["{model.virtual__real.michiya.desc}"],
			"animation": [
				"touhou_little_maid:animation/maid/default/head/default.js",
				"touhou_little_maid:animation/maid/default/head/beg.js",
				"touhou_little_maid:animation/maid/default/head/music_shake.js",
				"touhou_little_maid:animation/maid/default/head/blink.js",
				"touhou_little_maid:animation/maid/default/arm/default.js",
				"touhou_little_maid:animation/maid/default/arm/swing.js",
				"touhou_little_maid:animation/maid/default/leg/default.js",
				"touhou_little_maid:animation/maid/default/armor/default.js",
				"touhou_little_maid:animation/maid/default/sit/skirt_rotation.js",
				"touhou_little_maid:animation/maid/default/sit/default.js"
			]
		},
		{
			"model_id": "virtual__real:mitsusama",
			"description": ["{model.virtual__real.mitsusama.desc}"]
		},
		{
			"model_id": "virtual__real:azusa",
			"description": ["{model.virtual__real.azusa.desc}"]
		},
		{
			"model_id": "virtual__real:isbella",
			"description": ["{model.virtual__real.isbella.desc}"]
		},
		{
			"model_id": "virtual__real:joi",
			"description": ["{model.virtual__real.joi.desc}"]
		},
		{
			"model_id": "virtual__real:syo",
			"description": ["{model.virtual__real.syo.desc}"]
		},
		{
			"model_id": "virtual__real:kero",
			"description": ["{model.virtual__real.kero.desc}"]
		},
		{
			"model_id": "virtual__real:hanser",
			"description": ["{model.virtual__real.hanser.desc}"]
		},
		{
			"model_id": "virtual__real:karu_2",
			"description": ["{model.virtual__real.karu_2.desc}"]
		},
		{
			"model_id": "virtual__real:koxiaa",
			"description": ["{model.virtual__real.koxiaa.desc}"]
		},
		{
			"model_id": "virtual__real:rheaa",
			"description": ["{model.virtual__real.rheaa.desc}"]
		},
		{
			"model_id": "virtual__real:chiyuuu",
			"description": ["{model.virtual__real.chiyuuu.desc}"]
		},
		{
			"model_id": "virtual__real:mitsusamaa",
			"description": ["{model.virtual__real.mitsusamaa.desc}"],
			"animation": [
				"touhou_little_maid:animation/maid/default/head/default.js",
				"touhou_little_maid:animation/maid/default/head/beg.js",
				"touhou_little_maid:animation/maid/default/head/music_shake.js",
				"touhou_little_maid:animation/maid/default/head/blink.js",
				"touhou_little_maid:animation/maid/default/arm/default.js",
				"touhou_little_maid:animation/maid/default/arm/swing.js",
				"touhou_little_maid:animation/maid/default/leg/default.js",
				"touhou_little_maid:animation/maid/default/sit/skirt_rotation.js",
				"touhou_little_maid:animation/maid/default/sit/default.js"
			]
		},
		{
			"model_id": "virtual__real:mahiruu",
			"description": ["{model.virtual__real.mahiruu.desc}"],
			"animation": [
				"touhou_little_maid:animation/maid/default/head/default.js",
				"touhou_little_maid:animation/maid/default/head/beg.js",
				"touhou_little_maid:animation/maid/default/head/music_shake.js",
				"touhou_little_maid:animation/maid/default/head/blink.js",
				"touhou_little_maid:animation/maid/default/arm/default.js",
				"touhou_little_maid:animation/maid/default/arm/swing.js",
				"touhou_little_maid:animation/maid/default/leg/default.js",
				"touhou_little_maid:animation/maid/default/sit/skirt_rotation.js",
				"touhou_little_maid:animation/maid/default/sit/default.js",
				"touhou_little_maid:animation/maid/default/wing/default.js",
				"touhou_little_maid:animation/maid/default/tail/default.js"
			]
		},
		{
			"model_id": "virtual__real:sybill",
			"description": ["{model.virtual__real.sybill.desc}"],
			"animation": [
				"touhou_little_maid:animation/maid/default/head/default.js",
				"touhou_little_maid:animation/maid/default/head/beg.js",
				"touhou_little_maid:animation/maid/default/head/music_shake.js",
				"touhou_little_maid:animation/maid/default/head/blink.js",
				"touhou_little_maid:animation/maid/default/arm/default.js",
				"touhou_little_maid:animation/maid/default/arm/swing.js",
				"touhou_little_maid:animation/maid/default/leg/default.js",
				"touhou_little_maid:animation/maid/default/sit/skirt_rotation.js",
				"touhou_little_maid:animation/maid/default/sit/default.js"
			]
		},
		{
			"model_id": "virtual__real:chiyuuuu",
			"description": ["{model.virtual__real.chiyuuuu.desc}"],
			"animation": [
				"touhou_little_maid:animation/maid/default/head/default.js",
				"touhou_little_maid:animation/maid/default/head/beg.js",
				"touhou_little_maid:animation/maid/default/head/music_shake.js",
				"touhou_little_maid:animation/maid/default/head/blink.js",
				"touhou_little_maid:animation/maid/default/arm/default.js",
				"touhou_little_maid:animation/maid/default/arm/swing.js",
				"touhou_little_maid:animation/maid/default/leg/default.js",
				"touhou_little_maid:animation/maid/default/sit/skirt_rotation.js",
				"touhou_little_maid:animation/maid/default/sit/default.js"
			]
		},
		{
			"model_id": "virtual__real:mizuki",
			"description": ["{model.virtual__real.mizuki.desc}"],
			"animation": [
				"touhou_little_maid:animation/maid/default/head/default.js",
				"touhou_little_maid:animation/maid/default/head/beg.js",
				"touhou_little_maid:animation/maid/default/head/music_shake.js",
				"touhou_little_maid:animation/maid/default/head/blink.js",
				"touhou_little_maid:animation/base/float/default.js",
				"touhou_little_maid:animation/maid/default/arm/default.js",
				"touhou_little_maid:animation/maid/default/arm/swing.js",
				"touhou_little_maid:animation/maid/default/leg/default.js",
				"touhou_little_maid:animation/maid/default/armor/default.js",
				"touhou_little_maid:animation/maid/default/sit/skirt_rotation.js",
				"touhou_little_maid:animation/maid/default/sit/default.js"
			]
		},
		{
			"model_id": "virtual__real:garu",
			"description": ["{model.virtual__real.garu.desc}"],
			"animation": [
				"touhou_little_maid:animation/maid/default/head/default.js",
				"touhou_little_maid:animation/maid/default/head/beg.js",
				"touhou_little_maid:animation/maid/default/head/music_shake.js",
				"touhou_little_maid:animation/maid/default/head/blink.js",
				"touhou_little_maid:animation/maid/default/arm/default.js",
				"touhou_little_maid:animation/maid/default/arm/swing.js",
				"touhou_little_maid:animation/maid/default/leg/default.js",
				"touhou_little_maid:animation/maid/default/sit/skirt_rotation.js",
				"touhou_little_maid:animation/maid/default/sit/default.js"
			],
			"easter_egg": {
				"encrypt": true,
				"tag": "26aa8a3878139d1c0a3272780a5d18bce0eaf9b8"
			}
		},
		{
			"model_id": "virtual__real:ayumi",
			"description": ["{model.virtual__real.ayumi.desc}"]
		},
		{
			"model_id": "virtual__real:richi",
			"description": ["{model.virtual__real.richi.desc}"],
			"animation": [
				"touhou_little_maid:animation/maid/default/head/default.js",
				"touhou_little_maid:animation/maid/default/head/beg.js",
				"touhou_little_maid:animation/maid/default/head/music_shake.js",
				"touhou_little_maid:animation/maid/default/head/blink.js",
				"touhou_little_maid:animation/maid/default/head/ear_shake.js",
				"touhou_little_maid:animation/maid/default/arm/default.js",
				"touhou_little_maid:animation/maid/default/arm/swing.js",
				"touhou_little_maid:animation/maid/default/leg/default.js",
				"touhou_little_maid:animation/maid/default/task/attack.js",
				"touhou_little_maid:animation/maid/default/sit/skirt_rotation.js",
				"touhou_little_maid:animation/base/float/default.js",
				"touhou_little_maid:animation/maid/default/armor/default.js",
				"touhou_little_maid:animation/maid/default/sleep/default.js",
				"touhou_little_maid:animation/maid/default/sit/default.js",
				"touhou_little_maid:animation/maid/default/tail/default.js"
			]
		}
	],
	"version": "2.7.0",
	"author": ["gyhgyj88"],
	"description": ["{maid_pack.virtual__real.desc}"],
	"date": "2022-01-27",
	"icon": "virtual__real:textures/maid_icon.png"
}