{
	"format_version": "1.10.0",
	"geometry.model": {
		"texturewidth": 256,
		"textureheight": 256,
		"visible_bounds_width": 4,
		"visible_bounds_height": 4,
		"visible_bounds_offset": [0, 1, 0],
		"bones": [
			{
				"name": "head",
				"pivot": [0, 18.92143, -0.57171],
				"cubes": [
					{"origin": [-4, 19, -4], "size": [8, 8, 8], "uv": [93, 56]},
					{"origin": [-9.975, 13.45, -13.502], "size": [20, 20, 19], "uv": [59, 76], "inflate": -9.5}
				]
			},
			{
				"name": "hornRignt",
				"parent": "head",
				"pivot": [-0.2, 1, 0]
			},
			{
				"name": "bone120",
				"parent": "hornRignt",
				"pivot": [-1.412, 33, -1.5],
				"rotation": [0, 0, 2.5],
				"cubes": [
					{"origin": [-2.09, 31.80109, -2], "size": [1, 2, 1], "uv": [112, 42], "inflate": -0.3}
				]
			},
			{
				"name": "bone125",
				"parent": "hornRignt",
				"pivot": [-1.625, 32.4, -1.5],
				"rotation": [0, 0, 7]
			},
			{
				"name": "bone121",
				"parent": "bone125",
				"pivot": [-1.75, 32.5, -1.625],
				"rotation": [4.8, 0, -4.8],
				"cubes": [
					{"origin": [-2.12495, 29.80436, -1.99986], "size": [1, 3, 1], "uv": [86, 18], "inflate": -0.3}
				]
			},
			{
				"name": "bone122",
				"parent": "bone125",
				"pivot": [-1.75, 32.5, -1.375],
				"rotation": [-4.8, 0, -4.8],
				"cubes": [
					{"origin": [-2.12495, 29.80436, -1.99986], "size": [1, 3, 1], "uv": [14, 68], "inflate": -0.3}
				]
			},
			{
				"name": "bone123",
				"parent": "bone125",
				"pivot": [-1.5, 32.5, -1.625],
				"rotation": [4.8, 0, 4.8],
				"cubes": [
					{"origin": [-2.12495, 29.80436, -1.99986], "size": [1, 3, 1], "uv": [0, 68], "inflate": -0.3}
				]
			},
			{
				"name": "bone124",
				"parent": "bone125",
				"pivot": [-1.5, 32.5, -1.375],
				"rotation": [-4.8, 0, 4.8],
				"cubes": [
					{"origin": [-2.12495, 29.80436, -1.99986], "size": [1, 3, 1], "uv": [14, 64], "inflate": -0.3}
				]
			},
			{
				"name": "bone126",
				"parent": "hornRignt",
				"pivot": [-1.85, 30.375, -1.5],
				"rotation": [0, 0, 26]
			},
			{
				"name": "bone127",
				"parent": "bone126",
				"pivot": [-2.125, 30.375, -1.225],
				"rotation": [8.1, 0, 8.1],
				"cubes": [
					{"origin": [-2.35, 27.475, -2], "size": [1, 3, 1], "uv": [14, 60], "inflate": -0.1}
				]
			},
			{
				"name": "bone128",
				"parent": "bone126",
				"pivot": [-1.575, 30.375, -1.225],
				"rotation": [8.1, 0, -8.1],
				"cubes": [
					{"origin": [-2.35, 27.475, -2], "size": [1, 3, 1], "uv": [14, 56], "inflate": -0.1}
				]
			},
			{
				"name": "bone129",
				"parent": "bone126",
				"pivot": [-2.125, 30.375, -1.775],
				"rotation": [-8.1, 0, 8.1],
				"cubes": [
					{"origin": [-2.35, 27.475, -2], "size": [1, 3, 1], "uv": [20, 22], "inflate": -0.1}
				]
			},
			{
				"name": "bone130",
				"parent": "bone126",
				"pivot": [-1.575, 30.375, -1.775],
				"rotation": [-8.1, 0, -8.1],
				"cubes": [
					{"origin": [-2.35, 27.475, -2], "size": [1, 3, 1], "uv": [0, 15], "inflate": -0.1}
				]
			},
			{
				"name": "bone131",
				"parent": "hornRignt",
				"pivot": [-2.8, 28.4, -1.5],
				"rotation": [0, 0, 30]
			},
			{
				"name": "bone132",
				"parent": "bone131",
				"pivot": [-2.3, 28.4, -2],
				"rotation": [-10, 0, -10],
				"cubes": [
					{"origin": [-3.8, 24.925, -2.5], "size": [2, 4, 2], "uv": [42, 144], "inflate": -0.3}
				]
			},
			{
				"name": "bone133",
				"parent": "bone131",
				"pivot": [-3.3, 28.55, -2],
				"rotation": [-10, 0, 10],
				"cubes": [
					{"origin": [-3.8, 24.875, -2.5], "size": [2, 4, 2], "uv": [144, 40], "inflate": -0.3}
				]
			},
			{
				"name": "bone134",
				"parent": "bone131",
				"pivot": [-3.3, 28.4, -1],
				"rotation": [10, 0, 10],
				"cubes": [
					{"origin": [-3.8, 24.875, -2.5], "size": [2, 4, 2], "uv": [38, 100], "inflate": -0.3}
				]
			},
			{
				"name": "bone135",
				"parent": "bone131",
				"pivot": [-2.3, 28.4, -1],
				"rotation": [10, 0, -10],
				"cubes": [
					{"origin": [-3.8, 24.875, -2.5], "size": [2, 4, 2], "uv": [18, 0], "inflate": -0.3}
				]
			},
			{
				"name": "bone115",
				"parent": "hornRignt",
				"pivot": [-5.45, 23.475, -1.5],
				"rotation": [0, 0, -180]
			},
			{
				"name": "bone136",
				"parent": "bone115",
				"pivot": [-5.575, 23.575, -1.625],
				"rotation": [4.8, 0, -4.8],
				"cubes": [
					{"origin": [-5.94995, 21.87936, -1.99986], "size": [1, 2, 1], "uv": [107, 21], "inflate": -0.3}
				]
			},
			{
				"name": "bone151",
				"parent": "bone115",
				"pivot": [-5.575, 23.575, -1.375],
				"rotation": [-4.8, 0, -4.8],
				"cubes": [
					{"origin": [-5.94995, 21.87936, -1.99986], "size": [1, 2, 1], "uv": [40, 97], "inflate": -0.3}
				]
			},
			{
				"name": "bone152",
				"parent": "bone115",
				"pivot": [-5.325, 23.575, -1.625],
				"rotation": [4.8, 0, 4.8],
				"cubes": [
					{"origin": [-5.94995, 21.87936, -1.99986], "size": [1, 2, 1], "uv": [55, 95], "inflate": -0.3}
				]
			},
			{
				"name": "bone153",
				"parent": "bone115",
				"pivot": [-5.325, 23.575, -1.375],
				"rotation": [-4.8, 0, 4.8],
				"cubes": [
					{"origin": [-5.94995, 21.87936, -1.99986], "size": [1, 2, 1], "uv": [86, 22], "inflate": -0.3}
				]
			},
			{
				"name": "bone154",
				"parent": "hornRignt",
				"pivot": [-5.2, 25, -1.5],
				"rotation": [0, 0, 27.5]
			},
			{
				"name": "bone158",
				"parent": "bone154",
				"pivot": [-5.2, 25, -0.9],
				"rotation": [-10, 0, 0],
				"cubes": [
					{"origin": [-6.2, 24.7, -2.5], "size": [2, 2, 2], "uv": [104, 72], "inflate": -0.3}
				]
			},
			{
				"name": "bone157",
				"parent": "bone154",
				"pivot": [-5.2, 25, -2.1],
				"rotation": [10, 0, 0],
				"cubes": [
					{"origin": [-6.2, 24.7, -2.5], "size": [2, 2, 2], "uv": [28, 102], "inflate": -0.3}
				]
			},
			{
				"name": "bone155",
				"parent": "hornRignt",
				"pivot": [-5.45, 24.325, -1.5],
				"rotation": [0, 0, 17.5]
			},
			{
				"name": "bone156",
				"parent": "bone155",
				"pivot": [-5.45, 24.325, -1.15],
				"rotation": [-7.5, 0, 0],
				"cubes": [
					{"origin": [-5.95, 24.275, -2], "size": [1, 1, 1], "uv": [73, 73], "inflate": -0.05}
				]
			},
			{
				"name": "bone159",
				"parent": "bone155",
				"pivot": [-5.45, 24.325, -1.85],
				"rotation": [7.5, 0, 0],
				"cubes": [
					{"origin": [-5.95, 24.275, -2], "size": [1, 1, 1], "uv": [69, 73], "inflate": -0.05}
				]
			},
			{
				"name": "bone145",
				"parent": "hornRignt",
				"pivot": [-4.2, 27, -2],
				"rotation": [0, 0, 40],
				"cubes": [
					{"origin": [-4.95, 27, -2], "size": [1, 1, 1], "uv": [10, 73]}
				]
			},
			{
				"name": "hornLeft",
				"parent": "head",
				"pivot": [0.2, 1, 0]
			},
			{
				"name": "bone162",
				"parent": "hornLeft",
				"pivot": [1.412, 33, -1.5],
				"rotation": [0, 0, -2.5],
				"cubes": [
					{"origin": [1.09, 31.80109, -2], "size": [1, 2, 1], "uv": [112, 42], "inflate": -0.3, "mirror": true}
				]
			},
			{
				"name": "bone163",
				"parent": "hornLeft",
				"pivot": [1.625, 32.4, -1.5],
				"rotation": [0, 0, -7]
			},
			{
				"name": "bone164",
				"parent": "bone163",
				"pivot": [1.75, 32.5, -1.625],
				"rotation": [4.8, 0, 4.8],
				"cubes": [
					{"origin": [1.12495, 29.80436, -1.99986], "size": [1, 3, 1], "uv": [86, 18], "inflate": -0.3, "mirror": true}
				]
			},
			{
				"name": "bone165",
				"parent": "bone163",
				"pivot": [1.75, 32.5, -1.375],
				"rotation": [-4.8, 0, 4.8],
				"cubes": [
					{"origin": [1.12495, 29.80436, -1.99986], "size": [1, 3, 1], "uv": [14, 68], "inflate": -0.3, "mirror": true}
				]
			},
			{
				"name": "bone166",
				"parent": "bone163",
				"pivot": [1.5, 32.5, -1.625],
				"rotation": [4.8, 0, -4.8],
				"cubes": [
					{"origin": [1.12495, 29.80436, -1.99986], "size": [1, 3, 1], "uv": [0, 68], "inflate": -0.3, "mirror": true}
				]
			},
			{
				"name": "bone167",
				"parent": "bone163",
				"pivot": [1.5, 32.5, -1.375],
				"rotation": [-4.8, 0, -4.8],
				"cubes": [
					{"origin": [1.12495, 29.80436, -1.99986], "size": [1, 3, 1], "uv": [14, 64], "inflate": -0.3, "mirror": true}
				]
			},
			{
				"name": "bone168",
				"parent": "hornLeft",
				"pivot": [1.85, 30.375, -1.5],
				"rotation": [0, 0, -26]
			},
			{
				"name": "bone169",
				"parent": "bone168",
				"pivot": [2.125, 30.375, -1.225],
				"rotation": [8.1, 0, -8.1],
				"cubes": [
					{"origin": [1.35, 27.475, -2], "size": [1, 3, 1], "uv": [14, 60], "inflate": -0.1, "mirror": true}
				]
			},
			{
				"name": "bone170",
				"parent": "bone168",
				"pivot": [1.575, 30.375, -1.225],
				"rotation": [8.1, 0, 8.1],
				"cubes": [
					{"origin": [1.35, 27.475, -2], "size": [1, 3, 1], "uv": [14, 56], "inflate": -0.1, "mirror": true}
				]
			},
			{
				"name": "bone171",
				"parent": "bone168",
				"pivot": [2.125, 30.375, -1.775],
				"rotation": [-8.1, 0, -8.1],
				"cubes": [
					{"origin": [1.35, 27.475, -2], "size": [1, 3, 1], "uv": [20, 22], "inflate": -0.1, "mirror": true}
				]
			},
			{
				"name": "bone172",
				"parent": "bone168",
				"pivot": [1.575, 30.375, -1.775],
				"rotation": [-8.1, 0, 8.1],
				"cubes": [
					{"origin": [1.35, 27.475, -2], "size": [1, 3, 1], "uv": [0, 15], "inflate": -0.1, "mirror": true}
				]
			},
			{
				"name": "bone176",
				"parent": "hornLeft",
				"pivot": [2.8, 28.4, -1.5],
				"rotation": [0, 0, -30]
			},
			{
				"name": "bone177",
				"parent": "bone176",
				"pivot": [2.3, 28.4, -2],
				"rotation": [-10, 0, 10],
				"cubes": [
					{"origin": [1.8, 24.925, -2.5], "size": [2, 4, 2], "uv": [42, 144], "inflate": -0.3, "mirror": true}
				]
			},
			{
				"name": "bone178",
				"parent": "bone176",
				"pivot": [3.3, 28.55, -2],
				"rotation": [-10, 0, -10],
				"cubes": [
					{"origin": [1.8, 24.875, -2.5], "size": [2, 4, 2], "uv": [144, 40], "inflate": -0.3, "mirror": true}
				]
			},
			{
				"name": "bone179",
				"parent": "bone176",
				"pivot": [3.3, 28.4, -1],
				"rotation": [10, 0, -10],
				"cubes": [
					{"origin": [1.8, 24.875, -2.5], "size": [2, 4, 2], "uv": [38, 100], "inflate": -0.3, "mirror": true}
				]
			},
			{
				"name": "bone180",
				"parent": "bone176",
				"pivot": [2.3, 28.4, -1],
				"rotation": [10, 0, 10],
				"cubes": [
					{"origin": [1.8, 24.875, -2.5], "size": [2, 4, 2], "uv": [18, 0], "inflate": -0.3, "mirror": true}
				]
			},
			{
				"name": "bone181",
				"parent": "hornLeft",
				"pivot": [5.45, 23.475, -1.5],
				"rotation": [0, 0, 180]
			},
			{
				"name": "bone182",
				"parent": "bone181",
				"pivot": [5.575, 23.575, -1.625],
				"rotation": [4.8, 0, 4.8],
				"cubes": [
					{"origin": [4.94995, 21.87936, -1.99986], "size": [1, 2, 1], "uv": [107, 21], "inflate": -0.3, "mirror": true}
				]
			},
			{
				"name": "bone183",
				"parent": "bone181",
				"pivot": [5.575, 23.575, -1.375],
				"rotation": [-4.8, 0, 4.8],
				"cubes": [
					{"origin": [4.94995, 21.87936, -1.99986], "size": [1, 2, 1], "uv": [40, 97], "inflate": -0.3, "mirror": true}
				]
			},
			{
				"name": "bone184",
				"parent": "bone181",
				"pivot": [5.325, 23.575, -1.625],
				"rotation": [4.8, 0, -4.8],
				"cubes": [
					{"origin": [4.94995, 21.87936, -1.99986], "size": [1, 2, 1], "uv": [55, 95], "inflate": -0.3, "mirror": true}
				]
			},
			{
				"name": "bone185",
				"parent": "bone181",
				"pivot": [5.325, 23.575, -1.375],
				"rotation": [-4.8, 0, -4.8],
				"cubes": [
					{"origin": [4.94995, 21.87936, -1.99986], "size": [1, 2, 1], "uv": [86, 22], "inflate": -0.3, "mirror": true}
				]
			},
			{
				"name": "bone186",
				"parent": "hornLeft",
				"pivot": [5.2, 25, -1.5],
				"rotation": [0, 0, -27.5]
			},
			{
				"name": "bone187",
				"parent": "bone186",
				"pivot": [5.2, 25, -0.9],
				"rotation": [-10, 0, 0],
				"cubes": [
					{"origin": [4.2, 24.7, -2.5], "size": [2, 2, 2], "uv": [104, 72], "inflate": -0.3, "mirror": true}
				]
			},
			{
				"name": "bone188",
				"parent": "bone186",
				"pivot": [5.2, 25, -2.1],
				"rotation": [10, 0, 0],
				"cubes": [
					{"origin": [4.2, 24.7, -2.5], "size": [2, 2, 2], "uv": [28, 102], "inflate": -0.3, "mirror": true}
				]
			},
			{
				"name": "bone189",
				"parent": "hornLeft",
				"pivot": [5.45, 24.325, -1.5],
				"rotation": [0, 0, -17.5]
			},
			{
				"name": "bone190",
				"parent": "bone189",
				"pivot": [5.45, 24.325, -1.15],
				"rotation": [-7.5, 0, 0],
				"cubes": [
					{"origin": [4.95, 24.275, -2], "size": [1, 1, 1], "uv": [73, 73], "inflate": -0.05, "mirror": true}
				]
			},
			{
				"name": "bone191",
				"parent": "bone189",
				"pivot": [5.45, 24.325, -1.85],
				"rotation": [7.5, 0, 0],
				"cubes": [
					{"origin": [4.95, 24.275, -2], "size": [1, 1, 1], "uv": [69, 73], "inflate": -0.05, "mirror": true}
				]
			},
			{
				"name": "bone192",
				"parent": "hornLeft",
				"pivot": [4.2, 27, -2],
				"rotation": [0, 0, -40],
				"cubes": [
					{"origin": [3.95, 27, -2], "size": [1, 1, 1], "uv": [10, 73], "mirror": true}
				]
			},
			{
				"name": "hair",
				"parent": "head",
				"pivot": [0, 19, 0],
				"cubes": [
					{"origin": [-4.5, 19.5, -3.5], "size": [9, 7, 7], "uv": [21, 106]},
					{"origin": [-4, 19.5, -4.5], "size": [8, 7, 9], "uv": [86, 0]},
					{"origin": [-3.5, 26.5, -3.5], "size": [7, 1, 7], "uv": [86, 18]}
				]
			},
			{
				"name": "longhairBack",
				"parent": "hair",
				"pivot": [0, 19.5, 3.5],
				"rotation": [20, 0, 0],
				"cubes": [
					{"origin": [-4, 14.5, 2.5], "size": [8, 5, 2], "uv": [20, 95]}
				]
			},
			{
				"name": "hairLeftSwing",
				"parent": "hair",
				"pivot": [0, 19, 0]
			},
			{
				"name": "frontbraidLeft",
				"parent": "hairLeftSwing",
				"pivot": [3.725, 16.85, -3.5],
				"rotation": [-17.5, 0, 0],
				"cubes": [
					{"origin": [2.725, 17.25, -4.5], "size": [2, 3, 2], "uv": [28, 120], "inflate": -0.25, "mirror": true}
				]
			},
			{
				"name": "bone193",
				"parent": "frontbraidLeft",
				"pivot": [3.725, 16.95, -3.45],
				"rotation": [7.5, 0, 0],
				"cubes": [
					{"origin": [3.225, 16.5, -3.95], "size": [1, 1, 1], "uv": [14, 73], "inflate": 0.1, "mirror": true}
				]
			},
			{
				"name": "bone194",
				"parent": "frontbraidLeft",
				"pivot": [3.725, 16.85, -3.5],
				"rotation": [17.5, 0, 0],
				"cubes": [
					{"origin": [3.225, 12.9, -4.075], "size": [1, 4, 1], "uv": [0, 0], "inflate": -0.1, "mirror": true}
				]
			},
			{
				"name": "backbraidLeft",
				"parent": "hairLeftSwing",
				"pivot": [0, 19.5, 3.5]
			},
			{
				"name": "bone195",
				"parent": "backbraidLeft",
				"pivot": [1.7, 15.6, 4.925],
				"rotation": [20, 7.5, -22.5]
			},
			{
				"name": "bone196",
				"parent": "bone195",
				"pivot": [-0.3, 15.6, 3.925],
				"rotation": [-7.5, 0, 10],
				"cubes": [
					{"origin": [-0.3, 8.6, 3.925], "size": [4, 7, 2], "uv": [113, 136], "mirror": true}
				]
			},
			{
				"name": "bone197",
				"parent": "bone195",
				"pivot": [3.7, 15.6, 3.925],
				"rotation": [-7.5, 0, -10],
				"cubes": [
					{"origin": [-0.3, 8.6, 3.925], "size": [4, 7, 2], "uv": [101, 136], "mirror": true}
				]
			},
			{
				"name": "bone198",
				"parent": "bone195",
				"pivot": [-0.3, 15.6, 5.925],
				"rotation": [7.5, 0, 10],
				"cubes": [
					{"origin": [-0.3, 8.6, 3.925], "size": [4, 7, 2], "uv": [135, 113], "mirror": true}
				]
			},
			{
				"name": "bone199",
				"parent": "bone195",
				"pivot": [3.7, 15.6, 5.925],
				"rotation": [7.5, 0, -10],
				"cubes": [
					{"origin": [-0.3, 8.6, 3.925], "size": [4, 7, 2], "uv": [132, 42], "mirror": true}
				]
			},
			{
				"name": "bone200",
				"parent": "backbraidLeft",
				"pivot": [4.5, 9.5, 7],
				"rotation": [20, 7.5, -22.5],
				"cubes": [
					{"origin": [2, 8.7, 5.325], "size": [5, 1, 4], "uv": [0, 68], "inflate": -0.08, "mirror": true},
					{"origin": [3, 8.2, 6.3], "size": [3, 1, 2], "uv": [94, 72], "mirror": true},
					{"origin": [3.5, 7.7, 6.8], "size": [2, 1, 1], "uv": [20, 20], "inflate": -0.1, "mirror": true}
				]
			},
			{
				"name": "bone201",
				"parent": "backbraidLeft",
				"pivot": [6.69936, 7.82712, 8.82064],
				"rotation": [20, 7.5, -22.5],
				"cubes": [
					{"origin": [3.06041, 5.60531, 5.55734], "size": [5, 5, 5], "uv": [0, 15], "inflate": -1.5, "mirror": true}
				]
			},
			{
				"name": "bone202",
				"parent": "backbraidLeft",
				"pivot": [0, 19.5, 3.5],
				"rotation": [20, 7.5, -22.5]
			},
			{
				"name": "bone203",
				"parent": "bone202",
				"pivot": [-9.8, 1.1, -4.6],
				"rotation": [0, 45, 0]
			},
			{
				"name": "bone204",
				"parent": "bone203",
				"pivot": [-9.05, 4.475, 8.4],
				"rotation": [13, -1.5, 13],
				"cubes": [
					{"origin": [-9.55, 1.975, 6.9], "size": [2, 3, 2], "uv": [50, 144], "inflate": -0.5, "mirror": true}
				]
			},
			{
				"name": "bone205",
				"parent": "bone203",
				"pivot": [-8.05, 4.475, 8.4],
				"rotation": [13, 1.5, -13],
				"cubes": [
					{"origin": [-9.55, 1.975, 6.9], "size": [2, 3, 2], "uv": [143, 108], "inflate": -0.5, "mirror": true}
				]
			},
			{
				"name": "bone206",
				"parent": "bone203",
				"pivot": [-9.05, 4.475, 7.4],
				"rotation": [-13, 1.5, 13],
				"cubes": [
					{"origin": [-9.55, 1.975, 6.9], "size": [2, 3, 2], "uv": [143, 66], "inflate": -0.5, "mirror": true}
				]
			},
			{
				"name": "bone207",
				"parent": "bone203",
				"pivot": [-8.05, 4.475, 7.4],
				"rotation": [-13, -1.5, -13],
				"cubes": [
					{"origin": [-9.55, 1.975, 6.9], "size": [2, 3, 2], "uv": [36, 120], "inflate": -0.5, "mirror": true}
				]
			},
			{
				"name": "hairRightSwing",
				"parent": "hair",
				"pivot": [0, 19, 0]
			},
			{
				"name": "frontbraidRight",
				"parent": "hairRightSwing",
				"pivot": [-3.725, 16.85, -3.5],
				"rotation": [-17.5, 0, 0],
				"cubes": [
					{"origin": [-4.725, 17.25, -4.5], "size": [2, 3, 2], "uv": [28, 120], "inflate": -0.25}
				]
			},
			{
				"name": "bone143",
				"parent": "frontbraidRight",
				"pivot": [-3.725, 16.95, -3.45],
				"rotation": [7.5, 0, 0],
				"cubes": [
					{"origin": [-4.225, 16.5, -3.95], "size": [1, 1, 1], "uv": [14, 73], "inflate": 0.1}
				]
			},
			{
				"name": "bone137",
				"parent": "frontbraidRight",
				"pivot": [-3.725, 16.85, -3.5],
				"rotation": [17.5, 0, 0],
				"cubes": [
					{"origin": [-4.225, 12.9, -4.075], "size": [1, 4, 1], "uv": [0, 0], "inflate": -0.1}
				]
			},
			{
				"name": "backbraidRight",
				"parent": "hairRightSwing",
				"pivot": [0, 19.5, 3.5]
			},
			{
				"name": "bone138",
				"parent": "backbraidRight",
				"pivot": [-1.7, 15.6, 4.925],
				"rotation": [20, -7.5, 22.5]
			},
			{
				"name": "bone139",
				"parent": "bone138",
				"pivot": [0.3, 15.6, 3.925],
				"rotation": [-7.5, 0, -10],
				"cubes": [
					{"origin": [-3.7, 8.6, 3.925], "size": [4, 7, 2], "uv": [113, 136]}
				]
			},
			{
				"name": "bone140",
				"parent": "bone138",
				"pivot": [-3.7, 15.6, 3.925],
				"rotation": [-7.5, 0, 10],
				"cubes": [
					{"origin": [-3.7, 8.6, 3.925], "size": [4, 7, 2], "uv": [101, 136]}
				]
			},
			{
				"name": "bone141",
				"parent": "bone138",
				"pivot": [0.3, 15.6, 5.925],
				"rotation": [7.5, 0, -10],
				"cubes": [
					{"origin": [-3.7, 8.6, 3.925], "size": [4, 7, 2], "uv": [135, 113]}
				]
			},
			{
				"name": "bone142",
				"parent": "bone138",
				"pivot": [-3.7, 15.6, 5.925],
				"rotation": [7.5, 0, 10],
				"cubes": [
					{"origin": [-3.7, 8.6, 3.925], "size": [4, 7, 2], "uv": [132, 42]}
				]
			},
			{
				"name": "bone144",
				"parent": "backbraidRight",
				"pivot": [-4.5, 9.5, 7],
				"rotation": [20, -7.5, 22.5],
				"cubes": [
					{"origin": [-7, 8.7, 5.325], "size": [5, 1, 4], "uv": [0, 68], "inflate": -0.08},
					{"origin": [-6, 8.2, 6.3], "size": [3, 1, 2], "uv": [94, 72]},
					{"origin": [-5.5, 7.7, 6.8], "size": [2, 1, 1], "uv": [20, 20], "inflate": -0.1}
				]
			},
			{
				"name": "bone146",
				"parent": "backbraidRight",
				"pivot": [-6.69936, 7.82712, 8.82064],
				"rotation": [20, -7.5, 22.5],
				"cubes": [
					{"origin": [-8.06041, 5.60531, 5.55734], "size": [5, 5, 5], "uv": [0, 15], "inflate": -1.5}
				]
			},
			{
				"name": "bone161",
				"parent": "backbraidRight",
				"pivot": [0, 19.5, 3.5],
				"rotation": [20, -7.5, 22.5]
			},
			{
				"name": "bone147",
				"parent": "bone161",
				"pivot": [9.8, 1.1, -4.6],
				"rotation": [0, -45, 0]
			},
			{
				"name": "bone148",
				"parent": "bone147",
				"pivot": [9.05, 4.475, 8.4],
				"rotation": [13, 1.5, -13],
				"cubes": [
					{"origin": [7.55, 1.975, 6.9], "size": [2, 3, 2], "uv": [50, 144], "inflate": -0.5}
				]
			},
			{
				"name": "bone149",
				"parent": "bone147",
				"pivot": [8.05, 4.475, 8.4],
				"rotation": [13, -1.5, 13],
				"cubes": [
					{"origin": [7.55, 1.975, 6.9], "size": [2, 3, 2], "uv": [143, 108], "inflate": -0.5}
				]
			},
			{
				"name": "bone150",
				"parent": "bone147",
				"pivot": [9.05, 4.475, 7.4],
				"rotation": [-13, -1.5, -13],
				"cubes": [
					{"origin": [7.55, 1.975, 6.9], "size": [2, 3, 2], "uv": [143, 66], "inflate": -0.5}
				]
			},
			{
				"name": "bone160",
				"parent": "bone147",
				"pivot": [8.05, 4.475, 7.4],
				"rotation": [-13, 1.5, 13],
				"cubes": [
					{"origin": [7.55, 1.975, 6.9], "size": [2, 3, 2], "uv": [36, 120], "inflate": -0.5}
				]
			},
			{
				"name": "pupil",
				"parent": "head",
				"pivot": [0, 0, 0],
				"cubes": [
					{"origin": [-6, 16, -8.2005], "size": [9, 9, 8.4], "uv": [59, 56], "inflate": -4.2},
					{"origin": [-3, 16, -8.2005], "size": [9, 9, 8.4], "uv": [59, 56], "inflate": -4.2}
				]
			},
			{
				"name": "blink",
				"parent": "head",
				"pivot": [0, 19, 0],
				"cubes": [
					{"origin": [-4, 19, -4.001], "size": [8, 8, 0], "uv": [85, 56]}
				]
			},
			{
				"name": "earRight",
				"parent": "head",
				"pivot": [-1.55, 21.75, -1.525],
				"rotation": [0, 0, -15]
			},
			{
				"name": "bone250",
				"parent": "earRight",
				"pivot": [3.65, 1.25, -1.5]
			},
			{
				"name": "bone247",
				"parent": "bone250",
				"pivot": [-1.55, 21.75, -1.525],
				"cubes": [
					{"origin": [-7.35, 19.25, -3.5], "size": [6, 5, 4], "uv": [39, 1], "inflate": -2}
				]
			},
			{
				"name": "bone249",
				"parent": "bone250",
				"pivot": [-1.55, 21.75, -1.525],
				"rotation": [0, 0, 30],
				"cubes": [
					{"origin": [-7.35, 19.25, -3.5], "size": [6, 5, 4], "uv": [39, 1], "inflate": -2}
				]
			},
			{
				"name": "bone248",
				"parent": "bone250",
				"pivot": [-1.55, 21.75, -1.525],
				"rotation": [0, 0, 15],
				"cubes": [
					{"origin": [-7.35, 19.25, -3.5], "size": [6, 5, 4], "uv": [39, 1], "inflate": -2}
				]
			},
			{
				"name": "bone251",
				"parent": "earRight",
				"pivot": [3.65, 1.25, -1.5]
			},
			{
				"name": "bone252",
				"parent": "bone251",
				"pivot": [-1.55, 21.25, -1.525]
			},
			{
				"name": "bone253",
				"parent": "bone252",
				"pivot": [-5.35, 21.25, -1.5],
				"rotation": [0, 0, -3.5],
				"cubes": [
					{"origin": [-5.85, 20.75, -2], "size": [3, 1, 1], "uv": [0, 28], "inflate": -0.45}
				]
			},
			{
				"name": "bone254",
				"parent": "bone252",
				"pivot": [-5.35, 21.25, -1.5],
				"rotation": [0, 0, 3.5],
				"cubes": [
					{"origin": [-5.85, 20.75, -2], "size": [3, 1, 1], "uv": [0, 32], "inflate": -0.45}
				]
			},
			{
				"name": "bone258",
				"parent": "bone251",
				"pivot": [-1.55, 21.75, -1.525],
				"rotation": [0, 0, 30]
			},
			{
				"name": "bone259",
				"parent": "bone258",
				"pivot": [-5.35, 22.25, -1.5],
				"rotation": [0, 0, -3.5],
				"cubes": [
					{"origin": [-5.85, 21.75, -2], "size": [3, 1, 1], "uv": [0, 28], "inflate": -0.45}
				]
			},
			{
				"name": "bone260",
				"parent": "bone258",
				"pivot": [-5.35, 22.25, -1.5],
				"rotation": [0, 0, 3.5],
				"cubes": [
					{"origin": [-5.83691, 21.75017, -2], "size": [3, 1, 1], "uv": [0, 32], "inflate": -0.45}
				]
			},
			{
				"name": "bone255",
				"parent": "bone251",
				"pivot": [-1.55, 21.75, -1.525],
				"rotation": [0, 0, 7.5]
			},
			{
				"name": "bone256",
				"parent": "bone255",
				"pivot": [-5.35, 21.75, -1.5],
				"rotation": [0, 0, -3.5],
				"cubes": [
					{"origin": [-5.85, 21.25, -2], "size": [3, 1, 1], "uv": [0, 28], "inflate": -0.45}
				]
			},
			{
				"name": "bone257",
				"parent": "bone255",
				"pivot": [-5.35, 21.75, -1.5],
				"rotation": [0, 0, 3.5],
				"cubes": [
					{"origin": [-5.85, 21.25, -2], "size": [3, 1, 1], "uv": [0, 32], "inflate": -0.45}
				]
			},
			{
				"name": "bone261",
				"parent": "bone251",
				"pivot": [-1.55, 21.75, -1.525],
				"rotation": [0, 0, 22.5]
			},
			{
				"name": "bone262",
				"parent": "bone261",
				"pivot": [-5.35, 21.75, -1.5],
				"rotation": [0, 0, -3.5],
				"cubes": [
					{"origin": [-5.85, 21.25, -2], "size": [3, 1, 1], "uv": [0, 28], "inflate": -0.45}
				]
			},
			{
				"name": "bone263",
				"parent": "bone261",
				"pivot": [-5.35, 21.75, -1.5],
				"rotation": [0, 0, 3.5],
				"cubes": [
					{"origin": [-5.85, 21.25, -2], "size": [3, 1, 1], "uv": [0, 32], "inflate": -0.45}
				]
			},
			{
				"name": "earLeft",
				"parent": "head",
				"pivot": [1.55, 21.75, -1.525],
				"rotation": [0, 0, 15]
			},
			{
				"name": "bone264",
				"parent": "earLeft",
				"pivot": [-3.65, 1.25, -1.5]
			},
			{
				"name": "bone265",
				"parent": "bone264",
				"pivot": [1.55, 21.75, -1.525],
				"cubes": [
					{"origin": [1.35, 19.25, -3.5], "size": [6, 5, 4], "uv": [39, 1], "inflate": -2, "mirror": true}
				]
			},
			{
				"name": "bone266",
				"parent": "bone264",
				"pivot": [1.55, 21.75, -1.525],
				"rotation": [0, 0, -30],
				"cubes": [
					{"origin": [1.35, 19.25, -3.5], "size": [6, 5, 4], "uv": [39, 1], "inflate": -2, "mirror": true}
				]
			},
			{
				"name": "bone267",
				"parent": "bone264",
				"pivot": [1.55, 21.75, -1.525],
				"rotation": [0, 0, -15],
				"cubes": [
					{"origin": [1.35, 19.25, -3.5], "size": [6, 5, 4], "uv": [39, 1], "inflate": -2, "mirror": true}
				]
			},
			{
				"name": "bone268",
				"parent": "earLeft",
				"pivot": [-3.65, 1.25, -1.5]
			},
			{
				"name": "bone269",
				"parent": "bone268",
				"pivot": [1.55, 21.25, -1.525]
			},
			{
				"name": "bone270",
				"parent": "bone269",
				"pivot": [5.35, 21.25, -1.5],
				"rotation": [0, 0, 3.5],
				"cubes": [
					{"origin": [2.85, 20.75, -2], "size": [3, 1, 1], "uv": [0, 28], "inflate": -0.45, "mirror": true}
				]
			},
			{
				"name": "bone271",
				"parent": "bone269",
				"pivot": [5.35, 21.25, -1.5],
				"rotation": [0, 0, -3.5],
				"cubes": [
					{"origin": [2.85, 20.75, -2], "size": [3, 1, 1], "uv": [0, 32], "inflate": -0.45, "mirror": true}
				]
			},
			{
				"name": "bone272",
				"parent": "bone268",
				"pivot": [1.55, 21.75, -1.525],
				"rotation": [0, 0, -30]
			},
			{
				"name": "bone273",
				"parent": "bone272",
				"pivot": [5.35, 22.25, -1.5],
				"rotation": [0, 0, 3.5],
				"cubes": [
					{"origin": [2.85, 21.75, -2], "size": [3, 1, 1], "uv": [0, 28], "inflate": -0.45, "mirror": true}
				]
			},
			{
				"name": "bone274",
				"parent": "bone272",
				"pivot": [5.35, 22.25, -1.5],
				"rotation": [0, 0, -3.5],
				"cubes": [
					{"origin": [2.83691, 21.75017, -2], "size": [3, 1, 1], "uv": [0, 32], "inflate": -0.45, "mirror": true}
				]
			},
			{
				"name": "bone275",
				"parent": "bone268",
				"pivot": [1.55, 21.75, -1.525],
				"rotation": [0, 0, -7.5]
			},
			{
				"name": "bone276",
				"parent": "bone275",
				"pivot": [5.35, 21.75, -1.5],
				"rotation": [0, 0, 3.5],
				"cubes": [
					{"origin": [2.85, 21.25, -2], "size": [3, 1, 1], "uv": [0, 28], "inflate": -0.45, "mirror": true}
				]
			},
			{
				"name": "bone277",
				"parent": "bone275",
				"pivot": [5.35, 21.75, -1.5],
				"rotation": [0, 0, -3.5],
				"cubes": [
					{"origin": [2.85, 21.25, -2], "size": [3, 1, 1], "uv": [0, 32], "inflate": -0.45, "mirror": true}
				]
			},
			{
				"name": "bone278",
				"parent": "bone268",
				"pivot": [1.55, 21.75, -1.525],
				"rotation": [0, 0, -22.5]
			},
			{
				"name": "bone279",
				"parent": "bone278",
				"pivot": [5.35, 21.75, -1.5],
				"rotation": [0, 0, 3.5],
				"cubes": [
					{"origin": [2.85, 21.25, -2], "size": [3, 1, 1], "uv": [0, 28], "inflate": -0.45, "mirror": true}
				]
			},
			{
				"name": "bone280",
				"parent": "bone278",
				"pivot": [5.35, 21.75, -1.5],
				"rotation": [0, 0, -3.5],
				"cubes": [
					{"origin": [2.85, 21.25, -2], "size": [3, 1, 1], "uv": [0, 32], "inflate": -0.45, "mirror": true}
				]
			},
			{
				"name": "armRight",
				"pivot": [-2.5, 18.5, 0],
				"rotation": [0, 0, 25],
				"cubes": [
					{"origin": [-4.5, 8.5, -1], "size": [2, 9, 2], "uv": [0, 143]}
				]
			},
			{
				"name": "bone68",
				"parent": "armRight",
				"pivot": [-3.5, 14.6, -0.5]
			},
			{
				"name": "bone69",
				"parent": "bone68",
				"pivot": [-3.5, 9.6, -3.5]
			},
			{
				"name": "bone70",
				"parent": "bone69",
				"pivot": [-3.5, 16.6, -0.01663],
				"rotation": [18, -90, 0],
				"cubes": [
					{"origin": [-6.49, 7.77577, -1.81607], "size": [6, 9, 4.4], "uv": [69, 128], "inflate": -2.2}
				]
			},
			{
				"name": "bone71",
				"parent": "bone70",
				"pivot": [-2.425, 12.82077, -1.2527],
				"rotation": [0, 0, -7.3],
				"cubes": [
					{"origin": [-3.66, 9.85977, 0.18393], "size": [1, 5, 0.4], "uv": [138, 83], "inflate": -0.2}
				]
			},
			{
				"name": "bone72",
				"parent": "bone70",
				"pivot": [-3.1, 12.79577, -1.2527],
				"rotation": [0, 0, 7.3],
				"cubes": [
					{"origin": [-4.331, 9.67577, 0.18393], "size": [1, 5, 0.4], "uv": [127, 136], "inflate": -0.2}
				]
			},
			{
				"name": "bone217",
				"parent": "bone69",
				"pivot": [-3.5, 16.6, -0.01663],
				"rotation": [18, -135, 0],
				"cubes": [
					{"origin": [-6.49, 7.77577, -1.81607], "size": [6, 9, 4.4], "uv": [69, 128], "inflate": -2.2}
				]
			},
			{
				"name": "bone218",
				"parent": "bone217",
				"pivot": [-2.425, 12.82077, -1.2527],
				"rotation": [0, 0, -7.3],
				"cubes": [
					{"origin": [-3.66, 9.85977, 0.18393], "size": [1, 5, 0.4], "uv": [138, 83], "inflate": -0.2}
				]
			},
			{
				"name": "bone219",
				"parent": "bone217",
				"pivot": [-3.1, 12.79577, -1.2527],
				"rotation": [0, 0, 7.3],
				"cubes": [
					{"origin": [-4.331, 9.67577, 0.18393], "size": [1, 5, 0.4], "uv": [127, 136], "inflate": -0.2}
				]
			},
			{
				"name": "bone220",
				"parent": "bone69",
				"pivot": [-3.5, 16.6, -0.01663],
				"rotation": [18, -180, 0],
				"cubes": [
					{"origin": [-6.49, 7.77577, -1.81607], "size": [6, 9, 4.4], "uv": [69, 128], "inflate": -2.2}
				]
			},
			{
				"name": "bone221",
				"parent": "bone220",
				"pivot": [-2.425, 12.82077, -1.2527],
				"rotation": [0, 0, -7.3],
				"cubes": [
					{"origin": [-3.66, 9.85977, 0.18393], "size": [1, 5, 0.4], "uv": [138, 83], "inflate": -0.2}
				]
			},
			{
				"name": "bone222",
				"parent": "bone220",
				"pivot": [-3.1, 12.79577, -1.2527],
				"rotation": [0, 0, 7.3],
				"cubes": [
					{"origin": [-4.331, 9.67577, 0.18393], "size": [1, 5, 0.4], "uv": [127, 136], "inflate": -0.2}
				]
			},
			{
				"name": "bone223",
				"parent": "bone69",
				"pivot": [-3.5, 16.6, -0.01663],
				"rotation": [18, 135, 0],
				"cubes": [
					{"origin": [-6.49, 7.77577, -1.81607], "size": [6, 9, 4.4], "uv": [69, 128], "inflate": -2.2}
				]
			},
			{
				"name": "bone224",
				"parent": "bone223",
				"pivot": [-2.425, 12.82077, -1.2527],
				"rotation": [0, 0, -7.3],
				"cubes": [
					{"origin": [-3.66, 9.85977, 0.18393], "size": [1, 5, 0.4], "uv": [138, 83], "inflate": -0.2}
				]
			},
			{
				"name": "bone225",
				"parent": "bone223",
				"pivot": [-3.1, 12.79577, -1.2527],
				"rotation": [0, 0, 7.3],
				"cubes": [
					{"origin": [-4.331, 9.67577, 0.18393], "size": [1, 5, 0.4], "uv": [127, 136], "inflate": -0.2}
				]
			},
			{
				"name": "bone226",
				"parent": "bone69",
				"pivot": [-3.5, 16.6, -0.01663],
				"rotation": [18, 90, 0],
				"cubes": [
					{"origin": [-6.49, 7.77577, -1.81607], "size": [6, 9, 4.4], "uv": [69, 128], "inflate": -2.2}
				]
			},
			{
				"name": "bone227",
				"parent": "bone226",
				"pivot": [-2.425, 12.82077, -1.2527],
				"rotation": [0, 0, -7.3],
				"cubes": [
					{"origin": [-3.66, 9.85977, 0.18393], "size": [1, 5, 0.4], "uv": [138, 83], "inflate": -0.2}
				]
			},
			{
				"name": "bone228",
				"parent": "bone226",
				"pivot": [-3.1, 12.79577, -1.2527],
				"rotation": [0, 0, 7.3],
				"cubes": [
					{"origin": [-4.331, 9.67577, 0.18393], "size": [1, 5, 0.4], "uv": [127, 136], "inflate": -0.2}
				]
			},
			{
				"name": "bone229",
				"parent": "bone69",
				"pivot": [-3.5, 16.6, -0.01663],
				"rotation": [18, 45, 0],
				"cubes": [
					{"origin": [-6.49, 7.77577, -1.81607], "size": [6, 9, 4.4], "uv": [69, 128], "inflate": -2.2}
				]
			},
			{
				"name": "bone230",
				"parent": "bone229",
				"pivot": [-2.425, 12.82077, -1.2527],
				"rotation": [0, 0, -7.3],
				"cubes": [
					{"origin": [-3.66, 9.85977, 0.18393], "size": [1, 5, 0.4], "uv": [138, 83], "inflate": -0.2}
				]
			},
			{
				"name": "bone231",
				"parent": "bone229",
				"pivot": [-3.1, 12.79577, -1.2527],
				"rotation": [0, 0, 7.3],
				"cubes": [
					{"origin": [-4.331, 9.67577, 0.18393], "size": [1, 5, 0.4], "uv": [127, 136], "inflate": -0.2}
				]
			},
			{
				"name": "bone232",
				"parent": "bone69",
				"pivot": [-3.5, 16.6, -0.01663],
				"rotation": [18, 0, 0],
				"cubes": [
					{"origin": [-6.49, 7.77577, -1.81607], "size": [6, 9, 4.4], "uv": [69, 128], "inflate": -2.2}
				]
			},
			{
				"name": "bone233",
				"parent": "bone232",
				"pivot": [-2.425, 12.82077, -1.2527],
				"rotation": [0, 0, -7.3],
				"cubes": [
					{"origin": [-3.66, 9.85977, 0.18393], "size": [1, 5, 0.4], "uv": [138, 83], "inflate": -0.2}
				]
			},
			{
				"name": "bone234",
				"parent": "bone232",
				"pivot": [-3.1, 12.79577, -1.2527],
				"rotation": [0, 0, 7.3],
				"cubes": [
					{"origin": [-4.331, 9.67577, 0.18393], "size": [1, 5, 0.4], "uv": [127, 136], "inflate": -0.2}
				]
			},
			{
				"name": "bone235",
				"parent": "bone69",
				"pivot": [-3.5, 16.6, -0.01663],
				"rotation": [18, -45, 0],
				"cubes": [
					{"origin": [-6.49, 7.77577, -1.81607], "size": [6, 9, 4.4], "uv": [69, 128], "inflate": -2.2}
				]
			},
			{
				"name": "bone236",
				"parent": "bone235",
				"pivot": [-2.425, 12.82077, -1.2527],
				"rotation": [0, 0, -7.3],
				"cubes": [
					{"origin": [-3.66, 9.85977, 0.18393], "size": [1, 5, 0.4], "uv": [138, 83], "inflate": -0.2}
				]
			},
			{
				"name": "bone237",
				"parent": "bone235",
				"pivot": [-3.1, 12.79577, -1.2527],
				"rotation": [0, 0, 7.3],
				"cubes": [
					{"origin": [-4.331, 9.67577, 0.18393], "size": [1, 5, 0.4], "uv": [127, 136], "inflate": -0.2}
				]
			},
			{
				"name": "armLeft",
				"pivot": [2.5, 18.5, 0],
				"rotation": [0, 0, -25],
				"cubes": [
					{"origin": [2.5, 8.5, -1], "size": [2, 9, 2], "uv": [0, 143], "mirror": true}
				]
			},
			{
				"name": "bone212",
				"parent": "armLeft",
				"pivot": [3.5, 14.6, -0.5]
			},
			{
				"name": "bone213",
				"parent": "bone212",
				"pivot": [3.5, 9.6, -3.5]
			},
			{
				"name": "bone214",
				"parent": "bone213",
				"pivot": [3.5, 16.6, -0.01663],
				"rotation": [18, 90, 0],
				"cubes": [
					{"origin": [0.49, 7.77577, -1.81607], "size": [6, 9, 4.4], "uv": [69, 128], "inflate": -2.2, "mirror": true}
				]
			},
			{
				"name": "bone215",
				"parent": "bone214",
				"pivot": [2.425, 12.82077, -1.2527],
				"rotation": [0, 0, 7.3],
				"cubes": [
					{"origin": [2.66, 9.85977, 0.18393], "size": [1, 5, 0.4], "uv": [138, 83], "inflate": -0.2, "mirror": true}
				]
			},
			{
				"name": "bone216",
				"parent": "bone214",
				"pivot": [3.1, 12.79577, -1.2527],
				"rotation": [0, 0, -7.3],
				"cubes": [
					{"origin": [3.331, 9.67577, 0.18393], "size": [1, 5, 0.4], "uv": [127, 136], "inflate": -0.2, "mirror": true}
				]
			},
			{
				"name": "bone65",
				"parent": "bone213",
				"pivot": [3.5, 16.6, -0.01663],
				"rotation": [18, 135, 0],
				"cubes": [
					{"origin": [0.49, 7.77577, -1.81607], "size": [6, 9, 4.4], "uv": [69, 128], "inflate": -2.2, "mirror": true}
				]
			},
			{
				"name": "bone66",
				"parent": "bone65",
				"pivot": [2.425, 12.82077, -1.2527],
				"rotation": [0, 0, 7.3],
				"cubes": [
					{"origin": [2.66, 9.85977, 0.18393], "size": [1, 5, 0.4], "uv": [138, 83], "inflate": -0.2, "mirror": true}
				]
			},
			{
				"name": "bone67",
				"parent": "bone65",
				"pivot": [3.1, 12.79577, -1.2527],
				"rotation": [0, 0, -7.3],
				"cubes": [
					{"origin": [3.331, 9.67577, 0.18393], "size": [1, 5, 0.4], "uv": [127, 136], "inflate": -0.2, "mirror": true}
				]
			},
			{
				"name": "bone62",
				"parent": "bone213",
				"pivot": [3.5, 16.6, -0.01663],
				"rotation": [18, 180, 0],
				"cubes": [
					{"origin": [0.49, 7.77577, -1.81607], "size": [6, 9, 4.4], "uv": [69, 128], "inflate": -2.2, "mirror": true}
				]
			},
			{
				"name": "bone63",
				"parent": "bone62",
				"pivot": [2.425, 12.82077, -1.2527],
				"rotation": [0, 0, 7.3],
				"cubes": [
					{"origin": [2.66, 9.85977, 0.18393], "size": [1, 5, 0.4], "uv": [138, 83], "inflate": -0.2, "mirror": true}
				]
			},
			{
				"name": "bone64",
				"parent": "bone62",
				"pivot": [3.1, 12.79577, -1.2527],
				"rotation": [0, 0, -7.3],
				"cubes": [
					{"origin": [3.331, 9.67577, 0.18393], "size": [1, 5, 0.4], "uv": [127, 136], "inflate": -0.2, "mirror": true}
				]
			},
			{
				"name": "bone59",
				"parent": "bone213",
				"pivot": [3.5, 16.6, -0.01663],
				"rotation": [18, -135, 0],
				"cubes": [
					{"origin": [0.49, 7.77577, -1.81607], "size": [6, 9, 4.4], "uv": [69, 128], "inflate": -2.2, "mirror": true}
				]
			},
			{
				"name": "bone60",
				"parent": "bone59",
				"pivot": [2.425, 12.82077, -1.2527],
				"rotation": [0, 0, 7.3],
				"cubes": [
					{"origin": [2.66, 9.85977, 0.18393], "size": [1, 5, 0.4], "uv": [138, 83], "inflate": -0.2, "mirror": true}
				]
			},
			{
				"name": "bone61",
				"parent": "bone59",
				"pivot": [3.1, 12.79577, -1.2527],
				"rotation": [0, 0, -7.3],
				"cubes": [
					{"origin": [3.331, 9.67577, 0.18393], "size": [1, 5, 0.4], "uv": [127, 136], "inflate": -0.2, "mirror": true}
				]
			},
			{
				"name": "bone52",
				"parent": "bone213",
				"pivot": [3.5, 16.6, -0.01663],
				"rotation": [18, -90, 0],
				"cubes": [
					{"origin": [0.49, 7.77577, -1.81607], "size": [6, 9, 4.4], "uv": [69, 128], "inflate": -2.2, "mirror": true}
				]
			},
			{
				"name": "bone53",
				"parent": "bone52",
				"pivot": [2.425, 12.82077, -1.2527],
				"rotation": [0, 0, 7.3],
				"cubes": [
					{"origin": [2.66, 9.85977, 0.18393], "size": [1, 5, 0.4], "uv": [138, 83], "inflate": -0.2, "mirror": true}
				]
			},
			{
				"name": "bone58",
				"parent": "bone52",
				"pivot": [3.1, 12.79577, -1.2527],
				"rotation": [0, 0, -7.3],
				"cubes": [
					{"origin": [3.331, 9.67577, 0.18393], "size": [1, 5, 0.4], "uv": [127, 136], "inflate": -0.2, "mirror": true}
				]
			},
			{
				"name": "bone49",
				"parent": "bone213",
				"pivot": [3.5, 16.6, -0.01663],
				"rotation": [18, -45, 0],
				"cubes": [
					{"origin": [0.49, 7.77577, -1.81607], "size": [6, 9, 4.4], "uv": [69, 128], "inflate": -2.2, "mirror": true}
				]
			},
			{
				"name": "bone50",
				"parent": "bone49",
				"pivot": [2.425, 12.82077, -1.2527],
				"rotation": [0, 0, 7.3],
				"cubes": [
					{"origin": [2.66, 9.85977, 0.18393], "size": [1, 5, 0.4], "uv": [138, 83], "inflate": -0.2, "mirror": true}
				]
			},
			{
				"name": "bone51",
				"parent": "bone49",
				"pivot": [3.1, 12.79577, -1.2527],
				"rotation": [0, 0, -7.3],
				"cubes": [
					{"origin": [3.331, 9.67577, 0.18393], "size": [1, 5, 0.4], "uv": [127, 136], "inflate": -0.2, "mirror": true}
				]
			},
			{
				"name": "bone46",
				"parent": "bone213",
				"pivot": [3.5, 16.6, -0.01663],
				"rotation": [18, 0, 0],
				"cubes": [
					{"origin": [0.49, 7.77577, -1.81607], "size": [6, 9, 4.4], "uv": [69, 128], "inflate": -2.2, "mirror": true}
				]
			},
			{
				"name": "bone47",
				"parent": "bone46",
				"pivot": [2.425, 12.82077, -1.2527],
				"rotation": [0, 0, 7.3],
				"cubes": [
					{"origin": [2.66, 9.85977, 0.18393], "size": [1, 5, 0.4], "uv": [138, 83], "inflate": -0.2, "mirror": true}
				]
			},
			{
				"name": "bone48",
				"parent": "bone46",
				"pivot": [3.1, 12.79577, -1.2527],
				"rotation": [0, 0, -7.3],
				"cubes": [
					{"origin": [3.331, 9.67577, 0.18393], "size": [1, 5, 0.4], "uv": [127, 136], "inflate": -0.2, "mirror": true}
				]
			},
			{
				"name": "bone43",
				"parent": "bone213",
				"pivot": [3.5, 16.6, -0.01663],
				"rotation": [18, 45, 0],
				"cubes": [
					{"origin": [0.49, 7.77577, -1.81607], "size": [6, 9, 4.4], "uv": [69, 128], "inflate": -2.2, "mirror": true}
				]
			},
			{
				"name": "bone44",
				"parent": "bone43",
				"pivot": [2.425, 12.82077, -1.2527],
				"rotation": [0, 0, 7.3],
				"cubes": [
					{"origin": [2.66, 9.85977, 0.18393], "size": [1, 5, 0.4], "uv": [138, 83], "inflate": -0.2, "mirror": true}
				]
			},
			{
				"name": "bone45",
				"parent": "bone43",
				"pivot": [3.1, 12.79577, -1.2527],
				"rotation": [0, 0, -7.3],
				"cubes": [
					{"origin": [3.331, 9.67577, 0.18393], "size": [1, 5, 0.4], "uv": [127, 136], "inflate": -0.2, "mirror": true}
				]
			},
			{
				"name": "body",
				"pivot": [0, 11.5, 0],
				"cubes": [
					{"origin": [-3, 9.999, -3], "size": [6, 9, 6], "uv": [0, 0]},
					{"origin": [-15, 0, -16.001], "size": [30, 30, 26], "uv": [0, 0], "inflate": -13}
				]
			},
			{
				"name": "frillsFront",
				"parent": "body",
				"pivot": [0, 2, 0]
			},
			{
				"name": "bone116",
				"parent": "frillsFront",
				"pivot": [0, 17.5, -3],
				"rotation": [-5, 0, 0],
				"cubes": [
					{"origin": [-3.5, 16, -3.5], "size": [7, 2, 1], "uv": [78, 76], "inflate": -0.5}
				]
			},
			{
				"name": "bone117",
				"parent": "frillsFront",
				"pivot": [0, 17.5, -3],
				"rotation": [-15, 0, 0],
				"cubes": [
					{"origin": [-3.5, 16, -3.5], "size": [7, 2, 1], "uv": [78, 73], "inflate": -0.5}
				]
			},
			{
				"name": "frillsBack",
				"parent": "body",
				"pivot": [0, 2, 0]
			},
			{
				"name": "bone238",
				"parent": "frillsBack",
				"pivot": [0, 17.5, 3],
				"rotation": [5, 0, 0],
				"cubes": [
					{"origin": [-3.5, 16, 2.5], "size": [7, 2, 1], "uv": [78, 76], "inflate": -0.5}
				]
			},
			{
				"name": "bone239",
				"parent": "frillsBack",
				"pivot": [0, 17.5, 3],
				"rotation": [15, 0, 0],
				"cubes": [
					{"origin": [-3.5, 16, 2.5], "size": [7, 2, 1], "uv": [78, 73], "inflate": -0.5}
				]
			},
			{
				"name": "frillsRight",
				"parent": "body",
				"pivot": [0, 2, 0]
			},
			{
				"name": "bone118",
				"parent": "frillsRight",
				"pivot": [-3, 17.5, 0],
				"rotation": [0, 0, 5],
				"cubes": [
					{"origin": [-3.5, 16, -3.5], "size": [1, 2, 7], "uv": [126, 121], "inflate": -0.5}
				]
			},
			{
				"name": "bone119",
				"parent": "frillsRight",
				"pivot": [-3, 17.5, 0],
				"rotation": [0, 0, 15],
				"cubes": [
					{"origin": [-3.5, 16, -3.5], "size": [1, 2, 7], "uv": [118, 85], "inflate": -0.5}
				]
			},
			{
				"name": "frillsLeft",
				"parent": "body",
				"pivot": [0, 2, 0]
			},
			{
				"name": "bone240",
				"parent": "frillsLeft",
				"pivot": [3, 17.5, 0],
				"rotation": [0, 0, -5],
				"cubes": [
					{"origin": [2.5, 16, -3.5], "size": [1, 2, 7], "uv": [126, 121], "inflate": -0.5, "mirror": true}
				]
			},
			{
				"name": "bone241",
				"parent": "frillsLeft",
				"pivot": [3, 17.5, 0],
				"rotation": [0, 0, -15],
				"cubes": [
					{"origin": [2.5, 16, -3.5], "size": [1, 2, 7], "uv": [118, 85], "inflate": -0.5, "mirror": true}
				]
			},
			{
				"name": "sittingRotationSkirt",
				"parent": "body",
				"pivot": [0, 12.25, -0.25]
			},
			{
				"name": "bone73",
				"parent": "sittingRotationSkirt",
				"pivot": [0, 1.75, -0.25]
			},
			{
				"name": "bone74",
				"parent": "bone73",
				"pivot": [0, 1.75, 5.94607],
				"rotation": [23, 0, 0]
			},
			{
				"name": "bone75",
				"parent": "bone74",
				"pivot": [0, 1.75, 5.94607],
				"rotation": [0, -45, 0],
				"cubes": [
					{"origin": [-1, 2.75, 4.94607], "size": [2, 12, 2], "uv": [0, 129]}
				]
			},
			{
				"name": "bone76",
				"parent": "sittingRotationSkirt",
				"pivot": [0, 1.75, -0.25],
				"rotation": [0, -25.71429, 0]
			},
			{
				"name": "bone77",
				"parent": "bone76",
				"pivot": [0, 1.75, 5.94607],
				"rotation": [23, 0, 0]
			},
			{
				"name": "bone78",
				"parent": "bone77",
				"pivot": [0, 1.75, 5.94607],
				"rotation": [0, -45, 0],
				"cubes": [
					{"origin": [-1, 3.75, 4.94607], "size": [2, 11, 2], "uv": [129, 130]}
				]
			},
			{
				"name": "bone79",
				"parent": "sittingRotationSkirt",
				"pivot": [0, 1.75, -0.25],
				"rotation": [0, -51.42857, 0]
			},
			{
				"name": "bone80",
				"parent": "bone79",
				"pivot": [0, 1.75, 5.94607],
				"rotation": [23, 0, 0]
			},
			{
				"name": "bone81",
				"parent": "bone80",
				"pivot": [0, 1.75, 5.94607],
				"rotation": [0, -45, 0],
				"cubes": [
					{"origin": [-1, 4.75, 4.94607], "size": [2, 10, 2], "uv": [137, 98]}
				]
			},
			{
				"name": "bone82",
				"parent": "sittingRotationSkirt",
				"pivot": [0, 1.75, -0.25],
				"rotation": [0, -77.14286, 0]
			},
			{
				"name": "bone83",
				"parent": "bone82",
				"pivot": [0, 1.75, 5.94607],
				"rotation": [23, 0, 0]
			},
			{
				"name": "bone84",
				"parent": "bone83",
				"pivot": [0, 1.75, 5.94607],
				"rotation": [0, -45, 0],
				"cubes": [
					{"origin": [-1, 5.75, 4.94607], "size": [2, 9, 2], "uv": [74, 141]}
				]
			},
			{
				"name": "bone85",
				"parent": "sittingRotationSkirt",
				"pivot": [0, 1.75, -0.25],
				"rotation": [0, -102.85714, 0]
			},
			{
				"name": "bone86",
				"parent": "bone85",
				"pivot": [0, 1.75, 5.94607],
				"rotation": [23, 0, 0]
			},
			{
				"name": "bone87",
				"parent": "bone86",
				"pivot": [0, 1.75, 5.94607],
				"rotation": [0, -45, 0],
				"cubes": [
					{"origin": [-1, 6.75, 4.94607], "size": [2, 8, 2], "uv": [58, 143]}
				]
			},
			{
				"name": "bone88",
				"parent": "sittingRotationSkirt",
				"pivot": [0, 1.75, -0.25],
				"rotation": [0, -128.57143, 0]
			},
			{
				"name": "bone89",
				"parent": "bone88",
				"pivot": [0, 1.75, 5.94607],
				"rotation": [23, 0, 0]
			},
			{
				"name": "bone90",
				"parent": "bone89",
				"pivot": [0, 1.75, 5.94607],
				"rotation": [0, -45, 0],
				"cubes": [
					{"origin": [-1, 7.75, 4.94607], "size": [2, 6, 2], "uv": [0, 113]}
				]
			},
			{
				"name": "bone91",
				"parent": "sittingRotationSkirt",
				"pivot": [0, 1.75, -0.25],
				"rotation": [0, -154.28571, 0]
			},
			{
				"name": "bone92",
				"parent": "bone91",
				"pivot": [0, 1.75, 5.94607],
				"rotation": [23, 0, 0]
			},
			{
				"name": "bone93",
				"parent": "bone92",
				"pivot": [0, 1.75, 5.94607],
				"rotation": [0, -45, 0],
				"cubes": [
					{"origin": [-1, 7.75, 4.94607], "size": [2, 6, 2], "uv": [112, 25]}
				]
			},
			{
				"name": "bone94",
				"parent": "sittingRotationSkirt",
				"pivot": [0, 1.75, -0.25],
				"rotation": [0, -180, 0]
			},
			{
				"name": "bone95",
				"parent": "bone94",
				"pivot": [0, 1.75, 5.94607],
				"rotation": [23, 0, 0]
			},
			{
				"name": "bone96",
				"parent": "bone95",
				"pivot": [0, 1.75, 5.94607],
				"rotation": [0, -45, 0],
				"cubes": [
					{"origin": [-1, 7.75, 4.94607], "size": [2, 6, 2], "uv": [0, 95]}
				]
			},
			{
				"name": "bone97",
				"parent": "sittingRotationSkirt",
				"pivot": [0, 1.75, -0.25],
				"rotation": [0, -205.71429, 0]
			},
			{
				"name": "bone98",
				"parent": "bone97",
				"pivot": [0, 1.75, 5.94607],
				"rotation": [23, 0, 0]
			},
			{
				"name": "bone99",
				"parent": "bone98",
				"pivot": [0, 1.75, 5.94607],
				"rotation": [0, -45, 0],
				"cubes": [
					{"origin": [-1, 7.75, 4.94607], "size": [2, 6, 2], "uv": [86, 0]}
				]
			},
			{
				"name": "bone100",
				"parent": "sittingRotationSkirt",
				"pivot": [0, 1.75, -0.25],
				"rotation": [0, -231.42857, 0]
			},
			{
				"name": "bone101",
				"parent": "bone100",
				"pivot": [0, 1.75, 5.94607],
				"rotation": [23, 0, 0]
			},
			{
				"name": "bone102",
				"parent": "bone101",
				"pivot": [0, 1.75, 5.94607],
				"rotation": [0, -45, 0],
				"cubes": [
					{"origin": [-1, 7.75, 4.94607], "size": [2, 6, 2], "uv": [59, 56]}
				]
			},
			{
				"name": "bone103",
				"parent": "sittingRotationSkirt",
				"pivot": [0, 1.75, -0.25],
				"rotation": [0, -257.14286, 0]
			},
			{
				"name": "bone104",
				"parent": "bone103",
				"pivot": [0, 1.75, 5.94607],
				"rotation": [23, 0, 0]
			},
			{
				"name": "bone105",
				"parent": "bone104",
				"pivot": [0, 1.75, 5.94607],
				"rotation": [0, -45, 0],
				"cubes": [
					{"origin": [-1, 6.75, 4.94607], "size": [2, 8, 2], "uv": [142, 49]}
				]
			},
			{
				"name": "bone106",
				"parent": "sittingRotationSkirt",
				"pivot": [0, 1.75, -0.25],
				"rotation": [0, -282.85714, 0]
			},
			{
				"name": "bone107",
				"parent": "bone106",
				"pivot": [0, 1.75, 5.94607],
				"rotation": [23, 0, 0]
			},
			{
				"name": "bone108",
				"parent": "bone107",
				"pivot": [0, 1.75, 5.94607],
				"rotation": [0, -45, 0],
				"cubes": [
					{"origin": [-1, 5.75, 4.94607], "size": [2, 9, 2], "uv": [66, 141]}
				]
			},
			{
				"name": "bone109",
				"parent": "sittingRotationSkirt",
				"pivot": [0, 1.75, -0.25],
				"rotation": [0, -308.57143, 0]
			},
			{
				"name": "bone110",
				"parent": "bone109",
				"pivot": [0, 1.75, 5.94607],
				"rotation": [23, 0, 0]
			},
			{
				"name": "bone111",
				"parent": "bone110",
				"pivot": [0, 1.75, 5.94607],
				"rotation": [0, -45, 0],
				"cubes": [
					{"origin": [-1, 4.75, 4.94607], "size": [2, 10, 2], "uv": [60, 131]}
				]
			},
			{
				"name": "bone112",
				"parent": "sittingRotationSkirt",
				"pivot": [0, 1.75, -0.25],
				"rotation": [0, -334.28571, 0]
			},
			{
				"name": "bone113",
				"parent": "bone112",
				"pivot": [0, 1.75, 5.94607],
				"rotation": [23, 0, 0]
			},
			{
				"name": "bone114",
				"parent": "bone113",
				"pivot": [0, 1.75, 5.94607],
				"rotation": [0, -45, 0],
				"cubes": [
					{"origin": [-1, 3.75, 4.94607], "size": [2, 11, 2], "uv": [16, 129]}
				]
			},
			{
				"name": "skirt",
				"parent": "body",
				"pivot": [0, 13.25, -0.25],
				"rotation": [2.5, 0, 0]
			},
			{
				"name": "outerSkirt",
				"parent": "skirt",
				"pivot": [0, 13.25, -0.25]
			},
			{
				"name": "bone",
				"parent": "outerSkirt",
				"pivot": [0, 2.75, -0.25]
			},
			{
				"name": "bone2",
				"parent": "bone",
				"pivot": [0, 2.75, 5.94607],
				"rotation": [23, 0, 0]
			},
			{
				"name": "bone3",
				"parent": "bone2",
				"pivot": [0, 14.75, 5.94607],
				"rotation": [0, -45, 0],
				"cubes": [
					{"origin": [-1, 2.75, 4.94607], "size": [2, 12, 2], "uv": [8, 129]}
				]
			},
			{
				"name": "bone4",
				"parent": "outerSkirt",
				"pivot": [0, 2.75, -0.25],
				"rotation": [0, -25.71429, 0]
			},
			{
				"name": "bone5",
				"parent": "bone4",
				"pivot": [0, 2.75, 5.94607],
				"rotation": [23, 0, 0]
			},
			{
				"name": "bone6",
				"parent": "bone5",
				"pivot": [0, 14.75, 5.94607],
				"rotation": [0, -45, 0],
				"cubes": [
					{"origin": [-1, 3.25, 4.94607], "size": [2, 11, 2], "uv": [52, 131]}
				]
			},
			{
				"name": "bone7",
				"parent": "outerSkirt",
				"pivot": [0, 2.75, -0.25],
				"rotation": [0, -51.42857, 0]
			},
			{
				"name": "bone8",
				"parent": "bone7",
				"pivot": [0, 2.75, 5.94607],
				"rotation": [23, 0, 0]
			},
			{
				"name": "bone9",
				"parent": "bone8",
				"pivot": [0, 14.75, 5.94607],
				"rotation": [0, -45, 0],
				"cubes": [
					{"origin": [-1, 4.25, 4.94607], "size": [2, 10, 2], "uv": [24, 138]}
				]
			},
			{
				"name": "bone10",
				"parent": "outerSkirt",
				"pivot": [0, 2.75, -0.25],
				"rotation": [0, -77.14286, 0]
			},
			{
				"name": "bone11",
				"parent": "bone10",
				"pivot": [0, 2.75, 5.94607],
				"rotation": [23, 0, 0]
			},
			{
				"name": "bone12",
				"parent": "bone11",
				"pivot": [0, 2.75, 5.94607],
				"rotation": [0, -45, 0],
				"cubes": [
					{"origin": [-1, 5.25, 4.94607], "size": [2, 9, 2], "uv": [135, 142]}
				]
			},
			{
				"name": "bone13",
				"parent": "outerSkirt",
				"pivot": [0, 2.75, -0.25],
				"rotation": [0, -102.85714, 0]
			},
			{
				"name": "bone14",
				"parent": "bone13",
				"pivot": [0, 2.75, 5.94607],
				"rotation": [23, 0, 0]
			},
			{
				"name": "bone15",
				"parent": "bone14",
				"pivot": [0, 2.75, 5.94607],
				"rotation": [0, -45, 0],
				"cubes": [
					{"origin": [-1, 6.25, 4.94607], "size": [2, 8, 2], "uv": [143, 140]}
				]
			},
			{
				"name": "bone16",
				"parent": "outerSkirt",
				"pivot": [0, 2.75, -0.25],
				"rotation": [0, -128.57143, 0]
			},
			{
				"name": "bone17",
				"parent": "bone16",
				"pivot": [0, 2.75, 5.94607],
				"rotation": [23, 0, 0]
			},
			{
				"name": "bone18",
				"parent": "bone17",
				"pivot": [0, 2.75, 5.94607],
				"rotation": [0, -45, 0],
				"cubes": [
					{"origin": [-1, 7.25, 4.94607], "size": [2, 6, 2], "uv": [144, 23]}
				]
			},
			{
				"name": "bone19",
				"parent": "outerSkirt",
				"pivot": [0, 2.75, -0.25],
				"rotation": [0, -154.28571, 0]
			},
			{
				"name": "bone20",
				"parent": "bone19",
				"pivot": [0, 2.75, 5.94607],
				"rotation": [23, 0, 0]
			},
			{
				"name": "bone21",
				"parent": "bone20",
				"pivot": [0, 2.75, 5.94607],
				"rotation": [0, -45, 0],
				"cubes": [
					{"origin": [-1, 7.75, 4.94607], "size": [2, 6, 2], "uv": [144, 7]}
				]
			},
			{
				"name": "bone22",
				"parent": "outerSkirt",
				"pivot": [0, 2.75, -0.25],
				"rotation": [0, -180, 0]
			},
			{
				"name": "bone23",
				"parent": "bone22",
				"pivot": [0, 2.75, 5.94607],
				"rotation": [23, 0, 0]
			},
			{
				"name": "bone24",
				"parent": "bone23",
				"pivot": [0, 2.75, 5.94607],
				"rotation": [0, -45, 0],
				"cubes": [
					{"origin": [-1, 8.25, 4.94607], "size": [2, 6, 2], "uv": [141, 83]}
				]
			},
			{
				"name": "bone25",
				"parent": "outerSkirt",
				"pivot": [0, 2.75, -0.25],
				"rotation": [0, -205.71429, 0]
			},
			{
				"name": "bone26",
				"parent": "bone25",
				"pivot": [0, 2.75, 5.94607],
				"rotation": [23, 0, 0]
			},
			{
				"name": "bone27",
				"parent": "bone26",
				"pivot": [0, 2.75, 5.94607],
				"rotation": [0, -45, 0],
				"cubes": [
					{"origin": [-1, 8.75, 4.94607], "size": [2, 6, 2], "uv": [117, 55]}
				]
			},
			{
				"name": "bone28",
				"parent": "outerSkirt",
				"pivot": [0, 2.75, -0.25],
				"rotation": [0, -231.42857, 0]
			},
			{
				"name": "bone29",
				"parent": "bone28",
				"pivot": [0, 2.75, 5.94607],
				"rotation": [23, 0, 0]
			},
			{
				"name": "bone30",
				"parent": "bone29",
				"pivot": [0, 2.75, 5.94607],
				"rotation": [0, -45, 0],
				"cubes": [
					{"origin": [-1, 7.75, 4.94607], "size": [2, 6, 2], "uv": [65, 115]}
				]
			},
			{
				"name": "bone31",
				"parent": "outerSkirt",
				"pivot": [0, 2.75, -0.25],
				"rotation": [0, -257.14286, 0]
			},
			{
				"name": "bone32",
				"parent": "bone31",
				"pivot": [0, 2.75, 5.94607],
				"rotation": [23, 0, 0]
			},
			{
				"name": "bone33",
				"parent": "bone32",
				"pivot": [0, 2.75, 5.94607],
				"rotation": [0, -45, 0],
				"cubes": [
					{"origin": [-1, 6.75, 4.94607], "size": [2, 8, 2], "uv": [123, 143]}
				]
			},
			{
				"name": "bone34",
				"parent": "outerSkirt",
				"pivot": [0, 2.75, -0.25],
				"rotation": [0, -282.85714, 0]
			},
			{
				"name": "bone35",
				"parent": "bone34",
				"pivot": [0, 2.75, 5.94607],
				"rotation": [23, 0, 0]
			},
			{
				"name": "bone36",
				"parent": "bone35",
				"pivot": [0, 2.75, 5.94607],
				"rotation": [0, -45, 0],
				"cubes": [
					{"origin": [-1, 5.75, 4.94607], "size": [2, 9, 2], "uv": [14, 142]}
				]
			},
			{
				"name": "bone37",
				"parent": "outerSkirt",
				"pivot": [0, 2.75, -0.25],
				"rotation": [0, -308.57143, 0]
			},
			{
				"name": "bone38",
				"parent": "bone37",
				"pivot": [0, 2.75, 5.94607],
				"rotation": [23, 0, 0]
			},
			{
				"name": "bone39",
				"parent": "bone38",
				"pivot": [0, 14.75, 5.94607],
				"rotation": [0, -45, 0],
				"cubes": [
					{"origin": [-1, 4.75, 4.94607], "size": [2, 10, 2], "uv": [137, 130]}
				]
			},
			{
				"name": "bone40",
				"parent": "outerSkirt",
				"pivot": [0, 2.75, -0.25],
				"rotation": [0, -334.28571, 0]
			},
			{
				"name": "bone41",
				"parent": "bone40",
				"pivot": [0, 2.75, 5.94607],
				"rotation": [23, 0, 0]
			},
			{
				"name": "bone42",
				"parent": "bone41",
				"pivot": [0, 14.75, 5.94607],
				"rotation": [0, -45, 0],
				"cubes": [
					{"origin": [-1, 3.75, 4.94607], "size": [2, 11, 2], "uv": [44, 131]}
				]
			},
			{
				"name": "legRight",
				"pivot": [-2, 10, 0],
				"cubes": [
					{"origin": [-3.499, 0, -1.5], "size": [3, 10, 3], "uv": [46, 95]}
				]
			},
			{
				"name": "legringRight",
				"parent": "legRight",
				"pivot": [0, 1, 0]
			},
			{
				"name": "bone54",
				"parent": "legringRight",
				"pivot": [-8, 20, 0],
				"cubes": [
					{"origin": [-3.95, 2, -2.2], "size": [4, 1, 1], "uv": [38, 95], "inflate": -0.35}
				]
			},
			{
				"name": "bone57",
				"parent": "legringRight",
				"pivot": [-2, 1, 0],
				"rotation": [0, 90, 0],
				"cubes": [
					{"origin": [-3.95, 2, -2.2], "size": [4, 1, 1], "uv": [86, 16], "inflate": -0.35}
				]
			},
			{
				"name": "bone56",
				"parent": "legringRight",
				"pivot": [-2, 1, 0],
				"rotation": [0, 180, 0],
				"cubes": [
					{"origin": [-3.95, 2, -2.2], "size": [4, 1, 1], "uv": [59, 73], "inflate": -0.35}
				]
			},
			{
				"name": "bone55",
				"parent": "legringRight",
				"pivot": [-2, 1, 0],
				"rotation": [0, -90, 0],
				"cubes": [
					{"origin": [-3.95, 2, -2.2], "size": [4, 1, 1], "uv": [0, 73], "inflate": -0.35}
				]
			},
			{
				"name": "legLeft",
				"pivot": [2, 10, 0],
				"cubes": [
					{"origin": [0.499, 0, -1.5], "size": [3, 10, 3], "uv": [46, 80], "mirror": true}
				]
			},
			{
				"name": "legringLeft",
				"parent": "legLeft",
				"pivot": [0, 1, 0]
			},
			{
				"name": "bone208",
				"parent": "legringLeft",
				"pivot": [8, 20, 0],
				"cubes": [
					{"origin": [-0.05, 2, -2.2], "size": [4, 1, 1], "uv": [38, 95], "inflate": -0.35, "mirror": true}
				]
			},
			{
				"name": "bone209",
				"parent": "legringLeft",
				"pivot": [2, 1, 0],
				"rotation": [0, -90, 0],
				"cubes": [
					{"origin": [-0.05, 2, -2.2], "size": [4, 1, 1], "uv": [86, 16], "inflate": -0.35, "mirror": true}
				]
			},
			{
				"name": "bone210",
				"parent": "legringLeft",
				"pivot": [2, 1, 0],
				"rotation": [0, -180, 0],
				"cubes": [
					{"origin": [-0.05, 2, -2.2], "size": [4, 1, 1], "uv": [59, 73], "inflate": -0.35, "mirror": true}
				]
			},
			{
				"name": "bone211",
				"parent": "legringLeft",
				"pivot": [2, 1, 0],
				"rotation": [0, 90, 0],
				"cubes": [
					{"origin": [-0.05, 2, -2.2], "size": [4, 1, 1], "uv": [0, 73], "inflate": -0.35, "mirror": true}
				]
			},
			{
				"name": "FlyingStone",
				"parent": "legLeft",
				"pivot": [0, 6, 0],
				"cubes": [
					{"origin": [1.5, 8, -2.25], "size": [1, 1, 1], "uv": [34, 93], "inflate": -0.2}
				]
			},
			{
				"name": "bone242",
				"parent": "FlyingStone",
				"pivot": [8, 26, 0],
				"cubes": [
					{"origin": [-0.05, 8, -2.2], "size": [4, 1, 1], "uv": [38, 93], "inflate": -0.35, "mirror": true}
				]
			},
			{
				"name": "bone243",
				"parent": "FlyingStone",
				"pivot": [2, 7, 0],
				"rotation": [0, -90, 0],
				"cubes": [
					{"origin": [-0.05, 8, -2.2], "size": [4, 1, 1], "uv": [38, 93], "inflate": -0.35, "mirror": true}
				]
			},
			{
				"name": "bone244",
				"parent": "FlyingStone",
				"pivot": [2, 7, 0],
				"rotation": [0, -180, 0],
				"cubes": [
					{"origin": [-0.05, 8, -2.2], "size": [4, 1, 1], "uv": [38, 93], "inflate": -0.35, "mirror": true}
				]
			},
			{
				"name": "bone245",
				"parent": "FlyingStone",
				"pivot": [2, 7, 0],
				"rotation": [0, 90, 0],
				"cubes": [
					{"origin": [-0.05, 8, -2.2], "size": [4, 1, 1], "uv": [38, 93], "inflate": -0.35, "mirror": true}
				]
			},
			{
				"name": "bone246",
				"parent": "FlyingStone",
				"pivot": [0, 6, 0]
			},
			{
				"name": "tail",
				"pivot": [0, 9.25, 1.3],
				"rotation": [25, 0, 0]
			},
			{
				"name": "tail1",
				"parent": "tail",
				"pivot": [0, 6.23213, 0.91521],
				"cubes": [
					{"origin": [-2, 2.48213, 0.66521], "size": [4, 9, 3], "uv": [0, 56], "inflate": -0.25},
					{"origin": [-1.5, 2.48213, 0.16521], "size": [3, 9, 3], "uv": [89, 128], "inflate": -0.25}
				]
			},
			{
				"name": "tail2",
				"parent": "tail",
				"pivot": [0, 2.41963, 2.26521],
				"rotation": [32.5, 0, 0],
				"cubes": [
					{"origin": [-2, -0.34287, 1.04021], "size": [4, 4, 3], "uv": [127, 85], "inflate": -0.25},
					{"origin": [-1.5, 0.05713, 0.66521], "size": [3, 4, 3], "uv": [86, 140], "inflate": -0.25}
				]
			},
			{
				"name": "tail3",
				"parent": "tail",
				"pivot": [0, 0.30213, 4.09718],
				"rotation": [55, 0, 0],
				"cubes": [
					{"origin": [-2, -1.68249, 2.66952], "size": [4, 3, 3], "uv": [137, 92], "inflate": -0.25},
					{"origin": [-1.5, -1.0729, 2.39718], "size": [3, 3, 2], "uv": [15, 15], "inflate": -0.25},
					{"origin": [-3, -4.94787, 2.42218], "size": [6, 9, 8], "uv": [112, 25], "inflate": -3}
				]
			},
			{
				"name": "tail4",
				"parent": "tail",
				"pivot": [0, -0.38191, 5.97656],
				"rotation": [70, 0, 0],
				"cubes": [
					{"origin": [-2, -2.49153, 4.14221], "size": [4, 3, 3], "uv": [135, 122], "inflate": -0.25},
					{"origin": [-1.5, -2.80694, 3.89021], "size": [3, 4, 3], "uv": [140, 33], "inflate": -0.25}
				]
			},
			{
				"name": "tail5",
				"parent": "tail",
				"pivot": [0, -1.40797, 8.79564],
				"rotation": [87.5, 0, 0],
				"cubes": [
					{"origin": [-2, -3.59259, 7.3749], "size": [4, 5, 3], "uv": [115, 128], "inflate": -0.5},
					{"origin": [-1.5, -3.56989, 7.0449], "size": [3, 4, 3], "uv": [140, 16], "inflate": -0.5},
					{"origin": [-3, -6.23297, 6.87064], "size": [6, 10, 8], "uv": [0, 95], "inflate": -3}
				]
			},
			{
				"name": "tail6",
				"parent": "tail",
				"pivot": [0, -1.10797, 11.79564],
				"rotation": [105, 0, 0],
				"cubes": [
					{"origin": [-2, -3.29259, 10.3749], "size": [4, 5, 3], "uv": [101, 128], "inflate": -0.75},
					{"origin": [-1.5, -3.26989, 10.0449], "size": [3, 5, 3], "uv": [134, 68], "inflate": -0.75},
					{"origin": [-3, -5.73276, 9.61273], "size": [6, 9, 8], "uv": [112, 8], "inflate": -3}
				]
			},
			{
				"name": "tail7",
				"parent": "tail",
				"pivot": [0, -0.28448, 13.80419],
				"rotation": [122.5, 0, 0],
				"cubes": [
					{"origin": [-2, -2.4691, 12.38345], "size": [4, 5, 3], "uv": [125, 0], "inflate": -1},
					{"origin": [-1.5, -2.4464, 12.05345], "size": [3, 5, 3], "uv": [132, 25], "inflate": -1},
					{"origin": [-3, -4.5115, 11.38953], "size": [6, 8, 8], "uv": [45, 115], "inflate": -3}
				]
			},
			{
				"name": "tail8",
				"parent": "tail",
				"pivot": [0, 0.74245, 15.29535],
				"rotation": [130, 0, 0],
				"cubes": [
					{"origin": [-2, -1.44217, 13.87461], "size": [4, 5, 3], "uv": [111, 0], "inflate": -1.25},
					{"origin": [-1.5, -1.41947, 13.54461], "size": [3, 5, 3], "uv": [132, 8], "inflate": -1.25},
					{"origin": [-3, -3.27424, 12.6203], "size": [6, 8, 8], "uv": [0, 113], "inflate": -3}
				]
			},
			{
				"name": "tail9",
				"parent": "tail",
				"pivot": [0, 2.40798, 16.85931],
				"rotation": [137.5, 0, 0],
				"cubes": [
					{"origin": [-2, -1.06311, 16.82965], "size": [4, 5, 0], "uv": [46, 108]}
				]
			},
			{
				"name": "bone173",
				"parent": "tail9",
				"pivot": [0.25, 2.41231, 16.82625],
				"rotation": [0, 0, 7],
				"cubes": [
					{"origin": [-1.5, 1.16231, 15.32625], "size": [3, 4, 3], "uv": [139, 0], "inflate": -1.3}
				]
			},
			{
				"name": "bone174",
				"parent": "tail9",
				"pivot": [-0.25, 2.41231, 16.82625],
				"rotation": [0, 0, -7],
				"cubes": [
					{"origin": [-1.5, 1.16231, 15.32625], "size": [3, 4, 3], "uv": [138, 76], "inflate": -1.3}
				]
			},
			{
				"name": "bone175",
				"parent": "tail9",
				"pivot": [0, 2.48501, 17.02125],
				"rotation": [10, 0, 0],
				"cubes": [
					{"origin": [-1.5, 1.28264, 15.2996], "size": [3, 4, 3], "uv": [32, 138], "inflate": -1.3}
				]
			}
		]
	}
}