{
	"format_version": "1.10.0",
	"geometry.model": {
		"texturewidth": 256,
		"textureheight": 256,
		"visible_bounds_width": 5,
		"visible_bounds_height": 4,
		"visible_bounds_offset": [0, 1, 0],
		"bones": [
			{
				"name": "head",
				"pivot": [0, 19, 0],
				"cubes": [
					{"origin": [-4, 19, -4], "size": [8, 8, 8], "uv": [41, 164]}
				]
			},
			{
				"name": "hair",
				"parent": "head",
				"pivot": [0, 19, 0],
				"cubes": [
					{"origin": [-4.5, 19.5, -3.5], "size": [9, 7, 7], "uv": [169, 173]},
					{"origin": [-4, 19.5, -4.5], "size": [8, 7, 9], "uv": [162, 34]},
					{"origin": [-3.5, 26.5, -3.5], "size": [7, 1, 7], "uv": [113, 80]}
				]
			},
			{
				"name": "longhairFront",
				"parent": "hair",
				"pivot": [0, 19, 0]
			},
			{
				"name": "bone13",
				"parent": "longhairFront",
				"pivot": [-3, 19, -4],
				"rotation": [90, 0, -90]
			},
			{
				"name": "bone14",
				"parent": "bone13",
				"pivot": [-7, 1.125, 0],
				"rotation": [0, 0, -3.2834],
				"cubes": [
					{"origin": [-2.98278, 18.74056, -4], "size": [1, 0, 1], "uv": [0, 81]}
				]
			},
			{
				"name": "bone15",
				"parent": "bone13",
				"pivot": [-7.99805, 1.06774, 0],
				"rotation": [0, 0, -6.81893],
				"cubes": [
					{"origin": [-2.90407, 18.34038, -4], "size": [1, 0, 1], "uv": [21, 80]}
				]
			},
			{
				"name": "bone16",
				"parent": "bone13",
				"pivot": [-8.99121, 0.94898, 0],
				"rotation": [0, 0, -4.15977],
				"cubes": [
					{"origin": [-4.70515, 18.48574, -4], "size": [1, 0, 1], "uv": [13, 16]}
				]
			},
			{
				"name": "bone17",
				"parent": "bone13",
				"pivot": [-9.98828, 0.87647, 0],
				"rotation": [0, 0, 2.32915],
				"cubes": [
					{"origin": [-7.71793, 18.89826, -4], "size": [1, 0, 1], "uv": [0, 4]}
				]
			},
			{
				"name": "bone18",
				"parent": "bone13",
				"pivot": [-10.9873, 0.9171, 0],
				"rotation": [0, 0, 6.66243],
				"cubes": [
					{"origin": [-10.08799, 19.13448, -4], "size": [1, 0, 1], "uv": [0, 2]}
				]
			},
			{
				"name": "bone19",
				"parent": "bone13",
				"pivot": [-11.98047, 1.03311, 0],
				"rotation": [0, 0, 4.93794],
				"cubes": [
					{"origin": [-10.53379, 19.18508, -4], "size": [1, 0, 1], "uv": [0, 0]}
				]
			},
			{
				"name": "bone150",
				"parent": "longhairFront",
				"pivot": [3, 19, -4],
				"rotation": [90, 0, 90]
			},
			{
				"name": "bone151",
				"parent": "bone150",
				"pivot": [7, 1.125, 0],
				"rotation": [0, 0, 3.2834],
				"cubes": [
					{"origin": [1.98278, 18.74056, -4], "size": [1, 0, 1], "uv": [0, 81], "mirror": true}
				]
			},
			{
				"name": "bone152",
				"parent": "bone150",
				"pivot": [7.99805, 1.06774, 0],
				"rotation": [0, 0, 6.81893],
				"cubes": [
					{"origin": [1.90407, 18.34038, -4], "size": [1, 0, 1], "uv": [21, 80], "mirror": true}
				]
			},
			{
				"name": "bone153",
				"parent": "bone150",
				"pivot": [8.99121, 0.94898, 0],
				"rotation": [0, 0, 4.15977],
				"cubes": [
					{"origin": [3.70515, 18.48574, -4], "size": [1, 0, 1], "uv": [13, 16], "mirror": true}
				]
			},
			{
				"name": "bone154",
				"parent": "bone150",
				"pivot": [9.98828, 0.87647, 0],
				"rotation": [0, 0, -2.32915],
				"cubes": [
					{"origin": [6.71793, 18.89826, -4], "size": [1, 0, 1], "uv": [0, 4], "mirror": true}
				]
			},
			{
				"name": "bone155",
				"parent": "bone150",
				"pivot": [10.9873, 0.9171, 0],
				"rotation": [0, 0, -6.66243],
				"cubes": [
					{"origin": [9.08799, 19.13448, -4], "size": [1, 0, 1], "uv": [0, 2], "mirror": true}
				]
			},
			{
				"name": "bone156",
				"parent": "bone150",
				"pivot": [11.98047, 1.03311, 0],
				"rotation": [0, 0, -4.93794],
				"cubes": [
					{"origin": [9.53379, 19.18508, -4], "size": [1, 0, 1], "uv": [0, 0], "mirror": true}
				]
			},
			{
				"name": "longhairBack",
				"parent": "hair",
				"pivot": [0, 20, 4.25],
				"rotation": [10, 0, 0],
				"cubes": [
					{"origin": [-6.5, 14.00571, 2.48828], "size": [13, 6, 2], "uv": [197, 150]}
				]
			},
			{
				"name": "bone157",
				"parent": "longhairBack",
				"pivot": [0, 11, 4.25],
				"rotation": [12.5, 0, 0],
				"cubes": [
					{"origin": [-6.5, 6.88289, 3.13319], "size": [13, 7, 2], "uv": [197, 167]}
				]
			},
			{
				"name": "hairLeftSwing",
				"parent": "hair",
				"pivot": [4.5, 19.5, 0]
			},
			{
				"name": "longhairLeft",
				"parent": "hairLeftSwing",
				"pivot": [4.325, 19.6, 3.5]
			},
			{
				"name": "longhairLeft1",
				"parent": "longhairLeft",
				"pivot": [4.325, 19.6, 1.5],
				"rotation": [180, 0, 52.5]
			},
			{
				"name": "bone69",
				"parent": "longhairLeft1",
				"pivot": [5.325, 19.65, 1.5],
				"rotation": [0, 0, -13.18739],
				"cubes": [
					{"origin": [4.32377, 19.65568, 1.5], "size": [1, 0, 2], "uv": [162, 90], "mirror": true}
				]
			},
			{
				"name": "bone74",
				"parent": "longhairLeft1",
				"pivot": [5.32305, 19.65558, 1.5],
				"rotation": [0, 0, -15.03581],
				"cubes": [
					{"origin": [5.32305, 19.65558, 1.5], "size": [1, 0, 2], "uv": [162, 54], "mirror": true}
				]
			},
			{
				"name": "bone75",
				"parent": "longhairLeft1",
				"pivot": [6.28887, 19.91502, 1.5],
				"rotation": [0, 0, 8.96038],
				"cubes": [
					{"origin": [6.28887, 19.91502, 1.5], "size": [1, 0, 2], "uv": [162, 51], "mirror": true}
				]
			},
			{
				"name": "bone104",
				"parent": "longhairLeft1",
				"pivot": [7.27617, 19.75934, 1.5],
				"rotation": [0, 0, 35.06221],
				"cubes": [
					{"origin": [7.27617, 19.75934, 1.5], "size": [1, 0, 2], "uv": [160, 87], "mirror": true}
				]
			},
			{
				"name": "longhairLeft2",
				"parent": "longhairLeft",
				"pivot": [4.325, 19.6, 3.5],
				"rotation": [180, 0, 87.5]
			},
			{
				"name": "bone105",
				"parent": "longhairLeft2",
				"pivot": [5.325, 19.65, 3.5],
				"rotation": [0, 0, -13.18739],
				"cubes": [
					{"origin": [4.32377, 19.65568, 3.5], "size": [1, 0, 2], "uv": [160, 10], "mirror": true}
				]
			},
			{
				"name": "bone106",
				"parent": "longhairLeft2",
				"pivot": [5.32305, 19.65558, 3.5],
				"rotation": [0, 0, -15.03581],
				"cubes": [
					{"origin": [5.32305, 19.65558, 3.5], "size": [1, 0, 2], "uv": [160, 7], "mirror": true}
				]
			},
			{
				"name": "bone107",
				"parent": "longhairLeft2",
				"pivot": [6.28887, 19.91502, 3.5],
				"rotation": [0, 0, 8.96038],
				"cubes": [
					{"origin": [6.28887, 19.91502, 3.5], "size": [1, 0, 2], "uv": [100, 155], "mirror": true}
				]
			},
			{
				"name": "bone108",
				"parent": "longhairLeft2",
				"pivot": [7.27617, 19.75934, 3.5],
				"rotation": [0, 0, 35.06221],
				"cubes": [
					{"origin": [7.27617, 19.75934, 3.5], "size": [1, 0, 2], "uv": [155, 88], "mirror": true}
				]
			},
			{
				"name": "bone109",
				"parent": "longhairLeft2",
				"pivot": [8.09453, 19.185, 3.5],
				"rotation": [0, 0, 46.7999],
				"cubes": [
					{"origin": [8.09453, 19.185, 3.5], "size": [1, 0, 2], "uv": [95, 153], "mirror": true}
				]
			},
			{
				"name": "bone110",
				"parent": "longhairLeft2",
				"pivot": [8.7791, 18.45601, 3.5],
				"rotation": [0, 0, 50.77421],
				"cubes": [
					{"origin": [8.7791, 18.45601, 3.5], "size": [1, 0, 2], "uv": [150, 87], "mirror": true}
				]
			},
			{
				"name": "bone111",
				"parent": "longhairLeft2",
				"pivot": [9.41143, 17.68141, 3.5],
				"rotation": [0, 0, 50.25037],
				"cubes": [
					{"origin": [9.41143, 17.68141, 3.5], "size": [1, 0, 2], "uv": [145, 88], "mirror": true}
				]
			},
			{
				"name": "bone112",
				"parent": "longhairLeft2",
				"pivot": [10.05107, 16.91231, 3.5],
				"rotation": [0, 0, 44.43759],
				"cubes": [
					{"origin": [10.05107, 16.91231, 3.5], "size": [1, 0, 2], "uv": [145, 14], "mirror": true}
				]
			},
			{
				"name": "bone113",
				"parent": "longhairLeft2",
				"pivot": [10.76494, 16.21232, 3.5],
				"rotation": [0, 0, 26.03684],
				"cubes": [
					{"origin": [10.76494, 16.21232, 3.5], "size": [1, 0, 2], "uv": [140, 87], "mirror": true}
				]
			},
			{
				"name": "bone114",
				"parent": "longhairLeft2",
				"pivot": [11.66338, 15.77341, 3.5],
				"rotation": [0, 0, -13.94598],
				"cubes": [
					{"origin": [11.66338, 15.77341, 3.5], "size": [1, 0, 2], "uv": [72, 136], "mirror": true}
				]
			},
			{
				"name": "bone115",
				"parent": "longhairLeft2",
				"pivot": [12.63408, 16.01446, 3.5],
				"rotation": [0, 0, -41.13687],
				"cubes": [
					{"origin": [12.63408, 16.01446, 3.5], "size": [1, 0, 2], "uv": [130, 10], "mirror": true}
				]
			},
			{
				"name": "bone116",
				"parent": "longhairLeft2",
				"pivot": [13.38701, 16.67213, 3.5],
				"rotation": [0, 0, -48.59263],
				"cubes": [
					{"origin": [13.38701, 16.67213, 3.5], "size": [1, 0, 2], "uv": [101, 80], "mirror": true}
				]
			},
			{
				"name": "bone117",
				"parent": "longhairLeft2",
				"pivot": [14.04814, 17.42185, 3.5],
				"rotation": [0, 0, -43.27838],
				"cubes": [
					{"origin": [14.04814, 17.42185, 3.5], "size": [1, 0, 2], "uv": [94, 80], "mirror": true}
				]
			},
			{
				"name": "bone118",
				"parent": "longhairLeft2",
				"pivot": [14.77617, 18.10739, 3.5],
				"rotation": [0, 0, -7.7864],
				"cubes": [
					{"origin": [14.77617, 18.10739, 3.5], "size": [1, 0, 2], "uv": [87, 80], "mirror": true}
				]
			},
			{
				"name": "hairRightSwing",
				"parent": "hair",
				"pivot": [-4.5, 19.5, 0]
			},
			{
				"name": "longhairRight",
				"parent": "hairRightSwing",
				"pivot": [-4.325, 19.6, 3.5]
			},
			{
				"name": "longhairRight1",
				"parent": "longhairRight",
				"pivot": [-4.325, 19.6, 1.5],
				"rotation": [180, 0, -52.5]
			},
			{
				"name": "bone76",
				"parent": "longhairRight1",
				"pivot": [-5.325, 19.65, 1.5],
				"rotation": [0, 0, 13.18739],
				"cubes": [
					{"origin": [-5.32377, 19.65568, 1.5], "size": [1, 0, 2], "uv": [162, 90]}
				]
			},
			{
				"name": "bone77",
				"parent": "longhairRight1",
				"pivot": [-5.32305, 19.65558, 1.5],
				"rotation": [0, 0, 15.03581],
				"cubes": [
					{"origin": [-6.32305, 19.65558, 1.5], "size": [1, 0, 2], "uv": [162, 54]}
				]
			},
			{
				"name": "bone78",
				"parent": "longhairRight1",
				"pivot": [-6.28887, 19.91502, 1.5],
				"rotation": [0, 0, -8.96038],
				"cubes": [
					{"origin": [-7.28887, 19.91502, 1.5], "size": [1, 0, 2], "uv": [162, 51]}
				]
			},
			{
				"name": "bone79",
				"parent": "longhairRight1",
				"pivot": [-7.27617, 19.75934, 1.5],
				"rotation": [0, 0, -35.06221],
				"cubes": [
					{"origin": [-8.27617, 19.75934, 1.5], "size": [1, 0, 2], "uv": [160, 87]}
				]
			},
			{
				"name": "longhairRight2",
				"parent": "longhairRight",
				"pivot": [-4.325, 19.6, 3.5],
				"rotation": [180, 0, -87.5]
			},
			{
				"name": "bone20",
				"parent": "longhairRight2",
				"pivot": [-5.325, 19.65, 3.5],
				"rotation": [0, 0, 13.18739],
				"cubes": [
					{"origin": [-5.32377, 19.65568, 3.5], "size": [1, 0, 2], "uv": [160, 10]}
				]
			},
			{
				"name": "bone30",
				"parent": "longhairRight2",
				"pivot": [-5.32305, 19.65558, 3.5],
				"rotation": [0, 0, 15.03581],
				"cubes": [
					{"origin": [-6.32305, 19.65558, 3.5], "size": [1, 0, 2], "uv": [160, 7]}
				]
			},
			{
				"name": "bone31",
				"parent": "longhairRight2",
				"pivot": [-6.28887, 19.91502, 3.5],
				"rotation": [0, 0, -8.96038],
				"cubes": [
					{"origin": [-7.28887, 19.91502, 3.5], "size": [1, 0, 2], "uv": [100, 155]}
				]
			},
			{
				"name": "bone32",
				"parent": "longhairRight2",
				"pivot": [-7.27617, 19.75934, 3.5],
				"rotation": [0, 0, -35.06221],
				"cubes": [
					{"origin": [-8.27617, 19.75934, 3.5], "size": [1, 0, 2], "uv": [155, 88]}
				]
			},
			{
				"name": "bone33",
				"parent": "longhairRight2",
				"pivot": [-8.09453, 19.185, 3.5],
				"rotation": [0, 0, -46.7999],
				"cubes": [
					{"origin": [-9.09453, 19.185, 3.5], "size": [1, 0, 2], "uv": [95, 153]}
				]
			},
			{
				"name": "bone34",
				"parent": "longhairRight2",
				"pivot": [-8.7791, 18.45601, 3.5],
				"rotation": [0, 0, -50.77421],
				"cubes": [
					{"origin": [-9.7791, 18.45601, 3.5], "size": [1, 0, 2], "uv": [150, 87]}
				]
			},
			{
				"name": "bone35",
				"parent": "longhairRight2",
				"pivot": [-9.41143, 17.68141, 3.5],
				"rotation": [0, 0, -50.25037],
				"cubes": [
					{"origin": [-10.41143, 17.68141, 3.5], "size": [1, 0, 2], "uv": [145, 88]}
				]
			},
			{
				"name": "bone36",
				"parent": "longhairRight2",
				"pivot": [-10.05107, 16.91231, 3.5],
				"rotation": [0, 0, -44.43759],
				"cubes": [
					{"origin": [-11.05107, 16.91231, 3.5], "size": [1, 0, 2], "uv": [145, 14]}
				]
			},
			{
				"name": "bone37",
				"parent": "longhairRight2",
				"pivot": [-10.76494, 16.21232, 3.5],
				"rotation": [0, 0, -26.03684],
				"cubes": [
					{"origin": [-11.76494, 16.21232, 3.5], "size": [1, 0, 2], "uv": [140, 87]}
				]
			},
			{
				"name": "bone68",
				"parent": "longhairRight2",
				"pivot": [-11.66338, 15.77341, 3.5],
				"rotation": [0, 0, 13.94598],
				"cubes": [
					{"origin": [-12.66338, 15.77341, 3.5], "size": [1, 0, 2], "uv": [72, 136]}
				]
			},
			{
				"name": "bone70",
				"parent": "longhairRight2",
				"pivot": [-12.63408, 16.01446, 3.5],
				"rotation": [0, 0, 41.13687],
				"cubes": [
					{"origin": [-13.63408, 16.01446, 3.5], "size": [1, 0, 2], "uv": [130, 10]}
				]
			},
			{
				"name": "bone71",
				"parent": "longhairRight2",
				"pivot": [-13.38701, 16.67213, 3.5],
				"rotation": [0, 0, 48.59263],
				"cubes": [
					{"origin": [-14.38701, 16.67213, 3.5], "size": [1, 0, 2], "uv": [101, 80]}
				]
			},
			{
				"name": "bone72",
				"parent": "longhairRight2",
				"pivot": [-14.04814, 17.42185, 3.5],
				"rotation": [0, 0, 43.27838],
				"cubes": [
					{"origin": [-15.04814, 17.42185, 3.5], "size": [1, 0, 2], "uv": [94, 80]}
				]
			},
			{
				"name": "bone73",
				"parent": "longhairRight2",
				"pivot": [-14.77617, 18.10739, 3.5],
				"rotation": [0, 0, 7.7864],
				"cubes": [
					{"origin": [-15.77617, 18.10739, 3.5], "size": [1, 0, 2], "uv": [87, 80]}
				]
			},
			{
				"name": "pupil",
				"parent": "head",
				"pivot": [0, 0, 0],
				"cubes": [
					{"origin": [-6, 16, -8.2005], "size": [9, 9, 8.4], "uv": [157, 139], "inflate": -4.2},
					{"origin": [-3, 16, -8.2005], "size": [9, 9, 8.4], "uv": [157, 139], "inflate": -4.2, "mirror": true}
				]
			},
			{
				"name": "ahoge",
				"parent": "head",
				"pivot": [0, 26.9, -4.3],
				"cubes": [
					{"origin": [-2.25, 25.2, -6.55], "size": [4.5, 7, 7], "uv": [0, 57], "inflate": -2.25}
				]
			},
			{
				"name": "blink",
				"parent": "head",
				"pivot": [0, 19, 0],
				"cubes": [
					{"origin": [-4, 19, -4.001], "size": [8, 8, 0], "uv": [0, 72]}
				]
			},
			{
				"name": "_helmet",
				"parent": "head",
				"pivot": [0, 19, 0]
			},
			{
				"name": "hairpin",
				"parent": "_helmet",
				"pivot": [3.5, 27, -4.15],
				"rotation": [-22.3495, -8.6294, 30.5525],
				"cubes": [
					{"origin": [-11.20562, 11.76366, -17.53404], "size": [30, 30, 26], "uv": [0, 57], "inflate": -13}
				]
			},
			{
				"name": "earLeftShake",
				"parent": "head",
				"pivot": [4.5, 26.5, 0]
			},
			{
				"name": "earLeft",
				"parent": "earLeftShake",
				"pivot": [4.15, 26.025, -0.15],
				"rotation": [0, 0, 35],
				"cubes": [
					{"origin": [1.17349, 22.59901, -4.15], "size": [7, 7, 7], "uv": [186, 51], "inflate": -3, "mirror": true},
					{"origin": [1.17349, 22.59901, -3.15], "size": [7, 7, 7], "uv": [185, 105], "inflate": -3, "mirror": true},
					{"origin": [2.17349, 22.59901, -4.15], "size": [7, 7, 7], "uv": [184, 132], "inflate": -3, "mirror": true},
					{"origin": [2.17349, 22.59901, -3.15], "size": [7, 7, 7], "uv": [41, 182], "inflate": -3, "mirror": true},
					{"origin": [3.17349, 22.59901, -4.15], "size": [7, 7, 7], "uv": [125, 180], "inflate": -3, "mirror": true},
					{"origin": [3.17349, 22.59901, -3.15], "size": [7, 7, 7], "uv": [96, 180], "inflate": -3, "mirror": true},
					{"origin": [4.17349, 22.59901, -4.15], "size": [7, 7, 7], "uv": [67, 174], "inflate": -3, "mirror": true},
					{"origin": [4.17349, 22.59901, -3.15], "size": [7, 7, 7], "uv": [131, 18], "inflate": -3, "mirror": true}
				]
			},
			{
				"name": "earRightShake",
				"parent": "head",
				"pivot": [-4.5, 26.5, 0]
			},
			{
				"name": "earRight",
				"parent": "earRightShake",
				"pivot": [-4.15, 26.025, -0.15],
				"rotation": [0, 0, -35],
				"cubes": [
					{"origin": [-8.17349, 22.59901, -4.15], "size": [7, 7, 7], "uv": [186, 51], "inflate": -3},
					{"origin": [-8.17349, 22.59901, -3.15], "size": [7, 7, 7], "uv": [185, 105], "inflate": -3},
					{"origin": [-9.17349, 22.59901, -4.15], "size": [7, 7, 7], "uv": [184, 132], "inflate": -3},
					{"origin": [-9.17349, 22.59901, -3.15], "size": [7, 7, 7], "uv": [41, 182], "inflate": -3},
					{"origin": [-10.17349, 22.59901, -4.15], "size": [7, 7, 7], "uv": [125, 180], "inflate": -3},
					{"origin": [-10.17349, 22.59901, -3.15], "size": [7, 7, 7], "uv": [96, 180], "inflate": -3},
					{"origin": [-11.17349, 22.59901, -4.15], "size": [7, 7, 7], "uv": [67, 174], "inflate": -3},
					{"origin": [-11.17349, 22.59901, -3.15], "size": [7, 7, 7], "uv": [131, 18], "inflate": -3}
				]
			},
			{
				"name": "body",
				"pivot": [0, 11.5, 0],
				"cubes": [
					{"origin": [-3, 9.999, -3], "size": [6, 9, 6], "uv": [0, 0]}
				]
			},
			{
				"name": "sittingRotationSkirt",
				"parent": "body",
				"pivot": [0, 13.5, 0]
			},
			{
				"name": "leggings",
				"parent": "sittingRotationSkirt",
				"pivot": [0, 13.5, 0]
			},
			{
				"name": "bone",
				"parent": "leggings",
				"pivot": [0, 14.5, 0]
			},
			{
				"name": "bone10",
				"parent": "bone",
				"pivot": [0, 13.5, 0],
				"rotation": [0, -180, 0]
			},
			{
				"name": "bone11",
				"parent": "bone10",
				"pivot": [0, 8, 3.97051],
				"rotation": [10, 0, 0]
			},
			{
				"name": "bone12",
				"parent": "bone11",
				"pivot": [-2.5, 7.65782, 3.97051],
				"rotation": [0, 0, 9.85108],
				"cubes": [
					{"origin": [-4.15, 6.53282, 3.81951], "size": [2, 8, 0.3], "uv": [162, 34], "inflate": -0.15},
					{"origin": [-14.8, -4.81718, -7.5], "size": [24, 24, 23], "uv": [0, 116], "inflate": -11.5}
				]
			},
			{
				"name": "bone26",
				"parent": "bone11",
				"pivot": [2.5, 7.65782, 3.97051],
				"rotation": [0, 0, -9.85108],
				"cubes": [
					{"origin": [2.15, 6.53282, 3.81951], "size": [2, 8, 0.3], "uv": [153, 14], "inflate": -0.15},
					{"origin": [-9.2, -4.81718, -7.5], "size": [24, 24, 23], "uv": [90, 91], "inflate": -11.5}
				]
			},
			{
				"name": "bone21",
				"parent": "bone",
				"pivot": [0, 13, 0],
				"rotation": [0, -90, 0]
			},
			{
				"name": "bone22",
				"parent": "bone21",
				"pivot": [0, 8, 3.97051],
				"rotation": [10, 0, 0],
				"cubes": [
					{"origin": [-2.5, 6.65782, 3.97051], "size": [5, 7, 0], "uv": [0, 129]}
				]
			},
			{
				"name": "bone23",
				"parent": "bone22",
				"pivot": [-2.5, 7.65782, 3.97051],
				"rotation": [0, 0, 9.85108],
				"cubes": [
					{"origin": [-4.15, 6.53282, 3.81951], "size": [2, 8, 0.3], "uv": [106, 148], "inflate": -0.15}
				]
			},
			{
				"name": "bone24",
				"parent": "bone22",
				"pivot": [2.5, 7.65782, 3.97051],
				"rotation": [0, 0, -9.85108],
				"cubes": [
					{"origin": [2.15, 6.53282, 3.81951], "size": [2, 8, 0.3], "uv": [106, 139], "inflate": -0.15}
				]
			},
			{
				"name": "bone6",
				"parent": "bone",
				"pivot": [0, 13, 0]
			},
			{
				"name": "bone7",
				"parent": "bone6",
				"pivot": [0, 8, 3.97051],
				"rotation": [10, 0, 0],
				"cubes": [
					{"origin": [-2.5, 6.65782, 3.97051], "size": [5, 7, 0], "uv": [72, 128]}
				]
			},
			{
				"name": "bone8",
				"parent": "bone7",
				"pivot": [-2.5, 7.65782, 3.97051],
				"rotation": [0, 0, 9.85108],
				"cubes": [
					{"origin": [-4.15, 6.53282, 3.81951], "size": [2, 8, 0.3], "uv": [85, 123], "inflate": -0.15}
				]
			},
			{
				"name": "bone9",
				"parent": "bone7",
				"pivot": [2.5, 7.65782, 3.97051],
				"rotation": [0, 0, -9.85108],
				"cubes": [
					{"origin": [2.15, 6.53282, 3.81951], "size": [2, 8, 0.3], "uv": [85, 114], "inflate": -0.15}
				]
			},
			{
				"name": "bone2",
				"parent": "bone",
				"pivot": [0, 13, 0],
				"rotation": [0, 90, 0]
			},
			{
				"name": "bone3",
				"parent": "bone2",
				"pivot": [0, 8, 3.97051],
				"rotation": [10, 0, 0],
				"cubes": [
					{"origin": [-2.5, 6.65782, 3.97051], "size": [5, 7, 0], "uv": [125, 0]}
				]
			},
			{
				"name": "bone4",
				"parent": "bone3",
				"pivot": [-2.5, 7.65782, 3.97051],
				"rotation": [0, 0, 9.85108],
				"cubes": [
					{"origin": [-4.15, 6.53282, 3.81951], "size": [2, 8, 0.3], "uv": [15, 114], "inflate": -0.15}
				]
			},
			{
				"name": "bone5",
				"parent": "bone3",
				"pivot": [2.5, 7.65782, 3.97051],
				"rotation": [0, 0, -9.85108],
				"cubes": [
					{"origin": [2.15, 6.53282, 3.81951], "size": [2, 8, 0.3], "uv": [17, 72], "inflate": -0.15}
				]
			},
			{
				"name": "bone25",
				"parent": "sittingRotationSkirt",
				"pivot": [0, 14.5, 0]
			},
			{
				"name": "bone27",
				"parent": "bone25",
				"pivot": [0, 13.5, 0],
				"rotation": [-2.5, -180, 0]
			},
			{
				"name": "bone28",
				"parent": "bone27",
				"pivot": [0, 8.13086, 3.96766],
				"rotation": [10, 0, 0],
				"cubes": [
					{"origin": [-2.5, 7.78868, 3.96766], "size": [5, 6, 0], "uv": [66, 164]}
				]
			},
			{
				"name": "bone29",
				"parent": "bone28",
				"pivot": [-2.5, 7.78868, 3.96766],
				"rotation": [0, 0, 7.35108],
				"cubes": [
					{"origin": [-4.11, 7.43868, 3.61666], "size": [2, 7, 0.7], "uv": [169, 0], "inflate": -0.35}
				]
			},
			{
				"name": "bone51",
				"parent": "bone28",
				"pivot": [2.5, 7.78868, 3.96766],
				"rotation": [0, 0, -7.35108],
				"cubes": [
					{"origin": [2.11, 7.43868, 3.61666], "size": [2, 7, 0.7], "uv": [168, 80], "inflate": -0.35}
				]
			},
			{
				"name": "bone46",
				"parent": "bone25",
				"pivot": [0, 13.5, 0],
				"rotation": [-2.5, -90, 0]
			},
			{
				"name": "bone47",
				"parent": "bone46",
				"pivot": [0, 8.13086, 3.96766],
				"rotation": [10, 0, 0],
				"cubes": [
					{"origin": [-2.5, 7.78868, 3.96766], "size": [5, 6, 0], "uv": [31, 164]}
				]
			},
			{
				"name": "bone48",
				"parent": "bone47",
				"pivot": [-2.5, 7.78868, 3.96766],
				"rotation": [0, 0, 7.35108],
				"cubes": [
					{"origin": [-4.11, 7.43868, 3.61666], "size": [2, 7, 0.7], "uv": [87, 164], "inflate": -0.35}
				]
			},
			{
				"name": "bone49",
				"parent": "bone47",
				"pivot": [2.5, 7.78868, 3.96766],
				"rotation": [0, 0, -7.35108],
				"cubes": [
					{"origin": [2.11, 7.43868, 3.61666], "size": [2, 7, 0.7], "uv": [82, 164], "inflate": -0.35}
				]
			},
			{
				"name": "bone42",
				"parent": "bone25",
				"pivot": [0, 13.5, 0],
				"rotation": [-2.5, 0, 0]
			},
			{
				"name": "bone43",
				"parent": "bone42",
				"pivot": [0, 8.13086, 3.96766],
				"rotation": [10, 0, 0],
				"cubes": [
					{"origin": [-2.5, 7.78868, 3.96766], "size": [5, 6, 0], "uv": [162, 105]}
				]
			},
			{
				"name": "bone44",
				"parent": "bone43",
				"pivot": [-2.5, 7.78868, 3.96766],
				"rotation": [0, 0, 7.35108],
				"cubes": [
					{"origin": [-4.11, 7.43868, 3.61666], "size": [2, 7, 0.7], "uv": [77, 164], "inflate": -0.35}
				]
			},
			{
				"name": "bone45",
				"parent": "bone43",
				"pivot": [2.5, 7.78868, 3.96766],
				"rotation": [0, 0, -7.35108],
				"cubes": [
					{"origin": [2.11, 7.43868, 3.61666], "size": [2, 7, 0.7], "uv": [42, 164], "inflate": -0.35}
				]
			},
			{
				"name": "bone38",
				"parent": "bone25",
				"pivot": [0, 13.5, 0],
				"rotation": [-2.5, 90, 0]
			},
			{
				"name": "bone39",
				"parent": "bone38",
				"pivot": [0, 8.13086, 3.96766],
				"rotation": [10, 0, 0],
				"cubes": [
					{"origin": [-2.5, 7.78868, 3.96766], "size": [5, 6, 0], "uv": [158, 0]}
				]
			},
			{
				"name": "bone40",
				"parent": "bone39",
				"pivot": [-2.5, 7.78868, 3.96766],
				"rotation": [0, 0, 7.35108],
				"cubes": [
					{"origin": [-4.11, 7.43868, 3.61666], "size": [2, 7, 0.7], "uv": [5, 164], "inflate": -0.35}
				]
			},
			{
				"name": "bone41",
				"parent": "bone39",
				"pivot": [2.5, 7.78868, 3.96766],
				"rotation": [0, 0, -7.35108],
				"cubes": [
					{"origin": [2.11, 7.43868, 3.61666], "size": [2, 7, 0.7], "uv": [0, 164], "inflate": -0.35}
				]
			},
			{
				"name": "ribbon",
				"parent": "body",
				"pivot": [0, 0, 0],
				"cubes": [
					{"origin": [-15, 2, -16.002], "size": [30, 30, 26], "uv": [0, 0], "inflate": -13}
				]
			},
			{
				"name": "zip",
				"parent": "body",
				"pivot": [-4.5, 13.9, 3.5],
				"cubes": [
					{"origin": [-10.5, 5.4, -12.501], "size": [21, 21, 19], "uv": [95, 139], "inflate": -9.5}
				]
			},
			{
				"name": "chestPlate",
				"parent": "body",
				"pivot": [0, 11.5, 0]
			},
			{
				"name": "strapLeft",
				"parent": "chestPlate",
				"pivot": [0, 11.5, 0]
			},
			{
				"name": "bone119",
				"parent": "strapLeft",
				"pivot": [0.675, 12.25, -4.2],
				"rotation": [0, 0, -35],
				"cubes": [
					{"origin": [0.433, 9.86724, -6.19234], "size": [7, 7, 6], "uv": [97, 195], "inflate": -3},
					{"origin": [-0.567, 9.86724, -6.19234], "size": [7, 7, 6], "uv": [0, 191], "inflate": -3},
					{"origin": [-1.567, 9.86724, -6.19234], "size": [7, 7, 6], "uv": [186, 66], "inflate": -3}
				]
			},
			{
				"name": "strapRight",
				"parent": "chestPlate",
				"pivot": [0, 11.5, 0]
			},
			{
				"name": "bone52",
				"parent": "strapRight",
				"pivot": [-0.675, 12.25, -4.2],
				"rotation": [0, 0, 35],
				"cubes": [
					{"origin": [-7.433, 9.86724, -6.19234], "size": [7, 7, 6], "uv": [124, 197], "inflate": -3},
					{"origin": [-6.433, 9.86724, -6.19234], "size": [7, 7, 6], "uv": [197, 34], "inflate": -3},
					{"origin": [-5.433, 9.86724, -6.19234], "size": [7, 7, 6], "uv": [27, 197], "inflate": -3}
				]
			},
			{
				"name": "sleveLeft",
				"parent": "chestPlate",
				"pivot": [5.825, 15.75, 0.025],
				"rotation": [0, 45, -35],
				"cubes": [
					{"origin": [-1.39525, 10.70413, -8.24525], "size": [12, 11, 13], "uv": [87, 0], "inflate": -4.25},
					{"origin": [3.37, 13.45413, -6.99525], "size": [6, 7, 7], "uv": [70, 189], "inflate": -3},
					{"origin": [3.37, 13.45413, -5.99525], "size": [6, 7, 7], "uv": [174, 188], "inflate": -3},
					{"origin": [3.37, 13.45413, -4.99525], "size": [6, 7, 7], "uv": [147, 188], "inflate": -3}
				]
			},
			{
				"name": "sleveRight",
				"parent": "chestPlate",
				"pivot": [-5.825, 15.75, 0.025],
				"rotation": [0, -45, 35],
				"cubes": [
					{"origin": [-10.60475, 10.70413, -8.24525], "size": [12, 11, 13], "uv": [162, 80], "inflate": -4.25}
				]
			},
			{
				"name": "armRight",
				"pivot": [-2.29245, 16.8408, 0],
				"rotation": [0, 0, 25],
				"cubes": [
					{"origin": [-8.29602, 4.84688, -5], "size": [10, 16, 10], "uv": [0, 164], "inflate": -4}
				]
			},
			{
				"name": "cuffRight",
				"parent": "armRight",
				"pivot": [-3.29602, 14.34688, 0]
			},
			{
				"name": "bone58",
				"parent": "cuffRight",
				"pivot": [-3.29602, 9.84688, 0],
				"rotation": [-7.5, 0, 0]
			},
			{
				"name": "bone57",
				"parent": "bone58",
				"pivot": [-3.29602, 9.97741, 0.99144],
				"rotation": [0, 0, -7.2],
				"cubes": [
					{"origin": [-5.29602, 8.97741, -0.00856], "size": [3, 4, 2], "uv": [157, 80], "inflate": -1}
				]
			},
			{
				"name": "bone53",
				"parent": "bone58",
				"pivot": [-3.29602, 9.97741, 0.99144],
				"rotation": [-0.1, 180, 0],
				"cubes": [
					{"origin": [-5.29602, 8.97741, -0.00856], "size": [4, 4, 2], "uv": [0, 122], "inflate": -1}
				]
			},
			{
				"name": "bone60",
				"parent": "bone58",
				"pivot": [-3.29602, 9.97741, 0.99144],
				"rotation": [0, 0, 7.2],
				"cubes": [
					{"origin": [-4.29602, 8.97741, -0.00856], "size": [3, 4, 2], "uv": [149, 7], "inflate": -1}
				]
			},
			{
				"name": "bone64",
				"parent": "cuffRight",
				"pivot": [-3.29602, 9.84688, 0],
				"rotation": [-7.5, 90, 0]
			},
			{
				"name": "bone65",
				"parent": "bone64",
				"pivot": [-3.29602, 9.97741, 0.99144],
				"rotation": [0, 0, -7.2],
				"cubes": [
					{"origin": [-5.29602, 8.97741, -0.00856], "size": [3, 4, 2], "uv": [147, 0], "inflate": -1}
				]
			},
			{
				"name": "bone66",
				"parent": "bone64",
				"pivot": [-3.29602, 9.97741, 0.99144],
				"rotation": [-0.1, 180, 0],
				"cubes": [
					{"origin": [-5.29602, 8.97741, -0.00856], "size": [4, 4, 2], "uv": [72, 121], "inflate": -1}
				]
			},
			{
				"name": "bone67",
				"parent": "bone64",
				"pivot": [-3.29602, 9.97741, 0.99144],
				"rotation": [0, 0, 7.2],
				"cubes": [
					{"origin": [-4.29602, 8.97741, -0.00856], "size": [3, 4, 2], "uv": [95, 146], "inflate": -1}
				]
			},
			{
				"name": "bone59",
				"parent": "cuffRight",
				"pivot": [-3.29602, 9.84688, 0],
				"rotation": [-7.5, 180, 0]
			},
			{
				"name": "bone61",
				"parent": "bone59",
				"pivot": [-3.29602, 9.97741, 0.99144],
				"rotation": [0, 0, -7.2],
				"cubes": [
					{"origin": [-5.29602, 8.97741, -0.00856], "size": [3, 4, 2], "uv": [146, 80], "inflate": -1}
				]
			},
			{
				"name": "bone62",
				"parent": "bone59",
				"pivot": [-3.29602, 9.97741, 0.99144],
				"rotation": [-0.1, 180, 0],
				"cubes": [
					{"origin": [-5.29602, 8.97741, -0.00856], "size": [4, 4, 2], "uv": [72, 114], "inflate": -1}
				]
			},
			{
				"name": "bone50",
				"parent": "cuffRight",
				"pivot": [-3.29602, 9.84688, 0],
				"rotation": [-7.5, -90, 0]
			},
			{
				"name": "bone54",
				"parent": "bone50",
				"pivot": [-3.29602, 9.97741, 0.99144],
				"rotation": [-0.1, 180, 0],
				"cubes": [
					{"origin": [-5.29602, 8.97741, -0.00856], "size": [4, 4, 2], "uv": [87, 0], "inflate": -1}
				]
			},
			{
				"name": "bone56",
				"parent": "bone50",
				"pivot": [-3.29602, 9.97741, 0.99144],
				"rotation": [0, 0, 7.2],
				"cubes": [
					{"origin": [-4.29602, 8.97741, -0.00856], "size": [3, 4, 2], "uv": [95, 139], "inflate": -1}
				]
			},
			{
				"name": "pawRight",
				"parent": "armRight",
				"pivot": [-3.29602, 14.34688, 0],
				"cubes": [
					{"origin": [-15.29602, -2.15412, -12], "size": [24, 22, 24], "uv": [89, 33], "inflate": -11}
				]
			},
			{
				"name": "armLeft",
				"pivot": [2.29245, 16.8408, 0],
				"rotation": [0, 0, -25],
				"cubes": [
					{"origin": [-1.70398, 4.84688, -5], "size": [10, 16, 10], "uv": [0, 164], "inflate": -4, "mirror": true}
				]
			},
			{
				"name": "cuffLeft",
				"parent": "armLeft",
				"pivot": [3.29602, 14.34688, 0]
			},
			{
				"name": "bone120",
				"parent": "cuffLeft",
				"pivot": [3.29602, 9.84688, 0],
				"rotation": [-7.5, 0, 0]
			},
			{
				"name": "bone121",
				"parent": "bone120",
				"pivot": [3.29602, 9.97741, 0.99144],
				"rotation": [0, 0, 7.2],
				"cubes": [
					{"origin": [2.29602, 8.97741, -0.00856], "size": [3, 4, 2], "uv": [157, 80], "inflate": -1, "mirror": true}
				]
			},
			{
				"name": "bone122",
				"parent": "bone120",
				"pivot": [3.29602, 9.97741, 0.99144],
				"rotation": [-0.1, -180, 0],
				"cubes": [
					{"origin": [1.29602, 8.97741, -0.00856], "size": [4, 4, 2], "uv": [0, 122], "inflate": -1, "mirror": true}
				]
			},
			{
				"name": "bone123",
				"parent": "bone120",
				"pivot": [3.29602, 9.97741, 0.99144],
				"rotation": [0, 0, -7.2],
				"cubes": [
					{"origin": [1.29602, 8.97741, -0.00856], "size": [3, 4, 2], "uv": [149, 7], "inflate": -1, "mirror": true}
				]
			},
			{
				"name": "bone124",
				"parent": "cuffLeft",
				"pivot": [3.29602, 9.84688, 0],
				"rotation": [-7.5, -90, 0]
			},
			{
				"name": "bone125",
				"parent": "bone124",
				"pivot": [3.29602, 9.97741, 0.99144],
				"rotation": [0, 0, 7.2],
				"cubes": [
					{"origin": [2.29602, 8.97741, -0.00856], "size": [3, 4, 2], "uv": [147, 0], "inflate": -1, "mirror": true}
				]
			},
			{
				"name": "bone126",
				"parent": "bone124",
				"pivot": [3.29602, 9.97741, 0.99144],
				"rotation": [-0.1, -180, 0],
				"cubes": [
					{"origin": [1.29602, 8.97741, -0.00856], "size": [4, 4, 2], "uv": [72, 121], "inflate": -1, "mirror": true}
				]
			},
			{
				"name": "bone127",
				"parent": "bone124",
				"pivot": [3.29602, 9.97741, 0.99144],
				"rotation": [0, 0, -7.2],
				"cubes": [
					{"origin": [1.29602, 8.97741, -0.00856], "size": [3, 4, 2], "uv": [95, 146], "inflate": -1, "mirror": true}
				]
			},
			{
				"name": "bone128",
				"parent": "cuffLeft",
				"pivot": [3.29602, 9.84688, 0],
				"rotation": [-7.5, -180, 0]
			},
			{
				"name": "bone129",
				"parent": "bone128",
				"pivot": [3.29602, 9.97741, 0.99144],
				"rotation": [0, 0, 7.2],
				"cubes": [
					{"origin": [2.29602, 8.97741, -0.00856], "size": [3, 4, 2], "uv": [146, 80], "inflate": -1, "mirror": true}
				]
			},
			{
				"name": "bone130",
				"parent": "bone128",
				"pivot": [3.29602, 9.97741, 0.99144],
				"rotation": [-0.1, -180, 0],
				"cubes": [
					{"origin": [1.29602, 8.97741, -0.00856], "size": [4, 4, 2], "uv": [72, 114], "inflate": -1, "mirror": true}
				]
			},
			{
				"name": "bone131",
				"parent": "cuffLeft",
				"pivot": [3.29602, 9.84688, 0],
				"rotation": [-7.5, 90, 0]
			},
			{
				"name": "bone132",
				"parent": "bone131",
				"pivot": [3.29602, 9.97741, 0.99144],
				"rotation": [-0.1, -180, 0],
				"cubes": [
					{"origin": [1.29602, 8.97741, -0.00856], "size": [4, 4, 2], "uv": [87, 0], "inflate": -1, "mirror": true}
				]
			},
			{
				"name": "bone133",
				"parent": "bone131",
				"pivot": [3.29602, 9.97741, 0.99144],
				"rotation": [0, 0, -7.2],
				"cubes": [
					{"origin": [1.29602, 8.97741, -0.00856], "size": [3, 4, 2], "uv": [95, 139], "inflate": -1, "mirror": true}
				]
			},
			{
				"name": "pawLeft",
				"parent": "armLeft",
				"pivot": [3.29602, 14.34688, 0],
				"cubes": [
					{"origin": [-8.70398, -2.15412, -12], "size": [24, 22, 24], "uv": [89, 33], "inflate": -11, "mirror": true}
				]
			},
			{
				"name": "legRight",
				"pivot": [-1.8998, 10, 0],
				"cubes": [
					{"origin": [-8.399, -5, -6.5], "size": [13, 20, 13], "uv": [162, 0], "inflate": -5}
				]
			},
			{
				"name": "bootsRight",
				"parent": "legRight",
				"pivot": [-1.8998, 10, 0]
			},
			{
				"name": "bone92",
				"parent": "bootsRight",
				"pivot": [-1.9, 4, 0],
				"rotation": [0, -90, 172.5]
			},
			{
				"name": "bone93",
				"parent": "bone92",
				"pivot": [-3.02638, 4.91445, 2.20878],
				"rotation": [0, 0, -7.2],
				"cubes": [
					{"origin": [-4.04826, 3.25634, 1.05243], "size": [2, 4, 1], "uv": [0, 57], "inflate": -0.5}
				]
			},
			{
				"name": "bone94",
				"parent": "bone92",
				"pivot": [-4.4, 14.04498, -0.31382],
				"rotation": [0, 180, 0],
				"cubes": [
					{"origin": [-8.901, 2.30007, -2.68007], "size": [4, 5, 1], "uv": [135, 80], "inflate": -0.5}
				]
			},
			{
				"name": "bone95",
				"parent": "bone92",
				"pivot": [0.12454, 4.91445, 2.22183],
				"rotation": [0, 0, 7.2],
				"cubes": [
					{"origin": [-1.74267, 3.14403, 1.05243], "size": [2, 4, 1], "uv": [19, 0], "inflate": -0.5}
				]
			},
			{
				"name": "bone96",
				"parent": "bootsRight",
				"pivot": [-1.9, 4, 0],
				"rotation": [172.5, 0, 0]
			},
			{
				"name": "bone97",
				"parent": "bone96",
				"pivot": [-3.02638, 4.91445, 2.20878],
				"rotation": [0, 0, -7.2],
				"cubes": [
					{"origin": [-4.04826, 3.25634, 1.05243], "size": [2, 4, 1], "uv": [87, 7], "inflate": -0.5}
				]
			},
			{
				"name": "bone98",
				"parent": "bone96",
				"pivot": [-4.4, 14.04498, -0.31382],
				"rotation": [0, 180, 0]
			},
			{
				"name": "bone99",
				"parent": "bone96",
				"pivot": [0.12454, 4.91445, 2.22183],
				"rotation": [0, 0, 7.2],
				"cubes": [
					{"origin": [-1.74267, 3.14403, 1.05243], "size": [2, 4, 1], "uv": [16, 57], "inflate": -0.5}
				]
			},
			{
				"name": "bone100",
				"parent": "bootsRight",
				"pivot": [-1.9, 4, 0],
				"rotation": [0, 90, -172.5]
			},
			{
				"name": "bone101",
				"parent": "bone100",
				"pivot": [-3.02638, 4.91445, 2.20878],
				"rotation": [0, 0, -7.2],
				"cubes": [
					{"origin": [-4.04826, 3.25634, 1.05243], "size": [2, 4, 1], "uv": [13, 123], "inflate": -0.5}
				]
			},
			{
				"name": "bone102",
				"parent": "bone100",
				"pivot": [-4.4, 14.04498, -0.31382],
				"rotation": [0, 180, 0],
				"cubes": [
					{"origin": [-8.901, 2.30007, -2.68007], "size": [4, 5, 1], "uv": [136, 0], "inflate": -0.5}
				]
			},
			{
				"name": "bone103",
				"parent": "bone100",
				"pivot": [0.12454, 4.91445, 2.22183],
				"rotation": [0, 0, 7.2],
				"cubes": [
					{"origin": [-1.74267, 3.14403, 1.05243], "size": [2, 4, 1], "uv": [113, 80], "inflate": -0.5}
				]
			},
			{
				"name": "bone63",
				"parent": "bootsRight",
				"pivot": [-1.9, 4, 0],
				"rotation": [-7.5, 0, -180]
			},
			{
				"name": "bone89",
				"parent": "bone63",
				"pivot": [-3.02638, 4.91445, 2.20878],
				"rotation": [0, 0, -7.2],
				"cubes": [
					{"origin": [-4.04826, 3.25634, 1.05243], "size": [2, 4, 1], "uv": [157, 139], "inflate": -0.5}
				]
			},
			{
				"name": "bone90",
				"parent": "bone63",
				"pivot": [-4.4, 14.04498, -0.31382],
				"rotation": [0, 180, 0],
				"cubes": [
					{"origin": [-8.901, 2.30007, -2.68007], "size": [4, 5, 1], "uv": [138, 7], "inflate": -0.5}
				]
			},
			{
				"name": "bone91",
				"parent": "bone63",
				"pivot": [0.12454, 4.91445, 2.22183],
				"rotation": [0, 0, 7.2],
				"cubes": [
					{"origin": [-1.74267, 3.14403, 1.05243], "size": [2, 4, 1], "uv": [83, 132], "inflate": -0.5}
				]
			},
			{
				"name": "legLeft",
				"pivot": [1.8998, 10, 0],
				"cubes": [
					{"origin": [-4.601, -5, -6.5], "size": [13, 20, 13], "uv": [201, 193], "inflate": -5, "mirror": true}
				]
			},
			{
				"name": "bootsLeft",
				"parent": "legLeft",
				"pivot": [1.8998, 10, 0]
			},
			{
				"name": "bone134",
				"parent": "bootsLeft",
				"pivot": [1.9, 4, 0],
				"rotation": [-7.5, 0, 180]
			},
			{
				"name": "bone135",
				"parent": "bone134",
				"pivot": [3.02638, 4.91445, 2.20878],
				"rotation": [0, 0, 7.2],
				"cubes": [
					{"origin": [2.04826, 3.25634, 1.05243], "size": [2, 4, 1], "uv": [157, 139], "inflate": -0.5, "mirror": true}
				]
			},
			{
				"name": "bone136",
				"parent": "bone134",
				"pivot": [4.4, 14.04498, -0.31382],
				"rotation": [0, -180, 0],
				"cubes": [
					{"origin": [4.901, 2.30007, -2.68007], "size": [4, 5, 1], "uv": [138, 7], "inflate": -0.5, "mirror": true}
				]
			},
			{
				"name": "bone137",
				"parent": "bone134",
				"pivot": [-0.12454, 4.91445, 2.22183],
				"rotation": [0, 0, -7.2],
				"cubes": [
					{"origin": [-0.25733, 3.14403, 1.05243], "size": [2, 4, 1], "uv": [83, 132], "inflate": -0.5, "mirror": true}
				]
			},
			{
				"name": "bone138",
				"parent": "bootsLeft",
				"pivot": [1.9, 4, 0],
				"rotation": [-7.5, -90, 180]
			},
			{
				"name": "bone139",
				"parent": "bone138",
				"pivot": [3.02638, 4.91445, 2.20878],
				"rotation": [0, 0, 7.2],
				"cubes": [
					{"origin": [2.04826, 3.25634, 1.05243], "size": [2, 4, 1], "uv": [13, 123], "inflate": -0.5, "mirror": true}
				]
			},
			{
				"name": "bone140",
				"parent": "bone138",
				"pivot": [4.4, 14.04498, -0.31382],
				"rotation": [0, -180, 0],
				"cubes": [
					{"origin": [4.901, 2.30007, -2.68007], "size": [4, 5, 1], "uv": [136, 0], "inflate": -0.5, "mirror": true}
				]
			},
			{
				"name": "bone141",
				"parent": "bone138",
				"pivot": [-0.12454, 4.91445, 2.22183],
				"rotation": [0, 0, -7.2],
				"cubes": [
					{"origin": [-0.25733, 3.14403, 1.05243], "size": [2, 4, 1], "uv": [113, 80], "inflate": -0.5, "mirror": true}
				]
			},
			{
				"name": "bone142",
				"parent": "bootsLeft",
				"pivot": [1.9, 4, 0],
				"rotation": [-7.5, -180, 180]
			},
			{
				"name": "bone143",
				"parent": "bone142",
				"pivot": [3.02638, 4.91445, 2.20878],
				"rotation": [0, 0, 7.2],
				"cubes": [
					{"origin": [2.04826, 3.25634, 1.05243], "size": [2, 4, 1], "uv": [87, 7], "inflate": -0.5, "mirror": true}
				]
			},
			{
				"name": "bone144",
				"parent": "bone142",
				"pivot": [4.4, 14.04498, -0.31382],
				"rotation": [0, -180, 0]
			},
			{
				"name": "bone145",
				"parent": "bone142",
				"pivot": [-0.12454, 4.91445, 2.22183],
				"rotation": [0, 0, -7.2],
				"cubes": [
					{"origin": [-0.25733, 3.14403, 1.05243], "size": [2, 4, 1], "uv": [16, 57], "inflate": -0.5, "mirror": true}
				]
			},
			{
				"name": "bone146",
				"parent": "bootsLeft",
				"pivot": [1.9, 4, 0],
				"rotation": [-7.5, 90, 180]
			},
			{
				"name": "bone147",
				"parent": "bone146",
				"pivot": [3.02638, 4.91445, 2.20878],
				"rotation": [0, 0, 7.2],
				"cubes": [
					{"origin": [2.04826, 3.25634, 1.05243], "size": [2, 4, 1], "uv": [0, 57], "inflate": -0.5, "mirror": true}
				]
			},
			{
				"name": "bone148",
				"parent": "bone146",
				"pivot": [4.4, 14.04498, -0.31382],
				"rotation": [0, -180, 0],
				"cubes": [
					{"origin": [4.901, 2.30007, -2.68007], "size": [4, 5, 1], "uv": [135, 80], "inflate": -0.5, "mirror": true}
				]
			},
			{
				"name": "bone149",
				"parent": "bone146",
				"pivot": [-0.12454, 4.91445, 2.22183],
				"rotation": [0, 0, -7.2],
				"cubes": [
					{"origin": [-0.25733, 3.14403, 1.05243], "size": [2, 4, 1], "uv": [19, 0], "inflate": -0.5, "mirror": true}
				]
			},
			{
				"name": "tail",
				"pivot": [0, 11.5, 2.85]
			},
			{
				"name": "bone55",
				"parent": "tail",
				"pivot": [0, 11.5, 2.85],
				"rotation": [48.2, 4.8, -180]
			},
			{
				"name": "bone88",
				"parent": "bone55",
				"pivot": [0, 11.5, 2.55],
				"rotation": [0, -0.35, 0]
			},
			{
				"name": "bone81",
				"parent": "bone88",
				"pivot": [0, 11.45, 3.3],
				"rotation": [-16.7, -16.7, 2],
				"cubes": [
					{"origin": [-0.5, 10.95, 3.55], "size": [1, 1, 2], "uv": [138, 14], "inflate": 0.29}
				]
			},
			{
				"name": "bone82",
				"parent": "bone88",
				"pivot": [0, 11.45, 3.3],
				"rotation": [-16.7, 16.7, -2],
				"cubes": [
					{"origin": [-0.5, 10.95, 3.55], "size": [1, 1, 2], "uv": [125, 8], "inflate": 0.29}
				]
			},
			{
				"name": "bone83",
				"parent": "bone88",
				"pivot": [0, 11.45, 3.3],
				"rotation": [16.7, -16.7, -2],
				"cubes": [
					{"origin": [-0.5, 10.95, 3.55], "size": [1, 1, 2], "uv": [124, 25], "inflate": 0.29}
				]
			},
			{
				"name": "bone87",
				"parent": "bone88",
				"pivot": [0, 11.45, 3.3],
				"rotation": [16.7, 16.7, 2],
				"cubes": [
					{"origin": [-0.5, 10.95, 3.55], "size": [1, 1, 2], "uv": [17, 21], "inflate": 0.29}
				]
			},
			{
				"name": "bone80",
				"parent": "bone55",
				"pivot": [2.5, 8.95, 12.05],
				"cubes": [
					{"origin": [-1.5, 9.95, 5.05], "size": [3, 3, 4], "uv": [0, 114]}
				]
			},
			{
				"name": "bone84",
				"parent": "bone80",
				"pivot": [1.5, 9.45, 9.05],
				"rotation": [0, -41.4, 0],
				"cubes": [
					{"origin": [-2.5, 9.45, 9.05], "size": [4, 4, 4], "uv": [0, 16]}
				]
			},
			{
				"name": "bone85",
				"parent": "bone84",
				"pivot": [-2.92917, 9.45, 14.17844],
				"rotation": [0, 41.4, 0],
				"cubes": [
					{"origin": [-1.86099, 9.95, 13.6158], "size": [3, 3, 4], "uv": [113, 25]}
				]
			},
			{
				"name": "bone86",
				"parent": "bone85",
				"pivot": [-2.92917, 9.45, 18.17844],
				"rotation": [0, 48.15, 0],
				"cubes": [
					{"origin": [-1.79739, 10.45, 18.59874], "size": [2, 2, 2], "uv": [17, 16]}
				]
			}
		]
	}
}