{
	"format_version": "1.10.0",
	"geometry.model": {
		"texturewidth": 256,
		"textureheight": 256,
		"visible_bounds_width": 3,
		"visible_bounds_height": 4,
		"visible_bounds_offset": [0, 1, 0],
		"bones": [
			{
				"name": "head",
				"pivot": [0, 18, 0],
				"cubes": [
					{"origin": [-4, 18, -4], "size": [8, 8, 8], "uv": [0, 127]}
				]
			},
			{
				"name": "hair",
				"parent": "head",
				"pivot": [0, 18, 0],
				"cubes": [
					{"origin": [-4.5, 18.5, -3.5], "size": [9, 7, 7], "uv": [128, 38]},
					{"origin": [-4, 18.5, -4.5], "size": [8, 7, 9], "uv": [104, 112]},
					{"origin": [-3.5, 25.5, -3.5], "size": [7, 1, 7], "uv": [104, 16]}
				]
			},
			{
				"name": "longhairFront",
				"parent": "hair",
				"pivot": [0, 18, 0]
			},
			{
				"name": "bone6",
				"parent": "longhairFront",
				"pivot": [4, 18, -4],
				"rotation": [90, 0, -90]
			},
			{
				"name": "bone7",
				"parent": "bone6",
				"pivot": [0, 0.125, 0],
				"rotation": [0, 0, -3.2834],
				"cubes": [
					{"origin": [4.01722, 17.74056, -4], "size": [1, 0, 1], "uv": [2, 5]}
				]
			},
			{
				"name": "bone8",
				"parent": "bone6",
				"pivot": [-0.99805, 0.06774, 0],
				"rotation": [0, 0, -6.81893],
				"cubes": [
					{"origin": [4.09593, 17.34038, -4], "size": [1, 0, 1], "uv": [0, 5]}
				]
			},
			{
				"name": "bone9",
				"parent": "bone6",
				"pivot": [-1.99121, -0.05102, 0],
				"rotation": [0, 0, -4.15977],
				"cubes": [
					{"origin": [2.29485, 17.48574, -4], "size": [1, 0, 1], "uv": [2, 4]}
				]
			},
			{
				"name": "bone10",
				"parent": "bone6",
				"pivot": [-2.98828, -0.12353, 0],
				"rotation": [0, 0, 2.32915],
				"cubes": [
					{"origin": [-0.71793, 17.89826, -4], "size": [1, 0, 1], "uv": [0, 4]}
				]
			},
			{
				"name": "bone11",
				"parent": "bone6",
				"pivot": [-3.9873, -0.0829, 0],
				"rotation": [0, 0, 6.66243],
				"cubes": [
					{"origin": [-3.08799, 18.13448, -4], "size": [1, 0, 1], "uv": [2, 3]}
				]
			},
			{
				"name": "bone12",
				"parent": "bone6",
				"pivot": [-4.98047, 0.03311, 0],
				"rotation": [0, 0, 4.93794],
				"cubes": [
					{"origin": [-3.53379, 18.18508, -4], "size": [1, 0, 1], "uv": [0, 3]}
				]
			},
			{
				"name": "bone13",
				"parent": "longhairFront",
				"pivot": [-3, 18, -4],
				"rotation": [90, 0, -90]
			},
			{
				"name": "bone14",
				"parent": "bone13",
				"pivot": [-7, 0.125, 0],
				"rotation": [0, 0, -3.2834],
				"cubes": [
					{"origin": [-2.98278, 17.74056, -4], "size": [1, 0, 1], "uv": [2, 2]}
				]
			},
			{
				"name": "bone15",
				"parent": "bone13",
				"pivot": [-7.99805, 0.06774, 0],
				"rotation": [0, 0, -6.81893],
				"cubes": [
					{"origin": [-2.90407, 17.34038, -4], "size": [1, 0, 1], "uv": [2, 1]}
				]
			},
			{
				"name": "bone16",
				"parent": "bone13",
				"pivot": [-8.99121, -0.05102, 0],
				"rotation": [0, 0, -4.15977],
				"cubes": [
					{"origin": [-4.70515, 17.48574, -4], "size": [1, 0, 1], "uv": [2, 0]}
				]
			},
			{
				"name": "bone17",
				"parent": "bone13",
				"pivot": [-9.98828, -0.12353, 0],
				"rotation": [0, 0, 2.32915],
				"cubes": [
					{"origin": [-7.71793, 17.89826, -4], "size": [1, 0, 1], "uv": [0, 2]}
				]
			},
			{
				"name": "bone18",
				"parent": "bone13",
				"pivot": [-10.9873, -0.0829, 0],
				"rotation": [0, 0, 6.66243],
				"cubes": [
					{"origin": [-10.08799, 18.13448, -4], "size": [1, 0, 1], "uv": [0, 1]}
				]
			},
			{
				"name": "bone19",
				"parent": "bone13",
				"pivot": [-11.98047, 0.03311, 0],
				"rotation": [0, 0, 4.93794],
				"cubes": [
					{"origin": [-10.53379, 18.18508, -4], "size": [1, 0, 1], "uv": [0, 0]}
				]
			},
			{
				"name": "braid",
				"parent": "hair",
				"pivot": [0, 23.5, 4.5],
				"rotation": [25, 0, 0],
				"cubes": [
					{"origin": [-2.5, 21, 2], "size": [5, 5, 5], "uv": [0, 70], "inflate": -1.8},
					{"origin": [-3.075, 19.85, 1.5], "size": [6, 6, 6], "uv": [140, 0], "inflate": -2.5},
					{"origin": [-3.2, 19.15, 1.6], "size": [6, 6, 6], "uv": [108, 138], "inflate": -2.7}
				]
			},
			{
				"name": "hairLeftSwing",
				"parent": "hair",
				"pivot": [4, 18, 0]
			},
			{
				"name": "longhairLeft",
				"parent": "hairLeftSwing",
				"pivot": [4.875, 19, 8],
				"rotation": [0, 0, -90]
			},
			{
				"name": "bone21",
				"parent": "longhairLeft",
				"pivot": [3.875, 19.87758, 8],
				"rotation": [0, 0, -18.41783],
				"cubes": [
					{"origin": [2.875, 19.87658, 0], "size": [1, 0, 4], "uv": [100, 56]}
				]
			},
			{
				"name": "bone22",
				"parent": "longhairLeft",
				"pivot": [2.92578, 19.56149, 8],
				"rotation": [0, 0, -24.81138],
				"cubes": [
					{"origin": [1.92567, 19.5605, 0], "size": [1, 0, 4], "uv": [100, 0]}
				]
			},
			{
				"name": "bone23",
				"parent": "longhairLeft",
				"pivot": [2.01807, 19.14185, 8],
				"rotation": [0, 0, -26.29707],
				"cubes": [
					{"origin": [1.01793, 19.14086, 0], "size": [1, 0, 4], "uv": [98, 72]}
				]
			},
			{
				"name": "bone24",
				"parent": "longhairLeft",
				"pivot": [1.12158, 18.69884, 8],
				"rotation": [0, 0, -23.08015],
				"cubes": [
					{"origin": [0.1215, 18.69784, 0], "size": [1, 0, 4], "uv": [98, 56]}
				]
			},
			{
				"name": "bone25",
				"parent": "longhairLeft",
				"pivot": [0.20166, 18.30683, 8],
				"rotation": [0, 0, -14.80826],
				"cubes": [
					{"origin": [-0.79828, 18.30584, 0], "size": [1, 0, 4], "uv": [98, 0]}
				]
			},
			{
				"name": "bone26",
				"parent": "longhairLeft",
				"pivot": [-0.76514, 18.05125, 8],
				"rotation": [0, 0, -2.03211],
				"cubes": [
					{"origin": [-1.76485, 18.05029, 0], "size": [1, 0, 4], "uv": [96, 72]}
				]
			},
			{
				"name": "bone27",
				"parent": "longhairLeft",
				"pivot": [-1.76416, 18.0158, 8],
				"rotation": [0, 0, 11.48579],
				"cubes": [
					{"origin": [-2.76366, 18.01493, 0], "size": [1, 0, 4], "uv": [96, 56]}
				]
			},
			{
				"name": "bone28",
				"parent": "longhairLeft",
				"pivot": [-2.74414, 18.21492, 8],
				"rotation": [0, 0, 21.22812],
				"cubes": [
					{"origin": [-3.7435, 18.21415, 0], "size": [1, 0, 4], "uv": [96, 0]}
				]
			},
			{
				"name": "bone29",
				"parent": "longhairLeft",
				"pivot": [-3.67627, 18.577, 8],
				"rotation": [0, 0, 25.85983],
				"cubes": [
					{"origin": [-4.67557, 18.57628, 0], "size": [1, 0, 4], "uv": [14, 70]}
				]
			},
			{
				"name": "hairRightSwing",
				"parent": "hair",
				"pivot": [-4, 18, 0]
			},
			{
				"name": "longhairRight",
				"parent": "hairRightSwing",
				"pivot": [-4.875, 19, 8],
				"rotation": [0, 0, 90]
			},
			{
				"name": "bone20",
				"parent": "longhairRight",
				"pivot": [-3.875, 19.87758, 8],
				"rotation": [0, 0, 18.41783],
				"cubes": [
					{"origin": [-3.875, 19.87658, 0], "size": [1, 0, 4], "uv": [12, 70]}
				]
			},
			{
				"name": "bone30",
				"parent": "longhairRight",
				"pivot": [-2.92578, 19.56149, 8],
				"rotation": [0, 0, 24.81138],
				"cubes": [
					{"origin": [-2.92567, 19.5605, 0], "size": [1, 0, 4], "uv": [14, 15]}
				]
			},
			{
				"name": "bone31",
				"parent": "longhairRight",
				"pivot": [-2.01807, 19.14185, 8],
				"rotation": [0, 0, 26.29707],
				"cubes": [
					{"origin": [-2.01793, 19.14086, 0], "size": [1, 0, 4], "uv": [12, 15]}
				]
			},
			{
				"name": "bone32",
				"parent": "longhairRight",
				"pivot": [-1.12158, 18.69884, 8],
				"rotation": [0, 0, 23.08015],
				"cubes": [
					{"origin": [-1.1215, 18.69784, 0], "size": [1, 0, 4], "uv": [10, 15]}
				]
			},
			{
				"name": "bone33",
				"parent": "longhairRight",
				"pivot": [-0.20166, 18.30683, 8],
				"rotation": [0, 0, 14.80826],
				"cubes": [
					{"origin": [-0.20172, 18.30584, 0], "size": [1, 0, 4], "uv": [8, 15]}
				]
			},
			{
				"name": "bone34",
				"parent": "longhairRight",
				"pivot": [0.76514, 18.05125, 8],
				"rotation": [0, 0, 2.03211],
				"cubes": [
					{"origin": [0.76485, 18.05029, 0], "size": [1, 0, 4], "uv": [6, 15]}
				]
			},
			{
				"name": "bone35",
				"parent": "longhairRight",
				"pivot": [1.76416, 18.0158, 8],
				"rotation": [0, 0, -11.48579],
				"cubes": [
					{"origin": [1.76366, 18.01493, 0], "size": [1, 0, 4], "uv": [4, 15]}
				]
			},
			{
				"name": "bone36",
				"parent": "longhairRight",
				"pivot": [2.74414, 18.21492, 8],
				"rotation": [0, 0, -21.22812],
				"cubes": [
					{"origin": [2.7435, 18.21415, 0], "size": [1, 0, 4], "uv": [2, 15]}
				]
			},
			{
				"name": "bone37",
				"parent": "longhairRight",
				"pivot": [3.67627, 18.577, 8],
				"rotation": [0, 0, -25.85983],
				"cubes": [
					{"origin": [3.67557, 18.57628, 0], "size": [1, 0, 4], "uv": [0, 15]}
				]
			},
			{
				"name": "hairPonytailSwing",
				"parent": "hair",
				"pivot": [0, 19, 0]
			},
			{
				"name": "longhairBack",
				"parent": "hairPonytailSwing",
				"pivot": [0, 19, 4.25],
				"rotation": [7.5, 0, 0],
				"cubes": [
					{"origin": [-5, 7.00571, 2.48828], "size": [10, 12, 2], "uv": [0, 56]}
				]
			},
			{
				"name": "pupil",
				"parent": "head",
				"pivot": [0, -1, 0],
				"cubes": [
					{"origin": [-6, 15, -8.2005], "size": [9, 9, 8.4], "uv": [36, 112], "inflate": -4.2},
					{"origin": [-3, 15, -8.2005], "size": [9, 9, 8.4], "uv": [36, 112], "inflate": -4.2}
				]
			},
			{
				"name": "ahoge",
				"parent": "head",
				"pivot": [0, 25.9, -4.3],
				"rotation": [7.5, 0, 0],
				"cubes": [
					{"origin": [-19.8, 13.53217, -15.99948], "size": [40, 32, 24], "uv": [0, 56], "inflate": -12}
				]
			},
			{
				"name": "bone5",
				"parent": "ahoge",
				"pivot": [-5.575, 29.925, -4.0005],
				"rotation": [0, 0, -47.5],
				"cubes": [
					{"origin": [-10.05401, 25.61374, -8.2005], "size": [9, 9, 8.4], "uv": [70, 112], "inflate": -4.2}
				]
			},
			{
				"name": "bone2",
				"parent": "ahoge",
				"pivot": [5.575, 29.925, -4.0005],
				"rotation": [0, 0, 47.5],
				"cubes": [
					{"origin": [1.05401, 25.61374, -8.2005], "size": [9, 9, 8.4], "uv": [70, 112], "inflate": -4.2, "mirror": true}
				]
			},
			{
				"name": "blink",
				"parent": "head",
				"pivot": [0, 18, 0],
				"cubes": [
					{"origin": [-4, 18, -4.001], "size": [8, 8, 0], "uv": [149, 125]}
				]
			},
			{
				"name": "headribbon",
				"parent": "head",
				"pivot": [0, -7.55, 21.5],
				"rotation": [-15, 0, 0]
			},
			{
				"name": "bone",
				"parent": "headribbon",
				"pivot": [1.75, 18.15, -12.05],
				"cubes": [
					{"origin": [-5.58237, 14.25197, -15.55], "size": [8, 8, 7], "uv": [128, 72], "inflate": -3.375},
					{"origin": [-2.4411, 14.25774, -15.55], "size": [8, 8, 7], "uv": [128, 87], "inflate": -3.375}
				]
			},
			{
				"name": "bone3",
				"parent": "headribbon",
				"pivot": [0.05, 17.55, -11.55],
				"rotation": [0, 0, 27],
				"cubes": [
					{"origin": [-5.325, 14.15, -16.05], "size": [10, 8, 8], "uv": [104, 0], "inflate": -3.875},
					{"origin": [-4.7408, 14.35796, -15.55], "size": [7.6, 7.1, 7], "uv": [32, 129], "inflate": -3.375},
					{"origin": [-3.22439, 14.88114, -15.55], "size": [7.6, 7.1, 7], "uv": [128, 128], "inflate": -3.375}
				]
			},
			{
				"name": "bone4",
				"parent": "headribbon",
				"pivot": [0.05, 17.55, -11.55],
				"rotation": [0, 0, -27],
				"cubes": [
					{"origin": [-2.8629, 14.41694, -15.55], "size": [7.6, 7.1, 7], "uv": [129, 102], "inflate": -3.375},
					{"origin": [-4.68573, 14.2, -16.05], "size": [10, 8, 8], "uv": [104, 56], "inflate": -3.875},
					{"origin": [-4.44571, 14.93711, -15.55], "size": [7.6, 7.1, 7], "uv": [60, 129], "inflate": -3.375}
				]
			},
			{
				"name": "body",
				"pivot": [0, 10.5, 0],
				"cubes": [
					{"origin": [-3, 8.999, -3], "size": [6, 9, 6], "uv": [0, 0]},
					{"origin": [-3.5, 8.975, -6.075], "size": [7, 8.5, 6], "uv": [82, 138], "inflate": -2.5}
				]
			},
			{
				"name": "buttonsRight",
				"parent": "body",
				"pivot": [-1.5, 13.799, -2.9],
				"rotation": [0, 0, -45],
				"cubes": [
					{"origin": [-4.16151, 11.9153, -3.9], "size": [1, 1, 1], "uv": [0, 0], "inflate": -0.3, "mirror": true},
					{"origin": [-5.68179, 11.06678, -4.4], "size": [1, 1, 1], "uv": [0, 0], "inflate": -0.3, "mirror": true},
					{"origin": [-7.44956, 10.00611, -4.9], "size": [1, 1, 1], "uv": [0, 0], "inflate": -0.3, "mirror": true}
				]
			},
			{
				"name": "buttonsLeft",
				"parent": "body",
				"pivot": [1.5, 13.799, -2.9],
				"rotation": [0, 0, 45],
				"cubes": [
					{"origin": [3.16151, 11.9153, -3.9], "size": [1, 1, 1], "uv": [0, 0], "inflate": -0.3},
					{"origin": [4.68179, 11.06678, -4.4], "size": [1, 1, 1], "uv": [0, 0], "inflate": -0.3},
					{"origin": [6.44956, 10.00611, -4.9], "size": [1, 1, 1], "uv": [0, 0], "inflate": -0.3}
				]
			},
			{
				"name": "oppai",
				"parent": "body",
				"pivot": [0, 15.5, -2.75],
				"rotation": [-20, 0, 0],
				"cubes": [
					{"origin": [-5.5, 11.5, -6.25], "size": [11, 8, 7], "uv": [0, 112], "inflate": -3}
				]
			},
			{
				"name": "sittingRotationSkirt",
				"parent": "body",
				"pivot": [0, 10.5, 0],
				"cubes": [
					{"origin": [-3.5, 9.7, -3.5], "size": [7, 2, 7], "uv": [138, 116]},
					{"origin": [-4, 9.2, -4], "size": [8, 2, 8], "uv": [96, 128], "inflate": -0.25},
					{"origin": [-4, 8.1, -4], "size": [8, 2, 8], "uv": [132, 52]},
					{"origin": [-4.5, 7.3, -4.5], "size": [9, 2, 9], "uv": [128, 16], "inflate": -0.25},
					{"origin": [-4.5, 6, -4.5], "size": [9, 2, 9], "uv": [128, 27]}
				]
			},
			{
				"name": "armLeft",
				"pivot": [2.025, 15.85, 0],
				"rotation": [0, 0, -25],
				"cubes": [
					{"origin": [1.03311, 8.33866, -1.975], "size": [4, 7, 4], "uv": [0, 143], "inflate": -0.9, "mirror": true},
					{"origin": [2.03311, 7.83866, -1], "size": [2, 8, 2], "uv": [16, 151], "mirror": true}
				]
			},
			{
				"name": "armribbonLeft",
				"parent": "armLeft",
				"pivot": [4.23311, 13.93866, -2.3],
				"rotation": [-42.5, 0, 0],
				"cubes": [
					{"origin": [2.23311, 12.93866, -2.3], "size": [4, 4, 4], "uv": [64, 143], "inflate": -1.8, "mirror": true},
					{"origin": [2.23311, 13.18866, -2.05], "size": [4, 4, 4], "uv": [48, 143], "inflate": -1.8, "mirror": true}
				]
			},
			{
				"name": "armRight",
				"pivot": [-2.025, 15.85, 0],
				"rotation": [0, 0, 25],
				"cubes": [
					{"origin": [-5.03311, 8.33866, -1.975], "size": [4, 7, 4], "uv": [0, 143], "inflate": -0.9},
					{"origin": [-4.03311, 7.83866, -1], "size": [2, 8, 2], "uv": [16, 151]}
				]
			},
			{
				"name": "armribbonRight",
				"parent": "armRight",
				"pivot": [-4.23311, 13.93866, -2.3],
				"rotation": [-42.5, 0, 0],
				"cubes": [
					{"origin": [-6.23311, 12.93866, -2.3], "size": [4, 4, 4], "uv": [64, 143], "inflate": -1.8},
					{"origin": [-6.23311, 13.18866, -2.05], "size": [4, 4, 4], "uv": [48, 143], "inflate": -1.8}
				]
			},
			{
				"name": "legLeft",
				"pivot": [2, 9, 0],
				"cubes": [
					{"origin": [0.499, 0, -1.5], "size": [3, 9, 3], "uv": [105, 150]}
				]
			},
			{
				"name": "legribbonLeft",
				"parent": "legLeft",
				"pivot": [-3.7, 4.975, 0.075],
				"rotation": [-45, 0, 0],
				"cubes": [
					{"origin": [-5.7, 2.85, -2.05], "size": [4, 4, 4], "uv": [140, 62], "inflate": -1.8},
					{"origin": [-5.7, 3.1, -1.8], "size": [4, 4, 4], "uv": [96, 112], "inflate": -1.8}
				]
			},
			{
				"name": "legRight",
				"pivot": [-2, 9, 0],
				"cubes": [
					{"origin": [-3.499, 0, -1.5], "size": [3, 9, 3], "uv": [148, 142]}
				]
			},
			{
				"name": "legribbonRight",
				"parent": "legRight",
				"pivot": [3.7, 4.975, 0.075],
				"rotation": [-45, 0, 0],
				"cubes": [
					{"origin": [1.7, 2.85, -2.05], "size": [4, 4, 4], "uv": [62, 112], "inflate": -1.8},
					{"origin": [1.7, 3.1, -1.8], "size": [4, 4, 4], "uv": [108, 72], "inflate": -1.8}
				]
			},
			{
				"name": "bone38",
				"pivot": [0, 26, 0],
				"cubes": [
					{"origin": [-2.03615, 15.84315, -1], "size": [0, 0, 0], "uv": [0, 0]}
				]
			}
		]
	}
}