{
	"format_version": "1.10.0",
	"geometry.model": {
		"texturewidth": 256,
		"textureheight": 256,
		"visible_bounds_width": 3,
		"visible_bounds_height": 4,
		"visible_bounds_offset": [0, 1, 0],
		"bones": [
			{
				"name": "head",
				"pivot": [0, 18, 0],
				"cubes": [
					{"origin": [-4, 18, -4], "size": [8, 8, 8], "uv": [67, 17]}
				]
			},
			{
				"name": "ahoge",
				"parent": "head",
				"pivot": [0, 26.5, -2.85],
				"cubes": [
					{"origin": [-2.25, 24.2, -6.35], "size": [4.5, 7, 7], "uv": [86, 65], "inflate": -2.25}
				]
			},
			{
				"name": "blink",
				"parent": "head",
				"pivot": [0, 18, 0],
				"cubes": [
					{"origin": [-4, 18, -4.002], "size": [8, 8, 0], "uv": [32, 31]}
				]
			},
			{
				"name": "hair",
				"parent": "head",
				"pivot": [0, 18, 0],
				"cubes": [
					{"origin": [-4.5, 18.5, -3.5], "size": [9, 7, 7], "uv": [69, 41]},
					{"origin": [-4, 18.5, -4.5], "size": [8, 7, 9], "uv": [59, 56]},
					{"origin": [-3.5, 25.5, -3.5], "size": [7, 1, 7], "uv": [76, 33]}
				]
			},
			{
				"name": "longhairBack",
				"parent": "hair",
				"pivot": [0, 18.475, 4.25],
				"rotation": [10, 0, 0],
				"cubes": [
					{"origin": [-6.5, 11.48071, 2.48828], "size": [13, 7, 2], "uv": [90, 0]}
				]
			},
			{
				"name": "bone209",
				"parent": "longhairBack",
				"pivot": [0, 8.8472, 0],
				"rotation": [7.5, 0, 0],
				"cubes": [
					{"origin": [-6.5, 3.87234, 2.79362], "size": [13, 7, 2], "uv": [84, 55]}
				]
			},
			{
				"name": "hairLeftSwing",
				"parent": "head",
				"pivot": [0, 18, 0]
			},
			{
				"name": "longhairLeft",
				"parent": "hairLeftSwing",
				"pivot": [4.325, 19.6, 3.5]
			},
			{
				"name": "longhairLeft1",
				"parent": "longhairLeft",
				"pivot": [4.325, 19.6, 3],
				"rotation": [180, 0, 70]
			},
			{
				"name": "bone210",
				"parent": "longhairLeft1",
				"pivot": [5.325, 19.65, 3],
				"rotation": [0, 0, -13.18739],
				"cubes": [
					{"origin": [5.23508, 20.06739, 3], "size": [1, 0, 2], "uv": [40, 7]}
				]
			},
			{
				"name": "bone211",
				"parent": "longhairLeft1",
				"pivot": [5.32305, 19.65558, 3],
				"rotation": [0, 0, -15.03581],
				"cubes": [
					{"origin": [6.24717, 20.03769, 3], "size": [1, 0, 2], "uv": [40, 2]}
				]
			},
			{
				"name": "bone212",
				"parent": "longhairLeft1",
				"pivot": [6.28887, 19.91502, 3],
				"rotation": [0, 0, 8.96038],
				"cubes": [
					{"origin": [6.97773, 20.63992, 3], "size": [1, 0, 2], "uv": [40, 0]}
				]
			},
			{
				"name": "bone213",
				"parent": "longhairLeft1",
				"pivot": [7.27617, 19.75934, 3],
				"rotation": [0, 0, 35.06221],
				"cubes": [
					{"origin": [7.57584, 20.71338, 3], "size": [1, 0, 2], "uv": [38, 39]}
				]
			},
			{
				"name": "bone228",
				"parent": "longhairLeft1",
				"pivot": [8.27617, 19.75934, 3],
				"rotation": [0, 0, 61.06221],
				"cubes": [
					{"origin": [8.54222, 20.31142, 3], "size": [1, 0, 2], "uv": [36, 39]}
				]
			},
			{
				"name": "bone229",
				"parent": "longhairLeft1",
				"pivot": [8.27617, 19.75934, 3],
				"rotation": [0, 0, 88],
				"cubes": [
					{"origin": [9.15475, 20.82407, 3], "size": [1, 0, 2], "uv": [6, 39]}
				]
			},
			{
				"name": "longhairLeft2",
				"parent": "longhairLeft",
				"pivot": [4.325, 19.6, 8.8],
				"rotation": [180, 0, 67.5]
			},
			{
				"name": "bone360",
				"parent": "longhairLeft2",
				"pivot": [5.325, 19.65, 8.8],
				"rotation": [0, 0, -13.18739],
				"cubes": [
					{"origin": [5.86628, 20.40908, 14.3], "size": [1, 0, 2], "uv": [4, 39]}
				]
			},
			{
				"name": "bone361",
				"parent": "longhairLeft2",
				"pivot": [5.32305, 19.65558, 8.8],
				"rotation": [0, 0, -15],
				"cubes": [
					{"origin": [6.88906, 20.35884, 14.3], "size": [1, 0, 2], "uv": [10, 12]}
				]
			},
			{
				"name": "bone362",
				"parent": "longhairLeft2",
				"pivot": [6.28887, 19.91502, 8.8],
				"rotation": [0, 0, 7],
				"cubes": [
					{"origin": [7.47759, 21.15311, 14.3], "size": [1, 0, 2], "uv": [9, 10]}
				]
			},
			{
				"name": "bone363",
				"parent": "longhairLeft2",
				"pivot": [7.27617, 19.75934, 8.8],
				"rotation": [0, 0, 19],
				"cubes": [
					{"origin": [8.17545, 21.2512, 14.3], "size": [1, 0, 2], "uv": [10, 8]}
				]
			},
			{
				"name": "bone364",
				"parent": "longhairLeft2",
				"pivot": [8.09453, 19.185, 8.8],
				"rotation": [0, 0, 30],
				"cubes": [
					{"origin": [8.67837, 21.10006, 14.3], "size": [1, 0, 2], "uv": [7, 10]}
				]
			},
			{
				"name": "bone365",
				"parent": "longhairLeft2",
				"pivot": [8.7791, 18.45601, 8.8],
				"rotation": [0, 0, 19],
				"cubes": [
					{"origin": [9.81464, 20.50007, 14.3], "size": [1, 0, 2], "uv": [10, 6]}
				]
			},
			{
				"name": "bone366",
				"parent": "longhairLeft2",
				"pivot": [9.41143, 17.68141, 8.8],
				"rotation": [0, 0, 2],
				"cubes": [
					{"origin": [11.29667, 19.79308, 14.3], "size": [1, 0, 2], "uv": [10, 4]}
				]
			},
			{
				"name": "bone367",
				"parent": "longhairLeft2",
				"pivot": [10.05107, 16.91231, 8.8],
				"rotation": [0, 0, -20],
				"cubes": [
					{"origin": [13.17925, 18.73088, 14.3], "size": [1, 0, 2], "uv": [10, 2]}
				]
			},
			{
				"name": "bone368",
				"parent": "longhairLeft2",
				"pivot": [10.76494, 16.21232, 8.8],
				"rotation": [0, 0, -42],
				"cubes": [
					{"origin": [15.21164, 17.34989, 14.3], "size": [1, 0, 2], "uv": [9, 0]}
				]
			},
			{
				"name": "bone369",
				"parent": "longhairLeft2",
				"pivot": [10.76494, 16.21232, 8.8],
				"rotation": [0, 0, -64],
				"cubes": [
					{"origin": [16.24118, 15.22668, 14.3], "size": [1, 0, 2], "uv": [7, 0]}
				]
			},
			{
				"name": "hairRightSwing",
				"parent": "head",
				"pivot": [0, 18, 0]
			},
			{
				"name": "longhairRight",
				"parent": "hairRightSwing",
				"pivot": [-4.325, 19.6, 3.5]
			},
			{
				"name": "longhairRight1",
				"parent": "longhairRight",
				"pivot": [-4.325, 19.6, 3],
				"rotation": [180, 0, -70]
			},
			{
				"name": "bone214",
				"parent": "longhairRight1",
				"pivot": [-5.325, 19.65, 3],
				"rotation": [0, 0, 13.18739],
				"cubes": [
					{"origin": [-6.23508, 20.06739, 3], "size": [1, 0, 2], "uv": [40, 7], "mirror": true}
				]
			},
			{
				"name": "bone215",
				"parent": "longhairRight1",
				"pivot": [-5.32305, 19.65558, 3],
				"rotation": [0, 0, 15.03581],
				"cubes": [
					{"origin": [-7.24717, 20.03769, 3], "size": [1, 0, 2], "uv": [40, 2], "mirror": true}
				]
			},
			{
				"name": "bone216",
				"parent": "longhairRight1",
				"pivot": [-6.28887, 19.91502, 3],
				"rotation": [0, 0, -8.96038],
				"cubes": [
					{"origin": [-7.97773, 20.63992, 3], "size": [1, 0, 2], "uv": [40, 0], "mirror": true}
				]
			},
			{
				"name": "bone217",
				"parent": "longhairRight1",
				"pivot": [-7.27617, 19.75934, 3],
				"rotation": [0, 0, -35.06221],
				"cubes": [
					{"origin": [-8.57584, 20.71338, 3], "size": [1, 0, 2], "uv": [38, 39], "mirror": true}
				]
			},
			{
				"name": "bone218",
				"parent": "longhairRight1",
				"pivot": [-8.27617, 19.75934, 3],
				"rotation": [0, 0, -61.06221],
				"cubes": [
					{"origin": [-9.54222, 20.31142, 3], "size": [1, 0, 2], "uv": [36, 39], "mirror": true}
				]
			},
			{
				"name": "bone219",
				"parent": "longhairRight1",
				"pivot": [-8.27617, 19.75934, 3],
				"rotation": [0, 0, -88],
				"cubes": [
					{"origin": [-10.15475, 20.82407, 3], "size": [1, 0, 2], "uv": [6, 39], "mirror": true}
				]
			},
			{
				"name": "longhairRight2",
				"parent": "longhairRight",
				"pivot": [-4.325, 19.6, 8.8],
				"rotation": [180, 0, -67.5]
			},
			{
				"name": "bone220",
				"parent": "longhairRight2",
				"pivot": [-5.325, 19.65, 8.8],
				"rotation": [0, 0, 13.18739],
				"cubes": [
					{"origin": [-6.86628, 20.40908, 14.3], "size": [1, 0, 2], "uv": [4, 39], "mirror": true}
				]
			},
			{
				"name": "bone221",
				"parent": "longhairRight2",
				"pivot": [-5.32305, 19.65558, 8.8],
				"rotation": [0, 0, 15],
				"cubes": [
					{"origin": [-7.88906, 20.35884, 14.3], "size": [1, 0, 2], "uv": [10, 12], "mirror": true}
				]
			},
			{
				"name": "bone222",
				"parent": "longhairRight2",
				"pivot": [-6.28887, 19.91502, 8.8],
				"rotation": [0, 0, -7],
				"cubes": [
					{"origin": [-8.47759, 21.15311, 14.3], "size": [1, 0, 2], "uv": [9, 10], "mirror": true}
				]
			},
			{
				"name": "bone223",
				"parent": "longhairRight2",
				"pivot": [-7.27617, 19.75934, 8.8],
				"rotation": [0, 0, -19],
				"cubes": [
					{"origin": [-9.17545, 21.2512, 14.3], "size": [1, 0, 2], "uv": [10, 8], "mirror": true}
				]
			},
			{
				"name": "bone370",
				"parent": "longhairRight2",
				"pivot": [-8.09453, 19.185, 8.8],
				"rotation": [0, 0, -30],
				"cubes": [
					{"origin": [-9.67837, 21.10006, 14.3], "size": [1, 0, 2], "uv": [7, 10], "mirror": true}
				]
			},
			{
				"name": "bone371",
				"parent": "longhairRight2",
				"pivot": [-8.7791, 18.45601, 8.8],
				"rotation": [0, 0, -19],
				"cubes": [
					{"origin": [-10.81464, 20.50007, 14.3], "size": [1, 0, 2], "uv": [10, 6], "mirror": true}
				]
			},
			{
				"name": "bone372",
				"parent": "longhairRight2",
				"pivot": [-9.41143, 17.68141, 8.8],
				"rotation": [0, 0, -2],
				"cubes": [
					{"origin": [-12.29667, 19.79308, 14.3], "size": [1, 0, 2], "uv": [10, 4], "mirror": true}
				]
			},
			{
				"name": "bone373",
				"parent": "longhairRight2",
				"pivot": [-10.05107, 16.91231, 8.8],
				"rotation": [0, 0, 20],
				"cubes": [
					{"origin": [-14.17925, 18.73088, 14.3], "size": [1, 0, 2], "uv": [10, 2], "mirror": true}
				]
			},
			{
				"name": "bone374",
				"parent": "longhairRight2",
				"pivot": [-10.76494, 16.21232, 8.8],
				"rotation": [0, 0, 42],
				"cubes": [
					{"origin": [-16.21164, 17.34989, 14.3], "size": [1, 0, 2], "uv": [9, 0], "mirror": true}
				]
			},
			{
				"name": "bone375",
				"parent": "longhairRight2",
				"pivot": [-10.76494, 16.21232, 8.8],
				"rotation": [0, 0, 64],
				"cubes": [
					{"origin": [-17.24118, 15.22668, 14.3], "size": [1, 0, 2], "uv": [7, 0], "mirror": true}
				]
			},
			{
				"name": "pupil",
				"parent": "head",
				"pivot": [0, -1, 0],
				"cubes": [
					{"origin": [-6, 15, -8.2005], "size": [9, 9, 8.4], "uv": [56, 0], "inflate": -4.2},
					{"origin": [-3, 15, -8.2005], "size": [9, 9, 8.4], "uv": [0, 52], "inflate": -4.2}
				]
			},
			{
				"name": "hornleft",
				"parent": "head",
				"pivot": [5, 24.35, 0.2],
				"rotation": [-167.46444, 29.52354, -63.09339]
			},
			{
				"name": "bone233",
				"parent": "hornleft",
				"pivot": [5, 24.35, 0.6],
				"rotation": [-7.5, 0, 0]
			},
			{
				"name": "bone231",
				"parent": "bone233",
				"pivot": [4.9, 24.65, 0.5],
				"rotation": [0, 0, -10.8],
				"cubes": [
					{"origin": [3.1, 23.85, 0], "size": [2, 1, 1], "uv": [101, 66], "inflate": -0.2}
				]
			},
			{
				"name": "bone232",
				"parent": "bone233",
				"pivot": [4.9, 24.05, 0.5],
				"rotation": [0, 0, 10.8],
				"cubes": [
					{"origin": [3.1, 23.85, 0], "size": [2, 1, 1], "uv": [101, 64], "inflate": -0.2}
				]
			},
			{
				"name": "bone234",
				"parent": "hornleft",
				"pivot": [5, 24.35, 0.6],
				"rotation": [-7.5, -20, 2.5]
			},
			{
				"name": "bone235",
				"parent": "bone234",
				"pivot": [4.9, 24.65, 0.5],
				"rotation": [0, 0, -10.8],
				"cubes": [
					{"origin": [3.1, 23.85, 0], "size": [2, 1, 1], "uv": [101, 52], "inflate": -0.2}
				]
			},
			{
				"name": "bone236",
				"parent": "bone234",
				"pivot": [4.9, 24.05, 0.5],
				"rotation": [0, 0, 10.8],
				"cubes": [
					{"origin": [3.1, 23.85, 0], "size": [2, 1, 1], "uv": [101, 50], "inflate": -0.2}
				]
			},
			{
				"name": "bone237",
				"parent": "hornleft",
				"pivot": [5, 24.35, 0.6],
				"rotation": [-7.5, -40, 5]
			},
			{
				"name": "bone238",
				"parent": "bone237",
				"pivot": [4.9, 24.65, 0.5],
				"rotation": [0, 0, -10.8],
				"cubes": [
					{"origin": [3.1, 23.85, 0], "size": [2, 1, 1], "uv": [99, 27], "inflate": -0.2}
				]
			},
			{
				"name": "bone239",
				"parent": "bone237",
				"pivot": [4.9, 24.05, 0.5],
				"rotation": [0, 0, 10.8],
				"cubes": [
					{"origin": [3.1, 23.85, 0], "size": [2, 1, 1], "uv": [99, 25], "inflate": -0.2}
				]
			},
			{
				"name": "bone240",
				"parent": "hornleft",
				"pivot": [5, 24.35, 0.6],
				"rotation": [-7.5, -60, 7.5]
			},
			{
				"name": "bone241",
				"parent": "bone240",
				"pivot": [4.9, 24.65, 0.5],
				"rotation": [0, 0, -10.8],
				"cubes": [
					{"origin": [3.1, 23.85, 0], "size": [2, 1, 1], "uv": [61, 98], "inflate": -0.2}
				]
			},
			{
				"name": "bone242",
				"parent": "bone240",
				"pivot": [4.9, 24.05, 0.5],
				"rotation": [0, 0, 10.8],
				"cubes": [
					{"origin": [3.1, 23.85, 0], "size": [2, 1, 1], "uv": [55, 98], "inflate": -0.2}
				]
			},
			{
				"name": "bone243",
				"parent": "hornleft",
				"pivot": [5, 24.35, 0.6],
				"rotation": [-7.5, -80, 10]
			},
			{
				"name": "bone244",
				"parent": "bone243",
				"pivot": [4.9, 24.65, 0.5],
				"rotation": [0, 0, -10.8],
				"cubes": [
					{"origin": [3.1, 23.85, 0], "size": [2, 1, 1], "uv": [97, 83], "inflate": -0.2}
				]
			},
			{
				"name": "bone245",
				"parent": "bone243",
				"pivot": [4.9, 24.05, 0.5],
				"rotation": [0, 0, 10.8],
				"cubes": [
					{"origin": [3.1, 23.85, 0], "size": [2, 1, 1], "uv": [97, 81], "inflate": -0.2}
				]
			},
			{
				"name": "bone246",
				"parent": "hornleft",
				"pivot": [5, 24.35, 0.6],
				"rotation": [-7.5, -100, 12.5]
			},
			{
				"name": "bone247",
				"parent": "bone246",
				"pivot": [4.9, 24.65, 0.5],
				"rotation": [0, 0, -10.8],
				"cubes": [
					{"origin": [3.1, 23.85, 0], "size": [2, 1, 1], "uv": [97, 79], "inflate": -0.2}
				]
			},
			{
				"name": "bone248",
				"parent": "bone246",
				"pivot": [4.9, 24.05, 0.5],
				"rotation": [0, 0, 10.8],
				"cubes": [
					{"origin": [3.1, 23.85, 0], "size": [2, 1, 1], "uv": [43, 97], "inflate": -0.2}
				]
			},
			{
				"name": "bone249",
				"parent": "hornleft",
				"pivot": [5, 24.35, 0.6],
				"rotation": [-7.5, -120, 15]
			},
			{
				"name": "bone250",
				"parent": "bone249",
				"pivot": [4.9, 24.65, 0.5],
				"rotation": [0, 0, -10.8],
				"cubes": [
					{"origin": [3.1, 23.85, 0], "size": [2, 1, 1], "uv": [31, 97], "inflate": -0.2}
				]
			},
			{
				"name": "bone251",
				"parent": "bone249",
				"pivot": [4.9, 24.05, 0.5],
				"rotation": [0, 0, 10.8],
				"cubes": [
					{"origin": [3.1, 23.85, 0], "size": [2, 1, 1], "uv": [94, 45], "inflate": -0.2}
				]
			},
			{
				"name": "bone252",
				"parent": "hornleft",
				"pivot": [5, 24.35, 0.6],
				"rotation": [-7.5, -140, 17.5]
			},
			{
				"name": "bone253",
				"parent": "bone252",
				"pivot": [4.9, 24.65, 0.5],
				"rotation": [0, 0, -10.8],
				"cubes": [
					{"origin": [3.1, 23.85, 0], "size": [2, 1, 1], "uv": [94, 43], "inflate": -0.2}
				]
			},
			{
				"name": "bone254",
				"parent": "bone252",
				"pivot": [4.9, 24.05, 0.5],
				"rotation": [0, 0, 10.8],
				"cubes": [
					{"origin": [3.1, 23.85, 0], "size": [2, 1, 1], "uv": [94, 41], "inflate": -0.2}
				]
			},
			{
				"name": "bone255",
				"parent": "hornleft",
				"pivot": [5, 24.35, 0.6],
				"rotation": [-7.5, -160, 20]
			},
			{
				"name": "bone256",
				"parent": "bone255",
				"pivot": [4.9, 24.65, 0.5],
				"rotation": [0, 0, -10.8],
				"cubes": [
					{"origin": [3.1, 23.85, 0], "size": [2, 1, 1], "uv": [85, 93], "inflate": -0.2}
				]
			},
			{
				"name": "bone257",
				"parent": "bone255",
				"pivot": [4.9, 24.05, 0.5],
				"rotation": [0, 0, 10.8],
				"cubes": [
					{"origin": [3.1, 23.85, 0], "size": [2, 1, 1], "uv": [67, 90], "inflate": -0.2}
				]
			},
			{
				"name": "bone258",
				"parent": "hornleft",
				"pivot": [5, 24.35, 0.6],
				"rotation": [-7.5, 180, 22.5]
			},
			{
				"name": "bone259",
				"parent": "bone258",
				"pivot": [4.9, 24.65, 0.5],
				"rotation": [0, 0, -10.8],
				"cubes": [
					{"origin": [3.1, 23.85, 0], "size": [2, 1, 1], "uv": [90, 11], "inflate": -0.2}
				]
			},
			{
				"name": "bone260",
				"parent": "bone258",
				"pivot": [4.9, 24.05, 0.5],
				"rotation": [0, 0, 10.8],
				"cubes": [
					{"origin": [3.1, 23.85, 0], "size": [2, 1, 1], "uv": [90, 9], "inflate": -0.2}
				]
			},
			{
				"name": "bone261",
				"parent": "hornleft",
				"pivot": [5, 24.35, 0.6],
				"rotation": [-7.5, 160, 25]
			},
			{
				"name": "bone262",
				"parent": "bone261",
				"pivot": [4.9, 24.65, 0.5],
				"rotation": [0, 0, -10.8],
				"cubes": [
					{"origin": [3.1, 23.85, 0], "size": [2, 1, 1], "uv": [67, 88], "inflate": -0.2}
				]
			},
			{
				"name": "bone263",
				"parent": "bone261",
				"pivot": [4.9, 24.05, 0.5],
				"rotation": [0, 0, 10.8],
				"cubes": [
					{"origin": [3.1, 23.85, 0], "size": [2, 1, 1], "uv": [67, 86], "inflate": -0.2}
				]
			},
			{
				"name": "bone264",
				"parent": "hornleft",
				"pivot": [5, 24.35, 0.6],
				"rotation": [-7.5, 140, 27.5]
			},
			{
				"name": "bone265",
				"parent": "bone264",
				"pivot": [4.9, 24.65, 0.5],
				"rotation": [0, 0, -10.8],
				"cubes": [
					{"origin": [3.1, 23.85, 0], "size": [2, 1, 1], "uv": [21, 82], "inflate": -0.2}
				]
			},
			{
				"name": "bone266",
				"parent": "bone264",
				"pivot": [4.9, 24.05, 0.5],
				"rotation": [0, 0, 10.8],
				"cubes": [
					{"origin": [3.1, 23.85, 0], "size": [2, 1, 1], "uv": [82, 6], "inflate": -0.2}
				]
			},
			{
				"name": "bone267",
				"parent": "hornleft",
				"pivot": [5, 24.35, 0.6],
				"rotation": [-7.5, 120, 30]
			},
			{
				"name": "bone268",
				"parent": "bone267",
				"pivot": [4.9, 24.65, 0.5],
				"rotation": [0, 0, -10.8],
				"cubes": [
					{"origin": [3.1, 23.85, 0], "size": [2, 1, 1], "uv": [82, 4], "inflate": -0.2}
				]
			},
			{
				"name": "bone269",
				"parent": "bone267",
				"pivot": [4.9, 24.05, 0.5],
				"rotation": [0, 0, 10.8],
				"cubes": [
					{"origin": [3.1, 23.85, 0], "size": [2, 1, 1], "uv": [82, 2], "inflate": -0.2}
				]
			},
			{
				"name": "bone270",
				"parent": "hornleft",
				"pivot": [5, 24.35, 0.6],
				"rotation": [-7.5, 100, 32.5]
			},
			{
				"name": "bone271",
				"parent": "bone270",
				"pivot": [4.9, 24.65, 0.5],
				"rotation": [0, 0, -10.8],
				"cubes": [
					{"origin": [3.1, 23.85, 0], "size": [2, 1, 1], "uv": [82, 0], "inflate": -0.2}
				]
			},
			{
				"name": "bone272",
				"parent": "bone270",
				"pivot": [4.9, 24.05, 0.5],
				"rotation": [0, 0, 10.8],
				"cubes": [
					{"origin": [3.1, 23.85, 0], "size": [2, 1, 1], "uv": [0, 82], "inflate": -0.2}
				]
			},
			{
				"name": "bone273",
				"parent": "hornleft",
				"pivot": [5, 24.35, 0.6],
				"rotation": [-7.5, 80, 35]
			},
			{
				"name": "bone274",
				"parent": "bone273",
				"pivot": [4.9, 24.65, 0.5],
				"rotation": [0, 0, -10.8],
				"cubes": [
					{"origin": [3.1, 23.85, 0], "size": [2, 1, 1], "uv": [21, 80], "inflate": -0.2}
				]
			},
			{
				"name": "bone275",
				"parent": "bone273",
				"pivot": [4.9, 24.05, 0.5],
				"rotation": [0, 0, 10.8],
				"cubes": [
					{"origin": [3.1, 23.85, 0], "size": [2, 1, 1], "uv": [0, 80], "inflate": -0.2}
				]
			},
			{
				"name": "bone276",
				"parent": "hornleft",
				"pivot": [5, 24.35, 0.6],
				"rotation": [-7.5, 60, 37.5]
			},
			{
				"name": "bone277",
				"parent": "bone276",
				"pivot": [4.9, 24.65, 0.5],
				"rotation": [0, 0, -10.8],
				"cubes": [
					{"origin": [3.1, 23.85, 0], "size": [2, 1, 1], "uv": [21, 78], "inflate": -0.2}
				]
			},
			{
				"name": "bone278",
				"parent": "bone276",
				"pivot": [4.9, 24.05, 0.5],
				"rotation": [0, 0, 10.8],
				"cubes": [
					{"origin": [3.1, 23.85, 0], "size": [2, 1, 1], "uv": [0, 78], "inflate": -0.2}
				]
			},
			{
				"name": "bone279",
				"parent": "hornleft",
				"pivot": [5, 24.35, 0.6],
				"rotation": [-7.5, 40, 40]
			},
			{
				"name": "bone280",
				"parent": "bone279",
				"pivot": [4.9, 24.65, 0.5],
				"rotation": [0, 0, -10.8],
				"cubes": [
					{"origin": [3.1, 23.85, 0], "size": [2, 1, 1], "uv": [76, 76], "inflate": -0.2}
				]
			},
			{
				"name": "bone281",
				"parent": "bone279",
				"pivot": [4.9, 24.05, 0.5],
				"rotation": [0, 0, 10.8],
				"cubes": [
					{"origin": [3.1, 23.85, 0], "size": [2, 1, 1], "uv": [76, 74], "inflate": -0.2}
				]
			},
			{
				"name": "bone282",
				"parent": "hornleft",
				"pivot": [5, 24.35, 0.6],
				"rotation": [-7.5, 20, 42.5]
			},
			{
				"name": "bone283",
				"parent": "bone282",
				"pivot": [4.9, 24.65, 0.5],
				"rotation": [0, 0, -10.8],
				"cubes": [
					{"origin": [3.1, 23.85, 0], "size": [2, 1, 1], "uv": [76, 72], "inflate": -0.2}
				]
			},
			{
				"name": "bone284",
				"parent": "bone282",
				"pivot": [4.9, 24.05, 0.5],
				"rotation": [0, 0, 10.8],
				"cubes": [
					{"origin": [3.1, 23.85, 0], "size": [2, 1, 1], "uv": [55, 76], "inflate": -0.2}
				]
			},
			{
				"name": "horntipLeft",
				"parent": "hornleft",
				"pivot": [4.25, 25.05, 0.725],
				"rotation": [67.54599, -11.90805, -41.61155]
			},
			{
				"name": "bone301",
				"parent": "horntipLeft",
				"pivot": [4.23182, 25.97178, 0.71711],
				"rotation": [22.5, 0, 0]
			},
			{
				"name": "bone302",
				"parent": "bone301",
				"pivot": [4.10682, 27.07178, 0.59211],
				"rotation": [4.8, 0, -4.8],
				"cubes": [
					{"origin": [3.73187, 25.37614, 0.21725], "size": [1, 2, 1], "uv": [106, 9], "inflate": -0.35}
				]
			},
			{
				"name": "bone303",
				"parent": "bone301",
				"pivot": [4.10682, 27.07178, 0.84211],
				"rotation": [-4.8, 0, -4.8],
				"cubes": [
					{"origin": [3.73187, 25.37614, 0.21725], "size": [1, 2, 1], "uv": [83, 104], "inflate": -0.35}
				]
			},
			{
				"name": "bone304",
				"parent": "bone301",
				"pivot": [4.35682, 27.07178, 0.59211],
				"rotation": [4.8, 0, 4.8],
				"cubes": [
					{"origin": [3.73187, 25.37614, 0.21725], "size": [1, 2, 1], "uv": [79, 104], "inflate": -0.35}
				]
			},
			{
				"name": "bone305",
				"parent": "bone301",
				"pivot": [4.35682, 27.07178, 0.84211],
				"rotation": [-4.8, 0, 4.8],
				"cubes": [
					{"origin": [3.73187, 25.37614, 0.21725], "size": [1, 2, 1], "uv": [103, 79], "inflate": -0.35}
				]
			},
			{
				"name": "bone309",
				"parent": "horntipLeft",
				"pivot": [4.23182, 26.02178, 0.71711],
				"rotation": [0, 0, -180]
			},
			{
				"name": "bone310",
				"parent": "bone309",
				"pivot": [4.23182, 26.02178, 1.06711],
				"rotation": [-7.5, 0, 0],
				"cubes": [
					{"origin": [3.73182, 25.97178, 0.21711], "size": [1, 1, 1], "uv": [120, 67], "inflate": -0.1}
				]
			},
			{
				"name": "bone311",
				"parent": "bone309",
				"pivot": [4.23182, 26.02178, 0.36711],
				"rotation": [7.5, 0, 0],
				"cubes": [
					{"origin": [3.73182, 25.97178, 0.21711], "size": [1, 1, 1], "uv": [120, 65], "inflate": -0.1}
				]
			},
			{
				"name": "hornright",
				"parent": "head",
				"pivot": [-5, 24.35, 0.2],
				"rotation": [-167.46444, -29.52354, 63.09339]
			},
			{
				"name": "bone224",
				"parent": "hornright",
				"pivot": [-5, 24.35, 0.6],
				"rotation": [-7.5, 0, 0]
			},
			{
				"name": "bone225",
				"parent": "bone224",
				"pivot": [-4.9, 24.65, 0.5],
				"rotation": [0, 0, 10.8],
				"cubes": [
					{"origin": [-5.1, 23.85, 0], "size": [2, 1, 1], "uv": [101, 66], "inflate": -0.2, "mirror": true}
				]
			},
			{
				"name": "bone226",
				"parent": "bone224",
				"pivot": [-4.9, 24.05, 0.5],
				"rotation": [0, 0, -10.8],
				"cubes": [
					{"origin": [-5.1, 23.85, 0], "size": [2, 1, 1], "uv": [101, 64], "inflate": -0.2, "mirror": true}
				]
			},
			{
				"name": "bone227",
				"parent": "hornright",
				"pivot": [-5, 24.35, 0.6],
				"rotation": [-7.5, 20, -2.5]
			},
			{
				"name": "bone230",
				"parent": "bone227",
				"pivot": [-4.9, 24.65, 0.5],
				"rotation": [0, 0, 10.8],
				"cubes": [
					{"origin": [-5.1, 23.85, 0], "size": [2, 1, 1], "uv": [101, 52], "inflate": -0.2, "mirror": true}
				]
			},
			{
				"name": "bone295",
				"parent": "bone227",
				"pivot": [-4.9, 24.05, 0.5],
				"rotation": [0, 0, -10.8],
				"cubes": [
					{"origin": [-5.1, 23.85, 0], "size": [2, 1, 1], "uv": [101, 50], "inflate": -0.2, "mirror": true}
				]
			},
			{
				"name": "bone296",
				"parent": "hornright",
				"pivot": [-5, 24.35, 0.6],
				"rotation": [-7.5, 40, -5]
			},
			{
				"name": "bone297",
				"parent": "bone296",
				"pivot": [-4.9, 24.65, 0.5],
				"rotation": [0, 0, 10.8],
				"cubes": [
					{"origin": [-5.1, 23.85, 0], "size": [2, 1, 1], "uv": [99, 27], "inflate": -0.2, "mirror": true}
				]
			},
			{
				"name": "bone298",
				"parent": "bone296",
				"pivot": [-4.9, 24.05, 0.5],
				"rotation": [0, 0, -10.8],
				"cubes": [
					{"origin": [-5.1, 23.85, 0], "size": [2, 1, 1], "uv": [99, 25], "inflate": -0.2, "mirror": true}
				]
			},
			{
				"name": "bone299",
				"parent": "hornright",
				"pivot": [-5, 24.35, 0.6],
				"rotation": [-7.5, 60, -7.5]
			},
			{
				"name": "bone300",
				"parent": "bone299",
				"pivot": [-4.9, 24.65, 0.5],
				"rotation": [0, 0, 10.8],
				"cubes": [
					{"origin": [-5.1, 23.85, 0], "size": [2, 1, 1], "uv": [61, 98], "inflate": -0.2, "mirror": true}
				]
			},
			{
				"name": "bone306",
				"parent": "bone299",
				"pivot": [-4.9, 24.05, 0.5],
				"rotation": [0, 0, -10.8],
				"cubes": [
					{"origin": [-5.1, 23.85, 0], "size": [2, 1, 1], "uv": [55, 98], "inflate": -0.2, "mirror": true}
				]
			},
			{
				"name": "bone307",
				"parent": "hornright",
				"pivot": [-5, 24.35, 0.6],
				"rotation": [-7.5, 80, -10]
			},
			{
				"name": "bone308",
				"parent": "bone307",
				"pivot": [-4.9, 24.65, 0.5],
				"rotation": [0, 0, 10.8],
				"cubes": [
					{"origin": [-5.1, 23.85, 0], "size": [2, 1, 1], "uv": [97, 83], "inflate": -0.2, "mirror": true}
				]
			},
			{
				"name": "bone312",
				"parent": "bone307",
				"pivot": [-4.9, 24.05, 0.5],
				"rotation": [0, 0, -10.8],
				"cubes": [
					{"origin": [-5.1, 23.85, 0], "size": [2, 1, 1], "uv": [97, 81], "inflate": -0.2, "mirror": true}
				]
			},
			{
				"name": "bone313",
				"parent": "hornright",
				"pivot": [-5, 24.35, 0.6],
				"rotation": [-7.5, 100, -12.5]
			},
			{
				"name": "bone314",
				"parent": "bone313",
				"pivot": [-4.9, 24.65, 0.5],
				"rotation": [0, 0, 10.8],
				"cubes": [
					{"origin": [-5.1, 23.85, 0], "size": [2, 1, 1], "uv": [97, 79], "inflate": -0.2, "mirror": true}
				]
			},
			{
				"name": "bone315",
				"parent": "bone313",
				"pivot": [-4.9, 24.05, 0.5],
				"rotation": [0, 0, -10.8],
				"cubes": [
					{"origin": [-5.1, 23.85, 0], "size": [2, 1, 1], "uv": [43, 97], "inflate": -0.2, "mirror": true}
				]
			},
			{
				"name": "bone316",
				"parent": "hornright",
				"pivot": [-5, 24.35, 0.6],
				"rotation": [-7.5, 120, -15]
			},
			{
				"name": "bone317",
				"parent": "bone316",
				"pivot": [-4.9, 24.65, 0.5],
				"rotation": [0, 0, 10.8],
				"cubes": [
					{"origin": [-5.1, 23.85, 0], "size": [2, 1, 1], "uv": [31, 97], "inflate": -0.2, "mirror": true}
				]
			},
			{
				"name": "bone318",
				"parent": "bone316",
				"pivot": [-4.9, 24.05, 0.5],
				"rotation": [0, 0, -10.8],
				"cubes": [
					{"origin": [-5.1, 23.85, 0], "size": [2, 1, 1], "uv": [94, 45], "inflate": -0.2, "mirror": true}
				]
			},
			{
				"name": "bone319",
				"parent": "hornright",
				"pivot": [-5, 24.35, 0.6],
				"rotation": [-7.5, 140, -17.5]
			},
			{
				"name": "bone320",
				"parent": "bone319",
				"pivot": [-4.9, 24.65, 0.5],
				"rotation": [0, 0, 10.8],
				"cubes": [
					{"origin": [-5.1, 23.85, 0], "size": [2, 1, 1], "uv": [94, 43], "inflate": -0.2, "mirror": true}
				]
			},
			{
				"name": "bone321",
				"parent": "bone319",
				"pivot": [-4.9, 24.05, 0.5],
				"rotation": [0, 0, -10.8],
				"cubes": [
					{"origin": [-5.1, 23.85, 0], "size": [2, 1, 1], "uv": [94, 41], "inflate": -0.2, "mirror": true}
				]
			},
			{
				"name": "bone322",
				"parent": "hornright",
				"pivot": [-5, 24.35, 0.6],
				"rotation": [-7.5, 160, -20]
			},
			{
				"name": "bone323",
				"parent": "bone322",
				"pivot": [-4.9, 24.65, 0.5],
				"rotation": [0, 0, 10.8],
				"cubes": [
					{"origin": [-5.1, 23.85, 0], "size": [2, 1, 1], "uv": [85, 93], "inflate": -0.2, "mirror": true}
				]
			},
			{
				"name": "bone324",
				"parent": "bone322",
				"pivot": [-4.9, 24.05, 0.5],
				"rotation": [0, 0, -10.8],
				"cubes": [
					{"origin": [-5.1, 23.85, 0], "size": [2, 1, 1], "uv": [67, 90], "inflate": -0.2, "mirror": true}
				]
			},
			{
				"name": "bone325",
				"parent": "hornright",
				"pivot": [-5, 24.35, 0.6],
				"rotation": [-7.5, -180, -22.5]
			},
			{
				"name": "bone326",
				"parent": "bone325",
				"pivot": [-4.9, 24.65, 0.5],
				"rotation": [0, 0, 10.8],
				"cubes": [
					{"origin": [-5.1, 23.85, 0], "size": [2, 1, 1], "uv": [90, 11], "inflate": -0.2, "mirror": true}
				]
			},
			{
				"name": "bone327",
				"parent": "bone325",
				"pivot": [-4.9, 24.05, 0.5],
				"rotation": [0, 0, -10.8],
				"cubes": [
					{"origin": [-5.1, 23.85, 0], "size": [2, 1, 1], "uv": [90, 9], "inflate": -0.2, "mirror": true}
				]
			},
			{
				"name": "bone328",
				"parent": "hornright",
				"pivot": [-5, 24.35, 0.6],
				"rotation": [-7.5, -160, -25]
			},
			{
				"name": "bone329",
				"parent": "bone328",
				"pivot": [-4.9, 24.65, 0.5],
				"rotation": [0, 0, 10.8],
				"cubes": [
					{"origin": [-5.1, 23.85, 0], "size": [2, 1, 1], "uv": [67, 88], "inflate": -0.2, "mirror": true}
				]
			},
			{
				"name": "bone330",
				"parent": "bone328",
				"pivot": [-4.9, 24.05, 0.5],
				"rotation": [0, 0, -10.8],
				"cubes": [
					{"origin": [-5.1, 23.85, 0], "size": [2, 1, 1], "uv": [67, 86], "inflate": -0.2, "mirror": true}
				]
			},
			{
				"name": "bone331",
				"parent": "hornright",
				"pivot": [-5, 24.35, 0.6],
				"rotation": [-7.5, -140, -27.5]
			},
			{
				"name": "bone332",
				"parent": "bone331",
				"pivot": [-4.9, 24.65, 0.5],
				"rotation": [0, 0, 10.8],
				"cubes": [
					{"origin": [-5.1, 23.85, 0], "size": [2, 1, 1], "uv": [21, 82], "inflate": -0.2, "mirror": true}
				]
			},
			{
				"name": "bone333",
				"parent": "bone331",
				"pivot": [-4.9, 24.05, 0.5],
				"rotation": [0, 0, -10.8],
				"cubes": [
					{"origin": [-5.1, 23.85, 0], "size": [2, 1, 1], "uv": [82, 6], "inflate": -0.2, "mirror": true}
				]
			},
			{
				"name": "bone334",
				"parent": "hornright",
				"pivot": [-5, 24.35, 0.6],
				"rotation": [-7.5, -120, -30]
			},
			{
				"name": "bone335",
				"parent": "bone334",
				"pivot": [-4.9, 24.65, 0.5],
				"rotation": [0, 0, 10.8],
				"cubes": [
					{"origin": [-5.1, 23.85, 0], "size": [2, 1, 1], "uv": [82, 4], "inflate": -0.2, "mirror": true}
				]
			},
			{
				"name": "bone336",
				"parent": "bone334",
				"pivot": [-4.9, 24.05, 0.5],
				"rotation": [0, 0, -10.8],
				"cubes": [
					{"origin": [-5.1, 23.85, 0], "size": [2, 1, 1], "uv": [82, 2], "inflate": -0.2, "mirror": true}
				]
			},
			{
				"name": "bone337",
				"parent": "hornright",
				"pivot": [-5, 24.35, 0.6],
				"rotation": [-7.5, -100, -32.5]
			},
			{
				"name": "bone338",
				"parent": "bone337",
				"pivot": [-4.9, 24.65, 0.5],
				"rotation": [0, 0, 10.8],
				"cubes": [
					{"origin": [-5.1, 23.85, 0], "size": [2, 1, 1], "uv": [82, 0], "inflate": -0.2, "mirror": true}
				]
			},
			{
				"name": "bone339",
				"parent": "bone337",
				"pivot": [-4.9, 24.05, 0.5],
				"rotation": [0, 0, -10.8],
				"cubes": [
					{"origin": [-5.1, 23.85, 0], "size": [2, 1, 1], "uv": [0, 82], "inflate": -0.2, "mirror": true}
				]
			},
			{
				"name": "bone340",
				"parent": "hornright",
				"pivot": [-5, 24.35, 0.6],
				"rotation": [-7.5, -80, -35]
			},
			{
				"name": "bone341",
				"parent": "bone340",
				"pivot": [-4.9, 24.65, 0.5],
				"rotation": [0, 0, 10.8],
				"cubes": [
					{"origin": [-5.1, 23.85, 0], "size": [2, 1, 1], "uv": [21, 80], "inflate": -0.2, "mirror": true}
				]
			},
			{
				"name": "bone342",
				"parent": "bone340",
				"pivot": [-4.9, 24.05, 0.5],
				"rotation": [0, 0, -10.8],
				"cubes": [
					{"origin": [-5.1, 23.85, 0], "size": [2, 1, 1], "uv": [0, 80], "inflate": -0.2, "mirror": true}
				]
			},
			{
				"name": "bone343",
				"parent": "hornright",
				"pivot": [-5, 24.35, 0.6],
				"rotation": [-7.5, -60, -37.5]
			},
			{
				"name": "bone344",
				"parent": "bone343",
				"pivot": [-4.9, 24.65, 0.5],
				"rotation": [0, 0, 10.8],
				"cubes": [
					{"origin": [-5.1, 23.85, 0], "size": [2, 1, 1], "uv": [21, 78], "inflate": -0.2, "mirror": true}
				]
			},
			{
				"name": "bone345",
				"parent": "bone343",
				"pivot": [-4.9, 24.05, 0.5],
				"rotation": [0, 0, -10.8],
				"cubes": [
					{"origin": [-5.1, 23.85, 0], "size": [2, 1, 1], "uv": [0, 78], "inflate": -0.2, "mirror": true}
				]
			},
			{
				"name": "bone346",
				"parent": "hornright",
				"pivot": [-5, 24.35, 0.6],
				"rotation": [-7.5, -40, -40]
			},
			{
				"name": "bone347",
				"parent": "bone346",
				"pivot": [-4.9, 24.65, 0.5],
				"rotation": [0, 0, 10.8],
				"cubes": [
					{"origin": [-5.1, 23.85, 0], "size": [2, 1, 1], "uv": [76, 76], "inflate": -0.2, "mirror": true}
				]
			},
			{
				"name": "bone348",
				"parent": "bone346",
				"pivot": [-4.9, 24.05, 0.5],
				"rotation": [0, 0, -10.8],
				"cubes": [
					{"origin": [-5.1, 23.85, 0], "size": [2, 1, 1], "uv": [76, 74], "inflate": -0.2, "mirror": true}
				]
			},
			{
				"name": "bone349",
				"parent": "hornright",
				"pivot": [-5, 24.35, 0.6],
				"rotation": [-7.5, -20, -42.5]
			},
			{
				"name": "bone350",
				"parent": "bone349",
				"pivot": [-4.9, 24.65, 0.5],
				"rotation": [0, 0, 10.8],
				"cubes": [
					{"origin": [-5.1, 23.85, 0], "size": [2, 1, 1], "uv": [76, 72], "inflate": -0.2, "mirror": true}
				]
			},
			{
				"name": "bone351",
				"parent": "bone349",
				"pivot": [-4.9, 24.05, 0.5],
				"rotation": [0, 0, -10.8],
				"cubes": [
					{"origin": [-5.1, 23.85, 0], "size": [2, 1, 1], "uv": [55, 76], "inflate": -0.2, "mirror": true}
				]
			},
			{
				"name": "horntipRight",
				"parent": "hornright",
				"pivot": [-4.25, 25.05, 0.725],
				"rotation": [67.54599, 11.90805, 41.61155]
			},
			{
				"name": "bone352",
				"parent": "horntipRight",
				"pivot": [-4.23182, 25.97178, 0.71711],
				"rotation": [22.5, 0, 0]
			},
			{
				"name": "bone353",
				"parent": "bone352",
				"pivot": [-4.10682, 27.07178, 0.59211],
				"rotation": [4.8, 0, 4.8],
				"cubes": [
					{"origin": [-4.73187, 25.37614, 0.21725], "size": [1, 2, 1], "uv": [106, 9], "inflate": -0.35, "mirror": true}
				]
			},
			{
				"name": "bone354",
				"parent": "bone352",
				"pivot": [-4.10682, 27.07178, 0.84211],
				"rotation": [-4.8, 0, 4.8],
				"cubes": [
					{"origin": [-4.73187, 25.37614, 0.21725], "size": [1, 2, 1], "uv": [83, 104], "inflate": -0.35, "mirror": true}
				]
			},
			{
				"name": "bone355",
				"parent": "bone352",
				"pivot": [-4.35682, 27.07178, 0.59211],
				"rotation": [4.8, 0, -4.8],
				"cubes": [
					{"origin": [-4.73187, 25.37614, 0.21725], "size": [1, 2, 1], "uv": [79, 104], "inflate": -0.35, "mirror": true}
				]
			},
			{
				"name": "bone356",
				"parent": "bone352",
				"pivot": [-4.35682, 27.07178, 0.84211],
				"rotation": [-4.8, 0, -4.8],
				"cubes": [
					{"origin": [-4.73187, 25.37614, 0.21725], "size": [1, 2, 1], "uv": [103, 79], "inflate": -0.35, "mirror": true}
				]
			},
			{
				"name": "bone357",
				"parent": "horntipRight",
				"pivot": [-4.23182, 26.02178, 0.71711],
				"rotation": [0, 0, 180]
			},
			{
				"name": "bone358",
				"parent": "bone357",
				"pivot": [-4.23182, 26.02178, 1.06711],
				"rotation": [-7.5, 0, 0],
				"cubes": [
					{"origin": [-4.73182, 25.97178, 0.21711], "size": [1, 1, 1], "uv": [120, 67], "inflate": -0.1, "mirror": true}
				]
			},
			{
				"name": "bone359",
				"parent": "bone357",
				"pivot": [-4.23182, 26.02178, 0.36711],
				"rotation": [7.5, 0, 0],
				"cubes": [
					{"origin": [-4.73182, 25.97178, 0.21711], "size": [1, 1, 1], "uv": [120, 65], "inflate": -0.1, "mirror": true}
				]
			},
			{
				"name": "earLeftShake",
				"parent": "head",
				"pivot": [4.75, 23.5, 0]
			},
			{
				"name": "earLeft",
				"parent": "earLeftShake",
				"pivot": [4.35, 23.225, -0.55],
				"rotation": [0, 0, 52.5],
				"cubes": [
					{"origin": [1.37349, 19.79901, -3.55], "size": [7, 7, 7], "uv": [76, 79], "inflate": -3},
					{"origin": [2.37349, 19.79901, -3.55], "size": [7, 7, 7], "uv": [0, 78], "inflate": -3},
					{"origin": [3.37349, 19.79901, -3.55], "size": [7, 7, 7], "uv": [55, 72], "inflate": -3}
				]
			},
			{
				"name": "earRightShake",
				"parent": "head",
				"pivot": [-4.75, 23.5, 0]
			},
			{
				"name": "earRight",
				"parent": "earRightShake",
				"pivot": [-4.35, 23.225, -0.55],
				"rotation": [0, 0, -52.5],
				"cubes": [
					{"origin": [-8.37349, 19.79901, -3.55], "size": [7, 7, 7], "uv": [76, 79], "inflate": -3, "mirror": true},
					{"origin": [-9.37349, 19.79901, -3.55], "size": [7, 7, 7], "uv": [0, 78], "inflate": -3, "mirror": true},
					{"origin": [-10.37349, 19.79901, -3.55], "size": [7, 7, 7], "uv": [55, 72], "inflate": -3, "mirror": true}
				]
			},
			{
				"name": "body",
				"pivot": [0, 10.5, 0],
				"cubes": [
					{"origin": [-7, 4.999, -7], "size": [14, 17, 14], "uv": [0, 0], "inflate": -4}
				]
			},
			{
				"name": "sittingRotationSkirt",
				"parent": "body",
				"pivot": [0, 10.25, 0]
			},
			{
				"name": "outerlayer",
				"parent": "sittingRotationSkirt",
				"pivot": [0, 31.25, 0]
			},
			{
				"name": "bone3",
				"parent": "outerlayer",
				"pivot": [0, 2, 0]
			},
			{
				"name": "bone4",
				"parent": "bone3",
				"pivot": [0, 2, 10.6646],
				"rotation": [45, 0, 0]
			},
			{
				"name": "bone5",
				"parent": "bone4",
				"pivot": [0, 2, 10.6646],
				"rotation": [0, -45, 0],
				"cubes": [
					{"origin": [-1.5, 9, 9.1646], "size": [3, 7, 3], "uv": [116, 74], "inflate": -0.75}
				]
			},
			{
				"name": "bone6",
				"parent": "outerlayer",
				"pivot": [0, 2, 0],
				"rotation": [0, -22.5, 0]
			},
			{
				"name": "bone7",
				"parent": "bone6",
				"pivot": [0, 2, 10.6646],
				"rotation": [45, 0, 0]
			},
			{
				"name": "bone8",
				"parent": "bone7",
				"pivot": [0, 2, 10.6646],
				"rotation": [0, -45, 0],
				"cubes": [
					{"origin": [-1.5, 9, 9.1646], "size": [3, 7, 3], "uv": [114, 86], "inflate": -0.75}
				]
			},
			{
				"name": "bone9",
				"parent": "outerlayer",
				"pivot": [0, 2, 0],
				"rotation": [0, -45, 0]
			},
			{
				"name": "bone10",
				"parent": "bone9",
				"pivot": [0, 2, 10.6646],
				"rotation": [45, 0, 0]
			},
			{
				"name": "bone11",
				"parent": "bone10",
				"pivot": [0, 2, 10.6646],
				"rotation": [0, -45, 0],
				"cubes": [
					{"origin": [-1.5, 9, 9.1646], "size": [3, 7, 3], "uv": [12, 114], "inflate": -0.75}
				]
			},
			{
				"name": "bone12",
				"parent": "outerlayer",
				"pivot": [0, 2, 0],
				"rotation": [0, -67.5, 0]
			},
			{
				"name": "bone13",
				"parent": "bone12",
				"pivot": [0, 2, 10.6646],
				"rotation": [45, 0, 0]
			},
			{
				"name": "bone14",
				"parent": "bone13",
				"pivot": [0, 2, 10.6646],
				"rotation": [0, -45, 0],
				"cubes": [
					{"origin": [-1.5, 9, 9.1646], "size": [3, 7, 3], "uv": [79, 113], "inflate": -0.75}
				]
			},
			{
				"name": "bone15",
				"parent": "outerlayer",
				"pivot": [0, 2, 0],
				"rotation": [0, -90, 0]
			},
			{
				"name": "bone16",
				"parent": "bone15",
				"pivot": [0, 2, 10.6646],
				"rotation": [45, 0, 0]
			},
			{
				"name": "bone17",
				"parent": "bone16",
				"pivot": [0, 2, 10.6646],
				"rotation": [0, -45, 0],
				"cubes": [
					{"origin": [-1.5, 9, 9.1646], "size": [3, 7, 3], "uv": [0, 113], "inflate": -0.75}
				]
			},
			{
				"name": "bone18",
				"parent": "outerlayer",
				"pivot": [0, 2, 0],
				"rotation": [0, -112.5, 0]
			},
			{
				"name": "bone56",
				"parent": "bone18",
				"pivot": [0, 2, 10.6646],
				"rotation": [45, 0, 0]
			},
			{
				"name": "bone57",
				"parent": "bone56",
				"pivot": [0, 2, 10.6646],
				"rotation": [0, -45, 0],
				"cubes": [
					{"origin": [-1.5, 9, 9.1646], "size": [3, 7, 3], "uv": [112, 47], "inflate": -0.75}
				]
			},
			{
				"name": "bone58",
				"parent": "outerlayer",
				"pivot": [0, 2, 0],
				"rotation": [0, -135, 0]
			},
			{
				"name": "bone59",
				"parent": "bone58",
				"pivot": [0, 2, 10.6646],
				"rotation": [45, 0, 0]
			},
			{
				"name": "bone60",
				"parent": "bone59",
				"pivot": [0, 2, 10.6646],
				"rotation": [0, -45, 0],
				"cubes": [
					{"origin": [-1.5, 9, 9.1646], "size": [3, 7, 3], "uv": [111, 97], "inflate": -0.75}
				]
			},
			{
				"name": "bone61",
				"parent": "outerlayer",
				"pivot": [0, 2, 0],
				"rotation": [0, -157.5, 0]
			},
			{
				"name": "bone62",
				"parent": "bone61",
				"pivot": [0, 2, 10.6646],
				"rotation": [45, 0, 0]
			},
			{
				"name": "bone63",
				"parent": "bone62",
				"pivot": [0, 2, 10.6646],
				"rotation": [0, -45, 0],
				"cubes": [
					{"origin": [-1.5, 9, 9.1646], "size": [3, 7, 3], "uv": [60, 111], "inflate": -0.75}
				]
			},
			{
				"name": "bone64",
				"parent": "outerlayer",
				"pivot": [0, 2, 0],
				"rotation": [0, -180, 0]
			},
			{
				"name": "bone65",
				"parent": "bone64",
				"pivot": [0, 2, 10.6646],
				"rotation": [45, 0, 0]
			},
			{
				"name": "bone66",
				"parent": "bone65",
				"pivot": [0, 2, 10.6646],
				"rotation": [0, -45, 0],
				"cubes": [
					{"origin": [-1.5, 9, 9.1646], "size": [3, 7, 3], "uv": [111, 9], "inflate": -0.75}
				]
			},
			{
				"name": "bone67",
				"parent": "outerlayer",
				"pivot": [0, 2, 0],
				"rotation": [0, -202.5, 0]
			},
			{
				"name": "bone68",
				"parent": "bone67",
				"pivot": [0, 2, 10.6646],
				"rotation": [45, 0, 0]
			},
			{
				"name": "bone69",
				"parent": "bone68",
				"pivot": [0, 2, 10.6646],
				"rotation": [0, -45, 0],
				"cubes": [
					{"origin": [-1.5, 9, 9.1646], "size": [3, 7, 3], "uv": [96, 110], "inflate": -0.75}
				]
			},
			{
				"name": "bone70",
				"parent": "outerlayer",
				"pivot": [0, 2, 0],
				"rotation": [0, -225, 0]
			},
			{
				"name": "bone71",
				"parent": "bone70",
				"pivot": [0, 2, 10.6646],
				"rotation": [45, 0, 0]
			},
			{
				"name": "bone72",
				"parent": "bone71",
				"pivot": [0, 2, 10.6646],
				"rotation": [0, -45, 0],
				"cubes": [
					{"origin": [-1.5, 9, 9.1646], "size": [3, 7, 3], "uv": [110, 32], "inflate": -0.75}
				]
			},
			{
				"name": "bone73",
				"parent": "outerlayer",
				"pivot": [0, 2, 0],
				"rotation": [0, -247.5, 0]
			},
			{
				"name": "bone74",
				"parent": "bone73",
				"pivot": [0, 2, 10.6646],
				"rotation": [45, 0, 0]
			},
			{
				"name": "bone75",
				"parent": "bone74",
				"pivot": [0, 2, 10.6646],
				"rotation": [0, -45, 0],
				"cubes": [
					{"origin": [-1.5, 9, 9.1646], "size": [3, 7, 3], "uv": [108, 107], "inflate": -0.75}
				]
			},
			{
				"name": "bone76",
				"parent": "outerlayer",
				"pivot": [0, 2, 0],
				"rotation": [0, -270, 0]
			},
			{
				"name": "bone77",
				"parent": "bone76",
				"pivot": [0, 2, 10.6646],
				"rotation": [45, 0, 0]
			},
			{
				"name": "bone78",
				"parent": "bone77",
				"pivot": [0, 2, 10.6646],
				"rotation": [0, -45, 0],
				"cubes": [
					{"origin": [-1.5, 9, 9.1646], "size": [3, 7, 3], "uv": [108, 64], "inflate": -0.75}
				]
			},
			{
				"name": "bone79",
				"parent": "outerlayer",
				"pivot": [0, 2, 0],
				"rotation": [0, -292.5, 0]
			},
			{
				"name": "bone80",
				"parent": "bone79",
				"pivot": [0, 2, 10.6646],
				"rotation": [45, 0, 0]
			},
			{
				"name": "bone81",
				"parent": "bone80",
				"pivot": [0, 2, 10.6646],
				"rotation": [0, -45, 0],
				"cubes": [
					{"origin": [-1.5, 9, 9.1646], "size": [3, 7, 3], "uv": [48, 108], "inflate": -0.75}
				]
			},
			{
				"name": "bone82",
				"parent": "outerlayer",
				"pivot": [0, 2, 0],
				"rotation": [0, -315, 0]
			},
			{
				"name": "bone83",
				"parent": "bone82",
				"pivot": [0, 2, 10.6646],
				"rotation": [45, 0, 0]
			},
			{
				"name": "bone84",
				"parent": "bone83",
				"pivot": [0, 2, 10.6646],
				"rotation": [0, -45, 0],
				"cubes": [
					{"origin": [-1.5, 9, 9.1646], "size": [3, 7, 3], "uv": [108, 22], "inflate": -0.75}
				]
			},
			{
				"name": "bone85",
				"parent": "outerlayer",
				"pivot": [0, 2, 0],
				"rotation": [0, -337.5, 0]
			},
			{
				"name": "bone86",
				"parent": "bone85",
				"pivot": [0, 2, 10.6646],
				"rotation": [45, 0, 0]
			},
			{
				"name": "bone87",
				"parent": "bone86",
				"pivot": [0, 2, 10.6646],
				"rotation": [0, -45, 0],
				"cubes": [
					{"origin": [-1.5, 9, 9.1646], "size": [3, 7, 3], "uv": [36, 107], "inflate": -0.75}
				]
			},
			{
				"name": "innerlayer",
				"parent": "sittingRotationSkirt",
				"pivot": [0, 30.75, 0]
			},
			{
				"name": "bone20",
				"parent": "innerlayer",
				"pivot": [0, 1.5, 0]
			},
			{
				"name": "bone21",
				"parent": "bone20",
				"pivot": [0, 1.5, 10.6646],
				"rotation": [45, 0, 0]
			},
			{
				"name": "bone22",
				"parent": "bone21",
				"pivot": [0, 1.5, 10.6646],
				"rotation": [0, -45, 0],
				"cubes": [
					{"origin": [-1.5, 8.5, 9.1646], "size": [3, 7, 3], "uv": [24, 107], "inflate": -0.75}
				]
			},
			{
				"name": "bone23",
				"parent": "innerlayer",
				"pivot": [0, 1.5, 0],
				"rotation": [0, -22.5, 0]
			},
			{
				"name": "bone24",
				"parent": "bone23",
				"pivot": [0, 1.5, 10.6646],
				"rotation": [45, 0, 0]
			},
			{
				"name": "bone25",
				"parent": "bone24",
				"pivot": [0, 1.5, 10.6646],
				"rotation": [0, -45, 0],
				"cubes": [
					{"origin": [-1.5, 8.5, 9.1646], "size": [3, 7, 3], "uv": [104, 79], "inflate": -0.75}
				]
			},
			{
				"name": "bone26",
				"parent": "innerlayer",
				"pivot": [0, 1.5, 0],
				"rotation": [0, -45, 0]
			},
			{
				"name": "bone27",
				"parent": "bone26",
				"pivot": [0, 1.5, 10.6646],
				"rotation": [45, 0, 0]
			},
			{
				"name": "bone28",
				"parent": "bone27",
				"pivot": [0, 1.5, 10.6646],
				"rotation": [0, -45, 0],
				"cubes": [
					{"origin": [-1.5, 8.5, 9.1646], "size": [3, 7, 3], "uv": [70, 104], "inflate": -0.75}
				]
			},
			{
				"name": "bone29",
				"parent": "innerlayer",
				"pivot": [0, 1.5, 0],
				"rotation": [0, -67.5, 0]
			},
			{
				"name": "bone30",
				"parent": "bone29",
				"pivot": [0, 1.5, 10.6646],
				"rotation": [45, 0, 0]
			},
			{
				"name": "bone31",
				"parent": "bone30",
				"pivot": [0, 1.5, 10.6646],
				"rotation": [0, -45, 0],
				"cubes": [
					{"origin": [-1.5, 8.5, 9.1646], "size": [3, 7, 3], "uv": [12, 104], "inflate": -0.75}
				]
			},
			{
				"name": "bone32",
				"parent": "innerlayer",
				"pivot": [0, 1.5, 0],
				"rotation": [0, -90, 0]
			},
			{
				"name": "bone33",
				"parent": "bone32",
				"pivot": [0, 1.5, 10.6646],
				"rotation": [45, 0, 0]
			},
			{
				"name": "bone34",
				"parent": "bone33",
				"pivot": [0, 1.5, 10.6646],
				"rotation": [0, -45, 0],
				"cubes": [
					{"origin": [-1.5, 8.5, 9.1646], "size": [3, 7, 3], "uv": [87, 103], "inflate": -0.75}
				]
			},
			{
				"name": "bone35",
				"parent": "innerlayer",
				"pivot": [0, 1.5, 0],
				"rotation": [0, -112.5, 0]
			},
			{
				"name": "bone36",
				"parent": "bone35",
				"pivot": [0, 1.5, 10.6646],
				"rotation": [45, 0, 0]
			},
			{
				"name": "bone37",
				"parent": "bone36",
				"pivot": [0, 1.5, 10.6646],
				"rotation": [0, -45, 0],
				"cubes": [
					{"origin": [-1.5, 8.5, 9.1646], "size": [3, 7, 3], "uv": [0, 103], "inflate": -0.75}
				]
			},
			{
				"name": "bone38",
				"parent": "innerlayer",
				"pivot": [0, 1.5, 0],
				"rotation": [0, -135, 0]
			},
			{
				"name": "bone39",
				"parent": "bone38",
				"pivot": [0, 1.5, 10.6646],
				"rotation": [45, 0, 0]
			},
			{
				"name": "bone40",
				"parent": "bone39",
				"pivot": [0, 1.5, 10.6646],
				"rotation": [0, -45, 0],
				"cubes": [
					{"origin": [-1.5, 8.5, 9.1646], "size": [3, 7, 3], "uv": [102, 90], "inflate": -0.75}
				]
			},
			{
				"name": "bone41",
				"parent": "innerlayer",
				"pivot": [0, 1.5, 0],
				"rotation": [0, -157.5, 0]
			},
			{
				"name": "bone42",
				"parent": "bone41",
				"pivot": [0, 1.5, 10.6646],
				"rotation": [45, 0, 0]
			},
			{
				"name": "bone43",
				"parent": "bone42",
				"pivot": [0, 1.5, 10.6646],
				"rotation": [0, -45, 0],
				"cubes": [
					{"origin": [-1.5, 8.5, 9.1646], "size": [3, 7, 3], "uv": [58, 101], "inflate": -0.75}
				]
			},
			{
				"name": "bone44",
				"parent": "innerlayer",
				"pivot": [0, 1.5, 0],
				"rotation": [0, -180, 0]
			},
			{
				"name": "bone45",
				"parent": "bone44",
				"pivot": [0, 1.5, 10.6646],
				"rotation": [45, 0, 0]
			},
			{
				"name": "bone46",
				"parent": "bone45",
				"pivot": [0, 1.5, 10.6646],
				"rotation": [0, -45, 0],
				"cubes": [
					{"origin": [-1.5, 8.5, 9.1646], "size": [3, 7, 3], "uv": [101, 40], "inflate": -0.75}
				]
			},
			{
				"name": "bone47",
				"parent": "innerlayer",
				"pivot": [0, 1.5, 0],
				"rotation": [0, -202.5, 0]
			},
			{
				"name": "bone48",
				"parent": "bone47",
				"pivot": [0, 1.5, 10.6646],
				"rotation": [45, 0, 0]
			},
			{
				"name": "bone49",
				"parent": "bone48",
				"pivot": [0, 1.5, 10.6646],
				"rotation": [0, -45, 0],
				"cubes": [
					{"origin": [-1.5, 8.5, 9.1646], "size": [3, 7, 3], "uv": [99, 100], "inflate": -0.75}
				]
			},
			{
				"name": "bone50",
				"parent": "innerlayer",
				"pivot": [0, 1.5, 0],
				"rotation": [0, -225, 0]
			},
			{
				"name": "bone51",
				"parent": "bone50",
				"pivot": [0, 1.5, 10.6646],
				"rotation": [45, 0, 0]
			},
			{
				"name": "bone52",
				"parent": "bone51",
				"pivot": [0, 1.5, 10.6646],
				"rotation": [0, -45, 0],
				"cubes": [
					{"origin": [-1.5, 8.5, 9.1646], "size": [3, 7, 3], "uv": [46, 98], "inflate": -0.75}
				]
			},
			{
				"name": "bone53",
				"parent": "innerlayer",
				"pivot": [0, 1.5, 0],
				"rotation": [0, -247.5, 0]
			},
			{
				"name": "bone54",
				"parent": "bone53",
				"pivot": [0, 1.5, 10.6646],
				"rotation": [45, 0, 0]
			},
			{
				"name": "bone55",
				"parent": "bone54",
				"pivot": [0, 1.5, 10.6646],
				"rotation": [0, -45, 0],
				"cubes": [
					{"origin": [-1.5, 8.5, 9.1646], "size": [3, 7, 3], "uv": [34, 97], "inflate": -0.75}
				]
			},
			{
				"name": "bone88",
				"parent": "innerlayer",
				"pivot": [0, 1.5, 0],
				"rotation": [0, -270, 0]
			},
			{
				"name": "bone89",
				"parent": "bone88",
				"pivot": [0, 1.5, 10.6646],
				"rotation": [45, 0, 0]
			},
			{
				"name": "bone90",
				"parent": "bone89",
				"pivot": [0, 1.5, 10.6646],
				"rotation": [0, -45, 0],
				"cubes": [
					{"origin": [-1.5, 8.5, 9.1646], "size": [3, 7, 3], "uv": [97, 30], "inflate": -0.75}
				]
			},
			{
				"name": "bone91",
				"parent": "innerlayer",
				"pivot": [0, 1.5, 0],
				"rotation": [0, -292.5, 0]
			},
			{
				"name": "bone92",
				"parent": "bone91",
				"pivot": [0, 1.5, 10.6646],
				"rotation": [45, 0, 0]
			},
			{
				"name": "bone93",
				"parent": "bone92",
				"pivot": [0, 1.5, 10.6646],
				"rotation": [0, -45, 0],
				"cubes": [
					{"origin": [-1.5, 8.5, 9.1646], "size": [3, 7, 3], "uv": [22, 97], "inflate": -0.75}
				]
			},
			{
				"name": "bone94",
				"parent": "innerlayer",
				"pivot": [0, 1.5, 0],
				"rotation": [0, -315, 0]
			},
			{
				"name": "bone95",
				"parent": "bone94",
				"pivot": [0, 1.5, 10.6646],
				"rotation": [45, 0, 0]
			},
			{
				"name": "bone96",
				"parent": "bone95",
				"pivot": [0, 1.5, 10.6646],
				"rotation": [0, -45, 0],
				"cubes": [
					{"origin": [-1.5, 8.5, 9.1646], "size": [3, 7, 3], "uv": [90, 93], "inflate": -0.75}
				]
			},
			{
				"name": "bone97",
				"parent": "innerlayer",
				"pivot": [0, 1.5, 0],
				"rotation": [0, -337.5, 0]
			},
			{
				"name": "bone98",
				"parent": "bone97",
				"pivot": [0, 1.5, 10.6646],
				"rotation": [45, 0, 0]
			},
			{
				"name": "bone99",
				"parent": "bone98",
				"pivot": [0, 1.5, 10.6646],
				"rotation": [0, -45, 0],
				"cubes": [
					{"origin": [-1.5, 8.5, 9.1646], "size": [3, 7, 3], "uv": [0, 0], "inflate": -0.75}
				]
			},
			{
				"name": "collar",
				"parent": "body",
				"pivot": [0, 35.85, 0]
			},
			{
				"name": "collar2",
				"parent": "collar",
				"pivot": [0, 35.85, 0]
			},
			{
				"name": "bone180",
				"parent": "collar2",
				"pivot": [-3, 17.6, -3],
				"cubes": [
					{"origin": [-3.5, 17.1, -3.5], "size": [1, 1, 1], "uv": [56, 120]}
				]
			},
			{
				"name": "bone181",
				"parent": "collar2",
				"pivot": [-2, 17.6, -3],
				"rotation": [-4.5, 0, 0],
				"cubes": [
					{"origin": [-2.5, 17.1, -3.5], "size": [1, 1, 1], "uv": [52, 120]}
				]
			},
			{
				"name": "bone182",
				"parent": "collar2",
				"pivot": [-1, 17.6, -3],
				"rotation": [4.75, 0, 0],
				"cubes": [
					{"origin": [-1.5, 17.1, -3.5], "size": [1, 1, 1], "uv": [48, 120]}
				]
			},
			{
				"name": "bone183",
				"parent": "collar2",
				"pivot": [0, 17.6, -3],
				"rotation": [-5.25, 0, 0],
				"cubes": [
					{"origin": [-0.5, 17.1, -3.5], "size": [1, 1, 1], "uv": [120, 29]}
				]
			},
			{
				"name": "bone184",
				"parent": "collar2",
				"pivot": [1, 17.6, -3],
				"rotation": [5.5, 0, 0],
				"cubes": [
					{"origin": [0.5, 17.1, -3.5], "size": [1, 1, 1], "uv": [120, 27]}
				]
			},
			{
				"name": "bone185",
				"parent": "collar2",
				"pivot": [2, 17.6, -3],
				"rotation": [-5.25, 0, 0],
				"cubes": [
					{"origin": [1.5, 17.1, -3.5], "size": [1, 1, 1], "uv": [120, 25]}
				]
			},
			{
				"name": "collar3",
				"parent": "collar",
				"pivot": [0, 35.85, 0],
				"rotation": [0, -90, 0]
			},
			{
				"name": "bone186",
				"parent": "collar3",
				"pivot": [-3, 17.6, -3],
				"cubes": [
					{"origin": [-3.5, 17.1, -3.5], "size": [1, 1, 1], "uv": [120, 10]}
				]
			},
			{
				"name": "bone187",
				"parent": "collar3",
				"pivot": [-2, 17.6, -3],
				"rotation": [-4.5, 0, 0],
				"cubes": [
					{"origin": [-2.5, 17.1, -3.5], "size": [1, 1, 1], "uv": [120, 8]}
				]
			},
			{
				"name": "bone188",
				"parent": "collar3",
				"pivot": [-1, 17.6, -3],
				"rotation": [4.75, 0, 0],
				"cubes": [
					{"origin": [-1.5, 17.1, -3.5], "size": [1, 1, 1], "uv": [120, 6]}
				]
			},
			{
				"name": "bone189",
				"parent": "collar3",
				"pivot": [0, 17.6, -3],
				"rotation": [-5.25, 0, 0],
				"cubes": [
					{"origin": [-0.5, 17.1, -3.5], "size": [1, 1, 1], "uv": [120, 4]}
				]
			},
			{
				"name": "bone190",
				"parent": "collar3",
				"pivot": [1, 17.6, -3],
				"rotation": [5.5, 0, 0],
				"cubes": [
					{"origin": [0.5, 17.1, -3.5], "size": [1, 1, 1], "uv": [120, 2]}
				]
			},
			{
				"name": "bone191",
				"parent": "collar3",
				"pivot": [2, 17.6, -3],
				"rotation": [-5.25, 0, 0],
				"cubes": [
					{"origin": [1.5, 17.1, -3.5], "size": [1, 1, 1], "uv": [119, 118]}
				]
			},
			{
				"name": "collar4",
				"parent": "collar",
				"pivot": [0, 35.85, 0],
				"rotation": [0, 180, 0]
			},
			{
				"name": "bone192",
				"parent": "collar4",
				"pivot": [-3, 17.6, -3],
				"cubes": [
					{"origin": [-3.5, 17.1, -3.5], "size": [1, 1, 1], "uv": [119, 116]}
				]
			},
			{
				"name": "bone193",
				"parent": "collar4",
				"pivot": [-2, 17.6, -3],
				"rotation": [-4.5, 0, 0],
				"cubes": [
					{"origin": [-2.5, 17.1, -3.5], "size": [1, 1, 1], "uv": [115, 119]}
				]
			},
			{
				"name": "bone194",
				"parent": "collar4",
				"pivot": [-1, 17.6, -3],
				"rotation": [4.75, 0, 0],
				"cubes": [
					{"origin": [-1.5, 17.1, -3.5], "size": [1, 1, 1], "uv": [111, 119]}
				]
			},
			{
				"name": "bone195",
				"parent": "collar4",
				"pivot": [0, 17.6, -3],
				"rotation": [-5.25, 0, 0],
				"cubes": [
					{"origin": [-0.5, 17.1, -3.5], "size": [1, 1, 1], "uv": [107, 119]}
				]
			},
			{
				"name": "bone196",
				"parent": "collar4",
				"pivot": [1, 17.6, -3],
				"rotation": [5.5, 0, 0],
				"cubes": [
					{"origin": [0.5, 17.1, -3.5], "size": [1, 1, 1], "uv": [91, 119]}
				]
			},
			{
				"name": "bone197",
				"parent": "collar4",
				"pivot": [2, 17.6, -3],
				"rotation": [-5.25, 0, 0],
				"cubes": [
					{"origin": [1.5, 17.1, -3.5], "size": [1, 1, 1], "uv": [75, 119]}
				]
			},
			{
				"name": "collar5",
				"parent": "collar",
				"pivot": [0, 35.85, 0],
				"rotation": [0, 90, 0]
			},
			{
				"name": "bone198",
				"parent": "collar5",
				"pivot": [-3, 17.6, -3],
				"cubes": [
					{"origin": [-3.5, 17.1, -3.5], "size": [1, 1, 1], "uv": [119, 44]}
				]
			},
			{
				"name": "bone199",
				"parent": "collar5",
				"pivot": [-2, 17.6, -3],
				"rotation": [-4.5, 0, 0],
				"cubes": [
					{"origin": [-2.5, 17.1, -3.5], "size": [1, 1, 1], "uv": [119, 42]}
				]
			},
			{
				"name": "bone200",
				"parent": "collar5",
				"pivot": [-1, 17.6, -3],
				"rotation": [4.75, 0, 0],
				"cubes": [
					{"origin": [-1.5, 17.1, -3.5], "size": [1, 1, 1], "uv": [119, 33]}
				]
			},
			{
				"name": "bone201",
				"parent": "collar5",
				"pivot": [0, 17.6, -3],
				"rotation": [-5.25, 0, 0],
				"cubes": [
					{"origin": [-0.5, 17.1, -3.5], "size": [1, 1, 1], "uv": [119, 31]}
				]
			},
			{
				"name": "bone202",
				"parent": "collar5",
				"pivot": [1, 17.6, -3],
				"rotation": [5.5, 0, 0],
				"cubes": [
					{"origin": [0.5, 17.1, -3.5], "size": [1, 1, 1], "uv": [72, 118]}
				]
			},
			{
				"name": "bone203",
				"parent": "collar5",
				"pivot": [2, 17.6, -3],
				"rotation": [-5.25, 0, 0],
				"cubes": [
					{"origin": [1.5, 17.1, -3.5], "size": [1, 1, 1], "uv": [56, 118]}
				]
			},
			{
				"name": "hem",
				"parent": "body",
				"pivot": [0, 29.25, 0]
			},
			{
				"name": "hemabove",
				"parent": "hem",
				"pivot": [0, 29.25, 0]
			},
			{
				"name": "hem1",
				"parent": "hemabove",
				"pivot": [0, 29.25, 0]
			},
			{
				"name": "bone113",
				"parent": "hem1",
				"pivot": [-3, 11, -3],
				"cubes": [
					{"origin": [-3.5, 10.5, -3.5], "size": [1, 1, 1], "uv": [52, 118]}
				]
			},
			{
				"name": "bone118",
				"parent": "hem1",
				"pivot": [-2, 11, -3],
				"rotation": [-7, 0, 0],
				"cubes": [
					{"origin": [-2.5, 10.5, -3.5], "size": [1, 1, 1], "uv": [48, 118]}
				]
			},
			{
				"name": "bone119",
				"parent": "hem1",
				"pivot": [-1, 11, -3],
				"rotation": [2.25, 0, 0],
				"cubes": [
					{"origin": [-1.5, 10.5, -3.5], "size": [1, 1, 1], "uv": [118, 0]}
				]
			},
			{
				"name": "bone120",
				"parent": "hem1",
				"pivot": [0, 11, -3],
				"rotation": [-2.75, 0, 0],
				"cubes": [
					{"origin": [-0.5, 10.5, -3.5], "size": [1, 1, 1], "uv": [116, 117]}
				]
			},
			{
				"name": "bone121",
				"parent": "hem1",
				"pivot": [1, 11, -3],
				"rotation": [8, 0, 0],
				"cubes": [
					{"origin": [0.5, 10.5, -3.5], "size": [1, 1, 1], "uv": [112, 117]}
				]
			},
			{
				"name": "bone122",
				"parent": "hem1",
				"pivot": [2, 11, -3],
				"rotation": [-7.75, 0, 0],
				"cubes": [
					{"origin": [1.5, 10.5, -3.5], "size": [1, 1, 1], "uv": [108, 117]}
				]
			},
			{
				"name": "hem2",
				"parent": "hemabove",
				"pivot": [0, 29.25, 0],
				"rotation": [0, -90, 0]
			},
			{
				"name": "bone128",
				"parent": "hem2",
				"pivot": [-3, 11, -3],
				"cubes": [
					{"origin": [-3.5, 10.5, -3.5], "size": [1, 1, 1], "uv": [117, 107]}
				]
			},
			{
				"name": "bone129",
				"parent": "hem2",
				"pivot": [-2, 11, -3],
				"rotation": [-7, 0, 0],
				"cubes": [
					{"origin": [-2.5, 10.5, -3.5], "size": [1, 1, 1], "uv": [91, 117]}
				]
			},
			{
				"name": "bone130",
				"parent": "hem2",
				"pivot": [-1, 11, -3],
				"rotation": [-0.25, 0, 0],
				"cubes": [
					{"origin": [-1.5, 10.5, -3.5], "size": [1, 1, 1], "uv": [75, 117]}
				]
			},
			{
				"name": "bone131",
				"parent": "hem2",
				"pivot": [0, 11, -3],
				"rotation": [-2.75, 0, 0],
				"cubes": [
					{"origin": [-0.5, 10.5, -3.5], "size": [1, 1, 1], "uv": [117, 64]}
				]
			},
			{
				"name": "bone132",
				"parent": "hem2",
				"pivot": [1, 11, -3],
				"rotation": [8, 0, 0],
				"cubes": [
					{"origin": [0.5, 10.5, -3.5], "size": [1, 1, 1], "uv": [45, 117]}
				]
			},
			{
				"name": "bone133",
				"parent": "hem2",
				"pivot": [2, 11, -3],
				"rotation": [-0.25, 0, 0],
				"cubes": [
					{"origin": [1.5, 10.5, -3.5], "size": [1, 1, 1], "uv": [33, 117]}
				]
			},
			{
				"name": "hem3",
				"parent": "hemabove",
				"pivot": [0, 29.25, 0],
				"rotation": [0, 180, 0]
			},
			{
				"name": "bone117",
				"parent": "hem3",
				"pivot": [-3, 11, -3],
				"cubes": [
					{"origin": [-3.5, 10.5, -3.5], "size": [1, 1, 1], "uv": [116, 84]}
				]
			},
			{
				"name": "bone123",
				"parent": "hem3",
				"pivot": [-2, 11, -3],
				"rotation": [-7, 0, 0],
				"cubes": [
					{"origin": [-2.5, 10.5, -3.5], "size": [1, 1, 1], "uv": [72, 116]}
				]
			},
			{
				"name": "bone124",
				"parent": "hem3",
				"pivot": [-1, 11, -3],
				"rotation": [7.25, 0, 0],
				"cubes": [
					{"origin": [-1.5, 10.5, -3.5], "size": [1, 1, 1], "uv": [116, 45]}
				]
			},
			{
				"name": "bone125",
				"parent": "hem3",
				"pivot": [0, 11, -3],
				"rotation": [-0.25, 0, 0],
				"cubes": [
					{"origin": [-0.5, 10.5, -3.5], "size": [1, 1, 1], "uv": [116, 43]}
				]
			},
			{
				"name": "bone126",
				"parent": "hem3",
				"pivot": [1, 11, -3],
				"rotation": [5.5, 0, 0],
				"cubes": [
					{"origin": [0.5, 10.5, -3.5], "size": [1, 1, 1], "uv": [91, 115]}
				]
			},
			{
				"name": "bone127",
				"parent": "hem3",
				"pivot": [2, 11, -3],
				"rotation": [-7.75, 0, 0],
				"cubes": [
					{"origin": [1.5, 10.5, -3.5], "size": [1, 1, 1], "uv": [76, 114]}
				]
			},
			{
				"name": "hem4",
				"parent": "hemabove",
				"pivot": [0, 30.25, 0],
				"rotation": [0, 90, 0]
			},
			{
				"name": "bone150",
				"parent": "hem4",
				"pivot": [-3, 11, -3],
				"cubes": [
					{"origin": [-3.5, 10.5, -3.5], "size": [1, 1, 1], "uv": [114, 74]}
				]
			},
			{
				"name": "bone151",
				"parent": "hem4",
				"pivot": [-2, 11, -3],
				"rotation": [0.5, 0, 0],
				"cubes": [
					{"origin": [-2.5, 10.5, -3.5], "size": [1, 1, 1], "uv": [72, 114]}
				]
			},
			{
				"name": "bone152",
				"parent": "hem4",
				"pivot": [-1, 11, -3],
				"rotation": [4.75, 0, 0],
				"cubes": [
					{"origin": [-1.5, 10.5, -3.5], "size": [1, 1, 1], "uv": [114, 20]}
				]
			},
			{
				"name": "bone153",
				"parent": "hem4",
				"pivot": [0, 11, -3],
				"rotation": [-2.75, 0, 0],
				"cubes": [
					{"origin": [-0.5, 10.5, -3.5], "size": [1, 1, 1], "uv": [92, 113]}
				]
			},
			{
				"name": "bone154",
				"parent": "hem4",
				"pivot": [1, 11, -3],
				"rotation": [8, 0, 0],
				"cubes": [
					{"origin": [0.5, 10.5, -3.5], "size": [1, 1, 1], "uv": [88, 113]}
				]
			},
			{
				"name": "bone155",
				"parent": "hem4",
				"pivot": [2, 11, -3],
				"rotation": [-7.75, 0, 0],
				"cubes": [
					{"origin": [1.5, 10.5, -3.5], "size": [1, 1, 1], "uv": [113, 44]}
				]
			},
			{
				"name": "hembelow",
				"parent": "hem",
				"pivot": [0, 28.35, 0]
			},
			{
				"name": "hem5",
				"parent": "hembelow",
				"pivot": [0, 28.35, 0]
			},
			{
				"name": "bone156",
				"parent": "hem5",
				"pivot": [-3, 10.1, -3],
				"rotation": [-2.5, 0, 0],
				"cubes": [
					{"origin": [-3.5, 9.8, -3.5], "size": [1, 1, 1], "uv": [113, 42]}
				]
			},
			{
				"name": "bone157",
				"parent": "hem5",
				"pivot": [-2, 10.1, -3],
				"rotation": [-2, 0, 0],
				"cubes": [
					{"origin": [-2.5, 9.8, -3.5], "size": [1, 1, 1], "uv": [9, 113]}
				]
			},
			{
				"name": "bone158",
				"parent": "hem5",
				"pivot": [-1, 10.1, -3],
				"rotation": [2.25, 0, 0],
				"cubes": [
					{"origin": [-1.5, 9.8, -3.5], "size": [1, 1, 1], "uv": [82, 111]}
				]
			},
			{
				"name": "bone159",
				"parent": "hem5",
				"pivot": [0, 10.1, -3],
				"rotation": [-2.75, 0, 0],
				"cubes": [
					{"origin": [-0.5, 9.8, -3.5], "size": [1, 1, 1], "uv": [111, 77]}
				]
			},
			{
				"name": "bone160",
				"parent": "hem5",
				"pivot": [1, 10.1, -3],
				"rotation": [8, 0, 0],
				"cubes": [
					{"origin": [0.5, 9.8, -3.5], "size": [1, 1, 1], "uv": [111, 75]}
				]
			},
			{
				"name": "bone161",
				"parent": "hem5",
				"pivot": [2, 10.1, -3],
				"rotation": [-7.75, 0, 0],
				"cubes": [
					{"origin": [1.5, 9.8, -3.5], "size": [1, 1, 1], "uv": [111, 19]}
				]
			},
			{
				"name": "hem6",
				"parent": "hembelow",
				"pivot": [0, 28.35, 0],
				"rotation": [0, -90, 0]
			},
			{
				"name": "bone162",
				"parent": "hem6",
				"pivot": [-3, 10.1, -3],
				"cubes": [
					{"origin": [-3.5, 9.8, -3.5], "size": [1, 1, 1], "uv": [110, 9]}
				]
			},
			{
				"name": "bone163",
				"parent": "hem6",
				"pivot": [-2, 10.1, -3],
				"rotation": [-7, 0, 0],
				"cubes": [
					{"origin": [-2.5, 9.8, -3.5], "size": [1, 1, 1], "uv": [82, 109]}
				]
			},
			{
				"name": "bone164",
				"parent": "hem6",
				"pivot": [-1, 10.1, -3],
				"rotation": [2.25, 0, 0],
				"cubes": [
					{"origin": [-1.5, 9.8, -3.5], "size": [1, 1, 1], "uv": [109, 32]}
				]
			},
			{
				"name": "bone165",
				"parent": "hem6",
				"pivot": [0, 10.1, -3],
				"rotation": [-0.25, 0, 0],
				"cubes": [
					{"origin": [-0.5, 9.8, -3.5], "size": [1, 1, 1], "uv": [108, 76]}
				]
			},
			{
				"name": "bone166",
				"parent": "hem6",
				"pivot": [1, 10.1, -3],
				"rotation": [8, 0, 0],
				"cubes": [
					{"origin": [0.5, 9.8, -3.5], "size": [1, 1, 1], "uv": [108, 74]}
				]
			},
			{
				"name": "bone167",
				"parent": "hem6",
				"pivot": [2, 10.1, -3],
				"rotation": [-10.25, 0, 0],
				"cubes": [
					{"origin": [1.5, 9.8, -3.5], "size": [1, 1, 1], "uv": [45, 108]}
				]
			},
			{
				"name": "hem7",
				"parent": "hembelow",
				"pivot": [0, 28.35, 0],
				"rotation": [0, 180, 0]
			},
			{
				"name": "bone168",
				"parent": "hem7",
				"pivot": [-3, 10.1, -3],
				"cubes": [
					{"origin": [-3.5, 9.8, -3.5], "size": [1, 1, 1], "uv": [82, 107]}
				]
			},
			{
				"name": "bone169",
				"parent": "hem7",
				"pivot": [-2, 10.1, -3],
				"rotation": [-9.5, 0, 0],
				"cubes": [
					{"origin": [-2.5, 9.8, -3.5], "size": [1, 1, 1], "uv": [33, 107]}
				]
			},
			{
				"name": "bone170",
				"parent": "hem7",
				"pivot": [-1, 10.1, -3],
				"rotation": [7.25, 0, 0],
				"cubes": [
					{"origin": [-1.5, 9.8, -3.5], "size": [1, 1, 1], "uv": [106, 65]}
				]
			},
			{
				"name": "bone171",
				"parent": "hem7",
				"pivot": [0, 10.1, -3],
				"rotation": [-2.75, 0, 0],
				"cubes": [
					{"origin": [-0.5, 9.8, -3.5], "size": [1, 1, 1], "uv": [106, 53]}
				]
			},
			{
				"name": "bone172",
				"parent": "hem7",
				"pivot": [1, 10.1, -3],
				"rotation": [3, 0, 0],
				"cubes": [
					{"origin": [0.5, 9.8, -3.5], "size": [1, 1, 1], "uv": [106, 51]}
				]
			},
			{
				"name": "bone173",
				"parent": "hem7",
				"pivot": [2, 10.1, -3],
				"rotation": [-10.25, 0, 0],
				"cubes": [
					{"origin": [1.5, 9.8, -3.5], "size": [1, 1, 1], "uv": [106, 12]}
				]
			},
			{
				"name": "hem8",
				"parent": "hembelow",
				"pivot": [0, 28.35, 0],
				"rotation": [0, 90, 0]
			},
			{
				"name": "bone174",
				"parent": "hem8",
				"pivot": [-3, 10.1, -3],
				"cubes": [
					{"origin": [-3.5, 9.8, -3.5], "size": [1, 1, 1], "uv": [104, 70]}
				]
			},
			{
				"name": "bone175",
				"parent": "hem8",
				"pivot": [-2, 10.1, -3],
				"rotation": [-7, 0, 0],
				"cubes": [
					{"origin": [-2.5, 9.8, -3.5], "size": [1, 1, 1], "uv": [104, 28]}
				]
			},
			{
				"name": "bone176",
				"parent": "hem8",
				"pivot": [-1, 10.1, -3],
				"rotation": [9.75, 0, 0],
				"cubes": [
					{"origin": [-1.5, 9.8, -3.5], "size": [1, 1, 1], "uv": [104, 26]}
				]
			},
			{
				"name": "bone177",
				"parent": "hem8",
				"pivot": [0, 10.1, -3],
				"rotation": [-7.75, 0, 0],
				"cubes": [
					{"origin": [-0.5, 9.8, -3.5], "size": [1, 1, 1], "uv": [100, 41]}
				]
			},
			{
				"name": "bone178",
				"parent": "hem8",
				"pivot": [1, 10.1, -3],
				"rotation": [0.5, 0, 0],
				"cubes": [
					{"origin": [0.5, 9.8, -3.5], "size": [1, 1, 1], "uv": [17, 95]}
				]
			},
			{
				"name": "bone179",
				"parent": "hem8",
				"pivot": [2, 10.1, -3],
				"rotation": [-2.75, 0, 0],
				"cubes": [
					{"origin": [1.5, 9.8, -3.5], "size": [1, 1, 1], "uv": [0, 95]}
				]
			},
			{
				"name": "bell",
				"parent": "body",
				"pivot": [0, 17, -3.3],
				"rotation": [-21.5, 0, 0],
				"cubes": [
					{"origin": [-4.50545, 11.96224, -7.755], "size": [9, 9, 8.4], "uv": [34, 48], "inflate": -4.2}
				]
			},
			{
				"name": "bone",
				"parent": "bell",
				"pivot": [-0.275, 17.15, -3.475],
				"rotation": [0, 0, 5.5],
				"cubes": [
					{"origin": [-0.6, 15.4, -3.801], "size": [1, 2, 1], "uv": [9, 103], "inflate": -0.25}
				]
			},
			{
				"name": "bone2",
				"parent": "bell",
				"pivot": [0.275, 17.15, -3.475],
				"rotation": [0, 0, -5.75],
				"cubes": [
					{"origin": [-0.4, 15.4, -3.8], "size": [1, 2, 1], "uv": [101, 68], "inflate": -0.25}
				]
			},
			{
				"name": "bone19",
				"parent": "bell",
				"pivot": [0, 17, -3.3],
				"cubes": [
					{"origin": [-0.5, 15.05, -3.8], "size": [1, 2, 1], "uv": [85, 95], "inflate": -0.45}
				]
			},
			{
				"name": "ribbon",
				"parent": "body",
				"pivot": [0, 15.5, -3.25]
			},
			{
				"name": "bone100",
				"parent": "ribbon",
				"pivot": [0, 15.5, -3.25],
				"rotation": [0, 0, 9.5],
				"cubes": [
					{"origin": [-1, 15, -3.75], "size": [2, 1, 1], "uv": [76, 33], "inflate": -0.4}
				]
			},
			{
				"name": "bone101",
				"parent": "ribbon",
				"pivot": [0, 15.5, -3.25],
				"rotation": [0, 0, -9.5],
				"cubes": [
					{"origin": [-1, 15, -3.75], "size": [2, 1, 1], "uv": [18, 76], "inflate": -0.4}
				]
			},
			{
				"name": "bone102",
				"parent": "ribbon",
				"pivot": [0, 15.5, -3.25],
				"cubes": [
					{"origin": [-0.5, 15, -3.75], "size": [1, 1, 1], "uv": [72, 89], "inflate": -0.35}
				]
			},
			{
				"name": "bone103",
				"parent": "ribbon",
				"pivot": [-0.4212, 15.2175, -3.25],
				"rotation": [0, 0, 52.5],
				"cubes": [
					{"origin": [-0.9462, 14.6925, -3.75], "size": [1, 2, 1], "uv": [17, 92], "inflate": -0.41}
				]
			},
			{
				"name": "bone104",
				"parent": "ribbon",
				"pivot": [0.4212, 15.2175, -3.25],
				"rotation": [0, 0, -52.5],
				"cubes": [
					{"origin": [-0.0538, 14.6925, -3.75], "size": [1, 2, 1], "uv": [0, 92], "inflate": -0.41}
				]
			},
			{
				"name": "ribbon3",
				"parent": "body",
				"pivot": [0, 13.4, -3.25]
			},
			{
				"name": "bone285",
				"parent": "ribbon3",
				"pivot": [0, 13.4, -3.25],
				"rotation": [0, 0, 9.5],
				"cubes": [
					{"origin": [-1, 12.9, -3.75], "size": [2, 1, 1], "uv": [12, 76], "inflate": -0.4}
				]
			},
			{
				"name": "bone286",
				"parent": "ribbon3",
				"pivot": [0, 13.4, -3.25],
				"rotation": [0, 0, -9.5],
				"cubes": [
					{"origin": [-1, 12.9, -3.75], "size": [2, 1, 1], "uv": [6, 76], "inflate": -0.4}
				]
			},
			{
				"name": "bone287",
				"parent": "ribbon3",
				"pivot": [0, 13.4, -3.25],
				"cubes": [
					{"origin": [-0.5, 12.9, -3.75], "size": [1, 1, 1], "uv": [88, 0], "inflate": -0.35}
				]
			},
			{
				"name": "bone288",
				"parent": "ribbon3",
				"pivot": [-0.4212, 13.1175, -3.25],
				"rotation": [0, 0, 52.5],
				"cubes": [
					{"origin": [-0.9462, 12.5925, -3.75], "size": [1, 2, 1], "uv": [51, 85], "inflate": -0.41}
				]
			},
			{
				"name": "bone289",
				"parent": "ribbon3",
				"pivot": [0.4212, 13.1175, -3.25],
				"rotation": [0, 0, -52.5],
				"cubes": [
					{"origin": [-0.0538, 12.5925, -3.75], "size": [1, 2, 1], "uv": [82, 75], "inflate": -0.41}
				]
			},
			{
				"name": "armLeft",
				"pivot": [2.525, 16.6, 0],
				"rotation": [0, 0, -25],
				"cubes": [
					{"origin": [1.0352, 7.11413, -2.5], "size": [5, 11, 5], "uv": [91, 9], "inflate": -1.5}
				]
			},
			{
				"name": "sleveLeft",
				"parent": "armLeft",
				"pivot": [2.525, 16.6, 0],
				"cubes": [
					{"origin": [2.025, 9.1, -1.5], "size": [3, 2, 3], "uv": [15, 69], "inflate": -0.4},
					{"origin": [2.025, 9.6, -1.5], "size": [3, 1, 3], "uv": [60, 52], "inflate": -0.3},
					{"origin": [2.025, 9.95, -1.5], "size": [3, 1, 3], "uv": [26, 52], "inflate": -0.3},
					{"origin": [2.025, 9.3, -1.5], "size": [3, 1, 3], "uv": [0, 10], "inflate": -0.2}
				]
			},
			{
				"name": "buttonsLeft",
				"parent": "armLeft",
				"pivot": [2.525, 16.6, 0],
				"cubes": [
					{"origin": [3.925, 10.9, -0.5], "size": [1, 1, 1], "uv": [72, 87], "inflate": -0.25},
					{"origin": [3.925, 11.9, -0.5], "size": [1, 1, 1], "uv": [79, 38], "inflate": -0.25}
				]
			},
			{
				"name": "ribbonLeftarm",
				"parent": "armLeft",
				"pivot": [4.6, 14.7, 0],
				"rotation": [0, -90, 0]
			},
			{
				"name": "bone290",
				"parent": "ribbonLeftarm",
				"pivot": [4.6, 14.7, 0],
				"rotation": [0, 0, 9.5],
				"cubes": [
					{"origin": [3.6, 14.2, -0.5], "size": [2, 1, 1], "uv": [0, 76], "inflate": -0.4}
				]
			},
			{
				"name": "bone291",
				"parent": "ribbonLeftarm",
				"pivot": [4.6, 14.7, 0],
				"rotation": [0, 0, -9.5],
				"cubes": [
					{"origin": [3.6, 14.2, -0.5001], "size": [2, 1, 1], "uv": [20, 74], "inflate": -0.4}
				]
			},
			{
				"name": "bone292",
				"parent": "ribbonLeftarm",
				"pivot": [4.6, 14.7, 0],
				"cubes": [
					{"origin": [4.1, 14.2, -0.5], "size": [1, 1, 1], "uv": [0, 72], "inflate": -0.35}
				]
			},
			{
				"name": "bone293",
				"parent": "ribbonLeftarm",
				"pivot": [4.1788, 14.4175, 0],
				"rotation": [0, 0, 52.5],
				"cubes": [
					{"origin": [3.6538, 13.8925, -0.5], "size": [1, 2, 1], "uv": [82, 72], "inflate": -0.41}
				]
			},
			{
				"name": "bone294",
				"parent": "ribbonLeftarm",
				"pivot": [5.0212, 14.4175, 0],
				"rotation": [0, 0, -52.5],
				"cubes": [
					{"origin": [4.5462, 13.8925, -0.5], "size": [1, 2, 1], "uv": [79, 35], "inflate": -0.41}
				]
			},
			{
				"name": "armLeftVertical",
				"parent": "armLeft",
				"pivot": [3.525, 8.6, 0]
			},
			{
				"name": "sasimonoShow",
				"parent": "armLeftVertical",
				"pivot": [3.525, 8.6, 0]
			},
			{
				"name": "mie",
				"parent": "sasimonoShow",
				"pivot": [4.63641, 5.87957, 1.08384],
				"rotation": [-94.53359, -2.11089, 12.58357],
				"cubes": [
					{"origin": [0.63641, 1.87957, -3.41616], "size": [8, 8, 9], "uv": [42, 31], "inflate": -3}
				]
			},
			{
				"name": "miehead",
				"parent": "mie",
				"pivot": [4.83641, 6.87957, -1.06616],
				"rotation": [24.13758, -23.98725, -5.20143],
				"cubes": [
					{"origin": [-0.66359, 1.37957, -6.61616], "size": [11, 11, 10], "uv": [0, 31], "inflate": -4.5},
					{"origin": [1.83641, 3.87957, -3.51616], "size": [6, 6, 6], "uv": [49, 86], "inflate": -1.75}
				]
			},
			{
				"name": "mielegs",
				"parent": "mie",
				"pivot": [6.13641, 8.37957, -6.51616]
			},
			{
				"name": "leg1",
				"parent": "mielegs",
				"pivot": [4.13641, 5.42957, 0.23384],
				"rotation": [-48.22077, 24.90785, 38.70901],
				"cubes": [
					{"origin": [2.63641, 3.00457, -1.26616], "size": [3, 4, 3], "uv": [24, 117], "inflate": -1.1},
					{"origin": [2.63641, 2.25457, -1.26616], "size": [3, 4, 3], "uv": [114, 57], "inflate": -1.2}
				]
			},
			{
				"name": "leg2",
				"parent": "mielegs",
				"pivot": [5.13641, 5.60457, 0.23384],
				"rotation": [35.48898, 3.96721, -76.36705],
				"cubes": [
					{"origin": [3.63641, 3.05457, -1.26616], "size": [3, 4, 3], "uv": [42, 85], "inflate": -1.1},
					{"origin": [3.63641, 2.40457, -1.26616], "size": [3, 4, 3], "uv": [67, 33], "inflate": -1.2}
				]
			},
			{
				"name": "leg3",
				"parent": "mielegs",
				"pivot": [4.13641, 5.62957, 2.08384],
				"rotation": [74.04207, -19.36043, 4.05655],
				"cubes": [
					{"origin": [2.63641, 3.40457, 0.58384], "size": [3, 4, 3], "uv": [56, 17], "inflate": -1.1},
					{"origin": [2.63641, 2.75457, 0.58384], "size": [3, 3, 3], "uv": [36, 117], "inflate": -1.2}
				]
			},
			{
				"name": "leg4",
				"parent": "mielegs",
				"pivot": [5.13641, 5.62957, 2.08384],
				"rotation": [77.5, 17.5, 0],
				"cubes": [
					{"origin": [3.63641, 3.35457, 0.58384], "size": [3, 4, 3], "uv": [42, 7], "inflate": -1.1},
					{"origin": [3.63641, 2.70457, 0.58384], "size": [3, 3, 3], "uv": [117, 19], "inflate": -1.2}
				]
			},
			{
				"name": "bellmie",
				"parent": "mie",
				"pivot": [4.03617, 4.5469, -0.07756],
				"rotation": [86, 0, 0]
			},
			{
				"name": "bone204",
				"parent": "bellmie",
				"pivot": [8.24905, 2.46571, -5.40178],
				"cubes": [
					{"origin": [4.19226, 4.13814, -0.32256], "size": [1, 1, 1], "uv": [38, 54], "inflate": -0.25}
				]
			},
			{
				"name": "bone206",
				"parent": "bellmie",
				"pivot": [7.32405, 2.76571, -5.25178],
				"cubes": [
					{"origin": [4.19226, 3.83814, -0.32256], "size": [1, 2, 1], "uv": [30, 69], "inflate": -0.45}
				]
			},
			{
				"name": "ribbonmie",
				"parent": "mie",
				"pivot": [4.67683, 4.83165, -0.22015],
				"rotation": [90, 0, 0]
			},
			{
				"name": "bone205",
				"parent": "ribbonmie",
				"pivot": [4.67683, 4.83165, -0.22015],
				"cubes": [
					{"origin": [3.67683, 4.33165, -0.74515], "size": [2, 1, 1], "uv": [53, 70], "inflate": -0.37}
				]
			},
			{
				"name": "bone207",
				"parent": "ribbonmie",
				"pivot": [4.67683, 4.83165, -0.22015],
				"rotation": [0, 0, -23.5],
				"cubes": [
					{"origin": [3.67683, 4.33165, -0.72015], "size": [2, 1, 1], "uv": [48, 69], "inflate": -0.37}
				]
			},
			{
				"name": "bone208",
				"parent": "ribbonmie",
				"pivot": [4.67683, 4.83165, -0.22015],
				"rotation": [0, 0, 23.5],
				"cubes": [
					{"origin": [3.67683, 4.33165, -0.72015], "size": [2, 1, 1], "uv": [24, 69], "inflate": -0.37}
				]
			},
			{
				"name": "armRight",
				"pivot": [-2.525, 16.6, 0],
				"rotation": [0, 0, 25],
				"cubes": [
					{"origin": [-6.0352, 7.11413, -2.5], "size": [5, 11, 5], "uv": [91, 9], "inflate": -1.5, "mirror": true}
				]
			},
			{
				"name": "sleveRight",
				"parent": "armRight",
				"pivot": [-2.525, 16.6, 0],
				"cubes": [
					{"origin": [-5.025, 9.1, -1.5], "size": [3, 2, 3], "uv": [15, 69], "inflate": -0.4, "mirror": true},
					{"origin": [-5.025, 9.6, -1.5], "size": [3, 1, 3], "uv": [60, 52], "inflate": -0.3, "mirror": true},
					{"origin": [-5.025, 9.95, -1.5], "size": [3, 1, 3], "uv": [26, 52], "inflate": -0.3, "mirror": true},
					{"origin": [-5.025, 9.3, -1.5], "size": [3, 1, 3], "uv": [0, 10], "inflate": -0.2, "mirror": true}
				]
			},
			{
				"name": "buttonsRight",
				"parent": "armRight",
				"pivot": [-2.525, 16.6, 0],
				"cubes": [
					{"origin": [-4.925, 10.9, -0.5], "size": [1, 1, 1], "uv": [72, 87], "inflate": -0.25, "mirror": true},
					{"origin": [-4.925, 11.9, -0.5], "size": [1, 1, 1], "uv": [79, 38], "inflate": -0.25, "mirror": true}
				]
			},
			{
				"name": "ribbonRightarm",
				"parent": "armRight",
				"pivot": [-4.6, 14.7, 0],
				"rotation": [0, 90, 0]
			},
			{
				"name": "bone376",
				"parent": "ribbonRightarm",
				"pivot": [-4.6, 14.7, 0],
				"rotation": [0, 0, -9.5],
				"cubes": [
					{"origin": [-5.6, 14.2, -0.5], "size": [2, 1, 1], "uv": [0, 76], "inflate": -0.4, "mirror": true}
				]
			},
			{
				"name": "bone377",
				"parent": "ribbonRightarm",
				"pivot": [-4.6, 14.7, 0],
				"rotation": [0, 0, 9.5],
				"cubes": [
					{"origin": [-5.6, 14.2, -0.5], "size": [2, 1, 1], "uv": [20, 74], "inflate": -0.4, "mirror": true}
				]
			},
			{
				"name": "bone378",
				"parent": "ribbonRightarm",
				"pivot": [-4.6, 14.7, 0],
				"cubes": [
					{"origin": [-5.1, 14.2, -0.5], "size": [1, 1, 1], "uv": [0, 72], "inflate": -0.35, "mirror": true}
				]
			},
			{
				"name": "bone379",
				"parent": "ribbonRightarm",
				"pivot": [-4.1788, 14.4175, 0],
				"rotation": [0, 0, -52.5],
				"cubes": [
					{"origin": [-4.6538, 13.8925, -0.5], "size": [1, 2, 1], "uv": [82, 72], "inflate": -0.41, "mirror": true}
				]
			},
			{
				"name": "bone380",
				"parent": "ribbonRightarm",
				"pivot": [-5.0212, 14.4175, 0],
				"rotation": [0, 0, 52.5],
				"cubes": [
					{"origin": [-5.5462, 13.8925, -0.5], "size": [1, 2, 1], "uv": [79, 35], "inflate": -0.41, "mirror": true}
				]
			},
			{
				"name": "legLeft",
				"pivot": [1.85, 9, 0],
				"cubes": [
					{"origin": [-1.651, -2, -3.5], "size": [7, 13, 7], "uv": [1, 124], "inflate": -2}
				]
			},
			{
				"name": "bootsLeft",
				"parent": "legLeft",
				"pivot": [0, 0, 0]
			},
			{
				"name": "bone105",
				"parent": "bootsLeft",
				"pivot": [1.85, 8.75, 0],
				"cubes": [
					{"origin": [-0.65, 2.1, -2.5], "size": [5, 2, 5], "uv": [0, 69], "inflate": -0.7},
					{"origin": [-0.65, 1.7, -2.5], "size": [5, 2, 5], "uv": [42, 0], "inflate": -0.65}
				]
			},
			{
				"name": "shoeLeft",
				"parent": "bootsLeft",
				"pivot": [1.8498, -5, 0]
			},
			{
				"name": "bone134",
				"parent": "shoeLeft",
				"pivot": [1.85, 1, 0],
				"rotation": [7.5, 0, -180]
			},
			{
				"name": "bone135",
				"parent": "bone134",
				"pivot": [2.97638, 0.08555, 2.20878],
				"rotation": [0, 0, -7.2],
				"cubes": [
					{"origin": [1.99826, -1.25634, 1.05243], "size": [2, 3, 1], "uv": [55, 72], "inflate": -0.5}
				]
			},
			{
				"name": "bone136",
				"parent": "bone134",
				"pivot": [4.35, -9.04498, -0.31382],
				"rotation": [0, -180, 0],
				"cubes": [
					{"origin": [4.851, -1.20093, -2.67], "size": [4, 3, 1], "uv": [48, 65], "inflate": -0.5}
				]
			},
			{
				"name": "bone137",
				"parent": "bone134",
				"pivot": [-0.17454, 0.08555, 2.22183],
				"rotation": [0, 0, 7.2],
				"cubes": [
					{"origin": [-0.30733, -1.14403, 1.05243], "size": [2, 3, 1], "uv": [68, 21], "inflate": -0.5}
				]
			},
			{
				"name": "bone138",
				"parent": "shoeLeft",
				"pivot": [1.85, 1, 0],
				"rotation": [7.5, -90, -180]
			},
			{
				"name": "bone139",
				"parent": "bone138",
				"pivot": [2.97638, 0.08555, 2.20878],
				"rotation": [0, 0, -7.2],
				"cubes": [
					{"origin": [1.99826, -1.25634, 1.05243], "size": [2, 3, 1], "uv": [68, 17], "inflate": -0.5}
				]
			},
			{
				"name": "bone140",
				"parent": "bone138",
				"pivot": [4.35, -9.04498, -0.31382],
				"rotation": [0, -180, 0],
				"cubes": [
					{"origin": [4.851, -1.20093, -2.67], "size": [4, 3, 1], "uv": [56, 24], "inflate": -0.5}
				]
			},
			{
				"name": "bone141",
				"parent": "bone138",
				"pivot": [-0.17454, 0.08555, 2.22183],
				"rotation": [0, 0, 7.2],
				"cubes": [
					{"origin": [-0.30733, -1.14403, 1.05243], "size": [2, 3, 1], "uv": [60, 48], "inflate": -0.5}
				]
			},
			{
				"name": "bone142",
				"parent": "shoeLeft",
				"pivot": [1.85, 1, 0],
				"rotation": [7.5, -180, -180]
			},
			{
				"name": "bone143",
				"parent": "bone142",
				"pivot": [2.97638, 0.08555, 2.20878],
				"rotation": [0, 0, -7.2],
				"cubes": [
					{"origin": [1.99826, -1.25634, 1.05243], "size": [2, 3, 1], "uv": [57, 0], "inflate": -0.5}
				]
			},
			{
				"name": "bone144",
				"parent": "bone142",
				"pivot": [4.35, -9.04498, -0.31382],
				"rotation": [0, -180, 0]
			},
			{
				"name": "bone145",
				"parent": "bone142",
				"pivot": [-0.17454, 0.08555, 2.22183],
				"rotation": [0, 0, 7.2],
				"cubes": [
					{"origin": [-0.30733, -1.14403, 1.05243], "size": [2, 3, 1], "uv": [26, 56], "inflate": -0.5}
				]
			},
			{
				"name": "bone111",
				"parent": "bone142",
				"pivot": [4.35, -9.04498, -0.31382],
				"rotation": [0, -180, 0],
				"cubes": [
					{"origin": [4.851, -1.20093, -2.67], "size": [4, 3, 1], "uv": [0, 35], "inflate": -0.5}
				]
			},
			{
				"name": "bone146",
				"parent": "shoeLeft",
				"pivot": [1.85, 1, 0],
				"rotation": [7.5, 90, -180]
			},
			{
				"name": "bone147",
				"parent": "bone146",
				"pivot": [2.97638, 0.08555, 2.20878],
				"rotation": [0, 0, -7.2],
				"cubes": [
					{"origin": [1.99826, -1.25634, 1.05243], "size": [2, 3, 1], "uv": [0, 56], "inflate": -0.5}
				]
			},
			{
				"name": "bone148",
				"parent": "bone146",
				"pivot": [4.35, -9.04498, -0.31382],
				"rotation": [0, -180, 0],
				"cubes": [
					{"origin": [4.851, -1.20093, -2.67], "size": [4, 3, 1], "uv": [0, 31], "inflate": -0.5}
				]
			},
			{
				"name": "bone149",
				"parent": "bone146",
				"pivot": [-0.17454, 0.08555, 2.22183],
				"rotation": [0, 0, 7.2],
				"cubes": [
					{"origin": [-0.30733, -1.14403, 1.05243], "size": [2, 3, 1], "uv": [0, 52], "inflate": -0.5}
				]
			},
			{
				"name": "bone112",
				"parent": "shoeLeft",
				"pivot": [1.8498, -5.4, 0],
				"cubes": [
					{"origin": [-1.6502, -1.95, -3.5], "size": [7, 5, 7], "uv": [21, 85], "inflate": -1.9}
				]
			},
			{
				"name": "ribbonshoeleft",
				"parent": "shoeLeft",
				"pivot": [3.825, 2.9, 0],
				"rotation": [0, -90, -5],
				"cubes": [
					{"origin": [3.325, 2.4, -0.5], "size": [1, 1, 1], "uv": [43, 3], "inflate": -0.32},
					{"origin": [0.825, -0.5, -2.5], "size": [6, 6, 5], "uv": [0, 92], "inflate": -2.5}
				]
			},
			{
				"name": "bone115",
				"parent": "ribbonshoeleft",
				"pivot": [3.825, 2.9, 0],
				"cubes": [
					{"origin": [2.825, 2.4, -0.5], "size": [2, 1, 1], "uv": [35, 52], "inflate": -0.37}
				]
			},
			{
				"name": "bone114",
				"parent": "ribbonshoeleft",
				"pivot": [3.825, 2.9, 0],
				"rotation": [0, 0, -23.5],
				"cubes": [
					{"origin": [2.825, 2.4, -0.5], "size": [2, 1, 1], "uv": [32, 39], "inflate": -0.37}
				]
			},
			{
				"name": "bone116",
				"parent": "ribbonshoeleft",
				"pivot": [3.825, 2.9, 0],
				"rotation": [0, 0, 23.5],
				"cubes": [
					{"origin": [2.825, 2.4, -0.5], "size": [2, 1, 1], "uv": [0, 39], "inflate": -0.37}
				]
			},
			{
				"name": "ribbonLeftleg",
				"parent": "legLeft",
				"pivot": [1.85, 6, -1.6]
			},
			{
				"name": "bone106",
				"parent": "ribbonLeftleg",
				"pivot": [2.1, 4.55, -3.35],
				"rotation": [0, 0, 9.5],
				"cubes": [
					{"origin": [0.48207, 6.22788, -2.1], "size": [2, 1, 1], "uv": [61, 29], "inflate": -0.4}
				]
			},
			{
				"name": "bone107",
				"parent": "ribbonLeftleg",
				"pivot": [2.1, 4.55, -3.35],
				"rotation": [0, 0, -9.5],
				"cubes": [
					{"origin": [1.22479, 6.3104, -2.1], "size": [2, 1, 1], "uv": [56, 28], "inflate": -0.4}
				]
			},
			{
				"name": "bone108",
				"parent": "ribbonLeftleg",
				"pivot": [1.85, 6.8, -1.6],
				"cubes": [
					{"origin": [1.35, 6.3, -2.1], "size": [1, 1, 1], "uv": [47, 38], "inflate": -0.35}
				]
			},
			{
				"name": "bone109",
				"parent": "ribbonLeftleg",
				"pivot": [1.72792, 6.69591, -1.6],
				"rotation": [0, 0, 15],
				"cubes": [
					{"origin": [1.19847, 5.81632, -2.1], "size": [1, 2, 1], "uv": [0, 69], "inflate": -0.41}
				]
			},
			{
				"name": "bone110",
				"parent": "ribbonLeftleg",
				"pivot": [1.97855, 6.67176, -1.6],
				"rotation": [0, 0, -15],
				"cubes": [
					{"origin": [1.508, 5.66717, -2.1], "size": [1, 2, 1], "uv": [51, 7], "inflate": -0.41}
				]
			},
			{
				"name": "legRight",
				"pivot": [-1.85, 9, 0],
				"cubes": [
					{"origin": [-5.349, -2, -3.5], "size": [7, 13, 7], "uv": [27, 65], "inflate": -2, "mirror": true}
				]
			},
			{
				"name": "bootsRight",
				"parent": "legRight",
				"pivot": [0, 0, 0]
			},
			{
				"name": "shoeRight",
				"parent": "bootsRight",
				"pivot": [-1.8498, -5, 0]
			},
			{
				"name": "bone387",
				"parent": "shoeRight",
				"pivot": [-1.85, 1, 0],
				"rotation": [7.5, 0, 180]
			},
			{
				"name": "bone388",
				"parent": "bone387",
				"pivot": [-2.97638, 0.08555, 2.20878],
				"rotation": [0, 0, 7.2],
				"cubes": [
					{"origin": [-3.99826, -1.25634, 1.05243], "size": [2, 3, 1], "uv": [55, 72], "inflate": -0.5, "mirror": true}
				]
			},
			{
				"name": "bone389",
				"parent": "bone387",
				"pivot": [-4.35, -9.04498, -0.31382],
				"rotation": [0, 180, 0],
				"cubes": [
					{"origin": [-8.851, -1.20093, -2.67], "size": [4, 3, 1], "uv": [48, 65], "inflate": -0.5, "mirror": true}
				]
			},
			{
				"name": "bone390",
				"parent": "bone387",
				"pivot": [0.17454, 0.08555, 2.22183],
				"rotation": [0, 0, -7.2],
				"cubes": [
					{"origin": [-1.69267, -1.14403, 1.05243], "size": [2, 3, 1], "uv": [68, 21], "inflate": -0.5, "mirror": true}
				]
			},
			{
				"name": "bone391",
				"parent": "shoeRight",
				"pivot": [-1.85, 1, 0],
				"rotation": [7.5, 90, 180]
			},
			{
				"name": "bone392",
				"parent": "bone391",
				"pivot": [-2.97638, 0.08555, 2.20878],
				"rotation": [0, 0, 7.2],
				"cubes": [
					{"origin": [-3.99826, -1.25634, 1.05243], "size": [2, 3, 1], "uv": [68, 17], "inflate": -0.5, "mirror": true}
				]
			},
			{
				"name": "bone393",
				"parent": "bone391",
				"pivot": [-4.35, -9.04498, -0.31382],
				"rotation": [0, 180, 0],
				"cubes": [
					{"origin": [-8.851, -1.20093, -2.67], "size": [4, 3, 1], "uv": [56, 24], "inflate": -0.5, "mirror": true}
				]
			},
			{
				"name": "bone394",
				"parent": "bone391",
				"pivot": [0.17454, 0.08555, 2.22183],
				"rotation": [0, 0, -7.2],
				"cubes": [
					{"origin": [-1.69267, -1.14403, 1.05243], "size": [2, 3, 1], "uv": [60, 48], "inflate": -0.5, "mirror": true}
				]
			},
			{
				"name": "bone395",
				"parent": "shoeRight",
				"pivot": [-1.85, 1, 0],
				"rotation": [7.5, 180, 180]
			},
			{
				"name": "bone396",
				"parent": "bone395",
				"pivot": [-2.97638, 0.08555, 2.20878],
				"rotation": [0, 0, 7.2],
				"cubes": [
					{"origin": [-3.99826, -1.25634, 1.05243], "size": [2, 3, 1], "uv": [57, 0], "inflate": -0.5, "mirror": true}
				]
			},
			{
				"name": "bone397",
				"parent": "bone395",
				"pivot": [-4.35, -9.04498, -0.31382],
				"rotation": [0, 180, 0]
			},
			{
				"name": "bone398",
				"parent": "bone395",
				"pivot": [0.17454, 0.08555, 2.22183],
				"rotation": [0, 0, -7.2],
				"cubes": [
					{"origin": [-1.69267, -1.14403, 1.05243], "size": [2, 3, 1], "uv": [26, 56], "inflate": -0.5, "mirror": true}
				]
			},
			{
				"name": "bone399",
				"parent": "bone395",
				"pivot": [-4.35, -9.04498, -0.31382],
				"rotation": [0, 180, 0],
				"cubes": [
					{"origin": [-8.851, -1.20093, -2.67], "size": [4, 3, 1], "uv": [0, 35], "inflate": -0.5, "mirror": true}
				]
			},
			{
				"name": "bone400",
				"parent": "shoeRight",
				"pivot": [-1.85, 1, 0],
				"rotation": [7.5, -90, 180]
			},
			{
				"name": "bone401",
				"parent": "bone400",
				"pivot": [-2.97638, 0.08555, 2.20878],
				"rotation": [0, 0, 7.2],
				"cubes": [
					{"origin": [-3.99826, -1.25634, 1.05243], "size": [2, 3, 1], "uv": [0, 56], "inflate": -0.5, "mirror": true}
				]
			},
			{
				"name": "bone402",
				"parent": "bone400",
				"pivot": [-4.35, -9.04498, -0.31382],
				"rotation": [0, 180, 0],
				"cubes": [
					{"origin": [-8.851, -1.20093, -2.67], "size": [4, 3, 1], "uv": [0, 31], "inflate": -0.5, "mirror": true}
				]
			},
			{
				"name": "bone403",
				"parent": "bone400",
				"pivot": [0.17454, 0.08555, 2.22183],
				"rotation": [0, 0, -7.2],
				"cubes": [
					{"origin": [-1.69267, -1.14403, 1.05243], "size": [2, 3, 1], "uv": [0, 52], "inflate": -0.5, "mirror": true}
				]
			},
			{
				"name": "bone404",
				"parent": "shoeRight",
				"pivot": [-1.8498, -5.4, 0],
				"cubes": [
					{"origin": [-5.3498, -1.95, -3.5], "size": [7, 5, 7], "uv": [21, 85], "inflate": -1.9, "mirror": true}
				]
			},
			{
				"name": "ribbonshoeright",
				"parent": "shoeRight",
				"pivot": [-3.825, 2.9, 0],
				"rotation": [0, 90, 5],
				"cubes": [
					{"origin": [-4.325, 2.4, -0.5], "size": [1, 1, 1], "uv": [43, 3], "inflate": -0.32, "mirror": true},
					{"origin": [-6.825, -0.5, -2.5], "size": [6, 6, 5], "uv": [0, 92], "inflate": -2.5, "mirror": true}
				]
			},
			{
				"name": "bone405",
				"parent": "ribbonshoeright",
				"pivot": [-3.825, 2.9, 0],
				"cubes": [
					{"origin": [-4.825, 2.4, -0.5], "size": [2, 1, 1], "uv": [35, 52], "inflate": -0.37, "mirror": true}
				]
			},
			{
				"name": "bone406",
				"parent": "ribbonshoeright",
				"pivot": [-3.825, 2.9, 0],
				"rotation": [0, 0, 23.5],
				"cubes": [
					{"origin": [-4.825, 2.4, -0.5], "size": [2, 1, 1], "uv": [32, 39], "inflate": -0.37, "mirror": true}
				]
			},
			{
				"name": "bone407",
				"parent": "ribbonshoeright",
				"pivot": [-3.825, 2.9, 0],
				"rotation": [0, 0, -23.5],
				"cubes": [
					{"origin": [-4.825, 2.4, -0.5], "size": [2, 1, 1], "uv": [0, 39], "inflate": -0.37, "mirror": true}
				]
			},
			{
				"name": "bone381",
				"parent": "bootsRight",
				"pivot": [-1.85, 8.75, 0],
				"cubes": [
					{"origin": [-4.35, 2.1, -2.5], "size": [5, 2, 5], "uv": [0, 69], "inflate": -0.7, "mirror": true},
					{"origin": [-4.35, 1.7, -2.5], "size": [5, 2, 5], "uv": [42, 0], "inflate": -0.65, "mirror": true}
				]
			},
			{
				"name": "ribbonRightleg",
				"parent": "legRight",
				"pivot": [-1.85, 6, -1.6]
			},
			{
				"name": "bone382",
				"parent": "ribbonRightleg",
				"pivot": [-2.1, 4.55, -3.35],
				"rotation": [0, 0, -9.5],
				"cubes": [
					{"origin": [-2.48207, 6.22788, -2.1], "size": [2, 1, 1], "uv": [61, 29], "inflate": -0.4, "mirror": true}
				]
			},
			{
				"name": "bone383",
				"parent": "ribbonRightleg",
				"pivot": [-2.1, 4.55, -3.35],
				"rotation": [0, 0, 9.5],
				"cubes": [
					{"origin": [-3.22479, 6.3104, -2.1], "size": [2, 1, 1], "uv": [56, 28], "inflate": -0.4, "mirror": true}
				]
			},
			{
				"name": "bone384",
				"parent": "ribbonRightleg",
				"pivot": [-1.85, 6.8, -1.6],
				"cubes": [
					{"origin": [-2.35, 6.3, -2.1], "size": [1, 1, 1], "uv": [47, 38], "inflate": -0.35, "mirror": true}
				]
			},
			{
				"name": "bone385",
				"parent": "ribbonRightleg",
				"pivot": [-1.72792, 6.69591, -1.6],
				"rotation": [0, 0, -15],
				"cubes": [
					{"origin": [-2.19847, 5.81632, -2.1], "size": [1, 2, 1], "uv": [0, 69], "inflate": -0.41, "mirror": true}
				]
			},
			{
				"name": "bone386",
				"parent": "ribbonRightleg",
				"pivot": [-1.97855, 6.67176, -1.6],
				"rotation": [0, 0, 15],
				"cubes": [
					{"origin": [-2.508, 5.66717, -2.1], "size": [1, 2, 1], "uv": [51, 7], "inflate": -0.41, "mirror": true}
				]
			}
		]
	}
}