{
	"format_version": "1.10.0",
	"geometry.model": {
		"texturewidth": 128,
		"textureheight": 128,
		"visible_bounds_width": 3,
		"visible_bounds_height": 4,
		"visible_bounds_offset": [0, 1, 0],
		"bones": [
			{
				"name": "head",
				"pivot": [0, 18, 0],
				"cubes": [
					{"origin": [-4, 18, -4], "size": [8, 8, 8], "uv": [0, 16]},
					{"origin": [-4, 18, -4], "size": [8, 8, 8], "uv": [0, 0], "inflate": 0.1}
				]
			},
			{
				"name": "blink",
				"parent": "head",
				"pivot": [0, 18, 0],
				"cubes": [
					{"origin": [-4, 18, -4.001], "size": [8, 8, 0], "uv": [24, 0]}
				]
			},
			{
				"name": "helmet",
				"parent": "head",
				"pivot": [0, 19, 0],
				"rotation": [-5, 0, 0],
				"cubes": [
					{"origin": [-4, 25.4, -5], "size": [8, 3.15, 8], "uv": [24, 8], "inflate": -0.4}
				]
			},
			{
				"name": "rear",
				"parent": "head",
				"pivot": [-1, 18, -3],
				"rotation": [0, 47.5, -22.5],
				"cubes": [
					{"origin": [-4, 25, -4], "size": [3, 1, 3], "uv": [30, 41]}
				]
			},
			{
				"name": "lear",
				"parent": "head",
				"pivot": [1, 18, -3],
				"rotation": [0, -47.5, 22.5],
				"cubes": [
					{"origin": [1, 25, -4], "size": [3, 1, 3], "uv": [33, 21]}
				]
			},
			{
				"name": "bz",
				"parent": "head",
				"pivot": [-2, 17, 0],
				"rotation": [0, 0, 5]
			},
			{
				"name": "bone75",
				"parent": "bz",
				"pivot": [-2, 17, 0],
				"rotation": [0, 0, 10],
				"cubes": [
					{"origin": [-7, 24, 1], "size": [1, 1, 1], "uv": [0, 16]}
				]
			},
			{
				"name": "bone76",
				"parent": "bone75",
				"pivot": [-2, 17, 0],
				"rotation": [0, 0, 20],
				"cubes": [
					{"origin": [-10, 12, 1], "size": [1, 10, 1], "uv": [70, 66]}
				]
			},
			{
				"name": "bz2",
				"parent": "head",
				"pivot": [2, 17, 0],
				"rotation": [0, 0, -5]
			},
			{
				"name": "bone77",
				"parent": "bz2",
				"pivot": [2, 17, 0],
				"rotation": [0, 0, -10],
				"cubes": [
					{"origin": [6, 24, 1], "size": [1, 1, 1], "uv": [0, 6]}
				]
			},
			{
				"name": "bone78",
				"parent": "bone77",
				"pivot": [2, 17, 0],
				"rotation": [0, 0, -20],
				"cubes": [
					{"origin": [9, 12, 1], "size": [1, 10, 1], "uv": [70, 34]}
				]
			},
			{
				"name": "cf",
				"parent": "head",
				"pivot": [0, 18, -6],
				"rotation": [-15, 0, -15],
				"cubes": [
					{"origin": [-4, 17, -4], "size": [1, 3, 1], "uv": [3, 3]}
				]
			},
			{
				"name": "cf2",
				"parent": "head",
				"pivot": [0, 18, -6],
				"rotation": [-15, 0, 15],
				"cubes": [
					{"origin": [3, 17, -4], "size": [1, 3, 1], "uv": [0, 0]}
				]
			},
			{
				"name": "armRight",
				"pivot": [-3, 17.5, 0],
				"rotation": [0, 0, 25],
				"cubes": [
					{"origin": [-5, 8.5, -1], "size": [2, 8, 2], "uv": [56, 11]},
					{"origin": [-5.5, 9.5, -1.5], "size": [3, 8, 3], "uv": [50, 29]},
					{"origin": [-5.5, 13, -1.5], "size": [3, 2, 3], "uv": [24, 19], "inflate": 0.16}
				]
			},
			{
				"name": "armLeft",
				"pivot": [3, 17.5, 0],
				"rotation": [0, 0, -25],
				"cubes": [
					{"origin": [2.5, 9.5, -1.5], "size": [3, 8, 3], "uv": [48, 0]},
					{"origin": [3, 8.5, -1], "size": [2, 8, 2], "uv": [54, 40]}
				]
			},
			{
				"name": "body",
				"pivot": [0, 10.5, 0],
				"cubes": [
					{"origin": [-3, 8.999, -3], "size": [6, 9, 6], "uv": [0, 32]},
					{"origin": [-3, 8.999, -3], "size": [6, 9, 6], "uv": [26, 26], "inflate": 0.1}
				]
			},
			{
				"name": "sittingRotationSkirt",
				"parent": "body",
				"pivot": [0, 10.5, 0]
			},
			{
				"name": "bone",
				"parent": "sittingRotationSkirt",
				"pivot": [0, 15.5, 0]
			},
			{
				"name": "bone2",
				"parent": "bone",
				"pivot": [0, 5, 0]
			},
			{
				"name": "bone3",
				"parent": "bone2",
				"pivot": [0, 5, 5.27792],
				"rotation": [33, 0, 0]
			},
			{
				"name": "bone4",
				"parent": "bone3",
				"pivot": [0, 5, 5.27792],
				"rotation": [0, -45, 0],
				"cubes": [
					{"origin": [-1, 5, 4.27792], "size": [2, 7, 2], "uv": [70, 25]}
				]
			},
			{
				"name": "bone5",
				"parent": "bone",
				"pivot": [0, 5, 0],
				"rotation": [0, -30, 0]
			},
			{
				"name": "bone6",
				"parent": "bone5",
				"pivot": [0, 5, 5.27792],
				"rotation": [33, 0, 0]
			},
			{
				"name": "bone7",
				"parent": "bone6",
				"pivot": [0, 5, 5.27792],
				"rotation": [0, -45, 0],
				"cubes": [
					{"origin": [-1, 5, 4.27792], "size": [2, 7, 2], "uv": [70, 16]}
				]
			},
			{
				"name": "bone8",
				"parent": "bone",
				"pivot": [0, 5, 0],
				"rotation": [0, -60, 0]
			},
			{
				"name": "bone9",
				"parent": "bone8",
				"pivot": [0, 5, 5.27792],
				"rotation": [33, 0, 0]
			},
			{
				"name": "bone10",
				"parent": "bone9",
				"pivot": [0, 5, 5.27792],
				"rotation": [0, -45, 0],
				"cubes": [
					{"origin": [-1, 5, 4.27792], "size": [2, 7, 2], "uv": [38, 69]}
				]
			},
			{
				"name": "bone11",
				"parent": "bone",
				"pivot": [0, 5, 0],
				"rotation": [0, -90, 0]
			},
			{
				"name": "bone12",
				"parent": "bone11",
				"pivot": [0, 5, 5.27792],
				"rotation": [33, 0, 0]
			},
			{
				"name": "bone13",
				"parent": "bone12",
				"pivot": [0, 5, 5.27792],
				"rotation": [0, -45, 0],
				"cubes": [
					{"origin": [-1, 5, 4.27792], "size": [2, 7, 2], "uv": [30, 69]}
				]
			},
			{
				"name": "bone14",
				"parent": "bone",
				"pivot": [0, 5, 0],
				"rotation": [0, -120, 0]
			},
			{
				"name": "bone15",
				"parent": "bone14",
				"pivot": [0, 5, 5.27792],
				"rotation": [33, 0, 0]
			},
			{
				"name": "bone16",
				"parent": "bone15",
				"pivot": [0, 5, 5.27792],
				"rotation": [0, -45, 0],
				"cubes": [
					{"origin": [-1, 5, 4.27792], "size": [2, 7, 2], "uv": [68, 0]}
				]
			},
			{
				"name": "bone17",
				"parent": "bone",
				"pivot": [0, 5, 0],
				"rotation": [0, -150, 0]
			},
			{
				"name": "bone18",
				"parent": "bone17",
				"pivot": [0, 5, 5.27792],
				"rotation": [33, 0, 0]
			},
			{
				"name": "bone19",
				"parent": "bone18",
				"pivot": [0, 5, 5.27792],
				"rotation": [0, -45, 0],
				"cubes": [
					{"origin": [-1, 5, 4.27792], "size": [2, 7, 2], "uv": [50, 67]}
				]
			},
			{
				"name": "bone20",
				"parent": "bone",
				"pivot": [0, 5, 0],
				"rotation": [0, -180, 0]
			},
			{
				"name": "bone21",
				"parent": "bone20",
				"pivot": [0, 5, 5.27792],
				"rotation": [33, 0, 0]
			},
			{
				"name": "bone22",
				"parent": "bone21",
				"pivot": [0, 5, 5.27792],
				"rotation": [0, -45, 0],
				"cubes": [
					{"origin": [-1, 5, 4.27792], "size": [2, 7, 2], "uv": [62, 66]}
				]
			},
			{
				"name": "bone23",
				"parent": "bone",
				"pivot": [0, 5, 0],
				"rotation": [0, -210, 0]
			},
			{
				"name": "bone24",
				"parent": "bone23",
				"pivot": [0, 5, 5.27792],
				"rotation": [33, 0, 0]
			},
			{
				"name": "bone25",
				"parent": "bone24",
				"pivot": [0, 5, 5.27792],
				"rotation": [0, -45, 0],
				"cubes": [
					{"origin": [-1, 5, 4.27792], "size": [2, 7, 2], "uv": [66, 46]}
				]
			},
			{
				"name": "bone26",
				"parent": "bone",
				"pivot": [0, 5, 0],
				"rotation": [0, -240, 0]
			},
			{
				"name": "bone27",
				"parent": "bone26",
				"pivot": [0, 5, 5.27792],
				"rotation": [33, 0, 0]
			},
			{
				"name": "bone28",
				"parent": "bone27",
				"pivot": [0, 5, 5.27792],
				"rotation": [0, -45, 0],
				"cubes": [
					{"origin": [-1, 5, 4.27792], "size": [2, 7, 2], "uv": [8, 66]}
				]
			},
			{
				"name": "bone29",
				"parent": "bone",
				"pivot": [0, 5, 0],
				"rotation": [0, -270, 0]
			},
			{
				"name": "bone30",
				"parent": "bone29",
				"pivot": [0, 5, 5.27792],
				"rotation": [33, 0, 0]
			},
			{
				"name": "bone31",
				"parent": "bone30",
				"pivot": [0, 5, 5.27792],
				"rotation": [0, -45, 0],
				"cubes": [
					{"origin": [-1, 5, 4.27792], "size": [2, 7, 2], "uv": [0, 66]}
				]
			},
			{
				"name": "bone32",
				"parent": "bone",
				"pivot": [0, 5, 0],
				"rotation": [0, -300, 0]
			},
			{
				"name": "bone33",
				"parent": "bone32",
				"pivot": [0, 5, 5.27792],
				"rotation": [33, 0, 0]
			},
			{
				"name": "bone34",
				"parent": "bone33",
				"pivot": [0, 5, 5.27792],
				"rotation": [0, -45, 0],
				"cubes": [
					{"origin": [-1, 5, 4.27792], "size": [2, 7, 2], "uv": [64, 57]}
				]
			},
			{
				"name": "bone35",
				"parent": "bone",
				"pivot": [0, 5, 0],
				"rotation": [0, -330, 0]
			},
			{
				"name": "bone36",
				"parent": "bone35",
				"pivot": [0, 5, 5.27792],
				"rotation": [33, 0, 0]
			},
			{
				"name": "bone37",
				"parent": "bone36",
				"pivot": [0, 5, 5.27792],
				"rotation": [0, -45, 0],
				"cubes": [
					{"origin": [-1, 5, 4.27792], "size": [2, 7, 2], "uv": [64, 9]}
				]
			},
			{
				"name": "bone38",
				"parent": "sittingRotationSkirt",
				"pivot": [0, 16.5, 0]
			},
			{
				"name": "bone39",
				"parent": "bone38",
				"pivot": [0, 6, 0]
			},
			{
				"name": "bone40",
				"parent": "bone39",
				"pivot": [0, 6, 5.27792],
				"rotation": [33, 0, 0]
			},
			{
				"name": "bone41",
				"parent": "bone40",
				"pivot": [0, 6, 5.27792],
				"rotation": [0, -45, 0],
				"cubes": [
					{"origin": [-1, 6, 4.27792], "size": [2, 7, 2], "uv": [62, 37]}
				]
			},
			{
				"name": "bone42",
				"parent": "bone38",
				"pivot": [0, 6, 0],
				"rotation": [0, -30, 0]
			},
			{
				"name": "bone43",
				"parent": "bone42",
				"pivot": [0, 6, 5.27792],
				"rotation": [33, 0, 0]
			},
			{
				"name": "bone44",
				"parent": "bone43",
				"pivot": [0, 6, 5.27792],
				"rotation": [0, -45, 0],
				"cubes": [
					{"origin": [-1, 6, 4.27792], "size": [2, 7, 2], "uv": [62, 28]}
				]
			},
			{
				"name": "bone45",
				"parent": "bone38",
				"pivot": [0, 6, 0],
				"rotation": [0, -60, 0]
			},
			{
				"name": "bone46",
				"parent": "bone45",
				"pivot": [0, 6, 5.27792],
				"rotation": [33, 0, 0]
			},
			{
				"name": "bone47",
				"parent": "bone46",
				"pivot": [0, 6, 5.27792],
				"rotation": [0, -45, 0],
				"cubes": [
					{"origin": [-1, 6, 4.27792], "size": [2, 7, 2], "uv": [24, 62]}
				]
			},
			{
				"name": "bone48",
				"parent": "bone38",
				"pivot": [0, 6, 0],
				"rotation": [0, -90, 0]
			},
			{
				"name": "bone49",
				"parent": "bone48",
				"pivot": [0, 6, 5.27792],
				"rotation": [33, 0, 0]
			},
			{
				"name": "bone50",
				"parent": "bone49",
				"pivot": [0, 6, 5.27792],
				"rotation": [0, -45, 0],
				"cubes": [
					{"origin": [-1, 6, 4.27792], "size": [2, 7, 2], "uv": [62, 19]}
				]
			},
			{
				"name": "bone51",
				"parent": "bone38",
				"pivot": [0, 6, 0],
				"rotation": [0, -120, 0]
			},
			{
				"name": "bone52",
				"parent": "bone51",
				"pivot": [0, 6, 5.27792],
				"rotation": [33, 0, 0]
			},
			{
				"name": "bone53",
				"parent": "bone52",
				"pivot": [0, 6, 5.27792],
				"rotation": [0, -45, 0],
				"cubes": [
					{"origin": [-1, 6, 4.27792], "size": [2, 7, 2], "uv": [16, 62]}
				]
			},
			{
				"name": "bone54",
				"parent": "bone38",
				"pivot": [0, 6, 0],
				"rotation": [0, -150, 0]
			},
			{
				"name": "bone55",
				"parent": "bone54",
				"pivot": [0, 6, 5.27792],
				"rotation": [33, 0, 0]
			},
			{
				"name": "bone56",
				"parent": "bone55",
				"pivot": [0, 6, 5.27792],
				"rotation": [0, -45, 0],
				"cubes": [
					{"origin": [-1, 6, 4.27792], "size": [2, 7, 2], "uv": [44, 60]}
				]
			},
			{
				"name": "bone57",
				"parent": "bone38",
				"pivot": [0, 6, 0],
				"rotation": [0, -180, 0]
			},
			{
				"name": "bone58",
				"parent": "bone57",
				"pivot": [0, 6, 5.27792],
				"rotation": [33, 0, 0]
			},
			{
				"name": "bone59",
				"parent": "bone58",
				"pivot": [0, 6, 5.27792],
				"rotation": [0, -45, 0],
				"cubes": [
					{"origin": [-1, 6, 4.27792], "size": [2, 7, 2], "uv": [36, 60]}
				]
			},
			{
				"name": "bone60",
				"parent": "bone38",
				"pivot": [0, 6, 0],
				"rotation": [0, -210, 0]
			},
			{
				"name": "bone61",
				"parent": "bone60",
				"pivot": [0, 6, 5.27792],
				"rotation": [33, 0, 0]
			},
			{
				"name": "bone62",
				"parent": "bone61",
				"pivot": [0, 6, 5.27792],
				"rotation": [0, -45, 0],
				"cubes": [
					{"origin": [-1, 6, 4.27792], "size": [2, 7, 2], "uv": [60, 0]}
				]
			},
			{
				"name": "bone63",
				"parent": "bone38",
				"pivot": [0, 6, 0],
				"rotation": [0, -240, 0]
			},
			{
				"name": "bone64",
				"parent": "bone63",
				"pivot": [0, 6, 5.27792],
				"rotation": [33, 0, 0]
			},
			{
				"name": "bone65",
				"parent": "bone64",
				"pivot": [0, 6, 5.27792],
				"rotation": [0, -45, 0],
				"cubes": [
					{"origin": [-1, 6, 4.27792], "size": [2, 7, 2], "uv": [56, 59]}
				]
			},
			{
				"name": "bone66",
				"parent": "bone38",
				"pivot": [0, 6, 0],
				"rotation": [0, -270, 0]
			},
			{
				"name": "bone67",
				"parent": "bone66",
				"pivot": [0, 6, 5.27792],
				"rotation": [33, 0, 0]
			},
			{
				"name": "bone68",
				"parent": "bone67",
				"pivot": [0, 6, 5.27792],
				"rotation": [0, -45, 0],
				"cubes": [
					{"origin": [-1, 6, 4.27792], "size": [2, 7, 2], "uv": [58, 50]}
				]
			},
			{
				"name": "bone69",
				"parent": "bone38",
				"pivot": [0, 6, 0],
				"rotation": [0, -300, 0]
			},
			{
				"name": "bone70",
				"parent": "bone69",
				"pivot": [0, 6, 5.27792],
				"rotation": [33, 0, 0]
			},
			{
				"name": "bone71",
				"parent": "bone70",
				"pivot": [0, 6, 5.27792],
				"rotation": [0, -45, 0],
				"cubes": [
					{"origin": [-1, 6, 4.27792], "size": [2, 7, 2], "uv": [8, 57]}
				]
			},
			{
				"name": "bone72",
				"parent": "bone38",
				"pivot": [0, 6, 0],
				"rotation": [0, -330, 0]
			},
			{
				"name": "bone73",
				"parent": "bone72",
				"pivot": [0, 6, 5.27792],
				"rotation": [33, 0, 0]
			},
			{
				"name": "bone74",
				"parent": "bone73",
				"pivot": [0, 6, 5.27792],
				"rotation": [0, -45, 0],
				"cubes": [
					{"origin": [-1, 6, 4.27792], "size": [2, 7, 2], "uv": [0, 57]}
				]
			},
			{
				"name": "bone85",
				"parent": "sittingRotationSkirt",
				"pivot": [0, 9.5, -3],
				"rotation": [17.5, -10, 22.5],
				"cubes": [
					{"origin": [-1, -1.5, 2], "size": [2, 11, 0], "uv": [46, 69]}
				]
			},
			{
				"name": "bone86",
				"parent": "sittingRotationSkirt",
				"pivot": [0, 9.5, -3],
				"rotation": [17.5, 10, -22.5],
				"cubes": [
					{"origin": [-1, -1.5, 2], "size": [2, 11, 0], "uv": [58, 68]}
				]
			},
			{
				"name": "zsp",
				"parent": "body",
				"pivot": [0, 10.5, 0]
			},
			{
				"name": "bone79",
				"parent": "zsp",
				"pivot": [0, 10.5, 0],
				"rotation": [0, 0, 45],
				"cubes": [
					{"origin": [-5.359, 14.5, -4], "size": [1, 1, 1], "uv": [4, 0]}
				]
			},
			{
				"name": "bone80",
				"parent": "zsp",
				"pivot": [0, 10.5, 0],
				"rotation": [0, 0, 17.5],
				"cubes": [
					{"origin": [-2.7, 13.5, -3.5], "size": [1, 3, 0], "uv": [6, 16]}
				]
			},
			{
				"name": "bone81",
				"parent": "zsp",
				"pivot": [0, 10.5, 0],
				"rotation": [0, 0, -17.5],
				"cubes": [
					{"origin": [1.7, 13.5, -3.5], "size": [1, 3, 0], "uv": [4, 16]}
				]
			},
			{
				"name": "bone111",
				"parent": "body",
				"pivot": [0, 10.5, 0]
			},
			{
				"name": "bone112",
				"parent": "bone111",
				"pivot": [-4.9, 16.6, 0],
				"rotation": [0, 0, 20],
				"cubes": [
					{"origin": [-6.65, 14.6, -3], "size": [3, 4, 6], "uv": [0, 47], "inflate": -0.11}
				]
			},
			{
				"name": "bone113",
				"parent": "bone111",
				"pivot": [-3.9, 15.7, 0],
				"rotation": [0, 0, -17.5],
				"cubes": [
					{"origin": [-5.20926, 13.63986, -3], "size": [3, 4, 6], "uv": [44, 19], "inflate": -0.1}
				]
			},
			{
				"name": "bone82",
				"parent": "body",
				"pivot": [0, 10.5, 0]
			},
			{
				"name": "bone83",
				"parent": "bone82",
				"pivot": [4.9, 16.6, 0],
				"rotation": [0, 0, -20],
				"cubes": [
					{"origin": [3.65, 14.6, -3], "size": [3, 4, 6], "uv": [36, 41], "inflate": -0.11}
				]
			},
			{
				"name": "bone84",
				"parent": "bone82",
				"pivot": [3.9, 15.7, 0],
				"rotation": [0, 0, 17.5],
				"cubes": [
					{"origin": [2.20926, 13.63986, -3], "size": [3, 4, 6], "uv": [18, 41], "inflate": -0.1}
				]
			},
			{
				"name": "legLeft",
				"pivot": [2, 9, 0],
				"cubes": [
					{"origin": [0.499, 0.1, -1.5], "size": [2.75, 8.9, 3], "uv": [28, 51]},
					{"origin": [0.499, 0.1, -1.5], "size": [2.75, 6, 3], "uv": [48, 51], "inflate": 0.1},
					{"origin": [0.499, 0.1, -1.5], "size": [2.75, 1.5, 3], "uv": [71, 42], "inflate": 0.2}
				]
			},
			{
				"name": "legRight",
				"pivot": [-2, 9, 0],
				"cubes": [
					{"origin": [-3.249, 0.2, -1.5], "size": [2.75, 8.8, 3], "uv": [18, 51]},
					{"origin": [-3.249, 0.2, -1.5], "size": [2.75, 6, 3], "uv": [38, 51], "inflate": 0.1},
					{"origin": [-3.249, 4.5, -1.5], "size": [2.75, 1, 3], "uv": [70, 55], "inflate": 0.15},
					{"origin": [-3.249, 0.2, -1.5], "size": [2.75, 1.5, 3], "uv": [16, 71], "inflate": 0.2}
				]
			}
		]
	}
}