{
	"format_version": "1.10.0",
	"geometry.model": {
		"texturewidth": 128,
		"textureheight": 128,
		"visible_bounds_width": 3,
		"visible_bounds_height": 4,
		"visible_bounds_offset": [0, 1, 0],
		"bones": [
			{
				"name": "head",
				"pivot": [0, 18, 0],
				"cubes": [
					{"origin": [-4, 18, -4], "size": [8, 8, 8], "uv": [0, 0]}
				]
			},
			{
				"name": "blink",
				"parent": "head",
				"pivot": [0, 18, 0],
				"cubes": [
					{"origin": [-4, 18, -4.001], "size": [8, 8, 0], "uv": [24, 0]}
				]
			},
			{
				"name": "helmet",
				"parent": "head",
				"pivot": [0, 18, 0]
			},
			{
				"name": "jy",
				"parent": "helmet",
				"pivot": [0, 18, 0]
			},
			{
				"name": "bone44",
				"parent": "jy",
				"pivot": [0, 18, 0],
				"cubes": [
					{"origin": [-4, 25.6, -4], "size": [8, 4, 7], "uv": [25, 9], "inflate": -0.3},
					{"origin": [-4, 25.6, 0], "size": [8, 4, 7.3], "uv": [23, 20], "inflate": -0.9},
					{"origin": [-4, 25.6, 3], "size": [8, 4, 7.3], "uv": [0, 16], "inflate": -1.6}
				]
			},
			{
				"name": "bone45",
				"parent": "jy",
				"pivot": [0, 18, 0],
				"rotation": [0, 0, -17.5],
				"cubes": [
					{"origin": [-4, 27, -3], "size": [4, 1, 3], "uv": [58, 37]}
				]
			},
			{
				"name": "bone46",
				"parent": "jy",
				"pivot": [0, 18, 0],
				"rotation": [0, 0, 17.5],
				"cubes": [
					{"origin": [0, 27, -3], "size": [4, 1, 3], "uv": [40, 0]}
				]
			},
			{
				"name": "bone47",
				"parent": "jy",
				"pivot": [0, 18, 0],
				"rotation": [0, 35, 0],
				"cubes": [
					{"origin": [-7, 25.6, 4], "size": [5, 4, 7.3], "uv": [0, 42], "inflate": -1.6}
				]
			},
			{
				"name": "bone48",
				"parent": "jy",
				"pivot": [0, 18, 0],
				"rotation": [0, -37.5, 0],
				"cubes": [
					{"origin": [2, 25.6, 4], "size": [5, 4, 7.3], "uv": [41, 39], "inflate": -1.6}
				]
			},
			{
				"name": "fd",
				"parent": "jy",
				"pivot": [0, 18, 0]
			},
			{
				"name": "bone67",
				"parent": "fd",
				"pivot": [0, 18, 0],
				"cubes": [
					{"origin": [-4, 29, -3], "size": [8, 1, 1], "uv": [48, 10]}
				]
			},
			{
				"name": "bz",
				"parent": "head",
				"pivot": [-3, 17, -2],
				"rotation": [0, 0, 27.5]
			},
			{
				"name": "bone49",
				"parent": "bz",
				"pivot": [-3, 17, -2],
				"cubes": [
					{"origin": [-8, 23, -3], "size": [1, 1, 1], "uv": [44, 6]}
				]
			},
			{
				"name": "bone50",
				"parent": "bz",
				"pivot": [-3, 17, -2],
				"cubes": [
					{"origin": [-9, 14, -3], "size": [1, 9, 1], "uv": [24, 66]},
					{"origin": [-9, 11, -3], "size": [1, 3, 1], "uv": [0, 27], "inflate": 0.1}
				]
			},
			{
				"name": "bz2",
				"parent": "head",
				"pivot": [3, 17, -2],
				"rotation": [0, 0, -27.5]
			},
			{
				"name": "bone53",
				"parent": "bz2",
				"pivot": [3, 17, -2],
				"cubes": [
					{"origin": [7, 23, -3], "size": [1, 1, 1], "uv": [0, 31]}
				]
			},
			{
				"name": "bone54",
				"parent": "bz2",
				"pivot": [3, 17, -2],
				"cubes": [
					{"origin": [8, 14, -3], "size": [1, 9, 1], "uv": [38, 65]},
					{"origin": [8, 11, -3], "size": [1, 3, 1], "uv": [0, 16], "inflate": 0.1}
				]
			},
			{
				"name": "les",
				"parent": "head",
				"pivot": [0, 18, 0],
				"cubes": [
					{"origin": [-4.5, 25.5, -1], "size": [9, 1, 1], "uv": [42, 35]},
					{"origin": [-2.5, 26, 0], "size": [5, 1, 0], "uv": [18, 31]},
					{"origin": [2.5, 25.75, -1], "size": [1, 1, 1], "uv": [0, 44]},
					{"origin": [0.5, 26, -1], "size": [1, 1, 1], "uv": [3, 43]},
					{"origin": [-1.5, 26, -1], "size": [1, 1, 1], "uv": [42, 33]},
					{"origin": [-3.5, 25.75, -1], "size": [1, 1, 1], "uv": [42, 31]},
					{"origin": [-5.25, 22.5, -1], "size": [2, 1, 1], "uv": [23, 20]},
					{"origin": [-5, 22.5, -0.001], "size": [1, 2, 0], "uv": [6, 0]},
					{"origin": [-4.75, 24.5, -1], "size": [1, 1, 1], "uv": [0, 42]},
					{"origin": [3.25, 22.5, -1], "size": [2, 1, 1], "uv": [0, 20]},
					{"origin": [4, 22.5, -0.001], "size": [1, 2, 0], "uv": [0, 0]},
					{"origin": [3.75, 24.5, -1], "size": [1, 1, 1], "uv": [24, 34]}
				]
			},
			{
				"name": "armRight",
				"pivot": [-3, 17.5, 0],
				"rotation": [0, 0, 25],
				"cubes": [
					{"origin": [-5, 8.5, -1], "size": [2, 8, 2], "uv": [50, 61]},
					{"origin": [-5, 9, -1], "size": [2, 1, 2], "uv": [59, 28], "inflate": 0.1},
					{"origin": [-5.5, 10.5, -1.5], "size": [3, 7, 3], "uv": [0, 53]}
				]
			},
			{
				"name": "armLeft",
				"pivot": [3, 17.5, 0],
				"rotation": [0, 0, -25],
				"cubes": [
					{"origin": [2.5, 10.5, -1.5], "size": [3, 7, 3], "uv": [42, 50]},
					{"origin": [3, 8.5, -1], "size": [2, 8, 2], "uv": [42, 60]},
					{"origin": [3, 9, -1], "size": [2, 1, 2], "uv": [38, 6], "inflate": 0.1}
				]
			},
			{
				"name": "body",
				"pivot": [0, 10.5, 0],
				"cubes": [
					{"origin": [-3, 8.999, -3], "size": [6, 9, 6], "uv": [24, 31]},
					{"origin": [-3, 8.999, -3], "size": [6, 9, 6], "uv": [0, 27], "inflate": 0.1}
				]
			},
			{
				"name": "sittingRotationSkirt",
				"parent": "body",
				"pivot": [0, 10.5, 0]
			},
			{
				"name": "bone",
				"parent": "sittingRotationSkirt",
				"pivot": [0, 14.5, 0]
			},
			{
				"name": "bone2",
				"parent": "bone",
				"pivot": [0, 4, 0]
			},
			{
				"name": "bone3",
				"parent": "bone2",
				"pivot": [0, 4, 6.19607],
				"rotation": [34, 0, 0]
			},
			{
				"name": "bone4",
				"parent": "bone3",
				"pivot": [0, 4, 6.19607],
				"rotation": [0, -45, 0],
				"cubes": [
					{"origin": [-1, 4, 5.19607], "size": [2, 6, 2], "uv": [69, 30]}
				]
			},
			{
				"name": "bone5",
				"parent": "bone",
				"pivot": [0, 4, 0],
				"rotation": [0, -25.71429, 0]
			},
			{
				"name": "bone6",
				"parent": "bone5",
				"pivot": [0, 4, 6.19607],
				"rotation": [34, 0, 0]
			},
			{
				"name": "bone7",
				"parent": "bone6",
				"pivot": [0, 4, 6.19607],
				"rotation": [0, -45, 0],
				"cubes": [
					{"origin": [-1, 4, 5.19607], "size": [2, 6, 2], "uv": [69, 8]}
				]
			},
			{
				"name": "bone8",
				"parent": "bone",
				"pivot": [0, 4, 0],
				"rotation": [0, -51.42857, 0]
			},
			{
				"name": "bone9",
				"parent": "bone8",
				"pivot": [0, 4, 6.19607],
				"rotation": [34, 0, 0]
			},
			{
				"name": "bone10",
				"parent": "bone9",
				"pivot": [0, 4, 6.19607],
				"rotation": [0, -45, 0],
				"cubes": [
					{"origin": [-1, 4, 5.19607], "size": [2, 6, 2], "uv": [66, 64]}
				]
			},
			{
				"name": "bone11",
				"parent": "bone",
				"pivot": [0, 4, 0],
				"rotation": [0, -77.14286, 0]
			},
			{
				"name": "bone12",
				"parent": "bone11",
				"pivot": [0, 4, 6.19607],
				"rotation": [34, 0, 0]
			},
			{
				"name": "bone13",
				"parent": "bone12",
				"pivot": [0, 4, 6.19607],
				"rotation": [0, -45, 0],
				"cubes": [
					{"origin": [-1, 4, 5.19607], "size": [2, 6, 2], "uv": [66, 56]}
				]
			},
			{
				"name": "bone14",
				"parent": "bone",
				"pivot": [0, 4, 0],
				"rotation": [0, -102.85714, 0]
			},
			{
				"name": "bone15",
				"parent": "bone14",
				"pivot": [0, 4, 6.19607],
				"rotation": [34, 0, 0]
			},
			{
				"name": "bone16",
				"parent": "bone15",
				"pivot": [0, 4, 6.19607],
				"rotation": [0, -45, 0],
				"cubes": [
					{"origin": [-1, 4, 5.19607], "size": [2, 6, 2], "uv": [66, 0]}
				]
			},
			{
				"name": "bone17",
				"parent": "bone",
				"pivot": [0, 4, 0],
				"rotation": [0, -128.57143, 0]
			},
			{
				"name": "bone18",
				"parent": "bone17",
				"pivot": [0, 4, 6.19607],
				"rotation": [34, 0, 0]
			},
			{
				"name": "bone19",
				"parent": "bone18",
				"pivot": [0, 4, 6.19607],
				"rotation": [0, -45, 0],
				"cubes": [
					{"origin": [-1, 4, 5.19607], "size": [2, 6, 2], "uv": [30, 65]}
				]
			},
			{
				"name": "bone20",
				"parent": "bone",
				"pivot": [0, 4, 0],
				"rotation": [0, -154.28571, 0]
			},
			{
				"name": "bone21",
				"parent": "bone20",
				"pivot": [0, 4, 6.19607],
				"rotation": [34, 0, 0]
			},
			{
				"name": "bone22",
				"parent": "bone21",
				"pivot": [0, 4, 6.19607],
				"rotation": [0, -45, 0],
				"cubes": [
					{"origin": [-1, 4, 5.19607], "size": [2, 6, 2], "uv": [65, 22]}
				]
			},
			{
				"name": "bone23",
				"parent": "bone",
				"pivot": [0, 4, 0],
				"rotation": [0, -180, 0]
			},
			{
				"name": "bone24",
				"parent": "bone23",
				"pivot": [0, 4, 6.19607],
				"rotation": [34, 0, 0]
			},
			{
				"name": "bone25",
				"parent": "bone24",
				"pivot": [0, 4, 6.19607],
				"rotation": [0, -45, 0],
				"cubes": [
					{"origin": [-1, 4, 5.19607], "size": [2, 6, 2], "uv": [64, 48]}
				]
			},
			{
				"name": "bone26",
				"parent": "bone",
				"pivot": [0, 4, 0],
				"rotation": [0, -205.71429, 0]
			},
			{
				"name": "bone27",
				"parent": "bone26",
				"pivot": [0, 4, 6.19607],
				"rotation": [34, 0, 0]
			},
			{
				"name": "bone28",
				"parent": "bone27",
				"pivot": [0, 4, 6.19607],
				"rotation": [0, -45, 0],
				"cubes": [
					{"origin": [-1, 4, 5.19607], "size": [2, 6, 2], "uv": [16, 64]}
				]
			},
			{
				"name": "bone29",
				"parent": "bone",
				"pivot": [0, 4, 0],
				"rotation": [0, -231.42857, 0]
			},
			{
				"name": "bone30",
				"parent": "bone29",
				"pivot": [0, 4, 6.19607],
				"rotation": [34, 0, 0]
			},
			{
				"name": "bone31",
				"parent": "bone30",
				"pivot": [0, 4, 6.19607],
				"rotation": [0, -45, 0],
				"cubes": [
					{"origin": [-1, 4, 5.19607], "size": [2, 6, 2], "uv": [8, 64]}
				]
			},
			{
				"name": "bone32",
				"parent": "bone",
				"pivot": [0, 4, 0],
				"rotation": [0, -257.14286, 0]
			},
			{
				"name": "bone33",
				"parent": "bone32",
				"pivot": [0, 4, 6.19607],
				"rotation": [34, 0, 0]
			},
			{
				"name": "bone34",
				"parent": "bone33",
				"pivot": [0, 4, 6.19607],
				"rotation": [0, -45, 0],
				"cubes": [
					{"origin": [-1, 4, 5.19607], "size": [2, 6, 2], "uv": [0, 63]}
				]
			},
			{
				"name": "bone35",
				"parent": "bone",
				"pivot": [0, 4, 0],
				"rotation": [0, -282.85714, 0]
			},
			{
				"name": "bone36",
				"parent": "bone35",
				"pivot": [0, 4, 6.19607],
				"rotation": [34, 0, 0]
			},
			{
				"name": "bone37",
				"parent": "bone36",
				"pivot": [0, 4, 6.19607],
				"rotation": [0, -45, 0],
				"cubes": [
					{"origin": [-1, 4, 5.19607], "size": [2, 6, 2], "uv": [58, 61]}
				]
			},
			{
				"name": "bone38",
				"parent": "bone",
				"pivot": [0, 4, 0],
				"rotation": [0, -308.57143, 0]
			},
			{
				"name": "bone39",
				"parent": "bone38",
				"pivot": [0, 4, 6.19607],
				"rotation": [34, 0, 0]
			},
			{
				"name": "bone40",
				"parent": "bone39",
				"pivot": [0, 4, 6.19607],
				"rotation": [0, -45, 0],
				"cubes": [
					{"origin": [-1, 4, 5.19607], "size": [2, 6, 2], "uv": [61, 12]}
				]
			},
			{
				"name": "bone41",
				"parent": "bone",
				"pivot": [0, 4, 0],
				"rotation": [0, -334.28571, 0]
			},
			{
				"name": "bone42",
				"parent": "bone41",
				"pivot": [0, 4, 6.19607],
				"rotation": [34, 0, 0]
			},
			{
				"name": "bone43",
				"parent": "bone42",
				"pivot": [0, 4, 6.19607],
				"rotation": [0, -45, 0],
				"cubes": [
					{"origin": [-1, 4, 5.19607], "size": [2, 6, 2], "uv": [0, 0]}
				]
			},
			{
				"name": "deco",
				"parent": "sittingRotationSkirt",
				"pivot": [7, 24.25, -9.05],
				"rotation": [-6, 40, 17.5]
			},
			{
				"name": "bone71",
				"parent": "deco",
				"pivot": [7, 11.75, -3.05]
			},
			{
				"name": "bone69",
				"parent": "bone71",
				"pivot": [7, 24.25, -9.55],
				"rotation": [0, 0, 5],
				"cubes": [
					{"origin": [-1.22989, 3.26895, -7.95943], "size": [3, 1, 1], "uv": [67, 20]}
				]
			},
			{
				"name": "bone70",
				"parent": "bone71",
				"pivot": [7, 24.25, -9.55],
				"rotation": [0, 0, -15],
				"cubes": [
					{"origin": [-7.9095, 6.34905, -7.95943], "size": [3, 1, 1], "uv": [65, 46]}
				]
			},
			{
				"name": "bone75",
				"parent": "deco",
				"pivot": [7, 11.75, -3.05]
			},
			{
				"name": "bone76",
				"parent": "bone75",
				"pivot": [7, 24.25, -9.55],
				"rotation": [0, 0, -5],
				"cubes": [
					{"origin": [-1.71684, 4.48913, -7.95943], "size": [3, 1, 1], "uv": [65, 41]}
				]
			},
			{
				"name": "bone77",
				"parent": "bone75",
				"pivot": [7, 24.25, -9.55],
				"rotation": [0, 0, 15],
				"cubes": [
					{"origin": [5.38654, 2.72558, -7.95943], "size": [3, 1, 1], "uv": [60, 0]}
				]
			},
			{
				"name": "bone78",
				"parent": "deco",
				"pivot": [7, 11.75, -3.05],
				"cubes": [
					{"origin": [-0.5, 3.85956, -7.95943], "size": [1, 1, 1], "uv": [18, 29], "inflate": 0.1}
				]
			},
			{
				"name": "bone79",
				"parent": "deco",
				"pivot": [6.5, 24.21527, -9.24696],
				"rotation": [0, 0, 20],
				"cubes": [
					{"origin": [6.22508, 0.13023, -7.15639], "size": [1, 3, 0], "uv": [4, 30]}
				]
			},
			{
				"name": "bone80",
				"parent": "deco",
				"pivot": [7.5, 24.21527, -9.24696],
				"rotation": [0, 0, -20],
				"cubes": [
					{"origin": [-6.38078, 4.91851, -7.15639], "size": [1, 3, 0], "uv": [4, 27]}
				]
			},
			{
				"name": "deco2",
				"parent": "sittingRotationSkirt",
				"pivot": [-6, 24.25, -8.05],
				"rotation": [-6, -40, -17.5]
			},
			{
				"name": "bone58",
				"parent": "deco2",
				"pivot": [-6, 11.75, -2.05]
			},
			{
				"name": "bone59",
				"parent": "bone58",
				"pivot": [-6, 24.25, -8.55],
				"rotation": [0, 0, -5],
				"cubes": [
					{"origin": [-0.77011, 3.26895, -6.95943], "size": [3, 1, 1], "uv": [36, 50]}
				]
			},
			{
				"name": "bone60",
				"parent": "bone58",
				"pivot": [-6, 24.25, -8.55],
				"rotation": [0, 0, 15],
				"cubes": [
					{"origin": [5.9095, 6.34905, -6.95943], "size": [3, 1, 1], "uv": [48, 37]}
				]
			},
			{
				"name": "bone61",
				"parent": "deco2",
				"pivot": [-6, 11.75, -2.05]
			},
			{
				"name": "bone62",
				"parent": "bone61",
				"pivot": [-6, 24.25, -8.55],
				"rotation": [0, 0, 5],
				"cubes": [
					{"origin": [-0.28316, 4.48913, -6.95943], "size": [3, 1, 1], "uv": [48, 12]}
				]
			},
			{
				"name": "bone63",
				"parent": "bone61",
				"pivot": [-6, 24.25, -8.55],
				"rotation": [0, 0, -15],
				"cubes": [
					{"origin": [-7.38654, 2.72558, -6.95943], "size": [3, 1, 1], "uv": [40, 4]}
				]
			},
			{
				"name": "bone64",
				"parent": "deco2",
				"pivot": [-6, 11.75, -2.05],
				"cubes": [
					{"origin": [0.5, 3.85956, -6.95943], "size": [1, 1, 1], "uv": [18, 27], "inflate": 0.1}
				]
			},
			{
				"name": "bone65",
				"parent": "deco2",
				"pivot": [-5.5, 24.21527, -8.24696],
				"rotation": [0, 0, -20],
				"cubes": [
					{"origin": [-6.22508, 0.13023, -6.15639], "size": [1, 3, 0], "uv": [23, 16]}
				]
			},
			{
				"name": "bone66",
				"parent": "deco2",
				"pivot": [-6.5, 24.21527, -8.24696],
				"rotation": [0, 0, 20],
				"cubes": [
					{"origin": [6.38078, 4.91851, -6.15639], "size": [1, 3, 0], "uv": [4, 16]}
				]
			},
			{
				"name": "hj",
				"parent": "body",
				"pivot": [0, 10.5, 0]
			},
			{
				"name": "bone51",
				"parent": "hj",
				"pivot": [0, 10.5, 0],
				"cubes": [
					{"origin": [-2.5, 15.5, -4], "size": [1, 1, 1], "uv": [24, 32]}
				]
			},
			{
				"name": "bone52",
				"parent": "hj",
				"pivot": [0, 10.5, 0],
				"rotation": [0, 0, 15],
				"cubes": [
					{"origin": [-6, 15, -4], "size": [3, 1, 1], "uv": [69, 38], "inflate": -0.2}
				]
			},
			{
				"name": "bone55",
				"parent": "hj",
				"pivot": [0, 10.5, 0],
				"rotation": [0, 0, -15],
				"cubes": [
					{"origin": [-1, 16, -4], "size": [3, 1, 1], "uv": [69, 18], "inflate": -0.2}
				]
			},
			{
				"name": "bone56",
				"parent": "hj",
				"pivot": [-2, 9.5, 0],
				"rotation": [0, 0, 15],
				"cubes": [
					{"origin": [-4, 15, -4], "size": [3, 1, 1], "uv": [69, 16], "inflate": -0.2}
				]
			},
			{
				"name": "bone57",
				"parent": "hj",
				"pivot": [-3, 9.5, 0],
				"rotation": [0, 0, -15],
				"cubes": [
					{"origin": [-3, 14.5, -4], "size": [3, 1, 1], "uv": [68, 43], "inflate": -0.2}
				]
			},
			{
				"name": "bone111",
				"parent": "body",
				"pivot": [0, 10.5, 0]
			},
			{
				"name": "bone112",
				"parent": "bone111",
				"pivot": [-4.9, 16.6, 0],
				"rotation": [0, 0, 20],
				"cubes": [
					{"origin": [-6.65, 14.6, -3], "size": [3, 4, 6], "uv": [49, 14], "inflate": -0.11}
				]
			},
			{
				"name": "bone113",
				"parent": "bone111",
				"pivot": [-3.9, 15.7, 0],
				"rotation": [0, 0, -17.5],
				"cubes": [
					{"origin": [-5.20926, 13.63986, -3], "size": [3, 4, 6], "uv": [48, 0], "inflate": -0.1}
				]
			},
			{
				"name": "bone68",
				"parent": "body",
				"pivot": [0, 10.5, 0]
			},
			{
				"name": "bone72",
				"parent": "bone68",
				"pivot": [4.9, 16.6, 0],
				"rotation": [0, 0, -20],
				"cubes": [
					{"origin": [3.65, 14.6, -3], "size": [3, 4, 6], "uv": [47, 25], "inflate": -0.11}
				]
			},
			{
				"name": "bone73",
				"parent": "bone68",
				"pivot": [3.9, 15.7, 0],
				"rotation": [0, 0, 17.5],
				"cubes": [
					{"origin": [2.20926, 13.63986, -3], "size": [3, 4, 6], "uv": [24, 46], "inflate": -0.1}
				]
			},
			{
				"name": "legLeft",
				"pivot": [2, 9, 0],
				"cubes": [
					{"origin": [0.499, 0.1, -1.5], "size": [2.75, 8.9, 3], "uv": [54, 50]},
					{"origin": [0.499, 0.1, -1.5], "size": [2.75, 7.4, 3], "uv": [22, 56], "inflate": 0.1},
					{"origin": [0.499, 0.1, -1.5], "size": [2.75, 2, 3], "uv": [58, 41], "inflate": 0.2}
				]
			},
			{
				"name": "legRight",
				"pivot": [-2, 9, 0],
				"cubes": [
					{"origin": [-3.249, 0.2, -1.5], "size": [2.75, 8.8, 3], "uv": [12, 53]},
					{"origin": [-3.249, 0.2, -1.5], "size": [2.75, 6.8, 3], "uv": [32, 56], "inflate": 0.1},
					{"origin": [-3.249, 0.2, -1.5], "size": [2.75, 2, 3], "uv": [17, 43], "inflate": 0.2}
				]
			}
		]
	}
}