{
	"format_version": "1.10.0",
	"geometry.model": {
		"texturewidth": 128,
		"textureheight": 128,
		"visible_bounds_width": 3,
		"visible_bounds_height": 4,
		"visible_bounds_offset": [0, 1, 0],
		"bones": [
			{
				"name": "head",
				"pivot": [0, 18, 0],
				"cubes": [
					{"origin": [-4, 18, -4], "size": [8, 8, 8], "uv": [24, 8]},
					{"origin": [-4, 18, -4], "size": [8, 8, 8], "uv": [0, 16], "inflate": 0.1}
				]
			},
			{
				"name": "blink",
				"parent": "head",
				"pivot": [0, 18, 0],
				"cubes": [
					{"origin": [-4, 18, -4.001], "size": [8, 8, 0], "uv": [24, 0]}
				]
			},
			{
				"name": "hair",
				"parent": "head",
				"pivot": [0, 17, 1],
				"rotation": [42.5, 0, 0],
				"cubes": [
					{"origin": [-4, 9, -3], "size": [8, 8, 8], "uv": [0, 0]}
				]
			},
			{
				"name": "lcf",
				"parent": "head",
				"pivot": [0, 18, 0],
				"rotation": [-15, 0, 15],
				"cubes": [
					{"origin": [3, 15, -4], "size": [1, 3.2, 1], "uv": [4, 4]}
				]
			},
			{
				"name": "lcf2",
				"parent": "head",
				"pivot": [0, 18, 0],
				"rotation": [-15, 0, -15],
				"cubes": [
					{"origin": [-4, 15, -4], "size": [1, 3.2, 1], "uv": [0, 4]}
				]
			},
			{
				"name": "helmet",
				"parent": "head",
				"pivot": [0, 18, 0]
			},
			{
				"name": "mj",
				"parent": "helmet",
				"pivot": [0, 18, 0],
				"rotation": [-10, 42.5, 7.5]
			},
			{
				"name": "bone81",
				"parent": "mj",
				"pivot": [0, 18, 0],
				"cubes": [
					{"origin": [-3, 22, -9], "size": [4, 4, 1.2], "uv": [78, 45]}
				]
			},
			{
				"name": "bone122",
				"parent": "mj",
				"pivot": [0, 18, 0],
				"cubes": [
					{"origin": [-3, 22, -9.75], "size": [4, 2, 1.2], "uv": [40, 0], "inflate": -0.15}
				]
			},
			{
				"name": "bone141",
				"parent": "mj",
				"pivot": [-2, 18, 0],
				"rotation": [0, 0, 25],
				"cubes": [
					{"origin": [-4.5, 18, -8], "size": [1.5, 4, 0], "uv": [2, 32]}
				]
			},
			{
				"name": "bone142",
				"parent": "mj",
				"pivot": [0, 18, 0],
				"rotation": [0, 0, -25],
				"cubes": [
					{"origin": [1, 18, -8], "size": [1.5, 4, 0], "uv": [0, 32]}
				]
			},
			{
				"name": "armRight",
				"pivot": [-3, 17.5, 0],
				"rotation": [0, 0, 25],
				"cubes": [
					{"origin": [-5, 8.5, -1], "size": [2, 8, 2], "uv": [0, 57]},
					{"origin": [-5.5, 9.5, -1.5], "size": [3, 8, 3], "uv": [36, 41]}
				]
			},
			{
				"name": "bone123",
				"parent": "armRight",
				"pivot": [-3, 17.5, 0],
				"rotation": [21, 0, 0],
				"cubes": [
					{"origin": [-5.5, 9.5, -1.5], "size": [3, 7.42, 3], "uv": [48, 38]}
				]
			},
			{
				"name": "bone125",
				"parent": "armRight",
				"pivot": [-3, 17.5, 0],
				"rotation": [-21, 0, 0],
				"cubes": [
					{"origin": [-5.5, 9.5, -1.5], "size": [3, 7.42, 3], "uv": [12, 47]}
				]
			},
			{
				"name": "armLeft",
				"pivot": [3, 17.5, 0],
				"rotation": [0, 0, -25],
				"cubes": [
					{"origin": [2.5, 9.5, -1.5], "size": [3, 8, 3], "uv": [24, 41]},
					{"origin": [3, 8.5, -1], "size": [2, 8, 2], "uv": [56, 10]}
				]
			},
			{
				"name": "bone124",
				"parent": "armLeft",
				"pivot": [3, 17.5, 0],
				"rotation": [21, 0, 0],
				"cubes": [
					{"origin": [2.5, 9.5, -1.5], "size": [3, 7.42, 3], "uv": [48, 0]}
				]
			},
			{
				"name": "bone126",
				"parent": "armLeft",
				"pivot": [3, 17.5, 0],
				"rotation": [-21, 0, 0],
				"cubes": [
					{"origin": [2.5, 9.5, -1.5], "size": [3, 7.42, 3], "uv": [0, 47]}
				]
			},
			{
				"name": "body",
				"pivot": [0, 10.5, 0],
				"cubes": [
					{"origin": [-3, 8.999, -3], "size": [6, 9, 6], "uv": [0, 32]},
					{"origin": [-3, 8.999, -3], "size": [6, 9, 6], "uv": [26, 26], "inflate": 0.1}
				]
			},
			{
				"name": "sittingRotationSkirt",
				"parent": "body",
				"pivot": [0, 10.5, 0]
			},
			{
				"name": "bone",
				"parent": "sittingRotationSkirt",
				"pivot": [0, 15.5, 0]
			},
			{
				"name": "bone2",
				"parent": "bone",
				"pivot": [0, 5, 0]
			},
			{
				"name": "bone3",
				"parent": "bone2",
				"pivot": [0, 5, 5.73769],
				"rotation": [34, 0, 0]
			},
			{
				"name": "bone4",
				"parent": "bone3",
				"pivot": [0, 5, 5.73769],
				"rotation": [0, -45, 0],
				"cubes": [
					{"origin": [-1, 5, 4.73769], "size": [2, 7, 2], "uv": [38, 77]}
				]
			},
			{
				"name": "bone5",
				"parent": "bone",
				"pivot": [0, 5, 0],
				"rotation": [0, -27.69231, 0]
			},
			{
				"name": "bone6",
				"parent": "bone5",
				"pivot": [0, 5, 5.73769],
				"rotation": [34, 0, 0]
			},
			{
				"name": "bone7",
				"parent": "bone6",
				"pivot": [0, 5, 5.73769],
				"rotation": [0, -45, 0],
				"cubes": [
					{"origin": [-1, 5, 4.73769], "size": [2, 7, 2], "uv": [76, 76]}
				]
			},
			{
				"name": "bone8",
				"parent": "bone",
				"pivot": [0, 5, 0],
				"rotation": [0, -55.38462, 0]
			},
			{
				"name": "bone9",
				"parent": "bone8",
				"pivot": [0, 5, 5.73769],
				"rotation": [34, 0, 0]
			},
			{
				"name": "bone10",
				"parent": "bone9",
				"pivot": [0, 5, 5.73769],
				"rotation": [0, -45, 0],
				"cubes": [
					{"origin": [-1, 5, 4.73769], "size": [2, 7, 2], "uv": [64, 76]}
				]
			},
			{
				"name": "bone11",
				"parent": "bone",
				"pivot": [0, 5, 0],
				"rotation": [0, -83.07692, 0]
			},
			{
				"name": "bone12",
				"parent": "bone11",
				"pivot": [0, 5, 5.73769],
				"rotation": [34, 0, 0]
			},
			{
				"name": "bone13",
				"parent": "bone12",
				"pivot": [0, 5, 5.73769],
				"rotation": [0, -45, 0],
				"cubes": [
					{"origin": [-1, 5, 4.73769], "size": [2, 7, 2], "uv": [76, 52]}
				]
			},
			{
				"name": "bone14",
				"parent": "bone",
				"pivot": [0, 5, 0],
				"rotation": [0, -110.76923, 0]
			},
			{
				"name": "bone15",
				"parent": "bone14",
				"pivot": [0, 5, 5.73769],
				"rotation": [34, 0, 0]
			},
			{
				"name": "bone16",
				"parent": "bone15",
				"pivot": [0, 5, 5.73769],
				"rotation": [0, -45, 0],
				"cubes": [
					{"origin": [-1, 5, 4.73769], "size": [2, 7, 2], "uv": [76, 27]}
				]
			},
			{
				"name": "bone17",
				"parent": "bone",
				"pivot": [0, 5, 0],
				"rotation": [0, -138.46154, 0]
			},
			{
				"name": "bone18",
				"parent": "bone17",
				"pivot": [0, 5, 5.73769],
				"rotation": [34, 0, 0]
			},
			{
				"name": "bone19",
				"parent": "bone18",
				"pivot": [0, 5, 5.73769],
				"rotation": [0, -45, 0],
				"cubes": [
					{"origin": [-1, 5, 4.73769], "size": [2, 7, 2], "uv": [76, 18]}
				]
			},
			{
				"name": "bone20",
				"parent": "bone",
				"pivot": [0, 5, 0],
				"rotation": [0, -166.15385, 0]
			},
			{
				"name": "bone21",
				"parent": "bone20",
				"pivot": [0, 5, 5.73769],
				"rotation": [34, 0, 0]
			},
			{
				"name": "bone22",
				"parent": "bone21",
				"pivot": [0, 5, 5.73769],
				"rotation": [0, -45, 0],
				"cubes": [
					{"origin": [-1, 5, 4.73769], "size": [2, 7, 2], "uv": [76, 0]}
				]
			},
			{
				"name": "bone23",
				"parent": "bone",
				"pivot": [0, 5, 0],
				"rotation": [0, -193.84615, 0]
			},
			{
				"name": "bone24",
				"parent": "bone23",
				"pivot": [0, 5, 5.73769],
				"rotation": [34, 0, 0]
			},
			{
				"name": "bone25",
				"parent": "bone24",
				"pivot": [0, 5, 5.73769],
				"rotation": [0, -45, 0],
				"cubes": [
					{"origin": [-1, 5, 4.73769], "size": [2, 7, 2], "uv": [46, 75]}
				]
			},
			{
				"name": "bone26",
				"parent": "bone",
				"pivot": [0, 5, 0],
				"rotation": [0, -221.53846, 0]
			},
			{
				"name": "bone27",
				"parent": "bone26",
				"pivot": [0, 5, 5.73769],
				"rotation": [34, 0, 0]
			},
			{
				"name": "bone28",
				"parent": "bone27",
				"pivot": [0, 5, 5.73769],
				"rotation": [0, -45, 0],
				"cubes": [
					{"origin": [-1, 5, 4.73769], "size": [2, 7, 2], "uv": [8, 75]}
				]
			},
			{
				"name": "bone29",
				"parent": "bone",
				"pivot": [0, 5, 0],
				"rotation": [0, -249.23077, 0]
			},
			{
				"name": "bone30",
				"parent": "bone29",
				"pivot": [0, 5, 5.73769],
				"rotation": [34, 0, 0]
			},
			{
				"name": "bone31",
				"parent": "bone30",
				"pivot": [0, 5, 5.73769],
				"rotation": [0, -45, 0],
				"cubes": [
					{"origin": [-1, 5, 4.73769], "size": [2, 7, 2], "uv": [56, 73]}
				]
			},
			{
				"name": "bone32",
				"parent": "bone",
				"pivot": [0, 5, 0],
				"rotation": [0, -276.92308, 0]
			},
			{
				"name": "bone33",
				"parent": "bone32",
				"pivot": [0, 5, 5.73769],
				"rotation": [34, 0, 0]
			},
			{
				"name": "bone34",
				"parent": "bone33",
				"pivot": [0, 5, 5.73769],
				"rotation": [0, -45, 0],
				"cubes": [
					{"origin": [-1, 5, 4.73769], "size": [2, 7, 2], "uv": [0, 73]}
				]
			},
			{
				"name": "bone35",
				"parent": "bone",
				"pivot": [0, 5, 0],
				"rotation": [0, -304.61538, 0]
			},
			{
				"name": "bone36",
				"parent": "bone35",
				"pivot": [0, 5, 5.73769],
				"rotation": [34, 0, 0]
			},
			{
				"name": "bone37",
				"parent": "bone36",
				"pivot": [0, 5, 5.73769],
				"rotation": [0, -45, 0],
				"cubes": [
					{"origin": [-1, 5, 4.73769], "size": [2, 7, 2], "uv": [72, 36]}
				]
			},
			{
				"name": "bone38",
				"parent": "bone",
				"pivot": [0, 5, 0],
				"rotation": [0, -332.30769, 0]
			},
			{
				"name": "bone39",
				"parent": "bone38",
				"pivot": [0, 5, 5.73769],
				"rotation": [34, 0, 0]
			},
			{
				"name": "bone40",
				"parent": "bone39",
				"pivot": [0, 5, 5.73769],
				"rotation": [0, -45, 0],
				"cubes": [
					{"origin": [-1, 5, 4.73769], "size": [2, 7, 2], "uv": [30, 72]}
				]
			},
			{
				"name": "bone82",
				"parent": "sittingRotationSkirt",
				"pivot": [0, 16.5, 0]
			},
			{
				"name": "bone83",
				"parent": "bone82",
				"pivot": [0, 6, 0]
			},
			{
				"name": "bone84",
				"parent": "bone83",
				"pivot": [0, 6, 5.73769],
				"rotation": [34, 0, 0]
			},
			{
				"name": "bone85",
				"parent": "bone84",
				"pivot": [0, 6, 5.73769],
				"rotation": [0, -45, 0],
				"cubes": [
					{"origin": [-1, 6, 4.73769], "size": [2, 7, 2], "uv": [64, 53]}
				]
			},
			{
				"name": "bone86",
				"parent": "bone82",
				"pivot": [0, 6, 0],
				"rotation": [0, -27.69231, 0]
			},
			{
				"name": "bone87",
				"parent": "bone86",
				"pivot": [0, 6, 5.73769],
				"rotation": [34, 0, 0]
			},
			{
				"name": "bone88",
				"parent": "bone87",
				"pivot": [0, 6, 5.73769],
				"rotation": [0, -45, 0],
				"cubes": [
					{"origin": [-1, 6, 4.73769], "size": [2, 7, 2], "uv": [64, 38]}
				]
			},
			{
				"name": "bone89",
				"parent": "bone82",
				"pivot": [0, 6, 0],
				"rotation": [0, -55.38462, 0]
			},
			{
				"name": "bone90",
				"parent": "bone89",
				"pivot": [0, 6, 5.73769],
				"rotation": [34, 0, 0]
			},
			{
				"name": "bone91",
				"parent": "bone90",
				"pivot": [0, 6, 5.73769],
				"rotation": [0, -45, 0],
				"cubes": [
					{"origin": [-1, 6, 4.73769], "size": [2, 7, 2], "uv": [64, 9]}
				]
			},
			{
				"name": "bone92",
				"parent": "bone82",
				"pivot": [0, 6, 0],
				"rotation": [0, -83.07692, 0]
			},
			{
				"name": "bone93",
				"parent": "bone92",
				"pivot": [0, 6, 5.73769],
				"rotation": [34, 0, 0]
			},
			{
				"name": "bone94",
				"parent": "bone93",
				"pivot": [0, 6, 5.73769],
				"rotation": [0, -45, 0],
				"cubes": [
					{"origin": [-1, 6, 4.73769], "size": [2, 7, 2], "uv": [32, 63]}
				]
			},
			{
				"name": "bone95",
				"parent": "bone82",
				"pivot": [0, 6, 0],
				"rotation": [0, -110.76923, 0]
			},
			{
				"name": "bone96",
				"parent": "bone95",
				"pivot": [0, 6, 5.73769],
				"rotation": [34, 0, 0]
			},
			{
				"name": "bone97",
				"parent": "bone96",
				"pivot": [0, 6, 5.73769],
				"rotation": [0, -45, 0],
				"cubes": [
					{"origin": [-1, 6, 4.73769], "size": [2, 7, 2], "uv": [24, 63]}
				]
			},
			{
				"name": "bone98",
				"parent": "bone82",
				"pivot": [0, 6, 0],
				"rotation": [0, -138.46154, 0]
			},
			{
				"name": "bone99",
				"parent": "bone98",
				"pivot": [0, 6, 5.73769],
				"rotation": [34, 0, 0]
			},
			{
				"name": "bone100",
				"parent": "bone99",
				"pivot": [0, 6, 5.73769],
				"rotation": [0, -45, 0],
				"cubes": [
					{"origin": [-1, 6, 4.73769], "size": [2, 7, 2], "uv": [60, 29]}
				]
			},
			{
				"name": "bone101",
				"parent": "bone82",
				"pivot": [0, 6, 0],
				"rotation": [0, -166.15385, 0]
			},
			{
				"name": "bone102",
				"parent": "bone101",
				"pivot": [0, 6, 5.73769],
				"rotation": [34, 0, 0]
			},
			{
				"name": "bone103",
				"parent": "bone102",
				"pivot": [0, 6, 5.73769],
				"rotation": [0, -45, 0],
				"cubes": [
					{"origin": [-1, 6, 4.73769], "size": [2, 7, 2], "uv": [16, 57]}
				]
			},
			{
				"name": "bone104",
				"parent": "bone82",
				"pivot": [0, 6, 0],
				"rotation": [0, -193.84615, 0]
			},
			{
				"name": "bone105",
				"parent": "bone104",
				"pivot": [0, 6, 5.73769],
				"rotation": [34, 0, 0]
			},
			{
				"name": "bone106",
				"parent": "bone105",
				"pivot": [0, 6, 5.73769],
				"rotation": [0, -45, 0],
				"cubes": [
					{"origin": [-1, 6, 4.73769], "size": [2, 7, 2], "uv": [8, 57]}
				]
			},
			{
				"name": "bone107",
				"parent": "bone82",
				"pivot": [0, 6, 0],
				"rotation": [0, -221.53846, 0]
			},
			{
				"name": "bone108",
				"parent": "bone107",
				"pivot": [0, 6, 5.73769],
				"rotation": [34, 0, 0]
			},
			{
				"name": "bone109",
				"parent": "bone108",
				"pivot": [0, 6, 5.73769],
				"rotation": [0, -45, 0],
				"cubes": [
					{"origin": [-1, 6, 4.73769], "size": [2, 7, 2], "uv": [60, 20]}
				]
			},
			{
				"name": "bone110",
				"parent": "bone82",
				"pivot": [0, 6, 0],
				"rotation": [0, -249.23077, 0]
			},
			{
				"name": "bone111",
				"parent": "bone110",
				"pivot": [0, 6, 5.73769],
				"rotation": [34, 0, 0]
			},
			{
				"name": "bone112",
				"parent": "bone111",
				"pivot": [0, 6, 5.73769],
				"rotation": [0, -45, 0],
				"cubes": [
					{"origin": [-1, 6, 4.73769], "size": [2, 7, 2], "uv": [60, 0]}
				]
			},
			{
				"name": "bone113",
				"parent": "bone82",
				"pivot": [0, 6, 0],
				"rotation": [0, -276.92308, 0]
			},
			{
				"name": "bone114",
				"parent": "bone113",
				"pivot": [0, 6, 5.73769],
				"rotation": [34, 0, 0]
			},
			{
				"name": "bone115",
				"parent": "bone114",
				"pivot": [0, 6, 5.73769],
				"rotation": [0, -45, 0],
				"cubes": [
					{"origin": [-1, 6, 4.73769], "size": [2, 7, 2], "uv": [44, 59]}
				]
			},
			{
				"name": "bone116",
				"parent": "bone82",
				"pivot": [0, 6, 0],
				"rotation": [0, -304.61538, 0]
			},
			{
				"name": "bone117",
				"parent": "bone116",
				"pivot": [0, 6, 5.73769],
				"rotation": [34, 0, 0]
			},
			{
				"name": "bone118",
				"parent": "bone117",
				"pivot": [0, 6, 5.73769],
				"rotation": [0, -45, 0],
				"cubes": [
					{"origin": [-1, 6, 4.73769], "size": [2, 7, 2], "uv": [58, 46]}
				]
			},
			{
				"name": "bone119",
				"parent": "bone82",
				"pivot": [0, 6, 0],
				"rotation": [0, -332.30769, 0]
			},
			{
				"name": "bone120",
				"parent": "bone119",
				"pivot": [0, 6, 5.73769],
				"rotation": [34, 0, 0]
			},
			{
				"name": "bone121",
				"parent": "bone120",
				"pivot": [0, 6, 5.73769],
				"rotation": [0, -45, 0],
				"cubes": [
					{"origin": [-1, 6, 4.73769], "size": [2, 7, 2], "uv": [56, 57]}
				]
			},
			{
				"name": "bone41",
				"parent": "sittingRotationSkirt",
				"pivot": [0, 14.5, 0]
			},
			{
				"name": "bone42",
				"parent": "bone41",
				"pivot": [0, 4, 0]
			},
			{
				"name": "bone43",
				"parent": "bone42",
				"pivot": [0, 4, 5.73769],
				"rotation": [34, 0, 0]
			},
			{
				"name": "bone44",
				"parent": "bone43",
				"pivot": [0, 4, 5.73769],
				"rotation": [0, -45, 0],
				"cubes": [
					{"origin": [-1, 4, 4.73769], "size": [2, 7, 2], "uv": [22, 72]}
				]
			},
			{
				"name": "bone45",
				"parent": "bone41",
				"pivot": [0, 4, 0],
				"rotation": [0, -27.69231, 0]
			},
			{
				"name": "bone46",
				"parent": "bone45",
				"pivot": [0, 4, 5.73769],
				"rotation": [34, 0, 0]
			},
			{
				"name": "bone47",
				"parent": "bone46",
				"pivot": [0, 4, 5.73769],
				"rotation": [0, -45, 0],
				"cubes": [
					{"origin": [-1, 4, 4.73769], "size": [2, 7, 2], "uv": [72, 9]}
				]
			},
			{
				"name": "bone48",
				"parent": "bone41",
				"pivot": [0, 4, 0],
				"rotation": [0, -55.38462, 0]
			},
			{
				"name": "bone49",
				"parent": "bone48",
				"pivot": [0, 4, 5.73769],
				"rotation": [34, 0, 0]
			},
			{
				"name": "bone50",
				"parent": "bone49",
				"pivot": [0, 4, 5.73769],
				"rotation": [0, -45, 0],
				"cubes": [
					{"origin": [-1, 4, 4.73769], "size": [2, 7, 2], "uv": [70, 69]}
				]
			},
			{
				"name": "bone51",
				"parent": "bone41",
				"pivot": [0, 4, 0],
				"rotation": [0, -83.07692, 0]
			},
			{
				"name": "bone52",
				"parent": "bone51",
				"pivot": [0, 4, 5.73769],
				"rotation": [34, 0, 0]
			},
			{
				"name": "bone53",
				"parent": "bone52",
				"pivot": [0, 4, 5.73769],
				"rotation": [0, -45, 0],
				"cubes": [
					{"origin": [-1, 4, 4.73769], "size": [2, 7, 2], "uv": [70, 60]}
				]
			},
			{
				"name": "bone54",
				"parent": "bone41",
				"pivot": [0, 4, 0],
				"rotation": [0, -110.76923, 0]
			},
			{
				"name": "bone55",
				"parent": "bone54",
				"pivot": [0, 4, 5.73769],
				"rotation": [34, 0, 0]
			},
			{
				"name": "bone56",
				"parent": "bone55",
				"pivot": [0, 4, 5.73769],
				"rotation": [0, -45, 0],
				"cubes": [
					{"origin": [-1, 4, 4.73769], "size": [2, 7, 2], "uv": [70, 45]}
				]
			},
			{
				"name": "bone57",
				"parent": "bone41",
				"pivot": [0, 4, 0],
				"rotation": [0, -138.46154, 0]
			},
			{
				"name": "bone58",
				"parent": "bone57",
				"pivot": [0, 4, 5.73769],
				"rotation": [34, 0, 0]
			},
			{
				"name": "bone59",
				"parent": "bone58",
				"pivot": [0, 4, 5.73769],
				"rotation": [0, -45, 0],
				"cubes": [
					{"origin": [-1, 4, 4.73769], "size": [2, 7, 2], "uv": [40, 68]}
				]
			},
			{
				"name": "bone60",
				"parent": "bone41",
				"pivot": [0, 4, 0],
				"rotation": [0, -166.15385, 0]
			},
			{
				"name": "bone61",
				"parent": "bone60",
				"pivot": [0, 4, 5.73769],
				"rotation": [34, 0, 0]
			},
			{
				"name": "bone62",
				"parent": "bone61",
				"pivot": [0, 4, 5.73769],
				"rotation": [0, -45, 0],
				"cubes": [
					{"origin": [-1, 4, 4.73769], "size": [2, 7, 2], "uv": [68, 27]}
				]
			},
			{
				"name": "bone63",
				"parent": "bone41",
				"pivot": [0, 4, 0],
				"rotation": [0, -193.84615, 0]
			},
			{
				"name": "bone64",
				"parent": "bone63",
				"pivot": [0, 4, 5.73769],
				"rotation": [34, 0, 0]
			},
			{
				"name": "bone65",
				"parent": "bone64",
				"pivot": [0, 4, 5.73769],
				"rotation": [0, -45, 0],
				"cubes": [
					{"origin": [-1, 4, 4.73769], "size": [2, 7, 2], "uv": [68, 18]}
				]
			},
			{
				"name": "bone66",
				"parent": "bone41",
				"pivot": [0, 4, 0],
				"rotation": [0, -221.53846, 0]
			},
			{
				"name": "bone67",
				"parent": "bone66",
				"pivot": [0, 4, 5.73769],
				"rotation": [34, 0, 0]
			},
			{
				"name": "bone68",
				"parent": "bone67",
				"pivot": [0, 4, 5.73769],
				"rotation": [0, -45, 0],
				"cubes": [
					{"origin": [-1, 4, 4.73769], "size": [2, 7, 2], "uv": [68, 0]}
				]
			},
			{
				"name": "bone69",
				"parent": "bone41",
				"pivot": [0, 4, 0],
				"rotation": [0, -249.23077, 0]
			},
			{
				"name": "bone70",
				"parent": "bone69",
				"pivot": [0, 4, 5.73769],
				"rotation": [34, 0, 0]
			},
			{
				"name": "bone71",
				"parent": "bone70",
				"pivot": [0, 4, 5.73769],
				"rotation": [0, -45, 0],
				"cubes": [
					{"origin": [-1, 4, 4.73769], "size": [2, 7, 2], "uv": [50, 66]}
				]
			},
			{
				"name": "bone72",
				"parent": "bone41",
				"pivot": [0, 4, 0],
				"rotation": [0, -276.92308, 0]
			},
			{
				"name": "bone73",
				"parent": "bone72",
				"pivot": [0, 4, 5.73769],
				"rotation": [34, 0, 0]
			},
			{
				"name": "bone74",
				"parent": "bone73",
				"pivot": [0, 4, 5.73769],
				"rotation": [0, -45, 0],
				"cubes": [
					{"origin": [-1, 4, 4.73769], "size": [2, 7, 2], "uv": [14, 66]}
				]
			},
			{
				"name": "bone75",
				"parent": "bone41",
				"pivot": [0, 4, 0],
				"rotation": [0, -304.61538, 0]
			},
			{
				"name": "bone76",
				"parent": "bone75",
				"pivot": [0, 4, 5.73769],
				"rotation": [34, 0, 0]
			},
			{
				"name": "bone77",
				"parent": "bone76",
				"pivot": [0, 4, 5.73769],
				"rotation": [0, -45, 0],
				"cubes": [
					{"origin": [-1, 4, 4.73769], "size": [2, 7, 2], "uv": [6, 66]}
				]
			},
			{
				"name": "bone78",
				"parent": "bone41",
				"pivot": [0, 4, 0],
				"rotation": [0, -332.30769, 0]
			},
			{
				"name": "bone79",
				"parent": "bone78",
				"pivot": [0, 4, 5.73769],
				"rotation": [34, 0, 0]
			},
			{
				"name": "bone80",
				"parent": "bone79",
				"pivot": [0, 4, 5.73769],
				"rotation": [0, -45, 0],
				"cubes": [
					{"origin": [-1, 4, 4.73769], "size": [2, 7, 2], "uv": [62, 64]}
				]
			},
			{
				"name": "pd",
				"parent": "sittingRotationSkirt",
				"pivot": [1, 1.5, -1],
				"rotation": [0, 0, 35]
			},
			{
				"name": "bone138",
				"parent": "pd",
				"pivot": [1, 1.5, -1],
				"cubes": [
					{"origin": [-8, -5.5, -2], "size": [0, 8, 2], "uv": [4, 14]}
				]
			},
			{
				"name": "bone140",
				"parent": "pd",
				"pivot": [1, 1.5, -1],
				"rotation": [-17.5, 0, 0],
				"cubes": [
					{"origin": [-8, -6.5, -3], "size": [0, 8.3, 2], "uv": [0, 14]}
				]
			},
			{
				"name": "bone139",
				"parent": "pd",
				"pivot": [1, 2.5, 0],
				"rotation": [17.5, 0, 0],
				"cubes": [
					{"origin": [-8, -7.5, -1], "size": [0, 10, 2], "uv": [16, 73]}
				]
			},
			{
				"name": "pd2",
				"parent": "sittingRotationSkirt",
				"pivot": [0, 10.5, 0],
				"rotation": [30, 0, -17.5],
				"cubes": [
					{"origin": [-0.5, -2.5, 0], "size": [2.5, 9, 0], "uv": [80, 9]}
				]
			},
			{
				"name": "pd3",
				"parent": "sittingRotationSkirt",
				"pivot": [0, 10.5, 0],
				"rotation": [30, 0, 17.5],
				"cubes": [
					{"origin": [-2, -2.5, 0], "size": [2.5, 9, 0], "uv": [72, 78]}
				]
			},
			{
				"name": "deco",
				"parent": "body",
				"pivot": [0, 9.5, -1],
				"rotation": [-25, 0, 0]
			},
			{
				"name": "hu3",
				"parent": "deco",
				"pivot": [0, 9.5, -1]
			},
			{
				"name": "bone128",
				"parent": "hu3",
				"pivot": [-1, 9.5, -1],
				"rotation": [0, -10, 10],
				"cubes": [
					{"origin": [-3.7, 11.5, -5], "size": [3.2, 0, 1], "uv": [0, 3]}
				]
			},
			{
				"name": "bone129",
				"parent": "bone128",
				"pivot": [-1, 9.5, -1],
				"cubes": [
					{"origin": [-3.7, 10.5, -5], "size": [0, 1, 1], "uv": [24, 32]}
				]
			},
			{
				"name": "bone130",
				"parent": "hu3",
				"pivot": [-1, 12.5, -1],
				"rotation": [0, -10, -10],
				"cubes": [
					{"origin": [-3.7, 10.5, -5], "size": [3.2, 0, 1], "uv": [0, 2]}
				]
			},
			{
				"name": "bone131",
				"parent": "bone130",
				"pivot": [-1, 12.5, -1],
				"cubes": [
					{"origin": [-3.7, 10.5, -5], "size": [0, 1, 1], "uv": [32, 23]}
				]
			},
			{
				"name": "hu2",
				"parent": "deco",
				"pivot": [0, 9.5, -1]
			},
			{
				"name": "bone132",
				"parent": "hu2",
				"pivot": [0, 9.5, -1],
				"cubes": [
					{"origin": [-0.5, 10.5, -5], "size": [1, 1, 1], "uv": [20, 32]}
				]
			},
			{
				"name": "bone133",
				"parent": "hu2",
				"pivot": [1, 9.5, -1],
				"rotation": [0, 10, -10],
				"cubes": [
					{"origin": [0.5, 11.5, -5], "size": [3.2, 0, 1], "uv": [0, 1]}
				]
			},
			{
				"name": "bone134",
				"parent": "bone133",
				"pivot": [1, 9.5, -1],
				"cubes": [
					{"origin": [3.7, 10.5, -5], "size": [0, 1, 1], "uv": [23, 31]}
				]
			},
			{
				"name": "bone135",
				"parent": "hu2",
				"pivot": [1, 12.5, -1],
				"rotation": [0, 10, 10],
				"cubes": [
					{"origin": [0.5, 10.5, -5], "size": [3.2, 0, 1], "uv": [0, 0]}
				]
			},
			{
				"name": "bone136",
				"parent": "bone135",
				"pivot": [1, 12.5, -1],
				"cubes": [
					{"origin": [3.7, 10.5, -5], "size": [0, 1, 1], "uv": [3, 3]}
				]
			},
			{
				"name": "bone127",
				"parent": "deco",
				"pivot": [0, 9.5, -1],
				"rotation": [0, 0, 27.5],
				"cubes": [
					{"origin": [-0.5, 7.5, -5], "size": [0, 3, 1], "uv": [18, 31]}
				]
			},
			{
				"name": "bone137",
				"parent": "deco",
				"pivot": [0, 9.5, -1],
				"rotation": [0, 0, -27.5],
				"cubes": [
					{"origin": [0.5, 7.5, -5], "size": [0, 3, 1], "uv": [4, 31]}
				]
			},
			{
				"name": "legLeft",
				"pivot": [2, 9, 0],
				"cubes": [
					{"origin": [0.499, 0.1, -1.5], "size": [2.75, 8.9, 3], "uv": [34, 52]},
					{"origin": [0.499, 0.1, -1.5], "size": [2.75, 8.9, 3], "uv": [50, 24], "inflate": 0.1},
					{"origin": [0.499, 0.1, -1.5], "size": [2.75, 2, 3], "uv": [78, 61], "inflate": 0.2}
				]
			},
			{
				"name": "legRight",
				"pivot": [-2, 9, 0],
				"cubes": [
					{"origin": [-3.249, 0.2, -1.5], "size": [2.75, 8.8, 3], "uv": [24, 52], "inflate": 0.1},
					{"origin": [-3.249, 0.2, -1.5], "size": [2.75, 8.8, 3], "uv": [48, 48]},
					{"origin": [-3.249, 0.2, -1.5], "size": [2.75, 2, 3], "uv": [76, 66], "inflate": 0.2}
				]
			}
		]
	}
}