{
	"format_version": "1.10.0",
	"geometry.model": {
		"texturewidth": 128,
		"textureheight": 128,
		"visible_bounds_width": 3,
		"visible_bounds_height": 4,
		"visible_bounds_offset": [0, 1, 0],
		"bones": [
			{
				"name": "head",
				"pivot": [0, 18, 0],
				"cubes": [
					{"origin": [-4, 18, -4], "size": [8, 8, 8], "uv": [32, 26]}
				]
			},
			{
				"name": "ahoge",
				"parent": "head",
				"pivot": [0, 26, 0],
				"cubes": [
					{"origin": [-3, 26, 0], "size": [6, 6, 0], "uv": [58, 10]}
				]
			},
			{
				"name": "blink",
				"parent": "head",
				"pivot": [0, 18, 0],
				"cubes": [
					{"origin": [-4, 18, -4.001], "size": [8, 8, 0], "uv": [24, 26]}
				]
			},
			{
				"name": "earRightBegShake",
				"parent": "head",
				"pivot": [-4, 26, -3]
			},
			{
				"name": "earRightShake",
				"parent": "earRightBegShake",
				"pivot": [-4, 26, -3]
			},
			{
				"name": "rear",
				"parent": "earRightBegShake",
				"pivot": [-4, 26, -3],
				"rotation": [0, 0, -12.5]
			},
			{
				"name": "bone81",
				"parent": "rear",
				"pivot": [-4, 26, -3],
				"rotation": [0, 0, -22.5],
				"cubes": [
					{"origin": [-3, 24, -3], "size": [2, 4, 1], "uv": [0, 45]}
				]
			},
			{
				"name": "bone82",
				"parent": "rear",
				"pivot": [-3, 28, -3],
				"rotation": [0, 0, 17.5],
				"cubes": [
					{"origin": [-3, 25, -3], "size": [1, 4, 1], "uv": [65, 50]}
				]
			},
			{
				"name": "earLeftShake",
				"parent": "head",
				"pivot": [4, 26, -2]
			},
			{
				"name": "earLeftBegShake",
				"parent": "earLeftShake",
				"pivot": [4, 26, -2]
			},
			{
				"name": "lear",
				"parent": "earLeftShake",
				"pivot": [4, 26, -2],
				"rotation": [0, 0, 12.5]
			},
			{
				"name": "bone83",
				"parent": "lear",
				"pivot": [4, 26, -2],
				"rotation": [0, 0, 22.5],
				"cubes": [
					{"origin": [1, 24, -3], "size": [2, 4, 1], "uv": [44, 42]}
				]
			},
			{
				"name": "bone84",
				"parent": "lear",
				"pivot": [2, 28, -3],
				"rotation": [0, 0, -17.5],
				"cubes": [
					{"origin": [2, 25, -3], "size": [1, 4, 1], "uv": [64, 0]}
				]
			},
			{
				"name": "helmet",
				"parent": "head",
				"pivot": [0, 18, 0]
			},
			{
				"name": "bone94",
				"parent": "helmet",
				"pivot": [0, 18, 0],
				"cubes": [
					{"origin": [-4, 24, -4], "size": [8, 2, 8], "uv": [36, 0], "inflate": 0.2}
				]
			},
			{
				"name": "earLeftShake2",
				"parent": "helmet",
				"pivot": [4, 26, -2]
			},
			{
				"name": "earLeftBegShake2",
				"parent": "earLeftShake2",
				"pivot": [4, 26, -2]
			},
			{
				"name": "lear2",
				"parent": "earLeftShake2",
				"pivot": [4, 26, -2],
				"rotation": [0, 0, 12.5]
			},
			{
				"name": "bone95",
				"parent": "lear2",
				"pivot": [4, 26, -2],
				"rotation": [0, 0, 22.5],
				"cubes": [
					{"origin": [1, 24, -3], "size": [2, 4, 1], "uv": [36, 0], "inflate": 0.2}
				]
			},
			{
				"name": "bone96",
				"parent": "lear2",
				"pivot": [2, 28, -3],
				"rotation": [0, 0, -17.5],
				"cubes": [
					{"origin": [2, 25, -3], "size": [1, 4, 1], "uv": [52, 10], "inflate": 0.2}
				]
			},
			{
				"name": "earRightBegShake2",
				"parent": "helmet",
				"pivot": [-4, 26, -3]
			},
			{
				"name": "earRightShake2",
				"parent": "earRightBegShake2",
				"pivot": [-4, 26, -3]
			},
			{
				"name": "rear2",
				"parent": "earRightBegShake2",
				"pivot": [-4, 26, -3],
				"rotation": [0, 0, -12.5]
			},
			{
				"name": "bone97",
				"parent": "rear2",
				"pivot": [-4, 26, -3],
				"rotation": [0, 0, -22.5],
				"cubes": [
					{"origin": [-3, 24, -3], "size": [2, 4, 1], "uv": [0, 26], "inflate": 0.2}
				]
			},
			{
				"name": "bone98",
				"parent": "rear2",
				"pivot": [-3, 28, -3],
				"rotation": [0, 0, 17.5],
				"cubes": [
					{"origin": [-3, 25, -3], "size": [1, 4, 1], "uv": [48, 12], "inflate": 0.2}
				]
			},
			{
				"name": "hair",
				"parent": "head",
				"pivot": [0, 10, 0],
				"rotation": [27.5, 0, 0],
				"cubes": [
					{"origin": [-4, 6, 0], "size": [8, 11, 8], "uv": [0, 26]}
				]
			},
			{
				"name": "bz",
				"parent": "head",
				"pivot": [0, 18, 0],
				"rotation": [0, 150, 0],
				"cubes": [
					{"origin": [-2, 17, 4], "size": [1, 1, 1], "uv": [60, 5]},
					{"origin": [-1.4, 12, 4], "size": [1, 1, 1], "uv": [59, 19]},
					{"origin": [-1.8, 16, 4], "size": [1, 1, 1], "uv": [58, 16]},
					{"origin": [-1.7, 15, 4], "size": [1, 1, 1], "uv": [38, 57]},
					{"origin": [-1.6, 14, 4], "size": [1, 1, 1], "uv": [28, 57]},
					{"origin": [-1.5, 13, 4], "size": [1, 1, 1], "uv": [51, 16]}
				]
			},
			{
				"name": "hu2",
				"parent": "head",
				"pivot": [3, 11.5, -2],
				"rotation": [-17.5, -95, 0]
			},
			{
				"name": "bone108",
				"parent": "hu2",
				"pivot": [3, 11.5, -2],
				"cubes": [
					{"origin": [2.5, 22.5, -8], "size": [1, 1, 1], "uv": [26, 45]}
				]
			},
			{
				"name": "bone109",
				"parent": "hu2",
				"pivot": [3, 11.5, -2],
				"rotation": [0, -17.5, 15],
				"cubes": [
					{"origin": [-4.83561, 22.12963, -6.51829], "size": [3, 1, 1], "uv": [36, 5]}
				]
			},
			{
				"name": "bone110",
				"parent": "hu2",
				"pivot": [3, 11.5, -2],
				"rotation": [0, 17.5, -15],
				"cubes": [
					{"origin": [7.83561, 22.12963, -6.51829], "size": [3, 1, 1], "uv": [0, 31]}
				]
			},
			{
				"name": "bone111",
				"parent": "hu2",
				"pivot": [3, 11.5, -2],
				"rotation": [0, -20, 15],
				"cubes": [
					{"origin": [-2.90009, 18.32963, -6.43678], "size": [1, 4, 1], "uv": [22, 45]}
				]
			},
			{
				"name": "bone112",
				"parent": "hu2",
				"pivot": [3, 11.5, -2],
				"rotation": [0, 20, -15],
				"cubes": [
					{"origin": [7.90009, 18.32963, -6.43678], "size": [1, 4, 1], "uv": [18, 45]}
				]
			},
			{
				"name": "armRight",
				"pivot": [-3, 17.5, 0],
				"rotation": [0, 0, 25],
				"cubes": [
					{"origin": [-5, 9.5, -1], "size": [2, 8, 2], "uv": [8, 60]}
				]
			},
			{
				"name": "armLeft",
				"pivot": [3, 17.5, 0],
				"rotation": [0, 0, -25],
				"cubes": [
					{"origin": [3, 9.5, -1], "size": [2, 8, 2], "uv": [0, 60]}
				]
			},
			{
				"name": "body",
				"pivot": [0, 10.5, 0],
				"cubes": [
					{"origin": [-3, 8.999, -3], "size": [6, 9, 6], "uv": [0, 45]},
					{"origin": [-3, 8.999, -3], "size": [6, 9, 6], "uv": [26, 42], "inflate": 0.1}
				]
			},
			{
				"name": "sittingRotationSkirt",
				"parent": "body",
				"pivot": [0, 10.5, 0]
			},
			{
				"name": "bone",
				"parent": "sittingRotationSkirt",
				"pivot": [0, 15.5, 0]
			},
			{
				"name": "bone2",
				"parent": "bone",
				"pivot": [0, 5, 0]
			},
			{
				"name": "bone3",
				"parent": "bone2",
				"pivot": [0, 5, 5.73769],
				"rotation": [33, 0, 0]
			},
			{
				"name": "bone4",
				"parent": "bone3",
				"pivot": [0, 5, 5.73769],
				"rotation": [0, -45, 0],
				"cubes": [
					{"origin": [-1, 5, 4.73769], "size": [2, 7, 2], "uv": [76, 55]}
				]
			},
			{
				"name": "bone5",
				"parent": "bone",
				"pivot": [0, 5, 0],
				"rotation": [0, -27.69231, 0]
			},
			{
				"name": "bone6",
				"parent": "bone5",
				"pivot": [0, 5, 5.73769],
				"rotation": [33, 0, 0]
			},
			{
				"name": "bone7",
				"parent": "bone6",
				"pivot": [0, 5, 5.73769],
				"rotation": [0, -45, 0],
				"cubes": [
					{"origin": [-1, 5, 4.73769], "size": [2, 7, 2], "uv": [76, 0]}
				]
			},
			{
				"name": "bone8",
				"parent": "bone",
				"pivot": [0, 5, 0],
				"rotation": [0, -55.38462, 0]
			},
			{
				"name": "bone9",
				"parent": "bone8",
				"pivot": [0, 5, 5.73769],
				"rotation": [33, 0, 0]
			},
			{
				"name": "bone10",
				"parent": "bone9",
				"pivot": [0, 5, 5.73769],
				"rotation": [0, -45, 0],
				"cubes": [
					{"origin": [-1, 5, 4.73769], "size": [2, 7, 2], "uv": [8, 75]}
				]
			},
			{
				"name": "bone11",
				"parent": "bone",
				"pivot": [0, 5, 0],
				"rotation": [0, -83.07692, 0]
			},
			{
				"name": "bone12",
				"parent": "bone11",
				"pivot": [0, 5, 5.73769],
				"rotation": [33, 0, 0]
			},
			{
				"name": "bone13",
				"parent": "bone12",
				"pivot": [0, 5, 5.73769],
				"rotation": [0, -45, 0],
				"cubes": [
					{"origin": [-1, 5, 4.73769], "size": [2, 7, 2], "uv": [71, 74]}
				]
			},
			{
				"name": "bone14",
				"parent": "bone",
				"pivot": [0, 5, 0],
				"rotation": [0, -110.76923, 0]
			},
			{
				"name": "bone15",
				"parent": "bone14",
				"pivot": [0, 5, 5.73769],
				"rotation": [33, 0, 0]
			},
			{
				"name": "bone16",
				"parent": "bone15",
				"pivot": [0, 5, 5.73769],
				"rotation": [0, -45, 0],
				"cubes": [
					{"origin": [-1, 5, 4.73769], "size": [2, 7, 2], "uv": [38, 74]}
				]
			},
			{
				"name": "bone17",
				"parent": "bone",
				"pivot": [0, 5, 0],
				"rotation": [0, -138.46154, 0]
			},
			{
				"name": "bone18",
				"parent": "bone17",
				"pivot": [0, 5, 5.73769],
				"rotation": [33, 0, 0]
			},
			{
				"name": "bone19",
				"parent": "bone18",
				"pivot": [0, 5, 5.73769],
				"rotation": [0, -45, 0],
				"cubes": [
					{"origin": [-1, 5, 4.73769], "size": [2, 7, 2], "uv": [73, 65]}
				]
			},
			{
				"name": "bone20",
				"parent": "bone",
				"pivot": [0, 5, 0],
				"rotation": [0, -166.15385, 0]
			},
			{
				"name": "bone21",
				"parent": "bone20",
				"pivot": [0, 5, 5.73769],
				"rotation": [33, 0, 0]
			},
			{
				"name": "bone22",
				"parent": "bone21",
				"pivot": [0, 5, 5.73769],
				"rotation": [0, -45, 0],
				"cubes": [
					{"origin": [-1, 5, 4.73769], "size": [2, 7, 2], "uv": [72, 36]}
				]
			},
			{
				"name": "bone23",
				"parent": "bone",
				"pivot": [0, 5, 0],
				"rotation": [0, -193.84615, 0]
			},
			{
				"name": "bone24",
				"parent": "bone23",
				"pivot": [0, 5, 5.73769],
				"rotation": [33, 0, 0]
			},
			{
				"name": "bone25",
				"parent": "bone24",
				"pivot": [0, 5, 5.73769],
				"rotation": [0, -45, 0],
				"cubes": [
					{"origin": [-1, 5, 4.73769], "size": [2, 7, 2], "uv": [72, 27]}
				]
			},
			{
				"name": "bone26",
				"parent": "bone",
				"pivot": [0, 5, 0],
				"rotation": [0, -221.53846, 0]
			},
			{
				"name": "bone27",
				"parent": "bone26",
				"pivot": [0, 5, 5.73769],
				"rotation": [33, 0, 0]
			},
			{
				"name": "bone28",
				"parent": "bone27",
				"pivot": [0, 5, 5.73769],
				"rotation": [0, -45, 0],
				"cubes": [
					{"origin": [-1, 5, 4.73769], "size": [2, 7, 2], "uv": [71, 18]}
				]
			},
			{
				"name": "bone29",
				"parent": "bone",
				"pivot": [0, 5, 0],
				"rotation": [0, -249.23077, 0]
			},
			{
				"name": "bone30",
				"parent": "bone29",
				"pivot": [0, 5, 5.73769],
				"rotation": [33, 0, 0]
			},
			{
				"name": "bone31",
				"parent": "bone30",
				"pivot": [0, 5, 5.73769],
				"rotation": [0, -45, 0],
				"cubes": [
					{"origin": [-1, 5, 4.73769], "size": [2, 7, 2], "uv": [70, 48]}
				]
			},
			{
				"name": "bone32",
				"parent": "bone",
				"pivot": [0, 5, 0],
				"rotation": [0, -276.92308, 0]
			},
			{
				"name": "bone33",
				"parent": "bone32",
				"pivot": [0, 5, 5.73769],
				"rotation": [33, 0, 0]
			},
			{
				"name": "bone34",
				"parent": "bone33",
				"pivot": [0, 5, 5.73769],
				"rotation": [0, -45, 0],
				"cubes": [
					{"origin": [-1, 5, 4.73769], "size": [2, 7, 2], "uv": [70, 9]}
				]
			},
			{
				"name": "bone35",
				"parent": "bone",
				"pivot": [0, 5, 0],
				"rotation": [0, -304.61538, 0]
			},
			{
				"name": "bone36",
				"parent": "bone35",
				"pivot": [0, 5, 5.73769],
				"rotation": [33, 0, 0]
			},
			{
				"name": "bone37",
				"parent": "bone36",
				"pivot": [0, 5, 5.73769],
				"rotation": [0, -45, 0],
				"cubes": [
					{"origin": [-1, 5, 4.73769], "size": [2, 7, 2], "uv": [0, 70]}
				]
			},
			{
				"name": "bone38",
				"parent": "bone",
				"pivot": [0, 5, 0],
				"rotation": [0, -332.30769, 0]
			},
			{
				"name": "bone39",
				"parent": "bone38",
				"pivot": [0, 5, 5.73769],
				"rotation": [33, 0, 0]
			},
			{
				"name": "bone40",
				"parent": "bone39",
				"pivot": [0, 5, 5.73769],
				"rotation": [0, -45, 0],
				"cubes": [
					{"origin": [-1, 5, 4.73769], "size": [2, 7, 2], "uv": [57, 69]}
				]
			},
			{
				"name": "bone41",
				"parent": "sittingRotationSkirt",
				"pivot": [0, 14.5, 0]
			},
			{
				"name": "bone42",
				"parent": "bone41",
				"pivot": [0, 4, 0]
			},
			{
				"name": "bone43",
				"parent": "bone42",
				"pivot": [0, 4, 5.73769],
				"rotation": [33, 0, 0]
			},
			{
				"name": "bone44",
				"parent": "bone43",
				"pivot": [0, 4, 5.73769],
				"rotation": [0, -45, 0],
				"cubes": [
					{"origin": [-1, 4, 4.73769], "size": [2, 7, 2], "uv": [49, 69]}
				]
			},
			{
				"name": "bone45",
				"parent": "bone41",
				"pivot": [0, 4, 0],
				"rotation": [0, -27.69231, 0]
			},
			{
				"name": "bone46",
				"parent": "bone45",
				"pivot": [0, 4, 5.73769],
				"rotation": [33, 0, 0]
			},
			{
				"name": "bone47",
				"parent": "bone46",
				"pivot": [0, 4, 5.73769],
				"rotation": [0, -45, 0],
				"cubes": [
					{"origin": [-1, 4, 4.73769], "size": [2, 7, 2], "uv": [30, 68]}
				]
			},
			{
				"name": "bone48",
				"parent": "bone41",
				"pivot": [0, 4, 0],
				"rotation": [0, -55.38462, 0]
			},
			{
				"name": "bone49",
				"parent": "bone48",
				"pivot": [0, 4, 5.73769],
				"rotation": [33, 0, 0]
			},
			{
				"name": "bone50",
				"parent": "bone49",
				"pivot": [0, 4, 5.73769],
				"rotation": [0, -45, 0],
				"cubes": [
					{"origin": [-1, 4, 4.73769], "size": [2, 7, 2], "uv": [22, 68]}
				]
			},
			{
				"name": "bone51",
				"parent": "bone41",
				"pivot": [0, 4, 0],
				"rotation": [0, -83.07692, 0]
			},
			{
				"name": "bone52",
				"parent": "bone51",
				"pivot": [0, 4, 5.73769],
				"rotation": [33, 0, 0]
			},
			{
				"name": "bone53",
				"parent": "bone52",
				"pivot": [0, 4, 5.73769],
				"rotation": [0, -45, 0],
				"cubes": [
					{"origin": [-1, 4, 4.73769], "size": [2, 7, 2], "uv": [14, 68]}
				]
			},
			{
				"name": "bone54",
				"parent": "bone41",
				"pivot": [0, 4, 0],
				"rotation": [0, -110.76923, 0]
			},
			{
				"name": "bone55",
				"parent": "bone54",
				"pivot": [0, 4, 5.73769],
				"rotation": [33, 0, 0]
			},
			{
				"name": "bone56",
				"parent": "bone55",
				"pivot": [0, 4, 5.73769],
				"rotation": [0, -45, 0],
				"cubes": [
					{"origin": [-1, 4, 4.73769], "size": [2, 7, 2], "uv": [68, 0]}
				]
			},
			{
				"name": "bone57",
				"parent": "bone41",
				"pivot": [0, 4, 0],
				"rotation": [0, -138.46154, 0]
			},
			{
				"name": "bone58",
				"parent": "bone57",
				"pivot": [0, 4, 5.73769],
				"rotation": [33, 0, 0]
			},
			{
				"name": "bone59",
				"parent": "bone58",
				"pivot": [0, 4, 5.73769],
				"rotation": [0, -45, 0],
				"cubes": [
					{"origin": [-1, 4, 4.73769], "size": [2, 7, 2], "uv": [65, 67]}
				]
			},
			{
				"name": "bone60",
				"parent": "bone41",
				"pivot": [0, 4, 0],
				"rotation": [0, -166.15385, 0]
			},
			{
				"name": "bone61",
				"parent": "bone60",
				"pivot": [0, 4, 5.73769],
				"rotation": [33, 0, 0]
			},
			{
				"name": "bone62",
				"parent": "bone61",
				"pivot": [0, 4, 5.73769],
				"rotation": [0, -45, 0],
				"cubes": [
					{"origin": [-1, 4, 4.73769], "size": [2, 7, 2], "uv": [67, 58]}
				]
			},
			{
				"name": "bone63",
				"parent": "bone41",
				"pivot": [0, 4, 0],
				"rotation": [0, -193.84615, 0]
			},
			{
				"name": "bone64",
				"parent": "bone63",
				"pivot": [0, 4, 5.73769],
				"rotation": [33, 0, 0]
			},
			{
				"name": "bone65",
				"parent": "bone64",
				"pivot": [0, 4, 5.73769],
				"rotation": [0, -45, 0],
				"cubes": [
					{"origin": [-1, 4, 4.73769], "size": [2, 7, 2], "uv": [41, 65]}
				]
			},
			{
				"name": "bone66",
				"parent": "bone41",
				"pivot": [0, 4, 0],
				"rotation": [0, -221.53846, 0]
			},
			{
				"name": "bone67",
				"parent": "bone66",
				"pivot": [0, 4, 5.73769],
				"rotation": [33, 0, 0]
			},
			{
				"name": "bone68",
				"parent": "bone67",
				"pivot": [0, 4, 5.73769],
				"rotation": [0, -45, 0],
				"cubes": [
					{"origin": [-1, 4, 4.73769], "size": [2, 7, 2], "uv": [64, 41]}
				]
			},
			{
				"name": "bone69",
				"parent": "bone41",
				"pivot": [0, 4, 0],
				"rotation": [0, -249.23077, 0]
			},
			{
				"name": "bone70",
				"parent": "bone69",
				"pivot": [0, 4, 5.73769],
				"rotation": [33, 0, 0]
			},
			{
				"name": "bone71",
				"parent": "bone70",
				"pivot": [0, 4, 5.73769],
				"rotation": [0, -45, 0],
				"cubes": [
					{"origin": [-1, 4, 4.73769], "size": [2, 7, 2], "uv": [64, 32]}
				]
			},
			{
				"name": "bone72",
				"parent": "bone41",
				"pivot": [0, 4, 0],
				"rotation": [0, -276.92308, 0]
			},
			{
				"name": "bone73",
				"parent": "bone72",
				"pivot": [0, 4, 5.73769],
				"rotation": [33, 0, 0]
			},
			{
				"name": "bone74",
				"parent": "bone73",
				"pivot": [0, 4, 5.73769],
				"rotation": [0, -45, 0],
				"cubes": [
					{"origin": [-1, 4, 4.73769], "size": [2, 7, 2], "uv": [63, 19]}
				]
			},
			{
				"name": "bone75",
				"parent": "bone41",
				"pivot": [0, 4, 0],
				"rotation": [0, -304.61538, 0]
			},
			{
				"name": "bone76",
				"parent": "bone75",
				"pivot": [0, 4, 5.73769],
				"rotation": [33, 0, 0]
			},
			{
				"name": "bone77",
				"parent": "bone76",
				"pivot": [0, 4, 5.73769],
				"rotation": [0, -45, 0],
				"cubes": [
					{"origin": [-1, 4, 4.73769], "size": [2, 7, 2], "uv": [59, 60]}
				]
			},
			{
				"name": "bone78",
				"parent": "bone41",
				"pivot": [0, 4, 0],
				"rotation": [0, -332.30769, 0]
			},
			{
				"name": "bone79",
				"parent": "bone78",
				"pivot": [0, 4, 5.73769],
				"rotation": [33, 0, 0]
			},
			{
				"name": "bone80",
				"parent": "bone79",
				"pivot": [0, 4, 5.73769],
				"rotation": [0, -45, 0],
				"cubes": [
					{"origin": [-1, 4, 4.73769], "size": [2, 7, 2], "uv": [51, 60]}
				]
			},
			{
				"name": "chestPlate",
				"parent": "body",
				"pivot": [0, 10.5, 0]
			},
			{
				"name": "bone86",
				"parent": "chestPlate",
				"pivot": [3, 17.5, -2],
				"cubes": [
					{"origin": [-6, 3.999, -6], "size": [12, 14, 12], "uv": [0, 0]}
				]
			},
			{
				"name": "bone87",
				"parent": "bone86",
				"pivot": [3, 17.5, -2],
				"rotation": [0, 0, -25],
				"cubes": [
					{"origin": [2, 14.5, -1.5], "size": [4, 4, 3], "uv": [54, 53]}
				]
			},
			{
				"name": "bone88",
				"parent": "bone86",
				"pivot": [-3, 17.5, -2],
				"rotation": [0, 0, 25],
				"cubes": [
					{"origin": [-6, 14.5, -1.5], "size": [4, 4, 3], "uv": [48, 19]}
				]
			},
			{
				"name": "hu",
				"parent": "body",
				"pivot": [0, 10.5, 0]
			},
			{
				"name": "bone89",
				"parent": "hu",
				"pivot": [0, 10.5, 0],
				"cubes": [
					{"origin": [-0.5, 16.5, -4], "size": [1, 1, 1], "uv": [66, 16]}
				]
			},
			{
				"name": "bone90",
				"parent": "hu",
				"pivot": [0, 10.5, 0],
				"rotation": [0, -17.5, 15],
				"cubes": [
					{"origin": [-6, 16.3, -3], "size": [3, 1, 1], "uv": [44, 10]}
				]
			},
			{
				"name": "bone91",
				"parent": "hu",
				"pivot": [0, 10.5, 0],
				"rotation": [0, 17.5, -15],
				"cubes": [
					{"origin": [3, 16.3, -3], "size": [3, 1, 1], "uv": [36, 10]}
				]
			},
			{
				"name": "bone92",
				"parent": "hu",
				"pivot": [0, 10.5, 0],
				"rotation": [0, -20, 15],
				"cubes": [
					{"origin": [-4, 12.5, -3], "size": [1, 4, 1], "uv": [16, 60]}
				]
			},
			{
				"name": "bone93",
				"parent": "hu",
				"pivot": [0, 10.5, 0],
				"rotation": [0, 20, -15],
				"cubes": [
					{"origin": [3, 12.5, -3], "size": [1, 4, 1], "uv": [60, 0]}
				]
			},
			{
				"name": "sinFloat",
				"parent": "body",
				"pivot": [0, 10.5, 0]
			},
			{
				"name": "bone99",
				"parent": "sinFloat",
				"pivot": [0, 10.5, 0],
				"cubes": [
					{"origin": [9, 7.5, -8], "size": [1, 17, 1], "uv": [50, 42]}
				]
			},
			{
				"name": "bone100",
				"parent": "sinFloat",
				"pivot": [0, 27.5, 0],
				"cubes": [
					{"origin": [9, 22.5, -8], "size": [1, 3, 1], "uv": [66, 28], "inflate": 0.1258}
				]
			},
			{
				"name": "bone106",
				"parent": "sinFloat",
				"pivot": [0, 12.5, 0],
				"cubes": [
					{"origin": [9, 7.5, -8], "size": [1, 2, 1], "uv": [7, 0], "inflate": 0.1258}
				]
			},
			{
				"name": "bone101",
				"parent": "sinFloat",
				"pivot": [0, 28.5, 0],
				"cubes": [
					{"origin": [9, 25.5, -8], "size": [1, 1, 1], "uv": [47, 65], "inflate": 0.1658}
				]
			},
			{
				"name": "bone102",
				"parent": "sinFloat",
				"pivot": [0, 30.5, 0],
				"cubes": [
					{"origin": [9, 26.8, -8], "size": [1, 1, 1], "uv": [16, 65], "inflate": 0.2}
				]
			},
			{
				"name": "bone103",
				"parent": "sinFloat",
				"pivot": [0, 31.5, 0],
				"cubes": [
					{"origin": [9, 27.8, -8], "size": [1, 1, 1], "uv": [63, 6], "inflate": 0.15}
				]
			},
			{
				"name": "bone104",
				"parent": "sinFloat",
				"pivot": [0, 32.5, 0],
				"cubes": [
					{"origin": [9, 28.8, -8], "size": [1, 1, 1], "uv": [62, 16], "inflate": 0.1}
				]
			},
			{
				"name": "bone105",
				"parent": "sinFloat",
				"pivot": [0, 33.5, 0],
				"cubes": [
					{"origin": [9, 29.8, -8], "size": [1, 1, 1], "uv": [57, 60], "inflate": -0.1}
				]
			},
			{
				"name": "bone107",
				"parent": "sinFloat",
				"pivot": [0, 10.5, 0],
				"cubes": [
					{"origin": [9, 6.8, -8], "size": [1, 1, 1], "uv": [6, 60], "inflate": -0.1}
				]
			},
			{
				"name": "legLeft",
				"pivot": [2, 9, 0],
				"cubes": [
					{"origin": [0.499, 0.1, -1.5], "size": [2.75, 8.9, 3], "uv": [31, 57]},
					{"origin": [0.499, 0.1, -1.5], "size": [2.75, 8.9, 3], "uv": [54, 42], "inflate": 0.1},
					{"origin": [0.499, 0.1, -1.5], "size": [2.75, 5.5, 3], "uv": [41, 57], "inflate": 0.156}
				]
			},
			{
				"name": "legRight",
				"pivot": [-2, 9, 0],
				"cubes": [
					{"origin": [-3.249, 0.2, -1.5], "size": [2.75, 8.8, 3], "uv": [21, 57]},
					{"origin": [-3.249, 0.2, -1.5], "size": [2.75, 8.8, 3], "uv": [0, 0], "inflate": 0.1},
					{"origin": [-3.249, 0.2, -1.5], "size": [2.75, 5.4, 3], "uv": [56, 26], "inflate": 0.156}
				]
			},
			{
				"name": "tail",
				"pivot": [0, 8, 4],
				"rotation": [20, 0, 0]
			},
			{
				"name": "bone85",
				"parent": "tail",
				"pivot": [0, 8, 4],
				"cubes": [
					{"origin": [0, 8, 2], "size": [1, 1, 8], "uv": [48, 10]}
				]
			}
		]
	}
}