{
	"format_version": "1.10.0",
	"geometry.model": {
		"texturewidth": 64,
		"textureheight": 64,
		"visible_bounds_width": 3,
		"visible_bounds_height": 4,
		"visible_bounds_offset": [0, 1, 0],
		"bones": [
			{
				"name": "head",
				"pivot": [0, 18, 0],
				"cubes": [
					{"origin": [-4, 18, -4], "size": [8, 8, 8], "uv": [0, 0]}
				]
			},
			{
				"name": "ahoge",
				"parent": "head",
				"pivot": [0, 26, 0],
				"cubes": [
					{"origin": [-3, 26, 0], "size": [6, 6, 0], "uv": [18, 16]}
				]
			},
			{
				"name": "blink",
				"parent": "head",
				"pivot": [0, 18, 0],
				"cubes": [
					{"origin": [-4, 18, -4.001], "size": [8, 8, 0], "uv": [24, 0]}
				]
			},
			{
				"name": "bz",
				"parent": "head",
				"pivot": [-1, 19, -1],
				"rotation": [0, 0, 10]
			},
			{
				"name": "bone43",
				"parent": "bz",
				"pivot": [-1, 19, -1],
				"cubes": [
					{"origin": [-6, 24, -3], "size": [1, 1, 1], "uv": [14, 36]}
				]
			},
			{
				"name": "bone44",
				"parent": "bz",
				"pivot": [-1, 19, -1],
				"cubes": [
					{"origin": [-7, 20, -3], "size": [1, 4, 1], "uv": [0, 31]}
				]
			},
			{
				"name": "bz2",
				"parent": "head",
				"pivot": [1, 19, -1],
				"rotation": [0, 0, -10]
			},
			{
				"name": "bone45",
				"parent": "bz2",
				"pivot": [1, 19, -1],
				"cubes": [
					{"origin": [5, 24, -3], "size": [1, 1, 1], "uv": [33, 29]}
				]
			},
			{
				"name": "bone46",
				"parent": "bz2",
				"pivot": [1, 19, -1],
				"cubes": [
					{"origin": [6, 20, -3], "size": [1, 4, 1], "uv": [0, 16]}
				]
			},
			{
				"name": "bone47",
				"parent": "head",
				"pivot": [0, 18, 0],
				"rotation": [10, 0, 0],
				"cubes": [
					{"origin": [-4, 12, 4], "size": [8, 6, 0], "uv": [32, 38]}
				]
			},
			{
				"name": "earLeftShake",
				"parent": "head",
				"pivot": [0, 18, 0]
			},
			{
				"name": "bone75",
				"parent": "earLeftShake",
				"pivot": [-1, 18, 0],
				"rotation": [0, 0, 10],
				"cubes": [
					{"origin": [0, 26, -3], "size": [1, 3, 1], "uv": [54, 35]}
				]
			},
			{
				"name": "bone76",
				"parent": "earLeftShake",
				"pivot": [0, 18, 0],
				"rotation": [0, 0, -5],
				"cubes": [
					{"origin": [3, 25, -3], "size": [1, 3.2, 1], "uv": [54, 31]}
				]
			},
			{
				"name": "earRightShake",
				"parent": "head",
				"pivot": [0, 18, 0]
			},
			{
				"name": "bone48",
				"parent": "earRightShake",
				"pivot": [1, 18, 0],
				"rotation": [0, 0, -10],
				"cubes": [
					{"origin": [-1, 26, -3], "size": [1, 3, 1], "uv": [54, 27]}
				]
			},
			{
				"name": "bone49",
				"parent": "earRightShake",
				"pivot": [0, 18, 0],
				"rotation": [0, 0, 5],
				"cubes": [
					{"origin": [-4, 25, -3], "size": [1, 3.2, 1], "uv": [54, 2]}
				]
			},
			{
				"name": "armRight",
				"pivot": [-3, 17.5, 0],
				"rotation": [0, 0, 25],
				"cubes": [
					{"origin": [-5, 8.5, -1], "size": [2, 8, 2], "uv": [46, 27]},
					{"origin": [-5.5, 13.5, -1.5], "size": [3, 4, 3], "uv": [31, 44]}
				]
			},
			{
				"name": "bone42",
				"parent": "armRight",
				"pivot": [-3, 17.5, 0],
				"cubes": [
					{"origin": [-5, 9.5, -1], "size": [2, 2, 2], "uv": [32, 11], "inflate": 0.1}
				]
			},
			{
				"name": "armLeft",
				"pivot": [3, 17.5, 0],
				"rotation": [0, 0, -25],
				"cubes": [
					{"origin": [2.5, 13.5, -1.5], "size": [3, 4, 3], "uv": [42, 0]},
					{"origin": [3, 8.5, -1], "size": [2, 8, 2], "uv": [43, 44]}
				]
			},
			{
				"name": "bone41",
				"parent": "armLeft",
				"pivot": [3, 17.5, 0],
				"cubes": [
					{"origin": [3, 9.5, -1], "size": [2, 1, 2], "uv": [15, 31], "inflate": 0.1}
				]
			},
			{
				"name": "body",
				"pivot": [0, 10.5, 0],
				"cubes": [
					{"origin": [-3, 8.999, -3], "size": [6, 9, 6], "uv": [0, 16]},
					{"origin": [-3, 8.999, -3], "size": [6, 7, 6], "uv": [24, 16], "inflate": 0.1}
				]
			},
			{
				"name": "sittingRotationSkirt",
				"parent": "body",
				"pivot": [0, 10.5, 0]
			},
			{
				"name": "bone",
				"parent": "sittingRotationSkirt",
				"pivot": [0, 16.5, 0]
			},
			{
				"name": "bone2",
				"parent": "bone",
				"pivot": [0, 6, 0]
			},
			{
				"name": "bone3",
				"parent": "bone2",
				"pivot": [0, 6, 5.27792],
				"rotation": [37, 0, 0]
			},
			{
				"name": "bone4",
				"parent": "bone3",
				"pivot": [0, 6, 5.27792],
				"rotation": [0, -45, 0],
				"cubes": [
					{"origin": [-1, 6, 4.27792], "size": [2, 5, 2], "uv": [0, 52]}
				]
			},
			{
				"name": "bone5",
				"parent": "bone",
				"pivot": [0, 6, 0],
				"rotation": [0, -30, 0]
			},
			{
				"name": "bone6",
				"parent": "bone5",
				"pivot": [0, 6, 5.27792],
				"rotation": [37, 0, 0]
			},
			{
				"name": "bone7",
				"parent": "bone6",
				"pivot": [0, 6, 5.27792],
				"rotation": [0, -45, 0],
				"cubes": [
					{"origin": [-1, 6, 4.27792], "size": [2, 5, 2], "uv": [51, 51]}
				]
			},
			{
				"name": "bone8",
				"parent": "bone",
				"pivot": [0, 6, 0],
				"rotation": [0, -60, 0]
			},
			{
				"name": "bone9",
				"parent": "bone8",
				"pivot": [0, 6, 5.27792],
				"rotation": [37, 0, 0]
			},
			{
				"name": "bone10",
				"parent": "bone9",
				"pivot": [0, 6, 5.27792],
				"rotation": [0, -45, 0],
				"cubes": [
					{"origin": [-1, 6, 4.27792], "size": [2, 5, 2], "uv": [51, 44]}
				]
			},
			{
				"name": "bone11",
				"parent": "bone",
				"pivot": [0, 6, 0],
				"rotation": [0, -90, 0]
			},
			{
				"name": "bone12",
				"parent": "bone11",
				"pivot": [0, 6, 5.27792],
				"rotation": [37, 0, 0]
			},
			{
				"name": "bone13",
				"parent": "bone12",
				"pivot": [0, 6, 5.27792],
				"rotation": [0, -45, 0],
				"cubes": [
					{"origin": [-1, 6, 4.27792], "size": [2, 5, 2], "uv": [34, 51]}
				]
			},
			{
				"name": "bone14",
				"parent": "bone",
				"pivot": [0, 6, 0],
				"rotation": [0, -120, 0]
			},
			{
				"name": "bone15",
				"parent": "bone14",
				"pivot": [0, 6, 5.27792],
				"rotation": [37, 0, 0]
			},
			{
				"name": "bone16",
				"parent": "bone15",
				"pivot": [0, 6, 5.27792],
				"rotation": [0, -45, 0],
				"cubes": [
					{"origin": [-1, 6, 4.27792], "size": [2, 5, 2], "uv": [26, 51]}
				]
			},
			{
				"name": "bone17",
				"parent": "bone",
				"pivot": [0, 6, 0],
				"rotation": [0, -150, 0]
			},
			{
				"name": "bone18",
				"parent": "bone17",
				"pivot": [0, 6, 5.27792],
				"rotation": [37, 0, 0]
			},
			{
				"name": "bone19",
				"parent": "bone18",
				"pivot": [0, 6, 5.27792],
				"rotation": [0, -45, 0],
				"cubes": [
					{"origin": [-1, 6, 4.27792], "size": [2, 5, 2], "uv": [50, 20]}
				]
			},
			{
				"name": "bone20",
				"parent": "bone",
				"pivot": [0, 6, 0],
				"rotation": [0, -180, 0]
			},
			{
				"name": "bone21",
				"parent": "bone20",
				"pivot": [0, 6, 5.27792],
				"rotation": [37, 0, 0]
			},
			{
				"name": "bone22",
				"parent": "bone21",
				"pivot": [0, 6, 5.27792],
				"rotation": [0, -45, 0]
			},
			{
				"name": "bone23",
				"parent": "bone",
				"pivot": [0, 6, 0],
				"rotation": [0, -210, 0]
			},
			{
				"name": "bone24",
				"parent": "bone23",
				"pivot": [0, 6, 5.27792],
				"rotation": [37, 0, 0]
			},
			{
				"name": "bone25",
				"parent": "bone24",
				"pivot": [0, 6, 5.27792],
				"rotation": [0, -45, 0],
				"cubes": [
					{"origin": [-1, 6, 4.27792], "size": [2, 5, 2], "uv": [18, 50]}
				]
			},
			{
				"name": "bone26",
				"parent": "bone",
				"pivot": [0, 6, 0],
				"rotation": [0, -240, 0]
			},
			{
				"name": "bone27",
				"parent": "bone26",
				"pivot": [0, 6, 5.27792],
				"rotation": [37, 0, 0]
			},
			{
				"name": "bone28",
				"parent": "bone27",
				"pivot": [0, 6, 5.27792],
				"rotation": [0, -45, 0],
				"cubes": [
					{"origin": [-1, 6, 4.27792], "size": [2, 5, 2], "uv": [10, 49]}
				]
			},
			{
				"name": "bone29",
				"parent": "bone",
				"pivot": [0, 6, 0],
				"rotation": [0, -270, 0]
			},
			{
				"name": "bone30",
				"parent": "bone29",
				"pivot": [0, 6, 5.27792],
				"rotation": [37, 0, 0]
			},
			{
				"name": "bone31",
				"parent": "bone30",
				"pivot": [0, 6, 5.27792],
				"rotation": [0, -45, 0],
				"cubes": [
					{"origin": [-1, 6, 4.27792], "size": [2, 5, 2], "uv": [49, 7]}
				]
			},
			{
				"name": "bone32",
				"parent": "bone",
				"pivot": [0, 6, 0],
				"rotation": [0, -300, 0]
			},
			{
				"name": "bone33",
				"parent": "bone32",
				"pivot": [0, 6, 5.27792],
				"rotation": [37, 0, 0]
			},
			{
				"name": "bone34",
				"parent": "bone33",
				"pivot": [0, 6, 5.27792],
				"rotation": [0, -45, 0],
				"cubes": [
					{"origin": [-1, 6, 4.27792], "size": [2, 5, 2], "uv": [48, 37]}
				]
			},
			{
				"name": "bone35",
				"parent": "bone",
				"pivot": [0, 6, 0],
				"rotation": [0, -330, 0]
			},
			{
				"name": "bone36",
				"parent": "bone35",
				"pivot": [0, 6, 5.27792],
				"rotation": [37, 0, 0]
			},
			{
				"name": "bone37",
				"parent": "bone36",
				"pivot": [0, 6, 5.27792],
				"rotation": [0, -45, 0],
				"cubes": [
					{"origin": [-1, 6, 4.27792], "size": [2, 5, 2], "uv": [0, 0]}
				]
			},
			{
				"name": "bone38",
				"parent": "body",
				"pivot": [0, 10.5, 0],
				"rotation": [0, 0, 5],
				"cubes": [
					{"origin": [-3.256, 15.5, -3], "size": [1, 3, 6], "uv": [34, 2], "inflate": 0.1}
				]
			},
			{
				"name": "bone39",
				"parent": "body",
				"pivot": [0, 10.5, 0],
				"rotation": [0, 0, -5],
				"cubes": [
					{"origin": [2, 15.5, -3], "size": [1, 3, 6], "uv": [32, 29], "inflate": 0.1}
				]
			},
			{
				"name": "bone40",
				"parent": "body",
				"pivot": [2, 11.5, 0],
				"rotation": [0, 0, -45],
				"cubes": [
					{"origin": [2.451, 14.871, -3], "size": [2, 2, 1], "uv": [40, 29], "inflate": 0.04}
				]
			},
			{
				"name": "deco3",
				"parent": "body",
				"pivot": [0, 26.25, -4.05],
				"rotation": [-6, 0, 0]
			},
			{
				"name": "bone174",
				"parent": "deco3",
				"pivot": [0, 13.75, 1.95]
			},
			{
				"name": "bone175",
				"parent": "bone174",
				"pivot": [0, 26.25, -4.55],
				"rotation": [0, 0, 5],
				"cubes": [
					{"origin": [-2.04574, 14.89981, -2.90566], "size": [3, 1, 1], "uv": [52, 18]}
				]
			},
			{
				"name": "bone176",
				"parent": "bone174",
				"pivot": [0, 26.25, -4.55],
				"rotation": [0, 0, -15],
				"cubes": [
					{"origin": [-5.80436, 15.28399, -2.90566], "size": [3, 1, 1], "uv": [52, 16]}
				]
			},
			{
				"name": "bone177",
				"parent": "deco3",
				"pivot": [0, 13.75, 1.95]
			},
			{
				"name": "bone178",
				"parent": "bone177",
				"pivot": [0, 26.25, -4.55],
				"rotation": [0, 0, -5],
				"cubes": [
					{"origin": [-0.95426, 14.89981, -2.90566], "size": [3, 1, 1], "uv": [52, 14]}
				]
			},
			{
				"name": "bone179",
				"parent": "bone177",
				"pivot": [0, 26.25, -4.55],
				"rotation": [0, 0, 15],
				"cubes": [
					{"origin": [2.80436, 15.28399, -2.90566], "size": [3, 1, 1], "uv": [51, 0]}
				]
			},
			{
				"name": "bone180",
				"parent": "deco3",
				"pivot": [0, 13.75, 1.95],
				"cubes": [
					{"origin": [-0.5, 14.91479, -2.90566], "size": [1, 1, 1], "uv": [38, 11], "inflate": 0.1}
				]
			},
			{
				"name": "bone181",
				"parent": "deco3",
				"pivot": [-0.5, 26.21527, -4.24696],
				"rotation": [0, 0, 20],
				"cubes": [
					{"origin": [2.70586, 13.03351, -2.10262], "size": [1, 3, 0], "uv": [4, 19]}
				]
			},
			{
				"name": "bone182",
				"parent": "deco3",
				"pivot": [0.5, 26.21527, -4.24696],
				"rotation": [0, 0, -20],
				"cubes": [
					{"origin": [-3.70586, 13.03351, -2.10262], "size": [1, 3, 0], "uv": [4, 16]}
				]
			},
			{
				"name": "bone50",
				"parent": "body",
				"pivot": [0, 10.5, 0],
				"rotation": [0, 0, 27.5],
				"cubes": [
					{"origin": [-4, 6.5, -3], "size": [1, 4, 6], "uv": [0, 31]}
				]
			},
			{
				"name": "bone51",
				"parent": "body",
				"pivot": [0, 10.5, 0],
				"rotation": [0, 0, -27.5],
				"cubes": [
					{"origin": [3, 6.5, -3], "size": [1, 4, 6], "uv": [18, 29]}
				]
			},
			{
				"name": "legLeft",
				"pivot": [2, 9, 0],
				"cubes": [
					{"origin": [0.499, 0.1, -1.5], "size": [2.75, 8.8, 3], "uv": [42, 11]},
					{"origin": [0.499, 0.1, -1.5], "size": [2.75, 8.8, 3], "uv": [21, 39], "inflate": 0.1},
					{"origin": [0.499, 0.1, -1.5], "size": [2.75, 2, 3], "uv": [8, 31], "inflate": 0.2}
				]
			},
			{
				"name": "legRight",
				"pivot": [-2, 9, 0],
				"cubes": [
					{"origin": [-3.249, 0.2, -1.5], "size": [2.75, 8.8, 3], "uv": [0, 41]},
					{"origin": [-3.249, 0.2, -1.5], "size": [2.75, 8.8, 3], "uv": [11, 38], "inflate": 0.1},
					{"origin": [-3.249, 0.2, -1.5], "size": [2.75, 2, 3], "uv": [26, 29], "inflate": 0.2}
				]
			}
		]
	}
}