{
	"format_version": "1.10.0",
	"geometry.model": {
		"texturewidth": 128,
		"textureheight": 128,
		"visible_bounds_width": 3,
		"visible_bounds_height": 4,
		"visible_bounds_offset": [0, 1, 0],
		"bones": [
			{
				"name": "head",
				"pivot": [0, 18, 0],
				"cubes": [
					{"origin": [-4, 18, -4], "size": [8, 8, 8], "uv": [0, 0]}
				]
			},
			{
				"name": "blink",
				"parent": "head",
				"pivot": [0, 18, 0],
				"cubes": [
					{"origin": [-4, 18, -4.001], "size": [8, 8, 0], "uv": [24, 0]}
				]
			},
			{
				"name": "hair",
				"parent": "head",
				"pivot": [0, 18, 0]
			},
			{
				"name": "bone130",
				"parent": "hair",
				"pivot": [0, 18, 0],
				"rotation": [0, 0, -20],
				"cubes": [
					{"origin": [-2, 26, -3], "size": [2, 2, 2], "uv": [0, 74]}
				]
			},
			{
				"name": "bone131",
				"parent": "hair",
				"pivot": [0, 18, 0],
				"rotation": [0, 0, 20],
				"cubes": [
					{"origin": [0, 26, -3], "size": [2, 2, 2], "uv": [72, 53]}
				]
			},
			{
				"name": "bz",
				"parent": "head",
				"pivot": [-1, 17, 0],
				"rotation": [0, 0, 10]
			},
			{
				"name": "bone175",
				"parent": "bz",
				"pivot": [-1, 17, 0],
				"cubes": [
					{"origin": [-6, 23, -2.5], "size": [1, 1, 1], "uv": [46, 36]}
				]
			},
			{
				"name": "bone176",
				"parent": "bz",
				"pivot": [-1, 18, 1],
				"rotation": [15, 0, 0],
				"cubes": [
					{"origin": [-6, 23.5, -0.5], "size": [0, 1, 2.5], "uv": [4, 4]}
				]
			},
			{
				"name": "bone177",
				"parent": "bz",
				"pivot": [-1, 18, -1],
				"rotation": [-15, 0, 0],
				"cubes": [
					{"origin": [-6, 22.5, -5.5], "size": [0, 1, 2.5], "uv": [4, 3]}
				]
			},
			{
				"name": "bone178",
				"parent": "bz",
				"pivot": [-1, 17, 0],
				"rotation": [27.5, 0, 0],
				"cubes": [
					{"origin": [-6, 19.5, 1], "size": [0, 4, 1], "uv": [2, 30]}
				]
			},
			{
				"name": "bone179",
				"parent": "bz",
				"pivot": [-1, 17, -4],
				"rotation": [-27.5, 0, 0],
				"cubes": [
					{"origin": [-6, 19.5, -6], "size": [0, 4, 1], "uv": [0, 30]}
				]
			},
			{
				"name": "bz2",
				"parent": "head",
				"pivot": [1, 17, 0],
				"rotation": [0, 0, -10]
			},
			{
				"name": "bone180",
				"parent": "bz2",
				"pivot": [1, 17, 0],
				"cubes": [
					{"origin": [5, 23, -2.5], "size": [1, 1, 1], "uv": [27, 44]}
				]
			},
			{
				"name": "bone181",
				"parent": "bz2",
				"pivot": [1, 18, 1],
				"rotation": [15, 0, 0],
				"cubes": [
					{"origin": [6, 23.5, -0.5], "size": [0, 1, 2.5], "uv": [0, 4]}
				]
			},
			{
				"name": "bone182",
				"parent": "bz2",
				"pivot": [1, 18, -1],
				"rotation": [-15, 0, 0],
				"cubes": [
					{"origin": [6, 22.5, -5.5], "size": [0, 1, 2.5], "uv": [0, 3]}
				]
			},
			{
				"name": "bone183",
				"parent": "bz2",
				"pivot": [1, 17, 0],
				"rotation": [27.5, 0, 0],
				"cubes": [
					{"origin": [6, 19.5, 1], "size": [0, 4, 1], "uv": [28, 15]}
				]
			},
			{
				"name": "bone184",
				"parent": "bz2",
				"pivot": [1, 17, -4],
				"rotation": [-27.5, 0, 0],
				"cubes": [
					{"origin": [6, 19.5, -6], "size": [0, 4, 1], "uv": [4, 15]}
				]
			},
			{
				"name": "hair2",
				"parent": "head",
				"pivot": [0, 18, 0]
			},
			{
				"name": "bone185",
				"parent": "hair2",
				"pivot": [0, 18, 0],
				"rotation": [5, 0, 0],
				"cubes": [
					{"origin": [-4, 13, 3], "size": [1, 5, 1], "uv": [26, 29]}
				]
			},
			{
				"name": "bone186",
				"parent": "hair2",
				"pivot": [0, 18, 0],
				"rotation": [5, 0, 0],
				"cubes": [
					{"origin": [3, 13, 3], "size": [1, 5, 1], "uv": [0, 16]}
				]
			},
			{
				"name": "bone187",
				"parent": "hair2",
				"pivot": [0, 18, 0],
				"rotation": [5.56, 0, 0],
				"cubes": [
					{"origin": [-3, 12, 3], "size": [1, 6, 1], "uv": [74, 10]}
				]
			},
			{
				"name": "bone188",
				"parent": "hair2",
				"pivot": [0, 18, 0],
				"rotation": [5.56, 0, 0],
				"cubes": [
					{"origin": [2, 12, 3], "size": [1, 6, 1], "uv": [58, 18]}
				]
			},
			{
				"name": "bone189",
				"parent": "hair2",
				"pivot": [0, 18, 0],
				"rotation": [6.32, 0, 0],
				"cubes": [
					{"origin": [-2, 11, 3], "size": [1, 7, 1], "uv": [16, 72]}
				]
			},
			{
				"name": "bone190",
				"parent": "hair2",
				"pivot": [0, 18, 0],
				"rotation": [6.32, 0, 0],
				"cubes": [
					{"origin": [1, 11, 3], "size": [1, 7, 1], "uv": [42, 29]}
				]
			},
			{
				"name": "bone191",
				"parent": "hair2",
				"pivot": [0, 18, 0],
				"rotation": [7, 0, 0],
				"cubes": [
					{"origin": [-1, 10, 3], "size": [2, 8, 1], "uv": [38, 70]}
				]
			},
			{
				"name": "hair3",
				"parent": "head",
				"pivot": [1, 20, 0]
			},
			{
				"name": "bone192",
				"parent": "hair3",
				"pivot": [1, 20, 0],
				"cubes": [
					{"origin": [-5, 18, -3], "size": [1, 1, 1], "uv": [33, 40]},
					{"origin": [-4.9, 17, -3], "size": [1, 1, 1], "uv": [44, 10]},
					{"origin": [-4.8, 16, -3], "size": [1, 1, 1], "uv": [7, 39]},
					{"origin": [-4.7, 15, -3], "size": [1, 1, 1], "uv": [18, 37]},
					{"origin": [-4.6, 14, -3], "size": [1, 1, 1], "uv": [0, 35]},
					{"origin": [-4.5, 13, -3], "size": [1, 1, 1], "uv": [18, 33]},
					{"origin": [-4.4, 12, -3], "size": [1, 1, 1], "uv": [19, 31]}
				]
			},
			{
				"name": "hu2",
				"parent": "hair3",
				"pivot": [1, 20, 0]
			},
			{
				"name": "bone193",
				"parent": "hu2",
				"pivot": [1, 20, 0],
				"rotation": [0, 0, -37.5],
				"cubes": [
					{"origin": [-8, 17, -4], "size": [1, 1, 1], "uv": [15, 31]}
				]
			},
			{
				"name": "bone194",
				"parent": "hu2",
				"pivot": [-1, 20, 0],
				"rotation": [0, 0, 37.5],
				"cubes": [
					{"origin": [1, 12.5, -4], "size": [1, 1, 1], "uv": [30, 29]}
				]
			},
			{
				"name": "armRight",
				"pivot": [-3, 17.5, 0],
				"rotation": [0, 0, 25],
				"cubes": [
					{"origin": [-5, 9.5, -1], "size": [2, 8, 2], "uv": [31, 42]},
					{"origin": [-5.5, 10.5, -1.5], "size": [3, 4, 3], "uv": [21, 37]}
				]
			},
			{
				"name": "zsp",
				"parent": "armRight",
				"pivot": [-3, 17.5, 0]
			},
			{
				"name": "bone132",
				"parent": "zsp",
				"pivot": [-7, 30.5, 0]
			},
			{
				"name": "bone133",
				"parent": "bone132",
				"pivot": [-4, 13, 0]
			},
			{
				"name": "bone134",
				"parent": "bone133",
				"pivot": [-4, 13, 1.9465],
				"rotation": [40.2, 0, 0]
			},
			{
				"name": "bone135",
				"parent": "bone134",
				"pivot": [-4, 13, 1.9465],
				"rotation": [0, -45, 0],
				"cubes": [
					{"origin": [-5, 13, 0.9465], "size": [2, 3, 2], "uv": [73, 66]}
				]
			},
			{
				"name": "bone136",
				"parent": "bone132",
				"pivot": [-4, 13, 0],
				"rotation": [0, -72, 0]
			},
			{
				"name": "bone137",
				"parent": "bone136",
				"pivot": [-4, 13, 1.9465],
				"rotation": [40.2, 0, 0]
			},
			{
				"name": "bone138",
				"parent": "bone137",
				"pivot": [-4, 13, 1.9465],
				"rotation": [0, -45, 0],
				"cubes": [
					{"origin": [-5, 13, 0.9465], "size": [2, 3, 2], "uv": [63, 73]}
				]
			},
			{
				"name": "bone139",
				"parent": "bone132",
				"pivot": [-4, 13, 0],
				"rotation": [0, -144, 0]
			},
			{
				"name": "bone140",
				"parent": "bone139",
				"pivot": [-4, 13, 1.9465],
				"rotation": [40.2, 0, 0]
			},
			{
				"name": "bone141",
				"parent": "bone140",
				"pivot": [-4, 13, 1.9465],
				"rotation": [0, -45, 0],
				"cubes": [
					{"origin": [-5, 13, 0.9465], "size": [2, 3, 2], "uv": [73, 5]}
				]
			},
			{
				"name": "bone142",
				"parent": "bone132",
				"pivot": [-4, 13, 0],
				"rotation": [0, -216, 0]
			},
			{
				"name": "bone143",
				"parent": "bone142",
				"pivot": [-4, 13, 1.9465],
				"rotation": [40.2, 0, 0]
			},
			{
				"name": "bone144",
				"parent": "bone143",
				"pivot": [-4, 13, 1.9465],
				"rotation": [0, -45, 0],
				"cubes": [
					{"origin": [-5, 13, 0.9465], "size": [2, 3, 2], "uv": [73, 0]}
				]
			},
			{
				"name": "bone145",
				"parent": "bone132",
				"pivot": [-4, 13, 0],
				"rotation": [0, -288, 0]
			},
			{
				"name": "bone146",
				"parent": "bone145",
				"pivot": [-4, 13, 1.9465],
				"rotation": [40.2, 0, 0]
			},
			{
				"name": "bone147",
				"parent": "bone146",
				"pivot": [-4, 13, 1.9465],
				"rotation": [0, -45, 0],
				"cubes": [
					{"origin": [-5, 13, 0.9465], "size": [2, 3, 2], "uv": [72, 48]}
				]
			},
			{
				"name": "armRightPositioningBone",
				"parent": "armRight",
				"pivot": [-4, 10, 0]
			},
			{
				"name": "armLeft",
				"pivot": [3, 17.5, 0],
				"rotation": [0, 0, -25],
				"cubes": [
					{"origin": [2.5, 10.5, -1.5], "size": [3, 4, 3], "uv": [32, 8]},
					{"origin": [3, 9.5, -1], "size": [2, 8, 2], "uv": [41, 0]}
				]
			},
			{
				"name": "zsp2",
				"parent": "armLeft",
				"pivot": [3, 17.5, 0]
			},
			{
				"name": "bone148",
				"parent": "zsp2",
				"pivot": [7, 30.5, 0]
			},
			{
				"name": "bone149",
				"parent": "bone148",
				"pivot": [4, 13, 0]
			},
			{
				"name": "bone150",
				"parent": "bone149",
				"pivot": [4, 13, 1.9465],
				"rotation": [40.2, 0, 0]
			},
			{
				"name": "bone151",
				"parent": "bone150",
				"pivot": [4, 13, 1.9465],
				"rotation": [0, -45, 0],
				"cubes": [
					{"origin": [3, 13, 0.9465], "size": [2, 3, 2], "uv": [30, 72]}
				]
			},
			{
				"name": "bone152",
				"parent": "bone148",
				"pivot": [4, 13, 0],
				"rotation": [0, -72, 0]
			},
			{
				"name": "bone153",
				"parent": "bone152",
				"pivot": [4, 13, 1.9465],
				"rotation": [40.2, 0, 0]
			},
			{
				"name": "bone154",
				"parent": "bone153",
				"pivot": [4, 13, 1.9465],
				"rotation": [0, -45, 0],
				"cubes": [
					{"origin": [3, 13, 0.9465], "size": [2, 3, 2], "uv": [71, 71]}
				]
			},
			{
				"name": "bone155",
				"parent": "bone148",
				"pivot": [4, 13, 0],
				"rotation": [0, -144, 0]
			},
			{
				"name": "bone156",
				"parent": "bone155",
				"pivot": [4, 13, 1.9465],
				"rotation": [40.2, 0, 0]
			},
			{
				"name": "bone157",
				"parent": "bone156",
				"pivot": [4, 13, 1.9465],
				"rotation": [0, -45, 0],
				"cubes": [
					{"origin": [3, 13, 0.9465], "size": [2, 3, 2], "uv": [71, 61]}
				]
			},
			{
				"name": "bone158",
				"parent": "bone148",
				"pivot": [4, 13, 0],
				"rotation": [0, -216, 0]
			},
			{
				"name": "bone159",
				"parent": "bone158",
				"pivot": [4, 13, 1.9465],
				"rotation": [40.2, 0, 0]
			},
			{
				"name": "bone160",
				"parent": "bone159",
				"pivot": [4, 13, 1.9465],
				"rotation": [0, -45, 0],
				"cubes": [
					{"origin": [3, 13, 0.9465], "size": [2, 3, 2], "uv": [70, 34]}
				]
			},
			{
				"name": "bone161",
				"parent": "bone148",
				"pivot": [4, 13, 0],
				"rotation": [0, -288, 0]
			},
			{
				"name": "bone162",
				"parent": "bone161",
				"pivot": [4, 13, 1.9465],
				"rotation": [40.2, 0, 0]
			},
			{
				"name": "bone163",
				"parent": "bone162",
				"pivot": [4, 13, 1.9465],
				"rotation": [0, -45, 0],
				"cubes": [
					{"origin": [3, 13, 0.9465], "size": [2, 3, 2], "uv": [0, 0]}
				]
			},
			{
				"name": "armLeftPositioningBone",
				"parent": "armLeft",
				"pivot": [4, 10, 0]
			},
			{
				"name": "body",
				"pivot": [0, 10.5, 0],
				"cubes": [
					{"origin": [-3, 8.999, -3], "size": [6, 9, 6], "uv": [0, 16]},
					{"origin": [-3, 8.999, -3], "size": [6, 7, 6], "uv": [24, 16], "inflate": 0.1}
				]
			},
			{
				"name": "sittingRotationSkirt",
				"parent": "body",
				"pivot": [0, 10.5, 0]
			},
			{
				"name": "bone",
				"parent": "sittingRotationSkirt",
				"pivot": [0, 14.5, 0]
			},
			{
				"name": "bone2",
				"parent": "bone",
				"pivot": [0, 4, 0]
			},
			{
				"name": "bone3",
				"parent": "bone2",
				"pivot": [0, 4, 6.19607],
				"rotation": [34, 0, 0]
			},
			{
				"name": "bone4",
				"parent": "bone3",
				"pivot": [0, 4, 6.19607],
				"rotation": [0, -45, 0],
				"cubes": [
					{"origin": [-1, 4, 5.19607], "size": [2, 7, 2], "uv": [20, 70]}
				]
			},
			{
				"name": "bone5",
				"parent": "bone",
				"pivot": [0, 4, 0],
				"rotation": [0, -25.71429, 0]
			},
			{
				"name": "bone6",
				"parent": "bone5",
				"pivot": [0, 4, 6.19607],
				"rotation": [34, 0, 0]
			},
			{
				"name": "bone7",
				"parent": "bone6",
				"pivot": [0, 4, 6.19607],
				"rotation": [0, -45, 0],
				"cubes": [
					{"origin": [-1, 4, 5.19607], "size": [2, 7, 2], "uv": [8, 70]}
				]
			},
			{
				"name": "bone8",
				"parent": "bone",
				"pivot": [0, 4, 0],
				"rotation": [0, -51.42857, 0]
			},
			{
				"name": "bone9",
				"parent": "bone8",
				"pivot": [0, 4, 6.19607],
				"rotation": [34, 0, 0]
			},
			{
				"name": "bone10",
				"parent": "bone9",
				"pivot": [0, 4, 6.19607],
				"rotation": [0, -45, 0],
				"cubes": [
					{"origin": [-1, 4, 5.19607], "size": [2, 7, 2], "uv": [47, 68]}
				]
			},
			{
				"name": "bone11",
				"parent": "bone",
				"pivot": [0, 4, 0],
				"rotation": [0, -77.14286, 0]
			},
			{
				"name": "bone12",
				"parent": "bone11",
				"pivot": [0, 4, 6.19607],
				"rotation": [34, 0, 0]
			},
			{
				"name": "bone13",
				"parent": "bone12",
				"pivot": [0, 4, 6.19607],
				"rotation": [0, -45, 0],
				"cubes": [
					{"origin": [-1, 4, 5.19607], "size": [2, 7, 2], "uv": [68, 39]}
				]
			},
			{
				"name": "bone14",
				"parent": "bone",
				"pivot": [0, 4, 0],
				"rotation": [0, -102.85714, 0]
			},
			{
				"name": "bone15",
				"parent": "bone14",
				"pivot": [0, 4, 6.19607],
				"rotation": [34, 0, 0]
			},
			{
				"name": "bone16",
				"parent": "bone15",
				"pivot": [0, 4, 6.19607],
				"rotation": [0, -45, 0],
				"cubes": [
					{"origin": [-1, 4, 5.19607], "size": [2, 7, 2], "uv": [68, 25]}
				]
			},
			{
				"name": "bone17",
				"parent": "bone",
				"pivot": [0, 4, 0],
				"rotation": [0, -128.57143, 0]
			},
			{
				"name": "bone18",
				"parent": "bone17",
				"pivot": [0, 4, 6.19607],
				"rotation": [34, 0, 0]
			},
			{
				"name": "bone19",
				"parent": "bone18",
				"pivot": [0, 4, 6.19607],
				"rotation": [0, -45, 0],
				"cubes": [
					{"origin": [-1, 4, 5.19607], "size": [2, 7, 2], "uv": [57, 66]}
				]
			},
			{
				"name": "bone20",
				"parent": "bone",
				"pivot": [0, 4, 0],
				"rotation": [0, -154.28571, 0]
			},
			{
				"name": "bone21",
				"parent": "bone20",
				"pivot": [0, 4, 6.19607],
				"rotation": [34, 0, 0]
			},
			{
				"name": "bone22",
				"parent": "bone21",
				"pivot": [0, 4, 6.19607],
				"rotation": [0, -45, 0],
				"cubes": [
					{"origin": [-1, 4, 5.19607], "size": [2, 7, 2], "uv": [66, 9]}
				]
			},
			{
				"name": "bone23",
				"parent": "bone",
				"pivot": [0, 4, 0],
				"rotation": [0, -180, 0]
			},
			{
				"name": "bone24",
				"parent": "bone23",
				"pivot": [0, 4, 6.19607],
				"rotation": [34, 0, 0]
			},
			{
				"name": "bone25",
				"parent": "bone24",
				"pivot": [0, 4, 6.19607],
				"rotation": [0, -45, 0],
				"cubes": [
					{"origin": [-1, 4, 5.19607], "size": [2, 7, 2], "uv": [65, 64]}
				]
			},
			{
				"name": "bone26",
				"parent": "bone",
				"pivot": [0, 4, 0],
				"rotation": [0, -205.71429, 0]
			},
			{
				"name": "bone27",
				"parent": "bone26",
				"pivot": [0, 4, 6.19607],
				"rotation": [34, 0, 0]
			},
			{
				"name": "bone28",
				"parent": "bone27",
				"pivot": [0, 4, 6.19607],
				"rotation": [0, -45, 0],
				"cubes": [
					{"origin": [-1, 4, 5.19607], "size": [2, 7, 2], "uv": [65, 0]}
				]
			},
			{
				"name": "bone29",
				"parent": "bone",
				"pivot": [0, 4, 0],
				"rotation": [0, -231.42857, 0]
			},
			{
				"name": "bone30",
				"parent": "bone29",
				"pivot": [0, 4, 6.19607],
				"rotation": [34, 0, 0]
			},
			{
				"name": "bone31",
				"parent": "bone30",
				"pivot": [0, 4, 6.19607],
				"rotation": [0, -45, 0],
				"cubes": [
					{"origin": [-1, 4, 5.19607], "size": [2, 7, 2], "uv": [0, 65]}
				]
			},
			{
				"name": "bone32",
				"parent": "bone",
				"pivot": [0, 4, 0],
				"rotation": [0, -257.14286, 0]
			},
			{
				"name": "bone33",
				"parent": "bone32",
				"pivot": [0, 4, 6.19607],
				"rotation": [34, 0, 0]
			},
			{
				"name": "bone34",
				"parent": "bone33",
				"pivot": [0, 4, 6.19607],
				"rotation": [0, -45, 0],
				"cubes": [
					{"origin": [-1, 4, 5.19607], "size": [2, 7, 2], "uv": [64, 48]}
				]
			},
			{
				"name": "bone35",
				"parent": "bone",
				"pivot": [0, 4, 0],
				"rotation": [0, -282.85714, 0]
			},
			{
				"name": "bone36",
				"parent": "bone35",
				"pivot": [0, 4, 6.19607],
				"rotation": [34, 0, 0]
			},
			{
				"name": "bone37",
				"parent": "bone36",
				"pivot": [0, 4, 6.19607],
				"rotation": [0, -45, 0],
				"cubes": [
					{"origin": [-1, 4, 5.19607], "size": [2, 7, 2], "uv": [30, 63]}
				]
			},
			{
				"name": "bone38",
				"parent": "bone",
				"pivot": [0, 4, 0],
				"rotation": [0, -308.57143, 0]
			},
			{
				"name": "bone39",
				"parent": "bone38",
				"pivot": [0, 4, 6.19607],
				"rotation": [34, 0, 0]
			},
			{
				"name": "bone40",
				"parent": "bone39",
				"pivot": [0, 4, 6.19607],
				"rotation": [0, -45, 0],
				"cubes": [
					{"origin": [-1, 4, 5.19607], "size": [2, 7, 2], "uv": [14, 63]}
				]
			},
			{
				"name": "bone41",
				"parent": "bone",
				"pivot": [0, 4, 0],
				"rotation": [0, -334.28571, 0]
			},
			{
				"name": "bone42",
				"parent": "bone41",
				"pivot": [0, 4, 6.19607],
				"rotation": [34, 0, 0]
			},
			{
				"name": "bone43",
				"parent": "bone42",
				"pivot": [0, 4, 6.19607],
				"rotation": [0, -45, 0],
				"cubes": [
					{"origin": [-1, 4, 5.19607], "size": [2, 7, 2], "uv": [62, 32]}
				]
			},
			{
				"name": "bone44",
				"parent": "sittingRotationSkirt",
				"pivot": [0, 15.5, 0]
			},
			{
				"name": "bone45",
				"parent": "bone44",
				"pivot": [0, 5, 0]
			},
			{
				"name": "bone46",
				"parent": "bone45",
				"pivot": [0, 5, 6.19607],
				"rotation": [34, 0, 0]
			},
			{
				"name": "bone47",
				"parent": "bone46",
				"pivot": [0, 5, 6.19607],
				"rotation": [0, -45, 0],
				"cubes": [
					{"origin": [-1, 5, 5.19607], "size": [2, 7, 2], "uv": [62, 18]}
				]
			},
			{
				"name": "bone48",
				"parent": "bone44",
				"pivot": [0, 5, 0],
				"rotation": [0, -25.71429, 0]
			},
			{
				"name": "bone49",
				"parent": "bone48",
				"pivot": [0, 5, 6.19607],
				"rotation": [34, 0, 0]
			},
			{
				"name": "bone50",
				"parent": "bone49",
				"pivot": [0, 5, 6.19607],
				"rotation": [0, -45, 0],
				"cubes": [
					{"origin": [-1, 5, 5.19607], "size": [2, 7, 2], "uv": [41, 61]}
				]
			},
			{
				"name": "bone51",
				"parent": "bone44",
				"pivot": [0, 5, 0],
				"rotation": [0, -51.42857, 0]
			},
			{
				"name": "bone52",
				"parent": "bone51",
				"pivot": [0, 5, 6.19607],
				"rotation": [34, 0, 0]
			},
			{
				"name": "bone53",
				"parent": "bone52",
				"pivot": [0, 5, 6.19607],
				"rotation": [0, -45, 0],
				"cubes": [
					{"origin": [-1, 5, 5.19607], "size": [2, 7, 2], "uv": [22, 61]}
				]
			},
			{
				"name": "bone54",
				"parent": "bone44",
				"pivot": [0, 5, 0],
				"rotation": [0, -77.14286, 0]
			},
			{
				"name": "bone55",
				"parent": "bone54",
				"pivot": [0, 5, 6.19607],
				"rotation": [34, 0, 0]
			},
			{
				"name": "bone56",
				"parent": "bone55",
				"pivot": [0, 5, 6.19607],
				"rotation": [0, -45, 0],
				"cubes": [
					{"origin": [-1, 5, 5.19607], "size": [2, 7, 2], "uv": [59, 57]}
				]
			},
			{
				"name": "bone57",
				"parent": "bone44",
				"pivot": [0, 5, 0],
				"rotation": [0, -102.85714, 0]
			},
			{
				"name": "bone58",
				"parent": "bone57",
				"pivot": [0, 5, 6.19607],
				"rotation": [34, 0, 0]
			},
			{
				"name": "bone59",
				"parent": "bone58",
				"pivot": [0, 5, 6.19607],
				"rotation": [0, -45, 0],
				"cubes": [
					{"origin": [-1, 5, 5.19607], "size": [2, 7, 2], "uv": [51, 59]}
				]
			},
			{
				"name": "bone60",
				"parent": "bone44",
				"pivot": [0, 5, 0],
				"rotation": [0, -128.57143, 0]
			},
			{
				"name": "bone61",
				"parent": "bone60",
				"pivot": [0, 5, 6.19607],
				"rotation": [34, 0, 0]
			},
			{
				"name": "bone62",
				"parent": "bone61",
				"pivot": [0, 5, 6.19607],
				"rotation": [0, -45, 0],
				"cubes": [
					{"origin": [-1, 5, 5.19607], "size": [2, 7, 2], "uv": [58, 41]}
				]
			},
			{
				"name": "bone63",
				"parent": "bone44",
				"pivot": [0, 5, 0],
				"rotation": [0, -154.28571, 0]
			},
			{
				"name": "bone64",
				"parent": "bone63",
				"pivot": [0, 5, 6.19607],
				"rotation": [34, 0, 0]
			},
			{
				"name": "bone65",
				"parent": "bone64",
				"pivot": [0, 5, 6.19607],
				"rotation": [0, -45, 0],
				"cubes": [
					{"origin": [-1, 5, 5.19607], "size": [2, 7, 2], "uv": [58, 9]}
				]
			},
			{
				"name": "bone66",
				"parent": "bone44",
				"pivot": [0, 5, 0],
				"rotation": [0, -180, 0]
			},
			{
				"name": "bone67",
				"parent": "bone66",
				"pivot": [0, 5, 6.19607],
				"rotation": [34, 0, 0]
			},
			{
				"name": "bone68",
				"parent": "bone67",
				"pivot": [0, 5, 6.19607],
				"rotation": [0, -45, 0]
			},
			{
				"name": "bone69",
				"parent": "bone44",
				"pivot": [0, 5, 0],
				"rotation": [0, -205.71429, 0]
			},
			{
				"name": "bone70",
				"parent": "bone69",
				"pivot": [0, 5, 6.19607],
				"rotation": [34, 0, 0]
			},
			{
				"name": "bone71",
				"parent": "bone70",
				"pivot": [0, 5, 6.19607],
				"rotation": [0, -45, 0],
				"cubes": [
					{"origin": [-1, 5, 5.19607], "size": [2, 7, 2], "uv": [57, 0]}
				]
			},
			{
				"name": "bone72",
				"parent": "bone44",
				"pivot": [0, 5, 0],
				"rotation": [0, -231.42857, 0]
			},
			{
				"name": "bone73",
				"parent": "bone72",
				"pivot": [0, 5, 6.19607],
				"rotation": [34, 0, 0]
			},
			{
				"name": "bone74",
				"parent": "bone73",
				"pivot": [0, 5, 6.19607],
				"rotation": [0, -45, 0],
				"cubes": [
					{"origin": [-1, 5, 5.19607], "size": [2, 7, 2], "uv": [56, 25]}
				]
			},
			{
				"name": "bone75",
				"parent": "bone44",
				"pivot": [0, 5, 0],
				"rotation": [0, -257.14286, 0]
			},
			{
				"name": "bone76",
				"parent": "bone75",
				"pivot": [0, 5, 6.19607],
				"rotation": [34, 0, 0]
			},
			{
				"name": "bone77",
				"parent": "bone76",
				"pivot": [0, 5, 6.19607],
				"rotation": [0, -45, 0],
				"cubes": [
					{"origin": [-1, 5, 5.19607], "size": [2, 7, 2], "uv": [8, 56]}
				]
			},
			{
				"name": "bone78",
				"parent": "bone44",
				"pivot": [0, 5, 0],
				"rotation": [0, -282.85714, 0]
			},
			{
				"name": "bone79",
				"parent": "bone78",
				"pivot": [0, 5, 6.19607],
				"rotation": [34, 0, 0]
			},
			{
				"name": "bone80",
				"parent": "bone79",
				"pivot": [0, 5, 6.19607],
				"rotation": [0, -45, 0],
				"cubes": [
					{"origin": [-1, 5, 5.19607], "size": [2, 7, 2], "uv": [0, 56]}
				]
			},
			{
				"name": "bone81",
				"parent": "bone44",
				"pivot": [0, 5, 0],
				"rotation": [0, -308.57143, 0]
			},
			{
				"name": "bone82",
				"parent": "bone81",
				"pivot": [0, 5, 6.19607],
				"rotation": [34, 0, 0]
			},
			{
				"name": "bone83",
				"parent": "bone82",
				"pivot": [0, 5, 6.19607],
				"rotation": [0, -45, 0],
				"cubes": [
					{"origin": [-1, 5, 5.19607], "size": [2, 7, 2], "uv": [35, 54]}
				]
			},
			{
				"name": "bone84",
				"parent": "bone44",
				"pivot": [0, 5, 0],
				"rotation": [0, -334.28571, 0]
			},
			{
				"name": "bone85",
				"parent": "bone84",
				"pivot": [0, 5, 6.19607],
				"rotation": [34, 0, 0]
			},
			{
				"name": "bone86",
				"parent": "bone85",
				"pivot": [0, 5, 6.19607],
				"rotation": [0, -45, 0],
				"cubes": [
					{"origin": [-1, 5, 5.19607], "size": [2, 7, 2], "uv": [53, 50]}
				]
			},
			{
				"name": "bone87",
				"parent": "sittingRotationSkirt",
				"pivot": [0, 13.5, 0]
			},
			{
				"name": "bone88",
				"parent": "bone87",
				"pivot": [0, 3, 0]
			},
			{
				"name": "bone89",
				"parent": "bone88",
				"pivot": [0, 3, 6.19607],
				"rotation": [34, 0, 0]
			},
			{
				"name": "bone90",
				"parent": "bone89",
				"pivot": [0, 3, 6.19607],
				"rotation": [0, -45, 0],
				"cubes": [
					{"origin": [-1, 3, 5.19607], "size": [2, 7, 2], "uv": [16, 53]}
				]
			},
			{
				"name": "bone91",
				"parent": "bone87",
				"pivot": [0, 3, 0],
				"rotation": [0, -25.71429, 0]
			},
			{
				"name": "bone92",
				"parent": "bone91",
				"pivot": [0, 3, 6.19607],
				"rotation": [34, 0, 0]
			},
			{
				"name": "bone93",
				"parent": "bone92",
				"pivot": [0, 3, 6.19607],
				"rotation": [0, -45, 0],
				"cubes": [
					{"origin": [-1, 3, 5.19607], "size": [2, 7, 2], "uv": [45, 52]}
				]
			},
			{
				"name": "bone94",
				"parent": "bone87",
				"pivot": [0, 3, 0],
				"rotation": [0, -51.42857, 0]
			},
			{
				"name": "bone95",
				"parent": "bone94",
				"pivot": [0, 3, 6.19607],
				"rotation": [34, 0, 0]
			},
			{
				"name": "bone96",
				"parent": "bone95",
				"pivot": [0, 3, 6.19607],
				"rotation": [0, -45, 0],
				"cubes": [
					{"origin": [-1, 3, 5.19607], "size": [2, 7, 2], "uv": [52, 34]}
				]
			},
			{
				"name": "bone97",
				"parent": "bone87",
				"pivot": [0, 3, 0],
				"rotation": [0, -77.14286, 0]
			},
			{
				"name": "bone98",
				"parent": "bone97",
				"pivot": [0, 3, 6.19607],
				"rotation": [34, 0, 0]
			},
			{
				"name": "bone99",
				"parent": "bone98",
				"pivot": [0, 3, 6.19607],
				"rotation": [0, -45, 0],
				"cubes": [
					{"origin": [-1, 3, 5.19607], "size": [2, 7, 2], "uv": [27, 52]}
				]
			},
			{
				"name": "bone100",
				"parent": "bone87",
				"pivot": [0, 3, 0],
				"rotation": [0, -102.85714, 0]
			},
			{
				"name": "bone101",
				"parent": "bone100",
				"pivot": [0, 3, 6.19607],
				"rotation": [34, 0, 0]
			},
			{
				"name": "bone102",
				"parent": "bone101",
				"pivot": [0, 3, 6.19607],
				"rotation": [0, -45, 0],
				"cubes": [
					{"origin": [-1, 3, 5.19607], "size": [2, 7, 2], "uv": [50, 18]}
				]
			},
			{
				"name": "bone103",
				"parent": "bone87",
				"pivot": [0, 3, 0],
				"rotation": [0, -128.57143, 0]
			},
			{
				"name": "bone104",
				"parent": "bone103",
				"pivot": [0, 3, 6.19607],
				"rotation": [34, 0, 0]
			},
			{
				"name": "bone105",
				"parent": "bone104",
				"pivot": [0, 3, 6.19607],
				"rotation": [0, -45, 0],
				"cubes": [
					{"origin": [-1, 3, 5.19607], "size": [2, 7, 2], "uv": [50, 9]}
				]
			},
			{
				"name": "bone106",
				"parent": "bone87",
				"pivot": [0, 3, 0],
				"rotation": [0, -154.28571, 0]
			},
			{
				"name": "bone107",
				"parent": "bone106",
				"pivot": [0, 3, 6.19607],
				"rotation": [34, 0, 0]
			},
			{
				"name": "bone108",
				"parent": "bone107",
				"pivot": [0, 3, 6.19607],
				"rotation": [0, -45, 0],
				"cubes": [
					{"origin": [-1, 3, 5.19607], "size": [2, 7, 2], "uv": [49, 0]}
				]
			},
			{
				"name": "bone109",
				"parent": "bone87",
				"pivot": [0, 3, 0],
				"rotation": [0, -180, 0]
			},
			{
				"name": "bone110",
				"parent": "bone109",
				"pivot": [0, 3, 6.19607],
				"rotation": [34, 0, 0]
			},
			{
				"name": "bone111",
				"parent": "bone110",
				"pivot": [0, 3, 6.19607],
				"rotation": [0, -45, 0],
				"cubes": [
					{"origin": [-1, 3, 5.19607], "size": [2, 7, 2], "uv": [47, 43]}
				]
			},
			{
				"name": "bone112",
				"parent": "bone87",
				"pivot": [0, 3, 0],
				"rotation": [0, -205.71429, 0]
			},
			{
				"name": "bone113",
				"parent": "bone112",
				"pivot": [0, 3, 6.19607],
				"rotation": [34, 0, 0]
			},
			{
				"name": "bone114",
				"parent": "bone113",
				"pivot": [0, 3, 6.19607],
				"rotation": [0, -45, 0],
				"cubes": [
					{"origin": [-1, 3, 5.19607], "size": [2, 7, 2], "uv": [8, 47]}
				]
			},
			{
				"name": "bone115",
				"parent": "bone87",
				"pivot": [0, 3, 0],
				"rotation": [0, -231.42857, 0]
			},
			{
				"name": "bone116",
				"parent": "bone115",
				"pivot": [0, 3, 6.19607],
				"rotation": [34, 0, 0]
			},
			{
				"name": "bone117",
				"parent": "bone116",
				"pivot": [0, 3, 6.19607],
				"rotation": [0, -45, 0],
				"cubes": [
					{"origin": [-1, 3, 5.19607], "size": [2, 7, 2], "uv": [0, 47]}
				]
			},
			{
				"name": "bone118",
				"parent": "bone87",
				"pivot": [0, 3, 0],
				"rotation": [0, -257.14286, 0]
			},
			{
				"name": "bone119",
				"parent": "bone118",
				"pivot": [0, 3, 6.19607],
				"rotation": [34, 0, 0]
			},
			{
				"name": "bone120",
				"parent": "bone119",
				"pivot": [0, 3, 6.19607],
				"rotation": [0, -45, 0],
				"cubes": [
					{"origin": [-1, 3, 5.19607], "size": [2, 7, 2], "uv": [46, 27]}
				]
			},
			{
				"name": "bone121",
				"parent": "bone87",
				"pivot": [0, 3, 0],
				"rotation": [0, -282.85714, 0]
			},
			{
				"name": "bone122",
				"parent": "bone121",
				"pivot": [0, 3, 6.19607],
				"rotation": [34, 0, 0]
			},
			{
				"name": "bone123",
				"parent": "bone122",
				"pivot": [0, 3, 6.19607],
				"rotation": [0, -45, 0],
				"cubes": [
					{"origin": [-1, 3, 5.19607], "size": [2, 7, 2], "uv": [39, 45]}
				]
			},
			{
				"name": "bone124",
				"parent": "bone87",
				"pivot": [0, 3, 0],
				"rotation": [0, -308.57143, 0]
			},
			{
				"name": "bone125",
				"parent": "bone124",
				"pivot": [0, 3, 6.19607],
				"rotation": [34, 0, 0]
			},
			{
				"name": "bone126",
				"parent": "bone125",
				"pivot": [0, 3, 6.19607],
				"rotation": [0, -45, 0],
				"cubes": [
					{"origin": [-1, 3, 5.19607], "size": [2, 7, 2], "uv": [21, 44]}
				]
			},
			{
				"name": "bone127",
				"parent": "bone87",
				"pivot": [0, 3, 0],
				"rotation": [0, -334.28571, 0]
			},
			{
				"name": "bone128",
				"parent": "bone127",
				"pivot": [0, 3, 6.19607],
				"rotation": [34, 0, 0]
			},
			{
				"name": "bone129",
				"parent": "bone128",
				"pivot": [0, 3, 6.19607],
				"rotation": [0, -45, 0],
				"cubes": [
					{"origin": [-1, 3, 5.19607], "size": [2, 7, 2], "uv": [42, 13]}
				]
			},
			{
				"name": "hu",
				"parent": "sittingRotationSkirt",
				"pivot": [0, 10.5, 0],
				"rotation": [-15, 0, 0]
			},
			{
				"name": "bone166",
				"parent": "hu",
				"pivot": [0, 10.5, 0],
				"cubes": [
					{"origin": [-0.5, 10.5, -4], "size": [1, 1, 1], "uv": [6, 47]}
				]
			},
			{
				"name": "bone167",
				"parent": "hu",
				"pivot": [0, 10.5, 0],
				"rotation": [0, 0, -32.5],
				"cubes": [
					{"origin": [-2.5, 10.5, -4], "size": [3, 1, 0], "uv": [18, 21]}
				]
			},
			{
				"name": "bone168",
				"parent": "hu",
				"pivot": [0, 10.5, 0],
				"rotation": [0, 0, 32.5],
				"cubes": [
					{"origin": [-0.5, 10.5, -4], "size": [3, 1, 0], "uv": [0, 7]}
				]
			},
			{
				"name": "bone169",
				"parent": "hu",
				"pivot": [0, 10.5, 0],
				"rotation": [0, 0, 12.5],
				"cubes": [
					{"origin": [-1, 6.82, -4], "size": [1, 4, 0], "uv": [30, 31]}
				]
			},
			{
				"name": "bone170",
				"parent": "hu",
				"pivot": [0, 10.5, 0],
				"rotation": [0, 0, -12.5],
				"cubes": [
					{"origin": [0, 6.82, -4], "size": [1, 4, 0], "uv": [4, 31]}
				]
			},
			{
				"name": "bone164",
				"parent": "body",
				"pivot": [0, 10.5, 0],
				"rotation": [0, 0, -5],
				"cubes": [
					{"origin": [-2, 16, -3], "size": [1, 2.1, 6], "uv": [0, 31], "inflate": 0.1}
				]
			},
			{
				"name": "bone165",
				"parent": "body",
				"pivot": [3, 10.5, 0],
				"rotation": [0, 0, 5],
				"cubes": [
					{"origin": [1, 16, -3], "size": [1, 2.1, 6], "uv": [18, 29], "inflate": 0.1}
				]
			},
			{
				"name": "pd",
				"parent": "body",
				"pivot": [0, 10.5, 0]
			},
			{
				"name": "bone171",
				"parent": "pd",
				"pivot": [0, 10.5, 0],
				"rotation": [22.5, 0, 25],
				"cubes": [
					{"origin": [-3.5, -2.5, 3.211], "size": [1.5, 13, 0], "uv": [28, 70]}
				]
			},
			{
				"name": "bone172",
				"parent": "bone171",
				"pivot": [0, 10.5, 0],
				"rotation": [0, 0, -55],
				"cubes": [
					{"origin": [-14, 3.5, 3.254], "size": [2, 2, 0], "uv": [47, 0]}
				]
			},
			{
				"name": "bone173",
				"parent": "pd",
				"pivot": [0, 10.5, 0],
				"rotation": [22.5, 0, -25],
				"cubes": [
					{"origin": [2, -2.5, 3.211], "size": [1.5, 13, 0], "uv": [55, 68]}
				]
			},
			{
				"name": "bone174",
				"parent": "bone173",
				"pivot": [0, 10.5, 0],
				"rotation": [0, 0, 55],
				"cubes": [
					{"origin": [12, 3.5, 3.254], "size": [2, 2, 0], "uv": [46, 38]}
				]
			},
			{
				"name": "legLeft",
				"pivot": [2, 9, 0],
				"cubes": [
					{"origin": [0.499, 0.1, -1.5], "size": [2.75, 8.9, 3], "uv": [11, 36]},
					{"origin": [0.499, 0.1, -1.5], "size": [2.75, 5.669, 3], "uv": [39, 37], "inflate": 0.1},
					{"origin": [0.499, 0.1, -1.5], "size": [2.75, 2, 3], "uv": [8, 31], "inflate": 0.2},
					{"origin": [0.499, 4.1, -1.5], "size": [2.75, 1, 3], "uv": [70, 18], "inflate": 0.14}
				]
			},
			{
				"name": "legRight",
				"pivot": [-2, 9, 0],
				"cubes": [
					{"origin": [-3.249, 0.2, -1.5], "size": [2.75, 8.8, 3], "uv": [32, 29]},
					{"origin": [-3.249, 0.2, -1.5], "size": [2.75, 5.669, 3], "uv": [0, 39], "inflate": 0.1},
					{"origin": [-3.249, 0.2, -1.5], "size": [2.75, 2, 3], "uv": [18, 16], "inflate": 0.2},
					{"origin": [-3.249, 4.2, -1.5], "size": [2.75, 1, 3], "uv": [67, 57], "inflate": 0.14}
				]
			}
		]
	}
}