{
	"format_version": "1.10.0",
	"geometry.model": {
		"texturewidth": 128,
		"textureheight": 128,
		"visible_bounds_width": 3,
		"visible_bounds_height": 4,
		"visible_bounds_offset": [0, 1, 0],
		"bones": [
			{
				"name": "head",
				"pivot": [0, 18, 0],
				"cubes": [
					{"origin": [-4, 18, -4], "size": [8, 8, 8], "uv": [0, 0]}
				]
			},
			{
				"name": "ahoge",
				"parent": "head",
				"pivot": [0, 26, 0],
				"cubes": [
					{"origin": [-3, 26, -2], "size": [6, 6, 0], "uv": [18, 16]}
				]
			},
			{
				"name": "blink",
				"parent": "head",
				"pivot": [0, 18, 0],
				"cubes": [
					{"origin": [-4, 18, -4.001], "size": [8, 8, 0], "uv": [42, 10]}
				]
			},
			{
				"name": "earLeftShake",
				"parent": "head",
				"pivot": [0, 18, 0]
			},
			{
				"name": "earLeftBegShake",
				"parent": "earLeftShake",
				"pivot": [0, 18, 0]
			},
			{
				"name": "bone63",
				"parent": "earLeftBegShake",
				"pivot": [-2.15, 25.5, 0],
				"rotation": [0, 0, -5]
			},
			{
				"name": "bone64",
				"parent": "bone63",
				"pivot": [-1.9, 25.5, 0.5],
				"rotation": [0, 0, -25],
				"cubes": [
					{"origin": [-2.4, 24.5, 0], "size": [2, 4, 1], "uv": [19, 31], "inflate": -0.001}
				]
			},
			{
				"name": "bone65",
				"parent": "bone63",
				"pivot": [-2.9, 25.5, 0.5],
				"rotation": [0, 0, 5],
				"cubes": [
					{"origin": [-3.8981, 25.45642, 0], "size": [2, 3, 1], "uv": [0, 41]}
				]
			},
			{
				"name": "earRightShake",
				"parent": "head",
				"pivot": [0, 18, 0]
			},
			{
				"name": "earRightBegShake",
				"parent": "earRightShake",
				"pivot": [0, 18, 0]
			},
			{
				"name": "bone82",
				"parent": "earRightBegShake",
				"pivot": [2.15, 25.5, 0],
				"rotation": [0, 0, 5]
			},
			{
				"name": "bone83",
				"parent": "bone82",
				"pivot": [1.9, 25.5, 0.5],
				"rotation": [0, 0, 25],
				"cubes": [
					{"origin": [0.4, 24.5, 0], "size": [2, 4, 1], "uv": [0, 16], "inflate": -0.001}
				]
			},
			{
				"name": "bone84",
				"parent": "bone82",
				"pivot": [2.9, 25.5, 0.5],
				"rotation": [0, 0, -5],
				"cubes": [
					{"origin": [1.8981, 25.45642, 0], "size": [2, 3, 1], "uv": [32, 0]}
				]
			},
			{
				"name": "fb",
				"parent": "head",
				"pivot": [0, 18, 0]
			},
			{
				"name": "bone85",
				"parent": "fb",
				"pivot": [0, 16, 0],
				"rotation": [15, 0, -17.5],
				"cubes": [
					{"origin": [2, 10, 2], "size": [2, 7, 2], "uv": [11, 31]}
				]
			},
			{
				"name": "bone86",
				"parent": "bone85",
				"pivot": [0, 16, 0],
				"rotation": [0, -12.5, -7.5],
				"cubes": [
					{"origin": [2, 7, 1.5], "size": [2, 3, 2], "uv": [38, 65]},
					{"origin": [2, 6.1, 1.5], "size": [2, 1, 2], "uv": [50, 65], "inflate": -0.1},
					{"origin": [2, 5.6, 1.5], "size": [2, 1, 2], "uv": [65, 22], "inflate": -0.2},
					{"origin": [2, 5.1, 1.5], "size": [2, 1, 2], "uv": [64, 52], "inflate": -0.3}
				]
			},
			{
				"name": "bone94",
				"parent": "fb",
				"pivot": [0, 16, 0],
				"rotation": [15, 0, 17.5],
				"cubes": [
					{"origin": [-4, 10, 2], "size": [2, 7, 2], "uv": [0, 31]}
				]
			},
			{
				"name": "bone95",
				"parent": "bone94",
				"pivot": [0, 16, 0],
				"rotation": [0, 12.5, 7.5],
				"cubes": [
					{"origin": [-4, 7, 1.5], "size": [2, 3, 2], "uv": [64, 47]},
					{"origin": [-4, 6.1, 1.5], "size": [2, 1, 2], "uv": [42, 18], "inflate": -0.1},
					{"origin": [-4, 5.6, 1.5], "size": [2, 1, 2], "uv": [12, 41], "inflate": -0.2},
					{"origin": [-4, 5.1, 1.5], "size": [2, 1, 2], "uv": [32, 31], "inflate": -0.3}
				]
			},
			{
				"name": "armRight",
				"pivot": [-3, 17.5, 0],
				"rotation": [0, 0, 25],
				"cubes": [
					{"origin": [-5, 8.5, -1], "size": [2, 8, 2], "uv": [50, 0]},
					{"origin": [-5.5, 13.5, -1.5], "size": [3, 4, 3], "uv": [48, 42]}
				]
			},
			{
				"name": "armLeft",
				"pivot": [3, 17.5, 0],
				"rotation": [0, 0, -25],
				"cubes": [
					{"origin": [2.5, 13.5, -1.5], "size": [3, 4, 3], "uv": [48, 18]},
					{"origin": [3, 8.5, -1], "size": [2, 8, 2], "uv": [48, 49]},
					{"origin": [3, 9.5, -1], "size": [2, 1, 2], "uv": [66, 0], "inflate": 0.1}
				]
			},
			{
				"name": "body",
				"pivot": [0, 10.5, 0],
				"cubes": [
					{"origin": [-3, 8.999, -3], "size": [6, 9, 6], "uv": [24, 16]},
					{"origin": [-3, 8.999, -3], "size": [6, 9, 6], "uv": [0, 16], "inflate": 0.1}
				]
			},
			{
				"name": "sittingRotationSkirt",
				"parent": "body",
				"pivot": [0, 10.5, 0]
			},
			{
				"name": "bone",
				"parent": "sittingRotationSkirt",
				"pivot": [0, 15.5, 0]
			},
			{
				"name": "bone2",
				"parent": "bone",
				"pivot": [0, 5, 0]
			},
			{
				"name": "bone3",
				"parent": "bone2",
				"pivot": [0, 5, 5.27792],
				"rotation": [30, 0, 0]
			},
			{
				"name": "bone4",
				"parent": "bone3",
				"pivot": [0, 5, 5.27792],
				"rotation": [0, -45, 0],
				"cubes": [
					{"origin": [-1, 5, 4.27792], "size": [2, 6, 2], "uv": [64, 14]}
				]
			},
			{
				"name": "bone5",
				"parent": "bone",
				"pivot": [0, 5, 0],
				"rotation": [0, -30, 0]
			},
			{
				"name": "bone6",
				"parent": "bone5",
				"pivot": [0, 5, 5.27792],
				"rotation": [30, 0, 0]
			},
			{
				"name": "bone7",
				"parent": "bone6",
				"pivot": [0, 5, 5.27792],
				"rotation": [0, -45, 0],
				"cubes": [
					{"origin": [-1, 5, 4.27792], "size": [2, 6, 2], "uv": [60, 63]}
				]
			},
			{
				"name": "bone8",
				"parent": "bone",
				"pivot": [0, 5, 0],
				"rotation": [0, -60, 0]
			},
			{
				"name": "bone9",
				"parent": "bone8",
				"pivot": [0, 5, 5.27792],
				"rotation": [30, 0, 0]
			},
			{
				"name": "bone10",
				"parent": "bone9",
				"pivot": [0, 5, 5.27792],
				"rotation": [0, -45, 0],
				"cubes": [
					{"origin": [-1, 5, 4.27792], "size": [2, 6, 2], "uv": [62, 55]}
				]
			},
			{
				"name": "bone11",
				"parent": "bone",
				"pivot": [0, 5, 0],
				"rotation": [0, -90, 0]
			},
			{
				"name": "bone12",
				"parent": "bone11",
				"pivot": [0, 5, 5.27792],
				"rotation": [30, 0, 0]
			},
			{
				"name": "bone13",
				"parent": "bone12",
				"pivot": [0, 5, 5.27792],
				"rotation": [0, -45, 0],
				"cubes": [
					{"origin": [-1, 5, 4.27792], "size": [2, 6, 2], "uv": [62, 31]}
				]
			},
			{
				"name": "bone14",
				"parent": "bone",
				"pivot": [0, 5, 0],
				"rotation": [0, -120, 0]
			},
			{
				"name": "bone15",
				"parent": "bone14",
				"pivot": [0, 5, 5.27792],
				"rotation": [30, 0, 0]
			},
			{
				"name": "bone16",
				"parent": "bone15",
				"pivot": [0, 5, 5.27792],
				"rotation": [0, -45, 0],
				"cubes": [
					{"origin": [-1, 5, 4.27792], "size": [2, 6, 2], "uv": [30, 62]}
				]
			},
			{
				"name": "bone17",
				"parent": "bone",
				"pivot": [0, 5, 0],
				"rotation": [0, -150, 0]
			},
			{
				"name": "bone18",
				"parent": "bone17",
				"pivot": [0, 5, 5.27792],
				"rotation": [30, 0, 0]
			},
			{
				"name": "bone19",
				"parent": "bone18",
				"pivot": [0, 5, 5.27792],
				"rotation": [0, -45, 0],
				"cubes": [
					{"origin": [-1, 5, 4.27792], "size": [2, 6, 2], "uv": [60, 39]}
				]
			},
			{
				"name": "bone20",
				"parent": "bone",
				"pivot": [0, 5, 0],
				"rotation": [0, -180, 0]
			},
			{
				"name": "bone21",
				"parent": "bone20",
				"pivot": [0, 5, 5.27792],
				"rotation": [30, 0, 0]
			},
			{
				"name": "bone22",
				"parent": "bone21",
				"pivot": [0, 5, 5.27792],
				"rotation": [0, -45, 0],
				"cubes": [
					{"origin": [-1, 5, 4.27792], "size": [2, 6, 2], "uv": [16, 60]}
				]
			},
			{
				"name": "bone23",
				"parent": "bone",
				"pivot": [0, 5, 0],
				"rotation": [0, -210, 0]
			},
			{
				"name": "bone24",
				"parent": "bone23",
				"pivot": [0, 5, 5.27792],
				"rotation": [30, 0, 0]
			},
			{
				"name": "bone25",
				"parent": "bone24",
				"pivot": [0, 5, 5.27792],
				"rotation": [0, -45, 0],
				"cubes": [
					{"origin": [-1, 5, 4.27792], "size": [2, 6, 2], "uv": [44, 59]}
				]
			},
			{
				"name": "bone26",
				"parent": "bone",
				"pivot": [0, 5, 0],
				"rotation": [0, -240, 0]
			},
			{
				"name": "bone27",
				"parent": "bone26",
				"pivot": [0, 5, 5.27792],
				"rotation": [30, 0, 0]
			},
			{
				"name": "bone28",
				"parent": "bone27",
				"pivot": [0, 5, 5.27792],
				"rotation": [0, -45, 0],
				"cubes": [
					{"origin": [-1, 5, 4.27792], "size": [2, 6, 2], "uv": [59, 23]}
				]
			},
			{
				"name": "bone29",
				"parent": "bone",
				"pivot": [0, 5, 0],
				"rotation": [0, -270, 0]
			},
			{
				"name": "bone30",
				"parent": "bone29",
				"pivot": [0, 5, 5.27792],
				"rotation": [30, 0, 0]
			},
			{
				"name": "bone31",
				"parent": "bone30",
				"pivot": [0, 5, 5.27792],
				"rotation": [0, -45, 0],
				"cubes": [
					{"origin": [-1, 5, 4.27792], "size": [2, 6, 2], "uv": [8, 59]}
				]
			},
			{
				"name": "bone32",
				"parent": "bone",
				"pivot": [0, 5, 0],
				"rotation": [0, -300, 0]
			},
			{
				"name": "bone33",
				"parent": "bone32",
				"pivot": [0, 5, 5.27792],
				"rotation": [30, 0, 0]
			},
			{
				"name": "bone34",
				"parent": "bone33",
				"pivot": [0, 5, 5.27792],
				"rotation": [0, -45, 0],
				"cubes": [
					{"origin": [-1, 5, 4.27792], "size": [2, 6, 2], "uv": [0, 59]}
				]
			},
			{
				"name": "bone35",
				"parent": "bone",
				"pivot": [0, 5, 0],
				"rotation": [0, -330, 0]
			},
			{
				"name": "bone36",
				"parent": "bone35",
				"pivot": [0, 5, 5.27792],
				"rotation": [30, 0, 0]
			},
			{
				"name": "bone37",
				"parent": "bone36",
				"pivot": [0, 5, 5.27792],
				"rotation": [0, -45, 0],
				"cubes": [
					{"origin": [-1, 5, 4.27792], "size": [2, 6, 2], "uv": [58, 8]}
				]
			},
			{
				"name": "bone38",
				"parent": "sittingRotationSkirt",
				"pivot": [0, 14.5, 0]
			},
			{
				"name": "bone39",
				"parent": "bone38",
				"pivot": [0, 4, 0]
			},
			{
				"name": "bone40",
				"parent": "bone39",
				"pivot": [0, 4, 5.27792],
				"rotation": [30, 0, 0]
			},
			{
				"name": "bone41",
				"parent": "bone40",
				"pivot": [0, 4, 5.27792],
				"rotation": [0, -45, 0],
				"cubes": [
					{"origin": [-1, 4, 4.27792], "size": [2, 6, 2], "uv": [58, 0]}
				]
			},
			{
				"name": "bone42",
				"parent": "bone38",
				"pivot": [0, 4, 0],
				"rotation": [0, -30, 0]
			},
			{
				"name": "bone43",
				"parent": "bone42",
				"pivot": [0, 4, 5.27792],
				"rotation": [30, 0, 0]
			},
			{
				"name": "bone44",
				"parent": "bone43",
				"pivot": [0, 4, 5.27792],
				"rotation": [0, -45, 0],
				"cubes": [
					{"origin": [-1, 4, 4.27792], "size": [2, 6, 2], "uv": [54, 57]}
				]
			},
			{
				"name": "bone45",
				"parent": "bone38",
				"pivot": [0, 4, 0],
				"rotation": [0, -60, 0]
			},
			{
				"name": "bone46",
				"parent": "bone45",
				"pivot": [0, 4, 5.27792],
				"rotation": [30, 0, 0]
			},
			{
				"name": "bone47",
				"parent": "bone46",
				"pivot": [0, 4, 5.27792],
				"rotation": [0, -45, 0],
				"cubes": [
					{"origin": [-1, 4, 4.27792], "size": [2, 6, 2], "uv": [56, 49]}
				]
			},
			{
				"name": "bone48",
				"parent": "bone38",
				"pivot": [0, 4, 0],
				"rotation": [0, -90, 0]
			},
			{
				"name": "bone49",
				"parent": "bone48",
				"pivot": [0, 4, 5.27792],
				"rotation": [30, 0, 0]
			},
			{
				"name": "bone50",
				"parent": "bone49",
				"pivot": [0, 4, 5.27792],
				"rotation": [0, -45, 0],
				"cubes": [
					{"origin": [-1, 4, 4.27792], "size": [2, 6, 2], "uv": [24, 56]}
				]
			},
			{
				"name": "bone51",
				"parent": "bone38",
				"pivot": [0, 4, 0],
				"rotation": [0, -120, 0]
			},
			{
				"name": "bone52",
				"parent": "bone51",
				"pivot": [0, 4, 5.27792],
				"rotation": [30, 0, 0]
			},
			{
				"name": "bone53",
				"parent": "bone52",
				"pivot": [0, 4, 5.27792],
				"rotation": [0, -45, 0],
				"cubes": [
					{"origin": [-1, 4, 4.27792], "size": [2, 6, 2], "uv": [36, 54]}
				]
			},
			{
				"name": "bone54",
				"parent": "bone38",
				"pivot": [0, 4, 0],
				"rotation": [0, -150, 0]
			},
			{
				"name": "bone55",
				"parent": "bone54",
				"pivot": [0, 4, 5.27792],
				"rotation": [30, 0, 0]
			},
			{
				"name": "bone56",
				"parent": "bone55",
				"pivot": [0, 4, 5.27792],
				"rotation": [0, -45, 0],
				"cubes": [
					{"origin": [-1, 4, 4.27792], "size": [2, 6, 2], "uv": [54, 33]}
				]
			},
			{
				"name": "bone57",
				"parent": "bone38",
				"pivot": [0, 4, 0],
				"rotation": [0, -180, 0]
			},
			{
				"name": "bone58",
				"parent": "bone57",
				"pivot": [0, 4, 5.27792],
				"rotation": [30, 0, 0]
			},
			{
				"name": "bone59",
				"parent": "bone58",
				"pivot": [0, 4, 5.27792],
				"rotation": [0, -45, 0],
				"cubes": [
					{"origin": [-1, 4, 4.27792], "size": [2, 6, 2], "uv": [16, 52]}
				]
			},
			{
				"name": "bone60",
				"parent": "bone38",
				"pivot": [0, 4, 0],
				"rotation": [0, -210, 0]
			},
			{
				"name": "bone61",
				"parent": "bone60",
				"pivot": [0, 4, 5.27792],
				"rotation": [30, 0, 0]
			},
			{
				"name": "bone62",
				"parent": "bone61",
				"pivot": [0, 4, 5.27792],
				"rotation": [0, -45, 0],
				"cubes": [
					{"origin": [-1, 4, 4.27792], "size": [2, 6, 2], "uv": [51, 25]}
				]
			},
			{
				"name": "bone66",
				"parent": "bone38",
				"pivot": [0, 4, 0],
				"rotation": [0, -240, 0]
			},
			{
				"name": "bone67",
				"parent": "bone66",
				"pivot": [0, 4, 5.27792],
				"rotation": [30, 0, 0]
			},
			{
				"name": "bone68",
				"parent": "bone67",
				"pivot": [0, 4, 5.27792],
				"rotation": [0, -45, 0],
				"cubes": [
					{"origin": [-1, 4, 4.27792], "size": [2, 6, 2], "uv": [8, 51]}
				]
			},
			{
				"name": "bone69",
				"parent": "bone38",
				"pivot": [0, 4, 0],
				"rotation": [0, -270, 0]
			},
			{
				"name": "bone70",
				"parent": "bone69",
				"pivot": [0, 4, 5.27792],
				"rotation": [30, 0, 0]
			},
			{
				"name": "bone71",
				"parent": "bone70",
				"pivot": [0, 4, 5.27792],
				"rotation": [0, -45, 0],
				"cubes": [
					{"origin": [-1, 4, 4.27792], "size": [2, 6, 2], "uv": [0, 51]}
				]
			},
			{
				"name": "bone72",
				"parent": "bone38",
				"pivot": [0, 4, 0],
				"rotation": [0, -300, 0]
			},
			{
				"name": "bone73",
				"parent": "bone72",
				"pivot": [0, 4, 5.27792],
				"rotation": [30, 0, 0]
			},
			{
				"name": "bone74",
				"parent": "bone73",
				"pivot": [0, 4, 5.27792],
				"rotation": [0, -45, 0],
				"cubes": [
					{"origin": [-1, 4, 4.27792], "size": [2, 6, 2], "uv": [24, 0]}
				]
			},
			{
				"name": "bone75",
				"parent": "bone38",
				"pivot": [0, 4, 0],
				"rotation": [0, -330, 0]
			},
			{
				"name": "bone76",
				"parent": "bone75",
				"pivot": [0, 4, 5.27792],
				"rotation": [30, 0, 0]
			},
			{
				"name": "bone77",
				"parent": "bone76",
				"pivot": [0, 4, 5.27792],
				"rotation": [0, -45, 0],
				"cubes": [
					{"origin": [-1, 4, 4.27792], "size": [2, 6, 2], "uv": [0, 0]}
				]
			},
			{
				"name": "bone87",
				"parent": "body",
				"pivot": [0, 17.6, -2.9],
				"rotation": [-9, 0, 0]
			},
			{
				"name": "bone90",
				"parent": "bone87",
				"pivot": [1.2, 17, 5.1]
			},
			{
				"name": "bone89",
				"parent": "bone90",
				"pivot": [-0.3, 17.8, -3.1],
				"rotation": [0, 0, 5],
				"cubes": [
					{"origin": [-0.8, 13.8, -3.1], "size": [1, 4, 0], "uv": [46, 0]}
				]
			},
			{
				"name": "bone88",
				"parent": "bone89",
				"pivot": [-0.3, 17.9, -3.4],
				"rotation": [0, 0, 35],
				"cubes": [
					{"origin": [-0.8, 16, -3.9], "size": [1, 2, 1], "uv": [25, 41]}
				]
			},
			{
				"name": "bone91",
				"parent": "bone87",
				"pivot": [-1.2, 17, 5.1]
			},
			{
				"name": "bone92",
				"parent": "bone91",
				"pivot": [0.3, 17.8, -3.1],
				"rotation": [0, 0, -5],
				"cubes": [
					{"origin": [-0.2, 13.8, -3.1], "size": [1, 4, 0], "uv": [44, 0]}
				]
			},
			{
				"name": "bone93",
				"parent": "bone92",
				"pivot": [0.3, 17.9, -3.4],
				"rotation": [0, 0, -35],
				"cubes": [
					{"origin": [-0.2, 16, -3.9], "size": [1, 2, 1], "uv": [40, 31]}
				]
			},
			{
				"name": "bone111",
				"parent": "body",
				"pivot": [0, 10.5, 0]
			},
			{
				"name": "bone112",
				"parent": "bone111",
				"pivot": [-4.9, 16.6, 0],
				"rotation": [0, 0, 20],
				"cubes": [
					{"origin": [-6.65, 14.6, -3], "size": [3, 4, 6], "uv": [0, 41], "inflate": -0.11}
				]
			},
			{
				"name": "bone113",
				"parent": "bone111",
				"pivot": [-3.9, 15.7, 0],
				"rotation": [0, 0, -17.5],
				"cubes": [
					{"origin": [-5.20926, 13.63986, -3], "size": [3, 4, 6], "uv": [32, 35], "inflate": -0.1}
				]
			},
			{
				"name": "bone96",
				"parent": "body",
				"pivot": [0, 10.5, 0]
			},
			{
				"name": "bone97",
				"parent": "bone96",
				"pivot": [4.9, 16.6, 0],
				"rotation": [0, 0, -20],
				"cubes": [
					{"origin": [3.65, 14.6, -3], "size": [3, 4, 6], "uv": [32, 0], "inflate": -0.11}
				]
			},
			{
				"name": "bone98",
				"parent": "bone96",
				"pivot": [3.9, 15.7, 0],
				"rotation": [0, 0, 17.5],
				"cubes": [
					{"origin": [2.20926, 13.63986, -3], "size": [3, 4, 6], "uv": [20, 31], "inflate": -0.1}
				]
			},
			{
				"name": "legLeft",
				"pivot": [2, 9, 0],
				"cubes": [
					{"origin": [0.499, 0.1, -1.5], "size": [2.75, 8.9, 3], "uv": [28, 45]},
					{"origin": [0.499, 0.1, -1.5], "size": [2.75, 6.8, 3], "uv": [38, 45], "inflate": 0.1},
					{"origin": [0.499, 0.1, -1.5], "size": [2.75, 2.3, 3], "uv": [64, 5], "inflate": 0.2}
				]
			},
			{
				"name": "legRight",
				"pivot": [-2, 9, 0],
				"cubes": [
					{"origin": [-3.249, 0.2, -1.5], "size": [2.75, 8.8, 3], "uv": [18, 41]},
					{"origin": [-3.249, 0.2, -1.5], "size": [2.75, 6.8, 3], "uv": [44, 31], "inflate": 0.1},
					{"origin": [-3.249, 0.2, -1.5], "size": [2.75, 2.3, 3], "uv": [32, 10], "inflate": 0.2}
				]
			},
			{
				"name": "tail",
				"pivot": [0, 8, 4],
				"rotation": [20, 0, 0],
				"cubes": [
					{"origin": [-0.7, 7, 4], "size": [1.2, 1.2, 9], "uv": [0, 31]}
				]
			},
			{
				"name": "hu",
				"parent": "tail",
				"pivot": [0, 8, 4]
			},
			{
				"name": "bone78",
				"parent": "hu",
				"pivot": [0, 8, 4],
				"cubes": [
					{"origin": [-0.5, 8, 11], "size": [1, 1, 1], "uv": [28, 43], "inflate": -0.2}
				]
			},
			{
				"name": "bone80",
				"parent": "hu",
				"pivot": [0, 8, 4]
			},
			{
				"name": "bone79",
				"parent": "bone80",
				"pivot": [0, 8, 4],
				"rotation": [0, -12.5, -12.5],
				"cubes": [
					{"origin": [1.6, 8, 11], "size": [2, 1, 1.3], "uv": [32, 34], "inflate": -0.2}
				]
			},
			{
				"name": "bone81",
				"parent": "bone80",
				"pivot": [0, 8, 4],
				"rotation": [0, 12.5, 12.5],
				"cubes": [
					{"origin": [-3.6, 8, 11], "size": [2, 1, 1.3], "uv": [32, 4], "inflate": -0.2}
				]
			}
		]
	}
}