{
	"format_version": "1.10.0",
	"geometry.model": {
		"texturewidth": 64,
		"textureheight": 64,
		"visible_bounds_width": 3,
		"visible_bounds_height": 4,
		"visible_bounds_offset": [0, 1, 0],
		"bones": [
			{
				"name": "head",
				"pivot": [0, 18, 0],
				"cubes": [
					{"origin": [-4, 18, -4], "size": [8, 8, 8], "uv": [0, 16]}
				]
			},
			{
				"name": "ahoge",
				"parent": "head",
				"pivot": [0, 26, 0],
				"cubes": [
					{"origin": [-3, 26, 0], "size": [6, 6, 0], "uv": [44, 26]}
				]
			},
			{
				"name": "blink",
				"parent": "head",
				"pivot": [0, 18, 0],
				"cubes": [
					{"origin": [-4, 18, -4.001], "size": [8, 8, 0], "uv": [40, 0]}
				]
			},
			{
				"name": "lear",
				"parent": "head",
				"pivot": [0, 18, 0]
			},
			{
				"name": "bone26",
				"parent": "lear",
				"pivot": [2, 18, 0],
				"rotation": [0, 0, -10],
				"cubes": [
					{"origin": [-1.5, 26, -3], "size": [1.5, 3, 1], "uv": [28, 55]}
				]
			},
			{
				"name": "bone27",
				"parent": "lear",
				"pivot": [0, 17, 0],
				"rotation": [0, 0, 7.5],
				"cubes": [
					{"origin": [-5, 25, -3], "size": [1, 3, 1], "uv": [24, 55]}
				]
			},
			{
				"name": "earLeftShake",
				"parent": "lear",
				"pivot": [-2, 25, -3]
			},
			{
				"name": "lear2",
				"parent": "head",
				"pivot": [0, 18, 0]
			},
			{
				"name": "bone18",
				"parent": "lear2",
				"pivot": [-2, 18, 0],
				"rotation": [0, 0, 10],
				"cubes": [
					{"origin": [0, 26, -3], "size": [1.5, 3, 1], "uv": [20, 55]}
				]
			},
			{
				"name": "bone19",
				"parent": "lear2",
				"pivot": [0, 17, 0],
				"rotation": [0, 0, -7.5],
				"cubes": [
					{"origin": [4, 25, -3], "size": [1, 3, 1], "uv": [16, 55]}
				]
			},
			{
				"name": "earRightShake",
				"parent": "lear2",
				"pivot": [2, 25, -3]
			},
			{
				"name": "deco2",
				"parent": "head",
				"pivot": [0, 26.25, -4.05],
				"rotation": [-6, 0, 0]
			},
			{
				"name": "bone174",
				"parent": "deco2",
				"pivot": [0, 13.75, 1.95]
			},
			{
				"name": "bone175",
				"parent": "bone174",
				"pivot": [0, 26.25, -4.55],
				"rotation": [0, 0, 5],
				"cubes": [
					{"origin": [-2.99009, 25.69379, -5.05], "size": [3, 1, 1], "uv": [53, 42]}
				]
			},
			{
				"name": "bone176",
				"parent": "bone174",
				"pivot": [0, 26.25, -4.55],
				"rotation": [0, 0, -15],
				"cubes": [
					{"origin": [-3, 25.75, -5.05], "size": [3, 1, 1], "uv": [36, 53]}
				]
			},
			{
				"name": "bone177",
				"parent": "deco2",
				"pivot": [0, 13.75, 1.95]
			},
			{
				"name": "bone178",
				"parent": "bone177",
				"pivot": [0, 26.25, -4.55],
				"rotation": [0, 0, -5],
				"cubes": [
					{"origin": [-0.00991, 25.69379, -5.05], "size": [3, 1, 1], "uv": [28, 53]}
				]
			},
			{
				"name": "bone179",
				"parent": "bone177",
				"pivot": [0, 26.25, -4.55],
				"rotation": [0, 0, 15],
				"cubes": [
					{"origin": [0, 25.75, -5.05], "size": [3, 1, 1], "uv": [20, 53]}
				]
			},
			{
				"name": "bone180",
				"parent": "deco2",
				"pivot": [0, 13.75, 1.95],
				"cubes": [
					{"origin": [-0.5, 25.75, -5.05], "size": [1, 1, 1], "uv": [36, 55], "inflate": 0.1}
				]
			},
			{
				"name": "bone181",
				"parent": "deco2",
				"pivot": [-0.5, 26.21527, -4.24696],
				"rotation": [0, 0, 20]
			},
			{
				"name": "bone182",
				"parent": "deco2",
				"pivot": [0.5, 26.21527, -4.24696],
				"rotation": [0, 0, -20]
			},
			{
				"name": "hair",
				"parent": "head",
				"pivot": [0, 18, 0]
			},
			{
				"name": "bone71",
				"parent": "hair",
				"pivot": [0, 18, 0],
				"rotation": [10, 0, 0],
				"cubes": [
					{"origin": [-4, 12, 4], "size": [8, 6, 0], "uv": [32, 20]}
				]
			},
			{
				"name": "cf",
				"parent": "head",
				"pivot": [0, 18, 0]
			},
			{
				"name": "bone72",
				"parent": "cf",
				"pivot": [0, 18, 0],
				"rotation": [-17.5, 0, -12.5],
				"cubes": [
					{"origin": [-4, 12.6, -4], "size": [1, 5, 1], "uv": [34, 0]}
				]
			},
			{
				"name": "bone73",
				"parent": "cf",
				"pivot": [0, 18, 0],
				"rotation": [-17.5, 0, 12.5],
				"cubes": [
					{"origin": [3, 12.6, -4], "size": [1, 5, 1], "uv": [24, 0]}
				]
			},
			{
				"name": "armRight",
				"pivot": [-3, 17.5, 0],
				"rotation": [0, 0, 25],
				"cubes": [
					{"origin": [-5, 8.5, -1], "size": [2, 8, 2], "uv": [45, 41]},
					{"origin": [-5.5, 10.5, -1.5], "size": [3, 7, 3], "uv": [33, 41]},
					{"origin": [-5.5, 9.5, -1.5], "size": [3, 3, 3], "uv": [44, 8], "inflate": -0.2}
				]
			},
			{
				"name": "armLeft",
				"pivot": [3, 17.5, 0],
				"rotation": [0, 0, -25],
				"cubes": [
					{"origin": [2.5, 9.5, -1.5], "size": [3, 3, 3], "uv": [44, 14], "inflate": -0.2},
					{"origin": [2.5, 10.5, -1.5], "size": [3, 7, 3], "uv": [12, 32]},
					{"origin": [3, 8.5, -1], "size": [2, 8, 2], "uv": [0, 44]}
				]
			},
			{
				"name": "body",
				"pivot": [0, 10.5, 0],
				"cubes": [
					{"origin": [-3, 8.999, -3], "size": [6, 9, 6], "uv": [26, 26]}
				]
			},
			{
				"name": "sittingRotationSkirt",
				"parent": "body",
				"pivot": [0, 10.5, 0]
			},
			{
				"name": "bone",
				"parent": "sittingRotationSkirt",
				"pivot": [0, 15.5, 0]
			},
			{
				"name": "bone2",
				"parent": "bone",
				"pivot": [0, 5, 0]
			},
			{
				"name": "bone3",
				"parent": "bone2",
				"pivot": [0, 5, 3.98916],
				"rotation": [6, 0, 0],
				"cubes": [
					{"origin": [-2, 4.79208, 3.98916], "size": [4, 6, 0], "uv": [50, 32]}
				]
			},
			{
				"name": "bone4",
				"parent": "bone3",
				"pivot": [-2, 4.79208, 3.98916],
				"rotation": [0, 0, 5.96737],
				"cubes": [
					{"origin": [-4, 4.79208, 3.98816], "size": [2, 6, 0], "uv": [12, 55]}
				]
			},
			{
				"name": "bone5",
				"parent": "bone3",
				"pivot": [2, 4.79208, 3.98916],
				"rotation": [0, 0, -5.96737],
				"cubes": [
					{"origin": [2, 4.79208, 3.99016], "size": [2, 6, 0], "uv": [8, 55]}
				]
			},
			{
				"name": "bone6",
				"parent": "bone",
				"pivot": [0, 5, 0],
				"rotation": [0, -90, 0]
			},
			{
				"name": "bone7",
				"parent": "bone6",
				"pivot": [0, 5, 3.98916],
				"rotation": [6, 0, 0],
				"cubes": [
					{"origin": [-2, 4.79208, 3.98916], "size": [4, 6, 0], "uv": [24, 16]}
				]
			},
			{
				"name": "bone8",
				"parent": "bone7",
				"pivot": [-2, 4.79208, 3.98916],
				"rotation": [0, 0, 5.96737],
				"cubes": [
					{"origin": [-4, 4.79208, 3.98816], "size": [2, 6, 0], "uv": [4, 54]}
				]
			},
			{
				"name": "bone9",
				"parent": "bone7",
				"pivot": [2, 4.79208, 3.98916],
				"rotation": [0, 0, -5.96737],
				"cubes": [
					{"origin": [2, 4.79208, 3.99016], "size": [2, 6, 0], "uv": [0, 54]}
				]
			},
			{
				"name": "bone10",
				"parent": "bone",
				"pivot": [0, 5, 0],
				"rotation": [0, -180, 0]
			},
			{
				"name": "bone11",
				"parent": "bone10",
				"pivot": [0, 5, 3.98916],
				"rotation": [6, 0, 0],
				"cubes": [
					{"origin": [-2, 4.79208, 3.98916], "size": [4, 6, 0], "uv": [0, 16]}
				]
			},
			{
				"name": "bone12",
				"parent": "bone11",
				"pivot": [-2, 4.79208, 3.98916],
				"rotation": [0, 0, 5.96737],
				"cubes": [
					{"origin": [-4, 4.79208, 3.98816], "size": [2, 6, 0], "uv": [52, 53]}
				]
			},
			{
				"name": "bone13",
				"parent": "bone11",
				"pivot": [2, 4.79208, 3.98916],
				"rotation": [0, 0, -5.96737],
				"cubes": [
					{"origin": [2, 4.79208, 3.99016], "size": [2, 6, 0], "uv": [48, 53]}
				]
			},
			{
				"name": "bone14",
				"parent": "bone",
				"pivot": [0, 5, 0],
				"rotation": [0, -270, 0]
			},
			{
				"name": "bone15",
				"parent": "bone14",
				"pivot": [0, 5, 3.98916],
				"rotation": [6, 0, 0],
				"cubes": [
					{"origin": [-2, 4.79208, 3.98916], "size": [4, 6, 0], "uv": [0, 0]}
				]
			},
			{
				"name": "bone16",
				"parent": "bone15",
				"pivot": [-2, 4.79208, 3.98916],
				"rotation": [0, 0, 5.96737],
				"cubes": [
					{"origin": [-4, 4.79208, 3.98816], "size": [2, 6, 0], "uv": [53, 44]}
				]
			},
			{
				"name": "bone17",
				"parent": "bone15",
				"pivot": [2, 4.79208, 3.98916],
				"rotation": [0, 0, -5.96737],
				"cubes": [
					{"origin": [2, 4.79208, 3.99016], "size": [2, 6, 0], "uv": [44, 53]}
				]
			},
			{
				"name": "deco3",
				"parent": "body",
				"pivot": [0, 25.25, -4.05],
				"rotation": [-6, 0, 0]
			},
			{
				"name": "bone20",
				"parent": "deco3",
				"pivot": [0, 12.75, 1.95]
			},
			{
				"name": "bone21",
				"parent": "bone20",
				"pivot": [0, 25.25, -4.55],
				"rotation": [0, 0, 5],
				"cubes": [
					{"origin": [-2.2191, 15.88128, -3.11472], "size": [3, 1, 1], "uv": [53, 14]}
				]
			},
			{
				"name": "bone22",
				"parent": "bone20",
				"pivot": [0, 25.25, -4.55],
				"rotation": [0, 0, -15],
				"cubes": [
					{"origin": [-5.28956, 16.20526, -3.11472], "size": [3, 1, 1], "uv": [53, 8]}
				]
			},
			{
				"name": "bone23",
				"parent": "deco3",
				"pivot": [0, 12.75, 1.95]
			},
			{
				"name": "bone24",
				"parent": "bone23",
				"pivot": [0, 25.25, -4.55],
				"rotation": [0, 0, -5],
				"cubes": [
					{"origin": [-0.7809, 15.88128, -3.11472], "size": [3, 1, 1], "uv": [49, 51]}
				]
			},
			{
				"name": "bone25",
				"parent": "bone23",
				"pivot": [0, 25.25, -4.55],
				"rotation": [0, 0, 15],
				"cubes": [
					{"origin": [2.28956, 16.20526, -3.11472], "size": [3, 1, 1], "uv": [41, 51]}
				]
			},
			{
				"name": "bone28",
				"parent": "deco3",
				"pivot": [0, 12.75, 1.95],
				"cubes": [
					{"origin": [-0.5, 15.90383, -3.11472], "size": [1, 1, 1], "uv": [32, 55], "inflate": 0.1}
				]
			},
			{
				"name": "bone29",
				"parent": "deco3",
				"pivot": [-0.5, 25.21527, -4.24696],
				"rotation": [0, 0, 20],
				"cubes": [
					{"origin": [2.02557, 13.90259, -2.31168], "size": [1, 3, 0], "uv": [32, 8]}
				]
			},
			{
				"name": "bone30",
				"parent": "deco3",
				"pivot": [0.5, 25.21527, -4.24696],
				"rotation": [0, 0, -20],
				"cubes": [
					{"origin": [-3.02557, 13.90259, -2.31168], "size": [1, 3, 0], "uv": [0, 32]}
				]
			},
			{
				"name": "deco4",
				"parent": "body",
				"pivot": [1, 24.25, -2.05],
				"rotation": [-21, 32.5, 0]
			},
			{
				"name": "bone124",
				"parent": "deco4",
				"pivot": [1, 11.75, 3.95]
			},
			{
				"name": "bone125",
				"parent": "bone124",
				"pivot": [1, 24.25, -2.55],
				"rotation": [0, 0, -5],
				"cubes": [
					{"origin": [-3.37624, 8.20759, -0.38302], "size": [3, 1, 1], "uv": [51, 40]}
				]
			},
			{
				"name": "bone126",
				"parent": "bone124",
				"pivot": [1, 24.25, -2.55],
				"rotation": [0, 0, 15],
				"cubes": [
					{"origin": [2.19359, 7.70436, -0.38302], "size": [3, 1, 1], "uv": [33, 51]}
				]
			},
			{
				"name": "bone127",
				"parent": "deco4",
				"pivot": [1, 11.75, 3.95]
			},
			{
				"name": "bone128",
				"parent": "bone127",
				"pivot": [1, 24.25, -2.55],
				"rotation": [0, 0, 5],
				"cubes": [
					{"origin": [-3.60093, 7.68465, -0.38302], "size": [3, 1, 1], "uv": [25, 51]}
				]
			},
			{
				"name": "bone129",
				"parent": "bone127",
				"pivot": [1, 24.25, -2.55],
				"rotation": [0, 0, -15],
				"cubes": [
					{"origin": [-8.98914, 9.25727, -0.38302], "size": [3, 1, 1], "uv": [17, 51]}
				]
			},
			{
				"name": "bone130",
				"parent": "deco4",
				"pivot": [1, 11.75, 3.95],
				"cubes": [
					{"origin": [-2.5, 7.94218, -0.38302], "size": [1, 1, 1], "uv": [21, 32], "inflate": 0.1}
				]
			},
			{
				"name": "bone131",
				"parent": "deco4",
				"pivot": [1.5, 24.21527, -2.24696],
				"rotation": [0, 0, -20],
				"cubes": [
					{"origin": [-7.22567, 7.38684, 0.42002], "size": [1, 3, 0], "uv": [28, 3]}
				]
			},
			{
				"name": "bone132",
				"parent": "deco4",
				"pivot": [0.5, 24.21527, -2.24696],
				"rotation": [0, 0, 20],
				"cubes": [
					{"origin": [2.58752, 5.33472, 0.42002], "size": [1, 3, 0], "uv": [28, 0]}
				]
			},
			{
				"name": "deco5",
				"parent": "body",
				"pivot": [1, 28.25, -2.05],
				"rotation": [-21, 32.5, 0]
			},
			{
				"name": "bone74",
				"parent": "deco5",
				"pivot": [1, 15.75, 3.95]
			},
			{
				"name": "bone75",
				"parent": "bone74",
				"pivot": [1, 28.25, -2.55],
				"rotation": [0, 0, -5],
				"cubes": [
					{"origin": [-3.37624, 12.20759, -0.38302], "size": [3, 1, 1], "uv": [50, 38]}
				]
			},
			{
				"name": "bone76",
				"parent": "bone74",
				"pivot": [1, 28.25, -2.55],
				"rotation": [0, 0, 15],
				"cubes": [
					{"origin": [2.19359, 11.70436, -0.38302], "size": [3, 1, 1], "uv": [24, 22]}
				]
			},
			{
				"name": "bone77",
				"parent": "deco5",
				"pivot": [1, 15.75, 3.95]
			},
			{
				"name": "bone78",
				"parent": "bone77",
				"pivot": [1, 28.25, -2.55],
				"rotation": [0, 0, 5],
				"cubes": [
					{"origin": [-3.60093, 11.68465, -0.38302], "size": [3, 1, 1], "uv": [0, 22]}
				]
			},
			{
				"name": "bone79",
				"parent": "bone77",
				"pivot": [1, 28.25, -2.55],
				"rotation": [0, 0, -15],
				"cubes": [
					{"origin": [-8.98914, 13.25727, -0.38302], "size": [3, 1, 1], "uv": [0, 6]}
				]
			},
			{
				"name": "bone80",
				"parent": "deco5",
				"pivot": [1, 15.75, 3.95],
				"cubes": [
					{"origin": [-2.5, 11.94218, -0.38302], "size": [1, 1, 1], "uv": [9, 32], "inflate": 0.1}
				]
			},
			{
				"name": "bone81",
				"parent": "deco5",
				"pivot": [1.5, 28.21527, -2.24696],
				"rotation": [0, 0, -20]
			},
			{
				"name": "bone82",
				"parent": "deco5",
				"pivot": [0.5, 28.21527, -2.24696],
				"rotation": [0, 0, 20]
			},
			{
				"name": "legLeft",
				"pivot": [2, 9, 0],
				"cubes": [
					{"origin": [0.499, 0, -1.5], "size": [3, 9, 3], "uv": [32, 8]}
				]
			},
			{
				"name": "bone31",
				"parent": "legLeft",
				"pivot": [2, 9, 0],
				"cubes": [
					{"origin": [0.49, 0, -1.5], "size": [3, 7, 3], "uv": [21, 41], "inflate": 0.1}
				]
			},
			{
				"name": "bone33",
				"parent": "bone31",
				"pivot": [2, 9, 0]
			},
			{
				"name": "bone52",
				"parent": "bone33",
				"pivot": [4, 16, 0]
			},
			{
				"name": "bone53",
				"parent": "bone52",
				"pivot": [2, 7, 0]
			},
			{
				"name": "bone54",
				"parent": "bone53",
				"pivot": [2, 7, 1.93142],
				"rotation": [23, 0, 0],
				"cubes": [
					{"origin": [1, 6.63606, 1.93142], "size": [2, 2, 0], "uv": [42, 41]}
				]
			},
			{
				"name": "bone55",
				"parent": "bone54",
				"pivot": [1, 6.63606, 1.93142],
				"rotation": [0, 0, 21.34213],
				"cubes": [
					{"origin": [0, 6.63606, 1.93042], "size": [1, 2, 0], "uv": [34, 41]}
				]
			},
			{
				"name": "bone56",
				"parent": "bone54",
				"pivot": [3, 6.63606, 1.93142],
				"rotation": [0, 0, -21.34213],
				"cubes": [
					{"origin": [3, 6.63606, 1.93242], "size": [1, 2, 0], "uv": [24, 39]}
				]
			},
			{
				"name": "bone57",
				"parent": "bone52",
				"pivot": [2, 7, 0],
				"rotation": [0, -90, 0]
			},
			{
				"name": "bone58",
				"parent": "bone57",
				"pivot": [2, 7, 1.93142],
				"rotation": [23, 0, 0],
				"cubes": [
					{"origin": [1, 6.63606, 1.93142], "size": [2, 2, 0], "uv": [18, 42]}
				]
			},
			{
				"name": "bone59",
				"parent": "bone58",
				"pivot": [1, 6.63606, 1.93142],
				"rotation": [0, 0, 21.34213],
				"cubes": [
					{"origin": [0, 6.63606, 1.93042], "size": [1, 2, 0], "uv": [38, 4]}
				]
			},
			{
				"name": "bone60",
				"parent": "bone58",
				"pivot": [3, 6.63606, 1.93142],
				"rotation": [0, 0, -21.34213],
				"cubes": [
					{"origin": [3, 6.63606, 1.93242], "size": [1, 2, 0], "uv": [38, 2]}
				]
			},
			{
				"name": "bone61",
				"parent": "bone52",
				"pivot": [2, 7, 0],
				"rotation": [0, -180, 0]
			},
			{
				"name": "bone62",
				"parent": "bone61",
				"pivot": [2, 7, 1.93142],
				"rotation": [23, 0, 0],
				"cubes": [
					{"origin": [1, 6.63606, 1.93142], "size": [2, 2, 0], "uv": [30, 41]}
				]
			},
			{
				"name": "bone63",
				"parent": "bone62",
				"pivot": [1, 6.63606, 1.93142],
				"rotation": [0, 0, 21.34213],
				"cubes": [
					{"origin": [0, 6.63606, 1.93042], "size": [1, 2, 0], "uv": [38, 0]}
				]
			},
			{
				"name": "bone64",
				"parent": "bone62",
				"pivot": [3, 6.63606, 1.93142],
				"rotation": [0, 0, -21.34213],
				"cubes": [
					{"origin": [3, 6.63606, 1.93242], "size": [1, 2, 0], "uv": [24, 37]}
				]
			},
			{
				"name": "bone65",
				"parent": "bone52",
				"pivot": [2, 7, 0],
				"rotation": [0, -270, 0]
			},
			{
				"name": "bone66",
				"parent": "bone65",
				"pivot": [2, 7, 1.93142],
				"rotation": [23, 0, 0],
				"cubes": [
					{"origin": [1, 6.63606, 1.93142], "size": [2, 2, 0], "uv": [41, 8]}
				]
			},
			{
				"name": "bone67",
				"parent": "bone66",
				"pivot": [1, 6.63606, 1.93142],
				"rotation": [0, 0, 21.34213],
				"cubes": [
					{"origin": [0, 6.63606, 1.93042], "size": [1, 2, 0], "uv": [24, 35]}
				]
			},
			{
				"name": "bone68",
				"parent": "bone66",
				"pivot": [3, 6.63606, 1.93142],
				"rotation": [0, 0, -21.34213],
				"cubes": [
					{"origin": [3, 6.63606, 1.93242], "size": [1, 2, 0], "uv": [13, 32]}
				]
			},
			{
				"name": "bone69",
				"parent": "legLeft",
				"pivot": [2, 9, 0],
				"cubes": [
					{"origin": [0.499, 0, -1.5], "size": [3, 2, 3], "uv": [8, 50], "inflate": 0.2}
				]
			},
			{
				"name": "legRight",
				"pivot": [-2, 9, 0],
				"cubes": [
					{"origin": [-3.499, 0, -1.5], "size": [3, 9, 3], "uv": [0, 32]}
				]
			},
			{
				"name": "bone32",
				"parent": "legRight",
				"pivot": [-2, 9, 0],
				"cubes": [
					{"origin": [-3.499, 0, -1.5], "size": [3, 5, 3], "uv": [9, 42], "inflate": 0.1}
				]
			},
			{
				"name": "bone34",
				"parent": "bone32",
				"pivot": [-4, 13, 0]
			},
			{
				"name": "bone35",
				"parent": "bone34",
				"pivot": [-4, 13, 0]
			},
			{
				"name": "bone36",
				"parent": "bone35",
				"pivot": [-2, 4, 0]
			},
			{
				"name": "bone37",
				"parent": "bone36",
				"pivot": [-2, 4, 1.9681],
				"rotation": [15, 0, 0],
				"cubes": [
					{"origin": [-3, 4.74944, 1.9681], "size": [2, 1, 0], "uv": [30, 43]}
				]
			},
			{
				"name": "bone38",
				"parent": "bone37",
				"pivot": [-3, 3.74944, 1.9681],
				"rotation": [0, 0, 14.51082],
				"cubes": [
					{"origin": [-4, 4.74944, 1.9671], "size": [1, 1, 0], "uv": [6, 44]}
				]
			},
			{
				"name": "bone39",
				"parent": "bone37",
				"pivot": [-1, 3.74944, 1.9681],
				"rotation": [0, 0, -14.51082],
				"cubes": [
					{"origin": [-1, 4.74944, 1.9691], "size": [1, 1, 0], "uv": [0, 44]}
				]
			},
			{
				"name": "bone40",
				"parent": "bone35",
				"pivot": [-2, 4, 0],
				"rotation": [0, -90, 0]
			},
			{
				"name": "bone41",
				"parent": "bone40",
				"pivot": [-2, 4, 1.9681],
				"rotation": [15, 0, 0],
				"cubes": [
					{"origin": [-3, 4.74944, 1.9681], "size": [2, 1, 0], "uv": [41, 10]}
				]
			},
			{
				"name": "bone42",
				"parent": "bone41",
				"pivot": [-3, 3.74944, 1.9681],
				"rotation": [0, 0, 14.51082],
				"cubes": [
					{"origin": [-4, 4.74944, 1.9671], "size": [1, 1, 0], "uv": [42, 43]}
				]
			},
			{
				"name": "bone43",
				"parent": "bone41",
				"pivot": [-1, 3.74944, 1.9681],
				"rotation": [0, 0, -14.51082],
				"cubes": [
					{"origin": [-1, 4.74944, 1.9691], "size": [1, 1, 0], "uv": [34, 43]}
				]
			},
			{
				"name": "bone44",
				"parent": "bone35",
				"pivot": [-2, 4, 0],
				"rotation": [0, -180, 0]
			},
			{
				"name": "bone45",
				"parent": "bone44",
				"pivot": [-2, 4, 1.9681],
				"rotation": [15, 0, 0],
				"cubes": [
					{"origin": [-3, 4.74944, 1.9681], "size": [2, 1, 0], "uv": [21, 34]}
				]
			},
			{
				"name": "bone46",
				"parent": "bone45",
				"pivot": [-3, 3.74944, 1.9681],
				"rotation": [0, 0, 14.51082],
				"cubes": [
					{"origin": [-4, 4.74944, 1.9671], "size": [1, 1, 0], "uv": [22, 43]}
				]
			},
			{
				"name": "bone47",
				"parent": "bone45",
				"pivot": [-1, 3.74944, 1.9681],
				"rotation": [0, 0, -14.51082],
				"cubes": [
					{"origin": [-1, 4.74944, 1.9691], "size": [1, 1, 0], "uv": [22, 42]}
				]
			},
			{
				"name": "bone48",
				"parent": "bone35",
				"pivot": [-2, 4, 0],
				"rotation": [0, -270, 0]
			},
			{
				"name": "bone49",
				"parent": "bone48",
				"pivot": [-2, 4, 1.9681],
				"rotation": [15, 0, 0],
				"cubes": [
					{"origin": [-3, 4.74944, 1.9681], "size": [2, 1, 0], "uv": [9, 34]}
				]
			},
			{
				"name": "bone50",
				"parent": "bone49",
				"pivot": [-3, 3.74944, 1.9681],
				"rotation": [0, 0, 14.51082],
				"cubes": [
					{"origin": [-4, 4.74944, 1.9671], "size": [1, 1, 0], "uv": [13, 34]}
				]
			},
			{
				"name": "bone51",
				"parent": "bone49",
				"pivot": [-1, 3.74944, 1.9681],
				"rotation": [0, 0, -14.51082],
				"cubes": [
					{"origin": [-1, 4.74944, 1.9691], "size": [1, 1, 0], "uv": [24, 32]}
				]
			},
			{
				"name": "bone70",
				"parent": "legRight",
				"pivot": [-2, 9, 0],
				"cubes": [
					{"origin": [-3.499, 0, -1.5], "size": [3, 2, 3], "uv": [48, 20], "inflate": 0.2}
				]
			},
			{
				"name": "tail",
				"pivot": [0, 8, 4],
				"rotation": [20, 0, 0],
				"cubes": [
					{"origin": [-1, 7, 2], "size": [2, 2, 6], "uv": [24, 0]}
				]
			}
		]
	}
}