{
	"format_version": "1.10.0",
	"geometry.model": {
		"texturewidth": 128,
		"textureheight": 128,
		"visible_bounds_width": 3,
		"visible_bounds_height": 4,
		"visible_bounds_offset": [0, 1, 0],
		"bones": [
			{
				"name": "head",
				"pivot": [0, 18, 0],
				"cubes": [
					{"origin": [-4, 18, -4], "size": [8, 8, 8], "uv": [24, 9]},
					{"origin": [-4, 18, -4], "size": [8, 8, 8], "uv": [0, 17], "inflate": 0.1}
				]
			},
			{
				"name": "blink",
				"parent": "head",
				"pivot": [0, 18, 0],
				"cubes": [
					{"origin": [-4, 18, -4.001], "size": [8, 8, 0], "uv": [48, 0]}
				]
			},
			{
				"name": "hair",
				"parent": "head",
				"pivot": [0, 18, 0],
				"rotation": [30, 0, 0],
				"cubes": [
					{"origin": [-4, 8, -4], "size": [8, 9, 8], "uv": [0, 0]}
				]
			},
			{
				"name": "bz",
				"parent": "head",
				"pivot": [0, 18, 0]
			},
			{
				"name": "bone65",
				"parent": "bz",
				"pivot": [-1, 17, 0],
				"rotation": [0, 0, 10],
				"cubes": [
					{"origin": [-6, 23, -3], "size": [1, 1, 1], "uv": [48, 15]}
				]
			},
			{
				"name": "bone66",
				"parent": "bone65",
				"pivot": [-1, 17, 0],
				"rotation": [0, 0, 12.5],
				"cubes": [
					{"origin": [-8, 11, -3], "size": [1, 12, 1], "uv": [12, 60], "inflate": 0.1}
				]
			},
			{
				"name": "bone67",
				"parent": "bz",
				"pivot": [1, 17, 0],
				"rotation": [0, 0, -10],
				"cubes": [
					{"origin": [5, 23, -3], "size": [1, 1, 1], "uv": [9, 48]}
				]
			},
			{
				"name": "bone68",
				"parent": "bone67",
				"pivot": [1, 17, 0],
				"rotation": [0, 0, -12.5],
				"cubes": [
					{"origin": [7, 11, -3], "size": [1, 12, 1], "uv": [8, 59], "inflate": 0.1}
				]
			},
			{
				"name": "decoration3",
				"parent": "head",
				"pivot": [0, 18, 0],
				"cubes": [
					{"origin": [-4.5, 24.25, -2], "size": [9, 2, 3], "uv": [24, 0]},
					{"origin": [-2.5, 25.75, -2], "size": [1, 1, 1], "uv": [42, 25]},
					{"origin": [-2.5, 25.75, 0], "size": [1, 1, 1], "uv": [38, 25]},
					{"origin": [-0.5, 25.75, -2], "size": [1, 1, 1], "uv": [18, 37]},
					{"origin": [-0.5, 25.75, 0], "size": [1, 1, 1], "uv": [36, 5]},
					{"origin": [1.5, 25.75, -2], "size": [1, 1, 1], "uv": [22, 33]},
					{"origin": [1.5, 25.75, 0], "size": [1, 1, 1], "uv": [30, 5]}
				]
			},
			{
				"name": "armRight",
				"pivot": [-3, 17.5, 0],
				"rotation": [0, 0, 25],
				"cubes": [
					{"origin": [-5, 8.5, -1], "size": [2, 8, 2], "uv": [0, 59]},
					{"origin": [-5.5, 9.5, -1.5], "size": [3, 8, 3], "uv": [12, 49]}
				]
			},
			{
				"name": "bone63",
				"parent": "armRight",
				"pivot": [-3, 17.5, 0],
				"rotation": [0, 0, 17.5],
				"cubes": [
					{"origin": [-5.5, 13.5, -1.5], "size": [3, 4, 3], "uv": [48, 8], "inflate": 0.2}
				]
			},
			{
				"name": "bone64",
				"parent": "bone63",
				"pivot": [-3, 17.5, 0],
				"rotation": [0, 0, -22.5],
				"cubes": [
					{"origin": [-5.5, 13.5, -1.5], "size": [3, 3, 3], "uv": [52, 36]}
				]
			},
			{
				"name": "armLeft",
				"pivot": [3, 17.5, 0],
				"rotation": [0, 0, -25],
				"cubes": [
					{"origin": [2.5, 9.5, -1.5], "size": [3, 8, 3], "uv": [0, 48]},
					{"origin": [3, 8.5, -1], "size": [2, 8, 2], "uv": [44, 53]}
				]
			},
			{
				"name": "bone61",
				"parent": "armLeft",
				"pivot": [3, 16.5, 0],
				"rotation": [0, 0, -17.5],
				"cubes": [
					{"origin": [2.5, 13.5, -1.5], "size": [3, 4, 3], "uv": [55, 43], "inflate": 0.2}
				]
			},
			{
				"name": "bone62",
				"parent": "bone61",
				"pivot": [3, 16.5, 0],
				"rotation": [0, 0, 12.5],
				"cubes": [
					{"origin": [2.5, 14.5, -1.5], "size": [3, 3, 3], "uv": [56, 15], "inflate": 0.2}
				]
			},
			{
				"name": "body",
				"pivot": [0, 10.5, 0],
				"cubes": [
					{"origin": [-3, 8.999, -3], "size": [6, 9, 6], "uv": [0, 33]},
					{"origin": [-3, 8.999, -3], "size": [6, 9, 6], "uv": [26, 27], "inflate": 0.1}
				]
			},
			{
				"name": "sittingRotationSkirt",
				"parent": "body",
				"pivot": [0, 10.5, 0]
			},
			{
				"name": "bone",
				"parent": "sittingRotationSkirt",
				"pivot": [0, 16.5, 0]
			},
			{
				"name": "bone2",
				"parent": "bone",
				"pivot": [0, 6, 0]
			},
			{
				"name": "bone3",
				"parent": "bone2",
				"pivot": [0, 6, 6.65335],
				"rotation": [45, 0, 0]
			},
			{
				"name": "bone4",
				"parent": "bone3",
				"pivot": [0, 6, 6.65335],
				"rotation": [0, -45, 0],
				"cubes": [
					{"origin": [-1, 6, 5.65335], "size": [2, 7, 2], "uv": [0, 69]}
				]
			},
			{
				"name": "bone5",
				"parent": "bone",
				"pivot": [0, 6, 0],
				"rotation": [0, -24, 0]
			},
			{
				"name": "bone6",
				"parent": "bone5",
				"pivot": [0, 6, 6.65335],
				"rotation": [45, 0, 0]
			},
			{
				"name": "bone7",
				"parent": "bone6",
				"pivot": [0, 6, 6.65335],
				"rotation": [0, -45, 0],
				"cubes": [
					{"origin": [-1, 6, 5.65335], "size": [2, 7, 2], "uv": [68, 13]}
				]
			},
			{
				"name": "bone8",
				"parent": "bone",
				"pivot": [0, 6, 0],
				"rotation": [0, -48, 0]
			},
			{
				"name": "bone9",
				"parent": "bone8",
				"pivot": [0, 6, 6.65335],
				"rotation": [45, 0, 0]
			},
			{
				"name": "bone10",
				"parent": "bone9",
				"pivot": [0, 6, 6.65335],
				"rotation": [0, -45, 0],
				"cubes": [
					{"origin": [-1, 6, 5.65335], "size": [2, 7, 2], "uv": [58, 67]}
				]
			},
			{
				"name": "bone11",
				"parent": "bone",
				"pivot": [0, 6, 0],
				"rotation": [0, -72, 0]
			},
			{
				"name": "bone12",
				"parent": "bone11",
				"pivot": [0, 6, 6.65335],
				"rotation": [45, 0, 0]
			},
			{
				"name": "bone13",
				"parent": "bone12",
				"pivot": [0, 6, 6.65335],
				"rotation": [0, -45, 0],
				"cubes": [
					{"origin": [-1, 6, 5.65335], "size": [2, 7, 2], "uv": [67, 39]}
				]
			},
			{
				"name": "bone14",
				"parent": "bone",
				"pivot": [0, 6, 0],
				"rotation": [0, -96, 0]
			},
			{
				"name": "bone15",
				"parent": "bone14",
				"pivot": [0, 6, 6.65335],
				"rotation": [45, 0, 0]
			},
			{
				"name": "bone16",
				"parent": "bone15",
				"pivot": [0, 6, 6.65335],
				"rotation": [0, -45, 0],
				"cubes": [
					{"origin": [-1, 6, 5.65335], "size": [2, 7, 2], "uv": [66, 65]}
				]
			},
			{
				"name": "bone17",
				"parent": "bone",
				"pivot": [0, 6, 0],
				"rotation": [0, -120, 0]
			},
			{
				"name": "bone18",
				"parent": "bone17",
				"pivot": [0, 6, 6.65335],
				"rotation": [45, 0, 0]
			},
			{
				"name": "bone19",
				"parent": "bone18",
				"pivot": [0, 6, 6.65335],
				"rotation": [0, -45, 0],
				"cubes": [
					{"origin": [-1, 6, 5.65335], "size": [2, 7, 2], "uv": [65, 48]}
				]
			},
			{
				"name": "bone20",
				"parent": "bone",
				"pivot": [0, 6, 0],
				"rotation": [0, -144, 0]
			},
			{
				"name": "bone21",
				"parent": "bone20",
				"pivot": [0, 6, 6.65335],
				"rotation": [45, 0, 0]
			},
			{
				"name": "bone22",
				"parent": "bone21",
				"pivot": [0, 6, 6.65335],
				"rotation": [0, -45, 0],
				"cubes": [
					{"origin": [-1, 6, 5.65335], "size": [2, 7, 2], "uv": [40, 63]}
				]
			},
			{
				"name": "bone23",
				"parent": "bone",
				"pivot": [0, 6, 0],
				"rotation": [0, -168, 0]
			},
			{
				"name": "bone24",
				"parent": "bone23",
				"pivot": [0, 6, 6.65335],
				"rotation": [45, 0, 0]
			},
			{
				"name": "bone25",
				"parent": "bone24",
				"pivot": [0, 6, 6.65335],
				"rotation": [0, -45, 0],
				"cubes": [
					{"origin": [-1, 6, 5.65335], "size": [2, 7, 2], "uv": [32, 63]}
				]
			},
			{
				"name": "bone26",
				"parent": "bone",
				"pivot": [0, 6, 0],
				"rotation": [0, -192, 0]
			},
			{
				"name": "bone27",
				"parent": "bone26",
				"pivot": [0, 6, 6.65335],
				"rotation": [45, 0, 0]
			},
			{
				"name": "bone28",
				"parent": "bone27",
				"pivot": [0, 6, 6.65335],
				"rotation": [0, -45, 0],
				"cubes": [
					{"origin": [-1, 6, 5.65335], "size": [2, 7, 2], "uv": [62, 30]}
				]
			},
			{
				"name": "bone29",
				"parent": "bone",
				"pivot": [0, 6, 0],
				"rotation": [0, -216, 0]
			},
			{
				"name": "bone30",
				"parent": "bone29",
				"pivot": [0, 6, 6.65335],
				"rotation": [45, 0, 0]
			},
			{
				"name": "bone31",
				"parent": "bone30",
				"pivot": [0, 6, 6.65335],
				"rotation": [0, -45, 0],
				"cubes": [
					{"origin": [-1, 6, 5.65335], "size": [2, 7, 2], "uv": [62, 21]}
				]
			},
			{
				"name": "bone32",
				"parent": "bone",
				"pivot": [0, 6, 0],
				"rotation": [0, -240, 0]
			},
			{
				"name": "bone33",
				"parent": "bone32",
				"pivot": [0, 6, 6.65335],
				"rotation": [45, 0, 0]
			},
			{
				"name": "bone34",
				"parent": "bone33",
				"pivot": [0, 6, 6.65335],
				"rotation": [0, -45, 0],
				"cubes": [
					{"origin": [-1, 6, 5.65335], "size": [2, 7, 2], "uv": [62, 6]}
				]
			},
			{
				"name": "bone35",
				"parent": "bone",
				"pivot": [0, 6, 0],
				"rotation": [0, -264, 0]
			},
			{
				"name": "bone36",
				"parent": "bone35",
				"pivot": [0, 6, 6.65335],
				"rotation": [45, 0, 0]
			},
			{
				"name": "bone37",
				"parent": "bone36",
				"pivot": [0, 6, 6.65335],
				"rotation": [0, -45, 0],
				"cubes": [
					{"origin": [-1, 6, 5.65335], "size": [2, 7, 2], "uv": [60, 58]}
				]
			},
			{
				"name": "bone38",
				"parent": "bone",
				"pivot": [0, 6, 0],
				"rotation": [0, -288, 0]
			},
			{
				"name": "bone39",
				"parent": "bone38",
				"pivot": [0, 6, 6.65335],
				"rotation": [45, 0, 0]
			},
			{
				"name": "bone40",
				"parent": "bone39",
				"pivot": [0, 6, 6.65335],
				"rotation": [0, -45, 0],
				"cubes": [
					{"origin": [-1, 6, 5.65335], "size": [2, 7, 2], "uv": [52, 60]}
				]
			},
			{
				"name": "bone41",
				"parent": "bone",
				"pivot": [0, 6, 0],
				"rotation": [0, -312, 0]
			},
			{
				"name": "bone42",
				"parent": "bone41",
				"pivot": [0, 6, 6.65335],
				"rotation": [45, 0, 0]
			},
			{
				"name": "bone43",
				"parent": "bone42",
				"pivot": [0, 6, 6.65335],
				"rotation": [0, -45, 0],
				"cubes": [
					{"origin": [-1, 6, 5.65335], "size": [2, 7, 2], "uv": [24, 60]}
				]
			},
			{
				"name": "bone44",
				"parent": "bone",
				"pivot": [0, 6, 0],
				"rotation": [0, -336, 0]
			},
			{
				"name": "bone45",
				"parent": "bone44",
				"pivot": [0, 6, 6.65335],
				"rotation": [45, 0, 0]
			},
			{
				"name": "bone46",
				"parent": "bone45",
				"pivot": [0, 6, 6.65335],
				"rotation": [0, -45, 0],
				"cubes": [
					{"origin": [-1, 6, 5.65335], "size": [2, 7, 2], "uv": [16, 60]}
				]
			},
			{
				"name": "hu1",
				"parent": "body",
				"pivot": [0, 8.5, 0]
			},
			{
				"name": "bone69",
				"parent": "hu1",
				"pivot": [0, 8.5, 0],
				"cubes": [
					{"origin": [-0.5, 14.5, -4], "size": [1, 1, 1], "uv": [4, 20]}
				]
			},
			{
				"name": "bone70",
				"parent": "hu1",
				"pivot": [0, 8.5, 0],
				"rotation": [0, 0, 10],
				"cubes": [
					{"origin": [-3, 14.5, -4], "size": [2, 1, 1], "uv": [0, 37]}
				]
			},
			{
				"name": "bone71",
				"parent": "hu1",
				"pivot": [0, 8.5, 0],
				"rotation": [0, 0, 15],
				"cubes": [
					{"origin": [-3, 12.5, -4], "size": [1, 2, 1], "uv": [44, 43]}
				]
			},
			{
				"name": "hu2",
				"parent": "body",
				"pivot": [0, 8.5, 0]
			},
			{
				"name": "bone73",
				"parent": "hu2",
				"pivot": [0, 8.5, 0],
				"rotation": [0, 0, -10],
				"cubes": [
					{"origin": [1, 14.5, -4], "size": [2, 1, 1], "uv": [32, 25]}
				]
			},
			{
				"name": "bone74",
				"parent": "hu2",
				"pivot": [0, 8.5, 0],
				"rotation": [0, 0, -15],
				"cubes": [
					{"origin": [2, 12.5, -4], "size": [1, 2, 1], "uv": [44, 5]}
				]
			},
			{
				"name": "legLeft",
				"pivot": [2, 9, 0],
				"cubes": [
					{"origin": [0.499, 0.1, -1.5], "size": [2.75, 8.9, 3], "uv": [52, 25]},
					{"origin": [0.499, 0.1, -1.5], "size": [2.75, 7.9, 3], "uv": [34, 53], "inflate": 0.1},
					{"origin": [0.499, 0.1, -1.5], "size": [2.75, 3, 3], "uv": [64, 0], "inflate": 0.2}
				]
			},
			{
				"name": "bone96",
				"parent": "legLeft",
				"pivot": [4, 11, 0]
			},
			{
				"name": "bone97",
				"parent": "bone96",
				"pivot": [2, 2, 0]
			},
			{
				"name": "bone98",
				"parent": "bone97",
				"pivot": [2, 2, 2.62205],
				"rotation": [42, 0, 0]
			},
			{
				"name": "bone99",
				"parent": "bone98",
				"pivot": [2, 2, 2.62205],
				"rotation": [0, -52.36778, 0],
				"cubes": [
					{"origin": [1.229, 2, 1.62205], "size": [1.542, 2, 2], "uv": [44, 29]}
				]
			},
			{
				"name": "bone100",
				"parent": "bone96",
				"pivot": [2, 2, 0],
				"rotation": [0, -51.42857, 0]
			},
			{
				"name": "bone101",
				"parent": "bone100",
				"pivot": [2, 2, 2.62205],
				"rotation": [42, 0, 0]
			},
			{
				"name": "bone102",
				"parent": "bone101",
				"pivot": [2, 2, 2.62205],
				"rotation": [0, -52.36778, 0],
				"cubes": [
					{"origin": [1.229, 2, 1.62205], "size": [1.542, 2, 2], "uv": [44, 25]}
				]
			},
			{
				"name": "bone103",
				"parent": "bone96",
				"pivot": [2, 2, 0],
				"rotation": [0, -102.85714, 0]
			},
			{
				"name": "bone104",
				"parent": "bone103",
				"pivot": [2, 2, 2.62205],
				"rotation": [42, 0, 0]
			},
			{
				"name": "bone105",
				"parent": "bone104",
				"pivot": [2, 2, 2.62205],
				"rotation": [0, -52.36778, 0],
				"cubes": [
					{"origin": [1.229, 2, 1.62205], "size": [1.542, 2, 2], "uv": [38, 5]}
				]
			},
			{
				"name": "bone106",
				"parent": "bone96",
				"pivot": [2, 2, 0],
				"rotation": [0, -154.28571, 0]
			},
			{
				"name": "bone107",
				"parent": "bone106",
				"pivot": [2, 2, 2.62205],
				"rotation": [42, 0, 0]
			},
			{
				"name": "bone108",
				"parent": "bone107",
				"pivot": [2, 2, 2.62205],
				"rotation": [0, -52.36778, 0],
				"cubes": [
					{"origin": [1.229, 2, 1.62205], "size": [1.542, 2, 2], "uv": [18, 33]}
				]
			},
			{
				"name": "bone109",
				"parent": "bone96",
				"pivot": [2, 2, 0],
				"rotation": [0, -205.71429, 0]
			},
			{
				"name": "bone110",
				"parent": "bone109",
				"pivot": [2, 2, 2.62205],
				"rotation": [42, 0, 0]
			},
			{
				"name": "bone111",
				"parent": "bone110",
				"pivot": [2, 2, 2.62205],
				"rotation": [0, -52.36778, 0],
				"cubes": [
					{"origin": [1.229, 2, 1.62205], "size": [1.542, 2, 2], "uv": [0, 33]}
				]
			},
			{
				"name": "bone112",
				"parent": "bone96",
				"pivot": [2, 2, 0],
				"rotation": [0, -257.14286, 0]
			},
			{
				"name": "bone113",
				"parent": "bone112",
				"pivot": [2, 2, 2.62205],
				"rotation": [42, 0, 0]
			},
			{
				"name": "bone114",
				"parent": "bone113",
				"pivot": [2, 2, 2.62205],
				"rotation": [0, -52.36778, 0],
				"cubes": [
					{"origin": [1.229, 2, 1.62205], "size": [1.542, 2, 2], "uv": [32, 5]}
				]
			},
			{
				"name": "bone115",
				"parent": "bone96",
				"pivot": [2, 2, 0],
				"rotation": [0, -308.57143, 0]
			},
			{
				"name": "bone116",
				"parent": "bone115",
				"pivot": [2, 2, 2.62205],
				"rotation": [42, 0, 0]
			},
			{
				"name": "bone117",
				"parent": "bone116",
				"pivot": [2, 2, 2.62205],
				"rotation": [0, -52.36778, 0],
				"cubes": [
					{"origin": [1.229, 2, 1.62205], "size": [1.542, 2, 2], "uv": [0, 20]}
				]
			},
			{
				"name": "legRight",
				"pivot": [-2, 9, 0],
				"cubes": [
					{"origin": [-3.249, 0.2, -1.5], "size": [2.75, 8.8, 3], "uv": [24, 49]},
					{"origin": [-3.249, 0.2, -1.5], "size": [2.75, 7.8, 3], "uv": [52, 50], "inflate": 0.1},
					{"origin": [-3.249, 0.2, -1.5], "size": [2.75, 3, 3], "uv": [68, 57], "inflate": 0.2}
				]
			},
			{
				"name": "bone72",
				"parent": "legRight",
				"pivot": [-4, 11, 0]
			},
			{
				"name": "bone75",
				"parent": "bone72",
				"pivot": [-2, 2, 0]
			},
			{
				"name": "bone76",
				"parent": "bone75",
				"pivot": [-2, 2, 2.62205],
				"rotation": [44, 0, 0]
			},
			{
				"name": "bone77",
				"parent": "bone76",
				"pivot": [-2, 2, 2.62205],
				"rotation": [0, -37.63222, 0],
				"cubes": [
					{"origin": [-3, 2, 1.85105], "size": [2, 2, 1.542], "uv": [69, 29]}
				]
			},
			{
				"name": "bone78",
				"parent": "bone72",
				"pivot": [-2, 2, 0],
				"rotation": [0, -51.42857, 0]
			},
			{
				"name": "bone79",
				"parent": "bone78",
				"pivot": [-2, 2, 2.62205],
				"rotation": [44, 0, 0]
			},
			{
				"name": "bone80",
				"parent": "bone79",
				"pivot": [-2, 2, 2.62205],
				"rotation": [0, -37.63222, 0],
				"cubes": [
					{"origin": [-3, 2, 1.85105], "size": [2, 2, 1.542], "uv": [59, 50]}
				]
			},
			{
				"name": "bone81",
				"parent": "bone72",
				"pivot": [-2, 2, 0],
				"rotation": [0, -102.85714, 0]
			},
			{
				"name": "bone82",
				"parent": "bone81",
				"pivot": [-2, 2, 2.62205],
				"rotation": [44, 0, 0]
			},
			{
				"name": "bone83",
				"parent": "bone82",
				"pivot": [-2, 2, 2.62205],
				"rotation": [0, -37.63222, 0],
				"cubes": [
					{"origin": [-3, 2, 1.85105], "size": [2, 2, 1.542], "uv": [56, 21]}
				]
			},
			{
				"name": "bone84",
				"parent": "bone72",
				"pivot": [-2, 2, 0],
				"rotation": [0, -154.28571, 0]
			},
			{
				"name": "bone85",
				"parent": "bone84",
				"pivot": [-2, 2, 2.62205],
				"rotation": [44, 0, 0]
			},
			{
				"name": "bone86",
				"parent": "bone85",
				"pivot": [-2, 2, 2.62205],
				"rotation": [0, -37.63222, 0],
				"cubes": [
					{"origin": [-3, 2, 1.85105], "size": [2, 2, 1.542], "uv": [50, 43]}
				]
			},
			{
				"name": "bone87",
				"parent": "bone72",
				"pivot": [-2, 2, 0],
				"rotation": [0, -205.71429, 0]
			},
			{
				"name": "bone88",
				"parent": "bone87",
				"pivot": [-2, 2, 2.62205],
				"rotation": [44, 0, 0]
			},
			{
				"name": "bone89",
				"parent": "bone88",
				"pivot": [-2, 2, 2.62205],
				"rotation": [0, -37.63222, 0],
				"cubes": [
					{"origin": [-3, 2, 1.85105], "size": [2, 2, 1.542], "uv": [31, 49]}
				]
			},
			{
				"name": "bone90",
				"parent": "bone72",
				"pivot": [-2, 2, 0],
				"rotation": [0, -257.14286, 0]
			},
			{
				"name": "bone91",
				"parent": "bone90",
				"pivot": [-2, 2, 2.62205],
				"rotation": [44, 0, 0]
			},
			{
				"name": "bone92",
				"parent": "bone91",
				"pivot": [-2, 2, 2.62205],
				"rotation": [0, -37.63222, 0],
				"cubes": [
					{"origin": [-3, 2, 1.85105], "size": [2, 2, 1.542], "uv": [21, 49]}
				]
			},
			{
				"name": "bone93",
				"parent": "bone72",
				"pivot": [-2, 2, 0],
				"rotation": [0, -308.57143, 0]
			},
			{
				"name": "bone94",
				"parent": "bone93",
				"pivot": [-2, 2, 2.62205],
				"rotation": [44, 0, 0]
			},
			{
				"name": "bone95",
				"parent": "bone94",
				"pivot": [-2, 2, 2.62205],
				"rotation": [0, -37.63222, 0],
				"cubes": [
					{"origin": [-3, 2, 1.85105], "size": [2, 2, 1.542], "uv": [24, 5]}
				]
			},
			{
				"name": "wingLeft",
				"pivot": [0.5, 15, 3.25],
				"rotation": [0, 60, 0]
			},
			{
				"name": "bone52",
				"parent": "wingLeft",
				"pivot": [0.5, 15, 3.25],
				"rotation": [25, 0, 0],
				"cubes": [
					{"origin": [0.5, 15, 2.25], "size": [1, 1, 10], "uv": [40, 32]}
				]
			},
			{
				"name": "bone53",
				"parent": "bone52",
				"pivot": [0.5, 15, 3.25],
				"rotation": [20, 0, 0],
				"cubes": [
					{"origin": [0.5, 8, 10.75], "size": [1, 5, 1], "uv": [20, 69]}
				]
			},
			{
				"name": "bone54",
				"parent": "bone52",
				"pivot": [0.5, 15, 0.25],
				"rotation": [20, 0, 0],
				"cubes": [
					{"origin": [0.5, 8, 7.75], "size": [1, 5, 1], "uv": [16, 69]}
				]
			},
			{
				"name": "bone55",
				"parent": "bone52",
				"pivot": [0.5, 15, -3.75],
				"rotation": [20, 0, 0],
				"cubes": [
					{"origin": [0.5, 8, 3.75], "size": [1, 5, 1], "uv": [48, 63]}
				]
			},
			{
				"name": "bone56",
				"parent": "bone52",
				"pivot": [0.5, 15, 3.25],
				"rotation": [7, 0, 0],
				"cubes": [
					{"origin": [1, 10, 3.25], "size": [0, 5, 9.3], "uv": [26, 34]}
				]
			},
			{
				"name": "wingRight",
				"pivot": [-0.5, 15, 3.75],
				"rotation": [0, -60, 0]
			},
			{
				"name": "bone47",
				"parent": "wingRight",
				"pivot": [-0.5, 15, 3.75],
				"rotation": [25, 0, 0],
				"cubes": [
					{"origin": [-1.5, 15.3, 2.75], "size": [1, 1, 11], "uv": [13, 37]}
				]
			},
			{
				"name": "bone48",
				"parent": "bone47",
				"pivot": [-0.5, 15, 3.75],
				"rotation": [20, 0, 0],
				"cubes": [
					{"origin": [-1.5, 8, 12], "size": [1, 5, 1], "uv": [48, 69]}
				]
			},
			{
				"name": "bone49",
				"parent": "bone47",
				"pivot": [-0.5, 15, -0.25],
				"rotation": [20, 0, 0],
				"cubes": [
					{"origin": [-1.5, 8, 8], "size": [1, 5, 1], "uv": [28, 69]}
				]
			},
			{
				"name": "bone50",
				"parent": "bone47",
				"pivot": [-0.5, 15, -4.25],
				"rotation": [20, 0, 0],
				"cubes": [
					{"origin": [-1.5, 8, 4], "size": [1, 5, 1], "uv": [24, 69]}
				]
			},
			{
				"name": "bone51",
				"parent": "bone47",
				"pivot": [-0.5, 15, 3.75],
				"rotation": [7.5, 0, 0],
				"cubes": [
					{"origin": [-1, 10, 4], "size": [0, 5, 9.3], "uv": [37, 39]}
				]
			},
			{
				"name": "tail",
				"pivot": [0, 8, 4],
				"rotation": [20, 0, 0]
			},
			{
				"name": "bone57",
				"parent": "tail",
				"pivot": [0, 8, 4],
				"rotation": [32.5, 0, 0],
				"cubes": [
					{"origin": [-1, 8, 3], "size": [1, 1, 4], "uv": [44, 43], "inflate": -0.2}
				]
			},
			{
				"name": "bone58",
				"parent": "bone57",
				"pivot": [0, 8, 4],
				"rotation": [0, -20, 0],
				"cubes": [
					{"origin": [0, 8, 6], "size": [1, 1, 3], "uv": [0, 4], "inflate": -0.2}
				]
			},
			{
				"name": "bone59",
				"parent": "bone58",
				"pivot": [-1, 8, 4],
				"rotation": [0, -17.5, 0],
				"cubes": [
					{"origin": [1.24, 8, 8], "size": [1, 1, 3], "uv": [0, 0], "inflate": -0.2}
				]
			},
			{
				"name": "bone60",
				"parent": "bone57",
				"pivot": [0, 8, 4],
				"cubes": [
					{"origin": [-4, 8, 10], "size": [2, 1, 2], "uv": [0, 17], "inflate": -0.2}
				]
			}
		]
	}
}