{
	"format_version": "1.10.0",
	"geometry.model": {
		"texturewidth": 128,
		"textureheight": 128,
		"visible_bounds_width": 3,
		"visible_bounds_height": 4,
		"visible_bounds_offset": [0, 1, 0],
		"bones": [
			{
				"name": "head",
				"pivot": [0, 18, 0],
				"cubes": [
					{"origin": [-4, 18, -4], "size": [8, 8, 8], "uv": [0, 0]}
				]
			},
			{
				"name": "blink",
				"parent": "head",
				"pivot": [0, 18, 0],
				"cubes": [
					{"origin": [-4, 18, -4.001], "size": [8, 8, 0], "uv": [24, 0]}
				]
			},
			{
				"name": "ear",
				"parent": "head",
				"pivot": [0, 18, 0]
			},
			{
				"name": "bone62",
				"parent": "ear",
				"pivot": [0, 18, 0],
				"rotation": [0, 0, 17.5],
				"cubes": [
					{"origin": [-6, 15, -2], "size": [1, 8, 2], "uv": [0, 59]}
				]
			},
			{
				"name": "bone63",
				"parent": "ear",
				"pivot": [0, 18, 0],
				"rotation": [0, 0, -17.5],
				"cubes": [
					{"origin": [5, 15, -2], "size": [1, 8, 2], "uv": [58, 34]}
				]
			},
			{
				"name": "hat",
				"parent": "head",
				"pivot": [0, 18, 1]
			},
			{
				"name": "bone",
				"parent": "hat",
				"pivot": [0, 18, 1],
				"cubes": [
					{"origin": [-3, 26, -1], "size": [6, 1, 2], "uv": [30, 28]}
				]
			},
			{
				"name": "bone2",
				"parent": "hat",
				"pivot": [0, 18, 1],
				"rotation": [0, 0, -15],
				"cubes": [
					{"origin": [-1, 26, -1], "size": [4, 3, 2], "uv": [41, 5]}
				]
			},
			{
				"name": "bone3",
				"parent": "hat",
				"pivot": [0, 18, 1],
				"rotation": [0, 0, 15],
				"cubes": [
					{"origin": [-3, 26, -1], "size": [4, 3, 2], "uv": [40, 0]}
				]
			},
			{
				"name": "hu",
				"parent": "head",
				"pivot": [-2, 17, 0],
				"rotation": [0, 0, 15]
			},
			{
				"name": "bone4",
				"parent": "hu",
				"pivot": [-2, 17, 0],
				"rotation": [15, 0, 0],
				"cubes": [
					{"origin": [-7, 24, 1], "size": [1, 1, 3], "uv": [61, 9]}
				]
			},
			{
				"name": "bone6",
				"parent": "hu",
				"pivot": [-2, -19, 0],
				"rotation": [-15, 0, 0],
				"cubes": [
					{"origin": [-7, 22, -12], "size": [1, 1, 3], "uv": [61, 0]}
				]
			},
			{
				"name": "bone5",
				"parent": "hu",
				"pivot": [-2, 17, 0],
				"rotation": [-15, 0, 0],
				"cubes": [
					{"origin": [-7, 23.5, -6], "size": [1, 1, 3], "uv": [8, 61]}
				]
			},
			{
				"name": "bone7",
				"parent": "hu",
				"pivot": [-2, -19, 0],
				"rotation": [15, 0, 0],
				"cubes": [
					{"origin": [-7, 22.5, 7], "size": [1, 1, 3], "uv": [60, 59]}
				]
			},
			{
				"name": "bone8",
				"parent": "hu",
				"pivot": [-2, 17, 0],
				"cubes": [
					{"origin": [-7, 24, -1.5], "size": [1, 1, 1], "uv": [8, 43]}
				]
			},
			{
				"name": "hu2",
				"parent": "head",
				"pivot": [2, 17, 0],
				"rotation": [0, 0, -15]
			},
			{
				"name": "bone9",
				"parent": "hu2",
				"pivot": [2, 17, 0],
				"rotation": [15, 0, 0],
				"cubes": [
					{"origin": [6, 24, 1], "size": [1, 1, 3], "uv": [32, 60]}
				]
			},
			{
				"name": "bone10",
				"parent": "hu2",
				"pivot": [2, -19, 0],
				"rotation": [-15, 0, 0],
				"cubes": [
					{"origin": [6, 22, -12], "size": [1, 1, 3], "uv": [24, 60]}
				]
			},
			{
				"name": "bone11",
				"parent": "hu2",
				"pivot": [2, 17, 0],
				"rotation": [-15, 0, 0],
				"cubes": [
					{"origin": [6, 23.5, -6], "size": [1, 1, 3], "uv": [59, 24]}
				]
			},
			{
				"name": "bone12",
				"parent": "hu2",
				"pivot": [2, -19, 0],
				"rotation": [15, 0, 0],
				"cubes": [
					{"origin": [6, 22.5, 7], "size": [1, 1, 3], "uv": [59, 5]}
				]
			},
			{
				"name": "bone13",
				"parent": "hu2",
				"pivot": [2, 17, 0],
				"cubes": [
					{"origin": [6, 24, -1.5], "size": [1, 1, 1], "uv": [26, 42]}
				]
			},
			{
				"name": "hair",
				"parent": "head",
				"pivot": [0, 18, 0]
			},
			{
				"name": "bone14",
				"parent": "hair",
				"pivot": [0, 18, 0],
				"rotation": [7.5, 0, -7.5],
				"cubes": [
					{"origin": [3, 12, 4], "size": [1, 6, 0], "uv": [22, 16]}
				]
			},
			{
				"name": "bone15",
				"parent": "hair",
				"pivot": [0, 18, 0],
				"rotation": [7.5, 0, 7.5],
				"cubes": [
					{"origin": [-4, 12, 4], "size": [1, 6, 0], "uv": [4, 16]}
				]
			},
			{
				"name": "bone16",
				"parent": "hair",
				"pivot": [0, 18, 0],
				"rotation": [12.5, 0, -10],
				"cubes": [
					{"origin": [2, 10, 4], "size": [1, 8, 0], "uv": [50, 61]}
				]
			},
			{
				"name": "bone17",
				"parent": "hair",
				"pivot": [0, 18, 0],
				"rotation": [12.5, 0, 10],
				"cubes": [
					{"origin": [-3, 10, 4], "size": [1, 8, 0], "uv": [48, 61]}
				]
			},
			{
				"name": "bone18",
				"parent": "hair",
				"pivot": [0, 18, 0],
				"rotation": [17.5, 0, -12.5],
				"cubes": [
					{"origin": [1, 8, 4], "size": [1, 10, 0], "uv": [58, 59]}
				]
			},
			{
				"name": "bone19",
				"parent": "hair",
				"pivot": [0, 18, 0],
				"rotation": [17.5, 0, 12.5],
				"cubes": [
					{"origin": [-2, 8, 4], "size": [1, 10, 0], "uv": [18, 31]}
				]
			},
			{
				"name": "bone20",
				"parent": "hair",
				"pivot": [0, 18, 0],
				"rotation": [25, 0, -15],
				"cubes": [
					{"origin": [0, 6, 4], "size": [1, 12, 0], "uv": [56, 59]}
				]
			},
			{
				"name": "bone21",
				"parent": "hair",
				"pivot": [0, 18, 0],
				"rotation": [25, 0, 15],
				"cubes": [
					{"origin": [-1, 6, 4], "size": [1, 12, 0], "uv": [6, 59]}
				]
			},
			{
				"name": "bone22",
				"parent": "hair",
				"pivot": [1, 18, 0],
				"rotation": [25, 0, 0],
				"cubes": [
					{"origin": [-1.5, 5, 4], "size": [3, 14, 0], "uv": [12, 31]}
				]
			},
			{
				"name": "bone104",
				"parent": "head",
				"pivot": [0, 18, 0],
				"rotation": [0, 0, 5],
				"cubes": [
					{"origin": [-4, 13, -3], "size": [1, 5, 1], "uv": [18, 16]}
				]
			},
			{
				"name": "bone105",
				"parent": "head",
				"pivot": [0, 18, 0],
				"rotation": [0, 0, -5],
				"cubes": [
					{"origin": [3, 13, -3], "size": [1, 5, 1], "uv": [0, 16]}
				]
			},
			{
				"name": "armRight",
				"pivot": [-3, 17.5, 0],
				"rotation": [0, 0, 25],
				"cubes": [
					{"origin": [-5, 8.5, -1], "size": [2, 8, 2], "uv": [0, 41]},
					{"origin": [-5.5, 13.5, -1.5], "size": [3, 4, 3], "uv": [36, 15]}
				]
			},
			{
				"name": "armLeft",
				"pivot": [3, 17.5, 0],
				"rotation": [0, 0, -25],
				"cubes": [
					{"origin": [2.5, 13.5, -1.5], "size": [3, 4, 3], "uv": [33, 31]},
					{"origin": [3, 8.5, -1], "size": [2, 8, 2], "uv": [18, 40]}
				]
			},
			{
				"name": "body",
				"pivot": [0, 10.5, 0],
				"cubes": [
					{"origin": [-3, 8.999, -3], "size": [6, 9, 6], "uv": [0, 16]}
				]
			},
			{
				"name": "sittingRotationSkirt",
				"parent": "body",
				"pivot": [0, 10.5, 0]
			},
			{
				"name": "bone25",
				"parent": "sittingRotationSkirt",
				"pivot": [0, 14.5, 0]
			},
			{
				"name": "bone26",
				"parent": "bone25",
				"pivot": [0, 4, 0]
			},
			{
				"name": "bone27",
				"parent": "bone26",
				"pivot": [0, 4, 5.27792],
				"rotation": [28, 0, 0]
			},
			{
				"name": "bone28",
				"parent": "bone27",
				"pivot": [0, 4, 5.27792],
				"rotation": [0, -45, 0],
				"cubes": [
					{"origin": [-1, 4, 4.27792], "size": [2, 6, 2], "uv": [16, 58]}
				]
			},
			{
				"name": "bone29",
				"parent": "bone25",
				"pivot": [0, 4, 0],
				"rotation": [0, -30, 0]
			},
			{
				"name": "bone30",
				"parent": "bone29",
				"pivot": [0, 4, 5.27792],
				"rotation": [28, 0, 0]
			},
			{
				"name": "bone31",
				"parent": "bone30",
				"pivot": [0, 4, 5.27792],
				"rotation": [0, -45, 0],
				"cubes": [
					{"origin": [-1, 4, 4.27792], "size": [2, 6, 2], "uv": [56, 51]}
				]
			},
			{
				"name": "bone32",
				"parent": "bone25",
				"pivot": [0, 4, 0],
				"rotation": [0, -60, 0]
			},
			{
				"name": "bone33",
				"parent": "bone32",
				"pivot": [0, 4, 5.27792],
				"rotation": [28, 0, 0]
			},
			{
				"name": "bone34",
				"parent": "bone33",
				"pivot": [0, 4, 5.27792],
				"rotation": [0, -45, 0],
				"cubes": [
					{"origin": [-1, 4, 4.27792], "size": [2, 6, 2], "uv": [56, 16]}
				]
			},
			{
				"name": "bone35",
				"parent": "bone25",
				"pivot": [0, 4, 0],
				"rotation": [0, -90, 0]
			},
			{
				"name": "bone36",
				"parent": "bone35",
				"pivot": [0, 4, 5.27792],
				"rotation": [28, 0, 0]
			},
			{
				"name": "bone37",
				"parent": "bone36",
				"pivot": [0, 4, 5.27792],
				"rotation": [0, -45, 0],
				"cubes": [
					{"origin": [-1, 4, 4.27792], "size": [2, 6, 2], "uv": [40, 54]}
				]
			},
			{
				"name": "bone38",
				"parent": "bone25",
				"pivot": [0, 4, 0],
				"rotation": [0, -120, 0]
			},
			{
				"name": "bone39",
				"parent": "bone38",
				"pivot": [0, 4, 5.27792],
				"rotation": [28, 0, 0]
			},
			{
				"name": "bone40",
				"parent": "bone39",
				"pivot": [0, 4, 5.27792],
				"rotation": [0, -45, 0],
				"cubes": [
					{"origin": [-1, 4, 4.27792], "size": [2, 6, 2], "uv": [48, 53]}
				]
			},
			{
				"name": "bone41",
				"parent": "bone25",
				"pivot": [0, 4, 0],
				"rotation": [0, -150, 0]
			},
			{
				"name": "bone42",
				"parent": "bone41",
				"pivot": [0, 4, 5.27792],
				"rotation": [28, 0, 0]
			},
			{
				"name": "bone43",
				"parent": "bone42",
				"pivot": [0, 4, 5.27792],
				"rotation": [0, -45, 0],
				"cubes": [
					{"origin": [-1, 4, 4.27792], "size": [2, 6, 2], "uv": [53, 26]}
				]
			},
			{
				"name": "bone44",
				"parent": "bone25",
				"pivot": [0, 4, 0],
				"rotation": [0, -180, 0]
			},
			{
				"name": "bone45",
				"parent": "bone44",
				"pivot": [0, 4, 5.27792],
				"rotation": [28, 0, 0]
			},
			{
				"name": "bone46",
				"parent": "bone45",
				"pivot": [0, 4, 5.27792],
				"rotation": [0, -45, 0],
				"cubes": [
					{"origin": [-1, 4, 4.27792], "size": [2, 6, 2], "uv": [53, 8]}
				]
			},
			{
				"name": "bone47",
				"parent": "bone25",
				"pivot": [0, 4, 0],
				"rotation": [0, -210, 0]
			},
			{
				"name": "bone48",
				"parent": "bone47",
				"pivot": [0, 4, 5.27792],
				"rotation": [28, 0, 0]
			},
			{
				"name": "bone49",
				"parent": "bone48",
				"pivot": [0, 4, 5.27792],
				"rotation": [0, -45, 0],
				"cubes": [
					{"origin": [-1, 4, 4.27792], "size": [2, 6, 2], "uv": [8, 53]}
				]
			},
			{
				"name": "bone50",
				"parent": "bone25",
				"pivot": [0, 4, 0],
				"rotation": [0, -240, 0]
			},
			{
				"name": "bone51",
				"parent": "bone50",
				"pivot": [0, 4, 5.27792],
				"rotation": [28, 0, 0]
			},
			{
				"name": "bone52",
				"parent": "bone51",
				"pivot": [0, 4, 5.27792],
				"rotation": [0, -45, 0],
				"cubes": [
					{"origin": [-1, 4, 4.27792], "size": [2, 6, 2], "uv": [53, 0]}
				]
			},
			{
				"name": "bone53",
				"parent": "bone25",
				"pivot": [0, 4, 0],
				"rotation": [0, -270, 0]
			},
			{
				"name": "bone54",
				"parent": "bone53",
				"pivot": [0, 4, 5.27792],
				"rotation": [28, 0, 0]
			},
			{
				"name": "bone55",
				"parent": "bone54",
				"pivot": [0, 4, 5.27792],
				"rotation": [0, -45, 0],
				"cubes": [
					{"origin": [-1, 4, 4.27792], "size": [2, 6, 2], "uv": [32, 52]}
				]
			},
			{
				"name": "bone56",
				"parent": "bone25",
				"pivot": [0, 4, 0],
				"rotation": [0, -300, 0]
			},
			{
				"name": "bone57",
				"parent": "bone56",
				"pivot": [0, 4, 5.27792],
				"rotation": [28, 0, 0]
			},
			{
				"name": "bone58",
				"parent": "bone57",
				"pivot": [0, 4, 5.27792],
				"rotation": [0, -45, 0],
				"cubes": [
					{"origin": [-1, 4, 4.27792], "size": [2, 6, 2], "uv": [24, 52]}
				]
			},
			{
				"name": "bone59",
				"parent": "bone25",
				"pivot": [0, 4, 0],
				"rotation": [0, -330, 0]
			},
			{
				"name": "bone60",
				"parent": "bone59",
				"pivot": [0, 4, 5.27792],
				"rotation": [28, 0, 0]
			},
			{
				"name": "bone61",
				"parent": "bone60",
				"pivot": [0, 4, 5.27792],
				"rotation": [0, -45, 0],
				"cubes": [
					{"origin": [-1, 4, 4.27792], "size": [2, 6, 2], "uv": [0, 51]}
				]
			},
			{
				"name": "bone64",
				"parent": "sittingRotationSkirt",
				"pivot": [0, 13.5, 0]
			},
			{
				"name": "bone65",
				"parent": "bone64",
				"pivot": [0, 3, 0]
			},
			{
				"name": "bone66",
				"parent": "bone65",
				"pivot": [0, 3, 5.27792],
				"rotation": [28, 0, 0]
			},
			{
				"name": "bone67",
				"parent": "bone66",
				"pivot": [0, 3, 5.27792],
				"rotation": [0, -45, 0],
				"cubes": [
					{"origin": [-1, 3, 4.27792], "size": [2, 6, 2], "uv": [50, 45]}
				]
			},
			{
				"name": "bone68",
				"parent": "bone64",
				"pivot": [0, 3, 0],
				"rotation": [0, -30, 0]
			},
			{
				"name": "bone69",
				"parent": "bone68",
				"pivot": [0, 3, 5.27792],
				"rotation": [28, 0, 0]
			},
			{
				"name": "bone70",
				"parent": "bone69",
				"pivot": [0, 3, 5.27792],
				"rotation": [0, -45, 0],
				"cubes": [
					{"origin": [-1, 3, 4.27792], "size": [2, 6, 2], "uv": [50, 37]}
				]
			},
			{
				"name": "bone71",
				"parent": "bone64",
				"pivot": [0, 3, 0],
				"rotation": [0, -60, 0]
			},
			{
				"name": "bone72",
				"parent": "bone71",
				"pivot": [0, 3, 5.27792],
				"rotation": [28, 0, 0]
			},
			{
				"name": "bone73",
				"parent": "bone72",
				"pivot": [0, 3, 5.27792],
				"rotation": [0, -45, 0],
				"cubes": [
					{"origin": [-1, 3, 4.27792], "size": [2, 6, 2], "uv": [16, 50]}
				]
			},
			{
				"name": "bone74",
				"parent": "bone64",
				"pivot": [0, 3, 0],
				"rotation": [0, -90, 0]
			},
			{
				"name": "bone75",
				"parent": "bone74",
				"pivot": [0, 3, 5.27792],
				"rotation": [28, 0, 0]
			},
			{
				"name": "bone76",
				"parent": "bone75",
				"pivot": [0, 3, 5.27792],
				"rotation": [0, -45, 0],
				"cubes": [
					{"origin": [-1, 3, 4.27792], "size": [2, 6, 2], "uv": [48, 18]}
				]
			},
			{
				"name": "bone77",
				"parent": "bone64",
				"pivot": [0, 3, 0],
				"rotation": [0, -120, 0]
			},
			{
				"name": "bone78",
				"parent": "bone77",
				"pivot": [0, 3, 5.27792],
				"rotation": [28, 0, 0]
			},
			{
				"name": "bone79",
				"parent": "bone78",
				"pivot": [0, 3, 5.27792],
				"rotation": [0, -45, 0],
				"cubes": [
					{"origin": [-1, 3, 4.27792], "size": [2, 6, 2], "uv": [42, 46]}
				]
			},
			{
				"name": "bone80",
				"parent": "bone64",
				"pivot": [0, 3, 0],
				"rotation": [0, -150, 0]
			},
			{
				"name": "bone81",
				"parent": "bone80",
				"pivot": [0, 3, 5.27792],
				"rotation": [28, 0, 0]
			},
			{
				"name": "bone82",
				"parent": "bone81",
				"pivot": [0, 3, 5.27792],
				"rotation": [0, -45, 0],
				"cubes": [
					{"origin": [-1, 3, 4.27792], "size": [2, 6, 2], "uv": [45, 29]}
				]
			},
			{
				"name": "bone83",
				"parent": "bone64",
				"pivot": [0, 3, 0],
				"rotation": [0, -180, 0]
			},
			{
				"name": "bone84",
				"parent": "bone83",
				"pivot": [0, 3, 5.27792],
				"rotation": [28, 0, 0]
			},
			{
				"name": "bone85",
				"parent": "bone84",
				"pivot": [0, 3, 5.27792],
				"rotation": [0, -45, 0],
				"cubes": [
					{"origin": [-1, 3, 4.27792], "size": [2, 6, 2], "uv": [45, 10]}
				]
			},
			{
				"name": "bone86",
				"parent": "bone64",
				"pivot": [0, 3, 0],
				"rotation": [0, -210, 0]
			},
			{
				"name": "bone87",
				"parent": "bone86",
				"pivot": [0, 3, 5.27792],
				"rotation": [28, 0, 0]
			},
			{
				"name": "bone88",
				"parent": "bone87",
				"pivot": [0, 3, 5.27792],
				"rotation": [0, -45, 0],
				"cubes": [
					{"origin": [-1, 3, 4.27792], "size": [2, 6, 2], "uv": [8, 45]}
				]
			},
			{
				"name": "bone89",
				"parent": "bone64",
				"pivot": [0, 3, 0],
				"rotation": [0, -240, 0]
			},
			{
				"name": "bone90",
				"parent": "bone89",
				"pivot": [0, 3, 5.27792],
				"rotation": [28, 0, 0]
			},
			{
				"name": "bone91",
				"parent": "bone90",
				"pivot": [0, 3, 5.27792],
				"rotation": [0, -45, 0],
				"cubes": [
					{"origin": [-1, 3, 4.27792], "size": [2, 6, 2], "uv": [34, 44]}
				]
			},
			{
				"name": "bone92",
				"parent": "bone64",
				"pivot": [0, 3, 0],
				"rotation": [0, -270, 0]
			},
			{
				"name": "bone93",
				"parent": "bone92",
				"pivot": [0, 3, 5.27792],
				"rotation": [28, 0, 0]
			},
			{
				"name": "bone94",
				"parent": "bone93",
				"pivot": [0, 3, 5.27792],
				"rotation": [0, -45, 0],
				"cubes": [
					{"origin": [-1, 3, 4.27792], "size": [2, 6, 2], "uv": [26, 44]}
				]
			},
			{
				"name": "bone95",
				"parent": "bone64",
				"pivot": [0, 3, 0],
				"rotation": [0, -300, 0]
			},
			{
				"name": "bone96",
				"parent": "bone95",
				"pivot": [0, 3, 5.27792],
				"rotation": [28, 0, 0]
			},
			{
				"name": "bone97",
				"parent": "bone96",
				"pivot": [0, 3, 5.27792],
				"rotation": [0, -45, 0],
				"cubes": [
					{"origin": [-1, 3, 4.27792], "size": [2, 6, 2], "uv": [42, 38]}
				]
			},
			{
				"name": "bone98",
				"parent": "bone64",
				"pivot": [0, 3, 0],
				"rotation": [0, -330, 0]
			},
			{
				"name": "bone99",
				"parent": "bone98",
				"pivot": [0, 3, 5.27792],
				"rotation": [28, 0, 0]
			},
			{
				"name": "bone100",
				"parent": "bone99",
				"pivot": [0, 3, 5.27792],
				"rotation": [0, -45, 0],
				"cubes": [
					{"origin": [-1, 3, 4.27792], "size": [2, 6, 2], "uv": [0, 0]}
				]
			},
			{
				"name": "pz",
				"parent": "sittingRotationSkirt",
				"pivot": [0, 10.5, 0]
			},
			{
				"name": "bone106",
				"parent": "pz",
				"pivot": [0, 10.5, 0],
				"rotation": [0, 35, 0],
				"cubes": [
					{"origin": [-2, 1.5, -6], "size": [2, 2.9, 1], "uv": [33, 15], "inflate": -0.3}
				]
			},
			{
				"name": "hu3",
				"parent": "body",
				"pivot": [0, 9.5, 0]
			},
			{
				"name": "bone23",
				"parent": "hu3",
				"pivot": [0, 9.5, 0],
				"cubes": [
					{"origin": [-0.5, 13.5, -4], "size": [1, 1, 1], "uv": [39, 38]}
				]
			},
			{
				"name": "bone24",
				"parent": "hu3",
				"pivot": [0, 9.5, 0],
				"rotation": [0, 0, 12.5],
				"cubes": [
					{"origin": [-3.5, 13.5, -4], "size": [2, 1, 1], "uv": [6, 41]}
				]
			},
			{
				"name": "bone101",
				"parent": "hu3",
				"pivot": [0, 9.5, 0],
				"rotation": [0, 0, -12.5],
				"cubes": [
					{"origin": [1.5, 13.5, -4], "size": [2, 1, 1], "uv": [24, 40]}
				]
			},
			{
				"name": "bone102",
				"parent": "hu3",
				"pivot": [0, 9.5, 0],
				"rotation": [0, 0, 12.5],
				"cubes": [
					{"origin": [-2, 11.5, -4], "size": [1, 2, 1], "uv": [53, 34]}
				]
			},
			{
				"name": "bone103",
				"parent": "hu3",
				"pivot": [0, 9.5, 0],
				"rotation": [0, 0, -12.5],
				"cubes": [
					{"origin": [1, 11.5, -4], "size": [1, 2, 1], "uv": [48, 26]}
				]
			},
			{
				"name": "legLeft",
				"pivot": [2, 9, 0],
				"cubes": [
					{"origin": [0.499, 0, -1.5], "size": [3, 9, 3], "uv": [21, 28]}
				]
			},
			{
				"name": "bone107",
				"parent": "legLeft",
				"pivot": [2, 9, 0],
				"cubes": [
					{"origin": [0.499, 0, -1.5], "size": [3, 7, 3], "uv": [0, 31], "inflate": 0.1}
				]
			},
			{
				"name": "bone110",
				"parent": "legLeft",
				"pivot": [2, 9, 0],
				"cubes": [
					{"origin": [0.499, 0, -1.5], "size": [3, 3, 3], "uv": [30, 38], "inflate": 0.2}
				]
			},
			{
				"name": "bone109",
				"parent": "legLeft",
				"pivot": [1, 16, 0],
				"cubes": [
					{"origin": [1.499, 7, -1.5], "size": [1, 2, 3], "uv": [58, 44], "inflate": 0.1}
				]
			},
			{
				"name": "legRight",
				"pivot": [-2, 9, 0],
				"cubes": [
					{"origin": [-3.499, 0, -1.5], "size": [3, 9, 3], "uv": [24, 16]}
				]
			},
			{
				"name": "bone108",
				"parent": "legRight",
				"pivot": [-2, 9, 0],
				"cubes": [
					{"origin": [-3.499, 0, -1.5], "size": [3, 4, 3], "uv": [32, 8], "inflate": 0.1}
				]
			},
			{
				"name": "bone111",
				"parent": "legRight",
				"pivot": [-2, 9, 0],
				"cubes": [
					{"origin": [-3.499, 0, -1.5], "size": [3, 3, 3], "uv": [36, 22], "inflate": 0.2}
				]
			}
		]
	}
}