{
	"format_version": "1.10.0",
	"geometry.model": {
		"texturewidth": 64,
		"textureheight": 64,
		"visible_bounds_width": 3,
		"visible_bounds_height": 4,
		"visible_bounds_offset": [0, 1, 0],
		"bones": [
			{
				"name": "head",
				"pivot": [0, 18, 0],
				"cubes": [
					{"origin": [-4, 18, -4], "size": [8, 8, 8], "uv": [0, 0]}
				]
			},
			{
				"name": "blink",
				"parent": "head",
				"pivot": [0, 18, 0],
				"cubes": [
					{"origin": [-4, 18, -4.001], "size": [8, 8, 0], "uv": [24, 0]}
				]
			},
			{
				"name": "bz",
				"parent": "head",
				"pivot": [0, 18, 0]
			},
			{
				"name": "bone48",
				"parent": "bz",
				"pivot": [-1, 18, 0],
				"rotation": [0, 0, 10],
				"cubes": [
					{"origin": [-6, 24, -3], "size": [1, 1, 1], "uv": [56, 16]}
				]
			},
			{
				"name": "bone49",
				"parent": "bone48",
				"pivot": [-1, 18, 0],
				"cubes": [
					{"origin": [-7, 19, -3], "size": [1, 5, 1], "uv": [53, 8]}
				]
			},
			{
				"name": "bone50",
				"parent": "bz",
				"pivot": [1, 18, 0],
				"rotation": [0, 0, -10],
				"cubes": [
					{"origin": [5, 24, -3], "size": [1, 1, 1], "uv": [14, 55]}
				]
			},
			{
				"name": "bone51",
				"parent": "bone50",
				"pivot": [1, 18, 0],
				"cubes": [
					{"origin": [6, 19, -3], "size": [1, 5, 1], "uv": [16, 31]}
				]
			},
			{
				"name": "cf",
				"parent": "head",
				"pivot": [0, 18, 0]
			},
			{
				"name": "bone52",
				"parent": "cf",
				"pivot": [0, 18, 0],
				"cubes": [
					{"origin": [-4, 13, -4], "size": [1, 5, 1], "uv": [12, 31]}
				]
			},
			{
				"name": "bone53",
				"parent": "cf",
				"pivot": [0, 18, 0],
				"cubes": [
					{"origin": [3, 13, -4], "size": [1, 5, 1], "uv": [18, 16]}
				]
			},
			{
				"name": "hair",
				"parent": "head",
				"pivot": [0, 18, 0]
			},
			{
				"name": "bone54",
				"parent": "hair",
				"pivot": [0, 18, 0],
				"rotation": [12.5, 0, -12.5],
				"cubes": [
					{"origin": [3, 11, 3], "size": [1, 6, 1], "uv": [53, 33]}
				]
			},
			{
				"name": "bone55",
				"parent": "hair",
				"pivot": [0, 18, 0],
				"rotation": [12.5, 0, 12.5],
				"cubes": [
					{"origin": [-4, 11, 3], "size": [1, 6, 1], "uv": [53, 26]}
				]
			},
			{
				"name": "bone56",
				"parent": "hair",
				"pivot": [0, 18, 0],
				"rotation": [22.5, 0, -10],
				"cubes": [
					{"origin": [2, 9, 3], "size": [1, 8, 1], "uv": [31, 51]}
				]
			},
			{
				"name": "bone57",
				"parent": "hair",
				"pivot": [0, 18, 0],
				"rotation": [22.5, 0, 10],
				"cubes": [
					{"origin": [-3, 9, 3], "size": [1, 8, 1], "uv": [18, 51]}
				]
			},
			{
				"name": "bone58",
				"parent": "hair",
				"pivot": [0, 18, 0],
				"rotation": [27.5, 0, -10],
				"cubes": [
					{"origin": [1, 8, 3], "size": [1, 10, 1], "uv": [27, 50]}
				]
			},
			{
				"name": "bone59",
				"parent": "hair",
				"pivot": [0, 18, 0],
				"rotation": [27.5, 0, 10],
				"cubes": [
					{"origin": [-2, 8, 3], "size": [1, 10, 1], "uv": [23, 50]}
				]
			},
			{
				"name": "bone60",
				"parent": "hair",
				"pivot": [0, 18, 0],
				"rotation": [35, 0, 0],
				"cubes": [
					{"origin": [-1, 7, 3], "size": [2, 11, 1], "uv": [32, 39]}
				]
			},
			{
				"name": "hu",
				"parent": "head",
				"pivot": [0, 18, 0],
				"rotation": [0, 0, 7.5]
			},
			{
				"name": "bone63",
				"parent": "hu",
				"pivot": [0, 18, 0],
				"cubes": [
					{"origin": [-6, 25, -3], "size": [1, 1, 1], "uv": [52, 40]}
				]
			},
			{
				"name": "bone64",
				"parent": "hu",
				"pivot": [0, 18, 0],
				"rotation": [15, -15, 0],
				"cubes": [
					{"origin": [-6.3, 25.2, 1.5], "size": [0, 1.2, 3], "uv": [0, 16]}
				]
			},
			{
				"name": "bone65",
				"parent": "hu",
				"pivot": [0, 18, 0],
				"rotation": [-15, 15, 0],
				"cubes": [
					{"origin": [-5, 24, -9], "size": [0, 1.2, 3], "uv": [0, 15]}
				]
			},
			{
				"name": "bone66",
				"parent": "hu",
				"pivot": [0, 18, 0],
				"rotation": [10, 0, 10],
				"cubes": [
					{"origin": [-7.5, 22, -1], "size": [0, 3, 1], "uv": [30, 27]}
				]
			},
			{
				"name": "bone67",
				"parent": "hu",
				"pivot": [0, 18, 0],
				"rotation": [-10, 0, 10],
				"cubes": [
					{"origin": [-7.5, 21, -5], "size": [0, 3, 1], "uv": [9, 30]}
				]
			},
			{
				"name": "hu2",
				"parent": "head",
				"pivot": [0, 18, 0],
				"rotation": [0, 0, -7.5]
			},
			{
				"name": "bone68",
				"parent": "hu2",
				"pivot": [0, 18, 0],
				"cubes": [
					{"origin": [5, 25, -3], "size": [1, 1, 1], "uv": [14, 43]}
				]
			},
			{
				"name": "bone69",
				"parent": "hu2",
				"pivot": [0, 18, 0],
				"rotation": [15, 15, 0],
				"cubes": [
					{"origin": [6.3, 25.2, 1.5], "size": [0, 1.2, 3], "uv": [0, 14]}
				]
			},
			{
				"name": "bone70",
				"parent": "hu2",
				"pivot": [0, 18, 0],
				"rotation": [-15, -15, 0],
				"cubes": [
					{"origin": [5, 24, -9], "size": [0, 1.2, 3], "uv": [0, 13]}
				]
			},
			{
				"name": "bone71",
				"parent": "hu2",
				"pivot": [0, 18, 0],
				"rotation": [10, 0, -10],
				"cubes": [
					{"origin": [7.5, 22, -1], "size": [0, 3, 1], "uv": [0, 30]}
				]
			},
			{
				"name": "bone72",
				"parent": "hu2",
				"pivot": [0, 18, 0],
				"rotation": [-10, 0, -10],
				"cubes": [
					{"origin": [7.5, 21, -5], "size": [0, 3, 1], "uv": [24, 15]}
				]
			},
			{
				"name": "armRight",
				"pivot": [-3, 17.5, 0],
				"rotation": [0, 0, 25],
				"cubes": [
					{"origin": [-5, 9.5, -1], "size": [2, 8, 2], "uv": [24, 40]},
					{"origin": [-5.5, 12.5, -1.5], "size": [3, 4, 3], "uv": [33, 32]}
				]
			},
			{
				"name": "armLeft",
				"pivot": [3, 17.5, 0],
				"rotation": [0, 0, -25],
				"cubes": [
					{"origin": [2.5, 12.5, -1.5], "size": [3, 4, 3], "uv": [33, 25]},
					{"origin": [3, 9.5, -1], "size": [2, 8, 2], "uv": [38, 39]}
				]
			},
			{
				"name": "body",
				"pivot": [0, 10.5, 0],
				"cubes": [
					{"origin": [-3, 8.999, -3], "size": [6, 9, 6], "uv": [0, 16]}
				]
			},
			{
				"name": "sittingRotationSkirt",
				"parent": "body",
				"pivot": [0, 10.5, 0]
			},
			{
				"name": "bone",
				"parent": "sittingRotationSkirt",
				"pivot": [0, 15.5, 0]
			},
			{
				"name": "bone2",
				"parent": "bone",
				"pivot": [0, 5, 0]
			},
			{
				"name": "bone3",
				"parent": "bone2",
				"pivot": [0, 5, 5.27792],
				"rotation": [23, 0, 0]
			},
			{
				"name": "bone4",
				"parent": "bone3",
				"pivot": [0, 5, 5.27792],
				"rotation": [0, -45, 0],
				"cubes": [
					{"origin": [-1, 5, 4.27792], "size": [2, 6, 2], "uv": [36, 49]}
				]
			},
			{
				"name": "bone5",
				"parent": "bone",
				"pivot": [0, 5, 0],
				"rotation": [0, -30, 0]
			},
			{
				"name": "bone6",
				"parent": "bone5",
				"pivot": [0, 5, 5.27792],
				"rotation": [23, 0, 0]
			},
			{
				"name": "bone7",
				"parent": "bone6",
				"pivot": [0, 5, 5.27792],
				"rotation": [0, -45, 0],
				"cubes": [
					{"origin": [-1, 5, 4.27792], "size": [2, 6, 2], "uv": [0, 49]}
				]
			},
			{
				"name": "bone8",
				"parent": "bone",
				"pivot": [0, 5, 0],
				"rotation": [0, -60, 0]
			},
			{
				"name": "bone9",
				"parent": "bone8",
				"pivot": [0, 5, 5.27792],
				"rotation": [23, 0, 0]
			},
			{
				"name": "bone10",
				"parent": "bone9",
				"pivot": [0, 5, 5.27792],
				"rotation": [0, -45, 0],
				"cubes": [
					{"origin": [-1, 5, 4.27792], "size": [2, 6, 2], "uv": [44, 48]}
				]
			},
			{
				"name": "bone11",
				"parent": "bone",
				"pivot": [0, 5, 0],
				"rotation": [0, -90, 0]
			},
			{
				"name": "bone12",
				"parent": "bone11",
				"pivot": [0, 5, 5.27792],
				"rotation": [23, 0, 0]
			},
			{
				"name": "bone13",
				"parent": "bone12",
				"pivot": [0, 5, 5.27792],
				"rotation": [0, -45, 0],
				"cubes": [
					{"origin": [-1, 5, 4.27792], "size": [2, 6, 2], "uv": [48, 14]}
				]
			},
			{
				"name": "bone14",
				"parent": "bone",
				"pivot": [0, 5, 0],
				"rotation": [0, -120, 0]
			},
			{
				"name": "bone15",
				"parent": "bone14",
				"pivot": [0, 5, 5.27792],
				"rotation": [23, 0, 0]
			},
			{
				"name": "bone16",
				"parent": "bone15",
				"pivot": [0, 5, 5.27792],
				"rotation": [0, -45, 0],
				"cubes": [
					{"origin": [-1, 5, 4.27792], "size": [2, 6, 2], "uv": [46, 40]}
				]
			},
			{
				"name": "bone17",
				"parent": "bone",
				"pivot": [0, 5, 0],
				"rotation": [0, -150, 0]
			},
			{
				"name": "bone18",
				"parent": "bone17",
				"pivot": [0, 5, 5.27792],
				"rotation": [23, 0, 0]
			},
			{
				"name": "bone19",
				"parent": "bone18",
				"pivot": [0, 5, 5.27792],
				"rotation": [0, -45, 0],
				"cubes": [
					{"origin": [-1, 5, 4.27792], "size": [2, 6, 2], "uv": [45, 32]}
				]
			},
			{
				"name": "bone20",
				"parent": "bone",
				"pivot": [0, 5, 0],
				"rotation": [0, -180, 0]
			},
			{
				"name": "bone21",
				"parent": "bone20",
				"pivot": [0, 5, 5.27792],
				"rotation": [23, 0, 0]
			},
			{
				"name": "bone22",
				"parent": "bone21",
				"pivot": [0, 5, 5.27792],
				"rotation": [0, -45, 0],
				"cubes": [
					{"origin": [-1, 5, 4.27792], "size": [2, 6, 2], "uv": [45, 24]}
				]
			},
			{
				"name": "bone23",
				"parent": "bone",
				"pivot": [0, 5, 0],
				"rotation": [0, -210, 0]
			},
			{
				"name": "bone24",
				"parent": "bone23",
				"pivot": [0, 5, 5.27792],
				"rotation": [23, 0, 0]
			},
			{
				"name": "bone25",
				"parent": "bone24",
				"pivot": [0, 5, 5.27792],
				"rotation": [0, -45, 0],
				"cubes": [
					{"origin": [-1, 5, 4.27792], "size": [2, 6, 2], "uv": [45, 6]}
				]
			},
			{
				"name": "bone26",
				"parent": "bone",
				"pivot": [0, 5, 0],
				"rotation": [0, -240, 0]
			},
			{
				"name": "bone27",
				"parent": "bone26",
				"pivot": [0, 5, 5.27792],
				"rotation": [23, 0, 0]
			},
			{
				"name": "bone28",
				"parent": "bone27",
				"pivot": [0, 5, 5.27792],
				"rotation": [0, -45, 0],
				"cubes": [
					{"origin": [-1, 5, 4.27792], "size": [2, 6, 2], "uv": [16, 43]}
				]
			},
			{
				"name": "bone29",
				"parent": "bone",
				"pivot": [0, 5, 0],
				"rotation": [0, -270, 0]
			},
			{
				"name": "bone30",
				"parent": "bone29",
				"pivot": [0, 5, 5.27792],
				"rotation": [23, 0, 0]
			},
			{
				"name": "bone31",
				"parent": "bone30",
				"pivot": [0, 5, 5.27792],
				"rotation": [0, -45, 0],
				"cubes": [
					{"origin": [-1, 5, 4.27792], "size": [2, 6, 2], "uv": [8, 43]}
				]
			},
			{
				"name": "bone32",
				"parent": "bone",
				"pivot": [0, 5, 0],
				"rotation": [0, -300, 0]
			},
			{
				"name": "bone33",
				"parent": "bone32",
				"pivot": [0, 5, 5.27792],
				"rotation": [23, 0, 0]
			},
			{
				"name": "bone34",
				"parent": "bone33",
				"pivot": [0, 5, 5.27792],
				"rotation": [0, -45, 0],
				"cubes": [
					{"origin": [-1, 5, 4.27792], "size": [2, 6, 2], "uv": [0, 41]}
				]
			},
			{
				"name": "bone35",
				"parent": "bone",
				"pivot": [0, 5, 0],
				"rotation": [0, -330, 0]
			},
			{
				"name": "bone36",
				"parent": "bone35",
				"pivot": [0, 5, 5.27792],
				"rotation": [23, 0, 0]
			},
			{
				"name": "bone37",
				"parent": "bone36",
				"pivot": [0, 5, 5.27792],
				"rotation": [0, -45, 0],
				"cubes": [
					{"origin": [-1, 5, 4.27792], "size": [2, 6, 2], "uv": [0, 0]}
				]
			},
			{
				"name": "bone38",
				"parent": "sittingRotationSkirt",
				"pivot": [0, 21.5, 0]
			},
			{
				"name": "bone39",
				"parent": "bone38",
				"pivot": [0, 11, 0],
				"rotation": [-5, 0, 0],
				"cubes": [
					{"origin": [-2.5, 6, 6.86869], "size": [5, 6, 0], "uv": [40, 0]}
				]
			},
			{
				"name": "bone40",
				"parent": "bone38",
				"pivot": [0, 11, 0],
				"rotation": [-5, -40, 0],
				"cubes": [
					{"origin": [-2.5, 8, 6.86869], "size": [5, 4, 0], "uv": [52, 52]},
					{"origin": [0, 2.3, 7], "size": [1, 6, 0], "uv": [22, 16]}
				]
			},
			{
				"name": "bone41",
				"parent": "bone38",
				"pivot": [0, 11, 0],
				"rotation": [-5, -80, 0],
				"cubes": [
					{"origin": [-2.5, 8, 6.86869], "size": [5, 4, 0], "uv": [52, 48]}
				]
			},
			{
				"name": "bone42",
				"parent": "bone38",
				"pivot": [0, 11, 0],
				"rotation": [-5, -120, 0],
				"cubes": [
					{"origin": [-2.5, 8, 6.86869], "size": [5, 4, 0], "uv": [51, 22]}
				]
			},
			{
				"name": "bone43",
				"parent": "bone38",
				"pivot": [0, 11, 0],
				"rotation": [-5, -160, 0]
			},
			{
				"name": "bone44",
				"parent": "bone38",
				"pivot": [0, 11, 0],
				"rotation": [-5, -200, 0]
			},
			{
				"name": "bone45",
				"parent": "bone38",
				"pivot": [0, 11, 0],
				"rotation": [-5, -240, 0],
				"cubes": [
					{"origin": [-2.5, 8, 6.86869], "size": [5, 4, 0], "uv": [8, 51]}
				]
			},
			{
				"name": "bone46",
				"parent": "bone38",
				"pivot": [0, 11, 0],
				"rotation": [-5, -280, 0],
				"cubes": [
					{"origin": [-2.5, 8, 6.86869], "size": [5, 4, 0], "uv": [51, 4]}
				]
			},
			{
				"name": "bone47",
				"parent": "bone38",
				"pivot": [0, 11, 0],
				"rotation": [-5, -320, 0],
				"cubes": [
					{"origin": [-2.5, 8, 6.86869], "size": [5, 4, 0], "uv": [50, 0]},
					{"origin": [-1, 2.3, 7], "size": [1, 6, 0], "uv": [45, 14]}
				]
			},
			{
				"name": "hu3",
				"parent": "body",
				"pivot": [0, 10.5, 0],
				"rotation": [-5, 0, 0]
			},
			{
				"name": "bone73",
				"parent": "hu3",
				"pivot": [0, 10.5, 0],
				"cubes": [
					{"origin": [-0.5, 16, -4], "size": [1, 1, 1], "uv": [42, 32]}
				]
			},
			{
				"name": "bone74",
				"parent": "hu3",
				"pivot": [0, 10.5, 0],
				"rotation": [0, 0, 12.5],
				"cubes": [
					{"origin": [-3.5, 16.15, -4], "size": [2, 1, 0], "uv": [36, 24]}
				]
			},
			{
				"name": "bone75",
				"parent": "hu3",
				"pivot": [0, 10.5, 0],
				"rotation": [0, 0, -12.5],
				"cubes": [
					{"origin": [1.5, 16.15, -4], "size": [2, 1, 0], "uv": [32, 10]}
				]
			},
			{
				"name": "bone76",
				"parent": "hu3",
				"pivot": [0, 10.5, 0],
				"rotation": [0, 0, 12.5],
				"cubes": [
					{"origin": [-2, 13.5, -4], "size": [1, 3, 0], "uv": [36, 18]}
				]
			},
			{
				"name": "bone77",
				"parent": "hu3",
				"pivot": [0, 10.5, 0],
				"rotation": [0, 0, -12.5],
				"cubes": [
					{"origin": [1, 13.5, -4], "size": [1, 3, 0], "uv": [33, 32]}
				]
			},
			{
				"name": "hudie",
				"parent": "body",
				"pivot": [0, 10.5, 0]
			},
			{
				"name": "bone78",
				"parent": "hudie",
				"pivot": [0, 10.5, 0],
				"rotation": [0, 0, 20],
				"cubes": [
					{"origin": [-2, 10.5, -4], "size": [2, 1, 1], "uv": [8, 55]}
				]
			},
			{
				"name": "bone79",
				"parent": "hudie",
				"pivot": [0, 10.5, 0],
				"rotation": [0, 0, -20],
				"cubes": [
					{"origin": [0, 10.5, -4], "size": [2, 1, 1], "uv": [54, 46]}
				]
			},
			{
				"name": "legLeft",
				"pivot": [2, 9, 0],
				"cubes": [
					{"origin": [0.499, 0, -1.5], "size": [3, 9, 3], "uv": [21, 28]}
				]
			},
			{
				"name": "bone61",
				"parent": "legLeft",
				"pivot": [2, 9, 0],
				"cubes": [
					{"origin": [0.499, 0, -1.5], "size": [3, 7, 3], "uv": [33, 8], "inflate": 0.1}
				]
			},
			{
				"name": "shoe",
				"parent": "legLeft",
				"pivot": [2, 9, 0],
				"cubes": [
					{"origin": [0.499, 0, -1.5], "size": [3, 3, 3], "uv": [12, 37], "inflate": 0.15}
				]
			},
			{
				"name": "bone80",
				"parent": "shoe",
				"pivot": [2, 9, 0],
				"rotation": [12.5, 22.5, 0],
				"cubes": [
					{"origin": [3, 2, 0], "size": [1, 1, 2], "uv": [54, 43]}
				]
			},
			{
				"name": "bone81",
				"parent": "shoe",
				"pivot": [2, 9, 0],
				"rotation": [0, 10, 0],
				"cubes": [
					{"origin": [3, 1.5, 1.1], "size": [1, 1, 1.5], "uv": [42, 24]}
				]
			},
			{
				"name": "hu4",
				"parent": "shoe",
				"pivot": [2, 9, 0]
			},
			{
				"name": "bone84",
				"parent": "hu4",
				"pivot": [2, 9, 0],
				"rotation": [0, 0, -7.5],
				"cubes": [
					{"origin": [-0.5, 0.25, -2], "size": [2, 1, 1], "uv": [54, 14], "inflate": -0.2}
				]
			},
			{
				"name": "bone85",
				"parent": "hu4",
				"pivot": [-2, 9, 0],
				"rotation": [0, 0, 7.5],
				"cubes": [
					{"origin": [2.5, 0.8, -2], "size": [2, 1, 1], "uv": [6, 41], "inflate": -0.2}
				]
			},
			{
				"name": "legRight",
				"pivot": [-2, 9, 0],
				"cubes": [
					{"origin": [-3.499, 0, -1.5], "size": [3, 9, 3], "uv": [24, 16]}
				]
			},
			{
				"name": "bone62",
				"parent": "legRight",
				"pivot": [-2, 9, 0],
				"cubes": [
					{"origin": [-3.499, 0, -1.5], "size": [3, 7, 3], "uv": [0, 31], "inflate": 0.1}
				]
			},
			{
				"name": "shoe2",
				"parent": "legRight",
				"pivot": [-2, 9, 0],
				"cubes": [
					{"origin": [-3.499, 0, -1.5], "size": [3, 3, 3], "uv": [36, 18], "inflate": 0.15}
				]
			},
			{
				"name": "bone82",
				"parent": "shoe2",
				"pivot": [-2, 9, 0],
				"rotation": [12.5, -22.5, 0],
				"cubes": [
					{"origin": [-4, 2, 0], "size": [1, 1, 2], "uv": [54, 40]}
				]
			},
			{
				"name": "bone83",
				"parent": "shoe2",
				"pivot": [-2, 11, 0],
				"rotation": [0, -10, 0],
				"cubes": [
					{"origin": [-4, 1.5, 1], "size": [1, 1, 1.5], "uv": [32, 8]}
				]
			},
			{
				"name": "hu5",
				"parent": "shoe2",
				"pivot": [2, 9, 0]
			},
			{
				"name": "bone86",
				"parent": "hu5",
				"pivot": [2, 9, 0],
				"rotation": [0, 0, -7.5],
				"cubes": [
					{"origin": [-4.46578, 0.7721, -2], "size": [2, 1, 1], "uv": [40, 6], "inflate": -0.2}
				]
			},
			{
				"name": "bone87",
				"parent": "hu5",
				"pivot": [-2, 9, 0],
				"rotation": [0, 0, 7.5],
				"cubes": [
					{"origin": [-1.46578, 0.2779, -2], "size": [2, 1, 1], "uv": [0, 20], "inflate": -0.2}
				]
			}
		]
	}
}