{
	"format_version": "1.10.0",
	"geometry.model": {
		"texturewidth": 128,
		"textureheight": 128,
		"visible_bounds_width": 3,
		"visible_bounds_height": 4,
		"visible_bounds_offset": [0, 1, 0],
		"bones": [
			{
				"name": "head",
				"pivot": [0, 18, 0],
				"cubes": [
					{"origin": [-4, 18, -4], "size": [8, 8, 8], "uv": [0, 0]}
				]
			},
			{
				"name": "ahoge",
				"parent": "head",
				"pivot": [0, 26, 0],
				"cubes": [
					{"origin": [-3, 26, 0], "size": [6, 6, 0], "uv": [18, 16]}
				]
			},
			{
				"name": "blink",
				"parent": "head",
				"pivot": [0, 18, 0],
				"cubes": [
					{"origin": [-4, 18, -4.001], "size": [8, 8, 0], "uv": [24, 0]}
				]
			},
			{
				"name": "hair",
				"parent": "head",
				"pivot": [0, 18, 0]
			},
			{
				"name": "bone93",
				"parent": "hair",
				"pivot": [0, 18, 0],
				"rotation": [10, 0, 0],
				"cubes": [
					{"origin": [-4, 12, 4], "size": [8, 6, 0], "uv": [32, 8]}
				]
			},
			{
				"name": "hu",
				"parent": "head",
				"pivot": [-3, 18, -1],
				"rotation": [0, 0, 22.5]
			},
			{
				"name": "bone94",
				"parent": "hu",
				"pivot": [-3, 18, -1],
				"rotation": [25, 0, 0],
				"cubes": [
					{"origin": [-7, 21, 1], "size": [0, 4, 2], "uv": [0, 29]}
				]
			},
			{
				"name": "bone95",
				"parent": "hu",
				"pivot": [-3, 18, -1],
				"rotation": [-25, 0, 0],
				"cubes": [
					{"origin": [-7, 21, -5], "size": [0, 4, 2], "uv": [0, 16]}
				]
			},
			{
				"name": "bone96",
				"parent": "hu",
				"pivot": [-3, 18, -1],
				"cubes": [
					{"origin": [-8, 25, -1.5], "size": [1, 1, 1], "uv": [36, 14]}
				]
			},
			{
				"name": "bone97",
				"parent": "hu",
				"pivot": [-3, 18, -1],
				"rotation": [0, 0, 12.5],
				"cubes": [
					{"origin": [-9, 22, -1.5], "size": [0, 2, 1], "uv": [42, 15]}
				]
			},
			{
				"name": "bone98",
				"parent": "hu",
				"pivot": [-3, 18, -1],
				"rotation": [0, 0, -12.5],
				"cubes": [
					{"origin": [-6, 26.5, -1.5], "size": [0, 2, 1], "uv": [32, 41]}
				]
			},
			{
				"name": "bone99",
				"parent": "hu",
				"pivot": [-3, 18, -1],
				"rotation": [37.5, 0, -12.5],
				"cubes": [
					{"origin": [-6, 24.5, 3.5], "size": [0, 2, 1], "uv": [37, 30]}
				]
			},
			{
				"name": "bone103",
				"parent": "hu",
				"pivot": [-3, -18, -1],
				"rotation": [-37.5, 0, 12.5],
				"cubes": [
					{"origin": [-17, 12.5, -27], "size": [0, 2, 1], "uv": [4, 19]}
				]
			},
			{
				"name": "bone100",
				"parent": "hu",
				"pivot": [-3, 18, 1],
				"rotation": [-37.5, 0, -12.5],
				"cubes": [
					{"origin": [-6, 23.5, -6], "size": [0, 2, 1], "uv": [24, 30]}
				]
			},
			{
				"name": "bone104",
				"parent": "hu",
				"pivot": [-3, -18, 1],
				"rotation": [37.5, 0, 12.5],
				"cubes": [
					{"origin": [-17, 14, 24], "size": [0, 2, 1], "uv": [4, 17]}
				]
			},
			{
				"name": "bone101",
				"parent": "hu",
				"pivot": [-3, 18, -1],
				"rotation": [0, -12.5, 0],
				"cubes": [
					{"origin": [-7.5, 25, 0], "size": [0, 1, 2], "uv": [32, 13]}
				]
			},
			{
				"name": "bone102",
				"parent": "hu",
				"pivot": [-3, 18, -1],
				"rotation": [0, 12.5, 0],
				"cubes": [
					{"origin": [-7.5, 25, -4], "size": [0, 1, 2], "uv": [32, 12]}
				]
			},
			{
				"name": "bone105",
				"parent": "hu",
				"pivot": [-3, 18, -1],
				"rotation": [-22.5, -5, 0],
				"cubes": [
					{"origin": [-7, 24, -3], "size": [0, 1.5, 3], "uv": [0, 14]}
				]
			},
			{
				"name": "bone106",
				"parent": "hu",
				"pivot": [-3, 18, 1],
				"rotation": [22.5, 5, 0],
				"cubes": [
					{"origin": [-7, 24.5, -1.5], "size": [0, 1.5, 3], "uv": [0, 13]}
				]
			},
			{
				"name": "cf",
				"parent": "head",
				"pivot": [0, 18, 0]
			},
			{
				"name": "bone127",
				"parent": "cf",
				"pivot": [0, 18, 0],
				"rotation": [0, 0, -15],
				"cubes": [
					{"origin": [-4, 16, -4], "size": [1, 3, 1], "uv": [18, 46]}
				]
			},
			{
				"name": "bone128",
				"parent": "cf",
				"pivot": [0, 18, 0],
				"rotation": [0, 0, 15],
				"cubes": [
					{"origin": [3, 16, -4], "size": [1, 3, 1], "uv": [18, 31]}
				]
			},
			{
				"name": "armRight",
				"pivot": [-3, 17.5, 0],
				"rotation": [0, 0, 25],
				"cubes": [
					{"origin": [-5, 8.5, -1], "size": [2, 8, 2], "uv": [48, 0]},
					{"origin": [-5.5, 9.5, -1.5], "size": [3, 8, 3], "uv": [36, 31]}
				]
			},
			{
				"name": "armLeft",
				"pivot": [3, 17.5, 0],
				"rotation": [0, 0, -25],
				"cubes": [
					{"origin": [2.5, 9.5, -1.5], "size": [3, 8, 3], "uv": [24, 31]},
					{"origin": [3, 8.5, -1], "size": [2, 8, 2], "uv": [10, 46]}
				]
			},
			{
				"name": "body",
				"pivot": [0, 10.5, 0],
				"cubes": [
					{"origin": [-3, 8.999, -3], "size": [6, 9, 6], "uv": [0, 31]},
					{"origin": [-3, 8.999, -3], "size": [6, 9, 6], "uv": [24, 16], "inflate": 0.1},
					{"origin": [-3, 8.999, -3], "size": [6, 9, 6], "uv": [0, 16], "inflate": 0.12}
				]
			},
			{
				"name": "sittingRotationSkirt",
				"parent": "body",
				"pivot": [0, 10.5, 0]
			},
			{
				"name": "bone",
				"parent": "sittingRotationSkirt",
				"pivot": [0, 16.5, 0]
			},
			{
				"name": "bone2",
				"parent": "bone",
				"pivot": [0, 6, 0]
			},
			{
				"name": "bone3",
				"parent": "bone2",
				"pivot": [0, 6, 6.65335],
				"rotation": [41, 0, 0]
			},
			{
				"name": "bone4",
				"parent": "bone3",
				"pivot": [0, 6, 6.65335],
				"rotation": [0, -45, 0],
				"cubes": [
					{"origin": [-1, 6, 5.65335], "size": [2, 6, 2], "uv": [65, 30]}
				]
			},
			{
				"name": "bone5",
				"parent": "bone",
				"pivot": [0, 6, 0],
				"rotation": [0, -24, 0]
			},
			{
				"name": "bone6",
				"parent": "bone5",
				"pivot": [0, 6, 6.65335],
				"rotation": [41, 0, 0]
			},
			{
				"name": "bone7",
				"parent": "bone6",
				"pivot": [0, 6, 6.65335],
				"rotation": [0, -45, 0],
				"cubes": [
					{"origin": [-1, 6, 5.65335], "size": [2, 6, 2], "uv": [64, 22]}
				]
			},
			{
				"name": "bone8",
				"parent": "bone",
				"pivot": [0, 6, 0],
				"rotation": [0, -48, 0]
			},
			{
				"name": "bone9",
				"parent": "bone8",
				"pivot": [0, 6, 6.65335],
				"rotation": [41, 0, 0]
			},
			{
				"name": "bone10",
				"parent": "bone9",
				"pivot": [0, 6, 6.65335],
				"rotation": [0, -45, 0],
				"cubes": [
					{"origin": [-1, 6, 5.65335], "size": [2, 6, 2], "uv": [64, 14]}
				]
			},
			{
				"name": "bone11",
				"parent": "bone",
				"pivot": [0, 6, 0],
				"rotation": [0, -72, 0]
			},
			{
				"name": "bone12",
				"parent": "bone11",
				"pivot": [0, 6, 6.65335],
				"rotation": [41, 0, 0]
			},
			{
				"name": "bone13",
				"parent": "bone12",
				"pivot": [0, 6, 6.65335],
				"rotation": [0, -45, 0],
				"cubes": [
					{"origin": [-1, 6, 5.65335], "size": [2, 6, 2], "uv": [0, 64]}
				]
			},
			{
				"name": "bone14",
				"parent": "bone",
				"pivot": [0, 6, 0],
				"rotation": [0, -96, 0]
			},
			{
				"name": "bone15",
				"parent": "bone14",
				"pivot": [0, 6, 6.65335],
				"rotation": [41, 0, 0]
			},
			{
				"name": "bone16",
				"parent": "bone15",
				"pivot": [0, 6, 6.65335],
				"rotation": [0, -45, 0],
				"cubes": [
					{"origin": [-1, 6, 5.65335], "size": [2, 6, 2], "uv": [62, 63]}
				]
			},
			{
				"name": "bone17",
				"parent": "bone",
				"pivot": [0, 6, 0],
				"rotation": [0, -120, 0]
			},
			{
				"name": "bone18",
				"parent": "bone17",
				"pivot": [0, 6, 6.65335],
				"rotation": [41, 0, 0]
			},
			{
				"name": "bone19",
				"parent": "bone18",
				"pivot": [0, 6, 6.65335],
				"rotation": [0, -45, 0],
				"cubes": [
					{"origin": [-1, 6, 5.65335], "size": [2, 6, 2], "uv": [63, 38]}
				]
			},
			{
				"name": "bone20",
				"parent": "bone",
				"pivot": [0, 6, 0],
				"rotation": [0, -144, 0]
			},
			{
				"name": "bone21",
				"parent": "bone20",
				"pivot": [0, 6, 6.65335],
				"rotation": [41, 0, 0]
			},
			{
				"name": "bone22",
				"parent": "bone21",
				"pivot": [0, 6, 6.65335],
				"rotation": [0, -45, 0],
				"cubes": [
					{"origin": [-1, 6, 5.65335], "size": [2, 6, 2], "uv": [63, 6]}
				]
			},
			{
				"name": "bone23",
				"parent": "bone",
				"pivot": [0, 6, 0],
				"rotation": [0, -168, 0]
			},
			{
				"name": "bone24",
				"parent": "bone23",
				"pivot": [0, 6, 6.65335],
				"rotation": [41, 0, 0]
			},
			{
				"name": "bone25",
				"parent": "bone24",
				"pivot": [0, 6, 6.65335],
				"rotation": [0, -45, 0],
				"cubes": [
					{"origin": [-1, 6, 5.65335], "size": [2, 6, 2], "uv": [14, 62]}
				]
			},
			{
				"name": "bone26",
				"parent": "bone",
				"pivot": [0, 6, 0],
				"rotation": [0, -192, 0]
			},
			{
				"name": "bone27",
				"parent": "bone26",
				"pivot": [0, 6, 6.65335],
				"rotation": [41, 0, 0]
			},
			{
				"name": "bone28",
				"parent": "bone27",
				"pivot": [0, 6, 6.65335],
				"rotation": [0, -45, 0],
				"cubes": [
					{"origin": [-1, 6, 5.65335], "size": [2, 6, 2], "uv": [61, 49]}
				]
			},
			{
				"name": "bone29",
				"parent": "bone",
				"pivot": [0, 6, 0],
				"rotation": [0, -216, 0]
			},
			{
				"name": "bone30",
				"parent": "bone29",
				"pivot": [0, 6, 6.65335],
				"rotation": [41, 0, 0]
			},
			{
				"name": "bone31",
				"parent": "bone30",
				"pivot": [0, 6, 6.65335],
				"rotation": [0, -45, 0],
				"cubes": [
					{"origin": [-1, 6, 5.65335], "size": [2, 6, 2], "uv": [32, 61]}
				]
			},
			{
				"name": "bone32",
				"parent": "bone",
				"pivot": [0, 6, 0],
				"rotation": [0, -240, 0]
			},
			{
				"name": "bone33",
				"parent": "bone32",
				"pivot": [0, 6, 6.65335],
				"rotation": [41, 0, 0]
			},
			{
				"name": "bone34",
				"parent": "bone33",
				"pivot": [0, 6, 6.65335],
				"rotation": [0, -45, 0],
				"cubes": [
					{"origin": [-1, 6, 5.65335], "size": [2, 6, 2], "uv": [46, 59]}
				]
			},
			{
				"name": "bone35",
				"parent": "bone",
				"pivot": [0, 6, 0],
				"rotation": [0, -264, 0]
			},
			{
				"name": "bone36",
				"parent": "bone35",
				"pivot": [0, 6, 6.65335],
				"rotation": [41, 0, 0]
			},
			{
				"name": "bone37",
				"parent": "bone36",
				"pivot": [0, 6, 6.65335],
				"rotation": [0, -45, 0],
				"cubes": [
					{"origin": [-1, 6, 5.65335], "size": [2, 6, 2], "uv": [24, 59]}
				]
			},
			{
				"name": "bone38",
				"parent": "bone",
				"pivot": [0, 6, 0],
				"rotation": [0, -288, 0]
			},
			{
				"name": "bone39",
				"parent": "bone38",
				"pivot": [0, 6, 6.65335],
				"rotation": [41, 0, 0]
			},
			{
				"name": "bone40",
				"parent": "bone39",
				"pivot": [0, 6, 6.65335],
				"rotation": [0, -45, 0],
				"cubes": [
					{"origin": [-1, 6, 5.65335], "size": [2, 6, 2], "uv": [56, 57]}
				]
			},
			{
				"name": "bone41",
				"parent": "bone",
				"pivot": [0, 6, 0],
				"rotation": [0, -312, 0]
			},
			{
				"name": "bone42",
				"parent": "bone41",
				"pivot": [0, 6, 6.65335],
				"rotation": [41, 0, 0]
			},
			{
				"name": "bone43",
				"parent": "bone42",
				"pivot": [0, 6, 6.65335],
				"rotation": [0, -45, 0],
				"cubes": [
					{"origin": [-1, 6, 5.65335], "size": [2, 6, 2], "uv": [57, 32]}
				]
			},
			{
				"name": "bone44",
				"parent": "bone",
				"pivot": [0, 6, 0],
				"rotation": [0, -336, 0]
			},
			{
				"name": "bone45",
				"parent": "bone44",
				"pivot": [0, 6, 6.65335],
				"rotation": [41, 0, 0]
			},
			{
				"name": "bone46",
				"parent": "bone45",
				"pivot": [0, 6, 6.65335],
				"rotation": [0, -45, 0],
				"cubes": [
					{"origin": [-1, 6, 5.65335], "size": [2, 6, 2], "uv": [56, 24]}
				]
			},
			{
				"name": "bone47",
				"parent": "sittingRotationSkirt",
				"pivot": [0, 15.5, 0]
			},
			{
				"name": "bone48",
				"parent": "bone47",
				"pivot": [0, 5, 0]
			},
			{
				"name": "bone49",
				"parent": "bone48",
				"pivot": [0, 5, 6.65335],
				"rotation": [41, 0, 0]
			},
			{
				"name": "bone50",
				"parent": "bone49",
				"pivot": [0, 5, 6.65335],
				"rotation": [0, -45, 0],
				"cubes": [
					{"origin": [-1, 5, 5.65335], "size": [2, 6, 2], "uv": [56, 16]}
				]
			},
			{
				"name": "bone51",
				"parent": "bone47",
				"pivot": [0, 5, 0],
				"rotation": [0, -24, 0]
			},
			{
				"name": "bone52",
				"parent": "bone51",
				"pivot": [0, 5, 6.65335],
				"rotation": [41, 0, 0]
			},
			{
				"name": "bone53",
				"parent": "bone52",
				"pivot": [0, 5, 6.65335],
				"rotation": [0, -45, 0],
				"cubes": [
					{"origin": [-1, 5, 5.65335], "size": [2, 6, 2], "uv": [8, 56]}
				]
			},
			{
				"name": "bone54",
				"parent": "bone47",
				"pivot": [0, 5, 0],
				"rotation": [0, -48, 0]
			},
			{
				"name": "bone55",
				"parent": "bone54",
				"pivot": [0, 5, 6.65335],
				"rotation": [41, 0, 0]
			},
			{
				"name": "bone56",
				"parent": "bone55",
				"pivot": [0, 5, 6.65335],
				"rotation": [0, -45, 0],
				"cubes": [
					{"origin": [-1, 5, 5.65335], "size": [2, 6, 2], "uv": [56, 0]}
				]
			},
			{
				"name": "bone57",
				"parent": "bone47",
				"pivot": [0, 5, 0],
				"rotation": [0, -72, 0]
			},
			{
				"name": "bone58",
				"parent": "bone57",
				"pivot": [0, 5, 6.65335],
				"rotation": [41, 0, 0]
			},
			{
				"name": "bone59",
				"parent": "bone58",
				"pivot": [0, 5, 6.65335],
				"rotation": [0, -45, 0],
				"cubes": [
					{"origin": [-1, 5, 5.65335], "size": [2, 6, 2], "uv": [0, 56]}
				]
			},
			{
				"name": "bone60",
				"parent": "bone47",
				"pivot": [0, 5, 0],
				"rotation": [0, -96, 0]
			},
			{
				"name": "bone61",
				"parent": "bone60",
				"pivot": [0, 5, 6.65335],
				"rotation": [41, 0, 0]
			},
			{
				"name": "bone62",
				"parent": "bone61",
				"pivot": [0, 5, 6.65335],
				"rotation": [0, -45, 0],
				"cubes": [
					{"origin": [-1, 5, 5.65335], "size": [2, 6, 2], "uv": [55, 43]}
				]
			},
			{
				"name": "bone63",
				"parent": "bone47",
				"pivot": [0, 5, 0],
				"rotation": [0, -120, 0]
			},
			{
				"name": "bone64",
				"parent": "bone63",
				"pivot": [0, 5, 6.65335],
				"rotation": [41, 0, 0]
			},
			{
				"name": "bone65",
				"parent": "bone64",
				"pivot": [0, 5, 6.65335],
				"rotation": [0, -45, 0],
				"cubes": [
					{"origin": [-1, 5, 5.65335], "size": [2, 6, 2], "uv": [55, 8]}
				]
			},
			{
				"name": "bone66",
				"parent": "bone47",
				"pivot": [0, 5, 0],
				"rotation": [0, -144, 0]
			},
			{
				"name": "bone67",
				"parent": "bone66",
				"pivot": [0, 5, 6.65335],
				"rotation": [41, 0, 0]
			},
			{
				"name": "bone68",
				"parent": "bone67",
				"pivot": [0, 5, 6.65335],
				"rotation": [0, -45, 0],
				"cubes": [
					{"origin": [-1, 5, 5.65335], "size": [2, 6, 2], "uv": [16, 54]}
				]
			},
			{
				"name": "bone69",
				"parent": "bone47",
				"pivot": [0, 5, 0],
				"rotation": [0, -168, 0]
			},
			{
				"name": "bone70",
				"parent": "bone69",
				"pivot": [0, 5, 6.65335],
				"rotation": [41, 0, 0]
			},
			{
				"name": "bone71",
				"parent": "bone70",
				"pivot": [0, 5, 6.65335],
				"rotation": [0, -45, 0],
				"cubes": [
					{"origin": [-1, 5, 5.65335], "size": [2, 6, 2], "uv": [40, 53]}
				]
			},
			{
				"name": "bone72",
				"parent": "bone47",
				"pivot": [0, 5, 0],
				"rotation": [0, -192, 0]
			},
			{
				"name": "bone73",
				"parent": "bone72",
				"pivot": [0, 5, 6.65335],
				"rotation": [41, 0, 0]
			},
			{
				"name": "bone74",
				"parent": "bone73",
				"pivot": [0, 5, 6.65335],
				"rotation": [0, -45, 0],
				"cubes": [
					{"origin": [-1, 5, 5.65335], "size": [2, 6, 2], "uv": [32, 53]}
				]
			},
			{
				"name": "bone75",
				"parent": "bone47",
				"pivot": [0, 5, 0],
				"rotation": [0, -216, 0]
			},
			{
				"name": "bone76",
				"parent": "bone75",
				"pivot": [0, 5, 6.65335],
				"rotation": [41, 0, 0]
			},
			{
				"name": "bone77",
				"parent": "bone76",
				"pivot": [0, 5, 6.65335],
				"rotation": [0, -45, 0],
				"cubes": [
					{"origin": [-1, 5, 5.65335], "size": [2, 6, 2], "uv": [50, 51]}
				]
			},
			{
				"name": "bone78",
				"parent": "bone47",
				"pivot": [0, 5, 0],
				"rotation": [0, -240, 0]
			},
			{
				"name": "bone79",
				"parent": "bone78",
				"pivot": [0, 5, 6.65335],
				"rotation": [41, 0, 0]
			},
			{
				"name": "bone80",
				"parent": "bone79",
				"pivot": [0, 5, 6.65335],
				"rotation": [0, -45, 0],
				"cubes": [
					{"origin": [-1, 5, 5.65335], "size": [2, 6, 2], "uv": [49, 37]}
				]
			},
			{
				"name": "bone81",
				"parent": "bone47",
				"pivot": [0, 5, 0],
				"rotation": [0, -264, 0]
			},
			{
				"name": "bone82",
				"parent": "bone81",
				"pivot": [0, 5, 6.65335],
				"rotation": [41, 0, 0]
			},
			{
				"name": "bone83",
				"parent": "bone82",
				"pivot": [0, 5, 6.65335],
				"rotation": [0, -45, 0],
				"cubes": [
					{"origin": [-1, 5, 5.65335], "size": [2, 6, 2], "uv": [48, 29]}
				]
			},
			{
				"name": "bone84",
				"parent": "bone47",
				"pivot": [0, 5, 0],
				"rotation": [0, -288, 0]
			},
			{
				"name": "bone85",
				"parent": "bone84",
				"pivot": [0, 5, 6.65335],
				"rotation": [41, 0, 0]
			},
			{
				"name": "bone86",
				"parent": "bone85",
				"pivot": [0, 5, 6.65335],
				"rotation": [0, -45, 0],
				"cubes": [
					{"origin": [-1, 5, 5.65335], "size": [2, 6, 2], "uv": [48, 21]}
				]
			},
			{
				"name": "bone87",
				"parent": "bone47",
				"pivot": [0, 5, 0],
				"rotation": [0, -312, 0]
			},
			{
				"name": "bone88",
				"parent": "bone87",
				"pivot": [0, 5, 6.65335],
				"rotation": [41, 0, 0]
			},
			{
				"name": "bone89",
				"parent": "bone88",
				"pivot": [0, 5, 6.65335],
				"rotation": [0, -45, 0],
				"cubes": [
					{"origin": [-1, 5, 5.65335], "size": [2, 6, 2], "uv": [40, 0]}
				]
			},
			{
				"name": "bone90",
				"parent": "bone47",
				"pivot": [0, 5, 0],
				"rotation": [0, -336, 0]
			},
			{
				"name": "bone91",
				"parent": "bone90",
				"pivot": [0, 5, 6.65335],
				"rotation": [41, 0, 0]
			},
			{
				"name": "bone92",
				"parent": "bone91",
				"pivot": [0, 5, 6.65335],
				"rotation": [0, -45, 0],
				"cubes": [
					{"origin": [-1, 5, 5.65335], "size": [2, 6, 2], "uv": [0, 0]}
				]
			},
			{
				"name": "pd",
				"parent": "body",
				"pivot": [0, 10.5, 0]
			},
			{
				"name": "bone107",
				"parent": "pd",
				"pivot": [0, 10.5, 0],
				"rotation": [37.5, -7.5, -25],
				"cubes": [
					{"origin": [2, -6.5, 3], "size": [2, 17, 0], "uv": [28, 42]}
				]
			},
			{
				"name": "bone108",
				"parent": "pd",
				"pivot": [0, 10.5, 0],
				"rotation": [37.5, 7.5, 25],
				"cubes": [
					{"origin": [-4, -6.5, 3], "size": [2, 17, 0], "uv": [24, 42]}
				]
			},
			{
				"name": "hu2",
				"parent": "body",
				"pivot": [0, 10.5, 0]
			},
			{
				"name": "bone109",
				"parent": "hu2",
				"pivot": [0, 10.5, 0],
				"cubes": [
					{"origin": [-0.5, 16.23, -4], "size": [1, 1, 1], "uv": [18, 35]}
				]
			},
			{
				"name": "bone110",
				"parent": "hu2",
				"pivot": [0, 10.5, 0],
				"rotation": [0, -17.5, 10],
				"cubes": [
					{"origin": [-4.5, 16, -3], "size": [2, 1.25, 0], "uv": [39, 43]}
				]
			},
			{
				"name": "bone111",
				"parent": "hu2",
				"pivot": [0, 10.5, 0],
				"rotation": [0, 17.5, -10],
				"cubes": [
					{"origin": [2.5, 16, -3], "size": [2, 1.25, 0], "uv": [39, 42]}
				]
			},
			{
				"name": "bone112",
				"parent": "hu2",
				"pivot": [0, 10.5, 0],
				"rotation": [0, 10, 15],
				"cubes": [
					{"origin": [-2, 11.5, -4], "size": [1, 5, 0], "uv": [22, 31]}
				]
			},
			{
				"name": "bone113",
				"parent": "hu2",
				"pivot": [0, 10.5, 0],
				"rotation": [0, -10, -15],
				"cubes": [
					{"origin": [1, 11.5, -4], "size": [1, 5, 0], "uv": [4, 31]}
				]
			},
			{
				"name": "legLeft",
				"pivot": [2, 9, 0],
				"cubes": [
					{"origin": [0.499, 0.1, -1.5], "size": [2.75, 8.9, 3], "uv": [42, 42]}
				]
			},
			{
				"name": "bone114",
				"parent": "legLeft",
				"pivot": [2, 9, 0],
				"cubes": [
					{"origin": [0.499, 0.1, -1.5], "size": [2.75, 7, 3], "uv": [0, 46], "inflate": 0.1}
				]
			},
			{
				"name": "3",
				"parent": "legLeft",
				"pivot": [2, 9, 0],
				"cubes": [
					{"origin": [0.499, 0.1, -1.5], "size": [2.75, 2, 3], "uv": [64, 57], "inflate": 0.2}
				]
			},
			{
				"name": "bone118",
				"parent": "3",
				"pivot": [2, 9, 0],
				"cubes": [
					{"origin": [1.249, 1, 1], "size": [1, 1, 1], "uv": [0, 35]}
				]
			},
			{
				"name": "bone119",
				"parent": "bone118",
				"pivot": [1, 9, 0],
				"rotation": [0, 0, -10],
				"cubes": [
					{"origin": [0.896, 1, 2], "size": [2, 1, 0], "uv": [42, 21], "inflate": -0.1}
				]
			},
			{
				"name": "bone120",
				"parent": "bone118",
				"pivot": [3, 9, 0],
				"rotation": [0, 0, 10],
				"cubes": [
					{"origin": [1.104, 1, 2], "size": [2, 1, 0], "uv": [40, 15], "inflate": -0.1}
				]
			},
			{
				"name": "bone121",
				"parent": "3",
				"pivot": [2, 9, 0],
				"rotation": [0, 0, -7.5],
				"cubes": [
					{"origin": [0.895, -0.596, 2], "size": [1, 2, 0], "uv": [42, 18], "inflate": -0.1}
				]
			},
			{
				"name": "bone122",
				"parent": "3",
				"pivot": [-2, 9, 0],
				"rotation": [0, 0, 7.5],
				"cubes": [
					{"origin": [2.105, 0.103, 2], "size": [1, 2, 0], "uv": [40, 0], "inflate": -0.1}
				]
			},
			{
				"name": "legRight",
				"pivot": [-2, 9, 0],
				"cubes": [
					{"origin": [-3.249, 0.2, -1.5], "size": [2.75, 8.8, 3], "uv": [32, 42]}
				]
			},
			{
				"name": "bone116",
				"parent": "legRight",
				"pivot": [-2, 9, 0],
				"cubes": [
					{"origin": [-3.249, 0.2, -1.5], "size": [2.75, 7, 3], "uv": [45, 11], "inflate": 0.1}
				]
			},
			{
				"name": "bone117",
				"parent": "legRight",
				"pivot": [-2, 9, 0],
				"cubes": [
					{"origin": [-3.249, 0.2, -1.5], "size": [2.75, 2, 3], "uv": [64, 0], "inflate": 0.2}
				]
			},
			{
				"name": "hu4",
				"parent": "legRight",
				"pivot": [-2, 9, 0]
			},
			{
				"name": "bone115",
				"parent": "hu4",
				"pivot": [-2, 9, 0],
				"cubes": [
					{"origin": [-2.751, 1, 1], "size": [1, 1, 1], "uv": [33, 31]}
				]
			},
			{
				"name": "bone123",
				"parent": "bone115",
				"pivot": [-3, 9, 0],
				"rotation": [0, 0, -10],
				"cubes": [
					{"origin": [-3.104, 1, 2], "size": [2, 1, 0], "uv": [39, 14], "inflate": -0.1}
				]
			},
			{
				"name": "bone124",
				"parent": "bone115",
				"pivot": [-1, 9, 0],
				"rotation": [0, 0, 10],
				"cubes": [
					{"origin": [-2.896, 1, 2], "size": [2, 1, 0], "uv": [33, 33], "inflate": -0.1}
				]
			},
			{
				"name": "bone125",
				"parent": "hu4",
				"pivot": [-2, 9, 0],
				"rotation": [0, 0, -7.5],
				"cubes": [
					{"origin": [-3.105, -0.596, 2], "size": [1, 2, 0], "uv": [6, 0], "inflate": -0.1}
				]
			},
			{
				"name": "bone126",
				"parent": "hu4",
				"pivot": [-6, 9, 0],
				"rotation": [0, 0, 7.5],
				"cubes": [
					{"origin": [-1.895, 0.103, 2], "size": [1, 2, 0], "uv": [0, 0], "inflate": -0.1}
				]
			}
		]
	}
}