{
	"format_version": "1.10.0",
	"geometry.model": {
		"texturewidth": 128,
		"textureheight": 128,
		"visible_bounds_width": 3,
		"visible_bounds_height": 4,
		"visible_bounds_offset": [0, 1, 0],
		"bones": [
			{
				"name": "head",
				"pivot": [0, 18, 0],
				"cubes": [
					{"origin": [-4, 18, -4], "size": [8, 8, 8], "uv": [0, 0]}
				]
			},
			{
				"name": "blink",
				"parent": "head",
				"pivot": [0, 18, 0],
				"cubes": [
					{"origin": [-4, 18, -4.001], "size": [8, 8, 0], "uv": [24, 0]}
				]
			},
			{
				"name": "deco3",
				"parent": "head",
				"pivot": [0, 34.25, 0.95],
				"rotation": [-41, 0, 0]
			},
			{
				"name": "bone83",
				"parent": "deco3",
				"pivot": [0, 21.75, 6.95]
			},
			{
				"name": "bone84",
				"parent": "bone83",
				"pivot": [0, 34.25, 0.45],
				"rotation": [0, 0, 5],
				"cubes": [
					{"origin": [-2.13242, 23.89055, 1.98981], "size": [3, 1, 1], "uv": [57, 61]}
				]
			},
			{
				"name": "bone85",
				"parent": "bone83",
				"pivot": [0, 34.25, 0.45],
				"rotation": [0, 0, -15],
				"cubes": [
					{"origin": [-5.54696, 24.24462, 1.98981], "size": [3, 1, 1], "uv": [49, 61]}
				]
			},
			{
				"name": "bone86",
				"parent": "deco3",
				"pivot": [0, 21.75, 6.95]
			},
			{
				"name": "bone87",
				"parent": "bone86",
				"pivot": [0, 34.25, 0.45],
				"rotation": [0, 0, -5],
				"cubes": [
					{"origin": [-0.86758, 23.89055, 1.98981], "size": [3, 1, 1], "uv": [61, 45]}
				]
			},
			{
				"name": "bone88",
				"parent": "bone86",
				"pivot": [0, 34.25, 0.45],
				"rotation": [0, 0, 15],
				"cubes": [
					{"origin": [2.54696, 24.24462, 1.98981], "size": [3, 1, 1], "uv": [41, 61]}
				]
			},
			{
				"name": "bone89",
				"parent": "deco3",
				"pivot": [0, 21.75, 6.95],
				"cubes": [
					{"origin": [-0.5, 23.90931, 1.98981], "size": [1, 1, 1], "uv": [8, 41], "inflate": 0.1}
				]
			},
			{
				"name": "bone90",
				"parent": "deco3",
				"pivot": [-0.5, 34.21527, 0.75304],
				"rotation": [0, 0, 35],
				"cubes": [
					{"origin": [4.36571, 22.96805, 2.79285], "size": [1, 3, 0], "uv": [33, 33]}
				]
			},
			{
				"name": "bone91",
				"parent": "deco3",
				"pivot": [0.5, 34.21527, 0.75304],
				"rotation": [0, 0, -35],
				"cubes": [
					{"origin": [-5.36571, 22.96805, 2.79285], "size": [1, 3, 0], "uv": [9, 31]}
				]
			},
			{
				"name": "ear",
				"parent": "head",
				"pivot": [0, 17, -3]
			},
			{
				"name": "bone183",
				"parent": "ear",
				"pivot": [0, 17, -3],
				"rotation": [0, 0, -10],
				"cubes": [
					{"origin": [-1.3, 25.8, -3], "size": [1.3, 3, 1], "uv": [8, 59]}
				]
			},
			{
				"name": "bone184",
				"parent": "ear",
				"pivot": [0, 17, -3],
				"rotation": [0, 0, 7.5],
				"cubes": [
					{"origin": [-5, 25, -3], "size": [1, 3, 1], "uv": [22, 50]}
				]
			},
			{
				"name": "ear2",
				"parent": "head",
				"pivot": [0, 17, -3]
			},
			{
				"name": "bone101",
				"parent": "ear2",
				"pivot": [0, 17, -3],
				"rotation": [0, 0, 10],
				"cubes": [
					{"origin": [0, 25.8, -3], "size": [1.3, 3, 1], "uv": [34, 49]}
				]
			},
			{
				"name": "bone102",
				"parent": "ear2",
				"pivot": [0, 17, -3],
				"rotation": [0, 0, -7.5],
				"cubes": [
					{"origin": [4, 25, -3], "size": [1, 3, 1], "uv": [16, 45]}
				]
			},
			{
				"name": "bz",
				"parent": "head",
				"pivot": [-2, 17, 0],
				"rotation": [0, 0, 15]
			},
			{
				"name": "bone103",
				"parent": "bz",
				"pivot": [-2, 17, 0],
				"cubes": [
					{"origin": [-7, 23, -2], "size": [1, 1, 1], "uv": [37, 39]}
				]
			},
			{
				"name": "bone104",
				"parent": "bz",
				"pivot": [-2, 17, 0],
				"cubes": [
					{"origin": [-8, 12, -2], "size": [1, 11, 1], "uv": [4, 41]}
				]
			},
			{
				"name": "bz2",
				"parent": "head",
				"pivot": [2, 17, 0],
				"rotation": [0, 0, -15]
			},
			{
				"name": "bone105",
				"parent": "bz2",
				"pivot": [2, 17, 0],
				"cubes": [
					{"origin": [6, 23, -2], "size": [1, 1, 1], "uv": [32, 8]}
				]
			},
			{
				"name": "bone106",
				"parent": "bz2",
				"pivot": [2, 17, 0],
				"cubes": [
					{"origin": [7, 12, -2], "size": [1, 11, 1], "uv": [0, 41]}
				]
			},
			{
				"name": "hair",
				"parent": "head",
				"pivot": [0, 18, 0],
				"rotation": [10, 0, 0],
				"cubes": [
					{"origin": [-4, 13, 4], "size": [8, 5, 0], "uv": [33, 28]}
				]
			},
			{
				"name": "armRight",
				"pivot": [-3, 17.5, 0],
				"rotation": [0, 0, 25],
				"cubes": [
					{"origin": [-5, 9.5, -1], "size": [2, 8, 2], "uv": [20, 40]},
					{"origin": [-5.5, 13.5, -1.5], "size": [3, 3, 3], "uv": [40, 0]}
				]
			},
			{
				"name": "armLeft",
				"pivot": [3, 17.5, 0],
				"rotation": [0, 0, -25],
				"cubes": [
					{"origin": [2.5, 13.5, -1.5], "size": [3, 3, 3], "uv": [39, 39]},
					{"origin": [3, 9.5, -1], "size": [2, 8, 2], "uv": [31, 39]}
				]
			},
			{
				"name": "body",
				"pivot": [0, 10.5, 0],
				"cubes": [
					{"origin": [-3, 8.999, -3], "size": [6, 9, 6], "uv": [0, 16]}
				]
			},
			{
				"name": "sittingRotationSkirt",
				"parent": "body",
				"pivot": [0, 10.5, 0]
			},
			{
				"name": "bone",
				"parent": "sittingRotationSkirt",
				"pivot": [0, 15.5, 0]
			},
			{
				"name": "bone2",
				"parent": "bone",
				"pivot": [0, 5, 0]
			},
			{
				"name": "bone3",
				"parent": "bone2",
				"pivot": [0, 5, 5.73769],
				"rotation": [35, 0, 0]
			},
			{
				"name": "bone4",
				"parent": "bone3",
				"pivot": [0, 5, 5.73769],
				"rotation": [0, -45, 0],
				"cubes": [
					{"origin": [-1, 5, 4.73769], "size": [2, 6, 2], "uv": [60, 0]}
				]
			},
			{
				"name": "bone5",
				"parent": "bone",
				"pivot": [0, 5, 0],
				"rotation": [0, -27.69231, 0]
			},
			{
				"name": "bone6",
				"parent": "bone5",
				"pivot": [0, 5, 5.73769],
				"rotation": [35, 0, 0]
			},
			{
				"name": "bone7",
				"parent": "bone6",
				"pivot": [0, 5, 5.73769],
				"rotation": [0, -45, 0],
				"cubes": [
					{"origin": [-1, 5, 4.73769], "size": [2, 6, 2], "uv": [28, 59]}
				]
			},
			{
				"name": "bone8",
				"parent": "bone",
				"pivot": [0, 5, 0],
				"rotation": [0, -55.38462, 0]
			},
			{
				"name": "bone9",
				"parent": "bone8",
				"pivot": [0, 5, 5.73769],
				"rotation": [35, 0, 0]
			},
			{
				"name": "bone10",
				"parent": "bone9",
				"pivot": [0, 5, 5.73769],
				"rotation": [0, -45, 0],
				"cubes": [
					{"origin": [-1, 5, 4.73769], "size": [2, 6, 2], "uv": [58, 53]}
				]
			},
			{
				"name": "bone11",
				"parent": "bone",
				"pivot": [0, 5, 0],
				"rotation": [0, -83.07692, 0]
			},
			{
				"name": "bone12",
				"parent": "bone11",
				"pivot": [0, 5, 5.73769],
				"rotation": [35, 0, 0]
			},
			{
				"name": "bone13",
				"parent": "bone12",
				"pivot": [0, 5, 5.73769],
				"rotation": [0, -45, 0],
				"cubes": [
					{"origin": [-1, 5, 4.73769], "size": [2, 6, 2], "uv": [12, 57]}
				]
			},
			{
				"name": "bone14",
				"parent": "bone",
				"pivot": [0, 5, 0],
				"rotation": [0, -110.76923, 0]
			},
			{
				"name": "bone15",
				"parent": "bone14",
				"pivot": [0, 5, 5.73769],
				"rotation": [35, 0, 0]
			},
			{
				"name": "bone16",
				"parent": "bone15",
				"pivot": [0, 5, 5.73769],
				"rotation": [0, -45, 0],
				"cubes": [
					{"origin": [-1, 5, 4.73769], "size": [2, 6, 2], "uv": [0, 57]}
				]
			},
			{
				"name": "bone17",
				"parent": "bone",
				"pivot": [0, 5, 0],
				"rotation": [0, -138.46154, 0]
			},
			{
				"name": "bone18",
				"parent": "bone17",
				"pivot": [0, 5, 5.73769],
				"rotation": [35, 0, 0]
			},
			{
				"name": "bone19",
				"parent": "bone18",
				"pivot": [0, 5, 5.73769],
				"rotation": [0, -45, 0],
				"cubes": [
					{"origin": [-1, 5, 4.73769], "size": [2, 6, 2], "uv": [56, 16]}
				]
			},
			{
				"name": "bone20",
				"parent": "bone",
				"pivot": [0, 5, 0],
				"rotation": [0, -166.15385, 0]
			},
			{
				"name": "bone21",
				"parent": "bone20",
				"pivot": [0, 5, 5.73769],
				"rotation": [35, 0, 0]
			},
			{
				"name": "bone22",
				"parent": "bone21",
				"pivot": [0, 5, 5.73769],
				"rotation": [0, -45, 0],
				"cubes": [
					{"origin": [-1, 5, 4.73769], "size": [2, 6, 2], "uv": [55, 45]}
				]
			},
			{
				"name": "bone23",
				"parent": "bone",
				"pivot": [0, 5, 0],
				"rotation": [0, -193.84615, 0]
			},
			{
				"name": "bone24",
				"parent": "bone23",
				"pivot": [0, 5, 5.73769],
				"rotation": [35, 0, 0]
			},
			{
				"name": "bone25",
				"parent": "bone24",
				"pivot": [0, 5, 5.73769],
				"rotation": [0, -45, 0],
				"cubes": [
					{"origin": [-1, 5, 4.73769], "size": [2, 6, 2], "uv": [55, 28]}
				]
			},
			{
				"name": "bone26",
				"parent": "bone",
				"pivot": [0, 5, 0],
				"rotation": [0, -221.53846, 0]
			},
			{
				"name": "bone27",
				"parent": "bone26",
				"pivot": [0, 5, 5.73769],
				"rotation": [35, 0, 0]
			},
			{
				"name": "bone28",
				"parent": "bone27",
				"pivot": [0, 5, 5.73769],
				"rotation": [0, -45, 0],
				"cubes": [
					{"origin": [-1, 5, 4.73769], "size": [2, 6, 2], "uv": [20, 55]}
				]
			},
			{
				"name": "bone29",
				"parent": "bone",
				"pivot": [0, 5, 0],
				"rotation": [0, -249.23077, 0]
			},
			{
				"name": "bone30",
				"parent": "bone29",
				"pivot": [0, 5, 5.73769],
				"rotation": [35, 0, 0]
			},
			{
				"name": "bone31",
				"parent": "bone30",
				"pivot": [0, 5, 5.73769],
				"rotation": [0, -45, 0],
				"cubes": [
					{"origin": [-1, 5, 4.73769], "size": [2, 6, 2], "uv": [54, 8]}
				]
			},
			{
				"name": "bone32",
				"parent": "bone",
				"pivot": [0, 5, 0],
				"rotation": [0, -276.92308, 0]
			},
			{
				"name": "bone33",
				"parent": "bone32",
				"pivot": [0, 5, 5.73769],
				"rotation": [35, 0, 0]
			},
			{
				"name": "bone34",
				"parent": "bone33",
				"pivot": [0, 5, 5.73769],
				"rotation": [0, -45, 0],
				"cubes": [
					{"origin": [-1, 5, 4.73769], "size": [2, 6, 2], "uv": [50, 53]}
				]
			},
			{
				"name": "bone35",
				"parent": "bone",
				"pivot": [0, 5, 0],
				"rotation": [0, -304.61538, 0]
			},
			{
				"name": "bone36",
				"parent": "bone35",
				"pivot": [0, 5, 5.73769],
				"rotation": [35, 0, 0]
			},
			{
				"name": "bone37",
				"parent": "bone36",
				"pivot": [0, 5, 5.73769],
				"rotation": [0, -45, 0],
				"cubes": [
					{"origin": [-1, 5, 4.73769], "size": [2, 6, 2], "uv": [42, 53]}
				]
			},
			{
				"name": "bone38",
				"parent": "bone",
				"pivot": [0, 5, 0],
				"rotation": [0, -332.30769, 0]
			},
			{
				"name": "bone39",
				"parent": "bone38",
				"pivot": [0, 5, 5.73769],
				"rotation": [35, 0, 0]
			},
			{
				"name": "bone40",
				"parent": "bone39",
				"pivot": [0, 5, 5.73769],
				"rotation": [0, -45, 0],
				"cubes": [
					{"origin": [-1, 5, 4.73769], "size": [2, 6, 2], "uv": [53, 37]}
				]
			},
			{
				"name": "bone41",
				"parent": "sittingRotationSkirt",
				"pivot": [0, 14.5, 0]
			},
			{
				"name": "bone42",
				"parent": "bone41",
				"pivot": [0, 4, 0]
			},
			{
				"name": "bone43",
				"parent": "bone42",
				"pivot": [0, 4, 5.73769],
				"rotation": [35, 0, 0]
			},
			{
				"name": "bone44",
				"parent": "bone43",
				"pivot": [0, 4, 5.73769],
				"rotation": [0, -45, 0],
				"cubes": [
					{"origin": [-1, 4, 4.73769], "size": [2, 6, 2], "uv": [34, 53]}
				]
			},
			{
				"name": "bone45",
				"parent": "bone41",
				"pivot": [0, 4, 0],
				"rotation": [0, -27.69231, 0]
			},
			{
				"name": "bone46",
				"parent": "bone45",
				"pivot": [0, 4, 5.73769],
				"rotation": [35, 0, 0]
			},
			{
				"name": "bone47",
				"parent": "bone46",
				"pivot": [0, 4, 5.73769],
				"rotation": [0, -45, 0],
				"cubes": [
					{"origin": [-1, 4, 4.73769], "size": [2, 6, 2], "uv": [52, 0]}
				]
			},
			{
				"name": "bone48",
				"parent": "bone41",
				"pivot": [0, 4, 0],
				"rotation": [0, -55.38462, 0]
			},
			{
				"name": "bone49",
				"parent": "bone48",
				"pivot": [0, 4, 5.73769],
				"rotation": [35, 0, 0]
			},
			{
				"name": "bone50",
				"parent": "bone49",
				"pivot": [0, 4, 5.73769],
				"rotation": [0, -45, 0],
				"cubes": [
					{"origin": [-1, 4, 4.73769], "size": [2, 6, 2], "uv": [6, 51]}
				]
			},
			{
				"name": "bone51",
				"parent": "bone41",
				"pivot": [0, 4, 0],
				"rotation": [0, -83.07692, 0]
			},
			{
				"name": "bone52",
				"parent": "bone51",
				"pivot": [0, 4, 5.73769],
				"rotation": [35, 0, 0]
			},
			{
				"name": "bone53",
				"parent": "bone52",
				"pivot": [0, 4, 5.73769],
				"rotation": [0, -45, 0],
				"cubes": [
					{"origin": [-1, 4, 4.73769], "size": [2, 6, 2], "uv": [26, 49]}
				]
			},
			{
				"name": "bone54",
				"parent": "bone41",
				"pivot": [0, 4, 0],
				"rotation": [0, -110.76923, 0]
			},
			{
				"name": "bone55",
				"parent": "bone54",
				"pivot": [0, 4, 5.73769],
				"rotation": [35, 0, 0]
			},
			{
				"name": "bone56",
				"parent": "bone55",
				"pivot": [0, 4, 5.73769],
				"rotation": [0, -45, 0],
				"cubes": [
					{"origin": [-1, 4, 4.73769], "size": [2, 6, 2], "uv": [49, 22]}
				]
			},
			{
				"name": "bone57",
				"parent": "bone41",
				"pivot": [0, 4, 0],
				"rotation": [0, -138.46154, 0]
			},
			{
				"name": "bone58",
				"parent": "bone57",
				"pivot": [0, 4, 5.73769],
				"rotation": [35, 0, 0]
			},
			{
				"name": "bone59",
				"parent": "bone58",
				"pivot": [0, 4, 5.73769],
				"rotation": [0, -45, 0],
				"cubes": [
					{"origin": [-1, 4, 4.73769], "size": [2, 6, 2], "uv": [14, 49]}
				]
			},
			{
				"name": "bone60",
				"parent": "bone41",
				"pivot": [0, 4, 0],
				"rotation": [0, -166.15385, 0]
			},
			{
				"name": "bone61",
				"parent": "bone60",
				"pivot": [0, 4, 5.73769],
				"rotation": [35, 0, 0]
			},
			{
				"name": "bone62",
				"parent": "bone61",
				"pivot": [0, 4, 5.73769],
				"rotation": [0, -45, 0],
				"cubes": [
					{"origin": [-1, 4, 4.73769], "size": [2, 6, 2], "uv": [48, 14]}
				]
			},
			{
				"name": "bone63",
				"parent": "bone41",
				"pivot": [0, 4, 0],
				"rotation": [0, -193.84615, 0]
			},
			{
				"name": "bone64",
				"parent": "bone63",
				"pivot": [0, 4, 5.73769],
				"rotation": [35, 0, 0]
			},
			{
				"name": "bone65",
				"parent": "bone64",
				"pivot": [0, 4, 5.73769],
				"rotation": [0, -45, 0],
				"cubes": [
					{"origin": [-1, 4, 4.73769], "size": [2, 6, 2], "uv": [47, 45]}
				]
			},
			{
				"name": "bone66",
				"parent": "bone41",
				"pivot": [0, 4, 0],
				"rotation": [0, -221.53846, 0]
			},
			{
				"name": "bone67",
				"parent": "bone66",
				"pivot": [0, 4, 5.73769],
				"rotation": [35, 0, 0]
			},
			{
				"name": "bone68",
				"parent": "bone67",
				"pivot": [0, 4, 5.73769],
				"rotation": [0, -45, 0],
				"cubes": [
					{"origin": [-1, 4, 4.73769], "size": [2, 6, 2], "uv": [47, 31]}
				]
			},
			{
				"name": "bone69",
				"parent": "bone41",
				"pivot": [0, 4, 0],
				"rotation": [0, -249.23077, 0]
			},
			{
				"name": "bone70",
				"parent": "bone69",
				"pivot": [0, 4, 5.73769],
				"rotation": [35, 0, 0]
			},
			{
				"name": "bone71",
				"parent": "bone70",
				"pivot": [0, 4, 5.73769],
				"rotation": [0, -45, 0],
				"cubes": [
					{"origin": [-1, 4, 4.73769], "size": [2, 6, 2], "uv": [39, 45]}
				]
			},
			{
				"name": "bone72",
				"parent": "bone41",
				"pivot": [0, 4, 0],
				"rotation": [0, -276.92308, 0]
			},
			{
				"name": "bone73",
				"parent": "bone72",
				"pivot": [0, 4, 5.73769],
				"rotation": [35, 0, 0]
			},
			{
				"name": "bone74",
				"parent": "bone73",
				"pivot": [0, 4, 5.73769],
				"rotation": [0, -45, 0],
				"cubes": [
					{"origin": [-1, 4, 4.73769], "size": [2, 6, 2], "uv": [45, 6]}
				]
			},
			{
				"name": "bone75",
				"parent": "bone41",
				"pivot": [0, 4, 0],
				"rotation": [0, -304.61538, 0]
			},
			{
				"name": "bone76",
				"parent": "bone75",
				"pivot": [0, 4, 5.73769],
				"rotation": [35, 0, 0]
			},
			{
				"name": "bone77",
				"parent": "bone76",
				"pivot": [0, 4, 5.73769],
				"rotation": [0, -45, 0],
				"cubes": [
					{"origin": [-1, 4, 4.73769], "size": [2, 6, 2], "uv": [8, 43]}
				]
			},
			{
				"name": "bone78",
				"parent": "bone41",
				"pivot": [0, 4, 0],
				"rotation": [0, -332.30769, 0]
			},
			{
				"name": "bone79",
				"parent": "bone78",
				"pivot": [0, 4, 5.73769],
				"rotation": [35, 0, 0]
			},
			{
				"name": "bone80",
				"parent": "bone79",
				"pivot": [0, 4, 5.73769],
				"rotation": [0, -45, 0],
				"cubes": [
					{"origin": [-1, 4, 4.73769], "size": [2, 6, 2], "uv": [0, 0]}
				]
			},
			{
				"name": "pd",
				"parent": "sittingRotationSkirt",
				"pivot": [0, 10.5, 0]
			},
			{
				"name": "bone81",
				"parent": "pd",
				"pivot": [0, 10.5, 0],
				"rotation": [0, 17.5, 17.5],
				"cubes": [
					{"origin": [-2, -1.5, -1], "size": [0, 12, 2], "uv": [16, 29]}
				]
			},
			{
				"name": "bone82",
				"parent": "pd",
				"pivot": [0, 10.5, 0],
				"rotation": [0, -17.5, -17.5],
				"cubes": [
					{"origin": [2, -1.5, -1], "size": [0, 12, 2], "uv": [12, 29]}
				]
			},
			{
				"name": "deco4",
				"parent": "sittingRotationSkirt",
				"pivot": [-2, 26.25, -3.05],
				"rotation": [-23.5, -47.5, 0]
			},
			{
				"name": "bone92",
				"parent": "deco4",
				"pivot": [-2, 13.75, 2.95]
			},
			{
				"name": "bone93",
				"parent": "bone92",
				"pivot": [-2, 26.25, -3.55],
				"rotation": [0, 0, 5],
				"cubes": [
					{"origin": [-0.62376, 10.20759, -1.38302], "size": [3, 1, 1], "uv": [61, 28]}
				]
			},
			{
				"name": "bone94",
				"parent": "bone92",
				"pivot": [-2, 26.25, -3.55],
				"rotation": [0, 0, -15],
				"cubes": [
					{"origin": [-6.19359, 9.70436, -1.38302], "size": [3, 1, 1], "uv": [60, 8]}
				]
			},
			{
				"name": "bone95",
				"parent": "deco4",
				"pivot": [-2, 13.75, 2.95]
			},
			{
				"name": "bone96",
				"parent": "bone95",
				"pivot": [-2, 26.25, -3.55],
				"rotation": [0, 0, -5],
				"cubes": [
					{"origin": [-0.39907, 9.68465, -1.38302], "size": [3, 1, 1], "uv": [41, 24]}
				]
			},
			{
				"name": "bone97",
				"parent": "bone95",
				"pivot": [-2, 26.25, -3.55],
				"rotation": [0, 0, 15],
				"cubes": [
					{"origin": [4.98914, 11.25727, -1.38302], "size": [3, 1, 1], "uv": [18, 16]}
				]
			},
			{
				"name": "bone98",
				"parent": "deco4",
				"pivot": [-2, 13.75, 2.95],
				"cubes": [
					{"origin": [0.5, 9.94218, -1.38302], "size": [1, 1, 1], "uv": [26, 40], "inflate": 0.1}
				]
			},
			{
				"name": "bone99",
				"parent": "deco4",
				"pivot": [-2.5, 26.21527, -3.24696],
				"rotation": [0, 0, 20],
				"cubes": [
					{"origin": [5.22567, 9.38684, -0.57998], "size": [1, 3, 0], "uv": [0, 31]}
				]
			},
			{
				"name": "bone100",
				"parent": "deco4",
				"pivot": [-1.5, 26.21527, -3.24696],
				"rotation": [0, 0, -20],
				"cubes": [
					{"origin": [-4.58752, 7.33472, -0.57998], "size": [1, 3, 0], "uv": [30, 28]}
				]
			},
			{
				"name": "deco2",
				"parent": "body",
				"pivot": [0, 25.25, -4.05],
				"rotation": [-6, 0, 0]
			},
			{
				"name": "bone174",
				"parent": "deco2",
				"pivot": [0, 12.75, 1.95]
			},
			{
				"name": "bone175",
				"parent": "bone174",
				"pivot": [0, 25.25, -4.55],
				"rotation": [0, 0, 5],
				"cubes": [
					{"origin": [-2.13242, 14.89055, -3.01019], "size": [3, 1, 1], "uv": [62, 16]}
				]
			},
			{
				"name": "bone176",
				"parent": "bone174",
				"pivot": [0, 25.25, -4.55],
				"rotation": [0, 0, -15],
				"cubes": [
					{"origin": [-5.54696, 15.24462, -3.01019], "size": [3, 1, 1], "uv": [62, 14]}
				]
			},
			{
				"name": "bone177",
				"parent": "deco2",
				"pivot": [0, 12.75, 1.95]
			},
			{
				"name": "bone178",
				"parent": "bone177",
				"pivot": [0, 25.25, -4.55],
				"rotation": [0, 0, -5],
				"cubes": [
					{"origin": [-0.86758, 14.89055, -3.01019], "size": [3, 1, 1], "uv": [62, 12]}
				]
			},
			{
				"name": "bone179",
				"parent": "bone177",
				"pivot": [0, 25.25, -4.55],
				"rotation": [0, 0, 15],
				"cubes": [
					{"origin": [2.54696, 15.24462, -3.01019], "size": [3, 1, 1], "uv": [62, 10]}
				]
			},
			{
				"name": "bone180",
				"parent": "deco2",
				"pivot": [0, 12.75, 1.95],
				"cubes": [
					{"origin": [-0.5, 14.90931, -3.01019], "size": [1, 1, 1], "uv": [42, 33], "inflate": 0.1}
				]
			},
			{
				"name": "bone181",
				"parent": "deco2",
				"pivot": [-0.5, 25.21527, -4.24696],
				"rotation": [0, 0, 20],
				"cubes": [
					{"origin": [2.36571, 12.96805, -2.20715], "size": [1, 3, 0], "uv": [36, 24]}
				]
			},
			{
				"name": "bone182",
				"parent": "deco2",
				"pivot": [0.5, 25.21527, -4.24696],
				"rotation": [0, 0, -20],
				"cubes": [
					{"origin": [-3.36571, 12.96805, -2.20715], "size": [1, 3, 0], "uv": [36, 18]}
				]
			},
			{
				"name": "legLeft",
				"pivot": [2, 9, 0],
				"cubes": [
					{"origin": [0.499, 0, -1.5], "size": [3, 9, 3], "uv": [21, 28]}
				]
			},
			{
				"name": "bone117",
				"parent": "legLeft",
				"pivot": [2, 9, 0],
				"cubes": [
					{"origin": [0.499, 0, -1.5], "size": [3, 7, 3], "uv": [33, 8], "inflate": 0.1}
				]
			},
			{
				"name": "bone119",
				"parent": "legLeft",
				"pivot": [2, 9, 0],
				"cubes": [
					{"origin": [0.499, 0, -1.5], "size": [3, 3, 3], "uv": [36, 18], "inflate": 0.2}
				]
			},
			{
				"name": "bone122",
				"parent": "legLeft",
				"pivot": [0, 9, 0],
				"rotation": [0, -5, -17.5],
				"cubes": [
					{"origin": [1, 1, 1.8], "size": [2, 1, 1], "uv": [40, 6]}
				]
			},
			{
				"name": "legRight",
				"pivot": [-2, 9, 0],
				"cubes": [
					{"origin": [-3.499, 0, -1.5], "size": [3, 9, 3], "uv": [24, 16]}
				]
			},
			{
				"name": "bone118",
				"parent": "legRight",
				"pivot": [-2, 9, 0],
				"cubes": [
					{"origin": [-3.499, 0, -1.5], "size": [3, 7, 3], "uv": [0, 31], "inflate": 0.1}
				]
			},
			{
				"name": "bone120",
				"parent": "legRight",
				"pivot": [-2, 9, 0],
				"cubes": [
					{"origin": [-3.499, 0, -1.5], "size": [3, 3, 3], "uv": [33, 33], "inflate": 0.2}
				]
			},
			{
				"name": "bone121",
				"parent": "legRight",
				"pivot": [-2, 9, 0],
				"rotation": [0, 5, 17.5],
				"cubes": [
					{"origin": [-3, 2, 1.8], "size": [2, 1, 1], "uv": [14, 43]}
				]
			},
			{
				"name": "tail",
				"pivot": [0, 8, 4],
				"rotation": [10, 0, 30]
			},
			{
				"name": "tail2",
				"parent": "tail",
				"pivot": [0, 9, 4],
				"rotation": [0, 40, 0]
			},
			{
				"name": "bone107",
				"parent": "tail2",
				"pivot": [0, 9, 4],
				"cubes": [
					{"origin": [-0.5, 8.5, 4], "size": [1, 1, 3], "uv": [61, 41]}
				]
			},
			{
				"name": "bone108",
				"parent": "tail2",
				"pivot": [0, 9, 4],
				"rotation": [30, 0, 0],
				"cubes": [
					{"origin": [-0.5, 7.06699, 6.34808], "size": [1, 1, 3], "uv": [61, 37]},
					{"origin": [-0.5, 19.99519, 13.81218], "size": [1, 1, 2], "uv": [42, 63]}
				]
			},
			{
				"name": "bone109",
				"parent": "tail2",
				"pivot": [0, 9, 4],
				"rotation": [60, 0, 0],
				"cubes": [
					{"origin": [-0.5, 4.65192, 7.66506], "size": [1, 1, 3], "uv": [36, 61]},
					{"origin": [-0.5, 13.48205, 16.49519], "size": [1, 1, 2], "uv": [63, 30]}
				]
			},
			{
				"name": "bone110",
				"parent": "tail2",
				"pivot": [0, 9, 4],
				"rotation": [90, 0, 0],
				"cubes": [
					{"origin": [-0.5, 1.90192, 7.59808], "size": [1, 1, 3], "uv": [60, 33]},
					{"origin": [-0.5, 6.5, 15.56218], "size": [1, 1, 2], "uv": [18, 63]},
					{"origin": [-0.5, 6.5, 15.56218], "size": [1, 1, 2], "uv": [62, 22], "inflate": 0.1}
				]
			},
			{
				"name": "bone111",
				"parent": "tail2",
				"pivot": [0, 9, 4],
				"rotation": [120, 0, 0],
				"cubes": [
					{"origin": [-0.5, -0.44615, 6.16506], "size": [1, 1, 3], "uv": [57, 24]},
					{"origin": [-0.5, 0.91987, 11.26314], "size": [1, 1, 2], "uv": [6, 63]}
				]
			},
			{
				"name": "bone112",
				"parent": "tail2",
				"pivot": [0, 9, 4],
				"rotation": [150, 0, 0],
				"cubes": [
					{"origin": [-0.5, -1.76314, 3.75], "size": [1, 1, 3], "uv": [36, 24]}
				]
			},
			{
				"name": "hu",
				"parent": "tail",
				"pivot": [8, 6, -4],
				"rotation": [45, -25, -35]
			},
			{
				"name": "bone113",
				"parent": "hu",
				"pivot": [8, 6, -4],
				"rotation": [32.5, -10, -30],
				"cubes": [
					{"origin": [20, 0.5, 9], "size": [1, 1, 2.8], "uv": [0, 53]}
				]
			},
			{
				"name": "bone114",
				"parent": "hu",
				"pivot": [8, 6, -4],
				"rotation": [45, -57.5, -52.5],
				"cubes": [
					{"origin": [26.5, 5, -7], "size": [1, 1, 2.8], "uv": [0, 19]}
				]
			},
			{
				"name": "bone115",
				"parent": "hu",
				"pivot": [8, 6, -4],
				"rotation": [45, 57.5, 10],
				"cubes": [
					{"origin": [-3.5, 2.5, 9], "size": [1, 1, 2.8], "uv": [18, 18]}
				]
			},
			{
				"name": "bone116",
				"parent": "hu",
				"pivot": [8, 6, -4],
				"rotation": [45, 32.5, 5],
				"cubes": [
					{"origin": [4.5, -0.5, 11], "size": [1, 1, 2.8], "uv": [0, 16]}
				]
			}
		]
	}
}