{
	"format_version": "1.10.0",
	"geometry.model": {
		"texturewidth": 128,
		"textureheight": 128,
		"visible_bounds_width": 3,
		"visible_bounds_height": 4,
		"visible_bounds_offset": [0, 1, 0],
		"bones": [
			{
				"name": "head",
				"pivot": [0, 18, 0],
				"cubes": [
					{"origin": [-4, 18, -4], "size": [8, 8, 8], "uv": [0, 18]}
				]
			},
			{
				"name": "ahoge",
				"parent": "head",
				"pivot": [0, 26, 0],
				"cubes": [
					{"origin": [-3, 26, -3], "size": [6, 6, 0], "uv": [24, 0]}
				]
			},
			{
				"name": "blink",
				"parent": "head",
				"pivot": [0, 18, 0],
				"cubes": [
					{"origin": [-4, 18, -4.001], "size": [8, 8, 0], "uv": [24, 18]}
				]
			},
			{
				"name": "earRightShake",
				"parent": "head",
				"pivot": [-3, 26, -2]
			},
			{
				"name": "earRightBegShake",
				"parent": "earRightShake",
				"pivot": [-3, 26, -2]
			},
			{
				"name": "bone",
				"parent": "earRightBegShake",
				"pivot": [-3, 26, -2],
				"rotation": [0, 0, -22.5],
				"cubes": [
					{"origin": [-3, 25, -2], "size": [2, 6, 1], "uv": [65, 45]}
				]
			},
			{
				"name": "earLeftShake",
				"parent": "head",
				"pivot": [3, 26, -2],
				"rotation": [0, 0, 15]
			},
			{
				"name": "earLeftBegShake",
				"parent": "earLeftShake",
				"pivot": [3, 26, -2]
			},
			{
				"name": "bone82",
				"parent": "earLeftShake",
				"pivot": [3, 26, -2],
				"cubes": [
					{"origin": [1, 25, -2], "size": [2, 6, 1], "uv": [38, 65]}
				]
			},
			{
				"name": "hair",
				"parent": "head",
				"pivot": [0, 17, 0],
				"rotation": [40, 0, 0],
				"cubes": [
					{"origin": [-4, 6, -4], "size": [8, 10, 8], "uv": [0, 0]}
				]
			},
			{
				"name": "bz",
				"parent": "head",
				"pivot": [0, 18, 0]
			},
			{
				"name": "bone86",
				"parent": "bz",
				"pivot": [-1, 18, 0],
				"rotation": [0, 0, 12.5],
				"cubes": [
					{"origin": [-7, 23, -3], "size": [2, 2, 2], "uv": [66, 19]}
				]
			},
			{
				"name": "bone87",
				"parent": "bz",
				"pivot": [-1, 18, 0],
				"rotation": [0, 0, 20],
				"cubes": [
					{"origin": [-8, 19, -3], "size": [2, 4, 2], "uv": [16, 64], "inflate": 0.02}
				]
			},
			{
				"name": "bz2",
				"parent": "head",
				"pivot": [0, 18, 0]
			},
			{
				"name": "bone88",
				"parent": "bz2",
				"pivot": [1, 18, 0],
				"rotation": [0, 0, -12.5],
				"cubes": [
					{"origin": [5, 23, -3], "size": [2, 2, 2], "uv": [66, 15]}
				]
			},
			{
				"name": "bone89",
				"parent": "bz2",
				"pivot": [1, 18, 0],
				"rotation": [0, 0, -20],
				"cubes": [
					{"origin": [6, 19, -3], "size": [2, 4, 2], "uv": [64, 9], "inflate": 0.02}
				]
			},
			{
				"name": "zsp",
				"parent": "head",
				"pivot": [0, 18, -1],
				"rotation": [0, -27.5, 0]
			},
			{
				"name": "bone93",
				"parent": "zsp",
				"pivot": [0, 18, -1],
				"cubes": [
					{"origin": [2, 24, -6], "size": [1, 1, 1], "uv": [24, 6]}
				]
			},
			{
				"name": "bone94",
				"parent": "zsp",
				"pivot": [0, 18, -1],
				"cubes": [
					{"origin": [2, 24.89, -6], "size": [1, 2, 1], "uv": [21, 34], "inflate": -0.11}
				]
			},
			{
				"name": "bone95",
				"parent": "zsp",
				"pivot": [0, 18, -1],
				"rotation": [0, 0, -135],
				"cubes": [
					{"origin": [2.36, 11.89, -6], "size": [1, 2, 1], "uv": [9, 34], "inflate": -0.11}
				]
			},
			{
				"name": "bone96",
				"parent": "zsp",
				"pivot": [5, 18, -1],
				"rotation": [0, 0, 135],
				"cubes": [
					{"origin": [1.64, 11.89, -6], "size": [1, 2, 1], "uv": [32, 15], "inflate": -0.11}
				]
			},
			{
				"name": "armRight",
				"pivot": [-3, 17.5, 0],
				"rotation": [0, 0, 25],
				"cubes": [
					{"origin": [-5, 8.5, -1], "size": [2, 8, 2], "uv": [8, 45]},
					{"origin": [-5.5, 9.5, -1.5], "size": [3, 8, 3], "uv": [12, 34]}
				]
			},
			{
				"name": "bone83",
				"parent": "armRight",
				"pivot": [-3, 17.5, 0],
				"cubes": [
					{"origin": [-7, 13.5, -1], "size": [2, 2, 2], "uv": [24, 66], "inflate": -0.4}
				]
			},
			{
				"name": "bone84",
				"parent": "bone83",
				"pivot": [-3, 17.5, 0],
				"rotation": [-15, 0, 0],
				"cubes": [
					{"origin": [-6.85, 14.5, 0.2], "size": [1, 2, 1], "uv": [16, 45], "inflate": -0.3}
				]
			},
			{
				"name": "bone85",
				"parent": "bone83",
				"pivot": [-3, 17.5, 0],
				"rotation": [15, 0, 0],
				"cubes": [
					{"origin": [-6.85, 14.5, -1.2], "size": [1, 2, 1], "uv": [38, 43], "inflate": -0.3}
				]
			},
			{
				"name": "armLeft",
				"pivot": [3, 17.5, 0],
				"rotation": [0, 0, -25],
				"cubes": [
					{"origin": [2.5, 9.5, -1.5], "size": [3, 8, 3], "uv": [0, 34]},
					{"origin": [3, 8.5, -1], "size": [2, 8, 2], "uv": [0, 45]}
				]
			},
			{
				"name": "bone90",
				"parent": "armLeft",
				"pivot": [3, 17.5, 0],
				"cubes": [
					{"origin": [5, 13.5, -1], "size": [2, 2, 2], "uv": [65, 35], "inflate": -0.4}
				]
			},
			{
				"name": "bone91",
				"parent": "bone90",
				"pivot": [3, 17.5, 0],
				"rotation": [15, 0, 0],
				"cubes": [
					{"origin": [5.8, 14.5, -1.2], "size": [1, 2, 1], "uv": [28, 43], "inflate": -0.3}
				]
			},
			{
				"name": "bone92",
				"parent": "bone90",
				"pivot": [3, 17.5, 0],
				"rotation": [-15, 0, 0],
				"cubes": [
					{"origin": [5.8, 14.5, 0.2], "size": [1, 2, 1], "uv": [36, 15], "inflate": -0.3}
				]
			},
			{
				"name": "body",
				"pivot": [0, 10.5, 0],
				"cubes": [
					{"origin": [-3, 8.999, -3], "size": [6, 9, 6], "uv": [32, 0]},
					{"origin": [-3, 8.999, -3], "size": [6, 9, 6], "uv": [26, 28], "inflate": 0.1}
				]
			},
			{
				"name": "sittingRotationSkirt",
				"parent": "body",
				"pivot": [0, 10.5, 0]
			},
			{
				"name": "bone2",
				"parent": "sittingRotationSkirt",
				"pivot": [0, 15.5, 0]
			},
			{
				"name": "bone3",
				"parent": "bone2",
				"pivot": [0, 5, 0]
			},
			{
				"name": "bone4",
				"parent": "bone3",
				"pivot": [0, 5, 5.73769],
				"rotation": [33, 0, 0]
			},
			{
				"name": "bone5",
				"parent": "bone4",
				"pivot": [0, 5, 5.73769],
				"rotation": [0, -45, 0],
				"cubes": [
					{"origin": [-1, 5, 4.73769], "size": [2, 6, 2], "uv": [63, 52]}
				]
			},
			{
				"name": "bone6",
				"parent": "bone2",
				"pivot": [0, 5, 0],
				"rotation": [0, -27.69231, 0]
			},
			{
				"name": "bone7",
				"parent": "bone6",
				"pivot": [0, 5, 5.73769],
				"rotation": [33, 0, 0]
			},
			{
				"name": "bone8",
				"parent": "bone7",
				"pivot": [0, 5, 5.73769],
				"rotation": [0, -45, 0],
				"cubes": [
					{"origin": [-1, 5, 4.73769], "size": [2, 6, 2], "uv": [0, 63]}
				]
			},
			{
				"name": "bone9",
				"parent": "bone2",
				"pivot": [0, 5, 0],
				"rotation": [0, -55.38462, 0]
			},
			{
				"name": "bone10",
				"parent": "bone9",
				"pivot": [0, 5, 5.73769],
				"rotation": [33, 0, 0]
			},
			{
				"name": "bone11",
				"parent": "bone10",
				"pivot": [0, 5, 5.73769],
				"rotation": [0, -45, 0],
				"cubes": [
					{"origin": [-1, 5, 4.73769], "size": [2, 6, 2], "uv": [61, 62]}
				]
			},
			{
				"name": "bone12",
				"parent": "bone2",
				"pivot": [0, 5, 0],
				"rotation": [0, -83.07692, 0]
			},
			{
				"name": "bone13",
				"parent": "bone12",
				"pivot": [0, 5, 5.73769],
				"rotation": [33, 0, 0]
			},
			{
				"name": "bone14",
				"parent": "bone13",
				"pivot": [0, 5, 5.73769],
				"rotation": [0, -45, 0],
				"cubes": [
					{"origin": [-1, 5, 4.73769], "size": [2, 6, 2], "uv": [30, 60]}
				]
			},
			{
				"name": "bone15",
				"parent": "bone2",
				"pivot": [0, 5, 0],
				"rotation": [0, -110.76923, 0]
			},
			{
				"name": "bone16",
				"parent": "bone15",
				"pivot": [0, 5, 5.73769],
				"rotation": [33, 0, 0]
			},
			{
				"name": "bone17",
				"parent": "bone16",
				"pivot": [0, 5, 5.73769],
				"rotation": [0, -45, 0],
				"cubes": [
					{"origin": [-1, 5, 4.73769], "size": [2, 6, 2], "uv": [59, 37]}
				]
			},
			{
				"name": "bone18",
				"parent": "bone2",
				"pivot": [0, 5, 0],
				"rotation": [0, -138.46154, 0]
			},
			{
				"name": "bone19",
				"parent": "bone18",
				"pivot": [0, 5, 5.73769],
				"rotation": [33, 0, 0]
			},
			{
				"name": "bone20",
				"parent": "bone19",
				"pivot": [0, 5, 5.73769],
				"rotation": [0, -45, 0],
				"cubes": [
					{"origin": [-1, 5, 4.73769], "size": [2, 6, 2], "uv": [8, 59]}
				]
			},
			{
				"name": "bone21",
				"parent": "bone2",
				"pivot": [0, 5, 0],
				"rotation": [0, -166.15385, 0]
			},
			{
				"name": "bone22",
				"parent": "bone21",
				"pivot": [0, 5, 5.73769],
				"rotation": [33, 0, 0]
			},
			{
				"name": "bone23",
				"parent": "bone22",
				"pivot": [0, 5, 5.73769],
				"rotation": [0, -45, 0],
				"cubes": [
					{"origin": [-1, 5, 4.73769], "size": [2, 6, 2], "uv": [43, 58]}
				]
			},
			{
				"name": "bone24",
				"parent": "bone2",
				"pivot": [0, 5, 0],
				"rotation": [0, -193.84615, 0]
			},
			{
				"name": "bone25",
				"parent": "bone24",
				"pivot": [0, 5, 5.73769],
				"rotation": [33, 0, 0]
			},
			{
				"name": "bone26",
				"parent": "bone25",
				"pivot": [0, 5, 5.73769],
				"rotation": [0, -45, 0],
				"cubes": [
					{"origin": [-1, 5, 4.73769], "size": [2, 6, 2], "uv": [58, 29]}
				]
			},
			{
				"name": "bone27",
				"parent": "bone2",
				"pivot": [0, 5, 0],
				"rotation": [0, -221.53846, 0]
			},
			{
				"name": "bone28",
				"parent": "bone27",
				"pivot": [0, 5, 5.73769],
				"rotation": [33, 0, 0]
			},
			{
				"name": "bone29",
				"parent": "bone28",
				"pivot": [0, 5, 5.73769],
				"rotation": [0, -45, 0],
				"cubes": [
					{"origin": [-1, 5, 4.73769], "size": [2, 6, 2], "uv": [22, 58]}
				]
			},
			{
				"name": "bone30",
				"parent": "bone2",
				"pivot": [0, 5, 0],
				"rotation": [0, -249.23077, 0]
			},
			{
				"name": "bone31",
				"parent": "bone30",
				"pivot": [0, 5, 5.73769],
				"rotation": [33, 0, 0]
			},
			{
				"name": "bone32",
				"parent": "bone31",
				"pivot": [0, 5, 5.73769],
				"rotation": [0, -45, 0],
				"cubes": [
					{"origin": [-1, 5, 4.73769], "size": [2, 6, 2], "uv": [58, 16]}
				]
			},
			{
				"name": "bone33",
				"parent": "bone2",
				"pivot": [0, 5, 0],
				"rotation": [0, -276.92308, 0]
			},
			{
				"name": "bone34",
				"parent": "bone33",
				"pivot": [0, 5, 5.73769],
				"rotation": [33, 0, 0]
			},
			{
				"name": "bone35",
				"parent": "bone34",
				"pivot": [0, 5, 5.73769],
				"rotation": [0, -45, 0],
				"cubes": [
					{"origin": [-1, 5, 4.73769], "size": [2, 6, 2], "uv": [57, 46]}
				]
			},
			{
				"name": "bone36",
				"parent": "bone2",
				"pivot": [0, 5, 0],
				"rotation": [0, -304.61538, 0]
			},
			{
				"name": "bone37",
				"parent": "bone36",
				"pivot": [0, 5, 5.73769],
				"rotation": [33, 0, 0]
			},
			{
				"name": "bone38",
				"parent": "bone37",
				"pivot": [0, 5, 5.73769],
				"rotation": [0, -45, 0],
				"cubes": [
					{"origin": [-1, 5, 4.73769], "size": [2, 6, 2], "uv": [55, 56]}
				]
			},
			{
				"name": "bone39",
				"parent": "bone2",
				"pivot": [0, 5, 0],
				"rotation": [0, -332.30769, 0]
			},
			{
				"name": "bone40",
				"parent": "bone39",
				"pivot": [0, 5, 5.73769],
				"rotation": [33, 0, 0]
			},
			{
				"name": "bone41",
				"parent": "bone40",
				"pivot": [0, 5, 5.73769],
				"rotation": [0, -45, 0],
				"cubes": [
					{"origin": [-1, 5, 4.73769], "size": [2, 6, 2], "uv": [56, 8]}
				]
			},
			{
				"name": "bone42",
				"parent": "sittingRotationSkirt",
				"pivot": [0, 14.5, 0]
			},
			{
				"name": "bone43",
				"parent": "bone42",
				"pivot": [0, 4, 0]
			},
			{
				"name": "bone44",
				"parent": "bone43",
				"pivot": [0, 4, 5.73769],
				"rotation": [33, 0, 0]
			},
			{
				"name": "bone45",
				"parent": "bone44",
				"pivot": [0, 4, 5.73769],
				"rotation": [0, -45, 0],
				"cubes": [
					{"origin": [-1, 4, 4.73769], "size": [2, 6, 2], "uv": [56, 0]}
				]
			},
			{
				"name": "bone46",
				"parent": "bone42",
				"pivot": [0, 4, 0],
				"rotation": [0, -27.69231, 0]
			},
			{
				"name": "bone47",
				"parent": "bone46",
				"pivot": [0, 4, 5.73769],
				"rotation": [33, 0, 0]
			},
			{
				"name": "bone48",
				"parent": "bone47",
				"pivot": [0, 4, 5.73769],
				"rotation": [0, -45, 0],
				"cubes": [
					{"origin": [-1, 4, 4.73769], "size": [2, 6, 2], "uv": [0, 55]}
				]
			},
			{
				"name": "bone49",
				"parent": "bone42",
				"pivot": [0, 4, 0],
				"rotation": [0, -55.38462, 0]
			},
			{
				"name": "bone50",
				"parent": "bone49",
				"pivot": [0, 4, 5.73769],
				"rotation": [33, 0, 0]
			},
			{
				"name": "bone51",
				"parent": "bone50",
				"pivot": [0, 4, 5.73769],
				"rotation": [0, -45, 0],
				"cubes": [
					{"origin": [-1, 4, 4.73769], "size": [2, 6, 2], "uv": [14, 53]}
				]
			},
			{
				"name": "bone52",
				"parent": "bone42",
				"pivot": [0, 4, 0],
				"rotation": [0, -83.07692, 0]
			},
			{
				"name": "bone53",
				"parent": "bone52",
				"pivot": [0, 4, 5.73769],
				"rotation": [33, 0, 0]
			},
			{
				"name": "bone54",
				"parent": "bone53",
				"pivot": [0, 4, 5.73769],
				"rotation": [0, -45, 0],
				"cubes": [
					{"origin": [-1, 4, 4.73769], "size": [2, 6, 2], "uv": [37, 52]}
				]
			},
			{
				"name": "bone55",
				"parent": "bone42",
				"pivot": [0, 4, 0],
				"rotation": [0, -110.76923, 0]
			},
			{
				"name": "bone56",
				"parent": "bone55",
				"pivot": [0, 4, 5.73769],
				"rotation": [33, 0, 0]
			},
			{
				"name": "bone57",
				"parent": "bone56",
				"pivot": [0, 4, 5.73769],
				"rotation": [0, -45, 0],
				"cubes": [
					{"origin": [-1, 4, 4.73769], "size": [2, 6, 2], "uv": [29, 52]}
				]
			},
			{
				"name": "bone58",
				"parent": "bone42",
				"pivot": [0, 4, 0],
				"rotation": [0, -138.46154, 0]
			},
			{
				"name": "bone59",
				"parent": "bone58",
				"pivot": [0, 4, 5.73769],
				"rotation": [33, 0, 0]
			},
			{
				"name": "bone60",
				"parent": "bone59",
				"pivot": [0, 4, 5.73769],
				"rotation": [0, -45, 0],
				"cubes": [
					{"origin": [-1, 4, 4.73769], "size": [2, 6, 2], "uv": [52, 23]}
				]
			},
			{
				"name": "bone61",
				"parent": "bone42",
				"pivot": [0, 4, 0],
				"rotation": [0, -166.15385, 0]
			},
			{
				"name": "bone62",
				"parent": "bone61",
				"pivot": [0, 4, 5.73769],
				"rotation": [33, 0, 0]
			},
			{
				"name": "bone63",
				"parent": "bone62",
				"pivot": [0, 4, 5.73769],
				"rotation": [0, -45, 0],
				"cubes": [
					{"origin": [-1, 4, 4.73769], "size": [2, 6, 2], "uv": [51, 40]}
				]
			},
			{
				"name": "bone64",
				"parent": "bone42",
				"pivot": [0, 4, 0],
				"rotation": [0, -193.84615, 0]
			},
			{
				"name": "bone65",
				"parent": "bone64",
				"pivot": [0, 4, 5.73769],
				"rotation": [33, 0, 0]
			},
			{
				"name": "bone66",
				"parent": "bone65",
				"pivot": [0, 4, 5.73769],
				"rotation": [0, -45, 0],
				"cubes": [
					{"origin": [-1, 4, 4.73769], "size": [2, 6, 2], "uv": [49, 50]}
				]
			},
			{
				"name": "bone67",
				"parent": "bone42",
				"pivot": [0, 4, 0],
				"rotation": [0, -221.53846, 0]
			},
			{
				"name": "bone68",
				"parent": "bone67",
				"pivot": [0, 4, 5.73769],
				"rotation": [33, 0, 0]
			},
			{
				"name": "bone69",
				"parent": "bone68",
				"pivot": [0, 4, 5.73769],
				"rotation": [0, -45, 0],
				"cubes": [
					{"origin": [-1, 4, 4.73769], "size": [2, 6, 2], "uv": [50, 32]}
				]
			},
			{
				"name": "bone70",
				"parent": "bone42",
				"pivot": [0, 4, 0],
				"rotation": [0, -249.23077, 0]
			},
			{
				"name": "bone71",
				"parent": "bone70",
				"pivot": [0, 4, 5.73769],
				"rotation": [33, 0, 0]
			},
			{
				"name": "bone72",
				"parent": "bone71",
				"pivot": [0, 4, 5.73769],
				"rotation": [0, -45, 0],
				"cubes": [
					{"origin": [-1, 4, 4.73769], "size": [2, 6, 2], "uv": [50, 15]}
				]
			},
			{
				"name": "bone73",
				"parent": "bone42",
				"pivot": [0, 4, 0],
				"rotation": [0, -276.92308, 0]
			},
			{
				"name": "bone74",
				"parent": "bone73",
				"pivot": [0, 4, 5.73769],
				"rotation": [33, 0, 0]
			},
			{
				"name": "bone75",
				"parent": "bone74",
				"pivot": [0, 4, 5.73769],
				"rotation": [0, -45, 0],
				"cubes": [
					{"origin": [-1, 4, 4.73769], "size": [2, 6, 2], "uv": [44, 26]}
				]
			},
			{
				"name": "bone76",
				"parent": "bone42",
				"pivot": [0, 4, 0],
				"rotation": [0, -304.61538, 0]
			},
			{
				"name": "bone77",
				"parent": "bone76",
				"pivot": [0, 4, 5.73769],
				"rotation": [33, 0, 0]
			},
			{
				"name": "bone78",
				"parent": "bone77",
				"pivot": [0, 4, 5.73769],
				"rotation": [0, -45, 0],
				"cubes": [
					{"origin": [-1, 4, 4.73769], "size": [2, 6, 2], "uv": [0, 18]}
				]
			},
			{
				"name": "bone79",
				"parent": "bone42",
				"pivot": [0, 4, 0],
				"rotation": [0, -332.30769, 0]
			},
			{
				"name": "bone80",
				"parent": "bone79",
				"pivot": [0, 4, 5.73769],
				"rotation": [33, 0, 0]
			},
			{
				"name": "bone81",
				"parent": "bone80",
				"pivot": [0, 4, 5.73769],
				"rotation": [0, -45, 0],
				"cubes": [
					{"origin": [-1, 4, 4.73769], "size": [2, 6, 2], "uv": [0, 0]}
				]
			},
			{
				"name": "legLeft",
				"pivot": [2, 9, 0],
				"cubes": [
					{"origin": [0.499, 0.1, -1.5], "size": [2.75, 8.9, 3], "uv": [21, 43]},
					{"origin": [0.499, 0.1, -1.5], "size": [2.75, 6, 3], "uv": [41, 43], "inflate": 0.1},
					{"origin": [0.499, 2.1, -1.5], "size": [2.75, 1, 3], "uv": [48, 63], "inflate": 0.12},
					{"origin": [0.499, 0.1, -1.5], "size": [2.75, 1.4, 3], "uv": [64, 0], "inflate": 0.2}
				]
			},
			{
				"name": "legRight",
				"pivot": [-2, 9, 0],
				"cubes": [
					{"origin": [-3.249, 0.2, -1.5], "size": [2.75, 8.8, 3], "uv": [40, 15]},
					{"origin": [-3.249, 0.2, -1.5], "size": [2.75, 6, 3], "uv": [31, 43], "inflate": 0.1},
					{"origin": [-3.249, 2.2, -1.5], "size": [2.75, 1, 3], "uv": [62, 5], "inflate": 0.12},
					{"origin": [-3.249, 0.2, -1.5], "size": [2.75, 1.3, 3], "uv": [60, 24], "inflate": 0.2}
				]
			}
		]
	}
}