{
	"format_version": "1.10.0",
	"geometry.model": {
		"texturewidth": 128,
		"textureheight": 128,
		"visible_bounds_width": 4,
		"visible_bounds_height": 4,
		"visible_bounds_offset": [0, 1, 0],
		"bones": [
			{
				"name": "head",
				"pivot": [0, 18, 0],
				"cubes": [
					{"origin": [-4, 18, -4], "size": [8, 8, 8], "uv": [0, 0]}
				]
			},
			{
				"name": "ahoge",
				"parent": "head",
				"pivot": [0, 26, 0],
				"cubes": [
					{"origin": [-3, 26, 0], "size": [6, 6, 0], "uv": [12, 40]}
				]
			},
			{
				"name": "blink",
				"parent": "head",
				"pivot": [0, 18, 0],
				"cubes": [
					{"origin": [-4, 18, -4.001], "size": [8, 8, 0], "uv": [32, 8]}
				]
			},
			{
				"name": "deco2",
				"parent": "head",
				"pivot": [0, 26.25, -4.05],
				"rotation": [-6, 0, 0]
			},
			{
				"name": "bone174",
				"parent": "deco2",
				"pivot": [0, 13.75, 1.95]
			},
			{
				"name": "bone175",
				"parent": "bone174",
				"pivot": [0, 26.25, -4.55],
				"rotation": [0, 0, 5],
				"cubes": [
					{"origin": [-2.99009, 25.69379, -5.05], "size": [3, 1, 1], "uv": [15, 71]}
				]
			},
			{
				"name": "bone176",
				"parent": "bone174",
				"pivot": [0, 26.25, -4.55],
				"rotation": [0, 0, -15],
				"cubes": [
					{"origin": [-3, 25.75, -5.05], "size": [3, 1, 1], "uv": [70, 70]}
				]
			},
			{
				"name": "bone177",
				"parent": "deco2",
				"pivot": [0, 13.75, 1.95]
			},
			{
				"name": "bone178",
				"parent": "bone177",
				"pivot": [0, 26.25, -4.55],
				"rotation": [0, 0, -5],
				"cubes": [
					{"origin": [-0.00991, 25.69379, -5.05], "size": [3, 1, 1], "uv": [70, 68]}
				]
			},
			{
				"name": "bone179",
				"parent": "bone177",
				"pivot": [0, 26.25, -4.55],
				"rotation": [0, 0, 15],
				"cubes": [
					{"origin": [0, 25.75, -5.05], "size": [3, 1, 1], "uv": [70, 66]}
				]
			},
			{
				"name": "bone180",
				"parent": "deco2",
				"pivot": [0, 13.75, 1.95],
				"cubes": [
					{"origin": [-0.5, 25.75, -5.05], "size": [1, 1, 1], "uv": [46, 34], "inflate": 0.1}
				]
			},
			{
				"name": "bone181",
				"parent": "deco2",
				"pivot": [-0.5, 26.21527, -4.24696],
				"rotation": [0, 0, 20],
				"cubes": [
					{"origin": [-1, 23.21527, -4.24696], "size": [1, 3, 0], "uv": [13, 31]}
				]
			},
			{
				"name": "bone182",
				"parent": "deco2",
				"pivot": [0.5, 26.21527, -4.24696],
				"rotation": [0, 0, -20],
				"cubes": [
					{"origin": [0, 23.21527, -4.24696], "size": [1, 3, 0], "uv": [0, 31]}
				]
			},
			{
				"name": "ear",
				"parent": "head",
				"pivot": [0, 17, -3]
			},
			{
				"name": "bone183",
				"parent": "ear",
				"pivot": [0, 17, -3],
				"rotation": [0, 0, -10],
				"cubes": [
					{"origin": [-1.3, 25.8, -3], "size": [1.3, 3, 1], "uv": [72, 2]}
				]
			},
			{
				"name": "bone184",
				"parent": "ear",
				"pivot": [0, 17, -3],
				"rotation": [0, 0, 7.5],
				"cubes": [
					{"origin": [-5, 25, -3], "size": [1, 3, 1], "uv": [56, 8]}
				]
			},
			{
				"name": "ear2",
				"parent": "head",
				"pivot": [0, 17, -3]
			},
			{
				"name": "bone185",
				"parent": "ear2",
				"pivot": [0, 17, -3],
				"rotation": [0, 0, 10],
				"cubes": [
					{"origin": [0, 25.8, -3], "size": [1.3, 3, 1], "uv": [54, 28]}
				]
			},
			{
				"name": "bone186",
				"parent": "ear2",
				"pivot": [0, 17, -3],
				"rotation": [0, 0, -7.5],
				"cubes": [
					{"origin": [4, 25, -3], "size": [1, 3, 1], "uv": [48, 12]}
				]
			},
			{
				"name": "hair",
				"parent": "head",
				"pivot": [0, 18, 0]
			},
			{
				"name": "bone207",
				"parent": "hair",
				"pivot": [0, 18, 0],
				"rotation": [12.5, 0, 0],
				"cubes": [
					{"origin": [-4, 13.4, 4], "size": [8, 4, 0], "uv": [33, 0]}
				]
			},
			{
				"name": "tg",
				"parent": "head",
				"pivot": [-2, 18, 0],
				"rotation": [0, 0, 17.5]
			},
			{
				"name": "bone208",
				"parent": "tg",
				"pivot": [-2, 18, 0],
				"cubes": [
					{"origin": [-7, 23, -2], "size": [1, 1.23, 3], "uv": [48, 69]}
				]
			},
			{
				"name": "bone209",
				"parent": "tg",
				"pivot": [-2, 18, 0],
				"cubes": [
					{"origin": [-6.96, 23.2, -3], "size": [1, 1, 1], "uv": [42, 16]}
				]
			},
			{
				"name": "bone210",
				"parent": "tg",
				"pivot": [-2, 18, 0],
				"cubes": [
					{"origin": [-6.96, 23.2, 1], "size": [1, 1, 1], "uv": [36, 26]}
				]
			},
			{
				"name": "bone211",
				"parent": "tg",
				"pivot": [-2, 18, 0],
				"rotation": [12.5, 0, 0],
				"cubes": [
					{"origin": [-7, 21, 0], "size": [1, 2, 2], "uv": [0, 56]}
				]
			},
			{
				"name": "bone212",
				"parent": "tg",
				"pivot": [-2, 18, 0],
				"rotation": [-12.5, 0, 0],
				"cubes": [
					{"origin": [-7, 21, -3], "size": [1, 2, 2], "uv": [49, 0]}
				]
			},
			{
				"name": "tg2",
				"parent": "head",
				"pivot": [2, 18, 0],
				"rotation": [0, 0, -17.5]
			},
			{
				"name": "bone213",
				"parent": "tg2",
				"pivot": [2, 18, 0],
				"cubes": [
					{"origin": [6, 23, -2], "size": [1, 1.23, 3], "uv": [40, 69]}
				]
			},
			{
				"name": "bone214",
				"parent": "tg2",
				"pivot": [2, 18, 0],
				"cubes": [
					{"origin": [5.96, 23.2, -3], "size": [1, 1, 1], "uv": [9, 31]}
				]
			},
			{
				"name": "bone215",
				"parent": "tg2",
				"pivot": [2, 18, 0],
				"cubes": [
					{"origin": [5.96, 23.2, 1], "size": [1, 1, 1], "uv": [27, 16]}
				]
			},
			{
				"name": "bone216",
				"parent": "tg2",
				"pivot": [2, 18, 0],
				"rotation": [12.5, 0, 0],
				"cubes": [
					{"origin": [6, 21, 0], "size": [1, 2, 2], "uv": [24, 0]}
				]
			},
			{
				"name": "bone217",
				"parent": "tg2",
				"pivot": [2, 18, 0],
				"rotation": [-12.5, 0, 0],
				"cubes": [
					{"origin": [6, 21, -3], "size": [1, 2, 2], "uv": [0, 16]}
				]
			},
			{
				"name": "armRight",
				"pivot": [-3, 17.5, 0],
				"rotation": [0, 0, 25],
				"cubes": [
					{"origin": [-5, 9.5, -1], "size": [2, 8, 2], "uv": [38, 26]},
					{"origin": [-5.5, 13.5, -1.5], "size": [3, 3, 3], "uv": [32, 37]}
				]
			},
			{
				"name": "armRightPositioningBone",
				"parent": "armRight",
				"pivot": [-4, 10.5, 0]
			},
			{
				"name": "armLeft",
				"pivot": [3, 17.5, 0],
				"rotation": [0, 0, -25],
				"cubes": [
					{"origin": [2.5, 13.5, -1.5], "size": [3, 3, 3], "uv": [18, 16]},
					{"origin": [3, 9.5, -1], "size": [2, 8, 2], "uv": [24, 36]}
				]
			},
			{
				"name": "armLeftPositioningBone",
				"parent": "armLeft",
				"pivot": [4, 10.5, 0]
			},
			{
				"name": "body",
				"pivot": [0, 10.5, 0],
				"cubes": [
					{"origin": [-3, 8.999, -3], "size": [6, 9, 6], "uv": [0, 16]}
				]
			},
			{
				"name": "sittingRotationSkirt",
				"parent": "body",
				"pivot": [0, 10.5, 0]
			},
			{
				"name": "bone",
				"parent": "sittingRotationSkirt",
				"pivot": [0, 14.5, 0]
			},
			{
				"name": "bone2",
				"parent": "bone",
				"pivot": [0, 4, 0]
			},
			{
				"name": "bone3",
				"parent": "bone2",
				"pivot": [0, 4, 5.73769],
				"rotation": [32, 0, 0]
			},
			{
				"name": "bone4",
				"parent": "bone3",
				"pivot": [0, 4, 5.73769],
				"rotation": [0, -45, 0],
				"cubes": [
					{"origin": [-1, 4, 4.73769], "size": [2, 6, 2], "uv": [69, 8]}
				]
			},
			{
				"name": "bone5",
				"parent": "bone",
				"pivot": [0, 4, 0],
				"rotation": [0, -27.69231, 0]
			},
			{
				"name": "bone6",
				"parent": "bone5",
				"pivot": [0, 4, 5.73769],
				"rotation": [32, 0, 0]
			},
			{
				"name": "bone7",
				"parent": "bone6",
				"pivot": [0, 4, 5.73769],
				"rotation": [0, -45, 0],
				"cubes": [
					{"origin": [-1, 4, 4.73769], "size": [2, 6, 2], "uv": [68, 58]}
				]
			},
			{
				"name": "bone8",
				"parent": "bone",
				"pivot": [0, 4, 0],
				"rotation": [0, -55.38462, 0]
			},
			{
				"name": "bone9",
				"parent": "bone8",
				"pivot": [0, 4, 5.73769],
				"rotation": [32, 0, 0]
			},
			{
				"name": "bone10",
				"parent": "bone9",
				"pivot": [0, 4, 5.73769],
				"rotation": [0, -45, 0],
				"cubes": [
					{"origin": [-1, 4, 4.73769], "size": [2, 6, 2], "uv": [0, 68]}
				]
			},
			{
				"name": "bone11",
				"parent": "bone",
				"pivot": [0, 4, 0],
				"rotation": [0, -83.07692, 0]
			},
			{
				"name": "bone12",
				"parent": "bone11",
				"pivot": [0, 4, 5.73769],
				"rotation": [32, 0, 0]
			},
			{
				"name": "bone13",
				"parent": "bone12",
				"pivot": [0, 4, 5.73769],
				"rotation": [0, -45, 0],
				"cubes": [
					{"origin": [-1, 4, 4.73769], "size": [2, 6, 2], "uv": [32, 67]}
				]
			},
			{
				"name": "bone14",
				"parent": "bone",
				"pivot": [0, 4, 0],
				"rotation": [0, -110.76923, 0]
			},
			{
				"name": "bone15",
				"parent": "bone14",
				"pivot": [0, 4, 5.73769],
				"rotation": [32, 0, 0]
			},
			{
				"name": "bone16",
				"parent": "bone15",
				"pivot": [0, 4, 5.73769],
				"rotation": [0, -45, 0],
				"cubes": [
					{"origin": [-1, 4, 4.73769], "size": [2, 6, 2], "uv": [67, 22]}
				]
			},
			{
				"name": "bone17",
				"parent": "bone",
				"pivot": [0, 4, 0],
				"rotation": [0, -138.46154, 0]
			},
			{
				"name": "bone18",
				"parent": "bone17",
				"pivot": [0, 4, 5.73769],
				"rotation": [32, 0, 0]
			},
			{
				"name": "bone19",
				"parent": "bone18",
				"pivot": [0, 4, 5.73769],
				"rotation": [0, -45, 0],
				"cubes": [
					{"origin": [-1, 4, 4.73769], "size": [2, 6, 2], "uv": [66, 50]}
				]
			},
			{
				"name": "bone20",
				"parent": "bone",
				"pivot": [0, 4, 0],
				"rotation": [0, -166.15385, 0]
			},
			{
				"name": "bone21",
				"parent": "bone20",
				"pivot": [0, 4, 5.73769],
				"rotation": [32, 0, 0]
			},
			{
				"name": "bone22",
				"parent": "bone21",
				"pivot": [0, 4, 5.73769],
				"rotation": [0, -45, 0],
				"cubes": [
					{"origin": [-1, 4, 4.73769], "size": [2, 6, 2], "uv": [24, 65]}
				]
			},
			{
				"name": "bone23",
				"parent": "bone",
				"pivot": [0, 4, 0],
				"rotation": [0, -193.84615, 0]
			},
			{
				"name": "bone24",
				"parent": "bone23",
				"pivot": [0, 4, 5.73769],
				"rotation": [32, 0, 0]
			},
			{
				"name": "bone25",
				"parent": "bone24",
				"pivot": [0, 4, 5.73769],
				"rotation": [0, -45, 0],
				"cubes": [
					{"origin": [-1, 4, 4.73769], "size": [2, 6, 2], "uv": [62, 64]}
				]
			},
			{
				"name": "bone26",
				"parent": "bone",
				"pivot": [0, 4, 0],
				"rotation": [0, -221.53846, 0]
			},
			{
				"name": "bone27",
				"parent": "bone26",
				"pivot": [0, 4, 5.73769],
				"rotation": [32, 0, 0]
			},
			{
				"name": "bone28",
				"parent": "bone27",
				"pivot": [0, 4, 5.73769],
				"rotation": [0, -45, 0],
				"cubes": [
					{"origin": [-1, 4, 4.73769], "size": [2, 6, 2], "uv": [54, 64]}
				]
			},
			{
				"name": "bone29",
				"parent": "bone",
				"pivot": [0, 4, 0],
				"rotation": [0, -249.23077, 0]
			},
			{
				"name": "bone30",
				"parent": "bone29",
				"pivot": [0, 4, 5.73769],
				"rotation": [32, 0, 0]
			},
			{
				"name": "bone31",
				"parent": "bone30",
				"pivot": [0, 4, 5.73769],
				"rotation": [0, -45, 0],
				"cubes": [
					{"origin": [-1, 4, 4.73769], "size": [2, 6, 2], "uv": [64, 42]}
				]
			},
			{
				"name": "bone32",
				"parent": "bone",
				"pivot": [0, 4, 0],
				"rotation": [0, -276.92308, 0]
			},
			{
				"name": "bone33",
				"parent": "bone32",
				"pivot": [0, 4, 5.73769],
				"rotation": [32, 0, 0]
			},
			{
				"name": "bone34",
				"parent": "bone33",
				"pivot": [0, 4, 5.73769],
				"rotation": [0, -45, 0],
				"cubes": [
					{"origin": [-1, 4, 4.73769], "size": [2, 6, 2], "uv": [64, 0]}
				]
			},
			{
				"name": "bone35",
				"parent": "bone",
				"pivot": [0, 4, 0],
				"rotation": [0, -304.61538, 0]
			},
			{
				"name": "bone36",
				"parent": "bone35",
				"pivot": [0, 4, 5.73769],
				"rotation": [32, 0, 0]
			},
			{
				"name": "bone37",
				"parent": "bone36",
				"pivot": [0, 4, 5.73769],
				"rotation": [0, -45, 0],
				"cubes": [
					{"origin": [-1, 4, 4.73769], "size": [2, 6, 2], "uv": [16, 63]}
				]
			},
			{
				"name": "bone38",
				"parent": "bone",
				"pivot": [0, 4, 0],
				"rotation": [0, -332.30769, 0]
			},
			{
				"name": "bone39",
				"parent": "bone38",
				"pivot": [0, 4, 5.73769],
				"rotation": [32, 0, 0]
			},
			{
				"name": "bone40",
				"parent": "bone39",
				"pivot": [0, 4, 5.73769],
				"rotation": [0, -45, 0],
				"cubes": [
					{"origin": [-1, 4, 4.73769], "size": [2, 6, 2], "uv": [62, 34]}
				]
			},
			{
				"name": "bone134",
				"parent": "sittingRotationSkirt",
				"pivot": [0, 12.5, 0]
			},
			{
				"name": "bone135",
				"parent": "bone134",
				"pivot": [0, 2, 0]
			},
			{
				"name": "bone136",
				"parent": "bone135",
				"pivot": [0, 2, 5.73769],
				"rotation": [32, 0, 0]
			},
			{
				"name": "bone137",
				"parent": "bone136",
				"pivot": [0, 2, 5.73769],
				"rotation": [0, -45, 0]
			},
			{
				"name": "bone138",
				"parent": "bone134",
				"pivot": [0, 2, 0],
				"rotation": [0, -27.69231, 0]
			},
			{
				"name": "bone139",
				"parent": "bone138",
				"pivot": [0, 2, 5.73769],
				"rotation": [32, 0, 0]
			},
			{
				"name": "bone140",
				"parent": "bone139",
				"pivot": [0, 2, 5.73769],
				"rotation": [0, -45, 0]
			},
			{
				"name": "bone141",
				"parent": "bone134",
				"pivot": [0, 2, 0],
				"rotation": [0, -55.38462, 0]
			},
			{
				"name": "bone142",
				"parent": "bone141",
				"pivot": [0, 2, 5.73769],
				"rotation": [32, 0, 0]
			},
			{
				"name": "bone143",
				"parent": "bone142",
				"pivot": [0, 2, 5.73769],
				"rotation": [0, -45, 0],
				"cubes": [
					{"origin": [-1, 2, 4.73769], "size": [2, 6, 2], "uv": [18, 46]}
				]
			},
			{
				"name": "bone144",
				"parent": "bone134",
				"pivot": [0, 2, 0],
				"rotation": [0, -83.07692, 0]
			},
			{
				"name": "bone145",
				"parent": "bone144",
				"pivot": [0, 2, 5.73769],
				"rotation": [32, 0, 0]
			},
			{
				"name": "bone146",
				"parent": "bone145",
				"pivot": [0, 2, 5.73769],
				"rotation": [0, -45, 0],
				"cubes": [
					{"origin": [-1, 2, 4.73769], "size": [2, 6, 2], "uv": [10, 46]}
				]
			},
			{
				"name": "bone147",
				"parent": "bone134",
				"pivot": [0, 2, 0],
				"rotation": [0, -110.76923, 0]
			},
			{
				"name": "bone148",
				"parent": "bone147",
				"pivot": [0, 2, 5.73769],
				"rotation": [32, 0, 0]
			},
			{
				"name": "bone149",
				"parent": "bone148",
				"pivot": [0, 2, 5.73769],
				"rotation": [0, -45, 0],
				"cubes": [
					{"origin": [-1, 2, 4.73769], "size": [2, 6, 2], "uv": [40, 45]}
				]
			},
			{
				"name": "bone150",
				"parent": "bone134",
				"pivot": [0, 2, 0],
				"rotation": [0, -138.46154, 0]
			},
			{
				"name": "bone151",
				"parent": "bone150",
				"pivot": [0, 2, 5.73769],
				"rotation": [32, 0, 0]
			},
			{
				"name": "bone152",
				"parent": "bone151",
				"pivot": [0, 2, 5.73769],
				"rotation": [0, -45, 0]
			},
			{
				"name": "bone153",
				"parent": "bone134",
				"pivot": [0, 2, 0],
				"rotation": [0, -166.15385, 0]
			},
			{
				"name": "bone154",
				"parent": "bone153",
				"pivot": [0, 2, 5.73769],
				"rotation": [32, 0, 0]
			},
			{
				"name": "bone155",
				"parent": "bone154",
				"pivot": [0, 2, 5.73769],
				"rotation": [0, -45, 0]
			},
			{
				"name": "bone156",
				"parent": "bone134",
				"pivot": [0, 2, 0],
				"rotation": [0, -193.84615, 0]
			},
			{
				"name": "bone157",
				"parent": "bone156",
				"pivot": [0, 2, 5.73769],
				"rotation": [32, 0, 0]
			},
			{
				"name": "bone158",
				"parent": "bone157",
				"pivot": [0, 2, 5.73769],
				"rotation": [0, -45, 0]
			},
			{
				"name": "bone159",
				"parent": "bone134",
				"pivot": [0, 2, 0],
				"rotation": [0, -221.53846, 0]
			},
			{
				"name": "bone160",
				"parent": "bone159",
				"pivot": [0, 2, 5.73769],
				"rotation": [32, 0, 0]
			},
			{
				"name": "bone161",
				"parent": "bone160",
				"pivot": [0, 2, 5.73769],
				"rotation": [0, -45, 0]
			},
			{
				"name": "bone162",
				"parent": "bone134",
				"pivot": [0, 2, 0],
				"rotation": [0, -249.23077, 0]
			},
			{
				"name": "bone163",
				"parent": "bone162",
				"pivot": [0, 2, 5.73769],
				"rotation": [32, 0, 0]
			},
			{
				"name": "bone164",
				"parent": "bone163",
				"pivot": [0, 2, 5.73769],
				"rotation": [0, -45, 0],
				"cubes": [
					{"origin": [-1, 2, 4.73769], "size": [2, 6, 2], "uv": [45, 16]}
				]
			},
			{
				"name": "bone165",
				"parent": "bone134",
				"pivot": [0, 2, 0],
				"rotation": [0, -276.92308, 0]
			},
			{
				"name": "bone166",
				"parent": "bone165",
				"pivot": [0, 2, 5.73769],
				"rotation": [32, 0, 0]
			},
			{
				"name": "bone167",
				"parent": "bone166",
				"pivot": [0, 2, 5.73769],
				"rotation": [0, -45, 0],
				"cubes": [
					{"origin": [-1, 2, 4.73769], "size": [2, 6, 2], "uv": [32, 43]}
				]
			},
			{
				"name": "bone168",
				"parent": "bone134",
				"pivot": [0, 2, 0],
				"rotation": [0, -304.61538, 0]
			},
			{
				"name": "bone169",
				"parent": "bone168",
				"pivot": [0, 2, 5.73769],
				"rotation": [32, 0, 0]
			},
			{
				"name": "bone170",
				"parent": "bone169",
				"pivot": [0, 2, 5.73769],
				"rotation": [0, -45, 0],
				"cubes": [
					{"origin": [-1, 2, 4.73769], "size": [2, 6, 2], "uv": [0, 0]}
				]
			},
			{
				"name": "bone171",
				"parent": "bone134",
				"pivot": [0, 2, 0],
				"rotation": [0, -332.30769, 0]
			},
			{
				"name": "bone172",
				"parent": "bone171",
				"pivot": [0, 2, 5.73769],
				"rotation": [32, 0, 0]
			},
			{
				"name": "bone173",
				"parent": "bone172",
				"pivot": [0, 2, 5.73769],
				"rotation": [0, -45, 0]
			},
			{
				"name": "bone41",
				"parent": "sittingRotationSkirt",
				"pivot": [0, 15.5, 0]
			},
			{
				"name": "bone42",
				"parent": "bone41",
				"pivot": [0, 5, 0]
			},
			{
				"name": "bone43",
				"parent": "bone42",
				"pivot": [0, 5, 5.73769],
				"rotation": [32, 0, 0]
			},
			{
				"name": "bone44",
				"parent": "bone43",
				"pivot": [0, 5, 5.73769],
				"rotation": [0, -45, 0],
				"cubes": [
					{"origin": [-1, 5, 4.73769], "size": [2, 6, 2], "uv": [8, 62]}
				]
			},
			{
				"name": "bone45",
				"parent": "bone41",
				"pivot": [0, 5, 0],
				"rotation": [0, -27.69231, 0]
			},
			{
				"name": "bone46",
				"parent": "bone45",
				"pivot": [0, 5, 5.73769],
				"rotation": [32, 0, 0]
			},
			{
				"name": "bone47",
				"parent": "bone46",
				"pivot": [0, 5, 5.73769],
				"rotation": [0, -45, 0],
				"cubes": [
					{"origin": [-1, 5, 4.73769], "size": [2, 6, 2], "uv": [46, 61]}
				]
			},
			{
				"name": "bone48",
				"parent": "bone41",
				"pivot": [0, 5, 0],
				"rotation": [0, -55.38462, 0]
			},
			{
				"name": "bone49",
				"parent": "bone48",
				"pivot": [0, 5, 5.73769],
				"rotation": [32, 0, 0]
			},
			{
				"name": "bone50",
				"parent": "bone49",
				"pivot": [0, 5, 5.73769],
				"rotation": [0, -45, 0],
				"cubes": [
					{"origin": [-1, 5, 4.73769], "size": [2, 6, 2], "uv": [38, 61]}
				]
			},
			{
				"name": "bone51",
				"parent": "bone41",
				"pivot": [0, 5, 0],
				"rotation": [0, -83.07692, 0]
			},
			{
				"name": "bone52",
				"parent": "bone51",
				"pivot": [0, 5, 5.73769],
				"rotation": [32, 0, 0]
			},
			{
				"name": "bone53",
				"parent": "bone52",
				"pivot": [0, 5, 5.73769],
				"rotation": [0, -45, 0],
				"cubes": [
					{"origin": [-1, 5, 4.73769], "size": [2, 6, 2], "uv": [61, 16]}
				]
			},
			{
				"name": "bone54",
				"parent": "bone41",
				"pivot": [0, 5, 0],
				"rotation": [0, -110.76923, 0]
			},
			{
				"name": "bone55",
				"parent": "bone54",
				"pivot": [0, 5, 5.73769],
				"rotation": [32, 0, 0]
			},
			{
				"name": "bone56",
				"parent": "bone55",
				"pivot": [0, 5, 5.73769],
				"rotation": [0, -45, 0],
				"cubes": [
					{"origin": [-1, 5, 4.73769], "size": [2, 6, 2], "uv": [61, 8]}
				]
			},
			{
				"name": "bone57",
				"parent": "bone41",
				"pivot": [0, 5, 0],
				"rotation": [0, -138.46154, 0]
			},
			{
				"name": "bone58",
				"parent": "bone57",
				"pivot": [0, 5, 5.73769],
				"rotation": [32, 0, 0]
			},
			{
				"name": "bone59",
				"parent": "bone58",
				"pivot": [0, 5, 5.73769],
				"rotation": [0, -45, 0],
				"cubes": [
					{"origin": [-1, 5, 4.73769], "size": [2, 6, 2], "uv": [0, 60]}
				]
			},
			{
				"name": "bone60",
				"parent": "bone41",
				"pivot": [0, 5, 0],
				"rotation": [0, -166.15385, 0]
			},
			{
				"name": "bone61",
				"parent": "bone60",
				"pivot": [0, 5, 5.73769],
				"rotation": [32, 0, 0]
			},
			{
				"name": "bone62",
				"parent": "bone61",
				"pivot": [0, 5, 5.73769],
				"rotation": [0, -45, 0],
				"cubes": [
					{"origin": [-1, 5, 4.73769], "size": [2, 6, 2], "uv": [30, 59]}
				]
			},
			{
				"name": "bone63",
				"parent": "bone41",
				"pivot": [0, 5, 0],
				"rotation": [0, -193.84615, 0]
			},
			{
				"name": "bone64",
				"parent": "bone63",
				"pivot": [0, 5, 5.73769],
				"rotation": [32, 0, 0]
			},
			{
				"name": "bone65",
				"parent": "bone64",
				"pivot": [0, 5, 5.73769],
				"rotation": [0, -45, 0],
				"cubes": [
					{"origin": [-1, 5, 4.73769], "size": [2, 6, 2], "uv": [59, 26]}
				]
			},
			{
				"name": "bone66",
				"parent": "bone41",
				"pivot": [0, 5, 0],
				"rotation": [0, -221.53846, 0]
			},
			{
				"name": "bone67",
				"parent": "bone66",
				"pivot": [0, 5, 5.73769],
				"rotation": [32, 0, 0]
			},
			{
				"name": "bone68",
				"parent": "bone67",
				"pivot": [0, 5, 5.73769],
				"rotation": [0, -45, 0],
				"cubes": [
					{"origin": [-1, 5, 4.73769], "size": [2, 6, 2], "uv": [58, 56]}
				]
			},
			{
				"name": "bone69",
				"parent": "bone41",
				"pivot": [0, 5, 0],
				"rotation": [0, -249.23077, 0]
			},
			{
				"name": "bone70",
				"parent": "bone69",
				"pivot": [0, 5, 5.73769],
				"rotation": [32, 0, 0]
			},
			{
				"name": "bone71",
				"parent": "bone70",
				"pivot": [0, 5, 5.73769],
				"rotation": [0, -45, 0],
				"cubes": [
					{"origin": [-1, 5, 4.73769], "size": [2, 6, 2], "uv": [58, 48]}
				]
			},
			{
				"name": "bone72",
				"parent": "bone41",
				"pivot": [0, 5, 0],
				"rotation": [0, -276.92308, 0]
			},
			{
				"name": "bone73",
				"parent": "bone72",
				"pivot": [0, 5, 5.73769],
				"rotation": [32, 0, 0]
			},
			{
				"name": "bone74",
				"parent": "bone73",
				"pivot": [0, 5, 5.73769],
				"rotation": [0, -45, 0],
				"cubes": [
					{"origin": [-1, 5, 4.73769], "size": [2, 6, 2], "uv": [22, 57]}
				]
			},
			{
				"name": "bone75",
				"parent": "bone41",
				"pivot": [0, 5, 0],
				"rotation": [0, -304.61538, 0]
			},
			{
				"name": "bone76",
				"parent": "bone75",
				"pivot": [0, 5, 5.73769],
				"rotation": [32, 0, 0]
			},
			{
				"name": "bone77",
				"parent": "bone76",
				"pivot": [0, 5, 5.73769],
				"rotation": [0, -45, 0],
				"cubes": [
					{"origin": [-1, 5, 4.73769], "size": [2, 6, 2], "uv": [56, 40]}
				]
			},
			{
				"name": "bone78",
				"parent": "bone41",
				"pivot": [0, 5, 0],
				"rotation": [0, -332.30769, 0]
			},
			{
				"name": "bone79",
				"parent": "bone78",
				"pivot": [0, 5, 5.73769],
				"rotation": [32, 0, 0]
			},
			{
				"name": "bone80",
				"parent": "bone79",
				"pivot": [0, 5, 5.73769],
				"rotation": [0, -45, 0],
				"cubes": [
					{"origin": [-1, 5, 4.73769], "size": [2, 6, 2], "uv": [56, 0]}
				]
			},
			{
				"name": "bone81",
				"parent": "sittingRotationSkirt",
				"pivot": [0, 16.5, 0]
			},
			{
				"name": "bone82",
				"parent": "bone81",
				"pivot": [0, 6, 0]
			},
			{
				"name": "bone83",
				"parent": "bone82",
				"pivot": [0, 6, 5.73769],
				"rotation": [32, 0, 0]
			},
			{
				"name": "bone84",
				"parent": "bone83",
				"pivot": [0, 6, 5.73769],
				"rotation": [0, -45, 0],
				"cubes": [
					{"origin": [-1, 6, 4.73769], "size": [2, 6, 2], "uv": [14, 54]}
				]
			},
			{
				"name": "bone85",
				"parent": "bone81",
				"pivot": [0, 6, 0],
				"rotation": [0, -27.69231, 0]
			},
			{
				"name": "bone86",
				"parent": "bone85",
				"pivot": [0, 6, 5.73769],
				"rotation": [32, 0, 0]
			},
			{
				"name": "bone87",
				"parent": "bone86",
				"pivot": [0, 6, 5.73769],
				"rotation": [0, -45, 0],
				"cubes": [
					{"origin": [-1, 6, 4.73769], "size": [2, 6, 2], "uv": [6, 54]}
				]
			},
			{
				"name": "bone88",
				"parent": "bone81",
				"pivot": [0, 6, 0],
				"rotation": [0, -55.38462, 0]
			},
			{
				"name": "bone89",
				"parent": "bone88",
				"pivot": [0, 6, 5.73769],
				"rotation": [32, 0, 0]
			},
			{
				"name": "bone90",
				"parent": "bone89",
				"pivot": [0, 6, 5.73769],
				"rotation": [0, -45, 0],
				"cubes": [
					{"origin": [-1, 6, 4.73769], "size": [2, 6, 2], "uv": [50, 53]}
				]
			},
			{
				"name": "bone91",
				"parent": "bone81",
				"pivot": [0, 6, 0],
				"rotation": [0, -83.07692, 0]
			},
			{
				"name": "bone92",
				"parent": "bone91",
				"pivot": [0, 6, 5.73769],
				"rotation": [32, 0, 0]
			},
			{
				"name": "bone93",
				"parent": "bone92",
				"pivot": [0, 6, 5.73769],
				"rotation": [0, -45, 0],
				"cubes": [
					{"origin": [-1, 6, 4.73769], "size": [2, 6, 2], "uv": [42, 53]}
				]
			},
			{
				"name": "bone94",
				"parent": "bone81",
				"pivot": [0, 6, 0],
				"rotation": [0, -110.76923, 0]
			},
			{
				"name": "bone95",
				"parent": "bone94",
				"pivot": [0, 6, 5.73769],
				"rotation": [32, 0, 0]
			},
			{
				"name": "bone96",
				"parent": "bone95",
				"pivot": [0, 6, 5.73769],
				"rotation": [0, -45, 0],
				"cubes": [
					{"origin": [-1, 6, 4.73769], "size": [2, 6, 2], "uv": [53, 32]}
				]
			},
			{
				"name": "bone97",
				"parent": "bone81",
				"pivot": [0, 6, 0],
				"rotation": [0, -138.46154, 0]
			},
			{
				"name": "bone98",
				"parent": "bone97",
				"pivot": [0, 6, 5.73769],
				"rotation": [32, 0, 0]
			},
			{
				"name": "bone99",
				"parent": "bone98",
				"pivot": [0, 6, 5.73769],
				"rotation": [0, -45, 0],
				"cubes": [
					{"origin": [-1, 6, 4.73769], "size": [2, 6, 2], "uv": [53, 20]}
				]
			},
			{
				"name": "bone100",
				"parent": "bone81",
				"pivot": [0, 6, 0],
				"rotation": [0, -166.15385, 0]
			},
			{
				"name": "bone101",
				"parent": "bone100",
				"pivot": [0, 6, 5.73769],
				"rotation": [32, 0, 0]
			},
			{
				"name": "bone102",
				"parent": "bone101",
				"pivot": [0, 6, 5.73769],
				"rotation": [0, -45, 0],
				"cubes": [
					{"origin": [-1, 6, 4.73769], "size": [2, 6, 2], "uv": [53, 12]}
				]
			},
			{
				"name": "bone103",
				"parent": "bone81",
				"pivot": [0, 6, 0],
				"rotation": [0, -193.84615, 0]
			},
			{
				"name": "bone104",
				"parent": "bone103",
				"pivot": [0, 6, 5.73769],
				"rotation": [32, 0, 0]
			},
			{
				"name": "bone105",
				"parent": "bone104",
				"pivot": [0, 6, 5.73769],
				"rotation": [0, -45, 0],
				"cubes": [
					{"origin": [-1, 6, 4.73769], "size": [2, 6, 2], "uv": [34, 51]}
				]
			},
			{
				"name": "bone106",
				"parent": "bone81",
				"pivot": [0, 6, 0],
				"rotation": [0, -221.53846, 0]
			},
			{
				"name": "bone107",
				"parent": "bone106",
				"pivot": [0, 6, 5.73769],
				"rotation": [32, 0, 0]
			},
			{
				"name": "bone108",
				"parent": "bone107",
				"pivot": [0, 6, 5.73769],
				"rotation": [0, -45, 0],
				"cubes": [
					{"origin": [-1, 6, 4.73769], "size": [2, 6, 2], "uv": [26, 49]}
				]
			},
			{
				"name": "bone109",
				"parent": "bone81",
				"pivot": [0, 6, 0],
				"rotation": [0, -249.23077, 0]
			},
			{
				"name": "bone110",
				"parent": "bone109",
				"pivot": [0, 6, 5.73769],
				"rotation": [32, 0, 0]
			},
			{
				"name": "bone111",
				"parent": "bone110",
				"pivot": [0, 6, 5.73769],
				"rotation": [0, -45, 0],
				"cubes": [
					{"origin": [-1, 6, 4.73769], "size": [2, 6, 2], "uv": [48, 45]}
				]
			},
			{
				"name": "bone112",
				"parent": "bone81",
				"pivot": [0, 6, 0],
				"rotation": [0, -276.92308, 0]
			},
			{
				"name": "bone113",
				"parent": "bone112",
				"pivot": [0, 6, 5.73769],
				"rotation": [32, 0, 0]
			},
			{
				"name": "bone114",
				"parent": "bone113",
				"pivot": [0, 6, 5.73769],
				"rotation": [0, -45, 0],
				"cubes": [
					{"origin": [-1, 6, 4.73769], "size": [2, 6, 2], "uv": [48, 4]}
				]
			},
			{
				"name": "bone115",
				"parent": "bone81",
				"pivot": [0, 6, 0],
				"rotation": [0, -304.61538, 0]
			},
			{
				"name": "bone116",
				"parent": "bone115",
				"pivot": [0, 6, 5.73769],
				"rotation": [32, 0, 0]
			},
			{
				"name": "bone117",
				"parent": "bone116",
				"pivot": [0, 6, 5.73769],
				"rotation": [0, -45, 0],
				"cubes": [
					{"origin": [-1, 6, 4.73769], "size": [2, 6, 2], "uv": [0, 48]}
				]
			},
			{
				"name": "bone118",
				"parent": "bone81",
				"pivot": [0, 6, 0],
				"rotation": [0, -332.30769, 0]
			},
			{
				"name": "bone119",
				"parent": "bone118",
				"pivot": [0, 6, 5.73769],
				"rotation": [32, 0, 0]
			},
			{
				"name": "bone120",
				"parent": "bone119",
				"pivot": [0, 6, 5.73769],
				"rotation": [0, -45, 0],
				"cubes": [
					{"origin": [-1, 6, 4.73769], "size": [2, 6, 2], "uv": [46, 26]}
				]
			},
			{
				"name": "deco3",
				"parent": "body",
				"pivot": [0, 26.25, -4.05],
				"rotation": [-6, 0, 0]
			},
			{
				"name": "bone187",
				"parent": "deco3",
				"pivot": [0, 13.75, 1.95]
			},
			{
				"name": "bone188",
				"parent": "bone187",
				"pivot": [0, 26.25, -4.55],
				"rotation": [0, 0, 5],
				"cubes": [
					{"origin": [-2.2191, 16.88128, -3.11472], "size": [3, 1, 1], "uv": [70, 42]}
				]
			},
			{
				"name": "bone189",
				"parent": "bone187",
				"pivot": [0, 26.25, -4.55],
				"rotation": [0, 0, -15],
				"cubes": [
					{"origin": [-5.28956, 17.20526, -3.11472], "size": [3, 1, 1], "uv": [70, 40]}
				]
			},
			{
				"name": "bone190",
				"parent": "deco3",
				"pivot": [0, 13.75, 1.95]
			},
			{
				"name": "bone191",
				"parent": "bone190",
				"pivot": [0, 26.25, -4.55],
				"rotation": [0, 0, -5],
				"cubes": [
					{"origin": [-0.7809, 16.88128, -3.11472], "size": [3, 1, 1], "uv": [70, 38]}
				]
			},
			{
				"name": "bone192",
				"parent": "bone190",
				"pivot": [0, 26.25, -4.55],
				"rotation": [0, 0, 15],
				"cubes": [
					{"origin": [2.28956, 17.20526, -3.11472], "size": [3, 1, 1], "uv": [70, 36]}
				]
			},
			{
				"name": "bone193",
				"parent": "deco3",
				"pivot": [0, 13.75, 1.95],
				"cubes": [
					{"origin": [-0.5, 16.90383, -3.11472], "size": [1, 1, 1], "uv": [16, 46], "inflate": 0.1}
				]
			},
			{
				"name": "bone194",
				"parent": "deco3",
				"pivot": [-0.5, 26.21527, -4.24696],
				"rotation": [0, 0, 20],
				"cubes": [
					{"origin": [2.02557, 14.90259, -2.31168], "size": [1, 3, 0], "uv": [24, 24]}
				]
			},
			{
				"name": "bone195",
				"parent": "deco3",
				"pivot": [0.5, 26.21527, -4.24696],
				"rotation": [0, 0, -20],
				"cubes": [
					{"origin": [-3.02557, 14.90259, -2.31168], "size": [1, 3, 0], "uv": [18, 16]}
				]
			},
			{
				"name": "deco4",
				"parent": "body",
				"pivot": [3, 21.25, -3.05],
				"rotation": [-13.5, -40, 0]
			},
			{
				"name": "bone196",
				"parent": "deco4",
				"pivot": [3, 8.75, 2.95]
			},
			{
				"name": "bone197",
				"parent": "bone196",
				"pivot": [3, 21.25, -3.55],
				"rotation": [0, 0, 5],
				"cubes": [
					{"origin": [0.7809, 11.88128, -2.11472], "size": [3, 1, 1], "uv": [8, 70]}
				]
			},
			{
				"name": "bone198",
				"parent": "bone196",
				"pivot": [3, 21.25, -3.55],
				"rotation": [0, 0, -15],
				"cubes": [
					{"origin": [-2.28956, 12.20526, -2.11472], "size": [3, 1, 1], "uv": [50, 40]}
				]
			},
			{
				"name": "bone199",
				"parent": "deco4",
				"pivot": [3, 8.75, 2.95]
			},
			{
				"name": "bone200",
				"parent": "bone199",
				"pivot": [3, 21.25, -3.55],
				"rotation": [0, 0, -5],
				"cubes": [
					{"origin": [2.2191, 11.88128, -2.11472], "size": [3, 1, 1], "uv": [24, 46]}
				]
			},
			{
				"name": "bone201",
				"parent": "bone199",
				"pivot": [3, 21.25, -3.55],
				"rotation": [0, 0, 15],
				"cubes": [
					{"origin": [5.28956, 12.20526, -2.11472], "size": [3, 1, 1], "uv": [40, 6]}
				]
			},
			{
				"name": "bone202",
				"parent": "deco4",
				"pivot": [3, 8.75, 2.95],
				"cubes": [
					{"origin": [2.5, 11.90383, -2.11472], "size": [1, 1, 1], "uv": [44, 26], "inflate": 0.1}
				]
			},
			{
				"name": "bone203",
				"parent": "deco4",
				"pivot": [2.5, 21.21527, -3.24696],
				"rotation": [0, 0, 20],
				"cubes": [
					{"origin": [5.02557, 8.90259, -1.31168], "size": [1, 4, 0], "uv": [50, 34]}
				]
			},
			{
				"name": "bone204",
				"parent": "deco4",
				"pivot": [3.5, 21.21527, -3.24696],
				"rotation": [0, 0, -20],
				"cubes": [
					{"origin": [-0.02557, 8.90259, -1.31168], "size": [1, 4, 0], "uv": [8, 48]}
				]
			},
			{
				"name": "legLeft",
				"pivot": [2, 9, 0],
				"cubes": [
					{"origin": [0.499, 0, -1.5], "size": [3, 9, 3], "uv": [0, 31]}
				]
			},
			{
				"name": "bone205",
				"parent": "legLeft",
				"pivot": [2, 9, 0],
				"cubes": [
					{"origin": [0.499, 2, -1.5], "size": [3, 4, 3], "uv": [33, 16], "inflate": 0.1}
				]
			},
			{
				"name": "bone221",
				"parent": "legLeft",
				"pivot": [2, 14, 0],
				"cubes": [
					{"origin": [0.499, 7, -1.5], "size": [3, 1, 3], "uv": [41, 36], "inflate": 0.1}
				]
			},
			{
				"name": "bone219",
				"parent": "legLeft",
				"pivot": [2, 7, 0],
				"cubes": [
					{"origin": [0.499, 0, -1.5], "size": [3, 2, 3], "uv": [41, 40], "inflate": 0.2}
				]
			},
			{
				"name": "legRight",
				"pivot": [-2, 9, 0],
				"cubes": [
					{"origin": [-3.499, 0, -1.5], "size": [3, 9, 3], "uv": [24, 24]}
				]
			},
			{
				"name": "bone206",
				"parent": "legRight",
				"pivot": [-2, 9, 0],
				"cubes": [
					{"origin": [-3.499, 0, -1.5], "size": [3, 6, 3], "uv": [12, 31], "inflate": 0.1}
				]
			},
			{
				"name": "bone220",
				"parent": "legRight",
				"pivot": [-3, 15, 0],
				"cubes": [
					{"origin": [-2.499, 6, -1.5], "size": [1, 3, 3], "uv": [68, 30], "inflate": 0.1}
				]
			},
			{
				"name": "bone218",
				"parent": "legRight",
				"pivot": [-2, 9, 0],
				"cubes": [
					{"origin": [-3.499, 0, -1.5], "size": [3, 2, 3], "uv": [0, 43], "inflate": 0.2}
				]
			},
			{
				"name": "wingLeft",
				"pivot": [0.5, 15, 3.25],
				"rotation": [0, 60, 0]
			},
			{
				"name": "bone128",
				"parent": "wingLeft",
				"pivot": [0.5, 15, 3.25],
				"rotation": [0, 0, 22.5],
				"cubes": [
					{"origin": [-9.5, 15, -0.75], "size": [7, 1, 1], "uv": [33, 24]}
				]
			},
			{
				"name": "bone129",
				"parent": "wingLeft",
				"pivot": [0.5, 15, 3.25],
				"rotation": [0, 0, 10],
				"cubes": [
					{"origin": [-7.5, 15, -0.75], "size": [5, 1, 1], "uv": [69, 18]}
				]
			},
			{
				"name": "bone130",
				"parent": "wingLeft",
				"pivot": [0.5, 15, 3.25],
				"rotation": [0, 0, -2.5],
				"cubes": [
					{"origin": [-6.5, 15, -0.75], "size": [4, 1, 1], "uv": [70, 0]}
				]
			},
			{
				"name": "wingRight",
				"pivot": [-0.5, 15, 3.75],
				"rotation": [0, -60, 0]
			},
			{
				"name": "bone131",
				"parent": "wingRight",
				"pivot": [-0.5, 15, 3.75],
				"rotation": [0, 0, -22.5],
				"cubes": [
					{"origin": [3.5, 15, -1.25], "size": [7, 1, 1], "uv": [33, 4]}
				]
			},
			{
				"name": "bone132",
				"parent": "wingRight",
				"pivot": [-0.5, 15, 3.75],
				"rotation": [0, 0, -10],
				"cubes": [
					{"origin": [3.5, 15, -1.25], "size": [5, 1, 1], "uv": [67, 16]}
				]
			},
			{
				"name": "bone133",
				"parent": "wingRight",
				"pivot": [-0.5, 15, 3.75],
				"rotation": [0, 0, 2.5],
				"cubes": [
					{"origin": [3.5, 15, -1.25], "size": [4, 1, 1], "uv": [69, 20]}
				]
			},
			{
				"name": "tail",
				"pivot": [0, 8, 4],
				"rotation": [20, 0, 0]
			},
			{
				"name": "bone121",
				"parent": "tail",
				"pivot": [0, 8, 4],
				"cubes": [
					{"origin": [0, 8, 4], "size": [1, 1, 6], "uv": [30, 30]}
				]
			},
			{
				"name": "bone122",
				"parent": "tail",
				"pivot": [0, 8, 4],
				"rotation": [17.5, 25, 0],
				"cubes": [
					{"origin": [-3, 6.5, 9], "size": [1, 1, 7], "uv": [24, 16]}
				]
			},
			{
				"name": "bone123",
				"parent": "tail",
				"pivot": [0, 8, 4],
				"cubes": [
					{"origin": [2, 10, 15], "size": [1, 1, 7], "uv": [24, 0]}
				]
			},
			{
				"name": "hu",
				"parent": "tail",
				"pivot": [0, 8, 4]
			},
			{
				"name": "bone124",
				"parent": "hu",
				"pivot": [0, 8, 4],
				"rotation": [0, -15, 0],
				"cubes": [
					{"origin": [7, 11, 19], "size": [3, 0, 1], "uv": [23, 5]}
				]
			},
			{
				"name": "bone125",
				"parent": "hu",
				"pivot": [0, 8, 4],
				"rotation": [0, 15, 0],
				"cubes": [
					{"origin": [-5, 11, 20], "size": [3, 0, 1], "uv": [23, 4]}
				]
			},
			{
				"name": "bone126",
				"parent": "hu",
				"pivot": [0, 8, 4],
				"rotation": [0, -30, 0],
				"cubes": [
					{"origin": [8, 11, 16], "size": [2, 0, 1], "uv": [0, 21]}
				]
			},
			{
				"name": "bone127",
				"parent": "hu",
				"pivot": [0, 8, 4],
				"rotation": [0, 30, 0],
				"cubes": [
					{"origin": [-6, 11, 18], "size": [2, 0, 1], "uv": [0, 20]}
				]
			}
		]
	}
}