{
	"format_version": "1.10.0",
	"geometry.model": {
		"texturewidth": 128,
		"textureheight": 128,
		"visible_bounds_width": 4,
		"visible_bounds_height": 4,
		"visible_bounds_offset": [0, 1, 0],
		"bones": [
			{
				"name": "head",
				"pivot": [0, 18, 0],
				"cubes": [
					{"origin": [-4, 18, -4], "size": [8, 8, 8], "uv": [0, 0]}
				]
			},
			{
				"name": "blink",
				"parent": "head",
				"pivot": [0, 18, 0],
				"cubes": [
					{"origin": [-4, 18, -4.001], "size": [8, 8, 0], "uv": [24, 0]}
				]
			},
			{
				"name": "bz",
				"parent": "head",
				"pivot": [0, 18, 0]
			},
			{
				"name": "bone57",
				"parent": "bz",
				"pivot": [-3, 18, 0],
				"rotation": [0, 0, 12.5],
				"cubes": [
					{"origin": [-6, 24, -3], "size": [1, 1, 1], "uv": [40, 25]}
				]
			},
			{
				"name": "bone58",
				"parent": "bone57",
				"pivot": [-3, 18, 0],
				"cubes": [
					{"origin": [-7, 16, -3], "size": [1, 8, 1], "uv": [4, 60]}
				]
			},
			{
				"name": "bone59",
				"parent": "bz",
				"pivot": [3, 18, 0],
				"rotation": [0, 0, -12.5],
				"cubes": [
					{"origin": [5, 24, -3], "size": [1, 1, 1], "uv": [16, 34]}
				]
			},
			{
				"name": "bone60",
				"parent": "bone59",
				"pivot": [3, 18, 0],
				"cubes": [
					{"origin": [6, 16, -3], "size": [1, 8, 1], "uv": [0, 60]}
				]
			},
			{
				"name": "hu2",
				"parent": "head",
				"pivot": [-3, 12, 0],
				"rotation": [0, 0, 12.5]
			},
			{
				"name": "bone61",
				"parent": "hu2",
				"pivot": [-3, 12, 0],
				"cubes": [
					{"origin": [-8, 24, -3], "size": [1, 1, 1], "uv": [32, 8]}
				]
			},
			{
				"name": "bone62",
				"parent": "hu2",
				"pivot": [-3, 12, 0],
				"rotation": [7.5, 0, 0],
				"cubes": [
					{"origin": [-8, 24.5, -1], "size": [1, 1, 2.5], "uv": [18, 19]}
				]
			},
			{
				"name": "bone63",
				"parent": "hu2",
				"pivot": [-3, 12, 0],
				"rotation": [-7.5, 0, 0],
				"cubes": [
					{"origin": [-8, 24, -6.5], "size": [1, 1, 2.5], "uv": [0, 19]}
				]
			},
			{
				"name": "bone64",
				"parent": "hu2",
				"pivot": [-3, 12, 0],
				"rotation": [7.5, 0, 0],
				"cubes": [
					{"origin": [-8, 22, -1], "size": [1, 3, 1], "uv": [60, 39]}
				]
			},
			{
				"name": "bone65",
				"parent": "hu2",
				"pivot": [-3, 12, -5],
				"rotation": [-7.5, 0, 0],
				"cubes": [
					{"origin": [-8, 22, -5], "size": [1, 3, 1], "uv": [14, 60]}
				]
			},
			{
				"name": "hu3",
				"parent": "head",
				"pivot": [3, 12, 0],
				"rotation": [0, 0, -12.5]
			},
			{
				"name": "bone66",
				"parent": "hu3",
				"pivot": [3, 12, 0],
				"cubes": [
					{"origin": [7, 24, -3], "size": [1, 1, 1], "uv": [13, 31]}
				]
			},
			{
				"name": "bone67",
				"parent": "hu3",
				"pivot": [3, 12, 0],
				"rotation": [7.5, 0, 0],
				"cubes": [
					{"origin": [7, 24.5, -1], "size": [1, 1, 2.5], "uv": [18, 16]}
				]
			},
			{
				"name": "bone68",
				"parent": "hu3",
				"pivot": [3, 12, 0],
				"rotation": [-7.5, 0, 0],
				"cubes": [
					{"origin": [7, 24, -6.5], "size": [1, 1, 2.5], "uv": [0, 16]}
				]
			},
			{
				"name": "bone69",
				"parent": "hu3",
				"pivot": [3, 12, 0],
				"rotation": [7.5, 0, 0],
				"cubes": [
					{"origin": [7, 22, -1], "size": [1, 3, 1], "uv": [60, 0]}
				]
			},
			{
				"name": "bone70",
				"parent": "hu3",
				"pivot": [3, 12, -5],
				"rotation": [-7.5, 0, 0],
				"cubes": [
					{"origin": [7, 22, -5], "size": [1, 3, 1], "uv": [58, 35]}
				]
			},
			{
				"name": "hair",
				"parent": "head",
				"pivot": [0, 18, 0]
			},
			{
				"name": "bone71",
				"parent": "hair",
				"pivot": [0, 18, 0],
				"rotation": [7.5, 0, 0],
				"cubes": [
					{"origin": [-4, 14, 4], "size": [8, 4, 0], "uv": [33, 28]}
				]
			},
			{
				"name": "ear",
				"parent": "head",
				"pivot": [0, 17, -3]
			},
			{
				"name": "bone72",
				"parent": "ear",
				"pivot": [0, 17, -3],
				"rotation": [0, 0, -10],
				"cubes": [
					{"origin": [-1.3, 25.8, -3], "size": [1.3, 3, 1], "uv": [57, 22]}
				]
			},
			{
				"name": "bone73",
				"parent": "ear",
				"pivot": [0, 17, -3],
				"rotation": [0, 0, 7.5],
				"cubes": [
					{"origin": [-5, 25, -3], "size": [1, 3, 1], "uv": [47, 53]}
				]
			},
			{
				"name": "ear2",
				"parent": "head",
				"pivot": [0, 17, -3]
			},
			{
				"name": "bone74",
				"parent": "ear2",
				"pivot": [0, 17, -3],
				"rotation": [0, 0, 10],
				"cubes": [
					{"origin": [0, 25.8, -3], "size": [1.3, 3, 1], "uv": [53, 45]}
				]
			},
			{
				"name": "bone75",
				"parent": "ear2",
				"pivot": [0, 17, -3],
				"rotation": [0, 0, -7.5],
				"cubes": [
					{"origin": [4, 25, -3], "size": [1, 3, 1], "uv": [35, 40]}
				]
			},
			{
				"name": "armRight",
				"pivot": [-3, 17.5, 0],
				"rotation": [0, 0, 25],
				"cubes": [
					{"origin": [-5, 8.5, -1], "size": [2, 8, 2], "uv": [45, 7]},
					{"origin": [-5.5, 13.5, -1.5], "size": [3, 4, 3], "uv": [40, 0]},
					{"origin": [-5.5, 9.5, -1.5], "size": [3, 5, 3], "uv": [36, 17], "inflate": -0.2}
				]
			},
			{
				"name": "armLeft",
				"pivot": [3, 17.5, 0],
				"rotation": [0, 0, -25],
				"cubes": [
					{"origin": [2.5, 13.5, -1.5], "size": [3, 4, 3], "uv": [9, 37]},
					{"origin": [2.5, 9.5, -1.5], "size": [3, 5, 3], "uv": [33, 32], "inflate": -0.2},
					{"origin": [3, 8.5, -1], "size": [2, 8, 2], "uv": [10, 44]}
				]
			},
			{
				"name": "body",
				"pivot": [0, 10.5, 0],
				"cubes": [
					{"origin": [-3, 8.999, -3], "size": [6, 9, 6], "uv": [0, 16]}
				]
			},
			{
				"name": "sittingRotationSkirt",
				"parent": "body",
				"pivot": [0, 10.5, 0]
			},
			{
				"name": "bone",
				"parent": "sittingRotationSkirt",
				"pivot": [0, 14.5, 0]
			},
			{
				"name": "bone2",
				"parent": "bone",
				"pivot": [0, 4, 0]
			},
			{
				"name": "bone3",
				"parent": "bone2",
				"pivot": [0, 4, 4.89843],
				"rotation": [23, 0, 0]
			},
			{
				"name": "bone4",
				"parent": "bone3",
				"pivot": [0, 4, 4.89843],
				"rotation": [0, -26.56505, 0],
				"cubes": [
					{"origin": [-1, 4, 4.39843], "size": [2, 7, 1], "uv": [59, 52]}
				]
			},
			{
				"name": "bone5",
				"parent": "bone",
				"pivot": [0, 4, 0],
				"rotation": [0, -25.71429, 0]
			},
			{
				"name": "bone6",
				"parent": "bone5",
				"pivot": [0, 4, 4.89843],
				"rotation": [23, 0, 0]
			},
			{
				"name": "bone7",
				"parent": "bone6",
				"pivot": [0, 4, 4.89843],
				"rotation": [0, -26.56505, 0],
				"cubes": [
					{"origin": [-1, 4, 4.39843], "size": [2, 7, 1], "uv": [59, 14]}
				]
			},
			{
				"name": "bone8",
				"parent": "bone",
				"pivot": [0, 4, 0],
				"rotation": [0, -51.42857, 0]
			},
			{
				"name": "bone9",
				"parent": "bone8",
				"pivot": [0, 4, 4.89843],
				"rotation": [23, 0, 0]
			},
			{
				"name": "bone10",
				"parent": "bone9",
				"pivot": [0, 4, 4.89843],
				"rotation": [0, -26.56505, 0],
				"cubes": [
					{"origin": [-1, 4, 4.39843], "size": [2, 7, 1], "uv": [59, 6]}
				]
			},
			{
				"name": "bone11",
				"parent": "bone",
				"pivot": [0, 4, 0],
				"rotation": [0, -77.14286, 0]
			},
			{
				"name": "bone12",
				"parent": "bone11",
				"pivot": [0, 4, 4.89843],
				"rotation": [23, 0, 0]
			},
			{
				"name": "bone13",
				"parent": "bone12",
				"pivot": [0, 4, 4.89843],
				"rotation": [0, -26.56505, 0],
				"cubes": [
					{"origin": [-1, 4, 4.39843], "size": [2, 7, 1], "uv": [53, 58]}
				]
			},
			{
				"name": "bone14",
				"parent": "bone",
				"pivot": [0, 4, 0],
				"rotation": [0, -102.85714, 0]
			},
			{
				"name": "bone15",
				"parent": "bone14",
				"pivot": [0, 4, 4.89843],
				"rotation": [23, 0, 0]
			},
			{
				"name": "bone16",
				"parent": "bone15",
				"pivot": [0, 4, 4.89843],
				"rotation": [0, -26.56505, 0],
				"cubes": [
					{"origin": [-1, 4, 4.39843], "size": [2, 7, 1], "uv": [47, 58]}
				]
			},
			{
				"name": "bone17",
				"parent": "bone",
				"pivot": [0, 4, 0],
				"rotation": [0, -128.57143, 0]
			},
			{
				"name": "bone18",
				"parent": "bone17",
				"pivot": [0, 4, 4.89843],
				"rotation": [23, 0, 0]
			},
			{
				"name": "bone19",
				"parent": "bone18",
				"pivot": [0, 4, 4.89843],
				"rotation": [0, -26.56505, 0],
				"cubes": [
					{"origin": [-1, 4, 4.39843], "size": [2, 7, 1], "uv": [57, 44]}
				]
			},
			{
				"name": "bone20",
				"parent": "bone",
				"pivot": [0, 4, 0],
				"rotation": [0, -154.28571, 0]
			},
			{
				"name": "bone21",
				"parent": "bone20",
				"pivot": [0, 4, 4.89843],
				"rotation": [23, 0, 0]
			},
			{
				"name": "bone22",
				"parent": "bone21",
				"pivot": [0, 4, 4.89843],
				"rotation": [0, -26.56505, 0],
				"cubes": [
					{"origin": [-1, 4, 4.39843], "size": [2, 7, 1], "uv": [55, 27]}
				]
			},
			{
				"name": "bone23",
				"parent": "bone",
				"pivot": [0, 4, 0],
				"rotation": [0, -180, 0]
			},
			{
				"name": "bone24",
				"parent": "bone23",
				"pivot": [0, 4, 4.89843],
				"rotation": [23, 0, 0]
			},
			{
				"name": "bone25",
				"parent": "bone24",
				"pivot": [0, 4, 4.89843],
				"rotation": [0, -26.56505, 0],
				"cubes": [
					{"origin": [-1, 4, 4.39843], "size": [2, 7, 1], "uv": [35, 54]}
				]
			},
			{
				"name": "bone26",
				"parent": "bone",
				"pivot": [0, 4, 0],
				"rotation": [0, -205.71429, 0]
			},
			{
				"name": "bone27",
				"parent": "bone26",
				"pivot": [0, 4, 4.89843],
				"rotation": [23, 0, 0]
			},
			{
				"name": "bone28",
				"parent": "bone27",
				"pivot": [0, 4, 4.89843],
				"rotation": [0, -26.56505, 0],
				"cubes": [
					{"origin": [-1, 4, 4.39843], "size": [2, 7, 1], "uv": [8, 54]}
				]
			},
			{
				"name": "bone29",
				"parent": "bone",
				"pivot": [0, 4, 0],
				"rotation": [0, -231.42857, 0]
			},
			{
				"name": "bone30",
				"parent": "bone29",
				"pivot": [0, 4, 4.89843],
				"rotation": [23, 0, 0]
			},
			{
				"name": "bone31",
				"parent": "bone30",
				"pivot": [0, 4, 4.89843],
				"rotation": [0, -26.56505, 0],
				"cubes": [
					{"origin": [-1, 4, 4.39843], "size": [2, 7, 1], "uv": [41, 53]}
				]
			},
			{
				"name": "bone32",
				"parent": "bone",
				"pivot": [0, 4, 0],
				"rotation": [0, -257.14286, 0]
			},
			{
				"name": "bone33",
				"parent": "bone32",
				"pivot": [0, 4, 4.89843],
				"rotation": [23, 0, 0]
			},
			{
				"name": "bone34",
				"parent": "bone33",
				"pivot": [0, 4, 4.89843],
				"rotation": [0, -26.56505, 0],
				"cubes": [
					{"origin": [-1, 4, 4.39843], "size": [2, 7, 1], "uv": [29, 53]}
				]
			},
			{
				"name": "bone35",
				"parent": "bone",
				"pivot": [0, 4, 0],
				"rotation": [0, -282.85714, 0]
			},
			{
				"name": "bone36",
				"parent": "bone35",
				"pivot": [0, 4, 4.89843],
				"rotation": [23, 0, 0]
			},
			{
				"name": "bone37",
				"parent": "bone36",
				"pivot": [0, 4, 4.89843],
				"rotation": [0, -26.56505, 0],
				"cubes": [
					{"origin": [-1, 4, 4.39843], "size": [2, 7, 1], "uv": [23, 53]}
				]
			},
			{
				"name": "bone38",
				"parent": "bone",
				"pivot": [0, 4, 0],
				"rotation": [0, -308.57143, 0]
			},
			{
				"name": "bone39",
				"parent": "bone38",
				"pivot": [0, 4, 4.89843],
				"rotation": [23, 0, 0]
			},
			{
				"name": "bone40",
				"parent": "bone39",
				"pivot": [0, 4, 4.89843],
				"rotation": [0, -26.56505, 0],
				"cubes": [
					{"origin": [-1, 4, 4.39843], "size": [2, 7, 1], "uv": [17, 53]}
				]
			},
			{
				"name": "bone41",
				"parent": "bone",
				"pivot": [0, 4, 0],
				"rotation": [0, -334.28571, 0]
			},
			{
				"name": "bone42",
				"parent": "bone41",
				"pivot": [0, 4, 4.89843],
				"rotation": [23, 0, 0]
			},
			{
				"name": "bone43",
				"parent": "bone42",
				"pivot": [0, 4, 4.89843],
				"rotation": [0, -26.56505, 0],
				"cubes": [
					{"origin": [-1, 4, 4.39843], "size": [2, 7, 1], "uv": [53, 7]}
				]
			},
			{
				"name": "bone76",
				"parent": "sittingRotationSkirt",
				"pivot": [0, 17.5, 0]
			},
			{
				"name": "bone77",
				"parent": "bone76",
				"pivot": [0, 7, 0]
			},
			{
				"name": "bone78",
				"parent": "bone77",
				"pivot": [0, 7, 6.19607],
				"rotation": [31, 0, 0]
			},
			{
				"name": "bone79",
				"parent": "bone78",
				"pivot": [0, 7, 6.19607],
				"rotation": [0, -45, 0]
			},
			{
				"name": "bone80",
				"parent": "bone76",
				"pivot": [0, 7, 0],
				"rotation": [0, -25.71429, 0]
			},
			{
				"name": "bone81",
				"parent": "bone80",
				"pivot": [0, 7, 6.19607],
				"rotation": [31, 0, 0]
			},
			{
				"name": "bone82",
				"parent": "bone81",
				"pivot": [0, 7, 6.19607],
				"rotation": [0, -45, 0],
				"cubes": [
					{"origin": [-1, 6, 5.19607], "size": [2, 5, 2], "uv": [0, 53]}
				]
			},
			{
				"name": "bone83",
				"parent": "bone76",
				"pivot": [0, 7, 0],
				"rotation": [0, -51.42857, 0]
			},
			{
				"name": "bone84",
				"parent": "bone83",
				"pivot": [0, 7, 6.19607],
				"rotation": [31, 0, 0]
			},
			{
				"name": "bone85",
				"parent": "bone84",
				"pivot": [0, 7, 6.19607],
				"rotation": [0, -45, 0],
				"cubes": [
					{"origin": [-1, 6, 5.19607], "size": [2, 5, 2], "uv": [52, 37]}
				]
			},
			{
				"name": "bone86",
				"parent": "bone76",
				"pivot": [0, 7, 0],
				"rotation": [0, -77.14286, 0]
			},
			{
				"name": "bone87",
				"parent": "bone86",
				"pivot": [0, 7, 6.19607],
				"rotation": [31, 0, 0]
			},
			{
				"name": "bone88",
				"parent": "bone87",
				"pivot": [0, 7, 6.19607],
				"rotation": [0, -45, 0],
				"cubes": [
					{"origin": [-1, 6, 5.19607], "size": [2, 5, 2], "uv": [52, 0]}
				]
			},
			{
				"name": "bone89",
				"parent": "bone76",
				"pivot": [0, 7, 0],
				"rotation": [0, -102.85714, 0]
			},
			{
				"name": "bone90",
				"parent": "bone89",
				"pivot": [0, 7, 6.19607],
				"rotation": [31, 0, 0]
			},
			{
				"name": "bone91",
				"parent": "bone90",
				"pivot": [0, 7, 6.19607],
				"rotation": [0, -45, 0],
				"cubes": [
					{"origin": [-1, 6, 5.19607], "size": [2, 5, 2], "uv": [51, 51]}
				]
			},
			{
				"name": "bone92",
				"parent": "bone76",
				"pivot": [0, 7, 0],
				"rotation": [0, -128.57143, 0]
			},
			{
				"name": "bone93",
				"parent": "bone92",
				"pivot": [0, 7, 6.19607],
				"rotation": [31, 0, 0]
			},
			{
				"name": "bone94",
				"parent": "bone93",
				"pivot": [0, 7, 6.19607],
				"rotation": [0, -45, 0],
				"cubes": [
					{"origin": [-1, 6, 5.19607], "size": [2, 5, 2], "uv": [51, 15]}
				]
			},
			{
				"name": "bone95",
				"parent": "bone76",
				"pivot": [0, 7, 0],
				"rotation": [0, -154.28571, 0]
			},
			{
				"name": "bone96",
				"parent": "bone95",
				"pivot": [0, 7, 6.19607],
				"rotation": [31, 0, 0]
			},
			{
				"name": "bone97",
				"parent": "bone96",
				"pivot": [0, 7, 6.19607],
				"rotation": [0, -45, 0],
				"cubes": [
					{"origin": [-1, 6, 5.19607], "size": [2, 5, 2], "uv": [34, 47]}
				]
			},
			{
				"name": "bone98",
				"parent": "bone76",
				"pivot": [0, 7, 0],
				"rotation": [0, -180, 0]
			},
			{
				"name": "bone99",
				"parent": "bone98",
				"pivot": [0, 7, 6.19607],
				"rotation": [31, 0, 0]
			},
			{
				"name": "bone100",
				"parent": "bone99",
				"pivot": [0, 7, 6.19607],
				"rotation": [0, -45, 0]
			},
			{
				"name": "bone101",
				"parent": "bone76",
				"pivot": [0, 7, 0],
				"rotation": [0, -205.71429, 0]
			},
			{
				"name": "bone102",
				"parent": "bone101",
				"pivot": [0, 7, 6.19607],
				"rotation": [31, 0, 0]
			},
			{
				"name": "bone103",
				"parent": "bone102",
				"pivot": [0, 7, 6.19607],
				"rotation": [0, -45, 0],
				"cubes": [
					{"origin": [-1, 6, 5.19607], "size": [2, 5, 2], "uv": [47, 30]}
				]
			},
			{
				"name": "bone104",
				"parent": "bone76",
				"pivot": [0, 7, 0],
				"rotation": [0, -231.42857, 0]
			},
			{
				"name": "bone105",
				"parent": "bone104",
				"pivot": [0, 7, 6.19607],
				"rotation": [31, 0, 0]
			},
			{
				"name": "bone106",
				"parent": "bone105",
				"pivot": [0, 7, 6.19607],
				"rotation": [0, -45, 0],
				"cubes": [
					{"origin": [-1, 6, 5.19607], "size": [2, 5, 2], "uv": [45, 46]}
				]
			},
			{
				"name": "bone107",
				"parent": "bone76",
				"pivot": [0, 7, 0],
				"rotation": [0, -257.14286, 0]
			},
			{
				"name": "bone108",
				"parent": "bone107",
				"pivot": [0, 7, 6.19607],
				"rotation": [31, 0, 0]
			},
			{
				"name": "bone109",
				"parent": "bone108",
				"pivot": [0, 7, 6.19607],
				"rotation": [0, -45, 0],
				"cubes": [
					{"origin": [-1, 6, 5.19607], "size": [2, 5, 2], "uv": [26, 46]}
				]
			},
			{
				"name": "bone110",
				"parent": "bone76",
				"pivot": [0, 7, 0],
				"rotation": [0, -282.85714, 0]
			},
			{
				"name": "bone111",
				"parent": "bone110",
				"pivot": [0, 7, 6.19607],
				"rotation": [31, 0, 0]
			},
			{
				"name": "bone112",
				"parent": "bone111",
				"pivot": [0, 7, 6.19607],
				"rotation": [0, -45, 0],
				"cubes": [
					{"origin": [-1, 6, 5.19607], "size": [2, 5, 2], "uv": [18, 46]}
				]
			},
			{
				"name": "bone113",
				"parent": "bone76",
				"pivot": [0, 7, 0],
				"rotation": [0, -308.57143, 0]
			},
			{
				"name": "bone114",
				"parent": "bone113",
				"pivot": [0, 7, 6.19607],
				"rotation": [31, 0, 0]
			},
			{
				"name": "bone115",
				"parent": "bone114",
				"pivot": [0, 7, 6.19607],
				"rotation": [0, -45, 0],
				"cubes": [
					{"origin": [-1, 6, 5.19607], "size": [2, 5, 2], "uv": [0, 46]}
				]
			},
			{
				"name": "bone116",
				"parent": "bone76",
				"pivot": [0, 7, 0],
				"rotation": [0, -334.28571, 0]
			},
			{
				"name": "bone117",
				"parent": "bone116",
				"pivot": [0, 7, 6.19607],
				"rotation": [31, 0, 0]
			},
			{
				"name": "bone118",
				"parent": "bone117",
				"pivot": [0, 7, 6.19607],
				"rotation": [0, -45, 0],
				"cubes": [
					{"origin": [-1, 6, 5.19607], "size": [2, 5, 2], "uv": [0, 0]}
				]
			},
			{
				"name": "hu4",
				"parent": "body",
				"pivot": [0, 11.5, 0]
			},
			{
				"name": "bone119",
				"parent": "hu4",
				"pivot": [0, 11.5, 0],
				"cubes": [
					{"origin": [-0.5, 12.5, -4], "size": [1, 1, 1], "uv": [22, 16]}
				]
			},
			{
				"name": "bone120",
				"parent": "hu4",
				"pivot": [0, 11.5, 0],
				"rotation": [0, 0, 7.5],
				"cubes": [
					{"origin": [-2.5, 12.5, -4], "size": [2, 1, 1], "uv": [27, 40]}
				]
			},
			{
				"name": "bone121",
				"parent": "hu4",
				"pivot": [0, 11.5, 0],
				"rotation": [0, 0, -7.5],
				"cubes": [
					{"origin": [0.5, 12.5, -4], "size": [2, 1, 1], "uv": [33, 17]}
				]
			},
			{
				"name": "bone122",
				"parent": "hu4",
				"pivot": [0, 11.5, 0],
				"rotation": [0, 0, 12.5],
				"cubes": [
					{"origin": [-1, 9.5, -4], "size": [1, 3, 1], "uv": [23, 40]}
				]
			},
			{
				"name": "bone123",
				"parent": "hu4",
				"pivot": [0, 11.5, 0],
				"rotation": [0, 0, -12.5],
				"cubes": [
					{"origin": [0, 9.5, -4], "size": [1, 3, 1], "uv": [0, 40]}
				]
			},
			{
				"name": "legLeft",
				"pivot": [2, 9, 0],
				"cubes": [
					{"origin": [0.499, 0, -1.5], "size": [3, 9, 3], "uv": [21, 28]}
				]
			},
			{
				"name": "bone53",
				"parent": "legLeft",
				"pivot": [2, 9, 0],
				"cubes": [
					{"origin": [0.499, 0, -1.5], "size": [3, 6, 3], "uv": [33, 8], "inflate": 0.1}
				]
			},
			{
				"name": "bone55",
				"parent": "legLeft",
				"pivot": [2, 9, 0],
				"cubes": [
					{"origin": [0.499, 0, -1.5], "size": [3, 2, 3], "uv": [45, 22], "inflate": 0.2}
				]
			},
			{
				"name": "legRight",
				"pivot": [-2, 9, 0],
				"cubes": [
					{"origin": [-3.499, 0, -1.5], "size": [3, 9, 3], "uv": [24, 16]}
				]
			},
			{
				"name": "bone54",
				"parent": "legRight",
				"pivot": [-2, 9, 0],
				"cubes": [
					{"origin": [-3.499, 0, -1.5], "size": [3, 6, 3], "uv": [0, 31], "inflate": 0.1}
				]
			},
			{
				"name": "bone56",
				"parent": "legRight",
				"pivot": [-2, 9, 0],
				"cubes": [
					{"origin": [-3.499, 0, -1.5], "size": [3, 2, 3], "uv": [42, 41], "inflate": 0.2}
				]
			},
			{
				"name": "tail",
				"pivot": [0, 8, 4],
				"rotation": [20, 0, 0]
			},
			{
				"name": "bone44",
				"parent": "tail",
				"pivot": [0, 8, 4],
				"cubes": [
					{"origin": [-1, 8, 3], "size": [1, 1, 5], "uv": [35, 41]}
				]
			},
			{
				"name": "bone45",
				"parent": "tail",
				"pivot": [0, 8, 4],
				"rotation": [17.5, 15, 0],
				"cubes": [
					{"origin": [-2, 7, 7], "size": [1, 1, 5], "uv": [40, 35]}
				]
			},
			{
				"name": "bone46",
				"parent": "tail",
				"pivot": [0, 8, 4],
				"rotation": [22.5, 27.5, 0],
				"cubes": [
					{"origin": [-3.5, 6.5, 11], "size": [1, 1, 5], "uv": [28, 40]}
				]
			},
			{
				"name": "bone47",
				"parent": "tail",
				"pivot": [0, 8, 4],
				"rotation": [30, 42.5, 0],
				"cubes": [
					{"origin": [-6.5, 5.5, 14], "size": [1, 1, 5], "uv": [16, 40]}
				]
			},
			{
				"name": "bone48",
				"parent": "tail",
				"pivot": [0, 8, 4],
				"rotation": [35, 50, 2.5],
				"cubes": [
					{"origin": [-8.5, 5, 18], "size": [1, 1, 5], "uv": [0, 40]}
				]
			},
			{
				"name": "hu",
				"parent": "tail",
				"pivot": [0, 8, 4]
			},
			{
				"name": "bone49",
				"parent": "hu",
				"pivot": [0, 8, 4],
				"rotation": [32.5, -10, -30],
				"cubes": [
					{"origin": [12, 2.5, 17], "size": [1, 1, 2.8], "uv": [36, 25]}
				]
			},
			{
				"name": "bone50",
				"parent": "hu",
				"pivot": [0, 8, 4],
				"rotation": [45, -57.5, -52.5],
				"cubes": [
					{"origin": [18.5, 7, 1], "size": [1, 1, 2.8], "uv": [12, 34]}
				]
			},
			{
				"name": "bone51",
				"parent": "hu",
				"pivot": [0, 8, 4],
				"rotation": [45, 57.5, 10],
				"cubes": [
					{"origin": [-11.5, 4.5, 17], "size": [1, 1, 2.8], "uv": [15, 31]}
				]
			},
			{
				"name": "bone52",
				"parent": "hu",
				"pivot": [0, 8, 4],
				"rotation": [45, 32.5, 5],
				"cubes": [
					{"origin": [-3.5, 1.5, 19], "size": [1, 1, 2.8], "uv": [9, 31]}
				]
			}
		]
	}
}