{
	"format_version": "1.10.0",
	"geometry.model": {
		"texturewidth": 64,
		"textureheight": 64,
		"visible_bounds_width": 3,
		"visible_bounds_height": 4,
		"visible_bounds_offset": [0, 1, 0],
		"bones": [
			{
				"name": "head",
				"pivot": [0, 18, 0],
				"cubes": [
					{"origin": [-4, 18, -4], "size": [8, 8, 8], "uv": [0, 0]}
				]
			},
			{
				"name": "ahoge",
				"parent": "head",
				"pivot": [0, 26, 0],
				"cubes": [
					{"origin": [-3, 26, -1], "size": [6, 6, 0], "uv": [38, 15]}
				]
			},
			{
				"name": "blink",
				"parent": "head",
				"pivot": [0, 18, 0],
				"cubes": [
					{"origin": [-4, 18, -4.001], "size": [8, 8, 0], "uv": [24, 0]}
				]
			},
			{
				"name": "lear",
				"parent": "head",
				"pivot": [0, 18, 0]
			},
			{
				"name": "bone18",
				"parent": "lear",
				"pivot": [0, 18, 0],
				"rotation": [0, -7.5, -12.5],
				"cubes": [
					{"origin": [-2.5, 26, -3], "size": [1.5, 6, 1], "uv": [42, 46]}
				]
			},
			{
				"name": "rear",
				"parent": "head",
				"pivot": [0, 18, 0]
			},
			{
				"name": "bone19",
				"parent": "rear",
				"pivot": [0, 18, 0],
				"rotation": [0, 7.5, 12.5],
				"cubes": [
					{"origin": [0.5, 26, -3], "size": [1.5, 6, 1], "uv": [8, 43]}
				]
			},
			{
				"name": "hair",
				"parent": "head",
				"pivot": [0, 18, 0]
			},
			{
				"name": "bone20",
				"parent": "hair",
				"pivot": [0, 18, 0],
				"rotation": [20, 0, 0],
				"cubes": [
					{"origin": [-3, 7.5, 3], "size": [6, 10, 1], "uv": [24, 16]}
				]
			},
			{
				"name": "bone21",
				"parent": "hair",
				"pivot": [0, 18, 0],
				"rotation": [15, 0, -7.5],
				"cubes": [
					{"origin": [3, 9, 3], "size": [1, 9, 1], "uv": [4, 43]}
				]
			},
			{
				"name": "bone22",
				"parent": "hair",
				"pivot": [0, 18, 0],
				"rotation": [15, 0, 10],
				"cubes": [
					{"origin": [-4, 9, 3], "size": [1, 9, 1], "uv": [30, 42]}
				]
			},
			{
				"name": "bone25",
				"parent": "head",
				"pivot": [0, 18, 0],
				"rotation": [0, 0, 12.5],
				"cubes": [
					{"origin": [-7, 23, -3], "size": [2, 1, 2], "uv": [45, 8]}
				]
			},
			{
				"name": "hu",
				"parent": "head",
				"pivot": [0, 18, 0]
			},
			{
				"name": "bone26",
				"parent": "hu",
				"pivot": [0, 18, 0],
				"cubes": [
					{"origin": [-5, 23, -3], "size": [1, 1, 1], "uv": [18, 40]}
				]
			},
			{
				"name": "bone31",
				"parent": "hu",
				"pivot": [0, 18, 0],
				"rotation": [-22.5, 0, 0],
				"cubes": [
					{"origin": [-5, 22, -4], "size": [0, 1, 2.5], "uv": [9, 30]}
				]
			},
			{
				"name": "bone32",
				"parent": "hu",
				"pivot": [0, 18, 0],
				"rotation": [15, 0, 0],
				"cubes": [
					{"origin": [-5, 21, -1], "size": [0, 2.5, 1], "uv": [22, 18]}
				]
			},
			{
				"name": "bone33",
				"parent": "hu",
				"pivot": [0, 18, 0],
				"rotation": [22.5, 0, 0],
				"cubes": [
					{"origin": [-5, 24, -3], "size": [0, 1, 2.5], "uv": [9, 29]}
				]
			},
			{
				"name": "bone34",
				"parent": "hu",
				"pivot": [0, 18, 0],
				"rotation": [-15, 0, 0],
				"cubes": [
					{"origin": [-5, 20, -5], "size": [0, 2.5, 1], "uv": [5, 5]}
				]
			},
			{
				"name": "hu2",
				"parent": "head",
				"pivot": [0, 18, 0]
			},
			{
				"name": "bone36",
				"parent": "hu2",
				"pivot": [0, 18, 0],
				"cubes": [
					{"origin": [4, 23, -3], "size": [1, 1, 1], "uv": [28, 39]}
				]
			},
			{
				"name": "bone37",
				"parent": "hu2",
				"pivot": [0, 18, 0],
				"rotation": [-22.5, 0, 0],
				"cubes": [
					{"origin": [5, 22, -4], "size": [0, 1, 2.5], "uv": [18, 19]}
				]
			},
			{
				"name": "bone38",
				"parent": "hu2",
				"pivot": [0, 18, 0],
				"rotation": [15, 0, 0],
				"cubes": [
					{"origin": [5, 21, -1], "size": [0, 2.5, 1], "uv": [5, 0]}
				]
			},
			{
				"name": "bone39",
				"parent": "hu2",
				"pivot": [0, 18, 0],
				"rotation": [22.5, 0, 0],
				"cubes": [
					{"origin": [5, 24, -3], "size": [0, 1, 2.5], "uv": [0, 19]}
				]
			},
			{
				"name": "bone40",
				"parent": "hu2",
				"pivot": [0, 18, 0],
				"rotation": [-15, 0, 0],
				"cubes": [
					{"origin": [5, 20, -5], "size": [0, 2.5, 1], "uv": [0, 0]}
				]
			},
			{
				"name": "bone35",
				"parent": "head",
				"pivot": [0, 18, 0],
				"rotation": [0, 0, -12.5],
				"cubes": [
					{"origin": [5, 23, -3], "size": [2, 1, 2], "uv": [36, 33]}
				]
			},
			{
				"name": "armRight",
				"pivot": [-3, 17.5, 0],
				"rotation": [0, 0, 25],
				"cubes": [
					{"origin": [-5, 8.5, -1], "size": [2, 8, 2], "uv": [12, 40]},
					{"origin": [-5.5, 13.5, -1.5], "size": [3, 4, 3], "uv": [33, 36]}
				]
			},
			{
				"name": "bone27",
				"parent": "armRight",
				"pivot": [-3, 17.5, 0],
				"cubes": [
					{"origin": [-5, 9.5, -1], "size": [2, 3, 2], "uv": [43, 41], "inflate": 0.06}
				]
			},
			{
				"name": "armLeft",
				"pivot": [3, 17.5, 0],
				"rotation": [0, 0, -25],
				"cubes": [
					{"origin": [2.5, 13.5, -1.5], "size": [3, 4, 3], "uv": [32, 8]},
					{"origin": [3, 8.5, -1], "size": [2, 8, 2], "uv": [22, 39]}
				]
			},
			{
				"name": "bone28",
				"parent": "armLeft",
				"pivot": [4, 17.5, 0],
				"cubes": [
					{"origin": [3, 9.5, -1], "size": [2, 3, 2], "uv": [34, 43], "inflate": 0.06}
				]
			},
			{
				"name": "body",
				"pivot": [0, 10.5, 0],
				"cubes": [
					{"origin": [-3, 8.999, -3], "size": [6, 9, 6], "uv": [0, 16]}
				]
			},
			{
				"name": "sittingRotationSkirt",
				"parent": "body",
				"pivot": [0, 10.5, 0]
			},
			{
				"name": "bone",
				"parent": "sittingRotationSkirt",
				"pivot": [0, 17.5, 0]
			},
			{
				"name": "bone2",
				"parent": "bone",
				"pivot": [0, 7, 0]
			},
			{
				"name": "bone3",
				"parent": "bone2",
				"pivot": [0, 7, 3.97051],
				"rotation": [10, 0, 0],
				"cubes": [
					{"origin": [-2, 6.65782, 3.97051], "size": [4, 4, 0], "uv": [45, 21]}
				]
			},
			{
				"name": "bone4",
				"parent": "bone3",
				"pivot": [-2, 6.65782, 3.97051],
				"rotation": [0, 0, 9.85108],
				"cubes": [
					{"origin": [-4, 6.65782, 3.96951], "size": [2, 4, 0], "uv": [20, 49]}
				]
			},
			{
				"name": "bone5",
				"parent": "bone3",
				"pivot": [2, 6.65782, 3.97051],
				"rotation": [0, 0, -9.85108],
				"cubes": [
					{"origin": [2, 6.65782, 3.97151], "size": [2, 4, 0], "uv": [38, 48]}
				]
			},
			{
				"name": "bone6",
				"parent": "bone",
				"pivot": [0, 7, 0],
				"rotation": [0, -90, 0]
			},
			{
				"name": "bone7",
				"parent": "bone6",
				"pivot": [0, 7, 3.97051],
				"rotation": [10, 0, 0],
				"cubes": [
					{"origin": [-2, 6.65782, 3.97051], "size": [4, 4, 0], "uv": [45, 4]}
				]
			},
			{
				"name": "bone8",
				"parent": "bone7",
				"pivot": [-2, 6.65782, 3.97051],
				"rotation": [0, 0, 9.85108],
				"cubes": [
					{"origin": [-4, 6.65782, 3.96951], "size": [2, 4, 0], "uv": [34, 48]}
				]
			},
			{
				"name": "bone9",
				"parent": "bone7",
				"pivot": [2, 6.65782, 3.97051],
				"rotation": [0, 0, -9.85108],
				"cubes": [
					{"origin": [2, 6.65782, 3.97151], "size": [2, 4, 0], "uv": [48, 29]}
				]
			},
			{
				"name": "bone10",
				"parent": "bone",
				"pivot": [0, 7, 0],
				"rotation": [0, -180, 0]
			},
			{
				"name": "bone11",
				"parent": "bone10",
				"pivot": [0, 7, 3.97051],
				"rotation": [10, 0, 0],
				"cubes": [
					{"origin": [-2, 6.65782, 3.97051], "size": [4, 4, 0], "uv": [45, 0]}
				]
			},
			{
				"name": "bone12",
				"parent": "bone11",
				"pivot": [-2, 6.65782, 3.97051],
				"rotation": [0, 0, 9.85108],
				"cubes": [
					{"origin": [-4, 6.65782, 3.96951], "size": [2, 4, 0], "uv": [48, 25]}
				]
			},
			{
				"name": "bone13",
				"parent": "bone11",
				"pivot": [2, 6.65782, 3.97051],
				"rotation": [0, 0, -9.85108],
				"cubes": [
					{"origin": [2, 6.65782, 3.97151], "size": [2, 4, 0], "uv": [46, 46]}
				]
			},
			{
				"name": "bone14",
				"parent": "bone",
				"pivot": [0, 7, 0],
				"rotation": [0, -270, 0]
			},
			{
				"name": "bone15",
				"parent": "bone14",
				"pivot": [0, 7, 3.97051],
				"rotation": [10, 0, 0],
				"cubes": [
					{"origin": [-2, 6.65782, 3.97051], "size": [4, 4, 0], "uv": [44, 11]}
				]
			},
			{
				"name": "bone16",
				"parent": "bone15",
				"pivot": [-2, 6.65782, 3.97051],
				"rotation": [0, 0, 9.85108],
				"cubes": [
					{"origin": [-4, 6.65782, 3.96951], "size": [2, 4, 0], "uv": [18, 16]}
				]
			},
			{
				"name": "bone17",
				"parent": "bone15",
				"pivot": [2, 6.65782, 3.97051],
				"rotation": [0, 0, -9.85108],
				"cubes": [
					{"origin": [2, 6.65782, 3.97151], "size": [2, 4, 0], "uv": [0, 16]}
				]
			},
			{
				"name": "hu3",
				"parent": "body",
				"pivot": [0, 10.5, 4]
			},
			{
				"name": "bone41",
				"parent": "hu3",
				"pivot": [0, 10.5, 4],
				"cubes": [
					{"origin": [-0.5, 16.95, -4], "size": [1, 1, 1], "uv": [38, 21]}
				]
			},
			{
				"name": "bone42",
				"parent": "hu3",
				"pivot": [0, 10.5, 4],
				"rotation": [0, 0, 5],
				"cubes": [
					{"origin": [-3, 17.9, -4], "size": [2, 0, 1], "uv": [17, 20]}
				]
			},
			{
				"name": "bone45",
				"parent": "hu3",
				"pivot": [0, -10.5, 4],
				"rotation": [0, 0, -5],
				"cubes": [
					{"origin": [0, 17.15, -4], "size": [2, 0, 1], "uv": [0, 7]}
				]
			},
			{
				"name": "bone46",
				"parent": "hu3",
				"pivot": [0, -10.5, 4],
				"rotation": [0, 0, 5],
				"cubes": [
					{"origin": [-2, 17.15, -4], "size": [2, 0, 1], "uv": [0, 6]}
				]
			},
			{
				"name": "bone43",
				"parent": "hu3",
				"pivot": [0, 10.5, 4],
				"rotation": [0, 0, -5],
				"cubes": [
					{"origin": [1, 17.9, -4], "size": [2, 0, 1], "uv": [0, 20]}
				]
			},
			{
				"name": "bone44",
				"parent": "hu3",
				"pivot": [0, 10.5, 4],
				"cubes": [
					{"origin": [-2.299, 17, -4], "size": [0, 1.2, 1], "uv": [4, 20]}
				]
			},
			{
				"name": "bone47",
				"parent": "hu3",
				"pivot": [0, 10.5, 4],
				"cubes": [
					{"origin": [2.299, 17, -4], "size": [0, 1.2, 1], "uv": [4, 18]}
				]
			},
			{
				"name": "bone48",
				"parent": "hu3",
				"pivot": [0, 10.5, 4],
				"rotation": [0, 0, 7.5],
				"cubes": [
					{"origin": [-1.4, 14, -4], "size": [0, 3, 1], "uv": [22, 15]}
				]
			},
			{
				"name": "bone49",
				"parent": "hu3",
				"pivot": [0, 10.5, 4],
				"rotation": [0, 0, -7.5],
				"cubes": [
					{"origin": [1.4, 14, -4], "size": [0, 3, 1], "uv": [4, 15]}
				]
			},
			{
				"name": "pd",
				"parent": "body",
				"pivot": [0, 10.5, 0]
			},
			{
				"name": "bone50",
				"parent": "pd",
				"pivot": [-3, 10.5, 0],
				"rotation": [0, 0, 50],
				"cubes": [
					{"origin": [-6, 2.5, 3], "size": [2, 11, 0], "uv": [0, 43]}
				]
			},
			{
				"name": "pd2",
				"parent": "body",
				"pivot": [0, 10.5, 0]
			},
			{
				"name": "bone51",
				"parent": "pd2",
				"pivot": [3, 10.5, 0],
				"rotation": [0, 0, -50],
				"cubes": [
					{"origin": [4, 2.5, 3], "size": [2, 11, 0], "uv": [41, 0]}
				]
			},
			{
				"name": "legLeft",
				"pivot": [2, 9, 0],
				"cubes": [
					{"origin": [0.499, 0, -1.5], "size": [3, 9, 3], "uv": [0, 31]}
				]
			},
			{
				"name": "bone23",
				"parent": "legLeft",
				"pivot": [2, 9, 0],
				"cubes": [
					{"origin": [0.499, 0, -1.5], "size": [3, 6, 3], "uv": [36, 24], "inflate": 0.1}
				]
			},
			{
				"name": "bone29",
				"parent": "legLeft",
				"pivot": [2, 9, 0],
				"cubes": [
					{"origin": [1.499, 6, -1.5], "size": [1, 3, 3], "uv": [42, 33], "inflate": 0.1}
				]
			},
			{
				"name": "legRight",
				"pivot": [-2, 9, 0],
				"cubes": [
					{"origin": [-3.499, 0, -1.5], "size": [3, 9, 3], "uv": [24, 27]}
				]
			},
			{
				"name": "bone24",
				"parent": "legRight",
				"pivot": [-2, 0, 0],
				"cubes": [
					{"origin": [-3.499, 0, -1.5], "size": [3, 6, 3], "uv": [12, 31], "inflate": 0.1}
				]
			},
			{
				"name": "bone30",
				"parent": "legRight",
				"pivot": [-6, 9, 0],
				"cubes": [
					{"origin": [-2.501, 6, -1.5], "size": [1, 3, 3], "uv": [0, 0], "inflate": 0.1}
				]
			}
		]
	}
}