{
	"format_version": "1.10.0",
	"geometry.model": {
		"texturewidth": 128,
		"textureheight": 128,
		"visible_bounds_width": 4,
		"visible_bounds_height": 4,
		"visible_bounds_offset": [0, 1, 0],
		"bones": [
			{
				"name": "head",
				"pivot": [0, 18, 0],
				"cubes": [
					{"origin": [-4, 18, -4], "size": [8, 8, 8], "uv": [0, 22]}
				]
			},
			{
				"name": "ahoge",
				"parent": "head",
				"pivot": [0, 26, 0],
				"cubes": [
					{"origin": [-3, 26, -2], "size": [6, 6, 0], "uv": [24, 22]}
				]
			},
			{
				"name": "blink",
				"parent": "head",
				"pivot": [0, 18, 0],
				"cubes": [
					{"origin": [-4, 18, -4.001], "size": [8, 8, 0], "uv": [0, 0]}
				]
			},
			{
				"name": "bz",
				"parent": "head",
				"pivot": [-2, 17, 0],
				"rotation": [0, 0, 20]
			},
			{
				"name": "bone56",
				"parent": "bz",
				"pivot": [-2, 17, 0],
				"cubes": [
					{"origin": [-7, 23, -2], "size": [1, 1, 1], "uv": [27, 15]}
				]
			},
			{
				"name": "bone57",
				"parent": "bz",
				"pivot": [-2, 17, 0],
				"cubes": [
					{"origin": [-8, 14, -2], "size": [1, 9, 1], "uv": [34, 62]}
				]
			},
			{
				"name": "zz",
				"parent": "bz",
				"pivot": [-2, 16, 0]
			},
			{
				"name": "bone58",
				"parent": "zz",
				"pivot": [-2, 16, 0],
				"rotation": [-12.5, 0, 0],
				"cubes": [
					{"origin": [-8.8, 22, -3], "size": [1, 1, 1], "uv": [24, 16], "inflate": -0.2}
				]
			},
			{
				"name": "bone59",
				"parent": "zz",
				"pivot": [-2, 16, 0],
				"rotation": [12.5, 0, 0],
				"cubes": [
					{"origin": [-8.8, 22.6, -0.65], "size": [1, 1, 1], "uv": [24, 6], "inflate": -0.2}
				]
			},
			{
				"name": "helmet",
				"parent": "head",
				"pivot": [0, 18, 0]
			},
			{
				"name": "bone71",
				"parent": "helmet",
				"pivot": [0, 18, 0],
				"rotation": [-2.5, 0, 2.5],
				"cubes": [
					{"origin": [-4, 25.75, -4], "size": [8, 2, 8], "uv": [24, 10], "inflate": -0.25},
					{"origin": [-4, 26.75, -4], "size": [8, 2, 8], "uv": [24, 0], "inflate": -0.15}
				]
			},
			{
				"name": "hair",
				"parent": "head",
				"pivot": [0, 18, 0],
				"rotation": [5, 0, 0],
				"cubes": [
					{"origin": [-4, 16, 4], "size": [8, 2, 0], "uv": [44, 20]}
				]
			},
			{
				"name": "armRight",
				"pivot": [-3, 17.5, 0],
				"rotation": [0, 0, 25],
				"cubes": [
					{"origin": [-5, 8.5, -1], "size": [2, 8, 2], "uv": [34, 52]},
					{"origin": [-5.5, 9.5, -1.5], "size": [3, 8, 3], "uv": [0, 50]}
				]
			},
			{
				"name": "decoration5",
				"parent": "armRight",
				"pivot": [-16, -13, -9],
				"rotation": [0, 90, 0]
			},
			{
				"name": "bone134",
				"parent": "decoration5",
				"pivot": [-16, -13, -10],
				"rotation": [0, 0, -15],
				"cubes": [
					{"origin": [-18.96404, 14.44344, 0.5], "size": [1, 1, 1], "uv": [28, 10]},
					{"origin": [-17.96404, 13.44344, 0.9], "size": [1, 1, 0], "uv": [6, 8]}
				]
			},
			{
				"name": "bone135",
				"parent": "decoration5",
				"pivot": [-16, -13, -10],
				"rotation": [0, 0, 15],
				"cubes": [
					{"origin": [-31.42263, 9.7847, 0.5], "size": [1, 1, 1], "uv": [28, 6]},
					{"origin": [-32.42263, 8.7847, 0.9], "size": [1, 1, 0], "uv": [4, 8]}
				]
			},
			{
				"name": "armLeft",
				"pivot": [3, 17.5, 0],
				"rotation": [0, 0, -25],
				"cubes": [
					{"origin": [2.5, 9.5, -1.5], "size": [3, 8, 3], "uv": [47, 49]},
					{"origin": [3, 8.5, -1], "size": [2, 8, 2], "uv": [50, 37]}
				]
			},
			{
				"name": "decoration2",
				"parent": "armLeft",
				"pivot": [-16, -13, -9],
				"rotation": [0, 90, 0]
			},
			{
				"name": "bone54",
				"parent": "decoration2",
				"pivot": [-16, -13, -10],
				"rotation": [0, 0, -15],
				"cubes": [
					{"origin": [-18.99439, 14.33017, 12.58248], "size": [1, 1, 1], "uv": [4, 28]},
					{"origin": [-17.99439, 13.33017, 12.98248], "size": [1, 1, 0], "uv": [2, 8]}
				]
			},
			{
				"name": "bone55",
				"parent": "decoration2",
				"pivot": [-16, -13, -10],
				"rotation": [0, 0, 15],
				"cubes": [
					{"origin": [-31.39228, 9.67143, 12.58248], "size": [1, 1, 1], "uv": [0, 28]},
					{"origin": [-32.39228, 8.67143, 12.98248], "size": [1, 1, 0], "uv": [0, 8]}
				]
			},
			{
				"name": "body",
				"pivot": [0, 10.5, 0],
				"cubes": [
					{"origin": [-3, 8.999, -3], "size": [6, 9, 6], "uv": [26, 37]},
					{"origin": [-3, 8.999, -3], "size": [6, 9, 6], "uv": [32, 22], "inflate": 0.1}
				]
			},
			{
				"name": "sittingRotationSkirt",
				"parent": "body",
				"pivot": [0, 10.5, 0]
			},
			{
				"name": "bone",
				"parent": "sittingRotationSkirt",
				"pivot": [0, 14.5, 0]
			},
			{
				"name": "bone2",
				"parent": "bone",
				"pivot": [0, 4, 0]
			},
			{
				"name": "bone3",
				"parent": "bone2",
				"pivot": [0, 4, 6.19607],
				"rotation": [34, 0, 0]
			},
			{
				"name": "bone4",
				"parent": "bone3",
				"pivot": [0, 4, 6.19607],
				"rotation": [0, -45, 0],
				"cubes": [
					{"origin": [-1, 4, 5.19607], "size": [2, 7, 2], "uv": [8, 62]}
				]
			},
			{
				"name": "bone5",
				"parent": "bone",
				"pivot": [0, 4, 0],
				"rotation": [0, -25.71429, 0]
			},
			{
				"name": "bone6",
				"parent": "bone5",
				"pivot": [0, 4, 6.19607],
				"rotation": [34, 0, 0]
			},
			{
				"name": "bone7",
				"parent": "bone6",
				"pivot": [0, 4, 6.19607],
				"rotation": [0, -45, 0],
				"cubes": [
					{"origin": [-1, 4, 5.19607], "size": [2, 7, 2], "uv": [0, 61]}
				]
			},
			{
				"name": "bone8",
				"parent": "bone",
				"pivot": [0, 4, 0],
				"rotation": [0, -51.42857, 0]
			},
			{
				"name": "bone9",
				"parent": "bone8",
				"pivot": [0, 4, 6.19607],
				"rotation": [34, 0, 0]
			},
			{
				"name": "bone10",
				"parent": "bone9",
				"pivot": [0, 4, 6.19607],
				"rotation": [0, -45, 0],
				"cubes": [
					{"origin": [-1, 4, 5.19607], "size": [2, 7, 2], "uv": [48, 60]}
				]
			},
			{
				"name": "bone11",
				"parent": "bone",
				"pivot": [0, 4, 0],
				"rotation": [0, -77.14286, 0]
			},
			{
				"name": "bone12",
				"parent": "bone11",
				"pivot": [0, 4, 6.19607],
				"rotation": [34, 0, 0]
			},
			{
				"name": "bone13",
				"parent": "bone12",
				"pivot": [0, 4, 6.19607],
				"rotation": [0, -45, 0],
				"cubes": [
					{"origin": [-1, 4, 5.19607], "size": [2, 7, 2], "uv": [40, 60]}
				]
			},
			{
				"name": "bone14",
				"parent": "bone",
				"pivot": [0, 4, 0],
				"rotation": [0, -102.85714, 0]
			},
			{
				"name": "bone15",
				"parent": "bone14",
				"pivot": [0, 4, 6.19607],
				"rotation": [34, 0, 0]
			},
			{
				"name": "bone16",
				"parent": "bone15",
				"pivot": [0, 4, 6.19607],
				"rotation": [0, -45, 0],
				"cubes": [
					{"origin": [-1, 4, 5.19607], "size": [2, 7, 2], "uv": [26, 60]}
				]
			},
			{
				"name": "bone17",
				"parent": "bone",
				"pivot": [0, 4, 0],
				"rotation": [0, -128.57143, 0]
			},
			{
				"name": "bone18",
				"parent": "bone17",
				"pivot": [0, 4, 6.19607],
				"rotation": [34, 0, 0]
			},
			{
				"name": "bone19",
				"parent": "bone18",
				"pivot": [0, 4, 6.19607],
				"rotation": [0, -45, 0],
				"cubes": [
					{"origin": [-1, 4, 5.19607], "size": [2, 7, 2], "uv": [59, 49]}
				]
			},
			{
				"name": "bone20",
				"parent": "bone",
				"pivot": [0, 4, 0],
				"rotation": [0, -154.28571, 0]
			},
			{
				"name": "bone21",
				"parent": "bone20",
				"pivot": [0, 4, 6.19607],
				"rotation": [34, 0, 0]
			},
			{
				"name": "bone22",
				"parent": "bone21",
				"pivot": [0, 4, 6.19607],
				"rotation": [0, -45, 0],
				"cubes": [
					{"origin": [-1, 4, 5.19607], "size": [2, 7, 2], "uv": [57, 58]}
				]
			},
			{
				"name": "bone23",
				"parent": "bone",
				"pivot": [0, 4, 0],
				"rotation": [0, -180, 0]
			},
			{
				"name": "bone24",
				"parent": "bone23",
				"pivot": [0, 4, 6.19607],
				"rotation": [34, 0, 0]
			},
			{
				"name": "bone25",
				"parent": "bone24",
				"pivot": [0, 4, 6.19607],
				"rotation": [0, -45, 0],
				"cubes": [
					{"origin": [-1, 4, 5.19607], "size": [2, 7, 2], "uv": [58, 40]}
				]
			},
			{
				"name": "bone26",
				"parent": "bone",
				"pivot": [0, 4, 0],
				"rotation": [0, -205.71429, 0]
			},
			{
				"name": "bone27",
				"parent": "bone26",
				"pivot": [0, 4, 6.19607],
				"rotation": [34, 0, 0]
			},
			{
				"name": "bone28",
				"parent": "bone27",
				"pivot": [0, 4, 6.19607],
				"rotation": [0, -45, 0],
				"cubes": [
					{"origin": [-1, 4, 5.19607], "size": [2, 7, 2], "uv": [58, 31]}
				]
			},
			{
				"name": "bone29",
				"parent": "bone",
				"pivot": [0, 4, 0],
				"rotation": [0, -231.42857, 0]
			},
			{
				"name": "bone30",
				"parent": "bone29",
				"pivot": [0, 4, 6.19607],
				"rotation": [34, 0, 0]
			},
			{
				"name": "bone31",
				"parent": "bone30",
				"pivot": [0, 4, 6.19607],
				"rotation": [0, -45, 0],
				"cubes": [
					{"origin": [-1, 4, 5.19607], "size": [2, 7, 2], "uv": [58, 9]}
				]
			},
			{
				"name": "bone32",
				"parent": "bone",
				"pivot": [0, 4, 0],
				"rotation": [0, -257.14286, 0]
			},
			{
				"name": "bone33",
				"parent": "bone32",
				"pivot": [0, 4, 6.19607],
				"rotation": [34, 0, 0]
			},
			{
				"name": "bone34",
				"parent": "bone33",
				"pivot": [0, 4, 6.19607],
				"rotation": [0, -45, 0],
				"cubes": [
					{"origin": [-1, 4, 5.19607], "size": [2, 7, 2], "uv": [58, 0]}
				]
			},
			{
				"name": "bone35",
				"parent": "bone",
				"pivot": [0, 4, 0],
				"rotation": [0, -282.85714, 0]
			},
			{
				"name": "bone36",
				"parent": "bone35",
				"pivot": [0, 4, 6.19607],
				"rotation": [34, 0, 0]
			},
			{
				"name": "bone37",
				"parent": "bone36",
				"pivot": [0, 4, 6.19607],
				"rotation": [0, -45, 0],
				"cubes": [
					{"origin": [-1, 4, 5.19607], "size": [2, 7, 2], "uv": [56, 22]}
				]
			},
			{
				"name": "bone38",
				"parent": "bone",
				"pivot": [0, 4, 0],
				"rotation": [0, -308.57143, 0]
			},
			{
				"name": "bone39",
				"parent": "bone38",
				"pivot": [0, 4, 6.19607],
				"rotation": [34, 0, 0]
			},
			{
				"name": "bone40",
				"parent": "bone39",
				"pivot": [0, 4, 6.19607],
				"rotation": [0, -45, 0],
				"cubes": [
					{"origin": [-1, 4, 5.19607], "size": [2, 7, 2], "uv": [20, 53]}
				]
			},
			{
				"name": "bone41",
				"parent": "bone",
				"pivot": [0, 4, 0],
				"rotation": [0, -334.28571, 0]
			},
			{
				"name": "bone42",
				"parent": "bone41",
				"pivot": [0, 4, 6.19607],
				"rotation": [34, 0, 0]
			},
			{
				"name": "bone43",
				"parent": "bone42",
				"pivot": [0, 4, 6.19607],
				"rotation": [0, -45, 0],
				"cubes": [
					{"origin": [-1, 4, 5.19607], "size": [2, 7, 2], "uv": [12, 53]}
				]
			},
			{
				"name": "decoration",
				"parent": "body",
				"pivot": [0, 17.5, 0]
			},
			{
				"name": "bone60",
				"parent": "decoration",
				"pivot": [0, 17.5, -3],
				"rotation": [0, -15, 0]
			},
			{
				"name": "bone61",
				"parent": "bone60",
				"pivot": [0, 17.5, 0],
				"rotation": [0, 0, 30],
				"cubes": [
					{"origin": [-1.5, 16.13397, -3.5], "size": [2, 0.5, 0], "uv": [0, 0]}
				]
			},
			{
				"name": "bone62",
				"parent": "bone60",
				"pivot": [0, 17.5, 0],
				"rotation": [0, 0, -30],
				"cubes": [
					{"origin": [-2.5, 16.13397, -3.5], "size": [2, 0.5, 0], "uv": [0, 0]}
				]
			},
			{
				"name": "bone63",
				"parent": "bone60",
				"pivot": [0, 17.5, 0],
				"rotation": [0, 0, 90],
				"cubes": [
					{"origin": [0.43301, 15.51795, -3.5], "size": [2, 0.5, 0], "uv": [0, 0]}
				]
			},
			{
				"name": "bone64",
				"parent": "decoration",
				"pivot": [0, 17.5, -3],
				"rotation": [0, 15, 0]
			},
			{
				"name": "bone65",
				"parent": "bone64",
				"pivot": [0, 17.5, 0],
				"rotation": [0, 0, -30],
				"cubes": [
					{"origin": [-0.5, 16.13397, -3.5], "size": [2, 0.5, 0], "uv": [0, 0]}
				]
			},
			{
				"name": "bone66",
				"parent": "bone64",
				"pivot": [0, 17.5, 0],
				"rotation": [0, 0, 30],
				"cubes": [
					{"origin": [0.5, 16.13397, -3.5], "size": [2, 0.5, 0], "uv": [0, 0]}
				]
			},
			{
				"name": "bone67",
				"parent": "bone64",
				"pivot": [0, 17.5, 0],
				"rotation": [0, 0, -90],
				"cubes": [
					{"origin": [-2.43301, 15.51795, -3.5], "size": [2, 0.5, 0], "uv": [0, 0]}
				]
			},
			{
				"name": "bone68",
				"parent": "decoration",
				"pivot": [0, 17.5, -3],
				"rotation": [-15, 0, 15],
				"cubes": [
					{"origin": [0.00882, 13.56699, -3.25], "size": [0.5, 3, 0], "uv": [0, 0]}
				]
			},
			{
				"name": "bone69",
				"parent": "decoration",
				"pivot": [0, 17.5, -3],
				"rotation": [-15, 0, -15],
				"cubes": [
					{"origin": [-0.50882, 13.56699, -3.25], "size": [0.5, 3, 0], "uv": [0, 0]}
				]
			},
			{
				"name": "bone70",
				"parent": "decoration",
				"pivot": [0, 17.5, 0],
				"cubes": [
					{"origin": [-0.5, 15.5, -4], "size": [1, 1, 1], "uv": [15, 7]}
				]
			},
			{
				"name": "legLeft",
				"pivot": [2, 9, 0],
				"cubes": [
					{"origin": [0.499, 0.1, -1.5], "size": [2.75, 8.9, 3], "uv": [13, 38]},
					{"origin": [0.499, 0.1, -1.5], "size": [2.75, 5.9, 3], "uv": [48, 0], "inflate": 0.12},
					{"origin": [0.499, 0.1, -1.5], "size": [2.75, 2, 3], "uv": [16, 62], "inflate": 0.2}
				]
			},
			{
				"name": "legRight",
				"pivot": [-2, 9, 0],
				"cubes": [
					{"origin": [-3.249, 0.2, -1.5], "size": [2.75, 8.8, 3], "uv": [0, 38]},
					{"origin": [-3.249, 0.2, -1.5], "size": [2.75, 5.8, 3], "uv": [48, 10], "inflate": 0.12},
					{"origin": [-3.249, 0.2, -1.5], "size": [2.75, 2, 3], "uv": [62, 18], "inflate": 0.2}
				]
			},
			{
				"name": "wingLeft",
				"pivot": [0.5, 15, 3.25],
				"rotation": [-15, 60, 0]
			},
			{
				"name": "bone44",
				"parent": "wingLeft",
				"pivot": [0.5, 15, 3.25],
				"rotation": [25, 0, 0],
				"cubes": [
					{"origin": [0.5, 15, 2.25], "size": [1, 1, 10], "uv": [14, 42]}
				]
			},
			{
				"name": "bone45",
				"parent": "bone44",
				"pivot": [0.5, 15, 3.25],
				"rotation": [20, 0, 0],
				"cubes": [
					{"origin": [0.5, 8, 10.75], "size": [1, 5, 1], "uv": [28, 0]}
				]
			},
			{
				"name": "bone46",
				"parent": "bone44",
				"pivot": [0.5, 15, 0.25],
				"rotation": [20, 0, 0],
				"cubes": [
					{"origin": [0.5, 8, 7.75], "size": [1, 5, 1], "uv": [24, 10]}
				]
			},
			{
				"name": "bone47",
				"parent": "bone44",
				"pivot": [0.5, 15, -3.75],
				"rotation": [20, 0, 0],
				"cubes": [
					{"origin": [0.5, 8, 3.75], "size": [1, 5, 1], "uv": [24, 0]}
				]
			},
			{
				"name": "bone48",
				"parent": "bone44",
				"pivot": [0.5, 15, 3.25],
				"rotation": [7, 0, 0],
				"cubes": [
					{"origin": [1, 10, 3.25], "size": [0, 5, 9.3], "uv": [0, 5]}
				]
			},
			{
				"name": "wingRight",
				"pivot": [-0.5, 15, 3.75],
				"rotation": [-15, -60, 0]
			},
			{
				"name": "bone49",
				"parent": "wingRight",
				"pivot": [-0.5, 15, 3.75],
				"rotation": [25, 0, 0],
				"cubes": [
					{"origin": [-1.5, 15.3, 2.75], "size": [1, 1, 11], "uv": [0, 38]}
				]
			},
			{
				"name": "bone50",
				"parent": "bone49",
				"pivot": [-0.5, 15, 3.75],
				"rotation": [20, 0, 0],
				"cubes": [
					{"origin": [-1.5, 8, 12], "size": [1, 5, 1], "uv": [4, 22]}
				]
			},
			{
				"name": "bone51",
				"parent": "bone49",
				"pivot": [-0.5, 15, -0.25],
				"rotation": [20, 0, 0],
				"cubes": [
					{"origin": [-1.5, 8, 8], "size": [1, 5, 1], "uv": [0, 22]}
				]
			},
			{
				"name": "bone52",
				"parent": "bone49",
				"pivot": [-0.5, 15, -4.25],
				"rotation": [20, 0, 0],
				"cubes": [
					{"origin": [-1.5, 8, 4], "size": [1, 5, 1], "uv": [16, 0]}
				]
			},
			{
				"name": "bone53",
				"parent": "bone49",
				"pivot": [-0.5, 15, 3.75],
				"rotation": [7.5, 0, 0],
				"cubes": [
					{"origin": [-1, 10, 4], "size": [0, 5, 9.3], "uv": [0, 0]}
				]
			},
			{
				"name": "tail",
				"pivot": [0, 8, 4],
				"rotation": [20, 0, 0],
				"cubes": [
					{"origin": [-1, 7, 1], "size": [2, 2, 20], "uv": [0, 0], "inflate": -1.2}
				]
			}
		]
	}
}