{
	"format_version": "1.10.0",
	"geometry.model": {
		"texturewidth": 64,
		"textureheight": 64,
		"visible_bounds_width": 3,
		"visible_bounds_height": 4,
		"visible_bounds_offset": [0, 1, 0],
		"bones": [
			{
				"name": "head",
				"pivot": [0, 18, 0],
				"cubes": [
					{"origin": [-4, 18, -4], "size": [8, 8, 8], "uv": [0, 0]}
				]
			},
			{
				"name": "blink",
				"parent": "head",
				"pivot": [0, 18, 0],
				"cubes": [
					{"origin": [-4, 18, -4.001], "size": [8, 8, 0], "uv": [24, 0]}
				]
			},
			{
				"name": "ear",
				"parent": "head",
				"pivot": [0, 17, -3]
			},
			{
				"name": "bone72",
				"parent": "ear",
				"pivot": [0, 17, -3],
				"rotation": [0, 0, -10],
				"cubes": [
					{"origin": [-1.3, 25.8, -3], "size": [1.3, 3, 1], "uv": [49, 5]}
				]
			},
			{
				"name": "bone73",
				"parent": "ear",
				"pivot": [0, 17, -3],
				"rotation": [0, 0, 7.5],
				"cubes": [
					{"origin": [-5, 25, -3], "size": [1, 3, 1], "uv": [48, 38]}
				]
			},
			{
				"name": "ear2",
				"parent": "head",
				"pivot": [0, 17, -3]
			},
			{
				"name": "bone2",
				"parent": "ear2",
				"pivot": [0, 17, -3],
				"rotation": [0, 0, 10],
				"cubes": [
					{"origin": [0, 25.8, -3], "size": [1.3, 3, 1], "uv": [48, 21]}
				]
			},
			{
				"name": "bone3",
				"parent": "ear2",
				"pivot": [0, 17, -3],
				"rotation": [0, 0, -7.5],
				"cubes": [
					{"origin": [4, 25, -3], "size": [1, 3, 1], "uv": [15, 47]}
				]
			},
			{
				"name": "hair",
				"parent": "head",
				"pivot": [0, 18, 0]
			},
			{
				"name": "bone24",
				"parent": "hair",
				"pivot": [0, 18, 0],
				"rotation": [10, 0, 0],
				"cubes": [
					{"origin": [-4, 13.5, 4], "size": [8, 4, 0], "uv": [33, 28]}
				]
			},
			{
				"name": "bz",
				"parent": "head",
				"pivot": [-2, 17, 0],
				"rotation": [0, 0, 17.5]
			},
			{
				"name": "bone25",
				"parent": "bz",
				"pivot": [-2, 17, 0],
				"cubes": [
					{"origin": [-7, 23, -3], "size": [1, 1, 1], "uv": [40, 5]}
				]
			},
			{
				"name": "bone26",
				"parent": "bz",
				"pivot": [-2, 17, 0],
				"cubes": [
					{"origin": [-8, 11, -3], "size": [1, 12, 1], "uv": [23, 40]}
				]
			},
			{
				"name": "bz2",
				"parent": "head",
				"pivot": [2, 17, 0],
				"rotation": [0, 0, -17.5]
			},
			{
				"name": "bone27",
				"parent": "bz2",
				"pivot": [2, 17, 0],
				"cubes": [
					{"origin": [6, 23, -3], "size": [1, 1, 1], "uv": [37, 39]}
				]
			},
			{
				"name": "bone28",
				"parent": "bz2",
				"pivot": [2, 17, 0],
				"cubes": [
					{"origin": [7, 11, -3], "size": [1, 12, 1], "uv": [19, 40]}
				]
			},
			{
				"name": "cf",
				"parent": "head",
				"pivot": [0, 18, 0]
			},
			{
				"name": "bone38",
				"parent": "cf",
				"pivot": [0, 18, 0],
				"cubes": [
					{"origin": [-4, 15, -4], "size": [1, 3, 0], "uv": [0, 31]}
				]
			},
			{
				"name": "bone39",
				"parent": "cf",
				"pivot": [1, 18, 0],
				"cubes": [
					{"origin": [3, 15, -4], "size": [1, 3, 0], "uv": [30, 28]}
				]
			},
			{
				"name": "hhu",
				"parent": "head",
				"pivot": [2, 14, -3],
				"rotation": [0, 0, 17.5]
			},
			{
				"name": "bone40",
				"parent": "hhu",
				"pivot": [2, 16, -3],
				"rotation": [-20, 0, 0],
				"cubes": [
					{"origin": [-8, 21, -5], "size": [0, 1, 2], "uv": [32, 8]}
				]
			},
			{
				"name": "bone41",
				"parent": "hhu",
				"pivot": [2, 16, -3],
				"rotation": [20, 0, 0],
				"cubes": [
					{"origin": [-8, 21, -3], "size": [0, 1, 2], "uv": [32, 7]}
				]
			},
			{
				"name": "bone42",
				"parent": "hhu",
				"pivot": [2, 14, -3],
				"rotation": [20, 0, 0],
				"cubes": [
					{"origin": [-8, 21, -0.5], "size": [0, 1, 2], "uv": [32, 6]}
				]
			},
			{
				"name": "bone43",
				"parent": "hhu",
				"pivot": [2, 14, -3],
				"rotation": [-20, 0, 0],
				"cubes": [
					{"origin": [-8, 21, -7.5], "size": [0, 1, 2], "uv": [9, 30]}
				]
			},
			{
				"name": "hhu2",
				"parent": "head",
				"pivot": [-2, 14, -3],
				"rotation": [0, 0, -17.5]
			},
			{
				"name": "bone44",
				"parent": "hhu2",
				"pivot": [-2, 16, -3],
				"rotation": [-20, 0, 0],
				"cubes": [
					{"origin": [8, 21, -5], "size": [0, 1, 2], "uv": [9, 29]}
				]
			},
			{
				"name": "bone45",
				"parent": "hhu2",
				"pivot": [-2, 16, -3],
				"rotation": [20, 0, 0],
				"cubes": [
					{"origin": [8, 21, -3], "size": [0, 1, 2], "uv": [18, 19]}
				]
			},
			{
				"name": "bone46",
				"parent": "hhu2",
				"pivot": [-2, 14, -3],
				"rotation": [20, 0, 0],
				"cubes": [
					{"origin": [8, 21, -0.5], "size": [0, 1, 2], "uv": [4, 5]}
				]
			},
			{
				"name": "bone47",
				"parent": "hhu2",
				"pivot": [-2, 14, -3],
				"rotation": [-20, 0, 0],
				"cubes": [
					{"origin": [8, 21, -7.5], "size": [0, 1, 2], "uv": [0, 5]}
				]
			},
			{
				"name": "armRight",
				"pivot": [-3, 17.5, 0],
				"rotation": [0, 0, 25],
				"cubes": [
					{"origin": [-5, 8.5, -1], "size": [2, 8, 2], "uv": [31, 39]},
					{"origin": [-5.5, 13.5, -1.5], "size": [3, 4, 3], "uv": [36, 18]}
				]
			},
			{
				"name": "bone20",
				"parent": "armRight",
				"pivot": [-3, 17.5, 0],
				"cubes": [
					{"origin": [-5, 9.5, -1], "size": [2, 1, 2], "uv": [18, 16], "inflate": 0.1}
				]
			},
			{
				"name": "armLeft",
				"pivot": [3, 17.5, 0],
				"rotation": [0, 0, -25],
				"cubes": [
					{"origin": [2.5, 13.5, -1.5], "size": [3, 4, 3], "uv": [33, 32]},
					{"origin": [3, 8.5, -1], "size": [2, 8, 2], "uv": [12, 31]}
				]
			},
			{
				"name": "body",
				"pivot": [0, 10.5, 0],
				"cubes": [
					{"origin": [-3, 8.999, -3], "size": [6, 9, 6], "uv": [0, 16]}
				]
			},
			{
				"name": "sittingRotationSkirt",
				"parent": "body",
				"pivot": [0, 10.5, 0]
			},
			{
				"name": "bone",
				"parent": "sittingRotationSkirt",
				"pivot": [0, 15.5, 0]
			},
			{
				"name": "bone4",
				"parent": "bone",
				"pivot": [0, 5, 0]
			},
			{
				"name": "bone5",
				"parent": "bone4",
				"pivot": [0, 5, 4.22051],
				"rotation": [10, 0, 0],
				"cubes": [
					{"origin": [-2.25, 4.65782, 4.22051], "size": [4.5, 7, 0], "uv": [39, 44]}
				]
			},
			{
				"name": "bone6",
				"parent": "bone5",
				"pivot": [-2.25, 4.65782, 4.22051],
				"rotation": [0, 0, 9.85108],
				"cubes": [
					{"origin": [-4.25, 4.65782, 4.21951], "size": [2, 7, 0], "uv": [4, 48]}
				]
			},
			{
				"name": "bone7",
				"parent": "bone5",
				"pivot": [2.25, 4.65782, 4.22051],
				"rotation": [0, 0, -9.85108],
				"cubes": [
					{"origin": [2.25, 4.65782, 4.22151], "size": [2, 7, 0], "uv": [0, 48]}
				]
			},
			{
				"name": "bone8",
				"parent": "bone",
				"pivot": [0, 5, 0],
				"rotation": [0, -90, 0]
			},
			{
				"name": "bone9",
				"parent": "bone8",
				"pivot": [0, 5, 4.22051],
				"rotation": [10, 0, 0],
				"cubes": [
					{"origin": [-2.25, 4.65782, 4.22051], "size": [4.5, 7, 0], "uv": [8, 41]}
				]
			},
			{
				"name": "bone10",
				"parent": "bone9",
				"pivot": [-2.25, 4.65782, 4.22051],
				"rotation": [0, 0, 9.85108],
				"cubes": [
					{"origin": [-4.25, 4.65782, 4.21951], "size": [2, 7, 0], "uv": [47, 44]}
				]
			},
			{
				"name": "bone11",
				"parent": "bone9",
				"pivot": [2.25, 4.65782, 4.22051],
				"rotation": [0, 0, -9.85108],
				"cubes": [
					{"origin": [2.25, 4.65782, 4.22151], "size": [2, 7, 0], "uv": [27, 47]}
				]
			},
			{
				"name": "bone12",
				"parent": "bone",
				"pivot": [0, 5, 0],
				"rotation": [0, -180, 0]
			},
			{
				"name": "bone13",
				"parent": "bone12",
				"pivot": [0, 5, 4.22051],
				"rotation": [10, 0, 0],
				"cubes": [
					{"origin": [-2.25, 4.65782, 4.22051], "size": [4.5, 7, 0], "uv": [0, 41]}
				]
			},
			{
				"name": "bone14",
				"parent": "bone13",
				"pivot": [-2.25, 4.65782, 4.22051],
				"rotation": [0, 0, 9.85108],
				"cubes": [
					{"origin": [-4.25, 4.65782, 4.21951], "size": [2, 7, 0], "uv": [45, 32]}
				]
			},
			{
				"name": "bone15",
				"parent": "bone13",
				"pivot": [2.25, 4.65782, 4.22051],
				"rotation": [0, 0, -9.85108],
				"cubes": [
					{"origin": [2.25, 4.65782, 4.22151], "size": [2, 7, 0], "uv": [45, 12]}
				]
			},
			{
				"name": "bone16",
				"parent": "bone",
				"pivot": [0, 5, 0],
				"rotation": [0, -270, 0]
			},
			{
				"name": "bone17",
				"parent": "bone16",
				"pivot": [0, 5, 4.22051],
				"rotation": [10, 0, 0],
				"cubes": [
					{"origin": [-2.25, 4.65782, 4.22051], "size": [4.5, 7, 0], "uv": [0, 0]}
				]
			},
			{
				"name": "bone18",
				"parent": "bone17",
				"pivot": [-2.25, 4.65782, 4.22051],
				"rotation": [0, 0, 9.85108],
				"cubes": [
					{"origin": [-4.25, 4.65782, 4.21951], "size": [2, 7, 0], "uv": [45, 5]}
				]
			},
			{
				"name": "bone19",
				"parent": "bone17",
				"pivot": [2.25, 4.65782, 4.22051],
				"rotation": [0, 0, -9.85108],
				"cubes": [
					{"origin": [2.25, 4.65782, 4.22151], "size": [2, 7, 0], "uv": [27, 40]}
				]
			},
			{
				"name": "hu",
				"parent": "body",
				"pivot": [0, 10.5, 0]
			},
			{
				"name": "bone21",
				"parent": "hu",
				"pivot": [0, 10.5, 0],
				"cubes": [
					{"origin": [-0.5, 16, -4], "size": [1, 1, 1], "uv": [48, 25]}
				]
			},
			{
				"name": "bone22",
				"parent": "hu",
				"pivot": [1, 10.5, 0],
				"rotation": [0, 0, -20],
				"cubes": [
					{"origin": [0, 16, -4], "size": [2, 1, 1], "uv": [8, 48]}
				]
			},
			{
				"name": "bone23",
				"parent": "hu",
				"pivot": [-1, 10.5, 0],
				"rotation": [0, 0, 20],
				"cubes": [
					{"origin": [-2, 16, -4], "size": [2, 1, 1], "uv": [45, 19]}
				]
			},
			{
				"name": "bone33",
				"parent": "body",
				"pivot": [0, 10.5, 0],
				"rotation": [7.5, 0, 0],
				"cubes": [
					{"origin": [-3, 14.5, 4], "size": [6, 3, 0], "uv": [36, 25]}
				]
			},
			{
				"name": "legLeft",
				"pivot": [2, 9, 0],
				"cubes": [
					{"origin": [0.499, 0, -1.5], "size": [3, 9, 3], "uv": [21, 28]}
				]
			},
			{
				"name": "bone29",
				"parent": "legLeft",
				"pivot": [2, 9, 0],
				"cubes": [
					{"origin": [0.499, 0, -1.5], "size": [3, 7, 3], "uv": [33, 8], "inflate": 0.1}
				]
			},
			{
				"name": "bone30",
				"parent": "legLeft",
				"pivot": [2, 9, 0],
				"cubes": [
					{"origin": [0.499, 0, -1.5], "size": [3, 2, 3], "uv": [40, 0], "inflate": 0.2}
				]
			},
			{
				"name": "hu2",
				"parent": "legLeft",
				"pivot": [2, 9, 0]
			},
			{
				"name": "bone31",
				"parent": "hu2",
				"pivot": [2, 9, 0],
				"rotation": [0, 0, 12.5],
				"cubes": [
					{"origin": [3.5, 0.5, -2], "size": [2, 1, 1], "uv": [0, 20], "inflate": -0.1}
				]
			},
			{
				"name": "bone32",
				"parent": "hu2",
				"pivot": [-2, 9, 0],
				"rotation": [0, 0, -12.5],
				"cubes": [
					{"origin": [-1.5, -0.4, -2], "size": [2, 1, 1], "uv": [18, 19], "inflate": -0.1}
				]
			},
			{
				"name": "legRight",
				"pivot": [-2, 9, 0],
				"cubes": [
					{"origin": [-3.499, 0, -1.5], "size": [3, 9, 3], "uv": [24, 16]}
				]
			},
			{
				"name": "bone34",
				"parent": "legRight",
				"pivot": [-2, 9, 0],
				"cubes": [
					{"origin": [-3.499, 0, -1.5], "size": [3, 7, 3], "uv": [0, 31], "inflate": 0.1}
				]
			},
			{
				"name": "bone35",
				"parent": "legRight",
				"pivot": [-2, 9, 0],
				"cubes": [
					{"origin": [-3.499, 0, -1.5], "size": [3, 2, 3], "uv": [39, 39], "inflate": 0.2}
				]
			},
			{
				"name": "hu3",
				"parent": "legRight",
				"pivot": [-2, 9, 0]
			},
			{
				"name": "bone36",
				"parent": "hu3",
				"pivot": [-2, 9, 0],
				"rotation": [0, 0, 12.5],
				"cubes": [
					{"origin": [-0.5, 0.5, -2], "size": [2, 1, 1], "uv": [0, 18], "inflate": -0.1}
				]
			},
			{
				"name": "bone37",
				"parent": "hu3",
				"pivot": [-6, 9, 0],
				"rotation": [0, 0, -12.5],
				"cubes": [
					{"origin": [-5.5, -0.4, -2], "size": [2, 1, 1], "uv": [0, 16], "inflate": -0.1}
				]
			}
		]
	}
}