{
	"format_version": "1.10.0",
	"geometry.model": {
		"texturewidth": 128,
		"textureheight": 128,
		"visible_bounds_width": 3,
		"visible_bounds_height": 4,
		"visible_bounds_offset": [0, 1, 0],
		"bones": [
			{
				"name": "head",
				"pivot": [-0.09167, 18.39167, -1.03333],
				"cubes": [
					{"origin": [3.9, 18.6, -3.6], "size": [0.6, 6.8, 7.2], "uv": [95, 43], "mirror": true},
					{"origin": [-4.5, 18.6, -3.6], "size": [0.6, 6.8, 7.2], "uv": [95, 43]},
					{"origin": [-4, 18, -4], "size": [8, 8, 8], "uv": [60, 40]},
					{"origin": [-3.7, 25.9, -3.6], "size": [7.3, 0.6, 7.2], "uv": [95, 43], "mirror": true}
				]
			},
			{
				"name": "blink",
				"parent": "head",
				"pivot": [0, 18, 0],
				"cubes": [
					{"origin": [-4, 18, -4.001], "size": [8, 8, 0], "uv": [68, 31.35]}
				]
			},
			{
				"name": "hairblue",
				"parent": "head",
				"pivot": [0, 0, 0]
			},
			{
				"name": "hairleft",
				"parent": "hairblue",
				"pivot": [1, -1, 0]
			},
			{
				"name": "hair20",
				"parent": "hairleft",
				"pivot": [-3.75, 18.85, 3.1],
				"rotation": [100, 97.5, 0],
				"cubes": [
					{"origin": [-4.8, 18.7, 0.6], "size": [2.4, 0.3, 3.7], "uv": [98, 36], "mirror": true}
				]
			},
			{
				"name": "hair19",
				"parent": "hairleft",
				"pivot": [-4.05, 18.85, 0.9],
				"rotation": [100, 92.5, 0],
				"cubes": [
					{"origin": [-4.575, 18.7, -1.775], "size": [0.825, 0.3, 3.875], "uv": [98, 36], "mirror": true}
				]
			},
			{
				"name": "hair18",
				"parent": "hairleft",
				"pivot": [-3.85, 18.85, -1.7],
				"rotation": [100, 85, 0],
				"cubes": [
					{"origin": [-5.1, 18.7, -4.15], "size": [1.025, 0.3, 3.65], "uv": [98, 36], "mirror": true}
				]
			},
			{
				"name": "hair17",
				"parent": "hairleft",
				"pivot": [-3.85, 23.525, -2.5],
				"rotation": [85, 90, 0],
				"cubes": [
					{"origin": [-8.1, 23.375, -6.2], "size": [2.1, 0.3, 5.8], "uv": [98, 36], "mirror": true}
				]
			},
			{
				"name": "hair16",
				"parent": "hairleft",
				"pivot": [-3.65, 23.55, -2.5],
				"rotation": [85, 85, 0],
				"cubes": [
					{"origin": [-6, 23.4, -6.2], "size": [2.9, 0.3, 5.8], "uv": [98, 36], "mirror": true}
				]
			},
			{
				"name": "hair15",
				"parent": "hairleft",
				"pivot": [-3.65, 22.75, 2.7],
				"rotation": [85, 97.5, 0],
				"cubes": [
					{"origin": [-5.1, 22.6, -0.2], "size": [2.9, 0.3, 5.8], "uv": [98, 36], "mirror": true}
				]
			},
			{
				"name": "hair73",
				"parent": "hairleft",
				"pivot": [-4.05, 18.85, 0.9],
				"rotation": [100, 92.5, 0],
				"cubes": [
					{"origin": [-4.9, 18.7, -1.95], "size": [0.35, 0.3, 4.05], "uv": [98, 36], "mirror": true}
				]
			},
			{
				"name": "hair74",
				"parent": "hairleft",
				"pivot": [-3.85, 18.85, -1.7],
				"rotation": [100, 85, 0],
				"cubes": [
					{"origin": [-4.075, 18.7, -3.775], "size": [0.775, 0.3, 3.275], "uv": [98, 36], "mirror": true}
				]
			},
			{
				"name": "hair75",
				"parent": "hairleft",
				"pivot": [-3.85, 18.85, -1.7],
				"rotation": [100, 85, 0],
				"cubes": [
					{"origin": [-3.3, 18.7, -3.575], "size": [0.8, 0.3, 3.075], "uv": [98, 36], "mirror": true}
				]
			},
			{
				"name": "hair76",
				"parent": "hairleft",
				"pivot": [-4.05, 18.85, 0.9],
				"rotation": [100, 92.5, 0],
				"cubes": [
					{"origin": [-3.775, 18.7, -1.475], "size": [1.125, 0.3, 3.575], "uv": [98, 36], "mirror": true}
				]
			},
			{
				"name": "hairback",
				"parent": "hairblue",
				"pivot": [0, 0, 0]
			},
			{
				"name": "hair37",
				"parent": "hairback",
				"pivot": [3.55, 17.95, 4.6],
				"rotation": [100, -132.5, 0],
				"cubes": [
					{"origin": [2.4, 17.8, 4.1], "size": [1, 0.3, 3.6], "uv": [98, 36]}
				]
			},
			{
				"name": "hair38",
				"parent": "hairback",
				"pivot": [2.55, 18.25, 4.6],
				"rotation": [100, -170, 0],
				"cubes": [
					{"origin": [1.1, 18.1, 3.8], "size": [2.9, 0.3, 3.7], "uv": [98, 36]}
				]
			},
			{
				"name": "hair36",
				"parent": "hairback",
				"pivot": [-3.55, 17.95, 4.6],
				"rotation": [100, 132.5, 0],
				"cubes": [
					{"origin": [-3.4, 17.8, 4.1], "size": [1, 0.3, 3.6], "uv": [98, 36], "mirror": true}
				]
			},
			{
				"name": "hair30",
				"parent": "hairback",
				"pivot": [-0.05, 23.75, 5.1],
				"rotation": [85, 180, 0],
				"cubes": [
					{"origin": [-1.5, 23.6, 2.2], "size": [2.9, 0.3, 5.8], "uv": [98, 36]}
				]
			},
			{
				"name": "hair32",
				"parent": "hairback",
				"pivot": [3.75, 23.75, 4.9],
				"rotation": [85, -132.5, 0],
				"cubes": [
					{"origin": [2.3, 23.6, 2], "size": [1.3, 0.3, 5.8], "uv": [98, 36]}
				]
			},
			{
				"name": "hair33",
				"parent": "hairback",
				"pivot": [-3.75, 23.75, 4.9],
				"rotation": [85, 132.5, 0],
				"cubes": [
					{"origin": [-3.6, 23.6, 2], "size": [1.3, 0.3, 5.8], "uv": [98, 36], "mirror": true}
				]
			},
			{
				"name": "hair34",
				"parent": "hairback",
				"pivot": [-0.05, 18.35, 4.9],
				"rotation": [100, 180, 0],
				"cubes": [
					{"origin": [-1.5, 18.2, 4], "size": [2.9, 0.3, 3.8], "uv": [98, 36]}
				]
			},
			{
				"name": "hair35",
				"parent": "hairback",
				"pivot": [-2.55, 18.25, 4.6],
				"rotation": [100, 170, 0],
				"cubes": [
					{"origin": [-4, 18.1, 3.8], "size": [2.9, 0.3, 3.7], "uv": [98, 36], "mirror": true}
				]
			},
			{
				"name": "hair31",
				"parent": "hairback",
				"pivot": [-2.55, 23.75, 4.8],
				"rotation": [85, 170, 0],
				"cubes": [
					{"origin": [-4, 23.6, 1.9], "size": [2.9, 0.3, 5.8], "uv": [98, 36], "mirror": true}
				]
			},
			{
				"name": "hair28",
				"parent": "hairback",
				"pivot": [2.55, 23.75, 4.8],
				"rotation": [85, -170, 0],
				"cubes": [
					{"origin": [1.1, 23.6, 1.9], "size": [2.9, 0.3, 5.8], "uv": [98, 36]}
				]
			},
			{
				"name": "hair77",
				"parent": "hairback",
				"pivot": [-2.55, 18.25, 4.6],
				"rotation": [100, 170, 0],
				"cubes": [
					{"origin": [-2.8, 18.1, 3.05], "size": [1.1, 0.3, 0.775], "uv": [98, 36], "mirror": true}
				]
			},
			{
				"name": "hair78",
				"parent": "hairback",
				"pivot": [-0.05, 18.35, 4.9],
				"rotation": [100, 180, 0],
				"cubes": [
					{"origin": [-0.175, 18.2, 3.225], "size": [1.575, 0.3, 0.825], "uv": [98, 36]}
				]
			},
			{
				"name": "hair79",
				"parent": "hairback",
				"pivot": [2.55, 18.25, 4.6],
				"rotation": [100, -170, 0],
				"cubes": [
					{"origin": [1.625, 18.1, 3.3], "size": [2.375, 0.3, 0.55], "uv": [98, 36]}
				]
			},
			{
				"name": "hair80",
				"parent": "hairback",
				"pivot": [2.55, 18.25, 4.6],
				"rotation": [100, -170, 0],
				"cubes": [
					{"origin": [3.05, 18.1, 2.8], "size": [0.95, 0.3, 0.5], "uv": [98, 36]}
				]
			},
			{
				"name": "tophairright",
				"parent": "hairblue",
				"pivot": [0, 0, 0]
			},
			{
				"name": "hair52",
				"parent": "tophairright",
				"pivot": [-4.45, 26.85, 0.7],
				"rotation": [45, 97.5, -17.5],
				"cubes": [
					{"origin": [-7.40188, 26.72769, 0.30719], "size": [0.9, 0.3, 0.4], "uv": [98, 36]}
				]
			},
			{
				"name": "hair51",
				"parent": "tophairright",
				"pivot": [-2.75, 27.25, 2.8],
				"rotation": [12.5, -180, -4],
				"cubes": [
					{"origin": [-4.2, 26.97688, 1.39287], "size": [2.9, 0.2, 3.7], "uv": [98, 36]}
				]
			},
			{
				"name": "hair50",
				"parent": "tophairright",
				"pivot": [-2.85, 27.5, 0.2],
				"rotation": [1, 180, -5],
				"cubes": [
					{"origin": [-4.3, 27.4, -0.3], "size": [2.8, 0.2, 1], "uv": [98, 36]}
				]
			},
			{
				"name": "hair49",
				"parent": "tophairright",
				"pivot": [-4.45, 26.85, 0.7],
				"rotation": [45, 97.5, -17.5],
				"cubes": [
					{"origin": [-6.50188, 26.72769, 0.30719], "size": [0.4, 0.3, 0.5], "uv": [98, 36]}
				]
			},
			{
				"name": "hair47",
				"parent": "tophairright",
				"pivot": [-4.45, 26.85, -0.7],
				"rotation": [-45, -97.5, -17.5],
				"cubes": [
					{"origin": [-7.00188, 26.72769, -0.70719], "size": [0.9, 0.3, 0.4], "uv": [98, 36]}
				]
			},
			{
				"name": "hair48",
				"parent": "tophairright",
				"pivot": [-4.45, 26.85, 0.7],
				"rotation": [45, 97.5, -17.5],
				"cubes": [
					{"origin": [-6.10188, 26.72769, 0.30719], "size": [1.1, 0.3, 0.7], "uv": [98, 36]}
				]
			},
			{
				"name": "hair46",
				"parent": "tophairright",
				"pivot": [-4.45, 26.85, -0.7],
				"rotation": [-45, -97.5, -17.5],
				"cubes": [
					{"origin": [-6.10188, 26.72769, -1.00719], "size": [0.8, 0.3, 0.7], "uv": [98, 36]}
				]
			},
			{
				"name": "hair45",
				"parent": "tophairright",
				"pivot": [-4.45, 26.85, -0.7],
				"rotation": [-45, -92.5, -17.5],
				"cubes": [
					{"origin": [-5.30188, 26.72769, -1.40719], "size": [2.9, 0.2, 0.3], "uv": [98, 36]}
				]
			},
			{
				"name": "hair43",
				"parent": "tophairright",
				"pivot": [-2.75, 26.75, -3.6],
				"rotation": [-20, -170, 0],
				"cubes": [
					{"origin": [-4.2, 26.6, -3.9], "size": [2.9, 0.3, 0.8], "uv": [98, 36]}
				]
			},
			{
				"name": "hair44",
				"parent": "tophairright",
				"pivot": [-4.45, 26.85, -0.7],
				"rotation": [-45, -92.5, -17.5],
				"cubes": [
					{"origin": [-5.30188, 26.72769, -1.10719], "size": [2.9, 0.2, 0.8], "uv": [98, 36]}
				]
			},
			{
				"name": "hair42",
				"parent": "tophairright",
				"pivot": [-2.75, 27.25, -2.3],
				"rotation": [-12.5, 180, -4],
				"cubes": [
					{"origin": [-4.2, 26.97688, -4.59287], "size": [2.9, 0.2, 3.7], "uv": [98, 36]}
				]
			},
			{
				"name": "hair53",
				"parent": "tophairright",
				"pivot": [-2.75, 26.75, 4],
				"rotation": [20, 170, 0],
				"cubes": [
					{"origin": [-4.2, 26.6, 3.5], "size": [2.9, 0.3, 0.8], "uv": [98, 36]}
				]
			},
			{
				"name": "hair66",
				"parent": "tophairright",
				"pivot": [-4.45, 26.85, -0.7],
				"rotation": [-45, -110, -17.5],
				"cubes": [
					{"origin": [-6.10188, 26.72769, -1.00719], "size": [0.375, 0.3, 4.7], "uv": [98, 36]}
				]
			},
			{
				"name": "hair67",
				"parent": "tophairright",
				"pivot": [-4.45, 26.85, -0.7],
				"rotation": [-45, -97.5, -17.5],
				"cubes": [
					{"origin": [-5.70188, 26.72769, -1.00719], "size": [0.4, 0.3, 4.7], "uv": [98, 36]}
				]
			},
			{
				"name": "hair68",
				"parent": "tophairright",
				"pivot": [-6.825, 22.7, -0.775],
				"rotation": [-62.75, -110, -17.5],
				"cubes": [
					{"origin": [-8.47688, 22.57769, -1.08219], "size": [0.375, 0.3, 3.025], "uv": [98, 36]}
				]
			},
			{
				"name": "hair69",
				"parent": "tophairright",
				"pivot": [-5.35228, 18.18943, -1.16636],
				"rotation": [-77.75, -110, -17.5],
				"cubes": [
					{"origin": [-6.61693, 19.60581, -3.48207], "size": [0.375, 0.3, 5.025], "uv": [98, 36]}
				]
			},
			{
				"name": "hair70",
				"parent": "tophairright",
				"pivot": [-5.79241, 21.02507, -3.41365],
				"rotation": [-70, -110, -17.5],
				"cubes": [
					{"origin": [-5.9636, 20.92232, -5.76245], "size": [0.375, 0.3, 6.7], "uv": [98, 36]}
				]
			},
			{
				"name": "ribbonblue",
				"parent": "tophairright",
				"pivot": [0, 0, 0]
			},
			{
				"name": "ribbon",
				"parent": "ribbonblue",
				"pivot": [-3.95, 26.15, -0.15],
				"rotation": [-45, -97.5, -17.5],
				"cubes": [
					{"origin": [-6.3774, 26.90893, -0.07621], "size": [1.225, 0.3, 0.775], "uv": [13, 11]}
				]
			},
			{
				"name": "ribbon2",
				"parent": "ribbonblue",
				"pivot": [-4.7948, 26.74188, -1.24936],
				"rotation": [-45, -67.5, -115],
				"cubes": [
					{"origin": [-5.6073, 26.59188, -1.43686], "size": [1.625, 0.3, 0.375], "uv": [13, 11]}
				]
			},
			{
				"name": "ribbon3",
				"parent": "ribbonblue",
				"pivot": [-5.7698, 26.14188, -1.24936],
				"rotation": [-45, -67.5, 168.75],
				"cubes": [
					{"origin": [-6.81641, 26.59324, -1.23892], "size": [1.625, 0.3, 0.375], "uv": [13, 11]}
				]
			},
			{
				"name": "ribbon4",
				"parent": "ribbonblue",
				"pivot": [-4.5448, 26.09188, -1.24936],
				"rotation": [-45, 97.5, -138.75],
				"cubes": [
					{"origin": [-5.58224, 26.30934, -1.10353], "size": [1.625, 0.3, 0.375], "uv": [13, 11]}
				]
			},
			{
				"name": "ribbon5",
				"parent": "ribbonblue",
				"pivot": [-3.95, 26.15, -0.55],
				"rotation": [-45, -82.5, -17.5],
				"cubes": [
					{"origin": [-4.26116, 27.16913, -0.38611], "size": [0.2, 0.3, 0.775], "uv": [13, 11]}
				]
			},
			{
				"name": "ribbon6",
				"parent": "ribbonblue",
				"pivot": [-3.775, 26.85, -0.15],
				"rotation": [-45, -97.5, -17.5],
				"cubes": [
					{"origin": [-4.08616, 27.86913, 0.16389], "size": [0.2, 0.3, 0.625], "uv": [13, 11]}
				]
			},
			{
				"name": "ribbonblue2",
				"parent": "tophairright",
				"pivot": [0.1, 0, -4.575]
			},
			{
				"name": "ribbon7",
				"parent": "ribbonblue2",
				"pivot": [-3.85, 26.15, -4.425],
				"rotation": [45, 97.5, -17.5]
			},
			{
				"name": "ribbon8",
				"parent": "ribbonblue2",
				"pivot": [-4.6948, 26.74188, -3.32564],
				"rotation": [45, 67.5, -115],
				"cubes": [
					{"origin": [-5.5073, 26.59188, -3.51314], "size": [1.625, 0.3, 0.375], "uv": [13, 11]}
				]
			},
			{
				"name": "ribbon9",
				"parent": "ribbonblue2",
				"pivot": [-5.6698, 26.14188, -3.32564],
				"rotation": [45, 67.5, 168.75],
				"cubes": [
					{"origin": [-6.71641, 26.59324, -3.71108], "size": [1.625, 0.3, 0.375], "uv": [13, 11]}
				]
			},
			{
				"name": "ribbon10",
				"parent": "ribbonblue2",
				"pivot": [-4.4448, 26.09188, -3.32564],
				"rotation": [45, -97.5, -138.75],
				"cubes": [
					{"origin": [-5.48224, 26.30934, -3.84647], "size": [1.625, 0.3, 0.375], "uv": [13, 11]}
				]
			},
			{
				"name": "ribbon11",
				"parent": "ribbonblue2",
				"pivot": [-3.85, 26.15, -4.025],
				"rotation": [45, 82.5, -17.5],
				"cubes": [
					{"origin": [-4.16116, 27.16913, -4.96389], "size": [0.2, 0.3, 0.775], "uv": [13, 11]}
				]
			},
			{
				"name": "ribbon12",
				"parent": "ribbonblue2",
				"pivot": [-3.675, 26.85, -4.425],
				"rotation": [45, 97.5, -17.5],
				"cubes": [
					{"origin": [-3.98616, 27.86913, -5.36389], "size": [0.2, 0.3, 0.625], "uv": [13, 11]}
				]
			},
			{
				"name": "hair71",
				"parent": "tophairright",
				"pivot": [-4.375, 26.175, -1.125],
				"rotation": [-45, -70, -17.5],
				"cubes": [
					{"origin": [-5.62688, 26.05269, -1.43219], "size": [0.4, 0.3, 4.7], "uv": [9, 0]}
				]
			},
			{
				"name": "hair72",
				"parent": "tophairright",
				"pivot": [-4.025, 26.175, -3.225],
				"rotation": [45, 50, -17.5],
				"cubes": [
					{"origin": [-5.27688, 26.05269, -7.61781], "size": [0.4, 0.3, 4.7], "uv": [9, 0]}
				]
			},
			{
				"name": "hairfront",
				"parent": "hairblue",
				"pivot": [0, 0, 0]
			},
			{
				"name": "hair14",
				"parent": "hairfront",
				"pivot": [4.05, 24.55, -4],
				"rotation": [85, -30, 0],
				"cubes": [
					{"origin": [3.5, 24.4, -7.7], "size": [0.9, 0.3, 5.8], "uv": [98, 36]}
				]
			},
			{
				"name": "hair13",
				"parent": "hairfront",
				"pivot": [4.75, 19.85, -3.5],
				"rotation": [100, -70, 0],
				"cubes": [
					{"origin": [4.1, 19.7, -4.7], "size": [1.1, 0.3, 2.4], "uv": [98, 36]}
				]
			},
			{
				"name": "hair12",
				"parent": "hairfront",
				"pivot": [-4.55, 24.55, -3.25],
				"rotation": [85, 65, 0],
				"cubes": [
					{"origin": [-4.9, 24.4, -6.95], "size": [1.15, 0.3, 5.8], "uv": [98, 36], "mirror": true}
				]
			},
			{
				"name": "hair10",
				"parent": "hairfront",
				"pivot": [-4.05, 19.85, -4.2],
				"rotation": [100, 22.5, 0],
				"cubes": [
					{"origin": [-4.5, 19.7, -5.4], "size": [0.9, 0.3, 2.4], "uv": [98, 36], "mirror": true}
				]
			},
			{
				"name": "hair9",
				"parent": "hairfront",
				"pivot": [4.55, 24.55, -3.25],
				"rotation": [85, -65, 0],
				"cubes": [
					{"origin": [3.75, 24.4, -6.95], "size": [1.15, 0.3, 5.8], "uv": [98, 36]}
				]
			},
			{
				"name": "hair8",
				"parent": "hairfront",
				"pivot": [-4.75, 19.85, -3.5],
				"rotation": [100, 70, 0],
				"cubes": [
					{"origin": [-5.1316, 19.51492, -4.73264], "size": [1.1, 0.3, 2.4], "uv": [98, 36], "mirror": true}
				]
			},
			{
				"name": "hair7",
				"parent": "hairfront",
				"pivot": [-4.05, 24.55, -4],
				"rotation": [85, 25, 0],
				"cubes": [
					{"origin": [-4.4, 24.4, -7.7], "size": [0.9, 0.3, 5.8], "uv": [98, 36], "mirror": true}
				]
			},
			{
				"name": "hair11",
				"parent": "hairfront",
				"pivot": [4.05, 19.85, -4.2],
				"rotation": [100, -22.5, 0],
				"cubes": [
					{"origin": [3.6, 19.7, -5.4], "size": [0.9, 0.3, 2.4], "uv": [98, 36]}
				]
			},
			{
				"name": "hair5",
				"parent": "hairfront",
				"pivot": [-1.33333, 24.55, -4.33333],
				"rotation": [83.5, 7.5, 0],
				"cubes": [
					{"origin": [-1.2, 24.4, -6.6], "size": [0.4, 0.3, 4], "uv": [98, 36], "mirror": true},
					{"origin": [-1.8, 24.4, -5.5], "size": [0.3, 0.3, 2.9], "uv": [98, 36], "mirror": true},
					{"origin": [-1.5, 24.4, -5.5], "size": [0.3, 0.3, 2.9], "uv": [98, 36], "mirror": true}
				]
			},
			{
				"name": "hair3",
				"parent": "hairfront",
				"pivot": [1.8, 24.55, -4.3],
				"rotation": [83.5, -7.5, 0],
				"cubes": [
					{"origin": [1.8, 24.4, -6.9], "size": [0.8, 0.3, 4.6], "uv": [98, 36]},
					{"origin": [3.7, 24.4, -5.2], "size": [0.7, 0.3, 2.9], "uv": [98, 36]},
					{"origin": [2.6, 24.4, -5.8], "size": [1.1, 0.3, 3.5], "uv": [98, 36]}
				]
			},
			{
				"name": "hair2",
				"parent": "hairfront",
				"pivot": [2.2, 24.55, -4.3],
				"rotation": [83.5, -7.5, 0],
				"cubes": [
					{"origin": [0.8, 24.4, -6.3], "size": [0.4, 0.3, 4], "uv": [98, 36]},
					{"origin": [1.5, 24.4, -5.2], "size": [0.3, 0.3, 2.9], "uv": [98, 36]},
					{"origin": [1.2, 24.4, -5.8], "size": [0.3, 0.3, 3.5], "uv": [98, 36]}
				]
			},
			{
				"name": "hair4",
				"parent": "hairfront",
				"pivot": [-0.5, 24.55, -4.4],
				"rotation": [86, 0, 0],
				"cubes": [
					{"origin": [-0.8, 24.4, -6.1], "size": [0.6, 0.3, 3.7], "uv": [98, 36]},
					{"origin": [-0.2, 24.4, -6.9], "size": [0.5, 0.3, 4.5], "uv": [98, 36]},
					{"origin": [0.3, 24.4, -4.6], "size": [0.8, 0.3, 2.2], "uv": [98, 36]},
					{"origin": [0.3, 24.4, -5.6], "size": [0.4, 0.3, 1], "uv": [98, 36]}
				]
			},
			{
				"name": "hair6",
				"parent": "hairfront",
				"pivot": [-3.13333, 24.75, -4.13333],
				"rotation": [83.5, 10, 0],
				"cubes": [
					{"origin": [-2.1, 24.6, -6.5], "size": [0.5, 0.3, 4.2], "uv": [98, 36], "mirror": true},
					{"origin": [-3.7, 24.6, -5.8], "size": [1.6, 0.3, 3.5], "uv": [98, 36], "mirror": true},
					{"origin": [-3.7, 24.6, -6.8], "size": [0.8, 0.3, 1], "uv": [98, 36], "mirror": true},
					{"origin": [-3.7, 24.6, -7.8], "size": [0.4, 0.3, 1], "uv": [98, 36], "mirror": true}
				]
			},
			{
				"name": "hairright",
				"parent": "hairblue",
				"pivot": [0, 0, 0]
			},
			{
				"name": "hair23",
				"parent": "hairright",
				"pivot": [4.75, 19.85, 3.1],
				"rotation": [100, -97.5, 0],
				"cubes": [
					{"origin": [3.4, 19.7, 0.6], "size": [2.4, 0.3, 3.7], "uv": [98, 36]}
				]
			},
			{
				"name": "hair24",
				"parent": "hairright",
				"pivot": [5.05, 19.85, 0.9],
				"rotation": [100, -92.5, 0],
				"cubes": [
					{"origin": [4.75, 19.7, -1.775], "size": [0.825, 0.3, 3.875], "uv": [98, 36]}
				]
			},
			{
				"name": "hair25",
				"parent": "hairright",
				"pivot": [4.85, 19.85, -1.7],
				"rotation": [100, -85, 0],
				"cubes": [
					{"origin": [5.075, 19.7, -4.15], "size": [1.025, 0.3, 3.65], "uv": [98, 36]}
				]
			},
			{
				"name": "hair26",
				"parent": "hairright",
				"pivot": [4.85, 24.525, -2.5],
				"rotation": [85, -90, 0],
				"cubes": [
					{"origin": [7, 24.375, -6.2], "size": [2.1, 0.3, 5.8], "uv": [98, 36]}
				]
			},
			{
				"name": "hair27",
				"parent": "hairright",
				"pivot": [4.65, 24.55, -2.5],
				"rotation": [85, -85, 0],
				"cubes": [
					{"origin": [4.1, 24.4, -6.2], "size": [2.9, 0.3, 5.8], "uv": [98, 36]}
				]
			},
			{
				"name": "hair29",
				"parent": "hairright",
				"pivot": [4.65, 23.75, 2.7],
				"rotation": [85, -97.5, 0],
				"cubes": [
					{"origin": [3.2, 23.6, -0.2], "size": [2.9, 0.3, 5.8], "uv": [98, 36]}
				]
			},
			{
				"name": "hair81",
				"parent": "hairright",
				"pivot": [5.05, 19.85, 0.9],
				"rotation": [100, -92.5, 0],
				"cubes": [
					{"origin": [5.55, 19.7, -1.95], "size": [0.35, 0.3, 4.05], "uv": [98, 36]}
				]
			},
			{
				"name": "hair82",
				"parent": "hairright",
				"pivot": [4.85, 19.85, -1.7],
				"rotation": [100, -85, 0],
				"cubes": [
					{"origin": [4.3, 19.7, -3.775], "size": [0.775, 0.3, 3.275], "uv": [98, 36]}
				]
			},
			{
				"name": "hair83",
				"parent": "hairright",
				"pivot": [4.85, 19.85, -1.7],
				"rotation": [100, -85, 0],
				"cubes": [
					{"origin": [3.5, 19.7, -3.575], "size": [0.8, 0.3, 3.075], "uv": [98, 36]}
				]
			},
			{
				"name": "hair84",
				"parent": "hairright",
				"pivot": [5.05, 19.85, 0.9],
				"rotation": [100, -92.5, 0],
				"cubes": [
					{"origin": [3.65, 19.7, -1.475], "size": [1.125, 0.3, 3.575], "uv": [98, 36]}
				]
			},
			{
				"name": "tophairleft",
				"parent": "hairblue",
				"pivot": [0, 0, 0]
			},
			{
				"name": "hair54",
				"parent": "tophairleft",
				"pivot": [4.45, 26.85, 0.7],
				"rotation": [45, -97.5, 17.5],
				"cubes": [
					{"origin": [6.50188, 26.72769, 0.30719], "size": [0.9, 0.3, 0.4], "uv": [98, 36], "mirror": true}
				]
			},
			{
				"name": "hair55",
				"parent": "tophairleft",
				"pivot": [2.75, 27.25, 2.8],
				"rotation": [12.5, 180, 4],
				"cubes": [
					{"origin": [1.3, 26.97688, 1.39287], "size": [2.9, 0.2, 3.7], "uv": [98, 36], "mirror": true}
				]
			},
			{
				"name": "hair56",
				"parent": "tophairleft",
				"pivot": [2.85, 27.5, 0.2],
				"rotation": [1, -180, 5],
				"cubes": [
					{"origin": [1.5, 27.4, -0.3], "size": [2.8, 0.2, 1], "uv": [98, 36], "mirror": true}
				]
			},
			{
				"name": "hair57",
				"parent": "tophairleft",
				"pivot": [4.45, 26.85, 0.7],
				"rotation": [45, -97.5, 17.5],
				"cubes": [
					{"origin": [6.10188, 26.72769, 0.30719], "size": [0.4, 0.3, 0.5], "uv": [98, 36], "mirror": true}
				]
			},
			{
				"name": "hair58",
				"parent": "tophairleft",
				"pivot": [4.45, 26.85, -0.7],
				"rotation": [-45, 97.5, 17.5],
				"cubes": [
					{"origin": [6.10188, 26.72769, -0.70719], "size": [0.9, 0.3, 0.4], "uv": [98, 36], "mirror": true}
				]
			},
			{
				"name": "hair59",
				"parent": "tophairleft",
				"pivot": [4.45, 26.85, 0.7],
				"rotation": [45, -97.5, 17.5],
				"cubes": [
					{"origin": [5.00188, 26.72769, 0.30719], "size": [1.1, 0.3, 0.7], "uv": [98, 36], "mirror": true}
				]
			},
			{
				"name": "hair60",
				"parent": "tophairleft",
				"pivot": [4.45, 26.85, -0.7],
				"rotation": [-45, 97.5, 17.5],
				"cubes": [
					{"origin": [5.30188, 26.72769, -1.00719], "size": [0.8, 0.3, 0.7], "uv": [98, 36], "mirror": true}
				]
			},
			{
				"name": "hair61",
				"parent": "tophairleft",
				"pivot": [4.45, 26.85, -0.7],
				"rotation": [-45, 92.5, 17.5],
				"cubes": [
					{"origin": [2.40188, 26.72769, -1.40719], "size": [2.9, 0.2, 0.3], "uv": [98, 36], "mirror": true}
				]
			},
			{
				"name": "hair62",
				"parent": "tophairleft",
				"pivot": [2.75, 26.75, -3.6],
				"rotation": [-20, 170, 0],
				"cubes": [
					{"origin": [1.3, 26.6, -3.9], "size": [2.9, 0.3, 0.8], "uv": [98, 36], "mirror": true}
				]
			},
			{
				"name": "hair63",
				"parent": "tophairleft",
				"pivot": [4.45, 26.85, -0.7],
				"rotation": [-45, 92.5, 17.5],
				"cubes": [
					{"origin": [2.40188, 26.72769, -1.10719], "size": [2.9, 0.2, 0.8], "uv": [98, 36], "mirror": true}
				]
			},
			{
				"name": "hair64",
				"parent": "tophairleft",
				"pivot": [2.75, 27.25, -2.3],
				"rotation": [-12.5, -180, 4],
				"cubes": [
					{"origin": [1.3, 26.97688, -4.59287], "size": [2.9, 0.2, 3.7], "uv": [98, 36], "mirror": true}
				]
			},
			{
				"name": "hair65",
				"parent": "tophairleft",
				"pivot": [2.75, 26.75, 4],
				"rotation": [20, -170, 0],
				"cubes": [
					{"origin": [1.3, 26.6, 3.5], "size": [2.9, 0.3, 0.8], "uv": [98, 36], "mirror": true}
				]
			},
			{
				"name": "hairtop",
				"parent": "hairblue",
				"pivot": [0, 0, 0]
			},
			{
				"name": "hair89",
				"parent": "hairtop",
				"pivot": [-0.56804, 29.29164, 0.22352],
				"rotation": [112.17746, -74.2743, -147.63041],
				"cubes": [
					{"origin": [-0.93054, 29.30414, 0.12352], "size": [0.45, 0.05, 0.175], "uv": [98, 36]}
				]
			},
			{
				"name": "hair88",
				"parent": "hairtop",
				"pivot": [-0.44304, 29.21664, -0.15148],
				"rotation": [115.73248, -32.69187, -129.99121],
				"cubes": [
					{"origin": [-0.80554, 29.15414, -0.30148], "size": [0.45, 0.125, 0.3], "uv": [98, 36]}
				]
			},
			{
				"name": "hair87",
				"parent": "hairtop",
				"pivot": [-0.19267, 29.08724, -0.48357],
				"rotation": [112.42394, -16.68735, -122.15756],
				"cubes": [
					{"origin": [-0.59267, 28.84974, -0.65857], "size": [0.45, 0.125, 0.4], "uv": [98, 36]}
				]
			},
			{
				"name": "hair86",
				"parent": "hairtop",
				"pivot": [0.00421, 28.61414, -0.41706],
				"rotation": [112.40288, 16.51614, -108.71579],
				"cubes": [
					{"origin": [-0.48329, 28.55164, -0.62956], "size": [0.65, 0.125, 0.475], "uv": [98, 36]}
				]
			},
			{
				"name": "hair85",
				"parent": "hairtop",
				"pivot": [0.13719, 27.86372, 0.07532],
				"rotation": [122.25237, 46.78767, -90.70241],
				"cubes": [
					{"origin": [-0.32531, 27.80122, -0.13718], "size": [0.925, 0.125, 0.425], "uv": [98, 36]}
				]
			},
			{
				"name": "hair41",
				"parent": "hairtop",
				"pivot": [-0.05, 27.55, -2.1],
				"rotation": [1, 180, 0],
				"cubes": [
					{"origin": [-1.5, 27.4, -5], "size": [2.9, 0.3, 1], "uv": [98, 36]}
				]
			},
			{
				"name": "hair40",
				"parent": "hairtop",
				"pivot": [-0.05, 27.55, -1.6],
				"rotation": [-20, -180, 0],
				"cubes": [
					{"origin": [-1.5, 27.4, 0.3], "size": [2.9, 0.3, 1], "uv": [98, 36]}
				]
			},
			{
				"name": "hair39",
				"parent": "hairtop",
				"pivot": [-0.05, 27.15, 2.1],
				"rotation": [10, 180, 0],
				"cubes": [
					{"origin": [-1.5, 27.10226, 0.08856], "size": [2.9, 0.3, 3.6], "uv": [98, 36]}
				]
			},
			{
				"name": "hair21",
				"parent": "hairtop",
				"pivot": [-0.05, 27.55, 2.1],
				"rotation": [20, 180, 0],
				"cubes": [
					{"origin": [-1.5, 27.4, -0.8], "size": [2.9, 0.3, 1], "uv": [98, 36]}
				]
			},
			{
				"name": "hair22",
				"parent": "hairtop",
				"pivot": [-0.05, 27.25, -2.3],
				"rotation": [-10, 180, 0],
				"cubes": [
					{"origin": [-1.5, 26.97688, -4.59287], "size": [2.9, 0.3, 3.6], "uv": [98, 36]}
				]
			},
			{
				"name": "hair91",
				"parent": "hairtop",
				"pivot": [-0.45513, 29.01547, 1.01845],
				"rotation": [-98.36443, -45.30762, 59.76059],
				"cubes": [
					{"origin": [-0.74263, 28.99047, 0.93095], "size": [1.1, 0.05, 0.175], "uv": [98, 36]}
				]
			},
			{
				"name": "hair90",
				"parent": "hairtop",
				"pivot": [-0.57514, 29.25955, 0.54975],
				"rotation": [-109.49779, -72.15019, 72.41886],
				"cubes": [
					{"origin": [-0.86264, 29.23455, 0.46225], "size": [0.575, 0.05, 0.175], "uv": [98, 36]}
				]
			},
			{
				"name": "earright",
				"parent": "head",
				"pivot": [-0.5, 28.5, 0.5]
			},
			{
				"name": "bone111",
				"parent": "earright",
				"pivot": [-2.675, 27.6, -1.775],
				"rotation": [46, 30, 0],
				"cubes": [
					{"origin": [-3.175, 27.1, -2.275], "size": [1, 2.725, 0.225], "uv": [105, 48]}
				]
			},
			{
				"name": "bone112",
				"parent": "earright",
				"pivot": [-3.625, 27.6, -1.3],
				"rotation": [46.5, 20, 0],
				"cubes": [
					{"origin": [-4.125, 27.1, -1.8], "size": [1, 3, 0.225], "uv": [105, 48]}
				]
			},
			{
				"name": "bone113",
				"parent": "earright",
				"pivot": [-2.375, 27.6, -1.9],
				"rotation": [46, 42.5, 0],
				"cubes": [
					{"origin": [-2.36913, 27.11331, -2.41285], "size": [1, 2.575, 0.225], "uv": [105, 48]}
				]
			},
			{
				"name": "bone114",
				"parent": "earright",
				"pivot": [-2.175, 27.6, -2.3],
				"rotation": [46, 70, 0],
				"cubes": [
					{"origin": [-1.84456, 26.85632, -2.56468], "size": [0.8, 0.5, 0.225], "uv": [105, 48]}
				]
			},
			{
				"name": "bone119",
				"parent": "earright",
				"pivot": [-2.85, 27.55, -3.1125],
				"rotation": [15, 0, 0],
				"cubes": [
					{"origin": [-3.15, 27.025, -3.3], "size": [0.6, 0.8, 0.375], "uv": [33, 11]}
				]
			},
			{
				"name": "bone115",
				"parent": "earright",
				"pivot": [-2.175, 27.6, -2.3],
				"rotation": [46, 70, 0],
				"cubes": [
					{"origin": [-1.61956, 27.35632, -2.56468], "size": [0.575, 0.45, 0.225], "uv": [105, 48]}
				]
			},
			{
				"name": "bone116",
				"parent": "earright",
				"pivot": [-2.175, 27.6, -2.3],
				"rotation": [46, 70, 0],
				"cubes": [
					{"origin": [-1.49456, 27.80632, -2.56468], "size": [0.45, 1, 0.225], "uv": [105, 48]}
				]
			},
			{
				"name": "bone117",
				"parent": "earright",
				"pivot": [-4.4, 29.35, -3.4],
				"rotation": [71.5, 20, 0],
				"cubes": [
					{"origin": [-4.9, 28.85, -3.9], "size": [1, 1.425, 0.225], "uv": [105, 48]}
				]
			},
			{
				"name": "bone118",
				"parent": "earright",
				"pivot": [-3.74222, 28.93546, -3.71153],
				"rotation": [71.5, 37.5, 0],
				"cubes": [
					{"origin": [-4.07481, 28.44572, -3.84584], "size": [1, 1.425, 0.225], "uv": [105, 48]}
				]
			},
			{
				"name": "bone120",
				"parent": "earright",
				"pivot": [-3.675, 27.825, -3.4],
				"rotation": [27.5, 22.5, 0],
				"cubes": [
					{"origin": [-4.2, 26.925, -3.875], "size": [1.05, 1.45, 0.95], "uv": [33, 11]}
				]
			},
			{
				"name": "bone121",
				"parent": "earright",
				"pivot": [-2.85, 27.95, -3.1125],
				"rotation": [-22.5, 0, 0],
				"cubes": [
					{"origin": [-3.15, 27.675, -3.3], "size": [0.35, 0.55, 0.375], "uv": [33, 11]}
				]
			},
			{
				"name": "bone122",
				"parent": "earright",
				"pivot": [-2.85, 27.55, -3.1125],
				"rotation": [15, -17.5, 0],
				"cubes": [
					{"origin": [-2.75, 27.025, -3.3], "size": [0.375, 0.8, 0.375], "uv": [33, 11]}
				]
			},
			{
				"name": "bone123",
				"parent": "earright",
				"pivot": [-3.925, 27.55, -2.1875],
				"rotation": [15, 70, 0],
				"cubes": [
					{"origin": [-3.95, 27.025, -2.375], "size": [0.75, 0.85, 0.375], "uv": [33, 11]}
				]
			},
			{
				"name": "bone124",
				"parent": "earright",
				"pivot": [-2.3, 27.1728, -2.87102],
				"rotation": [15, -25, 0],
				"cubes": [
					{"origin": [-2.525, 26.9603, -3.05852], "size": [0.45, 0.5, 0.375], "uv": [33, 11]}
				]
			},
			{
				"name": "bone125",
				"parent": "earright",
				"pivot": [-4.1125, 28.1125, -2.7625],
				"rotation": [-15, 70, 0],
				"cubes": [
					{"origin": [-4.35, 27.85, -2.95], "size": [0.475, 0.525, 0.375], "uv": [33, 11]}
				]
			},
			{
				"name": "bone126",
				"parent": "earright",
				"pivot": [-4.0625, 28.4125, -3.0125],
				"rotation": [-15, 47.5, 0],
				"cubes": [
					{"origin": [-4.3, 28.15, -3.2], "size": [0.65, 0.425, 0.375], "uv": [33, 11]}
				]
			},
			{
				"name": "bone127",
				"parent": "earright",
				"pivot": [-3.925, 27.55, -2.1875],
				"rotation": [15, 100, 0],
				"cubes": [
					{"origin": [-4.3, 27.025, -2.375], "size": [0.475, 0.65, 0.375], "uv": [33, 11]}
				]
			},
			{
				"name": "bone128",
				"parent": "earright",
				"pivot": [-4.625, 28.4, -2.6125],
				"rotation": [74, -47.5, -82.5],
				"cubes": [
					{"origin": [-5.125, 26.9, -2.725], "size": [0.75, 1.25, 0.225], "uv": [105, 48]}
				]
			},
			{
				"name": "bone129",
				"parent": "earright",
				"pivot": [-4.625, 28.4, -2.6125],
				"rotation": [74, -47.5, -82.5],
				"cubes": [
					{"origin": [-5.11832, 28.15283, -2.60507], "size": [0.7, 0.975, 0.225], "uv": [105, 48]}
				]
			},
			{
				"name": "bone130",
				"parent": "earright",
				"pivot": [-5.08082, 28.97783, -3.56757],
				"rotation": [59, 0, -45],
				"cubes": [
					{"origin": [-5.26832, 28.52783, -3.68007], "size": [0.375, 0.9, 0.225], "uv": [105, 48]}
				]
			},
			{
				"name": "earleft",
				"parent": "head",
				"pivot": [0.5, 28.5, 0.5]
			},
			{
				"name": "bone131",
				"parent": "earleft",
				"pivot": [2.675, 27.6, -1.775],
				"rotation": [46, -30, 0],
				"cubes": [
					{"origin": [2.175, 27.1, -2.275], "size": [1, 2.725, 0.225], "uv": [105, 48], "mirror": true}
				]
			},
			{
				"name": "bone132",
				"parent": "earleft",
				"pivot": [3.625, 27.6, -1.3],
				"rotation": [46.5, -20, 0],
				"cubes": [
					{"origin": [3.125, 27.1, -1.8], "size": [1, 3, 0.225], "uv": [105, 48], "mirror": true}
				]
			},
			{
				"name": "bone133",
				"parent": "earleft",
				"pivot": [2.375, 27.6, -1.9],
				"rotation": [46, -42.5, 0],
				"cubes": [
					{"origin": [1.36913, 27.11331, -2.41285], "size": [1, 2.575, 0.225], "uv": [105, 48], "mirror": true}
				]
			},
			{
				"name": "bone134",
				"parent": "earleft",
				"pivot": [2.175, 27.6, -2.3],
				"rotation": [46, -70, 0],
				"cubes": [
					{"origin": [1.04456, 26.85632, -2.56468], "size": [0.8, 0.5, 0.225], "uv": [105, 48], "mirror": true}
				]
			},
			{
				"name": "bone135",
				"parent": "earleft",
				"pivot": [2.85, 27.55, -3.1125],
				"rotation": [15, 0, 0],
				"cubes": [
					{"origin": [2.55, 27.025, -3.3], "size": [0.6, 0.8, 0.375], "uv": [33, 11], "mirror": true}
				]
			},
			{
				"name": "bone136",
				"parent": "earleft",
				"pivot": [2.175, 27.6, -2.3],
				"rotation": [46, -70, 0],
				"cubes": [
					{"origin": [1.04456, 27.35632, -2.56468], "size": [0.575, 0.45, 0.225], "uv": [105, 48], "mirror": true}
				]
			},
			{
				"name": "bone137",
				"parent": "earleft",
				"pivot": [2.175, 27.6, -2.3],
				"rotation": [46, -70, 0],
				"cubes": [
					{"origin": [1.04456, 27.80632, -2.56468], "size": [0.45, 1, 0.225], "uv": [105, 48], "mirror": true}
				]
			},
			{
				"name": "bone138",
				"parent": "earleft",
				"pivot": [4.4, 29.35, -3.4],
				"rotation": [71.5, -20, 0],
				"cubes": [
					{"origin": [3.9, 28.85, -3.9], "size": [1, 1.425, 0.225], "uv": [105, 48], "mirror": true}
				]
			},
			{
				"name": "bone139",
				"parent": "earleft",
				"pivot": [3.74222, 28.93546, -3.71153],
				"rotation": [71.5, -37.5, 0],
				"cubes": [
					{"origin": [3.07481, 28.44572, -3.84584], "size": [1, 1.425, 0.225], "uv": [105, 48], "mirror": true}
				]
			},
			{
				"name": "bone140",
				"parent": "earleft",
				"pivot": [3.675, 27.825, -3.4],
				"rotation": [27.5, -22.5, 0],
				"cubes": [
					{"origin": [3.15, 26.925, -3.875], "size": [1.05, 1.45, 0.95], "uv": [33, 11], "mirror": true}
				]
			},
			{
				"name": "bone141",
				"parent": "earleft",
				"pivot": [2.85, 27.95, -3.1125],
				"rotation": [-22.5, 0, 0],
				"cubes": [
					{"origin": [2.8, 27.675, -3.3], "size": [0.35, 0.55, 0.375], "uv": [33, 11], "mirror": true}
				]
			},
			{
				"name": "bone142",
				"parent": "earleft",
				"pivot": [2.85, 27.55, -3.1125],
				"rotation": [15, 17.5, 0],
				"cubes": [
					{"origin": [2.375, 27.025, -3.3], "size": [0.375, 0.8, 0.375], "uv": [33, 11], "mirror": true}
				]
			},
			{
				"name": "bone143",
				"parent": "earleft",
				"pivot": [3.925, 27.55, -2.1875],
				"rotation": [15, -70, 0],
				"cubes": [
					{"origin": [3.2, 27.025, -2.375], "size": [0.75, 0.85, 0.375], "uv": [33, 11], "mirror": true}
				]
			},
			{
				"name": "bone144",
				"parent": "earleft",
				"pivot": [2.3, 27.1728, -2.87102],
				"rotation": [15, 25, 0],
				"cubes": [
					{"origin": [2.075, 26.9603, -3.05852], "size": [0.45, 0.5, 0.375], "uv": [33, 11], "mirror": true}
				]
			},
			{
				"name": "bone145",
				"parent": "earleft",
				"pivot": [4.1125, 28.1125, -2.7625],
				"rotation": [-15, -70, 0],
				"cubes": [
					{"origin": [3.875, 27.85, -2.95], "size": [0.475, 0.525, 0.375], "uv": [33, 11], "mirror": true}
				]
			},
			{
				"name": "bone146",
				"parent": "earleft",
				"pivot": [4.0625, 28.4125, -3.0125],
				"rotation": [-15, -47.5, 0],
				"cubes": [
					{"origin": [3.65, 28.15, -3.2], "size": [0.65, 0.425, 0.375], "uv": [33, 11], "mirror": true}
				]
			},
			{
				"name": "bone147",
				"parent": "earleft",
				"pivot": [3.925, 27.55, -2.1875],
				"rotation": [15, -100, 0],
				"cubes": [
					{"origin": [3.825, 27.025, -2.375], "size": [0.475, 0.65, 0.375], "uv": [33, 11], "mirror": true}
				]
			},
			{
				"name": "bone148",
				"parent": "earleft",
				"pivot": [4.625, 28.4, -2.6125],
				"rotation": [74, 47.5, 82.5],
				"cubes": [
					{"origin": [4.375, 26.9, -2.725], "size": [0.75, 1.25, 0.225], "uv": [105, 48], "mirror": true}
				]
			},
			{
				"name": "bone149",
				"parent": "earleft",
				"pivot": [4.625, 28.4, -2.6125],
				"rotation": [74, 47.5, 82.5],
				"cubes": [
					{"origin": [4.41832, 28.15283, -2.60507], "size": [0.7, 0.975, 0.225], "uv": [105, 48], "mirror": true}
				]
			},
			{
				"name": "bone150",
				"parent": "earleft",
				"pivot": [5.08082, 28.97783, -3.56757],
				"rotation": [59, 0, 45],
				"cubes": [
					{"origin": [4.89332, 28.52783, -3.68007], "size": [0.375, 0.9, 0.225], "uv": [105, 48], "mirror": true}
				]
			},
			{
				"name": "armLeft",
				"pivot": [4.0194, 16.09108, 0],
				"rotation": [0, 0, -25],
				"cubes": [
					{"origin": [3.69095, 8.79881, -1], "size": [2, 8, 2], "uv": [60, 18]}
				]
			},
			{
				"name": "zhenxiu",
				"parent": "armLeft",
				"pivot": [-5.95345, 2.83273, 0],
				"rotation": [0, 0, 22.5]
			},
			{
				"name": "bone73",
				"parent": "zhenxiu",
				"pivot": [-1.62458, 17.78652, -1.16251],
				"rotation": [5.04353, -8.4795, -1.28857],
				"cubes": [
					{"origin": [-2.86017, 17.35173, -1.95144], "size": [2.5, 0.75, 0.1], "uv": [0, 12]}
				]
			},
			{
				"name": "bone71",
				"parent": "zhenxiu",
				"pivot": [-0.70345, 14.81848, -1.55],
				"rotation": [33.69564, -0.90568, 64.40065],
				"cubes": [
					{"origin": [-3.55345, 14.74348, -1.6], "size": [5.2, 1.25, 0.1], "uv": [10, 28]}
				]
			},
			{
				"name": "bone70",
				"parent": "zhenxiu",
				"pivot": [1.5553, 16.02206, -0.96572],
				"rotation": [-64.72211, 0.33667, 64.634],
				"cubes": [
					{"origin": [-1.2947, 15.59706, -1.01572], "size": [5.7, 0.85, 0.1], "uv": [10, 28]}
				]
			},
			{
				"name": "bone69",
				"parent": "zhenxiu",
				"pivot": [0.48644, 16.72522, -2.2893],
				"rotation": [152.37196, 0.5885, 63.86293],
				"cubes": [
					{"origin": [-1.03255, 15.88076, -3.0152], "size": [5.1, 1.65, 0.1], "uv": [10, 28]}
				]
			},
			{
				"name": "bone68",
				"parent": "zhenxiu",
				"pivot": [3.00037, 10.9713, 1.23457],
				"rotation": [83.77476, -0.02211, 85.17637],
				"cubes": [
					{"origin": [0.15037, 10.7963, 1.18457], "size": [5.7, 0.35, 0.1], "uv": [10, 28]}
				]
			},
			{
				"name": "bone67",
				"parent": "zhenxiu",
				"pivot": [3.03281, 11.76848, 0.22216],
				"rotation": [90, 0, 85],
				"cubes": [
					{"origin": [0.97977, 10.94348, 0.10244], "size": [5.7, 1.65, 0.1], "uv": [10, 28]}
				]
			},
			{
				"name": "bone66",
				"parent": "zhenxiu",
				"pivot": [1.99655, 15.41848, 1.15],
				"rotation": [83.85886, -1.01857, 63.6756],
				"cubes": [
					{"origin": [-3.1836, 14.43232, -1.57093], "size": [6.9, 0.85, 0.1], "uv": [10, 28]}
				]
			},
			{
				"name": "bone65",
				"parent": "zhenxiu",
				"pivot": [0.44655, 18.76848, 0.15],
				"rotation": [90, 0, 65],
				"cubes": [
					{"origin": [-1.02131, 17.94348, -2.61892], "size": [6.9, 2.45, 0.1], "uv": [10, 28]}
				]
			},
			{
				"name": "bone64",
				"parent": "zhenxiu",
				"pivot": [0.79655, 15.96848, 1.85],
				"rotation": [33.69564, -0.90568, 64.40065],
				"cubes": [
					{"origin": [-2.05345, 15.14348, 1.8], "size": [5.7, 1.75, 0.1], "uv": [10, 28]}
				]
			},
			{
				"name": "bone63",
				"parent": "zhenxiu",
				"pivot": [1.99655, 15.41848, 1.15],
				"rotation": [83.85886, -1.01857, 63.6756],
				"cubes": [
					{"origin": [-1.85345, 15.24348, 1.1], "size": [5.7, 0.35, 0.1], "uv": [10, 28]}
				]
			},
			{
				"name": "bone62",
				"parent": "zhenxiu",
				"pivot": [-0.60345, 15.36848, 1.95],
				"rotation": [-18.32198, -2.55496, 63.50441],
				"cubes": [
					{"origin": [-3.45345, 14.94348, 1.9], "size": [5.7, 1.35, 0.1], "uv": [10, 28]}
				]
			},
			{
				"name": "bone61",
				"parent": "zhenxiu",
				"pivot": [0.44655, 18.76848, 0.15],
				"rotation": [90, 0, 65],
				"cubes": [
					{"origin": [0.24655, 17.94348, 0.1], "size": [5.7, 1.65, 0.1], "uv": [10, 28]}
				]
			},
			{
				"name": "bone60",
				"parent": "zhenxiu",
				"pivot": [-1.65345, 19.16553, 2.6103],
				"rotation": [-142.59252, 24.73906, 27.73121],
				"cubes": [
					{"origin": [-2.1953, 17.99866, 2.72786], "size": [3.1, 0.85, 0.1], "uv": [8, 18]}
				]
			},
			{
				"name": "bone59",
				"parent": "zhenxiu",
				"pivot": [-1.65345, 18.96553, -2.6103],
				"rotation": [142.59252, -24.73906, 27.73121],
				"cubes": [
					{"origin": [-2.35345, 17.74348, -2.9], "size": [3.3, 0.85, 0.1], "uv": [8, 18]}
				]
			},
			{
				"name": "bone72",
				"parent": "zhenxiu",
				"pivot": [-1.30858, 18.48918, -1.92609],
				"rotation": [-7.9102, -20.43482, -0.65387],
				"cubes": [
					{"origin": [-2.4548, 17.88106, -1.96984], "size": [2.7, 1.25, 0.4], "uv": [0, 12]}
				]
			},
			{
				"name": "bone37",
				"parent": "zhenxiu",
				"pivot": [-3.66463, 19.21903, -2.34859],
				"rotation": [-21.86476, -10.22604, 4.0749],
				"cubes": [
					{"origin": [-4.76542, 18.38116, -2.08821], "size": [2.9, 1.55, 0.5], "uv": [0, 12]}
				]
			},
			{
				"name": "bone88",
				"parent": "zhenxiu",
				"pivot": [-1.30858, 18.48918, 2.17391],
				"rotation": [171.64375, -19.56279, -179.34974],
				"cubes": [
					{"origin": [-2.4548, 17.88106, 2.13016], "size": [1.9, 1.65, 0.4], "uv": [0, 12]}
				]
			},
			{
				"name": "bone74",
				"parent": "zhenxiu",
				"pivot": [2.23281, 11.76848, 1.82216],
				"rotation": [35.49625, -0.63273, 85.10956],
				"cubes": [
					{"origin": [0.17977, 10.94348, 1.90244], "size": [5.7, 1.65, 0], "uv": [10, 28], "inflate": 0.01}
				]
			},
			{
				"name": "bone75",
				"parent": "zhenxiu",
				"pivot": [0.79655, 10.46848, 2.05],
				"rotation": [-18.51787, -0.06265, 85.50888],
				"cubes": [
					{"origin": [-2.05345, 10.04348, 2], "size": [5.3, 1.45, -0.9], "uv": [10, 27]}
				]
			},
			{
				"name": "bone76",
				"parent": "zhenxiu",
				"pivot": [0.62869, 9.26848, 0.03108],
				"rotation": [90, 0, 85],
				"cubes": [
					{"origin": [-2.82131, 7.44348, -0.11892], "size": [4.7, 3.05, 0.1], "uv": [10, 28]}
				]
			},
			{
				"name": "armRight",
				"pivot": [-3.0194, 16.09108, 0],
				"rotation": [0, 0, 25],
				"cubes": [
					{"origin": [-4.69095, 8.79881, -1], "size": [2, 8, 2], "uv": [60, 18], "mirror": true}
				]
			},
			{
				"name": "zhenxiu2",
				"parent": "armRight",
				"pivot": [6.95345, 2.83273, 0],
				"rotation": [0, 0, -22.5]
			},
			{
				"name": "bone77",
				"parent": "zhenxiu2",
				"pivot": [2.62458, 17.78652, -1.16251],
				"rotation": [5.04353, 8.4795, 1.28857],
				"cubes": [
					{"origin": [1.36017, 17.35173, -1.95144], "size": [2.5, 0.75, 0.1], "uv": [0, 12], "mirror": true}
				]
			},
			{
				"name": "bone78",
				"parent": "zhenxiu2",
				"pivot": [1.70345, 14.81848, -1.55],
				"rotation": [33.69564, 0.90568, -64.40065],
				"cubes": [
					{"origin": [-0.64655, 14.74348, -1.6], "size": [5.2, 1.25, 0.1], "uv": [10, 28], "mirror": true}
				]
			},
			{
				"name": "bone79",
				"parent": "zhenxiu2",
				"pivot": [-0.5553, 16.02206, -0.96572],
				"rotation": [-64.72211, -0.33667, -64.634],
				"cubes": [
					{"origin": [-3.4053, 15.59706, -1.01572], "size": [5.7, 0.85, 0.1], "uv": [10, 28], "mirror": true}
				]
			},
			{
				"name": "bone80",
				"parent": "zhenxiu2",
				"pivot": [0.51356, 16.72522, -2.2893],
				"rotation": [152.37196, -0.5885, -63.86293],
				"cubes": [
					{"origin": [-3.06745, 15.88076, -3.0152], "size": [5.1, 1.65, 0.1], "uv": [10, 28], "mirror": true}
				]
			},
			{
				"name": "bone81",
				"parent": "zhenxiu2",
				"pivot": [-2.00037, 10.9713, 1.23457],
				"rotation": [83.77476, 0.02211, -85.17637],
				"cubes": [
					{"origin": [-4.85037, 10.7963, 1.18457], "size": [5.7, 0.35, 0.1], "uv": [10, 28], "mirror": true}
				]
			},
			{
				"name": "bone82",
				"parent": "zhenxiu2",
				"pivot": [-2.03281, 11.76848, 0.22216],
				"rotation": [90, 0, -85],
				"cubes": [
					{"origin": [-5.67977, 10.94348, 0.10244], "size": [5.7, 1.65, 0.1], "uv": [10, 28], "mirror": true}
				]
			},
			{
				"name": "bone83",
				"parent": "zhenxiu2",
				"pivot": [-0.99655, 15.41848, 1.15],
				"rotation": [83.85886, 1.01857, -63.6756],
				"cubes": [
					{"origin": [-2.7164, 14.43232, -1.57093], "size": [6.9, 0.85, 0.1], "uv": [10, 28], "mirror": true}
				]
			},
			{
				"name": "bone84",
				"parent": "zhenxiu2",
				"pivot": [0.55345, 18.76848, 0.15],
				"rotation": [90, 0, -65],
				"cubes": [
					{"origin": [-4.87869, 17.94348, -2.61892], "size": [6.9, 2.45, 0.1], "uv": [10, 28], "mirror": true}
				]
			},
			{
				"name": "bone85",
				"parent": "zhenxiu2",
				"pivot": [0.20345, 15.96848, 1.85],
				"rotation": [33.69564, 0.90568, -64.40065],
				"cubes": [
					{"origin": [-2.64655, 15.14348, 1.8], "size": [5.7, 1.75, 0.1], "uv": [10, 28], "mirror": true}
				]
			},
			{
				"name": "bone86",
				"parent": "zhenxiu2",
				"pivot": [-0.99655, 15.41848, 1.15],
				"rotation": [83.85886, 1.01857, -63.6756],
				"cubes": [
					{"origin": [-2.84655, 15.24348, 1.1], "size": [5.7, 0.35, 0.1], "uv": [10, 28], "mirror": true}
				]
			},
			{
				"name": "bone87",
				"parent": "zhenxiu2",
				"pivot": [1.60345, 15.36848, 1.95],
				"rotation": [-18.32198, 2.55496, -63.50441],
				"cubes": [
					{"origin": [-1.24655, 14.94348, 1.9], "size": [5.7, 1.35, 0.1], "uv": [10, 28], "mirror": true}
				]
			},
			{
				"name": "bone89",
				"parent": "zhenxiu2",
				"pivot": [0.55345, 18.76848, 0.15],
				"rotation": [90, 0, -65],
				"cubes": [
					{"origin": [-4.94655, 17.94348, 0.1], "size": [5.7, 1.65, 0.1], "uv": [10, 28], "mirror": true}
				]
			},
			{
				"name": "bone90",
				"parent": "zhenxiu2",
				"pivot": [2.65345, 19.16553, 2.6103],
				"rotation": [-142.59252, -24.73906, -27.73121],
				"cubes": [
					{"origin": [0.0953, 17.99866, 2.72786], "size": [3.1, 0.85, 0.1], "uv": [8, 18], "mirror": true}
				]
			},
			{
				"name": "bone91",
				"parent": "zhenxiu2",
				"pivot": [2.65345, 18.96553, -2.6103],
				"rotation": [142.59252, 24.73906, -27.73121],
				"cubes": [
					{"origin": [0.05345, 17.74348, -2.9], "size": [3.3, 0.85, 0.1], "uv": [8, 18], "mirror": true}
				]
			},
			{
				"name": "bone92",
				"parent": "zhenxiu2",
				"pivot": [2.30858, 18.48918, -1.92609],
				"rotation": [-7.9102, 20.43482, 0.65387],
				"cubes": [
					{"origin": [0.7548, 17.88106, -1.96984], "size": [2.7, 1.25, 0.4], "uv": [0, 12], "mirror": true}
				]
			},
			{
				"name": "bone93",
				"parent": "zhenxiu2",
				"pivot": [4.66463, 19.21903, -2.34859],
				"rotation": [-21.86476, 10.22604, -4.0749],
				"cubes": [
					{"origin": [2.86542, 18.38116, -2.08821], "size": [2.9, 1.55, 0.5], "uv": [0, 12], "mirror": true}
				]
			},
			{
				"name": "bone94",
				"parent": "zhenxiu2",
				"pivot": [2.30858, 18.48918, 2.17391],
				"rotation": [171.64375, 19.56279, 179.34974],
				"cubes": [
					{"origin": [1.5548, 17.88106, 2.13016], "size": [1.9, 1.65, 0.4], "uv": [0, 12], "mirror": true}
				]
			},
			{
				"name": "bone95",
				"parent": "zhenxiu2",
				"pivot": [-1.23281, 11.76848, 1.82216],
				"rotation": [35.49625, 0.63273, -85.10956],
				"cubes": [
					{"origin": [-4.87977, 10.94348, 1.90244], "size": [5.7, 1.65, 0], "uv": [10, 28], "inflate": 0.01, "mirror": true}
				]
			},
			{
				"name": "bone96",
				"parent": "zhenxiu2",
				"pivot": [0.20345, 10.46848, 2.05],
				"rotation": [-18.51787, 0.06265, -85.50888],
				"cubes": [
					{"origin": [-2.24655, 10.04348, 2], "size": [5.3, 1.45, -0.9], "uv": [10, 27], "mirror": true}
				]
			},
			{
				"name": "bone97",
				"parent": "zhenxiu2",
				"pivot": [0.37131, 9.26848, 0.03108],
				"rotation": [90, 0, -85],
				"cubes": [
					{"origin": [-0.87869, 7.44348, -0.11892], "size": [4.7, 3.05, 0.1], "uv": [10, 28], "mirror": true}
				]
			},
			{
				"name": "body",
				"pivot": [0, 10.5, 0],
				"cubes": [
					{"origin": [-3.5, 9.399, -1.5], "size": [7, 9.6, 3], "uv": [61, 14]}
				]
			},
			{
				"name": "yifu",
				"parent": "body",
				"pivot": [0, 0, 0]
			},
			{
				"name": "bone58",
				"parent": "yifu",
				"pivot": [-0.7, 17.33213, -2.1782],
				"rotation": [155, 0, 42.5],
				"cubes": [
					{"origin": [-0.7, 17.33213, -2.2782], "size": [0.2, 0.4, 0.5], "uv": [20, 17]}
				]
			},
			{
				"name": "bone57",
				"parent": "yifu",
				"pivot": [-0.7, 17.33213, -2.1782],
				"rotation": [155, 0, 42.5],
				"cubes": [
					{"origin": [-1.1, 17.13213, -2.6782], "size": [1, 0.2, 1], "uv": [20, 15]}
				]
			},
			{
				"name": "bone56",
				"parent": "yifu",
				"pivot": [-0.7, 17.33213, -2.1782],
				"rotation": [155, 0, 42.5],
				"cubes": [
					{"origin": [-1, 16.83213, -2.6782], "size": [0.8, 0.8, 0.8], "uv": [20, 15]}
				]
			},
			{
				"name": "bone55",
				"parent": "yifu",
				"pivot": [0.05, 16.88575, 2.35],
				"rotation": [2, 0, 0],
				"cubes": [
					{"origin": [-3.9, 14.51075, 2.3], "size": [7.9, 2.55, 0.1], "uv": [4, 19]}
				]
			},
			{
				"name": "bone54",
				"parent": "yifu",
				"pivot": [0.05, 17.28575, 2.15],
				"rotation": [37, 0, 0],
				"cubes": [
					{"origin": [-3.9, 16.91075, 2.1], "size": [7.9, 0.55, 0.1], "uv": [4, 19]}
				]
			},
			{
				"name": "bone53",
				"parent": "yifu",
				"pivot": [-2.6, 17.33575, -1.55],
				"rotation": [90, 0, 0],
				"cubes": [
					{"origin": [-3.9, 13.71075, -1.6], "size": [7.9, 0.35, 0.1], "uv": [5, 18]}
				]
			},
			{
				"name": "bone52",
				"parent": "yifu",
				"pivot": [-2.6, 17.33575, -1.55],
				"rotation": [90, 0, 0],
				"cubes": [
					{"origin": [3.7, 13.91075, -1.6], "size": [0.3, 3.85, 0.1], "uv": [5, 12]}
				]
			},
			{
				"name": "bone51",
				"parent": "yifu",
				"pivot": [-2.6, 17.33575, -1.55],
				"rotation": [90, 0, 0],
				"cubes": [
					{"origin": [-3.9, 13.91075, -1.6], "size": [0.3, 3.85, 0.1], "uv": [6, 12]}
				]
			},
			{
				"name": "bone50",
				"parent": "yifu",
				"pivot": [1.9, 16.3328, -2.7103],
				"rotation": [155, 0, 0],
				"cubes": [
					{"origin": [-3.1, 15.87195, -2.99645], "size": [1.8, 0.45, 0.1], "uv": [9, 15]}
				]
			},
			{
				"name": "bone49",
				"parent": "yifu",
				"pivot": [-5.2, 16.3328, -2.7103],
				"rotation": [155, 0, 0],
				"cubes": [
					{"origin": [-3.9, 15.11075, -3], "size": [2.6, 0.85, 0.1], "uv": [7, 15]}
				]
			},
			{
				"name": "bone48",
				"parent": "yifu",
				"pivot": [0.1, 16.3328, -2.7103],
				"rotation": [155, 0, 0],
				"cubes": [
					{"origin": [-2.1, 15.12491, -3.00867], "size": [0.8, 1.85, 0.1], "uv": [11, 15]}
				]
			},
			{
				"name": "bone47",
				"parent": "yifu",
				"pivot": [1.9, 16.3328, -2.7103],
				"rotation": [155, 0, 0],
				"cubes": [
					{"origin": [1.6, 15.87195, -2.99645], "size": [1.8, 0.45, 0.1], "uv": [10, 15]}
				]
			},
			{
				"name": "bone46",
				"parent": "yifu",
				"pivot": [0.1, 16.3328, -2.7103],
				"rotation": [155, 0, 0],
				"cubes": [
					{"origin": [-0.2, 15.87195, -2.99645], "size": [1.8, 0.85, 0.1], "uv": [10, 15]}
				]
			},
			{
				"name": "bone45",
				"parent": "yifu",
				"pivot": [0.1, 16.3328, -2.7103],
				"rotation": [155, 0, 0],
				"cubes": [
					{"origin": [-0.2, 15.11075, -3], "size": [4.2, 0.85, 0.1], "uv": [7, 15]}
				]
			},
			{
				"name": "bone44",
				"parent": "yifu",
				"pivot": [0.1, 16.3328, -2.7103],
				"rotation": [155, 0, 0],
				"cubes": [
					{"origin": [-1.2, 15.92491, -3.00867], "size": [1, 1.05, 0.1], "uv": [10, 15]}
				]
			},
			{
				"name": "bone43",
				"parent": "yifu",
				"pivot": [0.1, 16.3328, -2.7103],
				"rotation": [155, 0, 0],
				"cubes": [
					{"origin": [-1.2, 16.7578, -2.9603], "size": [0.3, 0.35, 0.1], "uv": [3, 17]}
				]
			},
			{
				"name": "bone42",
				"parent": "yifu",
				"pivot": [2.06736, 15.49053, -2.11212],
				"rotation": [-4.5, -10, 0],
				"cubes": [
					{"origin": [1.1, 15.2578, -2.4603], "size": [1.9, 0.45, 0.5], "uv": [0, 12], "mirror": true}
				]
			},
			{
				"name": "bone41",
				"parent": "yifu",
				"pivot": [-2.05, 15.4828, -2.2103],
				"rotation": [-4.5, 10, 0],
				"cubes": [
					{"origin": [-3, 15.2578, -2.4603], "size": [1.9, 0.45, 0.5], "uv": [1, 17]}
				]
			},
			{
				"name": "bone40",
				"parent": "yifu",
				"pivot": [-1.4, 16.3, -1.05],
				"rotation": [-4.5, -10, 0],
				"cubes": [
					{"origin": [-1.1, 15.1578, -2.5603], "size": [1.9, 0.45, 0.5], "uv": [0, 12]}
				]
			},
			{
				"name": "bone36",
				"parent": "yifu",
				"pivot": [0, 15.8, -1.7],
				"rotation": [-57.5, 0, 0]
			},
			{
				"name": "bone38",
				"parent": "bone36",
				"pivot": [0.1, 16.7, -1.45],
				"rotation": [32.5, 0, 0],
				"cubes": [
					{"origin": [-1.2, 15.5578, -2.9603], "size": [2.6, 1.05, 0.5], "uv": [0, 12]}
				]
			},
			{
				"name": "bone39",
				"parent": "bone36",
				"pivot": [-2.41736, 16.7, -1.25152],
				"rotation": [27.86082, 8.86042, 4.65468],
				"cubes": [
					{"origin": [-3.44245, 15.63609, -2.59354], "size": [2.5, 1.55, 0.5], "uv": [0, 16]}
				]
			},
			{
				"name": "bone25",
				"parent": "yifu",
				"pivot": [0, 0, 0]
			},
			{
				"name": "bone26",
				"parent": "bone25",
				"pivot": [2.48264, 15.9, -1.55152],
				"rotation": [32.8988, -9.74419, -5.12883],
				"cubes": [
					{"origin": [1.15583, 14.40302, -2.55389], "size": [2.9, 1.45, 0.5], "uv": [0, 12]}
				]
			},
			{
				"name": "bone27",
				"parent": "bone25",
				"pivot": [0.1, 15.9, -1.75],
				"rotation": [32.5, 0, 0],
				"cubes": [
					{"origin": [-1.2, 14.71267, -2.83249], "size": [2.6, 1.45, 0.5], "uv": [0, 12]}
				]
			},
			{
				"name": "bone28",
				"parent": "bone25",
				"pivot": [-2.41736, 15.9, -1.55152],
				"rotation": [32.89875, 8.42145, 5.41207],
				"cubes": [
					{"origin": [-3.90342, 14.42781, -2.54772], "size": [2.9, 1.45, 0.5], "uv": [0, 16]}
				]
			},
			{
				"name": "bone29",
				"parent": "bone25",
				"pivot": [3.88264, 12.4, -0.35152],
				"rotation": [0, -73.5, 0],
				"cubes": [
					{"origin": [2.68264, 14.4, -0.50152], "size": [1.7, 1, 0.3], "uv": [0, 12]}
				]
			},
			{
				"name": "bone30",
				"parent": "bone25",
				"pivot": [3.88264, 12.4, 0.44848],
				"rotation": [0, 79, 0],
				"cubes": [
					{"origin": [2.68264, 14.4, 0.29848], "size": [1.7, 1, 0.3], "uv": [0, 12]}
				]
			},
			{
				"name": "bone31",
				"parent": "bone25",
				"pivot": [-3.88264, 12.4, -0.35152],
				"rotation": [0, 73.5, 0],
				"cubes": [
					{"origin": [-4.38264, 14.4, -0.50152], "size": [1.7, 1, 0.3], "uv": [0, 12], "mirror": true}
				]
			},
			{
				"name": "bone32",
				"parent": "bone25",
				"pivot": [-3.58264, 12.4, 1.14848],
				"rotation": [-180, 66.5, 180],
				"cubes": [
					{"origin": [-4.08264, 14.4, 0.99848], "size": [1.7, 1, 0.3], "uv": [0, 12], "mirror": true}
				]
			},
			{
				"name": "bone33",
				"parent": "bone25",
				"pivot": [2.5, 12.4, 1.75],
				"cubes": [
					{"origin": [-1.3, 14.4, 1.7], "size": [2.6, 2.9, 0.3], "uv": [0, 12]}
				]
			},
			{
				"name": "bone34",
				"parent": "bone25",
				"pivot": [2.41736, 12.4, 1.64848],
				"rotation": [-180, -10, 180],
				"cubes": [
					{"origin": [1.21736, 14.4, 1.49848], "size": [2.4, 2.9, 0.3], "uv": [0, 12], "mirror": true}
				]
			},
			{
				"name": "bone35",
				"parent": "bone25",
				"pivot": [-2.5, 12.4, 1.75],
				"rotation": [0, -10, 0],
				"cubes": [
					{"origin": [-3.40456, 14.4, 1.54791], "size": [2.4, 2.9, 0.3], "uv": [0, 12], "mirror": true}
				]
			},
			{
				"name": "bone14",
				"parent": "yifu",
				"pivot": [0, 1, 0]
			},
			{
				"name": "bone15",
				"parent": "bone14",
				"pivot": [2.48264, 13.4, -1.55152],
				"rotation": [0, -11, 0],
				"cubes": [
					{"origin": [1.28264, 12.4, -1.80152], "size": [2.4, 1, 0.4], "uv": [0, 9]}
				]
			},
			{
				"name": "bone16",
				"parent": "bone14",
				"pivot": [2.4, 1, 0],
				"cubes": [
					{"origin": [-1.2, 12.4, -2], "size": [2.6, 1, 0.4], "uv": [0, 9]}
				]
			},
			{
				"name": "bone17",
				"parent": "bone14",
				"pivot": [-2.4, 13.4, -1.65],
				"rotation": [0, 10, 0],
				"cubes": [
					{"origin": [-3.61736, 12.4, -1.80152], "size": [2.4, 1, 0.4], "uv": [0, 9]}
				]
			},
			{
				"name": "bone18",
				"parent": "bone14",
				"pivot": [3.88264, 13.4, -0.35152],
				"rotation": [0, -73.5, 0],
				"cubes": [
					{"origin": [2.68264, 12.4, -0.60152], "size": [1.7, 1, 0.4], "uv": [0, 9]}
				]
			},
			{
				"name": "bone19",
				"parent": "bone14",
				"pivot": [3.88264, 13.4, 0.44848],
				"rotation": [0, 79, 0],
				"cubes": [
					{"origin": [2.68264, 12.4, 0.19848], "size": [1.7, 1, 0.4], "uv": [0, 9], "inflate": 0.01}
				]
			},
			{
				"name": "bone20",
				"parent": "bone14",
				"pivot": [-3.88264, 13.4, -0.35152],
				"rotation": [0, 73.5, 0],
				"cubes": [
					{"origin": [-4.38264, 12.4, -0.60152], "size": [1.7, 1, 0.4], "uv": [0, 9], "mirror": true}
				]
			},
			{
				"name": "bone21",
				"parent": "bone14",
				"pivot": [-3.58264, 13.4, 1.14848],
				"rotation": [-180, 66.5, 180],
				"cubes": [
					{"origin": [-4.08264, 12.4, 0.89848], "size": [1.7, 1, 0.4], "uv": [0, 9], "mirror": true}
				]
			},
			{
				"name": "bone22",
				"parent": "bone14",
				"pivot": [2.5, 13.4, 1.75],
				"cubes": [
					{"origin": [-1.3, 12.4, 1.8], "size": [2.6, 1, 0.4], "uv": [0, 9]}
				]
			},
			{
				"name": "bone23",
				"parent": "bone14",
				"pivot": [2.41736, 13.4, 1.64848],
				"rotation": [-180, -10, 180],
				"cubes": [
					{"origin": [1.21736, 12.4, 1.39848], "size": [2.4, 1, 0.4], "uv": [0, 9], "mirror": true}
				]
			},
			{
				"name": "bone24",
				"parent": "bone14",
				"pivot": [-2.5, 13.4, 1.75],
				"rotation": [0, -10, 0],
				"cubes": [
					{"origin": [-3.38719, 12.4, 1.54639], "size": [2.4, 1, 0.4], "uv": [0, 9], "mirror": true}
				]
			},
			{
				"name": "bone6",
				"parent": "yifu",
				"pivot": [0, 0, 0]
			},
			{
				"name": "bone5",
				"parent": "bone6",
				"pivot": [2.48264, 12.4, -1.55152],
				"rotation": [0, -11, 0],
				"cubes": [
					{"origin": [1.28264, 11.4, -1.70152], "size": [2.4, 3, 0.3], "uv": [0, 0]}
				]
			},
			{
				"name": "bone4",
				"parent": "bone6",
				"pivot": [2.4, 0, 0],
				"cubes": [
					{"origin": [-1.2, 11.4, -1.9], "size": [2.6, 3, 0.3], "uv": [0, 0]}
				]
			},
			{
				"name": "bone2",
				"parent": "bone6",
				"pivot": [-2.4, 12.4, -1.65],
				"rotation": [0, 10, 0],
				"cubes": [
					{"origin": [-3.61736, 11.4, -1.70152], "size": [2.4, 3, 0.3], "uv": [0, 0]}
				]
			},
			{
				"name": "bone7",
				"parent": "bone6",
				"pivot": [3.88264, 12.4, -0.35152],
				"rotation": [0, -73.5, 0],
				"cubes": [
					{"origin": [2.68264, 11.4, -0.50152], "size": [1.7, 3, 0.3], "uv": [0, 0]}
				]
			},
			{
				"name": "bone8",
				"parent": "bone6",
				"pivot": [3.88264, 12.4, 0.44848],
				"rotation": [0, 79, 0],
				"cubes": [
					{"origin": [2.68264, 11.4, 0.29848], "size": [1.7, 3, 0.3], "uv": [0, 0]}
				]
			},
			{
				"name": "bone9",
				"parent": "bone6",
				"pivot": [-3.88264, 12.4, -0.35152],
				"rotation": [0, 73.5, 0],
				"cubes": [
					{"origin": [-4.38264, 11.4, -0.50152], "size": [1.7, 3, 0.3], "uv": [0, 0], "mirror": true}
				]
			},
			{
				"name": "bone10",
				"parent": "bone6",
				"pivot": [-3.58264, 12.4, 1.14848],
				"rotation": [-180, 66.5, 180],
				"cubes": [
					{"origin": [-4.08264, 11.4, 0.99848], "size": [1.7, 3, 0.3], "uv": [0, 0], "mirror": true}
				]
			},
			{
				"name": "bone13",
				"parent": "bone6",
				"pivot": [2.5, 12.4, 1.75],
				"cubes": [
					{"origin": [-1.3, 11.4, 1.7], "size": [2.6, 3, 0.3], "uv": [0, 0]}
				]
			},
			{
				"name": "bone11",
				"parent": "bone6",
				"pivot": [2.41736, 12.4, 1.64848],
				"rotation": [-180, -10, 180],
				"cubes": [
					{"origin": [1.21736, 11.4, 1.49848], "size": [2.4, 3, 0.3], "uv": [0, 0], "mirror": true}
				]
			},
			{
				"name": "bone12",
				"parent": "bone6",
				"pivot": [-2.5, 12.4, 1.75],
				"rotation": [0, -10, 0],
				"cubes": [
					{"origin": [-3.40456, 11.4, 1.54791], "size": [2.4, 3, 0.3], "uv": [0, 0], "mirror": true}
				]
			},
			{
				"name": "bone3",
				"parent": "yifu",
				"pivot": [0, 0, 6],
				"rotation": [-180, 0, 180]
			},
			{
				"name": "skirt11",
				"parent": "bone3",
				"pivot": [2.2, 7.9, 3.85],
				"rotation": [80, -5, 0],
				"cubes": [
					{"origin": [1.72293, 1.98729, 3.87273], "size": [2, 0.4, 4.7], "uv": [0, 3], "mirror": true}
				]
			},
			{
				"name": "skirt12",
				"parent": "bone3",
				"pivot": [-1.82635, 7.9, 3.85],
				"rotation": [80, 5, 0],
				"cubes": [
					{"origin": [-3.34929, 1.98729, 3.87273], "size": [2, 0.4, 4.7], "uv": [0, 3]}
				]
			},
			{
				"name": "skirt13",
				"parent": "bone3",
				"pivot": [0.2, 8, 3.85],
				"rotation": [77.5, 0, 0],
				"cubes": [
					{"origin": [-0.875, 2.35866, 3.97493], "size": [2.15, 0.4, 4.7], "uv": [0, 3], "mirror": true}
				]
			},
			{
				"name": "skirt14",
				"parent": "bone3",
				"pivot": [-3, 9.1, 6],
				"rotation": [80, 15, 0],
				"cubes": [
					{"origin": [-4.82852, 4.98583, 4.44172], "size": [1, 0.4, 4.7], "uv": [0, 3]}
				]
			},
			{
				"name": "skirt15",
				"parent": "bone3",
				"pivot": [-3.89257, 9.09227, 6.05],
				"rotation": [80, 72.5, 0],
				"cubes": [
					{"origin": [-9.44211, 7.65149, 4.02033], "size": [1.4, 0.4, 4.7], "uv": [0, 3]}
				]
			},
			{
				"name": "skirt16",
				"parent": "bone3",
				"pivot": [-3.91849, 8.14771, 4.58265],
				"rotation": [80, 42.5, 0],
				"cubes": [
					{"origin": [-8.09576, 3.65778, 3.98908], "size": [0.6, 0.4, 4.7], "uv": [0, 3]}
				]
			},
			{
				"name": "skirt17",
				"parent": "bone3",
				"pivot": [3.89257, 9.09227, 6.05],
				"rotation": [80, -72.5, 0],
				"cubes": [
					{"origin": [8.04211, 7.65149, 4.02033], "size": [1.4, 0.4, 4.7], "uv": [0, 3], "mirror": true}
				]
			},
			{
				"name": "skirt18",
				"parent": "bone3",
				"pivot": [3.91849, 8.14771, 4.58265],
				"rotation": [80, -42.5, 0],
				"cubes": [
					{"origin": [7.4282, 3.73039, 3.97628], "size": [0.6, 0.4, 4.7], "uv": [0, 3], "mirror": true}
				]
			},
			{
				"name": "skirt21",
				"parent": "bone3",
				"pivot": [3.37148, 9.18583, 10.19172],
				"rotation": [80, -32.5, 0],
				"cubes": [
					{"origin": [2.87148, 8.98583, 7.84172], "size": [1, 0.4, 4.7], "uv": [0, 3]}
				]
			},
			{
				"name": "bone",
				"parent": "yifu",
				"pivot": [0, 0, 0]
			},
			{
				"name": "skirt2",
				"parent": "bone",
				"pivot": [2.2, 7.9, -2.15],
				"rotation": [80, -5, 0],
				"cubes": [
					{"origin": [1.2, 7.87365, -3.16519], "size": [2, 0.4, 4.7], "uv": [0, 3], "mirror": true}
				]
			},
			{
				"name": "skirt4",
				"parent": "bone",
				"pivot": [-1.82635, 7.9, -2.15],
				"rotation": [80, 5, 0],
				"cubes": [
					{"origin": [-2.82635, 7.87365, -3.16519], "size": [2, 0.4, 4.7], "uv": [0, 3]}
				]
			},
			{
				"name": "skirt5",
				"parent": "bone",
				"pivot": [0.2, 8, -2.15],
				"rotation": [77.5, 0, 0],
				"cubes": [
					{"origin": [-0.875, 8.21644, -3.3237], "size": [2.125, 0.4, 4.7], "uv": [0, 3], "mirror": true}
				]
			},
			{
				"name": "skirt3",
				"parent": "bone",
				"pivot": [-3, 9.1, 0],
				"rotation": [80, 15, 0],
				"cubes": [
					{"origin": [-3.27561, 10.69334, -2.56467], "size": [1, 0.4, 4.7], "uv": [0, 3]}
				]
			},
			{
				"name": "skirt6",
				"parent": "bone",
				"pivot": [-3.89257, 9.09227, 0.05],
				"rotation": [80, 72.5, 0],
				"cubes": [
					{"origin": [-3.7198, 9.42832, -2.29298], "size": [1.4, 0.4, 4.7], "uv": [0, 3]}
				]
			},
			{
				"name": "skirt7",
				"parent": "bone",
				"pivot": [-3.91849, 8.14771, -1.41735],
				"rotation": [80, 42.5, 0],
				"cubes": [
					{"origin": [-4.04222, 8.01424, -2.77908], "size": [0.6, 0.4, 4.7], "uv": [0, 3]}
				]
			},
			{
				"name": "skirt8",
				"parent": "bone",
				"pivot": [3.89257, 9.09227, 0.05],
				"rotation": [80, -72.5, 0],
				"cubes": [
					{"origin": [2.3198, 9.42832, -2.29298], "size": [1.4, 0.4, 4.7], "uv": [0, 3], "mirror": true}
				]
			},
			{
				"name": "skirt9",
				"parent": "bone",
				"pivot": [3.91849, 8.14771, -1.41735],
				"rotation": [80, -42.5, 0],
				"cubes": [
					{"origin": [3.37466, 8.08685, -2.79188], "size": [0.6, 0.4, 4.7], "uv": [0, 3], "mirror": true}
				]
			},
			{
				"name": "skirt10",
				"parent": "bone",
				"pivot": [3, 9.1, -0.1],
				"rotation": [80, -15, 0],
				"cubes": [
					{"origin": [2.27561, 10.69334, -2.66467], "size": [1, 0.4, 4.7], "uv": [0, 3], "mirror": true}
				]
			},
			{
				"name": "skirt19",
				"parent": "bone",
				"pivot": [-4.2198, 9.12832, 0.05702],
				"rotation": [0, 90, -80],
				"cubes": [
					{"origin": [-4.6198, 8.92832, -2.29298], "size": [1.1, 0.4, 4.7], "uv": [0, 3]}
				]
			},
			{
				"name": "skirt20",
				"parent": "bone",
				"pivot": [4.2802, 9.22832, 0.05702],
				"rotation": [0, -90, 80],
				"cubes": [
					{"origin": [3.7802, 9.02832, -2.29298], "size": [1, 0.4, 4.7], "uv": [0, 3]}
				]
			},
			{
				"name": "collar",
				"parent": "body",
				"pivot": [0, 0, 0],
				"cubes": [
					{"origin": [-3.725, 17.475, -1.525], "size": [0.175, 0.4, 3.075], "uv": [4, 35], "mirror": true},
					{"origin": [-3.725, 17.475, 1.55], "size": [7.45, 0.4, 0.275], "uv": [6, 23]},
					{"origin": [3.55, 17.475, -1.525], "size": [0.175, 0.4, 3.075], "uv": [4, 35]},
					{"origin": [-3.725, 17.475, -1.8], "size": [7.45, 0.4, 0.275], "uv": [6, 23]}
				]
			},
			{
				"name": "legLeft",
				"pivot": [2, 9, 0],
				"cubes": [
					{"origin": [0.499, 0.61, -1.5], "size": [3, 8.8, 3], "uv": [73, 116]},
					{"origin": [0.4, 0, -1.6], "size": [3.2, 0.5, 3.2], "uv": [10, 125]},
					{"origin": [0.4, 0.5, -1.6], "size": [3.2, 0.1, 3.2], "uv": [10, 121]}
				]
			},
			{
				"name": "legRight",
				"pivot": [-2, 9, 0],
				"cubes": [
					{"origin": [-3.499, 0.51, -1.5], "size": [3, 8.9, 3], "uv": [73, 116]},
					{"origin": [-3.6, 0, -1.6], "size": [3.2, 0.5, 3.2], "uv": [10, 125]},
					{"origin": [-3.6, 0.5, -1.6], "size": [3.2, 0.1, 3.2], "uv": [10, 121]}
				]
			},
			{
				"name": "tail",
				"pivot": [0.5, 10.2, 1],
				"rotation": [10, 0, 0]
			},
			{
				"name": "tail1",
				"parent": "tail",
				"pivot": [0.5, 10.2, 1],
				"cubes": [
					{"origin": [-0.5, 5.4, 1], "size": [1, 5.8, 0.8], "uv": [111, 50]}
				]
			},
			{
				"name": "tail2",
				"parent": "tail",
				"pivot": [0, 4.6, 4.6],
				"rotation": [64, 0, 0],
				"cubes": [
					{"origin": [-0.5, 6.32026, 3.70472], "size": [1, 2, 0.8], "uv": [106, 52]}
				]
			},
			{
				"name": "tail3",
				"parent": "tail",
				"pivot": [0, 4.6, 6.6],
				"rotation": [81, 0, 0],
				"cubes": [
					{"origin": [-0.5, 5.12922, 5.96618], "size": [1, 3.3, 0.8], "uv": [107, 52]}
				]
			},
			{
				"name": "shipinmao",
				"parent": "tail",
				"pivot": [2.925, 3.225, -1],
				"rotation": [10.28962, -12.97309, -11.81949]
			},
			{
				"name": "bone98",
				"parent": "shipinmao",
				"pivot": [2.925, 3.225, -1],
				"cubes": [
					{"origin": [2.025, 3.2, 4.5], "size": [0.3, 0.325, 1], "uv": [24, 4]}
				]
			},
			{
				"name": "bone100",
				"parent": "shipinmao",
				"pivot": [2.175, 3.475, 5.55],
				"rotation": [32.5, 0, 0],
				"cubes": [
					{"origin": [2.025, 3.325, 5.3], "size": [0.3, 0.3, 0.475], "uv": [27, 4]}
				]
			},
			{
				"name": "bone99",
				"parent": "shipinmao",
				"pivot": [2.175, 3.475, 4.55],
				"rotation": [62.5, 0, 0],
				"cubes": [
					{"origin": [2.025, 3.3137, 4.35383], "size": [0.3, 0.475, 0.3], "uv": [27, 4]}
				]
			},
			{
				"name": "bone101",
				"parent": "shipinmao",
				"pivot": [2.925, 3.225, -1],
				"cubes": [
					{"origin": [2.075, 3.525, 4.9], "size": [0.2, 1.2, 0.25], "uv": [27, 4]}
				]
			},
			{
				"name": "bone103",
				"parent": "shipinmao",
				"pivot": [2.175, 3.7512, 5.75383],
				"rotation": [-20, 0, 0],
				"cubes": [
					{"origin": [2.025, 3.5137, 5.60383], "size": [0.3, 0.4, 0.3], "uv": [27, 4]}
				]
			},
			{
				"name": "bone102",
				"parent": "shipinmao",
				"pivot": [2.175, 3.65, 4.325],
				"rotation": [17.5, 0, 0],
				"cubes": [
					{"origin": [2.025, 3.4887, 4.12883], "size": [0.3, 0.475, 0.3], "uv": [27, 4]}
				]
			},
			{
				"name": "bone105",
				"parent": "shipinmao",
				"pivot": [2.925, 3.225, -1],
				"cubes": [
					{"origin": [2.075, 4.55, 5.15], "size": [0.2, 0.2, 0.375], "uv": [27, 4]}
				]
			},
			{
				"name": "bone104",
				"parent": "shipinmao",
				"pivot": [2.925, 3.225, -1],
				"cubes": [
					{"origin": [2.075, 4.725, 4.9], "size": [0.2, 0.15, 0.25], "uv": [27, 4]}
				]
			},
			{
				"name": "bone106",
				"parent": "shipinmao",
				"pivot": [2.925, 3.225, -1.625],
				"cubes": [
					{"origin": [2.075, 4.55, 4.525], "size": [0.2, 0.2, 0.375], "uv": [27, 4]}
				]
			},
			{
				"name": "bone107",
				"parent": "shipinmao",
				"pivot": [2.925, 3.225, -1],
				"cubes": [
					{"origin": [2.075, 4.875, 4.725], "size": [0.2, 0.125, 0.6], "uv": [27, 4]}
				]
			},
			{
				"name": "bone109",
				"parent": "shipinmao",
				"pivot": [2.925, 3.225, -1],
				"cubes": [
					{"origin": [2.075, 5, 4.725], "size": [0.2, 0.325, 0.125], "uv": [27, 4]}
				]
			},
			{
				"name": "bone108",
				"parent": "shipinmao",
				"pivot": [2.925, 3.675, -1],
				"cubes": [
					{"origin": [2.075, 5.325, 4.725], "size": [0.2, 0.125, 0.6], "uv": [27, 4]}
				]
			},
			{
				"name": "bone110",
				"parent": "shipinmao",
				"pivot": [2.925, 3.225, -1],
				"cubes": [
					{"origin": [2.075, 5, 5.2], "size": [0.2, 0.325, 0.125], "uv": [27, 4]}
				]
			}
		]
	}
}