{
	"pack_name": "{maid_pack.unfinished_dream_of_all_living_ghost.name}",
	"model_list": [
		{
			"model_id": "unfinished_dream_of_all_living_ghost:mitsugashira_enoko",
			"description": ["{model.unfinished_dream_of_all_living_ghost.mitsugashira_enoko.desc}"],
			"animation": [
				"touhou_little_maid:animation/maid/default/head/default.js",
				"touhou_little_maid:animation/maid/default/head/beg.js",
				"touhou_little_maid:animation/maid/default/head/music_shake.js",
				"touhou_little_maid:animation/maid/default/head/blink.js",
				"touhou_little_maid:animation/maid/default/head/ear_shake.js",
				"touhou_little_maid:animation/maid/default/head/ear_beg_shake.js",
				"touhou_little_maid:animation/maid/default/arm/default.js",
				"touhou_little_maid:animation/maid/default/arm/swing.js",
				"touhou_little_maid:animation/maid/default/leg/default.js",
				"touhou_little_maid:animation/maid/default/armor/default.js",
				"touhou_little_maid:animation/maid/default/sit/skirt_rotation.js",
				"touhou_little_maid:animation/maid/default/sit/default.js"
			]
		},
		{
			"model_id": "unfinished_dream_of_all_living_ghost:son_biten",
			"description": ["{model.unfinished_dream_of_all_living_ghost.son_biten.desc}"],
			"animation": [
				"touhou_little_maid:animation/maid/default/head/default.js",
				"touhou_little_maid:animation/maid/default/head/beg.js",
				"touhou_little_maid:animation/maid/default/head/music_shake.js",
				"touhou_little_maid:animation/maid/default/head/blink.js",
				"touhou_little_maid:animation/maid/default/arm/default.js",
				"touhou_little_maid:animation/maid/default/arm/swing.js",
				"touhou_little_maid:animation/maid/default/leg/default.js",
				"touhou_little_maid:animation/maid/default/sit/skirt_rotation.js",
				"touhou_little_maid:animation/maid/default/armor/default.js",
				"touhou_little_maid:animation/maid/default/sit/default.js",
				"touhou_little_maid:animation/maid/default/tail/default.js"
			]
		}
	],
	"version": "1.0.0",
	"author": ["gyhgyj88"],
	"description": ["{maid_pack.unfinished_dream_of_all_living_ghost.desc}"],
	"date": "2023-10-13",
	"icon": "unfinished_dream_of_all_living_ghost:textures/maid_icon.png"
}