{
	"format_version": "1.10.0",
	"geometry.model": {
		"texturewidth": 64,
		"textureheight": 64,
		"visible_bounds_width": 3,
		"visible_bounds_height": 3,
		"visible_bounds_offset": [0, 1.5, 0],
		"bones": [
			{
				"name": "head",
				"pivot": [-0.064, 18.25, 0],
				"cubes": [
					{"origin": [-4.064, 18.25, -4], "size": [8, 8, 8], "uv": [0, 0]}
				]
			},
			{
				"name": "blink",
				"parent": "head",
				"pivot": [-0.064, 0.25, 0],
				"cubes": [
					{"origin": [-4.064, 18.25, -4.001], "size": [8, 8, 0], "uv": [32, 8]}
				]
			},
			{
				"name": "headleave3",
				"parent": "head",
				"pivot": [5.18478, 17.1003, -2.5],
				"rotation": [0, 0, -5],
				"cubes": [
					{"origin": [3.04095, 17.06117, -4.001], "size": [1, 1.43744, 1], "uv": [59, 21]}
				]
			},
			{
				"name": "headleave4",
				"parent": "head",
				"pivot": [5.18478, 17.1003, -2.5],
				"rotation": [0, 0, 10],
				"cubes": [
					{"origin": [-4.12313, 15.58946, -4.001], "size": [1, 1.27728, 1], "uv": [59, 21]}
				]
			},
			{
				"name": "headleave9",
				"parent": "head",
				"pivot": [-0.18549, 17.23073, 7.41241],
				"rotation": [15, 0, 0]
			},
			{
				"name": "headleave10",
				"parent": "head",
				"pivot": [-0.18549, 17.23073, 7.41241],
				"rotation": [5, 0, -15]
			},
			{
				"name": "headleave36",
				"parent": "head",
				"pivot": [-0.18549, 17.23073, 7.41241],
				"rotation": [5, 0, 15]
			},
			{
				"name": "headleave16",
				"parent": "head",
				"pivot": [-2.41522, 15.8003, -3.5],
				"rotation": [-26, 0, 0],
				"cubes": [
					{"origin": [-1.05322, 26.62764, -4.28841], "size": [2, 3, 3.488], "uv": [0, 47]}
				]
			},
			{
				"name": "headleave33",
				"parent": "head",
				"pivot": [3.09078, 28.21233, -4.3522],
				"rotation": [-21, 25, 0],
				"cubes": [
					{"origin": [-2.57884, 27.60712, -0.1369], "size": [4, 2, 2], "uv": [0, 47]},
					{"origin": [-7.12884, 27.20082, -0.11165], "size": [4, 2, 2], "uv": [0, 47]}
				]
			},
			{
				"name": "headleave34",
				"parent": "head",
				"pivot": [3.09078, 28.21233, -4.3522],
				"rotation": [-21, -25, 0],
				"cubes": [
					{"origin": [-0.8976, 28.48082, 2.51235], "size": [4, 2, 2], "uv": [0, 47]},
					{"origin": [3.49239, 28.20251, 2.5376], "size": [4, 2, 2], "uv": [0, 47]}
				]
			},
			{
				"name": "headleave",
				"parent": "head",
				"pivot": [0, 17.88163, -0.48048],
				"rotation": [-5, 0, 0],
				"cubes": [
					{"origin": [-3.45045, 24.72848, -4.74074], "size": [7, 1, 1], "uv": [16, 11], "mirror": true}
				]
			},
			{
				"name": "headleave2",
				"parent": "headleave",
				"pivot": [2.69069, 18.52227, 0.67267],
				"rotation": [0, 0, -9]
			},
			{
				"name": "headleave22",
				"parent": "headleave2",
				"pivot": [2.69069, 18.52227, 0.67267],
				"cubes": [
					{"origin": [3.394, 22.75966, -4.74074], "size": [1.27227, 2.74575, 1], "uv": [16, 11], "mirror": true}
				]
			},
			{
				"name": "headleave23",
				"parent": "headleave2",
				"pivot": [3.86336, 23.5468, -4.28879],
				"rotation": [0, 0, -13],
				"cubes": [
					{"origin": [3.0587, 21.82181, -4.74074], "size": [1.06406, 3.56256, 1], "uv": [16, 11], "mirror": true}
				]
			},
			{
				"name": "headleave18",
				"parent": "headleave2",
				"pivot": [3.86336, 23.5468, -4.28879],
				"rotation": [0, 0, -13],
				"cubes": [
					{"origin": [2.64228, 21.19718, -4.74074], "size": [1.06406, 3.56256, 1], "uv": [16, 11], "mirror": true}
				]
			},
			{
				"name": "headleave24",
				"parent": "headleave2",
				"pivot": [3.86336, 23.5468, -4.28879],
				"rotation": [0, 0, 27],
				"cubes": [
					{"origin": [0.76841, 20.09208, -4.74074], "size": [1.27227, 4.28328, 1], "uv": [16, 11], "mirror": true}
				]
			},
			{
				"name": "headleave25",
				"parent": "headleave2",
				"pivot": [3.86336, 23.5468, -4.28879],
				"rotation": [0, 0, 32],
				"cubes": [
					{"origin": [-0.32068, 19.46745, -4.74074], "size": [1.27227, 4.28328, 1], "uv": [16, 11], "mirror": true}
				]
			},
			{
				"name": "headleave26",
				"parent": "headleave2",
				"pivot": [3.86336, 23.5468, -4.28879],
				"rotation": [0, 0, 37],
				"cubes": [
					{"origin": [-1.97033, 19.99598, -4.74074], "size": [0.87187, 2.21722, 1], "uv": [16, 11], "mirror": true}
				]
			},
			{
				"name": "headleave21",
				"parent": "headleave2",
				"pivot": [3.86336, 23.5468, -4.28879],
				"rotation": [0, 0, 37],
				"cubes": [
					{"origin": [-2.85475, 21.17978, -4.74074], "size": [0.87187, 1.12813, 1], "uv": [16, 11], "mirror": true}
				]
			},
			{
				"name": "headleave11",
				"parent": "headleave2",
				"pivot": [3.86336, 23.5468, -4.28879],
				"rotation": [0, 0, 37],
				"cubes": [
					{"origin": [-1.26563, 18.47446, -4.74074], "size": [1.11211, 4.36336, 1], "uv": [16, 11], "mirror": true}
				]
			},
			{
				"name": "headleave12",
				"parent": "headleave2",
				"pivot": [3.86336, 23.5468, -4.28879],
				"rotation": [0, 0, 37],
				"cubes": [
					{"origin": [-0.67304, 18.47446, -4.9009], "size": [0.31131, 2.32933, 0.06406], "uv": [3, 21], "mirror": true}
				]
			},
			{
				"name": "headleave14",
				"parent": "headleave2",
				"pivot": [3.86336, 23.5468, -4.28879],
				"rotation": [0, 0, 31],
				"cubes": [
					{"origin": [0.56475, 19.5348, -4.88555], "size": [0.31131, 2.32933, 0.06406], "uv": [3, 21], "mirror": true}
				]
			},
			{
				"name": "headleave27",
				"parent": "headleave2",
				"pivot": [3.86336, 23.5468, -4.28879],
				"rotation": [0, 0, 28],
				"cubes": [
					{"origin": [1.83954, 20.07176, -4.88555], "size": [0.31131, 2.15315, 0.06406], "uv": [3, 21], "mirror": true}
				]
			},
			{
				"name": "headleave19",
				"parent": "headleave2",
				"pivot": [3.86336, 23.5468, -4.28879],
				"rotation": [0, 0, 18],
				"cubes": [
					{"origin": [1.63601, 22.54237, -4.88555], "size": [0.31131, 1.32032, 0.06406], "uv": [3, 21], "mirror": true}
				]
			},
			{
				"name": "headleave15",
				"parent": "headleave2",
				"pivot": [3.86336, 23.5468, -4.28879],
				"rotation": [0, 0, 21],
				"cubes": [
					{"origin": [0.31795, 22.40843, -4.88555], "size": [0.31131, 1.75275, 0.06406], "uv": [3, 21], "mirror": true}
				]
			},
			{
				"name": "headleave13",
				"parent": "headleave2",
				"pivot": [3.86336, 23.5468, -4.28879],
				"rotation": [0, 0, 27],
				"cubes": [
					{"origin": [-1.08517, 21.57914, -4.9009], "size": [0.31131, 2.53754, 0.06406], "uv": [3, 21], "mirror": true}
				]
			},
			{
				"name": "headleave28",
				"parent": "headleave2",
				"pivot": [3.86336, 23.5468, -4.28879],
				"rotation": [0, 0, 22],
				"cubes": [
					{"origin": [1.72937, 20.60459, -4.74074], "size": [1.11211, 4.28328, 1], "uv": [16, 11], "mirror": true}
				]
			},
			{
				"name": "headleave17",
				"parent": "head",
				"pivot": [2.636, 25.35, 0]
			},
			{
				"name": "headleave20",
				"parent": "headleave17",
				"pivot": [2.50781, 26.13478, -1.12112],
				"rotation": [0, 0, 5]
			},
			{
				"name": "headleave30",
				"parent": "headleave20",
				"pivot": [2.50781, 26.13478, -1.12112],
				"rotation": [0, 0, 40],
				"cubes": [
					{"origin": [3.74788, 25.73658, -3.12112], "size": [4, 1, 3], "uv": [17, 9]}
				]
			},
			{
				"name": "headleave31",
				"parent": "headleave20",
				"pivot": [2.50781, 26.13478, -1.12112],
				"rotation": [0, 0, 15],
				"cubes": [
					{"origin": [3.08863, 23.55933, -3.12112], "size": [4, 1.11211, 3], "uv": [17, 9]}
				]
			},
			{
				"name": "headleave29",
				"parent": "headleave17",
				"pivot": [-2.50781, 26.13478, -1.12112],
				"rotation": [0, 0, -5]
			},
			{
				"name": "headleave32",
				"parent": "headleave29",
				"pivot": [-2.50781, 26.13478, -1.12112],
				"rotation": [0, 0, -40],
				"cubes": [
					{"origin": [-7.74788, 25.73658, -3.12112], "size": [4, 1, 3], "uv": [17, 9], "mirror": true}
				]
			},
			{
				"name": "headleave35",
				"parent": "headleave29",
				"pivot": [-2.50781, 26.13478, -1.12112],
				"rotation": [0, 0, -15],
				"cubes": [
					{"origin": [-7.08863, 23.55933, -3.12112], "size": [4, 1.11211, 3], "uv": [17, 9], "mirror": true}
				]
			},
			{
				"name": "tf",
				"parent": "head",
				"pivot": [-0.064, 18.21875, 0]
			},
			{
				"name": "headleave5",
				"parent": "tf",
				"pivot": [-1.35007, 17.13673, 0],
				"rotation": [0, 90, 0]
			},
			{
				"name": "headleave6",
				"parent": "headleave5",
				"pivot": [-1.35007, 17.13673, 0]
			},
			{
				"name": "headleave7",
				"parent": "headleave6",
				"pivot": [-1.35007, 17.13673, 0]
			},
			{
				"name": "headleave8",
				"parent": "headleave7",
				"pivot": [-1.35007, 17.13673, 0]
			},
			{
				"name": "headleave37",
				"parent": "headleave8",
				"pivot": [-1.35007, 17.13673, 0],
				"rotation": [0, 0, 55],
				"cubes": [
					{"origin": [-11.8047, 17.87632, 0.8522], "size": [0.82422, 2.50391, 0.68359], "uv": [1, 56], "mirror": true},
					{"origin": [-11.24273, 18.21578, 0.35447], "size": [0.82422, 2.50391, 0.68359], "uv": [1, 56], "mirror": true},
					{"origin": [-11.00594, 18.17461, 1.50572], "size": [0.55859, 2.02734, 0.68359], "uv": [1, 56], "mirror": true},
					{"origin": [-11.03587, 17.8784, -0.05602], "size": [2.51172, 2.50391, 0.68359], "uv": [1, 56], "mirror": true}
				]
			},
			{
				"name": "headleave55",
				"parent": "headleave8",
				"pivot": [-1.35007, 17.13673, 0],
				"rotation": [0, 0, 147.5],
				"cubes": [
					{"origin": [-5.16746, 8.93621, 0.42478], "size": [0.82422, 2.50391, 0.68359], "uv": [1, 56], "mirror": true},
					{"origin": [-4.60549, 9.27568, -0.07294], "size": [0.82422, 2.50391, 0.68359], "uv": [1, 56], "mirror": true},
					{"origin": [-4.63432, 9.2345, 1.07831], "size": [0.82422, 2.50391, 0.68359], "uv": [1, 56], "mirror": true},
					{"origin": [-4.39863, 9.5711, -0.48344], "size": [0.82422, 2.50391, 0.68359], "uv": [1, 56], "mirror": true}
				]
			},
			{
				"name": "headleave38",
				"parent": "headleave8",
				"pivot": [-1.35007, 17.13673, 0],
				"rotation": [0, 0, 12.5],
				"cubes": [
					{"origin": [-8.55837, 22.24115, 0.8522], "size": [0.82422, 2.50391, 0.68359], "uv": [1, 56], "mirror": true},
					{"origin": [-7.91471, 22.11177, 0.35447], "size": [0.82422, 2.50391, 0.68359], "uv": [1, 56], "mirror": true},
					{"origin": [-7.96378, 22.10089, 1.50572], "size": [0.82422, 2.50391, 0.68359], "uv": [1, 56], "mirror": true},
					{"origin": [-7.56261, 22.18983, -0.11462], "size": [0.82422, 2.50391, 0.68359], "uv": [1, 56], "mirror": true}
				]
			},
			{
				"name": "headleave39",
				"parent": "headleave7",
				"pivot": [-1.35007, 17.13673, 0]
			},
			{
				"name": "headleave40",
				"parent": "headleave39",
				"pivot": [-1.35007, 17.13673, 0],
				"rotation": [0, 0, 40]
			},
			{
				"name": "headleave41",
				"parent": "headleave7",
				"pivot": [-1.35007, 17.13673, 0]
			},
			{
				"name": "headleave42",
				"parent": "headleave41",
				"pivot": [-1.35007, 17.13673, 0],
				"rotation": [0, 0, 37.5],
				"cubes": [
					{"origin": [-10.34549, 22.45981, 0.9225], "size": [3.93751, 0.91406, 0.63282], "uv": [6, 55], "mirror": true},
					{"origin": [-9.70745, 22.61458, 0.42478], "size": [1.95704, 0.91406, 0.63282], "uv": [6, 55], "mirror": true},
					{"origin": [-9.74733, 22.26367, 1.57603], "size": [2.92969, 0.74609, 0.63282], "uv": [6, 55], "mirror": true},
					{"origin": [-8.64136, 21.81764, -0.04431], "size": [1.95704, 0.91406, 0.63282], "uv": [6, 55], "mirror": true},
					{"origin": [-10.22995, 22.26781, 1.50008], "size": [3.93751, 0.91406, 0.63282], "uv": [6, 55], "mirror": true},
					{"origin": [-9.59191, 22.42258, 1.00236], "size": [1.95704, 0.91406, 0.63282], "uv": [6, 55], "mirror": true},
					{"origin": [-9.63179, 22.07167, 2.1536], "size": [2.92969, 0.74609, 0.63282], "uv": [6, 55], "mirror": true},
					{"origin": [-8.52582, 21.62565, 0.53327], "size": [1.95704, 0.91406, 0.63282], "uv": [6, 55], "mirror": true}
				]
			},
			{
				"name": "headleave76",
				"parent": "headleave41",
				"pivot": [-1.35007, 17.13673, 0],
				"rotation": [0, 0, -50],
				"cubes": [
					{"origin": [0.62324, 25.23222, 0.9225], "size": [3.93751, 0.91406, 0.63282], "uv": [6, 55], "mirror": true},
					{"origin": [1.26127, 25.38699, 0.42478], "size": [1.95704, 0.91406, 0.63282], "uv": [6, 55], "mirror": true},
					{"origin": [1.22139, 25.03608, 1.57603], "size": [2.92969, 0.74609, 0.63282], "uv": [6, 55], "mirror": true},
					{"origin": [2.32737, 24.59005, -0.04431], "size": [1.95704, 0.91406, 0.63282], "uv": [6, 55], "mirror": true},
					{"origin": [0.43646, 25.10842, 1.50008], "size": [3.93751, 0.91406, 0.63282], "uv": [6, 55], "mirror": true},
					{"origin": [1.0745, 25.26319, 1.00236], "size": [1.95704, 0.91406, 0.63282], "uv": [6, 55], "mirror": true},
					{"origin": [1.03462, 24.91227, 2.1536], "size": [2.92969, 0.74609, 0.63282], "uv": [6, 55], "mirror": true},
					{"origin": [2.1406, 24.46625, 0.53327], "size": [1.95704, 0.91406, 0.63282], "uv": [6, 55], "mirror": true}
				]
			},
			{
				"name": "headleave43",
				"parent": "headleave41",
				"pivot": [-1.35007, 17.13673, 0],
				"rotation": [0, 0, 40]
			},
			{
				"name": "headleave44",
				"parent": "headleave41",
				"pivot": [-1.35007, 17.13673, 0],
				"rotation": [0, 0, 40]
			},
			{
				"name": "headleave45",
				"parent": "headleave41",
				"pivot": [-1.35007, 17.13673, 0],
				"rotation": [0, 0, 40]
			},
			{
				"name": "headleave46",
				"parent": "headleave41",
				"pivot": [-1.35007, 17.13673, 0],
				"rotation": [0, 0, 40]
			},
			{
				"name": "headleave47",
				"parent": "headleave7",
				"pivot": [-1.35007, 17.13673, 0]
			},
			{
				"name": "headleave48",
				"parent": "headleave47",
				"pivot": [-1.35007, 17.13673, 0],
				"rotation": [0, 0, 40]
			},
			{
				"name": "headleave49",
				"parent": "headleave5",
				"pivot": [-1.35007, 17.13673, 0]
			},
			{
				"name": "headleave50",
				"parent": "headleave49",
				"pivot": [-2.40867, 18.84767, 0]
			},
			{
				"name": "headleave51",
				"parent": "headleave50",
				"pivot": [-2.40867, 18.84767, 0]
			},
			{
				"name": "headleave52",
				"parent": "headleave51",
				"pivot": [-8.90867, 17.84767, 0.5],
				"rotation": [10, 0, 20],
				"cubes": [
					{"origin": [-9.20555, 20.1758, 2.40625], "size": [1, 4, 1], "uv": [5, 56], "mirror": true}
				]
			},
			{
				"name": "headleave53",
				"parent": "headleave51",
				"pivot": [-8.90867, 17.84767, 0.5],
				"rotation": [-5, 0, 10],
				"cubes": [
					{"origin": [-7.97996, 20.33537, 0.44498], "size": [1, 4, 1], "uv": [4, 56], "mirror": true}
				]
			},
			{
				"name": "headleave54",
				"parent": "headleave51",
				"pivot": [-8.90867, 17.84767, 0.5],
				"rotation": [-15, 0, 25],
				"cubes": [
					{"origin": [-9.82372, 21.33537, -1.22689], "size": [1, 3, 1], "uv": [4, 56], "mirror": true}
				]
			},
			{
				"name": "headleave56",
				"parent": "headleave51",
				"pivot": [-8.90867, 17.84767, 0.5],
				"rotation": [5, 0, 15],
				"cubes": [
					{"origin": [-9.14721, 18.81621, 0.07891], "size": [1, 3, 1], "uv": [5, 56], "mirror": true}
				]
			},
			{
				"name": "headleave57",
				"parent": "headleave51",
				"pivot": [-8.90867, 17.84767, 0.5],
				"rotation": [5, 0, 15],
				"cubes": [
					{"origin": [-8.43033, 13.39175, -0.39566], "size": [1, 3, 1], "uv": [5, 56], "mirror": true},
					{"origin": [-8.49673, 13.28628, -0.4855], "size": [1.16016, 2.52734, 1.16797], "uv": [58, 2], "mirror": true}
				]
			},
			{
				"name": "headleave58",
				"parent": "headleave51",
				"pivot": [-8.90867, 17.84767, 0.5],
				"rotation": [-5, 0, 0],
				"cubes": [
					{"origin": [-8.8763, 15.92906, -0.10043], "size": [1, 3, 1], "uv": [5, 56], "mirror": true}
				]
			},
			{
				"name": "headleave59",
				"parent": "headleave51",
				"pivot": [-8.90867, 17.84767, 0.5],
				"rotation": [5, 0, 0],
				"cubes": [
					{"origin": [-7.5629, 16.10889, 0.86046], "size": [1, 4, 1], "uv": [5, 57], "mirror": true}
				]
			},
			{
				"name": "headleave60",
				"parent": "headleave51",
				"pivot": [-8.90867, 17.84767, 0.5],
				"rotation": [-5, 0, 5],
				"cubes": [
					{"origin": [-7.42739, 12.49451, 1.13097], "size": [1, 4, 1], "uv": [5, 57], "mirror": true},
					{"origin": [-7.49379, 12.38904, 1.04113], "size": [1.16016, 2.09766, 1.16797], "uv": [58, 3], "mirror": true}
				]
			},
			{
				"name": "headleave61",
				"parent": "headleave51",
				"pivot": [-8.90867, 17.84767, 0.5],
				"rotation": [-5, 0, 10],
				"cubes": [
					{"origin": [-8.71527, 16.85768, 1.70387], "size": [1, 4, 1], "uv": [5, 57], "mirror": true}
				]
			},
			{
				"name": "headleave62",
				"parent": "headleave51",
				"pivot": [-8.90867, 17.84767, 0.5],
				"rotation": [5, 0, -5],
				"cubes": [
					{"origin": [-9.00427, 12.65084, 1.51255], "size": [1, 4, 1], "uv": [4, 54], "mirror": true},
					{"origin": [-9.07067, 12.54537, 1.42271], "size": [1.16016, 2.09766, 1.16797], "uv": [57, 0], "mirror": true}
				]
			},
			{
				"name": "headleave63",
				"parent": "headleave49",
				"pivot": [-1.7446, 18.84767, -0.375]
			},
			{
				"name": "headleave64",
				"parent": "headleave63",
				"pivot": [-1.7446, 18.84767, -0.375]
			},
			{
				"name": "headleave65",
				"parent": "headleave64",
				"pivot": [-8.2446, 17.84767, 0.125],
				"rotation": [10, 0, 20],
				"cubes": [
					{"origin": [-8.54148, 20.1758, 2.03125], "size": [1, 4, 1], "uv": [5, 56], "mirror": true}
				]
			},
			{
				"name": "headleave66",
				"parent": "headleave64",
				"pivot": [-8.2446, 17.84767, 0.125],
				"rotation": [-5, 0, 10],
				"cubes": [
					{"origin": [-7.31589, 20.33537, 0.06998], "size": [1, 4, 1], "uv": [4, 56], "mirror": true}
				]
			},
			{
				"name": "headleave67",
				"parent": "headleave64",
				"pivot": [-8.2446, 17.84767, 0.125],
				"rotation": [-15, 0, 25],
				"cubes": [
					{"origin": [-9.15965, 21.33537, -1.60189], "size": [1, 3, 1], "uv": [4, 56], "mirror": true}
				]
			},
			{
				"name": "headleave68",
				"parent": "headleave64",
				"pivot": [-8.2446, 17.84767, 0.125],
				"rotation": [5, 0, 15],
				"cubes": [
					{"origin": [-8.48314, 18.81621, -0.29609], "size": [1, 3, 1], "uv": [5, 56], "mirror": true}
				]
			},
			{
				"name": "headleave69",
				"parent": "headleave64",
				"pivot": [-8.2446, 17.84767, 0.125],
				"rotation": [5, 0, 15],
				"cubes": [
					{"origin": [-7.76626, 13.39175, -0.77066], "size": [1, 3, 1], "uv": [5, 56], "mirror": true},
					{"origin": [-7.83267, 13.28628, -0.8605], "size": [1.16016, 1.64453, 1.16797], "uv": [58, 2], "mirror": true}
				]
			},
			{
				"name": "headleave70",
				"parent": "headleave64",
				"pivot": [-8.2446, 17.84767, 0.125],
				"rotation": [-5, 0, 0],
				"cubes": [
					{"origin": [-8.21223, 15.92906, -0.47543], "size": [1, 3, 1], "uv": [5, 56], "mirror": true}
				]
			},
			{
				"name": "headleave71",
				"parent": "headleave64",
				"pivot": [-8.2446, 17.84767, 0.125],
				"rotation": [5, 0, 0],
				"cubes": [
					{"origin": [-6.89883, 16.10889, 0.48546], "size": [1, 4, 1], "uv": [5, 57], "mirror": true}
				]
			},
			{
				"name": "headleave72",
				"parent": "headleave64",
				"pivot": [-8.2446, 17.84767, 0.125],
				"rotation": [-5, 0, 5],
				"cubes": [
					{"origin": [-6.76332, 12.49451, 0.75597], "size": [1, 4, 1], "uv": [5, 57], "mirror": true},
					{"origin": [-6.82973, 12.38904, 0.66613], "size": [1.16016, 1.53516, 1.16797], "uv": [58, 3], "mirror": true}
				]
			},
			{
				"name": "headleave73",
				"parent": "headleave64",
				"pivot": [-8.2446, 17.84767, 0.125],
				"rotation": [-5, 0, 10],
				"cubes": [
					{"origin": [-8.0512, 16.85768, 1.32887], "size": [1, 4, 1], "uv": [5, 57], "mirror": true}
				]
			},
			{
				"name": "headleave74",
				"parent": "headleave64",
				"pivot": [-8.2446, 17.84767, 0.125],
				"rotation": [5, 0, -5],
				"cubes": [
					{"origin": [-8.3402, 12.65084, 1.13755], "size": [1, 4, 1], "uv": [4, 54], "mirror": true},
					{"origin": [-8.40661, 12.54537, 1.04771], "size": [1.16016, 2.41016, 1.16797], "uv": [57, 0], "mirror": true}
				]
			},
			{
				"name": "armRight",
				"pivot": [-2.25, 16.75, 0],
				"rotation": [0, 0, 25],
				"cubes": [
					{"origin": [-4.20647, 8.86491, -1], "size": [2, 8, 2], "uv": [39, 37]}
				]
			},
			{
				"name": "armRight2",
				"parent": "armRight",
				"pivot": [-3.24669, 17.11277, 0]
			},
			{
				"name": "armRight3",
				"parent": "armRight2",
				"pivot": [-3.24669, 17.11277, 0],
				"cubes": [
					{"origin": [-4.74247, 13.85691, -1.576], "size": [3, 1, 3], "uv": [25, 53]}
				]
			},
			{
				"name": "armRight4",
				"parent": "armRight2",
				"pivot": [-3.24669, 17.11277, 0],
				"rotation": [25, 0, 20],
				"cubes": [
					{"origin": [-3.88071, 11.1261, -0.8215], "size": [1, 3, 1], "uv": [25, 53]}
				]
			},
			{
				"name": "armRight6",
				"parent": "armRight2",
				"pivot": [-3.24669, 17.11277, 0],
				"rotation": [5, 0, 20],
				"cubes": [
					{"origin": [-3.88071, 11.03252, -0.7092], "size": [1, 3, 1], "uv": [25, 53]}
				]
			},
			{
				"name": "armRight5",
				"parent": "armRight2",
				"pivot": [-3.24669, 17.11277, 0],
				"rotation": [-5, 0, 20],
				"cubes": [
					{"origin": [-3.88071, 11.01927, -0.44222], "size": [1, 3, 1], "uv": [25, 53]}
				]
			},
			{
				"name": "armRight9",
				"parent": "armRight2",
				"pivot": [-3.24669, 17.11277, 0],
				"rotation": [-25, 0, 20],
				"cubes": [
					{"origin": [-3.88071, 11.06186, -0.31626], "size": [1, 3, 1], "uv": [25, 53]}
				]
			},
			{
				"name": "armRight10",
				"parent": "armRight2",
				"pivot": [-3.24669, 17.11277, 0],
				"rotation": [-25, 0, 10],
				"cubes": [
					{"origin": [-3.81535, 11.07793, -0.32376], "size": [1, 3, 1], "uv": [25, 53]}
				]
			},
			{
				"name": "armRight11",
				"parent": "armRight2",
				"pivot": [-3.24669, 17.11277, 0],
				"rotation": [-25, 0, 0],
				"cubes": [
					{"origin": [-3.7479, 11.08347, -0.32634], "size": [1, 3, 1], "uv": [25, 53]}
				]
			},
			{
				"name": "armRight13",
				"parent": "armRight2",
				"pivot": [-3.24669, 17.11277, 0],
				"rotation": [-25, 0, -20],
				"cubes": [
					{"origin": [-3.60474, 11.05924, -0.31504], "size": [1, 3, 1], "uv": [25, 53]}
				]
			},
			{
				"name": "armRight14",
				"parent": "armRight2",
				"pivot": [-3.24669, 17.11277, 0],
				"rotation": [-15, 0, -20],
				"cubes": [
					{"origin": [-3.60474, 11.03227, -0.37664], "size": [1, 3, 1], "uv": [25, 53]}
				]
			},
			{
				"name": "armRight15",
				"parent": "armRight2",
				"pivot": [-3.24669, 17.11277, 0],
				"rotation": [-5, 0, -20],
				"cubes": [
					{"origin": [-3.60474, 11.0164, -0.44197], "size": [1, 3, 1], "uv": [25, 53]}
				]
			},
			{
				"name": "armRight16",
				"parent": "armRight2",
				"pivot": [-3.24669, 17.11277, 0],
				"rotation": [5, 0, -20],
				"cubes": [
					{"origin": [-3.60474, 11.01212, -0.50907], "size": [1, 3, 1], "uv": [25, 53]}
				]
			},
			{
				"name": "armRight18",
				"parent": "armRight2",
				"pivot": [-3.24669, 17.11277, 0],
				"rotation": [25, 0, -20],
				"cubes": [
					{"origin": [-3.60474, 11.03847, -0.64041], "size": [1, 3, 1], "uv": [25, 53]}
				]
			},
			{
				"name": "armRight19",
				"parent": "armRight2",
				"pivot": [-3.24669, 17.11277, 0],
				"rotation": [25, 0, -10],
				"cubes": [
					{"origin": [-3.66973, 11.05583, -0.63232], "size": [1, 3, 1], "uv": [25, 53]}
				]
			},
			{
				"name": "armRight20",
				"parent": "armRight2",
				"pivot": [-3.24669, 17.11277, 0],
				"rotation": [25, 0, 10],
				"cubes": [
					{"origin": [-3.80466, 11.05887, -0.6309], "size": [1, 3, 1], "uv": [25, 53]}
				]
			},
			{
				"name": "armRight22",
				"parent": "armRight2",
				"pivot": [-3.24669, 17.11277, 0],
				"rotation": [25, 0, 20],
				"cubes": [
					{"origin": [-3.87052, 11.04445, -0.63763], "size": [1, 3, 1], "uv": [25, 53]}
				]
			},
			{
				"name": "armRight21",
				"parent": "armRight2",
				"pivot": [-3.24669, 17.11277, 0],
				"rotation": [25, 0, 0],
				"cubes": [
					{"origin": [-3.73704, 11.0627, -0.62912], "size": [1, 3, 1], "uv": [25, 53]}
				]
			},
			{
				"name": "armRight17",
				"parent": "armRight2",
				"pivot": [-3.24669, 17.11277, 0],
				"rotation": [15, 0, -20],
				"cubes": [
					{"origin": [-3.60474, 11.01955, -0.57589], "size": [1, 3, 1], "uv": [25, 53]}
				]
			},
			{
				"name": "armRight12",
				"parent": "armRight2",
				"pivot": [-3.24669, 17.11277, 0],
				"rotation": [-25, 0, -10],
				"cubes": [
					{"origin": [-3.68041, 11.07831, -0.32393], "size": [1, 3, 1], "uv": [25, 53]}
				]
			},
			{
				"name": "armRight8",
				"parent": "armRight2",
				"pivot": [-3.24669, 17.11277, 0],
				"rotation": [-15, 0, 20],
				"cubes": [
					{"origin": [-3.88071, 11.03505, -0.37738], "size": [1, 3, 1], "uv": [25, 53]}
				]
			},
			{
				"name": "armRight7",
				"parent": "armRight2",
				"pivot": [-3.24669, 17.11277, 0],
				"rotation": [15, 0, 20],
				"cubes": [
					{"origin": [-3.88071, 11.07439, -0.76944], "size": [1, 3, 1], "uv": [25, 53]}
				]
			},
			{
				"name": "shoubi",
				"parent": "armRight",
				"pivot": [-14.73849, 10.825, 0.48438],
				"rotation": [0, 0, -25],
				"cubes": [
					{"origin": [-2.64066, 9.84799, -1], "size": [2.16875, 2, 2.04688], "uv": [22, 28]}
				]
			},
			{
				"name": "armLeft",
				"pivot": [2.25, 16.75, 0],
				"rotation": [0, 0, -25],
				"cubes": [
					{"origin": [2.21426, 8.86128, -1], "size": [2, 8, 2], "uv": [0, 35]}
				]
			},
			{
				"name": "armLeft2",
				"parent": "armLeft",
				"pivot": [3.24669, 17.11277, 0]
			},
			{
				"name": "armRight24",
				"parent": "armLeft2",
				"pivot": [3.24669, 17.11277, 0],
				"cubes": [
					{"origin": [1.75026, 13.85328, -1.576], "size": [3, 1, 3], "uv": [25, 53], "mirror": true}
				]
			},
			{
				"name": "armRight25",
				"parent": "armLeft2",
				"pivot": [3.24669, 17.11277, 0],
				"rotation": [25, 0, -20],
				"cubes": [
					{"origin": [2.88678, 11.12059, -0.82406], "size": [1, 3, 1], "uv": [25, 53], "mirror": true}
				]
			},
			{
				"name": "armRight26",
				"parent": "armLeft2",
				"pivot": [3.24669, 17.11277, 0],
				"rotation": [5, 0, -20],
				"cubes": [
					{"origin": [2.88678, 11.02647, -0.70973], "size": [1, 3, 1], "uv": [25, 53], "mirror": true}
				]
			},
			{
				"name": "armRight27",
				"parent": "armLeft2",
				"pivot": [3.24669, 17.11277, 0],
				"rotation": [-5, 0, -20],
				"cubes": [
					{"origin": [2.88678, 11.01322, -0.44169], "size": [1, 3, 1], "uv": [25, 53], "mirror": true}
				]
			},
			{
				"name": "armRight28",
				"parent": "armLeft2",
				"pivot": [3.24669, 17.11277, 0],
				"rotation": [-25, 0, -20],
				"cubes": [
					{"origin": [2.88678, 11.05635, -0.3137], "size": [1, 3, 1], "uv": [25, 53], "mirror": true}
				]
			},
			{
				"name": "armRight29",
				"parent": "armLeft2",
				"pivot": [3.24669, 17.11277, 0],
				"rotation": [-25, 0, -10],
				"cubes": [
					{"origin": [2.82239, 11.07346, -0.32168], "size": [1, 3, 1], "uv": [25, 53], "mirror": true}
				]
			},
			{
				"name": "armRight30",
				"parent": "armLeft2",
				"pivot": [3.24669, 17.11277, 0],
				"rotation": [-25, 0, 0],
				"cubes": [
					{"origin": [2.75569, 11.08018, -0.3248], "size": [1, 3, 1], "uv": [25, 53], "mirror": true}
				]
			},
			{
				"name": "armRight31",
				"parent": "armLeft2",
				"pivot": [3.24669, 17.11277, 0],
				"rotation": [-25, 0, 20],
				"cubes": [
					{"origin": [2.6133, 11.05857, -0.31472], "size": [1, 3, 1], "uv": [25, 53], "mirror": true}
				]
			},
			{
				"name": "armRight32",
				"parent": "armLeft2",
				"pivot": [3.24669, 17.11277, 0],
				"rotation": [-15, 0, 20],
				"cubes": [
					{"origin": [2.6133, 11.03154, -0.37644], "size": [1, 3, 1], "uv": [25, 53], "mirror": true}
				]
			},
			{
				"name": "armRight33",
				"parent": "armLeft2",
				"pivot": [3.24669, 17.11277, 0],
				"rotation": [-5, 0, 20],
				"cubes": [
					{"origin": [2.6133, 11.01565, -0.44191], "size": [1, 3, 1], "uv": [25, 53], "mirror": true}
				]
			},
			{
				"name": "armRight34",
				"parent": "armLeft2",
				"pivot": [3.24669, 17.11277, 0],
				"rotation": [5, 0, 20],
				"cubes": [
					{"origin": [2.6133, 11.01137, -0.50913], "size": [1, 3, 1], "uv": [25, 53], "mirror": true}
				]
			},
			{
				"name": "armRight35",
				"parent": "armLeft2",
				"pivot": [3.24669, 17.11277, 0],
				"rotation": [25, 0, 20],
				"cubes": [
					{"origin": [2.6133, 11.0378, -0.64073], "size": [1, 3, 1], "uv": [25, 53], "mirror": true}
				]
			},
			{
				"name": "armRight36",
				"parent": "armLeft2",
				"pivot": [3.24669, 17.11277, 0],
				"rotation": [25, 0, 10],
				"cubes": [
					{"origin": [2.67802, 11.05382, -0.63326], "size": [1, 3, 1], "uv": [25, 53], "mirror": true}
				]
			},
			{
				"name": "armRight37",
				"parent": "armLeft2",
				"pivot": [3.24669, 17.11277, 0],
				"rotation": [25, 0, -10],
				"cubes": [
					{"origin": [2.8117, 11.0544, -0.63298], "size": [1, 3, 1], "uv": [25, 53], "mirror": true}
				]
			},
			{
				"name": "armRight38",
				"parent": "armLeft2",
				"pivot": [3.24669, 17.11277, 0],
				"rotation": [25, 0, -20],
				"cubes": [
					{"origin": [2.87659, 11.03894, -0.64019], "size": [1, 3, 1], "uv": [25, 53], "mirror": true}
				]
			},
			{
				"name": "armRight39",
				"parent": "armLeft2",
				"pivot": [3.24669, 17.11277, 0],
				"rotation": [25, 0, 0],
				"cubes": [
					{"origin": [2.74483, 11.05941, -0.63066], "size": [1, 3, 1], "uv": [25, 53], "mirror": true}
				]
			},
			{
				"name": "armRight40",
				"parent": "armLeft2",
				"pivot": [3.24669, 17.11277, 0],
				"rotation": [15, 0, 20],
				"cubes": [
					{"origin": [2.6133, 11.01882, -0.57609], "size": [1, 3, 1], "uv": [25, 53], "mirror": true}
				]
			},
			{
				"name": "armRight41",
				"parent": "armLeft2",
				"pivot": [3.24669, 17.11277, 0],
				"rotation": [-25, 0, 10],
				"cubes": [
					{"origin": [2.6887, 11.0763, -0.32299], "size": [1, 3, 1], "uv": [25, 53], "mirror": true}
				]
			},
			{
				"name": "armRight42",
				"parent": "armLeft2",
				"pivot": [3.24669, 17.11277, 0],
				"rotation": [-15, 0, -20],
				"cubes": [
					{"origin": [2.88678, 11.02919, -0.37581], "size": [1, 3, 1], "uv": [25, 53], "mirror": true}
				]
			},
			{
				"name": "armRight43",
				"parent": "armLeft2",
				"pivot": [3.24669, 17.11277, 0],
				"rotation": [15, 0, -20],
				"cubes": [
					{"origin": [2.88678, 11.06853, -0.77101], "size": [1, 3, 1], "uv": [25, 53], "mirror": true}
				]
			},
			{
				"name": "shoubi2",
				"parent": "armLeft",
				"pivot": [8.04713, 11.59698, 0.02344],
				"rotation": [0, 0, 25],
				"cubes": [
					{"origin": [0.83999, 12.74822, -1], "size": [1.50859, 2, 2.04688], "uv": [22, 28], "mirror": true}
				]
			},
			{
				"name": "body",
				"pivot": [0, 10.5, 0],
				"cubes": [
					{"origin": [-3.25, 11, -2.5], "size": [6.4, 1.25, 5], "uv": [19, 27]},
					{"origin": [-3.75, 8.088, -2.724], "size": [7.5, 2.9, 5.576], "uv": [18, 48]},
					{"origin": [-2.9, 11, -2.5], "size": [5.7, 7, 5], "uv": [19, 22]},
					{"origin": [-1.01249, 12.79688, -1.01562], "size": [2, 7.65625, 2], "uv": [25, 24]}
				]
			},
			{
				"name": "collar",
				"parent": "body",
				"pivot": [0, 11.5, 0]
			},
			{
				"name": "bone5",
				"parent": "collar",
				"pivot": [-2, 18, 0],
				"rotation": [0, 0, 25]
			},
			{
				"name": "bone6",
				"parent": "collar",
				"pivot": [2, 18, 0],
				"rotation": [0, 0, -25]
			},
			{
				"name": "suit",
				"parent": "body",
				"pivot": [0, 10.5, 0]
			},
			{
				"name": "bone7",
				"parent": "suit",
				"pivot": [-3, 13, 0],
				"rotation": [0, 0, 20]
			},
			{
				"name": "bone4",
				"parent": "suit",
				"pivot": [3, 13, 0],
				"rotation": [0, 0, -20]
			},
			{
				"name": "skirt",
				"parent": "body",
				"pivot": [0, 0, 0]
			},
			{
				"name": "bone17",
				"parent": "skirt",
				"pivot": [0, 12, 0],
				"rotation": [0, 0, -10]
			},
			{
				"name": "bone18",
				"parent": "bone17",
				"pivot": [0, 12, 0],
				"rotation": [0, 0, 20]
			},
			{
				"name": "button",
				"parent": "body",
				"pivot": [0, 10.5, 0],
				"rotation": [0, 180, 0]
			},
			{
				"name": "bone",
				"parent": "body",
				"pivot": [0, 10.5, 0]
			},
			{
				"name": "bone30",
				"parent": "bone",
				"pivot": [0, 10.5, 0],
				"cubes": [
					{"origin": [-3.264, 10.972, -2.534], "size": [6.52, 4.776, 5.104], "uv": [18, 52]}
				]
			},
			{
				"name": "bone3",
				"parent": "body",
				"pivot": [0, 10.5, 0]
			},
			{
				"name": "bone8",
				"parent": "body",
				"pivot": [0, 10.5, 0],
				"rotation": [0, -20, 0]
			},
			{
				"name": "bone9",
				"parent": "body",
				"pivot": [0, 10.5, 0],
				"rotation": [0, -60, 0],
				"cubes": [
					{"origin": [-4.41678, 8.564, -0.81807], "size": [1, 2, 3], "uv": [18, 52]},
					{"origin": [3.56408, 8.564, -2.09706], "size": [1, 2, 3], "uv": [18, 52]}
				]
			},
			{
				"name": "bone10",
				"parent": "body",
				"pivot": [0, 10.5, 0],
				"rotation": [0, -90, 0],
				"cubes": [
					{"origin": [-4.23408, 8.564, -1.50008], "size": [1, 2, 3], "uv": [18, 52]},
					{"origin": [3.40408, 8.564, -1.50008], "size": [1, 2, 3], "uv": [18, 52]}
				]
			},
			{
				"name": "bone14",
				"parent": "body",
				"pivot": [-15.09592, 9.564, -0.00008],
				"rotation": [-30, 0, 0],
				"cubes": [
					{"origin": [-1.49992, 8.31303, -4.16683], "size": [3, 2, 1], "uv": [18, 52]}
				]
			},
			{
				"name": "bone15",
				"parent": "body",
				"pivot": [-3.64792, 9.31303, -3.66683],
				"rotation": [-30, 30, 0],
				"cubes": [
					{"origin": [-4.50408, 10.68778, -3.78764], "size": [3, 2, 1], "uv": [18, 52]}
				]
			},
			{
				"name": "bone22",
				"parent": "body",
				"pivot": [-3.64792, 9.31303, -3.66683],
				"rotation": [-30, 70, 0]
			},
			{
				"name": "bone28",
				"parent": "body",
				"pivot": [-3.64792, 9.31303, -3.66683],
				"rotation": [15, 90, 0],
				"cubes": [
					{"origin": [-9.86236, 10.37644, -2.27031], "size": [5.128, 5, 0.648], "uv": [18, 52]}
				]
			},
			{
				"name": "bone29",
				"parent": "body",
				"pivot": [-3.64792, 9.31303, -3.66683],
				"rotation": [-15, 90, 0],
				"cubes": [
					{"origin": [-9.86236, 12.28044, 1.34569], "size": [5.128, 5, 0.712], "uv": [18, 52]}
				]
			},
			{
				"name": "bone19",
				"parent": "body",
				"pivot": [-3.64792, 9.31303, -3.66683],
				"rotation": [-30, -30, 0],
				"cubes": [
					{"origin": [0.49904, 8.87178, -6.93304], "size": [3, 2, 1], "uv": [18, 52]}
				]
			},
			{
				"name": "bone20",
				"parent": "body",
				"pivot": [-3.64792, 9.31303, -3.66683],
				"rotation": [-30, -70, 0]
			},
			{
				"name": "bone23",
				"parent": "body",
				"pivot": [-3.64792, 9.31303, -3.66683],
				"rotation": [-30, -110, 0]
			},
			{
				"name": "bone24",
				"parent": "body",
				"pivot": [-3.64792, 9.31303, -3.66683],
				"rotation": [-30, -150, 0],
				"cubes": [
					{"origin": [-7.07077, 5.6146, -12.57464], "size": [3, 2, 1], "uv": [18, 52]}
				]
			},
			{
				"name": "bone25",
				"parent": "body",
				"pivot": [-3.64792, 9.31303, -3.66683],
				"rotation": [-30, 150, 0],
				"cubes": [
					{"origin": [-9.5436, 7.4386, -9.41538], "size": [3, 2, 1], "uv": [18, 52]}
				]
			},
			{
				"name": "bone27",
				"parent": "body",
				"pivot": [-3.64792, 9.31303, -3.66683],
				"rotation": [-30, 110, 0]
			},
			{
				"name": "bone26",
				"parent": "body",
				"pivot": [-3.64792, 9.31303, -3.66683],
				"rotation": [-30, 180, 0],
				"cubes": [
					{"origin": [-8.79592, 6.36095, -11.28193], "size": [3, 2, 1], "uv": [18, 52]}
				]
			},
			{
				"name": "bone32",
				"parent": "body",
				"pivot": [-3.64792, 9.31303, -3.66683],
				"rotation": [-30, 150, 0],
				"cubes": [
					{"origin": [-9.5436, 7.4386, -9.41538], "size": [3, 2, 1], "uv": [18, 52]}
				]
			},
			{
				"name": "bone33",
				"parent": "body",
				"pivot": [-3.64792, 9.31303, -3.66683],
				"rotation": [-30, 90, -5],
				"cubes": [
					{"origin": [-9.83483, 10.17136, -4.68209], "size": [4.712, 2, 1], "uv": [18, 52]}
				]
			},
			{
				"name": "bone12",
				"parent": "body",
				"pivot": [-3.64792, 9.31303, -3.66683],
				"rotation": [15, 90, -5],
				"cubes": [
					{"origin": [-9.83483, 7.70736, 2.93391], "size": [4.712, 2, 1], "uv": [18, 52]}
				]
			},
			{
				"name": "bone34",
				"parent": "body",
				"pivot": [-3.64792, 9.31303, -3.66683],
				"rotation": [0, 90, 0],
				"cubes": [
					{"origin": [-10.21883, 8.60608, -4.18047], "size": [5.576, 2, 1], "uv": [18, 52]},
					{"origin": [-10.15668, 8.564, 3.04725], "size": [5.576, 2, 1], "uv": [18, 52]}
				]
			},
			{
				"name": "bone16",
				"parent": "body",
				"pivot": [-3.64792, 9.31303, -3.66683],
				"rotation": [-30, 30, 0],
				"cubes": [
					{"origin": [-4.50408, 10.68778, -3.78764], "size": [3, 2, 1], "uv": [18, 52]}
				]
			},
			{
				"name": "bone11",
				"parent": "body",
				"pivot": [0, 10.5, 0],
				"rotation": [0, -120, 0],
				"cubes": [
					{"origin": [-4.40086, 8.564, -2.15435], "size": [1, 2, 3], "uv": [18, 52]},
					{"origin": [3.56401, 8.564, -0.90307], "size": [1, 2, 3], "uv": [18, 52]}
				]
			},
			{
				"name": "bone13",
				"parent": "body",
				"pivot": [0, 10.5, 0],
				"rotation": [0, -160, 0]
			},
			{
				"name": "bone21",
				"parent": "body",
				"pivot": [0, 10.5, 0],
				"rotation": [-20, 0, 0],
				"cubes": [
					{"origin": [-1.59592, -0.888, -4.00062], "size": [3, 10, 1], "uv": [26, 53]}
				]
			},
			{
				"name": "bone46",
				"parent": "body",
				"pivot": [0, 10.5, 0],
				"rotation": [-20, 20, 0],
				"cubes": [
					{"origin": [-1.88176, -0.91681, -4.07977], "size": [3, 10, 1], "uv": [26, 53]}
				]
			},
			{
				"name": "bone48",
				"parent": "body",
				"pivot": [0, 10.5, 0],
				"rotation": [-20, 20, 0],
				"cubes": [
					{"origin": [-1.88176, -0.91681, -4.07977], "size": [3, 10, 1], "uv": [26, 53]}
				]
			},
			{
				"name": "bone47",
				"parent": "body",
				"pivot": [0, 10.5, 0],
				"rotation": [-20, 40, 0],
				"cubes": [
					{"origin": [-2.12155, -0.97731, -4.24601], "size": [3, 10, 1], "uv": [26, 53]}
				]
			},
			{
				"name": "bone49",
				"parent": "body",
				"pivot": [0, 10.5, 0],
				"rotation": [-20, 70, 0],
				"cubes": [
					{"origin": [-0.87961, -0.97742, -4.2463], "size": [3, 10, 1], "uv": [26, 53]}
				]
			},
			{
				"name": "bone31",
				"parent": "body",
				"pivot": [0, 10.5, 0],
				"rotation": [-20, -20, 0],
				"cubes": [
					{"origin": [-1.29852, -0.89437, -4.01811], "size": [3, 10, 1], "uv": [26, 53]}
				]
			},
			{
				"name": "bone35",
				"parent": "body",
				"pivot": [0, 10.5, 0],
				"rotation": [-20, -40, 0],
				"cubes": [
					{"origin": [-1.02541, -0.93514, -4.13013], "size": [3, 10, 1], "uv": [26, 53]}
				]
			},
			{
				"name": "bone36",
				"parent": "body",
				"pivot": [0, 10.5, 0],
				"rotation": [-20, -90, 0]
			},
			{
				"name": "bone45",
				"parent": "body",
				"pivot": [0, 10.5, 0],
				"rotation": [20, -90, 0],
				"cubes": [
					{"origin": [-2.07992, -0.84146, 3.00075], "size": [4.44, 10, 1], "uv": [26, 53]}
				]
			},
			{
				"name": "bone2",
				"parent": "body",
				"pivot": [0, 10.5, 0],
				"rotation": [20, 90, 0],
				"cubes": [
					{"origin": [-2.36008, -0.84146, 3.00075], "size": [4.44, 10, 1], "uv": [26, 53], "mirror": true}
				]
			},
			{
				"name": "bone37",
				"parent": "body",
				"pivot": [0, 10.5, 0],
				"rotation": [-20, -70, 0],
				"cubes": [
					{"origin": [-2.11266, -0.92033, -4.08946], "size": [3, 10, 1], "uv": [26, 53]}
				]
			},
			{
				"name": "bone38",
				"parent": "body",
				"pivot": [0, 10.5, 0],
				"rotation": [-20, -110, 0],
				"cubes": [
					{"origin": [-0.38299, -0.92033, -4.15346], "size": [3, 10, 1], "uv": [26, 53]}
				]
			},
			{
				"name": "bone40",
				"parent": "body",
				"pivot": [0, 10.5, 0],
				"rotation": [-20, -130, 0],
				"cubes": [
					{"origin": [-0.35412, -0.92603, -4.16912], "size": [3, 10, 1], "uv": [26, 53]}
				]
			},
			{
				"name": "bone39",
				"parent": "body",
				"pivot": [0, 10.5, 0],
				"rotation": [-20, -160, 0],
				"cubes": [
					{"origin": [-1.62141, -1.01992, -4.42707], "size": [3, 10, 1], "uv": [26, 53]}
				]
			},
			{
				"name": "bone41",
				"parent": "body",
				"pivot": [0, 10.5, 0],
				"rotation": [-20, 180, 0],
				"cubes": [
					{"origin": [-1.47496, -1.01411, -4.4111], "size": [3, 10, 1], "uv": [26, 53]}
				]
			},
			{
				"name": "bone42",
				"parent": "body",
				"pivot": [0, 10.5, 0],
				"rotation": [-20, 130, 0],
				"cubes": [
					{"origin": [-2.61369, -0.93916, -4.20517], "size": [3, 10, 1], "uv": [26, 53]}
				]
			},
			{
				"name": "bone44",
				"parent": "body",
				"pivot": [0, 10.5, 0],
				"rotation": [-20, 110, 0],
				"cubes": [
					{"origin": [-2.64256, -0.94486, -4.22083], "size": [3, 10, 1], "uv": [26, 53]}
				]
			},
			{
				"name": "bone43",
				"parent": "body",
				"pivot": [0, 10.5, 0],
				"rotation": [-20, 160, 0],
				"cubes": [
					{"origin": [-1.33153, -1.02578, -4.44317], "size": [3, 10, 1], "uv": [26, 53]}
				]
			},
			{
				"name": "bone50",
				"parent": "body",
				"pivot": [0, 10.5, 0],
				"rotation": [0, 0, -50],
				"cubes": [
					{"origin": [3.90847, 14.38022, -2.68317], "size": [0.25, 2.826, 0.25], "uv": [56, 31]}
				]
			},
			{
				"name": "bone52",
				"parent": "body",
				"pivot": [0, 10.5, 0],
				"rotation": [0, 0, -45],
				"cubes": [
					{"origin": [3.47247, 14.03622, -2.76317], "size": [1, 1, 3], "uv": [52, 43]}
				]
			},
			{
				"name": "bone51",
				"parent": "body",
				"pivot": [0, 10.5, 0],
				"rotation": [0, 0, 50],
				"cubes": [
					{"origin": [-4.18753, 14.34822, -2.68317], "size": [0.25, 2.858, 0.25], "uv": [56, 31]}
				]
			},
			{
				"name": "legLeft",
				"pivot": [2, 9, 0],
				"cubes": [
					{"origin": [0.5, 0, -1.5], "size": [3, 9, 3], "uv": [27, 34]}
				]
			},
			{
				"name": "legRight",
				"pivot": [-2, 9, 0],
				"cubes": [
					{"origin": [-3.5, 0, -1.5], "size": [3, 9, 3], "uv": [15, 34]}
				]
			}
		]
	}
}