{"general":{"auto":true,"rate":300,"rateSelector":[2],"gripType":"tac:two_handed_ak47","maxAmmo":9,"recoilAngle":3.15,"horizontalRecoilAngle":1.45,"recoilKick":2.155,"recoilAdsReduction":0.275,"weaponRecoilOffset":0.725,"recoilDuration":0.185,"cameraRecoilModifier":0.825,"projectileAmount":12,"weightKilo":5.0,"spread":6.85,"firstShotSpread":3.85,"hipFireInaccuracy":0.95,"projToMinAccuracy":4,"msToAccuracyReset":925,"movementInaccuracy":0.05},"reloads":{"magFed":true,"maxAmmo":8,"reloadMagTimer":38,"additionalReloadEmptyMagTimer":16,"maxAdditionalAmmoPerOC":[3,7,12],"preReloadPauseTicks":0,"openBolt":true},"projectile":{"item":"tac:10_gauge_round","visible":false,"damage":60,"armorIgnore":0.2,"critical":0.0,"criticalDamage":0.625,"headDamage":0.55,"closeDamage":1.1,"decayStart":0.1,"minDecayMultiplier":0.3,"decayEnd":0.65,"size":0.05,"speed":16.5,"life":3,"trailLengthMultiplier":3.25,"ricochet":false},"sounds":{"fire":"tac:item.aa12_fire","reloadNormal":"tac:animation.aa12_reload_norm","reloadEmpty":"tac:animation.aa12_reload_empty","draw":"tac:animation.aa12_draw","inspect":"tac:animation.aa12_inspect","cock":"tac:item.pistol.cock","silencedFire":"tac:item.aa12_fire_s"},"display":{"flash":{"yOffset":10.4,"zOffset":-22.55,"size":1.70,"trailAdjust":1.45},"shellCasing":{"tickLife":10,"yOffset":3,"xOffset":0,"zOffset":0,"scale":1,"velocityX":9,"velocityY":2,"velocityZ":-1.0,"rVelocityX":1.0,"rVelocityY":1.5,"rVelocityZ":0.0,"aVelocityX":15.0,"aVelocityY":-60.0,"aVelocityZ":15.0,"casingModel":"tac:special/shell_shotgun"},"hipfireScale":1.75,"hipfireMoveScale":0.1,"hipfireRecoilScale":1.0,"showDynamicHipfire":true,"weaponType":3},"modules":{"zoom":{"fovModifier":0.8,"yOffset":15.23,"zOffset":-1.75},"attachments":{"barrel":{"yOffset":-100829.84,"zOffset":-11.55,"scale":1.00},"extendedMag":{"yOffset":1000.89,"zOffset":5.35,"scale":0.0},"underBarrel":{"yOffset":7.799,"zOffset":-2.35,"scale":0.00},"scope":{"yOffset":14.03,"zOffset":7.63,"scale":1.0},"pistolScope":{"yOffset":14.03,"zOffset":6.6,"scale":1.0,"doRenderMount":true,"doOnSlideMovement":false},"sideRail":{"yOffset":7.799,"zOffset":-2.35,"scale":0.00},"gunSkin":{"yOffset":7.799,"zOffset":-2.35,"scale":0.00}}}}