{"general":{"auto":true,"rate":600,"rateSelector":[2,1],"gripType":"tac:two_handed_ak47","recoilAngle":3.275,"horizontalRecoilAngle":2.35,"recoilKick":1.625,"recoilAdsReduction":0.235,"weaponRecoilOffset":0.625,"cameraRecoilModifier":1.15,"recoilDuration":0.195,"weightKilo":4.4,"spread":2.15,"firstShotSpread":0.145,"hipFireInaccuracy":5.05,"projToMinAccuracy":4,"msToAccuracyReset":500,"movementInaccuracy":0.75},"projectile":{"item":"tac:762x39","visible":false,"damage":17,"armorIgnore":0.5,"critical":0.00,"criticalDamage":1,"headDamage":0.75,"closeDamage":1.1,"decayStart":0.14,"minDecayMultiplier":0.3,"decayEnd":1.0,"size":0.125,"speed":18.5,"life":10,"trailLengthMultiplier":2.75},"reloads":{"magFed":true,"maxAmmo":30,"reloadMagTimer":36,"additionalReloadEmptyMagTimer":20,"maxAdditionalAmmoPerOC":[5,7,10],"preReloadPauseTicks":0},"sounds":{"fire":"tac:item.ak47_fire","reloadNormal":"tac:animation.ak47_reload_norm","reloadEmpty":"tac:animation.ak47_reload_empty","draw":"tac:animation.ak47_draw","inspect":"tac:animation.ak47_inspect","cock":"tac:item.pistol.cock","silencedFire":"tac:item.ak47_fire_s"},"display":{"flash":{"yOffset":9.0,"zOffset":-20.75,"trailAdjust":1.325,"size":0.8},"shellCasing":{"tickLife":10,"yOffset":1,"xOffset":0,"zOffset":0,"scale":1,"velocityX":8,"velocityY":1,"velocityZ":-0.5,"rVelocityX":0,"rVelocityY":1.25,"rVelocityZ":0.0,"aVelocityX":45.0,"aVelocityY":-90.0,"aVelocityZ":15.0,"casingModel":"tac:special/shell_steel"},"hipfireScale":1.25,"hipfireMoveScale":0.5,"hipfireRecoilScale":1.0,"showDynamicHipfire":true},"modules":{"zoom":{"fovModifier":0.8,"yOffset":11.075,"zOffset":-0.5},"attachments":{"barrel":{"yOffset":-100829.84,"zOffset":-11.55,"scale":1.00},"extendedMag":{"yOffset":1000.89,"zOffset":5.35,"scale":0.0},"stock":{"yOffset":7.75,"zOffset":-22.05,"scale":0.00},"scope":{"yOffset":10.97,"zOffset":4.6,"scale":1.0},"pistolScope":{"yOffset":10.97,"zOffset":3.2,"scale":1.0,"doRenderMount":true,"doOnSlideMovement":false},"gunSkin":{"yOffset":7.799,"zOffset":-2.35,"scale":0.00}}}}