{"general":{"auto":true,"rate":3,"rateSelector":[0,1,2],"gripType":"tac:two_handed_ak47","recoilAngle":3.45,"recoilKick":0.85,"horizontalRecoilAngle":2.75,"recoilAdsReduction":0.35,"alwaysSpread":true,"spread":4.05,"weightKilo":3.8},"projectile":{"item":"tac:nato_556_bullet","visible":false,"damage":15,"size":0.2,"speed":27.5,"life":10},"reloads":{"magFed":true,"maxAmmo":30,"reloadMagTimer":65,"additionalReloadEmptyMagTimer":16,"maxAdditionalAmmoPerOC":[15,20,45],"preReloadPauseTicks":16},"sounds":{"fire":"tac:item.fire_ak47","reload":"tac:item.pistol.reload","cock":"tac:item.pistol.cock","silencedFire":"tac:item.fire_ak74s"},"display":{"flash":{"yOffset":11.3,"zOffset":-22.95,"size":0.8},"hipfireScale":1.7,"hipfireMoveScale":0.35,"hipfireRecoilScale":1.25,"weaponType":0},"modules":{"zoom":{"fovModifier":0.8,"yOffset":14.1,"zOffset":-4.2},"attachments":{"barrel":{"yOffset":-100829.84,"zOffset":-11.55,"scale":1.00},"stock":{"yOffset":7.75,"zOffset":-22.05,"scale":0.00},"scope":{"yOffset":13.65,"zOffset":4.6,"scale":1.0}}}}