{"general":{"auto":false,"rate":4,"rateSelector":[0,1],"gripType":"tac:two_handed_ak47","recoilAngle":4.625,"horizontalRecoilAngle":2.475,"recoilKick":1.375,"recoilAdsReduction":0.3,"weaponRecoilOffset":0.95,"cameraRecoilModifier":0.675,"alwaysSpread":true,"spread":1.325,"weightKilo":5.2},"reloads":{"magFed":true,"maxAmmo":20,"reloadMagTimer":75,"additionalReloadEmptyMagTimer":16,"maxAdditionalAmmoPerOC":[5,10,15],"preReloadPauseTicks":7},"projectile":{"item":"tac:bullet_308","visible":false,"damage":30,"size":0.1,"speed":46.5,"life":5,"ricochet":true},"sounds":{"fire":"tac:item.mk14","reload":"tac:item.pistol.reload","cock":"tac:item.pistol.cock","silencedFire":"tac:item.dmr_fire_s"},"display":{"flash":{"yOffset":9.35,"zOffset":-20.25,"size":1.10},"hipfireScale":0.95,"hipfireMoveScale":0.55,"hipfireRecoilScale":0.525,"weaponType":0,"showDynamicHipfire":false},"modules":{"zoom":{"fovModifier":0.7,"yOffset":12.675,"zOffset":-4.75},"attachments":{"barrel":{"yOffset":-100829.84,"zOffset":-11.55,"scale":1.00},"scope":{"yOffset":10.3,"zOffset":6.925,"scale":1.00},"stock":{"yOffset":7.75,"zOffset":-22.05,"scale":0.00},"underBarrel":{"yOffset":7.799,"zOffset":-3.65,"scale":0.00}}}}