{"general":{"rate":3,"rateSelector":[0,1],"gripType":"tac:one_handed_m1911","recoilAngle":5.35,"horizontalRecoilAngle":2.125,"recoilKick":1.25,"recoilAdsReduction":0.20,"weaponRecoilOffset":0.925,"cameraRecoilModifier":1.85,"recoilDuration":0.135,"alwaysSpread":true,"spread":2.35,"weightKilo":1.1},"reloads":{"magFed":true,"maxAmmo":10,"reloadMagTimer":45,"additionalReloadEmptyMagTimer":14,"maxAdditionalAmmoPerOC":[4,6,10],"preReloadPauseTicks":6},"projectile":{"item":"tac:9mm_round","visible":false,"damage":9,"size":0.2,"speed":17.0,"life":4},"sounds":{"fire":"tac:item.fire_glock","reload":"tac:item.pistol.reload","cock":"tac:item.pistol.cock","silencedFire":"tac:item.fire_glocks"},"display":{"flash":{"yOffset":12.45,"zOffset":-14.09,"size":1.05},"weaponType":2},"modules":{"zoom":{"fovModifier":0.9,"yOffset":13.785,"zOffset":-21.8},"attachments":{}}}