{"general":{"auto":true,"rate":1200,"rateSelector":[2],"gripType":"tac:one_handed_m1911","recoilAngle":5.825,"horizontalRecoilAngle":2.35,"recoilKick":1.5,"recoilAdsReduction":0.1925,"weaponRecoilOffset":0.75,"cameraRecoilModifier":2.125,"recoilDuration":0.25,"weightKilo":2.2,"spread":2.35,"firstShotSpread":0.225,"hipFireInaccuracy":2.3,"projToMinAccuracy":4,"msToAccuracyReset":320,"movementInaccuracy":0.1},"reloads":{"magFed":true,"maxAmmo":16,"reloadMagTimer":21,"additionalReloadEmptyMagTimer":14,"maxAdditionalAmmoPerOC":[3,6,10],"preReloadPauseTicks":7},"projectile":{"item":"tac:9mm_round","visible":false,"damage":9,"armorIgnore":0.2,"critical":0.0,"criticalDamage":1.0,"headDamage":0.625,"closeDamage":1.2,"decayStart":0.16,"minDecayMultiplier":0.2,"decayEnd":0.95,"size":0.05,"speed":10.5,"trailLengthMultiplier":2.5,"life":9},"sounds":{"fire":"tac:item.cz75auto_fire","reloadNormal":"tac:animation.cz75_auto_reload_norm","reloadEmpty":"tac:animation.cz75_auto_reload_empty","draw":"tac:animation.cz75_auto_draw","inspect":"tac:animation.cz75_auto_inspect","cock":"tac:item.pistol.cock","silencedFire":"tac:item.cz75auto_fire_s"},"display":{"flash":{"yOffset":9.625,"zOffset":-10,"size":0.75,"trailAdjust":0.575},"shellCasing":{"tickLife":10,"yOffset":1.5,"xOffset":-0.5,"zOffset":3.5,"scale":1.5,"velocityX":14,"velocityY":12,"velocityZ":4,"rVelocityX":2,"rVelocityY":4,"rVelocityZ":0.0,"aVelocityX":60.0,"aVelocityY":-120.0,"aVelocityZ":0.0,"casingModel":"tac:special/shell_small"},"hipfireScale":1.25,"hipfireMoveScale":0.5,"hipfireRecoilScale":1.0,"showDynamicHipfire":true,"weaponType":2},"modules":{"zoom":{"fovModifier":0.8,"yOffset":11.4,"zOffset":-5.85},"attachments":{"barrel":{"yOffset":-100829.84,"zOffset":-11.8,"scale":1.00},"extendedMag":{"yOffset":1000.89,"zOffset":5.35,"scale":0.0},"pistolScope":{"yOffset":9.75,"zOffset":5.75,"scale":2.00,"doRenderMount":true,"doOnSlideMovement":true}}}}