{"general":{"auto":true,"rate":7,"rateSelector":[1],"gripType":"tac:two_handed_mosin","recoilAngle":4.75,"horizontalRecoilAngle":0.775,"recoilKick":1.4625,"recoilAdsReduction":0.175,"cameraRecoilModifier":0.25,"weaponRecoilOffset":0.975,"recoilDuration":0.125,"alwaysSpread":true,"spread":8.5,"projectileAmount":11,"weightKilo":3.0},"reloads":{"magFed":true,"maxAmmo":2,"reloadMagTimer":34,"additionalReloadEmptyMagTimer":0,"maxAdditionalAmmoPerOC":[0,0,0],"openBolt":true},"projectile":{"item":"tac:10_gauge_round","visible":false,"damage":52,"size":1.0,"speed":16.5,"life":3,"ricochet":false},"sounds":{"fire":"tac:item.fire_db","reload":"tac:item.pistol.reload","cock":"tac:item.pistol.cock","silencedFire":"tac:item.fire_m16s"},"display":{"flash":{"yOffset":9.17,"zOffset":-21.05,"size":1.7},"weaponType":3},"modules":{"zoom":{"fovModifier":0.8,"yOffset":9.94,"zOffset":0.68},"attachments":{}}}