{"general":{"rate":300,"rateSelector":[1],"gripType":"tac:one_handed_m1911","recoilAngle":20,"horizontalRecoilAngle":12,"recoilKick":1.125,"recoilAdsReduction":0.1875,"cameraRecoilModifier":2.5,"weaponRecoilOffset":0.8125,"recoilDuration":0.225,"projectileAmount":14,"weightKilo":2.1,"spread":8.5,"firstShotSpread":8.5,"hipFireInaccuracy":1,"projToMinAccuracy":1,"msToAccuracyReset":430,"movementInaccuracy":0.025},"reloads":{"magFed":true,"maxAmmo":2,"reloadMagTimer":28,"additionalReloadEmptyMagTimer":0,"openBolt":true},"projectile":{"item":"tac:10_gauge_round","visible":false,"damage":72,"armorIgnore":0.2,"critical":0.0,"criticalDamage":0.75,"headDamage":0.55,"closeDamage":1.2,"decayStart":0.15,"minDecayMultiplier":0.3,"decayEnd":0.6,"size":0.025,"speed":13.5,"life":2,"trailLengthMultiplier":3.25,"ricochet":false},"sounds":{"fire":"tac:item.dbs_fire","reloadNormal":"tac:animation.db_shortgun_reload_norm","reloadEmpty":"tac:animation.db_shortgun_reload_empty","draw":"tac:animation.db_shortgun_draw","inspect":"tac:animation.db_shortgun_inspect","cock":"tac:item.pistol.cock","silencedFire":"tac:item.fire_m16s"},"display":{"flash":{"size":3.395,"yOffset":11.97,"zOffset":-21.55,"trailAdjust":1.4125},"hipfireScale":2,"hipfireMoveScale":0.05,"hipfireRecoilScale":1.0,"showDynamicHipfire":true,"weaponType":3},"modules":{"zoom":{"fovModifier":0.8,"yOffset":12.88,"zOffset":-2.5},"attachments":{"gunSkin":{"yOffset":7.799,"zOffset":-2.35,"scale":0.00}}}}