{"general":{"rate":15,"rateSelector":[0,1],"gripType":"tac:two_handed_mosin","recoilAngle":2.675,"recoilKick":0.575,"horizontalRecoilAngle":0.425,"recoilAdsReduction":0.40,"weaponRecoilOffset":0.85,"recoilDuration":0.11,"cameraRecoilModifier":1.0,"alwaysSpread":true,"spread":1.0,"weightKilo":3.9},"reloads":{"magFed":true,"maxAmmo":7,"reloadMagTimer":46,"additionalReloadEmptyMagTimer":15,"maxAdditionalAmmoPerOC":[2,4,6],"preReloadPauseTicks":6,"openBolt":false},"projectile":{"item":"tac:round45","visible":false,"gravity":true,"damage":16,"size":0.175,"speed":21.0,"life":7},"sounds":{"fire":"tac:item.fire_m16s","reload":"tac:item.pistol.reload","cock":"tac:item.pistol.cock","silencedFire":"tac:item.fire_m16s"},"display":{"flash":{"yOffset":7.65,"zOffset":-22.80,"size":1.05},"weaponType":5,"hipfireScale":1.5},"modules":{"zoom":{"fovModifier":0.7,"yOffset":8.45,"zOffset":-5.7},"attachments":{"oldScope":{"xOffset":-1.81,"yOffset":6.7385,"zOffset":5.75,"scale":1.0}}}}