{"general":{"rate":300,"rateSelector":[1],"gripType":"tac:one_handed_m1911","recoilAngle":22.5,"horizontalRecoilAngle":3.15,"recoilKick":1.5,"recoilAdsReduction":0.225,"weaponRecoilOffset":0.875,"cameraRecoilModifier":2.125,"recoilDuration":0.215,"weightKilo":2.4,"spread":1.45,"firstShotSpread":0.085,"hipFireInaccuracy":5.35,"projToMinAccuracy":3,"msToAccuracyReset":660,"movementInaccuracy":0.25},"reloads":{"magFed":true,"maxAmmo":7,"reloadMagTimer":25,"additionalReloadEmptyMagTimer":11,"maxAdditionalAmmoPerOC":[1,2,3],"preReloadPauseTicks":0},"projectile":{"item":"tac:ae50","visible":false,"damage":36,"armorIgnore":0.5,"critical":0.0,"criticalDamage":1.0,"headDamage":0.75,"closeDamage":1.2,"decayStart":0.1,"minDecayMultiplier":0.2,"decayEnd":0.8,"size":0.125,"speed":14.5,"trailLengthMultiplier":3,"life":10},"sounds":{"fire":"tac:item.deagle_fire","reloadNormal":"tac:animation.deagle_reload_norm","reloadEmpty":"tac:animation.deagle_reload_empty","draw":"tac:animation.deagle_draw","inspect":"tac:animation.deagle_inspect","cock":"tac:item.pistol.cock","silencedFire":"tac:item.deagle_fire_s"},"display":{"flash":{"yOffset":11.15,"zOffset":-6.5,"size":1.1,"trailAdjust":0.5},"shellCasing":{"tickLife":10,"yOffset":4.25,"xOffset":-0.5,"zOffset":12,"scale":1.75,"velocityX":10,"velocityY":5,"velocityZ":2,"rVelocityX":2,"rVelocityY":3,"rVelocityZ":1.0,"aVelocityX":60.0,"aVelocityY":-120.0,"aVelocityZ":0.0,"casingModel":"tac:special/shell_silver"},"hipfireScale":1.25,"hipfireMoveScale":0.25,"hipfireRecoilScale":1.0,"weaponType":2,"showDynamicHipfire":true},"modules":{"zoom":{"fovModifier":0.8,"yOffset":13.705,"zOffset":-13.15},"attachments":{"barrel":{"yOffset":-100829.84,"zOffset":-11.55,"scale":1.00},"extendedMag":{"yOffset":1000.89,"zOffset":5.35,"scale":0.0},"scope":{"yOffset":11.875,"zOffset":4.75,"scale":2.0},"pistolScope":{"yOffset":11.875,"zOffset":4.5,"scale":2.0,"doRenderMount":true,"doOnSlideMovement":false},"gunSkin":{"yOffset":7.799,"zOffset":-2.35,"scale":0.00}}}}