{"general":{"auto":true,"rate":400,"rateSelector":[2],"gripType":"tac:two_handed_ak47","recoilAngle":3.55,"horizontalRecoilAngle":2.65,"recoilKick":1.875,"recoilAdsReduction":0.315,"weaponRecoilOffset":0.715,"cameraRecoilModifier":1.25,"recoilDuration":0.335,"weightKilo":11.25,"spread":0.575,"firstShotSpread":0.135,"hipFireInaccuracy":7.65,"projToMinAccuracy":10,"msToAccuracyReset":750,"movementInaccuracy":0.6},"reloads":{"magFed":true,"maxAmmo":50,"reloadMagTimer":72,"additionalReloadEmptyMagTimer":20,"preReloadPauseTicks":0,"openBolt":true},"projectile":{"item":"tac:762x54","visible":false,"damage":19,"armorIgnore":0.8,"critical":0.0,"criticalDamage":0.875,"headDamage":0.75,"closeDamage":1.0,"decayStart":0.12,"minDecayMultiplier":0.3,"decayEnd":1.0,"size":0.175,"speed":19,"trailLengthMultiplier":2.75,"life":13},"sounds":{"fire":"tac:item.dp28_fire","reloadNormal":"tac:animation.dp28_reload_norm","reloadEmpty":"tac:animation.dp28_reload_empty","draw":"tac:animation.dp28_draw","inspect":"tac:animation.dp28_inspect","cock":"tac:item.pistol.cock","silencedFire":"tac:item.dp28_fire_s"},"display":{"flash":{"yOffset":10.3,"zOffset":-22.95,"size":0.8,"trailAdjust":1.4725},"shellCasing":{"tickLife":10,"yOffset":0,"xOffset":0,"zOffset":2.5,"scale":1,"velocityX":0,"velocityY":-6,"velocityZ":0,"rVelocityX":1,"rVelocityY":2,"rVelocityZ":0.0,"aVelocityX":45.0,"aVelocityY":10.0,"aVelocityZ":30.0,"casingModel":"tac:special/shell_large"},"hipfireScale":2.5,"hipfireMoveScale":0.5,"hipfireRecoilScale":1.0,"showDynamicHipfire":true,"weaponType":1},"modules":{"zoom":{"fovModifier":0.8,"yOffset":12.19,"zOffset":-4.2}}}