{"general":{"auto":true,"rate":600,"rateSelector":[2,1],"gripType":"tac:two_handed_ak47","recoilAngle":3.25,"horizontalRecoilAngle":1.75,"recoilKick":1.5,"recoilAdsReduction":0.225,"weaponRecoilOffset":0.85,"cameraRecoilModifier":1.3125,"recoilDuration":0.25,"weightKilo":6.75,"spread":1.95,"firstShotSpread":0.115,"hipFireInaccuracy":6.75,"projToMinAccuracy":2,"msToAccuracyReset":550,"movementInaccuracy":0.8},"projectile":{"item":"tac:bullet_308","visible":false,"damage":19,"armorIgnore":0.8,"critical":0.00,"criticalDamage":0.75,"headDamage":0.75,"closeDamage":1.1,"decayStart":0.13,"minDecayMultiplier":0.3,"decayEnd":0.8,"size":0.125,"speed":16.5,"life":14,"trailLengthMultiplier":2.5},"reloads":{"magFed":true,"maxAmmo":20,"reloadMagTimer":28,"additionalReloadEmptyMagTimer":18,"maxAdditionalAmmoPerOC":[3,6,10],"preReloadPauseTicks":8},"sounds":{"fire":"tac:item.fnfal_fire","reloadNormal":"tac:animation.fn_fal_reload_norm","reloadEmpty":"tac:animation.fn_fal_reload_empty","draw":"tac:animation.fn_fal_draw","inspect":"tac:animation.fn_fal_inspect","cock":"tac:item.pistol.cock","silencedFire":"tac:item.fnfal_fire_s"},"display":{"flash":{"yOffset":8.725,"zOffset":-18.75,"size":0.8,"trailAdjust":1.25},"shellCasing":{"tickLife":10,"yOffset":1,"xOffset":0,"zOffset":1.5,"scale":1,"velocityX":9,"velocityY":1,"velocityZ":1,"rVelocityX":0.5,"rVelocityY":1.5,"rVelocityZ":0.5,"aVelocityX":30.0,"aVelocityY":-75.0,"aVelocityZ":15.0,"casingModel":"tac:special/shell_large"},"hipfireScale":1,"hipfireMoveScale":0.5,"hipfireRecoilScale":0.95,"showDynamicHipfire":true,"weaponType":0},"modules":{"zoom":{"fovModifier":0.8,"yOffset":11.075,"zOffset":-4.5},"attachments":{"extendedMag":{"yOffset":1000.89,"zOffset":5.35,"scale":0.0},"scope":{"yOffset":10.45,"zOffset":7.275,"scale":1.0},"pistolScope":{"yOffset":10.45,"zOffset":6.1,"scale":1.0,"doRenderMount":true,"doOnSlideMovement":false},"underBarrel":{"yOffset":7.799,"zOffset":-2.35,"scale":0.00},"sideRail":{"yOffset":7.799,"zOffset":-2.35,"scale":0.00},"irDevice":{"yOffset":7.799,"zOffset":-2.35,"scale":0.00}}}}