{"general":{"boltAction":true,"rate":30,"gripType":"tac:two_handed_mosin","recoilAngle":1.225,"recoilKick":0.85,"horizontalRecoilAngle":0.125,"recoilAdsReduction":0.25,"weaponRecoilOffset":0.735,"recoilDuration":0.125,"cameraRecoilModifier":2.0,"alwaysSpread":true,"spread":0.15,"weightKilo":5.3},"reloads":{"magFed":true,"maxAmmo":10,"reloadMagTimer":80,"additionalReloadEmptyMagTimer":38,"maxAdditionalAmmoPerOC":[2,5,8],"preReloadPauseTicks":14},"projectile":{"item":"tac:bullet_308","visible":false,"gravity":true,"damage":52,"size":0.3,"speed":93.0,"life":5},"sounds":{"fire":"tac:item.remington_700","reload":"tac:item.pistol.reload","cock":"tac:item.pistol.cock","silencedFire":"tac:item.remington_700s"},"display":{"flash":{"yOffset":5.1,"zOffset":-29.90,"size":1.3},"showDynamicHipfire":false,"weaponType":5},"modules":{"zoom":{"fovModifier":0.7,"yOffset":7.16,"zOffset":-6.4},"attachments":{"scope":{"yOffset":6.38,"zOffset":6.0,"scale":1.0}}}}