{"general":{"auto":true,"rate":1200,"rateSelector":[2,1],"gripType":"tac:one_handed_m1911","recoilAngle":7.5,"horizontalRecoilAngle":3.75,"recoilKick":1,"recoilAdsReduction":0.275,"weaponRecoilOffset":0.7,"cameraRecoilModifier":3.75,"recoilDuration":0.25,"weightKilo":1.1,"spread":2.5,"firstShotSpread":0.35,"hipFireInaccuracy":2.85,"projToMinAccuracy":5,"msToAccuracyReset":420,"movementInaccuracy":0.275},"reloads":{"magFed":true,"maxAmmo":17,"reloadMagTimer":24,"additionalReloadEmptyMagTimer":9,"maxAdditionalAmmoPerOC":[5,10,16],"preReloadPauseTicks":4},"projectile":{"item":"tac:9mm_round","visible":false,"damage":8.5,"armorIgnore":0,"critical":0.0,"criticalDamage":1.0,"headDamage":0.625,"closeDamage":1.2,"decayStart":0.12,"minDecayMultiplier":0.25,"decayEnd":0.9,"size":0.005,"speed":14,"trailLengthMultiplier":2,"life":7},"sounds":{"fire":"tac:item.glock18_fire","reloadNormal":"tac:animation.glock_18_reload_norm","reloadEmpty":"tac:animation.glock_18_reload_empty","draw":"tac:animation.glock_18_draw","inspect":"tac:animation.glock_18_inspect","cock":"tac:item.pistol.cock","silencedFire":"tac:item.glock18_fire_s"},"display":{"flash":{"yOffset":10.35,"zOffset":-12.09,"size":1.5,"trailAdjust":0.75},"shellCasing":{"tickLife":10,"yOffset":2.5,"xOffset":-1,"zOffset":3.25,"scale":1.5,"velocityX":16,"velocityY":12,"velocityZ":-2,"rVelocityX":1,"rVelocityY":2,"rVelocityZ":2.0,"aVelocityX":60.0,"aVelocityY":-120.0,"aVelocityZ":0.0,"casingModel":"tac:special/shell_small"},"hipfireScale":1.25,"hipfireMoveScale":0.25,"hipfireRecoilScale":1.00,"weaponType":2},"modules":{"zoom":{"fovModifier":0.8,"yOffset":12.125,"zOffset":-4.5},"attachments":{"pistolBarrel":{"yOffset":-100829.84,"zOffset":-11.55,"scale":1.00},"extendedMag":{"yOffset":1000.89,"zOffset":5.35,"scale":0.0},"sideRail":{"yOffset":7.799,"zOffset":-2.35,"scale":0.00},"pistolScope":{"yOffset":10.275,"zOffset":4.715,"scale":2,"doRenderMount":false,"doOnSlideMovement":true}}}}