{"general":{"auto":true,"rate":850,"rateSelector":[2,1],"gripType":"tac:two_handed_ak47","recoilAngle":2.375,"horizontalRecoilAngle":1.55,"recoilKick":1.35,"recoilAdsReduction":0.205,"weaponRecoilOffset":0.805,"cameraRecoilModifier":1.15,"recoilDuration":0.225,"weightKilo":3.1,"spread":1.775,"firstShotSpread":0.125,"hipFireInaccuracy":5.95,"projToMinAccuracy":6,"msToAccuracyReset":320,"movementInaccuracy":0.5},"reloads":{"magFed":true,"maxAmmo":30,"reloadMagTimer":20,"additionalReloadEmptyMagTimer":14,"maxAdditionalAmmoPerOC":[10,20,30],"preReloadPauseTicks":8},"projectile":{"item":"tac:nato_556_bullet","visible":false,"damage":13.5,"armorIgnore":0.5,"critical":0.00,"criticalDamage":0.75,"headDamage":0.75,"closeDamage":1.1,"decayStart":0.11,"minDecayMultiplier":0.35,"decayEnd":0.95,"size":0.075,"speed":22,"life":10,"trailLengthMultiplier":2.5,"ricochet":true},"sounds":{"fire":"tac:item.hk416_fire","reloadNormal":"tac:animation.hk416_a5_reload_norm","reloadEmpty":"tac:animation.hk416_a5_reload_empty","draw":"tac:animation.hk416_a5_draw","inspect":"tac:animation.hk416_a5_inspect","cock":"tac:item.pistol.cock","silencedFire":"tac:item.hk416_fire_s"},"display":{"flash":{"yOffset":9.35,"zOffset":-14,"size":1.10,"trailAdjust":0.9375},"shellCasing":{"tickLife":10,"yOffset":1,"xOffset":0,"zOffset":0.5,"scale":0.75,"velocityX":10,"velocityY":1.5,"velocityZ":-2,"rVelocityX":0,"rVelocityY":1.5,"rVelocityZ":1.0,"aVelocityX":15.0,"aVelocityY":-90.0,"aVelocityZ":15.0,"casingModel":"tac:special/shell_large"},"hipfireScale":1.5,"hipfireMoveScale":0.25,"hipfireRecoilScale":1.00},"modules":{"zoom":{"fovModifier":0.8,"yOffset":13.0125,"zOffset":-1},"attachments":{"barrel":{"yOffset":-100829.84,"zOffset":-11.55,"scale":1.00},"extendedMag":{"yOffset":1000.89,"zOffset":5.35,"scale":0.0},"scope":{"yOffset":10.7,"zOffset":5.875,"scale":1.00},"pistolScope":{"yOffset":10.7,"zOffset":4.8,"scale":1.0,"doRenderMount":true,"doOnSlideMovement":false},"stock":{"yOffset":7.75,"zOffset":-22.05,"scale":0.00},"underBarrel":{"yOffset":7.799,"zOffset":-2.35,"scale":0.00},"sideRail":{"yOffset":7.799,"zOffset":-2.35,"scale":0.00},"irDevice":{"yOffset":7.799,"zOffset":-2.35,"scale":0.00}}}}