{"general":{"rate":300,"rateSelector":[1],"gripType":"tac:two_handed_ak47","recoilAngle":8.175,"horizontalRecoilAngle":2.775,"recoilKick":1.625,"recoilAdsReduction":0.175,"cameraRecoilModifier":2,"weaponRecoilOffset":0.825,"recoilDuration":0.2,"projectileAmount":10,"weightKilo":5.6,"spread":5.75,"firstShotSpread":3.95,"hipFireInaccuracy":1.15,"projToMinAccuracy":3,"msToAccuracyReset":625,"movementInaccuracy":0.1},"reloads":{"magFed":false,"maxAmmo":8,"reloadAmount":2,"preReloadPauseTicks":0,"interReloadPauseTicks":15,"openBolt":true},"projectile":{"item":"tac:10_gauge_round","visible":false,"damage":60,"armorIgnore":0.2,"critical":0.0,"criticalDamage":0.75,"headDamage":0.55,"closeDamage":1.1,"decayStart":0.11,"minDecayMultiplier":0.4,"decayEnd":0.65,"size":0.05,"speed":15.5,"life":3,"trailLengthMultiplier":3.25,"ricochet":false},"sounds":{"fire":"tac:item.m1014_fire","reloadIntro":"tac:animation.m1014_reload_intro","reloadLoop":"tac:animation.m1014_reload_loop","reloadEnd":"tac:animation.m1014_reload_norm_end","reloadEndEmpty":"tac:animation.m1014_reload_empty_end","draw":"tac:animation.m1014_draw","inspect":"tac:animation.m1014_inspect","inspectEmpty":"tac:animation.m1014_inspect_empty","cock":"tac:item.pistol.cock","silencedFire":"tac:item.fire_m1014_fire_s"},"display":{"flash":{"size":1.2,"yOffset":9.69,"zOffset":-24.05,"trailAdjust":1.555},"shellCasing":{"tickLife":10,"yOffset":1,"xOffset":0,"zOffset":-1,"scale":1,"velocityX":10,"velocityY":2,"velocityZ":1.0,"rVelocityX":0.0,"rVelocityY":1.5,"rVelocityZ":0.0,"aVelocityX":15.0,"aVelocityY":-60.0,"aVelocityZ":15.0,"casingModel":"tac:special/shell_shotgun"},"hipfireScale":1.5,"hipfireMoveScale":0.15,"hipfireRecoilScale":0.45,"weaponType":3},"modules":{"zoom":{"fovModifier":0.8,"yOffset":11.12,"zOffset":-2},"attachments":{"scope":{"yOffset":10.21,"zOffset":3.75,"scale":1.00},"pistolScope":{"yOffset":10.21,"zOffset":1.9,"scale":1.0,"doRenderMount":true,"doOnSlideMovement":false}}}}