{"general":{"auto":true,"rate":900,"rateSelector":[0,1,2],"gripType":"tac:two_handed_ak47","recoilAngle":1.65,"horizontalRecoilAngle":0.325,"recoilKick":0.5275,"recoilAdsReduction":0.275,"weaponRecoilOffset":0.9975,"cameraRecoilModifier":1.015,"recoilDuration":0.2125,"alwaysSpread":true,"spread":1.55,"weightKilo":3.25},"reloads":{"magFed":true,"maxAmmo":20,"reloadMagTimer":45,"additionalReloadEmptyMagTimer":10,"maxAdditionalAmmoPerOC":[3,5,10],"preReloadPauseTicks":7},"projectile":{"item":"tac:nato_556_bullet","visible":false,"damage":14.0,"size":0.1,"speed":44.5,"life":10,"ricochet":true},"sounds":{"fire":"tac:item.fire_m16","reload":"tac:item.pistol.reload","cock":"tac:item.pistol.cock","silencedFire":"tac:item.fire_m16s"},"display":{"flash":{"yOffset":9.53,"zOffset":-23.99,"size":0.90},"weaponType":0},"modules":{"zoom":{"fovModifier":0.8,"yOffset":12.59,"zOffset":-2.6},"attachments":{"barrel":{"yOffset":-100829.84,"zOffset":-11.55,"scale":1.00}}}}