{"general":{"auto":true,"rate":700,"burstRate":16,"rateSelector":[3,2,1],"gripType":"tac:two_handed_ak47","recoilAngle":1.875,"horizontalRecoilAngle":2,"recoilKick":1.125,"recoilAdsReduction":0.275,"weaponRecoilOffset":0.75,"cameraRecoilDuration":1.15,"cameraRecoilModifier":1.2875,"recoilDuration":0.35,"weightKilo":4.8,"spread":1.875,"firstShotSpread":0.105,"hipFireInaccuracy":4.75,"projToMinAccuracy":3,"msToAccuracyReset":450,"movementInaccuracy":0.6},"reloads":{"magFed":true,"maxAmmo":30,"reloadMagTimer":32,"additionalReloadEmptyMagTimer":12,"maxAdditionalAmmoPerOC":[10,20,30],"preReloadPauseTicks":0},"projectile":{"item":"tac:nato_556_bullet","visible":false,"damage":14.5,"armorIgnore":0.5,"critical":0.00,"criticalDamage":0.75,"headDamage":0.75,"closeDamage":1.1,"decayStart":0.16,"minDecayMultiplier":0.35,"decayEnd":0.65,"size":0.075,"speed":28,"life":8,"trailLengthMultiplier":3,"ricochet":true},"sounds":{"fire":"tac:item.m16a4_fire","reloadNormal":"tac:animation.m16a4_reload_norm","reloadEmpty":"tac:animation.m16a4_reload_empty","draw":"tac:animation.m16a4_draw","inspect":"tac:animation.m16a4_inspect","cock":"tac:item.pistol.cock","silencedFire":"tac:item.m16a4_fire_s"},"display":{"flash":{"yOffset":9.53,"zOffset":-23.99,"size":0.90,"trailAdjust":1.625},"shellCasing":{"tickLife":10,"yOffset":1,"xOffset":0,"zOffset":2,"scale":0.8,"velocityX":9,"velocityY":1.5,"velocityZ":-1,"rVelocityX":1,"rVelocityY":2,"rVelocityZ":0.0,"aVelocityX":30.0,"aVelocityY":-80.0,"aVelocityZ":15.0,"casingModel":"tac:special/shell_large"},"hipfireScale":1.25,"hipfireMoveScale":0.375,"hipfireRecoilScale":1,"showDynamicHipfire":true,"weaponType":0},"modules":{"zoom":{"fovModifier":0.67,"yOffset":12.625,"zOffset":-1.125},"attachments":{"scope":{"yOffset":10.515,"zOffset":7.285,"scale":1.00},"extendedMag":{"yOffset":1000.89,"zOffset":5.35,"scale":0.0},"barrel":{"yOffset":-100829.84,"zOffset":-11.55,"scale":1.00},"underBarrel":{"yOffset":7.799,"zOffset":-2.35,"scale":0.00},"sideRail":{"yOffset":7.799,"zOffset":-2.35,"scale":0.00},"irDevice":{"yOffset":7.799,"zOffset":-2.35,"scale":0.00}}}}