{"general":{"auto":false,"rate":3,"rateSelector":[0,1],"gripType":"tac:two_handed_ak47","recoilAngle":4.55,"horizontalRecoilAngle":1.825,"recoilKick":1.125,"recoilAdsReduction":0.265,"weaponRecoilOffset":0.96,"cameraRecoilModifier":0.835,"recoilDuration":0.205,"alwaysSpread":true,"spread":1.025,"weightKilo":6.1},"reloads":{"magFed":true,"maxAmmo":8,"reloadMagTimer":38,"additionalReloadEmptyMagTimer":12,"maxAdditionalAmmoPerOC":[0,0,0],"preReloadPauseTicks":7,"openBolt":true},"projectile":{"item":"tac:win_30-30","visible":false,"damage":29,"size":0.1,"speed":41.5,"life":6,"ricochet":true},"sounds":{"fire":"tac:item.mk14","reload":"tac:item.pistol.reload","cock":"tac:item.pistol.cock","silencedFire":"tac:item.dmr_fire_s"},"display":{"flash":{"yOffset":10.05,"zOffset":-23.95,"size":1.10},"hipfireScale":0.95,"hipfireMoveScale":0.55,"hipfireRecoilScale":0.525,"weaponType":0,"showDynamicHipfire":false},"modules":{"zoom":{"fovModifier":0.7,"yOffset":11.015,"zOffset":-4.75},"attachments":{"oldScope":{"yOffset":9.875,"zOffset":4.1,"xOffset":-1.4,"scale":1.0}}}}