{"general":{"auto":true,"rate":600,"rateSelector":[2],"gripType":"tac:two_handed_ak47","recoilAngle":2.5,"horizontalRecoilAngle":1.355,"recoilKick":1.375,"recoilAdsReduction":0.275,"weaponRecoilOffset":0.5,"cameraRecoilModifier":1.25,"recoilDuration":0.275,"weightKilo":5.2,"spread":2.75,"firstShotSpread":0.165,"hipFireInaccuracy":2.95,"projToMinAccuracy":6,"msToAccuracyReset":380,"movementInaccuracy":0.235},"reloads":{"magFed":true,"maxAmmo":30,"reloadMagTimer":33,"additionalReloadEmptyMagTimer":10,"maxAdditionalAmmoPerOC":[5,12,20],"preReloadPauseTicks":9,"openBolt":true},"projectile":{"item":"tac:round45","visible":false,"damage":16.0,"armorIgnore":0.3,"critical":0.0,"criticalDamage":0.625,"headDamage":0.675,"closeDamage":1.15,"decayStart":0.18,"minDecayMultiplier":0.3,"decayEnd":0.85,"size":0.05,"speed":15.5,"life":8,"trailLengthMultiplier":2.0,"ricochet":true},"sounds":{"fire":"tac:item.m1a1_smg_fire","reloadNormal":"tac:animation.m1a1_smg_reload_norm","reloadEmpty":"tac:animation.m1a1_smg_reload_empty","draw":"tac:animation.m1a1_smg_draw","inspect":"tac:animation.m1a1_smg_inspect","cock":"tac:item.pistol.cock"},"display":{"flash":{"yOffset":9.35,"zOffset":-18.55,"size":0.625,"trailAdjust":1.125},"shellCasing":{"tickLife":10,"yOffset":1.25,"xOffset":0,"zOffset":-2.5,"scale":1,"velocityX":8,"velocityY":3,"velocityZ":0.0,"rVelocityX":0.0,"rVelocityY":1.5,"rVelocityZ":0.0,"aVelocityX":30.0,"aVelocityY":-120.0,"aVelocityZ":0.0,"casingModel":"tac:special/shell_small"},"hipfireScale":1,"hipfireMoveScale":0.25,"hipfireRecoilScale":1,"weaponType":4},"modules":{"zoom":{"fovModifier":0.8,"yOffset":10.7,"zOffset":-2.75},"attachments":{"extendedMag":{"yOffset":1000.89,"zOffset":5.35,"scale":0.0}}}}