{"general":{"boltAction":true,"rate":200,"rateSelector":[1],"gripType":"tac:two_handed_mosin","recoilAngle":5.75,"recoilKick":1.625,"horizontalRecoilAngle":0.825,"recoilAdsReduction":0.275,"weaponRecoilOffset":0.725,"recoilDuration":0.35,"cameraRecoilModifier":1.5,"weightKilo":4.0,"spread":0.015,"firstShotSpread":0.015,"hipFireInaccuracy":14.5,"projToMinAccuracy":2,"msToAccuracyReset":0,"movementInaccuracy":0.35},"reloads":{"magFed":true,"maxAmmo":5,"reloadMagTimer":33,"additionalReloadEmptyMagTimer":17,"maxAdditionalAmmoPerOC":[2,3,5],"preReloadPauseTicks":0},"projectile":{"item":"tac:win_30-30","visible":false,"damage":43,"armorIgnore":1,"critical":0.0,"criticalDamage":1.0,"headDamage":1,"closeDamage":1.0,"decayStart":0.1,"minDecayMultiplier":0.4,"decayEnd":0.5,"size":0.125,"speed":35.5,"life":12,"trailLengthMultiplier":3},"sounds":{"fire":"tac:item.m24_fire","reloadNormal":"tac:animation.m24_reload_norm","reloadEmpty":"tac:animation.m24_reload_empty","draw":"tac:animation.m24_draw","inspect":"tac:animation.m24_inspect","pullBolt":"tac:animation.m24_bolt","cock":"tac:item.pistol.cock","silencedFire":"tac:item.assault_rifle.silenced_fire"},"display":{"flash":{"yOffset":6,"zOffset":-24,"size":1.3,"trailAdjust":1.6},"showDynamicHipfire":false,"weaponType":5},"modules":{"zoom":{"fovModifier":0.67,"yOffset":7.50,"zOffset":-4.0},"attachments":{"scope":{"yOffset":6.65,"zOffset":7,"scale":1.0},"extendedMag":{"yOffset":1000.89,"zOffset":5.35,"scale":0.0},"pistolScope":{"yOffset":6.65,"zOffset":4.85,"scale":1.0,"doRenderMount":true,"doOnSlideMovement":false}}}}