{"general":{"auto":true,"rate":600,"rateSelector":[2],"gripType":"tac:two_handed_m60","recoilAngle":2.75,"recoilKick":1.35,"horizontalRecoilAngle":1.45,"recoilAdsReduction":0.2125,"weaponRecoilOffset":0.675,"cameraRecoilModifier":1.15,"recoilDuration":0.25,"weightKilo":13.55,"spread":0.525,"firstShotSpread":1.875,"hipFireInaccuracy":6.85,"projToMinAccuracy":14,"msToAccuracyReset":780,"movementInaccuracy":0.5},"reloads":{"magFed":true,"maxAmmo":70,"reloadMagTimer":120,"additionalReloadEmptyMagTimer":20,"maxAdditionalAmmoPerOC":[25,50,75],"preReloadPauseTicks":0,"openBolt":true},"projectile":{"item":"tac:bullet_308","visible":false,"damage":23,"armorIgnore":1,"critical":0.0,"criticalDamage":0.875,"headDamage":0.75,"closeDamage":1.1,"decayStart":0.15,"minDecayMultiplier":0.2,"decayEnd":0.85,"size":0.15,"speed":24.5,"trailLengthMultiplier":3,"life":11},"sounds":{"fire":"tac:item.m60_fire","reloadNormal":"tac:animation.m60_reload_norm","reloadEmpty":"tac:animation.m60_reload_empty","draw":"tac:animation.m60_draw","inspect":"tac:animation.m60_inspect","cock":"tac:item.pistol.cock","silencedFire":"tac:item.m60_fire_s"},"display":{"flash":{"yOffset":5.73,"zOffset":-22.15,"size":1.1,"trailAdjust":1.5},"shellCasing":{"tickLife":10,"yOffset":-3,"xOffset":0,"zOffset":6,"scale":1,"velocityX":10,"velocityY":0.5,"velocityZ":0,"rVelocityX":1,"rVelocityY":1.5,"rVelocityZ":0.0,"aVelocityX":15.0,"aVelocityY":-60.0,"aVelocityZ":10,"casingModel":"tac:special/shell_large"},"hipfireScale":3.25,"hipfireMoveScale":0.375,"hipfireRecoilScale":1.00,"weaponType":1},"modules":{"zoom":{"fovModifier":0.8,"yOffset":10,"zOffset":-3.7},"attachments":{"scope":{"yOffset":8.45,"zOffset":10.5,"scale":1.00},"extendedMag":{"yOffset":1000.89,"zOffset":5.35,"scale":0.0},"pistolScope":{"yOffset":8.45,"zOffset":8.6,"scale":1.0,"doRenderMount":true,"doOnSlideMovement":false}}}}