{"general":{"auto":true,"rate":1,"rateSelector":[0,2],"gripType":"tac:two_handed_m60","recoilAngle":1.70,"horizontalRecoilAngle":0.30,"recoilKick":1.5,"recoilAdsReduction":0.68,"alwaysSpread":true,"spread":2.86,"weightKilo":11.25},"reloads":{"magFed":true,"maxAmmo":100,"reloadMagTimer":142,"additionalReloadEmptyMagTimer":-10,"maxAdditionalAmmoPerOC":[50,75,100],"preReloadPauseTicks":26,"openBolt":true},"projectile":{"item":"tac:bullet_308","visible":false,"damage":12.0,"size":0.2,"speed":32.5,"life":5},"sounds":{"fire":"tac:item.fire_m60","reload":"tac:item.pistol.reload","cock":"tac:item.pistol.cock","silencedFire":"tac:item.pistol.silenced_fire"},"display":{"flash":{"yOffset":5.3,"zOffset":-19.95,"size":0.8},"weaponType":1},"modules":{"zoom":{"fovModifier":0.8,"yOffset":8.7,"zOffset":2.7},"attachments":{}}}