{"general":{"auto":true,"rate":1,"rateSelector":[0,2],"gripType":"tac:two_handed_m60","recoilAngle":0.525,"horizontalRecoilAngle":0.225,"recoilKick":0.29,"recoilAdsReduction":0.228,"weaponRecoilOffset":0.5,"cameraRecoilModifier":0.4975,"recoilDuration":0.1125,"alwaysSpread":true,"spread":2.86,"weightKilo":11.25},"reloads":{"magFed":true,"maxAmmo":100,"reloadMagTimer":142,"additionalReloadEmptyMagTimer":-10,"maxAdditionalAmmoPerOC":[50,75,100],"preReloadPauseTicks":26,"openBolt":true},"projectile":{"item":"tac:bullet_308","visible":false,"damage":10.0,"size":0.2,"speed":32.5,"life":5},"sounds":{"fire":"tac:item.fire_m60","reload":"tac:item.pistol.reload","cock":"tac:item.pistol.cock","silencedFire":"tac:item.pistol.silenced_fire"},"display":{"flash":{"yOffset":5.4,"zOffset":-24.0,"size":0.8},"weaponType":1},"modules":{"zoom":{"fovModifier":0.8,"yOffset":8.7,"zOffset":2.7},"attachments":{}}}