{"general":{"rate":100,"rateSelector":[1],"gripType":"tac:two_handed_ak47","recoilAngle":1.65,"recoilKick":1.45,"weaponRecoilOffset":0.815,"cameraRecoilModifier":1.225,"recoilDuration":0.325,"horizontalRecoilAngle":0.0,"recoilAdsReduction":0.125,"alwaysSpread":true,"spread":1.45,"weightKilo":4.1},"reloads":{"magFed":false,"maxAmmo":6,"reloadAmount":1,"preReloadPauseTicks":0,"interReloadPauseTicks":38,"openBolt":true},"projectile":{"item":"tac:grenade40mm","visible":false,"gravity":true,"damage":36,"size":0.2,"speed":4.525,"life":60,"damageReduceOverLife":false,"ricochet":false},"sounds":{"fire":"tac:item.m203","reload":"tac:item.pistol.reload","cock":"tac:item.pistol.cock","silencedFire":"tac:item.assault_rifle.silenced_fire"},"display":{"flash":{"yOffset":8.1,"zOffset":-22.80,"size":0.0},"weaponType":5},"modules":{"zoom":{"fovModifier":0.575,"yOffset":15.98,"zOffset":4.95},"attachments":{"underBarrel":{"yOffset":7.799,"zOffset":-2.35,"scale":0.00}}}}