{"general":{"auto":true,"rate":1200,"rateSelector":[2],"gripType":"tac:one_handed_m1911","recoilAngle":3,"horizontalRecoilAngle":2.75,"recoilKick":1.625,"recoilAdsReduction":0.3125,"weaponRecoilOffset":0.625,"recoilDuration":0.1875,"cameraRecoilModifier":1.625,"weightKilo":2.5,"spread":2.75,"firstShotSpread":0.225,"hipFireInaccuracy":3.5,"projToMinAccuracy":6,"msToAccuracyReset":540,"movementInaccuracy":0.285},"reloads":{"magFed":true,"maxAmmo":20,"reloadMagTimer":26,"additionalReloadEmptyMagTimer":11,"maxAdditionalAmmoPerOC":[3,7,12],"preReloadPauseTicks":0,"openBolt":true},"projectile":{"item":"tac:9mm_round","visible":false,"size":0.1,"damage":7,"armorIgnore":0.2,"critical":0.0,"criticalDamage":0.625,"headDamage":0.625,"closeDamage":1.15,"decayStart":0.2,"minDecayMultiplier":0.35,"decayEnd":0.85,"speed":12,"trailLengthMultiplier":3,"life":8},"sounds":{"fire":"tac:item.mac10_fire","reloadNormal":"tac:animation.mac10_reload_norm","reloadEmpty":"tac:animation.mac10_reload_empty","draw":"tac:animation.mac10_draw","inspect":"tac:animation.mac10_inspect","cock":"tac:item.pistol.cock","silencedFire":"tac:item.mac10_fire_s"},"display":{"flash":{"yOffset":12.10,"zOffset":-18.15,"size":0.845},"shellCasing":{"yOffset":5,"xOffset":0,"zOffset":-2,"scale":2,"velocityX":14,"velocityY":2,"velocityZ":1.0,"rVelocityX":0.5,"rVelocityY":1,"rVelocityZ":0.0,"aVelocityX":15.0,"aVelocityY":-60.0,"aVelocityZ":15.0,"casingModel":"tac:special/shell_small"},"hipfireScale":1.25,"hipfireMoveScale":0.25,"hipfireRecoilScale":1.0,"weaponType":4},"modules":{"zoom":{"fovModifier":0.8,"yOffset":15.660,"zOffset":-2.5},"attachments":{"extendedMag":{"yOffset":1000.89,"zOffset":5.35,"scale":0.0}}}}