{"general":{"auto":true,"rate":300,"rateSelector":[1,2],"gripType":"tac:two_handed_ak47","recoilAngle":6.875,"horizontalRecoilAngle":3.35,"recoilKick":1.625,"recoilAdsReduction":0.25,"weaponRecoilOffset":0.6875,"cameraRecoilModifier":1.5,"recoilDuration":0.2625,"weightKilo":5.75,"spread":0.925,"firstShotSpread":0.075,"hipFireInaccuracy":8.55,"projToMinAccuracy":2,"msToAccuracyReset":500,"movementInaccuracy":0.6},"reloads":{"magFed":true,"maxAmmo":10,"reloadMagTimer":20,"additionalReloadEmptyMagTimer":19,"maxAdditionalAmmoPerOC":[3,6,10],"preReloadPauseTicks":8},"projectile":{"item":"tac:bullet_308","visible":false,"damage":32,"armorIgnore":1,"critical":0.0,"criticalDamage":1.0,"headDamage":1,"closeDamage":1.0,"decayStart":0.12,"minDecayMultiplier":0.3,"decayEnd":0.75,"size":0.15,"speed":31.5,"life":11,"trailLengthMultiplier":3.5,"ricochet":true},"sounds":{"fire":"tac:item.mk14ebr_fire","reloadNormal":"tac:animation.mk14_reload_norm","reloadEmpty":"tac:animation.mk14_reload_empty","draw":"tac:animation.mk14_draw","inspect":"tac:animation.mk14_inspect","cock":"tac:item.pistol.cock","silencedFire":"tac:item.mk14ebr_fire_s"},"display":{"flash":{"yOffset":6.35,"zOffset":-22.25,"size":0.75,"trailAdjust":1.525},"shellCasing":{"tickLife":10,"yOffset":-1.5,"xOffset":0,"zOffset":2.5,"scale":1,"velocityX":9,"velocityY":6,"velocityZ":1,"rVelocityX":2,"rVelocityY":2,"rVelocityZ":0.0,"aVelocityX":30.0,"aVelocityY":-120.0,"aVelocityZ":0.0,"casingModel":"tac:special/shell_large"},"hipfireScale":1.95,"hipfireMoveScale":0.5,"hipfireRecoilScale":1,"weaponType":0,"showDynamicHipfire":true},"modules":{"zoom":{"fovModifier":0.67,"yOffset":8.6875,"zOffset":-1.5},"attachments":{"scope":{"yOffset":8.25,"zOffset":6.25,"scale":1.00},"pistolScope":{"yOffset":8.15,"zOffset":4.15,"scale":1.0,"doRenderMount":true,"doOnSlideMovement":false},"extendedMag":{"yOffset":1000.89,"zOffset":5.35,"scale":0.0},"underBarrel":{"yOffset":7.799,"zOffset":-2.35,"scale":0.00},"sideRail":{"yOffset":7.799,"zOffset":-2.35,"scale":0.00},"irDevice":{"yOffset":7.799,"zOffset":-2.35,"scale":0.00}}}}