{"general":{"auto":true,"rate":850,"rateSelector":[2,1],"gripType":"tac:two_handed_ak47","recoilAngle":2.75,"horizontalRecoilAngle":2.025,"recoilKick":1.325,"recoilAdsReduction":0.1875,"weaponRecoilOffset":0.85,"cameraRecoilModifier":1.475,"recoilDuration":0.185,"weightKilo":2.65,"spread":1.85,"firstShotSpread":0.115,"hipFireInaccuracy":5.7,"projToMinAccuracy":6,"msToAccuracyReset":300,"movementInaccuracy":0.325},"reloads":{"magFed":true,"maxAmmo":30,"reloadMagTimer":36,"additionalReloadEmptyMagTimer":12,"maxAdditionalAmmoPerOC":[10,20,30],"preReloadPauseTicks":0},"projectile":{"item":"tac:nato_556_bullet","visible":false,"damage":13,"armorIgnore":0.5,"critical":0.00,"criticalDamage":0.75,"headDamage":0.875,"closeDamage":1.1,"decayStart":0.11,"minDecayMultiplier":0.3,"decayEnd":0.95,"size":0.075,"speed":22.5,"trailLengthMultiplier":2.75,"life":10},"sounds":{"fire":"tac:item.mk18_fire","reloadNormal":"tac:animation.m4_reload_norm","reloadEmpty":"tac:animation.m4_reload_empty","draw":"tac:animation.m4_draw","inspect":"tac:animation.m4_inspect","cock":"tac:item.pistol.cock","silencedFire":"tac:item.mk18_fire_s"},"display":{"flash":{"yOffset":9.35,"zOffset":-14,"size":1.15,"trailAdjust":1.25},"shellCasing":{"tickLife":10,"yOffset":1,"xOffset":0,"zOffset":0,"scale":0.75,"velocityX":9,"velocityY":1.5,"velocityZ":-1,"rVelocityX":1,"rVelocityY":1.5,"rVelocityZ":0.0,"aVelocityX":15.0,"aVelocityY":-120.0,"aVelocityZ":15.0,"casingModel":"tac:special/shell_large"},"hipfireScale":1.375,"hipfireMoveScale":0.375,"hipfireRecoilScale":1.00,"weaponType":0},"modules":{"zoom":{"fovModifier":0.8,"yOffset":12.875,"zOffset":-1.75},"attachments":{"scope":{"yOffset":10.455,"zOffset":4.5,"scale":1.00},"pistolScope":{"yOffset":10.475,"zOffset":2.945,"scale":1.0,"doRenderMount":true,"doOnSlideMovement":false},"barrel":{"yOffset":-100829.84,"zOffset":-11.55,"scale":1.00},"stock":{"yOffset":7.75,"zOffset":-22.05,"scale":0.00},"underBarrel":{"yOffset":7.799,"zOffset":-2.35,"scale":0.00},"extendedMag":{"yOffset":1000.89,"zOffset":5.35,"scale":0.0},"sideRail":{"yOffset":7.799,"zOffset":-2.35,"scale":0.00},"irDevice":{"yOffset":7.799,"zOffset":-2.35,"scale":0.00}}}}