{"general":{"rate":300,"rateSelector":[1],"gripType":"tac:one_handed_m1911","recoilAngle":12.5,"horizontalRecoilAngle":1.75,"recoilKick":1.125,"recoilAdsReduction":0.275,"weaponRecoilOffset":0.725,"cameraRecoilModifier":5.425,"recoilDuration":0.25,"weightKilo":1.7,"spread":1.75,"firstShotSpread":0.205,"hipFireInaccuracy":2.05,"projToMinAccuracy":3,"msToAccuracyReset":300,"movementInaccuracy":0.2},"reloads":{"magFed":true,"maxAmmo":12,"reloadMagTimer":24,"additionalReloadEmptyMagTimer":10,"maxAdditionalAmmoPerOC":[2,5,8],"preReloadPauseTicks":4},"projectile":{"item":"tac:round45","visible":false,"damage":20.0,"armorIgnore":0.5,"critical":0.0,"criticalDamage":1.0,"headDamage":0.75,"closeDamage":1.2,"decayStart":0.13,"minDecayMultiplier":0.35,"decayEnd":0.85,"size":0.05,"speed":12.5,"life":9,"trailLengthMultiplier":2.5},"sounds":{"fire":"tac:item.mk23_fire","reloadNormal":"tac:animation.mk23_reload_norm","reloadEmpty":"tac:animation.mk23_reload_empty","draw":"tac:animation.mk23_draw","inspect":"tac:animation.mk23_inspect","cock":"tac:item.pistol.cock","silencedFire":"tac:item.mk23_fire_s"},"display":{"flash":{"yOffset":13,"zOffset":-4.5,"size":1.25,"trailAdjust":0.25},"shellCasing":{"tickLife":10,"yOffset":5,"xOffset":-1,"zOffset":10,"scale":2,"velocityX":11,"velocityY":7,"velocityZ":2,"rVelocityX":2,"rVelocityY":4,"rVelocityZ":0.0,"aVelocityX":45.0,"aVelocityY":-90.0,"aVelocityZ":0.0,"casingModel":"tac:special/shell_small"},"hipfireScale":1,"hipfireMoveScale":0.5,"hipfireRecoilScale":1.0,"showDynamicHipfire":true,"weaponType":2},"modules":{"zoom":{"fovModifier":0.8,"yOffset":15.85,"zOffset":-15.5},"attachments":{"pistolBarrel":{"yOffset":-100829.84,"zOffset":-11.55,"scale":1.00},"pistolScope":{"yOffset":14,"zOffset":13,"scale":2,"doRenderMount":true,"doOnSlideMovement":true},"sideRail":{"yOffset":7.799,"zOffset":-2.35,"scale":0.00},"extendedMag":{"yOffset":1000.89,"zOffset":5.35,"scale":0.0}}}}