{"general":{"rate":20,"rateSelector":[0,1],"gripType":"tac:two_handed_ak47","recoilAngle":4.45,"horizontalRecoilAngle":0.775,"recoilKick":1.25,"recoilAdsReduction":0.175,"cameraRecoilModifier":0.35,"weaponRecoilOffset":0.975,"recoilDuration":0.15,"alwaysSpread":true,"spread":10.75,"projectileAmount":10,"weightKilo":3.5},"reloads":{"magFed":false,"maxAmmo":6,"reloadAmount":1,"preReloadPauseTicks":9,"interReloadPauseTicks":17,"openBolt":true},"projectile":{"item":"tac:10_gauge_round","visible":false,"damage":45,"size":0.5,"speed":20.5,"life":3,"ricochet":false},"sounds":{"fire":"tac:item.m870","reload":"tac:item.pistol.reload","cock":"tac:item.pistol.cock","silencedFire":"tac:item.fire_m16s"},"display":{"flash":{"yOffset":8.45,"zOffset":-17.25,"size":1.20},"hipfireScale":0.325,"hipfireMoveScale":0.225,"hipfireRecoilScale":0.45,"weaponType":3},"modules":{"zoom":{"fovModifier":0.9,"yOffset":9.58,"zOffset":-9.2},"attachments":{"scope":{"yOffset":8.45,"zOffset":10.4,"scale":1.00},"underBarrel":{"yOffset":7.799,"zOffset":-2.35,"scale":0.00}}}}