{"general":{"boltAction":true,"rate":32,"rateSelector":[0,1],"gripType":"tac:two_handed_mosin","recoilAngle":2.075,"recoilKick":1.95,"horizontalRecoilAngle":0.125,"recoilAdsReduction":0.40,"weaponRecoilOffset":0.85,"recoilDuration":0.125,"cameraRecoilModifier":2.0,"alwaysSpread":true,"spread":1.35,"weightKilo":4.35},"reloads":{"magFed":false,"maxAmmo":5,"reloadAmount":1,"preReloadPauseTicks":13,"interReloadPauseTicks":18,"openBolt":true},"projectile":{"item":"tac:762x54","visible":false,"gravity":true,"damage":47,"size":0.2,"speed":80.0,"life":6},"sounds":{"fire":"tac:item.fire_mosin-nagant","reload":"tac:item.pistol.reload","cock":"tac:item.pistol.cock","silencedFire":"tac:item.assault_rifle.silenced_fire"},"display":{"flash":{"yOffset":8.65,"zOffset":-25.40,"size":1.15},"weaponType":5},"modules":{"zoom":{"fovModifier":0.7,"yOffset":10.1,"zOffset":-8.85},"attachments":{}}}