{"general":{"auto":true,"rate":1200,"rateSelector":[2,1],"gripType":"tac:two_handed_vector","recoilAngle":1.325,"horizontalRecoilAngle":1.425,"recoilKick":1.945,"recoilAdsReduction":0.205,"weaponRecoilOffset":0.945,"cameraRecoilModifier":1.35,"recoilDuration":0.205,"weightKilo":2.1,"spread":2.525,"firstShotSpread":0.145,"hipFireInaccuracy":3.3,"projToMinAccuracy":6,"msToAccuracyReset":420,"movementInaccuracy":0.195},"reloads":{"magFed":true,"maxAmmo":40,"reloadMagTimer":29,"additionalReloadEmptyMagTimer":13,"maxAdditionalAmmoPerOC":[3,6,10],"preReloadPauseTicks":0},"projectile":{"item":"tac:round45","visible":false,"damage":10.0,"armorIgnore":1.4,"critical":0.0,"criticalDamage":0.625,"headDamage":0.625,"closeDamage":1.15,"decayStart":0.11,"minDecayMultiplier":0.2,"decayEnd":1.0,"speed":12.5,"size":0.05,"life":11,"trailLengthMultiplier":2.75,"ricochet":true},"sounds":{"fire":"tac:item.mp7_fire","reloadNormal":"tac:animation.mp7_reload_norm","reloadEmpty":"tac:animation.mp7_reload_empty","draw":"tac:animation.mp7_draw","inspect":"tac:animation.mp7_inspect","cock":"tac:item.pistol.cock","silencedFire":"tac:item.mp7_fire_s"},"display":{"flash":{"yOffset":8.55,"zOffset":-14.55,"size":0.5,"trailAdjust":0.9625},"shellCasing":{"yOffset":-1,"xOffset":0,"zOffset":-0.5,"scale":1,"velocityX":8,"velocityY":1,"velocityZ":0,"rVelocityX":0.5,"rVelocityY":1.5,"rVelocityZ":0.0,"aVelocityX":15.0,"aVelocityY":-60.0,"aVelocityZ":15.0,"casingModel":"tac:special/shell_small"},"hipfireScale":1.125,"hipfireMoveScale":0.25,"hipfireRecoilScale":1.31,"weaponType":4},"modules":{"zoom":{"fovModifier":0.8,"yOffset":11.8875,"zOffset":1.25},"attachments":{"barrel":{"yOffset":-100829.84,"zOffset":-11.55,"scale":1.00},"extendedMag":{"yOffset":1000.89,"zOffset":5.35,"scale":0.0},"pistolScope":{"yOffset":9.9,"zOffset":-0.325,"scale":1.0,"doRenderMount":true,"doOnSlideMovement":false},"scope":{"yOffset":9.9,"zOffset":1.125,"scale":1.00},"sideRail":{"yOffset":7.799,"zOffset":-2.35,"scale":0.00},"irDevice":{"yOffset":7.799,"zOffset":-2.35,"scale":0.00}}}}