{"general":{"auto":true,"rate":2,"rateSelector":[0,2],"gripType":"tac:two_handed_m60","recoilAngle":1.75,"recoilKick":1.125,"horizontalRecoilAngle":0.3625,"recoilAdsReduction":0.34,"cameraRecoilModifier":1.05,"alwaysSpread":true,"spread":3.817,"weightKilo":9.75},"reloads":{"magFed":true,"maxAmmo":100,"reloadMagTimer":150,"additionalReloadEmptyMagTimer":-12,"maxAdditionalAmmoPerOC":[50,75,100],"preReloadPauseTicks":18,"openBolt":true},"projectile":{"item":"tac:762x54","visible":false,"damage":14.5,"size":0.2,"speed":24.5,"life":6},"sounds":{"fire":"tac:item.fire_m60","reload":"tac:item.pistol.reload","cock":"tac:item.pistol.cock","silencedFire":"tac:item.pistol.silenced_fire"},"display":{"flash":{"yOffset":9.125,"zOffset":-26.0,"size":0.94},"weaponType":1},"modules":{"zoom":{"fovModifier":0.8,"yOffset":12.085,"zOffset":-5.3},"attachments":{"scope":{"yOffset":12.695,"zOffset":7.1,"scale":1.00},"underBarrel":{"yOffset":7.799,"zOffset":-2.35,"scale":0.00}}}}