{"general":{"auto":true,"rate":1,"rateSelector":[0,1,2],"gripType":"tac:two_handed_ak47","recoilAngle":2.05,"horizontalRecoilAngle":0.8235,"recoilKick":0.5,"recoilAdsReduction":0.32,"weaponRecoilOffset":0.00001,"recoilDuration":0.125,"cameraRecoilModifier":1.725,"alwaysSpread":true,"spread":3.75,"weightKilo":3.95},"reloads":{"magFed":true,"maxAmmo":35,"reloadMagTimer":28,"maxAdditionalAmmoPerOC":[5,15,40],"preReloadPauseTicks":18,"openBolt":true},"projectile":{"item":"tac:762x25","visible":false,"damage":6.5,"size":0.2,"speed":28.5,"life":3},"sounds":{"fire":"tac:item.vector","reload":"tac:item.pistol.reload","cock":"tac:item.pistol.cock","silencedFire":"tac:item.fire_m1911s"},"display":{"flash":{"yOffset":8.8,"zOffset":-21.15,"size":0.7},"weaponType":4},"modules":{"zoom":{"fovModifier":0.9,"yOffset":10.42,"zOffset":1.6},"attachments":{}}}