{"general":{"rate":3,"rateSelector":[0,1],"gripType":"tac:one_handed_m1911","recoilAngle":4.6,"horizontalRecoilAngle":1.125,"recoilKick":1.825,"recoilAdsReduction":0.40,"cameraRecoilModifier":1.375,"weaponRecoilOffset":0.9725,"recoilDuration":0.15,"alwaysSpread":true,"spread":3.82,"weightKilo":0.825},"reloads":{"magFed":true,"maxAmmo":15,"reloadMagTimer":40,"additionalReloadEmptyMagTimer":8,"maxAdditionalAmmoPerOC":[4,8,14],"preReloadPauseTicks":6},"projectile":{"item":"tac:9mm_round","visible":false,"damage":22,"size":0.2,"speed":24.0,"life":4},"sounds":{"fire":"tac:item.fire_glock","reload":"tac:item.pistol.reload","cock":"tac:item.pistol.cock","silencedFire":"tac:item.fire_glocks"},"display":{"flash":{"yOffset":10.35,"zOffset":-12.09,"size":0.7},"weaponType":2},"modules":{"zoom":{"fovModifier":0.9,"yOffset":12.575,"zOffset":-10.6},"attachments":{}}}