{"general":{"rate":200,"rateSelector":[1],"gripType":"tac:bazooka","recoilAngle":3.25,"horizontalRecoilAngle":3.25,"recoilKick":1.5,"recoilAdsReduction":0.25,"weaponRecoilOffset":0.5,"cameraRecoilModifier":1.35,"recoilDuration":0.35,"weightKilo":10.3,"spread":2.0,"firstShotSpread":0.125,"hipFireInaccuracy":4.0,"projToMinAccuracy":6,"msToAccuracyReset":720,"movementInaccuracy":0.55},"reloads":{"magFed":true,"maxAmmo":1,"reloadMagTimer":74,"additionalReloadEmptyMagTimer":0,"preReloadPauseTicks":0,"openBolt":true},"projectile":{"item":"tac:rpg7_missile","visible":true,"gravity":false,"damage":200,"size":1,"speed":4,"trailLengthMultiplier":0,"life":25,"damageReduceOverLife":false,"ricochet":false},"sounds":{"fire":"tac:item.rpg7_fire","reloadNormal":"tac:animation.rpg7_reload_norm","reloadEmpty":"tac:animation.rpg7_reload_empty","draw":"tac:animation.rpg7_draw","inspect":"tac:animation.rpg7_inspect","cock":"tac:item.pistol.cock","silencedFire":"tac:item.rpg7_fire"},"display":{"flash":{"yOffset":8.1,"zOffset":-22.80,"size":0.0},"hipfireScale":1,"hipfireMoveScale":0,"hipfireRecoilScale":0,"showDynamicHipfire":true,"weaponType":6},"modules":{"zoom":{"fovModifier":0.5,"xOffset":0.885,"yOffset":8.375,"zOffset":3},"attachments":{}}}