{"general":{"rate":150,"rateSelector":[1],"gripType":"tac:two_handed_ak47","recoilAngle":4.375,"horizontalRecoilAngle":1.95,"recoilKick":2.5,"recoilAdsReduction":0.35,"weaponRecoilOffset":0.7875,"cameraRecoilModifier":1.225,"recoilDuration":0.24,"weightKilo":7.60,"spread":1.15,"firstShotSpread":0.005,"hipFireInaccuracy":9.5,"projToMinAccuracy":5,"msToAccuracyReset":660,"movementInaccuracy":0.25},"projectile":{"item":"tac:bullet_308","visible":false,"damage":40,"armorIgnore":1,"critical":0.0,"criticalDamage":1.0,"headDamage":1,"closeDamage":1.0,"decayStart":0.11,"minDecayMultiplier":0.35,"decayEnd":0.6,"size":0.15,"speed":32.5,"life":11,"trailLengthMultiplier":3.5},"reloads":{"magFed":true,"maxAmmo":10,"reloadMagTimer":33,"additionalReloadEmptyMagTimer":16,"maxAdditionalAmmoPerOC":[3,6,10],"preReloadPauseTicks":0},"sounds":{"fire":"tac:item.mk20_fire","reloadNormal":"tac:animation.scar_h_reload_norm","reloadEmpty":"tac:animation.scar_h_reload_empty","draw":"tac:animation.scar_h_draw","inspect":"tac:animation.scar_h_inspect","cock":"tac:item.pistol.cock","silencedFire":"tac:item.mk20_fire_s"},"display":{"flash":{"yOffset":9.445,"zOffset":-23.45,"size":0.7,"trailAdjust":1.2875},"shellCasing":{"tickLife":10,"yOffset":0.5,"xOffset":0,"zOffset":-2.5,"scale":1,"velocityX":9,"velocityY":2,"velocityZ":0.0,"rVelocityX":1.0,"rVelocityY":1.5,"rVelocityZ":0.0,"aVelocityX":30.0,"aVelocityY":-90.0,"aVelocityZ":10.0,"casingModel":"tac:special/shell_large"},"hipfireScale":1.5,"hipfireMoveScale":0.25,"hipfireRecoilScale":1,"showDynamicHipfire":true,"weaponType":0},"modules":{"zoom":{"fovModifier":0.7,"yOffset":12.845,"zOffset":-5.805},"attachments":{"scope":{"yOffset":10.95,"zOffset":6.715,"scale":1.0},"extendedMag":{"yOffset":1000.89,"zOffset":5.35,"scale":0.0},"pistolScope":{"yOffset":10.95,"zOffset":5.35,"scale":1.0,"doRenderMount":true,"doOnSlideMovement":false},"underBarrel":{"yOffset":7.799,"zOffset":-2.35,"scale":0.00},"sideRail":{"yOffset":7.799,"zOffset":-2.35,"scale":0.00},"irDevice":{"yOffset":7.799,"zOffset":-2.35,"scale":0.00},"barrel":{"yOffset":-100829.84,"zOffset":-24.80,"scale":1.00}}}}