{"general":{"auto":true,"rate":600,"rateSelector":[1,2],"gripType":"tac:two_handed_ak47","recoilAngle":3.15,"horizontalRecoilAngle":1.5,"recoilKick":1.95,"recoilAdsReduction":0.25,"weaponRecoilOffset":0.725,"cameraRecoilModifier":1.325,"recoilDuration":0.27,"weightKilo":6.90,"spread":1.675,"firstShotSpread":0.075,"hipFireInaccuracy":6.6,"projToMinAccuracy":4,"msToAccuracyReset":400,"movementInaccuracy":0.75},"projectile":{"item":"tac:bullet_308","visible":false,"damage":27.5,"armorIgnore":1,"critical":0.00,"criticalDamage":0.75,"headDamage":0.75,"closeDamage":1.1,"decayStart":0.12,"minDecayMultiplier":0.2,"decayEnd":0.8,"size":0.15,"speed":19.5,"life":13,"trailLengthMultiplier":2.75},"reloads":{"magFed":true,"maxAmmo":20,"reloadMagTimer":33,"additionalReloadEmptyMagTimer":16,"maxAdditionalAmmoPerOC":[3,6,10],"preReloadPauseTicks":0},"sounds":{"fire":"tac:item.scarh_fire","reloadNormal":"tac:animation.scar_h_reload_norm","reloadEmpty":"tac:animation.scar_h_reload_empty","draw":"tac:animation.scar_h_draw","inspect":"tac:animation.scar_h_inspect","cock":"tac:item.pistol.cock","silencedFire":"tac:item.scarh_fire_s"},"display":{"flash":{"yOffset":9.445,"zOffset":-19.95,"size":0.8,"trailAdjust":1.2875},"shellCasing":{"tickLife":10,"yOffset":1,"xOffset":0,"zOffset":2,"scale":1,"velocityX":8,"velocityY":2,"velocityZ":-2.0,"rVelocityX":1.0,"rVelocityY":1.5,"rVelocityZ":0.0,"aVelocityX":30.0,"aVelocityY":-75.0,"aVelocityZ":10.0,"casingModel":"tac:special/shell_large"},"hipfireScale":1.25,"hipfireMoveScale":0.375,"hipfireRecoilScale":0.95,"showDynamicHipfire":true,"weaponType":0},"modules":{"zoom":{"fovModifier":0.8,"yOffset":12.845,"zOffset":-5.805},"attachments":{"scope":{"yOffset":10.95,"zOffset":6.715,"scale":1.0},"extendedMag":{"yOffset":1000.89,"zOffset":5.35,"scale":0.0},"pistolScope":{"yOffset":10.95,"zOffset":5.35,"scale":1.0,"doRenderMount":true,"doOnSlideMovement":false},"underBarrel":{"yOffset":7.799,"zOffset":-2.35,"scale":0.00},"sideRail":{"yOffset":7.799,"zOffset":-2.35,"scale":0.00},"irDevice":{"yOffset":7.799,"zOffset":-2.35,"scale":0.00},"barrel":{"yOffset":-100829.84,"zOffset":-22.80,"scale":1.00},"gunSkin":{"yOffset":7.799,"zOffset":-2.35,"scale":0.00}}}}