{"general":{"auto":false,"rate":400,"rateSelector":[1],"gripType":"tac:two_handed_ak47","recoilAngle":6.25,"recoilKick":1.5,"horizontalRecoilAngle":3.025,"cameraRecoilModifier":1.125,"recoilDuration":0.18,"weaponRecoilOffset":0.8,"cameraRecoilDuration":1.25,"recoilAdsReduction":0.305,"weightKilo":4.2,"spread":1.15,"firstShotSpread":0.115,"hipFireInaccuracy":10.15,"projToMinAccuracy":2,"msToAccuracyReset":550,"movementInaccuracy":0.5},"reloads":{"magFed":true,"maxAmmo":20,"preReloadPauseTicks":0,"reloadMagTimer":30,"additionalReloadEmptyMagTimer":15,"openBolt":false,"maxAdditionalAmmoPerOC":[3,6,10]},"projectile":{"item":"tac:762x39","visible":false,"damage":20,"armorIgnore":0.5,"critical":0.0,"criticalDamage":1.0,"headDamage":0.875,"closeDamage":1.0,"decayStart":0.12,"minDecayMultiplier":0.3,"decayEnd":0.8,"size":0.15,"speed":27.5,"life":11,"trailLengthMultiplier":3.25,"ricochet":true},"sounds":{"fire":"tac:item.skstti_fire","reloadNormal":"tac:animation.sks_tactical_reload_norm","reloadEmpty":"tac:animation.sks_tactical_reload_empty","draw":"tac:animation.sks_tactical_draw","inspect":"tac:animation.sks_tactical_inspect","cock":"tac:item.pistol.cock","silencedFire":"tac:item.skstti_fire_s"},"display":{"flash":{"size":0.8075,"yOffset":6.25,"zOffset":-24.15,"trailAdjust":1.555},"shellCasing":{"tickLife":10,"yOffset":-1,"xOffset":-0.5,"zOffset":1,"scale":1,"velocityX":8,"velocityY":3,"velocityZ":0.0,"rVelocityX":1.0,"rVelocityY":1.5,"rVelocityZ":0.0,"aVelocityX":30.0,"aVelocityY":-120.0,"aVelocityZ":10.0,"casingModel":"tac:special/shell_steel"},"hipfireScale":1.25,"hipfireMoveScale":0.375,"hipfireRecoilScale":1,"weaponType":0,"showDynamicHipfire":true},"modules":{"zoom":{"fovModifier":0.67,"yOffset":8.155,"zOffset":-1.5},"attachments":{"scope":{"yOffset":7.75,"zOffset":6,"scale":1.00},"extendedMag":{"yOffset":1000.89,"zOffset":5.35,"scale":0.0},"pistolScope":{"yOffset":7.75,"zOffset":5.5,"scale":1.0,"doRenderMount":true,"doOnSlideMovement":false},"stock":{"yOffset":7.75,"zOffset":-22.05,"scale":0.00},"underBarrel":{"yOffset":8.155,"zOffset":-4.75,"scale":0.00},"sideRail":{"yOffset":7.799,"zOffset":-2.35,"scale":0.00},"irDevice":{"yOffset":7.799,"zOffset":-2.35,"scale":0.00}}}}