{"general":{"rate":18,"rateSelector":[0,1],"gripType":"tac:two_handed_mosin","recoilAngle":2.475,"recoilKick":1.85,"horizontalRecoilAngle":0.425,"recoilAdsReduction":0.15,"weaponRecoilOffset":0.9875,"cameraRecoilDuration":1.75,"recoilDuration":0.11,"cameraRecoilModifier":1.6,"alwaysSpread":true,"spread":0.825,"weightKilo":3.9},"reloads":{"magFed":false,"maxAmmo":10,"reloadAmount":5,"preReloadPauseTicks":14,"interReloadPauseTicks":38,"openBolt":true},"projectile":{"item":"tac:win_30-30","visible":false,"gravity":true,"damage":32,"size":0.3,"speed":75.0,"life":5},"sounds":{"fire":"tac:item.fire_mosin-nagant","reload":"tac:item.pistol.reload","cock":"tac:item.pistol.cock","silencedFire":"tac:item.assault_rifle.silenced_fire"},"display":{"flash":{"yOffset":7.65,"zOffset":-22.80,"size":1.05},"weaponType":5,"hipfireScale":1.1},"modules":{"zoom":{"fovModifier":0.7,"yOffset":8.315,"zOffset":-5.7},"attachments":{"oldScope":{"xOffset":-1.81,"yOffset":6.7385,"zOffset":5.75,"scale":1.0}}}}