{"general":{"boltAction":true,"rate":27,"rateSelector":[0,1],"gripType":"tac:two_handed_mosin","recoilAngle":2.675,"recoilKick":1.95,"horizontalRecoilAngle":0.125,"recoilAdsReduction":0.40,"weaponRecoilOffset":0.87,"recoilDuration":0.125,"cameraRecoilModifier":2.0,"alwaysSpread":true,"spread":0.70,"weightKilo":4.1},"reloads":{"magFed":false,"maxAmmo":6,"reloadAmount":1,"preReloadPauseTicks":16,"interReloadPauseTicks":24,"openBolt":true},"projectile":{"item":"tac:win_30-30","visible":false,"gravity":true,"damage":40,"size":0.3,"speed":95.0,"life":4},"sounds":{"fire":"tac:item.fire_mosin-nagant","reload":"tac:item.pistol.reload","cock":"tac:item.pistol.cock","silencedFire":"tac:item.assault_rifle.silenced_fire"},"display":{"flash":{"yOffset":7.25,"zOffset":-24.80,"size":1.05},"weaponType":5},"modules":{"zoom":{"fovModifier":0.7,"yOffset":8.4,"zOffset":-5.7},"attachments":{"oldScope":{"yOffset":7.375,"zOffset":6.0,"scale":1.0}}}}