{"general":{"auto":true,"rate":1200,"rateSelector":[2],"gripType":"tac:one_handed_m1911","recoilAngle":2.5,"horizontalRecoilAngle":1.75,"recoilKick":1.375,"recoilAdsReduction":0.225,"weaponRecoilOffset":0.8125,"cameraRecoilModifier":1.2875,"recoilDuration":0.225,"weightKilo":1.4,"spread":2.75,"firstShotSpread":0.75,"hipFireInaccuracy":3.5,"projToMinAccuracy":5,"msToAccuracyReset":400,"movementInaccuracy":0.25},"reloads":{"magFed":true,"maxAmmo":10,"reloadMagTimer":24,"additionalReloadEmptyMagTimer":9,"maxAdditionalAmmoPerOC":[8,14,20],"preReloadPauseTicks":4,"openBolt":true},"projectile":{"item":"tac:9mm_round","visible":false,"damage":8,"armorIgnore":0.2,"critical":0.0,"criticalDamage":1.0,"headDamage":0.75,"closeDamage":1.2,"decayStart":0.12,"minDecayMultiplier":0.50,"decayEnd":0.85,"size":0.01,"speed":12.5,"trailLengthMultiplier":3,"life":8},"sounds":{"fire":"tac:item.tec_9_fire","reloadNormal":"tac:animation.tec_9_reload_norm","reloadEmpty":"tac:animation.tec_9_reload_empty","draw":"tac:animation.tec_9_draw","inspect":"tac:animation.tec_9_inspect","cock":"tac:item.pistol.cock","silencedFire":"tac:item.tec_9_fire_s"},"display":{"flash":{"yOffset":10.5,"zOffset":-17.5,"size":1.25,"trailAdjust":1.125},"shellCasing":{"tickLife":10,"yOffset":2.25,"xOffset":-1,"zOffset":-3.5,"scale":1.75,"velocityX":14,"velocityY":10,"velocityZ":2,"rVelocityX":1,"rVelocityY":2,"rVelocityZ":2.0,"aVelocityX":60.0,"aVelocityY":-120.0,"aVelocityZ":0.0,"casingModel":"tac:special/shell_small"},"hipfireScale":1.25,"hipfireMoveScale":0.25,"hipfireRecoilScale":1.00,"weaponType":2},"modules":{"zoom":{"fovModifier":0.8,"yOffset":13,"zOffset":-2.5},"attachments":{"extendedMag":{"yOffset":1000.89,"zOffset":5.35,"scale":0.0},"gunSkin":{"yOffset":7.799,"zOffset":-2.35,"scale":0.00}}}}