{"general":{"auto":true,"rate":600,"rateSelector":[2,1],"gripType":"tac:two_handed_ak47","recoilAngle":3.025,"horizontalRecoilAngle":2.525,"recoilKick":1.75,"recoilAdsReduction":0.2315,"weaponRecoilOffset":0.805,"cameraRecoilModifier":1.625,"recoilDuration":0.275,"weightKilo":5.1,"spread":2.25,"firstShotSpread":0.185,"hipFireInaccuracy":5.5,"projToMinAccuracy":5,"msToAccuracyReset":460,"movementInaccuracy":0.7},"projectile":{"item":"tac:762x39","visible":false,"damage":31,"armorIgnore":0.5,"critical":0.00,"criticalDamage":0.75,"headDamage":0.75,"closeDamage":1.1,"decayStart":0.14,"minDecayMultiplier":0.25,"decayEnd":1.0,"size":0.15,"speed":17.5,"trailLengthMultiplier":2.5,"life":10},"reloads":{"magFed":true,"maxAmmo":30,"reloadMagTimer":41,"additionalReloadEmptyMagTimer":12,"maxAdditionalAmmoPerOC":[5,7,10],"preReloadPauseTicks":0},"sounds":{"fire":"tac:item.type81_fire","reloadNormal":"tac:animation.type81_reload_norm","reloadEmpty":"tac:animation.type81_reload_empty","draw":"tac:animation.type81_draw","inspect":"tac:animation.type81_inspect","cock":"tac:item.pistol.cock","silencedFire":"tac:item.type81_fire_s"},"display":{"flash":{"yOffset":8.75,"zOffset":-24.115,"size":0.755,"trailAdjust":1.555},"shellCasing":{"tickLife":10,"yOffset":1.5,"xOffset":0,"zOffset":-1,"scale":1,"velocityX":8,"velocityY":1.75,"velocityZ":-2.0,"rVelocityX":0.5,"rVelocityY":1,"rVelocityZ":0.0,"aVelocityX":45.0,"aVelocityY":-60.0,"aVelocityZ":15.0,"casingModel":"tac:special/shell_steel"},"hipfireScale":1.25,"hipfireMoveScale":0.25,"hipfireRecoilScale":2,"showDynamicHipfire":true,"weaponType":0},"modules":{"zoom":{"fovModifier":0.8,"yOffset":11.015,"zOffset":1},"attachments":{"scope":{"yOffset":10.51,"zOffset":5.85,"scale":1.0},"pistolScope":{"yOffset":10.51,"zOffset":4.35,"scale":1.0,"doRenderMount":true,"doOnSlideMovement":false},"extendedMag":{"yOffset":1000.89,"zOffset":5.35,"scale":0.0}}}}