{"general":{"auto":true,"rate":2,"rateSelector":[0,2],"gripType":"tac:one_handed_m1911","recoilAngle":2.475,"horizontalRecoilAngle":1.35,"recoilKick":1.525,"recoilAdsReduction":0.15,"weaponRecoilOffset":0.9625,"cameraRecoilModifier":1.45,"recoilDuration":0.15,"alwaysSpread":true,"spread":4.55,"weightKilo":1.3},"reloads":{"magFed":true,"maxAmmo":10,"reloadMagTimer":25,"additionalReloadEmptyMagTimer":9,"maxAdditionalAmmoPerOC":[4,8,10],"preReloadPauseTicks":4},"projectile":{"item":"tac:9mm_round","visible":false,"damage":7,"size":0.2,"speed":13.5,"life":5},"sounds":{"fire":"tac:item.fire_m92fs","reload":"tac:item.pistol.reload","cock":"tac:item.pistol.cock","silencedFire":"tac:item.fire_m92fss"},"display":{"flash":{"yOffset":9.85,"zOffset":-12.85,"size":1.05},"weaponType":2},"modules":{"zoom":{"fovModifier":0.9,"yOffset":12.875,"zOffset":-15.25},"attachments":{}}}