{"general":{"rate":3,"rateSelector":[0,1],"gripType":"tac:one_handed_m1911","recoilAngle":5.35,"horizontalRecoilAngle":1.55,"recoilKick":3.15,"recoilAdsReduction":0.35,"alwaysSpread":true,"spread":6.05,"weightKilo":0.75},"reloads":{"magFed":true,"maxAmmo":6,"reloadMagTimer":24,"additionalReloadEmptyMagTimer":8,"maxAdditionalAmmoPerOC":[3,5,7],"preReloadPauseTicks":5},"projectile":{"item":"tac:9mm_round","visible":false,"damage":7.5,"size":0.2,"speed":29.0,"life":2},"sounds":{"fire":"tac:item.fire_m92fs","reload":"tac:item.pistol.reload","cock":"tac:item.pistol.cock","silencedFire":"tac:item.fire_m92fss"},"display":{"flash":{"yOffset":10.86,"zOffset":-8.34,"size":1.1},"weaponType":2},"modules":{"zoom":{"fovModifier":0.9,"yOffset":12.22,"zOffset":-10.6},"attachments":{}}}