{"general":{"auto":true,"rate":2,"rateSelector":[0,1,2],"gripType":"tac:two_handed_vector","recoilAngle":1.285,"recoilKick":0.875,"horizontalRecoilAngle":1.075,"recoilAdsReduction":0.2325,"weaponRecoilOffset":0.225,"cameraRecoilModifier":0.825,"recoilDuration":0.235,"alwaysSpread":true,"spread":3.125,"weightKilo":3.15},"reloads":{"magFed":true,"maxAmmo":30,"reloadMagTimer":49,"additionalReloadEmptyMagTimer":24,"maxAdditionalAmmoPerOC":[10,20,30],"preReloadPauseTicks":12},"projectile":{"item":"tac:nato_556_bullet","visible":false,"damage":14,"size":0.2,"speed":30.5,"life":6},"sounds":{"fire":"tac:item.mtar_fire","reload":"tac:item.pistol.reload","cock":"tac:item.pistol.cock","silencedFire":"tac:item.fire_m16s"},"display":{"flash":{"yOffset":8.15,"zOffset":-19.55,"size":1.10},"weaponType":0},"modules":{"zoom":{"fovModifier":0.8,"yOffset":12.125,"zOffset":2.25},"attachments":{"scope":{"yOffset":10.55,"zOffset":-1.25,"scale":1.00},"barrel":{"yOffset":-100829.84,"zOffset":-11.55,"scale":1.00},"underBarrel":{"yOffset":7.799,"zOffset":-2.35,"scale":0.00}}}}