{
	"format_version": "1.12.0",
	"minecraft:geometry": [
		{
			"description": {
				"identifier": "geometry.default",
				"texture_width": 256,
				"texture_height": 256,
				"visible_bounds_width": 5,
				"visible_bounds_height": 4.5,
				"visible_bounds_offset": [0, 1.75, 0]
			},
			"bones": [
				{
					"name": "LeftArm",
					"pivot": [4.15, 33.38986, 0.1283],
					"rotation": [12.46425, -3.11817, -8.21918],
					"cubes": [
						{
							"origin": [1.82712, 26.20995, -2.19534],
							"size": [2.55, 5.2, 3.05],
							"pivot": [3.85859, 32.56904, 0.18816],
							"rotation": [4.99527, -0.21782, -2.5095],
							"uv": {
								"north": {"uv": [8, 97], "uv_size": [3, 5]},
								"east": {"uv": [11, 97], "uv_size": [3, 5]},
								"south": {"uv": [76, 97], "uv_size": [3, 5]},
								"west": {"uv": [24, 98], "uv_size": [3, 5]},
								"up": {"uv": [49, 103], "uv_size": [3, 3]},
								"down": {"uv": [53, 106], "uv_size": [3, -3]}
							}
						},
						{
							"origin": [0.77883, 30.33931, -2.69193],
							"size": [1.95, 3.6, 3.85],
							"pivot": [4.30531, 32.87459, 0.16493],
							"rotation": [5.87818, 5.14266, -49.68663],
							"uv": {
								"north": {"uv": [45, 108], "uv_size": [2, 4]},
								"east": {"uv": [26, 94], "uv_size": [4, 4]},
								"south": {"uv": [47, 108], "uv_size": [2, 4]},
								"west": {"uv": [30, 94], "uv_size": [4, 4]},
								"up": {"uv": [55, 108], "uv_size": [2, 4]},
								"down": {"uv": [74, 112], "uv_size": [2, -4]}
							}
						},
						{
							"origin": [1.91935, 26.5701, -3.14487],
							"size": [2.55, 2.15, 2.2],
							"pivot": [4.04534, 28.98902, 0.49869],
							"rotation": [50.00248, -0.86063, -3.27556],
							"uv": {
								"north": {"uv": [110, 105], "uv_size": [3, 2]},
								"east": {"uv": [116, 3], "uv_size": [2, 2]},
								"south": {"uv": [111, 6], "uv_size": [3, 2]},
								"west": {"uv": [116, 6], "uv_size": [2, 2]},
								"up": {"uv": [111, 16], "uv_size": [3, 2]},
								"down": {"uv": [111, 65], "uv_size": [3, -2]}
							}
						}
					]
				},
				{
					"name": "leftarm_yf",
					"parent": "LeftArm",
					"pivot": [4.39648, 29.60208, 0.45084],
					"cubes": [
						{
							"origin": [1.57712, 25.95995, -2.44534],
							"size": [3.05, 5.7, 3.55],
							"pivot": [3.85859, 32.56904, 0.18816],
							"rotation": [4.99527, -0.21782, -2.5095],
							"uv": {
								"north": {"uv": [92, 6], "uv_size": [3, 6]},
								"east": {"uv": [88, 56], "uv_size": [4, 6]},
								"south": {"uv": [92, 12], "uv_size": [3, 6]},
								"west": {"uv": [88, 62], "uv_size": [4, 6]},
								"up": {"uv": [99, 98], "uv_size": [3, 4]},
								"down": {"uv": [0, 104], "uv_size": [3, -4]}
							}
						},
						{
							"origin": [0.72883, 30.28931, -2.84193],
							"size": [2.05, 3.7, 4.05],
							"pivot": [4.30531, 32.87459, 0.16493],
							"rotation": [5.87818, 5.14266, -49.68663],
							"uv": {
								"north": {"uv": [82, 108], "uv_size": [2, 4]},
								"east": {"uv": [34, 94], "uv_size": [4, 4]},
								"south": {"uv": [108, 83], "uv_size": [2, 4]},
								"west": {"uv": [66, 94], "uv_size": [4, 4]},
								"up": {"uv": [109, 4], "uv_size": [2, 4]},
								"down": {"uv": [9, 113], "uv_size": [2, -4]}
							}
						},
						{
							"origin": [1.67867, 26.12347, -3.2945],
							"size": [3.05, 2.5, 2.5],
							"pivot": [4.05466, 28.71739, 0.49906],
							"rotation": [50.00248, -0.86063, -3.27556],
							"uv": {
								"north": {"uv": [58, 103], "uv_size": [3, 3]},
								"east": {"uv": [102, 103], "uv_size": [3, 3]},
								"south": {"uv": [0, 104], "uv_size": [3, 3]},
								"west": {"uv": [13, 104], "uv_size": [3, 3]},
								"up": {"uv": [104, 16], "uv_size": [3, 3]},
								"down": {"uv": [18, 107], "uv_size": [3, -3]}
							}
						}
					]
				},
				{
					"name": "LeftForeArm",
					"parent": "LeftArm",
					"pivot": [3.825, 27.43986, 0.1533],
					"rotation": [-15, 0, 0],
					"cubes": [
						{
							"origin": [2.19382, 19.79684, -1.20455],
							"size": [2.5, 6, 3],
							"pivot": [4.225, 25.68986, 0.1533],
							"rotation": [0, 0, -2],
							"uv": {
								"north": {"uv": [92, 26], "uv_size": [3, 6]},
								"east": {"uv": [92, 32], "uv_size": [3, 6]},
								"south": {"uv": [92, 42], "uv_size": [3, 6]},
								"west": {"uv": [92, 48], "uv_size": [3, 6]},
								"up": {"uv": [104, 26], "uv_size": [3, 3]},
								"down": {"uv": [104, 32], "uv_size": [3, -3]}
							}
						},
						{
							"origin": [0.60737, 23.15526, -1.55455],
							"size": [1.8, 3, 3.7],
							"pivot": [4.24209, 24.33832, 0.1533],
							"rotation": [0, 0, -82],
							"uv": {
								"north": {"uv": [64, 111], "uv_size": [2, 3]},
								"east": {"uv": [100, 18], "uv_size": [4, 3]},
								"south": {"uv": [111, 65], "uv_size": [2, 3]},
								"west": {"uv": [100, 58], "uv_size": [4, 3]},
								"up": {"uv": [11, 109], "uv_size": [2, 4]},
								"down": {"uv": [15, 113], "uv_size": [2, -4]}
							}
						}
					]
				},
				{
					"name": "LeftForeArm_yf",
					"parent": "LeftForeArm",
					"pivot": [4.49881, 25.94743, 0.1533],
					"cubes": [
						{
							"origin": [1.94382, 20.54684, -1.45455],
							"size": [3, 5.5, 3.5],
							"pivot": [4.225, 25.68986, 0.1533],
							"rotation": [0, 0, -2],
							"uv": {
								"north": {"uv": [92, 54], "uv_size": [3, 6]},
								"east": {"uv": [66, 88], "uv_size": [4, 6]},
								"south": {"uv": [92, 60], "uv_size": [3, 6]},
								"west": {"uv": [70, 88], "uv_size": [4, 6]},
								"up": {"uv": [79, 100], "uv_size": [3, 4]},
								"down": {"uv": [84, 104], "uv_size": [3, -4]}
							}
						},
						{
							"origin": [0.50737, 22.85526, -1.70455],
							"size": [2, 3.5, 4],
							"pivot": [4.24209, 24.33832, 0.1533],
							"rotation": [0, 0, -82],
							"uv": {
								"north": {"uv": [109, 24], "uv_size": [2, 4]},
								"east": {"uv": [70, 94], "uv_size": [4, 4]},
								"south": {"uv": [109, 28], "uv_size": [2, 4]},
								"west": {"uv": [95, 0], "uv_size": [4, 4]},
								"up": {"uv": [109, 32], "uv_size": [2, 4]},
								"down": {"uv": [109, 42], "uv_size": [2, -4]}
							}
						},
						{
							"origin": [2.04382, 19.54684, -1.35455],
							"size": [2.8, 1, 3.3],
							"pivot": [4.225, 25.68986, 0.1533],
							"rotation": [0, 0, -2],
							"uv": {
								"north": {"uv": [118, 69], "uv_size": [3, 1]},
								"east": {"uv": [118, 89], "uv_size": [3, 1]},
								"south": {"uv": [118, 95], "uv_size": [3, 1]},
								"west": {"uv": [118, 106], "uv_size": [3, 1]},
								"up": {"uv": [104, 32], "uv_size": [3, 3]},
								"down": {"uv": [104, 38], "uv_size": [3, -3]}
							}
						}
					]
				},
				{
					"name": "LeftHand",
					"parent": "LeftForeArm",
					"pivot": [4.43668, 22.49721, -0.0467],
					"rotation": [0, -7.5, 0],
					"cubes": [
						{
							"origin": [1.78671, 16.53665, -1.75859],
							"size": [1, 2, 1],
							"pivot": [4.11435, 20.41419, -0.82702],
							"rotation": [20.69756, -32.0303, -0.19719],
							"uv": {
								"north": {"uv": [120, 122], "uv_size": [1, 2]},
								"east": {"uv": [121, 122], "uv_size": [1, 2]},
								"south": {"uv": [122, 121], "uv_size": [1, 2]},
								"west": {"uv": [0, 123], "uv_size": [1, 2]},
								"up": {"uv": [90, 126], "uv_size": [1, 1]},
								"down": {"uv": [126, 91], "uv_size": [1, -1]}
							}
						},
						{
							"origin": [3.03733, 17.73443, -2.44873],
							"size": [1, 2, 2],
							"pivot": [4.11435, 20.41419, -0.82702],
							"rotation": [22.08849, -37.52643, 35.94342],
							"uv": {
								"north": {"uv": [1, 123], "uv_size": [1, 2]},
								"east": {"uv": [116, 8], "uv_size": [2, 2]},
								"south": {"uv": [2, 123], "uv_size": [1, 2]},
								"west": {"uv": [116, 10], "uv_size": [2, 2]},
								"up": {"uv": [3, 123], "uv_size": [1, 2]},
								"down": {"uv": [4, 125], "uv_size": [1, -2]}
							}
						},
						{
							"origin": [6.1097, 16.43122, -1.60374],
							"size": [1, 2, 1],
							"pivot": [4.11435, 20.41419, -0.82702],
							"rotation": [3.88874, 3.27802, 42.5544],
							"uv": {
								"north": {"uv": [5, 123], "uv_size": [1, 2]},
								"east": {"uv": [123, 5], "uv_size": [1, 2]},
								"south": {"uv": [7, 123], "uv_size": [1, 2]},
								"west": {"uv": [8, 123], "uv_size": [1, 2]},
								"up": {"uv": [91, 126], "uv_size": [1, 1]},
								"down": {"uv": [126, 92], "uv_size": [1, -1]}
							}
						},
						{
							"origin": [4.43932, 17.07178, -1.50412],
							"size": [1, 1, 1],
							"pivot": [4.11435, 20.41419, -0.82702],
							"rotation": [1.30355, 4.91489, 7.49903],
							"uv": {
								"north": {"uv": [92, 126], "uv_size": [1, 1]},
								"east": {"uv": [126, 92], "uv_size": [1, 1]},
								"south": {"uv": [93, 126], "uv_size": [1, 1]},
								"west": {"uv": [126, 93], "uv_size": [1, 1]},
								"up": {"uv": [94, 126], "uv_size": [1, 1]},
								"down": {"uv": [126, 95], "uv_size": [1, -1]}
							}
						},
						{
							"origin": [6.90405, 20.5486, -1.00412],
							"size": [1, 1, 2],
							"pivot": [4.11435, 20.41419, -0.82702],
							"rotation": [4.17771, -2.9005, 117.33727],
							"uv": {
								"north": {"uv": [95, 126], "uv_size": [1, 1]},
								"east": {"uv": [122, 114], "uv_size": [2, 1]},
								"south": {"uv": [126, 95], "uv_size": [1, 1]},
								"west": {"uv": [9, 123], "uv_size": [2, 1]},
								"up": {"uv": [123, 11], "uv_size": [1, 2]},
								"down": {"uv": [123, 15], "uv_size": [1, -2]}
							}
						},
						{
							"origin": [6.65022, 18.53222, 1.43889],
							"size": [1, 2, 1],
							"pivot": [4.11435, 20.41419, -0.82702],
							"rotation": [3.32487, 10.81019, 76.5986],
							"uv": {
								"north": {"uv": [22, 123], "uv_size": [1, 2]},
								"east": {"uv": [23, 123], "uv_size": [1, 2]},
								"south": {"uv": [24, 123], "uv_size": [1, 2]},
								"west": {"uv": [25, 123], "uv_size": [1, 2]},
								"up": {"uv": [96, 126], "uv_size": [1, 1]},
								"down": {"uv": [126, 97], "uv_size": [1, -1]}
							}
						},
						{
							"origin": [5.08238, 16.57861, -0.50412],
							"size": [1, 2, 2],
							"pivot": [4.11435, 20.41419, -0.82702],
							"rotation": [2.72333, 4.29518, 25.04523],
							"uv": {
								"north": {"uv": [38, 123], "uv_size": [1, 2]},
								"east": {"uv": [116, 12], "uv_size": [2, 2]},
								"south": {"uv": [39, 123], "uv_size": [1, 2]},
								"west": {"uv": [116, 14], "uv_size": [2, 2]},
								"up": {"uv": [42, 123], "uv_size": [1, 2]},
								"down": {"uv": [43, 125], "uv_size": [1, -2]}
							}
						},
						{
							"origin": [3.01243, 17.87728, -1.50412],
							"size": [2, 2, 3],
							"pivot": [4.11435, 20.41419, -0.82702],
							"rotation": [0.42818, 5.06639, -2.53798],
							"uv": {
								"north": {"uv": [116, 16], "uv_size": [2, 2]},
								"east": {"uv": [66, 111], "uv_size": [3, 2]},
								"south": {"uv": [116, 19], "uv_size": [2, 2]},
								"west": {"uv": [111, 68], "uv_size": [3, 2]},
								"up": {"uv": [69, 111], "uv_size": [2, 3]},
								"down": {"uv": [71, 114], "uv_size": [2, -3]}
							}
						}
					]
				},
				{
					"name": "RightArm",
					"pivot": [-4.15, 33.38986, 0.1283],
					"rotation": [12.46425, 3.11817, 8.21918],
					"cubes": [
						{
							"origin": [-4.37712, 26.20995, -2.19534],
							"size": [2.55, 5.2, 3.05],
							"pivot": [-3.85859, 32.56904, 0.18816],
							"rotation": [4.99527, 0.21782, 2.5095],
							"uv": {
								"north": {"uv": [11, 97], "uv_size": [-3, 5]},
								"east": {"uv": [27, 98], "uv_size": [-3, 5]},
								"south": {"uv": [79, 97], "uv_size": [-3, 5]},
								"west": {"uv": [14, 97], "uv_size": [-3, 5]},
								"up": {"uv": [52, 103], "uv_size": [-3, 3]},
								"down": {"uv": [56, 106], "uv_size": [-3, -3]}
							}
						},
						{
							"origin": [-2.72883, 30.33931, -2.69193],
							"size": [1.95, 3.6, 3.85],
							"pivot": [-4.30531, 32.87459, 0.16493],
							"rotation": [5.87818, -5.14266, 49.68663],
							"uv": {
								"north": {"uv": [47, 108], "uv_size": [-2, 4]},
								"east": {"uv": [34, 94], "uv_size": [-4, 4]},
								"south": {"uv": [49, 108], "uv_size": [-2, 4]},
								"west": {"uv": [30, 94], "uv_size": [-4, 4]},
								"up": {"uv": [57, 108], "uv_size": [-2, 4]},
								"down": {"uv": [76, 112], "uv_size": [-2, -4]}
							}
						},
						{
							"origin": [-4.46935, 26.5701, -3.14487],
							"size": [2.55, 2.15, 2.2],
							"pivot": [-4.04534, 28.98902, 0.49869],
							"rotation": [50.00248, 0.86063, 3.27556],
							"uv": {
								"north": {"uv": [113, 105], "uv_size": [-3, 2]},
								"east": {"uv": [118, 6], "uv_size": [-2, 2]},
								"south": {"uv": [114, 6], "uv_size": [-3, 2]},
								"west": {"uv": [118, 3], "uv_size": [-2, 2]},
								"up": {"uv": [114, 16], "uv_size": [-3, 2]},
								"down": {"uv": [114, 65], "uv_size": [-3, -2]}
							}
						}
					]
				},
				{
					"name": "rightarm_yf",
					"parent": "RightArm",
					"pivot": [-4.39648, 29.60208, 0.45084],
					"cubes": [
						{
							"origin": [-4.62712, 25.95995, -2.44534],
							"size": [3.05, 5.7, 3.55],
							"pivot": [-3.85859, 32.56904, 0.18816],
							"rotation": [4.99527, 0.21782, 2.5095],
							"uv": {
								"north": {"uv": [95, 6], "uv_size": [-3, 6]},
								"east": {"uv": [92, 62], "uv_size": [-4, 6]},
								"south": {"uv": [95, 12], "uv_size": [-3, 6]},
								"west": {"uv": [92, 56], "uv_size": [-4, 6]},
								"up": {"uv": [102, 98], "uv_size": [-3, 4]},
								"down": {"uv": [3, 104], "uv_size": [-3, -4]}
							}
						},
						{
							"origin": [-2.77883, 30.28931, -2.84193],
							"size": [2.05, 3.7, 4.05],
							"pivot": [-4.30531, 32.87459, 0.16493],
							"rotation": [5.87818, -5.14266, 49.68663],
							"uv": {
								"north": {"uv": [84, 108], "uv_size": [-2, 4]},
								"east": {"uv": [70, 94], "uv_size": [-4, 4]},
								"south": {"uv": [110, 83], "uv_size": [-2, 4]},
								"west": {"uv": [38, 94], "uv_size": [-4, 4]},
								"up": {"uv": [111, 4], "uv_size": [-2, 4]},
								"down": {"uv": [11, 113], "uv_size": [-2, -4]}
							}
						},
						{
							"origin": [-4.72867, 26.12347, -3.2945],
							"size": [3.05, 2.5, 2.5],
							"pivot": [-4.05466, 28.71739, 0.49906],
							"rotation": [50.00248, 0.86063, 3.27556],
							"uv": {
								"north": {"uv": [61, 103], "uv_size": [-3, 3]},
								"east": {"uv": [16, 104], "uv_size": [-3, 3]},
								"south": {"uv": [3, 104], "uv_size": [-3, 3]},
								"west": {"uv": [105, 103], "uv_size": [-3, 3]},
								"up": {"uv": [107, 16], "uv_size": [-3, 3]},
								"down": {"uv": [21, 107], "uv_size": [-3, -3]}
							}
						}
					]
				},
				{
					"name": "RightForeArm",
					"parent": "RightArm",
					"pivot": [-3.825, 27.43986, 0.1533],
					"rotation": [-15, 0, 0],
					"cubes": [
						{
							"origin": [-4.69382, 19.79684, -1.20455],
							"size": [2.5, 6, 3],
							"pivot": [-4.225, 25.68986, 0.1533],
							"rotation": [0, 0, 2],
							"uv": {
								"north": {"uv": [95, 26], "uv_size": [-3, 6]},
								"east": {"uv": [95, 48], "uv_size": [-3, 6]},
								"south": {"uv": [95, 42], "uv_size": [-3, 6]},
								"west": {"uv": [95, 32], "uv_size": [-3, 6]},
								"up": {"uv": [107, 26], "uv_size": [-3, 3]},
								"down": {"uv": [107, 32], "uv_size": [-3, -3]}
							}
						},
						{
							"origin": [-2.40737, 23.15526, -1.55455],
							"size": [1.8, 3, 3.7],
							"pivot": [-4.24209, 24.33832, 0.1533],
							"rotation": [0, 0, 82],
							"uv": {
								"north": {"uv": [66, 111], "uv_size": [-2, 3]},
								"east": {"uv": [104, 58], "uv_size": [-4, 3]},
								"south": {"uv": [113, 65], "uv_size": [-2, 3]},
								"west": {"uv": [104, 18], "uv_size": [-4, 3]},
								"up": {"uv": [13, 109], "uv_size": [-2, 4]},
								"down": {"uv": [17, 113], "uv_size": [-2, -4]}
							}
						}
					]
				},
				{
					"name": "RightForeArm_yf",
					"parent": "RightForeArm",
					"pivot": [-4.49881, 25.94743, 0.1533],
					"cubes": [
						{
							"origin": [-4.94382, 20.54684, -1.45455],
							"size": [3, 5.5, 3.5],
							"pivot": [-4.225, 25.68986, 0.1533],
							"rotation": [0, 0, 2],
							"uv": {
								"north": {"uv": [95, 54], "uv_size": [-3, 6]},
								"east": {"uv": [74, 88], "uv_size": [-4, 6]},
								"south": {"uv": [95, 60], "uv_size": [-3, 6]},
								"west": {"uv": [70, 88], "uv_size": [-4, 6]},
								"up": {"uv": [82, 100], "uv_size": [-3, 4]},
								"down": {"uv": [87, 104], "uv_size": [-3, -4]}
							}
						},
						{
							"origin": [-2.50737, 22.85526, -1.70455],
							"size": [2, 3.5, 4],
							"pivot": [-4.24209, 24.33832, 0.1533],
							"rotation": [0, 0, 82],
							"uv": {
								"north": {"uv": [111, 24], "uv_size": [-2, 4]},
								"east": {"uv": [99, 0], "uv_size": [-4, 4]},
								"south": {"uv": [111, 28], "uv_size": [-2, 4]},
								"west": {"uv": [74, 94], "uv_size": [-4, 4]},
								"up": {"uv": [111, 32], "uv_size": [-2, 4]},
								"down": {"uv": [111, 42], "uv_size": [-2, -4]}
							}
						},
						{
							"origin": [-4.84382, 19.54684, -1.35455],
							"size": [2.8, 1, 3.3],
							"pivot": [-4.225, 25.68986, 0.1533],
							"rotation": [0, 0, 2],
							"uv": {
								"north": {"uv": [121, 69], "uv_size": [-3, 1]},
								"east": {"uv": [121, 106], "uv_size": [-3, 1]},
								"south": {"uv": [121, 95], "uv_size": [-3, 1]},
								"west": {"uv": [121, 89], "uv_size": [-3, 1]},
								"up": {"uv": [107, 32], "uv_size": [-3, 3]},
								"down": {"uv": [107, 38], "uv_size": [-3, -3]}
							}
						}
					]
				},
				{
					"name": "RightHand",
					"parent": "RightForeArm",
					"pivot": [-4.43668, 22.49721, -0.0467],
					"rotation": [0, 7.5, 0],
					"cubes": [
						{
							"origin": [-2.78671, 16.53665, -1.75859],
							"size": [1, 2, 1],
							"pivot": [-4.11435, 20.41419, -0.82702],
							"rotation": [20.69756, 32.0303, 0.19719],
							"uv": {
								"north": {"uv": [121, 122], "uv_size": [-1, 2]},
								"east": {"uv": [1, 123], "uv_size": [-1, 2]},
								"south": {"uv": [123, 121], "uv_size": [-1, 2]},
								"west": {"uv": [122, 122], "uv_size": [-1, 2]},
								"up": {"uv": [91, 126], "uv_size": [-1, 1]},
								"down": {"uv": [127, 91], "uv_size": [-1, -1]}
							}
						},
						{
							"origin": [-4.03733, 17.73443, -2.44873],
							"size": [1, 2, 2],
							"pivot": [-4.11435, 20.41419, -0.82702],
							"rotation": [22.08849, 37.52643, -35.94342],
							"uv": {
								"north": {"uv": [2, 123], "uv_size": [-1, 2]},
								"east": {"uv": [118, 10], "uv_size": [-2, 2]},
								"south": {"uv": [3, 123], "uv_size": [-1, 2]},
								"west": {"uv": [118, 8], "uv_size": [-2, 2]},
								"up": {"uv": [4, 123], "uv_size": [-1, 2]},
								"down": {"uv": [5, 125], "uv_size": [-1, -2]}
							}
						},
						{
							"origin": [-7.1097, 16.43122, -1.60374],
							"size": [1, 2, 1],
							"pivot": [-4.11435, 20.41419, -0.82702],
							"rotation": [3.88874, -3.27802, -42.5544],
							"uv": {
								"north": {"uv": [6, 123], "uv_size": [-1, 2]},
								"east": {"uv": [9, 123], "uv_size": [-1, 2]},
								"south": {"uv": [8, 123], "uv_size": [-1, 2]},
								"west": {"uv": [124, 5], "uv_size": [-1, 2]},
								"up": {"uv": [92, 126], "uv_size": [-1, 1]},
								"down": {"uv": [127, 92], "uv_size": [-1, -1]}
							}
						},
						{
							"origin": [-5.43932, 17.07178, -1.50412],
							"size": [1, 1, 1],
							"pivot": [-4.11435, 20.41419, -0.82702],
							"rotation": [1.30355, -4.91489, -7.49903],
							"uv": {
								"north": {"uv": [93, 126], "uv_size": [-1, 1]},
								"east": {"uv": [127, 93], "uv_size": [-1, 1]},
								"south": {"uv": [94, 126], "uv_size": [-1, 1]},
								"west": {"uv": [127, 92], "uv_size": [-1, 1]},
								"up": {"uv": [95, 126], "uv_size": [-1, 1]},
								"down": {"uv": [127, 95], "uv_size": [-1, -1]}
							}
						},
						{
							"origin": [-7.90405, 20.5486, -1.00412],
							"size": [1, 1, 2],
							"pivot": [-4.11435, 20.41419, -0.82702],
							"rotation": [4.17771, 2.9005, -117.33727],
							"uv": {
								"north": {"uv": [96, 126], "uv_size": [-1, 1]},
								"east": {"uv": [11, 123], "uv_size": [-2, 1]},
								"south": {"uv": [127, 95], "uv_size": [-1, 1]},
								"west": {"uv": [124, 114], "uv_size": [-2, 1]},
								"up": {"uv": [124, 11], "uv_size": [-1, 2]},
								"down": {"uv": [124, 15], "uv_size": [-1, -2]}
							}
						},
						{
							"origin": [-7.65022, 18.53222, 1.43889],
							"size": [1, 2, 1],
							"pivot": [-4.11435, 20.41419, -0.82702],
							"rotation": [3.32487, -10.81019, -76.5986],
							"uv": {
								"north": {"uv": [23, 123], "uv_size": [-1, 2]},
								"east": {"uv": [26, 123], "uv_size": [-1, 2]},
								"south": {"uv": [25, 123], "uv_size": [-1, 2]},
								"west": {"uv": [24, 123], "uv_size": [-1, 2]},
								"up": {"uv": [97, 126], "uv_size": [-1, 1]},
								"down": {"uv": [127, 97], "uv_size": [-1, -1]}
							}
						},
						{
							"origin": [-6.08238, 16.57861, -0.50412],
							"size": [1, 2, 2],
							"pivot": [-4.11435, 20.41419, -0.82702],
							"rotation": [2.72333, -4.29518, -25.04523],
							"uv": {
								"north": {"uv": [39, 123], "uv_size": [-1, 2]},
								"east": {"uv": [118, 14], "uv_size": [-2, 2]},
								"south": {"uv": [40, 123], "uv_size": [-1, 2]},
								"west": {"uv": [118, 12], "uv_size": [-2, 2]},
								"up": {"uv": [43, 123], "uv_size": [-1, 2]},
								"down": {"uv": [44, 125], "uv_size": [-1, -2]}
							}
						},
						{
							"origin": [-5.01243, 17.87728, -1.50412],
							"size": [2, 2, 3],
							"pivot": [-4.11435, 20.41419, -0.82702],
							"rotation": [0.42818, -5.06639, 2.53798],
							"uv": {
								"north": {"uv": [118, 16], "uv_size": [-2, 2]},
								"east": {"uv": [114, 68], "uv_size": [-3, 2]},
								"south": {"uv": [118, 19], "uv_size": [-2, 2]},
								"west": {"uv": [69, 111], "uv_size": [-3, 2]},
								"up": {"uv": [71, 111], "uv_size": [-2, 3]},
								"down": {"uv": [73, 114], "uv_size": [-2, -3]}
							}
						}
					]
				}
			]
		}
	]
}