{
	"pack_name": "{maid_pack.deltarune.name}",
	"model_list": [
		{
			"model_id": "deltarune:susie",
			"render_item_scale": 1.15,
			"description": ["{model.deltarune.susie.desc}"],
			"render_entity_scale": 1.1,
			"animation": [
				"touhou_little_maid:animation/maid/default/head/default.js",
				"touhou_little_maid:animation/maid/default/head/beg.js",
				"touhou_little_maid:animation/maid/default/head/music_shake.js",
				"touhou_little_maid:animation/maid/default/head/blink.js",
				"touhou_little_maid:animation/maid/default/arm/default.js",
				"touhou_little_maid:animation/maid/default/arm/swing.js",
				"touhou_little_maid:animation/maid/default/leg/default.js",
				"touhou_little_maid:animation/maid/default/armor/default.js",
				"touhou_little_maid:animation/maid/default/sit/default.js",
				"touhou_little_maid:animation/maid/default/tail/default.js"
			]
		},
		{
			"model_id": "deltarune:noelle",
			"description": ["{model.deltarune.noelle.desc}"],
			"render_item_scale": 1.1,
			"render_entity_scale": 1.05,
			"animation": [
				"touhou_little_maid:animation/maid/default/head/default.js",
				"touhou_little_maid:animation/maid/default/head/beg.js",
				"touhou_little_maid:animation/maid/default/head/music_shake.js",
				"touhou_little_maid:animation/maid/default/head/blink.js",
				"touhou_little_maid:animation/maid/default/head/hair_swing.js",
				"touhou_little_maid:animation/maid/default/arm/default.js",
				"touhou_little_maid:animation/maid/default/arm/swing.js",
				"touhou_little_maid:animation/maid/default/leg/default.js",
				"touhou_little_maid:animation/maid/default/sit/skirt_rotation.js",
				"touhou_little_maid:animation/maid/default/sit/default.js"
			]
		},
		{
			"model_id": "deltarune:ralsei",
			"render_item_scale": 1.05,
			"description": ["{model.deltarune.ralsei.desc}"],
			"render_entity_scale": 0.95,
			"animation": [
				"touhou_little_maid:animation/maid/default/head/default.js",
				"touhou_little_maid:animation/maid/default/head/beg.js",
				"touhou_little_maid:animation/maid/default/head/music_shake.js",
				"touhou_little_maid:animation/maid/default/head/blink.js",
				"touhou_little_maid:animation/base/rotation/reciprocate.js",
				"touhou_little_maid:animation/maid/default/sit/skirt_rotation.js",
				"touhou_little_maid:animation/maid/default/leg/default.js",
				"touhou_little_maid:animation/maid/default/sit/default.js"
			]
		},
		{
			"model_id": "deltarune:kris",
			"description": ["{model.deltarune.kris.desc}"],
			"animation": [
				"touhou_little_maid:animation/maid/default/head/default.js",
				"touhou_little_maid:animation/maid/default/head/beg.js",
				"touhou_little_maid:animation/maid/default/head/music_shake.js",
				"touhou_little_maid:animation/maid/default/arm/default.js",
				"touhou_little_maid:animation/maid/default/arm/swing.js",
				"touhou_little_maid:animation/maid/default/leg/default.js",
				"touhou_little_maid:animation/maid/default/armor/default.js",
				"touhou_little_maid:animation/maid/default/sit/default.js"
			],
			"render_item_scale": 1.15,
			"render_entity_scale": 1.05
		}
	],
	"version": "1.0.0",
	"icon": "deltarune:textures/maid_icon.png",
	"author": ["暮光简简"],
	"description": ["{maid_pack.deltarune.desc}"],
	"date": "2023-07-01"
}