{
	"format_version": "1.12.0",
	"minecraft:geometry": [
		{
			"description": {
				"identifier": "geometry.default",
				"texture_width": 512,
				"texture_height": 512,
				"visible_bounds_width": 12,
				"visible_bounds_height": 12,
				"visible_bounds_offset": [0, 4, 0]
			},
			"bones": [
				{
					"name": "bone",
					"pivot": [0, 0, 0]
				},
				{
					"name": "all",
					"parent": "bone",
					"pivot": [0, 27, -4]
				},
				{
					"name": "body",
					"parent": "all",
					"pivot": [0, 27, -8],
					"cubes": [
						{
							"origin": [-1, 21.7, -20.5],
							"size": [4.2, 4.2, 6.2],
							"pivot": [-4, 19.6, -9.3],
							"rotation": [0, -45, 0],
							"uv": {
								"north": {"uv": [194, 112], "uv_size": [8, 8]},
								"east": {"uv": [240, 330], "uv_size": [12, 8]},
								"south": {"uv": [322, 120], "uv_size": [8, 8]},
								"west": {"uv": [346, 176], "uv_size": [12, 8]},
								"up": {"uv": [272, 360], "uv_size": [8, 12]},
								"down": {"uv": [384, 148], "uv_size": [8, -12]}
							}
						},
						{
							"origin": [-0.9, 21.8, -20.4],
							"size": [4, 4, 3],
							"pivot": [-4, 19.6, -9.3],
							"rotation": [0, -45, 0],
							"uv": {
								"north": {"uv": [64, 340], "uv_size": [8, 8]},
								"east": {"uv": [192, 250], "uv_size": [6, 8]},
								"south": {"uv": [80, 388], "uv_size": [8, 8]},
								"west": {"uv": [192, 258], "uv_size": [6, 8]},
								"up": {"uv": [138, 158], "uv_size": [8, 6]},
								"down": {"uv": [112, 206], "uv_size": [8, -6]}
							}
						},
						{
							"origin": [11.85952, 17.46267, -16.95],
							"size": [4.2, 8.2, 4.2],
							"pivot": [8, 19.6, -22.3],
							"rotation": [0, -45, 0],
							"uv": {
								"north": {"uv": [112, 184], "uv_size": [8, 16]},
								"east": {"uv": [194, 96], "uv_size": [8, 16]},
								"south": {"uv": [102, 232], "uv_size": [8, 16]},
								"west": {"uv": [270, 60], "uv_size": [8, 16]},
								"up": {"uv": [388, 80], "uv_size": [8, 8]},
								"down": {"uv": [388, 96], "uv_size": [8, -8]}
							}
						},
						{
							"origin": [11.95952, 17.56267, -16.85],
							"size": [4, 8, 4],
							"pivot": [8, 19.6, -22.3],
							"rotation": [0, -45, 0],
							"uv": {
								"north": {"uv": [310, 210], "uv_size": [8, 16]},
								"east": {"uv": [330, 230], "uv_size": [8, 16]},
								"south": {"uv": [312, 338], "uv_size": [8, 16]},
								"west": {"uv": [146, 356], "uv_size": [8, 16]},
								"up": {"uv": [110, 388], "uv_size": [8, 8]},
								"down": {"uv": [118, 396], "uv_size": [8, -8]}
							}
						},
						{
							"origin": [7.2306, 16.15606, -19.20051],
							"size": [3, 4, 1],
							"pivot": [2, 19.6, -17.3],
							"rotation": [0, -45, 0],
							"uv": {
								"north": {"uv": [128, 340], "uv_size": [6, 8]},
								"east": {"uv": [120, 194], "uv_size": [2, 8]},
								"south": {"uv": [128, 348], "uv_size": [6, 8]},
								"west": {"uv": [110, 232], "uv_size": [2, 8]},
								"up": {"uv": [146, 162], "uv_size": [6, 2]},
								"down": {"uv": [194, 122], "uv_size": [6, -2]}
							}
						},
						{
							"origin": [12.15952, 17.66267, -16.75],
							"size": [3.7, 7.8, 3.8],
							"pivot": [8, 19.6, -22.3],
							"rotation": [0, -45, 0],
							"uv": {
								"north": {"uv": [0, 376], "uv_size": [8, 16]},
								"east": {"uv": [214, 376], "uv_size": [8, 16]},
								"south": {"uv": [262, 376], "uv_size": [8, 16]},
								"west": {"uv": [378, 160], "uv_size": [8, 16]},
								"up": {"uv": [126, 388], "uv_size": [8, 8]},
								"down": {"uv": [134, 396], "uv_size": [8, -8]}
							}
						},
						{
							"origin": [-0.7, 21.9, -20.3],
							"size": [3.7, 3.8, 5.8],
							"pivot": [-4, 19.6, -9.3],
							"rotation": [0, -45, 0],
							"uv": {
								"north": {"uv": [142, 388], "uv_size": [8, 8]},
								"east": {"uv": [376, 92], "uv_size": [12, 8]},
								"south": {"uv": [150, 388], "uv_size": [8, 8]},
								"west": {"uv": [184, 384], "uv_size": [12, 8]},
								"up": {"uv": [384, 192], "uv_size": [8, 12]},
								"down": {"uv": [384, 310], "uv_size": [8, -12]}
							}
						},
						{
							"origin": [-4, 29, -11],
							"size": [8, 7, 4],
							"pivot": [2, 31, -8],
							"rotation": [-22.5, 0, 0],
							"uv": {
								"north": {"uv": [372, 260], "uv_size": [16, 14]},
								"east": {"uv": [178, 150], "uv_size": [8, 14]},
								"south": {"uv": [272, 372], "uv_size": [16, 14]},
								"west": {"uv": [274, 166], "uv_size": [8, 14]},
								"up": {"uv": [162, 92], "uv_size": [16, 8]},
								"down": {"uv": [298, 164], "uv_size": [16, -8]}
							}
						},
						{
							"origin": [-1.5, 34.77268, -8.60718],
							"size": [3, 3, 3],
							"pivot": [0, 36.27268, -6.35718],
							"rotation": [-10, 0, 0],
							"uv": {
								"north": {"uv": [166, 94], "uv_size": [6, 6]},
								"east": {"uv": [166, 94], "uv_size": [6, 6]},
								"south": {"uv": [166, 94], "uv_size": [6, 6]},
								"west": {"uv": [166, 94], "uv_size": [6, 6]},
								"up": {"uv": [172, 100], "uv_size": [-6, -6]},
								"down": {"uv": [172, 100], "uv_size": [-6, -6]}
							}
						},
						{
							"origin": [0.2, 30.37522, -11.47788],
							"size": [4, 4, 2],
							"pivot": [2, 32.7, -7.8],
							"rotation": [-45, 0, 0],
							"uv": {
								"north": {"uv": [158, 388], "uv_size": [8, 8]},
								"east": {"uv": [64, 114], "uv_size": [4, 8]},
								"south": {"uv": [166, 388], "uv_size": [8, 8]},
								"west": {"uv": [64, 122], "uv_size": [4, 8]},
								"up": {"uv": [134, 120], "uv_size": [8, 4]},
								"down": {"uv": [142, 124], "uv_size": [8, -4]}
							}
						},
						{
							"origin": [-4.2, 30.37522, -11.47788],
							"size": [4, 4, 2],
							"pivot": [2, 32.7, -7.8],
							"rotation": [-45, 0, 0],
							"uv": {
								"north": {"uv": [388, 172], "uv_size": [8, 8]},
								"east": {"uv": [198, 218], "uv_size": [4, 8]},
								"south": {"uv": [388, 180], "uv_size": [8, 8]},
								"west": {"uv": [198, 226], "uv_size": [4, 8]},
								"up": {"uv": [226, 92], "uv_size": [8, 4]},
								"down": {"uv": [102, 252], "uv_size": [8, -4]}
							}
						},
						{
							"origin": [-2.03268, 23.30087, -10.7937],
							"size": [5, 6, 4],
							"pivot": [2, 30.6, -8.3],
							"rotation": [0, 0, -22.5],
							"uv": {
								"north": {"uv": [368, 382], "uv_size": [10, 12]},
								"east": {"uv": [384, 310], "uv_size": [8, 12]},
								"south": {"uv": [378, 382], "uv_size": [10, 12]},
								"west": {"uv": [384, 322], "uv_size": [8, 12]},
								"up": {"uv": [90, 150], "uv_size": [10, 8]},
								"down": {"uv": [358, 204], "uv_size": [10, -8]}
							}
						},
						{
							"origin": [-2.5, 23.82699, -11.2937],
							"size": [5, 7, 4],
							"uv": {
								"north": {"uv": [90, 136], "uv_size": [10, 14]},
								"east": {"uv": [54, 384], "uv_size": [8, 14]},
								"south": {"uv": [80, 168], "uv_size": [10, 14]},
								"west": {"uv": [62, 384], "uv_size": [8, 14]},
								"up": {"uv": [388, 56], "uv_size": [10, 8]},
								"down": {"uv": [388, 72], "uv_size": [10, -8]}
							}
						},
						{
							"origin": [-2.48268, 21.95087, -10.7937],
							"size": [5, 6, 4],
							"pivot": [2, 30.6, -8.3],
							"rotation": [0, 0, 22.5],
							"uv": {
								"north": {"uv": [34, 384], "uv_size": [10, 12]},
								"east": {"uv": [384, 334], "uv_size": [8, 12]},
								"south": {"uv": [44, 384], "uv_size": [10, 12]},
								"west": {"uv": [386, 160], "uv_size": [8, 12]},
								"up": {"uv": [70, 388], "uv_size": [10, 8]},
								"down": {"uv": [388, 80], "uv_size": [10, -8]}
							}
						},
						{
							"origin": [-7.9194, 15.76317, -16.04975],
							"size": [3, 4, 1],
							"pivot": [-4, 12.1, -13.3],
							"rotation": [0, 45, 0],
							"uv": {
								"north": {"uv": [306, 358], "uv_size": [6, 8]},
								"east": {"uv": [110, 240], "uv_size": [2, 8]},
								"south": {"uv": [306, 366], "uv_size": [6, 8]},
								"west": {"uv": [216, 240], "uv_size": [2, 8]},
								"up": {"uv": [102, 252], "uv_size": [6, 2]},
								"down": {"uv": [118, 256], "uv_size": [6, -2]}
							}
						},
						{
							"origin": [-8.2, 21.8, -15],
							"size": [3.7, 3.8, 5.8],
							"pivot": [-5, 26.1, -13.3],
							"rotation": [0, 45, 0],
							"uv": {
								"north": {"uv": [196, 388], "uv_size": [8, 8]},
								"east": {"uv": [384, 204], "uv_size": [12, 8]},
								"south": {"uv": [204, 388], "uv_size": [8, 8]},
								"west": {"uv": [386, 244], "uv_size": [12, 8]},
								"up": {"uv": [270, 386], "uv_size": [8, 12]},
								"down": {"uv": [278, 398], "uv_size": [8, -12]}
							}
						},
						{
							"origin": [-5.6, 17.4, -14.6],
							"size": [3.7, 7.8, 3.8],
							"pivot": [-5, 17.1, -9.3],
							"rotation": [0, 45, 0],
							"uv": {
								"north": {"uv": [288, 378], "uv_size": [8, 16]},
								"east": {"uv": [296, 378], "uv_size": [8, 16]},
								"south": {"uv": [328, 378], "uv_size": [8, 16]},
								"west": {"uv": [336, 378], "uv_size": [8, 16]},
								"up": {"uv": [388, 212], "uv_size": [8, 8]},
								"down": {"uv": [388, 228], "uv_size": [8, -8]}
							}
						},
						{
							"origin": [-5.8, 17.3, -14.7],
							"size": [4, 8, 4],
							"pivot": [-5, 17.1, -9.3],
							"rotation": [0, 45, 0],
							"uv": {
								"north": {"uv": [344, 378], "uv_size": [8, 16]},
								"east": {"uv": [352, 378], "uv_size": [8, 16]},
								"south": {"uv": [8, 380], "uv_size": [8, 16]},
								"west": {"uv": [94, 380], "uv_size": [8, 16]},
								"up": {"uv": [222, 388], "uv_size": [8, 8]},
								"down": {"uv": [388, 236], "uv_size": [8, -8]}
							}
						},
						{
							"origin": [-5.9, 17.2, -14.8],
							"size": [4.2, 8.2, 4.2],
							"pivot": [-5, 17.1, -9.3],
							"rotation": [0, 45, 0],
							"uv": {
								"north": {"uv": [102, 380], "uv_size": [8, 16]},
								"east": {"uv": [380, 354], "uv_size": [8, 16]},
								"south": {"uv": [382, 282], "uv_size": [8, 16]},
								"west": {"uv": [360, 382], "uv_size": [8, 16]},
								"up": {"uv": [230, 388], "uv_size": [8, 8]},
								"down": {"uv": [388, 244], "uv_size": [8, -8]}
							}
						},
						{
							"origin": [-8.4, 21.7, -15.1],
							"size": [4, 4, 3],
							"pivot": [-5, 26.1, -13.3],
							"rotation": [0, 45, 0],
							"uv": {
								"north": {"uv": [238, 388], "uv_size": [8, 8]},
								"east": {"uv": [140, 376], "uv_size": [6, 8]},
								"south": {"uv": [246, 388], "uv_size": [8, 8]},
								"west": {"uv": [16, 380], "uv_size": [6, 8]},
								"up": {"uv": [128, 206], "uv_size": [8, 6]},
								"down": {"uv": [176, 218], "uv_size": [8, -6]}
							}
						},
						{
							"origin": [-8.5, 21.6, -15.2],
							"size": [4.2, 4.2, 6.2],
							"pivot": [-5, 26.1, -13.3],
							"rotation": [0, 45, 0],
							"uv": {
								"north": {"uv": [254, 388], "uv_size": [8, 8]},
								"east": {"uv": [386, 252], "uv_size": [12, 8]},
								"south": {"uv": [388, 260], "uv_size": [8, 8]},
								"west": {"uv": [16, 388], "uv_size": [12, 8]},
								"up": {"uv": [388, 32], "uv_size": [8, 12]},
								"down": {"uv": [388, 56], "uv_size": [8, -12]}
							}
						}
					]
				},
				{
					"name": "Head",
					"parent": "body",
					"pivot": [0.23438, 35.92999, -7.28103],
					"rotation": [7.5, 0, 0],
					"cubes": [
						{
							"origin": [-4, 36.7622, -11.44642],
							"size": [8, 7.5, 8.5],
							"uv": {
								"north": {"uv": [22, 360], "uv_size": [16, 16]},
								"east": {"uv": [80, 360], "uv_size": [16, 16]},
								"south": {"uv": [240, 360], "uv_size": [16, 16]},
								"west": {"uv": [256, 360], "uv_size": [16, 16]},
								"up": {"uv": [362, 0], "uv_size": [16, 16]},
								"down": {"uv": [330, 378], "uv_size": [16, -16]}
							}
						},
						{
							"origin": [-3.75, 36.6622, -11.19642],
							"size": [7.5, 7.35, 8],
							"uv": {
								"north": {"uv": [374, 100], "uv_size": [16, 14]},
								"east": {"uv": [374, 114], "uv_size": [16, 14]},
								"south": {"uv": [162, 374], "uv_size": [16, 14]},
								"west": {"uv": [306, 374], "uv_size": [16, 14]},
								"up": {"uv": [96, 364], "uv_size": [16, 16]},
								"down": {"uv": [364, 374], "uv_size": [16, -16]}
							}
						},
						{
							"origin": [3.75, 32.6622, -9.19642],
							"size": [1, 3, 1],
							"uv": {
								"north": {"uv": [100, 118], "uv_size": [2, 6]},
								"east": {"uv": [136, 206], "uv_size": [2, 6]},
								"south": {"uv": [184, 212], "uv_size": [2, 6]},
								"west": {"uv": [110, 248], "uv_size": [2, 6]},
								"up": {"uv": [200, 120], "uv_size": [2, 2]},
								"down": {"uv": [108, 254], "uv_size": [2, -2]}
							}
						},
						{
							"origin": [3.75, 35.6622, -9.19642],
							"size": [1, 1, 2],
							"uv": {
								"north": {"uv": [258, 90], "uv_size": [2, 2]},
								"east": {"uv": [64, 134], "uv_size": [4, 2]},
								"south": {"uv": [274, 76], "uv_size": [2, 2]},
								"west": {"uv": [198, 238], "uv_size": [4, 2]},
								"up": {"uv": [134, 96], "uv_size": [2, 4]},
								"down": {"uv": [150, 124], "uv_size": [2, -4]}
							}
						},
						{
							"origin": [2.75, 34.6622, -11.19642],
							"size": [1, 2, 2],
							"uv": {
								"north": {"uv": [150, 158], "uv_size": [2, 4]},
								"east": {"uv": [64, 130], "uv_size": [4, 4]},
								"south": {"uv": [120, 202], "uv_size": [2, 4]},
								"west": {"uv": [146, 158], "uv_size": [4, 4]},
								"up": {"uv": [238, 92], "uv_size": [2, 4]},
								"down": {"uv": [118, 260], "uv_size": [2, -4]}
							}
						},
						{
							"origin": [3, 32.7622, -4.19642],
							"size": [1, 4, 1],
							"uv": {
								"north": {"uv": [216, 248], "uv_size": [2, 8]},
								"east": {"uv": [260, 78], "uv_size": [2, 8]},
								"south": {"uv": [100, 260], "uv_size": [2, 8]},
								"west": {"uv": [174, 260], "uv_size": [2, 8]},
								"up": {"uv": [276, 76], "uv_size": [2, 2]},
								"down": {"uv": [278, 78], "uv_size": [2, -2]}
							}
						},
						{
							"origin": [-3.75, 34.6622, -11.19642],
							"size": [1, 2, 2],
							"uv": {
								"north": {"uv": [120, 256], "uv_size": [2, 4]},
								"east": {"uv": [234, 92], "uv_size": [4, 4]},
								"south": {"uv": [122, 256], "uv_size": [2, 4]},
								"west": {"uv": [198, 234], "uv_size": [4, 4]},
								"up": {"uv": [280, 74], "uv_size": [2, 4]},
								"down": {"uv": [282, 220], "uv_size": [2, -4]}
							}
						},
						{
							"origin": [-4.75, 35.6622, -9.19642],
							"size": [1, 1, 2],
							"uv": {
								"north": {"uv": [282, 124], "uv_size": [2, 2]},
								"east": {"uv": [262, 146], "uv_size": [4, 2]},
								"south": {"uv": [100, 284], "uv_size": [2, 2]},
								"west": {"uv": [266, 146], "uv_size": [4, 2]},
								"up": {"uv": [284, 216], "uv_size": [2, 4]},
								"down": {"uv": [190, 292], "uv_size": [2, -4]}
							}
						},
						{
							"origin": [-5.25, 32.6622, -9.19642],
							"size": [1, 3, 1],
							"uv": {
								"north": {"uv": [124, 254], "uv_size": [2, 6]},
								"east": {"uv": [126, 254], "uv_size": [2, 6]},
								"south": {"uv": [260, 86], "uv_size": [2, 6]},
								"west": {"uv": [192, 266], "uv_size": [2, 6]},
								"up": {"uv": [284, 124], "uv_size": [2, 2]},
								"down": {"uv": [286, 146], "uv_size": [2, -2]}
							}
						},
						{
							"origin": [-7, 27.7622, -1.19642],
							"size": [1, 1, 1],
							"uv": {
								"north": {"uv": [286, 278], "uv_size": [2, 2]},
								"east": {"uv": [288, 144], "uv_size": [2, 2]},
								"south": {"uv": [288, 278], "uv_size": [2, 2]},
								"west": {"uv": [290, 144], "uv_size": [2, 2]},
								"up": {"uv": [290, 278], "uv_size": [2, 2]},
								"down": {"uv": [292, 146], "uv_size": [2, -2]}
							}
						},
						{
							"origin": [-6, 28.7622, -2.19642],
							"size": [1, 2, 1],
							"uv": {
								"north": {"uv": [298, 44], "uv_size": [2, 4]},
								"east": {"uv": [300, 44], "uv_size": [2, 4]},
								"south": {"uv": [308, 92], "uv_size": [2, 4]},
								"west": {"uv": [308, 96], "uv_size": [2, 4]},
								"up": {"uv": [292, 278], "uv_size": [2, 2]},
								"down": {"uv": [294, 146], "uv_size": [2, -2]}
							}
						},
						{
							"origin": [-5, 30.7622, -3.19642],
							"size": [1, 2, 1],
							"uv": {
								"north": {"uv": [308, 100], "uv_size": [2, 4]},
								"east": {"uv": [308, 104], "uv_size": [2, 4]},
								"south": {"uv": [308, 108], "uv_size": [2, 4]},
								"west": {"uv": [310, 128], "uv_size": [2, 4]},
								"up": {"uv": [294, 278], "uv_size": [2, 2]},
								"down": {"uv": [296, 146], "uv_size": [2, -2]}
							}
						},
						{
							"origin": [-4, 32.7622, -4.19642],
							"size": [1, 4, 1],
							"uv": {
								"north": {"uv": [100, 268], "uv_size": [2, 8]},
								"east": {"uv": [174, 268], "uv_size": [2, 8]},
								"south": {"uv": [100, 276], "uv_size": [2, 8]},
								"west": {"uv": [278, 68], "uv_size": [2, 8]},
								"up": {"uv": [296, 278], "uv_size": [2, 2]},
								"down": {"uv": [298, 166], "uv_size": [2, -2]}
							}
						},
						{
							"origin": [-4, 27.7622, 0.30358],
							"size": [1, 1, 1],
							"uv": {
								"north": {"uv": [300, 164], "uv_size": [2, 2]},
								"east": {"uv": [302, 164], "uv_size": [2, 2]},
								"south": {"uv": [304, 164], "uv_size": [2, 2]},
								"west": {"uv": [306, 110], "uv_size": [2, 2]},
								"up": {"uv": [214, 322], "uv_size": [2, 2]},
								"down": {"uv": [334, 186], "uv_size": [2, -2]}
							}
						},
						{
							"origin": [-3.5, 29.7622, -1.69642],
							"size": [1, 2, 1],
							"uv": {
								"north": {"uv": [214, 310], "uv_size": [2, 4]},
								"east": {"uv": [310, 226], "uv_size": [2, 4]},
								"south": {"uv": [312, 128], "uv_size": [2, 4]},
								"west": {"uv": [312, 226], "uv_size": [2, 4]},
								"up": {"uv": [336, 184], "uv_size": [2, 2]},
								"down": {"uv": [292, 338], "uv_size": [2, -2]}
							}
						},
						{
							"origin": [-4, 28.7622, -0.69642],
							"size": [1, 1, 1],
							"uv": {
								"north": {"uv": [294, 336], "uv_size": [2, 2]},
								"east": {"uv": [296, 336], "uv_size": [2, 2]},
								"south": {"uv": [116, 338], "uv_size": [2, 2]},
								"west": {"uv": [338, 208], "uv_size": [2, 2]},
								"up": {"uv": [240, 338], "uv_size": [2, 2]},
								"down": {"uv": [242, 340], "uv_size": [2, -2]}
							}
						},
						{
							"origin": [-3, 31.7622, -2.69642],
							"size": [1, 2, 1],
							"uv": {
								"north": {"uv": [116, 314], "uv_size": [2, 4]},
								"east": {"uv": [314, 128], "uv_size": [2, 4]},
								"south": {"uv": [314, 156], "uv_size": [2, 4]},
								"west": {"uv": [314, 160], "uv_size": [2, 4]},
								"up": {"uv": [244, 338], "uv_size": [2, 2]},
								"down": {"uv": [246, 340], "uv_size": [2, -2]}
							}
						},
						{
							"origin": [-3, 33.7622, -3.69642],
							"size": [1, 3, 1],
							"uv": {
								"north": {"uv": [194, 266], "uv_size": [2, 6]},
								"east": {"uv": [196, 266], "uv_size": [2, 6]},
								"south": {"uv": [174, 276], "uv_size": [2, 6]},
								"west": {"uv": [280, 68], "uv_size": [2, 6]},
								"up": {"uv": [248, 338], "uv_size": [2, 2]},
								"down": {"uv": [250, 340], "uv_size": [2, -2]}
							}
						},
						{
							"origin": [3, 27.7622, 0.30358],
							"size": [1, 1, 1],
							"uv": {
								"north": {"uv": [252, 338], "uv_size": [2, 2]},
								"east": {"uv": [254, 338], "uv_size": [2, 2]},
								"south": {"uv": [340, 208], "uv_size": [2, 2]},
								"west": {"uv": [342, 208], "uv_size": [2, 2]},
								"up": {"uv": [344, 208], "uv_size": [2, 2]},
								"down": {"uv": [344, 264], "uv_size": [2, -2]}
							}
						},
						{
							"origin": [6, 27.7622, -1.19642],
							"size": [1, 1, 1],
							"uv": {
								"north": {"uv": [344, 264], "uv_size": [2, 2]},
								"east": {"uv": [344, 298], "uv_size": [2, 2]},
								"south": {"uv": [344, 300], "uv_size": [2, 2]},
								"west": {"uv": [346, 140], "uv_size": [2, 2]},
								"up": {"uv": [346, 142], "uv_size": [2, 2]},
								"down": {"uv": [186, 348], "uv_size": [2, -2]}
							}
						},
						{
							"origin": [5, 28.7622, -2.19642],
							"size": [1, 2, 1],
							"uv": {
								"north": {"uv": [214, 314], "uv_size": [2, 4]},
								"east": {"uv": [314, 226], "uv_size": [2, 4]},
								"south": {"uv": [316, 128], "uv_size": [2, 4]},
								"west": {"uv": [316, 156], "uv_size": [2, 4]},
								"up": {"uv": [188, 346], "uv_size": [2, 2]},
								"down": {"uv": [346, 206], "uv_size": [2, -2]}
							}
						},
						{
							"origin": [3, 28.7622, -1.69642],
							"size": [1, 1, 1],
							"uv": {
								"north": {"uv": [346, 206], "uv_size": [2, 2]},
								"east": {"uv": [346, 208], "uv_size": [2, 2]},
								"south": {"uv": [346, 262], "uv_size": [2, 2]},
								"west": {"uv": [346, 264], "uv_size": [2, 2]},
								"up": {"uv": [346, 298], "uv_size": [2, 2]},
								"down": {"uv": [346, 302], "uv_size": [2, -2]}
							}
						},
						{
							"origin": [5.25, 29.7622, -11.94642],
							"size": [1, 1, 1],
							"uv": {
								"north": {"uv": [320, 346], "uv_size": [2, 2]},
								"east": {"uv": [348, 140], "uv_size": [2, 2]},
								"south": {"uv": [348, 142], "uv_size": [2, 2]},
								"west": {"uv": [348, 204], "uv_size": [2, 2]},
								"up": {"uv": [348, 206], "uv_size": [2, 2]},
								"down": {"uv": [348, 210], "uv_size": [2, -2]}
							}
						},
						{
							"origin": [2, 31.7622, -2.69642],
							"size": [1, 2, 1],
							"uv": {
								"north": {"uv": [316, 160], "uv_size": [2, 4]},
								"east": {"uv": [316, 226], "uv_size": [2, 4]},
								"south": {"uv": [318, 40], "uv_size": [2, 4]},
								"west": {"uv": [116, 318], "uv_size": [2, 4]},
								"up": {"uv": [210, 348], "uv_size": [2, 2]},
								"down": {"uv": [212, 350], "uv_size": [2, -2]}
							}
						},
						{
							"origin": [2.5, 29.7622, -1.69642],
							"size": [1, 2, 1],
							"uv": {
								"north": {"uv": [214, 318], "uv_size": [2, 4]},
								"east": {"uv": [320, 40], "uv_size": [2, 4]},
								"south": {"uv": [322, 40], "uv_size": [2, 4]},
								"west": {"uv": [116, 322], "uv_size": [2, 4]},
								"up": {"uv": [348, 262], "uv_size": [2, 2]},
								"down": {"uv": [348, 266], "uv_size": [2, -2]}
							}
						},
						{
							"origin": [4, 30.7622, -3.19642],
							"size": [1, 2, 1],
							"uv": {
								"north": {"uv": [324, 40], "uv_size": [2, 4]},
								"east": {"uv": [326, 40], "uv_size": [2, 4]},
								"south": {"uv": [116, 326], "uv_size": [2, 4]},
								"west": {"uv": [328, 40], "uv_size": [2, 4]},
								"up": {"uv": [348, 298], "uv_size": [2, 2]},
								"down": {"uv": [348, 302], "uv_size": [2, -2]}
							}
						},
						{
							"origin": [4, 31.7622, -10.19642],
							"size": [1, 2, 1],
							"uv": {
								"north": {"uv": [328, 92], "uv_size": [2, 4]},
								"east": {"uv": [328, 96], "uv_size": [2, 4]},
								"south": {"uv": [328, 100], "uv_size": [2, 4]},
								"west": {"uv": [328, 104], "uv_size": [2, 4]},
								"up": {"uv": [320, 348], "uv_size": [2, 2]},
								"down": {"uv": [350, 164], "uv_size": [2, -2]}
							}
						},
						{
							"origin": [4.25, 30.7622, -11.19642],
							"size": [1, 2, 1],
							"uv": {
								"north": {"uv": [328, 108], "uv_size": [2, 4]},
								"east": {"uv": [328, 112], "uv_size": [2, 4]},
								"south": {"uv": [328, 116], "uv_size": [2, 4]},
								"west": {"uv": [330, 40], "uv_size": [2, 4]},
								"up": {"uv": [210, 350], "uv_size": [2, 2]},
								"down": {"uv": [212, 352], "uv_size": [2, -2]}
							}
						},
						{
							"origin": [-4.75, 31.7622, -10.19642],
							"size": [1, 2, 1],
							"uv": {
								"north": {"uv": [116, 330], "uv_size": [2, 4]},
								"east": {"uv": [252, 330], "uv_size": [2, 4]},
								"south": {"uv": [254, 330], "uv_size": [2, 4]},
								"west": {"uv": [332, 40], "uv_size": [2, 4]},
								"up": {"uv": [350, 224], "uv_size": [2, 2]},
								"down": {"uv": [350, 228], "uv_size": [2, -2]}
							}
						},
						{
							"origin": [-5.75, 30.7622, -10.94642],
							"size": [1, 1, 1],
							"uv": {
								"north": {"uv": [350, 228], "uv_size": [2, 2]},
								"east": {"uv": [350, 262], "uv_size": [2, 2]},
								"south": {"uv": [350, 264], "uv_size": [2, 2]},
								"west": {"uv": [320, 350], "uv_size": [2, 2]},
								"up": {"uv": [352, 162], "uv_size": [2, 2]},
								"down": {"uv": [210, 354], "uv_size": [2, -2]}
							}
						},
						{
							"origin": [3.75, 32.7622, -12.19642],
							"size": [1, 2, 1],
							"uv": {
								"north": {"uv": [292, 332], "uv_size": [2, 4]},
								"east": {"uv": [294, 332], "uv_size": [2, 4]},
								"south": {"uv": [296, 332], "uv_size": [2, 4]},
								"west": {"uv": [334, 40], "uv_size": [2, 4]},
								"up": {"uv": [212, 352], "uv_size": [2, 2]},
								"down": {"uv": [352, 226], "uv_size": [2, -2]}
							}
						},
						{
							"origin": [2, 33.7622, -3.69642],
							"size": [1, 3, 1],
							"uv": {
								"north": {"uv": [282, 112], "uv_size": [2, 6]},
								"east": {"uv": [282, 118], "uv_size": [2, 6]},
								"south": {"uv": [190, 282], "uv_size": [2, 6]},
								"west": {"uv": [282, 210], "uv_size": [2, 6]},
								"up": {"uv": [352, 226], "uv_size": [2, 2]},
								"down": {"uv": [352, 230], "uv_size": [2, -2]}
							}
						},
						{
							"origin": [1, 34.7622, -3.69642],
							"size": [1, 3, 1],
							"uv": {
								"north": {"uv": [284, 112], "uv_size": [2, 6]},
								"east": {"uv": [284, 118], "uv_size": [2, 6]},
								"south": {"uv": [284, 210], "uv_size": [2, 6]},
								"west": {"uv": [214, 292], "uv_size": [2, 6]},
								"up": {"uv": [352, 262], "uv_size": [2, 2]},
								"down": {"uv": [352, 266], "uv_size": [2, -2]}
							}
						},
						{
							"origin": [0, 35.7622, -3.69642],
							"size": [1, 3, 1],
							"uv": {
								"north": {"uv": [214, 298], "uv_size": [2, 6]},
								"east": {"uv": [256, 298], "uv_size": [2, 6]},
								"south": {"uv": [258, 298], "uv_size": [2, 6]},
								"west": {"uv": [260, 298], "uv_size": [2, 6]},
								"up": {"uv": [320, 352], "uv_size": [2, 2]},
								"down": {"uv": [354, 164], "uv_size": [2, -2]}
							}
						},
						{
							"origin": [1, 32.7622, -2.69642],
							"size": [1, 2, 1],
							"uv": {
								"north": {"uv": [116, 334], "uv_size": [2, 4]},
								"east": {"uv": [252, 334], "uv_size": [2, 4]},
								"south": {"uv": [254, 334], "uv_size": [2, 4]},
								"west": {"uv": [334, 298], "uv_size": [2, 4]},
								"up": {"uv": [210, 354], "uv_size": [2, 2]},
								"down": {"uv": [212, 356], "uv_size": [2, -2]}
							}
						},
						{
							"origin": [0, 33.7622, -2.69642],
							"size": [1, 2, 1],
							"uv": {
								"north": {"uv": [336, 40], "uv_size": [2, 4]},
								"east": {"uv": [154, 336], "uv_size": [2, 4]},
								"south": {"uv": [156, 336], "uv_size": [2, 4]},
								"west": {"uv": [336, 298], "uv_size": [2, 4]},
								"up": {"uv": [354, 224], "uv_size": [2, 2]},
								"down": {"uv": [354, 228], "uv_size": [2, -2]}
							}
						},
						{
							"origin": [1, 30.7622, -1.69642],
							"size": [1, 2, 1],
							"uv": {
								"north": {"uv": [338, 140], "uv_size": [2, 4]},
								"east": {"uv": [338, 204], "uv_size": [2, 4]},
								"south": {"uv": [338, 262], "uv_size": [2, 4]},
								"west": {"uv": [338, 298], "uv_size": [2, 4]},
								"up": {"uv": [354, 228], "uv_size": [2, 2]},
								"down": {"uv": [354, 284], "uv_size": [2, -2]}
							}
						},
						{
							"origin": [1, 28.7622, -0.69642],
							"size": [1, 2, 1],
							"uv": {
								"north": {"uv": [320, 338], "uv_size": [2, 4]},
								"east": {"uv": [340, 140], "uv_size": [2, 4]},
								"south": {"uv": [340, 204], "uv_size": [2, 4]},
								"west": {"uv": [340, 262], "uv_size": [2, 4]},
								"up": {"uv": [354, 284], "uv_size": [2, 2]},
								"down": {"uv": [80, 358], "uv_size": [2, -2]}
							}
						},
						{
							"origin": [1, 27.7622, 0.30358],
							"size": [1, 1, 1],
							"uv": {
								"north": {"uv": [82, 356], "uv_size": [2, 2]},
								"east": {"uv": [84, 356], "uv_size": [2, 2]},
								"south": {"uv": [86, 356], "uv_size": [2, 2]},
								"west": {"uv": [88, 356], "uv_size": [2, 2]},
								"up": {"uv": [90, 356], "uv_size": [2, 2]},
								"down": {"uv": [356, 164], "uv_size": [2, -2]}
							}
						},
						{
							"origin": [0, 31.7622, -1.69642],
							"size": [1, 2, 1],
							"uv": {
								"north": {"uv": [340, 298], "uv_size": [2, 4]},
								"east": {"uv": [342, 140], "uv_size": [2, 4]},
								"south": {"uv": [186, 342], "uv_size": [2, 4]},
								"west": {"uv": [188, 342], "uv_size": [2, 4]},
								"up": {"uv": [210, 356], "uv_size": [2, 2]},
								"down": {"uv": [212, 358], "uv_size": [2, -2]}
							}
						},
						{
							"origin": [0, 29.7622, -0.69642],
							"size": [1, 2, 1],
							"uv": {
								"north": {"uv": [342, 204], "uv_size": [2, 4]},
								"east": {"uv": [342, 262], "uv_size": [2, 4]},
								"south": {"uv": [342, 298], "uv_size": [2, 4]},
								"west": {"uv": [320, 342], "uv_size": [2, 4]},
								"up": {"uv": [356, 224], "uv_size": [2, 2]},
								"down": {"uv": [356, 228], "uv_size": [2, -2]}
							}
						},
						{
							"origin": [1, 26.7622, 1.30358],
							"size": [1, 1, 1],
							"uv": {
								"north": {"uv": [356, 228], "uv_size": [2, 2]},
								"east": {"uv": [356, 282], "uv_size": [2, 2]},
								"south": {"uv": [356, 284], "uv_size": [2, 2]},
								"west": {"uv": [80, 358], "uv_size": [2, 2]},
								"up": {"uv": [82, 358], "uv_size": [2, 2]},
								"down": {"uv": [84, 360], "uv_size": [2, -2]}
							}
						},
						{
							"origin": [-2, 26.7622, 1.30358],
							"size": [1, 1, 1],
							"uv": {
								"north": {"uv": [86, 358], "uv_size": [2, 2]},
								"east": {"uv": [88, 358], "uv_size": [2, 2]},
								"south": {"uv": [90, 358], "uv_size": [2, 2]},
								"west": {"uv": [358, 136], "uv_size": [2, 2]},
								"up": {"uv": [358, 138], "uv_size": [2, 2]},
								"down": {"uv": [358, 164], "uv_size": [2, -2]}
							}
						},
						{
							"origin": [-2, 27.7622, 0.30358],
							"size": [1, 1, 1],
							"uv": {
								"north": {"uv": [210, 358], "uv_size": [2, 2]},
								"east": {"uv": [212, 358], "uv_size": [2, 2]},
								"south": {"uv": [358, 244], "uv_size": [2, 2]},
								"west": {"uv": [358, 246], "uv_size": [2, 2]},
								"up": {"uv": [358, 248], "uv_size": [2, 2]},
								"down": {"uv": [358, 284], "uv_size": [2, -2]}
							}
						},
						{
							"origin": [-2, 28.7622, -0.69642],
							"size": [1, 2, 1],
							"uv": {
								"north": {"uv": [8, 344], "uv_size": [2, 4]},
								"east": {"uv": [10, 344], "uv_size": [2, 4]},
								"south": {"uv": [12, 344], "uv_size": [2, 4]},
								"west": {"uv": [14, 344], "uv_size": [2, 4]},
								"up": {"uv": [358, 284], "uv_size": [2, 2]},
								"down": {"uv": [38, 362], "uv_size": [2, -2]}
							}
						},
						{
							"origin": [-2, 30.7622, -1.69642],
							"size": [1, 2, 1],
							"uv": {
								"north": {"uv": [16, 344], "uv_size": [2, 4]},
								"east": {"uv": [18, 344], "uv_size": [2, 4]},
								"south": {"uv": [20, 344], "uv_size": [2, 4]},
								"west": {"uv": [22, 344], "uv_size": [2, 4]},
								"up": {"uv": [96, 360], "uv_size": [2, 2]},
								"down": {"uv": [98, 362], "uv_size": [2, -2]}
							}
						},
						{
							"origin": [-2, 32.7622, -2.69642],
							"size": [1, 2, 1],
							"uv": {
								"north": {"uv": [24, 344], "uv_size": [2, 4]},
								"east": {"uv": [26, 344], "uv_size": [2, 4]},
								"south": {"uv": [28, 344], "uv_size": [2, 4]},
								"west": {"uv": [30, 344], "uv_size": [2, 4]},
								"up": {"uv": [360, 136], "uv_size": [2, 2]},
								"down": {"uv": [360, 140], "uv_size": [2, -2]}
							}
						},
						{
							"origin": [-2, 34.7622, -3.69642],
							"size": [1, 3, 1],
							"uv": {
								"north": {"uv": [214, 304], "uv_size": [2, 6]},
								"east": {"uv": [306, 92], "uv_size": [2, 6]},
								"south": {"uv": [306, 98], "uv_size": [2, 6]},
								"west": {"uv": [306, 104], "uv_size": [2, 6]},
								"up": {"uv": [360, 162], "uv_size": [2, 2]},
								"down": {"uv": [210, 362], "uv_size": [2, -2]}
							}
						}
					]
				},
				{
					"name": "mainhand",
					"parent": "body",
					"pivot": [-3.62342, 35.24155, -8.1441],
					"rotation": [42.13707, 21.91719, 11.74531],
					"cubes": [
						{
							"origin": [-5.83287, 32.62293, -21.55372],
							"size": [3, 4, 14],
							"uv": {
								"north": {"uv": [28, 388], "uv_size": [6, 8]},
								"east": {"uv": [306, 266], "uv_size": [28, 8]},
								"south": {"uv": [88, 388], "uv_size": [6, 8]},
								"west": {"uv": [368, 152], "uv_size": [28, 8]},
								"up": {"uv": [178, 122], "uv_size": [6, 28]},
								"down": {"uv": [256, 298], "uv_size": [6, -28]}
							}
						},
						{
							"origin": [-6.03287, 32.42293, -21.75372],
							"size": [3.4, 4.3, 14.3],
							"uv": {
								"north": {"uv": [392, 144], "uv_size": [6, 8]},
								"east": {"uv": [368, 346], "uv_size": [28, 8]},
								"south": {"uv": [184, 392], "uv_size": [6, 8]},
								"west": {"uv": [372, 274], "uv_size": [28, 8]},
								"up": {"uv": [292, 304], "uv_size": [6, 28]},
								"down": {"uv": [322, 120], "uv_size": [6, -28]}
							}
						}
					]
				},
				{
					"name": "RightHand",
					"parent": "mainhand",
					"pivot": [-3.375, 35.925, -19.975],
					"rotation": [-90, 0, 0]
				},
				{
					"name": "RightHandLocator",
					"parent": "RightHand",
					"pivot": [-3.375, 35.925, -18.975]
				},
				{
					"name": "offhand",
					"parent": "body",
					"pivot": [3, 34, -8],
					"rotation": [22.51347, -39.32499, -4.40328],
					"cubes": [
						{
							"origin": [-0.03132, 33.1, -26.76953],
							"size": [0.8, 0.8, 14],
							"pivot": [5.86868, 32, -21.76953],
							"rotation": [22.5, 0, 0],
							"uv": {
								"north": {"uv": [212, 360], "uv_size": [2, 2]},
								"east": {"uv": [306, 184], "uv_size": [28, 2]},
								"south": {"uv": [360, 244], "uv_size": [2, 2]},
								"west": {"uv": [306, 274], "uv_size": [28, 2]},
								"up": {"uv": [184, 122], "uv_size": [2, 28]},
								"down": {"uv": [116, 314], "uv_size": [2, -28]}
							}
						},
						{
							"origin": [-0.13132, 33, -26.76953],
							"size": [1, 1, 14],
							"pivot": [5.86868, 32, -21.76953],
							"rotation": [22.5, 0, 0],
							"uv": {
								"north": {"uv": [360, 246], "uv_size": [2, 2]},
								"east": {"uv": [306, 276], "uv_size": [28, 2]},
								"south": {"uv": [360, 248], "uv_size": [2, 2]},
								"west": {"uv": [350, 160], "uv_size": [28, 2]},
								"up": {"uv": [228, 288], "uv_size": [2, 28]},
								"down": {"uv": [230, 316], "uv_size": [2, -28]}
							}
						},
						{
							"origin": [-0.03132, 32, -26.76953],
							"size": [0.8, 1, 1],
							"pivot": [5.86868, 32, -21.76953],
							"rotation": [22.5, 0, 0],
							"uv": {
								"north": {"uv": [360, 282], "uv_size": [2, 2]},
								"east": {"uv": [360, 284], "uv_size": [2, 2]},
								"south": {"uv": [362, 16], "uv_size": [2, 2]},
								"west": {"uv": [362, 18], "uv_size": [2, 2]},
								"up": {"uv": [38, 362], "uv_size": [2, 2]},
								"down": {"uv": [96, 364], "uv_size": [2, -2]}
							}
						},
						{
							"origin": [-0.23132, 33, -26.76953],
							"size": [1.2, 1.1, 1],
							"pivot": [5.86868, 32, -21.76953],
							"rotation": [22.5, 0, 0],
							"uv": {
								"north": {"uv": [98, 362], "uv_size": [2, 2]},
								"east": {"uv": [362, 136], "uv_size": [2, 2]},
								"south": {"uv": [362, 138], "uv_size": [2, 2]},
								"west": {"uv": [362, 162], "uv_size": [2, 2]},
								"up": {"uv": [210, 362], "uv_size": [2, 2]},
								"down": {"uv": [212, 364], "uv_size": [2, -2]}
							}
						},
						{
							"origin": [-0.03132, 31, -28.76953],
							"size": [0.8, 1, 2],
							"pivot": [5.86868, 32, -21.76953],
							"rotation": [22.5, 0, 0],
							"uv": {
								"north": {"uv": [362, 244], "uv_size": [2, 2]},
								"east": {"uv": [270, 76], "uv_size": [4, 2]},
								"south": {"uv": [362, 246], "uv_size": [2, 2]},
								"west": {"uv": [270, 146], "uv_size": [4, 2]},
								"up": {"uv": [344, 140], "uv_size": [2, 4]},
								"down": {"uv": [344, 208], "uv_size": [2, -4]}
							}
						},
						{
							"origin": [-0.03132, 30, -29.76953],
							"size": [0.8, 1, 1],
							"pivot": [5.86868, 32, -21.76953],
							"rotation": [22.5, 0, 0],
							"uv": {
								"north": {"uv": [362, 248], "uv_size": [2, 2]},
								"east": {"uv": [362, 282], "uv_size": [2, 2]},
								"south": {"uv": [362, 284], "uv_size": [2, 2]},
								"west": {"uv": [346, 362], "uv_size": [2, 2]},
								"up": {"uv": [348, 362], "uv_size": [2, 2]},
								"down": {"uv": [364, 18], "uv_size": [2, -2]}
							}
						},
						{
							"origin": [-0.13132, 33, -31.76953],
							"size": [1, 1, 5],
							"pivot": [5.86868, 32, -21.76953],
							"rotation": [22.5, 0, 0],
							"uv": {
								"north": {"uv": [364, 18], "uv_size": [2, 2]},
								"east": {"uv": [80, 182], "uv_size": [10, 2]},
								"south": {"uv": [38, 364], "uv_size": [2, 2]},
								"west": {"uv": [248, 90], "uv_size": [10, 2]},
								"up": {"uv": [100, 108], "uv_size": [2, 10]},
								"down": {"uv": [120, 194], "uv_size": [2, -10]}
							}
						},
						{
							"origin": [-0.23132, 30.55585, -33.45461],
							"size": [1.2, 1, 1.2],
							"pivot": [5.86868, 32, -30.76953],
							"rotation": [45, 0, 0],
							"uv": {
								"north": {"uv": [112, 364], "uv_size": [2, 2]},
								"east": {"uv": [114, 364], "uv_size": [2, 2]},
								"south": {"uv": [364, 136], "uv_size": [2, 2]},
								"west": {"uv": [364, 138], "uv_size": [2, 2]},
								"up": {"uv": [364, 162], "uv_size": [2, 2]},
								"down": {"uv": [210, 366], "uv_size": [2, -2]}
							}
						},
						{
							"origin": [-0.23132, 32.55585, -33.45461],
							"size": [1.2, 1, 1.2],
							"pivot": [5.86868, 32, -30.76953],
							"rotation": [45, 0, 0],
							"uv": {
								"north": {"uv": [212, 364], "uv_size": [2, 2]},
								"east": {"uv": [364, 244], "uv_size": [2, 2]},
								"south": {"uv": [364, 246], "uv_size": [2, 2]},
								"west": {"uv": [364, 248], "uv_size": [2, 2]},
								"up": {"uv": [364, 282], "uv_size": [2, 2]},
								"down": {"uv": [364, 286], "uv_size": [2, -2]}
							}
						},
						{
							"origin": [-0.13132, 31.55585, -33.35461],
							"size": [1, 1, 1],
							"pivot": [5.86868, 32, -30.76953],
							"rotation": [45, 0, 0],
							"uv": {
								"north": {"uv": [346, 364], "uv_size": [2, 2]},
								"east": {"uv": [348, 364], "uv_size": [2, 2]},
								"south": {"uv": [366, 16], "uv_size": [2, 2]},
								"west": {"uv": [366, 18], "uv_size": [2, 2]},
								"up": {"uv": [38, 366], "uv_size": [2, 2]},
								"down": {"uv": [112, 368], "uv_size": [2, -2]}
							}
						},
						{
							"origin": [0.04025, 31.61522, -19.76953],
							"size": [3, 4, 14],
							"pivot": [-2.13132, 34, -17.76953],
							"rotation": [0, 22.5, 0],
							"uv": {
								"north": {"uv": [392, 188], "uv_size": [6, 8]},
								"east": {"uv": [374, 128], "uv_size": [28, 8]},
								"south": {"uv": [190, 392], "uv_size": [6, 8]},
								"west": {"uv": [364, 374], "uv_size": [28, 8]},
								"up": {"uv": [222, 324], "uv_size": [6, 28]},
								"down": {"uv": [204, 376], "uv_size": [6, -28]}
							}
						},
						{
							"origin": [-0.15975, 31.51522, -19.96953],
							"size": [3.4, 4.3, 14.3],
							"pivot": [-2.13132, 34, -17.76953],
							"rotation": [0, 22.5, 0],
							"uv": {
								"north": {"uv": [392, 196], "uv_size": [6, 8]},
								"east": {"uv": [376, 16], "uv_size": [28, 8]},
								"south": {"uv": [212, 392], "uv_size": [6, 8]},
								"west": {"uv": [376, 24], "uv_size": [28, 8]},
								"up": {"uv": [178, 374], "uv_size": [6, 28]},
								"down": {"uv": [322, 402], "uv_size": [6, -28]}
							}
						}
					]
				},
				{
					"name": "spall",
					"parent": "bone",
					"pivot": [17, 2, 35]
				},
				{
					"name": "leg7",
					"parent": "spall",
					"pivot": [11, 12, 16],
					"rotation": [-167.27445, -22.17513, 174.80176],
					"cubes": [
						{
							"origin": [8.76723, -0.98659, -21.3209],
							"size": [4, 26, 4],
							"pivot": [13.27699, 20.05274, -11.34232],
							"rotation": [-45, 0, 0],
							"uv": {
								"north": {"uv": [64, 288], "uv_size": [8, 52]},
								"east": {"uv": [92, 308], "uv_size": [8, 52]},
								"south": {"uv": [166, 320], "uv_size": [8, 52]},
								"west": {"uv": [322, 302], "uv_size": [8, 52]},
								"up": {"uv": [304, 388], "uv_size": [8, 8]},
								"down": {"uv": [312, 396], "uv_size": [8, -8]}
							}
						},
						{
							"origin": [7.76723, 25.36418, -10.52444],
							"size": [6, 6, 16],
							"pivot": [13.27699, 20.05274, -11.34232],
							"rotation": [22.5, 0, 0],
							"uv": {
								"north": {"uv": [248, 78], "uv_size": [12, 12]},
								"east": {"uv": [334, 286], "uv_size": [32, 12]},
								"south": {"uv": [286, 132], "uv_size": [12, 12]},
								"west": {"uv": [338, 250], "uv_size": [32, 12]},
								"up": {"uv": [116, 340], "uv_size": [12, 32]},
								"down": {"uv": [154, 372], "uv_size": [12, -32]}
							}
						},
						{
							"origin": [6.76723, 10.20538, 3.58212],
							"size": [8, 24, 8],
							"pivot": [13.27699, 23.05274, -5.34232],
							"rotation": [22.5, 0, 0],
							"uv": {
								"north": {"uv": [122, 158], "uv_size": [16, 48]},
								"east": {"uv": [162, 26], "uv_size": [16, 48]},
								"south": {"uv": [138, 164], "uv_size": [16, 48]},
								"west": {"uv": [154, 164], "uv_size": [16, 48]},
								"up": {"uv": [366, 282], "uv_size": [16, 16]},
								"down": {"uv": [38, 384], "uv_size": [16, -16]}
							}
						},
						{
							"origin": [5.71723, 18.92123, 10.62203],
							"size": [10, 10, 12],
							"pivot": [13.47699, 23.05274, -5.34232],
							"rotation": [-22.5, 0, 0],
							"uv": {
								"north": {"uv": [306, 164], "uv_size": [20, 20]},
								"east": {"uv": [258, 180], "uv_size": [24, 20]},
								"south": {"uv": [318, 20], "uv_size": [20, 20]},
								"west": {"uv": [258, 200], "uv_size": [24, 20]},
								"up": {"uv": [258, 220], "uv_size": [20, 24]},
								"down": {"uv": [80, 284], "uv_size": [20, -24]}
							}
						}
					]
				},
				{
					"name": "leg6",
					"parent": "spall",
					"pivot": [-13, 13, 17],
					"rotation": [-166.01778, 16.35397, -174.91246],
					"cubes": [
						{
							"origin": [-15.35196, -1.56781, -20.01831],
							"size": [4, 26, 4],
							"pivot": [-13.55479, 19.39253, -10.11872],
							"rotation": [-45, 0, 0],
							"uv": {
								"north": {"uv": [0, 324], "uv_size": [8, 52]},
								"east": {"uv": [72, 324], "uv_size": [8, 52]},
								"south": {"uv": [214, 324], "uv_size": [8, 52]},
								"west": {"uv": [330, 92], "uv_size": [8, 52]},
								"up": {"uv": [388, 354], "uv_size": [8, 8]},
								"down": {"uv": [388, 370], "uv_size": [8, -8]}
							}
						},
						{
							"origin": [-16.35196, 24.66121, -9.19763],
							"size": [6, 6, 16],
							"pivot": [-13.55479, 19.39253, -10.11872],
							"rotation": [22.5, 0, 0],
							"uv": {
								"north": {"uv": [80, 344], "uv_size": [12, 12]},
								"east": {"uv": [346, 164], "uv_size": [32, 12]},
								"south": {"uv": [22, 376], "uv_size": [12, 12]},
								"west": {"uv": [8, 348], "uv_size": [32, 12]},
								"up": {"uv": [280, 340], "uv_size": [12, 32]},
								"down": {"uv": [174, 374], "uv_size": [12, -32]}
							}
						},
						{
							"origin": [-17.35196, 9.50241, 4.90893],
							"size": [8, 24, 8],
							"pivot": [-13.55479, 22.39253, -4.11872],
							"rotation": [22.5, 0, 0],
							"uv": {
								"north": {"uv": [0, 168], "uv_size": [16, 48]},
								"east": {"uv": [16, 168], "uv_size": [16, 48]},
								"south": {"uv": [32, 168], "uv_size": [16, 48]},
								"west": {"uv": [48, 168], "uv_size": [16, 48]},
								"up": {"uv": [54, 368], "uv_size": [16, 16]},
								"down": {"uv": [368, 152], "uv_size": [16, -16]}
							}
						},
						{
							"origin": [-18.40196, 18.30377, 11.94884],
							"size": [10, 10, 12],
							"pivot": [-13.35479, 22.39253, -4.11872],
							"rotation": [-22.5, 0, 0],
							"uv": {
								"north": {"uv": [318, 246], "uv_size": [20, 20]},
								"east": {"uv": [118, 260], "uv_size": [24, 20]},
								"south": {"uv": [322, 0], "uv_size": [20, 20]},
								"west": {"uv": [142, 260], "uv_size": [24, 20]},
								"up": {"uv": [262, 78], "uv_size": [20, 24]},
								"down": {"uv": [262, 126], "uv_size": [20, -24]}
							}
						},
						{
							"origin": [-13.35196, 16.37989, -16.43384],
							"size": [0, 19, 17],
							"pivot": [-2.35479, 5.39253, -11.11872],
							"rotation": [-22.5, 0, 0],
							"uv": {
								"north": {"uv": [0, 0], "uv_size": [0, 38]},
								"east": {"uv": [0, 408], "uv_size": [2, 2]},
								"south": {"uv": [0, 0], "uv_size": [0, 38]},
								"west": {"uv": [34, 0], "uv_size": [34, 38]},
								"up": {"uv": [0, 0], "uv_size": [0, 34]},
								"down": {"uv": [0, 34], "uv_size": [0, -34]}
							}
						}
					]
				},
				{
					"name": "leg5",
					"parent": "spall",
					"pivot": [-11, 15, 9],
					"rotation": [-179.24268, 55.03558, 170.62997],
					"cubes": [
						{
							"origin": [-12.78079, -5.85619, -26.52774],
							"size": [4, 30, 4],
							"pivot": [-14.04224, 20.34738, -15.73643],
							"rotation": [-45, 0, 0],
							"uv": {
								"north": {"uv": [232, 256], "uv_size": [8, 60]},
								"east": {"uv": [166, 260], "uv_size": [8, 60]},
								"south": {"uv": [262, 244], "uv_size": [8, 60]},
								"west": {"uv": [0, 264], "uv_size": [8, 60]},
								"up": {"uv": [388, 382], "uv_size": [8, 8]},
								"down": {"uv": [390, 8], "uv_size": [8, -8]}
							}
						},
						{
							"origin": [-13.78079, 26.34683, -17.38131],
							"size": [6, 6, 18],
							"pivot": [-14.04224, 20.34738, -15.73643],
							"rotation": [22.5, 0, 0],
							"uv": {
								"north": {"uv": [376, 32], "uv_size": [12, 12]},
								"east": {"uv": [298, 278], "uv_size": [36, 12]},
								"south": {"uv": [376, 44], "uv_size": [12, 12]},
								"west": {"uv": [298, 290], "uv_size": [36, 12]},
								"up": {"uv": [216, 288], "uv_size": [12, 36]},
								"down": {"uv": [134, 336], "uv_size": [12, -36]}
							}
						},
						{
							"origin": [-14.78079, 11.18803, -1.27475],
							"size": [8, 24, 8],
							"pivot": [-14.04224, 23.34738, -9.73643],
							"rotation": [22.5, 0, 0],
							"uv": {
								"north": {"uv": [64, 168], "uv_size": [16, 48]},
								"east": {"uv": [170, 164], "uv_size": [16, 48]},
								"south": {"uv": [178, 26], "uv_size": [16, 48]},
								"west": {"uv": [178, 74], "uv_size": [16, 48]},
								"up": {"uv": [186, 368], "uv_size": [16, 16]},
								"down": {"uv": [368, 212], "uv_size": [16, -16]}
							}
						},
						{
							"origin": [-15.83079, 19.37515, 5.4142],
							"size": [10, 10, 12],
							"pivot": [-13.84224, 23.34738, -9.73643],
							"rotation": [-22.5, 0, 0],
							"uv": {
								"north": {"uv": [326, 164], "uv_size": [20, 20]},
								"east": {"uv": [262, 126], "uv_size": [24, 20]},
								"south": {"uv": [330, 144], "uv_size": [20, 20]},
								"west": {"uv": [8, 264], "uv_size": [24, 20]},
								"up": {"uv": [32, 264], "uv_size": [20, 24]},
								"down": {"uv": [52, 288], "uv_size": [20, -24]}
							}
						}
					]
				},
				{
					"name": "leg4",
					"parent": "spall",
					"pivot": [14, 14, 10],
					"rotation": [179.49737, -55.28991, -167.32423],
					"cubes": [
						{
							"origin": [11.22902, -5.88841, -24.57966],
							"size": [4, 30, 4],
							"pivot": [18.50364, 20.28224, -13.72884],
							"rotation": [-45, 0, 0],
							"uv": {
								"north": {"uv": [72, 264], "uv_size": [8, 60]},
								"east": {"uv": [270, 0], "uv_size": [8, 60]},
								"south": {"uv": [240, 270], "uv_size": [8, 60]},
								"west": {"uv": [270, 244], "uv_size": [8, 60]},
								"up": {"uv": [390, 8], "uv_size": [8, 8]},
								"down": {"uv": [390, 104], "uv_size": [8, -8]}
							}
						},
						{
							"origin": [10.22902, 26.34927, -15.36607],
							"size": [6, 6, 18],
							"pivot": [18.50364, 20.28224, -13.72884],
							"rotation": [22.5, 0, 0],
							"uv": {
								"north": {"uv": [376, 56], "uv_size": [12, 12]},
								"east": {"uv": [302, 44], "uv_size": [36, 12]},
								"south": {"uv": [376, 68], "uv_size": [12, 12]},
								"west": {"uv": [302, 56], "uv_size": [36, 12]},
								"up": {"uv": [146, 300], "uv_size": [12, 36]},
								"down": {"uv": [298, 338], "uv_size": [12, -36]}
							}
						},
						{
							"origin": [9.22902, 11.19047, 0.74049],
							"size": [8, 24, 8],
							"pivot": [18.50364, 23.28224, -7.72884],
							"rotation": [22.5, 0, 0],
							"uv": {
								"north": {"uv": [80, 184], "uv_size": [16, 48]},
								"east": {"uv": [96, 184], "uv_size": [16, 48]},
								"south": {"uv": [186, 122], "uv_size": [16, 48]},
								"west": {"uv": [186, 170], "uv_size": [16, 48]},
								"up": {"uv": [368, 298], "uv_size": [16, 16]},
								"down": {"uv": [368, 330], "uv_size": [16, -16]}
							}
						},
						{
							"origin": [8.17902, 19.3632, 7.3794],
							"size": [10, 10, 12],
							"pivot": [18.70364, 23.28224, -7.72884],
							"rotation": [-22.5, 0, 0],
							"uv": {
								"north": {"uv": [330, 210], "uv_size": [20, 20]},
								"east": {"uv": [192, 272], "uv_size": [24, 20]},
								"south": {"uv": [330, 302], "uv_size": [20, 20]},
								"west": {"uv": [274, 146], "uv_size": [24, 20]},
								"up": {"uv": [278, 0], "uv_size": [20, 24]},
								"down": {"uv": [278, 48], "uv_size": [20, -24]}
							}
						},
						{
							"origin": [13.22902, 17.43932, -21.00328],
							"size": [0, 19, 17],
							"pivot": [29.70364, 6.28224, -14.72884],
							"rotation": [-22.5, 0, 0],
							"uv": {
								"north": {"uv": [0, 0], "uv_size": [0, 38]},
								"east": {"uv": [0, 38], "uv_size": [34, 38]},
								"south": {"uv": [0, 0], "uv_size": [0, 38]},
								"west": {"uv": [0, 408], "uv_size": [2, 2]},
								"up": {"uv": [0, 0], "uv_size": [0, 34]},
								"down": {"uv": [0, 34], "uv_size": [0, -34]}
							}
						}
					]
				},
				{
					"name": "leg3",
					"parent": "spall",
					"pivot": [8, 13, 4.7],
					"rotation": [0.66992, -64.70755, 11.65687],
					"cubes": [
						{
							"origin": [5.5122, -7.7741, -32.09854],
							"size": [4, 30, 4],
							"pivot": [13.46347, 21.61367, -18.03059],
							"rotation": [-45, 0, 0],
							"uv": {
								"north": {"uv": [248, 270], "uv_size": [8, 60]},
								"east": {"uv": [278, 220], "uv_size": [8, 60]},
								"south": {"uv": [118, 280], "uv_size": [8, 60]},
								"west": {"uv": [126, 280], "uv_size": [8, 60]},
								"up": {"uv": [390, 104], "uv_size": [8, 8]},
								"down": {"uv": [390, 120], "uv_size": [8, -8]}
							}
						},
						{
							"origin": [4.5122, 29.4218, -23.8712],
							"size": [6, 6, 18],
							"pivot": [13.46347, 21.61367, -18.03059],
							"rotation": [22.5, 0, 0],
							"uv": {
								"north": {"uv": [70, 376], "uv_size": [12, 12]},
								"east": {"uv": [302, 68], "uv_size": [36, 12]},
								"south": {"uv": [376, 80], "uv_size": [12, 12]},
								"west": {"uv": [302, 80], "uv_size": [36, 12]},
								"up": {"uv": [256, 304], "uv_size": [12, 36]},
								"down": {"uv": [268, 340], "uv_size": [12, -36]}
							}
						},
						{
							"origin": [3.5122, 14.263, -7.76464],
							"size": [8, 24, 8],
							"pivot": [13.46347, 24.61367, -12.03059],
							"rotation": [22.5, 0, 0],
							"uv": {
								"north": {"uv": [194, 0], "uv_size": [16, 48]},
								"east": {"uv": [194, 48], "uv_size": [16, 48]},
								"south": {"uv": [202, 96], "uv_size": [16, 48]},
								"west": {"uv": [202, 144], "uv_size": [16, 48]},
								"up": {"uv": [368, 330], "uv_size": [16, 16]},
								"down": {"uv": [370, 260], "uv_size": [16, -16]}
							}
						},
						{
							"origin": [2.4622, 18.95354, -1.12572],
							"size": [10, 10, 12],
							"pivot": [13.66347, 24.61367, -12.03059],
							"rotation": [-22.5, 0, 0],
							"uv": {
								"north": {"uv": [330, 322], "uv_size": [20, 20]},
								"east": {"uv": [278, 48], "uv_size": [24, 20]},
								"south": {"uv": [334, 266], "uv_size": [20, 20]},
								"west": {"uv": [134, 280], "uv_size": [24, 20]},
								"up": {"uv": [278, 280], "uv_size": [20, 24]},
								"down": {"uv": [282, 92], "uv_size": [20, -24]}
							}
						}
					]
				},
				{
					"name": "leg2",
					"parent": "spall",
					"pivot": [-10, 12, 1],
					"rotation": [-2.48836, 79.95279, -12.44092],
					"cubes": [
						{
							"origin": [-10.93587, -8.22762, -34.44525],
							"size": [4, 30, 4],
							"pivot": [-13.05612, 20.72378, -20.9061],
							"rotation": [-45, 0, 0],
							"uv": {
								"north": {"uv": [158, 280], "uv_size": [8, 60]},
								"east": {"uv": [174, 282], "uv_size": [8, 60]},
								"south": {"uv": [182, 282], "uv_size": [8, 60]},
								"west": {"uv": [8, 284], "uv_size": [8, 60]},
								"up": {"uv": [390, 120], "uv_size": [8, 8]},
								"down": {"uv": [390, 290], "uv_size": [8, -8]}
							}
						},
						{
							"origin": [-11.93587, 28.21035, -26.1412],
							"size": [6, 6, 18],
							"pivot": [-13.05612, 20.72378, -20.9061],
							"rotation": [22.5, 0, 0],
							"uv": {
								"north": {"uv": [82, 376], "uv_size": [12, 12]},
								"east": {"uv": [302, 186], "uv_size": [36, 12]},
								"south": {"uv": [128, 376], "uv_size": [12, 12]},
								"west": {"uv": [302, 198], "uv_size": [36, 12]},
								"up": {"uv": [280, 304], "uv_size": [12, 36]},
								"down": {"uv": [306, 266], "uv_size": [12, -36]}
							}
						},
						{
							"origin": [-12.93587, 13.05155, -10.03464],
							"size": [8, 24, 8],
							"pivot": [-13.05612, 23.72378, -14.9061],
							"rotation": [22.5, 0, 0],
							"uv": {
								"north": {"uv": [202, 192], "uv_size": [16, 48]},
								"east": {"uv": [112, 206], "uv_size": [16, 48]},
								"south": {"uv": [210, 0], "uv_size": [16, 48]},
								"west": {"uv": [210, 48], "uv_size": [16, 48]},
								"up": {"uv": [112, 372], "uv_size": [16, 16]},
								"down": {"uv": [146, 388], "uv_size": [16, -16]}
							}
						},
						{
							"origin": [-13.98587, 18.26443, -3.34569],
							"size": [10, 10, 12],
							"pivot": [-12.85612, 23.72378, -14.9061],
							"rotation": [-22.5, 0, 0],
							"uv": {
								"north": {"uv": [134, 336], "uv_size": [20, 20]},
								"east": {"uv": [282, 92], "uv_size": [24, 20]},
								"south": {"uv": [338, 20], "uv_size": [20, 20]},
								"west": {"uv": [282, 166], "uv_size": [24, 20]},
								"up": {"uv": [282, 186], "uv_size": [20, 24]},
								"down": {"uv": [80, 308], "uv_size": [20, -24]}
							}
						},
						{
							"origin": [-8.93587, 16.34055, -31.72837],
							"size": [0, 19, 17],
							"pivot": [-1.85612, 6.72378, -21.9061],
							"rotation": [-22.5, 0, 0],
							"uv": {
								"north": {"uv": [0, 0], "uv_size": [0, 38]},
								"east": {"uv": [0, 408], "uv_size": [2, 2]},
								"south": {"uv": [0, 0], "uv_size": [0, 38]},
								"west": {"uv": [68, 38], "uv_size": [34, 38]},
								"up": {"uv": [0, 0], "uv_size": [0, 34]},
								"down": {"uv": [0, 34], "uv_size": [0, -34]}
							}
						}
					]
				},
				{
					"name": "leg1",
					"parent": "spall",
					"pivot": [9, 12, 0],
					"rotation": [0, -40, 0],
					"cubes": [
						{
							"origin": [4.88281, 11.4641, -10.88564],
							"size": [8, 24, 8],
							"pivot": [7.31166, 18, -23.55387],
							"rotation": [22.5, 0, 0],
							"uv": {
								"north": {"uv": [128, 212], "uv_size": [16, 48]},
								"east": {"uv": [144, 212], "uv_size": [16, 48]},
								"south": {"uv": [160, 212], "uv_size": [16, 48]},
								"west": {"uv": [0, 216], "uv_size": [16, 48]},
								"up": {"uv": [372, 176], "uv_size": [16, 16]},
								"down": {"uv": [372, 228], "uv_size": [16, -16]}
							}
						},
						{
							"origin": [3.83281, 18.71589, -10.25367],
							"size": [10, 10, 12],
							"pivot": [7.51166, 18, -23.55387],
							"rotation": [-22.5, 0, 0],
							"uv": {
								"north": {"uv": [338, 40], "uv_size": [20, 20]},
								"east": {"uv": [286, 112], "uv_size": [24, 20]},
								"south": {"uv": [338, 60], "uv_size": [20, 20]},
								"west": {"uv": [286, 210], "uv_size": [24, 20]},
								"up": {"uv": [286, 230], "uv_size": [20, 24]},
								"down": {"uv": [286, 278], "uv_size": [20, -24]}
							}
						}
					]
				},
				{
					"name": "bone2",
					"parent": "leg1",
					"pivot": [7.31166, 30, -16.55387],
					"cubes": [
						{
							"origin": [5.88281, 16.31955, -36.09882],
							"size": [6, 18, 6],
							"pivot": [7.31166, 15, -21.55387],
							"rotation": [-45, 0, 0],
							"uv": {
								"north": {"uv": [80, 308], "uv_size": [12, 36]},
								"east": {"uv": [310, 92], "uv_size": [12, 36]},
								"south": {"uv": [310, 302], "uv_size": [12, 36]},
								"west": {"uv": [190, 312], "uv_size": [12, 36]},
								"up": {"uv": [202, 376], "uv_size": [12, 12]},
								"down": {"uv": [238, 388], "uv_size": [12, -12]}
							}
						},
						{
							"origin": [8.88281, 14, -26.48969],
							"size": [0, 19, 17],
							"uv": {
								"north": {"uv": [0, 0], "uv_size": [0, 38]},
								"east": {"uv": [0, 76], "uv_size": [34, 38]},
								"south": {"uv": [0, 0], "uv_size": [0, 38]},
								"west": {"uv": [0, 408], "uv_size": [2, 2]},
								"up": {"uv": [0, 0], "uv_size": [0, 34]},
								"down": {"uv": [0, 34], "uv_size": [0, -34]}
							}
						},
						{
							"origin": [6.88281, -7.49068, -33.56248],
							"size": [4, 30, 4],
							"pivot": [7.31166, 15, -21.55387],
							"rotation": [-22.5, 0, 0],
							"uv": {
								"north": {"uv": [16, 284], "uv_size": [8, 60]},
								"east": {"uv": [24, 284], "uv_size": [8, 60]},
								"south": {"uv": [100, 286], "uv_size": [8, 60]},
								"west": {"uv": [108, 286], "uv_size": [8, 60]},
								"up": {"uv": [390, 290], "uv_size": [8, 8]},
								"down": {"uv": [388, 398], "uv_size": [8, -8]}
							}
						}
					]
				},
				{
					"name": "leg0",
					"parent": "spall",
					"pivot": [-10, 15, -4],
					"rotation": [0, 47.5, 0],
					"cubes": [
						{
							"origin": [-15.87262, 11.60257, -11.38451],
							"size": [8, 24, 8],
							"pivot": [-7.92351, 18, -23.71846],
							"rotation": [22.5, 0, 0],
							"uv": {
								"north": {"uv": [16, 216], "uv_size": [16, 48]},
								"east": {"uv": [32, 216], "uv_size": [16, 48]},
								"south": {"uv": [48, 216], "uv_size": [16, 48]},
								"west": {"uv": [64, 216], "uv_size": [16, 48]},
								"up": {"uv": [222, 372], "uv_size": [16, 16]},
								"down": {"uv": [372, 244], "uv_size": [16, -16]}
							}
						},
						{
							"origin": [-16.92262, 18.57743, -10.75254],
							"size": [10, 10, 12],
							"pivot": [-7.72351, 18, -23.71846],
							"rotation": [-22.5, 0, 0],
							"uv": {
								"north": {"uv": [338, 80], "uv_size": [20, 20]},
								"east": {"uv": [190, 292], "uv_size": [24, 20]},
								"south": {"uv": [338, 100], "uv_size": [20, 20]},
								"west": {"uv": [298, 0], "uv_size": [24, 20]},
								"up": {"uv": [298, 20], "uv_size": [20, 24]},
								"down": {"uv": [298, 156], "uv_size": [20, -24]}
							}
						}
					]
				},
				{
					"name": "bone3",
					"parent": "leg0",
					"pivot": [-7.92351, 29, -19.71846],
					"cubes": [
						{
							"origin": [-13.87262, -7.62914, -34.06134],
							"size": [4, 30, 4],
							"pivot": [-7.92351, 15, -21.71846],
							"rotation": [-22.5, 0, 0],
							"uv": {
								"north": {"uv": [32, 288], "uv_size": [8, 60]},
								"east": {"uv": [40, 288], "uv_size": [8, 60]},
								"south": {"uv": [48, 288], "uv_size": [8, 60]},
								"west": {"uv": [56, 288], "uv_size": [8, 60]},
								"up": {"uv": [0, 392], "uv_size": [8, 8]},
								"down": {"uv": [392, 144], "uv_size": [8, -8]}
							}
						},
						{
							"origin": [-14.87262, 16.06371, -36.51926],
							"size": [6, 18, 6],
							"pivot": [-7.92351, 15, -21.71846],
							"rotation": [-45, 0, 0],
							"uv": {
								"north": {"uv": [202, 312], "uv_size": [12, 36]},
								"east": {"uv": [228, 316], "uv_size": [12, 36]},
								"south": {"uv": [318, 128], "uv_size": [12, 36]},
								"west": {"uv": [318, 210], "uv_size": [12, 36]},
								"up": {"uv": [250, 376], "uv_size": [12, 12]},
								"down": {"uv": [378, 12], "uv_size": [12, -12]}
							}
						}
					]
				},
				{
					"name": "spider_body",
					"parent": "spall",
					"pivot": [0, 17, -7],
					"rotation": [-7.5, 0, 0],
					"cubes": [
						{
							"origin": [-8, 9.72685, -12.14425],
							"size": [8, 16, 9],
							"pivot": [4, 14.39081, 11.21971],
							"rotation": [-22.5, 0, 0],
							"uv": {
								"north": {"uv": [176, 250], "uv_size": [16, 32]},
								"east": {"uv": [240, 148], "uv_size": [18, 32]},
								"south": {"uv": [102, 254], "uv_size": [16, 32]},
								"west": {"uv": [240, 180], "uv_size": [18, 32]},
								"up": {"uv": [162, 74], "uv_size": [16, 18]},
								"down": {"uv": [100, 364], "uv_size": [16, -18]}
							}
						},
						{
							"origin": [-13, 14.39081, -3.78029],
							"size": [13, 16, 17],
							"uv": {
								"north": {"uv": [64, 136], "uv_size": [26, 32]},
								"east": {"uv": [68, 76], "uv_size": [34, 32]},
								"south": {"uv": [136, 68], "uv_size": [26, 32]},
								"west": {"uv": [102, 0], "uv_size": [34, 32]},
								"up": {"uv": [100, 124], "uv_size": [26, 34]},
								"down": {"uv": [126, 158], "uv_size": [26, -34]}
							}
						},
						{
							"origin": [0, 14.39081, -3.78029],
							"size": [13, 16, 17],
							"uv": {
								"north": {"uv": [90, 136], "uv_size": [-26, 32]},
								"east": {"uv": [136, 0], "uv_size": [-34, 32]},
								"south": {"uv": [162, 68], "uv_size": [-26, 32]},
								"west": {"uv": [102, 76], "uv_size": [-34, 32]},
								"up": {"uv": [126, 124], "uv_size": [-26, 34]},
								"down": {"uv": [152, 158], "uv_size": [-26, -34]}
							}
						},
						{
							"origin": [-11, 11.79081, -4.18029],
							"size": [11, 13, 16],
							"pivot": [4, 6.79081, 11.21971],
							"rotation": [-45, 0, 0],
							"uv": {
								"north": {"uv": [240, 244], "uv_size": [22, 26]},
								"east": {"uv": [0, 142], "uv_size": [32, 26]},
								"south": {"uv": [248, 0], "uv_size": [22, 26]},
								"west": {"uv": [32, 142], "uv_size": [32, 26]},
								"up": {"uv": [218, 96], "uv_size": [22, 32]},
								"down": {"uv": [218, 160], "uv_size": [22, -32]}
							}
						},
						{
							"origin": [0, 11.79081, -4.18029],
							"size": [11, 13, 16],
							"pivot": [-4, 6.79081, 11.21971],
							"rotation": [-45, 0, 0],
							"uv": {
								"north": {"uv": [262, 244], "uv_size": [-22, 26]},
								"east": {"uv": [64, 142], "uv_size": [-32, 26]},
								"south": {"uv": [270, 0], "uv_size": [-22, 26]},
								"west": {"uv": [32, 142], "uv_size": [-32, 26]},
								"up": {"uv": [240, 96], "uv_size": [-22, 32]},
								"down": {"uv": [240, 160], "uv_size": [-22, -32]}
							}
						},
						{
							"origin": [-9, 3.19081, 18.01971],
							"size": [9, 10, 10],
							"pivot": [4, 6.79081, 11.21971],
							"rotation": [22.5, 0, 0],
							"uv": {
								"north": {"uv": [134, 100], "uv_size": [18, 20]},
								"east": {"uv": [338, 120], "uv_size": [20, 20]},
								"south": {"uv": [40, 348], "uv_size": [18, 20]},
								"west": {"uv": [338, 184], "uv_size": [20, 20]},
								"up": {"uv": [186, 348], "uv_size": [18, 20]},
								"down": {"uv": [350, 160], "uv_size": [18, -20]}
							}
						},
						{
							"origin": [0, 3.19081, 18.01971],
							"size": [9, 10, 10],
							"pivot": [-4, 6.79081, 11.21971],
							"rotation": [22.5, 0, 0],
							"uv": {
								"north": {"uv": [152, 100], "uv_size": [-18, 20]},
								"east": {"uv": [358, 184], "uv_size": [-20, 20]},
								"south": {"uv": [58, 348], "uv_size": [-18, 20]},
								"west": {"uv": [358, 120], "uv_size": [-20, 20]},
								"up": {"uv": [204, 348], "uv_size": [-18, 20]},
								"down": {"uv": [368, 160], "uv_size": [-18, -20]}
							}
						},
						{
							"origin": [0, 9.72685, -12.14425],
							"size": [8, 16, 9],
							"pivot": [22, 14.39081, 11.21971],
							"rotation": [-22.5, 0, 0],
							"uv": {
								"north": {"uv": [216, 256], "uv_size": [16, 32]},
								"east": {"uv": [198, 240], "uv_size": [18, 32]},
								"south": {"uv": [258, 148], "uv_size": [16, 32]},
								"west": {"uv": [240, 212], "uv_size": [18, 32]},
								"up": {"uv": [358, 100], "uv_size": [16, 18]},
								"down": {"uv": [358, 136], "uv_size": [16, -18]}
							}
						},
						{
							"origin": [0, 9.39081, -11.78029],
							"size": [7, 10, 0],
							"uv": {
								"north": {"uv": [58, 348], "uv_size": [14, 20]},
								"east": {"uv": [0, 0], "uv_size": [0, 20]},
								"south": {"uv": [0, 408], "uv_size": [2, 2]},
								"west": {"uv": [0, 0], "uv_size": [0, 20]},
								"up": {"uv": [0, 0], "uv_size": [14, 0]},
								"down": {"uv": [0, 0], "uv_size": [14, 0]}
							}
						},
						{
							"origin": [-1, 6.39081, -0.78029],
							"size": [7, 10, 0],
							"uv": {
								"north": {"uv": [358, 224], "uv_size": [14, 20]},
								"east": {"uv": [0, 0], "uv_size": [0, 20]},
								"south": {"uv": [0, 408], "uv_size": [2, 2]},
								"west": {"uv": [0, 0], "uv_size": [0, 20]},
								"up": {"uv": [0, 0], "uv_size": [14, 0]},
								"down": {"uv": [0, 0], "uv_size": [14, 0]}
							}
						},
						{
							"origin": [-7, 7.39081, -7.78029],
							"size": [7, 10, 0],
							"uv": {
								"north": {"uv": [350, 358], "uv_size": [14, 20]},
								"east": {"uv": [0, 0], "uv_size": [0, 20]},
								"south": {"uv": [0, 408], "uv_size": [2, 2]},
								"west": {"uv": [0, 0], "uv_size": [0, 20]},
								"up": {"uv": [0, 0], "uv_size": [14, 0]},
								"down": {"uv": [0, 0], "uv_size": [14, 0]}
							}
						}
					]
				},
				{
					"name": "s2",
					"parent": "spider_body",
					"pivot": [0.5, 19.752, -5.49634],
					"rotation": [77.5, 0, 0],
					"cubes": [
						{
							"origin": [-6.75, -9.748, -5.49634],
							"size": [14.5, 31, 0],
							"uv": {
								"north": {"uv": [0, 402], "uv_size": [2, 2]},
								"east": {"uv": [0, 402], "uv_size": [2, 2]},
								"south": {"uv": [40, 402], "uv_size": [30, 62]},
								"west": {"uv": [0, 402], "uv_size": [2, 2]},
								"up": {"uv": [2, 404], "uv_size": [-2, -2]},
								"down": {"uv": [2, 404], "uv_size": [-2, -2]}
							}
						}
					]
				},
				{
					"name": "s3",
					"parent": "s2",
					"pivot": [0.5, 19.752, -5.49634],
					"cubes": [
						{
							"origin": [-6.75, -9.748, -5.49634],
							"size": [14.5, 31, 0],
							"uv": {
								"north": {"uv": [0, 402], "uv_size": [2, 2]},
								"east": {"uv": [0, 402], "uv_size": [2, 2]},
								"south": {"uv": [40, 402], "uv_size": [30, 62]},
								"west": {"uv": [0, 402], "uv_size": [2, 2]},
								"up": {"uv": [2, 404], "uv_size": [-2, -2]},
								"down": {"uv": [2, 404], "uv_size": [-2, -2]}
							}
						}
					]
				},
				{
					"name": "s",
					"parent": "spider_body",
					"pivot": [0.5, 6.41773, 19.23051],
					"rotation": [20, 0, 0],
					"cubes": [
						{
							"origin": [-6.75, -25.748, 27.50366],
							"size": [14.5, 31, 0],
							"pivot": [0, 0.252, 22.50366],
							"rotation": [77.5, 0, 0],
							"uv": {
								"north": {"uv": [0, 402], "uv_size": [2, 2]},
								"east": {"uv": [0, 402], "uv_size": [2, 2]},
								"south": {"uv": [2, 402], "uv_size": [30, 62]},
								"west": {"uv": [0, 402], "uv_size": [2, 2]},
								"up": {"uv": [2, 404], "uv_size": [-2, -2]},
								"down": {"uv": [2, 404], "uv_size": [-2, -2]}
							}
						}
					]
				},
				{
					"name": "LeftHand",
					"parent": "s",
					"pivot": [0.375, -0.075, 47.025],
					"rotation": [-90, 0, 0]
				},
				{
					"name": "LeftHandLocator",
					"parent": "LeftHand",
					"pivot": [0.375, -3.075, 43.025],
					"rotation": [45, 67.5, 0]
				}
			]
		}
	]
}