{
	"format_version": "1.8.0",
	"animations": {
		"attacked": {
			"animation_length": 0.45833,
			"bones": {
				"Root": {
					"rotation": {
						"0.0": [0, 0, 0],
						"0.0417": [0, 2.96, 0],
						"0.0833": [0, 7.04, 0],
						"0.125": [0, 10, 0],
						"0.1667": [0, 11.25, 0],
						"0.2083": [0, 10, 0],
						"0.25": [0, 8.48, 0],
						"0.2917": [0, 6.24, 0],
						"0.3333": [0, 3.76, 0],
						"0.375": [0, 1.52, 0],
						"0.4167": [0, 0, 0],
						"0.4583": [0, 0, 0]
					},
					"position": {
						"0.0": [0, -1, 0],
						"0.0417": [0, -1.44, 2.17],
						"0.0833": [0, -2.11, 4.63],
						"0.125": [0, -4, 7],
						"0.1667": [0, -4.18, 7.27],
						"0.2083": [0, -4, 7],
						"0.25": [0, -3.63, 6.31],
						"0.2917": [0, -3, 5],
						"0.3333": [0, -2.33, 3.37],
						"0.375": [0, -1.56, 1.41],
						"0.4167": [0, -1, 0],
						"0.4583": [0, -1, 0]
					}
				},
				"UpBody": {
					"rotation": {
						"0.0": [0, 0, 0],
						"0.0417": [22.52, 2.31, 0.96],
						"0.0833": [20.37, 4.23, 1.12],
						"0.125": [14.05, 6.46, 1.18],
						"0.1667": [7.56, 7.44, 0.98],
						"0.2083": [-2.13, 4.74, -0.23],
						"0.25": [-8.85, 1.24, -1.28],
						"0.2917": [-8.21, 0.55, -1.18],
						"0.3333": [-5.45, 0.23, -0.78],
						"0.375": [-2.18, 0.11, -0.31],
						"0.4167": [0, 0, 0],
						"0.4583": [0, 0, 0]
					},
					"position": [0, 0, 0]
				},
				"UpperBody": {
					"rotation": {
						"0.0": [0, 0, 0],
						"0.0417": [15.01, 2.41, 0.65],
						"0.0833": [12.61, 1.95, 0.67],
						"0.125": [7.15, 0.93, 0.6],
						"0.1667": [2.51, -0.08, 0.54],
						"0.2083": [0.17, -1.49, 0.48],
						"0.25": [-2.49, -2.58, 0.43],
						"0.2917": [-11.4, -2.9, 0.45],
						"0.3333": [-17.49, -2.58, 0.43],
						"0.375": [-9.68, -1.29, 0.21],
						"0.4167": [0, 0, 0],
						"0.4583": [0, 0, 0]
					},
					"position": [0, 0, 0]
				},
				"LeftArm": {
					"rotation": {
						"0.0": [0, 0, 0],
						"0.0417": [-24.89, -3.96, -3.05],
						"0.0833": [-67.5, 0, 0],
						"0.125": [-40.78, -1.78, -11.04],
						"0.1667": [-4.42, -3.41, -22.14],
						"0.2083": [10.29, -2.17, -23.44],
						"0.25": [21.86, 0.02, -21.99],
						"0.2917": [30.14, 1.69, -19.52],
						"0.3333": [37.01, 2.36, -13.95],
						"0.375": [35.16, 2.13, -7.73],
						"0.4167": [17.89, 1.09, -3.13],
						"0.4583": [0, 0, 0]
					},
					"position": [0, 0, 0]
				},
				"LeftForeArm": {
					"rotation": {
						"0.0": [0, 0, 0],
						"0.0417": [-42.5, 0, 0],
						"0.0833": [-17.5, 0, 0],
						"0.125": [-43.5, 3.91, -6.97],
						"0.1667": [-65.75, 6.28, -13.65],
						"0.2083": [-53.39, 2.96, -14.55],
						"0.25": [-29.54, -2.42, -13.67],
						"0.2917": [-10.75, -6, -11.32],
						"0.3333": [-2.74, -4.93, -3.14],
						"0.375": [-1.43, -2.06, 4.23],
						"0.4167": [-0.13, -0.79, 3.09],
						"0.4583": [0, 0, 0]
					},
					"position": [0, 0, 0]
				},
				"RightArm": {
					"rotation": {
						"0.0": [0, 0, 0],
						"0.0417": [-67.42, -4.62, -1.92],
						"0.0833": [-87.42, -4.62, -1.92],
						"0.125": [-85.46, -12.41, 20.41],
						"0.1667": [-76.62, -20.2, 42.74],
						"0.2083": [-67, -22.1, 47.63],
						"0.25": [-54.68, -22.27, 47.56],
						"0.2917": [-41.62, -20.2, 42.74],
						"0.3333": [-26.71, -14.22, 30.09],
						"0.375": [-11.05, -5.99, 12.68],
						"0.4167": [0, 0, 0],
						"0.4583": [0, 0, 0]
					},
					"position": [0, 0, 0]
				},
				"RightForeArm": {
					"rotation": {
						"0.0": [0, 0, 0],
						"0.0417": [0, 0, 0],
						"0.0833": [0, 0, -1.26],
						"0.125": [0, 0, -3.18],
						"0.1667": [0, 0, -5.22],
						"0.2083": [0, 0, -6.84],
						"0.25": [0, 0, -7.5],
						"0.2917": [0, 0, -6.5],
						"0.3333": [0, 0, -4.22],
						"0.375": [0, 0, -1.7],
						"0.4167": [0, 0, 0],
						"0.4583": [0, 0, 0]
					},
					"position": [0, 0, 0]
				},
				"LeftLeg": {
					"rotation": {
						"0.0": [0, 0, 0],
						"0.0417": [-20, -5, 0],
						"0.0833": [-31.4, -7.38, -1.83],
						"0.125": [-40.15, -9.22, -3.6],
						"0.1667": [-38.86, -9.84, -3.08],
						"0.2083": [-38.69, -9.08, -1.7],
						"0.25": [-37.76, -7.76, -0.34],
						"0.2917": [-35.86, -5.95, 0.04],
						"0.3333": [-30.31, -3.91, 0.07],
						"0.375": [-14.69, -1.71, 0.06],
						"0.4167": [0, 0, 0],
						"0.4583": [0, 0, 0]
					},
					"position": {
						"0.0": [0, 0, 0],
						"0.0417": [0, 0, 0],
						"0.0833": [0, 0, 0],
						"0.125": [0, 0, 0],
						"0.1667": [0, 0, 0],
						"0.2083": [0, 0, 0],
						"0.25": [0, 0, 0],
						"0.2917": [0, 0, 0],
						"0.3333": [0, 0, 0],
						"0.375": [0, 0, 0],
						"0.4167": [0, 0, 0],
						"0.4583": [0, 0, 0]
					}
				},
				"LeftLowerLeg": {
					"rotation": {
						"0.0": [0, 0, 0],
						"0.0417": [35, 0, 0],
						"0.0833": [50.73, -0.09, 0.12],
						"0.125": [62.15, -0.18, 0.24],
						"0.1667": [62.5, -0.26, 0.27],
						"0.2083": [63.16, -0.29, 0.28],
						"0.25": [62.5, -0.26, 0.27],
						"0.2917": [60.64, -0.06, 0.22],
						"0.3333": [52.25, 0.13, 0.15],
						"0.375": [25.48, 0.09, 0.07],
						"0.4167": [0, 0, 0],
						"0.4583": [0, 0, 0]
					},
					"position": {
						"0.0": [0, 0, 0],
						"0.0417": [0, 0, 0],
						"0.0833": [0, 0, 0],
						"0.125": [0, 0, 0],
						"0.1667": [0, 0, 0],
						"0.2083": [0, 0, 0],
						"0.25": [0, 0, 0],
						"0.2917": [0, 0, 0],
						"0.3333": [0, 0, 0],
						"0.375": [0, 0, 0],
						"0.4167": [0, 0, 0],
						"0.4583": [0, 0, 0]
					}
				},
				"LeftFoot": {
					"rotation": {
						"0.0": [0, 0, 0],
						"0.0417": [-10, 0, 0],
						"0.0833": [-9.26, 0, 0.02],
						"0.125": [-6.85, 0, 0.05],
						"0.1667": [-5, 0, 0.07],
						"0.2083": [-4.15, 0.01, 0.07],
						"0.25": [-5, 0, 0.07],
						"0.2917": [-10.12, -0.06, 0.11],
						"0.3333": [-13.55, -0.1, 0.13],
						"0.375": [-7.31, -0.06, 0.07],
						"0.4167": [0, 0, 0],
						"0.4583": [0, 0, 0]
					},
					"position": {
						"0.0": [0, 0, 0],
						"0.0417": [0, 0, 0],
						"0.0833": [0, 0, 0],
						"0.125": [0, 0, 0],
						"0.1667": [0, 0, 0],
						"0.2083": [0, 0, 0],
						"0.25": [0, 0, 0],
						"0.2917": [0, 0, 0],
						"0.3333": [0, 0, 0],
						"0.375": [0, 0, 0],
						"0.4167": [0, 0, 0],
						"0.4583": [0, 0, 0]
					}
				},
				"RightLeg": {
					"rotation": {
						"0.0": [0, 0, 0],
						"0.0417": [-25.14, -7.15, 2.27],
						"0.0833": [-20.22, -9.1, 0.23],
						"0.125": [22.99, -9.7, -1.47],
						"0.1667": [27.18, -8.8, -0.07],
						"0.2083": [26.71, -7.43, 2.07],
						"0.25": [24.21, -6.11, 3.49],
						"0.2917": [16.21, -4.42, 3.21],
						"0.3333": [7.18, -2.83, 2.06],
						"0.375": [2.53, -1.21, 0.94],
						"0.4167": [0, 0, 0],
						"0.4583": [0, 0, 0]
					},
					"position": {
						"0.0": [0, 0, 0],
						"0.0417": [0, 0, 0],
						"0.0833": [0, 0, 0],
						"0.125": [0, 0, 0],
						"0.1667": [0, 0, 0],
						"0.2083": [0, 0, 0],
						"0.25": [0, 0, 0],
						"0.2917": [0, 0, 0],
						"0.3333": [0, 0, 0],
						"0.375": [0, 0, 0],
						"0.4167": [0, 0, 0],
						"0.4583": [0, 0, 0]
					}
				},
				"RightLowerLeg": {
					"rotation": {
						"0.0": [0, 0, 0],
						"0.0417": [15, 0, 0],
						"0.0833": [7.12, -0.3, 0.03],
						"0.125": [37.49, -0.6, 0.06],
						"0.1667": [39.73, -0.65, 0.08],
						"0.2083": [38.7, -0.67, 0.1],
						"0.25": [38.49, -0.65, 0.11],
						"0.2917": [45.64, -0.51, 0.09],
						"0.3333": [46.81, -0.33, 0.06],
						"0.375": [23.92, -0.14, 0.03],
						"0.4167": [0, 0, 0],
						"0.4583": [0, 0, 0]
					},
					"position": {
						"0.0": [0, 0, 0],
						"0.0417": [0, 0, 0],
						"0.0833": [0, 0, 0],
						"0.125": [0, 0, 0],
						"0.1667": [0, 0, 0],
						"0.2083": [0, 0, 0],
						"0.25": [0, 0, 0],
						"0.2917": [0, 0, 0],
						"0.3333": [0, 0, 0],
						"0.375": [0, 0, 0],
						"0.4167": [0, 0, 0],
						"0.4583": [0, 0, 0]
					}
				},
				"RightFoot": {
					"rotation": {
						"0.0": [0, 0, 0],
						"0.0417": [0, 0, 0],
						"0.0833": [-29.31, 0.33, -0.49],
						"0.125": [-42.49, 0.67, -0.9],
						"0.1667": [-42.56, 0.72, -0.74],
						"0.2083": [-40.16, 0.74, -0.46],
						"0.25": [-33.51, 0.71, -0.23],
						"0.2917": [-8.41, 0.56, -0.11],
						"0.3333": [13.81, 0.36, -0.07],
						"0.375": [9.86, 0.16, -0.03],
						"0.4167": [0, 0, 0],
						"0.4583": [0, 0, 0]
					},
					"position": {
						"0.0": [0, 0, 0],
						"0.0417": [0, 0, 0],
						"0.0833": [0, 0, 0],
						"0.125": [0, 0, 0],
						"0.1667": [0, 0, 0],
						"0.2083": [0, 0, 0],
						"0.25": [0, 0, 0],
						"0.2917": [0, 0, 0],
						"0.3333": [0, 0, 0],
						"0.375": [0, 0, 0],
						"0.4167": [0, 0, 0],
						"0.4583": [0, 0, 0]
					}
				},
				"AllBody": {
					"rotation": [0, 0, 0],
					"position": [0, 0, 0],
					"scale": 1
				},
				"AllHead": {
					"rotation": {
						"0.0": [0, 0, 0],
						"0.0417": [17.5, 0, 0],
						"0.0833": [0, 0, 0]
					},
					"position": [0, 0, 0]
				},
				"Head": {
					"rotation": {
						"0.0": [0, 0, 0],
						"0.0417": [-30.09, -4.33, 2.5],
						"0.0833": [9.88, -7.24, 1.95],
						"0.125": [26.71, -6.52, 1.68],
						"0.1667": [37.9, -4.87, 1.36],
						"0.2083": [39.33, -3.37, 1.05],
						"0.25": [37.07, -1.63, 0.7],
						"0.2917": [32.7, -0.34, 0.42],
						"0.3333": [20.82, 0.17, 0.24],
						"0.375": [8.52, 0.11, 0.15],
						"0.4167": [2.75, 0.08, 0.06],
						"0.4583": [0, 0, 0]
					}
				},
				"DownBody": {
					"rotation": {
						"0.0": [0, 0, 0],
						"0.0417": [-5.19, 0.03, 0.09],
						"0.0833": [-12.32, 0.06, 0.18],
						"0.125": [-17.5, 0, 0],
						"0.1667": [-19.44, -0.25, -0.79],
						"0.2083": [-19.43, -0.58, -1.85],
						"0.25": [-17.48, -0.75, -2.38],
						"0.2917": [-13.93, -0.65, -2.07],
						"0.3333": [-8.74, -0.42, -1.34],
						"0.375": [-3.55, -0.17, -0.54],
						"0.4167": [0, 0, 0],
						"0.4583": [0, 0, 0]
					}
				}
			}
		},
		"sneaking": {
			"loop": "hold_on_last_frame",
			"bones": {
				"Root": {
					"rotation": [0, 17.5, 0],
					"position": [1.35, -5, 3],
					"scale": 1
				},
				"UpBody": {
					"rotation": [15, 0, 0],
					"position": [0, 0, 0]
				},
				"UpperBody": {
					"rotation": [31.79052, 12.46799, -0.47956],
					"position": [0, 0, 0]
				},
				"LeftArm": {
					"rotation": [-48.71483, -26.18871, -24.08847],
					"position": [0, 0, 0]
				},
				"LeftForeArm": {
					"rotation": [-77.5, 0, 0],
					"position": [0, 0, 0]
				},
				"RightArm": {
					"rotation": [29.4764, -24.58114, 1.76269],
					"position": [0, 0, 0]
				},
				"RightForeArm": {
					"rotation": [-45, 0, 0],
					"position": [0, 0, 0]
				},
				"LeftLeg": {
					"rotation": [-63.79091, -17.25992, 4.64338],
					"position": [0, 0, 0]
				},
				"LeftLowerLeg": {
					"rotation": [98, 0, 0],
					"position": [0, 0, 0]
				},
				"LeftFoot": {
					"rotation": [-34.89743, -2.86544, -4.09918],
					"position": [0, 0, 0]
				},
				"RightLeg": {
					"rotation": [15, 0, 7.5],
					"position": [0, 0, 0]
				},
				"RightLowerLeg": {
					"rotation": [55, 0, 0],
					"position": [0, 0, 0]
				},
				"RightFoot": {
					"rotation": [-27.5, 0, 0],
					"position": [0, 0, 0]
				},
				"AllBody": {
					"rotation": [0, 0, 0],
					"position": [0, 0, 0],
					"scale": 1
				},
				"AllHead": {
					"rotation": [0, 0, 0],
					"position": [0, 0, 0]
				}
			}
		},
		"swim": {
			"loop": true,
			"animation_length": 1,
			"bones": {
				"Root": {
					"rotation": [72.5, 0, 0],
					"position": [0, 0, 21],
					"scale": 1
				},
				"UpBody": {
					"rotation": [-12.5, 0, 0],
					"position": [0, 0, 0]
				},
				"UpperBody": {
					"rotation": [-17.5, 0, 0],
					"position": [0, 0, 0]
				},
				"LeftArm": {
					"rotation": {
						"0.0": [-63.42, 11.12, -146.47],
						"0.0417": [-58.49, 12.06, -139.67],
						"0.0833": [-51.82, 13.38, -130.57],
						"0.125": [-43.77, 14.99, -119.63],
						"0.1667": [-34.71, 16.81, -107.3],
						"0.2083": [-24.99, 18.75, -94.07],
						"0.25": [-14.97, 20.72, -80.38],
						"0.2917": [-5.01, 22.63, -66.7],
						"0.3333": [4.54, 24.4, -53.5],
						"0.375": [13.3, 25.94, -41.25],
						"0.4167": [20.94, 27.17, -30.39],
						"0.4583": [27.08, 27.99, -21.41],
						"0.5": [31.36, 28.32, -14.76],
						"0.5417": [36.09, 27.02, -4.86],
						"0.5833": [35.54, 23.63, -0.56],
						"0.625": [30.91, 19.29, -1.59],
						"0.6667": [23.45, 15.17, -7.68],
						"0.7083": [14.38, 12.39, -18.54],
						"0.75": [4.91, 11.39, -33.26],
						"0.7917": [-8.54, 10.8, -55.87],
						"0.8333": [-23.93, 10.53, -82.36],
						"0.875": [-39.17, 10.51, -108.69],
						"0.9167": [-52.22, 10.66, -130.84],
						"0.9583": [-60.99, 10.89, -144.78],
						"1.0": [-63.42, 11.12, -146.47],
						"1.0417": [-58.49, 12.06, -139.67],
						"1.0833": [-51.82, 13.38, -130.57],
						"1.125": [-43.77, 14.99, -119.63],
						"1.1667": [-34.71, 16.81, -107.3],
						"1.2083": [-24.99, 18.75, -94.07],
						"1.25": [-14.97, 20.72, -80.38],
						"1.2917": [-5.01, 22.63, -66.7],
						"1.3333": [4.54, 24.4, -53.5],
						"1.375": [13.3, 25.94, -41.25],
						"1.4167": [20.94, 27.17, -30.39],
						"1.4583": [27.08, 27.99, -21.41],
						"1.5": [31.36, 28.32, -14.76],
						"1.5417": [36.09, 27.02, -4.86],
						"1.5833": [35.54, 23.63, -0.56],
						"1.625": [30.91, 19.29, -1.59],
						"1.6667": [23.45, 15.17, -7.68],
						"1.7083": [14.38, 12.39, -18.54],
						"1.75": [4.91, 11.39, -33.26],
						"1.7917": [-8.54, 10.8, -55.87],
						"1.8333": [-23.93, 10.53, -82.36],
						"1.875": [-39.17, 10.51, -108.69],
						"1.9167": [-52.22, 10.66, -130.84],
						"1.9583": [-60.99, 10.89, -144.78],
						"2.0": [-63.42, 11.12, -146.47],
						"2.0417": [-58.49, 12.06, -139.67]
					},
					"position": [0, 0, 0]
				},
				"LeftForeArm": {
					"rotation": {
						"0.0": [0, 0, 0],
						"0.0417": [0.39, -0.06, -2.5],
						"0.0833": [1.17, -0.19, -5.7],
						"0.125": [1.76, -0.29, -9.9],
						"0.1667": [1.56, -0.25, -15.4],
						"0.2083": [0, 0, -22.5],
						"0.25": [-2.09, 0.15, -28.44],
						"0.2917": [-5.09, 0.18, -35.87],
						"0.3333": [-8.68, 0.2, -44.22],
						"0.375": [-12.54, 0.32, -52.94],
						"0.4167": [-16.36, 0.65, -61.44],
						"0.4583": [-19.82, 1.29, -69.17],
						"0.5": [-22.6, 2.37, -75.55],
						"0.5417": [-24.37, 3.98, -80.03],
						"0.5833": [-25.25, 7.11, -83.29],
						"0.625": [-25.31, 11.64, -85.41],
						"0.6667": [-24.71, 16.87, -86.3],
						"0.7083": [-23.6, 22.09, -85.87],
						"0.75": [-22.12, 26.61, -84.03],
						"0.7917": [-20.43, 29.73, -80.7],
						"0.8333": [-18.67, 30.73, -75.81],
						"0.875": [-14.47, 26.36, -60.1],
						"0.9167": [-8.98, 17.03, -37.63],
						"0.9583": [-3.66, 6.87, -15.3],
						"1.0": [0, 0, 0]
					},
					"position": [0, 0, 0]
				},
				"RightArm": {
					"rotation": {
						"0.0": [-63.42, -11.12, 146.47],
						"0.0417": [-58.49, -12.06, 139.67],
						"0.0833": [-51.82, -13.38, 130.57],
						"0.125": [-43.77, -14.99, 119.63],
						"0.1667": [-34.71, -16.81, 107.3],
						"0.2083": [-24.99, -18.75, 94.07],
						"0.25": [-14.97, -20.72, 80.38],
						"0.2917": [-5.01, -22.63, 66.7],
						"0.3333": [4.54, -24.4, 53.5],
						"0.375": [13.3, -25.94, 41.25],
						"0.4167": [20.94, -27.17, 30.39],
						"0.4583": [27.08, -27.99, 21.41],
						"0.5": [31.36, -28.32, 14.76],
						"0.5417": [36.09, -27.02, 4.86],
						"0.5833": [35.54, -23.63, 0.56],
						"0.625": [30.91, -19.29, 1.59],
						"0.6667": [23.45, -15.17, 7.68],
						"0.7083": [14.38, -12.39, 18.54],
						"0.75": [5.72, -11.43, 31.5],
						"0.7917": [-5.85, -10.92, 50.01],
						"0.8333": [-19.08, -10.74, 71.81],
						"0.875": [-32.71, -10.79, 94.63],
						"0.9167": [-45.48, -10.95, 116.2],
						"0.9583": [-56.14, -11.1, 134.23],
						"1.0": [-63.42, -11.12, 146.47],
						"1.0417": [-58.49, -12.06, 139.67],
						"1.0833": [-51.82, -13.38, 130.57],
						"1.125": [-43.77, -14.99, 119.63],
						"1.1667": [-34.71, -16.81, 107.3],
						"1.2083": [-24.99, -18.75, 94.07],
						"1.25": [-14.97, -20.72, 80.38],
						"1.2917": [-5.01, -22.63, 66.7],
						"1.3333": [4.54, -24.4, 53.5],
						"1.375": [13.3, -25.94, 41.25],
						"1.4167": [20.94, -27.17, 30.39],
						"1.4583": [27.08, -27.99, 21.41],
						"1.5": [31.36, -28.32, 14.76],
						"1.5417": [36.09, -27.02, 4.86],
						"1.5833": [35.54, -23.63, 0.56],
						"1.625": [30.91, -19.29, 1.59],
						"1.6667": [23.45, -15.17, 7.68],
						"1.7083": [14.38, -12.39, 18.54],
						"1.75": [5.72, -11.43, 31.5],
						"1.7917": [-5.85, -10.92, 50.01],
						"1.8333": [-19.08, -10.74, 71.81],
						"1.875": [-32.71, -10.79, 94.63],
						"1.9167": [-45.48, -10.95, 116.2],
						"1.9583": [-56.14, -11.1, 134.23],
						"2.0": [-63.42, -11.12, 146.47],
						"2.0417": [-58.49, -12.06, 139.67]
					},
					"position": [0, 0, 0]
				},
				"RightForeArm": {
					"rotation": {
						"0.0": [0, 0, 0],
						"0.0417": [0.39, 0.06, 2.5],
						"0.0833": [1.17, 0.19, 5.7],
						"0.125": [1.76, 0.29, 9.9],
						"0.1667": [1.56, 0.25, 15.4],
						"0.2083": [0, 0, 22.5],
						"0.25": [-2.09, -0.15, 28.44],
						"0.2917": [-5.09, -0.18, 35.87],
						"0.3333": [-8.68, -0.2, 44.22],
						"0.375": [-12.54, -0.32, 52.94],
						"0.4167": [-16.36, -0.65, 61.44],
						"0.4583": [-19.82, -1.29, 69.17],
						"0.5": [-22.6, -2.37, 75.55],
						"0.5417": [-24.37, -3.98, 80.03],
						"0.5833": [-25.25, -7.11, 83.29],
						"0.625": [-25.31, -11.64, 85.41],
						"0.6667": [-24.71, -16.87, 86.3],
						"0.7083": [-23.6, -22.09, 85.87],
						"0.75": [-22.12, -26.61, 84.03],
						"0.7917": [-20.43, -29.73, 80.7],
						"0.8333": [-18.67, -30.73, 75.81],
						"0.875": [-14.47, -26.36, 60.1],
						"0.9167": [-8.98, -17.03, 37.63],
						"0.9583": [-3.66, -6.87, 15.3],
						"1.0": [0, 0, 0]
					},
					"position": [0, 0, 0]
				},
				"LeftLeg": {
					"rotation": {
						"0.0": [-20, 0, 5],
						"0.0417": [-17.86, 0.01, 4.46],
						"0.0833": [-14.85, 0.03, 3.72],
						"0.125": [-11.32, 0.04, 2.82],
						"0.1667": [-7.64, 0.03, 1.84],
						"0.2083": [-4.17, 0, 0.83],
						"0.25": [-1.45, -0.06, -0.01],
						"0.2917": [1.81, -0.15, -1.02],
						"0.3333": [5.21, -0.25, -2.09],
						"0.375": [8.36, -0.36, -3.14],
						"0.4167": [10.89, -0.45, -4.05],
						"0.4583": [12.39, -0.52, -4.73],
						"0.5": [12.49, -0.54, -5.06],
						"0.5417": [9.54, -0.49, -4.91],
						"0.5833": [3.81, -0.38, -4.24],
						"0.625": [-3.15, -0.23, -3.23],
						"0.6667": [-9.77, -0.09, -2.09],
						"0.7083": [-14.49, 0, -0.99],
						"0.75": [-16.7, 0.03, -0.07],
						"0.7917": [-18.62, 0.04, 1.12],
						"0.8333": [-20.14, 0.04, 2.41],
						"0.875": [-21.14, 0.03, 3.63],
						"0.9167": [-21.53, 0.02, 4.58],
						"0.9583": [-21.19, 0, 5.1],
						"1.0": [-20, 0, 5],
						"1.0417": [-17.86, 0.01, 4.46],
						"1.0833": [-14.85, 0.03, 3.72],
						"1.125": [-11.32, 0.04, 2.82],
						"1.1667": [-7.64, 0.03, 1.84],
						"1.2083": [-4.17, 0, 0.83],
						"1.25": [-1.45, -0.06, -0.01],
						"1.2917": [1.81, -0.15, -1.02],
						"1.3333": [5.21, -0.25, -2.09],
						"1.375": [8.36, -0.36, -3.14],
						"1.4167": [10.89, -0.45, -4.05],
						"1.4583": [12.39, -0.52, -4.73],
						"1.5": [12.49, -0.54, -5.06],
						"1.5417": [9.54, -0.49, -4.91]
					},
					"position": {
						"0.0": [0, 0, 0],
						"0.0417": [0, 0, 0],
						"0.0833": [0, 0, 0],
						"0.125": [0, 0, 0],
						"0.1667": [0, 0, 0],
						"0.2083": [0, 0, 0],
						"0.25": [0, 0, 0],
						"0.2917": [0, 0, 0],
						"0.3333": [0, 0, 0],
						"0.375": [0, 0, 0],
						"0.4167": [0, 0, 0],
						"0.4583": [0, 0, 0],
						"0.5": [0, 0, 0],
						"0.5417": [0, 0, 0],
						"0.5833": [0, 0, 0],
						"0.625": [0, 0, 0],
						"0.6667": [0, 0, 0],
						"0.7083": [0, 0, 0],
						"0.75": [0, 0, 0],
						"0.7917": [0, 0, 0],
						"0.8333": [0, 0, 0],
						"0.875": [0, 0, 0],
						"0.9167": [0, 0, 0],
						"0.9583": [0, 0, 0],
						"1.0": [0, 0, 0]
					}
				},
				"LeftLowerLeg": {
					"rotation": {
						"0.0": [25, 0, 0],
						"0.0417": [19.92, 0, 0],
						"0.0833": [12.5, 0, 0],
						"0.125": [5.08, 0, 0],
						"0.1667": [0, 0, 0],
						"0.2083": [-2.17, 0, 0],
						"0.25": [-2.66, 0, 0],
						"0.2917": [-1.82, 0, 0],
						"0.3333": [0, 0, 0],
						"0.375": [2.86, 0, 0],
						"0.4167": [6.89, 0, 0],
						"0.4583": [11.85, 0, 0],
						"0.5": [17.5, 0, 0],
						"0.5417": [25.31, 0, 0],
						"0.5833": [34.91, 0, 0],
						"0.625": [43.26, 0, 0],
						"0.6667": [47.34, 0, 0],
						"0.7083": [46.89, 0, 0],
						"0.75": [44.9, 0, 0],
						"0.7917": [41.8, 0, 0],
						"0.8333": [38.04, 0, 0],
						"0.875": [34.04, 0, 0],
						"0.9167": [30.24, 0, 0],
						"0.9583": [27.08, 0, 0],
						"1.0": [25, 0, 0]
					},
					"position": {
						"0.0": [0, 0, 0],
						"0.0417": [0, 0, 0],
						"0.0833": [0, 0, 0],
						"0.125": [0, 0, 0],
						"0.1667": [0, 0, 0],
						"0.2083": [0, 0, 0],
						"0.25": [0, 0, 0],
						"0.2917": [0, 0, 0],
						"0.3333": [0, 0, 0],
						"0.375": [0, 0, 0],
						"0.4167": [0, 0, 0],
						"0.4583": [0, 0, 0],
						"0.5": [0, 0, 0],
						"0.5417": [0, 0, 0],
						"0.5833": [0, 0, 0],
						"0.625": [0, 0, 0],
						"0.6667": [0, 0, 0],
						"0.7083": [0, 0, 0],
						"0.75": [0, 0, 0],
						"0.7917": [0, 0, 0],
						"0.8333": [0, 0, 0],
						"0.875": [0, 0, 0],
						"0.9167": [0, 0, 0],
						"0.9583": [0, 0, 0],
						"1.0": [0, 0, 0]
					}
				},
				"LeftFoot": {
					"rotation": {
						"0.0": [25, 0, 0],
						"0.0417": [23.34, 0, 0],
						"0.0833": [20.74, 0, 0],
						"0.125": [17.81, 0, 0],
						"0.1667": [15.18, 0, 0],
						"0.2083": [13.48, 0, 0],
						"0.25": [13.33, 0, 0],
						"0.2917": [14.97, 0, 0],
						"0.3333": [17.95, 0, 0],
						"0.375": [21.86, 0, 0],
						"0.4167": [26.28, 0, 0],
						"0.4583": [30.8, 0, 0],
						"0.5": [35, 0, 0],
						"0.5417": [42.05, 0, 0],
						"0.5833": [50.03, 0, 0],
						"0.625": [56.8, 0, 0],
						"0.6667": [60.2, 0, 0],
						"0.7083": [57.61, 0, 0],
						"0.75": [50.31, 0, 0],
						"0.7917": [42.92, 0, 0],
						"0.8333": [39.09, 0, 0],
						"0.875": [34.94, 0, 0],
						"0.9167": [30.91, 0, 0],
						"0.9583": [27.45, 0, 0],
						"1.0": [25, 0, 0]
					},
					"position": {
						"0.0": [0, 0, 0],
						"0.0417": [0, 0, 0],
						"0.0833": [0, 0, 0],
						"0.125": [0, 0, 0],
						"0.1667": [0, 0, 0],
						"0.2083": [0, 0, 0],
						"0.25": [0, 0, 0],
						"0.2917": [0, 0, 0],
						"0.3333": [0, 0, 0],
						"0.375": [0, 0, 0],
						"0.4167": [0, 0, 0],
						"0.4583": [0, 0, 0],
						"0.5": [0, 0, 0],
						"0.5417": [0, 0, 0],
						"0.5833": [0, 0, 0],
						"0.625": [0, 0, 0],
						"0.6667": [0, 0, 0],
						"0.7083": [0, 0, 0],
						"0.75": [0, 0, 0],
						"0.7917": [0, 0, 0],
						"0.8333": [0, 0, 0],
						"0.875": [0, 0, 0],
						"0.9167": [0, 0, 0],
						"0.9583": [0, 0, 0],
						"1.0": [0, 0, 0]
					}
				},
				"RightLeg": {
					"rotation": {
						"0.0": [12.5, 0, 7.5],
						"0.0417": [8.48, 0, 6.61],
						"0.0833": [2.61, 0, 5.34],
						"0.125": [-3.95, 0, 3.87],
						"0.1667": [-10.04, 0, 2.36],
						"0.2083": [-14.49, 0, 0.99],
						"0.25": [-16.59, 0, 0.02],
						"0.2917": [-18.25, 0, -1.06],
						"0.3333": [-19.47, 0, -2.15],
						"0.375": [-20.26, 0, -3.17],
						"0.4167": [-20.61, 0, -4.04],
						"0.4583": [-20.52, 0, -4.68],
						"0.5": [-20, 0, -5],
						"0.5417": [-18.21, 0, -4.88],
						"0.5833": [-15.24, 0, -4.26],
						"0.625": [-11.58, 0, -3.29],
						"0.6667": [-7.73, 0, -2.1],
						"0.7083": [-4.17, 0, -0.83],
						"0.75": [-1.4, 0, 0.32],
						"0.7917": [1.95, 0, 1.85],
						"0.8333": [5.47, 0, 3.53],
						"0.875": [8.71, 0, 5.15],
						"0.9167": [11.25, 0, 6.5],
						"0.9583": [12.66, 0, 7.35],
						"1.0": [12.5, 0, 7.5],
						"1.0417": [8.48, 0, 6.61],
						"1.0833": [2.61, 0, 5.34],
						"1.125": [-3.95, 0, 3.87],
						"1.1667": [-10.04, 0, 2.36],
						"1.2083": [-14.49, 0, 0.99],
						"1.25": [-16.59, 0, 0.02],
						"1.2917": [-18.25, 0, -1.06],
						"1.3333": [-19.47, 0, -2.15],
						"1.375": [-20.26, 0, -3.17],
						"1.4167": [-20.61, 0, -4.04],
						"1.4583": [-20.52, 0, -4.68],
						"1.5": [-20, 0, -5],
						"1.5417": [-18.21, 0, -4.88]
					},
					"position": {
						"0.0": [0, 0, 0],
						"0.0417": [0, 0, 0],
						"0.0833": [0, 0, 0],
						"0.125": [0, 0, 0],
						"0.1667": [0, 0, 0],
						"0.2083": [0, 0, 0],
						"0.25": [0, 0, 0],
						"0.2917": [0, 0, 0],
						"0.3333": [0, 0, 0],
						"0.375": [0, 0, 0],
						"0.4167": [0, 0, 0],
						"0.4583": [0, 0, 0],
						"0.5": [0, 0, 0],
						"0.5417": [0, 0, 0],
						"0.5833": [0, 0, 0],
						"0.625": [0, 0, 0],
						"0.6667": [0, 0, 0],
						"0.7083": [0, 0, 0],
						"0.75": [0, 0, 0],
						"0.7917": [0, 0, 0],
						"0.8333": [0, 0, 0],
						"0.875": [0, 0, 0],
						"0.9167": [0, 0, 0],
						"0.9583": [0, 0, 0],
						"1.0": [0, 0, 0]
					}
				},
				"RightLowerLeg": {
					"rotation": {
						"0.0": [17.5, 0, 0],
						"0.0417": [24.08, 0, 0],
						"0.0833": [33.81, 0, 0],
						"0.125": [42.85, 0, 0],
						"0.1667": [47.34, 0, 0],
						"0.2083": [47.06, 0, 0],
						"0.25": [45.49, 0, 0],
						"0.2917": [42.9, 0, 0],
						"0.3333": [39.6, 0, 0],
						"0.375": [35.87, 0, 0],
						"0.4167": [32, 0, 0],
						"0.4583": [28.28, 0, 0],
						"0.5": [25, 0, 0],
						"0.5417": [18.35, 0, 0],
						"0.5833": [11.11, 0, 0],
						"0.625": [4.56, 0, 0],
						"0.6667": [0, 0, 0],
						"0.7083": [-2.17, 0, 0],
						"0.75": [-2.66, 0, 0],
						"0.7917": [-1.82, 0, 0],
						"0.8333": [0, 0, 0],
						"0.875": [3.56, 0, 0],
						"0.9167": [8.75, 0, 0],
						"0.9583": [13.95, 0, 0],
						"1.0": [17.5, 0, 0]
					},
					"position": {
						"0.0": [0, 0, 0],
						"0.0417": [0, 0, 0],
						"0.0833": [0, 0, 0],
						"0.125": [0, 0, 0],
						"0.1667": [0, 0, 0],
						"0.2083": [0, 0, 0],
						"0.25": [0, 0, 0],
						"0.2917": [0, 0, 0],
						"0.3333": [0, 0, 0],
						"0.375": [0, 0, 0],
						"0.4167": [0, 0, 0],
						"0.4583": [0, 0, 0],
						"0.5": [0, 0, 0],
						"0.5417": [0, 0, 0],
						"0.5833": [0, 0, 0],
						"0.625": [0, 0, 0],
						"0.6667": [0, 0, 0],
						"0.7083": [0, 0, 0],
						"0.75": [0, 0, 0],
						"0.7917": [0, 0, 0],
						"0.8333": [0, 0, 0],
						"0.875": [0, 0, 0],
						"0.9167": [0, 0, 0],
						"0.9583": [0, 0, 0],
						"1.0": [0, 0, 0]
					}
				},
				"RightFoot": {
					"rotation": {
						"0.0": [35, 0, 0],
						"0.0417": [40.52, 0, 0],
						"0.0833": [48.68, 0, 0],
						"0.125": [56.29, 0, 0],
						"0.1667": [60.2, 0, 0],
						"0.2083": [57.61, 0, 0],
						"0.25": [50.31, 0, 0],
						"0.2917": [42.92, 0, 0],
						"0.3333": [39.28, 0, 0],
						"0.375": [35.5, 0, 0],
						"0.4167": [31.75, 0, 0],
						"0.4583": [28.19, 0, 0],
						"0.5": [25, 0, 0],
						"0.5417": [22.31, 0, 0],
						"0.5833": [19.41, 0, 0],
						"0.625": [16.69, 0, 0],
						"0.6667": [14.52, 0, 0],
						"0.7083": [13.27, 0, 0],
						"0.75": [13.33, 0, 0],
						"0.7917": [15.26, 0, 0],
						"0.8333": [18.89, 0, 0],
						"0.875": [23.44, 0, 0],
						"0.9167": [28.15, 0, 0],
						"0.9583": [32.26, 0, 0],
						"1.0": [35, 0, 0]
					},
					"position": {
						"0.0": [0, 0, 0],
						"0.0417": [0, 0, 0],
						"0.0833": [0, 0, 0],
						"0.125": [0, 0, 0],
						"0.1667": [0, 0, 0],
						"0.2083": [0, 0, 0],
						"0.25": [0, 0, 0],
						"0.2917": [0, 0, 0],
						"0.3333": [0, 0, 0],
						"0.375": [0, 0, 0],
						"0.4167": [0, 0, 0],
						"0.4583": [0, 0, 0],
						"0.5": [0, 0, 0],
						"0.5417": [0, 0, 0],
						"0.5833": [0, 0, 0],
						"0.625": [0, 0, 0],
						"0.6667": [0, 0, 0],
						"0.7083": [0, 0, 0],
						"0.75": [0, 0, 0],
						"0.7917": [0, 0, 0],
						"0.8333": [0, 0, 0],
						"0.875": [0, 0, 0],
						"0.9167": [0, 0, 0],
						"0.9583": [0, 0, 0],
						"1.0": [0, 0, 0]
					}
				},
				"AllBody": {
					"rotation": [0, 0, 0],
					"position": [0, 0, 0],
					"scale": 1
				},
				"AllHead": {
					"rotation": [0, 0, 0],
					"position": [0, 0, 0]
				},
				"Head": {
					"rotation": {
						"0.0": [-27.5, 0, 0],
						"0.0417": [-27.23, 0, 0],
						"0.0833": [-26.84, 0, 0],
						"0.125": [-26.37, 0, 0],
						"0.1667": [-25.83, 0, 0],
						"0.2083": [-25.26, 0, 0],
						"0.25": [-24.69, 0, 0],
						"0.2917": [-24.13, 0, 0],
						"0.3333": [-23.61, 0, 0],
						"0.375": [-23.16, 0, 0],
						"0.4167": [-22.81, 0, 0],
						"0.4583": [-22.58, 0, 0],
						"0.5": [-22.5, 0, 0],
						"0.5417": [-22.6, 0, 0],
						"0.5833": [-22.87, 0, 0],
						"0.625": [-23.28, 0, 0],
						"0.6667": [-23.8, 0, 0],
						"0.7083": [-24.38, 0, 0],
						"0.75": [-25, 0, 0],
						"0.7917": [-25.62, 0, 0],
						"0.8333": [-26.2, 0, 0],
						"0.875": [-26.72, 0, 0],
						"0.9167": [-27.13, 0, 0],
						"0.9583": [-27.4, 0, 0],
						"1.0": [-27.5, 0, 0],
						"1.0417": [-27.23, 0, 0],
						"1.0833": [-26.84, 0, 0],
						"1.125": [-26.37, 0, 0],
						"1.1667": [-25.83, 0, 0],
						"1.2083": [-25.26, 0, 0],
						"1.25": [-24.69, 0, 0],
						"1.2917": [-24.13, 0, 0],
						"1.3333": [-23.61, 0, 0],
						"1.375": [-23.16, 0, 0],
						"1.4167": [-22.81, 0, 0],
						"1.4583": [-22.58, 0, 0],
						"1.5": [-22.5, 0, 0],
						"1.5417": [-22.6, 0, 0],
						"1.5833": [-22.87, 0, 0],
						"1.625": [-23.28, 0, 0]
					},
					"position": [0, 0, 0]
				},
				"DownBody": {
					"rotation": {
						"0.0": [0, 0, -5],
						"0.0417": [0, 0, -4.45],
						"0.0833": [0, 0, -3.68],
						"0.125": [0, 0, -2.73],
						"0.1667": [0, 0, -1.67],
						"0.2083": [0, 0, -0.53],
						"0.25": [0, 0, 0.63],
						"0.2917": [0, 0, 1.74],
						"0.3333": [0, 0, 2.78],
						"0.375": [0, 0, 3.67],
						"0.4167": [0, 0, 4.38],
						"0.4583": [0, 0, 4.84],
						"0.5": [0, 0, 5],
						"0.5417": [0, 0, 4.84],
						"0.5833": [0, 0, 4.38],
						"0.625": [0, 0, 3.67],
						"0.6667": [0, 0, 2.78],
						"0.7083": [0, 0, 1.74],
						"0.75": [0, 0, 0.63],
						"0.7917": [0, 0, -0.53],
						"0.8333": [0, 0, -1.67],
						"0.875": [0, 0, -2.73],
						"0.9167": [0, 0, -3.68],
						"0.9583": [0, 0, -4.45],
						"1.0": [0, 0, -5]
					}
				}
			}
		},
		"sit": {
			"animation_length": 0.375,
			"bones": {
				"Root": {
					"rotation": [0, 0, 0],
					"position": [0, -5, 5],
					"scale": 1
				},
				"UpBody": {
					"rotation": [15, 0, 0],
					"position": [0, 0, 0]
				},
				"UpperBody": {
					"rotation": [0, 0, 0],
					"position": [0, 0, 0]
				},
				"LeftArm": {
					"rotation": [-68.659, 23.92746, -39.32269],
					"position": [0, 0, 0]
				},
				"LeftForeArm": {
					"rotation": [-60.94031, 19.61291, -8.71337],
					"position": [0, 0, 0]
				},
				"RightArm": {
					"rotation": [-87.59409, -11.75726, 65.47122],
					"position": [0, 0, 0]
				},
				"RightForeArm": {
					"rotation": [-47.5, 0, 0],
					"position": [0, 0, 0]
				},
				"LeftLeg": {
					"rotation": [-142.5, 0, 0],
					"position": [0, 0, 0]
				},
				"LeftLowerLeg": {
					"rotation": [105, 0, 0],
					"position": [0, 0, 0]
				},
				"LeftFoot": {
					"rotation": [37.5, 0, 0],
					"position": [0, 0, 0]
				},
				"RightLeg": {
					"rotation": [-127.5, 0, 0],
					"position": [0, 0, 0]
				},
				"RightLowerLeg": {
					"rotation": [75, 0, 0],
					"position": [0, 0, 0]
				},
				"RightFoot": {
					"rotation": [55, 0, 0],
					"position": [0, 0, 0]
				},
				"AllBody": {
					"rotation": [0, 0, 0],
					"position": [0, 0, 0],
					"scale": 1
				},
				"AllHead": {
					"rotation": [0, 0, 0],
					"position": [0, 0, 0]
				},
				"Head": {
					"rotation": [-15, 0, 0],
					"position": [0, 0, 0]
				}
			}
		},
		"ride": {
			"animation_length": 0.375,
			"bones": {
				"Root": {
					"rotation": [0, 0, 0],
					"position": [0, 0, 0],
					"scale": 1
				},
				"UpBody": {
					"rotation": [10, 0, 0],
					"position": [0, 0, 0]
				},
				"UpperBody": {
					"rotation": [20, 0, 0],
					"position": [0, 0, 0]
				},
				"LeftArm": {
					"rotation": [-76.32957, 5.94106, 4.54727],
					"position": [0, 0, 0]
				},
				"LeftForeArm": {
					"rotation": [-32.5, 0, 0],
					"position": [0, 0, 0]
				},
				"RightArm": {
					"rotation": [-76.32957, -5.94106, -4.54727],
					"position": [0, 0, 0]
				},
				"RightForeArm": {
					"rotation": [-32.5, 0, 0],
					"position": [0, 0, 0]
				},
				"LeftLeg": {
					"rotation": [-82.67316, -38.89629, 2.95966],
					"position": [0, 0, 0]
				},
				"LeftLowerLeg": {
					"rotation": [72.5, 0, 0],
					"position": [0, 0, 0]
				},
				"LeftFoot": {
					"rotation": [20, 0, 0],
					"position": [0, 0, 0]
				},
				"RightLeg": {
					"rotation": [-82.67316, 38.89629, -2.95966],
					"position": [0, 0, 0]
				},
				"RightLowerLeg": {
					"rotation": [72.5, 0, 0],
					"position": [0, 0, 0]
				},
				"RightFoot": {
					"rotation": [20, 0, 0],
					"position": [0, 0, 0]
				},
				"AllBody": {
					"rotation": [0, 0, 0],
					"position": [0, 0, 0],
					"scale": 1
				},
				"AllHead": {
					"rotation": [0, 0, 0],
					"position": [0, 0, 0]
				},
				"Head": {
					"rotation": [-25, 0, 0],
					"position": [0, 0, 0]
				}
			}
		},
		"ride_pig": {
			"animation_length": 0.375,
			"bones": {
				"Root": {
					"rotation": [0, 0, 0],
					"position": [0, 0, 0],
					"scale": 1
				},
				"UpBody": {
					"rotation": [35, 0, 0],
					"position": [0, 0, 0]
				},
				"UpperBody": {
					"rotation": [-7.5, 0, 0],
					"position": [0, 0, 0]
				},
				"LeftArm": {
					"rotation": [-59.68584, 19.01678, 12.09442],
					"position": [0, 0, -1]
				},
				"LeftForeArm": {
					"rotation": [-15, 0, 0],
					"position": [0, 0, 0]
				},
				"RightArm": {
					"rotation": [-59.68584, -19.01678, -12.09442],
					"position": [0, 0, -1]
				},
				"RightForeArm": {
					"rotation": [-15, 0, 0],
					"position": [0, 0, 0]
				},
				"LeftLeg": {
					"rotation": [-83.12926, -33.93453, 3.72726],
					"position": [0, 0, 0]
				},
				"LeftLowerLeg": {
					"rotation": [72.5, 0, 0],
					"position": [0, 0, 0]
				},
				"LeftFoot": {
					"rotation": [20, 0, 0],
					"position": [0, 0, 0]
				},
				"RightLeg": {
					"rotation": [-83.31861, 31.45198, -4.07773],
					"position": [0, 0, 0]
				},
				"RightLowerLeg": {
					"rotation": [72.5, 0, 0],
					"position": [0, 0, 0]
				},
				"RightFoot": {
					"rotation": [20, 0, 0],
					"position": [0, 0, 0]
				},
				"AllBody": {
					"rotation": [0, 0, 0],
					"position": [0, 0, 0],
					"scale": 1
				},
				"AllHead": {
					"rotation": [0, 0, 0],
					"position": [0, 0, 0]
				},
				"Head": {
					"rotation": [-25, 0, 0],
					"position": [0, 0, 0]
				}
			}
		},
		"sleep": {
			"animation_length": 0.375,
			"bones": {
				"Root": {
					"rotation": [-13.25506, -77.79629, 23.76148],
					"position": [-10, 0, 0],
					"scale": 1
				},
				"UpBody": {
					"rotation": [1.91388, -20.06196, -12.39768],
					"position": [0, 0, 0]
				},
				"UpperBody": {
					"rotation": [10, 0, 0],
					"position": [0, 0, 0]
				},
				"LeftArm": {
					"rotation": [-81.64326, 31.42992, 19.86445],
					"position": [0, 0, 0]
				},
				"LeftForeArm": {
					"rotation": [-47.5, 0, 0],
					"position": [0, 0, 0]
				},
				"RightArm": {
					"rotation": [-65, 0, 0],
					"position": [0, 0, 0]
				},
				"RightForeArm": {
					"rotation": [-47.5, 0, 0],
					"position": [0, 0, 0]
				},
				"LeftLeg": {
					"rotation": [-10, 12.5, 7.5],
					"position": [0, 0, 1]
				},
				"LeftLowerLeg": {
					"rotation": [50, 0, 0],
					"position": [0, 0, 0]
				},
				"LeftFoot": {
					"rotation": [32.59907, -4.21541, -2.69136],
					"position": [0, 0, 0]
				},
				"RightLeg": {
					"rotation": [-72.56255, 1.50179, -4.76968],
					"position": [0, 0, 1]
				},
				"RightLowerLeg": {
					"rotation": [82.5, 0, 0],
					"position": [0, 0, 0]
				},
				"RightFoot": {
					"rotation": [0, 7.5, 0],
					"position": [0, 0, 0]
				},
				"AllBody": {
					"rotation": [0, 0, 0],
					"position": [0, 0, 0],
					"scale": 1
				},
				"AllHead": {
					"rotation": [0, 0, 0],
					"position": [0, 0, 0]
				},
				"Head": {
					"rotation": {
						"0.0": {
							"post": [5.16524, 27.0478, 11.24314],
							"lerp_mode": "catmullrom"
						}
					},
					"position": {
						"0.0": {
							"post": [0, 0, 0],
							"lerp_mode": "catmullrom"
						}
					}
				},
				"Eye_main": {
					"position": [0, 0, 0]
				},
				"RightEyelid": {
					"scale": 0
				},
				"RightEyelidBase": {
					"scale": 0
				},
				"LeftEyelid": {
					"scale": 0
				},
				"LeftEyelidBase": {
					"scale": 0
				},
				"RightPupil2": {
					"scale": 0
				},
				"DownBody": {
					"rotation": [-30, 0, 0]
				}
			}
		},
		"swim_stand": {
			"loop": true,
			"animation_length": 1,
			"bones": {
				"Root": {
					"rotation": [0, 0, 0],
					"scale": 1
				},
				"UpBody": {
					"rotation": [0, 0, 0],
					"position": [0, 0, 0]
				},
				"UpperBody": {
					"rotation": {
						"0.0": [0, 0, 0],
						"0.0417": [-0.14, 0, 0],
						"0.0833": [-0.33, 0, 0],
						"0.125": [-0.57, 0, 0],
						"0.1667": [-0.83, 0, 0],
						"0.2083": [-1.12, 0, 0],
						"0.25": [-1.41, 0, 0],
						"0.2917": [-1.69, 0, 0],
						"0.3333": [-1.94, 0, 0],
						"0.375": [-2.17, 0, 0],
						"0.4167": [-2.34, 0, 0],
						"0.4583": [-2.46, 0, 0],
						"0.5": [-2.5, 0, 0],
						"0.5417": [-2.45, 0, 0],
						"0.5833": [-2.31, 0, 0],
						"0.625": [-2.09, 0, 0],
						"0.6667": [-1.83, 0, 0],
						"0.7083": [-1.53, 0, 0],
						"0.75": [-1.21, 0, 0],
						"0.7917": [-0.9, 0, 0],
						"0.8333": [-0.6, 0, 0],
						"0.875": [-0.35, 0, 0],
						"0.9167": [-0.15, 0, 0],
						"0.9583": [-0.03, 0, 0],
						"1.0": [0, 0, 0],
						"1.0417": [-0.14, 0, 0],
						"1.0833": [-0.33, 0, 0],
						"1.125": [-0.57, 0, 0],
						"1.1667": [-0.83, 0, 0],
						"1.2083": [-1.12, 0, 0],
						"1.25": [-1.41, 0, 0],
						"1.2917": [-1.69, 0, 0],
						"1.3333": [-1.94, 0, 0],
						"1.375": [-2.17, 0, 0],
						"1.4167": [-2.34, 0, 0],
						"1.4583": [-2.46, 0, 0],
						"1.5": [-2.5, 0, 0],
						"1.5417": [-2.45, 0, 0],
						"1.5833": [-2.31, 0, 0],
						"1.625": [-2.09, 0, 0],
						"1.6667": [-1.83, 0, 0],
						"1.7083": [-1.53, 0, 0],
						"1.75": [-1.21, 0, 0],
						"1.7917": [-0.9, 0, 0],
						"1.8333": [-0.6, 0, 0]
					},
					"position": [0, 0, 0]
				},
				"LeftArm": {
					"rotation": {
						"0.0": [-10, 0, -45],
						"0.0417": [-8.09, 0, -45],
						"0.0833": [-5.38, 0, -45],
						"0.125": [-2.07, 0, -45],
						"0.1667": [1.67, 0, -45],
						"0.2083": [5.65, 0, -45],
						"0.25": [9.69, 0, -45],
						"0.2917": [13.61, 0, -45],
						"0.3333": [17.22, 0, -45],
						"0.375": [20.35, 0, -45],
						"0.4167": [22.81, 0, -45],
						"0.4583": [24.42, 0, -45],
						"0.5": [25, 0, -45],
						"0.5417": [24.25, 0, -45],
						"0.5833": [22.17, 0, -45],
						"0.625": [19.04, 0, -45],
						"0.6667": [15.16, 0, -45],
						"0.7083": [10.78, 0, -45],
						"0.75": [6.2, 0, -45],
						"0.7917": [1.69, 0, -45],
						"0.8333": [-2.47, 0, -45],
						"0.875": [-5.99, 0, -45],
						"0.9167": [-8.61, 0, -45],
						"0.9583": [-10.04, 0, -45],
						"1.0": [-10, 0, -45],
						"1.0417": [-8.09, 0, -45],
						"1.0833": [-5.38, 0, -45],
						"1.125": [-2.07, 0, -45],
						"1.1667": [1.67, 0, -45],
						"1.2083": [5.65, 0, -45],
						"1.25": [9.69, 0, -45],
						"1.2917": [13.61, 0, -45],
						"1.3333": [17.22, 0, -45],
						"1.375": [20.35, 0, -45],
						"1.4167": [22.81, 0, -45],
						"1.4583": [24.42, 0, -45],
						"1.5": [25, 0, -45],
						"1.5417": [24.25, 0, -45]
					},
					"position": [0, 0, 0]
				},
				"LeftForeArm": {
					"rotation": {
						"0.0": [-52.5, 0, 0],
						"0.0417": [-52.67, 0, 0],
						"0.0833": [-53.28, 0, 0],
						"0.125": [-53.46, 0, 0],
						"0.1667": [-52.32, 0, 0],
						"0.2083": [-48.97, 0, 0],
						"0.25": [-44.34, 0, 0],
						"0.2917": [-37.79, 0, 0],
						"0.3333": [-30.15, 0, 0],
						"0.375": [-22.23, 0, 0],
						"0.4167": [-14.85, 0, 0],
						"0.4583": [-8.83, 0, 0],
						"0.5": [-5, 0, 0],
						"0.5417": [-3.15, 0, 0],
						"0.5833": [-3.13, 0, 0],
						"0.625": [-4.6, 0, 0],
						"0.6667": [-7.2, 0, 0],
						"0.7083": [-10.6, 0, 0],
						"0.75": [-14.45, 0, 0],
						"0.7917": [-19.79, 0, 0],
						"0.8333": [-27.12, 0, 0],
						"0.875": [-35.24, 0, 0],
						"0.9167": [-42.97, 0, 0],
						"0.9583": [-49.12, 0, 0],
						"1.0": [-52.5, 0, 0],
						"1.0417": [-52.67, 0, 0],
						"1.0833": [-53.28, 0, 0],
						"1.125": [-53.46, 0, 0],
						"1.1667": [-52.32, 0, 0],
						"1.2083": [-48.97, 0, 0],
						"1.25": [-44.34, 0, 0],
						"1.2917": [-37.79, 0, 0],
						"1.3333": [-30.15, 0, 0],
						"1.375": [-22.23, 0, 0],
						"1.4167": [-14.85, 0, 0],
						"1.4583": [-8.83, 0, 0],
						"1.5": [-5, 0, 0],
						"1.5417": [-3.15, 0, 0],
						"1.5833": [-3.13, 0, 0]
					},
					"position": [0, 0, 0]
				},
				"RightArm": {
					"rotation": {
						"0.0": [-10, 0, 45],
						"0.0417": [-8.09, 0, 45],
						"0.0833": [-5.38, 0, 45],
						"0.125": [-2.07, 0, 45],
						"0.1667": [1.67, 0, 45],
						"0.2083": [5.65, 0, 45],
						"0.25": [9.69, 0, 45],
						"0.2917": [13.61, 0, 45],
						"0.3333": [17.22, 0, 45],
						"0.375": [20.35, 0, 45],
						"0.4167": [22.81, 0, 45],
						"0.4583": [24.42, 0, 45],
						"0.5": [25, 0, 45],
						"0.5417": [24.24, 0, 45],
						"0.5833": [22.15, 0, 45],
						"0.625": [19.01, 0, 45],
						"0.6667": [15.1, 0, 45],
						"0.7083": [10.7, 0, 45],
						"0.75": [6.1, 0, 45],
						"0.7917": [1.58, 0, 45],
						"0.8333": [-2.59, 0, 45],
						"0.875": [-6.11, 0, 45],
						"0.9167": [-8.7, 0, 45],
						"0.9583": [-10.1, 0, 45],
						"1.0": [-10, 0, 45],
						"1.0417": [-8.09, 0, 45],
						"1.0833": [-5.38, 0, 45],
						"1.125": [-2.07, 0, 45],
						"1.1667": [1.67, 0, 45],
						"1.2083": [5.65, 0, 45],
						"1.25": [9.69, 0, 45],
						"1.2917": [13.61, 0, 45],
						"1.3333": [17.22, 0, 45],
						"1.375": [20.35, 0, 45],
						"1.4167": [22.81, 0, 45],
						"1.4583": [24.42, 0, 45],
						"1.5": [25, 0, 45],
						"1.5417": [24.24, 0, 45]
					},
					"position": [0, 0, 0]
				},
				"RightForeArm": {
					"rotation": {
						"0.0": [-52.5, 0, 0],
						"0.0417": [-52.67, 0, 0],
						"0.0833": [-53.28, 0, 0],
						"0.125": [-53.46, 0, 0],
						"0.1667": [-52.32, 0, 0],
						"0.2083": [-48.97, 0, 0],
						"0.25": [-44.34, 0, 0],
						"0.2917": [-37.79, 0, 0],
						"0.3333": [-30.15, 0, 0],
						"0.375": [-22.23, 0, 0],
						"0.4167": [-14.85, 0, 0],
						"0.4583": [-8.83, 0, 0],
						"0.5": [-5, 0, 0],
						"0.5417": [-3.15, 0, 0],
						"0.5833": [-3.13, 0, 0],
						"0.625": [-4.6, 0, 0],
						"0.6667": [-7.2, 0, 0],
						"0.7083": [-10.6, 0, 0],
						"0.75": [-14.45, 0, 0],
						"0.7917": [-19.79, 0, 0],
						"0.8333": [-27.12, 0, 0],
						"0.875": [-35.24, 0, 0],
						"0.9167": [-42.97, 0, 0],
						"0.9583": [-49.12, 0, 0],
						"1.0": [-52.5, 0, 0],
						"1.0417": [-52.67, 0, 0],
						"1.0833": [-53.28, 0, 0],
						"1.125": [-53.46, 0, 0],
						"1.1667": [-52.32, 0, 0],
						"1.2083": [-48.97, 0, 0],
						"1.25": [-44.34, 0, 0],
						"1.2917": [-37.79, 0, 0],
						"1.3333": [-30.15, 0, 0],
						"1.375": [-22.23, 0, 0],
						"1.4167": [-14.85, 0, 0],
						"1.4583": [-8.83, 0, 0],
						"1.5": [-5, 0, 0],
						"1.5417": [-3.15, 0, 0],
						"1.5833": [-3.13, 0, 0]
					},
					"position": [0, 0, 0]
				},
				"LeftLeg": {
					"rotation": {
						"0.0": [-10, 0, 0],
						"0.0417": [-8.69, 0, 0],
						"0.0833": [-6.81, 0, 0],
						"0.125": [-4.67, 0, 0],
						"0.1667": [-2.56, 0, 0],
						"0.2083": [-0.79, 0, 0],
						"0.25": [0.33, 0, 0],
						"0.2917": [1.49, 0, 0],
						"0.3333": [2.61, 0, 0],
						"0.375": [3.6, 0, 0],
						"0.4167": [4.39, 0, 0],
						"0.4583": [4.88, 0, 0],
						"0.5": [5, 0, 0],
						"0.5417": [4.57, 0, 0],
						"0.5833": [3.6, 0, 0],
						"0.625": [2.28, 0, 0],
						"0.6667": [0.77, 0, 0],
						"0.7083": [-0.76, 0, 0],
						"0.75": [-2.14, 0, 0],
						"0.7917": [-3.71, 0, 0],
						"0.8333": [-5.66, 0, 0],
						"0.875": [-7.63, 0, 0],
						"0.9167": [-9.26, 0, 0],
						"0.9583": [-10.17, 0, 0],
						"1.0": [-10, 0, 0],
						"1.0417": [-8.69, 0, 0],
						"1.0833": [-6.81, 0, 0],
						"1.125": [-4.67, 0, 0],
						"1.1667": [-2.56, 0, 0],
						"1.2083": [-0.79, 0, 0],
						"1.25": [0.33, 0, 0],
						"1.2917": [1.49, 0, 0],
						"1.3333": [2.61, 0, 0],
						"1.375": [3.6, 0, 0],
						"1.4167": [4.39, 0, 0],
						"1.4583": [4.88, 0, 0],
						"1.5": [5, 0, 0]
					},
					"position": {
						"0.0": [0, 0, 0],
						"0.0417": [0, 0, 0],
						"0.0833": [0, 0, 0],
						"0.125": [0, 0, 0],
						"0.1667": [0, 0, 0],
						"0.2083": [0, 0, 0],
						"0.25": [0, 0, 0],
						"0.2917": [0, 0, 0],
						"0.3333": [0, 0, 0],
						"0.375": [0, 0, 0],
						"0.4167": [0, 0, 0],
						"0.4583": [0, 0, 0],
						"0.5": [0, 0, 0],
						"0.5417": [0, 0, 0],
						"0.5833": [0, 0, 0],
						"0.625": [0, 0, 0],
						"0.6667": [0, 0, 0],
						"0.7083": [0, 0, 0],
						"0.75": [0, 0, 0],
						"0.7917": [0, 0, 0],
						"0.8333": [0, 0, 0],
						"0.875": [0, 0, 0],
						"0.9167": [0, 0, 0],
						"0.9583": [0, 0, 0],
						"1.0": [0, 0, 0]
					}
				},
				"LeftLowerLeg": {
					"rotation": {
						"0.0": [10, 0, 0],
						"0.0417": [8.17, 0, 0],
						"0.0833": [5.4, 0, 0],
						"0.125": [2.44, 0, 0],
						"0.1667": [0.02, 0, 0],
						"0.2083": [-1.12, 0, 0],
						"0.25": [-0.91, 0, 0],
						"0.2917": [-0.04, 0, 0],
						"0.3333": [1.29, 0, 0],
						"0.375": [2.9, 0, 0],
						"0.4167": [4.6, 0, 0],
						"0.4583": [6.19, 0, 0],
						"0.5": [7.5, 0, 0],
						"0.5417": [8.87, 0, 0],
						"0.5833": [10.31, 0, 0],
						"0.625": [11.7, 0, 0],
						"0.6667": [12.92, 0, 0],
						"0.7083": [13.82, 0, 0],
						"0.75": [14.29, 0, 0],
						"0.7917": [14.17, 0, 0],
						"0.8333": [13.52, 0, 0],
						"0.875": [12.57, 0, 0],
						"0.9167": [11.52, 0, 0],
						"0.9583": [10.59, 0, 0],
						"1.0": [10, 0, 0]
					},
					"position": {
						"0.0": [0, 0, 0],
						"0.0417": [0, 0, 0],
						"0.0833": [0, 0, 0],
						"0.125": [0, 0, 0],
						"0.1667": [0, 0, 0],
						"0.2083": [0, 0, 0],
						"0.25": [0, 0, 0],
						"0.2917": [0, 0, 0],
						"0.3333": [0, 0, 0],
						"0.375": [0, 0, 0],
						"0.4167": [0, 0, 0],
						"0.4583": [0, 0, 0],
						"0.5": [0, 0, 0],
						"0.5417": [0, 0, 0],
						"0.5833": [0, 0, 0],
						"0.625": [0, 0, 0],
						"0.6667": [0, 0, 0],
						"0.7083": [0, 0, 0],
						"0.75": [0, 0, 0],
						"0.7917": [0, 0, 0],
						"0.8333": [0, 0, 0],
						"0.875": [0, 0, 0],
						"0.9167": [0, 0, 0],
						"0.9583": [0, 0, 0],
						"1.0": [0, 0, 0]
					}
				},
				"LeftFoot": {
					"rotation": {
						"0.0": [30, 0, 0],
						"0.0417": [29.31, 0, 0],
						"0.0833": [28.34, 0, 0],
						"0.125": [27.14, 0, 0],
						"0.1667": [25.79, 0, 0],
						"0.2083": [24.35, 0, 0],
						"0.25": [22.89, 0, 0],
						"0.2917": [21.48, 0, 0],
						"0.3333": [20.18, 0, 0],
						"0.375": [19.07, 0, 0],
						"0.4167": [18.21, 0, 0],
						"0.4583": [17.66, 0, 0],
						"0.5": [17.5, 0, 0],
						"0.5417": [18.22, 0, 0],
						"0.5833": [19.97, 0, 0],
						"0.625": [22.37, 0, 0],
						"0.6667": [25.06, 0, 0],
						"0.7083": [27.69, 0, 0],
						"0.75": [29.89, 0, 0],
						"0.7917": [31.3, 0, 0],
						"0.8333": [31.99, 0, 0],
						"0.875": [31.81, 0, 0],
						"0.9167": [31.15, 0, 0],
						"0.9583": [30.42, 0, 0],
						"1.0": [30, 0, 0]
					},
					"position": {
						"0.0": [0, 0, 0],
						"0.0417": [0, 0, 0],
						"0.0833": [0, 0, 0],
						"0.125": [0, 0, 0],
						"0.1667": [0, 0, 0],
						"0.2083": [0, 0, 0],
						"0.25": [0, 0, 0],
						"0.2917": [0, 0, 0],
						"0.3333": [0, 0, 0],
						"0.375": [0, 0, 0],
						"0.4167": [0, 0, 0],
						"0.4583": [0, 0, 0],
						"0.5": [0, 0, 0],
						"0.5417": [0, 0, 0],
						"0.5833": [0, 0, 0],
						"0.625": [0, 0, 0],
						"0.6667": [0, 0, 0],
						"0.7083": [0, 0, 0],
						"0.75": [0, 0, 0],
						"0.7917": [0, 0, 0],
						"0.8333": [0, 0, 0],
						"0.875": [0, 0, 0],
						"0.9167": [0, 0, 0],
						"0.9583": [0, 0, 0],
						"1.0": [0, 0, 0]
					}
				},
				"RightLeg": {
					"rotation": {
						"0.0": [5, 0, 0],
						"0.0417": [4.23, 0, 0],
						"0.0833": [3.18, 0, 0],
						"0.125": [1.92, 0, 0],
						"0.1667": [0.56, 0, 0],
						"0.2083": [-0.83, 0, 0],
						"0.25": [-2.14, 0, 0],
						"0.2917": [-3.61, 0, 0],
						"0.3333": [-5.34, 0, 0],
						"0.375": [-7.09, 0, 0],
						"0.4167": [-8.62, 0, 0],
						"0.4583": [-9.67, 0, 0],
						"0.5": [-10, 0, 0],
						"0.5417": [-9.2, 0, 0],
						"0.5833": [-7.38, 0, 0],
						"0.625": [-5.05, 0, 0],
						"0.6667": [-2.68, 0, 0],
						"0.7083": [-0.79, 0, 0],
						"0.75": [0.4, 0, 0],
						"0.7917": [1.72, 0, 0],
						"0.8333": [3.02, 0, 0],
						"0.875": [4.16, 0, 0],
						"0.9167": [4.96, 0, 0],
						"0.9583": [5.3, 0, 0],
						"1.0": [5, 0, 0],
						"1.0417": [4.23, 0, 0],
						"1.0833": [3.18, 0, 0],
						"1.125": [1.92, 0, 0],
						"1.1667": [0.56, 0, 0],
						"1.2083": [-0.83, 0, 0],
						"1.25": [-2.14, 0, 0],
						"1.2917": [-3.61, 0, 0],
						"1.3333": [-5.34, 0, 0],
						"1.375": [-7.09, 0, 0],
						"1.4167": [-8.62, 0, 0],
						"1.4583": [-9.67, 0, 0],
						"1.5": [-10, 0, 0],
						"1.5417": [-9.2, 0, 0],
						"1.5833": [-7.38, 0, 0],
						"1.625": [-5.05, 0, 0]
					},
					"position": {
						"0.0": [0, 0, 0],
						"0.0417": [0, 0, 0],
						"0.0833": [0, 0, 0],
						"0.125": [0, 0, 0],
						"0.1667": [0, 0, 0],
						"0.2083": [0, 0, 0],
						"0.25": [0, 0, 0],
						"0.2917": [0, 0, 0],
						"0.3333": [0, 0, 0],
						"0.375": [0, 0, 0],
						"0.4167": [0, 0, 0],
						"0.4583": [0, 0, 0],
						"0.5": [0, 0, 0],
						"0.5417": [0, 0, 0],
						"0.5833": [0, 0, 0],
						"0.625": [0, 0, 0],
						"0.6667": [0, 0, 0],
						"0.7083": [0, 0, 0],
						"0.75": [0, 0, 0],
						"0.7917": [0, 0, 0],
						"0.8333": [0, 0, 0],
						"0.875": [0, 0, 0],
						"0.9167": [0, 0, 0],
						"0.9583": [0, 0, 0],
						"1.0": [0, 0, 0]
					}
				},
				"RightLowerLeg": {
					"rotation": {
						"0.0": [7.5, 0, 0],
						"0.0417": [8.37, 0, 0],
						"0.0833": [9.67, 0, 0],
						"0.125": [11.16, 0, 0],
						"0.1667": [12.6, 0, 0],
						"0.2083": [13.72, 0, 0],
						"0.25": [14.29, 0, 0],
						"0.2917": [14.3, 0, 0],
						"0.3333": [13.93, 0, 0],
						"0.375": [13.26, 0, 0],
						"0.4167": [12.35, 0, 0],
						"0.4583": [11.24, 0, 0],
						"0.5": [10, 0, 0],
						"0.5417": [7.9, 0, 0],
						"0.5833": [5.1, 0, 0],
						"0.625": [2.23, 0, 0],
						"0.6667": [-0.05, 0, 0],
						"0.7083": [-1.12, 0, 0],
						"0.75": [-0.85, 0, 0],
						"0.7917": [0.16, 0, 0],
						"0.8333": [1.65, 0, 0],
						"0.875": [3.37, 0, 0],
						"0.9167": [5.09, 0, 0],
						"0.9583": [6.55, 0, 0],
						"1.0": [7.5, 0, 0]
					},
					"position": {
						"0.0": [0, 0, 0],
						"0.0417": [0, 0, 0],
						"0.0833": [0, 0, 0],
						"0.125": [0, 0, 0],
						"0.1667": [0, 0, 0],
						"0.2083": [0, 0, 0],
						"0.25": [0, 0, 0],
						"0.2917": [0, 0, 0],
						"0.3333": [0, 0, 0],
						"0.375": [0, 0, 0],
						"0.4167": [0, 0, 0],
						"0.4583": [0, 0, 0],
						"0.5": [0, 0, 0],
						"0.5417": [0, 0, 0],
						"0.5833": [0, 0, 0],
						"0.625": [0, 0, 0],
						"0.6667": [0, 0, 0],
						"0.7083": [0, 0, 0],
						"0.75": [0, 0, 0],
						"0.7917": [0, 0, 0],
						"0.8333": [0, 0, 0],
						"0.875": [0, 0, 0],
						"0.9167": [0, 0, 0],
						"0.9583": [0, 0, 0],
						"1.0": [0, 0, 0]
					}
				},
				"RightFoot": {
					"rotation": {
						"0.0": [17.5, 0, 0],
						"0.0417": [18.88, 0, 0],
						"0.0833": [20.88, 0, 0],
						"0.125": [23.24, 0, 0],
						"0.1667": [25.72, 0, 0],
						"0.2083": [28.05, 0, 0],
						"0.25": [30, 0, 0],
						"0.2917": [31.3, 0, 0],
						"0.3333": [32.19, 0, 0],
						"0.375": [32.4, 0, 0],
						"0.4167": [32.05, 0, 0],
						"0.4583": [31.22, 0, 0],
						"0.5": [30, 0, 0],
						"0.5417": [29.31, 0, 0],
						"0.5833": [28.42, 0, 0],
						"0.625": [27.37, 0, 0],
						"0.6667": [26.2, 0, 0],
						"0.7083": [24.95, 0, 0],
						"0.75": [23.67, 0, 0],
						"0.7917": [22.39, 0, 0],
						"0.8333": [21.16, 0, 0],
						"0.875": [20.01, 0, 0],
						"0.9167": [18.99, 0, 0],
						"0.9583": [18.14, 0, 0],
						"1.0": [17.5, 0, 0]
					},
					"position": {
						"0.0": [0, 0, 0],
						"0.0417": [0, 0, 0],
						"0.0833": [0, 0, 0],
						"0.125": [0, 0, 0],
						"0.1667": [0, 0, 0],
						"0.2083": [0, 0, 0],
						"0.25": [0, 0, 0],
						"0.2917": [0, 0, 0],
						"0.3333": [0, 0, 0],
						"0.375": [0, 0, 0],
						"0.4167": [0, 0, 0],
						"0.4583": [0, 0, 0],
						"0.5": [0, 0, 0],
						"0.5417": [0, 0, 0],
						"0.5833": [0, 0, 0],
						"0.625": [0, 0, 0],
						"0.6667": [0, 0, 0],
						"0.7083": [0, 0, 0],
						"0.75": [0, 0, 0],
						"0.7917": [0, 0, 0],
						"0.8333": [0, 0, 0],
						"0.875": [0, 0, 0],
						"0.9167": [0, 0, 0],
						"0.9583": [0, 0, 0],
						"1.0": [0, 0, 0]
					}
				},
				"AllBody": {
					"rotation": [0, 0, 0],
					"position": [0, 0, 0],
					"scale": 1
				},
				"AllHead": {
					"rotation": [0, 0, 0],
					"position": [0, 0, 0]
				},
				"Head": {
					"rotation": {
						"0.0": [0, 0, 0],
						"0.0417": [0.14, 0, 0],
						"0.0833": [0.33, 0, 0],
						"0.125": [0.57, 0, 0],
						"0.1667": [0.83, 0, 0],
						"0.2083": [1.12, 0, 0],
						"0.25": [1.41, 0, 0],
						"0.2917": [1.69, 0, 0],
						"0.3333": [1.94, 0, 0],
						"0.375": [2.17, 0, 0],
						"0.4167": [2.34, 0, 0],
						"0.4583": [2.46, 0, 0],
						"0.5": [2.5, 0, 0],
						"0.5417": [2.46, 0, 0],
						"0.5833": [2.34, 0, 0],
						"0.625": [2.17, 0, 0],
						"0.6667": [1.94, 0, 0],
						"0.7083": [1.69, 0, 0],
						"0.75": [1.41, 0, 0],
						"0.7917": [1.12, 0, 0],
						"0.8333": [0.83, 0, 0],
						"0.875": [0.57, 0, 0],
						"0.9167": [0.33, 0, 0],
						"0.9583": [0.14, 0, 0],
						"1.0": [0, 0, 0]
					},
					"position": [0, 0, 0]
				}
			}
		},
		"boat": {
			"animation_length": 0.375,
			"bones": {
				"Root": {
					"rotation": [-90, 0, 0]
				},
				"UpBody": {
					"rotation": [105, 0, 0],
					"position": [0, 0, 0]
				},
				"UpperBody": {
					"rotation": [15, 0, 0],
					"position": [0, 0, 0]
				},
				"LeftArm": {
					"rotation": [-73.10435, 21.54147, 7.02985],
					"position": [0, 0, 0]
				},
				"LeftForeArm": {
					"rotation": [-15, 0, 0],
					"position": [0, 0, 0]
				},
				"RightArm": {
					"rotation": [-67.86613, -13.40905, -8.34062],
					"position": [0, 0, 0]
				},
				"RightForeArm": {
					"rotation": [-17.5, 0, 0],
					"position": [0, 0, 0]
				},
				"LeftLeg": {
					"rotation": [-116.94935, -9.53966, 79.25409],
					"position": [0, 0, 0]
				},
				"LeftLowerLeg": {
					"rotation": [134.04816, -1.3847, 6.57942],
					"position": [0, 0, 0]
				},
				"LeftFoot": {
					"rotation": [35, 0, 0],
					"position": [0, 0, 0]
				},
				"RightLeg": {
					"rotation": [-126.38356, 19.6835, -79.37242],
					"position": [0, 0, 0]
				},
				"RightLowerLeg": {
					"rotation": [125.02687, -1.91486, -1.60757],
					"position": [0, 0, 0]
				},
				"RightFoot": {
					"rotation": [40, 0, 0],
					"position": [0, 0, 0]
				},
				"AllBody": {
					"rotation": [0, 0, 0],
					"position": [0, -20, -18],
					"scale": 1
				},
				"AllHead": {
					"rotation": [0, 0, 0],
					"position": [0, 0, 0]
				},
				"Head": {
					"rotation": [-27.5, 0, 0],
					"position": [0, 0, 0]
				},
				"DownBody": {
					"rotation": [70, 0, 0]
				},
				"RightSole": {
					"rotation": [0, 0, 0]
				}
			}
		},
		"climbing": {
			"loop": true,
			"bones": {
				"Root": {
					"rotation": [90, 0, 0],
					"position": [0, 2, 19],
					"scale": 1
				},
				"UpBody": {
					"rotation": [0, 0, 0],
					"position": [0, 0, 0]
				},
				"UpperBody": {
					"rotation": [0, 0, 0],
					"position": [0, 0, 0]
				},
				"LeftArm": {
					"rotation": [0, 0, -145],
					"position": [0, 0, 0]
				},
				"LeftForeArm": {
					"rotation": [0, 0, -60],
					"position": [0, 0, 0]
				},
				"RightArm": {
					"rotation": [0, 0, 145],
					"position": [0, 0, 0]
				},
				"RightForeArm": {
					"rotation": [0, 0, 60],
					"position": [0, 0, 0]
				},
				"LeftLeg": {
					"rotation": [0, 0, 0],
					"position": [0, 0, 0]
				},
				"LeftLowerLeg": {
					"rotation": [0, 0, 0],
					"position": [0, 0, 0]
				},
				"LeftFoot": {
					"rotation": [45, 0, 0],
					"position": [0, 0, 0]
				},
				"RightLeg": {
					"rotation": [0, 0, 0],
					"position": [0, 0, 0]
				},
				"RightLowerLeg": {
					"rotation": [0, 0, 0],
					"position": [0, 0, 0]
				},
				"RightFoot": {
					"rotation": [45, 0, 0],
					"position": [0, 0, 0]
				},
				"AllBody": {
					"rotation": [0, 0, 0],
					"position": [0, 0, 0],
					"scale": 1
				},
				"AllHead": {
					"rotation": [0, 0, 0],
					"position": [0, 0, 0]
				},
				"Head": {
					"rotation": [-90, 0, 0],
					"position": [0, 0, 0]
				}
			}
		},
		"use_righthand": {
			"animation_length": 0.25,
			"bones": {
				"mainhand": {
					"rotation": {
						"0.0": [0, 0, 0],
						"0.0417": [3.52, 1.12, 18.13],
						"0.0833": [-7.5, 0, 35],
						"0.125": [-43.79, -17.87, 24.92],
						"0.1667": [-45.07, -31.77, 9.3],
						"0.2083": [-22.62, -16.75, 3.67],
						"0.25": [0, 0, 0]
					}
				}
			}
		},
		"use_lefthand": {
			"animation_length": 0.25,
			"bones": {
				"LeftArm": {
					"rotation": {
						"0.0": [0, 0, 0],
						"0.0417": [3.52, -1.12, -18.13],
						"0.0833": [-7.5, 0, -35],
						"0.125": [-43.79, 17.87, -24.92],
						"0.1667": [-45.07, 31.77, -9.3],
						"0.2083": [-22.62, 16.75, -3.67],
						"0.25": [0, 0, 0]
					}
				},
				"LeftForeArm": {
					"rotation": {
						"0.0": [0, 0, 0],
						"0.0417": [-17.97, 0, 0],
						"0.0833": [-122.5, 0, 0],
						"0.125": [-76.22, 0, 0],
						"0.1667": [-15, 0, 0],
						"0.2083": [-0.78, 0, 0],
						"0.25": [0, 0, 0]
					}
				}
			}
		},
		"walk": {
			"animation_length": 4.4,
			"bones": {
				"spider_body": {
					"rotation": {
						"0.0": [0, 0, 0],
						"0.52": [-5, 0, 0],
						"1.04": [0, 0, 0],
						"1.6": [-5, 0, 0],
						"2.24": [0, 0, 0],
						"2.68": [-5, 0, 0],
						"3.24": [0, 0, 0],
						"3.76": [-5, 0, 0],
						"4.4": [0, 0, 0]
					},
					"position": {
						"0.0": [0, 0, 0],
						"0.52": [0, 0, 0],
						"1.04": [0, 0, 0],
						"1.6": [0, 0, 0],
						"2.24": [0, 0, 0],
						"2.68": [0, 0, 0],
						"3.24": [0, 0, 0],
						"3.76": [0, 0, 0],
						"4.4": [0, 0, 0]
					}
				},
				"offhand": {
					"rotation": {
						"0.52": [0, 0, 0],
						"1.16": [-24.44227, 34.976, -1.43003],
						"1.4": [-24.44227, 34.976, -1.43003],
						"2.28": [0, 0, 0]
					},
					"position": {
						"0.52": [0, 0, 0],
						"1.16": [0, 0, 0],
						"1.4": [0, 0, 0],
						"2.28": [0, 0, 0]
					}
				},
				"leg0": {
					"rotation": {
						"0.0": [0, 0, 0],
						"0.28": [-0.2005, -6.61998, -1.05522],
						"0.52": [13.68655, -12.41245, -1.97854],
						"1.04": [7.5, 0, 0],
						"1.6": [2.5, 0, 0],
						"2.24": [0, 0, 0],
						"2.44": [-0.2005, -6.61998, -1.05522],
						"2.68": [13.68655, -12.41245, -1.97854],
						"3.24": [12.5, 0, 0],
						"3.76": [7.5, 0, 0],
						"4.4": [0, 0, 0]
					},
					"position": {
						"0.0": [0, 0, 0],
						"0.52": [0, 0, -2],
						"1.04": [0, -1, 0],
						"1.6": [0, 0, -2],
						"2.24": [0, 0, 0],
						"2.68": [0, 0, -2],
						"3.24": [0, 0, 0],
						"3.76": [0, 0, -2],
						"4.4": [0, 0, 0]
					}
				},
				"leg1": {
					"rotation": {
						"0.0": [0, 0, 0],
						"0.52": [7.5, 0, 0],
						"1.04": [0, 0, 0],
						"1.36": [4.70378, 15.41575, 1.86394],
						"1.6": [18.83965, 14.89272, 2.13807],
						"2.24": [0, 0, 0],
						"2.68": [13.70315, -8.93069, -9.44088],
						"3.24": [0, 0, 0],
						"3.48": [4.70378, 15.41575, 1.86394],
						"3.76": [18.83965, 14.89272, 2.13807],
						"4.4": [0, 0, 0]
					},
					"position": {
						"0.0": [0, 0, 0],
						"0.52": [1, 0, -2],
						"1.04": [0, 0, 0],
						"1.6": [1, 1, -2],
						"2.24": [0, 0, 0],
						"2.68": [1, 0, -2],
						"3.24": [0, 0, 0],
						"3.76": [1, 1, -2],
						"4.4": [0, 0, 0]
					}
				},
				"leg2": {
					"rotation": {
						"0.0": [0, 0, 0],
						"0.52": [214.31267, -7.64198, 210.72465],
						"1.04": [337.44387, -1.14994, 357.05053],
						"1.6": [374.09573, -9.35324, 370.34941],
						"2.68": [131.82304, -6.96646, 127.17674],
						"3.24": [-4.86385, -2.74739, 12.46441],
						"3.76": [-3.61683, -21.50163, -10.45494],
						"4.4": [0, 0, 0]
					},
					"position": {
						"0.0": [0, 0, 0],
						"0.52": [0, -2, 0],
						"1.04": [0, 3.64, 1],
						"2.68": [3, -0.7, 0],
						"3.24": [-0.96, 2.52, 0],
						"4.4": [0, 0, 0]
					}
				},
				"leg3": {
					"rotation": {
						"0.0": [0, 0, 0],
						"0.28": [-20.83283, 0.85829, 5.37902],
						"0.52": [1.42435, 14.98501, 1.26852],
						"1.04": [0, 0, 0],
						"1.6": [69.05314, -16.62026, -69.86663],
						"2.2": [-14.54844, -1.31213, -5.51579],
						"2.68": [2.5, 0, 0],
						"3.24": [0, 0, 0],
						"3.76": [87.651, -16.43495, -85.46824],
						"4.4": [0, 0, 0]
					},
					"position": {
						"0.0": [0, 0, 0],
						"0.28": [8, 0, -8],
						"1.04": [0, -1, 0],
						"2.2": [7, 2, 0],
						"3.24": [0, 0, 0],
						"4.4": [0, 0, 0]
					}
				},
				"leg4": {
					"rotation": {
						"0.0": [0, 0, 0],
						"0.52": [2.5, 0, 0],
						"1.36": [31.95523, -16.7627, -52.96553],
						"1.6": [85.3981, -26.33339, -87.17286],
						"2.24": [0, 0, 0],
						"2.68": [2.5, 0, 0],
						"3.24": [-9.70382, -8.04926, -15.32718],
						"3.76": [40.93125, -24.60909, -38.19768],
						"4.4": [0, 0, 0]
					},
					"position": {
						"0.0": [0, 0, 0],
						"1.04": [0, 5, 0],
						"1.6": [-2, 0, 0],
						"2.24": [0, 0, 0],
						"3.24": [0, 0, 0],
						"4.4": [0, 0, 0]
					}
				},
				"leg5": {
					"rotation": {
						"0.0": [0, 0, 0],
						"0.28": [16.40617, 11.40868, 33.12099],
						"0.52": [43.02343, 9.74366, 37.64075],
						"1.04": [0, 0, 0],
						"1.6": [-11.72628, -9.17823, -26.40535],
						"2.2": [3.28907, 0.17749, 13.13227],
						"2.44": [6.70852, 19.82664, 23.21986],
						"2.72": [43.21901, 27.34823, 36.42633],
						"3.28": [0, 0, 0],
						"3.84": [-3.26607, 0.04928, -13.1145],
						"4.4": [0, 0, 0]
					},
					"position": {
						"0.0": [0, 0, 0],
						"1.04": [0, -1, 0],
						"2.2": [-4, 4, 4],
						"3.28": [0, 0, 0],
						"4.4": [0, 0, 0]
					}
				},
				"leg6": {
					"rotation": {
						"0.0": [0, 0, 0],
						"0.52": [1.1845, -10.0021, -10.78908],
						"1.04": [-20, 0, 0],
						"1.6": [-9.45527, 27.64438, -14.01634],
						"2.24": [0, 0, 0],
						"2.68": [1.41985, -12.76525, -19.34416],
						"3.24": [-12.26969, 17.49334, 0.53661],
						"3.76": [0.23202, 34.6667, -9.23367],
						"4.4": [0, 0, 0]
					},
					"position": {
						"0.0": [0, 0, 0],
						"1.04": [0, 3, 0],
						"2.24": [0, 0, 0],
						"3.24": [0, 0, 0],
						"4.4": [0, 0, 0]
					}
				},
				"leg7": {
					"rotation": {
						"0.0": [0, 0, 0],
						"0.28": [-19.2171, -12.75119, 1.24304],
						"0.52": [1.46795, -23.90848, 2.3307],
						"1.04": [0, 0, 0],
						"1.6": [2.5, 0, 0],
						"2.2": [-22.3, 0, 0],
						"2.68": [10.74334, -30.83686, -0.40395],
						"3.24": [0, 0, 0],
						"3.76": [2.5, 0, 0],
						"4.4": [0, 0, 0]
					},
					"position": {
						"0.0": [0, 0, 0],
						"1.04": [0, -2, 0],
						"2.2": [0, 3, 1],
						"3.24": [0, 0, 0],
						"4.4": [0, 0, 0]
					}
				},
				"all": {
					"position": {
						"0.0": [0, -2, 0],
						"0.52": [0, 0, 0],
						"1.04": [0, -2, 0],
						"1.6": [0, 0, 0],
						"2.24": [0, -2, 0],
						"2.68": [0, 0, 0],
						"3.24": [0, -2, 0],
						"3.76": [0, 0, 0],
						"4.4": [0, -2, 0]
					}
				},
				"bone": {
					"rotation": {
						"0.0": [0, 0, 0],
						"0.52": [0, -10, 0],
						"1.04": [0, 0, 0],
						"1.6": [0, 12.5, 0],
						"2.24": [0, 0, 0],
						"2.68": [0, -10, 0],
						"3.24": [0, 0, 0],
						"3.76": [0, 12.5, 0],
						"4.4": [0, 0, 0]
					},
					"position": {
						"0.0": [0, 0, 0],
						"0.52": [0, 2, 0],
						"1.04": [0, 0, 0],
						"1.6": [0, 2, 0],
						"2.24": [0, 0, 0],
						"2.68": [0, 2, 0],
						"3.24": [0, 0, 0],
						"3.76": [0, 2, 0],
						"4.4": [0, 0, 0]
					}
				},
				"bone2": {
					"rotation": {
						"0.0": [0, 0, 0],
						"0.56": [0, 0, 0],
						"1.04": [-38.96, 0, 0],
						"1.6": [-27.5, 0, 0],
						"2.24": [0, 0, 0],
						"2.68": [0, 0, 0],
						"3.24": [-38.96, 0, 0],
						"3.76": [-27.5, 0, 0],
						"4.4": [0, 0, 0]
					},
					"position": {
						"0.0": [0, 0, 0],
						"0.56": [0, 0, 0],
						"1.04": [0, 2.42, 0],
						"1.6": [0, 1, 0],
						"2.24": [0, 0, 0],
						"2.68": [0, 0, 0],
						"3.24": [0, 2.42, 0],
						"3.76": [0, 1, 0],
						"4.4": [0, 0, 0]
					}
				},
				"bone3": {
					"rotation": {
						"0.0": [0, 0, 0],
						"0.28": [-27.17, 0, 0],
						"0.52": [-27.5, 0, 0],
						"1.6": [0, 0, 0],
						"2.24": [-27.17, 0, 0],
						"2.68": [-27.5, 0, 0],
						"4.4": [0, 0, 0]
					},
					"position": {
						"0.0": [0, 0, 0],
						"0.28": [0, 2.6, 0],
						"0.52": [0, 3, 0],
						"1.6": [0, 0, 0],
						"2.24": [0, 2.6, 0],
						"2.68": [0, 3, 0],
						"4.4": [0, 0, 0]
					}
				},
				"body": {
					"rotation": {
						"0.0": [0, 0, 0],
						"0.52": [0, 7.5, 0],
						"1.04": [0, 0, 0],
						"1.6": [0, -15, 0],
						"2.24": [0, 7.5, 0],
						"2.68": [0, 7.5, 0],
						"3.24": [0, 0, 0],
						"3.76": [0, -15, 0],
						"4.4": [0, 0, 0]
					},
					"position": {
						"0.0": [0, 0, 0],
						"0.52": [-1, 0, 0],
						"1.04": [0, 0, 0],
						"1.6": [0, 0, 0],
						"2.24": [-1, 0, 0],
						"2.68": [-1, 0, 0],
						"3.24": [0, 0, 0],
						"3.76": [0, 0, 0],
						"4.4": [0, 0, 0]
					}
				},
				"s": {
					"rotation": {
						"0.0": [0, 0, 0],
						"0.48": [7.94582, 11.73507, 4.3361],
						"1.04": [7.39126, -1.855, -2.05196],
						"1.56": [8.37372, -15.42169, -8.54053],
						"2.2": [7.37802, 0.41296, -0.99996],
						"2.64": [7.7454, 9.47565, 3.24738],
						"3.16": [7.39126, -1.855, -2.05196],
						"3.68": [8.09707, -13.16959, -7.42038],
						"4.36": [0, 0, 0]
					}
				}
			}
		},
		"idle": {
			"animation_length": 7.76,
			"bones": {
				"spider_body": {
					"rotation": {
						"0.0": [0, 0, 0],
						"1.2": [-5, 0, 0],
						"2.48": [0, 0, 0],
						"3.68": [-5, 0, 0],
						"5.2": [0, 0, 0],
						"6.4": [-5, 0, 0],
						"7.76": [0, 0, 0]
					},
					"position": {
						"0.0": [0, 0, 0],
						"1.2": [0, 0, 0],
						"2.48": [0, 0, 0],
						"3.68": [0, 0, 0],
						"5.2": [0, 0, 0],
						"6.4": [0, 0, 0],
						"7.76": [0, 0, 0]
					}
				},
				"offhand": {
					"rotation": {
						"1.2": [0, 0, 0],
						"2.72": [-24.44227, 34.976, -1.43003],
						"3.24": [-24.44227, 34.976, -1.43003],
						"5.28": [0, 0, 0]
					},
					"position": {
						"1.2": [0, 0, 0],
						"2.72": [0, 0, 2],
						"3.24": [0, 0, 0],
						"5.28": [0, 0, 0]
					}
				},
				"leg0": {
					"rotation": {
						"0.0": [0, 0, 0],
						"1.2": [7.5, 0, 0],
						"2.48": [0, 0, 0],
						"3.68": [7.5, 0, 0],
						"5.2": [0, 0, 0],
						"6.4": [7.5, 0, 0],
						"7.76": [0, 0, 0]
					},
					"position": {
						"0.0": [0, 0, 0],
						"1.2": [0, 0, -2],
						"2.48": [0, 0, 0],
						"3.68": [0, 0, -2],
						"5.2": [0, 0, 0],
						"6.4": [0, 0, -2],
						"7.76": [0, 0, 0]
					}
				},
				"leg1": {
					"rotation": {
						"0.0": [0, 0, 0],
						"1.2": [7.5, 0, 0],
						"2.48": [0, 0, 0],
						"3.68": [7.5, 0, 0],
						"5.2": [0, 0, 0],
						"6.4": [7.5, 0, 0],
						"7.76": [0, 0, 0]
					},
					"position": {
						"0.0": [0, 0, 0],
						"1.2": [1, 0, -2],
						"2.48": [0, 0, 0],
						"3.68": [1, 0, -2],
						"5.2": [0, 0, 0],
						"6.4": [1, 0, -2],
						"7.76": [0, 0, 0]
					}
				},
				"leg2": {
					"rotation": {
						"0.0": [0, 0, 0],
						"1.2": [5, 0, 0],
						"2.48": [0, 0, 0],
						"3.68": [5, 0, 0],
						"5.2": [0, 0, 0],
						"6.4": [5, 0, 0],
						"7.76": [0, 0, 0]
					},
					"position": {
						"0.0": [0, 0, 0],
						"2.48": [0, 0, 0],
						"5.2": [0, 0, 0],
						"7.76": [0, 0, 0]
					}
				},
				"leg3": {
					"rotation": {
						"0.0": [0, 0, 0],
						"1.2": [2.5, 0, 0],
						"2.48": [0, 0, 0],
						"3.68": [2.5, 0, 0],
						"5.2": [0, 0, 0],
						"6.4": [2.5, 0, 0],
						"7.76": [0, 0, 0]
					},
					"position": {
						"0.0": [0, 0, 0],
						"2.48": [0, 0, 0],
						"5.2": [0, 0, 0],
						"7.76": [0, 0, 0]
					}
				},
				"leg4": {
					"rotation": {
						"0.0": [0, 0, 0],
						"1.2": [2.5, 0, 0],
						"2.48": [0, 0, 0],
						"3.68": [2.5, 0, 0],
						"5.2": [0, 0, 0],
						"6.4": [2.5, 0, 0],
						"7.76": [0, 0, 0]
					},
					"position": {
						"0.0": [0, 0, 0],
						"2.48": [0, 0, 0],
						"5.2": [0, 0, 0],
						"7.76": [0, 0, 0]
					}
				},
				"leg5": {
					"rotation": {
						"0.0": [0, 0, 0],
						"1.2": [2.5, 0, 0],
						"2.48": [0, 0, 0],
						"3.68": [2.5, 0, 0],
						"5.2": [0, 0, 0],
						"6.4": [2.5, 0, 0],
						"7.76": [0, 0, 0]
					},
					"position": {
						"0.0": [0, 0, 0],
						"2.48": [0, 0, 0],
						"5.2": [0, 0, 0],
						"7.76": [0, 0, 0]
					}
				},
				"leg6": {
					"rotation": {
						"0.0": [0, 0, 0],
						"1.2": [2.5, 0, 0],
						"2.48": [0, 0, 0],
						"3.68": [2.5, 0, 0],
						"5.2": [0, 0, 0],
						"6.4": [2.5, 0, 0],
						"7.76": [0, 0, 0]
					},
					"position": {
						"0.0": [0, 0, 0],
						"2.48": [0, 0, 0],
						"5.2": [0, 0, 0],
						"7.76": [0, 0, 0]
					}
				},
				"leg7": {
					"rotation": {
						"0.0": [0, 0, 0],
						"1.2": [2.5, 0, 0],
						"2.48": [0, 0, 0],
						"3.68": [2.5, 0, 0],
						"5.2": [0, 0, 0],
						"6.4": [2.5, 0, 0],
						"7.76": [0, 0, 0]
					},
					"position": {
						"0.0": [0, 0, 0],
						"2.48": [0, 0, 0],
						"5.2": [0, 0, 0],
						"7.76": [0, 0, 0]
					}
				},
				"all": {
					"position": {
						"0.0": [0, -2, 0],
						"1.2": [0, 0, 0],
						"2.48": [0, -2, 0],
						"3.68": [0, 0, 0],
						"5.2": [0, -2, 0],
						"6.4": [0, 0, 0],
						"7.76": [0, -2, 0]
					}
				},
				"bone": {
					"rotation": {
						"0.0": [0, 0, 0],
						"1.2": [0, 0, 0],
						"2.48": [0, 0, 0],
						"3.68": [0, 0, 0],
						"5.2": [0, 0, 0],
						"6.4": [0, 0, 0],
						"7.76": [0, 0, 0]
					},
					"position": {
						"0.0": [0, 0, 0],
						"1.2": [0, 2, 0],
						"2.48": [0, 0, 0],
						"3.68": [0, 2, 0],
						"5.2": [0, 0, 0],
						"6.4": [0, 2, 0],
						"7.76": [0, 0, 0]
					}
				},
				"bone2": {
					"rotation": [0, 0, 0],
					"position": [0, 0, 0]
				},
				"bone3": {
					"rotation": [0, 0, 0],
					"position": [0, 0, 0]
				}
			}
		},
		"sneak": {
			"animation_length": 9.88,
			"bones": {
				"spider_body": {
					"rotation": {
						"0.0": [0, 0, 0],
						"1.12": [-5, 0, 0],
						"2.36": [0, 0, 0],
						"3.52": [-5, 0, 0],
						"4.96": [0, 0, 0],
						"5.92": [-5, 0, 0],
						"7.16": [0, 0, 0],
						"8.36": [-5, 0, 0],
						"9.8": [0, 0, 0]
					},
					"position": {
						"0.0": [0, 0, 0],
						"1.12": [0, 0, 0],
						"2.36": [0, 0, 0],
						"3.52": [0, 0, 0],
						"4.96": [0, 0, 0],
						"5.92": [0, 0, 0],
						"7.16": [0, 0, 0],
						"8.36": [0, 0, 0],
						"9.8": [0, 0, 0]
					}
				},
				"offhand": {
					"rotation": {
						"1.12": [0, 0, 0],
						"2.56": [-24.44227, 34.976, -1.43003],
						"3.12": [-24.44227, 34.976, -1.43003],
						"5.04": [0, 0, 0]
					},
					"position": {
						"1.12": [0, 0, 0],
						"2.56": [0, 0, 0],
						"3.12": [0, 0, 0],
						"5.04": [0, 0, 0]
					}
				},
				"leg0": {
					"rotation": {
						"0.0": [0, 0, 0],
						"0.64": [-0.2005, -6.61998, -1.05522],
						"1.12": [13.68655, -12.41245, -1.97854],
						"2.36": [7.5, 0, 0],
						"3.52": [2.5, 0, 0],
						"4.96": [0, 0, 0],
						"5.4": [-0.2005, -6.61998, -1.05522],
						"5.92": [13.68655, -12.41245, -1.97854],
						"7.16": [12.5, 0, 0],
						"8.36": [7.5, 0, 0],
						"9.8": [0, 0, 0]
					},
					"position": {
						"0.0": [0, 0, 0],
						"1.12": [0, 0, -2],
						"2.36": [0, -1, 0],
						"3.52": [0, 0, -2],
						"4.96": [0, 0, 0],
						"5.92": [0, 0, -2],
						"7.16": [0, 0, 0],
						"8.36": [0, 0, -2],
						"9.8": [0, 0, 0]
					}
				},
				"leg1": {
					"rotation": {
						"0.0": [0, 0, 0],
						"1.12": [7.5, 0, 0],
						"2.36": [0, 0, 0],
						"3.0": [4.70378, 15.41575, 1.86394],
						"3.52": [18.83965, 14.89272, 2.13807],
						"4.96": [0, 0, 0],
						"5.92": [13.70315, -8.93069, -9.44088],
						"7.16": [0, 0, 0],
						"7.76": [4.70378, 15.41575, 1.86394],
						"8.36": [18.83965, 14.89272, 2.13807],
						"9.8": [0, 0, 0]
					},
					"position": {
						"0.0": [0, 0, 0],
						"1.12": [1, 0, -2],
						"2.36": [0, 0, 0],
						"3.52": [1, 1, -2],
						"4.96": [0, 0, 0],
						"5.92": [1, 0, -2],
						"7.16": [0, 0, 0],
						"8.36": [1, 1, -2],
						"9.8": [0, 0, 0]
					}
				},
				"leg2": {
					"rotation": {
						"0.0": [0, 0, 0],
						"1.12": [214.31267, -7.64198, 210.72465],
						"2.36": [337.44387, -1.14994, 357.05053],
						"3.52": [374.09573, -9.35324, 370.34941],
						"5.92": [131.82304, -6.96646, 127.17674],
						"7.16": [-4.86385, -2.74739, 12.46441],
						"8.36": [-3.61683, -21.50163, -10.45494],
						"9.8": [0, 0, 0]
					},
					"position": {
						"0.0": [0, 0, 0],
						"1.12": [0, -2, 0],
						"2.36": [0, 3.64, 1],
						"5.92": [3, -0.7, 0],
						"7.16": [-0.96, 2.52, 0],
						"9.8": [0, 0, 0]
					}
				},
				"leg3": {
					"rotation": {
						"0.0": [0, 0, 0],
						"0.64": [-20.83283, 0.85829, 5.37902],
						"1.12": [1.42435, 14.98501, 1.26852],
						"2.36": [0, 0, 0],
						"3.52": [69.05314, -16.62026, -69.86663],
						"4.88": [-14.54844, -1.31213, -5.51579],
						"5.92": [2.5, 0, 0],
						"7.16": [0, 0, 0],
						"8.36": [87.651, -16.43495, -85.46824],
						"9.8": [0, 0, 0]
					},
					"position": {
						"0.0": [0, 0, 0],
						"0.64": [8, 0, -8],
						"2.36": [0, -1, 0],
						"4.88": [7, 2, 0],
						"7.16": [0, 0, 0],
						"9.8": [0, 0, 0]
					}
				},
				"leg4": {
					"rotation": {
						"0.0": [0, 0, 0],
						"1.12": [2.5, 0, 0],
						"3.0": [31.95523, -16.7627, -52.96553],
						"3.52": [85.3981, -26.33339, -87.17286],
						"4.96": [0, 0, 0],
						"5.92": [2.5, 0, 0],
						"7.16": [-9.70382, -8.04926, -15.32718],
						"8.36": [40.93125, -24.60909, -38.19768],
						"9.8": [0, 0, 0]
					},
					"position": {
						"0.0": [0, 0, 0],
						"2.36": [0, 5, 0],
						"3.52": [-2, 0, 0],
						"4.96": [0, 0, 0],
						"7.16": [0, 0, 0],
						"9.8": [0, 0, 0]
					}
				},
				"leg5": {
					"rotation": {
						"0.0": [0, 0, 0],
						"0.64": [16.40617, 11.40868, 33.12099],
						"1.12": [43.02343, 9.74366, 37.64075],
						"2.36": [0, 0, 0],
						"3.6": [-11.72628, -9.17823, -26.40535],
						"4.88": [3.28907, 0.17749, 13.13227],
						"5.44": [6.70852, 19.82664, 23.21986],
						"6.04": [43.21901, 27.34823, 36.42633],
						"7.28": [0, 0, 0],
						"8.52": [-3.26607, 0.04928, -13.1145],
						"9.8": [0, 0, 0]
					},
					"position": {
						"0.0": [0, 0, 0],
						"2.36": [0, -1, 0],
						"4.88": [-4, 4, 4],
						"7.28": [0, 0, 0],
						"9.8": [0, 0, 0]
					}
				},
				"leg6": {
					"rotation": {
						"0.0": [0, 0, 0],
						"1.12": [1.1845, -10.0021, -10.78908],
						"2.36": [-20, 0, 0],
						"3.52": [-9.45527, 27.64438, -14.01634],
						"4.96": [0, 0, 0],
						"5.92": [1.41985, -12.76525, -19.34416],
						"7.16": [-12.26969, 17.49334, 0.53661],
						"8.36": [0.23202, 34.6667, -9.23367],
						"9.8": [0, 0, 0]
					},
					"position": {
						"0.0": [0, 0, 0],
						"2.36": [0, 3, 0],
						"4.96": [0, 0, 0],
						"7.16": [0, 0, 0],
						"9.8": [0, 0, 0]
					}
				},
				"leg7": {
					"rotation": {
						"0.0": [0, 0, 0],
						"0.64": [-19.2171, -12.75119, 1.24304],
						"1.12": [1.46795, -23.90848, 2.3307],
						"2.36": [0, 0, 0],
						"3.52": [2.5, 0, 0],
						"4.88": [-22.3, 0, 0],
						"5.92": [10.74334, -30.83686, -0.40395],
						"7.16": [0, 0, 0],
						"8.36": [2.5, 0, 0],
						"9.8": [0, 0, 0]
					},
					"position": {
						"0.0": [0, 0, 0],
						"2.36": [0, -2, 0],
						"4.88": [0, 3, 1],
						"7.16": [0, 0, 0],
						"9.8": [0, 0, 0]
					}
				},
				"all": {
					"position": {
						"0.0": [0, -2, 0],
						"1.12": [0, 0, 0],
						"2.36": [0, -2, 0],
						"3.52": [0, 0, 0],
						"4.96": [0, -2, 0],
						"5.92": [0, 0, 0],
						"7.16": [0, -2, 0],
						"8.36": [0, 0, 0],
						"9.8": [0, -2, 0]
					}
				},
				"bone": {
					"rotation": {
						"0.0": [0, 0, 0],
						"1.12": [0, -10, 0],
						"2.36": [0, 0, 0],
						"3.52": [0, 12.5, 0],
						"4.96": [0, 0, 0],
						"5.92": [0, -10, 0],
						"7.16": [0, 0, 0],
						"8.36": [0, 12.5, 0],
						"9.8": [0, 0, 0]
					},
					"position": {
						"0.0": [0, 0, 0],
						"1.12": [0, 2, 0],
						"2.36": [0, 0, 0],
						"3.52": [0, 2, 0],
						"4.96": [0, 0, 0],
						"5.92": [0, 2, 0],
						"7.16": [0, 0, 0],
						"8.36": [0, 2, 0],
						"9.8": [0, 0, 0]
					}
				},
				"bone2": {
					"rotation": {
						"0.0": [0, 0, 0],
						"1.24": [0, 0, 0],
						"2.36": [-38.96, 0, 0],
						"3.52": [-27.5, 0, 0],
						"4.96": [0, 0, 0],
						"5.92": [0, 0, 0],
						"7.16": [-38.96, 0, 0],
						"8.36": [-27.5, 0, 0],
						"9.8": [0, 0, 0]
					},
					"position": {
						"0.0": [0, 0, 0],
						"1.24": [0, 0, 0],
						"2.36": [0, 2.42, 0],
						"3.52": [0, 1, 0],
						"4.96": [0, 0, 0],
						"5.92": [0, 0, 0],
						"7.16": [0, 2.42, 0],
						"8.36": [0, 1, 0],
						"9.8": [0, 0, 0]
					}
				},
				"bone3": {
					"rotation": {
						"0.0": [0, 0, 0],
						"0.64": [-27.17, 0, 0],
						"1.12": [-27.5, 0, 0],
						"3.6": [0, 0, 0],
						"4.96": [-27.17, 0, 0],
						"5.92": [-27.5, 0, 0],
						"9.8": [0, 0, 0]
					},
					"position": {
						"0.0": [0, 0, 0],
						"0.64": [0, 2.6, 0],
						"1.12": [0, 3, 0],
						"3.6": [0, 0, 0],
						"4.96": [0, 2.6, 0],
						"5.92": [0, 3, 0],
						"9.8": [0, 0, 0]
					}
				},
				"body": {
					"rotation": {
						"0.0": [0, 0, 0],
						"1.12": [0, 7.5, 0],
						"2.36": [0, 0, 0],
						"3.52": [0, -15, 0],
						"4.96": [0, 7.5, 0],
						"5.92": [0, 7.5, 0],
						"7.16": [0, 0, 0],
						"8.36": [0, -15, 0],
						"9.8": [0, 0, 0]
					},
					"position": {
						"0.0": [0, 0, 0],
						"1.12": [-1, 0, 0],
						"2.36": [0, 0, 0],
						"3.52": [0, 0, 0],
						"4.96": [-1, 0, 0],
						"5.92": [-1, 0, 0],
						"7.16": [0, 0, 0],
						"8.36": [0, 0, 0],
						"9.8": [0, 0, 0]
					}
				},
				"s": {
					"rotation": {
						"0.0": [0, 0, 0],
						"1.12": [7.94582, 11.73507, 4.3361],
						"2.4": [7.39126, -1.855, -2.05196],
						"3.52": [8.37372, -15.42169, -8.54053],
						"4.96": [7.37802, 0.41296, -0.99996],
						"6.04": [7.7454, 9.47565, 3.24738],
						"7.2": [7.39126, -1.855, -2.05196],
						"8.36": [8.09707, -13.16959, -7.42038],
						"9.88": [0, 0, 0]
					}
				}
			}
		},
		"fly": {
			"animation_length": 3.44,
			"bones": {
				"hitbox": {
					"position": [-1, 35, -5]
				},
				"bone": {
					"rotation": [127.5, 0, 0],
					"position": [0, 62, 13]
				},
				"body": {
					"rotation": {
						"0.0": [12.81497, 12.69576, -9.74866],
						"1.48": [20.31497, 12.69576, -9.74866],
						"2.96": [12.81497, 12.69576, -9.74866]
					},
					"position": {
						"0.0": [-2, 3, -4],
						"1.48": [-2, 1, -3],
						"2.96": [-2, 3, -4]
					}
				},
				"mainhand": {
					"rotation": [-52.5, 0, 0]
				},
				"offhand": {
					"rotation": {
						"0.0": [-114.90844, 63.98984, -11.92667],
						"1.04": [-125.59275, 40.9661, 17.40551],
						"1.8": [-130.59275, 40.9661, 17.40551],
						"2.96": [-114.90844, 63.98984, -11.92667]
					},
					"position": {
						"0.0": [-0.6, 1, 0.6],
						"1.04": [-1.6, -1, -0.4],
						"1.8": [-1.6, -1, -0.4],
						"2.96": [-0.6, 1, 0.6]
					}
				},
				"leg7": {
					"rotation": {
						"0.0": [40.57257, -17.7155, 21.48056],
						"1.48": [45.57257, -17.7155, 21.48056],
						"2.96": [40.57257, -17.7155, 21.48056]
					},
					"position": {
						"0.0": [2, -3, -2],
						"2.96": [2, -3, -2]
					}
				},
				"leg6": {
					"rotation": {
						"0.0": [33.77133, 26.001, -30.35463],
						"1.48": [53.77133, 26.001, -30.35463],
						"2.96": [33.77133, 26.001, -30.35463]
					},
					"position": {
						"0.0": [4, -5, 0],
						"2.96": [4, -5, 0]
					}
				},
				"leg5": {
					"rotation": {
						"0.0": [42.06591, 6.66343, 0.85363],
						"1.48": [46.6148, 4.78589, -2.52772],
						"2.96": [42.06591, 6.66343, 0.85363]
					},
					"position": {
						"0.0": [-3, -7, 0],
						"2.96": [-3, -7, 0]
					}
				},
				"leg4": {
					"rotation": {
						"0.0": [63.0757, -6.09324, -54.94405],
						"1.48": [71.80951, -13.00577, -48.03508],
						"2.96": [63.0757, -6.09324, -54.94405]
					},
					"position": {
						"0.0": [4, -6, -2],
						"2.96": [4, -6, -2]
					}
				},
				"leg3": {
					"rotation": {
						"0.0": [-40.63717, 2.55574, 39.92108],
						"1.48": [-42.06922, -2.71394, 52.53447],
						"2.96": [-40.63717, 2.55574, 39.92108]
					},
					"position": {
						"0.0": [7, -3, -6],
						"2.96": [7, -3, -6]
					}
				},
				"leg2": {
					"rotation": {
						"0.0": [-53.72473, -2.42796, -76.30333],
						"1.48": [-38.72473, -2.42796, -76.30333],
						"2.96": [-53.72473, -2.42796, -76.30333]
					},
					"position": {
						"0.0": [-3, -3, 3],
						"2.96": [-3, -3, 3]
					}
				},
				"leg1": {
					"rotation": {
						"0.0": [-9.88166, 28.93612, 38.77966],
						"1.48": [-9.71635, 36.32702, 37.49348],
						"2.96": [-9.88166, 28.93612, 38.77966]
					}
				},
				"bone2": {
					"rotation": {
						"0.0": [-52.5, 0, 0],
						"1.48": [-42.5, 0, 0],
						"2.96": [-52.5, 0, 0]
					},
					"position": {
						"0.0": [0, 6, -2],
						"1.48": [0, 3, -2],
						"2.96": [0, 6, -2]
					}
				},
				"leg0": {
					"rotation": {
						"0.0": [-14.99613, -20.38654, -51.53462],
						"1.48": [-13.53124, -37.35639, -47.00099],
						"2.92": [-14.99613, -20.38654, -51.53462]
					},
					"position": {
						"0.0": [-1, 0, -1],
						"2.92": [-1, 0, -1]
					}
				},
				"bone3": {
					"rotation": {
						"0.0": [-55, 0, 0],
						"1.48": [-40, 0, 0],
						"2.96": [-55, 0, 0]
					},
					"position": {
						"0.0": [0, 8, -3],
						"1.48": [0, 3, -3],
						"2.96": [0, 8, -3]
					}
				},
				"spider_body": {
					"rotation": {
						"0.0": [3.57972, 0.76796, -10.53872],
						"1.48": [-11.42028, 0.76796, -10.53872],
						"2.96": [3.57972, 0.76796, -10.53872]
					},
					"position": {
						"0.0": [0, -2, -1],
						"1.48": [0, 1, -2],
						"2.96": [0, -2, -1]
					}
				}
			}
		},
		"run": {
			"animation_length": 2.8,
			"bones": {
				"spider_body": {
					"rotation": {
						"0.0": [0, 0, 0],
						"0.32": [-5, 0, 0],
						"0.68": [0, 0, 0],
						"1.04": [-5, 0, 0],
						"1.44": [0, 0, 0],
						"1.72": [-5, 0, 0],
						"2.08": [0, 0, 0],
						"2.4": [-5, 0, 0],
						"2.8": [0, 0, 0]
					},
					"position": {
						"0.0": [0, 0, 0],
						"0.32": [0, 0, 0],
						"0.68": [0, 0, 0],
						"1.04": [0, 0, 0],
						"1.44": [0, 0, 0],
						"1.72": [0, 0, 0],
						"2.08": [0, 0, 0],
						"2.4": [0, 0, 0],
						"2.8": [0, 0, 0]
					}
				},
				"offhand": {
					"rotation": {
						"0.32": [0, 0, 0],
						"0.76": [-24.44227, 34.976, -1.43003],
						"0.88": [-24.44227, 34.976, -1.43003],
						"1.44": [0, 0, 0]
					},
					"position": {
						"0.32": [0, 0, 0],
						"0.76": [0, 0, 0],
						"0.88": [0, 0, 0],
						"1.44": [0, 0, 0]
					}
				},
				"leg0": {
					"rotation": {
						"0.0": [0, 0, 0],
						"0.16": [-0.2005, -6.61998, -1.05522],
						"0.32": [13.68655, -12.41245, -1.97854],
						"0.68": [7.5, 0, 0],
						"1.04": [2.5, 0, 0],
						"1.44": [0, 0, 0],
						"1.56": [-0.2005, -6.61998, -1.05522],
						"1.72": [13.68655, -12.41245, -1.97854],
						"2.08": [12.5, 0, 0],
						"2.4": [7.5, 0, 0],
						"2.8": [0, 0, 0]
					},
					"position": {
						"0.0": [0, 0, 0],
						"0.32": [0, 0, -2],
						"0.68": [0, -1, 0],
						"1.04": [0, 0, -2],
						"1.44": [0, 0, 0],
						"1.72": [0, 0, -2],
						"2.08": [0, 0, 0],
						"2.4": [0, 0, -2],
						"2.8": [0, 0, 0]
					}
				},
				"leg1": {
					"rotation": {
						"0.0": [0, 0, 0],
						"0.32": [7.5, 0, 0],
						"0.68": [0, 0, 0],
						"0.88": [4.70378, 15.41575, 1.86394],
						"1.04": [18.83965, 14.89272, 2.13807],
						"1.44": [0, 0, 0],
						"1.72": [13.70315, -8.93069, -9.44088],
						"2.08": [0, 0, 0],
						"2.24": [4.70378, 15.41575, 1.86394],
						"2.4": [18.83965, 14.89272, 2.13807],
						"2.8": [0, 0, 0]
					},
					"position": {
						"0.0": [0, 0, 0],
						"0.32": [1, 0, -2],
						"0.68": [0, 0, 0],
						"1.04": [1, 1, -2],
						"1.44": [0, 0, 0],
						"1.72": [1, 0, -2],
						"2.08": [0, 0, 0],
						"2.4": [1, 1, -2],
						"2.8": [0, 0, 0]
					}
				},
				"leg2": {
					"rotation": {
						"0.0": [0, 0, 0],
						"0.32": [214.31267, -7.64198, 210.72465],
						"0.68": [337.44387, -1.14994, 357.05053],
						"1.04": [374.09573, -9.35324, 370.34941],
						"1.72": [131.82304, -6.96646, 127.17674],
						"2.08": [-4.86385, -2.74739, 12.46441],
						"2.4": [-3.61683, -21.50163, -10.45494],
						"2.8": [0, 0, 0]
					},
					"position": {
						"0.0": [0, 0, 0],
						"0.32": [0, -2, 0],
						"0.68": [0, 3.64, 1],
						"1.72": [3, -0.7, 0],
						"2.08": [-0.96, 2.52, 0],
						"2.8": [0, 0, 0]
					}
				},
				"leg3": {
					"rotation": {
						"0.0": [0, 0, 0],
						"0.16": [-20.83283, 0.85829, 5.37902],
						"0.32": [1.42435, 14.98501, 1.26852],
						"0.68": [0, 0, 0],
						"1.04": [69.05314, -16.62026, -69.86663],
						"1.4": [-14.54844, -1.31213, -5.51579],
						"1.72": [2.5, 0, 0],
						"2.08": [0, 0, 0],
						"2.4": [87.651, -16.43495, -85.46824],
						"2.8": [0, 0, 0]
					},
					"position": {
						"0.0": [0, 0, 0],
						"0.16": [8, 0, -8],
						"0.68": [0, -1, 0],
						"1.4": [7, 2, 0],
						"2.08": [0, 0, 0],
						"2.8": [0, 0, 0]
					}
				},
				"leg4": {
					"rotation": {
						"0.0": [0, 0, 0],
						"0.32": [2.5, 0, 0],
						"0.88": [31.95523, -16.7627, -52.96553],
						"1.04": [85.3981, -26.33339, -87.17286],
						"1.44": [0, 0, 0],
						"1.72": [2.5, 0, 0],
						"2.08": [-9.70382, -8.04926, -15.32718],
						"2.4": [40.93125, -24.60909, -38.19768],
						"2.8": [0, 0, 0]
					},
					"position": {
						"0.0": [0, 0, 0],
						"0.68": [0, 5, 0],
						"1.04": [-2, 0, 0],
						"1.44": [0, 0, 0],
						"2.08": [0, 0, 0],
						"2.8": [0, 0, 0]
					}
				},
				"leg5": {
					"rotation": {
						"0.0": [0, 0, 0],
						"0.16": [16.40617, 11.40868, 33.12099],
						"0.32": [43.02343, 9.74366, 37.64075],
						"0.68": [0, 0, 0],
						"1.04": [-11.72628, -9.17823, -26.40535],
						"1.4": [3.28907, 0.17749, 13.13227],
						"1.56": [6.70852, 19.82664, 23.21986],
						"1.76": [43.21901, 27.34823, 36.42633],
						"2.08": [0, 0, 0],
						"2.44": [-3.26607, 0.04928, -13.1145],
						"2.8": [0, 0, 0]
					},
					"position": {
						"0.0": [0, 0, 0],
						"0.68": [0, -1, 0],
						"1.4": [-4, 4, 4],
						"2.08": [0, 0, 0],
						"2.8": [0, 0, 0]
					}
				},
				"leg6": {
					"rotation": {
						"0.0": [0, 0, 0],
						"0.32": [1.1845, -10.0021, -10.78908],
						"0.68": [-20, 0, 0],
						"1.04": [-9.45527, 27.64438, -14.01634],
						"1.44": [0, 0, 0],
						"1.72": [1.41985, -12.76525, -19.34416],
						"2.08": [-12.26969, 17.49334, 0.53661],
						"2.4": [0.23202, 34.6667, -9.23367],
						"2.8": [0, 0, 0]
					},
					"position": {
						"0.0": [0, 0, 0],
						"0.68": [0, 3, 0],
						"1.44": [0, 0, 0],
						"2.08": [0, 0, 0],
						"2.8": [0, 0, 0]
					}
				},
				"leg7": {
					"rotation": {
						"0.0": [0, 0, 0],
						"0.16": [-19.2171, -12.75119, 1.24304],
						"0.32": [1.46795, -23.90848, 2.3307],
						"0.68": [0, 0, 0],
						"1.04": [2.5, 0, 0],
						"1.4": [-22.3, 0, 0],
						"1.72": [10.74334, -30.83686, -0.40395],
						"2.08": [0, 0, 0],
						"2.4": [2.5, 0, 0],
						"2.8": [0, 0, 0]
					},
					"position": {
						"0.0": [0, 0, 0],
						"0.68": [0, -2, 0],
						"1.4": [0, 3, 1],
						"2.08": [0, 0, 0],
						"2.8": [0, 0, 0]
					}
				},
				"all": {
					"position": {
						"0.0": [0, -2, 0],
						"0.32": [0, 0, 0],
						"0.68": [0, -2, 0],
						"1.04": [0, 0, 0],
						"1.44": [0, -2, 0],
						"1.72": [0, 0, 0],
						"2.08": [0, -2, 0],
						"2.4": [0, 0, 0],
						"2.8": [0, -2, 0]
					}
				},
				"bone": {
					"rotation": {
						"0.0": [0, 0, 0],
						"0.32": [0, -10, 0],
						"0.68": [0, 0, 0],
						"1.04": [0, 12.5, 0],
						"1.44": [0, 0, 0],
						"1.72": [0, -10, 0],
						"2.08": [0, 0, 0],
						"2.4": [0, 12.5, 0],
						"2.8": [0, 0, 0]
					},
					"position": {
						"0.0": [0, 0, 0],
						"0.32": [0, 2, 0],
						"0.68": [0, 0, 0],
						"1.04": [0, 2, 0],
						"1.44": [0, 0, 0],
						"1.72": [0, 2, 0],
						"2.08": [0, 0, 0],
						"2.4": [0, 2, 0],
						"2.8": [0, 0, 0]
					}
				},
				"bone2": {
					"rotation": {
						"0.0": [0, 0, 0],
						"0.36": [0, 0, 0],
						"0.68": [-38.96, 0, 0],
						"1.04": [-27.5, 0, 0],
						"1.44": [0, 0, 0],
						"1.72": [0, 0, 0],
						"2.08": [-38.96, 0, 0],
						"2.4": [-27.5, 0, 0],
						"2.8": [0, 0, 0]
					},
					"position": {
						"0.0": [0, 0, 0],
						"0.36": [0, 0, 0],
						"0.68": [0, 2.42, 0],
						"1.04": [0, 1, 0],
						"1.44": [0, 0, 0],
						"1.72": [0, 0, 0],
						"2.08": [0, 2.42, 0],
						"2.4": [0, 1, 0],
						"2.8": [0, 0, 0]
					}
				},
				"bone3": {
					"rotation": {
						"0.0": [0, 0, 0],
						"0.16": [-27.17, 0, 0],
						"0.32": [-27.5, 0, 0],
						"1.04": [0, 0, 0],
						"1.44": [-27.17, 0, 0],
						"1.72": [-27.5, 0, 0],
						"2.8": [0, 0, 0]
					},
					"position": {
						"0.0": [0, 0, 0],
						"0.16": [0, 2.6, 0],
						"0.32": [0, 3, 0],
						"1.04": [0, 0, 0],
						"1.44": [0, 2.6, 0],
						"1.72": [0, 3, 0],
						"2.8": [0, 0, 0]
					}
				},
				"body": {
					"rotation": {
						"0.32": [0, 7.5, 0],
						"1.04": [0, -15, 0],
						"1.44": [0, 7.5, 0],
						"1.72": [0, 7.5, 0],
						"2.08": [0, 0, 0],
						"2.4": [0, -15, 0],
						"2.8": [0, 0, 0]
					},
					"position": {
						"0.32": [-1, 0, 0],
						"1.04": [0, 0, 0],
						"1.44": [-1, 0, 0],
						"1.72": [-1, 0, 0],
						"2.08": [0, 0, 0],
						"2.4": [0, 0, 0],
						"2.8": [0, 0, 0]
					}
				},
				"s": {
					"rotation": {
						"0.0": [0, 0, 0],
						"0.32": [7.94582, 11.73507, 4.3361],
						"0.68": [7.39126, -1.855, -2.05196],
						"1.0": [8.37372, -15.42169, -8.54053],
						"1.4": [7.37802, 0.41296, -0.99996],
						"1.68": [7.7454, 9.47565, 3.24738],
						"2.0": [7.39126, -1.855, -2.05196],
						"2.36": [8.09707, -13.16959, -7.42038],
						"2.76": [0, 0, 0]
					}
				}
			}
		},
		"jump": {
			"loop": true,
			"animation_length": 0.72,
			"bones": {
				"bone": {
					"rotation": {
						"0.0": [-15, 0, 0],
						"0.72": [-15, 0, 0]
					},
					"position": {
						"0.0": [0, 11, 0],
						"0.72": [0, 11, 0]
					}
				},
				"body": {
					"rotation": [12.5, 0, 0]
				},
				"leg7": {
					"rotation": {
						"0.0": [57.5, 0, 0],
						"0.36": [40, 0, 0],
						"0.72": [57.5, 0, 0]
					}
				},
				"leg6": {
					"rotation": {
						"0.0": [55, 0, 0],
						"0.36": [37.5, 0, 0],
						"0.72": [55, 0, 0]
					}
				},
				"leg5": {
					"rotation": {
						"0.0": [67.5, 0, 0],
						"0.36": [50, 0, 0],
						"0.72": [67.5, 0, 0]
					}
				},
				"leg4": {
					"rotation": {
						"0.0": [55, 0, 0],
						"0.36": [67.5, 0, 0],
						"0.72": [55, 0, 0]
					}
				},
				"leg3": {
					"rotation": {
						"0.0": [40, 0, 0],
						"0.36": [57.5, 0, 0],
						"0.72": [40, 0, 0]
					}
				},
				"leg2": {
					"rotation": {
						"0.0": [52.5, 0, 0],
						"0.36": [107.39261, 2.3007, 47.89658],
						"0.72": [52.5, 0, 0]
					}
				},
				"leg1": {
					"rotation": {
						"0.0": [75, 0, 0],
						"0.36": [55, 0, 0],
						"0.72": [75, 0, 0]
					}
				},
				"leg0": {
					"rotation": {
						"0.0": [62.5, 0, 0],
						"0.36": [52.5, 0, 0],
						"0.72": [62.5, 0, 0]
					}
				}
			}
		}
	},
	"geckolib_format_version": 2
}