{
	"format_version": "1.12.0",
	"minecraft:geometry": [
		{
			"description": {
				"identifier": "geometry.default",
				"texture_width": 256,
				"texture_height": 256,
				"visible_bounds_width": 5,
				"visible_bounds_height": 4.5,
				"visible_bounds_offset": [0, 1.75, 0]
			},
			"bones": [
				{
					"name": "girl",
					"pivot": [0, 6, 0]
				},
				{
					"name": "Root",
					"parent": "girl",
					"pivot": [0, 4.55, 0]
				},
				{
					"name": "AllBody",
					"parent": "Root",
					"pivot": [0, 27.1491, 0.575]
				},
				{
					"name": "UpBody",
					"parent": "AllBody",
					"pivot": [0, 22.14907, 0],
					"rotation": [2.5, 0, 0]
				},
				{
					"name": "right_yf",
					"parent": "UpBody",
					"pivot": [0, 28.86369, 0.8436],
					"rotation": [-10, 0, 0]
				},
				{
					"name": "right_bz",
					"parent": "right_yf",
					"pivot": [-2.33724, 26.37601, 3.80818],
					"rotation": [9.40804, -3.40487, 19.71975]
				},
				{
					"name": "left_yf",
					"parent": "UpBody",
					"pivot": [0, 28.86369, 0.8436],
					"rotation": [-10, 0, 0]
				},
				{
					"name": "left_bz",
					"parent": "left_yf",
					"pivot": [2.33724, 26.37601, 3.80818],
					"rotation": [9.40804, 3.40487, -19.71975]
				},
				{
					"name": "UpperBody",
					"parent": "UpBody",
					"pivot": [0, 29.04717, 0.01224],
					"rotation": [-12.5, 0, 0]
				},
				{
					"name": "AllHead",
					"parent": "UpperBody",
					"pivot": [0, 35.9981, -0.41276],
					"rotation": [15, 0, 0]
				},
				{
					"name": "Head",
					"parent": "AllHead",
					"pivot": [0, 37.9481, -0.66276],
					"rotation": [2.5, 0, 0]
				},
				{
					"name": "Face",
					"parent": "Head",
					"pivot": [0, 38.90665, -0.29329]
				},
				{
					"name": "Eyes",
					"parent": "Face",
					"pivot": [0, 38.85665, -0.79329]
				},
				{
					"name": "Eyelid",
					"parent": "Eyes",
					"pivot": [0, 38.85665, -0.79329]
				},
				{
					"name": "RightEyelid",
					"parent": "Eyelid",
					"pivot": [-2.3, 38.30665, -3.81829]
				},
				{
					"name": "RightEyelidBase",
					"parent": "RightEyelid",
					"pivot": [-2.125, 39.40665, -3.86829]
				},
				{
					"name": "RightPupil",
					"parent": "RightEyelidBase",
					"pivot": [-2.1275, 38.99415, -3.90079]
				},
				{
					"name": "RightEyesDot",
					"parent": "RightEyelidBase",
					"pivot": [-4.62, 39.24915, -4.28579]
				},
				{
					"name": "LeftEyelid",
					"parent": "Eyelid",
					"pivot": [2.3, 38.30665, -3.81829]
				},
				{
					"name": "LeftEyelidBase",
					"parent": "LeftEyelid",
					"pivot": [2.125, 39.40665, -3.86829]
				},
				{
					"name": "LeftPupil",
					"parent": "LeftEyelidBase",
					"pivot": [2.1275, 38.99415, -3.90079]
				},
				{
					"name": "LeftEyesDot",
					"parent": "LeftEyelidBase",
					"pivot": [4.62, 39.24915, -4.28579]
				},
				{
					"name": "LeftEyebrow",
					"parent": "Eyes",
					"pivot": [2.475, 39.25665, -3.99329],
					"rotation": [0, 0, 7.5]
				},
				{
					"name": "RightEyebrow",
					"parent": "Eyes",
					"pivot": [-2.475, 39.25665, -3.99329],
					"rotation": [0, 0, -7.5]
				},
				{
					"name": "Mouth",
					"parent": "Face",
					"pivot": [0, 37.90665, -2.70329]
				},
				{
					"name": "Mouth1",
					"parent": "Mouth",
					"pivot": [-0.01026, 37.602, -3.25329]
				},
				{
					"name": "Mouth2",
					"parent": "Mouth",
					"pivot": [0.0125, 38.11665, -3.40329]
				},
				{
					"name": "Mouth3",
					"parent": "Mouth",
					"pivot": [-0.00142, 37.53093, -3.25329]
				},
				{
					"name": "Mouth4",
					"parent": "Mouth",
					"pivot": [0, 37.68875, -3.25329]
				},
				{
					"name": "Mouth5",
					"parent": "Mouth",
					"pivot": [0, 37.49604, -3.25329]
				},
				{
					"name": "Mouth6",
					"parent": "Mouth",
					"pivot": [-0.003, 38.07964, -0.39257]
				},
				{
					"name": "Mouth7",
					"parent": "Mouth6",
					"pivot": [0.18434, 38.03299, -0.35091]
				},
				{
					"name": "hair",
					"parent": "Head",
					"pivot": [0, 35.33333, 0.2084],
					"rotation": [1, 0, 0]
				},
				{
					"name": "bone",
					"parent": "hair",
					"pivot": [0.29966, 44.50219, -4.70326]
				},
				{
					"name": "back_hair",
					"parent": "hair",
					"pivot": [-0.75534, 42.90732, 2.31741],
					"rotation": [-5, 0, 0]
				},
				{
					"name": "right_tz",
					"parent": "back_hair",
					"pivot": [-5.8566, 43.37824, 1.8662]
				},
				{
					"name": "left_tz",
					"parent": "back_hair",
					"pivot": [5.8566, 43.37824, 1.8662]
				},
				{
					"name": "hhairs",
					"parent": "back_hair",
					"pivot": [0, 38, 4]
				},
				{
					"name": "hhair1",
					"parent": "hhairs",
					"pivot": [7.33135, 36.16636, 3.97159],
					"rotation": [0, 0, -2.5]
				},
				{
					"name": "hhair3",
					"parent": "hhairs",
					"pivot": [-3.58135, 36.16636, 3.97159],
					"rotation": [0, 0, -5]
				},
				{
					"name": "hhair2",
					"parent": "hhairs",
					"pivot": [-3.33135, 35.16636, 5.97159]
				},
				{
					"name": "hhair6",
					"parent": "hhairs",
					"pivot": [5.58135, 31.16636, 5.47159],
					"rotation": [0, 0, -10]
				},
				{
					"name": "hhair10",
					"parent": "hhairs",
					"pivot": [-4.58135, 37.16636, 3.47159],
					"rotation": [0, -25, 10]
				},
				{
					"name": "hhair7",
					"parent": "hhairs",
					"pivot": [0.66865, 35.16636, 2.97159],
					"rotation": [0, 0, -17.5]
				},
				{
					"name": "hhair4",
					"parent": "hhairs",
					"pivot": [1.89343, 37.17283, 3.2257],
					"rotation": [0, -22.5, 2.5]
				},
				{
					"name": "hhair5",
					"parent": "hhairs",
					"pivot": [-3.89343, 33.17283, 5.7257],
					"rotation": [10, 0, -2.5]
				},
				{
					"name": "hhair9",
					"parent": "hhairs",
					"pivot": [3.89343, 37.17283, 2.7257],
					"rotation": [-2.88614, 29.96852, 1.05739]
				},
				{
					"name": "hhair8",
					"parent": "hhairs",
					"pivot": [0.89343, 35.17283, 5.4757],
					"rotation": [9.76758, -2.15393, 14.81594]
				},
				{
					"name": "Arm",
					"parent": "UpperBody",
					"pivot": [0, 30.04717, 0.01224]
				},
				{
					"name": "LeftArm",
					"parent": "Arm",
					"pivot": [3.65, 34.5981, 0.08724],
					"rotation": [14.63719, -15.44592, -21.55426],
					"cubes": [
						{
							"origin": [2.13359, 29.17728, -1.3779],
							"size": [2.55, 6.2, 3.05],
							"pivot": [3.35859, 33.77728, 0.1471],
							"rotation": [4.99527, -0.21782, -2.5095],
							"uv": {
								"north": {"uv": [12, 120], "uv_size": [6, 12]},
								"east": {"uv": [18, 120], "uv_size": [6, 12]},
								"south": {"uv": [24, 120], "uv_size": [6, 12]},
								"west": {"uv": [30, 120], "uv_size": [6, 12]},
								"up": {"uv": [156, 78], "uv_size": [6, 6]},
								"down": {"uv": [156, 90], "uv_size": [6, -6]}
							}
						},
						{
							"origin": [2.32976, 28.65794, -0.29045],
							"size": [2.55, 2.15, 2.2],
							"pivot": [3.60476, 29.20794, 1.23455],
							"rotation": [49.99527, -0.21782, -2.5095],
							"uv": {
								"north": {"uv": [182, 156], "uv_size": [6, 4]},
								"east": {"uv": [200, 122], "uv_size": [4, 4]},
								"south": {"uv": [174, 182], "uv_size": [6, 4]},
								"west": {"uv": [124, 200], "uv_size": [4, 4]},
								"up": {"uv": [180, 182], "uv_size": [6, 4]},
								"down": {"uv": [8, 188], "uv_size": [6, -4]}
							}
						},
						{
							"origin": [4.87976, 29.15794, 0.20955],
							"size": [0.1, 1, 1],
							"pivot": [3.60476, 29.20794, 1.23455],
							"rotation": [49.99527, -0.21782, -2.5095],
							"uv": {
								"north": {"uv": [230, 172], "uv_size": [2, 2]},
								"east": {"uv": [174, 230], "uv_size": [2, 2]},
								"south": {"uv": [230, 174], "uv_size": [2, 2]},
								"west": {"uv": [176, 230], "uv_size": [2, 2]},
								"up": {"uv": [230, 176], "uv_size": [2, 2]},
								"down": {"uv": [178, 232], "uv_size": [2, -2]}
							}
						},
						{
							"origin": [4.87976, 30.15794, 1.20955],
							"size": [0.1, 0.75, 2.1],
							"pivot": [3.60476, 29.20794, 1.23455],
							"rotation": [49.99527, -0.21782, -2.5095],
							"uv": {
								"north": {"uv": [230, 178], "uv_size": [2, 2]},
								"east": {"uv": [220, 46], "uv_size": [4, 2]},
								"south": {"uv": [180, 230], "uv_size": [2, 2]},
								"west": {"uv": [220, 52], "uv_size": [4, 2]},
								"up": {"uv": [66, 220], "uv_size": [2, 4]},
								"down": {"uv": [68, 224], "uv_size": [2, -4]}
							}
						},
						{
							"origin": [4.87976, 30.90794, 1.20955],
							"size": [0.1, 1.35, 0.75],
							"pivot": [3.60476, 29.20794, 1.23455],
							"rotation": [49.99527, -0.21782, -2.5095],
							"uv": {
								"north": {"uv": [230, 180], "uv_size": [2, 2]},
								"east": {"uv": [182, 230], "uv_size": [2, 2]},
								"south": {"uv": [230, 182], "uv_size": [2, 2]},
								"west": {"uv": [184, 230], "uv_size": [2, 2]},
								"up": {"uv": [230, 184], "uv_size": [2, 2]},
								"down": {"uv": [186, 232], "uv_size": [2, -2]}
							}
						}
					]
				},
				{
					"name": "LeftForeArm",
					"parent": "LeftArm",
					"pivot": [3.325, 27.6481, 0.11224],
					"rotation": [-15, 0, 0],
					"cubes": [
						{
							"origin": [2.475, 22.8981, -1.38776],
							"size": [2.5, 6, 3],
							"pivot": [3.725, 25.8981, 0.11224],
							"rotation": [0, 0, -2],
							"uv": {
								"north": {"uv": [0, 146], "uv_size": [4, 12]},
								"east": {"uv": [36, 120], "uv_size": [6, 12]},
								"south": {"uv": [4, 146], "uv_size": [4, 12]},
								"west": {"uv": [120, 36], "uv_size": [6, 12]},
								"up": {"uv": [184, 28], "uv_size": [4, 6]},
								"down": {"uv": [184, 40], "uv_size": [4, -6]}
							}
						},
						{
							"origin": [3.30835, 23.66373, -1.88776],
							"size": [2, 5, 4],
							"pivot": [3.74439, 26.22095, 0.11224],
							"rotation": [0, 0, -10],
							"uv": {
								"north": {"uv": [126, 152], "uv_size": [4, 10]},
								"east": {"uv": [118, 16], "uv_size": [8, 10]},
								"south": {"uv": [130, 152], "uv_size": [4, 10]},
								"west": {"uv": [118, 26], "uv_size": [8, 10]},
								"up": {"uv": [76, 174], "uv_size": [4, 8]},
								"down": {"uv": [80, 182], "uv_size": [4, -8]}
							}
						},
						{
							"origin": [5.29377, 25.44486, -0.88776],
							"size": [0.1, 1, 3],
							"pivot": [5.34377, 26.44486, 0.11224],
							"rotation": [45, 0, -10],
							"uv": {
								"north": {"uv": [230, 186], "uv_size": [2, 2]},
								"east": {"uv": [32, 208], "uv_size": [6, 2]},
								"south": {"uv": [188, 230], "uv_size": [2, 2]},
								"west": {"uv": [46, 208], "uv_size": [6, 2]},
								"up": {"uv": [38, 208], "uv_size": [2, 6]},
								"down": {"uv": [40, 214], "uv_size": [2, -6]}
							}
						},
						{
							"origin": [5.29377, 25.44486, -1.88776],
							"size": [0.1, 1, 2],
							"pivot": [5.34377, 26.44486, 0.11224],
							"rotation": [-45, 0, -10],
							"uv": {
								"north": {"uv": [230, 188], "uv_size": [2, 2]},
								"east": {"uv": [70, 220], "uv_size": [4, 2]},
								"south": {"uv": [190, 230], "uv_size": [2, 2]},
								"west": {"uv": [220, 70], "uv_size": [4, 2]},
								"up": {"uv": [76, 220], "uv_size": [2, 4]},
								"down": {"uv": [78, 224], "uv_size": [2, -4]}
							}
						},
						{
							"origin": [5.29377, 27.44486, -1.88776],
							"size": [0.1, 1, 2],
							"pivot": [5.34377, 26.44486, 0.11224],
							"rotation": [-45, 0, -10],
							"uv": {
								"north": {"uv": [230, 190], "uv_size": [2, 2]},
								"east": {"uv": [220, 72], "uv_size": [4, 2]},
								"south": {"uv": [192, 230], "uv_size": [2, 2]},
								"west": {"uv": [220, 78], "uv_size": [4, 2]},
								"up": {"uv": [80, 220], "uv_size": [2, 4]},
								"down": {"uv": [220, 84], "uv_size": [2, -4]}
							}
						},
						{
							"origin": [5.29377, 26.44486, -1.88776],
							"size": [0.1, 1, 1],
							"pivot": [5.34377, 26.44486, 0.11224],
							"rotation": [-45, 0, -10],
							"uv": {
								"north": {"uv": [230, 192], "uv_size": [2, 2]},
								"east": {"uv": [194, 230], "uv_size": [2, 2]},
								"south": {"uv": [230, 194], "uv_size": [2, 2]},
								"west": {"uv": [196, 230], "uv_size": [2, 2]},
								"up": {"uv": [230, 196], "uv_size": [2, 2]},
								"down": {"uv": [198, 232], "uv_size": [2, -2]}
							}
						},
						{
							"origin": [4.3232, 22.65822, -1.84209],
							"size": [2, 1, 1],
							"pivot": [5.3232, 23.05822, -1.44209],
							"rotation": [5, -22.5, -140],
							"uv": {
								"north": {"uv": [82, 220], "uv_size": [4, 2]},
								"east": {"uv": [230, 198], "uv_size": [2, 2]},
								"south": {"uv": [220, 84], "uv_size": [4, 2]},
								"west": {"uv": [200, 230], "uv_size": [2, 2]},
								"up": {"uv": [220, 86], "uv_size": [4, 2]},
								"down": {"uv": [88, 222], "uv_size": [4, -2]}
							}
						},
						{
							"origin": [3.53021, 24.95287, -1.8581],
							"size": [1, 1, 1],
							"pivot": [5.28021, 22.95287, -1.3581],
							"rotation": [-1.82397, -12.7583, -69.32397],
							"uv": {
								"north": {"uv": [230, 200], "uv_size": [2, 2]},
								"east": {"uv": [202, 230], "uv_size": [2, 2]},
								"south": {"uv": [230, 202], "uv_size": [2, 2]},
								"west": {"uv": [204, 230], "uv_size": [2, 2]},
								"up": {"uv": [230, 204], "uv_size": [2, 2]},
								"down": {"uv": [206, 232], "uv_size": [2, -2]}
							}
						},
						{
							"origin": [4.78021, 24.45287, 1.3919],
							"size": [1, 1, 1],
							"pivot": [5.28021, 22.95287, -1.3581],
							"rotation": [-1.82397, -12.7583, -69.32397],
							"uv": {
								"north": {"uv": [230, 206], "uv_size": [2, 2]},
								"east": {"uv": [208, 230], "uv_size": [2, 2]},
								"south": {"uv": [230, 208], "uv_size": [2, 2]},
								"west": {"uv": [210, 230], "uv_size": [2, 2]},
								"up": {"uv": [230, 210], "uv_size": [2, 2]},
								"down": {"uv": [212, 232], "uv_size": [2, -2]}
							}
						},
						{
							"origin": [4.51622, 21.84105, -0.53774],
							"size": [2, 1, 1],
							"pivot": [5.51622, 22.64105, -0.43774],
							"rotation": [4.67685, -9.04761, -138.81948],
							"uv": {
								"north": {"uv": [220, 88], "uv_size": [4, 2]},
								"east": {"uv": [230, 212], "uv_size": [2, 2]},
								"south": {"uv": [220, 90], "uv_size": [4, 2]},
								"west": {"uv": [214, 230], "uv_size": [2, 2]},
								"up": {"uv": [92, 220], "uv_size": [4, 2]},
								"down": {"uv": [96, 222], "uv_size": [4, -2]}
							}
						},
						{
							"origin": [3.95044, 22.89612, -2.13776],
							"size": [2, 1, 2],
							"pivot": [4.95044, 23.29612, -1.13776],
							"rotation": [0, 0, -15],
							"uv": {
								"north": {"uv": [220, 96], "uv_size": [4, 2]},
								"east": {"uv": [220, 98], "uv_size": [4, 2]},
								"south": {"uv": [100, 220], "uv_size": [4, 2]},
								"west": {"uv": [220, 100], "uv_size": [4, 2]},
								"up": {"uv": [200, 126], "uv_size": [4, 4]},
								"down": {"uv": [200, 134], "uv_size": [4, -4]}
							}
						},
						{
							"origin": [4.40752, 22.72213, -0.83776],
							"size": [2, 1, 2],
							"pivot": [5.40752, 23.52213, 0.36224],
							"rotation": [0, 0, -127.5],
							"uv": {
								"north": {"uv": [220, 102], "uv_size": [4, 2]},
								"east": {"uv": [104, 220], "uv_size": [4, 2]},
								"south": {"uv": [220, 104], "uv_size": [4, 2]},
								"west": {"uv": [220, 106], "uv_size": [4, 2]},
								"up": {"uv": [200, 146], "uv_size": [4, 4]},
								"down": {"uv": [166, 204], "uv_size": [4, -4]}
							}
						},
						{
							"origin": [3.92456, 23.09272, 0.36224],
							"size": [2, 1, 2],
							"pivot": [4.92456, 23.39272, 1.36224],
							"rotation": [12.5, 0, -15],
							"uv": {
								"north": {"uv": [108, 220], "uv_size": [4, 2]},
								"east": {"uv": [220, 108], "uv_size": [4, 2]},
								"south": {"uv": [220, 116], "uv_size": [4, 2]},
								"west": {"uv": [118, 220], "uv_size": [4, 2]},
								"up": {"uv": [200, 166], "uv_size": [4, 4]},
								"down": {"uv": [170, 204], "uv_size": [4, -4]}
							}
						},
						{
							"origin": [4.382, 22.53967, 1.26409],
							"size": [2, 1, 1],
							"pivot": [5.382, 23.03967, 1.46409],
							"rotation": [5.13266, -34.16078, 52.55034],
							"uv": {
								"north": {"uv": [220, 118], "uv_size": [4, 2]},
								"east": {"uv": [230, 214], "uv_size": [2, 2]},
								"south": {"uv": [220, 124], "uv_size": [4, 2]},
								"west": {"uv": [216, 230], "uv_size": [2, 2]},
								"up": {"uv": [128, 220], "uv_size": [4, 2]},
								"down": {"uv": [220, 134], "uv_size": [4, -2]}
							}
						},
						{
							"origin": [2.18483, 23.63027, -1.78776],
							"size": [2, 5, 3.8],
							"pivot": [3.74439, 26.22095, 0.11224],
							"rotation": [0, 0, 5],
							"uv": {
								"north": {"uv": [8, 154], "uv_size": [4, 10]},
								"east": {"uv": [118, 48], "uv_size": [8, 10]},
								"south": {"uv": [12, 154], "uv_size": [4, 10]},
								"west": {"uv": [54, 118], "uv_size": [8, 10]},
								"up": {"uv": [174, 80], "uv_size": [4, 8]},
								"down": {"uv": [84, 182], "uv_size": [4, -8]}
							}
						},
						{
							"origin": [2.11166, 22.69531, -1.88776],
							"size": [3, 1, 4],
							"pivot": [3.21166, 25.69531, 0.11224],
							"rotation": [0, 0, 7.5],
							"uv": {
								"north": {"uv": [52, 208], "uv_size": [6, 2]},
								"east": {"uv": [200, 104], "uv_size": [8, 2]},
								"south": {"uv": [208, 54], "uv_size": [6, 2]},
								"west": {"uv": [200, 170], "uv_size": [8, 2]},
								"up": {"uv": [8, 146], "uv_size": [6, 8]},
								"down": {"uv": [14, 154], "uv_size": [6, -8]}
							}
						}
					]
				},
				{
					"name": "LeftHand",
					"parent": "LeftForeArm",
					"pivot": [3.93668, 22.70545, -0.08776],
					"rotation": [0, 15, 0],
					"cubes": [
						{
							"origin": [3.30563, 21.01051, -1.27007],
							"size": [2, 2, 3],
							"pivot": [4.30563, 22.01051, 0.22993],
							"rotation": [0.87038, -4.92385, -2.53742],
							"uv": {
								"north": {"uv": [200, 190], "uv_size": [4, 4]},
								"east": {"uv": [184, 40], "uv_size": [6, 4]},
								"south": {"uv": [200, 194], "uv_size": [4, 4]},
								"west": {"uv": [44, 184], "uv_size": [6, 4]},
								"up": {"uv": [184, 44], "uv_size": [4, 6]},
								"down": {"uv": [50, 190], "uv_size": [4, -6]}
							}
						},
						{
							"origin": [4.01973, 19.57134, -0.27843],
							"size": [1, 2, 2],
							"pivot": [4.01973, 20.57134, 0.22157],
							"rotation": [-1.50701, -4.76804, 25.06274],
							"uv": {
								"north": {"uv": [114, 220], "uv_size": [2, 4]},
								"east": {"uv": [202, 0], "uv_size": [4, 4]},
								"south": {"uv": [124, 220], "uv_size": [2, 4]},
								"west": {"uv": [202, 4], "uv_size": [4, 4]},
								"up": {"uv": [220, 134], "uv_size": [2, 4]},
								"down": {"uv": [138, 224], "uv_size": [2, -4]}
							}
						},
						{
							"origin": [3.13873, 18.95031, 0.77283],
							"size": [1, 2, 1],
							"pivot": [3.62518, 19.00688, 1.33008],
							"rotation": [-10.22435, 2.69018, 37.69305],
							"uv": {
								"north": {"uv": [220, 138], "uv_size": [2, 4]},
								"east": {"uv": [140, 220], "uv_size": [2, 4]},
								"south": {"uv": [220, 142], "uv_size": [2, 4]},
								"west": {"uv": [220, 146], "uv_size": [2, 4]},
								"up": {"uv": [230, 216], "uv_size": [2, 2]},
								"down": {"uv": [218, 232], "uv_size": [2, -2]}
							}
						},
						{
							"origin": [2.4018, 20.57544, -0.87354],
							"size": [1, 1, 2],
							"pivot": [2.9018, 20.57544, 0.62646],
							"rotation": [-4.69986, 1.70818, 117.4299],
							"uv": {
								"north": {"uv": [230, 218], "uv_size": [2, 2]},
								"east": {"uv": [220, 150], "uv_size": [4, 2]},
								"south": {"uv": [220, 230], "uv_size": [2, 2]},
								"west": {"uv": [220, 152], "uv_size": [4, 2]},
								"up": {"uv": [220, 154], "uv_size": [2, 4]},
								"down": {"uv": [158, 224], "uv_size": [2, -4]}
							}
						},
						{
							"origin": [4.30597, 20.11785, -1.20887],
							"size": [1, 1, 1],
							"pivot": [4.80597, 20.11785, -0.70887],
							"rotation": [0, -5, 7.5],
							"uv": {
								"north": {"uv": [230, 220], "uv_size": [2, 2]},
								"east": {"uv": [222, 230], "uv_size": [2, 2]},
								"south": {"uv": [230, 222], "uv_size": [2, 2]},
								"west": {"uv": [224, 230], "uv_size": [2, 2]},
								"up": {"uv": [230, 224], "uv_size": [2, 2]},
								"down": {"uv": [226, 232], "uv_size": [2, -2]}
							}
						},
						{
							"origin": [3.75929, 18.65286, -1.35098],
							"size": [1, 2, 1],
							"pivot": [4.25929, 19.65286, -0.85098],
							"rotation": [-2.87277, -4.09405, 42.6027],
							"uv": {
								"north": {"uv": [220, 158], "uv_size": [2, 4]},
								"east": {"uv": [160, 220], "uv_size": [2, 4]},
								"south": {"uv": [220, 162], "uv_size": [2, 4]},
								"west": {"uv": [166, 220], "uv_size": [2, 4]},
								"up": {"uv": [230, 226], "uv_size": [2, 2]},
								"down": {"uv": [228, 232], "uv_size": [2, -2]}
							}
						},
						{
							"origin": [2.53878, 21.38005, -2.15866],
							"size": [1, 2, 2],
							"pivot": [3.03878, 22.38005, -1.15866],
							"rotation": [13.74956, -45.34628, 41.48038],
							"uv": {
								"north": {"uv": [220, 166], "uv_size": [2, 4]},
								"east": {"uv": [202, 8], "uv_size": [4, 4]},
								"south": {"uv": [168, 220], "uv_size": [2, 4]},
								"west": {"uv": [202, 12], "uv_size": [4, 4]},
								"up": {"uv": [170, 220], "uv_size": [2, 4]},
								"down": {"uv": [176, 224], "uv_size": [2, -4]}
							}
						},
						{
							"origin": [2.12969, 19.72709, -2.0147],
							"size": [1, 2, 1],
							"pivot": [2.8462, 21.5351, -1.2647],
							"rotation": [20.74366, -42.03023, -0.22506],
							"uv": {
								"north": {"uv": [178, 220], "uv_size": [2, 4]},
								"east": {"uv": [220, 178], "uv_size": [2, 4]},
								"south": {"uv": [184, 220], "uv_size": [2, 4]},
								"west": {"uv": [186, 220], "uv_size": [2, 4]},
								"up": {"uv": [230, 228], "uv_size": [2, 2]},
								"down": {"uv": [230, 232], "uv_size": [2, -2]}
							}
						}
					]
				},
				{
					"name": "LeftHandLocator",
					"parent": "LeftHand",
					"pivot": [3.825, 20.1731, 0.11224]
				},
				{
					"name": "RightArm",
					"parent": "Arm",
					"pivot": [-3.65, 34.5981, 0.08724],
					"rotation": [14.63719, 15.44592, 21.55426],
					"cubes": [
						{
							"origin": [-4.68359, 29.17728, -1.3779],
							"size": [2.55, 6.2, 3.05],
							"pivot": [-3.35859, 33.77728, 0.1471],
							"rotation": [4.99527, 0.21782, 2.5095],
							"uv": {
								"north": {"uv": [18, 120], "uv_size": [-6, 12]},
								"east": {"uv": [36, 120], "uv_size": [-6, 12]},
								"south": {"uv": [30, 120], "uv_size": [-6, 12]},
								"west": {"uv": [24, 120], "uv_size": [-6, 12]},
								"up": {"uv": [162, 78], "uv_size": [-6, 6]},
								"down": {"uv": [162, 90], "uv_size": [-6, -6]}
							}
						},
						{
							"origin": [-4.87976, 28.65794, -0.29045],
							"size": [2.55, 2.15, 2.2],
							"pivot": [-3.60476, 29.20794, 1.23455],
							"rotation": [49.99527, 0.21782, 2.5095],
							"uv": {
								"north": {"uv": [188, 156], "uv_size": [-6, 4]},
								"east": {"uv": [128, 200], "uv_size": [-4, 4]},
								"south": {"uv": [180, 182], "uv_size": [-6, 4]},
								"west": {"uv": [204, 122], "uv_size": [-4, 4]},
								"up": {"uv": [186, 182], "uv_size": [-6, 4]},
								"down": {"uv": [14, 188], "uv_size": [-6, -4]}
							}
						},
						{
							"origin": [-4.97976, 29.15794, 0.20955],
							"size": [0.1, 1, 1],
							"pivot": [-3.60476, 29.20794, 1.23455],
							"rotation": [49.99527, 0.21782, 2.5095],
							"uv": {
								"north": {"uv": [232, 172], "uv_size": [-2, 2]},
								"east": {"uv": [178, 230], "uv_size": [-2, 2]},
								"south": {"uv": [232, 174], "uv_size": [-2, 2]},
								"west": {"uv": [176, 230], "uv_size": [-2, 2]},
								"up": {"uv": [232, 176], "uv_size": [-2, 2]},
								"down": {"uv": [180, 232], "uv_size": [-2, -2]}
							}
						},
						{
							"origin": [-4.97976, 30.15794, 1.20955],
							"size": [0.1, 0.75, 2.1],
							"pivot": [-3.60476, 29.20794, 1.23455],
							"rotation": [49.99527, 0.21782, 2.5095],
							"uv": {
								"north": {"uv": [232, 178], "uv_size": [-2, 2]},
								"east": {"uv": [224, 52], "uv_size": [-4, 2]},
								"south": {"uv": [182, 230], "uv_size": [-2, 2]},
								"west": {"uv": [224, 46], "uv_size": [-4, 2]},
								"up": {"uv": [68, 220], "uv_size": [-2, 4]},
								"down": {"uv": [70, 224], "uv_size": [-2, -4]}
							}
						},
						{
							"origin": [-4.97976, 30.90794, 1.20955],
							"size": [0.1, 1.35, 0.75],
							"pivot": [-3.60476, 29.20794, 1.23455],
							"rotation": [49.99527, 0.21782, 2.5095],
							"uv": {
								"north": {"uv": [232, 180], "uv_size": [-2, 2]},
								"east": {"uv": [186, 230], "uv_size": [-2, 2]},
								"south": {"uv": [232, 182], "uv_size": [-2, 2]},
								"west": {"uv": [184, 230], "uv_size": [-2, 2]},
								"up": {"uv": [232, 184], "uv_size": [-2, 2]},
								"down": {"uv": [188, 232], "uv_size": [-2, -2]}
							}
						}
					]
				},
				{
					"name": "RightForeArm",
					"parent": "RightArm",
					"pivot": [-3.325, 27.6481, 0.11224],
					"rotation": [-15, 0, 0],
					"cubes": [
						{
							"origin": [-4.975, 22.8981, -1.38776],
							"size": [2.5, 6, 3],
							"pivot": [-3.725, 25.8981, 0.11224],
							"rotation": [0, 0, 2],
							"uv": {
								"north": {"uv": [4, 146], "uv_size": [-4, 12]},
								"east": {"uv": [126, 36], "uv_size": [-6, 12]},
								"south": {"uv": [8, 146], "uv_size": [-4, 12]},
								"west": {"uv": [42, 120], "uv_size": [-6, 12]},
								"up": {"uv": [188, 28], "uv_size": [-4, 6]},
								"down": {"uv": [188, 40], "uv_size": [-4, -6]}
							}
						},
						{
							"origin": [-5.30835, 23.66373, -1.88776],
							"size": [2, 5, 4],
							"pivot": [-3.74439, 26.22095, 0.11224],
							"rotation": [0, 0, 10],
							"uv": {
								"north": {"uv": [130, 152], "uv_size": [-4, 10]},
								"east": {"uv": [126, 26], "uv_size": [-8, 10]},
								"south": {"uv": [134, 152], "uv_size": [-4, 10]},
								"west": {"uv": [126, 16], "uv_size": [-8, 10]},
								"up": {"uv": [80, 174], "uv_size": [-4, 8]},
								"down": {"uv": [84, 182], "uv_size": [-4, -8]}
							}
						},
						{
							"origin": [-5.39377, 25.44486, -0.88776],
							"size": [0.1, 1, 3],
							"pivot": [-5.34377, 26.44486, 0.11224],
							"rotation": [45, 0, 10],
							"uv": {
								"north": {"uv": [232, 186], "uv_size": [-2, 2]},
								"east": {"uv": [52, 208], "uv_size": [-6, 2]},
								"south": {"uv": [190, 230], "uv_size": [-2, 2]},
								"west": {"uv": [38, 208], "uv_size": [-6, 2]},
								"up": {"uv": [40, 208], "uv_size": [-2, 6]},
								"down": {"uv": [42, 214], "uv_size": [-2, -6]}
							}
						},
						{
							"origin": [-5.39377, 25.44486, -1.88776],
							"size": [0.1, 1, 2],
							"pivot": [-5.34377, 26.44486, 0.11224],
							"rotation": [-45, 0, 10],
							"uv": {
								"north": {"uv": [232, 188], "uv_size": [-2, 2]},
								"east": {"uv": [224, 70], "uv_size": [-4, 2]},
								"south": {"uv": [192, 230], "uv_size": [-2, 2]},
								"west": {"uv": [74, 220], "uv_size": [-4, 2]},
								"up": {"uv": [78, 220], "uv_size": [-2, 4]},
								"down": {"uv": [80, 224], "uv_size": [-2, -4]}
							}
						},
						{
							"origin": [-5.39377, 27.44486, -1.88776],
							"size": [0.1, 1, 2],
							"pivot": [-5.34377, 26.44486, 0.11224],
							"rotation": [-45, 0, 10],
							"uv": {
								"north": {"uv": [232, 190], "uv_size": [-2, 2]},
								"east": {"uv": [224, 78], "uv_size": [-4, 2]},
								"south": {"uv": [194, 230], "uv_size": [-2, 2]},
								"west": {"uv": [224, 72], "uv_size": [-4, 2]},
								"up": {"uv": [82, 220], "uv_size": [-2, 4]},
								"down": {"uv": [222, 84], "uv_size": [-2, -4]}
							}
						},
						{
							"origin": [-5.39377, 26.44486, -1.88776],
							"size": [0.1, 1, 1],
							"pivot": [-5.34377, 26.44486, 0.11224],
							"rotation": [-45, 0, 10],
							"uv": {
								"north": {"uv": [232, 192], "uv_size": [-2, 2]},
								"east": {"uv": [198, 230], "uv_size": [-2, 2]},
								"south": {"uv": [232, 194], "uv_size": [-2, 2]},
								"west": {"uv": [196, 230], "uv_size": [-2, 2]},
								"up": {"uv": [232, 196], "uv_size": [-2, 2]},
								"down": {"uv": [200, 232], "uv_size": [-2, -2]}
							}
						},
						{
							"origin": [-6.3232, 22.65822, -1.84209],
							"size": [2, 1, 1],
							"pivot": [-5.3232, 23.05822, -1.44209],
							"rotation": [5, 22.5, 140],
							"uv": {
								"north": {"uv": [86, 220], "uv_size": [-4, 2]},
								"east": {"uv": [202, 230], "uv_size": [-2, 2]},
								"south": {"uv": [224, 84], "uv_size": [-4, 2]},
								"west": {"uv": [232, 198], "uv_size": [-2, 2]},
								"up": {"uv": [224, 86], "uv_size": [-4, 2]},
								"down": {"uv": [92, 222], "uv_size": [-4, -2]}
							}
						},
						{
							"origin": [-4.53021, 24.95287, -1.8581],
							"size": [1, 1, 1],
							"pivot": [-5.28021, 22.95287, -1.3581],
							"rotation": [-1.82397, 12.7583, 69.32397],
							"uv": {
								"north": {"uv": [232, 200], "uv_size": [-2, 2]},
								"east": {"uv": [206, 230], "uv_size": [-2, 2]},
								"south": {"uv": [232, 202], "uv_size": [-2, 2]},
								"west": {"uv": [204, 230], "uv_size": [-2, 2]},
								"up": {"uv": [232, 204], "uv_size": [-2, 2]},
								"down": {"uv": [208, 232], "uv_size": [-2, -2]}
							}
						},
						{
							"origin": [-5.78021, 24.45287, 1.3919],
							"size": [1, 1, 1],
							"pivot": [-5.28021, 22.95287, -1.3581],
							"rotation": [-1.82397, 12.7583, 69.32397],
							"uv": {
								"north": {"uv": [232, 206], "uv_size": [-2, 2]},
								"east": {"uv": [212, 230], "uv_size": [-2, 2]},
								"south": {"uv": [232, 208], "uv_size": [-2, 2]},
								"west": {"uv": [210, 230], "uv_size": [-2, 2]},
								"up": {"uv": [232, 210], "uv_size": [-2, 2]},
								"down": {"uv": [214, 232], "uv_size": [-2, -2]}
							}
						},
						{
							"origin": [-6.51622, 21.84105, -0.53774],
							"size": [2, 1, 1],
							"pivot": [-5.51622, 22.64105, -0.43774],
							"rotation": [4.67685, 9.04761, 138.81948],
							"uv": {
								"north": {"uv": [224, 88], "uv_size": [-4, 2]},
								"east": {"uv": [216, 230], "uv_size": [-2, 2]},
								"south": {"uv": [224, 90], "uv_size": [-4, 2]},
								"west": {"uv": [232, 212], "uv_size": [-2, 2]},
								"up": {"uv": [96, 220], "uv_size": [-4, 2]},
								"down": {"uv": [100, 222], "uv_size": [-4, -2]}
							}
						},
						{
							"origin": [-5.95044, 22.89612, -2.13776],
							"size": [2, 1, 2],
							"pivot": [-4.95044, 23.29612, -1.13776],
							"rotation": [0, 0, 15],
							"uv": {
								"north": {"uv": [224, 96], "uv_size": [-4, 2]},
								"east": {"uv": [224, 100], "uv_size": [-4, 2]},
								"south": {"uv": [104, 220], "uv_size": [-4, 2]},
								"west": {"uv": [224, 98], "uv_size": [-4, 2]},
								"up": {"uv": [204, 126], "uv_size": [-4, 4]},
								"down": {"uv": [204, 134], "uv_size": [-4, -4]}
							}
						},
						{
							"origin": [-6.40752, 22.72213, -0.83776],
							"size": [2, 1, 2],
							"pivot": [-5.40752, 23.52213, 0.36224],
							"rotation": [0, 0, 127.5],
							"uv": {
								"north": {"uv": [224, 102], "uv_size": [-4, 2]},
								"east": {"uv": [224, 106], "uv_size": [-4, 2]},
								"south": {"uv": [224, 104], "uv_size": [-4, 2]},
								"west": {"uv": [108, 220], "uv_size": [-4, 2]},
								"up": {"uv": [204, 146], "uv_size": [-4, 4]},
								"down": {"uv": [170, 204], "uv_size": [-4, -4]}
							}
						},
						{
							"origin": [-5.92456, 23.09272, 0.36224],
							"size": [2, 1, 2],
							"pivot": [-4.92456, 23.39272, 1.36224],
							"rotation": [12.5, 0, 15],
							"uv": {
								"north": {"uv": [112, 220], "uv_size": [-4, 2]},
								"east": {"uv": [122, 220], "uv_size": [-4, 2]},
								"south": {"uv": [224, 116], "uv_size": [-4, 2]},
								"west": {"uv": [224, 108], "uv_size": [-4, 2]},
								"up": {"uv": [204, 166], "uv_size": [-4, 4]},
								"down": {"uv": [174, 204], "uv_size": [-4, -4]}
							}
						},
						{
							"origin": [-6.382, 22.53967, 1.26409],
							"size": [2, 1, 1],
							"pivot": [-5.382, 23.03967, 1.46409],
							"rotation": [5.13266, 34.16078, -52.55034],
							"uv": {
								"north": {"uv": [224, 118], "uv_size": [-4, 2]},
								"east": {"uv": [218, 230], "uv_size": [-2, 2]},
								"south": {"uv": [224, 124], "uv_size": [-4, 2]},
								"west": {"uv": [232, 214], "uv_size": [-2, 2]},
								"up": {"uv": [132, 220], "uv_size": [-4, 2]},
								"down": {"uv": [224, 134], "uv_size": [-4, -2]}
							}
						},
						{
							"origin": [-4.18483, 23.63027, -1.78776],
							"size": [2, 5, 3.8],
							"pivot": [-3.74439, 26.22095, 0.11224],
							"rotation": [0, 0, -5],
							"uv": {
								"north": {"uv": [12, 154], "uv_size": [-4, 10]},
								"east": {"uv": [62, 118], "uv_size": [-8, 10]},
								"south": {"uv": [16, 154], "uv_size": [-4, 10]},
								"west": {"uv": [126, 48], "uv_size": [-8, 10]},
								"up": {"uv": [178, 80], "uv_size": [-4, 8]},
								"down": {"uv": [88, 182], "uv_size": [-4, -8]}
							}
						},
						{
							"origin": [-5.11166, 22.69531, -1.88776],
							"size": [3, 1, 4],
							"pivot": [-3.21166, 25.69531, 0.11224],
							"rotation": [0, 0, -7.5],
							"uv": {
								"north": {"uv": [58, 208], "uv_size": [-6, 2]},
								"east": {"uv": [208, 170], "uv_size": [-8, 2]},
								"south": {"uv": [214, 54], "uv_size": [-6, 2]},
								"west": {"uv": [208, 104], "uv_size": [-8, 2]},
								"up": {"uv": [14, 146], "uv_size": [-6, 8]},
								"down": {"uv": [20, 154], "uv_size": [-6, -8]}
							}
						}
					]
				},
				{
					"name": "RightHand",
					"parent": "RightForeArm",
					"pivot": [-3.93668, 22.70545, -0.08776],
					"rotation": [0, -15, 0],
					"cubes": [
						{
							"origin": [-5.30563, 21.01051, -1.27007],
							"size": [2, 2, 3],
							"pivot": [-4.30563, 22.01051, 0.22993],
							"rotation": [0.87038, 4.92385, 2.53742],
							"uv": {
								"north": {"uv": [204, 190], "uv_size": [-4, 4]},
								"east": {"uv": [50, 184], "uv_size": [-6, 4]},
								"south": {"uv": [204, 194], "uv_size": [-4, 4]},
								"west": {"uv": [190, 40], "uv_size": [-6, 4]},
								"up": {"uv": [188, 44], "uv_size": [-4, 6]},
								"down": {"uv": [54, 190], "uv_size": [-4, -6]}
							}
						},
						{
							"origin": [-5.01973, 19.57134, -0.27843],
							"size": [1, 2, 2],
							"pivot": [-4.01973, 20.57134, 0.22157],
							"rotation": [-1.50701, 4.76804, -25.06274],
							"uv": {
								"north": {"uv": [116, 220], "uv_size": [-2, 4]},
								"east": {"uv": [206, 4], "uv_size": [-4, 4]},
								"south": {"uv": [126, 220], "uv_size": [-2, 4]},
								"west": {"uv": [206, 0], "uv_size": [-4, 4]},
								"up": {"uv": [222, 134], "uv_size": [-2, 4]},
								"down": {"uv": [140, 224], "uv_size": [-2, -4]}
							}
						},
						{
							"origin": [-4.13873, 18.95031, 0.77283],
							"size": [1, 2, 1],
							"pivot": [-3.62518, 19.00688, 1.33008],
							"rotation": [-10.22435, -2.69018, -37.69305],
							"uv": {
								"north": {"uv": [222, 138], "uv_size": [-2, 4]},
								"east": {"uv": [222, 146], "uv_size": [-2, 4]},
								"south": {"uv": [222, 142], "uv_size": [-2, 4]},
								"west": {"uv": [142, 220], "uv_size": [-2, 4]},
								"up": {"uv": [232, 216], "uv_size": [-2, 2]},
								"down": {"uv": [220, 232], "uv_size": [-2, -2]}
							}
						},
						{
							"origin": [-3.4018, 20.57544, -0.87354],
							"size": [1, 1, 2],
							"pivot": [-2.9018, 20.57544, 0.62646],
							"rotation": [-4.69986, -1.70818, -117.4299],
							"uv": {
								"north": {"uv": [232, 218], "uv_size": [-2, 2]},
								"east": {"uv": [224, 152], "uv_size": [-4, 2]},
								"south": {"uv": [222, 230], "uv_size": [-2, 2]},
								"west": {"uv": [224, 150], "uv_size": [-4, 2]},
								"up": {"uv": [222, 154], "uv_size": [-2, 4]},
								"down": {"uv": [160, 224], "uv_size": [-2, -4]}
							}
						},
						{
							"origin": [-5.30597, 20.11785, -1.20887],
							"size": [1, 1, 1],
							"pivot": [-4.80597, 20.11785, -0.70887],
							"rotation": [0, 5, -7.5],
							"uv": {
								"north": {"uv": [232, 220], "uv_size": [-2, 2]},
								"east": {"uv": [226, 230], "uv_size": [-2, 2]},
								"south": {"uv": [232, 222], "uv_size": [-2, 2]},
								"west": {"uv": [224, 230], "uv_size": [-2, 2]},
								"up": {"uv": [232, 224], "uv_size": [-2, 2]},
								"down": {"uv": [228, 232], "uv_size": [-2, -2]}
							}
						},
						{
							"origin": [-4.75929, 18.65286, -1.35098],
							"size": [1, 2, 1],
							"pivot": [-4.25929, 19.65286, -0.85098],
							"rotation": [-2.87277, 4.09405, -42.6027],
							"uv": {
								"north": {"uv": [222, 158], "uv_size": [-2, 4]},
								"east": {"uv": [168, 220], "uv_size": [-2, 4]},
								"south": {"uv": [222, 162], "uv_size": [-2, 4]},
								"west": {"uv": [162, 220], "uv_size": [-2, 4]},
								"up": {"uv": [232, 226], "uv_size": [-2, 2]},
								"down": {"uv": [230, 232], "uv_size": [-2, -2]}
							}
						},
						{
							"origin": [-3.53878, 21.38005, -2.15866],
							"size": [1, 2, 2],
							"pivot": [-3.03878, 22.38005, -1.15866],
							"rotation": [13.74956, 45.34628, -41.48038],
							"uv": {
								"north": {"uv": [222, 166], "uv_size": [-2, 4]},
								"east": {"uv": [206, 12], "uv_size": [-4, 4]},
								"south": {"uv": [170, 220], "uv_size": [-2, 4]},
								"west": {"uv": [206, 8], "uv_size": [-4, 4]},
								"up": {"uv": [172, 220], "uv_size": [-2, 4]},
								"down": {"uv": [178, 224], "uv_size": [-2, -4]}
							}
						},
						{
							"origin": [-3.12969, 19.72709, -2.0147],
							"size": [1, 2, 1],
							"pivot": [-2.8462, 21.5351, -1.2647],
							"rotation": [20.74366, 42.03023, 0.22506],
							"uv": {
								"north": {"uv": [180, 220], "uv_size": [-2, 4]},
								"east": {"uv": [188, 220], "uv_size": [-2, 4]},
								"south": {"uv": [186, 220], "uv_size": [-2, 4]},
								"west": {"uv": [222, 178], "uv_size": [-2, 4]},
								"up": {"uv": [232, 228], "uv_size": [-2, 2]},
								"down": {"uv": [232, 232], "uv_size": [-2, -2]}
							}
						}
					]
				},
				{
					"name": "RightHandLocator",
					"parent": "RightHand",
					"pivot": [-3.825, 20.1731, 0.11224]
				},
				{
					"name": "Breast",
					"parent": "UpperBody",
					"pivot": [0, 33.89557, -1.5461],
					"rotation": [20, 0, 0]
				},
				{
					"name": "left_y",
					"parent": "Breast",
					"pivot": [2.63791, 31.08718, -3.57646]
				},
				{
					"name": "right_y",
					"parent": "Breast",
					"pivot": [-2.63791, 31.08718, -3.57646]
				},
				{
					"name": "lz",
					"parent": "Breast",
					"pivot": [0, 32.32809, -5.33954],
					"rotation": [37.5, 0, 0]
				},
				{
					"name": "bone2",
					"parent": "Breast",
					"pivot": [3.1187, 34.13545, -1.25695],
					"rotation": [5.3191, -19.92066, -21.81693]
				},
				{
					"name": "q_p2",
					"parent": "UpBody",
					"pivot": [-1.74822, 24.36593, -21.5667],
					"rotation": [2.5, 0, 0]
				},
				{
					"name": "DownBody",
					"parent": "AllBody",
					"pivot": [0, 27.1491, 0]
				},
				{
					"name": "RightLeg",
					"parent": "DownBody",
					"pivot": [-3.32, 22.1, 0.75],
					"rotation": [-0.10912, 2.49762, -0.00238]
				},
				{
					"name": "RightLowerLeg",
					"parent": "RightLeg",
					"pivot": [-3.43956, 13.1405, 0.34905],
					"rotation": [2.48632, -0.26124, 5.99433]
				},
				{
					"name": "RightFoot",
					"parent": "RightLowerLeg",
					"pivot": [-3.02706, 3.29002, 0.90836],
					"rotation": [-2.43113, -2.67117, -3.8888]
				},
				{
					"name": "LeftSole",
					"parent": "RightFoot",
					"pivot": [-3.26212, 2.15307, -0.88491],
					"rotation": [12.5, 0, 0]
				},
				{
					"name": "LeftLeg",
					"parent": "DownBody",
					"pivot": [3.32, 22.1, 0.75],
					"rotation": [-0.10912, -2.49762, 0.00238]
				},
				{
					"name": "LeftLowerLeg",
					"parent": "LeftLeg",
					"pivot": [3.43956, 13.1405, 0.34905],
					"rotation": [2.48632, 0.26124, -5.99433]
				},
				{
					"name": "LeftFoot",
					"parent": "LeftLowerLeg",
					"pivot": [3.02706, 3.29002, 0.90836],
					"rotation": [-2.43113, 2.67117, 3.8888]
				},
				{
					"name": "RightSole",
					"parent": "LeftFoot",
					"pivot": [3.26212, 2.15307, -0.88491],
					"rotation": [12.5, 0, 0]
				}
			]
		}
	]
}