{
  "parent": "minecraft:story/3",
  "display": {
    "icon": {
      "item": "draconicevolution:dragon_heart"
    },
    "title": {
      "translate": "起始与终结"
    },
    "description": {
      "translate": "您已进入第四阶段"
    },
    "frame": "challenge",
    "show_toast": true,
    "announce_to_chat": false,
    "hidden": false
  },
  "rewards": {
    "experience": 100
  },
  "criteria": {
    "barrier": {
      "trigger": "minecraft:inventory_changed",
      "conditions": {
        "items": [
          {
            "items": [
              "minecraft:barrier"
            ]
          }
        ]
      }
    }
  },
  "requirements": [
    [
      "barrier"
    ]
  ]
}