{
	"pack_name": "{maid_pack.kasumizawa_miyu_voice_pack.name}",
	"model_list": [
		{
			"model_id": "kasumizawa_miyu_voice_pack:kasumizawa_miyu",
			"is_gecko": true,
			"render_entity_scale": 0.65,
			"use_sound_pack_id": "kasumizawa_miyu_voice_pack",
			"animation": ["kasumizawa_miyu_voice_pack:animation/kasumizawa_miyu_voice_pack.kasumizawa_miyu.animation.json"],
			"render_item_scale": 1.2,
			"description": ["{model.kasumizawa_miyu_voice_pack.kasumizawa_miyu.desc}"]
		}
	],
	"version": "1.1.0",
	"author": ["伊洛是哥斯拉嘛"],
	"date": "2024-01-18",
	"icon": "kasumizawa_miyu_voice_pack:textures/maid_icon.png",
	"description": ["{maid_pack.kasumizawa_miyu_voice_pack.desc}"]
}