{
	"format_version": "1.10.0",
	"geometry.model": {
		"texturewidth": 72,
		"textureheight": 72,
		"visible_bounds_width": 2,
		"visible_bounds_height": 2,
		"visible_bounds_offset": [0, 1, 0],
		"bones": [
			{
				"name": "head",
				"pivot": [0, 18, 0],
				"cubes": [
					{"origin": [-4, 18, -4], "size": [8, 8, 8], "uv": [0, 0]},
					{"origin": [-4, 18, -4], "size": [8, 8, 8], "uv": [32, 0], "inflate": 0.1}
				]
			},
			{
				"name": "blink",
				"parent": "head",
				"pivot": [0, 18, 0],
				"cubes": [
					{"origin": [-4, 18, -4.001], "size": [8, 8, 0], "uv": [24, 0]}
				]
			},
			{
				"name": "armRight",
				"pivot": [-3, 17.5, 0],
				"rotation": [0, 0, 10]
			},
			{
				"name": "chestPlateRight",
				"parent": "armRight",
				"pivot": [0, 0, 0],
				"cubes": [
					{"origin": [-6, 8, -2], "size": [4, 10, 4], "uv": [40, 30], "inflate": -0.5},
					{"origin": [-6, 8, -2], "size": [4, 10, 4], "uv": [40, 58], "inflate": -0.4}
				]
			},
			{
				"name": "_chestPlateRight",
				"parent": "armRight",
				"pivot": [0, 0, 0],
				"cubes": [
					{"origin": [-6, 8, -2], "size": [4, 10, 4], "uv": [40, 16], "inflate": -0.5},
					{"origin": [-6, 8, -2], "size": [4, 10, 4], "uv": [56, 16], "inflate": -0.4}
				]
			},
			{
				"name": "armLeft",
				"pivot": [3, 17.5, 0],
				"rotation": [0, 0, -10]
			},
			{
				"name": "chestPlateLeft",
				"parent": "armLeft",
				"pivot": [3, 17.5, 0],
				"cubes": [
					{"origin": [2, 8, -2], "size": [4, 10, 4], "uv": [40, 44], "inflate": -0.5},
					{"origin": [2, 8, -2], "size": [4, 10, 4], "uv": [0, 58], "inflate": -0.4}
				]
			},
			{
				"name": "_chestPlateLeft",
				"parent": "armLeft",
				"pivot": [3, 17.5, 0],
				"cubes": [
					{"origin": [2, 8, -2], "size": [4, 10, 4], "uv": [40, 16], "inflate": -0.5},
					{"origin": [2, 8, -2], "size": [4, 10, 4], "uv": [56, 30], "inflate": -0.4}
				]
			},
			{
				"name": "body",
				"pivot": [0, 10.5, 0],
				"cubes": [
					{"origin": [-4, 8.5, -2], "size": [8, 10, 4], "uv": [16, 16], "inflate": -0.5}
				]
			},
			{
				"name": "chestPlate",
				"parent": "body",
				"pivot": [0, 10.5, 0],
				"cubes": [
					{"origin": [-4, 8.5, -2], "size": [8, 10, 4], "uv": [16, 30], "inflate": -0.499},
					{"origin": [-4, 8.5, -2], "size": [8, 10, 4], "uv": [16, 44], "inflate": -0.4}
				]
			},
			{
				"name": "legLeft",
				"pivot": [2, 9, 0]
			},
			{
				"name": "leggingsLeft",
				"parent": "legLeft",
				"pivot": [2, 9, 0],
				"cubes": [
					{"origin": [-0.5, -0.5, -2], "size": [4, 10, 4], "uv": [0, 44], "inflate": -0.5}
				]
			},
			{
				"name": "_leggingsLeft",
				"parent": "legLeft",
				"pivot": [0, 0, 0],
				"cubes": [
					{"origin": [-0.5, -0.5, -2], "size": [4, 10, 4], "uv": [0, 16], "inflate": -0.5}
				]
			},
			{
				"name": "bootsLeft",
				"parent": "legLeft",
				"pivot": [2, 9, 0],
				"cubes": [
					{"origin": [-0.5, -0.5, -2], "size": [4, 10, 4], "uv": [24, 58], "inflate": -0.4}
				]
			},
			{
				"name": "legRight",
				"pivot": [-2, 9, 0]
			},
			{
				"name": "leggingsRight",
				"parent": "legRight",
				"pivot": [2, 9, 0],
				"cubes": [
					{"origin": [-3.5, -0.5, -2], "size": [4, 10, 4], "uv": [0, 30], "inflate": -0.5}
				]
			},
			{
				"name": "_leggingsRight",
				"parent": "legRight",
				"pivot": [-2, 9, 0],
				"cubes": [
					{"origin": [-3.5, -0.5, -2], "size": [4, 10, 4], "uv": [0, 16], "inflate": -0.5}
				]
			},
			{
				"name": "bootsRight",
				"parent": "legRight",
				"pivot": [2, 9, 0],
				"cubes": [
					{"origin": [-3.5, -0.5, -2], "size": [4, 10, 4], "uv": [56, 44], "inflate": -0.4}
				]
			}
		]
	}
}