{
	"format_version": "1.10.0",
	"geometry.model": {
		"texturewidth": 64,
		"textureheight": 64,
		"visible_bounds_width": 2,
		"visible_bounds_height": 2,
		"visible_bounds_offset": [0, 1, 0],
		"bones": [
			{
				"name": "head",
				"pivot": [0, 18, 0],
				"cubes": [
					{"origin": [-4, 18, -4], "size": [8, 8, 8], "uv": [0, 0]}
				]
			},
			{
				"name": "ahoge",
				"parent": "head",
				"pivot": [0, 0, 0],
				"cubes": [
					{"origin": [-3, 26, 0], "size": [6, 6, 0], "uv": [36, 44]}
				]
			},
			{
				"name": "blink",
				"parent": "head",
				"pivot": [0, 18, 0],
				"cubes": [
					{"origin": [-4, 18, -4.001], "size": [8, 8, 0], "uv": [36, 36]}
				]
			},
			{
				"name": "bone2",
				"parent": "head",
				"pivot": [0, 18, 0]
			},
			{
				"name": "bone4",
				"parent": "bone2",
				"pivot": [0, 18, 0],
				"rotation": [10, 0, 0],
				"cubes": [
					{"origin": [-4, 10, 4], "size": [8, 9, 0], "uv": [24, 25]}
				]
			},
			{
				"name": "bilibili",
				"parent": "head",
				"pivot": [0, 18, 0],
				"cubes": [
					{"origin": [-4.3, 21, -3], "size": [0.3, 2, 3], "uv": [0, 0]}
				]
			},
			{
				"name": "armRight",
				"pivot": [-3, 17.5, 0],
				"rotation": [0, 0, 25],
				"cubes": [
					{"origin": [-5, 8.5, -1], "size": [2, 8, 2], "uv": [40, 25]},
					{"origin": [-5.5, 13.5, -1.5], "size": [3, 4, 3], "uv": [0, 39]}
				]
			},
			{
				"name": "armLeft",
				"pivot": [3, 17.5, 0],
				"rotation": [0, 0, -25],
				"cubes": [
					{"origin": [2.5, 13.5, -1.5], "size": [3, 4, 3], "uv": [32, 18]},
					{"origin": [3, 8.5, -1], "size": [2, 8, 2], "uv": [12, 39]}
				]
			},
			{
				"name": "body",
				"pivot": [0, 10.5, 0],
				"cubes": [
					{"origin": [-4, 7.999, -2], "size": [8, 10, 4], "uv": [0, 25]}
				]
			},
			{
				"name": "bone",
				"parent": "body",
				"pivot": [0, 0, 0],
				"cubes": [
					{"origin": [-5, 6, -3], "size": [10, 3, 6], "uv": [0, 16]}
				]
			},
			{
				"name": "bone3",
				"parent": "body",
				"pivot": [0, 9.5, 5],
				"rotation": [-30, 0, 0],
				"cubes": [
					{"origin": [-4, 9.5, -5], "size": [8, 3, 3], "uv": [24, 0]}
				]
			},
			{
				"name": "legLeft",
				"pivot": [2, 9, 0],
				"cubes": [
					{"origin": [0.499, 0, -1.5], "size": [3, 9, 3], "uv": [24, 34]}
				]
			},
			{
				"name": "legRight",
				"pivot": [-2, 9, 0],
				"cubes": [
					{"origin": [-3.499, 0, -1.5], "size": [3, 9, 3], "uv": [32, 6]}
				]
			}
		]
	}
}