{
	"format_version": "1.10.0",
	"geometry.model": {
		"texturewidth": 64,
		"textureheight": 64,
		"visible_bounds_width": 3,
		"visible_bounds_height": 2,
		"visible_bounds_offset": [0, 1, 0],
		"bones": [
			{
				"name": "head",
				"pivot": [0, 18, 0],
				"cubes": [
					{"origin": [-4, 18, -4], "size": [8, 8, 8], "uv": [0, 0]}
				]
			},
			{
				"name": "ahoge",
				"parent": "head",
				"pivot": [0, 0, 0],
				"cubes": [
					{"origin": [-3, 26, 0], "size": [6, 6, 0], "uv": [32, 8]}
				]
			},
			{
				"name": "blink",
				"parent": "head",
				"pivot": [0, 18, 0],
				"cubes": [
					{"origin": [-4, 18, -4.001], "size": [8, 8, 0], "uv": [24, 0]}
				]
			},
			{
				"name": "bone2",
				"parent": "head",
				"pivot": [0, 18, 0],
				"cubes": [
					{"origin": [4, 23, 1], "size": [2, 2, 2], "uv": [0, 57]}
				]
			},
			{
				"name": "bone3",
				"parent": "head",
				"pivot": [0, 18, 0],
				"cubes": [
					{"origin": [4, 25, 2], "size": [2, 2, 0], "uv": [0, 0]}
				]
			},
			{
				"name": "bone4",
				"parent": "head",
				"pivot": [0, 18, 0],
				"cubes": [
					{"origin": [5, 18, 1], "size": [2, 7, 2], "uv": [37, 47]}
				]
			},
			{
				"name": "armRight",
				"pivot": [-3, 17.5, 0],
				"rotation": [0, 0, 25],
				"cubes": [
					{"origin": [-5, 8.5, -1], "size": [2, 8, 2], "uv": [34, 34]}
				]
			},
			{
				"name": "armLeft",
				"pivot": [3, 17.5, 0],
				"rotation": [0, 0, -25],
				"cubes": [
					{"origin": [3, 8.5, -1], "size": [2, 8, 2], "uv": [12, 30]}
				]
			},
			{
				"name": "body",
				"pivot": [0, 10.5, 0],
				"cubes": [
					{"origin": [-4, 7.999, -2], "size": [8, 10, 4], "uv": [0, 16]}
				]
			},
			{
				"name": "legLeft",
				"pivot": [2, 9, 0],
				"cubes": [
					{"origin": [0.499, 0, -1.5], "size": [3, 9, 3], "uv": [0, 30]}
				]
			},
			{
				"name": "legRight",
				"pivot": [-2, 9, 0],
				"cubes": [
					{"origin": [-3.499, 0, -1.5], "size": [3, 9, 3], "uv": [24, 24]}
				]
			},
			{
				"name": "sinFloat",
				"pivot": [-9.24166, 22.99946, 0],
				"cubes": [
					{"origin": [-11.73832, 19.34107, -1], "size": [5, 4, 2], "uv": [24, 16]},
					{"origin": [-11.745, 23.15785, 0], "size": [5, 3, 0], "uv": [33, 22]}
				]
			}
		]
	}
}