{
	"format_version": "1.10.0",
	"geometry.model": {
		"texturewidth": 64,
		"textureheight": 64,
		"visible_bounds_width": 3,
		"visible_bounds_height": 3,
		"visible_bounds_offset": [0, 0.5, 0],
		"bones": [
			{
				"name": "head",
				"pivot": [0, 16, 0],
				"cubes": [
					{"origin": [-2.875, 15.875, -2.7], "size": [5.75, 6, 5.7], "uv": [30, 26]},
					{"origin": [-2.875, 15.875, -2.75], "size": [5.75, 1.25, 0.05], "uv": [54, 44]},
					{"origin": [-2.875, 17.132, -2.75], "size": [1.15, 1.25, 0.05], "uv": [35, 39]},
					{"origin": [1.725, 17.132, -2.75], "size": [1.15, 1.25, 0.05], "uv": [43, 39]},
					{"origin": [-0.6, 17.132, -2.75], "size": [1.2, 1.25, 0.05], "uv": [38, 39]},
					{"origin": [-2.875, 18.38, -2.75], "size": [5.75, 3.5, 0.05], "uv": [54, 0]}
				]
			},
			{
				"name": "ahoge",
				"parent": "head",
				"pivot": [0, 19, 0]
			},
			{
				"name": "blink",
				"parent": "head",
				"pivot": [0, 15, 0],
				"cubes": [
					{"origin": [-2.875, 15.875, -2.751], "size": [5.75, 6, 0], "uv": [54, 58]}
				]
			},
			{
				"name": "hair",
				"parent": "head",
				"pivot": [0, 15, 0],
				"cubes": [
					{"origin": [-0.75, 19.25, -3], "size": [1.5, 0.75, 0.25], "uv": [18, 31]},
					{"origin": [1.75, 19.25, -3], "size": [1.25, 0.75, 0.25], "uv": [17, 32]},
					{"origin": [-3, 19.25, -3], "size": [1.25, 0.75, 0.25], "uv": [8, 31]},
					{"origin": [-0.75, 18.5, -3], "size": [0.75, 0.75, 0.25], "uv": [48, 28]}
				]
			},
			{
				"name": "hair2",
				"parent": "hair",
				"pivot": [0, 15, 0],
				"cubes": [
					{"origin": [2, 21, -3], "size": [0.5, 0.5, 0.25], "uv": [47, 30]},
					{"origin": [-2, 21, -3], "size": [4, 1, 0.25], "uv": [56, 56]},
					{"origin": [-2.5, 21, -3], "size": [0.5, 0.5, 0.25], "uv": [47, 29]},
					{"origin": [-3, 20, -3], "size": [6, 1, 0.25], "uv": [52, 11]}
				]
			},
			{
				"name": "hair3",
				"parent": "hair",
				"pivot": [0, 15, 6],
				"cubes": [
					{"origin": [2, 21, 3], "size": [0.5, 0.5, 0.25], "uv": [47, 28]},
					{"origin": [-2, 21, 3], "size": [4, 1, 0.25], "uv": [56, 54]},
					{"origin": [-2.5, 21, 3], "size": [0.5, 0.5, 0.25], "uv": [49, 27]},
					{"origin": [-3, 15.85, 3], "size": [6, 5.15, 0.25], "uv": [52, 18]}
				]
			},
			{
				"name": "hair4",
				"parent": "hair",
				"pivot": [-3, 21.125, 0.125],
				"rotation": [0, 90, 0],
				"cubes": [
					{"origin": [-1, 21, 0], "size": [0.5, 0.5, 0.25], "uv": [48, 27]},
					{"origin": [-5, 21, 0], "size": [4, 1, 0.25], "uv": [56, 52]},
					{"origin": [-5.5, 21, 0], "size": [0.5, 0.5, 0.25], "uv": [49, 30]},
					{"origin": [-6, 20, 0], "size": [6, 1, 0.25], "uv": [52, 9]}
				]
			},
			{
				"name": "hair5",
				"parent": "hair",
				"pivot": [3, 21.125, 0.125],
				"rotation": [0, 90, 0],
				"cubes": [
					{"origin": [5, 21, 0], "size": [0.5, 0.5, 0.25], "uv": [47, 27]},
					{"origin": [1, 21, 0], "size": [4, 1, 0.25], "uv": [56, 50]},
					{"origin": [0.5, 21, 0], "size": [0.5, 0.5, 0.25], "uv": [49, 30]},
					{"origin": [0, 20, 0], "size": [6, 1, 0.25], "uv": [52, 39]},
					{"origin": [0, 19.25, 0], "size": [6, 0.75, 0.25], "uv": [8, 39]},
					{"origin": [0, 19.25, -6], "size": [6, 0.75, 0.25], "uv": [8, 37]},
					{"origin": [0, 15.85, 0], "size": [5.35, 2, 0.25], "uv": [54, 41]},
					{"origin": [0, 15.85, -6], "size": [5.35, 2, 0.25], "uv": [54, 15]},
					{"origin": [0, 17.85, 0], "size": [5, 1.4, 0.25], "uv": [54, 48]},
					{"origin": [0, 17.85, -6], "size": [5, 1.4, 0.25], "uv": [54, 46]},
					{"origin": [4.7, 14.85, 0], "size": [0.5, 1, 0.25], "uv": [1, 35]},
					{"origin": [4.7, 14.85, -6], "size": [0.5, 1, 0.25], "uv": [1, 33]},
					{"origin": [4.7, 12.85, 0.15], "size": [0.5, 2, 0.25], "uv": [3, 15]},
					{"origin": [4.7, 12.85, -6.15], "size": [0.5, 2, 0.25], "uv": [3, 15]},
					{"origin": [4.7, 11.85, 0], "size": [0.5, 1, 0.25], "uv": [2, 23]},
					{"origin": [4.7, 11.85, -6], "size": [0.5, 1, 0.25], "uv": [1, 23]},
					{"origin": [4.7, 11.6, 0], "size": [0.25, 0.25, 0.25], "uv": [2, 27]},
					{"origin": [4.7, 11.6, -6], "size": [0.25, 0.25, 0.25], "uv": [2, 27]}
				]
			},
			{
				"name": "up",
				"parent": "hair",
				"pivot": [0, 15, 0],
				"cubes": [
					{"origin": [-2.875, 21.875, -1.875], "size": [5.75, 0.12, 4], "uv": [16, 9]},
					{"origin": [-2, 21.875, 2.125], "size": [4, 0.12, 0.875], "uv": [56, 18]},
					{"origin": [-2.5, 21.875, 2.125], "size": [0.5, 0.12, 0.5], "uv": [49, 30]},
					{"origin": [2, 21.875, 2.125], "size": [0.5, 0.12, 0.5], "uv": [49, 30]},
					{"origin": [-2.5, 21.875, -2.374], "size": [0.5, 0.12, 0.5], "uv": [49, 30]},
					{"origin": [2, 21.875, -2.374], "size": [0.5, 0.12, 0.5], "uv": [49, 30]},
					{"origin": [-2, 21.875, -2.75], "size": [4, 0.12, 0.875], "uv": [56, 17]}
				]
			},
			{
				"name": "ears2",
				"parent": "head",
				"pivot": [1.56201, 22.05123, -0.94778],
				"rotation": [-1.03691, 17.54743, -45.18367],
				"cubes": [
					{"origin": [0.91201, 21.40123, -1.52278], "size": [1.6, 1.6, 0.4], "uv": [32, 63]},
					{"origin": [0.91201, 21.40123, -1.12278], "size": [1.4, 1.4, 0.2], "uv": [29, 58]},
					{"origin": [0.91201, 21.40123, -0.92278], "size": [1.2, 1.2, 0.2], "uv": [29, 63]},
					{"origin": [0.91201, 21.40123, -0.72278], "size": [1, 1, 0.2], "uv": [38, 50]}
				]
			},
			{
				"name": "bone2",
				"parent": "ears2",
				"pivot": [1.71201, 22.30123, -1.52278],
				"rotation": [0, 0, 42.5],
				"cubes": [
					{"origin": [1.49201, 22.10123, -1.72278], "size": [0.5, 0.5, 0.4], "uv": [48, 29]}
				]
			},
			{
				"name": "ears",
				"parent": "head",
				"pivot": [0, 21, -1],
				"rotation": [17.5, 0, -42.5],
				"cubes": [
					{"origin": [-1, 22, -1], "size": [1.6, 1.6, 0.4], "uv": [53, 56]},
					{"origin": [-1, 22, -0.6], "size": [1.4, 1.4, 0.2], "uv": [62, 7]},
					{"origin": [-1, 22, -0.4], "size": [1.2, 1.2, 0.2], "uv": [59, 7]},
					{"origin": [-1, 22, -0.2], "size": [1, 1, 0.2], "uv": [56, 7]}
				]
			},
			{
				"name": "bone",
				"parent": "ears",
				"pivot": [-0.2, 22.9, -1],
				"rotation": [0, 0, 42.5],
				"cubes": [
					{"origin": [-0.42, 22.7, -1.2], "size": [0.5, 0.5, 0.4], "uv": [49, 30]}
				]
			},
			{
				"name": "armRight",
				"pivot": [-2.49346, 14.57614, 0],
				"rotation": [0, 0, 25],
				"cubes": [
					{"origin": [-3.88822, 7.01198, -1], "size": [1.7, 8, 2], "uv": [7, 54]}
				]
			},
			{
				"name": "armLeft",
				"pivot": [3, 14.5, 0],
				"rotation": [0, 0, -25],
				"cubes": [
					{"origin": [2.56785, 7.21892, -1], "size": [1.7, 8, 2], "uv": [0, 54]}
				]
			},
			{
				"name": "body",
				"pivot": [0, 8.5, 0],
				"cubes": [
					{"origin": [-2.8, 6.999, -1.45], "size": [5.6, 9, 2.95], "uv": [19, 15]}
				]
			},
			{
				"name": "closes",
				"parent": "body",
				"pivot": [0, -2, 0],
				"cubes": [
					{"origin": [-3.25, 15.8, 0], "size": [6.5, 0, 3.3], "uv": [35, 13]},
					{"origin": [-3.25, 15.8, 3.3], "size": [6.5, 1.5, 0], "uv": [41, 0]},
					{"origin": [-2.5, 17.3, 3.3], "size": [5, 0.8, 0], "uv": [9, 34]}
				]
			},
			{
				"name": "closes2",
				"parent": "body",
				"pivot": [-3, -2, 0],
				"cubes": [
					{"origin": [-3.25, 15.8, 0], "size": [0, 0.5, 3.3], "uv": [15, 40]},
					{"origin": [3.25, 15.8, 0], "size": [0, 0.5, 3.3], "uv": [1, 36]},
					{"origin": [-3.25, 16.3, 0.5], "size": [0, 0.5, 0.8], "uv": [5, 39]},
					{"origin": [3.25, 16.3, 0.5], "size": [0, 0.5, 0.8], "uv": [5, 39]},
					{"origin": [-3.25, 16.3, 1.3], "size": [0, 1, 2], "uv": [38, 0]},
					{"origin": [3.25, 16.3, 1.3], "size": [0, 1, 2], "uv": [33, 12]},
					{"origin": [-3.5, 10.5, 1.6001], "size": [7, 5.25, 0], "uv": [50, 24]},
					{"origin": [3.5, 9.4, 1.352], "size": [2, 2.7, 0.25], "uv": [51, 6]},
					{"origin": [-5.5, 9.4, 1.352], "size": [2, 2.7, 0.25], "uv": [29, 60]}
				]
			},
			{
				"name": "bone3",
				"parent": "closes2",
				"pivot": [3, 12, -1.6],
				"rotation": [0, 0, -25],
				"cubes": [
					{"origin": [2.5, 5, -1.6], "size": [3, 10.5, 0], "uv": [46, 44]},
					{"origin": [5.5, 5, -1.6], "size": [0, 10.5, 3.2], "uv": [0, 40]},
					{"origin": [3.5, 5, 1.6], "size": [2, 10.5, 0], "uv": [24, 54]},
					{"origin": [3.5, 15.5, -1.6], "size": [2, 0, 3.2], "uv": [20, 50]},
					{"origin": [1.5, 9, -1.6], "size": [1, 6, 0], "uv": [51, 30]},
					{"origin": [1.5, 5, -1.6], "size": [1, 2, 0], "uv": [32, 38]}
				]
			},
			{
				"name": "bone4",
				"parent": "closes2",
				"pivot": [0, 10.5, 1.6001],
				"rotation": [17.5, 0, 0],
				"cubes": [
					{"origin": [-3.5, 5, 1.6001], "size": [7, 5.5, 0], "uv": [36, 7]}
				]
			},
			{
				"name": "bone10",
				"parent": "bone4",
				"pivot": [-3.5, 7.75, 1.6001],
				"rotation": [0, -12.5, 0],
				"cubes": [
					{"origin": [-4.5, 5, 1.6001], "size": [1, 5.5, 0], "uv": [53, 50]}
				]
			},
			{
				"name": "bone11",
				"parent": "bone10",
				"pivot": [-4.5, 7.75, 1.6001],
				"rotation": [0, -15, 0],
				"cubes": [
					{"origin": [-5.5, 5, 1.6001], "size": [1, 5.5, 0], "uv": [46, 38]}
				]
			},
			{
				"name": "bone13",
				"parent": "bone11",
				"pivot": [-5.5, 7.75, 1.6001],
				"rotation": [0, -10, 0],
				"cubes": [
					{"origin": [-6.5, 5, 1.6001], "size": [1, 5.5, 0], "uv": [7, 48]}
				]
			},
			{
				"name": "bone12",
				"parent": "bone10",
				"pivot": [-4.5, 7.75, 1.6001],
				"rotation": [0, -15, 0]
			},
			{
				"name": "bone5",
				"parent": "bone4",
				"pivot": [3.5, 7.75, 1.6001],
				"rotation": [0, 12.5, 0],
				"cubes": [
					{"origin": [3.5, 5, 1.6001], "size": [1, 5.5, 0], "uv": [43, 50]}
				]
			},
			{
				"name": "bone6",
				"parent": "bone5",
				"pivot": [4.5, 7.75, 1.6001],
				"rotation": [0.33552, 17.47852, 0.03718],
				"cubes": [
					{"origin": [4.5, 5, 1.6001], "size": [1, 5.5, 0], "uv": [49, 38]}
				]
			},
			{
				"name": "bone7",
				"parent": "bone6",
				"pivot": [6, 7.75, 1.6001],
				"cubes": [
					{"origin": [5.45, 5, 1.6001], "size": [1.4, 3.5, 0], "uv": [38, 52]}
				]
			},
			{
				"name": "bone8",
				"parent": "bone7",
				"pivot": [6, 7.75, 1.6001]
			},
			{
				"name": "sittingRotationSkirt",
				"parent": "body",
				"pivot": [0, 8.5, 0]
			},
			{
				"name": "close",
				"parent": "body",
				"pivot": [0, 8.5, 0],
				"cubes": [
					{"origin": [-2.8, 7, -1.5], "size": [5.6, 8, 0.05], "uv": [39, 17]},
					{"origin": [-2.8, 7, -1.5], "size": [0, 8, 3.05], "uv": [38, 53]},
					{"origin": [2.802, 7, -1.5], "size": [0, 8, 3.05], "uv": [38, 38]},
					{"origin": [-2.799, 7, 1.55], "size": [5.6, 8, 0], "uv": [54, 30]},
					{"origin": [1.2, 15.5, -1.5], "size": [1.6, 0.5, 0.05], "uv": [11, 32]},
					{"origin": [-2.8, 15.5, -1.5], "size": [1.6, 0.5, 0.05], "uv": [8, 30]},
					{"origin": [0.7, 14.999, -1.5], "size": [2.1, 0.5, 0.05], "uv": [13, 31]},
					{"origin": [-2.8, 14.999, -1.5], "size": [2.1, 0.5, 0.05], "uv": [13, 30]}
				]
			},
			{
				"name": "bone18",
				"parent": "close",
				"pivot": [2.801, 7, 0.025],
				"rotation": [0, 0, -7.5],
				"cubes": [
					{"origin": [2.801, 5.5, -1.5], "size": [0, 1.5, 3.05], "uv": [23, 33]}
				]
			},
			{
				"name": "bone19",
				"parent": "close",
				"pivot": [0.001, 7, 1.55],
				"rotation": [5, 0, 0],
				"cubes": [
					{"origin": [-2.799, 5.5, 1.55], "size": [5.6, 1.5, 0], "uv": [54, 13]}
				]
			},
			{
				"name": "bone17",
				"parent": "close",
				"pivot": [-2.8, 7, 0.025],
				"rotation": [0, 0, 7.5],
				"cubes": [
					{"origin": [-2.8, 5.5, -1.5], "size": [0, 1.5, 3.05], "uv": [23, 28]}
				]
			},
			{
				"name": "bone14",
				"parent": "close",
				"pivot": [-1, 7, -1.5],
				"rotation": [-12.5, 0, 0],
				"cubes": [
					{"origin": [-2.8, 5.5, -1.5], "size": [3.6, 1.5, 0], "uv": [37, 5]}
				]
			},
			{
				"name": "bone15",
				"parent": "close",
				"pivot": [1, 7, -1.5],
				"rotation": [-12.5, 0, 0],
				"cubes": [
					{"origin": [1.5, 5.5, -1.5], "size": [1.3, 1.5, 0], "uv": [62, 5]}
				]
			},
			{
				"name": "bone16",
				"parent": "bone15",
				"pivot": [1.8, 7, -1.5],
				"rotation": [0, 0, -47.5],
				"cubes": [
					{"origin": [0.5, 6.2, -1.5], "size": [1.3, 2.5, 0], "uv": [36, 20]}
				]
			},
			{
				"name": "closes3",
				"parent": "body",
				"pivot": [-4.5, 11, -1.6],
				"rotation": [0, 0, 25],
				"cubes": [
					{"origin": [-3, 9.5, -1.6], "size": [1, 6, 0], "uv": [35, 58]},
					{"origin": [-3, 6, -1.6], "size": [1, 2, 0], "uv": [36, 23]},
					{"origin": [-6, 6, -1.6], "size": [3, 10, 0], "uv": [23, 38]},
					{"origin": [-6, 6, -1.6], "size": [0, 10, 3.2], "uv": [31, 43]},
					{"origin": [-6, 16, -1.6], "size": [2, 0, 3.25], "uv": [46, 2]}
				]
			},
			{
				"name": "bone9",
				"parent": "closes3",
				"pivot": [-4, 11, 1.4],
				"cubes": [
					{"origin": [-6, 6, 1.6], "size": [2, 10, 0], "uv": [19, 54]}
				]
			},
			{
				"name": "legLeft",
				"pivot": [1.5, 7, 0],
				"cubes": [
					{"origin": [0.499, 0, -1], "size": [2, 7, 2], "uv": [11, 44]}
				]
			},
			{
				"name": "legRight",
				"pivot": [-1.5, 7, 0],
				"cubes": [
					{"origin": [-2.499, 0, -1], "size": [2, 7, 2], "uv": [45, 55]}
				]
			},
			{
				"name": "tail",
				"pivot": [0, 7.5, 2],
				"cubes": [
					{"origin": [-0.4, 7, 1.5], "size": [0.6, 0.6, 0.8], "uv": [48, 30]},
					{"origin": [0.2, 7, 1.8], "size": [1.2, 0.6, 0.6], "uv": [14, 32]},
					{"origin": [1.4, 6.4, 1.8], "size": [1.2, 0.6, 0.6], "uv": [8, 32]},
					{"origin": [2.6, 5.8, 1.7], "size": [0.6, 0.6, 0.6], "uv": [49, 28]},
					{"origin": [3, 5.8, -1.9], "size": [0.6, 0.6, 0.6], "uv": [49, 30]},
					{"origin": [3.2, 5.8, 0.5], "size": [0.6, 0.6, 1.2], "uv": [9, 42]},
					{"origin": [3.1, 5.2, -1.3], "size": [0.6, 0.6, 1.8], "uv": [12, 42]}
				]
			},
			{
				"name": "backpackPositioningBone",
				"pivot": [0, 15, 0]
			}
		]
	}
}