{
	"format_version": "1.10.0",
	"geometry.model": {
		"texturewidth": 64,
		"textureheight": 64,
		"visible_bounds_width": 2,
		"visible_bounds_height": 2,
		"visible_bounds_offset": [0, 1, 0],
		"bones": [
			{
				"name": "head",
				"pivot": [0, 18, 0],
				"cubes": [
					{"origin": [-4, 18, -4], "size": [8, 8, 8], "uv": [0, 0]}
				]
			},
			{
				"name": "ahoge",
				"parent": "head",
				"pivot": [0, 0, 0],
				"cubes": [
					{"origin": [-5, 28, 0], "size": [3, 3, 1], "uv": [53, 22]},
					{"origin": [-3, 26, 0], "size": [1, 3, 1], "uv": [45, 0]}
				]
			},
			{
				"name": "blink",
				"parent": "head",
				"pivot": [0, 18, 0],
				"cubes": [
					{"origin": [-4, 18, -4.001], "size": [8, 8, 0], "uv": [32, 12]}
				]
			},
			{
				"name": "bone2",
				"parent": "head",
				"pivot": [-1, 16, -3],
				"rotation": [0, 0, 20],
				"cubes": [
					{"origin": [-3.74435, 18.34141, 4], "size": [2, 4, 1], "uv": [0, 16]}
				]
			},
			{
				"name": "bone",
				"parent": "head",
				"pivot": [2, 18, -1],
				"rotation": [0, 0, -25],
				"cubes": [
					{"origin": [1.84524, 18.81262, 4], "size": [2, 4, 1], "uv": [24, 0]}
				]
			},
			{
				"name": "bone3",
				"parent": "head",
				"pivot": [0, 18, 0],
				"cubes": [
					{"origin": [-1, 22, 4], "size": [2, 2, 1], "uv": [20, 24]}
				]
			},
			{
				"name": "bone4",
				"parent": "head",
				"pivot": [0, 18, 0],
				"cubes": [
					{"origin": [-0.5, 17, 5], "size": [1, 7, 2], "uv": [0, 37]}
				]
			},
			{
				"name": "bone5",
				"parent": "head",
				"pivot": [0, 18, 0]
			},
			{
				"name": "bone7",
				"parent": "bone5",
				"pivot": [0, 18, 0],
				"rotation": [0, 0, -5],
				"cubes": [
					{"origin": [4, 13, -4], "size": [0, 5, 2], "uv": [0, 0]}
				]
			},
			{
				"name": "bone6",
				"parent": "bone5",
				"pivot": [0, 18, 0],
				"rotation": [0, 0, 5],
				"cubes": [
					{"origin": [-4, 13, -4], "size": [0, 5, 2], "uv": [4, 0]}
				]
			},
			{
				"name": "armRight",
				"pivot": [-3, 17.5, 0],
				"rotation": [0, 0, 25],
				"cubes": [
					{"origin": [-5, 8.5, -1], "size": [2, 8, 2], "uv": [22, 36]}
				]
			},
			{
				"name": "armLeft",
				"pivot": [3, 17.5, 0],
				"rotation": [0, 0, -25],
				"cubes": [
					{"origin": [3, 8.5, -1], "size": [2, 8, 2], "uv": [34, 34]}
				]
			},
			{
				"name": "body",
				"pivot": [0, 10.5, 0],
				"cubes": [
					{"origin": [-4, 8.999, -2], "size": [8, 9, 4], "uv": [0, 24]},
					{"origin": [-5, 7.5, -3], "size": [10, 2, 6], "uv": [0, 16]}
				]
			},
			{
				"name": "bone8",
				"parent": "body",
				"pivot": [2, 11.5, 0],
				"rotation": [-5, -15, -25],
				"cubes": [
					{"origin": [-0.15063, 16.05855, -3.01592], "size": [2, 1, 0.5], "uv": [0, 0]}
				]
			},
			{
				"name": "bone9",
				"parent": "body",
				"pivot": [0, 12, 8],
				"rotation": [0, 15, 30],
				"cubes": [
					{"origin": [0.46348, 15.5, -2.92414], "size": [2, 1, 0.5], "uv": [0, 1]}
				]
			},
			{
				"name": "legLeft",
				"pivot": [2, 9, 0],
				"cubes": [
					{"origin": [0.499, 0, -1.5], "size": [3, 9, 3], "uv": [32, 0]}
				]
			},
			{
				"name": "legRight",
				"pivot": [-2, 9, 0],
				"cubes": [
					{"origin": [-3.499, 0, -1.5], "size": [3, 9, 3], "uv": [24, 24]}
				]
			}
		]
	}
}