{
	"format_version": "1.10.0",
	"geometry.model": {
		"texturewidth": 64,
		"textureheight": 64,
		"visible_bounds_width": 2,
		"visible_bounds_height": 2,
		"visible_bounds_offset": [0, 1, 0],
		"bones": [
			{
				"name": "head",
				"pivot": [0, 18, 0],
				"cubes": [
					{"origin": [-4, 18, -4], "size": [8, 8, 8], "uv": [0, 0]}
				]
			},
			{
				"name": "bone12",
				"parent": "head",
				"pivot": [0, 0, 0],
				"rotation": [-25, 0, 0],
				"cubes": [
					{"origin": [-3, 22.3502, -12.96939], "size": [1, 1, 2], "uv": [38, 21]},
					{"origin": [2, 22.3502, -12.96939], "size": [1, 1, 2], "uv": [9, 29]}
				]
			},
			{
				"name": "bone13",
				"parent": "head",
				"pivot": [0, 0, 3],
				"rotation": [10, 0, 0],
				"cubes": [
					{"origin": [-4, 9, 7], "size": [8, 10, 0], "uv": [5, 51]}
				]
			},
			{
				"name": "ahoge",
				"parent": "head",
				"pivot": [0, 0, 0],
				"cubes": [
					{"origin": [-3, 26, 0], "size": [6, 6, 0], "uv": [32, 8]}
				]
			},
			{
				"name": "blink",
				"parent": "head",
				"pivot": [0, 18, 0],
				"cubes": [
					{"origin": [-4, 18, -4.001], "size": [8, 8, 0], "uv": [24, 0]}
				]
			},
			{
				"name": "armRight",
				"pivot": [-3, 17.5, 0],
				"rotation": [0, 0, 25],
				"cubes": [
					{"origin": [-4.61201, 8.2606, -1], "size": [2, 8, 2], "uv": [24, 32]}
				]
			},
			{
				"name": "armLeft",
				"pivot": [3, 17.5, 0],
				"rotation": [0, 0, -25],
				"cubes": [
					{"origin": [2.55294, 8.44869, -1], "size": [2, 8, 2], "uv": [32, 32]}
				]
			},
			{
				"name": "body",
				"pivot": [0, 10.5, 0],
				"cubes": [
					{"origin": [-4, 8.999, -2], "size": [8, 9, 4], "uv": [0, 16]}
				]
			},
			{
				"name": "bone",
				"parent": "body",
				"pivot": [15.5, 17, 0.5],
				"rotation": [-20, 0, 0],
				"cubes": [
					{"origin": [-4, 12.82512, -2.48047], "size": [8, 4, 4], "uv": [32, 50]}
				]
			},
			{
				"name": "bone11",
				"parent": "body",
				"pivot": [-1, -2, -5],
				"rotation": [-15, -25, 0],
				"cubes": [
					{"origin": [2.34202, 3.16318, -8.07458], "size": [3, 7, 0], "uv": [40, 14]}
				]
			},
			{
				"name": "bone10",
				"parent": "body",
				"pivot": [1, -1, -5],
				"rotation": [-10, 20, 5],
				"cubes": [
					{"origin": [-5.61346, 3.247, -6.54579], "size": [3, 7, 0], "uv": [40, 0]}
				]
			},
			{
				"name": "bone9",
				"parent": "body",
				"pivot": [-2.92029, 2.51269, 6.9755],
				"rotation": [-155, -45, -30],
				"cubes": [
					{"origin": [-0.01232, -4.99704, 14.0485], "size": [0, 7, 2], "uv": [0, 39]}
				]
			},
			{
				"name": "bone7",
				"parent": "body",
				"pivot": [0, 0, 1],
				"rotation": [-10, 90, 0],
				"cubes": [
					{"origin": [-0.80385, 3, -5], "size": [4, 7, 0], "uv": [40, 40]}
				]
			},
			{
				"name": "bone6",
				"parent": "body",
				"pivot": [1, 0, -12],
				"rotation": [-10, -90, 0],
				"cubes": [
					{"origin": [11.19615, 3, -17], "size": [4, 7, 0], "uv": [0, 0]}
				]
			},
			{
				"name": "bone8",
				"parent": "body",
				"pivot": [27, 0, 7],
				"rotation": [-15, 180, 0],
				"cubes": [
					{"origin": [50.19615, 4.31653, 8.73337], "size": [8, 7, 0], "uv": [24, 16]}
				]
			},
			{
				"name": "bone5",
				"parent": "body",
				"pivot": [-11.86881, 10.83429, 9.5093],
				"rotation": [15, 35, 30],
				"cubes": [
					{"origin": [-1.17647, 7.89076, 7.75914], "size": [0, 7, 2], "uv": [4, 39]}
				]
			},
			{
				"name": "legLeft",
				"pivot": [2, 9, 0],
				"cubes": [
					{"origin": [0.499, 0, -1.5], "size": [3, 9, 3], "uv": [12, 29]}
				]
			},
			{
				"name": "legRight",
				"pivot": [-2, 9, 0],
				"cubes": [
					{"origin": [-3.499, 0, -1.5], "size": [3, 9, 3], "uv": [0, 29]}
				]
			}
		]
	}
}