{
	"format_version": "1.12.0",
	"minecraft:geometry": [
		{
			"description": {
				"identifier": "geometry.default",
				"texture_width": 64,
				"texture_height": 64,
				"visible_bounds_width": 5,
				"visible_bounds_height": 4.5,
				"visible_bounds_offset": [0, 1.75, 0]
			},
			"bones": [
				{
					"name": "Root",
					"pivot": [0, -0.45, 0]
				},
				{
					"name": "AllBody",
					"parent": "Root",
					"pivot": [0, 4.4491, 0.575]
				},
				{
					"name": "UpBody",
					"parent": "AllBody",
					"pivot": [0, 9.27407, 0],
					"cubes": [
						{
							"origin": [-2.95, 9.375, -1.8],
							"size": [5.9, 2.875, 3.9],
							"uv": {
								"north": {"uv": [27, 24], "uv_size": [5, 3]},
								"east": {"uv": [0, 28], "uv_size": [4, 3]},
								"south": {"uv": [27, 27], "uv_size": [5, 3]},
								"west": {"uv": [4, 28], "uv_size": [4, 3]},
								"up": {"uv": [26, 8], "uv_size": [5, 4]},
								"down": {"uv": [27, 16], "uv_size": [5, -4]}
							}
						}
					]
				},
				{
					"name": "UpperBody",
					"parent": "UpBody",
					"pivot": [0, 8.57407, -0.075],
					"cubes": [
						{
							"origin": [-2.9125, 12.225, -2.025],
							"size": [5.825, 2.35, 4.3],
							"uv": {
								"north": {"uv": [32, 4], "uv_size": [5, 2]},
								"east": {"uv": [9, 34], "uv_size": [4, 2]},
								"south": {"uv": [32, 6], "uv_size": [5, 2]},
								"west": {"uv": [13, 34], "uv_size": [4, 2]},
								"up": {"uv": [27, 16], "uv_size": [5, 4]},
								"down": {"uv": [27, 24], "uv_size": [5, -4]}
							}
						}
					]
				},
				{
					"name": "AllHead",
					"parent": "UpperBody",
					"pivot": [0, 14.525, 0],
					"cubes": [
						{
							"origin": [-1.5, 14.175, -1.275],
							"size": [3, 2, 3],
							"uv": {
								"north": {"uv": [37, 16], "uv_size": [3, 2]},
								"east": {"uv": [37, 18], "uv_size": [3, 2]},
								"south": {"uv": [19, 37], "uv_size": [3, 2]},
								"west": {"uv": [37, 22], "uv_size": [3, 2]},
								"up": {"uv": [6, 34], "uv_size": [3, 3]},
								"down": {"uv": [34, 11], "uv_size": [3, -3]}
							}
						}
					]
				},
				{
					"name": "Head",
					"parent": "AllHead",
					"pivot": [0, 14.975, 0.4],
					"cubes": [
						{
							"origin": [-4.41841, 15.15695, -2.26734],
							"size": [8.83683, 9.52117, 5.1198],
							"uv": {
								"north": {"uv": [0, 0], "uv_size": [13, 14]},
								"east": {"uv": [0, 14], "uv_size": [7, 14]},
								"south": {"uv": [13, 0], "uv_size": [13, 14]},
								"west": {"uv": [7, 14], "uv_size": [7, 14]},
								"up": {"uv": [14, 14], "uv_size": [13, 7]},
								"down": {"uv": [14, 28], "uv_size": [13, -7]}
							}
						},
						{
							"origin": [-2.34841, 24.67895, -2.68134],
							"size": [4.69683, 1.24117, 5.8098],
							"uv": {
								"north": {"uv": [44, 38], "uv_size": [7, 2]},
								"east": {"uv": [44, 34], "uv_size": [8, 2]},
								"south": {"uv": [40, 44], "uv_size": [7, 2]},
								"west": {"uv": [44, 36], "uv_size": [8, 2]},
								"up": {"uv": [44, 26], "uv_size": [7, 8]},
								"down": {"uv": [33, 52], "uv_size": [7, -8]}
							}
						},
						{
							"origin": [-4.72891, 19.29695, -0.81834],
							"size": [9.45783, 6.20217, 4.2918],
							"uv": {
								"north": {"uv": [13, 41], "uv_size": [9, 6]},
								"east": {"uv": [45, 4], "uv_size": [4, 6]},
								"south": {"uv": [22, 41], "uv_size": [9, 6]},
								"west": {"uv": [8, 45], "uv_size": [4, 6]},
								"up": {"uv": [42, 13], "uv_size": [9, 4]},
								"down": {"uv": [42, 21], "uv_size": [9, -4]}
							}
						},
						{
							"origin": [-4.03891, 15.84695, -0.81834],
							"size": [8.07783, 3.58717, 4.0848],
							"uv": {
								"north": {"uv": [42, 21], "uv_size": [8, 4]},
								"east": {"uv": [40, 46], "uv_size": [4, 4]},
								"south": {"uv": [44, 40], "uv_size": [8, 4]},
								"west": {"uv": [44, 46], "uv_size": [4, 4]},
								"up": {"uv": [0, 45], "uv_size": [8, 4]},
								"down": {"uv": [45, 4], "uv_size": [8, -4]}
							}
						}
					]
				},
				{
					"name": "Face",
					"parent": "Head",
					"pivot": [0, 18.525, 0.6]
				},
				{
					"name": "Mouth",
					"parent": "Face",
					"pivot": [0, 17.525, -1.81]
				},
				{
					"name": "Mouth5",
					"parent": "Mouth",
					"pivot": [0, 38.06445, -3.585]
				},
				{
					"name": "Mouth6",
					"parent": "Mouth",
					"pivot": [-0.003, 17.69799, 0.50072],
					"cubes": [
						{
							"origin": [-0.15015, 17.40327, 0.44238],
							"size": [0.3003, 0.3003, 0.14024],
							"pivot": [0, 17.74561, 0.5625],
							"rotation": [-12.5, 0, 0],
							"uv": {
								"north": {"uv": [43, 34], "uv_size": [1, 1]},
								"east": {"uv": [35, 43], "uv_size": [1, 1]},
								"south": {"uv": [43, 35], "uv_size": [1, 1]},
								"west": {"uv": [36, 43], "uv_size": [1, 1]},
								"up": {"uv": [43, 36], "uv_size": [1, 1]},
								"down": {"uv": [37, 44], "uv_size": [1, -1]}
							}
						},
						{
							"origin": [-0.43844, 17.59546, 0.44238],
							"size": [0.85285, 0.68468, 0.14024],
							"pivot": [0, 17.74561, 0.5625],
							"rotation": [-12.5, 0, 0],
							"uv": {
								"north": {"uv": [43, 37], "uv_size": [1, 1]},
								"east": {"uv": [38, 43], "uv_size": [1, 1]},
								"south": {"uv": [43, 38], "uv_size": [1, 1]},
								"west": {"uv": [39, 43], "uv_size": [1, 1]},
								"up": {"uv": [43, 39], "uv_size": [1, 1]},
								"down": {"uv": [40, 44], "uv_size": [1, -1]}
							}
						},
						{
							"origin": [-0.28656, 17.3878, 0.44238],
							"size": [0.36036, 0.3003, 0.14024],
							"pivot": [0, 17.74561, 0.5625],
							"rotation": [-10.64776, 6.58606, 31.38559],
							"uv": {
								"north": {"uv": [43, 40], "uv_size": [1, 1]},
								"east": {"uv": [41, 43], "uv_size": [1, 1]},
								"south": {"uv": [43, 41], "uv_size": [1, 1]},
								"west": {"uv": [42, 43], "uv_size": [1, 1]},
								"up": {"uv": [43, 42], "uv_size": [1, 1]},
								"down": {"uv": [43, 44], "uv_size": [1, -1]}
							}
						},
						{
							"origin": [-0.0738, 17.3878, 0.44238],
							"size": [0.36036, 0.3003, 0.14024],
							"pivot": [0, 17.74561, 0.5625],
							"rotation": [-10.64776, -6.58606, -31.38559],
							"uv": {
								"north": {"uv": [0, 44], "uv_size": [1, 1]},
								"east": {"uv": [44, 0], "uv_size": [1, 1]},
								"south": {"uv": [1, 44], "uv_size": [1, 1]},
								"west": {"uv": [44, 1], "uv_size": [1, 1]},
								"up": {"uv": [2, 44], "uv_size": [1, 1]},
								"down": {"uv": [44, 3], "uv_size": [1, -1]}
							}
						}
					]
				},
				{
					"name": "Mouth7",
					"parent": "Mouth6",
					"pivot": [0.18434, 17.65134, 0.54238],
					"cubes": [
						{
							"origin": [-0.77643, 18.17546, 0.54238],
							"size": [0.77285, 0.18468, 0.24024],
							"uv": {
								"north": {"uv": [3, 44], "uv_size": [1, 1]},
								"east": {"uv": [44, 3], "uv_size": [1, 1]},
								"south": {"uv": [4, 44], "uv_size": [1, 1]},
								"west": {"uv": [44, 4], "uv_size": [1, 1]},
								"up": {"uv": [5, 44], "uv_size": [1, 1]},
								"down": {"uv": [44, 6], "uv_size": [1, -1]}
							}
						},
						{
							"origin": [0.00357, 18.17546, 0.54238],
							"size": [0.77285, 0.18468, 0.24024],
							"uv": {
								"north": {"uv": [6, 44], "uv_size": [1, 1]},
								"east": {"uv": [44, 6], "uv_size": [1, 1]},
								"south": {"uv": [7, 44], "uv_size": [1, 1]},
								"west": {"uv": [44, 7], "uv_size": [1, 1]},
								"up": {"uv": [8, 44], "uv_size": [1, 1]},
								"down": {"uv": [44, 9], "uv_size": [1, -1]}
							}
						}
					]
				},
				{
					"name": "Hair",
					"parent": "Head",
					"pivot": [-0.14783, -2.40543, 0.77174]
				},
				{
					"name": "Arm",
					"parent": "UpperBody",
					"pivot": [0, 8.57407, -0.075]
				},
				{
					"name": "LeftArm",
					"parent": "Arm",
					"pivot": [2.475, 13.375, 0],
					"rotation": [0, 0, -30],
					"cubes": [
						{
							"origin": [1.80387, 10.91448, -1.25],
							"size": [1.75, 3, 2.55],
							"uv": {
								"north": {"uv": [6, 31], "uv_size": [2, 3]},
								"east": {"uv": [32, 12], "uv_size": [3, 3]},
								"south": {"uv": [35, 11], "uv_size": [2, 3]},
								"west": {"uv": [32, 15], "uv_size": [3, 3]},
								"up": {"uv": [35, 14], "uv_size": [2, 3]},
								"down": {"uv": [35, 20], "uv_size": [2, -3]}
							}
						}
					]
				},
				{
					"name": "LeftForeArm",
					"parent": "LeftArm",
					"pivot": [2.85122, 10.9497, 0.025],
					"cubes": [
						{
							"origin": [1.83914, 8.76251, -3.49537],
							"size": [1.625, 1.6, 1.6],
							"pivot": [3.25122, 6.87556, 0.09158],
							"rotation": [-45, 0, 0],
							"uv": {
								"north": {"uv": [37, 29], "uv_size": [2, 2]},
								"east": {"uv": [37, 31], "uv_size": [2, 2]},
								"south": {"uv": [37, 33], "uv_size": [2, 2]},
								"west": {"uv": [37, 35], "uv_size": [2, 2]},
								"up": {"uv": [37, 37], "uv_size": [2, 2]},
								"down": {"uv": [13, 40], "uv_size": [2, -2]}
							}
						},
						{
							"origin": [1.75122, 8.5997, -1.225],
							"size": [1.725, 2.3, 2.5],
							"uv": {
								"north": {"uv": [15, 38], "uv_size": [2, 2]},
								"east": {"uv": [19, 35], "uv_size": [3, 2]},
								"south": {"uv": [17, 38], "uv_size": [2, 2]},
								"west": {"uv": [35, 20], "uv_size": [3, 2]},
								"up": {"uv": [22, 35], "uv_size": [2, 3]},
								"down": {"uv": [35, 25], "uv_size": [2, -3]}
							}
						}
					]
				},
				{
					"name": "LeftHand",
					"parent": "LeftForeArm",
					"pivot": [2.85122, 8.4747, 0.025],
					"cubes": [
						{
							"origin": [1.85122, 7.8497, -1.675],
							"size": [1.425, 1.725, 1.6],
							"pivot": [-1.02378, 7.6997, -0.575],
							"rotation": [-45, 0, 0],
							"uv": {
								"north": {"uv": [34, 36], "uv_size": [1, 2]},
								"east": {"uv": [38, 20], "uv_size": [2, 2]},
								"south": {"uv": [8, 37], "uv_size": [1, 2]},
								"west": {"uv": [22, 38], "uv_size": [2, 2]},
								"up": {"uv": [12, 39], "uv_size": [1, 2]},
								"down": {"uv": [21, 41], "uv_size": [1, -2]}
							}
						},
						{
							"origin": [1.75122, 7.0997, -1.225],
							"size": [1.725, 1.5, 2.5],
							"uv": {
								"north": {"uv": [24, 38], "uv_size": [2, 2]},
								"east": {"uv": [35, 25], "uv_size": [3, 2]},
								"south": {"uv": [38, 24], "uv_size": [2, 2]},
								"west": {"uv": [35, 27], "uv_size": [3, 2]},
								"up": {"uv": [24, 35], "uv_size": [2, 3]},
								"down": {"uv": [35, 32], "uv_size": [2, -3]}
							}
						}
					]
				},
				{
					"name": "LeftHandLocator",
					"parent": "LeftHand",
					"pivot": [2.60122, 7.7247, 0.025]
				},
				{
					"name": "RightArm",
					"parent": "Arm",
					"pivot": [-2.8, 13.375, 0],
					"rotation": [0, 0, 30],
					"cubes": [
						{
							"origin": [-3.55387, 10.91448, -1.25],
							"size": [1.75, 3, 2.55],
							"uv": {
								"north": {"uv": [35, 32], "uv_size": [2, 3]},
								"east": {"uv": [32, 18], "uv_size": [3, 3]},
								"south": {"uv": [35, 35], "uv_size": [2, 3]},
								"west": {"uv": [20, 32], "uv_size": [3, 3]},
								"up": {"uv": [9, 36], "uv_size": [2, 3]},
								"down": {"uv": [11, 39], "uv_size": [2, -3]}
							}
						}
					]
				},
				{
					"name": "bone6",
					"parent": "RightArm",
					"pivot": [-2.85122, 10.7247, 0.025]
				},
				{
					"name": "RightForeArm",
					"parent": "RightArm",
					"pivot": [-3.17622, 11.0247, 0.025],
					"cubes": [
						{
							"origin": [-3.47622, 8.5997, -1.225],
							"size": [1.725, 2.3, 2.5],
							"uv": {
								"north": {"uv": [26, 38], "uv_size": [2, 2]},
								"east": {"uv": [13, 36], "uv_size": [3, 2]},
								"south": {"uv": [38, 26], "uv_size": [2, 2]},
								"west": {"uv": [26, 36], "uv_size": [3, 2]},
								"up": {"uv": [32, 36], "uv_size": [2, 3]},
								"down": {"uv": [0, 40], "uv_size": [2, -3]}
							}
						},
						{
							"origin": [-3.46414, 8.76251, -3.49537],
							"size": [1.625, 1.6, 1.6],
							"pivot": [-3.25122, 6.87556, 0.09158],
							"rotation": [-45, 0, 0],
							"uv": {
								"north": {"uv": [28, 38], "uv_size": [2, 2]},
								"east": {"uv": [30, 38], "uv_size": [2, 2]},
								"south": {"uv": [34, 38], "uv_size": [2, 2]},
								"west": {"uv": [4, 39], "uv_size": [2, 2]},
								"up": {"uv": [39, 4], "uv_size": [2, 2]},
								"down": {"uv": [39, 8], "uv_size": [2, -2]}
							}
						}
					]
				},
				{
					"name": "RightHand",
					"parent": "RightForeArm",
					"pivot": [-2.92622, 8.5747, 0.025],
					"cubes": [
						{
							"origin": [-3.47622, 7.0997, -1.225],
							"size": [1.725, 1.5, 2.5],
							"uv": {
								"north": {"uv": [8, 39], "uv_size": [2, 2]},
								"east": {"uv": [37, 0], "uv_size": [3, 2]},
								"south": {"uv": [39, 8], "uv_size": [2, 2]},
								"west": {"uv": [37, 2], "uv_size": [3, 2]},
								"up": {"uv": [2, 37], "uv_size": [2, 3]},
								"down": {"uv": [37, 7], "uv_size": [2, -3]}
							}
						},
						{
							"origin": [-3.27622, 7.8497, -1.675],
							"size": [1.425, 1.725, 1.6],
							"pivot": [1.02378, 7.6997, -0.575],
							"rotation": [-45, 0, 0],
							"uv": {
								"north": {"uv": [2, 40], "uv_size": [1, 2]},
								"east": {"uv": [10, 39], "uv_size": [2, 2]},
								"south": {"uv": [3, 40], "uv_size": [1, 2]},
								"west": {"uv": [39, 10], "uv_size": [2, 2]},
								"up": {"uv": [6, 40], "uv_size": [1, 2]},
								"down": {"uv": [7, 42], "uv_size": [1, -2]}
							}
						}
					]
				},
				{
					"name": "RightHandLocator",
					"parent": "RightHand",
					"pivot": [-2.92622, 7.8247, 0.025]
				},
				{
					"name": "BackpackLocator",
					"parent": "UpperBody",
					"pivot": [0, 13.5, 0]
				},
				{
					"name": "DownBody",
					"parent": "AllBody",
					"pivot": [0, 8.8491, 0],
					"cubes": [
						{
							"origin": [-3, 7.325, -1.825],
							"size": [6, 2.3, 3.95],
							"uv": {
								"north": {"uv": [8, 28], "uv_size": [6, 2]},
								"east": {"uv": [26, 34], "uv_size": [4, 2]},
								"south": {"uv": [14, 28], "uv_size": [6, 2]},
								"west": {"uv": [0, 35], "uv_size": [4, 2]},
								"up": {"uv": [26, 0], "uv_size": [6, 4]},
								"down": {"uv": [26, 8], "uv_size": [6, -4]}
							}
						}
					]
				},
				{
					"name": "LeftLeg",
					"parent": "DownBody",
					"pivot": [1.845, 7.425, 0],
					"cubes": [
						{
							"origin": [0.62782, 3.68997, -1.55],
							"size": [2.55, 3.65, 2.95],
							"uv": {
								"north": {"uv": [20, 28], "uv_size": [3, 4]},
								"east": {"uv": [23, 28], "uv_size": [3, 4]},
								"south": {"uv": [8, 30], "uv_size": [3, 4]},
								"west": {"uv": [11, 30], "uv_size": [3, 4]},
								"up": {"uv": [32, 21], "uv_size": [3, 3]},
								"down": {"uv": [23, 35], "uv_size": [3, -3]}
							}
						}
					]
				},
				{
					"name": "LeftLowerLeg",
					"parent": "LeftLeg",
					"pivot": [2.195, 3.4, 1.25],
					"cubes": [
						{
							"origin": [0.895, 3.1, -1.125],
							"size": [2.05, 1.8, 1.8],
							"pivot": [-0.005, 4.05, 0.325],
							"rotation": [45, 0, 0],
							"uv": {
								"north": {"uv": [39, 12], "uv_size": [2, 2]},
								"east": {"uv": [39, 14], "uv_size": [2, 2]},
								"south": {"uv": [19, 39], "uv_size": [2, 2]},
								"west": {"uv": [39, 28], "uv_size": [2, 2]},
								"up": {"uv": [39, 30], "uv_size": [2, 2]},
								"down": {"uv": [32, 41], "uv_size": [2, -2]}
							}
						},
						{
							"origin": [0.72, 0.15, -1.4],
							"size": [2.35, 3.6, 2.75],
							"uv": {
								"north": {"uv": [17, 34], "uv_size": [2, 4]},
								"east": {"uv": [14, 30], "uv_size": [3, 4]},
								"south": {"uv": [30, 34], "uv_size": [2, 4]},
								"west": {"uv": [17, 30], "uv_size": [3, 4]},
								"up": {"uv": [6, 37], "uv_size": [2, 3]},
								"down": {"uv": [37, 10], "uv_size": [2, -3]}
							}
						},
						{
							"origin": [0.72, 0.15, -2],
							"size": [2.35, 1.35, 0.75],
							"uv": {
								"north": {"uv": [40, 3], "uv_size": [2, 1]},
								"east": {"uv": [9, 44], "uv_size": [1, 1]},
								"south": {"uv": [13, 40], "uv_size": [2, 1]},
								"west": {"uv": [44, 9], "uv_size": [1, 1]},
								"up": {"uv": [15, 40], "uv_size": [2, 1]},
								"down": {"uv": [40, 17], "uv_size": [2, -1]}
							}
						},
						{
							"origin": [0.97, 0.15, 0.7],
							"size": [1.85, 1.35, 0.9],
							"uv": {
								"north": {"uv": [17, 40], "uv_size": [2, 1]},
								"east": {"uv": [10, 44], "uv_size": [1, 1]},
								"south": {"uv": [40, 17], "uv_size": [2, 1]},
								"west": {"uv": [44, 10], "uv_size": [1, 1]},
								"up": {"uv": [40, 18], "uv_size": [2, 1]},
								"down": {"uv": [40, 20], "uv_size": [2, -1]}
							}
						}
					]
				},
				{
					"name": "RightLeg",
					"parent": "DownBody",
					"pivot": [-1.895, 7.425, 0],
					"cubes": [
						{
							"origin": [-3.17782, 3.68997, -1.55],
							"size": [2.55, 3.65, 2.95],
							"uv": {
								"north": {"uv": [26, 30], "uv_size": [3, 4]},
								"east": {"uv": [29, 30], "uv_size": [3, 4]},
								"south": {"uv": [0, 31], "uv_size": [3, 4]},
								"west": {"uv": [3, 31], "uv_size": [3, 4]},
								"up": {"uv": [32, 30], "uv_size": [3, 3]},
								"down": {"uv": [32, 36], "uv_size": [3, -3]}
							}
						}
					]
				},
				{
					"name": "RightLowerLeg",
					"parent": "RightLeg",
					"pivot": [-1.695, 3.425, 1.25],
					"cubes": [
						{
							"origin": [-2.945, 3.1, -1.125],
							"size": [2.05, 1.8, 1.8],
							"pivot": [0.005, 4.05, 0.325],
							"rotation": [45, 0, 0],
							"uv": {
								"north": {"uv": [39, 32], "uv_size": [2, 2]},
								"east": {"uv": [39, 34], "uv_size": [2, 2]},
								"south": {"uv": [36, 39], "uv_size": [2, 2]},
								"west": {"uv": [39, 36], "uv_size": [2, 2]},
								"up": {"uv": [38, 39], "uv_size": [2, 2]},
								"down": {"uv": [0, 42], "uv_size": [2, -2]}
							}
						},
						{
							"origin": [-3.07, 0.15, -1.4],
							"size": [2.35, 3.6, 2.75],
							"uv": {
								"north": {"uv": [35, 0], "uv_size": [2, 4]},
								"east": {"uv": [31, 8], "uv_size": [3, 4]},
								"south": {"uv": [4, 35], "uv_size": [2, 4]},
								"west": {"uv": [32, 0], "uv_size": [3, 4]},
								"up": {"uv": [37, 10], "uv_size": [2, 3]},
								"down": {"uv": [37, 16], "uv_size": [2, -3]}
							}
						},
						{
							"origin": [-2.82, 0.15, 0.7],
							"size": [1.85, 1.35, 0.9],
							"uv": {
								"north": {"uv": [40, 20], "uv_size": [2, 1]},
								"east": {"uv": [11, 44], "uv_size": [1, 1]},
								"south": {"uv": [40, 21], "uv_size": [2, 1]},
								"west": {"uv": [44, 11], "uv_size": [1, 1]},
								"up": {"uv": [22, 40], "uv_size": [2, 1]},
								"down": {"uv": [40, 23], "uv_size": [2, -1]}
							}
						},
						{
							"origin": [-3.07, 0.15, -2],
							"size": [2.35, 1.35, 0.75],
							"uv": {
								"north": {"uv": [40, 23], "uv_size": [2, 1]},
								"east": {"uv": [12, 44], "uv_size": [1, 1]},
								"south": {"uv": [24, 40], "uv_size": [2, 1]},
								"west": {"uv": [44, 12], "uv_size": [1, 1]},
								"up": {"uv": [40, 24], "uv_size": [2, 1]},
								"down": {"uv": [40, 26], "uv_size": [2, -1]}
							}
						}
					]
				}
			]
		}
	]
}