{
  "maid.mode.idle": {
    "category": "neutral",
    "subtitle": "subtitle.touhou_little_maid.maid.mode.idle",
    "replace": true,
    "sounds": [
      "danxin_sound:maid/mode/idle1",
      "danxin_sound:maid/mode/idle2",
      "danxin_sound:maid/mode/idle3"
    ]
  },
  "maid.mode.attack": {
    "category": "neutral",
    "subtitle": "subtitle.touhou_little_maid.maid.mode.attack",
    "replace": true,
    "sounds": [
      "danxin_sound:maid/mode/attack1",
      "danxin_sound:maid/mode/attack2"
    ]
  },
  "maid.mode.range_attack": {
    "category": "neutral",
    "subtitle": "subtitle.touhou_little_maid.maid.mode.range_attack",
    "replace": true,
    "sounds": [
      "danxin_sound:maid/mode/range_attack1",
      "danxin_sound:maid/mode/range_attack2"
    ]
  },
  "maid.mode.danmaku_attack": {
    "category": "neutral",
    "subtitle": "subtitle.touhou_little_maid.maid.mode.danmaku_attack",
    "replace": true,
    "sounds": [{
        "name": "maid.mode.range_attack",
        "type": "event"
      },
      "danxin_sound:maid/mode/danmaku_attack1",
      "danxin_sound:maid/mode/danmaku_attack2",
      "danxin_sound:maid/mode/danmaku_attack3"
    ]
  },
  "maid.mode.farm": {
    "category": "neutral",
    "subtitle": "subtitle.touhou_little_maid.maid.mode.farm",
    "replace": true,
    "sounds": [{
        "name": "maid.mode.idle",
        "type": "event"
      },
      "danxin_sound:maid/mode/farm1",
      "danxin_sound:maid/mode/farm2",
      "danxin_sound:maid/mode/farm3"
    ]
  },
  "maid.mode.feed": {
    "category": "neutral",
    "subtitle": "subtitle.touhou_little_maid.maid.mode.feed",
    "replace": true,
    "sounds": [{
        "name": "maid.mode.idle",
        "type": "event",
        "weight": 2
      },
      "danxin_sound:maid/mode/feed1",
      "danxin_sound:maid/mode/feed2",
      "danxin_sound:maid/mode/feed3"
    ]
  },
  "maid.mode.shears": {
    "category": "neutral",
    "subtitle": "subtitle.touhou_little_maid.maid.mode.shears",
    "replace": true,
    "sounds": [{
        "name": "maid.mode.idle",
        "type": "event",
        "weight": 2
      },
      "danxin_sound:maid/mode/shears1",
      "danxin_sound:maid/mode/shears2",
      "danxin_sound:maid/mode/shears3"
    ]
  },
  "maid.mode.milk": {
    "category": "neutral",
    "subtitle": "subtitle.touhou_little_maid.maid.mode.milk",
    "replace": true,
    "sounds": [{
        "name": "maid.mode.idle",
        "type": "event"
      },
      "danxin_sound:maid/mode/milk1",
      "danxin_sound:maid/mode/milk2"
    ]
  },
  "maid.mode.torch": {
    "category": "neutral",
    "subtitle": "subtitle.touhou_little_maid.maid.mode.torch",
    "replace": true,
    "sounds": [{
        "name": "maid.mode.idle",
        "type": "event"
      },
      "danxin_sound:maid/mode/torch1",
      "danxin_sound:maid/mode/torch2"
    ]
  },
  "maid.mode.feed_animal": {
    "category": "neutral",
    "subtitle": "subtitle.touhou_little_maid.maid.mode.feed_animal",
    "replace": true,
    "sounds": [{
        "name": "maid.mode.idle",
        "type": "event"
      },
      "danxin_sound:maid/mode/feed_animal1"
    ]
  },
  "maid.ai.find_target": {
    "category": "neutral",
    "subtitle": "subtitle.touhou_little_maid.maid.ai.find_target",
    "replace": true,
    "sounds": [
      "danxin_sound:maid/ai/find_target1",
      "danxin_sound:maid/ai/find_target2",
      "danxin_sound:maid/ai/find_target3"
    ]
  },
  "maid.ai.hurt": {
    "category": "neutral",
    "subtitle": "subtitle.touhou_little_maid.maid.ai.hurt",
    "replace": true,
    "sounds": [
      "danxin_sound:maid/ai/hurt1",
      "danxin_sound:maid/ai/hurt2"
    ]
  },
  "maid.ai.hurt_fire": {
    "category": "neutral",
    "subtitle": "subtitle.touhou_little_maid.maid.ai.hurt_fire",
    "replace": true,
    "sounds": [{
        "name": "maid.ai.hurt",
        "type": "event"
      },
      "danxin_sound:maid/ai/hurt_fire1",
      "danxin_sound:maid/ai/hurt_fire2",
      "danxin_sound:maid/ai/hurt_fire3"
    ]
  },
  "maid.ai.hurt_player": {
    "category": "neutral",
    "subtitle": "subtitle.touhou_little_maid.maid.ai.hurt_player",
    "replace": true,
    "sounds": [
      "danxin_sound:maid/ai/hurt_player1",
      "danxin_sound:maid/ai/hurt_player2"
    ]
  },
  "maid.ai.tamed": {
    "category": "neutral",
    "subtitle": "subtitle.touhou_little_maid.maid.ai.tamed",
    "replace": true,
    "sounds": [
      "danxin_sound:maid/ai/tamed1",
      "danxin_sound:maid/ai/tamed2",
      "danxin_sound:maid/ai/tamed3"
    ]
  },
  "maid.ai.item_get": {
    "category": "neutral",
    "subtitle": "subtitle.touhou_little_maid.maid.ai.item_get",
    "replace": true,
    "sounds": [
      "danxin_sound:maid/ai/item_get1",
      "danxin_sound:maid/ai/item_get2",
      "danxin_sound:maid/ai/item_get3"
    ]
  },
  "maid.ai.death": {
    "category": "neutral",
    "subtitle": "subtitle.touhou_little_maid.maid.ai.death",
    "replace": true,
    "sounds": [
      "danxin_sound:maid/ai/death1",
      "danxin_sound:maid/ai/death2"
    ]
  },
  "maid.environment.hot": {
    "category": "neutral",
    "subtitle": "subtitle.touhou_little_maid.maid.environment.hot",
    "replace": true,
    "sounds": [
      "danxin_sound:maid/environment/hot1",
      "danxin_sound:maid/environment/hot2",
      "danxin_sound:maid/environment/hot3",
      "danxin_sound:maid/environment/hot4"
    ]
  },
  "maid.environment.cold": {
    "category": "neutral",
    "subtitle": "subtitle.touhou_little_maid.maid.environment.cold",
    "replace": true,
    "sounds": [
      "danxin_sound:maid/environment/cold1",
      "danxin_sound:maid/environment/cold2"
    ]
  },
  "maid.environment.rain": {
    "category": "neutral",
    "subtitle": "subtitle.touhou_little_maid.maid.environment.rain",
    "replace": true,
    "sounds": [
      "danxin_sound:maid/environment/rain1",
      "danxin_sound:maid/environment/rain2",
      "danxin_sound:maid/environment/rain3"
    ]
  },
  "maid.environment.snow": {
    "category": "neutral",
    "subtitle": "subtitle.touhou_little_maid.maid.environment.snow",
    "replace": true,
    "sounds": [
      "danxin_sound:maid/environment/snow1",
      "danxin_sound:maid/environment/snow2"
    ]
  },
  "maid.environment.morning": {
    "category": "neutral",
    "subtitle": "subtitle.touhou_little_maid.maid.environment.morning",
    "replace": true,
    "sounds": [
      "danxin_sound:maid/environment/morning1",
      "danxin_sound:maid/environment/morning2"
    ]
  },
  "maid.environment.night": {
    "category": "neutral",
    "subtitle": "subtitle.touhou_little_maid.maid.environment.night",
    "replace": true,
    "sounds": [
      "danxin_sound:maid/environment/night1",
      "danxin_sound:maid/environment/night2",
      "danxin_sound:maid/environment/night3"
    ]
  }
}
