{
	"pack_name": "{maid_pack.pingxing_random_thing.name}",
	"author": ["ping_xing"],
	"description": ["{maid_pack.pingxing_random_thing.desc}"],
	"date": "2020-05-08",
	"version": "1.1.0",
	"icon": "pingxing_random_thing:textures/maid_icon.png",
	"model_list": [
		{
			"model_id": "pingxing_random_thing:kiruya_momochi",
			"description": ["{model.pingxing_random_thing.kiruya_momochi.desc}"]
		},
		{
			"model_id": "pingxing_random_thing:chara"
		},
		{
			"model_id": "pingxing_random_thing:bilibili_22"
		},
		{
			"model_id": "pingxing_random_thing:bilibili_33"
		},
		{
			"model_id": "pingxing_random_thing:saya"
		},
		{
			"model_id": "pingxing_random_thing:creeper_girl"
		},
		{
			"model_id": "pingxing_random_thing:shinomiya_kaguya"
		},
		{
			"model_id": "pingxing_random_thing:zero_two"
		},
		{
			"model_id": "pingxing_random_thing:rosmontis",
			"description": ["{model.pingxing_random_thing.rosmontis.desc}"],
			"animation": ["touhou_little_maid:animation/maid/default/head/default.js", "touhou_little_maid:animation/maid/default/head/beg.js", "touhou_little_maid:animation/maid/default/head/music_shake.js", "touhou_little_maid:animation/maid/default/head/blink.js", "touhou_little_maid:animation/maid/default/arm/default.js", "touhou_little_maid:animation/maid/default/arm/swing.js", "touhou_little_maid:animation/maid/default/leg/default.js", "touhou_little_maid:animation/maid/default/sit/skirt_rotation.js", "touhou_little_maid:animation/maid/default/sit/default.js", "touhou_little_maid:animation/maid/default/tail/default.js"]
		}
	]
}