{
	"format_version": "1.10.0",
	"geometry.model": {
		"texturewidth": 128,
		"textureheight": 128,
		"visible_bounds_width": 3,
		"visible_bounds_height": 4,
		"visible_bounds_offset": [0, 1, 0],
		"bones": [
			{
				"name": "head",
				"pivot": [0, 18, 0],
				"cubes": [
					{"origin": [-4, 18, -4], "size": [8, 9, 8], "uv": [0, 0]},
					{"origin": [-3.75, 18.5, -3.75], "size": [7.5, 8.75, 7.5], "uv": [0, 17]}
				]
			},
			{
				"name": "ahoge",
				"parent": "head",
				"pivot": [0, 26, 0]
			},
			{
				"name": "bone346",
				"parent": "ahoge",
				"pivot": [-0.75, 27.925, -2.625],
				"rotation": [37.31061, 15.09492, -8.95891],
				"cubes": [
					{"origin": [-0.925, 27.425, -2.775], "size": [0.35, 1, 0.5], "uv": [118, 121]}
				]
			},
			{
				"name": "bone345",
				"parent": "ahoge",
				"pivot": [-0.5, 27.375, -2],
				"rotation": [58.81061, 15.09492, -8.95891],
				"cubes": [
					{"origin": [-0.675, 26.35, -2.15], "size": [0.35, 1.525, 0.5], "uv": [118, 121]}
				]
			},
			{
				"name": "blink",
				"parent": "head",
				"pivot": [0, 18, 0],
				"cubes": [
					{"origin": [-4, 18, -4.001], "size": [8, 9, 0], "uv": [72, 0]}
				]
			},
			{
				"name": "bone389",
				"parent": "head",
				"pivot": [4.025, 24.3, 0]
			},
			{
				"name": "bone390",
				"parent": "bone389",
				"pivot": [4.025, 24.3, 0],
				"rotation": [0, 0, -10],
				"cubes": [
					{"origin": [3.525, 21.85, -3.85], "size": [1, 5.15, 7.85], "uv": [25, 10], "mirror": true}
				]
			},
			{
				"name": "bone391",
				"parent": "bone389",
				"pivot": [3.975, 19.85, 0],
				"rotation": [0, 0, 12.5],
				"cubes": [
					{"origin": [3.475, 17.975, -3.825], "size": [1, 4.175, 7.825], "uv": [34, 0], "mirror": true}
				]
			},
			{
				"name": "bone252",
				"parent": "head",
				"pivot": [-4.025, 24.3, 0]
			},
			{
				"name": "bone253",
				"parent": "bone252",
				"pivot": [-4.025, 24.3, 0],
				"rotation": [0, 0, 10],
				"cubes": [
					{"origin": [-4.525, 21.85, -3.85], "size": [1, 5.15, 7.85], "uv": [25, 10]}
				]
			},
			{
				"name": "bone254",
				"parent": "bone252",
				"pivot": [-3.975, 19.85, 0],
				"rotation": [0, 0, -12.5],
				"cubes": [
					{"origin": [-4.475, 17.975, -3.825], "size": [1, 4.175, 7.825], "uv": [34, 0]}
				]
			},
			{
				"name": "bone251",
				"parent": "head",
				"pivot": [4.025, 24.3, 0]
			},
			{
				"name": "bone177",
				"parent": "bone251",
				"pivot": [4.025, 24.3, 0],
				"rotation": [0, 0, -10]
			},
			{
				"name": "bone176",
				"parent": "bone251",
				"pivot": [3.975, 19.85, 0],
				"rotation": [0, 0, 12.5]
			},
			{
				"name": "bone182",
				"parent": "head",
				"pivot": [-1.225, 18.125, -0.3],
				"rotation": [-12.12694, -3.05401, 8.57449]
			},
			{
				"name": "bone183",
				"parent": "bone182",
				"pivot": [-1.7, 18.125, -0.3],
				"cubes": [
					{"origin": [-5.525, 19.25, -4.85], "size": [0.65, 3.875, 0.6], "uv": [122, 117]}
				]
			},
			{
				"name": "bone184",
				"parent": "bone182",
				"pivot": [-4.825, 17.4625, -5.1],
				"rotation": [-8.73393, 0.53211, 3.45936],
				"cubes": [
					{"origin": [-5.625, 17.05, -5.175], "size": [0.65, 2.35, 0.6], "uv": [122, 117]}
				]
			},
			{
				"name": "bone185",
				"parent": "bone182",
				"pivot": [-4.7, 15.2625, -5.2],
				"rotation": [-1.22901, -0.60801, -3.95359],
				"cubes": [
					{"origin": [-5.5, 14.85, -5.275], "size": [0.65, 2.35, 0.6], "uv": [122, 117]}
				]
			},
			{
				"name": "bone181",
				"parent": "head",
				"pivot": [-0.375, 17.7, 0],
				"rotation": [0, 0, 7.5]
			},
			{
				"name": "bone178",
				"parent": "bone181",
				"pivot": [-4.35, 20.7625, -4.25],
				"rotation": [0, 12.5, 0],
				"cubes": [
					{"origin": [-4.85, 18.825, -4.75], "size": [1, 3.875, 1], "uv": [12, 44]}
				]
			},
			{
				"name": "bone179",
				"parent": "bone181",
				"pivot": [-4.05, 17.0375, -4.825],
				"rotation": [-8.91083, 11.40276, 1.76563],
				"cubes": [
					{"origin": [-5.025, 16.625, -5.1], "size": [1, 2.35, 1], "uv": [62, 45]}
				]
			},
			{
				"name": "bone180",
				"parent": "bone181",
				"pivot": [-4.425, 15.6, -4.6],
				"rotation": [-1.23789, 6.89026, -4.11517],
				"cubes": [
					{"origin": [-4.925, 14.425, -5.1], "size": [1, 2.35, 1], "uv": [62, 42]}
				]
			},
			{
				"name": "bone347",
				"parent": "head",
				"pivot": [0.65, 18.6, 0.775],
				"rotation": [0, 0, -9.25]
			},
			{
				"name": "bone348",
				"parent": "bone347",
				"pivot": [4.625, 21.6625, -3.475],
				"rotation": [0, -12.5, 0],
				"cubes": [
					{"origin": [4.125, 19.725, -3.975], "size": [1, 2.925, 1], "uv": [62, 24]}
				]
			},
			{
				"name": "bone349",
				"parent": "bone347",
				"pivot": [4.325, 17.9375, -4.05],
				"rotation": [-8.91083, -11.40276, -1.76563],
				"cubes": [
					{"origin": [4.3, 17.525, -4.325], "size": [1, 2.35, 1], "uv": [6, 62]}
				]
			},
			{
				"name": "bone350",
				"parent": "bone347",
				"pivot": [4.7, 16.5, -3.825],
				"rotation": [-1.23789, -6.89026, 4.11517],
				"cubes": [
					{"origin": [4.2, 15.325, -4.325], "size": [1, 2.35, 1], "uv": [62, 5]}
				]
			},
			{
				"name": "bone235",
				"parent": "head",
				"pivot": [0.125, 18, 0.075],
				"rotation": [0, 0, -2.5]
			},
			{
				"name": "bone236",
				"parent": "bone235",
				"pivot": [4.1, 21.0625, -4.175],
				"rotation": [0, -12.5, 0],
				"cubes": [
					{"origin": [3.6, 19.125, -4.675], "size": [1, 7.3, 1], "uv": [17, 32]}
				]
			},
			{
				"name": "bone237",
				"parent": "bone235",
				"pivot": [3.8, 17.3375, -4.75],
				"rotation": [-8.91083, -11.40276, -1.76563],
				"cubes": [
					{"origin": [3.775, 16.925, -5.025], "size": [1, 2.35, 1], "uv": [29, 62]}
				]
			},
			{
				"name": "bone238",
				"parent": "bone235",
				"pivot": [4.175, 15.9, -4.525],
				"rotation": [-1.23789, -6.89026, 4.11517],
				"cubes": [
					{"origin": [3.675, 14.725, -5.025], "size": [1, 2.35, 1], "uv": [62, 27]}
				]
			},
			{
				"name": "bone234",
				"parent": "head",
				"pivot": [-0.475, 26.425, -4.65],
				"rotation": [-7.49294, -0.32621, 2.52136],
				"cubes": [
					{"origin": [-0.05, 26.425, -4.65], "size": [4.125, 1, 1], "uv": [21, 22]}
				]
			},
			{
				"name": "bone186",
				"parent": "head",
				"pivot": [0.475, 26.425, -4.65],
				"rotation": [-7.49294, 0.32621, -2.52136],
				"cubes": [
					{"origin": [-4.075, 26.425, -4.65], "size": [4.1, 1, 1], "uv": [24, 6]}
				]
			},
			{
				"name": "bone217",
				"parent": "head",
				"pivot": [-0.625, 24.525, -4.3],
				"rotation": [-2.1692, 7.29484, -11.52024]
			},
			{
				"name": "bone218",
				"parent": "bone217",
				"pivot": [0.4, 24.5, -4.5],
				"rotation": [2.86701, -5.07909, -15.22172],
				"cubes": [
					{"origin": [-0.325, 23.85, -5.125], "size": [0.575, 1.95, 0.475], "uv": [113, 120]}
				]
			},
			{
				"name": "bone219",
				"parent": "bone217",
				"pivot": [-0.075, 26.025, -4.625],
				"rotation": [-8.54109, -4.35312, -14.40611],
				"cubes": [
					{"origin": [-0.75, 25.5, -5.125], "size": [0.6, 1.525, 0.475], "uv": [113, 120]}
				]
			},
			{
				"name": "bone220",
				"parent": "bone217",
				"pivot": [0.375, 24.55, -4.5],
				"rotation": [4.10249, -4.14661, -30.49312],
				"cubes": [
					{"origin": [-0.475, 23.05, -5.125], "size": [0.6, 1.075, 0.475], "uv": [113, 120]}
				]
			},
			{
				"name": "bone221",
				"parent": "head",
				"pivot": [-0.275, 24.525, -3.975],
				"rotation": [-3.40778, 6.80709, -21.58468]
			},
			{
				"name": "bone222",
				"parent": "bone221",
				"pivot": [0.925, 24.5, -4.175],
				"rotation": [2.17827, -5.40967, -7.69746],
				"cubes": [
					{"origin": [0.025, 23.85, -5.025], "size": [0.925, 1.775, 0.925], "uv": [113, 118]}
				]
			},
			{
				"name": "bone223",
				"parent": "bone221",
				"pivot": [0.575, 25.6, -4.3],
				"rotation": [-9.50624, -1.18473, 5.36718],
				"cubes": [
					{"origin": [-0.275, 25.425, -5.025], "size": [0.95, 1.175, 0.925], "uv": [113, 118]}
				]
			},
			{
				"name": "bone225",
				"parent": "bone221",
				"pivot": [1.35, 21.9875, -4.5625],
				"rotation": [-3.38372, -4.75101, 49.79588],
				"cubes": [
					{"origin": [0.95, 21.825, -4.875], "size": [1.95, 0.925, 1], "uv": [113, 118]}
				]
			},
			{
				"name": "bone224",
				"parent": "bone221",
				"pivot": [0.725, 24.55, -4.175],
				"rotation": [4.10249, -4.14661, -30.49312],
				"cubes": [
					{"origin": [-0.3, 22.25, -5.025], "size": [0.95, 1.875, 0.925], "uv": [113, 118]}
				]
			},
			{
				"name": "bone247",
				"parent": "head",
				"pivot": [4.175, 24.875, -3.975],
				"rotation": [-6.96962, 3.06029, -61.31835]
			},
			{
				"name": "bone248",
				"parent": "bone247",
				"pivot": [5.2, 25.475, -4.25],
				"rotation": [10.06948, -4.22701, -12.60586],
				"cubes": [
					{"origin": [4.3, 23.8, -5.1], "size": [0.925, 1.975, 0.925], "uv": [112, 118]}
				]
			},
			{
				"name": "bone249",
				"parent": "bone247",
				"pivot": [5.175, 26.375, -4.3],
				"rotation": [-9.2994, -4.87733, -1.63161],
				"cubes": [
					{"origin": [4.325, 25.05, -4.875], "size": [0.95, 1.9, 0.925], "uv": [112, 118]}
				]
			},
			{
				"name": "bone250",
				"parent": "bone247",
				"pivot": [5.175, 24.9, -4.175],
				"rotation": [4.10249, -4.14661, -30.49312]
			},
			{
				"name": "bone243",
				"parent": "head",
				"pivot": [2.75, 24.8, -3.975],
				"rotation": [-5.03079, 5.71576, -36.38325]
			},
			{
				"name": "bone244",
				"parent": "bone243",
				"pivot": [3.925, 24.975, -4.25],
				"rotation": [9.43967, -5.49951, -5.1877],
				"cubes": [
					{"origin": [3.025, 22.55, -5.1], "size": [0.925, 2.725, 0.925], "uv": [119, 115]}
				]
			},
			{
				"name": "bone245",
				"parent": "bone243",
				"pivot": [3.75, 26.3, -4.3],
				"rotation": [-9.2994, -4.87733, -1.63161],
				"cubes": [
					{"origin": [2.9, 24.975, -4.875], "size": [0.95, 1.9, 0.925], "uv": [119, 115]}
				]
			},
			{
				"name": "bone246",
				"parent": "bone243",
				"pivot": [3.75, 24.825, -4.175],
				"rotation": [4.10249, -4.14661, -30.49312]
			},
			{
				"name": "bone239",
				"parent": "head",
				"pivot": [1.375, 25.125, -3.975],
				"rotation": [-4.01781, 6.46688, -26.85902]
			},
			{
				"name": "bone240",
				"parent": "bone239",
				"pivot": [2.55, 25.1, -4.175],
				"rotation": [1.93967, -5.49951, -5.1877],
				"cubes": [
					{"origin": [1.65, 24.45, -5.025], "size": [0.925, 1.2, 0.925], "uv": [113, 122]}
				]
			},
			{
				"name": "bone241",
				"parent": "bone239",
				"pivot": [2.375, 26.625, -4.3],
				"rotation": [-9.2994, -4.87733, -1.63161],
				"cubes": [
					{"origin": [1.525, 25.45, -4.875], "size": [0.95, 1.3, 0.925], "uv": [113, 122]}
				]
			},
			{
				"name": "bone242",
				"parent": "bone239",
				"pivot": [2.375, 25.15, -4.175],
				"rotation": [4.10249, -4.14661, -30.49312],
				"cubes": [
					{"origin": [1.35, 21.675, -5.025], "size": [0.95, 3.05, 0.925], "uv": [113, 122]}
				]
			},
			{
				"name": "bone203",
				"parent": "head",
				"pivot": [0.525, 24.8, -3.975],
				"rotation": [-4.01781, 6.46688, -26.85902]
			},
			{
				"name": "bone204",
				"parent": "bone203",
				"pivot": [1.7, 24.775, -4.175],
				"rotation": [1.93967, -5.49951, -5.1877],
				"cubes": [
					{"origin": [0.8, 24.125, -5.025], "size": [0.925, 1.95, 0.925], "uv": [115, 120]}
				]
			},
			{
				"name": "bone205",
				"parent": "bone203",
				"pivot": [1.525, 26.3, -4.3],
				"rotation": [-9.2994, -4.87733, -1.63161],
				"cubes": [
					{"origin": [0.675, 25.775, -5.025], "size": [0.95, 1.1, 0.925], "uv": [115, 120]}
				]
			},
			{
				"name": "bone216",
				"parent": "bone203",
				"pivot": [1.525, 24.825, -4.175],
				"rotation": [4.10249, -4.14661, -30.49312],
				"cubes": [
					{"origin": [0.5, 21.35, -5.025], "size": [0.95, 3.05, 0.925], "uv": [115, 120]}
				]
			},
			{
				"name": "bone212",
				"parent": "head",
				"pivot": [-1.275, 24.2, -3.975],
				"rotation": [-2.20116, 7.28531, -11.7721]
			},
			{
				"name": "bone213",
				"parent": "bone212",
				"pivot": [-0.25, 24.175, -4.175],
				"rotation": [2.86701, -5.07909, -15.22172],
				"cubes": [
					{"origin": [-1.175, 23.525, -5.025], "size": [0.95, 1.95, 0.925], "uv": [112, 115]}
				]
			},
			{
				"name": "bone214",
				"parent": "bone212",
				"pivot": [-0.725, 25.7, -4.3],
				"rotation": [-8.54109, -4.35312, -14.40611],
				"cubes": [
					{"origin": [-1.575, 25.175, -5.025], "size": [0.95, 1.525, 0.925], "uv": [112, 115]}
				]
			},
			{
				"name": "bone215",
				"parent": "bone212",
				"pivot": [-0.275, 24.225, -4.175],
				"rotation": [4.48059, -3.73472, -35.99069]
			},
			{
				"name": "bone228",
				"parent": "head",
				"pivot": [-1.725, 24.45, -3.875],
				"rotation": [-0.22999, 7.6054, 3.35276]
			},
			{
				"name": "bone229",
				"parent": "bone228",
				"pivot": [-0.875, 24.5, -4.075],
				"rotation": [4.6235, -3.55613, -38.23814],
				"cubes": [
					{"origin": [-1.275, 23.85, -4.925], "size": [0.875, 1.95, 0.925], "uv": [117, 117]}
				]
			},
			{
				"name": "bone230",
				"parent": "bone228",
				"pivot": [-1.725, 25.95, -4.15],
				"rotation": [-8.13272, -5.07855, -19.37006]
			},
			{
				"name": "bone231",
				"parent": "bone228",
				"pivot": [0.875, 23.0125, -4.6125],
				"rotation": [5.73576, -1.04887, -65.39708],
				"cubes": [
					{"origin": [0.5, 22.6, -4.65], "size": [0.6, 1.175, 0.275], "uv": [117, 117]}
				]
			},
			{
				"name": "bone232",
				"parent": "bone228",
				"pivot": [0.825, 22.9375, -4.6125],
				"rotation": [5.81727, -0.39396, -71.86455],
				"cubes": [
					{"origin": [0.525, 21.425, -4.625], "size": [0.525, 1.175, 0.225], "uv": [117, 117]}
				]
			},
			{
				"name": "bone233",
				"parent": "bone228",
				"pivot": [-0.9, 24.325, -4.075],
				"rotation": [4.90148, -3.16153, -42.97988],
				"cubes": [
					{"origin": [-1.175, 22.725, -4.925], "size": [0.75, 1.175, 0.625], "uv": [117, 117]}
				]
			},
			{
				"name": "bone206",
				"parent": "head",
				"pivot": [-1.925, 24.425, -3.875],
				"rotation": [2.39908, 7.22286, 23.51949]
			},
			{
				"name": "bone207",
				"parent": "bone206",
				"pivot": [-1.075, 24.475, -4.075],
				"rotation": [4.6235, -3.55613, -38.23814],
				"cubes": [
					{"origin": [-1.475, 23.825, -4.925], "size": [0.875, 1.95, 0.925], "uv": [115, 119]}
				]
			},
			{
				"name": "bone208",
				"parent": "bone206",
				"pivot": [-1.925, 25.925, -4.15],
				"rotation": [-8.13272, -5.07855, -19.37006]
			},
			{
				"name": "bone227",
				"parent": "bone206",
				"pivot": [0.675, 22.8125, -4.6125],
				"rotation": [5.27111, -2.49566, -50.45943],
				"cubes": [
					{"origin": [0.35, 23.1, -4.65], "size": [0.6, 1.025, 0.275], "uv": [115, 119]}
				]
			},
			{
				"name": "bone226",
				"parent": "bone206",
				"pivot": [0.675, 22.7625, -4.6125],
				"rotation": [5.51882, -1.88387, -56.93534],
				"cubes": [
					{"origin": [0.5, 22.175, -4.625], "size": [0.45, 1.175, 0.225], "uv": [115, 119]}
				]
			},
			{
				"name": "bone209",
				"parent": "bone206",
				"pivot": [-1.1, 24.3, -4.075],
				"rotation": [4.90148, -3.16153, -42.97988],
				"cubes": [
					{"origin": [-1.375, 23.25, -4.925], "size": [0.75, 0.625, 0.625], "uv": [115, 119]}
				]
			},
			{
				"name": "bone200",
				"parent": "head",
				"pivot": [-2.775, 24.125, -3.875],
				"rotation": [1.82225, 7.38868, 18.98572]
			},
			{
				"name": "bone211",
				"parent": "bone200",
				"pivot": [-1.925, 24.15, -4.075],
				"rotation": [-3.25543, -4.00104, -32.49286],
				"cubes": [
					{"origin": [-2.5, 23.975, -4.6], "size": [1.15, 1.5, 0.525], "uv": [116, 117]}
				]
			},
			{
				"name": "bone201",
				"parent": "bone200",
				"pivot": [-1.925, 24.15, -4.275],
				"rotation": [-3.59168, -3.70227, -27.49049],
				"cubes": [
					{"origin": [-2.275, 22.45, -4.925], "size": [0.55, 2.725, 0.525], "uv": [116, 117]}
				]
			},
			{
				"name": "bone202",
				"parent": "bone200",
				"pivot": [-2.775, 25.625, -4.15],
				"rotation": [-0.63272, -5.07855, -19.37006],
				"cubes": [
					{"origin": [-2.95, 24.925, -4.675], "size": [0.55, 1.7, 0.525], "uv": [116, 117]}
				]
			},
			{
				"name": "bone194",
				"parent": "head",
				"pivot": [-2.775, 24.25, -4.575],
				"rotation": [1.43102, 7.47386, 15.96152]
			},
			{
				"name": "bone195",
				"parent": "bone194",
				"pivot": [-2.525, 24.275, -4.775],
				"rotation": [-5.06344, -0.9762, 7.43656],
				"cubes": [
					{"origin": [-3.025, 23.45, -5.6], "size": [1, 1.85, 0.875], "uv": [114, 113]}
				]
			},
			{
				"name": "bone196",
				"parent": "bone194",
				"pivot": [-2.775, 25.75, -4.475],
				"rotation": [-28.13272, -5.07855, -19.37006],
				"cubes": [
					{"origin": [-3.175, 24.75, -5.175], "size": [1, 2, 0.875], "uv": [114, 113]}
				]
			},
			{
				"name": "bone199",
				"parent": "head",
				"pivot": [-3.1, 25.2, -5.075],
				"rotation": [1.75378, 9.84655, 10.15108]
			},
			{
				"name": "bone198",
				"parent": "bone199",
				"pivot": [-3.1, 25.2, -5.075],
				"rotation": [-15.6122, 3.41907, 59.77808],
				"cubes": [
					{"origin": [-3.475, 24.425, -5.5], "size": [0.75, 1.3, 0.7], "uv": [115, 122]}
				]
			},
			{
				"name": "bone197",
				"parent": "bone199",
				"pivot": [-3.8, 24.95, -5.375],
				"rotation": [-8.01895, 13.85991, 107.27072],
				"cubes": [
					{"origin": [-4.075, 24.175, -5.65], "size": [0.6, 1.15, 0.6], "uv": [115, 122]}
				]
			},
			{
				"name": "bone190",
				"parent": "head",
				"pivot": [-3.25, 23.975, -4.825],
				"rotation": [-4.6809, 6.65887, 10.99056]
			},
			{
				"name": "bone191",
				"parent": "bone190",
				"pivot": [-3.075, 23.975, -4.825],
				"rotation": [7.38733, 1.29876, -9.91615],
				"cubes": [
					{"origin": [-3.575, 23.425, -5.325], "size": [1, 1.575, 1.05], "uv": [43, 41]}
				]
			},
			{
				"name": "bone192",
				"parent": "bone190",
				"pivot": [-3.25, 25.675, -4.725],
				"rotation": [-15, 0, 0],
				"cubes": [
					{"origin": [-3.75, 24.675, -5.225], "size": [1, 2, 1.05], "uv": [62, 33]}
				]
			},
			{
				"name": "bone210",
				"parent": "bone190",
				"pivot": [-2.425, 21.65, -4.325],
				"rotation": [11.98035, 0.97372, -17.57444],
				"cubes": [
					{"origin": [-2.925, 21.5, -4.8], "size": [1.025, 2.175, 1.125], "uv": [62, 30]}
				]
			},
			{
				"name": "bone193",
				"parent": "bone190",
				"pivot": [-2.65, 22.45, -4.525],
				"rotation": [11.98035, 0.97372, -17.57444]
			},
			{
				"name": "bone189",
				"parent": "head",
				"pivot": [-3.875, 23.875, -4.425],
				"rotation": [2.62357, 12.88718, 5.10997]
			},
			{
				"name": "bone188",
				"parent": "bone189",
				"pivot": [-3.875, 23.875, -4.425],
				"rotation": [7.5, 0, 0],
				"cubes": [
					{"origin": [-4.375, 22.875, -4.925], "size": [1, 2, 1.05], "uv": [62, 36]}
				]
			},
			{
				"name": "bone187",
				"parent": "bone189",
				"pivot": [-3.875, 25.575, -4.325],
				"rotation": [-15, 0, 0],
				"cubes": [
					{"origin": [-4.375, 24.575, -4.825], "size": [1, 2, 1.05], "uv": [62, 39]}
				]
			},
			{
				"name": "bone260",
				"parent": "head",
				"pivot": [5.4, 20.15, -0.075],
				"rotation": [0, 0, -7.5]
			},
			{
				"name": "bone257",
				"parent": "bone260",
				"pivot": [5.4, 20.15, -0.075],
				"rotation": [5.39978, -29.57868, -30.84164],
				"cubes": [
					{"origin": [5.15, 20.225, -0.075], "size": [1.2, 2.075, 0.075], "uv": [40, 14]},
					{"origin": [4.9, 20.15, -0.075], "size": [0.275, 1.5, 0.075], "uv": [30, 123]}
				]
			},
			{
				"name": "bone256",
				"parent": "bone260",
				"pivot": [6.325, 21.05, 0.65],
				"rotation": [16.67433, -21.00826, -52.95439],
				"cubes": [
					{"origin": [6, 20.95, 0.65], "size": [1.525, 2.25, 0.075], "uv": [32, 22]}
				]
			},
			{
				"name": "bone259",
				"parent": "bone260",
				"pivot": [5.775, 22.25, 0.5],
				"rotation": [4.87498, -26.8247, -21.71215],
				"cubes": [
					{"origin": [4.775, 23.65, 0.45], "size": [3.4, 0.25, 0.15], "uv": [23, 125]}
				]
			},
			{
				"name": "bone262",
				"parent": "bone260",
				"pivot": [5.775, 21.425, 0.3],
				"rotation": [-24.73264, -8.55029, 54.92358],
				"cubes": [
					{"origin": [4.55, 21.25, 0.325], "size": [2.15, 0.2, 0.2], "uv": [27, 123]}
				]
			},
			{
				"name": "bone261",
				"parent": "bone260",
				"pivot": [5.775, 22.25, 0.5],
				"rotation": [-17.56554, -21.14819, 30.2551],
				"cubes": [
					{"origin": [4.6, 22.575, 0.475], "size": [2.65, 0.2, 0.15], "uv": [29, 123]}
				]
			},
			{
				"name": "bone264",
				"parent": "bone260",
				"pivot": [7.2625, 23.175, 0.5375],
				"rotation": [-5.46317, -26.71923, 0.99938],
				"cubes": [
					{"origin": [6.15, 22.9, 1.25], "size": [1.525, 1.175, 0.075], "uv": [39, 6]}
				]
			},
			{
				"name": "bone263",
				"parent": "bone260",
				"pivot": [5.775, 22.25, 0.5],
				"rotation": [4.74895, -26.84567, -21.43296],
				"cubes": [
					{"origin": [5.55, 23.325, 0.5], "size": [2.475, 0.4, 0.075], "uv": [7, 124]}
				]
			},
			{
				"name": "bone255",
				"parent": "bone260",
				"pivot": [5.775, 22.25, 0.5],
				"rotation": [-14.72547, -23.16735, 22.73536],
				"cubes": [
					{"origin": [4.775, 22.6, 0.5], "size": [2.4, 1, 0.075], "uv": [0, 73]}
				]
			},
			{
				"name": "bone265",
				"parent": "head",
				"pivot": [-5.4, 20.15, -0.075],
				"rotation": [0, 0, 7.5]
			},
			{
				"name": "bone266",
				"parent": "bone265",
				"pivot": [-5.4, 20.15, -0.075],
				"rotation": [5.39978, 29.57868, 30.84164],
				"cubes": [
					{"origin": [-6.35, 20.225, -0.075], "size": [1.2, 2.075, 0.075], "uv": [40, 14], "mirror": true},
					{"origin": [-5.175, 20.15, -0.075], "size": [0.275, 1.5, 0.075], "uv": [30, 123], "mirror": true}
				]
			},
			{
				"name": "bone267",
				"parent": "bone265",
				"pivot": [-6.325, 21.05, 0.65],
				"rotation": [16.67433, 21.00826, 52.95439],
				"cubes": [
					{"origin": [-7.525, 20.95, 0.65], "size": [1.525, 2.25, 0.075], "uv": [32, 22], "mirror": true}
				]
			},
			{
				"name": "bone268",
				"parent": "bone265",
				"pivot": [-5.775, 22.25, 0.5],
				"rotation": [4.87498, 26.8247, 21.71215],
				"cubes": [
					{"origin": [-8.175, 23.65, 0.45], "size": [3.4, 0.25, 0.15], "uv": [23, 125], "mirror": true}
				]
			},
			{
				"name": "bone269",
				"parent": "bone265",
				"pivot": [-5.775, 21.425, 0.3],
				"rotation": [-24.73264, 8.55029, -54.92358],
				"cubes": [
					{"origin": [-6.7, 21.25, 0.325], "size": [2.15, 0.2, 0.2], "uv": [27, 123], "mirror": true}
				]
			},
			{
				"name": "bone270",
				"parent": "bone265",
				"pivot": [-5.775, 22.25, 0.5],
				"rotation": [-17.56554, 21.14819, -30.2551],
				"cubes": [
					{"origin": [-7.25, 22.575, 0.475], "size": [2.65, 0.2, 0.15], "uv": [29, 123], "mirror": true}
				]
			},
			{
				"name": "bone271",
				"parent": "bone265",
				"pivot": [-7.2625, 23.175, 0.5375],
				"rotation": [-5.46317, 26.71923, -0.99938],
				"cubes": [
					{"origin": [-7.675, 22.9, 1.25], "size": [1.525, 1.175, 0.075], "uv": [39, 6], "mirror": true}
				]
			},
			{
				"name": "bone272",
				"parent": "bone265",
				"pivot": [-5.775, 22.25, 0.5],
				"rotation": [4.74895, 26.84567, 21.43296],
				"cubes": [
					{"origin": [-8.025, 23.325, 0.5], "size": [2.475, 0.4, 0.075], "uv": [7, 124], "mirror": true}
				]
			},
			{
				"name": "bone273",
				"parent": "bone265",
				"pivot": [-5.775, 22.25, 0.5],
				"rotation": [-14.72547, 23.16735, -22.73536],
				"cubes": [
					{"origin": [-7.175, 22.6, 0.5], "size": [2.4, 1, 0.075], "uv": [0, 73], "mirror": true}
				]
			},
			{
				"name": "bone277",
				"parent": "head",
				"pivot": [0, 8.675, 6.85],
				"rotation": [23.5, 0, 0],
				"cubes": [
					{"origin": [-4, 6.3, 6.35], "size": [8, 4.775, 1], "uv": [40, 26]}
				]
			},
			{
				"name": "bone276",
				"parent": "head",
				"pivot": [0, 13.1, 5.475],
				"rotation": [11, 0, 0],
				"cubes": [
					{"origin": [-4, 10.725, 4.975], "size": [8, 4.775, 1], "uv": [43, 0]}
				]
			},
			{
				"name": "bone275",
				"parent": "head",
				"pivot": [0, 17.825, 4.675],
				"rotation": [8.5, 0, 0],
				"cubes": [
					{"origin": [-4, 15.45, 4.175], "size": [8, 4.775, 1], "uv": [43, 11]}
				]
			},
			{
				"name": "bone258",
				"parent": "head",
				"pivot": [0, 22.575, 4.175],
				"rotation": [5, 0, 0],
				"cubes": [
					{"origin": [-4, 20.2, 3.675], "size": [8, 6.875, 1], "uv": [16, 41]}
				]
			},
			{
				"name": "bone371",
				"parent": "head",
				"pivot": [-1.25, -6.375, 1.325]
			},
			{
				"name": "bone376",
				"parent": "bone371",
				"pivot": [4.01786, 22.1186, -3.96622],
				"rotation": [118.797, -3.11523, -90.4021]
			},
			{
				"name": "bone377",
				"parent": "bone376",
				"pivot": [4.00554, 22.21099, -3.67124],
				"rotation": [0, -134, 0],
				"cubes": [
					{"origin": [3.87123, 22.7386, -3.98538], "size": [0.18479, 0.18479, 1.07177], "uv": [6, 98]}
				]
			},
			{
				"name": "bone378",
				"parent": "bone376",
				"pivot": [4.22729, 22.21099, -4.04082],
				"rotation": [0, -100.5, 0],
				"cubes": [
					{"origin": [4.12993, 22.7386, -4.39192], "size": [0.14783, 0.18479, 1.07177], "uv": [6, 98]},
					{"origin": [4.20385, 22.7386, -4.02234], "size": [0.29566, 0.18479, 0.33262], "uv": [6, 98]}
				]
			},
			{
				"name": "bone379",
				"parent": "bone376",
				"pivot": [4.20881, 22.21099, -3.9669],
				"rotation": [0, 6, 0],
				"cubes": [
					{"origin": [4.14841, 22.7386, -4.50279], "size": [0.16631, 0.18479, 0.97938], "uv": [6, 98]}
				]
			},
			{
				"name": "bone380",
				"parent": "bone376",
				"pivot": [3.91315, 22.21099, -4.20713],
				"rotation": [0, -33.5, 0],
				"cubes": [
					{"origin": [3.90819, 22.7386, -4.5767], "size": [0.18479, 0.18479, 1.07177], "uv": [6, 98]}
				]
			},
			{
				"name": "bone381",
				"parent": "bone376",
				"pivot": [4.26424, 22.21099, -3.85603],
				"rotation": [0, -67, 0],
				"cubes": [
					{"origin": [4.14841, 22.7386, -4.20713], "size": [0.18479, 0.18479, 1.07177], "uv": [6, 98]}
				]
			},
			{
				"name": "bone382",
				"parent": "head",
				"pivot": [-0.525, -5.6, 1.625]
			},
			{
				"name": "bone383",
				"parent": "bone382",
				"pivot": [4.56615, 22.53686, -3.43657],
				"rotation": [132.99559, 7.6928, -110.18172]
			},
			{
				"name": "bone384",
				"parent": "bone383",
				"pivot": [4.55432, 22.62555, -3.15339],
				"rotation": [0, -134, 0],
				"cubes": [
					{"origin": [4.39138, 22.87706, -3.37697], "size": [0.1774, 0.1774, 0.9039], "uv": [6, 98]}
				]
			},
			{
				"name": "bone385",
				"parent": "bone383",
				"pivot": [4.76719, 22.62555, -3.50819],
				"rotation": [0, -100.5, 0],
				"cubes": [
					{"origin": [4.63974, 22.87706, -3.76724], "size": [0.14192, 0.1774, 1.0289], "uv": [6, 98]},
					{"origin": [4.7107, 22.87706, -3.41245], "size": [0.28383, 0.1774, 0.31931], "uv": [6, 98]}
				]
			},
			{
				"name": "bone386",
				"parent": "bone383",
				"pivot": [4.74946, 22.62555, -3.43723],
				"rotation": [0, 6, 0],
				"cubes": [
					{"origin": [4.65748, 22.87706, -3.99868], "size": [0.15966, 0.1774, 1.0652], "uv": [6, 98]}
				]
			},
			{
				"name": "bone387",
				"parent": "bone383",
				"pivot": [4.46562, 22.62555, -3.66784],
				"rotation": [0, -33.5, 0],
				"cubes": [
					{"origin": [4.42686, 22.87706, -3.99464], "size": [0.1774, 0.1774, 0.9539], "uv": [6, 98]}
				]
			},
			{
				"name": "bone388",
				"parent": "bone383",
				"pivot": [4.80267, 22.62555, -3.33079],
				"rotation": [0, -67, 0],
				"cubes": [
					{"origin": [4.65748, 22.87706, -3.58984], "size": [0.1774, 0.1774, 1.0039], "uv": [6, 98]}
				]
			},
			{
				"name": "bone370",
				"parent": "head",
				"pivot": [0.25, -5.675, 0.725]
			},
			{
				"name": "bone369",
				"parent": "bone370",
				"pivot": [4.8835, 20.285, -3.8795],
				"rotation": [122.27154, -7.49282, -92.82902]
			},
			{
				"name": "bone375",
				"parent": "bone369",
				"pivot": [4.87288, 20.36465, -3.62521],
				"rotation": [0, -134, 0],
				"cubes": [
					{"origin": [4.72951, 20.285, -3.89602], "size": [0.1593, 0.1593, 0.92394], "uv": [9, 112]}
				]
			},
			{
				"name": "bone374",
				"parent": "bone369",
				"pivot": [5.06404, 20.36465, -3.94381],
				"rotation": [0, -100.5, 0],
				"cubes": [
					{"origin": [4.95253, 20.285, -4.24648], "size": [0.12744, 0.1593, 0.92394], "uv": [9, 112]},
					{"origin": [5.01625, 20.285, -3.92788], "size": [0.25488, 0.1593, 0.28674], "uv": [9, 112]}
				]
			},
			{
				"name": "bone368",
				"parent": "bone369",
				"pivot": [5.04811, 20.36465, -3.88009],
				"rotation": [0, 6, 0],
				"cubes": [
					{"origin": [4.96846, 20.285, -4.34206], "size": [0.14337, 0.1593, 0.84429], "uv": [9, 112]}
				]
			},
			{
				"name": "bone372",
				"parent": "bone369",
				"pivot": [4.79323, 20.36465, -4.08718],
				"rotation": [0, -33.5, 0],
				"cubes": [
					{"origin": [4.76137, 20.285, -4.40578], "size": [0.1593, 0.1593, 0.92394], "uv": [9, 112]}
				]
			},
			{
				"name": "bone373",
				"parent": "bone369",
				"pivot": [5.0959, 20.36465, -3.78451],
				"rotation": [0, -67, 0],
				"cubes": [
					{"origin": [4.96846, 20.285, -4.08718], "size": [0.1593, 0.1593, 0.92394], "uv": [9, 112]}
				]
			},
			{
				"name": "armLeft",
				"pivot": [3, 17.5, 0],
				"rotation": [0, 0, -12.5],
				"cubes": [
					{"origin": [3, 8.5, -1], "size": [2, 8, 2], "uv": [46, 41]}
				]
			},
			{
				"name": "bone278",
				"parent": "armLeft",
				"pivot": [4, 10.25, 0]
			},
			{
				"name": "bone279",
				"parent": "bone278",
				"pivot": [4, 10.25, 0]
			},
			{
				"name": "bone280",
				"parent": "bone279",
				"pivot": [4, 10.25, 1.99863],
				"rotation": [3, 0, 0],
				"cubes": [
					{"origin": [2.9, 8.92274, 1.29863], "size": [2.1, 7.625, 0.525], "uv": [10, 94]}
				]
			},
			{
				"name": "bone281",
				"parent": "bone280",
				"pivot": [3, 10.19774, 1.99863],
				"rotation": [0, 0, 2.9959],
				"cubes": [
					{"origin": [2.225, 8.92274, 1.29763], "size": [1.3, 7.625, 0.525], "uv": [10, 94]}
				]
			},
			{
				"name": "bone282",
				"parent": "bone280",
				"pivot": [5, 10.19774, 1.99863],
				"rotation": [0, 0, -2.9959],
				"cubes": [
					{"origin": [4.55, 8.92274, 1.29963], "size": [1.15, 7.625, 0.525], "uv": [10, 94]}
				]
			},
			{
				"name": "bone283",
				"parent": "bone278",
				"pivot": [4, 10.25, 0],
				"rotation": [0, -90, 0]
			},
			{
				"name": "bone284",
				"parent": "bone283",
				"pivot": [4, 10.25, 1.99863],
				"rotation": [3, 0, 0],
				"cubes": [
					{"origin": [2.9, 8.92274, 1.29863], "size": [2.1, 7.625, 0.525], "uv": [10, 94]}
				]
			},
			{
				"name": "bone285",
				"parent": "bone284",
				"pivot": [3, 10.19774, 1.99863],
				"rotation": [0, 0, 2.9959],
				"cubes": [
					{"origin": [2.175, 8.92274, 1.29763], "size": [1, 7.625, 0.525], "uv": [10, 94]}
				]
			},
			{
				"name": "bone286",
				"parent": "bone284",
				"pivot": [5, 10.19774, 1.99863],
				"rotation": [0, 0, -2.9959],
				"cubes": [
					{"origin": [4.8, 8.92274, 1.29963], "size": [1, 7.625, 0.525], "uv": [10, 94]}
				]
			},
			{
				"name": "bone287",
				"parent": "bone278",
				"pivot": [4, 10.25, 0],
				"rotation": [0, -180, 0]
			},
			{
				"name": "bone288",
				"parent": "bone287",
				"pivot": [4, 10.25, 1.99863],
				"rotation": [3, 0, 0],
				"cubes": [
					{"origin": [2.625, 8.92274, 1.29863], "size": [2.375, 7.625, 0.525], "uv": [10, 94]}
				]
			},
			{
				"name": "bone289",
				"parent": "bone288",
				"pivot": [3, 10.19774, 1.99863],
				"rotation": [0, 0, 2.9959],
				"cubes": [
					{"origin": [2.2, 8.92274, -0.60237], "size": [0.45, 7.625, 2.425], "uv": [10, 94]}
				]
			},
			{
				"name": "bone290",
				"parent": "bone288",
				"pivot": [5, 10.19774, 1.99863],
				"rotation": [0, 0, -2.9959],
				"cubes": [
					{"origin": [4.65, 8.92274, 1.29963], "size": [1.15, 7.625, 0.525], "uv": [10, 94]}
				]
			},
			{
				"name": "bone291",
				"parent": "bone278",
				"pivot": [4, 10.25, 0],
				"rotation": [0, -270, 0]
			},
			{
				"name": "bone292",
				"parent": "bone291",
				"pivot": [4, 10.25, 1.99863],
				"rotation": [3, 0, 0],
				"cubes": [
					{"origin": [2.5, 8.92274, 1.29863], "size": [2.5, 7.625, 0.525], "uv": [10, 94]}
				]
			},
			{
				"name": "bone293",
				"parent": "bone292",
				"pivot": [3, 10.19774, 1.99863],
				"rotation": [0, 0, 2.9959],
				"cubes": [
					{"origin": [2.175, 8.92274, 0.79763], "size": [0.35, 7.625, 1.025], "uv": [10, 94]}
				]
			},
			{
				"name": "bone294",
				"parent": "bone292",
				"pivot": [5, 10.19774, 1.99863],
				"rotation": [0, 0, -2.9959]
			},
			{
				"name": "bone274",
				"parent": "armLeft",
				"pivot": [4, 10.25, 0]
			},
			{
				"name": "bone295",
				"parent": "bone274",
				"pivot": [4, 10.25, 0]
			},
			{
				"name": "bone296",
				"parent": "bone295",
				"pivot": [4, 10.25, 1.99863],
				"rotation": [3, 0, 0],
				"cubes": [
					{"origin": [2.9, 8.82274, 1.19863], "size": [2.1, 0.725, 0.725], "uv": [5, 114]}
				]
			},
			{
				"name": "bone297",
				"parent": "bone296",
				"pivot": [3, 10.19774, 1.99863],
				"rotation": [0, 0, 2.9959],
				"cubes": [
					{"origin": [2.075, 8.82274, 1.19763], "size": [0.925, 0.725, 0.725], "uv": [5, 114]}
				]
			},
			{
				"name": "bone298",
				"parent": "bone296",
				"pivot": [5, 10.19774, 1.99863],
				"rotation": [0, 0, -2.9959],
				"cubes": [
					{"origin": [4.9, 8.82274, 1.19963], "size": [1.025, 0.725, 0.725], "uv": [5, 114]}
				]
			},
			{
				"name": "bone299",
				"parent": "bone274",
				"pivot": [4, 10.25, 0],
				"rotation": [0, -90, 0]
			},
			{
				"name": "bone300",
				"parent": "bone299",
				"pivot": [4, 10.25, 1.99863],
				"rotation": [3, 0, 0],
				"cubes": [
					{"origin": [2.9, 8.82274, 1.19863], "size": [2.1, 0.725, 0.725], "uv": [5, 114]}
				]
			},
			{
				"name": "bone301",
				"parent": "bone300",
				"pivot": [3, 10.19774, 1.99863],
				"rotation": [0, 0, 2.9959],
				"cubes": [
					{"origin": [2.225, 8.82274, 1.19763], "size": [0.775, 0.725, 0.725], "uv": [5, 114]}
				]
			},
			{
				"name": "bone302",
				"parent": "bone300",
				"pivot": [5, 10.19774, 1.99863],
				"rotation": [0, 0, -2.9959],
				"cubes": [
					{"origin": [4.9, 8.82274, 1.19963], "size": [0.9, 0.725, 0.725], "uv": [5, 114]}
				]
			},
			{
				"name": "bone303",
				"parent": "bone274",
				"pivot": [4, 10.25, 0],
				"rotation": [0, -180, 0]
			},
			{
				"name": "bone304",
				"parent": "bone303",
				"pivot": [4, 10.25, 1.99863],
				"rotation": [3, 0, 0],
				"cubes": [
					{"origin": [2.9, 8.82274, 1.19863], "size": [2.1, 0.725, 0.725], "uv": [5, 114]}
				]
			},
			{
				"name": "bone305",
				"parent": "bone304",
				"pivot": [3, 10.19774, 1.99863],
				"rotation": [0, 0, 2.9959],
				"cubes": [
					{"origin": [2.075, 8.82274, 1.19763], "size": [1, 0.725, 0.725], "uv": [5, 114]}
				]
			},
			{
				"name": "bone306",
				"parent": "bone304",
				"pivot": [5, 10.19774, 1.99863],
				"rotation": [0, 0, -2.9959],
				"cubes": [
					{"origin": [4.9, 8.82274, 1.19963], "size": [1.025, 0.725, 0.725], "uv": [5, 114]}
				]
			},
			{
				"name": "bone307",
				"parent": "bone274",
				"pivot": [4, 10.25, 0],
				"rotation": [0, -270, 0]
			},
			{
				"name": "bone308",
				"parent": "bone307",
				"pivot": [4, 10.25, 1.99863],
				"rotation": [3, 0, 0],
				"cubes": [
					{"origin": [2.9, 8.82274, 1.19863], "size": [2.1, 0.975, 0.725], "uv": [5, 114]}
				]
			},
			{
				"name": "bone309",
				"parent": "bone308",
				"pivot": [3, 10.19774, 1.99863],
				"rotation": [0, 0, 2.9959],
				"cubes": [
					{"origin": [2.225, 8.82274, 1.19763], "size": [0.775, 0.875, 0.725], "uv": [5, 114]}
				]
			},
			{
				"name": "bone146",
				"parent": "bone308",
				"pivot": [3.025, 10.52274, 2.54863]
			},
			{
				"name": "bone143",
				"parent": "bone146",
				"pivot": [5.3, 9.57274, 2.11213],
				"rotation": [21.78349, -51.85283, -29.93413],
				"cubes": [
					{"origin": [4.875, 9.37274, 2.29963], "size": [0.675, 0.275, 0.175], "uv": [5, 114]},
					{"origin": [4.875, 9.64774, 2.29963], "size": [0.85, 0.35, 0.175], "uv": [5, 114]},
					{"origin": [4.875, 9.14774, 2.29963], "size": [0.475, 0.225, 0.175], "uv": [5, 114]}
				]
			},
			{
				"name": "bone147",
				"parent": "bone146",
				"pivot": [2.7, 9.57274, 2.11213],
				"rotation": [21.78349, 51.85283, 29.93413],
				"cubes": [
					{"origin": [2.45, 9.37274, 2.29963], "size": [0.675, 0.275, 0.175], "uv": [5, 114], "mirror": true},
					{"origin": [2.275, 9.64774, 2.29963], "size": [0.85, 0.35, 0.175], "uv": [5, 114], "mirror": true},
					{"origin": [2.65, 9.14774, 2.29963], "size": [0.475, 0.225, 0.175], "uv": [5, 114], "mirror": true}
				]
			},
			{
				"name": "bone310",
				"parent": "bone308",
				"pivot": [5, 10.19774, 1.99863],
				"rotation": [0, 0, -2.9959],
				"cubes": [
					{"origin": [4.9, 8.82274, 1.19963], "size": [0.85, 0.85, 0.725], "uv": [5, 114]}
				]
			},
			{
				"name": "armRight",
				"pivot": [-3, 17.5, 0],
				"rotation": [0, 0, 12.5],
				"cubes": [
					{"origin": [-5, 8.5, -1], "size": [2, 8, 2], "uv": [46, 41], "mirror": true}
				]
			},
			{
				"name": "bone311",
				"parent": "armRight",
				"pivot": [-4, 10.25, 0]
			},
			{
				"name": "bone312",
				"parent": "bone311",
				"pivot": [-4, 10.25, 0]
			},
			{
				"name": "bone313",
				"parent": "bone312",
				"pivot": [-4, 10.25, 1.99863],
				"rotation": [3, 0, 0],
				"cubes": [
					{"origin": [-5, 8.92274, 1.29863], "size": [2.1, 7.625, 0.525], "uv": [4, 94], "mirror": true}
				]
			},
			{
				"name": "bone314",
				"parent": "bone313",
				"pivot": [-3, 10.19774, 1.99863],
				"rotation": [0, 0, -2.9959],
				"cubes": [
					{"origin": [-3.525, 8.92274, 1.29763], "size": [1.3, 7.625, 0.525], "uv": [4, 94], "mirror": true}
				]
			},
			{
				"name": "bone315",
				"parent": "bone313",
				"pivot": [-5, 10.19774, 1.99863],
				"rotation": [0, 0, 2.9959],
				"cubes": [
					{"origin": [-5.7, 8.92274, 1.29963], "size": [1.15, 7.625, 0.525], "uv": [4, 94], "mirror": true}
				]
			},
			{
				"name": "bone316",
				"parent": "bone311",
				"pivot": [-4, 10.25, 0],
				"rotation": [0, 90, 0]
			},
			{
				"name": "bone317",
				"parent": "bone316",
				"pivot": [-4, 10.25, 1.99863],
				"rotation": [3, 0, 0],
				"cubes": [
					{"origin": [-5, 8.92274, 1.29863], "size": [2.1, 7.625, 0.525], "uv": [4, 94], "mirror": true}
				]
			},
			{
				"name": "bone318",
				"parent": "bone317",
				"pivot": [-3, 10.19774, 1.99863],
				"rotation": [0, 0, -2.9959],
				"cubes": [
					{"origin": [-3.175, 8.92274, 1.29763], "size": [1, 7.625, 0.525], "uv": [4, 94], "mirror": true}
				]
			},
			{
				"name": "bone319",
				"parent": "bone317",
				"pivot": [-5, 10.19774, 1.99863],
				"rotation": [0, 0, 2.9959],
				"cubes": [
					{"origin": [-5.8, 8.92274, 1.29963], "size": [1, 7.625, 0.525], "uv": [4, 94], "mirror": true}
				]
			},
			{
				"name": "bone320",
				"parent": "bone311",
				"pivot": [-4, 10.25, 0],
				"rotation": [0, 180, 0]
			},
			{
				"name": "bone321",
				"parent": "bone320",
				"pivot": [-4, 10.25, 1.99863],
				"rotation": [3, 0, 0],
				"cubes": [
					{"origin": [-5, 8.92274, 1.29863], "size": [2.1, 7.625, 0.525], "uv": [4, 94], "mirror": true}
				]
			},
			{
				"name": "bone322",
				"parent": "bone321",
				"pivot": [-3, 10.19774, 1.99863],
				"rotation": [0, 0, -2.9959],
				"cubes": [
					{"origin": [-3.075, 8.92274, -0.60237], "size": [0.875, 7.625, 2.425], "uv": [9, 93], "mirror": true}
				]
			},
			{
				"name": "bone323",
				"parent": "bone321",
				"pivot": [-5, 10.19774, 1.99863],
				"rotation": [0, 0, 2.9959],
				"cubes": [
					{"origin": [-5.8, 8.92274, 1.29963], "size": [1.15, 7.625, 0.525], "uv": [4, 94], "mirror": true}
				]
			},
			{
				"name": "bone324",
				"parent": "bone311",
				"pivot": [-4, 10.25, 0],
				"rotation": [0, 270, 0]
			},
			{
				"name": "bone325",
				"parent": "bone324",
				"pivot": [-4, 10.25, 1.99863],
				"rotation": [3, 0, 0],
				"cubes": [
					{"origin": [-5, 8.92274, 1.29863], "size": [2.1, 7.625, 0.525], "uv": [4, 94], "mirror": true}
				]
			},
			{
				"name": "bone326",
				"parent": "bone325",
				"pivot": [-3, 10.19774, 1.99863],
				"rotation": [0, 0, -2.9959],
				"cubes": [
					{"origin": [-3, 8.92274, 0.79763], "size": [0.825, 7.625, 1.025], "uv": [4, 94], "mirror": true}
				]
			},
			{
				"name": "bone327",
				"parent": "bone325",
				"pivot": [-5, 10.19774, 1.99863],
				"rotation": [0, 0, 2.9959]
			},
			{
				"name": "bone328",
				"parent": "armRight",
				"pivot": [-4, 10.25, 0]
			},
			{
				"name": "bone329",
				"parent": "bone328",
				"pivot": [-4, 10.25, 0]
			},
			{
				"name": "bone330",
				"parent": "bone329",
				"pivot": [-4, 10.25, 1.99863],
				"rotation": [3, 0, 0],
				"cubes": [
					{"origin": [-5, 8.82274, 1.19863], "size": [2.1, 0.725, 0.725], "uv": [5, 113], "mirror": true}
				]
			},
			{
				"name": "bone331",
				"parent": "bone330",
				"pivot": [-3, 10.19774, 1.99863],
				"rotation": [0, 0, -2.9959],
				"cubes": [
					{"origin": [-3, 8.82274, 1.19763], "size": [0.925, 0.725, 0.725], "uv": [5, 113], "mirror": true}
				]
			},
			{
				"name": "bone332",
				"parent": "bone330",
				"pivot": [-5, 10.19774, 1.99863],
				"rotation": [0, 0, 2.9959],
				"cubes": [
					{"origin": [-5.925, 8.82274, 1.19963], "size": [1.025, 0.725, 0.725], "uv": [5, 113], "mirror": true}
				]
			},
			{
				"name": "bone333",
				"parent": "bone328",
				"pivot": [-4, 10.25, 0],
				"rotation": [0, 90, 0]
			},
			{
				"name": "bone334",
				"parent": "bone333",
				"pivot": [-4, 10.25, 1.99863],
				"rotation": [3, 0, 0],
				"cubes": [
					{"origin": [-5, 8.82274, 1.19863], "size": [2.1, 0.725, 0.725], "uv": [5, 113], "mirror": true}
				]
			},
			{
				"name": "bone335",
				"parent": "bone334",
				"pivot": [-3, 10.19774, 1.99863],
				"rotation": [0, 0, -2.9959],
				"cubes": [
					{"origin": [-3, 8.82274, 1.19763], "size": [0.775, 0.725, 0.725], "uv": [5, 113], "mirror": true}
				]
			},
			{
				"name": "bone336",
				"parent": "bone334",
				"pivot": [-5, 10.19774, 1.99863],
				"rotation": [0, 0, 2.9959],
				"cubes": [
					{"origin": [-5.8, 8.82274, 1.19963], "size": [0.9, 0.725, 0.725], "uv": [5, 113], "mirror": true}
				]
			},
			{
				"name": "bone337",
				"parent": "bone328",
				"pivot": [-4, 10.25, 0],
				"rotation": [0, 180, 0]
			},
			{
				"name": "bone338",
				"parent": "bone337",
				"pivot": [-4, 10.25, 1.99863],
				"rotation": [3, 0, 0],
				"cubes": [
					{"origin": [-5, 8.82274, 1.19863], "size": [2.1, 0.725, 0.725], "uv": [5, 113], "mirror": true}
				]
			},
			{
				"name": "bone339",
				"parent": "bone338",
				"pivot": [-3, 10.19774, 1.99863],
				"rotation": [0, 0, -2.9959],
				"cubes": [
					{"origin": [-3.075, 8.82274, 1.19763], "size": [1, 0.725, 0.725], "uv": [5, 113], "mirror": true}
				]
			},
			{
				"name": "bone340",
				"parent": "bone338",
				"pivot": [-5, 10.19774, 1.99863],
				"rotation": [0, 0, 2.9959],
				"cubes": [
					{"origin": [-5.925, 8.82274, 1.19963], "size": [1.025, 0.725, 0.725], "uv": [5, 113], "mirror": true}
				]
			},
			{
				"name": "bone341",
				"parent": "bone328",
				"pivot": [-4, 10.25, 0],
				"rotation": [0, 270, 0]
			},
			{
				"name": "bone342",
				"parent": "bone341",
				"pivot": [-4, 10.25, 1.99863],
				"rotation": [3, 0, 0],
				"cubes": [
					{"origin": [-5, 8.82274, 1.19863], "size": [2.1, 0.95, 0.725], "uv": [5, 113], "mirror": true}
				]
			},
			{
				"name": "bone343",
				"parent": "bone342",
				"pivot": [-3, 10.19774, 1.99863],
				"rotation": [0, 0, -2.9959],
				"cubes": [
					{"origin": [-3, 8.82274, 1.19763], "size": [0.775, 0.85, 0.725], "uv": [5, 113], "mirror": true}
				]
			},
			{
				"name": "bone344",
				"parent": "bone342",
				"pivot": [-5, 10.19774, 1.99863],
				"rotation": [0, 0, 2.9959],
				"cubes": [
					{"origin": [-5.75, 8.82274, 1.19963], "size": [0.85, 0.825, 0.725], "uv": [5, 113], "mirror": true}
				]
			},
			{
				"name": "bone144",
				"parent": "armRight",
				"pivot": [-6.425, 10.52274, 0.79863],
				"rotation": [0, -90, 0]
			},
			{
				"name": "bone145",
				"parent": "bone144",
				"pivot": [-8.7, 9.57274, 0.36213],
				"rotation": [21.78349, 51.85283, 29.93413],
				"cubes": [
					{"origin": [-8.95, 9.37274, 0.54963], "size": [0.675, 0.275, 0.175], "uv": [5, 114], "mirror": true},
					{"origin": [-9.125, 9.64774, 0.54963], "size": [0.85, 0.35, 0.175], "uv": [5, 114], "mirror": true},
					{"origin": [-8.75, 9.14774, 0.54963], "size": [0.475, 0.225, 0.175], "uv": [5, 114], "mirror": true}
				]
			},
			{
				"name": "bone148",
				"parent": "bone144",
				"pivot": [-6.1, 9.57274, 0.36213],
				"rotation": [21.78349, -51.85283, -29.93413],
				"cubes": [
					{"origin": [-6.525, 9.37274, 0.54963], "size": [0.675, 0.275, 0.175], "uv": [5, 114]},
					{"origin": [-6.525, 9.64774, 0.54963], "size": [0.85, 0.35, 0.175], "uv": [5, 114]},
					{"origin": [-6.525, 9.14774, 0.54963], "size": [0.475, 0.225, 0.175], "uv": [5, 114]}
				]
			},
			{
				"name": "body",
				"pivot": [0, 10.5, 0],
				"cubes": [
					{"origin": [-3, 9.324, -3], "size": [6, 8.675, 6], "uv": [22, 26]}
				]
			},
			{
				"name": "bone",
				"parent": "body",
				"pivot": [0, 10.5, 0],
				"cubes": [
					{"origin": [-3.075, 9.275, -3.325], "size": [6.15, 8.725, 6.225], "uv": [105, 9]}
				]
			},
			{
				"name": "bone125",
				"parent": "body",
				"pivot": [0.95, 16.75, -3.525],
				"rotation": [0, 42.5, 35],
				"cubes": [
					{"origin": [0.45, 15.95, -3.875], "size": [1, 1.9, 0.1], "uv": [105, 24], "mirror": true}
				]
			},
			{
				"name": "bone124",
				"parent": "body",
				"pivot": [-1.025, 16.75, -3.525],
				"rotation": [0, -42.5, -35],
				"cubes": [
					{"origin": [-1.525, 15.9, -3.975], "size": [1, 2.075, 0.1], "uv": [105, 24]}
				]
			},
			{
				"name": "bone130",
				"parent": "body",
				"pivot": [0.025, 15.55, -3.275],
				"rotation": [0, 0, -45]
			},
			{
				"name": "bone131",
				"parent": "bone130",
				"pivot": [0.875, 15.475, -3.275]
			},
			{
				"name": "bone132",
				"parent": "bone131",
				"pivot": [0.875, 15.475, -3.275],
				"rotation": [0, 0, -20],
				"cubes": [
					{"origin": [1.05, 15.275, -3.55], "size": [1.725, 0.4, 0.275], "uv": [6, 86], "mirror": true}
				]
			},
			{
				"name": "bone135",
				"parent": "bone131",
				"pivot": [0.025, 15.55, -3.275],
				"cubes": [
					{"origin": [0.325, 15.35, -3.55], "size": [0.8, 0.4, 0.275], "uv": [6, 86], "mirror": true}
				]
			},
			{
				"name": "bone136",
				"parent": "bone130",
				"pivot": [0.025, 15.55, -3.275],
				"rotation": [0, 0, 40.5],
				"cubes": [
					{"origin": [-0.275, 12.05, -3.625], "size": [0.7, 3.325, 0.35], "uv": [9, 85], "mirror": true}
				]
			},
			{
				"name": "bone137",
				"parent": "bone130",
				"pivot": [0.025, 15.55, -3.275],
				"cubes": [
					{"origin": [-0.475, 15.05, -3.775], "size": [1, 1, 0.5], "uv": [6, 86], "mirror": true}
				]
			},
			{
				"name": "bone126",
				"parent": "body",
				"pivot": [-0.025, 15.55, -3.275],
				"rotation": [0, 0, 45]
			},
			{
				"name": "bone129",
				"parent": "bone126",
				"pivot": [-0.875, 15.475, -3.275]
			},
			{
				"name": "bone128",
				"parent": "bone129",
				"pivot": [-0.875, 15.475, -3.275],
				"rotation": [0, 0, 20],
				"cubes": [
					{"origin": [-2.775, 15.275, -3.55], "size": [1.725, 0.4, 0.275], "uv": [6, 86]}
				]
			},
			{
				"name": "bone127",
				"parent": "bone129",
				"pivot": [-0.025, 15.55, -3.275],
				"cubes": [
					{"origin": [-1.125, 15.35, -3.55], "size": [0.8, 0.4, 0.275], "uv": [6, 86]}
				]
			},
			{
				"name": "bone139",
				"parent": "bone126",
				"pivot": [2.275, 13.1375, -3.45],
				"rotation": [0, 0, -162.25],
				"cubes": [
					{"origin": [1.5, 13.1, -3.625], "size": [0.95, 0.625, 0.35], "uv": [9, 85]}
				]
			},
			{
				"name": "bone140",
				"parent": "bone126",
				"pivot": [2.975, 12.6, -3.45],
				"rotation": [0, 0, -90.5],
				"cubes": [
					{"origin": [2.725, 12.35, -3.625], "size": [0.5, 0.5, 0.35], "uv": [9, 85]}
				]
			},
			{
				"name": "bone138",
				"parent": "bone126",
				"pivot": [2.7, 13.1875, -3.45],
				"rotation": [0, 0, -108],
				"cubes": [
					{"origin": [2.1, 12.825, -3.625], "size": [0.95, 0.625, 0.35], "uv": [9, 85]}
				]
			},
			{
				"name": "bone134",
				"parent": "bone126",
				"pivot": [-0.025, 15.55, -3.275],
				"rotation": [0, 0, -40.5],
				"cubes": [
					{"origin": [-0.425, 12.05, -3.625], "size": [0.7, 3.325, 0.35], "uv": [9, 85]}
				]
			},
			{
				"name": "bone151",
				"parent": "body",
				"pivot": [0.675, 9.65, -3.45],
				"rotation": [-10, 0, -20],
				"cubes": [
					{"origin": [0.175, 8, -3.4], "size": [2.75, 2.15, 0.025], "uv": [109, 23], "mirror": true}
				]
			},
			{
				"name": "bone149",
				"parent": "body",
				"pivot": [-0.5, 9.775, -3.45],
				"rotation": [-10, 0, 20],
				"cubes": [
					{"origin": [-2.75, 8.125, -3.375], "size": [2.75, 2.15, 0.025], "uv": [109, 23]}
				]
			},
			{
				"name": "bone70",
				"parent": "body",
				"pivot": [0, 9.5, 0]
			},
			{
				"name": "bone71",
				"parent": "bone70",
				"pivot": [0, 9.5, 0]
			},
			{
				"name": "bone72",
				"parent": "bone71",
				"pivot": [0, 9.5, 3.27051],
				"rotation": [2.5, 0, 0],
				"cubes": [
					{"origin": [-2.5, 13.86605, 3.22304], "size": [5, 4, 0.375], "uv": [2, 95]}
				]
			},
			{
				"name": "bone73",
				"parent": "bone72",
				"pivot": [-2.5, 9.15782, 3.27051],
				"rotation": [0, 0, 9.85108],
				"cubes": [
					{"origin": [-4.78834, 13.82611, 3.22204], "size": [2.5, 4, 0.375], "uv": [2, 95]}
				]
			},
			{
				"name": "bone74",
				"parent": "bone72",
				"pivot": [2.5, 9.15782, 3.27051],
				"rotation": [0, 0, -4.85108],
				"cubes": [
					{"origin": [1.33834, 13.82611, 3.22404], "size": [2.5, 4, 0.375], "uv": [2, 95]}
				]
			},
			{
				"name": "bone75",
				"parent": "bone70",
				"pivot": [0, 9.5, 0],
				"rotation": [0, -90, 0]
			},
			{
				"name": "bone79",
				"parent": "bone70",
				"pivot": [0, 11.35, 1.375],
				"rotation": [170, 0, 180]
			},
			{
				"name": "bone80",
				"parent": "bone79",
				"pivot": [0, 11.35, 5.84551],
				"rotation": [10, 0, 0]
			},
			{
				"name": "bone81",
				"parent": "bone80",
				"pivot": [-2.5, 11.00782, 5.84551],
				"rotation": [0, 0, 9.85108]
			},
			{
				"name": "bone82",
				"parent": "bone80",
				"pivot": [2.5, 11.00782, 5.84551],
				"rotation": [0, 0, -9.85108]
			},
			{
				"name": "bone76",
				"parent": "bone70",
				"pivot": [0.35, 9.5, 0],
				"rotation": [0, -90, -5]
			},
			{
				"name": "bone77",
				"parent": "bone76",
				"pivot": [0.35, 9.5, 4.27051],
				"rotation": [7.5, 0, 0],
				"cubes": [
					{"origin": [-1, 14.04105, 3.72304], "size": [3.15, 4.1, 0.375], "uv": [2, 95], "mirror": true}
				]
			},
			{
				"name": "bone78",
				"parent": "bone77",
				"pivot": [2.425, 9.53282, 4.27051],
				"rotation": [0, 0, -4.10108],
				"cubes": [
					{"origin": [2.23834, 14.00111, 3.72204], "size": [2, 4.2, 0.375], "uv": [2, 95], "mirror": true}
				]
			},
			{
				"name": "bone87",
				"parent": "bone77",
				"pivot": [-1.775, 9.50782, 4.27051],
				"rotation": [0, 0, 4.85108],
				"cubes": [
					{"origin": [-3.58834, 14.17611, 3.72404], "size": [2.5, 4, 0.375], "uv": [2, 95], "mirror": true}
				]
			},
			{
				"name": "bone83",
				"parent": "bone70",
				"pivot": [-0.35, 9.5, 0],
				"rotation": [0, 90, 5]
			},
			{
				"name": "bone84",
				"parent": "bone83",
				"pivot": [-0.35, 9.5, 4.27051],
				"rotation": [7.5, 0, 0],
				"cubes": [
					{"origin": [-2.15, 14.04105, 3.72304], "size": [3.15, 4.1, 0.375], "uv": [2, 95]}
				]
			},
			{
				"name": "bone85",
				"parent": "bone84",
				"pivot": [-2.425, 9.53282, 4.27051],
				"rotation": [0, 0, 4.10108],
				"cubes": [
					{"origin": [-4.23834, 14.00111, 3.72204], "size": [2, 4.2, 0.375], "uv": [2, 95]}
				]
			},
			{
				"name": "bone86",
				"parent": "bone84",
				"pivot": [1.775, 9.50782, 4.27051],
				"rotation": [0, 0, -4.85108],
				"cubes": [
					{"origin": [1.08834, 14.17611, 3.72404], "size": [2.5, 4, 0.375], "uv": [2, 95]}
				]
			},
			{
				"name": "bone53",
				"parent": "body",
				"pivot": [0, 9.5, 0]
			},
			{
				"name": "bone54",
				"parent": "bone53",
				"pivot": [0, 9.5, 0]
			},
			{
				"name": "bone55",
				"parent": "bone54",
				"pivot": [0, 9.5, 4.47051],
				"rotation": [10, 0, 0],
				"cubes": [
					{"origin": [-2.5, 11.15782, 3.94551], "size": [5, 4, 0.375], "uv": [2, 95]}
				]
			},
			{
				"name": "bone56",
				"parent": "bone55",
				"pivot": [-2.5, 9.15782, 4.47051],
				"rotation": [0, 0, 9.85108],
				"cubes": [
					{"origin": [-4.325, 11.15782, 3.94451], "size": [2.5, 4, 0.375], "uv": [2, 95]}
				]
			},
			{
				"name": "bone57",
				"parent": "bone55",
				"pivot": [2.5, 9.15782, 4.47051],
				"rotation": [0, 0, -9.85108],
				"cubes": [
					{"origin": [1.85, 11.15782, 3.94651], "size": [2.5, 4, 0.375], "uv": [2, 95]}
				]
			},
			{
				"name": "bone58",
				"parent": "bone53",
				"pivot": [0, 9.5, 0],
				"rotation": [0, -90, 0]
			},
			{
				"name": "bone59",
				"parent": "bone58",
				"pivot": [0, 9.5, 4.47051],
				"rotation": [10, 0, 0],
				"cubes": [
					{"origin": [-2.5, 11.15782, 3.94551], "size": [5, 4, 0.375], "uv": [2, 95]}
				]
			},
			{
				"name": "bone60",
				"parent": "bone59",
				"pivot": [-2.5, 9.15782, 4.47051],
				"rotation": [0, 0, 9.85108],
				"cubes": [
					{"origin": [-4.325, 11.15782, 3.94451], "size": [2.5, 4, 0.375], "uv": [2, 95]}
				]
			},
			{
				"name": "bone61",
				"parent": "bone59",
				"pivot": [2.5, 9.15782, 4.47051],
				"rotation": [0, 0, -9.85108],
				"cubes": [
					{"origin": [1.825, 11.15782, 3.94651], "size": [2.5, 4, 0.375], "uv": [2, 95]}
				]
			},
			{
				"name": "bone62",
				"parent": "bone53",
				"pivot": [0, 9.5, 0],
				"rotation": [0, -180, 0]
			},
			{
				"name": "bone63",
				"parent": "bone62",
				"pivot": [0, 9.5, 4.47051],
				"rotation": [10, 0, 0]
			},
			{
				"name": "bone97",
				"parent": "bone63",
				"pivot": [-1.6125, 14.07032, 4.80901]
			},
			{
				"name": "bone64",
				"parent": "bone97",
				"pivot": [-1.6125, 14.07032, 4.80901],
				"rotation": [-20.65862, 32.7945, -40.33798],
				"cubes": [
					{"origin": [-1.8, 13.58282, 4.62151], "size": [0.65, 2.55, 0.325], "uv": [2, 95], "mirror": true}
				]
			},
			{
				"name": "bone101",
				"parent": "bone97",
				"pivot": [-1.7375, 16.97032, 4.68401]
			},
			{
				"name": "bone100",
				"parent": "bone101",
				"pivot": [-1.7375, 16.97032, 4.68401],
				"rotation": [-18.16419, 34.12469, -35.81568],
				"cubes": [
					{"origin": [-2.55, 16.33282, 4.49651], "size": [0.45, 1.475, 0.325], "uv": [2, 95], "mirror": true},
					{"origin": [-2.925, 17.15782, 4.49651], "size": [0.5, 0.65, 0.325], "uv": [2, 95], "mirror": true}
				]
			},
			{
				"name": "bone99",
				"parent": "bone101",
				"pivot": [-1.7375, 16.97032, 4.68401],
				"rotation": [-32.64954, 20.90405, -66.38345],
				"cubes": [
					{"origin": [-2.725, 16.63282, 4.49651], "size": [0.375, 1.65, 0.325], "uv": [2, 95], "mirror": true}
				]
			},
			{
				"name": "bone96",
				"parent": "bone97",
				"pivot": [-1.6125, 14.07032, 4.80901],
				"rotation": [-9.42205, 37.12482, -20.86838],
				"cubes": [
					{"origin": [-1.65, 13.55782, 4.62151], "size": [0.625, 2.625, 0.325], "uv": [2, 95], "mirror": true},
					{"origin": [-1.75, 15.85782, 4.62151], "size": [0.1, 0.325, 0.325], "uv": [2, 95], "mirror": true}
				]
			},
			{
				"name": "bone89",
				"parent": "bone63",
				"pivot": [-2.8625, 15.53282, 4.25901],
				"rotation": [-7.5, 0, 2.35108],
				"cubes": [
					{"origin": [-3.45, 14.15782, 4.27151], "size": [1.175, 3.475, 0.375], "uv": [2, 95], "mirror": true}
				]
			},
			{
				"name": "bone88",
				"parent": "bone63",
				"pivot": [-2.625, 14.53282, 4.30901],
				"rotation": [-7.5, 0, -15.14892],
				"cubes": [
					{"origin": [-2.55, 13.15782, 4.12151], "size": [1.175, 4.225, 0.375], "uv": [2, 95], "mirror": true},
					{"origin": [-3.4, 13.15782, 4.12151], "size": [0.85, 1.775, 0.375], "uv": [2, 95], "mirror": true}
				]
			},
			{
				"name": "bone98",
				"parent": "bone63",
				"pivot": [-1.4875, 12.53282, 4.53401],
				"rotation": [0, 36, 9.85108],
				"cubes": [
					{"origin": [-1.725, 6.73282, 4.34651], "size": [0.525, 7.1, 0.325], "uv": [2, 95], "mirror": true}
				]
			},
			{
				"name": "bone65",
				"parent": "bone63",
				"pivot": [-2.5, 9.15782, 4.47051],
				"rotation": [0, 0, 9.85108],
				"cubes": [
					{"origin": [-4.35, 11.15782, 3.97151], "size": [2.5, 2.75, 0.375], "uv": [2, 95], "mirror": true}
				]
			},
			{
				"name": "bone91",
				"parent": "bone62",
				"pivot": [0, 9.5, 4.47051],
				"rotation": [10, 0, 0]
			},
			{
				"name": "bone92",
				"parent": "bone91",
				"pivot": [1.6125, 14.07032, 4.80901]
			},
			{
				"name": "bone93",
				"parent": "bone92",
				"pivot": [1.6125, 14.07032, 4.80901],
				"rotation": [-20.65862, -32.7945, 40.33798],
				"cubes": [
					{"origin": [1.15, 13.58282, 4.62151], "size": [0.65, 2.55, 0.325], "uv": [2, 95]}
				]
			},
			{
				"name": "bone94",
				"parent": "bone92",
				"pivot": [1.7375, 16.97032, 4.68401]
			},
			{
				"name": "bone95",
				"parent": "bone94",
				"pivot": [1.7375, 16.97032, 4.68401],
				"rotation": [-18.16419, -34.12469, 35.81568],
				"cubes": [
					{"origin": [2.1, 16.33282, 4.49651], "size": [0.45, 1.475, 0.325], "uv": [2, 95]},
					{"origin": [2.425, 17.15782, 4.49651], "size": [0.5, 0.65, 0.325], "uv": [2, 95]}
				]
			},
			{
				"name": "bone102",
				"parent": "bone94",
				"pivot": [1.7375, 16.97032, 4.68401],
				"rotation": [-32.64954, -20.90405, 66.38345],
				"cubes": [
					{"origin": [2.35, 16.63282, 4.49651], "size": [0.375, 1.65, 0.325], "uv": [2, 95]}
				]
			},
			{
				"name": "bone103",
				"parent": "bone92",
				"pivot": [1.6125, 14.07032, 4.80901],
				"rotation": [-9.42205, -37.12482, 20.86838],
				"cubes": [
					{"origin": [1.025, 13.55782, 4.62151], "size": [0.625, 2.625, 0.325], "uv": [2, 95]},
					{"origin": [1.65, 15.85782, 4.62151], "size": [0.1, 0.325, 0.325], "uv": [2, 95]}
				]
			},
			{
				"name": "bone104",
				"parent": "bone91",
				"pivot": [2.8625, 15.53282, 4.25901],
				"rotation": [-7.5, 0, -2.35108],
				"cubes": [
					{"origin": [2.275, 14.15782, 4.27151], "size": [1.175, 3.475, 0.375], "uv": [2, 95]}
				]
			},
			{
				"name": "bone105",
				"parent": "bone91",
				"pivot": [2.625, 14.53282, 4.30901],
				"rotation": [-7.5, 0, 15.14892],
				"cubes": [
					{"origin": [1.375, 13.15782, 4.12151], "size": [1.175, 4.225, 0.375], "uv": [2, 95]},
					{"origin": [2.55, 13.15782, 4.12151], "size": [0.85, 1.775, 0.375], "uv": [2, 95]}
				]
			},
			{
				"name": "bone106",
				"parent": "bone91",
				"pivot": [1.4875, 12.53282, 4.53401],
				"rotation": [0, -36, -9.85108],
				"cubes": [
					{"origin": [1.2, 6.73282, 4.34651], "size": [0.525, 7.1, 0.325], "uv": [2, 95]}
				]
			},
			{
				"name": "bone107",
				"parent": "bone91",
				"pivot": [2.5, 9.15782, 4.47051],
				"rotation": [0, 0, -9.85108],
				"cubes": [
					{"origin": [1.85, 11.15782, 3.97151], "size": [2.5, 2.75, 0.375], "uv": [2, 95]}
				]
			},
			{
				"name": "bone66",
				"parent": "bone53",
				"pivot": [0, 9.5, 0],
				"rotation": [0, -270, 0]
			},
			{
				"name": "bone67",
				"parent": "bone66",
				"pivot": [0, 9.5, 4.47051],
				"rotation": [10, 0, 0],
				"cubes": [
					{"origin": [-2.5, 11.15782, 3.94551], "size": [5, 2.6, 0.375], "uv": [2, 95]}
				]
			},
			{
				"name": "bone68",
				"parent": "bone67",
				"pivot": [-2.5, 9.15782, 4.47051],
				"rotation": [0, 0, 9.85108],
				"cubes": [
					{"origin": [-4.35, 11.15782, 3.94451], "size": [2.5, 2.6, 0.375], "uv": [2, 95]}
				]
			},
			{
				"name": "bone69",
				"parent": "bone67",
				"pivot": [2.5, 9.15782, 4.47051],
				"rotation": [0, 0, -9.85108],
				"cubes": [
					{"origin": [1.825, 11.15782, 3.94651], "size": [2.5, 2.8, 0.375], "uv": [2, 95]}
				]
			},
			{
				"name": "bone19",
				"parent": "body",
				"pivot": [0, 5.5, 0]
			},
			{
				"name": "bone20",
				"parent": "bone19",
				"pivot": [0, 5.5, 0]
			},
			{
				"name": "bone21",
				"parent": "bone20",
				"pivot": [0, 5.5, 4.47051],
				"rotation": [10, 0, 0],
				"cubes": [
					{"origin": [-2.5, 7.15782, 4.69551], "size": [5, 4, 0.35], "uv": [2, 95]}
				]
			},
			{
				"name": "bone22",
				"parent": "bone21",
				"pivot": [-2.5, 5.15782, 4.47051],
				"rotation": [0, 0, 9.85108],
				"cubes": [
					{"origin": [-5, 7.15782, 4.69451], "size": [2.5, 4, 0.35], "uv": [2, 95]}
				]
			},
			{
				"name": "bone23",
				"parent": "bone21",
				"pivot": [2.5, 5.15782, 4.47051],
				"rotation": [0, 0, -9.85108],
				"cubes": [
					{"origin": [2.5, 7.15782, 4.69651], "size": [2.5, 4, 0.35], "uv": [2, 95]}
				]
			},
			{
				"name": "bone24",
				"parent": "bone19",
				"pivot": [0, 5.5, 0],
				"rotation": [0, -90, 0]
			},
			{
				"name": "bone25",
				"parent": "bone24",
				"pivot": [0, 5.5, 4.47051],
				"rotation": [10, 0, 0],
				"cubes": [
					{"origin": [-2.5, 6.90782, 4.69551], "size": [5, 4.25, 0.35], "uv": [2, 95]}
				]
			},
			{
				"name": "bone26",
				"parent": "bone25",
				"pivot": [-2.5, 5.15782, 4.47051],
				"rotation": [0, 0, 9.85108],
				"cubes": [
					{"origin": [-5, 6.65782, 4.69451], "size": [2.5, 4.5, 0.35], "uv": [2, 95]}
				]
			},
			{
				"name": "bone27",
				"parent": "bone25",
				"pivot": [2.5, 5.15782, 4.47051],
				"rotation": [0, 0, -9.85108],
				"cubes": [
					{"origin": [2.5, 7.15782, 4.69651], "size": [2.5, 4, 0.35], "uv": [2, 95]}
				]
			},
			{
				"name": "bone28",
				"parent": "bone19",
				"pivot": [0, 5.5, 0],
				"rotation": [0, -180, 0]
			},
			{
				"name": "bone29",
				"parent": "bone28",
				"pivot": [0, 5.5, 4.47051],
				"rotation": [10, 0, 0]
			},
			{
				"name": "bone30",
				"parent": "bone29",
				"pivot": [-2.5, 5.15782, 4.47051],
				"rotation": [0, 0, 9.85108],
				"cubes": [
					{"origin": [-5, 6.65782, 4.69451], "size": [2.5, 4.5, 0.35], "uv": [2, 95]},
					{"origin": [-4.4, 7.25782, 4.69451], "size": [0.7, 2.7, 0.45], "uv": [5, 112]}
				]
			},
			{
				"name": "bone31",
				"parent": "bone29",
				"pivot": [2.5, 5.15782, 4.47051],
				"rotation": [0, 0, -9.85108],
				"cubes": [
					{"origin": [2.5, 6.65782, 4.69651], "size": [2.5, 4.5, 0.35], "uv": [2, 95]},
					{"origin": [3.7, 7.25782, 4.69451], "size": [0.7, 2.7, 0.45], "uv": [5, 112], "mirror": true}
				]
			},
			{
				"name": "bone32",
				"parent": "bone19",
				"pivot": [0, 5.5, 0],
				"rotation": [0, -270, 0]
			},
			{
				"name": "bone33",
				"parent": "bone32",
				"pivot": [0, 5.5, 4.47051],
				"rotation": [10, 0, 0],
				"cubes": [
					{"origin": [-2.5, 6.90782, 4.69551], "size": [5, 4.25, 0.35], "uv": [2, 95]}
				]
			},
			{
				"name": "bone34",
				"parent": "bone33",
				"pivot": [-2.5, 5.15782, 4.47051],
				"rotation": [0, 0, 9.85108],
				"cubes": [
					{"origin": [-5, 7.15782, 4.69451], "size": [2.5, 4, 0.35], "uv": [2, 95]}
				]
			},
			{
				"name": "bone35",
				"parent": "bone33",
				"pivot": [2.5, 5.15782, 4.47051],
				"rotation": [0, 0, -9.85108],
				"cubes": [
					{"origin": [2.5, 6.65782, 4.69651], "size": [2.5, 4.5, 0.35], "uv": [2, 95]}
				]
			},
			{
				"name": "bone351",
				"parent": "body",
				"pivot": [-1.175, 16, 4.5]
			},
			{
				"name": "bone352",
				"parent": "bone351",
				"pivot": [-2.725, 16, 4.65],
				"rotation": [-11.24911, -46.98386, -6.14737],
				"cubes": [
					{"origin": [-3.675, 14.275, 3.35], "size": [1.35, 3, 1], "uv": [5, 98], "mirror": true}
				]
			},
			{
				"name": "bone353",
				"parent": "bone351",
				"pivot": [-1.175, 16, 4.5],
				"rotation": [-16.47216, -23.02013, -0.16043],
				"cubes": [
					{"origin": [-2.175, 14.125, 4], "size": [1.675, 3.375, 1], "uv": [5, 98], "mirror": true}
				]
			},
			{
				"name": "bone354",
				"parent": "bone351",
				"pivot": [0.45, 16, 4.6],
				"rotation": [-17.5, 0, 0],
				"cubes": [
					{"origin": [-0.875, 13.95, 4.1], "size": [1.425, 3.55, 1], "uv": [5, 98]}
				]
			},
			{
				"name": "bone174",
				"parent": "body",
				"pivot": [1.175, 16, 4.5]
			},
			{
				"name": "bone173",
				"parent": "bone174",
				"pivot": [2.725, 16, 4.65],
				"rotation": [-11.24911, 46.98386, 6.14737],
				"cubes": [
					{"origin": [2.325, 14.275, 3.35], "size": [1.35, 3, 1], "uv": [5, 98]}
				]
			},
			{
				"name": "bone361",
				"parent": "bone174",
				"pivot": [-0.95, 10.5, 0.1]
			},
			{
				"name": "bone359",
				"parent": "bone361",
				"pivot": [-0.95, 16, 4.6],
				"rotation": [-0.64825, -28.03631, -35.87522],
				"cubes": [
					{"origin": [-1.575, 16.75, 5.05], "size": [0.225, 1.225, 0.2], "uv": [10, 98], "mirror": true}
				]
			},
			{
				"name": "bone357",
				"parent": "bone361",
				"pivot": [-0.95, 16, 4.6],
				"rotation": [-26.39741, -9.82544, 33.77259],
				"cubes": [
					{"origin": [-1.175, 15.7, 5.05], "size": [0.225, 0.525, 0.2], "uv": [10, 98], "mirror": true}
				]
			},
			{
				"name": "bone358",
				"parent": "bone361",
				"pivot": [-0.95, 16, 4.6],
				"rotation": [-7.23256, 27.16791, 127.21315],
				"cubes": [
					{"origin": [-0.775, 15.075, 5.05], "size": [0.225, 0.925, 0.2], "uv": [10, 98], "mirror": true}
				]
			},
			{
				"name": "bone356",
				"parent": "bone361",
				"pivot": [-0.95, 16, 4.6],
				"rotation": [-16.47216, -23.02013, -0.16043],
				"cubes": [
					{"origin": [-1.05, 16.175, 5.05], "size": [0.225, 1.375, 0.2], "uv": [10, 98], "mirror": true}
				]
			},
			{
				"name": "bone360",
				"parent": "bone361",
				"pivot": [-1.175, 16, 4.6],
				"rotation": [0.68328, -28.03554, -38.70765],
				"cubes": [
					{"origin": [-1.425, 15.975, 5.05], "size": [0.45, 1.55, 0.05], "uv": [108, 22], "mirror": true}
				]
			},
			{
				"name": "bone355",
				"parent": "bone361",
				"pivot": [-1.175, 16, 4.6],
				"rotation": [-16.47216, -23.02013, -0.16043],
				"cubes": [
					{"origin": [-1.7, 16.1, 5.05], "size": [0.65, 1.4, 0.05], "uv": [108, 22], "mirror": true},
					{"origin": [-2.35, 17.075, 5.05], "size": [1.3, 0.425, 0.05], "uv": [108, 22], "mirror": true}
				]
			},
			{
				"name": "bone362",
				"parent": "bone361",
				"pivot": [0.95, 10.5, 0.1]
			},
			{
				"name": "bone363",
				"parent": "bone362",
				"pivot": [0.95, 16, 4.6],
				"rotation": [-0.64825, 28.03631, 35.87522],
				"cubes": [
					{"origin": [1.35, 16.75, 5.05], "size": [0.225, 1.225, 0.2], "uv": [10, 98]}
				]
			},
			{
				"name": "bone364",
				"parent": "bone362",
				"pivot": [0.95, 16, 4.6],
				"rotation": [-26.39741, 9.82544, -33.77259],
				"cubes": [
					{"origin": [0.95, 15.7, 5.05], "size": [0.225, 0.525, 0.2], "uv": [10, 98]}
				]
			},
			{
				"name": "bone365",
				"parent": "bone362",
				"pivot": [0.95, 16, 4.6],
				"rotation": [-7.23256, -27.16791, -127.21315],
				"cubes": [
					{"origin": [0.55, 15.075, 5.05], "size": [0.225, 0.925, 0.2], "uv": [10, 98]}
				]
			},
			{
				"name": "bone366",
				"parent": "bone362",
				"pivot": [0.95, 16, 4.6],
				"rotation": [-16.47216, 23.02013, 0.16043],
				"cubes": [
					{"origin": [0.825, 16.175, 5.05], "size": [0.225, 1.375, 0.2], "uv": [10, 98]}
				]
			},
			{
				"name": "bone367",
				"parent": "bone362",
				"pivot": [1.175, 16, 4.6],
				"rotation": [0.68328, 28.03554, 38.70765],
				"cubes": [
					{"origin": [0.975, 15.975, 5.05], "size": [0.45, 1.55, 0.05], "uv": [108, 22]}
				]
			},
			{
				"name": "bone392",
				"parent": "bone362",
				"pivot": [1.175, 16, 4.6],
				"rotation": [-16.47216, 23.02013, 0.16043],
				"cubes": [
					{"origin": [1.05, 16.1, 5.05], "size": [0.65, 1.4, 0.05], "uv": [108, 22]},
					{"origin": [1.05, 17.075, 5.05], "size": [1.3, 0.425, 0.05], "uv": [108, 22]}
				]
			},
			{
				"name": "bone172",
				"parent": "bone174",
				"pivot": [1.175, 16, 4.5],
				"rotation": [-16.47216, 23.02013, 0.16043],
				"cubes": [
					{"origin": [0.5, 14.125, 4], "size": [1.675, 3.375, 1], "uv": [5, 98]}
				]
			},
			{
				"name": "bone175",
				"parent": "bone174",
				"pivot": [-0.45, 16, 4.6],
				"rotation": [-17.5, 0, 0],
				"cubes": [
					{"origin": [-0.55, 13.95, 4.1], "size": [1.425, 3.55, 1], "uv": [5, 98], "mirror": true}
				]
			},
			{
				"name": "legLeft",
				"pivot": [2, 9, 0],
				"cubes": [
					{"origin": [0.249, 0, -1.5], "size": [3, 9, 3], "uv": [0, 44]}
				]
			},
			{
				"name": "bone142",
				"parent": "legLeft",
				"pivot": [-2, 9, 0],
				"cubes": [
					{"origin": [0.224, 1.15, -1.55], "size": [3.05, 0.225, 3.1], "uv": [105, 23], "mirror": true},
					{"origin": [0.224, 0.75, -1.55], "size": [3.05, 0.225, 3.1], "uv": [105, 23], "mirror": true},
					{"origin": [0.224, 1.275, -1.55], "size": [3.05, 0.575, 3.1], "uv": [105, 23], "mirror": true},
					{"origin": [0.199, 0.875, -1.575], "size": [3.1, 0.375, 3.15], "uv": [105, 23], "mirror": true},
					{"origin": [0.199, 1.3, -1.575], "size": [3.1, 0.375, 3.15], "uv": [105, 23], "mirror": true},
					{"origin": [0.199, 0.75, -1.6], "size": [3.1, 0.05, 3.125], "uv": [63, 121], "mirror": true},
					{"origin": [0.199, -0.025, -1.9], "size": [3.1, 0.775, 3.425], "uv": [63, 121], "mirror": true}
				]
			},
			{
				"name": "legRight",
				"pivot": [-2, 9, 0],
				"cubes": [
					{"origin": [-3.249, 0, -1.5], "size": [3, 9, 3], "uv": [34, 41]}
				]
			},
			{
				"name": "bone141",
				"parent": "legRight",
				"pivot": [-2, 9, 0],
				"cubes": [
					{"origin": [-3.274, 1.15, -1.55], "size": [3.05, 0.225, 3.1], "uv": [105, 23]},
					{"origin": [-3.274, 0.75, -1.55], "size": [3.05, 0.225, 3.1], "uv": [105, 23]},
					{"origin": [-3.274, 1.275, -1.55], "size": [3.05, 0.575, 3.1], "uv": [105, 23]},
					{"origin": [-3.299, 0.875, -1.575], "size": [3.1, 0.375, 3.15], "uv": [105, 23]},
					{"origin": [-3.299, 1.3, -1.575], "size": [3.1, 0.375, 3.15], "uv": [105, 23]},
					{"origin": [-3.299, 0.75, -1.6], "size": [3.1, 0.05, 3.125], "uv": [63, 121]},
					{"origin": [-3.299, -0.025, -1.9], "size": [3.1, 0.775, 3.425], "uv": [63, 121]}
				]
			},
			{
				"name": "sittingRotationSkirt",
				"pivot": [0, 9.7, 0]
			},
			{
				"name": "bone90",
				"parent": "sittingRotationSkirt",
				"pivot": [0, 4.6, 0]
			},
			{
				"name": "bone108",
				"parent": "bone90",
				"pivot": [0, 4.6, 0]
			},
			{
				"name": "bone109",
				"parent": "bone108",
				"pivot": [0, 4.6, 4.47051],
				"rotation": [10, 0, 0],
				"cubes": [
					{"origin": [-2.5, 9.80782, 4.12051], "size": [5, 0.45, 0.175], "uv": [1, 95]}
				]
			},
			{
				"name": "bone110",
				"parent": "bone109",
				"pivot": [-2.5, 4.25782, 4.47051],
				"rotation": [0, 0, 9.85108],
				"cubes": [
					{"origin": [-4.175, 9.80782, 4.11951], "size": [1.675, 0.45, 0.175], "uv": [1, 95]}
				]
			},
			{
				"name": "bone111",
				"parent": "bone109",
				"pivot": [2.5, 4.25782, 4.47051],
				"rotation": [0, 0, -9.85108],
				"cubes": [
					{"origin": [2.5, 9.70782, 4.12151], "size": [1.7, 0.55, 0.175], "uv": [1, 95]}
				]
			},
			{
				"name": "bone112",
				"parent": "bone90",
				"pivot": [0, 4.6, 0],
				"rotation": [0, -90, 0]
			},
			{
				"name": "bone113",
				"parent": "bone112",
				"pivot": [0, 4.6, 4.47051],
				"rotation": [10, 0, 0],
				"cubes": [
					{"origin": [-2.5, 9.80782, 4.12051], "size": [5, 0.45, 0.175], "uv": [1, 95]}
				]
			},
			{
				"name": "bone114",
				"parent": "bone113",
				"pivot": [-2.5, 4.25782, 4.47051],
				"rotation": [0, 0, 9.85108],
				"cubes": [
					{"origin": [-4.175, 9.80782, 4.11951], "size": [1.675, 0.45, 0.175], "uv": [1, 95]}
				]
			},
			{
				"name": "bone115",
				"parent": "bone113",
				"pivot": [2.5, 4.25782, 4.47051],
				"rotation": [0, 0, -9.85108],
				"cubes": [
					{"origin": [2.5, 9.80782, 4.12151], "size": [1.65, 0.45, 0.175], "uv": [1, 95]}
				]
			},
			{
				"name": "bone116",
				"parent": "bone90",
				"pivot": [0, 4.6, 0],
				"rotation": [0, -180, 0]
			},
			{
				"name": "bone117",
				"parent": "bone116",
				"pivot": [0, 4.6, 4.47051],
				"rotation": [10, 0, 0],
				"cubes": [
					{"origin": [-0.975, 9.43282, 4.09551], "size": [0.875, 0.525, 0.125], "uv": [1, 95]}
				]
			},
			{
				"name": "bone118",
				"parent": "bone117",
				"pivot": [-2.5, 4.25782, 4.47051],
				"rotation": [0, 0, 9.85108],
				"cubes": [
					{"origin": [-4.175, 9.63282, 4.11951], "size": [2.425, 0.525, 0.175], "uv": [1, 95]}
				]
			},
			{
				"name": "bone119",
				"parent": "bone117",
				"pivot": [2.5, 4.25782, 4.47051],
				"rotation": [0, 0, -9.85108],
				"cubes": [
					{"origin": [0.7, 9.80782, 4.12151], "size": [3.45, 0.5, 0.1], "uv": [1, 95]}
				]
			},
			{
				"name": "bone120",
				"parent": "bone90",
				"pivot": [0, 4.6, 0],
				"rotation": [0, -270, 0]
			},
			{
				"name": "bone121",
				"parent": "bone120",
				"pivot": [0, 4.6, 4.47051],
				"rotation": [10, 0, 0],
				"cubes": [
					{"origin": [-2.5, 9.63282, 4.12051], "size": [5, 0.625, 0.175], "uv": [1, 95]}
				]
			},
			{
				"name": "bone122",
				"parent": "bone121",
				"pivot": [-2.5, 4.25782, 4.47051],
				"rotation": [0, 0, 9.85108],
				"cubes": [
					{"origin": [-4.125, 9.68282, 4.11951], "size": [1.625, 0.575, 0.175], "uv": [1, 95]}
				]
			},
			{
				"name": "bone123",
				"parent": "bone121",
				"pivot": [2.5, 4.25782, 4.47051],
				"rotation": [0, 0, -9.85108],
				"cubes": [
					{"origin": [2.5, 9.65782, 4.12151], "size": [1.65, 0.6, 0.175], "uv": [1, 95]}
				]
			},
			{
				"name": "bone36",
				"parent": "sittingRotationSkirt",
				"pivot": [0, 4.15, 0]
			},
			{
				"name": "bone37",
				"parent": "bone36",
				"pivot": [0, 4.15, 0]
			},
			{
				"name": "bone38",
				"parent": "bone37",
				"pivot": [0, 4.15, 4.47051],
				"rotation": [10, 0, 0],
				"cubes": [
					{"origin": [-2.5, 3.80782, 4.07051], "size": [5, 6, 0.05], "uv": [110, 4]}
				]
			},
			{
				"name": "bone39",
				"parent": "bone38",
				"pivot": [-2.5, 3.80782, 4.47051],
				"rotation": [0, 0, 9.85108],
				"cubes": [
					{"origin": [-4.175, 3.80782, 4.06951], "size": [1.675, 6, 0.05], "uv": [109, 6]}
				]
			},
			{
				"name": "bone40",
				"parent": "bone38",
				"pivot": [2.5, 3.80782, 4.47051],
				"rotation": [0, 0, -9.85108],
				"cubes": [
					{"origin": [2.5, 3.70782, 4.07151], "size": [1.7, 6.1, 0.05], "uv": [109, 7]}
				]
			},
			{
				"name": "bone41",
				"parent": "bone36",
				"pivot": [0, 4.15, 0],
				"rotation": [0, -90, 0]
			},
			{
				"name": "bone42",
				"parent": "bone41",
				"pivot": [0, 4.15, 4.47051],
				"rotation": [10, 0, 0],
				"cubes": [
					{"origin": [-2.5, 3.80782, 4.07051], "size": [5, 6, 0.05], "uv": [109, 3]}
				]
			},
			{
				"name": "bone43",
				"parent": "bone42",
				"pivot": [-2.5, 3.80782, 4.47051],
				"rotation": [0, 0, 9.85108],
				"cubes": [
					{"origin": [-4.175, 3.80782, 4.06951], "size": [1.675, 6, 0.05], "uv": [110, 7]}
				]
			},
			{
				"name": "bone44",
				"parent": "bone42",
				"pivot": [2.5, 3.80782, 4.47051],
				"rotation": [0, 0, -9.85108],
				"cubes": [
					{"origin": [2.5, 3.80782, 4.07151], "size": [1.65, 6, 0.05], "uv": [108, 7]}
				]
			},
			{
				"name": "bone45",
				"parent": "bone36",
				"pivot": [0, 4.15, 0],
				"rotation": [0, -180, 0]
			},
			{
				"name": "bone46",
				"parent": "bone45",
				"pivot": [0, 4.15, 4.47051],
				"rotation": [10, 0, 0],
				"cubes": [
					{"origin": [-1.925, 3.50782, 4.04551], "size": [2.675, 6, 0.05], "uv": [106, 7]}
				]
			},
			{
				"name": "bone47",
				"parent": "bone46",
				"pivot": [-2.5, 3.80782, 4.47051],
				"rotation": [0, 0, 9.85108],
				"cubes": [
					{"origin": [-4.175, 3.63282, 4.06951], "size": [2.425, 6.175, 0.05], "uv": [110, 5]}
				]
			},
			{
				"name": "bone48",
				"parent": "bone46",
				"pivot": [2.5, 3.80782, 4.47051],
				"rotation": [0, 0, -9.85108],
				"cubes": [
					{"origin": [0.7, 3.80782, 4.07151], "size": [3.45, 6, 0.05], "uv": [109, 4]}
				]
			},
			{
				"name": "bone49",
				"parent": "bone36",
				"pivot": [0, 4.15, 0],
				"rotation": [0, -270, 0]
			},
			{
				"name": "bone50",
				"parent": "bone49",
				"pivot": [0, 4.15, 4.47051],
				"rotation": [10, 0, 0],
				"cubes": [
					{"origin": [-2.5, 3.63282, 4.07051], "size": [5, 6.175, 0.05], "uv": [110, 4]}
				]
			},
			{
				"name": "bone51",
				"parent": "bone50",
				"pivot": [-2.5, 3.80782, 4.47051],
				"rotation": [0, 0, 9.85108],
				"cubes": [
					{"origin": [-4.125, 3.68282, 4.06951], "size": [1.625, 6.125, 0.05], "uv": [110, 7]}
				]
			},
			{
				"name": "bone52",
				"parent": "bone50",
				"pivot": [2.5, 3.80782, 4.47051],
				"rotation": [0, 0, -9.85108],
				"cubes": [
					{"origin": [2.5, 3.65782, 4.07151], "size": [1.65, 6.15, 0.05], "uv": [110, 7]}
				]
			},
			{
				"name": "bone2",
				"parent": "sittingRotationSkirt",
				"pivot": [0, 4.5, 0]
			},
			{
				"name": "bone3",
				"parent": "bone2",
				"pivot": [0, 4.5, 0]
			},
			{
				"name": "bone4",
				"parent": "bone3",
				"pivot": [0, 4.5, 4.47051],
				"rotation": [10, 0, 0],
				"cubes": [
					{"origin": [-2.5, 4.15782, 4.19551], "size": [5, 6, 0.025], "uv": [2, 95]}
				]
			},
			{
				"name": "bone5",
				"parent": "bone4",
				"pivot": [-2.5, 4.15782, 4.47051],
				"rotation": [0, 0, 9.85108],
				"cubes": [
					{"origin": [-4.25, 4.15782, 4.16951], "size": [1.75, 6, 0.05], "uv": [2, 95]}
				]
			},
			{
				"name": "bone6",
				"parent": "bone4",
				"pivot": [2.5, 4.15782, 4.47051],
				"rotation": [0, 0, -9.85108],
				"cubes": [
					{"origin": [2.5, 4.13282, 4.19651], "size": [1.775, 6.025, 0.025], "uv": [2, 95]}
				]
			},
			{
				"name": "bone7",
				"parent": "bone2",
				"pivot": [0, 4.5, 0],
				"rotation": [0, -90, 0]
			},
			{
				"name": "bone8",
				"parent": "bone7",
				"pivot": [0, 4.5, 4.47051],
				"rotation": [10, 0, 0],
				"cubes": [
					{"origin": [-2.5, 4.15782, 4.19551], "size": [5, 6, 0.025], "uv": [2, 95]}
				]
			},
			{
				"name": "bone9",
				"parent": "bone8",
				"pivot": [-2.5, 4.15782, 4.47051],
				"rotation": [0, 0, 9.85108],
				"cubes": [
					{"origin": [-4.225, 4.15782, 4.19451], "size": [1.725, 6, 0.025], "uv": [2, 95]}
				]
			},
			{
				"name": "bone10",
				"parent": "bone8",
				"pivot": [2.5, 4.15782, 4.47051],
				"rotation": [0, 0, -9.85108],
				"cubes": [
					{"origin": [2.5, 4.15782, 4.19651], "size": [1.75, 6, 0.025], "uv": [2, 95]}
				]
			},
			{
				"name": "bone11",
				"parent": "bone2",
				"pivot": [0, 4.5, 0],
				"rotation": [0, -180, 0]
			},
			{
				"name": "bone12",
				"parent": "bone11",
				"pivot": [0, 4.5, 4.47051],
				"rotation": [10, 0, 0],
				"cubes": [
					{"origin": [-1.925, 3.85782, 4.17051], "size": [2.475, 6, 0.025], "uv": [103, 1]}
				]
			},
			{
				"name": "bone13",
				"parent": "bone12",
				"pivot": [-2.5, 4.15782, 4.47051],
				"rotation": [0, 0, 9.85108],
				"cubes": [
					{"origin": [-4.275, 3.98282, 4.19451], "size": [2.525, 6.175, 0.025], "uv": [2, 95]}
				]
			},
			{
				"name": "bone14",
				"parent": "bone12",
				"pivot": [2.5, 4.15782, 4.47051],
				"rotation": [0, 0, -9.85108],
				"cubes": [
					{"origin": [0.7, 4.15782, 4.19651], "size": [3.55, 6, 0.025], "uv": [2, 95]},
					{"origin": [-1.45, 7.68282, 4.22151], "size": [2.7, 0.8, 0.075], "uv": [2, 95]},
					{"origin": [-2.175, 5.78282, 4.22151], "size": [3.425, 0.8, 0.075], "uv": [2, 95]},
					{"origin": [-1.925, 5.95782, 4.22151], "size": [0.475, 0.45, 0.15], "uv": [29, 113]},
					{"origin": [-1.3, 7.83282, 4.22151], "size": [0.475, 0.45, 0.15], "uv": [29, 113]}
				]
			},
			{
				"name": "bone15",
				"parent": "bone2",
				"pivot": [0, 4.5, 0],
				"rotation": [0, -270, 0]
			},
			{
				"name": "bone16",
				"parent": "bone15",
				"pivot": [0, 4.5, 4.47051],
				"rotation": [10, 0, 0],
				"cubes": [
					{"origin": [-2.5, 3.98282, 4.19551], "size": [5, 6.175, 0.025], "uv": [2, 95]}
				]
			},
			{
				"name": "bone17",
				"parent": "bone16",
				"pivot": [-2.5, 4.15782, 4.47051],
				"rotation": [0, 0, 9.85108],
				"cubes": [
					{"origin": [-4.225, 4.03282, 4.19451], "size": [1.725, 6.125, 0.025], "uv": [2, 95]}
				]
			},
			{
				"name": "bone18",
				"parent": "bone16",
				"pivot": [2.5, 4.15782, 4.47051],
				"rotation": [0, 0, -9.85108],
				"cubes": [
					{"origin": [2.5, 4.00782, 4.19651], "size": [1.75, 6.15, 0.025], "uv": [2, 95]}
				]
			},
			{
				"name": "bone160",
				"parent": "sittingRotationSkirt",
				"pivot": [2, 4.725, -4.1875]
			},
			{
				"name": "bone161",
				"parent": "bone160",
				"pivot": [2, 4.725, -4.1875],
				"rotation": [-10.1658, 2.57594, 14.78217],
				"cubes": [
					{"origin": [1.825, 4.55, -4.2], "size": [0.3, 0.075, 0.025], "uv": [108, 22]},
					{"origin": [1.75, 6.075, -4.2], "size": [0.3, 0.075, 0.025], "uv": [108, 22]}
				]
			},
			{
				"name": "bone162",
				"parent": "bone160",
				"pivot": [2.35, 4.725, -4.1875],
				"rotation": [7.03131, 7.79587, 132.99102],
				"cubes": [
					{"origin": [2.225, 4.6, -4.2], "size": [0.45, 0.075, 0.025], "uv": [108, 22]}
				]
			},
			{
				"name": "bone163",
				"parent": "bone160",
				"pivot": [3.575, 5.425, -4.1875],
				"rotation": [-1.14487, 10.42175, 84.40691],
				"cubes": [
					{"origin": [2.8, 4.275, -4.075], "size": [0.45, 0.075, 0.025], "uv": [108, 22]}
				]
			},
			{
				"name": "bone164",
				"parent": "bone160",
				"pivot": [1.8, 4.725, -4.1875],
				"rotation": [-3.03513, 9.53274, 72.24687],
				"cubes": [
					{"origin": [1.4, 4.675, -4.2], "size": [0.525, 0.1, 0.025], "uv": [108, 22]}
				]
			},
			{
				"name": "bone165",
				"parent": "bone160",
				"pivot": [1.8, 4.725, -4.1875],
				"rotation": [-4.65468, -8.86042, -62.13918],
				"cubes": [
					{"origin": [2.7, 5.075, -4.2], "size": [0.525, 0.1, 0.025], "uv": [108, 22]}
				]
			},
			{
				"name": "bone166",
				"parent": "bone160",
				"pivot": [2.3, 4.725, -4.1875],
				"rotation": [-10.41162, 1.23452, 7.39885],
				"cubes": [
					{"origin": [2.325, 4.825, -4.2], "size": [0.35, 0.075, 0.025], "uv": [108, 22]},
					{"origin": [2.3, 5.7, -4.2], "size": [0.325, 0.075, 0.025], "uv": [108, 22]}
				]
			},
			{
				"name": "bone167",
				"parent": "bone160",
				"pivot": [2.8875, 5.3625, -4.0625],
				"rotation": [3.30778, -9.95379, -107.7768],
				"cubes": [
					{"origin": [2.7, 5.375, -4.1], "size": [0.55, 0.075, 0.025], "uv": [108, 22]}
				]
			},
			{
				"name": "bone168",
				"parent": "bone160",
				"pivot": [2.9, 4.8875, -4.1875],
				"rotation": [-5.1745, -9.13021, -59.57524],
				"cubes": [
					{"origin": [2.7, 5.025, -4.175], "size": [0.475, 0.075, 0.025], "uv": [108, 22]}
				]
			},
			{
				"name": "bone159",
				"parent": "sittingRotationSkirt",
				"pivot": [1.7, 6.725, -3.8375]
			},
			{
				"name": "bone152",
				"parent": "bone159",
				"pivot": [1.7, 6.725, -3.8375],
				"rotation": [-10.1658, 2.57594, 14.78217],
				"cubes": [
					{"origin": [1.525, 6.55, -3.85], "size": [0.3, 0.075, 0.025], "uv": [108, 22]},
					{"origin": [1.45, 8.075, -3.85], "size": [0.3, 0.075, 0.025], "uv": [108, 22]}
				]
			},
			{
				"name": "bone153",
				"parent": "bone159",
				"pivot": [2.05, 6.725, -3.8375],
				"rotation": [7.03131, 7.79587, 132.99102],
				"cubes": [
					{"origin": [1.925, 6.6, -3.85], "size": [0.45, 0.075, 0.025], "uv": [108, 22]}
				]
			},
			{
				"name": "bone157",
				"parent": "bone159",
				"pivot": [3.275, 7.425, -3.8375],
				"rotation": [-1.14487, 10.42175, 84.40691],
				"cubes": [
					{"origin": [2.5, 6.275, -3.725], "size": [0.45, 0.075, 0.025], "uv": [108, 22]}
				]
			},
			{
				"name": "bone114514",
				"parent": "bone159",
				"pivot": [1.5, 6.725, -3.8375],
				"rotation": [-3.03513, 9.53274, 72.24687],
				"cubes": [
					{"origin": [1.1, 6.675, -3.85], "size": [0.525, 0.1, 0.025], "uv": [108, 22]}
				]
			},
			{
				"name": "bone158",
				"parent": "bone159",
				"pivot": [1.5, 6.725, -3.8375],
				"rotation": [-4.65468, -8.86042, -62.13918],
				"cubes": [
					{"origin": [2.4, 7.075, -3.85], "size": [0.525, 0.1, 0.025], "uv": [108, 22]}
				]
			},
			{
				"name": "bone154",
				"parent": "bone159",
				"pivot": [2, 6.725, -3.8375],
				"rotation": [-10.41162, 1.23452, 7.39885],
				"cubes": [
					{"origin": [2.025, 6.825, -3.85], "size": [0.35, 0.075, 0.025], "uv": [108, 22]},
					{"origin": [2, 7.7, -3.85], "size": [0.325, 0.075, 0.025], "uv": [108, 22]}
				]
			},
			{
				"name": "bone156",
				"parent": "bone159",
				"pivot": [2.5875, 7.3625, -3.7125],
				"rotation": [3.30778, -9.95379, -107.7768],
				"cubes": [
					{"origin": [2.4, 7.375, -3.725], "size": [0.55, 0.075, 0.025], "uv": [108, 22]}
				]
			},
			{
				"name": "bone155",
				"parent": "bone159",
				"pivot": [2.6, 6.8875, -3.8375],
				"rotation": [-5.1745, -9.13021, -59.57524],
				"cubes": [
					{"origin": [2.4, 7.025, -3.825], "size": [0.475, 0.075, 0.025], "uv": [108, 22]}
				]
			},
			{
				"name": "bone133",
				"parent": "sittingRotationSkirt",
				"pivot": [-2.025, 5.9, -4.0625],
				"rotation": [-9.54589, 2.99318, 17.25002],
				"cubes": [
					{"origin": [-2.675, 3.975, -4.075], "size": [0.15, 2.05, 0.025], "uv": [121, 4]}
				]
			},
			{
				"name": "bone170",
				"parent": "sittingRotationSkirt",
				"pivot": [-2.025, 5.9, -4.0625],
				"rotation": [-7.69263, 6.40865, 39.56869],
				"cubes": [
					{"origin": [-1.575, 5.65, -4.075], "size": [0.15, 0.7, 0.025], "uv": [121, 4]}
				]
			},
			{
				"name": "bone150",
				"parent": "sittingRotationSkirt",
				"pivot": [-2.025, 5.9, -4.0625],
				"rotation": [-9.54589, -2.99318, -17.25002],
				"cubes": [
					{"origin": [-2.5, 5.65, -4.075], "size": [0.15, 0.7, 0.025], "uv": [121, 4]}
				]
			},
			{
				"name": "bone169",
				"parent": "sittingRotationSkirt",
				"pivot": [-2.025, 5.9, -4.0625],
				"rotation": [-2.61298, -9.65594, -74.77926],
				"cubes": [
					{"origin": [-2.5, 5.475, -4.075], "size": [0.15, 0.7, 0.025], "uv": [121, 4]}
				]
			},
			{
				"name": "bone171",
				"parent": "sittingRotationSkirt",
				"pivot": [-2.025, 5.9, -4.0625],
				"rotation": [-9.99067, 0.43399, 2.46207],
				"cubes": [
					{"origin": [-1.4, 3.925, -4.075], "size": [0.15, 2.05, 0.025], "uv": [121, 4]}
				]
			}
		]
	}
}