{
	"format_version": "1.10.0",
	"geometry.model": {
		"texturewidth": 32,
		"textureheight": 32,
		"visible_bounds_width": 3,
		"visible_bounds_height": 4,
		"visible_bounds_offset": [0, 1, 0],
		"bones": [
			{
				"name": "sinFloat",
				"pivot": [0, 0, 0]
			},
			{
				"name": "bone344",
				"parent": "sinFloat",
				"pivot": [0, 14, 0],
				"cubes": [
					{"origin": [-0.9, 15.9296, -1.51], "size": [1.8, 0.82, 4], "uv": [22, 0]},
					{"origin": [-0.9, 14.9896, -0.94], "size": [1.8, 0.95, 3.43], "uv": [24, 1]},
					{"origin": [-0.65, 16.0896, -0.71], "size": [1.3, 1.26, 3.2], "uv": [8, 0]}
				]
			},
			{
				"name": "bone288",
				"parent": "bone344",
				"pivot": [0, 14, 0]
			},
			{
				"name": "bone289",
				"parent": "bone288",
				"pivot": [-2.1, 15.34117, -2.63192],
				"rotation": [2.5, 0, 0],
				"cubes": [
					{"origin": [-2.46, 14.35117, -3.09192], "size": [0.72, 1.75, 0.62], "uv": [25, 12]}
				]
			},
			{
				"name": "bone290",
				"parent": "bone289",
				"pivot": [-2.1, 13.91117, -2.74192],
				"rotation": [-5, 0, 0],
				"cubes": [
					{"origin": [-2.28, 12.82117, -2.94192], "size": [0.36, 1.63, 0.4], "uv": [23, 11]}
				]
			},
			{
				"name": "bone291",
				"parent": "bone289",
				"pivot": [-2.1, 12.60117, -2.78192],
				"cubes": [
					{"origin": [-2.17, 12.24117, -2.91192], "size": [0.14, 0.72, 0.26], "uv": [23, 13]}
				]
			},
			{
				"name": "bone292",
				"parent": "bone291",
				"pivot": [-2.1, 12.21117, -2.67192],
				"rotation": [52.5, 0, 0],
				"cubes": [
					{"origin": [-2.17, 12.00117, -2.80192], "size": [0.14, 0.42, 0.26], "uv": [23, 13]}
				]
			},
			{
				"name": "bone293",
				"parent": "bone292",
				"pivot": [-2.1, 12.21117, -2.67192],
				"rotation": [52.5, 0, 0],
				"cubes": [
					{"origin": [-2.17, 11.77117, -2.91192], "size": [0.14, 0.42, 0.19], "uv": [23, 13]}
				]
			},
			{
				"name": "bone294",
				"parent": "bone289",
				"pivot": [0.1, 15.33117, -1.66192],
				"cubes": [
					{"origin": [-2.39, 14.35117, -3.31192], "size": [0.58, 1.92, 0.23], "uv": [25, 19]},
					{"origin": [-2.66, 14.71117, -3.03192], "size": [0.16, 1.56, 0.53], "uv": [25, 19]},
					{"origin": [-1.7, 14.71117, -3.03192], "size": [0.16, 1.56, 0.53], "uv": [25, 19]}
				]
			},
			{
				"name": "bone295",
				"parent": "bone294",
				"pivot": [-2.58, 15.33117, -3.03692],
				"rotation": [22.5, 0, 0],
				"cubes": [
					{"origin": [-2.66, 14.55117, -3.30192], "size": [0.16, 0.24, 0.53], "uv": [25, 19]},
					{"origin": [-1.7, 14.55117, -3.30192], "size": [0.16, 0.24, 0.53], "uv": [25, 19]}
				]
			},
			{
				"name": "bone296",
				"parent": "bone294",
				"pivot": [-2.1, 13.41117, -3.07692],
				"rotation": [7.5, 0, 0],
				"cubes": [
					{"origin": [-2.39, 12.45117, -3.19192], "size": [0.58, 1.92, 0.23], "uv": [25, 19]}
				]
			},
			{
				"name": "bone297",
				"parent": "bone289",
				"pivot": [-2.2, 15.34117, -2.63192]
			},
			{
				"name": "bone298",
				"parent": "bone297",
				"pivot": [-2.44488, 15.31117, -3.09437],
				"rotation": [0, 47.5, 0],
				"cubes": [
					{"origin": [-2.63488, 14.35117, -3.20937], "size": [0.38, 1.92, 0.23], "uv": [25, 18]}
				]
			},
			{
				"name": "bone299",
				"parent": "bone297",
				"pivot": [-2.44488, 13.39117, -3.09437],
				"rotation": [7.5, 47.5, 0],
				"cubes": [
					{"origin": [-2.63488, 13.54117, -3.07937], "size": [0.38, 0.81, 0.23], "uv": [25, 18]},
					{"origin": [-2.63488, 12.43117, -3.07937], "size": [0.28, 1.12, 0.23], "uv": [25, 18]}
				]
			},
			{
				"name": "bone300",
				"parent": "bone289",
				"pivot": [-2.01, 15.34117, -2.63192]
			},
			{
				"name": "bone301",
				"parent": "bone300",
				"pivot": [-1.76512, 15.31117, -3.09437],
				"rotation": [0, -47.5, 0],
				"cubes": [
					{"origin": [-1.95512, 14.35117, -3.20937], "size": [0.38, 1.92, 0.23], "uv": [22, 18]}
				]
			},
			{
				"name": "bone302",
				"parent": "bone300",
				"pivot": [-1.76512, 13.39117, -3.09437],
				"rotation": [7.5, -47.5, 0],
				"cubes": [
					{"origin": [-1.95512, 13.54117, -3.07937], "size": [0.38, 0.81, 0.23], "uv": [22, 18]},
					{"origin": [-1.85512, 12.43117, -3.07937], "size": [0.28, 1.12, 0.23], "uv": [22, 18]}
				]
			},
			{
				"name": "bone303",
				"parent": "bone288",
				"pivot": [-2.1, 15.79117, -2.71192],
				"rotation": [-62.5, 0, 0],
				"cubes": [
					{"origin": [-2.46, 15.80117, -3.17192], "size": [0.72, 0.75, 0.62], "uv": [29, 22]},
					{"origin": [-2.5, 15.61117, -3.19192], "size": [0.8, 0.75, 0.64], "uv": [30, 9]}
				]
			},
			{
				"name": "bone304",
				"parent": "bone288",
				"pivot": [-2.1, 13.45117, -2.02192],
				"rotation": [-172.5, 0, 0],
				"cubes": [
					{"origin": [-2.59, 10.70117, -2.68192], "size": [0.98, 0.67, 0.82], "uv": [28, 12]},
					{"origin": [-2.59, 11.36117, -2.68192], "size": [0.98, 2.15, 0.52], "uv": [28, 12]},
					{"origin": [-2.46, 11.36117, -2.48192], "size": [0.72, 2.15, 0.55], "uv": [5, 28]},
					{"origin": [-2.59, 13.50117, -2.68192], "size": [0.98, 1.07, 0.82], "uv": [28, 12]}
				]
			},
			{
				"name": "bone305",
				"parent": "bone288",
				"pivot": [-2.1, 12.50117, -1.53192],
				"rotation": [-62.5, 0, 0]
			},
			{
				"name": "bone306",
				"parent": "bone288",
				"pivot": [-2.1, 12.71117, -0.85192],
				"rotation": [-62.5, 0, 0],
				"cubes": [
					{"origin": [-2.7, 12.36117, -1.31192], "size": [1.2, 1.47, 0.62], "uv": [1, 3]}
				]
			},
			{
				"name": "bone307",
				"parent": "bone288",
				"pivot": [-2.1, 13.55, -0.51],
				"rotation": [-5, 0, 0],
				"cubes": [
					{"origin": [-2.7, 12.87, -1.31], "size": [1.2, 1.93, 0.46], "uv": [1, 3]}
				]
			},
			{
				"name": "bone308",
				"parent": "bone288",
				"pivot": [-2.1, 15.7, -0.6],
				"cubes": [
					{"origin": [-2.7, 13.1, -1.2], "size": [1.2, 3.7, 1.4], "uv": [0, 0]},
					{"origin": [-2.78, 13.32, -0.78], "size": [0.95, 0.56, 1.02], "uv": [28, 16]}
				]
			},
			{
				"name": "bone309",
				"parent": "bone288",
				"pivot": [-0.77, 15.9, -0.4],
				"rotation": [0, 0, -90]
			},
			{
				"name": "bone310",
				"parent": "bone309",
				"pivot": [-0.77, 15.9, -0.4],
				"cubes": [
					{"origin": [-1.05, 16.4, 0.08569], "size": [0.56, 0.4, 0.19], "uv": [0, 0]}
				]
			},
			{
				"name": "bone311",
				"parent": "bone309",
				"pivot": [-0.77, 15.9, -0.4],
				"rotation": [0, 45, 0],
				"cubes": [
					{"origin": [-1.05, 16.4, 0.08569], "size": [0.56, 0.4, 0.19], "uv": [0, 0]}
				]
			},
			{
				"name": "bone312",
				"parent": "bone309",
				"pivot": [-0.77, 15.9, -0.4],
				"rotation": [0, 90, 0],
				"cubes": [
					{"origin": [-1.05, 16.4, 0.08569], "size": [0.56, 0.4, 0.19], "uv": [0, 0]}
				]
			},
			{
				"name": "bone313",
				"parent": "bone309",
				"pivot": [-0.77, 15.9, -0.4],
				"rotation": [0, 135, 0],
				"cubes": [
					{"origin": [-1.05, 16.4, 0.08569], "size": [0.56, 0.4, 0.19], "uv": [0, 0]}
				]
			},
			{
				"name": "bone314",
				"parent": "bone309",
				"pivot": [-0.77, 15.9, -0.4],
				"rotation": [0, 180, 0],
				"cubes": [
					{"origin": [-1.05, 16.4, 0.08569], "size": [0.56, 0.4, 0.19], "uv": [0, 0]}
				]
			},
			{
				"name": "bone315",
				"parent": "bone309",
				"pivot": [-0.77, 15.9, -0.4],
				"rotation": [0, 225, 0],
				"cubes": [
					{"origin": [-1.05, 16.4, 0.08569], "size": [0.56, 0.4, 0.19], "uv": [0, 0]}
				]
			},
			{
				"name": "bone316",
				"parent": "bone309",
				"pivot": [-0.77, 15.9, -0.4],
				"rotation": [0, 270, 0],
				"cubes": [
					{"origin": [-1.05, 16.4, 0.08569], "size": [0.56, 0.4, 0.19], "uv": [0, 0]}
				]
			},
			{
				"name": "bone317",
				"parent": "bone309",
				"pivot": [-0.77, 15.9, -0.4],
				"rotation": [0, 315, 0],
				"cubes": [
					{"origin": [-1.05, 16.4, 0.08569], "size": [0.56, 0.4, 0.19], "uv": [0, 0]}
				]
			},
			{
				"name": "bone318",
				"parent": "bone288",
				"pivot": [-0.93, 15.9, -0.4],
				"rotation": [0, 0, -90]
			},
			{
				"name": "bone319",
				"parent": "bone318",
				"pivot": [-0.93, 15.9, -0.4],
				"cubes": [
					{"origin": [-1.19, 15.9, -0.09431], "size": [0.52, 0.4, 0.33], "uv": [0, 0]}
				]
			},
			{
				"name": "bone320",
				"parent": "bone318",
				"pivot": [-0.93, 15.9, -0.4],
				"rotation": [0, 45, 0],
				"cubes": [
					{"origin": [-1.19, 15.9, -0.09431], "size": [0.52, 0.4, 0.33], "uv": [0, 0]}
				]
			},
			{
				"name": "bone321",
				"parent": "bone318",
				"pivot": [-0.93, 15.9, -0.4],
				"rotation": [0, 90, 0],
				"cubes": [
					{"origin": [-1.19, 15.9, -0.09431], "size": [0.52, 0.4, 0.33], "uv": [0, 0]}
				]
			},
			{
				"name": "bone322",
				"parent": "bone318",
				"pivot": [-0.93, 15.9, -0.4],
				"rotation": [0, 135, 0],
				"cubes": [
					{"origin": [-1.19, 15.9, -0.09431], "size": [0.52, 0.4, 0.33], "uv": [0, 0]}
				]
			},
			{
				"name": "bone323",
				"parent": "bone318",
				"pivot": [-0.93, 15.9, -0.4],
				"rotation": [0, 180, 0],
				"cubes": [
					{"origin": [-1.19, 15.9, -0.09431], "size": [0.52, 0.4, 0.33], "uv": [0, 0]}
				]
			},
			{
				"name": "bone324",
				"parent": "bone318",
				"pivot": [-0.93, 15.9, -0.4],
				"rotation": [0, 225, 0],
				"cubes": [
					{"origin": [-1.19, 15.9, -0.09431], "size": [0.52, 0.4, 0.33], "uv": [0, 0]}
				]
			},
			{
				"name": "bone325",
				"parent": "bone318",
				"pivot": [-0.93, 15.9, -0.4],
				"rotation": [0, 270, 0],
				"cubes": [
					{"origin": [-1.19, 15.9, -0.09431], "size": [0.52, 0.4, 0.33], "uv": [0, 0]}
				]
			},
			{
				"name": "bone326",
				"parent": "bone318",
				"pivot": [-0.93, 15.9, -0.4],
				"rotation": [0, 315, 0],
				"cubes": [
					{"origin": [-1.19, 15.9, -0.09431], "size": [0.52, 0.4, 0.33], "uv": [0, 0]}
				]
			},
			{
				"name": "bone327",
				"parent": "bone288",
				"pivot": [-0.77, 15.9, -0.4],
				"rotation": [0, 0, -90]
			},
			{
				"name": "bone328",
				"parent": "bone327",
				"pivot": [-0.77, 15.9, -0.4],
				"cubes": [
					{"origin": [-1.05, 15.9, 0.08569], "size": [0.56, 0.4, 0.19], "uv": [0, 0]}
				]
			},
			{
				"name": "bone329",
				"parent": "bone327",
				"pivot": [-0.77, 15.9, -0.4],
				"rotation": [0, 45, 0],
				"cubes": [
					{"origin": [-1.05, 15.9, 0.08569], "size": [0.56, 0.4, 0.19], "uv": [0, 0]}
				]
			},
			{
				"name": "bone330",
				"parent": "bone327",
				"pivot": [-0.77, 15.9, -0.4],
				"rotation": [0, 90, 0],
				"cubes": [
					{"origin": [-1.05, 15.9, 0.08569], "size": [0.56, 0.4, 0.19], "uv": [0, 0]}
				]
			},
			{
				"name": "bone331",
				"parent": "bone327",
				"pivot": [-0.77, 15.9, -0.4],
				"rotation": [0, 135, 0],
				"cubes": [
					{"origin": [-1.05, 15.9, 0.08569], "size": [0.56, 0.4, 0.19], "uv": [0, 0]}
				]
			},
			{
				"name": "bone332",
				"parent": "bone327",
				"pivot": [-0.77, 15.9, -0.4],
				"rotation": [0, 180, 0],
				"cubes": [
					{"origin": [-1.05, 15.9, 0.08569], "size": [0.56, 0.4, 0.19], "uv": [0, 0]}
				]
			},
			{
				"name": "bone333",
				"parent": "bone327",
				"pivot": [-0.77, 15.9, -0.4],
				"rotation": [0, 225, 0],
				"cubes": [
					{"origin": [-1.05, 15.9, 0.08569], "size": [0.56, 0.4, 0.19], "uv": [0, 0]}
				]
			},
			{
				"name": "bone334",
				"parent": "bone327",
				"pivot": [-0.77, 15.9, -0.4],
				"rotation": [0, 270, 0],
				"cubes": [
					{"origin": [-1.05, 15.9, 0.08569], "size": [0.56, 0.4, 0.19], "uv": [0, 0]}
				]
			},
			{
				"name": "bone335",
				"parent": "bone327",
				"pivot": [-0.77, 15.9, -0.4],
				"rotation": [0, 315, 0],
				"cubes": [
					{"origin": [-1.05, 15.9, 0.08569], "size": [0.56, 0.4, 0.19], "uv": [0, 0]}
				]
			},
			{
				"name": "bone287",
				"parent": "bone344",
				"pivot": [0, 14, 0]
			},
			{
				"name": "bone273",
				"parent": "bone287",
				"pivot": [2.1, 15.34117, -2.63192],
				"rotation": [2.5, 0, 0],
				"cubes": [
					{"origin": [1.74, 14.35117, -3.09192], "size": [0.72, 1.75, 0.62], "uv": [25, 12]}
				]
			},
			{
				"name": "bone284",
				"parent": "bone273",
				"pivot": [2.1, 13.91117, -2.74192],
				"rotation": [-5, 0, 0],
				"cubes": [
					{"origin": [1.92, 12.82117, -2.94192], "size": [0.36, 1.68, 0.4], "uv": [25, 12]}
				]
			},
			{
				"name": "bone283",
				"parent": "bone273",
				"pivot": [2.1, 12.60117, -2.78192],
				"cubes": [
					{"origin": [2.03, 12.24117, -2.91192], "size": [0.14, 0.72, 0.26], "uv": [28, 12]}
				]
			},
			{
				"name": "bone285",
				"parent": "bone283",
				"pivot": [2.1, 12.21117, -2.67192],
				"rotation": [52.5, 0, 0],
				"cubes": [
					{"origin": [2.03, 12.00117, -2.80192], "size": [0.14, 0.42, 0.26], "uv": [28, 12]}
				]
			},
			{
				"name": "bone286",
				"parent": "bone285",
				"pivot": [2.1, 12.21117, -2.67192],
				"rotation": [52.5, 0, 0],
				"cubes": [
					{"origin": [2.03, 11.77117, -2.91192], "size": [0.14, 0.42, 0.19], "uv": [28, 12]}
				]
			},
			{
				"name": "bone274",
				"parent": "bone273",
				"pivot": [-0.1, 15.33117, -1.66192],
				"cubes": [
					{"origin": [1.81, 14.35117, -3.31192], "size": [0.58, 1.92, 0.23], "uv": [23, 18]},
					{"origin": [2.5, 14.71117, -3.03192], "size": [0.16, 1.56, 0.53], "uv": [23, 18]},
					{"origin": [1.54, 14.71117, -3.03192], "size": [0.16, 1.56, 0.53], "uv": [23, 18]}
				]
			},
			{
				"name": "bone282",
				"parent": "bone274",
				"pivot": [2.58, 15.33117, -3.03692],
				"rotation": [22.5, 0, 0],
				"cubes": [
					{"origin": [2.5, 14.55117, -3.30192], "size": [0.16, 0.24, 0.53], "uv": [23, 18]},
					{"origin": [1.54, 14.55117, -3.30192], "size": [0.16, 0.24, 0.53], "uv": [23, 18]}
				]
			},
			{
				"name": "bone276",
				"parent": "bone274",
				"pivot": [2.1, 13.41117, -3.07692],
				"rotation": [7.5, 0, 0],
				"cubes": [
					{"origin": [1.81, 12.45117, -3.19192], "size": [0.58, 1.92, 0.23], "uv": [23, 18]}
				]
			},
			{
				"name": "bone278",
				"parent": "bone273",
				"pivot": [2.2, 15.34117, -2.63192]
			},
			{
				"name": "bone275",
				"parent": "bone278",
				"pivot": [2.44488, 15.31117, -3.09437],
				"rotation": [0, -47.5, 0],
				"cubes": [
					{"origin": [2.25488, 14.35117, -3.20937], "size": [0.38, 1.92, 0.23], "uv": [25, 18]}
				]
			},
			{
				"name": "bone277",
				"parent": "bone278",
				"pivot": [2.44488, 13.39117, -3.09437],
				"rotation": [7.5, -47.5, 0],
				"cubes": [
					{"origin": [2.25488, 13.54117, -3.07937], "size": [0.38, 0.81, 0.23], "uv": [25, 18]},
					{"origin": [2.35488, 12.43117, -3.07937], "size": [0.28, 1.12, 0.23], "uv": [25, 18]}
				]
			},
			{
				"name": "bone279",
				"parent": "bone273",
				"pivot": [2.01, 15.34117, -2.63192]
			},
			{
				"name": "bone280",
				"parent": "bone279",
				"pivot": [1.76512, 15.31117, -3.09437],
				"rotation": [0, 47.5, 0],
				"cubes": [
					{"origin": [1.57512, 14.35117, -3.20937], "size": [0.38, 1.92, 0.23], "uv": [24, 18]}
				]
			},
			{
				"name": "bone281",
				"parent": "bone279",
				"pivot": [1.76512, 13.39117, -3.09437],
				"rotation": [7.5, 47.5, 0],
				"cubes": [
					{"origin": [1.57512, 13.54117, -3.07937], "size": [0.38, 0.81, 0.23], "uv": [24, 18]},
					{"origin": [1.57512, 12.43117, -3.07937], "size": [0.28, 1.12, 0.23], "uv": [24, 18]}
				]
			},
			{
				"name": "bone272",
				"parent": "bone287",
				"pivot": [2.1, 15.79117, -2.71192],
				"rotation": [-62.5, 0, 0],
				"cubes": [
					{"origin": [1.74, 15.80117, -3.17192], "size": [0.72, 0.75, 0.62], "uv": [25, 22]},
					{"origin": [1.7, 15.61117, -3.19192], "size": [0.8, 0.75, 0.64], "uv": [30, 10]}
				]
			},
			{
				"name": "bone271",
				"parent": "bone287",
				"pivot": [2.1, 13.45117, -2.02192],
				"rotation": [-172.5, 0, 0],
				"cubes": [
					{"origin": [1.61, 10.70117, -2.68192], "size": [0.98, 0.67, 0.82], "uv": [24, 12]},
					{"origin": [1.61, 11.36117, -2.68192], "size": [0.98, 2.15, 0.52], "uv": [26, 11]},
					{"origin": [1.74, 11.36117, -2.48192], "size": [0.72, 2.15, 0.55], "uv": [3, 26]},
					{"origin": [1.61, 13.50117, -2.68192], "size": [0.98, 1.07, 0.82], "uv": [25, 13]}
				]
			},
			{
				"name": "bone270",
				"parent": "bone287",
				"pivot": [2.1, 12.50117, -1.53192],
				"rotation": [-62.5, 0, 0],
				"cubes": [
					{"origin": [1.74, 12.15117, -1.99192], "size": [0.72, 1.47, 0.745], "uv": [30, 9]},
					{"origin": [-2.46, 12.15117, -1.99192], "size": [0.72, 1.47, 0.745], "uv": [27, 22]}
				]
			},
			{
				"name": "bone269",
				"parent": "bone287",
				"pivot": [2.1, 12.71117, -0.85192],
				"rotation": [-62.5, 0, 0],
				"cubes": [
					{"origin": [1.5, 12.36117, -1.31192], "size": [1.2, 1.47, 0.62], "uv": [11, 18]}
				]
			},
			{
				"name": "bone268",
				"parent": "bone287",
				"pivot": [2.1, 13.55, -0.51],
				"rotation": [-5, 0, 0],
				"cubes": [
					{"origin": [1.5, 12.87, -1.31], "size": [1.2, 1.93, 0.46], "uv": [10, 18]}
				]
			},
			{
				"name": "bone267",
				"parent": "bone287",
				"pivot": [2.1, 15.7, -0.6],
				"cubes": [
					{"origin": [1.5, 13.1, -1.2], "size": [1.2, 3.7, 1.4], "uv": [10, 16]},
					{"origin": [1.83, 13.32, -0.78], "size": [0.95, 0.56, 1.02], "uv": [28, 18]}
				]
			},
			{
				"name": "bone258",
				"parent": "bone287",
				"pivot": [0.77, 15.9, -0.4],
				"rotation": [0, 0, 90]
			},
			{
				"name": "bone259",
				"parent": "bone258",
				"pivot": [0.77, 15.9, -0.4],
				"cubes": [
					{"origin": [0.49, 16.4, 0.08569], "size": [0.56, 0.4, 0.19], "uv": [0, 0]}
				]
			},
			{
				"name": "bone260",
				"parent": "bone258",
				"pivot": [0.77, 15.9, -0.4],
				"rotation": [0, -45, 0],
				"cubes": [
					{"origin": [0.49, 16.4, 0.08569], "size": [0.56, 0.4, 0.19], "uv": [0, 0]}
				]
			},
			{
				"name": "bone261",
				"parent": "bone258",
				"pivot": [0.77, 15.9, -0.4],
				"rotation": [0, -90, 0],
				"cubes": [
					{"origin": [0.49, 16.4, 0.08569], "size": [0.56, 0.4, 0.19], "uv": [0, 0]}
				]
			},
			{
				"name": "bone262",
				"parent": "bone258",
				"pivot": [0.77, 15.9, -0.4],
				"rotation": [0, -135, 0],
				"cubes": [
					{"origin": [0.49, 16.4, 0.08569], "size": [0.56, 0.4, 0.19], "uv": [0, 0]}
				]
			},
			{
				"name": "bone263",
				"parent": "bone258",
				"pivot": [0.77, 15.9, -0.4],
				"rotation": [0, -180, 0],
				"cubes": [
					{"origin": [0.49, 16.4, 0.08569], "size": [0.56, 0.4, 0.19], "uv": [0, 0]}
				]
			},
			{
				"name": "bone264",
				"parent": "bone258",
				"pivot": [0.77, 15.9, -0.4],
				"rotation": [0, -225, 0],
				"cubes": [
					{"origin": [0.49, 16.4, 0.08569], "size": [0.56, 0.4, 0.19], "uv": [0, 0]}
				]
			},
			{
				"name": "bone265",
				"parent": "bone258",
				"pivot": [0.77, 15.9, -0.4],
				"rotation": [0, -270, 0],
				"cubes": [
					{"origin": [0.49, 16.4, 0.08569], "size": [0.56, 0.4, 0.19], "uv": [0, 0]}
				]
			},
			{
				"name": "bone266",
				"parent": "bone258",
				"pivot": [0.77, 15.9, -0.4],
				"rotation": [0, -315, 0],
				"cubes": [
					{"origin": [0.49, 16.4, 0.08569], "size": [0.56, 0.4, 0.19], "uv": [0, 0]}
				]
			},
			{
				"name": "bone249",
				"parent": "bone287",
				"pivot": [0.93, 15.9, -0.4],
				"rotation": [0, 0, 90]
			},
			{
				"name": "bone250",
				"parent": "bone249",
				"pivot": [0.93, 15.9, -0.4],
				"cubes": [
					{"origin": [0.67, 15.9, -0.09431], "size": [0.52, 0.4, 0.33], "uv": [0, 0]}
				]
			},
			{
				"name": "bone251",
				"parent": "bone249",
				"pivot": [0.93, 15.9, -0.4],
				"rotation": [0, -45, 0],
				"cubes": [
					{"origin": [0.67, 15.9, -0.09431], "size": [0.52, 0.4, 0.33], "uv": [0, 0]}
				]
			},
			{
				"name": "bone252",
				"parent": "bone249",
				"pivot": [0.93, 15.9, -0.4],
				"rotation": [0, -90, 0],
				"cubes": [
					{"origin": [0.67, 15.9, -0.09431], "size": [0.52, 0.4, 0.33], "uv": [0, 0]}
				]
			},
			{
				"name": "bone253",
				"parent": "bone249",
				"pivot": [0.93, 15.9, -0.4],
				"rotation": [0, -135, 0],
				"cubes": [
					{"origin": [0.67, 15.9, -0.09431], "size": [0.52, 0.4, 0.33], "uv": [0, 0]}
				]
			},
			{
				"name": "bone254",
				"parent": "bone249",
				"pivot": [0.93, 15.9, -0.4],
				"rotation": [0, -180, 0],
				"cubes": [
					{"origin": [0.67, 15.9, -0.09431], "size": [0.52, 0.4, 0.33], "uv": [0, 0]}
				]
			},
			{
				"name": "bone255",
				"parent": "bone249",
				"pivot": [0.93, 15.9, -0.4],
				"rotation": [0, -225, 0],
				"cubes": [
					{"origin": [0.67, 15.9, -0.09431], "size": [0.52, 0.4, 0.33], "uv": [0, 0]}
				]
			},
			{
				"name": "bone256",
				"parent": "bone249",
				"pivot": [0.93, 15.9, -0.4],
				"rotation": [0, -270, 0],
				"cubes": [
					{"origin": [0.67, 15.9, -0.09431], "size": [0.52, 0.4, 0.33], "uv": [0, 0]}
				]
			},
			{
				"name": "bone257",
				"parent": "bone249",
				"pivot": [0.93, 15.9, -0.4],
				"rotation": [0, -315, 0],
				"cubes": [
					{"origin": [0.67, 15.9, -0.09431], "size": [0.52, 0.4, 0.33], "uv": [0, 0]}
				]
			},
			{
				"name": "bone190",
				"parent": "bone287",
				"pivot": [0.77, 15.9, -0.4],
				"rotation": [0, 0, 90]
			},
			{
				"name": "bone241",
				"parent": "bone190",
				"pivot": [0.77, 15.9, -0.4],
				"cubes": [
					{"origin": [0.49, 15.9, 0.08569], "size": [0.56, 0.4, 0.19], "uv": [0, 0]}
				]
			},
			{
				"name": "bone242",
				"parent": "bone190",
				"pivot": [0.77, 15.9, -0.4],
				"rotation": [0, -45, 0],
				"cubes": [
					{"origin": [0.49, 15.9, 0.08569], "size": [0.56, 0.4, 0.19], "uv": [0, 0]}
				]
			},
			{
				"name": "bone243",
				"parent": "bone190",
				"pivot": [0.77, 15.9, -0.4],
				"rotation": [0, -90, 0],
				"cubes": [
					{"origin": [0.49, 15.9, 0.08569], "size": [0.56, 0.4, 0.19], "uv": [0, 0]}
				]
			},
			{
				"name": "bone244",
				"parent": "bone190",
				"pivot": [0.77, 15.9, -0.4],
				"rotation": [0, -135, 0],
				"cubes": [
					{"origin": [0.49, 15.9, 0.08569], "size": [0.56, 0.4, 0.19], "uv": [0, 0]}
				]
			},
			{
				"name": "bone245",
				"parent": "bone190",
				"pivot": [0.77, 15.9, -0.4],
				"rotation": [0, -180, 0],
				"cubes": [
					{"origin": [0.49, 15.9, 0.08569], "size": [0.56, 0.4, 0.19], "uv": [0, 0]}
				]
			},
			{
				"name": "bone246",
				"parent": "bone190",
				"pivot": [0.77, 15.9, -0.4],
				"rotation": [0, -225, 0],
				"cubes": [
					{"origin": [0.49, 15.9, 0.08569], "size": [0.56, 0.4, 0.19], "uv": [0, 0]}
				]
			},
			{
				"name": "bone247",
				"parent": "bone190",
				"pivot": [0.77, 15.9, -0.4],
				"rotation": [0, -270, 0],
				"cubes": [
					{"origin": [0.49, 15.9, 0.08569], "size": [0.56, 0.4, 0.19], "uv": [0, 0]}
				]
			},
			{
				"name": "bone248",
				"parent": "bone190",
				"pivot": [0.77, 15.9, -0.4],
				"rotation": [0, -315, 0],
				"cubes": [
					{"origin": [0.49, 15.9, 0.08569], "size": [0.56, 0.4, 0.19], "uv": [0, 0]}
				]
			},
			{
				"name": "bone216",
				"parent": "bone344",
				"pivot": [0, 15.35, -0.54],
				"rotation": [90, 0, 60]
			},
			{
				"name": "bone217",
				"parent": "bone216",
				"pivot": [0, 15.35, -0.54]
			},
			{
				"name": "bone218",
				"parent": "bone217",
				"pivot": [0, 15.35, 1.06],
				"cubes": [
					{"origin": [-0.2, 15.75, -0.54872], "size": [0.4, 0.31, 0.26], "uv": [7, 26]}
				]
			},
			{
				"name": "bone219",
				"parent": "bone218",
				"pivot": [-1.2, 15.35, 1.06]
			},
			{
				"name": "bone220",
				"parent": "bone218",
				"pivot": [1.2, 15.35, 1.06]
			},
			{
				"name": "bone221",
				"parent": "bone216",
				"pivot": [0, 15.35, -0.54],
				"rotation": [0, -60, 0]
			},
			{
				"name": "bone222",
				"parent": "bone221",
				"pivot": [0, 15.35, 1.06],
				"cubes": [
					{"origin": [-0.2, 15.75, -0.54872], "size": [0.4, 0.31, 0.26], "uv": [7, 26]}
				]
			},
			{
				"name": "bone223",
				"parent": "bone222",
				"pivot": [-1.2, 15.35, 1.06]
			},
			{
				"name": "bone224",
				"parent": "bone222",
				"pivot": [1.2, 15.35, 1.06]
			},
			{
				"name": "bone225",
				"parent": "bone216",
				"pivot": [0, 15.35, -0.54],
				"rotation": [0, -120, 0]
			},
			{
				"name": "bone226",
				"parent": "bone225",
				"pivot": [0, 15.35, 1.06],
				"cubes": [
					{"origin": [-0.2, 15.75, -0.54872], "size": [0.4, 0.31, 0.26], "uv": [7, 26]}
				]
			},
			{
				"name": "bone227",
				"parent": "bone226",
				"pivot": [-1.2, 15.35, 1.06]
			},
			{
				"name": "bone228",
				"parent": "bone226",
				"pivot": [1.2, 15.35, 1.06]
			},
			{
				"name": "bone229",
				"parent": "bone216",
				"pivot": [0, 15.35, -0.54],
				"rotation": [0, -180, 0]
			},
			{
				"name": "bone230",
				"parent": "bone229",
				"pivot": [0, 15.35, 1.06],
				"cubes": [
					{"origin": [-0.2, 15.75, -0.54872], "size": [0.4, 0.31, 0.26], "uv": [7, 26]}
				]
			},
			{
				"name": "bone231",
				"parent": "bone230",
				"pivot": [-1.2, 15.35, 1.06]
			},
			{
				"name": "bone232",
				"parent": "bone230",
				"pivot": [1.2, 15.35, 1.06]
			},
			{
				"name": "bone233",
				"parent": "bone216",
				"pivot": [0, 15.35, -0.54],
				"rotation": [0, -240, 0]
			},
			{
				"name": "bone234",
				"parent": "bone233",
				"pivot": [0, 15.35, 1.06],
				"cubes": [
					{"origin": [-0.2, 15.75, -0.54872], "size": [0.4, 0.31, 0.26], "uv": [7, 26]}
				]
			},
			{
				"name": "bone235",
				"parent": "bone234",
				"pivot": [-1.2, 15.35, 1.06]
			},
			{
				"name": "bone236",
				"parent": "bone234",
				"pivot": [1.2, 15.35, 1.06]
			},
			{
				"name": "bone237",
				"parent": "bone216",
				"pivot": [0, 15.35, -0.54],
				"rotation": [0, -300, 0]
			},
			{
				"name": "bone238",
				"parent": "bone237",
				"pivot": [0, 15.35, 1.06],
				"cubes": [
					{"origin": [-0.2, 15.75, -0.54872], "size": [0.4, 0.31, 0.26], "uv": [7, 26]}
				]
			},
			{
				"name": "bone239",
				"parent": "bone238",
				"pivot": [-1.2, 15.35, 1.06]
			},
			{
				"name": "bone240",
				"parent": "bone238",
				"pivot": [1.2, 15.35, 1.06]
			},
			{
				"name": "bone191",
				"parent": "bone344",
				"pivot": [0, 15.35, -0.54],
				"rotation": [90, 0, 60]
			},
			{
				"name": "bone192",
				"parent": "bone191",
				"pivot": [0, 15.35, -0.54]
			},
			{
				"name": "bone193",
				"parent": "bone192",
				"pivot": [0, 15.35, 1.06],
				"cubes": [
					{"origin": [-0.2, 15.75, -0.32872], "size": [0.4, 0.4, 0.14], "uv": [6, 23]}
				]
			},
			{
				"name": "bone194",
				"parent": "bone193",
				"pivot": [-1.2, 15.35, 1.06]
			},
			{
				"name": "bone195",
				"parent": "bone193",
				"pivot": [1.2, 15.35, 1.06]
			},
			{
				"name": "bone196",
				"parent": "bone191",
				"pivot": [0, 15.35, -0.54],
				"rotation": [0, -60, 0]
			},
			{
				"name": "bone197",
				"parent": "bone196",
				"pivot": [0, 15.35, 1.06],
				"cubes": [
					{"origin": [-0.2, 15.75, -0.32872], "size": [0.4, 0.4, 0.14], "uv": [6, 23]}
				]
			},
			{
				"name": "bone198",
				"parent": "bone197",
				"pivot": [-1.2, 15.35, 1.06]
			},
			{
				"name": "bone199",
				"parent": "bone197",
				"pivot": [1.2, 15.35, 1.06]
			},
			{
				"name": "bone200",
				"parent": "bone191",
				"pivot": [0, 15.35, -0.54],
				"rotation": [0, -120, 0]
			},
			{
				"name": "bone201",
				"parent": "bone200",
				"pivot": [0, 15.35, 1.06],
				"cubes": [
					{"origin": [-0.2, 15.75, -0.32872], "size": [0.4, 0.4, 0.14], "uv": [6, 23]}
				]
			},
			{
				"name": "bone202",
				"parent": "bone201",
				"pivot": [-1.2, 15.35, 1.06]
			},
			{
				"name": "bone203",
				"parent": "bone201",
				"pivot": [1.2, 15.35, 1.06]
			},
			{
				"name": "bone204",
				"parent": "bone191",
				"pivot": [0, 15.35, -0.54],
				"rotation": [0, -180, 0]
			},
			{
				"name": "bone205",
				"parent": "bone204",
				"pivot": [0, 15.35, 1.06],
				"cubes": [
					{"origin": [-0.2, 15.75, -0.32872], "size": [0.4, 0.4, 0.14], "uv": [6, 23]}
				]
			},
			{
				"name": "bone206",
				"parent": "bone205",
				"pivot": [-1.2, 15.35, 1.06]
			},
			{
				"name": "bone207",
				"parent": "bone205",
				"pivot": [1.2, 15.35, 1.06]
			},
			{
				"name": "bone208",
				"parent": "bone191",
				"pivot": [0, 15.35, -0.54],
				"rotation": [0, -240, 0]
			},
			{
				"name": "bone209",
				"parent": "bone208",
				"pivot": [0, 15.35, 1.06],
				"cubes": [
					{"origin": [-0.2, 15.75, -0.32872], "size": [0.4, 0.4, 0.14], "uv": [6, 23]}
				]
			},
			{
				"name": "bone210",
				"parent": "bone209",
				"pivot": [-1.2, 15.35, 1.06]
			},
			{
				"name": "bone211",
				"parent": "bone209",
				"pivot": [1.2, 15.35, 1.06]
			},
			{
				"name": "bone212",
				"parent": "bone191",
				"pivot": [0, 15.35, -0.54],
				"rotation": [0, -300, 0]
			},
			{
				"name": "bone213",
				"parent": "bone212",
				"pivot": [0, 15.35, 1.06],
				"cubes": [
					{"origin": [-0.2, 15.75, -0.32872], "size": [0.4, 0.4, 0.14], "uv": [6, 23]}
				]
			},
			{
				"name": "bone214",
				"parent": "bone213",
				"pivot": [-1.2, 15.35, 1.06]
			},
			{
				"name": "bone215",
				"parent": "bone213",
				"pivot": [1.2, 15.35, 1.06]
			},
			{
				"name": "bone187",
				"parent": "bone344",
				"pivot": [0, 16.3196, -1.355]
			},
			{
				"name": "bone189",
				"parent": "bone187",
				"pivot": [0, 15.6296, 2.695],
				"rotation": [-30, 0, 0],
				"cubes": [
					{"origin": [-0.9, 14.9696, 2.55], "size": [1.8, 1.09, 0.29], "uv": [28, 2]}
				]
			},
			{
				"name": "bone188",
				"parent": "bone187",
				"pivot": [0, 15.6296, -1.155],
				"rotation": [30, 0, 0],
				"cubes": [
					{"origin": [-0.9, 14.9696, -1.3], "size": [0.5, 1.09, 0.43], "uv": [24, 3]},
					{"origin": [-0.4, 15.6696, -1.3], "size": [0.8, 0.39, 0.43], "uv": [25, 4]},
					{"origin": [0.4, 14.9696, -1.3], "size": [0.5, 1.09, 0.49], "uv": [28, 3]}
				]
			},
			{
				"name": "eyeTop4",
				"parent": "bone344",
				"pivot": [0, 19.22, -1.2],
				"rotation": [90, 0, -22.5]
			},
			{
				"name": "bone138",
				"parent": "eyeTop4",
				"pivot": [0, 19.22, -1.2]
			},
			{
				"name": "bone139",
				"parent": "bone138",
				"pivot": [0, 19.22, -1.2]
			},
			{
				"name": "bone140",
				"parent": "bone139",
				"pivot": [0, 19.22, -0.4],
				"cubes": [
					{"origin": [0.15, 19.29, -1.20863], "size": [-0.3, 0.74, 0.37], "uv": [31, 13]}
				]
			},
			{
				"name": "bone141",
				"parent": "bone140",
				"pivot": [-0.4, 19.22, -0.4]
			},
			{
				"name": "bone142",
				"parent": "bone140",
				"pivot": [0.4, 19.22, -0.4]
			},
			{
				"name": "bone143",
				"parent": "bone138",
				"pivot": [0, 19.22, -1.2],
				"rotation": [0, -45, 0]
			},
			{
				"name": "bone144",
				"parent": "bone143",
				"pivot": [0, 19.22, -0.4],
				"cubes": [
					{"origin": [0.15, 19.29, -1.20863], "size": [-0.3, 0.74, 0.37], "uv": [31, 13]}
				]
			},
			{
				"name": "bone145",
				"parent": "bone144",
				"pivot": [-0.4, 19.22, -0.4]
			},
			{
				"name": "bone146",
				"parent": "bone144",
				"pivot": [0.4, 19.22, -0.4]
			},
			{
				"name": "bone147",
				"parent": "bone138",
				"pivot": [0, 19.22, -1.2],
				"rotation": [0, -90, 0]
			},
			{
				"name": "bone148",
				"parent": "bone147",
				"pivot": [0, 19.22, -0.4],
				"cubes": [
					{"origin": [0.15, 19.29, -1.20863], "size": [-0.3, 0.74, 0.37], "uv": [31, 13]}
				]
			},
			{
				"name": "bone149",
				"parent": "bone148",
				"pivot": [-0.4, 19.22, -0.4]
			},
			{
				"name": "bone150",
				"parent": "bone148",
				"pivot": [0.4, 19.22, -0.4]
			},
			{
				"name": "bone151",
				"parent": "bone138",
				"pivot": [0, 19.22, -1.2],
				"rotation": [0, -135, 0]
			},
			{
				"name": "bone152",
				"parent": "bone151",
				"pivot": [0, 19.22, -0.4],
				"cubes": [
					{"origin": [0.15, 19.29, -1.20863], "size": [-0.3, 0.74, 0.37], "uv": [31, 13]}
				]
			},
			{
				"name": "bone153",
				"parent": "bone152",
				"pivot": [-0.4, 19.22, -0.4]
			},
			{
				"name": "bone154",
				"parent": "bone152",
				"pivot": [0.4, 19.22, -0.4]
			},
			{
				"name": "bone155",
				"parent": "bone138",
				"pivot": [0, 19.22, -1.2],
				"rotation": [0, -180, 0]
			},
			{
				"name": "bone156",
				"parent": "bone155",
				"pivot": [0, 19.22, -0.4],
				"cubes": [
					{"origin": [0.15, 19.29, -1.20863], "size": [-0.3, 0.74, 0.37], "uv": [31, 13]}
				]
			},
			{
				"name": "bone157",
				"parent": "bone156",
				"pivot": [-0.4, 19.22, -0.4]
			},
			{
				"name": "bone158",
				"parent": "bone156",
				"pivot": [0.4, 19.22, -0.4]
			},
			{
				"name": "bone159",
				"parent": "bone138",
				"pivot": [0, 19.22, -1.2],
				"rotation": [0, -225, 0]
			},
			{
				"name": "bone160",
				"parent": "bone159",
				"pivot": [0, 19.22, -0.4],
				"cubes": [
					{"origin": [0.15, 19.29, -1.20863], "size": [-0.3, 0.74, 0.37], "uv": [31, 13]}
				]
			},
			{
				"name": "bone161",
				"parent": "bone160",
				"pivot": [-0.4, 19.22, -0.4]
			},
			{
				"name": "bone162",
				"parent": "bone160",
				"pivot": [0.4, 19.22, -0.4]
			},
			{
				"name": "bone163",
				"parent": "bone138",
				"pivot": [0, 19.22, -1.2],
				"rotation": [0, -270, 0]
			},
			{
				"name": "bone164",
				"parent": "bone163",
				"pivot": [0, 19.22, -0.4],
				"cubes": [
					{"origin": [0.15, 19.29, -1.20863], "size": [-0.3, 0.74, 0.37], "uv": [31, 13]}
				]
			},
			{
				"name": "bone165",
				"parent": "bone164",
				"pivot": [-0.4, 19.22, -0.4]
			},
			{
				"name": "bone166",
				"parent": "bone138",
				"pivot": [0, 19.22, -1.2],
				"rotation": [0, -315, 0]
			},
			{
				"name": "bone167",
				"parent": "bone166",
				"pivot": [0, 19.22, -0.4],
				"cubes": [
					{"origin": [0.15, 19.29, -1.20863], "size": [-0.3, 0.74, 0.37], "uv": [31, 13]}
				]
			},
			{
				"name": "bone168",
				"parent": "bone167",
				"pivot": [-0.4, 19.22, -0.4]
			},
			{
				"name": "bone169",
				"parent": "bone167",
				"pivot": [0.4, 19.22, -0.4]
			},
			{
				"name": "bone103",
				"parent": "bone344",
				"pivot": [0, 14.2, 0]
			},
			{
				"name": "eyeTopM",
				"parent": "bone103",
				"pivot": [0, 21.3, -1.2],
				"rotation": [90, 0, -22.5]
			},
			{
				"name": "bone6",
				"parent": "eyeTopM",
				"pivot": [0, 21.3, -1.2]
			},
			{
				"name": "bone7",
				"parent": "bone6",
				"pivot": [0, 21.3, -1.2]
			},
			{
				"name": "bone8",
				"parent": "bone7",
				"pivot": [0, 21.3, -0.4],
				"cubes": [
					{"origin": [-0.43, 21.3, -0.36863], "size": [0.86, 0.8, 0.2], "uv": [13, 28]}
				]
			},
			{
				"name": "bone9",
				"parent": "bone8",
				"pivot": [-0.4, 21.3, -0.4]
			},
			{
				"name": "bone10",
				"parent": "bone8",
				"pivot": [0.4, 21.3, -0.4]
			},
			{
				"name": "bone11",
				"parent": "bone6",
				"pivot": [0, 21.3, -1.2],
				"rotation": [0, -45, 0]
			},
			{
				"name": "bone12",
				"parent": "bone11",
				"pivot": [0, 21.3, -0.4],
				"cubes": [
					{"origin": [-0.43, 21.3, -0.36863], "size": [0.86, 0.8, 0.2], "uv": [13, 28]}
				]
			},
			{
				"name": "bone13",
				"parent": "bone12",
				"pivot": [-0.4, 21.3, -0.4]
			},
			{
				"name": "bone14",
				"parent": "bone12",
				"pivot": [0.4, 21.3, -0.4]
			},
			{
				"name": "bone15",
				"parent": "bone6",
				"pivot": [0, 21.3, -1.2],
				"rotation": [0, -90, 0]
			},
			{
				"name": "bone16",
				"parent": "bone15",
				"pivot": [0, 21.3, -0.4],
				"cubes": [
					{"origin": [-0.43, 21.3, -0.36863], "size": [0.86, 0.8, 0.2], "uv": [13, 28]}
				]
			},
			{
				"name": "bone17",
				"parent": "bone16",
				"pivot": [-0.4, 21.3, -0.4]
			},
			{
				"name": "bone18",
				"parent": "bone16",
				"pivot": [0.4, 21.3, -0.4]
			},
			{
				"name": "bone19",
				"parent": "bone6",
				"pivot": [0, 21.3, -1.2],
				"rotation": [0, -135, 0]
			},
			{
				"name": "bone20",
				"parent": "bone19",
				"pivot": [0, 21.3, -0.4],
				"cubes": [
					{"origin": [-0.43, 21.3, -0.36863], "size": [0.86, 0.8, 0.2], "uv": [13, 28]}
				]
			},
			{
				"name": "bone21",
				"parent": "bone20",
				"pivot": [-0.4, 21.3, -0.4]
			},
			{
				"name": "bone22",
				"parent": "bone20",
				"pivot": [0.4, 21.3, -0.4]
			},
			{
				"name": "bone23",
				"parent": "bone6",
				"pivot": [0, 21.3, -1.2],
				"rotation": [0, -180, 0]
			},
			{
				"name": "bone24",
				"parent": "bone23",
				"pivot": [0, 21.3, -0.4],
				"cubes": [
					{"origin": [-0.43, 21.3, -0.36863], "size": [0.86, 0.8, 0.2], "uv": [13, 28]}
				]
			},
			{
				"name": "bone25",
				"parent": "bone24",
				"pivot": [-0.4, 21.3, -0.4]
			},
			{
				"name": "bone26",
				"parent": "bone24",
				"pivot": [0.4, 21.3, -0.4]
			},
			{
				"name": "bone27",
				"parent": "bone6",
				"pivot": [0, 21.3, -1.2],
				"rotation": [0, -225, 0]
			},
			{
				"name": "bone28",
				"parent": "bone27",
				"pivot": [0, 21.3, -0.4],
				"cubes": [
					{"origin": [-0.43, 21.3, -0.36863], "size": [0.86, 0.8, 0.2], "uv": [13, 28]}
				]
			},
			{
				"name": "bone29",
				"parent": "bone28",
				"pivot": [-0.4, 21.3, -0.4]
			},
			{
				"name": "bone30",
				"parent": "bone28",
				"pivot": [0.4, 21.3, -0.4]
			},
			{
				"name": "bone31",
				"parent": "bone6",
				"pivot": [0, 21.3, -1.2],
				"rotation": [0, -270, 0]
			},
			{
				"name": "bone32",
				"parent": "bone31",
				"pivot": [0, 21.3, -0.4],
				"cubes": [
					{"origin": [-0.43, 21.3, -0.36863], "size": [0.86, 0.8, 0.2], "uv": [13, 28]}
				]
			},
			{
				"name": "bone33",
				"parent": "bone32",
				"pivot": [-0.4, 21.3, -0.4]
			},
			{
				"name": "bone35",
				"parent": "bone6",
				"pivot": [0, 21.3, -1.2],
				"rotation": [0, -315, 0]
			},
			{
				"name": "bone36",
				"parent": "bone35",
				"pivot": [0, 21.3, -0.4],
				"cubes": [
					{"origin": [-0.43, 21.3, -0.36863], "size": [0.86, 0.8, 0.2], "uv": [13, 28]}
				]
			},
			{
				"name": "bone37",
				"parent": "bone36",
				"pivot": [-0.4, 21.3, -0.4]
			},
			{
				"name": "bone38",
				"parent": "bone36",
				"pivot": [0.4, 21.3, -0.4]
			},
			{
				"name": "eyeTopE",
				"parent": "bone103",
				"pivot": [0, 21.3, -1.27],
				"rotation": [90, 0, -22.5]
			},
			{
				"name": "bone39",
				"parent": "eyeTopE",
				"pivot": [0, 21.3, -1.27]
			},
			{
				"name": "bone40",
				"parent": "bone39",
				"pivot": [0, 21.3, -1.27]
			},
			{
				"name": "bone41",
				"parent": "bone40",
				"pivot": [0, 21.3, -0.47],
				"cubes": [
					{"origin": [-0.32, 21.3, -1.27863], "size": [0.64, 0.8, 0.79], "uv": [30, 18]}
				]
			},
			{
				"name": "bone42",
				"parent": "bone41",
				"pivot": [-0.4, 21.3, -0.47]
			},
			{
				"name": "bone43",
				"parent": "bone41",
				"pivot": [0.4, 21.3, -0.47]
			},
			{
				"name": "bone44",
				"parent": "bone39",
				"pivot": [0, 21.3, -1.27],
				"rotation": [0, -45, 0]
			},
			{
				"name": "bone45",
				"parent": "bone44",
				"pivot": [0, 21.3, -0.47],
				"cubes": [
					{"origin": [-0.32, 21.3, -1.27863], "size": [0.64, 0.8, 0.79], "uv": [30, 18]}
				]
			},
			{
				"name": "bone46",
				"parent": "bone45",
				"pivot": [-0.4, 21.3, -0.47]
			},
			{
				"name": "bone47",
				"parent": "bone45",
				"pivot": [0.4, 21.3, -0.47]
			},
			{
				"name": "bone48",
				"parent": "bone39",
				"pivot": [0, 21.3, -1.27],
				"rotation": [0, -90, 0]
			},
			{
				"name": "bone49",
				"parent": "bone48",
				"pivot": [0, 21.3, -0.47],
				"cubes": [
					{"origin": [-0.32, 21.3, -1.27863], "size": [0.64, 0.8, 0.79], "uv": [30, 18]}
				]
			},
			{
				"name": "bone50",
				"parent": "bone49",
				"pivot": [-0.4, 21.3, -0.47]
			},
			{
				"name": "bone51",
				"parent": "bone49",
				"pivot": [0.4, 21.3, -0.47]
			},
			{
				"name": "bone52",
				"parent": "bone39",
				"pivot": [0, 21.3, -1.27],
				"rotation": [0, -135, 0]
			},
			{
				"name": "bone53",
				"parent": "bone52",
				"pivot": [0, 21.3, -0.47],
				"cubes": [
					{"origin": [-0.32, 21.3, -1.27863], "size": [0.64, 0.8, 0.79], "uv": [30, 18]}
				]
			},
			{
				"name": "bone54",
				"parent": "bone53",
				"pivot": [-0.4, 21.3, -0.47]
			},
			{
				"name": "bone55",
				"parent": "bone53",
				"pivot": [0.4, 21.3, -0.47]
			},
			{
				"name": "bone56",
				"parent": "bone39",
				"pivot": [0, 21.3, -1.27],
				"rotation": [0, -180, 0]
			},
			{
				"name": "bone57",
				"parent": "bone56",
				"pivot": [0, 21.3, -0.47],
				"cubes": [
					{"origin": [-0.32, 21.3, -1.27863], "size": [0.64, 0.8, 0.79], "uv": [30, 18]}
				]
			},
			{
				"name": "bone58",
				"parent": "bone57",
				"pivot": [-0.4, 21.3, -0.47]
			},
			{
				"name": "bone59",
				"parent": "bone57",
				"pivot": [0.4, 21.3, -0.47]
			},
			{
				"name": "bone60",
				"parent": "bone39",
				"pivot": [0, 21.3, -1.27],
				"rotation": [0, -225, 0]
			},
			{
				"name": "bone61",
				"parent": "bone60",
				"pivot": [0, 21.3, -0.47],
				"cubes": [
					{"origin": [-0.32, 21.3, -1.27863], "size": [0.64, 0.8, 0.79], "uv": [30, 18]}
				]
			},
			{
				"name": "bone62",
				"parent": "bone61",
				"pivot": [-0.4, 21.3, -0.47]
			},
			{
				"name": "bone63",
				"parent": "bone61",
				"pivot": [0.4, 21.3, -0.47]
			},
			{
				"name": "bone64",
				"parent": "bone39",
				"pivot": [0, 21.3, -1.27],
				"rotation": [0, -270, 0]
			},
			{
				"name": "bone65",
				"parent": "bone64",
				"pivot": [0, 21.3, -0.47],
				"cubes": [
					{"origin": [-0.32, 21.3, -1.27863], "size": [0.64, 0.8, 0.79], "uv": [30, 18]}
				]
			},
			{
				"name": "bone66",
				"parent": "bone65",
				"pivot": [-0.4, 21.3, -0.47]
			},
			{
				"name": "bone67",
				"parent": "bone39",
				"pivot": [0, 21.3, -1.27],
				"rotation": [0, -315, 0]
			},
			{
				"name": "bone68",
				"parent": "bone67",
				"pivot": [0, 21.3, -0.47],
				"cubes": [
					{"origin": [-0.32, 21.3, -1.27863], "size": [0.64, 0.8, 0.79], "uv": [30, 18]}
				]
			},
			{
				"name": "bone69",
				"parent": "bone68",
				"pivot": [-0.4, 21.3, -0.47]
			},
			{
				"name": "bone70",
				"parent": "bone68",
				"pivot": [0.4, 21.3, -0.47]
			},
			{
				"name": "eyeTop3",
				"parent": "bone344",
				"pivot": [0, 19.22, -1.2],
				"rotation": [90, 0, -22.5]
			},
			{
				"name": "bone106",
				"parent": "eyeTop3",
				"pivot": [0, 19.22, -1.2]
			},
			{
				"name": "bone107",
				"parent": "bone106",
				"pivot": [0, 19.22, -1.2]
			},
			{
				"name": "bone108",
				"parent": "bone107",
				"pivot": [0, 19.22, -0.4],
				"cubes": [
					{"origin": [-0.24, 19.22, -1.19863], "size": [0.48, 0.74, 0.56], "uv": [6, 23]}
				]
			},
			{
				"name": "bone109",
				"parent": "bone108",
				"pivot": [-0.4, 19.22, -0.4]
			},
			{
				"name": "bone110",
				"parent": "bone108",
				"pivot": [0.4, 19.22, -0.4]
			},
			{
				"name": "bone111",
				"parent": "bone106",
				"pivot": [0, 19.22, -1.2],
				"rotation": [0, -45, 0]
			},
			{
				"name": "bone112",
				"parent": "bone111",
				"pivot": [0, 19.22, -0.4],
				"cubes": [
					{"origin": [-0.24, 19.22, -1.19863], "size": [0.48, 0.74, 0.56], "uv": [6, 23]}
				]
			},
			{
				"name": "bone113",
				"parent": "bone112",
				"pivot": [-0.4, 19.22, -0.4]
			},
			{
				"name": "bone114",
				"parent": "bone112",
				"pivot": [0.4, 19.22, -0.4]
			},
			{
				"name": "bone115",
				"parent": "bone106",
				"pivot": [0, 19.22, -1.2],
				"rotation": [0, -90, 0]
			},
			{
				"name": "bone116",
				"parent": "bone115",
				"pivot": [0, 19.22, -0.4],
				"cubes": [
					{"origin": [-0.24, 19.22, -1.19863], "size": [0.48, 0.74, 0.56], "uv": [6, 23]}
				]
			},
			{
				"name": "bone117",
				"parent": "bone116",
				"pivot": [-0.4, 19.22, -0.4]
			},
			{
				"name": "bone118",
				"parent": "bone116",
				"pivot": [0.4, 19.22, -0.4]
			},
			{
				"name": "bone119",
				"parent": "bone106",
				"pivot": [0, 19.22, -1.2],
				"rotation": [0, -135, 0]
			},
			{
				"name": "bone120",
				"parent": "bone119",
				"pivot": [0, 19.22, -0.4],
				"cubes": [
					{"origin": [-0.24, 19.22, -1.19863], "size": [0.48, 0.74, 0.56], "uv": [6, 23]}
				]
			},
			{
				"name": "bone121",
				"parent": "bone120",
				"pivot": [-0.4, 19.22, -0.4]
			},
			{
				"name": "bone122",
				"parent": "bone120",
				"pivot": [0.4, 19.22, -0.4]
			},
			{
				"name": "bone123",
				"parent": "bone106",
				"pivot": [0, 19.22, -1.2],
				"rotation": [0, -180, 0]
			},
			{
				"name": "bone124",
				"parent": "bone123",
				"pivot": [0, 19.22, -0.4],
				"cubes": [
					{"origin": [-0.24, 19.22, -1.19863], "size": [0.48, 0.74, 0.56], "uv": [6, 23]}
				]
			},
			{
				"name": "bone125",
				"parent": "bone124",
				"pivot": [-0.4, 19.22, -0.4]
			},
			{
				"name": "bone126",
				"parent": "bone124",
				"pivot": [0.4, 19.22, -0.4]
			},
			{
				"name": "bone127",
				"parent": "bone106",
				"pivot": [0, 19.22, -1.2],
				"rotation": [0, -225, 0]
			},
			{
				"name": "bone128",
				"parent": "bone127",
				"pivot": [0, 19.22, -0.4],
				"cubes": [
					{"origin": [-0.24, 19.22, -1.19863], "size": [0.48, 0.74, 0.56], "uv": [6, 23]}
				]
			},
			{
				"name": "bone129",
				"parent": "bone128",
				"pivot": [-0.4, 19.22, -0.4]
			},
			{
				"name": "bone130",
				"parent": "bone128",
				"pivot": [0.4, 19.22, -0.4]
			},
			{
				"name": "bone131",
				"parent": "bone106",
				"pivot": [0, 19.22, -1.2],
				"rotation": [0, -270, 0]
			},
			{
				"name": "bone132",
				"parent": "bone131",
				"pivot": [0, 19.22, -0.4],
				"cubes": [
					{"origin": [-0.24, 19.22, -1.19863], "size": [0.48, 0.74, 0.56], "uv": [6, 23]}
				]
			},
			{
				"name": "bone133",
				"parent": "bone132",
				"pivot": [-0.4, 19.22, -0.4]
			},
			{
				"name": "bone134",
				"parent": "bone106",
				"pivot": [0, 19.22, -1.2],
				"rotation": [0, -315, 0]
			},
			{
				"name": "bone135",
				"parent": "bone134",
				"pivot": [0, 19.22, -0.4],
				"cubes": [
					{"origin": [-0.24, 19.22, -1.19863], "size": [0.48, 0.74, 0.56], "uv": [6, 23]}
				]
			},
			{
				"name": "bone136",
				"parent": "bone135",
				"pivot": [-0.4, 19.22, -0.4]
			},
			{
				"name": "bone137",
				"parent": "bone135",
				"pivot": [0.4, 19.22, -0.4]
			},
			{
				"name": "eyeTop2",
				"parent": "bone344",
				"pivot": [0, 19.22, -1.2],
				"rotation": [90, 0, -22.5]
			},
			{
				"name": "bone5",
				"parent": "eyeTop2",
				"pivot": [0, 19.22, -1.2]
			},
			{
				"name": "bone72",
				"parent": "bone5",
				"pivot": [0, 19.22, -1.2]
			},
			{
				"name": "bone73",
				"parent": "bone72",
				"pivot": [0, 19.22, -0.4],
				"cubes": [
					{"origin": [-0.31, 19.22, -0.66863], "size": [0.62, 0.8, 0.2], "uv": [13, 28]}
				]
			},
			{
				"name": "bone74",
				"parent": "bone73",
				"pivot": [-0.4, 19.22, -0.4]
			},
			{
				"name": "bone75",
				"parent": "bone73",
				"pivot": [0.4, 19.22, -0.4]
			},
			{
				"name": "bone76",
				"parent": "bone5",
				"pivot": [0, 19.22, -1.2],
				"rotation": [0, -45, 0]
			},
			{
				"name": "bone77",
				"parent": "bone76",
				"pivot": [0, 19.22, -0.4],
				"cubes": [
					{"origin": [-0.31, 19.22, -0.66863], "size": [0.62, 0.8, 0.2], "uv": [13, 28]}
				]
			},
			{
				"name": "bone78",
				"parent": "bone77",
				"pivot": [-0.4, 19.22, -0.4]
			},
			{
				"name": "bone79",
				"parent": "bone77",
				"pivot": [0.4, 19.22, -0.4]
			},
			{
				"name": "bone80",
				"parent": "bone5",
				"pivot": [0, 19.22, -1.2],
				"rotation": [0, -90, 0]
			},
			{
				"name": "bone81",
				"parent": "bone80",
				"pivot": [0, 19.22, -0.4],
				"cubes": [
					{"origin": [-0.31, 19.22, -0.66863], "size": [0.62, 0.8, 0.2], "uv": [13, 28]}
				]
			},
			{
				"name": "bone82",
				"parent": "bone81",
				"pivot": [-0.4, 19.22, -0.4]
			},
			{
				"name": "bone83",
				"parent": "bone81",
				"pivot": [0.4, 19.22, -0.4]
			},
			{
				"name": "bone84",
				"parent": "bone5",
				"pivot": [0, 19.22, -1.2],
				"rotation": [0, -135, 0]
			},
			{
				"name": "bone85",
				"parent": "bone84",
				"pivot": [0, 19.22, -0.4],
				"cubes": [
					{"origin": [-0.31, 19.22, -0.66863], "size": [0.62, 0.8, 0.2], "uv": [13, 28]}
				]
			},
			{
				"name": "bone86",
				"parent": "bone85",
				"pivot": [-0.4, 19.22, -0.4]
			},
			{
				"name": "bone87",
				"parent": "bone85",
				"pivot": [0.4, 19.22, -0.4]
			},
			{
				"name": "bone88",
				"parent": "bone5",
				"pivot": [0, 19.22, -1.2],
				"rotation": [0, -180, 0]
			},
			{
				"name": "bone89",
				"parent": "bone88",
				"pivot": [0, 19.22, -0.4],
				"cubes": [
					{"origin": [-0.31, 19.22, -0.66863], "size": [0.62, 0.8, 0.2], "uv": [13, 28]}
				]
			},
			{
				"name": "bone90",
				"parent": "bone89",
				"pivot": [-0.4, 19.22, -0.4]
			},
			{
				"name": "bone91",
				"parent": "bone89",
				"pivot": [0.4, 19.22, -0.4]
			},
			{
				"name": "bone92",
				"parent": "bone5",
				"pivot": [0, 19.22, -1.2],
				"rotation": [0, -225, 0]
			},
			{
				"name": "bone93",
				"parent": "bone92",
				"pivot": [0, 19.22, -0.4],
				"cubes": [
					{"origin": [-0.31, 19.22, -0.66863], "size": [0.62, 0.8, 0.2], "uv": [13, 28]}
				]
			},
			{
				"name": "bone94",
				"parent": "bone93",
				"pivot": [-0.4, 19.22, -0.4]
			},
			{
				"name": "bone95",
				"parent": "bone93",
				"pivot": [0.4, 19.22, -0.4]
			},
			{
				"name": "bone96",
				"parent": "bone5",
				"pivot": [0, 19.22, -1.2],
				"rotation": [0, -270, 0]
			},
			{
				"name": "bone97",
				"parent": "bone96",
				"pivot": [0, 19.22, -0.4],
				"cubes": [
					{"origin": [-0.31, 19.22, -0.66863], "size": [0.62, 0.8, 0.2], "uv": [13, 28]}
				]
			},
			{
				"name": "bone98",
				"parent": "bone97",
				"pivot": [-0.4, 19.22, -0.4]
			},
			{
				"name": "bone99",
				"parent": "bone5",
				"pivot": [0, 19.22, -1.2],
				"rotation": [0, -315, 0]
			},
			{
				"name": "bone100",
				"parent": "bone99",
				"pivot": [0, 19.22, -0.4],
				"cubes": [
					{"origin": [-0.31, 19.22, -0.66863], "size": [0.62, 0.8, 0.2], "uv": [13, 28]}
				]
			},
			{
				"name": "bone101",
				"parent": "bone100",
				"pivot": [-0.4, 19.22, -0.4]
			},
			{
				"name": "bone102",
				"parent": "bone100",
				"pivot": [0.4, 19.22, -0.4]
			},
			{
				"name": "bone",
				"parent": "bone344",
				"pivot": [-0.1, 20.1796, 1.25],
				"rotation": [20, 0, 0],
				"cubes": [
					{"origin": [-1.9, 17.4796, 0.8], "size": [1, 2.4, 2.05], "uv": [9, 20]},
					{"origin": [0.9, 17.4796, 0.8], "size": [1, 2.4, 2.05], "uv": [15, 20]},
					{"origin": [-0.9, 17.4796, 0.8], "size": [0.32, 4.9, 2.05], "uv": [16, 26]},
					{"origin": [0.58, 17.4796, 0.8], "size": [0.32, 4.9, 2.05], "uv": [13, 26]},
					{"origin": [-0.58, 17.4796, 0.8], "size": [1.16, 0.8, 2.05], "uv": [8, 24]},
					{"origin": [-1.9, 16.6496, 0.8], "size": [3.8, 0.7, 2.05], "uv": [9, 29]},
					{"origin": [-0.5, 15.3496, 1.54], "size": [1, 1.3, 1.31], "uv": [16, 7]},
					{"origin": [-1.9, 15.3496, 0.8], "size": [3.8, 1.3, 0.75], "uv": [12, 29]},
					{"origin": [-1.69, 17.1496, 0.89], "size": [3.38, 0.7, 1.87], "uv": [22, 22]},
					{"origin": [-0.58, 20.3696, 0.8], "size": [1.4, 1.96, 2.03], "uv": [14, 14]},
					{"origin": [-0.58, 18.2196, 0.8], "size": [1.4, 2.16, 1.73], "uv": [4, 18]},
					{"origin": [-1.8996, 19.8796, 0.8], "size": [0.9996, 2.5, 2.05], "uv": [21, 24]},
					{"origin": [0.9, 19.8796, 0.8], "size": [0.9996, 2.5, 2.05], "uv": [21, 24]}
				]
			},
			{
				"name": "bone342",
				"parent": "bone",
				"pivot": [0.02, 21.5496, 1.915]
			},
			{
				"name": "bone341",
				"parent": "bone342",
				"pivot": [0.02, 21.5496, 1.885],
				"rotation": [0, 0, -45],
				"cubes": [
					{"origin": [-0.31, 21.2096, 2.72], "size": [0.66, 0.68, 0.15], "uv": [25, 13]}
				]
			},
			{
				"name": "bone343",
				"parent": "bone342",
				"pivot": [0.02, 21.5496, 1.915],
				"cubes": [
					{"origin": [-0.24, 21.4896, 2.8], "size": [0.52, 0.12, 0.13], "uv": [28, 7]}
				]
			},
			{
				"name": "bone340",
				"parent": "bone343",
				"pivot": [0.02, 21.5496, 1.915],
				"rotation": [0, 0, -90],
				"cubes": [
					{"origin": [-0.24, 21.4896, 2.775], "size": [0.52, 0.12, 0.155], "uv": [28, 7]}
				]
			},
			{
				"name": "thrusterL",
				"parent": "bone",
				"pivot": [-0.1, 20.1796, 1.25]
			},
			{
				"name": "bone177",
				"parent": "thrusterL",
				"pivot": [2.1, 15.9996, 2.245],
				"cubes": [
					{"origin": [2.1, 15.3496, 1.54], "size": [0.15, 0.925, 1.41], "uv": [23, 29]},
					{"origin": [0.5, 16.2746, 1.54], "size": [1.75, 0.375, 1.41], "uv": [26, 29]},
					{"origin": [0.6, 16.1496, 1.54], "size": [1.5, 0.125, 1.41], "uv": [4, 22]}
				]
			},
			{
				"name": "bone178",
				"parent": "bone177",
				"pivot": [2.1, 15.5896, 2.245],
				"rotation": [42.5, 0, 0],
				"cubes": [
					{"origin": [2.1, 14.9396, 1.49], "size": [0.15, 0.95, 1.12], "uv": [26, 26]}
				]
			},
			{
				"name": "bone173",
				"parent": "thrusterL",
				"pivot": [1.375, 15.9996, 2.245],
				"cubes": [
					{"origin": [1.075, 15.3496, 1.54], "size": [0.2, 0.8, 1.41], "uv": [5, 22]}
				]
			},
			{
				"name": "bone174",
				"parent": "bone173",
				"pivot": [1.375, 15.5896, 2.245],
				"rotation": [42.5, 0, 0],
				"cubes": [
					{"origin": [1.075, 14.9396, 1.54], "size": [0.2, 0.95, 1.07], "uv": [6, 22]}
				]
			},
			{
				"name": "bone363",
				"parent": "thrusterL",
				"pivot": [1.8, 15.9996, 2.245],
				"cubes": [
					{"origin": [1.9, 15.3496, 1.54], "size": [0.2, 0.8, 1.41], "uv": [6, 22]}
				]
			},
			{
				"name": "bone364",
				"parent": "bone363",
				"pivot": [1.8, 15.5896, 2.245],
				"rotation": [42.5, 0, 0],
				"cubes": [
					{"origin": [1.9, 14.9396, 1.54], "size": [0.2, 0.95, 1.07], "uv": [5, 22]}
				]
			},
			{
				"name": "bone175",
				"parent": "thrusterL",
				"pivot": [1.4, 15.9996, 2.245],
				"cubes": [
					{"origin": [1.5, 15.3496, 1.54], "size": [0.2, 0.8, 1.41], "uv": [6, 22]}
				]
			},
			{
				"name": "bone176",
				"parent": "bone175",
				"pivot": [1.4, 15.5896, 2.245],
				"rotation": [42.5, 0, 0],
				"cubes": [
					{"origin": [1.5, 14.9396, 1.54], "size": [0.2, 0.95, 1.07], "uv": [5, 22]}
				]
			},
			{
				"name": "bone172",
				"parent": "thrusterL",
				"pivot": [1.3, 15.9996, 2.245],
				"cubes": [
					{"origin": [0.5, 15.3496, 1.54], "size": [0.1, 0.925, 1.41], "uv": [25, 26]},
					{"origin": [0.6, 15.3496, 1.54], "size": [0.1, 0.8, 1.41], "uv": [5, 22]},
					{"origin": [0.7, 15.4796, 1.54], "size": [1.22, 0.67, 1.3], "uv": [22, 15]}
				]
			},
			{
				"name": "bone171",
				"parent": "bone172",
				"pivot": [1.3, 15.5896, 2.245],
				"rotation": [42.5, 0, 0],
				"cubes": [
					{"origin": [0.5, 14.9396, 1.49], "size": [0.1, 0.95, 1.12], "uv": [26, 25]},
					{"origin": [0.6, 14.9396, 1.54], "size": [0.1, 0.95, 1.07], "uv": [6, 22]},
					{"origin": [0.5, 14.9396, 1.34], "size": [1.75, 0.95, 0.15], "uv": [25, 30]},
					{"origin": [0.6, 14.9396, 1.49], "size": [1.5, 0.95, 0.075], "uv": [5, 23]},
					{"origin": [0.68, 15.0996, 1.54], "size": [1.24, 0.79, 1.07], "uv": [23, 15]}
				]
			},
			{
				"name": "thrusterR",
				"parent": "thrusterL",
				"pivot": [0.1, 20.1796, 1.25]
			},
			{
				"name": "bone179",
				"parent": "thrusterR",
				"pivot": [-2.1, 15.9996, 2.245],
				"cubes": [
					{"origin": [-2.25, 15.3496, 1.54], "size": [0.15, 0.925, 1.41], "uv": [23, 29], "mirror": true},
					{"origin": [-2.25, 16.2746, 1.54], "size": [1.75, 0.375, 1.41], "uv": [26, 29], "mirror": true},
					{"origin": [-2.1, 16.1496, 1.54], "size": [1.5, 0.125, 1.41], "uv": [4, 22], "mirror": true}
				]
			},
			{
				"name": "bone180",
				"parent": "bone179",
				"pivot": [-2.1, 15.5896, 2.245],
				"rotation": [42.5, 0, 0],
				"cubes": [
					{"origin": [-2.25, 14.9396, 1.49], "size": [0.15, 0.95, 1.12], "uv": [26, 26], "mirror": true}
				]
			},
			{
				"name": "bone181",
				"parent": "thrusterR",
				"pivot": [-1.375, 15.9996, 2.245],
				"cubes": [
					{"origin": [-1.275, 15.3496, 1.54], "size": [0.2, 0.8, 1.41], "uv": [5, 22], "mirror": true}
				]
			},
			{
				"name": "bone182",
				"parent": "bone181",
				"pivot": [-1.375, 15.5896, 2.245],
				"rotation": [42.5, 0, 0],
				"cubes": [
					{"origin": [-1.275, 14.9396, 1.54], "size": [0.2, 0.95, 1.07], "uv": [6, 22], "mirror": true}
				]
			},
			{
				"name": "bone183",
				"parent": "thrusterR",
				"pivot": [-1.8, 15.9996, 2.245],
				"cubes": [
					{"origin": [-2.1, 15.3496, 1.54], "size": [0.2, 0.8, 1.41], "uv": [6, 22], "mirror": true}
				]
			},
			{
				"name": "bone184",
				"parent": "bone183",
				"pivot": [-1.8, 15.5896, 2.245],
				"rotation": [42.5, 0, 0],
				"cubes": [
					{"origin": [-2.1, 14.9396, 1.54], "size": [0.2, 0.95, 1.07], "uv": [5, 22], "mirror": true}
				]
			},
			{
				"name": "bone185",
				"parent": "thrusterR",
				"pivot": [-1.4, 15.9996, 2.245],
				"cubes": [
					{"origin": [-1.7, 15.3496, 1.54], "size": [0.2, 0.8, 1.41], "uv": [6, 22], "mirror": true}
				]
			},
			{
				"name": "bone186",
				"parent": "bone185",
				"pivot": [-1.4, 15.5896, 2.245],
				"rotation": [42.5, 0, 0],
				"cubes": [
					{"origin": [-1.7, 14.9396, 1.54], "size": [0.2, 0.95, 1.07], "uv": [5, 22], "mirror": true}
				]
			},
			{
				"name": "bone365",
				"parent": "thrusterR",
				"pivot": [-1.3, 15.9996, 2.245],
				"cubes": [
					{"origin": [-0.6, 15.3496, 1.54], "size": [0.1, 0.925, 1.41], "uv": [25, 26], "mirror": true},
					{"origin": [-0.7, 15.3496, 1.54], "size": [0.1, 0.8, 1.41], "uv": [5, 22], "mirror": true},
					{"origin": [-1.92, 15.4796, 1.54], "size": [1.22, 0.67, 1.3], "uv": [22, 15], "mirror": true}
				]
			},
			{
				"name": "bone366",
				"parent": "bone365",
				"pivot": [-1.3, 15.5896, 2.245],
				"rotation": [42.5, 0, 0],
				"cubes": [
					{"origin": [-0.6, 14.9396, 1.49], "size": [0.1, 0.95, 1.12], "uv": [26, 25], "mirror": true},
					{"origin": [-0.7, 14.9396, 1.54], "size": [0.1, 0.95, 1.07], "uv": [6, 22], "mirror": true},
					{"origin": [-2.25, 14.9396, 1.34], "size": [1.75, 0.95, 0.15], "uv": [25, 30], "mirror": true},
					{"origin": [-2.1, 14.9396, 1.49], "size": [1.5, 0.95, 0.075], "uv": [5, 23], "mirror": true},
					{"origin": [-1.92, 15.0996, 1.54], "size": [1.24, 0.79, 1.07], "uv": [23, 15], "mirror": true}
				]
			},
			{
				"name": "body",
				"parent": "bone344",
				"pivot": [-0.1, 18.2, 0],
				"cubes": [
					{"origin": [-1.9, 20.14, -1.6], "size": [1, 2.66, 3.6], "uv": [0, 6]},
					{"origin": [0.9, 20.14, -1.6], "size": [1, 2.66, 3.6], "uv": [3, 1]},
					{"origin": [-1.4, 18.12, -1.5996], "size": [0.5, 2.02, 3.5996], "uv": [21, 27]},
					{"origin": [0.9, 18.12, -1.5996], "size": [0.5, 2.02, 3.5996], "uv": [21, 24]},
					{"origin": [-1.9, 18.12, -1.6], "size": [0.5, 2.02, 3.6], "uv": [8, 24]},
					{"origin": [1.4, 18.12, -1.6], "size": [0.5, 2.02, 3.6], "uv": [15, 24]},
					{"origin": [-0.78, 17.3596, -1.5996], "size": [1.57, 1.04, 3.6], "uv": [24, 28]},
					{"origin": [-0.88, 17.0996, -1.6], "size": [1.77, 0.5, 3.6], "uv": [8, 24]},
					{"origin": [-0.91, 21.5196, -0.89], "size": [1.83, 1.2, 1.69], "uv": [0, 22]},
					{"origin": [-0.91, 21.5196, 1.31], "size": [1.73, 1.28, 0.29], "uv": [8, 31]},
					{"origin": [-0.61, 21.5196, 1.2], "size": [1.43, 1.22, 0.8], "uv": [18, 15]},
					{"origin": [-0.91, 21.5196, 1.31], "size": [0.33, 1.28, 0.69], "uv": [9, 30]},
					{"origin": [0.58, 21.5196, 1.31], "size": [0.33, 1.28, 0.69], "uv": [9, 25]},
					{"origin": [-0.91, 21.5196, 0.62], "size": [1.83, 1.28, 0.69], "uv": [23, 25]},
					{"origin": [-0.89, 18.3996, -1.4], "size": [1.79, 3.71, 0.8], "uv": [4, 26]}
				]
			},
			{
				"name": "bone352",
				"parent": "body",
				"pivot": [-0.1, 18.2, 0],
				"cubes": [
					{"origin": [1.875, 20.14, -0.35], "size": [0.075, 0.71, 1.1], "uv": [30, 6]},
					{"origin": [1.9, 18.12, -0.9], "size": [0.05, 0.52, 2.625], "uv": [23, 8]},
					{"origin": [1.46, 19.57, -0.7], "size": [0.5, 0.57, 1.8], "uv": [25, 9]}
				]
			},
			{
				"name": "bone351",
				"parent": "bone352",
				"pivot": [1.9125, 20.4075, -0.2],
				"rotation": [-125, 0, 0],
				"cubes": [
					{"origin": [1.876, 20.03, -0.475], "size": [0.074, 0.36, 0.525], "uv": [30, 6]}
				]
			},
			{
				"name": "bone349",
				"parent": "bone352",
				"pivot": [1.9125, 20.0075, 0.775],
				"rotation": [-72.5, 0, 0],
				"cubes": [
					{"origin": [1.876, 20.04, 0.49], "size": [0.074, 0.32, 0.25], "uv": [30, 6]}
				]
			},
			{
				"name": "bone350",
				"parent": "bone352",
				"pivot": [1.9125, 20.4325, 0.575],
				"rotation": [-60, 0, 0],
				"cubes": [
					{"origin": [1.876, 20.465, 0.3], "size": [0.074, 0.335, 0.55], "uv": [30, 6]}
				]
			},
			{
				"name": "bone348",
				"parent": "bone352",
				"pivot": [1.9125, 20.4325, 0.675],
				"rotation": [-90, 0, 0],
				"cubes": [
					{"origin": [1.876, 19.94, 0.725], "size": [0.074, 0.845, 0.25], "uv": [30, 6]}
				]
			},
			{
				"name": "bone345",
				"parent": "bone352",
				"pivot": [1.9125, 20.0825, -0.35],
				"rotation": [-102.5, 0, 0],
				"cubes": [
					{"origin": [1.876, 19.725, -0.605], "size": [0.074, 0.37, 0.275], "uv": [30, 6]}
				]
			},
			{
				"name": "bone347",
				"parent": "bone352",
				"pivot": [1.725, 19.305, 0.175],
				"rotation": [-7.5, 0, 0],
				"cubes": [
					{"origin": [1.5, 18.495, -0.8], "size": [0.45, 1.52, 1.45], "uv": [22, 8]}
				]
			},
			{
				"name": "bone346",
				"parent": "bone352",
				"pivot": [1.725, 19.105, 0.475],
				"rotation": [22.5, 0, 0],
				"cubes": [
					{"origin": [1.5, 18.195, 0.3], "size": [0.45, 1.62, 1.15], "uv": [22, 8]}
				]
			},
			{
				"name": "bone353",
				"parent": "bone352",
				"pivot": [1.5, 18.1996, 0],
				"rotation": [0, 0, 45],
				"cubes": [
					{"origin": [1.365, 16.9896, -0.9], "size": [0.5, 1.48, 2.625], "uv": [22, 8]}
				]
			},
			{
				"name": "bone71",
				"parent": "body",
				"pivot": [1.5, 18.1996, 0],
				"rotation": [0, 0, 45],
				"cubes": [
					{"origin": [0.85, 16.9896, -1.5996], "size": [0.616, 1.43, 3.5996], "uv": [21, 24]},
					{"origin": [1.34, 16.9896, -1.6], "size": [0.5, 1.43, 3.6], "uv": [15, 28]},
					{"origin": [1.365, 16.9896, -0.9], "size": [0.5, 1.48, 2.625], "uv": [22, 8]}
				]
			},
			{
				"name": "bone2",
				"parent": "body",
				"pivot": [-1.5, 18.1996, 0],
				"rotation": [0, 0, -45],
				"cubes": [
					{"origin": [-1.466, 16.9896, -1.5996], "size": [0.616, 1.43, 3.5996], "uv": [21, 26]},
					{"origin": [-1.84, 16.9896, -1.6], "size": [0.5, 1.43, 3.6], "uv": [8, 24]}
				]
			},
			{
				"name": "bone3",
				"parent": "body",
				"pivot": [1.4, 18.1996, 0],
				"rotation": [0, 0, 45]
			},
			{
				"name": "bone4",
				"parent": "body",
				"pivot": [-0.045, 22.47661, -0.44175],
				"rotation": [-40, 0, 0],
				"cubes": [
					{"origin": [-0.89, 21.57661, -0.94175], "size": [1.79, 0.8, 1.4], "uv": [0, 24]}
				]
			},
			{
				"name": "bone354",
				"parent": "body",
				"pivot": [0.1, 18.2, 0],
				"cubes": [
					{"origin": [-1.95, 20.14, -0.35], "size": [0.075, 0.71, 1.1], "uv": [30, 6], "mirror": true},
					{"origin": [-1.95, 18.12, -0.9], "size": [0.05, 0.52, 2.625], "uv": [23, 8], "mirror": true},
					{"origin": [-1.96, 19.57, -0.7], "size": [0.5, 0.57, 1.8], "uv": [25, 9], "mirror": true}
				]
			},
			{
				"name": "bone355",
				"parent": "bone354",
				"pivot": [-1.9125, 20.4075, -0.2],
				"rotation": [-125, 0, 0],
				"cubes": [
					{"origin": [-1.95, 20.03, -0.475], "size": [0.074, 0.36, 0.525], "uv": [30, 6], "mirror": true}
				]
			},
			{
				"name": "bone356",
				"parent": "bone354",
				"pivot": [-1.9125, 20.0075, 0.775],
				"rotation": [-72.5, 0, 0],
				"cubes": [
					{"origin": [-1.95, 20.04, 0.49], "size": [0.074, 0.32, 0.25], "uv": [30, 6], "mirror": true}
				]
			},
			{
				"name": "bone357",
				"parent": "bone354",
				"pivot": [-1.9125, 20.4325, 0.575],
				"rotation": [-60, 0, 0],
				"cubes": [
					{"origin": [-1.95, 20.465, 0.3], "size": [0.074, 0.335, 0.55], "uv": [30, 6], "mirror": true}
				]
			},
			{
				"name": "bone358",
				"parent": "bone354",
				"pivot": [-1.9125, 20.4325, 0.675],
				"rotation": [-90, 0, 0],
				"cubes": [
					{"origin": [-1.95, 19.94, 0.725], "size": [0.074, 0.845, 0.25], "uv": [30, 6], "mirror": true}
				]
			},
			{
				"name": "bone359",
				"parent": "bone354",
				"pivot": [-1.9125, 20.0825, -0.35],
				"rotation": [-102.5, 0, 0],
				"cubes": [
					{"origin": [-1.95, 19.725, -0.605], "size": [0.074, 0.37, 0.275], "uv": [30, 6], "mirror": true}
				]
			},
			{
				"name": "bone360",
				"parent": "bone354",
				"pivot": [-1.725, 19.305, 0.175],
				"rotation": [-7.5, 0, 0],
				"cubes": [
					{"origin": [-1.95, 18.495, -0.8], "size": [0.45, 1.52, 1.45], "uv": [22, 8], "mirror": true}
				]
			},
			{
				"name": "bone361",
				"parent": "bone354",
				"pivot": [-1.725, 19.105, 0.475],
				"rotation": [22.5, 0, 0],
				"cubes": [
					{"origin": [-1.95, 18.195, 0.3], "size": [0.45, 1.62, 1.15], "uv": [22, 8], "mirror": true}
				]
			},
			{
				"name": "bone362",
				"parent": "bone354",
				"pivot": [-1.5, 18.1996, 0],
				"rotation": [0, 0, -45],
				"cubes": [
					{"origin": [-1.865, 16.9896, -0.9], "size": [0.5, 1.48, 2.625], "uv": [22, 8], "mirror": true}
				]
			},
			{
				"name": "bone170",
				"parent": "bone344",
				"pivot": [-0.1, 18.2, 0],
				"cubes": [
					{"origin": [1.32, 22.26, -0.6], "size": [0.6, 0.56, 2.6], "uv": [22, 18]}
				]
			},
			{
				"name": "bone105",
				"parent": "bone170",
				"pivot": [1.62, 22.36, 1.79],
				"rotation": [20, 0, 0],
				"cubes": [
					{"origin": [1.32, 22.13, 1.91], "size": [0.6, 0.59, 0.24], "uv": [22, 18]}
				]
			},
			{
				"name": "bone104",
				"parent": "bone170",
				"pivot": [1.62, 22.36, 1.22],
				"rotation": [7.5, 0, 0],
				"cubes": [
					{"origin": [1.32, 22.09, 0.12], "size": [0.6, 0.55, 1.86], "uv": [22, 18]}
				]
			},
			{
				"name": "bone34",
				"parent": "bone170",
				"pivot": [1.62, 22.09, 0.52],
				"rotation": [-22.5, 0, 0],
				"cubes": [
					{"origin": [1.32, 21.82, -0.58], "size": [0.6, 0.55, 0.83], "uv": [22, 18]}
				]
			},
			{
				"name": "bone336",
				"parent": "bone344",
				"pivot": [0.1, 18.2, 0],
				"cubes": [
					{"origin": [-1.92, 22.26, -0.6], "size": [0.6, 0.56, 2.6], "uv": [22, 18]}
				]
			},
			{
				"name": "bone337",
				"parent": "bone336",
				"pivot": [-1.62, 22.36, 1.79],
				"rotation": [20, 0, 0],
				"cubes": [
					{"origin": [-1.92, 22.13, 1.91], "size": [0.6, 0.59, 0.24], "uv": [22, 18]}
				]
			},
			{
				"name": "bone338",
				"parent": "bone336",
				"pivot": [-1.62, 22.36, 1.22],
				"rotation": [7.5, 0, 0],
				"cubes": [
					{"origin": [-1.92, 22.09, 0.12], "size": [0.6, 0.55, 1.86], "uv": [22, 18]}
				]
			},
			{
				"name": "bone339",
				"parent": "bone336",
				"pivot": [-1.62, 22.09, 0.52],
				"rotation": [-22.5, 0, 0],
				"cubes": [
					{"origin": [-1.92, 21.82, -0.58], "size": [0.6, 0.55, 0.83], "uv": [22, 18]}
				]
			}
		]
	}
}