{
	"format_version": "1.10.0",
	"geometry.model": {
		"texturewidth": 128,
		"textureheight": 128,
		"visible_bounds_width": 3,
		"visible_bounds_height": 4,
		"visible_bounds_offset": [0, 1, 0],
		"bones": [
			{
				"name": "head",
				"pivot": [0, 18.5, 0],
				"cubes": [
					{"origin": [-4, 18, -4], "size": [8, 8.75, 8], "uv": [0, 0]}
				]
			},
			{
				"name": "blink",
				"parent": "head",
				"pivot": [0, 18.5, 0],
				"cubes": [
					{"origin": [-4, 18, -4.001], "size": [8, 8, 0], "uv": [0, 44]}
				]
			},
			{
				"name": "bone70",
				"parent": "head",
				"pivot": [0, 18.25, 0]
			},
			{
				"name": "bone53",
				"parent": "bone70",
				"pivot": [-4, 24.4625, -3.85],
				"rotation": [3.81717, -16.08764, 11.2016],
				"cubes": [
					{"origin": [-4.55, 23.125, -4.35], "size": [1.05, 2.675, 1], "uv": [29, 48]}
				]
			},
			{
				"name": "bone69",
				"parent": "bone70",
				"pivot": [-4.3, 21.3125, -3.8],
				"rotation": [1.43964, -14.69111, 0.6358],
				"cubes": [
					{"origin": [-4.85, 19.2, -4.3], "size": [1.05, 4.25, 1], "uv": [24, 2]}
				]
			},
			{
				"name": "bone165",
				"parent": "bone70",
				"pivot": [0.5, 26.625, -3.175],
				"rotation": [-0.08781, -0.32018, -1.89637],
				"cubes": [
					{"origin": [-0.1, 25.8, -3.675], "size": [2.625, 1, 7.225], "uv": [24, 0]}
				]
			},
			{
				"name": "bone153",
				"parent": "bone70",
				"pivot": [-0.5, 26.625, -3.175],
				"rotation": [-0.08781, 0.32018, 1.89637],
				"cubes": [
					{"origin": [-2.525, 25.8, -3.675], "size": [2.625, 1, 7.225], "uv": [34, 8]}
				]
			},
			{
				"name": "bone51",
				"parent": "bone70",
				"pivot": [-0.5, 26.45, -4],
				"rotation": [23.16277, 2.06996, 1.92424],
				"cubes": [
					{"origin": [-2.525, 25.625, -4.5], "size": [2.625, 1, 1], "uv": [9, 36]}
				]
			},
			{
				"name": "bone151",
				"parent": "bone70",
				"pivot": [-2.65, 24.8, -3.825],
				"rotation": [18.00863, -0.1326, -32.47119],
				"cubes": [
					{"origin": [-3.85, 24.475, -4.1], "size": [3.05, 1, 1], "uv": [0, 42]}
				]
			},
			{
				"name": "bone152",
				"parent": "bone70",
				"pivot": [-3.3, 25.7, -4.025],
				"rotation": [24.75, 0, -15.75],
				"cubes": [
					{"origin": [-4.025, 25.375, -4.3], "size": [1.75, 1.15, 1], "uv": [19, 40]}
				]
			},
			{
				"name": "bone166",
				"parent": "bone70",
				"pivot": [3.35, 25.9, -3.025],
				"rotation": [-0.25, 0, 15.75],
				"cubes": [
					{"origin": [2.325, 25.575, -3.775], "size": [1.75, 1.15, 7.525], "uv": [18, 40]}
				]
			},
			{
				"name": "bone52",
				"parent": "bone70",
				"pivot": [-3.35, 25.9, -3.025],
				"rotation": [-0.25, 0, -15.75],
				"cubes": [
					{"origin": [-4.075, 25.575, -3.775], "size": [1.75, 1.15, 7.525], "uv": [40, 33]}
				]
			},
			{
				"name": "bone71",
				"parent": "head",
				"pivot": [0, 18.25, 0]
			},
			{
				"name": "bone72",
				"parent": "bone71",
				"pivot": [4.275, 24.4625, -3.85],
				"rotation": [3.81717, 16.08764, -11.2016],
				"cubes": [
					{"origin": [3.325, 23.125, -4.35], "size": [1.45, 2.675, 1], "uv": [25, 48]}
				]
			},
			{
				"name": "bone73",
				"parent": "bone71",
				"pivot": [4.425, 21.3125, -3.725],
				"rotation": [2.74202, 14.50856, 4.52771],
				"cubes": [
					{"origin": [3.925, 19.25, -4.225], "size": [1, 4.2, 1], "uv": [117, 105]}
				]
			},
			{
				"name": "bone137",
				"parent": "bone71",
				"pivot": [-3.425, 21.3125, -3.075],
				"rotation": [-1.5958, 1.22522, -3.89475],
				"cubes": [
					{"origin": [-4.925, 19.175, -3.575], "size": [1, 4.275, 7.225], "uv": [25, 9]}
				]
			},
			{
				"name": "bone96",
				"parent": "bone71",
				"pivot": [4.425, 21.3125, -3.075],
				"rotation": [-1.5958, -1.22522, 3.89475],
				"cubes": [
					{"origin": [3.925, 19.175, -3.575], "size": [1, 4.275, 7.225], "uv": [0, 31]}
				]
			},
			{
				"name": "bone74",
				"parent": "bone71",
				"pivot": [0.65, 26.15, -4],
				"rotation": [23.13607, -2.36481, -1.23412],
				"cubes": [
					{"origin": [-0.05, 25.65, -4.375], "size": [3.425, 1, 1], "uv": [16, 44]}
				]
			},
			{
				"name": "bone128",
				"parent": "bone71",
				"pivot": [1.575, 25, -3.975],
				"rotation": [18.83951, 10.6694, 33.06164],
				"cubes": [
					{"origin": [0.55, 25.15, -4.25], "size": [1.575, 1, 1], "uv": [47, 30]}
				]
			},
			{
				"name": "bone87",
				"parent": "bone71",
				"pivot": [1.85, 24.6, -3.925],
				"rotation": [30.66093, 4.02871, 59.12063],
				"cubes": [
					{"origin": [1.325, 24.75, -4.2], "size": [1.55, 1, 1], "uv": [36, 59]}
				]
			},
			{
				"name": "bone75",
				"parent": "bone71",
				"pivot": [3.825, 25.25, -3.85],
				"rotation": [29.86612, 5.68569, 35.37883],
				"cubes": [
					{"origin": [2.5, 24.825, -4.375], "size": [1.525, 1.475, 1], "uv": [114, 97]}
				]
			},
			{
				"name": "bone85",
				"parent": "bone71",
				"pivot": [4.15, 23.7375, -4.625],
				"rotation": [-1.53318, 37.52861, -33.81273],
				"cubes": [
					{"origin": [2.75, 22.05, -5.3], "size": [1, 2.675, 1], "uv": [45, 12]}
				]
			},
			{
				"name": "bone94",
				"parent": "bone71",
				"pivot": [4.825, 21.9125, -2.625],
				"rotation": [94.95171, -11.67577, -14.25247],
				"cubes": [
					{"origin": [4.675, 20.775, -3.675], "size": [1, 2.025, 1], "uv": [43, 41]}
				]
			},
			{
				"name": "bone105",
				"parent": "bone71",
				"pivot": [5.6, 21.7625, -1.125],
				"rotation": [7.34332, 2.48434, -18.59055],
				"cubes": [
					{"origin": [5.1, 21.0875, -1.625], "size": [1, 1.175, 1], "uv": [16, 59]}
				]
			},
			{
				"name": "bone108",
				"parent": "bone105",
				"pivot": [5.6, 21.7625, -1.125]
			},
			{
				"name": "bone106",
				"parent": "bone108",
				"pivot": [5.825, 21.9, -1.7125],
				"rotation": [-17.5, 0, 0],
				"cubes": [
					{"origin": [5.6, 21.6125, -2.35], "size": [0.45, 0.575, 1.275], "uv": [87, 124]}
				]
			},
			{
				"name": "bone107",
				"parent": "bone108",
				"pivot": [5.825, 21.55, -1.6125],
				"rotation": [22.5, 0, 0],
				"cubes": [
					{"origin": [5.6, 21.2625, -2.25], "size": [0.45, 0.825, 1.275], "uv": [78, 117]}
				]
			},
			{
				"name": "bone110",
				"parent": "bone105",
				"pivot": [5.6, 21.7625, -0.925],
				"rotation": [-180, -50, 180]
			},
			{
				"name": "bone116",
				"parent": "bone110",
				"pivot": [5.825, 21.9, -1.5125],
				"rotation": [-17.5, 0, 0],
				"cubes": [
					{"origin": [5.6, 21.6125, -2.15], "size": [0.45, 0.575, 1.275], "uv": [84, 126]}
				]
			},
			{
				"name": "bone117",
				"parent": "bone110",
				"pivot": [5.825, 21.55, -1.4125],
				"rotation": [22.5, 0, 0],
				"cubes": [
					{"origin": [5.6, 21.2625, -2.05], "size": [0.45, 0.825, 1.275], "uv": [84, 120]}
				]
			},
			{
				"name": "bone103",
				"parent": "bone71",
				"pivot": [4.825, 21.9125, -3.275],
				"rotation": [94.85576, 3.02084, -12.99147],
				"cubes": [
					{"origin": [4.475, 19.175, -4.425], "size": [1, 1.225, 1.2], "uv": [59, 18]}
				]
			},
			{
				"name": "bone104",
				"parent": "bone103",
				"pivot": [5.1, 18.8375, -3.825],
				"rotation": [0, 0, 12.5],
				"cubes": [
					{"origin": [4.475, 17.875, -4.25], "size": [0.75, 1.925, 0.85], "uv": [107, 100]}
				]
			},
			{
				"name": "bone93",
				"parent": "bone71",
				"pivot": [4.975, 21.8125, -3.175],
				"rotation": [82.77203, 25.27825, -21.52488],
				"cubes": [
					{"origin": [4.825, 21.375, -4.225], "size": [1, 1.325, 1], "uv": [20, 59]}
				]
			},
			{
				"name": "bone86",
				"parent": "bone71",
				"pivot": [4.775, 21.6375, -3.5],
				"rotation": [16.18678, 30.50409, -52.88492],
				"cubes": [
					{"origin": [4.625, 21.2, -4.55], "size": [1, 1.325, 1], "uv": [40, 59]}
				]
			},
			{
				"name": "bone136",
				"parent": "bone71",
				"pivot": [-4.35, 24.4875, -3.85],
				"rotation": [-0.07506, 0.88587, 12.02295],
				"cubes": [
					{"origin": [-4.85, 23.15, -3.55], "size": [1.175, 2.675, 7.15], "uv": [9, 35]}
				]
			},
			{
				"name": "bone95",
				"parent": "bone71",
				"pivot": [4.35, 24.4875, -3.85],
				"rotation": [-0.07506, -0.88587, -12.02295],
				"cubes": [
					{"origin": [3.675, 23.15, -3.55], "size": [1.175, 2.675, 7.15], "uv": [40, 16]}
				]
			},
			{
				"name": "bone120",
				"parent": "head",
				"pivot": [7.3, 19.375, 1],
				"rotation": [176.02976, 53.93646, -93.57185],
				"cubes": [
					{"origin": [7.125, 18.65, 0.55], "size": [0.8, 0.85, 1.75], "uv": [118, 115]}
				]
			},
			{
				"name": "bone161",
				"parent": "head",
				"pivot": [-6.325, 12.25, 6.3]
			},
			{
				"name": "bone162",
				"parent": "bone161",
				"pivot": [-6.325, 12.25, 6.3],
				"rotation": [26.48529, -43.15916, -6.05248],
				"cubes": [
					{"origin": [-6.325, 15.775, 6.45], "size": [1, 3.95, 1], "uv": [52, 12]}
				]
			},
			{
				"name": "bone163",
				"parent": "bone161",
				"pivot": [-6.325, 7.25, 6.3],
				"rotation": [-3.51471, -43.15916, -6.05248],
				"cubes": [
					{"origin": [-5.95, 8.875, 3.85], "size": [1, 6.95, 1], "uv": [27, 40]}
				]
			},
			{
				"name": "bone164",
				"parent": "bone161",
				"pivot": [-4.9, 18.5, 3.9],
				"rotation": [12.05061, -45.21681, 0.30553],
				"cubes": [
					{"origin": [-4.9, 19.025, 4.05], "size": [1, 6.95, 1], "uv": [0, 31]}
				]
			},
			{
				"name": "bone160",
				"parent": "head",
				"pivot": [6.325, 12.25, 6.3]
			},
			{
				"name": "bone157",
				"parent": "bone160",
				"pivot": [6.325, 12.25, 6.3],
				"rotation": [26.48529, 43.15916, 6.05248],
				"cubes": [
					{"origin": [5.325, 15.775, 6.45], "size": [1, 3.95, 1], "uv": [58, 48]}
				]
			},
			{
				"name": "bone158",
				"parent": "bone160",
				"pivot": [6.325, 7.25, 6.3],
				"rotation": [-3.51471, 43.15916, 6.05248],
				"cubes": [
					{"origin": [4.95, 8.875, 3.85], "size": [1, 6.95, 1], "uv": [41, 16]}
				]
			},
			{
				"name": "bone154",
				"parent": "bone160",
				"pivot": [4.9, 18.5, 3.9],
				"rotation": [12.05061, 45.21681, -0.30553],
				"cubes": [
					{"origin": [3.9, 19.025, 4.05], "size": [1, 6.95, 1], "uv": [58, 21]}
				]
			},
			{
				"name": "bone159",
				"parent": "head",
				"pivot": [0, 14.45, 5.225],
				"rotation": [-5.75, 0, 0],
				"cubes": [
					{"origin": [-4.25, 9.975, 5.8], "size": [8.5, 4.95, 1], "uv": [40, 25]}
				]
			},
			{
				"name": "bone156",
				"parent": "head",
				"pivot": [0, 18.5, 3.9],
				"rotation": [19.25, 0, 0],
				"cubes": [
					{"origin": [-4.25, 14.025, 4.475], "size": [8.5, 4.95, 1], "uv": [45, 7]}
				]
			},
			{
				"name": "bone119",
				"parent": "head",
				"pivot": [6.675, 20.975, 1.45],
				"rotation": [-99.14036, 74.03269, -34.48636],
				"cubes": [
					{"origin": [6.45, 20.15, 0.675], "size": [0.9, 1, 2.075], "uv": [114, 108]}
				]
			},
			{
				"name": "bone92",
				"parent": "head",
				"pivot": [0, 18.5, 4.325],
				"rotation": [6.75, 0, 0],
				"cubes": [
					{"origin": [-4.25, 19.025, 4.325], "size": [8.5, 6.95, 1], "uv": [35, 0]}
				]
			},
			{
				"name": "bone118",
				"parent": "head",
				"pivot": [5.5, 21.825, 0.5],
				"rotation": [-26.75, 49.5, 0],
				"cubes": [
					{"origin": [5, 21.325, 0], "size": [1, 1, 1.575], "uv": [58, 28]}
				]
			},
			{
				"name": "bone144",
				"parent": "head",
				"pivot": [-6.3, 24.975, -1.1],
				"rotation": [149.33654, 38.7604, 159.49643]
			},
			{
				"name": "bone145",
				"parent": "bone144",
				"pivot": [-6.3, 24.975, -1.1],
				"rotation": [0, 0, 76.34497],
				"cubes": [
					{"origin": [-4.88147, 27.37954, 2.14601], "size": [1, 0.125, 1.075], "uv": [22, 41]}
				]
			},
			{
				"name": "bone146",
				"parent": "bone144",
				"pivot": [-6.53608, 25.94677, -1.1],
				"rotation": [0, 0, 55.33489],
				"cubes": [
					{"origin": [-4.37142, 27.31601, 2.14601], "size": [1, 0.125, 1.075], "uv": [41, 7]}
				]
			},
			{
				"name": "bone147",
				"parent": "bone144",
				"pivot": [-7.10493, 26.76936, -1.1],
				"rotation": [0, 0, 43.1154],
				"cubes": [
					{"origin": [-4.6957, 27.43493, 2.14601], "size": [1, 0.125, 1.075], "uv": [37, 40]}
				]
			},
			{
				"name": "bone148",
				"parent": "bone144",
				"pivot": [-7.83491, 27.45283, -1.1],
				"rotation": [0, 0, 35.82613],
				"cubes": [
					{"origin": [-5.35293, 27.67945, 2.14601], "size": [1, 0.125, 1.075], "uv": [35, 40]}
				]
			},
			{
				"name": "bone149",
				"parent": "bone144",
				"pivot": [-8.64546, 28.03798, -1.1],
				"rotation": [0, 0, 31.05849],
				"cubes": [
					{"origin": [-6.1463, 27.97397, 2.14601], "size": [1, 0.125, 1.075], "uv": [33, 40]}
				]
			},
			{
				"name": "bone150",
				"parent": "bone144",
				"pivot": [-9.5019, 28.55377, -1.1],
				"rotation": [0, 0, 27.68923],
				"cubes": [
					{"origin": [-7.0052, 28.28402, 2.14601], "size": [1, 0.125, 1.075], "uv": [29, 40]}
				]
			},
			{
				"name": "bone138",
				"parent": "head",
				"pivot": [-4.45, 23.775, -4.075],
				"rotation": [-124.93894, -64.68518, -39.36101]
			},
			{
				"name": "bone139",
				"parent": "bone138",
				"pivot": [-4.45, 23.775, -4.075],
				"rotation": [0, 0, 76.34497]
			},
			{
				"name": "bone140",
				"parent": "bone138",
				"pivot": [-4.68608, 24.74677, -4.075],
				"rotation": [0, 0, 55.33489],
				"cubes": [
					{"origin": [-5.68608, 24.62177, -3.75], "size": [1, 0.125, 0.35], "uv": [112, 102]}
				]
			},
			{
				"name": "bone141",
				"parent": "bone138",
				"pivot": [-5.25493, 25.56936, -4.075],
				"rotation": [0, 0, 43.1154],
				"cubes": [
					{"origin": [-6.25493, 25.44436, -3.75], "size": [1, 0.125, 0.35], "uv": [112, 102]}
				]
			},
			{
				"name": "bone142",
				"parent": "bone138",
				"pivot": [-5.98491, 26.25283, -4.075],
				"rotation": [0, 0, 35.82613],
				"cubes": [
					{"origin": [-6.98491, 26.12783, -3.75], "size": [1, 0.125, 0.35], "uv": [112, 102]}
				]
			},
			{
				"name": "bone143",
				"parent": "bone138",
				"pivot": [-6.79546, 26.83798, -4.075],
				"rotation": [0, 0, 31.05849],
				"cubes": [
					{"origin": [-7.79546, 26.71298, -3.75], "size": [1, 0.125, 0.35], "uv": [112, 102]}
				]
			},
			{
				"name": "bone129",
				"parent": "head",
				"pivot": [-4.3, 23.775, -4.725],
				"rotation": [-119.86975, -48.23761, -60.32502]
			},
			{
				"name": "bone130",
				"parent": "bone129",
				"pivot": [-4.3, 23.775, -4.725],
				"rotation": [0, 0, 76.34497]
			},
			{
				"name": "bone131",
				"parent": "bone129",
				"pivot": [-4.53608, 24.74677, -4.725],
				"rotation": [0, 0, 55.33489],
				"cubes": [
					{"origin": [-5.53608, 24.62177, -4.475], "size": [1, 0.125, 0.5], "uv": [107, 100]}
				]
			},
			{
				"name": "bone132",
				"parent": "bone129",
				"pivot": [-5.10493, 25.56936, -4.725],
				"rotation": [0, 0, 43.1154],
				"cubes": [
					{"origin": [-6.10493, 25.44436, -4.475], "size": [1, 0.125, 0.5], "uv": [107, 100]}
				]
			},
			{
				"name": "bone133",
				"parent": "bone129",
				"pivot": [-5.83491, 26.25283, -4.725],
				"rotation": [0, 0, 35.82613],
				"cubes": [
					{"origin": [-6.83491, 26.12783, -4.475], "size": [1, 0.125, 0.5], "uv": [107, 100]}
				]
			},
			{
				"name": "bone134",
				"parent": "bone129",
				"pivot": [-6.64546, 26.83798, -4.725],
				"rotation": [0, 0, 31.05849],
				"cubes": [
					{"origin": [-7.64546, 26.71298, -4.475], "size": [1, 0.125, 0.5], "uv": [107, 100]}
				]
			},
			{
				"name": "bone135",
				"parent": "bone129",
				"pivot": [-7.5019, 27.35377, -4.725],
				"rotation": [0, 0, 27.68923],
				"cubes": [
					{"origin": [-8.5019, 27.22877, -4.475], "size": [1, 0.125, 0.5], "uv": [107, 100]}
				]
			},
			{
				"name": "bone121",
				"parent": "head",
				"pivot": [-2, 26.175, -4.125],
				"rotation": [52.07454, 33.3745, -97.17479]
			},
			{
				"name": "bone122",
				"parent": "bone121",
				"pivot": [-2, 26.175, -4.125],
				"rotation": [0, 0, 76.34497],
				"cubes": [
					{"origin": [-3, 26.05, -3.875], "size": [1, 0.125, 0.5], "uv": [108, 100]}
				]
			},
			{
				"name": "bone123",
				"parent": "bone121",
				"pivot": [-2.23608, 27.14677, -4.125],
				"rotation": [0, 0, 55.33489],
				"cubes": [
					{"origin": [-3.23608, 27.02177, -3.875], "size": [1, 0.125, 0.5], "uv": [108, 100]}
				]
			},
			{
				"name": "bone124",
				"parent": "bone121",
				"pivot": [-2.80493, 27.96936, -4.125],
				"rotation": [0, 0, 43.1154],
				"cubes": [
					{"origin": [-3.80493, 27.84436, -3.875], "size": [1, 0.125, 0.5], "uv": [108, 100]}
				]
			},
			{
				"name": "bone125",
				"parent": "bone121",
				"pivot": [-3.53491, 28.65283, -4.125],
				"rotation": [0, 0, 35.82613],
				"cubes": [
					{"origin": [-4.53491, 28.52783, -3.875], "size": [1, 0.125, 0.5], "uv": [108, 100]}
				]
			},
			{
				"name": "bone126",
				"parent": "bone121",
				"pivot": [-4.34546, 29.23798, -4.125],
				"rotation": [0, 0, 31.05849]
			},
			{
				"name": "bone127",
				"parent": "bone121",
				"pivot": [-5.2019, 29.75377, -4.125],
				"rotation": [0, 0, 27.68923]
			},
			{
				"name": "bone111",
				"parent": "head",
				"pivot": [-2.925, 23.3, -6.175],
				"rotation": [-33.57877, 29.49967, 127.86826]
			},
			{
				"name": "bone167",
				"parent": "bone111",
				"pivot": [-2.12007, 25.09436, -6.175],
				"rotation": [0, 0, -43.1154],
				"cubes": [
					{"origin": [-0.04814, 24.86839, -4.02161], "size": [1.25, 0.625, 0.975], "uv": [113, 99]}
				]
			},
			{
				"name": "bone168",
				"parent": "bone111",
				"pivot": [-1.39009, 25.77783, -6.175],
				"rotation": [0, 0, -35.82613],
				"cubes": [
					{"origin": [0.86244, 25.84324, -4.02161], "size": [1, 0.625, 0.975], "uv": [113, 99]}
				]
			},
			{
				"name": "bone169",
				"parent": "bone111",
				"pivot": [-0.57954, 26.36298, -6.175],
				"rotation": [0, 0, -31.05849],
				"cubes": [
					{"origin": [1.60781, 26.61321, -4.02161], "size": [2, 0.625, 0.975], "uv": [113, 99]}
				]
			},
			{
				"name": "bone170",
				"parent": "bone111",
				"pivot": [0.2769, 26.87877, -6.175],
				"rotation": [0, 0, -27.68923],
				"cubes": [
					{"origin": [3.40904, 27.30605, -4.02161], "size": [2, 0.625, 0.975], "uv": [113, 99]}
				]
			},
			{
				"name": "bone97",
				"parent": "head",
				"pivot": [6.25, 19.275, 3.8],
				"rotation": [-27.12421, -4.71303, 75.88751]
			},
			{
				"name": "bone98",
				"parent": "bone97",
				"pivot": [6.25, 19.275, 3.8],
				"rotation": [0, 0, 42.3452],
				"cubes": [
					{"origin": [6.2, 20.875, 3.8], "size": [1.875, 0.175, 1], "uv": [102, 100]}
				]
			},
			{
				"name": "bone99",
				"parent": "bone97",
				"pivot": [6.03574, 19.57374, 3.8],
				"rotation": [0, 0, 18.64244],
				"cubes": [
					{"origin": [5.03574, 20.82374, 3.8], "size": [2, 0.175, 1], "uv": [102, 100]}
				]
			},
			{
				"name": "bone100",
				"parent": "bone97",
				"pivot": [4.56348, 20.26831, 3.8],
				"rotation": [0, 0, -27.21644],
				"cubes": [
					{"origin": [3.56348, 20.51831, 3.8], "size": [2.325, 0.175, 1], "uv": [102, 100]}
				]
			},
			{
				"name": "bone101",
				"parent": "bone97",
				"pivot": [3.67383, 19.81077, 3.8],
				"rotation": [0, 0, -43.77284],
				"cubes": [
					{"origin": [2.67383, 20.03577, 3.8], "size": [1.15, 0.175, 1], "uv": [102, 100]}
				]
			},
			{
				"name": "bone102",
				"parent": "bone97",
				"pivot": [2.95166, 19.11889, 3.8],
				"rotation": [0, 0, -39.92381],
				"cubes": [
					{"origin": [1.95166, 19.34389, 3.8], "size": [1, 0.175, 1], "uv": [102, 100]}
				]
			},
			{
				"name": "bone109",
				"parent": "head",
				"pivot": [0.475, 26.725, -3.875],
				"rotation": [-107.90496, 51.88064, -109.26544]
			},
			{
				"name": "bone112",
				"parent": "bone109",
				"pivot": [0.475, 26.725, -3.875],
				"rotation": [0, 0, 76.34497],
				"cubes": [
					{"origin": [-0.525, 26.6, -3.675], "size": [1, 0.125, 0.6], "uv": [107, 92]}
				]
			},
			{
				"name": "bone113",
				"parent": "bone109",
				"pivot": [0.23892, 27.69677, -3.875],
				"rotation": [0, 0, 55.33489],
				"cubes": [
					{"origin": [-0.76108, 27.57177, -3.65], "size": [1, 0.125, 0.55], "uv": [107, 92]}
				]
			},
			{
				"name": "bone114",
				"parent": "bone109",
				"pivot": [-0.32993, 28.51936, -3.875],
				"rotation": [0, 0, 30.6154],
				"cubes": [
					{"origin": [-1.32993, 28.39436, -3.6], "size": [1, 0.125, 0.45], "uv": [107, 92]},
					{"origin": [-2.30493, 28.39436, -3.5], "size": [1, 0.125, 0.25], "uv": [107, 92]}
				]
			},
			{
				"name": "bone76",
				"parent": "head",
				"pivot": [0.475, 26.175, -4.125],
				"rotation": [74.50161, 41.11204, -143.51959]
			},
			{
				"name": "bone77",
				"parent": "bone76",
				"pivot": [0.475, 26.175, -4.125],
				"rotation": [0, 0, 76.34497],
				"cubes": [
					{"origin": [-0.525, 26.05, -3.875], "size": [1, 0.125, 0.5], "uv": [112, 94]}
				]
			},
			{
				"name": "bone78",
				"parent": "bone76",
				"pivot": [0.23892, 27.14677, -4.125],
				"rotation": [0, 0, 55.33489],
				"cubes": [
					{"origin": [-0.76108, 27.02177, -3.875], "size": [1, 0.125, 0.5], "uv": [112, 94]}
				]
			},
			{
				"name": "bone79",
				"parent": "bone76",
				"pivot": [-0.32993, 27.96936, -4.125],
				"rotation": [0, 0, 43.1154],
				"cubes": [
					{"origin": [-1.32993, 27.84436, -3.875], "size": [1, 0.125, 0.5], "uv": [112, 94]}
				]
			},
			{
				"name": "bone80",
				"parent": "bone76",
				"pivot": [-1.05991, 28.65283, -4.125],
				"rotation": [0, 0, 35.82613],
				"cubes": [
					{"origin": [-2.05991, 28.52783, -3.875], "size": [1, 0.125, 0.5], "uv": [112, 94]}
				]
			},
			{
				"name": "bone81",
				"parent": "bone76",
				"pivot": [-1.87046, 29.23798, -4.125],
				"rotation": [0, 0, 31.05849],
				"cubes": [
					{"origin": [-2.87046, 29.11298, -3.875], "size": [1, 0.125, 0.5], "uv": [112, 94]}
				]
			},
			{
				"name": "bone82",
				"parent": "bone76",
				"pivot": [-2.7269, 29.75377, -4.125],
				"rotation": [0, 0, 27.68923],
				"cubes": [
					{"origin": [-3.7269, 29.62877, -3.875], "size": [1, 0.125, 0.5], "uv": [112, 94]}
				]
			},
			{
				"name": "bone265",
				"parent": "head",
				"pivot": [0, 28.5, 5.5],
				"rotation": [-35, 0, 0]
			},
			{
				"name": "bone266",
				"parent": "bone265",
				"pivot": [0, 28.45514, 5.3718],
				"cubes": [
					{"origin": [-1, 28.45514, 8.88547], "size": [2, 0.05, 0.75], "uv": [86, 98]}
				]
			},
			{
				"name": "bone267",
				"parent": "bone265",
				"pivot": [0, 28.45514, 5.3718],
				"rotation": [0, -22.5, 0],
				"cubes": [
					{"origin": [-1, 28.45514, 8.88547], "size": [2, 0.05, 0.75], "uv": [86, 98]}
				]
			},
			{
				"name": "bone268",
				"parent": "bone265",
				"pivot": [0, 28.45514, 5.3718],
				"rotation": [0, -45, 0],
				"cubes": [
					{"origin": [-1, 28.45514, 8.88547], "size": [2, 0.05, 0.75], "uv": [86, 98]}
				]
			},
			{
				"name": "bone269",
				"parent": "bone265",
				"pivot": [0, 28.45514, 5.3718],
				"rotation": [0, -67.5, 0],
				"cubes": [
					{"origin": [-1, 28.45514, 8.88547], "size": [2, 0.05, 0.75], "uv": [86, 98]}
				]
			},
			{
				"name": "bone270",
				"parent": "bone265",
				"pivot": [0, 28.45514, 5.3718],
				"rotation": [0, -90, 0],
				"cubes": [
					{"origin": [-1, 28.45514, 8.88547], "size": [2, 0.05, 0.75], "uv": [86, 98]}
				]
			},
			{
				"name": "bone271",
				"parent": "bone265",
				"pivot": [0, 28.45514, 5.3718],
				"rotation": [0, -112.5, 0],
				"cubes": [
					{"origin": [-1, 28.45514, 8.88547], "size": [2, 0.05, 0.75], "uv": [86, 98]}
				]
			},
			{
				"name": "bone272",
				"parent": "bone265",
				"pivot": [0, 28.45514, 5.3718],
				"rotation": [0, -135, 0],
				"cubes": [
					{"origin": [-1, 28.45514, 8.88547], "size": [2, 0.05, 0.75], "uv": [86, 98]}
				]
			},
			{
				"name": "bone273",
				"parent": "bone265",
				"pivot": [0, 28.45514, 5.3718],
				"rotation": [0, -157.5, 0],
				"cubes": [
					{"origin": [-0.5, 28.45514, 8.88547], "size": [1.5, 0.05, 0.75], "uv": [86, 98]}
				]
			},
			{
				"name": "bone274",
				"parent": "bone265",
				"pivot": [3.9, 28.45514, 2.1218],
				"rotation": [0, -90, 0],
				"cubes": [
					{"origin": [2.1, 28.20514, 5.63547], "size": [4.45, 0.05, 0.75], "uv": [84, 99]}
				]
			},
			{
				"name": "bone275",
				"parent": "bone265",
				"pivot": [0, 28.45514, 5.3718],
				"rotation": [0, -202.5, 0],
				"cubes": [
					{"origin": [-1, 28.45514, 8.88547], "size": [1.5, 0.05, 0.75], "uv": [86, 98]}
				]
			},
			{
				"name": "bone276",
				"parent": "bone265",
				"pivot": [0, 28.45514, 5.3718],
				"rotation": [0, -225, 0],
				"cubes": [
					{"origin": [-1, 28.45514, 8.88547], "size": [2, 0.05, 0.75], "uv": [86, 98]}
				]
			},
			{
				"name": "bone277",
				"parent": "bone265",
				"pivot": [0, 28.45514, 5.3718],
				"rotation": [0, -247.5, 0],
				"cubes": [
					{"origin": [-1, 28.45514, 8.88547], "size": [2, 0.05, 0.75], "uv": [86, 98]}
				]
			},
			{
				"name": "bone278",
				"parent": "bone265",
				"pivot": [0, 28.45514, 5.3718],
				"rotation": [0, -270, 0],
				"cubes": [
					{"origin": [-1, 28.45514, 8.88547], "size": [2, 0.05, 0.75], "uv": [86, 98]}
				]
			},
			{
				"name": "bone279",
				"parent": "bone265",
				"pivot": [0, 28.45514, 5.3718],
				"rotation": [0, -292.5, 0],
				"cubes": [
					{"origin": [-1, 28.45514, 8.88547], "size": [2, 0.05, 0.75], "uv": [86, 98]}
				]
			},
			{
				"name": "bone280",
				"parent": "bone265",
				"pivot": [0, 28.45514, 5.3718],
				"rotation": [0, -315, 0],
				"cubes": [
					{"origin": [-1, 28.45514, 8.88547], "size": [2, 0.05, 0.75], "uv": [86, 98]}
				]
			},
			{
				"name": "bone281",
				"parent": "bone265",
				"pivot": [0, 28.45514, 5.3718],
				"rotation": [0, -337.5, 0],
				"cubes": [
					{"origin": [-1, 28.45514, 8.88547], "size": [2, 0.05, 0.75], "uv": [86, 98]}
				]
			},
			{
				"name": "bone282",
				"parent": "head",
				"pivot": [0, 28, 5],
				"rotation": [-35, 0, 0]
			},
			{
				"name": "bone283",
				"parent": "bone282",
				"pivot": [0, 27.95514, 4.8718],
				"cubes": [
					{"origin": [-0.75, 27.95514, 7.13547], "size": [1.5, 0.025, 0.75], "uv": [86, 98]}
				]
			},
			{
				"name": "bone284",
				"parent": "bone282",
				"pivot": [0, 27.95514, 4.8718],
				"rotation": [0, -22.5, 0],
				"cubes": [
					{"origin": [-0.75, 27.95514, 7.13547], "size": [1.5, 0.025, 0.75], "uv": [86, 98]}
				]
			},
			{
				"name": "bone285",
				"parent": "bone282",
				"pivot": [0, 27.95514, 4.8718],
				"rotation": [0, -45, 0],
				"cubes": [
					{"origin": [-0.75, 27.95514, 7.13547], "size": [1.5, 0.025, 0.75], "uv": [86, 98]}
				]
			},
			{
				"name": "bone286",
				"parent": "bone282",
				"pivot": [0, 27.95514, 4.8718],
				"rotation": [0, -67.5, 0],
				"cubes": [
					{"origin": [-0.75, 27.95514, 7.13547], "size": [1.5, 0.025, 0.75], "uv": [86, 98]}
				]
			},
			{
				"name": "bone287",
				"parent": "bone282",
				"pivot": [0, 27.95514, 4.8718],
				"rotation": [0, -90, 0],
				"cubes": [
					{"origin": [-0.75, 27.95514, 7.13547], "size": [1.5, 0.025, 0.75], "uv": [86, 98]}
				]
			},
			{
				"name": "bone288",
				"parent": "bone282",
				"pivot": [0, 27.95514, 4.8718],
				"rotation": [0, -112.5, 0],
				"cubes": [
					{"origin": [-0.75, 27.95514, 7.13547], "size": [1.5, 0.025, 0.75], "uv": [86, 98]}
				]
			},
			{
				"name": "bone289",
				"parent": "bone282",
				"pivot": [0, 27.95514, 4.8718],
				"rotation": [0, -135, 0],
				"cubes": [
					{"origin": [-0.75, 27.95514, 7.13547], "size": [1.5, 0.025, 0.75], "uv": [86, 98]}
				]
			},
			{
				"name": "bone290",
				"parent": "bone282",
				"pivot": [0, 27.95514, 4.8718],
				"rotation": [0, -157.5, 0]
			},
			{
				"name": "bone291",
				"parent": "bone282",
				"pivot": [0, 27.95514, 4.8718],
				"rotation": [0, -180, 0]
			},
			{
				"name": "bone292",
				"parent": "bone282",
				"pivot": [0, 27.95514, 4.8718],
				"rotation": [0, -202.5, 0]
			},
			{
				"name": "bone293",
				"parent": "bone282",
				"pivot": [0, 27.95514, 4.8718],
				"rotation": [0, -225, 0],
				"cubes": [
					{"origin": [-0.75, 27.95514, 7.13547], "size": [1.5, 0.025, 0.75], "uv": [86, 98]}
				]
			},
			{
				"name": "bone294",
				"parent": "bone282",
				"pivot": [0, 27.95514, 4.8718],
				"rotation": [0, -247.5, 0],
				"cubes": [
					{"origin": [-0.75, 27.95514, 7.13547], "size": [1.5, 0.025, 0.75], "uv": [86, 98]}
				]
			},
			{
				"name": "bone295",
				"parent": "bone282",
				"pivot": [0, 27.95514, 4.8718],
				"rotation": [0, -270, 0],
				"cubes": [
					{"origin": [-0.75, 27.95514, 7.13547], "size": [1.5, 0.025, 0.75], "uv": [86, 98]}
				]
			},
			{
				"name": "bone296",
				"parent": "bone282",
				"pivot": [0, 27.95514, 4.8718],
				"rotation": [0, -292.5, 0],
				"cubes": [
					{"origin": [-0.75, 27.95514, 7.13547], "size": [1.5, 0.025, 0.75], "uv": [86, 98]}
				]
			},
			{
				"name": "bone297",
				"parent": "bone282",
				"pivot": [0, 27.95514, 4.8718],
				"rotation": [0, -315, 0],
				"cubes": [
					{"origin": [-0.75, 27.95514, 7.13547], "size": [1.5, 0.025, 0.75], "uv": [86, 98]}
				]
			},
			{
				"name": "bone298",
				"parent": "bone282",
				"pivot": [0, 27.95514, 4.8718],
				"rotation": [0, -337.5, 0],
				"cubes": [
					{"origin": [-0.75, 27.95514, 7.13547], "size": [1.5, 0.025, 0.75], "uv": [86, 98]}
				]
			},
			{
				"name": "bone206",
				"parent": "head",
				"pivot": [-5.375, 16.0125, -4.525],
				"rotation": [-168.96644, 45.75892, -156.71377],
				"cubes": [
					{"origin": [-5.81407, 15.5993, -4.91266], "size": [0.25, 1.225, 1.075], "uv": [16, 59]}
				]
			},
			{
				"name": "bone207",
				"parent": "bone206",
				"pivot": [-3.5224, 21.47007, -9.79594]
			},
			{
				"name": "bone208",
				"parent": "bone207",
				"pivot": [-3.2974, 21.60757, -10.38344],
				"rotation": [-17.5, 0, 0],
				"cubes": [
					{"origin": [-5.86407, 18.03992, -4.25809], "size": [0.25, 0.525, 1.175], "uv": [87, 124]}
				]
			},
			{
				"name": "bone209",
				"parent": "bone207",
				"pivot": [-3.2974, 21.25757, -10.28344],
				"rotation": [22.5, 0, 0],
				"cubes": [
					{"origin": [-5.86407, 14.14824, -7.85311], "size": [0.25, 0.775, 1.175], "uv": [78, 117]}
				]
			},
			{
				"name": "bone210",
				"parent": "bone206",
				"pivot": [-5.6974, 15.47007, -3.59594],
				"rotation": [-180, -10, 180]
			},
			{
				"name": "bone211",
				"parent": "bone210",
				"pivot": [-11.35425, 21.60757, -1.8588],
				"rotation": [-17.5, 0, 0],
				"cubes": [
					{"origin": [-5.76679, 15.9307, -2.42305], "size": [0.25, 0.525, 1.175], "uv": [84, 126]}
				]
			},
			{
				"name": "bone212",
				"parent": "bone210",
				"pivot": [-11.35425, 21.25757, -1.7588],
				"rotation": [22.5, 0, 0],
				"cubes": [
					{"origin": [-5.76679, 16.83247, -5.80878], "size": [0.25, 0.775, 1.175], "uv": [84, 120]}
				]
			},
			{
				"name": "bone199",
				"parent": "head",
				"pivot": [-5.425, 18.6125, 5.625],
				"rotation": [147.37874, -41.61739, -140.1565],
				"cubes": [
					{"origin": [-5.96407, 18.1743, 5.18734], "size": [0.45, 1.275, 1.175], "uv": [16, 59]}
				]
			},
			{
				"name": "bone200",
				"parent": "bone199",
				"pivot": [-3.5724, 24.07007, 0.35406]
			},
			{
				"name": "bone201",
				"parent": "bone200",
				"pivot": [-3.3474, 24.20757, -0.23344],
				"rotation": [-17.5, 0, 0],
				"cubes": [
					{"origin": [-6.01407, 20.61492, 5.84191], "size": [0.45, 0.575, 1.275], "uv": [87, 124]}
				]
			},
			{
				"name": "bone202",
				"parent": "bone200",
				"pivot": [-3.3474, 23.85757, -0.13344],
				"rotation": [22.5, 0, 0],
				"cubes": [
					{"origin": [-6.01407, 16.72324, 2.24689], "size": [0.45, 0.825, 1.275], "uv": [78, 117]}
				]
			},
			{
				"name": "bone203",
				"parent": "bone199",
				"pivot": [-5.7474, 18.07007, 6.55406],
				"rotation": [-180, -10, 180]
			},
			{
				"name": "bone204",
				"parent": "bone203",
				"pivot": [-11.40425, 24.20757, 8.2912],
				"rotation": [-17.5, 0, 0],
				"cubes": [
					{"origin": [-5.91679, 18.5057, 7.67695], "size": [0.45, 0.575, 1.275], "uv": [84, 126]}
				]
			},
			{
				"name": "bone205",
				"parent": "bone203",
				"pivot": [-11.40425, 23.85757, 8.3912],
				"rotation": [22.5, 0, 0],
				"cubes": [
					{"origin": [-5.91679, 19.40747, 4.29122], "size": [0.45, 0.825, 1.275], "uv": [84, 120]}
				]
			},
			{
				"name": "bone192",
				"parent": "head",
				"pivot": [5.975, 17.0125, 5.95],
				"rotation": [19.26669, -39.39076, -29.87918],
				"cubes": [
					{"origin": [5.43593, 16.5743, 5.51234], "size": [0.45, 1.275, 1.175], "uv": [16, 59]}
				]
			},
			{
				"name": "bone193",
				"parent": "bone192",
				"pivot": [7.8276, 22.47007, 0.67906]
			},
			{
				"name": "bone194",
				"parent": "bone193",
				"pivot": [8.0526, 22.60757, 0.09156],
				"rotation": [-17.5, 0, 0],
				"cubes": [
					{"origin": [5.38593, 19.01492, 6.16691], "size": [0.45, 0.575, 1.275], "uv": [87, 124]}
				]
			},
			{
				"name": "bone195",
				"parent": "bone193",
				"pivot": [8.0526, 22.25757, 0.19156],
				"rotation": [22.5, 0, 0],
				"cubes": [
					{"origin": [5.38593, 15.12324, 2.57189], "size": [0.45, 0.825, 1.275], "uv": [78, 117]}
				]
			},
			{
				"name": "bone196",
				"parent": "bone192",
				"pivot": [5.6526, 16.47007, 6.87906],
				"rotation": [-180, -10, 180]
			},
			{
				"name": "bone197",
				"parent": "bone196",
				"pivot": [-0.00425, 22.60757, 8.6162],
				"rotation": [-17.5, 0, 0],
				"cubes": [
					{"origin": [5.48321, 16.9057, 8.00195], "size": [0.45, 0.575, 1.275], "uv": [84, 126]}
				]
			},
			{
				"name": "bone198",
				"parent": "bone196",
				"pivot": [-0.00425, 22.25757, 8.7162],
				"rotation": [22.5, 0, 0],
				"cubes": [
					{"origin": [5.48321, 17.80747, 4.61622], "size": [0.45, 0.825, 1.275], "uv": [84, 120]}
				]
			},
			{
				"name": "armRight",
				"pivot": [-3, 16.75, 0],
				"rotation": [0, 0, 12.5],
				"cubes": [
					{"origin": [-5, 7.75, -1], "size": [2, 8, 2], "uv": [28, 51]},
					{"origin": [-5.75, 8.5, -1.75], "size": [3.5, 8.25, 3.5], "uv": [16, 48]}
				]
			},
			{
				"name": "armLeft",
				"pivot": [3, 16.75, 0],
				"rotation": [0, 0, -12.5],
				"cubes": [
					{"origin": [2.25, 8.5, -1.75], "size": [3.5, 8.25, 3.5], "uv": [46, 41]},
					{"origin": [3, 7.75, -1], "size": [2, 8, 2], "uv": [49, 30]}
				]
			},
			{
				"name": "body",
				"pivot": [0, 10.5, 0],
				"cubes": [
					{"origin": [-3.3, 8.999, -3.5], "size": [6.6, 9, 7], "uv": [21, 24]}
				]
			},
			{
				"name": "bone39",
				"parent": "body",
				"pivot": [0, 10.5, 0]
			},
			{
				"name": "bone38",
				"parent": "bone39",
				"pivot": [0, 10.5, 0]
			},
			{
				"name": "bone2",
				"parent": "bone38",
				"pivot": [0, 18, -4.5],
				"rotation": [-75, 0, 0],
				"cubes": [
					{"origin": [-3.675, 18, -5.5], "size": [3.675, 0, 1], "uv": [34, 22]}
				]
			},
			{
				"name": "bone",
				"parent": "bone38",
				"pivot": [0, 18, -4.5],
				"rotation": [-55, 0, 0],
				"cubes": [
					{"origin": [-3.475, 18, -4.5], "size": [3.475, 0, 1], "uv": [8, 35]}
				]
			},
			{
				"name": "bone54",
				"parent": "bone39",
				"pivot": [0, 10.5, 0],
				"rotation": [0, 90, 0]
			},
			{
				"name": "bone55",
				"parent": "bone54",
				"pivot": [0.25, 18, -4.425],
				"rotation": [-75.00668, 0.45287, -1.69041]
			},
			{
				"name": "bone56",
				"parent": "bone54",
				"pivot": [0, 18, -4.5],
				"rotation": [-55, 0, 0]
			},
			{
				"name": "bone57",
				"parent": "bone39",
				"pivot": [-0.825, 10.5, -0.875],
				"rotation": [0, 45, 0]
			},
			{
				"name": "bone58",
				"parent": "bone57",
				"pivot": [-0.825, 18, -5.375],
				"rotation": [-75, 0, 0],
				"cubes": [
					{"origin": [-1.575, 18, -6.375], "size": [1.5, 0, 1], "uv": [30, 45]}
				]
			},
			{
				"name": "bone59",
				"parent": "bone57",
				"pivot": [-0.825, 18, -5.375],
				"rotation": [-55, 0, 0],
				"cubes": [
					{"origin": [-1.575, 18, -5.375], "size": [1.5, 0, 1], "uv": [30, 44]}
				]
			},
			{
				"name": "bone40",
				"parent": "body",
				"pivot": [0, 10.5, 0]
			},
			{
				"name": "bone41",
				"parent": "bone40",
				"pivot": [0, 10.5, 0]
			},
			{
				"name": "bone42",
				"parent": "bone41",
				"pivot": [0, 18, -4.5],
				"rotation": [-75, 0, 0],
				"cubes": [
					{"origin": [0, 18, -5.5], "size": [3.675, 0, 1], "uv": [34, 21]}
				]
			},
			{
				"name": "bone43",
				"parent": "bone41",
				"pivot": [0, 18, -4.5],
				"rotation": [-55, 0, 0],
				"cubes": [
					{"origin": [0, 18, -4.5], "size": [3.475, 0, 1], "uv": [34, 20]}
				]
			},
			{
				"name": "bone178",
				"parent": "bone40",
				"pivot": [-0.825, 10.5, 0.875],
				"rotation": [0, 135, 0]
			},
			{
				"name": "bone180",
				"parent": "bone178",
				"pivot": [-0.825, 18, -3.625],
				"rotation": [-55, 0, 0],
				"cubes": [
					{"origin": [-1.575, 18, -3.875], "size": [1.5, 0, 1.25], "uv": [113, 55]}
				]
			},
			{
				"name": "bone47",
				"parent": "bone40",
				"pivot": [0.825, 10.5, 0.875],
				"rotation": [0, -135, 0]
			},
			{
				"name": "bone62",
				"parent": "bone47",
				"pivot": [0.825, 18, -3.625],
				"rotation": [-55, 0, 0],
				"cubes": [
					{"origin": [0.075, 18, -3.625], "size": [1.5, 0, 1], "uv": [22, 44]}
				]
			},
			{
				"name": "bone63",
				"parent": "bone40",
				"pivot": [0, 10.5, 0],
				"rotation": [0, -90, 0]
			},
			{
				"name": "bone65",
				"parent": "bone63",
				"pivot": [0, 18, -4.5],
				"rotation": [-55, 0, 0]
			},
			{
				"name": "bone66",
				"parent": "bone40",
				"pivot": [0.825, 10.5, -0.875],
				"rotation": [0, -45, 0]
			},
			{
				"name": "bone67",
				"parent": "bone66",
				"pivot": [0.825, 18, -5.375],
				"rotation": [-75, 0, 0],
				"cubes": [
					{"origin": [0.075, 18, -6.375], "size": [1.5, 0, 1], "uv": [34, 43]}
				]
			},
			{
				"name": "bone68",
				"parent": "bone66",
				"pivot": [0.825, 18, -5.375],
				"rotation": [-55, 0, 0],
				"cubes": [
					{"origin": [0.075, 18, -5.375], "size": [1.5, 0, 1], "uv": [43, 7]}
				]
			},
			{
				"name": "bone48",
				"parent": "body",
				"pivot": [0, 10.5, 0]
			},
			{
				"name": "bone49",
				"parent": "bone48",
				"pivot": [0, 18, -4.5],
				"rotation": [-75, 0, 0]
			},
			{
				"name": "bone50",
				"parent": "bone48",
				"pivot": [0, 18, -4.5],
				"rotation": [-55, 0, 0]
			},
			{
				"name": "bone21",
				"parent": "body",
				"pivot": [0, 11.75, 0]
			},
			{
				"name": "bone22",
				"parent": "bone21",
				"pivot": [0, 11.75, -0.05]
			},
			{
				"name": "bone23",
				"parent": "bone22",
				"pivot": [0, 11.75, 4.95]
			},
			{
				"name": "bone24",
				"parent": "bone23",
				"pivot": [-3, 11.75, 4.95],
				"cubes": [
					{"origin": [-3.575, 11.75, 3.949], "size": [3.075, 6, 0], "uv": [0, 16]}
				]
			},
			{
				"name": "bone25",
				"parent": "bone23",
				"pivot": [3, 11.75, 4.95],
				"cubes": [
					{"origin": [-0.5, 11.75, 3.951], "size": [4, 6, 0], "uv": [56, 52]}
				]
			},
			{
				"name": "bone26",
				"parent": "bone21",
				"pivot": [0.45, 11.75, 0],
				"rotation": [0, -90, 0]
			},
			{
				"name": "bone27",
				"parent": "bone26",
				"pivot": [0.45, 11.75, 5],
				"cubes": [
					{"origin": [-2.05, 11.75, 4], "size": [4.5, 6, 0], "uv": [36, 53]}
				]
			},
			{
				"name": "bone28",
				"parent": "bone27",
				"pivot": [-2.55, 11.75, 5],
				"cubes": [
					{"origin": [-3.775, 11.75, 3.999], "size": [2, 6, 0], "uv": [44, 58]}
				]
			},
			{
				"name": "bone29",
				"parent": "bone27",
				"pivot": [3.45, 11.75, 5],
				"cubes": [
					{"origin": [2.45, 11.75, 4.001], "size": [1.95, 6, 0], "uv": [4, 117]}
				]
			},
			{
				"name": "bone30",
				"parent": "bone21",
				"pivot": [0, 11.75, -0.25],
				"rotation": [0, -180, 0]
			},
			{
				"name": "bone31",
				"parent": "bone30",
				"pivot": [0, 11.75, 4.75]
			},
			{
				"name": "bone32",
				"parent": "bone31",
				"pivot": [-3, 11.75, 4.75],
				"cubes": [
					{"origin": [-3.5, 11.75, 3.749], "size": [4, 6, 0], "uv": [53, 0]}
				]
			},
			{
				"name": "bone214",
				"parent": "bone31",
				"pivot": [2.925, 17.775, 5.05],
				"rotation": [-12.5, 0, 0],
				"cubes": [
					{"origin": [-0.575, 17.775, 4.051], "size": [1, 1.025, 0.1], "uv": [38, 9]},
					{"origin": [-0.825, 17.775, 4.101], "size": [1, 1.025, 0], "uv": [18, 35]}
				]
			},
			{
				"name": "bone213",
				"parent": "bone31",
				"pivot": [2.925, 16.775, 4.2],
				"rotation": [-48.75, 0, 0],
				"cubes": [
					{"origin": [-0.575, 16.775, 3.201], "size": [1, 0.775, 0.1], "uv": [38, 9]},
					{"origin": [-0.825, 16.775, 3.251], "size": [1, 0.775, 0], "uv": [18, 35]}
				]
			},
			{
				"name": "bone60",
				"parent": "bone31",
				"pivot": [2.925, 11.75, 4.75],
				"cubes": [
					{"origin": [-0.575, 11.75, 3.751], "size": [1, 6, 0.1], "uv": [38, 9]},
					{"origin": [-0.825, 11.75, 3.801], "size": [1, 6, 0], "uv": [18, 35]}
				]
			},
			{
				"name": "bone33",
				"parent": "bone31",
				"pivot": [3, 11.75, 4.75],
				"cubes": [
					{"origin": [-0.45, 11.75, 3.751], "size": [4, 6, 0], "uv": [0, 0]},
					{"origin": [1.05, 14.5, 3.751], "size": [2, 2.5, 0.25], "uv": [35, 82]},
					{"origin": [1, 14.8, 3.726], "size": [2.1, 0.3, 0.3], "uv": [120, 36]}
				]
			},
			{
				"name": "bone84",
				"parent": "bone33",
				"pivot": [2.05, 16.5, 4.05],
				"rotation": [6, 0, 0],
				"cubes": [
					{"origin": [1.05, 16, 4.05], "size": [2, 1, 0], "uv": [44, 30]},
					{"origin": [1.325, 14.15, 4.05], "size": [1.45, 1.75, 0], "uv": [39, 82]},
					{"origin": [1.8, 15.6, 4], "size": [0.5, 1, 0.1], "uv": [117, 36]}
				]
			},
			{
				"name": "bone34",
				"parent": "bone21",
				"pivot": [-0.5, 11.75, 0],
				"rotation": [0, -270, 0]
			},
			{
				"name": "bone35",
				"parent": "bone34",
				"pivot": [-0.5, 11.75, 5],
				"cubes": [
					{"origin": [-3, 11.75, 4], "size": [5.5, 6, 0], "uv": [49, 16]}
				]
			},
			{
				"name": "bone36",
				"parent": "bone35",
				"pivot": [-3.5, 11.75, 5],
				"cubes": [
					{"origin": [-4.5, 11.75, 3.999], "size": [2, 6, 0], "uv": [10, 52]}
				]
			},
			{
				"name": "bone37",
				"parent": "bone35",
				"pivot": [2.5, 11.75, 5],
				"cubes": [
					{"origin": [1.5, 11.75, 4.001], "size": [2.25, 6, 0], "uv": [34, 9]}
				]
			},
			{
				"name": "bone155",
				"parent": "body",
				"pivot": [0, 0, 0]
			},
			{
				"name": "bone177",
				"parent": "bone155",
				"pivot": [-2, 18.6, 5.7]
			},
			{
				"name": "bone173",
				"parent": "bone177",
				"pivot": [-2, 18.6, 5.7],
				"rotation": [77.37077, 33.81152, 166.20599],
				"cubes": [
					{"origin": [-0.45, 18.6, 3.275], "size": [1.85, 0, 2.375], "uv": [78, 124]}
				]
			},
			{
				"name": "bone174",
				"parent": "bone173",
				"pivot": [-2.05, 18.6, 5.625],
				"rotation": [25, 0, 0],
				"cubes": [
					{"origin": [-0.4, 18.6, 5.45], "size": [1.85, 0, 1.175], "uv": [78, 124]}
				]
			},
			{
				"name": "bone175",
				"parent": "bone177",
				"pivot": [-0.375, 18.25, 4.825],
				"rotation": [79.86322, 3.27412, -179.65723],
				"cubes": [
					{"origin": [-0.8, 18.25, 2.4], "size": [3.825, 0, 2.375], "uv": [22, 0]}
				]
			},
			{
				"name": "bone176",
				"parent": "bone175",
				"pivot": [-0.425, 18.25, 4.75],
				"rotation": [25, 0, 0],
				"cubes": [
					{"origin": [-0.5, 18.25, 4.575], "size": [3.575, 0, 1.175], "uv": [0, 22]}
				]
			},
			{
				"name": "bone115",
				"parent": "bone177",
				"pivot": [-1.6, -13.2, 4.625],
				"rotation": [0, 80, 0]
			},
			{
				"name": "bone171",
				"parent": "bone115",
				"pivot": [-1.925, 18.125, 1.5],
				"rotation": [-74.63335, 15.13191, 13.15698],
				"cubes": [
					{"origin": [-1.475, 18.125, -0.675], "size": [2.95, 0, 2.125], "uv": [12, 118]}
				]
			},
			{
				"name": "bone172",
				"parent": "bone171",
				"pivot": [-1.975, 18.125, 1.425],
				"rotation": [25, 0, 0],
				"cubes": [
					{"origin": [-1.425, 18.125, 1.25], "size": [2.95, 0.075, 1.175], "uv": [118, 22]}
				]
			},
			{
				"name": "bone44",
				"parent": "bone177",
				"pivot": [-0.625, -13.2, 0.675],
				"rotation": [0, 80, 0]
			},
			{
				"name": "bone45",
				"parent": "bone44",
				"pivot": [-0.575, 17.8, -3.75],
				"rotation": [-75.0349, -1.03449, 3.86412],
				"cubes": [
					{"origin": [-1.65, 17.8, -5.225], "size": [4.475, 0, 1.625], "uv": [9, 120]}
				]
			},
			{
				"name": "bone46",
				"parent": "bone44",
				"pivot": [-0.625, 17.8, -3.825],
				"rotation": [-55, 0, 0],
				"cubes": [
					{"origin": [-1.825, 17.8, -3.6], "size": [4.7, 0.1, 0.775], "uv": [117, 24]}
				]
			},
			{
				"name": "bone181",
				"parent": "bone155",
				"pivot": [2, 18.6, 5.7]
			},
			{
				"name": "bone182",
				"parent": "bone181",
				"pivot": [2, 18.6, 5.7],
				"rotation": [77.37077, -33.81152, -166.20599],
				"cubes": [
					{"origin": [-1.4, 18.6, 3.525], "size": [1.85, 0, 2.125], "uv": [74, 117]}
				]
			},
			{
				"name": "bone183",
				"parent": "bone182",
				"pivot": [2.05, 18.6, 5.625],
				"rotation": [25, 0, 0],
				"cubes": [
					{"origin": [-1.45, 18.6, 5.45], "size": [1.85, 0, 1.175], "uv": [79, 119]}
				]
			},
			{
				"name": "bone184",
				"parent": "bone181",
				"pivot": [0.375, 18.25, 4.825],
				"rotation": [79.86322, -3.27412, 179.65723],
				"cubes": [
					{"origin": [-3.025, 18.25, 2.4], "size": [3.825, 0, 2.375], "uv": [0, 6]}
				]
			},
			{
				"name": "bone185",
				"parent": "bone184",
				"pivot": [0.425, 18.25, 4.75],
				"rotation": [25, 0, 0],
				"cubes": [
					{"origin": [-3.075, 18.25, 4.575], "size": [4.075, 0, 1.175], "uv": [31, 8]}
				]
			},
			{
				"name": "bone186",
				"parent": "bone181",
				"pivot": [1.6, -13.2, 4.625],
				"rotation": [0, -80, 0]
			},
			{
				"name": "bone187",
				"parent": "bone186",
				"pivot": [1.925, 18.125, 1.5],
				"rotation": [-74.63335, -15.13191, -13.15698],
				"cubes": [
					{"origin": [-1.475, 18.125, -0.675], "size": [2.95, 0, 2.125], "uv": [10, 122]}
				]
			},
			{
				"name": "bone188",
				"parent": "bone187",
				"pivot": [1.975, 18.125, 1.425],
				"rotation": [25, 0, 0],
				"cubes": [
					{"origin": [-1.525, 18.125, 1.25], "size": [2.95, 0.075, 1.175], "uv": [119, 25]}
				]
			},
			{
				"name": "bone189",
				"parent": "bone181",
				"pivot": [0.625, -13.2, 0.675],
				"rotation": [0, -80, 0]
			},
			{
				"name": "bone190",
				"parent": "bone189",
				"pivot": [0.575, 17.8, -3.75],
				"rotation": [-75.0349, 1.03449, -3.86412],
				"cubes": [
					{"origin": [-2.825, 17.8, -5.225], "size": [4.475, 0, 1.75], "uv": [15, 125]}
				]
			},
			{
				"name": "bone191",
				"parent": "bone189",
				"pivot": [0.625, 17.8, -3.825],
				"rotation": [-55, 0, 0],
				"cubes": [
					{"origin": [-2.875, 17.8, -3.525], "size": [4.7, 0.075, 0.7], "uv": [118, 25]}
				]
			},
			{
				"name": "bone217",
				"parent": "body",
				"pivot": [2, 18.6, 5.7]
			},
			{
				"name": "bone219",
				"parent": "bone217",
				"pivot": [2, 18.6, 5.7],
				"rotation": [77.37077, -33.81152, -166.20599],
				"cubes": [
					{"origin": [-1.4, 18.825, 3.05], "size": [1.85, 0, 2.6], "uv": [117, 58]}
				]
			},
			{
				"name": "bone236",
				"parent": "bone219",
				"pivot": [2.05, 18.6, 5.625],
				"rotation": [25, 0, 0],
				"cubes": [
					{"origin": [-1.45, 18.825, 5.225], "size": [1.85, 0, 1.4], "uv": [116, 60]}
				]
			},
			{
				"name": "bone238",
				"parent": "bone217",
				"pivot": [0.375, 18.25, 4.825],
				"rotation": [79.86322, -3.27412, 179.65723],
				"cubes": [
					{"origin": [-3.025, 18.475, 2.175], "size": [3.825, 0, 2.6], "uv": [119, 65]}
				]
			},
			{
				"name": "bone247",
				"parent": "bone238",
				"pivot": [0.425, 18.25, 4.75],
				"rotation": [25, 0, 0],
				"cubes": [
					{"origin": [-3.075, 18.475, 4.35], "size": [4.075, 0, 1.4], "uv": [119, 65]}
				]
			},
			{
				"name": "bone248",
				"parent": "bone217",
				"pivot": [1.6, -13.2, 4.625],
				"rotation": [0, -80, 0]
			},
			{
				"name": "bone249",
				"parent": "bone248",
				"pivot": [1.925, 18.125, 1.5],
				"rotation": [-74.63335, -15.13191, -13.15698],
				"cubes": [
					{"origin": [-1.475, 18.35, -1.15], "size": [2.95, 0, 2.6], "uv": [116, 58]}
				]
			},
			{
				"name": "bone250",
				"parent": "bone249",
				"pivot": [1.975, 18.125, 1.425],
				"rotation": [25, 0, 0],
				"cubes": [
					{"origin": [-1.525, 18.35, 1.025], "size": [2.95, 0, 1.4], "uv": [111, 57]}
				]
			},
			{
				"name": "bone251",
				"parent": "bone217",
				"pivot": [0.625, -13.2, 0.675],
				"rotation": [0, -80, 0]
			},
			{
				"name": "bone252",
				"parent": "bone251",
				"pivot": [0.575, 17.8, -3.75],
				"rotation": [-75.0349, 1.03449, -3.86412],
				"cubes": [
					{"origin": [-2.825, 18.025, -5.7], "size": [4.475, 0, 1.95], "uv": [119, 65]}
				]
			},
			{
				"name": "bone253",
				"parent": "bone251",
				"pivot": [0.625, 17.8, -3.825],
				"rotation": [-55, 0, 0],
				"cubes": [
					{"origin": [-2.875, 18.025, -4.05], "size": [4.7, 0, 1.225], "uv": [119, 65]}
				]
			},
			{
				"name": "bone254",
				"parent": "body",
				"pivot": [-2, 18.6, 5.7]
			},
			{
				"name": "bone255",
				"parent": "bone254",
				"pivot": [-2, 18.6, 5.7],
				"rotation": [77.37077, 33.81152, 166.20599],
				"cubes": [
					{"origin": [-0.45, 18.825, 3.05], "size": [1.85, 0, 2.6], "uv": [111, 65], "mirror": true}
				]
			},
			{
				"name": "bone256",
				"parent": "bone255",
				"pivot": [-2.05, 18.6, 5.625],
				"rotation": [25, 0, 0]
			},
			{
				"name": "bone257",
				"parent": "bone254",
				"pivot": [-0.375, 18.25, 4.825],
				"rotation": [79.86322, 3.27412, -179.65723],
				"cubes": [
					{"origin": [-0.8, 18.475, 2.175], "size": [3.825, 0, 2.6], "uv": [119, 65], "mirror": true}
				]
			},
			{
				"name": "bone258",
				"parent": "bone257",
				"pivot": [-0.425, 18.25, 4.75],
				"rotation": [25, 0, 0],
				"cubes": [
					{"origin": [-1, 18.475, 4.35], "size": [4.075, 0, 1.4], "uv": [119, 65], "mirror": true}
				]
			},
			{
				"name": "bone259",
				"parent": "bone254",
				"pivot": [-1.6, -13.2, 4.625],
				"rotation": [0, 80, 0]
			},
			{
				"name": "bone260",
				"parent": "bone259",
				"pivot": [-1.925, 18.125, 1.5],
				"rotation": [-74.63335, 15.13191, 13.15698],
				"cubes": [
					{"origin": [-1.475, 18.35, -1.15], "size": [2.95, 0, 2.6], "uv": [114, 52], "mirror": true}
				]
			},
			{
				"name": "bone261",
				"parent": "bone260",
				"pivot": [-1.975, 18.125, 1.425],
				"rotation": [25, 0, 0],
				"cubes": [
					{"origin": [-1.425, 18.35, 1.025], "size": [2.95, 0, 1.4], "uv": [115, 61], "mirror": true}
				]
			},
			{
				"name": "bone262",
				"parent": "bone254",
				"pivot": [-0.625, -13.2, 0.675],
				"rotation": [0, 80, 0]
			},
			{
				"name": "bone263",
				"parent": "bone262",
				"pivot": [-0.575, 17.8, -3.75],
				"rotation": [-75.0349, -1.03449, 3.86412],
				"cubes": [
					{"origin": [-1.65, 18.025, -5.7], "size": [4.475, 0, 1.95], "uv": [119, 65], "mirror": true}
				]
			},
			{
				"name": "bone264",
				"parent": "bone262",
				"pivot": [-0.625, 17.8, -3.825],
				"rotation": [-55, 0, 0],
				"cubes": [
					{"origin": [-1.825, 18.025, -4.05], "size": [4.7, 0, 1.225], "uv": [119, 65], "mirror": true}
				]
			},
			{
				"name": "legLeft",
				"pivot": [2, 9, 0],
				"cubes": [
					{"origin": [0.499, 0, -1.5], "size": [3, 9, 3], "uv": [34, 41]},
					{"origin": [0.424, -0.1, 1.6], "size": [3.15, 1.6, -3.2], "uv": [122, 34], "mirror": true}
				]
			},
			{
				"name": "legRight",
				"pivot": [-2, 9, 0],
				"cubes": [
					{"origin": [-3.499, 0, 1.5], "size": [3, 9, -3], "uv": [83, 23]},
					{"origin": [-3.574, -0.075, 1.6], "size": [3.15, 1.575, -3.2], "uv": [122, 34]}
				]
			},
			{
				"name": "sittingRotationSkirt",
				"pivot": [0, 12, 0]
			},
			{
				"name": "bone3",
				"parent": "sittingRotationSkirt",
				"pivot": [0, 6, 0]
			},
			{
				"name": "bone4",
				"parent": "bone3",
				"pivot": [0, 6, 0.5],
				"rotation": [2.5, 0, 0]
			},
			{
				"name": "bone5",
				"parent": "bone4",
				"pivot": [0, 6, 5.49245],
				"rotation": [2.75, 0, 0]
			},
			{
				"name": "bone6",
				"parent": "bone5",
				"pivot": [-3, 5.82635, 5.49245],
				"rotation": [0, 0, 3.73107],
				"cubes": [
					{"origin": [-4, 5.32635, 4.49145], "size": [4, 6.75, 0], "uv": [8, 58]}
				]
			},
			{
				"name": "bone7",
				"parent": "bone5",
				"pivot": [3, 5.82635, 5.49245],
				"rotation": [0, 0, -3.73107],
				"cubes": [
					{"origin": [-0.25, 5.32635, 4.49345], "size": [4.25, 6.75, 0], "uv": [0, 58]}
				]
			},
			{
				"name": "bone8",
				"parent": "bone3",
				"pivot": [0, 6, 0],
				"rotation": [0, -90, 0]
			},
			{
				"name": "bone9",
				"parent": "bone8",
				"pivot": [0, 6, 4.99245],
				"rotation": [4, 0, 0],
				"cubes": [
					{"origin": [-2.5, 5.32635, 3.99245], "size": [5.5, 6.775, 0], "uv": [46, 52]}
				]
			},
			{
				"name": "bone10",
				"parent": "bone9",
				"pivot": [-2.85, 5.82635, 4.99245],
				"rotation": [0, 0, 2.48107],
				"cubes": [
					{"origin": [-4.5, 5.40135, 3.99145], "size": [2.65, 6.725, 0], "uv": [59, 12]}
				]
			},
			{
				"name": "bone11",
				"parent": "bone9",
				"pivot": [3, 5.82635, 4.99245],
				"rotation": [0, 0, -4.73107],
				"cubes": [
					{"origin": [2, 5.32635, 3.99345], "size": [2.475, 6.775, 0], "uv": [6, 116]}
				]
			},
			{
				"name": "bone12",
				"parent": "bone3",
				"pivot": [0, 6, -0.5],
				"rotation": [0, -180, 0]
			},
			{
				"name": "bone13",
				"parent": "bone12",
				"pivot": [0, 6, 4.49245],
				"rotation": [2.5, 0, 0]
			},
			{
				"name": "bone14",
				"parent": "bone13",
				"pivot": [-3, 5.82635, 4.49245],
				"rotation": [0, 0, 4.98107],
				"cubes": [
					{"origin": [-4, 5.32635, 3.49145], "size": [4, 6.75, 0], "uv": [57, 36]}
				]
			},
			{
				"name": "bone20",
				"parent": "bone13",
				"pivot": [0.225, 8.62635, 3.54345],
				"rotation": [0, 0, -4.98107],
				"cubes": [
					{"origin": [-0.275, 5.12635, 3.41845], "size": [1, 7, 0.175], "uv": [45, 16]},
					{"origin": [-0.55, 5.12635, 3.54345], "size": [1, 7, 0], "uv": [4, 31]}
				]
			},
			{
				"name": "bone15",
				"parent": "bone13",
				"pivot": [3, 5.82635, 4.49245],
				"rotation": [0, 0, -4.98107],
				"cubes": [
					{"origin": [0, 5.32635, 3.49345], "size": [4.075, 6.75, 0], "uv": [57, 30]}
				]
			},
			{
				"name": "bone215",
				"parent": "bone12",
				"pivot": [0, 6, -0.5],
				"rotation": [0, -180, 0]
			},
			{
				"name": "bone216",
				"parent": "bone215",
				"pivot": [0, 6, 4.49245],
				"rotation": [2.5, 0, 0]
			},
			{
				"name": "bone218",
				"parent": "bone216",
				"pivot": [0.225, 8.62635, 3.54345],
				"rotation": [0, 0, -4.98107]
			},
			{
				"name": "bone16",
				"parent": "bone3",
				"pivot": [0, 6, 0],
				"rotation": [0, -270, 0]
			},
			{
				"name": "bone17",
				"parent": "bone16",
				"pivot": [0, 6, 4.99245],
				"rotation": [5, 0, 0],
				"cubes": [
					{"origin": [-2.5, 5.32635, 3.99245], "size": [5.5, 6.5, 0], "uv": [0, 52]}
				]
			},
			{
				"name": "bone18",
				"parent": "bone17",
				"pivot": [-3, 5.82635, 4.99245],
				"rotation": [0, 0, 4.98107],
				"cubes": [
					{"origin": [-4.5, 5.32635, 3.99145], "size": [2.5, 6.5, 0], "uv": [52, 58]}
				]
			},
			{
				"name": "bone19",
				"parent": "bone17",
				"pivot": [3, 5.82635, 4.99245],
				"rotation": [0, 0, -4.98107],
				"cubes": [
					{"origin": [2, 5.32635, 3.99345], "size": [2.75, 6.5, 0], "uv": [48, 58]}
				]
			},
			{
				"name": "bone88",
				"parent": "bone3",
				"pivot": [2.025, 7.22635, -5.51745],
				"rotation": [7.39604, 1.89706, 57.01664],
				"cubes": [
					{"origin": [0.025, 8.22635, -4.59345], "size": [2.075, 0.25, 0.1], "uv": [119, 21]},
					{"origin": [0.275, 8.20135, -4.61845], "size": [1.575, 0.3, 0.125], "uv": [35, 81]},
					{"origin": [0.275, 8.20135, -4.56845], "size": [1.575, 0.95, 0.225], "uv": [109, 71]}
				]
			},
			{
				"name": "bone89",
				"parent": "bone88",
				"pivot": [1.0625, 7.42635, -4.48095],
				"rotation": [6.25, 0, 0],
				"cubes": [
					{"origin": [0.1, 7.10135, -4.49345], "size": [1.925, 1.15, 0.1], "uv": [37, 82]}
				]
			},
			{
				"name": "bone90",
				"parent": "bone3",
				"pivot": [-2.275, 7.17635, -5.54245],
				"rotation": [-5.10396, -1.89706, -57.01664],
				"cubes": [
					{"origin": [-2.35, 8.17635, -4.61845], "size": [2.075, 0.25, 0.1], "uv": [124, 33]},
					{"origin": [-2.1, 8.15135, -4.64345], "size": [1.575, 0.3, 0.125], "uv": [13, 82]}
				]
			},
			{
				"name": "bone91",
				"parent": "bone90",
				"pivot": [-1.3125, 7.37635, -4.50595],
				"rotation": [6.25, 0, 0],
				"cubes": [
					{"origin": [-2.275, 7.05135, -4.51845], "size": [1.925, 1.15, 0.1], "uv": [34, 81]}
				]
			}
		]
	}
}