{
	"format_version": "1.10.0",
	"geometry.model": {
		"texturewidth": 256,
		"textureheight": 256,
		"visible_bounds_width": 5,
		"visible_bounds_height": 4.5,
		"visible_bounds_offset": [0, 1.75, 0],
		"bones": [
			{
				"name": "bone21",
				"pivot": [0.9, 0, 1],
				"cubes": [
					{"origin": [-15.1, 0, -11], "size": [28, 0, 16], "uv": [53, 0]},
					{"origin": [-14.875, 0, 4.8], "size": [28.775, 6, 16.7], "uv": [56, 54]},
					{"origin": [-14.85, 0, 6.3], "size": [4.9, 16.6, 9.2], "uv": [36, 109], "mirror": true},
					{"origin": [-14.85, 5, 15.3], "size": [4.9, 35, 6.2], "uv": [0, 101], "mirror": true},
					{"origin": [-11.1, 6, 16.3], "size": [24, 25.9, 5.2], "uv": [0, 33]},
					{"origin": [12.375, 6, 12.3], "size": [1, 17.9, 9.2], "uv": [0, 33]},
					{"origin": [12.375, 23.7, 16.3], "size": [1, 8.2, 5.2], "uv": [0, 33]}
				]
			},
			{
				"name": "bone",
				"parent": "bone21",
				"pivot": [0.9, 6.8, 11.6],
				"rotation": [20, 0, 0],
				"cubes": [
					{"origin": [-11, 3.86418, 6.17115], "size": [23.9, 12, 13], "uv": [64, 201]}
				]
			},
			{
				"name": "bone2",
				"parent": "bone21",
				"pivot": [0.9, 15.3, 11.5],
				"rotation": [72.5, 0, 0],
				"cubes": [
					{"origin": [-6.7, 22.90282, 11.61487], "size": [15.1, 0, 15], "uv": [75, 16]},
					{"origin": [-11.1, 10.80282, 7.31487], "size": [24, 11.7, 22.9], "uv": [66, 164]},
					{"origin": [12.425, 10.80282, 1.21487], "size": [1, 6.6, 30], "uv": [150, 196]},
					{"origin": [-11.1, 10.50282, 30.11487], "size": [24.1, 12.1, 6.5], "uv": [96, 134], "mirror": true},
					{"origin": [-8.15, 12.05282, 29.21487], "size": [17.5, 10.4, 6.5], "uv": [68, 118]},
					{"origin": [-16, 10.50282, 36.71487], "size": [25.4, 17.2, 1.9], "uv": [73, 100]},
					{"origin": [-16, 10.50282, 38.71487], "size": [27.8, 23.2, 1.9], "uv": [74, 76]}
				]
			},
			{
				"name": "bone47",
				"parent": "bone21",
				"pivot": [15.5, 18.8, 18.5],
				"rotation": [-20, 0, 0],
				"cubes": [
					{"origin": [-14.85, 12.7, 7.9], "size": [4.9, 25.7, 9], "uv": [120, 4], "mirror": true}
				]
			},
			{
				"name": "bone48",
				"parent": "bone21",
				"pivot": [18.1, 40.8, 11.2],
				"rotation": [20, 0, 0],
				"cubes": [
					{"origin": [-14.85, 35.55253, 8.87473], "size": [3.7, 4, 4], "uv": [0, 0]}
				]
			},
			{
				"name": "bone49",
				"parent": "bone21",
				"pivot": [18.1, 40.8, 11.2],
				"rotation": [20, 0, 0],
				"cubes": [
					{"origin": [-14.85, 36.35253, 7.67473], "size": [1.3, 2, 4], "uv": [10, 4]}
				]
			},
			{
				"name": "bone19",
				"parent": "bone21",
				"pivot": [0.9, 24.9, 5.9],
				"rotation": [-17.5, 0, 0]
			},
			{
				"name": "bone3",
				"parent": "bone19",
				"pivot": [0.9, 24.95, 6.85],
				"rotation": [-12.5, 0, 0]
			},
			{
				"name": "bone18",
				"parent": "bone19",
				"pivot": [0.9, 24.95, 6.85],
				"rotation": [-12.5, 0, -22.5]
			},
			{
				"name": "bone17",
				"parent": "bone19",
				"pivot": [0.9, 24.95, 6.85],
				"rotation": [-12.5, 0, -45]
			},
			{
				"name": "bone16",
				"parent": "bone19",
				"pivot": [0.9, 24.95, 6.85],
				"rotation": [-12.5, 0, -67.5]
			},
			{
				"name": "bone15",
				"parent": "bone19",
				"pivot": [0.9, 24.95, 6.85],
				"rotation": [-12.5, 0, -90],
				"cubes": [
					{"origin": [-1.2, 14.51334, 7.94796], "size": [4.2, 3.3, 2.6], "uv": [69, 16]}
				]
			},
			{
				"name": "bone43",
				"parent": "bone19",
				"pivot": [0.9, 24.95, 6.85],
				"rotation": [-12.5, 0, -112.5],
				"cubes": [
					{"origin": [-1.2, 14.51334, 7.94796], "size": [4.2, 3.3, 2.6], "uv": [69, 16]}
				]
			},
			{
				"name": "bone42",
				"parent": "bone19",
				"pivot": [0.9, 24.95, 6.85],
				"rotation": [-12.5, 0, -135],
				"cubes": [
					{"origin": [-1.2, 14.51334, 7.94796], "size": [4.2, 3.3, 2.6], "uv": [69, 16]}
				]
			},
			{
				"name": "bone41",
				"parent": "bone19",
				"pivot": [0.9, 24.95, 6.85],
				"rotation": [-12.5, 0, -157.5],
				"cubes": [
					{"origin": [-1.2, 14.51334, 7.94796], "size": [4.2, 3.3, 2.6], "uv": [69, 16]}
				]
			},
			{
				"name": "bone40",
				"parent": "bone19",
				"pivot": [0.9, 24.95, 6.85],
				"rotation": [-12.5, 0, -180],
				"cubes": [
					{"origin": [-1.2, 14.51334, 7.94796], "size": [4.2, 3.3, 2.6], "uv": [69, 16]}
				]
			},
			{
				"name": "bone39",
				"parent": "bone19",
				"pivot": [0.9, 24.95, 6.85],
				"rotation": [-12.5, 0, 157.5],
				"cubes": [
					{"origin": [-1.2, 14.51334, 7.94796], "size": [4.2, 3.3, 2.6], "uv": [69, 16]}
				]
			},
			{
				"name": "bone38",
				"parent": "bone19",
				"pivot": [0.9, 24.95, 6.85],
				"rotation": [-12.5, 0, 135],
				"cubes": [
					{"origin": [-1.2, 14.51334, 7.94796], "size": [4.2, 3.3, 2.6], "uv": [69, 16]}
				]
			},
			{
				"name": "bone37",
				"parent": "bone19",
				"pivot": [0.9, 24.95, 6.85],
				"rotation": [-12.5, 0, 112.5],
				"cubes": [
					{"origin": [-1.2, 14.51334, 7.94796], "size": [4.2, 3.3, 2.6], "uv": [69, 16]}
				]
			},
			{
				"name": "bone36",
				"parent": "bone19",
				"pivot": [0.9, 24.95, 6.85],
				"rotation": [-12.5, 0, 90],
				"cubes": [
					{"origin": [-1.2, 14.51334, 7.94796], "size": [4.2, 3.3, 2.6], "uv": [69, 16]}
				]
			},
			{
				"name": "bone35",
				"parent": "bone19",
				"pivot": [0.9, 24.95, 6.85],
				"rotation": [-12.5, 0, 67.5],
				"cubes": [
					{"origin": [-1.2, 14.51334, 7.94796], "size": [4.2, 3.3, 2.6], "uv": [69, 16]}
				]
			},
			{
				"name": "bone34",
				"parent": "bone19",
				"pivot": [0.9, 24.95, 6.85],
				"rotation": [-12.5, 0, 45],
				"cubes": [
					{"origin": [-1.2, 14.51334, 7.94796], "size": [4.2, 3.3, 2.6], "uv": [69, 16]}
				]
			},
			{
				"name": "bone33",
				"parent": "bone19",
				"pivot": [0.9, 24.95, 6.85],
				"rotation": [-12.5, 0, 22.5],
				"cubes": [
					{"origin": [-1.2, 14.51334, 7.94796], "size": [4.2, 3.3, 2.6], "uv": [69, 16]}
				]
			},
			{
				"name": "bone32",
				"parent": "bone19",
				"pivot": [0.9, 24.95, 6.85],
				"rotation": [-12.5, 0, 0],
				"cubes": [
					{"origin": [-1.2, 14.51334, 7.94796], "size": [4.2, 3.3, 2.6], "uv": [69, 16]}
				]
			},
			{
				"name": "bone31",
				"parent": "bone19",
				"pivot": [0.9, 24.95, 6.85],
				"rotation": [-12.5, 0, -22.5],
				"cubes": [
					{"origin": [-1.2, 14.51334, 7.94796], "size": [4.2, 3.3, 2.6], "uv": [69, 16]}
				]
			},
			{
				"name": "bone30",
				"parent": "bone19",
				"pivot": [0.9, 24.95, 6.85],
				"rotation": [-12.5, 0, -45],
				"cubes": [
					{"origin": [-1.2, 14.51334, 7.94796], "size": [4.2, 3.3, 2.6], "uv": [69, 16]}
				]
			},
			{
				"name": "bone29",
				"parent": "bone19",
				"pivot": [0.9, 24.95, 6.85],
				"rotation": [-12.5, 0, -67.5],
				"cubes": [
					{"origin": [-1.2, 14.51334, 7.94796], "size": [4.2, 3.3, 2.6], "uv": [69, 16]}
				]
			},
			{
				"name": "bone14",
				"parent": "bone19",
				"pivot": [0.9, 24.95, 6.85],
				"rotation": [-12.5, 0, -112.5]
			},
			{
				"name": "bone13",
				"parent": "bone19",
				"pivot": [0.9, 24.95, 6.85],
				"rotation": [-12.5, 0, -135]
			},
			{
				"name": "bone12",
				"parent": "bone19",
				"pivot": [0.9, 24.95, 6.85],
				"rotation": [-12.5, 0, -157.5]
			},
			{
				"name": "bone11",
				"parent": "bone19",
				"pivot": [0.9, 24.95, 6.85],
				"rotation": [-12.5, 0, -180]
			},
			{
				"name": "bone10",
				"parent": "bone19",
				"pivot": [0.9, 24.95, 6.85],
				"rotation": [-12.5, 0, 157.5]
			},
			{
				"name": "bone9",
				"parent": "bone19",
				"pivot": [0.9, 24.95, 6.85],
				"rotation": [-12.5, 0, 135]
			},
			{
				"name": "bone8",
				"parent": "bone19",
				"pivot": [0.9, 24.95, 6.85],
				"rotation": [-12.5, 0, 112.5]
			},
			{
				"name": "bone7",
				"parent": "bone19",
				"pivot": [0.9, 24.95, 6.85],
				"rotation": [-12.5, 0, 90]
			},
			{
				"name": "bone6",
				"parent": "bone19",
				"pivot": [0.9, 24.95, 6.85],
				"rotation": [-12.5, 0, 67.5]
			},
			{
				"name": "bone5",
				"parent": "bone19",
				"pivot": [0.9, 24.95, 6.85],
				"rotation": [-12.5, 0, 45]
			},
			{
				"name": "bone4",
				"parent": "bone19",
				"pivot": [0.9, 24.95, 6.85],
				"rotation": [-12.5, 0, 22.5]
			},
			{
				"name": "bone28",
				"parent": "bone19",
				"pivot": [0.6, 24.7, 10.3],
				"rotation": [-21.92079, 0.40745, 23.65203],
				"cubes": [
					{"origin": [-0.59883, 14.18817, 8.70793], "size": [3.2, 2.4, 4], "uv": [19, 101]},
					{"origin": [-0.19883, 13.88817, 9.10793], "size": [2.4, 0.8, 3.2], "uv": [57, 33]}
				]
			},
			{
				"name": "bone27",
				"parent": "bone19",
				"pivot": [0.575, 24.125, 10.3],
				"rotation": [-20.92079, 0.40745, -21.34797],
				"cubes": [
					{"origin": [-0.0417, 13.91204, 8.40495], "size": [3.2, 2.4, 4], "uv": [0, 8]},
					{"origin": [0.3583, 13.61204, 8.80495], "size": [2.4, 0.8, 3.2], "uv": [7, 0]}
				]
			},
			{
				"name": "bone26",
				"parent": "bone19",
				"pivot": [0.6, 23.9, 10.3],
				"rotation": [-20.92079, 0.40745, -66.34797],
				"cubes": [
					{"origin": [0.08707, 13.19768, 8.59281], "size": [3.2, 2.4, 4], "uv": [0, 14]},
					{"origin": [0.48707, 12.89768, 8.99281], "size": [2.4, 0.8, 3.2], "uv": [11, 0]}
				]
			},
			{
				"name": "bone25",
				"parent": "bone19",
				"pivot": [0.6, 24.7, 10.3],
				"rotation": [-20.92079, 0.40745, -111.34797],
				"cubes": [
					{"origin": [-0.6852, 13.58216, 8.74939], "size": [3.2, 2.4, 4], "uv": [60, 33]},
					{"origin": [-0.2852, 13.28216, 9.14939], "size": [2.4, 0.8, 3.2], "uv": [11, 10]}
				]
			},
			{
				"name": "bone24",
				"parent": "bone19",
				"pivot": [0.8, 24.6, 10.3],
				"rotation": [-20.92079, 0.40745, -156.34797],
				"cubes": [
					{"origin": [-0.53437, 13.3839, 8.78296], "size": [3.2, 2.4, 4], "uv": [0, 70]},
					{"origin": [-0.13437, 13.0839, 9.18296], "size": [2.4, 0.8, 3.2], "uv": [13, 3]}
				]
			},
			{
				"name": "bone23",
				"parent": "bone19",
				"pivot": [0.6, 24.8, 10.3],
				"rotation": [-20.92079, 0.40745, 158.65203],
				"cubes": [
					{"origin": [-1.1784, 13.98546, 8.67386], "size": [3.2, 2.4, 4], "uv": [14, 70]},
					{"origin": [-0.7784, 13.68546, 9.07386], "size": [2.4, 0.8, 3.2], "uv": [11, 13]}
				]
			},
			{
				"name": "bone22",
				"parent": "bone19",
				"pivot": [0.3, 24.6, 10.3],
				"rotation": [-20.92079, 0.40745, 113.65203],
				"cubes": [
					{"origin": [-1.58216, 14.14982, 8.486], "size": [3.2, 2.4, 4], "uv": [28, 70]},
					{"origin": [-1.18216, 13.84982, 8.886], "size": [2.4, 0.8, 3.2], "uv": [7, 14]}
				]
			},
			{
				"name": "bone20",
				"parent": "bone19",
				"pivot": [0.2, 24.4, 10.3],
				"rotation": [-20.92079, 0.40745, 68.65203],
				"cubes": [
					{"origin": [-1.38489, 14.36534, 8.32942], "size": [3.2, 2.4, 4], "uv": [42, 70]},
					{"origin": [-0.98489, 14.06534, 8.72942], "size": [2.4, 0.8, 3.2], "uv": [11, 16]}
				]
			},
			{
				"name": "bone44",
				"parent": "bone21",
				"pivot": [13.4, 37, 16],
				"rotation": [-17.5, 0, 0],
				"cubes": [
					{"origin": [12.9, 34.25, 15], "size": [1, 4.5, 3], "uv": [80, 147]}
				]
			},
			{
				"name": "bone45",
				"parent": "bone21",
				"pivot": [13.4, 37, 16],
				"rotation": [-17.5, 0, 0],
				"cubes": [
					{"origin": [12.9, 34.75, 14.45], "size": [1, 3.5, 4.1], "uv": [80, 147]}
				]
			},
			{
				"name": "bone46",
				"parent": "bone21",
				"pivot": [13.9, 37, 16],
				"rotation": [-17.5, 0, 0],
				"cubes": [
					{"origin": [13.4, 35, 14.8], "size": [1, 3, 3.4], "uv": [48, 170]},
					{"origin": [13.9, 35.225, 15.2], "size": [1, 2.5, 2.5], "uv": [106, 105]}
				]
			},
			{
				"name": "bone50",
				"parent": "bone21",
				"pivot": [13.9, 37, 16],
				"rotation": [-17.5, 0, 0],
				"cubes": [
					{"origin": [13.4, 34.75, 15], "size": [1, 3.5, 3], "uv": [55, 160]}
				]
			},
			{
				"name": "bone51",
				"parent": "bone21",
				"pivot": [-12.425, 37.225, 18.45],
				"rotation": [20, 0, 0],
				"cubes": [
					{"origin": [14.375, 36.425, 17], "size": [0.4, 1.6, 9.4], "uv": [106, 105]},
					{"origin": [-15.825, 36.425, 26.25], "size": [30.4, 1.6, 0.4], "uv": [149, 178]}
				]
			}
		]
	}
}