{
	"format_version": "1.10.0",
	"geometry.model": {
		"texturewidth": 128,
		"textureheight": 128,
		"visible_bounds_width": 3,
		"visible_bounds_height": 4,
		"visible_bounds_offset": [0, 1, 0],
		"bones": [
			{
				"name": "head",
				"pivot": [0, 18, 0],
				"cubes": [
					{"origin": [-3.925, 18.025, -3.925], "size": [7.85, 7.825, 7.85], "uv": [25, 7]},
					{"origin": [-3.5, 18.5, -3.5], "size": [7, 7, 8], "uv": [0, 14]},
					{"origin": [-3.5, 18.5, -3.5], "size": [7, 8, 7], "uv": [23, 22]},
					{"origin": [-4.5, 18.5, -3.5], "size": [9, 7, 7], "uv": [0, 0]}
				]
			},
			{
				"name": "bone134",
				"parent": "head",
				"pivot": [3.575, 23.7, -4.275],
				"rotation": [2, 0, -50.25],
				"cubes": [
					{"origin": [3.225, 22.575, -4.775], "size": [1.2, 2.25, 1], "uv": [63, 46]}
				]
			},
			{
				"name": "bone52",
				"parent": "head",
				"pivot": [2.15, 24.875, -4.025],
				"rotation": [-16.25, 0, -50.25],
				"cubes": [
					{"origin": [1.8, 23.75, -4.525], "size": [1.2, 2.25, 1], "uv": [65, 5]}
				]
			},
			{
				"name": "blink",
				"parent": "head",
				"pivot": [0, 18, 0],
				"cubes": [
					{"origin": [-4, 18, -4.001], "size": [8, 8, 0], "uv": [12, 45]}
				]
			},
			{
				"name": "bone54",
				"parent": "head",
				"pivot": [0.8, 24.6, -4.2],
				"rotation": [-12.5, 0, -42.75],
				"cubes": [
					{"origin": [0.2, 23.475, -4.7], "size": [1.45, 2.25, 1], "uv": [64, 43]}
				]
			},
			{
				"name": "bone42",
				"parent": "head",
				"pivot": [2.15, 23.125, -4.25],
				"rotation": [10, 0, -42.75],
				"cubes": [
					{"origin": [1.55, 21.5, -4.75], "size": [1.45, 2.75, 1], "uv": [65, 8]}
				]
			},
			{
				"name": "bone139",
				"parent": "head",
				"pivot": [-1.875, 25.525, -3.75],
				"rotation": [-25.2873, 2.68507, 0.2873],
				"cubes": [
					{"origin": [-2.125, 24.025, -4.25], "size": [1.25, 2, 1], "uv": [63, 31]}
				]
			},
			{
				"name": "bone43",
				"parent": "head",
				"pivot": [-2, 24.2, -4.25],
				"rotation": [12.5, 0, 12.5],
				"cubes": [
					{"origin": [-2.25, 23.7, -4.75], "size": [1.25, 1, 1], "uv": [28, 65]}
				]
			},
			{
				"name": "bone135",
				"parent": "head",
				"pivot": [-0.975, 25.2, -4.1],
				"rotation": [-20, 0, -25],
				"cubes": [
					{"origin": [-1.475, 24.325, -4.6], "size": [1, 1.75, 1], "uv": [49, 38]}
				]
			},
			{
				"name": "bone53",
				"parent": "head",
				"pivot": [-0.35, 23.875, -4.175],
				"rotation": [12.5, 0, -25],
				"cubes": [
					{"origin": [-0.85, 22, -4.675], "size": [1, 2.75, 1], "uv": [0, 65]}
				]
			},
			{
				"name": "bone41",
				"parent": "head",
				"pivot": [1, 24.5, -4.25],
				"rotation": [0, 0, -25],
				"cubes": [
					{"origin": [0, 21.5, -4.75], "size": [1, 3.25, 1], "uv": [63, 27]}
				]
			},
			{
				"name": "bone136",
				"parent": "head",
				"pivot": [0.35, 25.9, -3.825],
				"rotation": [-20, 0, -25],
				"cubes": [
					{"origin": [-0.65, 24.4, -4.325], "size": [1, 1.75, 1], "uv": [27, 32]}
				]
			},
			{
				"name": "bone47",
				"parent": "head",
				"pivot": [-1, 18, -0.5]
			},
			{
				"name": "bone44",
				"parent": "bone47",
				"pivot": [3.5, 22.5, -3.9],
				"rotation": [-2.5, 0, 0],
				"cubes": [
					{"origin": [3, 19, -4.4], "size": [1, 7, 1], "uv": [28, 57]}
				]
			},
			{
				"name": "bone45",
				"parent": "bone47",
				"pivot": [3.5, 18.875, -4],
				"rotation": [-7.43656, -0.9762, -7.43656],
				"cubes": [
					{"origin": [2.75, 17.5, -4.675], "size": [1.425, 1.75, 0.975], "uv": [16, 30]},
					{"origin": [2.5, 17.8, -4.85], "size": [2, 0.575, 0.65], "uv": [18, 87]}
				]
			},
			{
				"name": "bone46",
				"parent": "bone47",
				"pivot": [3.85, 17.375, -4.35],
				"rotation": [-12.5, 0, -15],
				"cubes": [
					{"origin": [3.15, 15, -4.85], "size": [1.2, 2.75, 0.95], "uv": [4, 0]}
				]
			},
			{
				"name": "bone48",
				"parent": "head",
				"pivot": [1, 18, -0.5]
			},
			{
				"name": "bone49",
				"parent": "bone48",
				"pivot": [-3.5, 22.5, -3.925],
				"rotation": [-2.5, 0, 0],
				"cubes": [
					{"origin": [-4, 19, -4.425], "size": [1, 7, 1], "uv": [24, 57]}
				]
			},
			{
				"name": "bone50",
				"parent": "bone48",
				"pivot": [-3.5, 18.875, -4],
				"rotation": [-7.43656, 0.9762, 7.43656],
				"cubes": [
					{"origin": [-4.175, 17.5, -4.675], "size": [1.425, 1.75, 0.975], "uv": [15, 29]},
					{"origin": [-4.5, 17.8, -4.85], "size": [2, 0.575, 0.65], "uv": [18, 88]}
				]
			},
			{
				"name": "bone51",
				"parent": "bone48",
				"pivot": [-3.85, 17.375, -4.35],
				"rotation": [-12.5, 0, 15],
				"cubes": [
					{"origin": [-4.35, 15, -4.85], "size": [1.2, 2.75, 0.95], "uv": [0, 0]}
				]
			},
			{
				"name": "hat",
				"parent": "head",
				"pivot": [0, 18, 0]
			},
			{
				"name": "L",
				"parent": "hat",
				"pivot": [0, 18, 0]
			},
			{
				"name": "bone58",
				"parent": "L",
				"pivot": [-1.325, 27.8, 0.5],
				"rotation": [0, 0, -37.5],
				"cubes": [
					{"origin": [-1.825, 27.55, 0], "size": [1, 2.25, 1], "uv": [64, 37]}
				]
			},
			{
				"name": "bone57",
				"parent": "L",
				"pivot": [-3.55, 28.95, 0.5],
				"rotation": [0, 0, 18.5],
				"cubes": [
					{"origin": [-3.725, 26.875, 0], "size": [1, 3.35, 1], "uv": [14, 63]}
				]
			},
			{
				"name": "bone56",
				"parent": "L",
				"pivot": [-1.175, 27.25, 0.5],
				"rotation": [0, 0, -7.5],
				"cubes": [
					{"origin": [-1.675, 25.75, 0], "size": [1, 2.025, 1], "uv": [64, 40]}
				]
			},
			{
				"name": "bone55",
				"parent": "L",
				"pivot": [-3.925, 26.75, 0.5],
				"rotation": [0, 0, 2.5],
				"cubes": [
					{"origin": [-4.425, 25.25, 0], "size": [1, 1.875, 1], "uv": [24, 65]}
				]
			},
			{
				"name": "R",
				"parent": "hat",
				"pivot": [0, 18, 0]
			},
			{
				"name": "bone59",
				"parent": "R",
				"pivot": [1.325, 27.8, 0.5],
				"rotation": [0, 0, 37.5],
				"cubes": [
					{"origin": [0.825, 27.55, 0], "size": [1, 2.25, 1], "uv": [64, 34]}
				]
			},
			{
				"name": "bone60",
				"parent": "R",
				"pivot": [3.55, 28.95, 0.5],
				"rotation": [0, 0, -18.5],
				"cubes": [
					{"origin": [2.725, 26.875, 0], "size": [1, 3.35, 1], "uv": [36, 45]}
				]
			},
			{
				"name": "bone61",
				"parent": "R",
				"pivot": [1.175, 27.25, 0.5],
				"rotation": [0, 0, 7.5],
				"cubes": [
					{"origin": [0.675, 25.75, 0], "size": [1, 2.025, 1], "uv": [64, 0]}
				]
			},
			{
				"name": "bone62",
				"parent": "R",
				"pivot": [3.925, 26.75, 0.5],
				"rotation": [0, 0, -2.5],
				"cubes": [
					{"origin": [3.425, 25.25, 0], "size": [1, 1.875, 1], "uv": [20, 65]}
				]
			},
			{
				"name": "bone143",
				"parent": "R",
				"pivot": [0, 18, 0],
				"cubes": [
					{"origin": [1.5, 26, 0.25], "size": [2, 2.75, 0.75], "uv": [29, 5]}
				]
			},
			{
				"name": "bone144",
				"parent": "head",
				"pivot": [0, 18, 0],
				"cubes": [
					{"origin": [-3.5, 26, 0.25], "size": [2, 2.75, 0.75], "uv": [25, 5]}
				]
			},
			{
				"name": "bone95",
				"parent": "head",
				"pivot": [0, 18, 0],
				"cubes": [
					{"origin": [-5, 20.25, -1], "size": [1, 3, 2.25], "uv": [0, 0]},
					{"origin": [-4.75, 22.75, 0], "size": [0.75, 3, 1], "uv": [84, 71]}
				]
			},
			{
				"name": "bone94",
				"parent": "head",
				"pivot": [0, 18, 0],
				"cubes": [
					{"origin": [4, 20.25, -1], "size": [1, 3, 2.25], "uv": [0, 31]},
					{"origin": [4, 22.75, 0], "size": [0.75, 3, 1], "uv": [84, 71]}
				]
			},
			{
				"name": "bone96",
				"parent": "head",
				"pivot": [0, 28, 4],
				"rotation": [-40, 0, 0]
			},
			{
				"name": "bone97",
				"parent": "bone96",
				"pivot": [0, 28, 4],
				"cubes": [
					{"origin": [-0.75, 28.25, 6.26367], "size": [1.5, 0.025, 0.5], "uv": [47, 89]},
					{"origin": [-0.25, 28.25, 5.76367], "size": [0.5, 0.025, 2.75], "uv": [47, 89]}
				]
			},
			{
				"name": "bone98",
				"parent": "bone96",
				"pivot": [0, 28, 4],
				"rotation": [0, -22.5, 0],
				"cubes": [
					{"origin": [-0.75, 28.25, 6.26367], "size": [1.5, 0.025, 0.5], "uv": [47, 89]}
				]
			},
			{
				"name": "bone99",
				"parent": "bone96",
				"pivot": [0, 28, 4],
				"rotation": [0, -45, 0],
				"cubes": [
					{"origin": [-0.75, 28.25, 6.26367], "size": [1.5, 0.025, 0.5], "uv": [47, 89]}
				]
			},
			{
				"name": "bone100",
				"parent": "bone96",
				"pivot": [0, 28, 4],
				"rotation": [0, -67.5, 0],
				"cubes": [
					{"origin": [-0.75, 28.25, 6.26367], "size": [1.5, 0.025, 0.5], "uv": [47, 89]}
				]
			},
			{
				"name": "bone101",
				"parent": "bone96",
				"pivot": [0, 28, 4],
				"rotation": [0, -90, 0],
				"cubes": [
					{"origin": [-0.75, 28.25, 6.26367], "size": [1.5, 0.025, 0.5], "uv": [47, 89]},
					{"origin": [-0.25, 28.25, 5.76367], "size": [0.5, 0.025, 3], "uv": [47, 89]}
				]
			},
			{
				"name": "bone102",
				"parent": "bone96",
				"pivot": [0, 28, 4],
				"rotation": [0, -112.5, 0],
				"cubes": [
					{"origin": [-0.75, 28.25, 6.26367], "size": [1.5, 0.025, 0.5], "uv": [47, 89]}
				]
			},
			{
				"name": "bone103",
				"parent": "bone96",
				"pivot": [0, 28, 4],
				"rotation": [0, -135, 0],
				"cubes": [
					{"origin": [-0.75, 28.25, 6.26367], "size": [1.5, 0.025, 0.5], "uv": [47, 89]}
				]
			},
			{
				"name": "bone104",
				"parent": "bone96",
				"pivot": [0, 28, 4],
				"rotation": [0, -157.5, 0],
				"cubes": [
					{"origin": [-0.75, 28.25, 6.26367], "size": [1.5, 0.025, 0.5], "uv": [47, 89]}
				]
			},
			{
				"name": "bone105",
				"parent": "bone96",
				"pivot": [0, 28, 4],
				"rotation": [0, -180, 0],
				"cubes": [
					{"origin": [-0.75, 28.25, 6.26367], "size": [1.5, 0.025, 0.5], "uv": [47, 89]},
					{"origin": [-0.25, 28.25, 5.76367], "size": [0.5, 0.025, 3], "uv": [47, 89]}
				]
			},
			{
				"name": "bone106",
				"parent": "bone96",
				"pivot": [0, 28, 4],
				"rotation": [0, -202.5, 0],
				"cubes": [
					{"origin": [-0.75, 28.25, 6.26367], "size": [1.5, 0.025, 0.5], "uv": [47, 89]}
				]
			},
			{
				"name": "bone107",
				"parent": "bone96",
				"pivot": [0, 28, 4],
				"rotation": [0, -225, 0],
				"cubes": [
					{"origin": [-0.75, 28.25, 6.26367], "size": [1.5, 0.025, 0.5], "uv": [47, 89]}
				]
			},
			{
				"name": "bone108",
				"parent": "bone96",
				"pivot": [0, 28, 4],
				"rotation": [0, -247.5, 0],
				"cubes": [
					{"origin": [-0.75, 28.25, 6.26367], "size": [1.5, 0.025, 0.5], "uv": [47, 89]}
				]
			},
			{
				"name": "bone109",
				"parent": "bone96",
				"pivot": [0, 28, 4],
				"rotation": [0, -270, 0],
				"cubes": [
					{"origin": [-0.75, 28.25, 6.26367], "size": [1.5, 0.025, 0.5], "uv": [47, 89]},
					{"origin": [-0.25, 28.25, 5.76367], "size": [0.5, 0.025, 3], "uv": [47, 89]}
				]
			},
			{
				"name": "bone110",
				"parent": "bone96",
				"pivot": [0, 28, 4],
				"rotation": [0, -292.5, 0],
				"cubes": [
					{"origin": [-0.75, 28.25, 6.26367], "size": [1.5, 0.025, 0.5], "uv": [47, 89]}
				]
			},
			{
				"name": "bone111",
				"parent": "bone96",
				"pivot": [0, 28, 4],
				"rotation": [0, -315, 0],
				"cubes": [
					{"origin": [-0.75, 28.25, 6.26367], "size": [1.5, 0.025, 0.5], "uv": [47, 89]}
				]
			},
			{
				"name": "bone112",
				"parent": "bone96",
				"pivot": [0, 28, 4],
				"rotation": [0, -337.5, 0],
				"cubes": [
					{"origin": [-0.75, 28.25, 6.26367], "size": [1.5, 0.025, 0.5], "uv": [47, 89]}
				]
			},
			{
				"name": "bone114",
				"parent": "head",
				"pivot": [0, 28, 4],
				"rotation": [-40, 0, 0]
			},
			{
				"name": "bone115",
				"parent": "bone114",
				"pivot": [0, 28, 4],
				"cubes": [
					{"origin": [-0.75, 28.25, 7.26367], "size": [1.5, 0.025, 0.5], "uv": [45, 92]}
				]
			},
			{
				"name": "bone116",
				"parent": "bone114",
				"pivot": [0, 28, 4],
				"rotation": [0, -22.5, 0],
				"cubes": [
					{"origin": [-0.75, 28.25, 7.26367], "size": [1.5, 0.025, 0.5], "uv": [45, 92]}
				]
			},
			{
				"name": "bone117",
				"parent": "bone114",
				"pivot": [0, 28, 4],
				"rotation": [0, -45, 0],
				"cubes": [
					{"origin": [-0.75, 28.25, 7.26367], "size": [1.5, 0.025, 0.5], "uv": [45, 92]}
				]
			},
			{
				"name": "bone118",
				"parent": "bone114",
				"pivot": [0, 28, 4],
				"rotation": [0, -67.5, 0],
				"cubes": [
					{"origin": [-0.75, 28.25, 7.26367], "size": [1.5, 0.025, 0.5], "uv": [45, 92]}
				]
			},
			{
				"name": "bone119",
				"parent": "bone114",
				"pivot": [0, 28, 4],
				"rotation": [0, -90, 0],
				"cubes": [
					{"origin": [-0.75, 28.25, 7.26367], "size": [1.5, 0.025, 0.5], "uv": [45, 92]}
				]
			},
			{
				"name": "bone120",
				"parent": "bone114",
				"pivot": [0, 28, 4],
				"rotation": [0, -112.5, 0],
				"cubes": [
					{"origin": [-0.75, 28.25, 7.26367], "size": [1.5, 0.025, 0.5], "uv": [45, 92]}
				]
			},
			{
				"name": "bone121",
				"parent": "bone114",
				"pivot": [0, 28, 4],
				"rotation": [0, -135, 0],
				"cubes": [
					{"origin": [-0.75, 28.25, 7.26367], "size": [1.5, 0.025, 0.5], "uv": [45, 92]}
				]
			},
			{
				"name": "bone122",
				"parent": "bone114",
				"pivot": [0, 28, 4],
				"rotation": [0, -157.5, 0],
				"cubes": [
					{"origin": [-0.75, 28.25, 7.26367], "size": [1.5, 0.025, 0.5], "uv": [45, 92]}
				]
			},
			{
				"name": "bone123",
				"parent": "bone114",
				"pivot": [0, 28, 4],
				"rotation": [0, -180, 0],
				"cubes": [
					{"origin": [-0.75, 28.25, 7.26367], "size": [1.5, 0.025, 0.5], "uv": [45, 92]}
				]
			},
			{
				"name": "bone124",
				"parent": "bone114",
				"pivot": [0, 28, 4],
				"rotation": [0, -202.5, 0],
				"cubes": [
					{"origin": [-0.75, 28.25, 7.26367], "size": [1.5, 0.025, 0.5], "uv": [45, 92]}
				]
			},
			{
				"name": "bone125",
				"parent": "bone114",
				"pivot": [0, 28, 4],
				"rotation": [0, -225, 0],
				"cubes": [
					{"origin": [-0.75, 28.25, 7.26367], "size": [1.5, 0.025, 0.5], "uv": [45, 92]}
				]
			},
			{
				"name": "bone126",
				"parent": "bone114",
				"pivot": [0, 28, 4],
				"rotation": [0, -247.5, 0],
				"cubes": [
					{"origin": [-0.75, 28.25, 7.26367], "size": [1.5, 0.025, 0.5], "uv": [45, 92]}
				]
			},
			{
				"name": "bone127",
				"parent": "bone114",
				"pivot": [0, 28, 4],
				"rotation": [0, -270, 0],
				"cubes": [
					{"origin": [-0.75, 28.25, 7.26367], "size": [1.5, 0.025, 0.5], "uv": [45, 92]}
				]
			},
			{
				"name": "bone128",
				"parent": "bone114",
				"pivot": [0, 28, 4],
				"rotation": [0, -292.5, 0],
				"cubes": [
					{"origin": [-0.75, 28.25, 7.26367], "size": [1.5, 0.025, 0.5], "uv": [45, 92]}
				]
			},
			{
				"name": "bone129",
				"parent": "bone114",
				"pivot": [0, 28, 4],
				"rotation": [0, -315, 0],
				"cubes": [
					{"origin": [-0.75, 28.25, 7.26367], "size": [1.5, 0.025, 0.5], "uv": [45, 92]}
				]
			},
			{
				"name": "bone130",
				"parent": "bone114",
				"pivot": [0, 28, 4],
				"rotation": [0, -337.5, 0],
				"cubes": [
					{"origin": [-0.75, 28.25, 7.26367], "size": [1.5, 0.025, 0.5], "uv": [45, 92]}
				]
			},
			{
				"name": "bone140",
				"parent": "head",
				"pivot": [0, 18, 0],
				"cubes": [
					{"origin": [-3.75, 25.25, -4.5], "size": [7.5, 1, 1], "uv": [0, 29]}
				]
			},
			{
				"name": "bone141",
				"parent": "head",
				"pivot": [-2.5, 24.9, -4.1],
				"rotation": [-22.5, 0, 25],
				"cubes": [
					{"origin": [-3, 23.65, -4.6], "size": [1, 1.75, 1], "uv": [36, 42]}
				]
			},
			{
				"name": "bone142",
				"parent": "head",
				"pivot": [-3.025, 23.75, -4.4],
				"rotation": [20, 0, 25],
				"cubes": [
					{"origin": [-3.525, 22.5, -4.9], "size": [1, 1.75, 1], "uv": [22, 20]}
				]
			},
			{
				"name": "armRight",
				"pivot": [-3, 17.5, 0],
				"rotation": [0, 0, 15],
				"cubes": [
					{"origin": [-5, 8.5, -1], "size": [2, 8, 2], "uv": [53, 10]},
					{"origin": [-5.15, 8.625, -1.2], "size": [2.3, 5.8, 2.4], "uv": [42, 85], "mirror": true},
					{"origin": [-5.25, 9, -1.25], "size": [2.5, 8.5, 2.5], "uv": [52, 38]}
				]
			},
			{
				"name": "armLeft",
				"pivot": [3, 17.5, 0],
				"rotation": [0, 0, -15],
				"cubes": [
					{"origin": [2.75, 9.05, -1.25], "size": [2.5, 8.45, 2.5], "uv": [51, 28]},
					{"origin": [2.85, 8.625, -1.2], "size": [2.3, 5.8, 2.4], "uv": [42, 85]},
					{"origin": [3, 8.5, -1], "size": [2, 8, 2], "uv": [12, 46]}
				]
			},
			{
				"name": "body",
				"pivot": [0, 10.5, 0],
				"cubes": [
					{"origin": [-3, 8.999, -3], "size": [6, 9, 6], "uv": [0, 31]}
				]
			},
			{
				"name": "bone63",
				"parent": "body",
				"pivot": [0, 10.5, 0],
				"cubes": [
					{"origin": [-0.5, 16, -3.75], "size": [1, 1, 1], "uv": [64, 57]}
				]
			},
			{
				"name": "bone80",
				"parent": "bone63",
				"pivot": [0, 14.75, -3.25],
				"rotation": [-7.5, 0, 0],
				"cubes": [
					{"origin": [-0.725, 13.5, -3.75], "size": [1.45, 2.5, 1], "uv": [63, 49]}
				]
			},
			{
				"name": "bone79",
				"parent": "bone63",
				"pivot": [0, 13.5, -3.425],
				"rotation": [-4.94285, 5.01879, 45.43691],
				"cubes": [
					{"origin": [-0.5, 13, -3.925], "size": [1, 1, 1], "uv": [63, 52]}
				]
			},
			{
				"name": "bone64",
				"parent": "body",
				"pivot": [-1, 17, -3.5],
				"rotation": [-20.97958, 9.07519, 45.64542],
				"cubes": [
					{"origin": [-2.5, 16.5, -3.5], "size": [2.5, 1, 0], "uv": [24, 43]}
				]
			},
			{
				"name": "bone65",
				"parent": "body",
				"pivot": [1, 17, -3.5],
				"rotation": [-20.97958, -9.07519, -45.64542],
				"cubes": [
					{"origin": [0, 16.5, -3.5], "size": [2.5, 1, 0], "uv": [41, 6]}
				]
			},
			{
				"name": "cloth_out_down",
				"parent": "body",
				"pivot": [0, 7, 0]
			},
			{
				"name": "bone2",
				"parent": "cloth_out_down",
				"pivot": [0, 7, 0]
			},
			{
				"name": "bone3",
				"parent": "bone2",
				"pivot": [0, 7, 4.47051],
				"rotation": [10, 0, 0],
				"cubes": [
					{"origin": [-2.5, 4.65782, 4.47051], "size": [5, 8, 0], "uv": [45, 49]}
				]
			},
			{
				"name": "bone4",
				"parent": "bone3",
				"pivot": [-2.5, 6.65782, 4.47051],
				"rotation": [0, 0, 9.85108],
				"cubes": [
					{"origin": [-4.875, 4.65782, 4.56951], "size": [2.375, 8, 0], "uv": [51, 59]}
				]
			},
			{
				"name": "bone5",
				"parent": "bone3",
				"pivot": [2.5, 6.65782, 4.47051],
				"rotation": [0, 0, -9.85108],
				"cubes": [
					{"origin": [2.5, 4.65782, 4.47151], "size": [2.375, 8, 0], "uv": [59, 27]}
				]
			},
			{
				"name": "bone6",
				"parent": "cloth_out_down",
				"pivot": [0, 7, 0],
				"rotation": [0, -90, 0]
			},
			{
				"name": "bone7",
				"parent": "bone6",
				"pivot": [0, 7, 4.47051],
				"rotation": [10, 0, 0],
				"cubes": [
					{"origin": [-2.5, 5.65782, 4.87051], "size": [5, 7, 0], "uv": [56, 20]}
				]
			},
			{
				"name": "bone8",
				"parent": "bone7",
				"pivot": [-2.5, 6.65782, 4.87051],
				"rotation": [0, 0, 9.85108],
				"cubes": [
					{"origin": [-4.5, 6.65782, 4.89451], "size": [2, 6, 0], "uv": [60, 41]}
				]
			},
			{
				"name": "bone9",
				"parent": "bone7",
				"pivot": [2.5, 6.65782, 4.47051],
				"rotation": [0, 0, -9.85108],
				"cubes": [
					{"origin": [2.325, 4.65782, 4.82151], "size": [2.35, 8, 0], "uv": [47, 57]}
				]
			},
			{
				"name": "bone10",
				"parent": "cloth_out_down",
				"pivot": [0, 7, 0],
				"rotation": [0, -180, 0]
			},
			{
				"name": "bone11",
				"parent": "bone10",
				"pivot": [0, 7, 4.47051],
				"rotation": [10, 0, 0]
			},
			{
				"name": "bone12",
				"parent": "bone11",
				"pivot": [-2.5, 6.65782, 4.47051],
				"rotation": [0, 0, 9.85108],
				"cubes": [
					{"origin": [-4.875, 6.65782, 4.46951], "size": [2.375, 6, 0], "uv": [60, 35]}
				]
			},
			{
				"name": "bone13",
				"parent": "bone11",
				"pivot": [2.5, 6.65782, 4.47051],
				"rotation": [0, 0, -9.85108],
				"cubes": [
					{"origin": [2.5, 6.65782, 4.47151], "size": [2.425, 6, 0], "uv": [59, 59]}
				]
			},
			{
				"name": "bone160",
				"parent": "bone11",
				"pivot": [2.5, 6.65782, 4.37051],
				"rotation": [0, 0, -9.85108],
				"cubes": [
					{"origin": [2.05, 6.40782, 4.36951], "size": [2.825, 6.25, 0], "uv": [24, 37]}
				]
			},
			{
				"name": "bone159",
				"parent": "bone11",
				"pivot": [-2.5, 6.65782, 4.37051],
				"rotation": [0, 0, 9.85108],
				"cubes": [
					{"origin": [-4.875, 6.38282, 4.36951], "size": [2.825, 6.275, 0], "uv": [33, 37]}
				]
			},
			{
				"name": "bone14",
				"parent": "cloth_out_down",
				"pivot": [0, 7, 0],
				"rotation": [0, -270, 0]
			},
			{
				"name": "bone15",
				"parent": "bone14",
				"pivot": [0, 7, 4.47051],
				"rotation": [10, 0, 0],
				"cubes": [
					{"origin": [-2.5, 5.65782, 4.87051], "size": [5, 7, 0], "uv": [10, 56]}
				]
			},
			{
				"name": "bone16",
				"parent": "bone15",
				"pivot": [-2.5, 6.65782, 4.47051],
				"rotation": [0, 0, 9.85108],
				"cubes": [
					{"origin": [-4.5, 4.65782, 4.89451], "size": [2, 8, 0], "uv": [43, 57]}
				]
			},
			{
				"name": "bone17",
				"parent": "bone15",
				"pivot": [2.5, 6.65782, 4.87051],
				"rotation": [0, 0, -9.85108],
				"cubes": [
					{"origin": [2.5, 6.65782, 4.87151], "size": [2, 6, 0], "uv": [55, 59]}
				]
			},
			{
				"name": "bone161",
				"parent": "bone14",
				"pivot": [0, 7, 4.32051],
				"rotation": [10, 0, 0],
				"cubes": [
					{"origin": [-2.5, 5.35782, 4.72051], "size": [5, 7.3, 0], "uv": [33, 55]}
				]
			},
			{
				"name": "bone162",
				"parent": "bone161",
				"pivot": [-2.5, 6.65782, 4.32051],
				"rotation": [0, 0, 9.85108],
				"cubes": [
					{"origin": [-4.5, 4.35782, 4.74451], "size": [2, 8.3, 0], "uv": [20, 57]}
				]
			},
			{
				"name": "bone163",
				"parent": "bone161",
				"pivot": [2.5, 6.65782, 4.72051],
				"rotation": [0, 0, -9.85108],
				"cubes": [
					{"origin": [2.5, 6.35782, 4.72151], "size": [1.875, 6.3, 0], "uv": [28, 37]}
				]
			},
			{
				"name": "bone164",
				"parent": "bone14",
				"pivot": [0, 7, -4.32051],
				"rotation": [-10, 0, 0],
				"cubes": [
					{"origin": [-2.5, 5.35782, -4.72051], "size": [5, 7.3, 0], "uv": [0, 55]}
				]
			},
			{
				"name": "bone165",
				"parent": "bone164",
				"pivot": [-2.5, 6.65782, -4.32051],
				"rotation": [0, 0, 9.85108],
				"cubes": [
					{"origin": [-4.5, 4.35782, -4.74451], "size": [2, 8.3, 0], "uv": [18, 29]}
				]
			},
			{
				"name": "bone166",
				"parent": "bone164",
				"pivot": [2.5, 6.65782, -4.72051],
				"rotation": [0, 0, -9.85108],
				"cubes": [
					{"origin": [2.5, 6.35782, -4.72151], "size": [1.875, 6.3, 0], "uv": [22, 14]}
				]
			},
			{
				"name": "cloth_in",
				"parent": "body",
				"pivot": [0, 0, 0],
				"cubes": [
					{"origin": [-3.075, 9, -3.075], "size": [6.25, 9, 0], "uv": [0, 46]}
				]
			},
			{
				"name": "bone77",
				"parent": "cloth_in",
				"pivot": [-1.625, 8.5, -3.075],
				"rotation": [0, 0, 30],
				"cubes": [
					{"origin": [-3.25, 7, -3.075], "size": [2.75, 3, 0], "uv": [63, 62]}
				]
			},
			{
				"name": "bone78",
				"parent": "cloth_in",
				"pivot": [1.625, 8.5, -3.075],
				"rotation": [0, 0, -30],
				"cubes": [
					{"origin": [0.5, 7, -3.075], "size": [2.75, 3, 0], "uv": [63, 59]}
				]
			},
			{
				"name": "cloth_out_up",
				"parent": "body",
				"pivot": [0, 12, 0]
			},
			{
				"name": "bone67",
				"parent": "cloth_out_up",
				"pivot": [0, 12, 0]
			},
			{
				"name": "bone68",
				"parent": "bone67",
				"pivot": [0, 12, 4],
				"cubes": [
					{"origin": [-3, 12, 3.5], "size": [6, 6, 0], "uv": [33, 49]}
				]
			},
			{
				"name": "bone69",
				"parent": "bone68",
				"pivot": [-3, 12, 4],
				"cubes": [
					{"origin": [-4, 12, 3.499], "size": [1, 6, 0], "uv": [12, 63]}
				]
			},
			{
				"name": "bone81",
				"parent": "bone68",
				"pivot": [3, 12, 4],
				"cubes": [
					{"origin": [3, 12, 3.501], "size": [1, 6, 0], "uv": [10, 63]}
				]
			},
			{
				"name": "bone82",
				"parent": "cloth_out_up",
				"pivot": [0, 12, 0],
				"rotation": [0, -90, 0]
			},
			{
				"name": "bone83",
				"parent": "bone82",
				"pivot": [0, 12, 4],
				"cubes": [
					{"origin": [-2.25, 12, 4], "size": [4.5, 6, 0], "uv": [55, 48]}
				]
			},
			{
				"name": "bone84",
				"parent": "bone83",
				"pivot": [-3, 12, 4],
				"cubes": [
					{"origin": [-3.5, 12, 3.999], "size": [1.5, 5, 0], "uv": [18, 63]}
				]
			},
			{
				"name": "bone85",
				"parent": "bone83",
				"pivot": [3, 12, 4],
				"cubes": [
					{"origin": [2, 12, 4.001], "size": [1.5, 6, 0], "uv": [63, 5]}
				]
			},
			{
				"name": "bone86",
				"parent": "cloth_out_up",
				"pivot": [0, 12, 0],
				"rotation": [0, -180, 0]
			},
			{
				"name": "bone87",
				"parent": "bone86",
				"pivot": [0, 12, 4]
			},
			{
				"name": "bone88",
				"parent": "bone87",
				"pivot": [-3, 12, 4],
				"cubes": [
					{"origin": [-4, 12.3, 3.349], "size": [2.975, 4.7, 0], "uv": [35, 0]},
					{"origin": [1.025, 12.3, 3.349], "size": [2.975, 4.7, 0], "uv": [25, 0]},
					{"origin": [-4, 12, 3.499], "size": [2.55, 5, 0], "uv": [45, 0]}
				]
			},
			{
				"name": "bone133",
				"parent": "bone88",
				"pivot": [3, 15.65, 3.849],
				"rotation": [19.9299, 1.70818, -34.69986],
				"cubes": [
					{"origin": [1.725, 15.1, 4.024], "size": [3.55, 2, 0], "uv": [64, 81], "mirror": true},
					{"origin": [1.725, 14.65, 3.849], "size": [3.05, 2, 0], "uv": [80, 78]}
				]
			},
			{
				"name": "bone113",
				"parent": "bone88",
				"pivot": [-3, 15.65, 3.849],
				"rotation": [19.9299, -1.70818, 34.69986],
				"cubes": [
					{"origin": [-4.775, 14.65, 3.849], "size": [3.05, 2, 0], "uv": [82, 75]},
					{"origin": [-5.275, 15.1, 4.024], "size": [3.55, 2, 0], "uv": [64, 81]}
				]
			},
			{
				"name": "bone89",
				"parent": "bone87",
				"pivot": [3, 12, 4],
				"cubes": [
					{"origin": [1.4, 12, 3.501], "size": [2.6, 5, 0], "uv": [38, 62]}
				]
			},
			{
				"name": "bone90",
				"parent": "cloth_out_up",
				"pivot": [0, 12, 0],
				"rotation": [0, -270, 0]
			},
			{
				"name": "bone91",
				"parent": "bone90",
				"pivot": [0, 12, 4],
				"cubes": [
					{"origin": [-2, 12, 4], "size": [4, 6, 0], "uv": [0, 14]}
				]
			},
			{
				"name": "bone92",
				"parent": "bone91",
				"pivot": [-3, 12, 4],
				"cubes": [
					{"origin": [-3.475, 12, 3.999], "size": [2.075, 6, 0], "uv": [59, 5]}
				]
			},
			{
				"name": "bone93",
				"parent": "bone91",
				"pivot": [3, 12, 4],
				"cubes": [
					{"origin": [1.45, 12, 4.001], "size": [2, 5, 0], "uv": [6, 62]}
				]
			},
			{
				"name": "bone",
				"parent": "body",
				"pivot": [4.475, -1.125, 0],
				"rotation": [0, 0, -15.5]
			},
			{
				"name": "bone18",
				"parent": "bone",
				"pivot": [6.15, 13.875, 0]
			},
			{
				"name": "bone19",
				"parent": "bone18",
				"pivot": [6.15, 13.875, 4.97051],
				"rotation": [10, 0, 0]
			},
			{
				"name": "bone21",
				"parent": "bone19",
				"pivot": [9.45, 16.67032, 5.07151],
				"rotation": [0, 36.5, -9.85108],
				"cubes": [
					{"origin": [8.625, 15.68282, 5.07151], "size": [2.325, 1.975, 0], "uv": [68, 91]},
					{"origin": [8.45, 16.18282, 5.44651], "size": [2.5, 1.975, 0], "uv": [39, 0]}
				]
			},
			{
				"name": "bone26",
				"parent": "bone",
				"pivot": [6.15, 13.875, 0],
				"rotation": [0, -180, 0]
			},
			{
				"name": "bone27",
				"parent": "bone26",
				"pivot": [6.15, 13.875, 4.97051],
				"rotation": [10, 0, 0]
			},
			{
				"name": "bone28",
				"parent": "bone27",
				"pivot": [2.2, 16.03282, 3.39451],
				"rotation": [0, -54, 9.85108],
				"cubes": [
					{"origin": [0.975, 15.30782, 3.39451], "size": [2.35, 1.975, 0], "uv": [68, 91]},
					{"origin": [0.975, 15.98282, 3.71951], "size": [2.35, 1.975, 0], "uv": [38, 21]}
				]
			},
			{
				"name": "bone167",
				"parent": "bone",
				"pivot": [6.275, 14.55, 0],
				"rotation": [0, -270, 0]
			},
			{
				"name": "bone168",
				"parent": "bone167",
				"pivot": [6.275, 14.55, 4.97051],
				"rotation": [10, 0, 0],
				"cubes": [
					{"origin": [5.025, 15.73282, 4.97051], "size": [2.5, 1.975, 0], "uv": [37, 6]}
				]
			},
			{
				"name": "bone169",
				"parent": "bone168",
				"pivot": [5.775, 14.20782, 4.97051],
				"rotation": [0, 0, 9.85108],
				"cubes": [
					{"origin": [1.95, 15.73282, 4.96951], "size": [2.825, 1.975, 0], "uv": [0, 36]}
				]
			},
			{
				"name": "bone170",
				"parent": "bone168",
				"pivot": [8.775, 14.20782, 4.97051],
				"rotation": [0, 0, -9.85108],
				"cubes": [
					{"origin": [7.775, 15.73282, 4.97151], "size": [1.05, 1.975, 0], "uv": [6, 21]}
				]
			},
			{
				"name": "bone30",
				"parent": "bone",
				"pivot": [6.15, 13.875, 0],
				"rotation": [0, -270, 0]
			},
			{
				"name": "bone31",
				"parent": "bone30",
				"pivot": [6.15, 13.875, 4.97051],
				"rotation": [10, 0, 0],
				"cubes": [
					{"origin": [4.9, 15.05782, 4.97051], "size": [2.5, 1.975, 0], "uv": [68, 91]}
				]
			},
			{
				"name": "bone32",
				"parent": "bone31",
				"pivot": [5.65, 13.53282, 4.97051],
				"rotation": [0, 0, 9.85108],
				"cubes": [
					{"origin": [1.825, 15.05782, 4.96951], "size": [2.825, 1.975, 0], "uv": [68, 91]}
				]
			},
			{
				"name": "bone33",
				"parent": "bone31",
				"pivot": [8.65, 13.53282, 4.97051],
				"rotation": [0, 0, -9.85108],
				"cubes": [
					{"origin": [7.65, 15.05782, 4.97151], "size": [1.05, 1.975, 0], "uv": [68, 91]}
				]
			},
			{
				"name": "bone20",
				"parent": "body",
				"pivot": [-4.475, -1.125, 0],
				"rotation": [0, 0, 15.5]
			},
			{
				"name": "bone22",
				"parent": "bone20",
				"pivot": [-6.15, 13.875, 0]
			},
			{
				"name": "bone23",
				"parent": "bone22",
				"pivot": [-6.15, 13.875, 4.97051],
				"rotation": [10, 0, 0]
			},
			{
				"name": "bone24",
				"parent": "bone23",
				"pivot": [-9.45, 16.67032, 5.07151],
				"rotation": [0, -36.5, 9.85108],
				"cubes": [
					{"origin": [-10.95, 15.68282, 5.07151], "size": [2.325, 1.975, 0], "uv": [68, 91], "mirror": true},
					{"origin": [-10.95, 16.18282, 5.44651], "size": [2.5, 1.975, 0], "uv": [39, 0], "mirror": true}
				]
			},
			{
				"name": "bone25",
				"parent": "bone20",
				"pivot": [-6.15, 13.875, 0],
				"rotation": [0, 180, 0]
			},
			{
				"name": "bone29",
				"parent": "bone25",
				"pivot": [-6.15, 13.875, 4.97051],
				"rotation": [10, 0, 0]
			},
			{
				"name": "bone34",
				"parent": "bone29",
				"pivot": [-2.2, 16.03282, 3.39451],
				"rotation": [0, 54, -9.85108],
				"cubes": [
					{"origin": [-3.325, 15.30782, 3.39451], "size": [2.35, 1.975, 0], "uv": [68, 91], "mirror": true},
					{"origin": [-3.325, 15.98282, 3.71951], "size": [2.35, 1.975, 0], "uv": [38, 21], "mirror": true}
				]
			},
			{
				"name": "bone35",
				"parent": "bone20",
				"pivot": [-6.275, 14.55, 0],
				"rotation": [0, 270, 0]
			},
			{
				"name": "bone36",
				"parent": "bone35",
				"pivot": [-6.275, 14.55, 4.97051],
				"rotation": [10, 0, 0],
				"cubes": [
					{"origin": [-7.525, 15.73282, 4.97051], "size": [2.5, 1.975, 0], "uv": [37, 6], "mirror": true}
				]
			},
			{
				"name": "bone37",
				"parent": "bone36",
				"pivot": [-5.775, 14.20782, 4.97051],
				"rotation": [0, 0, -9.85108],
				"cubes": [
					{"origin": [-4.775, 15.73282, 4.96951], "size": [2.825, 1.975, 0], "uv": [0, 36], "mirror": true}
				]
			},
			{
				"name": "bone38",
				"parent": "bone36",
				"pivot": [-8.775, 14.20782, 4.97051],
				"rotation": [0, 0, 9.85108],
				"cubes": [
					{"origin": [-8.825, 15.73282, 4.97151], "size": [1.05, 1.975, 0], "uv": [6, 21], "mirror": true}
				]
			},
			{
				"name": "bone39",
				"parent": "bone20",
				"pivot": [-6.15, 13.875, 0],
				"rotation": [0, 270, 0]
			},
			{
				"name": "bone40",
				"parent": "bone39",
				"pivot": [-6.15, 13.875, 4.97051],
				"rotation": [10, 0, 0],
				"cubes": [
					{"origin": [-7.4, 15.05782, 4.97051], "size": [2.5, 1.975, 0], "uv": [68, 91], "mirror": true}
				]
			},
			{
				"name": "bone66",
				"parent": "bone40",
				"pivot": [-5.65, 13.53282, 4.97051],
				"rotation": [0, 0, -9.85108],
				"cubes": [
					{"origin": [-4.65, 15.05782, 4.96951], "size": [2.825, 1.975, 0], "uv": [68, 91], "mirror": true}
				]
			},
			{
				"name": "bone70",
				"parent": "bone40",
				"pivot": [-8.65, 13.53282, 4.97051],
				"rotation": [0, 0, 9.85108],
				"cubes": [
					{"origin": [-8.7, 15.05782, 4.97151], "size": [1.05, 1.975, 0], "uv": [68, 91], "mirror": true}
				]
			},
			{
				"name": "bone152",
				"parent": "body",
				"pivot": [0, 1.425, -3.225],
				"rotation": [-12.5, 0, 0]
			},
			{
				"name": "bone153",
				"parent": "bone152",
				"pivot": [-1.325, 16.1, 1.725],
				"rotation": [-18.82866, -3.56864, 3.79286],
				"cubes": [
					{"origin": [-2.325, 15.1, 1.225], "size": [2, 2, 1], "uv": [61, 11]}
				]
			},
			{
				"name": "bone154",
				"parent": "bone152",
				"pivot": [-2.45, 16.525, 1.6],
				"rotation": [-28.16408, -9.73317, 47.73698],
				"cubes": [
					{"origin": [-4.025, 15.525, 0.975], "size": [2.875, 2, 1], "uv": [37, 37]}
				]
			},
			{
				"name": "bone155",
				"parent": "bone152",
				"pivot": [0, 16.075, 1.8],
				"rotation": [-22.5, 0, 0],
				"cubes": [
					{"origin": [-1, 15.075, 1.3], "size": [2, 2, 1], "uv": [49, 0]}
				]
			},
			{
				"name": "bone156",
				"parent": "bone152",
				"pivot": [0, 10.175, -2.875]
			},
			{
				"name": "bone157",
				"parent": "bone156",
				"pivot": [1.325, 16.1, 1.725],
				"rotation": [-18.82866, 3.56864, -3.79286],
				"cubes": [
					{"origin": [0.325, 15.1, 1.225], "size": [2, 2, 1], "uv": [46, 10]}
				]
			},
			{
				"name": "bone158",
				"parent": "bone156",
				"pivot": [2.4, 16.375, 1.45],
				"rotation": [-27.35687, 12.62093, -43.57578],
				"cubes": [
					{"origin": [1.225, 15.375, 0.95], "size": [2.65, 2, 1], "uv": [30, 45]}
				]
			},
			{
				"name": "bone147",
				"parent": "body",
				"pivot": [0, 10.5, 1]
			},
			{
				"name": "bone146",
				"parent": "bone147",
				"pivot": [-1.325, 16.425, 5.6],
				"rotation": [-18.82866, -3.56864, 3.79286],
				"cubes": [
					{"origin": [-2.325, 15.425, 5.1], "size": [2, 2, 1], "uv": [0, 62]}
				]
			},
			{
				"name": "bone145",
				"parent": "bone147",
				"pivot": [-2.8, 16.55, 5.125],
				"rotation": [-19.70486, -31.72717, 5.25004],
				"cubes": [
					{"origin": [-4.575, 15.55, 4.625], "size": [2.775, 2, 1], "uv": [32, 62]}
				]
			},
			{
				"name": "bone151",
				"parent": "bone147",
				"pivot": [0, 16.4, 5.675],
				"rotation": [-22.5, 0, 0],
				"cubes": [
					{"origin": [-1, 15.4, 5.175], "size": [2, 2, 1], "uv": [61, 14]}
				]
			},
			{
				"name": "bone148",
				"parent": "bone147",
				"pivot": [0, 10.5, 1]
			},
			{
				"name": "bone149",
				"parent": "bone148",
				"pivot": [1.325, 16.425, 5.6],
				"rotation": [-18.82866, 3.56864, -3.79286],
				"cubes": [
					{"origin": [0.325, 15.425, 5.1], "size": [2, 2, 1], "uv": [61, 54]}
				]
			},
			{
				"name": "bone150",
				"parent": "bone148",
				"pivot": [2.8, 16.55, 5.125],
				"rotation": [-19.70486, 31.72717, -5.25004],
				"cubes": [
					{"origin": [1.8, 15.55, 4.625], "size": [2.625, 2, 1], "uv": [61, 17]}
				]
			},
			{
				"name": "legLeft",
				"pivot": [2, 9, 0],
				"cubes": [
					{"origin": [0.499, 0, -1.5], "size": [3, 9, 3], "uv": [21, 45]},
					{"origin": [0.424, -0.05, -1.8], "size": [3.15, 2.55, 3.6], "uv": [55, 0]},
					{"origin": [0.324, 2.025, -2], "size": [3.35, 0.5, 4], "uv": [39, 86]},
					{"origin": [0.249, 5, -1.75], "size": [3.5, 4, 3.5], "uv": [44, 21]}
				]
			},
			{
				"name": "legRight",
				"pivot": [-2, 9, 0],
				"cubes": [
					{"origin": [-3.499, 0, -1.5], "size": [3, 9, 3], "uv": [40, 37]},
					{"origin": [-3.749, 5, -1.75], "size": [3.5, 4, 3.5], "uv": [46, 3]},
					{"origin": [-3.574, -0.05, -1.8], "size": [3.15, 2.55, 3.6], "uv": [52, 54]},
					{"origin": [-3.674, 2.025, -2], "size": [3.35, 0.5, 4], "uv": [39, 86]}
				]
			},
			{
				"name": "tail",
				"pivot": [0, 8, 3],
				"rotation": [-45, 0, 0],
				"cubes": [
					{"origin": [-0.5, 8.5, 2], "size": [1, 1, 7], "uv": [24, 37]}
				]
			}
		]
	}
}