{
	"format_version": "1.10.0",
	"geometry.model": {
		"texturewidth": 512,
		"textureheight": 512,
		"visible_bounds_width": 10,
		"visible_bounds_height": 5.5,
		"visible_bounds_offset": [0, 2.25, 0],
		"bones": [
			{
				"name": "bone160",
				"pivot": [4.5, 35, -35]
			},
			{
				"name": "bone51",
				"parent": "bone160",
				"pivot": [-4.5, 35, -35]
			},
			{
				"name": "track2",
				"parent": "bone51",
				"pivot": [-24.5, 35, -35],
				"cubes": [
					{"origin": [-30.5, 0.1, -32.2], "size": [15, 1, 66], "uv": [122, 72], "mirror": true}
				]
			},
			{
				"name": "bone114",
				"parent": "track2",
				"pivot": [-22.5, 12.54652, -50.1836],
				"rotation": [-60, 0, 0],
				"cubes": [
					{"origin": [-30.5, 11.27161, -52.96825], "size": [15, 1, 5.25], "uv": [266, 33], "mirror": true}
				]
			},
			{
				"name": "bone115",
				"parent": "bone114",
				"pivot": [-22.5, 12.54652, -44.1836],
				"rotation": [12.5, 0, 0],
				"cubes": [
					{"origin": [-30.5, 12.04316, -47.69396], "size": [15, 1, 5], "uv": [79, 181], "mirror": true}
				]
			},
			{
				"name": "bone116",
				"parent": "bone115",
				"pivot": [-22.5, 12.54652, -44.1836],
				"rotation": [12.5, 0, 0],
				"cubes": [
					{"origin": [-30.5, 11.70897, -42.62178], "size": [15, 1, 5], "uv": [0, 181], "mirror": true}
				]
			},
			{
				"name": "bone117",
				"parent": "bone116",
				"pivot": [-22.5, 12.54652, -44.1836],
				"rotation": [12.5, 0, 0],
				"cubes": [
					{"origin": [-30.5, 10.28489, -37.74216], "size": [15, 1, 5], "uv": [108, 155], "mirror": true}
				]
			},
			{
				"name": "bone118",
				"parent": "bone117",
				"pivot": [-22.5, 12.54652, -44.1836],
				"rotation": [12.5, 0, 0],
				"cubes": [
					{"origin": [-30.5, 7.83841, -33.28643], "size": [15, 1, 5], "uv": [146, 83], "mirror": true}
				]
			},
			{
				"name": "bone119",
				"parent": "track2",
				"pivot": [-22.5, 9.51928, -55.26727],
				"rotation": [-90, 0, 0],
				"cubes": [
					{"origin": [-30.5, 12.09755, -67.35212], "size": [15, 1, 7], "uv": [0, 52], "mirror": true}
				]
			},
			{
				"name": "little_wheel2",
				"parent": "bone51",
				"pivot": [-15.5, 14, -36],
				"rotation": [0, 0, -90]
			},
			{
				"name": "bone120",
				"parent": "little_wheel2",
				"pivot": [-15.5, 14, -36],
				"cubes": [
					{"origin": [-26, 15, -33.58579], "size": [3, 13, 4], "uv": [122, 72], "mirror": true}
				]
			},
			{
				"name": "bone121",
				"parent": "little_wheel2",
				"pivot": [-15.5, 14, -36],
				"rotation": [0, 45, 0],
				"cubes": [
					{"origin": [-25.48528, 15, -40.82843], "size": [3, 13, 4], "uv": [54, 106], "mirror": true}
				]
			},
			{
				"name": "bone122",
				"parent": "little_wheel2",
				"pivot": [-15.5, 14, -36],
				"rotation": [0, 90, 0],
				"cubes": [
					{"origin": [-20, 15, -45.58579], "size": [3, 13, 4], "uv": [54, 89], "mirror": true}
				]
			},
			{
				"name": "bone123",
				"parent": "little_wheel2",
				"pivot": [-15.5, 14, -36],
				"rotation": [0, 135, 0],
				"cubes": [
					{"origin": [-12.75736, 15, -45.07107], "size": [3, 13, 4], "uv": [54, 72], "mirror": true}
				]
			},
			{
				"name": "bone124",
				"parent": "little_wheel2",
				"pivot": [-15.5, 14, -36],
				"rotation": [0, 180, 0],
				"cubes": [
					{"origin": [-8, 15, -39.58579], "size": [3, 13, 4], "uv": [44, 19], "mirror": true}
				]
			},
			{
				"name": "bone125",
				"parent": "little_wheel2",
				"pivot": [-15.5, 14, -36],
				"rotation": [0, 225, 0],
				"cubes": [
					{"origin": [-8.51472, 15, -32.34315], "size": [3, 13, 4], "uv": [43, 0], "mirror": true}
				]
			},
			{
				"name": "bone126",
				"parent": "little_wheel2",
				"pivot": [-15.5, 14, -36],
				"rotation": [0, 270, 0],
				"cubes": [
					{"origin": [-14, 15, -27.58579], "size": [3, 13, 4], "uv": [24, 0], "mirror": true}
				]
			},
			{
				"name": "bone127",
				"parent": "little_wheel2",
				"pivot": [-15.5, 14, -36],
				"rotation": [0, 315, 0],
				"cubes": [
					{"origin": [-21.24264, 15, -28.10051], "size": [3, 13, 4], "uv": [0, 0], "mirror": true}
				]
			},
			{
				"name": "walk2",
				"parent": "bone51",
				"pivot": [-4.5, 35, -35],
				"cubes": [
					{"origin": [-32.5, 9, -10.95], "size": [1, 20, 44], "uv": [78, 161], "mirror": true},
					{"origin": [-32.5, 29, -42.95], "size": [19, 2, 16], "uv": [218, 109], "mirror": true},
					{"origin": [-18.5, 30, -42.95], "size": [1, 2, 17], "uv": [145, 118], "mirror": true},
					{"origin": [-27.5, 30, -42.95], "size": [1, 2, 17], "uv": [24, 0], "mirror": true}
				]
			},
			{
				"name": "bone128",
				"parent": "walk2",
				"pivot": [-13.75, 19, -41],
				"rotation": [0, 0, -90]
			},
			{
				"name": "bone129",
				"parent": "bone128",
				"pivot": [-13.75, 19, -41],
				"cubes": [
					{"origin": [-18.25, 35, -40.83579], "size": [9, 2, 10.5], "uv": [60, 281], "mirror": true}
				]
			},
			{
				"name": "bone130",
				"parent": "bone128",
				"pivot": [-13.75, 19, -41],
				"rotation": [0, 45, 0],
				"cubes": [
					{"origin": [-18.25, 35, -40.83579], "size": [9, 2, 10.5], "uv": [280, 50], "mirror": true}
				]
			},
			{
				"name": "bone131",
				"parent": "bone128",
				"pivot": [-13.75, 19, -41],
				"rotation": [0, 90, 0],
				"cubes": [
					{"origin": [-18.25, 35, -40.83579], "size": [9, 2, 10.5], "uv": [95, 277], "mirror": true}
				]
			},
			{
				"name": "bone132",
				"parent": "bone128",
				"pivot": [-13.75, 19, -41],
				"rotation": [0, 135, 0],
				"cubes": [
					{"origin": [-18.25, 35, -40.83579], "size": [9, 2, 10.5], "uv": [257, 276], "mirror": true}
				]
			},
			{
				"name": "bone133",
				"parent": "bone128",
				"pivot": [-13.75, 19, -41],
				"rotation": [0, 180, 0],
				"cubes": [
					{"origin": [-18.25, 34.9, -40.83579], "size": [9, 2, 10.5], "uv": [276, 176], "mirror": true}
				]
			},
			{
				"name": "bone134",
				"parent": "bone128",
				"pivot": [-13.75, 19, -41],
				"rotation": [0, 225, 0],
				"cubes": [
					{"origin": [-18.25, 35, -40.83579], "size": [9, 2, 10.5], "uv": [196, 163], "mirror": true}
				]
			},
			{
				"name": "bone135",
				"parent": "bone128",
				"pivot": [-13.75, 19, -41],
				"rotation": [0, 270, 0],
				"cubes": [
					{"origin": [-18.25, 34.9, -40.83579], "size": [9, 2, 10.5], "uv": [196, 151], "mirror": true}
				]
			},
			{
				"name": "bone136",
				"parent": "bone128",
				"pivot": [-13.75, 19, -41],
				"rotation": [0, 315, 0],
				"cubes": [
					{"origin": [-18.25, 35, -40.83579], "size": [9, 2, 10.5], "uv": [196, 139], "mirror": true},
					{"origin": [-15.25, 36.025, -44.83579], "size": [3, 2, 7.5], "uv": [124, 161], "mirror": true},
					{"origin": [-14.25, 37.025, -42.83579], "size": [1, 2, 3.5], "uv": [348, 27], "mirror": true}
				]
			},
			{
				"name": "bone137",
				"parent": "walk2",
				"pivot": [-13.55, 19, -41],
				"rotation": [0, 0, -90]
			},
			{
				"name": "bone138",
				"parent": "bone137",
				"pivot": [-13.55, 19, -41],
				"cubes": [
					{"origin": [-18.05, 19, -43.83579], "size": [9, 2, 13.5], "uv": [61, 266], "mirror": true}
				]
			},
			{
				"name": "bone139",
				"parent": "bone137",
				"pivot": [-13.55, 19, -41],
				"rotation": [0, 45, 0],
				"cubes": [
					{"origin": [-18.05, 19, -43.83579], "size": [9, 2, 13.5], "uv": [266, 18], "mirror": true}
				]
			},
			{
				"name": "bone140",
				"parent": "bone137",
				"pivot": [-13.55, 19, -41],
				"rotation": [0, 90, 0],
				"cubes": [
					{"origin": [-18.05, 19, -43.83579], "size": [9, 2, 13.5], "uv": [257, 261], "mirror": true}
				]
			},
			{
				"name": "bone141",
				"parent": "bone137",
				"pivot": [-13.55, 19, -41],
				"rotation": [0, 135, 0],
				"cubes": [
					{"origin": [-18.05, 19, -43.83579], "size": [9, 2, 13.5], "uv": [259, 198], "mirror": true}
				]
			},
			{
				"name": "bone142",
				"parent": "bone137",
				"pivot": [-13.55, 19, -41],
				"rotation": [0, 180, 0],
				"cubes": [
					{"origin": [-18.05, 19, -43.83579], "size": [9, 2, 13.5], "uv": [257, 246], "mirror": true}
				]
			},
			{
				"name": "bone143",
				"parent": "bone137",
				"pivot": [-13.55, 19, -41],
				"rotation": [0, 225, 0],
				"cubes": [
					{"origin": [-18.05, 19, -43.83579], "size": [9, 2, 13.5], "uv": [257, 231], "mirror": true}
				]
			},
			{
				"name": "bone144",
				"parent": "bone137",
				"pivot": [-13.55, 19, -41],
				"rotation": [0, 270, 0],
				"cubes": [
					{"origin": [-18.05, 19, -43.83579], "size": [9, 2, 13.5], "uv": [257, 216], "mirror": true}
				]
			},
			{
				"name": "bone145",
				"parent": "bone137",
				"pivot": [-13.55, 19, -41],
				"rotation": [0, 315, 0],
				"cubes": [
					{"origin": [-18.05, 19, -43.83579], "size": [9, 2, 13.5], "uv": [74, 251], "mirror": true}
				]
			},
			{
				"name": "big_wheel2",
				"parent": "walk2",
				"pivot": [-15.5, 19, -41],
				"rotation": [0, 0, -90]
			},
			{
				"name": "bone146",
				"parent": "big_wheel2",
				"pivot": [-15.5, 19, -41],
				"cubes": [
					{"origin": [-20, 19, -41.58579], "size": [9, 15, 11.5], "uv": [230, 203], "mirror": true}
				]
			},
			{
				"name": "bone147",
				"parent": "big_wheel2",
				"pivot": [-15.5, 19, -41],
				"rotation": [0, 45, 0],
				"cubes": [
					{"origin": [-20, 19, -41.58579], "size": [9, 15, 11.5], "uv": [88, 225], "mirror": true}
				]
			},
			{
				"name": "bone148",
				"parent": "big_wheel2",
				"pivot": [-15.5, 19, -41],
				"rotation": [0, 90, 0],
				"cubes": [
					{"origin": [-20, 19, -41.58579], "size": [9, 15, 11.5], "uv": [172, 203], "mirror": true}
				]
			},
			{
				"name": "bone149",
				"parent": "big_wheel2",
				"pivot": [-15.5, 19, -41],
				"rotation": [0, 135, 0],
				"cubes": [
					{"origin": [-20, 19, -41.58579], "size": [9, 15, 11.5], "uv": [124, 170], "mirror": true}
				]
			},
			{
				"name": "bone150",
				"parent": "big_wheel2",
				"pivot": [-15.5, 19, -41],
				"rotation": [0, 180, 0],
				"cubes": [
					{"origin": [-20, 19, -41.58579], "size": [9, 15, 11.5], "uv": [79, 155], "mirror": true}
				]
			},
			{
				"name": "bone151",
				"parent": "big_wheel2",
				"pivot": [-15.5, 19, -41],
				"rotation": [0, 225, 0],
				"cubes": [
					{"origin": [-20, 19, -41.58579], "size": [9, 15, 11.5], "uv": [150, 144], "mirror": true}
				]
			},
			{
				"name": "bone152",
				"parent": "big_wheel2",
				"pivot": [-15.5, 19, -41],
				"rotation": [0, 270, 0],
				"cubes": [
					{"origin": [-20, 19, -41.58579], "size": [9, 15, 11.5], "uv": [0, 144], "mirror": true}
				]
			},
			{
				"name": "bone153",
				"parent": "big_wheel2",
				"pivot": [-15.5, 19, -41],
				"rotation": [0, 315, 0],
				"cubes": [
					{"origin": [-20, 19, -41.58579], "size": [9, 15, 11.5], "uv": [122, 109], "mirror": true}
				]
			},
			{
				"name": "bone154",
				"parent": "walk2",
				"pivot": [-23, 27.60586, -44.52785],
				"rotation": [22.5, 0, 0],
				"cubes": [
					{"origin": [-32.5, 28.13782, -49.77122], "size": [19, 2, 8], "uv": [218, 127], "mirror": true}
				]
			},
			{
				"name": "bone155",
				"parent": "bone154",
				"pivot": [-23, 27.60586, -44.52785],
				"rotation": [42.5, 0, 0],
				"cubes": [
					{"origin": [-32.5, 31.01499, -54.6831], "size": [19, 2, 8], "uv": [0, 126], "mirror": true}
				]
			},
			{
				"name": "bone156",
				"parent": "walk2",
				"pivot": [-32, 19, 5.05],
				"rotation": [-30, 0, 0],
				"cubes": [
					{"origin": [-32.49, 2.33975, -42.80641], "size": [1, 20, 39], "uv": [196, 139], "mirror": true}
				]
			},
			{
				"name": "bone157",
				"parent": "walk2",
				"pivot": [-27, 30.75, -32.45],
				"rotation": [-20, 0, 0],
				"cubes": [
					{"origin": [-28, 30.25, -33.95], "size": [2, 2, 3], "uv": [122, 114], "mirror": true},
					{"origin": [-19, 30.25, -33.95], "size": [2, 2, 3], "uv": [45, 103], "mirror": true}
				]
			},
			{
				"name": "bone36",
				"parent": "bone160",
				"pivot": [4.5, 35, -35]
			},
			{
				"name": "track",
				"parent": "bone36",
				"pivot": [24.5, 35, -35],
				"cubes": [
					{"origin": [15.5, 0.1, -32.2], "size": [15, 1, 66], "uv": [122, 72]}
				]
			},
			{
				"name": "bone68",
				"parent": "track",
				"pivot": [22.5, 12.54652, -50.1836],
				"rotation": [-60, 0, 0],
				"cubes": [
					{"origin": [15.5, 11.27161, -52.96825], "size": [15, 1, 5.25], "uv": [266, 33]}
				]
			},
			{
				"name": "bone70",
				"parent": "bone68",
				"pivot": [22.5, 12.54652, -44.1836],
				"rotation": [12.5, 0, 0],
				"cubes": [
					{"origin": [15.5, 12.04316, -47.69396], "size": [15, 1, 5], "uv": [79, 181]}
				]
			},
			{
				"name": "bone71",
				"parent": "bone70",
				"pivot": [22.5, 12.54652, -44.1836],
				"rotation": [12.5, 0, 0],
				"cubes": [
					{"origin": [15.5, 11.70897, -42.62178], "size": [15, 1, 5], "uv": [0, 181]}
				]
			},
			{
				"name": "bone72",
				"parent": "bone71",
				"pivot": [22.5, 12.54652, -44.1836],
				"rotation": [12.5, 0, 0],
				"cubes": [
					{"origin": [15.5, 10.28489, -37.74216], "size": [15, 1, 5], "uv": [108, 155]}
				]
			},
			{
				"name": "bone74",
				"parent": "bone72",
				"pivot": [22.5, 12.54652, -44.1836],
				"rotation": [12.5, 0, 0],
				"cubes": [
					{"origin": [15.5, 7.83841, -33.28643], "size": [15, 1, 5], "uv": [146, 83]}
				]
			},
			{
				"name": "bone69",
				"parent": "track",
				"pivot": [22.5, 9.51928, -55.26727],
				"rotation": [-90, 0, 0],
				"cubes": [
					{"origin": [15.5, 12.09755, -67.35212], "size": [15, 1, 7], "uv": [0, 52]}
				]
			},
			{
				"name": "little_wheel",
				"parent": "bone36",
				"pivot": [15.5, 14, -36],
				"rotation": [0, 0, 90]
			},
			{
				"name": "bone75",
				"parent": "little_wheel",
				"pivot": [15.5, 14, -36],
				"cubes": [
					{"origin": [23, 15, -33.58579], "size": [3, 13, 4], "uv": [122, 72]}
				]
			},
			{
				"name": "bone76",
				"parent": "little_wheel",
				"pivot": [15.5, 14, -36],
				"rotation": [0, -45, 0],
				"cubes": [
					{"origin": [22.48528, 15, -40.82843], "size": [3, 13, 4], "uv": [54, 106]}
				]
			},
			{
				"name": "bone77",
				"parent": "little_wheel",
				"pivot": [15.5, 14, -36],
				"rotation": [0, -90, 0],
				"cubes": [
					{"origin": [17, 15, -45.58579], "size": [3, 13, 4], "uv": [54, 89]}
				]
			},
			{
				"name": "bone78",
				"parent": "little_wheel",
				"pivot": [15.5, 14, -36],
				"rotation": [0, -135, 0],
				"cubes": [
					{"origin": [9.75736, 15, -45.07107], "size": [3, 13, 4], "uv": [54, 72]}
				]
			},
			{
				"name": "bone79",
				"parent": "little_wheel",
				"pivot": [15.5, 14, -36],
				"rotation": [0, -180, 0],
				"cubes": [
					{"origin": [5, 15, -39.58579], "size": [3, 13, 4], "uv": [44, 19]}
				]
			},
			{
				"name": "bone80",
				"parent": "little_wheel",
				"pivot": [15.5, 14, -36],
				"rotation": [0, -225, 0],
				"cubes": [
					{"origin": [5.51472, 15, -32.34315], "size": [3, 13, 4], "uv": [43, 0]}
				]
			},
			{
				"name": "bone81",
				"parent": "little_wheel",
				"pivot": [15.5, 14, -36],
				"rotation": [0, -270, 0],
				"cubes": [
					{"origin": [11, 15, -27.58579], "size": [3, 13, 4], "uv": [24, 0]}
				]
			},
			{
				"name": "bone82",
				"parent": "little_wheel",
				"pivot": [15.5, 14, -36],
				"rotation": [0, -315, 0],
				"cubes": [
					{"origin": [18.24264, 15, -28.10051], "size": [3, 13, 4], "uv": [0, 0]}
				]
			},
			{
				"name": "walk",
				"parent": "bone36",
				"pivot": [4.5, 35, -35],
				"cubes": [
					{"origin": [31.5, 9, -10.95], "size": [1, 20, 44], "uv": [78, 161]},
					{"origin": [13.5, 29, -42.95], "size": [19, 2, 16], "uv": [218, 109]},
					{"origin": [17.5, 30, -42.95], "size": [1, 2, 17], "uv": [145, 118]},
					{"origin": [26.5, 30, -42.95], "size": [1, 2, 17], "uv": [24, 0]}
				]
			},
			{
				"name": "bone25",
				"parent": "walk",
				"pivot": [13.75, 19, -41],
				"rotation": [0, 0, 90]
			},
			{
				"name": "bone26",
				"parent": "bone25",
				"pivot": [13.75, 19, -41],
				"cubes": [
					{"origin": [9.25, 35, -40.83579], "size": [9, 2, 10.5], "uv": [60, 281]}
				]
			},
			{
				"name": "bone27",
				"parent": "bone25",
				"pivot": [13.75, 19, -41],
				"rotation": [0, -45, 0],
				"cubes": [
					{"origin": [9.25, 35, -40.83579], "size": [9, 2, 10.5], "uv": [280, 50]}
				]
			},
			{
				"name": "bone28",
				"parent": "bone25",
				"pivot": [13.75, 19, -41],
				"rotation": [0, -90, 0],
				"cubes": [
					{"origin": [9.25, 35, -40.83579], "size": [9, 2, 10.5], "uv": [95, 277]}
				]
			},
			{
				"name": "bone29",
				"parent": "bone25",
				"pivot": [13.75, 19, -41],
				"rotation": [0, -135, 0],
				"cubes": [
					{"origin": [9.25, 35, -40.83579], "size": [9, 2, 10.5], "uv": [257, 276]}
				]
			},
			{
				"name": "bone30",
				"parent": "bone25",
				"pivot": [13.75, 19, -41],
				"rotation": [0, -180, 0],
				"cubes": [
					{"origin": [9.25, 34.9, -40.83579], "size": [9, 2, 10.5], "uv": [276, 176]}
				]
			},
			{
				"name": "bone31",
				"parent": "bone25",
				"pivot": [13.75, 19, -41],
				"rotation": [0, -225, 0],
				"cubes": [
					{"origin": [9.25, 35, -40.83579], "size": [9, 2, 10.5], "uv": [196, 163]}
				]
			},
			{
				"name": "bone32",
				"parent": "bone25",
				"pivot": [13.75, 19, -41],
				"rotation": [0, -270, 0],
				"cubes": [
					{"origin": [9.25, 34.9, -40.83579], "size": [9, 2, 10.5], "uv": [196, 151]}
				]
			},
			{
				"name": "bone33",
				"parent": "bone25",
				"pivot": [13.75, 19, -41],
				"rotation": [0, -315, 0],
				"cubes": [
					{"origin": [9.25, 35, -40.83579], "size": [9, 2, 10.5], "uv": [196, 139]},
					{"origin": [12.25, 36.025, -44.83579], "size": [3, 2, 7.5], "uv": [124, 161]},
					{"origin": [13.25, 37.025, -42.83579], "size": [1, 2, 3.5], "uv": [348, 27]}
				]
			},
			{
				"name": "bone15",
				"parent": "walk",
				"pivot": [13.55, 19, -41],
				"rotation": [0, 0, 90]
			},
			{
				"name": "bone16",
				"parent": "bone15",
				"pivot": [13.55, 19, -41],
				"cubes": [
					{"origin": [9.05, 19, -43.83579], "size": [9, 2, 13.5], "uv": [61, 266]}
				]
			},
			{
				"name": "bone17",
				"parent": "bone15",
				"pivot": [13.55, 19, -41],
				"rotation": [0, -45, 0],
				"cubes": [
					{"origin": [9.05, 19, -43.83579], "size": [9, 2, 13.5], "uv": [266, 18]}
				]
			},
			{
				"name": "bone18",
				"parent": "bone15",
				"pivot": [13.55, 19, -41],
				"rotation": [0, -90, 0],
				"cubes": [
					{"origin": [9.05, 19, -43.83579], "size": [9, 2, 13.5], "uv": [257, 261]}
				]
			},
			{
				"name": "bone19",
				"parent": "bone15",
				"pivot": [13.55, 19, -41],
				"rotation": [0, -135, 0],
				"cubes": [
					{"origin": [9.05, 19, -43.83579], "size": [9, 2, 13.5], "uv": [259, 198]}
				]
			},
			{
				"name": "bone20",
				"parent": "bone15",
				"pivot": [13.55, 19, -41],
				"rotation": [0, -180, 0],
				"cubes": [
					{"origin": [9.05, 19, -43.83579], "size": [9, 2, 13.5], "uv": [257, 246]}
				]
			},
			{
				"name": "bone21",
				"parent": "bone15",
				"pivot": [13.55, 19, -41],
				"rotation": [0, -225, 0],
				"cubes": [
					{"origin": [9.05, 19, -43.83579], "size": [9, 2, 13.5], "uv": [257, 231]}
				]
			},
			{
				"name": "bone22",
				"parent": "bone15",
				"pivot": [13.55, 19, -41],
				"rotation": [0, -270, 0],
				"cubes": [
					{"origin": [9.05, 19, -43.83579], "size": [9, 2, 13.5], "uv": [257, 216]}
				]
			},
			{
				"name": "bone23",
				"parent": "bone15",
				"pivot": [13.55, 19, -41],
				"rotation": [0, -315, 0],
				"cubes": [
					{"origin": [9.05, 19, -43.83579], "size": [9, 2, 13.5], "uv": [74, 251]}
				]
			},
			{
				"name": "big_wheel",
				"parent": "walk",
				"pivot": [15.5, 19, -41],
				"rotation": [0, 0, 90]
			},
			{
				"name": "bone7",
				"parent": "big_wheel",
				"pivot": [15.5, 19, -41],
				"cubes": [
					{"origin": [11, 19, -41.58579], "size": [9, 15, 11.5], "uv": [230, 203]}
				]
			},
			{
				"name": "bone8",
				"parent": "big_wheel",
				"pivot": [15.5, 19, -41],
				"rotation": [0, -45, 0],
				"cubes": [
					{"origin": [11, 19, -41.58579], "size": [9, 15, 11.5], "uv": [88, 225]}
				]
			},
			{
				"name": "bone9",
				"parent": "big_wheel",
				"pivot": [15.5, 19, -41],
				"rotation": [0, -90, 0],
				"cubes": [
					{"origin": [11, 19, -41.58579], "size": [9, 15, 11.5], "uv": [172, 203]}
				]
			},
			{
				"name": "bone10",
				"parent": "big_wheel",
				"pivot": [15.5, 19, -41],
				"rotation": [0, -135, 0],
				"cubes": [
					{"origin": [11, 19, -41.58579], "size": [9, 15, 11.5], "uv": [124, 170]}
				]
			},
			{
				"name": "bone11",
				"parent": "big_wheel",
				"pivot": [15.5, 19, -41],
				"rotation": [0, -180, 0],
				"cubes": [
					{"origin": [11, 19, -41.58579], "size": [9, 15, 11.5], "uv": [79, 155]}
				]
			},
			{
				"name": "bone12",
				"parent": "big_wheel",
				"pivot": [15.5, 19, -41],
				"rotation": [0, -225, 0],
				"cubes": [
					{"origin": [11, 19, -41.58579], "size": [9, 15, 11.5], "uv": [150, 144]}
				]
			},
			{
				"name": "bone13",
				"parent": "big_wheel",
				"pivot": [15.5, 19, -41],
				"rotation": [0, -270, 0],
				"cubes": [
					{"origin": [11, 19, -41.58579], "size": [9, 15, 11.5], "uv": [0, 144]}
				]
			},
			{
				"name": "bone14",
				"parent": "big_wheel",
				"pivot": [15.5, 19, -41],
				"rotation": [0, -315, 0],
				"cubes": [
					{"origin": [11, 19, -41.58579], "size": [9, 15, 11.5], "uv": [122, 109]}
				]
			},
			{
				"name": "bone3",
				"parent": "walk",
				"pivot": [23, 27.60586, -44.52785],
				"rotation": [22.5, 0, 0],
				"cubes": [
					{"origin": [13.5, 28.13782, -49.77122], "size": [19, 2, 8], "uv": [218, 127]}
				]
			},
			{
				"name": "bone4",
				"parent": "bone3",
				"pivot": [23, 27.60586, -44.52785],
				"rotation": [42.5, 0, 0],
				"cubes": [
					{"origin": [13.5, 31.01499, -54.6831], "size": [19, 2, 8], "uv": [0, 126]}
				]
			},
			{
				"name": "bone5",
				"parent": "walk",
				"pivot": [32, 19, 5.05],
				"rotation": [-30, 0, 0],
				"cubes": [
					{"origin": [31.49, 2.33975, -42.80641], "size": [1, 20, 39], "uv": [196, 139]}
				]
			},
			{
				"name": "bone73",
				"parent": "walk",
				"pivot": [27, 30.75, -32.45],
				"rotation": [-20, 0, 0],
				"cubes": [
					{"origin": [26, 30.25, -33.95], "size": [2, 2, 3], "uv": [122, 114]},
					{"origin": [17, 30.25, -33.95], "size": [2, 2, 3], "uv": [45, 103]}
				]
			},
			{
				"name": "bone",
				"parent": "bone160",
				"pivot": [4.5, 35, -35],
				"cubes": [
					{"origin": [4.5, 35, -31.7], "size": [8, 5, 1], "uv": [166, 98]},
					{"origin": [13, 34.5, -31.7], "size": [1, 6, 1], "uv": [14, 4]},
					{"origin": [11.25, 35.5, -32.2], "size": [3, 1, 1], "uv": [45, 72]},
					{"origin": [11.25, 38.5, -32.2], "size": [3, 1, 1], "uv": [0, 72]},
					{"origin": [-18.5, 34, -30.95], "size": [37, 7, 4], "uv": [79, 144]},
					{"origin": [-32.5, 29, -26.95], "size": [65, 12, 60], "uv": [0, 0]},
					{"origin": [-13.5, 7.75, -34.95], "size": [27, 4, 68], "uv": [0, 72]}
				]
			},
			{
				"name": "bone2",
				"parent": "bone",
				"pivot": [0, 37.5, -23.75],
				"rotation": [-30, 0, 0],
				"cubes": [
					{"origin": [-32.5, 28, -28.25], "size": [65, 11, 7], "uv": [190, 0]},
					{"origin": [-13.5, 6, -28.25], "size": [27, 22, 10], "uv": [0, 243]}
				]
			},
			{
				"name": "bone159",
				"parent": "bone2",
				"pivot": [-30.5, 12, -17.25],
				"rotation": [10, 0, 0],
				"cubes": [
					{"origin": [-31.5, 3.57421, -29.51793], "size": [2, 17, 20], "uv": [122, 72], "mirror": true},
					{"origin": [-32, 3.07421, -19.51793], "size": [3, 6, 6], "uv": [164, 118], "mirror": true},
					{"origin": [-15.5, 3.57421, -29.51793], "size": [2, 20, 20], "uv": [0, 0], "mirror": true}
				]
			},
			{
				"name": "bone83",
				"parent": "bone2",
				"pivot": [30.5, 12, -17.25],
				"rotation": [10, 0, 0],
				"cubes": [
					{"origin": [29.5, 3.57421, -29.51793], "size": [2, 17, 20], "uv": [122, 72]},
					{"origin": [29, 3.07421, -19.51793], "size": [3, 6, 6], "uv": [164, 118]},
					{"origin": [13.5, 3.57421, -29.51793], "size": [2, 20, 20], "uv": [0, 0]}
				]
			},
			{
				"name": "bone158",
				"parent": "bone2",
				"pivot": [-30.5, 12, -22.25],
				"rotation": [-60, 0, 0],
				"cubes": [
					{"origin": [-31.5, 20.7141, -36.18782], "size": [2, 59.25, 27], "uv": [199, 203], "mirror": true},
					{"origin": [-32, 25.7141, -14.68782], "size": [3, 6, 6], "uv": [41, 36], "mirror": true},
					{"origin": [-32, 36.7141, -14.68782], "size": [3, 6, 6], "uv": [41, 36], "mirror": true},
					{"origin": [-32, 47.7141, -14.68782], "size": [3, 6, 6], "uv": [41, 36], "mirror": true},
					{"origin": [-32, 58.7141, -14.68782], "size": [3, 6, 6], "uv": [41, 36], "mirror": true},
					{"origin": [-32, 69.7141, -14.68782], "size": [3, 6, 6], "uv": [41, 36], "mirror": true},
					{"origin": [-15.5, 20.7141, -36.18782], "size": [2, 59.25, 27], "uv": [141, 203], "mirror": true}
				]
			},
			{
				"name": "bone34",
				"parent": "bone2",
				"pivot": [30.5, 12, -22.25],
				"rotation": [-60, 0, 0],
				"cubes": [
					{"origin": [29.5, 20.7141, -36.18782], "size": [2, 59.25, 27], "uv": [199, 203]},
					{"origin": [29, 25.7141, -14.68782], "size": [3, 6, 6], "uv": [41, 36]},
					{"origin": [29, 36.7141, -14.68782], "size": [3, 6, 6], "uv": [41, 36]},
					{"origin": [29, 47.7141, -14.68782], "size": [3, 6, 6], "uv": [41, 36]},
					{"origin": [29, 58.7141, -14.68782], "size": [3, 6, 6], "uv": [41, 36]},
					{"origin": [29, 69.7141, -14.68782], "size": [3, 6, 6], "uv": [41, 36]},
					{"origin": [13.5, 20.7141, -36.18782], "size": [2, 59.25, 27], "uv": [141, 203]}
				]
			},
			{
				"name": "bone6",
				"parent": "bone",
				"pivot": [-12.5, 36, -31],
				"cubes": [
					{"origin": [-13.5, 36, -32], "size": [3, 3, 2], "uv": [122, 109]},
					{"origin": [-12.5, 37, -40], "size": [1, 1, 8], "uv": [166, 89]},
					{"origin": [-13, 36.25, -34], "size": [2, 2, 2], "uv": [37, 52]}
				]
			},
			{
				"name": "passengerRotationYaw",
				"parent": "bone160",
				"pivot": [-0.5, 35, 2]
			},
			{
				"name": "turret",
				"parent": "passengerRotationYaw",
				"pivot": [-0.5, 35, -38]
			},
			{
				"name": "bone24",
				"parent": "turret",
				"pivot": [-0.5, 29, -27]
			},
			{
				"name": "bone35",
				"parent": "bone24",
				"pivot": [-0.5, 41, 0],
				"cubes": [
					{"origin": [-5.5, 41, 2.41421], "size": [10, 1, 10], "uv": [30, 276]}
				]
			},
			{
				"name": "bone37",
				"parent": "bone24",
				"pivot": [-0.5, 41, 0],
				"rotation": [0, -45, 0],
				"cubes": [
					{"origin": [-5.5, 41, 2.41421], "size": [10, 1, 10], "uv": [0, 275]}
				]
			},
			{
				"name": "bone38",
				"parent": "bone24",
				"pivot": [-0.5, 41, 0],
				"rotation": [0, -90, 0],
				"cubes": [
					{"origin": [-5.5, 41, 2.41421], "size": [10, 1, 10], "uv": [272, 109]}
				]
			},
			{
				"name": "bone39",
				"parent": "bone24",
				"pivot": [-0.5, 41, 0],
				"rotation": [0, -135, 0],
				"cubes": [
					{"origin": [-5.5, 41, 2.41421], "size": [10, 1, 10], "uv": [92, 266]}
				]
			},
			{
				"name": "bone40",
				"parent": "bone24",
				"pivot": [-0.5, 41, 0],
				"rotation": [0, -180, 0],
				"cubes": [
					{"origin": [-5.5, 41, 2.41421], "size": [10, 1, 10], "uv": [262, 127]}
				]
			},
			{
				"name": "bone41",
				"parent": "bone24",
				"pivot": [-0.5, 41, 0],
				"rotation": [0, -225, 0],
				"cubes": [
					{"origin": [-5.5, 41, 2.41421], "size": [10, 1, 10], "uv": [250, 60]}
				]
			},
			{
				"name": "bone42",
				"parent": "bone24",
				"pivot": [-0.5, 41, 0],
				"rotation": [0, -270, 0],
				"cubes": [
					{"origin": [-5.5, 41, 2.41421], "size": [10, 1, 10], "uv": [0, 170]}
				]
			},
			{
				"name": "bone43",
				"parent": "bone24",
				"pivot": [-0.5, 41, 0],
				"rotation": [0, -315, 0],
				"cubes": [
					{"origin": [-5.5, 41, 2.41421], "size": [10, 1, 10], "uv": [146, 72]}
				]
			},
			{
				"name": "bone44",
				"parent": "turret",
				"pivot": [-0.5, 29, -27]
			},
			{
				"name": "bone47",
				"parent": "bone44",
				"pivot": [-0.5, 41, 0],
				"rotation": [0, -90, 0],
				"cubes": [
					{"origin": [-9.5, 41, -21.58579], "size": [18, 18, 43], "uv": [0, 144]},
					{"origin": [-2.5, 58.5, -17.58579], "size": [15, 1, 11], "uv": [0, 40]},
					{"origin": [-3, 59, -9.58579], "size": [4, 1, 1], "uv": [41, 48]},
					{"origin": [-3, 59, -15.58579], "size": [4, 1, 1], "uv": [0, 17]},
					{"origin": [9, 59, -9.58579], "size": [4, 1, 1], "uv": [10, 0]},
					{"origin": [9, 59, -15.58579], "size": [4, 1, 1], "uv": [10, 2]},
					{"origin": [4.82664, 55, -22.17236], "size": [2, 2, 1], "uv": [52, 73]},
					{"origin": [4.82664, 43, -22.17236], "size": [2, 2, 1], "uv": [52, 73]},
					{"origin": [-8.17336, 43, -22.17236], "size": [2, 2, 1], "uv": [52, 73]},
					{"origin": [-8.17336, 55, -22.17236], "size": [2, 2, 1], "uv": [52, 73]},
					{"origin": [-8.17336, 43, 20.82764], "size": [2, 2, 1], "uv": [52, 73]},
					{"origin": [4.82664, 43, 20.82764], "size": [2, 2, 1], "uv": [52, 73]},
					{"origin": [4.82664, 55, 20.82764], "size": [2, 2, 1], "uv": [52, 73]},
					{"origin": [-8.17336, 55, 20.82764], "size": [2, 2, 1], "uv": [52, 73]}
				]
			},
			{
				"name": "bone48",
				"parent": "bone44",
				"pivot": [-0.5, 41, 0],
				"rotation": [0, -135, 0],
				"cubes": [
					{"origin": [-9.5, 40.99, 12.41421], "size": [18, 18, 9], "uv": [0, 99]},
					{"origin": [-7.82664, 56, 20.82764], "size": [1, 1, 1], "uv": [52, 73], "mirror": true},
					{"origin": [-7.82664, 54, 20.82764], "size": [1, 1, 1], "uv": [52, 73], "mirror": true},
					{"origin": [-7.82664, 52, 20.82764], "size": [1, 1, 1], "uv": [52, 73], "mirror": true},
					{"origin": [-7.82664, 47, 20.82764], "size": [1, 1, 1], "uv": [52, 73], "mirror": true},
					{"origin": [-7.82664, 45, 20.82764], "size": [1, 1, 1], "uv": [52, 73], "mirror": true},
					{"origin": [-7.82664, 43, 20.82764], "size": [1, 1, 1], "uv": [52, 73], "mirror": true},
					{"origin": [4.17336, 43, 20.82764], "size": [2, 2, 1], "uv": [52, 73], "mirror": true},
					{"origin": [4.17336, 55, 20.82764], "size": [2, 2, 1], "uv": [52, 73], "mirror": true}
				]
			},
			{
				"name": "bone49",
				"parent": "bone44",
				"pivot": [-0.5, 41, 0],
				"rotation": [0, -180, 0],
				"cubes": [
					{"origin": [-9.5, 41, 2.41421], "size": [18, 18, 19], "uv": [237, 139]},
					{"origin": [-4.5, 59, 2.41421], "size": [8, 1, 8], "uv": [151, 109]},
					{"origin": [-4.5, 59, -8.58579], "size": [8, 1, 8], "uv": [151, 109]},
					{"origin": [-4.5, 59, -20.58579], "size": [8, 1, 8], "uv": [151, 109]},
					{"origin": [-2.5, 46, 19.41421], "size": [4, 12, 3], "uv": [54, 123]},
					{"origin": [3.5, 49, 19.41421], "size": [2, 6, 3], "uv": [0, 40]},
					{"origin": [-13.5, 41, -32.58579], "size": [26, 18, 24], "uv": [190, 18]},
					{"origin": [7.82664, 55, -33.17236], "size": [2, 2, 1], "uv": [52, 73]},
					{"origin": [-11.17336, 55, -33.17236], "size": [2, 2, 1], "uv": [52, 73]},
					{"origin": [7.82664, 43, -33.17236], "size": [2, 2, 1], "uv": [52, 73]},
					{"origin": [-11.17336, 43, -33.17236], "size": [2, 2, 1], "uv": [52, 73]}
				]
			},
			{
				"name": "bone50",
				"parent": "bone44",
				"pivot": [-0.5, 41, 0],
				"rotation": [0, -225, 0],
				"cubes": [
					{"origin": [-9.5, 40.99, 12.41421], "size": [18, 18, 9], "uv": [0, 72]},
					{"origin": [-7.17336, 55, 21.82764], "size": [2, 2, 1], "uv": [52, 73]},
					{"origin": [-7.17336, 43, 21.82764], "size": [2, 2, 1], "uv": [52, 73]},
					{"origin": [5.82664, 43, 21.82764], "size": [1, 1, 1], "uv": [52, 73]},
					{"origin": [5.82664, 45, 21.82764], "size": [1, 1, 1], "uv": [52, 73]},
					{"origin": [5.82664, 47, 21.82764], "size": [1, 1, 1], "uv": [52, 73]},
					{"origin": [5.82664, 54, 21.82764], "size": [1, 1, 1], "uv": [52, 73]},
					{"origin": [5.82664, 52, 21.82764], "size": [1, 1, 1], "uv": [52, 73]},
					{"origin": [5.82664, 56, 21.82764], "size": [1, 1, 1], "uv": [52, 73]}
				]
			},
			{
				"name": "bone52",
				"parent": "bone44",
				"pivot": [7.92462, 50, 8.42462],
				"rotation": [0, 70, 0],
				"cubes": [
					{"origin": [-13.17336, 41.01, 1.82764], "size": [25, 18, 19], "uv": [218, 72]},
					{"origin": [7.82664, 55, 20.82764], "size": [2, 2, 1], "uv": [52, 73]},
					{"origin": [-11.17336, 55, 20.82764], "size": [2, 2, 1], "uv": [52, 73]},
					{"origin": [-11.17336, 43, 20.82764], "size": [2, 2, 1], "uv": [52, 73]},
					{"origin": [7.82664, 43, 20.82764], "size": [2, 2, 1], "uv": [52, 73]},
					{"origin": [-2.17336, 49, 20.82764], "size": [2, 2, 1], "uv": [52, 73]}
				]
			},
			{
				"name": "bone45",
				"parent": "bone44",
				"pivot": [1.07538, 50, 8.42462],
				"rotation": [0, -70, 0],
				"cubes": [
					{"origin": [-6.24685, 41.01, 11.22456], "size": [25, 18, 19], "uv": [0, 206]},
					{"origin": [14.82664, 55, 29.82764], "size": [2, 2, 1], "uv": [52, 73]},
					{"origin": [4.82664, 49, 29.82764], "size": [2, 2, 1], "uv": [52, 73]},
					{"origin": [-4.17336, 55, 29.82764], "size": [2, 2, 1], "uv": [52, 73]},
					{"origin": [-4.17336, 43, 29.82764], "size": [2, 2, 1], "uv": [52, 73]},
					{"origin": [14.82664, 43, 29.82764], "size": [2, 2, 1], "uv": [52, 73]}
				]
			},
			{
				"name": "passengerRotationPitch",
				"parent": "turret",
				"pivot": [-0.5, 51, -18]
			},
			{
				"name": "bone46",
				"parent": "passengerRotationPitch",
				"pivot": [0, 30, -35],
				"cubes": [
					{"origin": [-2, 49, -80], "size": [3, 3, 61], "uv": [129, 139]},
					{"origin": [-2.5, 48.5, -83], "size": [4, 4, 4], "uv": [44, 52]},
					{"origin": [-6, 52, -25.58579], "size": [1, 1, 6], "uv": [29, 144]}
				]
			},
			{
				"name": "bone53",
				"parent": "passengerRotationYaw",
				"pivot": [-13.5, 59, -1]
			},
			{
				"name": "bone54",
				"parent": "bone53",
				"pivot": [-13.5, 59, -1],
				"cubes": [
					{"origin": [-16.5, 59, -3.08579], "size": [6, 1, 9.5], "uv": [286, 286]},
					{"origin": [-15.5, 60, 3.91421], "size": [4, 1, 1], "uv": [50, 49]},
					{"origin": [-15.5, 60, -7.08579], "size": [4, 1, 1], "uv": [0, 49]}
				]
			},
			{
				"name": "bone55",
				"parent": "bone53",
				"pivot": [-13.5, 59, -1],
				"rotation": [0, -45, 0],
				"cubes": [
					{"origin": [-16.5, 59, -3.08579], "size": [6, 1, 9.5], "uv": [0, 286]}
				]
			},
			{
				"name": "bone56",
				"parent": "bone53",
				"pivot": [-13.5, 59, -1],
				"rotation": [0, -90, 0],
				"cubes": [
					{"origin": [-16.5, 59.1, -3.08579], "size": [6, 1, 9.5], "uv": [285, 276]}
				]
			},
			{
				"name": "bone57",
				"parent": "bone53",
				"pivot": [-13.5, 59, -1],
				"rotation": [0, -135, 0],
				"cubes": [
					{"origin": [-16.5, 59, -3.08579], "size": [6, 1, 9.5], "uv": [281, 62]}
				]
			},
			{
				"name": "bone58",
				"parent": "bone53",
				"pivot": [-13.5, 59, -1],
				"rotation": [0, -180, 0],
				"cubes": [
					{"origin": [-16.5, 59, -3.08579], "size": [6, 1, 9.5], "uv": [276, 188]}
				]
			},
			{
				"name": "bone59",
				"parent": "bone53",
				"pivot": [-13.5, 59, -1],
				"rotation": [0, -225, 0],
				"cubes": [
					{"origin": [-16.5, 59, -3.08579], "size": [6, 1, 9.5], "uv": [105, 251]}
				]
			},
			{
				"name": "bone60",
				"parent": "bone53",
				"pivot": [-13.5, 59, -1],
				"rotation": [0, -270, 0],
				"cubes": [
					{"origin": [-16.5, 59.11, -3.08579], "size": [6, 1, 9.5], "uv": [155, 187]}
				]
			},
			{
				"name": "bone61",
				"parent": "bone53",
				"pivot": [-13.5, 59, -1],
				"rotation": [0, -315, 0],
				"cubes": [
					{"origin": [-16.5, 59, -3.08579], "size": [6, 1, 9.5], "uv": [153, 170]}
				]
			},
			{
				"name": "bone62",
				"parent": "passengerRotationYaw",
				"pivot": [-16.5, 58.5, -7]
			},
			{
				"name": "bone63",
				"parent": "bone62",
				"pivot": [-16.5, 58.5, -7],
				"cubes": [
					{"origin": [7.6, 58.5, -6.83579], "size": [1.8, 1, 2], "uv": [37, 56]}
				]
			},
			{
				"name": "bone64",
				"parent": "bone62",
				"pivot": [-16.5, 58.5, -7],
				"rotation": [0, -45, 0],
				"cubes": [
					{"origin": [0.27767, 58.5, -24.51346], "size": [1.8, 1, 2], "uv": [0, 55]}
				]
			},
			{
				"name": "bone65",
				"parent": "bone62",
				"pivot": [-16.5, 58.5, -7],
				"rotation": [0, -90, 0],
				"cubes": [
					{"origin": [-17.4, 58.5, -31.83579], "size": [1.8, 1, 2], "uv": [54, 19]}
				]
			},
			{
				"name": "bone66",
				"parent": "bone62",
				"pivot": [-16.5, 58.5, -7],
				"rotation": [0, -135, 0],
				"cubes": [
					{"origin": [-35.07767, 58.5, -24.51346], "size": [1.8, 1, 2], "uv": [53, 39]}
				]
			},
			{
				"name": "bone67",
				"parent": "bone62",
				"pivot": [-16.5, 58.5, -7],
				"rotation": [0, -180, 0],
				"cubes": [
					{"origin": [-42.4, 58.5, -6.83579], "size": [1.8, 1, 2], "uv": [53, 36]},
					{"origin": [-42.9, 59, -7.33579], "size": [2.8, 2, 1], "uv": [14, 11]}
				]
			},
			{
				"name": "bone84",
				"parent": "bone62",
				"pivot": [-16.5, 58.5, -7],
				"rotation": [0, -225, 0],
				"cubes": [
					{"origin": [-35.07767, 58.5, 10.84188], "size": [1.8, 1, 2], "uv": [53, 0]}
				]
			},
			{
				"name": "bone85",
				"parent": "bone62",
				"pivot": [-16.5, 58.5, -7],
				"rotation": [0, -270, 0],
				"cubes": [
					{"origin": [-17.4, 58.5, 18.16421], "size": [1.8, 1, 2], "uv": [0, 52]}
				]
			},
			{
				"name": "bone86",
				"parent": "bone62",
				"pivot": [-16.5, 58.5, -7],
				"rotation": [0, -315, 0],
				"cubes": [
					{"origin": [0.27767, 58.5, 10.84188], "size": [1.8, 1, 2], "uv": [34, 0]}
				]
			},
			{
				"name": "bone87",
				"parent": "passengerRotationYaw",
				"pivot": [4.5, 35, -35]
			},
			{
				"name": "bone88",
				"parent": "bone87",
				"pivot": [-16.5, 58.5, -7],
				"cubes": [
					{"origin": [13.6, 58.5, -6.83579], "size": [1.8, 1, 2], "uv": [37, 56]}
				]
			},
			{
				"name": "bone89",
				"parent": "bone87",
				"pivot": [-16.5, 58.5, -7],
				"rotation": [0, -45, 0],
				"cubes": [
					{"origin": [4.52031, 58.5, -28.7561], "size": [1.8, 1, 2], "uv": [0, 55]}
				]
			},
			{
				"name": "bone90",
				"parent": "bone87",
				"pivot": [-16.5, 58.5, -7],
				"rotation": [0, -90, 0],
				"cubes": [
					{"origin": [-17.4, 58.5, -37.83579], "size": [1.8, 1, 2], "uv": [54, 19]}
				]
			},
			{
				"name": "bone91",
				"parent": "bone87",
				"pivot": [-16.5, 58.5, -7],
				"rotation": [0, -135, 0],
				"cubes": [
					{"origin": [-39.32031, 58.5, -28.7561], "size": [1.8, 1, 2], "uv": [53, 39]}
				]
			},
			{
				"name": "bone92",
				"parent": "bone87",
				"pivot": [-16.5, 58.5, -7],
				"rotation": [0, -180, 0],
				"cubes": [
					{"origin": [-48.4, 58.5, -6.83579], "size": [1.8, 1, 2], "uv": [53, 36]},
					{"origin": [-48.9, 59, -7.33579], "size": [2.8, 2, 1], "uv": [14, 11]}
				]
			},
			{
				"name": "bone93",
				"parent": "bone87",
				"pivot": [-16.5, 58.5, -7],
				"rotation": [0, -225, 0],
				"cubes": [
					{"origin": [-39.32031, 58.5, 15.08452], "size": [1.8, 1, 2], "uv": [53, 0]}
				]
			},
			{
				"name": "bone94",
				"parent": "bone87",
				"pivot": [-16.5, 58.5, -7],
				"rotation": [0, -270, 0],
				"cubes": [
					{"origin": [-17.4, 58.5, 24.16421], "size": [1.8, 1, 2], "uv": [0, 52]}
				]
			},
			{
				"name": "bone95",
				"parent": "bone87",
				"pivot": [-16.5, 58.5, -7],
				"rotation": [0, -315, 0],
				"cubes": [
					{"origin": [4.52031, 58.5, 15.08452], "size": [1.8, 1, 2], "uv": [34, 0]}
				]
			},
			{
				"name": "bone96",
				"parent": "passengerRotationYaw",
				"pivot": [0.5, 35, 73],
				"rotation": [0, 180, 0]
			},
			{
				"name": "bone97",
				"parent": "bone96",
				"pivot": [-20.5, 58.5, 101],
				"cubes": [
					{"origin": [9.6, 58.5, 124.16421], "size": [1.8, 1, 2], "uv": [37, 56]}
				]
			},
			{
				"name": "bone98",
				"parent": "bone96",
				"pivot": [-20.5, 58.5, 101],
				"rotation": [0, -45, 0],
				"cubes": [
					{"origin": [16.78377, 58.5, 95.50736], "size": [1.8, 1, 2], "uv": [0, 55]}
				]
			},
			{
				"name": "bone99",
				"parent": "bone96",
				"pivot": [-20.5, 58.5, 101],
				"rotation": [0, -90, 0],
				"cubes": [
					{"origin": [1.6, 58.5, 70.16421], "size": [1.8, 1, 2], "uv": [54, 19]}
				]
			},
			{
				"name": "bone100",
				"parent": "bone96",
				"pivot": [-20.5, 58.5, 101],
				"rotation": [0, -135, 0],
				"cubes": [
					{"origin": [-27.05685, 58.5, 62.98045], "size": [1.8, 1, 2], "uv": [53, 39]}
				]
			},
			{
				"name": "bone101",
				"parent": "bone96",
				"pivot": [-20.5, 58.5, 101],
				"rotation": [0, -180, 0],
				"cubes": [
					{"origin": [-52.4, 58.5, 78.16421], "size": [1.8, 1, 2], "uv": [53, 36]},
					{"origin": [-52.9, 59, 77.66421], "size": [2.8, 2, 1], "uv": [14, 11]}
				]
			},
			{
				"name": "bone102",
				"parent": "bone96",
				"pivot": [-20.5, 58.5, 101],
				"rotation": [0, -225, 0],
				"cubes": [
					{"origin": [-59.58377, 58.5, 106.82107], "size": [1.8, 1, 2], "uv": [53, 0]}
				]
			},
			{
				"name": "bone103",
				"parent": "bone96",
				"pivot": [-20.5, 58.5, 101],
				"rotation": [0, -270, 0],
				"cubes": [
					{"origin": [-44.4, 58.5, 132.16421], "size": [1.8, 1, 2], "uv": [0, 52]}
				]
			},
			{
				"name": "bone104",
				"parent": "bone96",
				"pivot": [-20.5, 58.5, 101],
				"rotation": [0, -315, 0],
				"cubes": [
					{"origin": [-15.74315, 58.5, 139.34798], "size": [1.8, 1, 2], "uv": [34, 0]}
				]
			},
			{
				"name": "bone105",
				"parent": "passengerRotationYaw",
				"pivot": [0.5, 35, 73],
				"rotation": [0, 180, 0]
			},
			{
				"name": "bone106",
				"parent": "bone105",
				"pivot": [-20.5, 58.5, 101],
				"cubes": [
					{"origin": [-10.4, 58.5, 129.16421], "size": [1.8, 1, 2], "uv": [37, 56]}
				]
			},
			{
				"name": "bone107",
				"parent": "bone105",
				"pivot": [-20.5, 58.5, 101],
				"rotation": [0, -45, 0],
				"cubes": [
					{"origin": [6.17716, 58.5, 113.18503], "size": [1.8, 1, 2], "uv": [0, 55]}
				]
			},
			{
				"name": "bone108",
				"parent": "bone105",
				"pivot": [-20.5, 58.5, 101],
				"rotation": [0, -90, 0],
				"cubes": [
					{"origin": [6.6, 58.5, 90.16421], "size": [1.8, 1, 2], "uv": [54, 19]}
				]
			},
			{
				"name": "bone109",
				"parent": "bone105",
				"pivot": [-20.5, 58.5, 101],
				"rotation": [0, -135, 0],
				"cubes": [
					{"origin": [-9.37918, 58.5, 73.58705], "size": [1.8, 1, 2], "uv": [53, 39]}
				]
			},
			{
				"name": "bone110",
				"parent": "bone105",
				"pivot": [-20.5, 58.5, 101],
				"rotation": [0, -180, 0],
				"cubes": [
					{"origin": [-32.4, 58.5, 73.16421], "size": [1.8, 1, 2], "uv": [53, 36]},
					{"origin": [-32.9, 59, 72.66421], "size": [2.8, 2, 1], "uv": [14, 11]}
				]
			},
			{
				"name": "bone111",
				"parent": "bone105",
				"pivot": [-20.5, 58.5, 101],
				"rotation": [0, -225, 0],
				"cubes": [
					{"origin": [-48.97716, 58.5, 89.1434], "size": [1.8, 1, 2], "uv": [53, 0]}
				]
			},
			{
				"name": "bone112",
				"parent": "bone105",
				"pivot": [-20.5, 58.5, 101],
				"rotation": [0, -270, 0],
				"cubes": [
					{"origin": [-49.4, 58.5, 112.16421], "size": [1.8, 1, 2], "uv": [0, 52]}
				]
			},
			{
				"name": "bone113",
				"parent": "bone105",
				"pivot": [-20.5, 58.5, 101],
				"rotation": [0, -315, 0],
				"cubes": [
					{"origin": [-33.42082, 58.5, 128.74138], "size": [1.8, 1, 2], "uv": [34, 0]}
				]
			}
		]
	}
}