{
	"format_version": "1.10.0",
	"geometry.model": {
		"texturewidth": 512,
		"textureheight": 512,
		"visible_bounds_width": 10,
		"visible_bounds_height": 5.5,
		"visible_bounds_offset": [0, 2.25, 0],
		"bones": [
			{
				"name": "bone210",
				"pivot": [0, 35.8, 1.75],
				"cubes": [
					{"origin": [-32.5, 9, -14.95], "size": [65, 28, 25], "uv": [0, 0]},
					{"origin": [-32.5, 37, -14.95], "size": [4, 4, 24], "uv": [182, 23]},
					{"origin": [-7, 37, 6.05], "size": [14, 4, 3], "uv": [182, 241]},
					{"origin": [-32.5, 37, 9.05], "size": [65, 4, 1], "uv": [77, 104]},
					{"origin": [28.5, 37, -14.95], "size": [4, 4, 24], "uv": [68, 172]}
				]
			},
			{
				"name": "bone222",
				"parent": "bone210",
				"pivot": [0, 13.00735, 13.89819],
				"rotation": [27.5, 0, 0],
				"cubes": [
					{"origin": [-32.5, 11.15682, 8.55084], "size": [65, 10, 9.275], "uv": [77, 85]},
					{"origin": [14, 10.15682, 8.55084], "size": [18, 1, 9.275], "uv": [219, 215]},
					{"origin": [-32, 10.15682, 8.55084], "size": [18, 1, 9.275], "uv": [216, 163]}
				]
			},
			{
				"name": "bone212",
				"parent": "bone210",
				"pivot": [0, 23, -2.45],
				"rotation": [60, 0, 0],
				"cubes": [
					{"origin": [-32.5, 9.17468, -0.61154], "size": [65, 12, 20], "uv": [0, 53]},
					{"origin": [31.49, 0.17468, -0.61154], "size": [1, 9, 20], "uv": [148, 206]},
					{"origin": [13.5, 0.17468, 5.38846], "size": [18, 9, 12], "uv": [0, 196]},
					{"origin": [-32.499, 0.17468, -0.61154], "size": [1, 9, 20], "uv": [196, 186]},
					{"origin": [-31.5, 0.17468, 5.38846], "size": [18, 9, 12], "uv": [156, 185]},
					{"origin": [-13.5, -11.82532, 15.38846], "size": [27, 21, 4], "uv": [173, 109]},
					{"origin": [4.5, -10.82532, 19.38846], "size": [5, 5, 1], "uv": [12, 15]},
					{"origin": [-9.5, -10.82532, 19.38846], "size": [5, 5, 1], "uv": [0, 15]},
					{"origin": [-13.5, -13.82532, 19.38846], "size": [27, 1, 1], "uv": [214, 31]},
					{"origin": [-13.5, -0.82532, 18.63846], "size": [27, 1, 1], "uv": [212, 16]},
					{"origin": [-13.5, -15.82532, 15.38846], "size": [27, 4, 4], "uv": [214, 23]}
				]
			},
			{
				"name": "bone3",
				"parent": "bone212",
				"pivot": [4.5, 35, -83],
				"cubes": [
					{"origin": [10.5, 6.17468, 18.63846], "size": [1, 1, 1], "uv": [369, 0], "mirror": true},
					{"origin": [19.5, 10.17468, 18.63846], "size": [1, 1, 1], "uv": [369, 0], "mirror": true},
					{"origin": [24.5, 18.17468, 18.63846], "size": [1, 1, 1], "uv": [369, 0], "mirror": true},
					{"origin": [14.5, 18.17468, 18.63846], "size": [1, 1, 1], "uv": [369, 0], "mirror": true},
					{"origin": [19.5, 18.17468, 18.63846], "size": [1, 1, 1], "uv": [369, 0], "mirror": true},
					{"origin": [24.5, 10.17468, 18.63846], "size": [1, 1, 1], "uv": [369, 0], "mirror": true},
					{"origin": [29.5, 10.17468, 18.63846], "size": [1, 1, 1], "uv": [369, 0], "mirror": true},
					{"origin": [29.5, 14.17468, 18.63846], "size": [1, 1, 1], "uv": [369, 0], "mirror": true},
					{"origin": [29.5, 18.17468, 18.63846], "size": [1, 1, 1], "uv": [369, 0], "mirror": true},
					{"origin": [14.5, 10.17468, 18.63846], "size": [1, 1, 1], "uv": [369, 0], "mirror": true},
					{"origin": [10.5, 10.17468, 18.63846], "size": [1, 1, 1], "uv": [369, 0], "mirror": true},
					{"origin": [10.5, 14.17468, 18.63846], "size": [1, 1, 1], "uv": [369, 0], "mirror": true},
					{"origin": [10.5, 18.17468, 18.63846], "size": [1, 1, 1], "uv": [369, 0], "mirror": true},
					{"origin": [5.5, 18.17468, 18.63846], "size": [1, 1, 1], "uv": [369, 0], "mirror": true},
					{"origin": [5.5, 2.17468, 18.63846], "size": [1, 1, 1], "uv": [369, 0], "mirror": true},
					{"origin": [10.5, 2.17468, 18.63846], "size": [1, 1, 1], "uv": [369, 0], "mirror": true}
				]
			},
			{
				"name": "bone4",
				"parent": "bone3",
				"pivot": [4.5, 35, -83],
				"cubes": [
					{"origin": [5.5, -3.82532, 18.63846], "size": [1, 1, 1], "uv": [369, 0], "mirror": true},
					{"origin": [11.5, -3.82532, 18.63846], "size": [1, 1, 1], "uv": [369, 0], "mirror": true},
					{"origin": [11.5, -7.82532, 18.63846], "size": [1, 1, 1], "uv": [369, 0], "mirror": true},
					{"origin": [11.5, -11.82532, 18.63846], "size": [1, 1, 1], "uv": [369, 0], "mirror": true}
				]
			},
			{
				"name": "bone358",
				"parent": "bone212",
				"pivot": [-4.5, 35, -83],
				"cubes": [
					{"origin": [-11.5, 6.17468, 18.63846], "size": [1, 1, 1], "uv": [369, 0]},
					{"origin": [-20.5, 10.17468, 18.63846], "size": [1, 1, 1], "uv": [369, 0]},
					{"origin": [-25.5, 18.17468, 18.63846], "size": [1, 1, 1], "uv": [369, 0]},
					{"origin": [-15.5, 18.17468, 18.63846], "size": [1, 1, 1], "uv": [369, 0]},
					{"origin": [-20.5, 18.17468, 18.63846], "size": [1, 1, 1], "uv": [369, 0]},
					{"origin": [-25.5, 10.17468, 18.63846], "size": [1, 1, 1], "uv": [369, 0]},
					{"origin": [-30.5, 10.17468, 18.63846], "size": [1, 1, 1], "uv": [369, 0]},
					{"origin": [-30.5, 14.17468, 18.63846], "size": [1, 1, 1], "uv": [369, 0]},
					{"origin": [-30.5, 18.17468, 18.63846], "size": [1, 1, 1], "uv": [369, 0]},
					{"origin": [-15.5, 10.17468, 18.63846], "size": [1, 1, 1], "uv": [369, 0]},
					{"origin": [-11.5, 10.17468, 18.63846], "size": [1, 1, 1], "uv": [369, 0]},
					{"origin": [-11.5, 14.17468, 18.63846], "size": [1, 1, 1], "uv": [369, 0]},
					{"origin": [-11.5, 18.17468, 18.63846], "size": [1, 1, 1], "uv": [369, 0]},
					{"origin": [-6.5, 18.17468, 18.63846], "size": [1, 1, 1], "uv": [369, 0]},
					{"origin": [-6.5, 2.17468, 18.63846], "size": [1, 1, 1], "uv": [369, 0]},
					{"origin": [-0.5, 18.17468, 18.63846], "size": [1, 1, 1], "uv": [369, 0]},
					{"origin": [-0.5, -3.82532, 18.63846], "size": [1, 1, 1], "uv": [369, 0]},
					{"origin": [-0.5, 2.17468, 18.63846], "size": [1, 1, 1], "uv": [369, 0]},
					{"origin": [-11.5, 2.17468, 18.63846], "size": [1, 1, 1], "uv": [369, 0]}
				]
			},
			{
				"name": "bone356",
				"parent": "bone358",
				"pivot": [-4.5, 35, -83],
				"cubes": [
					{"origin": [-6.5, -3.82532, 18.63846], "size": [1, 1, 1], "uv": [369, 0]},
					{"origin": [-12.5, -3.82532, 18.63846], "size": [1, 1, 1], "uv": [369, 0]},
					{"origin": [-12.5, -7.82532, 18.63846], "size": [1, 1, 1], "uv": [369, 0]},
					{"origin": [-12.5, -11.82532, 18.63846], "size": [1, 1, 1], "uv": [369, 0]}
				]
			},
			{
				"name": "bone260",
				"parent": "bone212",
				"pivot": [0, -21.12916, 14.47342],
				"rotation": [-30, 0, 0],
				"cubes": [
					{"origin": [-13.5, -18.07838, 12.07806], "size": [27, 4, 4], "uv": [212, 8]}
				]
			},
			{
				"name": "bone261",
				"parent": "bone260",
				"pivot": [0, -21.12916, 14.47342],
				"rotation": [-30, 0, 0],
				"cubes": [
					{"origin": [-13.5, -21.68479, 10.33768], "size": [27, 4, 4], "uv": [212, 0]}
				]
			},
			{
				"name": "bone262",
				"parent": "bone261",
				"pivot": [0, -21.12916, 14.47342],
				"rotation": [-30, 0, 0],
				"cubes": [
					{"origin": [-13.5, -25.67822, 10.63368], "size": [27, 4, 4], "uv": [211, 155]}
				]
			},
			{
				"name": "bone355",
				"parent": "bone262",
				"pivot": [-7, -24.17822, 13.63368],
				"rotation": [0, -5, 0],
				"cubes": [
					{"origin": [-13.5, -24.67822, 11.63368], "size": [13.5, 1, 4], "uv": [77, 157]}
				]
			},
			{
				"name": "bone354",
				"parent": "bone262",
				"pivot": [7, -24.17822, 13.63368],
				"rotation": [0, 5, 0],
				"cubes": [
					{"origin": [-0.4, -24.67822, 11.63368], "size": [13.9, 1, 4], "uv": [209, 104]}
				]
			},
			{
				"name": "bone263",
				"parent": "bone262",
				"pivot": [0, -21.12916, 14.47342],
				"rotation": [-30, 0, 0],
				"cubes": [
					{"origin": [-13.5, -28.98863, 12.88674], "size": [27, 4, 4], "uv": [170, 76]}
				]
			},
			{
				"name": "bone264",
				"parent": "bone263",
				"pivot": [0, -21.12916, 14.47342],
				"rotation": [-30, 0, 0],
				"cubes": [
					{"origin": [-13.5, -54.729, 16.49315], "size": [27, 28, 4], "uv": [106, 164]}
				]
			},
			{
				"name": "bone",
				"parent": "bone210",
				"pivot": [4.5, 37, -139],
				"cubes": [
					{"origin": [-11.5, 37, -5.95], "size": [1, 3, 1], "uv": [14, 6]},
					{"origin": [10.5, 37, -5.95], "size": [1, 3, 1], "uv": [4, 21]},
					{"origin": [10.5, 39, -7.95], "size": [1, 1, 2], "uv": [4, 7]},
					{"origin": [10.5, 37, -8.95], "size": [1, 3, 1], "uv": [0, 21]},
					{"origin": [-11.5, 37, -8.95], "size": [1, 3, 1], "uv": [18, 6]},
					{"origin": [-11.5, 39, -7.95], "size": [1, 1, 2], "uv": [0, 6]}
				]
			},
			{
				"name": "bone11",
				"parent": "bone210",
				"pivot": [4.5, 35, -156],
				"cubes": [
					{"origin": [-28.5, 40, -14.95], "size": [14, 1, 20], "uv": [170, 55]},
					{"origin": [-28.5, 38, -14.95], "size": [14, 1, 20], "uv": [168, 164]},
					{"origin": [15.5, 40, -14.95], "size": [13, 1, 20], "uv": [26, 175]},
					{"origin": [15.5, 38, -14.95], "size": [13, 1, 20], "uv": [173, 134]}
				]
			},
			{
				"name": "bone12",
				"parent": "bone210",
				"pivot": [0, -0.25, -121],
				"cubes": [
					{"origin": [-17, 36.25, 2.25], "size": [1, 5, 1], "uv": [14, 91]},
					{"origin": [-17, 36.25, -5.25], "size": [1, 5, 1], "uv": [81, 85]},
					{"origin": [-17, 36.25, -12.75], "size": [1, 5, 1], "uv": [77, 85]},
					{"origin": [17, 36.25, -12.75], "size": [1, 5, 1], "uv": [42, 85]},
					{"origin": [17, 36.25, -5.25], "size": [1, 5, 1], "uv": [38, 85]},
					{"origin": [17, 36.25, 2.25], "size": [1, 5, 1], "uv": [27, 85]}
				]
			},
			{
				"name": "bone211",
				"parent": "bone210",
				"pivot": [0, -0.25, -86],
				"cubes": [
					{"origin": [-13, 36.25, 2.25], "size": [1, 1, 1], "uv": [85, 111]},
					{"origin": [-9, 36.25, 2.25], "size": [1, 1, 1], "uv": [81, 111]},
					{"origin": [-5, 36.25, 2.25], "size": [1, 1, 1], "uv": [77, 111]},
					{"origin": [-0.5, 36.25, 2.25], "size": [1, 1, 1], "uv": [42, 110]},
					{"origin": [4, 36.25, 2.25], "size": [1, 1, 1], "uv": [108, 109]},
					{"origin": [8, 36.25, 2.25], "size": [1, 1, 1], "uv": [85, 109]},
					{"origin": [12, 36.25, 2.25], "size": [1, 1, 1], "uv": [81, 109]}
				]
			},
			{
				"name": "bone359",
				"parent": "bone210",
				"pivot": [0, -0.25, -135],
				"cubes": [
					{"origin": [-30, 36.25, -14.25], "size": [1, 5, 1], "uv": [435, 0]},
					{"origin": [-30, 36.25, -6.75], "size": [1, 5, 1], "uv": [435, 0]},
					{"origin": [-30, 36.25, 0.75], "size": [1, 5, 1], "uv": [435, 0]},
					{"origin": [-30, 40.25, 4.75], "size": [1, 1, 1], "uv": [435, 0]}
				]
			},
			{
				"name": "bone360",
				"parent": "bone359",
				"pivot": [0, -0.25, -135],
				"cubes": [
					{"origin": [29, 36.25, -14.25], "size": [1, 5, 1], "uv": [435, 0]},
					{"origin": [29, 36.25, -6.75], "size": [1, 5, 1], "uv": [435, 0]},
					{"origin": [29, 36.25, 0.75], "size": [1, 5, 1], "uv": [435, 0]},
					{"origin": [29, 40.25, 4.75], "size": [1, 1, 1], "uv": [435, 0]}
				]
			},
			{
				"name": "bone2",
				"parent": "bone210",
				"pivot": [0, 0, -55],
				"cubes": [
					{"origin": [29.5, 1.6141, -14.98782], "size": [2, 7.05, 41.5], "uv": [83, 109]},
					{"origin": [29.5, 8.6141, -14.98782], "size": [2, 7.05, 38.75], "uv": [131, 119]}
				]
			},
			{
				"name": "bone292",
				"parent": "bone2",
				"pivot": [0, 0, -128]
			},
			{
				"name": "track6",
				"parent": "bone292",
				"pivot": [24.5, 35, 35.25],
				"cubes": [
					{"origin": [15.5, 0.1, -15.05], "size": [15, 1, 47.5], "uv": [0, 85]}
				]
			},
			{
				"name": "bone293",
				"parent": "track6",
				"pivot": [22.5, 25.45348, 49.9336],
				"rotation": [-47.5, 0, 0],
				"cubes": [
					{"origin": [15.5, 25.68261, 47.65192], "size": [15, 1, 5], "uv": [235, 117]}
				]
			},
			{
				"name": "bone294",
				"parent": "bone293",
				"pivot": [22.5, 25.45348, 43.9336],
				"rotation": [12.5, 0, 0],
				"cubes": [
					{"origin": [15.5, 24.87239, 42.61337], "size": [15, 1, 5], "uv": [214, 33]}
				]
			},
			{
				"name": "bone295",
				"parent": "track6",
				"pivot": [22.5, 9.51928, 55.51727],
				"rotation": [90, 0, 0],
				"cubes": [
					{"origin": [15.5, 12.09755, 60.60212], "size": [15, 1, 9], "uv": [238, 66]}
				]
			},
			{
				"name": "bone296",
				"parent": "track6",
				"pivot": [22.5, 12.54652, 50.4336],
				"rotation": [60, 0, 0],
				"cubes": [
					{"origin": [15.5, 11.27161, 47.96825], "size": [15, 1, 5.25], "uv": [128, 208]}
				]
			},
			{
				"name": "bone297",
				"parent": "bone296",
				"pivot": [22.5, 12.54652, 44.4336],
				"rotation": [-12.5, 0, 0],
				"cubes": [
					{"origin": [15.5, 12.04316, 42.94396], "size": [15, 1, 5], "uv": [150, 67]}
				]
			},
			{
				"name": "bone298",
				"parent": "bone297",
				"pivot": [22.5, 12.54652, 44.4336],
				"rotation": [-12.5, 0, 0],
				"cubes": [
					{"origin": [15.5, 11.70897, 37.87178], "size": [15, 1, 5], "uv": [25, 148]}
				]
			},
			{
				"name": "bone299",
				"parent": "bone298",
				"pivot": [22.5, 12.54652, 44.4336],
				"rotation": [-12.5, 0, 0],
				"cubes": [
					{"origin": [15.5, 10.28489, 32.99216], "size": [15, 1, 5], "uv": [77, 124]}
				]
			},
			{
				"name": "bone300",
				"parent": "bone299",
				"pivot": [22.5, 12.54652, 44.4336],
				"rotation": [-12.5, 0, 0],
				"cubes": [
					{"origin": [15.5, 7.83841, 28.53643], "size": [15, 1, 5], "uv": [0, 124]}
				]
			},
			{
				"name": "big_wheel5",
				"parent": "bone292",
				"pivot": [15.5, 19, 41],
				"rotation": [0, 0, 90]
			},
			{
				"name": "bone301",
				"parent": "big_wheel5",
				"pivot": [15.5, 19, 41],
				"cubes": [
					{"origin": [11, 19, 40.41421], "size": [9, 15, 11.5], "uv": [471, 485.5]}
				]
			},
			{
				"name": "bone302",
				"parent": "big_wheel5",
				"pivot": [15.5, 19, 41],
				"rotation": [0, -45, 0],
				"cubes": [
					{"origin": [11, 19, 40.41421], "size": [9, 15, 11.5], "uv": [471, 485.5]}
				]
			},
			{
				"name": "bone303",
				"parent": "big_wheel5",
				"pivot": [15.5, 19, 41],
				"rotation": [0, -90, 0],
				"cubes": [
					{"origin": [11, 19, 40.41421], "size": [9, 15, 11.5], "uv": [471, 485.5]}
				]
			},
			{
				"name": "bone304",
				"parent": "big_wheel5",
				"pivot": [15.5, 19, 41],
				"rotation": [0, -135, 0],
				"cubes": [
					{"origin": [11, 19, 40.41421], "size": [9, 15, 11.5], "uv": [471, 485.5]}
				]
			},
			{
				"name": "bone305",
				"parent": "big_wheel5",
				"pivot": [15.5, 19, 41],
				"rotation": [0, -180, 0],
				"cubes": [
					{"origin": [11, 19, 40.41421], "size": [9, 12, 11.5], "uv": [471, 485.5]}
				]
			},
			{
				"name": "bone306",
				"parent": "big_wheel5",
				"pivot": [15.5, 19, 41],
				"rotation": [0, -225, 0],
				"cubes": [
					{"origin": [11, 19, 40.41421], "size": [9, 12, 11.5], "uv": [471, 485.5]}
				]
			},
			{
				"name": "bone307",
				"parent": "big_wheel5",
				"pivot": [15.5, 19, 41],
				"rotation": [0, -270, 0],
				"cubes": [
					{"origin": [11, 19, 40.41421], "size": [9, 15, 11.5], "uv": [471, 485.5]}
				]
			},
			{
				"name": "bone308",
				"parent": "big_wheel5",
				"pivot": [15.5, 19, 41],
				"rotation": [0, -315, 0],
				"cubes": [
					{"origin": [11, 19, 40.41421], "size": [9, 15, 11.5], "uv": [471, 485.5]}
				]
			},
			{
				"name": "big_wheel6",
				"parent": "bone292",
				"pivot": [17.5, 19, 42],
				"rotation": [0, 0, 90]
			},
			{
				"name": "bone309",
				"parent": "big_wheel6",
				"pivot": [17.5, 19, 42],
				"cubes": [
					{"origin": [15.5, 19, 41.41421], "size": [4, 15, 5.5], "uv": [18, 243]},
					{"origin": [17, 33.25, 45.41421], "size": [1, 1, 1], "uv": [77, 109]}
				]
			},
			{
				"name": "bone310",
				"parent": "big_wheel6",
				"pivot": [17.5, 19, 42],
				"rotation": [0, -45, 0],
				"cubes": [
					{"origin": [15.5, 19, 41.41421], "size": [4, 15, 5.5], "uv": [0, 243]},
					{"origin": [17, 33.25, 45.41421], "size": [1, 1, 1], "uv": [42, 108]}
				]
			},
			{
				"name": "bone311",
				"parent": "big_wheel6",
				"pivot": [17.5, 19, 42],
				"rotation": [0, -90, 0],
				"cubes": [
					{"origin": [15.5, 19, 41.41421], "size": [4, 15, 5.5], "uv": [182, 23]},
					{"origin": [17, 33.25, 45.41421], "size": [1, 1, 1], "uv": [42, 106]}
				]
			},
			{
				"name": "bone312",
				"parent": "big_wheel6",
				"pivot": [17.5, 19, 42],
				"rotation": [0, -135, 0],
				"cubes": [
					{"origin": [15.5, 19, 41.41421], "size": [4, 15, 5.5], "uv": [173, 134]},
					{"origin": [17, 33.25, 45.41421], "size": [1, 1, 1], "uv": [42, 104]}
				]
			},
			{
				"name": "bone313",
				"parent": "big_wheel6",
				"pivot": [17.5, 19, 42],
				"rotation": [0, -180, 0],
				"cubes": [
					{"origin": [15.5, 19, 41.41421], "size": [4, 15, 5.5], "uv": [72, 171]},
					{"origin": [17, 33.25, 45.41421], "size": [1, 1, 1], "uv": [43, 102]}
				]
			},
			{
				"name": "bone314",
				"parent": "big_wheel6",
				"pivot": [17.5, 19, 42],
				"rotation": [0, -225, 0],
				"cubes": [
					{"origin": [15.5, 19, 41.41421], "size": [4, 15, 5.5], "uv": [168, 164]},
					{"origin": [17, 33.25, 45.41421], "size": [1, 1, 1], "uv": [39, 102]}
				]
			},
			{
				"name": "bone315",
				"parent": "big_wheel6",
				"pivot": [17.5, 19, 42],
				"rotation": [0, -270, 0],
				"cubes": [
					{"origin": [15.5, 19, 41.41421], "size": [4, 15, 5.5], "uv": [0, 133]},
					{"origin": [17, 33.25, 45.41421], "size": [1, 1, 1], "uv": [35, 102]}
				]
			},
			{
				"name": "bone316",
				"parent": "big_wheel6",
				"pivot": [17.5, 19, 42],
				"rotation": [0, -315, 0],
				"cubes": [
					{"origin": [15.5, 19, 41.41421], "size": [4, 15, 5.5], "uv": [0, 53]},
					{"origin": [17, 33.25, 45.41421], "size": [1, 1, 1], "uv": [31, 102]}
				]
			},
			{
				"name": "little_wheel10",
				"parent": "bone292",
				"pivot": [15.5, 14, -164],
				"rotation": [0, 0, 90]
			},
			{
				"name": "bone317",
				"parent": "little_wheel10",
				"pivot": [15.5, 14, -164],
				"cubes": [
					{"origin": [23, 15, 32.41421], "size": [3, 13, 4], "uv": [498, 0]}
				]
			},
			{
				"name": "bone318",
				"parent": "little_wheel10",
				"pivot": [15.5, 14, -164],
				"rotation": [0, -45, 0],
				"cubes": [
					{"origin": [159.664, 15, -31.64971], "size": [3, 13, 4], "uv": [498, 0]}
				]
			},
			{
				"name": "bone319",
				"parent": "little_wheel10",
				"pivot": [15.5, 14, -164],
				"rotation": [0, -90, 0],
				"cubes": [
					{"origin": [211, 15, -173.58579], "size": [3, 13, 4], "uv": [498, 0]}
				]
			},
			{
				"name": "bone320",
				"parent": "little_wheel10",
				"pivot": [15.5, 14, -164],
				"rotation": [0, -135, 0],
				"cubes": [
					{"origin": [146.93607, 15, -310.24978], "size": [3, 13, 4], "uv": [498, 0]}
				]
			},
			{
				"name": "bone321",
				"parent": "little_wheel10",
				"pivot": [15.5, 14, -164],
				"rotation": [0, -180, 0],
				"cubes": [
					{"origin": [5, 15, -361.58579], "size": [3, 13, 4], "uv": [498, 0]}
				]
			},
			{
				"name": "bone322",
				"parent": "little_wheel10",
				"pivot": [15.5, 14, -164],
				"rotation": [0, -225, 0],
				"cubes": [
					{"origin": [-131.664, 15, -297.52186], "size": [3, 13, 4], "uv": [498, 0]}
				]
			},
			{
				"name": "bone323",
				"parent": "little_wheel10",
				"pivot": [15.5, 14, -164],
				"rotation": [0, -270, 0],
				"cubes": [
					{"origin": [-183, 15, -155.58579], "size": [3, 13, 4], "uv": [498, 0]}
				]
			},
			{
				"name": "bone324",
				"parent": "little_wheel10",
				"pivot": [15.5, 14, -164],
				"rotation": [0, -315, 0],
				"cubes": [
					{"origin": [-118.93607, 15, -18.92179], "size": [3, 13, 4], "uv": [498, 0]}
				]
			},
			{
				"name": "little_wheel11",
				"parent": "bone292",
				"pivot": [15.5, 14, -164],
				"rotation": [0, 0, 90]
			},
			{
				"name": "bone325",
				"parent": "little_wheel11",
				"pivot": [15.5, 14, -164],
				"cubes": [
					{"origin": [24, 15, 21.41421], "size": [3, 13, 4], "uv": [498, 0]}
				]
			},
			{
				"name": "bone326",
				"parent": "little_wheel11",
				"pivot": [15.5, 14, -164],
				"rotation": [0, -45, 0],
				"cubes": [
					{"origin": [152.59293, 15, -40.13499], "size": [3, 13, 4], "uv": [498, 0]}
				]
			},
			{
				"name": "bone327",
				"parent": "little_wheel11",
				"pivot": [15.5, 14, -164],
				"rotation": [0, -90, 0],
				"cubes": [
					{"origin": [200, 15, -174.58579], "size": [3, 13, 4], "uv": [498, 0]}
				]
			},
			{
				"name": "bone328",
				"parent": "little_wheel11",
				"pivot": [15.5, 14, -164],
				"rotation": [0, -135, 0],
				"cubes": [
					{"origin": [138.45079, 15, -303.17872], "size": [3, 13, 4], "uv": [498, 0]}
				]
			},
			{
				"name": "bone329",
				"parent": "little_wheel11",
				"pivot": [15.5, 14, -164],
				"rotation": [0, -180, 0],
				"cubes": [
					{"origin": [4, 15, -350.58579], "size": [3, 13, 4], "uv": [498, 0]}
				]
			},
			{
				"name": "bone330",
				"parent": "little_wheel11",
				"pivot": [15.5, 14, -164],
				"rotation": [0, -225, 0],
				"cubes": [
					{"origin": [-124.59293, 15, -289.03658], "size": [3, 13, 4], "uv": [498, 0]}
				]
			},
			{
				"name": "bone331",
				"parent": "little_wheel11",
				"pivot": [15.5, 14, -164],
				"rotation": [0, -270, 0],
				"cubes": [
					{"origin": [-172, 15, -154.58579], "size": [3, 13, 4], "uv": [498, 0]}
				]
			},
			{
				"name": "bone332",
				"parent": "little_wheel11",
				"pivot": [15.5, 14, -164],
				"rotation": [0, -315, 0],
				"cubes": [
					{"origin": [-110.45079, 15, -25.99286], "size": [3, 13, 4], "uv": [498, 0]}
				]
			},
			{
				"name": "little_wheel12",
				"parent": "bone292",
				"pivot": [15.5, 14, -164],
				"rotation": [0, 0, 90]
			},
			{
				"name": "bone333",
				"parent": "little_wheel12",
				"pivot": [15.5, 14, -164],
				"cubes": [
					{"origin": [24, 15, -11.08579], "size": [3, 13, 4], "uv": [498, 0]}
				]
			},
			{
				"name": "bone334",
				"parent": "little_wheel12",
				"pivot": [15.5, 14, -164],
				"rotation": [0, -45, 0],
				"cubes": [
					{"origin": [129.61196, 15, -63.11596], "size": [3, 13, 4], "uv": [498, 0]}
				]
			},
			{
				"name": "bone335",
				"parent": "little_wheel12",
				"pivot": [15.5, 14, -164],
				"rotation": [0, -90, 0],
				"cubes": [
					{"origin": [167.5, 15, -174.58579], "size": [3, 13, 4], "uv": [498, 0]}
				]
			},
			{
				"name": "bone336",
				"parent": "little_wheel12",
				"pivot": [15.5, 14, -164],
				"rotation": [0, -135, 0],
				"cubes": [
					{"origin": [115.46982, 15, -280.19775], "size": [3, 13, 4], "uv": [498, 0]}
				]
			},
			{
				"name": "bone337",
				"parent": "little_wheel12",
				"pivot": [15.5, 14, -164],
				"rotation": [0, -180, 0],
				"cubes": [
					{"origin": [4, 15, -318.08579], "size": [3, 13, 4], "uv": [498, 0]}
				]
			},
			{
				"name": "bone338",
				"parent": "little_wheel12",
				"pivot": [15.5, 14, -164],
				"rotation": [0, -225, 0],
				"cubes": [
					{"origin": [-101.61196, 15, -266.05561], "size": [3, 13, 4], "uv": [498, 0]}
				]
			},
			{
				"name": "bone339",
				"parent": "little_wheel12",
				"pivot": [15.5, 14, -164],
				"rotation": [0, -270, 0],
				"cubes": [
					{"origin": [-139.5, 15, -154.58579], "size": [3, 13, 4], "uv": [498, 0]}
				]
			},
			{
				"name": "bone340",
				"parent": "little_wheel12",
				"pivot": [15.5, 14, -164],
				"rotation": [0, -315, 0],
				"cubes": [
					{"origin": [-87.46982, 15, -48.97383], "size": [3, 13, 4], "uv": [498, 0]}
				]
			},
			{
				"name": "bone289",
				"parent": "bone2",
				"pivot": [0, 0, -55],
				"cubes": [
					{"origin": [13.001, 27.90001, 25.20449], "size": [19.5, 4, 19], "uv": [155, 0]},
					{"origin": [14, 31.50001, 28.50449], "size": [17.5, 1, 15], "uv": [60, 200]},
					{"origin": [16, 32.00001, 28.50449], "size": [1.5, 1, 12], "uv": [170, 206]},
					{"origin": [28, 32.00001, 28.50449], "size": [1.5, 1, 12], "uv": [138, 235]},
					{"origin": [14, 31.50001, 27.50449], "size": [17.5, 6, 1], "uv": [39, 242]},
					{"origin": [27, 29.50001, 18.50449], "size": [3.5, 4, 9], "uv": [207, 243]},
					{"origin": [15, 29.50001, 18.50449], "size": [3.5, 4, 9], "uv": [23, 85]}
				]
			},
			{
				"name": "bone223",
				"parent": "bone2",
				"pivot": [32, 18, -5.05],
				"rotation": [30, 0, 0],
				"cubes": [
					{"origin": [31.5, 2.2, 12.615], "size": [1, 9, 29], "uv": [46, 133]},
					{"origin": [31, 1.2, 12.61545], "size": [1, 2, 29], "uv": [151, 24]}
				]
			},
			{
				"name": "bone213",
				"parent": "bone2",
				"pivot": [13.85, 19, 41],
				"rotation": [0, 0, 90]
			},
			{
				"name": "bone214",
				"parent": "bone213",
				"pivot": [13.85, 19, 41]
			},
			{
				"name": "bone215",
				"parent": "bone213",
				"pivot": [13.85, 19, 41],
				"rotation": [0, 45, 0]
			},
			{
				"name": "bone216",
				"parent": "bone213",
				"pivot": [13.85, 19, 41],
				"rotation": [0, 90, 0],
				"cubes": [
					{"origin": [9.35, 35, 30.33579], "size": [9, 2, 10.5], "uv": [128, 135]}
				]
			},
			{
				"name": "bone217",
				"parent": "bone213",
				"pivot": [13.85, 19, 41],
				"rotation": [0, 135, 0],
				"cubes": [
					{"origin": [9.35, 34.975, 30.33579], "size": [9, 2, 10.5], "uv": [238, 200]}
				]
			},
			{
				"name": "bone218",
				"parent": "bone213",
				"pivot": [13.85, 19, 41],
				"rotation": [0, 180, 0],
				"cubes": [
					{"origin": [9.35, 34.9, 30.33579], "size": [9, 2, 10.5], "uv": [128, 196]}
				]
			},
			{
				"name": "bone219",
				"parent": "bone213",
				"pivot": [13.85, 19, 41],
				"rotation": [0, 225, 0],
				"cubes": [
					{"origin": [9.35, 35, 30.33579], "size": [9, 2, 10.5], "uv": [150, 55]}
				]
			},
			{
				"name": "bone220",
				"parent": "bone213",
				"pivot": [13.85, 19, 41],
				"rotation": [0, 270, 0]
			},
			{
				"name": "bone221",
				"parent": "bone213",
				"pivot": [13.85, 19, 41],
				"rotation": [0, 315, 0]
			},
			{
				"name": "bone224",
				"parent": "bone2",
				"pivot": [13.55, 19, 40],
				"rotation": [0, 0, 90]
			},
			{
				"name": "bone225",
				"parent": "bone224",
				"pivot": [13.55, 19, 40],
				"cubes": [
					{"origin": [9.05, 19, 29.33579], "size": [9, 2, 13.5], "uv": [151, 235]}
				]
			},
			{
				"name": "bone226",
				"parent": "bone224",
				"pivot": [13.55, 19, 40],
				"rotation": [0, 45, 0],
				"cubes": [
					{"origin": [9.05, 19, 29.33579], "size": [9, 2, 13.5], "uv": [107, 235]}
				]
			},
			{
				"name": "bone227",
				"parent": "bone224",
				"pivot": [13.55, 19, 40],
				"rotation": [0, 90, 0],
				"cubes": [
					{"origin": [9.05, 19, 29.33579], "size": [9, 2, 13.5], "uv": [235, 102]}
				]
			},
			{
				"name": "bone228",
				"parent": "bone224",
				"pivot": [13.55, 19, 40],
				"rotation": [0, 135, 0],
				"cubes": [
					{"origin": [9.05, 19, 29.33579], "size": [9, 2, 13.5], "uv": [76, 233]}
				]
			},
			{
				"name": "bone229",
				"parent": "bone224",
				"pivot": [13.55, 19, 40],
				"rotation": [0, 180, 0],
				"cubes": [
					{"origin": [9.05, 19, 29.33579], "size": [9, 2, 13.5], "uv": [217, 228]}
				]
			},
			{
				"name": "bone230",
				"parent": "bone224",
				"pivot": [13.55, 19, 40],
				"rotation": [0, 225, 0],
				"cubes": [
					{"origin": [9.05, 19, 29.33579], "size": [9, 2, 13.5], "uv": [77, 133]}
				]
			},
			{
				"name": "bone231",
				"parent": "bone224",
				"pivot": [13.55, 19, 40],
				"rotation": [0, 270, 0],
				"cubes": [
					{"origin": [9.05, 19, 29.33579], "size": [9, 2, 13.5], "uv": [25, 133]}
				]
			},
			{
				"name": "bone232",
				"parent": "bone224",
				"pivot": [13.55, 19, 40],
				"rotation": [0, 315, 0],
				"cubes": [
					{"origin": [9.05, 19, 29.33579], "size": [9, 2, 13.5], "uv": [77, 109]}
				]
			},
			{
				"name": "bone247",
				"parent": "bone2",
				"pivot": [0, 37.5, 23.75],
				"rotation": [30, 0, 0]
			},
			{
				"name": "bone249",
				"parent": "bone247",
				"pivot": [30.5, 12, 17.25],
				"rotation": [-10, 0, 0],
				"cubes": [
					{"origin": [29.6, 3.57421, 9.51793], "size": [2, 17, 20], "uv": [104, 196]},
					{"origin": [29.6, 10.57421, 11.51793], "size": [2, 5, 10], "uv": [0, 0]},
					{"origin": [28.6, 13.57421, 11.51793], "size": [1, 2, 10], "uv": [48, 196]},
					{"origin": [29.25, 3.32421, 22.51793], "size": [2.75, 16.25, 1], "uv": [100, 171]},
					{"origin": [29.25, 3.32421, 9.51793], "size": [2.75, 16.25, 1], "uv": [69, 145]},
					{"origin": [29, 3.07421, 13.51793], "size": [3, 6, 6], "uv": [148, 214]},
					{"origin": [13.5, 3.57421, 9.51793], "size": [2, 20, 19], "uv": [0, 85]}
				]
			},
			{
				"name": "bone251",
				"parent": "bone247",
				"pivot": [30.5, 12, 22.25],
				"rotation": [60, 0, 0],
				"cubes": [
					{"origin": [29, 22.7141, 8.68782], "size": [3, 6, 6], "uv": [148, 214]},
					{"origin": [29, 33.7141, 8.68782], "size": [3, 6, 6], "uv": [148, 214]},
					{"origin": [29, 43.7141, 8.68782], "size": [3, 6, 6], "uv": [148, 214]},
					{"origin": [29, 53.7141, 8.68782], "size": [3, 6, 6], "uv": [148, 214]},
					{"origin": [13.5, 20.7141, 9.18782], "size": [2, 41.25, 21], "uv": [0, 133]}
				]
			},
			{
				"name": "bone5",
				"parent": "bone210",
				"pivot": [0, 0, -55],
				"cubes": [
					{"origin": [-31.5, 1.6141, -14.98782], "size": [2, 7.05, 41.5], "uv": [83, 109], "mirror": true},
					{"origin": [-31.5, 8.6141, -14.98782], "size": [2, 7.05, 38.75], "uv": [131, 119], "mirror": true}
				]
			},
			{
				"name": "bone6",
				"parent": "bone5",
				"pivot": [0, 0, -128]
			},
			{
				"name": "track2",
				"parent": "bone6",
				"pivot": [-24.5, 35, 35.25],
				"cubes": [
					{"origin": [-30.5, 0.1, -15.05], "size": [15, 1, 47.5], "uv": [0, 85], "mirror": true}
				]
			},
			{
				"name": "bone7",
				"parent": "track2",
				"pivot": [-22.5, 25.45348, 49.9336],
				"rotation": [-47.5, 0, 0],
				"cubes": [
					{"origin": [-30.5, 25.68261, 47.65192], "size": [15, 1, 5], "uv": [235, 117], "mirror": true}
				]
			},
			{
				"name": "bone8",
				"parent": "bone7",
				"pivot": [-22.5, 25.45348, 43.9336],
				"rotation": [12.5, 0, 0],
				"cubes": [
					{"origin": [-30.5, 24.87239, 42.61337], "size": [15, 1, 5], "uv": [214, 33], "mirror": true}
				]
			},
			{
				"name": "bone9",
				"parent": "track2",
				"pivot": [-22.5, 9.51928, 55.51727],
				"rotation": [90, 0, 0],
				"cubes": [
					{"origin": [-30.5, 12.09755, 60.60212], "size": [15, 1, 9], "uv": [238, 66], "mirror": true}
				]
			},
			{
				"name": "bone10",
				"parent": "track2",
				"pivot": [-22.5, 12.54652, 50.4336],
				"rotation": [60, 0, 0],
				"cubes": [
					{"origin": [-30.5, 11.27161, 47.96825], "size": [15, 1, 5.25], "uv": [128, 208], "mirror": true}
				]
			},
			{
				"name": "bone13",
				"parent": "bone10",
				"pivot": [-22.5, 12.54652, 44.4336],
				"rotation": [-12.5, 0, 0],
				"cubes": [
					{"origin": [-30.5, 12.04316, 42.94396], "size": [15, 1, 5], "uv": [150, 67], "mirror": true}
				]
			},
			{
				"name": "bone14",
				"parent": "bone13",
				"pivot": [-22.5, 12.54652, 44.4336],
				"rotation": [-12.5, 0, 0],
				"cubes": [
					{"origin": [-30.5, 11.70897, 37.87178], "size": [15, 1, 5], "uv": [25, 148], "mirror": true}
				]
			},
			{
				"name": "bone15",
				"parent": "bone14",
				"pivot": [-22.5, 12.54652, 44.4336],
				"rotation": [-12.5, 0, 0],
				"cubes": [
					{"origin": [-30.5, 10.28489, 32.99216], "size": [15, 1, 5], "uv": [77, 124], "mirror": true}
				]
			},
			{
				"name": "bone16",
				"parent": "bone15",
				"pivot": [-22.5, 12.54652, 44.4336],
				"rotation": [-12.5, 0, 0],
				"cubes": [
					{"origin": [-30.5, 7.83841, 28.53643], "size": [15, 1, 5], "uv": [0, 124], "mirror": true}
				]
			},
			{
				"name": "big_wheel2",
				"parent": "bone6",
				"pivot": [-15.5, 19, 41],
				"rotation": [0, 0, -90]
			},
			{
				"name": "bone17",
				"parent": "big_wheel2",
				"pivot": [-15.5, 19, 41],
				"cubes": [
					{"origin": [-20, 19, 40.41421], "size": [9, 15, 11.5], "uv": [471, 485.5], "mirror": true}
				]
			},
			{
				"name": "bone18",
				"parent": "big_wheel2",
				"pivot": [-15.5, 19, 41],
				"rotation": [0, 45, 0],
				"cubes": [
					{"origin": [-20, 19, 40.41421], "size": [9, 15, 11.5], "uv": [471, 485.5], "mirror": true}
				]
			},
			{
				"name": "bone19",
				"parent": "big_wheel2",
				"pivot": [-15.5, 19, 41],
				"rotation": [0, 90, 0],
				"cubes": [
					{"origin": [-20, 19, 40.41421], "size": [9, 15, 11.5], "uv": [471, 485.5], "mirror": true}
				]
			},
			{
				"name": "bone20",
				"parent": "big_wheel2",
				"pivot": [-15.5, 19, 41],
				"rotation": [0, 135, 0],
				"cubes": [
					{"origin": [-20, 19, 40.41421], "size": [9, 15, 11.5], "uv": [471, 485.5], "mirror": true}
				]
			},
			{
				"name": "bone21",
				"parent": "big_wheel2",
				"pivot": [-15.5, 19, 41],
				"rotation": [0, 180, 0],
				"cubes": [
					{"origin": [-20, 19, 40.41421], "size": [9, 12, 11.5], "uv": [471, 485.5], "mirror": true}
				]
			},
			{
				"name": "bone22",
				"parent": "big_wheel2",
				"pivot": [-15.5, 19, 41],
				"rotation": [0, 225, 0],
				"cubes": [
					{"origin": [-20, 19, 40.41421], "size": [9, 12, 11.5], "uv": [471, 485.5], "mirror": true}
				]
			},
			{
				"name": "bone23",
				"parent": "big_wheel2",
				"pivot": [-15.5, 19, 41],
				"rotation": [0, 270, 0],
				"cubes": [
					{"origin": [-20, 19, 40.41421], "size": [9, 15, 11.5], "uv": [471, 485.5], "mirror": true}
				]
			},
			{
				"name": "bone24",
				"parent": "big_wheel2",
				"pivot": [-15.5, 19, 41],
				"rotation": [0, 315, 0],
				"cubes": [
					{"origin": [-20, 19, 40.41421], "size": [9, 15, 11.5], "uv": [471, 485.5], "mirror": true}
				]
			},
			{
				"name": "big_wheel3",
				"parent": "bone6",
				"pivot": [-17.5, 19, 42],
				"rotation": [0, 0, -90]
			},
			{
				"name": "bone25",
				"parent": "big_wheel3",
				"pivot": [-17.5, 19, 42],
				"cubes": [
					{"origin": [-19.5, 19, 41.41421], "size": [4, 15, 5.5], "uv": [18, 243], "mirror": true},
					{"origin": [-18, 33.25, 45.41421], "size": [1, 1, 1], "uv": [77, 109], "mirror": true}
				]
			},
			{
				"name": "bone26",
				"parent": "big_wheel3",
				"pivot": [-17.5, 19, 42],
				"rotation": [0, 45, 0],
				"cubes": [
					{"origin": [-19.5, 19, 41.41421], "size": [4, 15, 5.5], "uv": [0, 243], "mirror": true},
					{"origin": [-18, 33.25, 45.41421], "size": [1, 1, 1], "uv": [42, 108], "mirror": true}
				]
			},
			{
				"name": "bone27",
				"parent": "big_wheel3",
				"pivot": [-17.5, 19, 42],
				"rotation": [0, 90, 0],
				"cubes": [
					{"origin": [-19.5, 19, 41.41421], "size": [4, 15, 5.5], "uv": [182, 23], "mirror": true},
					{"origin": [-18, 33.25, 45.41421], "size": [1, 1, 1], "uv": [42, 106], "mirror": true}
				]
			},
			{
				"name": "bone28",
				"parent": "big_wheel3",
				"pivot": [-17.5, 19, 42],
				"rotation": [0, 135, 0],
				"cubes": [
					{"origin": [-19.5, 19, 41.41421], "size": [4, 15, 5.5], "uv": [173, 134], "mirror": true},
					{"origin": [-18, 33.25, 45.41421], "size": [1, 1, 1], "uv": [42, 104], "mirror": true}
				]
			},
			{
				"name": "bone29",
				"parent": "big_wheel3",
				"pivot": [-17.5, 19, 42],
				"rotation": [0, 180, 0],
				"cubes": [
					{"origin": [-19.5, 19, 41.41421], "size": [4, 15, 5.5], "uv": [72, 171], "mirror": true},
					{"origin": [-18, 33.25, 45.41421], "size": [1, 1, 1], "uv": [43, 102], "mirror": true}
				]
			},
			{
				"name": "bone30",
				"parent": "big_wheel3",
				"pivot": [-17.5, 19, 42],
				"rotation": [0, 225, 0],
				"cubes": [
					{"origin": [-19.5, 19, 41.41421], "size": [4, 15, 5.5], "uv": [168, 164], "mirror": true},
					{"origin": [-18, 33.25, 45.41421], "size": [1, 1, 1], "uv": [39, 102], "mirror": true}
				]
			},
			{
				"name": "bone31",
				"parent": "big_wheel3",
				"pivot": [-17.5, 19, 42],
				"rotation": [0, 270, 0],
				"cubes": [
					{"origin": [-19.5, 19, 41.41421], "size": [4, 15, 5.5], "uv": [0, 133], "mirror": true},
					{"origin": [-18, 33.25, 45.41421], "size": [1, 1, 1], "uv": [35, 102], "mirror": true}
				]
			},
			{
				"name": "bone32",
				"parent": "big_wheel3",
				"pivot": [-17.5, 19, 42],
				"rotation": [0, 315, 0],
				"cubes": [
					{"origin": [-19.5, 19, 41.41421], "size": [4, 15, 5.5], "uv": [0, 53], "mirror": true},
					{"origin": [-18, 33.25, 45.41421], "size": [1, 1, 1], "uv": [31, 102], "mirror": true}
				]
			},
			{
				"name": "little_wheel2",
				"parent": "bone6",
				"pivot": [-15.5, 14, -164],
				"rotation": [0, 0, -90]
			},
			{
				"name": "bone33",
				"parent": "little_wheel2",
				"pivot": [-15.5, 14, -164],
				"cubes": [
					{"origin": [-26, 15, 32.41421], "size": [3, 13, 4], "uv": [498, 0], "mirror": true}
				]
			},
			{
				"name": "bone34",
				"parent": "little_wheel2",
				"pivot": [-15.5, 14, -164],
				"rotation": [0, 45, 0],
				"cubes": [
					{"origin": [-162.664, 15, -31.64971], "size": [3, 13, 4], "uv": [498, 0], "mirror": true}
				]
			},
			{
				"name": "bone35",
				"parent": "little_wheel2",
				"pivot": [-15.5, 14, -164],
				"rotation": [0, 90, 0],
				"cubes": [
					{"origin": [-214, 15, -173.58579], "size": [3, 13, 4], "uv": [498, 0], "mirror": true}
				]
			},
			{
				"name": "bone36",
				"parent": "little_wheel2",
				"pivot": [-15.5, 14, -164],
				"rotation": [0, 135, 0],
				"cubes": [
					{"origin": [-149.93607, 15, -310.24978], "size": [3, 13, 4], "uv": [498, 0], "mirror": true}
				]
			},
			{
				"name": "bone37",
				"parent": "little_wheel2",
				"pivot": [-15.5, 14, -164],
				"rotation": [0, 180, 0],
				"cubes": [
					{"origin": [-8, 15, -361.58579], "size": [3, 13, 4], "uv": [498, 0], "mirror": true}
				]
			},
			{
				"name": "bone38",
				"parent": "little_wheel2",
				"pivot": [-15.5, 14, -164],
				"rotation": [0, 225, 0],
				"cubes": [
					{"origin": [128.664, 15, -297.52186], "size": [3, 13, 4], "uv": [498, 0], "mirror": true}
				]
			},
			{
				"name": "bone39",
				"parent": "little_wheel2",
				"pivot": [-15.5, 14, -164],
				"rotation": [0, 270, 0],
				"cubes": [
					{"origin": [180, 15, -155.58579], "size": [3, 13, 4], "uv": [498, 0], "mirror": true}
				]
			},
			{
				"name": "bone40",
				"parent": "little_wheel2",
				"pivot": [-15.5, 14, -164],
				"rotation": [0, 315, 0],
				"cubes": [
					{"origin": [115.93607, 15, -18.92179], "size": [3, 13, 4], "uv": [498, 0], "mirror": true}
				]
			},
			{
				"name": "little_wheel3",
				"parent": "bone6",
				"pivot": [-15.5, 14, -164],
				"rotation": [0, 0, -90]
			},
			{
				"name": "bone41",
				"parent": "little_wheel3",
				"pivot": [-15.5, 14, -164],
				"cubes": [
					{"origin": [-27, 15, 21.41421], "size": [3, 13, 4], "uv": [498, 0], "mirror": true}
				]
			},
			{
				"name": "bone42",
				"parent": "little_wheel3",
				"pivot": [-15.5, 14, -164],
				"rotation": [0, 45, 0],
				"cubes": [
					{"origin": [-155.59293, 15, -40.13499], "size": [3, 13, 4], "uv": [498, 0], "mirror": true}
				]
			},
			{
				"name": "bone43",
				"parent": "little_wheel3",
				"pivot": [-15.5, 14, -164],
				"rotation": [0, 90, 0],
				"cubes": [
					{"origin": [-203, 15, -174.58579], "size": [3, 13, 4], "uv": [498, 0], "mirror": true}
				]
			},
			{
				"name": "bone44",
				"parent": "little_wheel3",
				"pivot": [-15.5, 14, -164],
				"rotation": [0, 135, 0],
				"cubes": [
					{"origin": [-141.45079, 15, -303.17872], "size": [3, 13, 4], "uv": [498, 0], "mirror": true}
				]
			},
			{
				"name": "bone45",
				"parent": "little_wheel3",
				"pivot": [-15.5, 14, -164],
				"rotation": [0, 180, 0],
				"cubes": [
					{"origin": [-7, 15, -350.58579], "size": [3, 13, 4], "uv": [498, 0], "mirror": true}
				]
			},
			{
				"name": "bone46",
				"parent": "little_wheel3",
				"pivot": [-15.5, 14, -164],
				"rotation": [0, 225, 0],
				"cubes": [
					{"origin": [121.59293, 15, -289.03658], "size": [3, 13, 4], "uv": [498, 0], "mirror": true}
				]
			},
			{
				"name": "bone47",
				"parent": "little_wheel3",
				"pivot": [-15.5, 14, -164],
				"rotation": [0, 270, 0],
				"cubes": [
					{"origin": [169, 15, -154.58579], "size": [3, 13, 4], "uv": [498, 0], "mirror": true}
				]
			},
			{
				"name": "bone48",
				"parent": "little_wheel3",
				"pivot": [-15.5, 14, -164],
				"rotation": [0, 315, 0],
				"cubes": [
					{"origin": [107.45079, 15, -25.99286], "size": [3, 13, 4], "uv": [498, 0], "mirror": true}
				]
			},
			{
				"name": "little_wheel4",
				"parent": "bone6",
				"pivot": [-15.5, 14, -164],
				"rotation": [0, 0, -90]
			},
			{
				"name": "bone49",
				"parent": "little_wheel4",
				"pivot": [-15.5, 14, -164],
				"cubes": [
					{"origin": [-27, 15, -11.08579], "size": [3, 13, 4], "uv": [498, 0], "mirror": true}
				]
			},
			{
				"name": "bone50",
				"parent": "little_wheel4",
				"pivot": [-15.5, 14, -164],
				"rotation": [0, 45, 0],
				"cubes": [
					{"origin": [-132.61196, 15, -63.11596], "size": [3, 13, 4], "uv": [498, 0], "mirror": true}
				]
			},
			{
				"name": "bone51",
				"parent": "little_wheel4",
				"pivot": [-15.5, 14, -164],
				"rotation": [0, 90, 0],
				"cubes": [
					{"origin": [-170.5, 15, -174.58579], "size": [3, 13, 4], "uv": [498, 0], "mirror": true}
				]
			},
			{
				"name": "bone52",
				"parent": "little_wheel4",
				"pivot": [-15.5, 14, -164],
				"rotation": [0, 135, 0],
				"cubes": [
					{"origin": [-118.46982, 15, -280.19775], "size": [3, 13, 4], "uv": [498, 0], "mirror": true}
				]
			},
			{
				"name": "bone53",
				"parent": "little_wheel4",
				"pivot": [-15.5, 14, -164],
				"rotation": [0, 180, 0],
				"cubes": [
					{"origin": [-7, 15, -318.08579], "size": [3, 13, 4], "uv": [498, 0], "mirror": true}
				]
			},
			{
				"name": "bone54",
				"parent": "little_wheel4",
				"pivot": [-15.5, 14, -164],
				"rotation": [0, 225, 0],
				"cubes": [
					{"origin": [98.61196, 15, -266.05561], "size": [3, 13, 4], "uv": [498, 0], "mirror": true}
				]
			},
			{
				"name": "bone55",
				"parent": "little_wheel4",
				"pivot": [-15.5, 14, -164],
				"rotation": [0, 270, 0],
				"cubes": [
					{"origin": [136.5, 15, -154.58579], "size": [3, 13, 4], "uv": [498, 0], "mirror": true}
				]
			},
			{
				"name": "bone56",
				"parent": "little_wheel4",
				"pivot": [-15.5, 14, -164],
				"rotation": [0, 315, 0],
				"cubes": [
					{"origin": [84.46982, 15, -48.97383], "size": [3, 13, 4], "uv": [498, 0], "mirror": true}
				]
			},
			{
				"name": "bone57",
				"parent": "bone5",
				"pivot": [0, 0, -55],
				"cubes": [
					{"origin": [-32.501, 27.90001, 25.20449], "size": [19.5, 4, 19], "uv": [155, 0], "mirror": true},
					{"origin": [-31.5, 31.50001, 28.50449], "size": [17.5, 1, 15], "uv": [60, 200], "mirror": true},
					{"origin": [-17.5, 32.00001, 28.50449], "size": [1.5, 1, 12], "uv": [170, 206], "mirror": true},
					{"origin": [-29.5, 32.00001, 28.50449], "size": [1.5, 1, 12], "uv": [138, 235], "mirror": true},
					{"origin": [-31.5, 31.50001, 27.50449], "size": [17.5, 6, 1], "uv": [39, 242], "mirror": true},
					{"origin": [-30.5, 29.50001, 18.50449], "size": [3.5, 4, 9], "uv": [207, 243], "mirror": true},
					{"origin": [-18.5, 29.50001, 18.50449], "size": [3.5, 4, 9], "uv": [23, 85], "mirror": true}
				]
			},
			{
				"name": "bone58",
				"parent": "bone5",
				"pivot": [-32, 18, -5.05],
				"rotation": [30, 0, 0],
				"cubes": [
					{"origin": [-32.5, 2.2, 12.615], "size": [1, 9, 29], "uv": [46, 133], "mirror": true},
					{"origin": [-32, 1.2, 12.61545], "size": [1, 2, 29], "uv": [151, 24], "mirror": true}
				]
			},
			{
				"name": "bone59",
				"parent": "bone5",
				"pivot": [-13.85, 19, 41],
				"rotation": [0, 0, -90]
			},
			{
				"name": "bone60",
				"parent": "bone59",
				"pivot": [-13.85, 19, 41]
			},
			{
				"name": "bone61",
				"parent": "bone59",
				"pivot": [-13.85, 19, 41],
				"rotation": [0, -45, 0]
			},
			{
				"name": "bone62",
				"parent": "bone59",
				"pivot": [-13.85, 19, 41],
				"rotation": [0, -90, 0],
				"cubes": [
					{"origin": [-18.35, 35, 30.33579], "size": [9, 2, 10.5], "uv": [128, 135], "mirror": true}
				]
			},
			{
				"name": "bone63",
				"parent": "bone59",
				"pivot": [-13.85, 19, 41],
				"rotation": [0, -135, 0],
				"cubes": [
					{"origin": [-18.35, 35, 30.33579], "size": [9, 2, 10.5], "uv": [238, 200], "mirror": true}
				]
			},
			{
				"name": "bone64",
				"parent": "bone59",
				"pivot": [-13.85, 19, 41],
				"rotation": [0, -180, 0],
				"cubes": [
					{"origin": [-18.35, 34.9, 30.33579], "size": [9, 2, 10.5], "uv": [128, 196], "mirror": true}
				]
			},
			{
				"name": "bone65",
				"parent": "bone59",
				"pivot": [-13.85, 19, 41],
				"rotation": [0, -225, 0],
				"cubes": [
					{"origin": [-18.35, 35, 30.33579], "size": [9, 2, 10.5], "uv": [150, 55], "mirror": true}
				]
			},
			{
				"name": "bone66",
				"parent": "bone59",
				"pivot": [-13.85, 19, 41],
				"rotation": [0, -270, 0]
			},
			{
				"name": "bone67",
				"parent": "bone59",
				"pivot": [-13.85, 19, 41],
				"rotation": [0, -315, 0]
			},
			{
				"name": "bone68",
				"parent": "bone5",
				"pivot": [-13.55, 19, 40],
				"rotation": [0, 0, -90]
			},
			{
				"name": "bone69",
				"parent": "bone68",
				"pivot": [-13.55, 19, 40],
				"cubes": [
					{"origin": [-18.05, 19, 29.33579], "size": [9, 2, 13.5], "uv": [151, 235], "mirror": true}
				]
			},
			{
				"name": "bone70",
				"parent": "bone68",
				"pivot": [-13.55, 19, 40],
				"rotation": [0, -45, 0],
				"cubes": [
					{"origin": [-18.05, 19, 29.33579], "size": [9, 2, 13.5], "uv": [107, 235], "mirror": true}
				]
			},
			{
				"name": "bone71",
				"parent": "bone68",
				"pivot": [-13.55, 19, 40],
				"rotation": [0, -90, 0],
				"cubes": [
					{"origin": [-18.05, 19, 29.33579], "size": [9, 2, 13.5], "uv": [235, 102], "mirror": true}
				]
			},
			{
				"name": "bone72",
				"parent": "bone68",
				"pivot": [-13.55, 19, 40],
				"rotation": [0, -135, 0],
				"cubes": [
					{"origin": [-18.05, 19, 29.33579], "size": [9, 2, 13.5], "uv": [76, 233], "mirror": true}
				]
			},
			{
				"name": "bone73",
				"parent": "bone68",
				"pivot": [-13.55, 19, 40],
				"rotation": [0, -180, 0],
				"cubes": [
					{"origin": [-18.05, 19, 29.33579], "size": [9, 2, 13.5], "uv": [217, 228], "mirror": true}
				]
			},
			{
				"name": "bone74",
				"parent": "bone68",
				"pivot": [-13.55, 19, 40],
				"rotation": [0, -225, 0],
				"cubes": [
					{"origin": [-18.05, 19, 29.33579], "size": [9, 2, 13.5], "uv": [77, 133], "mirror": true}
				]
			},
			{
				"name": "bone75",
				"parent": "bone68",
				"pivot": [-13.55, 19, 40],
				"rotation": [0, -270, 0],
				"cubes": [
					{"origin": [-18.05, 19, 29.33579], "size": [9, 2, 13.5], "uv": [25, 133], "mirror": true}
				]
			},
			{
				"name": "bone76",
				"parent": "bone68",
				"pivot": [-13.55, 19, 40],
				"rotation": [0, -315, 0],
				"cubes": [
					{"origin": [-18.05, 19, 29.33579], "size": [9, 2, 13.5], "uv": [77, 109], "mirror": true}
				]
			},
			{
				"name": "bone77",
				"parent": "bone5",
				"pivot": [0, 37.5, 23.75],
				"rotation": [30, 0, 0]
			},
			{
				"name": "bone78",
				"parent": "bone77",
				"pivot": [-30.5, 12, 17.25],
				"rotation": [-10, 0, 0],
				"cubes": [
					{"origin": [-31.6, 3.57421, 9.51793], "size": [2, 17, 20], "uv": [104, 196], "mirror": true},
					{"origin": [-31.6, 10.57421, 11.51793], "size": [2, 5, 10], "uv": [0, 0], "mirror": true},
					{"origin": [-29.6, 13.57421, 11.51793], "size": [1, 2, 10], "uv": [48, 196], "mirror": true},
					{"origin": [-32, 3.32421, 22.51793], "size": [2.75, 16.25, 1], "uv": [100, 171], "mirror": true},
					{"origin": [-32, 3.32421, 9.51793], "size": [2.75, 16.25, 1], "uv": [69, 145], "mirror": true},
					{"origin": [-32, 3.07421, 13.51793], "size": [3, 6, 6], "uv": [148, 214], "mirror": true},
					{"origin": [-15.5, 3.57421, 9.51793], "size": [2, 20, 19], "uv": [0, 85], "mirror": true}
				]
			},
			{
				"name": "bone79",
				"parent": "bone77",
				"pivot": [-30.5, 12, 22.25],
				"rotation": [60, 0, 0],
				"cubes": [
					{"origin": [-32, 22.7141, 8.68782], "size": [3, 6, 6], "uv": [148, 214], "mirror": true},
					{"origin": [-32, 33.7141, 8.68782], "size": [3, 6, 6], "uv": [148, 214], "mirror": true},
					{"origin": [-32, 43.7141, 8.68782], "size": [3, 6, 6], "uv": [148, 214], "mirror": true},
					{"origin": [-32, 53.7141, 8.68782], "size": [3, 6, 6], "uv": [148, 214], "mirror": true},
					{"origin": [-15.5, 20.7141, 9.18782], "size": [2, 41.25, 21], "uv": [0, 133], "mirror": true}
				]
			}
		]
	}
}