{
	"format_version": "1.10.0",
	"geometry.model": {
		"texturewidth": 512,
		"textureheight": 512,
		"visible_bounds_width": 10,
		"visible_bounds_height": 5.5,
		"visible_bounds_offset": [0, 2.25, 0],
		"bones": [
			{
				"name": "bone38",
				"pivot": [0, 0, 0]
			},
			{
				"name": "bone8",
				"parent": "bone38",
				"pivot": [0, -0.25, -73],
				"cubes": [
					{"origin": [29, 40.25, 11.25], "size": [1, 1, 1], "uv": [331, 19], "mirror": true},
					{"origin": [29, 36.25, 15.25], "size": [1, 5, 1], "uv": [327, 6], "mirror": true},
					{"origin": [25, 40.25, 11.25], "size": [1, 1, 1], "uv": [331, 19], "mirror": true},
					{"origin": [21, 40.25, 11.25], "size": [1, 1, 1], "uv": [331, 19], "mirror": true},
					{"origin": [17, 40.25, 11.25], "size": [1, 1, 1], "uv": [331, 19], "mirror": true},
					{"origin": [17, 36.25, 15.25], "size": [1, 5, 1], "uv": [327, 6], "mirror": true},
					{"origin": [29, 36.25, 22.75], "size": [1, 5, 1], "uv": [327, 6], "mirror": true},
					{"origin": [17, 36.25, 22.75], "size": [1, 5, 1], "uv": [327, 6], "mirror": true},
					{"origin": [29, 36.25, 30.25], "size": [1, 5, 1], "uv": [327, 6], "mirror": true},
					{"origin": [17, 36.25, 30.25], "size": [1, 5, 1], "uv": [327, 6], "mirror": true},
					{"origin": [13, 40.25, 10.25], "size": [1, 1, 1], "uv": [331, 19], "mirror": true},
					{"origin": [5, 40.25, 10.25], "size": [1, 1, 1], "uv": [331, 19], "mirror": true},
					{"origin": [21, 40.25, -35.75], "size": [1, 1, 1], "uv": [331, 19], "mirror": true},
					{"origin": [13, 40.25, -35.75], "size": [1, 1, 1], "uv": [331, 19], "mirror": true},
					{"origin": [17, 40.25, -35.75], "size": [1, 1, 1], "uv": [331, 19], "mirror": true},
					{"origin": [25, 40.25, -35.75], "size": [1, 1, 1], "uv": [331, 19], "mirror": true},
					{"origin": [29, 40.25, -35.75], "size": [1, 1, 1], "uv": [331, 19], "mirror": true},
					{"origin": [5, 40.25, -35.75], "size": [1, 1, 1], "uv": [331, 19], "mirror": true},
					{"origin": [9, 40.25, -45.75], "size": [1, 1, 1], "uv": [331, 19], "mirror": true},
					{"origin": [9, 40.25, -35.75], "size": [1, 1, 1], "uv": [331, 19], "mirror": true},
					{"origin": [27, 39.25, -5.5], "size": [1, 1, 1], "uv": [331, 19], "mirror": true},
					{"origin": [27, 39.25, -1.5], "size": [1, 1, 1], "uv": [331, 19], "mirror": true},
					{"origin": [27, 39.25, -9.5], "size": [1, 1, 1], "uv": [331, 19], "mirror": true},
					{"origin": [27, 39.25, -13.5], "size": [1, 1, 1], "uv": [331, 19], "mirror": true},
					{"origin": [27, 39.25, -17.5], "size": [1, 1, 1], "uv": [331, 19], "mirror": true},
					{"origin": [27, 39.25, -21.5], "size": [1, 1, 1], "uv": [331, 19], "mirror": true},
					{"origin": [27, 39.25, -25.5], "size": [1, 1, 1], "uv": [331, 19], "mirror": true},
					{"origin": [27, 39.25, -29.5], "size": [1, 1, 1], "uv": [331, 19], "mirror": true}
				]
			},
			{
				"name": "bone7",
				"parent": "bone38",
				"pivot": [0, -0.25, -73],
				"cubes": [
					{"origin": [-30, 40.25, 11.25], "size": [1, 1, 1], "uv": [331, 19]},
					{"origin": [-30, 36.25, 15.25], "size": [1, 5, 1], "uv": [327, 6]},
					{"origin": [-26, 40.25, 11.25], "size": [1, 1, 1], "uv": [331, 19]},
					{"origin": [-22, 40.25, 11.25], "size": [1, 1, 1], "uv": [331, 19]},
					{"origin": [-18, 40.25, 11.25], "size": [1, 1, 1], "uv": [331, 19]},
					{"origin": [-17, 36.25, 15.25], "size": [1, 5, 1], "uv": [327, 6]},
					{"origin": [-30, 36.25, 22.75], "size": [1, 5, 1], "uv": [327, 6]},
					{"origin": [-17, 36.25, 22.75], "size": [1, 5, 1], "uv": [327, 6]},
					{"origin": [-30, 36.25, 30.25], "size": [1, 5, 1], "uv": [327, 6]},
					{"origin": [-17, 36.25, 30.25], "size": [1, 5, 1], "uv": [327, 6]},
					{"origin": [-14, 40.25, 10.25], "size": [1, 1, 1], "uv": [331, 19]},
					{"origin": [-6, 40.25, 10.25], "size": [1, 1, 1], "uv": [331, 19]},
					{"origin": [-22, 40.25, -35.75], "size": [1, 1, 1], "uv": [331, 19]},
					{"origin": [-14, 40.25, -35.75], "size": [1, 1, 1], "uv": [331, 19]},
					{"origin": [-18, 40.25, -35.75], "size": [1, 1, 1], "uv": [331, 19]},
					{"origin": [-26, 40.25, -35.75], "size": [1, 1, 1], "uv": [331, 19]},
					{"origin": [-30, 40.25, -35.75], "size": [1, 1, 1], "uv": [331, 19]},
					{"origin": [-6, 40.25, -35.75], "size": [1, 1, 1], "uv": [331, 19]},
					{"origin": [5, 40.25, -45.75], "size": [1, 1, 1], "uv": [331, 19], "mirror": true},
					{"origin": [29, 40.25, -45.75], "size": [1, 1, 1], "uv": [331, 19], "mirror": true},
					{"origin": [25, 40.25, -45.75], "size": [1, 1, 1], "uv": [331, 19], "mirror": true},
					{"origin": [17, 40.25, -45.75], "size": [1, 1, 1], "uv": [331, 19], "mirror": true},
					{"origin": [13, 40.25, -45.75], "size": [1, 1, 1], "uv": [331, 19], "mirror": true},
					{"origin": [21, 40.25, -45.75], "size": [1, 1, 1], "uv": [331, 19], "mirror": true},
					{"origin": [-22, 40.25, -45.75], "size": [1, 1, 1], "uv": [331, 19]},
					{"origin": [-14, 40.25, -45.75], "size": [1, 1, 1], "uv": [331, 19]},
					{"origin": [-18, 40.25, -45.75], "size": [1, 1, 1], "uv": [331, 19]},
					{"origin": [-26, 40.25, -45.75], "size": [1, 1, 1], "uv": [331, 19]},
					{"origin": [-30, 40.25, -45.75], "size": [1, 1, 1], "uv": [331, 19]},
					{"origin": [-6, 40.25, -45.75], "size": [1, 1, 1], "uv": [331, 19]},
					{"origin": [-10, 40.25, -35.75], "size": [1, 1, 1], "uv": [331, 19]},
					{"origin": [-10, 40.25, -45.75], "size": [1, 1, 1], "uv": [331, 19]},
					{"origin": [-28, 39.25, -5.5], "size": [1, 1, 1], "uv": [331, 19]},
					{"origin": [-28, 39.25, -1.5], "size": [1, 1, 1], "uv": [331, 19]},
					{"origin": [-28, 39.25, -9.5], "size": [1, 1, 1], "uv": [331, 19]},
					{"origin": [-28, 39.25, -13.5], "size": [1, 1, 1], "uv": [331, 19]},
					{"origin": [-28, 39.25, -17.5], "size": [1, 1, 1], "uv": [331, 19]},
					{"origin": [-28, 39.25, -21.5], "size": [1, 1, 1], "uv": [331, 19]},
					{"origin": [-28, 39.25, -25.5], "size": [1, 1, 1], "uv": [331, 19]},
					{"origin": [-28, 39.25, -29.5], "size": [1, 1, 1], "uv": [331, 19]}
				]
			},
			{
				"name": "bone9",
				"parent": "bone7",
				"pivot": [0, -0.25, -73],
				"cubes": [
					{"origin": [-13, 36.25, 15.25], "size": [1, 1, 1], "uv": [342, 13]},
					{"origin": [-9, 36.25, 15.25], "size": [1, 1, 1], "uv": [342, 13]},
					{"origin": [-5, 36.25, 15.25], "size": [1, 1, 1], "uv": [342, 13]},
					{"origin": [-0.5, 36.25, 15.25], "size": [1, 1, 1], "uv": [342, 13]},
					{"origin": [4, 36.25, 15.25], "size": [1, 1, 1], "uv": [342, 13], "mirror": true},
					{"origin": [8, 36.25, 15.25], "size": [1, 1, 1], "uv": [342, 13], "mirror": true},
					{"origin": [12, 36.25, 15.25], "size": [1, 1, 1], "uv": [342, 13], "mirror": true}
				]
			},
			{
				"name": "bone160",
				"parent": "bone38",
				"pivot": [4.5, 35, -108]
			},
			{
				"name": "bone36",
				"parent": "bone160",
				"pivot": [4.5, 35, -108]
			},
			{
				"name": "track",
				"parent": "bone36",
				"pivot": [24.5, 35, -108],
				"cubes": [
					{"origin": [15.5, 0.1, -48.05], "size": [15, 1, 81.1], "uv": [0, 314]}
				]
			},
			{
				"name": "little_wheel",
				"parent": "bone36",
				"pivot": [15.5, 13, -47],
				"rotation": [0, 0, 90]
			},
			{
				"name": "bone75",
				"parent": "little_wheel",
				"pivot": [15.5, 13, -47],
				"cubes": [
					{"origin": [23, 14, -44.58579], "size": [3, 13, 4], "uv": [0, 0]}
				]
			},
			{
				"name": "bone76",
				"parent": "little_wheel",
				"pivot": [15.5, 13, -47],
				"rotation": [0, -45, 0],
				"cubes": [
					{"origin": [22.48528, 14, -51.82843], "size": [3, 13, 4], "uv": [0, 0]}
				]
			},
			{
				"name": "bone77",
				"parent": "little_wheel",
				"pivot": [15.5, 13, -47],
				"rotation": [0, -90, 0],
				"cubes": [
					{"origin": [17, 14, -56.58579], "size": [3, 13, 4], "uv": [0, 0]}
				]
			},
			{
				"name": "bone78",
				"parent": "little_wheel",
				"pivot": [15.5, 13, -47],
				"rotation": [0, -135, 0],
				"cubes": [
					{"origin": [9.75736, 14, -56.07107], "size": [3, 13, 4], "uv": [0, 0]}
				]
			},
			{
				"name": "bone79",
				"parent": "little_wheel",
				"pivot": [15.5, 13, -47],
				"rotation": [0, -180, 0],
				"cubes": [
					{"origin": [5, 14, -50.58579], "size": [3, 13, 4], "uv": [0, 0]}
				]
			},
			{
				"name": "bone80",
				"parent": "little_wheel",
				"pivot": [15.5, 13, -47],
				"rotation": [0, -225, 0],
				"cubes": [
					{"origin": [5.51472, 14, -43.34315], "size": [3, 13, 4], "uv": [0, 0]}
				]
			},
			{
				"name": "bone81",
				"parent": "little_wheel",
				"pivot": [15.5, 13, -47],
				"rotation": [0, -270, 0],
				"cubes": [
					{"origin": [11, 14, -38.58579], "size": [3, 13, 4], "uv": [0, 0]}
				]
			},
			{
				"name": "bone82",
				"parent": "little_wheel",
				"pivot": [15.5, 13, -47],
				"rotation": [0, -315, 0],
				"cubes": [
					{"origin": [18.24264, 14, -39.10051], "size": [3, 13, 4], "uv": [0, 0]}
				]
			},
			{
				"name": "little_wheel2",
				"parent": "bone36",
				"pivot": [15.5, 13, -43],
				"rotation": [0, 0, 90]
			},
			{
				"name": "bone10",
				"parent": "little_wheel2",
				"pivot": [15.5, 13, -43],
				"cubes": [
					{"origin": [23, 14, 26.41421], "size": [3, 13, 4], "uv": [0, 0]}
				]
			},
			{
				"name": "bone11",
				"parent": "little_wheel2",
				"pivot": [15.5, 13, -43],
				"rotation": [0, -45, 0],
				"cubes": [
					{"origin": [69.86144, 14, -0.45227], "size": [3, 13, 4], "uv": [0, 0]}
				]
			},
			{
				"name": "bone12",
				"parent": "little_wheel2",
				"pivot": [15.5, 13, -43],
				"rotation": [0, -90, 0],
				"cubes": [
					{"origin": [84, 14, -52.58579], "size": [3, 13, 4], "uv": [0, 0]}
				]
			},
			{
				"name": "bone13",
				"parent": "little_wheel2",
				"pivot": [15.5, 13, -43],
				"rotation": [0, -135, 0],
				"cubes": [
					{"origin": [57.13351, 14, -99.44722], "size": [3, 13, 4], "uv": [0, 0]}
				]
			},
			{
				"name": "bone14",
				"parent": "little_wheel2",
				"pivot": [15.5, 13, -43],
				"rotation": [0, -180, 0],
				"cubes": [
					{"origin": [5, 14, -113.58579], "size": [3, 13, 4], "uv": [0, 0]}
				]
			},
			{
				"name": "bone15",
				"parent": "little_wheel2",
				"pivot": [15.5, 13, -43],
				"rotation": [0, -225, 0],
				"cubes": [
					{"origin": [-41.86144, 14, -86.7193], "size": [3, 13, 4], "uv": [0, 0]}
				]
			},
			{
				"name": "bone16",
				"parent": "little_wheel2",
				"pivot": [15.5, 13, -43],
				"rotation": [0, -270, 0],
				"cubes": [
					{"origin": [-56, 14, -34.58579], "size": [3, 13, 4], "uv": [0, 0]}
				]
			},
			{
				"name": "bone17",
				"parent": "little_wheel2",
				"pivot": [15.5, 13, -43],
				"rotation": [0, -315, 0],
				"cubes": [
					{"origin": [-29.13351, 14, 12.27565], "size": [3, 13, 4], "uv": [0, 0]}
				]
			},
			{
				"name": "bone",
				"parent": "bone160",
				"pivot": [4.5, 35, -108],
				"cubes": [
					{"origin": [-32.5, 9, -39.95], "size": [65, 28, 73], "uv": [0, 0]},
					{"origin": [-32.5, 9, -46.95], "size": [65, 32, 7], "uv": [0, 270]},
					{"origin": [-1.5, 41, -45.95], "size": [3, 1, 3], "uv": [167, 279]},
					{"origin": [-1.5, 41, -41.95], "size": [3, 1, 3], "uv": [167, 279]},
					{"origin": [-1.5, 41, -37.95], "size": [3, 1, 3], "uv": [167, 279]},
					{"origin": [-28.5, 37, -39.95], "size": [57, 4, 8], "uv": [184, 101]},
					{"origin": [-15.5, 38, -31.95], "size": [31, 3, 34], "uv": [81, 179]},
					{"origin": [17.5, 37, -29.95], "size": [11, 3, 30], "uv": [181, 194]},
					{"origin": [-28.5, 37, -29.95], "size": [11, 3, 30], "uv": [184, 112]},
					{"origin": [-28.5, 37, 2.05], "size": [57, 4, 11], "uv": [177, 179]},
					{"origin": [15.5, 40, 13.05], "size": [13, 1, 20], "uv": [0, 101]},
					{"origin": [15.5, 38, 13.05], "size": [13, 1, 20], "uv": [0, 42]},
					{"origin": [-28.5, 40, 13.05], "size": [14, 1, 20], "uv": [0, 21]},
					{"origin": [-28.5, 38, 13.05], "size": [14, 1, 20], "uv": [0, 0]},
					{"origin": [28.5, 37, -39.95], "size": [4, 4, 73], "uv": [0, 175]},
					{"origin": [-32.5, 37, -39.95], "size": [4, 4, 73], "uv": [103, 102]}
				]
			},
			{
				"name": "bone5",
				"parent": "bone",
				"pivot": [4.5, 37, -108],
				"cubes": [
					{"origin": [12.5, 41, -27.95], "size": [1, 2, 1], "uv": [0, 509]},
					{"origin": [12.5, 41, -30.95], "size": [1, 2, 1], "uv": [0, 509]},
					{"origin": [12.5, 42, -29.95], "size": [1, 1, 2], "uv": [0, 509]},
					{"origin": [12.5, 42, -12.95], "size": [1, 1, 2], "uv": [0, 509]},
					{"origin": [12.5, 41, -13.95], "size": [1, 2, 1], "uv": [0, 509]},
					{"origin": [12.5, 41, -10.95], "size": [1, 2, 1], "uv": [0, 509]},
					{"origin": [12.5, 42, -0.95], "size": [1, 1, 2], "uv": [0, 509]},
					{"origin": [12.5, 41, -1.95], "size": [1, 2, 1], "uv": [0, 509]},
					{"origin": [12.5, 41, 1.05], "size": [1, 2, 1], "uv": [0, 509]},
					{"origin": [-13.5, 41, -30.95], "size": [1, 2, 1], "uv": [0, 509]},
					{"origin": [-13.5, 42, -29.95], "size": [1, 1, 2], "uv": [0, 509]},
					{"origin": [-13.5, 41, -27.95], "size": [1, 2, 1], "uv": [0, 509]},
					{"origin": [-13.5, 41, -13.95], "size": [1, 2, 1], "uv": [0, 509]},
					{"origin": [-13.5, 42, -12.95], "size": [1, 1, 2], "uv": [0, 509]},
					{"origin": [-13.5, 41, -10.95], "size": [1, 2, 1], "uv": [0, 509]},
					{"origin": [-13.5, 41, -1.95], "size": [1, 2, 1], "uv": [0, 509]},
					{"origin": [-13.5, 42, -0.95], "size": [1, 1, 2], "uv": [0, 509]},
					{"origin": [-11.5, 38, 23.05], "size": [1, 2, 1], "uv": [0, 509]},
					{"origin": [-11.5, 38, 26.05], "size": [1, 2, 1], "uv": [0, 509]},
					{"origin": [-11.5, 39, 24.05], "size": [1, 1, 2], "uv": [0, 509]},
					{"origin": [10.5, 38, 23.05], "size": [1, 2, 1], "uv": [0, 509]},
					{"origin": [10.5, 38, 26.05], "size": [1, 2, 1], "uv": [0, 509]},
					{"origin": [10.5, 39, 24.05], "size": [1, 1, 2], "uv": [0, 509]},
					{"origin": [-13.5, 41, 1.05], "size": [1, 2, 1], "uv": [0, 509]}
				]
			},
			{
				"name": "bone3",
				"parent": "bone",
				"pivot": [4.5, 37, -108],
				"cubes": [
					{"origin": [-5.5, 42, -30.95], "size": [5, 5, 33], "uv": [121, 219], "mirror": true},
					{"origin": [-4.5, 43, 2.05], "size": [3, 3, 13], "uv": [103, 101], "mirror": true},
					{"origin": [-4.5, 40, -10.95], "size": [3, 3, 3], "uv": [59, 35], "mirror": true},
					{"origin": [-4.5, 40, -27.95], "size": [3, 3, 3], "uv": [60, 42], "mirror": true}
				]
			},
			{
				"name": "bone177",
				"parent": "bone",
				"pivot": [-4.5, 37, -108],
				"cubes": [
					{"origin": [0.5, 42, -30.95], "size": [5, 5, 33], "uv": [121, 219]},
					{"origin": [1.5, 43, 2.05], "size": [3, 3, 13], "uv": [103, 101]},
					{"origin": [1.5, 40, -10.95], "size": [3, 3, 3], "uv": [59, 35]},
					{"origin": [1.5, 40, -27.95], "size": [3, 3, 3], "uv": [60, 42]}
				]
			},
			{
				"name": "bone6",
				"parent": "bone",
				"pivot": [-3.5, 42.5, 14.05],
				"rotation": [0, -20, 0],
				"cubes": [
					{"origin": [-4.52859, 43, 14.30565], "size": [3.25, 3, 2], "uv": [60, 48], "mirror": true}
				]
			},
			{
				"name": "bone4",
				"parent": "bone",
				"pivot": [3.5, 42.5, 14.05],
				"rotation": [0, 20, 0],
				"cubes": [
					{"origin": [1.27859, 43, 14.30565], "size": [3.25, 3, 2], "uv": [60, 48]}
				]
			},
			{
				"name": "bone178",
				"parent": "bone",
				"pivot": [4.5, 38, -108],
				"cubes": [
					{"origin": [-4.5, 47, 6.05], "size": [9, 1, 3], "uv": [0, 63]},
					{"origin": [-0.5, 42, 7.05], "size": [1, 7, 1], "uv": [14, 0]}
				]
			},
			{
				"name": "bone2",
				"parent": "bone160",
				"pivot": [0, 37.5, -96.75],
				"rotation": [-30, 0, 0]
			},
			{
				"name": "bone34",
				"parent": "bone2",
				"pivot": [30.5, 12, -95.25],
				"rotation": [-60, 0, 0],
				"cubes": [
					{"origin": [29.5, 72.9141, -90.18782], "size": [2, 80.35, 8], "uv": [197, 227]},
					{"origin": [29, 82.7141, -87.68782], "size": [3, 6, 6], "uv": [122, 117]},
					{"origin": [29, 72.7141, -87.68782], "size": [3, 6, 6], "uv": [122, 117]},
					{"origin": [29, 92.7141, -87.68782], "size": [3, 6, 6], "uv": [122, 117]},
					{"origin": [29, 103.7141, -87.68782], "size": [3, 6, 6], "uv": [122, 117]},
					{"origin": [29, 113.7141, -87.68782], "size": [3, 6, 6], "uv": [122, 117]},
					{"origin": [29, 123.7141, -87.68782], "size": [3, 6, 6], "uv": [122, 117]},
					{"origin": [29, 132.7141, -87.68782], "size": [3, 6, 6], "uv": [122, 117]},
					{"origin": [29, 142.7141, -87.68782], "size": [3, 6, 6], "uv": [122, 117]},
					{"origin": [13.5, 72.7141, -90.18782], "size": [2, 80.25, 8], "uv": [217, 227]}
				]
			},
			{
				"name": "bone18",
				"parent": "bone2",
				"pivot": [-30.5, 12, -95.25],
				"rotation": [-60, 0, 0],
				"cubes": [
					{"origin": [-31.5, 72.9141, -90.18782], "size": [2, 80.35, 8], "uv": [197, 227], "mirror": true},
					{"origin": [-32, 82.7141, -87.68782], "size": [3, 6, 6], "uv": [122, 117], "mirror": true},
					{"origin": [-32, 72.7141, -87.68782], "size": [3, 6, 6], "uv": [122, 117], "mirror": true},
					{"origin": [-32, 92.7141, -87.68782], "size": [3, 6, 6], "uv": [122, 117], "mirror": true},
					{"origin": [-32, 103.7141, -87.68782], "size": [3, 6, 6], "uv": [122, 117], "mirror": true},
					{"origin": [-32, 113.7141, -87.68782], "size": [3, 6, 6], "uv": [122, 117], "mirror": true},
					{"origin": [-32, 124.7141, -87.68782], "size": [3, 6, 6], "uv": [122, 117], "mirror": true},
					{"origin": [-32, 134.7141, -87.68782], "size": [3, 6, 6], "uv": [122, 117], "mirror": true},
					{"origin": [-32, 144.7141, -87.68782], "size": [3, 6, 6], "uv": [122, 117], "mirror": true},
					{"origin": [-15.5, 72.7141, -90.18782], "size": [2, 80.25, 8], "uv": [217, 227], "mirror": true}
				]
			},
			{
				"name": "bone19",
				"parent": "bone160",
				"pivot": [-4.5, 35, -108]
			},
			{
				"name": "track2",
				"parent": "bone19",
				"pivot": [-24.5, 35, -108],
				"cubes": [
					{"origin": [-30.5, 0.1, -48.05], "size": [15, 1, 81.1], "uv": [0, 314], "mirror": true}
				]
			},
			{
				"name": "little_wheel3",
				"parent": "bone19",
				"pivot": [-15.5, 13, -47],
				"rotation": [0, 0, -90]
			},
			{
				"name": "bone20",
				"parent": "little_wheel3",
				"pivot": [-15.5, 13, -47],
				"cubes": [
					{"origin": [-26, 14, -44.58579], "size": [3, 13, 4], "uv": [0, 0], "mirror": true}
				]
			},
			{
				"name": "bone21",
				"parent": "little_wheel3",
				"pivot": [-15.5, 13, -47],
				"rotation": [0, 45, 0],
				"cubes": [
					{"origin": [-25.48528, 14, -51.82843], "size": [3, 13, 4], "uv": [0, 0], "mirror": true}
				]
			},
			{
				"name": "bone22",
				"parent": "little_wheel3",
				"pivot": [-15.5, 13, -47],
				"rotation": [0, 90, 0],
				"cubes": [
					{"origin": [-20, 14, -56.58579], "size": [3, 13, 4], "uv": [0, 0], "mirror": true}
				]
			},
			{
				"name": "bone23",
				"parent": "little_wheel3",
				"pivot": [-15.5, 13, -47],
				"rotation": [0, 135, 0],
				"cubes": [
					{"origin": [-12.75736, 14, -56.07107], "size": [3, 13, 4], "uv": [0, 0], "mirror": true}
				]
			},
			{
				"name": "bone24",
				"parent": "little_wheel3",
				"pivot": [-15.5, 13, -47],
				"rotation": [0, 180, 0],
				"cubes": [
					{"origin": [-8, 14, -50.58579], "size": [3, 13, 4], "uv": [0, 0], "mirror": true}
				]
			},
			{
				"name": "bone25",
				"parent": "little_wheel3",
				"pivot": [-15.5, 13, -47],
				"rotation": [0, 225, 0],
				"cubes": [
					{"origin": [-8.51472, 14, -43.34315], "size": [3, 13, 4], "uv": [0, 0], "mirror": true}
				]
			},
			{
				"name": "bone26",
				"parent": "little_wheel3",
				"pivot": [-15.5, 13, -47],
				"rotation": [0, 270, 0],
				"cubes": [
					{"origin": [-14, 14, -38.58579], "size": [3, 13, 4], "uv": [0, 0], "mirror": true}
				]
			},
			{
				"name": "bone27",
				"parent": "little_wheel3",
				"pivot": [-15.5, 13, -47],
				"rotation": [0, 315, 0],
				"cubes": [
					{"origin": [-21.24264, 14, -39.10051], "size": [3, 13, 4], "uv": [0, 0], "mirror": true}
				]
			},
			{
				"name": "little_wheel4",
				"parent": "bone19",
				"pivot": [-15.5, 13, -43],
				"rotation": [0, 0, -90]
			},
			{
				"name": "bone28",
				"parent": "little_wheel4",
				"pivot": [-15.5, 13, -43],
				"cubes": [
					{"origin": [-26, 14, 26.41421], "size": [3, 13, 4], "uv": [0, 0], "mirror": true}
				]
			},
			{
				"name": "bone29",
				"parent": "little_wheel4",
				"pivot": [-15.5, 13, -43],
				"rotation": [0, 45, 0],
				"cubes": [
					{"origin": [-72.86144, 14, -0.45227], "size": [3, 13, 4], "uv": [0, 0], "mirror": true}
				]
			},
			{
				"name": "bone30",
				"parent": "little_wheel4",
				"pivot": [-15.5, 13, -43],
				"rotation": [0, 90, 0],
				"cubes": [
					{"origin": [-87, 14, -52.58579], "size": [3, 13, 4], "uv": [0, 0], "mirror": true}
				]
			},
			{
				"name": "bone31",
				"parent": "little_wheel4",
				"pivot": [-15.5, 13, -43],
				"rotation": [0, 135, 0],
				"cubes": [
					{"origin": [-60.13351, 14, -99.44722], "size": [3, 13, 4], "uv": [0, 0], "mirror": true}
				]
			},
			{
				"name": "bone32",
				"parent": "little_wheel4",
				"pivot": [-15.5, 13, -43],
				"rotation": [0, 180, 0],
				"cubes": [
					{"origin": [-8, 14, -113.58579], "size": [3, 13, 4], "uv": [0, 0], "mirror": true}
				]
			},
			{
				"name": "bone33",
				"parent": "little_wheel4",
				"pivot": [-15.5, 13, -43],
				"rotation": [0, 225, 0],
				"cubes": [
					{"origin": [38.86144, 14, -86.7193], "size": [3, 13, 4], "uv": [0, 0], "mirror": true}
				]
			},
			{
				"name": "bone35",
				"parent": "little_wheel4",
				"pivot": [-15.5, 13, -43],
				"rotation": [0, 270, 0],
				"cubes": [
					{"origin": [53, 14, -34.58579], "size": [3, 13, 4], "uv": [0, 0], "mirror": true}
				]
			},
			{
				"name": "bone37",
				"parent": "little_wheel4",
				"pivot": [-15.5, 13, -43],
				"rotation": [0, 315, 0],
				"cubes": [
					{"origin": [26.13351, 14, 12.27565], "size": [3, 13, 4], "uv": [0, 0], "mirror": true}
				]
			}
		]
	}
}